time,solve_mode,solver_status,u0,s,psdf,mf_probability_sum,mf_slack
0.0,sqp_rti,0,"[0.09056452079063243,-1.8401616167143786e-08,0.09928019435193981]",0.02573940773605194,0.10499998927116394,"[-2.980232227667301e-09,-2.980232227667301e-09,-2.980232227667301e-09,-2.980232227667301e-09,-2.980232227667301e-09,-2.980232227667301e-09,-2.980232227667301e-09,-2.980232227667301e-09,-2.980232227667301e-09,-2.980232227667301e-09,-2.980232227667301e-09,-2.980232227667301e-09,-2.980232227667301e-09,-2.980232227667301e-09,-2.980232227667301e-09,-2.980232227667301e-09,-2.980232227667301e-09,-2.980232227667301e-09,-2.980232227667301e-09,-2.980232227667301e-09,-2.980232227667301e-09]","[null,1.965004524259814e-12,1.965004524259814e-12,1.965004524259814e-12,1.965004524259814e-12,1.965004524259814e-12,1.965004524259814e-12,1.965004524259814e-12,1.965004524259814e-12,1.965004524259814e-12,1.965004524259814e-12,1.965004524259814e-12,1.965004524259814e-12,1.965004524259814e-12,1.965004524259814e-12,1.965004524259814e-12,1.965004524259814e-12,1.965004524259814e-12,1.965004524259814e-12,1.965004524259814e-12,9.976293036811036e-13]"
0.1,sqp_rti,0,"[0.07138475020398516,0.7664618653311623,0.07593380750298152]",0.03388035113711478,0.10499998927116394,"[-2.980232227667301e-09,-2.980232227667301e-09,-2.980232227667301e-09,-2.980232227667301e-09,-2.980232227667301e-09,-2.980232227667301e-09,-2.980232227667301e-09,-2.980232227667301e-09,-2.980232227667301e-09,-2.980232227667301e-09,-2.980232227667301e-09,-2.980232227667301e-09,-2.980232227667301e-09,-2.980232227667301e-09,-2.980232227667301e-09,-2.980232227667301e-09,-2.980232227667301e-09,-2.980232227667301e-09,-2.980232227667301e-09,-2.981231900234249e-09,-2.980232227667301e-09]","[null,4.091994359703092e-13,4.091994359703092e-13,4.091994359703092e-13,4.091994359703092e-13,4.091994359703092e-13,4.091994359703092e-13,4.091994359703092e-13,4.091994359703092e-13,4.091994359703092e-13,4.091994359703092e-13,4.091994359703092e-13,4.091994359703092e-13,4.091994359703092e-13,4.091994359703092e-13,4.091994359703092e-13,4.091994359703092e-13,4.091994359703092e-13,4.091994359703092e-13,4.091994357941197e-13,5.875459420112915e-13]"
0.2,sqp_rti,0,"[0.06837814719712555,0.8546418335798777,0.08170659201030889]",0.03934590435012977,0.09938926994800568,"[-2.980232227667301e-09,-2.980232227667301e-09,-2.980232227667301e-09,-2.980232227667301e-09,-2.980232227667301e-09,-2.980232227667301e-09,-2.980232227667301e-09,-2.9802321166449985e-09,-2.9207657958885136e-09,8.587824062988858e-10,4.474546013016889e-06,0.0009510331438381536,0.019080562918153576,0.07168354416350847,0.09359327404301904,0.08872432908666311,0.12046107867562955,0.16179493699600594,0.20440553390796962,0.24718003138810368,0.293060210167911]","[null,5.812431473259618e-12,5.812431473259618e-12,5.812431473259618e-12,5.812431473259618e-12,5.812431473259618e-12,5.812431473259618e-12,5.812431473259618e-12,5.812431473385349e-12,5.812432239943549e-12,5.812839823191425e-12,5.839708254171214e-12,5.8985594308155175e-12,5.755855197261308e-12,5.7708810211069685e-12,5.797703640442154e-12,5.757453669532019e-12,5.755438197435661e-12,5.756305640283671e-12,5.754198388682566e-12,1.297564612723131e-12]"
0.30000000000000004,sqp_rti,0,"[0.09808832765717307,0.566617632918524,0.09010867266139133]",0.04946181009239886,0.09296132624149323,"[-2.980232227667301e-09,-2.980232227667301e-09,-2.980232227667301e-09,-2.980232227667301e-09,-2.980232227667301e-09,-2.980232227667301e-09,-2.9763077835642804e-09,-4.6498707384490245e-09,8.08979647992647e-07,0.0002930774008053916,0.011044691049912958,0.059883981766901295,0.10296956072432667,0.09895853653100933,0.09112153993236599,0.0984811049106325,0.1250645172475076,0.18672222341426387,0.31191581988243283,0.4938299601945893,0.6691990342457206]","[null,9.456132148983192e-17,9.456132148983192e-17,9.456132148983192e-17,9.456132148983192e-17,9.456132148983192e-17,9.456132149306309e-17,9.456132821390557e-17,9.456665467543904e-17,9.499160700213144e-17,9.606041917882119e-17,9.329515471740502e-17,9.32766608588388e-17,9.37814101683132e-17,9.458694226223888e-17,9.363968258342849e-17,9.377373160578323e-17,9.423864607153735e-17,9.322796103648327e-17,9.376906242648814e-17,2.0353882057603764e-17]"
0.4,sqp_rti,0,"[0.10481347802509626,0.8423542904827455,0.10524840720969206]",0.058017640999410654,0.08768849074840546,"[-2.980232227667301e-09,-2.980232227667301e-09,-2.980232227667301e-09,-2.980232227667301e-09,-2.980232227667301e-09,-2.9037444393420486e-09,-9.60133952898623e-09,2.0203998110340793e-05,0.0013642604379364154,0.015754674712992356,0.06234062517787292,0.12681303448391673,0.17740895096587944,0.19578682802894481,0.23231395968170593,0.2848264690409639,0.3529234839959859,0.4549041863346684,0.5393371818827537,0.6113757669224416,0.7030900543115477]","[null,2.408349126842245e-15,2.408349126842245e-15,2.408349126842245e-15,2.4083491264286546e-15,2.4083491264286546e-15,2.4083512138221616e-15,2.4076072952455142e-15,2.4015456423432203e-15,2.416163986623002e-15,2.375322314981792e-15,2.380762317823842e-15,2.4084055844781417e-15,2.426905009016684e-15,2.4071113255955185e-15,2.374988104672027e-15,2.361724323788521e-15,2.363490656401256e-15,2.374548866548415e-15,2.5558569223324142e-15,9.38309080792422e-16]"
0.5,sqp_rti,0,"[0.10104726020759959,0.6280620497854932,0.09887481207504127]",0.06780610336561782,0.08028911799192429,"[-2.980232227667301e-09,-2.980232227667301e-09,-2.980232227667301e-09,-2.9802317003113643e-09,3.6337148290321863e-09,6.459176501993902e-07,0.0005418080279940285,0.016500900092106308,0.07204109862479796,0.10725795375830921,0.09707175793536288,0.08544044459271666,0.10577458917681432,0.1599548405904921,0.28157473374647674,0.48563584522287134,0.7102978570230654,0.5914831884742424,0.5396126662692715,0.6160755109141947,null]","[null,9.071270063518188e-16,9.071270063518188e-16,9.071270063518188e-16,9.071270178547992e-16,9.072460141060918e-16,9.199985635729572e-16,9.04638310826809e-16,8.852791692016343e-16,8.863038434215038e-16,9.06826630856884e-16,9.035525746834204e-16,8.892538277083907e-16,9.063106019025505e-16,8.968335708382895e-16,8.798556565992988e-16,9.071270064972217e-16,9.071270065295334e-16,9.07127006503684e-16,9.071270065198399e-16,3.7506169974922734e-16]"
0.6,sqp_rti,0,"[0.1487471217329559,0.23872381091176254,0.11857920682195247]",0.08283368360289749,0.07375261932611465,"[-2.980232227667301e-09,-2.980232227667301e-09,-2.980232227667301e-09,-2.9796254630287677e-09,-8.352287556023796e-09,2.4938639494515025e-05,0.0034419737248118087,0.04390634475562222,0.15075976490775594,0.2468340345572571,0.283576266995939,0.33064517753839856,0.3829334703952066,0.46493303644329026,0.5381298495795643,0.6042725258045081,0.6667669458480103,0.7151104322616739,0.7666918935740858,0.8394576696013492,0.7981520377175151]","[null,5.471971853035288e-16,5.471971853035288e-16,5.471971853037308e-16,5.471972618066283e-16,5.470830567536666e-16,5.497221732632077e-16,5.486507770964631e-16,5.440510493941529e-16,5.432035833205088e-16,5.450346392711738e-16,5.476722220412447e-16,5.468485716695445e-16,5.435329626372044e-16,5.429758654563118e-16,5.428628465971102e-16,5.431996381621449e-16,5.466382676425011e-16,5.72125465914611e-16,5.580143626962483e-16,9.639770068173613e-17]"
0.7,sqp_rti,0,"[0.11970187075534194,1.1364138950506095,0.10093877720672842]",0.09297572544490204,0.0671638548374176,"[-2.980232227667301e-09,-2.980232227667301e-09,4.214669335755872e-09,4.649496113368068e-06,0.00018068563486886569,0.0009243730553681606,0.0026809769648794,0.0066154001916888805,0.015002560873838833,0.05124848900294615,0.17340385072322634,0.34530153168975525,0.5140465134037295,0.5660043138289363,0.5582146154500112,0.5699677009531221,0.48530505667291096,0.3075532245230484,0.20571920332954347,0.5468791319808826,0.8593566441215221]","[null,2.830521423277093e-13,2.8305214257871984e-13,2.830436781619345e-13,2.8242412653158517e-13,2.823668489487188e-13,2.824500279001573e-13,2.8260656660040253e-13,2.837311828022399e-13,2.8367280647758185e-13,2.8300660364066207e-13,2.811801517768487e-13,2.807814113050998e-13,2.830521423183005e-13,2.8305214231830537e-13,2.8119793497548766e-13,2.8166457739325187e-13,2.8382256510651796e-13,2.858497890458801e-13,2.8428211019020243e-13,7.986433059151847e-14]"
0.7999999999999999,sqp_rti,0,"[0.12924679939972722,0.5274930644832625,0.0982612923975864]",0.10465055199062556,0.057140085846185684,"[-2.980232227667301e-09,-2.980232227667301e-09,-5.3282085410444324e-09,7.813849694610076e-05,0.01913690115056127,0.18560288178851342,0.30837973300868243,0.22344086940445146,0.16013833727594068,0.1611926947412246,0.1688141306560283,0.17143722478351747,0.17013307835036678,0.17817483251816918,0.2329348779647658,0.306632999009995,0.4083643495409926,0.4558477953505589,0.5889981050941315,0.6349430472745066,0.40528211685530097]","[null,1.5049435620165112e-15,1.5049435940939937e-15,1.5051584686923657e-15,1.5169068814829364e-15,1.5015754941653357e-15,1.5023359419496593e-15,1.5010253391532697e-15,1.4999554783757118e-15,1.4993787600999121e-15,1.4994153394063106e-15,1.4997405662442215e-15,1.500504722435943e-15,1.5014555726119577e-15,1.503194862687544e-15,1.5092293494933931e-15,1.5046312012603528e-15,1.506064275201094e-15,1.50814154949641e-15,1.5371466659568385e-15,4.088794529415674e-16]"
0.8999999999999999,sqp_rti,0,"[0.08906181390075527,0.8985691973419226,0.07851082602606434]",0.11366492920096591,0.04883963614702225,"[-2.980232227667301e-09,-2.915594127239629e-09,6.579819849711344e-05,0.004810839198331612,0.017135608800760427,0.018651345120726248,0.01313429161928531,0.012560090561037074,0.015259061639734062,0.021564537649226223,0.04105908013788856,0.0883487751564534,0.2492026917960704,0.44030025499029507,0.44811567808827296,0.37577750121890646,0.3269310703746127,2.5931874714224534e-07,0.23298680714031922,0.5400111060015165,0.7441276699636832]","[null,6.143918678396221e-17,6.146029100966856e-17,6.14675022125271e-17,6.124493085708484e-17,6.122096138416341e-17,6.124963976185002e-17,6.126014730368339e-17,6.125399749613343e-17,6.123872109469244e-17,6.126889791975221e-17,6.171517924111485e-17,6.115512040143128e-17,6.11570483076095e-17,6.121373248153807e-17,6.126661019081532e-17,6.159648014153259e-17,6.144045164308326e-17,6.13562827060238e-17,6.228875857227526e-17,9.18120609785739e-18]"
0.9999999999999999,sqp_rti,0,"[0.11366966549555095,0.4063306745768508,0.08095812986854556]",0.1242952200579206,0.040937844663858414,"[-2.980232227667301e-09,-2.980232227667301e-09,-6.8379170936605504e-09,0.0010880860007231874,0.15196132581870164,0.5566999135677981,0.40874901993731677,0.2675029923189552,0.23213155050690865,0.22866381037893718,0.2546551202165646,0.28679994001632975,0.28031393189777704,0.23076811148327075,0.3063190017963649,0.32061557551955283,0.3760845321542224,0.5354098495193689,0.43560826258552315,0.6167472645577676,0.8275278118954847]","[null,3.212636280725602e-13,3.2126366980387867e-13,3.230188972369901e-13,3.212621489460277e-13,3.197384582543177e-13,3.2072478662259705e-13,3.202816817380003e-13,3.2049644599886424e-13,3.205006683294498e-13,3.2035899708974e-13,3.201791695039936e-13,3.2040603815514096e-13,3.2113460733503185e-13,3.203925799415938e-13,3.2061150339604316e-13,3.201763525819575e-13,3.196623265035597e-13,3.213857022122429e-13,3.2431965577155354e-13,7.788433921637041e-14]"
1.0999999999999999,sqp_rti,0,"[0.08188520364516827,0.1573565607792104,0.07119038395295353]",0.1319780824068795,0.0341038703918457,"[-2.980232227667301e-09,3.585031742303624e-07,0.00661844770683756,0.0432360247584736,0.061027684942853766,0.05809122592431032,0.056432980605615246,0.06770757933015076,0.08684075588253465,0.11340763741143861,0.15845713286284707,0.20965043586602833,0.27699259117521785,0.28977395438637804,0.3609181766248531,0.23139845707271783,0.3330959323713641,0.1863542842664086,0.25976762435265305,0.42237743579263803,0.6341483662661485]","[null,2.6356439846315038e-15,2.6378840439930224e-15,2.6157604193406847e-15,2.635293297321963e-15,2.6544525371535152e-15,2.6205077586388324e-15,2.6175863128672442e-15,2.6187650426253045e-15,2.6248079611880795e-15,2.637270656364258e-15,2.6470907812901126e-15,2.6255293989557888e-15,2.6202323738918484e-15,2.6218466315594924e-15,2.624324759320245e-15,2.6250828717893203e-15,2.6241600172913274e-15,2.642716021082925e-15,2.608321561307572e-15,6.53729386809911e-16]"
1.2,sqp_rti,0,"[0.09035669532215113,0.7866586982999935,0.06344349797355932]",0.14096826030807968,0.03086388297379017,"[-2.980232227667301e-09,-8.803563766868194e-09,3.577075996519241e-09,0.0003990802802569804,0.006770465712483298,0.015692476260663557,0.04273189365773861,0.07483747094551069,0.1270541666757275,0.22069733852117573,0.24384483357030967,0.2837823914968734,0.21039287513947064,null,3.419699939888332e-09,0.18367168556998942,0.014514356029481867,0.40187951276771977,0.4411940775361572,0.5212953555409132,0.6092237993421825]","[null,5.179436622541765e-13,5.179440138726073e-13,5.183726803122897e-13,5.163238235943757e-13,5.14557205426303e-13,5.14404352984334e-13,5.159860760369408e-13,5.209153294862868e-13,5.130933680860928e-13,5.12848839627255e-13,5.117176752607257e-13,5.115476524442091e-13,5.17943589088277e-13,5.179436008646604e-13,5.123507031726241e-13,5.139853577528927e-13,5.136813795251405e-13,5.118526811781963e-13,5.179435890879745e-13,9.165765881148318e-14]"
1.3,sqp_rti,0,"[0.12111924387416004,0.3322647591909925,0.0865044763513284]",0.15166361381532145,0.024537786841392517,"[-2.980232227667301e-09,0.00016352789385767896,0.048917494672605255,0.241504737224777,0.3955847147758938,0.5277333059941689,0.7162443669567125,0.6916117632727434,0.6644881827611111,0.6512989633381647,0.6492163448516426,0.6614047339063149,0.6798317814065189,0.6164097750794102,0.6196787551273963,0.6269526336041185,0.543134427710936,0.6020716387660048,0.5989832711956111,1.0593311016484577,1.4762346360476613]","[null,3.042476936821744e-12,3.043238590621886e-12,3.02355950783445e-12,3.08612707339123e-12,3.023921466687623e-12,3.0407888824185675e-12,3.0407888824175553e-12,3.0407888824161813e-12,3.040788882417237e-12,3.0407888824168073e-12,3.0407888824168687e-12,3.0407888824170254e-12,3.026947220404462e-12,3.0221589604133972e-12,3.042827605362679e-12,3.025360607943852e-12,3.0339623871648342e-12,3.0354086807601267e-12,3.025859835986794e-12,1.3248998531867804e-12]"
1.4000000000000001,sqp_rti,0,"[0.5400864360397233,-1.0713176456073557,0.22034342748177088]",0.1686586558566244,0.02218308299779892,"[-2.980232227667301e-09,0.007447872859985882,0.04615909219417441,0.10158368843408266,0.15637608362893013,0.20358750541466836,0.26458425968928073,0.3511117713338406,0.4551241558426969,0.5661451675932636,0.6483096919049005,0.7067584527500432,0.7243060539072068,0.6905936537661697,0.6808049441600514,0.7656168719876415,0.7417972203050709,0.7387946501637808,0.7759622544771829,0.9410599707244354,1.0270355708076913]","[null,3.676828355150815e-15,6.282751625822506e-15,6.971205778410529e-15,5.342151418313125e-15,4.765547786416662e-15,4.002950938058024e-15,3.6714379194582655e-15,3.91208935614576e-15,3.4269437388897782e-15,3.4271509765683883e-15,3.398186177729909e-15,3.3969667560858113e-15,7.772689714480047e-15,1.4922234418992315e-14,3.395417706360748e-15,4.309253465398435e-15,5.624134195737071e-15,0.5966208825971344,0.03617704530430849,0.11992057974670438]"
1.5000000000000002,sqp_rti,0,"[0.2757712664243634,-1.1823901732031188,0.06068651506884781]",0.20538744654037083,0.02327011525630951,"[-2.980232227667301e-09,0.23447226561715412,0.22038682796297532,0.5458132201665655,0.8305809308786347,0.6146611454391031,0.4887964749378558,0.5216858871307639,0.36432900477833635,0.28091013468275233,0.2697351325904343,-2.99788990854033e-09,4.26218661280231e-05,0.5409002786678918,0.7250000652474176,null,0.454440076570547,0.3592148495859167,0.8536785070821293,null,null]","[null,2.1717862730463696e-11,1.8975764083298667e-11,1.8952617876517563e-11,1.9027837084194847e-11,1.902783708419461e-11,1.9027837084195076e-11,1.8938165395641613e-11,1.8955972082841165e-11,1.8964638345626724e-11,1.9048309284461682e-11,1.9027837083622625e-11,1.906033249636781e-11,1.8941734909462666e-11,1.9060671756001446e-11,1.902783708419543e-11,1.8994478728663024e-11,1.8948501056450182e-11,1.8982593275040927e-11,1.9027841802188306e-11,2.653516295580971e-12]"
1.6000000000000003,safe_stop,4,"[0.1757712664243634,0.0,0.0]",0.22652307844991298,0.002269466407597065,"[1.1239054686917882e-09,0.4813767163938579,null,3.4469313085760955e-06,0.34219980100406816,null,0.17101054677571909,0.14549662534350888,0.16483294048249403,0.24027479673581748,0.3399093489560479,0.18628878574994873,0.27615168477914126,0.35723879672300934,0.5344453712978212,0.45908866945901244,1.309426502935193,1.3751098919981153,0.8122897453013287,0.04000923785039656,0.07821842194789347]","[null,null,null,null,null,null,null,null,null,null,null,null,null,null,null,null,null,null,null,null,null]"
1.7000000000000004,safe_stop,4,"[0.07577126642436338,0.0,0.0]",0.24132456112707373,-0.012347549200057983,"[-2.980232227667301e-09,-2.980232227667301e-09,-2.980232227667301e-09,-2.980232227667301e-09,-2.980232227667301e-09,-2.980232227667301e-09,-2.980232227667301e-09,-2.980232227667301e-09,-2.980232227667301e-09,-2.980232227667301e-09,-2.980232227667301e-09,-2.980232227667301e-09,-2.980232227667301e-09,-2.980232227667301e-09,-2.980232227667301e-09,-2.980232227667301e-09,-2.980232227667301e-09,-2.980232227667301e-09,-2.980232227667301e-09,-2.980232227667301e-09,-2.980232227667301e-09]","[null,null,null,null,null,null,null,null,null,null,null,null,null,null,null,null,null,null,null,null,null]"
1.8000000000000005,safe_stop,4,"[0.0,0.0,0.0]",0.24134342337586148,-0.018648646771907806,"[-2.980232227667301e-09,-2.980232227667301e-09,-2.980232227667301e-09,-2.980232227667301e-09,-2.980232227667301e-09,-2.980232227667301e-09,-2.980232227667301e-09,-2.980232227667301e-09,-2.980232227667301e-09,-2.980232227667301e-09,-2.980232227667301e-09,-2.980232227667301e-09,-2.980232227667301e-09,-2.980232227667301e-09,-2.980232227667301e-09,-2.980232227667301e-09,-2.980232227667301e-09,-2.980232227667301e-09,-2.980232227667301e-09,-2.980232227667301e-09,-2.980232227667301e-09]","[null,null,null,null,null,null,null,null,null,null,null,null,null,null,null,null,null,null,null,null,null]"
1.9000000000000006,sqp_rti,0,"[-0.23348816605347256,0.5479725092990734,5.968850356409975e-13]",0.24134342337592118,-0.018648646771907806,"[-2.980232227667301e-09,-2.980232227667301e-09,-2.980232227667301e-09,-2.980232227667301e-09,-2.980232227667301e-09,-2.980232227667301e-09,-2.980232227667301e-09,-2.980232227667301e-09,-2.980232227667301e-09,-2.980232227667301e-09,-2.980232227667301e-09,-2.980232227667301e-09,-2.980232227667301e-09,-2.980232227667301e-09,-2.980232227667301e-09,-2.980232227667301e-09,-2.980232227667301e-09,-2.980232227667301e-09,-2.980232227667301e-09,-2.980232227667301e-09,-2.980232227667301e-09]","[null,2.234810865544861e-15,2.234810865544861e-15,2.234810865544861e-15,2.234810865544861e-15,2.234810865544861e-15,2.234810865544861e-15,2.234810865544861e-15,2.234810865544861e-15,2.234810865544861e-15,2.234810865544861e-15,2.234810865544861e-15,2.234810865544861e-15,2.234810865544861e-15,2.234810865544861e-15,2.234810865544861e-15,2.234810865544861e-15,2.234810865544861e-15,2.234810865544861e-15,2.234810865544861e-15,1.1036283103377725e-15]"
2.0000000000000004,sqp_rti,0,"[-0.11678515724123846,0.532391139001438,2.413757169393728e-11]",0.2285820195471079,0.0011309952242299914,"[0.2751517749710047,0.2752090158463261,0.03236510073808746,9.968142043387251e-05,2.6528232388578488e-09,-2.980231506022335e-09,-2.980232227667301e-09,-2.980232227667301e-09,-2.980232227667301e-09,-2.980232227667301e-09,-2.980232227667301e-09,-2.980232227667301e-09,-2.980232227667301e-09,-2.980232227667301e-09,-2.980232227667301e-09,-2.980232227667301e-09,-2.980232227667301e-09,-2.980232227667301e-09,-2.980232227667301e-09,-2.980232227667301e-09,-2.980232227667301e-09]","[null,1.8247057301418013e-14,1.824709222133871e-14,1.8250075368950716e-14,1.825046772014107e-14,1.8250419452963255e-14,1.8250419452963255e-14,1.8250419452963255e-14,1.8250419452963255e-14,1.8250419452963255e-14,1.8250419452963255e-14,1.8250419452963255e-14,1.8250419452963255e-14,1.8250419452963255e-14,1.8250419452963255e-14,1.8250419452963255e-14,1.8250419452963255e-14,1.8250419452963255e-14,1.8250419452963255e-14,1.8250419452963255e-14,1.9056680743405214e-15]"
2.1000000000000005,sqp_rti,0,"[-0.05835720125990367,0.6606199978778999,0.003111573211905293]",0.21547185398347843,0.01107569970190525,"[-2.980232227667301e-09,null,-2.980232227667301e-09,-4.372547879327726e-09,6.10424410063537e-06,0.0005066501831426096,0.005410124934321747,0.022570692103065337,0.0570448970768645,0.10727140283247821,0.16729513583374428,0.23036661402092024,0.2910788573077426,0.34597586664825003,0.3931948488802178,0.43189702497021615,0.4618040239697095,0.4827415764396264,0.49445795069686654,0.4963022884088389,0.49606530006157074]","[null,8.521076254823238e-14,8.521076255337641e-14,8.521057576558971e-14,8.516353670147348e-14,8.601296497895856e-14,8.547998021529838e-14,8.542699664408933e-14,8.542420630471717e-14,8.542864891533923e-14,8.542101961487856e-14,8.542527412473272e-14,8.542548602198757e-14,8.542298199117701e-14,8.542101763833048e-14,8.544016732223737e-14,8.546130470786964e-14,8.545978647829119e-14,8.557820012766682e-14,8.801954075604865e-14,2.3845440889494472e-14]"
2.2000000000000006,sqp_rti,0,"[-0.029099932275065195,0.8325391543722994,0.021287535218063]",0.21333657176047383,0.016638953238725662,"[-2.980232227667301e-09,-2.980232227667301e-09,4.442460010967153e-10,2.7712718216055254e-06,0.00021026409006313918,0.0015344073378151801,0.004646151151752542,0.009348072438345512,0.015078199011913374,0.026524999865397192,0.04477365407459627,0.06497616928747424,0.08659941216410766,0.1102242146953592,0.1380433695261985,0.17343023063233415,0.2185361063823617,0.2724149623611501,0.3318305822148549,0.39735369974902107,0.4831581921725084]","[null,1.0323760825225722e-13,1.0323760843349055e-13,1.0320153599409698e-13,1.0377160532611518e-13,1.0477569239973269e-13,1.0354963011606815e-13,1.0324410257619446e-13,1.0318183502261368e-13,1.0312650847972591e-13,1.0306601237613334e-13,1.0307622135277432e-13,1.0308826555254236e-13,1.0309690576548367e-13,1.0311156771450381e-13,1.0313740320522634e-13,1.0312683819021677e-13,1.030693436272579e-13,1.0307961243414723e-13,1.0515260076030187e-13,1.720073983577871e-14]"
2.3000000000000007,sqp_rti,0,"[-0.014403508038286082,0.6847063019859325,0.02675020523580273]",0.21097358050887635,0.02064284309744835,"[-2.980232227667301e-09,-2.980232227667301e-09,1.3912038392127624e-06,0.0016705802911721745,0.01514441620066359,0.040535455960304445,0.06810220786255577,0.09245203212353087,0.11505472090145047,0.13836724834387165,0.17330933458531722,0.23218301288044502,0.3144255624880417,0.41417322368464565,0.523213434743927,0.6337450134635148,0.7395130020314349,0.7506193262614758,0.667634170526674,0.5860212036718095,0.5183638234143169]","[null,2.4706178430101932e-14,2.4717212911548937e-14,2.5264312225999553e-14,2.4763646274059114e-14,2.4598629964909016e-14,2.459702411427416e-14,2.462560832255167e-14,2.46362545345359e-14,2.4563793439602916e-14,2.47136378995988e-14,2.459542593803362e-14,2.4636670500317488e-14,2.4633923311503752e-14,2.4623650704629076e-14,2.4605796579884263e-14,2.4582778535811265e-14,2.470617843083056e-14,2.4706178430833793e-14,2.4706178430832177e-14,3.785012698730017e-15]"
2.400000000000001,sqp_rti,0,"[-0.006896806213553844,0.34235712614142094,0.05650448699543416]",0.2125113173796638,0.021799281239509583,"[-2.980232227667301e-09,-2.980232227667301e-09,6.609609398910976e-06,0.002235258586246569,0.017527911161876297,0.04992043476971092,0.09213113581350157,0.136802201887178,0.17932485270558446,0.22398829066546672,0.2691638563244095,0.3318558931712526,0.3899666924860899,0.4465156514540172,0.5374801826145184,0.7953034815826052,1.1083051121633705,1.1640410395913647,0.9044098121518942,0.7107378808239921,0.7163151914888835]","[null,1.002336959434435e-17,1.0023381411395514e-17,1.0023342991913054e-17,1.0023392136795713e-17,1.0031849368245822e-17,1.0028793495525608e-17,1.0026731098089336e-17,1.0029322939885023e-17,1.0029007125937609e-17,1.0033957530251598e-17,1.0023337910090036e-17,1.0023339442979303e-17,1.0023363264066908e-17,1.0023310638938195e-17,1.0023331812334078e-17,1.0023327200192531e-17,1.002331889307068e-17,1.0034225181312496e-17,1.0106423918134395e-17,1.0033364157102984e-18]"
2.500000000000001,sqp_rti,0,"[-0.0027940890452969784,0.9487476162275568,0.04242784846163389]",0.21041972553404872,0.021291404962539673,"[-2.980232227667301e-09,null,0.08487528085976753,0.31652851194748416,0.4306332304309553,0.4110622019078523,0.37791154124664567,0.3677631358941092,0.34985109870190884,0.3317994847320776,0.3140543292087948,0.21620987939637965,0.10752217717527196,0.04232958394363556,0.08858574029672833,0.30799589021314483,0.6262174609171873,0.9093340290624694,0.7690296919649071,0.5913081842913896,0.43057747099794846]","[null,2.4739130382335482e-17,2.467291707587636e-17,2.4528242384589203e-17,2.4544059931317292e-17,2.4527827618015586e-17,2.4515089489596688e-17,2.4514244149491294e-17,2.4515678352019714e-17,2.4517859573390573e-17,2.4561224468302548e-17,2.4508195398301795e-17,2.4539837374796563e-17,2.4620752929588658e-17,2.4677595515669576e-17,2.459665583408103e-17,2.4545360266008652e-17,2.4739130381417248e-17,2.4739130386986606e-17,2.473913037979535e-17,3.914453564873954e-18]"
2.600000000000001,sqp_rti,0,"[0.00021089798554592767,0.47437729358257363,0.05870727016544925]",0.2117719843976029,0.019453704357147217,"[-2.980232227667301e-09,-2.980232227667301e-09,-2.980232227667301e-09,-2.980232227667301e-09,5.882983208915782e-08,0.0022690163273225705,0.005045470440416422,0.01780185227152359,0.04628359079499772,0.08838113130861841,0.1339863089582965,0.16680098565823792,0.20492376402757767,0.2426086559910195,0.3258324083985132,0.5384430177573261,0.6709280203844423,0.6723371391596309,0.6574393508882996,0.6876808571802355,0.7281258761613913]","[null,1.0862673938450218e-13,1.0862673938450928e-13,1.0862673938448263e-13,1.0862818551802512e-13,1.0856003352884213e-13,1.0848921883587704e-13,1.0848084383849158e-13,1.084805905496623e-13,1.084745529408044e-13,1.0847051261863245e-13,1.0844047756796677e-13,1.0840942111418847e-13,1.0843293956535828e-13,1.0855197141916463e-13,1.0850665612897255e-13,1.0839090293901977e-13,1.1037334528324911e-13,1.0922965511283795e-13,1.0842561150923378e-13,1.3237961300788033e-14]"
2.700000000000001,sqp_rti,0,"[0.08229257018439215,0.7167756279932573,0.08664364082490525]",0.21458601130177393,0.018317215144634247,"[-2.980232227667301e-09,null,-2.980319158130129e-09,0.12058644671380164,0.4723235735655578,0.36934782407241223,0.07481123275850227,1.9038410077554246e-05,2.589967526001047e-07,0.03354490661374304,0.25225283588990594,null,null,null,0.23710143479304407,0.1615879082370782,0.22509825009585854,0.4039836581904453,0.3983660194394883,0.38137732854632383,0.3425958284390401]","[null,4.4813220816223814e-12,4.481322081344456e-12,4.442381915980928e-12,4.434644292295462e-12,4.434737740420058e-12,4.44725077746156e-12,4.4856604665260415e-12,4.482172651785887e-12,4.4592255550979525e-12,4.427235112395586e-12,4.481322081621374e-12,4.48132208162399e-12,4.481322081623044e-12,4.428215361175099e-12,4.447658513382036e-12,4.445818756318409e-12,4.429854390643503e-12,4.44901015137722e-12,4.42039435940454e-12,1.153392665593879e-12]"
2.800000000000001,sqp_rti,0,"[0.11227663554538464,0.7035105630419975,0.0797410204934176]",0.2217351978870964,0.016920000314712524,"[-2.980232227667301e-09,-2.980232227667301e-09,0.016248417146828953,0.14800839692494067,0.2587061156609057,0.17414351735550399,2.1336648967945626e-05,null,0.0005201055593198611,0.02676578319496775,0.10370866247779259,0.01219405559871689,0.08197722547573766,0.1949651910488644,0.32238267362717316,0.3999271465703032,0.4824692499367858,0.5474275979228478,0.6245531028639466,0.5114616268801677,0.4397768784554162]","[null,1.8841780066271794e-14,1.8972463287611326e-14,1.8847016475897694e-14,1.8922136218692895e-14,1.889921250587286e-14,1.893884323131197e-14,1.8841780060677016e-14,1.8928821798025783e-14,1.884804256284673e-14,1.8919135773462007e-14,1.902347715894992e-14,1.889609416673971e-14,1.890405956878591e-14,1.8992047809216262e-14,1.9025649970331443e-14,1.907324354141184e-14,1.893250364761652e-14,1.8826300789693858e-14,1.8841780060680247e-14,6.910446911796182e-15]"
2.9000000000000012,sqp_rti,0,"[0.06120701346918121,0.34267872759421625,0.06489005268271411]",0.2306953503681221,0.01602863147854805,"[-2.980232227667301e-09,0.06066338789457132,0.15846072447495435,0.19685235885189628,-2.980296343046973e-09,0.022595090904686643,0.11910659840934451,0.15806326533045906,0.1978096304048485,0.24246292506175032,0.29041986621222976,0.3868152771536895,0.8400510053447732,1.0310719530033061,0.5785969903494805,0.5849497848986951,0.6016235299818786,0.6131092768155957,0.6203512795080248,0.6273663875776949,0.6548022198956931]","[null,7.838401361668354e-14,7.844191531570959e-14,7.83707384992752e-14,7.888863308032542e-14,7.862005071253567e-14,7.842405251537819e-14,7.839328040373133e-14,7.83660932781946e-14,7.834403482165517e-14,7.833099320543334e-14,7.851975288074757e-14,7.844652923159464e-14,7.824233785610935e-14,7.871183766763052e-14,7.829829431842232e-14,7.83570098456e-14,7.845724108980924e-14,7.853740114877646e-14,7.83497034434618e-14,1.1988872527585411e-14]"
3.0000000000000013,sqp_rti,0,"[0.09891982181313069,0.6971025497043604,0.09215666349505121]",0.23804022747657924,0.015694454312324524,"[-2.980232227667301e-09,1.4938940085529318e-06,null,0.0006718154888181171,0.16435652947929996,0.20525418716520322,0.03453697373500725,0.1992651324150499,0.3837916487533957,0.5736488585828539,1.2223499379879292,0.7534885512550786,0.5706408137301924,0.5017797917223379,0.4909678672381544,0.48462114593720146,0.5288672960737173,0.5931544429466029,0.682461449224024,0.82416295238285,0.923378883547884]","[null,4.1889002686700163e-14,4.180888351418656e-14,4.184140769316557e-14,4.140395215625474e-14,4.149207526410573e-14,4.2264635768764004e-14,4.149827971685647e-14,4.145102446137837e-14,4.1573892616625054e-14,4.1415803124818186e-14,4.1536352932248396e-14,4.1521563447006794e-14,4.15287162614768e-14,4.128988704803309e-14,4.1373546551967374e-14,4.149928940450719e-14,4.269310681632879e-14,4.180888351418818e-14,4.180888351419868e-14,1.0368781863299483e-14]"
3.1000000000000014,sqp_rti,0,"[0.11550727766058423,0.23839879711787815,0.08149596726387937]",0.2429856523649303,0.015484221279621124,"[-2.980232227667301e-09,0.05404890357517261,0.14365081523936746,0.24553964571217152,0.0001615444224566942,0.08709661066224578,null,0.01896204149409525,0.09572159912561312,0.20388745121917468,0.4470356265259568,0.23553589434796401,0.20086708150642424,0.27464514739312024,0.3415626699722372,0.38601401180773093,0.41074069268750063,0.43073676887008944,0.48654636205462715,0.5843191293002465,0.7051352877794403]","[null,3.6187886812116905e-11,3.618227852390162e-11,3.6169292397995833e-11,3.6211428603152515e-11,3.6172631302612966e-11,3.6210258761260344e-11,3.618326821874751e-11,3.6168749143946e-11,3.619011590373985e-11,3.6162378530479726e-11,3.6205611816764744e-11,3.618006774771805e-11,3.6188279150820734e-11,3.617901427217732e-11,3.623384556482975e-11,3.626466354672457e-11,3.6224787996801826e-11,3.624450652380817e-11,3.6264757085759784e-11,4.260337692264633e-12]"
3.2000000000000015,sqp_rti,0,"[0.057733481211615534,0.11915034211520686,0.09187528663855134]",0.25526060193489336,0.015620164573192596,"[-2.980232227667301e-09,0.1005121375040659,0.1058348267496248,0.012667147546422008,0.0002514737140580092,null,null,null,0.00016268884433356945,0.007276237996521051,0.03404590351708353,0.04067156748318351,0.1749280584417761,0.2195766915859128,0.1911066808346485,0.1993137197249471,0.2326347922900059,0.29364231008425695,0.3807770666556283,0.4667351717512761,0.5512821152749317]","[null,2.9068200924087333e-15,2.9052874726728895e-15,2.8942856614124167e-15,2.9197439614268447e-15,2.9202872691498814e-15,2.9202872691498814e-15,2.9202872691498814e-15,2.920769995360389e-15,2.9165259862539118e-15,2.907947241695225e-15,2.907406607730121e-15,2.917373837302179e-15,2.90912909509165e-15,2.903307090733377e-15,2.9053584550058066e-15,2.9097768936073705e-15,2.9120783901819903e-15,2.913245002181093e-15,2.898070519996282e-15,3.797497339817659e-16]"
3.3000000000000016,sqp_rti,0,"[0.12153453283164613,0.3582397332089369,0.1032917979202108]",0.2654755429595019,0.015743989497423172,"[-2.980232227667301e-09,null,0.0011046649297039024,0.008440357768841056,0.0738771309075908,0.1412291020167647,0.2363066190684842,0.660432749642166,0.6838755953122415,0.5114586770516254,0.3384955303766411,0.24944096833618606,0.17113390469764772,0.2717082585428628,0.3802811604676018,0.4764378564818437,0.5626538901695912,0.6842915647786707,0.6300467302233799,0.5994246551760392,0.5969728769647449]","[null,2.8406535286846777e-12,2.834876737340806e-12,2.8256259218254997e-12,2.8256052862802315e-12,2.823799237957133e-12,2.8367610033728204e-12,2.8298824472640483e-12,2.8344960040005837e-12,2.823253243623425e-12,2.8270193530132298e-12,2.8291883646651205e-12,2.817856298762444e-12,2.8408949743447216e-12,2.839254398878087e-12,2.834977213902543e-12,2.826585949411558e-12,2.8406535286846325e-12,2.8406535286846777e-12,2.840653528684626e-12,6.521693236492206e-13]"
3.4000000000000017,sqp_rti,0,"[0.07961440468636831,0.114579765710416,0.08835609768788767]",0.2779089945332946,0.016499552875757217,"[-2.980232227667301e-09,0.05656560058365817,0.139447797213548,-2.980232227667301e-09,-2.9802324774674815e-09,0.012694206031539423,0.06003549582191586,0.13507477963552256,0.30687127678924925,0.23845969563232466,0.17858385970758733,0.21214681006963537,0.22490063167957858,0.24946848337640787,0.26472852295973165,0.2775265942014478,0.3091800134915588,0.39086152121598566,0.4916459021581661,0.6321118412521369,0.6900862900242093]","[null,1.044618681423783e-16,1.0443991414207333e-16,1.0457428275018138e-16,1.0457428276956842e-16,1.0458118764680701e-16,1.0443790605773878e-16,1.0454710563422072e-16,1.0434435812785128e-16,1.0442486456664256e-16,1.0448537744256766e-16,1.0449536679876228e-16,1.044349246532419e-16,1.0448714457823706e-16,1.0445390524297511e-16,1.0444086022989894e-16,1.0447139809021552e-16,1.0442167725233428e-16,1.0442191387122591e-16,1.0583497994590414e-16,1.1672253002125387e-17]"
3.5000000000000018,sqp_rti,0,"[0.11803899954316344,0.17647421282032322,0.08972328847050318]",0.29270533331474613,0.016815822571516037,"[-2.980232227667301e-09,0.0037290717322387423,null,0.04488534076980494,0.11543860955850499,0.0176885431724359,0.0015836054714541414,0.016984174878271585,0.021756372438716476,0.01521358513068477,0.02171019508390143,0.06251349611391072,0.10055872438896946,0.1425913286043164,0.2222939446224455,0.3302246788060688,0.4812605501023676,0.5134264260500412,0.5723156527210065,0.30642286357495757,0.20580835111643908]","[null,2.3376737542720953e-16,2.369144941796242e-16,2.3403972059846243e-16,2.355025882386798e-16,2.343379047917882e-16,2.3574596492449563e-16,2.3539071809666553e-16,2.349078621609733e-16,2.3422866312603026e-16,2.342910706591484e-16,2.3406648994669284e-16,2.341489656892651e-16,2.3444829992859863e-16,2.3526377974826966e-16,2.3573809223301566e-16,2.341335419697035e-16,2.3417969415655174e-16,2.3691449423778535e-16,2.3691449423778535e-16,3.4367371567171865e-17]"
3.600000000000002,sqp_rti,0,"[0.07753208529572819,0.23308170557084493,0.11259789660157024]",0.29647242800599805,0.017495349049568176,"[-2.980232227667301e-09,0.034527545427539164,0.08201850265422267,0.010602894079494496,0.07340644907101784,0.04493270677048128,0.029652499276427602,0.06823848325132947,0.10769041654547912,0.15927572031212806,0.21903040811938174,0.28228631468942816,0.3904837743871397,0.5575544805305543,0.6137566432599153,0.6291268766346614,0.6818307757041604,0.6663491337916334,0.6839607030045713,0.7330969110924619,0.7786431185717426]","[null,6.03045781720493e-15,6.026250614401306e-15,6.036778358709119e-15,6.056282337427214e-15,6.0274249275080534e-15,6.0702700922994095e-15,6.0381145881742025e-15,6.0395536539120135e-15,6.049219337199394e-15,6.035492493365496e-15,6.041383728642699e-15,6.031902125499161e-15,6.0248604511184436e-15,6.056804287093187e-15,6.056804287093187e-15,6.056804287093591e-15,6.0568042870927834e-15,6.056804287093187e-15,6.056804287093187e-15,9.005296892503665e-16]"
3.700000000000002,sqp_rti,0,"[0.09172863482118503,0.02426118949267103,0.07568129484580166]",0.30734867397152177,0.018543653190135956,"[-2.980232227667301e-09,0.0004537978589282954,0.00860026729320379,0.06520602066318376,0.21675763711785906,0.22092436717028613,0.1804452327355726,0.20701789589166247,0.2344979104443155,0.24969543473507622,0.2526207530451197,0.2720801552309913,0.3103314270857183,0.36483203868415154,0.4218087534145816,0.4916549634629768,0.6211965735830229,0.7110208283228585,0.7058687069883136,0.7131081021704262,0.7606840980161917]","[null,2.7950236143032634e-12,2.7932390664119914e-12,2.795285748364491e-12,2.776736285724847e-12,2.7777079882296673e-12,2.785926992195212e-12,2.785033294018988e-12,2.787392986351174e-12,2.7886834983861373e-12,2.787480551055261e-12,2.784718253737359e-12,2.781958571757521e-12,2.7806945583539035e-12,2.781257920470534e-12,2.7832249363563872e-12,2.7946590794144012e-12,2.816921292408643e-12,2.7997199756131025e-12,2.8337606957812087e-12,5.749208996727128e-13]"
3.800000000000002,sqp_rti,0,"[0.1243003786533792,0.25487875406038285,0.139112085186977]",0.31505128375133185,0.018673062324523926,"[-2.980232227667301e-09,0.0031387339708570106,0.023283748840451424,-8.184626920648697e-09,-9.226293756769977e-09,0.0023972517701405516,0.00797076965720428,0.04312047578146588,0.1070472503682231,0.20910428229278183,0.39714021857981036,0.5434981402470835,0.5168917976109639,0.47187794847410097,0.5202085575258086,0.6815301943372016,0.9626162549893962,0.6728842073578398,1.5651429783266593,0.9254245112757047,0.9008434876687985]","[null,6.6068710301926645e-12,6.566655237417558e-12,6.608286407916472e-12,6.608286431622606e-12,6.6155881444653965e-12,6.54370829503821e-12,6.540247998970157e-12,6.5693555734960645e-12,6.636624577721248e-12,6.622112131912518e-12,6.584614954658487e-12,6.608285670049255e-12,6.6082856700492774e-12,6.6082856700530724e-12,6.608285670049764e-12,6.608285670049764e-12,6.60828567005514e-12,6.608285670050591e-12,6.570339047101365e-12,3.919519701320369e-12]"
3.900000000000002,sqp_rti,0,"[0.06210323933265787,0.12743209202379682,0.09913390656133833]",0.3266719601768158,0.02032647281885147,"[-2.980232227667301e-09,0.015711082010789135,0.1192275640075458,0.04244501546590468,0.061309931432612486,0.11056671922126232,0.15355561738620987,0.19382248359576232,0.22516831307518387,0.278643648840778,0.3504310274640304,0.411051205865326,0.41909823339390756,0.41799869833739295,0.4540272972052664,0.5450127422521593,0.5183048835697333,0.47948930203525936,0.5318576952481806,0.5722705400635018,0.6242057033803252]","[null,5.1984869934472294e-11,5.073733085311091e-11,5.061335510139865e-11,5.060686106331487e-11,5.0719266467684826e-11,5.071929368654882e-11,5.0740714336743944e-11,5.0696787905782116e-11,5.0634645827739344e-11,5.05972519693235e-11,5.059694740301092e-11,5.061711372387122e-11,5.0657439921597364e-11,5.088576792897715e-11,5.1118974941045e-11,5.155027744463634e-11,5.0712009609151986e-11,5.1147359015364744e-11,5.162465808006454e-11,9.132468912601107e-12]"
4.000000000000002,sqp_rti,0,"[0.1343280994982788,0.40228289295945285,0.15307730192115332]",0.33382252578976,0.02121642976999283,"[-2.980232227667301e-09,null,null,-5.228736332796302e-10,0.00042950558566579033,0.013532433518589626,0.06680651854221514,0.15135326628331908,0.29103268169564683,0.37893177560277885,0.4036211038440712,0.4389759457442935,0.4806413304685922,0.5190712790724887,0.5525698755226578,0.7389630295955427,1.1214678373206552,0.680662614284661,0.687970364374183,0.7313454450956243,0.7642873145529474]","[null,7.191071554202591e-12,7.191071554199205e-12,7.191078256999974e-12,7.207160057166306e-12,7.130859635743971e-12,7.222852794066053e-12,7.176724025943658e-12,7.165978313081462e-12,7.160144511341118e-12,7.1634314489063504e-12,7.163667185362892e-12,7.162487198546326e-12,7.1669264794475595e-12,7.1643875874960315e-12,7.175142459023339e-12,7.18051096453021e-12,7.193770908508915e-12,7.166121053520992e-12,7.134458506753068e-12,1.2677882288608764e-12]"
4.100000000000001,sqp_rti,0,"[0.13526253031720095,0.08678752973024678,0.14681944145740394]",0.3493811490887843,0.024631723761558533,"[-2.980232227667301e-09,0.00074295902292143,0.0072267386280639445,0.03715362879336076,0.09246188108257175,0.1424386269103602,0.17794564675472185,0.23693494248189212,0.3186650556362263,0.3926457084492732,0.42752619191079405,0.45236587346863183,0.4848213572453169,0.5434648926883863,0.5760661351830574,0.5600503812570785,0.5836150663248822,0.6000476077478074,0.6145148978486714,0.6255099410230691,0.6348728429066404]","[null,2.155020219190923e-15,2.1584679835999842e-15,2.158571122991189e-15,2.159505853912945e-15,2.148850469936824e-15,2.143058684853163e-15,2.139868519324403e-15,2.138764812187837e-15,2.1383344386696596e-15,2.1378834577414377e-15,2.137625628615736e-15,2.1423339015021714e-15,2.1414149119389477e-15,2.1651185998921535e-15,2.1600347570352466e-15,2.1406755155684026e-15,2.138883614124387e-15,2.1406963748468656e-15,2.1395233747176847e-15,4.2666337382899584e-16]"
4.200000000000001,sqp_rti,0,"[0.14829416023914965,0.08293516094607631,0.12694126592290703]",0.3656300053117064,0.025661300867795944,"[-2.980232227667301e-09,0.0001987728399437949,0.007129823479515129,0.02606760853235618,0.04735793776629854,0.06822145219266745,0.09456027249116056,0.1402943135511297,0.2038905407249837,0.28870446708062386,0.3840542954521114,0.47809483428111826,0.739327021603448,1.5168239670392587,0.7463333215188992,0.7318457170939687,0.7788533587247446,0.8084358549639787,0.8351301166491403,0.8617426588282853,0.8870231183298765]","[null,9.784519857819778e-15,9.809921530997869e-15,9.71262400727004e-15,9.620983126246845e-15,9.657545975013033e-15,9.660379853015739e-15,9.679486188008873e-15,9.697243886309584e-15,9.701811382826834e-15,9.69418514953249e-15,9.680611789940938e-15,9.665729324805845e-15,9.643571607386967e-15,9.74148945794617e-15,9.714534642304807e-15,9.714534642306422e-15,9.714534642303191e-15,9.714534642306422e-15,9.714534642308038e-15,2.6471841661880732e-15]"
4.300000000000001,sqp_rti,0,"[0.1370510895657537,0.19295464261597328,0.1688360169872732]",0.3771464096126672,0.026574430987238884,"[-2.980232227667301e-09,7.89695145275715e-06,0.0008752828234128429,0.0036289732119165197,0.005275758679074094,0.00855372958561934,0.019850993889430957,0.04599088681762736,0.08392704798551681,0.12811378389066103,0.17666674202623361,0.2501735287752776,0.43094553371410066,0.5871324236464612,0.4759551770565114,0.5014978811495607,0.5481163397838766,0.5908788404056,0.6356934026406409,0.6983812448466897,0.9041521058937938]","[null,2.3584741353234117e-14,2.359289654681709e-14,2.3578424915264814e-14,2.354909361629756e-14,2.3511077832576526e-14,2.3475815482324247e-14,2.3455235262209484e-14,2.3443042336273964e-14,2.3433176945347903e-14,2.3421173387906838e-14,2.3607490474271917e-14,2.3528476090650993e-14,2.34106321584548e-14,2.35347459077339e-14,2.3524045261815978e-14,2.357638058149024e-14,2.3592265719961282e-14,2.40043183550419e-14,2.4037757497788454e-14,4.0755505881857576e-15]"
4.4,sqp_rti,0,"[0.1725520466292782,-0.12344798224286035,0.16171256631627018]",0.39086823366795914,0.027048032730817795,"[-2.980232227667301e-09,2.1160504432016225e-08,0.0002814342384219737,0.002993728733474199,0.015854481283337274,0.057548464170875946,0.12664156624896156,0.20850914844536544,0.30291057718920095,0.399266779800686,0.4911644515857024,0.5761107474939073,0.6318531984996028,0.6904834819461605,0.7297593005520937,0.6926524706227759,0.44900579079159436,0.4085507076958031,0.5026639554162642,0.5998690642292999,0.5416421251628598]","[null,2.356521805510127e-13,2.377073674895119e-13,2.373985645692016e-13,2.368210325425741e-13,2.367990789954146e-13,2.36731586559273e-13,2.3699690299438905e-13,2.37491208328988e-13,2.3804155746385135e-13,2.392730254812247e-13,2.4026822481857995e-13,2.3816216814047715e-13,2.3856903381015066e-13,2.346610681612051e-13,2.3565036851566734e-13,2.3565036851565244e-13,2.356503685156903e-13,2.356503685157641e-13,3.1352392447684225e-13,2.976868913169779e-14]"
4.5,sqp_rti,0,"[0.19114176835240596,0.3369985052603291,0.16253027127944525]",0.40747471156797,0.027123799547553062,"[-2.980232227667301e-09,-8.548346336345602e-09,3.1175330650334843e-09,4.164877170004244e-06,0.0007610872495144028,0.017333978478262263,0.0686712070832694,0.14551664149221116,0.24722434614870964,0.5075907614731008,1.2132471256552193,0.7009286637703702,0.5914171466416935,0.5925513104039466,0.5755583819992569,0.5401989662388418,0.5205222163855152,0.5235361872446578,0.5153315037788129,0.514812213984819,0.5346182002403175]","[null,2.032208387104925e-17,2.032208577511966e-17,2.032705174857549e-17,2.0339509808597042e-17,2.0274235380314436e-17,2.021733045003553e-17,2.0205298744266407e-17,2.019940663412292e-17,2.0234182546886314e-17,2.0179287779798703e-17,2.0185160755584506e-17,2.0128533369947584e-17,2.0130257713055698e-17,2.0156027000076994e-17,2.0258014678291104e-17,2.0234845691686505e-17,2.0202678849504078e-17,2.019641032578424e-17,2.0741629870617464e-17,4.444751303510271e-18]"
4.6,sqp_rti,0,"[0.18529592645655676,-0.008060632487434882,0.1574122335882809]",0.42607686503213715,0.025425542145967484,"[-2.980232227667301e-09,-2.981923263867259e-09,3.265613901412556e-05,0.007540214333904116,0.05382108407205105,0.13478039665346558,0.22096654584947278,0.3022705703401723,0.3770492337810321,0.433597718278185,0.47755878449202066,0.514039247249175,0.5363557700357731,0.5555457043004448,0.5700652088937204,0.5900401684969381,0.5885642756595775,0.5306684028840951,0.4640820182633359,0.430895181533648,0.46818653034871077]","[null,2.7840492172037864e-15,2.7849013253670654e-15,2.824234546348821e-15,2.802739972083295e-15,2.763300068226161e-15,2.747225161642549e-15,2.7449510868966208e-15,2.752924457833581e-15,2.7503537485744924e-15,2.7447111501460925e-15,2.7437861495614228e-15,2.745422530293699e-15,2.7514660886438223e-15,2.779240556698055e-15,2.7641430630388194e-15,2.7596588669937574e-15,2.773336724675701e-15,2.8222889879181777e-15,2.974207970807942e-15,2.0739838966735344e-15]"
4.699999999999999,sqp_rti,0,"[0.17159804137586454,0.3048870957478186,0.14610985323915104]",0.44343554645098887,0.02494937926530838,"[-2.980232227667301e-09,2.3898056992543992e-05,0.003954461052247449,0.027773085077166304,0.07886468847724598,0.15706177732132592,0.28289991996247005,0.7190726285358024,0.756931471217549,0.5144591461447712,0.533226028300761,0.5573796403836246,0.5729120932754828,0.5754693985114459,0.5650247567929927,0.5566166678626192,0.604964406892196,0.5505752232527505,0.42045160069162063,0.2596197671432579,0.1922495390189976]","[null,4.9904524913993115e-17,4.9869680488811564e-17,4.97317229336047e-17,4.972944389092253e-17,4.978336935967527e-17,4.989804591712874e-17,4.9712715394439206e-17,4.9815591004895685e-17,4.9687167781017835e-17,4.969566953372955e-17,4.962175527396181e-17,5.004054968787399e-17,4.969865146112762e-17,4.97328607280346e-17,4.976110155918599e-17,4.974108944003941e-17,4.973654465644765e-17,4.9816503612044525e-17,4.984361952079242e-17,6.819022390109466e-18]"
4.799999999999999,sqp_rti,0,"[0.177227766498408,-0.028027907148956532,0.1598846595159895]",0.45767830171177065,0.02224227786064148,"[-2.980232227667301e-09,0.0016621092297477436,0.04251594635371286,0.1366386352737779,0.24726313967014663,0.3490663017434084,0.4375238139369724,0.5092821794782878,0.5697113133862028,0.6157946918712447,0.6444388639035459,0.6601059365049007,0.5499001163286514,0.5310423711076939,0.5761306699156641,0.5882653294653231,0.5008137180939769,0.38813577009613526,0.2852428439136448,0.22730967780631867,0.22706435170442402]","[null,5.68771252900835e-15,5.671331814538703e-15,5.65754811497183e-15,5.652389875066387e-15,5.653582142892023e-15,5.654108978448142e-15,5.65027351031975e-15,5.648941607455778e-15,5.649317946014515e-15,5.6533741383863076e-15,5.675379377010857e-15,5.679115087272625e-15,5.6791150872732305e-15,5.679115087272599e-15,5.670770931397055e-15,5.656806667515145e-15,5.645099164835981e-15,5.663585630114092e-15,6.007626141870218e-15,9.656341608783098e-16]"
4.899999999999999,sqp_rti,0,"[0.17948217700448063,0.1339859074033707,0.17008766962197933]",0.47227601511850653,0.021407177671790123,"[-2.980232227667301e-09,0.0029705368467607407,0.03202303987082572,0.08423867569605897,0.17097678864576765,0.40305177143415866,0.7003483448287786,0.6111559079128674,0.5569171356281772,0.56633235330713,0.5529856040747976,0.5278292223587433,0.5054304943499355,0.5062141933487874,0.5104773803040847,0.5643443768561489,0.6306215858310729,0.6096479961781511,0.4817771314826061,0.32603524344183016,0.23301551784922642]","[null,1.9335801211877123e-15,1.929971252663953e-15,1.9310908403182046e-15,1.9307696877433053e-15,1.932376009133519e-15,1.932608455768984e-15,1.9293271234938893e-15,1.920025103222861e-15,1.9210876712588274e-15,1.9224980650991412e-15,1.939704821117515e-15,1.9262549549516215e-15,1.927428104574917e-15,1.9275922379164123e-15,1.930048998692468e-15,1.9282825702200316e-15,1.9260805023039218e-15,1.9272126277850895e-15,1.9284218173674903e-15,2.907669775341363e-16]"
4.999999999999998,sqp_rti,0,"[0.17579728468634162,-0.43216828127084017,0.17051107989263672]",0.4866345281656949,0.0194411538541317,"[-2.980232227667301e-09,0.008321708058104227,0.07494529470044214,0.1720420910366583,0.26574675236981166,0.3390203856296015,0.39969703795815087,0.4504730379111351,0.48834561399295034,0.5160336396692695,0.5470693183400879,0.5197932251733846,0.4829316635563064,0.5159920047789732,0.5537544503466119,0.4554393198109857,0.3243372730923831,0.21114589904082487,0.16946165067266633,0.1964902758083003,0.24267048539901453]","[null,1.0561409875879028e-16,1.0511197444068764e-16,1.049773225060037e-16,1.0492192324835703e-16,1.0485002072297693e-16,1.0491445819854733e-16,1.0495291475779103e-16,1.0502895750078555e-16,1.0542458252675225e-16,1.0572882398767419e-16,1.0569661361610914e-16,1.0569661361951071e-16,1.0569661361850097e-16,1.0491578829085486e-16,1.0493213533108524e-16,1.0479726216981413e-16,1.048065228391988e-16,1.0742442544496929e-16,1.1164155452834094e-16,2.5116673377370418e-17]"
5.099999999999998,sqp_rti,0,"[0.15745252293794082,-0.15538302003953935,0.17080556755965148]",0.501686114586901,0.021370723843574524,"[-2.980232227667301e-09,0.0037335560944156687,0.04135493744237434,0.1899634229756922,0.5853588468809565,0.6449659445423748,0.5828973821862327,0.6291833540269935,0.629092239612761,0.5975870594606938,0.5401940125541163,0.4487442013022845,0.4596808729004696,0.48142700226044327,0.5225287994403061,0.6335391447551568,0.7022387280578453,0.6277669380369459,0.4676132642825717,0.30442645028903553,0.2767238782365656]","[null,5.997293010404004e-16,5.990766281350595e-16,5.99375314464731e-16,5.976512109609623e-16,5.9814146350441875e-16,5.953753280468907e-16,5.979979196324534e-16,5.991287049627817e-16,5.991287049629332e-16,5.983140321727258e-16,5.968132203194206e-16,5.973252782576846e-16,5.975681219506017e-16,5.984206792908005e-16,5.982850042895525e-16,5.967060578781489e-16,5.973144087299854e-16,5.987538702726152e-16,5.918518675505837e-16,1.0479600556129463e-16]"
5.1999999999999975,sqp_rti,0,"[0.29536041467305363,-1.1999999999999929,0.14294201475906862]",0.5269821279321633,0.022114340215921402,"[-2.980232227667301e-09,0.0017022033062131237,0.03050793155357906,0.09491418766809084,0.16464251044745987,0.22237328259958905,0.2789580181401872,0.33045590282301235,0.37101056356110257,0.3958590012450712,0.4027306322527629,0.3780011682958618,0.32353487554487864,0.2558540451244545,0.2002093371508165,0.18783989484923308,0.21273189468691972,0.23930285443776694,0.24244089108048855,0.22343685190170987,0.22042339097993652]","[null,1.0074828581440839e-17,1.0074749832664179e-17,1.0092758821320745e-17,1.0174648142961354e-17,1.01122936226008e-17,1.0067020457168884e-17,1.0075008035296624e-17,1.0074885860964066e-17,1.2527625728052215e-17,1.0074691400848672e-17,1.0074708263944856e-17,1.0074721360339081e-17,1.01102248562471e-17,1.0140070631064852e-17,1.0094625025501593e-17,1.0083393107486143e-17,1.0086930711085425e-17,1.009385629484677e-17,1.009177552299408e-17,1.0099119312318855e-18]"
5.299999999999997,sqp_rti,0,"[0.18512572230958474,-0.7053102899939243,0.11422421501082688]",0.5520648030670665,0.014654573053121567,"[-2.980232227667301e-09,0.1532955885826553,0.3810513201907611,0.6546230224422167,1.097645332806178,0.4578932822636526,0.41836116657620154,0.46451013327904783,0.29711403006084397,0.19604997221491766,0.531479549425282,0.6446464652667714,0.6138746735250826,0.49783318481270095,0.2996507795398882,0.22165307731696854,0.19117936993908186,0.18122744448134914,0.18854292010885337,0.20431099304930794,0.20792233402987376]","[null,2.8145550806641062e-14,2.818350048159047e-14,2.8144084781802585e-14,2.816442873731483e-14,2.816086158691881e-14,2.8138666209863186e-14,2.8137700957185916e-14,2.8134437266980992e-14,2.8194963765012896e-14,2.8146130651063144e-14,2.8151025043446638e-14,2.8157221388039372e-14,2.815145394453944e-14,2.8144111990195997e-14,2.8143793406921995e-14,2.8140519677939636e-14,2.8173120244658875e-14,2.81595332494436e-14,2.8192825295143167e-14,3.263482005079158e-15]"
5.399999999999997,sqp_rti,0,"[0.0935310519927263,-0.5446799577241443,0.10337202129948686]",0.564956811250796,0.01190360076725483,"[-2.980232227667301e-09,0.06977770584329407,0.20836835319219454,0.3037818415441265,0.3303071750396505,0.15420472983247607,0.18076772384475764,0.1957236666543956,0.12575962505730526,0.09777659820463463,0.039934762507065014,0.10902464830475705,0.13789747664648894,0.1259744522650122,0.11662498564909712,0.15047392951104915,0.1703774316879752,0.1524037851623728,0.11959896778658746,0.07683851895216148,0.047115591132969314]","[null,9.070183237754597e-16,9.070192239888811e-16,9.073856798043719e-16,9.073380572858474e-16,9.084037891258392e-16,9.071057258915949e-16,9.071084655245122e-16,9.093185630178685e-16,9.107466797481363e-16,9.091687668261499e-16,9.062738051321095e-16,9.068261137362075e-16,9.0692286266028e-16,9.068754151283014e-16,9.0860166705505e-16,9.07177620172659e-16,9.083404201643466e-16,9.07659655563419e-16,9.049325042593155e-16,1.276012407948828e-16]"
5.4999999999999964,sqp_rti,0,"[0.1544040024186878,-0.4145722273616928,0.10816609082929665]",0.5794134457586411,0.010086375288665295,"[-2.980232227667301e-09,-4.904769090874339e-09,0.007496420896899558,0.11890532326106112,0.18726979048375175,0.18174396347839467,0.13781985570043426,0.1644385427025042,0.19361209711935673,0.2178391034615988,0.15380153611272346,0.15362932565381088,0.14279120964887798,0.14323800127498015,0.15459456111249353,0.1504750074729822,0.16323630821238916,0.1804256002995384,0.19936440699999097,0.14609983716471292,0.10156244536841569]","[null,4.546299840897169e-17,4.506585267617642e-17,4.5252266933951755e-17,4.5230005780732627e-17,4.52751810007165e-17,4.5336566251038624e-17,4.539839691273191e-17,4.5406441547250413e-17,4.523226215602049e-17,4.526484277193513e-17,4.5269372128979546e-17,4.5281646742988483e-17,4.53499165182029e-17,4.530742330460737e-17,4.527910046813371e-17,4.5258440350341564e-17,4.526635956508906e-17,4.519885604738111e-17,4.509553361616827e-17,6.587267782805918e-18]"
5.599999999999996,sqp_rti,0,"[0.10236878279734657,-0.5796074085885354,0.1052369825915451]",0.5930977624897296,0.011137891560792923,"[-2.980232227667301e-09,0.09407747610087008,0.17001094228114405,0.1527779155756946,0.09271352136974792,0.15691016299502963,0.15003719757989248,0.15558874646752524,0.1532511491903364,0.15576742522628156,0.13655139910194986,0.1412378460773292,0.17617088120132146,0.2131824186481655,0.22308012337222466,0.21318204441979988,0.19714561683452186,0.17734199704981252,0.1437855463501972,0.10478413623079758,0.09390038052500344]","[null,2.778456697453218e-13,2.7774965411222805e-13,2.778069049702539e-13,2.779246868870317e-13,2.7874289558230773e-13,2.782020267917132e-13,2.788948975911963e-13,2.7790993268362233e-13,2.7790874230100954e-13,2.778915843015354e-13,2.7816708395934866e-13,2.7851541109569454e-13,2.7802643973113213e-13,2.7767293591251494e-13,2.7756717682341327e-13,2.77640044900805e-13,2.7734020956576467e-13,2.7735762005446093e-13,2.786935834529694e-13,3.442260818044055e-14]"
5.699999999999996,sqp_rti,0,"[0.14831304958639105,-0.43916893524050005,0.16132424412970375]",0.5987064886435455,0.01056512352079153,"[-2.980232227667301e-09,0.026141257614741786,0.05396906492685433,0.12838740112100383,0.1523342074310861,0.16744357884226685,0.15583547699018824,0.1631841702558206,0.16053618740286463,0.15654170504612158,0.14868750192995855,0.17915918447695917,0.20456309661558142,0.20241856544711362,0.1981655297579515,0.1930816494349708,0.17865012241298023,0.1465028787685359,0.1088730617991332,0.09608185103089478,0.10005923716581716]","[null,7.190949685178245e-17,7.170739070927136e-17,7.187232794185766e-17,7.195756964624256e-17,7.194155616245425e-17,7.208340568408081e-17,7.193858471805204e-17,7.193550624584898e-17,7.196034365993952e-17,7.1996895093421e-17,7.195161804518258e-17,7.200824519504476e-17,7.193935212628253e-17,7.195041078633718e-17,7.199413994761082e-17,7.189591239709052e-17,7.189910510064407e-17,7.190760775740931e-17,7.203446388625353e-17,7.736814879344696e-18]"
5.799999999999995,sqp_rti,0,"[0.12214005077805477,-0.6420785400363884,0.11553393464337922]",0.6220819128046405,0.01302857045084238,"[-2.980232227667301e-09,0.07197541657085155,0.1458694916935251,0.16652097760403867,0.15633291424182022,0.1756679603279932,0.17470704093357786,0.16994034725009516,0.1593934223859213,0.15808883702062176,0.19444836733777554,0.21515467754247358,0.2066079218230737,0.2025128458108803,0.1975196795293897,0.18845185439155082,0.16279650374096893,0.12350664643488579,0.10591914806639197,0.10828441757537349,0.11619485504242483]","[null,5.446720836673905e-16,5.448436646278735e-16,5.449243012225547e-16,5.4526679510513235e-16,5.448837553770806e-16,5.448870030667005e-16,5.449201408860211e-16,5.449201660185931e-16,5.450174015107846e-16,5.449448375844034e-16,5.453274510252433e-16,5.450900534962508e-16,5.451403385770172e-16,5.455472510676633e-16,5.447489394576331e-16,5.447969246732604e-16,5.447611018652912e-16,5.447146159302067e-16,5.449732176550519e-16,5.846744176730245e-17]"
5.899999999999995,sqp_rti,0,"[0.14040654520928195,-0.7170614246503483,0.12894907067514189]",0.6374006539626805,0.014271078631281853,"[-2.980232227667301e-09,0.04232133050092274,0.09624556831786962,0.1496053295976088,0.16590809540883839,0.16990418799714552,0.1657218651608881,0.15950787088226354,0.17219648680333838,0.2048302227223367,0.21531246549328104,0.20620026461417568,0.20166541637345486,0.19569040443244906,0.18510683777727693,0.16042687738457478,0.12281463301518497,0.10566714872036603,0.10780133852984203,0.1154570505893025,0.12379702045837143]","[null,1.1525016897585543e-15,1.157075982220534e-15,1.1563879572209616e-15,1.1566484764651544e-15,1.1570334354284903e-15,1.155721081293352e-15,1.1558465851993742e-15,1.1577168345316974e-15,1.1529700169757206e-15,1.1569166184561184e-15,1.154224474612058e-15,1.154100760813423e-15,1.154361517129806e-15,1.1529503929066754e-15,1.1533156779319628e-15,1.1536641496894017e-15,1.1537321520772083e-15,1.1523552388129147e-15,1.1527967882948203e-15,1.4109341141572002e-16]"
5.999999999999995,sqp_rti,0,"[0.12606315052097558,-0.803950245124442,0.13361564280142316]",0.6518445387301711,0.016987990587949753,"[-2.980232227667301e-09,0.061787024772158194,0.1301903569256549,0.15372002174885574,0.15741158826978047,0.15551822815942878,0.15017279368720243,0.1584513071868317,0.18786947618338595,0.20995145496230078,0.2062613756504959,0.20184237803608057,0.19539614292964097,0.18279241899932314,0.1555454950210054,0.11929243524488059,0.10374896054635557,0.10619151702776258,0.11376428784294684,0.12205200483567819,0.13048902090344777]","[null,4.419202358242723e-13,4.456541575389253e-13,4.464854642891061e-13,4.4613549409433097e-13,4.451955160820474e-13,4.452433658859915e-13,4.4602947509322586e-13,4.462455396955521e-13,4.4566950452510934e-13,4.4481147261447376e-13,4.4362057198654095e-13,4.435965431935132e-13,4.430542183828681e-13,4.4351268978781227e-13,4.438746224774773e-13,4.4479558017226773e-13,4.425603066899634e-13,4.368779135662179e-13,4.334109355058794e-13,1.0085427577741435e-13]"
6.099999999999994,sqp_rti,0,"[0.12129426895462314,-0.8934263562423114,0.1420122553836735]",0.6655797257902253,0.019960565492510796,"[-2.980232227667301e-09,0.02880914540045537,0.07982486824909013,0.10963207475397213,0.12317853173357457,0.12763621233311345,0.13407413742657887,0.16295281916959575,0.19777468094599088,0.20823864471346792,0.2025722673539157,0.19470507033389134,0.17745836797113573,0.14321105625784264,0.10761996034957094,0.09496058657219725,0.09801916373132108,0.10508104211848385,0.11283333115633615,0.12086771827457438,0.12927306347697015]","[null,1.184429158831986e-14,1.1925431466345009e-14,1.1928040381874443e-14,1.1900313516498605e-14,1.1899731409108197e-14,1.192703610012529e-14,1.194855622397692e-14,1.1849212460203792e-14,1.1898848120809602e-14,1.1866349453595044e-14,1.1848772995610306e-14,1.1839157880694384e-14,1.1847638883172196e-14,1.1875349900978531e-14,1.189098238376157e-14,1.1896926816812875e-14,1.1881279860047056e-14,1.1845970233097973e-14,1.1845250235569244e-14,1.6274511718547365e-15]"
6.199999999999994,sqp_rti,0,"[0.11340684055606196,-0.976299706248399,0.1403941529013981]",0.6804768448498971,0.022038206458091736,"[-2.980232227667301e-09,0.017744442014861195,0.05799539513591273,0.08408658686187148,0.09864018496239862,0.10657751898673667,0.12742524758924373,0.1694649267846698,0.20149505814652963,0.20200878712647424,0.1927239049910579,0.17066338125386055,0.12975415161523324,0.0957208469000353,0.08562797431784769,0.08881086769975904,0.09509905479780861,0.10208743998405972,0.10946682291371151,0.11720027399177174,0.12770349982093393]","[null,1.0540192594005319e-13,1.0490354932138102e-13,1.0471522516072007e-13,1.0458490865627148e-13,1.0468685292797232e-13,1.0583619687306655e-13,1.0510823181424682e-13,1.0430863287020146e-13,1.0503084870068419e-13,1.03711276682893e-13,1.0435981428278461e-13,1.0449581254723726e-13,1.0487065685852105e-13,1.0503841207041944e-13,1.0509823552681989e-13,1.0499239985553603e-13,1.0454482518469719e-13,1.036463322377346e-13,1.0281380820966945e-13,1.8235934995840872e-14]"
6.299999999999994,sqp_rti,0,"[0.10951715423555708,-0.9735733840340807,0.1418401252886785]",0.6945986696434892,0.024059712886810303,"[-2.980232227667301e-09,0.008928591144778342,0.036574221474390545,0.060423851650343086,0.07484222907614663,0.08681670526976176,0.11905475626072876,0.1693216707120085,0.20114314934141647,0.19545425445958103,0.1692479469977613,0.11860628184218563,0.08059582980183749,0.06742925811303807,0.06716978018025649,0.07011336079144509,0.07389588759191162,0.07816840237054185,0.0827636369794596,0.08763765167527332,0.09448148755641755]","[null,5.485639002541691e-16,5.486765954000447e-16,5.496426149143584e-16,5.490578534635592e-16,5.508638756734803e-16,5.535847401626597e-16,5.489181235848307e-16,5.4576563216322245e-16,5.461952957179448e-16,5.464025950519543e-16,5.479026946080257e-16,5.501963734926178e-16,5.509273886101471e-16,5.512689343863114e-16,5.515168651968292e-16,5.513808811470406e-16,5.501933056741011e-16,5.472233531708907e-16,5.436937950070541e-16,8.773494028300251e-17]"
6.399999999999993,sqp_rti,0,"[0.1145766602633804,-0.8364507886209368,0.12947304911311824]",0.7119297480442169,0.026485219597816467,"[-2.980232227667301e-09,0.004681550063365292,0.023641271346920123,0.041981631369190364,0.05529162359937195,0.0757011277692981,0.12394518132172189,0.1763192381228425,0.191366217435667,0.15294223317074868,0.10123424986899626,0.06416873339445656,0.04914321589131926,0.046436461477887214,0.04744473649163067,0.049514884110959,0.05216752048141121,0.055219454236737076,0.05852134875417586,0.0619792351567508,0.06625679944162571]","[null,4.359957393047055e-11,4.429383000662551e-11,4.4295766513444994e-11,4.413124860610423e-11,4.4714012119018083e-11,4.422147458801682e-11,4.3843735489342555e-11,4.374922920264525e-11,4.364102594156317e-11,4.375739993197919e-11,4.418684140742934e-11,4.421730467144943e-11,4.425465391899006e-11,4.427763350884146e-11,4.429014062940472e-11,4.426199236382671e-11,4.413536866489086e-11,4.38131019025113e-11,4.324301311783989e-11,7.379365377351591e-12]"
6.499999999999993,sqp_rti,0,"[0.11244637873106875,-0.7255382159965937,0.12861212598177962]",0.7261254385635139,0.028986364603042603,"[-2.980232227667301e-09,0.00288693539623075,0.016239225786163047,0.029696843772997028,0.043470006727184984,0.07407000005888681,0.11557001917179727,0.13637511935742525,0.11852959200318108,0.08041774649993166,0.049193493961132095,0.03385351932286468,0.029712867247743413,0.02956717391678715,0.030478389683373852,0.03186152084420152,0.033565728034296305,0.035486316866593814,0.037531594531436785,0.039628130136706574,0.04197176513347972]","[null,1.5560114681579865e-14,1.570172629520632e-14,1.5690997799005755e-14,1.5809622199655056e-14,1.6038261587116334e-14,1.5587296465992803e-14,1.5541855155713775e-14,1.5484303563097764e-14,1.5510149676118287e-14,1.5847564011139814e-14,1.575675380332321e-14,1.5737296160849747e-14,1.574198054177287e-14,1.5755070530629968e-14,1.5766250503579215e-14,1.5769517386717056e-14,1.57525185880126e-14,1.568947065651096e-14,1.554809079579571e-14,2.6881321005086743e-15]"
6.5999999999999925,sqp_rti,0,"[0.11219316962400051,-0.6257457779249251,0.11916081701160024]",0.7413123374851723,0.031552478671073914,"[-2.980232227667301e-09,0.0007506859972397362,0.007210368699418435,0.015943576790265868,0.030425817458188453,0.05741180400102569,0.07964934214278402,0.07825020595699855,0.05490577755644194,0.03286861687198145,0.020484718550178693,0.016424301302183475,0.01574264307487311,0.015979181084403493,0.016584059299721565,0.017439560697659895,0.018474797981666347,0.01962772674222052,0.02084108951564928,0.0220609975745098,0.023300486076085203]","[null,6.3865642104723366e-12,6.348726604232351e-12,6.345189964006216e-12,6.631526841287179e-12,6.429910603676492e-12,6.277501360874973e-12,6.264911163502792e-12,6.311545837325623e-12,6.242311019916136e-12,6.453608384545956e-12,6.437745489921845e-12,6.4323884224249824e-12,6.443573966128034e-12,6.457259994459187e-12,6.4710342901519275e-12,6.4828448350337685e-12,6.4872047075055335e-12,6.472097372918133e-12,6.420918063134084e-12,1.3204083598807466e-12]"
6.699999999999992,sqp_rti,0,"[0.11079583010827651,-0.5418520097062738,0.11069605312881946]",0.7556727674225773,0.034144118428230286,"[-2.980232227667301e-09,0.00014077875480764113,0.002598665052470528,0.008007257459714368,0.020451153906238473,0.03624088152941135,0.04174873668030338,0.03146585966198484,0.019093839121880507,0.011170731067555784,0.008214599860183303,0.007545285896127296,0.007528158168684629,0.007752390548084909,0.008139267054669108,0.008649039257152602,0.009246529780763069,0.00989868259745802,0.010572583864636609,0.011236046242628472,0.01186894070565886]","[null,2.82008461471469e-15,2.782876515838924e-15,2.844815355445617e-15,2.9192502900141705e-15,2.729457373943995e-15,2.7303303173545852e-15,2.770763186297813e-15,2.891942478153174e-15,2.9664078923304344e-15,2.8509958610704424e-15,2.832821954485284e-15,2.8376645081225832e-15,2.8455516835738566e-15,2.8544396073268935e-15,2.8643360652127473e-15,2.8751487045516663e-15,2.886256258154939e-15,2.896368597585552e-15,2.9046439155128352e-15,6.627115456267064e-16]"
6.799999999999992,sqp_rti,0,"[0.10129260905721489,-0.46715543926724445,0.12151890704022343]",0.7643585059765907,0.036738499999046326,"[-2.980232227667301e-09,1.3016025381062946e-05,0.0006461347861508315,0.00359302606725459,0.01042236388951373,0.01574305715677965,0.013604413385505165,0.00854707894764789,0.00488982038532132,0.003399953821176138,0.0030173016830576382,0.0029616246281236047,0.0030254125868813264,0.003173289052958217,0.0033897320413373566,0.0036602824238369247,0.003969778059859652,0.004302396841964984,0.004641298625873147,0.004968801162896552,0.005268773655841441]","[null,1.182456711080875e-13,1.176377287269214e-13,1.1749776107562545e-13,1.1717198418896396e-13,1.1665646225163297e-13,1.1694434581750723e-13,1.191451860031149e-13,1.211956255722828e-13,1.1934596523923968e-13,1.1879702842465835e-13,1.189378383108598e-13,1.1921999005631077e-13,1.195732000209908e-13,1.2000869856024415e-13,1.205488195824497e-13,1.2122242890211382e-13,1.22069689764381e-13,1.2315490376258363e-13,1.2459064827340986e-13,1.8527541208115497e-14]"
6.8999999999999915,sqp_rti,0,"[0.10168547744487368,-0.40326550279202755,0.10597725605748601]",0.7780112472040621,0.039255909621715546,"[-2.980232227667301e-09,1.474601669104736e-07,6.606163296921097e-05,0.0008607430637539437,0.0028142388402097596,0.003661972466598107,0.0026368178203936554,0.0015727967144421595,0.001077233211548595,0.0009496037457829565,0.0009304546899255028,0.0009475250791071144,0.0009933150664181156,0.001066273956172925,0.0011635944139188614,0.0012811467691331846,0.001413551038680988,0.0015544501261426369,0.0016962834402018956,0.0018308789464022979,0.0019500251311155292]","[null,2.6274114318796895e-17,2.6286308466753135e-17,2.6174832107946885e-17,2.62649299967464e-17,2.6334548745041955e-17,2.5679471304887316e-17,2.5665056196373417e-17,2.6197768255982286e-17,2.629994041940388e-17,2.631788471985063e-17,2.632814653835303e-17,2.633621526517583e-17,2.6341606014152536e-17,2.6342912423145442e-17,2.633835311670015e-17,2.6326181651587268e-17,2.630540557263045e-17,2.6276556143040454e-17,2.624148483859742e-17,4.176886015404175e-18]"
6.999999999999991,sqp_rti,0,"[0.10242693224456308,-0.35382868881632434,0.0907231884398832]",0.7916927467680471,0.041691266000270844,"[-2.980232227667301e-09,2.631344891979026e-09,1.192000390318193e-05,0.00021403723285637333,0.0005524442743048141,0.0005250617328848572,0.0003628925138855488,0.00027068858861173384,0.0002529237814633545,0.00025660206853589385,0.00026608552477608294,0.00028184139871550995,0.00030568625107196823,0.000338494634833042,0.00038000710113453295,0.00042938700511654937,0.00048475731752428697,0.0005436244465737705,0.0006027422496966417,0.0006584285576083371,0.0007067620033948119]","[null,7.254076201229832e-14,7.271499609300267e-14,7.367461434627265e-14,8.067533799974043e-14,8.142075560376646e-14,7.347954639699184e-14,7.330885119762662e-14,7.318700878244546e-14,7.321372216720607e-14,7.329675252746434e-14,7.340789961076526e-14,7.353718445765687e-14,7.367019108586081e-14,7.378912392691585e-14,7.388349891691572e-14,7.397198712923272e-14,7.41237095610691e-14,7.443265077079423e-14,7.489957860063781e-14,1.9922721458234092e-14]"
7.099999999999991,sqp_rti,0,"[0.09475666140812616,-0.3095120024118267,0.09654561996026233]",0.7998784430829581,0.044074490666389465,"[-2.980232227667301e-09,-1.01172561162155e-08,1.1032457207516e-06,1.8778475596892275e-05,3.493044693853031e-05,3.472073468629988e-05,3.421011099460913e-05,3.8588874098632875e-05,4.389297200457776e-05,4.884897406501332e-05,5.4093393261456235e-05,6.04604947910814e-05,6.878124573875266e-05,7.957222161683597e-05,9.298567973001215e-05,0.00010904518667637086,0.00012722474110743454,0.00014682822901973536,0.00016659382262618205,0.0001853355195817752,0.00020149540601857585]","[null,4.8518838933970113e-17,4.8550533451276985e-17,4.908450979505983e-17,4.9768030105533396e-17,4.9362793518881275e-17,4.905234413053945e-17,4.9005450757550634e-17,4.9027174268501555e-17,4.9063385137023004e-17,4.911996957712273e-17,4.921348914053134e-17,4.9364248022284395e-17,4.960180929235186e-17,4.9978043689188126e-17,5.0370746609016644e-17,5.075814339462901e-17,5.105597996853354e-17,5.1015009913126594e-17,5.0428125543170034e-17,4.351238936345803e-17]"
7.19999999999999,sqp_rti,0,"[0.08810099514606816,-0.2692101224208852,0.09863597087810688]",0.8076909313376153,0.04636111855506897,"[-2.980232227667301e-09,-2.9895547704050784e-09,-4.435590228446529e-09,1.7289339812598392e-07,5.974865334712476e-07,1.2163981186474881e-06,2.195872467580795e-06,3.3903119829037376e-06,4.6178251112694024e-06,5.8430362718242534e-06,7.174614417959635e-06,8.671617313826818e-06,1.0548506483271103e-05,1.2927750385249848e-05,1.593428394636165e-05,1.9609487363375644e-05,2.3872512527473022e-05,2.8543187310742235e-05,3.338073926462126e-05,3.796336942959999e-05,4.192957856707924e-05]","[null,1.986677272042771e-17,1.986697363484368e-17,1.987001082031364e-17,1.987445362273174e-17,1.9878662470765292e-17,1.9884506499369598e-17,1.9890864422815183e-17,1.989677169438564e-17,1.9902424822386927e-17,1.9908609362232992e-17,1.9916401056655905e-17,1.992705022671394e-17,1.994195920890556e-17,1.9962706807888485e-17,1.9991018867348354e-17,2.0028581934237154e-17,2.00765778137745e-17,2.0134804614518106e-17,2.0200431234485013e-17,9.103393814619216e-18]"
7.29999999999999,sqp_rti,0,"[0.0913892399788747,-0.23770504148205202,0.07659881239502726]",0.820694121815048,0.048664409667253494,"[-2.980232227667301e-09,-2.9802323386896035e-09,-5.30762761519199e-09,-6.892316051221314e-09,3.077967936082615e-09,2.058939416182959e-08,1.1470588959228145e-07,2.001179852939572e-07,3.9129534323834037e-07,5.385906145793928e-07,7.691114408403532e-07,1.0429087737018339e-06,1.3672747716242384e-06,1.7820670745183342e-06,2.3512311494722216e-06,3.037052061921619e-06,3.869067602968457e-06,4.854571256707185e-06,5.873600107009214e-06,6.814992989906399e-06,7.685128349088632e-06]","[null,7.786796916080216e-13,7.786797034887262e-13,7.786807612208974e-13,7.786889529948324e-13,7.787141972833487e-13,7.78758792893867e-13,7.788162361721319e-13,7.788792474241188e-13,7.789441334981356e-13,7.790117485885933e-13,7.790867624348601e-13,7.791761065288518e-13,7.792873210249542e-13,7.794270025832171e-13,7.795994675598078e-13,7.798052111140655e-13,7.800391658488135e-13,7.802887819021616e-13,7.805329995248851e-13,7.260640105210364e-13]"
7.39999999999999,sqp_rti,0,"[0.086020885655321,-0.21107971592667735,0.07790684169818553]",0.8284283779082416,0.0516967810690403,"[-2.980232227667301e-09,-2.980232227667301e-09,-2.9820503566480028e-09,-5.14545020480206e-09,1.5078275850122225e-09,-5.829218163722061e-09,-3.634121337192653e-09,-9.049489102519459e-09,2.596192050230428e-08,2.4572086559926376e-08,5.860800861290372e-08,8.071902013462307e-08,1.4926215213817429e-07,2.0080289861446055e-07,2.916871394975651e-07,4.0852133906255084e-07,5.281222561492882e-07,7.081822586130215e-07,8.938206400854742e-07,1.076231776447889e-06,1.2415223785144924e-06]","[null,3.2725050810527113e-17,3.272505080083359e-17,3.2725051076695093e-17,3.2725057667482806e-17,3.2725094471769407e-17,3.2725190600011667e-17,3.2725357509549643e-17,3.272558781149558e-17,3.2725869089658455e-17,3.2726196919349006e-17,3.272658242307686e-17,3.2727051704287226e-17,3.2727639139847045e-17,3.272837651926045e-17,3.272928075368577e-17,3.27303433289788e-17,3.273152214617001e-17,3.27327383860138e-17,3.273388088117117e-17,2.2031240366249046e-17]"
7.499999999999989,sqp_rti,0,"[0.08122585306016346,-0.18653535324090553,0.07660485717914384]",0.8359016326191919,0.05488963797688484,"[-2.980232227667301e-09,-2.980232227667301e-09,-2.9802322554228766e-09,-2.9814293533991787e-09,-3.1709193049067608e-09,-6.675260150190709e-09,1.5490511096061255e-09,-9.752656265904491e-09,-5.31759408728405e-09,-6.354381160145195e-09,-1.9380779203714837e-09,-1.011181050003529e-08,2.516321595535942e-09,2.3149276662248752e-09,3.926693387112934e-09,2.516524350015814e-08,5.484000847877368e-08,5.6579225804487265e-08,8.782058746881205e-08,8.548307176003966e-08,1.2288477835298295e-07]","[null,5.625829799782838e-12,5.6258297997861374e-12,5.6258297998128835e-12,5.625829803339954e-12,5.625829857821787e-12,5.625830141630939e-12,5.625830971003399e-12,5.62583264029558e-12,5.625835348458472e-12,5.625839221824601e-12,5.625844466058732e-12,5.625851491127755e-12,5.625860966050021e-12,5.625873670382403e-12,5.625890227253658e-12,5.625910756530286e-12,5.625934568136124e-12,5.625959976264435e-12,5.625984432283747e-12,3.306685404923866e-12]"
7.599999999999989,sqp_rti,0,"[0.07724595426759602,-0.16540866030959295,0.07378862262995753]",0.8432234623271642,0.05767747387290001,"[-2.980232227667301e-09,-2.980232227667301e-09,-2.980232227667301e-09,-2.9802323942007547e-09,-2.980420327203248e-09,-2.9918941768514173e-09,-3.1518976595368287e-09,-4.102015643825396e-09,-7.42571656942026e-09,-8.015807184680313e-10,-2.499567774982836e-09,-2.0642015874372532e-09,-6.404357655309667e-09,2.8297904020035958e-09,-6.344052283502322e-09,-9.938276007703806e-09,3.894339517529488e-09,-8.519365768400178e-11,-5.006292269627011e-09,3.989872404686068e-09,-9.241940351900624e-09]","[null,2.2900469556154858e-17,2.2900469556154858e-17,2.2900469556154858e-17,2.2900469556154858e-17,2.2900469556962652e-17,2.2900469566656174e-17,2.290046961512379e-17,2.290046977183574e-17,2.2900470116763594e-17,2.290047076138286e-17,2.2900471817976846e-17,2.2900473452951025e-17,2.2900475916721404e-17,2.2900479587335372e-17,2.2900484830723415e-17,2.290049189326257e-17,2.2900500728908607e-17,2.29005107754372e-17,2.2900520949597174e-17,1.1828642425971601e-17]"
7.699999999999989,sqp_rti,0,"[0.07401950094320238,-0.14735927387227807,0.06980567631869705]",0.850428620858911,0.060125287622213364,"[-2.980232227667301e-09,-2.980232227667301e-09,-2.980232227667301e-09,-2.980232227667301e-09,-2.9802322831784522e-09,-2.980245800143777e-09,-2.9807323276287434e-09,-2.986473429666958e-09,-3.0201329770385144e-09,-3.144695670531661e-09,-3.4837702722612107e-09,-4.242137974230786e-09,-5.7598072700226766e-09,-8.634063103363232e-09,1.0291613117274778e-09,-8.024572173415123e-09,-7.613819075213968e-09,1.1540794708775337e-09,3.7175323375215896e-09,2.5985561480368347e-09,2.5390160252047878e-09]","[null,4.053366970097046e-17,4.053366970097046e-17,4.053366970097046e-17,4.053366970097046e-17,4.053366972762765e-17,4.053366973732117e-17,4.05336697082406e-17,4.0533669735705584e-17,4.0533669744591313e-17,4.053366976882512e-17,4.053366984314213e-17,4.053367000470084e-17,4.053367029712211e-17,4.0533670736561813e-17,4.053367143045649e-17,4.05336724959362e-17,4.053367393865551e-17,4.053367571337798e-17,4.053367769328001e-17,2.6364168701046583e-17]"
7.799999999999988,sqp_rti,0,"[0.0714315836496722,-0.13188759985034315,0.06487949854446684]",0.8575394562443607,0.062289100140333176,"[-2.980232227667301e-09,-2.980232227667301e-09,-2.980232227667301e-09,-2.980232227667301e-09,-2.980232227667301e-09,-2.980232227667301e-09,-2.9802327827788133e-09,-2.9802469103668017e-09,-2.9803969570085798e-09,-2.9812766422221415e-09,-2.984708841191619e-09,-2.9948843127680647e-09,-3.0203115564120253e-09,-3.0780796245188924e-09,-3.201459708446208e-09,-3.4475577392889534e-09,-3.89498611141903e-09,-4.619765930913289e-09,-5.647945028330881e-09,-6.903027954807683e-09,-8.184492278351385e-09]","[null,1.3350668734925684e-16,1.3350668734925684e-16,1.3350668734925684e-16,1.3350668734925684e-16,1.3350668742761282e-16,1.3350668738560756e-16,1.3350668735652699e-16,1.3350668738399197e-16,1.335066873411789e-16,1.335066874688103e-16,1.3350668738803094e-16,1.3350668744619207e-16,1.335066874801194e-16,1.335066875059688e-16,1.335066876828756e-16,1.3350668781777711e-16,1.3350668812312308e-16,1.3350668845027948e-16,1.3350668893091665e-16,1.1086012538436258e-16]"
7.899999999999988,sqp_rti,0,"[0.06937286510640757,-0.11858111899397984,0.05918200299928446]",0.8645731598527151,0.06421388685703278,"[-2.980232227667301e-09,-2.980232227667301e-09,-2.980232227667301e-09,-2.980232227667301e-09,-2.980232227667301e-09,-2.980232227667301e-09,-2.980232227667301e-09,-2.980232227667301e-09,-2.980232505223057e-09,-2.9802350864915894e-09,-2.980250352058178e-09,-2.9803134404815523e-09,-2.9805192480747422e-09,-2.9811019763847924e-09,-2.9826113245867703e-09,-2.9861924877305768e-09,-2.9937846923733247e-09,-3.0078133039790345e-09,-3.030002054815739e-09,-3.059548225881059e-09,-3.0917973459221315e-09]","[null,3.2907324948158413e-15,3.2907324948158413e-15,3.2907324948158413e-15,3.2907324948158413e-15,3.2907324948941973e-15,3.2907324949555896e-15,3.2907324948231114e-15,3.290732494953974e-15,3.290732494911161e-15,3.2907324949353947e-15,3.290732494958013e-15,3.290732495016174e-15,3.290732494946704e-15,3.290732495075951e-15,3.2907324950460624e-15,3.2907324952843616e-15,3.29073249548631e-15,3.290732495606671e-15,3.290732496190706e-15,3.4571720157529304e-15]"
7.999999999999988,sqp_rti,0,"[0.06774900560939504,-0.10709707175862236,0.052851283868829334]",0.8715435411025426,0.0659359022974968,"[-2.980232227667301e-09,-2.980232227667301e-09,-2.980232227667301e-09,-2.980232227667301e-09,-2.980232227667301e-09,-2.980232227667301e-09,-2.980232227667301e-09,-2.980232227667301e-09,-2.980232227667301e-09,-2.980232227667301e-09,-2.9802322554228766e-09,-2.9802324219563303e-09,-2.9802331158457207e-09,-2.9802356693586773e-09,-2.9802440515425133e-09,-2.9802685874713575e-09,-2.9803312040499463e-09,-2.9804666790145262e-09,-2.9807105950130364e-09,-2.9810708346289516e-09,-2.9814965774033197e-09]","[null,6.1946790318284235e-15,6.1946790318284235e-15,6.1946790318284235e-15,6.1946790318284235e-15,6.1946790319067794e-15,6.194679031968172e-15,6.194679031835694e-15,6.194679031966556e-15,6.194679031923743e-15,6.194679031947977e-15,6.194679031970595e-15,6.194679031925359e-15,6.194679031959286e-15,6.194679031881738e-15,6.194679031955247e-15,6.1946790318833534e-15,6.194679032085302e-15,6.194679031998868e-15,6.19467903185912e-15,7.056066728033051e-15]"
8.099999999999987,sqp_rti,0,"[0.0664809998358838,-0.09715343769296149,0.04599985113973034]",0.8784618509925054,0.06748447567224503,"[-2.980232227667301e-09,-2.980232227667301e-09,-2.980232227667301e-09,-2.980232227667301e-09,-2.980232227667301e-09,-2.980232227667301e-09,-2.980232227667301e-09,-2.980232227667301e-09,-2.980232227667301e-09,-2.980232227667301e-09,-2.980232227667301e-09,-2.980232227667301e-09,-2.980232227667301e-09,-2.980232227667301e-09,-2.9802322554228766e-09,-2.980232310934028e-09,-2.9802325329786328e-09,-2.980233088090145e-09,-2.9802342815798966e-09,-2.9802362244701897e-09,-2.9802387779831463e-09]","[null,8.200254979220208e-15,8.200254979220208e-15,8.200254979220208e-15,8.200254979220208e-15,8.200254979195167e-15,8.200254979256559e-15,8.200254979227479e-15,8.200254979254944e-15,8.20025497921213e-15,8.200254979236364e-15,8.200254979258982e-15,8.200254979213746e-15,8.200254979247673e-15,8.200254979273523e-15,8.200254979140237e-15,8.200254979068343e-15,8.200254979166894e-15,8.200254979183858e-15,8.200254979250905e-15,9.67355638861347e-15]"
8.199999999999987,sqp_rti,0,"[0.0562571027223007,-0.08688507942140178,0.06128596798368287]",0.8799904626769007,0.0688835009932518,"[-2.980232227667301e-09,-2.980232227667301e-09,-2.980232227667301e-09,-2.980232227667301e-09,-2.980232227667301e-09,-2.980232227667301e-09,-2.980232227667301e-09,-2.980232227667301e-09,-2.980232227667301e-09,-2.980232227667301e-09,-2.980232227667301e-09,-2.980232227667301e-09,-2.980232227667301e-09,-2.980232227667301e-09,-2.980232227667301e-09,-2.980232227667301e-09,-2.980232227667301e-09,-2.980232227667301e-09,-2.980232227667301e-09,-2.980232227667301e-09,-2.980232227667301e-09]","[null,1.8564942571048008e-14,1.8564942571048008e-14,1.8564942571048008e-14,1.8564942571048008e-14,1.8564942571022967e-14,1.856494257108436e-14,1.8564942571055278e-14,1.8564942571082743e-14,1.856494257103993e-14,1.8564942571064164e-14,1.8564942571086782e-14,1.8564942571041546e-14,1.8564942571075473e-14,1.8564942571101323e-14,1.8564942570968037e-14,1.8564942570896143e-14,1.8564942570994694e-14,1.8564942571011658e-14,1.8564942571078704e-14,2.0186493891512845e-14]"
8.299999999999986,sqp_rti,0,"[0.05618191908626279,-0.07839493465690728,0.05088028046488952]",0.8865533470878939,0.07004982978105545,"[-2.980232227667301e-09,-2.980232227667301e-09,-2.980232227667301e-09,-2.980232227667301e-09,-2.980232227667301e-09,-2.980232227667301e-09,-2.980232227667301e-09,-2.980232227667301e-09,-2.980232227667301e-09,-2.980232227667301e-09,-2.980232227667301e-09,-2.980232227667301e-09,-2.980232227667301e-09,-2.980232227667301e-09,-2.980232227667301e-09,-2.980232227667301e-09,-2.980232227667301e-09,-2.980232227667301e-09,-2.980232227667301e-09,-2.980232227667301e-09,-2.980232227667301e-09]","[null,1.3828901921279165e-14,1.3828901921279165e-14,1.3828901921279165e-14,1.3828901921279165e-14,1.3828901921254123e-14,1.3828901921315515e-14,1.3828901921286435e-14,1.38289019213139e-14,1.3828901921271087e-14,1.382890192129532e-14,1.3828901921317939e-14,1.3828901921272702e-14,1.382890192130663e-14,1.3828901921332479e-14,1.3828901921199193e-14,1.3828901921334095e-14,1.382890192122585e-14,1.3828901921242814e-14,1.3828901921309861e-14,1.615422078723427e-14]"
8.399999999999986,sqp_rti,0,"[0.056891324568423766,-0.07171732616069942,0.04109796030661252]",0.8931785682349391,0.07111036777496338,"[-2.980232227667301e-09,-2.980232227667301e-09,-2.980232227667301e-09,-2.980232227667301e-09,-2.980232227667301e-09,-2.980232227667301e-09,-2.980232227667301e-09,-2.980232227667301e-09,-2.980232227667301e-09,-2.980232227667301e-09,-2.980232227667301e-09,-2.980232227667301e-09,-2.980232227667301e-09,-2.980232227667301e-09,-2.980232227667301e-09,-2.980232227667301e-09,-2.980232227667301e-09,-2.980232227667301e-09,-2.980232227667301e-09,-2.980232227667301e-09,-2.980232227667301e-09]","[null,8.687578124438333e-15,8.687578124438333e-15,8.687578124438333e-15,8.687578124438333e-15,8.687578124413291e-15,8.687578124474684e-15,8.687578124445603e-15,8.687578124473068e-15,8.687578124430255e-15,8.687578124454489e-15,8.687578124477107e-15,8.68757812443187e-15,8.687578124465798e-15,8.687578124491647e-15,8.687578124565156e-15,8.687578124493263e-15,8.687578124385018e-15,8.687578124401982e-15,8.687578124469029e-15,1.072423023095468e-14]"
8.499999999999986,sqp_rti,0,"[0.04833130379884301,-0.06466461858089831,0.05411783791045468]",0.8944805559953234,0.07208830863237381,"[-2.980232227667301e-09,-2.980232227667301e-09,-2.980232227667301e-09,-2.980232227667301e-09,-2.980232227667301e-09,-2.980232227667301e-09,-2.980232227667301e-09,-2.980232227667301e-09,-2.980232227667301e-09,-2.980232227667301e-09,-2.980232227667301e-09,-2.980232227667301e-09,-2.980232227667301e-09,-2.980232227667301e-09,-2.980232227667301e-09,-2.980232227667301e-09,-2.980232227667301e-09,-2.980232227667301e-09,-2.980232227667301e-09,-2.980232227667301e-09,-2.980232227667301e-09]","[null,8.017419454873926e-15,8.017419454873926e-15,8.017419454873926e-15,8.017419454873926e-15,8.017419454848884e-15,8.017419454910277e-15,8.017419454881196e-15,8.017419454908661e-15,8.017419454865848e-15,8.017419454890082e-15,8.0174194549127e-15,8.017419454867464e-15,8.017419454901391e-15,8.01741945492724e-15,8.017419454690557e-15,8.017419454928856e-15,8.017419454613816e-15,8.017419454837575e-15,8.017419454904622e-15,9.222456895863914e-15]"
8.599999999999985,sqp_rti,0,"[0.04968063763950315,-0.05892354922405473,0.041817581791396496]",0.9008539835462903,0.07291338592767715,"[-2.980232227667301e-09,-2.980232227667301e-09,-2.980232227667301e-09,-2.980232227667301e-09,-2.980232227667301e-09,-2.980232227667301e-09,-2.980232227667301e-09,-2.980232227667301e-09,-2.980232227667301e-09,-2.980232227667301e-09,-2.980232227667301e-09,-2.980232227667301e-09,-2.980232227667301e-09,-2.980232227667301e-09,-2.980232227667301e-09,-2.980232227667301e-09,-2.980232227667301e-09,-2.980232227667301e-09,-2.980232227667301e-09,-2.980232227667301e-09,-2.980232227667301e-09]","[null,3.793226956443476e-15,3.793226956443476e-15,3.793226956443476e-15,3.793226956443476e-15,3.793226956315037e-15,3.7932269564798266e-15,3.793226956450746e-15,3.793226956478211e-15,3.793226956435398e-15,3.793226956459632e-15,3.7932269563788524e-15,3.7932269564370135e-15,3.793226956470941e-15,3.793226956393393e-15,3.793226956260107e-15,3.793226956395008e-15,3.793226956183366e-15,3.793226956303728e-15,3.793226956474172e-15,4.6524401687324255e-15]"
8.699999999999985,sqp_rti,0,"[0.051612979641447086,-0.05444564130196846,0.030423061467376035]",0.9073179846767611,0.07367726415395737,"[-2.980232227667301e-09,-2.980232227667301e-09,-2.980232227667301e-09,-2.980232227667301e-09,-2.980232227667301e-09,-2.980232227667301e-09,-2.980232227667301e-09,-2.980232227667301e-09,-2.980232227667301e-09,-2.980232227667301e-09,-2.980232227667301e-09,-2.980232227667301e-09,-2.980232227667301e-09,-2.980232227667301e-09,-2.980232227667301e-09,-2.980232227667301e-09,-2.980232227667301e-09,-2.980232227667301e-09,-2.980232227667301e-09,-2.980232227667301e-09,-2.980232227667301e-09]","[null,2.116383474157932e-15,2.116383474157932e-15,2.116383474157932e-15,2.116383474157932e-15,2.1163834741328905e-15,2.116383474142584e-15,2.1163834741652022e-15,2.1163834741409684e-15,2.116383474149854e-15,2.116383474174088e-15,2.116383474248405e-15,2.1163834741514697e-15,2.1163834741336982e-15,2.1163834742112464e-15,2.1163834741296593e-15,2.116383474212862e-15,2.1163834741046177e-15,2.1163834741215813e-15,2.1163834741369294e-15,2.6409226628236012e-15]"
8.799999999999985,sqp_rti,0,"[0.044002366607799846,-0.049477396918851356,0.04218870724096341]",0.9084945492541197,0.0743933767080307,"[-2.980232227667301e-09,-2.980232227667301e-09,-2.980232227667301e-09,-2.980232227667301e-09,-2.980232227667301e-09,-2.980232227667301e-09,-2.980232227667301e-09,-2.980232227667301e-09,-2.980232227667301e-09,-2.980232227667301e-09,-2.980232227667301e-09,-2.980232227667301e-09,-2.980232227667301e-09,-2.980232227667301e-09,-2.980232227667301e-09,-2.980232227667301e-09,-2.980232227667301e-09,-2.980232227667301e-09,-2.980232227667301e-09,-2.980232227667301e-09,-2.980232227667301e-09]","[null,1.3458234195638037e-15,1.3458234195638037e-15,1.3458234195638037e-15,1.3458234195638037e-15,1.345823419590461e-15,1.3458234196001544e-15,1.3458234195710739e-15,1.3458234195985388e-15,1.3458234196074246e-15,1.3458234195799596e-15,1.3458234194991802e-15,1.3458234196090402e-15,1.3458234195912687e-15,1.3458234195137205e-15,1.3458234195872297e-15,1.3458234195153361e-15,1.3458234195621881e-15,1.345823419527453e-15,1.3458234195944999e-15,1.577324170612243e-15]"
8.899999999999984,sqp_rti,0,"[0.046156809877749325,-0.04549302621167069,0.028821618555367304]",0.9147612935484328,0.07500336319208145,"[-2.980232227667301e-09,-2.980232227667301e-09,-2.980232227667301e-09,-2.980232227667301e-09,-2.980232227667301e-09,-2.980232227667301e-09,-2.980232227667301e-09,-2.980232227667301e-09,-2.980232227667301e-09,-2.980232227667301e-09,-2.980232227667301e-09,-2.980232227667301e-09,-2.980232227667301e-09,-2.980232227667301e-09,-2.980232227667301e-09,-2.980232227667301e-09,-2.980232227667301e-09,-2.980232227667301e-09,-2.980232227667301e-09,-2.980232227667301e-09,-2.980232227667301e-09]","[null,6.593681133031269e-16,6.593681133031269e-16,6.593681133031269e-16,6.593681133031269e-16,6.593681132780853e-16,6.593681132877788e-16,6.593681132586983e-16,6.593681132861632e-16,6.59368113295049e-16,6.59368113267584e-16,6.593681132385034e-16,6.593681132966646e-16,6.593681132788931e-16,6.593681133047425e-16,6.593681132748541e-16,6.593681133063581e-16,6.593681133015113e-16,6.59368113318475e-16,6.593681132821243e-16,7.438234899656779e-16]"
8.999999999999984,sqp_rti,0,"[0.0393839421288821,-0.041430096730709014,0.03929021395186121]",0.9158081530880824,0.07557500898838043,"[-2.980232227667301e-09,-2.980232227667301e-09,-2.980232227667301e-09,-2.980232227667301e-09,-2.980232227667301e-09,-2.980232227667301e-09,-2.980232227667301e-09,-2.980232227667301e-09,-2.980232227667301e-09,-2.980232227667301e-09,-2.980232227667301e-09,-2.980232227667301e-09,-2.980232227667301e-09,-2.980232227667301e-09,-2.980232227667301e-09,-2.980232227667301e-09,-2.980232227667301e-09,-2.980232227667301e-09,-2.980232227667301e-09,-2.980232227667301e-09,-2.980232227667301e-09]","[null,5.586792003958796e-16,5.586792003958796e-16,5.586792003958796e-16,5.586792003958796e-16,5.58679200370838e-16,5.586792003546821e-16,5.586792003773003e-16,5.586792003530665e-16,5.586792003878016e-16,5.586792003603367e-16,5.586792003571055e-16,5.586792003894172e-16,5.586792003716458e-16,5.586792003716458e-16,5.586792003676068e-16,5.586792003732614e-16,5.58679200394264e-16,5.586792003595289e-16,5.586792003748769e-16,6.088962834812495e-16]"
9.099999999999984,sqp_rti,0,"[0.042324802179270184,-0.0382734313802604,0.024866315351611275]",0.9219692163909302,0.07606478035449982,"[-2.980232227667301e-09,-2.980232227667301e-09,-2.980232227667301e-09,-2.980232227667301e-09,-2.980232227667301e-09,-2.980232227667301e-09,-2.980232227667301e-09,-2.980232227667301e-09,-2.980232227667301e-09,-2.980232227667301e-09,-2.980232227667301e-09,-2.980232227667301e-09,-2.980232227667301e-09,-2.980232227667301e-09,-2.980232227667301e-09,-2.980232227667301e-09,-2.980232227667301e-09,-2.980232227667301e-09,-2.980232227667301e-09,-2.980232227667301e-09,-2.980232227667301e-09]","[null,3.337648006187076e-16,3.337648006187076e-16,3.337648006187076e-16,3.337648006187076e-16,3.33764800593666e-16,3.337648006033595e-16,3.3376480060012835e-16,3.3376480060174393e-16,3.3376480058478027e-16,3.337648006090141e-16,3.337648006057829e-16,3.3376480058639586e-16,3.337648005944738e-16,3.337648005944738e-16,3.337648005904348e-16,3.337648005960894e-16,3.33764800617092e-16,3.337648006082063e-16,3.3376480059770497e-16,3.037354643303688e-16]"
9.199999999999983,sqp_rti,0,"[0.03621231356621973,-0.03500079568773663,0.034480385894388]",0.922930623445208,0.07652875781059265,"[-2.980232227667301e-09,-2.980232227667301e-09,-2.980232227667301e-09,-2.980232227667301e-09,-2.980232227667301e-09,-2.980232227667301e-09,-2.980232227667301e-09,-2.980232227667301e-09,-2.980232227667301e-09,-2.980232227667301e-09,-2.980232227667301e-09,-2.980232227667301e-09,-2.980232227667301e-09,-2.980232227667301e-09,-2.980232227667301e-09,-2.980232227667301e-09,-2.980232227667301e-09,-2.980232227667301e-09,-2.980232227667301e-09,-2.980232227667301e-09,-2.980232227667301e-09]","[null,1.20657515745451e-16,1.20657515745451e-16,1.20657515745451e-16,1.20657515745451e-16,1.206575157333341e-16,1.2065751574302762e-16,1.2065751573979645e-16,1.2065751574141203e-16,1.2065751575029776e-16,1.2065751574868217e-16,1.20657515745451e-16,1.2065751573898865e-16,1.206575157341419e-16,1.206575157341419e-16,1.2065751574302762e-16,1.2065751573575748e-16,1.2065751574383541e-16,1.2065751574787438e-16,1.2065751573737306e-16,1.0749319307122238e-16]"
9.299999999999983,sqp_rti,0,"[0.0397948760061513,-0.03249757277541421,0.019390213172127205]",0.9290250593358544,0.07692897319793701,"[-2.980232227667301e-09,-2.980232227667301e-09,-2.980232227667301e-09,-2.980232227667301e-09,-2.980232227667301e-09,-2.980232227667301e-09,-2.980232227667301e-09,-2.980232227667301e-09,-2.980232227667301e-09,-2.980232227667301e-09,-2.980232227667301e-09,-2.980232227667301e-09,-2.980232227667301e-09,-2.980232227667301e-09,-2.980232227667301e-09,-2.980232227667301e-09,-2.980232227667301e-09,-2.980232227667301e-09,-2.980232227667301e-09,-2.980232227667301e-09,-2.980232227667301e-09]","[null,3.6303897271909455e-16,3.6303897271909455e-16,3.6303897271909455e-16,3.6303897271909455e-16,3.6303897270697764e-16,3.6303897271667117e-16,3.6303897271344e-16,3.630389727150556e-16,3.630389727239413e-16,3.630389727223257e-16,3.6303897271909455e-16,3.630389727126322e-16,3.6303897270778544e-16,3.6303897270778544e-16,3.6303897271667117e-16,3.63038972709401e-16,3.6303897271747896e-16,3.6303897272151793e-16,3.630389727110166e-16,3.0674481664936364e-16]"
9.399999999999983,sqp_rti,0,"[0.03404787558502194,-0.02983853218102275,0.028385111213846247]",0.9299245491400263,0.07731175422668457,"[-2.980232227667301e-09,-2.980232227667301e-09,-2.980232227667301e-09,-2.980232227667301e-09,-2.980232227667301e-09,-2.980232227667301e-09,-2.980232227667301e-09,-2.980232227667301e-09,-2.980232227667301e-09,-2.980232227667301e-09,-2.980232227667301e-09,-2.980232227667301e-09,-2.980232227667301e-09,-2.980232227667301e-09,-2.980232227667301e-09,-2.980232227667301e-09,-2.980232227667301e-09,-2.980232227667301e-09,-2.980232227667301e-09,-2.980232227667301e-09,-2.980232227667301e-09]","[null,1.6206390111900255e-16,1.6206390111900255e-16,1.6206390111900255e-16,1.6206390111900255e-16,1.6206390110688565e-16,1.6206390110365447e-16,1.62063901113348e-16,1.6206390110203888e-16,1.620639011238493e-16,1.6206390112223372e-16,1.6206390111900255e-16,1.620639011125402e-16,1.6206390110769344e-16,1.6206390110769344e-16,1.6206390110365447e-16,1.6206390110930903e-16,1.6206390111738696e-16,1.6206390112142593e-16,1.6206390111092461e-16,1.423165699650544e-16]"
9.499999999999982,sqp_rti,0,"[0.02848425659397955,-0.027111341911276024,0.0355918255294155]",0.9306452205715835,0.0776434987783432,"[-2.980232227667301e-09,-2.980232227667301e-09,-2.980232227667301e-09,-2.980232227667301e-09,-2.980232227667301e-09,-2.980232227667301e-09,-2.980232227667301e-09,-2.980232227667301e-09,-2.980232227667301e-09,-2.980232227667301e-09,-2.980232227667301e-09,-2.980232227667301e-09,-2.980232227667301e-09,-2.980232227667301e-09,-2.980232227667301e-09,-2.980232227667301e-09,-2.980232227667301e-09,-2.980232227667301e-09,-2.980232227667301e-09,-2.980232227667301e-09,-2.980232227667301e-09]","[null,8.526207674802243e-16,8.526207674802243e-16,8.526207674802243e-16,8.526207674802243e-16,8.526207675068815e-16,8.526207675036504e-16,8.526207675004192e-16,8.526207675020348e-16,8.526207674850711e-16,8.526207674834555e-16,8.526207674802243e-16,8.526207674996114e-16,8.526207675076893e-16,8.526207675076893e-16,8.526207675036504e-16,8.526207675093049e-16,8.526207675044581e-16,8.526207674826477e-16,8.526207675109205e-16,6.218603341999453e-16]"
9.599999999999982,sqp_rti,0,"[0.03325645661382389,-0.02527476517871056,0.01873146464927506]",0.936562637646442,0.07792872190475464,"[-2.980232227667301e-09,-2.980232227667301e-09,-2.980232227667301e-09,-2.980232227667301e-09,-2.980232227667301e-09,-2.980232227667301e-09,-2.980232227667301e-09,-2.980232227667301e-09,-2.980232227667301e-09,-2.980232227667301e-09,-2.980232227667301e-09,-2.980232227667301e-09,-2.980232227667301e-09,-2.980232227667301e-09,-2.980232227667301e-09,-2.980232227667301e-09,-2.980232227667301e-09,-2.980232227667301e-09,-2.980232227667301e-09,-2.980232227667301e-09,-2.980232227667301e-09]","[null,2.3424761277888545e-16,2.3424761277888545e-16,2.3424761277888545e-16,2.3424761277888545e-16,2.3424761276676855e-16,2.3424761277646207e-16,2.342476127732309e-16,2.342476127748465e-16,2.342476127837322e-16,2.342476127821166e-16,2.3424761277888545e-16,2.342476127724231e-16,2.3424761276757634e-16,2.3424761276757634e-16,2.3424761277646207e-16,2.342476127821166e-16,2.3424761277726986e-16,2.3424761278130883e-16,2.342476127837322e-16,1.769385206378362e-16]"
9.699999999999982,sqp_rti,0,"[0.028620974036372183,-0.02332835129925793,0.026326990359388777]",0.9373221902174534,0.07820603996515274,"[-2.980232227667301e-09,-2.980232227667301e-09,-2.980232227667301e-09,-2.980232227667301e-09,-2.980232227667301e-09,-2.980232227667301e-09,-2.980232227667301e-09,-2.980232227667301e-09,-2.980232227667301e-09,-2.980232227667301e-09,-2.980232227667301e-09,-2.980232227667301e-09,-2.980232227667301e-09,-2.980232227667301e-09,-2.980232227667301e-09,-2.980232227667301e-09,-2.980232227667301e-09,-2.980232227667301e-09,-2.980232227667301e-09,-2.980232227667301e-09,-2.980232227667301e-09]","[null,1.6026887894952594e-15,1.6026887894952594e-15,1.6026887894952594e-15,1.6026887894952594e-15,1.602688789508992e-15,1.602688789492836e-15,1.6026887894896049e-15,1.6026887894912204e-15,1.6026887895001062e-15,1.6026887894984906e-15,1.6026887894952594e-15,1.602688789488797e-15,1.6026887895097997e-15,1.6026887895097997e-15,1.602688789492836e-15,1.6026887894984906e-15,1.6026887894936438e-15,1.6026887894976828e-15,1.6026887895001062e-15,1.1210452295368207e-15]"
9.799999999999981,sqp_rti,0,"[0.02396575882510747,-0.021347285052419066,0.03238352240898068]",0.9379278434224114,0.07844940572977066,"[-2.980232227667301e-09,-2.980232227667301e-09,-2.980232227667301e-09,-2.980232227667301e-09,-2.980232227667301e-09,-2.980232227667301e-09,-2.980232227667301e-09,-2.980232227667301e-09,-2.980232227667301e-09,-2.980232227667301e-09,-2.980232227667301e-09,-2.980232227667301e-09,-2.980232227667301e-09,-2.980232227667301e-09,-2.980232227667301e-09,-2.980232227667301e-09,-2.980232227667301e-09,-2.980232227667301e-09,-2.980232227667301e-09,-2.980232227667301e-09,-2.980232227667301e-09]","[null,1.2630878283797715e-13,1.2630878283797715e-13,1.2630878283797715e-13,1.2630878283797715e-13,1.2630878283799088e-13,1.2630878283797473e-13,1.263087828379715e-13,1.263087828379731e-13,1.26308782837982e-13,1.2630878283798038e-13,1.2630878283797715e-13,1.263087828379707e-13,1.263087828379917e-13,1.263087828379917e-13,1.2630878283797473e-13,1.2630878283798038e-13,1.2630878283797554e-13,1.2630878283797957e-13,1.26308782837982e-13,8.336020194202649e-14]"
9.89999999999998,sqp_rti,0,"[0.029592800999843544,-0.01999405144707564,0.014587453830928122]",0.9437516897274802,0.07866118103265762,"[-2.980232227667301e-09,-2.980232227667301e-09,-2.980232227667301e-09,-2.980232227667301e-09,-2.980232227667301e-09,-2.980232227667301e-09,-2.980232227667301e-09,-2.980232227667301e-09,-2.980232227667301e-09,-2.980232227667301e-09,-2.980232227667301e-09,-2.980232227667301e-09,-2.980232227667301e-09,-2.980232227667301e-09,-2.980232227667301e-09,-2.980232227667301e-09,-2.980232227667301e-09,-2.980232227667301e-09,-2.980232227667301e-09,-2.980232227667301e-09,-2.980232227667301e-09]","[null,8.610899585373714e-17,8.610899585373714e-17,8.610899585373714e-17,8.610899585373714e-17,8.610899584808258e-17,8.610899585131376e-17,8.610899584808258e-17,8.610899584969817e-17,8.61089958456592e-17,8.610899585050596e-17,8.610899585373714e-17,8.610899584727479e-17,8.610899584889038e-17,8.610899584889038e-17,8.610899585131376e-17,8.610899585050596e-17,8.610899585212155e-17,8.610899584969817e-17,8.61089958456592e-17,7.926270088343107e-17]"
9.99999999999998,sqp_rti,0,"[0.025508538287232947,-0.018550993362569476,0.02135443707205182]",0.9444283880515925,0.07886945456266403,"[-2.980232227667301e-09,-2.980232227667301e-09,-2.980232227667301e-09,-2.980232227667301e-09,-2.980232227667301e-09,-2.980232227667301e-09,-2.980232227667301e-09,-2.980232227667301e-09,-2.980232227667301e-09,-2.980232227667301e-09,-2.980232227667301e-09,-2.980232227667301e-09,-2.980232227667301e-09,-2.980232227667301e-09,-2.980232227667301e-09,-2.980232227667301e-09,-2.980232227667301e-09,-2.980232227667301e-09,-2.980232227667301e-09,-2.980232227667301e-09,-2.980232227667301e-09]","[null,1.827555178307349e-15,1.827555178307349e-15,1.827555178307349e-15,1.827555178307349e-15,1.8275551783016946e-15,1.8275551783049258e-15,1.8275551783016946e-15,1.8275551783033102e-15,1.8275551783251206e-15,1.827555178304118e-15,1.827555178307349e-15,1.827555178300887e-15,1.8275551783025024e-15,1.8275551783025024e-15,1.8275551783049258e-15,1.827555178304118e-15,1.8275551783057336e-15,1.8275551783033102e-15,1.8275551783251206e-15,1.2104722298299095e-15]"
10.09999999999998,sqp_rti,0,"[0.021375548251215626,-0.017080424543704502,0.026751626639934807]",0.9449681070083793,0.0790538415312767,"[-2.980232227667301e-09,-2.980232227667301e-09,-2.980232227667301e-09,-2.980232227667301e-09,-2.980232227667301e-09,-2.980232227667301e-09,-2.980232227667301e-09,-2.980232227667301e-09,-2.980232227667301e-09,-2.980232227667301e-09,-2.980232227667301e-09,-2.980232227667301e-09,-2.980232227667301e-09,-2.980232227667301e-09,-2.980232227667301e-09,-2.980232227667301e-09,-2.980232227667301e-09,-2.980232227667301e-09,-2.980232227667301e-09,-2.980232227667301e-09,-2.980232227667301e-09]","[null,1.7287466676838536e-13,1.7287466676838536e-13,1.7287466676838536e-13,1.7287466676838536e-13,1.728746667683797e-13,1.7287466676838294e-13,1.728746667683797e-13,1.7287466676838132e-13,1.7287466676840313e-13,1.7287466676838213e-13,1.7287466676838536e-13,1.728746667684823e-13,1.7287466676838052e-13,1.7287466676838052e-13,1.7287466676838294e-13,1.7287466676838213e-13,1.7287466676838375e-13,1.7287466676838132e-13,1.7287466676840313e-13,9.967451543173842e-14]"
10.19999999999998,sqp_rti,0,"[0.02759471919909269,-0.016059900073824865,0.00846121436270832]",0.950742518943531,0.0792158916592598,"[-2.980232227667301e-09,-2.980232227667301e-09,-2.980232227667301e-09,-2.980232227667301e-09,-2.980232227667301e-09,-2.980232227667301e-09,-2.980232227667301e-09,-2.980232227667301e-09,-2.980232227667301e-09,-2.980232227667301e-09,-2.980232227667301e-09,-2.980232227667301e-09,-2.980232227667301e-09,-2.980232227667301e-09,-2.980232227667301e-09,-2.980232227667301e-09,-2.980232227667301e-09,-2.980232227667301e-09,-2.980232227667301e-09,-2.980232227667301e-09,-2.980232227667301e-09]","[null,2.886982992005893e-16,2.886982992005893e-16,2.886982992005893e-16,2.886982992005893e-16,2.8869829919493476e-16,2.8869829919816593e-16,2.8869829919493476e-16,2.8869829919655034e-16,2.886982992118984e-16,2.8869829919735814e-16,2.886982992005893e-16,2.88698299213514e-16,2.8869829919574255e-16,2.8869829919574255e-16,2.8869829919816593e-16,2.8869829919735814e-16,2.886982991989737e-16,2.8869829919655034e-16,2.886982992118984e-16,2.786818785929661e-16]"
10.29999999999998,sqp_rti,0,"[0.023718634966481588,-0.014963475170923023,0.014723620468332059]",0.9513687595540932,0.0793759748339653,"[-2.980232227667301e-09,-2.980232227667301e-09,-2.980232227667301e-09,-2.980232227667301e-09,-2.980232227667301e-09,-2.980232227667301e-09,-2.980232227667301e-09,-2.980232227667301e-09,-2.980232227667301e-09,-2.980232227667301e-09,-2.980232227667301e-09,-2.980232227667301e-09,-2.980232227667301e-09,-2.980232227667301e-09,-2.980232227667301e-09,-2.980232227667301e-09,-2.980232227667301e-09,-2.980232227667301e-09,-2.980232227667301e-09,-2.980232227667301e-09,-2.980232227667301e-09]","[null,1.1179377824316115e-15,1.1179377824316115e-15,1.1179377824316115e-15,1.1179377824316115e-15,1.1179377824518063e-15,1.1179377824421128e-15,1.1179377824518063e-15,1.1179377824404972e-15,1.1179377824429206e-15,1.117937782441305e-15,1.1179377824316115e-15,1.1179377824445362e-15,1.1179377824396894e-15,1.1179377824396894e-15,1.1179377824421128e-15,1.117937782441305e-15,1.1179377824429206e-15,1.1179377824404972e-15,1.1179377824429206e-15,6.938828220253401e-16]"
10.399999999999979,sqp_rti,0,"[0.01988213590377515,-0.01379119769375568,0.019738039395886062]",0.9518702014468485,0.07951853424310684,"[-2.980232227667301e-09,-2.980232227667301e-09,-2.980232227667301e-09,-2.980232227667301e-09,-2.980232227667301e-09,-2.980232227667301e-09,-2.980232227667301e-09,-2.980232227667301e-09,-2.980232227667301e-09,-2.980232227667301e-09,-2.980232227667301e-09,-2.980232227667301e-09,-2.980232227667301e-09,-2.980232227667301e-09,-2.980232227667301e-09,-2.980232227667301e-09,-2.980232227667301e-09,-2.980232227667301e-09,-2.980232227667301e-09,-2.980232227667301e-09,-2.980232227667301e-09]","[null,1.1153898039896016e-14,1.1153898039896016e-14,1.1153898039896016e-14,1.1153898039896016e-14,1.115389803991621e-14,1.1153898039932367e-14,1.115389803991621e-14,1.1153898039930751e-14,1.1153898039933174e-14,1.1153898039931559e-14,1.1153898039896016e-14,1.115389803993479e-14,1.1153898039929943e-14,1.1153898039929943e-14,1.1153898039932367e-14,1.1153898039931559e-14,1.1153898039933174e-14,1.1153898039930751e-14,1.1153898039933174e-14,4.511313276786308e-15]"
10.499999999999979,sqp_rti,0,"[0.01659224118320248,-0.012793976609462238,0.02388254183636966]",0.9522846516908963,0.07964441180229187,"[-2.980232227667301e-09,-2.980232227667301e-09,-2.980232227667301e-09,-2.980232227667301e-09,-2.980232227667301e-09,-2.980232227667301e-09,-2.980232227667301e-09,-2.980232227667301e-09,-2.980232227667301e-09,-2.980232227667301e-09,-2.980232227667301e-09,-2.980232227667301e-09,-2.980232227667301e-09,-2.980232227667301e-09,-2.980232227667301e-09,-2.980232227667301e-09,-2.980232227667301e-09,-2.980232227667301e-09,-2.980232227667301e-09,-2.980232227667301e-09,-2.980232227667301e-09]","[null,7.250769010032944e-14,7.250769010032944e-14,7.250769010032944e-14,7.250769010032944e-14,7.250769010034963e-14,7.250769010036579e-14,7.250769010034963e-14,7.250769010036417e-14,7.25076901003666e-14,7.250769010036498e-14,7.250769010032944e-14,7.250769010036821e-14,7.250769010036336e-14,7.250769010036336e-14,7.250769010036579e-14,7.250769010036498e-14,7.25076901003666e-14,7.250769010036417e-14,7.25076901003666e-14,4.928055615582024e-14]"
10.599999999999978,sqp_rti,0,"[0.013824222947112254,-0.011760007259766206,0.027325428811910597]",0.952628940388451,0.07975684851408005,"[-2.980232227667301e-09,-2.980232227667301e-09,-2.980232227667301e-09,-2.980232227667301e-09,-2.980232227667301e-09,-2.980232227667301e-09,-2.980232227667301e-09,-2.980232227667301e-09,-2.980232227667301e-09,-2.980232227667301e-09,-2.980232227667301e-09,-2.980232227667301e-09,-2.980232227667301e-09,-2.980232227667301e-09,-2.980232227667301e-09,-2.980232227667301e-09,-2.980232227667301e-09,-2.980232227667301e-09,-2.980232227667301e-09,-2.980232227667301e-09,-2.980232227667301e-09]","[null,2.4871372007866854e-17,2.4871372007866854e-17,2.4871372007866854e-17,2.4871372007866854e-17,2.4871372007664905e-17,2.4871372007664905e-17,2.4871372007664905e-17,2.4871372007866854e-17,2.4871372007664905e-17,2.4871372007866854e-17,2.4871372007866854e-17,2.4871372007664905e-17,2.4871372007664905e-17,2.4871372007664905e-17,2.4871372007664905e-17,2.4871372007866854e-17,2.4871372007664905e-17,2.4871372007866854e-17,2.4871372007664905e-17,1.5297555211504375e-17]"
10.699999999999978,sqp_rti,0,"[0.02130853817504004,-0.011248151029637329,0.007423880966817023]",0.9582422387667943,0.07985701411962509,"[-2.980232227667301e-09,-2.980232227667301e-09,-2.980232227667301e-09,-2.980232227667301e-09,-2.980232227667301e-09,-2.980232227667301e-09,-2.980232227667301e-09,-2.980232227667301e-09,-2.980232227667301e-09,-2.980232227667301e-09,-2.980232227667301e-09,-2.980232227667301e-09,-2.980232227667301e-09,-2.980232227667301e-09,-2.980232227667301e-09,-2.980232227667301e-09,-2.980232227667301e-09,-2.980232227667301e-09,-2.980232227667301e-09,-2.980232227667301e-09,-2.980232227667301e-09]","[null,8.28322835321278e-13,8.28322835321278e-13,8.28322835321278e-13,8.28322835321278e-13,8.283228353212778e-13,8.283228353212778e-13,8.283228353212778e-13,8.28322835321278e-13,8.283228353212778e-13,8.28322835321278e-13,8.28322835321278e-13,8.283228353212778e-13,8.283228353212778e-13,8.283228353212778e-13,8.283228353212778e-13,8.28322835321278e-13,8.283228353212778e-13,8.28322835321278e-13,8.283228353212778e-13,1.196719305393488e-12]"
10.799999999999978,sqp_rti,0,"[0.018473392171328137,-0.010537763623528124,0.012359997343011742]",0.9587358504044312,0.07995762676000595,"[-2.980232227667301e-09,-2.980232227667301e-09,-2.980232227667301e-09,-2.980232227667301e-09,-2.980232227667301e-09,-2.980232227667301e-09,-2.980232227667301e-09,-2.980232227667301e-09,-2.980232227667301e-09,-2.980232227667301e-09,-2.980232227667301e-09,-2.980232227667301e-09,-2.980232227667301e-09,-2.980232227667301e-09,-2.980232227667301e-09,-2.980232227667301e-09,-2.980232227667301e-09,-2.980232227667301e-09,-2.980232227667301e-09,-2.980232227667301e-09,-2.980232227667301e-09]","[null,1.0752066154644201e-13,1.0752066154644201e-13,1.0752066154644201e-13,1.0752066154644201e-13,1.0752066154644181e-13,1.0752066154644181e-13,1.0752066154644181e-13,1.0752066154644201e-13,1.0752066154644181e-13,1.0752066154644201e-13,1.0752066154644201e-13,1.0752066154644181e-13,1.0752066154644181e-13,1.0752066154644181e-13,1.0752066154644181e-13,1.0752066154644201e-13,1.0752066154644181e-13,1.0752066154644201e-13,1.0752066154644181e-13,1.4909918786140298e-13]"
10.899999999999977,sqp_rti,0,"[0.015513585413720526,-0.00983576530069298,0.01627997865366136]",0.959127848535489,0.08004869520664215,"[-2.980232227667301e-09,-2.980232227667301e-09,-2.980232227667301e-09,-2.980232227667301e-09,-2.980232227667301e-09,-2.980232227667301e-09,-2.980232227667301e-09,-2.980232227667301e-09,-2.980232227667301e-09,-2.980232227667301e-09,-2.980232227667301e-09,-2.980232227667301e-09,-2.980232227667301e-09,-2.980232227667301e-09,-2.980232227667301e-09,-2.980232227667301e-09,-2.980232227667301e-09,-2.980232227667301e-09,-2.980232227667301e-09,-2.980232227667301e-09,-2.980232227667301e-09]","[null,4.203677126083195e-13,4.203677126083195e-13,4.203677126083195e-13,4.203677126083195e-13,4.203677126083193e-13,4.203677126083193e-13,4.203677126083193e-13,4.203677126083195e-13,4.203677126083193e-13,4.203677126083195e-13,4.203677126083195e-13,4.203677126083193e-13,4.203677126083193e-13,4.203677126083193e-13,4.203677126083193e-13,4.203677126083195e-13,4.203677126083193e-13,4.203677126083195e-13,4.203677126083193e-13,4.3431480801534574e-13]"
10.999999999999977,sqp_rti,0,"[0.01294904409666387,-0.009067353821369757,0.019513129209115954]",0.9594511635910445,0.08013099431991577,"[-2.980232227667301e-09,-2.980232227667301e-09,-2.980232227667301e-09,-2.980232227667301e-09,-2.980232227667301e-09,-2.980232227667301e-09,-2.980232227667301e-09,-2.980232227667301e-09,-2.980232227667301e-09,-2.980232227667301e-09,-2.980232227667301e-09,-2.980232227667301e-09,-2.980232227667301e-09,-2.980232227667301e-09,-2.980232227667301e-09,-2.980232227667301e-09,-2.980232227667301e-09,-2.980232227667301e-09,-2.980232227667301e-09,-2.980232227667301e-09,-2.980232227667301e-09]","[null,2.973857410069051e-17,2.973857410069051e-17,2.973857410069051e-17,2.973857410069051e-17,2.973857410048856e-17,2.973857410048856e-17,2.973857410048856e-17,2.973857410069051e-17,2.973857410048856e-17,2.973857410069051e-17,2.973857410069051e-17,2.973857410048856e-17,2.973857410048856e-17,2.973857410048856e-17,2.973857410048856e-17,2.973857410069051e-17,2.973857410048856e-17,2.973857410069051e-17,2.973857410048856e-17,2.1078293720560945e-17]"
11.099999999999977,sqp_rti,0,"[0.010793859081671573,-0.008470594571828211,0.022198970031743037]",0.959719747673307,0.08020485192537308,"[-2.980232227667301e-09,-2.980232227667301e-09,-2.980232227667301e-09,-2.980232227667301e-09,-2.980232227667301e-09,-2.980232227667301e-09,-2.980232227667301e-09,-2.980232227667301e-09,-2.980232227667301e-09,-2.980232227667301e-09,-2.980232227667301e-09,-2.980232227667301e-09,-2.980232227667301e-09,-2.980232227667301e-09,-2.980232227667301e-09,-2.980232227667301e-09,-2.980232227667301e-09,-2.980232227667301e-09,-2.980232227667301e-09,-2.980232227667301e-09,-2.980232227667301e-09]","[null,2.9634047021919636e-17,2.9634047021919636e-17,2.9634047021919636e-17,2.9634047021919636e-17,2.963404702171769e-17,2.963404702171769e-17,2.963404702171769e-17,2.9634047021919636e-17,2.963404702171769e-17,2.9634047021919636e-17,2.9634047021919636e-17,2.963404702171769e-17,2.963404702171769e-17,2.963404702171769e-17,2.963404702171769e-17,2.9634047021919636e-17,2.963404702171769e-17,2.9634047021919636e-17,2.963404702171769e-17,1.9619681712953247e-17]"
11.199999999999976,sqp_rti,0,"[0.019092938307485298,-0.008176376211382213,0.001820442072783153]",0.9652853480402716,0.08027224987745285,"[-2.980232227667301e-09,-2.980232227667301e-09,-2.980232227667301e-09,-2.980232227667301e-09,-2.980232227667301e-09,-2.980232227667301e-09,-2.980232227667301e-09,-2.980232227667301e-09,-2.980232227667301e-09,-2.980232227667301e-09,-2.980232227667301e-09,-2.980232227667301e-09,-2.980232227667301e-09,-2.980232227667301e-09,-2.980232227667301e-09,-2.980232227667301e-09,-2.980232227667301e-09,-2.980232227667301e-09,-2.980232227667301e-09,-2.980232227667301e-09,-2.980232227667301e-09]","[null,5.780280900583624e-13,5.780280900583624e-13,5.780280900583624e-13,5.780280900583624e-13,5.780280900583622e-13,5.780280900583622e-13,5.780280900583622e-13,5.780280900583624e-13,5.780280900583622e-13,5.780280900583624e-13,5.780280900583624e-13,5.780280900583622e-13,5.780280900583622e-13,5.780280900583622e-13,5.780280900583622e-13,5.780280900583624e-13,5.780280900583622e-13,5.780280900583624e-13,5.780280900583622e-13,3.673029465193681e-13]"
11.299999999999976,sqp_rti,0,"[0.0163642867648213,-0.007893123066459574,0.006135837045859845]",0.9657168875375837,0.08033903688192368,"[-2.980232227667301e-09,-2.980232227667301e-09,-2.980232227667301e-09,-2.980232227667301e-09,-2.980232227667301e-09,-2.980232227667301e-09,-2.980232227667301e-09,-2.980232227667301e-09,-2.980232227667301e-09,-2.980232227667301e-09,-2.980232227667301e-09,-2.980232227667301e-09,-2.980232227667301e-09,-2.980232227667301e-09,-2.980232227667301e-09,-2.980232227667301e-09,-2.980232227667301e-09,-2.980232227667301e-09,-2.980232227667301e-09,-2.980232227667301e-09,-2.980232227667301e-09]","[null,6.697626338694143e-13,6.697626338694143e-13,6.697626338694143e-13,6.697626338694143e-13,6.697626338694141e-13,6.697626338694141e-13,6.697626338694141e-13,6.697626338694143e-13,6.697626338694141e-13,6.697626338694143e-13,6.697626338694143e-13,6.697626338694141e-13,6.697626338694141e-13,6.697626338694141e-13,6.697626338694141e-13,6.697626338694143e-13,6.697626338694141e-13,6.697626338694143e-13,6.697626338694141e-13,2.737035580459749e-13]"
11.399999999999975,sqp_rti,0,"[0.013731220953327046,-0.007106940328492518,0.009601369896347245]",0.9660634408226404,0.08040156215429306,"[-2.980232227667301e-09,-2.980232227667301e-09,-2.980232227667301e-09,-2.980232227667301e-09,-2.980232227667301e-09,-2.980232227667301e-09,-2.980232227667301e-09,-2.980232227667301e-09,-2.980232227667301e-09,-2.980232227667301e-09,-2.980232227667301e-09,-2.980232227667301e-09,-2.980232227667301e-09,-2.980232227667301e-09,-2.980232227667301e-09,-2.980232227667301e-09,-2.980232227667301e-09,-2.980232227667301e-09,-2.980232227667301e-09,-2.980232227667301e-09,-2.980232227667301e-09]","[null,5.207295677055761e-17,5.207295677055761e-17,5.207295677055761e-17,5.207295677055761e-17,5.2072956770355664e-17,5.2072956770355664e-17,5.2072956770355664e-17,5.207295677055761e-17,5.2072956770355664e-17,5.207295677055761e-17,5.207295677055761e-17,5.2072956770355664e-17,5.2072956770355664e-17,5.2072956770355664e-17,5.2072956770355664e-17,5.207295677055761e-17,5.2072956770355664e-17,5.207295677055761e-17,5.2072956770355664e-17,1.622777462698976e-17]"
11.499999999999975,sqp_rti,0,"[0.011465840310312815,-0.006620561356650012,0.012462210055975084]",0.966349524838603,0.08045655488967896,"[-2.980232227667301e-09,-2.980232227667301e-09,-2.980232227667301e-09,-2.980232227667301e-09,-2.980232227667301e-09,-2.980232227667301e-09,-2.980232227667301e-09,-2.980232227667301e-09,-2.980232227667301e-09,-2.980232227667301e-09,-2.980232227667301e-09,-2.980232227667301e-09,-2.980232227667301e-09,-2.980232227667301e-09,-2.980232227667301e-09,-2.980232227667301e-09,-2.980232227667301e-09,-2.980232227667301e-09,-2.980232227667301e-09,-2.980232227667301e-09,-2.980232227667301e-09]","[null,3.5001049162637506e-16,3.5001049162637506e-16,3.5001049162637506e-16,3.5001049162637506e-16,3.500104916261731e-16,3.500104916261731e-16,3.500104916261731e-16,3.5001049162637506e-16,3.500104916261731e-16,3.5001049162637506e-16,3.5001049162637506e-16,3.500104916261731e-16,3.500104916261731e-16,3.500104916261731e-16,3.500104916261731e-16,3.5001049162637506e-16,3.500104916261731e-16,3.5001049162637506e-16,3.500104916261731e-16,1.2798875944646987e-16]"
11.599999999999975,sqp_rti,0,"[0.009561467658813962,-0.006285561576525362,0.014839723343616771]",0.9665872761673661,0.08049359917640686,"[-2.980232227667301e-09,-2.980232227667301e-09,-2.980232227667301e-09,-2.980232227667301e-09,-2.980232227667301e-09,-2.980232227667301e-09,-2.980232227667301e-09,-2.980232227667301e-09,-2.980232227667301e-09,-2.980232227667301e-09,-2.980232227667301e-09,-2.980232227667301e-09,-2.980232227667301e-09,-2.980232227667301e-09,-2.980232227667301e-09,-2.980232227667301e-09,-2.980232227667301e-09,-2.980232227667301e-09,-2.980232227667301e-09,-2.980232227667301e-09,-2.980232227667301e-09]","[null,9.154271333769968e-14,9.154271333769968e-14,9.154271333769968e-14,9.154271333769968e-14,9.154271333769948e-14,9.154271333769948e-14,9.154271333769948e-14,9.154271333769968e-14,9.154271333769948e-14,9.154271333769968e-14,9.154271333769968e-14,9.154271333769948e-14,9.154271333769948e-14,9.154271333769948e-14,9.154271333769948e-14,9.154271333769968e-14,9.154271333769948e-14,9.154271333769968e-14,9.154271333769948e-14,4.1355563740598254e-14]"
11.699999999999974,sqp_rti,0,"[0.007969072407540488,-0.0060113376223305615,0.016819029381663166]",0.9667852067711696,0.08044634014368057,"[-2.980232227667301e-09,-2.980232227667301e-09,-2.980232227667301e-09,-2.980232227667301e-09,-2.980232227667301e-09,-2.980232227667301e-09,-2.980232227667301e-09,-2.980232227667301e-09,-2.980232227667301e-09,-2.980232227667301e-09,-2.980232227667301e-09,-2.980232227667301e-09,-2.980232227667301e-09,-2.980232227667301e-09,-2.980232227667301e-09,-2.980232227667301e-09,-2.980232227667301e-09,-2.980232227667301e-09,-2.980232227667301e-09,-2.980232227667301e-09,-2.980232227667301e-09]","[null,1.7499986037715736e-13,1.7499986037715736e-13,1.7499986037715736e-13,1.7499986037715736e-13,1.7499986037715716e-13,1.7499986037715716e-13,1.7499986037715716e-13,1.7499986037715736e-13,1.7499986037715716e-13,1.7499986037715736e-13,1.7499986037715736e-13,1.7499986037715716e-13,1.7499986037715716e-13,1.7499986037715716e-13,1.7499986037715716e-13,1.7499986037715736e-13,1.7499986037715716e-13,1.7499986037715736e-13,1.7499986037715716e-13,8.19949228559894e-14]"
11.799999999999974,sqp_rti,0,"[0.006639988848920976,-0.005767894421633121,0.018467533987857953]",0.9669500572317903,0.08040068298578262,"[-2.980232227667301e-09,-2.980232227667301e-09,-2.980232227667301e-09,-2.980232227667301e-09,-2.980232227667301e-09,-2.980232227667301e-09,-2.980232227667301e-09,-2.980232227667301e-09,-2.980232227667301e-09,-2.980232227667301e-09,-2.980232227667301e-09,-2.980232227667301e-09,-2.980232227667301e-09,-2.980232227667301e-09,-2.980232227667301e-09,-2.980232227667301e-09,-2.980232227667301e-09,-2.980232227667301e-09,-2.980232227667301e-09,-2.980232227667301e-09,-2.980232227667301e-09]","[null,1.06795343041597e-13,1.06795343041597e-13,1.06795343041597e-13,1.06795343041597e-13,1.067953430415968e-13,1.067953430415968e-13,1.067953430415968e-13,1.06795343041597e-13,1.067953430415968e-13,1.06795343041597e-13,1.06795343041597e-13,1.067953430415968e-13,1.067953430415968e-13,1.067953430415968e-13,1.067953430415968e-13,1.06795343041597e-13,1.067953430415968e-13,1.06795343041597e-13,1.067953430415968e-13,4.0676299974946554e-14]"
11.899999999999974,sqp_rti,0,"[0.006337971961074123,-0.005527456338762229,0.017895423352937735]",0.9675374794159333,0.0803566426038742,"[-2.980232227667301e-09,-2.980232227667301e-09,-2.980232227667301e-09,-2.980232227667301e-09,-2.980232227667301e-09,-2.980232227667301e-09,-2.980232227667301e-09,-2.980232227667301e-09,-2.980232227667301e-09,-2.980232227667301e-09,-2.980232227667301e-09,-2.980232227667301e-09,-2.980232227667301e-09,-2.980232227667301e-09,-2.980232227667301e-09,-2.980232227667301e-09,-2.980232227667301e-09,-2.980232227667301e-09,-2.980232227667301e-09,-2.980232227667301e-09,-2.980232227667301e-09]","[null,1.4843830753381496e-13,1.4843830753381496e-13,1.4843830753381496e-13,1.4843830753381496e-13,1.4843830753381476e-13,1.4843830753381476e-13,1.4843830753381476e-13,1.4843830753381496e-13,1.4843830753381476e-13,1.4843830753381496e-13,1.4843830753381496e-13,1.4843830753381476e-13,1.4843830753381476e-13,1.4843830753381476e-13,1.4843830753381476e-13,1.4843830753381496e-13,1.4843830753381476e-13,1.4843830753381496e-13,1.4843830753381476e-13,6.174165659831074e-14]"
11.999999999999973,sqp_rti,0,"[0.006148023461599956,-0.005297707468564517,0.017375980065020884]",0.9681105101763088,0.080314040184021,"[-2.980232227667301e-09,-2.980232227667301e-09,-2.980232227667301e-09,-2.980232227667301e-09,-2.980232227667301e-09,-2.980232227667301e-09,-2.980232227667301e-09,-2.980232227667301e-09,-2.980232227667301e-09,-2.980232227667301e-09,-2.980232227667301e-09,-2.980232227667301e-09,-2.980232227667301e-09,-2.980232227667301e-09,-2.980232227667301e-09,-2.980232227667301e-09,-2.980232227667301e-09,-2.980232227667301e-09,-2.980232227667301e-09,-2.980232227667301e-09,-2.980232227667301e-09]","[null,1.7523808305644823e-13,1.7523808305644823e-13,1.7523808305644823e-13,1.7523808305644823e-13,1.7523808305644803e-13,1.7523808305644803e-13,1.7523808305644803e-13,1.7523808305644823e-13,1.7523808305644803e-13,1.7523808305644823e-13,1.7523808305644823e-13,1.7523808305644803e-13,1.7523808305644803e-13,1.7523808305644803e-13,1.7523808305644803e-13,1.7523808305644823e-13,1.7523808305644803e-13,1.7523808305644823e-13,1.7523808305644803e-13,7.491690026582737e-14]"
12.099999999999973,sqp_rti,0,"[0.005974891434917708,-0.005080745242497605,0.0168806006297555]",0.9686671602743747,0.08027283847332001,"[-2.980232227667301e-09,-2.980232227667301e-09,-2.980232227667301e-09,-2.980232227667301e-09,-2.980232227667301e-09,-2.980232227667301e-09,-2.980232227667301e-09,-2.980232227667301e-09,-2.980232227667301e-09,-2.980232227667301e-09,-2.980232227667301e-09,-2.980232227667301e-09,-2.980232227667301e-09,-2.980232227667301e-09,-2.980232227667301e-09,-2.980232227667301e-09,-2.980232227667301e-09,-2.980232227667301e-09,-2.980232227667301e-09,-2.980232227667301e-09,-2.980232227667301e-09]","[null,1.8444211887793227e-13,1.8444211887793227e-13,1.8444211887793227e-13,1.8444211887793227e-13,1.8444211887793207e-13,1.8444211887793207e-13,1.8444211887793207e-13,1.8444211887793227e-13,1.8444211887793207e-13,1.8444211887793227e-13,1.8444211887793227e-13,1.8444211887793207e-13,1.8444211887793207e-13,1.8444211887793207e-13,1.8444211887793207e-13,1.8444211887793227e-13,1.8444211887793207e-13,1.8444211887793227e-13,1.8444211887793207e-13,7.708962176665924e-14]"
12.199999999999973,sqp_rti,0,"[0.012703674931736533,-0.0046826719200192945,0.0011512237757902097]",0.9728218793734378,0.08023305982351303,"[-2.980232227667301e-09,-2.980232227667301e-09,-2.980232227667301e-09,-2.980232227667301e-09,-2.980232227667301e-09,-2.980232227667301e-09,-2.980232227667301e-09,-2.980232227667301e-09,-2.980232227667301e-09,-2.980232227667301e-09,-2.980232227667301e-09,-2.980232227667301e-09,-2.980232227667301e-09,-2.980232227667301e-09,-2.980232227667301e-09,-2.980232227667301e-09,-2.980232227667301e-09,-2.980232227667301e-09,-2.980232227667301e-09,-2.980232227667301e-09,-2.980232227667301e-09]","[null,7.554266341867713e-13,7.554266341867713e-13,7.554266341867713e-13,7.554266341867713e-13,7.554266341867711e-13,7.554266341867711e-13,7.554266341867711e-13,7.554266341867713e-13,7.554266341867711e-13,7.554266341867713e-13,7.554266341867713e-13,7.554266341867711e-13,7.554266341867711e-13,7.554266341867711e-13,7.554266341867711e-13,7.554266341867713e-13,7.554266341867711e-13,7.554266341867713e-13,7.554266341867711e-13,4.367336434290337e-13]"
12.299999999999972,sqp_rti,0,"[0.01091871373839841,-0.0044334790975787824,0.004038784943600292]",0.9731106354902382,0.08019354939460754,"[-2.980232227667301e-09,-2.980232227667301e-09,-2.980232227667301e-09,-2.980232227667301e-09,-2.980232227667301e-09,-2.980232227667301e-09,-2.980232227667301e-09,-2.980232227667301e-09,-2.980232227667301e-09,-2.980232227667301e-09,-2.980232227667301e-09,-2.980232227667301e-09,-2.980232227667301e-09,-2.980232227667301e-09,-2.980232227667301e-09,-2.980232227667301e-09,-2.980232227667301e-09,-2.980232227667301e-09,-2.980232227667301e-09,-2.980232227667301e-09,-2.980232227667301e-09]","[null,1.88781674780153e-14,1.88781674780153e-14,1.88781674780153e-14,1.88781674780153e-14,1.88781674780151e-14,1.88781674780151e-14,1.88781674780151e-14,1.88781674780153e-14,1.88781674780151e-14,1.88781674780153e-14,1.88781674780153e-14,1.88781674780151e-14,1.88781674780151e-14,1.88781674780151e-14,1.88781674780151e-14,1.88781674780153e-14,1.88781674780151e-14,1.88781674780153e-14,1.88781674780151e-14,8.299656961650864e-15]"
12.399999999999972,sqp_rti,0,"[0.009180456487611637,-0.004161323268688854,0.006360696482352879]",0.9733428266441131,0.0801561027765274,"[-2.980232227667301e-09,-2.980232227667301e-09,-2.980232227667301e-09,-2.980232227667301e-09,-2.980232227667301e-09,-2.980232227667301e-09,-2.980232227667301e-09,-2.980232227667301e-09,-2.980232227667301e-09,-2.980232227667301e-09,-2.980232227667301e-09,-2.980232227667301e-09,-2.980232227667301e-09,-2.980232227667301e-09,-2.980232227667301e-09,-2.980232227667301e-09,-2.980232227667301e-09,-2.980232227667301e-09,-2.980232227667301e-09,-2.980232227667301e-09,-2.980232227667301e-09]","[null,4.180896868374963e-14,4.180896868374963e-14,4.180896868374963e-14,4.180896868374963e-14,4.180896868374943e-14,4.180896868374943e-14,4.180896868374943e-14,4.180896868374963e-14,4.180896868374943e-14,4.180896868374963e-14,4.180896868374963e-14,4.180896868374943e-14,4.180896868374943e-14,4.180896868374943e-14,4.180896868374943e-14,4.180896868374963e-14,4.180896868374943e-14,4.180896868374963e-14,4.180896868374943e-14,1.8142733098121945e-14]"
12.499999999999972,sqp_rti,0,"[0.007669326703915599,-0.003912480948882252,0.008274699876689431]",0.9735342269835467,0.08012092113494873,"[-2.980232227667301e-09,-2.980232227667301e-09,-2.980232227667301e-09,-2.980232227667301e-09,-2.980232227667301e-09,-2.980232227667301e-09,-2.980232227667301e-09,-2.980232227667301e-09,-2.980232227667301e-09,-2.980232227667301e-09,-2.980232227667301e-09,-2.980232227667301e-09,-2.980232227667301e-09,-2.980232227667301e-09,-2.980232227667301e-09,-2.980232227667301e-09,-2.980232227667301e-09,-2.980232227667301e-09,-2.980232227667301e-09,-2.980232227667301e-09,-2.980232227667301e-09]","[null,3.976949645177186e-14,3.976949645177186e-14,3.976949645177186e-14,3.976949645177186e-14,3.976949645177166e-14,3.976949645177166e-14,3.976949645177166e-14,3.976949645177186e-14,3.976949645177166e-14,3.976949645177186e-14,3.976949645177186e-14,3.976949645177166e-14,3.976949645177166e-14,3.976949645177166e-14,3.976949645177166e-14,3.976949645177186e-14,3.976949645177166e-14,3.976949645177186e-14,3.976949645177166e-14,1.6886220215742013e-14]"
12.599999999999971,sqp_rti,0,"[0.006393888000225463,-0.0036736714391878457,0.00986376455176333]",0.9736931334510545,0.08008797466754913,"[-2.980232227667301e-09,-2.980232227667301e-09,-2.980232227667301e-09,-2.980232227667301e-09,-2.980232227667301e-09,-2.980232227667301e-09,-2.980232227667301e-09,-2.980232227667301e-09,-2.980232227667301e-09,-2.980232227667301e-09,-2.980232227667301e-09,-2.980232227667301e-09,-2.980232227667301e-09,-2.980232227667301e-09,-2.980232227667301e-09,-2.980232227667301e-09,-2.980232227667301e-09,-2.980232227667301e-09,-2.980232227667301e-09,-2.980232227667301e-09,-2.980232227667301e-09]","[null,2.0420278347771176e-14,2.0420278347771176e-14,2.0420278347771176e-14,2.0420278347771176e-14,2.0420278347770974e-14,2.0420278347770974e-14,2.0420278347770974e-14,2.0420278347771176e-14,2.0420278347770974e-14,2.0420278347771176e-14,2.0420278347771176e-14,2.0420278347770974e-14,2.0420278347770974e-14,2.0420278347770974e-14,2.0420278347770974e-14,2.0420278347771176e-14,2.0420278347770974e-14,2.0420278347771176e-14,2.0420278347770974e-14,9.222828515701023e-15]"
12.69999999999997,sqp_rti,0,"[0.005328061697688364,-0.0034944994838997496,0.011186292642927222]",0.9738253862601708,0.08005718141794205,"[-2.980232227667301e-09,-2.980232227667301e-09,-2.980232227667301e-09,-2.980232227667301e-09,-2.980232227667301e-09,-2.980232227667301e-09,-2.980232227667301e-09,-2.980232227667301e-09,-2.980232227667301e-09,-2.980232227667301e-09,-2.980232227667301e-09,-2.980232227667301e-09,-2.980232227667301e-09,-2.980232227667301e-09,-2.980232227667301e-09,-2.980232227667301e-09,-2.980232227667301e-09,-2.980232227667301e-09,-2.980232227667301e-09,-2.980232227667301e-09,-2.980232227667301e-09]","[null,2.137330458291666e-14,2.137330458291666e-14,2.137330458291666e-14,2.137330458291666e-14,2.137330458291646e-14,2.137330458291646e-14,2.137330458291646e-14,2.137330458291666e-14,2.137330458291646e-14,2.137330458291666e-14,2.137330458291666e-14,2.137330458291646e-14,2.137330458291646e-14,2.137330458291646e-14,2.137330458291646e-14,2.137330458291666e-14,2.137330458291646e-14,2.137330458291666e-14,2.137330458291646e-14,9.408500822211672e-15]"
12.79999999999997,sqp_rti,0,"[0.00444636058869128,-0.003336700699085297,0.012269456916852198]",0.973939712942797,0.08002805709838867,"[-2.980232227667301e-09,-2.980232227667301e-09,-2.980232227667301e-09,-2.980232227667301e-09,-2.980232227667301e-09,-2.980232227667301e-09,-2.980232227667301e-09,-2.980232227667301e-09,-2.980232227667301e-09,-2.980232227667301e-09,-2.980232227667301e-09,-2.980232227667301e-09,-2.980232227667301e-09,-2.980232227667301e-09,-2.980232227667301e-09,-2.980232227667301e-09,-2.980232227667301e-09,-2.980232227667301e-09,-2.980232227667301e-09,-2.980232227667301e-09,-2.980232227667301e-09]","[null,1.7649373264494167e-14,1.7649373264494167e-14,1.7649373264494167e-14,1.7649373264494167e-14,1.7649373264493966e-14,1.7649373264493966e-14,1.7649373264493966e-14,1.7649373264494167e-14,1.7649373264493966e-14,1.7649373264494167e-14,1.7649373264494167e-14,1.7649373264493966e-14,1.7649373264493966e-14,1.7649373264493966e-14,1.7649373264493966e-14,1.7649373264494167e-14,1.7649373264493966e-14,1.7649373264494167e-14,1.7649373264493966e-14,7.524605037984296e-15]"
12.89999999999997,sqp_rti,0,"[0.004253934309611593,-0.0032134708802701675,0.011866508129846956]",0.9743375638138694,0.08000050485134125,"[-2.980232227667301e-09,-2.980232227667301e-09,-2.980232227667301e-09,-2.980232227667301e-09,-2.980232227667301e-09,-2.980232227667301e-09,-2.980232227667301e-09,-2.980232227667301e-09,-2.980232227667301e-09,-2.980232227667301e-09,-2.980232227667301e-09,-2.980232227667301e-09,-2.980232227667301e-09,-2.980232227667301e-09,-2.980232227667301e-09,-2.980232227667301e-09,-2.980232227667301e-09,-2.980232227667301e-09,-2.980232227667301e-09,-2.980232227667301e-09,-2.980232227667301e-09]","[null,2.132002240116085e-14,2.132002240116085e-14,2.132002240116085e-14,2.132002240116085e-14,2.1320022401160648e-14,2.1320022401160648e-14,2.1320022401160648e-14,2.132002240116085e-14,2.1320022401160648e-14,2.132002240116085e-14,2.132002240116085e-14,2.1320022401160648e-14,2.1320022401160648e-14,2.1320022401160648e-14,2.1320022401160648e-14,2.132002240116085e-14,2.1320022401160648e-14,2.132002240116085e-14,2.1320022401160648e-14,9.214358440870862e-15]"
12.99999999999997,sqp_rti,0,"[0.004127954266725028,-0.0031204293245324236,0.011518516372306555]",0.974721924455744,0.07997387647628784,"[-2.980232227667301e-09,-2.980232227667301e-09,-2.980232227667301e-09,-2.980232227667301e-09,-2.980232227667301e-09,-2.980232227667301e-09,-2.980232227667301e-09,-2.980232227667301e-09,-2.980232227667301e-09,-2.980232227667301e-09,-2.980232227667301e-09,-2.980232227667301e-09,-2.980232227667301e-09,-2.980232227667301e-09,-2.980232227667301e-09,-2.980232227667301e-09,-2.980232227667301e-09,-2.980232227667301e-09,-2.980232227667301e-09,-2.980232227667301e-09,-2.980232227667301e-09]","[null,2.850542975383266e-14,2.850542975383266e-14,2.850542975383266e-14,2.850542975383266e-14,2.850542975383246e-14,2.850542975383246e-14,2.850542975383246e-14,2.850542975383266e-14,2.850542975383246e-14,2.850542975383266e-14,2.850542975383266e-14,2.850542975383246e-14,2.850542975383246e-14,2.850542975383246e-14,2.850542975383246e-14,2.850542975383266e-14,2.850542975383246e-14,2.850542975383266e-14,2.850542975383246e-14,1.0559809785426682e-14]"
13.09999999999997,sqp_rti,0,"[0.0040125119499592535,-0.003040356159350616,0.011186123610582634]",0.9750954089543499,0.0799478217959404,"[-2.980232227667301e-09,-2.980232227667301e-09,-2.980232227667301e-09,-2.980232227667301e-09,-2.980232227667301e-09,-2.980232227667301e-09,-2.980232227667301e-09,-2.980232227667301e-09,-2.980232227667301e-09,-2.980232227667301e-09,-2.980232227667301e-09,-2.980232227667301e-09,-2.980232227667301e-09,-2.980232227667301e-09,-2.980232227667301e-09,-2.980232227667301e-09,-2.980232227667301e-09,-2.980232227667301e-09,-2.980232227667301e-09,-2.980232227667301e-09,-2.980232227667301e-09]","[null,5.040900236259061e-14,5.040900236259061e-14,5.040900236259061e-14,5.040900236259061e-14,5.040900236259041e-14,5.040900236259041e-14,5.040900236259041e-14,5.040900236259061e-14,5.040900236259041e-14,5.040900236259061e-14,5.040900236259061e-14,5.040900236259041e-14,5.040900236259041e-14,5.040900236259041e-14,5.040900236259041e-14,5.040900236259061e-14,5.040900236259041e-14,5.040900236259061e-14,5.040900236259041e-14,1.8680866894353757e-14]"
13.199999999999969,sqp_rti,0,"[0.0039021603341277394,-0.002984191245964756,0.010864489468422079]",0.975458573467913,0.0799223855137825,"[-2.980232227667301e-09,-2.980232227667301e-09,-2.980232227667301e-09,-2.980232227667301e-09,-2.980232227667301e-09,-2.980232227667301e-09,-2.980232227667301e-09,-2.980232227667301e-09,-2.980232227667301e-09,-2.980232227667301e-09,-2.980232227667301e-09,-2.980232227667301e-09,-2.980232227667301e-09,-2.980232227667301e-09,-2.980232227667301e-09,-2.980232227667301e-09,-2.980232227667301e-09,-2.980232227667301e-09,-2.980232227667301e-09,-2.980232227667301e-09,-2.980232227667301e-09]","[null,1.4422522919317194e-13,1.4422522919317194e-13,1.4422522919317194e-13,1.4422522919317194e-13,1.4422522919317174e-13,1.4422522919317174e-13,1.4422522919317174e-13,1.4422522919317194e-13,1.4422522919317174e-13,1.4422522919317194e-13,1.4422522919317194e-13,1.4422522919317174e-13,1.4422522919317174e-13,1.4422522919317174e-13,1.4422522919317174e-13,1.4422522919317194e-13,1.4422522919317174e-13,1.4422522919317194e-13,1.4422522919317174e-13,6.061216961915854e-14]"
13.299999999999969,sqp_rti,0,"[0.003794699313654779,-0.0028996715523911584,0.01055176662812215]",0.9758117365233594,0.07989730685949326,"[-2.980232227667301e-09,-2.980232227667301e-09,-2.980232227667301e-09,-2.980232227667301e-09,-2.980232227667301e-09,-2.980232227667301e-09,-2.980232227667301e-09,-2.980232227667301e-09,-2.980232227667301e-09,-2.980232227667301e-09,-2.980232227667301e-09,-2.980232227667301e-09,-2.980232227667301e-09,-2.980232227667301e-09,-2.980232227667301e-09,-2.980232227667301e-09,-2.980232227667301e-09,-2.980232227667301e-09,-2.980232227667301e-09,-2.980232227667301e-09,-2.980232227667301e-09]","[null,1.8275051246052868e-13,1.8275051246052868e-13,1.8275051246052868e-13,1.8275051246052868e-13,1.8275051246052848e-13,1.8275051246052848e-13,1.8275051246052848e-13,1.8275051246052868e-13,1.8275051246052848e-13,1.8275051246052868e-13,1.8275051246052868e-13,1.8275051246052848e-13,1.8275051246052848e-13,1.8275051246052848e-13,1.8275051246052848e-13,1.8275051246052868e-13,1.8275051246052848e-13,1.8275051246052868e-13,1.8275051246052848e-13,7.874821981545106e-14]"
13.399999999999968,sqp_rti,0,"[0.0036891556095153787,-0.002748193766342185,0.010247090319533789]",0.9761550978872884,0.07987279444932938,"[-2.980232227667301e-09,-2.980232227667301e-09,-2.980232227667301e-09,-2.980232227667301e-09,-2.980232227667301e-09,-2.980232227667301e-09,-2.980232227667301e-09,-2.980232227667301e-09,-2.980232227667301e-09,-2.980232227667301e-09,-2.980232227667301e-09,-2.980232227667301e-09,-2.980232227667301e-09,-2.980232227667301e-09,-2.980232227667301e-09,-2.980232227667301e-09,-2.980232227667301e-09,-2.980232227667301e-09,-2.980232227667301e-09,-2.980232227667301e-09,-2.980232227667301e-09]","[null,1.0201181468951752e-13,1.0201181468951752e-13,1.0201181468951752e-13,1.0201181468951752e-13,1.0201181468951732e-13,1.0201181468951732e-13,1.0201181468951732e-13,1.0201181468951752e-13,1.0201181468951732e-13,1.0201181468951752e-13,1.0201181468951752e-13,1.0201181468951732e-13,1.0201181468951732e-13,1.0201181468951732e-13,1.0201181468951732e-13,1.0201181468951752e-13,1.0201181468951732e-13,1.0201181468951752e-13,1.0201181468951732e-13,4.430606287678298e-14]"
13.499999999999968,sqp_rti,0,"[0.003587029976491996,-0.0026358723666302522,0.009951189102059003]",0.9764889208922947,0.07984942197799683,"[-2.980232227667301e-09,-2.980232227667301e-09,-2.980232227667301e-09,-2.980232227667301e-09,-2.980232227667301e-09,-2.980232227667301e-09,-2.980232227667301e-09,-2.980232227667301e-09,-2.980232227667301e-09,-2.980232227667301e-09,-2.980232227667301e-09,-2.980232227667301e-09,-2.980232227667301e-09,-2.980232227667301e-09,-2.980232227667301e-09,-2.980232227667301e-09,-2.980232227667301e-09,-2.980232227667301e-09,-2.980232227667301e-09,-2.980232227667301e-09,-2.980232227667301e-09]","[null,9.36453689355254e-14,9.36453689355254e-14,9.36453689355254e-14,9.36453689355254e-14,9.36453689355252e-14,9.36453689355252e-14,9.36453689355252e-14,9.36453689355254e-14,9.36453689355252e-14,9.36453689355254e-14,9.36453689355254e-14,9.36453689355252e-14,9.36453689355252e-14,9.36453689355252e-14,9.36453689355252e-14,9.36453689355254e-14,9.36453689355252e-14,9.36453689355254e-14,9.36453689355252e-14,4.1475815672081086e-14]"
13.599999999999968,sqp_rti,0,"[0.003487201937990062,-0.0024946902187789133,0.00966317780388451]",0.9768134556722479,0.07982681691646576,"[-2.980232227667301e-09,-2.980232227667301e-09,-2.980232227667301e-09,-2.980232227667301e-09,-2.980232227667301e-09,-2.980232227667301e-09,-2.980232227667301e-09,-2.980232227667301e-09,-2.980232227667301e-09,-2.980232227667301e-09,-2.980232227667301e-09,-2.980232227667301e-09,-2.980232227667301e-09,-2.980232227667301e-09,-2.980232227667301e-09,-2.980232227667301e-09,-2.980232227667301e-09,-2.980232227667301e-09,-2.980232227667301e-09,-2.980232227667301e-09,-2.980232227667301e-09]","[null,2.7202362264545215e-14,2.7202362264545215e-14,2.7202362264545215e-14,2.7202362264545215e-14,2.7202362264545014e-14,2.7202362264545014e-14,2.7202362264545014e-14,2.7202362264545215e-14,2.7202362264545014e-14,2.7202362264545215e-14,2.7202362264545215e-14,2.7202362264545014e-14,2.7202362264545014e-14,2.7202362264545014e-14,2.7202362264545014e-14,2.7202362264545215e-14,2.7202362264545014e-14,2.7202362264545215e-14,2.7202362264545014e-14,1.2078073504012747e-14]"
13.699999999999967,sqp_rti,0,"[0.0033907237720818477,-0.0023969246066859948,0.009383536562923749]",0.9771289781684958,0.07980534434318542,"[-2.980232227667301e-09,-2.980232227667301e-09,-2.980232227667301e-09,-2.980232227667301e-09,-2.980232227667301e-09,-2.980232227667301e-09,-2.980232227667301e-09,-2.980232227667301e-09,-2.980232227667301e-09,-2.980232227667301e-09,-2.980232227667301e-09,-2.980232227667301e-09,-2.980232227667301e-09,-2.980232227667301e-09,-2.980232227667301e-09,-2.980232227667301e-09,-2.980232227667301e-09,-2.980232227667301e-09,-2.980232227667301e-09,-2.980232227667301e-09,-2.980232227667301e-09]","[null,1.674028153257987e-14,1.674028153257987e-14,1.674028153257987e-14,1.674028153257987e-14,1.6740281532579668e-14,1.6740281532579668e-14,1.6740281532579668e-14,1.674028153257987e-14,1.6740281532579668e-14,1.674028153257987e-14,1.674028153257987e-14,1.6740281532579668e-14,1.6740281532579668e-14,1.6740281532579668e-14,1.6740281532579668e-14,1.674028153257987e-14,1.6740281532579668e-14,1.674028153257987e-14,1.6740281532579668e-14,7.395028843236934e-15]"
13.799999999999967,sqp_rti,0,"[0.003296870803824013,-0.002298756874482915,0.00911163121501681]",0.9774357566210942,0.07978454977273941,"[-2.980232227667301e-09,-2.980232227667301e-09,-2.980232227667301e-09,-2.980232227667301e-09,-2.980232227667301e-09,-2.980232227667301e-09,-2.980232227667301e-09,-2.980232227667301e-09,-2.980232227667301e-09,-2.980232227667301e-09,-2.980232227667301e-09,-2.980232227667301e-09,-2.980232227667301e-09,-2.980232227667301e-09,-2.980232227667301e-09,-2.980232227667301e-09,-2.980232227667301e-09,-2.980232227667301e-09,-2.980232227667301e-09,-2.980232227667301e-09,-2.980232227667301e-09]","[null,2.0673479423606555e-16,2.0673479423606555e-16,2.0673479423606555e-16,2.0673479423606555e-16,2.0673479423909478e-16,2.0673479423909478e-16,2.0673479423909478e-16,2.0673479423606555e-16,2.0673479423909478e-16,2.0673479423606555e-16,2.0673479423606555e-16,2.0673479423909478e-16,2.0673479423909478e-16,2.0673479423909478e-16,2.0673479423909478e-16,2.0673479423606555e-16,2.0673479423909478e-16,2.0673479423606555e-16,2.0673479423909478e-16,7.564958198242839e-17]"
13.899999999999967,sqp_rti,0,"[0.00320908874484375,-0.002435238961081468,0.00884963243126416]",0.9777342680234729,0.0797644779086113,"[-2.980232227667301e-09,-2.980232227667301e-09,-2.980232227667301e-09,-2.980232227667301e-09,-2.980232227667301e-09,-2.980232227667301e-09,-2.980232227667301e-09,-2.980232227667301e-09,-2.980232227667301e-09,-2.980232227667301e-09,-2.980232227667301e-09,-2.980232227667301e-09,-2.980232227667301e-09,-2.980232227667301e-09,-2.980232227667301e-09,-2.980232227667301e-09,-2.980232227667301e-09,-2.980232227667301e-09,-2.980232227667301e-09,-2.980232227667301e-09,-2.980232227667301e-09]","[null,3.1871827328407228e-12,3.1871827328407228e-12,3.1871827328407228e-12,3.1871827328407228e-12,3.187182732840726e-12,3.187182732840726e-12,3.187182732840726e-12,3.1871827328407228e-12,3.187182732840726e-12,3.1871827328407228e-12,3.1871827328407228e-12,3.187182732840726e-12,3.187182732840726e-12,3.187182732840726e-12,3.187182732840726e-12,3.1871827328407228e-12,3.187182732840726e-12,3.1871827328407228e-12,3.187182732840726e-12,1.1576088655011606e-12]"
13.999999999999966,sqp_rti,0,"[0.0031197311008503282,-0.00228270188503269,0.008591954335583425]",0.9780245529974269,0.07974344491958618,"[-2.980232227667301e-09,-2.980232227667301e-09,-2.980232227667301e-09,-2.980232227667301e-09,-2.980232227667301e-09,-2.980232227667301e-09,-2.980232227667301e-09,-2.980232227667301e-09,-2.980232227667301e-09,-2.980232227667301e-09,-2.980232227667301e-09,-2.980232227667301e-09,-2.980232227667301e-09,-2.980232227667301e-09,-2.980232227667301e-09,-2.980232227667301e-09,-2.980232227667301e-09,-2.980232227667301e-09,-2.980232227667301e-09,-2.980232227667301e-09,-2.980232227667301e-09]","[null,8.599567704023533e-13,8.599567704023533e-13,8.599567704023533e-13,8.599567704023533e-13,8.599567704023565e-13,8.599567704023565e-13,8.599567704023565e-13,8.599567704023533e-13,8.599567704023565e-13,8.599567704023533e-13,8.599567704023533e-13,8.599567704023565e-13,8.599567704023565e-13,8.599567704023565e-13,8.599567704023565e-13,8.599567704023533e-13,8.599567704023565e-13,8.599567704023533e-13,8.599567704023565e-13,2.877224969584726e-13]"
14.099999999999966,sqp_rti,0,"[0.003033633876861769,-0.002213190078550013,0.00834204272240278]",0.9783068008980925,0.07972350716590881,"[-2.980232227667301e-09,-2.980232227667301e-09,-2.980232227667301e-09,-2.980232227667301e-09,-2.980232227667301e-09,-2.980232227667301e-09,-2.980232227667301e-09,-2.980232227667301e-09,-2.980232227667301e-09,-2.980232227667301e-09,-2.980232227667301e-09,-2.980232227667301e-09,-2.980232227667301e-09,-2.980232227667301e-09,-2.980232227667301e-09,-2.980232227667301e-09,-2.980232227667301e-09,-2.980232227667301e-09,-2.980232227667301e-09,-2.980232227667301e-09,-2.980232227667301e-09]","[null,8.65895503770244e-13,8.65895503770244e-13,8.65895503770244e-13,8.65895503770244e-13,8.658955037702472e-13,8.658955037702472e-13,8.658955037702472e-13,8.65895503770244e-13,8.658955037702472e-13,8.65895503770244e-13,8.65895503770244e-13,8.658955037702472e-13,8.658955037702472e-13,8.658955037702472e-13,8.658955037702472e-13,8.65895503770244e-13,8.658955037702472e-13,8.65895503770244e-13,8.658955037702472e-13,2.7507897309776337e-13]"
14.199999999999966,sqp_rti,0,"[0.006360989131300097,-0.002019159903548107,0.0005577629711790762]",0.9803659864558674,0.0797041580080986,"[-2.980232227667301e-09,-2.980232227667301e-09,-2.980232227667301e-09,-2.980232227667301e-09,-2.980232227667301e-09,-2.980232227667301e-09,-2.980232227667301e-09,-2.980232227667301e-09,-2.980232227667301e-09,-2.980232227667301e-09,-2.980232227667301e-09,-2.980232227667301e-09,-2.980232227667301e-09,-2.980232227667301e-09,-2.980232227667301e-09,-2.980232227667301e-09,-2.980232227667301e-09,-2.980232227667301e-09,-2.980232227667301e-09,-2.980232227667301e-09,-2.980232227667301e-09]","[null,7.17992071229808e-14,7.17992071229808e-14,7.17992071229808e-14,7.17992071229808e-14,7.179920712298403e-14,7.179920712298403e-14,7.179920712298403e-14,7.17992071229808e-14,7.179920712298403e-14,7.17992071229808e-14,7.17992071229808e-14,7.179920712298403e-14,7.179920712298403e-14,7.179920712298403e-14,7.179920712298403e-14,7.17992071229808e-14,7.179920712298403e-14,7.17992071229808e-14,7.179920712298403e-14,3.609953375473071e-14]"
