solve_step,horizon_stage,phi,d_mf_mask,phi_gt_d_mf_mask,mf_valid,mf_active,row_g_residual,row_g_feasible,row_m_residual_before_slack,row_m_lower_slack,row_m_residual_after_slack,row_m_feasible_before_slack,row_m_feasible_after_slack
0,1,0.029999956488609314,0.001,True,True,True,0.04134007943214835,True,0.20000000298023224,7.519803196122416e-12,0.20000000298775203,True,True
0,2,0.029999956488609314,0.001,True,True,True,0.05360430481352929,True,0.20000000298023224,7.519803196122416e-12,0.20000000298775203,True,True
0,3,0.029999956488609314,0.001,True,True,True,0.06578467722594994,True,0.20000000298023224,7.519803196122416e-12,0.20000000298775203,True,True
0,4,0.029999956488609314,0.001,True,True,True,0.07787059152932585,True,0.20000000298023224,7.519803196122416e-12,0.20000000298775203,True,True
0,5,0.029999956488609314,0.001,True,True,True,0.08985069684408187,True,0.20000000298023224,7.519803196122416e-12,0.20000000298775203,True,True
0,6,0.029999956488609314,0.001,True,True,True,0.10171429392994369,True,0.20000000298023224,7.519803196122416e-12,0.20000000298775203,True,True
0,7,0.029999956488609314,0.001,True,True,True,0.11345249988986272,True,0.20000000298023224,7.519803196122416e-12,0.20000000298775203,True,True
0,8,0.029999956488609314,0.001,True,True,True,0.1250593599694294,True,0.20000000298023224,7.519803196122416e-12,0.20000000298775203,True,True
0,9,0.029999956488609314,0.001,True,True,True,0.13653302807912382,True,0.20000000298023224,7.519803196122416e-12,0.20000000298775203,True,True
0,10,0.029999956488609314,0.001,True,True,True,0.14787709237923785,True,0.20000000298023224,7.519803196122416e-12,0.20000000298775203,True,True
0,11,0.029999956488609314,0.001,True,True,True,0.1591020672982041,True,0.20000000298023224,7.519803196122416e-12,0.20000000298775203,True,True
0,12,0.029999956488609314,0.001,True,True,True,0.17022698035565176,True,0.20000000298023224,7.519803196122416e-12,0.20000000298775203,True,True
0,13,0.029999956488609314,0.001,True,True,True,0.18128081155003328,True,0.20000000298023224,7.519803196122416e-12,0.20000000298775203,True,True
0,14,0.029999956488609314,0.001,True,True,True,0.19230324305103907,True,0.20000000298023224,7.519803196122416e-12,0.20000000298775203,True,True
0,15,0.029999956488609314,0.001,True,True,True,0.20334369698832833,True,0.20000000298023224,7.519803196122416e-12,0.20000000298775203,True,True
0,16,0.029999956488609314,0.001,True,True,True,0.2144569780171801,True,0.20000000298023224,7.519803196122416e-12,0.20000000298775203,True,True
0,17,0.029999956488609314,0.001,True,True,True,0.22569314981708577,True,0.20000000298023224,7.519803196122416e-12,0.20000000298775203,True,True
0,18,0.029999956488609314,0.001,True,True,True,0.23707902536347225,True,0.20000000298023224,7.519803196122416e-12,0.20000000298775203,True,True
0,19,0.029999956488609314,0.001,True,True,True,0.24858967063550075,True,0.20000000298023224,7.519803196122416e-12,0.20000000298775203,True,True
0,20,0.029999956488609314,0.001,True,True,True,0.26011141601855026,True,0.20000000298023224,3.5425776141671836e-12,0.20000000298377482,True,True
1,1,0.0299999937415123,0.001,True,True,True,0.02960553663454918,True,0.20000000298023224,8.623198765804447e-13,0.20000000298109455,True,True
1,2,0.0299999937415123,0.001,True,True,True,0.030234593039609292,True,0.20000000298023224,8.623198765804447e-13,0.20000000298109455,True,True
1,3,0.0299999937415123,0.001,True,True,True,0.030870832394890996,True,0.20000000298023224,8.623198765804447e-13,0.20000000298109455,True,True
1,4,0.030000001192092896,0.001,True,True,True,0.03149602136387078,True,0.20000000298023224,8.623198765804447e-13,0.20000000298109455,True,True
1,5,0.030000001192092896,0.001,True,True,True,0.032089754783747426,True,0.20000000298023224,8.623198765804447e-13,0.20000000298109455,True,True
1,6,0.030000001192092896,0.001,True,True,True,0.03262978102128361,True,0.20000000298023224,8.623198765804447e-13,0.20000000298109455,True,True
1,7,0.0299999937415123,0.001,True,True,True,0.01763441389797,True,0.20000000298023224,8.623198765804447e-13,0.20000000298109455,True,True
1,8,0.0299999937415123,0.001,True,True,True,0.014620582973786066,True,0.20000000298023224,8.623198765804447e-13,0.20000000298109455,True,True
1,9,0.0299999937415123,0.001,True,True,True,0.011229389235515641,True,0.20000000298023224,8.623198765804447e-13,0.20000000298109455,True,True
1,10,0.0299999937415123,0.001,True,True,True,0.007462299414470137,True,0.20000000298023224,8.623198765804447e-13,0.20000000298109455,True,True
1,11,0.0299999937415123,0.001,True,True,True,0.005367287695959875,True,0.20000000298023224,8.623198765804447e-13,0.20000000298109455,True,True
1,12,0.0299999937415123,0.001,True,True,True,0.003707731847366093,True,0.20000000298023224,8.623198765804447e-13,0.20000000298109455,True,True
1,13,0.0299999937415123,0.001,True,True,True,0.025188661874908785,True,0.20000000298023224,8.623198765804447e-13,0.20000000298109455,True,True
1,14,0.0299999937415123,0.001,True,True,True,0.026003861585375876,True,0.20000000298023224,8.623198765804447e-13,0.20000000298109455,True,True
1,15,0.030000001192092896,0.001,True,True,True,0.00044967901033010627,True,0.20000000298023224,8.623198765804447e-13,0.20000000298109455,True,True
1,16,0.030000001192092896,0.001,True,True,True,5.441607719980368e-10,True,0.20000000298023224,8.623198765804447e-13,0.20000000298109455,True,True
1,17,0.0299999937415123,0.001,True,True,True,0.030238807263824052,True,0.20000000298023224,8.623198765804447e-13,0.20000000298109455,True,True
1,18,0.0299999937415123,0.001,True,True,True,0.03293187936447667,True,0.20000000298023224,8.623198765804447e-13,0.20000000298109455,True,True
1,19,0.0299999937415123,0.001,True,True,True,0.03659021862289347,True,0.20000000298023224,8.623198765804447e-13,0.20000000298109455,True,True
1,20,0.0299999937415123,0.001,True,True,True,0.04107873713688012,True,0.20000000298023224,3.841517573837085e-13,0.2000000029806164,True,True
2,1,0.02928764373064041,0.001,True,True,True,0.02756356249872262,True,0.20000000298023224,1.2791452406322542e-15,0.20000000298023352,True,True
2,2,0.028318453580141068,0.001,True,True,True,0.026753974528300035,True,0.20000000298023332,1.2791452405805554e-15,0.2000000029802346,True,True
2,3,0.027067843824625015,0.001,True,True,True,0.025902160457751414,True,0.19999999790589829,1.2791456308805576e-15,0.19999999790589956,True,True
2,4,0.025514138862490654,0.001,True,True,True,0.024997054368500624,True,0.19999553325035488,1.2799983830579647e-15,0.19999553325035616,True,True
2,5,0.023640021681785583,0.001,True,True,True,0.02402575548990181,True,0.19972648770223234,1.295548922668197e-15,0.19972648770223364,True,True
2,6,0.021433191373944283,0.001,True,True,True,0.022974844332338394,True,0.19748797141496358,1.2944222959530574e-15,0.19748797141496488,True,True
2,7,0.018886828795075417,0.001,True,True,True,0.02183274416250536,True,0.19322548454855684,1.2798074888494403e-15,0.19322548454855812,True,True
2,8,0.01599949784576893,0.001,True,True,True,0.020592192401857116,True,0.19413891382635862,1.2759385979564979e-15,0.1941389138263599,True,True
2,9,0.012774643488228321,0.001,True,True,True,0.01925442212648783,True,0.15861780241853296,1.2748853958508833e-15,0.15861780241853424,True,True
2,10,0.009219692088663578,0.001,True,True,True,0.01783557301540748,True,1.2843059948863811e-11,1.2680567838117413e-15,1.2844328005647623e-11,True,True
2,11,0.006424359977245331,0.001,True,True,True,0.018648665062585376,True,0.7749918125478032,1.2672709503390946e-15,0.7749918125478045,True,True
2,12,0.004552297294139862,0.001,True,True,True,0.017557876720600996,True,0.2746164281566408,1.2738717636617795e-15,0.27461642815664206,True,True
2,13,0.002880580723285675,0.001,True,True,True,0.01668198963512471,True,0.06433667227233508,1.2768436147654273e-15,0.06433667227233636,True,True
2,14,0.0014202147722244263,0.001,True,True,True,0.015953206807184178,True,1.4876988529977098e-12,1.2617642316227865e-15,1.4889606172293326e-12,True,True
2,15,0.00017590448260307312,0.001,False,True,False,0.011627548374680663,True,,,,,
2,16,-0.0008502267301082611,0.001,False,True,False,0.008776476684193568,True,,,,,
2,17,-0.0017100684344768524,0.001,False,True,False,0.007415188806292716,True,,,,,
2,18,-0.002236325293779373,0.001,False,True,False,0.007103683017402163,True,,,,,
2,19,-0.002582170069217682,0.001,False,True,False,0.007389301584175723,True,,,,,
2,20,-0.002915911376476288,0.001,False,True,False,0.00774661887102962,True,,,,,
3,1,0.028565149754285812,0.001,True,True,True,0.027632113039582663,True,0.20000000298023224,5.3072340824982357e-14,0.2000000029802853,True,True
3,2,0.027754593640565872,0.001,True,True,True,0.027567492641666656,True,0.20000000421112193,5.307234096678951e-14,0.200000004211175,True,True
3,3,0.02690213918685913,0.001,True,True,True,0.027378893894918856,True,0.1999972147466589,5.3072877892678005e-14,0.19999721474671198,True,True
3,4,0.025998711585998535,0.001,True,True,True,0.02705473910404474,True,0.19979389381272544,5.3114960309142273e-14,0.19979389381277857,True,True
3,5,0.025034023448824883,0.001,True,True,True,0.026580548870086734,True,0.197502918422637,5.309343285693515e-14,0.1975029184226901,True,True
3,6,0.0239979587495327,0.001,True,True,True,0.02594010305031446,True,0.18801892747075638,5.3030524422864947e-14,0.18801892747080942,True,True
3,7,0.02288220077753067,0.001,True,True,True,0.025116475932157725,True,0.1644066375297848,5.293081159545389e-14,0.16440663752983772,True,True
3,8,0.021682746708393097,0.001,True,True,True,0.024094031082850503,True,1.7603873914140422e-10,5.306515973779809e-14,1.7609180430114202e-10,True,True
3,9,0.020498715341091156,0.001,True,True,True,0.025940377097002303,True,0.0008508396094004667,5.298665839381713e-14,0.0008508396094534534,True,True
3,10,0.019950680434703827,0.001,True,True,True,0.025271138992508956,True,0.1947856798092884,5.3041798440020137e-14,0.19478567980934144,True,True
3,11,0.018592320382595062,0.001,True,True,True,0.025371671151365044,True,0.1215025534091132,5.3046626577487683e-14,0.12150255340916624,True,True
3,12,0.01755576580762863,0.001,True,True,True,0.025403789664471058,True,0.03627714183553743,5.294252000629612e-14,0.036277141835590374,True,True
3,13,0.016825038939714432,0.001,True,True,True,0.0253853968820342,True,0.021229303652750442,5.294538247113755e-14,0.021229303652803386,True,True
3,14,0.016407139599323273,0.001,True,True,True,0.025351596156209688,True,2.0187407301364146e-11,5.3148383307484047e-14,2.024055568467163e-11,True,True
3,15,0.012529287487268448,0.001,True,True,True,0.026932257608662025,True,0.03696896922913728,5.297703154462649e-14,0.03696896922919026,True,True
3,16,0.009931676089763641,0.001,True,True,True,0.02799843672610952,True,0.0279954603894339,5.2954112262412e-14,0.027995460389486856,True,True
3,17,0.00883115828037262,0.001,True,True,True,0.028045740761945603,True,2.4776269924586813e-10,5.287937365549558e-14,2.4781557861952364e-10,True,True
3,18,0.008947640657424927,0.001,True,True,True,0.027300556239700957,True,3.681943638866869e-12,5.455196225537035e-14,3.73649560112224e-12,True,True
3,19,0.009825747460126877,0.001,True,True,True,0.027539332666140337,True,0.03668893169875731,5.485907099711439e-14,0.03668893169881217,True,True
3,20,0.009991778992116451,0.001,True,True,True,0.013871258574785106,True,2.0599522088105005e-11,1.5837277701487167e-14,2.061535936580649e-11,True,True
4,1,0.02863246202468872,0.001,True,True,True,0.024680987416602518,True,0.20000000329121626,4.759787794441656e-13,0.20000000329169224,True,True
4,2,0.028572004288434982,0.001,True,True,True,0.021421701441612165,True,0.19999606769976305,4.759651942296726e-13,0.199996067700239,True,True
4,3,0.02839003875851631,0.001,True,True,True,0.017909261830398787,True,0.19965948904004502,4.749558789303938e-13,0.19965948904051997,True,True
4,4,0.028072940185666084,0.001,True,True,True,0.014220209952995461,True,0.1964063304709485,4.754180739714374e-13,0.19640633047142392,True,True
4,5,0.027604928240180016,0.001,True,True,True,0.010431309099691775,True,0.15559135825655837,4.71824761864671e-13,0.1555913582570302,True,True
4,6,0.027119003236293793,0.001,True,True,True,0.007853937688681567,True,0.08328468820435186,4.722299461727844e-13,0.0832846882048241,True,True
4,7,0.026662565767765045,0.001,True,True,True,0.006628144216386356,True,0.1258375296530705,4.71428267717515e-13,0.12583752965354192,True,True
4,8,0.0262070894241333,0.001,True,True,True,0.005662648101370953,True,0.11512543132036424,4.71903374106822e-13,0.11512543132083614,True,True
4,9,0.025619499385356903,0.001,True,True,True,0.0046616425596419375,True,0.10058008503523896,4.718143053055226e-13,0.10058008503571078,True,True
4,10,0.02518308162689209,0.001,True,True,True,0.0037430043490741527,True,0.10292688873581124,4.715685236176559e-13,0.1029268887362828,True,True
4,11,0.02500522881746292,0.001,True,True,True,0.0029032503149147015,True,0.07457270795250714,4.716453460260604e-13,0.0745727079529788,True,True
4,12,0.024950213730335236,0.001,True,True,True,0.002016065221862845,True,0.044661688631532526,4.717201112462488e-13,0.044661688632004246,True,True
4,13,0.0250045508146286,0.001,True,True,True,0.001056641450937923,True,0.015137605072148785,4.71929207082034e-13,0.015137605072620715,True,True
4,14,0.02513188123703003,0.001,True,True,True,3.53955198484357e-11,True,4.022142618964608e-10,4.729009687744405e-13,4.0268716286523525e-10,True,True
4,15,0.021308181807398796,0.001,True,True,True,0.03686095800540812,True,2.1261192806321105e-10,4.72934637490076e-13,2.1308486270070113e-10,True,True
4,16,0.016594192013144493,0.001,True,True,True,0.037733939582956844,True,0.08949903396291292,4.708949090526255e-13,0.08949903396338382,True,True
4,17,0.011244138702750206,0.001,True,True,True,0.03978658638843238,True,0.5287231751084649,4.719243844730226e-13,0.5287231751089368,True,True
4,18,0.0060573965311050415,0.001,True,False,False,0.042718593187779486,True,,,,,
4,19,0.007315644063055515,0.001,True,True,True,0.04694425977326305,True,0.9569379983339399,4.778510649037453e-13,0.9569379983344177,True,True
4,20,0.012548371218144894,0.001,True,True,True,0.05216566725680491,True,0.08820066670776683,1.8422166300884244e-13,0.08820066670795106,True,True
5,1,0.025707203894853592,0.001,True,True,True,0.023821457791212898,True,0.20000000364383416,8.117548921647862e-15,0.20000000364384227,True,True
5,2,0.022526627406477928,0.001,True,True,True,0.022691896386505362,True,0.19996315671977727,8.135131218725283e-15,0.1999631567197854,True,True
5,3,0.019127963110804558,0.001,True,True,True,0.021660576132957684,True,0.2007068605664642,8.124484948282242e-15,0.20070686056647233,True,True
5,4,0.01557185035198927,0.001,True,True,True,0.020706111625050302,True,0.21987433419148614,8.10273704212635e-15,0.21987433419149424,True,True
5,5,0.011920899152755737,0.001,True,True,True,0.01913774633055273,True,0.25186504457066583,8.115991761948218e-15,0.25186504457067393,True,True
5,6,0.008241345174610615,0.001,True,True,True,0.016910161119144153,True,0.06769866374279943,8.105646775897325e-15,0.06769866374280753,True,True
5,7,0.004906181246042252,0.001,True,True,True,0.016406642199831872,True,0.5311163872950111,8.102615582909443e-15,0.5311163872950192,True,True
5,8,0.002914082258939743,0.001,True,True,True,0.01437701997430954,True,0.6777544742968367,8.106363528016847e-15,0.6777544742968448,True,True
5,9,0.0007732994854450226,0.001,False,True,False,0.012251632873574891,True,,,,,
5,10,-0.001312844455242157,0.001,False,True,False,0.01009909177174867,True,,,,,
5,11,-0.002429753541946411,0.001,False,True,False,0.007950085090989767,True,,,,,
5,12,-0.0032721012830734253,0.001,False,True,False,0.0058511822738137875,True,,,,,
5,13,-0.0039003901183605194,0.001,False,True,False,0.0038409301873095214,True,,,,,
5,14,-0.0046740248799324036,0.001,False,True,False,0.0019420266497051641,True,,,,,
5,15,-0.005319222807884216,0.001,False,True,False,0.00046771350651927945,True,,,,,
5,16,-0.006202954798936844,0.001,False,True,False,9.591797988045547e-05,True,,,,,
5,17,-0.006800152361392975,0.001,False,True,False,1.5104584250025255e-13,True,,,,,
5,18,-0.007505323737859726,0.001,False,True,False,0.0006016264962216966,True,,,,,
5,19,-0.007596120238304138,0.001,False,True,False,0.001766793803756439,True,,,,,
5,20,-0.007276915013790131,0.001,False,True,False,0.002668699875700342,True,,,,,
6,1,0.02482302114367485,0.001,True,True,True,0.024938590189470082,True,0.19999997559002805,4.225289283425789e-13,0.19999997559045057,True,True
6,2,0.02369844727218151,0.001,True,True,True,0.02556715774465576,True,0.19975524487876975,4.2296050797638666e-13,0.19975524487919272,True,True
6,3,0.02270076610147953,0.001,True,True,True,0.0256422739608603,True,0.19530326331257597,4.2304532012424005e-13,0.19530326331299902,True,True
6,4,0.02180643565952778,0.001,True,True,True,0.025118611754013635,True,0.1728665322823223,4.234308461219568e-13,0.17286653228274573,True,True
6,5,0.020284410566091537,0.001,True,True,True,0.02401842106404216,True,3.284520211366271e-09,4.2205746173834767e-13,3.284942268828009e-09,True,True
6,6,0.018535703420639038,0.001,True,True,True,0.026493699435011654,True,0.15579382990368984,4.221564803855388e-13,0.155793829904112,True,True
6,7,0.016783863306045532,0.001,True,True,True,0.025942713724142336,True,0.2871081781505005,4.2154666706971915e-13,0.28710817815092204,True,True
6,8,0.01483316719532013,0.001,True,True,True,0.025448199982992303,True,0.08848555043938422,4.2259325036544437e-13,0.08848555043980681,True,True
6,9,0.012834366410970688,0.001,True,True,True,0.02501826011569125,True,0.026998757358524195,4.2269489849581335e-13,0.02699875735894689,True,True
6,10,0.01099342480301857,0.001,True,True,True,0.024613603025092856,True,0.01406855626749115,4.2209518514180323e-13,0.014068556267913245,True,True
6,11,0.009451545774936676,0.001,True,True,True,0.02420746359309847,True,0.005575364785070036,4.2198098793164485e-13,0.005575364785492017,True,True
6,12,0.008263200521469116,0.001,True,True,True,0.023749576255769567,True,0.0007315022193878917,4.2181336532767403e-13,0.0007315022198097051,True,True
6,13,0.0075263455510139465,0.001,True,True,True,0.02311869471148087,True,1.1164402735630574e-11,4.2215329129865496e-13,1.158655602692923e-11,True,True
6,14,0.007508806884288788,0.001,True,True,True,0.022094068480750684,True,8.995897005092957e-08,4.2173853204689455e-13,8.995939178946161e-08,True,True
6,15,0.0077333226799964905,0.001,True,True,True,0.020686635212186444,True,6.271694275028494e-11,4.2616743654681806e-13,6.314311018683176e-11,True,True
6,16,0.007152855396270752,0.001,True,True,True,0.019213264016023412,True,2.929825271280606e-10,4.220866987107051e-13,2.934046138267713e-10,True,True
6,17,0.006906062364578247,0.001,True,True,True,0.018015637441831767,True,0.03685941415507887,4.2213522503847816e-13,0.03685941415550101,True,True
6,18,0.007257796823978424,0.001,True,True,True,0.016993637850244436,True,0.01458099546581959,4.2998780093203667e-13,0.014580995466249578,True,True
6,19,0.007627025246620178,0.001,True,True,True,0.017961895930194482,True,7.439209248616407e-10,4.462036204187136e-13,7.443671284820595e-10,True,True
6,20,0.002195205306634307,0.001,True,True,True,0.014714698716116636,True,2.715561109312148e-10,1.2812267455880294e-13,2.716842336057736e-10,True,True
7,1,0.025953983888030052,0.001,True,True,True,0.023218142717741017,True,0.1999783163203018,1.1383690097777358e-12,0.19997831632144017,True,True
7,2,0.026621874421834946,0.001,True,True,True,0.0197797817804816,True,0.19367650188003283,1.143533526686656e-12,0.19367650188117636,True,True
7,3,0.02675769478082657,0.001,True,True,True,0.014164761776309386,True,0.1276738962794408,1.1354115856495517e-12,0.12767389628057624,True,True
7,4,0.026370219886302948,0.001,True,True,True,0.010780853337455917,True,0.12820609518754011,1.134219633295778e-12,0.12820609518867435,True,True
7,5,0.025681979954242706,0.001,True,True,True,0.0087361416873835,True,0.10226804632323327,1.1309501897253193e-12,0.10226804632436423,True,True
7,6,0.024821624159812927,0.001,True,True,True,0.007345501561778517,True,0.08515879671784576,1.1322598856036961e-12,0.08515879671897802,True,True
7,7,0.024048782885074615,0.001,True,True,True,0.006193060585044555,True,0.08917291330939747,1.1324950578320066e-12,0.08917291331052997,True,True
7,8,0.023518837988376617,0.001,True,True,True,0.004873057471745101,True,0.10252926953473018,1.1323316101069978e-12,0.10252926953586251,True,True
7,9,0.023351669311523438,0.001,True,True,True,0.0031271507669845544,True,0.09928342113200972,1.132343877926146e-12,0.09928342113314206,True,True
7,10,0.023595169186592102,0.001,True,True,True,0.0009077647866184146,True,0.05904277191150742,1.1341221292386664e-12,0.05904277191264154,True,True
7,11,0.022856319323182106,0.001,True,True,True,0.03153996391199282,True,2.713671509724236e-10,1.142857758852796e-12,2.725100087312764e-10,True,True
7,12,0.01926078461110592,0.001,True,True,True,0.03694470904672187,True,7.122289424899009e-10,1.1297646426958121e-12,7.133587071325967e-10,True,True
7,13,0.014659127220511436,0.001,True,True,True,0.03809453080467895,True,0.15316513775408058,1.1316070554662552e-12,0.15316513775521218,True,True
7,14,0.009034466929733753,0.001,True,True,True,0.03913538729639554,True,0.5846100218194286,1.1311384400498372e-12,0.5846100218205597,True,True
7,15,0.003083902643993497,0.001,True,False,False,0.0404938745684936,True,,,,,
7,16,0.0038272151723504066,0.001,True,True,True,0.04619802875046808,True,2.9385860204681773,1.1320005507641587e-12,2.9385860204693093,True,True
7,17,0.010059955529868603,0.001,True,True,True,0.04722209975512916,True,0.9772437241910303,1.1350566595113883e-12,0.9772437241921654,True,True
7,18,0.012323889881372452,0.001,True,True,True,0.010808505727717077,True,0.27625737531659844,1.1313845426653697e-12,0.2762573753177298,True,True
7,19,0.012344364076852798,0.001,True,True,True,0.014417782879659224,True,0.034153307877167194,1.2393538681354486e-12,0.03415330787840655,True,True
7,20,0.01507972925901413,0.001,True,True,True,0.017827179334056975,True,2.234417095792196e-10,3.457273777452098e-13,2.2378743695696481e-10,True,True
8,1,0.0242226030677557,0.001,True,True,True,0.021890170734955285,True,0.20065184807604325,2.45191874791526e-13,0.20065184807628844,True,True
8,2,0.020991109311580658,0.001,True,True,True,0.020278780559836132,True,0.23672407947060004,2.436305036449517e-13,0.23672407947084367,True,True
8,3,0.016431070864200592,0.001,True,True,True,0.01879787624039901,True,0.30015072422497546,2.435864013025846e-13,0.30015072422521905,True,True
8,4,0.012440785765647888,0.001,True,True,True,0.016890989571238788,True,0.19940356527654046,2.4450989249919777e-13,0.19940356527678496,True,True
8,5,0.009084884077310562,0.001,True,True,True,0.01470074597300347,True,0.09514435253936471,2.4375939629731766e-13,0.09514435253960847,True,True
8,6,0.005865950137376785,0.001,True,True,True,0.012436750231079624,True,0.021013786675599277,2.430273111763344e-13,0.021013786675842305,True,True
8,7,0.002772197127342224,0.001,True,True,True,0.010212401553853417,True,2.292318335150867e-09,2.4447171546454993e-13,2.2925628068663314e-09,True,True
8,8,-0.00014024227857589722,0.001,False,True,False,0.007713593040547639,True,,,,,
8,9,-0.002613414078950882,0.001,False,True,False,0.005399796876430274,True,,,,,
8,10,-0.00431118905544281,0.001,False,True,False,0.0033733124094355027,True,,,,,
8,11,-0.004753593355417252,0.001,False,True,False,0.0016344974825993064,True,,,,,
8,12,-0.003270544111728668,0.001,False,True,False,0.0005376889042771338,True,,,,,
8,13,-0.0020288415253162384,0.001,False,True,False,0.00017266754284361863,True,,,,,
8,14,-0.00016546249389648438,0.001,False,True,False,2.0572266112850457e-11,True,,,,,
8,15,0.0017482787370681763,0.001,True,False,False,1.898314838655324e-11,True,,,,,
8,16,0.003313269466161728,0.001,True,True,True,0.00017553042082729675,True,3.523865643728641e-10,2.43731435464708e-13,3.526302958083288e-10,True,True
8,17,0.005421154201030731,0.001,True,True,True,1.6309398276348475e-11,True,0.00379715830484173,2.4352733741684124e-13,0.0037971583050852575,True,True
8,18,0.008135180920362473,0.001,True,True,True,6.108648031855068e-10,True,4.1105252535089676e-10,2.435823805684777e-13,4.1129610773146524e-10,True,True
8,19,0.007805126253515482,0.001,True,True,True,0.02243308569518454,True,3.427150119250655e-09,2.4390016870633987e-13,3.427394019419361e-09,True,True
8,20,0.007056610658764839,0.001,True,False,False,0.01566926725398976,True,,,,,
9,1,0.02289387956261635,0.001,True,True,True,0.019521764911735132,True,0.19998245354309865,6.2452071958288854e-15,0.1999824535431049,True,True
9,2,0.021273374557495117,0.001,True,True,True,0.019057148835665456,True,0.18876634767989953,6.249106784491949e-15,0.18876634767990577,True,True
9,3,0.01965341717004776,0.001,True,True,True,0.018431424996861415,True,0.13518352928406818,6.238167665293319e-15,0.13518352928407443,True,True
9,4,0.017700739204883575,0.001,True,True,True,0.01829442289583741,True,0.04953701341997441,6.2350051455873886e-15,0.049537013419980645,True,True
9,5,0.015502985566854477,0.001,True,True,True,0.018579464232476084,True,1.5336178993408112e-09,6.2264946752700364e-15,1.5336241258354865e-09,True,True
9,6,0.01323620229959488,0.001,True,True,True,0.019006751014560175,True,1.6497914145929826e-12,6.2403594811839465e-15,1.6560317740741666e-12,True,True
9,7,0.011189311742782593,0.001,True,True,True,0.019069382711245864,True,0.003188896336633107,6.212399011161116e-15,0.0031888963366393194,True,True
9,8,0.009470395743846893,0.001,True,True,True,0.019350524432474037,True,0.041705545934053845,6.225327038423841e-15,0.04170554593406007,True,True
9,9,0.008654948323965073,0.001,True,True,True,0.019229497546027763,True,0.07917069807999777,6.225929047011172e-15,0.079170698080004,True,True
9,10,0.008479297161102295,0.001,True,True,True,0.018531833766423256,True,0.0695322390468025,6.231537358241462e-15,0.06953223904680873,True,True
9,11,0.007993724197149277,0.001,True,True,True,0.01731114926979216,True,1.0818013151947525e-12,6.27159632258264e-15,1.0880729115173352e-12,True,True
9,12,0.0032652467489242554,0.001,True,True,True,0.015543105533340151,True,0.47246804699794254,6.219434977806987e-15,0.47246804699794875,True,True
9,13,0.00038170069456100464,0.001,False,False,False,0.014149431078049168,True,,,,,
9,14,-0.0013325437903404236,0.001,False,False,False,0.013271579512941445,True,,,,,
9,15,-0.002104286104440689,0.001,False,True,False,0.01314850124147593,True,,,,,
9,16,-0.004203237593173981,0.001,False,False,False,0.013809189852215908,True,,,,,
9,17,-0.0022557005286216736,0.001,False,True,False,0.01512642225540528,True,,,,,
9,18,-0.0004867278039455414,0.001,False,True,False,0.017324173588351477,True,,,,,
9,19,0.0017821379005908966,0.001,True,True,True,0.020309336327711702,True,0.1544179570452897,6.2208759610964766e-15,0.15441795704529593,True,True
9,20,0.003328625112771988,0.001,True,True,True,0.025037165208191547,True,6.794564910705958e-12,9.46429233557093e-16,6.795511339939515e-12,True,True
10,1,0.021385200321674347,0.001,True,True,True,0.017542187345255818,True,0.2037132577022736,6.419883952068223e-12,0.2037132577086935,True,True
10,2,0.02039361000061035,0.001,True,True,True,0.015123619727053172,True,0.20239231611697012,6.4033786302140326e-12,0.2023923161233735,True,True
10,3,0.01964644342660904,0.001,True,True,True,0.013132857707916432,True,0.18450511137550052,6.404828528089418e-12,0.18450511138190534,True,True
10,4,0.019091099500656128,0.001,True,True,True,0.011515226813065521,True,0.1681657175747886,6.407315672261118e-12,0.16816571758119592,True,True
10,5,0.01867660880088806,0.001,True,True,True,0.010200402795169011,True,0.15169411532583088,6.4081816212876926e-12,0.15169411533223906,True,True
10,6,0.018403850495815277,0.001,True,True,True,0.008998179022737834,True,0.11778700441398016,6.40811487342704e-12,0.11778700442038827,True,True
10,7,0.018271252512931824,0.001,True,True,True,0.007424499434671106,True,0.06664262958450706,6.4062240268183805e-12,0.06664262959091329,True,True
10,8,0.01870989054441452,0.001,True,True,True,0.006007025717229775,True,1.3377712271278597e-09,6.44061226453772e-12,1.3442118393923974e-09,True,True
10,9,0.019696064293384552,0.001,True,True,True,0.004250974823596876,True,0.022326897288310388,6.406498862068227e-12,0.022326897294716888,True,True
10,10,0.015438549220561981,0.001,True,True,True,0.01758212290494121,True,0.2358243224991159,6.4089108165619945e-12,0.2358243225055248,True,True
10,11,0.011460887268185616,0.001,True,True,True,0.01930215573939692,True,0.19999787388109092,6.436278317772983e-12,0.19999787388752718,True,True
10,12,0.012450077570974827,0.001,True,True,True,0.022559504751729104,True,0.3431491685153021,6.41261880985826e-12,0.3431491685217147,True,True
10,13,0.01480462122708559,0.001,True,True,True,0.027844518887141984,True,0.22406154074582574,6.411169324712407e-12,0.22406154075223692,True,True
10,14,0.014520570635795593,0.001,True,True,True,4.979955365930211e-05,True,0.07318376035937568,6.417848734254331e-12,0.07318376036579353,True,True
10,15,0.013947494328022003,0.001,True,True,True,1.4494883071591858e-10,True,0.04297216056619835,6.410157613773513e-12,0.042972160572608505,True,True
10,16,0.014438491314649582,0.001,True,True,True,0.00016221642746194753,True,0.11788627199738744,6.403810497292512e-12,0.11788627200379125,True,True
10,17,0.012671185657382011,0.001,True,True,True,0.03908253142778573,True,0.11949243377369734,6.413419189076182e-12,0.11949243378011076,True,True
10,18,0.01265579555183649,0.001,True,True,True,0.04448869098425101,True,0.11960129861022661,6.455607904020864e-12,0.11960129861668223,True,True
10,19,0.015985678881406784,0.001,True,True,True,0.050062919878405165,True,0.10374837955916383,6.4533841496279195e-12,0.10374837956561721,True,True
10,20,0.022290389984846115,0.001,True,True,True,0.05670867034462579,True,1.6447132544783472e-09,8.3044197866699e-13,1.6455436964570142e-09,True,True
11,1,0.018848098814487457,0.001,True,True,True,0.0168585321033084,True,0.20000101582264918,1.3304442203603133e-11,0.20000101583595362,True,True
11,2,0.016144927591085434,0.001,True,True,True,0.015761996257566455,True,0.20242243854377417,1.3316691431427873e-11,0.20242243855709086,True,True
11,3,0.013522297143936157,0.001,True,True,True,0.014697924341745494,True,0.21755236474330875,1.3293788290853897e-11,0.21755236475660253,True,True
11,4,0.010880760848522186,0.001,True,True,True,0.013799997535507286,True,0.20789307738506158,1.3286292301568866e-11,0.20789307739834786,True,True
11,5,0.008288849145174026,0.001,True,True,True,0.01306986518911768,True,0.20000000235712823,1.3304270392857276e-11,0.2000000023704325,True,True
11,6,0.006038893014192581,0.001,True,True,True,0.012247203721891503,True,0.19960680845569503,1.331840654167185e-11,0.19960680846901344,True,True
11,7,0.004161138087511063,0.001,True,True,True,0.011318223298449392,True,4.4533365439747286e-08,1.327094061038321e-11,4.454663638035767e-08,True,True
11,8,0.004202648997306824,0.001,True,True,True,0.009371630409078457,True,0.02885372703195621,1.3265936327137178e-11,0.028853727045222148,True,True
11,9,0.004214592278003693,0.001,True,True,True,0.007149849906934291,True,9.465064465530304e-08,1.3273224062497592e-11,9.466391787936554e-08,True,True
11,10,0.006510905921459198,0.001,True,False,False,0.004747433004428592,True,,,,,
11,11,0.010709844529628754,0.001,True,True,True,0.0024536398622586053,True,7.783146749318348e-08,1.3288159932690444e-11,7.784475565311617e-08,True,True
11,12,0.008243590593338013,0.001,True,False,False,0.0005739274101599356,True,,,,,
11,13,0.0064413174986839294,0.001,True,False,False,4.229602224015139e-10,True,,,,,
11,14,0.004599511623382568,0.001,True,False,False,0.00044071555849123367,True,,,,,
11,15,0.002916596829891205,0.001,True,False,False,0.001885550380532619,True,,,,,
11,16,0.001455947756767273,0.001,True,False,False,0.004264699382570902,True,,,,,
11,17,0.0015320144593715668,0.001,True,True,True,0.007570546017588109,True,3.1975766034975095e-08,1.3237851624454795e-11,3.198900388659955e-08,True,True
11,18,0.002677757292985916,0.001,True,True,True,0.011513875829207487,True,0.521254702316682,1.3219803711907756e-11,0.5212547023299018,True,True
11,19,0.0050543323159217834,0.001,True,True,True,0.015512553079200742,True,0.9318740695091954,1.3324437020117858e-11,0.9318740695225198,True,True
11,20,0.002013575518503785,0.001,True,True,True,0.07753680820644282,True,1.1333322190202821,1.963883585591393e-12,1.1333322190222461,True,True
12,1,0.01793515682220459,0.001,True,False,False,0.017230667412912945,True,,,,,
12,2,0.01676188036799431,0.001,True,True,True,0.017906059876277552,True,0.20000000298023224,3.909910307122871e-14,0.20000000298027135,True,True
12,3,0.015744898468255997,0.001,True,True,True,0.01869503574321188,True,0.200000002980232,3.90991030712174e-14,0.2000000029802711,True,True
12,4,0.014900173991918564,0.001,True,True,True,0.018857652621774273,True,0.19333766000309335,3.9149961723927546e-14,0.19333766000313252,True,True
12,5,0.014116223901510239,0.001,True,True,True,0.01827509859942289,True,0.12744636209811855,3.8958506888442285e-14,0.12744636209815752,True,True
12,6,0.013489492237567902,0.001,True,True,True,0.017437564678068618,True,0.06955000402189793,3.896594400195492e-14,0.0695500040219369,True,True
12,7,0.012817472219467163,0.001,True,True,True,0.01672060521488722,True,1.2174705688039467e-11,3.916014028326332e-14,1.221386582832273e-11,True,True
12,8,0.010798446834087372,0.001,True,True,True,0.015469902989830031,True,0.2312526640146526,3.884735658715513e-14,0.23125266401469147,True,True
12,9,0.0100930854678154,0.001,True,True,True,0.013898978527541461,True,0.09829581084733086,3.8848110117092283e-14,0.0982958108473697,True,True
12,10,0.009218074381351471,0.001,True,True,True,0.012804095876664034,True,0.12361713003364283,3.957801655347801e-14,0.12361713003368241,True,True
12,11,0.009731758385896683,0.001,True,True,True,0.011816799403048972,True,6.31334984291243e-11,3.9018742438077666e-14,6.317251717156238e-11,True,True
12,12,0.005551300942897797,0.001,True,True,True,0.010986442945670694,True,0.08164144907602378,3.9019899451178903e-14,0.0816414490760628,True,True
12,13,0.0025965236127376556,0.001,True,True,True,0.010728107365065631,True,1.127631321651279e-11,3.9073832170398924e-14,1.1315387048683189e-11,True,True
12,14,0.0006466880440711975,0.001,False,True,False,0.011264059599446041,True,,,,,
12,15,-0.0006646960973739624,0.001,False,True,False,0.012953130627825882,True,,,,,
12,16,-0.001283213496208191,0.001,False,True,False,0.01599025488353223,True,,,,,
12,17,-0.00038998574018478394,0.001,False,True,False,0.020632528614099366,True,,,,,
12,18,0.0002538338303565979,0.001,False,True,False,0.025416850284333048,True,,,,,
12,19,-0.0055344849824905396,0.001,False,True,False,0.018366190377691716,True,,,,,
12,20,-0.012862682342529297,0.001,False,True,False,0.018701730082448242,True,,,,,
13,1,0.01815590262413025,0.001,True,True,True,0.014856446785515509,True,0.1935208704309204,7.123138803121594e-16,0.19352087043092112,True,True
13,2,0.01825445145368576,0.001,True,True,True,0.01294105953984001,True,0.14160766005397407,7.120670297038737e-16,0.1416076600539748,True,True
13,3,0.01804172992706299,0.001,True,True,True,0.011399340067266839,True,0.09313934952242864,7.119262218464153e-16,0.09313934952242935,True,True
13,4,0.01779879629611969,0.001,True,True,True,0.00927385171472181,True,0.07174447996833955,7.118371794114008e-16,0.07174447996834026,True,True
13,5,0.017702952027320862,0.001,True,True,True,0.007391726890489447,True,2.418065747633591e-13,7.149606097550926e-16,2.425215353731142e-13,True,True
13,6,0.01675000786781311,0.001,True,True,True,0.005789707497872054,True,6.501466032204917e-12,7.1242963278195e-16,6.5021784618376985e-12,True,True
13,7,0.016393274068832397,0.001,True,True,True,0.004967623725278314,True,0.06387959963556611,7.115524690841615e-16,0.06387959963556682,True,True
13,8,0.017093785107135773,0.001,True,True,True,0.0032550303163702554,True,0.15985045144187993,7.192054041964057e-16,0.15985045144188065,True,True
13,9,0.017676979303359985,0.001,True,True,True,0.002489767705592727,True,0.1072256339353812,7.112325804639069e-16,0.10722563393538191,True,True
13,10,0.017127148807048798,0.001,True,True,True,0.0031310425892611127,True,0.1533578403551621,7.140092163872554e-16,0.1533578403551628,True,True
13,11,0.016737543046474457,0.001,True,True,True,0.0054468616369884315,True,0.17185752674051713,7.139177293452999e-16,0.17185752674051785,True,True
13,12,0.014658939093351364,0.001,True,True,True,0.008456251397312875,True,0.042507527930961686,7.126476510485088e-16,0.0425075279309624,True,True
13,13,0.012773893773555756,0.001,True,True,True,0.011966395639231964,True,1.241673430740775e-12,7.123615042627631e-16,1.2423857922450379e-12,True,True
13,14,0.01276707649230957,0.001,True,True,True,0.015462196475149459,True,1.0742873257640895e-10,7.124059104733876e-16,1.0742944498231942e-10,True,True
13,15,0.013984397053718567,0.001,True,True,True,0.018681167944083144,True,9.441336601412331e-13,7.120805417774348e-16,9.448457406830105e-13,True,True
13,16,0.016687531024217606,0.001,True,True,True,0.02192115578099907,True,4.3653969328261155e-13,7.149188887169528e-16,4.372546121713285e-13,True,True
13,17,0.021208494901657104,0.001,True,True,True,0.02527160262177708,True,1.156556361792127e-08,7.209328475581441e-16,1.1565564338854119e-08,True,True
13,18,0.02507965639233589,0.001,True,True,True,0.009279267179220452,True,0.017770565654407378,7.117027986441568e-16,0.01777056565440809,True,True
13,19,0.0271674245595932,0.001,True,True,True,0.01235759374134815,True,2.8066438062523957e-13,7.237952940552867e-16,2.8138817591929486e-13,True,True
13,20,0.02768915891647339,0.001,True,True,True,0.009183397141177663,True,2.0765611452588928e-12,1.9766176208267465e-16,2.0767588070209756e-12,True,True
14,1,0.016201619058847427,0.001,True,True,True,0.013839210753496811,True,0.19246691010410155,3.856546701039405e-17,0.19246691010410158,True,True
14,2,0.014278646558523178,0.001,True,True,True,0.012393814383893476,True,0.14466104069810992,3.848938120435362e-17,0.14466104069810995,True,True
14,3,0.01193632185459137,0.001,True,True,True,0.010973443549979256,True,0.05778176047060413,3.853641608613987e-17,0.05778176047060417,True,True
14,4,0.007793556898832321,0.001,True,True,True,0.01033704117163542,True,2.1405099914773018e-13,3.85747487316995e-17,2.1408957389646188e-13,True,True
14,5,0.009346403181552887,0.001,True,True,True,0.008648339169512909,True,0.1320070545405736,3.863886221365846e-17,0.13200705454057363,True,True
14,6,0.00379297137260437,0.001,True,True,True,0.0064944102257338265,True,3.197442310920451e-14,3.853317392189109e-17,3.20129562831264e-14,True,True
14,7,-0.0021076947450637817,0.001,False,True,False,0.00400009627956166,True,,,,,
14,8,0.008234821259975433,0.001,True,False,False,0.0024517691345736226,True,,,,,
14,9,0.0066201090812683105,0.001,True,False,False,0.0018924890992461085,True,,,,,
14,10,0.011282402090728283,0.001,True,True,True,0.03566264145065268,True,0.3997515873969215,3.8565975852612787e-17,0.39975158739692157,True,True
14,11,0.008205206133425236,0.001,True,True,True,0.0333004175223548,True,0.645941562337832,3.84196404219266e-17,0.645941562337832,True,True
14,12,0.00697558606043458,0.001,True,True,True,0.03136981530698346,True,0.5451863941888533,3.839719249856753e-17,0.5451863941888533,True,True
14,13,0.005086222197860479,0.001,True,True,True,0.030588023777720297,True,0.4629659404209985,3.838337299891925e-17,0.46296594042099853,True,True
14,14,0.0075477734208106995,0.001,True,True,True,0.029345368455365728,True,0.34049288791992005,3.841136928349294e-17,0.3404928879199201,True,True
14,15,0.009712032973766327,0.001,True,True,True,0.029918047440954054,True,0.1619566301797839,3.842851210368337e-17,0.16195663017978393,True,True
14,16,0.0106963487342,0.001,True,True,True,0.032282566015488845,True,0.1631206057411223,3.842265189663999e-17,0.16312060574112233,True,True
14,17,0.010515839792788029,0.001,True,True,True,0.035663661007356406,True,0.2454731342810419,3.8496263077701396e-17,0.24547313428104192,True,True
14,18,0.010498706251382828,0.001,True,True,True,0.03861913460112043,True,0.1552040575325222,3.8535012271353934e-17,0.15520405753252223,True,True
14,19,0.013467678800225258,0.001,True,True,True,0.041817003172020084,True,2.0250467969162855e-13,3.849669382180699e-17,2.0254317638545036e-13,True,True
14,20,0.010420601814985275,0.001,True,True,True,0.04490944886385895,True,0.25649635521254943,7.684193340422228e-18,0.25649635521254943,True,True
15,1,0.015074677765369415,0.001,True,True,True,0.012650134028396959,True,0.17512996094758626,2.9812823018254276e-13,0.17512996094788438,True,True
15,2,0.013525117188692093,0.001,True,True,True,0.011811590388636162,True,0.05586586810006278,2.979524291401859e-13,0.055865868100360726,True,True
15,3,0.012074664235115051,0.001,True,True,True,0.01125011164813483,True,4.015152654801568e-10,2.987377871092428e-13,4.0181400326726603e-10,True,True
15,4,0.010923471301794052,0.001,True,True,True,0.009867301004654161,True,0.13148339867784298,2.976974191223129e-13,0.13148339867814068,True,True
15,5,0.00961177796125412,0.001,True,True,True,0.008928555757912626,True,0.20000000298023224,2.991283965875971e-13,0.20000000298053136,True,True
15,6,0.007602013647556305,0.001,True,True,True,0.009122645558716502,True,3.5834268885537313e-10,2.9782564088848657e-13,3.586405144962616e-10,True,True
15,7,0.005059283226728439,0.001,True,True,True,0.00878266507517056,True,0.13624328457223633,2.9725174145398923e-13,0.1362432845725336,True,True
15,8,0.003309383988380432,0.001,True,True,True,0.007982731927699993,True,8.471019441458338e-09,2.972945632027765e-13,8.47131673602154e-09,True,True
15,9,0.0021451637148857117,0.001,True,True,True,0.007572442066464569,True,0.1081209067341149,2.9692734846393783e-13,0.10812090673441183,True,True
15,10,6.972998380661011e-05,0.001,False,True,False,0.007636191201671472,True,,,,,
15,11,0.000678427517414093,0.001,False,True,False,0.008253801017317985,True,,,,,
15,12,0.0026392079889774323,0.001,True,True,True,0.009411377152461098,True,0.04781264123450768,2.968264168188793e-13,0.047812641234804505,True,True
15,13,0.005101148039102554,0.001,True,True,True,0.011403098175369553,True,0.04797961039302123,2.970452178852544e-13,0.04797961039331828,True,True
15,14,0.009723696857690811,0.001,True,True,True,0.014802079957718761,True,4.250821916684799e-12,2.9805866510265426e-13,4.548880581787454e-12,True,True
15,15,0.014279063791036606,0.001,True,True,True,0.019345312613072485,True,6.38662456253769e-10,2.9782668124595124e-13,6.38960282935015e-10,True,True
15,16,0.017995357513427734,0.001,True,True,True,0.023852874430897453,True,3.375966173280176e-11,2.988360475210742e-13,3.4058497780322836e-11,True,True
15,17,0.020823359489440918,0.001,True,True,True,0.02869334945533819,True,6.898233095853357e-10,2.9739254089913864e-13,6.901207021262348e-10,True,True
15,18,0.019560642540454865,0.001,True,True,True,0.05597415775155651,True,0.4642395606845895,2.9707563130540407e-13,0.4642395606848866,True,True
15,19,0.01798730343580246,0.001,True,True,True,0.05421354679244045,True,0.381228919581055,2.974285197964018e-13,0.3812289195813524,True,True
15,20,0.01593858376145363,0.001,True,True,True,0.05326988062306237,True,1.9279866592114558e-10,5.2116775737313897e-14,1.928507826968829e-10,True,True
16,1,0.013974584639072418,0.001,True,True,True,0.011631253952762044,True,0.19298873899933255,5.20964007813469e-16,0.19298873899933308,True,True
16,2,0.013187818229198456,0.001,True,True,True,0.01023330450956314,True,0.13211412085714258,5.219541579456758e-16,0.1321141208571431,True,True
16,3,0.012461725622415543,0.001,True,True,True,0.00895347935560542,True,2.922995179233112e-12,5.2360223910020835e-16,2.9235187814722122e-12,True,True
16,4,0.010758154094219208,0.001,True,True,True,0.008045510009431767,True,0.20000000298023224,5.239327197590181e-16,0.20000000298023277,True,True
16,5,0.009955022484064102,0.001,True,True,True,0.007392796867525808,True,0.1597172429805731,5.220511163746008e-16,0.15971724298057363,True,True
16,6,0.009643778204917908,0.001,True,True,True,0.006575354701735203,True,0.06331915283712597,5.21390652378221e-16,0.0633191528371265,True,True
16,7,0.009596459567546844,0.001,True,True,True,0.006360694723774152,True,0.050198585186542743,5.22028729878288e-16,0.050198585186543264,True,True
16,8,0.009307861328125,0.001,True,True,True,0.006374142757968715,True,2.873257187729905e-12,5.213559434495682e-16,2.8737785436733546e-12,True,True
16,9,0.009719662368297577,0.001,True,True,True,0.0058868480827170555,True,8.331113576787175e-13,5.213681334144665e-16,8.336327258121319e-13,True,True
16,10,0.008035659790039062,0.001,True,True,True,0.0057037398624312785,True,7.531752999057062e-13,5.219768151665305e-16,7.536972767208727e-13,True,True
16,11,0.008739620447158813,0.001,True,True,True,0.006401976261522058,True,5.536904268410581e-12,5.229720946060329e-16,5.537427240505187e-12,True,True
16,12,0.010028555989265442,0.001,True,True,True,0.0075982865558807955,True,0.05915968829409746,5.213148747322745e-16,0.05915968829409798,True,True
16,13,0.005649072118103504,0.001,True,True,True,0.025356141750992767,True,0.11546136827839781,5.210659278243811e-16,0.11546136827839834,True,True
16,14,0.0026631338987499475,0.001,True,True,True,0.029452766991435064,True,0.16025535719191542,5.212583310069395e-16,0.16025535719191594,True,True
16,15,0.0020431531593203545,0.001,True,True,True,0.03540643256456899,True,0.21469603789545033,5.214267397455569e-16,0.21469603789545086,True,True
16,16,0.001720975968055427,0.001,True,True,True,0.04373907391439941,True,0.0870302828693168,5.211154139222481e-16,0.08703028286931733,True,True
16,17,0.002423686906695366,0.001,True,True,True,0.05338021159048573,True,6.159517340620368e-13,5.227980805012186e-16,6.164745321425381e-13,True,True
16,18,0.0028658523224294186,0.001,True,True,True,0.05771677733613251,True,0.17908407602227605,5.234212092421775e-16,0.17908407602227658,True,True
16,19,0.003213949967175722,0.001,True,True,True,0.061443235923819894,True,0.2601471235121551,5.272954067671894e-16,0.2601471235121556,True,True
16,20,0.002964808838441968,0.001,True,True,True,0.06492567170749414,True,0.2740858564540414,8.98443468164042e-17,0.2740858564540415,True,True
17,1,0.012857399880886078,0.001,True,True,True,0.010218404900961403,True,0.16955711092590386,5.541805920883118e-16,0.16955711092590442,True,True
17,2,0.011201158165931702,0.001,True,True,True,0.009010339795876843,True,4.008349208106665e-12,5.52687857157867e-16,4.008901895963823e-12,True,True
17,3,0.010218501091003418,0.001,True,True,True,0.007923607242723063,True,6.492584248007915e-13,5.537118562257413e-16,6.498121366570173e-13,True,True
17,4,0.011682190001010895,0.001,True,True,True,0.006688493891685354,True,0.1775877954452003,5.538059935269649e-16,0.17758779544520087,True,True
17,5,0.010451752692461014,0.001,True,False,False,0.005785844069315316,True,,,,,
17,6,0.011895548552274704,0.001,True,True,True,0.0048969772155387226,True,0.1602227957983402,5.53569781449364e-16,0.16022279579834076,True,True
17,7,0.013984158635139465,0.001,True,True,True,0.0038298735611834722,True,0.1310201854012618,5.536783362393662e-16,0.13102018540126237,True,True
17,8,0.013429112732410431,0.001,True,True,True,0.003458307440534658,True,0.06890195854272285,5.533632447185764e-16,0.06890195854272341,True,True
17,9,0.012264911085367203,0.001,True,True,True,0.004497653334814666,True,1.219842005184546e-10,5.530351465946887e-16,1.219847535536012e-10,True,True
17,10,0.008259814232587814,0.001,True,False,False,0.006874772977428112,True,,,,,
17,11,0.00852283090353012,0.001,True,True,True,0.00974886025773336,True,3.126388037344441e-13,5.538336061831035e-16,3.131926373406272e-13,True,True
17,12,0.010611563920974731,0.001,True,True,True,0.012573240115693163,True,0.028685677681295374,5.531624617025481e-16,0.028685677681295926,True,True
17,13,0.013378158211708069,0.001,True,True,True,0.015782916817513204,True,0.05138467096072219,5.538462668007951e-16,0.051384670960722745,True,True
17,14,0.017342176288366318,0.001,True,True,True,0.019393277805501485,True,0.06774505691276822,5.554963827295151e-16,0.06774505691276878,True,True
17,15,0.01885676197707653,0.001,True,True,True,0.04222998767516273,True,0.030584527294386987,5.541327043799566e-16,0.030584527294387542,True,True
17,16,0.0117659792304039,0.001,True,True,True,0.03983054387498497,True,1.6910917111090384e-12,5.530407900835923e-16,1.691644751899122e-12,True,True
17,17,0.004175145179033279,0.001,True,True,True,0.03885709693573547,True,0.842853152851367,5.529421634731545e-16,0.8428531528513675,True,True
17,18,0.003901693969964981,0.001,True,True,True,0.03581756953242471,True,0.12748017504671516,5.551683506192245e-16,0.12748017504671572,True,True
17,19,0.003357294946908951,0.001,True,True,True,0.034450520672590745,True,0.029969122866171816,5.580939631244781e-16,0.029969122866172374,True,True
17,20,0.002692524343729019,0.001,True,True,True,0.034063486817968947,True,3.504752044136694e-12,9.049791020877339e-17,3.504842542046903e-12,True,True
18,1,0.011563003063201904,0.001,True,True,True,0.009273068673151363,True,0.12679370757571995,2.880893334336466e-14,0.12679370757574876,True,True
18,2,0.010612864047288895,0.001,True,True,True,0.00791700091625347,True,0.12045450790539025,2.8870292176624195e-14,0.12045450790541912,True,True
18,3,0.009096276015043259,0.001,True,True,True,0.0066727908223652155,True,2.744471316873387e-11,2.883900868823586e-14,2.7473552177422107e-11,True,True
18,4,0.007051907479763031,0.001,True,True,True,0.005400570793379855,True,0.20000000297646195,2.889991903271923e-14,0.20000000297649084,True,True
18,5,0.006576962769031525,0.001,True,True,True,0.0038837064692777146,True,1.2106937674616347e-10,2.880291549791762e-14,1.210981796616614e-10,True,True
18,6,0.005460459738969803,0.001,True,True,True,0.002736827899174177,True,0.19410243194244053,2.8884373255605916e-14,0.19410243194246943,True,True
18,7,0.004592731595039368,0.001,True,True,True,0.0026208625078869008,True,0.1303574450242243,2.883792140273108e-14,0.13035744502425314,True,True
18,8,0.004439644515514374,0.001,True,True,True,0.0030716211655205106,True,0.03560431269109188,2.8810553907738003e-14,0.03560431269112069,True,True
18,9,0.004825301468372345,0.001,True,True,True,0.0038205051772162157,True,4.6359360794667737e-11,2.884142446308993e-14,4.6388202219130823e-11,True,True
18,10,0.005686800926923752,0.001,True,True,True,0.00463288121135319,True,0.167054452984436,2.8807953575600515e-14,0.1670544529844648,True,True
18,11,0.008274510502815247,0.001,True,True,True,0.005903502801419935,True,0.10849273975255436,2.8799825202009015e-14,0.10849273975258315,True,True
18,12,0.010813675820827484,0.001,True,True,True,0.00802409847004415,True,0.2160509069358323,2.8794883288044703e-14,0.21605090693586107,True,True
18,13,0.01383935660123825,0.001,True,True,True,0.010864110203045785,True,0.2735838666778485,2.879785008713443e-14,0.2735838666778773,True,True
18,14,0.016433842480182648,0.001,True,True,True,0.04986510637533681,True,0.2635789704000224,2.881591745092657e-14,0.26357897040005124,True,True
18,15,0.01719661056995392,0.001,True,True,True,0.05706691381632201,True,1.354560907884661e-10,2.880574162451223e-14,1.3548489653009062e-10,True,True
18,16,0.018787655979394913,0.001,True,True,True,0.06436557456673186,True,8.51088088893448e-11,2.8870756114624996e-14,8.513767964545942e-11,True,True
18,17,0.022366929799318314,0.001,True,True,True,0.07186818225984282,True,1.52380330575852e-11,2.890025554768807e-14,1.5266933313132888e-11,True,True
18,18,0.02528155781328678,0.001,True,True,True,0.042721944015087665,True,0.08453136822667817,2.8814073952856326e-14,0.08453136822670698,True,True
18,19,0.02376422844827175,0.001,True,True,True,0.04670237736420657,True,0.041082938804199554,2.877372582830185e-14,0.04108293880422833,True,True
18,20,0.023716192692518234,0.001,True,True,True,0.05020512178928782,True,1.5261125696497402e-11,3.3201590404094015e-15,1.5264445855537813e-11,True,True
19,1,0.010578341782093048,0.001,True,True,True,0.007829372306408455,True,0.07935003645591543,3.0310393909159187e-13,0.07935003645621853,True,True
19,2,0.008764520287513733,0.001,True,True,True,0.006567000367256548,True,0.20000000298023224,3.038946433888734e-13,0.20000000298053613,True,True
19,3,0.008085541427135468,0.001,True,True,True,0.005522253469763705,True,0.08904300528713271,3.030726439936524e-13,0.08904300528743579,True,True
19,4,0.006580587476491928,0.001,True,True,True,0.004349656161747151,True,4.598317236315097e-06,3.0283436177054275e-13,4.598317539149459e-06,True,True
19,5,0.003961451351642609,0.001,True,True,True,0.0036081627478716793,True,1.5560353006094374e-10,3.033548606744871e-13,1.5590688492161824e-10,True,True
19,6,0.0057357922196388245,0.001,True,True,True,0.0034376524936721164,True,0.026382436665013387,3.030782724093326e-13,0.026382436665316464,True,True
19,7,0.008426699787378311,0.001,True,True,True,0.0036343287325678597,True,3.7641356698259187e-10,3.037408563074257e-13,3.767173078388993e-10,True,True
19,8,0.005799517035484314,0.001,True,False,False,0.004662629929542694,True,,,,,
19,9,0.004608470946550369,0.001,True,False,False,0.006733473500243448,True,,,,,
19,10,0.0034714825451374054,0.001,True,False,False,0.009349340028367625,True,,,,,
19,11,0.008399169892072678,0.001,True,True,True,0.012341698437461357,True,1.1078356010330026e-09,3.032617390140737e-13,1.1081388627720166e-09,True,True
19,12,0.010049451142549515,0.001,True,True,True,0.015665718898634884,True,0.08340842544589933,3.0311836708011994e-13,0.08340842544620244,True,True
19,13,0.012857627123594284,0.001,True,True,True,0.019556655903183673,True,0.14756281405882987,3.029847810399481e-13,0.14756281405913285,True,True
19,14,0.007215953432023525,0.001,True,True,True,0.02650856878370733,True,5.793125978925673e-10,3.036166223569978e-13,5.796162145149242e-10,True,True
19,15,0.0006996755255386233,0.001,False,True,False,0.02290572939689517,True,,,,,
19,16,-0.0025165043771266937,0.001,False,True,False,0.025657739936507495,True,,,,,
19,17,-0.005472809076309204,0.001,False,True,False,0.02456424542536151,True,,,,,
19,18,-0.006100274622440338,0.001,False,True,False,0.024082563482636266,True,,,,,
19,19,-0.006730038672685623,0.001,False,True,False,0.02430604604111647,True,,,,,
19,20,-0.0070076435804367065,0.001,False,True,False,0.024875576263082677,True,,,,,
20,1,0.009246405214071274,0.001,True,True,True,0.007707660590668075,True,2.658202546967914e-09,7.181131662987107e-13,2.6589206601342123e-09,True,True
20,2,0.009173817932605743,0.001,True,True,True,0.006889998576243617,True,0.1070301229969548,7.198719973313225e-13,0.10703012299767467,True,True
20,3,0.00706065446138382,0.001,True,False,False,0.006744646087153305,True,,,,,
20,4,0.005708366632461548,0.001,True,True,True,0.00796794973009185,True,8.916671845327073e-10,7.198794983445279e-13,8.923870640310518e-10,True,True
20,5,0.0064719319343566895,0.001,True,True,True,0.008211422385918099,True,0.32849672749463465,7.184263421099291e-13,0.3284967274953531,True,True
20,6,0.004976324737071991,0.001,True,False,False,0.008704236085755879,True,,,,,
20,7,0.004428058862686157,0.001,True,True,True,0.009209000729395678,True,6.838698496380857e-09,7.190107420519728e-13,6.839417507122909e-09,True,True
20,8,0.006422832608222961,0.001,True,True,True,0.009805075263588092,True,0.29226910225875713,7.186443236137997e-13,0.2922691022594758,True,True
20,9,0.00796905905008316,0.001,True,True,True,0.011116409389787862,True,0.12021598519473997,7.169431001825723e-13,0.12021598519545691,True,True
20,10,0.009880449622869492,0.001,True,True,True,0.013453414419254184,True,0.028287077892471757,7.17484532806819e-13,0.028287077893189242,True,True
20,11,0.012556184083223343,0.001,True,True,True,0.017211718819542643,True,9.700684699964768e-10,7.20207173567435e-13,9.707886771700441e-10,True,True
20,12,0.015256162732839584,0.001,True,True,True,0.02165646085335693,True,1.4378009893789567e-10,7.238223424300112e-13,1.445039212803257e-10,True,True
20,13,0.018526844680309296,0.001,True,True,True,0.027324517870178644,True,0.08883733200571697,7.17023623260688e-13,0.088837332006434,True,True
20,14,0.022834012284874916,0.001,True,True,True,0.036449771571801626,True,0.2571034559285703,7.166942002403025e-13,0.257103455929287,True,True
20,15,0.024740464985370636,0.001,True,True,True,0.04490801960453639,True,0.10252839557244631,7.178324950995773e-13,0.10252839557316414,True,True
20,16,0.02319144457578659,0.001,True,True,True,0.039839060788791514,True,9.011564827687835e-10,7.209810623351457e-13,9.018774638311186e-10,True,True
20,17,0.0218716561794281,0.001,True,True,True,0.03658163269216813,True,5.4924065295836044e-11,7.21430578519143e-13,5.564549587435519e-11,True,True
20,18,0.021930888295173645,0.001,True,True,True,0.035432825665143164,True,1.0823617557775833e-09,7.170268581504774e-13,1.0830787826357338e-09,True,True
20,19,0.022123470902442932,0.001,True,True,True,0.036145659854309065,True,2.7921664980112837e-10,7.148484820497119e-13,2.799314982831781e-10,True,True
20,20,0.02219276875257492,0.001,True,True,True,0.03687460019397332,True,9.30914310082187e-08,1.886925715505652e-13,9.309161970079025e-08,True,True
21,1,0.00902717188000679,0.001,True,True,True,0.00672522316113211,True,0.058228238338521976,7.560303762783414e-13,0.058228238339278,True,True
21,2,0.007855121046304703,0.001,True,False,False,0.0057801192034072635,True,,,,,
21,3,0.0079227015376091,0.001,True,True,True,0.005163679875788751,True,0.1261309463067377,7.563335207593778e-13,0.12613094630749405,True,True
21,4,0.008036769926548004,0.001,True,True,True,0.005371180575509393,True,0.15407096939836507,7.546961075618989e-13,0.15407096939911977,True,True
21,5,0.008844975382089615,0.001,True,True,True,0.005389579061289007,True,0.20000000298023224,7.570577490049567e-13,0.2000000029809893,True,True
21,6,0.009530112147331238,0.001,True,True,True,0.005623038081346343,True,0.169568822543531,7.556012666994323e-13,0.1695688225442866,True,True
21,7,0.010110188275575638,0.001,True,True,True,0.006298369638580104,True,1.0672582817505827e-09,7.55312123104029e-13,1.0680135938736868e-09,True,True
21,8,0.012449055910110474,0.001,True,True,True,0.007447025642825511,True,0.15014401901889363,7.550910361223228e-13,0.15014401901964872,True,True
21,9,0.009459849447011948,0.001,True,True,True,0.032972949288509024,True,0.21906628722533839,7.56714784557106e-13,0.2190662872260951,True,True
21,10,0.005746915470808744,0.001,True,True,True,0.03879490939828656,True,0.7490829636245735,7.55293353785188e-13,0.7490829636253288,True,True
21,11,0.003789280541241169,0.001,True,True,True,0.04673603107866564,True,0.8381925156133665,7.545409152647078e-13,0.838192515614121,True,True
21,12,0.002730084117501974,0.001,True,True,True,0.05343330081602604,True,0.6161178356161572,7.543057745418734e-13,0.6161178356169115,True,True
21,13,0.0033491570502519608,0.001,True,True,True,0.05970375537344086,True,0.49895293712074196,7.63313139981171e-13,0.4989529371215053,True,True
21,14,0.007038830779492855,0.001,True,True,True,0.06400552717342034,True,0.7580759178674636,7.538473159305441e-13,0.7580759178682175,True,True
21,15,0.013375069946050644,0.001,True,True,True,0.049038724810862355,True,0.7553063437586367,7.540262365812283e-13,0.7553063437593908,True,True
21,16,0.005863575730472803,0.001,True,True,True,0.05222920006240517,True,0.6356358782733302,7.595762840676594e-13,0.6356358782740898,True,True
21,17,0.0013799001462757587,0.001,True,True,True,0.054454717584074164,True,0.4884948454952127,7.577132974069175e-13,0.48849484549597044,True,True
21,18,0.0002027356531471014,0.001,False,True,False,0.05460496510420232,True,,,,,
21,19,0.004348523449152708,0.001,True,True,True,0.052238635624963004,True,0.2462033218409525,7.587045680591089e-13,0.2462033218417112,True,True
21,20,0.012627547606825829,0.001,True,True,True,0.049218279478980165,True,0.02963147519224396,1.6292310230376763e-13,0.029631475192406883,True,True
22,1,0.008127167820930481,0.001,True,True,True,0.006889680533456621,True,0.056208410801886544,2.193246838332739e-12,0.05620841080407979,True,True
22,2,0.008153211325407028,0.001,True,True,True,0.006809537628759965,True,0.07865120414868088,2.218540321233926e-12,0.07865120415089942,True,True
22,3,0.005506131798028946,0.001,True,True,True,0.007085863811635562,True,0.19999998854664666,2.210955211311755e-12,0.19999998854885762,True,True
22,4,0.00805433839559555,0.001,True,True,True,0.007568969690864513,True,0.20000000298023224,2.210955251934649e-12,0.2000000029824432,True,True
22,5,0.008514262735843658,0.001,True,True,True,0.008078671705437634,True,1.9471926293590514e-08,2.2039047563534493e-12,1.9474130198346868e-08,True,True
22,6,0.00903332233428955,0.001,True,True,True,0.009087403891890777,True,2.923314923464204e-09,2.209371040614192e-12,2.9255242945048185e-09,True,True
22,7,0.009998369961977005,0.001,True,True,True,0.010802795308942681,True,0.01671180756877888,2.202611490847905e-12,0.016711807570981493,True,True
22,8,0.013729196041822433,0.001,True,True,True,0.013315186675367463,True,0.1085143950499532,2.2013974099205427e-12,0.10851439505215459,True,True
22,9,0.015693575143814087,0.001,True,True,True,0.01598993517867542,True,0.22791653788895871,2.1998253503403174e-12,0.22791653789115854,True,True
22,10,0.012320908717811108,0.001,True,True,True,0.0381243450841402,True,0.27274889213610365,2.204399864768896e-12,0.27274889213830805,True,True
22,11,0.006495813839137554,0.001,True,True,True,0.03393683383191226,True,0.23946547792222717,2.1962764595076975e-12,0.23946547792442344,True,True
22,12,0.0017463319236412644,0.001,True,True,True,0.028673375001963874,True,1.365608426340259e-08,2.2004641278291597e-12,1.3658284727530419e-08,True,True
22,13,-0.0014946982264518738,0.001,False,True,False,0.024543885328496884,True,,,,,
22,14,-0.0020971670746803284,0.001,False,True,False,0.02122784495632518,True,,,,,
22,15,-0.0015010572969913483,0.001,False,True,False,0.019048938739468113,True,,,,,
22,16,-0.0010392703115940094,0.001,False,True,False,0.01792751464529685,True,,,,,
22,17,-0.0011498704552650452,0.001,False,True,False,0.017832567610765127,True,,,,,
22,18,-0.001227840781211853,0.001,False,True,False,0.018788137025949392,True,,,,,
22,19,0.0003624260425567627,0.001,False,True,False,0.020987363711026052,True,,,,,
22,20,0.0034697242081165314,0.001,True,True,True,0.024339925448894295,True,1.7761053072717914e-08,1.152574836899295e-12,1.7762205647554812e-08,True,True
23,1,0.008226856589317322,0.001,True,True,True,0.006995029181602552,True,0.18208508873994944,5.094184364205075e-15,0.18208508873995455,True,True
23,2,0.007806800305843353,0.001,True,True,True,0.007084376233768341,True,1.2796874671039404e-11,5.1227046507755624e-15,1.280199737569018e-11,True,True
23,3,0.0076293498277664185,0.001,True,True,True,0.007458595610119412,True,0.11781627204505796,5.0959900166547606e-15,0.11781627204506305,True,True
23,4,0.008671902120113373,0.001,True,True,True,0.008514349643474195,True,0.10089298721823425,5.092488908672986e-15,0.10089298721823935,True,True
23,5,0.008584946393966675,0.001,True,True,True,0.010566268638321996,True,0.12284473348735148,5.096875951770918e-15,0.12284473348735657,True,True
23,6,0.008934546262025833,0.001,True,True,True,0.013136601199604359,True,0.06742042778145674,5.1010340710288356e-15,0.06742042778146184,True,True
23,7,0.008705966174602509,0.001,True,True,True,0.015904521200343136,True,0.07743954841476608,5.09659472592762e-15,0.07743954841477117,True,True
23,8,0.010538380593061447,0.001,True,True,True,0.018829900193891635,True,0.015904471033923784,5.097536251422807e-15,0.01590447103392888,True,True
23,9,0.0132950060069561,0.001,True,True,True,0.022527977208214534,True,3.552713678800501e-11,5.097701468290757e-15,3.55322344894733e-11,True,True
23,10,0.01716019958257675,0.001,True,True,True,0.027144043535582196,True,2.503774965134653e-11,5.102855257407783e-15,2.504285250660394e-11,True,True
23,11,0.022264324128627777,0.001,True,True,True,0.03268393049580298,True,6.226130722097878e-12,5.099755509336612e-15,6.2312304776072145e-12,True,True
23,12,0.028608746826648712,0.001,True,True,True,0.03522741048003719,True,0.027482143176763785,5.094331177787504e-15,0.027482143176768878,True,True
23,13,0.02544083446264267,0.001,True,True,True,0.052841949058647864,True,0.5581040198831682,5.09280776142431e-15,0.5581040198831733,True,True
23,14,0.022186771035194397,0.001,True,True,True,0.05239211133351335,True,0.16604356905606465,5.0953350219904244e-15,0.16604356905606976,True,True
23,15,0.02021048218011856,0.001,True,True,True,0.05149322782990767,True,0.016622190944088455,5.099041348939142e-15,0.016622190944093555,True,True
23,16,0.01938307285308838,0.001,True,True,True,0.05065451578871866,True,0.00032123567199482395,5.08101779352334e-15,0.00032123567199990495,True,True
23,17,0.019611164927482605,0.001,True,True,True,0.05055785925684736,True,4.769518113789672e-13,5.156383822455451e-15,4.821081952014227e-13,True,True
23,18,0.020833522081375122,0.001,True,True,True,0.05181533891759482,True,3.920863633766203e-12,5.106152127791631e-15,3.925969785893995e-12,True,True
23,19,0.02298557013273239,0.001,True,True,True,0.05290964287273359,True,0.043962177312726336,5.104031646006007e-15,0.04396217731273144,True,True
23,20,0.02592644840478897,0.001,True,True,True,0.05365051829725109,True,0.08280855910089358,5.653372855409065e-16,0.08280855910089414,True,True
24,1,0.00812441110610962,0.001,True,True,True,0.006301033587980898,True,0.20000000298023224,6.740264627288997e-17,0.2000000029802323,True,True
24,2,0.009255319833755493,0.001,True,True,True,0.006482411436512292,True,3.919259583540224e-09,6.654105786581679e-17,3.919259650081282e-09,True,True
24,3,0.0088411346077919,0.001,True,False,False,0.007197539881729109,True,,,,,
24,4,0.00921574980020523,0.001,True,True,True,0.027870807651662277,True,0.5287480611427142,6.695826721207733e-17,0.5287480611427143,True,True
24,5,0.00820222683250904,0.001,True,True,True,0.028753310475143512,True,0.5990518281108983,6.621013864881135e-17,0.5990518281108984,True,True
24,6,0.004932847805321217,0.001,True,True,True,0.031410226063574465,True,0.7383688561946364,6.610056330412963e-17,0.7383688561946365,True,True
24,7,0.006459312047809362,0.001,True,True,True,0.032050395523385844,True,0.7418980832429884,6.624647610868216e-17,0.7418980832429886,True,True
24,8,0.006257810164242983,0.001,True,True,True,0.035639732704133675,True,0.7909096550733992,6.619249500347566e-17,0.7909096550733993,True,True
24,9,0.00632740231230855,0.001,True,True,True,0.04119039474333386,True,0.8151190983547156,6.61717267536541e-17,0.8151190983547157,True,True
24,10,0.007162532303482294,0.001,True,True,True,0.04800833836183982,True,0.7391908347222813,6.620573420850975e-17,0.7391908347222814,True,True
24,11,0.008965225890278816,0.001,True,True,True,0.05551174681547488,True,0.7139450282719135,6.654862295718051e-17,0.7139450282719136,True,True
24,12,0.006928431335836649,0.001,True,True,True,0.06318635075222778,True,0.9038159270874608,6.613558226476122e-17,0.903815927087461,True,True
24,13,0.006403778679668903,0.001,True,True,True,0.06851778912152595,True,0.9281412491215804,6.615743930358486e-17,0.9281412491215805,True,True
24,14,0.007828772999346256,0.001,True,True,True,0.07311566358143196,True,0.9883880351015151,6.61604728370201e-17,0.9883880351015152,True,True
24,15,0.008954239077866077,0.001,True,True,True,0.04422029034959074,True,1.0259467805081144,6.624369881988715e-17,1.0259467805081144,True,True
24,16,0.0025036230217665434,0.001,True,True,True,0.04872037621662373,True,0.9821329342111156,6.643311100873223e-17,0.9821329342111157,True,True
24,17,-0.004077121615409851,0.001,False,True,False,0.05304835419556042,True,,,,,
24,18,-0.0035885870456695557,0.001,False,True,False,0.05598774593529321,True,,,,,
24,19,0.003309834050014615,0.001,True,True,True,0.05778080839324495,True,0.4718820602506302,6.975159615351473e-17,0.47188206025063023,True,True
24,20,0.012302299961447716,0.001,True,True,True,0.059201364710827487,True,0.1108451289570409,1.5550762016804046e-17,0.11084512895704092,True,True
25,1,0.008166380226612091,0.001,True,True,True,0.007389156352482273,True,0.12047975403394773,1.3127156981796085e-15,0.12047975403394905,True,True
25,2,0.0074155330657958984,0.001,True,True,True,0.008163402053348645,True,0.05472300595688395,1.3118038696267882e-15,0.054723005956885264,True,True
25,3,0.01022316887974739,0.001,True,True,True,0.009330556758220032,True,0.03821790339406839,1.3137125249154272e-15,0.0382179033940697,True,True
25,4,0.008041352033615112,0.001,True,True,True,0.010703805302775482,True,4.263256414560601e-12,1.3117653225146618e-15,4.264568179883116e-12,True,True
25,5,0.01143418624997139,0.001,True,True,True,0.012374239925544761,True,6.076206204852497e-11,1.3099410660181165e-15,6.076337198959098e-11,True,True
25,6,0.014243721961975098,0.001,True,True,True,0.014556841969539325,True,0.03854759683277997,1.3132295253653478e-15,0.038547596832781285,True,True
25,7,0.020588934421539307,0.001,True,True,True,0.017431733258699733,True,0.060824874400411844,1.3192088303624404e-15,0.06082487440041316,True,True
25,8,0.019287876784801483,0.001,True,True,True,0.03504477947218121,True,0.09872216121893373,1.3299359254907034e-15,0.09872216121893507,True,True
25,9,0.014651523903012276,0.001,True,True,True,0.03259376896162014,True,1.5276668818842154e-13,1.3102623174361008e-15,1.5407695050585764e-13,True,True
25,10,0.009578429162502289,0.001,True,True,True,0.03136750991121107,True,0.43339200431886127,1.3067345551605377e-15,0.4333920043188626,True,True
25,11,0.006312988698482513,0.001,True,True,True,0.02817705501724721,True,0.3742980377428058,1.316672749496753e-15,0.3742980377428071,True,True
25,12,0.0025986693799495697,0.001,True,True,True,0.02564283443740828,True,0.04238539416769527,1.3045090965788843e-15,0.04238539416769657,True,True
25,13,0.0017567723989486694,0.001,True,True,True,0.023952131946727795,True,0.016715000894734544,1.3041790465832998e-15,0.01671500089473585,True,True
25,14,0.0016795359551906586,0.001,True,True,True,0.023109833888299458,True,0.023838629495141817,1.3059989634363007e-15,0.02383862949514312,True,True
25,15,0.002030853182077408,0.001,True,True,True,0.023164039428171856,True,0.043148198851961084,1.3067427541428615e-15,0.04314819885196239,True,True
25,16,0.0023695342242717743,0.001,True,True,True,0.024157748574010485,True,0.057947903298504855,1.3059688844713926e-15,0.05794790329850616,True,True
25,17,0.0020984187722206116,0.001,True,True,True,0.0261385289838989,True,0.07585528621620874,1.303755182863856e-15,0.07585528621621004,True,True
25,18,0.0019480958580970764,0.001,True,True,True,0.02916191734487783,True,2.7355895326763857e-13,1.3140468946577928e-15,2.7487300016229636e-13,True,True
25,19,0.00840140413492918,0.001,True,True,True,0.01809428891072723,True,0.14178068118342324,1.3073817731663165e-15,0.14178068118342455,True,True
25,20,0.026453310623764992,0.001,True,True,True,0.0325855538899964,True,0.14211683741486048,5.316450436694204e-16,0.142116837414861,True,True
26,1,0.008820254355669022,0.001,True,True,True,0.008150449647856495,True,0.21455436309497955,6.35103541775321e-17,0.2145543630949796,True,True
26,2,0.009288463741540909,0.001,True,True,True,0.008516868224168861,True,0.1725995430171885,6.36426482020226e-17,0.17259954301718855,True,True
26,3,0.010169919580221176,0.001,True,True,True,0.009117354082762374,True,0.08212792467173102,6.380033514585083e-17,0.08212792467173109,True,True
26,4,0.011614255607128143,0.001,True,True,True,0.010547293726307028,True,3.197442310920451e-14,6.446565807087145e-17,3.203888876727538e-14,True,True
26,5,0.012955702841281891,0.001,True,True,True,0.012242421261792313,True,0.020360302327993907,6.36110775979265e-17,0.02036030232799397,True,True
26,6,0.014636639505624771,0.001,True,True,True,0.013657541055067335,True,7.993605777301127e-14,6.35871267946795e-17,7.999964489980595e-14,True,True
26,7,0.016795989125967026,0.001,True,True,True,0.016105719502010896,True,0.017023615063614272,6.396117022771589e-17,0.017023615063614335,True,True
26,8,0.019466817378997803,0.001,True,True,True,0.021838286213339275,True,8.526512829121202e-14,6.364498821519616e-17,8.532877327942722e-14,True,True
26,9,0.023314468562602997,0.001,True,True,True,0.024447929217043307,True,0.021294024812046786,6.347920350068085e-17,0.021294024812046848,True,True
26,10,0.02785223163664341,0.001,True,True,True,0.028855786136979922,True,0.13560483894063635,6.388476943269669e-17,0.1356048389406364,True,True
26,11,0.027111485600471497,0.001,True,True,True,0.052793446740055705,True,0.019486767543769545,6.400712812758949e-17,0.019486767543769608,True,True
26,12,0.025186851620674133,0.001,True,True,True,0.05075781478691194,True,0.0068316567633717185,6.382497514983487e-17,0.006831656763371783,True,True
26,13,0.024112030863761902,0.001,True,True,True,0.04857710476865529,True,2.2226664952995634e-13,6.38306145360559e-17,2.223304801444924e-13,True,True
26,14,0.023880302906036377,0.001,True,True,True,0.04712143128306634,True,1.199040866595169e-14,6.415692044349563e-17,1.2054565586395186e-14,True,True
26,15,0.02447950839996338,0.001,True,True,True,0.04647450068962705,True,4.9960036108132044e-15,6.483877826866321e-17,5.060842389081868e-15,True,True
26,16,0.025884278118610382,0.001,True,True,True,0.04717038848431859,True,2.4424906541753444e-14,6.419003752313922e-17,2.4489096579276583e-14,True,True
26,17,0.028062544763088226,0.001,True,True,True,0.04664270813831495,True,0.09139554851434362,6.373951696258004e-17,0.09139554851434369,True,True
26,18,0.03099113702774048,0.001,True,True,True,0.04687207374400881,True,0.08758163935727303,6.348902990401136e-17,0.0875816393572731,True,True
26,19,0.032788559794425964,0.001,True,True,True,0.04716685611755439,True,8.79296635503124e-13,6.406886521047487e-17,8.793607043683345e-13,True,True
26,20,0.04162363335490227,0.001,True,True,True,0.05280512124143194,True,0.11206252686611595,1.3550238411445107e-17,0.11206252686611597,True,True
27,1,0.009287822991609573,0.001,True,True,True,0.008795113008582711,True,0.18248271114049086,5.430529656378451e-15,0.1824827111404963,True,True
27,2,0.00951644778251648,0.001,True,True,True,0.010051898802118209,True,0.18368184503535023,5.429873410379175e-15,0.18368184503535567,True,True
27,3,0.00987790897488594,0.001,True,True,True,0.011883082962758529,True,0.023903990373502992,5.400318514651202e-15,0.023903990373508394,True,True
27,4,0.010174080729484558,0.001,True,True,True,0.014468496981528078,True,0.2966273781702995,5.395182768451626e-15,0.2966273781703049,True,True
27,5,0.01216504443436861,0.001,True,True,True,0.03089652073280602,True,0.24865407531127592,5.3903334976584174e-15,0.2486540753112813,True,True
27,6,0.010163332335650921,0.001,True,True,True,0.03377070212047473,True,0.3689185239669861,5.382407832780516e-15,0.3689185239669915,True,True
27,7,0.007827510125935078,0.001,True,True,True,0.04115895260816693,True,0.8248713141975905,5.387031668365874e-15,0.824871314197596,True,True
27,8,0.0085724126547575,0.001,True,True,True,0.052768663238762725,True,0.9353089782356578,5.38477635178478e-15,0.9353089782356633,True,True
27,9,0.004177826922386885,0.001,True,True,True,0.06195599449614142,True,1.1475410102635184,5.4282186832720506e-15,1.1475410102635237,True,True
27,10,0.0013594707706943154,0.001,True,True,True,0.06811757242650479,True,1.1821153759089533,5.370745170904473e-15,1.1821153759089587,True,True
27,11,0.0012101874453946948,0.001,True,True,True,0.07334798021789529,True,1.2249991928212651,5.366713378567165e-15,1.2249991928212705,True,True
27,12,0.004315249156206846,0.001,True,True,True,0.07784359711796995,True,1.3910792270351493,5.365659447779701e-15,1.3910792270351546,True,True
27,13,0.005296535789966583,0.001,True,True,True,0.04244205706398452,True,1.4906923462587827,5.409063673326051e-15,1.490692346258788,True,True
27,14,-0.0034075751900672913,0.001,False,True,False,0.04549944573776182,True,,,,,
27,15,-0.008975625038146973,0.001,False,True,False,0.04982816385073624,True,,,,,
27,16,-0.007474727928638458,0.001,False,True,False,0.053534512283042734,True,,,,,
27,17,0.0021988225635141134,0.001,True,True,True,0.05744639717097244,True,0.6199794894746251,5.417743500753327e-15,0.6199794894746306,True,True
27,18,0.013085473328828812,0.001,True,True,True,0.060783167928063375,True,0.36358986890479095,5.492531516811294e-15,0.36358986890479644,True,True
27,19,0.024820368736982346,0.001,True,True,True,0.06379365870224896,True,2.9603874907024874e-11,5.6919253041909745e-15,2.9609566832329065e-11,True,True
27,20,0.03727012872695923,0.001,True,True,True,0.06675840703246883,True,0.20817362505860348,1.2267153696006356e-15,0.2081736250586047,True,True
28,1,0.010758455842733383,0.001,True,True,True,0.010553647299090474,True,0.12964099527694195,3.844589945813264e-17,0.12964099527694198,True,True
28,2,0.01366620883345604,0.001,True,True,True,0.01269814068398456,True,0.09354146309375544,3.8221491931670077e-17,0.09354146309375548,True,True
28,3,0.01579282432794571,0.001,True,True,True,0.015373781315249135,True,0.08343657878067656,3.840901869231311e-17,0.0834365787806766,True,True
28,4,0.017076358199119568,0.001,True,True,True,0.018305507659690634,True,0.12222236422834065,3.855296204843912e-17,0.1222223642283407,True,True
28,5,0.023281866684556007,0.001,True,True,True,0.036007475066044625,True,0.1406809349769338,3.871904471256289e-17,0.14068093497693382,True,True
28,6,0.019880272448062897,0.001,True,True,True,0.03399372705649517,True,0.18494093622543595,3.88324231066962e-17,0.18494093622543598,True,True
28,7,0.013082105666399002,0.001,True,True,True,0.03150194078437141,True,0.1230631857068385,3.873543316695581e-17,0.12306318570683854,True,True
28,8,0.003703251015394926,0.001,True,True,True,0.028542241054589357,True,9.379164112033322e-13,3.8261445078373815e-17,9.379546726484107e-13,True,True
28,9,-0.002045225352048874,0.001,False,True,False,0.02973476772570338,True,,,,,
28,10,-0.0035985372960567474,0.001,False,True,False,0.026601385224050755,True,,,,,
28,11,-0.00344255194067955,0.001,False,True,False,0.024698991170715556,True,,,,,
28,12,-0.001930486410856247,0.001,False,True,False,0.023867664037984848,True,,,,,
28,13,0.0004476383328437805,0.001,False,True,False,0.023963710957831008,True,,,,,
28,14,0.0026200339198112488,0.001,True,True,True,0.024739963382199748,True,0.09448764852220215,3.834031009906485e-17,0.09448764852220219,True,True
28,15,0.0033937841653823853,0.001,True,True,True,0.02612985944773638,True,0.0988942997347344,3.8324438521685105e-17,0.09889429973473444,True,True
28,16,0.00428164005279541,0.001,True,True,True,0.02809555535851238,True,9.947598300641403e-14,3.842356825342142e-17,9.951440657466745e-14,True,True
28,17,0.0055222464725375175,0.001,True,True,True,0.03196723959805736,True,0.2629175437775686,3.816747670910033e-17,0.26291754377756865,True,True
28,18,0.022339101880788803,0.001,True,True,True,0.037855390786120546,True,0.2462749141439593,3.849435403436125e-17,0.24627491414395933,True,True
28,19,0.04121328517794609,0.001,True,True,True,0.05505593459477098,True,0.17747980179769152,3.905138894734505e-17,0.17747980179769154,True,True
28,20,0.0600607730448246,0.001,True,True,True,0.07246591353656923,True,0.18130483114369766,1.3588867610342014e-17,0.18130483114369766,True,True
29,1,0.012279286980628967,0.001,True,True,True,0.012270110408772572,True,0.2095745033551193,1.251357902515215e-14,0.2095745033551318,True,True
29,2,0.013849668204784393,0.001,True,True,True,0.013406428148276639,True,0.16328518765045796,1.2462586102106728e-14,0.16328518765047043,True,True
29,3,0.015678662806749344,0.001,True,True,True,0.01500656928518207,True,0.11724290008532101,1.2467717395587715e-14,0.11724290008533347,True,True
29,4,0.017711013555526733,0.001,True,True,True,0.017388401620798244,True,0.08710560361607111,1.247165750789134e-14,0.08710560361608359,True,True
29,5,0.020018339157104492,0.001,True,True,True,0.02083156388241314,True,6.780354055990756e-12,1.2519934257694383e-14,6.792873990248451e-12,True,True
29,6,0.02261173538863659,0.001,True,True,True,0.02434207240620323,True,2.479312755099272e-09,1.2470777791359034e-14,2.4793252258770634e-09,True,True
29,7,0.0261829923838377,0.001,True,True,True,0.028456461807675804,True,0.13172691738797848,1.2427417132216933e-14,0.13172691738799092,True,True
29,8,0.02906324714422226,0.001,True,True,True,0.01812136053709823,True,0.03434334383487969,1.2395427931337817e-14,0.034343343834892084,True,True
29,9,0.027026023715734482,0.001,True,True,True,0.023260536243742913,True,0.008608714188237776,1.250163082301898e-14,0.008608714188250278,True,True
29,10,0.024843750521540642,0.001,True,True,True,0.019439294679021613,True,0.010557330070701365,1.2489589038320916e-14,0.010557330070713855,True,True
29,11,0.023891868069767952,0.001,True,True,True,0.015052233164220219,True,0.0041664106440411075,1.2458181437892319e-14,0.004166410644053565,True,True
29,12,0.02409539930522442,0.001,True,True,True,0.010149805435961556,True,5.266898028821743e-13,1.2553577849217487e-14,5.392433807313917e-13,True,True
29,13,0.024812087416648865,0.001,True,True,True,0.03898076372748993,True,1.7155166176507919e-12,1.2572663254668658e-14,1.7280892809054606e-12,True,True
29,14,0.026047177612781525,0.001,True,True,True,0.040188331429781066,True,0.004779570462635885,1.245942107477677e-14,0.0047795704626483445,True,True
29,15,0.027818135917186737,0.001,True,True,True,0.04196271005185648,True,0.07409625526970753,1.2521284433288935e-14,0.07409625526972005,True,True
29,16,0.030096106231212616,0.001,True,True,True,0.043996221687133574,True,0.047098115583979805,1.2513383574506109e-14,0.047098115583992316,True,True
29,17,0.03341960534453392,0.001,True,True,True,0.04640940507960023,True,0.07712363703705805,1.2462623827340397e-14,0.07712363703707051,True,True
29,18,0.04384549707174301,0.001,True,True,True,0.055419371397918554,True,0.1644239546955255,1.2463562987451533e-14,0.16442395469553797,True,True
29,19,0.05534825474023819,0.001,True,True,True,0.04709421961516258,True,0.14919868505331402,1.255075771571024e-14,0.14919868505332656,True,True
29,20,0.05178014189004898,0.001,True,True,True,0.036235560174201875,True,0.14539845152811903,2.778815551629776e-15,0.1453984515281218,True,True
30,1,0.01354961097240448,0.001,True,True,True,0.015362393174843558,True,0.19106019282094766,2.5115914897707467e-17,0.1910601928209477,True,True
30,2,0.014367129653692245,0.001,True,True,True,0.01904556764653753,True,0.19241671624026235,2.501848549241727e-17,0.19241671624026238,True,True
30,3,0.015826094895601273,0.001,True,True,True,0.023246883354145043,True,0.2650096750644253,2.4823425619140293e-17,0.2650096750644253,True,True
30,4,0.017472408711910248,0.001,True,True,True,0.0391063980378874,True,0.3947660097675325,2.5138752442193928e-17,0.3947660097675325,True,True
30,5,0.018218399956822395,0.001,True,True,True,0.04707865517499343,True,0.5539389822594964,2.4804786229923938e-17,0.5539389822594964,True,True
30,6,0.018411627039313316,0.001,True,True,True,0.0559333375642419,True,0.5566027885126954,2.5014768460207327e-17,0.5566027885126954,True,True
30,7,0.0183095820248127,0.001,True,True,True,0.06415956950166712,True,0.5851905931906192,2.478799003973386e-17,0.5851905931906192,True,True
30,8,0.019170289859175682,0.001,True,True,True,0.07180462998904846,True,0.5822202917761556,2.4811831851156155e-17,0.5822202917761556,True,True
30,9,0.020574450492858887,0.001,True,True,True,0.07749469044984503,True,0.565526915266819,2.482773488525433e-17,0.565526915266819,True,True
30,10,0.020643308758735657,0.001,True,True,True,0.03558489971419565,True,0.5367200478116878,2.483424881113147e-17,0.5367200478116878,True,True
30,11,0.016243521124124527,0.001,True,True,True,0.03980116934591316,True,0.5165756329769842,2.4756085691232216e-17,0.5165756329769842,True,True
30,12,0.011243090964853764,0.001,True,True,True,0.04436947773586841,True,0.5439002888705424,2.478220983845862e-17,0.5439002888705424,True,True
30,13,0.006219347007572651,0.001,True,True,True,0.050160463846626646,True,0.6124812940567743,2.4802956930424863e-17,0.6124812940567743,True,True
30,14,0.009510349482297897,0.001,True,True,True,0.055978771330000954,True,0.5216875695211005,2.4882309275632517e-17,0.5216875695211005,True,True
30,15,0.014795907773077488,0.001,True,True,True,0.06120490900759146,True,0.3540813395152531,2.5098720847198537e-17,0.3540813395152531,True,True
30,16,0.021652303636074066,0.001,True,True,True,0.06599110680685605,True,0.033404487587151976,2.551344406756963e-17,0.033404487587152004,True,True
30,17,0.029721572995185852,0.001,True,True,True,0.07046744345208267,True,0.0454948223113254,2.4895815284809586e-17,0.04549482231132543,True,True
30,18,0.03866257891058922,0.001,True,True,True,0.07474078557636166,True,0.2786957339586529,2.5418311094182257e-17,0.2786957339586529,True,True
30,19,0.04822193458676338,0.001,True,True,True,0.07888102992586588,True,0.3012555676947657,3.182623571851764e-17,0.30125556769476575,True,True
30,20,0.03739243373274803,0.001,True,True,True,0.02402575386002148,True,0.23396129900549867,6.637974360535166e-18,0.23396129900549867,True,True
31,1,0.01756102591753006,0.001,True,True,True,0.01876699374660129,True,0.19959366678274515,5.724895172595176e-15,0.19959366678275087,True,True
31,2,0.02215740829706192,0.001,True,True,True,0.02214362363912392,True,0.19298304609145256,5.725606766942424e-15,0.19298304609145828,True,True
31,3,0.024703484028577805,0.001,True,True,True,0.0295295850805668,True,0.19714141392453577,5.72240943738075e-15,0.1971414139245415,True,True
31,4,0.01802923157811165,0.001,True,True,True,0.026690940424057286,True,0.18286319210878155,5.742860111061466e-15,0.1828631921087873,True,True
31,5,0.010854928754270077,0.001,True,True,True,0.0234971742805834,True,0.24113670738282877,5.750906942877176e-15,0.24113670738283452,True,True
31,6,0.005231212824583054,0.001,True,True,True,0.026619328284946786,True,1.5998586005143416,5.74834631962807e-15,1.5998586005143474,True,True
31,7,0.0019191056489944458,0.001,True,True,True,0.025538039735551243,True,0.2794698887972409,5.706573524179429e-15,0.2794698887972466,True,True
31,8,0.00010074302554130554,0.001,False,True,False,0.024554102591225424,True,,,,,
31,9,0.0004981830716133118,0.001,False,True,False,0.023864963542736872,True,,,,,
31,10,0.0016958266496658325,0.001,True,True,True,0.02357248172019899,True,0.10224812801028627,5.71644448544532e-15,0.10224812801029198,True,True
31,11,0.00334012508392334,0.001,True,True,True,0.023819870423875733,True,0.0854093582802733,5.725884291618022e-15,0.08540935828027903,True,True
31,12,0.004988349974155426,0.001,True,True,True,0.024766835696310163,True,0.08871639971834,5.728586497080069e-15,0.08871639971834573,True,True
31,13,0.005309786647558212,0.001,True,True,True,0.026586351895311333,True,0.11655374360896076,5.72040909475774e-15,0.11655374360896648,True,True
31,14,0.004749804735183716,0.001,True,True,True,0.02946344457383765,True,3.113953539468639e-10,5.7407000565492695e-15,3.1140109464692043e-10,True,True
31,15,0.011451758444309235,0.001,True,True,True,0.029064644867279166,True,0.8905903252918748,5.729092722970425e-15,0.8905903252918805,True,True
31,16,0.029594149440526962,0.001,True,True,True,0.04423249931847356,True,0.19288471385289974,5.768130051734438e-15,0.1928847138529055,True,True
31,17,0.04821842908859253,0.001,True,True,True,0.06157056801750588,True,0.1894959146752759,5.759857103395594e-15,0.18949591467528168,True,True
31,18,0.0650256872177124,0.001,True,True,True,0.041544803827951116,True,0.19132977410815938,5.760373430518474e-15,0.19132977410816515,True,True
31,19,0.046210289001464844,0.001,True,True,True,0.023564732450056636,True,0.19071341018328408,5.762060013450546e-15,0.19071341018328986,True,True
31,20,0.027349112555384636,0.001,True,True,True,0.005886023902991644,True,0.06670259306498538,2.9304633909464817e-15,0.06670259306498831,True,True
32,1,0.020534008741378784,0.001,True,True,True,0.021139195935967026,True,0.20056864312413136,3.4432858890130616e-17,0.2005686431241314,True,True
32,2,0.023167885839939117,0.001,True,True,True,0.02346583156590465,True,0.1969886703448075,3.4379539398703064e-17,0.19698867034480752,True,True
32,3,0.025848716497421265,0.001,True,True,True,0.026176206085216203,True,0.1726875120538578,3.4349196042001245e-17,0.17268751205385782,True,True
32,4,0.027962319552898407,0.001,True,True,True,0.029449465251901175,True,0.19654157029882802,3.4491285260894504e-17,0.19654157029882804,True,True
32,5,0.025843970477581024,0.001,True,True,True,0.027976734734039388,True,0.15759406035639412,3.4368395369938784e-17,0.15759406035639414,True,True
32,6,0.024256862699985504,0.001,True,True,True,0.026800686542333585,True,0.11568728344131651,3.4343865122810434e-17,0.11568728344131654,True,True
32,7,0.023124895989894867,0.001,True,True,True,0.02598744169538736,True,0.07513450345799244,3.43197780929029e-17,0.07513450345799247,True,True
32,8,0.022442743182182312,0.001,True,True,True,0.025627424196205173,True,0.03842333301556389,3.429772204239579e-17,0.03842333301556392,True,True
32,9,0.022258050739765167,0.001,True,True,True,0.02583586437665225,True,0.011942241228914519,3.4270210323117845e-17,0.011942241228914553,True,True
32,10,0.022645168006420135,0.001,True,True,True,0.02675481172804972,True,1.8207657603852567e-14,3.4333674017774335e-17,1.8241991277870342e-14,True,True
32,11,0.023688949644565582,0.001,True,True,True,0.02842774421108435,True,1.5987211554602254e-14,3.4498837426172757e-17,1.6021710392028427e-14,True,True
32,12,0.025466397404670715,0.001,True,True,True,0.03053251494202408,True,0.006681610543084915,3.426581532453464e-17,0.0066816105430849496,True,True
32,13,0.02804189920425415,0.001,True,True,True,0.033482777515806084,True,1.2228396251146023e-07,3.419349136431446e-17,1.2228396254565373e-07,True,True
32,14,0.03146876394748688,0.001,True,True,True,0.03725685939945517,True,0.0,3.445627693673325e-17,3.445627693673325e-17,True,True
32,15,0.03719884529709816,0.001,True,True,True,0.039251882701187235,True,0.0655111351978599,3.4343822041361973e-17,0.06551113519785992,True,True
32,16,0.049422599375247955,0.001,True,True,True,0.0482943983666195,True,0.17304527434334327,3.452913136446229e-17,0.1730452743433433,True,True
32,17,0.05803344398736954,0.001,True,True,True,0.06094295519116777,True,0.19599604957757233,3.495266159514205e-17,0.19599604957757236,True,True
32,18,0.04416721686720848,0.001,True,True,True,0.04654096215585124,True,0.2006756350558298,3.4926706831422396e-17,0.20067563505582983,True,True
32,19,0.026372231543064117,0.001,True,True,True,0.03073159059356173,True,0.19813748157585964,3.4636834588886603e-17,0.19813748157585967,True,True
32,20,0.008758101612329483,0.001,True,True,True,0.015031730038376434,True,4.263256414560601e-14,3.7497072885479694e-18,4.263631385289456e-14,True,True
33,1,0.022572554647922516,0.001,True,True,True,0.02439830873454396,True,0.20034537467622662,3.4585565712364133e-14,0.2003453746762612,True,True
33,2,0.02463173121213913,0.001,True,True,True,0.027707076022374766,True,0.2084338484196835,3.5082116268196815e-14,0.20843384841971857,True,True
33,3,0.027470208704471588,0.001,True,True,True,0.03248880193721515,True,0.20972448460190013,3.459904274259908e-14,0.20972448460193474,True,True
33,4,0.029615575447678566,0.001,True,True,True,0.036166423353086175,True,0.18605078812369283,3.451942104487963e-14,0.18605078812372736,True,True
33,5,0.027420982718467712,0.001,True,True,True,0.024141965096964202,True,0.14987820979278915,3.446117052932311e-14,0.14987820979282362,True,True
33,6,0.025519000366330147,0.001,True,True,True,0.02384328948337333,True,0.10614189891322845,3.443582759160764e-14,0.10614189891326288,True,True
33,7,0.024016449227929115,0.001,True,True,True,0.024073261260511347,True,0.06602032863036034,3.437571876710132e-14,0.06602032863039471,True,True
33,8,0.022921284660696983,0.001,True,True,True,0.024748029853916664,True,0.03593618102579188,3.422551394255152e-14,0.0359361810258261,True,True
33,9,0.022262880578637123,0.001,True,True,True,0.0258086568417919,True,0.018485460601942005,3.3855566376810604e-14,0.01848546060197586,True,True
33,10,0.022095656022429466,0.001,True,True,True,0.02727800173157735,True,0.014980247887735443,3.384928368024007e-14,0.014980247887769292,True,True
33,11,0.023221289739012718,0.001,True,True,True,0.02897242081511775,True,0.02068406761859576,3.415605256240944e-14,0.020684067618629915,True,True
33,12,0.02624836564064026,0.001,True,True,True,0.030803733575541115,True,0.014959872883810843,3.429039179516448e-14,0.014959872883845133,True,True
33,13,0.03019268810749054,0.001,True,True,True,0.03320756238199707,True,5.725331320149962e-11,3.5002920322739235e-14,5.728831612182236e-11,True,True
33,14,0.03522571176290512,0.001,True,True,True,0.03857497194961146,True,1.7107204541844112e-11,3.500965151801316e-14,1.7142214193362125e-11,True,True
33,15,0.04050179943442345,0.001,True,True,True,0.039630667612450654,True,0.08616629134709797,3.4492628795456205e-14,0.08616629134713245,True,True
33,16,0.04941132664680481,0.001,True,True,True,0.05167056953785518,True,0.1924633775405793,3.494323532762454e-14,0.19246337754061424,True,True
33,17,0.06195846199989319,0.001,True,True,True,0.0642270952503059,True,0.1984116411269693,3.505449627014799e-14,0.19841164112700435,True,True
33,18,0.04754897952079773,0.001,True,True,True,0.041575870859008046,True,0.19842627563581125,3.5190622998476496e-14,0.19842627563584644,True,True
33,19,0.031838759779930115,0.001,True,True,True,0.02618269966979081,True,0.18146760575007015,3.5463684731963865e-14,0.18146760575010562,True,True
33,20,0.016362782567739487,0.001,True,True,True,0.011278313847921995,True,1.9326762412674725e-11,4.0620722203596635e-15,1.9330824484895085e-11,True,True
34,1,0.026089981198310852,0.001,True,True,True,0.028149998493038897,True,0.20001286174939864,2.8995463356914265e-17,0.20001286174939867,True,True
34,2,0.029533330351114273,0.001,True,True,True,0.03135404600555325,True,0.20003370139231808,2.89838089287072e-17,0.2000337013923181,True,True
34,3,0.0273095965385437,0.001,True,True,True,0.02477362306343278,True,0.19387012850735036,2.896199953299278e-17,0.1938701285073504,True,True
34,4,0.02556668221950531,0.001,True,True,True,0.02346754554235353,True,0.1722211388684748,2.892423213934079e-17,0.17222113886847482,True,True
34,5,0.02437441051006317,0.001,True,True,True,0.022582278461572625,True,0.1386949884562826,2.894782213048395e-17,0.13869498845628261,True,True
34,6,0.023648403584957123,0.001,True,True,True,0.022092024899647733,True,0.10264781934191025,2.8916208723653403e-17,0.10264781934191028,True,True
34,7,0.02334190160036087,0.001,True,True,True,0.021990327556103195,True,0.07093594568230666,2.890909228386599e-17,0.07093594568230668,True,True
34,8,0.02344644069671631,0.001,True,True,True,0.022290035175285494,True,0.046874815138767234,2.890381785875327e-17,0.04687481513876726,True,True
34,9,0.023990869522094727,0.001,True,True,True,0.023023880131149865,True,0.031741992710849765,2.8888872170548186e-17,0.03174199271084979,True,True
34,10,0.02504608780145645,0.001,True,True,True,0.024250954406112468,True,0.027034995179751498,2.88641985091636e-17,0.027034995179751525,True,True
34,11,0.026772208511829376,0.001,True,True,True,0.026050452962290083,True,0.02710604914942394,2.894215460333514e-17,0.027106049149423966,True,True
34,12,0.029523536562919617,0.001,True,True,True,0.028504668085154283,True,0.010746874100994397,2.8919997302669684e-17,0.010746874100994426,True,True
34,13,0.033409491181373596,0.001,True,True,True,0.0317564280348801,True,7.105427357601002e-15,2.904400160737928e-17,7.134471359208381e-15,True,True
34,14,0.03640115633606911,0.001,True,True,True,0.03213607225716081,True,1.8074430840897548e-12,2.8830864138048725e-17,1.807471914953893e-12,True,True
34,15,0.041604846715927124,0.001,True,True,True,0.04176474491837945,True,0.16283456811805896,2.918826833725506e-17,0.162834568118059,True,True
34,16,0.05348331481218338,0.001,True,True,True,0.0560986062537569,True,0.1999736165481184,2.8973153406135314e-17,0.19997361654811843,True,True
34,17,0.058442629873752594,0.001,True,True,True,0.05392130754527602,True,0.19990842399834097,2.8938701177238695e-17,0.199908423998341,True,True
34,18,0.04292931780219078,0.001,True,True,True,0.039143980191149896,True,0.19980142346720908,2.896414880376464e-17,0.1998014234672091,True,True
34,19,0.027638768777251244,0.001,True,True,True,0.02483313363562667,True,0.18780701353024876,3.0756306347168933e-17,0.18780701353024878,True,True
34,20,0.01285549160093069,0.001,True,True,True,0.011397331846902947,True,2.1316282072803006e-14,1.096146938823227e-17,2.1327243542191238e-14,True,True
35,1,0.029603054746985435,0.001,True,True,True,0.031929670539653676,True,0.20000002648790105,4.382151386758358e-17,0.2000000264879011,True,True
35,2,0.02767055854201317,0.001,True,True,True,0.023744287386626373,True,0.19939328594204012,4.380909958694413e-17,0.19939328594204017,True,True
35,3,0.025801945477724075,0.001,True,True,True,0.02249032381942695,True,0.18956628995474184,4.3809520350861175e-17,0.1895662899547419,True,True
35,4,0.024610083550214767,0.001,True,True,True,0.02198901274056564,True,0.1637351192527881,4.372052147492826e-17,0.16373511925278816,True,True
35,5,0.023874297738075256,0.001,True,True,True,0.021073136704013506,True,0.1307927115509308,4.373711284560107e-17,0.13079271155093086,True,True
35,6,0.023369736969470978,0.001,True,True,True,0.020873107185616968,True,0.10033736169230822,4.3684564218977925e-17,0.10033736169230827,True,True
35,7,0.023254789412021637,0.001,True,True,True,0.02102934999801842,True,0.07660844009063261,4.366696976796754e-17,0.07660844009063265,True,True
35,8,0.02353692799806595,0.001,True,True,True,0.021534555570681735,True,0.06018703883714416,4.366217415370687e-17,0.0601870388371442,True,True
35,9,0.02424772083759308,0.001,True,True,True,0.022408424213095357,True,0.0513856136987032,4.3656381917317225e-17,0.051385613698703245,True,True
35,10,0.025447599589824677,0.001,True,True,True,0.02369768880050216,True,0.04888792976625389,4.3649468617290843e-17,0.04888792976625393,True,True
35,11,0.027235768735408783,0.001,True,True,True,0.025475573763398818,True,0.040978841282810485,4.382434359313678e-17,0.04097884128281053,True,True
35,12,0.02967522293329239,0.001,True,True,True,0.02784690281416974,True,0.0035370865764949855,4.3648842693245324e-17,0.0035370865764950293,True,True
35,13,0.03287304937839508,0.001,True,True,True,0.030936845523625633,True,1.3322676295501878e-14,4.3761036226957527e-17,1.3366437331728836e-14,True,True
35,14,0.034328095614910126,0.001,True,True,True,0.035322411462654524,True,0.10168836896391209,4.362524424243355e-17,0.10168836896391213,True,True
35,15,0.04367303475737572,0.001,True,True,True,0.045946164847389476,True,0.19758798046390624,4.4032582395255025e-17,0.1975879804639063,True,True
35,16,0.05763610079884529,0.001,True,True,True,0.05941499300578512,True,0.19919777775635433,4.3833212079388415e-17,0.1991977777563544,True,True
35,17,0.05502323806285858,0.001,True,True,True,0.05137202423447307,True,0.19957236503274217,4.3821802408265003e-17,0.19957236503274223,True,True
35,18,0.04029903560876846,0.001,True,True,True,0.03760669952575452,True,0.1996785021030224,4.384343050473501e-17,0.19967850210302246,True,True
35,19,0.026074422523379326,0.001,True,True,True,0.02438960676649704,True,0.1754991784898583,4.606159189617659e-17,0.17549917848985835,True,True
35,20,0.012769504450261593,0.001,True,True,True,0.012185798884289945,True,2.4868995751603507e-14,1.166443671016117e-17,2.4880660188313668e-14,True,True
36,1,0.026909658685326576,0.001,True,True,True,0.023282411733987374,True,0.19999895005320922,2.9866616615963124e-14,0.1999989500532391,True,True
36,2,0.024799169972538948,0.001,True,True,True,0.02188288064261068,True,0.19844305869206674,2.99163316663661e-14,0.19844305869209666,True,True
36,3,0.02355094626545906,0.001,True,True,True,0.021259499369865376,True,0.18541938874959257,2.9921870769397666e-14,0.1854193887496225,True,True
36,4,0.023052087053656578,0.001,True,True,True,0.02131577141310148,True,0.16028520938411145,2.9732651640045336e-14,0.16028520938414118,True,True
36,5,0.022494755685329437,0.001,True,True,True,0.020795947321869568,True,0.1327606102872923,2.9828506637809657e-14,0.13276061028732214,True,True
36,6,0.02225019782781601,0.001,True,True,True,0.020822016501113594,True,0.10938933128602435,2.976370722487588e-14,0.10938933128605412,True,True
36,7,0.022360123693943024,0.001,True,True,True,0.021162138130723707,True,0.09209273890869119,2.9730295306848534e-14,0.09209273890872091,True,True
36,8,0.022817537188529968,0.001,True,True,True,0.021812686568106088,True,0.08092212105041074,2.971804771042726e-14,0.08092212105044046,True,True
36,9,0.023646943271160126,0.001,True,True,True,0.022789142191510126,True,0.07504773204942028,2.970526782258513e-14,0.07504773204944998,True,True
36,10,0.024882569909095764,0.001,True,True,True,0.024125144827886358,True,0.07061329677924055,2.9776417559762984e-14,0.07061329677927033,True,True
36,11,0.02659887820482254,0.001,True,True,True,0.025871694371615406,True,0.04278763514049366,3.025902903468333e-14,0.04278763514052392,True,True
36,12,0.028912074863910675,0.001,True,True,True,0.028095762294535864,True,3.8543390701306635e-11,2.9645899613884354e-14,3.857303660092052e-11,True,True
36,13,0.032121073454618454,0.001,True,True,True,0.02891410557022228,True,1.120952219935134e-10,2.9616122504523106e-14,1.1212483811601793e-10,True,True
36,14,0.03679138794541359,0.001,True,True,True,0.03785985186511842,True,0.1630797866604996,3.0213273201324285e-14,0.16307978666052983,True,True
36,15,0.04707976058125496,0.001,True,True,True,0.051175370385805385,True,0.20168085970370275,3.011999320964896e-14,0.20168085970373287,True,True
36,16,0.06046433374285698,0.001,True,True,True,0.06650626031711898,True,0.20020918640091456,2.991731550027501e-14,0.20020918640094448,True,True
36,17,0.0524158738553524,0.001,True,True,True,0.04605866109873008,True,0.20013241183126051,2.991951453888503e-14,0.20013241183129044,True,True
36,18,0.03867395222187042,0.001,True,True,True,0.0326424800214139,True,0.1997939973533172,2.996738307624715e-14,0.19979399735334719,True,True
36,19,0.025483982637524605,0.001,True,True,True,0.019868918028206006,True,0.18748441754613276,3.335754831391629e-14,0.18748441754616613,True,True
36,20,0.013309131376445293,0.001,True,True,True,0.008231738273596245,True,1.793765136426373e-11,2.1826583022373948e-14,1.7959477947286104e-11,True,True
37,1,0.02432691492140293,0.001,True,True,True,0.021145935745423672,True,0.19999280131271363,4.269246375881834e-17,0.19999280131271369,True,True
37,2,0.022925710305571556,0.001,True,True,True,0.020201799128760523,True,0.19714836706344532,4.263572006135861e-17,0.19714836706344538,True,True
37,3,0.022300804033875465,0.001,True,True,True,0.020078326909509614,True,0.18131510419025204,4.263186374574678e-17,0.1813151041902521,True,True
37,4,0.022355681285262108,0.001,True,True,True,0.020676356865226286,True,0.15655487277756713,4.2398170928010834e-17,0.1565548727775672,True,True
37,5,0.022123374044895172,0.001,True,True,True,0.020083911993038384,True,0.13292771934359815,4.240719851392602e-17,0.1329277193435982,True,True
37,6,0.02211921662092209,0.001,True,True,True,0.02030036868694446,True,0.11505349191802972,4.24332742510937e-17,0.11505349191802976,True,True
37,7,0.022430360317230225,0.001,True,True,True,0.02080007534059991,True,0.103245910590674,4.245150079188644e-17,0.10324591059067405,True,True
37,8,0.023056089878082275,0.001,True,True,True,0.02156674816211318,True,0.09664086735084432,4.247572589822605e-17,0.09664086735084436,True,True
37,9,0.02400563657283783,0.001,True,True,True,0.022598191692074165,True,0.09173906789202668,4.250315371991267e-17,0.09173906789202672,True,True
37,10,0.02531251311302185,0.001,True,True,True,0.023905999037715953,True,0.07852729809352299,4.254110937172346e-17,0.07852729809352303,True,True
37,11,0.027027323842048645,0.001,True,True,True,0.025516596339482556,True,0.02573842992181863,4.247485524072484e-17,0.02573842992181867,True,True
37,12,0.029214203357696533,0.001,True,True,True,0.027472329703793263,True,1.9539925233402755e-14,4.2505717330875673e-17,1.958243095073363e-14,True,True
37,13,0.03143799304962158,0.001,True,True,True,0.0322929179738532,True,0.11566577598200833,4.2447563538135996e-17,0.11566577598200838,True,True
37,14,0.04016350954771042,0.001,True,True,True,0.042103393396097366,True,0.19982649214097825,4.281232067581159e-17,0.1998264921409783,True,True
37,15,0.05307202786207199,0.001,True,True,True,0.05402918085715108,True,0.1999804968126324,4.270041382838971e-17,0.19998049681263247,True,True
37,16,0.06100670248270035,0.001,True,True,True,0.05698083696112105,True,0.19999565976790146,4.2688680206247043e-17,0.1999956597679015,True,True
37,17,0.04736033454537392,0.001,True,True,True,0.04420046119698873,True,0.19999095916915657,4.268334604747586e-17,0.19999095916915663,True,True
37,18,0.0340394601225853,0.001,True,True,True,0.03168179384626929,True,0.19858454942666456,4.2729855866018436e-17,0.19858454942666462,True,True
37,19,0.02136402204632759,0.001,True,True,True,0.019711265670443123,True,0.1461511373480513,4.438920338114389e-17,0.14615113734805135,True,True
37,20,0.009818397462368011,0.001,True,True,True,0.008779091581362919,True,3.907985046680551e-14,8.97774731935678e-18,3.908882821412487e-14,True,True
38,1,0.022199153900146484,0.001,True,True,True,0.01956648828996932,True,0.19997276525360302,3.1978467829799137e-15,0.19997276525360622,True,True
38,2,0.021262742578983307,0.001,True,True,True,0.019200063040358706,True,0.1960981699444491,3.1669443663449804e-15,0.19609816994445226,True,True
38,3,0.021145878359675407,0.001,True,True,True,0.019668188254099772,True,0.1810139493518338,3.1441536074001556e-15,0.18101394935183693,True,True
38,4,0.021626412868499756,0.001,True,True,True,0.019979926829625183,True,0.16135665418778278,3.1583254871255733e-15,0.16135665418778594,True,True
38,5,0.02150627225637436,0.001,True,True,True,0.020116654602658934,True,0.14440379134198067,3.173631905802362e-15,0.14440379134198383,True,True
38,6,0.021698355674743652,0.001,True,True,True,0.02050261898214134,True,0.13205688018279305,3.175026827908679e-15,0.1320568801827962,True,True
38,7,0.02217303216457367,0.001,True,True,True,0.02109480252621837,True,0.12436395779874232,3.173556326009067e-15,0.1243639577987455,True,True
38,8,0.022914409637451172,0.001,True,True,True,0.021860926243205736,True,0.11796062714593081,3.1740449266148303e-15,0.11796062714593399,True,True
38,9,0.02391517162322998,0.001,True,True,True,0.022777789269102344,True,0.10837973906301546,3.1770516514839968e-15,0.10837973906301863,True,True
38,10,0.025186575949192047,0.001,True,True,True,0.023831832524743246,True,0.07163849594836069,3.2023349262952402e-15,0.0716384959483639,True,True
38,11,0.02675461769104004,0.001,True,True,True,0.02501916100292645,True,1.1013412404281553e-13,3.1775466084868547e-15,1.1331167065130238e-13,True,True
38,12,0.02896338701248169,0.001,True,True,True,0.025732447567914818,True,5.428807794416457e-07,3.1337122281737087e-15,5.428807825753579e-07,True,True
38,13,0.03382491692900658,0.001,True,True,True,0.03487152016530315,True,0.17159390223318516,3.1855037860334436e-15,0.17159390223318835,True,True
38,14,0.043297696858644485,0.001,True,True,True,0.04778694821639046,True,0.2020170008108193,3.2158861162398852e-15,0.20201700081082252,True,True
38,15,0.0552101656794548,0.001,True,True,True,0.06247774366606512,True,0.20016724636761812,3.200889241275076e-15,0.20016724636762132,True,True
38,16,0.05826186016201973,0.001,True,True,True,0.050476410470796707,True,0.20009161838792328,3.2002906078347327e-15,0.20009161838792647,True,True
38,17,0.04562320187687874,0.001,True,True,True,0.03763982427396023,True,0.20010744050381718,3.2005465695107636e-15,0.20010744050382037,True,True
38,18,0.03327289968729019,0.001,True,True,True,0.025163737294200572,True,0.19911340397758798,3.207321885435948e-15,0.1991134039775912,True,True
38,19,0.021489517763257027,0.001,True,True,True,0.013394870311113083,True,0.16925340907557018,3.277201709478153e-15,0.16925340907557346,True,True
38,20,0.010751970112323761,0.001,True,True,True,0.0028640982949336147,True,5.6630256040079985e-12,2.2735484570560795e-15,5.665299152465054e-12,True,True
39,1,0.02062368392944336,0.001,True,True,True,0.018590023633963115,True,0.19993718507213748,3.803950967464595e-15,0.19993718507214128,True,True
39,2,0.02025875635445118,0.001,True,True,True,0.018783796836899125,True,0.19539456965769386,3.781354503617113e-15,0.19539456965769764,True,True
39,3,0.020725781098008156,0.001,True,True,True,0.019811787743889475,True,0.1814608909824792,3.794644218509926e-15,0.181460890982483,True,True
39,4,0.02133995294570923,0.001,True,True,True,0.020000598454563534,True,0.16520822200695118,3.783786645737881e-15,0.16520822200695495,True,True
39,5,0.021435067057609558,0.001,True,True,True,0.020333408585316737,True,0.15178840789227555,3.778794005679559e-15,0.15178840789227932,True,True
39,6,0.021776661276817322,0.001,True,True,True,0.020866395155899053,True,0.14296365577813797,3.7766371165216254e-15,0.14296365577814174,True,True
39,7,0.022324934601783752,0.001,True,True,True,0.021545667250396416,True,0.13634027382828418,3.769961989684186e-15,0.13634027382828795,True,True
39,8,0.02304208278656006,0.001,True,True,True,0.02232123555198151,True,0.12778980379373106,3.766814263035684e-15,0.12778980379373484,True,True
39,9,0.02390553057193756,0.001,True,True,True,0.02314694926079436,True,0.1065709668206658,3.7754698229195385e-15,0.10657096682066958,True,True
39,10,0.024901598691940308,0.001,True,True,True,0.023980206821837602,True,0.03164372353247735,3.775012059156414e-15,0.03164372353248113,True,True
39,11,0.026025786995887756,0.001,True,True,True,0.024781269771908032,True,3.0015841012698274e-07,3.720589371898941e-15,3.001584138475721e-07,True,True
39,12,0.028589705005288124,0.001,True,True,True,0.032322466426123186,True,0.17814266411211044,3.726971805101162e-15,0.17814266411211416,True,True
39,13,0.03769755735993385,0.001,True,True,True,0.04193160604593049,True,0.20174343944213446,3.809461442526962e-15,0.20174343944213827,True,True
39,14,0.05036527290940285,0.001,True,True,True,0.05246513819199705,True,0.19996643938750877,3.806371296486557e-15,0.19996643938751257,True,True
39,15,0.06450673192739487,0.001,True,True,True,0.063802288150143,True,0.1999824080747364,3.81431828094841e-15,0.19998240807474021,True,True
39,16,0.05232967063784599,0.001,True,True,True,0.04622130349370024,True,0.19998851617268357,3.816241913049944e-15,0.19998851617268737,True,True
39,17,0.039839714765548706,0.001,True,True,True,0.034176615809542565,True,0.19998766385194572,3.815369952671845e-15,0.19998766385194952,True,True
39,18,0.02775449864566326,0.001,True,True,True,0.02232642728770573,True,0.185987505661113,3.743096264530169e-15,0.18598750566111674,True,True
39,19,0.016397209838032722,0.001,True,True,True,0.010958364393473863,True,0.1151101411083344,4.6337419969781924e-15,0.11511014110833903,True,True
39,20,0.006267193704843521,0.001,True,True,True,0.0005852849675220817,True,3.126388037344441e-13,2.8023913127875425e-15,3.1544119504723165e-13,True,True
40,1,0.019650472328066826,0.001,True,True,True,0.019313569479353587,True,0.19996629806186064,3.8275731659332905e-17,0.19996629806186067,True,True
40,2,0.019846497103571892,0.001,True,True,True,0.020670690112501333,True,0.198211934092406,3.805773266766261e-17,0.19821193409240603,True,True
40,3,0.02087554521858692,0.001,True,True,True,0.022399298509495846,True,0.19212534272662773,3.7971277196594896e-17,0.19212534272662776,True,True
40,4,0.021411091089248657,0.001,True,True,True,0.02145038645692382,True,0.18308590356736998,3.811181920813019e-17,0.18308590356737,True,True
40,5,0.02172815054655075,0.001,True,True,True,0.02201703343760314,True,0.17452956480669846,3.820457993697679e-17,0.17452956480669848,True,True
40,6,0.022245660424232483,0.001,True,True,True,0.0227605242311979,True,0.16739249358586394,3.823911274853237e-17,0.16739249358586397,True,True
40,7,0.02290262281894684,0.001,True,True,True,0.023693593452213224,True,0.16109550091975944,3.820732192435989e-17,0.16109550091975947,True,True
40,8,0.02364908903837204,0.001,True,True,True,0.024838341977766853,True,0.1530227079231281,3.8139772545955e-17,0.15302270792312814,True,True
40,9,0.02443733811378479,0.001,True,True,True,0.026224478330683643,True,0.12260861437102122,3.8079418412901124e-17,0.12260861437102126,True,True
40,10,0.025222718715667725,0.001,True,True,True,0.02788800430203975,True,0.10893572839222898,3.807973650895687e-17,0.10893572839222902,True,True
40,11,0.02740286849439144,0.001,True,True,True,0.03275978855960826,True,0.20021655194084875,3.8075846359694045e-17,0.20021655194084878,True,True
40,12,0.033898841589689255,0.001,True,True,True,0.04027740726889678,True,0.21872306989383983,3.8103079397663486e-17,0.21872306989383986,True,True
40,13,0.04317384958267212,0.001,True,True,True,0.04881215568367109,True,0.20074216731839795,3.831390681942772e-17,0.20074216731839797,True,True
40,14,0.05398145318031311,0.001,True,True,True,0.05804148205308013,True,0.199974118710522,3.8349252960965406e-17,0.19997411871052204,True,True
40,15,0.06011173129081726,0.001,True,True,True,0.05362485589122251,True,0.19998116086467776,3.8349165026097564e-17,0.1999811608646778,True,True
40,16,0.04851006716489792,0.001,True,True,True,0.042617383556324884,True,0.19995295585966189,3.835012733045476e-17,0.1999529558596619,True,True
40,17,0.03703180328011513,0.001,True,True,True,0.03155338311075756,True,0.19957829600027588,3.832265496132581e-17,0.1995782960002759,True,True
40,18,0.025828741490840912,0.001,True,True,True,0.020728227780520414,True,0.17603077518969457,3.8082340907158873e-17,0.1760307751896946,True,True
40,19,0.015307234600186348,0.001,True,True,True,0.015332428786460406,True,6.394884621840902e-14,3.8178844108462115e-17,6.398702506251748e-14,True,True
40,20,0.0061088986694812775,0.001,True,True,True,0.01648279225160021,True,1.1013412404281553e-13,1.930392655407908e-17,1.1015342796936961e-13,True,True
41,1,0.020335039123892784,0.001,True,True,True,0.02071890853325198,True,0.19999303681293987,2.802314956021612e-14,0.1999930368129679,True,True
41,2,0.021674655377864838,0.001,True,True,True,0.02259314903112153,True,0.198648830569967,2.727639727238968e-14,0.19864883056999427,True,True
41,3,0.022051602602005005,0.001,True,True,True,0.02135848042421734,True,0.19332916987775128,2.7161901726835574e-14,0.19332916987777846,True,True
41,4,0.022353924810886383,0.001,True,True,True,0.02181020157771335,True,0.1859962977033005,2.7285632106681517e-14,0.1859962977033278,True,True
41,5,0.02287048101425171,0.001,True,True,True,0.022394214792392786,True,0.1783417700000025,2.7372515733564125e-14,0.17834177000002988,True,True
41,6,0.02360348403453827,0.001,True,True,True,0.023098169919869682,True,0.17006667787509766,2.743493085480917e-14,0.17006667787512508,True,True
41,7,0.02456260472536087,0.001,True,True,True,0.023917493186370986,True,0.15883980473742998,2.7630182484331878e-14,0.1588398047374576,True,True
41,8,0.025763869285583496,0.001,True,True,True,0.024857202707410875,True,0.12604875542792815,2.938918362345075e-14,0.12604875542795754,True,True
41,9,0.027228176593780518,0.001,True,True,True,0.02593383746425071,True,0.07371251909376131,2.7374990014411957e-14,0.07371251909378869,True,True
41,10,0.02921099215745926,0.001,True,True,True,0.02953105055694949,True,0.12939666368710068,2.7194522850996578e-14,0.12939666368712788,True,True
41,11,0.03405352681875229,0.001,True,True,True,0.03940915149843516,True,0.20626867217559575,2.987262056101999e-14,0.2062686721756256,True,True
41,12,0.04136896878480911,0.001,True,True,True,0.050763351812012025,True,0.20624780417931565,2.9468583905211814e-14,0.20624780417934513,True,True
41,13,0.05015220493078232,0.001,True,True,True,0.06281045651966155,True,0.2004767702862647,2.822327431064442e-14,0.20047677028629293,True,True
41,14,0.05981457978487015,0.001,True,True,True,0.07530701019417546,True,0.2000010383045115,2.8047305450781138e-14,0.20000103830453955,True,True
41,15,0.055504072457551956,0.001,True,True,True,0.03308657587198677,True,0.19996302221481677,2.804811232468311e-14,0.19996302221484483,True,True
41,16,0.04680045694112778,0.001,True,True,True,0.020242629295116776,True,0.18353965848755527,2.912009391472616e-14,0.18353965848758438,True,True
41,17,0.041749466210603714,0.001,True,True,True,0.012518001603089135,True,0.04667455566132972,2.868809166067318e-14,0.046674555661358405,True,True
41,18,0.041668519377708435,0.001,True,True,True,0.013633668771692253,True,1.7877921365538896e-11,2.746572722202138e-14,1.7905387092760918e-11,True,True
41,19,0.03752348944544792,0.001,True,True,True,0.04209352127337984,True,0.0838827914035366,2.9557281008189796e-14,0.08388279140356616,True,True
41,20,0.026433907449245453,0.001,True,True,True,0.03533025345548613,True,0.13888351061350557,2.2250183250123438e-14,0.13888351061352783,True,True
42,1,0.02173282951116562,0.001,True,True,True,0.022435011240497404,True,0.19998107004658594,2.921756651066129e-17,0.19998107004658597,True,True
42,2,0.022218994796276093,0.001,True,True,True,0.02138929325350797,True,0.19828539373051024,2.9214179813261213e-17,0.19828539373051027,True,True
42,3,0.022457636892795563,0.001,True,True,True,0.021847476476189176,True,0.19280387921452413,2.924537318089176e-17,0.19280387921452416,True,True
42,4,0.022839516401290894,0.001,True,True,True,0.02247661297708131,True,0.18587460688253188,2.9209383042997463e-17,0.1858746068825319,True,True
42,5,0.023341260850429535,0.001,True,True,True,0.023271003203372054,True,0.17874360854275162,2.921512012887167e-17,0.17874360854275165,True,True
42,6,0.023945510387420654,0.001,True,True,True,0.024230049707991252,True,0.16956531628974014,2.922581333021718e-17,0.16956531628974017,True,True
42,7,0.024642080068588257,0.001,True,True,True,0.025357697282913427,True,0.13906751356343694,2.917171956153703e-17,0.13906751356343697,True,True
42,8,0.025429867208003998,0.001,True,True,True,0.026661975301956187,True,0.1131238559372516,2.923726496217743e-17,0.11312385593725163,True,True
42,9,0.0277236457914114,0.001,True,True,True,0.03267373514724686,True,0.199288716991596,2.922996176690396e-17,0.19928871699159603,True,True
42,10,0.03420806676149368,0.001,True,True,True,0.042062262140559914,True,0.21228492638922702,2.9200043988190193e-17,0.21228492638922705,True,True
42,11,0.0433645062148571,0.001,True,True,True,0.05246249577201181,True,0.20047573993092738,2.9217264325033855e-17,0.2004757399309274,True,True
42,12,0.054033443331718445,0.001,True,True,True,0.06354854249447855,True,0.200033370094823,2.9190873819137375e-17,0.20003337009482303,True,True
42,13,0.0605400875210762,0.001,True,True,True,0.047373148847249025,True,0.20001397524321063,2.9142151526211485e-17,0.20001397524321066,True,True
42,14,0.04790876805782318,0.001,True,True,True,0.03535167384774074,True,0.19999939133674674,2.913987296015276e-17,0.19999939133674677,True,True
42,15,0.035133007913827896,0.001,True,True,True,0.023352270219158366,True,0.19925697491918123,2.921916883458212e-17,0.19925697491918126,True,True
42,16,0.022333793342113495,0.001,True,True,True,0.013105674518423205,True,2.509343843826173e-10,2.917169042767949e-17,2.509344135543077e-10,True,True
42,17,0.014722536318004131,0.001,True,True,True,0.022986433085530666,True,3.019806626980426e-14,2.953552305929972e-17,3.022760179286356e-14,True,True
42,18,0.016807083040475845,0.001,True,True,True,0.02176128511230163,True,0.21599281928284242,2.966529902683082e-17,0.21599281928284245,True,True
42,19,0.015537850558757782,0.001,True,True,True,0.020507614980876665,True,0.11642242889104182,2.963959300054713e-17,0.11642242889104185,True,True
42,20,0.014101047068834305,0.001,True,True,True,0.02031407697477544,True,0.06469415576354631,1.0347204024609355e-17,0.06469415576354633,True,True
43,1,0.022352144122123718,0.001,True,True,True,0.02161267645182008,True,0.2000674519316239,3.8872321995344926e-17,0.20006745193162392,True,True
43,2,0.022653847932815552,0.001,True,True,True,0.022167790417888633,True,0.2021515581417876,3.880795161407953e-17,0.20215155814178762,True,True
43,3,0.023148678243160248,0.001,True,True,True,0.02292925437787302,True,0.20458135990981963,3.875785688308933e-17,0.20458135990981965,True,True
43,4,0.023822829127311707,0.001,True,True,True,0.023856924050523864,True,0.20536467749684562,3.874370777718525e-17,0.20536467749684564,True,True
43,5,0.024670973420143127,0.001,True,True,True,0.024904510738465446,True,0.20602245448207945,3.8731880949372206e-17,0.20602245448207948,True,True
43,6,0.025691747665405273,0.001,True,True,True,0.026021459752989473,True,0.2104291958863227,3.888299395336046e-17,0.21042919588632272,True,True
43,7,0.026887238025665283,0.001,True,True,True,0.02715462533464791,True,0.200774919968147,3.866892805540471e-17,0.20077491996814703,True,True
43,8,0.029295554384589195,0.001,True,True,True,0.02833284911095063,True,0.1882651719212194,3.864085904797822e-17,0.18826517192121942,True,True
43,9,0.03538135811686516,0.001,True,True,True,0.033095203969386255,True,0.19882513108281885,3.8904726388713734e-17,0.19882513108281888,True,True
43,10,0.04395265132188797,0.001,True,True,True,0.04113304755819561,True,0.2001664740587544,3.896131164294316e-17,0.20016647405875443,True,True
43,11,0.05399152636528015,0.001,True,True,True,0.051385627345695295,True,0.200046214906404,3.898716422986427e-17,0.20004621490640404,True,True
43,12,0.06058673560619354,0.001,True,True,True,0.05960057952562747,True,0.20002062347756197,3.899252528442519e-17,0.200020623477562,True,True
43,13,0.04862092435359955,0.001,True,True,True,0.04674143227555577,True,0.20001708241426508,3.899258157372761e-17,0.2000170824142651,True,True
43,14,0.03670787811279297,0.001,True,True,True,0.033979244398824715,True,0.199556134223218,3.903945286474526e-17,0.19955613422321802,True,True
43,15,0.027184683829545975,0.001,True,True,True,0.025086486842035904,True,0.11067582021349409,3.916924783122765e-17,0.11067582021349413,True,True
43,16,0.02445041388273239,0.001,True,True,True,0.023798344327502052,True,1.7763568394002505e-14,3.855483818555101e-17,1.7802123232188056e-14,True,True
43,17,0.02591393142938614,0.001,True,True,True,0.0189757980225031,True,0.026152129252541734,3.859090688424746e-17,0.026152129252541772,True,True
43,18,0.022906921803951263,0.001,True,True,True,0.016600910402241598,True,0.020540426069586726,3.858211053118456e-17,0.020540426069586764,True,True
43,19,0.02168799191713333,0.001,True,True,True,0.014977114577693573,True,6.217248937900877e-15,3.9833784085347145e-17,6.257082721986224e-15,True,True
43,20,0.021482467651367188,0.001,True,True,True,0.01384407463974685,True,7.416289804496046e-14,1.496151531814945e-17,7.417785956027861e-14,True,True
44,1,0.022880814969539642,0.001,True,True,True,0.02216782302225173,True,0.19999996392794825,1.0316709231964543e-14,0.19999996392795857,True,True
44,2,0.023410774767398834,0.001,True,True,True,0.022781435905656844,True,0.19990558382328594,1.0342727043064893e-14,0.1999055838232963,True,True
44,3,0.024111993610858917,0.001,True,True,True,0.023545969688685275,True,0.19898203108546364,1.0344229567636135e-14,0.198982031085474,True,True
44,4,0.02496439218521118,0.001,True,True,True,0.0244533358713373,True,0.1970078929318158,1.0344416795185068e-14,0.19700789293182616,True,True
44,5,0.02593856304883957,0.001,True,True,True,0.025502202316163458,True,0.19455789457000883,1.0342835093757252e-14,0.19455789457001918,True,True
44,6,0.0269974023103714,0.001,True,True,True,0.02669718939383814,True,0.18970538981264262,1.036551790028664e-14,0.18970538981265297,True,True
44,7,0.028097011148929596,0.001,True,True,True,0.028047735844756283,True,0.16943535925420106,1.0400360220655222e-14,0.16943535925421147,True,True
44,8,0.02951006218791008,0.001,True,True,True,0.03260712399592813,True,0.19063268607442496,1.0317007418346863e-14,0.1906326860744353,True,True
44,9,0.03424537554383278,0.001,True,True,True,0.04349436264374257,True,0.20580365743254858,1.031153657257492e-14,0.2058036574325589,True,True
44,10,0.0422661155462265,0.001,True,True,True,0.054927983023625226,True,0.20020754889137274,1.0342502750786566e-14,0.2002075488913831,True,True
44,11,0.052560847252607346,0.001,True,True,True,0.06648400698560902,True,0.2000000251885587,1.0316713302617525e-14,0.20000002518856902,True,True
44,12,0.0606301911175251,0.001,True,True,True,0.04486919351630514,True,0.199999987159158,1.0316688095677838e-14,0.19999998715916834,True,True
44,13,0.04786413162946701,0.001,True,True,True,0.03307003149651189,True,0.1999959452051981,1.0317035455638042e-14,0.19999594520520841,True,True
44,14,0.03598441183567047,0.001,True,True,True,0.02358229091343328,True,0.1837349983379224,1.0345896129901771e-14,0.18373499833793275,True,True
44,15,0.02734864130616188,0.001,True,True,True,0.020694497912711773,True,1.9984014443252818e-12,1.0257973331485036e-14,2.008659417656767e-12,True,True
44,16,0.025449931621551514,0.001,True,True,True,0.01987373420834626,True,3.319300390103308e-11,1.0249201248853978e-14,3.320325310228193e-11,True,True
44,17,0.021188080310821533,0.001,True,True,True,0.01753922556746179,True,0.05430054510818039,1.0258319755818821e-14,0.05430054510819064,True,True
44,18,0.018556028604507446,0.001,True,True,True,0.016628367457832693,True,0.027190969629957706,1.0276324490587082e-14,0.027190969629967983,True,True
44,19,0.016622886061668396,0.001,True,True,True,0.016873944281834363,True,0.011405969627753976,1.0413588703192164e-14,0.01140596962776439,True,True
44,20,0.01529354602098465,0.001,True,True,True,0.018144029494603697,True,6.083489267894038e-11,2.2055348990027316e-15,6.083709821383938e-11,True,True
45,1,0.023304909467697144,0.001,True,True,True,0.0234451695322363,True,0.20000181735271277,9.234763399528195e-17,0.20000181735271286,True,True
45,2,0.02371837943792343,0.001,True,True,True,0.024880715162515832,True,0.2003933136792898,9.269463297912245e-17,0.2003933136792899,True,True
45,3,0.024254627525806427,0.001,True,True,True,0.026456960856386713,True,0.20218543682055573,9.258197637797519e-17,0.20218543682055581,True,True
45,4,0.024943917989730835,0.001,True,True,True,0.02804246292399093,True,0.2053784299111049,9.251870746653101e-17,0.20537842991110497,True,True
45,5,0.02581508457660675,0.001,True,True,True,0.02950867782085176,True,0.2147822696674322,9.236865243495231e-17,0.21478226966743227,True,True
45,6,0.026927318423986435,0.001,True,True,True,0.030622321597533586,True,0.2191556730041735,9.159906324349501e-17,0.21915567300417357,True,True
45,7,0.030675992369651794,0.001,True,True,True,0.03285831020294644,True,0.20526684980408805,9.260015227086858e-17,0.20526684980408813,True,True
45,8,0.03761880472302437,0.001,True,True,True,0.03869790011075508,True,0.2003510894778666,9.28222477352034e-17,0.20035108947786667,True,True
45,9,0.046538207679986954,0.001,True,True,True,0.04744937145227057,True,0.20000810393906124,9.235159757820542e-17,0.20000810393906132,True,True
45,10,0.05668262392282486,0.001,True,True,True,0.058370586207198594,True,0.20000213674808548,9.232824547774914e-17,0.20000213674808556,True,True
45,11,0.05774044245481491,0.001,True,True,True,0.05123670252804019,True,0.20000069092738426,9.232665493905682e-17,0.20000069092738434,True,True
45,12,0.045871101319789886,0.001,True,True,True,0.03807405330343244,True,0.20000046993576232,9.232686982837723e-17,0.2000004699357624,True,True
45,13,0.03411409631371498,0.001,True,True,True,0.026058457379952105,True,0.1965025329246478,9.486426507943844e-17,0.1965025329246479,True,True
45,14,0.02526276558637619,0.001,True,True,True,0.019746613507358346,True,0.0264936588745579,9.207547687597329e-17,0.026493658874557995,True,True
45,15,0.02359767258167267,0.001,True,True,True,0.020621816543803906,True,1.1368683772161603e-13,9.18922924171972e-17,1.1377873001403323e-13,True,True
45,16,0.020704172551631927,0.001,True,True,True,0.019090548190967227,True,0.1062184162580948,9.184336896292294e-17,0.1062184162580949,True,True
45,17,0.01808018982410431,0.001,True,True,True,0.017513374332126075,True,0.05371672303186514,9.16410529106339e-17,0.053716723031865234,True,True
45,18,0.016818366944789886,0.001,True,True,True,0.0156629467303126,True,0.0012946194308049996,9.216258861822476e-17,0.0012946194308050918,True,True
45,19,0.016293682157993317,0.001,True,True,True,0.014353960284560652,True,0.0,1.051609607769453e-16,1.051609607769453e-16,True,True
45,20,0.016052059829235077,0.001,True,True,True,0.014450769497654337,True,7.407408020299044e-13,2.871920047859673e-17,7.407695212303831e-13,True,True
46,1,0.02484295517206192,0.001,True,True,True,0.02458226326277163,True,0.2000000065087464,6.879731777348887e-11,0.20000000657754372,True,True
46,2,0.026344463229179382,0.001,True,True,True,0.025686443586952434,True,0.1999862823093647,6.879523233789714e-11,0.1999862823781599,True,True
46,3,0.02788306027650833,0.001,True,True,True,0.026771875744776685,True,0.19981126256142204,6.874867839291199e-11,0.1998112626301707,True,True
46,4,0.029402628540992737,0.001,True,True,True,0.02767584148610802,True,0.1993061100161042,6.871785852788892e-11,0.19930611008482207,True,True
46,5,0.030826762318611145,0.001,True,True,True,0.028201274099690643,True,0.19710559728567234,6.867832873835012e-11,0.19710559735435068,True,True
46,6,0.032059937715530396,0.001,True,True,True,0.028350000046080626,True,0.1912336006770906,6.885114956369931e-11,0.19123360074594176,True,True
46,7,0.034481365233659744,0.001,True,True,True,0.038488052873930534,True,0.19938977425241888,6.864072529619321e-11,0.19938977432105962,True,True
46,8,0.04035007953643799,0.001,True,True,True,0.05248697050382373,True,0.20025357969793509,6.877376493309683e-11,0.20025357976670885,True,True
46,9,0.04914168640971184,0.001,True,True,True,0.0668874853034685,True,0.20000042513374602,6.879739154584961e-11,0.2000004252025434,True,True
46,10,0.06021634116768837,0.001,True,True,True,0.08107369520332902,True,0.19999999736956825,6.879731617516476e-11,0.19999999743836558,True,True
46,11,0.052839260548353195,0.001,True,True,True,0.02872277593342587,True,0.19999969502673626,6.879736047329479e-11,0.19999969509553361,True,True
46,12,0.04129115119576454,0.001,True,True,True,0.01788181065102229,True,0.19709846805145886,6.883311769394011e-11,0.19709846812029197,True,True
46,13,0.03142430633306503,0.001,True,True,True,0.012738527593716076,True,0.06033019978401288,6.917649899168008e-11,0.06033019985318938,True,True
46,14,0.026231080293655396,0.001,True,True,True,0.019365785872845986,True,8.175482690830904e-08,6.852606539363126e-11,8.182335297370267e-08,True,True
46,15,0.02416875958442688,0.001,True,True,True,0.016525629169380718,True,0.08975516049354404,6.86115562363006e-11,0.0897551605621556,True,True
46,16,0.022259138524532318,0.001,True,True,True,0.015046995523744222,True,0.05041486476870638,6.858320259732897e-11,0.05041486483728958,True,True
46,17,0.020272329449653625,0.001,True,True,True,0.014861577980084806,True,0.015392426294557282,6.85927997923716e-11,0.015392426363150082,True,True
46,18,0.01805339753627777,0.001,True,True,True,0.015891100483422682,True,7.420547909475772e-08,6.887185300502738e-11,7.427435094776275e-08,True,True
46,19,0.015598222613334656,0.001,True,True,True,0.01797698114020141,True,0.06210501616787667,6.864460916237386e-11,0.06210501623652128,True,True
46,20,0.016395170241594315,0.001,True,True,True,0.01919062244787373,True,0.014762381588676377,1.1399262891349628e-11,0.01476238160007564,True,True
47,1,0.025801874697208405,0.001,True,True,True,0.025858649045100268,True,0.2000001341671876,6.250666624650778e-16,0.20000013416718823,True,True
47,2,0.026548370718955994,0.001,True,True,True,0.027172579260132168,True,0.2000676451936505,6.260302206295658e-16,0.20006764519365114,True,True
47,3,0.027143537998199463,0.001,True,True,True,0.0286958215160924,True,0.20055125063313672,6.256103754419911e-16,0.20055125063313736,True,True
47,4,0.027464604005217552,0.001,True,True,True,0.030464600260237173,True,0.2059519707440094,6.2201667261082e-16,0.20595197074401,True,True
47,5,0.03007189743220806,0.001,True,True,True,0.03595440817679296,True,0.2058778358174177,6.266218478237414e-16,0.20587783581741834,True,True
47,6,0.03690129145979881,0.001,True,True,True,0.04351576129654705,True,0.20010109769618897,6.264050891379533e-16,0.2001010976961896,True,True
47,7,0.046609360724687576,0.001,True,True,True,0.05281648098621822,True,0.2000000362024681,6.250620826891436e-16,0.20000003620246873,True,True
47,8,0.05785590037703514,0.001,True,True,True,0.06387014732032442,True,0.2000000291509094,6.250617387758792e-16,0.20000002915091003,True,True
47,9,0.055755432695150375,0.001,True,True,True,0.04583911238654326,True,0.200000013333855,6.250616640065066e-16,0.20000001333385564,True,True
47,10,0.04301098734140396,0.001,True,True,True,0.03314336229419601,True,0.19999998508587247,6.250619764998324e-16,0.1999999850858731,True,True
47,11,0.029966145753860474,0.001,True,True,True,0.021003060028270126,True,0.19730313307124622,6.6903467904803e-16,0.1973031330712469,True,True
47,12,0.019436007365584373,0.001,True,True,True,0.017980647040494624,True,0.010097739792318094,6.223018752319452e-16,0.010097739792318717,True,True
47,13,0.018151499330997467,0.001,True,True,True,0.021053726802523265,True,0.2005331909194794,6.205200897415321e-16,0.20053319091948002,True,True
47,14,0.019057422876358032,0.001,True,True,True,0.018188546312373155,True,0.1076374179041224,6.22986550641983e-16,0.10763741790412303,True,True
47,15,0.016679197549819946,0.001,True,True,True,0.01678985081096379,True,0.07566296927727567,6.206142229469395e-16,0.0756629692772763,True,True
47,16,0.01538001373410225,0.001,True,True,True,0.015385760713932828,True,0.032534203174297005,6.209679659862653e-16,0.03253420317429762,True,True
47,17,0.014830473810434341,0.001,True,True,True,0.014364108831859235,True,6.465938895416912e-13,6.340466030496131e-16,6.472279361447408e-13,True,True
47,18,0.014606505632400513,0.001,True,True,True,0.014316104219914916,True,4.178879464689089e-13,6.58875103907977e-16,4.185468215728169e-13,True,True
47,19,0.014304231852293015,0.001,True,True,True,0.01485001185214141,True,1.475264355121908e-12,6.911021490813685e-16,1.4759554572709894e-12,True,True
47,20,0.011906455270946026,0.001,True,True,True,0.02600167826354438,True,0.0034439618410040396,2.498612650145445e-16,0.0034439618410042894,True,True
48,1,0.027107492089271545,0.001,True,True,True,0.02626665832442654,True,0.20000000983474547,4.6948155855716565e-12,0.2000000098394403,True,True
48,2,0.028480857610702515,0.001,True,True,True,0.026588793108808517,True,0.1999944968086888,4.695425565891314e-12,0.19999449681338424,True,True
48,3,0.03008575737476349,0.001,True,True,True,0.02694283905989503,True,0.19968578777459342,4.698957786068734e-12,0.19968578777929238,True,True
48,4,0.03229711577296257,0.001,True,True,True,0.030790673396884516,True,0.19955047561949343,4.698178883218909e-12,0.19955047562419162,True,True
48,5,0.03741645812988281,0.001,True,True,True,0.04121204583435223,True,0.20003995964784135,4.6977149971999935e-12,0.20003995965253907,True,True
48,6,0.04508041962981224,0.001,True,True,True,0.053790163971317057,True,0.20000119852418582,4.694862120938162e-12,0.20000119852888068,True,True
48,7,0.054503317922353745,0.001,True,True,True,0.06813692500128271,True,0.20000000260486672,4.694815338981542e-12,0.20000000260956155,True,True
48,8,0.05968097597360611,0.001,True,True,True,0.03837868964943569,True,0.20000000408815585,4.694815326683253e-12,0.20000000409285068,True,True
48,9,0.0479777567088604,0.001,True,True,True,0.023727759840139473,True,0.1999984177637835,4.69483462792221e-12,0.19999841776847832,True,True
48,10,0.03726322948932648,0.001,True,True,True,0.011492248721311327,True,0.19178883198243674,4.728812822479854e-12,0.19178883198716554,True,True
48,11,0.02895311452448368,0.001,True,True,True,0.006845100105191182,True,2.4823776900717576e-07,4.707272278131136e-12,2.482424762794539e-07,True,True
48,12,0.025378569960594177,0.001,True,True,True,0.012038891569425891,True,2.272014398840838e-08,4.66266347505009e-12,2.2724806651883433e-08,True,True
48,13,0.023045614361763,0.001,True,True,True,0.012240116904954912,True,0.0855226941030196,4.6874074153225336e-12,0.085522694107707,True,True
48,14,0.020883262157440186,0.001,True,True,True,0.012785280243051866,True,0.055837397446444115,4.679611401672642e-12,0.055837397451123726,True,True
48,15,0.019334562122821808,0.001,True,True,True,0.013352904061036452,True,0.023814346757700555,4.683353737514693e-12,0.02381434676238391,True,True
48,16,0.017905473709106445,0.001,True,True,True,0.014708475065608684,True,9.175256110438568e-09,4.685038762573468e-12,9.17994114920114e-09,True,True
48,17,0.01674487069249153,0.001,True,True,True,0.017036942475879946,True,0.020899172381589892,4.682595774492641e-12,0.020899172386272487,True,True
48,18,0.01692986860871315,0.001,True,True,True,0.019990605317463217,True,0.07151400751892645,4.680644716468175e-12,0.07151400752360709,True,True
48,19,0.017899326980113983,0.001,True,True,True,0.022189222323969138,True,0.05347828182613057,4.677712430785221e-12,0.05347828183080828,True,True
48,20,0.018635012209415436,0.001,True,True,True,0.025311085717419024,True,1.740851907072738e-09,8.19425568642237e-13,1.7416713326413802e-09,True,True
49,1,0.027275502681732178,0.001,True,True,True,0.028058143750942788,True,0.20000000444782526,3.742559784074281e-12,0.20000000445156782,True,True
49,2,0.02725258469581604,0.001,True,True,True,0.029859918637196836,True,0.20004438818485032,3.741534573456723e-12,0.20004438818859185,True,True
49,3,0.029676949605345726,0.001,True,True,True,0.03689170557868254,True,0.2002469844732279,3.742399926420547e-12,0.20024698447697029,True,True
49,4,0.03677552565932274,0.001,True,True,True,0.04592109704896022,True,0.20000091891058244,3.7425802088417995e-12,0.20000091891432503,True,True
49,5,0.046914175152778625,0.001,True,True,True,0.05621039270535477,True,0.20000000798879747,3.742559057230005e-12,0.20000000799254003,True,True
49,6,0.058934904634952545,0.001,True,True,True,0.06768057104007263,True,0.20000000504658152,3.742559056051195e-12,0.2000000050503241,True,True
49,7,0.05419988930225372,0.001,True,True,True,0.04180659119827551,True,0.20000000355588873,3.742559055553853e-12,0.2000000035596313,True,True
49,8,0.04034553840756416,0.001,True,True,True,0.02925051050223021,True,0.19999999569489701,3.742559104547993e-12,0.19999999569863958,True,True
49,9,0.02585914544761181,0.001,True,True,True,0.016290662188640392,True,0.19872763977614535,3.75130646206038e-12,0.19872763977989666,True,True
49,10,0.013061448000371456,0.001,True,True,True,0.014907833388155656,True,1.8500045939617848e-09,3.717156892834921e-12,1.8537217508546197e-09,True,True
49,11,0.01254628598690033,0.001,True,True,True,0.017471492711081116,True,0.2712666530767436,3.7243920497141655e-12,0.271266653080468,True,True
49,12,0.013138264417648315,0.001,True,True,True,0.014606804996422806,True,0.0825984923753893,3.726808037295728e-12,0.08259849237911611,True,True
49,13,0.012668076902627945,0.001,True,True,True,0.012583809108061395,True,0.03202075209066457,3.729831603897626e-12,0.0320207520943944,True,True
49,14,0.012328621000051498,0.001,True,True,True,0.011315266626910736,True,5.015214910031318e-10,3.740199301754037e-12,5.052616903048858e-10,True,True
49,15,0.012187071144580841,0.001,True,True,True,0.01095383583395626,True,0.005322871684348307,3.712873840213803e-12,0.005322871688061181,True,True
49,16,0.01240551471710205,0.001,True,True,True,0.011508397890231281,True,0.07259273766681584,3.723325475984373e-12,0.07259273767053917,True,True
49,17,0.013121556490659714,0.001,True,True,True,0.012680650483700595,True,0.17676874983652535,3.7282345368165505e-12,0.1767687498402536,True,True
49,18,0.012163495644927025,0.001,True,True,True,0.03829735880210261,True,0.2698310970110036,3.73287403055856e-12,0.26983109701473645,True,True
49,19,0.011331521905958652,0.001,True,True,True,0.04111315656561754,True,0.20622708661870703,3.72700252224809e-12,0.20622708662243402,True,True
49,20,0.013311450369656086,0.001,True,True,True,0.04462707732630122,True,1.4295896910709871e-08,7.932119664701022e-13,1.429669012267634e-08,True,True
50,1,0.02941691130399704,0.001,True,True,True,0.028852976269236108,True,0.20000000928064368,1.9299017713406748e-13,0.20000000928083667,True,True
50,2,0.03262331336736679,0.001,True,True,True,0.034524715936737005,True,0.20000052943255828,1.9299050149987783e-13,0.20000052943275126,True,True
50,3,0.038910362869501114,0.001,True,True,True,0.044556528859404476,True,0.20000009731760776,1.929901951685694e-13,0.20000009731780075,True,True
50,4,0.047504812479019165,0.001,True,True,True,0.05639980825447122,True,0.20000000406609697,1.9299017630083811e-13,0.20000000406628995,True,True
50,5,0.05775723233819008,0.001,True,True,True,0.06975233550746784,True,0.2000000029836159,1.9299017629499615e-13,0.20000000298380888,True,True
50,6,0.05577323958277702,0.001,True,True,True,0.03883104193487791,True,0.2000000029815637,1.92990176295022e-13,0.20000000298175669,True,True
50,7,0.04382864013314247,0.001,True,True,True,0.02499135950043735,True,0.19999983691173362,1.929901902122841e-13,0.1999998369119266,True,True
50,8,0.0330834724009037,0.001,True,True,True,0.012840834941705848,True,0.19413329877221186,1.9329813281274484e-13,0.19413329877240515,True,True
50,9,0.025050301104784012,0.001,True,True,True,0.007153403896301702,True,8.627321079757166e-11,1.9305129219241205e-13,8.646626208976408e-11,True,True
50,10,0.021831288933753967,0.001,True,True,True,0.009442631137173862,True,6.948912556481446e-10,1.9225481653588092e-13,6.950835104646805e-10,True,True
50,11,0.01894661784172058,0.001,True,True,True,0.008846206009717528,True,0.04392524486008309,1.9241063890648245e-13,0.0439252448602755,True,True
50,12,0.016314517706632614,0.001,True,True,True,0.00892893129361938,True,0.011283285612368132,1.9242460665832444e-13,0.011283285612560557,True,True
50,13,0.014189667999744415,0.001,True,True,True,0.009549482169284973,True,5.355040855192783e-10,1.9251876496720286e-13,5.356966042842455e-10,True,True
50,14,0.012608606368303299,0.001,True,True,True,0.010388582735540886,True,0.006631687203638492,1.9236295947805224e-13,0.006631687203830855,True,True
50,15,0.012129649519920349,0.001,True,True,True,0.011996678241708802,True,0.05534555284642195,1.9243593626626255e-13,0.05534555284661439,True,True
50,16,0.012760069221258163,0.001,True,True,True,0.013746139092005394,True,0.12253835846603778,1.9264893479376491e-13,0.12253835846623043,True,True
50,17,0.014081865549087524,0.001,True,True,True,0.015553197368132099,True,0.20473600501799183,1.9330173782887355e-13,0.20473600501818512,True,True
50,18,0.016405731439590454,0.001,True,True,True,0.017499195352288055,True,0.26918863601731147,1.9376429822920647e-13,0.26918863601750526,True,True
50,19,0.01584940031170845,0.001,True,True,True,0.05108263926344603,True,6.0693849945892e-10,1.9252760278506544e-13,6.07131027061705e-10,True,True
50,20,0.013237802311778069,0.001,True,True,True,0.05524365379928342,True,1.0626666482219491,3.975542629774057e-14,1.0626666482219889,True,True
51,1,0.0318300686776638,0.001,True,True,True,0.03621554263919663,True,0.20000000294795453,1.1037256122136126e-15,0.20000000294795564,True,True
51,2,0.03860389068722725,0.001,True,True,True,0.04623515835864292,True,0.20000000299420229,1.1037256123816337e-15,0.2000000029942034,True,True
51,3,0.04833037033677101,0.001,True,True,True,0.057138206246898304,True,0.20000000298023252,1.103725612110215e-15,0.20000000298023363,True,True
51,4,0.059864263981580734,0.001,True,True,True,0.06882830378873134,True,0.2000000029802332,1.1037256119551187e-15,0.20000000298023432,True,True
51,5,0.05337994918227196,0.001,True,True,True,0.04133517547914167,True,0.2000000029802329,1.1037256119034199e-15,0.20000000298023402,True,True
51,6,0.040343135595321655,0.001,True,True,True,0.028709564215874284,True,0.20000000284764466,1.1037256123428596e-15,0.20000000284764577,True,True
51,7,0.026822339743375778,0.001,True,True,True,0.015853425735082638,True,0.19992734255406952,1.1049836936186692e-15,0.19992734255407063,True,True
51,8,0.014197451062500477,0.001,True,True,True,0.011522147791584947,True,1.3463008485814498e-11,1.1027206338846798e-15,1.3464111206448383e-11,True,True
51,9,0.01122543215751648,0.001,True,True,True,0.017442493642304657,True,0.5368426483456119,1.102127808222119e-15,0.536842648345613,True,True
51,10,0.011070430278778076,0.001,True,True,True,0.014928448051494791,True,0.19658724146218454,1.1038735473657107e-15,0.19658724146218565,True,True
51,11,0.010057583451271057,0.001,True,True,True,0.013088743177488205,True,0.11689970037948427,1.1034733206533685e-15,0.11689970037948538,True,True
51,12,0.00951051339507103,0.001,True,True,True,0.01169819986555165,True,0.05575833824567944,1.1021953000079475e-15,0.05575833824568054,True,True
51,13,0.009276576340198517,0.001,True,True,True,0.010989891037549382,True,0.013774617887712282,1.1015494938278182e-15,0.013774617887713383,True,True
51,14,0.009258437901735306,0.001,True,True,True,0.011301256854178265,True,7.140954494389007e-13,1.1065516595769563e-15,7.152020010984776e-13,True,True
51,15,0.009701378643512726,0.001,True,True,True,0.012390599646981415,True,0.015152362400824515,1.1011545703642535e-15,0.015152362400825617,True,True
51,16,0.010411698371171951,0.001,True,True,True,0.014135708858404039,True,0.07477576225965787,1.1067094992346127e-15,0.07477576225965898,True,True
51,17,0.011400029063224792,0.001,True,True,True,0.016386007258328728,True,0.09933058672409789,1.1026585312968644e-15,0.09933058672409899,True,True
51,18,0.012183699756860733,0.001,True,True,True,0.03680413981574526,True,1.0553335982876888e-11,1.1035915129368045e-15,1.0554439574389825e-11,True,True
51,19,0.0090462202206254,0.001,True,True,True,0.03761798864700405,True,0.23607077023807221,1.103483568826622e-15,0.23607077023807332,True,True
51,20,0.005363368894904852,0.001,True,True,True,0.0391872958202657,True,0.246983556972733,2.3900861667807455e-16,0.24698355697273325,True,True
52,1,0.03875185549259186,0.001,True,True,True,0.04557570047957332,True,0.20000000298023224,7.83140757099712e-17,0.20000000298023232,True,True
52,2,0.047813285142183304,0.001,True,True,True,0.057148591160026185,True,0.20000000298023224,7.831407571007218e-17,0.20000000298023232,True,True
52,3,0.0583883598446846,0.001,True,True,True,0.07020721307597722,True,0.20000000298023224,7.83140757099712e-17,0.20000000298023232,True,True
52,4,0.055012695491313934,0.001,True,True,True,0.03847237670777365,True,0.20000000298023224,7.83140757099712e-17,0.20000000298023232,True,True
52,5,0.042807575315237045,0.001,True,True,True,0.024095379826779617,True,0.20000000292493553,7.831407571017315e-17,0.2000000029249356,True,True
52,6,0.031730588525533676,0.001,True,True,True,0.010449837385628546,True,0.19972262570611668,7.831979269395299e-17,0.19972262570611676,True,True
52,7,0.02356240153312683,0.001,True,True,True,0.003043228815712007,True,0.09307810084706403,7.832260913690608e-17,0.09307810084706411,True,True
52,8,0.02072424441576004,0.001,True,True,True,0.005652931567751374,True,0.05774331206908734,7.824354316671055e-17,0.057743312069087414,True,True
52,9,0.018369808793067932,0.001,True,True,True,0.006326046615193204,True,0.08016242470482338,7.824177438102181e-17,0.08016242470482346,True,True
52,10,0.016373366117477417,0.001,True,True,True,0.007054019380055121,True,0.04096100161882177,7.822173355445696e-17,0.040961001618821845,True,True
52,11,0.014849063009023666,0.001,True,True,True,0.00789769167614962,True,0.012050380830244123,7.821150040676969e-17,0.012050380830244201,True,True
52,12,0.013857200741767883,0.001,True,True,True,0.009029776302434955,True,0.0,7.832173960246512e-17,7.832173960246512e-17,True,True
52,13,0.013559680432081223,0.001,True,True,True,0.01063372017202513,True,0.005149890867484075,7.820358146668462e-17,0.005149890867484153,True,True
52,14,0.014036592096090317,0.001,True,True,True,0.012985009459425711,True,0.048885576395163,7.8218490492901e-17,0.048885576395163076,True,True
52,15,0.015450865030288696,0.001,True,True,True,0.015476243261516531,True,0.09822560512307277,7.82305760880431e-17,0.09822560512307285,True,True
52,16,0.0175158753991127,0.001,True,True,True,0.018550957260564438,True,0.14717399629321015,7.82422636005969e-17,0.14717399629321024,True,True
52,17,0.020107217133045197,0.001,True,True,True,0.022592603351861862,True,1.7408297026122455e-13,7.82927704907861e-17,1.7416126303171533e-13,True,True
52,18,0.019999146461486816,0.001,True,True,True,0.04449933701034514,True,0.5052854086306695,7.821911164152338e-17,0.5052854086306696,True,True
52,19,0.02004224807024002,0.001,True,True,True,0.04325800944676961,True,0.4321384755136606,7.821536859876448e-17,0.43213847551366064,True,True
52,20,0.019290350377559662,0.001,True,True,True,0.04258275243066478,True,2.078337502098293e-13,9.29021740600738e-18,2.078430404272353e-13,True,True
53,1,0.048078324645757675,0.001,True,True,True,0.057658676271737264,True,0.20000000298023224,3.156082558767062e-15,0.2000000029802354,True,True
53,2,0.05966388061642647,0.001,True,True,True,0.07007689878662693,True,0.20000000298023224,3.1560825587671628e-15,0.2000000029802354,True,True
53,3,0.05325381085276604,0.001,True,True,True,0.040293905624819715,True,0.20000000298023224,3.156082558767062e-15,0.2000000029802354,True,True
53,4,0.03990563377737999,0.001,True,True,True,0.027510041234286575,True,0.2000000029802321,3.1560825587646384e-15,0.20000000298023526,True,True
53,5,0.025854239240288734,0.001,True,True,True,0.01455481160640737,True,0.19999840862269933,3.1561769030160106e-15,0.1999984086227025,True,True
53,6,0.012032540515065193,0.001,True,True,True,0.008445758077715276,True,5.7129412311951455e-11,3.1566666971489114e-15,5.7132568978648605e-11,True,True
53,7,0.008466430008411407,0.001,True,True,True,0.015111139271004992,True,0.6736376645676145,3.1551369462131608e-15,0.6736376645676176,True,True
53,8,0.008462511003017426,0.001,True,True,True,0.012670600207948635,True,0.23395155792590572,3.1660410550127617e-15,0.23395155792590888,True,True
53,9,0.00841188058257103,0.001,True,True,True,0.01060719286247297,True,0.10910163825052521,3.1573836352876417e-15,0.10910163825052838,True,True
53,10,0.008293487131595612,0.001,True,True,True,0.009199865460740642,True,0.0385871628928669,3.1535260324683794e-15,0.03858716289287005,True,True
53,11,0.008215650916099548,0.001,True,True,True,0.008652322918480171,True,1.4654943925052066e-12,3.1718422435781187e-15,1.4686662347487847e-12,True,True
53,12,0.008363120257854462,0.001,True,True,True,0.009104161935205524,True,1.1262114497867515e-05,3.13412681939998e-15,1.1262114501001642e-05,True,True
53,13,0.008989065885543823,0.001,True,True,True,0.01030771009115089,True,0.05371790964150769,3.1569332166920877e-15,0.053717909641510846,True,True
53,14,0.010127980262041092,0.001,True,True,True,0.0120625778451936,True,0.15502440739776624,3.1584475957960888e-15,0.1550244073977694,True,True
53,15,0.012460391968488693,0.001,True,True,True,0.0141941728201318,True,0.22577859559908564,3.1576229659162245e-15,0.2257785955990888,True,True
53,16,0.014934842474758625,0.001,True,True,True,0.043250876103614444,True,4.558664556952863e-11,3.1564672477991533e-15,4.558980203677643e-11,True,True
53,17,0.015530739910900593,0.001,True,True,True,0.044811551781533954,True,0.03597952434918028,3.156172501409348e-15,0.03597952434918344,True,True
53,18,0.014984414912760258,0.001,True,True,True,0.04728876703046869,True,0.2656435523032581,3.1627217397956676e-15,0.26564355230326125,True,True
53,19,0.014378187246620655,0.001,True,True,True,0.049338898849645485,True,0.1484268809888043,3.1594433418501235e-15,0.14842688098880746,True,True
53,20,0.01359471958130598,0.001,True,True,True,0.05097796538142518,True,0.06460586068556573,5.066126491228104e-16,0.06460586068556624,True,True
54,1,0.059195443987846375,0.001,True,True,True,0.07138546855949635,True,0.20000000298023224,3.3748657361461494e-11,0.2000000030139809,True,True
54,2,0.05395945906639099,0.001,True,True,True,0.03764651720953427,True,0.20000000298023224,3.37486573614615e-11,0.2000000030139809,True,True
54,3,0.04147131368517876,0.001,True,True,True,0.023452985357626244,True,0.20000000298023224,3.3748657361461494e-11,0.2000000030139809,True,True
54,4,0.02979513257741928,0.001,True,True,True,0.009940322951307645,True,0.1999996513471337,3.374870556464407e-11,0.1999996513808824,True,True
54,5,0.020920613780617714,0.001,True,True,True,0.0022224830311282084,True,0.17118145761218617,3.3717166456197404e-11,0.17118145764590334,True,True
54,6,0.017911754548549652,0.001,True,True,True,0.005135405284860062,True,0.1388221773612477,3.3844484484883265e-11,0.13882217739509217,True,True
54,7,0.015757963061332703,0.001,True,True,True,0.005301156846718558,True,0.11667577642439753,3.371436324074808e-11,0.11667577645811189,True,True
54,8,0.013741124421358109,0.001,True,True,True,0.005772170004494703,True,0.056846403580790295,3.367604328533833e-11,0.056846403614466336,True,True
54,9,0.012014120817184448,0.001,True,True,True,0.006574014845643961,True,0.00976021565450047,3.367903240293275e-11,0.009760215688179502,True,True
54,10,0.010771393775939941,0.001,True,True,True,0.007780130735426494,True,2.2349374262375932e-07,3.371823080921003e-11,2.2352746085456854e-07,True,True
54,11,0.01020759716629982,0.001,True,True,True,0.009503554248332047,True,0.029446378187433453,3.368949821424027e-11,0.029446378221122952,True,True
54,12,0.01077282801270485,0.001,True,True,True,0.011760803500066808,True,0.09762725574113063,3.371354846680844e-11,0.09762725577484417,True,True
54,13,0.012095719575881958,0.001,True,True,True,0.014266603041864778,True,0.1806130386939273,3.373564350064522e-11,0.18061303872766296,True,True
54,14,0.014110427349805832,0.001,True,True,True,0.017189108909644535,True,0.2549541289865971,3.37294158616273e-11,0.2549541290203265,True,True
54,15,0.01643451303243637,0.001,True,True,True,0.039974241473689,True,4.6745737591891157e-07,3.372362888439276e-11,4.67491099547796e-07,True,True
54,16,0.01403200626373291,0.001,True,True,True,0.038375983665765445,True,0.4513340585192651,3.3683417572581285e-11,0.45133405855294856,True,True
54,17,0.014065705239772797,0.001,True,True,True,0.0367390557575934,True,0.8630629862001342,3.3690462900245965e-11,0.8630629862338247,True,True
54,18,0.013197585940361023,0.001,True,True,True,0.03432491912015512,True,0.145969909719053,3.3815965502534456e-11,0.14596990975286897,True,True
54,19,0.012771878391504288,0.001,True,True,True,0.032683007786409424,True,0.060980305586022965,3.3681955711045706e-11,0.06098030561970492,True,True
54,20,0.012607336044311523,0.001,True,True,True,0.031987161245765616,True,2.6754982229704183e-08,4.194361582101417e-12,2.6759176591286286e-08,True,True
55,1,0.05247051268815994,0.001,True,True,True,0.037814835133882174,True,0.20000000298023224,1.1945945931973255e-14,0.20000000298024417,True,True
55,2,0.0388055220246315,0.001,True,True,True,0.023514665008752322,True,0.20000000298023224,1.1945945931973255e-14,0.20000000298024417,True,True
55,3,0.024779515340924263,0.001,True,True,True,0.00929729139769786,True,0.19999999349367847,1.1945948235483853e-14,0.1999999934936904,True,True
55,4,0.011751867830753326,0.001,True,True,True,0.004566693722144188,True,0.016548994778602832,1.1930631348973788e-14,0.016548994778614764,True,True
55,5,0.008521400392055511,0.001,True,True,True,0.014512217598361077,True,0.6680812222960846,1.1958466869921871e-14,0.6680812222960966,True,True
55,6,0.008056897670030594,0.001,True,True,True,0.012258400291028093,True,0.2858286400413892,1.1962409313139733e-14,0.2858286400414011,True,True
55,7,0.007720127701759338,0.001,True,True,True,0.009990754915025546,True,0.15513780441511926,1.1932298784176216e-14,0.1551378044151312,True,True
55,8,0.007487080991268158,0.001,True,True,True,0.008277581862608518,True,0.05806670317371321,1.1925920926227169e-14,0.058066703173725136,True,True
55,9,0.007370591163635254,0.001,True,True,True,0.007558918528637049,True,0.0014229646094960913,1.1913663592936003e-14,0.001422964609508005,True,True
55,10,0.007473751902580261,0.001,True,True,True,0.008234545553336359,True,8.419931418757187e-12,1.1935622041340089e-14,8.431867040798527e-12,True,True
55,11,0.00805157795548439,0.001,True,True,True,0.009808423129763932,True,0.04182954104656389,1.1930547488472709e-14,0.04182954104657582,True,True
55,12,0.00917818769812584,0.001,True,True,True,0.012016588591443167,True,0.15040360602877456,1.1944511923255818e-14,0.1504036060287865,True,True
55,13,0.010988127440214157,0.001,True,True,True,0.014509120084529481,True,0.30045013072681925,1.1945611270976072e-14,0.3004501307268312,True,True
55,14,0.013734481297433376,0.001,True,True,True,0.016764231013356,True,0.0857025887130014,1.1932023205446089e-14,0.08570258871301334,True,True
55,15,0.019523486495018005,0.001,True,True,True,0.06383504400573536,True,0.246337433318498,1.1941590843367257e-14,0.24633743331850994,True,True
55,16,0.020634783431887627,0.001,True,True,True,0.06981694835852903,True,0.26262422444261135,1.1961291025245273e-14,0.2626242244426233,True,True
55,17,0.022825118154287338,0.001,True,True,True,0.07541656064323032,True,0.1983774244371448,1.195381178874417e-14,0.19837742443715675,True,True
55,18,0.025627553462982178,0.001,True,True,True,0.047823577459635946,True,0.13107949794875484,1.2014267086656016e-14,0.13107949794876686,True,True
55,19,0.021980440244078636,0.001,True,True,True,0.051644270080856924,True,0.06708652701507845,1.2073129507386882e-14,0.06708652701509052,True,True
55,20,0.01919803023338318,0.001,True,True,True,0.055123942451985486,True,7.426947945532447e-12,2.056180937074616e-15,7.429004126469522e-12,True,True
56,1,0.03881495073437691,0.001,True,True,True,0.024880699611958934,True,0.20000000298023224,5.0151593044715896e-17,0.2000000029802323,True,True
56,2,0.02532016485929489,0.001,True,True,True,0.013225430445558017,True,0.20000000268410884,5.01515930188665e-17,0.2000000026841089,True,True
56,3,0.017116446048021317,0.001,True,True,True,0.009301178475655425,True,0.1981123930281144,5.028754487651637e-17,0.19811239302811445,True,True
56,4,0.016065139323472977,0.001,True,True,True,0.009110128284463725,True,0.19765325438654308,5.025990844913355e-17,0.19765325438654313,True,True
56,5,0.014604680240154266,0.001,True,True,True,0.008024922875294493,True,0.1850058458056547,5.021512166605801e-17,0.18500584580565477,True,True
56,6,0.012959636747837067,0.001,True,True,True,0.0072108795091460065,True,0.14012838029170993,5.016070571224583e-17,0.14012838029171,True,True
56,7,0.011475961655378342,0.001,True,True,True,0.006732729168899665,True,0.07127780536112382,5.010078487791946e-17,0.07127780536112388,True,True
56,8,0.010480467230081558,0.001,True,True,True,0.006703380625059874,True,0.018653039287547912,5.008937392783164e-17,0.01865303928754796,True,True
56,9,0.010222051292657852,0.001,True,True,True,0.00726591093473028,True,1.1901590823981678e-13,5.0154637230928804e-17,1.190660628770477e-13,True,True
56,10,0.010919865220785141,0.001,True,True,True,0.008662917527198943,True,0.019750858257410187,4.999747003233628e-17,0.019750858257410235,True,True
56,11,0.012546669691801071,0.001,True,True,True,0.010426665364142607,True,0.04740462878422136,4.999429545531697e-17,0.04740462878422141,True,True
56,12,0.007913989014923573,0.001,True,True,True,0.018673690630824136,True,0.03652858029820294,5.0117746927238197e-17,0.03652858029820299,True,True
56,13,0.003183451248332858,0.001,True,True,True,0.015816281831182444,True,5.684341886080802e-14,5.013017834032092e-17,5.689354903914834e-14,True,True
56,14,-0.0014227107167243958,0.001,False,True,False,0.01105951156654228,True,,,,,
56,15,-0.0029563196003437042,0.001,False,True,False,0.008705478847193193,True,,,,,
56,16,-0.0044857412576675415,0.001,False,True,False,0.006937706424702483,True,,,,,
56,17,-0.005468305200338364,0.001,False,True,False,0.006082354079569807,True,,,,,
56,18,-0.006178963929414749,0.001,False,True,False,0.0058072776916646696,True,,,,,
56,19,-0.0067085810005664825,0.001,False,True,False,0.005823437739059578,True,,,,,
56,20,-0.007028605788946152,0.001,False,True,False,0.0058995114120266035,True,,,,,
57,1,0.02622957155108452,0.001,True,True,True,0.011183655400812509,True,0.20000000298023224,3.3114033225441146e-17,0.20000000298023227,True,True
57,2,0.015470324084162712,0.001,True,True,True,0.005153606442890979,True,0.1999934810413152,3.311511872591561e-17,0.19999348104131523,True,True
57,3,0.012118615210056305,0.001,True,True,True,0.011202471519368151,True,0.2003353608953441,3.311610435503437e-17,0.20033536089534412,True,True
57,4,0.010748378932476044,0.001,True,True,True,0.010726520298687703,True,0.19403242299518775,3.304913654268551e-17,0.19403242299518778,True,True
57,5,0.009568296372890472,0.001,True,True,True,0.010467397735792527,True,0.171009952199908,3.300142120904617e-17,0.17100995219990803,True,True
57,6,0.008601229637861252,0.001,True,True,True,0.010517428700019704,True,0.14733883365465061,3.2934804282229906e-17,0.14733883365465064,True,True
57,7,0.007921308279037476,0.001,True,True,True,0.010996833210763501,True,0.13732464452582072,3.2895326848388917e-17,0.13732464452582074,True,True
57,8,0.0076609887182712555,0.001,True,True,True,0.012073118981999753,True,0.14317457324715832,3.287465957740803e-17,0.14317457324715835,True,True
57,9,0.008005958050489426,0.001,True,True,True,0.013972046258300952,True,0.16900422550677874,3.287186594735306e-17,0.16900422550677877,True,True
57,10,0.009007580578327179,0.001,True,True,True,0.016776312183269027,True,0.23001755237155663,3.2890596452275886e-17,0.23001755237155666,True,True
57,11,0.010734427720308304,0.001,True,True,True,0.020354594490718525,True,0.3049679743248461,3.298855240704895e-17,0.3049679743248462,True,True
57,12,0.01300869882106781,0.001,True,True,True,0.02512172551476055,True,0.3529905674497762,3.309095675275795e-17,0.35299056744977625,True,True
57,13,0.015835069119930267,0.001,True,True,True,0.031549878066582715,True,8.526512829121202e-14,3.302454364679891e-17,8.529815283485882e-14,True,True
57,14,0.012552816420793533,0.001,True,True,True,0.03143312747524385,True,1.0581302152904044,3.284797482515697e-17,1.0581302152904044,True,True
57,15,0.009520553052425385,0.001,True,True,True,0.026654524742372288,True,0.485213815275948,3.3034814542073726e-17,0.48521381527594803,True,True
57,16,0.007713988423347473,0.001,True,True,True,0.02238538379432997,True,0.10326161226543462,3.285394417647084e-17,0.10326161226543465,True,True
57,17,0.006800636649131775,0.001,True,True,True,0.01945608333370008,True,0.02721512234295531,3.288921092717324e-17,0.027215122342955343,True,True
57,18,0.006448492407798767,0.001,True,True,True,0.01841133373504844,True,1.5987211554602254e-13,3.3152631920841275e-17,1.5990526817794338e-13,True,True
57,19,0.006353408098220825,0.001,True,True,True,0.019439927015664105,True,7.815970093361102e-14,3.3201450775819814e-17,7.819290238438684e-14,True,True
57,20,0.006235048174858093,0.001,True,True,True,0.02176049942265501,True,4.884981308350689e-14,7.09036069363417e-18,4.885690344420052e-14,True,True
58,1,0.014929668977856636,0.001,True,True,True,0.005907235306435166,True,0.20000000298023224,5.133378360251328e-17,0.2000000029802323,True,True
58,2,0.013029702007770538,0.001,True,True,True,0.011537254353809423,True,0.19999997674133368,5.1333805165098424e-17,0.19999997674133374,True,True
58,3,0.012295335531234741,0.001,True,True,True,0.009430602244447694,True,0.19842017581404672,5.135284868906919e-17,0.19842017581404678,True,True
58,4,0.011693447828292847,0.001,True,True,True,0.007160492560351894,True,0.15612699266129693,5.1253270891760314e-17,0.15612699266129698,True,True
58,5,0.011276774108409882,0.001,True,True,True,0.005329565259227342,True,0.061447316354747095,5.1202890455444107e-17,0.06144731635474714,True,True
58,6,0.011099230498075485,0.001,True,True,True,0.004596274954026647,True,3.730349362740526e-14,5.127584156732884e-17,3.735476946897259e-14,True,True
58,7,0.01123053953051567,0.001,True,True,True,0.005533302413600172,True,1.9539925233402755e-14,5.13023643261726e-17,1.9591227597728928e-14,True,True
58,8,0.011763911694288254,0.001,True,True,True,0.006952778309853469,True,0.094181160216114,5.1096254252206667e-17,0.09418116021611406,True,True
58,9,0.01281692087650299,0.001,True,True,True,0.007963051577575375,True,0.3120400655117481,5.1097166910202326e-17,0.3120400655117482,True,True
58,10,0.014910310506820679,0.001,True,True,True,0.008238762955785295,True,0.33278561316473887,5.111892030613259e-17,0.3327856131647389,True,True
58,11,0.01569308340549469,0.001,True,True,True,0.06181162140172014,True,6.264086316321027e-08,5.1099052609772514e-17,6.264086321430932e-08,True,True
58,12,0.017918827012181282,0.001,True,True,True,0.06528226962168793,True,0.2845979303106261,5.10776841278808e-17,0.28459793031062613,True,True
58,13,0.022863786667585373,0.001,True,True,True,0.07081115451147602,True,0.222603806043848,5.1199928945842546e-17,0.22260380604384805,True,True
58,14,0.021516036242246628,0.001,True,True,True,0.049392520590054945,True,0.2096877136550921,5.118032835551306e-17,0.20968771365509214,True,True
58,15,0.016578713431954384,0.001,True,True,True,0.051186313152008944,True,0.18423218988097378,5.121613595536102e-17,0.18423218988097384,True,True
58,16,0.013053924776613712,0.001,True,True,True,0.0494814399435074,True,0.13167492619570842,5.128865922695609e-17,0.13167492619570847,True,True
58,17,0.011739442124962807,0.001,True,True,True,0.045280693302080954,True,0.0613137637656056,5.1152782307255194e-17,0.06131376376560565,True,True
58,18,0.013230834156274796,0.001,True,True,True,0.04044122843727038,True,1.3722356584366935e-13,5.0987707740422405e-17,1.3727455355140977e-13,True,True
58,19,0.01677139848470688,0.001,True,True,True,1.4432899320127035e-15,True,3.9968028886505635e-15,5.2393893087860467e-17,4.049196781738424e-15,True,True
58,20,0.014834962785243988,0.001,True,True,True,0.026792814245256036,True,1.4210854715202004e-14,7.31112682875501e-18,1.421816584203076e-14,True,True
59,1,0.013944834470748901,0.001,True,True,True,0.009309756068949626,True,0.19999966041428432,4.636540276373902e-14,0.19999966041433068,True,True
59,2,0.012857813388109207,0.001,True,True,True,0.007353201870519521,True,0.1958231207229223,4.64323665234289e-14,0.19582312072296873,True,True
59,3,0.011636514216661453,0.001,True,True,True,0.0062564063176147044,True,0.14904063554373792,4.629864484616031e-14,0.14904063554378422,True,True
59,4,0.010662034153938293,0.001,True,True,True,0.005648800117336039,True,0.06961068959788719,4.618712744824982e-14,0.06961068959793337,True,True
59,5,0.009962540119886398,0.001,True,True,True,0.005611906735082162,True,0.00494442565313058,4.684656700306375e-14,0.004944425653177426,True,True
59,6,0.009082656353712082,0.001,True,True,True,0.006618903671933185,True,3.8891556641829084e-11,4.6716866241467595e-14,3.8938273508070554e-11,True,True
59,7,0.006696648895740509,0.001,True,True,True,0.02037025240174628,True,0.2388147840517263,4.6197966039094553e-14,0.23881478405177248,True,True
59,8,0.0018875082023441792,0.001,True,True,True,0.020530336815107852,True,0.2414623124463091,4.653274964958847e-14,0.24146231244635566,True,True
59,9,-0.0012868382036685944,0.001,False,True,False,0.020956222101861877,True,,,,,
59,10,-0.0029765181243419647,0.001,False,True,False,0.02123352816324664,True,,,,,
59,11,-0.0027965977787971497,0.001,False,True,False,0.02042110063158009,True,,,,,
59,12,-0.002209007740020752,0.001,False,True,False,0.018893443632936213,True,,,,,
59,13,-0.0026016123592853546,0.001,False,True,False,0.01753216189308726,True,,,,,
59,14,-0.003390219062566757,0.001,False,True,False,0.017056352912574235,True,,,,,
59,15,-0.004004720598459244,0.001,False,True,False,0.016744260413565804,True,,,,,
59,16,-0.003846868872642517,0.001,False,True,False,0.01657980378650248,True,,,,,
59,17,-0.0026989057660102844,0.001,False,True,False,0.01703056939764569,True,,,,,
59,18,-0.0008965544402599335,0.001,False,True,False,0.018107583853647524,True,,,,,
59,19,0.001994933933019638,0.001,True,True,True,0.02052797034272813,True,0.30848744593357225,4.672316945356481e-14,0.308487445933619,True,True
59,20,0.002313055098056793,0.001,True,True,True,0.02185478324486423,True,7.454303840859211e-11,2.1129634915595155e-14,7.456416804350771e-11,True,True
60,1,0.010978832840919495,0.001,True,True,True,0.009491611207692874,True,0.19999432444487386,6.237012810812104e-14,0.19999432444493623,True,True
60,2,0.008718539029359818,0.001,True,True,True,0.00961326973786042,True,0.16351675469959126,6.237554297448974e-14,0.16351675469965363,True,True
60,3,0.00730133056640625,0.001,True,True,True,0.009816360000626134,True,0.12206707118428106,6.217897805189166e-14,0.12206707118434323,True,True
60,4,0.006645113229751587,0.001,True,True,True,0.010240970702507957,True,0.13606132543095129,6.200392512890566e-14,0.1360613254310133,True,True
60,5,0.006571423262357712,0.001,True,True,True,0.011022143333758172,True,0.14013256605279167,6.196843919418408e-14,0.14013256605285365,True,True
60,6,0.006780724972486496,0.001,True,True,True,0.012300971360292956,True,0.15747338796054677,6.193045264853132e-14,0.1574733879606087,True,True
60,7,0.0074674226343631744,0.001,True,True,True,0.014198724174826816,True,0.21330526180624787,6.199458032312124e-14,0.21330526180630988,True,True
60,8,0.009074393659830093,0.001,True,True,True,0.016428307341377568,True,0.21950298282721548,6.212327134000353e-14,0.2195029828272776,True,True
60,9,0.010781925171613693,0.001,True,True,True,0.019611284023189346,True,0.02407383500118243,6.218700167262079e-14,0.024073835001244617,True,True
60,10,0.013002387247979641,0.001,True,True,True,0.024575764737220562,True,0.32339976955957894,6.201429552906669e-14,0.32339976955964095,True,True
60,11,0.016430236399173737,0.001,True,True,True,0.030714286788041556,True,0.4382851960137728,6.224671303284601e-14,0.43828519601383503,True,True
60,12,0.019689127802848816,0.001,True,True,True,0.03602512518132517,True,0.1427677676211374,6.218925314932825e-14,0.1427677676211996,True,True
60,13,0.021038517355918884,0.001,True,True,True,0.022501646202224612,True,0.06506592499047592,6.208191726918825e-14,0.065065924990538,True,True
60,14,0.019766852259635925,0.001,True,True,True,0.019561472785328937,True,0.0165462144573727,6.201687045013064e-14,0.016546214457434715,True,True
60,15,0.018644943833351135,0.001,True,True,True,0.01735670075484652,True,4.11475298278674e-11,6.212208336819794e-14,4.12096519112356e-11,True,True
60,16,0.01766708493232727,0.001,True,True,True,0.016191381192344756,True,8.731149137020111e-11,6.208066774986483e-14,8.737357203795098e-11,True,True
60,17,0.016671184450387955,0.001,True,True,True,0.01590949623356952,True,2.483027117250458e-10,6.204026461110523e-14,2.483647519896569e-10,True,True
60,18,0.01580994576215744,0.001,True,True,True,0.016046176262775158,True,4.157740818300226e-11,6.204769174899921e-14,4.163945587475126e-11,True,True
60,19,0.008721822872757912,0.001,True,True,True,0.014919205639066346,True,0.26033746282877246,6.213142736448192e-14,0.2603374628288346,True,True
60,20,-0.004533648490905762,0.001,False,True,False,1.939004512507836e-12,True,,,,,
61,1,0.010793216526508331,0.001,True,True,True,0.008112068928846194,True,0.1907167697148664,5.570911597105065e-16,0.19071676971486695,True,True
61,2,0.010435841977596283,0.001,True,True,True,0.007150056972236141,True,0.12096986010453215,5.582606272414406e-16,0.1209698601045327,True,True
61,3,0.010238386690616608,0.001,True,True,True,0.006945464272622159,True,0.05134381032694435,5.566762927010377e-16,0.051343810326944905,True,True
61,4,0.010328616946935654,0.001,True,True,True,0.007374264338717018,True,0.015142009604723228,5.556054042248254e-16,0.015142009604723783,True,True
61,5,0.010794717818498611,0.001,True,True,True,0.008390469495696051,True,0.012969712008715106,5.552270274824568e-16,0.012969712008715661,True,True
61,6,0.011728979647159576,0.001,True,True,True,0.010001744248769817,True,0.051825681090704734,5.538062466450401e-16,0.05182568109070529,True,True
61,7,0.013336118310689926,0.001,True,True,True,0.012262985723484054,True,0.11824929470522161,5.630954952905265e-16,0.11824929470522218,True,True
61,8,0.016051333397626877,0.001,True,True,True,0.015285227160664827,True,6.362910198731697e-12,5.569406210742753e-16,6.363467139352771e-12,True,True
61,9,0.02039319835603237,0.001,True,True,True,0.018044745012625207,True,7.922551503725117e-13,5.529239330293556e-16,7.928080743055411e-13,True,True
61,10,0.02380809187889099,0.001,True,True,True,0.04250154620983326,True,0.10139994755537529,5.678933206278939e-16,0.10139994755537586,True,True
61,11,0.02823951467871666,0.001,True,True,True,0.03963234444900887,True,0.042732259373942316,5.550181706440438e-16,0.04273225937394287,True,True
61,12,0.023064471781253815,0.001,True,True,True,0.03919722985244123,True,0.031032786183543326,5.571394995625296e-16,0.031032786183543885,True,True
61,13,0.018693406134843826,0.001,True,True,True,0.03805574986864768,True,0.03926751317555466,5.573224093833322e-16,0.03926751317555521,True,True
61,14,0.015433154068887234,0.001,True,True,True,0.036462379198596295,True,0.06227274217627299,5.531542731474761e-16,0.06227274217627354,True,True
61,15,0.013479957357048988,0.001,True,True,True,0.035092536794930074,True,0.11604772176415601,5.5249438229613155e-16,0.11604772176415656,True,True
61,16,0.009591031819581985,0.001,True,True,True,0.02419375815303404,True,0.15913754437554495,5.515901348860884e-16,0.1591375443755455,True,True
61,17,0.005286145955324173,0.001,True,True,True,0.025918924459797155,True,0.10831989925809715,5.516492570199276e-16,0.10831989925809771,True,True
61,18,0.0027664974331855774,0.001,True,True,True,0.02620481855985146,True,6.448175327022909e-13,5.617207148907363e-16,6.453792534171817e-13,True,True
61,19,0.004290968179702759,0.001,True,True,True,0.025784787009883403,True,8.615330671091215e-14,6.415097818194293e-16,8.679481649273158e-14,True,True
61,20,0.006596475839614868,0.001,True,True,True,0.025700891436393314,True,1.2079226507921703e-12,5.96104905864098e-16,1.2085187556980343e-12,True,True
62,1,0.009792543947696686,0.001,True,True,True,0.008614748832843855,True,0.17530118391587468,2.4531562460079438e-17,0.1753011839158747,True,True
62,2,0.00920628011226654,0.001,True,True,True,0.009136219021732617,True,0.11943291528924327,2.432391713102062e-17,0.1194329152892433,True,True
62,3,0.009233441203832626,0.001,True,True,True,0.009952946241108873,True,0.09378914223082546,2.4281815323555383e-17,0.09378914223082549,True,True
62,4,0.009801510721445084,0.001,True,True,True,0.01116693686481951,True,0.08800686275279901,2.427224146057625e-17,0.08800686275279904,True,True
62,5,0.010887473821640015,0.001,True,True,True,0.012878070941079733,True,0.09848351744569861,2.4277368161778325e-17,0.09848351744569864,True,True
62,6,0.012506544589996338,0.001,True,True,True,0.015211668546490698,True,0.12445638004715676,2.4307273649231393e-17,0.12445638004715678,True,True
62,7,0.014738112688064575,0.001,True,True,True,0.018331192769389548,True,0.04992288836853831,2.4362166344328506e-17,0.04992288836853834,True,True
62,8,0.01763925701379776,0.001,True,True,True,0.0224436272832661,True,4.192202140984591e-13,2.4326330971326023e-17,4.1924454042943044e-13,True,True
62,9,0.01694924756884575,0.001,True,True,True,0.028337897178928095,True,0.48401978495097353,2.4380434819452354e-17,0.48401978495097353,True,True
62,10,0.01682908833026886,0.001,True,True,True,0.025265989880340012,True,0.18635050182128765,2.4312401858634544e-17,0.18635050182128768,True,True
62,11,0.016581859439611435,0.001,True,True,True,0.022954741261095757,True,0.127063648991097,2.430843090959299e-17,0.12706364899109704,True,True
62,12,0.016261212527751923,0.001,True,True,True,0.02130690060650653,True,0.09984833814739247,2.4306442678148502e-17,0.0998483381473925,True,True
62,13,0.015940453857183456,0.001,True,True,True,0.020188466982095532,True,0.07446604984703065,2.4309659747330866e-17,0.07446604984703067,True,True
62,14,0.015456873923540115,0.001,True,True,True,0.01940780305753642,True,0.07162027362866219,2.430741102972407e-17,0.07162027362866222,True,True
62,15,0.014393668621778488,0.001,True,True,True,0.01861707869520246,True,0.12936254261299673,2.4284895460671476e-17,0.12936254261299676,True,True
62,16,0.013938803225755692,0.001,True,True,True,0.017489920447778418,True,0.16314705050798217,2.4293507155381386e-17,0.1631470505079822,True,True
62,17,0.01618710532784462,0.001,True,True,True,0.01615371514122277,True,0.08404024168175539,2.433318236672349e-17,0.08404024168175542,True,True
62,18,0.021087154746055603,0.001,True,True,True,0.015049896453318445,True,1.7763568394002505e-15,2.4465503108481354e-17,1.800822342508732e-15,True,True
62,19,0.013473126105964184,0.001,True,True,True,0.024342551052158212,True,0.2727642661547023,2.443973709014624e-17,0.2727642661547023,True,True
62,20,-0.003390394151210785,0.001,False,True,False,1.2212453270876722e-15,True,,,,,
63,1,0.009938038885593414,0.001,True,True,True,0.008334207437124319,True,0.19106945062227254,3.960158109100548e-17,0.19106945062227257,True,True
63,2,0.010033108294010162,0.001,True,True,True,0.00872328182177362,True,0.1533030874734873,3.9403161371941953e-17,0.15330308747348734,True,True
63,3,0.010513700544834137,0.001,True,True,True,0.00977581770446001,True,0.1357528600549216,3.9378258187450646e-17,0.13575286005492163,True,True
63,4,0.011474251747131348,0.001,True,True,True,0.011259260565520957,True,0.15087892487455612,3.933869875584783e-17,0.15087892487455615,True,True
63,5,0.013011917471885681,0.001,True,True,True,0.013012604840615727,True,0.1974242990089028,3.935601541094194e-17,0.19742429900890282,True,True
63,6,0.015251774340867996,0.001,True,True,True,0.014932320431884083,True,0.3570396814553636,3.9743010258114875e-17,0.35703968145536363,True,True
63,7,0.018671343103051186,0.001,True,True,True,0.014995142616599844,True,2.1671553440683056e-13,3.932809647022939e-17,2.1675486250330079e-13,True,True
63,8,0.023393316194415092,0.001,True,True,True,0.014711054857897254,True,0.08073245402069062,4.0653988013316575e-17,0.08073245402069067,True,True
63,9,0.02744116075336933,0.001,True,True,True,0.01405093622752318,True,0.09776966823211453,3.950439024043371e-17,0.09776966823211457,True,True
63,10,0.02650178223848343,0.001,True,True,True,0.003372848702791531,True,0.07853303283928037,3.938742214053197e-17,0.07853303283928041,True,True
63,11,0.024391576647758484,0.001,True,True,True,0.0024677241463015864,True,0.04903171024222219,3.9389269127554715e-17,0.049031710242222235,True,True
63,12,0.02244213968515396,0.001,True,True,True,0.0017443511138819368,True,0.024042921995641287,3.9397649049326603e-17,0.024042921995641325,True,True
63,13,0.020518064498901367,0.001,True,True,True,0.001232920900441914,True,0.003972631005592753,3.9330129380685583e-17,0.003972631005592792,True,True
63,14,0.01802726835012436,0.001,True,True,True,0.0011261712331560592,True,1.687538997430238e-14,3.950334783685676e-17,1.6914893322139236e-14,True,True
63,15,0.013864118605852127,0.001,True,True,True,0.001282298632343415,True,0.04934136247809651,3.938344993572483e-17,0.04934136247809655,True,True
63,16,0.009389601647853851,0.001,True,True,True,0.002691712683771774,True,3.197442310920451e-14,3.948576489579399e-17,3.20139088741003e-14,True,True
63,17,0.008339673280715942,0.001,True,True,True,0.0033658152429053567,True,0.040761799269301235,3.9435455600241636e-17,0.04076179926930128,True,True
63,18,0.01139400526881218,0.001,True,True,True,0.004892458266903099,True,0.09494437653781773,3.9442716055485646e-17,0.09494437653781777,True,True
63,19,0.01657809317111969,0.001,True,True,True,0.005907606137033117,True,0.12897942939525997,3.98785976629353e-17,0.12897942939526,True,True
63,20,0.0020737696904689074,0.001,True,True,True,0.00825188656007736,True,2.4868995751603507e-14,1.1319736303382417e-17,2.488031548790689e-14,True,True
64,1,0.010085653513669968,0.001,True,True,True,0.009574118308628976,True,0.1893829580702977,7.970482459637884e-14,0.18938295807037742,True,True
64,2,0.010359007865190506,0.001,True,True,True,0.010653824619538343,True,0.16019691764777555,7.982575813097887e-14,0.16019691764785537,True,True
64,3,0.010949596762657166,0.001,True,True,True,0.01191586909014053,True,0.14630332814436464,7.983054964585526e-14,0.14630332814444447,True,True
64,4,0.011820755898952484,0.001,True,True,True,0.013425366878212941,True,0.16847144134849223,7.977954271834465e-14,0.168471441348572,True,True
64,5,0.012941423803567886,0.001,True,True,True,0.015208434742687738,True,0.24947931508039645,7.976823396990043e-14,0.24947931508047622,True,True
64,6,0.010801391676068306,0.001,True,True,True,0.025901044593153122,True,0.3501234877880286,7.980834397342085e-14,0.3501234877881084,True,True
64,7,0.0069579631090164185,0.001,True,True,True,0.02421971719251459,True,0.16022288140906227,7.989197287186442e-14,0.16022288140914215,True,True
64,8,0.00493258610367775,0.001,True,True,True,0.021802546537857292,True,0.06495292768833849,7.973356188107381e-14,0.06495292768841822,True,True
64,9,0.0040256790816783905,0.001,True,True,True,0.02114869544176845,True,2.0933384245322912,7.977349908748602e-14,2.093338424532371,True,True
64,10,0.0037238672375679016,0.001,True,True,True,0.018771756978429588,True,0.3199286279567559,7.974077756817958e-14,0.31992862795683563,True,True
64,11,0.003737356513738632,0.001,True,True,True,0.016583248030806574,True,0.17022801047890113,7.976993729861776e-14,0.1702280104789809,True,True
64,12,0.003886178135871887,0.001,True,True,True,0.014628048840570895,True,0.11380810505771422,7.9761851258398e-14,0.11380810505779397,True,True
64,13,0.003928251564502716,0.001,True,True,True,0.012961957016104475,True,0.06960335796204475,7.976609752562616e-14,0.06960335796212452,True,True
64,14,0.0028918497264385223,0.001,True,True,True,0.011693431976471325,True,0.0695433805572847,7.973725940319846e-14,0.06954338055736445,True,True
64,15,-0.0015927255153656006,0.001,False,True,False,0.011771648053859551,True,,,,,
64,16,-0.006542965769767761,0.001,False,True,False,0.012171956770279713,True,,,,,
64,17,-0.005247227847576141,0.001,False,True,False,0.01295776438848184,True,,,,,
64,18,-0.00014109164476394653,0.001,False,True,False,0.014403407263566148,True,,,,,
64,19,0.004682756960391998,0.001,True,True,True,0.01651356247653135,True,1.1163336921526934e-10,7.985343871846034e-14,1.117132226539878e-10,True,True
64,20,0.008377771824598312,0.001,True,False,False,0.017298251445826085,True,,,,,
65,1,0.010961566120386124,0.001,True,True,True,0.010404797112864794,True,0.1906890828518324,7.115468504578313e-15,0.1906890828518395,True,True
65,2,0.01157144084572792,0.001,True,True,True,0.011294026229997645,True,0.16250262788727632,7.153378669811177e-15,0.16250262788728348,True,True
65,3,0.012294560670852661,0.001,True,True,True,0.012517223850270098,True,0.14434883256425124,7.122828093113198e-15,0.14434883256425837,True,True
65,4,0.01329614594578743,0.001,True,True,True,0.014123056152057556,True,0.1370747259671692,7.1154250383129e-15,0.1370747259671763,True,True
65,5,0.01461746171116829,0.001,True,True,True,0.016171791594171814,True,0.031609543180834976,7.1657341918246e-15,0.031609543180842144,True,True
65,6,0.016329992562532425,0.001,True,True,True,0.01936071345799595,True,0.04146750161563517,7.096160341915111e-15,0.04146750161564227,True,True
65,7,0.018960507586598396,0.001,True,True,True,0.02227391473053153,True,0.17809065122359513,7.133472035527742e-15,0.17809065122360226,True,True
65,8,0.021599601954221725,0.001,True,True,True,0.024835398105916506,True,0.08023127130233298,7.137274565776425e-15,0.08023127130234012,True,True
65,9,0.02082493156194687,0.001,True,True,True,0.01698202667528903,True,0.043591435601261,7.120888224976886e-15,0.043591435601268116,True,True
65,10,0.019359342753887177,0.001,True,True,True,0.01518586314554049,True,0.013259986923699785,7.115841726095329e-15,0.0132599869237069,True,True
65,11,0.0184578076004982,0.001,True,True,True,0.013476661111095023,True,1.886490963443066e-12,7.129995635570866e-15,1.8936209590786367e-12,True,True
65,12,0.01822543889284134,0.001,True,True,True,0.011901644337274031,True,2.763054162358003e-06,7.0939451160601834e-15,2.763054169451948e-06,True,True
65,13,0.018684908747673035,0.001,True,True,True,0.010478511469712903,True,0.02743857578279396,7.106663343793038e-15,0.027438575782801067,True,True
65,14,0.019037790596485138,0.001,True,True,True,0.00920683073267281,True,0.02838980995135465,7.092144035212116e-15,0.02838980995136174,True,True
65,15,0.016845952719449997,0.001,True,True,True,0.00826226947203934,True,-3.552713678800501e-14,7.118333208631434e-15,-2.8408803579373575e-14,True,True
65,16,0.013343609869480133,0.001,True,True,True,0.007712486743513103,True,0.04205125025108991,7.213239192054112e-15,0.04205125025109713,True,True
65,17,0.013473086059093475,0.001,True,True,True,0.007430310875898738,True,2.4797941478027496e-12,7.132720404102272e-15,2.486926868206852e-12,True,True
65,18,0.014069457538425922,0.001,True,True,True,0.024020242303670503,True,0.015727694759066324,7.114369447436904e-15,0.01572769475907344,True,True
65,19,0.0015780327375978231,0.001,True,True,True,0.013994062168173449,True,2.5686119897727622e-11,7.111970967975036e-15,2.5693231868695597e-11,True,True
65,20,-0.016093328595161438,0.001,False,True,False,1.4521717162097048e-13,True,,,,,
66,1,0.011681362986564636,0.001,True,True,True,0.011267772060609915,True,0.19606058417386407,3.0020256543572684e-14,0.1960605841738941,True,True
66,2,0.012554831802845001,0.001,True,True,True,0.012216991175115655,True,0.17737808781908804,2.997189239921164e-14,0.177378087819118,True,True
66,3,0.01385849341750145,0.001,True,True,True,0.013441393630366782,True,0.16148374901415874,2.993440558016952e-14,0.1614837490141887,True,True
66,4,0.015535369515419006,0.001,True,True,True,0.015019583792607594,True,0.095859524756996,3.001112605178179e-14,0.09585952475702601,True,True
66,5,0.017659353092312813,0.001,True,True,True,0.01736006835812609,True,0.06656852097827226,2.99354134566779e-14,0.0665685209783022,True,True
66,6,0.020604051649570465,0.001,True,True,True,0.020252223040692185,True,0.17784974944681764,3.012591157150254e-14,0.17784974944684775,True,True
66,7,0.02236827462911606,0.001,True,True,True,0.023767789698639463,True,0.14327253843068455,3.0042399386570666e-14,0.14327253843071458,True,True
66,8,0.020312592387199402,0.001,True,True,True,0.022258615273586635,True,0.11329700140006338,2.997373966438604e-14,0.11329700140009336,True,True
66,9,0.018236659467220306,0.001,True,True,True,0.020918282140082733,True,0.07697746871090594,2.997056751385814e-14,0.07697746871093591,True,True
66,10,0.01604209467768669,0.001,True,True,True,0.01983917228028398,True,0.03537278075148009,2.996552628965532e-14,0.035372780751510055,True,True
66,11,0.013507779687643051,0.001,True,True,True,0.01917646076921453,True,0.0022302224493842004,2.98963788304769e-14,0.0022302224494140967,True,True
66,12,0.010500531643629074,0.001,True,True,True,0.0191076929936298,True,2.6410873488202924e-11,3.0022184018449165e-14,2.6440895672221373e-11,True,True
66,13,0.0066262222826480865,0.001,True,True,True,0.018728452384261463,True,0.04804149652963474,2.9961328585192286e-14,0.048041496529664704,True,True
66,14,0.0025428012013435364,0.001,True,True,True,0.019295498381143306,True,0.34980571055037046,2.992605502282147e-14,0.3498057105504004,True,True
66,15,0.002345837652683258,0.001,True,True,True,0.02035371754525306,True,0.29736482384222285,2.9912625653497545e-14,0.29736482384225277,True,True
66,16,0.005620162934064865,0.001,True,True,True,0.020908690809516295,True,0.4573425292606572,3.0018957214120364e-14,0.45734252926068725,True,True
66,17,0.004683408886194229,0.001,True,True,True,0.021489304333275117,True,0.42208836682983986,2.995774842666079e-14,0.42208836682986983,True,True
66,18,0.004577085375785828,0.001,True,True,True,0.022049074833865645,True,0.2839548986405802,2.993827342067814e-14,0.28395489864061013,True,True
66,19,0.005242690443992615,0.001,True,True,True,0.023490508805486643,True,1.5228707184178347e-11,3.006849424127766e-14,1.5258775678419625e-11,True,True
66,20,0.005353279411792755,0.001,True,True,True,0.026165385218665183,True,1.0134826311514189e-10,6.9549492142687426e-15,1.0135521806435616e-10,True,True
67,1,0.012500744313001633,0.001,True,True,True,0.012726748422203782,True,0.19697482771481778,1.218273160190665e-14,0.19697482771482996,True,True
67,2,0.013372603803873062,0.001,True,True,True,0.014464646493149158,True,0.18772059747906233,1.212696972903746e-14,0.18772059747907446,True,True
67,3,0.014504864811897278,0.001,True,True,True,0.016605332431339548,True,0.17127092656767307,1.2253991547972313e-14,0.1712709265676853,True,True
67,4,0.016014941036701202,0.001,True,True,True,0.01916396858315883,True,0.14330055666729535,1.2047368968718822e-14,0.1433005566673074,True,True
67,5,0.01858847588300705,0.001,True,True,True,0.02260032512297494,True,0.2160427469426125,1.2193587743304365e-14,0.21604274694262468,True,True
67,6,0.021254772320389748,0.001,True,True,True,0.02496784306773614,True,0.1504728646312099,1.2210513698782716e-14,0.15047286463122211,True,True
67,7,0.023887474089860916,0.001,True,True,True,0.02716542410904399,True,0.11127425544403646,1.2157228932611446e-14,0.11127425544404862,True,True
67,8,0.02314986288547516,0.001,True,True,True,0.014183983724111116,True,0.06424629763845768,1.2129357527790838e-14,0.06424629763846981,True,True
67,9,0.02175823599100113,0.001,True,True,True,0.012636214904436227,True,0.021729484175646796,1.2105676313267679e-14,0.0217294841756589,True,True
67,10,0.020543210208415985,0.001,True,True,True,0.011097838350808242,True,1.440092489701783e-11,1.2105798903005062e-14,1.4413030695920836e-11,True,True
67,11,0.019524306058883667,0.001,True,True,True,0.009350251453022818,True,1.362110424452112e-11,1.2102532557214884e-14,1.3633206777078336e-11,True,True
67,12,0.018757611513137817,0.001,True,True,True,0.0074617604995578235,True,9.260148203793506e-12,1.2099018794873193e-14,9.272247222588379e-12,True,True
67,13,0.01836957037448883,0.001,True,True,True,0.004345890110103667,True,4.590106073010247e-12,1.2118181989252902e-14,4.6022242549995e-12,True,True
67,14,0.019100584089756012,0.001,True,True,True,0.0012566556545107188,True,0.07591844423876015,1.2089541258996265e-14,0.07591844423877224,True,True
67,15,0.017007360234856606,0.001,True,True,True,0.05165987216939849,True,0.33914008554479214,1.2034264735629318e-14,0.3391400855448042,True,True
67,16,0.01754363626241684,0.001,True,True,True,0.03700501820255497,True,0.2592152371609586,1.325462308693588e-14,0.2592152371609719,True,True
67,17,0.009616822935640812,0.001,True,True,True,0.03051398877292144,True,0.4755008892129986,1.2094286291420718e-14,0.4755008892130107,True,True
67,18,0.008647744543850422,0.001,True,True,True,0.02216343158767564,True,0.06406945494061489,1.2080886344702115e-14,0.06406945494062698,True,True
67,19,0.009272849187254906,0.001,True,True,True,0.020425466320611152,True,1.7621459846850485e-11,1.2146853849887496e-14,1.7633606700700373e-11,True,True
67,20,0.011745743453502655,0.001,True,True,True,0.02844893819894556,True,2.7124968937641825e-11,5.437406594627434e-15,2.7130406344236452e-11,True,True
68,1,0.014116402715444565,0.001,True,True,True,0.015375001073440697,True,0.20612398478107508,3.6195719713071624e-17,0.2061239847810751,True,True
68,2,0.0160171277821064,0.001,True,True,True,0.017769902761113787,True,0.21746623577881197,3.590175293054266e-17,0.217466235778812,True,True
68,3,0.018314450979232788,0.001,True,True,True,0.020133136410038666,True,0.25010623774396024,3.5853491318678175e-17,0.2501062377439603,True,True
68,4,0.021148068830370903,0.001,True,True,True,0.02214120759578142,True,0.21560429180777874,3.655717075228819e-17,0.21560429180777876,True,True
68,5,0.021572425961494446,0.001,True,True,True,0.016505250394934223,True,0.17498807535811434,3.642491560574086e-17,0.17498807535811436,True,True
68,6,0.019553102552890778,0.001,True,True,True,0.015093274967655335,True,0.14163366939880717,3.596599947720571e-17,0.1416336693988072,True,True
68,7,0.0176699236035347,0.001,True,True,True,0.013950984179064596,True,0.0999515548483636,3.593686859991716e-17,0.09995155484836364,True,True
68,8,0.015847530215978622,0.001,True,True,True,0.013038675751236517,True,0.057642874176893955,3.597404666991809e-17,0.05764287417689399,True,True
68,9,0.01391565427184105,0.001,True,True,True,0.012367481846364714,True,0.019951813862478573,3.597308317484793e-17,0.019951813862478608,True,True
68,10,0.01158079132437706,0.001,True,True,True,0.01204043264550747,True,6.572520305780927e-14,3.5876863238576817e-17,6.576107992104784e-14,True,True
68,11,0.008389748632907867,0.001,True,True,True,0.01180947237374852,True,1.4210854715202004e-14,3.601017244496032e-17,1.4246864887646964e-14,True,True
68,12,0.0043242573738098145,0.001,True,True,True,0.01129336489118482,True,0.02765511910240548,3.601275108737126e-17,0.027655119102405513,True,True
68,13,-0.0004508309066295624,0.001,False,True,False,0.011655224748450377,True,,,,,
68,14,-0.004348106682300568,0.001,False,False,False,0.012983381758085444,True,,,,,
68,15,-0.0049212537705898285,0.001,False,True,False,0.01495032061570467,True,,,,,
68,16,-0.003295585513114929,0.001,False,True,False,0.01752951436628758,True,,,,,
68,17,-0.00319613516330719,0.001,False,True,False,0.02047275210569577,True,,,,,
68,18,-0.001863323152065277,0.001,False,True,False,0.0237497607982895,True,,,,,
68,19,-9.222328662872314e-05,0.001,False,True,False,0.027221673655191347,True,,,,,
68,20,0.00022620707750320435,0.001,False,True,False,0.027388967661448715,True,,,,,
69,1,0.016745585948228836,0.001,True,True,True,0.016767568363933005,True,0.19998440276121923,3.2291648336209754e-16,0.19998440276121957,True,True
69,2,0.019015580415725708,0.001,True,True,True,0.017995790817721513,True,0.19926186238390084,3.2261061337137755e-16,0.19926186238390117,True,True
69,3,0.02121734619140625,0.001,True,True,True,0.019165525986276744,True,0.19069761297793586,3.2103433714946573e-16,0.1906976129779362,True,True
69,4,0.01919567584991455,0.001,True,True,True,0.024251290727408614,True,0.20304248982032114,3.2044392730188687e-16,0.20304248982032147,True,True
69,5,0.017381031066179276,0.001,True,True,True,0.02303295542841266,True,0.20287481776873406,3.2217770147070303e-16,0.2028748177687344,True,True
69,6,0.015983980149030685,0.001,True,True,True,0.021455610313723006,True,0.16916346926274173,3.19384845854644e-16,0.16916346926274206,True,True
69,7,0.014928020536899567,0.001,True,True,True,0.01964470832827736,True,0.1348871397781597,3.1938517615536246e-16,0.13488713977816003,True,True
69,8,0.014121782034635544,0.001,True,True,True,0.017732585288755986,True,0.08802511001967872,3.1954116003186313e-16,0.08802511001967904,True,True
69,9,0.013436559587717056,0.001,True,True,True,0.015856900877425417,True,0.038504782359044754,3.1954615612502544e-16,0.03850478235904507,True,True
69,10,0.012618638575077057,0.001,True,True,True,0.014169497931678654,True,0.005046229145843739,3.1944591728352043e-16,0.005046229145844058,True,True
69,11,0.011170122772455215,0.001,True,True,True,0.012934065446804532,True,3.9658563075306574e-05,3.191605238587527e-16,3.9658563075625736e-05,True,True
69,12,0.009447306394577026,0.001,True,True,True,0.011918237421828848,True,2.4513724383723456e-13,3.20047427481645e-16,2.454572912647162e-13,True,True
69,13,0.008194111287593842,0.001,True,True,True,0.011070610881173448,True,4.014566457044566e-13,3.194822242794385e-16,4.0177612792873607e-13,True,True
69,14,0.007928811013698578,0.001,True,True,True,0.010684256355457444,True,3.339550858072471e-13,3.1923437990338768e-16,3.342743201871505e-13,True,True
69,15,0.00898180902004242,0.001,True,True,True,0.010659538388555045,True,0.04857301399131586,3.218030781773046e-16,0.04857301399131618,True,True
69,16,0.003850591601803899,0.001,True,True,True,0.017289097642037343,True,2.4300561562995426e-12,3.194050294681503e-16,2.430375561329011e-12,True,True
69,17,-0.00916977971792221,0.001,False,True,False,0.008179899896768927,True,,,,,
69,18,-0.023055538535118103,0.001,False,True,False,7.66053886991358e-15,True,,,,,
69,19,-0.025081751868128777,0.001,False,True,False,0.004904755794292837,True,,,,,
69,20,-0.02723555825650692,0.001,False,True,False,0.004337512094140683,True,,,,,
70,1,0.017941899597644806,0.001,True,True,True,0.01912369592964347,True,0.19964878445108825,2.41504826060078e-16,0.1996487844510885,True,True
70,2,0.019030209630727768,0.001,True,True,True,0.02243848253312486,True,0.19626868977607415,2.432670657493534e-16,0.1962686897760744,True,True
70,3,0.020141856744885445,0.001,True,True,True,0.024927976439012567,True,0.19425233782314177,2.4180905686944026e-16,0.19425233782314202,True,True
70,4,0.02170277014374733,0.001,True,True,True,0.026718676345927173,True,0.16488132813980982,2.413267754674057e-16,0.16488132813981007,True,True
70,5,0.023121565580368042,0.001,True,True,True,0.015819368571051817,True,0.1236305933139139,2.4092943006967126e-16,0.12363059331391414,True,True
70,6,0.02175068110227585,0.001,True,True,True,0.015242027871429586,True,0.07454267126165615,2.410601695579452e-16,0.07454267126165638,True,True
70,7,0.020388096570968628,0.001,True,True,True,0.01497235283288012,True,0.0318707491118122,2.4101836128780637e-16,0.031870749111812445,True,True
70,8,0.01911883056163788,0.001,True,True,True,0.01491337952318339,True,0.008073470002845085,2.4096373489777466e-16,0.008073470002845326,True,True
70,9,0.01796087622642517,0.001,True,True,True,0.014983825095921444,True,0.0039132826906618234,2.4080163677378135e-16,0.0039132826906620646,True,True
70,10,0.01674262434244156,0.001,True,True,True,0.015179679959771097,True,0.0035577543265450373,2.4070247902285426e-16,0.003557754326545278,True,True
70,11,0.0150669626891613,0.001,True,True,True,0.015689366670669336,True,1.0302869668521453e-13,2.414613567797778e-16,1.032701580419943e-13,True,True
70,12,0.012544654309749603,0.001,True,True,True,0.01659262906410164,True,5.488942633746774e-13,2.416016395024397e-16,5.491358650141798e-13,True,True
70,13,0.009853214025497437,0.001,True,True,True,0.01770679641040329,True,4.263256414560601e-14,2.43545780172044e-16,4.2876109925778055e-14,True,True
70,14,0.0077827088534832,0.001,True,True,True,0.018360122860970995,True,0.01980263495757484,2.427051325951422e-16,0.01980263495757508,True,True
70,15,0.007135048508644104,0.001,True,True,True,0.018471007311286036,True,0.009674142441610911,2.4272735953157635e-16,0.009674142441611154,True,True
70,16,0.006723720580339432,0.001,True,True,True,0.01898399908652393,True,2.2382096176443156e-13,2.446876141693895e-16,2.2406564937860095e-13,True,True
70,17,0.006721798330545425,0.001,True,True,True,0.020665613498672686,True,1.9184653865522705e-13,2.4174363563041977e-16,1.9208828229085747e-13,True,True
70,18,0.006148993968963623,0.001,True,True,True,0.023801931946658028,True,1.8474111129762605e-13,2.433818262583121e-16,1.8498449312388436e-13,True,True
70,19,0.006285663694143295,0.001,True,True,True,0.01781416710861028,True,0.00018803109842124854,2.4073725317745496e-16,0.0001880310984214893,True,True
70,20,0.0035007521510124207,0.001,True,True,True,0.01860035182869557,True,2.220446049250313e-13,5.485129192110296e-17,2.220994562169524e-13,True,True
71,1,0.020677674561738968,0.001,True,True,True,0.0206069004683751,True,0.20052370325251234,2.9012863067060346e-13,0.20052370325280247,True,True
71,2,0.02240273356437683,0.001,True,True,True,0.023287350347003244,True,0.19954239215675895,2.9013583632459244e-13,0.19954239215704908,True,True
71,3,0.020558826625347137,0.001,True,True,True,0.023043516497195604,True,0.2041778423205569,2.891039349324931e-13,0.20417784232084601,True,True
71,4,0.019284993410110474,0.001,True,True,True,0.02277776264011433,True,0.21228427176957432,2.8955302402219016e-13,0.21228427176986386,True,True
71,5,0.01836647093296051,0.001,True,True,True,0.02201960299548289,True,0.2097620095754582,2.8909404004785704e-13,0.2097620095757473,True,True
71,6,0.01763695478439331,0.001,True,True,True,0.021071857860416765,True,0.19056830202420372,2.8894255819724576e-13,0.19056830202449265,True,True
71,7,0.017016034573316574,0.001,True,True,True,0.020151756768549745,True,0.15492646722351466,2.8880624922801573e-13,0.15492646722380346,True,True
71,8,0.01649279147386551,0.001,True,True,True,0.01940293831694684,True,0.10459846574504716,2.887015380771798e-13,0.10459846574533586,True,True
71,9,0.01612699031829834,0.001,True,True,True,0.018921966756330066,True,0.04703704663293351,2.887384632000189e-13,0.04703704663322225,True,True
71,10,0.015973079949617386,0.001,True,True,True,0.01873878517134875,True,3.1104541164950206e-10,2.89068231320153e-13,3.113344798808222e-10,True,True
71,11,0.015872150659561157,0.001,True,True,True,0.018768853326951995,True,1.9413270990753517e-10,2.8908344390308484e-13,1.9442179335143826e-10,True,True
71,12,0.015585850924253464,0.001,True,True,True,0.01837682030144716,True,0.1871638932281563,2.8822240932388493e-13,0.1871638932284445,True,True
71,13,0.016762375831604004,0.001,True,True,True,0.016528484711750502,True,0.15562209196786725,2.8870677644763276e-13,0.15562209196815596,True,True
71,14,0.018396548926830292,0.001,True,True,True,0.014455734168525969,True,0.21864777870666385,2.8892530633476186e-13,0.2186477787069528,True,True
71,15,0.019412808120250702,0.001,True,True,True,0.021767370600593305,True,0.1903655587246158,2.8907549550075234e-13,0.19036555872490488,True,True
71,16,0.019283443689346313,0.001,True,True,True,0.014051371950130731,True,0.164604064176068,2.896355232383862e-13,0.16460406417635762,True,True
71,17,0.018039852380752563,0.001,True,True,True,0.015055215856429882,True,8.613820767777725e-11,2.901505093813886e-13,8.642835818715864e-11,True,True
71,18,0.01564013585448265,0.001,True,True,True,0.019091980567999767,True,8.872547141436371e-11,2.9134674884340416e-13,8.901681816320711e-11,True,True
71,19,0.013803482055664062,0.001,True,True,True,0.019202982422335535,True,1.5832135602522612e-10,2.9173307189277935e-13,1.586130890971189e-10,True,True
71,20,0.011940978467464447,0.001,True,True,True,0.01990870682409307,True,1.9614176949289686e-10,6.120787436552744e-14,1.9620297736726239e-10,True,True
72,1,0.0216076597571373,0.001,True,True,True,0.02673763729103762,True,0.20037753780663342,1.3243750623970948e-15,0.20037753780663475,True,True
72,2,0.02242215722799301,0.001,True,True,True,0.03113594857710389,True,0.20908497281414362,1.3213173245861443e-15,0.20908497281414495,True,True
72,3,0.023470457643270493,0.001,True,True,True,0.03431197072650505,True,0.20893179517117488,1.3190269511785907e-15,0.20893179517117622,True,True
72,4,0.02344495803117752,0.001,True,True,True,0.008935306823923739,True,0.19166657229552708,1.3178819064843677e-15,0.1916665722955284,True,True
72,5,0.02292224019765854,0.001,True,True,True,0.0073982606382962945,True,0.15119605535615976,1.3179773115952289e-15,0.15119605535616107,True,True
72,6,0.022155731916427612,0.001,True,True,True,0.006245674461967554,True,0.09203167050309435,1.3178611410052276e-15,0.09203167050309567,True,True
72,7,0.02123657613992691,0.001,True,True,True,0.00539905028262011,True,0.023747398226552363,1.316750179123458e-15,0.02374739822655368,True,True
72,8,0.02040412276983261,0.001,True,True,True,0.0046738904022254335,True,1.0658141036401503e-14,1.3199760311791582e-15,1.1978117067580661e-14,True,True
72,9,0.02006988227367401,0.001,True,True,True,0.0037055972304035345,True,0.0028460472117215474,1.312494825608585e-15,0.0028460472117228597,True,True
72,10,0.020241424441337585,0.001,True,True,True,0.0027213288025218496,True,1.3145040611561853e-13,1.324741880820263e-15,1.327751479964388e-13,True,True
72,11,0.01937689632177353,0.001,True,True,True,0.03214068014211602,True,0.008693347842053,1.3293005234597787e-15,0.00869334784205433,True,True
72,12,0.014266282320022583,0.001,True,True,True,0.03448829536441422,True,0.20000000280747443,1.3246811178962317e-15,0.20000000280747576,True,True
72,13,0.013107086531817913,0.001,True,True,True,0.038059834296864214,True,0.19999999575479763,1.3246811233318241e-15,0.19999999575479896,True,True
72,14,0.014064941555261612,0.001,True,True,True,0.0061465698971249205,True,0.1296175257399117,1.3247314879824909e-15,0.12961752573991303,True,True
72,15,0.014542259275913239,0.001,True,True,True,0.008493440884572157,True,0.19228064614893192,1.3139448899941034e-15,0.19228064614893323,True,True
72,16,0.01508241519331932,0.001,True,True,True,0.010811797045524818,True,0.17309304249507917,1.3530731069013914e-15,0.17309304249508053,True,True
72,17,0.015598724596202374,0.001,True,True,True,0.007572344848285617,True,8.348877145181177e-13,1.3171403165621551e-15,8.362048548346798e-13,True,True
72,18,0.017655320465564728,0.001,True,True,True,0.014691094787378844,True,0.06780765694952429,1.3190911411106882e-15,0.0678076569495256,True,True
72,19,0.018152043223381042,0.001,True,True,True,0.014502455487785726,True,6.41597885930878e-13,1.3237806176670215e-15,6.42921666548545e-13,True,True
72,20,0.016160473227500916,0.001,True,True,True,0.0199446116585017,True,2.7426949600339867e-12,3.577026342206991e-16,2.7430526626682073e-12,True,True
73,1,0.019292272627353668,0.001,True,True,True,0.016231481766143085,True,0.19999995354309852,5.864793594425414e-14,0.19999995354315717,True,True
73,2,0.014714624732732773,0.001,True,True,True,0.0153560218366956,True,0.1874877157363799,5.864361197543502e-14,0.18748771573643855,True,True
73,3,0.011209189891815186,0.001,True,True,True,0.015117848328894845,True,0.10890946827998071,5.858147111260734e-14,0.10890946828003929,True,True
73,4,0.008800696581602097,0.001,True,True,True,0.01486386729517819,True,0.1342775900709441,5.851708825117589e-14,0.1342775900710026,True,True
73,5,0.007651101797819138,0.001,True,True,True,0.014207757104246044,True,0.12247754413464307,5.85129764633156e-14,0.12247754413470158,True,True
73,6,0.007124271243810654,0.001,True,True,True,0.013321913791353945,True,0.07303072732912952,5.850476916884387e-14,0.07303072732918803,True,True
73,7,0.0064625367522239685,0.001,True,True,True,0.012394163766530686,True,0.018551257660099907,5.848296486610628e-14,0.01855125766015839,True,True
73,8,0.0049606263637542725,0.001,True,True,True,0.011528726761598218,True,5.994920115881541e-10,5.850655594093525e-14,5.995505181440951e-10,True,True
73,9,0.003429420292377472,0.001,True,True,True,0.011086896388923573,True,0.01802925423564261,5.852285502347055e-14,0.018029254235701134,True,True
73,10,0.0028777942061424255,0.001,True,True,True,0.010717278246660022,True,2.3251089942277758e-10,5.846978223811331e-14,2.325693692050157e-10,True,True
73,11,0.003468528389930725,0.001,True,True,True,0.012188038382289768,True,0.07193462997089028,5.832491544740245e-14,0.07193462997094861,True,True
73,12,0.005308710038661957,0.001,True,False,False,0.0130590048362621,True,,,,,
73,13,0.007055148482322693,0.001,True,True,True,0.013645791185517342,True,0.44025926647371705,5.840938682562889e-14,0.44025926647377545,True,True
73,14,0.00833913218230009,0.001,True,True,True,0.010535755177697448,True,0.3158204507049813,5.853861367582591e-14,0.3158204507050399,True,True
73,15,0.007244634907692671,0.001,True,False,False,7.489897591028694e-12,True,,,,,
73,16,0.010176025331020355,0.001,True,False,False,0.002087725303880461,True,,,,,
73,17,0.013985037803649902,0.001,True,False,False,0.02068047501694603,True,,,,,
73,18,0.011500220745801926,0.001,True,True,True,0.022117947626671963,True,9.254264021762992e-11,6.029983919037873e-14,9.26029400568203e-11,True,True
73,19,0.010226689279079437,0.001,True,True,True,0.01095158477115743,True,4.659455044020433e-10,5.844810000532183e-14,4.660039525020486e-10,True,True
73,20,0.008828569203615189,0.001,True,True,True,0.011507214992414472,True,1.0906120451181778e-10,2.233600484231644e-14,1.0908354051666009e-10,True,True
74,1,0.017638489603996277,0.001,True,True,True,0.015297035262724079,True,0.2021143202853829,2.2069158572344753e-16,0.20211432028538312,True,True
74,2,0.01631031557917595,0.001,True,True,True,0.013721211885016293,True,0.20310387146678188,2.2077656700755579e-16,0.2031038714667821,True,True
74,3,0.015373595058918,0.001,True,True,True,0.012190646562049823,True,0.17189872250041738,2.2079573172080692e-16,0.1718987225004176,True,True
74,4,0.01457720622420311,0.001,True,True,True,0.010851342123681773,True,0.1241269063827879,2.2062488303747966e-16,0.12412690638278812,True,True
74,5,0.013918530195951462,0.001,True,True,True,0.009645525954087075,True,0.07104825675101267,2.20583104528286e-16,0.0710482567510129,True,True
74,6,0.013393346220254898,0.001,True,True,True,0.008509825381478264,True,0.021875136091434655,2.2063568449596162e-16,0.021875136091434877,True,True
74,7,0.01296209916472435,0.001,True,True,True,0.007330344768642916,True,1.0658141036401503e-13,2.211679850788056e-16,1.0680257834909383e-13,True,True
74,8,0.012998566031455994,0.001,True,True,True,0.006076287454784723,True,3.552713678800501e-15,2.2093186184653157e-16,3.7736455406470325e-15,True,True
74,9,0.014007531106472015,0.001,True,True,True,0.00474281715845104,True,3.2630929069910053e-09,2.2058011407836918e-16,3.263093127571119e-09,True,True
74,10,0.013887456618249416,0.001,True,True,True,0.04377539419495757,True,0.440770342137462,2.2059444099026487e-16,0.44077034213746225,True,True
74,11,0.01462952047586441,0.001,True,True,True,0.003003101374102757,True,0.0665957583432899,2.2095905481801582e-16,0.06659575834329012,True,True
74,12,0.014196179807186127,0.001,True,True,True,0.0032642799870130634,True,0.19311718218191154,2.2005537069333213e-16,0.19311718218191176,True,True
74,13,0.014358766376972198,0.001,True,False,False,0.0039843600525851786,True,,,,,
74,14,0.011566180735826492,0.001,True,True,True,0.008919837428723154,True,0.1821154668596785,2.2219965614038403e-16,0.18211546685967872,True,True
74,15,0.0010062195360660553,0.001,True,True,True,0.007874201797669289,True,3.0411229090532288e-12,2.207044865919716e-16,3.0413436135398207e-12,True,True
74,16,0.003178417682647705,0.001,True,True,True,0.009784376485056479,True,2.085442929455894e-11,2.2337012432453893e-16,2.0854652664683264e-11,True,True
74,17,0.005876187235116959,0.001,True,True,True,0.011363920770262492,True,0.03450242388102964,2.2031986313227046e-16,0.034502423881029864,True,True
74,18,0.007996197789907455,0.001,True,True,True,0.012394392838714907,True,1.1723955140041653e-13,2.2296795329029005e-16,1.1746251935370682e-13,True,True
74,19,0.007997795939445496,0.001,True,True,True,0.01203619669945244,True,0.021755210823609872,2.2070245755493604e-16,0.021755210823610094,True,True
74,20,0.008924383670091629,0.001,True,True,True,0.012774102718569269,True,2.575717417130363e-13,5.668798679632868e-17,2.576284296998326e-13,True,True
75,1,0.01650002971291542,0.001,True,True,True,0.014401812957564153,True,0.199998610937175,8.22989908858735e-12,0.1999986109454049,True,True
75,2,0.01477888971567154,0.001,True,True,True,0.013709928147244477,True,0.19854473385735694,8.21811786373232e-12,0.19854473386557506,True,True
75,3,0.01303352415561676,0.001,True,True,True,0.013216123644055444,True,0.19631545803704853,8.214307662798113e-12,0.19631545804526285,True,True
75,4,0.011420879513025284,0.001,True,True,True,0.01262806081007306,True,0.22179989622467033,8.222931093746042e-12,0.22179989623289326,True,True
75,5,0.009996466338634491,0.001,True,True,True,0.011810935370011433,True,0.25654090119853024,8.232782414458738e-12,0.25654090120676304,True,True
75,6,0.008646808564662933,0.001,True,True,True,0.010772226163898835,True,0.23814672252708036,8.286064292107619e-12,0.23814672253536642,True,True
75,7,0.0069182999432086945,0.001,True,True,True,0.010070067312786146,True,0.1793329491504494,8.23690071313879e-12,0.1793329491586863,True,True
75,8,0.004354402422904968,0.001,True,True,True,0.010378782310164203,True,1.4245188140193932e-08,8.202961823652128e-12,1.4253391102017584e-08,True,True
75,9,0.0026092305779457092,0.001,True,True,True,0.009732057762214974,True,0.1799730747734145,8.2190894109091e-12,0.1799730747816336,True,True
75,10,0.0018573403358459473,0.001,True,True,True,0.009313597485799074,True,0.08239717326561902,8.199008864053409e-12,0.08239717327381803,True,True
75,11,0.0032821372151374817,0.001,True,False,False,0.009163065052037234,True,,,,,
75,12,0.0045457035303115845,0.001,True,True,True,0.009313171640269347,True,0.36429808359255134,8.211945914079345e-12,0.36429808360076327,True,True
75,13,0.005399949848651886,0.001,True,True,True,0.009934064321682756,True,0.42727071887528467,8.187653396003771e-12,0.42727071888347234,True,True
75,14,0.006112284958362579,0.001,True,True,True,0.011079148300759956,True,0.799746012245091,8.221587095429708e-12,0.7997460122533125,True,True
75,15,0.00670231506228447,0.001,True,False,False,0.012976435904684669,True,,,,,
75,16,0.008185788989067078,0.001,True,True,True,0.015129194508340937,True,2.003139520923014e-08,8.218101214271065e-12,2.0039613310444413e-08,True,True
75,17,0.009304903447628021,0.001,True,True,True,0.015626941931672356,True,0.03738891756639795,8.256895515745608e-12,0.037388917574654845,True,True
75,18,0.009402483701705933,0.001,True,True,True,0.016754573927931782,True,2.753021988155524e-08,8.219834156427699e-12,2.7538439715711668e-08,True,True
75,19,0.011863961815834045,0.001,True,True,True,0.013547180335600428,True,0.03940714965063563,8.30585761500257e-12,0.03940714965894149,True,True
75,20,0.011896863579750061,0.001,True,True,True,0.013658037679121549,True,2.1652475368227897e-09,3.1576174959616245e-12,2.1684051543187514e-09,True,True
76,1,0.015528075397014618,0.001,True,True,True,0.012338331212422116,True,0.19995795403564642,6.66042873234771e-16,0.1999579540356471,True,True
76,2,0.014748364686965942,0.001,True,True,True,0.010362829298462883,True,0.1824666984367903,6.630585199262435e-16,0.18246669843679098,True,True
76,3,0.014168266206979752,0.001,True,True,True,0.008579467047657774,True,0.13329381297812493,6.622866931206807e-16,0.1332938129781256,True,True
76,4,0.013645689934492111,0.001,True,True,True,0.0071443460643801915,True,0.11678634342679306,6.631051407545296e-16,0.11678634342679373,True,True
76,5,0.013176552951335907,0.001,True,True,True,0.006098237111480276,True,0.19933458131426407,6.660089876113411e-16,0.19933458131426474,True,True
76,6,0.012539878487586975,0.001,True,False,False,0.005530478421241547,True,,,,,
76,7,0.010409925132989883,0.001,True,True,True,0.005075050416333382,True,0.08396159361920041,6.611019233422941e-16,0.08396159361920108,True,True
76,8,0.010360166430473328,0.001,True,True,True,0.004690945129066093,True,3.552713678800501e-14,6.613422678505562e-16,3.6188479055855565e-14,True,True
76,9,0.00900227203965187,0.001,True,True,True,0.005764420787608748,True,9.039009754019389e-07,6.610176901979649e-16,9.039009760629567e-07,True,True
76,10,0.009142927825450897,0.001,True,True,True,0.007009488064126934,True,1.3500311979441904e-13,6.638827410303521e-16,1.356670025354494e-13,True,True
76,11,0.010964840650558472,0.001,True,True,True,0.008653534467143231,True,0.20046648662954492,6.646161810122466e-16,0.20046648662954558,True,True
76,12,0.011334553360939026,0.001,True,True,True,0.010956289980421974,True,0.20000000298023224,6.658231950828656e-16,0.2000000029802329,True,True
76,13,0.011422917246818542,0.001,True,True,True,0.013868568727220754,True,0.20000000298023224,6.658231950828656e-16,0.2000000029802329,True,True
76,14,0.011561442166566849,0.001,True,True,True,0.017421085301619454,True,0.07199748339785472,6.600138699170429e-16,0.07199748339785539,True,True
76,15,0.008713509887456894,0.001,True,True,True,0.006771907924019049,True,0.5503733286861063,6.60173775259562e-16,0.550373328686107,True,True
76,16,0.013575568795204163,0.001,True,True,True,0.0037387908374671985,True,0.18695672616052583,6.727660255877755e-16,0.1869567261605265,True,True
76,17,0.014190077781677246,0.001,True,True,True,0.003109601146914831,True,0.10066731012801,6.648830908620894e-16,0.10066731012801067,True,True
76,18,0.01441652700304985,0.001,True,True,True,0.0021609204262982296,True,0.11136969557708554,6.604828598790569e-16,0.1113696955770862,True,True
76,19,0.014077533036470413,0.001,True,True,True,0.002597934051864481,True,0.05002615057383508,6.773719941396058e-16,0.05002615057383576,True,True
76,20,0.015047401189804077,0.001,True,True,True,0.0035694171176583467,True,1.2256862191861728e-13,1.9749902245276492e-16,1.2276612094107005e-13,True,True
77,1,0.013764452189207077,0.001,True,True,True,0.009984387476318357,True,0.19286545513220865,7.62148439874072e-16,0.1928654551322094,True,True
77,2,0.012304380536079407,0.001,True,True,True,0.007869209163162805,True,0.12197005601965927,7.62431144172256e-16,0.12197005601966003,True,True
77,3,0.011446703225374222,0.001,True,True,True,0.006151464732761847,True,0.03848250370275608,7.627667850965449e-16,0.03848250370275684,True,True
77,4,0.011590708047151566,0.001,True,True,True,0.004675939409170327,True,1.0160761121369433e-12,7.629421632862069e-16,1.0168390543002295e-12,True,True
77,5,0.013001453131437302,0.001,True,True,True,0.0033283423373633436,True,0.003160224937298395,7.618733364803757e-16,0.003160224937299157,True,True
77,6,0.014878988265991211,0.001,True,True,True,0.0022249347488486615,True,0.036723096959809354,7.644708781342156e-16,0.03672309695981012,True,True
77,7,0.011853508651256561,0.001,True,True,True,0.0013157253690193604,True,0.11272927868961613,7.603434370822648e-16,0.1127292786896169,True,True
77,8,0.014477934688329697,0.001,True,True,True,0.0004330384037450896,True,0.11782188965977625,7.631396057601906e-16,0.11782188965977701,True,True
77,9,0.012834444642066956,0.001,True,True,True,3.128608483393691e-13,True,0.16818240114785987,7.642470687345617e-16,0.16818240114786065,True,True
77,10,0.012436628341674805,0.001,True,True,True,0.026615466332931992,True,0.02398648682547666,7.595077582729768e-16,0.02398648682547742,True,True
77,11,0.001617208938114345,0.001,True,False,False,0.024608659346772477,True,,,,,
77,12,0.0011286847293376923,0.001,True,True,True,0.016355834177351092,True,0.0,7.613578939462055e-16,7.613578939462055e-16,True,True
77,13,0.0008917041122913361,0.001,False,True,False,0.01621536580320182,True,,,,,
77,14,0.0017095394432544708,0.001,True,True,True,0.015951049259414263,True,0.1319210285647756,7.616846603857444e-16,0.13192102856477636,True,True
77,15,0.0052747949957847595,0.001,True,False,False,0.0159208859427451,True,,,,,
77,16,0.00497208908200264,0.001,True,True,True,0.015285869497035476,True,3.439026841078885e-12,7.60534044394826e-16,3.4397873751232797e-12,True,True
77,17,0.004732690751552582,0.001,True,True,True,0.014017214219185004,True,1.4210854715202004e-14,7.635435060204073e-16,1.497439822122241e-14,True,True
77,18,0.004070967435836792,0.001,True,True,True,0.013466019360391268,True,0.057667540880188994,7.657366105091895e-16,0.05766754088018976,True,True
77,19,0.0038296058773994446,0.001,True,True,True,0.01358999034767705,True,0.07419121121500893,7.847967640943508e-16,0.07419121121500973,True,True
77,20,0.004365846514701843,0.001,True,True,True,0.014090277972973242,True,8.908007735897172e-06,1.457760559483959e-16,8.908007736042948e-06,True,True
78,1,0.011336598545312881,0.001,True,True,True,0.009361926865666836,True,0.19440649119773745,2.895760027992646e-15,0.19440649119774034,True,True
78,2,0.008968040347099304,0.001,True,True,True,0.00862917820768816,True,0.15370652349446345,2.886501836947209e-15,0.15370652349446634,True,True
78,3,0.006898295134305954,0.001,True,True,True,0.00792719435135536,True,0.08565990334864892,2.8977752118543095e-15,0.08565990334865183,True,True
78,4,0.004886608570814133,0.001,True,True,True,0.007442803923226049,True,3.5574032608565176e-10,2.8887313774723244e-15,3.5574321481702926e-10,True,True
78,5,0.0028539784252643585,0.001,True,True,True,0.007206738874813601,True,1.5759837879159022e-11,2.8935841433586313e-15,1.576273146330238e-11,True,True
78,6,0.0008650533854961395,0.001,False,True,False,0.007059837293253546,True,,,,,
78,7,0.0010083839297294617,0.001,True,True,True,0.00696773912447779,True,0.08506056015106367,2.8882197201710624e-15,0.08506056015106656,True,True
78,8,-0.0003625527024269104,0.001,False,False,False,0.007122549415292667,True,,,,,
78,9,-2.8606504201889038e-05,0.001,False,True,False,0.007663597587896143,True,,,,,
78,10,0.00026152655482292175,0.001,False,True,False,0.008140636156780623,True,,,,,
78,11,0.000427931547164917,0.001,False,True,False,0.008720896093215247,True,,,,,
78,12,0.0005933046340942383,0.001,False,True,False,0.009345173351312352,True,,,,,
78,13,0.0005595609545707703,0.001,False,True,False,0.009655317165181643,True,,,,,
78,14,-7.088109850883484e-05,0.001,False,True,False,0.009502466359155637,True,,,,,
78,15,-0.0022690147161483765,0.001,False,True,False,0.0081599242422703,True,,,,,
78,16,-0.0021087229251861572,0.001,False,True,False,0.011501712408530707,True,,,,,
78,17,0.008679013699293137,0.001,True,True,True,0.02320327134972544,True,0.2784019116301657,2.8920601959301868e-15,0.2784019116301686,True,True
78,18,0.015560630708932877,0.001,True,True,True,0.001946100922445626,True,5.293543381412746e-13,2.9590653858854153e-15,5.323134035271601e-13,True,True
78,19,0.014425791800022125,0.001,True,True,True,0.028934910365691957,True,0.011304324944528155,2.8975625723150173e-15,0.011304324944531052,True,True
78,20,0.003180563682690263,0.001,True,True,True,0.024929931105913905,True,2.289723965986923e-12,4.0712147240191494e-16,2.2901310874593246e-12,True,True
79,1,0.010541226714849472,0.001,True,True,True,0.009224451594104344,True,0.1626113473440851,3.4444496418877215e-16,0.16261134734408544,True,True
79,2,0.009639855474233627,0.001,True,True,True,0.009373507441318929,True,0.02806617678584189,3.44185080342188e-16,0.028066176785842233,True,True
79,3,0.0087994784116745,0.001,True,True,True,0.009564261726363932,True,8.313350008393172e-13,3.442419701527928e-16,8.3167924280947e-13,True,True
79,4,0.008007340133190155,0.001,True,True,True,0.009494808585865822,True,9.336531547887716e-12,3.442919783970618e-16,9.336875839866113e-12,True,True
79,5,0.0073607563972473145,0.001,True,True,True,0.009596812610768723,True,4.831690603168681e-13,3.445559571620399e-16,4.835136162740302e-13,True,True
79,6,0.006865616887807846,0.001,True,True,True,0.009973382536868525,True,9.166001291305292e-13,3.4443079682706163e-16,9.169445599273564e-13,True,True
79,7,0.00766407698392868,0.001,True,True,True,0.010812741847491147,True,0.08980951657289182,3.4411829718993395e-16,0.08980951657289217,True,True
79,8,0.007461275905370712,0.001,True,True,True,0.012084766989992834,True,0.3584325268343491,3.440005090182555e-16,0.35843252683434945,True,True
79,9,0.00836121290922165,0.001,True,False,False,0.013680905875565808,True,,,,,
79,10,0.00904274731874466,0.001,True,False,False,0.015514277528991816,True,,,,,
79,11,0.00594678521156311,0.001,True,True,True,0.0021727883138359383,True,3.808509063674137e-12,3.442521431508584e-16,3.808853315817288e-12,True,True
79,12,0.007387172430753708,0.001,True,False,False,0.002468758010064964,True,,,,,
79,13,0.008389286696910858,0.001,True,True,True,0.0028414092212974973,True,1.6484591469634324e-12,3.4463539971777087e-16,1.6488037823631502e-12,True,True
79,14,0.008416716009378433,0.001,True,True,True,0.0034773851256640897,True,0.0018373305734993295,3.4365386111301023e-16,0.0018373305734996732,True,True
79,15,0.007444895803928375,0.001,True,True,True,0.005108844592408346,True,4.121147867408581e-13,3.444273582350843e-16,4.124592140990932e-13,True,True
79,16,0.005772862583398819,0.001,True,True,True,0.005668582416905044,True,0.3626735271234196,3.4415496607190476e-16,0.36267352712341994,True,True
79,17,0.004484254866838455,0.001,True,True,True,0.007690942253742672,True,1.0089706847793423e-12,3.440395453253192e-16,1.0093147243246676e-12,True,True
79,18,0.002934880554676056,0.001,True,True,True,0.011892317770399341,True,0.17303268124977933,3.4387960558250717e-16,0.17303268124977966,True,True
79,19,0.0031685084104537964,0.001,True,True,True,0.016988698809821567,True,0.1469512957496164,3.458505832692847e-16,0.14695129574961674,True,True
79,20,0.004716821014881134,0.001,True,True,True,0.02137331077710891,True,2.948752353404416e-13,5.710820551365039e-17,2.949323435459552e-13,True,True
80,1,0.010325875133275986,0.001,True,True,True,0.008472089452034592,True,0.2087485552819892,4.682016262478562e-15,0.2087485552819939,True,True
80,2,0.010184019804000854,0.001,True,True,True,0.007719682237695147,True,0.1446883027742487,4.680208166043986e-15,0.1446883027742534,True,True
80,3,0.010056070983409882,0.001,True,True,True,0.00719739636290373,True,0.07963755957118224,4.680643821779531e-15,0.07963755957118691,True,True
80,4,0.0100766122341156,0.001,True,True,True,0.006621002957047484,True,0.04737142322996135,4.680697259230276e-15,0.047371423229966035,True,True
80,5,0.010339774191379547,0.001,True,True,True,0.005998902652117333,True,0.009200948950109478,4.68446446740409e-15,0.009200948950114161,True,True
80,6,0.010930642485618591,0.001,True,True,True,0.0053236339966297175,True,1.8260948309034575e-12,4.70165300631126e-15,1.8307964839097686e-12,True,True
80,7,0.011234670877456665,0.001,True,True,True,0.004450388127541394,True,0.15248783955203038,4.672060058444245e-15,0.15248783955203504,True,True
80,8,0.007260275073349476,0.001,True,False,False,0.02781685042094284,True,,,,,
80,9,-0.002129770815372467,0.001,False,True,False,0.022184938150602185,True,,,,,
80,10,-0.001853160560131073,0.001,False,True,False,0.015029688195361213,True,,,,,
80,11,0.0024508535861968994,0.001,True,False,False,0.014472246067733008,True,,,,,
80,12,0.0022085830569267273,0.001,True,True,True,0.013051459729480852,True,0.4185103642661261,4.6738234021989214e-15,0.41851036426613075,True,True
80,13,0.0026193708181381226,0.001,True,True,True,0.011310480519479138,True,0.2356762911424113,4.701104290027853e-15,0.23567629114241598,True,True
80,14,0.0027570202946662903,0.001,True,True,True,0.00969010473814369,True,0.06659565945113854,4.67078772427835e-15,0.06659565945114322,True,True
80,15,0.002869121730327606,0.001,True,True,True,0.008824733978931576,True,0.04167804157178523,4.701906935557699e-15,0.041678041571789934,True,True
80,16,0.0032216906547546387,0.001,True,True,True,0.00868660840598956,True,8.327560863108374e-12,4.681670143465855e-15,8.33224253325184e-12,True,True
80,17,0.00391894206404686,0.001,True,True,True,0.00976033346674221,True,8.064660050877137e-12,4.688317988872962e-15,8.06934836886601e-12,True,True
80,18,0.003022292396053672,0.001,True,True,True,0.0179884498905849,True,0.2114658790205972,4.6811325212273444e-15,0.2114658790206019,True,True
80,19,-0.008033543825149536,0.001,False,True,False,0.011634150090370832,True,,,,,
80,20,-0.01838049292564392,0.001,False,True,False,0.005022284458060189,True,,,,,
81,1,0.009634152054786682,0.001,True,True,True,0.007903311371156518,True,0.20000137545351623,7.491680447968266e-14,0.20000137545359115,True,True
81,2,0.008515402674674988,0.001,True,True,True,0.007335809575935159,True,0.20000000298023224,7.491533096186648e-14,0.20000000298030715,True,True
81,3,0.007506716996431351,0.001,True,True,True,0.00687974868339003,True,0.24151881781691742,7.482018813590891e-14,0.24151881781699225,True,True
81,4,0.006057277321815491,0.001,True,True,True,0.006803833335635168,True,0.03572074312606155,7.484514236020374e-14,0.03572074312613639,True,True
81,5,0.00491362065076828,0.001,True,True,True,0.00728792567249037,True,0.0426096448133606,7.480433941932102e-14,0.042609644813435404,True,True
81,6,0.0033278241753578186,0.001,True,True,True,0.008291582728187197,True,4.871196779276943e-10,7.47850775735714e-14,4.871944630052679e-10,True,True
81,7,0.001211613416671753,0.001,True,True,True,0.008270700715714896,True,3.816126081801485e-09,7.477641470753852e-14,3.816200858216193e-09,True,True
81,8,0.0016883090138435364,0.001,True,True,True,0.008233861312730406,True,0.20396749366994982,7.473161635210776e-14,0.20396749367002454,True,True
81,9,0.0013380572199821472,0.001,True,True,True,0.008936098350594168,True,0.12835226503086972,7.476209173486895e-14,0.1283522650309445,True,True
81,10,0.0012430660426616669,0.001,True,True,True,0.010698684783945422,True,9.943157408542902e-11,7.494308516932244e-14,9.950651717059834e-11,True,True
81,11,0.00036138296127319336,0.001,False,True,False,0.010240835633641199,True,,,,,
81,12,-0.0009795762598514557,0.001,False,True,False,0.008374374451842526,True,,,,,
81,13,-0.0034877806901931763,0.001,False,True,False,0.013022656635711893,True,,,,,
81,14,0.008182356134057045,0.001,True,True,True,0.03147779712160048,True,0.492069757115301,7.481056329549848e-14,0.4920697571153758,True,True
81,15,0.009001269936561584,0.001,True,True,True,0.013677926361817194,True,0.0005514272106381668,7.606189161261787e-14,0.0005514272107142287,True,True
81,16,0.006633952260017395,0.001,True,True,True,0.01659822863734539,True,0.005403097913060151,7.489190100491017e-14,0.005403097913135042,True,True
81,17,0.0056097619235515594,0.001,True,True,True,0.020030292236741798,True,0.0555584457380931,7.472739113154416e-14,0.05555844573816782,True,True
81,18,0.0077356621623039246,0.001,True,True,True,0.02249002640429576,True,1.9454660105111543e-11,7.503618559383101e-14,1.9529696290705374e-11,True,True
81,19,0.010955404490232468,0.001,True,True,True,0.026234862185922414,True,2.872901916362025e-11,7.6310347184371e-14,2.880532951080462e-11,True,True
81,20,0.013787297531962395,0.001,True,True,True,0.02026850031197036,True,1.3523759889721987e-10,1.8100285658325913e-14,1.352556991828782e-10,True,True
82,1,0.008956611156463623,0.001,True,True,True,0.007287702841539123,True,0.20000000298023224,1.1958940942874418e-14,0.2000000029802442,True,True
82,2,0.008408717811107635,0.001,True,True,True,0.007085789515436924,True,1.1355005824498221e-10,1.192129382059687e-14,1.1356197953880281e-10,True,True
82,3,0.00786145031452179,0.001,True,True,True,0.006962759766888871,True,0.20000000298023224,1.195894094288179e-14,0.2000000029802442,True,True
82,4,0.007513698190450668,0.001,True,True,True,0.0070273262451979734,True,0.17812399367561937,1.191456380764361e-14,0.17812399367563128,True,True
82,5,0.007628165185451508,0.001,True,True,True,0.007326858901384403,True,0.13158127558637034,1.1914912980517069e-14,0.13158127558638225,True,True
82,6,0.006851702928543091,0.001,True,True,True,0.007840507527509977,True,0.06698157472851562,1.190891090305919e-14,0.06698157472852753,True,True
82,7,0.008554894477128983,0.001,True,True,True,0.009819785204261522,True,0.28888806391950794,1.1918944518478971e-14,0.2888880639195199,True,True
82,8,0.009297218173742294,0.001,True,True,True,0.013186388439251906,True,0.23247894983580863,1.1914885842050042e-14,0.23247894983582054,True,True
82,9,0.009898103773593903,0.001,True,True,True,0.016916947028152718,True,0.30341071069004144,1.1888726363174095e-14,0.3034107106900533,True,True
82,10,0.01099657267332077,0.001,True,True,True,0.020763134358751545,True,1.5172030298771233e-09,1.1932782117574957e-14,1.5172149626592409e-09,True,True
82,11,0.010865550488233566,0.001,True,True,True,0.02082890813476057,True,0.1359707397931409,1.1914701050784924e-14,0.1359707397931528,True,True
82,12,0.010196581482887268,0.001,True,True,True,0.02067982844881122,True,1.375610736431554e-11,1.1949534825438263e-14,1.3768056899140979e-11,True,True
82,13,0.012314528226852417,0.001,True,True,True,0.0006113182820406404,True,0.32418312228430324,1.193191502484929e-14,0.3241831222843152,True,True
82,14,0.010967276990413666,0.001,True,True,True,2.502442697505103e-13,True,1.0553335982876888e-11,1.2015847068807609e-14,1.0565351829945695e-11,True,True
82,15,0.009459988214075565,0.001,True,True,True,0.030748807394306077,True,0.09192839125530128,1.1890842747348192e-14,0.09192839125531317,True,True
82,16,0.004870498552918434,0.001,True,True,True,0.030693666799538444,True,0.03653517010307894,1.1893029970894476e-14,0.03653517010309083,True,True
82,17,0.005391809623688459,0.001,True,True,True,0.030322534906623955,True,1.0353629065207315e-10,1.1927982391542745e-14,1.0354821863446469e-10,True,True
82,18,0.012686672620475292,0.001,True,True,True,0.02568303474243261,True,0.03647576680633602,1.2075931719809264e-14,0.03647576680634809,True,True
82,19,0.02023376151919365,0.001,True,True,True,0.025560395812655456,True,8.22986123694136e-12,1.2112401698580661e-14,8.241973638639942e-12,True,True
82,20,0.022683748975396156,0.001,True,True,True,0.023108096968600944,True,6.928679852080677e-12,2.734617710438381e-15,6.931414469791116e-12,True,True
83,1,0.008581925183534622,0.001,True,True,True,0.0066760212200741575,True,0.2065444835006751,3.993960566122987e-14,0.20654448350071505,True,True
83,2,0.008486315608024597,0.001,True,True,True,0.006250200575045217,True,0.05014115673029096,3.9935562724040327e-14,0.05014115673033089,True,True
83,3,0.009128883481025696,0.001,True,True,True,0.006100092891941689,True,0.1155620196480811,3.9950914103639734e-14,0.11556201964812106,True,True
83,4,0.008940145373344421,0.001,True,False,False,0.00609938101014651,True,,,,,
83,5,0.010456264019012451,0.001,True,True,True,0.006189639570023497,True,0.19598439895126418,3.993535622847273e-14,0.19598439895130412,True,True
83,6,0.009216586127877235,0.001,True,True,True,0.016696923754955018,True,0.20356575029183333,3.995787367962496e-14,0.2035657502918733,True,True
83,7,-0.001515612006187439,0.001,False,False,False,0.013811119188620213,True,,,,,
83,8,-0.00028304383158683777,0.001,False,True,False,0.013524008959027611,True,,,,,
83,9,0.001438930630683899,0.001,True,True,True,0.012588715241065307,True,0.7607034293872346,3.99356860950032e-14,0.7607034293872745,True,True
83,10,0.0034446492791175842,0.001,True,True,True,0.01106782251032179,True,0.2819543094024084,3.990158127415047e-14,0.2819543094024483,True,True
83,11,0.0038636326789855957,0.001,True,True,True,0.009393229771638034,True,0.11236130093385555,3.992194757257166e-14,0.11236130093389547,True,True
83,12,0.004018425941467285,0.001,True,True,True,0.0077809398582857625,True,5.225331278779777e-11,3.997159242017049e-14,5.229328438021794e-11,True,True
83,13,0.0019757598638534546,0.001,True,True,True,0.007252992611723963,True,0.09326734332387332,4.000343984455903e-14,0.09326734332391333,True,True
83,14,0.00026875734329223633,0.001,False,True,False,0.008051155989146741,True,,,,,
83,15,-0.0003840625286102295,0.001,False,True,False,0.01007199482788479,True,,,,,
83,16,-0.00012546032667160034,0.001,False,True,False,0.012869783595455764,True,,,,,
83,17,0.0011854171752929688,0.001,True,True,True,0.016413456932287573,True,0.2509982456190478,3.9870483177296684e-14,0.2509982456190877,True,True
83,18,0.0030590035021305084,0.001,True,True,True,0.02041555115421889,True,0.32584082931893477,3.988551385878368e-14,0.3258408293189747,True,True
83,19,0.0056380704045295715,0.001,True,True,True,0.025603384858685185,True,0.14716989214387155,4.044458210806054e-14,0.147169892143912,True,True
83,20,0.008951667696237564,0.001,True,True,True,0.03221302201616927,True,1.0625456070556538e-10,1.227826498726455e-14,1.0626683897055264e-10,True,True
84,1,0.007919639348983765,0.001,True,True,True,0.006560992264380339,True,0.20000000298023224,1.639775657793047e-13,0.20000000298039622,True,True
84,2,0.007405661046504974,0.001,True,True,True,0.006956707691909814,True,0.046003669748628795,1.633911813101746e-13,0.046003669748792185,True,True
84,3,0.0059334710240364075,0.001,True,True,True,0.007715204398866526,True,0.20000000298023224,1.639775657792927e-13,0.20000000298039622,True,True
84,4,0.0070806704461574554,0.001,True,True,True,0.008415000830811259,True,0.25190259762507594,1.63201205867387e-13,0.25190259762523914,True,True
84,5,0.005920715630054474,0.001,True,False,False,0.009096376673417339,True,,,,,
84,6,0.006434403359889984,0.001,True,True,True,0.009826375680523913,True,0.33848833329005856,1.635018679433463e-13,0.33848833329022204,True,True
84,7,0.005524836480617523,0.001,True,True,True,0.010568608044316363,True,8.968630282879531e-10,1.6307609223362992e-13,8.970261043801867e-10,True,True
84,8,0.005475595593452454,0.001,True,True,True,0.011368820830126802,True,0.2115985141043666,1.6339829962670235e-13,0.21159851410452998,True,True
84,9,0.0050871483981609344,0.001,True,True,True,0.011838009546039308,True,0.24279758174944988,1.6289715239185445e-13,0.24279758174961277,True,True
84,10,0.0033556893467903137,0.001,True,True,True,0.01079954392243243,True,6.732227362249432e-07,1.6395816650989846e-13,6.732229001831097e-07,True,True
84,11,0.003977504558861256,0.001,True,True,True,0.025256717165424325,True,2.971380480854002,1.6325175982635248e-13,2.9713804808541653,True,True
84,12,0.01138770580291748,0.001,True,True,True,0.007898767547974694,True,0.07395434681776791,1.6378405209891133e-13,0.0739543468179317,True,True
84,13,0.00993308424949646,0.001,True,True,True,0.009083737061891806,True,4.509814743869356e-11,1.6451666887069798e-13,4.5262664107564254e-11,True,True
84,14,0.01111876592040062,0.001,True,True,True,0.010535214050011787,True,1.1239009722885385e-10,1.6416480926433418e-13,1.1255426203811818e-10,True,True
84,15,0.013106830418109894,0.001,True,True,True,0.012730444611756875,True,0.014414414435531597,1.6354595330037282e-13,0.014414414435695144,True,True
84,16,0.012183085083961487,0.001,True,True,True,0.024329531709493812,True,0.13343150332776377,1.6341284752446117e-13,0.1334315033279272,True,True
84,17,0.01146090216934681,0.001,True,True,True,0.03014364769052913,True,0.307773385582399,1.6313358536106177e-13,0.3077733855825621,True,True
84,18,0.016686882823705673,0.001,True,True,True,0.030682801176755703,True,0.19624583467753265,1.667494286135851e-13,0.1962458346776994,True,True
84,19,0.021946199238300323,0.001,True,True,True,0.033548255801750915,True,0.05739055849328878,1.782247585588137e-13,0.057390558493467005,True,True
84,20,0.025118369609117508,0.001,True,True,True,0.036820570626632576,True,7.132872070769736e-11,6.116426408283376e-14,7.13898849717802e-11,True,True
85,1,0.008031785488128662,0.001,True,True,True,0.007433582664380878,True,0.11264750146844449,3.529057183456973e-11,0.11264750150373506,True,True
85,2,0.00799119845032692,0.001,True,True,True,0.007877433078753326,True,0.10603118383188814,3.529425680858614e-11,0.1060311838671824,True,True
85,3,0.008129261434078217,0.001,True,True,True,0.008647940459363679,True,0.07973823569025029,3.5343718556879345e-11,0.079738235725594,True,True
85,4,0.009196225553750992,0.001,True,False,False,0.009741989243413407,True,,,,,
85,5,0.003805306740105152,0.001,True,True,True,0.00529122355119882,True,3.32212152898137e-07,3.529013556765974e-11,3.322474430337047e-07,True,True
85,6,0.005058745387941599,0.001,True,False,False,3.2015479156655147e-09,True,,,,,
85,7,0.007331967353820801,0.001,True,True,True,0.009375522809108583,True,0.31024156573007033,3.5263430981706215e-11,0.31024156576533374,True,True
85,8,0.0094316266477108,0.001,True,True,True,0.007667106528167822,True,0.1351070102035461,3.5261253682324785e-11,0.13510701023880736,True,True
85,9,0.010587170720100403,0.001,True,True,True,0.007262625498798969,True,0.09733029963858897,3.524612321390161e-11,0.0973302996738351,True,True
85,10,0.009968601167201996,0.001,True,True,True,0.008505082411689235,True,5.327265739651921e-08,3.5371244518664957e-11,5.3308028641037875e-08,True,True
85,11,0.008548244833946228,0.001,True,True,True,0.00794643941890727,True,0.08593165684933268,3.531840625324413e-11,0.08593165688465108,True,True
85,12,0.009164303541183472,0.001,True,True,True,0.00811451521122386,True,0.14443792634762076,3.5352763026336395e-11,0.14443792638297354,True,True
85,13,0.010644897818565369,0.001,True,True,True,0.008773255805571423,True,0.053930131532869297,3.532342511333358e-11,0.05393013156819272,True,True
85,14,0.012043226510286331,0.001,True,True,True,0.010440791627399526,True,1.0934005345575315e-07,3.532119221158294e-11,1.0937537464796474e-07,True,True
85,15,0.013849981129169464,0.001,True,True,True,0.012369539642597238,True,4.978465284466438e-08,3.535483131886209e-11,4.9820007675983244e-08,True,True
85,16,0.014715131372213364,0.001,True,True,True,0.014178771490883757,True,3.456653097089202e-08,3.5348231912048373e-11,3.4601879202804065e-08,True,True
85,17,0.014764610677957535,0.001,True,True,True,0.016220038187711894,True,0.18105578434961872,3.5351283508446077e-11,0.18105578438497,True,True
85,18,0.017689451575279236,0.001,True,True,True,0.01842001274150773,True,0.04548309699479702,3.5674325422227145e-11,0.04548309703047135,True,True
85,19,0.01994616538286209,0.001,True,True,True,0.020280402528238484,True,0.076968846454335,3.594825939757143e-11,0.07696884649028325,True,True
85,20,0.022141382098197937,0.001,True,True,True,0.07590442160225475,True,7.477619412554759e-08,6.271149496441547e-12,7.478246527504403e-08,True,True
86,1,0.008672751486301422,0.001,True,True,True,0.007999961835023828,True,0.24205002093800942,6.812739590085896e-15,0.24205002093801622,True,True
86,2,0.009332157671451569,0.001,True,True,True,0.008447366562594039,True,0.2258978467533339,6.811657398330653e-15,0.2258978467533407,True,True
86,3,0.009799495339393616,0.001,True,True,True,0.009084003463031065,True,0.2446432144555004,6.812221852370288e-15,0.2446432144555072,True,True
86,4,0.009358466602861881,0.001,True,True,True,0.01157279108587883,True,0.20000000297812212,6.8246767435206705e-15,0.20000000297812895,True,True
86,5,0.012239255011081696,0.001,True,True,True,0.009428817303628545,True,0.1992722574759327,6.818782155078235e-15,0.19927225747593952,True,True
86,6,0.010859772562980652,0.001,True,False,False,0.009949187293385675,True,,,,,
86,7,0.009933877736330032,0.001,True,False,False,0.009445736982303221,True,,,,,
86,8,0.009060833603143692,0.001,True,True,True,0.008759819208344122,True,0.12316128338378007,6.81125212663083e-15,0.12316128338378689,True,True
86,9,0.009223882108926773,0.001,True,True,True,0.008144580906985999,True,8.534062345688653e-12,6.821669016359548e-15,8.540884014705013e-12,True,True
86,10,0.009588494896888733,0.001,True,True,True,0.00709553076237901,True,0.07001327660681511,6.8120251719946045e-15,0.07001327660682193,True,True
86,11,0.009055376052856445,0.001,True,True,True,0.005445075291260704,True,0.00935773083426028,6.812127878558707e-15,0.009357730834267093,True,True
86,12,0.00909484550356865,0.001,True,True,True,0.0043319574559982366,True,4.144240506320784e-12,6.82156654788129e-15,4.151062072868666e-12,True,True
86,13,0.009711086750030518,0.001,True,True,True,0.003713504957294167,True,1.0164313835048233e-11,6.818236717901496e-15,1.0171132071766135e-11,True,True
86,14,0.011015217751264572,0.001,True,True,True,0.003472941686411324,True,0.09054326817664382,6.813981669210252e-15,0.09054326817665063,True,True
86,15,0.011684042401611805,0.001,True,True,True,0.033354901660089586,True,4.346745186012413e-11,6.815388995808239e-15,4.347426724911994e-11,True,True
86,16,0.008631412871181965,0.001,True,True,True,0.03180094693004398,True,1.8702284165783567e-10,6.8128017154017916e-15,1.8702965445955107e-10,True,True
86,17,0.004733152221888304,0.001,True,True,True,0.031136072786323465,True,7.774936250370956e-11,6.8137645770737414e-15,7.775617626828664e-11,True,True
86,18,-0.002743251621723175,0.001,False,True,False,0.02817610356093858,True,,,,,
86,19,-0.008464455604553223,0.001,False,True,False,0.02570975613930715,True,,,,,
86,20,-0.01213061809539795,0.001,False,True,False,0.02338970489859349,True,,,,,
87,1,0.009102270007133484,0.001,True,True,True,0.00821012604191329,True,0.20000000298023224,2.364965674053405e-11,0.2000000030038819,True,True
87,2,0.009418949484825134,0.001,True,True,True,0.008787398482960285,True,0.20000000298023224,2.364965674053359e-11,0.2000000030038819,True,True
87,3,0.00994904339313507,0.001,True,True,True,0.00998541768121508,True,0.20000000298023224,2.3649656740532815e-11,0.2000000030038819,True,True
87,4,0.010431826114654541,0.001,True,True,True,0.01074549646260281,True,0.18091243928063605,2.36540277673599e-11,0.18091243930429007,True,True
87,5,0.010880757123231888,0.001,True,True,True,0.011255804026104155,True,0.1934446923970262,2.3656689544868187e-11,0.19344469242068288,True,True
87,6,0.010373327881097794,0.001,True,True,True,0.004411053933302322,True,0.17189103622718716,2.3602172199140774e-11,0.17189103625078933,True,True
87,7,0.01048632338643074,0.001,True,True,True,0.006500876623221186,True,0.013054573046451523,2.3499788229710412e-11,0.013054573069951312,True,True
87,8,0.00995885580778122,0.001,True,True,True,0.008940030115683117,True,1.0643571446422584e-07,2.349275829349332e-11,1.0645920722251934e-07,True,True
87,9,0.00912601500749588,0.001,True,True,True,0.009967706433101187,True,2.2788441356169642e-08,2.3525726827651734e-11,2.2811967082997293e-08,True,True
87,10,0.0069280751049518585,0.001,True,True,True,0.00837894353716162,True,7.972455762228492e-08,2.394710319331901e-11,7.974850472547824e-08,True,True
87,11,0.004527948796749115,0.001,True,True,True,0.00850473449085798,True,0.024016696622197742,2.344848004680574e-11,0.02401669664564622,True,True
87,12,0.0022434070706367493,0.001,True,True,True,0.01106274674556762,True,0.23445522637595673,2.3387498978857787e-11,0.2344552263993442,True,True
87,13,-0.00013349950313568115,0.001,False,True,False,0.015290024827455007,True,,,,,
87,14,0.0009908899664878845,0.001,False,True,False,0.019417231345807084,True,,,,,
87,15,0.004204336553812027,0.001,True,True,True,0.024431373626919606,True,0.3193611080570946,2.3433320638694166e-11,0.3193611080805279,True,True
87,16,0.006625078618526459,0.001,True,True,True,0.029796603299548807,True,0.2041296135512205,2.345741623162823e-11,0.2041296135746779,True,True
87,17,0.00814967229962349,0.001,True,True,True,0.03595856247730267,True,0.06750546867176155,2.3563953540294855e-11,0.0675054686953255,True,True
87,18,0.010934658348560333,0.001,True,True,True,0.04327412611998527,True,4.836608979985613e-08,2.3569890326035904e-11,4.8389659690182164e-08,True,True
87,19,0.013978744857013226,0.001,True,True,True,0.05016197793038335,True,4.035183387429697e-08,2.5007877063536604e-11,4.037684175136051e-08,True,True
87,20,0.016841715201735497,0.001,True,True,True,0.05082608684412471,True,2.510273411360231e-08,8.578935722156229e-12,2.5111313049324465e-08,True,True
88,1,0.009295754134654999,0.001,True,True,True,0.008814193058614084,True,0.23752715799872348,7.881128126554506e-16,0.23752715799872426,True,True
88,2,0.009418920613825321,0.001,True,True,True,0.010036891648704471,True,0.2941368551359158,7.863629320673322e-16,0.2941368551359166,True,True
88,3,0.003388294717296958,0.001,True,True,True,0.005722743852177858,True,0.17026627704433395,7.860370347417776e-16,0.17026627704433472,True,True
88,4,0.006085307337343693,0.001,True,True,True,0.0017250103199104583,True,3.979039320256561e-12,7.867784431483833e-16,3.9798260986997094e-12,True,True
88,5,0.004540085792541504,0.001,True,True,True,0.008771949372658239,True,0.4892767763651875,7.866631915889602e-16,0.4892767763651883,True,True
88,6,0.005905728787183762,0.001,True,True,True,0.008344552618540946,True,0.210329826836805,7.857926726641324e-16,0.2103298268368058,True,True
88,7,0.007545061409473419,0.001,True,True,True,0.00819206818506868,True,0.14155494548619174,7.859347270370578e-16,0.14155494548619252,True,True
88,8,0.009622983634471893,0.001,True,True,True,0.008256420170722811,True,0.12663715419017052,7.868920396971154e-16,0.1266371541901713,True,True
88,9,0.010843206197023392,0.001,True,True,True,0.00741684206299742,True,4.9649173661237e-13,7.88049771999584e-16,4.972797863843696e-13,True,True
88,10,0.008405253291130066,0.001,True,True,True,0.005427405535455732,True,5.258016244624741e-13,7.876639403463193e-16,5.265892884028205e-13,True,True
88,11,0.0076400041580200195,0.001,True,True,True,0.0045410643915716475,True,8.313350008393172e-13,7.868282437898066e-16,8.32121829083107e-13,True,True
88,12,0.00860386248677969,0.001,True,True,True,0.027919436224646987,True,0.24924507224760717,7.859525050192715e-16,0.24924507224760795,True,True
88,13,0.002576264552772045,0.001,True,True,True,0.028640830365492476,True,0.23944869474080832,7.862304990909381e-16,0.2394486947408091,True,True
88,14,0.0018183881184086204,0.001,True,True,True,0.029302921894152734,True,0.30876072198799065,7.85952975591336e-16,0.3087607219879914,True,True
88,15,0.004687810782343149,0.001,True,True,True,0.028895948565159313,True,0.015210150783531162,7.866256086992211e-16,0.015210150783531948,True,True
88,16,0.01111521851271391,0.001,True,True,True,0.02774893828909364,True,0.12774289124882543,7.864927724173485e-16,0.1277428912488262,True,True
88,17,0.01936606876552105,0.001,True,True,True,0.0583256424453914,True,0.3829905904114508,7.854712762350859e-16,0.38299059041145156,True,True
88,18,0.013281214982271194,0.001,True,True,True,0.052918520641782374,True,1.9095836023552692e-13,7.91260506724906e-16,1.9174962074225183e-13,True,True
88,19,0.008703821338713169,0.001,True,True,True,0.04988448677407442,True,0.04225338231508147,8.010238725459009e-16,0.042253382315082265,True,True
88,20,0.008997016586363316,0.001,True,True,True,0.047105554619320644,True,0.5113786274304211,1.696258506681939e-16,0.5113786274304213,True,True
89,1,0.009903214871883392,0.001,True,True,True,0.009455726285299226,True,0.20000000298023224,5.5910154310554895e-15,0.20000000298023782,True,True
89,2,0.010316140949726105,0.001,True,True,True,0.01021251309542337,True,0.20000000298023224,5.591015431052258e-15,0.20000000298023782,True,True
89,3,0.0075073218904435635,0.001,True,True,True,0.0065540528401770715,True,0.2721208813675986,5.5698621761425e-15,0.27212088136760415,True,True
89,4,0.008890900760889053,0.001,True,True,True,0.0070123779459770885,True,0.1999999985838065,5.591015432209019e-15,0.19999999858381207,True,True
89,5,0.009633339941501617,0.001,True,True,True,0.008320352435831957,True,0.20000000623835565,5.5910154356615284e-15,0.20000000623836123,True,True
89,6,0.009377174079418182,0.001,True,True,True,0.009371957783656293,True,0.19961604465325225,5.590985476042465e-15,0.19961604465325783,True,True
89,7,0.009192779660224915,0.001,True,True,True,0.009717905383603953,True,0.12689088895517475,5.573831728345397e-15,0.12689088895518033,True,True
89,8,0.009444091469049454,0.001,True,True,True,0.00915998622170111,True,0.049103904642292306,5.580296534284318e-15,0.049103904642297885,True,True
89,9,0.008918888866901398,0.001,True,True,True,0.008794925825516886,True,1.6839862837514374e-12,5.612970210595288e-15,1.6895992539620327e-12,True,True
89,10,0.0059449076652526855,0.001,True,True,True,0.00923099242241976,True,8.623639544680373e-07,5.565361056014568e-15,8.623639600333983e-07,True,True
89,11,0.00399576872587204,0.001,True,True,True,0.010912734501260513,True,0.14103542387814372,5.567259595846398e-15,0.1410354238781493,True,True
89,12,0.003368336707353592,0.001,True,True,True,0.013636154946190637,True,0.1365480069737366,5.566384609504874e-15,0.13654800697374217,True,True
89,13,0.0029689520597457886,0.001,True,True,True,0.01656488328374628,True,0.2237705172043789,5.573238754139293e-15,0.22377051720438448,True,True
89,14,0.0033544786274433136,0.001,True,True,True,0.01992026492659915,True,0.30771936347371565,5.5749275125489544e-15,0.3077193634737212,True,True
89,15,0.004514344036579132,0.001,True,True,True,0.02402894620469398,True,0.26106062163109556,5.56839203328239e-15,0.2610606216311011,True,True
89,16,0.005680684000253677,0.001,True,True,True,0.029145850238124216,True,0.15872868493467251,5.57195252987037e-15,0.1587286849346781,True,True
89,17,0.006511073559522629,0.001,True,True,True,0.035343691017122536,True,0.11763272308374795,5.579473418017242e-15,0.11763272308375353,True,True
89,18,0.007395986467599869,0.001,True,True,True,0.04272291762860281,True,9.912071163853398e-12,5.573332290205924e-15,9.917644496143604e-12,True,True
89,19,0.005765742622315884,0.001,True,True,True,0.03984645679723764,True,0.030760648261960455,5.634994259648374e-15,0.03076064826196609,True,True
89,20,0.005922629032284021,0.001,True,True,True,0.032229746161316575,True,1.602362686980996e-11,1.1876227155446064e-15,1.6024814492525503e-11,True,True
90,1,0.008782257325947285,0.001,True,True,True,0.004429863214704621,True,0.20588069765217654,1.683438752407251e-10,0.2058806978205204,True,True
90,2,0.005977603606879711,0.001,True,True,True,0.004898898557241904,True,0.12294850964238435,1.6809556252500223e-10,0.12294850981047992,True,True
90,3,0.007556360214948654,0.001,True,True,True,0.009683732249678889,True,0.19846510944320972,1.6836654486643688e-10,0.19846510961157626,True,True
90,4,0.007979542016983032,0.001,True,True,True,0.007425864554327144,True,0.20021407994674334,1.6815716738766713e-10,0.2002140801149005,True,True
90,5,0.00931839644908905,0.001,True,True,True,0.007634277524383948,True,0.2258653375923263,1.6822119839051297e-10,0.22586533776054749,True,True
90,6,0.010150916874408722,0.001,True,True,True,0.00772565775562295,True,0.11104572806802437,1.6815343396589585e-10,0.11104572823617781,True,True
90,7,0.010288044810295105,0.001,True,True,True,0.008586363441194789,True,0.05229351876168664,1.6816237113562474e-10,0.052293518929849014,True,True
90,8,0.00987556204199791,0.001,True,True,True,0.009320101235565481,True,0.11968686063488931,1.6825544609207714e-10,0.11968686080314477,True,True
90,9,0.00957871600985527,0.001,True,True,True,0.00983471110386902,True,6.057398849179663e-08,1.6856940286240395e-10,6.074255789465903e-08,True,True
90,10,0.00974687933921814,0.001,True,True,True,0.012892014777470262,True,6.848362943401298e-08,1.6852098581174084e-10,6.865215041982472e-08,True,True
90,11,0.011138822883367538,0.001,True,True,True,0.016021240900064848,True,5.5627612738362586e-08,1.6859613925587754e-10,5.5796208877618466e-08,True,True
90,12,0.009481549263000488,0.001,True,True,True,0.006682261726334238,True,4.894230620777762e-08,1.6867451596032466e-10,4.911098072373795e-08,True,True
90,13,0.008532497100532055,0.001,True,True,True,0.009177564212933809,True,3.1868430561132755e-08,1.6902372862091866e-10,3.2037454289753676e-08,True,True
90,14,0.009855248034000397,0.001,True,True,True,0.008665677822943363,True,3.9766448800548915e-08,1.6883280536712802e-10,3.9935281605916046e-08,True,True
90,15,0.013818462379276752,0.001,True,True,True,0.0004989199578290804,True,6.325758894476508e-08,1.6857818411058165e-10,6.342616712887565e-08,True,True
90,16,0.02149236388504505,0.001,True,True,True,1.1330861249270185e-09,True,0.028597901523506053,1.6809968711522411e-10,0.02859790169160574,True,True
90,17,0.01714181900024414,0.001,True,True,True,0.04159064703993054,True,2.503807472464814e-08,1.6932995022023248e-10,2.5207404674868374e-08,True,True
90,18,0.011248408816754818,0.001,True,True,True,0.036523970762896596,True,3.4517492863983534e-08,1.6918414187594866e-10,3.468667700585948e-08,True,True
90,19,0.010028127580881119,0.001,True,True,True,0.0768620049667747,True,1.6046089187173216,1.6828365578997187e-10,1.6046089188856052,True,True
90,20,0.00591745600104332,0.001,True,True,True,0.08087435128118597,True,3.0738758205473005e-09,1.9960655530168952e-11,3.0938364760774696e-09,True,True
91,1,0.005535442382097244,0.001,True,True,True,0.0015752041842903575,True,6.603073643418611e-11,4.736248691085084e-14,6.607809892109696e-11,True,True
91,2,0.005918777082115412,0.001,True,False,False,0.0037823893909086914,True,,,,,
91,3,0.011923950165510178,0.001,True,True,True,0.012288021835977991,True,0.20020418063341958,4.8360339677426746e-14,0.20020418063346793,True,True
91,4,0.012119613587856293,0.001,True,True,True,0.013173650236272039,True,0.20000000298023224,4.7770536518167526e-14,0.20000000298028,True,True
91,5,0.012100942432880402,0.001,True,False,False,0.012699231759667473,True,,,,,
91,6,0.007933009415864944,0.001,True,True,True,0.004591788427974142,True,0.5556453571799551,4.722718343528615e-14,0.5556453571800023,True,True
91,7,0.009309835731983185,0.001,True,True,True,0.0038045683522333062,True,0.04680734481281945,4.737649543372729e-14,0.04680734481286683,True,True
91,8,0.01009303331375122,0.001,True,True,True,0.002823155951981793,True,1.758593271006248e-11,4.756420332585924e-14,1.763349691338834e-11,True,True
91,9,0.009452546946704388,0.001,True,True,True,0.026231207688129587,True,0.44422437864860065,4.7454148746803335e-14,0.4442243786486481,True,True
91,10,0.0016060209600254893,0.001,True,True,True,0.023389001923797448,True,0.43339834726004867,4.693707696809464e-14,0.43339834726009563,True,True
91,11,0.0058273011818528175,0.001,True,True,True,0.020361570288352393,True,0.5662728376131092,4.7293231401964085e-14,0.5662728376131565,True,True
91,12,0.007683048490434885,0.001,True,True,True,0.019059966061563793,True,0.39568503370560393,4.730313685267968e-14,0.3956850337056512,True,True
91,13,0.010178410448133945,0.001,True,True,True,0.019345186634979195,True,0.15525524645258848,4.7623058845157296e-14,0.1552552464526361,True,True
91,14,0.009869568049907684,0.001,True,False,False,0.019580361473943597,True,,,,,
91,15,0.003212886629626155,0.001,True,True,True,0.01982572223211898,True,0.43867988495370014,4.7152464626626085e-14,0.43867988495374727,True,True
91,16,0.0029399944469332695,0.001,True,True,True,0.026855084185822387,True,0.018945793557072044,4.734256391613275e-14,0.018945793557119388,True,True
91,17,-0.004052303731441498,0.001,False,True,False,0.025480103446357705,True,,,,,
91,18,-0.0018616542220115662,0.001,False,True,False,0.03869874691075259,True,,,,,
91,19,-0.009168833494186401,0.001,False,True,False,0.0587896132126402,True,,,,,
91,20,-0.012480400502681732,0.001,False,False,False,0.05526146028321499,True,,,,,
92,1,0.006718248128890991,0.001,True,True,True,0.008544785224513851,True,0.1777722254004317,4.183467703432168e-17,0.17777222540043175,True,True
92,2,0.0072455815970897675,0.001,True,True,True,0.008827356885847792,True,0.05128121648227335,4.178769609426353e-17,0.05128121648227339,True,True
92,3,0.00826440379023552,0.001,True,True,True,0.00848439773054821,True,0.1940661974038438,4.180083510970911e-17,0.19406619740384384,True,True
92,4,0.009468168020248413,0.001,True,True,True,0.006987884781205156,True,0.19999999737394225,4.1928343283676684e-17,0.1999999973739423,True,True
92,5,0.008082490414381027,0.001,True,True,True,0.0069950967088093785,True,0.16619156528356882,4.179903142765383e-17,0.16619156528356888,True,True
92,6,0.0062852054834365845,0.001,True,True,True,0.008081115095821545,True,0.14322932888318718,4.1922898749683834e-17,0.14322932888318723,True,True
92,7,0.00584164634346962,0.001,True,True,True,0.004792839007217831,True,2.842170943040401e-14,4.185840664025141e-17,2.846356783704426e-14,True,True
92,8,0.0037974193692207336,0.001,True,True,True,0.00432150451795188,True,1.4210854715202004e-13,4.179688658419656e-17,1.4215034403860425e-13,True,True
92,9,0.0018781870603561401,0.001,True,True,True,0.008083196907996082,True,0.35593262018667815,4.178757019934582e-17,0.3559326201866782,True,True
92,10,0.0025421082973480225,0.001,True,True,True,0.01276957486068564,True,0.3584387114072456,4.182482873510283e-17,0.35843871140724565,True,True
92,11,0.006834603846073151,0.001,True,True,True,0.017774293849667333,True,7.105427357601002e-14,4.184602638006522e-17,7.109611960239008e-14,True,True
92,12,0.010796595364809036,0.001,True,True,True,0.022606810303332447,True,8.584238067044225e-07,4.1745575468994715e-17,8.584238067461681e-07,True,True
92,13,0.015104610472917557,0.001,True,True,True,0.026514417149762437,True,0.07129572970556808,4.1797387870907494e-17,0.07129572970556812,True,True
92,14,0.020622611045837402,0.001,True,True,True,0.02914666860588211,True,0.0680947328481345,4.1796950066610395e-17,0.06809473284813454,True,True
92,15,0.023812806233763695,0.001,True,True,True,0.010876158506639921,True,0.02481777733566659,4.181818687046404e-17,0.024817777335666633,True,True
92,16,0.029631666839122772,0.001,True,True,True,0.04958768576486572,True,2.3092638912203256e-13,4.1796892605237374e-17,2.309681860146378e-13,True,True
92,17,0.022956527769565582,0.001,True,True,True,0.025398943810284624,True,1.4210854715202004e-14,4.196997110593504e-17,1.425282468630794e-14,True,True
92,18,0.019225142896175385,0.001,True,True,True,0.046222238978077146,True,0.05144978294700131,4.196367001657291e-17,0.05144978294700135,True,True
92,19,0.014367561787366867,0.001,True,True,True,0.043384055787760056,True,6.306066779870889e-14,4.2029887486314876e-17,6.310269768619521e-14,True,True
92,20,0.012411698698997498,0.001,True,True,True,0.042400665360880385,True,5.3290705182007514e-14,4.505584937969258e-18,5.329521076694548e-14,True,True
93,1,0.009060997515916824,0.001,True,True,True,0.009611338125320334,True,0.21819673222009683,3.089700325262844e-17,0.21819673222009686,True,True
93,2,0.009471505880355835,0.001,True,True,True,0.006646591791184764,True,0.07043885247961157,3.1207416192188565e-17,0.0704388524796116,True,True
93,3,0.008865084499120712,0.001,True,True,True,0.004214234003465878,True,0.13173805964564878,3.086871225084487e-17,0.1317380596456488,True,True
93,4,0.008744552731513977,0.001,True,True,True,0.00258637729203115,True,0.10828537971185082,3.088870152772246e-17,0.10828537971185084,True,True
93,5,0.008488595485687256,0.001,True,True,True,0.001356096235912485,True,2.939814045532785e-07,3.098205053612169e-17,2.939814045842605e-07,True,True
93,6,0.008548937737941742,0.001,True,True,True,0.001229015656325494,True,2.842170943040401e-14,3.1050478672480704e-17,2.845275990907649e-14,True,True
93,7,0.01063406839966774,0.001,True,True,True,1.3322676295501878e-15,True,0.10751727423589941,3.098329622626353e-17,0.10751727423589943,True,True
93,8,0.010985448025166988,0.001,True,True,True,0.04017948587288611,True,0.1381719006697386,3.105223782813416e-17,0.13817190066973864,True,True
93,9,0.006761014927178621,0.001,True,True,True,0.04453910461561106,True,1.1196287645163316,3.101057403889248e-17,1.1196287645163316,True,True
93,10,0.005563335493206978,0.001,True,True,True,0.04808439085556271,True,1.004590954479319,3.0985015279207306e-17,1.004590954479319,True,True
93,11,0.006254677660763264,0.001,True,True,True,0.050734210468379004,True,0.7813648322753721,3.095006473990253e-17,0.7813648322753721,True,True
93,12,0.008355401456356049,0.001,True,True,True,0.05237632080846,True,0.5349484262164168,3.086683418998522e-17,0.5349484262164168,True,True
93,13,0.011404464021325111,0.001,True,True,True,0.05316498891257215,True,0.46702784207333625,3.106301673384015e-17,0.4670278420733363,True,True
93,14,0.012542215175926685,0.001,True,True,True,0.054383482209889866,True,0.36603785782776743,3.1137467640119063e-17,0.3660378578277675,True,True
93,15,0.011930027976632118,0.001,True,True,True,0.05593649645940624,True,0.22682040504824208,3.1058519603126865e-17,0.2268204050482421,True,True
93,16,0.009785688482224941,0.001,True,True,True,0.05725160509797722,True,1.7763568394002505e-13,3.1002440016714647e-17,1.7766668638004177e-13,True,True
93,17,0.007392376661300659,0.001,True,True,True,0.06448558829774775,True,2.916663478149971,3.103573868998029e-17,2.916663478149971,True,True
93,18,0.012913953512907028,0.001,True,True,True,0.06168847831688551,True,0.4057306705483352,3.124482122707709e-17,0.4057306705483353,True,True
93,19,0.015277511440217495,0.001,True,True,True,0.05223450258921147,True,0.18702741085632546,3.116091483027276e-17,0.1870274108563255,True,True
93,20,0.013309800997376442,0.001,True,True,True,0.05430836525515925,True,0.019748439960939557,4.4780371010481755e-18,0.01974843996093956,True,True
94,1,0.010292641818523407,0.001,True,True,True,0.009423780239210866,True,0.2012305574434361,4.237658153672977e-17,0.20123055744343615,True,True
94,2,0.007993936538696289,0.001,True,True,True,0.007032689202579601,True,0.11970579419671878,4.2198961553185835e-17,0.11970579419671883,True,True
94,3,0.004441823810338974,0.001,True,True,True,0.005898200060078129,True,0.2377225860393395,4.2006431806276033e-17,0.23772258603933955,True,True
94,4,0.0034080632030963898,0.001,True,True,True,0.005965865844886897,True,0.11815947492777923,4.20469289132539e-17,0.11815947492777927,True,True
94,5,0.0027925893664360046,0.001,True,True,True,0.0069226786894076575,True,0.12326177653822867,4.204810664648712e-17,0.12326177653822872,True,True
94,6,-0.0022462978959083557,0.001,False,True,False,0.008797702510596195,True,,,,,
94,7,-0.003944911062717438,0.001,False,True,False,0.011484623471551436,True,,,,,
94,8,-0.0028433650732040405,0.001,False,True,False,0.013928048456143372,True,,,,,
94,9,-0.003435056656599045,0.001,False,True,False,0.016496818816504444,True,,,,,
94,10,-0.0030169859528541565,0.001,False,True,False,0.019468022991849465,True,,,,,
94,11,-0.001827683299779892,0.001,False,True,False,0.023092603336740347,True,,,,,
94,12,0.0002764947712421417,0.001,False,True,False,0.027686021840022113,True,,,,,
94,13,0.003534480929374695,0.001,True,True,True,0.033608738076671196,True,1.7053025658242404e-13,4.204535158088831e-17,1.7057230193400493e-13,True,True
94,14,0.004138343036174774,0.001,True,True,True,0.037951984618697754,True,1.2295859431952358,4.195061634134961e-17,1.2295859431952358,True,True
94,15,0.0031668730080127716,0.001,True,True,True,0.03256068888576702,True,0.7053769400258396,4.2231090526662176e-17,0.7053769400258396,True,True
94,16,0.0030020736157894135,0.001,True,True,True,0.027840762479212522,True,0.17546860946049136,4.220769388669004e-17,0.17546860946049142,True,True
94,17,0.003199990838766098,0.001,True,True,True,0.02398319259359477,True,0.027796407708573057,4.207407835616333e-17,0.027796407708573098,True,True
94,18,0.0016999542713165283,0.001,True,True,True,0.021639118409977565,True,3.730349362740526e-14,4.20101078040369e-17,3.7345503735209297e-14,True,True
94,19,0.0008387491106987,0.001,False,True,False,0.021487111129711745,True,,,,,
94,20,0.0002674683928489685,0.001,False,True,False,0.021644040175193946,True,,,,,
95,1,0.010360978543758392,0.001,True,True,True,0.004853000733098689,True,0.18997348441076145,1.6438275154186465e-12,0.18997348441240527,True,True
95,2,0.008268218487501144,0.001,True,True,True,0.0034563126729054705,True,0.10908930871264744,1.6727075722386303e-12,0.10908930871432014,True,True
95,3,0.00704444944858551,0.001,True,True,True,0.002902359127630927,True,6.494786930488772e-10,1.6366570193138239e-12,6.51115350068191e-10,True,True
95,4,0.006548207253217697,0.001,True,True,True,0.0026861412520483574,True,1.2400320770211692e-09,1.6440378618049228e-12,1.2416761148829742e-09,True,True
95,5,0.006606850773096085,0.001,True,True,True,0.0029741309866860854,True,4.452971325008548e-10,1.6528992542137696e-12,4.4695003175506857e-10,True,True
95,6,0.006758198142051697,0.001,True,True,True,0.004183163076300178,True,4.000866056230734e-07,1.6449217031505349e-12,4.000882505447766e-07,True,True
95,7,0.0077504962682724,0.001,True,True,True,0.006562389087831022,True,0.35804043189448365,1.6423412742992342e-12,0.358040431896126,True,True
95,8,0.009478457272052765,0.001,True,True,True,0.009490210827579282,True,0.8318528331783277,1.6415262334753853e-12,0.8318528331799693,True,True
95,9,0.008023267611861229,0.001,True,True,True,0.06043900055258722,True,1.085234166500877,1.6407979778490133e-12,1.0852341665025176,True,True
95,10,0.007385899778455496,0.001,True,True,True,0.06452449379169334,True,1.317333203602665,1.6451562295130264e-12,1.3173332036043102,True,True
95,11,0.008314157836139202,0.001,True,True,True,0.0646052425361543,True,0.3868428391177474,1.6401585612020576e-12,0.38684283911938755,True,True
95,12,0.010984620079398155,0.001,True,True,True,0.06507862392207897,True,4.362863847973131e-09,1.6481307582853112e-12,4.364511978731416e-09,True,True
95,13,0.01576320268213749,0.001,True,True,True,0.06626500477287212,True,0.6221530643419619,1.6442290281075796e-12,0.6221530643436062,True,True
95,14,0.019493186846375465,0.001,True,True,True,0.0647433341984075,True,0.3216358907704304,1.6943610947512075e-12,0.3216358907721248,True,True
95,15,0.014078838750720024,0.001,True,True,True,0.06183658961187821,True,7.535128077051922e-11,1.6773499158981731e-12,7.70286306864174e-11,True,True
95,16,0.00994456373155117,0.001,True,True,True,0.055239385253798456,True,0.006271825321647384,1.6398412791083187e-12,0.006271825323287225,True,True
95,17,0.007613518740981817,0.001,True,True,True,0.0527017850488104,True,5.893596721762151e-11,1.645397346841967e-12,6.058136456446347e-11,True,True
95,18,0.007184077985584736,0.001,True,True,True,0.0511934378216109,True,0.0055733089419796045,1.6567720289086725e-12,0.005573308943636376,True,True
95,19,0.012486876919865608,0.001,True,True,True,0.05431383439189519,True,0.21739564713880188,1.7055864053879047e-12,0.21739564714050746,True,True
95,20,0.019084995612502098,0.001,True,True,True,0.028556255618033655,True,9.071499107449199e-10,6.31850327075802e-13,9.077817610719957e-10,True,True
96,1,0.00844459980726242,0.001,True,True,True,0.0059807114631833524,True,0.20788481118619373,6.95809650326432e-16,0.20788481118619442,True,True
96,2,0.009528681635856628,0.001,True,True,True,0.005652241772524658,True,0.1856224275609044,6.954948623987995e-16,0.1856224275609051,True,True
96,3,0.008808977901935577,0.001,True,True,True,0.005811539869639781,True,0.1367490645396785,6.965594709524664e-16,0.1367490645396792,True,True
96,4,0.007053624838590622,0.001,True,True,True,0.006704203908499573,True,0.05037461413420985,6.972839833628314e-16,0.050374614134210544,True,True
96,5,0.004781540483236313,0.001,True,False,False,0.008456554359786983,True,,,,,
96,6,0.005951002240180969,0.001,True,True,True,0.010856475578409186,True,0.1425998209721584,6.97381373347947e-16,0.1425998209721591,True,True
96,7,0.007236521691083908,0.001,True,True,True,0.013655197388594997,True,0.3325335017963944,6.956123143024748e-16,0.3325335017963951,True,True
96,8,0.00013888569083064795,0.001,False,True,False,0.027010980694434972,True,,,,,
96,9,-0.007983393967151642,0.001,False,True,False,0.021595756537830413,True,,,,,
96,10,-0.0096510648727417,0.001,False,False,False,0.017198021983603762,True,,,,,
96,11,-0.007654361426830292,0.001,False,True,False,0.012924173062733857,True,,,,,
96,12,-0.006967585533857346,0.001,False,True,False,0.007992631531918093,True,,,,,
96,13,-0.0069067999720573425,0.001,False,True,False,0.004477228468828476,True,,,,,
96,14,-0.00574830174446106,0.001,False,True,False,0.024301375697846295,True,,,,,
96,15,-0.004391960799694061,0.001,False,True,False,1.2811973704174306e-13,True,,,,,
96,16,-0.0067160725593566895,0.001,False,True,False,0.00030560911473498376,True,,,,,
96,17,-0.007506653666496277,0.001,False,True,False,0.0005915194442882021,True,,,,,
96,18,-0.007997389882802963,0.001,False,True,False,0.0015049964711580932,True,,,,,
96,19,-0.007226761430501938,0.001,False,True,False,0.0009857186144386354,True,,,,,
96,20,-0.008646570146083832,0.001,False,True,False,5.6343818499726694e-14,True,,,,,
97,1,0.008073180913925171,0.001,True,True,True,0.007076111257639406,True,0.20000000298023224,6.10869206820198e-15,0.20000000298023834,True,True
97,2,0.006473913788795471,0.001,True,True,True,0.007909311825204823,True,0.19093701449032335,6.1011759223950545e-15,0.19093701449032946,True,True
97,3,0.0069694966077804565,0.001,True,True,True,0.00874530749419633,True,1.7045920230884803e-11,6.0940101912580515e-15,1.7052014241076062e-11,True,True
97,4,0.007921606302261353,0.001,True,True,True,0.009778232995289016,True,1.673328142715036e-11,6.093534424772148e-15,1.673937496157513e-11,True,True
97,5,0.009065546095371246,0.001,True,True,True,0.011205787396282973,True,2.3213431177282473e-11,6.09172775041493e-15,2.3219522905032888e-11,True,True
97,6,0.010777957737445831,0.001,True,True,True,0.012872960281660628,True,1.4271250847741612e-11,6.092542247168208e-15,1.4277343389988781e-11,True,True
97,7,0.012643828988075256,0.001,True,True,True,0.014356049633787893,True,3.44229889037706e-09,6.084308229425204e-15,3.4423049746852895e-09,True,True
97,8,0.01396583765745163,0.001,True,True,True,0.015927789862818398,True,0.0635097902617332,6.101795265470986e-15,0.06350979026173931,True,True
97,9,0.01459745317697525,0.001,True,True,True,0.018049831692889318,True,0.22905773428156095,6.085266966245919e-15,0.22905773428156703,True,True
97,10,0.01710173860192299,0.001,True,True,True,0.020973353228268654,True,0.3496941873377182,6.082332284348e-15,0.3496941873377243,True,True
97,11,0.014104500412940979,0.001,True,True,True,0.05401646639955282,True,0.8235244276533749,6.116430696830375e-15,0.823524427653381,True,True
97,12,0.010584518313407898,0.001,True,True,True,0.049012077319205705,True,0.4726546638960514,6.069598050330414e-15,0.4726546638960574,True,True
97,13,0.007104780524969101,0.001,True,True,True,0.043516079860714485,True,0.2225130202992549,6.0793203269785605e-15,0.22251302029926098,True,True
97,14,0.005592770874500275,0.001,True,True,True,0.03791602869272781,True,0.11992579305403783,6.07437925517408e-15,0.11992579305404391,True,True
97,15,0.00456836074590683,0.001,True,True,True,0.03313545562132064,True,0.04692515261980468,6.0832284105227706e-15,0.04692515261981076,True,True
97,16,0.004786379635334015,0.001,True,True,True,0.029361338504639567,True,3.8330227880578605e-11,6.0784873432159985e-15,3.833630636792182e-11,True,True
97,17,0.005037315189838409,0.001,True,True,True,0.026869971959993577,True,2.382094521635736e-12,6.103606624025391e-15,2.3881981282597613e-12,True,True
97,18,0.005398385226726532,0.001,True,True,True,0.025932052620985857,True,1.0764722446765518e-12,6.167366068288591e-15,1.0826396107448404e-12,True,True
97,19,0.006183251738548279,0.001,True,True,True,0.026577976639015677,True,0.2424589175016898,6.77005941173574e-15,0.24245891750169657,True,True
97,20,0.001337857567705214,0.001,True,True,True,0.022074942667524855,True,5.7340798775840085e-12,2.2470425263310054e-15,5.7363269201103394e-12,True,True
98,1,0.008715406060218811,0.001,True,True,True,0.007849826126354875,True,0.18345646903906498,3.0679768269061414e-14,0.18345646903909565,True,True
98,2,0.008934706449508667,0.001,True,True,True,0.008577957513545509,True,0.1350124170792597,3.074674199729817e-14,0.13501241707929046,True,True
98,3,0.009431309998035431,0.001,True,True,True,0.009682978972956668,True,0.10797010783184646,3.084606332059726e-14,0.10797010783187731,True,True
98,4,0.010088428854942322,0.001,True,True,True,0.011194153011495733,True,0.15562703800543076,3.099278565093129e-14,0.15562703800546177,True,True
98,5,0.01126154512166977,0.001,True,True,True,0.01306601766472515,True,0.3161861063847198,3.072231743929316e-14,0.3161861063847505,True,True
98,6,0.011998622678220272,0.001,True,True,True,0.037414505944651344,True,0.4658440478792514,3.060670868528932e-14,0.46584404787928196,True,True
98,7,0.009615853428840637,0.001,True,True,True,0.04103868696252111,True,0.6002245492629426,3.0565590115710106e-14,0.6002245492629731,True,True
98,8,0.0070940908044576645,0.001,True,True,True,0.04513250988510664,True,0.7494154351171876,3.142395141031279e-14,0.749415435117219,True,True
98,9,0.005108893383294344,0.001,True,True,True,0.04978184068624758,True,0.8007255156008348,3.0844861098056774e-14,0.8007255156008657,True,True
98,10,0.004108319524675608,0.001,True,True,True,0.05498781065383063,True,0.5814927749998873,3.062261786907549e-14,0.5814927749999179,True,True
98,11,0.004564917180687189,0.001,True,True,True,0.06065142006729518,True,0.4526529851145842,3.0657924595331174e-14,0.4526529851146148,True,True
98,12,0.0069998023100197315,0.001,True,True,True,0.06653598841406683,True,1.3322752905762822,3.0672235485505004e-14,1.3322752905763129,True,True
98,13,0.012341491878032684,0.001,True,True,True,0.07027587135221647,True,2.092020682956374,3.1228840429464577e-14,2.092020682956405,True,True
98,14,0.008100614883005619,0.001,True,True,True,0.035286478886920825,True,0.24759678262560136,3.072370834446252e-14,0.2475967826256321,True,True
98,15,0.0007307631894946098,0.001,False,True,False,0.03808930365642438,True,,,,,
98,16,-0.005082935094833374,0.001,False,True,False,0.04124465640307595,True,,,,,
98,17,-0.008486375212669373,0.001,False,True,False,0.044977720761050444,True,,,,,
98,18,-0.007681846618652344,0.001,False,True,False,0.0483733169201499,True,,,,,
98,19,0.0038668399211019278,0.001,True,True,True,0.04774901304603674,True,0.18583691223872023,3.168968346873292e-14,0.18583691223875193,True,True
98,20,0.014566674828529358,0.001,True,True,True,0.017122636661718316,True,0.24407242571405519,3.0536652395080637e-14,0.24407242571408572,True,True
99,1,0.009483370929956436,0.001,True,True,True,0.009062005496794256,True,0.149882691131757,1.269006794967921e-13,0.1498826911318839,True,True
99,2,0.01024240255355835,0.001,True,True,True,0.010550791977603002,True,0.08357028326127747,1.2732988391108441e-13,0.0835702832614048,True,True
99,3,0.011616505682468414,0.001,True,True,True,0.012523415711669705,True,0.06634731006908012,1.2770712691210435e-13,0.06634731006920783,True,True
99,4,0.012779869139194489,0.001,True,True,True,0.014851992446365592,True,0.0731863223015452,1.2764494309359995e-13,0.07318632230167285,True,True
99,5,0.014177832752466202,0.001,True,True,True,0.017438957416038292,True,0.13444144961283122,1.2819933962108882e-13,0.13444144961295942,True,True
99,6,0.01616412028670311,0.001,True,True,True,0.020205953231286933,True,0.21845839866291783,1.2749307622088895e-13,0.2184583986630453,True,True
99,7,0.01318571250885725,0.001,True,True,True,0.03375674167806586,True,0.23444064439070011,1.268509680464679e-13,0.23444064439082696,True,True
99,8,0.009051834233105183,0.001,True,True,True,0.030330690429808516,True,0.17695544914394823,1.2673545255399135e-13,0.17695544914407496,True,True
99,9,0.004873583558946848,0.001,True,True,True,0.026344935176885076,True,0.06689813476591944,1.2848105069711098e-13,0.06689813476604792,True,True
99,10,0.000630970811471343,0.001,False,True,False,0.021766171232142195,True,,,,,
99,11,-0.003655664622783661,0.001,False,True,False,0.01654780980344661,True,,,,,
99,12,-0.005300462245941162,0.001,False,True,False,0.015778677661529183,True,,,,,
99,13,-0.006106261163949966,0.001,False,True,False,0.012137161789704753,True,,,,,
99,14,-0.006377357989549637,0.001,False,True,False,0.00907124337088061,True,,,,,
99,15,-0.006261955946683884,0.001,False,True,False,0.006640818989292252,True,,,,,
99,16,-0.006142143160104752,0.001,False,True,False,0.004976559817743642,True,,,,,
99,17,-0.006659612059593201,0.001,False,True,False,0.004234379194397397,True,,,,,
99,18,-0.007077127695083618,0.001,False,True,False,0.004587510419866991,True,,,,,
99,19,-0.002463698387145996,0.001,False,True,False,0.006791150328354201,True,,,,,
99,20,0.002569373231381178,0.001,True,True,True,0.021605361597025086,True,6.108535899329581e-11,5.3610000063593055e-14,6.113896899335941e-11,True,True
100,1,0.010582543909549713,0.001,True,True,True,0.01064635683977333,True,7.105427357601002e-15,1.2321610610502804e-16,7.22864346370603e-15,True,True
100,2,0.011520497500896454,0.001,True,True,True,0.01320945069227819,True,7.105427357601002e-15,1.2448376521669705e-16,7.229911122817699e-15,True,True
100,3,0.012720193713903427,0.001,True,True,True,0.016580410555014913,True,7.105427357601002e-15,1.2401790367336825e-16,7.22944526127437e-15,True,True
100,4,0.014239344745874405,0.001,True,True,True,0.017928747441485204,True,0.3093651448972743,1.213239962397133e-16,0.3093651448972744,True,True
100,5,0.01612478867173195,0.001,True,True,True,0.012482104186131715,True,0.28745252491863305,1.213247803126241e-16,0.28745252491863316,True,True
100,6,0.018453925848007202,0.001,True,True,True,0.006326035959155929,True,0.011115538775453793,1.2131882320564316e-16,0.011115538775453914,True,True
100,7,0.021229594945907593,0.001,True,True,True,0.007855618696156363,True,4.263256414560601e-14,1.2173856894070312e-16,4.2754302714546714e-14,True,True
100,8,0.024485543370246887,0.001,True,True,True,0.00969560769335076,True,6.039613253960852e-14,1.215790894116187e-16,6.051771162902013e-14,True,True
100,9,0.027867810800671577,0.001,True,True,True,0.034152150329260444,True,1.7763568394002505e-14,1.221131204317169e-16,1.788568151443422e-14,True,True
100,10,0.02366064488887787,0.001,True,True,True,0.03914274682815938,True,1.7763568394002505e-14,1.2241233462807962e-16,1.7885980728630584e-14,True,True
100,11,0.019770212471485138,0.001,True,True,True,0.038203615708668315,True,0.33535340775395994,1.213452945937638e-16,0.33535340775396005,True,True
100,12,0.016228027641773224,0.001,True,True,True,0.037398971135348846,True,0.309276686792364,1.2135046241756542e-16,0.3092766867923641,True,True
100,13,0.013045214116573334,0.001,True,True,True,0.03677432585100082,True,0.10489704506741937,1.2134392168700251e-16,0.1048970450674195,True,True
100,14,0.010201185941696167,0.001,True,True,True,0.03685713741163987,True,0.01587306220861029,1.2140825091275077e-16,0.01587306220861041,True,True
100,15,0.007627326995134354,0.001,True,True,True,0.04036190416670188,True,-8.881784197001252e-16,2.338690467105559e-16,-6.543093729895693e-16,True,True
100,16,0.005255553871393204,0.001,True,True,True,0.04184012478762644,True,0.0,8.219446473529347e-16,8.219446473529347e-16,True,True
100,17,0.0029962435364723206,0.001,True,True,True,0.04267132897943754,True,2.886579864025407e-15,1.2678951428786994e-16,3.013369378313277e-15,True,True
100,18,0.0007090382277965546,0.001,False,True,False,0.04371222342745962,True,,,,,
100,19,-0.0013240054249763489,0.001,False,True,False,0.04587261124862235,True,,,,,
100,20,-0.0025291964411735535,0.001,False,True,False,0.048944942630174015,True,,,,,
101,1,0.013473886996507645,0.001,True,True,True,0.014401244920823841,True,0.12779138651861643,1.8985222977704187e-13,0.12779138651880628,True,True
101,2,0.016862191259860992,0.001,True,True,True,0.01743459108727652,True,0.10494686856552882,1.9018712396756972e-13,0.104946868565719,True,True
101,3,0.021498776972293854,0.001,True,True,True,0.0211945950326351,True,0.16491494038898402,1.8992743639248908e-13,0.16491494038917395,True,True
101,4,0.018330737948417664,0.001,True,True,True,0.02281688124579251,True,0.2844981219944085,1.897380756949277e-13,0.28449812199459823,True,True
101,5,0.012485500425100327,0.001,True,False,False,0.01794491001585652,True,,,,,
101,6,0.0076899901032447815,0.001,True,True,True,0.01324960453785795,True,0.1848590492961648,1.8982354806423815e-13,0.18485904929635463,True,True
101,7,0.009664725512266159,0.001,True,True,True,0.015070066336855592,True,0.14995157259925662,1.8985482349815505e-13,0.14995157259944647,True,True
101,8,0.012080900371074677,0.001,True,True,True,0.01789492770577028,True,0.09736806893987904,1.8984518642858148e-13,0.09736806894006889,True,True
101,9,0.015120770782232285,0.001,True,True,True,0.021898616583350128,True,4.886615556642937e-10,1.9008781438980922e-13,4.888516434786835e-10,True,True
101,10,0.010816365480422974,0.001,True,False,False,0.023698838526751476,True,,,,,
101,11,0.015071224421262741,0.001,True,True,True,0.028599187736064624,True,0.3217122048486729,1.8997430313346992e-13,0.32171220484886287,True,True
101,12,0.019114745780825615,0.001,True,False,False,0.03377982516877309,True,,,,,
101,13,0.02122718095779419,0.001,True,True,True,0.037312231122121786,True,0.2551828295035117,1.9022081105654503e-13,0.2551828295037019,True,True
101,14,0.0239860936999321,0.001,True,True,True,0.0431005283839182,True,0.08589658564609415,1.9001806342890012e-13,0.08589658564628416,True,True
101,15,0.009229974821209908,0.001,True,True,True,0.030380433562440246,True,5.53406209746754e-11,1.913737635834963e-13,5.55319947382589e-11,True,True
101,16,0.026868127286434174,0.001,True,True,True,0.03735127859715215,True,0.1978481950438189,1.8970637113834561e-13,0.1978481950440086,True,True
101,17,0.02436898648738861,0.001,True,True,True,0.03391646289018291,True,0.06904429267896095,1.8930168559421442e-13,0.06904429267915026,True,True
101,18,0.029201216995716095,0.001,True,True,True,0.024746135299015815,True,0.11459399126549119,1.8994601662443334e-13,0.11459399126568114,True,True
101,19,0.009171027690172195,0.001,True,True,True,0.01528554636636592,True,2.958060463242873e-10,1.8997434169544263e-13,2.9599602066598277e-10,True,True
101,20,-0.013458803296089172,0.001,False,True,False,5.208500297726459e-12,True,,,,,
102,1,0.01608075574040413,0.001,True,True,True,0.01783668631291091,True,0.30629173037637436,1.1449216789277192e-12,0.3062917303775193,True,True
102,2,0.018276214599609375,0.001,True,True,True,0.020573537494349203,True,0.3447055032946036,1.1447154428270944e-12,0.3447055032957483,True,True
102,3,0.021620407700538635,0.001,True,True,True,0.02326994812801364,True,0.3013024099167101,1.1446777567893666e-12,0.3013024099178548,True,True
102,4,0.022370949387550354,0.001,True,True,True,0.025594801196516914,True,0.220490479543634,1.1453135696131575e-12,0.2204904795447793,True,True
102,5,0.01840554177761078,0.001,True,True,True,0.025628147996782924,True,0.1928820995055167,1.1489847743949163e-12,0.1928820995066657,True,True
102,6,0.015353713184595108,0.001,True,True,True,0.025678098236720848,True,0.15410372680073436,1.1453369809432625e-12,0.1541037268018797,True,True
102,7,0.017119688913226128,0.001,True,True,True,0.027603000819725998,True,0.25103140517720846,1.1441745784385508e-12,0.25103140517835265,True,True
102,8,0.020310187712311745,0.001,True,True,True,0.03777696075043824,True,0.1408564666819112,1.145335056236334e-12,0.14085646668305654,True,True
102,9,0.023182136937975883,0.001,True,True,True,0.03948544855612535,True,0.12651162840854813,1.1452233920672666e-12,0.12651162840969335,True,True
102,10,0.023857779800891876,0.001,True,True,True,0.04177444516360451,True,0.44180428908948777,1.1448705579572251e-12,0.44180428909063263,True,True
102,11,0.02673616260290146,0.001,True,True,True,0.04022411347230026,True,0.10762558000629241,1.1451966323168807e-12,0.1076255800074376,True,True
102,12,0.024145539849996567,0.001,True,True,True,0.030032490127446354,True,0.042955838532261925,1.1456985359826048e-12,0.04295583853340763,True,True
102,13,0.018825534731149673,0.001,True,True,True,0.029797032487135833,True,0.021665307619008978,1.1469630705160734e-12,0.021665307620155942,True,True
102,14,0.01567595824599266,0.001,True,True,True,0.028043206100068163,True,6.700515697843912e-10,1.151173510569229e-12,6.712027432949604e-10,True,True
102,15,0.007256384938955307,0.001,True,True,True,0.01977777488841642,True,0.20711962682347185,1.1446261756573452e-12,0.2071196268246165,True,True
102,16,0.012996233999729156,0.001,True,False,False,0.021636670240597344,True,,,,,
102,17,0.013047351501882076,0.001,True,True,True,0.028665626848879855,True,0.17083610972235874,1.1470172455381245e-12,0.17083610972350577,True,True
102,18,0.008721143007278442,0.001,True,True,True,0.02379960647705215,True,1.4904681933103348e-09,1.1453350289720264e-12,1.4916135283393067e-09,True,True
102,19,0.0033056922256946564,0.001,True,False,False,0.023176235933478173,True,,,,,
102,20,0.0010360665619373322,0.001,True,True,True,0.022771791373562333,True,1.4278356275099213e-09,1.5514376788935466e-13,1.4279907712778107e-09,True,True
103,1,0.01921677589416504,0.001,True,True,True,0.020135933043303633,True,0.20000000298023224,1.463947393141277e-13,0.20000000298037862,True,True
103,2,0.021466366946697235,0.001,True,False,False,0.02273156072770577,True,,,,,
103,3,0.02409972995519638,0.001,True,True,True,0.02575792669913879,True,0.19976277402055007,1.4697059402258738e-13,0.19976277402069703,True,True
103,4,0.0240325964987278,0.001,True,True,True,0.024969595611221806,True,0.21399244496362535,1.463378319955134e-13,0.21399244496377168,True,True
103,5,0.024019014090299606,0.001,True,True,True,0.021196831033599595,True,0.312161969185885,1.4607267650731526e-13,0.31216196918603106,True,True
103,6,0.02348782867193222,0.001,True,True,True,0.01687680064323771,True,0.2254942039023824,1.4596446312824516e-13,0.22549420390252836,True,True
103,7,0.022273994982242584,0.001,True,True,True,0.013820297517588287,True,0.05017126966165453,1.4606570239201766e-13,0.05017126966180059,True,True
103,8,0.02197711169719696,0.001,True,True,True,0.011200012110641033,True,0.05542152507157905,1.4653487255224995e-13,0.05542152507172558,True,True
103,9,0.022397130727767944,0.001,True,True,True,0.008942948215538371,True,0.1436388888974638,1.456138203874228e-13,0.1436388888976094,True,True
103,10,0.021261222660541534,0.001,True,True,True,0.008011373043669667,True,0.11948448873865658,1.4624792888923615e-13,0.11948448873880282,True,True
103,11,0.02083512395620346,0.001,True,True,True,0.006743440032529968,True,0.08099048851863255,1.4596377979625338e-13,0.08099048851877852,True,True
103,12,0.020528428256511688,0.001,True,True,True,0.005702196044486962,True,0.05484524012539893,1.4594314915188813e-13,0.05484524012554488,True,True
103,13,0.020199276506900787,0.001,True,True,True,0.004644769224374845,True,0.03798662009160747,1.4596011216450695e-13,0.03798662009175343,True,True
103,14,0.020003050565719604,0.001,True,True,True,0.003177201336955038,True,8.269385176618016e-11,1.4648418408768892e-13,8.284033595026785e-11,True,True
103,15,0.02145342528820038,0.001,True,True,True,0.0008746510124933993,True,1.5588597079840838e-10,1.4601181954731784e-13,1.560319826179557e-10,True,True
103,16,0.01599353924393654,0.001,True,True,True,3.4733327325398022e-12,True,0.03341757032880732,1.4589204947069636e-13,0.03341757032895321,True,True
103,17,0.0175655335187912,0.001,True,True,True,3.0556143743032393e-07,True,0.008640645354169418,1.4592312943843875e-13,0.008640645354315342,True,True
103,18,0.01566549576818943,0.001,True,True,True,0.02686314961568037,True,7.643707888860263e-11,1.4653611216106888e-13,7.65836150007637e-11,True,True
103,19,-0.0018652081489562988,0.001,False,True,False,0.013334366227361949,True,,,,,
103,20,-0.01801631599664688,0.001,False,True,False,3.3530955789728978e-12,True,,,,,
104,1,0.021520882844924927,0.001,True,True,True,0.022495507265062553,True,0.20241807353985258,9.450452317879146e-13,0.20241807354079763,True,True
104,2,0.02411840856075287,0.001,True,True,True,0.02431434470165683,True,0.23024628390375423,9.433088369977223e-13,0.23024628390469754,True,True
104,3,0.026796884834766388,0.001,True,True,True,0.025947449969904723,True,0.28581327015517743,9.46122093575281e-13,0.28581327015612357,True,True
104,4,0.025969624519348145,0.001,True,True,True,0.024021969686724542,True,0.2000008091591955,9.455084742661674e-13,0.200000809160141,True,True
104,5,0.022227078676223755,0.001,True,True,True,0.02148263750579582,True,0.20000000298023224,9.454583029116383e-13,0.2000000029811777,True,True
104,6,0.018308289349079132,0.001,True,True,True,0.018963646277139423,True,0.18944170485437856,9.462640276663837e-13,0.18944170485532483,True,True
104,7,0.014330358244478703,0.001,True,True,True,0.016369264311011156,True,5.945927767925241e-06,9.431913450089393e-13,5.945928711116586e-06,True,True
104,8,0.010659750550985336,0.001,True,True,True,0.0170966245438956,True,0.11421032356877348,9.41612306411591e-13,0.11421032356971508,True,True
104,9,0.006711632013320923,0.001,True,True,True,0.015942748502273063,True,4.104762751921953e-09,9.43259566264444e-13,4.105706011488218e-09,True,True
104,10,0.00677214190363884,0.001,True,True,True,0.013464599192649918,True,0.02119864369186608,9.431142167104269e-13,0.021198643692809195,True,True
104,11,0.004851154983043671,0.001,True,True,True,0.011747830729707087,True,7.3424276685329914e-06,9.41099632495985e-13,7.342428609632624e-06,True,True
104,12,0.002646036446094513,0.001,True,True,True,0.010386012874342987,True,3.6155078930733e-10,9.432845097858037e-13,3.6249407381711576e-10,True,True
104,13,2.1882357032154687e-05,0.001,False,True,False,0.008662058552115492,True,,,,,
104,14,-0.0018117576837539673,0.001,False,True,False,0.007406950894707276,True,,,,,
104,15,0.0006792284548282623,0.001,False,True,False,0.007374909570580956,True,,,,,
104,16,-0.004422269761562347,0.001,False,False,False,0.009066558527201563,True,,,,,
104,17,-0.0032238997519016266,0.001,False,True,False,0.01071561925836012,True,,,,,
104,18,-0.0019122324883937836,0.001,False,True,False,0.012483790577345943,True,,,,,
104,19,-0.0018623210489749908,0.001,False,True,False,0.013415388282791985,True,,,,,
104,20,-0.0019563883543014526,0.001,False,True,False,0.013433340064144095,True,,,,,
105,1,0.023715943098068237,0.001,True,True,True,0.02449159843904114,True,0.19999968092202733,5.351614460873894e-14,0.19999968092208084,True,True
105,2,0.02526627480983734,0.001,True,True,True,0.026696902352959517,True,0.200000002980232,5.351578887371713e-14,0.2000000029802855,True,True
105,3,0.02686913311481476,0.001,True,True,True,0.029064258340172677,True,0.19999799055870424,5.3516198437216904e-14,0.19999799055875775,True,True
105,4,0.025021975859999657,0.001,True,True,True,0.021543054779551096,True,0.19999775211824553,5.351644413981818e-14,0.19999775211829904,True,True
105,5,0.022492622956633568,0.001,True,True,True,0.019155420507895538,True,0.1762129804749143,5.359889757120119e-14,0.1762129804749679,True,True
105,6,0.020522668957710266,0.001,True,True,True,0.017878574446455575,True,0.0773305102881201,5.3369673410844294e-14,0.07733051028817348,True,True
105,7,0.018877185881137848,0.001,True,True,True,0.016745288561513083,True,0.03707368860065996,5.35569583442042e-14,0.037073688600713514,True,True
105,8,0.01702725887298584,0.001,True,True,True,0.015941583277533755,True,0.01767396723190018,5.349709302644735e-14,0.017673967231953674,True,True
105,9,0.015117119997739792,0.001,True,True,True,0.015272114513699864,True,0.014651355909686359,5.3400774952218705e-14,0.014651355909739759,True,True
105,10,0.013453509658575058,0.001,True,True,True,0.014799304296247429,True,1.8779497956700197e-09,5.343141971536927e-14,1.878003227089735e-09,True,True
105,11,0.011838071048259735,0.001,True,True,True,0.01420554073157243,True,0.0006259393765892796,5.340603065612734e-14,0.0006259393766426856,True,True
105,12,0.01061147078871727,0.001,True,True,True,0.01343176242778854,True,1.4909939949347972e-10,5.341826434452673e-14,1.4915281775782425e-10,True,True
105,13,0.009654995054006577,0.001,True,True,True,0.012041465074855928,True,1.7991830247865437e-11,5.35189263190915e-14,1.804534917418453e-11,True,True
105,14,0.009500943124294281,0.001,True,True,True,0.010192968993809004,True,0.0032782015033534506,5.338958547898158e-14,0.00327820150340684,True,True
105,15,0.00958731397986412,0.001,True,True,True,0.008918591676005727,True,1.3067324999838092e-11,5.3717293815644385e-14,1.3121042293653738e-11,True,True
105,16,0.010263949632644653,0.001,True,True,True,0.009536467736223853,True,0.24009280643623043,5.347975627945685e-14,0.24009280643628392,True,True
105,17,0.0038567923475056887,0.001,True,True,True,0.029667356810960888,True,0.4766948227516963,5.3418412635145965e-14,0.4766948227517497,True,True
105,18,-0.008684098720550537,0.001,False,True,False,0.014020748828126539,True,,,,,
105,19,-0.02139066904783249,0.001,False,True,False,1.3864465131518955e-12,True,,,,,
105,20,-0.02270839363336563,0.001,False,True,False,5.7265303610165574e-12,True,,,,,
106,1,0.025816626846790314,0.001,True,True,True,0.027309306721884252,True,0.20009527792453788,3.6661349471194036e-17,0.2000952779245379,True,True
106,2,0.027793709188699722,0.001,True,True,True,0.02239983926459399,True,0.23624853249425448,3.653814185791331e-17,0.2362485324942545,True,True
106,3,0.025281459093093872,0.001,True,True,True,0.01898007142858532,True,0.2910003564035213,3.6411062097478536e-17,0.29100035640352134,True,True
106,4,0.022627288475632668,0.001,True,True,True,0.01640883359871309,True,0.20469886987210195,3.64180450005075e-17,0.20469886987210198,True,True
106,5,0.020611651241779327,0.001,True,True,True,0.0142582673401222,True,0.1510830067548099,3.643918189065939e-17,0.15108300675480993,True,True
106,6,0.01917409896850586,0.001,True,True,True,0.012303317218489651,True,0.18702296472169166,3.653060483081272e-17,0.1870229647216917,True,True
106,7,0.018064305186271667,0.001,True,True,True,0.010573820773447595,True,0.16699914373697222,3.643661225903423e-17,0.16699914373697225,True,True
106,8,0.017110079526901245,0.001,True,True,True,0.009048755126212726,True,0.1293899062727455,3.642671301332272e-17,0.12938990627274552,True,True
106,9,0.01629691570997238,0.001,True,True,True,0.007711238818173927,True,0.08198994654354719,3.6397008229703936e-17,0.08198994654354723,True,True
106,10,0.015804216265678406,0.001,True,True,True,0.0065293378470542285,True,0.06298785977213361,3.6432540799823724e-17,0.06298785977213366,True,True
106,11,0.015568967908620834,0.001,True,True,True,0.005477790176356079,True,0.025803100923470268,3.6428034940030046e-17,0.025803100923470303,True,True
106,12,0.015676379203796387,0.001,True,True,True,0.004614200014514458,True,1.7763568394002505e-14,3.6458491400200576e-17,1.7800026885402705e-14,True,True
106,13,0.01607266068458557,0.001,True,True,True,0.0031807290970335966,True,0.00937456337135023,3.648116525746284e-17,0.009374563371350267,True,True
106,14,0.014278143644332886,0.001,True,True,True,0.003180032940363009,True,0.011350730422345912,3.6436969427888104e-17,0.011350730422345948,True,True
106,15,0.012997634708881378,0.001,True,True,True,0.0031488314941622297,True,7.993605777301127e-15,3.653608298820305e-17,8.03014186028933e-15,True,True
106,16,0.010090995579957962,0.001,True,True,True,0.002295187122303033,True,5.6422422289870156e-11,3.629107630805311e-17,5.6422458580946465e-11,True,True
106,17,0.009550642222166061,0.001,True,True,True,0.0017020167620969695,True,0.022399192268096613,3.6584735454872413e-17,0.02239919226809665,True,True
106,18,0.01088264212012291,0.001,True,True,True,0.0018686966934922666,True,3.6770586575585185e-13,3.645518923370198e-17,3.6774232094508555e-13,True,True
106,19,0.0032315594144165516,0.001,True,True,True,0.025953255641462447,True,3.552713678800501e-14,3.6477106177082906e-17,3.556361389418209e-14,True,True
106,20,0.000520024448633194,0.001,False,True,False,0.02848013793669424,True,,,,,
107,1,0.026939228177070618,0.001,True,True,True,0.024081407585373693,True,0.19999461176508543,1.588964517071243e-16,0.1999946117650856,True,True
107,2,0.023454278707504272,0.001,True,True,True,0.021860464053402917,True,0.20000000298023224,1.589042751251152e-16,0.2000000029802324,True,True
107,3,0.02027733065187931,0.001,True,True,True,0.01926989890823272,True,0.20000000298023224,1.5890427512218696e-16,0.2000000029802324,True,True
107,4,0.018060602247714996,0.001,True,True,True,0.019344568061552325,True,0.20071308206067912,1.588349166734534e-16,0.20071308206067928,True,True
107,5,0.016169622540473938,0.001,True,True,True,0.01815359932354066,True,0.24990386642782036,1.5947983781768416e-16,0.24990386642782053,True,True
107,6,0.013747364282608032,0.001,True,True,True,0.017156223475097154,True,0.22090171099381295,1.5824665096094733e-16,0.22090171099381312,True,True
107,7,0.011382415890693665,0.001,True,False,False,0.01645020175013151,True,,,,,
107,8,0.009471673518419266,0.001,True,False,False,0.01595648489148227,True,,,,,
107,9,0.008243605494499207,0.001,True,True,True,0.015533706127119018,True,0.18894278984202728,1.5811325383961314e-16,0.18894278984202745,True,True
107,10,0.0063944533467292786,0.001,True,True,True,0.015254250652722123,True,4.3520742565306136e-13,1.5817331491275924e-16,4.353655989679741e-13,True,True
107,11,0.005603566765785217,0.001,True,True,True,0.01378723531148196,True,0.13265239826337094,1.5789314810237785e-16,0.1326523982633711,True,True
107,12,0.006013020873069763,0.001,True,True,True,0.012907732704562802,True,0.14357678660684137,1.5806468696271117e-16,0.14357678660684153,True,True
107,13,0.007587168365716934,0.001,True,True,True,0.013213767602305415,True,0.33204810161336873,1.5787219149710884e-16,0.3320481016133689,True,True
107,14,0.006668940186500549,0.001,True,True,True,0.013606599555727017,True,0.29911754467362783,1.5803098753468872e-16,0.299117544673628,True,True
107,15,0.006665896624326706,0.001,True,True,True,0.014353482468992096,True,0.26633221111577043,1.579754728497532e-16,0.2663322111157706,True,True
107,16,0.00435497984290123,0.001,True,True,True,0.017211277047584517,True,5.329070518200751e-13,1.5821345451235462e-16,5.330652652745875e-13,True,True
107,17,0.002764195203781128,0.001,True,False,False,0.021075241364567787,True,,,,,
107,18,0.001812852919101715,0.001,True,True,True,0.026229008743978988,True,1.6695236979221448,1.582416123297923e-16,1.669523697922145,True,True
107,19,0.0023488663136959076,0.001,True,True,True,0.03229558456617909,True,0.9312170881002366,1.578841084279834e-16,0.9312170881002367,True,True
107,20,0.002209234982728958,0.001,True,True,True,0.03121039813277593,True,6.5087792933127275e-09,6.920417825324231e-17,6.508779362516906e-09,True,True
108,1,0.025095341727137566,0.001,True,True,True,0.021835629503215492,True,0.2000029431066303,2.565390971990958e-13,0.20000294310688685,True,True
108,2,0.023160919547080994,0.001,True,True,True,0.01960309111161257,True,0.21677823113668793,2.5344924307791097e-13,0.21677823113694136,True,True
108,3,0.021557003259658813,0.001,True,True,True,0.017532261182752695,True,0.23526686445940137,2.540596129033579e-13,0.23526686445965542,True,True
108,4,0.020270392298698425,0.001,True,True,True,0.01560305522055433,True,0.20000000298023224,2.5431665588419155e-13,0.20000000298048656,True,True
108,5,0.019110046327114105,0.001,True,True,True,0.013876321177499207,True,0.20000000298023224,2.5431665588414843e-13,0.20000000298048656,True,True
108,6,0.01773820072412491,0.001,True,True,True,0.012270128275397474,True,0.19921031082971283,2.56533305890989e-13,0.19921031082996937,True,True
108,7,0.01650635153055191,0.001,True,True,True,0.010731283125645252,True,0.17947075740362406,2.540354652218779e-13,0.1794707574038781,True,True
108,8,0.015594631433486938,0.001,True,True,True,0.009325995349418637,True,0.12102519146942248,2.5293439857708994e-13,0.12102519146967541,True,True
108,9,0.015218973159790039,0.001,True,True,True,0.008145152748792683,True,0.06327027034464372,2.5316862868790725e-13,0.06327027034489689,True,True
108,10,0.014140743762254715,0.001,True,True,True,0.007165810791436966,True,0.09664553928766484,2.532680259986706e-13,0.09664553928791811,True,True
108,11,0.013619251549243927,0.001,True,True,True,0.005787551088135223,True,0.052168567672999266,2.5242870637764595e-13,0.052168567673251696,True,True
108,12,0.013698447495698929,0.001,True,True,True,0.004659801752007198,True,2.5285995519652715e-10,2.5245903278046363e-13,2.5311241422930763e-10,True,True
108,13,0.013971678912639618,0.001,True,False,False,0.004013076563864293,True,,,,,
108,14,0.01404031366109848,0.001,True,True,True,0.0038169309780562433,True,0.10689529161791045,2.5370573086270973e-13,0.10689529161816415,True,True
108,15,0.014630645513534546,0.001,True,True,True,0.0039422126691712744,True,0.03159568283338565,2.5313629904576795e-13,0.03159568283363879,True,True
108,16,0.012434396892786026,0.001,True,True,True,0.022128772167817612,True,1.92889260119955e-10,2.5455958378676224e-13,1.9314381970374175e-10,True,True
108,17,-0.0027850493788719177,0.001,False,True,False,0.010655855862288899,True,,,,,
108,18,-0.01740565150976181,0.001,False,True,False,7.803757640090225e-12,True,,,,,
108,19,-0.019287003204226494,0.001,False,True,False,0.0030004795759036584,True,,,,,
108,20,-0.024957001209259033,0.001,False,True,False,0.0026249655459109067,True,,,,,
109,1,0.02287927456200123,0.001,True,True,True,0.020848325337645968,True,0.1999677333470229,3.011839933168185e-17,0.19996773334702292,True,True
109,2,0.02057337760925293,0.001,True,True,True,0.020249816777227814,True,0.19999999591251086,3.011537130760068e-17,0.1999999959125109,True,True
109,3,0.018259629607200623,0.001,True,True,True,0.019691512520542687,True,0.20000000298023224,3.011537127301702e-17,0.20000000298023227,True,True
109,4,0.01669442653656006,0.001,True,True,True,0.019018266262723182,True,0.18863469916688047,3.0153947562546006e-17,0.1886346991668805,True,True
109,5,0.015374217182397842,0.001,True,True,True,0.018020208704189467,True,0.2162618706718762,3.008698476220282e-17,0.21626187067187622,True,True
109,6,0.013366565108299255,0.001,True,True,True,0.01703852684698337,True,0.16312442635385516,3.0071276859400256e-17,0.16312442635385518,True,True
109,7,0.011232022196054459,0.001,True,True,True,0.016344083557262246,True,0.08149138845440973,3.006492052018932e-17,0.08149138845440976,True,True
109,8,0.009480543434619904,0.001,True,True,True,0.015878228383393034,True,0.07626432401441186,3.0050043250912907e-17,0.07626432401441188,True,True
109,9,0.009258203208446503,0.001,True,True,True,0.015381784588572645,True,0.15668012998072278,3.005181203963087e-17,0.1566801299807228,True,True
109,10,0.006514750421047211,0.001,True,True,True,0.015067196057263144,True,0.11679799357815668,3.003944155543816e-17,0.1167979935781567,True,True
109,11,0.004287801682949066,0.001,True,True,True,0.015269491042577521,True,0.033730637623218485,3.009065622213284e-17,0.03373063762321851,True,True
109,12,0.003124680370092392,0.001,True,True,True,0.015881491058314712,True,0.3827153065297466,3.002518082415089e-17,0.38271530652974667,True,True
109,13,0.00411330908536911,0.001,True,True,True,0.016625593196634814,True,0.37501081265885006,3.002084812848932e-17,0.3750108126588501,True,True
109,14,0.002522304654121399,0.001,True,True,True,0.017397932836681562,True,0.5055031048240437,3.0053446125388904e-17,0.5055031048240437,True,True
109,15,0.003287896513938904,0.001,True,True,True,0.01841510639781352,True,0.3932827819555982,3.003456430311099e-17,0.39328278195559824,True,True
109,16,0.00351126492023468,0.001,True,True,True,0.0198359000093008,True,0.3686507535785317,3.013405236864048e-17,0.3686507535785318,True,True
109,17,0.003504924476146698,0.001,True,True,True,0.022058385435921313,True,2.1316282072803006e-14,3.02855078534984e-17,2.1346567580656504e-14,True,True
109,18,0.0031795240938663483,0.001,True,True,True,0.023640622582430715,True,4.263256414560601e-13,3.020162145854631e-17,4.2635584307751866e-13,True,True
109,19,0.003732968121767044,0.001,True,True,True,0.02453480515452955,True,0.2392346893749746,3.0010157415173234e-17,0.23923468937497464,True,True
109,20,0.0030764415860176086,0.001,True,True,True,0.00977065560989121,True,5.3290705182007514e-14,7.033535287085211e-18,5.32977387172946e-14,True,True
110,1,0.0220777690410614,0.001,True,True,True,0.018086571830968956,True,0.19986633891767347,2.0600426967013763e-16,0.19986633891767366,True,True
110,2,0.021229684352874756,0.001,True,True,True,0.015522698582201122,True,0.2025877004000033,2.0599700509694503e-16,0.20258770040000348,True,True
110,3,0.02035301923751831,0.001,True,True,True,0.01330160945446951,True,0.2050830720246184,2.0455898474712324e-16,0.2050830720246186,True,True
110,4,0.01967092603445053,0.001,True,True,True,0.011369092097500588,True,0.17816664300134,2.0618891850644462e-16,0.1781666430013402,True,True
110,5,0.018815651535987854,0.001,True,True,True,0.009766305083703797,True,0.15498510861959947,2.063737886206589e-16,0.15498510861959966,True,True
110,6,0.017519600689411163,0.001,True,True,True,0.008394414197105238,True,0.11419374103480706,2.05686889216016e-16,0.11419374103480727,True,True
110,7,0.016449961811304092,0.001,True,True,True,0.007100659247383401,True,0.08807229571370279,2.0534359844065435e-16,0.088072295713703,True,True
110,8,0.01579747349023819,0.001,True,True,True,0.005891762933812994,True,0.033662171223452386,2.0483060370817924e-16,0.033662171223452594,True,True
110,9,0.01577688381075859,0.001,True,True,True,0.004908710463528643,True,8.810729923425242e-13,2.05970640450944e-16,8.812789629829752e-13,True,True
110,10,0.014970961958169937,0.001,True,True,True,0.004040964761430732,True,0.03620004464828064,2.0538456171962622e-16,0.036200044648280846,True,True
110,11,0.014932624995708466,0.001,True,True,True,0.0032177399552388852,True,0.04650666216431709,2.0523574760525272e-16,0.0465066621643173,True,True
110,12,0.01563655212521553,0.001,True,True,True,0.0024164840477718386,True,0.057422010887089314,2.042795307497771e-16,0.057422010887089515,True,True
110,13,0.017039254307746887,0.001,True,True,True,0.001816579261008533,True,0.08300321611350858,2.075122680819838e-16,0.08300321611350879,True,True
110,14,0.010989328846335411,0.001,True,True,True,0.02902665284447714,True,0.4208500165015998,2.0546447165641618e-16,0.42085001650160003,True,True
110,15,0.006989036686718464,0.001,True,True,True,0.023018472330685213,True,0.44468742304817965,2.0549246561191907e-16,0.4446874230481799,True,True
110,16,0.0030173591803759336,0.001,True,True,True,0.01931772149271027,True,5.968558980384842e-13,2.0528632066609808e-16,5.970611843591502e-13,True,True
110,17,0.004910580813884735,0.001,True,True,True,0.013262948112592099,True,4.831690603168681e-13,2.0557547655773415e-16,4.833746357934259e-13,True,True
110,18,0.004295807331800461,0.001,True,True,True,0.02533587527027764,True,0.22988457395295114,2.1850806438870935e-16,0.22988457395295137,True,True
110,19,0.005036365240812302,0.001,True,True,True,0.028702010629983232,True,7.460698725481052e-14,2.0695572098951448e-16,7.481394297580003e-14,True,True
110,20,0.005142398178577423,0.001,True,True,True,0.028259811298030568,True,0.18089258397370234,4.74899771233567e-17,0.1808925839737024,True,True
111,1,0.019375115633010864,0.001,True,True,True,0.01669086752015142,True,0.19965326438298386,7.706468210804202e-12,0.19965326439069034,True,True
111,2,0.016412027180194855,0.001,True,True,True,0.015427172514139387,True,0.1998783159324886,7.714345859588894e-12,0.19987831594020294,True,True
111,3,0.01342325285077095,0.001,True,True,True,0.014524662848677261,True,0.20000000298023224,7.71981947975376e-12,0.20000000298795206,True,True
111,4,0.01241600513458252,0.001,True,True,True,0.013793903955365283,True,0.15147237439975125,7.639986429300955e-12,0.15147237440739125,True,True
111,5,0.011718448251485825,0.001,True,True,True,0.013079044114009064,True,0.16536891543466492,7.65901653115252e-12,0.16536891544232393,True,True
111,6,0.009236279875040054,0.001,True,True,True,0.012562958330317231,True,0.11034727032950542,7.647896841887623e-12,0.11034727033715332,True,True
111,7,0.006759770214557648,0.001,True,True,True,0.012421291191003547,True,3.356177558089257e-10,7.631135977688742e-12,3.432488917866145e-10,True,True
111,8,0.005054451525211334,0.001,True,True,True,0.012343678569184724,True,0.07938158098073345,7.647377500307295e-12,0.07938158098838083,True,True
111,9,0.005661502480506897,0.001,True,True,True,0.012610082445924764,True,0.09305217142956934,7.594020098963424e-12,0.09305217143716336,True,True
111,10,0.002924460917711258,0.001,True,True,True,0.01349745344317671,True,0.10966233204727871,7.613797390249923e-12,0.10966233205489251,True,True
111,11,0.0008523315191268921,0.001,False,False,False,0.014971066215120732,True,,,,,
111,12,-0.00038562342524528503,0.001,False,True,False,0.017000231965945856,True,,,,,
111,13,0.0013492032885551453,0.001,True,True,True,0.01938541200002397,True,1.0470185200396998,7.597207828118448e-12,1.047018520047297,True,True
111,14,0.000779367983341217,0.001,False,True,False,0.022158085035547115,True,,,,,
111,15,0.001685861498117447,0.001,True,True,True,0.025597417940482647,True,1.0122611859810533,7.591892749691712e-12,1.0122611859886452,True,True
111,16,0.0025668032467365265,0.001,True,True,True,0.029710045124581086,True,0.20707500706915738,7.767874976986577e-12,0.20707500707692525,True,True
111,17,0.004947930574417114,0.001,True,True,True,0.035142378205265445,True,0.23587873434640727,7.673951538388689e-12,0.23587873435408122,True,True
111,18,0.006006620824337006,0.001,True,True,True,0.039009625756465605,True,0.40259175717320517,7.60119200631029e-12,0.40259175718080636,True,True
111,19,0.012146968394517899,0.001,True,True,True,0.047247024650499125,True,1.6812219172379628e-08,7.709702260250935e-12,1.681992887463988e-08,True,True
111,20,0.01955322176218033,0.001,True,True,True,0.0641153510663417,True,0.14479383586419203,3.2918049362996343e-12,0.14479383586748384,True,True
112,1,0.01789511740207672,0.001,True,True,True,0.016265414759722097,True,0.1988244172983739,3.761001278808694e-14,0.19882441729841152,True,True
112,2,0.016624651849269867,0.001,True,True,True,0.015451536684718048,True,0.19250982052509258,3.727657644667554e-14,0.19250982052512985,True,True
112,3,0.015531409531831741,0.001,True,True,True,0.01435197436818142,True,0.18056197569147026,3.732584105836966e-14,0.1805619756915076,True,True
112,4,0.014640513807535172,0.001,True,True,True,0.013219823086951854,True,0.11965908054348917,3.726941314783344e-14,0.11965908054352645,True,True
112,5,0.013932805508375168,0.001,True,True,True,0.01220192509943785,True,0.04919144709581902,3.7301073887998714e-14,0.04919144709585632,True,True
112,6,0.01304452121257782,0.001,True,True,True,0.01122010613490998,True,0.04262338261922061,3.728066758264439e-14,0.04262338261925789,True,True
112,7,0.012324925512075424,0.001,True,True,True,0.010333574199956619,True,0.035459910188420984,3.730098606002276e-14,0.03545991018845829,True,True
112,8,0.01188017800450325,0.001,True,True,True,0.009595507060561725,True,0.026184165817213056,3.728463072849177e-14,0.026184165817250343,True,True
112,9,0.012311123311519623,0.001,True,True,True,0.00919022156126259,True,4.772182649048773e-11,3.7249279162288886e-14,4.775907576965002e-11,True,True
112,10,0.011891059577465057,0.001,True,True,True,0.009317407065587646,True,2.9814373192493804e-11,3.720005072515458e-14,2.9851573243218955e-11,True,True
112,11,0.011851310729980469,0.001,True,True,True,0.009701189859163017,True,0.18585918218006015,3.742599522343857e-14,0.18585918218009756,True,True
112,12,0.002162389224395156,0.001,True,True,True,0.018404616924489137,True,0.3833498542914029,3.723674462134702e-14,0.38334985429144014,True,True
112,13,-0.006834410130977631,0.001,False,True,False,0.00867095301297982,True,,,,,
112,14,-0.01800549030303955,0.001,False,True,False,2.6276758546828205e-12,True,,,,,
112,15,-0.02373124286532402,0.001,False,True,False,0.003254424623742369,True,,,,,
112,16,-0.020437128841876984,0.001,False,True,False,0.0029647487150246676,True,,,,,
112,17,-0.019606830552220345,0.001,False,True,False,0.002185470765928177,True,,,,,
112,18,-0.02023148350417614,0.001,False,True,False,0.001128021712935301,True,,,,,
112,19,-0.02227921411395073,0.001,False,True,False,1.4013790128331038e-12,True,,,,,
112,20,-0.024703891947865486,0.001,False,True,False,0.0002248331073957388,True,,,,,
113,1,0.01737191528081894,0.001,True,True,True,0.012991007469322136,True,0.20038317262438177,1.4691006402468477e-13,0.20038317262452868,True,True
113,2,0.016472406685352325,0.001,True,True,True,0.010798872076696886,True,0.15166126009351588,1.4688139057775556e-13,0.15166126009366276,True,True
113,3,0.015354525297880173,0.001,True,True,True,0.009820474824586534,True,0.040593176640065565,1.4710273916722535e-13,0.04059317664021267,True,True
113,4,0.01430874690413475,0.001,True,True,True,0.00930530823809278,True,0.10710933932417754,1.4696810020162713e-13,0.10710933932432451,True,True
113,5,0.013484925031661987,0.001,True,True,True,0.008515084083963342,True,0.12892104021878392,1.471073992216924e-13,0.12892104021893103,True,True
113,6,0.012393888086080551,0.001,True,True,True,0.007972501670268584,True,0.0712181574965065,1.4695847998947625e-13,0.07121815749665346,True,True
113,7,0.011033974587917328,0.001,True,True,True,0.008270984697926254,True,0.028192368012319946,1.467810472100447e-13,0.028192368012466728,True,True
113,8,0.009281542152166367,0.001,True,True,True,0.00978054597509026,True,6.460787460582651e-11,1.4719480827063507e-13,6.475506941409714e-11,True,True
113,9,0.007848165929317474,0.001,True,True,True,0.011488289530152018,True,0.012355749961777462,1.466344300443371e-13,0.012355749961924097,True,True
113,10,0.00575622171163559,0.001,True,True,True,0.014151160372993077,True,0.040571686172720334,1.4705829497744556e-13,0.04057168617286739,True,True
113,11,0.005655407905578613,0.001,True,True,True,0.015482782008127638,True,0.21837203272072436,1.4668223526421847e-13,0.21837203272087105,True,True
113,12,0.006086036562919617,0.001,True,True,True,0.016476573064900246,True,0.18087857469075885,1.4684934190057172e-13,0.1808785746909057,True,True
113,13,0.007440485060214996,0.001,True,True,True,0.018350230922913935,True,0.1990128546982035,1.467445092043913e-13,0.19901285469835026,True,True
113,14,0.005632922053337097,0.001,True,True,True,0.015401142764246423,True,3.1608848871655937e-10,1.4654496173490755e-13,3.1623503367829426e-10,True,True
113,15,0.004563651978969574,0.001,True,True,True,0.013234199410303238,True,0.3815998683102606,1.4744975169867072e-13,0.38159986831040804,True,True
113,16,0.003529094159603119,0.001,True,True,True,0.0127223986424016,True,8.691358743817545e-11,1.4679634990402085e-13,8.706038378807948e-11,True,True
113,17,0.0025692060589790344,0.001,True,True,True,0.009677074651706197,True,3.844036200462142e-11,1.4731612142198503e-13,3.8587678126043407e-11,True,True
113,18,0.0022386275231838226,0.001,True,True,True,0.008649276541894735,True,1.6703083360880555e-11,1.4843364257879857e-13,1.6851517003459355e-11,True,True
113,19,0.002750009298324585,0.001,True,True,True,0.009263327479098915,True,9.202238970829058e-11,1.5472215302946296e-13,9.217711186132004e-11,True,True
113,20,0.0031983740627765656,0.001,True,True,True,0.01238585684931326,True,7.205791519027116e-11,3.102649749672056e-14,7.208894168776789e-11,True,True
114,1,0.014254886656999588,0.001,True,True,True,0.01159878693280525,True,0.19966736734540802,1.0619431724164003e-16,0.19966736734540813,True,True
114,2,0.013050895184278488,0.001,True,True,True,0.00966378147937802,True,0.12214004848275639,1.0590330922463789e-16,0.1221400484827565,True,True
114,3,0.013376187533140182,0.001,True,True,True,0.007912770297328786,True,0.04636329596797495,1.0622565832987432e-16,0.04636329596797505,True,True
114,4,0.011071529239416122,0.001,True,True,True,0.006550591515347426,True,0.15149651601976988,1.0588500727520496e-16,0.15149651601977,True,True
114,5,0.009217258542776108,0.001,True,False,False,0.005498444323864093,True,,,,,
114,6,0.009459283202886581,0.001,True,True,True,0.004706867387543334,True,0.0847584412230109,1.0584920916334682e-16,0.08475844122301102,True,True
114,7,0.009856786578893661,0.001,True,True,True,0.004342425069081557,True,0.004812280044442119,1.0587468142613768e-16,0.004812280044442225,True,True
114,8,0.009980857372283936,0.001,True,True,True,0.004639007999882483,True,2.842170943040401e-14,1.061749036535523e-16,2.852788433405756e-14,True,True
114,9,0.011277657002210617,0.001,True,True,True,0.004658865165787285,True,0.09956984286784198,1.0590774048287812e-16,0.0995698428678421,True,True
114,10,0.003788004396483302,0.001,True,True,True,0.016039825223329363,True,0.1668961554837125,1.0577195587080835e-16,0.16689615548371262,True,True
114,11,0.011998435482382774,0.001,True,True,True,0.009351240892747192,True,0.17151191692761536,1.0583825440821359e-16,0.17151191692761547,True,True
114,12,0.014241918921470642,0.001,True,False,False,0.002508296812856914,True,,,,,
114,13,0.012755313888192177,0.001,True,True,True,3.3306690738754696e-15,True,0.19998324536293133,1.0622928633757863e-16,0.19998324536293144,True,True
114,14,0.015733852982521057,0.001,True,True,True,0.01141945384144416,True,0.22036841643912464,1.0672955412789705e-16,0.22036841643912475,True,True
114,15,0.015362530946731567,0.001,True,True,True,0.009866936260526926,True,0.09529324489218638,1.0576433656155211e-16,0.09529324489218649,True,True
114,16,0.01379796490073204,0.001,True,True,True,0.008197367535957012,True,1.865174681370263e-13,1.0572111903703381e-16,1.8662318925606333e-13,True,True
114,17,0.009745225310325623,0.001,True,True,True,0.006788535034416232,True,6.039613253960852e-14,1.0588140416692955e-16,6.050201394377545e-14,True,True
114,18,0.009336765855550766,0.001,True,True,True,0.007261693219748289,True,0.2525831573470523,1.0625295060165471e-16,0.2525831573470524,True,True
114,19,0.007170945405960083,0.001,True,True,True,0.009753292521069046,True,0.07639894140040937,1.0570548433794841e-16,0.07639894140040948,True,True
114,20,0.008177604526281357,0.001,True,True,True,0.012790410270991148,True,4.3520742565306136e-14,2.1709385614115814e-17,4.354245195092025e-14,True,True
115,1,0.012895546853542328,0.001,True,True,True,0.009908782015111195,True,0.17069533936481407,2.178740614723126e-15,0.17069533936481623,True,True
115,2,0.010700400918722153,0.001,True,True,True,0.009179086900877598,True,0.12546851511064627,2.178656353657008e-15,0.12546851511064844,True,True
115,3,0.008325457572937012,0.001,True,True,True,0.00859806429519766,True,0.11087453642091383,2.1788033456015696e-15,0.110874536420916,True,True
115,4,0.00793137401342392,0.001,True,True,True,0.007928429187331665,True,0.18660673903073843,2.179578827186832e-15,0.18660673903074063,True,True
115,5,0.007967505604028702,0.001,True,True,True,0.007665877506059238,True,0.20000000298023224,2.179214585209381e-15,0.20000000298023443,True,True
115,6,0.00652255117893219,0.001,True,True,True,0.00727082933290929,True,2.6432189770275727e-11,2.1787177582568576e-15,2.6434368488033984e-11,True,True
115,7,0.0051324740052223206,0.001,True,True,True,0.006720940535778264,True,5.092815058560518e-09,2.1780450518497842e-15,5.0928172366055695e-09,True,True
115,8,0.00311892107129097,0.001,True,False,False,0.006252298077442764,True,,,,,
115,9,0.0030205324292182922,0.001,True,True,True,0.0055905602802049925,True,0.05513910621579754,2.178763595262346e-15,0.05513910621579972,True,True
115,10,0.0036984309554100037,0.001,True,True,True,0.005097158136108393,True,0.01890668711589072,2.17892087288329e-15,0.018906687115892898,True,True
115,11,0.009454172104597092,0.001,True,True,True,0.0040070502723134616,True,0.1818853024551017,2.178925547184804e-15,0.1818853024551039,True,True
115,12,0.012739770114421844,0.001,True,False,False,0.0037828762663252302,True,,,,,
115,13,0.013195332139730453,0.001,True,True,True,0.0052499697907203435,True,0.18546721817585016,2.1802256828288366e-15,0.18546721817585235,True,True
115,14,0.012555774301290512,0.001,True,False,False,0.00907596656298415,True,,,,,
115,15,0.010234501212835312,0.001,True,True,True,0.014888540378383941,True,1.8394175071989594e-12,2.1808666700058755e-15,1.841598373868965e-12,True,True
115,16,0.009166257455945015,0.001,True,True,True,0.01635613302242034,True,4.320099833421409e-12,2.1792179240421346e-15,4.322279051345451e-12,True,True
115,17,0.007561430335044861,0.001,True,True,True,0.009511689088033848,True,6.963318810448982e-13,2.1851090562956684e-15,6.985169901011939e-13,True,True
115,18,0.010291825979948044,0.001,True,False,False,0.009240547230415341,True,,,,,
115,19,0.0118040069937706,0.001,True,True,True,0.009730970266475958,True,0.1925341195729544,2.211295487786396e-15,0.19253411957295663,True,True
115,20,0.011084334924817085,0.001,True,True,True,0.022774287206752453,True,8.189005029635155e-13,2.963999584016233e-16,8.191969029219171e-13,True,True
116,1,0.01129624992609024,0.001,True,True,True,0.009699390226015625,True,0.22768063122216287,1.942647586018184e-15,0.2276806312221648,True,True
116,2,0.01029893383383751,0.001,True,True,True,0.009340145835911862,True,0.21770999730701668,1.943216597114155e-15,0.21770999730701862,True,True
116,3,0.009578637778759003,0.001,True,True,True,0.008780889086937582,True,0.16996338317210657,1.943529494573913e-15,0.16996338317210852,True,True
116,4,0.008914139121770859,0.001,True,True,True,0.008205478557087753,True,0.16220041931206808,1.944424498773603e-15,0.16220041931207002,True,True
116,5,0.009096581488847733,0.001,True,True,True,0.007284966847153962,True,0.10066766512707837,1.9431696360754293e-15,0.10066766512708031,True,True
116,6,0.00927891954779625,0.001,True,True,True,0.006490499786244608,True,0.026491575532041622,1.943256729667569e-15,0.026491575532043565,True,True
116,7,0.009256049990653992,0.001,True,True,True,0.006016123865902057,True,1.3038459201197838e-12,1.9460326323405157e-15,1.3057919527521244e-12,True,True
116,8,0.008535712957382202,0.001,True,True,True,0.00557870098326041,True,2.462030579408747e-12,1.945705510348114e-15,2.463976284919095e-12,True,True
116,9,0.01062282919883728,0.001,True,True,True,0.005380713218852362,True,0.1848907042415604,1.942624761180568e-15,0.18489070424156234,True,True
116,10,0.011888433247804642,0.001,True,False,False,0.006198384339934082,True,,,,,
116,11,0.011992059648036957,0.001,True,True,True,0.00807457940237688,True,0.19460829733562146,1.9455604856954226e-15,0.1946082973356234,True,True
116,12,0.013217002153396606,0.001,True,True,True,0.009349580865512352,True,0.19970647738538724,1.9459049980761444e-15,0.1997064773853892,True,True
116,13,0.01101728156208992,0.001,True,True,True,0.011395129183649932,True,0.2088337747530815,1.9434855704537823e-15,0.20883377475308346,True,True
116,14,0.006925645750015974,0.001,True,True,True,0.008724302175571852,True,1.3628209671878722e-11,1.942849517335891e-15,1.3630152521396057e-11,True,True
116,15,0.012818515300750732,0.001,True,True,True,0.011115869105240705,True,0.08684030713122226,1.9421928060741773e-15,0.0868403071312242,True,True
116,16,0.01095719262957573,0.001,True,True,True,0.010123008761506014,True,0.04020018142453097,1.9438100277822906e-15,0.04020018142453291,True,True
116,17,0.010414555668830872,0.001,True,True,True,0.010449309219760339,True,0.09441672848020666,1.943342778778083e-15,0.0944167284802086,True,True
116,18,0.010355532169342041,0.001,True,True,True,0.01256126531357249,True,0.06379793447807636,1.9441859525436738e-15,0.0637979344780783,True,True
116,19,0.01016509160399437,0.001,True,True,True,0.016351148944197758,True,0.014509429985370303,1.947196236143537e-15,0.01450942998537225,True,True
116,20,0.01090431958436966,0.001,True,True,True,0.020858916772605596,True,6.767919558114954e-13,2.2165264273535653e-16,6.770136084542308e-13,True,True
117,1,0.010796736925840378,0.001,True,False,False,0.008383276807691298,True,,,,,
117,2,0.010368727147579193,0.001,True,True,True,0.007119296934766928,True,0.19757712551287204,2.908796346641864e-16,0.19757712551287232,True,True
117,3,0.009817447513341904,0.001,True,True,True,0.006313430634250827,True,5.95967719618784e-13,2.8934721396675903e-16,5.962570668327508e-13,True,True
117,4,0.009202029556035995,0.001,True,True,True,0.00576284806633931,True,0.002704548908866844,2.8589298417680614e-16,0.0027045489088671298,True,True
117,5,0.008703164756298065,0.001,True,True,True,0.005765833918676577,True,0.16643097488258718,2.87768592749468e-16,0.16643097488258746,True,True
117,6,0.008566483855247498,0.001,True,True,True,0.005778699460502856,True,0.09914719546416784,2.878531301854939e-16,0.09914719546416813,True,True
117,7,0.008220382034778595,0.001,True,True,True,0.006038781590498532,True,0.032219466134634445,2.889466835249444e-16,0.032219466134634736,True,True
117,8,0.007048759609460831,0.001,True,True,True,0.007147762050138284,True,5.080380560684716e-13,2.8683339420793094e-16,5.083248894626796e-13,True,True
117,9,0.011153046041727066,0.001,True,False,False,0.008759563801964243,True,,,,,
117,10,0.007540659047663212,0.001,True,True,True,0.005649788364530561,True,0.20792939851901693,2.8770865254707916e-16,0.2079293985190172,True,True
117,11,0.0036782659590244293,0.001,True,True,True,0.007895173447372339,True,0.1682200419667481,2.8758041207503526e-16,0.1682200419667484,True,True
117,12,0.006036076694726944,0.001,True,True,True,0.008144839255882719,True,0.04600219801533534,2.9035405691821127e-16,0.04600219801533563,True,True
117,13,0.011748336255550385,0.001,True,True,True,0.007689928948586111,True,0.14634337546590004,2.874441945439767e-16,0.14634337546590032,True,True
117,14,0.013597339391708374,0.001,True,True,True,0.007184790801884611,True,0.13264715631170798,2.8830396319873675e-16,0.13264715631170826,True,True
117,15,0.012320421636104584,0.001,True,True,True,0.007272536127559237,True,2.362554596402333e-13,2.8717416501082744e-16,2.3654263380524414e-13,True,True
117,16,0.011120125651359558,0.001,True,True,True,0.005853955893571627,True,0.03271305015908865,2.8854582952040677e-16,0.032713050159088944,True,True
117,17,0.011001281440258026,0.001,True,True,True,0.005587037273251827,True,2.5224267119483557e-13,2.8786530458390717e-16,2.5253053649941947e-13,True,True
117,18,0.00835864432156086,0.001,True,True,True,0.01748682731402329,True,0.5333834088167109,2.878118428059537e-16,0.5333834088167112,True,True
117,19,-0.0011597797274589539,0.001,False,True,False,0.009564084960927088,True,,,,,
117,20,-0.005242690443992615,0.001,False,True,False,5.81756864903582e-14,True,,,,,
118,1,0.0097254179418087,0.001,True,True,True,0.007297483541740424,True,0.17583798969249909,5.082398279937679e-16,0.17583798969249959,True,True
118,2,0.009121544659137726,0.001,True,True,True,0.006334385331854597,True,0.11641170440465665,5.08527705725476e-16,0.11641170440465716,True,True
118,3,0.008601251989603043,0.001,True,True,True,0.005543826459831536,True,1.234568003383174e-12,5.090323815981343e-16,1.2350770357647721e-12,True,True
118,4,0.00974912941455841,0.001,True,True,True,0.00497016932677341,True,0.034938340671139656,5.090062471741328e-16,0.03493834067114016,True,True
118,5,0.008050024509429932,0.001,True,True,True,0.004942265446238436,True,0.20000000298023224,5.104604346702932e-16,0.20000000298023274,True,True
118,6,0.007711783051490784,0.001,True,True,True,0.005528878487726208,True,0.06916654042167636,5.087548714151101e-16,0.06916654042167687,True,True
118,7,0.008777812123298645,0.001,True,True,True,0.006349819958621772,True,0.12263503511832852,5.07513680837829e-16,0.12263503511832903,True,True
118,8,0.010424699634313583,0.001,True,True,True,0.007017448802289272,True,0.1604890629378648,5.090864225200505e-16,0.1604890629378653,True,True
118,9,0.010751411318778992,0.001,True,False,False,0.007473605279234463,True,,,,,
118,10,0.00834735855460167,0.001,True,False,False,0.007163561200454249,True,,,,,
118,11,0.008910730481147766,0.001,True,True,True,0.009765748863996337,True,0.089613285434055,5.077339289944218e-16,0.08961328543405551,True,True
118,12,0.008944075554609299,0.001,True,True,True,0.011443154097392272,True,0.04455279585037353,5.079369711435958e-16,0.044552795850374034,True,True
118,13,0.009601205587387085,0.001,True,True,True,0.011268002406587097,True,0.09196720822246451,5.06861020784446e-16,0.09196720822246503,True,True
118,14,0.008524604141712189,0.001,True,True,True,0.011704875613065269,True,8.739675649849232e-13,5.084370720085233e-16,8.744760020569318e-13,True,True
118,15,0.009652890264987946,0.001,True,True,True,0.010105451191645631,True,0.0580268068222356,5.094063484878329e-16,0.058026806822236106,True,True
118,16,0.00846068561077118,0.001,True,True,True,0.009556557930284537,True,0.003342403886096079,5.067299360365177e-16,0.0033424038860965857,True,True
118,17,0.00621548667550087,0.001,True,True,True,0.01017842088623322,True,3.552713678800501e-15,5.086698028549149e-16,4.061383481655416e-15,True,True
118,18,0.0064916834235191345,0.001,True,True,True,0.011493816511139343,True,6.679101716144942e-13,5.096519849363685e-16,6.684198235994305e-13,True,True
118,19,0.00751819834113121,0.001,True,True,True,0.014276230659581723,True,6.927791673660977e-13,5.28439593308177e-16,6.933076069594059e-13,True,True
118,20,0.0017711257096379995,0.001,True,True,True,0.018589412446058273,True,7.283063041541027e-13,1.3832553604806722e-16,7.284446296901507e-13,True,True
119,1,0.008566603064537048,0.001,True,True,True,0.007158896082287924,True,0.1911930014358889,1.0578389242966772e-12,0.19119300143694676,True,True
119,2,0.007300190627574921,0.001,True,True,True,0.0071841607598969745,True,6.521929662994808e-10,1.0617882290632382e-12,6.53254754528544e-10,True,True
119,3,0.006633631885051727,0.001,True,True,True,0.0070320289203951725,True,0.1824727928515948,1.059814528336863e-12,0.1824727928526546,True,True
119,4,0.005259163677692413,0.001,True,True,True,0.007166214745365773,True,5.483933307459665e-10,1.0606603936867702e-12,5.494539911396532e-10,True,True
119,5,0.0070858001708984375,0.001,True,False,False,0.007349569140548906,True,,,,,
119,6,0.008267410099506378,0.001,True,True,True,0.00734658700574925,True,0.20705030562161575,1.0593940626068918e-12,0.20705030562267515,True,True
119,7,0.0082508884370327,0.001,True,True,True,0.007780999754929685,True,0.13934073306278982,1.0611861807224224e-12,0.139340733063851,True,True
119,8,0.00822821632027626,0.001,True,False,False,0.008991320077552156,True,,,,,
119,9,0.007788302376866341,0.001,True,True,True,0.006814937753181538,True,0.04308872847066425,1.0575988731177525e-12,0.04308872847172185,True,True
119,10,0.008663300424814224,0.001,True,True,True,0.008554967140228131,True,8.32425683938709e-10,1.055733729316613e-12,8.334814176680256e-10,True,True
119,11,0.01034509390592575,0.001,True,True,True,0.011704321102100734,True,0.06192586538880995,1.0569932751151681e-12,0.06192586538986695,True,True
119,12,0.011691823601722717,0.001,True,True,True,0.01103813567907963,True,0.07388598341099117,1.0556483166361427e-12,0.07388598341204682,True,True
119,13,0.012223657220602036,0.001,True,True,True,0.011712471751771258,True,0.06675818702438607,1.0562858993499239e-12,0.06675818702544235,True,True
119,14,0.01288679614663124,0.001,True,True,True,0.014887039630157695,True,3.914628621259908e-10,1.0674481746103858e-12,3.925303103006012e-10,True,True
119,15,0.011462781578302383,0.001,True,True,True,0.008655231340511216,True,0.05158338786503158,1.0606616128197267e-12,0.05158338786609224,True,True
119,16,0.011256594210863113,0.001,True,True,True,0.009912624158826988,True,5.786358059367558e-10,1.0650496429728709e-12,5.797008555797287e-10,True,True
119,17,0.012276686728000641,0.001,True,True,True,0.011579966964745059,True,6.42800301875468e-09,1.0675692609822327e-12,6.429070588015662e-09,True,True
119,18,0.012821312993764877,0.001,True,True,True,0.013623096317413763,True,2.879856353388277e-10,1.063697639383718e-12,2.8904933297821144e-10,True,True
119,19,0.014505021274089813,0.001,True,True,True,0.01603322046078587,True,4.6010129040041647e-10,1.0826485754102582e-12,4.611839389758267e-10,True,True
119,20,0.018385887145996094,0.001,True,True,True,0.018987018438908876,True,3.705591389291385e-10,2.0289075092060132e-13,3.707620296800591e-10,True,True
120,1,0.008275307714939117,0.001,True,True,True,0.006292628195101069,True,0.13241007468192878,1.5233190735466347e-13,0.1324100746820811,True,True
120,2,0.008142061531543732,0.001,True,True,True,0.005600862567935183,True,0.08367483360603245,1.5226531049460465e-13,0.08367483360618472,True,True
120,3,0.007998362183570862,0.001,True,False,False,0.005256952679530524,True,,,,,
120,4,0.007602483034133911,0.001,True,True,True,0.005213630968530225,True,0.1318249281372701,1.5234959797309672e-13,0.13182492813742244,True,True
120,5,0.008508473634719849,0.001,True,False,False,0.005532868497653665,True,,,,,
120,6,0.008998043835163116,0.001,True,False,False,0.00575839079895013,True,,,,,
120,7,0.008485566824674606,0.001,True,True,True,0.006088844748867062,True,0.20401577691101913,1.5234566586818491e-13,0.20401577691117148,True,True
120,8,0.0049245902337133884,0.001,True,True,True,0.010332926984599533,True,0.3738721761293533,1.5226707087197782e-13,0.3738721761295056,True,True
120,9,0.008202939294278622,0.001,True,True,True,0.0013284330725158444,True,1.8991386241395958e-10,1.5236262773564206e-13,1.900662250416952e-10,True,True
120,10,0.00947359949350357,0.001,True,True,True,0.015290666188000734,True,0.6924708416096053,1.522213471882478e-13,0.6924708416097575,True,True
120,11,0.007297798991203308,0.001,True,True,True,0.013876828291579157,True,0.6635799963162228,1.5255086455279842e-13,0.6635799963163753,True,True
120,12,0.006434764713048935,0.001,True,True,True,0.012099980886748796,True,0.2099448309787313,1.5199721579057432e-13,0.20994483097888328,True,True
120,13,0.008167684078216553,0.001,True,True,True,0.009880178287519026,True,1.8394530343357474e-10,1.5244794673836732e-13,1.840977513803131e-10,True,True
120,14,0.009560108184814453,0.001,True,True,True,0.006775804333011504,True,0.0488405636639726,1.5214231570624083e-13,0.048840563664124745,True,True
120,15,0.009832493960857391,0.001,True,True,True,0.00745474825821707,True,0.02905336195454744,1.5214319073767723e-13,0.029053361954699583,True,True
120,16,0.011016905307769775,0.001,True,True,True,0.009099724151014343,True,0.08022285520456052,1.526877464009692e-13,0.0802228552047132,True,True
120,17,0.012649334967136383,0.001,True,True,True,0.011606099612621268,True,6.745466407664935e-10,1.5240004114484057e-13,6.746990408076384e-10,True,True
120,18,0.014677483588457108,0.001,True,True,True,0.014476776870894048,True,2.0181190052426246e-10,1.5278944624866997e-13,2.0196468997051111e-10,True,True
120,19,0.01702626794576645,0.001,True,True,True,0.017374042503650378,True,3.32563310223577e-10,1.558166465301903e-13,3.327191268701072e-10,True,True
120,20,0.01972309499979019,0.001,True,True,True,0.020471997838935996,True,5.4563908946647643e-11,2.728455632710901e-14,5.459119350297475e-11,True,True
121,1,0.007692977786064148,0.001,True,True,True,0.006544033789457004,True,0.20650518108899973,1.124310261735281e-13,0.20650518108911217,True,True
121,2,0.0065882205963134766,0.001,True,True,True,0.006794011428044089,True,1.284021777792077e-10,1.125291260930562e-13,1.2851470690530076e-10,True,True
121,3,0.00795319676399231,0.001,True,True,True,0.00704183862895208,True,0.2000000104301295,1.1250003702515006e-13,0.200000010430242,True,True
121,4,0.007288552820682526,0.001,True,False,False,0.0072192931002378335,True,,,,,
121,5,0.00699862465262413,0.001,True,False,False,0.007676145720573513,True,,,,,
121,6,0.007560886442661285,0.001,True,True,True,0.008308708086290362,True,0.2562277993842681,1.1241959009395924e-13,0.2562277993843805,True,True
121,7,0.006403785198926926,0.001,True,False,False,0.009123845618486448,True,,,,,
121,8,0.00694308802485466,0.001,True,True,True,0.010122100254438826,True,3.9026915032991383e-10,1.124701974940591e-13,3.903816205274079e-10,True,True
121,9,0.01107209175825119,0.001,True,True,True,0.01018514362574463,True,0.1999451014843475,1.1252334278133204e-13,0.19994510148446,True,True
121,10,0.009763222187757492,0.001,True,True,True,0.010695767643829512,True,0.1889788008958026,1.1250519132017689e-13,0.1889788008959151,True,True
121,11,0.008452892303466797,0.001,True,True,True,0.010098351479289558,True,3.892459687904193e-10,1.1248283823589748e-13,3.893584516286552e-10,True,True
121,12,0.009933381341397762,0.001,True,True,True,0.021195704578748087,True,0.21811705374706492,1.1242727319951518e-13,0.21811705374717735,True,True
121,13,0.01206754520535469,0.001,True,True,True,0.0066754923505325525,True,6.729550250383909e-11,1.1266145887298071e-13,6.740816396271207e-11,True,True
121,14,0.010210298001766205,0.001,True,True,True,0.008899305936099222,True,2.2782842279411852e-10,1.1247568624337076e-13,2.279408984803619e-10,True,True
121,15,0.00977536290884018,0.001,True,True,True,0.011157992447384024,True,9.36140054363932e-11,1.1259715805430722e-13,9.37266025944475e-11,True,True
121,16,0.012426607310771942,0.001,True,True,True,0.013740986183460313,True,1.070090813293234e-06,1.1237110113522672e-13,1.0700909256643353e-06,True,True
121,17,0.01491839811205864,0.001,True,True,True,0.016798655310101385,True,6.259170959310723e-11,1.1257702564059182e-13,6.270428661874782e-11,True,True
121,18,0.017784275114536285,0.001,True,True,True,0.019777510467792303,True,2.5136781545143094e-10,1.1264425331659182e-13,2.514804597047475e-10,True,True
121,19,0.020192109048366547,0.001,True,True,True,0.022846254521125542,True,0.02667997917986531,1.1229729583440395e-13,0.026679979179977605,True,True
121,20,0.022366248071193695,0.001,True,True,True,0.026748342985778994,True,2.5512925105886097e-11,1.6754985648331516e-14,2.5529680091534428e-11,True,True
122,1,0.007660314440727234,0.001,True,False,False,0.006547834932944918,True,,,,,
122,2,0.0077529177069664,0.001,True,True,True,0.0065986493049115524,True,0.170150708879806,2.368475193508689e-13,0.17015070888004283,True,True
122,3,0.00805332139134407,0.001,True,True,True,0.0068924199768807815,True,0.20000000298023224,2.3693786443162584e-13,0.2000000029804692,True,True
122,4,0.008210312575101852,0.001,True,True,True,0.007275570984169755,True,0.20000000298023224,2.369378644315986e-13,0.2000000029804692,True,True
122,5,0.007868167012929916,0.001,True,True,True,0.008381466733260401,True,0.19618163572898695,2.3672647620621667e-13,0.19618163572922367,True,True
122,6,0.009276524186134338,0.001,True,True,True,0.009478298466986723,True,0.19982767947729874,2.368860122586403e-13,0.19982767947753563,True,True
122,7,0.0068652634508907795,0.001,True,True,True,0.004967008551599483,True,6.970140020712279e-10,2.3676086923016097e-13,6.97250762940458e-10,True,True
122,8,0.008472796529531479,0.001,True,True,True,0.005430001630674308,True,0.11257044867858212,2.3671683170173615e-13,0.11257044867881884,True,True
122,9,0.007071021944284439,0.001,True,True,True,0.005890680175555274,True,0.06150419672375662,2.36693845518197e-13,0.061504196723993314,True,True
122,10,0.009462565183639526,0.001,True,True,True,0.0051629715527219955,True,0.026864111807002544,2.365809756523704e-13,0.026864111807239126,True,True
122,11,0.009107057005167007,0.001,True,True,True,0.007477843180268617,True,2.901288098655641e-10,2.3698671132872104e-13,2.9036579657689285e-10,True,True
122,12,0.00857439637184143,0.001,True,True,True,0.0056157223909189535,True,8.86473117134301e-11,2.3712188011043893e-13,8.888443359354054e-11,True,True
122,13,0.009613782167434692,0.001,True,True,True,0.005766233985267877,True,0.4518256984152842,2.366927489724618e-13,0.4518256984155209,True,True
122,14,0.01032225787639618,0.001,True,True,True,0.006834591354453079,True,0.2636923952745942,2.3683076984424903e-13,0.263692395274831,True,True
122,15,0.011897127144038677,0.001,True,True,True,0.019797802490960748,True,0.11197966410480831,2.3668300822970844e-13,0.111979664105045,True,True
122,16,0.013412491418421268,0.001,True,True,True,0.019336067199566487,True,4.431157663020713e-10,2.3684834057869596e-13,4.4335261464264995e-10,True,True
122,17,0.015812864527106285,0.001,True,True,True,0.020251041285149096,True,8.907541371172556e-10,2.3680402112251763e-13,8.909909411383782e-10,True,True
122,18,0.01880452036857605,0.001,True,True,True,0.021611073054092156,True,0.03640103310180365,2.3693378339143757e-13,0.036401033102040584,True,True
122,19,0.02345881797373295,0.001,True,True,True,0.02237670665328506,True,1.4511414292428526e-10,2.369191210407372e-13,1.45351062045326e-10,True,True
122,20,0.02809150516986847,0.001,True,True,True,0.016730427536787995,True,5.0499382453494945e-11,3.268719409221824e-14,5.053206964758716e-11,True,True
123,1,0.007609710097312927,0.001,True,True,True,0.006468308849719218,True,0.20813435409344905,6.447546754697137e-14,0.20813435409351352,True,True
123,2,0.007579006254673004,0.001,True,True,True,0.006814304779402924,True,0.20000000298023224,6.492658706027904e-14,0.20000000298029716,True,True
123,3,0.007832713425159454,0.001,True,True,True,0.007285099169137499,True,0.20935084043360774,6.448086031709928e-14,0.20935084043367222,True,True
123,4,0.008119113743305206,0.001,True,True,True,0.007825766105845733,True,0.23730148823056396,6.443689409028819e-14,0.2373014882306284,True,True
123,5,0.009475167840719223,0.001,True,True,True,0.008210949457057748,True,0.14254352533361825,6.448070440014258e-14,0.14254352533368272,True,True
123,6,0.006884447298943996,0.001,True,True,True,0.015103723217713694,True,0.5448160363641463,6.453517659380689e-14,0.5448160363642108,True,True
123,7,0.011197216808795929,0.001,True,True,True,0.017371389788085723,True,0.19691515134798762,6.471095734336049e-14,0.19691515134805232,True,True
123,8,0.006713118404150009,0.001,True,True,True,0.01712134600842269,True,0.33146403262231594,6.434741987396897e-14,0.3314640326223803,True,True
123,9,0.00726744532585144,0.001,True,True,True,0.016495599995391297,True,0.37240092388149826,6.451774476684844e-14,0.37240092388156276,True,True
123,10,0.006656009703874588,0.001,True,True,True,0.015168517488229172,True,5.092468668976835e-10,6.471235976633063e-14,5.093115792574499e-10,True,True
123,11,0.008051306009292603,0.001,True,True,True,0.01382871056936219,True,0.20085395302528752,6.441406219375016e-14,0.20085395302535194,True,True
123,12,0.007068663835525513,0.001,True,True,True,0.01369239618408613,True,0.2865206509102052,6.452507772173755e-14,0.2865206509102697,True,True
123,13,0.005576528608798981,0.001,True,True,True,0.013864647507004335,True,6.779288241887116e-11,6.448823340436631e-14,6.785737065227553e-11,True,True
123,14,0.007534295320510864,0.001,True,True,True,0.014725980991197374,True,0.19046857089918134,6.439138488397859e-14,0.19046857089924574,True,True
123,15,0.009016953408718109,0.001,True,True,True,0.016462508339878,True,0.0678368975086574,6.447720707901162e-14,0.06783689750872188,True,True
123,16,0.011577460914850235,0.001,True,True,True,0.018997426874506007,True,0.017872977164839376,6.459010156640007e-14,0.017872977164903967,True,True
123,17,0.012866057455539703,0.001,True,True,True,0.02243904629073462,True,0.008959262314022887,6.464073010409377e-14,0.008959262314087528,True,True
123,18,0.014290645718574524,0.001,True,True,True,0.026502216391285638,True,1.0085177137852952e-10,6.476999822074413e-14,1.0091654137675027e-10,True,True
123,19,0.016064494848251343,0.001,True,True,True,0.03054452863427093,True,1.2867427123808284e-09,6.541539174210661e-14,1.2868081277725705e-09,True,True
123,20,0.016247574239969254,0.001,True,True,True,0.03548511776245222,True,4.89350782117981e-11,1.2327504702488642e-14,4.894740571650059e-11,True,True
124,1,0.007674507796764374,0.001,True,True,True,0.006747250715869957,True,0.20000000298023224,3.5879330780121344e-12,0.20000000298382017,True,True
124,2,0.008748825639486313,0.001,True,True,True,0.007160880516183077,True,0.17749981285458993,3.5787471064140835e-12,0.17749981285816868,True,True
124,3,0.008403938263654709,0.001,True,True,True,0.00804626301609751,True,0.18850849415332882,3.6013742582391616e-12,0.1885084941569302,True,True
124,4,0.008033107966184616,0.001,True,False,False,0.009296119724143015,True,,,,,
124,5,0.009700074791908264,0.001,True,True,True,0.010435217257927953,True,0.11948179834362938,3.576152972159132e-12,0.11948179834720553,True,True
124,6,0.009456869214773178,0.001,True,True,True,0.011618670421978505,True,0.198876389890979,3.5923509615672944e-12,0.19887638989457135,True,True
124,7,0.010242141783237457,0.001,True,True,True,0.01250369460303824,True,0.2528712458493878,3.5825462949455228e-12,0.2528712458529703,True,True
124,8,0.010046858340501785,0.001,True,True,True,0.01108757386405379,True,0.2128082645712901,3.572405819285029e-12,0.2128082645748625,True,True
124,9,0.00819731131196022,0.001,True,True,True,0.010211467314185874,True,0.22787771058248296,3.572459543468243e-12,0.2278777105860554,True,True
124,10,0.007043708115816116,0.001,True,True,True,0.009293631656124846,True,1.1565170154881343e-08,3.5793837622664045e-12,1.156874953864361e-08,True,True
124,11,0.01513705775141716,0.001,True,True,True,0.0006964235017435372,True,0.08887096818476525,3.6017414764301198e-12,0.088870968188367,True,True
124,12,0.014711208641529083,0.001,True,True,True,2.2116419806650356e-10,True,0.04447391053296634,3.5753994365761034e-12,0.04447391053654174,True,True
124,13,0.014743659645318985,0.001,True,True,True,0.00012829538919167938,True,0.11833096376140162,3.5784327174705365e-12,0.11833096376498005,True,True
124,14,0.01511581800878048,0.001,True,True,True,0.026018558456294305,True,0.17151436562466138,3.5764290250879382e-12,0.1715143656282378,True,True
124,15,0.01365206204354763,0.001,True,True,True,0.026210816743994725,True,0.10713831337936242,3.575254071761206e-12,0.10713831338293767,True,True
124,16,0.016322147101163864,0.001,True,True,True,0.02555368484539955,True,4.5680222271471393e-08,3.577841769655849e-12,4.568380011324105e-08,True,True
124,17,0.02007577195763588,0.001,True,True,True,0.02560364803071391,True,4.9289177184164146e-09,3.580503686580539e-12,4.9324982221029955e-09,True,True
124,18,0.024838507175445557,0.001,True,True,True,0.022065895224051557,True,3.4018388106460407e-09,3.5792284467423166e-12,3.405418039092783e-09,True,True
124,19,0.02677873522043228,0.001,True,True,True,0.0479433976419652,True,1.1395069776654054e-08,3.5910088736359426e-12,1.139866078552769e-08,True,True
124,20,0.020098775625228882,0.001,True,True,True,0.04837658460441929,True,0.24326665669631353,4.3526524339720576e-13,0.2432666566967488,True,True
125,1,0.008327491581439972,0.001,True,True,True,0.008056538227388443,True,0.23953388268575182,1.8744513706210035e-14,0.23953388268577055,True,True
125,2,0.008206676691770554,0.001,True,True,True,0.0085312364090398,True,0.1485604114622232,1.8700765887069487e-14,0.14856041146224191,True,True
125,3,0.008398357778787613,0.001,True,True,True,0.0025381324882538525,True,0.21955929196344393,1.8724490335518908e-14,0.21955929196346266,True,True
125,4,0.005447957664728165,0.001,True,True,True,0.005516200031175478,True,0.3540811421719212,1.8748700725325268e-14,0.35408114217194,True,True
125,5,0.0056681446731090546,0.001,True,True,True,0.005962117566851999,True,0.08302498666557945,1.8716674106189185e-14,0.08302498666559817,True,True
125,6,0.007477719336748123,0.001,True,True,True,0.005945143438643663,True,0.1665670024916217,1.8727870636509427e-14,0.16656700249164044,True,True
125,7,0.007289797067642212,0.001,True,True,True,0.005907240340248032,True,0.09565256151469015,1.8732217746892178e-14,0.09565256151470888,True,True
125,8,0.005123000591993332,0.001,True,True,True,0.0070938517385956135,True,0.022803450385520563,1.8720752948911984e-14,0.022803450385539284,True,True
125,9,0.005174987018108368,0.001,True,True,True,0.007547560450424096,True,1.0235723379992123e-10,1.8727277225124233e-14,1.0237596107714635e-10,True,True
125,10,0.0038497895002365112,0.001,True,True,True,0.005637759379469698,True,1.3463363757182378e-10,1.873780779262573e-14,1.346523753796164e-10,True,True
125,11,0.0013660341501235962,0.001,True,True,True,0.00781895952414946,True,0.3178836149002322,1.8719829676054068e-14,0.3178836149002509,True,True
125,12,0.0018511228263378143,0.001,True,True,True,0.010626725154224581,True,0.3114711415137563,1.8707619178840708e-14,0.31147114151377503,True,True
125,13,0.0021754279732704163,0.001,True,True,True,0.01392214011744175,True,0.3240941917078821,1.8718423726472693e-14,0.3240941917079008,True,True
125,14,0.0031458958983421326,0.001,True,True,True,0.017449777522656973,True,0.2716877346588973,1.8723065252226894e-14,0.271687734658916,True,True
125,15,0.004021883010864258,0.001,True,True,True,0.021308820420914143,True,0.25010013267542774,1.876000737212868e-14,0.2501001326754465,True,True
125,16,0.005650684237480164,0.001,True,True,True,0.025605090059480362,True,0.14006398117962604,1.8782681602285418e-14,0.14006398117964483,True,True
125,17,0.007471077144145966,0.001,True,True,True,0.0303305059822625,True,0.12821969239513997,1.8790997421154515e-14,0.12821969239515876,True,True
125,18,0.00852440670132637,0.001,True,True,True,0.03499606023092228,True,5.2523319027386606e-11,1.8840937128226425e-14,5.254215996451483e-11,True,True
125,19,0.0063738152384757996,0.001,True,True,True,0.03913758694751063,True,2.531308496145357e-10,1.8721384059915107e-14,2.531495709985956e-10,True,True
125,20,0.008633505553007126,0.001,True,True,True,0.04625635111320048,True,1.0274447959091049e-11,4.156943211623265e-15,1.0278604902302672e-11,True,True
126,1,0.009203508496284485,0.001,True,False,False,0.00874323903193408,True,,,,,
126,2,0.00645613856613636,0.001,True,True,True,0.007837138139275224,True,0.46527951762215025,1.5528945492507287e-15,0.4652795176221518,True,True
126,3,0.005305550992488861,0.001,True,True,True,0.011023466456989317,True,0.08217263567030031,1.5527376549874071e-15,0.08217263567030186,True,True
126,4,0.006487175822257996,0.001,True,True,True,0.011799604705815037,True,0.15153504679684215,1.5566487251348715e-15,0.1515350467968437,True,True
126,5,0.006710045039653778,0.001,True,True,True,0.011520294886287419,True,0.26249165370542826,1.551525922221767e-15,0.2624916537054298,True,True
126,6,0.006922081112861633,0.001,True,True,True,0.010532377730855025,True,0.10584498869980763,1.5502467002003077e-15,0.10584498869980918,True,True
126,7,0.006917733699083328,0.001,True,True,True,0.00901524888831029,True,5.998757046654646e-12,1.5569944664998952e-15,6.000314041121146e-12,True,True
126,8,0.007019113749265671,0.001,True,True,True,0.006962489430200669,True,0.038527388226320625,1.5513178184951529e-15,0.03852738822632218,True,True
126,9,0.006747089326381683,0.001,True,True,True,0.005983815466727771,True,4.309441692385008e-12,1.5488296783916321e-15,4.310990522063399e-12,True,True
126,10,0.006979219615459442,0.001,True,True,True,0.005367949896324886,True,1.6200374375330284e-12,1.5459387661180733e-15,1.6215833762991465e-12,True,True
126,11,0.008169546723365784,0.001,True,True,True,0.005368278077157007,True,0.3683806609899598,1.6472044557692187e-15,0.3683806609899615,True,True
126,12,0.0049809240736067295,0.001,True,True,True,0.030588662187775006,True,0.6931682209992758,1.5434668943263132e-15,0.6931682209992773,True,True
126,13,-0.0004740208387374878,0.001,False,True,False,0.029581798221200994,True,,,,,
126,14,-0.004124931991100311,0.001,False,True,False,0.02863552822806803,True,,,,,
126,15,-0.006495416164398193,0.001,False,True,False,0.02782040172847622,True,,,,,
126,16,-0.0064553990960121155,0.001,False,True,False,0.026111995888150497,True,,,,,
126,17,-0.005674898624420166,0.001,False,True,False,0.024527378811623146,True,,,,,
126,18,-0.002199258655309677,0.001,False,True,False,0.022187087302742436,True,,,,,
126,19,0.0027152050752192736,0.001,True,True,True,0.019626824031220402,True,0.07535311319238502,1.5647788456686657e-15,0.07535311319238659,True,True
126,20,0.006864079274237156,0.001,True,True,True,0.016810343861949795,True,1.852029640758701e-11,8.098878545125351e-16,1.8521106295441524e-11,True,True
127,1,0.010224618017673492,0.001,True,True,True,0.010064167210232733,True,0.2457252952241724,4.376774727698225e-16,0.24572529522417286,True,True
127,2,0.010495733469724655,0.001,True,True,True,0.010861671266975181,True,0.19999998298904337,4.3863823538574577e-16,0.1999999829890438,True,True
127,3,0.011481311172246933,0.001,True,True,True,0.011111548723488962,True,0.18249199192678017,4.3673020531034445e-16,0.18249199192678062,True,True
127,4,0.012021400034427643,0.001,True,True,True,0.008018167020957867,True,0.14318111416336554,4.3695162462574056e-16,0.14318111416336599,True,True
127,5,0.01153862476348877,0.001,True,True,True,0.010032005527984555,True,0.0911536719634225,4.3821342734229354e-16,0.09115367196342294,True,True
127,6,0.010957665741443634,0.001,True,True,True,0.009733117644434908,True,3.4205971388701073e-13,4.4044891173142237e-16,3.4250016279874215e-13,True,True
127,7,0.008663189597427845,0.001,True,True,True,0.012273593144483508,True,2.0605739337042905e-12,4.3632611613225407e-16,2.0610102598204228e-12,True,True
127,8,0.00829823687672615,0.001,True,True,True,0.006936581663320784,True,5.258016244624741e-13,4.3654283611019006e-16,5.262381672985843e-13,True,True
127,9,0.005870692431926727,0.001,True,True,True,0.009364325589150346,True,0.056005336866082445,4.3643724125635896e-16,0.05600533686608288,True,True
127,10,0.002504497766494751,0.001,True,True,True,0.014331392326866643,True,0.45927298709375464,4.3838526317500705e-16,0.4592729870937551,True,True
127,11,0.0017112568020820618,0.001,True,True,True,0.019180018865560533,True,0.5087851921127466,4.363708207045627e-16,0.5087851921127471,True,True
127,12,0.002160254865884781,0.001,True,True,True,0.02353381140542149,True,0.49495452009569263,4.364825157750928e-16,0.4949545200956931,True,True
127,13,0.0033157430589199066,0.001,True,True,True,0.027471541823699763,True,0.4436258590457616,4.369334945739709e-16,0.443625859045762,True,True
127,14,0.005084894597530365,0.001,True,True,True,0.03120107566740632,True,0.3477720255165302,4.3714605116811085e-16,0.34777202551653064,True,True
127,15,0.0067320317029953,0.001,True,True,True,0.03506279076086871,True,0.42354303190258413,4.3717752808077497e-16,0.4235430319025846,True,True
127,16,0.00880519300699234,0.001,True,True,True,0.03955059124379551,True,0.841031944225108,4.3696051527847876e-16,0.8410319442251084,True,True
127,17,0.010784932412207127,0.001,True,True,True,0.04698855098596688,True,1.3937346077768495,4.3655059720296927e-16,1.39373460777685,True,True
127,18,0.01399029791355133,0.001,True,True,True,0.05402210754637682,True,0.3646855305712222,4.374998453549059e-16,0.36468553057122266,True,True
127,19,0.016486529260873795,0.001,True,True,True,0.06038829626741782,True,2.5934809855243657e-13,4.491616576849552e-16,2.597972602101215e-13,True,True
127,20,0.018244769424200058,0.001,True,True,True,4.6074255521943996e-14,True,2.2737367544323206e-13,7.741600292314885e-17,2.274510914461552e-13,True,True
128,1,0.008723970502614975,0.001,True,False,False,0.0065489715170302665,True,,,,,
128,2,0.009655248373746872,0.001,True,True,True,0.00926275779418323,True,0.25265806462825857,8.402076142925662e-14,0.2526580646283426,True,True
128,3,0.009619351476430893,0.001,True,True,True,0.009126388243009764,True,0.19829567631571443,8.379687192147521e-14,0.19829567631579822,True,True
128,4,0.009193863719701767,0.001,True,True,True,0.008681516231470399,True,0.14855566818267008,8.389174363636683e-14,0.14855566818275398,True,True
128,5,0.008786682039499283,0.001,True,True,True,0.007791469003577467,True,3.890866295819251e-09,8.396400995742398e-14,3.890950259829208e-09,True,True
128,6,0.008758511394262314,0.001,True,True,True,0.005526237611529983,True,0.0022880234886031303,8.396470583799102e-14,0.002288023488687095,True,True
128,7,0.00829651951789856,0.001,True,True,True,0.003942995391779169,True,-1.0444978215673473e-12,8.428895403748032e-14,-9.60208867529867e-13,True,True
128,8,0.008503921329975128,0.001,True,True,True,0.003507185662195933,True,1.2542145100269408e-10,8.405598035234732e-14,1.2550550698304643e-10,True,True
128,9,0.009532243013381958,0.001,True,True,True,0.003880300717435614,True,0.6681822531265453,8.395790715141945e-14,0.6681822531266293,True,True
128,10,-0.00028061866760253906,0.001,False,True,False,0.03332127075054303,True,,,,,
128,11,-0.006850786507129669,0.001,False,True,False,0.0325155501869957,True,,,,,
128,12,-0.011572718620300293,0.001,False,True,False,0.031581235989921685,True,,,,,
128,13,-0.01439732313156128,0.001,False,True,False,0.03014260813611569,True,,,,,
128,14,-0.015302933752536774,0.001,False,True,False,0.028068742636421895,True,,,,,
128,15,-0.015123315155506134,0.001,False,True,False,0.026194405973323676,True,,,,,
128,16,-0.01414472982287407,0.001,False,True,False,0.024815168388928388,True,,,,,
128,17,-0.01214500144124031,0.001,False,True,False,0.023698545785944436,True,,,,,
128,18,-0.008790425956249237,0.001,False,True,False,0.022427065783820477,True,,,,,
128,19,-0.003890443593263626,0.001,False,True,False,0.020664948241734926,True,,,,,
128,20,-0.008624441921710968,0.001,False,True,False,0.03293074244884209,True,,,,,
129,1,0.009732343256473541,0.001,True,True,True,0.009166839353144884,True,0.2418689082162757,1.3136411409666125e-14,0.24186890821628884,True,True
129,2,0.010260261595249176,0.001,True,True,True,0.007033830573461353,True,0.19999999925345469,1.3184197402775006e-14,0.19999999925346787,True,True
129,3,0.010104253888130188,0.001,True,True,True,0.0046862657427204635,True,0.16839799967396263,1.314851458940062e-14,0.16839799967397578,True,True
129,4,0.009686462581157684,0.001,True,True,True,0.00435365630668233,True,0.051684838654336485,1.3142600793094116e-14,0.05168483865434963,True,True
129,5,0.008837033063173294,0.001,True,True,True,0.005336175090624229,True,2.2893686946190428e-11,1.3150106443385437e-14,2.2906837052633814e-11,True,True
129,6,0.007126934826374054,0.001,True,True,True,0.0053315932846145775,True,2.9451996397256153e-12,1.3137674708142118e-14,2.9583373144337574e-12,True,True
129,7,0.004096388816833496,0.001,True,True,True,0.007583827657056119,True,0.05911279288453386,1.3132377419809974e-14,0.059112792884546995,True,True
129,8,0.0017141476273536682,0.001,True,True,True,0.012203796967016456,True,0.4491894771121352,1.3124374045601543e-14,0.4491894771121483,True,True
129,9,0.00027966126799583435,0.001,False,True,False,0.0167503635314612,True,,,,,
129,10,-0.0008277744054794312,0.001,False,True,False,0.020590541351611702,True,,,,,
129,11,5.725398659706116e-05,0.001,False,True,False,0.024005324530418315,True,,,,,
129,12,0.001862846314907074,0.001,True,True,True,0.027399636302121666,True,0.5126967141873067,1.3136527521146841e-14,0.5126967141873198,True,True
129,13,0.004536468535661697,0.001,True,True,True,0.03114946773035393,True,0.6636336594747956,1.3137640814505376e-14,0.6636336594748087,True,True
129,14,0.008008956909179688,0.001,True,True,True,0.035688016034960746,True,1.103285660236736,1.3135001062095892e-14,1.1032856602367491,True,True
129,15,0.011831318028271198,0.001,True,True,True,0.04323920584261087,True,1.6535535821696357,1.3118833738827914e-14,1.6535535821696488,True,True
129,16,0.016074256971478462,0.001,True,True,True,0.051578592998295925,True,0.7679464835064849,1.3143018838600826e-14,0.767946483506498,True,True
129,17,0.019167648628354073,0.001,True,True,True,0.059472708206326885,True,0.21489238460213933,1.3164060439168602e-14,0.2148923846021525,True,True
129,18,0.02147090621292591,0.001,True,True,True,0.06668441648853007,True,0.1530687496083143,1.3156734827615772e-14,0.15306874960832745,True,True
129,19,0.021853694692254066,0.001,True,True,True,0.003932180137590446,True,0.08112332379914555,1.3164598296851018e-14,0.08112332379915872,True,True
129,20,0.019482122734189034,0.001,True,True,True,0.01487398029996756,True,3.2924774018283642e-12,1.7757592847089691e-15,3.2942531611130732e-12,True,True
130,1,0.010120555758476257,0.001,True,True,True,0.008979292845257225,True,0.20000000298023224,1.0249808179491646e-16,0.20000000298023235,True,True
130,2,0.008538812398910522,0.001,True,True,True,0.008410841938780556,True,0.17320695067424907,1.0203788277278925e-16,0.17320695067424918,True,True
130,3,0.006325636059045792,0.001,True,True,True,0.007280629063742106,True,0.06543865779406843,1.023825846723074e-16,0.06543865779406853,True,True
130,4,0.006095036864280701,0.001,True,True,True,0.005442769175443507,True,0.2690679844707873,1.0230530294288578e-16,0.2690679844707874,True,True
130,5,0.006875000894069672,0.001,True,True,True,0.003703028111139317,True,1.4765078049094882e-11,1.0218693094716631e-16,1.476518023602583e-11,True,True
130,6,0.006843350827693939,0.001,True,True,True,0.0028425384825906397,True,6.039613253960852e-14,1.0240157839355809e-16,6.049853411800207e-14,True,True
130,7,0.007461141794919968,0.001,True,True,True,0.0033207064708312695,True,0.24819721755072877,1.0245063183374485e-16,0.24819721755072888,True,True
130,8,0.004152114503085613,0.001,True,True,True,0.033109443437843056,True,0.9088111000821115,1.0219296068559315e-16,0.9088111000821116,True,True
130,9,-0.0031983032822608948,0.001,False,True,False,0.03242920394598836,True,,,,,
130,10,-0.009056776762008667,0.001,False,True,False,0.031807215062020555,True,,,,,
130,11,-0.013182532042264938,0.001,False,True,False,0.03094999933509779,True,,,,,
130,12,-0.015558816492557526,0.001,False,True,False,0.02952986149679615,True,,,,,
130,13,-0.016911212354898453,0.001,False,True,False,0.02840945491267688,True,,,,,
130,14,-0.017395809292793274,0.001,False,True,False,0.02794713919541758,True,,,,,
130,15,-0.016656022518873215,0.001,False,True,False,0.027806460803746935,True,,,,,
130,16,-0.01429983600974083,0.001,False,True,False,0.027605274688394243,True,,,,,
130,17,-0.009929884225130081,0.001,False,True,False,0.026973791610167885,True,,,,,
130,18,-0.008097834885120392,0.001,False,True,False,0.03452804698105738,True,,,,,
130,19,-0.014482200145721436,0.001,False,True,False,0.03248230509193495,True,,,,,
130,20,-0.01916104555130005,0.001,False,True,False,0.028573415219702913,True,,,,,
131,1,0.010015830397605896,0.001,True,True,True,0.006417552293337403,True,0.1812731886513066,1.6840811221983458e-14,0.18127318865132344,True,True
131,2,0.009327065199613571,0.001,True,True,True,0.004808616463086668,True,0.09812809245610454,1.6842178857661068e-14,0.09812809245612139,True,True
131,3,0.008001744747161865,0.001,True,True,True,0.00422939632348579,True,0.2647589569044122,1.6835791229121698e-14,0.264758956904429,True,True
131,4,0.006835881620645523,0.001,True,True,True,0.0045038629132636565,True,3.9470443269351563e-07,1.6813244406072603e-14,3.9470444950676e-07,True,True
131,5,0.004937373101711273,0.001,True,True,True,0.005962855669690348,True,2.1454837906276225e-11,1.6859319712330486e-14,2.1471697225988556e-11,True,True
131,6,0.0017612501978874207,0.001,True,True,True,0.00945777944677284,True,0.5786541862236589,1.6828470149650675e-14,0.5786541862236758,True,True
131,7,0.0001405850052833557,0.001,False,True,False,0.01356700985444903,True,,,,,
131,8,-0.0003633573651313782,0.001,False,True,False,0.01719612276986615,True,,,,,
131,9,0.0004793815314769745,0.001,False,True,False,0.020471755997343688,True,,,,,
131,10,0.0023816004395484924,0.001,True,True,True,0.023623624719501968,True,0.5272885477179958,1.6830826992216857e-14,0.5272885477180127,True,True
131,11,0.005345162004232407,0.001,True,True,True,0.026940442993057256,True,0.47771628933529087,1.6833102735498895e-14,0.4777162893353077,True,True
131,12,0.009376194328069687,0.001,True,True,True,0.030746537435772603,True,0.5056276047962456,1.6837569909585297e-14,0.5056276047962625,True,True
131,13,0.013308737426996231,0.001,True,True,True,0.03525573241580637,True,1.2662960343306935,1.682568099724631e-14,1.2662960343307104,True,True
131,14,0.017403414472937584,0.001,True,True,True,0.04428955030634796,True,1.258933009609791,1.6826102554206628e-14,1.258933009609808,True,True
131,15,0.02038482390344143,0.001,True,True,True,0.0517137225790949,True,0.47359250911215867,1.6864288667294374e-14,0.47359250911217554,True,True
131,16,0.022288361564278603,0.001,True,True,True,0.05862228811611547,True,0.19493726945855805,1.6843834397810815e-14,0.1949372694585749,True,True
131,17,0.02348678559064865,0.001,True,True,True,0.06481308793660134,True,0.10694962104260952,1.684595251477027e-14,0.10694962104262637,True,True
131,18,0.02443866617977619,0.001,True,True,True,0.07009879178635292,True,0.03542081531080399,1.684856876030821e-14,0.035420815310820836,True,True
131,19,0.025222457945346832,0.001,True,True,True,0.01484264728153617,True,7.293721182577428e-12,1.695113573447707e-14,7.310672318311905e-12,True,True
131,20,0.023105258122086525,0.001,True,True,True,0.019617305000691032,True,2.1534924954380585e-08,2.067759982301398e-15,2.1534927022140568e-08,True,True
132,1,0.007972519844770432,0.001,True,True,True,0.005506574532320119,True,0.19073898881758078,5.091894183394501e-14,0.1907389888176317,True,True
132,2,0.007076673209667206,0.001,True,True,True,0.004152638739035375,True,0.12451155884237153,5.1106092040174874e-14,0.12451155884242264,True,True
132,3,0.006725862622261047,0.001,True,True,True,0.002993716902050192,True,0.043884054451407195,5.095344862115916e-14,0.04388405445145815,True,True
132,4,0.0066209882497787476,0.001,True,True,True,0.0025540788605148967,True,-4.973799150320701e-12,5.0920311417652246e-14,-4.922878838903049e-12,True,True
132,5,0.007066346704959869,0.001,True,True,True,0.0031054703900325054,True,2.908002727508574e-10,5.1034696037050056e-14,2.9085130744689445e-10,True,True
132,6,0.007581595331430435,0.001,True,True,True,0.004098070836837886,True,0.3924547901229687,5.118864073448971e-14,0.39245479012301987,True,True
132,7,0.0037916710134595633,0.001,True,True,True,0.033070618026349696,True,0.7305147395759946,5.058836763214196e-14,0.7305147395760452,True,True
132,8,-0.0016056299209594727,0.001,False,True,False,0.03286320632358475,True,,,,,
132,9,-0.0059204548597335815,0.001,False,True,False,0.032732504660539785,True,,,,,
132,10,-0.009099021553993225,0.001,False,True,False,0.03236791133497785,True,,,,,
132,11,-0.01138848066329956,0.001,False,True,False,0.03195683126511695,True,,,,,
132,12,-0.012995164841413498,0.001,False,True,False,0.03186337510845105,True,,,,,
132,13,-0.013675764203071594,0.001,False,True,False,0.0318487147624692,True,,,,,
132,14,-0.013153284788131714,0.001,False,True,False,0.031656370712183635,True,,,,,
132,15,-0.011136364191770554,0.001,False,True,False,0.03103273135295459,True,,,,,
132,16,-0.007332231849431992,0.001,False,True,False,0.029767206752519648,True,,,,,
132,17,-0.005954917520284653,0.001,False,True,False,0.037757257794119314,True,,,,,
132,18,-0.011175025254487991,0.001,False,True,False,0.036397958682596765,True,,,,,
132,19,-0.01489843800663948,0.001,False,True,False,0.033610502390639674,True,,,,,
132,20,-0.012362286448478699,0.001,False,True,False,0.030767617054649476,True,,,,,
133,1,0.007053446024656296,0.001,True,True,True,0.005449655187586555,True,0.19953054440507634,2.966564659934956e-17,0.19953054440507637,True,True
133,2,0.005811363458633423,0.001,True,True,True,0.0054165982433425075,True,0.07019281651693099,2.954102346398122e-17,0.07019281651693102,True,True
133,3,0.004284225404262543,0.001,True,True,True,0.005901207479967918,True,7.815970093361102e-14,2.9577256365198423e-17,7.818927818997622e-14,True,True
133,4,0.0024799853563308716,0.001,True,True,True,0.00741433338480968,True,0.11874826544885764,2.954849658340253e-17,0.11874826544885766,True,True
133,5,0.0011862404644489288,0.001,True,True,True,0.010311975345271729,True,0.5124738010575172,2.951240617722297e-17,0.5124738010575172,True,True
133,6,0.0008485056459903717,0.001,False,True,False,0.012992016390128147,True,,,,,
133,7,0.001996893435716629,0.001,True,True,True,0.015682487715598548,True,0.36974917848344013,2.953783431051632e-17,0.3697491784834402,True,True
133,8,0.0038484707474708557,0.001,True,True,True,0.018456444657915516,True,0.3842682504479491,2.959730592875752e-17,0.38426825044794916,True,True
133,9,0.006331745535135269,0.001,True,True,True,0.021475278164249934,True,0.3191340133299949,2.9595231195180674e-17,0.31913401332999497,True,True
133,10,0.009395554661750793,0.001,True,True,True,0.02497211121405407,True,0.14982655707120784,2.9550640722766727e-17,0.14982655707120787,True,True
133,11,0.012536309659481049,0.001,True,True,True,0.029161045241280492,True,0.9459433728086637,2.9512707614151985e-17,0.9459433728086637,True,True
133,12,0.015811314806342125,0.001,True,True,True,0.03813272795462308,True,1.3726356988839825,2.9491713836810493e-17,1.3726356988839825,True,True
133,13,0.01817268691956997,0.001,True,True,True,0.045589270527006565,True,0.565332513969345,2.970667608756235e-17,0.565332513969345,True,True
133,14,0.019624127075076103,0.001,True,True,True,0.052557794216680165,True,0.1894193129201298,2.9596708500349513e-17,0.18941931292012984,True,True
133,15,0.020418087020516396,0.001,True,True,True,0.058852551925908436,True,0.08964784593585051,2.975159711367297e-17,0.08964784593585054,True,True
133,16,0.020847411826252937,0.001,True,True,True,0.0642665223763006,True,0.019871920265776666,2.964593048907477e-17,0.019871920265776697,True,True
133,17,0.02123352698981762,0.001,True,True,True,0.06860218496986359,True,3.907985046680551e-14,2.9902257782495765e-17,3.9109752724588006e-14,True,True
133,18,0.02191902883350849,0.001,True,True,True,0.0688495743308547,True,0.06692712862272643,2.9721488111756254e-17,0.06692712862272646,True,True
133,19,0.02326384373009205,0.001,True,True,True,0.06740873167589323,True,0.22896190233983305,2.9584311392972157e-17,0.22896190233983307,True,True
133,20,0.02121760882437229,0.001,True,True,True,0.03450463904834933,True,3.5704772471945034e-13,9.518447439869953e-18,3.570572431668902e-13,True,True
134,1,0.006797801703214645,0.001,True,True,True,0.004856559596498167,True,0.14504032190290417,7.012208005104744e-15,0.1450403219029112,True,True
134,2,0.006450198590755463,0.001,True,True,True,0.004236904588110102,True,0.029829020453245647,6.993999574126047e-15,0.02982902045325264,True,True
134,3,0.006430968642234802,0.001,True,True,True,0.004137532379828168,True,2.6005864128819667e-12,7.001193444139571e-15,2.607587606326106e-12,True,True
134,4,0.006273135542869568,0.001,True,True,True,0.004848417786627368,True,7.753797603982093e-11,7.031774609192159e-15,7.754500781443013e-11,True,True
134,5,0.006420541554689407,0.001,True,True,True,0.006149921238650213,True,0.2161201117326499,7.0336395742210706e-15,0.2161201117326569,True,True
134,6,0.006229942198842764,0.001,True,True,True,0.030423509277514582,True,0.36567922231441585,6.9821288352243504e-15,0.36567922231442285,True,True
134,7,0.0013784393668174744,0.001,True,True,True,0.03064301119276569,True,0.3407412670193537,7.0124896459008055e-15,0.3407412670193607,True,True
134,8,-0.002578645944595337,0.001,False,True,False,0.03095582709024347,True,,,,,
134,9,-0.005702219903469086,0.001,False,True,False,0.03130135808077028,True,,,,,
134,10,-0.00800660252571106,0.001,False,True,False,0.03171388608552839,True,,,,,
134,11,-0.009313508868217468,0.001,False,True,False,0.03195852978755376,True,,,,,
134,12,-0.009421039372682571,0.001,False,True,False,0.0317949554582605,True,,,,,
134,13,-0.008106626570224762,0.001,False,True,False,0.030995726759836084,True,,,,,
134,14,-0.005130775272846222,0.001,False,True,False,0.02937785145002314,True,,,,,
134,15,-0.00024118274450302124,0.001,False,True,False,0.026838060210853887,True,,,,,
134,16,-0.00540623813867569,0.001,False,True,False,0.03790088939252756,True,,,,,
134,17,-0.009523984044790268,0.001,False,True,False,0.036002928457289696,True,,,,,
134,18,-0.009551845490932465,0.001,False,True,False,0.03345007622969198,True,,,,,
134,19,-0.007879558950662613,0.001,False,True,False,0.03041642506151676,True,,,,,
134,20,-0.004879198968410492,0.001,False,True,False,0.02713096481389554,True,,,,,
135,1,0.006334483623504639,0.001,True,True,True,0.005259453428071659,True,0.06305240903897413,9.462966222240192e-16,0.06305240903897508,True,True
135,2,0.005773622542619705,0.001,True,True,True,0.006085444506118809,True,2.7924329515371937e-12,9.499676797265536e-16,2.7933829192169203e-12,True,True
135,3,0.004971444606781006,0.001,True,True,True,0.008135831779371161,True,6.931699658707657e-11,9.552516223308595e-16,6.931795183869891e-11,True,True
135,4,0.00386849045753479,0.001,True,True,True,0.011446621535189827,True,0.16769057602646953,9.419702582488824e-16,0.16769057602647047,True,True
135,5,0.004566878080368042,0.001,True,True,True,0.014418951130717617,True,0.18450649856912094,9.460276351813352e-16,0.18450649856912188,True,True
135,6,0.00626474991440773,0.001,True,True,True,0.017311609491457713,True,0.19968928990994428,9.450274467360746e-16,0.19968928990994522,True,True
135,7,0.008519820868968964,0.001,True,True,True,0.020217532207765565,True,0.16162961925479813,9.442240233747724e-16,0.16162961925479907,True,True
135,8,0.011150136590003967,0.001,True,True,True,0.023328512794262957,True,0.007985131507460608,9.448890310991345e-16,0.007985131507461553,True,True
135,9,0.013771753758192062,0.001,True,True,True,0.026877871934204656,True,0.31689597633437927,9.436662741878713e-16,0.3168959763343802,True,True
135,10,0.016389330849051476,0.001,True,True,True,0.034568402962312006,True,1.2829985471021814,9.432514147327491e-16,1.2829985471021823,True,True
135,11,0.018465014174580574,0.001,True,True,True,0.04199559973238831,True,0.8076583548682237,9.43913407019148e-16,0.8076583548682247,True,True
135,12,0.019661011174321175,0.001,True,True,True,0.04907657611726135,True,0.20763342557179953,9.4384255655405e-16,0.20763342557180048,True,True
135,13,0.020221101120114326,0.001,True,True,True,0.05562197465885699,True,0.0976232375564372,9.439179874547215e-16,0.09762323755643815,True,True
135,14,0.020410843193531036,0.001,True,True,True,0.0614089875453413,True,0.0238891939400947,9.441421628218304e-16,0.023889193940095643,True,True
135,15,0.0205055121332407,0.001,True,True,True,0.06620608757507784,True,1.0622613899613498e-12,9.451618831402646e-16,1.06320655184449e-12,True,True
135,16,0.020779315382242203,0.001,True,True,True,0.06797435795477702,True,0.07780986931809508,9.44958372481096e-16,0.07780986931809603,True,True
135,17,0.02149791456758976,0.001,True,True,True,0.06820015732082074,True,0.41135353236903427,9.442005626490025e-16,0.4113535323690352,True,True
135,18,0.0182562917470932,0.001,True,True,True,0.023637251341063648,True,1.340261235327489e-11,9.454310099464197e-16,1.3403557784284836e-11,True,True
135,19,0.015988342463970184,0.001,True,True,True,0.032979034860592726,True,0.1926426945612647,9.451552541522718e-16,0.19264269456126565,True,True
135,20,0.015773426741361618,0.001,True,True,True,0.03312991376030361,True,7.354117315117037e-12,1.2786416341600252e-16,7.354245179280453e-12,True,True
136,1,0.006572742015123367,0.001,True,True,True,0.005453263691516552,True,0.05047526445641637,2.483456913147205e-17,0.0504752644564164,True,True
136,2,0.006873425096273422,0.001,True,True,True,0.006393618069702733,True,3.552713678800501e-14,2.4815092749475657e-17,3.5551951880754485e-14,True,True
136,3,0.007325597107410431,0.001,True,True,True,0.008056550709038546,True,2.509992214072554e-12,2.494794336991135e-17,2.510017162015924e-12,True,True
136,4,0.008207876235246658,0.001,True,True,True,0.010140737339676575,True,0.11372569942670907,2.4845219855245278e-17,0.1137256994267091,True,True
136,5,0.004998174495995045,0.001,True,True,True,0.024000361269286064,True,0.15724224017017718,2.4793156264078976e-17,0.1572422401701772,True,True
136,6,0.00045628449879586697,0.001,False,True,False,0.02471239690550886,True,,,,,
136,7,-0.0033654868602752686,0.001,False,True,False,0.0254339444174424,True,,,,,
136,8,-0.0065175071358680725,0.001,False,True,False,0.026236498691222687,True,,,,,
136,9,-0.008828051388263702,0.001,False,True,False,0.026906183436529396,True,,,,,
136,10,-0.010112393647432327,0.001,False,True,False,0.027212243320525076,True,,,,,
136,11,-0.010170236229896545,0.001,False,True,False,0.026917408327972736,True,,,,,
136,12,-0.008784912526607513,0.001,False,True,False,0.025802571087483184,True,,,,,
136,13,-0.005725644528865814,0.001,False,True,False,0.023698372053604366,True,,,,,
136,14,-0.002535119652748108,0.001,False,True,False,0.0337381316480182,True,,,,,
136,15,-0.0075041763484478,0.001,False,True,False,0.03298332777329149,True,,,,,
136,16,-0.009371571242809296,0.001,False,True,False,0.03137122429389294,True,,,,,
136,17,-0.009674202650785446,0.001,False,True,False,0.028930721210546517,True,,,,,
136,18,-0.008600261062383652,0.001,False,True,False,0.025758925360673368,True,,,,,
136,19,-0.005453832447528839,0.001,False,True,False,0.02242472240772142,True,,,,,
136,20,-0.0016082264482975006,0.001,False,True,False,0.01880893208110279,True,,,,,
137,1,0.007373839616775513,0.001,True,True,True,0.006971971897798412,True,9.493749786315675e-09,2.6030301901772252e-14,9.493775816617577e-09,True,True
137,2,0.008539792150259018,0.001,True,True,True,0.009022756185188496,True,2.97646352009906e-11,2.6195356228691718e-14,2.979083055721929e-11,True,True
137,3,0.009748212993144989,0.001,True,True,True,0.011354061285304196,True,2.7075230946138618e-11,2.6126607523435486e-14,2.7101357553662054e-11,True,True
137,4,0.011446230113506317,0.001,True,True,True,0.013065303788851124,True,0.008770798949099934,2.6123738083880213e-14,0.008770798949126057,True,True
137,5,0.013820946216583252,0.001,True,True,True,0.01475603591003588,True,0.09312854098495649,2.6126952349532533e-14,0.09312854098498262,True,True
137,6,0.01648300513625145,0.001,True,True,True,0.015874814756020594,True,0.5451748499380038,2.619175773118209e-14,0.54517484993803,True,True
137,7,0.019226059317588806,0.001,True,True,True,0.016449219381291735,True,0.8404246835431799,2.6066881322772445e-14,0.840424683543206,True,True
137,8,0.022002270445227623,0.001,True,True,True,0.017621662073402544,True,0.3094165112376146,2.596133920053242e-14,0.3094165112376406,True,True
137,9,0.02416146732866764,0.001,True,True,True,0.024493061090524404,True,0.18836743407081258,2.6028582235647867e-14,0.1883674340708386,True,True
137,10,0.025352582335472107,0.001,True,True,True,0.033203632076121425,True,0.13382871431159593,2.6176674273328188e-14,0.1338287143116221,True,True
137,11,0.025804569944739342,0.001,True,True,True,0.04248927555466253,True,0.058194200105210925,2.6205098533550108e-14,0.05819420010523713,True,True
137,12,0.025776371359825134,0.001,True,True,True,0.04971976337915496,True,5.8619775700208265e-12,2.634362394929415e-14,5.88832119397012e-12,True,True
137,13,0.024698857218027115,0.001,True,True,True,0.04147764272421717,True,0.00856424265428224,2.6225338540158633e-14,0.008564242654308465,True,True
137,14,0.021754013374447823,0.001,True,True,True,0.05141819825929461,True,0.2857317670683024,2.6204256456032167e-14,0.2857317670683286,True,True
137,15,0.01820829138159752,0.001,True,True,True,0.059941623690081824,True,0.9559156559069173,2.6043081627012487e-14,0.9559156559069434,True,True
137,16,0.014138730242848396,0.001,True,True,True,0.06708905485810479,True,0.5183630792892551,2.6121781982690727e-14,0.5183630792892812,True,True
137,17,0.010667800903320312,0.001,True,True,True,0.07659805926403462,True,1.2312038534617074,2.59972816205625e-14,1.2312038534617333,True,True
137,18,0.009674172848463058,0.001,True,True,True,0.07341479154258895,True,0.9310829143461596,2.619112936379769e-14,0.9310829143461858,True,True
137,19,0.009231273084878922,0.001,True,True,True,0.06922319937222149,True,0.002946470822691616,2.6882781516393163e-14,0.0029464708227184984,True,True
137,20,0.009173180907964706,0.001,True,True,True,0.06567339017017043,True,2.6432189770275727e-12,6.8317062074737596e-15,2.6500506832350463e-12,True,True
138,1,0.008635174483060837,0.001,True,True,True,0.009714961652647847,True,0.24904427118437056,1.1010861969536809e-15,0.24904427118437167,True,True
138,2,0.0098978690803051,0.001,True,True,True,0.012276141638006166,True,0.3497134372363693,1.0968052139675245e-15,0.3497134372363704,True,True
138,3,0.011560089886188507,0.001,True,True,True,0.014467049790343967,True,0.484710060415388,1.0970985559954153e-15,0.4847100604153891,True,True
138,4,0.01329786330461502,0.001,True,True,True,0.01543465564851787,True,0.4892758178070906,1.0978676415553831e-15,0.48927581780709173,True,True
138,5,0.01414284948259592,0.001,True,True,True,0.03204425297925295,True,0.3536628414822989,1.096517755087661e-15,0.3536628414823,True,True
138,6,0.01306384988129139,0.001,True,True,True,0.03088818988142039,True,0.20238518748543122,1.0958838294070173e-15,0.2023851874854323,True,True
138,7,0.011053279042243958,0.001,True,True,True,0.028446630515263194,True,0.12609478981864797,1.0961046559902143e-15,0.12609478981864905,True,True
138,8,0.008762921206653118,0.001,True,True,True,0.024815608647449805,True,0.08495321901673947,1.0972482692630096e-15,0.08495321901674056,True,True
138,9,0.00914845336228609,0.001,True,True,True,0.0236804484339459,True,4.394948405206378e-09,1.0968476311850498e-15,4.39494950205401e-09,True,True
138,10,0.013227400369942188,0.001,True,True,True,0.02383927265247965,True,8.206768598029157e-13,1.095760648309472e-15,8.217726204512252e-13,True,True
138,11,0.01644306443631649,0.001,True,True,True,0.03489912432595721,True,0.02189111378812214,1.1061596027219597e-15,0.021891113788123247,True,True
138,12,0.00944892130792141,0.001,True,True,True,0.030758799380326662,True,5.0324189260209096e-12,1.0975614588521728e-15,5.033516487479762e-12,True,True
138,13,0.005425098352134228,0.001,True,True,True,0.024860858214423187,True,0.008054685316247978,1.105274193776916e-15,0.008054685316249083,True,True
138,14,0.005371937062591314,0.001,True,True,True,0.02042636911651663,True,0.1344930893782994,1.0931341533674679e-15,0.13449308937830048,True,True
138,15,0.0007920735515654087,0.001,False,True,False,0.034178455741807556,True,,,,,
138,16,-0.006650835275650024,0.001,False,True,False,0.03889173068984608,True,,,,,
138,17,-0.012446224689483643,0.001,False,True,False,0.04616005365190645,True,,,,,
138,18,-0.01587655022740364,0.001,False,True,False,0.05393808914474818,True,,,,,
138,19,-0.016065239906311035,0.001,False,True,False,0.06162309899587681,True,,,,,
138,20,-0.012240245938301086,0.001,False,True,False,0.06848813597698145,True,,,,,
139,1,0.011154696345329285,0.001,True,True,True,0.011076104483526139,True,0.20000000298023224,2.1445214488562362e-15,0.20000000298023438,True,True
139,2,0.012561321258544922,0.001,True,True,True,0.014621845826909341,True,0.20000000298023224,2.1445214488578013e-15,0.20000000298023438,True,True
139,3,0.013273939490318298,0.001,True,True,True,0.01856546667044129,True,0.19932324185071465,2.14574997326227e-15,0.1993232418507168,True,True
139,4,0.014679618179798126,0.001,True,True,True,0.020529059083147616,True,0.00629657294935182,2.1384493783668205e-15,0.006296572949353958,True,True
139,5,0.01835981011390686,0.001,True,True,True,0.022792173179048913,True,0.24517402737014127,2.1363271426110407e-15,0.2451740273701434,True,True
139,6,0.020483791828155518,0.001,True,True,True,0.02416704967645822,True,0.3133047887055058,2.136185734154698e-15,0.31330478870550793,True,True
139,7,0.020166829228401184,0.001,True,True,True,0.024304905165558943,True,0.4691555814194821,2.1375291586957108e-15,0.46915558141948427,True,True
139,8,0.01769145019352436,0.001,True,True,True,0.02410116733792511,True,0.40310963976099856,2.1341809110030833e-15,0.40310963976100067,True,True
139,9,0.018223270773887634,0.001,True,True,True,0.02855330454140137,True,0.3782182582896283,2.1340185557067115e-15,0.3782182582896304,True,True
139,10,0.020596833899617195,0.001,True,True,True,0.03209671725245311,True,0.16652599924563383,2.141339490330925e-15,0.16652599924563596,True,True
139,11,0.024086840450763702,0.001,True,True,True,0.034057053367315016,True,0.16354673747015003,2.1357414820638376e-15,0.16354673747015216,True,True
139,12,0.025711888447403908,0.001,True,True,True,0.029555537198981963,True,0.09440201089863365,2.138224113266096e-15,0.09440201089863579,True,True
139,13,0.026176897808909416,0.001,True,True,True,0.03737596777959584,True,5.009326287108706e-13,2.1543753846437277e-15,5.030870040955143e-13,True,True
139,14,0.02401132881641388,0.001,True,True,True,0.04350404731170243,True,3.8544722968936185e-12,2.1455840290303485e-15,3.856617880922649e-12,True,True
139,15,0.01923024281859398,0.001,True,True,True,0.04721906954772359,True,0.2280763764545526,2.137260096933163e-15,0.22807637645455472,True,True
139,16,0.01289699412882328,0.001,True,True,True,0.049050140572672984,True,0.44114458703956405,2.1336649706825926e-15,0.44114458703956616,True,True
139,17,0.0074118971824646,0.001,True,True,True,0.049014471757402533,True,0.9308696242979551,2.1358755234436574e-15,0.9308696242979572,True,True
139,18,0.004948794841766357,0.001,True,True,True,0.04652030754743913,True,0.11159558209285336,2.1355767046671935e-15,0.1115955820928555,True,True
139,19,0.004896573722362518,0.001,True,True,True,0.04433558303507451,True,0.04417430545913259,2.129165003641147e-15,0.04417430545913472,True,True
139,20,0.006729647517204285,0.001,True,True,True,0.04347020776591848,True,5.586642259913788e-13,2.5962893180563244e-16,5.589238549231844e-13,True,True
140,1,0.012878548353910446,0.001,True,True,True,0.014348520600103776,True,0.25709330057500335,6.872304178509739e-15,0.25709330057501023,True,True
140,2,0.01526637002825737,0.001,True,True,True,0.016376621690600723,True,0.2865420209559706,6.868814764298243e-15,0.28654202095597747,True,True
140,3,0.017347805202007294,0.001,True,True,True,0.017930607827551737,True,0.39076004712261003,6.883575818664075e-15,0.3907600471226169,True,True
140,4,0.018702194094657898,0.001,True,True,True,0.02205362746665529,True,0.196947780844404,6.863709239748123e-15,0.19694778084441086,True,True
140,5,0.020547833293676376,0.001,True,True,True,0.02095271685332034,True,0.2301238708190465,6.8712657696092276e-15,0.2301238708190534,True,True
140,6,0.02145114727318287,0.001,True,True,True,0.020576016655424634,True,0.19900342893141076,6.9004077757041475e-15,0.19900342893141768,True,True
140,7,0.020696202293038368,0.001,True,True,True,0.020063887536930558,True,0.17272493151630597,6.883944874972149e-15,0.17272493151631285,True,True
140,8,0.018859529867768288,0.001,True,True,True,0.019103457746323826,True,0.12440946828298638,6.864344774141615e-15,0.12440946828299325,True,True
140,9,0.020250987261533737,0.001,True,True,True,0.01850508498166492,True,0.10278974981566247,6.874016747615341e-15,0.10278974981566934,True,True
140,10,0.021326852962374687,0.001,True,True,True,0.01682629465089336,True,0.00921173891097915,6.8735785262617375e-15,0.009211738910986023,True,True
140,11,0.02479218691587448,0.001,True,True,True,0.028351460668556094,True,1.2398970739013748e-11,6.8709108209535026e-15,1.2405841649834702e-11,True,True
140,12,0.021769559010863304,0.001,True,True,True,0.027012922830309538,True,0.04413393857369208,6.877230273230505e-15,0.044133938573698954,True,True
140,13,0.018724024295806885,0.001,True,True,True,0.024054514151927386,True,0.23054088713398402,6.882750056556747e-15,0.2305408871339909,True,True
140,14,0.016179975122213364,0.001,True,True,True,0.04986799507332296,True,0.4261840059983246,6.876963427409883e-15,0.4261840059983315,True,True
140,15,0.012310195714235306,0.001,True,True,True,0.055458965829579765,True,0.5424844818885308,6.8686739017351806e-15,0.5424844818885377,True,True
140,16,0.009911281056702137,0.001,True,True,True,0.06108076979477739,True,0.6733389979225564,6.8676858468657595e-15,0.6733389979225632,True,True
140,17,0.00986126996576786,0.001,True,True,True,0.06673481153618388,True,0.7015850508543302,6.8873306531666475e-15,0.7015850508543371,True,True
140,18,0.012285801582038403,0.001,True,True,True,0.0723746536411547,True,0.5107509541071362,6.882558359462273e-15,0.5107509541071431,True,True
140,19,0.01759292744100094,0.001,True,True,True,0.07807562403186208,True,0.4309283195586211,6.8781641646422955e-15,0.430928319558628,True,True
140,20,0.01167785283178091,0.001,True,True,True,0.054537850579075786,True,0.36836869820091955,8.889243474815863e-16,0.36836869820092044,True,True
141,1,0.015812527388334274,0.001,True,True,True,0.016235077390602204,True,0.19803475628578054,1.5689118053117648e-14,0.19803475628579623,True,True
141,2,0.01728687807917595,0.001,True,True,True,0.01812475634891575,True,0.19911141921017236,1.571023928256995e-14,0.19911141921018807,True,True
141,3,0.01857074350118637,0.001,True,True,True,0.020226336234240028,True,0.1640778377885782,1.555617751908699e-14,0.16407783778859375,True,True
141,4,0.020050466060638428,0.001,True,True,True,0.022448322182348546,True,0.06100925978855276,1.5571528519588833e-14,0.06100925978856833,True,True
141,5,0.021976586431264877,0.001,True,True,True,0.024184514892264142,True,0.19964162416921202,1.5712426456401512e-14,0.19964162416922773,True,True
141,6,0.021588657051324844,0.001,True,True,True,0.025599841133375878,True,0.1787507436311111,1.56492960487841e-14,0.17875074363112675,True,True
141,7,0.02108495682477951,0.001,True,True,True,0.02690712201707468,True,0.10569526451752109,1.5533135624809178e-14,0.10569526451753662,True,True
141,8,0.02013886533677578,0.001,True,True,True,0.02817129226064674,True,0.05496634809829981,1.5539758948100817e-14,0.054966348098315354,True,True
141,9,0.01950506679713726,0.001,True,True,True,0.02934777477240047,True,0.01294325033482746,1.5523771136925897e-14,0.012943250334842985,True,True
141,10,0.017865341156721115,0.001,True,True,True,0.030490956425052618,True,2.2891022410931328e-10,1.552816696170869e-14,2.2892575227627497e-10,True,True
141,11,0.016294928267598152,0.001,True,True,True,0.03140878774103406,True,1.1804246469182544e-10,1.551929777147197e-14,1.1805798398959691e-10,True,True
141,12,0.014834573492407799,0.001,True,True,True,0.03181001910900416,True,1.7408297026122455e-13,1.5597673062927977e-14,1.896806433241525e-13,True,True
141,13,0.01270852517336607,0.001,True,True,True,0.03127963450259719,True,2.37947617165446e-08,1.5640926779405752e-14,2.379477735747138e-08,True,True
141,14,0.007671111263334751,0.001,True,True,True,0.030113823413432494,True,1.0444978215673473e-11,1.5578908769766353e-14,1.0460557124443239e-11,True,True
141,15,0.002250801771879196,0.001,True,True,True,0.022485747017554347,True,1.8756196595859365e-10,1.5556027736623787e-14,1.8757752198633026e-10,True,True
141,16,-0.0009128004312515259,0.001,False,True,False,0.016543326123511615,True,,,,,
141,17,-0.003349270671606064,0.001,False,True,False,0.01348704259650646,True,,,,,
141,18,-0.004930276423692703,0.001,False,True,False,0.012349966358054965,True,,,,,
141,19,-0.005550924688577652,0.001,False,True,False,0.01225410407446309,True,,,,,
141,20,-0.005141712725162506,0.001,False,True,False,0.012496431976826983,True,,,,,
142,1,0.0175369530916214,0.001,True,True,True,0.017244267652055556,True,0.21312673819117345,3.7015306311767096e-13,0.2131267381915436,True,True
142,2,0.019345417618751526,0.001,True,True,True,0.018255549527032622,True,0.24046535348898934,3.694117936780301e-13,0.24046535348935874,True,True
142,3,0.02149161696434021,0.001,True,True,True,0.019114501778682125,True,0.25961918126390504,3.7868302385151e-13,0.25961918126428374,True,True
142,4,0.023488307371735573,0.001,True,True,True,0.01721927181660221,True,0.13055713493303323,3.68562803996303e-13,0.1305571349334018,True,True
142,5,0.025231556966900826,0.001,True,True,True,0.014567581275512276,True,0.06685683776902529,3.6810933173534035e-13,0.0668568377693934,True,True
142,6,0.026658901944756508,0.001,True,True,True,0.01194154634958633,True,0.15505708821767783,3.708127765232268e-13,0.15505708821804864,True,True
142,7,0.02799634449183941,0.001,True,True,True,0.00893418679069502,True,0.17063275858293903,3.7228313154803387e-13,0.1706327585833113,True,True
142,8,0.02861061878502369,0.001,True,True,True,0.0333651539709825,True,0.1618835848072404,3.688382078743558e-13,0.16188358480760925,True,True
142,9,0.027532830834388733,0.001,True,True,True,0.029722341357439785,True,0.15676337445151312,3.68787232153407e-13,0.1567633744518819,True,True
142,10,0.026885204017162323,0.001,True,True,True,0.024933037486127074,True,0.1327005189621655,3.6862653164327686e-13,0.13270051896253413,True,True
142,11,0.027087830007076263,0.001,True,True,True,0.019297713831714858,True,0.10305139392362506,3.682749299819675e-13,0.10305139392399333,True,True
142,12,0.026858188211917877,0.001,True,True,True,0.04751295193718097,True,0.09173721919533406,3.6792160991521173e-13,0.09173721919570199,True,True
142,13,0.027440793812274933,0.001,True,True,True,0.03969532246852814,True,0.06234603061217037,3.7101061006046853e-13,0.062346030612541375,True,True
142,14,0.028326572850346565,0.001,True,True,True,0.0576050009273692,True,4.6266279696283164e-10,3.835882529368221e-13,4.6304638521576845e-10,True,True
142,15,0.02317662164568901,0.001,True,True,True,0.05012726539881762,True,1.2429872019147297,3.707363915933376e-13,1.2429872019151005,True,True
142,16,0.017474360764026642,0.001,True,True,True,0.03821647363342068,True,0.9461686747062217,3.703066472134087e-13,0.9461686747065919,True,True
142,17,0.014415141195058823,0.001,True,True,True,0.04027765883235118,True,0.1205702441399441,3.706196025718827e-13,0.12057024414031473,True,True
142,18,0.013510342687368393,0.001,True,True,True,0.04022261329518356,True,2.5630275679588976e-09,3.6873725149714645e-13,2.5633963052103947e-09,True,True
142,19,0.013892881572246552,0.001,True,True,True,0.039576299719211505,True,3.6354919075165526e-11,3.9920358003584997e-13,3.675412265520138e-11,True,True
142,20,0.014674454927444458,0.001,True,True,True,0.040606127830132954,True,1.5994316981959855e-10,2.0901605152356982e-13,1.6015218587112213e-10,True,True
143,1,0.018321692943572998,0.001,True,True,True,0.021037104017420094,True,0.19975065328759167,4.133975649275869e-16,0.1997506532875921,True,True
143,2,0.019246086478233337,0.001,True,True,True,0.025360091321024236,True,0.19968137341317074,4.133610171052961e-16,0.19968137341317116,True,True
143,3,0.02003866620361805,0.001,True,True,True,0.0286671906524556,True,0.19086782854016854,4.129338572985051e-16,0.19086782854016895,True,True
143,4,0.018317269161343575,0.001,True,True,True,0.03223328801229197,True,0.17250919448134994,4.139959514667606e-16,0.17250919448135035,True,True
143,5,0.015818674117326736,0.001,True,True,True,0.034651070710689735,True,0.35433390814931887,4.0791046949318593e-16,0.35433390814931925,True,True
143,6,0.013377988710999489,0.001,True,True,True,0.034754605326838384,True,0.37237568826340883,4.1002132673067254e-16,0.3723756882634092,True,True
143,7,0.010585797019302845,0.001,True,True,True,0.03317788313186043,True,0.33615697175398473,4.1050933453109374e-16,0.3361569717539851,True,True
143,8,0.007339740637689829,0.001,True,True,True,0.029946588401769003,True,0.24933850088996223,4.1090846965568163e-16,0.24933850088996265,True,True
143,9,0.005295244045555592,0.001,True,True,True,0.027626051076667046,True,0.1552810227321686,4.105486965618292e-16,0.155281022732169,True,True
143,10,0.004854521248489618,0.001,True,True,True,0.025991292271559274,True,0.09212788815191075,4.0939609972037703e-16,0.09212788815191117,True,True
143,11,0.006708483211696148,0.001,True,True,True,0.025301569084365982,True,0.08272612909457422,4.091334348013938e-16,0.08272612909457462,True,True
143,12,0.011437931098043919,0.001,True,True,True,0.026008912504072,True,0.007497651458102439,4.150103763564648e-16,0.0074976514581028535,True,True
143,13,0.007893157191574574,0.001,True,True,True,0.027132555376065515,True,1.1013412404281553e-12,4.118085297205501e-16,1.1017530489578758e-12,True,True
143,14,0.002285256050527096,0.001,True,True,True,0.025182307619807554,True,2.255973186038318e-12,4.111561647180083e-16,2.256384342203036e-12,True,True
143,15,0.008558643981814384,0.001,True,True,True,0.030377378624885987,True,0.09392255114564563,4.113597303997581e-16,0.09392255114564604,True,True
143,16,0.014643045142292976,0.001,True,True,True,0.03361500186614652,True,0.1209768471128303,4.112427723858154e-16,0.12097684711283072,True,True
143,17,0.02150779590010643,0.001,True,True,True,0.035203136638097376,True,0.08594587939817888,4.12035572799995e-16,0.0859458793981793,True,True
143,18,0.02602200396358967,0.001,True,True,True,0.06403396042921583,True,1.389999226830696e-13,4.1446729561862423e-16,1.3941438997868822e-13,True,True
143,19,0.01308712549507618,0.001,True,True,True,0.02117851685215788,True,2.824407374646398e-13,4.149375263450442e-16,2.8285567499098487e-13,True,True
143,20,0.009616769850254059,0.001,True,True,True,0.027197444336091614,True,8.478031471526037e-06,5.824528924258681e-17,8.478031471584283e-06,True,True
144,1,0.022823169827461243,0.001,True,True,True,0.024197933868086663,True,0.20628980336454528,3.824588390255356e-16,0.20628980336454567,True,True
144,2,0.02676481381058693,0.001,True,True,True,0.026237939950645606,True,0.24658772747518232,3.836695592135083e-16,0.2465877274751827,True,True
144,3,0.02564847841858864,0.001,True,True,True,0.028383345325397102,True,0.4235410977458054,3.8218525852632743e-16,0.4235410977458058,True,True
144,4,0.02390018291771412,0.001,True,True,True,0.028351240360058316,True,0.4381097923927584,3.822113242222424e-16,0.43810979239275877,True,True
144,5,0.02318023331463337,0.001,True,True,True,0.03281335987329015,True,0.45090993941328783,3.8222892010329985e-16,0.4509099394132882,True,True
144,6,0.023022789508104324,0.001,True,True,True,0.03573065321799618,True,0.413577431140828,3.8187767910215976e-16,0.4135774311408284,True,True
144,7,0.024659113958477974,0.001,True,True,True,0.03751606862989054,True,0.3195257904195028,3.818435427137573e-16,0.3195257904195032,True,True
144,8,0.027476122602820396,0.001,True,True,True,0.027106082865560377,True,0.20585823414789495,3.817207774490921e-16,0.20585823414789534,True,True
144,9,0.025548305362462997,0.001,True,True,True,0.02919933624446225,True,0.14798093952014213,3.8169015226442293e-16,0.14798093952014252,True,True
144,10,0.02489645965397358,0.001,True,True,True,0.03174719206827781,True,0.13462908557475295,3.8168774298895897e-16,0.13462908557475334,True,True
144,11,0.025816185399889946,0.001,True,True,True,0.03462314206181283,True,0.06336312841517078,3.8885449077778685e-16,0.06336312841517117,True,True
144,12,0.027013616636395454,0.001,True,True,True,0.0237594587368245,True,2.5632829192545614e-12,3.819912499463956e-16,2.563664910504508e-12,True,True
144,13,0.02824486792087555,0.001,True,True,True,0.019335930238483567,True,0.2238844777838409,3.8294608310580884e-16,0.2238844777838413,True,True
144,14,0.027007674798369408,0.001,True,True,True,0.01873234712862748,True,0.011385551290652884,3.838712335092251e-16,0.011385551290653268,True,True
144,15,0.021520964801311493,0.001,True,True,True,0.027720782123201615,True,1.9229062786507711e-13,3.826488095804288e-16,1.9267327667465754e-13,True,True
144,16,0.01579434797167778,0.001,True,True,True,0.028989503576067388,True,0.019796145513864438,3.8189726248113464e-16,0.01979614551386482,True,True
144,17,0.014186229556798935,0.001,True,True,True,0.030069141403300303,True,0.004048962256564259,3.8190253837539667e-16,0.004048962256564641,True,True
144,18,0.016664676368236542,0.001,True,True,True,0.030879105105208526,True,8.881784197001252e-14,3.83575174360412e-16,8.920141714437294e-14,True,True
144,19,0.021493785083293915,0.001,True,True,True,0.031208900328549616,True,1.971756091734278e-13,3.826563428278128e-16,1.9755826551625561e-13,True,True
144,20,0.018561022356152534,0.001,True,True,True,0.025953270604139655,True,1.2789769243681803e-13,5.977860897638889e-17,1.2795747104579442e-13,True,True
145,1,0.024604743346571922,0.001,True,True,True,0.025793712350606235,True,0.20000027539575577,8.396693002747334e-15,0.20000027539576418,True,True
145,2,0.02723793312907219,0.001,True,False,False,0.02795462130171411,True,,,,,
145,3,0.029406489804387093,0.001,True,True,True,0.025309035083237896,True,0.19999997975433337,8.396667389182112e-15,0.19999997975434178,True,True
145,4,0.029465986415743828,0.001,True,True,True,0.024149165336373235,True,0.19831393021283222,8.399027061498964e-15,0.19831393021284063,True,True
145,5,0.025913380086421967,0.001,True,True,True,0.032320330750911785,True,0.20912424657536244,8.35071048714142e-15,0.2091242465753708,True,True
145,6,0.02305075153708458,0.001,True,True,True,0.031083619499019388,True,0.2212533430600463,8.363991205750975e-15,0.22125334306005465,True,True
145,7,0.021448450163006783,0.001,True,True,True,0.030349163955373903,True,0.2166643304894591,8.364607972471309e-15,0.21666433048946745,True,True
145,8,0.020968511700630188,0.001,True,True,True,0.03012532534453305,True,0.19425307691368054,8.357285374386675e-15,0.1942530769136889,True,True
145,9,0.02052650973200798,0.001,True,True,True,0.028723492970231246,True,0.15994089361376673,8.34791978362591e-15,0.1599408936137751,True,True
145,10,0.020377784967422485,0.001,True,True,True,0.026343079089353738,True,0.13208430615980404,8.347400106392646e-15,0.1320843061598124,True,True
145,11,0.02144155092537403,0.001,True,True,True,0.024409729458182317,True,3.2947866657195846e-11,8.367698611597919e-15,3.295623435580744e-11,True,True
145,12,0.021191420033574104,0.001,True,True,True,0.0329596997790198,True,5.218936394157936e-12,8.396688925474736e-15,5.22733308308341e-12,True,True
145,13,0.020364828407764435,0.001,True,True,True,0.039220740903995854,True,0.1680708335082155,8.351230578401957e-15,0.16807083350822385,True,True
145,14,0.01978391781449318,0.001,True,True,True,0.04144395289673186,True,0.22045114517973552,8.346052289598122e-15,0.22045114517974387,True,True
145,15,0.02200683020055294,0.001,True,True,True,0.0433229986650735,True,0.19765874927833949,8.348675045123048e-15,0.19765874927834784,True,True
145,16,0.02435259521007538,0.001,True,True,True,0.00990705326348873,True,0.15150106537541586,8.344871224023326e-15,0.1515010653754242,True,True
145,17,0.024624653160572052,0.001,True,True,True,0.00886177431737678,True,0.10561570113096774,8.344698247943342e-15,0.10561570113097608,True,True
145,18,0.027416333556175232,0.001,True,True,True,0.00862124159328137,True,0.07212611275925429,8.40578003535257e-15,0.0721261127592627,True,True
145,19,0.023470718413591385,0.001,True,True,True,0.028864409477947883,True,2.69384514695048e-12,8.406946480843153e-15,2.702252093431323e-12,True,True
145,20,0.020957592874765396,0.001,True,True,True,0.03641359590219151,True,8.632206061065517e-12,1.0478220403889275e-15,8.633253883105907e-12,True,True
146,1,0.02682572230696678,0.001,True,True,True,0.025919624269065245,True,0.20000000298022935,2.598303011063333e-12,0.20000000298282766,True,True
146,2,0.028980717062950134,0.001,True,True,True,0.02646594631123389,True,0.19974193205788862,2.597681095807758e-12,0.1997419320604863,True,True
146,3,0.026337971910834312,0.001,True,True,True,0.028373411490506983,True,0.19952351696685833,2.5914006909771757e-12,0.19952351696944973,True,True
146,4,0.025228451937437057,0.001,True,True,True,0.02903411029987346,True,0.1895672645549764,2.585524765030392e-12,0.18956726455756193,True,True
146,5,0.026562418788671494,0.001,True,True,True,0.030406473936004152,True,0.1757995590495166,2.5876493258759138e-12,0.17579955905210426,True,True
146,6,0.02770787663757801,0.001,True,True,True,0.030176452673993825,True,0.14498329205937566,2.5841487312139364e-12,0.1449832920619598,True,True
146,7,0.02845613844692707,0.001,True,True,True,0.02980329461236919,True,0.10841396881476051,2.5814789614566274e-12,0.10841396881734199,True,True
146,8,0.028741182759404182,0.001,True,True,True,0.02920198159373444,True,0.07813776009293338,2.5785792082676695e-12,0.07813776009551196,True,True
146,9,0.027691911906003952,0.001,True,True,True,0.03075680919986068,True,0.0646610269649015,2.5744752984503836e-12,0.06466102696747597,True,True
146,10,0.026900451630353928,0.001,True,True,True,0.030808625224426067,True,0.0687033834091455,2.5914362472824725e-12,0.06870338341173694,True,True
146,11,0.0254354290664196,0.001,True,True,True,0.034117599213778216,True,8.510282256679602e-09,2.586857439131554e-12,8.512869114118733e-09,True,True
146,12,0.022629596292972565,0.001,True,True,True,0.03352653055558086,True,0.21328452253076868,2.573734749826603e-12,0.21328452253334243,True,True
146,13,0.015199076384305954,0.001,True,True,True,0.03318233704412421,True,0.5983478941362286,2.5843641434862593e-12,0.598347894138813,True,True
146,14,0.010718829929828644,0.001,True,True,True,0.032855820725752216,True,0.2571316485817663,2.5751306319573266e-12,0.2571316485843414,True,True
146,15,0.0042855404317379,0.001,True,True,True,0.032800555709317614,True,0.2584617302171903,2.5566242307244046e-12,0.25846173021974694,True,True
146,16,-0.0026195943355560303,0.001,False,True,False,0.03166982951007702,True,,,,,
146,17,-0.005209039896726608,0.001,False,True,False,0.029998350511898142,True,,,,,
146,18,0.0006653927266597748,0.001,False,True,False,0.028670585496730183,True,,,,,
146,19,0.004865903407335281,0.001,True,True,True,0.027900630640943502,True,0.06988480485532378,2.577464736775859e-12,0.06988480485790124,True,True
146,20,0.005725383758544922,0.001,True,True,True,0.028971482107944868,True,8.823430874826954e-10,7.410034577907754e-13,8.830840909404862e-10,True,True
147,1,0.02692088671028614,0.001,True,True,True,0.025544757573543908,True,0.20019366918674308,1.3692243147967608e-17,0.20019366918674308,True,True
147,2,0.027473455294966698,0.001,True,True,True,0.024759802189928903,True,0.2002777500334424,1.3691158381777499e-17,0.2002777500334424,True,True
147,3,0.02786361798644066,0.001,True,True,True,0.024028827416111898,True,0.19883320406089006,1.3689740795348181e-17,0.19883320406089006,True,True
147,4,0.027941837906837463,0.001,True,True,True,0.023795355062173007,True,0.19595668806582026,1.3684292442612217e-17,0.19595668806582026,True,True
147,5,0.028539761900901794,0.001,True,True,True,0.022815933023418,True,0.18662029783096257,1.368083201168337e-17,0.18662029783096257,True,True
147,6,0.028810517862439156,0.001,True,True,True,0.0214540052050457,True,0.16762555173111737,1.3678695753127967e-17,0.16762555173111737,True,True
147,7,0.029195636510849,0.001,True,True,True,0.01967601323745316,True,0.1507711644750418,1.367763539603607e-17,0.1507711644750418,True,True
147,8,0.02879968285560608,0.001,True,True,True,0.028964399753257264,True,0.14556220598613878,1.3679225268273449e-17,0.14556220598613878,True,True
147,9,0.028230004012584686,0.001,True,True,True,0.028887972034781995,True,0.14706835018775033,1.3680973926876696e-17,0.14706835018775033,True,True
147,10,0.026857096701860428,0.001,True,True,True,0.046483951239249865,True,1.5006867748468267e-08,1.3672610468896957e-17,1.5006867762140877e-08,True,True
147,11,0.02475127950310707,0.001,True,True,True,0.049984696442358256,True,0.016360797333389243,1.3689822703596385e-17,0.016360797333389257,True,True
147,12,0.026468832045793533,0.001,True,True,True,0.05452146344354025,True,0.24150095039804498,1.3661725246210582e-17,0.24150095039804498,True,True
147,13,0.02656342275440693,0.001,True,True,True,0.03198946039428041,True,0.11962314186258993,1.3696310436237004e-17,0.11962314186258995,True,True
147,14,0.02484750933945179,0.001,True,True,True,0.03311592313018419,True,0.0776767320513505,1.3693410681090484e-17,0.07767673205135052,True,True
147,15,0.0250282920897007,0.001,True,True,True,0.03401372542409953,True,0.01764430813415785,1.3688192940897083e-17,0.017644308134157863,True,True
147,16,0.023416243493556976,0.001,True,True,True,0.003345065910324574,True,1.687538997430238e-14,1.3693256404636101e-17,1.6889083230707016e-14,True,True
147,17,0.02152302861213684,0.001,True,True,True,0.001955321287442635,True,5.329070518200751e-15,1.3718168386655685e-17,5.342788686587407e-15,True,True
147,18,0.02470957487821579,0.001,True,True,True,5.440092820663267e-15,True,6.217248937900877e-15,1.3715262298003704e-17,6.23096420019888e-15,True,True
147,19,0.016187286004424095,0.001,True,True,True,0.03338140421128033,True,0.2100842219625747,1.3711600010771588e-17,0.2100842219625747,True,True
147,20,0.00478677311912179,0.001,True,True,True,0.013215314217883911,True,3.552713678800501e-14,2.2348224203751e-18,3.5529371610425384e-14,True,True
148,1,0.02654477395117283,0.001,True,True,True,0.026531725008616336,True,0.20000000298023224,9.967174028698373e-11,0.20000000307990398,True,True
148,2,0.025765493512153625,0.001,True,True,True,0.02761682313361724,True,0.19976546317948432,1.0019658785517189e-10,0.19976546327968092,True,True
148,3,0.025046104565262794,0.001,True,True,True,0.028503554286312238,True,0.19555201948264012,1.0001833977372843e-10,0.19555201958265844,True,True
148,4,0.02480393648147583,0.001,True,True,True,0.02908297433983742,True,0.1858785448236009,9.998264629963222e-11,0.18587854492358352,True,True
148,5,0.023834412917494774,0.001,True,True,True,0.029584942757586274,True,0.17600582496544703,9.967513618005358e-11,0.17600582506512216,True,True
148,6,0.022496266290545464,0.001,True,True,True,0.02989906894080796,True,0.17555517385954778,9.923461545074668e-11,0.1755551739587824,True,True
148,7,0.02076214924454689,0.001,True,True,True,0.029801677815582295,True,0.18808313162172485,9.923030961328549e-11,0.18808313172095517,True,True
148,8,0.018583377823233604,0.001,True,True,True,0.029172831567016444,True,0.20170302543630214,9.932705453374333e-11,0.2017030255356292,True,True
148,9,0.015863552689552307,0.001,True,True,True,0.027762787774735842,True,0.19085621347743142,9.932410186720574e-11,0.19085621357675553,True,True
148,10,0.01335049420595169,0.001,True,True,True,0.02557294675628974,True,0.3176431634036092,9.937153827013365e-11,0.3176431635029807,True,True
148,11,0.01219390332698822,0.001,True,True,True,0.023085054333780664,True,0.15734132673196477,9.954695202307666e-11,0.15734132683151172,True,True
148,12,0.010675378143787384,0.001,True,True,True,0.02074843783969671,True,0.10556938617957101,9.932062887644807e-11,0.10556938627889165,True,True
148,13,0.009169396013021469,0.001,True,True,True,0.01870054678974148,True,0.05300944392604734,9.916552192835687e-11,0.05300944402521286,True,True
148,14,0.007567226886749268,0.001,True,True,True,0.017014609777823764,True,0.011543095314586083,9.877360725868706e-11,0.01154309541335969,True,True
148,15,0.005267810076475143,0.001,True,True,True,0.015712312775760462,True,1.696575324672267e-09,9.898423721052753e-11,1.7955595618827947e-09,True,True
148,16,0.0018114112317562103,0.001,True,True,True,0.014839941307521753,True,0.14468199032361717,9.965761863940366e-11,0.1446819904232748,True,True
148,17,-0.0012119747698307037,0.001,False,True,False,0.014506547714870754,True,,,,,
148,18,-0.0008656792342662811,0.001,False,True,False,0.014294914860208174,True,,,,,
148,19,-0.00031299889087677,0.001,False,True,False,0.014911603228272341,True,,,,,
148,20,-0.00043808668851852417,0.001,False,True,False,0.01543373529052261,True,,,,,
149,1,0.027538951486349106,0.001,True,True,True,0.02559890825727107,True,0.2000064263666087,1.5817219706588905e-12,0.20000642636819044,True,True
149,2,0.028019355610013008,0.001,True,True,True,0.029486189586447997,True,0.20118914572023416,1.5925808969743977e-12,0.20118914572182675,True,True
149,3,0.027311421930789948,0.001,True,True,True,0.03104319671961031,True,0.2080353660830907,1.6022842071621756e-12,0.20803536608469297,True,True
149,4,0.02698514424264431,0.001,True,True,True,0.03371320419145607,True,0.2227186633582134,1.5784441308431475e-12,0.22271866335979182,True,True
149,5,0.027067508548498154,0.001,True,True,True,0.03426117974848797,True,0.23247359020688796,1.5598774634213521e-12,0.23247359020844785,True,True
149,6,0.027677370235323906,0.001,True,True,True,0.03303499717665992,True,0.23322234397673158,1.5567910036286681e-12,0.23322234397828837,True,True
149,7,0.028756678104400635,0.001,True,True,True,0.0304716714493779,True,0.2279105920651454,1.5608245208569326e-12,0.22791059206670625,True,True
149,8,0.02965427376329899,0.001,True,True,True,0.03097567360193576,True,0.18096925871772696,1.5597470076937442e-12,0.1809692587192867,True,True
149,9,0.027680745348334312,0.001,True,True,True,0.03489569906641932,True,6.427754328797164e-09,1.5573160126915555e-12,6.429311644809855e-09,True,True
149,10,0.025665953755378723,0.001,True,True,True,0.03667846577141165,True,0.16454768595085056,1.5557716005746006e-12,0.16454768595240635,True,True
149,11,0.023703360930085182,0.001,True,True,True,0.038352203391929796,True,0.01611499028329577,1.6574666966215217e-12,0.016114990284953237,True,True
149,12,0.02191244065761566,0.001,True,True,True,0.0029118326036709496,True,0.020239821444966388,1.5585190576246427e-12,0.02023982144652491,True,True
149,13,0.019596703350543976,0.001,True,True,True,0.0038406612437634213,True,8.761733394369031e-06,1.5478388433272973e-12,8.761734942207874e-06,True,True
149,14,0.017668962478637695,0.001,True,True,True,0.004807903457718643,True,4.7334360342432547e-07,1.5425851462600093e-12,4.7334514600947174e-07,True,True
149,15,0.016606785356998444,0.001,True,True,True,0.005250297717232011,True,5.2440718434354494e-11,1.5689428962973922e-12,5.4009661330651886e-11,True,True
149,16,0.01726413145661354,0.001,True,True,True,0.005063431717867939,True,1.8255459366400828e-09,1.5578907298870367e-12,1.8271038273699699e-09,True,True
149,17,0.01897376775741577,0.001,True,True,True,0.005038645370471717,True,8.982716792615975e-10,1.5656159484188168e-12,8.998372952100163e-10,True,True
149,18,0.015279415063560009,0.001,True,True,True,0.027763917144369987,True,0.055059120436176556,1.5650667837376902e-12,0.055059120437741624,True,True
149,19,0.0007607618463225663,0.001,False,True,False,0.013550470258390401,True,,,,,
149,20,-0.013472214341163635,0.001,False,True,False,2.4888313632231984e-11,True,,,,,
150,1,0.026600735262036324,0.001,True,True,True,0.02611353324642529,True,0.19999995494639342,5.462081084439236e-12,0.1999999549518555,True,True
150,2,0.024964813143014908,0.001,True,True,True,0.026336917215711075,True,0.2000994758617076,5.461964679242484e-12,0.20009947586716956,True,True
150,3,0.02199559472501278,0.001,True,True,True,0.026016688327170967,True,0.20648635196797227,5.468278977122372e-12,0.20648635197344056,True,True
150,4,0.016726523637771606,0.001,True,True,True,0.024411777764528075,True,0.25782386696595516,5.4690442067049765e-12,0.25782386697142423,True,True
150,5,0.01230582781136036,0.001,True,True,True,0.02331694324461253,True,0.35411309623044573,5.449987217036454e-12,0.3541130962358957,True,True
150,6,0.00885859876871109,0.001,True,True,True,0.023270707594185258,True,0.4503094198229505,5.446618060924066e-12,0.4503094198283971,True,True
150,7,0.006283053196966648,0.001,True,True,True,0.023232689616842106,True,0.5008418391185181,5.45427277558808e-12,0.5008418391239724,True,True
150,8,0.004512816667556763,0.001,True,True,True,0.022202382566826717,True,0.9373409570041815,5.447706963040141e-12,0.9373409570096293,True,True
150,9,0.0055592358112335205,0.001,True,True,True,0.020787150933693488,True,0.37657526961394083,5.457536079976603e-12,0.37657526961939836,True,True
150,10,0.005316540598869324,0.001,True,True,True,0.0194563782455498,True,0.3107769715842217,5.44766305807182e-12,0.3107769715896693,True,True
150,11,0.004996772855520248,0.001,True,True,True,0.018265455505692474,True,0.26569798579102155,5.446467911695388e-12,0.26569798579646803,True,True
150,12,0.004648167639970779,0.001,True,True,True,0.017270358956871734,True,0.2283780916921252,5.446017028147043e-12,0.2283780916975712,True,True
150,13,0.004437576979398727,0.001,True,True,True,0.01650991655987638,True,0.1948535884757021,5.4456838465782956e-12,0.19485358848114778,True,True
150,14,0.004506155848503113,0.001,True,True,True,0.015937784339443317,True,0.1528418606262214,5.445255137472518e-12,0.15284186063166666,True,True
150,15,0.00510745495557785,0.001,True,True,True,0.015463833167842778,True,0.07872057151693923,5.4445913982985835e-12,0.07872057152238382,True,True
150,16,0.005845177918672562,0.001,True,True,True,0.015419014516838858,True,0.013419365084704538,5.4476289799435966e-12,0.013419365090152166,True,True
150,17,0.006469167768955231,0.001,True,True,True,0.015962165260212657,True,6.01337646344291e-09,5.456659858053814e-12,6.018833123300964e-09,True,True
150,18,0.0070603713393211365,0.001,True,True,True,0.016694590146306587,True,0.003154691070925253,5.443237537631038e-12,0.0031546910763684904,True,True
150,19,0.008119054138660431,0.001,True,True,True,0.0171701450905567,True,6.261917206984435e-09,5.6106925152454585e-12,6.267527899499681e-09,True,True
150,20,0.001004448626190424,0.001,True,True,True,0.002317466150725478,True,4.409940856930916e-09,9.918817360687148e-13,4.410932738666985e-09,True,True
151,1,0.02711525186896324,0.001,True,True,True,0.023808151458621363,True,0.20000011448060062,6.717573500474636e-15,0.20000011448060734,True,True
151,2,0.0273592546582222,0.001,True,True,True,0.021600561562642784,True,0.20004826681723417,6.723503117715417e-15,0.2000482668172409,True,True
151,3,0.027103442698717117,0.001,True,True,True,0.01963202037194023,True,0.19992129845102363,6.7226933251760475e-15,0.19992129845103035,True,True
151,4,0.025668008252978325,0.001,True,True,True,0.018167881016524223,True,0.19715343863943458,6.7204528184115994e-15,0.1971534386394413,True,True
151,5,0.024745218455791473,0.001,True,True,True,0.016132378921081325,True,0.19282554353457182,6.718772143123642e-15,0.19282554353457854,True,True
151,6,0.024828648194670677,0.001,True,True,True,0.013595119919230902,True,0.18608247944098066,6.7184943444992446e-15,0.18608247944098738,True,True
151,7,0.024721968919038773,0.001,True,True,True,0.011370976025842916,True,0.15834207059095284,6.729535305649423e-15,0.15834207059095956,True,True
151,8,0.023498965427279472,0.001,True,True,True,0.009298610193554824,True,0.0548916539470401,6.7275615005971114e-15,0.05489165394704683,True,True
151,9,0.022167786955833435,0.001,True,True,True,0.009941480735253028,True,0.06906720614396189,6.7469755577802636e-15,0.06906720614396863,True,True
151,10,0.02095527946949005,0.001,True,True,True,0.009866916627757516,True,0.07244013134254024,6.7295011170791715e-15,0.07244013134254697,True,True
151,11,0.019651129841804504,0.001,True,True,True,0.009943920310612975,True,0.03545460776104736,6.7215180963007945e-15,0.03545460776105409,True,True
151,12,0.018359869718551636,0.001,True,True,True,0.010145288624824778,True,0.0099817054401794,6.7198419100509356e-15,0.00998170544018612,True,True
151,13,0.01721585914492607,0.001,True,True,True,0.010424205247283658,True,1.5421441901253274e-11,6.72444127854643e-15,1.542816634253182e-11,True,True
151,14,0.01644168049097061,0.001,True,True,True,0.010467258321813055,True,5.8824056736739294e-12,6.728961271048837e-15,5.889134634944978e-12,True,True
151,15,0.016367409378290176,0.001,True,True,True,0.00989888191862276,True,0.015677319053862604,6.718454631713132e-15,0.01567731905386932,True,True
151,16,0.01641850173473358,0.001,True,True,True,0.009556315986037955,True,0.017284621842606818,6.718577172220092e-15,0.017284621842613535,True,True
151,17,0.016575690358877182,0.001,True,True,True,0.00938086188254228,True,0.003838623407242281,6.71919426181713e-15,0.003838623407249,True,True
151,18,0.017759010195732117,0.001,True,True,True,0.009535661862813294,True,1.3598011605608917e-12,6.7894689239616875e-15,1.3665906294848534e-12,True,True
151,19,0.019402191042900085,0.001,True,True,True,0.010080416497514788,True,0.0073888484485982175,6.9027154865213154e-15,0.00738884844860512,True,True
151,20,0.004265333991497755,0.001,True,True,True,0.012876674031419677,True,4.135358722123783e-12,1.8545904209765498e-15,4.13721331254476e-12,True,True
152,1,0.02482416294515133,0.001,True,True,True,0.023406664399808874,True,0.20000000628960468,6.981167068498232e-12,0.20000000629658585,True,True
152,2,0.022664152085781097,0.001,True,True,True,0.0232337473305696,True,0.20004944139809147,6.98681850921902e-12,0.2000494414050783,True,True
152,3,0.02072996459901333,0.001,True,True,True,0.02388115134838109,True,0.20297320143973763,6.9722228920911355e-12,0.20297320144670986,True,True
152,4,0.019238965585827827,0.001,True,True,True,0.024205959055069393,True,0.21529583491227666,6.960393633540735e-12,0.21529583491923707,True,True
152,5,0.01720859669148922,0.001,True,True,True,0.024543651492930252,True,0.238192957709368,6.957266493315576e-12,0.23819295771632526,True,True
152,6,0.014719150960445404,0.001,True,True,True,0.02450882251498454,True,0.29767610069955275,7.033391056112495e-12,0.2976761007065861,True,True
152,7,0.01268179714679718,0.001,True,True,True,0.02491612722922032,True,0.7542857472515223,6.966548110750676e-12,0.7542857472584888,True,True
152,8,0.0122247114777565,0.001,True,True,True,0.023821957021136986,True,0.43029289132788406,7.234029878601568e-12,0.4302928913351181,True,True
152,9,0.011837299913167953,0.001,True,True,True,0.02260776432772993,True,0.32157790577404555,6.966815707264749e-12,0.32157790578101236,True,True
152,10,0.011508576571941376,0.001,True,True,True,0.02142240707971954,True,0.28208569851653564,6.9689686436130545e-12,0.2820856985235046,True,True
152,11,0.011225640773773193,0.001,True,True,True,0.020360471844759087,True,0.24701118685158363,6.972971984590258e-12,0.2470111868585566,True,True
152,12,0.010997101664543152,0.001,True,True,True,0.019491797446758108,True,0.21604909428877406,6.9792385129646614e-12,0.2160490942957533,True,True
152,13,0.010885216295719147,0.001,True,True,True,0.01885082267520438,True,0.18088995079518,6.989764699124193e-12,0.18088995080216977,True,True
152,14,0.010942183434963226,0.001,True,True,True,0.018411562301642537,True,0.1254661273897515,6.995659675697621e-12,0.12546612739674715,True,True
152,15,0.010915938764810562,0.001,True,True,True,0.018507139137312112,True,0.07478650373004037,6.981730048220612e-12,0.0747865037370221,True,True
152,16,0.01048184186220169,0.001,True,True,True,0.0193278593418873,True,0.025834444303585613,6.98985017366678e-12,0.025834444310575463,True,True
152,17,0.009898163378238678,0.001,True,True,True,0.020672720668793554,True,2.0802614741910475e-08,6.982127246837879e-12,2.080959686915731e-08,True,True
152,18,0.009937230497598648,0.001,True,True,True,0.022169452197638773,True,0.15098425254737435,6.962046520221247e-12,0.1509842525543364,True,True
152,19,0.010803896933794022,0.001,True,True,True,0.023562182988832836,True,0.21532464266996243,6.9657197497622266e-12,0.21532464267692816,True,True
152,20,0.01110704243183136,0.001,True,True,True,0.025154611197282795,True,2.3028192686069815e-09,2.5818506709834342e-12,2.3054011192779647e-09,True,True
153,1,0.02440664730966091,0.001,True,True,True,0.021349458123226417,True,0.19999999751574185,2.62463055794671e-13,0.1999999975160043,True,True
153,2,0.024249082431197166,0.001,True,True,True,0.018789568718346805,True,0.20000125828906057,2.624166468864842e-13,0.200001258289323,True,True
153,3,0.024953048676252365,0.001,True,True,True,0.015606741816513114,True,0.19998830077127347,2.624974693116945e-13,0.19998830077153595,True,True
153,4,0.02531670778989792,0.001,True,True,True,0.012282112949748458,True,0.19994372286021064,2.624934055416957e-13,0.19994372286047313,True,True
153,5,0.025703007355332375,0.001,True,True,True,0.009021335843538258,True,0.19968350099437737,2.624738260626524e-13,0.19968350099463986,True,True
153,6,0.025720568373799324,0.001,True,True,True,0.005937171209484671,True,0.19309776882121688,2.6245066141911075e-13,0.19309776882147933,True,True
153,7,0.02527981996536255,0.001,True,True,True,0.004899075890434479,True,0.18567916647456933,2.622648737435164e-13,0.1856791664748316,True,True
153,8,0.024507954716682434,0.001,True,True,True,0.004147183961197953,True,0.1696742579217303,2.6232149536164943e-13,0.16967425792199262,True,True
153,9,0.023538120090961456,0.001,True,True,True,0.0035089772718448486,True,0.13348471580878996,2.6235263997543077e-13,0.1334847158090523,True,True
153,10,0.02251901477575302,0.001,True,True,True,0.0029619548281337726,True,0.08885625969233901,2.623115226303957e-13,0.08885625969260133,True,True
153,11,0.02147064357995987,0.001,True,True,True,0.0025102026609041816,True,0.04457977967530802,2.622643489227437e-13,0.04457977967557028,True,True
153,12,0.02045266330242157,0.001,True,True,True,0.0021571229372059353,True,0.010072067465843215,2.6216127847452904e-13,0.010072067466105377,True,True
153,13,0.019633986055850983,0.001,True,True,True,0.0018460976175256882,True,3.9463898815483844e-10,2.623055634691069e-13,3.9490129371830756e-10,True,True
153,14,0.019429780542850494,0.001,True,True,True,0.0011080583862336235,True,2.6371038686079373e-10,2.623827000926926e-13,2.639727695608864e-10,True,True
153,15,0.020097345113754272,0.001,True,True,True,0.0003926444968215814,True,-3.5571545708990016e-13,2.6268581409686406e-13,-9.302964299303609e-14,True,True
153,16,0.021055787801742554,0.001,True,True,True,9.204859097167173e-13,True,8.973880278873025e-07,2.624172616415772e-13,8.973882903045642e-07,True,True
153,17,0.014096190221607685,0.001,True,True,True,0.046180115133544364,True,0.4280058442444741,2.6116040428002505e-13,0.42800584424473526,True,True
153,18,0.010450290516018867,0.001,True,True,True,0.034125028015791425,True,0.5407250333812925,2.6226777141067165e-13,0.5407250333815548,True,True
153,19,0.008512360043823719,0.001,True,True,True,0.02152459806014151,True,0.3685157197806177,2.6695357588006144e-13,0.36851571978088465,True,True
153,20,0.002193919848650694,0.001,True,True,True,0.009622937768872797,True,1.6679990721968352e-10,6.148359219694307e-14,1.6686139081188045e-10,True,True
154,1,0.02235918678343296,0.001,True,True,True,0.020752832256167864,True,0.20000000297994985,1.1075952744356095e-13,0.20000000298006063,True,True
154,2,0.01984311081469059,0.001,True,True,True,0.019804027344707764,True,0.20000023086086763,1.1076094746486103e-13,0.2000002308609784,True,True
154,3,0.016786344349384308,0.001,True,True,True,0.018736389207733684,True,0.20004863061546815,1.1123856116094061e-13,0.2000486306155794,True,True
154,4,0.013599102385342121,0.001,True,True,True,0.017966398685315688,True,0.20643732180720897,1.1105527655037823e-13,0.20643732180732002,True,True
154,5,0.010467316955327988,0.001,True,True,True,0.017400075236780888,True,0.2924129196076759,1.1046476220185616e-13,0.29241291960778637,True,True
154,6,0.007475451100617647,0.001,True,True,True,0.016344272894969425,True,0.6624498332979556,1.1052898814802225e-13,0.6624498332980662,True,True
154,7,0.005779623985290527,0.001,True,True,True,0.01649490562857603,True,1.057162950175936,1.1049188259635554e-13,1.0571629501760467,True,True
154,8,0.004927624017000198,0.001,True,True,True,0.015489884025106815,True,0.38680252194015097,1.104931449571795e-13,0.38680252194026143,True,True
154,9,0.004262186586856842,0.001,True,True,True,0.014332729575455005,True,0.2802785971551529,1.1048180736829263e-13,0.2802785971552634,True,True
154,10,0.003800436854362488,0.001,True,True,True,0.013132725500873021,True,0.18481164914517478,1.1052460999727181e-13,0.1848116491452853,True,True
154,11,0.0034565776586532593,0.001,True,True,True,0.011981633322308782,True,0.104159618708902,1.1054279878411887e-13,0.10415961870901254,True,True
154,12,0.0031416863203048706,0.001,True,True,True,0.010955877306190132,True,0.042434428720493855,1.1052719937061969e-13,0.042434428720604385,True,True
154,13,0.0027810707688331604,0.001,True,True,True,0.010098353055118137,True,0.0033218955141425255,1.1026080995208988e-13,0.0033218955142527862,True,True
154,14,0.001978684216737747,0.001,True,True,True,0.009767060711162123,True,2.417497313444983e-10,1.1081982514594974e-13,2.4186055116964424e-10,True,True
154,15,0.000706017017364502,0.001,False,True,False,0.010077515795834713,True,,,,,
154,16,-0.0003965534269809723,0.001,False,True,False,0.010970636895327845,True,,,,,
154,17,-0.0006663613021373749,0.001,False,True,False,0.011545150913539581,True,,,,,
154,18,-0.0004711821675300598,0.001,False,True,False,0.012204306638433082,True,,,,,
154,19,-0.0006185024976730347,0.001,False,True,False,0.01292830467207362,True,,,,,
154,20,-0.0008656047284603119,0.001,False,True,False,0.013336395471422069,True,,,,,
155,1,0.021752843633294106,0.001,True,True,True,0.022463000010830236,True,0.20000000298023224,1.740207426620264e-17,0.20000000298023227,True,True
155,2,0.02081174962222576,0.001,True,True,True,0.02377028712901086,True,0.20000000298023224,1.740207426600069e-17,0.20000000298023227,True,True
155,3,0.019771326333284378,0.001,True,True,True,0.0245251882554004,True,0.20000000297045517,1.740207426620264e-17,0.2000000029704552,True,True
155,4,0.01904996857047081,0.001,True,True,True,0.02456354911261105,True,0.1999994551495957,1.74022733235012e-17,0.19999945514959572,True,True
155,5,0.018554313108325005,0.001,True,True,True,0.023808733710947383,True,0.19965224738353624,1.742434851121851e-17,0.19965224738353626,True,True
155,6,0.017811909317970276,0.001,True,True,True,0.023868816621021027,True,0.20363840407592781,1.7416719324666428e-17,0.20363840407592784,True,True
155,7,0.01710691675543785,0.001,True,True,True,0.022178993099824407,True,0.19929025877252382,1.739046878791284e-17,0.19929025877252385,True,True
155,8,0.01612105965614319,0.001,True,True,True,0.0203263243966193,True,0.18366278800373337,1.7372501724449217e-17,0.1836627880037334,True,True
155,9,0.014986664056777954,0.001,True,True,True,0.01843046800322079,True,0.1582304238999539,1.7368227955662278e-17,0.15823042389995393,True,True
155,10,0.013846173882484436,0.001,True,True,True,0.016592623142718588,True,0.1204500161995874,1.7367825783720018e-17,0.12045001619958741,True,True
155,11,0.012805495411157608,0.001,True,True,True,0.014892627501154276,True,0.07628020828423487,1.7367755349775536e-17,0.07628020828423489,True,True
155,12,0.011973004788160324,0.001,True,True,True,0.013384716598608237,True,0.0343435313095668,1.7365998811146043e-17,0.03434353130956682,True,True
155,13,0.01152331754565239,0.001,True,True,True,0.012098687173814515,True,0.006576978768244146,1.734479301246685e-17,0.006576978768244163,True,True
155,14,0.011542346328496933,0.001,True,True,True,0.011059994594392053,True,1.0658141036401503e-14,1.7401933199394508e-17,1.0675542969600897e-14,True,True
155,15,0.01196996495127678,0.001,True,True,True,0.010038948752967292,True,1.2434497875801753e-14,1.7396995780330553e-17,1.2451894871582084e-14,True,True
155,16,0.012801814824342728,0.001,True,True,True,0.009596805906327499,True,4.085620730620576e-14,1.7379280105860035e-17,4.087358658631162e-14,True,True
155,17,0.012032109312713146,0.001,True,True,True,0.025414960173191448,True,0.2045649203463995,1.736833940290174e-17,0.20456492034639953,True,True
155,18,-3.515183925628662e-05,0.001,False,True,False,0.016680180942309386,True,,,,,
155,19,-0.011973485350608826,0.001,False,True,False,0.008249451551887832,True,,,,,
155,20,-0.023838095366954803,0.001,False,True,False,0.0,True,,,,,
156,1,0.023488180711865425,0.001,True,True,True,0.02211297795055589,True,0.20000000298023224,1.8118417872825875e-16,0.20000000298023243,True,True
156,2,0.02485058084130287,0.001,True,True,True,0.021082758795431644,True,0.200000002980016,1.811841787280568e-16,0.2000000029800162,True,True
156,3,0.024644216522574425,0.001,True,True,True,0.02737680355159955,True,0.19999996644831414,1.811842241646274e-16,0.19999996644831433,True,True
156,4,0.024604838341474533,0.001,True,True,True,0.028305850516914144,True,0.1999352442608866,1.8106218346782014e-16,0.1999352442608868,True,True
156,5,0.02494736760854721,0.001,True,True,True,0.014625468408996034,True,0.19854893452134295,1.8109061376463025e-16,0.19854893452134315,True,True
156,6,0.02385297417640686,0.001,True,True,True,0.013703201043990365,True,0.18813668460686395,1.8107272004013873e-16,0.18813668460686414,True,True
156,7,0.02254662662744522,0.001,True,True,True,0.013037339063308284,True,0.15886243474118267,1.8030569369688536e-16,0.15886243474118283,True,True
156,8,0.021148450672626495,0.001,True,True,True,0.01256670841264751,True,0.11485548708824211,1.799117817445492e-16,0.1148554870882423,True,True
156,9,0.019733816385269165,0.001,True,True,True,0.012252525049796126,True,0.07132397489186815,1.7979022112107436e-16,0.07132397489186833,True,True
156,10,0.01832178235054016,0.001,True,True,True,0.012076402317745816,True,0.03936425981513869,1.797107032537899e-16,0.03936425981513887,True,True
156,11,0.01685696467757225,0.001,True,True,True,0.012051586911435486,True,0.01828813051291167,1.7951492162842144e-16,0.01828813051291185,True,True
156,12,0.015173103660345078,0.001,True,True,True,0.012260691402844137,True,0.002562205265415507,1.791492421870639e-16,0.002562205265415686,True,True
156,13,0.012885883450508118,0.001,True,True,True,0.012963903002137678,True,7.105427357601002e-15,1.807398221346086e-16,7.28616717973561e-15,True,True
156,14,0.009532872587442398,0.001,True,True,True,0.013511954426755346,True,0.0008506987754532958,1.795423726469858e-16,0.0008506987754534753,True,True
156,15,0.004991542547941208,0.001,True,True,True,0.01488746348783565,True,0.09638189335856495,1.8049668914193655e-16,0.09638189335856513,True,True
156,16,0.0032060407102108,0.001,True,True,True,0.015614495078742796,True,0.1416744071919993,1.7921260883448674e-16,0.14167440719199947,True,True
156,17,0.0029687732458114624,0.001,True,True,True,0.015579644627656708,True,0.07956046630117264,1.7888784294963654e-16,0.07956046630117282,True,True
156,18,0.00335896760225296,0.001,True,True,True,0.01588457651795827,True,7.105427357601002e-14,1.8090584267657978e-16,7.12351794186866e-14,True,True
156,19,0.003871545195579529,0.001,True,True,True,0.01713596678678797,True,1.9984014443252818e-13,1.8306932328388453e-16,2.0002321375581206e-13,True,True
156,20,0.003909986466169357,0.001,True,True,True,0.017124900518131092,True,0.12955307361681356,4.7485189386850354e-17,0.12955307361681362,True,True
157,1,0.02311312034726143,0.001,True,True,True,0.019886840569878328,True,0.20000000256015893,1.0633357942978306e-13,0.20000000256026526,True,True
157,2,0.022099990397691727,0.001,True,True,True,0.018349488343893716,True,0.1997091999658255,1.0654706886488714e-13,0.19970919996593206,True,True
157,3,0.02015436440706253,0.001,True,True,True,0.019221694863592487,True,0.19518008878593762,1.0647487647446745e-13,0.1951800887860441,True,True
157,4,0.01883796602487564,0.001,True,True,True,0.01911920737768935,True,0.18307356054783064,1.0638647670121174e-13,0.18307356054793703,True,True
157,5,0.017827726900577545,0.001,True,True,True,0.018594460074200403,True,0.1673860418485642,1.0605354083137819e-13,0.16738604184867026,True,True
157,6,0.01691688597202301,0.001,True,True,True,0.017947196207104943,True,0.1473250328436988,1.0589510645691913e-13,0.1473250328438047,True,True
157,7,0.01605021208524704,0.001,True,True,True,0.017320050899762518,True,0.12105722048814016,1.0583500128956995e-13,0.12105722048824599,True,True
157,8,0.01523110643029213,0.001,True,True,True,0.01681059474903629,True,0.08881338101125547,1.0578225691912739e-13,0.08881338101136124,True,True
157,9,0.014501292258501053,0.001,True,True,True,0.01650138477988755,True,0.05369047666795268,1.0571956075372038e-13,0.0536904766680584,True,True
157,10,0.013915259391069412,0.001,True,True,True,0.016473588699817465,True,0.021256856126255386,1.0564268425641386e-13,0.021256856126361027,True,True
157,11,0.013528194278478622,0.001,True,True,True,0.016781474352697223,True,5.942268899161718e-11,1.0557457856823718e-13,5.952826357018542e-11,True,True
157,12,0.013378866016864777,0.001,True,True,True,0.017357920967503437,True,1.5615952975167602e-11,1.0625189586876655e-13,1.572220487103637e-11,True,True
157,13,0.013456672430038452,0.001,True,True,True,0.017956936977543192,True,0.047059471080290294,1.058657071699268e-13,0.04705947108039616,True,True
157,14,0.01421067863702774,0.001,True,True,True,0.017746128958758045,True,0.15958179711062748,1.0567103485941581e-13,0.15958179711073314,True,True
157,15,0.014239729382097721,0.001,True,True,True,0.036031927628913385,True,0.5305883482004781,1.0577340629220379e-13,0.5305883482005839,True,True
157,16,0.016062645241618156,0.001,True,True,True,0.01762701699189484,True,0.23467173036130085,1.0594753419173775e-13,0.2346717303614068,True,True
157,17,0.016877926886081696,0.001,True,True,True,0.017581938226090665,True,0.1439710753935195,1.0557621475223598e-13,0.14397107539362508,True,True
157,18,0.015387304127216339,0.001,True,True,True,0.021336412202615618,True,4.404085984788253e-10,1.0539870960170736e-13,4.40513997188427e-10,True,True
157,19,0.017735019326210022,0.001,True,True,True,0.024635632425832332,True,2.0722978888443322e-11,1.0865843521390217e-13,2.0831637323657222e-11,True,True
157,20,0.01982329785823822,0.001,True,True,True,0.025896468516162452,True,4.57238691353723e-11,4.257234136975331e-14,4.576644147674205e-11,True,True
158,1,0.0208977572619915,0.001,True,True,True,0.019375699796530976,True,0.20000184131240023,5.093511140635685e-16,0.20000184131240073,True,True
158,2,0.019835717976093292,0.001,True,True,True,0.018768707577180077,True,0.20188107033156016,5.094628222128192e-16,0.20188107033156066,True,True
158,3,0.020128943026065826,0.001,True,True,True,0.01748423688072054,True,0.1963469711501573,5.09536505292216e-16,0.1963469711501578,True,True
158,4,0.01987595111131668,0.001,True,True,True,0.016287088175496844,True,0.18222516212779727,5.082596877325283e-16,0.18222516212779777,True,True
158,5,0.019361920654773712,0.001,True,True,True,0.015163796877534774,True,0.15583820184285635,5.077282770048036e-16,0.15583820184285685,True,True
158,6,0.018771596252918243,0.001,True,True,True,0.014136137231805956,True,0.11988228659428302,5.076048887351559e-16,0.11988228659428353,True,True
158,7,0.0181831493973732,0.001,True,True,True,0.01322991023798048,True,0.08054251139475088,5.075378993481429e-16,0.0805425113947514,True,True
158,8,0.017666779458522797,0.001,True,True,True,0.012448611823764666,True,0.047720333039405816,5.074956154488741e-16,0.04772033303940632,True,True
158,9,0.017305731773376465,0.001,True,True,True,0.011765903442377657,True,0.03257809500884967,5.075384699701486e-16,0.03257809500885018,True,True
158,10,0.017188560217618942,0.001,True,True,True,0.011131525983148427,True,0.03776608101246115,5.077242838321872e-16,0.03776608101246166,True,True
158,11,0.017398536205291748,0.001,True,True,True,0.010496308010162991,True,0.03808951858387832,5.079391063454057e-16,0.03808951858387883,True,True
158,12,0.018013976514339447,0.001,True,True,True,0.009773511673776103,True,1.2789769243681803e-13,5.096630968624445e-16,1.2840735553368047e-13,True,True
158,13,0.01893022656440735,0.001,True,True,True,0.00905457620089578,True,0.013280640436233782,5.078124418200964e-16,0.01328064043623429,True,True
158,14,0.016861891373991966,0.001,True,True,True,0.0239450069732553,True,0.23923735336170715,5.072467520301315e-16,0.23923735336170765,True,True
158,15,0.011362947523593903,0.001,True,True,True,0.02729436125985374,True,0.20052488388402293,5.088920085167442e-16,0.20052488388402342,True,True
158,16,0.017361074686050415,0.001,True,True,True,0.010677302638756436,True,0.20000000796109738,5.095166775522414e-16,0.20000000796109788,True,True
158,17,0.00593815790489316,0.001,True,False,False,3.708144902248023e-14,True,,,,,
158,18,0.000913962721824646,0.001,False,True,False,0.008195588978631596,True,,,,,
158,19,0.00179382786154747,0.001,True,True,True,0.008710783990087734,True,0.1254667420233595,5.095364255150913e-16,0.12546674202336,True,True
158,20,0.0027717947959899902,0.001,True,True,True,0.008621100764742429,True,1.2825296380469808e-12,8.860333092026629e-17,1.2826182413779011e-12,True,True
159,1,0.020640231668949127,0.001,True,True,True,0.01858705655668169,True,0.1999989301418875,1.0113279494409867e-14,0.1999989301418976,True,True
159,2,0.019805826246738434,0.001,True,True,True,0.017907352829694023,True,0.1987661866803794,1.0103485054797951e-14,0.1987661866803895,True,True
159,3,0.01858392357826233,0.001,True,True,True,0.017394061699658625,True,0.18544249911061295,1.0112698474047976e-14,0.18544249911062305,True,True
159,4,0.01734534651041031,0.001,True,True,True,0.016817282584076332,True,0.1574544412804384,1.010779377788797e-14,0.1574544412804485,True,True
159,5,0.016195300966501236,0.001,True,True,True,0.016194587194195142,True,0.13127061431867126,1.0089797066042971e-14,0.13127061431868137,True,True
159,6,0.015165664255619049,0.001,True,True,True,0.015543704983750128,True,0.1115827554514297,1.0086385662835742e-14,0.1115827554514398,True,True
159,7,0.01421070471405983,0.001,True,True,True,0.014897377374490206,True,0.09012152083235225,1.0088533906367508e-14,0.09012152083236234,True,True
159,8,0.013200812041759491,0.001,True,True,True,0.014335649414590645,True,0.057872658813534095,1.008727514827758e-14,0.057872658813544184,True,True
159,9,0.011956818401813507,0.001,True,True,True,0.014025404400733243,True,0.02045593896790976,1.0078002064450251e-14,0.020455938967919838,True,True
159,10,0.010328371077775955,0.001,True,True,True,0.014256895939668501,True,5.944578163052938e-11,1.0082706133128859e-14,5.945586433666251e-11,True,True
159,11,0.008533522486686707,0.001,True,True,True,0.015068651858383797,True,7.197797913249815e-12,1.0120518793552097e-14,7.207918432043367e-12,True,True
159,12,0.007608134299516678,0.001,True,True,True,0.016018105748267453,True,0.018708928721419937,1.0142272644302362e-14,0.01870892872143008,True,True
159,13,0.008934084326028824,0.001,True,True,True,0.017448549081644837,True,0.13579694365043515,1.0108713180855178e-14,0.13579694365044526,True,True
159,14,0.011899977922439575,0.001,True,True,True,0.01877767393187124,True,0.013595086637400833,1.0081619401533948e-14,0.013595086637410915,True,True
159,15,0.015109885483980179,0.001,True,False,False,0.004891463043844357,True,,,,,
159,16,0.008641933090984821,0.001,True,False,False,8.535394613318203e-13,True,,,,,
159,17,0.006161920726299286,0.001,True,True,True,0.013063147329251068,True,0.0007538817199588266,1.0107162586440182e-14,0.0007538817199689337,True,True
159,18,0.0076887719333171844,0.001,True,True,True,0.01798574877669723,True,7.913669719528116e-12,1.014966719005843e-14,7.923819386718174e-12,True,True
159,19,0.008488837629556656,0.001,True,True,True,0.019473128224603342,True,0.015139494941569964,1.0119315661474462e-14,0.015139494941580083,True,True
159,20,0.00899430736899376,0.001,True,True,True,0.019993660501684607,True,3.4630076584107883e-12,2.865114136711741e-15,3.4658727725475e-12,True,True
160,1,0.01974949985742569,0.001,True,True,True,0.016984089803443903,True,0.20005771126445798,2.3894771102853192e-17,0.200057711264458,True,True
160,2,0.019091017544269562,0.001,True,True,True,0.015347249482909664,True,0.19775892742398682,2.386329971270766e-17,0.19775892742398685,True,True
160,3,0.01849810779094696,0.001,True,True,True,0.013900377373839867,True,0.18366074586947878,2.3833364754231588e-17,0.1836607458694788,True,True
160,4,0.017845958471298218,0.001,True,True,True,0.01265205783021428,True,0.156837663791908,2.3811664177347826e-17,0.15683766379190803,True,True
160,5,0.01718221604824066,0.001,True,True,True,0.011550581704603158,True,0.1189668426190078,2.380389380390405e-17,0.11896684261900783,True,True
160,6,0.01653316244482994,0.001,True,True,True,0.010581553832053059,True,0.07361021004839507,2.380899395692006e-17,0.0736102100483951,True,True
160,7,0.015914186835289,0.001,True,True,True,0.009753423789591986,True,0.027684566843710456,2.3820179773413537e-17,0.02768456684371048,True,True
160,8,0.015398167073726654,0.001,True,True,True,0.009000684157817296,True,2.6645352591003757e-14,2.3853580318990037e-17,2.6669206171322747e-14,True,True
160,9,0.015202943235635757,0.001,True,True,True,0.008098193153570354,True,1.9539925233402755e-14,2.3872042591616095e-17,1.956379727599437e-14,True,True
160,10,0.0156460702419281,0.001,True,True,True,0.007317945036360851,True,0.02255214136746808,2.386541422922153e-17,0.022552141367468106,True,True
160,11,0.016264716163277626,0.001,True,True,True,0.04578675867288151,True,0.297326808924975,2.3843565476201563e-17,0.297326808924975,True,True
160,12,0.0064500123262405396,0.001,True,True,True,0.04129936174635018,True,1.0739554769003092,2.3791166159957765e-17,1.0739554769003092,True,True
160,13,0.008652972057461739,0.001,True,True,True,0.0287481572745254,True,0.639799198016874,2.3812947859346404e-17,0.639799198016874,True,True
160,14,0.008372858166694641,0.001,True,True,True,0.020160064794732424,True,0.3699121660179756,2.3825837468035943e-17,0.3699121660179756,True,True
160,15,0.006612812634557486,0.001,True,True,True,0.013527813877309391,True,4.263256414560601e-14,2.3872567889915074e-17,4.2656436713495926e-14,True,True
160,16,0.006441079080104828,0.001,True,True,True,0.015160567337629494,True,0.09113085582902158,2.384920519383252e-17,0.09113085582902161,True,True
160,17,0.010637152940034866,0.001,True,True,True,0.01634090441466507,True,3.552713678800501e-14,2.420909684348256e-17,3.555134588484849e-14,True,True
160,18,0.0141415074467659,0.001,True,True,True,0.017018381761151558,True,0.004905146785585401,2.4253924656804124e-17,0.004905146785585426,True,True
160,19,0.013396114110946655,0.001,True,True,True,0.017896926662111845,True,7.105427357601002e-15,2.4557918682724688e-17,7.129985276283727e-15,True,True
160,20,0.01190188154578209,0.001,True,True,True,0.019872809072232656,True,0.1463088860950421,4.715839246464055e-18,0.1463088860950421,True,True
161,1,0.018213100731372833,0.001,True,True,True,0.015246200133212207,True,0.1999746097873944,3.2273501708557735e-17,0.19997460978739443,True,True
161,2,0.016539689153432846,0.001,True,True,True,0.013881591162216766,True,0.19148650880093376,3.219547417429696e-17,0.1914865088009338,True,True
161,3,0.014917679131031036,0.001,True,True,True,0.012891278640560166,True,0.1474428265474672,3.223640624938347e-17,0.14744282654746724,True,True
161,4,0.0134613998234272,0.001,True,True,True,0.012189260970183136,True,0.08488316919008909,3.217395422339954e-17,0.08488316919008912,True,True
161,5,0.012267302721738815,0.001,True,True,True,0.011727126065750604,True,0.045475444429767364,3.217604672198513e-17,0.0454754444297674,True,True
161,6,0.011397335678339005,0.001,True,True,True,0.011409753375068443,True,0.03810756291043127,3.216750741037509e-17,0.038107562910431304,True,True
161,7,0.010710984468460083,0.001,True,True,True,0.011161605398943175,True,0.03322470036304459,3.2167199022142615e-17,0.033224700363044625,True,True
161,8,0.009670853614807129,0.001,True,True,True,0.01118070653140446,True,5.684341886080802e-14,3.217887329310445e-17,5.687559773410112e-14,True,True
161,9,0.007744695991277695,0.001,True,True,True,0.012279195144428212,True,3.197442310920451e-14,3.2169165204874317e-17,3.200659227440938e-14,True,True
161,10,0.005159206688404083,0.001,True,True,True,0.014625352789099932,True,0.0401371738375893,3.209706949552385e-17,0.040137173837589336,True,True
161,11,0.002499528229236603,0.001,True,False,False,0.01719065216937732,True,,,,,
161,12,0.001212678849697113,0.001,True,True,True,0.02014736082138424,True,1.561215310585908,3.2106533608463046e-17,1.561215310585908,True,True
161,13,0.002602718770503998,0.001,True,False,False,0.022520162686654133,True,,,,,
161,14,0.003580275923013687,0.001,True,True,True,0.024014880091723145,True,1.283029023622511,3.207769183871244e-17,1.283029023622511,True,True
161,15,0.004349537193775177,0.001,True,True,True,0.02588995927890725,True,0.014088158587991728,3.216991778503152e-17,0.014088158587991761,True,True
161,16,0.004905220121145248,0.001,True,True,True,0.02869246702493644,True,2.1316282072803006e-14,3.253865360813912e-17,2.1348820726411145e-14,True,True
161,17,0.006291765719652176,0.001,True,True,True,0.02799376399451281,True,0.1978011065368932,3.2040859440681315e-17,0.19780110653689323,True,True
161,18,0.006930336356163025,0.001,True,True,True,0.027002214046453643,True,2.3447910280083306e-13,3.219360743299808e-17,2.345112964082661e-13,True,True
161,19,0.012506087310612202,0.001,True,True,True,0.03316007140048938,True,0.34868424179798296,3.2103331232566037e-17,0.348684241797983,True,True
161,20,0.015749434009194374,0.001,True,True,True,0.04356284749463213,True,8.881784197001252e-15,8.635059158955335e-18,8.890419256160208e-15,True,True
162,1,0.016574643552303314,0.001,True,True,True,0.014354630050680606,True,0.2009721292747682,5.533696567927036e-15,0.20097212927477373,True,True
162,2,0.015274718403816223,0.001,True,True,True,0.01306485818543901,True,0.20220638511443045,5.483260971465619e-15,0.20220638511443595,True,True
162,3,0.014336209744215012,0.001,True,True,True,0.011756941287478895,True,0.1828236636696463,5.497941305644915e-15,0.1828236636696518,True,True
162,4,0.013633623719215393,0.001,True,True,True,0.010491041801513057,True,0.1449360520868117,5.5201536286653204e-15,0.14493605208681723,True,True
162,5,0.013076920062303543,0.001,True,True,True,0.009325025503415962,True,0.09610181225562542,5.523065739760671e-15,0.09610181225563094,True,True
162,6,0.012595344334840775,0.001,True,True,True,0.008295815676177432,True,0.04585258483038501,5.518499338109252e-15,0.04585258483039053,True,True
162,7,0.0122169628739357,0.001,True,True,True,0.007408639643485482,True,7.156941705943609e-12,5.491376489528053e-15,7.162433082433137e-12,True,True
162,8,0.012081164866685867,0.001,True,True,True,0.006666696312508602,True,2.4300561562995426e-12,5.5165219712247456e-15,2.4355726782707673e-12,True,True
162,9,0.011996284127235413,0.001,True,True,True,0.0064277349724116695,True,8.549811685298891e-07,5.486992980818856e-15,8.549811740168821e-07,True,True
162,10,0.01229192316532135,0.001,True,True,True,0.006336502133353461,True,0.10361349392357155,5.523816305203007e-15,0.10361349392357708,True,True
162,11,0.005451124161481857,0.001,True,True,True,0.02883547860051605,True,0.7639340994903137,5.5028156515260086e-15,0.7639340994903192,True,True
162,12,-0.0027971044182777405,0.001,False,True,False,0.021845127750131255,True,,,,,
162,13,0.0031929067336022854,0.001,True,True,True,0.013557122001279565,True,0.4967980813858617,5.50381968493357e-15,0.4967980813858672,True,True
162,14,-0.0007438212633132935,0.001,False,True,False,0.00658249781885667,True,,,,,
162,15,-0.009022563695907593,0.001,False,True,False,1.8673951274195133e-13,True,,,,,
162,16,-0.012586802244186401,0.001,False,True,False,0.0001710718924913257,True,,,,,
162,17,-0.01347220316529274,0.001,False,True,False,2.6623148130511254e-13,True,,,,,
162,18,-0.013922570273280144,0.001,False,True,False,1.907363156306019e-13,True,,,,,
162,19,-0.013808846473693848,0.001,False,True,False,0.00020581040252765082,True,,,,,
162,20,-0.016496960073709488,0.001,False,True,False,0.0007742461837693115,True,,,,,
163,1,0.01552988588809967,0.001,True,True,True,0.012982135497469738,True,0.1999820346704285,8.436441679590408e-15,0.19998203467043693,True,True
163,2,0.014144323766231537,0.001,True,True,True,0.011845789809270146,True,0.1921043052236165,8.441227120509333e-15,0.19210430522362493,True,True
163,3,0.012684788554906845,0.001,True,True,True,0.01101056937416417,True,0.14920746293678144,8.437196084534246e-15,0.14920746293678988,True,True
163,4,0.011167909950017929,0.001,True,True,True,0.010501484874912426,True,0.06042506174954276,8.42622030237977e-15,0.06042506174955119,True,True
163,5,0.009722746908664703,0.001,True,True,True,0.010256179694067502,True,5.0382809035909304e-11,8.409652875117252e-15,5.039121868878442e-11,True,True
163,6,0.008630570024251938,0.001,True,True,True,0.009878135324796866,True,0.022535560755287065,8.402609474814291e-15,0.022535560755295468,True,True
163,7,0.0078031644225120544,0.001,True,True,True,0.009474851881730695,True,0.039552495127178844,8.389105981414247e-15,0.03955249512718723,True,True
163,8,0.005465831607580185,0.001,True,True,True,0.009544214449511812,True,4.497735517361434e-12,8.42386337544788e-15,4.506159380736882e-12,True,True
163,9,0.003211893141269684,0.001,True,True,True,0.009085204300581351,True,0.13127393873736892,8.397446627591495e-15,0.13127393873737733,True,True
163,10,0.0024961158633232117,0.001,True,True,True,0.008568525869955157,True,0.05713165228553052,8.392689460179199e-15,0.05713165228553892,True,True
163,11,0.0019719302654266357,0.001,True,True,True,0.008445692513434633,True,0.010486060765828142,8.382386628519206e-15,0.010486060765836525,True,True
163,12,0.002190008759498596,0.001,True,True,True,0.008928573964820163,True,6.87805368215777e-12,8.391853427587302e-15,6.8864455355853574e-12,True,True
163,13,0.005335509777069092,0.001,True,True,True,0.009704998650180152,True,0.03957902894099519,8.452149688660515e-15,0.03957902894100364,True,True
163,14,0.006534025073051453,0.001,True,True,True,0.010696012888561146,True,1.2235545909788925e-11,8.406042405082983e-15,1.2243951952194009e-11,True,True
163,15,0.002567838877439499,0.001,True,True,True,0.020475703708421,True,1.0357384003438455,8.401278961558049e-15,1.035738400343854,True,True
163,16,0.0021228455007076263,0.001,True,True,True,0.019766458133051334,True,0.2666618444755322,8.435349144427076e-15,0.26666184447554064,True,True
163,17,0.0019053034484386444,0.001,True,True,True,0.017765700640287707,True,1.6981971384666394e-11,8.414452020949147e-15,1.6990385836687345e-11,True,True
163,18,0.0016364194452762604,0.001,True,True,True,0.014844824270036971,True,0.09578291802331051,8.365594905983139e-15,0.09578291802331888,True,True
163,19,0.0016026794910430908,0.001,True,True,True,0.01414620632835073,True,0.02397765406158392,8.360285147501699e-15,0.02397765406159228,True,True
163,20,0.001804996281862259,0.001,True,True,True,0.015598483445975475,True,1.1013412404281553e-12,1.847529154498266e-15,1.1031887695826536e-12,True,True
164,1,0.01423095166683197,0.001,True,True,True,0.012804481355993436,True,0.19770269599163914,2.968034065097281e-17,0.19770269599163917,True,True
164,2,0.013154525309801102,0.001,True,True,True,0.01208935997094085,True,0.17453222416279202,2.970484983858208e-17,0.17453222416279204,True,True
164,3,0.012389522045850754,0.001,True,True,True,0.011042829181352187,True,0.17953958174082363,2.963524118034762e-17,0.17953958174082366,True,True
164,4,0.011855494230985641,0.001,True,True,True,0.00974063441237455,True,0.18198862767972734,2.9632864425491464e-17,0.18198862767972737,True,True
164,5,0.011420667171478271,0.001,True,True,True,0.008366202357541097,True,0.130720266666442,2.9619892022176986e-17,0.13072026666644201,True,True
164,6,0.010935250669717789,0.001,True,True,True,0.0071623276413899095,True,0.05895648789119612,2.961983399977871e-17,0.058956487891196147,True,True
164,7,0.010461956262588501,0.001,True,True,True,0.00633936036432159,True,2.3092638912203256e-14,2.9647996417992036e-17,2.3122286908621248e-14,True,True
164,8,0.01013033464550972,0.001,True,True,True,0.005475063152815651,True,0.018211950823614487,2.959756939926267e-17,0.018211950823614518,True,True
164,9,0.010066397488117218,0.001,True,True,True,0.0051610496023407615,True,0.0420397299056976,2.961649330662617e-17,0.042039729905697626,True,True
164,10,0.00953645259141922,0.001,True,True,True,0.006189308173528141,True,0.027862125794971604,2.9629458093267724e-17,0.027862125794971635,True,True
164,11,0.008869584649801254,0.001,True,True,True,0.007784578534337339,True,0.03636956549395265,2.96236667007573e-17,0.03636956549395268,True,True
164,12,0.008445285260677338,0.001,True,True,True,0.009449873729620917,True,0.0664642960946189,2.962483417896283e-17,0.06646429609461893,True,True
164,13,0.008659500628709793,0.001,True,True,True,0.010834311100607619,True,1.9539925233402755e-14,2.96607474997405e-17,1.9569585980902496e-14,True,True
164,14,0.009736225008964539,0.001,True,True,True,0.012150070342779817,True,1.6964207816272392e-13,2.966023624249668e-17,1.6967173839896642e-13,True,True
164,15,0.012776687741279602,0.001,True,True,True,0.012656077988306369,True,0.11971148882191507,2.96656617854521e-17,0.1197114888219151,True,True
164,16,0.012569405138492584,0.001,True,True,True,0.011655265808503401,True,2.540190280342358e-13,2.9631117405636307e-17,2.5404865915164144e-13,True,True
164,17,0.01477741077542305,0.001,True,True,True,0.01976954529753938,True,2.0605739337042905e-13,2.961889352302606e-17,2.060870122639521e-13,True,True
164,18,0.015109837055206299,0.001,True,True,True,0.019585058002201117,True,0.04886517727098827,2.9685840007895566e-17,0.0488651772709883,True,True
164,19,0.015217594802379608,0.001,True,True,True,0.019763742174528476,True,1.4982731499912916e-08,2.963256054159165e-17,1.4982731529545477e-08,True,True
164,20,0.01389184221625328,0.001,True,True,True,0.019960112831312826,True,5.329070518200751e-15,3.532454398846015e-18,5.3326029725995974e-15,True,True
165,1,0.013918738812208176,0.001,True,True,True,0.010628468949511305,True,0.19560782397696053,3.2642056324829226e-15,0.1956078239769638,True,True
165,2,0.013156447559595108,0.001,True,True,True,0.009116268375464975,True,0.14756048439560532,3.2495176440001973e-15,0.14756048439560857,True,True
165,3,0.012051377445459366,0.001,True,True,True,0.008158900729663576,True,0.11233874918189324,3.2637396567505515e-15,0.1123387491818965,True,True
165,4,0.010323941707611084,0.001,True,True,True,0.008046808952462459,True,0.20000000298023224,3.2771853045006707e-15,0.20000000298023551,True,True
165,5,0.008260726928710938,0.001,True,True,True,0.008984888820002146,True,0.20000000298023224,3.2771853044994843e-15,0.20000000298023551,True,True
165,6,0.00746387243270874,0.001,True,True,True,0.009673590172674662,True,3.410605131648481e-13,3.252549880459193e-15,3.443130630453073e-13,True,True
165,7,0.007861323654651642,0.001,True,True,True,0.01033302848971629,True,0.0983837610765228,3.251005689695322e-15,0.09838376107652605,True,True
165,8,0.004934258759021759,0.001,True,True,True,0.013205660525046459,True,0.1914361300574562,3.2814363662604e-15,0.19143613005745946,True,True
165,9,0.008355379104614258,0.001,True,True,True,0.014412560578682898,True,0.3466709024612644,3.251638188087999e-15,0.3466709024612677,True,True
165,10,0.010230448096990585,0.001,True,True,True,0.015864937374447607,True,0.36570813345284847,3.2469072438534974e-15,0.3657081334528517,True,True
165,11,0.011190727353096008,0.001,True,True,True,0.01750316472678859,True,0.018392874794379566,3.2554821576057466e-15,0.01839287479438282,True,True
165,12,0.011882029473781586,0.001,True,True,True,0.01927036019004469,True,8.739675649849232e-13,3.264280830577261e-15,8.772318458155005e-13,True,True
165,13,0.012763045728206635,0.001,True,True,True,0.018471087323834623,True,0.030662440425205162,3.251820157765377e-15,0.030662440425208413,True,True
165,14,0.01388688012957573,0.001,True,True,True,0.017945021182808385,True,0.10467399455470883,3.2506603294342398e-15,0.10467399455471207,True,True
165,15,0.013719122856855392,0.001,True,True,True,0.01704591332490335,True,0.14238503221681853,3.2497506803241014e-15,0.14238503221682178,True,True
165,16,0.012790855020284653,0.001,True,True,True,0.015835484344431827,True,2.8457236567192012e-12,3.257398820780532e-15,2.8489810555399816e-12,True,True
165,17,0.01414044015109539,0.001,True,True,True,0.025344752956245387,True,0.32140034679768803,3.252631606855433e-15,0.3214003467976913,True,True
165,18,0.01779980957508087,0.001,True,True,True,0.0399253338641995,True,0.2414523510856732,3.2688831728825914e-15,0.24145235108567648,True,True
165,19,0.015289438888430595,0.001,True,True,True,0.03440315358837265,True,0.17528837615671122,3.301245876244636e-15,0.17528837615671453,True,True
165,20,0.015294534154236317,0.001,True,True,True,0.02963689796228486,True,2.9327651418498135e-12,1.00985166527366e-15,2.9337749935150874e-12,True,True
166,1,0.01198122650384903,0.001,True,True,True,0.009457027136234641,True,0.1813006890487754,1.8552910719257247e-14,0.18130068904879393,True,True
166,2,0.010586947202682495,0.001,True,True,True,0.008313469025221454,True,0.07373448160544527,1.855566687480953e-14,0.07373448160546382,True,True
166,3,0.010596450418233871,0.001,True,True,True,0.007335772530074225,True,0.057513765911357595,1.856874084420811e-14,0.05751376591137616,True,True
166,4,0.01155049353837967,0.001,True,True,True,0.006545184385213343,True,0.1272654745604509,1.856479626758805e-14,0.12726547456046947,True,True
166,5,0.012176074087619781,0.001,True,True,True,0.006004181452094692,True,0.09887293176517886,1.8554075913480164e-14,0.09887293176519742,True,True
166,6,0.012096595019102097,0.001,True,True,True,0.005543812950822291,True,0.048506264700812096,1.8545839910151493e-14,0.048506264700830644,True,True
166,7,0.012210581451654434,0.001,True,True,True,0.005249039430767155,True,0.010231260974407519,1.854091475863413e-14,0.01023126097442606,True,True
166,8,0.01125087309628725,0.001,True,True,True,0.030092438440498137,True,0.41406238737338086,1.860209696273036e-14,0.41406238737339945,True,True
166,9,0.00689689489081502,0.001,True,False,False,0.02457857133252883,True,,,,,
166,10,0.003144887275993824,0.001,True,False,False,0.01869697367305534,True,,,,,
166,11,0.0024619896430522203,0.001,True,False,False,0.01166563595309933,True,,,,,
166,12,0.007348485291004181,0.001,True,True,True,0.013898288542660953,True,1.3525180975193507e-11,1.8579932157018618e-14,1.3543760907350526e-11,True,True
166,13,0.002960793673992157,0.001,True,True,True,0.00926688696116651,True,0.11727331061889856,1.8537908814566348e-14,0.1172733106189171,True,True
166,14,-0.000630546361207962,0.001,False,True,False,0.0060931453200046,True,,,,,
166,15,-0.0016609355807304382,0.001,False,True,False,0.004018959167613523,True,,,,,
166,16,-0.005098402500152588,0.001,False,True,False,0.0028155121610454747,True,,,,,
166,17,-0.008650600910186768,0.001,False,True,False,0.003124083808384026,True,,,,,
166,18,-0.008942287415266037,0.001,False,True,False,0.0038191155593477744,True,,,,,
166,19,-0.007835693657398224,0.001,False,True,False,0.0048158806491590544,True,,,,,
166,20,-0.006515171378850937,0.001,False,True,False,0.0059780171051126985,True,,,,,
167,1,0.010895229876041412,0.001,True,True,True,0.008737899364911206,True,0.2185305976409282,3.8052079627642914e-15,0.218530597640932,True,True
167,2,0.009779054671525955,0.001,True,True,True,0.007665482783925537,True,0.1719828312404168,3.806012030243397e-15,0.1719828312404206,True,True
167,3,0.008426841348409653,0.001,True,True,True,0.00674868447141197,True,0.12375547132450038,3.803851164226289e-15,0.12375547132450418,True,True
167,4,0.006732918322086334,0.001,True,True,True,0.006169002413776048,True,7.504752375098178e-11,3.806287167982772e-15,7.505133003814977e-11,True,True
167,5,0.0053834691643714905,0.001,True,True,True,0.005929154775550893,True,0.1999567692737471,3.823618190932733e-15,0.19995676927375092,True,True
167,6,0.005599804222583771,0.001,True,True,True,0.005689234537166188,True,0.14316131401022503,3.804089444605726e-15,0.14316131401022883,True,True
167,7,0.005569390952587128,0.001,True,True,True,0.005491543308496438,True,0.04258595087043204,3.801857588849218e-15,0.042585950870435846,True,True
167,8,0.004320248961448669,0.001,True,False,False,0.005704846920399853,True,,,,,
167,9,0.004630200564861298,0.001,True,True,True,0.00619107088508708,True,7.744915819785092e-11,3.804628304670041e-15,7.745296282615559e-11,True,True
167,10,0.005035761743783951,0.001,True,True,True,0.006915404626664512,True,0.004580551906741448,3.797174727865269e-15,0.004580551906745245,True,True
167,11,0.005578223615884781,0.001,True,True,True,0.007795910333678102,True,9.158895863947691e-12,3.808197822870101e-15,9.162704061770561e-12,True,True
167,12,0.006116639822721481,0.001,True,True,True,0.007372057211545435,True,0.00011161619717725557,3.793415783863149e-15,0.00011161619718104899,True,True
167,13,0.0023660585284233093,0.001,True,True,True,0.0062590388193509705,True,6.362910198731697e-12,3.8218350936304e-15,6.3667320338253275e-12,True,True
167,14,-0.002293407917022705,0.001,False,True,False,7.78188624650511e-12,True,,,,,
167,15,0.006105005741119385,0.001,True,True,True,0.014839188567499217,True,0.3219245102918933,3.806178784525848e-15,0.3219245102918971,True,True
167,16,0.00544704869389534,0.001,True,True,True,0.01288706285807717,True,0.07555310887974187,3.802158528486808e-15,0.07555310887974567,True,True
167,17,0.00542503222823143,0.001,True,True,True,0.0121419675411788,True,0.0007201225347444051,3.795211244961119e-15,0.0007201225347482004,True,True
167,18,0.005757462233304977,0.001,True,True,True,0.012830158589891671,True,7.922551503725117e-13,3.845623159253135e-15,7.961007735317649e-13,True,True
167,19,0.006113946437835693,0.001,True,True,True,0.01535514839140284,True,3.218758592993254e-11,3.783354425525039e-15,3.2191369284358066e-11,True,True
167,20,0.005694068968296051,0.001,True,True,True,0.02114314239928583,True,7.073452934491797e-12,9.781151680967211e-16,7.074431049659894e-12,True,True
168,1,0.009903877973556519,0.001,True,True,True,0.008314164192323892,True,0.20000000298023224,1.387232456945403e-14,0.20000000298024612,True,True
168,2,0.008595973253250122,0.001,True,False,False,0.008269618390973621,True,,,,,
168,3,0.00771963968873024,0.001,True,True,True,0.008212662110515412,True,2.107469754264457e-11,1.3853340289316356e-14,2.108855088293389e-11,True,True
168,4,0.00747670978307724,0.001,True,True,True,0.007987995091861655,True,0.19362431415103032,1.384651814940813e-14,0.19362431415104417,True,True
168,5,0.007412329316139221,0.001,True,True,True,0.007909079678842135,True,0.09676397261677394,1.3851189868425207e-14,0.09676397261678779,True,True
168,6,0.0067167505621910095,0.001,True,True,True,0.008547632808322159,True,0.22191253552935164,1.3849979125042099e-14,0.2219125355293655,True,True
168,7,0.006378896534442902,0.001,True,True,True,0.01007600482560389,True,0.03380524184608191,1.3851258205574968e-14,0.03380524184609576,True,True
168,8,0.007618919014930725,0.001,True,True,True,0.01173526492242638,True,0.3880635877538836,1.3860411742978116e-14,0.3880635877538975,True,True
168,9,0.00829671323299408,0.001,True,True,True,0.013292705330890109,True,0.10211407486135471,1.3836077094752532e-14,0.10211407486136855,True,True
168,10,0.009237829595804214,0.001,True,True,True,0.014839593517490424,True,7.37543359718984e-11,1.3853097349114486e-14,7.376818906924752e-11,True,True
168,11,0.009623639285564423,0.001,True,True,True,0.01628776599146209,True,0.20219158810277804,1.3857436513397781e-14,0.2021915881027919,True,True
168,12,0.009301286190748215,0.001,True,True,True,0.018187732519953204,True,0.18272634684919176,1.3841353802199202e-14,0.1827263468492056,True,True
168,13,0.009039267897605896,0.001,True,True,True,0.02006018731316217,True,3.566213990779943e-11,1.3883578213717476e-14,3.5676023486013147e-11,True,True
168,14,0.009990316815674305,0.001,True,True,True,0.0330976644243548,True,0.9872223393358297,1.384826490734276e-14,0.9872223393358436,True,True
168,15,0.014614008367061615,0.001,True,True,True,0.01026347747254297,True,0.1176124263328493,1.3845655787737093e-14,0.11761242633286315,True,True
168,16,0.014132887125015259,0.001,True,True,True,0.012785991509899897,True,1.7044143874045403e-11,1.3883372177891213e-14,1.7058027246223294e-11,True,True
168,17,0.01383451372385025,0.001,True,True,True,0.01516802891805824,True,2.9389823907877144e-12,1.3941660471454231e-14,2.9529240512591686e-12,True,True
168,18,0.012693654745817184,0.001,True,True,True,0.01873679390176186,True,0.0034443261452530294,1.3907195627543439e-14,0.0034443261452669367,True,True
168,19,0.01468542218208313,0.001,True,True,True,0.023884639111755424,True,0.01613526561493739,1.3896052158260732e-14,0.016135265614951284,True,True
168,20,0.019094392657279968,0.001,True,True,True,0.027811220282845994,True,4.8552273312907346e-12,2.0719821206219007e-15,4.857299313411356e-12,True,True
169,1,0.009523473680019379,0.001,True,True,True,0.007630880504956972,True,0.20531401274874383,1.659706597473955e-11,0.2053140127653409,True,True
169,2,0.009306550025939941,0.001,True,True,True,0.006957784521118837,True,0.16989442465065707,1.6607189264322115e-11,0.16989442466726426,True,True
169,3,0.009102851152420044,0.001,True,True,True,0.006449318965253359,True,0.08700831158763478,1.660939855363867e-11,0.08700831160424417,True,True
169,4,0.008964501321315765,0.001,True,True,True,0.0061765576277234,True,0.09412365397383038,1.6591590227377637e-11,0.09412365399042197,True,True
169,5,0.00890367478132248,0.001,True,True,True,0.006167044363671881,True,3.235195578099592e-08,1.6591651707683986e-11,3.2368547432703606e-08,True,True
169,6,0.008410468697547913,0.001,True,False,False,0.006445360776724085,True,,,,,
169,7,0.00246466719545424,0.001,True,True,True,0.016310782456224526,True,0.815060049909448,1.6588943049792552e-11,0.815060049926037,True,True
169,8,-0.0007288604974746704,0.001,False,False,False,0.008976284801239132,True,,,,,
169,9,0.0006101876497268677,0.001,False,True,False,0.01296043763150967,True,,,,,
169,10,0.002096261829137802,0.001,True,True,True,0.011586861586007302,True,0.6117447768929694,1.6598040849817718e-11,0.6117447769095674,True,True
169,11,0.003958757966756821,0.001,True,True,True,0.00965055681471172,True,0.11526913658367022,1.6572483818348152e-11,0.1152691366002427,True,True
169,12,0.006003033369779587,0.001,True,True,True,0.00844197855691553,True,5.0222332959037885e-08,1.659760930387452e-11,5.023893056834176e-08,True,True
169,13,0.006771422922611237,0.001,True,True,True,0.007212040216278526,True,1.1693312984561999e-07,1.6576410323842093e-11,1.1694970625594383e-07,True,True
169,14,0.006792783737182617,0.001,True,True,True,0.00698331428515131,True,2.748701177779367e-08,1.661826284611867e-11,2.7503630040639788e-08,True,True
169,15,0.008064564317464828,0.001,True,True,True,0.0070134767620818605,True,0.06440487098232239,1.6587711061957228e-11,0.06440487099891011,True,True
169,16,0.011002946645021439,0.001,True,True,True,0.006641506370198225,True,0.043654847901841265,1.6587679384564373e-11,0.04365484791842895,True,True
169,17,0.009868600405752659,0.001,True,True,True,0.022390069043314864,True,4.2390663423930164e-08,1.6595406880885072e-11,4.240725883081105e-08,True,True
169,18,-0.0010537207126617432,0.001,False,True,False,0.019939787796436903,True,,,,,
169,19,-0.010608725249767303,0.001,False,True,False,0.01467222890540898,True,,,,,
169,20,-0.01968315988779068,0.001,False,True,False,0.00839874176537947,True,,,,,
170,1,0.008808139711618423,0.001,True,True,True,0.007419526990169123,True,0.1925280978916736,4.6248737118196985e-14,0.19252809789171985,True,True
170,2,0.007664356380701065,0.001,True,True,True,0.00792597194572775,True,0.20000000298023224,4.620412276308502e-14,0.20000000298027845,True,True
170,3,0.007472101598978043,0.001,True,True,True,0.008726327923500588,True,2.9172575466418493e-09,4.609530274476671e-14,2.917303641944594e-09,True,True
170,4,0.008354835212230682,0.001,True,True,True,0.009274907018633094,True,0.2559299245419062,4.6064134182061305e-14,0.2559299245419523,True,True
170,5,0.008269354701042175,0.001,True,True,True,0.009720465273424184,True,0.18160519541757836,4.604599566588813e-14,0.1816051954176244,True,True
170,6,0.006130918860435486,0.001,True,False,False,0.010212588031773162,True,,,,,
170,7,0.005132682621479034,0.001,True,False,False,0.010943811117919644,True,,,,,
170,8,0.0059936270117759705,0.001,True,True,True,0.012256972106585828,True,1.0360068358750141e-10,4.611601709059141e-14,1.03646799604592e-10,True,True
170,9,0.006008703261613846,0.001,True,True,True,0.013169939992141777,True,0.01741843538697907,4.607272392064843e-14,0.017418435387025144,True,True
170,10,0.005385681986808777,0.001,True,True,True,0.014067061228805411,True,0.04326072307707207,4.600163713375785e-14,0.04326072307711808,True,True
170,11,0.003390442579984665,0.001,True,True,True,0.014745677172239957,True,2.9826452419001726e-10,4.614576553206945e-14,2.9831066995554934e-10,True,True
170,12,0.0052855671383440495,0.001,True,True,True,0.024933660551228032,True,1.813296543898673,4.6050314610898653e-14,1.813296543898719,True,True
170,13,0.006234128028154373,0.001,True,True,True,0.010030525263796441,True,1.0607692502162536e-10,4.625717873063407e-14,1.06123182200356e-10,True,True
170,14,0.0017870590090751648,0.001,True,True,True,0.012514889947109253,True,0.23983577802998823,4.610299179899061e-14,0.23983577803003434,True,True
170,15,0.0020025186240673065,0.001,True,True,True,0.014932280335351766,True,0.2408050833240729,4.622254954828632e-14,0.24080508332411912,True,True
170,16,0.005548585206270218,0.001,True,True,True,0.017945209196336576,True,0.13232712673348246,4.617249452989967e-14,0.13232712673352864,True,True
170,17,0.009339205920696259,0.001,True,True,True,0.021544128056861567,True,3.467981457561109e-11,4.624993000920716e-14,3.47260645056203e-11,True,True
170,18,0.008233528584241867,0.001,True,True,True,0.02549938750621572,True,1.1004885891452432e-10,4.672635490944745e-14,1.1009558526943376e-10,True,True
170,19,0.01020253449678421,0.001,True,True,True,0.03119528411501754,True,5.975309136374563e-11,4.616341952015163e-14,5.979925478326577e-11,True,True
170,20,0.01229819841682911,0.001,True,True,True,0.020593685161345965,True,1.1223022511330782e-10,1.0243493166809357e-14,1.1224046860647464e-10,True,True
171,1,0.008687686175107956,0.001,True,True,True,0.007603436359240323,True,0.14711950387230033,1.4693160232668476e-14,0.147119503872315,True,True
171,2,0.008901707828044891,0.001,True,True,True,0.0077191973172975326,True,0.13448038042616872,1.474990576479017e-14,0.13448038042618346,True,True
171,3,0.009266786277294159,0.001,True,True,True,0.008172330119337379,True,0.13164647457902845,1.4717294005494215e-14,0.13164647457904316,True,True
171,4,0.010067321360111237,0.001,True,False,False,0.008949766748967303,True,,,,,
171,5,0.010031450539827347,0.001,True,True,True,0.010010395860108767,True,0.2522193112402693,1.467414425550565e-14,0.25221931124028396,True,True
171,6,0.010931562632322311,0.001,True,True,True,0.011275621411170444,True,0.22178878761389687,1.4676964314482023e-14,0.22178878761391155,True,True
171,7,0.010152516886591911,0.001,True,True,True,4.580780199603396e-13,True,0.15909023179841064,1.4687376076030216e-14,0.15909023179842532,True,True
171,8,0.007414971012622118,0.001,True,True,True,0.006701990109592049,True,2.9118041311448906e-11,1.470035534336636e-14,2.9132741666792275e-11,True,True
171,9,0.00899357721209526,0.001,True,True,True,0.006573917052598466,True,0.05986622735957958,1.4953365264823303e-14,0.059866227359594536,True,True
171,10,0.009717248380184174,0.001,True,True,True,0.007354730379888874,True,3.47428752434098e-11,1.4696602029896764e-14,3.47575718454397e-11,True,True
171,11,0.009424228221178055,0.001,True,True,True,0.008523047082174662,True,5.300648808770347e-12,1.474475055469802e-14,5.3153935593250454e-12,True,True
171,12,0.00801636278629303,0.001,True,True,True,0.00797977169417552,True,6.777867156415596e-11,1.476910362555063e-14,6.779344066778151e-11,True,True
171,13,0.007781073451042175,0.001,True,True,True,0.00886088671232288,True,3.561240191629622e-11,1.4757054255656584e-14,3.562715897055188e-11,True,True
171,14,0.008787296712398529,0.001,True,True,True,0.01905777987900814,True,0.12195380480150675,1.4678330611561304e-14,0.12195380480152143,True,True
171,15,0.004477351903915405,0.001,True,True,True,0.020440754570951625,True,0.10026321478850875,1.4667977866286663e-14,0.10026321478852342,True,True
171,16,0.0038871290162205696,0.001,True,True,True,0.020819734056068406,True,0.039704391533366135,1.4663207409604925e-14,0.039704391533380796,True,True
171,17,0.006636408157646656,0.001,True,True,True,0.020051027519133346,True,2.403695020802843e-10,1.4662678563499925e-14,2.403841647588478e-10,True,True
171,18,0.01174974162131548,0.001,True,True,True,0.01927524475966913,True,1.1599610161283636e-11,1.4916789083164183e-14,1.16145269503668e-11,True,True
171,19,0.01909661293029785,0.001,True,True,True,0.013841458208389223,True,4.385825036479218e-12,1.5410520749157336e-14,4.401235557228376e-12,True,True
171,20,0.020819952711462975,0.001,True,True,True,0.054089898215265775,True,2.9833913117727207e-12,3.865155584166755e-15,2.9872564673568874e-12,True,True
172,1,0.00886431336402893,0.001,True,True,True,0.007911109806051364,True,0.1703114342869867,3.719636154084753e-15,0.17031143428699042,True,True
172,2,0.008531395345926285,0.001,True,False,False,0.008360896447390909,True,,,,,
172,3,0.00975605845451355,0.001,True,True,True,0.009023526743712096,True,0.16916225805519058,3.718589976178796e-15,0.1691622580551943,True,True
172,4,0.0065994602628052235,0.001,True,True,True,0.014684932212440938,True,0.20000000714349608,3.722313286148365e-15,0.2000000071434998,True,True
172,5,0.006432560738176107,0.001,True,False,False,0.011076566526749487,True,,,,,
172,6,0.009765982627868652,0.001,True,True,True,0.012283783691061534,True,0.17968717872232176,3.71748318748991e-15,0.17968717872232548,True,True
172,7,0.011784151196479797,0.001,True,False,False,0.012922603389974419,True,,,,,
172,8,0.011200465261936188,0.001,True,True,True,0.013387578047479809,True,0.18808033112090494,3.7229095012513405e-15,0.18808033112090866,True,True
172,9,0.007849697023630142,0.001,True,True,True,0.01429417708531211,True,0.06608026839838566,3.7157495771106555e-15,0.06608026839838937,True,True
172,10,0.008773796260356903,0.001,True,True,True,0.013326059130007173,True,3.566924533515703e-12,3.725577439151553e-15,3.5706501109548545e-12,True,True
172,11,0.00964769721031189,0.001,True,True,True,0.01128211327883566,True,0.10647005327543724,3.718716872082487e-15,0.10647005327544096,True,True
172,12,0.009542614221572876,0.001,True,True,True,0.011642555692882195,True,0.10588340836935828,3.717509003405048e-15,0.105883408369362,True,True
172,13,0.009658686816692352,0.001,True,True,True,0.012640805294359403,True,0.05347280751026595,3.722086089911815e-15,0.05347280751026967,True,True
172,14,0.009472392499446869,0.001,True,True,True,0.014420482504637677,True,0.016907428100356725,3.718380217508134e-15,0.016907428100360444,True,True
172,15,0.009578902274370193,0.001,True,True,True,0.016630203298383384,True,5.8761884247360285e-12,3.7209717553453395e-15,5.879909396491374e-12,True,True
172,16,0.010429102927446365,0.001,True,True,True,0.01913879058104906,True,7.895906151134113e-12,3.721471025457288e-15,7.89962762215957e-12,True,True
172,17,0.011890139430761337,0.001,True,True,True,0.02187901085931676,True,3.19300141882195e-11,3.719616580126216e-15,3.193373380479963e-11,True,True
172,18,0.013451263308525085,0.001,True,True,True,0.024951057822969414,True,6.300737709352688e-12,3.7216652605085586e-15,6.304459374613197e-12,True,True
172,19,0.013290435075759888,0.001,True,True,True,0.027059970677421274,True,7.073452934491797e-12,3.7307342738975115e-15,7.077183668765695e-12,True,True
172,20,0.004365152213722467,0.001,True,True,True,0.021815261322629342,True,0.05653117594188828,4.176456543350297e-16,0.056531175941888695,True,True
173,1,0.009198568761348724,0.001,True,True,True,0.008191884373364045,True,0.06193177668706085,2.7998542952296228e-14,0.061931776687088845,True,True
173,2,0.010029330849647522,0.001,True,True,True,0.009033853913197665,True,0.2151284037055472,2.8137129388043178e-14,0.21512840370557534,True,True
173,3,0.010092001408338547,0.001,True,True,True,0.009807830488930414,True,0.15200358721066465,2.8029601465592393e-14,0.15200358721069268,True,True
173,4,0.0101691335439682,0.001,True,True,True,0.011371001543153847,True,0.20000000298023224,2.8231091552684163e-14,0.20000000298026047,True,True
173,5,0.010814070701599121,0.001,True,True,True,0.012319913265500415,True,0.08215045140626032,2.8012186955999954e-14,0.08215045140628832,True,True
173,6,0.011249639093875885,0.001,True,True,True,0.01251380935803248,True,0.02304942776015384,2.8293383617351136e-14,0.023049427760182133,True,True
173,7,0.011484578251838684,0.001,True,True,True,0.013268354994038778,True,0.14886946682241398,2.8048590066594886e-14,0.14886946682244204,True,True
173,8,0.011686079204082489,0.001,True,True,True,0.01466363399696291,True,0.09290450904386915,2.8144957609555905e-14,0.0929045090438973,True,True
173,9,0.011140462011098862,0.001,True,True,True,0.01815840246226419,True,4.4796166775995516e-11,2.800510381431721e-14,4.4824171879809834e-11,True,True
173,10,0.013853110373020172,0.001,True,True,True,0.004856588560809061,True,0.08052133812847462,2.8162579895786823e-14,0.08052133812850278,True,True
173,11,0.013098470866680145,0.001,True,True,True,0.006757374475532263,True,1.475974897857668e-11,2.822390980381761e-14,1.4787972888380498e-11,True,True
173,12,0.012831687927246094,0.001,True,True,True,0.009017332807007228,True,9.128697797677887e-12,2.819040785597372e-14,9.156888205533862e-12,True,True
173,13,0.01392308622598648,0.001,True,True,True,0.011340644032878822,True,2.0587975768648903e-11,2.8039849032551552e-14,2.0616015617681454e-11,True,True
173,14,0.013046513311564922,0.001,True,True,True,0.012491353321242515,True,4.1155132635140035e-09,2.7986726785529828e-14,4.115541250240789e-09,True,True
173,15,0.014332449994981289,0.001,True,True,True,0.01362995166233838,True,2.6545876607997343e-11,2.802193984720054e-14,2.6573898547844543e-11,True,True
173,16,0.017465446144342422,0.001,True,True,True,0.01413125378608937,True,1.6919798895287386e-11,2.806045945141136e-14,1.69478593547388e-11,True,True
173,17,0.021285109221935272,0.001,True,True,True,0.011278775960654519,True,1.1437073510478513e-11,2.828416614914275e-14,1.1465357676627655e-11,True,True
173,18,0.0254898089915514,0.001,True,True,True,0.0037583937847699422,True,3.0175417720101905e-11,2.831589439141826e-14,3.020373361449332e-11,True,True
173,19,0.027156123891472816,0.001,True,True,True,1.8207657603852567e-13,True,8.470202317312214e-11,2.855183095210629e-14,8.473057500407426e-11,True,True
173,20,0.02688710391521454,0.001,True,True,True,0.001413148938862907,True,4.991562718714704e-12,7.184976111422489e-15,4.998747694826126e-12,True,True
174,1,0.009459443390369415,0.001,True,True,True,0.009244419106783863,True,0.20387589673396356,2.1910288089388016e-14,0.20387589673398546,True,True
174,2,0.010045930743217468,0.001,True,False,False,0.010883523583639532,True,,,,,
174,3,0.004558984190225601,0.001,True,True,True,0.0009478020308444357,True,9.184475402435055e-11,2.188859444080912e-14,9.186664261879136e-11,True,True
174,4,0.002430468797683716,0.001,True,True,True,0.006583001225347718,True,1.0936576797399908,2.1892125483715306e-14,1.0936576797400128,True,True
174,5,0.0038663744926452637,0.001,True,True,True,0.007738268330693576,True,2.0423222955831477,2.188297680486852e-14,2.0423222955831695,True,True
174,6,0.004377186298370361,0.001,True,True,True,0.005711267906087003,True,0.13010058957163295,2.188315538017345e-14,0.13010058957165482,True,True
174,7,0.004269525408744812,0.001,True,True,True,0.004762733641415884,True,0.10263369678280299,2.1869639548436026e-14,0.10263369678282486,True,True
174,8,0.006085596978664398,0.001,True,True,True,0.004071281714725594,True,5.3304916036722716e-11,2.1908863782516887e-14,5.332682490050523e-11,True,True
174,9,0.006883811205625534,0.001,True,True,True,0.0040162587716600084,True,7.494449505429657e-11,2.1871259096365146e-14,7.496636631339293e-11,True,True
174,10,0.00898277759552002,0.001,True,True,True,0.003540006542908758,True,0.39771517913845145,2.1870881354148108e-14,0.3977151791384733,True,True
174,11,0.009382454678416252,0.001,True,True,True,0.024762556875291164,True,0.376191035447647,2.187020407988894e-14,0.37619103544766885,True,True
174,12,0.011080587282776833,0.001,True,True,True,0.021906675106897033,True,0.19227439549741376,2.1879348165013237e-14,0.19227439549743564,True,True
174,13,0.013282679952681065,0.001,True,True,True,0.020322239721741298,True,0.06408176032141455,2.1895325014474717e-14,0.06408176032143645,True,True
174,14,0.013690661638975143,0.001,True,True,True,0.02019978349871765,True,0.014356674240449507,2.1885763526727836e-14,0.014356674240471393,True,True
174,15,0.01465216651558876,0.001,True,True,True,0.02138221334952417,True,2.4940050025179517e-12,2.1893982197772577e-14,2.5158989847157242e-12,True,True
174,16,0.01518313493579626,0.001,True,True,True,0.023153096319362798,True,2.7426949600339867e-12,2.19560175485593e-14,2.764650977582546e-12,True,True
174,17,0.012814687564969063,0.001,True,True,True,0.023702883618165638,True,3.9696213169904127e-05,2.1961010479051773e-14,3.9696213191865136e-05,True,True
174,18,0.006561446934938431,0.001,True,True,True,0.025878060915517254,True,0.03257751766901151,2.1846100621840016e-14,0.03257751766903336,True,True
174,19,0.003061936004087329,0.001,True,True,True,0.02846350343980053,True,3.944933268940076e-11,2.2166809234244365e-14,3.9471499498635007e-11,True,True
174,20,0.003437402890995145,0.001,True,True,True,0.027301399761493705,True,0.03634874945956312,4.795701305000182e-15,0.03634874945956792,True,True
175,1,0.009664390236139297,0.001,True,True,True,0.0067898104637234,True,0.20090018190851217,2.3858637564384664e-16,0.20090018190851242,True,True
175,2,0.007482640910893679,0.001,True,True,True,3.6193270602780103e-14,True,0.20000000298023224,2.3863317796759524e-16,0.2000000029802325,True,True
175,3,0.006819337606430054,0.001,True,True,True,0.005829521353488798,True,0.20201134833711532,2.409037959687083e-16,0.20201134833711556,True,True
175,4,0.007039949297904968,0.001,True,True,True,0.009063346472533929,True,0.3143519101312826,2.3802155184559253e-16,0.31435191013128283,True,True
175,5,0.007468607276678085,0.001,True,True,True,0.008777874134754282,True,0.1699168017938968,2.38167380675157e-16,0.16991680179389704,True,True
175,6,0.006312109529972076,0.001,True,True,True,0.010393987457058218,True,0.10441967483795622,2.380861003792163e-16,0.10441967483795646,True,True
175,7,0.005778275430202484,0.001,True,True,True,0.010083206670936318,True,3.9612757518625585e-12,2.381038197222813e-16,3.961513855682281e-12,True,True
175,8,0.005387738347053528,0.001,True,True,True,0.00846735747636862,True,1.9539925233402755e-13,2.3840301780740326e-16,1.9563765535183495e-13,True,True
175,9,0.0037816688418388367,0.001,True,False,False,0.0077849514670140785,True,,,,,
175,10,0.002611260861158371,0.001,True,True,True,0.010223265430654549,True,5.115907697472721e-13,2.3822859240944566e-16,5.118289983396816e-13,True,True
175,11,0.003513909876346588,0.001,True,True,True,0.013111813945335116,True,0.24867917632397507,2.380692058963768e-16,0.24867917632397532,True,True
175,12,0.005132459104061127,0.001,True,True,True,0.01662773261416195,True,0.22564003378519715,2.3804493186851893e-16,0.2256400337851974,True,True
175,13,0.00712299719452858,0.001,True,True,True,0.02053213657272146,True,0.11199358727332509,2.38153187600418e-16,0.11199358727332533,True,True
175,14,0.009519565850496292,0.001,True,True,True,0.024746327371050314,True,0.008182584242087287,2.38165674977641e-16,0.008182584242087525,True,True
175,15,0.012408845126628876,0.001,True,True,True,0.029283099821555747,True,5.897504706808832e-13,2.382714939261303e-16,5.899887421748093e-13,True,True
175,16,0.015883255749940872,0.001,True,True,True,0.03338268630815222,True,9.094947017729282e-13,2.383815623425527e-16,9.097330833352708e-13,True,True
175,17,0.0195205956697464,0.001,True,True,True,0.03764675991261557,True,7.673861546209082e-13,2.383157693839559e-16,7.676244703902922e-13,True,True
175,18,0.0224541574716568,0.001,True,True,True,0.0404057419408006,True,5.542233338928781e-13,2.384556689481545e-16,5.544617895618263e-13,True,True
175,19,0.02707982063293457,0.001,True,True,True,0.04202933134343001,True,2.845031911746787e-05,2.3940561061550604e-16,2.8450319117707276e-05,True,True
175,20,0.029339613392949104,0.001,True,True,True,5.329070518200751e-15,True,4.263256414560601e-14,3.1995718284538055e-17,4.266455986389055e-14,True,True
176,1,0.008040591143071651,0.001,True,True,True,0.001164986686408076,True,0.20000000298023224,1.0149052422030237e-12,0.20000000298124715,True,True
176,2,0.00430905818939209,0.001,True,True,True,0.006858593794687895,True,0.7945987172441988,1.0100153116958757e-12,0.7945987172452088,True,True
176,3,0.006818458437919617,0.001,True,True,True,0.006868493472167336,True,0.19101234225593644,1.0133342609598654e-12,0.19101234225694977,True,True
176,4,0.010178830474615097,0.001,True,True,True,0.006945249419402777,True,0.19973730637039316,1.0144098744096845e-12,0.19973730637140757,True,True
176,5,0.009650751948356628,0.001,True,True,True,0.004585420696403442,True,0.06592517240278362,1.0104105097468023e-12,0.06592517240379403,True,True
176,6,0.009409308433532715,0.001,True,True,True,0.0031073299844635027,True,1.7474022229180264e-10,1.0110922274980323e-12,1.7575131451930066e-10,True,True
176,7,0.008188031613826752,0.001,True,True,True,0.00243878125930308,True,0.01795433266056179,1.0079869792402646e-12,0.017954332661569775,True,True
176,8,0.009199872612953186,0.001,True,True,True,0.001661397456361846,True,1.8433290449593187e-09,1.0098454619609054e-12,1.8443388904212797e-09,True,True
176,9,0.010801516473293304,0.001,True,True,True,1.6060486274227515e-11,True,0.13656892306355317,1.0110634735114708e-12,0.13656892306456422,True,True
176,10,0.007089415565133095,0.001,True,True,True,0.035592405808259064,True,0.7151320032056816,1.0086299182831836e-12,0.7151320032066902,True,True
176,11,0.0005279627512209117,0.001,False,True,False,0.035601055767781165,True,,,,,
176,12,-0.002782084047794342,0.001,False,True,False,0.03484456454127627,True,,,,,
176,13,-0.003970928490161896,0.001,False,True,False,0.03362280602757817,True,,,,,
176,14,-0.0038634464144706726,0.001,False,True,False,0.03230152033751732,True,,,,,
176,15,-0.0022097527980804443,0.001,False,True,False,0.030889110900836902,True,,,,,
176,16,-0.001077447086572647,0.001,False,True,False,0.02962823871975717,True,,,,,
176,17,0.0016796592390164733,0.001,True,True,True,0.028317275509300965,True,0.0471788506738946,1.009723248008879e-12,0.04717885067490432,True,True
176,18,0.00196327967569232,0.001,True,True,True,0.027133425875328854,True,3.6868570418846502e-09,1.0182409839688719e-12,3.6878752828686193e-09,True,True
176,19,0.0008496037335135043,0.001,False,True,False,0.0249024923792599,True,,,,,
176,20,0.0011365697719156742,0.001,True,True,True,0.022966395226703518,True,0.06979772416626062,1.5962521232306974e-13,0.06979772416642024,True,True
177,1,0.00806620717048645,0.001,True,True,True,0.0086535272778544,True,0.2730218026536537,2.864787698935473e-12,0.2730218026565185,True,True
177,2,0.007536787539720535,0.001,True,True,True,0.008055938045465783,True,0.18869339413847186,2.8588793835613424e-12,0.18869339414133074,True,True
177,3,0.007656332105398178,0.001,True,True,True,0.0072947093779798244,True,0.12297379335346292,2.859152056161993e-12,0.12297379335632208,True,True
177,4,0.008437074720859528,0.001,True,True,True,0.006587177596419358,True,0.08164249621869146,2.861863506094013e-12,0.08164249622155333,True,True
177,5,0.0067171379923820496,0.001,True,True,True,0.006725892159840985,True,7.601646423438524e-09,2.86573338595023e-12,7.604512156824473e-09,True,True
177,6,0.004265941679477692,0.001,True,True,True,0.005567521674957443,True,2.8606955027044023e-08,2.8556427268122385e-12,2.8609810669770837e-08,True,True
177,7,-0.0005120038986206055,0.001,False,False,False,0.00618389430017019,True,,,,,
177,8,-0.0020838044583797455,0.001,False,True,False,0.008309987048833234,True,,,,,
177,9,-0.0026289895176887512,0.001,False,True,False,0.01061504984081929,True,,,,,
177,10,-0.002800852060317993,0.001,False,True,False,0.012954168353437101,True,,,,,
177,11,-0.0030251815915107727,0.001,False,True,False,0.015547194741194259,True,,,,,
177,12,-0.001908712089061737,0.001,False,True,False,0.018663100997759585,True,,,,,
177,13,-4.15705144405365e-05,0.001,False,True,False,0.022618214884263188,True,,,,,
177,14,0.0020195022225379944,0.001,True,True,True,0.027744172634523223,True,0.22798076613690554,2.8633891936628856e-12,0.22798076613976892,True,True
177,15,0.004128538072109222,0.001,True,True,True,0.03440998069940804,True,2.7607327979239926e-08,2.8596474337148413e-12,2.761018762667364e-08,True,True
177,16,0.006237546913325787,0.001,True,True,True,0.04151477556466088,True,0.7455390405008018,2.8498276465189785e-12,0.7455390405036516,True,True
177,17,0.009761049412190914,0.001,True,True,True,0.04666484370438451,True,0.28380515349446966,2.864837032819023e-12,0.2838051534973345,True,True
177,18,0.01256146002560854,0.001,True,True,True,0.05095965843899153,True,4.6484753823961e-09,2.967756186163235e-12,4.6514431385822635e-09,True,True
177,19,0.014643239788711071,0.001,True,True,True,0.05147267451134108,True,0.016794714685612888,2.930746712837772e-12,0.016794714688543634,True,True
177,20,0.016484078019857407,0.001,True,True,True,0.050661565597357905,True,1.8873418383691387e-09,4.665841462205135e-13,1.8878084225153594e-09,True,True
178,1,0.009447988122701645,0.001,True,True,True,0.008820093171509003,True,0.1990244463978267,1.2442374178730875e-14,0.19902444639783914,True,True
178,2,0.008759159594774246,0.001,True,True,True,0.009223277109437489,True,0.17986914482785998,1.236858244414716e-14,0.17986914482787236,True,True
178,3,0.00822295993566513,0.001,True,True,True,0.008671383051280013,True,0.15753578596946483,1.2367609816006628e-14,0.1575357859694772,True,True
178,4,0.007819414138793945,0.001,True,True,True,0.007439479626446421,True,2.540190280342358e-13,1.245363309694233e-14,2.6647266113117815e-13,True,True
178,5,0.007564082741737366,0.001,True,True,True,0.0055936331226768,True,0.004137289715696824,1.2362505737243938e-14,0.004137289715709186,True,True
178,6,0.006807461380958557,0.001,True,True,True,0.0054131353630060275,True,6.316724920907291e-12,1.239908550825582e-14,6.3291240064155465e-12,True,True
178,7,0.006847046315670013,0.001,True,True,True,0.005477877150435129,True,1.1667111721180845e-11,1.2395231849451188e-14,1.1679506953030295e-11,True,True
178,8,0.007297158241271973,0.001,True,True,True,0.0061426868537725055,True,0.07578720885239676,1.2409541342233428e-14,0.07578720885240917,True,True
178,9,0.008703537285327911,0.001,True,True,True,0.006871159091011769,True,0.2786684792056491,1.2381314699308806e-14,0.27866847920566146,True,True
178,10,0.00810719933360815,0.001,True,True,True,0.030341269998302778,True,0.35959574591533894,1.2373015562362779e-14,0.3595957459153513,True,True
178,11,0.006287422031164169,0.001,True,True,True,0.03204995816291967,True,0.3276182948274915,1.2371448692882477e-14,0.3276182948275039,True,True
178,12,0.006403881125152111,0.001,True,True,True,0.03284105520962177,True,0.3250533958937396,1.2390595932626563e-14,0.325053395893752,True,True
178,13,0.008669915609061718,0.001,True,True,True,0.032579894699599765,True,0.14894520398656752,1.2385133843891713e-14,0.1489452039865799,True,True
178,14,0.013218812644481659,0.001,True,True,True,0.031972860746657394,True,6.720846101870848e-11,1.2392919848342756e-14,6.722085393855682e-11,True,True
178,15,0.020389791578054428,0.001,True,True,True,0.029976586533513205,True,7.908340649009915e-12,1.2416809983527795e-14,7.920757458993443e-12,True,True
178,16,0.01630246825516224,0.001,True,True,True,0.05370935950798805,True,6.4934724264276156e-12,1.2426779141771213e-14,6.505899205569387e-12,True,True
178,17,0.011239320039749146,0.001,True,True,True,0.04881384133861899,True,0.05213557179722628,1.2382845012237043e-14,0.05213557179723866,True,True
178,18,0.00770451920107007,0.001,True,True,True,0.04477055716886469,True,0.3900201533850307,1.2381066253549125e-14,0.3900201533850431,True,True
178,19,0.008072521537542343,0.001,True,True,True,0.041714365098528994,True,0.2641718870751717,1.2458120775214055e-14,0.26417188707518413,True,True
178,20,0.010225974954664707,0.001,True,True,True,0.039507741317573064,True,0.03443340671359607,1.496804236893227e-15,0.03443340671359757,True,True
179,1,0.009754780679941177,0.001,True,True,True,0.007581115719907161,True,0.20396334654767845,1.1045694701900886e-14,0.2039633465476895,True,True
179,2,0.009931046515703201,0.001,True,True,True,0.0062384917056125255,True,0.18411941540903243,1.1052266241313406e-14,0.18411941540904347,True,True
179,3,0.009354397654533386,0.001,True,True,True,0.005373651598753915,True,0.12720935144345447,1.1123819543772735e-14,0.1272093514434656,True,True
179,4,0.008751727640628815,0.001,True,True,True,0.005048036791827304,True,0.07004770691877837,1.1072217018726468e-14,0.07004770691878945,True,True
179,5,0.00826498493552208,0.001,True,True,True,0.005434855452248977,True,0.023337948584149615,1.1085998924076948e-14,0.0233379485841607,True,True
179,6,0.007409803569316864,0.001,True,True,True,0.006350791767960939,True,3.2152058793144533e-12,1.1142568907440541e-14,3.226348448221894e-12,True,True
179,7,0.006312128156423569,0.001,True,True,True,0.008574850671619894,True,0.0012412160344368317,1.102709654718752e-14,0.001241216034447859,True,True
179,8,0.005649309605360031,0.001,True,True,True,0.011321316823150518,True,0.09228551845600919,1.1070460448534462e-14,0.09228551845602026,True,True
179,9,0.005359191447496414,0.001,True,True,True,0.01408962181243345,True,0.16956486754303768,1.1056332563596597e-14,0.16956486754304873,True,True
179,10,0.005151338875293732,0.001,True,True,True,0.01693389042927107,True,0.2373871849930005,1.1053249100582343e-14,0.23738718499301154,True,True
179,11,0.00504075363278389,0.001,True,True,True,0.019955871088017496,True,0.30078345110069016,1.1056071091256477e-14,0.3007834511007012,True,True
179,12,0.005302242934703827,0.001,True,True,True,0.023318602446112446,True,0.3223516252527787,1.1059064457354514e-14,0.32235162525278976,True,True
179,13,0.005936268717050552,0.001,True,True,True,0.02731115746452073,True,0.2995469628256586,1.107029260325488e-14,0.29954696282566967,True,True
179,14,0.006832461804151535,0.001,True,True,True,0.03226709902765634,True,0.2710625581664132,1.1083526978730333e-14,0.27106255816642433,True,True
179,15,0.007401652634143829,0.001,True,True,True,0.038008535346918726,True,1.5631940186722204e-13,1.1120142059683418e-14,1.6743954392690546e-13,True,True
179,16,0.005431975703686476,0.001,True,True,True,0.04738970906564821,True,1.9142776295197592,1.1052206713873739e-14,1.9142776295197703,True,True
179,17,0.008587470278143883,0.001,True,True,True,0.04627982483507187,True,0.3635750863932987,1.1331464088146941e-14,0.36357508639331004,True,True
179,18,0.010113186202943325,0.001,True,True,True,0.043535162641106906,True,0.04262511341819675,1.1112558536569149e-14,0.042625113418207856,True,True
179,19,0.01060604676604271,0.001,True,True,True,0.038923744892028656,True,1.2736478538499796e-12,1.115480190825231e-14,1.2848026557582319e-12,True,True
179,20,0.009637565352022648,0.001,True,True,True,0.031926722191708334,True,6.207478975284175e-12,1.6769636377215138e-15,6.209155938921897e-12,True,True
180,1,0.008868977427482605,0.001,True,True,True,0.006939363310106805,True,0.19995471641316515,2.3577385871387087e-14,0.1999547164131887,True,True
180,2,0.008143395185470581,0.001,True,True,True,0.006284587358889038,True,0.1797406384591992,2.3508407203996384e-14,0.1797406384592227,True,True
180,3,0.0073565952479839325,0.001,True,True,True,0.005955666380232816,True,0.01773289321239524,2.3374892198170324e-14,0.017732893212418614,True,True
180,4,0.006733883172273636,0.001,True,True,True,0.006054793319656082,True,4.347455728748173e-11,2.3366345265597477e-14,4.3497923632747326e-11,True,True
180,5,0.0067818500101566315,0.001,True,True,True,0.006821190326124049,True,2.2396307031158358e-11,2.3369842945685843e-14,2.2419676874104044e-11,True,True
180,6,0.007640145719051361,0.001,True,True,True,0.008314274912783581,True,7.01909641520615e-11,2.3388624713766405e-14,7.021435277677526e-11,True,True
180,7,0.00887831300497055,0.001,True,True,True,0.010078170762169547,True,0.10951935877026386,2.3368320395233733e-14,0.10951935877028723,True,True
180,8,0.010685302317142487,0.001,True,True,True,0.011460594920424838,True,0.31378520497590756,2.3337912364761005e-14,0.3137852049759309,True,True
180,9,0.00895907822996378,0.001,True,True,True,0.030739116567157332,True,0.4333768067363941,2.332397863070636e-14,0.43337680673641743,True,True
180,10,0.008539916016161442,0.001,True,True,True,0.03426676370318127,True,0.4621097867440973,2.3338049236072718e-14,0.4621097867441206,True,True
180,11,0.009566455148160458,0.001,True,True,True,0.03591869878152931,True,0.4378947274903773,2.3397255812297775e-14,0.43789472749040065,True,True
180,12,0.012126675806939602,0.001,True,True,True,0.03619735987397976,True,0.12728853925675132,2.335881121574569e-14,0.1272885392567747,True,True
180,13,0.01642405055463314,0.001,True,True,True,0.0358930930583502,True,1.680877659282487e-11,2.3422636776801628e-14,1.683219922960167e-11,True,True
180,14,0.019122835248708725,0.001,True,True,True,0.05299407025618463,True,7.581935079770119e-12,2.343081014251637e-14,7.605365889912636e-12,True,True
180,15,0.011969602666795254,0.001,True,True,True,0.04877985701602239,True,2.0407319976101235e-06,2.3315037678351438e-14,2.040732020925161e-06,True,True
180,16,0.009438247419893742,0.001,True,True,True,0.04860902961128699,True,0.2651434262068868,2.348717000866326e-14,0.2651434262069103,True,True
180,17,0.011370622552931309,0.001,True,True,True,0.0474669010429184,True,0.2224324566112248,2.3758976773308127e-14,0.22243245661124855,True,True
180,18,0.012094568461179733,0.001,True,True,True,0.04113336947499735,True,0.07220841996393546,2.3279031902346543e-14,0.07220841996395873,True,True
180,19,0.005232661962509155,0.001,True,True,True,0.042607725323101864,True,1.6751044995544362e-12,2.366556906177813e-14,1.6987700686162143e-12,True,True
180,20,-0.00123663991689682,0.001,False,True,False,0.04229061727456607,True,,,,,
181,1,0.008463025093078613,0.001,True,True,True,0.005928883074645452,True,0.208403013408212,8.157855811434708e-14,0.20840301340829356,True,True
181,2,0.008221913129091263,0.001,True,True,True,0.005717737231319631,True,0.13485428651088682,8.159083059535454e-14,0.13485428651096842,True,True
181,3,0.008365273475646973,0.001,True,True,True,0.006108420585644092,True,0.053330336295594805,8.168294766358696e-14,0.05333033629567649,True,True
181,4,0.008851684629917145,0.001,True,True,True,0.0072544276512596095,True,0.013702653540367038,8.16474506710328e-14,0.013702653540448686,True,True
181,5,0.009980227798223495,0.001,True,True,True,0.00934325530945812,True,0.0008157465537301789,8.156759295153367e-14,0.0008157465538117465,True,True
181,6,0.011495236307382584,0.001,True,True,True,0.01214468119225176,True,4.373923445655237e-11,8.184968546036075e-14,4.382108414201273e-11,True,True
181,7,0.011868678033351898,0.001,True,True,True,0.015191061841997755,True,0.028502387222793857,8.15675847870619e-14,0.028502387222875424,True,True
181,8,0.011886361986398697,0.001,True,True,True,0.01823385827358054,True,0.07014801784097635,8.154376301826685e-14,0.0701480178410579,True,True
181,9,0.011340606957674026,0.001,True,True,True,0.021401747826161444,True,0.11950309412515381,8.152896426643911e-14,0.11950309412523534,True,True
181,10,0.010613791644573212,0.001,True,True,True,0.02476640373143224,True,0.15037883575003264,8.15246620600002e-14,0.15037883575011415,True,True
181,11,0.01044275239109993,0.001,True,True,True,0.028566297986184264,True,0.1944091017730436,8.150164521315643e-14,0.1944091017731251,True,True
181,12,0.010586641728878021,0.001,True,True,True,0.03329565592459527,True,0.21831416188754105,8.14965726989096e-14,0.21831416188762254,True,True
181,13,0.010989755392074585,0.001,True,True,True,0.03941194643761681,True,1.716387032502098e-10,8.169746083806096e-14,1.7172040071104787e-10,True,True
181,14,0.006512741092592478,0.001,True,True,True,0.042032277477784485,True,0.7796412901153076,8.153540649673938e-14,0.7796412901153891,True,True
181,15,0.009463189169764519,0.001,True,True,True,0.0367982075029718,True,0.06389644040410758,8.15667758791094e-14,0.06389644040418915,True,True
181,16,0.008021888323128223,0.001,True,True,True,0.029319634200797307,True,0.025742664057744946,8.15719833588321e-14,0.02574266405782652,True,True
181,17,0.0066827405244112015,0.001,True,True,True,0.020758053268144505,True,1.375660829694425e-08,8.156646775234324e-14,1.3756689863412002e-08,True,True
181,18,0.007033159490674734,0.001,True,True,True,0.013647850641756776,True,1.2217338252185073e-10,8.16614308584262e-14,1.2225504395270916e-10,True,True
181,19,0.008951466530561447,0.001,True,True,True,0.007729040693165046,True,0.34541123343064406,8.26479170650481e-14,0.3454112334307267,True,True
181,20,0.007895979098975658,0.001,True,True,True,1.9325319122742712e-11,True,1.810704221698046,1.2668696717017228e-14,1.8107042216980587,True,True
182,1,0.007698129862546921,0.001,True,True,True,0.006368588045602919,True,0.20000000298023224,6.21679503104015e-16,0.20000000298023285,True,True
182,2,0.0070855095982551575,0.001,True,True,True,0.006201162037197672,True,0.1067431997746997,6.191110029096635e-16,0.10674319977470033,True,True
182,3,0.007596142590045929,0.001,True,True,True,0.006425380067023312,True,0.06334600496415987,6.1861403567055945e-16,0.0633460049641605,True,True
182,4,0.008905868977308273,0.001,True,True,True,0.006920398591694021,True,0.08581000012630824,6.204179565989827e-16,0.08581000012630886,True,True
182,5,0.010405171662569046,0.001,True,True,True,0.0074882485049004854,True,0.22252148693725537,6.199322093843219e-16,0.22252148693725599,True,True
182,6,0.012389838695526123,0.001,True,True,True,0.007992607549601738,True,0.29095002704001693,6.18971772262354e-16,0.29095002704001754,True,True
182,7,0.012130571529269218,0.001,True,True,True,0.03271464968063009,True,0.3050639824231567,6.186806199831143e-16,0.3050639824231573,True,True
182,8,0.01321690995246172,0.001,True,True,True,0.03394363150236013,True,0.2544318198327975,6.182167690971446e-16,0.2544318198327981,True,True
182,9,0.0158033836632967,0.001,True,True,True,0.034645066928362,True,0.19422091513486706,6.212127704035899e-16,0.19422091513486767,True,True
182,10,0.01980595290660858,0.001,True,True,True,0.03479014263973479,True,0.0742400371472911,6.190264659832543e-16,0.07424003714729173,True,True
182,11,0.025535762310028076,0.001,True,True,True,0.03440934513856919,True,3.934630399271555e-13,6.211207885414751e-16,3.9408416071569695e-13,True,True
182,12,0.021213922649621964,0.001,True,True,True,0.049747117240439676,True,3.6408209780347534e-11,6.191213091600432e-16,3.6408828901656694e-11,True,True
182,13,0.015437958762049675,0.001,True,True,True,0.047154864974292665,True,6.252776074688882e-13,6.201394241777363e-16,6.258977468930659e-13,True,True
182,14,0.010423682630062103,0.001,True,True,True,0.018913704547580013,True,3.126388037344441e-12,6.188654801837199e-16,3.1270069028246245e-12,True,True
182,15,0.00026680901646614075,0.001,False,True,False,0.011404821987871738,True,,,,,
182,16,-0.008176319301128387,0.001,False,True,False,0.005590290271885623,True,,,,,
182,17,-0.01545301079750061,0.001,False,True,False,0.0020840276862981177,True,,,,,
182,18,-0.020082540810108185,0.001,False,True,False,0.0004178693230871833,True,,,,,
182,19,-0.020718436688184738,0.001,False,True,False,1.9984014443252818e-14,True,,,,,
182,20,-0.02188507281243801,0.001,False,True,False,5.995204332975845e-14,True,,,,,
183,1,0.00796123594045639,0.001,True,True,True,0.006846548450648582,True,0.11431779535912767,2.1330325904827e-14,0.114317795359149,True,True
183,2,0.007440779358148575,0.001,True,True,True,0.008138713526481212,True,4.0813574742060155e-11,2.1340175980156608e-14,4.083491491804031e-11,True,True
183,3,0.007038664072751999,0.001,True,True,True,0.010019352184059582,True,2.3998580900297384e-11,2.137625888450009e-14,2.4019957159181883e-11,True,True
183,4,0.0067268796265125275,0.001,True,True,True,0.012458754704486763,True,0.0038477239065670688,2.127952554405484e-14,0.003847723906588348,True,True
183,5,0.006816893815994263,0.001,True,True,True,0.01518468453922206,True,0.06511722690607513,2.1329083834349266e-14,0.06511722690609646,True,True
183,6,0.0072804465889930725,0.001,True,True,True,0.017810719444301903,True,0.12426793391267665,2.132726784235518e-14,0.12426793391269798,True,True
183,7,0.0076024942100048065,0.001,True,True,True,0.02039377194836761,True,0.1951398241503597,2.132135938112452e-14,0.195139824150381,True,True
183,8,0.008104722946882248,0.001,True,True,True,0.023451185743173508,True,0.27189454545320046,2.1317351573028367e-14,0.2718945454532218,True,True
183,9,0.008729260414838791,0.001,True,True,True,0.027380779968928626,True,0.330270499127721,2.1321089269954037e-14,0.3302704991277423,True,True
183,10,0.009474150836467743,0.001,True,True,True,0.032675700303783306,True,0.35905577926288146,2.13518425642105e-14,0.35905577926290283,True,True
183,11,0.010356500744819641,0.001,True,True,True,0.03967078644871369,True,0.2759384619799228,2.1320022782902885e-14,0.2759384619799441,True,True
183,12,0.009691298007965088,0.001,True,True,True,0.04700287227543176,True,1.0016520946010132e-10,2.132888159532027e-14,1.0018653834169665e-10,True,True
183,13,0.010114265605807304,0.001,True,True,True,0.05875770993801244,True,2.5630014253815006,2.130517951823426e-14,2.563001425381522,True,True
183,14,0.016951479017734528,0.001,True,True,True,0.06408600072759829,True,0.6195484007525778,2.136004875744007e-14,0.6195484007525991,True,True
183,15,0.011283859610557556,0.001,True,True,True,0.025221242955071554,True,0.08267024454767835,2.132167411788974e-14,0.08267024454769967,True,True
183,16,0.005784709006547928,0.001,True,True,True,0.021224187676285977,True,6.252776074688882e-12,2.1368347142151766e-14,6.274144421831033e-12,True,True
183,17,0.0023302100598812103,0.001,True,True,True,0.016577951025317228,True,3.652189661806915e-12,2.1407990683731397e-14,3.673597652490647e-12,True,True
183,18,0.0004025772213935852,0.001,False,True,False,0.013463445438834931,True,,,,,
183,19,-0.0002171434462070465,0.001,False,True,False,0.012952004374273463,True,,,,,
183,20,-0.0005678907036781311,0.001,False,True,False,0.013269267195064494,True,,,,,
184,1,0.008478518575429916,0.001,True,True,True,0.007993470596039387,True,0.07543544506901512,3.306401475644931e-17,0.07543544506901514,True,True
184,2,0.009140323847532272,0.001,True,True,True,0.009632117792450212,True,5.3290705182007514e-14,3.307362214223038e-17,5.3323778804149744e-14,True,True
184,3,0.009883388876914978,0.001,True,True,True,0.012314730881087144,True,1.4566126083082054e-13,3.305153096135849e-17,1.456943123617819e-13,True,True
184,4,0.008011755533516407,0.001,True,True,True,0.02991628907104049,True,0.5899683285664032,3.2996680964181445e-17,0.5899683285664032,True,True
184,5,0.0029939329251646996,0.001,True,True,True,0.035852330661062526,True,0.9336769294529361,3.3073314634063753e-17,0.9336769294529361,True,True
184,6,-0.0013249441981315613,0.001,False,True,False,0.03684775808455565,True,,,,,
184,7,-0.0047544315457344055,0.001,False,True,False,0.036376142992662786,True,,,,,
184,8,-0.006243370473384857,0.001,False,True,False,0.035110312508131014,True,,,,,
184,9,-0.005572587251663208,0.001,False,True,False,0.03433299073227736,True,,,,,
184,10,-0.0021719075739383698,0.001,False,True,False,0.03415515103902489,True,,,,,
184,11,0.004316222388297319,0.001,True,True,True,0.03329435691795968,True,0.06533904042376548,3.299225897267133e-17,0.06533904042376551,True,True
184,12,0.005907339975237846,0.001,True,True,True,0.037305154949352604,True,3.552713678800501e-15,3.345968999181913e-17,3.58617336879232e-15,True,True
184,13,-0.0002820119261741638,0.001,False,True,False,0.03617294614693378,True,,,,,
184,14,-0.0032485760748386383,0.001,False,True,False,0.03425578218148284,True,,,,,
184,15,-0.004594400525093079,0.001,False,True,False,0.030760695222237344,True,,,,,
184,16,-0.005792692303657532,0.001,False,True,False,0.024630169926143308,True,,,,,
184,17,-0.005210623145103455,0.001,False,False,False,0.009343552639031416,True,,,,,
184,18,0.005096815526485443,0.001,True,True,True,0.07692702485982705,True,0.6652647719215423,3.3083489128538554e-17,0.6652647719215423,True,True
184,19,0.004427425563335419,0.001,True,True,True,0.07789825302704712,True,7.105427357601002e-15,3.446609768241645e-17,7.139893455283418e-15,True,True
184,20,0.006315428763628006,0.001,True,True,True,0.07735074857513946,True,1.7763568394002505e-15,4.2201584399765486e-18,1.780576997840227e-15,True,True
185,1,0.010189272463321686,0.001,True,True,True,0.010453193323251342,True,0.1551980678598497,2.790076127540911e-14,0.15519806785987758,True,True
185,2,0.012665238231420517,0.001,True,True,True,0.012486359755508047,True,0.0996105105434637,2.7953239315218746e-14,0.09961051054349165,True,True
185,3,0.01583685725927353,0.001,True,True,True,0.015021979582933997,True,0.07036399441242924,2.7985123211839016e-14,0.07036399441245723,True,True
185,4,0.01510438323020935,0.001,True,True,True,0.018163669233613344,True,0.16395877124388392,2.7926799409552225e-14,0.16395877124391184,True,True
185,5,0.014611996710300446,0.001,True,True,True,0.020949735774780542,True,0.279965636774147,2.7915115558307955e-14,0.2799656367741749,True,True
185,6,0.016435448080301285,0.001,True,True,True,0.023614617936576265,True,0.3163843836565121,2.791851447149646e-14,0.31638438365654004,True,True
185,7,0.01746683195233345,0.001,True,True,True,0.03142336897684406,True,0.3583311765690489,2.791818201833892e-14,0.3583311765690768,True,True
185,8,0.019953012466430664,0.001,True,True,True,0.02665446268688898,True,4.790194907400291e-10,2.7896236452291086e-14,4.790473869764814e-10,True,True
185,9,0.022355809807777405,0.001,True,True,True,0.022148937515845013,True,4.595079872160568e-11,2.7991086300001347e-14,4.597878980790568e-11,True,True
185,10,0.023569850251078606,0.001,True,True,True,0.038840178613061216,True,0.058949729080464586,2.7921117344942665e-14,0.05894972908049251,True,True
185,11,0.023064306005835533,0.001,True,True,True,0.03883710748617253,True,0.050182453628409895,2.7927254023721075e-14,0.050182453628437824,True,True
185,12,0.021564621478319168,0.001,True,True,True,0.031901457794118016,True,0.0684850657261773,2.79208571485356e-14,0.06848506572620522,True,True
185,13,0.021992452442646027,0.001,True,True,True,0.025532328542942517,True,1.0610194428573294,2.7927689163064848e-14,1.0610194428573574,True,True
185,14,0.0013453783467411995,0.001,True,True,True,0.058953272644304056,True,8.139094154014032,2.7907320840532166e-14,8.13909415401406,True,True
185,15,-0.011808469891548157,0.001,False,True,False,0.04778118227457839,True,,,,,
185,16,-0.010099202394485474,0.001,False,True,False,0.04200840465455813,True,,,,,
185,17,0.0012457884149625897,0.001,True,True,True,0.038913804900998716,True,1.9835595048619439,2.7911846141900606e-14,1.9835595048619719,True,True
185,18,-0.013195112347602844,0.001,False,True,False,0.029065152323609622,True,,,,,
185,19,-0.023205548524856567,0.001,False,True,False,0.021704845486542945,True,,,,,
185,20,-0.025288164615631104,0.001,False,False,False,0.02918563761695392,True,,,,,
186,1,0.012041330337524414,0.001,True,True,True,0.012657673544061221,True,0.22951155662841494,9.666320933891384e-15,0.2295115566284246,True,True
186,2,0.013482999056577682,0.001,True,True,True,0.014372530851105902,True,0.23843255113400463,9.65127295761798e-15,0.2384325511340143,True,True
186,3,0.015631675720214844,0.001,True,True,True,0.015949905718705637,True,0.22525734410909504,9.654293521551717e-15,0.2252573441091047,True,True
186,4,0.0176556333899498,0.001,True,True,True,0.017302481551024484,True,0.19804690012314374,9.655511356788055e-15,0.1980469001231534,True,True
186,5,0.020135313272476196,0.001,True,True,True,0.018637935774682757,True,0.15718266995233487,9.656933779056428e-15,0.15718266995234453,True,True
186,6,0.023865535855293274,0.001,True,True,True,0.019915817289602566,True,0.09661871933453137,9.659651619079437e-15,0.09661871933454103,True,True
186,7,0.027592673897743225,0.001,True,True,True,0.023962128359970247,True,0.00012008360341564384,9.640776847416005e-15,0.00012008360342528462,True,True
186,8,0.027354208752512932,0.001,True,True,True,0.03587181622735369,True,1.3159251466277055e-11,9.66916059333991e-15,1.3168920626870395e-11,True,True
186,9,0.020390823483467102,0.001,True,True,True,0.03136025669446352,True,4.545697152025241e-11,9.654267543037881e-15,4.5466625787795444e-11,True,True
186,10,0.01398572325706482,0.001,True,True,True,0.0313262604213449,True,0.4421034634644343,9.671096351514482e-15,0.44210346346444396,True,True
186,11,0.009105049073696136,0.001,True,True,True,0.02893579839332583,True,0.6345219815340926,9.655755262402192e-15,0.6345219815341022,True,True
186,12,0.003560855984687805,0.001,True,True,True,0.02618341691038717,True,0.07841208397797317,9.632140051795517e-15,0.0784120839779828,True,True
186,13,-0.0017095096409320831,0.001,False,True,False,0.02438763169563707,True,,,,,
186,14,-0.004611391574144363,0.001,False,True,False,0.022961315001775784,True,,,,,
186,15,-0.0048567913472652435,0.001,False,True,False,0.02166116751827918,True,,,,,
186,16,-0.002313487231731415,0.001,False,True,False,0.02069106696894596,True,,,,,
186,17,0.0024661757051944733,0.001,True,True,True,0.020310793174989072,True,0.1012896696157668,9.644780250504823e-15,0.10128966961577644,True,True
186,18,0.0034537315368652344,0.001,True,True,True,0.020368618095909286,True,0.032401409939389225,9.628535913688804e-15,0.032401409939398856,True,True
186,19,0.00599747896194458,0.001,True,True,True,0.02002779731599391,True,1.4850343177386094e-12,9.742557711763628e-15,1.494776875450373e-12,True,True
186,20,0.011636041104793549,0.001,True,True,True,0.0208889513241175,True,0.20000000298023218,1.4300220300488722e-15,0.20000000298023363,True,True
187,1,0.01409400999546051,0.001,True,True,True,0.014835302043594512,True,0.19604770711479874,6.853407829636504e-13,0.19604770711548408,True,True
187,2,0.0155433788895607,0.001,True,True,True,0.017131995166262848,True,0.1752602675479391,6.864171242559266e-13,0.17526026754862553,True,True
187,3,0.016928620636463165,0.001,True,True,True,0.019612559655640793,True,0.1538108507642164,6.845024306289772e-13,0.15381085076490092,True,True
187,4,0.018179722130298615,0.001,True,True,True,0.022254978352425625,True,0.13931394518467743,6.811885223605478e-13,0.1393139451853586,True,True
187,5,0.019588157534599304,0.001,True,True,True,0.025030278459173494,True,0.14225218004753537,6.79177859663503e-13,0.14225218004821455,True,True
187,6,0.02092396467924118,0.001,True,True,True,0.027865666513297138,True,0.14473929724341428,7.92273657166249e-13,0.14473929724420656,True,True
187,7,0.022021770477294922,0.001,True,True,True,0.030701226697885553,True,0.14348858625256788,6.796567594179633e-13,0.14348858625324754,True,True
187,8,0.02312116138637066,0.001,True,True,True,0.03234928780377999,True,0.13580772036233313,6.827770094896404e-13,0.13580772036301592,True,True
187,9,0.025194253772497177,0.001,True,True,True,0.03158090593404839,True,0.07081809804590833,7.220259019519442e-13,0.07081809804663035,True,True
187,10,0.02838156372308731,0.001,True,True,True,0.009800781294066918,True,0.07627160318574155,6.805211451911745e-13,0.07627160318642208,True,True
187,11,0.025429032742977142,0.001,True,True,True,0.007744422165566367,True,0.06319295974070194,6.794082139898559e-13,0.06319295974138135,True,True
187,12,0.02403811365365982,0.001,True,True,True,0.03107759528143217,True,5.839408956376246e-10,6.814832574354178e-13,5.8462237889506e-10,True,True
187,13,0.019538095220923424,0.001,True,True,True,0.03201602136117665,True,2.3903163892669e-09,6.794395805851761e-13,2.390995828847485e-09,True,True
187,14,0.015033263713121414,0.001,True,True,True,0.03224316743581224,True,0.0999919725506011,6.821582789061747e-13,0.09999197255128327,True,True
187,15,0.012071381323039532,0.001,True,True,True,0.03296784702000832,True,0.14965618376598844,6.826856274710387e-13,0.1496561837666711,True,True
187,16,0.014203578233718872,0.001,True,True,True,0.03283564181090515,True,6.274829544850036e-10,6.844532006350241e-13,6.281674076856386e-10,True,True
187,17,0.02066940814256668,0.001,True,True,True,1.1765921570372484e-11,True,3.00203435443791e-08,6.830279791365227e-13,3.002102657235824e-08,True,True
187,18,0.01798851042985916,0.001,True,True,True,0.03215072122877072,True,0.14409609622128539,6.829135215643918e-13,0.1440960962219683,True,True
187,19,0.015837466344237328,0.001,True,True,True,0.03449933351015444,True,0.17544447162340404,6.989446760763117e-13,0.17544447162410298,True,True
187,20,0.0060472022742033005,0.001,True,True,True,0.01469632731716608,True,4.9261572598879866e-09,6.289570367891766e-13,4.926786216924776e-09,True,True
188,1,0.016423270106315613,0.001,True,True,True,0.0165831709713411,True,0.19577580218027268,1.0206700252404447e-13,0.19577580218037474,True,True
188,2,0.018908359110355377,0.001,True,True,True,0.018207995778473263,True,0.1684651604236458,1.0186847338645151e-13,0.16846516042374765,True,True
188,3,0.02166985720396042,0.001,True,True,True,0.020087384035031075,True,0.14172323019843924,1.0200368098548797e-13,0.14172323019854124,True,True
188,4,0.024787157773971558,0.001,True,True,True,0.022320928214244473,True,0.13355297538606914,1.0212007099512804e-13,0.13355297538617125,True,True
188,5,0.027739690616726875,0.001,True,True,True,0.03873323493030767,True,0.1269944915267196,1.0203833946204211e-13,0.12699449152682163,True,True
188,6,0.023490967229008675,0.001,True,True,True,0.03669338485784146,True,0.13095825110207038,1.0198517041934346e-13,0.13095825110217235,True,True
188,7,0.019212838262319565,0.001,True,True,True,0.03401008725870969,True,0.18251509550207956,1.0203456414910989e-13,0.1825150955021816,True,True
188,8,0.015118826180696487,0.001,True,True,True,0.03337622603614898,True,0.43217455145855865,1.0203649940963148e-13,0.4321745514586607,True,True
188,9,0.011059097945690155,0.001,True,True,True,0.03054664687837927,True,0.8566669300799674,1.0205851685325802e-13,0.8566669300800694,True,True
188,10,0.007886610925197601,0.001,True,True,True,0.027591406335814916,True,1.0935179761206797,1.0205284943349395e-13,1.0935179761207818,True,True
188,11,0.005271803587675095,0.001,True,True,True,0.02459059817488818,True,0.515717998846668,1.0196690533900157e-13,0.5157179988467699,True,True
188,12,0.0046831294894218445,0.001,True,True,True,0.021569961526971326,True,0.12240130420158835,1.020991087945116e-13,0.12240130420169044,True,True
188,13,0.004241965711116791,0.001,True,True,True,0.019323597782107793,True,0.028988464321532348,1.0188775078199607e-13,0.028988464321634235,True,True
188,14,0.0033927932381629944,0.001,True,True,True,0.01785073045880159,True,0.04746906880737356,1.0195589228582585e-13,0.04746906880747551,True,True
188,15,0.0029552727937698364,0.001,True,True,True,0.016479484877538475,True,0.04706823200686827,1.0202434107519677e-13,0.047068232006970294,True,True
188,16,0.002010062336921692,0.001,True,True,True,0.015365786469083265,True,5.2793325266975444e-11,1.020865119814422e-13,5.289541177895689e-11,True,True
188,17,-0.0001404397189617157,0.001,False,True,False,0.014793923763289252,True,,,,,
188,18,0.0011821910738945007,0.001,True,False,False,0.014956794031335097,True,,,,,
188,19,0.003163706511259079,0.001,True,True,True,0.015694618311648867,True,1.1445422387623694e-10,1.01996899090379e-13,1.1455622077532731e-10,True,True
188,20,0.0004360973834991455,0.001,False,False,False,0.016488429346380284,True,,,,,
189,1,0.017863072454929352,0.001,True,True,True,0.02112335750663419,True,0.20883780094135396,4.981384551785154e-16,0.20883780094135446,True,True
189,2,0.01909670978784561,0.001,True,True,True,0.026309461016913283,True,0.2991766152927462,4.964389208222724e-16,0.2991766152927467,True,True
189,3,0.0193193256855011,0.001,True,True,True,0.041803427282300354,True,0.44813807222832747,4.964145338312368e-16,0.44813807222832797,True,True
189,4,0.01962115615606308,0.001,True,True,True,0.05059634562555637,True,0.6832756251139429,4.963612684817061e-16,0.6832756251139434,True,True
189,5,0.02052835188806057,0.001,True,True,True,0.05738646766663391,True,0.6522202808002184,4.961227028232182e-16,0.6522202808002189,True,True
189,6,0.02219555899500847,0.001,True,True,True,0.06196892775148555,True,0.37367950536212646,4.964232761344787e-16,0.37367950536212696,True,True
189,7,0.024651261046528816,0.001,True,True,True,0.06420827689842579,True,0.21852026544236747,4.968078261358058e-16,0.21852026544236797,True,True
189,8,0.02618400752544403,0.001,True,True,True,0.028786642082722635,True,4.228262184824416e-11,4.965735939666366e-16,4.228311842183813e-11,True,True
189,9,0.023792186751961708,0.001,True,True,True,0.03551545654355104,True,3.4017233474514796e-13,4.9700251382423e-16,3.406693372589722e-13,True,True
189,10,0.021844949573278427,0.001,True,True,True,0.039772097342260504,True,3.4927616354707425e-13,4.971033997626179e-16,3.4977326694683684e-13,True,True
189,11,0.020571747794747353,0.001,True,True,True,0.038858023105114436,True,0.016707103335514395,4.967719693969916e-16,0.01670710333551489,True,True
189,12,0.01910010725259781,0.001,True,True,True,0.03768193469625947,True,0.05684024681881805,4.974361719348269e-16,0.05684024681881855,True,True
189,13,0.017361458390951157,0.001,True,True,True,0.03647096122173066,True,4.973799150320701e-14,5.002048932971897e-16,5.02381963965042e-14,True,True
189,14,0.015603912994265556,0.001,True,True,True,0.03881097140791645,True,2.824407374646398e-13,4.972129489188341e-16,2.8293795041355863e-13,True,True
189,15,0.013821326196193695,0.001,True,True,True,0.040746730168901846,True,0.017237780149001125,4.972964529472382e-16,0.01723778014900162,True,True
189,16,0.013406988233327866,0.001,True,True,True,0.03617987870283257,True,1.5631940186722204e-13,4.984114960239106e-16,1.5681781336324595e-13,True,True
189,17,0.015960078686475754,0.001,True,True,True,0.027584329225190607,True,0.029822440119802618,4.985038211709526e-16,0.029822440119803117,True,True
189,18,0.01762831211090088,0.001,True,True,True,1.176836406102666e-14,True,0.06777806975544465,4.978480722071716e-16,0.06777806975544515,True,True
189,19,0.011852524243295193,0.001,True,True,True,0.036286172863194466,True,1.2079226507921703e-13,4.997581831600762e-16,1.212920232623771e-13,True,True
189,20,-0.0016219913959503174,0.001,False,True,False,0.013400551695510243,True,,,,,
190,1,0.02280498296022415,0.001,True,True,True,0.02425726181080734,True,0.19980519759596335,1.0873033418438089e-15,0.19980519759596443,True,True
190,2,0.025137366726994514,0.001,True,True,True,0.02640095198887704,True,0.19544063882927049,1.0874731504949508e-15,0.19544063882927157,True,True
190,3,0.01576979085803032,0.001,True,True,True,0.02101647685148489,True,0.16768727982844212,1.0880341573978055e-15,0.1676872798284432,True,True
190,4,0.007733304053544998,0.001,True,True,True,0.016231125741732466,True,0.15444137773018696,1.0860947262600288e-15,0.15444137773018804,True,True
190,5,0.002026486909016967,0.001,True,True,True,0.014468110545765245,True,7.814193736521702e-12,1.0871228862863368e-15,7.815280859407989e-12,True,True
190,6,-0.0010144077241420746,0.001,False,True,False,0.014913116680161265,True,,,,,
190,7,0.0011211894452571869,0.001,True,True,True,0.015441881346892172,True,7.673861546209082e-13,1.0865599347447562e-15,7.68472714555653e-13,True,True
190,8,0.0033551007509231567,0.001,True,True,True,0.01610993835249519,True,0.007468688235107379,1.0854703166454161e-15,0.007468688235108464,True,True
190,9,0.004396058619022369,0.001,True,True,True,0.016863522263180553,True,0.04850233051344688,1.086069447541762e-15,0.04850233051344797,True,True
190,10,0.005053222179412842,0.001,True,True,True,0.016154777893410355,True,0.06925041274710608,1.0860719636382063e-15,0.06925041274710717,True,True
190,11,0.0042498111724853516,0.001,True,True,True,0.013658763660466366,True,0.07510211910086184,1.0861071512440466e-15,0.07510211910086292,True,True
190,12,0.004580989480018616,0.001,True,True,True,0.011048855192096418,True,0.05077636208214642,1.085831586270467e-15,0.0507763620821475,True,True
190,13,0.0033208802342414856,0.001,True,True,True,0.009135348703408264,True,1.8403056856186595e-12,1.0869188445086534e-15,1.841392604463168e-12,True,True
190,14,0.0016022399067878723,0.001,True,True,True,0.007135490209682738,True,0.07820456879694859,1.0860621559069232e-15,0.07820456879694968,True,True
190,15,-0.0005846992135047913,0.001,False,True,False,0.006075714403150023,True,,,,,
190,16,0.000659652054309845,0.001,False,True,False,0.0057274459628446905,True,,,,,
190,17,0.002566315233707428,0.001,True,True,True,0.0055533796206708175,True,0.02172668485638951,1.0855669333645988e-15,0.021726684856390597,True,True
190,18,0.0025375746190547943,0.001,True,True,True,0.005726757936213023,True,2.6089225002579042e-08,1.087508161154115e-15,2.6089226090087204e-08,True,True
190,19,0.002188578248023987,0.001,True,True,True,0.006007013196702049,True,2.8705926524708048e-12,1.0853474998029676e-15,2.871677999970608e-12,True,True
190,20,0.0015373490750789642,0.001,True,True,True,0.007047145946947886,True,6.679101716144942e-13,1.4837062471703911e-16,6.680585422392112e-13,True,True
191,1,0.025830060243606567,0.001,True,True,True,0.02675966849591116,True,0.20125550790834856,6.154028721170567e-15,0.20125550790835472,True,True
191,2,0.02740277163684368,0.001,True,True,True,0.026262495412068487,True,0.22721139497282627,6.158521546079499e-15,0.22721139497283244,True,True
191,3,0.022121720016002655,0.001,True,True,True,0.02427809605472453,True,0.3115818656096687,6.143969920216392e-15,0.3115818656096749,True,True
191,4,0.017539765685796738,0.001,True,True,True,0.021732333379528512,True,0.26626931025677614,6.142500177969473e-15,0.2662693102567823,True,True
191,5,0.01607280597090721,0.001,True,True,True,0.0206986115331782,True,0.1482627791463642,6.140026431610636e-15,0.14826277914637034,True,True
191,6,0.015972480177879333,0.001,True,True,True,0.0216505649938592,True,0.3154397022315294,6.141897665622977e-15,0.31543970223153556,True,True
191,7,0.017217688262462616,0.001,True,True,True,0.020501512578693815,True,0.15305682156640898,6.1476058526300225e-15,0.15305682156641512,True,True
191,8,0.01798388361930847,0.001,True,True,True,0.019639549175068494,True,2.6710237879257193e-06,6.126994543142503e-15,2.671023794052714e-06,True,True
191,9,0.018106453120708466,0.001,True,True,True,0.019008399180528768,True,2.1316282072803006e-14,6.158305743529668e-15,2.7474587816332673e-14,True,True
191,10,0.01713896170258522,0.001,True,True,True,0.01809205962321192,True,5.723421736547607e-12,6.148807333210654e-15,5.729570543880818e-12,True,True
191,11,0.015286948531866074,0.001,True,True,True,0.01738103878364239,True,2.511058028176194e-11,6.141863815194381e-15,2.5116722145577136e-11,True,True
191,12,0.015780948102474213,0.001,True,True,True,0.016193462936184844,True,0.194533642608679,6.1466336503611874e-15,0.19453364260868514,True,True
191,13,0.014306530356407166,0.001,True,True,True,0.015005864459723517,True,0.0710431486879255,6.1396068928754794e-15,0.07104314868793163,True,True
191,14,0.010506927967071533,0.001,True,True,True,0.01435981826760413,True,0.014220965343014313,6.137002215861282e-15,0.014220965343020451,True,True
191,15,0.004988521337509155,0.001,True,True,True,0.014491036809521685,True,1.0828671292983927e-11,6.145719228931182e-15,1.0834817012212858e-11,True,True
191,16,0.008005738258361816,0.001,True,True,True,0.015082883009817749,True,0.22634602430775885,6.138904413751014e-15,0.226346024307765,True,True
191,17,0.012829765677452087,0.001,True,True,True,0.015311236994249633,True,0.24067917433199426,6.1472771203403735e-15,0.2406791743320004,True,True
191,18,0.014005646109580994,0.001,True,True,True,0.015350894390820269,True,0.16825369572786997,6.1406467108653535e-15,0.1682536957278761,True,True
191,19,0.013643212616443634,0.001,True,True,True,0.016290835879277044,True,1.9468870959826745e-12,6.162370249253854e-15,1.9530494662319285e-12,True,True
191,20,0.006426915526390076,0.001,True,False,False,0.016742152115847286,True,,,,,
192,1,0.02794928103685379,0.001,True,True,True,0.02777353714502795,True,0.20000000298023227,5.126066053851978e-13,0.20000000298074488,True,True
192,2,0.02726312167942524,0.001,True,True,True,0.025962049163769763,True,0.20000000298023224,5.126066053848135e-13,0.20000000298074486,True,True
192,3,0.02531370148062706,0.001,True,True,True,0.024151442472894358,True,0.19950002476005568,5.202539382254868e-13,0.19950002476057593,True,True
192,4,0.02312339097261429,0.001,True,True,True,0.023120175691309863,True,0.15356815851207628,5.084784126271598e-13,0.15356815851258476,True,True
192,5,0.021699927747249603,0.001,True,True,True,0.021428148500108657,True,0.22149254445880828,5.127182263175395e-13,0.221492544459321,True,True
192,6,0.02068960666656494,0.001,True,True,True,0.019809712308769822,True,0.2277838389965794,5.091477361283533e-13,0.22778383899708854,True,True
192,7,0.0197548046708107,0.001,True,True,True,0.018296605424122925,True,0.24381601536018493,5.085912034139983e-13,0.24381601536069353,True,True
192,8,0.019341088831424713,0.001,True,True,True,0.017022882230835146,True,0.2283964231468012,5.091665466447402e-13,0.22839642314731037,True,True
192,9,0.019441545009613037,0.001,True,True,True,0.016012869979178057,True,0.17453405419325918,5.077949135854534e-13,0.17453405419376697,True,True
192,10,0.018899112939834595,0.001,True,True,True,0.014704470706249806,True,0.0852634591458159,5.077567682375489e-13,0.08526345914632366,True,True
192,11,0.018085353076457977,0.001,True,True,True,0.013427630878825259,True,1.1074838823788014e-09,5.067228481678235e-13,1.1079906052269692e-09,True,True
192,12,0.017856158316135406,0.001,True,False,False,0.011803982658154633,True,,,,,
192,13,0.016435805708169937,0.001,True,True,True,0.010524507823502116,True,0.15254708923760774,5.084170280894573e-13,0.15254708923811616,True,True
192,14,0.01545630767941475,0.001,True,True,True,0.009697933137172043,True,4.5825558459000604e-08,5.081186649219726e-13,4.582606657766553e-08,True,True
192,15,0.013271022588014603,0.001,True,True,True,0.009283305507372885,True,8.044764854275854e-11,5.08373264074523e-13,8.095602180683306e-11,True,True
192,16,0.016996387392282486,0.001,True,True,True,0.009193225120762483,True,0.17976030999821901,5.075947722810172e-13,0.1797603099987266,True,True
192,17,0.015704842284321785,0.001,True,False,False,0.01894002493006086,True,,,,,
192,18,0.019331663846969604,0.001,True,True,True,0.00929062042308404,True,0.11990495260950418,5.0675518674602e-13,0.11990495261001094,True,True
192,19,0.012801771983504295,0.001,True,True,True,0.012092417046033255,True,1.1332037530564776e-09,5.13063807976711e-13,1.1337168168644542e-09,True,True
192,20,-0.005615808069705963,0.001,False,True,False,0.009743082811356274,True,,,,,
193,1,0.028403347358107567,0.001,True,True,True,0.022265799527505736,True,0.20008154037947573,6.025634268234156e-14,0.200081540379536,True,True
193,2,0.027012310922145844,0.001,True,True,True,0.01720573760275279,True,0.21279071204313338,5.997765315698223e-14,0.21279071204319336,True,True
193,3,0.02563929557800293,0.001,True,True,True,0.01391728041796414,True,0.18740917442941374,6.004593155302811e-14,0.18740917442947377,True,True
193,4,0.024199403822422028,0.001,True,True,True,0.011430660757465905,True,0.1352032029554855,6.012326647582646e-14,0.1352032029555456,True,True
193,5,0.022433802485466003,0.001,True,True,True,0.009684701549860564,True,0.14529553605228074,6.011602707501849e-14,0.14529553605234086,True,True
193,6,0.020465046167373657,0.001,True,True,True,0.0086947040652825,True,0.10002145663096051,6.016160233383258e-14,0.10002145663102067,True,True
193,7,0.018168501555919647,0.001,True,True,True,0.008498227570249206,True,0.12675002759990095,6.023414426838992e-14,0.12675002759996118,True,True
193,8,0.015803992748260498,0.001,True,True,True,0.009195000221192462,True,0.009534760682185617,6.128331273922232e-14,0.0095347606822469,True,True
193,9,0.015191979706287384,0.001,True,True,True,0.010142377974540873,True,1.489262047016382e-10,5.994236252652309e-14,1.489861470641647e-10,True,True
193,10,0.014659930020570755,0.001,True,True,True,0.010245947269903466,True,0.03484018605604966,5.990960939412509e-14,0.03484018605610957,True,True
193,11,0.013965979218482971,0.001,True,True,True,0.010520805954965073,True,2.496847173460992e-11,6.011194370510419e-14,2.5028583678315024e-11,True,True
193,12,0.015429485589265823,0.001,True,True,True,0.0103599721660812,True,0.20000054711581036,6.027525448873023e-14,0.20000054711587065,True,True
193,13,0.013737604022026062,0.001,True,True,True,0.010534289385958573,True,0.15642587872486002,6.011671995692101e-14,0.15642587872492014,True,True
193,14,0.012930899858474731,0.001,True,True,True,0.010635900568886747,True,0.20774045160588628,5.99734685917405e-14,0.20774045160594626,True,True
193,15,0.010393399745225906,0.001,True,True,True,0.010756552107646922,True,0.07678422242401695,5.982731746430771e-14,0.07678422242407677,True,True
193,16,0.012208491563796997,0.001,True,True,True,0.011510959156647571,True,0.20000000298023224,6.027310677767921e-14,0.20000000298029252,True,True
193,17,0.015300210565328598,0.001,True,True,True,0.01206088602673927,True,0.212750266533007,5.987092454779732e-14,0.21275026653306686,True,True
193,18,0.015268094837665558,0.001,True,True,True,0.012311528710882147,True,0.11775848631580743,6.048130553741955e-14,0.11775848631586791,True,True
193,19,0.01193176954984665,0.001,True,True,True,0.013462625506023507,True,5.135092351338244e-11,6.116246863887065e-14,5.141208598202131e-11,True,True
193,20,0.006475325673818588,0.001,True,True,True,0.016288304462749092,True,3.068834075747873e-11,1.3822931554591804e-14,3.070216368903332e-11,True,True
194,1,0.023365816101431847,0.001,True,True,True,0.019815933821694,True,0.1999999574130992,6.649810470406637e-14,0.1999999574131657,True,True
194,2,0.01832723803818226,0.001,True,True,True,0.017093943045757287,True,0.20000000298023224,6.649810196484828e-14,0.20000000298029874,True,True
194,3,0.014139555394649506,0.001,True,True,True,0.01922674114490186,True,4.143387855037872e-10,6.6235879151375e-14,4.144050213829386e-10,True,True
194,4,0.0126115083694458,0.001,True,True,True,0.017507682168487415,True,0.09903648173844459,6.627418933390251e-14,0.09903648173851087,True,True
194,5,0.013167303055524826,0.001,True,True,True,0.015602863706835945,True,0.07998530610236187,6.620667690518676e-14,0.07998530610242809,True,True
194,6,0.013501156121492386,0.001,True,True,True,0.01378278939564015,True,5.384492851590039e-10,6.626603411849506e-14,5.385155511931225e-10,True,True
194,7,0.01499110832810402,0.001,True,True,True,0.012186810530558256,True,6.015756781607706e-10,6.62734600856405e-14,6.016419516208563e-10,True,True
194,8,0.016438163816928864,0.001,True,True,True,0.011397845572398424,True,1.6557422100049735e-11,6.654944856474363e-14,1.662397154861448e-11,True,True
194,9,0.014379333704710007,0.001,True,True,True,0.010949983682591258,True,0.13450613412884138,6.618727007724318e-14,0.13450613412890758,True,True
194,10,0.013661768287420273,0.001,True,True,True,0.009953547426071241,True,0.06749930572121698,6.624097181968854e-14,0.06749930572128322,True,True
194,11,0.013633988797664642,0.001,True,True,True,0.009280988218922426,True,0.055159270520881876,6.621021625966664e-14,0.05515927052094809,True,True
194,12,0.012686941772699356,0.001,True,False,False,0.0065902665639570035,True,,,,,
194,13,0.013196907937526703,0.001,True,True,True,0.00401703441600465,True,0.08694366988079238,6.62001933664501e-14,0.08694366988085858,True,True
194,14,0.012472342699766159,0.001,True,False,False,0.002070034560084366,True,,,,,
194,15,0.012833796441555023,0.001,True,True,True,0.0008970946462125706,True,1.3650236496687285e-10,6.61679183841286e-14,1.3656853288525697e-10,True,True
194,16,0.014135055243968964,0.001,True,True,True,2.0741186546047174e-11,True,0.0946161023690717,6.650685547488975e-14,0.0946161023691382,True,True
194,17,0.01327516883611679,0.001,True,False,False,0.00033967185273886535,True,,,,,
194,18,0.013584896922111511,0.001,True,True,True,0.0022622967152869933,True,3.2297009511239594e-10,6.618246820251452e-14,3.230362775805985e-10,True,True
194,19,0.015235546976327896,0.001,True,True,True,0.0049478229220008,True,0.006018612517216582,6.72726384514041e-14,0.006018612517283854,True,True
194,20,0.01757083088159561,0.001,True,True,True,0.008068865188902041,True,3.297806472346565e-11,1.0057130298239262e-14,3.298812185376389e-11,True,True
195,1,0.021275445818901062,0.001,True,True,True,0.018927830592984418,True,0.20366352847032854,1.814756709933458e-13,0.20366352847051,True,True
195,2,0.020063847303390503,0.001,True,True,True,0.01761189396779972,True,0.22261506352013427,1.8152364205538087e-13,0.2226150635203158,True,True
195,3,0.019252657890319824,0.001,True,True,True,0.016467078782289812,True,0.18515898048752888,1.815821161934055e-13,0.18515898048771046,True,True
195,4,0.01768910139799118,0.001,True,True,True,0.015516952502863335,True,0.15708717736654698,1.8130997590398456e-13,0.15708717736672828,True,True
195,5,0.016373399645090103,0.001,True,True,True,0.014671969670886131,True,0.092978734502001,1.8156374926438474e-13,0.09297873450218257,True,True
195,6,0.014778759330511093,0.001,True,True,True,0.013902153008670703,True,0.07032703766464365,1.8127507340549294e-13,0.07032703766482493,True,True
195,7,0.012727495282888412,0.001,True,True,True,0.013146947026215106,True,1.8402612766976745e-08,1.8141844442755489e-13,1.8402794185421173e-08,True,True
195,8,0.010201551020145416,0.001,True,True,True,0.012241156163030231,True,2.9456970196406473e-10,1.814209874715048e-13,2.9475112295153626e-10,True,True
195,9,0.009388502687215805,0.001,True,True,True,0.011121868221519282,True,0.2000000029800192,1.8155098410889304e-13,0.20000000298020074,True,True
195,10,0.008293446153402328,0.001,True,True,True,0.009623190738621723,True,0.1965138715925292,1.8146686339990328e-13,0.19651387159271066,True,True
195,11,0.004190683364868164,0.001,True,True,True,0.008454336733423107,True,7.069473895171541e-10,1.8119520930565177e-13,7.071285847264598e-10,True,True
195,12,0.0030405446887016296,0.001,True,True,True,0.007698534730062656,True,3.1884894724498736e-10,1.812209133385774e-13,3.190301681583259e-10,True,True
195,13,-0.0013296641409397125,0.001,False,False,False,0.006589170648084508,True,,,,,
195,14,0.002608276903629303,0.001,True,True,True,0.00682139888137967,True,0.5170846784598382,1.8119250795236213e-13,0.5170846784600194,True,True
195,15,0.000951077789068222,0.001,False,True,False,0.007280916737804066,True,,,,,
195,16,-9.301677346229553e-05,0.001,False,True,False,0.008315494982656713,True,,,,,
195,17,0.006611496210098267,0.001,True,False,False,0.010091075511708958,True,,,,,
195,18,0.008092701435089111,0.001,True,True,True,0.012039683183002747,True,1.566604623803869e-10,1.814400926022725e-13,1.5684190247298916e-10,True,True
195,19,0.009106788784265518,0.001,True,True,True,0.013815341974598994,True,0.005034588380112837,1.810942708275854e-13,0.0050345883802939305,True,True
195,20,0.010723769664764404,0.001,True,True,True,0.015949369177371997,True,0.12977975773745953,2.0748861373783536e-14,0.1297797577374803,True,True
196,1,0.020102806389331818,0.001,True,True,True,0.01954505219269842,True,0.1997916261347994,4.4032948174677397e-14,0.19979162613484341,True,True
196,2,0.018626034259796143,0.001,True,True,True,0.02015313278639752,True,0.19965328769480575,4.403806146038379e-14,0.1996532876948498,True,True
196,3,0.017450001090765,0.001,True,True,True,0.020200127149602398,True,0.17440360390029053,4.366816447538526e-14,0.1744036039003342,True,True
196,4,0.016475986689329147,0.001,True,True,True,0.019703054233170647,True,0.13558880652144367,4.3619972419476546e-14,0.1355888065214873,True,True
196,5,0.015685975551605225,0.001,True,True,True,0.018813736866181374,True,0.16565184515244802,4.358128036842351e-14,0.1656518451524916,True,True
196,6,0.015072178095579147,0.001,True,True,True,0.01772896530474921,True,0.0991060467904763,4.359584468217263e-14,0.09910604679051989,True,True
196,7,0.014333471655845642,0.001,True,True,True,0.016605574091447473,True,0.06899015229178218,4.362201781990106e-14,0.0689901522918258,True,True
196,8,0.014113690704107285,0.001,True,True,True,0.01562707445150391,True,1.2678924576903228e-10,4.355661650424486e-14,1.2683280238553652e-10,True,True
196,9,0.012212418019771576,0.001,True,True,True,0.014288236103878305,True,1.8118839761882555e-11,4.3579248988871134e-14,1.8162419010871427e-11,True,True
196,10,0.01414458453655243,0.001,True,True,True,0.012405159002819355,True,0.20432219501402615,4.402667242981924e-14,0.20432219501407017,True,True
196,11,0.008856642991304398,0.001,True,True,True,0.010534441280980467,True,0.21472589140417142,4.359107357875612e-14,0.21472589140421502,True,True
196,12,0.00792364776134491,0.001,True,True,True,0.009748036719488873,True,9.590522154212522e-09,4.3548722920037207e-14,9.590565702935442e-09,True,True
196,13,0.0015266649425029755,0.001,True,True,True,0.009353204627598144,True,5.4583892961090896e-11,4.381191546372461e-14,5.462770487655462e-11,True,True
196,14,0.005834572017192841,0.001,True,False,False,0.009922733029848585,True,,,,,
196,15,0.004029709845781326,0.001,True,True,True,0.010463816142748605,True,0.1638539788961566,4.351590132996855e-14,0.16385397889620013,True,True
196,16,0.005188353359699249,0.001,True,True,True,0.011694567223148988,True,0.1283431471429779,4.375859425003725e-14,0.12834314714302167,True,True
196,17,0.010958082973957062,0.001,True,True,True,0.013937291695757192,True,1.383373415819733e-10,4.3565376843276616e-14,1.383809069588166e-10,True,True
196,18,0.0073598031885921955,0.001,True,True,True,0.020604973853439068,True,0.08894908784759892,4.3571502384507496e-14,0.0889490878476425,True,True
196,19,0.0004262171860318631,0.001,False,True,False,0.021714335989440947,True,,,,,
196,20,-0.006976425647735596,0.001,False,True,False,0.021681720449137742,True,,,,,
197,1,0.020497329533100128,0.001,True,True,True,0.015513671396152229,True,0.19712405115446496,2.1031775849163883e-14,0.197124051154486,True,True
197,2,0.020657308399677277,0.001,True,True,True,0.012964349535734554,True,0.1666475743288749,2.0991517466045005e-14,0.16664757432889588,True,True
197,3,0.020558126270771027,0.001,True,True,True,0.010450687946501502,True,0.10615164093424045,2.1003600182694197e-14,0.10615164093426145,True,True
197,4,0.01991981267929077,0.001,True,True,True,0.008864322051913343,True,0.08132643281440277,2.0985212118317497e-14,0.08132643281442375,True,True
197,5,0.019459426403045654,0.001,True,True,True,0.00787174467862184,True,0.0016339185018132696,2.0856402531671705e-14,0.001633918501834126,True,True
197,6,0.018461771309375763,0.001,True,True,True,0.007251950383098338,True,0.07907258288062913,2.0995864034406855e-14,0.07907258288065012,True,True
197,7,0.01761437952518463,0.001,True,True,True,0.00677396341259362,True,1.8527401834944612e-12,2.1123574185750707e-14,1.873863757680212e-12,True,True
197,8,0.017021358013153076,0.001,True,True,True,0.0051647263497094364,True,0.04088954765918018,2.1000982894611634e-14,0.040889547659201185,True,True
197,9,0.015759684145450592,0.001,True,True,True,0.004365812934377544,True,3.707611995196203e-11,2.1000874372427714e-14,3.7097120826334457e-11,True,True
197,10,0.01599758118391037,0.001,True,False,False,0.004444631504964214,True,,,,,
197,11,0.01373269036412239,0.001,True,True,True,0.004813145093888416,True,0.20000000298023224,2.1062155388615334e-14,0.2000000029802533,True,True
197,12,0.013691265136003494,0.001,True,True,True,0.005242895526040403,True,0.1115715182127559,2.0983325660120096e-14,0.11157151821277689,True,True
197,13,0.01035337895154953,0.001,True,False,False,0.00581470881494206,True,,,,,
197,14,0.012230250984430313,0.001,True,True,True,0.00642445168133321,True,0.1580222892391987,2.0984288744995708e-14,0.15802228923921968,True,True
197,15,0.010218072682619095,0.001,True,True,True,0.007424162817419866,True,9.032419256982394e-11,2.0989967824496447e-14,9.034518253764843e-11,True,True
197,16,0.010940231382846832,0.001,True,True,True,0.009236829599948315,True,8.959943897934863e-12,2.1007469263878465e-14,8.980951367198742e-12,True,True
197,17,0.01617971435189247,0.001,True,True,True,0.011645640693976222,True,1.6576105466015179e-07,2.096976676582305e-14,1.6576107562991856e-07,True,True
197,18,0.019682712852954865,0.001,True,True,True,0.014622311494383311,True,6.785683126508957e-12,2.1119067661432417e-14,6.806802194170389e-12,True,True
197,19,0.02104412019252777,0.001,True,True,True,0.01588055730780802,True,2.0758506025231327e-11,2.1051340619855933e-14,2.0779557365851184e-11,True,True
197,20,0.021219082176685333,0.001,True,True,True,0.016440934878708013,True,1.4351542176882504e-10,3.3420617863469407e-15,1.4351876383061137e-10,True,True
198,1,0.017216112464666367,0.001,True,True,True,0.01470316778086378,True,0.2054323065431216,5.433602349766035e-15,0.20543230654312705,True,True
198,2,0.014393672347068787,0.001,True,True,True,0.013185037108895736,True,0.13963697767909622,5.4282694081642665e-15,0.13963697767910166,True,True
198,3,0.012410100549459457,0.001,True,True,True,0.011990647234338292,True,0.06089723833989069,5.4407459202540935e-15,0.06089723833989613,True,True
198,4,0.009206466376781464,0.001,True,True,True,0.010793579282686094,True,9.734435479913373e-11,5.4534252000754214e-15,9.73498082243338e-11,True,True
198,5,0.01132834330201149,0.001,True,True,True,0.00926407374353877,True,5.002220859751105e-12,5.454840819487923e-15,5.007675700570593e-12,True,True
198,6,0.0077688321471214294,0.001,True,True,True,0.007187913096018628,True,0.20783829355502803,5.428687285994944e-15,0.20783829355503347,True,True
198,7,0.008883584290742874,0.001,True,True,True,0.00523055244067927,True,2.2822632672614418e-11,5.44214155211139e-15,2.2828074814166528e-11,True,True
198,8,0.005154497921466827,0.001,True,True,True,0.0048292047191840215,True,0.1999999898494552,5.459368942504273e-15,0.19999998984946066,True,True
198,9,0.00922950729727745,0.001,True,True,True,0.004715249260256904,True,0.020030048898547648,5.422917570763624e-15,0.02003004889855307,True,True
198,10,0.007590830326080322,0.001,True,True,True,0.0055344842501576785,True,0.05176754158024366,5.43515968231573e-15,0.05176754158024909,True,True
198,11,0.00709090381860733,0.001,True,True,True,0.006128897361401764,True,0.023363826895405282,5.426644981748056e-15,0.023363826895410708,True,True
198,12,0.006618808954954147,0.001,True,False,False,0.006824840068546667,True,,,,,
198,13,0.00687539204955101,0.001,True,True,True,0.007797180050014951,True,6.934897101018578e-12,5.4269629734180945e-15,6.940324063991996e-12,True,True
198,14,0.0073677003383636475,0.001,True,False,False,0.008939612844823808,True,,,,,
198,15,0.007371596992015839,0.001,True,True,True,0.010543825832240561,True,0.014920062891206953,5.422085266386148e-15,0.014920062891212376,True,True
198,16,0.008966661989688873,0.001,True,True,True,0.012734639608916076,True,6.799893981224159e-12,5.448718857909416e-15,6.805342700082068e-12,True,True
198,17,0.011631820350885391,0.001,True,True,True,0.015161306647886175,True,6.536993168992922e-12,5.434827856597227e-15,6.542427996849519e-12,True,True
198,18,0.01512075774371624,0.001,True,True,True,0.028509899344834277,True,0.02262021068663911,5.426049700477062e-15,0.022620210686644535,True,True
198,19,0.009957978501915932,0.001,True,True,True,0.033185573232385135,True,0.003273980060200188,5.430825011010307e-15,0.003273980060205619,True,True
198,20,0.0042768195271492004,0.001,True,True,True,0.037594169420273715,True,0.3251853868859751,1.1710482329442864e-15,0.32518538688597626,True,True
199,1,0.01596079394221306,0.001,True,True,True,0.013496367144876897,True,0.1870140487909291,2.1094583254164439e-13,0.18701404879114003,True,True
199,2,0.014501027762889862,0.001,True,True,True,0.012771648475196296,True,0.09428008553605771,2.107910675694745e-13,0.0942800855362685,True,True
199,3,0.01308753713965416,0.001,True,True,True,0.012169625624060654,True,3.233395773349912e-10,2.1118924950490908e-13,3.235507665844961e-10,True,True
199,4,0.012060381472110748,0.001,True,True,True,0.011012149911308278,True,0.09554104351205694,2.1060874831741804e-13,0.09554104351226755,True,True
199,5,0.010652255266904831,0.001,True,True,True,0.009990572010704746,True,6.12672579336504e-10,2.1096065527306235e-13,6.12883539991777e-10,True,True
199,6,0.010766036808490753,0.001,True,False,False,0.00876370174945773,True,,,,,
199,7,0.00899449735879898,0.001,True,True,True,0.007508996155637826,True,4.4916248498338973e-10,2.107578374534433e-13,4.493732428208432e-10,True,True
199,8,0.010773710906505585,0.001,True,True,True,0.006181791012694671,True,0.13402013719795036,2.1050133973164123e-13,0.13402013719816086,True,True
199,9,0.007959291338920593,0.001,True,False,False,0.004595085303130464,True,,,,,
199,10,0.010804437100887299,0.001,True,True,True,0.0033110539291305585,True,0.14797263026220264,2.1047840882123844e-13,0.1479726302624131,True,True
199,11,0.011281579732894897,0.001,True,True,True,0.0024472052390451804,True,3.37749384016206e-10,2.1071276211808166e-13,3.379600967783241e-10,True,True
199,12,0.013829752802848816,0.001,True,True,True,0.0018636214055107736,True,0.15046186201583822,2.1144733444890892e-13,0.15046186201604966,True,True
199,13,0.013639304786920547,0.001,True,True,True,0.0015188484795700674,True,8.338219004144776e-11,2.1095523309345602e-13,8.359314527454121e-11,True,True
199,14,0.0191115140914917,0.001,True,True,True,0.0019062059733050418,True,0.08697858440662998,2.1112348025463394e-13,0.0869785844068411,True,True
199,15,0.018636733293533325,0.001,True,True,True,0.0027020318625623485,True,8.827427677715605e-11,2.1102615829021429e-13,8.848530293544626e-11,True,True
199,16,0.022113077342510223,0.001,True,True,True,0.004403528518790445,True,1.1816325695690466e-10,2.1099228178075783e-13,1.183742492386854e-10,True,True
199,17,0.02603863924741745,0.001,True,True,True,0.006521336930495281,True,0.055977203807421105,2.0980922489142775e-13,0.05597720380763092,True,True
199,18,0.02738882414996624,0.001,True,True,True,0.048949064177518764,True,0.02780512387639078,2.109905913342871e-13,0.02780512387660177,True,True
199,19,0.023017460480332375,0.001,True,True,True,0.05329103910461752,True,1.0958091958451632,2.105625253190924e-13,1.0958091958453737,True,True
199,20,0.018746811896562576,0.001,True,True,True,0.05820722474712725,True,1.6548986159652372,4.5334723388532786e-14,1.6548986159652825,True,True
200,1,0.014888189733028412,0.001,True,True,True,0.011357341182751446,True,0.2036249265650074,4.6799255594493e-12,0.20362492656968734,True,True
200,2,0.013924084603786469,0.001,True,True,True,0.009271942471727801,True,0.09732449211882965,4.685891155506692e-12,0.09732449212351554,True,True
200,3,0.013221800327301025,0.001,True,True,True,0.007507742142905061,True,0.042172966747934026,4.690954118999855e-12,0.04217296675262498,True,True
200,4,0.011981353163719177,0.001,True,True,True,0.0060383152440461885,True,0.06378971148999568,4.6838259046569585e-12,0.0637897114946795,True,True
200,5,0.010994821786880493,0.001,True,True,True,0.0048352748465014805,True,0.018325490724663496,4.679047721486e-12,0.018325490729342545,True,True
200,6,0.010259639471769333,0.001,True,True,True,0.003966914169065694,True,0.1363912854589664,4.682385715316637e-12,0.1363912854636488,True,True
200,7,0.009547866880893707,0.001,True,True,True,0.003316379414092019,True,3.226658691346529e-07,4.680610745233633e-12,3.2267054974539815e-07,True,True
200,8,0.009598039090633392,0.001,True,True,True,0.003129825790304519,True,0.20000000298023224,4.702948658454024e-12,0.2000000029849352,True,True
200,9,0.009400986135005951,0.001,True,True,True,0.003433901829536845,True,0.20000000298023224,4.702948658454757e-12,0.2000000029849352,True,True
200,10,0.009270712733268738,0.001,True,True,True,0.004083722957764158,True,0.20000000298023224,4.702948658453484e-12,0.2000000029849352,True,True
200,11,0.006811849772930145,0.001,True,True,True,0.004637339738429169,True,6.56045529012772e-09,4.6807970169937365e-12,6.565136087144714e-09,True,True
200,12,0.008224114775657654,0.001,True,False,False,0.00565305240187941,True,,,,,
200,13,0.005338743329048157,0.001,True,True,True,0.007575326232592827,True,0.1231086199559428,4.6716782326767e-12,0.12310861996061448,True,True
200,14,0.006987288594245911,0.001,True,True,True,0.009725707744915102,True,1.4824848904027021e-08,4.682916072108035e-12,1.482953182009913e-08,True,True
200,15,0.005456309765577316,0.001,True,True,True,0.012723907959007352,True,0.032981658042743334,4.666918281841824e-12,0.03298165804741025,True,True
200,16,0.004211105406284332,0.001,True,True,True,0.01585317722279722,True,0.051567502192114034,4.682848694008203e-12,0.051567502196796886,True,True
200,17,0.0032281018793582916,0.001,True,True,True,0.019676281078327307,True,2.5059442521069286e-08,4.686800366158724e-12,2.5064129321435444e-08,True,True
200,18,0.005857849959284067,0.001,True,True,True,0.023735517103883108,True,0.7500284312041003,4.681705443534138e-12,0.750028431208782,True,True
200,19,0.007589332293719053,0.001,True,True,True,0.03209837018432893,True,0.2666446382108907,4.899479879537709e-12,0.26664463821579015,True,True
200,20,0.002515623811632395,0.001,True,True,True,0.03371837197747807,True,0.17932146874522825,7.819741858961491e-13,0.17932146874601024,True,True
201,1,0.012684233486652374,0.001,True,True,True,0.00997747520651715,True,0.20000000298023224,1.4856647226368777e-15,0.20000000298023374,True,True
201,2,0.010958679020404816,0.001,True,True,True,0.008114845230820178,True,0.19882810185836064,1.4728379359088499e-15,0.1988281018583621,True,True
201,3,0.008141424506902695,0.001,True,True,True,0.006465719168017969,True,5.8129501212533796e-11,1.4696432027945683e-15,5.813097085573659e-11,True,True
201,4,0.009236343204975128,0.001,True,True,True,0.004897870639586355,True,0.13195086146424018,1.473431759536547e-15,0.13195086146424165,True,True
201,5,0.0069445595145225525,0.001,True,True,True,0.003919428914658685,True,3.5935698861067067e-12,1.4753299945902872e-15,3.595045216101297e-12,True,True
201,6,0.009769614785909653,0.001,True,True,True,0.0033174394955746145,True,0.1931756762968284,1.4778842360411294e-15,0.19317567629682988,True,True
201,7,0.009044993668794632,0.001,True,True,True,0.0030473236022872108,True,3.232969447708456e-12,1.47382367070882e-15,3.2344432713791647e-12,True,True
201,8,0.010515473783016205,0.001,True,True,True,0.0028035732168176786,True,1.49000811688893e-10,1.472967462530424e-15,1.4900228465635554e-10,True,True
201,9,0.010990593582391739,0.001,True,True,True,0.0025765549427774204,True,6.750155989720952e-13,1.476254099633905e-15,6.764918530717291e-13,True,True
201,10,0.012516185641288757,0.001,True,True,True,0.0025245041746988495,True,0.013238078603251324,1.4783324167125619e-15,0.013238078603252802,True,True
201,11,0.009303316473960876,0.001,True,True,True,0.003497223493055701,True,0.03124040600884115,1.4726687658777061e-15,0.03124040600884262,True,True
201,12,0.015177488327026367,0.001,True,False,False,0.005220510503301412,True,,,,,
201,13,0.015331108123064041,0.001,True,True,True,0.007210295278466283,True,0.15810129876227857,1.4756723310060676e-15,0.15810129876228005,True,True
201,14,0.019526541233062744,0.001,True,True,True,0.009843616664307664,True,0.07799173209271437,1.474800346138672e-15,0.07799173209271584,True,True
201,15,0.02214030921459198,0.001,True,True,True,0.020364422074288457,True,0.03468873447613596,1.4788644422381117e-15,0.03468873447613744,True,True
201,16,0.024934716522693634,0.001,True,True,True,0.016768592685636685,True,1.1191048088221578e-12,1.4776194376126133e-15,1.1205824282597704e-12,True,True
201,17,0.027249537408351898,0.001,True,True,True,0.018853828657250826,True,2.8421709430404007e-12,1.4734353044255245e-15,2.8436443783448263e-12,True,True
201,18,0.02595246396958828,0.001,True,True,True,0.04087067558879709,True,0.5592210130600108,1.472971068884414e-15,0.5592210130600123,True,True
201,19,0.023865891620516777,0.001,True,True,True,0.042707549887253116,True,0.24856174282371057,1.4764301953421639e-15,0.24856174282371205,True,True
201,20,0.02227143757045269,0.001,True,True,True,0.04480873287524556,True,0.18477829606437268,2.446484711657203e-16,0.18477829606437293,True,True
202,1,0.011258639395236969,0.001,True,True,True,0.00817977630074207,True,0.001017300199126936,2.054238349302846e-16,0.0010173001991271413,True,True
202,2,0.008993498980998993,0.001,True,True,True,0.007366768073905128,True,0.20000000298023224,2.0665305539752018e-16,0.20000000298023243,True,True
202,3,0.007893141359090805,0.001,True,True,True,0.0070583373656458726,True,1.7124079931818414e-12,2.0598241992071692e-16,1.7126139756017622e-12,True,True
202,4,0.0057912468910217285,0.001,True,True,True,0.007296257707159359,True,0.19886394749150396,2.0684406176636378e-16,0.19886394749150416,True,True
202,5,0.005653001368045807,0.001,True,True,True,0.007601699557753694,True,0.1757739263016731,2.0594386008503412e-16,0.1757739263016733,True,True
202,6,0.00439346581697464,0.001,True,True,True,0.0077788757516703555,True,0.20001932003713102,2.0688738813116975e-16,0.20001932003713122,True,True
202,7,0.00433635339140892,0.001,True,True,True,0.007828842539239655,True,0.25541815951459057,2.0585449444454328e-16,0.2554181595145908,True,True
202,8,0.0035373643040657043,0.001,True,False,False,0.008274213825990584,True,,,,,
202,9,0.00318048894405365,0.001,True,True,True,0.009402441219671376,True,1.1937117960769683e-12,2.060146989544196e-16,1.1939178107759227e-12,True,True
202,10,0.0032576024532318115,0.001,True,True,True,0.0108506888764901,True,0.11906010795215138,2.056562874246446e-16,0.11906010795215159,True,True
202,11,0.005786653608083725,0.001,True,True,True,0.012633483339540508,True,0.24368817517519403,2.0599141733327046e-16,0.24368817517519423,True,True
202,12,0.006568212062120438,0.001,True,False,False,0.014903451472364715,True,,,,,
202,13,0.00816914439201355,0.001,True,True,True,0.017980879006280315,True,1.1510792319313623e-12,2.0590007858610847e-16,1.1512851320099484e-12,True,True
202,14,0.010244511067867279,0.001,True,True,True,0.02172664190836393,True,0.04340401715209197,2.0556530672471102e-16,0.043404017152092175,True,True
202,15,0.01303589716553688,0.001,True,True,True,0.026589425961540236,True,0.0356690502564625,2.0671713581335825e-16,0.035669050256462706,True,True
202,16,0.01665528118610382,0.001,True,True,True,0.03283181937121382,True,4.121147867408581e-13,2.060426801054857e-16,4.123208294209636e-13,True,True
202,17,0.019921552389860153,0.001,True,True,True,0.03636775234594025,True,0.03573658850038797,2.0550797444285755e-16,0.035736588500388175,True,True
202,18,0.018437696620821953,0.001,True,True,True,0.032525501874179685,True,0.002181347537585865,2.0617193769767277e-16,0.002181347537586071,True,True
202,19,0.01648741215467453,0.001,True,True,True,0.03698346349312853,True,0.003429943401706659,2.065820616882443e-16,0.0034299434017068652,True,True
202,20,0.014349821954965591,0.001,True,True,True,0.04187477715158594,True,2.540190280342358e-13,3.718307115838523e-17,2.540562111053942e-13,True,True
203,1,0.009891960769891739,0.001,True,True,True,0.007825879421470061,True,1.6750273189813925e-05,5.447314442991921e-13,1.675027373454537e-05,True,True
203,2,0.01025024801492691,0.001,True,True,True,0.006940582070425583,True,0.050034764233906515,5.46709727411611e-13,0.05003476423445322,True,True
203,3,0.009201455861330032,0.001,True,True,True,0.006410422386474268,True,3.1269159705971106e-08,5.426082479530748e-13,3.126970231421906e-08,True,True
203,4,0.009592562913894653,0.001,True,True,True,0.006172396903737054,True,6.553335651915404e-11,5.455982122456951e-13,6.607895473139974e-11,True,True
203,5,0.009064622223377228,0.001,True,False,False,0.006275449228478891,True,,,,,
203,6,0.008976653218269348,0.001,True,False,False,0.0067827757544742795,True,,,,,
203,7,0.008905448019504547,0.001,True,False,False,0.007774898244256034,True,,,,,
203,8,0.009604424238204956,0.001,True,True,True,0.008957878041758072,True,0.21506324095180673,5.460382765137752e-13,0.21506324095235277,True,True
203,9,0.010793596506118774,0.001,True,True,True,0.009918927314847448,True,0.234519934036733,5.44635852587856e-13,0.23451993403727764,True,True
203,10,0.01254141703248024,0.001,True,True,True,0.010844679199195184,True,0.20109395998025548,5.431992680189152e-13,0.20109395998079868,True,True
203,11,0.01377900317311287,0.001,True,True,True,0.01236081366223507,True,0.13738698452174702,5.467585203199134e-13,0.13738698452229378,True,True
203,12,0.01566648855805397,0.001,True,True,True,0.02012189183942259,True,0.14774822681616717,5.441709971392896e-13,0.14774822681671135,True,True
203,13,0.016784297302365303,0.001,True,True,True,0.019957758126364356,True,0.09691055683388505,5.450969393335713e-13,0.09691055683443014,True,True
203,14,0.018174434080719948,0.001,True,True,True,0.019874362206180107,True,0.03467940445183082,5.454686490064165e-13,0.034679404452376286,True,True
203,15,0.021228494122624397,0.001,True,True,True,0.020499091668118696,True,5.638209898961577e-10,5.464096414233769e-13,5.643673995375811e-10,True,True
203,16,0.0231051966547966,0.001,True,True,True,0.03178992964103511,True,0.2103845037392027,5.490213858245653e-13,0.21038450373975173,True,True
203,17,0.0218158271163702,0.001,True,True,True,0.029582080076174133,True,0.23160810383256525,5.500783992715739e-13,0.23160810383311534,True,True
203,18,0.021411936730146408,0.001,True,True,True,0.027662882002225997,True,0.14863983238398149,5.469697947387697e-13,0.14863983238452846,True,True
203,19,0.021286357194185257,0.001,True,True,True,0.04172357094853707,True,0.14880945040743399,5.527050065129228e-13,0.14880945040798668,True,True
203,20,0.01644057221710682,0.001,True,True,True,0.04276008504241724,True,0.13919895991976006,8.166320669681603e-14,0.1391989599198417,True,True
204,1,0.009312581270933151,0.001,True,True,True,0.0068975667921482575,True,0.10614068283098277,1.5303775361124096e-12,0.10614068283251314,True,True
204,2,0.007674291729927063,0.001,True,True,True,0.005770116255265689,True,0.20000000298023224,1.5392772080919033e-12,0.2000000029817715,True,True
204,3,0.007912449538707733,0.001,True,True,True,0.004854712900769442,True,0.059959886236157445,1.5323126871523742e-12,0.05995988623768976,True,True
204,4,0.006713997572660446,0.001,True,True,True,0.004292945641398038,True,0.20000000298023224,1.5392772080921358e-12,0.2000000029817715,True,True
204,5,0.008442960679531097,0.001,True,True,True,0.004028180828823835,True,0.15880406821932525,1.531834133724741e-12,0.15880406822085708,True,True
204,6,0.010140646249055862,0.001,True,True,True,0.003654826346611184,True,0.051815976870472014,1.5312524422570563e-12,0.05181597687200327,True,True
204,7,0.013039957731962204,0.001,True,True,True,0.0034217408744021682,True,0.24302429756612653,1.5330725165314272e-12,0.24302429756765961,True,True
204,8,0.011560596525669098,0.001,True,False,False,0.004071049063812726,True,,,,,
204,9,0.011593841016292572,0.001,True,False,False,0.005670653995189401,True,,,,,
204,10,0.012047570198774338,0.001,True,True,True,0.007853527930786086,True,0.07888254686109875,1.5312435226926747e-12,0.07888254686262999,True,True
204,11,0.015258356928825378,0.001,True,True,True,0.01062937904191763,True,0.0415408925264007,1.5311666947049325e-12,0.04154089252793186,True,True
204,12,0.01638486236333847,0.001,True,True,True,0.01420527426205398,True,0.030773710960532163,1.5336183757690257e-12,0.03077371096206578,True,True
204,13,0.01838289201259613,0.001,True,True,True,0.018838179063020988,True,0.06328497903396024,1.5324244808515754e-12,0.06328497903549267,True,True
204,14,0.020817846059799194,0.001,True,True,True,0.02495577388855086,True,2.1111006276441913e-09,1.5306563535561155e-12,2.1126312839977472e-09,True,True
204,15,0.021531248465180397,0.001,True,True,True,0.031218285196753737,True,0.03476461980327539,1.5368390529229035e-12,0.03476461980481223,True,True
204,16,0.02059692144393921,0.001,True,True,True,0.0333317685763439,True,0.04195774947325326,1.5349732756385797e-12,0.04195774947478823,True,True
204,17,0.019397472962737083,0.001,True,True,True,0.036090594831363676,True,0.04399961768305083,1.5356797044253276e-12,0.04399961768458651,True,True
204,18,0.018035229295492172,0.001,True,True,True,0.03958834029413061,True,0.03970563875207844,1.5423717792578438e-12,0.03970563875362081,True,True
204,19,0.016628574579954147,0.001,True,True,True,0.04389011243535634,True,0.02756615694946518,1.5449981787698863e-12,0.027566156951010178,True,True
204,20,0.015288383699953556,0.001,True,True,True,0.049045134451939365,True,1.7344294889198864e-09,2.2767795841646234e-13,1.7346571668783028e-09,True,True
205,1,0.008090049028396606,0.001,True,True,True,0.006266590463879895,True,0.18070444463526625,3.764290453548773e-15,0.18070444463527002,True,True
205,2,0.007175922393798828,0.001,True,True,True,0.006011396436776062,True,2.092122031172039e-10,3.764753903964216e-15,2.0921596787110787e-10,True,True
205,3,0.005161836743354797,0.001,True,True,True,0.006048451213061412,True,0.1999622810516027,3.757868060942755e-15,0.19996228105160646,True,True
205,4,0.0056565552949905396,0.001,True,True,True,0.006299035055484792,True,0.04071378001623316,3.743114612898298e-15,0.0407137800162369,True,True
205,5,0.004648629575967789,0.001,True,False,False,0.0067365372220029585,True,,,,,
205,6,0.004398845136165619,0.001,True,True,True,0.007411281144423132,True,1.6399326341343112e-11,3.743367765619597e-15,1.6403069709108733e-11,True,True
205,7,0.004370056092739105,0.001,True,False,False,0.008501193960918974,True,,,,,
205,8,0.00500527024269104,0.001,True,True,True,0.010074181539682314,True,2.842170943040401e-14,3.7406701532082335e-15,3.216237958361224e-14,True,True
205,9,0.00643940269947052,0.001,True,True,True,0.011934037678684284,True,0.16197543759116684,3.741833758441958e-15,0.16197543759117058,True,True
205,10,0.008750766515731812,0.001,True,True,True,0.014371698030507307,True,0.08341177495992014,3.737626316522351e-15,0.08341177495992387,True,True
205,11,0.011824153363704681,0.001,True,True,True,0.01757824313452483,True,0.0580034281610331,3.7384032692645895e-15,0.05800342816103684,True,True
205,12,0.015979226678609848,0.001,True,True,True,0.02176638275634657,True,2.638955720613012e-10,3.764657867134703e-15,2.6389933671916837e-10,True,True
205,13,0.021427154541015625,0.001,True,True,True,0.026264621772050134,True,8.540723683836404e-12,3.7427540326043545e-15,8.544466437869009e-12,True,True
205,14,0.02817615307867527,0.001,True,True,True,0.029944147776364893,True,0.2491371056635927,3.7558222888844315e-15,0.24913710566359645,True,True
205,15,0.02750277705490589,0.001,True,True,True,0.037665289436792815,True,0.1377562075016563,3.746237380106782e-15,0.13775620750166004,True,True
205,16,0.025387732312083244,0.001,True,True,True,0.03762530947157483,True,0.10417910353918103,3.742393028239589e-15,0.10417910353918478,True,True
205,17,0.02262626402080059,0.001,True,True,True,0.03772214751383429,True,0.10243859630804764,3.753810812612376e-15,0.10243859630805138,True,True
205,18,0.01913883164525032,0.001,True,True,True,0.03788324008388266,True,0.0944771179081414,3.722377232461989e-15,0.09447711790814511,True,True
205,19,0.014877271838486195,0.001,True,True,True,0.038008517934368324,True,0.074953197615514,3.807092395895542e-15,0.0749531976155178,True,True
205,20,0.009814339689910412,0.001,True,True,True,0.03795449858673372,True,0.02560104253095119,8.407834796937362e-16,0.02560104253095203,True,True
206,1,0.0077379122376441956,0.001,True,True,True,0.006134000173148024,True,0.07207596894134127,1.9970581299133662e-15,0.07207596894134327,True,True
206,2,0.0070725902915000916,0.001,True,True,True,0.005681599456876851,True,3.424815986363683e-12,1.997367693100845e-15,3.4268133540567837e-12,True,True
206,3,0.007168926298618317,0.001,True,True,True,0.0057106004934392995,True,0.005625172463261663,2.0103220017302823e-15,0.005625172463263673,True,True
206,4,0.007339559495449066,0.001,True,False,False,0.0063511185422990835,True,,,,,
206,5,0.008011311292648315,0.001,True,True,True,0.007477781232552161,True,0.20692920094502654,1.9919143972337445e-15,0.20692920094502854,True,True
206,6,0.00886102020740509,0.001,True,True,True,0.008950513992051157,True,0.0913824524384097,1.9953181642638514e-15,0.0913824524384117,True,True
206,7,0.010606564581394196,0.001,True,True,True,0.01074750597935159,True,0.17362788146446206,1.9940474579490246e-15,0.17362788146446406,True,True
206,8,0.01141117513179779,0.001,True,True,True,0.012622650493627319,True,0.1843336272582654,1.9911951011066667e-15,0.1843336272582674,True,True
206,9,0.01316118985414505,0.001,True,True,True,0.015015548385136412,True,0.15425665005126987,1.9919816454467652e-15,0.15425665005127187,True,True
206,10,0.01566118746995926,0.001,True,True,True,0.017645538434770902,True,0.08632946621555426,1.9893072430504096e-15,0.08632946621555625,True,True
206,11,0.017919296398758888,0.001,True,True,True,0.007932772860928416,True,0.0003304460375002094,1.9918976385976628e-15,0.0003304460375022013,True,True
206,12,0.019108682870864868,0.001,True,True,True,0.006933740047198711,True,0.035270331503276964,1.9978142906793087e-15,0.03527033150327896,True,True
206,13,0.020927932113409042,0.001,True,True,True,0.007476417717011463,True,0.1335764941774551,2.0127196883489742e-15,0.13357649417745712,True,True
206,14,0.021206755191087723,0.001,True,True,True,0.010423671096916554,True,0.04823113945914059,1.992026080300765e-15,0.048231139459142584,True,True
206,15,0.021338334307074547,0.001,True,True,True,0.015056454497761163,True,0.01927596763555428,1.9904442752383236e-15,0.019275967635556272,True,True
206,16,0.021318990737199783,0.001,True,True,True,0.021378846563447462,True,9.084288876692881e-12,1.990165054232043e-15,9.086279041747113e-12,True,True
206,17,0.02114470675587654,0.001,True,True,True,0.02922615845085552,True,5.115907697472721e-13,2.0035570893617605e-15,5.135943268366339e-13,True,True
206,18,0.020863953977823257,0.001,True,True,True,0.03745076685404092,True,1.5631940186722204e-12,2.027524538912785e-15,1.5652215432111332e-12,True,True
206,19,0.020554624497890472,0.001,True,True,True,0.04755265041552481,True,0.005359296570991212,2.0181623443331814e-15,0.0053592965709932305,True,True
206,20,0.020341947674751282,0.001,True,True,True,0.06096460516325819,True,1.2292389328649733e-12,4.665883038158234e-16,1.229705521168789e-12,True,True
207,1,0.007362931966781616,0.001,True,True,True,0.005373726384319433,True,0.20000000298023224,1.1235449598657693e-13,0.2000000029803446,True,True
207,2,0.008134819567203522,0.001,True,True,True,0.004779374973199024,True,0.03915912548144718,1.1080799492943631e-13,0.039159125481557984,True,True
207,3,0.006816685199737549,0.001,True,False,False,0.004467586106315702,True,,,,,
207,4,0.010055597871541977,0.001,True,True,True,0.0045502567248472126,True,0.15214984697149703,1.1096879167357445e-13,0.152149846971608,True,True
207,5,0.009756747633218765,0.001,True,False,False,0.005103765430911622,True,,,,,
207,6,0.012013230472803116,0.001,True,True,True,0.0058669556042407756,True,0.2439339103411804,1.1069321825948144e-13,0.24393391034129108,True,True
207,7,0.012377530336380005,0.001,True,False,False,0.006862321795145121,True,,,,,
207,8,0.011659764684736729,0.001,True,True,True,0.036496900384170416,True,0.2907321624818131,1.1031298125337369e-13,0.2907321624819234,True,True
207,9,0.011593172326683998,0.001,True,True,True,0.03555564457216187,True,0.31777447288405725,1.1014444315368579e-13,0.3177744728841674,True,True
207,10,0.010680384933948517,0.001,True,True,True,0.03536300456768915,True,0.430509762812612,1.0999985773388232e-13,0.430509762812722,True,True
207,11,0.008960188366472721,0.001,True,True,True,0.03557648728753526,True,0.42632774415289276,1.1003319854316203e-13,0.4263277441530028,True,True
207,12,0.008000947535037994,0.001,True,True,True,0.034502551750139165,True,0.5722455407709219,1.0993320905367345e-13,0.5722455407710318,True,True
207,13,0.008541884832084179,0.001,True,True,True,0.03243073429728294,True,0.47672912554556035,1.0999479506693849e-13,0.4767291255456703,True,True
207,14,0.011423935182392597,0.001,True,True,True,0.029878847268272724,True,0.4127586828196925,1.1006365737647091e-13,0.4127586828198026,True,True
207,15,0.014025137759745121,0.001,True,True,True,0.04408462682776171,True,0.47039102685604206,1.1023167316877934e-13,0.4703910268561523,True,True
207,16,0.009856310673058033,0.001,True,True,True,0.04278895072106326,True,0.5226073726144733,1.1073521110511457e-13,0.522607372614584,True,True
207,17,0.007422825787216425,0.001,True,True,True,0.041278541596448726,True,0.5417297898896223,1.1193256585149651e-13,0.5417297898897342,True,True
207,18,0.0072667296044528484,0.001,True,True,True,0.03892384319843245,True,0.5619410670603315,1.1250223479815556e-13,0.561941067060444,True,True
207,19,0.008048025891184807,0.001,True,True,True,0.03402859974776029,True,0.6841305833642508,1.0996265741739929e-13,0.6841305833643607,True,True
207,20,0.0015087235951796174,0.001,True,True,True,0.05302905892343479,True,7.536371526839503e-11,1.2236877543316697e-14,7.537595214593834e-11,True,True
208,1,0.0070906877517700195,0.001,True,True,True,0.006284353892860972,True,0.08532234735858424,1.1883088365850913e-17,0.08532234735858425,True,True
208,2,0.005470547825098038,0.001,True,True,True,0.00671536325801414,True,0.0,1.1877347658966311e-17,1.1877347658966311e-17,True,True
208,3,0.005598120391368866,0.001,True,True,True,0.0071836835785752395,True,0.057748253973258556,1.1882475386179811e-17,0.05774825397325857,True,True
208,4,0.0029902085661888123,0.001,True,True,True,0.007339938030777038,True,2.842170943040401e-14,1.1888108081143798e-17,2.843359753848515e-14,True,True
208,5,0.0052117109298706055,0.001,True,True,True,0.007619592153453869,True,0.006964053504304957,1.1878465298202032e-17,0.006964053504304969,True,True
208,6,0.004847768694162369,0.001,True,True,True,0.008213869657829553,True,0.06380979140486431,1.1878034267052044e-17,0.06380979140486433,True,True
208,7,0.008848581463098526,0.001,True,True,True,0.009590186814963708,True,2.842170943040401e-14,1.1877707991417476e-17,2.8433587138395425e-14,True,True
208,8,0.009512312710285187,0.001,True,True,True,0.011328509553815591,True,0.083239833639567,1.187718369998269e-17,0.08323983363956701,True,True
208,9,0.012354742735624313,0.001,True,True,True,0.013938898267249478,True,0.08570050061261725,1.1887602278879448e-17,0.08570050061261726,True,True
208,10,0.01402616873383522,0.001,True,True,True,0.017561301008004016,True,5.684341886080802e-14,1.1887405321604348e-17,5.685530626612962e-14,True,True
208,11,0.014281992800533772,0.001,True,True,True,0.022917509257682767,True,0.6572022834452298,1.1882019047021454e-17,0.6572022834452298,True,True
208,12,0.014004085212945938,0.001,True,True,True,0.027662750447388085,True,0.3479437587180172,1.1883594602847042e-17,0.3479437587180172,True,True
208,13,0.013787293806672096,0.001,True,True,True,0.03143630366393846,True,0.2889216736605249,1.187262022267202e-17,0.2889216736605249,True,True
208,14,0.01443265751004219,0.001,True,True,True,0.03425944982811191,True,0.2504095091850047,1.1878613674380741e-17,0.2504095091850047,True,True
208,15,0.015193934552371502,0.001,True,True,True,0.03612537745137434,True,0.21204139253583065,1.1895190839435699e-17,0.21204139253583065,True,True
208,16,0.015962664037942886,0.001,True,True,True,0.03704502622760497,True,0.20541039688565377,1.1897081496902014e-17,0.20541039688565377,True,True
208,17,0.016440099105238914,0.001,True,True,True,0.03704650039324697,True,0.23963683604363695,1.189450341381239e-17,0.23963683604363695,True,True
208,18,0.01060483232140541,0.001,True,True,True,0.03359873362196297,True,0.40422000531306423,1.1879259277577594e-17,0.40422000531306423,True,True
208,19,0.0028641142416745424,0.001,True,True,True,0.03445361703240879,True,0.2865886910087738,1.187773562175662e-17,0.2865886910087738,True,True
208,20,-0.00264846533536911,0.001,False,True,False,0.035196399089178376,True,,,,,
209,1,0.007533110678195953,0.001,True,True,True,0.006343964712659966,True,0.1222091457096468,1.0432816459218776e-14,0.12220914570965724,True,True
209,2,0.007682353258132935,0.001,True,True,True,0.006379107465980249,True,0.1370279124192848,1.046266744461418e-14,0.13702791241929527,True,True
209,3,0.00805385410785675,0.001,True,True,True,0.00666162107038204,True,0.06464789946640792,1.0449086825217721e-14,0.06464789946641837,True,True
209,4,0.00831209123134613,0.001,True,True,True,0.007758450941901085,True,1.7486456727056066e-11,1.0444709162735374e-14,1.74969014362188e-11,True,True
209,5,0.008374512195587158,0.001,True,True,True,0.008503431224138325,True,8.468354735668981e-05,1.0407028209082706e-14,8.468354736709684e-05,True,True
209,6,0.008166264742612839,0.001,True,True,True,0.010176077637774394,True,0.016485541460831143,1.0417095805104946e-14,0.016485541460841562,True,True
209,7,0.009565215557813644,0.001,True,True,True,0.012330682130861526,True,0.053576620117475215,1.0401091734301074e-14,0.05357662011748562,True,True
209,8,0.010934609919786453,0.001,True,True,True,0.014831062369862202,True,0.10902316486129848,1.1141984200523507e-14,0.10902316486130963,True,True
209,9,0.013613764196634293,0.001,True,True,True,0.017597640129742853,True,2.9260149858600926e-11,1.0448666739953696e-14,2.927059852534088e-11,True,True
209,10,0.018516529351472855,0.001,True,True,True,0.019573292279684518,True,9.734435479913373e-12,1.046350411394986e-14,9.744898984027323e-12,True,True
209,11,0.020072463899850845,0.001,True,True,True,0.02972599733277903,True,0.08827931431337621,1.0794232652171612e-14,0.08827931431338701,True,True
209,12,0.021645475178956985,0.001,True,True,True,0.028164181769448682,True,0.037617681702616146,1.0398898927386466e-14,0.03761768170262655,True,True
209,13,0.023740161210298538,0.001,True,True,True,0.026023384195222654,True,0.026834662077691362,1.0409099616800845e-14,0.02683466207770177,True,True
209,14,0.024429967626929283,0.001,True,True,True,0.036437513646252695,True,0.02241023467043224,1.0417979701304122e-14,0.022410234670442657,True,True
209,15,0.02226225472986698,0.001,True,True,True,0.03569537496051911,True,0.02001132836637609,1.0443671274415142e-14,0.020011328366386534,True,True
209,16,0.020925935357809067,0.001,True,True,True,0.03456863708963853,True,0.016740260165194698,1.0471036506235363e-14,0.01674026016520517,True,True
209,17,0.02034987509250641,0.001,True,True,True,0.032999332795601966,True,0.0029536513234220685,1.0560191028286714e-14,0.0029536513234326286,True,True
209,18,0.02029741182923317,0.001,True,True,True,0.030966543785071465,True,6.743050562363351e-12,1.0457461414181961e-14,6.753508023777533e-12,True,True
209,19,0.020625287666916847,0.001,True,True,True,0.027740435395775975,True,0.17144565288728586,1.0802739006925626e-14,0.17144565288729666,True,True
209,20,0.021338406950235367,0.001,True,True,True,0.025689432450403782,True,0.2319931766535035,4.392726443544487e-15,0.23199317665350788,True,True
210,1,0.007598221302032471,0.001,True,True,True,0.006580258885272361,True,1.4607425768531357e-05,1.061516854325104e-17,1.4607425768541972e-05,True,True
210,2,0.007266469299793243,0.001,True,True,True,0.007508778758489543,True,0.1999792118920807,1.0619252124211809e-17,0.1999792118920807,True,True
210,3,0.007882177829742432,0.001,True,True,True,0.00870658841083305,True,1.4210854715202004e-14,1.0623388627824915e-17,1.422147810382983e-14,True,True
210,4,0.00885661318898201,0.001,True,True,True,0.010307498510087942,True,7.105427357601002e-14,1.0620590260142715e-17,7.106489416627016e-14,True,True
210,5,0.01068563386797905,0.001,True,True,True,0.012879170482758884,True,9.237055564881302e-14,1.0619808467304987e-17,9.238117545728033e-14,True,True
210,6,0.012395337224006653,0.001,True,True,True,0.01574174857015409,True,0.013456728928709083,1.061902430715248e-17,0.013456728928709093,True,True
210,7,0.014599226415157318,0.001,True,True,True,0.018949430919922072,True,0.040395287747173825,1.0619195170480247e-17,0.04039528774717384,True,True
210,8,0.01686273142695427,0.001,True,True,True,0.022706825981768652,True,0.00900335345313863,1.0619533167294135e-17,0.00900335345313864,True,True
210,9,0.019652798771858215,0.001,True,True,True,0.027217403149717878,True,4.263256414560601e-14,1.0621312740554774e-17,4.2643185458346566e-14,True,True
210,10,0.020890312269330025,0.001,True,True,True,0.0325362148267454,True,0.4295199324068193,1.0618917687375725e-17,0.4295199324068193,True,True
210,11,0.021524330601096153,0.001,True,True,True,0.03604111471403537,True,0.15455134689204186,1.0618949731101333e-17,0.15455134689204186,True,True
210,12,0.021963847801089287,0.001,True,True,True,0.038568216863188454,True,0.11940641193137225,1.0619000840427506e-17,0.11940641193137226,True,True
210,13,0.022296827286481857,0.001,True,True,True,0.04018511613326203,True,0.09503707780489279,1.0619035394523084e-17,0.0950370778048928,True,True
210,14,0.022690124809741974,0.001,True,True,True,0.040974540692646944,True,0.0838279801087296,1.0619147774732563e-17,0.08382798010872962,True,True
210,15,0.02163749933242798,0.001,True,True,True,0.03210042089697929,True,0.08948740291873847,1.0619259744885833e-17,0.08948740291873848,True,True
210,16,0.018320424482226372,0.001,True,True,True,0.03541486494782253,True,0.09358384502375472,1.0619382733475884e-17,0.09358384502375473,True,True
210,17,0.014637517742812634,0.001,True,True,True,0.03848869197471272,True,0.052852328613411714,1.0619011399406453e-17,0.05285232861341173,True,True
210,18,0.010613283142447472,0.001,True,True,True,0.041114249015027804,True,0.12056568404108248,1.061923191895336e-17,0.12056568404108249,True,True
210,19,0.009888377971947193,0.001,True,True,True,0.04669925468295966,True,0.1638960002282488,1.0621305496804802e-17,0.1638960002282488,True,True
210,20,0.008658898063004017,0.001,True,True,True,0.05162354912010603,True,0.03929310533229824,1.0687023614331036e-18,0.03929310533229824,True,True
211,1,0.007980003952980042,0.001,True,True,True,0.007660921113846975,True,0.10885440260575763,1.4485463008165606e-14,0.10885440260577212,True,True
211,2,0.009232137352228165,0.001,True,True,True,0.008881981661591265,True,0.2148737810222201,1.451817670561072e-14,0.21487378102223462,True,True
211,3,0.010278813540935516,0.001,True,True,True,0.010275499084800632,True,0.1745288013431434,1.4488973140877954e-14,0.1745288013431579,True,True
211,4,0.011748604476451874,0.001,True,True,True,0.012000081967800114,True,0.20819478877655584,1.4445577638250532e-14,0.20819478877657027,True,True
211,5,0.01366305723786354,0.001,True,True,True,0.013984093243496698,True,0.27457024286688103,1.4408721250072803e-14,0.27457024286689546,True,True
211,6,0.015058132819831371,0.001,True,True,True,0.03316100667593558,True,0.3464355981942706,1.4429448908778762e-14,0.34643559819428504,True,True
211,7,0.01453428715467453,0.001,True,True,True,0.0342062548104638,True,0.22471590922516782,1.4443735629580494e-14,0.22471590922518225,True,True
211,8,0.014938093721866608,0.001,True,True,True,0.03516288836672121,True,0.28788415019279867,1.4576125170271332e-14,0.28788415019281327,True,True
211,9,0.016575884073972702,0.001,True,True,True,0.03528199891673456,True,0.3142798883895246,1.4440840351607832e-14,0.314279888389539,True,True
211,10,0.01831994205713272,0.001,True,True,True,0.03501488654324203,True,0.2782338180298467,1.4411778445345398e-14,0.27823381802986114,True,True
211,11,0.020637575536966324,0.001,True,True,True,0.03404250042213852,True,0.2595209090330144,1.442635254982838e-14,0.2595209090330288,True,True
211,12,0.02029428631067276,0.001,True,True,True,0.0376265743670916,True,0.23298081164205087,1.4438805910266725e-14,0.2329808116420653,True,True
211,13,0.01856749691069126,0.001,True,True,True,0.038368057004625866,True,0.19867838633122048,1.445621586449063e-14,0.19867838633123494,True,True
211,14,0.017649341374635696,0.001,True,True,True,0.03890417865496021,True,0.16346993966986645,1.449331348429011e-14,0.16346993966988094,True,True
211,15,0.01742623560130596,0.001,True,True,True,0.03904277144512003,True,0.13523439041934004,1.4539941317894762e-14,0.1352343904193546,True,True
211,16,0.017765428870916367,0.001,True,True,True,0.03861381506315742,True,1.9333334932980506e-10,1.4664926875280738e-14,1.9334801425668034e-10,True,True
211,17,0.018501020967960358,0.001,True,True,True,0.03635938226413904,True,0.07207371613274205,1.4509367857058435e-14,0.07207371613275657,True,True
211,18,0.018972888588905334,0.001,True,True,True,0.05196649202406167,True,0.8726254587744755,1.4459662930434086e-14,0.8726254587744899,True,True
211,19,0.01703808084130287,0.001,True,True,True,0.05300580166119295,True,0.28445094661833537,1.460644181805609e-14,0.28445094661834996,True,True
211,20,0.01558515802025795,0.001,True,True,True,0.05350402571438195,True,1.566924368034961e-11,9.572489984128785e-15,1.567881617033374e-11,True,True
212,1,0.009324397891759872,0.001,True,True,True,0.009022894416015337,True,0.06329675254156086,4.990645463641324e-14,0.06329675254161077,True,True
212,2,0.009156845510005951,0.001,True,True,True,0.011040972391384685,True,0.17349510212850072,5.0051656389477255e-14,0.17349510212855077,True,True
212,3,0.011483479291200638,0.001,True,True,True,0.013433785799457976,True,1.340750898037868e-05,4.976613045171649e-14,1.340750903014481e-05,True,True
212,4,0.013426430523395538,0.001,True,True,True,0.01607469346455881,True,0.04533968739433192,4.9844453196844416e-14,0.04533968739438176,True,True
212,5,0.015362843871116638,0.001,True,True,True,0.01893287256713183,True,0.08516198015688659,4.988832093390436e-14,0.08516198015693648,True,True
212,6,0.017665527760982513,0.001,True,True,True,0.02192733248604628,True,0.09673937202988725,5.010916059879036e-14,0.09673937202993736,True,True
212,7,0.02008599042892456,0.001,True,True,True,0.024984058451886337,True,1.7112853356593405e-09,4.981434330397847e-14,1.7113351500026444e-09,True,True
212,8,0.02171633392572403,0.001,True,True,True,0.028992079315708796,True,0.34671106853380707,4.9930480643133264e-14,0.34671106853385697,True,True
212,9,0.02241441234946251,0.001,True,True,True,0.031956575769793716,True,0.1736126847196573,4.995242748876294e-14,0.17361268471970726,True,True
212,10,0.022547364234924316,0.001,True,True,True,0.03425016837213768,True,0.13731332639092386,4.994735524274378e-14,0.13731332639097382,True,True
212,11,0.022120876237750053,0.001,True,True,True,0.03583882887453704,True,0.10315702667063675,4.9941577789218713e-14,0.1031570266706867,True,True
212,12,0.02135731652379036,0.001,True,True,True,0.03669803889764145,True,0.08378664324395402,4.991811229673938e-14,0.08378664324400394,True,True
212,13,0.020488400012254715,0.001,True,True,True,0.03680276208099942,True,0.09508461535333623,4.989312663151931e-14,0.09508461535338612,True,True
212,14,0.019738566130399704,0.001,True,True,True,0.036149735437216446,True,0.14465980997677264,5.009225631210567e-14,0.14465980997682273,True,True
212,15,0.019326020032167435,0.001,True,True,True,0.03478332899575265,True,0.3237045464952075,4.9795359803405755e-14,0.3237045464952573,True,True
212,16,0.01775483973324299,0.001,True,True,True,0.05196409171057881,True,0.2179771380989166,4.9864816591847734e-14,0.2179771380989665,True,True
212,17,0.014151089824736118,0.001,True,True,True,0.05740137194837014,True,0.2917515925629912,4.9948057204091096e-14,0.2917515925630412,True,True
212,18,0.009877442382276058,0.001,True,True,True,0.06227813976860763,True,0.28575326691134073,4.9888200496015964e-14,0.28575326691139064,True,True
212,19,0.00487500661984086,0.001,True,True,True,0.06634374143329613,True,0.247409213956308,4.985911499988827e-14,0.24740921395635784,True,True
212,20,-0.0009225234389305115,0.001,False,True,False,0.06928870995805547,True,,,,,
213,1,0.010644782334566116,0.001,True,True,True,0.010876550606432556,True,0.16426302089224976,2.9875367005872157e-15,0.16426302089225275,True,True
213,2,0.012348759919404984,0.001,True,True,True,0.012591527884434406,True,0.12504494583618708,3.0083986367980222e-15,0.12504494583619008,True,True
213,3,0.014181822538375854,0.001,True,True,True,0.014620063579189324,True,0.10475802543789925,3.0121066374036858e-15,0.10475802543790226,True,True
213,4,0.016252897679805756,0.001,True,True,True,0.016970848360123192,True,0.07358899705605637,3.0048060421077976e-15,0.07358899705605938,True,True
213,5,0.018643096089363098,0.001,True,True,True,0.019645167799909213,True,1.8616219676914625e-12,3.004954121482829e-15,1.864626921812945e-12,True,True
213,6,0.021592073142528534,0.001,True,True,True,0.01876135683579494,True,0.21089394950363527,3.0181271446885117e-15,0.2108939495036383,True,True
213,7,0.02249065972864628,0.001,True,True,True,0.01788132550531829,True,0.14508844912188046,3.0139531691763955e-15,0.14508844912188348,True,True
213,8,0.024056315422058105,0.001,True,True,True,0.017000884370028446,True,0.13680807751896706,3.016448953348279e-15,0.1368080775189701,True,True
213,9,0.02619732916355133,0.001,True,True,True,0.016212146323359544,True,0.14589044208326163,3.0132404350122044e-15,0.14589044208326465,True,True
213,10,0.024754298850893974,0.001,True,True,True,0.025486330506462318,True,0.15964887268097616,3.004112487708109e-15,0.15964887268097916,True,True
213,11,0.023188145831227303,0.001,True,True,True,0.02358499453479479,True,0.18039089998007474,3.0015741129887625e-15,0.18039089998007773,True,True
213,12,0.022327160462737083,0.001,True,True,True,0.021676270324231472,True,0.20762270960243523,3.00346050769947e-15,0.20762270960243823,True,True
213,13,0.01958104409277439,0.001,True,True,True,0.041258964181145164,True,0.23393774895339448,2.9965088935735798e-15,0.23393774895339747,True,True
213,14,0.014988145790994167,0.001,True,True,True,0.039887711502439416,True,0.175538175224478,3.0106322889345165e-15,0.175538175224481,True,True
213,15,0.010289372876286507,0.001,True,True,True,0.0378322288647579,True,1.8073365026793908e-10,3.008089141893662e-15,1.8073665835708098e-10,True,True
213,16,0.007475361227989197,0.001,True,True,True,0.040376094783243666,True,1.405021903537346,3.001231034497442e-15,1.405021903537349,True,True
213,17,0.005804955959320068,0.001,True,True,True,0.038107049864572584,True,0.3096319796522735,3.008518764843328e-15,0.3096319796522765,True,True
213,18,0.005020163953304291,0.001,True,True,True,0.03627606330231026,True,0.07770950809937105,3.033771919036501e-15,0.07770950809937409,True,True
213,19,0.0050559863448143005,0.001,True,True,True,0.03503574471451776,True,0.020507801459419994,3.0102169061622217e-15,0.020507801459423006,True,True
213,20,0.005882013589143753,0.001,True,True,True,0.03457939308065572,True,2.913225216616411e-13,6.361630291447004e-16,2.919586846907858e-13,True,True
214,1,0.012420155107975006,0.001,True,True,True,0.01350494077427733,True,0.19844976422578497,7.254475842576934e-16,0.1984497642257857,True,True
214,2,0.014042418450117111,0.001,True,True,True,0.01638502728557345,True,0.20310856024656943,7.240707060071046e-16,0.20310856024657015,True,True
214,3,0.016019925475120544,0.001,True,True,True,0.019620658499825083,True,0.2321478962989083,7.239366172764012e-16,0.23214789629890903,True,True
214,4,0.018345840275287628,0.001,True,True,True,0.023130463189404704,True,0.28208014993585095,7.322834758549204e-16,0.2820801499358517,True,True
214,5,0.02063104137778282,0.001,True,True,True,0.030822572696733497,True,0.35078648550508085,7.381381138029163e-16,0.35078648550508157,True,True
214,6,0.01976204104721546,0.001,True,True,True,0.034331693145910336,True,0.3239566156259315,7.2662023991988005e-16,0.3239566156259322,True,True
214,7,0.018889660015702248,0.001,True,True,True,0.03821364905137181,True,0.3723959989494716,7.262852584342786e-16,0.37239599894947234,True,True
214,8,0.018047446385025978,0.001,True,True,True,0.04244049148692852,True,0.43291031463595786,7.260689374076435e-16,0.4329103146359586,True,True
214,9,0.01732504926621914,0.001,True,True,True,0.04685947262961632,True,0.5023132456361132,7.26119220344633e-16,0.502313245636114,True,True
214,10,0.01677984930574894,0.001,True,True,True,0.051408098250058654,True,0.5705869201036329,7.260262872844074e-16,0.5705869201036337,True,True
214,11,0.016496311873197556,0.001,True,True,True,0.056022056594212444,True,0.6262225353947244,7.255406125403091e-16,0.6262225353947252,True,True
214,12,0.016583388671278954,0.001,True,True,True,0.060631769901220434,True,0.6539632450149284,7.256711997684066e-16,0.6539632450149292,True,True
214,13,0.017171286046504974,0.001,True,True,True,0.0651619534825012,True,0.5531265147248128,7.262521280468987e-16,0.5531265147248136,True,True
214,14,0.018405262380838394,0.001,True,True,True,0.06953328259094249,True,0.4434104887074213,7.328726511448446e-16,0.443410488707422,True,True
214,15,0.017494333907961845,0.001,True,True,True,0.040207861456030614,True,0.4735580421064398,7.358183255786734e-16,0.47355804210644054,True,True
214,16,0.015569271519780159,0.001,True,True,True,0.04448772906218479,True,0.4759490277896319,7.274375226041698e-16,0.4759490277896326,True,True
214,17,0.014180001802742481,0.001,True,True,True,0.048701776458335067,True,0.348168842125709,7.267762490954907e-16,0.3481688421257097,True,True
214,18,0.013287422247231007,0.001,True,True,True,0.0527349623071669,True,0.20045665050953687,7.30006344000802e-16,0.2004566505095376,True,True
214,19,0.012886003591120243,0.001,True,True,True,0.05648838827254643,True,0.08186024856855312,7.375816406867872e-16,0.08186024856855385,True,True
214,20,0.012998079881072044,0.001,True,True,True,0.059873830507887194,True,1.3322676295501878e-13,2.949182225514341e-16,1.3352168117757023e-13,True,True
215,1,0.015398532152175903,0.001,True,True,True,0.017008485569771192,True,0.214237233845755,2.287180241248128e-15,0.21423723384575727,True,True
215,2,0.01862156391143799,0.001,True,True,True,0.020243360708712466,True,0.22136379843021192,2.283835319717021e-15,0.2213637984302142,True,True
215,3,0.022118397057056427,0.001,True,True,True,0.02352470265747808,True,0.21899316448651884,2.325758221735284e-15,0.21899316448652117,True,True
215,4,0.02586674876511097,0.001,True,True,True,0.027312195615096346,True,0.22372238362134933,2.2848518892535984e-15,0.2237223836213516,True,True
215,5,0.027745569124817848,0.001,True,True,True,0.027550140394548617,True,0.22182184030549124,2.3576042114317663e-15,0.2218218403054936,True,True
215,6,0.02418605424463749,0.001,True,True,True,0.02524597004402862,True,0.23454901940622896,2.289465596311164e-15,0.23454901940623124,True,True
215,7,0.02035452052950859,0.001,True,True,True,0.022793791870003632,True,0.2500119149296438,2.2894011818072987e-15,0.2500119149296461,True,True
215,8,0.016246598213911057,0.001,True,True,True,0.020148475089848183,True,0.25543637953119713,2.2946567197116586e-15,0.2554363795311994,True,True
215,9,0.011994898319244385,0.001,True,True,True,0.017269512826341815,True,0.2249456805833674,2.2971929733760967e-15,0.2249456805833697,True,True
215,10,0.007648976519703865,0.001,True,True,True,0.014121039449360273,True,0.1413308790690877,2.286328224107634e-15,0.14133087906908998,True,True
215,11,0.0032678849529474974,0.001,True,True,True,0.010672226329715429,True,0.011214366820240684,2.2764896638112727e-15,0.01121436682024296,True,True
215,12,-0.0010814853012561798,0.001,False,True,False,0.006897671271038908,True,,,,,
215,13,-0.005327183753252029,0.001,False,True,False,0.002777570727957812,True,,,,,
215,14,-0.007777862250804901,0.001,False,True,False,0.0030133662799756156,True,,,,,
215,15,-0.007970307022333145,0.001,False,True,False,0.0018005383424553045,True,,,,,
215,16,-0.008417408913373947,0.001,False,True,False,0.0008773476949512915,True,,,,,
215,17,-0.00865742564201355,0.001,False,True,False,0.0002723879615169622,True,,,,,
215,18,-0.008780509233474731,0.001,False,True,False,4.440892098500626e-15,True,,,,,
215,19,-0.008852526545524597,0.001,False,True,False,4.302924454324675e-05,True,,,,,
215,20,-0.008916545659303665,0.001,False,True,False,0.00011626064620129384,True,,,,,
216,1,0.018812209367752075,0.001,True,True,True,0.019332487872333992,True,0.200111093282971,1.75363633697523e-11,0.20011109330050736,True,True
216,2,0.021902166306972504,0.001,True,True,True,0.021259429813319297,True,0.2001174641057771,1.7533529658634195e-11,0.20011746412331063,True,True
216,3,0.025171710178256035,0.001,True,True,True,0.02440160600067287,True,0.20007654639108938,1.753560729171137e-11,0.200076546408625,True,True
216,4,0.02831983007490635,0.001,True,True,True,0.02626097536414207,True,0.20016089762175743,1.7541810720986186e-11,0.20016089763929923,True,True
216,5,0.028550371527671814,0.001,True,True,True,0.040120349021466106,True,0.2020170987648871,1.7540402620969078e-11,0.20201709878242752,True,True
216,6,0.02624952420592308,0.001,True,True,True,0.04087256270400452,True,0.2070759740881295,1.7551384113864233e-11,0.20707597410568088,True,True
216,7,0.02381037175655365,0.001,True,True,True,0.04098675862223744,True,0.22688545938060622,1.761527672144893e-11,0.2268854593982215,True,True
216,8,0.021184004843235016,0.001,True,True,True,0.04033632666630571,True,0.2844125220874796,1.7649968153942974e-11,0.2844125221051296,True,True
216,9,0.018323905766010284,0.001,True,True,True,0.03877655274926051,True,0.3854118350036728,1.7538226149778878e-11,0.38541183502121107,True,True
216,10,0.015188034623861313,0.001,True,True,True,0.03615310967403418,True,0.47968942604162734,1.7441799069322383e-11,0.47968942605906917,True,True
216,11,0.0117409098893404,0.001,True,True,True,0.03230938897374913,True,0.46901494197763327,1.7387519139211793e-11,0.4690149419950208,True,True
216,12,0.007955377921462059,0.001,True,True,True,0.02709310958565858,True,0.056232308790185925,1.7396311224169842e-11,0.05623230880758224,True,True
216,13,0.004999920725822449,0.001,True,True,True,0.024336529833471898,True,1.2065146007832368,1.7342803768274303e-11,1.2065146008005796,True,True
216,14,0.0037191100418567657,0.001,True,True,True,0.01986911738095576,True,0.2633386135076421,1.748420150701273e-11,0.2633386135251263,True,True
216,15,0.0027400031685829163,0.001,True,True,True,0.01596534845988873,True,0.0443143865699156,1.7321821199889684e-11,0.04431438658723742,True,True
216,16,0.0020991526544094086,0.001,True,True,True,0.01294114769621002,True,1.1302983438099545e-07,1.733927431733963e-11,1.130471736553128e-07,True,True
216,17,0.0018299072980880737,0.001,True,True,True,0.011189250582914534,True,3.529900993726187e-08,1.7357929985580034e-11,3.531636786724745e-08,True,True
216,18,0.001954946666955948,0.001,True,True,True,0.011001678912096358,True,1.3717361468934541e-08,1.7379340997360938e-11,1.3734740809931902e-08,True,True
216,19,0.0024074986577033997,0.001,True,True,True,0.012059766057482157,True,0.005226178008570059,1.734061109454612e-11,0.00522617802591067,True,True
216,20,0.002770557999610901,0.001,True,True,True,0.014667263584010826,True,1.3509904306374665e-08,9.612938808032138e-12,1.3519517245182697e-08,True,True
217,1,0.020720727741718292,0.001,True,True,True,0.022121878252729932,True,0.20000000298023224,2.2559274056699307e-17,0.20000000298023227,True,True
217,2,0.0219101645052433,0.001,True,True,True,0.023700837491870352,True,0.1999998894382136,2.2559281375309023e-17,0.19999988943821362,True,True
217,3,0.021133890375494957,0.001,True,True,True,0.026685558422088418,True,0.1999980943968192,2.2558878231389155e-17,0.19999809439681923,True,True
217,4,0.020169993862509727,0.001,True,True,True,0.03054557436138139,True,0.2006425980087939,2.255317872755529e-17,0.20064259800879392,True,True
217,5,0.018985694274306297,0.001,True,True,True,0.035197859477587023,True,0.2024231122350355,2.25431387259352e-17,0.20242311223503553,True,True
217,6,0.01809227094054222,0.001,True,True,True,0.03964667478812656,True,0.21107236848198685,2.2520822911660426e-17,0.21107236848198688,True,True
217,7,0.017835089936852455,0.001,True,True,True,0.04359107023231146,True,0.23537255301115767,2.250027586802923e-17,0.2353725530111577,True,True
217,8,0.018376130610704422,0.001,True,True,True,0.04703448905469454,True,0.2615993066484208,2.2487323970933104e-17,0.2615993066484208,True,True
217,9,0.019901348277926445,0.001,True,True,True,0.04999615991567663,True,0.2559541827112177,2.2485013868739745e-17,0.2559541827112177,True,True
217,10,0.019604986533522606,0.001,True,True,True,0.027320008166034304,True,0.23875376171978502,2.2487101911712724e-17,0.23875376171978505,True,True
217,11,0.01690349169075489,0.001,True,True,True,0.030766600668205024,True,0.1530929073959264,2.2485927253850588e-17,0.15309290739592643,True,True
217,12,0.01440480537712574,0.001,True,True,True,0.03347561428524992,True,0.17275077989084764,2.2492106318875753e-17,0.17275077989084767,True,True
217,13,0.012293031439185143,0.001,True,True,True,0.03493893428906447,True,0.3031383248775015,2.2557193823474532e-17,0.3031383248775015,True,True
217,14,0.01078782044351101,0.001,True,True,True,0.034728598213785045,True,0.28279145092807667,2.2516222388356173e-17,0.28279145092807667,True,True
217,15,0.010154050774872303,0.001,True,True,True,0.032605614282953166,True,0.24242487455722284,2.2477271726393713e-17,0.24242487455722286,True,True
217,16,0.010716241784393787,0.001,True,True,True,0.02869220112392723,True,0.2069876633697465,2.2467967075413485e-17,0.20698766336974653,True,True
217,17,0.00913180410861969,0.001,True,True,True,0.024803760247192663,True,0.14899559055861822,2.246331724115873e-17,0.14899559055861825,True,True
217,18,0.005971051752567291,0.001,True,True,True,0.025619540771527394,True,0.034187550644777076,2.2470745190581313e-17,0.0341875506447771,True,True
217,19,0.004452981054782867,0.001,True,True,True,0.024854735471532052,True,1.7763568394002505e-15,2.3049118208076826e-17,1.7994059576083273e-15,True,True
217,20,0.004353225231170654,0.001,True,True,True,0.023458651423097554,True,7.105427357601002e-15,3.833261013788135e-18,7.10926061861479e-15,True,True
218,1,0.022864270955324173,0.001,True,True,True,0.02382813506027004,True,0.20000003937454103,1.0580372613474129e-16,0.20000003937454114,True,True
218,2,0.024811947718262672,0.001,True,True,True,0.025946110206333195,True,0.20001788642502547,1.058358496973134e-16,0.20001788642502558,True,True
218,3,0.025715768337249756,0.001,True,True,True,0.025048976757537922,True,0.20006180588332864,1.059718096579153e-16,0.20006180588332875,True,True
218,4,0.021829992532730103,0.001,True,True,True,0.024128385108650452,True,0.20087345230544296,1.060209307236386e-16,0.20087345230544307,True,True
218,5,0.0193914957344532,0.001,True,True,True,0.023440820977176147,True,0.20931641123325173,1.060240667967484e-16,0.20931641123325184,True,True
218,6,0.018905067816376686,0.001,True,True,True,0.022979203997288256,True,0.2422408282516736,1.0557947996188828e-16,0.2422408282516737,True,True
218,7,0.015514049679040909,0.001,True,True,True,0.02497503964505743,True,0.3119285935849767,1.0563730972984706e-16,0.3119285935849768,True,True
218,8,0.012334801256656647,0.001,True,True,True,0.02508055247062213,True,0.7015383103655353,1.0562761253271893e-16,0.7015383103655354,True,True
218,9,0.012584742158651352,0.001,True,True,True,0.023261956637690373,True,0.13823259716205882,1.0562933753453221e-16,0.13823259716205893,True,True
218,10,0.012988857924938202,0.001,True,True,True,0.024131351340651586,True,0.2655621358963991,1.0557684644459622e-16,0.2655621358963992,True,True
218,11,0.01309983804821968,0.001,True,True,True,0.024981097196370206,True,0.2656318938061517,1.0559125013189358e-16,0.2656318938061518,True,True
218,12,0.013003211468458176,0.001,True,True,True,0.02555666406863888,True,0.2552681543032378,1.0560405142501731e-16,0.2552681543032379,True,True
218,13,0.012975767254829407,0.001,True,True,True,0.02565896670364176,True,0.220380808897211,1.056047182121587e-16,0.22038080889721112,True,True
218,14,0.013366982340812683,0.001,True,True,True,0.025208330880667873,True,0.1573617521302566,1.0559796633266252e-16,0.15736175213025672,True,True
218,15,0.014447484165430069,0.001,True,True,True,0.02431366034263016,True,0.07742635685738009,1.0559048183867475e-16,0.0774263568573802,True,True
218,16,0.016261126846075058,0.001,True,True,True,0.02331027499515237,True,0.010499833648680124,1.0551698971659061e-16,0.01049983364868023,True,True
218,17,0.01897060126066208,0.001,True,True,True,0.02285146168307106,True,2.4868995751603507e-14,1.0613041679405502e-16,2.497512616839756e-14,True,True
218,18,0.018130753189325333,0.001,True,True,True,0.036433781217634964,True,0.14412763996989852,1.0586047554431129e-16,0.14412763996989864,True,True
218,19,0.008801301941275597,0.001,True,False,False,0.04160611704783368,True,,,,,
218,20,0.005763398949056864,0.001,True,False,False,0.040497379394237365,True,,,,,
219,1,0.02488711103796959,0.001,True,True,True,0.024340956320492824,True,0.2000000029802319,7.087781565061799e-13,0.20000000298094067,True,True
219,2,0.02697293646633625,0.001,True,True,True,0.024800710948281957,True,0.2000000029777561,7.087781565059508e-13,0.20000000297846487,True,True
219,3,0.026049552485346794,0.001,True,True,True,0.026015832354519652,True,0.20000000474951687,7.087781502938816e-13,0.20000000475022564,True,True
219,4,0.02515241876244545,0.001,True,True,True,0.025358609025157408,True,0.20000173650888264,7.087466635361737e-13,0.20000173650959138,True,True
219,5,0.0245580542832613,0.001,True,True,True,0.02432728180671284,True,0.2001654772878445,7.09311557801846e-13,0.20016547728855383,True,True
219,6,0.02420862950384617,0.001,True,True,True,0.02311742553157692,True,0.20056101907302637,7.100040548806376e-13,0.20056101907373639,True,True
219,7,0.024169163778424263,0.001,True,True,True,0.021942291210999887,True,0.19564109000930818,7.102755338268483e-13,0.19564109001001845,True,True
219,8,0.024418450891971588,0.001,True,True,True,0.020874633945281218,True,0.1779250819777567,7.109908635856584e-13,0.17792508197846768,True,True
219,9,0.024911900982260704,0.001,True,True,True,0.019884498064650424,True,0.11726103719559688,7.106172978535652e-13,0.1172610371963075,True,True
219,10,0.025613179430365562,0.001,True,True,True,0.018883222872005057,True,0.08513024978993178,7.110761685161426e-13,0.08513024979064285,True,True
219,11,0.02650369703769684,0.001,True,True,True,0.017780776909692264,True,0.10364280605015441,7.099720162643487e-13,0.10364280605086439,True,True
219,12,0.02758062072098255,0.001,True,True,True,0.01655010543390034,True,0.1090741344953905,7.093221193083579e-13,0.10907413449609982,True,True
219,13,0.025995273143053055,0.001,True,True,True,0.05350028084067171,True,0.12663925276261345,7.096967329952552e-13,0.12663925276332316,True,True
219,14,0.024846645072102547,0.001,True,True,True,0.059751457794930074,True,0.16270118513539344,7.100656194272423e-13,0.16270118513610352,True,True
219,15,0.024613801389932632,0.001,True,True,True,0.06760936058803457,True,0.19718156941123866,7.102010314617493e-13,0.19718156941194886,True,True
219,16,0.02552993781864643,0.001,True,True,True,0.07781110908647548,True,0.22685127639284097,7.101370935337393e-13,0.2268512763935511,True,True
219,17,0.022526316344738007,0.001,True,True,True,0.04089755252251104,True,0.23625612028230947,7.100389610054452e-13,0.2362561202830195,True,True
219,18,0.017588216811418533,0.001,True,True,True,0.038010668185207486,True,0.04222166920053638,7.097483783463683e-13,0.042221669201246134,True,True
219,19,0.011396339163184166,0.001,True,True,True,0.03452122379788847,True,1.8082175756717334e-09,7.111559594959004e-13,1.8089287316312293e-09,True,True
219,20,0.009178072214126587,0.001,True,True,True,0.013416955113013884,True,3.035637519133161e-09,2.436559192751915e-13,3.035881175052436e-09,True,True
220,1,0.025349410250782967,0.001,True,True,True,0.025309944554715136,True,0.20000000298023224,1.9244611586763588e-17,0.20000000298023227,True,True
220,2,0.025801466777920723,0.001,True,True,True,0.027409650383649176,True,0.20000000298023224,1.9244611583835336e-17,0.20000000298023227,True,True
220,3,0.025606311857700348,0.001,True,True,True,0.03018572123378771,True,0.20000000279088975,1.9244611595851265e-17,0.20000000279088978,True,True
220,4,0.02578561007976532,0.001,True,True,True,0.032461943843642205,True,0.19999904888393444,1.9244595309218343e-17,0.19999904888393447,True,True
220,5,0.02537122368812561,0.001,True,True,True,0.022055205314510218,True,0.19970368287486892,1.9235313682273282e-17,0.19970368287486895,True,True
220,6,0.024144964292645454,0.001,True,True,True,0.023345823741442118,True,0.19517594893950996,1.9218706477483406e-17,0.19517594893950999,True,True
220,7,0.02294696681201458,0.001,True,True,True,0.024939360370717756,True,0.18057739284224628,1.9217957175642797e-17,0.1805773928422463,True,True
220,8,0.02188105508685112,0.001,True,True,True,0.026534555527295778,True,0.15370990464111323,1.9204921884665122e-17,0.15370990464111325,True,True
220,9,0.020959047600626945,0.001,True,True,True,0.027861930468984664,True,1.4210854715202004e-14,1.9269561255180347e-17,1.4230124276457184e-14,True,True
220,10,0.02013799175620079,0.001,True,True,True,0.02658925502206899,True,0.16713438546914716,1.925974071653211e-17,0.1671343854691472,True,True
220,11,0.018834397196769714,0.001,True,True,True,0.024601501905007206,True,0.32266544750215154,1.920378925478766e-17,0.32266544750215154,True,True
220,12,0.01755320280790329,0.001,True,True,True,0.024428485407037348,True,0.1265690975483742,1.9201392344876165e-17,0.12656909754837423,True,True
220,13,0.016600463539361954,0.001,True,True,True,0.024503780145515686,True,0.09020929255464982,1.9202077892215348e-17,0.09020929255464984,True,True
220,14,0.01575414091348648,0.001,True,True,True,0.024691505192126817,True,0.07381222163807877,1.919368603019431e-17,0.07381222163807878,True,True
220,15,0.014857340604066849,0.001,True,True,True,0.024810185638280968,True,0.049385466147434,1.9194711563911383e-17,0.04938546614743402,True,True
220,16,0.013637162744998932,0.001,True,True,True,0.02473514538788768,True,0.017445489424781524,1.922171112644213e-17,0.017445489424781545,True,True
220,17,0.011384818702936172,0.001,True,True,True,0.024044893211243812,True,2.6645352591003757e-15,1.936056902175201e-17,2.6838958281221277e-15,True,True
220,18,0.00848802924156189,0.001,True,True,True,0.022942241690500964,True,0.036274033518273185,1.9200393211165526e-17,0.036274033518273206,True,True
220,19,0.006403051316738129,0.001,True,True,True,0.022154479984018538,True,0.07907722346057611,1.9943229174089744e-17,0.07907722346057612,True,True
220,20,0.005400475114583969,0.001,True,True,True,0.023594380580886032,True,0.0,4.9139255125083345e-18,4.9139255125083345e-18,True,True
221,1,0.026316234841942787,0.001,True,True,True,0.029943818405828715,True,0.2000000029685406,5.668854087345448e-12,0.20000000297420945,True,True
221,2,0.024701356887817383,0.001,True,True,True,0.020022439649727275,True,0.19999899765172277,5.669030949307139e-12,0.1999989976573918,True,True
221,3,0.023037884384393692,0.001,True,True,True,0.01975077852007745,True,0.19976787986302752,5.656047534856624e-12,0.19976787986868358,True,True
221,4,0.02259989269077778,0.001,True,True,True,0.020224121148206597,True,0.19760679663485803,5.620603924719032e-12,0.19760679664047864,True,True
221,5,0.023177724331617355,0.001,True,True,True,0.02140678461872625,True,0.18811597985267858,5.589019796236302e-12,0.1881159798582676,True,True
221,6,0.024041486904025078,0.001,True,True,True,0.010729867051884057,True,0.16108231555634056,5.5895134781458435e-12,0.16108231556193006,True,True
221,7,0.02386123687028885,0.001,True,True,True,0.008429087487373588,True,5.713364004122923e-09,5.545902151231958e-12,5.718909906274155e-09,True,True
221,8,0.024490661919116974,0.001,True,True,True,0.006067076040552566,True,0.06819631593428443,5.620934501506531e-12,0.06819631593990537,True,True
221,9,0.025153256952762604,0.001,True,True,True,0.005261190074129285,True,0.10759610509839757,5.5663958712166974e-12,0.10759610510396396,True,True
221,10,0.02400442212820053,0.001,True,True,True,0.003258357150971891,True,0.07009129788772217,5.565793802235712e-12,0.07009129789328797,True,True
221,11,0.023324452340602875,0.001,True,True,True,0.0019243207971815224,True,0.03765569146235048,5.5705664544176895e-12,0.03765569146792105,True,True
221,12,0.023047909140586853,0.001,True,True,True,0.0009023120253215389,True,0.011773001319843601,5.576410800927359e-12,0.011773001325420012,True,True
221,13,0.023152247071266174,0.001,True,True,True,9.3697538616766e-10,True,2.0461619065770265e-09,5.595252234377789e-12,2.0517571588114044e-09,True,True
221,14,0.022883526980876923,0.001,True,True,True,0.03790995445880729,True,4.7999033636614286e-09,5.587280973120245e-12,4.805490644634549e-09,True,True
221,15,0.020541055127978325,0.001,True,True,True,0.03889470367149617,True,0.032880858165572846,5.568931340803453e-12,0.03288085817114178,True,True
221,16,0.018165865913033485,0.001,True,True,True,0.040693213013122786,True,0.09628858266091456,5.561576733813285e-12,0.09628858266647614,True,True
221,17,0.015758682042360306,0.001,True,True,True,0.04325756379362189,True,0.1936770793048943,5.553612828892986e-12,0.19367707931044792,True,True
221,18,0.01206541620194912,0.001,True,True,True,0.044667237784324465,True,0.3050761241752653,5.535423174269113e-12,0.3050761241808007,True,True
221,19,0.01173444278538227,0.001,True,True,True,0.04748674556159971,True,0.30594975617197306,6.3359527271461256e-12,0.305949756178309,True,True
221,20,0.013954538851976395,0.001,True,True,True,0.05173632277122242,True,5.2868998068333894e-09,3.064734520020829e-12,5.28996454135341e-09,True,True
222,1,0.022673988714814186,0.001,True,True,True,0.01992303976583565,True,0.20000000281685013,1.26812207398076e-14,0.2000000028168628,True,True
222,2,0.02114725112915039,0.001,True,True,True,0.019754695747181916,True,0.20001170872306803,1.2717289873021658e-14,0.20001170872308074,True,True
222,3,0.0208427831530571,0.001,True,True,True,0.02230321803215518,True,0.20117226962218315,1.2720469207478981e-14,0.20117226962219587,True,True
222,4,0.01720431260764599,0.001,True,True,True,0.02100118830186548,True,0.21685086713841528,1.2715382049656995e-14,0.216850867138428,True,True
222,5,0.01416272483766079,0.001,True,True,True,0.019508322672331824,True,0.25095091733400565,1.2638336062654217e-14,0.2509509173340183,True,True
222,6,0.011933163739740849,0.001,True,True,True,0.017580972440977893,True,0.2593341026311293,1.263665010317818e-14,0.259334102631142,True,True
222,7,0.01065221056342125,0.001,True,True,True,0.015252448742574698,True,0.21545304681910693,1.264931311289394e-14,0.2154530468191196,True,True
222,8,0.005730071570724249,0.001,True,True,True,0.012598694932466126,True,0.2025479495197402,1.2629744069343992e-14,0.20254794951975283,True,True
222,9,0.0018632147694006562,0.001,True,True,True,0.009575899631959928,True,1.2653345038415864e-10,1.2639978696546384e-14,1.2654609036285518e-10,True,True
222,10,-0.0016871057450771332,0.001,False,True,False,0.00717924290903138,True,,,,,
222,11,-0.0026764459908008575,0.001,False,True,False,0.005375632582624412,True,,,,,
222,12,-0.0022715479135513306,0.001,False,True,False,0.003481903347805959,True,,,,,
222,13,-0.0010141953825950623,0.001,False,True,False,0.001501304841104778,True,,,,,
222,14,-0.0007017292082309723,0.001,False,True,False,0.000193668185445528,True,,,,,
222,15,-0.0014935769140720367,0.001,False,True,False,5.689448911994077e-12,True,,,,,
222,16,-0.0017560124397277832,0.001,False,True,False,1.0675904604795505e-12,True,,,,,
222,17,-0.0017056986689567566,0.001,False,True,False,0.00039330820309135817,True,,,,,
222,18,-0.0013623423874378204,0.001,False,True,False,0.0016306058227812947,True,,,,,
222,19,-0.0008723326027393341,0.001,False,True,False,0.0028056169490922045,True,,,,,
222,20,-0.0006681345403194427,0.001,False,True,False,0.003615794860503563,True,,,,,
223,1,0.020939748734235764,0.001,True,True,True,0.020642195910782757,True,0.20000000296654688,8.756580966914702e-15,0.20000000296655562,True,True
223,2,0.02075478993356228,0.001,True,True,True,0.022205996241394965,True,0.1999997375748693,8.756853402680004e-15,0.19999973757487804,True,True
223,3,0.0210785660892725,0.001,True,True,True,0.024621937614006217,True,0.19997359822949903,8.811487937555411e-15,0.19997359822950783,True,True
223,4,0.021797245368361473,0.001,True,True,True,0.026900552136869704,True,0.19973318743202562,8.83179357388939e-15,0.19973318743203444,True,True
223,5,0.020566662773489952,0.001,True,True,True,0.02677105934045576,True,0.19902963956806868,8.856295502174632e-15,0.19902963956807754,True,True
223,6,0.01862023025751114,0.001,True,True,True,0.02657555324506622,True,0.20140359230473237,8.768062653836474e-15,0.20140359230474114,True,True
223,7,0.016258005052804947,0.001,True,True,True,0.02560104648415762,True,0.2134673173553434,8.738657048073844e-15,0.21346731735535215,True,True
223,8,0.01363731361925602,0.001,True,True,True,0.023716881440802418,True,0.045710256797548254,8.743434772612437e-15,0.045710256797557,True,True
223,9,0.010613445192575455,0.001,True,True,True,0.020845646058871736,True,2.0182255866529886e-10,8.742409103090726e-15,2.0183130107440196e-10,True,True
223,10,0.007973946630954742,0.001,True,True,True,0.025042866570824662,True,1.398582744141578,8.747821091142965e-15,1.3985827441415866,True,True
223,11,0.006263628602027893,0.001,True,True,True,0.021932110673999583,True,0.27435729879987747,8.764849967935066e-15,0.27435729879988624,True,True
223,12,0.005051970481872559,0.001,True,True,True,0.01865430056820294,True,0.13899048670704417,8.751981133000867e-15,0.1389904867070529,True,True
223,13,0.004359882324934006,0.001,True,True,True,0.01552982507487588,True,0.03665736089011773,8.736974686664642e-15,0.036657360890126466,True,True
223,14,0.003851998597383499,0.001,True,True,True,0.012876822775421903,True,3.488764832582092e-12,8.755005711083955e-15,3.497519838293176e-12,True,True
223,15,0.0034286752343177795,0.001,True,True,True,0.011249358748146143,True,6.998845947236987e-12,8.74157634696015e-15,7.007587523583947e-12,True,True
223,16,0.003423307090997696,0.001,True,True,True,0.010774719832997492,True,0.02279177469418414,8.732875214111893e-15,0.022791774694192874,True,True
223,17,0.0039007142186164856,0.001,True,True,True,0.01108803885839782,True,0.07176633024182166,8.738802927266914e-15,0.0717663302418304,True,True
223,18,0.004755094647407532,0.001,True,True,True,0.01188059632737537,True,0.0039847985980472345,8.747076324366916e-15,0.003984798598055982,True,True
223,19,-0.0034445375204086304,0.001,False,True,False,0.008958960312398734,True,,,,,
223,20,-0.01687312126159668,0.001,False,True,False,1.0663692151524629e-13,True,,,,,
224,1,0.021642545238137245,0.001,True,True,True,0.020026010675728623,True,0.19999999236529845,2.4454107446956306e-13,0.199999992365543,True,True
224,2,0.02321750484406948,0.001,True,True,True,0.019708765384046645,True,0.19995075732120024,2.445329705026926e-13,0.19995075732144477,True,True
224,3,0.02569551207125187,0.001,True,True,True,0.019877643388598765,True,0.19913800082623503,2.4416327091371557e-13,0.1991380008264792,True,True
224,4,0.027456361800432205,0.001,True,True,True,0.00644231324710276,True,0.19546068125331795,2.4381256706799973e-13,0.19546068125356175,True,True
224,5,0.02803606353700161,0.001,True,True,True,0.0033542365562528875,True,0.16940183108711537,2.4255609272528286e-13,0.16940183108735793,True,True
224,6,0.027967780828475952,0.001,True,True,True,0.0020706480636389912,True,0.0860712312396199,2.418078801520142e-13,0.08607123123986171,True,True
224,7,0.027282431721687317,0.001,True,True,True,0.0026474819670241345,True,0.09147245824103756,2.4178040382351236e-13,0.09147245824127934,True,True
224,8,0.02602812647819519,0.001,True,True,True,0.0034970421161324428,True,0.05312455248662662,2.412105665999258e-13,0.05312455248686783,True,True
224,9,0.02440783381462097,0.001,True,True,True,0.004354072338032422,True,0.01895474340829839,2.409724538899741e-13,0.018954743408539365,True,True
224,10,0.023219384253025055,0.001,True,True,True,0.00496022793284201,True,1.0709536137909481e-06,2.4033956706389624e-13,1.0709538541305152e-06,True,True
224,11,0.021589085459709167,0.001,True,True,True,0.005413418706038842,True,7.317257910699482e-12,2.4287964239666614e-13,7.560137553096148e-12,True,True
224,12,0.018167786300182343,0.001,True,True,True,0.03517861429521019,True,6.932143747917507e-10,2.382676760126983e-13,6.934526424677635e-10,True,True
224,13,0.014611448161303997,0.001,True,True,True,0.03569657315746144,True,6.633449345372355e-11,2.429560690532719e-13,6.657744952277683e-11,True,True
224,14,0.011575033888220787,0.001,True,True,True,0.03763928284179019,True,0.05157204140189364,2.4079592966414797e-13,0.051572041402134436,True,True
224,15,0.008844327181577682,0.001,True,True,True,0.01324439558935464,True,0.14270843485404505,2.4024151400696703e-13,0.1427084348542853,True,True
224,16,0.0065226443111896515,0.001,True,True,True,0.014882743646007945,True,0.08694933377447622,2.41793131804883e-13,0.08694933377471802,True,True
224,17,0.005577106028795242,0.001,True,True,True,0.01481488495548855,True,2.3373303292828496e-11,2.43224323358502e-13,2.3616527616186998e-11,True,True
224,18,0.005501221865415573,0.001,True,True,True,0.01470810169937331,True,0.009642979154687481,2.422304456073605e-13,0.00964297915492971,True,True
224,19,0.005606077611446381,0.001,True,True,True,0.015926951022748104,True,6.81223966125799e-11,2.4443991998014346e-13,6.836683653256005e-11,True,True
224,20,0.005095701664686203,0.001,True,True,True,0.016057960359110002,True,0.164056595934035,5.790345636584846e-14,0.16405659593409289,True,True
225,1,0.021061602979898453,0.001,True,True,True,0.020926678059894233,True,0.2009605881616818,1.3514457835018971e-14,0.20096058816169532,True,True
225,2,0.016497261822223663,0.001,True,True,True,0.015754036108785563,True,0.20910778815212439,1.3522335261062666e-14,0.2091077881521379,True,True
225,3,0.011927942745387554,0.001,True,True,True,0.013642984685993786,True,0.15784652999678883,1.3493379829089812e-14,0.15784652999680232,True,True
225,4,0.010459482669830322,0.001,True,True,True,0.01367911340093042,True,0.1657804557396929,1.346357418536227e-14,0.16578045573970637,True,True
225,5,0.010734081268310547,0.001,True,True,True,0.015021823905083442,True,0.16345109003075464,1.3455111007974415e-14,0.1634510900307681,True,True
225,6,0.01096523180603981,0.001,True,True,True,0.015521235057490701,True,0.14338304420795467,1.3457616034275843e-14,0.14338304420796813,True,True
225,7,0.01080266758799553,0.001,True,True,True,0.015326210302080812,True,0.10696560979051384,1.3461356632518123e-14,0.1069656097905273,True,True
225,8,0.010064154863357544,0.001,True,True,True,0.01486818120176392,True,0.07456665141114627,1.3468992269766319e-14,0.07456665141115974,True,True
225,9,0.008797116577625275,0.001,True,True,True,0.014318780460480296,True,0.06468424173435494,1.3484651571526354e-14,0.06468424173436843,True,True
225,10,0.008411675691604614,0.001,True,True,True,0.01372851656529317,True,0.03130433911913855,1.3477931208463534e-14,0.03130433911915202,True,True
225,11,0.007922962307929993,0.001,True,True,True,0.013244278252323438,True,1.2164491636212915e-11,1.3476820462450509e-14,1.2177968456675366e-11,True,True
225,12,0.007995370775461197,0.001,True,True,True,0.01304237939135433,True,1.9120705019304296e-11,1.346725402584439e-14,1.913417227333014e-11,True,True
225,13,0.008679922670125961,0.001,True,True,True,0.012943616580580297,True,3.2237323921435745e-11,1.3455904205386922e-14,3.2250779825641135e-11,True,True
225,14,0.01123715192079544,0.001,True,True,True,0.012360249997401818,True,0.4031544319974927,1.348113667885311e-14,0.40315443199750617,True,True
225,15,0.010459225624799728,0.001,True,True,True,0.019682830926991912,True,0.10279500760864124,1.3481163009418376e-14,0.10279500760865472,True,True
225,16,0.016161881387233734,0.001,True,True,True,0.01377668713149549,True,2.938094212368014e-11,1.3491652425580645e-14,2.939443377610572e-11,True,True
225,17,0.01613086834549904,0.001,True,True,True,0.01730205928564632,True,0.16106382174812417,1.343403291817932e-14,0.1610638217481376,True,True
225,18,0.01487141102552414,0.001,True,True,True,0.022832941801671836,True,0.15650644491146437,1.3456436643903395e-14,0.15650644491147783,True,True
225,19,0.013099424540996552,0.001,True,True,True,0.029741815634392377,True,0.16443875965516153,1.3433685325248852e-14,0.16443875965517496,True,True
225,20,0.0171777606010437,0.001,True,True,True,0.029781724611765648,True,6.397549157100002e-12,3.647716006748986e-15,6.401196873106751e-12,True,True
226,1,0.019248340278863907,0.001,True,True,True,0.019277378233688358,True,0.19995270182351388,5.224839176628113e-14,0.19995270182356611,True,True
226,2,0.016762759536504745,0.001,True,True,True,0.020280625276044795,True,0.2014397089274338,5.319173130466146e-14,0.20143970892748697,True,True
226,3,0.014690668322145939,0.001,True,True,True,0.021217332749174922,True,0.227624398726455,5.1061110488405623e-14,0.22762439872650608,True,True
226,4,0.014907468110322952,0.001,True,True,True,0.023971455289110155,True,0.36348880076965884,5.168321325137108e-14,0.3634888007697105,True,True
226,5,0.016788896173238754,0.001,True,True,True,0.023049171711895244,True,0.17838713840369635,5.1443550071083875e-14,0.17838713840374779,True,True
226,6,0.017757609486579895,0.001,True,True,True,0.02208774134354563,True,0.12864139355991,5.136898027847317e-14,0.12864139355996138,True,True
226,7,0.017504990100860596,0.001,True,True,True,0.02137909107338598,True,0.08853827652244917,5.134177458009989e-14,0.08853827652250051,True,True
226,8,0.016488507390022278,0.001,True,True,True,0.02081961154542511,True,0.071652590537024,5.1304886384080835e-14,0.0716525905370753,True,True
226,9,0.015325039625167847,0.001,True,True,True,0.020196011354453036,True,0.1206663545431752,5.1248224984205206e-14,0.12066635454322645,True,True
226,10,0.01472507044672966,0.001,True,True,True,0.019600643262380757,True,0.09386759164384983,5.122686127902182e-14,0.09386759164390106,True,True
226,11,0.014308292418718338,0.001,True,True,True,0.01910946263839497,True,0.0765414055950373,5.130072510901619e-14,0.07654140559508861,True,True
226,12,0.013899270445108414,0.001,True,True,True,0.018749032023548384,True,0.028492923032128914,5.127256860198527e-14,0.028492923032180185,True,True
226,13,0.013533912599086761,0.001,True,True,True,0.018544462142900953,True,0.008046265851174184,5.11468574713615e-14,0.00804626585122533,True,True
226,14,0.013624809682369232,0.001,True,True,True,0.018329985524004444,True,1.5198509117908543e-11,5.1504791201678346e-14,1.5250013909110222e-11,True,True
226,15,0.013893693685531616,0.001,True,True,True,0.018537123661214183,True,0.010983348925059033,5.103045518401632e-14,0.010983348925110064,True,True
226,16,0.008975070901215076,0.001,True,True,True,0.019072844482854734,True,6.433964472307707e-11,5.1551076789841466e-14,6.439119579986691e-11,True,True
226,17,-0.001331917941570282,0.001,False,True,False,0.0027063474688978073,True,,,,,
226,18,-0.007900424301624298,0.001,False,True,False,5.6061821851471905e-12,True,,,,,
226,19,-0.0037898682057857513,0.001,False,True,False,0.0005099944583568661,True,,,,,
226,20,-0.008717052638530731,0.001,False,True,False,6.001865671123596e-12,True,,,,,
227,1,0.020310211926698685,0.001,True,True,True,0.01942631957350427,True,0.20007754303709663,3.403689903015952e-12,0.20007754304050032,True,True
227,2,0.02149593085050583,0.001,True,True,True,0.019649287391832804,True,0.19924310425790281,3.397709580305421e-12,0.1992431042613005,True,True
227,3,0.023124299943447113,0.001,True,True,True,0.019400816241126995,True,0.19599247433523237,3.399559418417186e-12,0.19599247433863193,True,True
227,4,0.023521311581134796,0.001,True,True,True,0.01602407500030223,True,0.18014712369301478,3.3945431577053994e-12,0.1801471236964093,True,True
227,5,0.022908799350261688,0.001,True,True,True,0.01254111510243483,True,0.17562725134569845,3.3920477944310657e-12,0.1756272513490905,True,True
227,6,0.02215196192264557,0.001,True,True,True,0.010263817825508115,True,0.19166597554096043,3.3914761976279875e-12,0.1916659755443519,True,True
227,7,0.021624013781547546,0.001,True,True,True,0.008647288421663957,True,0.18597543633944724,3.3912053253512183e-12,0.18597543634283845,True,True
227,8,0.021311037242412567,0.001,True,True,True,0.007131267036067923,True,0.13223366901482692,3.3918222406211985e-12,0.13223366901821873,True,True
227,9,0.021094106137752533,0.001,True,True,True,0.005541840120011798,True,0.07595942425706781,3.3905477863641322e-12,0.07595942426045836,True,True
227,10,0.020593203604221344,0.001,True,True,True,0.004025182497140234,True,0.030235190081423724,3.3939530216287024e-12,0.030235190084817676,True,True
227,11,0.020094797015190125,0.001,True,True,True,0.002668086957602789,True,3.757893463074424e-08,3.3908004154340568e-12,3.7582325431159675e-08,True,True
227,12,0.019744768738746643,0.001,True,True,True,0.0014383624013636354,True,1.0012983775453677e-09,3.4007633363562847e-12,1.004699140881724e-09,True,True
227,13,0.018260035663843155,0.001,True,True,True,0.029037308898043124,True,1.1967361901454865e-06,3.3834413330523108e-12,1.1967395735868195e-06,True,True
227,14,0.01604883000254631,0.001,True,True,True,0.03243148373133575,True,0.04870724292836215,3.3919599562053623e-12,0.04870724293175411,True,True
227,15,0.017247937619686127,0.001,True,True,True,0.034791538457217275,True,0.056231988653880904,3.3938872238410374e-12,0.056231988657274794,True,True
227,16,0.017615966498851776,0.001,True,True,True,0.0018036426976457687,True,1.3750929284128688e-09,3.407795156328484e-12,1.3785007235691973e-09,True,True
227,17,0.004803511314094067,0.001,True,True,True,0.010063626182240715,True,9.387989052811463e-09,3.39300647067713e-12,9.39138205928214e-09,True,True
227,18,0.00019169598817825317,0.001,False,True,False,2.597754233946148e-10,True,,,,,
227,19,-0.0005655065178871155,0.001,False,True,False,5.124300095360468e-09,True,,,,,
227,20,-0.0015239380300045013,0.001,False,True,False,1.2775136504217244e-10,True,,,,,
228,1,0.020434590056538582,0.001,True,True,True,0.01882345924977291,True,0.19997256666684593,2.7291419403146914e-12,0.19997256666957508,True,True
228,2,0.020691685378551483,0.001,True,True,True,0.01923891891735341,True,0.19823021303163757,2.7303710607809785e-12,0.19823021303436794,True,True
228,3,0.020560428500175476,0.001,True,True,True,0.01861404465565486,True,0.18901591321279687,2.7286964093584244e-12,0.18901591321552558,True,True
228,4,0.01714092493057251,0.001,True,True,True,0.018135085619017,True,0.16608103156099752,2.7243819180809032e-12,0.1660810315637219,True,True
228,5,0.012145526707172394,0.001,True,True,True,0.01798610006703716,True,0.15479750881535992,2.7204913906570126e-12,0.1547975088180804,True,True
228,6,0.007090821862220764,0.001,True,True,True,0.01820094352190682,True,0.17301153761827948,2.724284942672728e-12,0.17301153762100377,True,True
228,7,0.003091387450695038,0.001,True,True,True,0.0187665531713348,True,0.5758943103520551,2.7244717367937006e-12,0.5758943103547796,True,True
228,8,0.0011860430240631104,0.001,True,True,True,0.018808007332099086,True,1.0089476767494574,2.7304041907851124e-12,1.0089476767521879,True,True
228,9,0.002833869308233261,0.001,True,True,True,0.01835924093252861,True,0.5893146079162364,2.7219604228643155e-12,0.5893146079189583,True,True
228,10,0.001856055110692978,0.001,True,True,True,0.017567877486740713,True,0.5075135240455921,2.7219634772020104e-12,0.5075135240483141,True,True
228,11,0.0022973231971263885,0.001,True,True,True,0.0166885859894097,True,0.32936411369155394,2.7204551201786113e-12,0.3293641136942744,True,True
228,12,0.0012157931923866272,0.001,True,True,True,0.016088871620913547,True,0.3521995907647195,2.719885197855702e-12,0.3521995907674394,True,True
228,13,0.0010715648531913757,0.001,True,True,True,0.01650022701509557,True,0.26481263514804,2.717564300932499e-12,0.26481263515075754,True,True
228,14,0.0011876709759235382,0.001,True,True,True,0.017157047972684136,True,0.2208713517271974,2.717148953919422e-12,0.22087135172991457,True,True
228,15,0.0013577155768871307,0.001,True,True,True,0.018163834928507372,True,0.22133932940633372,2.716579473980492e-12,0.2213393294090503,True,True
228,16,0.0017736703157424927,0.001,True,True,True,0.019685720240800952,True,0.20752042896721434,2.7157769214746005e-12,0.20752042896993012,True,True
228,17,0.0034392699599266052,0.001,True,True,True,0.022185884323544514,True,1.083876099983172e-09,2.7569196299335606e-12,1.0866330196131055e-09,True,True
228,18,0.0009040459990501404,0.001,False,True,False,0.011758248849766728,True,,,,,
228,19,0.0014871284365653992,0.001,True,True,True,0.012938726766452913,True,0.12751759838193877,2.7360849703644793e-12,0.12751759838467486,True,True
228,20,0.002117302268743515,0.001,True,True,True,0.0134858567768672,True,2.7790072465450066e-09,8.536397901077314e-13,2.7798608863351142e-09,True,True
229,1,0.020497433841228485,0.001,True,True,True,0.016802714195394586,True,0.1998640065085134,5.831239566632903e-17,0.19986400650851346,True,True
229,2,0.020288556814193726,0.001,True,True,True,0.014717217648923198,True,0.19111429802082847,5.81566178169339e-17,0.19111429802082852,True,True
229,3,0.01975221186876297,0.001,True,True,True,0.013111114719716044,True,0.1590586820352966,5.801701944826028e-17,0.15905868203529666,True,True
229,4,0.018832772970199585,0.001,True,True,True,0.011972568479986734,True,0.10768002794243436,5.793442222969142e-17,0.10768002794243442,True,True
229,5,0.017485182732343674,0.001,True,True,True,0.011026245040957061,True,0.0820758004192399,5.786929880089713e-17,0.08207580041923995,True,True
229,6,0.015926718711853027,0.001,True,True,True,0.009999365984686426,True,0.09538764847392045,5.78300373128948e-17,0.0953876484739205,True,True
229,7,0.014633014798164368,0.001,True,True,True,0.009058587594743317,True,0.12155302706239368,5.77810639845622e-17,0.12155302706239374,True,True
229,8,0.014075502753257751,0.001,True,True,True,0.008139475408190044,True,0.10485733243738338,5.771573820428718e-17,0.10485733243738343,True,True
229,9,0.015456609427928925,0.001,True,True,True,0.007267890154660783,True,0.0404571372342879,5.78380444608062e-17,0.040457137234287954,True,True
229,10,0.0152701735496521,0.001,True,True,True,0.006399665905042928,True,0.0430595713005566,5.775574255217837e-17,0.043059571300556654,True,True
229,11,0.01609000563621521,0.001,True,True,True,0.0054526991631358435,True,5.272227099339943e-12,5.759784030829195e-17,5.272284697180252e-12,True,True
229,12,0.016755208373069763,0.001,True,True,True,0.004391503778697015,True,0.05165361108996436,5.778971605304702e-17,0.05165361108996441,True,True
229,13,0.01694801077246666,0.001,True,True,True,0.03659176368369804,True,0.16731301714196256,5.800164468260443e-17,0.16731301714196262,True,True
229,14,0.013508064672350883,0.001,True,True,True,0.02651687786810525,True,0.2473813706125192,5.783518333838702e-17,0.24738137061251925,True,True
229,15,0.008342326618731022,0.001,True,True,True,0.021246961572805534,True,0.27170733200292574,5.767067279947791e-17,0.2717073320029258,True,True
229,16,0.005679279565811157,0.001,True,True,True,0.016485376355259207,True,1.9895196601282805e-13,5.783864670726107e-17,1.9900980465953531e-13,True,True
229,17,0.008802566677331924,0.001,True,True,True,0.020102597612097095,True,1.8829382497642655e-13,5.777806296683751e-17,1.8835160303939339e-13,True,True
229,18,0.009221073240041733,0.001,True,True,True,0.02358277918829521,True,0.08986691392978585,5.972509685984527e-17,0.08986691392978591,True,True
229,19,0.008917614817619324,0.001,True,True,True,0.026662050135925264,True,1.5987211554602254e-14,5.82089644879709e-17,1.6045420519090225e-14,True,True
229,20,0.007999468594789505,0.001,True,True,True,0.026332041697802233,True,0.11526637334566203,1.5702398364723096e-17,0.11526637334566205,True,True
230,1,0.018153324723243713,0.001,True,True,True,0.016447589860574485,True,0.2007834823385447,5.6304361152189735e-15,0.20078348233855034,True,True
230,2,0.01632055640220642,0.001,True,True,True,0.015889340392196027,True,0.21342421435209147,5.6096074005714656e-15,0.21342421435209707,True,True
230,3,0.014837659895420074,0.001,True,True,True,0.015409008167132754,True,0.22109250118411694,5.6093483236413865e-15,0.22109250118412255,True,True
230,4,0.013735905289649963,0.001,True,True,True,0.014851447485199731,True,0.21513339708741697,5.614891284926459e-15,0.21513339708742257,True,True
230,5,0.012151028960943222,0.001,True,True,True,0.014247586430210069,True,0.1808935788496271,5.610909085685738e-15,0.1808935788496327,True,True
230,6,0.010053753852844238,0.001,True,True,True,0.013939046045966963,True,0.16129795077065978,5.615313237651489e-15,0.1612979507706654,True,True
230,7,0.007558096200227737,0.001,True,True,True,0.014230012380853863,True,0.02307473047502384,5.6073313151960975e-15,0.023074730475029448,True,True
230,8,0.005488976836204529,0.001,True,True,True,0.014943473298284493,True,1.809041805245215e-11,5.609050134793958e-15,1.8096027102586944e-11,True,True
230,9,0.006473086774349213,0.001,True,True,True,0.015060597038981882,True,0.43382275049587804,5.608456457908829e-15,0.43382275049588365,True,True
230,10,0.004542969167232513,0.001,True,True,True,0.01536085509737184,True,0.6326609805066994,5.6070592873697786e-15,0.632660980506705,True,True
230,11,0.0043157003819942474,0.001,True,True,True,0.016113728221392565,True,0.45984131848265974,5.6224893733015064e-15,0.45984131848266535,True,True
230,12,0.0021072886884212494,0.001,True,True,True,0.017453189017262227,True,2.320157290813256,5.6079609150036536e-15,2.320157290813262,True,True
230,13,0.0024792365729808807,0.001,True,True,True,0.019426423410384697,True,0.9420105781115637,5.5985370125695466e-15,0.9420105781115693,True,True
230,14,0.003411903977394104,0.001,True,True,True,0.021520303472681412,True,0.7595636599724003,5.59659204989196e-15,0.7595636599724058,True,True
230,15,0.00409683957695961,0.001,True,True,True,0.02400726674958542,True,0.7259635131107629,5.603552293098064e-15,0.7259635131107685,True,True
230,16,0.0052429139614105225,0.001,True,True,True,0.027045134733470255,True,3.730349362740526e-12,5.649261077979652e-15,3.735998623818506e-12,True,True
230,17,0.008196733891963959,0.001,True,True,True,0.029402837882116284,True,0.28615893702164286,5.622092166514913e-15,0.28615893702164846,True,True
230,18,0.01052883267402649,0.001,True,True,True,0.030140070528806184,True,0.24725274405966147,5.7125043580166195e-15,0.24725274405966718,True,True
230,19,0.017402105033397675,0.001,True,True,True,0.03281874911582461,True,0.17906849621308396,5.612267948535809e-15,0.17906849621308957,True,True
230,20,0.02389306202530861,0.001,True,True,True,0.05408319951087465,True,0.13468465567602728,1.6483879339876756e-15,0.1346846556760289,True,True
231,1,0.017549172043800354,0.001,True,True,True,0.013707103356637607,True,0.1999947669980323,4.527817175083591e-17,0.19999476699803234,True,True
231,2,0.016867496073246002,0.001,True,True,True,0.01125929595200259,True,0.19742615122740492,4.532365154566709e-17,0.19742615122740498,True,True
231,3,0.01637805998325348,0.001,True,True,True,0.009112772933722146,True,0.1791357800361606,4.528732716841699e-17,0.17913578003616065,True,True
231,4,0.015940222889184952,0.001,True,True,True,0.0072134029414530065,True,0.14834382247617128,4.5268128034173204e-17,0.14834382247617134,True,True
231,5,0.015103332698345184,0.001,True,True,True,0.0055773523237987455,True,0.0580551073468385,4.523882167413258e-17,0.058055107346838546,True,True
231,6,0.014064721763134003,0.001,True,True,True,0.004301600475065115,True,0.02528882958877432,4.5242226189186826e-17,0.025288829588774365,True,True
231,7,0.013017289340496063,0.001,True,True,True,0.003422631338841242,True,0.027962294855456094,4.52466230111873e-17,0.02796229485545614,True,True
231,8,0.012580275535583496,0.001,True,True,True,0.0028213067231823707,True,5.684341886080802e-14,4.525459982443078e-17,5.688867346063245e-14,True,True
231,9,0.014541234821081161,0.001,True,False,False,0.0017283978651978504,True,,,,,
231,10,0.013649985194206238,0.001,True,True,True,0.0007835237682141116,True,0.17856275384711484,4.529892481898518e-17,0.1785627538471149,True,True
231,11,0.01475699245929718,0.001,True,True,True,4.107825191113079e-14,True,0.10391126374141813,4.523987896120503e-17,0.10391126374141817,True,True
231,12,0.0075514730997383595,0.001,True,True,True,0.028019516542683698,True,0.20586846662616098,4.528556266332734e-17,0.20586846662616104,True,True
231,13,0.002681339392438531,0.001,True,True,True,0.02099115322143752,True,1.1704657755962344,4.523213919902274e-17,1.1704657755962344,True,True
231,14,-0.0029094964265823364,0.001,False,False,False,0.014045573401686051,True,,,,,
231,15,-0.009543485939502716,0.001,False,True,False,0.007115311602708396,True,,,,,
231,16,-0.01551036536693573,0.001,False,True,False,7.771561172376096e-16,True,,,,,
231,17,-0.01699276641011238,0.001,False,True,False,0.0023522398657987997,True,,,,,
231,18,-0.017626747488975525,0.001,False,True,False,0.0010114438597148556,True,,,,,
231,19,-0.017317168414592743,0.001,False,True,False,0.0008466274489300485,True,,,,,
231,20,-0.019804837182164192,0.001,False,True,False,0.0012885190963936033,True,,,,,
232,1,0.014984562993049622,0.001,True,True,True,0.01210231628958569,True,0.1998780241680465,2.672404734916619e-11,0.19987802419477055,True,True
232,2,0.012659430503845215,0.001,True,True,True,0.010459667653742954,True,0.19498710385692775,2.6694044413407185e-11,0.19498710388362178,True,True
232,3,0.010647859424352646,0.001,True,True,True,0.00898618265044937,True,0.17507879982410657,2.6659562526023255e-11,0.17507879985076613,True,True
232,4,0.009073030203580856,0.001,True,True,True,0.007654454260761057,True,0.15120227887422288,2.667591940906838e-11,0.1512022789008988,True,True
232,5,0.006673026829957962,0.001,True,True,True,0.006523390550262187,True,0.061895118502462765,2.6683682975683887e-11,0.06189511852914645,True,True
232,6,0.003392033278942108,0.001,True,True,True,0.00572428833104599,True,2.7309823735777172e-08,2.6664132483498412e-11,2.7336487868260672e-08,True,True
232,7,-0.0002597607672214508,0.001,False,True,False,0.0035883330335018115,True,,,,,
232,8,-0.0026298612356185913,0.001,False,True,False,0.002385665022905048,True,,,,,
232,9,-0.0010381415486335754,0.001,False,True,False,0.001505889159187701,True,,,,,
232,10,-0.002991374582052231,0.001,False,True,False,0.0006621374863218232,True,,,,,
232,11,-0.0023783445358276367,0.001,False,True,False,6.833127619287893e-09,True,,,,,
232,12,-0.004055190831422806,0.001,False,True,False,1.6895081372148013e-05,True,,,,,
232,13,-0.0030549615621566772,0.001,False,True,False,0.0005528320546968057,True,,,,,
232,14,-0.0024804100394248962,0.001,False,True,False,0.0010605297998995677,True,,,,,
232,15,-0.0024252310395240784,0.001,False,True,False,0.0010727851582550407,True,,,,,
232,16,-0.0026520080864429474,0.001,False,True,False,6.216218650934024e-10,True,,,,,
232,17,-0.004480987787246704,0.001,False,True,False,0.017082578108221003,True,,,,,
232,18,0.002567209303379059,0.001,True,True,True,0.014977934557475425,True,0.1827212839087693,2.667595956515427e-11,0.18272128393544526,True,True
232,19,0.0028891079127788544,0.001,True,True,True,0.013482990720888877,True,3.0759998992380133e-09,2.7193562294938372e-11,3.103193461532952e-09,True,True
232,20,0.0036517083644866943,0.001,True,True,True,0.014622833019425574,True,5.364862332157827e-09,3.838190417499326e-12,5.368700522575326e-09,True,True
233,1,0.013282939791679382,0.001,True,True,True,0.011598858618748098,True,0.19952812746702872,4.713539982062127e-14,0.19952812746707585,True,True
233,2,0.011524908244609833,0.001,True,True,True,0.01129550693852921,True,0.1798354262809294,4.712651710318178e-14,0.17983542628097654,True,True
233,3,0.009975165128707886,0.001,True,True,True,0.010907651753712111,True,0.12031463345019766,4.709242755361332e-14,0.12031463345024475,True,True
233,4,0.0086916983127594,0.001,True,True,True,0.010410466288850673,True,0.19449076148497538,4.713379537920329e-14,0.1944907614850225,True,True
233,5,0.007683280855417252,0.001,True,True,True,0.009639470044803478,True,1.2799006299246685e-10,4.709883489885161e-14,1.280371618273657e-10,True,True
233,6,0.006626330316066742,0.001,True,True,True,0.007954814802385801,True,3.750102450794657e-10,4.708914635115513e-14,3.750573342258168e-10,True,True
233,7,0.004386920481920242,0.001,True,True,True,0.008545556441412083,True,0.043073790367429865,4.7074303705494675e-14,0.04307379036747694,True,True
233,8,0.003606211394071579,0.001,True,True,True,0.008732819859416097,True,3.0965452424425166e-11,4.7130934227073466e-14,3.101258335865224e-11,True,True
233,9,0.0027175620198249817,0.001,True,True,True,0.009258278807796172,True,0.11567711541153614,4.7075195288476866e-14,0.11567711541158321,True,True
233,10,0.0012279525399208069,0.001,True,True,True,0.01049161917399788,True,0.5221652429156478,4.709035807610496e-14,0.5221652429156949,True,True
233,11,-0.0002310052514076233,0.001,False,True,False,0.012373193226522305,True,,,,,
233,12,-0.0012834295630455017,0.001,False,True,False,0.014801225533882079,True,,,,,
233,13,-0.0009895488619804382,0.001,False,True,False,0.016786272546109093,True,,,,,
233,14,0.0008143261075019836,0.001,False,True,False,0.018157355420790555,True,,,,,
233,15,0.0035550594329833984,0.001,True,True,True,0.01955244982073645,True,0.11715219352006301,4.7067562067538754e-14,0.11715219352011008,True,True
233,16,0.006026718765497208,0.001,True,True,True,0.020552709289777926,True,0.00952769613903115,4.707025274094966e-14,0.00952769613907822,True,True
233,17,0.014764003455638885,0.001,True,True,True,0.0033026442288466296,True,0.001471198316799871,4.703510570216972e-14,0.001471198316846906,True,True
233,18,0.015215307474136353,0.001,True,True,True,0.003997040891441372,True,2.6282975795766106e-11,4.720674951594818e-14,2.6330182545282054e-11,True,True
233,19,0.013686694204807281,0.001,True,True,True,0.0070065159018897205,True,0.01434484112337131,4.719672466937228e-14,0.014344841123418507,True,True
233,20,0.011811379343271255,0.001,True,True,True,0.011937498453277184,True,8.562039965909207e-12,5.214310601674415e-15,8.567254276510882e-12,True,True
234,1,0.012703202664852142,0.001,True,True,True,0.010538070383647735,True,0.18815839523395717,2.1040182272008085e-15,0.18815839523395927,True,True
234,2,0.01221262663602829,0.001,True,True,True,0.009304254322401562,True,0.11469495877116742,2.1015907948274605e-15,0.11469495877116952,True,True
234,3,0.011555839329957962,0.001,True,True,True,0.00818535012029864,True,0.0587697962769127,2.1006335811836082e-15,0.0587697962769148,True,True
234,4,0.010767210274934769,0.001,True,True,True,0.007060239445875194,True,0.14053450114455757,2.10249762373496e-15,0.14053450114455968,True,True
234,5,0.01030556857585907,0.001,True,True,True,0.006020378697601414,True,0.039732312199276976,2.1003469383674264e-15,0.03973231219927908,True,True
234,6,0.009467493742704391,0.001,True,True,True,0.005130999641781209,True,0.01685682735985239,2.0996633999098703e-15,0.016856827359854488,True,True
234,7,0.009268935769796371,0.001,True,True,True,0.004302063273255774,True,0.013702987190910676,2.099325338612599e-15,0.013702987190912775,True,True
234,8,0.009448163211345673,0.001,True,True,True,0.003388541746772278,True,9.734435479913373e-13,2.1034582828784848e-15,9.755470062742157e-13,True,True
234,9,0.00858158990740776,0.001,True,True,True,0.002294289435869956,True,0.04885631802970636,2.097692889177353e-15,0.048856318029708454,True,True
234,10,0.008205883204936981,0.001,True,False,False,0.001197220506918395,True,,,,,
234,11,0.004332087468355894,0.001,True,True,True,0.03360059772478757,True,2.0102912801575457,2.099139927378338e-15,2.010291280157548,True,True
234,12,-0.0016226619482040405,0.001,False,True,False,0.02365051041269245,True,,,,,
234,13,-0.0016070157289505005,0.001,False,True,False,0.016997179068107715,True,,,,,
234,14,0.0011727400124073029,0.001,True,True,True,0.0162025934495037,True,0.38331741751947845,2.10797921689802e-15,0.38331741751948056,True,True
234,15,0.00305754691362381,0.001,True,True,True,0.014706579895845118,True,0.2644253125236702,2.0956910278448318e-15,0.2644253125236723,True,True
234,16,0.003751281648874283,0.001,True,True,True,0.013269819676414496,True,1.7408297026122455e-12,2.115854923205353e-15,1.7429455575354508e-12,True,True
234,17,0.004053004086017609,0.001,True,True,True,0.011745575764796068,True,0.11599641737299748,2.1003891003727285e-15,0.11599641737299958,True,True
234,18,0.004021443426609039,0.001,True,True,True,0.01144436407746996,True,0.060861874288150375,2.0956448704451907e-15,0.06086187428815247,True,True
234,19,-0.0007453411817550659,0.001,False,True,False,0.012439588713483829,True,,,,,
234,20,0.0021131932735443115,0.001,True,True,True,0.015125707371000274,True,6.366462912410498e-12,6.525236557318388e-16,6.367115436066229e-12,True,True
235,1,0.011787373572587967,0.001,True,True,True,0.007978813788226846,True,0.20061360925895855,5.995652816957707e-15,0.20061360925896454,True,True
235,2,0.010717716068029404,0.001,True,True,True,0.006347041117484187,True,0.11469268194345261,5.999230528526784e-15,0.11469268194345861,True,True
235,3,0.009520307183265686,0.001,True,True,True,0.005321000359273409,True,4.597211500367848e-12,6.014375996388821e-15,4.603225876364237e-12,True,True
235,4,0.007242705672979355,0.001,True,True,True,0.004465631196200581,True,0.20000000298023224,6.024930550915381e-15,0.20000000298023826,True,True
235,5,0.007149755954742432,0.001,True,True,True,0.004808364958702072,True,0.10535959064651479,6.001181476702266e-15,0.10535959064652078,True,True
235,6,0.00571078434586525,0.001,True,True,True,0.005274973368931901,True,0.07688450044695117,5.996608819554617e-15,0.07688450044695716,True,True
235,7,0.003946088254451752,0.001,True,True,True,0.008236886300720059,True,0.24812013304608627,5.9898574531568955e-15,0.24812013304609226,True,True
235,8,0.0014601536095142365,0.001,True,True,True,0.012874561720447097,True,7.787548383930698e-11,5.991832784579479e-15,7.788147567209156e-11,True,True
235,9,-0.001038961112499237,0.001,False,False,False,0.016376022720959282,True,,,,,
235,10,-0.0029102303087711334,0.001,False,False,False,0.018068039940575265,True,,,,,
235,11,-0.0031631439924240112,0.001,False,True,False,0.018843653949304318,True,,,,,
235,12,-0.0023838430643081665,0.001,False,True,False,0.019636614518908635,True,,,,,
235,13,-0.001803416758775711,0.001,False,True,False,0.020553230306883163,True,,,,,
235,14,-0.002446502447128296,0.001,False,True,False,0.0206541378855003,True,,,,,
235,15,-0.004751116037368774,0.001,False,True,False,0.017792981877238212,True,,,,,
235,16,0.005330126266926527,0.001,True,True,True,0.051497230057127974,True,1.779516926437232,5.989409755279545e-15,1.779516926437238,True,True
235,17,0.011402830481529236,0.001,True,True,True,0.004794805743984165,True,5.8406612879480235e-12,6.029361198782051e-15,5.8466906491468056e-12,True,True
235,18,0.012406311929225922,0.001,True,True,True,0.008046063134997006,True,2.3145929617385264e-12,6.071171057740166e-15,2.3206641327962664e-12,True,True
235,19,0.010933823883533478,0.001,True,True,True,0.010497857476970962,True,2.632560835991171e-12,6.041624121016466e-15,2.6386024601121876e-12,True,True
235,20,0.015103667974472046,0.001,True,True,True,0.013466383881385324,True,1.4832579608992091e-12,7.592551919735072e-16,1.4840172160911826e-12,True,True
236,1,0.009180642664432526,0.001,True,True,True,0.007062349483614616,True,0.20000000298023224,3.860657767564448e-13,0.2000000029806183,True,True
236,2,0.007357440888881683,0.001,True,True,True,0.006088563275595815,True,1.977809915842954e-09,3.8375227355833764e-13,1.9781936681165124e-09,True,True
236,3,0.0067687444388866425,0.001,True,True,True,0.004769693350706872,True,3.993108066424611e-10,3.844010833813722e-13,3.9969520772584246e-10,True,True
236,4,0.00897754356265068,0.001,True,True,True,0.003522299203131407,True,0.18072891687516446,3.837980893464869e-13,0.18072891687554826,True,True
236,5,0.00820896029472351,0.001,True,False,False,0.0031370397322534327,True,,,,,
236,6,0.010139159858226776,0.001,True,True,True,0.002875918832677904,True,0.13712933882083078,3.84012738860116e-13,0.1371293388212148,True,True
236,7,0.010174546390771866,0.001,True,True,True,0.003690069186627065,True,1.677927485843611e-08,3.828667934814024e-13,1.677965772522959e-08,True,True
236,8,-0.003869578242301941,0.001,False,True,False,0.02144455232508452,True,,,,,
236,9,-0.0051709190011024475,0.001,False,True,False,0.00957988655784836,True,,,,,
236,10,-0.00992688536643982,0.001,False,True,False,9.07084407586467e-11,True,,,,,
236,11,-0.007011748850345612,0.001,False,True,False,0.005121738963360434,True,,,,,
236,12,-0.003089986741542816,0.001,False,True,False,0.0038337712183214023,True,,,,,
236,13,-0.00040401145815849304,0.001,False,True,False,0.0019030790391502128,True,,,,,
236,14,-0.00010263174772262573,0.001,False,True,False,0.00024771462835004865,True,,,,,
236,15,-0.0014976784586906433,0.001,False,True,False,2.6377233730556782e-11,True,,,,,
236,16,-0.0009225569665431976,0.001,False,True,False,0.00047547696908156745,True,,,,,
236,17,0.0025962479412555695,0.001,True,True,True,0.0010181736720713541,True,0.058973093336794236,3.8450888495944895e-13,0.05897309333717875,True,True
236,18,0.007305718958377838,0.001,True,True,True,0.003075776254796825,True,1.6588543871876027e-09,3.8332584371002923e-13,1.6592377130313126e-09,True,True
236,19,0.010709680616855621,0.001,True,True,True,0.006645017187298707,True,1.5351133697549812e-09,4.049843378247887e-13,1.5355183540928061e-09,True,True
236,20,0.014317389577627182,0.001,True,True,True,0.010872055687609405,True,2.9667468481875403e-10,9.467831774280143e-14,2.967693631364968e-10,True,True
237,1,0.008344277739524841,0.001,True,True,True,0.006893745509484406,True,0.2185732972897796,1.4520125999290316e-14,0.2185732972897941,True,True
237,2,0.007314678281545639,0.001,True,True,True,0.00634599995345142,True,0.11676585375341375,1.4537598871372118e-14,0.1167658537534283,True,True
237,3,0.005839116871356964,0.001,True,True,True,0.006392653441866569,True,1.1965539670200087e-11,1.4575469611758856e-14,1.1980115139811846e-11,True,True
237,4,0.003762863576412201,0.001,True,True,True,0.00612317912205218,True,0.2000000032429109,1.4592446984394273e-14,0.2000000032429255,True,True
237,5,0.003532625734806061,0.001,True,True,True,0.0057762099941116585,True,0.10881510007082795,1.4525751000916723e-14,0.10881510007084248,True,True
237,6,0.0025601014494895935,0.001,True,True,True,0.005758492381777058,True,0.052574947662606064,1.4524639493271495e-14,0.05257494766262059,True,True
237,7,0.003238081932067871,0.001,True,True,True,0.005978036867271275,True,0.08063243636400586,1.4516868092890763e-14,0.08063243636402037,True,True
237,8,0.0013727210462093353,0.001,True,False,False,0.0066354861380024666,True,,,,,
237,9,0.003342907875776291,0.001,True,True,True,0.00775805435283039,True,0.04936366313117446,1.453052017125617e-14,0.04936366313118899,True,True
237,10,0.004149533808231354,0.001,True,True,True,0.00902364931019295,True,0.10036002049319848,1.4522207167725672e-14,0.10036002049321299,True,True
237,11,0.0046125538647174835,0.001,True,True,True,0.010022047425065184,True,0.09728081139335742,1.4524329296429916e-14,0.09728081139337195,True,True
237,12,0.0038673654198646545,0.001,True,True,True,0.010004487310643961,True,1.6834178495628294e-10,1.4517883165662867e-14,1.683563028394486e-10,True,True
237,13,0.006949946284294128,0.001,True,True,True,0.01043860278422426,True,0.006364603039735073,1.4554550995761652e-14,0.006364603039749627,True,True
237,14,0.006151430308818817,0.001,True,True,True,0.009680960880555034,True,2.1501023184100632e-11,1.4562243392604028e-14,2.1515585427493236e-11,True,True
237,15,0.0020784027874469757,0.001,True,True,True,0.010244714962388546,True,0.21861531560753633,1.450091983457284e-14,0.21861531560755082,True,True
237,16,-0.0005776211619377136,0.001,False,False,False,0.01213996601431866,True,,,,,
237,17,0.0007504932582378387,0.001,False,True,False,0.015082719525474797,True,,,,,
237,18,0.006050489842891693,0.001,True,True,True,0.018440821304917643,True,3.5285552257846575e-11,1.4521402246788468e-14,3.530007366009337e-11,True,True
237,19,0.008921951055526733,0.001,True,True,True,0.02203258716377876,True,0.018481469651632665,1.4805117001202783e-14,0.01848146965164747,True,True
237,20,0.011640697717666626,0.001,True,True,True,0.026886011296698875,True,1.5267787034645153e-11,2.677788346502156e-15,1.5270464822991656e-11,True,True
238,1,0.007985476404428482,0.001,True,True,True,0.006053753147035046,True,0.20000000298023224,3.46935552119152e-13,0.20000000298057918,True,True
238,2,0.00738544762134552,0.001,True,True,True,0.005550306298469421,True,6.149321052362211e-10,3.431816806893635e-13,6.152752869169105e-10,True,True
238,3,0.007043357938528061,0.001,True,True,True,0.004650103278635465,True,0.06013826605373396,3.43806375919973e-13,0.060138266054077766,True,True
238,4,0.006934702396392822,0.001,True,True,True,0.004353840001973364,True,6.347381827254139e-06,3.4302972245128987e-13,6.347382170283862e-06,True,True
238,5,0.006924759596586227,0.001,True,False,False,0.004849157861173348,True,,,,,
238,6,0.006308667361736298,0.001,True,True,True,0.005472411716903602,True,0.09837583272118877,3.4306192168440187e-13,0.09837583272153183,True,True
238,7,0.007136881351470947,0.001,True,True,True,0.006603148494564115,True,0.19056744069328424,3.4376351734595e-13,0.190567440693628,True,True
238,8,0.007722899317741394,0.001,True,True,True,0.0084183393482129,True,0.20210769501989034,3.429740677371117e-13,0.20210769502023332,True,True
238,9,0.008466362953186035,0.001,True,True,True,0.009792704348561942,True,1.325446419286891e-10,3.4394560341040765e-13,1.328885875320995e-10,True,True
238,10,0.009678337723016739,0.001,True,True,True,0.010414745128771496,True,0.20389763993994947,3.4302975077504123e-13,0.2038976399402925,True,True
238,11,0.010886944830417633,0.001,True,True,True,0.010896291519248313,True,0.005517701549491605,3.423119227037903e-13,0.005517701549833917,True,True
238,12,0.011507414281368256,0.001,True,True,True,0.0078106982600906205,True,2.490878614480607e-10,3.429938387554339e-13,2.4943085528681616e-10,True,True
238,13,0.01064462959766388,0.001,True,True,True,0.006645466519606402,True,2.86426882212254e-10,3.438911098882185e-13,2.867707733221422e-10,True,True
238,14,0.01064031571149826,0.001,True,True,True,0.005818653594868772,True,1.9230839143347112e-10,3.448515043917581e-13,1.9265324293786288e-10,True,True
238,15,0.011803563684225082,0.001,True,True,True,0.005380439997345388,True,0.11330468771310898,3.4352859801568545e-13,0.1133046877134525,True,True
238,16,0.011140725575387478,0.001,True,True,True,0.02642318491235529,True,0.11627024550978504,3.433289685761797e-13,0.11627024551012836,True,True
238,17,0.01211487501859665,0.001,True,True,True,0.024814450278511035,True,3.1881164375135995e-10,3.4416451184839594e-13,3.191558082632083e-10,True,True
238,18,0.01727185770869255,0.001,True,True,True,0.006406375656625274,True,0.04241543972378459,3.4443625759411826e-13,0.04241543972412902,True,True
238,19,0.021695323288440704,0.001,True,True,True,0.0096512510639446,True,3.402540471597604e-10,3.4883256776709174e-13,3.406028797275275e-10,True,True
238,20,0.028384700417518616,0.001,True,True,True,0.013030307548574704,True,6.884128822548519e-10,8.949066845268096e-14,6.885023729233045e-10,True,True
239,1,0.007378540933132172,0.001,True,True,True,0.0054733574629268755,True,0.16583972846876804,8.036093927671136e-14,0.1658397284688484,True,True
239,2,0.006866086274385452,0.001,True,True,True,0.004842571963512565,True,2.4506050522177247e-09,8.027412736192536e-14,2.4506853263450868e-09,True,True
239,3,0.005333516746759415,0.001,True,True,True,0.005134295161972613,True,0.20000000298023224,8.048899876136057e-14,0.20000000298031273,True,True
239,4,0.006287470459938049,0.001,True,True,True,0.005404479653465355,True,0.164802238770541,8.034061281387414e-14,0.16480223877062136,True,True
239,5,0.007317997515201569,0.001,True,True,True,0.005788499102778788,True,0.07547557097252877,8.026463470447502e-14,0.07547557097260904,True,True
239,6,0.0070584677159786224,0.001,True,False,False,0.006594939036522529,True,,,,,
239,7,0.006464080885052681,0.001,True,True,True,0.005204485104363221,True,0.20663912297494758,8.044588611922601e-14,0.206639122975028,True,True
239,8,0.007601205259561539,0.001,True,True,True,0.009406562011686881,True,0.16469913153577664,8.04002684925987e-14,0.16469913153585705,True,True
239,9,0.008977565914392471,0.001,True,True,True,0.010264668803975474,True,0.10282922562982932,8.036979491946614e-14,0.10282922562990969,True,True
239,10,0.008941177278757095,0.001,True,True,True,0.011247060117347885,True,0.07176739398819265,8.04924661115172e-14,0.07176739398827314,True,True
239,11,0.009059645235538483,0.001,True,True,True,0.01147667372039396,True,1.0489120683132569e-10,8.024211322512102e-14,1.0497144894455082e-10,True,True
239,12,0.00894186645746231,0.001,True,True,True,0.009109708319289367,True,0.04652611747260238,8.066153559323889e-14,0.046526117472683044,True,True
239,13,0.007493950426578522,0.001,True,True,True,0.00921051590433386,True,4.1368508618688793e-10,8.025936449825242e-14,4.137653455513862e-10,True,True
239,14,0.0064244940876960754,0.001,True,True,True,0.010814505696492782,True,0.030417309220901245,8.031885988575096e-14,0.030417309220981563,True,True
239,15,0.00591668114066124,0.001,True,True,True,0.013094207093814925,True,0.030974944988443553,8.025941602860847e-14,0.030974944988523812,True,True
239,16,0.006128095090389252,0.001,True,True,True,0.01594364157965611,True,0.0540740634545358,8.032843106193195e-14,0.054074063454616135,True,True
239,17,0.007091578096151352,0.001,True,True,True,0.0194649499482078,True,7.958789183248882e-11,8.032561473130417e-14,7.966821744722013e-11,True,True
239,18,0.0037122927606105804,0.001,True,True,True,0.021962377037315406,True,0.18727514731634187,8.02809864780644e-14,0.18727514731642214,True,True
239,19,0.005361489951610565,0.001,True,True,True,0.02570857971892404,True,2.999165360506595e-10,8.040485745464742e-14,2.9999694090811415e-10,True,True
239,20,0.004511494189500809,0.001,True,True,True,0.011836479964671298,True,0.2518647723171199,8.599811170864469e-15,0.2518647723171285,True,True
240,1,0.006673432886600494,0.001,True,True,True,0.0051783350899190506,True,0.20000000298023224,2.458503855863369e-12,0.20000000298269074,True,True
240,2,0.006539233028888702,0.001,True,True,True,0.005767216393419927,True,1.4037851769899135e-08,2.4562751374565865e-12,1.404030804503659e-08,True,True
240,3,0.007299702614545822,0.001,True,True,True,0.005983984049756197,True,0.08165006275110898,2.4579868246529593e-12,0.08165006275356697,True,True
240,4,0.006800353527069092,0.001,True,False,False,0.00675709900019017,True,,,,,
240,5,0.006673835217952728,0.001,True,False,False,0.007398933975479416,True,,,,,
240,6,0.008589819073677063,0.001,True,True,True,0.008268945472755584,True,0.24517779251172556,2.454265389987855e-12,0.24517779251417982,True,True
240,7,0.00871478021144867,0.001,True,True,True,0.00846918944221442,True,0.15706944262048594,2.456164952352676e-12,0.15706944262294212,True,True
240,8,0.009179171174764633,0.001,True,True,True,0.009632694888857207,True,0.2530956214588196,2.454468637690923e-12,0.25309562146127407,True,True
240,9,0.009968236088752747,0.001,True,True,True,0.009544872826924289,True,0.16532888962973846,2.4559759927499e-12,0.16532888963219444,True,True
240,10,0.011026941239833832,0.001,True,True,True,0.007861875790506234,True,1.0676153294753021e-09,2.4616175828423075e-12,1.0700769470581445e-09,True,True
240,11,0.011990271508693695,0.001,True,True,True,0.0037221685490812506,True,0.011278960732230559,2.4561712041945847e-12,0.01127896073468673,True,True
240,12,0.010946735739707947,0.001,True,True,True,0.0020192975472013153,True,3.205222753877024e-10,2.4717914630307813e-12,3.229940668507332e-10,True,True
240,13,0.011470966041088104,0.001,True,True,True,0.0006996667402472401,True,0.21723785144140084,2.453800881671381e-12,0.21723785144385463,True,True
240,14,0.012657473795115948,0.001,True,True,True,0.04023872788930172,True,0.806013040718959,2.4797784722131696e-12,0.8060130407214388,True,True
240,15,0.009336990304291248,0.001,True,True,True,0.044923106068862184,True,0.6945600326534596,2.452629353737435e-12,0.6945600326559122,True,True
240,16,0.008687115274369717,0.001,True,True,True,0.0507028687139921,True,0.6854192672703299,2.453719540782697e-12,0.6854192672727836,True,True
240,17,0.012074816040694714,0.001,True,True,True,0.05212194323966912,True,0.4564431523422492,2.4558181338934356e-12,0.456443152344705,True,True
240,18,0.016111131757497787,0.001,True,True,True,0.05414449353611461,True,0.2209775368838276,2.460174724765304e-12,0.22097753688628777,True,True
240,19,0.016993826255202293,0.001,True,True,True,0.054543916749624444,True,2.2310275848980154e-09,2.483585825892906e-12,2.2335111707239085e-09,True,True
240,20,0.015367190353572369,0.001,True,True,True,0.04705181024007454,True,4.76564565587978e-10,5.410435367118581e-13,4.771056091246899e-10,True,True
241,1,0.006507076323032379,0.001,True,True,True,0.0058345584597745415,True,0.03542032862305433,6.179558740899715e-11,0.03542032868484992,True,True
241,2,0.006686247885227203,0.001,True,True,True,0.006526595979999605,True,0.12474420738524117,6.176770117361147e-11,0.12474420744700887,True,True
241,3,0.006909210234880447,0.001,True,True,True,0.008270688618094324,True,0.20000000298023224,6.18013242302596e-11,0.20000000304203355,True,True
241,4,0.009119577705860138,0.001,True,True,True,0.009896935040734522,True,0.23813891427429112,6.176471786203293e-11,0.23813891433605583,True,True
241,5,0.007950937375426292,0.001,True,True,True,0.004716027819417268,True,0.05639368747418416,6.177078895661715e-11,0.05639368753595495,True,True
241,6,0.008596970699727535,0.001,True,False,False,4.635030914634797e-09,True,,,,,
241,7,0.006815854925662279,0.001,True,True,True,0.0028950920940590263,True,1.640588662255027e-06,6.176169490122425e-11,1.6406504239499282e-06,True,True
241,8,0.00915490835905075,0.001,True,False,False,0.0063037246404082925,True,,,,,
241,9,0.009153209626674652,0.001,True,True,True,0.005898928577776963,True,0.045970745277088554,6.180184957589843e-11,0.0459707453388904,True,True
241,10,0.008663922548294067,0.001,True,True,True,0.005483009853387011,True,0.10245743331709889,6.179972770113822e-11,0.10245743337889862,True,True
241,11,0.0069579631090164185,0.001,True,True,True,0.004742374765954738,True,8.31569479942118e-08,6.18655342911118e-11,8.321881352850292e-08,True,True
241,12,0.0014087483286857605,0.001,True,True,True,0.004282506891331028,True,0.3180602062348328,6.17665122104154e-11,0.3180602062965993,True,True
241,13,-0.0005256794393062592,0.001,False,True,False,0.004995629509786381,True,,,,,
241,14,-0.0023591816425323486,0.001,False,True,False,0.006495029713456946,True,,,,,
241,15,-0.002620488405227661,0.001,False,True,False,0.008819654005112643,True,,,,,
241,16,-0.00265473872423172,0.001,False,True,False,0.01101846118777372,True,,,,,
241,17,-0.0004343092441558838,0.001,False,True,False,0.012548546784259873,True,,,,,
241,18,-7.703900337219238e-05,0.001,False,True,False,0.01353575118111583,True,,,,,
241,19,-0.0014375373721122742,0.001,False,True,False,0.013462246473606276,True,,,,,
241,20,-0.006758835166692734,0.001,False,True,False,0.00950808259460878,True,,,,,
242,1,0.0074387118220329285,0.001,True,True,True,0.007864574487689291,True,0.2288668339110913,1.8395763337880868e-13,0.22886683391127527,True,True
242,2,0.008723236620426178,0.001,True,True,True,0.008838659770758817,True,0.21676876039627402,1.8391941524862258e-13,0.21676876039645793,True,True
242,3,0.010064445436000824,0.001,True,True,True,0.009739197305976832,True,0.2096127148998761,1.839863187663857e-13,0.2096127149000601,True,True
242,4,0.00844946876168251,0.001,True,True,True,0.010242650249405905,True,0.19880628767818886,1.853787972502928e-13,0.19880628767837424,True,True
242,5,0.006756408140063286,0.001,True,True,True,0.010291413905236413,True,1.7621459846850485e-10,1.8348904975855607e-13,1.7639808751826342e-10,True,True
242,6,0.007713101804256439,0.001,True,True,True,0.01432884980978788,True,0.13542785752675357,1.867776824076512e-13,0.13542785752694034,True,True
242,7,0.007527679204940796,0.001,True,True,True,0.015082091158129307,True,0.20426837967793432,1.830035330213327e-13,0.2042683796781173,True,True
242,8,0.007223054766654968,0.001,True,True,True,0.01461659438518681,True,0.2157935254768475,1.8338220421318026e-13,0.21579352547703087,True,True
242,9,0.006966251879930496,0.001,True,True,True,0.013389806601207588,True,1.3693242095769165e-09,1.8563321599278844e-13,1.3695098427929092e-09,True,True
242,10,0.006470076739788055,0.001,True,True,True,0.011586714813652144,True,0.08052978901301344,1.8362225814664504e-13,0.08052978901319706,True,True
242,11,0.00616522878408432,0.001,True,True,True,0.010412716941338163,True,8.911840154723905e-10,1.8416725624861246e-13,8.91368182728639e-10,True,True
242,12,0.003941401839256287,0.001,True,True,True,0.010031185645304808,True,8.877805157680996e-10,1.8404657460609426e-13,8.879645623427057e-10,True,True
242,13,0.004184745252132416,0.001,True,True,True,0.010537931565157255,True,0.07144044470415878,1.834071553588802e-13,0.07144044470434219,True,True
242,14,0.004008065909147263,0.001,True,True,True,0.012240747485210868,True,0.01382197759543402,1.8484075622542983e-13,0.01382197759561886,True,True
242,15,0.003985162824392319,0.001,True,True,True,0.015324254524124115,True,1.5476615544685046e-09,1.8439001148824037e-13,1.547845944479993e-09,True,True
242,16,0.003110300749540329,0.001,True,True,True,0.01808558448485309,True,0.025518038739850812,1.8548080282803054e-13,0.025518038740036292,True,True
242,17,0.0010450511472299695,0.001,True,True,True,0.018142996055512395,True,0.30023866183606884,1.8338093601290062e-13,0.3002386618362522,True,True
242,18,-0.0045632123947143555,0.001,False,True,False,0.017689298107699702,True,,,,,
242,19,-0.007904373109340668,0.001,False,True,False,0.0169433196729869,True,,,,,
242,20,-0.013561271131038666,0.001,False,True,False,0.015469781124773485,True,,,,,
243,1,0.009103965014219284,0.001,True,True,True,0.00888059861599344,True,0.20000000298023224,1.0147802157568003e-16,0.20000000298023235,True,True
243,2,0.00999501347541809,0.001,True,True,True,0.009379411858850606,True,0.20034380808600458,1.0147633579451634e-16,0.2003438080860047,True,True
243,3,0.010796699672937393,0.001,True,True,True,0.009799955173327657,True,0.20625384430170213,1.0144923744812198e-16,0.20625384430170224,True,True
243,4,0.011340402066707611,0.001,True,True,True,0.010711665423848271,True,4.440892098500626e-16,1.3403296281117347e-16,5.781221726612361e-16,True,True
243,5,0.01285923644900322,0.001,True,True,True,0.013011011508258785,True,0.1605162895436827,1.0147332077288237e-16,0.1605162895436828,True,True
243,6,0.014091819524765015,0.001,True,True,True,0.013906804665959838,True,0.1553095098144237,1.0146782775077774e-16,0.15530950981442382,True,True
243,7,0.014686346054077148,0.001,True,True,True,0.01012536362829286,True,5.551115123125783e-16,1.4593129450137616e-16,7.010428068139544e-16,True,True
243,8,0.014238893985748291,0.001,True,True,True,0.0003151681186394084,True,-0.2941665586986133,0.2941665586986125,-7.771561172376096e-16,False,True
243,9,0.013377096503973007,0.001,True,True,True,1.1102230246251565e-16,True,0.7025349620857053,1.0146110966126123e-16,0.7025349620857054,True,True
243,10,0.012593057006597519,0.001,True,True,True,0.003599601367096028,True,0.0,1.3125321171273863e-16,1.3125321171273863e-16,True,True
243,11,0.0121912881731987,0.001,True,True,True,0.006441757762222888,True,7.105427357601002e-15,1.1596841748399488e-16,7.221395775084997e-15,True,True
243,12,0.011978697031736374,0.001,True,True,True,0.010456932071207126,True,1.7763568394002505e-15,1.5790872878854835e-16,1.934265568188799e-15,True,True
243,13,0.012807093560695648,0.001,True,True,True,0.01548554571885652,True,1.7763568394002505e-15,1.053525047136265e-16,1.881709344113877e-15,True,True
243,14,0.014516972005367279,0.001,True,True,True,0.021495819062317567,True,3.552713678800501e-15,1.0360930747020773e-16,3.656322986270709e-15,True,True
243,15,0.01693699136376381,0.001,True,True,True,0.028584126708688817,True,-1.7763568394002505e-15,1.3793208997308867e-16,-1.6384247494271618e-15,True,True
243,16,0.02008306235074997,0.001,True,True,True,0.03123050980901465,True,0.39560599786138617,1.0146315745026518e-16,0.3956059978613863,True,True
243,17,0.023521557450294495,0.001,True,True,True,0.025578825211242107,True,0.30412642532694534,1.0146221529154748e-16,0.30412642532694545,True,True
243,18,0.024324549362063408,0.001,True,True,True,0.02770799049868722,True,3.552713678800501e-15,1.0606582783104482e-16,3.658779506631546e-15,True,True
243,19,0.023968301713466644,0.001,True,True,True,0.015655051752179405,True,0.0,2.0264704335826764e-16,2.0264704335826764e-16,True,True
243,20,0.022776689380407333,0.001,True,True,True,0.0030938172924475094,True,0.0,1.2303948436624317e-17,1.2303948436624317e-17,True,True
244,1,0.009939253330230713,0.001,True,False,False,0.009314300716347867,True,,,,,
244,2,0.010380089282989502,0.001,True,False,False,0.010180178740849755,True,,,,,
244,3,0.010835975408554077,0.001,True,False,False,0.011138688465841984,True,,,,,
244,4,0.005899883806705475,0.001,True,True,True,0.006169178708286371,True,0.02128539091220638,7.144795658012816e-14,0.021285390912277827,True,True
244,5,0.006425388157367706,0.001,True,False,False,0.0060360608818663675,True,,,,,
244,6,0.006701290607452393,0.001,True,True,True,0.005315590223973543,True,0.00942251834108987,7.105558368726948e-14,0.009422518341160925,True,True
244,7,0.00819484144449234,0.001,True,True,True,0.0036580252444682326,True,7.2354566782451e-11,7.156994787975781e-14,7.242613673033076e-11,True,True
244,8,0.009163029491901398,0.001,True,True,True,0.003542256407951916,True,1.4572165696336015e-10,7.627232179174825e-14,1.457979292851519e-10,True,True
244,9,-0.0287884920835495,0.001,False,True,False,0.01351388148523247,True,,,,,
244,10,0.006320612505078316,0.001,True,True,True,0.020491125210733374,True,0.6244196013045382,7.10457474118849e-14,0.6244196013046093,True,True
244,11,0.010173290967941284,0.001,True,True,True,0.018233470589707812,True,0.29879571154405227,7.143636945249936e-14,0.2987957115441237,True,True
244,12,0.010548186488449574,0.001,True,True,True,0.015818204043818174,True,0.11388750398769787,7.124808168861174e-14,0.11388750398776912,True,True
244,13,0.015724094584584236,0.001,True,True,True,0.014529177899896606,True,0.01143986242676931,7.12734853149022e-14,0.011439862426840582,True,True
244,14,0.022850990295410156,0.001,True,True,True,0.04027106768541233,True,0.07963247747215263,7.172206238600538e-14,0.07963247747222435,True,True
244,15,0.013897457160055637,0.001,True,True,True,0.036735115868219204,True,0.5180873546912892,7.110852998931318e-14,0.5180873546913602,True,True
244,16,0.01701289415359497,0.001,True,False,False,0.031217409625416304,True,,,,,
244,17,0.022606298327445984,0.001,True,False,False,0.033531996172812883,True,,,,,
244,18,0.018861593678593636,0.001,True,False,False,0.016658815650778314,True,,,,,
244,19,0.013947702012956142,0.001,True,True,True,0.018440788207101155,True,3.0606273071498435e-10,7.161716475547155e-14,3.0613434787973984e-10,True,True
244,20,0.006422233302146196,0.001,True,False,False,0.011650735272205726,True,,,,,
245,1,0.010415928438305855,0.001,True,True,True,0.005624375177230023,True,0.2015509359486698,2.315945690170997e-11,0.20155093597182924,True,True
245,2,0.004688182845711708,0.001,True,True,True,0.006363331625850177,True,0.17479992365827002,2.3027195096139092e-11,0.1747999236812972,True,True
245,3,0.0062570720911026,0.001,True,True,True,0.011793949487581279,True,0.34179440873113265,2.3075152061467693e-11,0.3417944087542078,True,True
245,4,0.007068667560815811,0.001,True,True,True,0.012109527594943992,True,0.3234922141159764,2.3038977843304705e-11,0.32349221413901535,True,True
245,5,0.006953652948141098,0.001,True,True,True,0.010669703391349539,True,0.225450197140308,2.3069433617070294e-11,0.22545019716337744,True,True
245,6,0.006700761616230011,0.001,True,True,True,0.009282237774118851,True,2.272740573516785e-08,2.3117258931278385e-11,2.2750522994099128e-08,True,True
245,7,0.004649080336093903,0.001,True,True,True,0.007750389447028994,True,0.029331940883110974,2.3034998080230703e-11,0.02933194090614597,True,True
245,8,0.0038205161690711975,0.001,True,True,True,0.0071867431442185215,True,2.07430389309593e-07,2.302136825989188e-11,2.074534106778529e-07,True,True
245,9,0.003542967140674591,0.001,True,True,True,0.00812691671308774,True,6.813252184656449e-09,2.322029615557891e-11,6.836472480812028e-09,True,True
245,10,0.006848018616437912,0.001,True,False,False,0.009701324508698095,True,,,,,
245,11,0.00831964984536171,0.001,True,True,True,0.012063564617720512,True,0.2188315249680599,2.298853641002867e-11,0.21883152499104844,True,True
245,12,0.010480411350727081,0.001,True,True,True,0.014900952342757234,True,0.20579185548129786,2.3071747768751067e-11,0.2057918555043696,True,True
245,13,0.013224255293607712,0.001,True,True,True,0.018190717145515345,True,0.23361387698235525,2.3084870029470745e-11,0.23361387700544012,True,True
245,14,0.016354713588953018,0.001,True,True,True,0.02842792315973841,True,0.48561580365960566,2.30215845134967e-11,0.48561580368262725,True,True
245,15,0.01759190298616886,0.001,True,True,True,0.034711879254667455,True,0.2665716121431032,2.3002604889272242e-11,0.2665716121661058,True,True
245,16,0.018743542954325676,0.001,True,True,True,0.029869640573571443,True,1.2782146896483937e-08,2.3138718544393624e-11,1.2805285615028331e-08,True,True
245,17,0.01869601011276245,0.001,True,True,True,0.032135992611555864,True,0.06366980078822948,2.3113354984348828e-11,0.06366980081134284,True,True
245,18,0.019474783912301064,0.001,True,True,True,0.03355758155109534,True,0.02343427852126645,2.306059294467565e-11,0.02343427854432704,True,True
245,19,0.019576413556933403,0.001,True,True,True,0.033509394722395225,True,1.9902332226706676e-08,2.309646511905684e-11,1.9925428691825732e-08,True,True
245,20,0.013232894241809845,0.001,True,False,False,0.056419469390678545,True,,,,,
246,1,0.007523849606513977,0.001,True,True,True,0.005855826833057964,True,0.15197839969044757,3.7281065667640724e-16,0.15197839969044794,True,True
246,2,0.01054227352142334,0.001,True,True,True,0.009469748370651065,True,0.187759039733578,3.729874850211196e-16,0.18775903973357835,True,True
246,3,0.01192142441868782,0.001,True,True,True,0.009439367887040584,True,0.15898694114780199,3.729003485293859e-16,0.15898694114780235,True,True
246,4,0.013290375471115112,0.001,True,True,True,0.007781979879545875,True,0.14446115873549137,3.729590649887404e-16,0.14446115873549173,True,True
246,5,0.011219847947359085,0.001,True,True,True,0.008071590684220142,True,3.019806626980426e-13,3.7343175884581753e-16,3.023540944568884e-13,True,True
246,6,0.010241232812404633,0.001,True,True,True,0.006424725775614593,True,0.020799495235205967,3.729389711528432e-16,0.020799495235206338,True,True
246,7,0.008869506418704987,0.001,True,True,True,0.006842351063132801,True,7.815970093361102e-13,3.7302516273936106e-16,7.819700344988496e-13,True,True
246,8,0.008516278117895126,0.001,True,True,True,0.007266201567803776,True,6.821210263296962e-13,3.734878902235861e-16,6.824945142199198e-13,True,True
246,9,0.007813859730958939,0.001,True,True,True,0.0075440440469281,True,0.08671324895951926,3.7269133477121604e-16,0.08671324895951964,True,True
246,10,0.011473145335912704,0.001,True,False,False,0.007939544448634095,True,,,,,
246,11,0.013843394815921783,0.001,True,True,True,0.008044496137905366,True,0.18071113489127066,3.7304579732842787e-16,0.18071113489127102,True,True
246,12,0.016057301312685013,0.001,True,True,True,0.0084439395404039,True,0.06274219364256028,3.7300306305833306e-16,0.06274219364256066,True,True
246,13,0.018632836639881134,0.001,True,True,True,0.009288924779670804,True,0.0004565969757166499,3.7248451169426976e-16,0.0004565969757170224,True,True
246,14,0.021614551544189453,0.001,True,True,True,0.010511039016082524,True,9.237055564881302e-14,3.7462055836218953e-16,9.274517620717521e-14,True,True
246,15,0.023728884756565094,0.001,True,True,True,0.045509688031778905,True,0.010777815002995794,3.731120096015581e-16,0.010777815002996167,True,True
246,16,0.017474781721830368,0.001,True,True,True,0.04937553145013718,True,3.4567904094728874e-12,3.7290001882036363e-16,3.4571633094917078e-12,True,True
246,17,0.013470172882080078,0.001,True,True,True,0.060098020943708086,True,1.168659729462476,3.7277587740549453e-16,1.1686597294624765,True,True
246,18,0.011425215750932693,0.001,True,True,True,0.06439259913245787,True,1.513799816862317,3.729461145230545e-16,1.5137998168623175,True,True
246,19,0.009611334651708603,0.001,True,True,True,0.06864030765774154,True,0.2723413822510494,3.737792709016101e-16,0.2723413822510498,True,True
246,20,0.013492658734321594,0.001,True,True,True,0.07039970237388515,True,8.348877145181177e-14,4.1089566741345094e-17,8.352986101855312e-14,True,True
247,1,0.009202107787132263,0.001,True,True,True,0.008671300181418817,True,0.19040516100939398,4.7226354690290884e-14,0.19040516100944122,True,True
247,2,0.010434180498123169,0.001,True,True,True,0.00849226277335735,True,0.15572690896128627,4.706508165720016e-14,0.15572690896133334,True,True
247,3,0.010586347430944443,0.001,True,True,True,0.00835394658011046,True,0.1159461073056196,4.6979645909584265e-14,0.11594610730566658,True,True
247,4,0.009827803820371628,0.001,True,True,True,0.008674541550921178,True,1.219575551658636e-10,4.7028594170699545e-14,1.2200458376003429e-10,True,True
247,5,0.009447194635868073,0.001,True,True,True,0.007781387166516995,True,0.056630204681646035,4.70404437179494e-14,0.056630204681693073,True,True
247,6,0.008724011480808258,0.001,True,True,True,0.00867521456935294,True,0.10172739749948079,4.694488774021377e-14,0.10172739749952774,True,True
247,7,0.008281230926513672,0.001,True,True,True,0.009212616685147834,True,0.08915318241539438,4.687415762070124e-14,0.08915318241544126,True,True
247,8,0.00838465616106987,0.001,True,True,True,0.01024908270424607,True,0.10100749987809365,4.6989664046012875e-14,0.10100749987814064,True,True
247,9,0.008706804364919662,0.001,True,True,True,0.011360758312132235,True,2.5359270239277976e-11,4.74552418183747e-14,2.540672548109635e-11,True,True
247,10,0.009391680359840393,0.001,True,True,True,0.012792532102186893,True,0.20000000298023224,4.7344466776366075e-14,0.2000000029802796,True,True
247,11,0.01004694402217865,0.001,True,True,True,0.01463443889837146,True,1.5276668818842154e-11,4.708623609599117e-14,1.5323755054938145e-11,True,True
247,12,0.010552771389484406,0.001,True,True,True,0.01691709300087152,True,0.004310076411343289,4.693192057084322e-14,0.004310076411390221,True,True
247,13,0.011162180453538895,0.001,True,True,True,0.01997156044831838,True,0.009024928600140925,4.710591232770758e-14,0.009024928600188031,True,True
247,14,0.011729910969734192,0.001,True,True,True,0.023646657208931332,True,0.03190925009982237,4.7068110920063463e-14,0.03190925009986944,True,True
247,15,0.00818182248622179,0.001,True,True,True,0.02579741633817445,True,0.17910729800289005,4.701393384982126e-14,0.17910729800293707,True,True
247,16,0.010155713185667992,0.001,True,True,True,0.024659960217861876,True,0.21979787687730035,4.720890164818355e-14,0.21979787687734756,True,True
247,17,0.003617106005549431,0.001,True,True,True,0.05128421004904293,True,0.02645280997904287,4.69279961658108e-14,0.026452809979089796,True,True
247,18,-0.0037283524870872498,0.001,False,True,False,0.05620462407912363,True,,,,,
247,19,-0.011340633034706116,0.001,False,True,False,0.059895598726929844,True,,,,,
247,20,-0.025060400366783142,0.001,False,True,False,0.05690045127417598,True,,,,,
248,1,0.009577639400959015,0.001,True,True,True,0.008364510874352193,True,0.18797596645342196,1.6082936764443926e-17,0.187975966453422,True,True
248,2,0.009675219655036926,0.001,True,True,True,0.007801266643851168,True,0.1457468045227479,1.6110032556595025e-17,0.14574680452274794,True,True
248,3,0.009693082422018051,0.001,True,True,True,0.006932582850151414,True,3.064215547965432e-14,1.6137375669286928e-17,3.065829285532361e-14,True,True
248,4,0.00951828807592392,0.001,True,True,True,0.005942566226113666,True,0.030777404811178855,1.6117378980259655e-17,0.030777404811178872,True,True
248,5,0.009442515671253204,0.001,True,True,True,0.006433151420064398,True,0.03259820667354063,1.6107709807585582e-17,0.032598206673540644,True,True
248,6,0.009584710001945496,0.001,True,True,True,0.007736798843341441,True,4.618527782440651e-14,1.6105800275681787e-17,4.6201383624682194e-14,True,True
248,7,0.010229174047708511,0.001,True,True,True,0.010095992342788795,True,2.842170943040401e-14,1.617610290847347e-17,2.843788553331248e-14,True,True
248,8,0.011261701583862305,0.001,True,True,True,0.013149054166716079,True,2.4868995751603507e-14,1.6133769061649795e-17,2.4885129520665156e-14,True,True
248,9,0.012658905237913132,0.001,True,True,True,0.01711753096638069,True,1.4210854715202004e-14,1.614134366922563e-17,1.422699605887123e-14,True,True
248,10,0.014787904918193817,0.001,True,True,True,0.021076280900924615,True,3.019806626980426e-14,1.6131678104157626e-17,3.0214197947908416e-14,True,True
248,11,0.01679861545562744,0.001,True,True,True,0.02567933829409985,True,1.4210854715202004e-14,1.615249226734995e-17,1.4227007207469354e-14,True,True
248,12,0.019659586250782013,0.001,True,True,True,0.02984319505490629,True,0.04033395279064145,1.6134124833323724e-17,0.04033395279064146,True,True
248,13,0.02349857985973358,0.001,True,True,True,0.03402174961312143,True,0.09563428739537372,1.6168264478749844e-17,0.09563428739537373,True,True
248,14,0.02398972399532795,0.001,True,True,True,0.06114490098192871,True,2.6645352591003757e-14,1.6120780122371862e-17,2.666147337112613e-14,True,True
248,15,0.016109438613057137,0.001,True,True,True,0.056480372874985196,True,0.3006779074071204,1.6115500154204928e-17,0.3006779074071204,True,True
248,16,0.010721955448389053,0.001,True,True,True,0.05378718911113922,True,1.2205466347549176,1.6116940290191667e-17,1.2205466347549176,True,True
248,17,0.007481653243303299,0.001,True,True,True,0.04804619871215965,True,0.16673935602146273,1.613034063065531e-17,0.16673935602146275,True,True
248,18,0.005337730050086975,0.001,True,True,True,0.043687037837652154,True,6.039613253960852e-14,1.6205603377673158e-17,6.041233814298619e-14,True,True
248,19,0.004129223525524139,0.001,True,True,True,0.041389067675674296,True,0.04341584230292739,1.620686190389459e-17,0.0434158423029274,True,True
248,20,0.008235029876232147,0.001,True,True,True,0.04070883712782147,True,0.0,2.3290951710103967e-18,2.3290951710103967e-18,True,True
249,1,0.00939466804265976,0.001,True,True,True,0.005757349235052112,True,0.18929059838627005,1.7654513777924465e-12,0.1892905983880355,True,True
249,2,0.009153489023447037,0.001,True,True,True,0.0036480893899303313,True,0.14699029262362373,1.770097249800204e-12,0.14699029262539381,True,True
249,3,0.008956842124462128,0.001,True,True,True,0.002438834454772554,True,0.07270421051761033,1.7615498507550756e-12,0.07270421051937188,True,True
249,4,0.009023413062095642,0.001,True,True,True,0.0010416631845000524,True,4.652775942304288e-10,1.7682423352964889e-12,4.670458365657253e-10,True,True
249,5,0.008998550474643707,0.001,True,True,True,0.00017616436051204332,True,0.02660663102997063,1.7717719653924428e-12,0.026606631031742402,True,True
249,6,0.008574464358389378,0.001,True,True,True,0.0416698330414933,True,0.9357921464122683,1.7656636437297981e-12,0.935792146414034,True,True
249,7,0.00862786266952753,0.001,True,True,True,0.041379146142257905,True,0.7889924880836929,1.764889774565824e-12,0.7889924880854579,True,True
249,8,0.006005497649312019,0.001,True,True,True,0.04268465900170271,True,0.9034653650479072,1.763447433307006e-12,0.9034653650496707,True,True
249,9,0.005554884672164917,0.001,True,True,True,0.04396539343492356,True,0.8283723185628062,1.7634218825541309e-12,0.8283723185645696,True,True
249,10,0.005949565675109625,0.001,True,True,True,0.04497113664015551,True,0.7716859102547176,1.7653985792118386e-12,0.7716859102564829,True,True
249,11,0.002755021210759878,0.001,True,True,True,0.04802459366278833,True,0.5163002733367037,1.7634925454156912e-12,0.5163002733384672,True,True
249,12,0.0005431534955278039,0.001,False,True,False,0.04947912878467964,True,,,,,
249,13,-0.0011708326637744904,0.001,False,True,False,0.0515279806127531,True,,,,,
249,14,-0.0016551762819290161,0.001,False,True,False,0.05385887144811807,True,,,,,
249,15,0.002062881365418434,0.001,True,True,True,0.058615703153232834,True,1.161381330626611,1.7681577741019948e-12,1.1613813306283791,True,True
249,16,0.008441280573606491,0.001,True,True,True,0.048588423139196424,True,0.5657110728919506,1.7609859752088698e-12,0.5657110728937116,True,True
249,17,0.0016188800800591707,0.001,True,True,True,0.04931478581506332,True,0.3405127399485721,1.7921239432936422e-12,0.34051273995036424,True,True
249,18,-0.003471408039331436,0.001,False,True,False,0.049375865265402163,True,,,,,
249,19,-0.0067025162279605865,0.001,False,True,False,0.04915280273196787,True,,,,,
249,20,-0.00864151120185852,0.001,False,True,False,0.04959596681226475,True,,,,,
250,1,0.007322080433368683,0.001,True,True,True,0.004894146796290522,True,0.18936882057048576,3.6167130015477765e-16,0.18936882057048612,True,True
250,2,0.00419684499502182,0.001,True,True,True,0.003969099511324181,True,1.9255708139098715e-12,3.590845323708965e-16,1.9259298984422424e-12,True,True
250,3,0.0006076470017433167,0.001,False,True,False,0.0036100406487842296,True,,,,,
250,4,-0.002726227045059204,0.001,False,True,False,0.004579700393684716,True,,,,,
250,5,-0.003020673990249634,0.001,False,True,False,0.006171259193944456,True,,,,,
250,6,-0.004851892590522766,0.001,False,True,False,0.008027369412146879,True,,,,,
250,7,-0.0031324923038482666,0.001,False,True,False,0.010294755732973782,True,,,,,
250,8,-0.001959439367055893,0.001,False,True,False,0.013028532134192305,True,,,,,
250,9,0.00022415071725845337,0.001,False,True,False,0.016412933467429003,True,,,,,
250,10,0.0033079273998737335,0.001,True,True,True,0.02067492560982731,True,0.45025092817961365,3.6128228483923942e-16,0.45025092817961404,True,True
250,11,0.0045799799263477325,0.001,True,True,True,0.026031713390020306,True,0.36230492206529163,3.5832499913894546e-16,0.36230492206529197,True,True
250,12,0.007499873638153076,0.001,True,True,True,0.032892947544503004,True,1.1690417522913776e-09,3.588475978315069e-16,1.1690421111389754e-09,True,True
250,13,0.00591210275888443,0.001,True,True,True,0.02156521288808011,True,0.23830951198303296,3.5795023709694235e-16,0.23830951198303332,True,True
250,14,0.00477706640958786,0.001,True,True,True,0.013934844798850099,True,0.08560281362487387,3.5973669016237243e-16,0.08560281362487424,True,True
250,15,0.0022373907268047333,0.001,True,True,True,0.007811045832552654,True,1.2079226507921703e-13,3.5823109648993905e-16,1.2115049617570697e-13,True,True
250,16,0.0008334144949913025,0.001,False,True,False,0.004156446059827346,True,,,,,
250,17,0.00030202046036720276,0.001,False,True,False,0.0022339619563078728,True,,,,,
250,18,0.00024695321917533875,0.001,False,True,False,0.0015080865054246662,True,,,,,
250,19,1.8645099771674722e-05,0.001,False,True,False,0.001419208742016398,True,,,,,
250,20,-0.0014921650290489197,0.001,False,True,False,0.0013729179959900417,True,,,,,
251,1,0.0063107870519161224,0.001,True,True,True,0.00486546917221764,True,0.06125884391503078,1.0287528356342421e-16,0.061258843915030885,True,True
251,2,0.005163408815860748,0.001,True,True,True,0.005024059284713944,True,5.684341886080802e-14,1.0286707766032904e-16,5.694628593846834e-14,True,True
251,3,0.004500988870859146,0.001,True,True,True,0.005402081831424654,True,5.115907697472721e-13,1.0263449895791773e-16,5.116934042462301e-13,True,True
251,4,0.004146657884120941,0.001,True,True,True,0.0056093488350899,True,1.1368683772161603e-13,1.0281230945763068e-16,1.1378965003107366e-13,True,True
251,5,0.004564844071865082,0.001,True,True,True,0.006688235699118916,True,3.268496584496461e-13,1.0286138692994111e-16,3.2695251983657603e-13,True,True
251,6,0.005737747997045517,0.001,True,True,True,0.008106538761269988,True,0.044274629067402316,1.0303786224059195e-16,0.04427462906740242,True,True
251,7,0.0076364316046237946,0.001,True,True,True,0.009016321891637258,True,0.11717368329711064,1.0299687027136112e-16,0.11717368329711074,True,True
251,8,0.010552946478128433,0.001,True,True,True,0.008967183376175303,True,0.16030027331151242,1.0307876084504231e-16,0.16030027331151253,True,True
251,9,0.014546476304531097,0.001,True,True,True,0.008193504889099312,True,0.3698788718086412,1.0290337357174163e-16,0.3698788718086413,True,True
251,10,0.017074214294552803,0.001,True,True,True,0.028404343297836476,True,2.668303658026616e-07,1.0264789358647306e-16,2.668303659053095e-07,True,True
251,11,0.021664980798959732,0.001,True,True,True,0.029329226959577293,True,1.7763568394002505e-14,1.0330271766863778e-16,1.7866871111671142e-14,True,True
251,12,0.025931943207979202,0.001,True,True,True,0.05348145309440855,True,1.4033219031261979e-13,1.0286805780069247e-16,1.4043505837042048e-13,True,True
251,13,0.018907370045781136,0.001,True,True,True,0.050227881875829494,True,2.3092638912203256e-13,1.0323465197052154e-16,2.310296237740031e-13,True,True
251,14,0.013670410960912704,0.001,True,True,True,0.04393784182572569,True,0.5940882867580015,1.0287049235075495e-16,0.5940882867580016,True,True
251,15,0.008271511644124985,0.001,True,True,True,0.036332101254844096,True,1.191965689931652,1.0304251897501935e-16,1.191965689931652,True,True
251,16,0.00401625782251358,0.001,True,True,True,0.03986252219851072,True,0.4421750695952851,1.0294708507091185e-16,0.4421750695952852,True,True
251,17,0.00177658349275589,0.001,True,True,True,0.042601572670945886,True,0.19777960114417015,1.0280347384471496e-16,0.19777960114417026,True,True
251,18,0.001119513064622879,0.001,True,True,True,0.04354511286734586,True,8.881784197001252e-15,1.0355966756677955e-16,8.985343864568032e-15,True,True
251,19,0.001579243689775467,0.001,True,True,True,0.04146813704485308,True,1.9539925233402755e-14,1.0500374358925958e-16,1.9644928976992015e-14,True,True
251,20,0.002671819180250168,0.001,True,True,True,0.041102626462725,True,1.4210854715202004e-14,1.5571459027512893e-17,1.4226426174229517e-14,True,True
252,1,0.00612824410200119,0.001,True,True,True,0.005136435756276203,True,0.1508445981580664,2.53627222223809e-13,0.15084459815832002,True,True
252,2,0.005923505872488022,0.001,True,True,True,0.005058468724500553,True,0.039696584192640216,2.534860572863627e-13,0.0396965841928937,True,True
252,3,0.00599806010723114,0.001,True,True,True,0.005255837334526836,True,3.3003288990585133e-09,2.530439032663635e-13,3.30058194296178e-09,True,True
252,4,0.006596934050321579,0.001,True,True,True,0.006871663416269325,True,3.200284481863491e-11,2.541573760961176e-13,3.225700219473103e-11,True,True
252,5,0.0071305446326732635,0.001,True,True,True,0.009423534030191583,True,0.027857557223221363,2.532119284096823e-13,0.027857557223474574,True,True
252,6,0.007961466908454895,0.001,True,True,True,0.012141676783956612,True,0.04163215021608835,2.529277084956143e-13,0.04163215021634128,True,True
252,7,0.0082237608730793,0.001,True,True,True,0.014739443190823653,True,0.0699557082049509,2.533620223301409e-13,0.06995570820520426,True,True
252,8,0.008104637265205383,0.001,True,True,True,0.017272917227062923,True,0.10283309243547478,2.5329945833271116e-13,0.10283309243572808,True,True
252,9,0.008477579802274704,0.001,True,True,True,0.020059186966500553,True,0.11591099199029742,2.5330614926613374e-13,0.11591099199055073,True,True
252,10,0.009441807866096497,0.001,True,True,True,0.023774898428556845,True,0.12044019797609451,2.5341468761771865e-13,0.12044019797634792,True,True
252,11,0.011515669524669647,0.001,True,True,True,0.028861304248366526,True,0.11655960438569934,2.5470823341338933e-13,0.11655960438595406,True,True
252,12,0.006701819598674774,0.001,True,True,True,0.033683868690158825,True,0.5410236115707505,2.5266920550289447e-13,0.5410236115710032,True,True
252,13,0.008016115985810757,0.001,True,True,True,0.03703552556086098,True,0.25467698808047423,2.5602985670073e-13,0.25467698808073025,True,True
252,14,0.011900708079338074,0.001,True,True,True,0.03709382596052513,True,0.09692786717272028,2.536298726406934e-13,0.09692786717297391,True,True
252,15,0.011990459635853767,0.001,True,True,True,0.03492855663613614,True,3.4915714763883443e-10,2.528407141282618e-13,3.494099883529627e-10,True,True
252,16,0.015203273855149746,0.001,True,True,True,0.03666879108276255,True,1.3143619526090333e-10,2.5361492919344885e-13,1.3168981019009677e-10,True,True
252,17,0.020954828709363937,0.001,True,True,True,0.034480341032362194,True,0.05616893837192549,2.540489007731508e-13,0.05616893837217954,True,True
252,18,0.02352929674088955,0.001,True,True,True,0.09058644309961728,True,0.4967712452534734,2.5386756717480014e-13,0.49677124525372723,True,True
252,19,0.0036261759232729673,0.001,True,True,True,0.014422918566998622,True,1.0698466275557337,2.532482413107247e-13,1.069846627555987,True,True
252,20,-0.002223443239927292,0.001,False,True,False,0.022996206587770907,True,,,,,
253,1,0.00625089555978775,0.001,True,True,True,0.004396020348268692,True,0.03261126055581798,2.8313994430391426e-13,0.03261126055610112,True,True
253,2,0.006382640451192856,0.001,True,True,True,0.004548019416107607,True,0.038462432207715835,2.836389344618581e-13,0.03846243220799948,True,True
253,3,0.006753455847501755,0.001,True,True,True,0.005240489378666391,True,1.7412560282537015e-10,2.8519316129125984e-13,1.7441079598666142e-10,True,True
253,4,0.0078655406832695,0.001,True,True,True,0.00628695623787312,True,5.2246861059757066e-08,2.8424858026309145e-13,5.224714530833733e-08,True,True
253,5,0.009283360093832016,0.001,True,True,True,0.00751161441430459,True,0.25630528521051055,2.8340297444943e-13,0.25630528521079393,True,True
253,6,0.010412388481199741,0.001,True,True,True,0.03661239767627511,True,0.46631394421718664,2.8311212028732143e-13,0.46631394421746974,True,True
253,7,0.009413492865860462,0.001,True,True,True,0.040247249732566104,True,0.528213533326932,2.8318118857310477e-13,0.5282135333272152,True,True
253,8,0.0097592081874609,0.001,True,True,True,0.04316304617263378,True,0.527686316779981,2.832171790266115e-13,0.5276863167802642,True,True
253,9,0.011197861284017563,0.001,True,True,True,0.045330907055561864,True,0.2882603597086315,2.835323888917365e-13,0.28826035970891506,True,True
253,10,0.014111577533185482,0.001,True,True,True,0.04698181834276305,True,3.730686870540012e-10,2.8520515940344916e-13,3.7335389221340464e-10,True,True
253,11,0.018542088568210602,0.001,True,True,True,0.04383767334491995,True,0.07209378788974874,2.845241011025377e-13,0.07209378789003326,True,True
253,12,0.02105024829506874,0.001,True,True,True,0.05212899169344154,True,2.1142838591003965e-09,2.9073071165566056e-13,2.114574589812052e-09,True,True
253,13,0.019293159246444702,0.001,True,True,True,0.019289053798580813,True,2.8840787535955315e-09,2.876731224390649e-13,2.8843664267179703e-09,True,True
253,14,0.006333582103252411,0.001,True,True,True,0.019484379725857037,True,6.300027166616928e-11,2.8542888185254846e-13,6.328570054802183e-11,True,True
253,15,-0.006470866501331329,0.001,False,True,False,0.018184979780772936,True,,,,,
253,16,-0.008227236568927765,0.001,False,True,False,0.017930586650073188,True,,,,,
253,17,-0.0016064420342445374,0.001,False,True,False,0.01913459090537284,True,,,,,
253,18,0.005390923470258713,0.001,True,True,True,0.020785976356157754,True,7.275957614183426e-10,2.911623976808169e-13,7.278869238160234e-10,True,True
253,19,0.011586271226406097,0.001,True,False,False,0.022361106491968652,True,,,,,
253,20,0.012434668838977814,0.001,True,True,True,0.022332889251303722,True,8.854428301674488e-11,6.179926389892294e-14,8.860608228064381e-11,True,True
254,1,0.006354164332151413,0.001,True,True,True,0.005681485206472159,True,0.06204654192458037,1.5761566545953652e-14,0.062046541924596126,True,True
254,2,0.005596950650215149,0.001,True,True,True,0.007410339030411661,True,8.217284630518407e-10,1.5676798306032212e-14,8.217441398501467e-10,True,True
254,3,0.006048813462257385,0.001,True,True,True,0.010269781928540445,True,0.06874288083679403,1.5796696470130032e-14,0.06874288083680982,True,True
254,4,0.006950244307518005,0.001,True,True,True,0.013338587937116175,True,0.1471715189197198,1.5734115574848366e-14,0.14717151891973554,True,True
254,5,0.007380038499832153,0.001,True,True,True,0.016160446072689405,True,0.2661105250017215,1.5755252389736513e-14,0.26611052500173726,True,True
254,6,0.007989518344402313,0.001,True,True,True,0.018997267647876015,True,0.43634663358444925,1.5755934040155936e-14,0.436346633584465,True,True
254,7,0.008515965193510056,0.001,True,True,True,0.022022011006767928,True,0.5695587812814722,1.5749617546755324e-14,0.569558781281488,True,True
254,8,0.009261712431907654,0.001,True,True,True,0.02547314906208986,True,0.6010833513867908,1.574595721466758e-14,0.6010833513868066,True,True
254,9,0.010062750428915024,0.001,True,True,True,0.029718440451938166,True,0.5032544400995818,1.575667497246719e-14,0.5032544400995975,True,True
254,10,0.010699640959501266,0.001,True,True,True,0.035159652482690484,True,0.18196214252550647,1.576714592505467e-14,0.18196214252552223,True,True
254,11,0.008278816938400269,0.001,True,True,True,0.04154424417702596,True,1.2058122562755216,1.5750359861073334e-14,1.2058122562755373,True,True
254,12,0.00676683709025383,0.001,True,True,True,0.04631478594128313,True,0.23518222959130242,1.5787659941191233e-14,0.2351822295913182,True,True
254,13,0.007953365333378315,0.001,True,True,True,0.05020860864415111,True,0.2322001736947925,1.57471093068556e-14,0.23220017369480825,True,True
254,14,0.010861177928745747,0.001,True,True,True,0.05363271615841403,True,0.16014647911850943,1.5746343887905224e-14,0.16014647911852517,True,True
254,15,0.011113185435533524,0.001,True,True,True,0.006774021764690108,True,0.05902316961650911,1.574480783817894e-14,0.05902316961652485,True,True
254,16,0.014232669025659561,0.001,True,True,True,0.004545708535415027,True,9.467981954003335e-12,1.5783685741062494e-14,9.483765639744398e-12,True,True
254,17,0.020895466208457947,0.001,True,True,True,0.008414534097852311,True,0.15167200239094214,1.582312368861986e-14,0.15167200239095796,True,True
254,18,0.014629960060119629,0.001,True,True,True,0.00994387228904925,True,0.1840198365839285,1.5806268617599582e-14,0.1840198365839443,True,True
254,19,0.003891490399837494,0.001,True,True,True,0.009000755349063194,True,0.05515091271688277,1.5796164348078806e-14,0.055150912716898565,True,True
254,20,0.010976165533065796,0.001,True,True,True,0.012318512848340957,True,0.17564218409494003,2.5573319181773193e-15,0.1756421840949426,True,True
255,1,0.0071842260658741,0.001,True,True,True,0.007057808727277015,True,0.15550785813896795,8.195289041297836e-13,0.15550785813978749,True,True
255,2,0.008232861757278442,0.001,True,True,True,0.008654242833692205,True,0.17266320387442136,8.192767226650669e-13,0.17266320387524065,True,True
255,3,0.009486954659223557,0.001,True,True,True,0.010351368588762622,True,0.3149847940249977,8.188252786667315e-13,0.31498479402581653,True,True
255,4,0.011121116578578949,0.001,True,True,True,0.012033794670299525,True,0.4592449311680902,8.188034122397831e-13,0.45924493116890897,True,True
255,5,0.011549222283065319,0.001,True,True,True,0.03574118148180738,True,0.5300355281084315,8.184664135405021e-13,0.5300355281092499,True,True
255,6,0.011158202774822712,0.001,True,True,True,0.03782469128216648,True,0.636729966089502,8.198491685380957e-13,0.636729966090322,True,True
255,7,0.012108555994927883,0.001,True,True,True,0.03919346420757064,True,0.451586746454268,8.187708910749036e-13,0.4515867464550868,True,True
255,8,0.014368056319653988,0.001,True,True,True,0.03973790766199237,True,0.042435687629570396,8.193345062041164e-13,0.04243568763038973,True,True
255,9,0.018249329179525375,0.001,True,True,True,0.039547084502147944,True,0.07040973861545474,8.187457427230828e-13,0.07040973861627349,True,True
255,10,0.023689480498433113,0.001,True,True,True,0.04666130786580314,True,0.1762984967336756,8.191149931102416e-13,0.17629849673449471,True,True
255,11,0.01743190735578537,0.001,True,True,True,0.04554159369689881,True,4.991453916858291e-10,8.239858772822087e-13,4.999693775631112e-10,True,True
255,12,0.01287170872092247,0.001,True,True,True,0.04041503779691835,True,1.7681109909517545e-09,8.186011092406535e-13,1.7689295920609952e-09,True,True
255,13,0.010470273904502392,0.001,True,True,True,0.03415811065095986,True,0.058630132188330464,8.200928219742973e-13,0.05863013218915056,True,True
255,14,0.00212305411696434,0.001,True,True,True,0.0074632794679601044,True,0.025575068905710818,8.181491228021835e-13,0.025575068906528966,True,True
255,15,-0.00918198749423027,0.001,False,True,False,0.004795108608433241,True,,,,,
255,16,-0.012776531279087067,0.001,False,True,False,0.004400550005442705,True,,,,,
255,17,-0.006036076694726944,0.001,False,True,False,0.005127606364494497,True,,,,,
255,18,-0.008407387882471085,0.001,False,True,False,0.0035171642369917766,True,,,,,
255,19,-0.013486824929714203,0.001,False,True,False,1.0875798039933215e-09,True,,,,,
255,20,-0.0033694468438625336,0.001,False,True,False,0.001752210893527284,True,,,,,
256,1,0.008709259331226349,0.001,True,True,True,0.008494449873227783,True,0.09362450269282618,1.862366643443259e-13,0.09362450269301242,True,True
256,2,0.00929802656173706,0.001,True,True,True,0.010781690392330123,True,1.9658894956364747e-08,1.8624527006683542e-13,1.9659081201634814e-08,True,True
256,3,0.009760577231645584,0.001,True,True,True,0.013284422167086918,True,2.057092274299066e-10,1.8646862994039207e-13,2.05895696059847e-10,True,True
256,4,0.0105191171169281,0.001,True,True,True,0.015607903343946017,True,0.030468698941874095,1.8632154627367377e-13,0.030468698942060418,True,True
256,5,0.011093925684690475,0.001,True,True,True,0.017467114108115522,True,0.10177583080048436,1.8629473379832467e-13,0.10177583080067065,True,True
256,6,0.011721789836883545,0.001,True,True,True,0.01860355424580651,True,0.2157448208296131,1.862432056768481e-13,0.21574482082979934,True,True
256,7,0.012169599533081055,0.001,True,True,True,0.019840708003483254,True,0.2996117768911972,1.8626516040419919e-13,0.29961177689138346,True,True
256,8,0.012404248118400574,0.001,True,True,True,0.022128651464544458,True,0.20457281367926328,1.8637863397454157e-13,0.20457281367944966,True,True
256,9,0.012375853955745697,0.001,True,True,True,0.026169825282667203,True,1.9400090423005167e-09,1.8629666232269074e-13,1.9401953389628395e-09,True,True
256,10,0.012396268546581268,0.001,True,True,True,0.03246258747923236,True,0.8982469055583522,1.8621310509761366e-13,0.8982469055585384,True,True
256,11,0.013000748120248318,0.001,True,True,True,0.03886394933336357,True,0.7703007282259051,1.8622091324051942e-13,0.7703007282260913,True,True
256,12,0.01625026762485504,0.001,True,True,True,0.026014572965250338,True,0.2811788745826931,1.8753760473084025e-13,0.2811788745828806,True,True
256,13,0.010783139616250992,0.001,True,True,True,0.020378542922928178,True,0.08940295366668494,1.8586735011500595e-13,0.0894029536668708,True,True
256,14,0.00580882653594017,0.001,True,True,True,0.014398917065459704,True,3.3310243452433497e-11,1.8664878020797308e-13,3.349689223264147e-11,True,True
256,15,0.00044046342372894287,0.001,False,True,False,0.008898990563802167,True,,,,,
256,16,-0.002953704446554184,0.001,False,True,False,0.005050335280903706,True,,,,,
256,17,-0.004046492278575897,0.001,False,True,False,0.003237805885088818,True,,,,,
256,18,-0.0051149725914001465,0.001,False,True,False,0.003334534270144296,True,,,,,
256,19,-0.006307888776063919,0.001,False,True,False,0.004413577285404147,True,,,,,
256,20,-0.007668130099773407,0.001,False,True,False,0.005268004056230069,True,,,,,
257,1,0.010113369673490524,0.001,True,True,True,0.011294094404505017,True,0.21657161318115925,2.1774985322036142e-17,0.21657161318115928,True,True
257,2,0.011689409613609314,0.001,True,True,True,0.01372188979488187,True,0.2717623301411578,2.1753318222137278e-17,0.2717623301411578,True,True
257,3,0.013083085417747498,0.001,True,True,True,0.01653505643283948,True,0.31071590820264205,2.173200244781655e-17,0.31071590820264205,True,True
257,4,0.014048837125301361,0.001,True,True,True,0.01983000060924267,True,0.4379745433046036,2.1706535331074612e-17,0.4379745433046036,True,True
257,5,0.014637809246778488,0.001,True,True,True,0.023557889933515597,True,0.8590457856472433,2.1848102146460248e-17,0.8590457856472433,True,True
257,6,0.014166446402668953,0.001,True,True,True,0.04568973373385821,True,0.9389253366335026,2.1700526975448362e-17,0.9389253366335026,True,True
257,7,0.012994862161576748,0.001,True,True,True,0.049413061523006174,True,0.6425673538650472,2.1877468158824615e-17,0.6425673538650472,True,True
257,8,0.01361237745732069,0.001,True,True,True,0.05277001724898578,True,0.47822955746948637,2.181458106088008e-17,0.47822955746948637,True,True
257,9,0.016528258100152016,0.001,True,True,True,0.05559152153726221,True,0.2939303538161333,2.1711707160320636e-17,0.2939303538161333,True,True
257,10,0.02072843722999096,0.001,True,True,True,0.05855827152489179,True,0.24651204741639177,2.1781967604881593e-17,0.2465120474163918,True,True
257,11,0.020016085356473923,0.001,True,True,True,0.03355758464293279,True,0.030039169832456025,2.1763031120273233e-17,0.030039169832456046,True,True
257,12,0.013737515546381474,0.001,True,True,True,0.03765754618015382,True,4.263256414560601e-14,2.2035466472388258e-17,4.26545996120784e-14,True,True
257,13,0.008203163743019104,0.001,True,True,True,0.03500838070602508,True,1.7763568394002505e-14,2.195003478818403e-17,1.778551842879069e-14,True,True
257,14,0.0034797920379787683,0.001,True,True,True,0.03332807253983194,True,0.7161969088587998,2.1986106359571103e-17,0.7161969088587998,True,True
257,15,0.004740983247756958,0.001,True,True,True,0.030848335008197614,True,0.17101681369704025,2.1658263661523883e-17,0.17101681369704028,True,True
257,16,0.002133641391992569,0.001,True,True,True,0.007216105501482772,True,2.842170943040401e-14,2.1642766742132638e-17,2.844335219714614e-14,True,True
257,17,-0.0005294829607009888,0.001,False,True,False,0.007696412494016425,True,,,,,
257,18,-0.0008686333894729614,0.001,False,True,False,0.007565021539315264,True,,,,,
257,19,0.0006418190896511078,0.001,False,True,False,0.00762526475296621,True,,,,,
257,20,0.002618115395307541,0.001,True,True,True,0.00965769167849917,True,3.552713678800501e-15,7.668783069386595e-18,3.5603824618698875e-15,True,True
258,1,0.01295141875743866,0.001,True,True,True,0.013199385358477533,True,0.16261224022834142,1.965805747535974e-13,0.162612240228538,True,True
258,2,0.014569547027349472,0.001,True,True,True,0.015747322102158012,True,0.1338706607307376,1.9639974766520003e-13,0.133870660730934,True,True
258,3,0.01703697070479393,0.001,True,True,True,0.01884015693491814,True,0.10681641262005215,1.9663862099254326e-13,0.10681641262024878,True,True
258,4,0.019143566489219666,0.001,True,True,True,0.022126505057213253,True,0.12279038846795132,1.9618435205901548e-13,0.12279038846814751,True,True
258,5,0.015304544940590858,0.001,True,True,True,0.033831305471491824,True,0.25151843449684463,1.962258465444452e-13,0.25151843449704087,True,True
258,6,0.010711154900491238,0.001,True,True,True,0.03258269370371725,True,0.3339772022652987,1.9590521791772583e-13,0.3339772022654946,True,True
258,7,0.007137800566852093,0.001,True,True,True,0.03203262993902234,True,4.3283421291562263e-10,1.9629559854340821e-13,4.33030508514166e-10,True,True
258,8,0.0052298009395599365,0.001,True,True,True,0.03600030612899685,True,1.3512367069004512,1.9579851905634055e-13,1.351236706900647,True,True
258,9,0.006223343312740326,0.001,True,True,True,0.03541592802968774,True,0.7059934841272906,1.9639357293759052e-13,0.705993484127487,True,True
258,10,0.006267853081226349,0.001,True,True,True,0.03445039099290237,True,0.12808069669740263,1.9585818671262352e-13,0.1280806966975985,True,True
258,11,0.007282815873622894,0.001,True,True,True,0.03331581439457465,True,0.03014876777800879,1.9618152421739682e-13,0.03014876777820497,True,True
258,12,0.008287355303764343,0.001,True,True,True,0.032245480281990035,True,1.4286882787928334e-10,1.970571744049473e-13,1.4306588505368829e-10,True,True
258,13,0.006537705659866333,0.001,True,True,True,0.03229660705898674,True,0.1252303970777433,1.963029648040013e-13,0.12523039707793962,True,True
258,14,0.005456358194351196,0.001,True,True,True,0.0307604657420375,True,0.28682130779738557,1.9608524972481291e-13,0.28682130779758164,True,True
258,15,0.005991186946630478,0.001,True,True,True,0.02820304260212181,True,0.15343438122155817,1.9561794454252602e-13,0.1534343812217538,True,True
258,16,0.006860561668872833,0.001,True,True,True,0.02550771055811718,True,0.13844445690488705,1.9657442609696263e-13,0.1384444569050836,True,True
258,17,0.007836777716875076,0.001,True,True,True,0.023476846250135575,True,0.10584137640262625,1.9655509945757926e-13,0.1058413764028228,True,True
258,18,0.00844767689704895,0.001,True,True,True,0.023069517671524764,True,0.1295582687026382,1.9597736417078148e-13,0.12955826870283418,True,True
258,19,0.008196473121643066,0.001,True,True,True,0.02453030851580751,True,7.222666909001418e-11,1.9705138822213862e-13,7.242372047823633e-11,True,True
258,20,0.006477415561676025,0.001,True,False,False,0.028441823106895026,True,,,,,
259,1,0.01478845626115799,0.001,True,True,True,0.017396039761776283,True,0.25276558927176396,4.597415914938339e-16,0.2527655892717644,True,True
259,2,0.016601692885160446,0.001,True,True,True,0.02138430799206703,True,0.34458117624737206,4.567794377237557e-16,0.3445811762473725,True,True
259,3,0.01853039115667343,0.001,True,True,True,0.025740424629251635,True,0.47604742787330245,4.598673576828731e-16,0.4760474278733029,True,True
259,4,0.02028469741344452,0.001,True,True,True,0.030407110663251302,True,0.7018178927419072,4.573508846982055e-16,0.7018178927419076,True,True
259,5,0.022720923647284508,0.001,True,True,True,0.03308342082661064,True,0.44830734355855384,4.574969108685073e-16,0.4483073435585543,True,True
259,6,0.025817077606916428,0.001,True,True,True,0.06318067297884489,True,0.2618333118808689,4.584015561400557e-16,0.26183331188086933,True,True
259,7,0.026022955775260925,0.001,True,True,True,0.07025737115085895,True,0.2788258526039593,4.583909587071561e-16,0.27882585260395976,True,True
259,8,0.026411116123199463,0.001,True,True,True,0.08112223207252978,True,0.3292688209487702,4.584926568892205e-16,0.32926882094877064,True,True
259,9,0.027048615738749504,0.001,True,True,True,0.09159097729544063,True,0.3434006703538435,4.580613689337811e-16,0.3434006703538439,True,True
259,10,0.02918419800698757,0.001,True,True,True,0.10342982504279119,True,0.30667522037492834,4.580085184382613e-16,0.3066752203749288,True,True
259,11,0.02874516323208809,0.001,True,True,True,0.030228298898237416,True,0.2900186193167852,4.585536059320704e-16,0.29001861931678563,True,True
259,12,0.027265191078186035,0.001,True,True,True,0.032680108537350705,True,0.30346213027644575,4.626259038144542e-16,0.3034621302764462,True,True
259,13,0.01975221373140812,0.001,True,True,True,0.032520664175900604,True,0.30758603228123604,4.622944840917859e-16,0.3075860322812365,True,True
259,14,0.009695983491837978,0.001,True,True,True,0.03169318929472653,True,0.059456985237012816,4.563028981666859e-16,0.059456985237013274,True,True
259,15,0.006168019492179155,0.001,True,True,True,0.03642731709594038,True,0.9338610724752954,4.579940685102096e-16,0.9338610724752958,True,True
259,16,0.002879899926483631,0.001,True,True,True,0.041544664927733566,True,1.4310885381761835,4.567344784206119e-16,1.431088538176184,True,True
259,17,0.008904906921088696,0.001,True,True,True,0.05056109025493427,True,0.7121902234632174,4.580452784650444e-16,0.7121902234632178,True,True
259,18,0.0184796042740345,0.001,True,True,True,0.0595219861895131,True,0.18146301833555434,4.607711930408004e-16,0.1814630183355548,True,True
259,19,0.008884677663445473,0.001,True,True,True,0.025361763956518388,True,3.469224907348689e-12,4.575274328665855e-16,3.4696824347815557e-12,True,True
259,20,-0.007394701242446899,0.001,False,True,False,0.017635375005288792,True,,,,,
260,1,0.019019246101379395,0.001,True,True,True,0.02024321361793313,True,0.19984450836962048,2.90044828445739e-12,0.19984450837252093,True,True
260,2,0.02203279733657837,0.001,True,True,True,0.022881117562420394,True,0.19836368358330947,2.8938610669794077e-12,0.19836368358620332,True,True
260,3,0.01746726781129837,0.001,True,True,True,0.02290898600228397,True,0.19042061675895638,2.8781815528131147e-12,0.19042061676183455,True,True
260,4,0.010114084929227829,0.001,True,True,True,0.019570034996796437,True,0.23549532049963773,2.9026188516850034e-12,0.23549532050254035,True,True
260,5,0.00330925639718771,0.001,True,True,True,0.015730189587169763,True,0.1964485189684808,2.8862665071842514e-12,0.1964485189713671,True,True
260,6,-0.002829078584909439,0.001,False,True,False,0.011375359547642683,True,,,,,
260,7,-0.008431509137153625,0.001,False,True,False,0.006493904160190134,True,,,,,
260,8,-0.016253139823675156,0.001,False,True,False,0.011599100474048996,True,,,,,
260,9,-0.021460844203829765,0.001,False,True,False,0.00903150000877373,True,,,,,
260,10,-0.027129430323839188,0.001,False,True,False,0.006320221677025062,True,,,,,
260,11,-0.030445825308561325,0.001,False,True,False,0.003935205175378487,True,,,,,
260,12,-0.03091704472899437,0.001,False,True,False,0.0020888987794200897,True,,,,,
260,13,-0.02640489488840103,0.001,False,True,False,0.0010123401433250745,True,,,,,
260,14,-0.01977248303592205,0.001,False,True,False,0.00041211439436827924,True,,,,,
260,15,-0.018939226865768433,0.001,False,True,False,1.79090076102284e-10,True,,,,,
260,16,-0.017414961010217667,0.001,False,True,False,0.0001647559073094662,True,,,,,
260,17,-0.02068747952580452,0.001,False,True,False,0.0008836735116850569,True,,,,,
260,18,-0.023577840998768806,0.001,False,True,False,0.0019223586016494654,True,,,,,
260,19,-0.025488968938589096,0.001,False,True,False,0.002983602599355928,True,,,,,
260,20,-0.029158402234315872,0.001,False,True,False,0.003644554091279284,True,,,,,
261,1,0.021658048033714294,0.001,True,True,True,0.021318811371114244,True,0.19907682244894975,2.0476726617291636e-14,0.19907682244897024,True,True
261,2,0.023846440017223358,0.001,True,True,True,0.02237867908880453,True,0.18622143898697718,2.0580227216519337e-14,0.18622143898699775,True,True
261,3,0.023972176015377045,0.001,True,True,True,0.028967070483717272,True,0.13484831167547284,2.0451622443543496e-14,0.1348483116754933,True,True
261,4,0.020804833620786667,0.001,True,True,True,0.028823922531919566,True,6.999343327152019e-10,2.031483216655944e-14,6.999546475473684e-10,True,True
261,5,0.01755376160144806,0.001,True,True,True,0.031027130680681525,True,0.3459719932663887,2.0282537617180394e-14,0.345971993266409,True,True
261,6,0.014752540737390518,0.001,True,True,True,0.031712842050782175,True,0.7121464014947207,2.0373213412978063e-14,0.7121464014947412,True,True
261,7,0.012133762240409851,0.001,True,True,True,0.03217183487028463,True,0.35875620749529347,2.0304568694144545e-14,0.3587562074953138,True,True
261,8,0.009545855224132538,0.001,True,True,True,0.03175695203961593,True,0.2067581868304771,2.030497231818379e-14,0.2067581868304974,True,True
261,9,0.007142230868339539,0.001,True,True,True,0.030626394078797636,True,0.16180735020200743,2.029364815570974e-14,0.16180735020202772,True,True
261,10,0.004895135760307312,0.001,True,True,True,0.028896275382224612,True,0.10134287454584268,2.028379875580501e-14,0.10134287454586297,True,True
261,11,0.002983320504426956,0.001,True,True,True,0.02659877133047761,True,0.04129308663056008,2.026935404735021e-14,0.04129308663058035,True,True
261,12,0.0015110187232494354,0.001,True,True,True,0.023663590679246838,True,3.1725733151688473e-12,2.0381242256771853e-14,3.192954557425619e-12,True,True
261,13,0.0006487146019935608,0.001,False,True,False,0.020805471193356517,True,,,,,
261,14,0.00034565478563308716,0.001,False,True,False,0.01838498122633303,True,,,,,
261,15,0.0004025399684906006,0.001,False,True,False,0.01638549979283277,True,,,,,
261,16,0.001117262989282608,0.001,True,True,True,0.014721765033725243,True,1.5976553413565853e-11,2.0418256544068394e-14,1.5996971670109922e-11,True,True
261,17,0.002302519977092743,0.001,True,True,True,0.014532371134220456,True,9.894017971845415e-05,2.0271767662948445e-14,9.894017973872591e-05,True,True
261,18,0.0038511566817760468,0.001,True,True,True,0.01575254977902696,True,9.276135415348108e-12,2.032636559321009e-14,9.296461780941318e-12,True,True
261,19,0.0004755514964926988,0.001,False,True,False,0.014294245210221088,True,,,,,
261,20,-0.007566496729850769,0.001,False,True,False,0.0026494286677062745,True,,,,,
262,1,0.022469498217105865,0.001,True,True,True,0.021924080034652516,True,0.20462116013874665,2.5204031688005906e-17,0.20462116013874668,True,True
262,2,0.0229528546333313,0.001,True,True,True,0.02305007639628398,True,0.2599734717695803,2.5047263528126345e-17,0.2599734717695803,True,True
262,3,0.02364891953766346,0.001,True,True,True,0.025097451363519152,True,0.28097923869372465,2.5045248747183126e-17,0.28097923869372465,True,True
262,4,0.024447573348879814,0.001,True,True,True,0.027292116411274492,True,0.22810676399445384,2.5077816845168933e-17,0.22810676399445387,True,True
262,5,0.024978382512927055,0.001,True,True,True,0.029440101133885843,True,0.24791544392195952,2.5033329629914314e-17,0.24791544392195955,True,True
262,6,0.02573436312377453,0.001,True,True,True,0.031582313339946655,True,0.2590928350807786,2.5035614189675086e-17,0.2590928350807786,True,True
262,7,0.02701709233224392,0.001,True,True,True,0.03368339367771389,True,0.2515487247604078,2.503724244018483e-17,0.2515487247604078,True,True
262,8,0.028003215789794922,0.001,True,True,True,0.017525269752829642,True,0.19851977716641844,2.5043062328686183e-17,0.19851977716641847,True,True
262,9,0.02590896375477314,0.001,True,True,True,0.02258669577474559,True,0.09574930534516018,2.5076133198599748e-17,0.09574930534516021,True,True
262,10,0.02006111852824688,0.001,True,True,True,0.02379308989538087,True,5.329070518200751e-15,2.5020726249294194e-17,5.3540912444500456e-15,True,True
262,11,0.012459325604140759,0.001,True,True,True,0.02158459960066539,True,1.0658141036401503e-14,2.5191698072874745e-17,1.0683332734474378e-14,True,True
262,12,0.0027539872098714113,0.001,True,True,True,0.02068580292707045,True,0.40196272991242665,2.5122015971753113e-17,0.40196272991242665,True,True
262,13,0.00047489022836089134,0.001,False,True,False,0.02305267669083011,True,,,,,
262,14,0.0002570126671344042,0.001,False,True,False,0.026543804285100503,True,,,,,
262,15,0.002735740737989545,0.001,True,True,True,0.030612604236897933,True,0.2884993919656651,2.4946357058478502e-17,0.2884993919656651,True,True
262,16,0.008150321431457996,0.001,True,True,True,0.034351516559925965,True,0.32907033001999864,2.5027449671056047e-17,0.32907033001999864,True,True
262,17,0.009276028722524643,0.001,True,True,True,0.0232993455666608,True,0.13602991552736476,2.530449201124724e-17,0.1360299155273648,True,True
262,18,0.009180404245853424,0.001,True,True,True,0.024075611585493317,True,8.881784197001252e-15,2.520461070595286e-17,8.906988807707205e-15,True,True
262,19,0.012038599699735641,0.001,True,True,True,0.02451921757055009,True,0.0,2.7639019568145957e-17,2.7639019568145957e-17,True,True
262,20,0.006354964803904295,0.001,True,True,True,0.021224166998185023,True,8.881784197001252e-15,5.6317327142310926e-18,8.887415929715483e-15,True,True
263,1,0.022973179817199707,0.001,True,True,True,0.024727461468811773,True,0.20000030080569953,1.1816765656068846e-17,0.20000030080569953,True,True
263,2,0.024109572172164917,0.001,True,True,True,0.027455000897900872,True,0.2001389272112019,1.1789646184156152e-17,0.2001389272112019,True,True
263,3,0.026125656440854073,0.001,True,True,True,0.029455819482511192,True,0.19744109330987536,1.1781550679885375e-17,0.19744109330987536,True,True
263,4,0.025230757892131805,0.001,True,True,True,0.018942415254106892,True,0.1865698143625094,1.1780344607537265e-17,0.1865698143625094,True,True
263,5,0.022497914731502533,0.001,True,True,True,0.017428638278366604,True,0.15325077333100534,1.1818936291390207e-17,0.15325077333100534,True,True
263,6,0.01956017315387726,0.001,True,True,True,0.016267978060367616,True,0.10488199084108629,1.1851482023894552e-17,0.1048819908410863,True,True
263,7,0.01671300083398819,0.001,True,True,True,0.015392727561056585,True,0.04664952520469967,1.184796702893364e-17,0.046649525204699685,True,True
263,8,0.014619506895542145,0.001,True,True,True,0.014579922827036906,True,3.4354741274000844e-12,1.1821595405842875e-17,3.43548594899549e-12,True,True
263,9,0.013836082071065903,0.001,True,True,True,0.013540750440223848,True,1.0658141036401503e-14,1.1820490620508693e-17,1.0669961527022011e-14,True,True
263,10,0.014755785465240479,0.001,True,True,True,0.011028609274090106,True,1.4210854715202004e-14,1.1820197116188233e-17,1.4222674912318192e-14,True,True
263,11,0.01605476438999176,0.001,True,True,True,0.0073730879293565366,True,1.2594369991347776e-12,1.1814335739510257e-17,1.259448813470517e-12,True,True
263,12,0.019280850887298584,0.001,True,True,True,0.004119997104161444,True,0.13052189761021182,1.1827322924159589e-17,0.13052189761021182,True,True
263,13,0.01190854050219059,0.001,True,True,True,0.05151257490212002,True,0.8591814081214637,1.1819159807971156e-17,0.8591814081214637,True,True
263,14,0.0033053585793823004,0.001,True,True,True,0.04555018009974665,True,0.7124039346138438,1.1808571909358097e-17,0.7124039346138438,True,True
263,15,-0.0006452500820159912,0.001,False,True,False,0.03980188686274447,True,,,,,
263,16,-3.7536025047302246e-05,0.001,False,True,False,0.03513202166793494,True,,,,,
263,17,0.0052240751683712006,0.001,True,True,True,0.03199873598569014,True,0.13932267651674657,1.179958051708806e-17,0.13932267651674657,True,True
263,18,0.0147151630371809,0.001,True,True,True,0.02975396443756835,True,0.16664356471630004,1.320286378465069e-17,0.16664356471630004,True,True
263,19,0.021965391933918,0.001,True,False,False,3.3306690738754696e-15,True,,,,,
263,20,0.024075470864772797,0.001,True,True,True,0.003996579848421888,True,5.995204332975845e-15,3.3228696044112025e-18,5.9985272025802565e-15,True,True
264,1,0.026018425822257996,0.001,True,True,True,0.026761055293790914,True,0.20000009336842475,4.340329653418058e-12,0.2000000933727651,True,True
264,2,0.02426350861787796,0.001,True,True,True,0.022842368966828452,True,0.1998384036912264,4.3395445774605175e-12,0.19983840369556596,True,True
264,3,0.02197583019733429,0.001,True,True,True,0.021335139760496835,True,0.19772564506752932,4.346325156467218e-12,0.19772564507187565,True,True
264,4,0.019948415458202362,0.001,True,True,True,0.019909957973549774,True,0.18271835664550196,4.391718464669073e-12,0.18271835664989367,True,True
264,5,0.018612928688526154,0.001,True,True,True,0.01853848854633844,True,0.17087261820804223,4.318510109430429e-12,0.17087261821236074,True,True
264,6,0.01749996840953827,0.001,True,True,True,0.01719214916220113,True,0.15505676878392904,4.30938577160535e-12,0.15505676878823843,True,True
264,7,0.016513999551534653,0.001,True,True,True,0.015882714431366685,True,0.13093343315927086,4.3142929560267425e-12,0.13093343316358516,True,True
264,8,0.015579350292682648,0.001,True,True,True,0.014611997049440939,True,0.09329017164124309,4.3166882402341616e-12,0.09329017164555978,True,True
264,9,0.01454080268740654,0.001,True,True,True,0.013430752445277916,True,0.04042179826464931,4.315256187503122e-12,0.04042179826896457,True,True
264,10,0.011448591947555542,0.001,True,True,True,0.01239139891761698,True,5.792724522279968e-09,4.33232662439788e-12,5.797056848904366e-09,True,True
264,11,0.006937921047210693,0.001,True,True,True,0.009908232548475171,True,6.381461759019658e-08,4.313239153442611e-12,6.381893082935002e-08,True,True
264,12,0.0031825974583625793,0.001,True,True,True,0.006934013481279422,True,6.606524038943462e-08,4.3188913904985786e-12,6.606955928082512e-08,True,True
264,13,0.0012986287474632263,0.001,True,True,True,0.0044477330370478185,True,3.457691377661831e-08,4.310895007743942e-12,3.458122467162606e-08,True,True
264,14,-0.00014357268810272217,0.001,False,True,False,0.0020995736598570236,True,,,,,
264,15,-0.0013546198606491089,0.001,False,True,False,0.0006032408913823062,True,,,,,
264,16,-0.002322763204574585,0.001,False,True,False,6.028788357426151e-09,True,,,,,
264,17,-0.00297599658370018,0.001,False,True,False,0.0002440269237071746,True,,,,,
264,18,-0.0038892999291419983,0.001,False,True,False,0.0010123010927444165,True,,,,,
264,19,-0.004856273531913757,0.001,False,True,False,0.0018091220291059917,True,,,,,
264,20,0.00029809772968292236,0.001,False,True,False,0.0019997257241969324,True,,,,,
265,1,0.025546491146087646,0.001,True,True,True,0.024791530714253218,True,0.19999936782508612,1.4324070591608188e-13,0.19999936782522937,True,True
265,2,0.02390587329864502,0.001,True,True,True,0.02511189163185068,True,0.1994774502766731,1.4436095661607584e-13,0.19947745027681746,True,True
265,3,0.022355832159519196,0.001,True,True,True,0.02506359901238242,True,0.19619823925002589,1.4380436296908648e-13,0.1961982392501697,True,True
265,4,0.020912140607833862,0.001,True,True,True,0.024629375313214297,True,0.1971416723005115,1.429469841053584e-13,0.19714167230065444,True,True
265,5,0.01954004168510437,0.001,True,True,True,0.023984839042970663,True,0.17143665097600014,1.4257855793959976e-13,0.17143665097614272,True,True
265,6,0.01819036155939102,0.001,True,True,True,0.02333307370274773,True,0.1317022995473618,1.4238338519560606e-13,0.13170229954750418,True,True
265,7,0.016844693571329117,0.001,True,True,True,0.022737098584887816,True,0.07803354463004553,1.4220509431608947e-13,0.07803354463018773,True,True
265,8,0.01551726832985878,0.001,True,True,True,0.022212918748306443,True,0.022347992650004755,1.4218972055611076e-13,0.022347992650146944,True,True
265,9,0.014411818236112595,0.001,True,True,True,0.02139324396473219,True,0.18224671688269822,1.424464823437378e-13,0.18224671688284066,True,True
265,10,0.013421688228845596,0.001,True,True,True,0.020244131101338603,True,0.12262143273242287,1.4285921097607604e-13,0.12262143273256573,True,True
265,11,0.011807795614004135,0.001,True,True,True,0.020721244170903486,True,0.037465072823469114,1.4186562576054166e-13,0.03746507282361098,True,True
265,12,0.009907923638820648,0.001,True,True,True,0.021773642327773013,True,9.6431307383682e-11,1.4261857202878666e-13,9.657392595571079e-11,True,True
265,13,0.007127992808818817,0.001,True,True,True,0.02113531565453486,True,0.1427652267735411,1.4237379685602553e-13,0.14276522677368347,True,True
265,14,0.004263490438461304,0.001,True,True,True,0.02109173582794943,True,0.10537266375684773,1.422627464536043e-13,0.10537266375698999,True,True
265,15,0.00251736119389534,0.001,True,True,True,0.020517740719805833,True,0.028753734745182058,1.4204954482820138e-13,0.028753734745324108,True,True
265,16,0.001670844852924347,0.001,True,True,True,0.019934495570146593,True,1.8490098341317207e-11,1.442836448422962e-13,1.8634381986159505e-11,True,True
265,17,0.001421261578798294,0.001,True,True,True,0.020116277128216842,True,1.701643270735076e-10,1.4310728027454083e-13,1.7030743435378213e-10,True,True
265,18,0.0014492049813270569,0.001,True,True,True,0.021827260275897542,True,3.8279779346339637e-10,1.422610666351551e-13,3.829400545300315e-10,True,True
265,19,0.0009369999170303345,0.001,False,True,False,0.024675153377690773,True,,,,,
265,20,-0.004481010138988495,0.001,False,True,False,1.0170225772654362e-11,True,,,,,
266,1,0.025770455598831177,0.001,True,True,True,0.021220613086301743,True,0.19999734275892203,1.9868130031178374e-14,0.1999973427589419,True,True
266,2,0.025799863040447235,0.001,True,True,True,0.01811391377555638,True,0.19921939839121006,1.9838297154337813e-14,0.1992193983912299,True,True
266,3,0.025493383407592773,0.001,True,True,True,0.01543688619019945,True,0.19108019201790727,1.9796066080126675e-14,0.19108019201792706,True,True
266,4,0.024996787309646606,0.001,True,True,True,0.013057409113439222,True,0.1681871433132356,1.9769137278727502e-14,0.16818714331325535,True,True
266,5,0.023915454745292664,0.001,True,True,True,0.010961794557752924,True,0.12505273580939935,1.973536987898726e-14,0.12505273580941909,True,True
266,6,0.022816680371761322,0.001,True,True,True,0.00914925062111327,True,0.07766480607385873,1.9726531063610293e-14,0.07766480607387845,True,True
266,7,0.021826811134815216,0.001,True,True,True,0.007548698159673517,True,0.041579908924013864,1.9724597010576204e-14,0.04157990892403359,True,True
266,8,0.02118593454360962,0.001,True,True,True,0.006074628223144751,True,1.1114664744127367e-11,1.974697257856251e-14,1.1134411716705929e-11,True,True
266,9,0.021552741527557373,0.001,True,True,True,0.004497450422964455,True,0.10890403705663587,1.973529701876533e-14,0.1089040370566556,True,True
266,10,0.020858481526374817,0.001,True,True,True,0.0029763548442955923,True,9.670086953406098e-11,1.9734545687412046e-14,9.67206040797484e-11,True,True
266,11,0.02035638689994812,0.001,True,True,True,0.0018497497398728413,True,0.07082431475848772,1.9713810313586656e-14,0.07082431475850744,True,True
266,12,0.02088964730501175,0.001,True,True,True,0.0009703517923540517,True,0.0323892507920176,1.9721755754744435e-14,0.03238925079203732,True,True
266,13,0.020271124318242073,0.001,True,True,True,0.027215029521756362,True,0.06631803795700009,1.9738118830917085e-14,0.06631803795701982,True,True
266,14,0.016903536394238472,0.001,True,True,True,0.03198930709356329,True,0.21686533104027816,1.977411593018348e-14,0.21686533104029793,True,True
266,15,0.01461028028279543,0.001,True,True,True,0.03795778360169422,True,0.2905684444263237,1.9860053944291507e-14,0.29056844442634355,True,True
266,16,0.015292304567992687,0.001,True,False,False,0.044514730297945615,True,,,,,
266,17,0.019371986389160156,0.001,True,True,True,1.0202949596305189e-12,True,0.15555665993905265,1.9830524170198327e-14,0.15555665993907247,True,True
266,18,0.017141148447990417,0.001,True,True,True,0.024388476981843987,True,1.0364509250848641e-10,1.9843372485565993e-14,1.0366493588097198e-10,True,True
266,19,0.012717525474727154,0.001,True,True,True,0.023345348295046253,True,0.01237825226781819,1.9526181304179962e-14,0.012378252267837717,True,True
266,20,0.0073241060599684715,0.001,True,True,True,0.021775380318592184,True,1.2359002710127243e-11,5.381722147064982e-15,1.2364384432274307e-11,True,True
267,1,0.022540323436260223,0.001,True,True,True,0.020175576255547778,True,0.19996300458406804,1.3440182008366592e-15,0.19996300458406938,True,True
267,2,0.019422560930252075,0.001,True,True,True,0.019305570329579025,True,0.189274695412458,1.3426828450778663e-15,0.18927469541245934,True,True
267,3,0.01666387915611267,0.001,True,True,True,0.01868235260047424,True,0.1583998668109068,1.3421296528575102e-15,0.15839986681090812,True,True
267,4,0.014573223888874054,0.001,True,True,True,0.018166082225836266,True,0.15577861124888415,1.3418849474958718e-15,0.15577861124888548,True,True
267,5,0.011422280222177505,0.001,True,True,True,0.017737153241556447,True,0.13221355442673755,1.342805116677618e-15,0.13221355442673888,True,True
267,6,0.00816289335489273,0.001,True,True,True,0.017464787833720186,True,0.13059120314119355,1.3437861609725428e-15,0.13059120314119488,True,True
267,7,0.0046503059566020966,0.001,True,True,True,0.017343601158747557,True,0.1698538829470877,1.3448252319724941e-15,0.16985388294708903,True,True
267,8,0.0014540404081344604,0.001,True,True,True,0.01737765952961734,True,0.23698432833937488,1.3442191545174559e-15,0.23698432833937622,True,True
267,9,0.004545524716377258,0.001,True,True,True,0.017352208288017756,True,3.711697615926823e-12,1.3444138742444623e-15,3.713042029801068e-12,True,True
267,10,0.0034158751368522644,0.001,True,True,True,0.01650280842974472,True,0.4533714459796272,1.3401509670958686e-15,0.45337144597962853,True,True
267,11,-0.0012924671173095703,0.001,False,True,False,0.015271862067800068,True,,,,,
267,12,-0.00092305988073349,0.001,False,True,False,0.01433731932598481,True,,,,,
267,13,-0.0023688673973083496,0.001,False,True,False,0.013676450839424481,True,,,,,
267,14,-0.0009973794221878052,0.001,False,True,False,0.013558571169354883,True,,,,,
267,15,0.0008610263466835022,0.001,False,True,False,0.013782889756299266,True,,,,,
267,16,0.0023002922534942627,0.001,True,True,True,0.014504510976018459,True,0.06519690824415392,1.341399604629955e-15,0.06519690824415526,True,True
267,17,0.0029863789677619934,0.001,True,True,True,0.01580085103041895,True,1.1546319456101628e-12,1.3574560145966883e-15,1.1559894016247595e-12,True,True
267,18,0.0036494508385658264,0.001,True,True,True,0.01743697237729125,True,0.02660779373600164,1.3443152562136e-15,0.026607793736002982,True,True
267,19,0.0046470388770103455,0.001,True,True,True,0.01990466080646469,True,2.624447610344305e-07,1.3650347985169627e-15,2.6244476239946527e-07,True,True
267,20,0.005942057818174362,0.001,True,True,True,0.02329357555145095,True,5.329070518200751e-13,2.706042518806114e-16,5.331776560719558e-13,True,True
268,1,0.021392926573753357,0.001,True,True,True,0.01930582776798362,True,0.20019876907685913,4.689171924878506e-17,0.20019876907685918,True,True
268,2,0.02026129513978958,0.001,True,True,True,0.018226999033299496,True,0.196974214703447,4.7111962987857746e-17,0.19697421470344706,True,True
268,3,0.01928228884935379,0.001,True,True,True,0.017189934688121022,True,0.17135534069367075,4.6545021939238665e-17,0.1713553406936708,True,True
268,4,0.018512681126594543,0.001,True,True,True,0.01625485148513217,True,0.12069030223651112,4.642874447229197e-17,0.12069030223651116,True,True
268,5,0.01760263741016388,0.001,True,True,True,0.015421738568269117,True,0.08355402921504762,4.638026187491621e-17,0.08355402921504766,True,True
268,6,0.01676885038614273,0.001,True,True,True,0.014665227761854638,True,0.04648575242390862,4.63921655813013e-17,0.04648575242390867,True,True
268,7,0.015894722193479538,0.001,True,True,True,0.013974473960695288,True,0.026942524775808607,4.638759273583193e-17,0.026942524775808652,True,True
268,8,0.015224743634462357,0.001,True,True,True,0.013337812434488061,True,1.0658141036401503e-14,4.645755011967258e-17,1.0704598586521175e-14,True,True
268,9,0.017925318330526352,0.001,True,True,True,0.014870313305084482,True,0.21182538711348564,4.6550233256665416e-17,0.2118253871134857,True,True
268,10,0.017363809049129486,0.001,True,True,True,0.010315867360578768,True,0.15304461394679514,4.656944744454622e-17,0.1530446139467952,True,True
268,11,0.01540894154459238,0.001,True,True,True,0.012438931864761527,True,0.08960547249808215,4.6383721400914314e-17,0.08960547249808219,True,True
268,12,0.015955863520503044,0.001,True,True,True,0.012896121911691205,True,1.1360246077174452e-11,4.654651407148367e-17,1.1360292623688523e-11,True,True
268,13,0.014889705926179886,0.001,True,True,True,0.006054699287352028,True,3.019806626980426e-14,4.638214711505381e-17,3.024444841691931e-14,True,True
268,14,0.01518932729959488,0.001,True,True,True,0.004699859905040515,True,0.012516886010615735,4.6523427533288736e-17,0.012516886010615782,True,True
268,15,0.015786826610565186,0.001,True,True,True,0.0033084865823949094,True,0.09641033233566887,4.649579904348745e-17,0.09641033233566891,True,True
268,16,0.015120155178010464,0.001,True,True,True,0.033324095646948465,True,0.12630499749151447,4.6421198837848e-17,0.12630499749151453,True,True
268,17,0.012555339373648167,0.001,True,True,True,0.03410434641094312,True,0.08221038195028285,4.644365467384798e-17,0.0822103819502829,True,True
268,18,0.010771514847874641,0.001,True,True,True,0.03508877414741282,True,0.04938372952699588,4.714144956260419e-17,0.04938372952699593,True,True
268,19,0.011861077509820461,0.001,True,True,True,0.036043228857606247,True,0.008842578836468107,4.981136228019265e-17,0.008842578836468157,True,True
268,20,0.015135811641812325,0.001,True,True,True,0.03755320270887012,True,2.5757174171303632e-14,1.1638868590168038e-17,2.57688130398938e-14,True,True
269,1,0.020456016063690186,0.001,True,True,True,0.017562206995592522,True,0.1999955163989508,1.7895593083940918e-14,0.1999955163989687,True,True
269,2,0.019337184727191925,0.001,True,True,True,0.0160033318994226,True,0.19732474420521928,1.7878298620615086e-14,0.19732474420523716,True,True
269,3,0.01829538494348526,0.001,True,True,True,0.014684017345165223,True,0.18534546330313084,1.786923649725855e-14,0.18534546330314872,True,True
269,4,0.017449751496315002,0.001,True,True,True,0.01351812518012041,True,0.18828844283280333,1.7866052966845982e-14,0.1882884428328212,True,True
269,5,0.016542721539735794,0.001,True,True,True,0.012454165309610188,True,0.14485432033988488,1.7866106442240104e-14,0.14485432033990275,True,True
269,6,0.015674754977226257,0.001,True,True,True,0.011494655566355982,True,0.09823401277518329,1.7865575657154883e-14,0.09823401277520115,True,True
269,7,0.0147322379052639,0.001,True,True,True,0.010660333685888146,True,0.04726235105407994,1.786726356984305e-14,0.04726235105409781,True,True
269,8,0.013828285038471222,0.001,True,True,True,0.009981717041264382,True,3.47455397786689e-11,1.7874621793276682e-14,3.476341440046218e-11,True,True
269,9,0.013372503221035004,0.001,True,True,True,0.009336870570028077,True,0.20000000298023224,1.7894015284770914e-14,0.20000000298025014,True,True
269,10,0.010893292725086212,0.001,True,True,True,0.009300044374251026,True,0.1999932542285726,1.7894037299611403e-14,0.1999932542285905,True,True
269,11,0.010389558970928192,0.001,True,True,True,0.009039599611687876,True,0.22658736127107915,1.7866396111053108e-14,0.22658736127109702,True,True
269,12,0.008296646177768707,0.001,True,True,True,0.008288407861322566,True,0.1667876980648444,1.787088530930556e-14,0.16678769806486227,True,True
269,13,0.004588618874549866,0.001,True,True,True,0.007486808237640252,True,1.290878515192162e-10,1.786502363667666e-14,1.2910571654285288e-10,True,True
269,14,0.0030833184719085693,0.001,True,True,True,0.007206323654454394,True,0.04067859654912809,1.7852426592184502e-14,0.04067859654914594,True,True
269,15,0.0021547824144363403,0.001,True,True,True,0.007391648631646541,True,6.281197784119286e-12,1.788567062668718e-14,6.2990834547459724e-12,True,True
269,16,0.0013461597263813019,0.001,True,True,True,0.00783217965832228,True,2.708842075094253e-07,1.7845457322822934e-14,2.7088422535488264e-07,True,True
269,17,0.0008351355791091919,0.001,False,True,False,0.008738960767830761,True,,,,,
269,18,0.0007554329931735992,0.001,False,True,False,0.01003140058017793,True,,,,,
269,19,0.001600857824087143,0.001,True,True,True,0.011578542282275173,True,0.2871025098425264,1.8096758928471448e-14,0.2871025098425445,True,True
269,20,0.003038305789232254,0.001,True,True,True,0.01319704638496072,True,0.47946607991718615,2.800221514986173e-15,0.4794660799171889,True,True
270,1,0.018748514354228973,0.001,True,True,True,0.016905323043312714,True,0.19997294979846095,5.753266080529552e-16,0.19997294979846153,True,True
270,2,0.017133425921201706,0.001,True,True,True,0.0161375639864636,True,0.19456900042321945,5.74568688225076e-16,0.19456900042322003,True,True
270,3,0.015648402273654938,0.001,True,True,True,0.015404129149725776,True,0.16999814038105043,5.7431287252484e-16,0.16999814038105102,True,True
270,4,0.014084815979003906,0.001,True,True,True,0.014765307225087954,True,0.17094882381002474,5.741409835595046e-16,0.17094882381002532,True,True
270,5,0.012999061495065689,0.001,True,True,True,0.014187524740409962,True,0.0756897594777044,5.733346312513781e-16,0.07568975947770497,True,True
270,6,0.012069553136825562,0.001,True,True,True,0.01362146192092517,True,0.017572960944281846,5.734865159988482e-16,0.017572960944282418,True,True
270,7,0.011444680392742157,0.001,True,True,True,0.013053669765908493,True,0.027314961348583466,5.736196575947813e-16,0.02731496134858404,True,True
270,8,0.010896444320678711,0.001,True,True,True,0.012490923433171819,True,0.0069901077730847305,5.733678103375588e-16,0.006990107773085304,True,True
270,9,0.010251127183437347,0.001,True,True,True,0.01201363495472707,True,0.014907362312911232,5.734468270600137e-16,0.014907362312911806,True,True
270,10,0.009624592959880829,0.001,True,True,True,0.011491953724557025,True,2.4158453015843406e-13,5.750205539451418e-16,2.421595507123792e-13,True,True
270,11,0.010892823338508606,0.001,True,True,True,0.010487616915353604,True,0.20000000298023224,5.746933597663884e-16,0.20000000298023282,True,True
270,12,0.010520391166210175,0.001,True,True,True,0.009430535375215543,True,0.19946593089538714,5.753685484394864e-16,0.19946593089538772,True,True
270,13,0.009817667305469513,0.001,True,True,True,0.008558793824508637,True,0.01987034070007354,5.736838491387804e-16,0.019870340700074113,True,True
270,14,0.00820886343717575,0.001,True,True,True,0.007978749099431193,True,0.05437178800590203,5.733742473145101e-16,0.05437178800590261,True,True
270,15,0.007378384470939636,0.001,True,True,True,0.007862817346037776,True,1.194276636340419e-05,5.717820660042685e-16,1.1942766363975972e-05,True,True
270,16,0.006653770804405212,0.001,True,True,True,0.008010321252187369,True,2.4868995751603507e-13,5.760817017728333e-16,2.492660392178079e-13,True,True
270,17,0.006238020956516266,0.001,True,True,True,0.008434227260851523,True,0.020810621952890074,5.739780984991616e-16,0.020810621952890646,True,True
270,18,0.005968086421489716,0.001,True,True,True,0.009226387528991076,True,6.66773303237278e-11,5.733032900486391e-16,6.667790362701785e-11,True,True
270,19,-0.0022474676370620728,0.001,False,True,False,0.01324707820670172,True,,,,,
270,20,-0.011304274201393127,0.001,False,True,False,0.008748856871505617,True,,,,,
271,1,0.01802484691143036,0.001,True,True,True,0.01615487796123216,True,0.19953850194899012,2.7662485911048776e-14,0.1995385019490178,True,True
271,2,0.017190739512443542,0.001,True,True,True,0.01546003202542634,True,0.18380107732292927,2.7595352137851267e-14,0.18380107732295686,True,True
271,3,0.016398780047893524,0.001,True,True,True,0.014834756639330315,True,0.1616422763351153,2.759892810890117e-14,0.1616422763351429,True,True
271,4,0.015694916248321533,0.001,True,True,True,0.014146111802543437,True,0.23789962050713953,2.7607647662017596e-14,0.23789962050716715,True,True
271,5,0.015115078538656235,0.001,True,True,True,0.01338295149545643,True,0.20627641755364579,2.761276520799798e-14,0.2062764175536734,True,True
271,6,0.014609776437282562,0.001,True,True,True,0.012603187480917821,True,0.18542825342247227,2.7597549245046637e-14,0.18542825342249986,True,True
271,7,0.014144711196422577,0.001,True,True,True,0.011867805368931839,True,0.12517650264496893,2.7600855011851677e-14,0.12517650264499652,True,True
271,8,0.013691700994968414,0.001,True,True,True,0.011231337436871769,True,0.08300264536818247,2.7566740594390974e-14,0.08300264536821003,True,True
271,9,0.013142958283424377,0.001,True,True,True,0.01080480677998752,True,0.041679960797367244,2.760421183541108e-14,0.04167996079739485,True,True
271,10,0.012496910989284515,0.001,True,True,True,0.01081738013958966,True,2.7206681352254236e-11,2.773195883738485e-14,2.723441331109162e-11,True,True
271,11,0.012564193457365036,0.001,True,True,True,0.010928753474602315,True,0.20000000298023224,2.7656098073533386e-14,0.20000000298025988,True,True
271,12,0.01248236745595932,0.001,True,True,True,0.010575994091612362,True,0.22314679398851744,2.763190431128559e-14,0.2231467939885451,True,True
271,13,0.01247326284646988,0.001,True,True,True,0.010084185137328783,True,0.19541120493346398,2.7586130379928452e-14,0.19541120493349157,True,True
271,14,0.01068442314863205,0.001,True,True,True,0.009744312035241842,True,0.12987922070232472,2.766179390139559e-14,0.1298792207023524,True,True
271,15,0.009203024208545685,0.001,True,True,True,0.009728306863488578,True,0.05035921774166496,2.7648589666234746e-14,0.050359217741692615,True,True
271,16,0.007507003843784332,0.001,True,True,True,0.009918997262638563,True,1.0236789194095763e-10,2.7587076867172435e-14,1.0239547901782481e-10,True,True
271,17,0.0073597244918346405,0.001,True,True,True,0.010341399984865163,True,0.01853837059688601,2.7558488830068732e-14,0.01853837059691357,True,True
271,18,0.007407337427139282,0.001,True,True,True,0.011383872949958018,True,1.908162516883749e-11,2.843022030906929e-14,1.911005538914656e-11,True,True
271,19,0.007634691894054413,0.001,True,True,True,0.013030812681937731,True,7.509726174248499e-11,2.989165528784449e-14,7.512715339777284e-11,True,True
271,20,0.007494617253541946,0.001,True,True,True,0.014614025995201452,True,5.977796035949723e-11,7.592703536637785e-15,5.978555306303387e-11,True,True
272,1,0.017305798828601837,0.001,True,True,True,0.014860053263927364,True,0.20146689605210288,3.3449646640796736e-15,0.20146689605210624,True,True
272,2,0.016612693667411804,0.001,True,True,True,0.013535019649901114,True,0.19214347557645794,3.3348749791473482e-15,0.19214347557646128,True,True
272,3,0.01593795046210289,0.001,True,True,True,0.01231834769267226,True,0.15433983874317647,3.3348449830337873e-15,0.1543398387431798,True,True
272,4,0.015040699392557144,0.001,True,True,True,0.011208791053212153,True,0.20000000298023224,3.355485790398133e-15,0.2000000029802356,True,True
272,5,0.014254186302423477,0.001,True,True,True,0.010219068236462236,True,0.19644202370127156,3.3554843918683617e-15,0.19644202370127492,True,True
272,6,0.013416614383459091,0.001,True,True,True,0.009349410504087663,True,0.19979536146274376,3.356617061427268e-15,0.19979536146274712,True,True
272,7,0.012772340327501297,0.001,True,True,True,0.008578414312212068,True,0.08273091253061438,3.3403395845834525e-15,0.08273091253061772,True,True
272,8,0.01216290146112442,0.001,True,True,True,0.007889908720232874,True,1.0658141036401503e-14,3.338361801170846e-15,1.3996502837572349e-14,True,True
272,9,0.011830836534500122,0.001,True,True,True,0.007299039852565858,True,0.0032976793945778127,3.3310716978111473e-15,0.0032976793945811438,True,True
272,10,0.01178489625453949,0.001,True,True,True,0.006958651251714132,True,5.329070518200751e-13,3.3452899547019742e-15,5.362523417747771e-13,True,True
272,11,0.011888127774000168,0.001,True,True,True,0.006546021591508522,True,0.20001118777479557,3.3629261319356496e-15,0.20001118777479893,True,True
272,12,0.01164717972278595,0.001,True,True,True,0.006273058635819506,True,0.20000000298023224,3.355485790401162e-15,0.2000000029802356,True,True
272,13,0.011335402727127075,0.001,True,True,True,0.0062220955016556445,True,0.20000000298023224,3.3554857903991427e-15,0.2000000029802356,True,True
272,14,0.010663513094186783,0.001,True,True,True,0.006269866068248753,True,0.11245019375428811,3.3410986486820194e-15,0.11245019375429145,True,True
272,15,0.010511182248592377,0.001,True,True,True,0.006329229489021371,True,0.04876816108598803,3.3276191941945608e-15,0.04876816108599136,True,True
272,16,0.010666348040103912,0.001,True,True,True,0.006567205904066675,True,0.018795935636603645,3.3257157303651573e-15,0.01879593563660697,True,True
272,17,0.01133039966225624,0.001,True,True,True,0.007079778639788814,True,0.007989510496791752,3.380243320231074e-15,0.007989510496795133,True,True
272,18,0.012261934578418732,0.001,True,True,True,0.007923802808181835,True,5.197620112085133e-12,3.4789013688444406e-15,5.201099013453977e-12,True,True
272,19,0.01350775733590126,0.001,True,True,True,0.00895342240806618,True,7.45181694128405e-12,3.59075235717012e-15,7.455407693641221e-12,True,True
272,20,0.0150015689432621,0.001,True,True,True,0.009848471131501224,True,7.812417379682302e-12,1.0462051161591508e-15,7.81346358479846e-12,True,True
273,1,0.016013700515031815,0.001,True,True,True,0.013956300376587238,True,0.19974030226611156,9.784655067845954e-12,0.1997403022758962,True,True
273,2,0.014625493437051773,0.001,True,True,True,0.013431547642643427,True,0.15444536153068622,9.806847193617514e-12,0.15444536154049307,True,True
273,3,0.013456441462039948,0.001,True,True,True,0.013178820289947879,True,0.054318682967206655,9.751422366502451e-12,0.05431868297695808,True,True
273,4,0.013445168733596802,0.001,True,True,True,0.012869191214988751,True,0.21631263054989613,9.737161601675263e-12,0.2163126305596333,True,True
273,5,0.012732330709695816,0.001,True,True,True,0.012463894172058287,True,0.1892000724894416,9.749584846630085e-12,0.18920007249919119,True,True
273,6,0.012639421969652176,0.001,True,True,True,0.012063175453601582,True,0.2514342556616107,9.744672795258382e-12,0.25143425567135536,True,True
273,7,0.011317621916532516,0.001,True,True,True,0.011766947732398725,True,0.16224741346573524,9.754731545395625e-12,0.16224741347548996,True,True
273,8,0.010879479348659515,0.001,True,True,True,0.011593153173179438,True,0.20163901647438465,9.76494746384007e-12,0.20163901648414959,True,True
273,9,0.009129896759986877,0.001,True,True,True,0.01127862253491263,True,0.2230673719837597,9.72115347252714e-12,0.22306737199348084,True,True
273,10,0.007328111678361893,0.001,True,True,True,0.010900147911866886,True,0.24402574863145077,9.721790953132948e-12,0.24402574864117255,True,True
273,11,0.008969433605670929,0.001,True,True,True,0.010656473501896357,True,0.20000000298023224,9.791879099279936e-12,0.20000000299002413,True,True
273,12,0.00939515233039856,0.001,True,True,True,0.010391978376453226,True,0.14126440207240165,9.752771251752898e-12,0.14126440208215443,True,True
273,13,0.010035797953605652,0.001,True,True,True,0.010121593745940904,True,0.15225029668413725,9.713055057856644e-12,0.15225029669385032,True,True
273,14,0.008612807840108871,0.001,True,True,True,0.01006253152141201,True,0.005409720585383582,9.785621357432307e-12,0.005409720595169203,True,True
273,15,0.008257728070020676,0.001,True,True,True,0.010413595492755556,True,3.951253546574662e-09,9.737331836681419e-12,3.960990878411344e-09,True,True
273,16,0.008314229547977448,0.001,True,True,True,0.011044793109876716,True,0.012287598497294994,9.714551861202569e-12,0.012287598507009546,True,True
273,17,0.008666139096021652,0.001,True,True,True,0.012043491949866869,True,0.009290686085183353,9.717937732114462e-12,0.009290686094901291,True,True
273,18,0.009259719401597977,0.001,True,True,True,0.013487812525746157,True,2.1469141131547076e-08,9.76121908354673e-12,2.1478902350630624e-08,True,True
273,19,0.010046243667602539,0.001,True,True,True,0.015417435608179986,True,1.7309034205936769e-09,9.827379081645895e-12,1.7407307996753228e-09,True,True
273,20,0.010855462402105331,0.001,True,True,True,0.017757218107616213,True,5.551294535166562e-09,2.18801931095097e-12,5.553482554477513e-09,True,True
274,1,0.015228398144245148,0.001,True,True,True,0.012613898968601323,True,0.2142404808505951,1.5251394390425038e-13,0.21424048085074762,True,True
274,2,0.014671392738819122,0.001,True,True,True,0.011290459456739121,True,0.18359307551483894,1.524355945952273e-13,0.18359307551499138,True,True
274,3,0.014238137751817703,0.001,True,True,True,0.010234940238663004,True,0.11442536317141716,1.5269608960767085e-13,0.11442536317156986,True,True
274,4,0.013851027935743332,0.001,True,True,True,0.009217275573486283,True,0.20000217987556362,1.5287920446870633e-13,0.2000021798757165,True,True
274,5,0.013395827263593674,0.001,True,True,True,0.00820753510639638,True,0.18072473535963418,1.52707823772838e-13,0.1807247353597869,True,True
274,6,0.013236045837402344,0.001,True,True,True,0.007287032324261977,True,0.20000000298023224,1.5287809065905623e-13,0.20000000298038512,True,True
274,7,0.012532517313957214,0.001,True,True,True,0.006505489400564057,True,0.1592513444214525,1.525570295449352e-13,0.15925134442160505,True,True
274,8,0.01271781325340271,0.001,True,True,True,0.005862760294054636,True,0.19283092056967277,1.523486862840444e-13,0.19283092056982512,True,True
274,9,0.012770634144544601,0.001,True,True,True,0.0052659893385236245,True,0.1907700341089884,1.5271501799988242e-13,0.19077003410914112,True,True
274,10,0.012681983411312103,0.001,True,True,True,0.004732068836750258,True,0.14598488156879874,1.526200355032133e-13,0.14598488156895137,True,True
274,11,0.012703821063041687,0.001,True,True,True,0.004278549251601982,True,0.08866155372298046,1.5249540187554336e-13,0.08866155372313295,True,True
274,12,0.012923471629619598,0.001,True,True,True,0.003919791650676352,True,0.04758042751066682,1.5243967909926106e-13,0.04758042751081926,True,True
274,13,0.013426944613456726,0.001,True,True,True,0.003691453341111428,True,0.041590351231548084,1.5247833296721546e-13,0.04159035123170056,True,True
274,14,0.011298395693302155,0.001,True,True,True,0.0033963305671160793,True,0.010131680458556502,1.5251093881843367e-13,0.010131680458709014,True,True
274,15,0.011344321072101593,0.001,True,True,True,0.003145144065836991,True,4.88032725343146e-10,1.5236545851003847e-13,4.881850908016561e-10,True,True
274,16,0.01158595085144043,0.001,True,True,True,0.0029308770532590067,True,0.07365920011468319,1.524592955057326e-13,0.07365920011483565,True,True
274,17,0.011751646175980568,0.001,True,True,True,0.025104331312769373,True,0.13007566975664275,1.524419465378388e-13,0.1300756697567952,True,True
274,18,0.009898660704493523,0.001,True,True,True,0.02368261139856101,True,0.11283531905005617,1.5287559301992842e-13,0.11283531905020905,True,True
274,19,0.009030170738697052,0.001,True,True,True,0.021774254605692635,True,0.05777126768489005,1.556111135267123e-13,0.05777126768504566,True,True
274,20,0.008740833029150963,0.001,True,True,True,0.01920409584130603,True,1.881701905404043e-09,2.94681069075696e-14,1.8817313735109503e-09,True,True
275,1,0.013792898505926132,0.001,True,True,True,0.012243087964376675,True,0.19999999855576558,4.593096387346367e-12,0.1999999985603587,True,True
275,2,0.01211942732334137,0.001,True,True,True,0.011827117680030197,True,0.19102243937631402,4.590258776504345e-12,0.1910224393809043,True,True
275,3,0.010698433965444565,0.001,True,True,True,0.0115092020765315,True,0.15251980810460353,4.5826880933054006e-12,0.15251980810918622,True,True
275,4,0.010518331080675125,0.001,True,True,True,0.011388269072670543,True,0.20000000298023224,4.593095847064671e-12,0.20000000298482534,True,True
275,5,0.00909789651632309,0.001,True,True,True,0.011419484566169924,True,0.02111527260563406,4.56945574312245e-12,0.021115272610203517,True,True
275,6,0.008896172046661377,0.001,True,True,True,0.011434762723963487,True,2.2562426114092204e-05,4.5754746774662e-12,2.256243068956688e-05,True,True
275,7,0.006802111864089966,0.001,True,True,True,0.011425282876740495,True,0.1999992318490463,4.593103882417679e-12,0.1999992318536394,True,True
275,8,0.007311508059501648,0.001,True,True,True,0.01135789195206538,True,0.19998250987989347,4.593358953740786e-12,0.19998250988448682,True,True
275,9,0.007347680628299713,0.001,True,True,True,0.011229066574643287,True,7.592166895165064e-08,4.57908455995065e-12,7.592624803621059e-08,True,True
275,10,0.006912294775247574,0.001,True,True,True,0.011073335672664886,True,0.04808780477753771,4.576490981780742e-12,0.048087804782114205,True,True
275,11,0.00664844736456871,0.001,True,True,True,0.01097268669613527,True,0.08006854485782355,4.575028319792787e-12,0.08006854486239859,True,True
275,12,0.006707809865474701,0.001,True,True,True,0.01090051179749274,True,0.08403660447221739,4.572315384125468e-12,0.0840366044767897,True,True
275,13,0.007220860570669174,0.001,True,True,True,0.010845707917381153,True,0.0745734145063679,4.5667421763452906e-12,0.07457341451093463,True,True
275,14,0.004415988922119141,0.001,True,True,True,0.010669918046975702,True,8.992927291728847e-09,4.587161043957885e-12,8.997514452772806e-09,True,True
275,15,0.003901459276676178,0.001,True,True,True,0.01083665930263411,True,0.08291110788471201,4.569219007882361e-12,0.08291110788928123,True,True
275,16,0.0036700330674648285,0.001,True,True,True,0.011259018618173466,True,0.12013336814977293,4.563096328802893e-12,0.12013336815433603,True,True
275,17,0.0036868229508399963,0.001,True,True,True,0.01197950219903443,True,0.11050389428687879,4.564842827144603e-12,0.11050389429144364,True,True
275,18,0.0038295388221740723,0.001,True,True,True,0.012991647459253075,True,0.08317142139296863,4.574359636903178e-12,0.08317142139754298,True,True
275,19,0.004044137895107269,0.001,True,True,True,0.01429006462152671,True,0.04483876864614089,4.642229518142627e-12,0.04483876865078312,True,True
275,20,0.004350434988737106,0.001,True,True,True,0.01586966596327699,True,9.958775137874909e-09,9.036761437466384e-13,9.959678814018656e-09,True,True
276,1,0.013360641896724701,0.001,True,True,True,0.01153229192747629,True,0.20399064800570876,1.40145827962844e-11,0.20399064801972336,True,True
276,2,0.012818250805139542,0.001,True,True,True,0.010720066438714149,True,0.20786044453518215,1.3914537672966995e-11,0.2078604445490967,True,True
276,3,0.012385211884975433,0.001,True,True,True,0.009960364288489343,True,0.17093369768981148,1.3891113683287585e-11,0.1709336977037026,True,True
276,4,0.011961646378040314,0.001,True,True,True,0.009248663434137327,True,0.1755814011447896,1.3898202692748484e-11,0.1755814011586878,True,True
276,5,0.011645868420600891,0.001,True,True,True,0.008558018346852991,True,0.14138462289980325,1.3884339049605377e-11,0.14138462291368759,True,True
276,6,0.011784173548221588,0.001,True,True,True,0.007902786554611074,True,0.12071722699831966,1.3912907484726346e-11,0.12071722701223257,True,True
276,7,0.011638637632131577,0.001,True,True,True,0.007346430880195376,True,0.08146038769202946,1.3881570572373068e-11,0.08146038770591103,True,True
276,8,0.012323543429374695,0.001,True,True,True,0.006857918286307552,True,0.12417041186943933,1.3983631177739804e-11,0.12417041188342297,True,True
276,9,0.012465249747037888,0.001,True,True,True,0.006472602411124129,True,0.09011542305345799,1.3968682943420926e-11,0.09011542306742668,True,True
276,10,0.012007161974906921,0.001,True,True,True,0.006115097804112901,True,0.0676343476525112,1.3897106580924694e-11,0.0676343476664083,True,True
276,11,0.011822819709777832,0.001,True,True,True,0.005769478122151117,True,0.03718168405493216,1.3873041679495604e-11,0.037181684068805204,True,True
276,12,0.011989593505859375,0.001,True,True,True,0.005445363431899164,True,0.012428627685377336,1.387316274385038e-11,0.012428627699250499,True,True
276,13,0.012531626969575882,0.001,True,True,True,0.0051646463093970585,True,4.6553509491786826e-08,1.3892217756631322e-11,4.656740170954346e-08,True,True
276,14,0.011637404561042786,0.001,True,True,True,0.004863085939469158,True,1.73866041563997e-08,1.3894704055544696e-11,1.7400498860455243e-08,True,True
276,15,0.011239014565944672,0.001,True,True,True,0.004626375784385628,True,0.03168297976447221,1.3933814290557638e-11,0.03168297977840602,True,True
276,16,0.011705242097377777,0.001,True,True,True,0.004578976562156889,True,0.07785968989233538,1.3911174590354521e-11,0.07785968990624656,True,True
276,17,0.011267720721662045,0.001,True,True,True,0.02495564417145507,True,0.09153546325561024,1.3911668049766197e-11,0.0915354632695219,True,True
276,18,0.008792571723461151,0.001,True,True,True,0.023493276832473486,True,0.07439206861264225,1.4026210374434342e-11,0.07439206862666846,True,True
276,19,0.006699647754430771,0.001,True,True,True,0.021877263352557255,True,0.0400001859046899,1.43200452941768e-11,0.040000185919009945,True,True
276,20,0.0049816761165857315,0.001,True,True,True,0.02008429658717005,True,7.503035703848582e-08,4.753384082426296e-12,7.503511042256825e-08,True,True
277,1,0.012596044689416885,0.001,True,True,True,0.010753165342822113,True,0.19999976707779077,2.4470786862849437e-15,0.1999997670777932,True,True
277,2,0.011691674590110779,0.001,True,True,True,0.010043246582189802,True,0.19634951401372985,2.446745764884132e-15,0.1963495140137323,True,True
277,3,0.01094558835029602,0.001,True,True,True,0.009390341884619069,True,0.1458305648738829,2.444430533994876e-15,0.14583056487388535,True,True
277,4,0.009777523577213287,0.001,True,True,True,0.00883708064034705,True,0.19690414045229676,2.4467070608754727e-15,0.1969041404522992,True,True
277,5,0.008639417588710785,0.001,True,True,True,0.008437613786072218,True,0.20000000298023224,2.447077826794204e-15,0.20000000298023468,True,True
277,6,0.008412361145019531,0.001,True,True,True,0.008082455588092508,True,0.0925963890970678,2.4440272406445066e-15,0.09259638909707024,True,True
277,7,0.007608328014612198,0.001,True,True,True,0.007762931261876549,True,1.5001623410171305e-07,2.4434187130243523e-15,1.5001623654513176e-07,True,True
277,8,0.00831160694360733,0.001,True,True,True,0.0074529988339244735,True,0.21191404684353188,2.4443018787830357e-15,0.21191404684353432,True,True
277,9,0.008263412863016129,0.001,True,True,True,0.007133757478710923,True,0.1407343786271582,2.44393649498443e-15,0.14073437862716065,True,True
277,10,0.007257454097270966,0.001,True,True,True,0.006946996109907788,True,0.08371361024812529,2.4443182391020796e-15,0.08371361024812773,True,True
277,11,0.00653410330414772,0.001,True,True,True,0.006939625689786677,True,0.027926651221399368,2.4439952174780026e-15,0.02792665122140181,True,True
277,12,0.006190896034240723,0.001,True,True,True,0.007084908163505377,True,0.008110806140933846,2.4437698478517313e-15,0.00811080614093629,True,True
277,13,0.006280787289142609,0.001,True,True,True,0.007363338876117842,True,1.0466294497746276e-11,2.4443755915777625e-15,1.0468738873337854e-11,True,True
277,14,0.0052689239382743835,0.001,True,True,True,0.007788748007928836,True,0.006141051231097094,2.442965850552658e-15,0.006141051231099538,True,True
277,15,0.0048997849225997925,0.001,True,True,True,0.008257674712440322,True,0.02048741331913817,2.4427618930216086e-15,0.020487413319140613,True,True
277,16,0.004880793392658234,0.001,True,True,True,0.008810994399859107,True,0.01585847480215108,2.442542776976088e-15,0.01585847480215352,True,True
277,17,0.005062021315097809,0.001,True,True,True,0.009487390498740256,True,0.007199598351768088,2.443882771770147e-15,0.007199598351770533,True,True
277,18,0.00538761168718338,0.001,True,True,True,0.010324514679532548,True,0.0001298114348955437,2.4480048026893068e-15,0.0001298114348979917,True,True
277,19,0.005803309381008148,0.001,True,True,True,0.011359581629544757,True,1.1034728686354356e-11,2.4583545594880255e-15,1.1037187040913844e-11,True,True
277,20,0.006258152425289154,0.001,True,True,True,0.01237514421261332,True,6.203038083185675e-12,2.797544716123069e-16,6.203317837657287e-12,True,True
278,1,0.011876020580530167,0.001,True,True,True,0.010217513902278652,True,0.20016845687500684,3.2090402268434047e-12,0.20016845687821588,True,True
278,2,0.011212199926376343,0.001,True,True,True,0.009588100866072535,True,0.18338738879455718,3.2075859027289707e-12,0.18338738879776476,True,True
278,3,0.010506480932235718,0.001,True,True,True,0.00902768781533525,True,0.1253049667805115,3.2065360164001884e-12,0.12530496678371805,True,True
278,4,0.010125599801540375,0.001,True,True,True,0.008475184721454587,True,0.18273217165774014,3.2083730145425417e-12,0.18273217166094852,True,True
278,5,0.009806901216506958,0.001,True,True,True,0.007867081226509365,True,0.16556120015168574,3.2100962486373816e-12,0.16556120015489584,True,True
278,6,0.009259726852178574,0.001,True,True,True,0.0073387889423084385,True,0.15544682895389883,3.2084695635775297e-12,0.1554468289571073,True,True
278,7,0.008946530520915985,0.001,True,True,True,0.006900206796504271,True,0.11757815730869225,3.2061067631833438e-12,0.11757815731189836,True,True
278,8,0.008470892906188965,0.001,True,True,True,0.006559403466178004,True,0.1805549240032014,3.2087811220959686e-12,0.18055492400641018,True,True
278,9,0.00813940167427063,0.001,True,True,True,0.00634621211948172,True,0.0629807258545867,3.2079561449788026e-12,0.06298072585779466,True,True
278,10,0.00795067846775055,0.001,True,True,True,0.006166818278313446,True,0.07913235736710789,3.2095446249412725e-12,0.07913235737031743,True,True
278,11,0.007875002920627594,0.001,True,True,True,0.006017823944551637,True,0.04903807308660646,3.2066072115122884e-12,0.04903807308981307,True,True
278,12,0.00791797786951065,0.001,True,True,True,0.0059373557891144735,True,0.018043821106381586,3.204553715607592e-12,0.01804382110958614,True,True
278,13,0.008088964968919754,0.001,True,True,True,0.005948454453619689,True,1.3726470626806986e-08,3.2040745582134858e-12,1.3729674701365199e-08,True,True
278,14,0.008308470249176025,0.001,True,True,True,0.006048628884192997,True,1.1508319630593178e-08,3.204653309250521e-12,1.1511524283902428e-08,True,True
278,15,0.008846752345561981,0.001,True,True,True,0.006225344067430916,True,9.188383387481736e-11,3.2095776232050136e-12,9.509341149802237e-11,True,True
278,16,0.009517256170511246,0.001,True,True,True,0.0065004757213784625,True,0.0003515556332800429,3.2091292249678143e-12,0.00035155563648917216,True,True
278,17,0.010324966162443161,0.001,True,True,True,0.006906265716986271,True,0.0010130311967273542,3.2105177908704474e-12,0.001013031199937872,True,True
278,18,0.011275224387645721,0.001,True,True,True,0.0074324651309957135,True,0.0006645386050188051,3.2197268934914266e-12,0.000664538608238532,True,True
278,19,0.01237105205655098,0.001,True,True,True,0.008070102111043198,True,8.487059943718123e-09,3.269140875805402e-12,8.490329084593927e-09,True,True
278,20,0.013374563306570053,0.001,True,True,True,0.008740551576988276,True,1.2041891039871189e-08,4.4288427251008364e-13,1.2042333924143698e-08,True,True
279,1,0.011297557502985,0.001,True,True,True,0.00958953616110425,True,0.1990174450267761,2.2645681208239803e-12,0.19901744502904067,True,True
279,2,0.010640501976013184,0.001,True,True,True,0.008948756536266478,True,0.1782291933265192,2.2555018021569187e-12,0.1782291933287747,True,True
279,3,0.010139387100934982,0.001,True,True,True,0.008334284260858693,True,0.17348946561730116,2.2627676727130002e-12,0.17348946561956394,True,True
279,4,0.009415414184331894,0.001,True,True,True,0.0077922362742570694,True,0.1776401138113739,2.273855967708344e-12,0.17764011381364775,True,True
279,5,0.008704092353582382,0.001,True,True,True,0.007382039754536773,True,0.20000000298023224,2.2721488381159837e-12,0.2000000029825044,True,True
279,6,0.008347786962985992,0.001,True,True,True,0.0070202444707903044,True,0.2057354739282644,2.260454096357868e-12,0.20573547393052485,True,True
279,7,0.007833018898963928,0.001,True,True,True,0.0067063065498544905,True,0.13318059497272472,2.2629972478665174e-12,0.13318059497498771,True,True
279,8,0.007697172462940216,0.001,True,True,True,0.006450029234733368,True,0.21728576022086799,2.2624031608081276e-12,0.2172857602231304,True,True
279,9,0.007491253316402435,0.001,True,True,True,0.006224037092193324,True,0.1353923346341901,2.259589277424402e-12,0.13539233463644967,True,True
279,10,0.007179122418165207,0.001,True,True,True,0.0061136722741355065,True,0.09137740542349349,2.2644532275267185e-12,0.09137740542575794,True,True
279,11,0.00693550705909729,0.001,True,True,True,0.006145947796117879,True,0.042570530735538625,2.263702769616823e-12,0.04257053073780233,True,True
279,12,0.006781242787837982,0.001,True,True,True,0.006308534775612662,True,0.015082546607118275,2.261765429482013e-12,0.01508254660938004,True,True
279,13,0.0067262351512908936,0.001,True,True,True,0.006601766949008603,True,0.0028380693714211702,2.2590717953801537e-12,0.002838069373680242,True,True
279,14,0.006698731333017349,0.001,True,True,True,0.0070075541976383215,True,1.8867595485971833e-08,2.258282789132801e-12,1.8869853768760964e-08,True,True
279,15,0.0069203004240989685,0.001,True,True,True,0.007474738055076813,True,0.0008652501012633707,2.256334917127955e-12,0.0008652501035197055,True,True
279,16,0.007279835641384125,0.001,True,True,True,0.00801066405594908,True,0.0006753765940494816,2.2566430432384234e-12,0.0006753765963061246,True,True
279,17,0.007761280983686447,0.001,True,True,True,0.008646036323945117,True,6.900467752757322e-09,2.26860119652919e-12,6.9027363539538515e-09,True,True
279,18,0.008352376520633698,0.001,True,True,True,0.009382291048626978,True,1.4736762921074842e-09,2.295948084730493e-12,1.4759722401922147e-09,True,True
279,19,0.00903978943824768,0.001,True,True,True,0.01017881401591103,True,1.1615275852250306e-07,2.3383171022241477e-12,1.1615509683960529e-07,True,True
279,20,0.009731873869895935,0.001,True,True,True,0.011011951528177022,True,5.6105449175447575e-09,4.938609766462072e-13,5.611038778521404e-09,True,True
280,1,0.010672137141227722,0.001,True,True,True,0.009107493801677968,True,0.19845653527361362,1.4611593131688214e-12,0.19845653527507479,True,True
280,2,0.010023560374975204,0.001,True,True,True,0.008592505420853325,True,0.17311418676333545,1.4603364796209413e-12,0.17311418676479579,True,True
280,3,0.009280771017074585,0.001,True,True,True,0.00816048626330601,True,0.12404469049569755,1.4624565289836302e-12,0.12404469049716,True,True
280,4,0.008973285555839539,0.001,True,True,True,0.007749323118873885,True,0.20588154633998457,1.4610710106355863e-12,0.20588154634144565,True,True
280,5,0.00870540738105774,0.001,True,True,True,0.007291900238544757,True,0.20517391886851044,1.4598742862821587e-12,0.20517391886997033,True,True
280,6,0.008092984557151794,0.001,True,True,True,0.006910306342162498,True,0.19337562037113232,1.4701200258494545e-12,0.19337562037260245,True,True
280,7,0.00788186490535736,0.001,True,True,True,0.006608378041459639,True,0.1886880736106349,1.4602581217755532e-12,0.18868807361209514,True,True
280,8,0.007428906857967377,0.001,True,False,False,0.006373285652631511,True,,,,,
280,9,0.007215723395347595,0.001,True,True,True,0.006232608261002026,True,0.05917094939078993,1.463709297748708e-12,0.05917094939225364,True,True
280,10,0.007168419659137726,0.001,True,True,True,0.006146078957149026,True,0.05528025100031897,1.4628389550401888e-12,0.055280251001781806,True,True
280,11,0.007187165319919586,0.001,True,True,True,0.006119479686248042,True,0.034042417875710385,1.4589914298493633e-12,0.03404241787716938,True,True
280,12,0.007291093468666077,0.001,True,True,True,0.006174375494690576,True,0.014625217710459992,1.462023962638479e-12,0.014625217711922016,True,True
280,13,0.007490802556276321,0.001,True,True,True,0.006323947980809486,True,0.0029846661552994647,1.462828013789889e-12,0.002984666156762293,True,True
280,14,0.007795773446559906,0.001,True,True,True,0.006578659242237217,True,3.9585685840393126e-09,1.4573338234201242e-12,3.9600259178627324e-09,True,True
280,15,0.008243124932050705,0.001,True,True,True,0.006903465888353555,True,5.413117065700135e-09,1.4580648719382676e-12,5.414575130572073e-09,True,True
280,16,0.008814126253128052,0.001,True,True,True,0.007263521863076994,True,2.50875942242601e-09,1.466451513975421e-12,2.5102258739399857e-09,True,True
280,17,0.00949394702911377,0.001,True,True,True,0.0076723941498247905,True,8.445282553282141e-07,1.5080619306469874e-12,8.445297633901447e-07,True,True
280,18,0.010275457054376602,0.001,True,True,True,0.008143673775519833,True,5.113743053186681e-05,1.5401444686305078e-12,5.113743207201128e-05,True,True
280,19,0.01110665500164032,0.001,True,True,True,0.008667651679743704,True,0.00018160374779796484,1.5831271669314032e-12,0.000181603749381092,True,True
280,20,0.011976651847362518,0.001,True,True,True,0.009224992923373088,True,3.278266547113162e-11,5.261821157319107e-13,3.330884758686353e-11,True,True
281,1,0.01017894595861435,0.001,True,True,True,0.008613102686067853,True,0.19819874687926609,1.627609987700532e-12,0.1981987468808937,True,True
281,2,0.00966181606054306,0.001,True,True,True,0.008101361722996803,True,0.17612542323007574,1.6239098893635043e-12,0.17612542323169966,True,True
281,3,0.009312376379966736,0.001,True,True,True,0.007603245042565376,True,0.19472214985526648,1.6211689947211687e-12,0.19472214985688766,True,True
281,4,0.008755110204219818,0.001,True,True,True,0.007163917364490624,True,0.19676375934195445,1.627656116875172e-12,0.1967637593435821,True,True
281,5,0.008230984210968018,0.001,True,True,True,0.0068383181963567186,True,0.20000000298023224,1.6302506159737278e-12,0.2000000029818625,True,True
281,6,0.007953356951475143,0.001,True,True,True,0.006555887332999388,True,0.22199388076768756,1.6225612321050543e-12,0.22199388076931012,True,True
281,7,0.007597491145133972,0.001,True,True,True,0.006316788196087719,True,0.1753548634359543,1.6238547531238287e-12,0.17535486343757817,True,True
281,8,0.007430307567119598,0.001,True,True,True,0.006140649128530962,True,0.16996061029038856,1.6234982101975649e-12,0.16996061029201207,True,True
281,9,0.007287796586751938,0.001,True,True,True,0.006011594408331877,True,0.10793535130384413,1.622204100932655e-12,0.10793535130546633,True,True
281,10,0.007157519459724426,0.001,True,True,True,0.005969433609558594,True,0.06352628902640589,1.6229300700403017e-12,0.06352628902802882,True,True
281,11,0.0071031153202056885,0.001,True,True,True,0.006023019181786715,True,0.032339680803495696,1.620954915200436e-12,0.03233968080511665,True,True
281,12,0.007132090628147125,0.001,True,True,True,0.006168782545137974,True,0.013525093263780263,1.6189277178606645e-12,0.01352509326539919,True,True
281,13,0.007247373461723328,0.001,True,True,True,0.006410579110465275,True,0.0034541962965946027,1.618440166612854e-12,0.003454196298213043,True,True
281,14,0.007453881204128265,0.001,True,True,True,0.006755711778670848,True,1.2807262805836217e-08,1.6187614432548937e-12,1.2808881567279472e-08,True,True
281,15,0.007761374115943909,0.001,True,True,True,0.0071769214905538226,True,1.1623150442119368e-08,1.6189015887229878e-12,1.162476934370809e-08,True,True
281,16,0.008150286972522736,0.001,True,True,True,0.007642795281883608,True,3.1335574135482602e-09,1.620129721043632e-12,3.1351775432693037e-09,True,True
281,17,0.00860007107257843,0.001,True,True,True,0.008159793246787284,True,6.080878023340119e-09,1.6273959304957025e-12,6.082505419270615e-09,True,True
281,18,0.009105168282985687,0.001,True,True,True,0.008728322772252772,True,6.267757072464519e-06,1.6366420190113543e-12,6.2677587091065385e-06,True,True
281,19,0.009649023413658142,0.001,True,True,True,0.009340641894791113,True,1.5452407733818063e-05,1.6405482435557041e-12,1.5452409374366305e-05,True,True
281,20,0.010217290371656418,0.001,True,True,True,0.009983832926369618,True,8.943391804905332e-09,2.4159274361394833e-13,8.943633397648945e-09,True,True
282,1,0.009682655334472656,0.001,True,True,True,0.008213977972333586,True,0.19839354320157465,4.697547748544316e-13,0.19839354320204441,True,True
282,2,0.009157668799161911,0.001,True,True,True,0.007794392117619564,True,0.1731952903419085,4.68744511485726e-13,0.17319529034237724,True,True
282,3,0.00851362943649292,0.001,True,True,True,0.007452344791864407,True,0.19671629802570806,4.713530338684822e-13,0.1967162980261794,True,True
282,4,0.00827355682849884,0.001,True,True,True,0.00714377503919672,True,0.19741007321814408,4.70354648247032e-13,0.19741007321861442,True,True
282,5,0.008050724864006042,0.001,True,True,True,0.006818627719190173,True,0.20428493728718422,4.696889511600893e-13,0.2042849372876539,True,True
282,6,0.007586486637592316,0.001,True,True,True,0.006557672631966938,True,0.20000000298023224,4.713409872130831e-13,0.20000000298070358,True,True
282,7,0.0074306875467300415,0.001,True,True,True,0.006366862406931739,True,0.14390421827135924,4.697060543852974e-13,0.14390421827182895,True,True
282,8,0.00715361163020134,0.001,True,True,True,0.006233014958249239,True,0.08192517688216228,4.703859578920099e-13,0.08192517688263266,True,True
282,9,0.007029876112937927,0.001,True,True,True,0.006172989570997212,True,0.036467468606808495,4.698550879461268e-13,0.03646746860727835,True,True
282,10,0.007016293704509735,0.001,True,True,True,0.0061725332378572695,True,0.027441231779704367,4.698300411628303e-13,0.027441231780174196,True,True
282,11,0.007066793739795685,0.001,True,True,True,0.006237196905573894,True,0.014317245640533827,4.694911673582023e-13,0.014317245641003317,True,True
282,12,0.007195793092250824,0.001,True,True,True,0.006376718066400722,True,0.004869400642377286,4.694230010262217e-13,0.004869400642846709,True,True
282,13,0.0074111223220825195,0.001,True,True,True,0.006598057555330494,True,0.00016695811687128526,4.692771664408195e-13,0.00016695811734056243,True,True
282,14,0.007717736065387726,0.001,True,True,True,0.00690744720074743,True,5.633538080473954e-10,4.691291313406318e-13,5.638229371787361e-10,True,True
282,15,0.008115001022815704,0.001,True,True,True,0.0072694633472196735,True,3.733642728320774e-09,4.689752813748887e-13,3.734111703602149e-09,True,True
282,16,0.008581027388572693,0.001,True,True,True,0.007663797465101818,True,3.2380178538460314e-09,4.705795358578025e-13,3.2384884333818894e-09,True,True
282,17,0.009109973907470703,0.001,True,True,True,0.008088311282994587,True,2.4162748246681076e-08,4.757528165875096e-13,2.4163223999497664e-08,True,True
282,18,0.009692370891571045,0.001,True,True,True,0.008550762762131958,True,0.00024338490408126745,4.846956024245141e-13,0.00024338490456596304,True,True
282,19,0.010318607091903687,0.001,True,True,True,0.009044694358412375,True,0.0003790314847513798,4.910546239910693e-13,0.00037903148524243445,True,True
282,20,0.010974418371915817,0.001,True,True,True,0.00955638423748495,True,1.1832490542929008e-09,9.003420808153052e-14,1.1833390885009823e-09,True,True
283,1,0.00927569717168808,0.001,True,True,True,0.00784048035372309,True,0.197253427171026,5.790705667254298e-13,0.19725342717160507,True,True
283,2,0.0088590607047081,0.001,True,True,True,0.007469089206002977,True,0.1714680671578641,5.783755821095346e-13,0.17146806715844248,True,True
283,3,0.008611775934696198,0.001,True,True,True,0.007111359340579604,True,0.19499525969740006,5.782853796739284e-13,0.19499525969797835,True,True
283,4,0.008172377943992615,0.001,True,True,True,0.006801571268349127,True,0.1881050832212141,5.797507434151377e-13,0.18810508322179387,True,True
283,5,0.00779300183057785,0.001,True,True,True,0.006581591778291651,True,0.17411958319453769,5.809852796800898e-13,0.17411958319511867,True,True
283,6,0.0076117441058158875,0.001,True,True,True,0.0064017027501559465,True,0.1460513181252061,5.786015946139606e-13,0.1460513181257847,True,True
283,7,0.007380589842796326,0.001,True,True,True,0.006261761848268099,True,0.09089584791928473,5.788196219810904e-13,0.09089584791986355,True,True
283,8,0.007280200719833374,0.001,True,True,True,0.006178388874781282,True,0.07306454000572415,5.787620880818499e-13,0.07306454000630291,True,True
283,9,0.007214367389678955,0.001,True,True,True,0.006146024466499256,True,0.044727731339342824,5.787523994401376e-13,0.04472773133992158,True,True
283,10,0.007197581231594086,0.001,True,True,True,0.006179705692503479,True,0.023349191700091865,5.786800903041267e-13,0.023349191700670544,True,True
283,11,0.007254686206579208,0.001,True,True,True,0.006283310262094721,True,0.010306703691917107,5.784519946123378e-13,0.01030670369249556,True,True
283,12,0.007388055324554443,0.001,True,True,True,0.006458235126231449,True,0.0029167953119255685,5.783176432840828e-13,0.0029167953125038863,True,True
283,13,0.007601425051689148,0.001,True,True,True,0.0067083471355471325,True,9.038181758569408e-09,5.782274001220711e-13,9.03875998596953e-09,True,True
283,14,0.00789935514330864,0.001,True,True,True,0.0070334716032356415,True,3.957879357585625e-09,5.782097217539955e-13,3.95845756730738e-09,True,True
283,15,0.008260056376457214,0.001,True,True,True,0.007397838234403542,True,3.2192630783356435e-09,5.782331678668628e-13,3.2198413115035105e-09,True,True
283,16,0.008656594902276993,0.001,True,True,True,0.007793284722603322,True,1.347043721011687e-08,5.783402641752547e-13,1.3471015550381045e-08,True,True
283,17,0.00908425822854042,0.001,True,True,True,0.008226766775149663,True,0.00034427575815598743,5.803034457702429e-13,0.00034427575873629087,True,True
283,18,0.009548369795084,0.001,True,True,True,0.008694084742376207,True,0.0007008760277962267,5.826091042672066e-13,0.0007008760283788359,True,True
283,19,0.010042894631624222,0.001,True,True,True,0.00918497936573115,True,0.0006699823325817533,5.855818005927204e-13,0.0006699823331673351,True,True
283,20,0.010554857552051544,0.001,True,True,True,0.009688405666774758,True,1.6242509559560858e-09,9.319801078625919e-14,1.624344153966872e-09,True,True
284,1,0.008908402174711227,0.001,True,True,True,0.007544298095917279,True,0.19997268043954985,1.6987425803335235e-11,0.1999726804565373,True,True
284,2,0.00852949172258377,0.001,True,True,True,0.007217230940575803,True,0.18011569012418605,1.6957856835305596e-11,0.1801156901411439,True,True
284,3,0.008063912391662598,0.001,True,True,True,0.006948480396446133,True,0.17847866419152147,1.7043353171394418e-11,0.17847866420856484,True,True
284,4,0.0078749880194664,0.001,True,True,True,0.006718279400570015,True,0.16891560697978747,1.6974167627164304e-11,0.16891560699676164,True,True
284,5,0.0077014341950416565,0.001,True,True,True,0.006501541348768125,True,0.14389251177687612,1.6962333415412186e-11,0.14389251179383844,True,True
284,6,0.007434207946062088,0.001,True,True,True,0.00633676551721285,True,0.09711150428798021,1.6979878888201193e-11,0.09711150430496009,True,True
284,7,0.007325068116188049,0.001,True,True,True,0.006229280089462996,True,0.07477796565445516,1.6972054237161283e-11,0.07477796567142721,True,True
284,8,0.007206372916698456,0.001,True,True,True,0.006172635617170963,True,0.04362949514601411,1.6972230987407858e-11,0.04362949516298634,True,True
284,9,0.007172867655754089,0.001,True,True,True,0.006174877780867671,True,0.025938501386299606,1.6964282302435658e-11,0.025938501403263887,True,True
284,10,0.007210284471511841,0.001,True,True,True,0.006233803176115993,True,0.013769513276230327,1.6955546035841975e-11,0.013769513293185874,True,True
284,11,0.007310483604669571,0.001,True,True,True,0.006353169961500482,True,0.005275920371332177,1.695314392449349e-11,0.0052759203882853205,True,True
284,12,0.0074802786111831665,0.001,True,True,True,0.006537301486639446,True,0.0007997425551167225,1.6951732534003836e-11,0.0007997425720684551,True,True
284,13,0.007724925875663757,0.001,True,True,True,0.006790002389040706,True,1.1105655062237929e-07,1.695394208589667e-11,1.1107350456446518e-07,True,True
284,14,0.008043844252824783,0.001,True,True,True,0.007091104899894396,True,1.328481182838459e-07,1.6951661745110233e-11,1.32865069945591e-07,True,True
284,15,0.008400339633226395,0.001,True,True,True,0.007418834193269719,True,1.530438140662227e-07,1.6954021840809387e-11,1.530607680880635e-07,True,True
284,16,0.008790463209152222,0.001,True,True,True,0.00777429793130513,True,0.0003915552843345438,1.6969396993964317e-11,0.00039155530130394076,True,True
284,17,0.009222481399774551,0.001,True,True,True,0.008162210047564233,True,0.001209374392367124,1.700640178559002e-11,0.0012093744093735258,True,True
284,18,0.009689956903457642,0.001,True,True,True,0.008571813299567355,True,0.0017704685986998925,1.7002610475522075e-11,0.001770468615702503,True,True
284,19,0.010181866586208344,0.001,True,True,True,0.008991302509451349,True,0.0015199656853717158,1.7217003803129973e-11,0.0015199657025887197,True,True
284,20,0.010686948895454407,0.001,True,True,True,0.009408344526068979,True,1.0100553637926168e-07,2.4463955556708478e-12,1.0100798277481735e-07,True,True
285,1,0.008596017956733704,0.001,True,True,True,0.007262816200677813,True,0.19851815136841067,2.551239920292875e-12,0.1985181513709619,True,True
285,2,0.008266713470220566,0.001,True,True,True,0.00698420142317846,True,0.17739311789693346,2.5510102456085306e-12,0.17739311789948448,True,True
285,3,0.008076101541519165,0.001,True,True,True,0.006727919384465597,True,0.17460144506134867,2.549771943940236e-12,0.17460144506389844,True,True
285,4,0.007752630859613419,0.001,True,True,True,0.006510827302606659,True,0.13964368764749224,2.551911253622363e-12,0.13964368765004415,True,True
285,5,0.007500194013118744,0.001,True,True,True,0.006353567627637613,True,0.09531753059957282,2.5512371280417656e-12,0.09531753060212406,True,True
285,6,0.007387444376945496,0.001,True,True,True,0.006237024025163906,True,0.08015233997216598,2.5507285927265306e-12,0.0801523399747167,True,True
285,7,0.007255285978317261,0.001,True,True,True,0.006162361381659487,True,0.05110514344372774,2.551084617082995e-12,0.051105143446278825,True,True
285,8,0.007213026285171509,0.001,True,True,True,0.006137815236180844,True,0.033991071738967094,2.5509839461090664e-12,0.03399107174151808,True,True
285,9,0.007210001349449158,0.001,True,True,True,0.006163312157349221,True,0.019058085160466476,2.550774938007907e-12,0.01905808516301725,True,True
285,10,0.007261127233505249,0.001,True,True,True,0.006244246855894309,True,0.008650121745610306,2.5503599833579804e-12,0.008650121748160666,True,True
285,11,0.007375873625278473,0.001,True,True,True,0.006383033071628574,True,0.0025284651458648,2.549985735342308e-12,0.002528465148414786,True,True
285,12,0.00755610316991806,0.001,True,True,True,0.006582314368674069,True,8.747154112143107e-08,2.5497867194167368e-12,8.747409090815049e-08,True,True
285,13,0.007804602384567261,0.001,True,True,True,0.006841060780695574,True,1.9745392876302503e-08,2.5499371955647637e-12,1.9747942813498066e-08,True,True
285,14,0.00810430571436882,0.001,True,True,True,0.007130259318189114,True,3.214850607946573e-11,2.550418904721508e-12,3.469892498418724e-11,True,True
285,15,0.008429251611232758,0.001,True,True,True,0.007441067417838454,True,0.00013961060005485137,2.5485844085650454e-12,0.0001396106026034358,True,True
285,16,0.008781418204307556,0.001,True,True,True,0.007784286698283682,True,0.001065287397956638,2.5505059080149777e-12,0.0010652874005071438,True,True
285,17,0.009166497737169266,0.001,True,True,True,0.008151561409994623,True,0.0020982483126381624,2.555541360644653e-12,0.0020982483151937036,True,True
285,18,0.009573888033628464,0.001,True,True,True,0.008532281470200798,True,0.002605397104225915,2.5592060610219435e-12,0.002605397106785121,True,True
285,19,0.009991880506277084,0.001,True,True,True,0.008915298001219152,True,0.0020630296673367354,2.5659786925487853e-12,0.002063029669902714,True,True
285,20,0.010408315807580948,0.001,True,True,True,0.00928926161052157,True,1.2305328311867925e-08,3.378329082477396e-13,1.2305666144776172e-08,True,True
286,1,0.008319124579429626,0.001,True,True,True,0.007006795581024461,True,0.198726171344644,4.3003676394530445e-13,0.19872617134507403,True,True
286,2,0.008036311715841293,0.001,True,True,True,0.006743226182857498,True,0.18023384339177184,4.2978676093548933e-13,0.18023384339220164,True,True
286,3,0.007719635963439941,0.001,True,True,True,0.006521286231302437,True,0.14842761281713024,4.3004545072694713e-13,0.14842761281756028,True,True
286,4,0.007558055222034454,0.001,True,True,True,0.006338296843777735,True,0.1257872536036757,4.2993232142547883e-13,0.12578725360410564,True,True
286,5,0.007416199892759323,0.001,True,True,True,0.006189876346275991,True,0.09646881605409874,4.2989549376268967e-13,0.09646881605452863,True,True
286,6,0.00726545974612236,0.001,True,True,True,0.006085457820028672,True,0.06690165313032281,4.3001872429682124e-13,0.06690165313075283,True,True
286,7,0.007198721170425415,0.001,True,True,True,0.006027850970871329,True,0.04614149271524326,4.299437576321017e-13,0.0461414927156732,True,True
286,8,0.0071630775928497314,0.001,True,True,True,0.0060168430820928265,True,0.028499157230420735,4.2994799633607563e-13,0.028499157230850683,True,True
286,9,0.007186364382505417,0.001,True,True,True,0.006055194702201616,True,0.01585521403300305,4.298750789236393e-13,0.015855214033432926,True,True
286,10,0.007265627384185791,0.001,True,True,True,0.006143806395146667,True,0.007177328012353712,4.2980633836946423e-13,0.007177328012783518,True,True
286,11,0.0074014440178871155,0.001,True,True,True,0.006284227363095085,True,0.0019904626352200694,4.297476580626911e-13,0.001990462635649817,True,True
286,12,0.007597409188747406,0.001,True,True,True,0.00647812921643498,True,5.962128568626213e-09,4.2972651750433005e-13,5.962558295143717e-09,True,True
286,13,0.007853712886571884,0.001,True,True,True,0.006719007267042443,True,4.229740113714797e-09,4.2972971235905523e-13,4.230169843427156e-09,True,True
286,14,0.008139282464981079,0.001,True,True,True,0.006976955781716976,True,2.916909380701327e-09,4.2962691157996624e-13,2.917339007612907e-09,True,True
286,15,0.008446261286735535,0.001,True,True,True,0.007256995221675666,True,0.0008280836880629749,4.2960244201756523e-13,0.0008280836884925774,True,True
286,16,0.008786901831626892,0.001,True,True,True,0.007558476561915994,True,0.0022589076379873063,4.3006381330504835e-13,0.0022589076384173703,True,True
286,17,0.009152304381132126,0.001,True,True,True,0.007871364640021805,True,0.003550619840311242,4.314395536059947e-13,0.0035506198407426817,True,True
286,18,0.00953182578086853,0.001,True,True,True,0.008184862146415006,True,0.004032979500596667,4.3266992903872345e-13,0.004032979501029337,True,True
286,19,0.009914427995681763,0.001,True,True,True,0.008487830261942997,True,0.0030530157653778645,4.35296421320848e-13,0.003053015765813161,True,True
286,20,0.010288681834936142,0.001,True,True,True,0.008768802374520934,True,3.792880676201094e-09,6.538346621581552e-14,3.792946059667309e-09,True,True
287,1,0.00806136429309845,0.001,True,True,True,0.00676146731122973,True,0.19934940692014225,7.058890867233848e-11,0.19934940699073114,True,True
287,2,0.0077972859144210815,0.001,True,True,True,0.006503241607037413,True,0.18575893193978388,7.052847091325096e-11,0.18575893201031235,True,True
287,3,0.007615882903337479,0.001,True,True,True,0.006279681861576236,True,0.15938313075346855,7.055874958833116e-11,0.1593831308240273,True,True
287,4,0.007388520985841751,0.001,True,True,True,0.006094781501318813,True,0.12657495514435624,7.058635210030136e-11,0.12657495521494258,True,True
287,5,0.007223188877105713,0.001,True,True,True,0.005952753286986967,True,0.09508697063852622,7.05829108225737e-11,0.09508697070910914,True,True
287,6,0.007137767970561981,0.001,True,True,True,0.0058545265764951004,True,0.06872204606811749,7.05751480806914e-11,0.06872204613869264,True,True
287,7,0.00706859678030014,0.001,True,True,True,0.0058017586472023375,True,0.04667065030950823,7.057904617923843e-11,0.04667065038008728,True,True
287,8,0.00705927237868309,0.001,True,True,True,0.005795743411270982,True,0.029551807978926092,7.056480757706405e-11,0.0295518080494909,True,True
287,9,0.007093340158462524,0.001,True,True,True,0.005836541568308595,True,0.01677898947023948,7.055379191709879e-11,0.016778989540793272,True,True
287,10,0.00717751681804657,0.001,True,True,True,0.005924357025346216,True,0.007926690910572631,7.054962342463836e-11,0.007926690981122255,True,True
287,11,0.0073142945766448975,0.001,True,True,True,0.006058317860158535,True,0.002508450175781718,7.054316053217077e-11,0.0025084502463248786,True,True
287,12,0.007504720240831375,0.001,True,True,True,0.006237590060539366,True,6.413825301621046e-05,7.052982426239742e-11,6.413832354603472e-05,True,True
287,13,0.007741730660200119,0.001,True,True,True,0.006457655598910872,True,4.742209114283469e-07,7.054421053486402e-11,4.742914556388817e-07,True,True
287,14,0.007994305342435837,0.001,True,True,True,0.006687242579311081,True,0.00021001606797454997,7.051100078343036e-11,0.00021001613848555076,True,True
287,15,0.00826873630285263,0.001,True,True,True,0.006935152600445749,True,0.0014631010830683522,7.051736654850946e-11,0.0014631011535857187,True,True
287,16,0.008565593510866165,0.001,True,True,True,0.007193426403436121,True,0.0031372153355917476,7.057410311618012e-11,0.0031372154061658506,True,True
287,17,0.008874882012605667,0.001,True,True,True,0.007452389751343769,True,0.004536025640824448,7.07430920323549e-11,0.00453602571156754,True,True
287,18,0.009185835719108582,0.001,True,True,True,0.007701630315360752,True,0.004958814347173046,7.109029596736041e-11,0.004958814418263342,True,True
287,19,0.009487323462963104,0.001,True,True,True,0.007930441523887666,True,0.00369433360980409,7.166726869917511e-11,0.003694333681471359,True,True
287,20,0.00976812094449997,0.001,True,True,True,0.008128092196623693,True,8.142004546130011e-07,9.732163330571073e-12,8.142101867763316e-07,True,True
288,1,0.007811985909938812,0.001,True,True,True,0.00652821445489038,True,0.19968884591920188,4.629990785935547e-14,0.19968884591924818,True,True
288,2,0.0075486451387405396,0.001,True,True,True,0.006278092974676852,True,0.19005343256453955,4.622731154522391e-14,0.1900534325645858,True,True
288,3,0.007303502410650253,0.001,True,True,True,0.006060362000264163,True,0.16469463827355568,4.623252168585376e-14,0.16469463827360192,True,True
288,4,0.007133014500141144,0.001,True,True,True,0.00588061892486702,True,0.13268290486587375,4.622090652259246e-14,0.13268290486591997,True,True
288,5,0.006994191557168961,0.001,True,True,True,0.005743006451665922,True,0.10131824827871583,4.6221985180548116e-14,0.10131824827876205,True,True
288,6,0.006886817514896393,0.001,True,True,True,0.00564998521523119,True,0.07396340262659606,4.622343651901604e-14,0.07396340262664229,True,True
288,7,0.006835900247097015,0.001,True,True,True,0.005602709963123953,True,0.05148970901100114,4.6223744620206646e-14,0.051489709011047366,True,True
288,8,0.006827689707279205,0.001,True,True,True,0.00560106081878442,True,0.033904020040218086,4.622310335068566e-14,0.033904020040264306,True,True
288,9,0.006867960095405579,0.001,True,True,True,0.005643563530507989,True,0.020749208454603263,4.621953929977206e-14,0.020749208454649483,True,True
288,10,0.0069548338651657104,0.001,True,True,True,0.00572780384685545,True,0.011464802411211394,4.6207154425460335e-14,0.011464802411257602,True,True
288,11,0.007086955010890961,0.001,True,True,True,0.005850049372467581,True,0.005474740502961595,4.619254178104628e-14,0.005474740503007787,True,True
288,12,0.007263049483299255,0.001,True,True,True,0.006005720246589741,True,0.0021968311828644005,4.618036101928927e-14,0.002196831182910581,True,True
288,13,0.007477510720491409,0.001,True,True,True,0.006189038360865373,True,0.0010572670291786324,4.617009817305373e-14,0.0010572670292248025,True,True
288,14,0.007700860500335693,0.001,True,True,True,0.006390009647240458,True,0.0013699141708229945,4.61643213735731e-14,0.0013699141708691587,True,True
288,15,0.007943440228700638,0.001,True,True,True,0.006600826776293589,True,0.002625473999007255,4.616484282881286e-14,0.00262547399905342,True,True
288,16,0.008197460323572159,0.001,True,True,True,0.006812687266712469,True,0.004203727582616779,4.6177815457110166e-14,0.004203727582662956,True,True
288,17,0.008453190326690674,0.001,True,True,True,0.00701604685762669,True,0.005463997766465667,4.622690965711931e-14,0.005463997766511894,True,True
288,18,0.008700348436832428,0.001,True,True,True,0.0072009559251227095,True,0.005706240051484457,4.6327019152250865e-14,0.0057062400515307836,True,True
288,19,0.008928347378969193,0.001,True,True,True,0.007357286471037838,True,0.004160322635311076,4.623524446117812e-14,0.004160322635357311,True,True
288,20,0.00912640243768692,0.001,True,True,True,0.0074748656108326594,True,6.849631972727366e-12,5.958350351107437e-15,6.855590323078473e-12,True,True
289,1,0.0075737833976745605,0.001,True,True,True,0.00632249230683235,True,0.19974425508033877,1.5628419085466875e-16,0.19974425508033894,True,True
289,2,0.007318466901779175,0.001,True,True,True,0.006103825197753654,True,0.1916467160801556,1.5637019274207556e-16,0.19164671608015577,True,True
289,3,0.007100347429513931,0.001,True,True,True,0.005916538329403975,True,0.16873112882977637,1.561840563406243e-16,0.16873112882977653,True,True
289,4,0.006914611905813217,0.001,True,True,True,0.005766163652565881,True,0.1386753471074158,1.5620843037585013e-16,0.13867534710741597,True,True
289,5,0.006774190813302994,0.001,True,True,True,0.005656280168469419,True,0.10879410367950726,1.5620347047134737e-16,0.10879410367950741,True,True
289,6,0.0066811032593250275,0.001,True,True,True,0.005588859405470048,True,0.08253576054449496,1.5620330680646372e-16,0.08253576054449512,True,True
289,7,0.006632484495639801,0.001,True,True,True,0.005564411609021436,True,0.06099887665315862,1.5620477846947217e-16,0.06099887665315878,True,True
289,8,0.006630118936300278,0.001,True,True,True,0.005581725921110614,True,0.04415060425211692,1.5620202890985742e-16,0.04415060425211708,True,True
289,9,0.006671641021966934,0.001,True,True,True,0.005638506027704104,True,0.03155354281055622,1.561906169310445e-16,0.03155354281055638,True,True
289,10,0.006754375994205475,0.001,True,True,True,0.005730966603341381,True,0.02262952913536509,1.5616770598662276e-16,0.022629529135365246,True,True
289,11,0.00687442347407341,0.001,True,True,True,0.005854202290794364,True,0.016750759508667556,1.561332735141606e-16,0.016750759508667713,True,True
289,12,0.007026851177215576,0.001,True,True,True,0.006002218656947167,True,0.01333239941391895,1.5609593097728847e-16,0.013332399413919106,True,True
289,13,0.007205542176961899,0.001,True,True,True,0.006167827365432643,True,0.011780683505989487,1.5606522817572392e-16,0.011780683505989643,True,True
289,14,0.007401391863822937,0.001,True,True,True,0.006343134602448397,True,0.011554030849396213,1.560460806201596e-16,0.011554030849396369,True,True
289,15,0.00760781392455101,0.001,True,True,True,0.006519135198896686,True,0.01207114260164488,1.5604411840436327e-16,0.012071142601645036,True,True
289,16,0.007816147059202194,0.001,True,True,True,0.006686545397551091,True,0.012744388145197405,1.5607822210883217e-16,0.012744388145197561,True,True
289,17,0.008016835898160934,0.001,True,True,True,0.00683526838145776,True,0.012914693199807203,1.5623042985351928e-16,0.01291469319980736,True,True
289,18,0.008200012147426605,0.001,True,True,True,0.00695495886416142,True,0.011848959159280525,1.5674465507701433e-16,0.011848959159280682,True,True
289,19,0.008355602622032166,0.001,True,True,True,0.007035138826155696,True,0.00868671649038788,1.5778120072631188e-16,0.008686716490388038,True,True
289,20,0.00847354531288147,0.001,True,True,True,0.007065435354497662,True,0.0024035630917254025,1.8983081548019228e-17,0.0024035630917254216,True,True
290,1,0.007365025579929352,0.001,True,True,True,0.006146135162427457,True,0.19976876422692402,4.319121011539181e-16,0.19976876422692447,True,True
290,2,0.0071434564888477325,0.001,True,True,True,0.005962312854177254,True,0.19227815295196216,4.32627305754931e-16,0.1922781529519626,True,True
290,3,0.006953533738851547,0.001,True,True,True,0.005809410845077911,True,0.171119118587292,4.3167131377263097e-16,0.17111911858729245,True,True
290,4,0.006800904870033264,0.001,True,True,True,0.005691687824516789,True,0.1433757017658266,4.317797117998912e-16,0.14337570176582703,True,True
290,5,0.0066887810826301575,0.001,True,True,True,0.005611846669337339,True,0.11580801514315908,4.3176443133736904e-16,0.11580801514315951,True,True
290,6,0.0066189952194690704,0.001,True,True,True,0.005570952505313143,True,0.09156524576672354,4.3175842925723857e-16,0.09156524576672397,True,True
290,7,0.0065920427441596985,0.001,True,True,True,0.005568789770267535,True,0.07163037229827296,4.317628165057241e-16,0.07163037229827339,True,True
290,8,0.006606694310903549,0.001,True,True,True,0.005603753904898756,True,0.05600751122705816,4.31751186910202e-16,0.05600751122705859,True,True
290,9,0.006660569459199905,0.001,True,True,True,0.005673178188850714,True,0.04428861334121592,4.3170576109011746e-16,0.04428861334121635,True,True
290,10,0.006749995052814484,0.001,True,True,True,0.005773301160423738,True,0.03594680122763094,4.316162218976526e-16,0.03594680122763137,True,True
290,11,0.00687003880739212,0.001,True,True,True,0.005899278243402861,True,0.030408052041885014,4.314667572366507e-16,0.030408052041885444,True,True
290,12,0.007014762610197067,0.001,True,True,True,0.006045451654784095,True,0.02713583803162578,4.3127748778083945e-16,0.02713583803162621,True,True
290,13,0.007177099585533142,0.001,True,True,True,0.006205224285025457,True,0.025593381421195716,4.3110363361945435e-16,0.025593381421196146,True,True
290,14,0.007349230349063873,0.001,True,True,True,0.006371362282001303,True,0.025322474736096723,4.309836350468472e-16,0.025322474736097153,True,True
290,15,0.007522523403167725,0.001,True,True,True,0.006536051488260974,True,0.02584424740720692,4.3094882547600167e-16,0.025844247407207352,True,True
290,16,0.0076874978840351105,0.001,True,True,True,0.006690793488471347,True,0.026696354920822785,4.310754072168592e-16,0.026696354920823215,True,True
290,17,0.007834356278181076,0.001,True,True,True,0.0068269163904455255,True,0.0273786622669121,4.3172620779513486e-16,0.027378662266912532,True,True
290,18,0.007952816784381866,0.001,True,True,True,0.006935390524039131,True,0.02735675182217534,4.345632789762257e-16,0.027356751822175774,True,True
290,19,0.00803249329328537,0.001,True,True,True,0.00700717829735209,True,0.025997132723208694,4.38915154122717e-16,0.025997132723209134,True,True
290,20,0.008063074201345444,0.001,True,True,True,0.007033387165112592,True,0.022556208946696188,5.939298745257153e-17,0.022556208946696247,True,True
291,1,0.007186830043792725,0.001,True,True,True,0.006000217542848185,True,0.19981434306370127,2.2133911776639707e-17,0.1998143430637013,True,True
291,2,0.007001206278800964,0.001,True,True,True,0.005849080851241029,True,0.19328985021208744,2.2136073572679962e-17,0.19328985021208747,True,True
291,3,0.006846047937870026,0.001,True,True,True,0.005727769126997684,True,0.17442761682108454,2.211843117528436e-17,0.17442761682108457,True,True
291,4,0.006725803017616272,0.001,True,True,True,0.005639534577852601,True,0.1494147088359412,2.2120882822398667e-17,0.14941470883594124,True,True
291,5,0.006643146276473999,0.001,True,True,True,0.005586081931887588,True,0.12435883171058748,2.2119969186568896e-17,0.12435883171058751,True,True
291,6,0.0065992847084999084,0.001,True,True,True,0.005567859389236096,True,0.10217044668029018,2.2119830044682347e-17,0.10217044668029021,True,True
291,7,0.0065941475331783295,0.001,True,True,True,0.005584243481757345,True,0.0838272991967699,2.2119765525048952e-17,0.08382729919676993,True,True
291,8,0.0066261328756809235,0.001,True,True,True,0.0056332829599842205,True,0.06936330322964324,2.2118969517240635e-17,0.06936330322964326,True,True
291,9,0.0066926851868629456,0.001,True,True,True,0.005712261886261172,True,0.058444212109478144,2.2116739981550365e-17,0.058444212109478165,True,True
291,10,0.006790004670619965,0.001,True,True,True,0.005817414049319125,True,0.050586662826923146,2.2111589344819058e-17,0.050586662826923166,True,True
291,11,0.006913401186466217,0.001,True,True,True,0.0059442589122855605,True,0.04529574314083362,2.210271530248754e-17,0.04529574314083364,True,True
291,12,0.0070571862161159515,0.001,True,True,True,0.006087494781355618,True,0.042067825664041436,2.209195580433754e-17,0.04206782566404146,True,True
291,13,0.007214784622192383,0.001,True,True,True,0.006241102119774911,True,0.040453226923503394,2.208204276252165e-17,0.040453226923503414,True,True
291,14,0.007378920912742615,0.001,True,True,True,0.006398517774608203,True,0.04002682316385631,2.2075110577266173e-17,0.04002682316385633,True,True
291,15,0.007541816681623459,0.001,True,True,True,0.006552816224420388,True,0.04038483713570429,2.207281401086572e-17,0.04038483713570431,True,True
291,16,0.007695045322179794,0.001,True,True,True,0.006696553878339895,True,0.04114740143687712,2.2078804906235967e-17,0.04114740143687714,True,True
291,17,0.007829762995243073,0.001,True,True,True,0.006821989854887023,True,0.041921527201981945,2.2108899410214533e-17,0.041921527201981966,True,True
291,18,0.00793692097067833,0.001,True,True,True,0.006921271542684182,True,0.04227788647371966,2.2248534710705166e-17,0.04227788647371968,True,True
291,19,0.008007444441318512,0.001,True,True,True,0.006986594378016964,True,0.04174982106859915,2.245747779971117e-17,0.04174982106859917,True,True
291,20,0.008032392710447311,0.001,True,True,True,0.0070103327606602095,True,0.039782206299605605,3.1366810262103116e-18,0.039782206299605605,True,True
292,1,0.0070388056337833405,0.001,True,True,True,0.005883126033340069,True,0.19986620926257742,5.211855024742488e-12,0.19986620926778928,True,True
292,2,0.006885547190904617,0.001,True,True,True,0.005762538783597115,True,0.1945052376010139,5.209141287777556e-12,0.19450523760622304,True,True
292,3,0.006761733442544937,0.001,True,True,True,0.00567021486943875,True,0.1782593465896909,5.2036549628362424e-12,0.17825934659489454,True,True
292,4,0.006670694798231125,0.001,True,True,True,0.0056084580819517615,True,0.1561900541302208,5.2039934005014995e-12,0.1561900541354248,True,True
292,5,0.006614256650209427,0.001,True,True,True,0.005578297454958525,True,0.1337377091722658,5.203549128831722e-12,0.13373770917746935,True,True
292,6,0.006593093276023865,0.001,True,True,True,0.00557981178733391,True,0.11363723435567152,5.204036446434033e-12,0.11363723436087556,True,True
292,7,0.006606418639421463,0.001,True,True,True,0.0056118187177018886,True,0.09685827211225728,5.204226737770581e-12,0.09685827211746151,True,True
292,8,0.006652571260929108,0.001,True,True,True,0.005672438883363662,True,0.08350498053879818,5.204075187039062e-12,0.08350498054400225,True,True
292,9,0.006728753447532654,0.001,True,True,True,0.005758832176588902,True,0.07331812841429297,5.203241564483408e-12,0.07331812841949621,True,True
292,10,0.006831347942352295,0.001,True,True,True,0.005867503566531762,True,0.06589937962264258,5.201460501718594e-12,0.06589937962784405,True,True
292,11,0.006955839693546295,0.001,True,True,True,0.0059942073917704786,True,0.060791815582192044,5.198685567665876e-12,0.06079181558739073,True,True
292,12,0.007096871733665466,0.001,True,True,True,0.00613401214914866,True,0.057581624974531564,5.193999339566917e-12,0.05758162497972556,True,True
292,13,0.007248587906360626,0.001,True,True,True,0.006281607495503216,True,0.05585167682345826,5.189435357489099e-12,0.055851676828647695,True,True
292,14,0.007404405623674393,0.001,True,True,True,0.00643107611033944,True,0.05522550797478942,5.186079180542038e-12,0.055225507979975504,True,True
292,15,0.0075572095811367035,0.001,True,True,True,0.006576075277834992,True,0.055359637805516115,5.184482658030017e-12,0.0553596378107006,True,True
292,16,0.007699679583311081,0.001,True,True,True,0.006710140285171917,True,0.05593190730402853,5.185850154092823e-12,0.05593190730921438,True,True
292,17,0.007824011147022247,0.001,True,True,True,0.00682639443862787,True,0.05662431459136741,5.194926595149827e-12,0.056624314596562336,True,True
292,18,0.007922332733869553,0.001,True,True,True,0.0069179448913327946,True,0.057118924553545725,5.2431027990820805e-12,0.05711892455878883,True,True
292,19,0.007986757904291153,0.001,True,True,True,0.006977909227333545,True,0.057062331036352276,5.33560357439048e-12,0.05706233104168788,True,True
292,20,0.008009634912014008,0.001,True,True,True,0.006999633055391308,True,0.05606168561146774,8.741726976652389e-13,0.05606168561234191,True,True
293,1,0.0069195181131362915,0.001,True,True,True,0.00579299516616949,True,0.1999151063826322,3.886296444355434e-17,0.19991510638263224,True,True
293,2,0.006796695291996002,0.001,True,True,True,0.005700520692519362,True,0.19578665105171122,3.8775164044059434e-17,0.19578665105171125,True,True
293,3,0.00670170783996582,0.001,True,True,True,0.005634321227385941,True,0.18232929484281968,3.8764084946878025e-17,0.1823292948428197,True,True
293,4,0.006637193262577057,0.001,True,True,True,0.00559617692916381,True,0.16334246544760234,3.877646152370225e-17,0.16334246544760236,True,True
293,5,0.006604235619306564,0.001,True,True,True,0.0055865307804906505,True,0.143570424418769,3.877446361595106e-17,0.14357042441876902,True,True
293,6,0.0066028013825416565,0.001,True,True,True,0.005604906030411638,True,0.1255760223735507,3.8775548229064286e-17,0.12557602237355073,True,True
293,7,0.006632033735513687,0.001,True,True,True,0.005650162272612946,True,0.1103548015847764,3.8776609344270446e-17,0.11035480158477644,True,True
293,8,0.0066899508237838745,0.001,True,True,True,0.005720203437954097,True,0.09809279118644554,3.877543560567739e-17,0.09809279118644558,True,True
293,9,0.006773814558982849,0.001,True,True,True,0.0058123197201576104,True,0.08861817814214845,3.8770428178174213e-17,0.0886181781421485,True,True
293,10,0.006880149245262146,0.001,True,True,True,0.0059231995166394436,True,0.0816075256950839,3.8761351938902975e-17,0.08160752569508394,True,True
293,11,0.00700470432639122,0.001,True,True,True,0.006048893477286987,True,0.07667880856247677,3.874652361813019e-17,0.07667880856247682,True,True
293,12,0.007142622023820877,0.001,True,True,True,0.00618495222172033,True,0.07345840268396131,3.872533151094611e-17,0.07345840268396135,True,True
293,13,0.007288500666618347,0.001,True,True,True,0.006326492014421037,True,0.07159334097575254,3.870306691805362e-17,0.07159334097575258,True,True
293,14,0.00743643194437027,0.001,True,True,True,0.00646821850674939,True,0.0707528498665404,3.8685288924530844e-17,0.07075284986654044,True,True
293,15,0.007580138742923737,0.001,True,True,True,0.006604547434027719,True,0.07063168151722721,3.8676237643657444e-17,0.07063168151722725,True,True
293,16,0.0077130235731601715,0.001,True,True,True,0.00672964215197458,True,0.070957307177828,3.868084755433074e-17,0.07095730717782804,True,True
293,17,0.007828261703252792,0.001,True,True,True,0.006837494736342431,True,0.07146692236519314,3.871602735756672e-17,0.07146692236519318,True,True
293,18,0.00791890174150467,0.001,True,True,True,0.006922008443185357,True,0.0719075300818659,3.894664463218432e-17,0.07190753008186594,True,True
293,19,0.007977992296218872,0.001,True,True,True,0.006977105808105177,True,0.07201550304944604,3.9596902456032303e-17,0.07201550304944608,True,True
293,20,0.007998887449502945,0.001,True,True,True,0.006997006067461786,True,0.0715118688886669,5.647541492224328e-18,0.0715118688886669,True,True
294,1,0.006827130913734436,0.001,True,True,True,0.005727647711845307,True,0.19995184559794946,8.859269882521296e-14,0.19995184559803805,True,True
294,2,0.006732292473316193,0.001,True,True,True,0.005660749219935202,True,0.1969679132747899,8.773353721345996e-14,0.19696791327487764,True,True
294,3,0.006663598120212555,0.001,True,True,True,0.0056182105903871404,True,0.18627837433315086,8.849614702188249e-14,0.18627837433323935,True,True
294,4,0.006622731685638428,0.001,True,True,True,0.005600990745797674,True,0.17041936580052663,8.862309850424243e-14,0.17041936580061526,True,True
294,5,0.0066103264689445496,0.001,True,True,True,0.005609214385522754,True,0.15339045427847608,8.860109934441743e-14,0.15339045427856468,True,True
294,6,0.006626024842262268,0.001,True,True,True,0.005642188593152908,True,0.1375500939375982,8.85920086131212e-14,0.1375500939376868,True,True
294,7,0.006668604910373688,0.001,True,True,True,0.005698506048575025,True,0.12392247569371762,8.858041687030037e-14,0.1239224756938062,True,True
294,8,0.006736140698194504,0.001,True,True,True,0.00577619495907622,True,0.11276672225120166,8.856282913156743e-14,0.11276672225129022,True,True
294,9,0.006825994700193405,0.001,True,True,True,0.005872695956047669,True,0.10402126494654595,8.853413442462548e-14,0.1040212649466345,True,True
294,10,0.006934694945812225,0.001,True,True,True,0.0059847342641335954,True,0.09742597537884023,8.848564138349026e-14,0.09742597537892872,True,True
294,11,0.007058463990688324,0.001,True,True,True,0.006108831492749767,True,0.09268612565008283,8.840884230298965e-14,0.09268612565017124,True,True
294,12,0.0071927569806575775,0.001,True,True,True,0.006240842059976437,True,0.08947646875389381,8.830672782980808e-14,0.08947646875398212,True,True
294,13,0.007332757115364075,0.001,True,True,True,0.006376432250498221,True,0.08749224161912039,8.821062341144249e-14,0.0874922416192086,True,True
294,14,0.0074731409549713135,0.001,True,True,True,0.006510834626447526,True,0.08644890944121641,8.816999454408068e-14,0.08644890944130458,True,True
294,15,0.007608275860548019,0.001,True,True,True,0.006639043622812424,True,0.08608733934504187,8.822746584384579e-14,0.08608733934513009,True,True
294,16,0.007732324302196503,0.001,True,True,True,0.006755898544618222,True,0.08615903399214275,8.847074351462446e-14,0.08615903399223122,True,True
294,17,0.007839221507310867,0.001,True,True,True,0.006856055244004233,True,0.08644130825220486,8.913702107459023e-14,0.086441308252294,True,True
294,18,0.007922880351543427,0.001,True,True,True,0.006934176745219123,True,0.0867389808104555,9.76231005467352e-14,0.08673898081055312,True,True
294,19,0.007977169007062912,0.001,True,True,True,0.00698489340142272,True,0.08684030589261127,1.0783725814939844e-13,0.0868403058927191,True,True
294,20,0.00799625739455223,0.001,True,True,True,0.0070031256505115325,True,0.0865420693992931,4.406287496114347e-14,0.08654206939933716,True,True
295,1,0.006759561598300934,0.001,True,True,True,0.005684986133980718,True,0.19997624336618822,3.00838121331777e-17,0.19997624336618824,True,True
295,2,0.006690450012683868,0.001,True,True,True,0.005641378629016369,True,0.19797158373949486,3.0010935138220754e-17,0.1979715837394949,True,True
295,3,0.006645403802394867,0.001,True,True,True,0.005619946845590862,True,0.18988443377812025,3.0018781788051717e-17,0.18988443377812028,True,True
295,4,0.006625600159168243,0.001,True,True,True,0.005621252088997886,True,0.17710333914074283,3.003291461148806e-17,0.17710333914074286,True,True
295,5,0.006631188094615936,0.001,True,True,True,0.005645029957771053,True,0.16283170077560882,3.002810546580162e-17,0.16283170077560885,True,True
295,6,0.006661638617515564,0.001,True,True,True,0.005690505050484962,True,0.1491891300132231,3.002591868622095e-17,0.14918913001322312,True,True
295,7,0.00671551376581192,0.001,True,True,True,0.005756122246538098,True,0.13719718867804787,3.0024108205156544e-17,0.1371971886780479,True,True
295,8,0.006790909916162491,0.001,True,True,True,0.0058399865299773035,True,0.12721006183603123,3.002210556696622e-17,0.12721006183603126,True,True
295,9,0.006885215640068054,0.001,True,True,True,0.005939598317556971,True,0.11923008128959367,3.0018890265034235e-17,0.1192300812895937,True,True
295,10,0.006995353847742081,0.001,True,True,True,0.006052090964208445,True,0.11309963772277598,3.001468516314335e-17,0.11309963772277601,True,True
295,11,0.007117617875337601,0.001,True,True,True,0.006174053833663984,True,0.108578950281494,3.001040977998097e-17,0.10857895028149403,True,True
295,12,0.007248058915138245,0.001,True,True,True,0.0063019181585055595,True,0.10541778309537264,3.000680898684193e-17,0.10541778309537267,True,True
295,13,0.007382243871688843,0.001,True,True,True,0.006431693136640937,True,0.10334904527820399,3.000555299466892e-17,0.10334904527820402,True,True
295,14,0.007515400648117065,0.001,True,True,True,0.006559119062790386,True,0.10213300019093907,3.000985341781629e-17,0.1021330001909391,True,True
295,15,0.007642515003681183,0.001,True,True,True,0.006679741703960906,True,0.10154740528084716,3.0024989069306175e-17,0.10154740528084719,True,True
295,16,0.007758386433124542,0.001,True,True,True,0.00678896619466729,True,0.10138387258938053,3.005978911424605e-17,0.10138387258938056,True,True
295,17,0.00785769522190094,0.001,True,True,True,0.006882110438862332,True,0.10144645258669627,3.0130754750877944e-17,0.1014464525866963,True,True
295,18,0.007934987545013428,0.001,True,True,True,0.0069543820231493525,True,0.10157288573780932,3.02746664431622e-17,0.10157288573780934,True,True
295,19,0.007984951138496399,0.001,True,True,True,0.007001136546203934,True,0.10159214463043043,3.0626727158680854e-17,0.10159214463043045,True,True
295,20,0.008002419024705887,0.001,True,True,True,0.007017864556218334,True,0.1013478243019783,6.5046748584029716e-18,0.1013478243019783,True,True
296,1,0.006714817136526108,0.001,True,True,True,0.0056630080527777515,True,0.199990073513696,5.894424482152037e-17,0.19999007351369605,True,True
296,2,0.006668984889984131,0.001,True,True,True,0.005640326896791725,True,0.19874948128358927,5.818735980910823e-17,0.19874948128358932,True,True
296,3,0.006645187735557556,0.001,True,True,True,0.00563775476418249,True,0.19297398262284382,5.815748145892469e-17,0.19297398262284388,True,True
296,4,0.006644017994403839,0.001,True,True,True,0.005655362714492185,True,0.18310894293000857,5.837968130970162e-17,0.18310894293000862,True,True
296,5,0.0066654011607170105,0.001,True,True,True,0.005692741055153161,True,0.17155012709116235,5.846783626594893e-17,0.1715501270911624,True,True
296,6,0.006708446890115738,0.001,True,True,True,0.005748821052538489,True,0.16012792527322617,5.847665009024877e-17,0.16012792527322622,True,True
296,7,0.0067718252539634705,0.001,True,True,True,0.005822210258838334,True,0.1498321694064657,5.846815710782123e-17,0.14983216940646576,True,True
296,8,0.006853554397821426,0.001,True,True,True,0.005910969642604846,True,0.1410630637748369,5.845491126918638e-17,0.14106306377483696,True,True
296,9,0.006951235234737396,0.001,True,True,True,0.006012834585234161,True,0.13391217642750064,5.844033561089325e-17,0.1339121764275007,True,True
296,10,0.007061883807182312,0.001,True,True,True,0.006125038336166844,True,0.12830465395859392,5.842915256845124e-17,0.12830465395859397,True,True
296,11,0.007182236760854721,0.001,True,True,True,0.006244606246250783,True,0.12406219959991205,5.843151652462612e-17,0.1240621995999121,True,True
296,12,0.007308661937713623,0.001,True,True,True,0.006368259803396614,True,0.12099534391416,5.846277527446212e-17,0.12099534391416006,True,True
296,13,0.0074370913207530975,0.001,True,True,True,0.006492342672133167,True,0.11889352372755013,5.85408778916582e-17,0.11889352372755019,True,True
296,14,0.007563348859548569,0.001,True,True,True,0.00661314045393635,True,0.11755441170363312,5.867749161819832e-17,0.11755441170363318,True,True
296,15,0.007682960480451584,0.001,True,True,True,0.006726684987276688,True,0.11679118345031014,5.886749856323241e-17,0.1167911834503102,True,True
296,16,0.007791303098201752,0.001,True,True,True,0.006828891827069139,True,0.11642442443155332,5.911680738854366e-17,0.11642442443155337,True,True
296,17,0.007883608341217041,0.001,True,True,True,0.006915560219574846,True,0.11629014122738113,5.948342698932981e-17,0.11629014122738118,True,True
296,18,0.00795513391494751,0.001,True,True,True,0.006982530954083188,True,0.11626004604833184,6.014569077269792e-17,0.1162600460483319,True,True
296,19,0.008001156151294708,0.001,True,True,True,0.0070256686589968975,True,0.11617860804127034,6.118639101916843e-17,0.11617860804127039,True,True
296,20,0.008017197251319885,0.001,True,True,True,0.007041069966677083,True,0.11592502274405092,4.3123277958249694e-17,0.11592502274405096,True,True
297,1,0.006690904498100281,0.001,True,True,True,0.005659796808694217,True,0.19999667789784456,9.258760613244639e-15,0.19999667789785383,True,True
297,2,0.006666138768196106,0.001,True,True,True,0.005655946248209642,True,0.19930051504585444,9.180043261410496e-15,0.19930051504586363,True,True
297,3,0.0066612884402275085,0.001,True,True,True,0.005670107338844876,True,0.19544897127045768,9.149143050628008e-15,0.19544897127046684,True,True
297,4,0.006676584482192993,0.001,True,True,True,0.0057020586663123485,True,0.18822360912692737,9.171927962760168e-15,0.18822360912693653,True,True
297,5,0.0067116133868694305,0.001,True,True,True,0.005751120371361718,True,0.17925393438670056,9.181770156071108e-15,0.17925393438670975,True,True
297,6,0.006765492260456085,0.001,True,True,True,0.0058162786207900385,True,0.1700314812441448,9.18254725044036e-15,0.170031481244154,True,True
297,7,0.0068367719650268555,0.001,True,True,True,0.005896065131517858,True,0.16145689795367346,9.18148970922071e-15,0.16145689795368265,True,True
297,8,0.006923552602529526,0.001,True,True,True,0.005988650345547519,True,0.15397005700001642,9.180060832323715e-15,0.1539700570000256,True,True
297,9,0.0070235952734947205,0.001,True,True,True,0.006091941105412113,True,0.14772077270726314,9.178511809435573e-15,0.14772077270727232,True,True
297,10,0.007134132087230682,0.001,True,True,True,0.006203385895422131,True,0.142702703667144,9.176963798434082e-15,0.14270270366715318,True,True
297,11,0.007252231240272522,0.001,True,True,True,0.006320329310308237,True,0.13881360934370335,9.176003653840418e-15,0.13881360934371254,True,True
297,12,0.007374487817287445,0.001,True,True,True,0.006439699588375758,True,0.13590751309898152,9.176813700603732e-15,0.1359075130989907,True,True
297,13,0.00749741867184639,0.001,True,True,True,0.0065583874399017805,True,0.13383207437611944,9.181061293745671e-15,0.13383207437612862,True,True
297,14,0.0076171234250068665,0.001,True,True,True,0.0066729155875761,True,0.13242687479610993,9.190776234983812e-15,0.13242687479611912,True,True
297,15,0.007729709148406982,0.001,True,True,True,0.006779843172829536,True,0.13153153409796303,9.208423374353835e-15,0.13153153409797225,True,True
297,16,0.007831063121557236,0.001,True,True,True,0.00687553935620433,True,0.13101179188476664,9.235249850676687e-15,0.13101179188477588,True,True
297,17,0.00791696086525917,0.001,True,True,True,0.006956284157834225,True,0.13072890423662997,9.26431179141476e-15,0.13072890423663924,True,True
297,18,0.00798323005437851,0.001,True,True,True,0.007018420425502048,True,0.13055874135987722,9.237016775415839e-15,0.13055874135988646,True,True
297,19,0.008025694638490677,0.001,True,True,True,0.007058291032340347,True,0.13039371384710563,8.907575364018058e-15,0.13039371384711454,True,True
297,20,0.008040465414524078,0.001,True,True,True,0.007072510814656763,True,0.13011872241590083,3.4758170026374116e-15,0.1301187224159043,True,True
298,1,0.006685920059680939,0.001,True,True,True,0.005673540083248052,True,0.19999923787752602,3.7915390965704354e-13,0.19999923787790516,True,True
298,2,0.006680052727460861,0.001,True,True,True,0.0056864940575664935,True,0.1996518393118789,3.7556328787495793e-13,0.19965183931225447,True,True
298,3,0.006692022085189819,0.001,True,True,True,0.005715432926689634,True,0.1972880665996133,3.725911065211906e-13,0.19728806659998588,True,True
298,4,0.006721727550029755,0.001,True,True,True,0.005759867155407883,True,0.19232853364943558,3.7304100856563333e-13,0.19232853364980862,True,True
298,5,0.006768681108951569,0.001,True,True,True,0.005819091983332969,True,0.18572977094342846,3.7397886095737615e-13,0.18572977094380244,True,True
298,6,0.006831716746091843,0.001,True,True,True,0.005891861703872903,True,0.17861391149241612,3.7417650892247084e-13,0.1786139114927903,True,True
298,7,0.006909564137458801,0.001,True,True,True,0.005976904939260064,True,0.1717520793749685,3.7417977541020747e-13,0.17175207937534268,True,True
298,8,0.007000349462032318,0.001,True,True,True,0.006072439586944367,True,0.1655798522809917,3.7415799039412416e-13,0.16557985228136585,True,True
298,9,0.007101915776729584,0.001,True,True,True,0.006176464671825865,True,0.16029574489994403,3.7414388518850445e-13,0.16029574490031817,True,True
298,10,0.007211841642856598,0.001,True,True,True,0.006286765243818326,True,0.1559371816985511,3.7413162316756136e-13,0.15593718169892523,True,True
298,11,0.007327388972043991,0.001,True,True,True,0.006400870693929361,True,0.15247224314629193,3.741049232898136e-13,0.15247224314666605,True,True
298,12,0.0074455514550209045,0.001,True,True,True,0.006516078726028773,True,0.1498087419907428,3.740881048169819e-13,0.14980874199111688,True,True
298,13,0.00756310299038887,0.001,True,True,True,0.006629511559666068,True,0.14783128031904624,3.742014406065295e-13,0.14783128031942044,True,True
298,14,0.007676661014556885,0.001,True,True,True,0.006738167313110388,True,0.14642292858161454,3.7458344330124076e-13,0.14642292858198913,True,True
298,15,0.007782690227031708,0.001,True,True,True,0.006838918529979532,True,0.14546418097136282,3.7531446615751367e-13,0.14546418097173813,True,True
298,16,0.007877606898546219,0.001,True,True,True,0.00692861275454737,True,0.14484168745866555,3.764247980332146e-13,0.14484168745904197,True,True
298,17,0.007957644760608673,0.001,True,True,True,0.007003932126844692,True,0.14444727698015924,3.778588862439197e-13,0.1444472769805371,True,True
298,18,0.0080191008746624,0.001,True,True,True,0.007061631316227723,True,0.14417885437264744,3.789715993821757e-13,0.1441788543730264,True,True
298,19,0.008058343082666397,0.001,True,True,True,0.007098535892074653,True,0.14395024590277927,3.7750890623500417e-13,0.14395024590315678,True,True
298,20,0.008071884512901306,0.001,True,True,True,0.007111604246483383,True,0.14367309616831392,1.0609667376335006e-13,0.14367309616842003,True,True
299,1,0.006697911769151688,0.001,True,True,True,0.005702442461230972,True,0.1999999801679837,1.0198540687004306e-12,0.19999998016900356,True,True
299,2,0.006708964705467224,0.001,True,True,True,0.005730388676389309,True,0.1998512926576842,1.0130954216724115e-12,0.1998512926586973,True,True
299,3,0.006735917180776596,0.001,True,True,True,0.00577244943933386,True,0.19854215682400156,1.0056421193891343e-12,0.1985421568250072,True,True
299,4,0.006778258830308914,0.001,True,True,True,0.005827786473137753,True,0.1954003116828904,1.0041318172100826e-12,0.19540031168389455,True,True
299,5,0.006835445761680603,0.001,True,True,True,0.005895685844999665,True,0.19086176700615098,1.0066007326912382e-12,0.1908617670071576,True,True
299,6,0.00690629705786705,0.001,True,True,True,0.005974911193327936,True,0.18567713859840929,1.0076545118936324e-12,0.18567713859941695,True,True
299,7,0.006989482790231705,0.001,True,True,True,0.006064159390733459,True,0.18046147053700068,1.0078572014601787e-12,0.18046147053800854,True,True
299,8,0.007083326578140259,0.001,True,True,True,0.0061618581511201365,True,0.17560351505896676,1.0078600935295426e-12,0.17560351505997462,True,True
299,9,0.007185805588960648,0.001,True,True,True,0.006266135731183731,True,0.17131745414982902,1.0078449761443663e-12,0.17131745415083685,True,True
299,10,0.0072946809232234955,0.001,True,True,True,0.006374959783805756,True,0.16768577771145488,1.0078425433044674e-12,0.1676857777124627,True,True
299,11,0.007407490164041519,0.001,True,True,True,0.00648611762305884,True,0.1647170931174422,1.0078390172125264e-12,0.16471709311845004,True,True
299,12,0.007521525025367737,0.001,True,True,True,0.006597182791911127,True,0.16236466344958345,1.007900175449035e-12,0.16236466345059133,True,True
299,13,0.007633950561285019,0.001,True,True,True,0.006705637086664495,True,0.16055896037605422,1.0082969559209943e-12,0.16055896037706252,True,True
299,14,0.007741708308458328,0.001,True,True,True,0.006808768692886824,True,0.15922049833921648,1.009370195789808e-12,0.15922049834022584,True,True
299,15,0.007841642946004868,0.001,True,True,True,0.0069037895530736915,True,0.158259576896306,1.0113412819087946e-12,0.15825957689731732,True,True
299,16,0.007930539548397064,0.001,True,True,True,0.006987871149640834,True,0.15758826927804392,1.01422134396441e-12,0.15758826927905814,True,True
299,17,0.008005164563655853,0.001,True,True,True,0.0070581782053632525,True,0.15713103444496568,1.0176144593514104e-12,0.15713103444598328,True,True
299,18,0.00806223601102829,0.001,True,True,True,0.007111835183561177,True,0.15680688154886724,1.0203847162253844e-12,0.15680688154988762,True,True
299,19,0.008098546415567398,0.001,True,True,True,0.007146039735007825,True,0.1565431965624029,1.0206730612260083e-12,0.15654319656342358,True,True
299,20,0.008111026138067245,0.001,True,True,True,0.007158115864045023,True,0.1562759788792647,2.544663474462046e-13,0.15627597887951916,True,True
300,1,0.006725288927555084,0.001,True,True,True,0.005745036150517913,True,0.20000009852509704,2.2416383401213188e-14,0.20000009852511946,True,True
300,2,0.006751492619514465,0.001,True,True,True,0.005786349484340647,True,0.1999491452339932,2.2362003691749343e-14,0.19994914523401558,True,True
300,3,0.0067915841937065125,0.001,True,True,True,0.005839858069566217,True,0.19931507764557255,2.2280642754584614e-14,0.19931507764559483,True,True
300,4,0.006844997406005859,0.001,True,True,True,0.005904710669477731,True,0.19751788776442591,2.2241004198687895e-14,0.19751788776444815,True,True
300,5,0.006910983473062515,0.001,True,True,True,0.005980023076610497,True,0.19464855985728136,2.2254501562401605e-14,0.19464855985730362,True,True
300,6,0.006988368928432465,0.001,True,True,True,0.006064596643511222,True,0.19114280416692075,2.227395934555555e-14,0.19114280416694304,True,True
300,7,0.007075924426317215,0.001,True,True,True,0.006157246988121479,True,0.18742644918605222,2.228125131549798e-14,0.1874264491860745,True,True
300,8,0.007172051817178726,0.001,True,True,True,0.006256476399378097,True,0.1838246253040694,2.2283088741575024e-14,0.1838246253040917,True,True
300,9,0.007274884730577469,0.001,True,True,True,0.0063605755301267,True,0.18053418121163212,2.228341735033158e-14,0.1805341812116544,True,True
300,10,0.007382381707429886,0.001,True,True,True,0.0064676999925497025,True,0.17765945140402195,2.2283413068973976e-14,0.17765945140404424,True,True
300,11,0.00749235600233078,0.001,True,True,True,0.006575892686319862,True,0.17523961964987578,2.228350992616592e-14,0.17523961964989807,True,True
300,12,0.00760234147310257,0.001,True,True,True,0.006682950893017847,True,0.17326557328694925,2.228498725187796e-14,0.17326557328697154,True,True
300,13,0.007709812372922897,0.001,True,True,True,0.006786636282446801,True,0.1717005942177856,2.2290697139869853e-14,0.1717005942178079,True,True
300,14,0.007812082767486572,0.001,True,True,True,0.006884575667737036,True,0.1704977797761611,2.23038003797807e-14,0.1704977797761834,True,True
300,15,0.007906325161457062,0.001,True,True,True,0.006974271301116164,True,0.16959725952740712,2.232614812849151e-14,0.16959725952742943,True,True
300,16,0.007989749312400818,0.001,True,True,True,0.007053277403481162,True,0.168941061488173,2.2357161821406042e-14,0.16894106148819538,True,True
300,17,0.00805942714214325,0.001,True,True,True,0.007119021736905262,True,0.16846826182509744,2.2391329241032777e-14,0.16846826182511984,True,True
300,18,0.008112471550703049,0.001,True,True,True,0.007168976666994231,True,0.1681240160416273,2.241657862527278e-14,0.16812401604164973,True,True
300,19,0.008146051317453384,0.001,True,True,True,0.00720066931011043,True,0.16785513270278507,2.24162128756487e-14,0.1678551327028075,True,True
300,20,0.008157588541507721,0.001,True,True,True,0.007211866599184047,True,0.1676100651537098,3.821753677133547e-15,0.16761006515371363,True,True
301,1,0.006766431033611298,0.001,True,True,True,0.005801526560119674,True,0.20000040383985243,2.974744812620982e-17,0.20000040383985246,True,True
301,2,0.0068060122430324554,0.001,True,True,True,0.005850218249945471,True,0.20007785784137683,2.9754958824389815e-17,0.20007785784137685,True,True
301,3,0.00685771182179451,0.001,True,True,True,0.005908540993466271,True,0.2002167092163405,2.968633027106421e-17,0.20021670921634052,True,True
301,4,0.0069207847118377686,0.001,True,True,True,0.00597633932444086,True,0.19977833299123482,2.963879330955356e-17,0.19977833299123485,True,True
301,5,0.006994284689426422,0.001,True,True,True,0.006052974207708117,True,0.19842195519192618,2.962605489775689e-17,0.1984219551919262,True,True
301,6,0.007077176123857498,0.001,True,True,True,0.006137574707141935,True,0.19630886808846704,2.964073922932637e-17,0.19630886808846706,True,True
301,7,0.00716821476817131,0.001,True,True,True,0.006229003058586091,True,0.19376799829267632,2.9653552057489806e-17,0.19376799829267635,True,True
301,8,0.007265955209732056,0.001,True,True,True,0.00632591071785138,True,0.19110178366549846,2.9659227910743617e-17,0.1911017836654985,True,True
301,9,0.00736868754029274,0.001,True,True,True,0.006426694725343962,True,0.18853270799962374,2.966133337701604e-17,0.18853270799962377,True,True
301,10,0.007474616169929504,0.001,True,True,True,0.006529689239456293,True,0.1861927439768838,2.966234348732859e-17,0.18619274397688382,True,True
301,11,0.007581703364849091,0.001,True,True,True,0.006633013733663873,True,0.1841497089759354,2.9663777831435455e-17,0.18414970897593544,True,True
301,12,0.0076877661049366,0.001,True,True,True,0.006734672476405468,True,0.18243187015865558,2.9667406509608425e-17,0.1824318701586556,True,True
301,13,0.007790554314851761,0.001,True,True,True,0.006832627092349108,True,0.18102492353590982,2.967547343424378e-17,0.18102492353590985,True,True
301,14,0.007887717336416245,0.001,True,True,True,0.006924763999843542,True,0.1799074836426353,2.9690096008379476e-17,0.17990748364263534,True,True
301,15,0.007976703345775604,0.001,True,True,True,0.0070087913935420465,True,0.17904076444158967,2.9712308813626387e-17,0.1790407644415897,True,True
301,16,0.008055038750171661,0.001,True,True,True,0.0070825101829805615,True,0.17838283308842406,2.9740622928920884e-17,0.1783828330884241,True,True
301,17,0.008120138198137283,0.001,True,True,True,0.007143623919765862,True,0.17789817412014663,2.9769293719002517e-17,0.17789817412014666,True,True
301,18,0.008169539272785187,0.001,True,True,True,0.007189963825331103,True,0.17753612430746202,2.9788749283275164e-17,0.17753612430746205,True,True
301,19,0.008200712502002716,0.001,True,True,True,0.007219297012573733,True,0.17726354018534707,2.9788908744956453e-17,0.1772635401853471,True,True
301,20,0.008211363106966019,0.001,True,True,True,0.0072296149272734755,True,0.17703864739202047,4.413916915478614e-18,0.17703864739202047,True,True
302,1,0.006818149238824844,0.001,True,True,True,0.0058598435224034295,True,0.20000000236251939,8.161028765969499e-14,0.200000002362601,True,True
302,2,0.006863925606012344,0.001,True,True,True,0.005916706858892451,True,0.19999847956172545,8.181670158131716e-14,0.19999847956180727,True,True
302,3,0.006920274347066879,0.001,True,True,True,0.005982118004152048,True,0.19994010346776037,8.170504963562697e-14,0.19994010346784208,True,True
302,4,0.006986558437347412,0.001,True,True,True,0.006055571467923793,True,0.19961265943521034,8.155042016322498e-14,0.19961265943529188,True,True
302,5,0.0070619769394397736,0.001,True,True,True,0.006136373284154284,True,0.19882198069503954,8.144522615670979e-14,0.19882198069512097,True,True
302,6,0.007145553827285767,0.001,True,True,True,0.006223644907507486,True,0.19756429624182736,8.141118971806748e-14,0.19756429624190877,True,True
302,7,0.007236018776893616,0.001,True,True,True,0.006316230828201208,True,0.19597361025854276,8.143412397636434e-14,0.1959736102586242,True,True
302,8,0.00733204185962677,0.001,True,True,True,0.006412931264316968,True,0.19422071895550008,8.146512036688108e-14,0.19422071895558154,True,True
302,9,0.007432021200656891,0.001,True,True,True,0.006512291264422543,True,0.19245632947578262,8.148506881064517e-14,0.1924563294758641,True,True
302,10,0.007534228265285492,0.001,True,True,True,0.006612753263614657,True,0.19078734644384276,8.149772100311246e-14,0.19078734644392426,True,True
302,11,0.0076368264853954315,0.001,True,True,True,0.006712669662810367,True,0.1892831353581208,8.151048214601331e-14,0.18928313535820232,True,True
302,12,0.007737860083580017,0.001,True,True,True,0.0068102933711506886,True,0.18797738402356146,8.153034176201554e-14,0.18797738402364297,True,True
302,13,0.007835257798433304,0.001,True,True,True,0.006903775543125712,True,0.18687817358561176,8.156333141813538e-14,0.18687817358569334,True,True
302,14,0.007926825433969498,0.001,True,True,True,0.0069911619861648955,True,0.18597977100801977,8.161380541082574e-14,0.18597977100810137,True,True
302,15,0.008010387420654297,0.001,True,True,True,0.007070526374297836,True,0.18526658147640163,8.168185075306189e-14,0.1852665814764833,True,True
302,16,0.008083656430244446,0.001,True,True,True,0.0071398391528444405,True,0.1847101191554117,8.175926418107922e-14,0.18471011915549346,True,True
302,17,0.008144378662109375,0.001,True,True,True,0.007197110263230888,True,0.18428625783988117,8.182940414261171e-14,0.184286257839963,True,True
302,18,0.00819031149148941,0.001,True,True,True,0.007240361880120227,True,0.18396995126798643,8.18729603556809e-14,0.1839699512680683,True,True
302,19,0.008219290524721146,0.001,True,True,True,0.007267689943820432,True,0.1837320087055314,8.187556125753222e-14,0.1837320087056133,True,True
302,20,0.008229251950979233,0.001,True,True,True,0.007277280690567101,True,0.18354343069044532,1.2193752276643096e-14,0.1835434306904575,True,True
303,1,0.006875667721033096,0.001,True,True,True,0.0059258217804109,True,0.2000000007435216,4.524247509057964e-17,0.20000000074352164,True,True
303,2,0.006931424140930176,0.001,True,True,True,0.005990381804778289,True,0.19999986758346874,4.534245536310677e-17,0.1999998675834688,True,True
303,3,0.0069955214858055115,0.001,True,True,True,0.0060623359514370145,True,0.1999830520601309,4.5306221213974725e-17,0.19998305206013095,True,True
303,4,0.00706762820482254,0.001,True,True,True,0.006140999170222705,True,0.19985448687861962,4.524190435736351e-17,0.19985448687861967,True,True
303,5,0.007147092372179031,0.001,True,True,True,0.00622556906941496,True,0.19948673972086528,4.5188450352403625e-17,0.19948673972086534,True,True
303,6,0.007233116775751114,0.001,True,True,True,0.00631521612409236,True,0.19883239959978471,4.515820609839144e-17,0.19883239959978477,True,True
303,7,0.007324554026126862,0.001,True,True,True,0.006408842914823243,True,0.19793379472837458,4.5152522631279366e-17,0.19793379472837463,True,True
303,8,0.007420163601636887,0.001,True,True,True,0.006505303431811993,True,0.1968790011029764,4.516274600203915e-17,0.19687900110297646,True,True
303,9,0.00751851499080658,0.001,True,True,True,0.006603302695778135,True,0.19576007328621348,4.5176511461559985e-17,0.19576007328621353,True,True
303,10,0.0076180994510650635,0.001,True,True,True,0.006701488165175795,True,0.1946569662932136,4.518930579852088e-17,0.19465696629321366,True,True
303,11,0.007717173546552658,0.001,True,True,True,0.00679829713865554,True,0.19362439299543155,4.5202144139632436e-17,0.1936243929954316,True,True
303,12,0.00781407579779625,0.001,True,True,True,0.006892260903240355,True,0.19269665685597204,4.521762986987109e-17,0.1926966568559721,True,True
303,13,0.007906824350357056,0.001,True,True,True,0.006981607882009633,True,0.19189273845263877,4.523795795742089e-17,0.19189273845263882,True,True
303,14,0.00799359381198883,0.001,True,True,True,0.007064730978593059,True,0.1912165006169273,4.526414071342797e-17,0.19121650061692735,True,True
303,15,0.008072365075349808,0.001,True,True,True,0.007139840235035888,True,0.19066418270513097,4.529484163939684e-17,0.19066418270513102,True,True
303,16,0.008141160011291504,0.001,True,True,True,0.007205190722009425,True,0.19022192311133868,4.5326038910891744e-17,0.19022192311133873,True,True
303,17,0.008197937160730362,0.001,True,True,True,0.007258979537720811,True,0.18987935670132217,4.53520880134142e-17,0.18987935670132222,True,True
303,18,0.00824074074625969,0.001,True,True,True,0.007299489510148693,True,0.1896185086587936,4.5368166482781336e-17,0.18961850865879365,True,True
303,19,0.008267603814601898,0.001,True,True,True,0.0073249896213355425,True,0.18942358413137583,4.537164586495116e-17,0.1894235841313759,True,True
303,20,0.008276738226413727,0.001,True,True,True,0.007333916638067928,True,0.18927876172580227,6.329276390345631e-18,0.18927876172580227,True,True
304,1,0.006941158324480057,0.001,True,True,True,0.005999324379310833,True,0.1999999960606386,4.33033785634282e-17,0.19999999606063865,True,True
304,2,0.0070047155022621155,0.001,True,True,True,0.006070938892867805,True,0.20000007782622126,4.34124973286456e-17,0.2000000778262213,True,True
304,3,0.007075447589159012,0.001,True,True,True,0.006148809645511677,True,0.19999735523320405,4.3389047437230214e-17,0.1999973552332041,True,True
304,4,0.0071528032422065735,0.001,True,True,True,0.006232085502686169,True,0.1999589038476851,4.333389915675339e-17,0.19995890384768517,True,True
304,5,0.007236097007989883,0.001,True,True,True,0.006319949533745373,True,0.1998195229699118,4.3276163859217285e-17,0.19981952296991184,True,True
304,6,0.007324501872062683,0.001,True,True,True,0.0064115547839300735,True,0.1995328979882358,4.323519789084189e-17,0.19953289798823587,True,True
304,7,0.007416963577270508,0.001,True,True,True,0.006505894810499346,True,0.19909792276193894,4.3214006059115417e-17,0.199097922761939,True,True
304,8,0.0075123608112335205,0.001,True,True,True,0.006601939012221614,True,0.19854583123564185,4.321159974911213e-17,0.1985458312356419,True,True
304,9,0.007609385997056961,0.001,True,True,True,0.006698506525465997,True,0.19792328736851816,4.3222578755823834e-17,0.19792328736851822,True,True
304,10,0.0077066682279109955,0.001,True,True,True,0.006794372822752415,True,0.19727748657903277,4.324035826759462e-17,0.19727748657903282,True,True
304,11,0.007802702486515045,0.001,True,True,True,0.006888201776465319,True,0.19664448108782384,4.3261557819000315e-17,0.1966444810878239,True,True
304,12,0.007895898073911667,0.001,True,True,True,0.006978582736358985,True,0.19605626317404834,4.328554254084285e-17,0.1960562631740484,True,True
304,13,0.007984604686498642,0.001,True,True,True,0.007064059065429618,True,0.19552793278421987,4.3312452421324e-17,0.19552793278421993,True,True
304,14,0.00806712731719017,0.001,True,True,True,0.007143139995478109,True,0.19506960553988684,4.33417401249683e-17,0.1950696055398869,True,True
304,15,0.008141685277223587,0.001,True,True,True,0.007214255090089106,True,0.1946846073754953,4.337142836416704e-17,0.19468460737549537,True,True
304,16,0.008206523954868317,0.001,True,True,True,0.0072758657071736454,True,0.19437080379180927,4.339853174392311e-17,0.19437080379180932,True,True
304,17,0.008259836584329605,0.001,True,True,True,0.007326384698025046,True,0.19412041919586454,4.3419975465070805e-17,0.1941204191958646,True,True
304,18,0.008299905806779861,0.001,True,True,True,0.007364313357816066,True,0.19392791347547345,4.34337912319555e-17,0.1939279134754735,True,True
304,19,0.008324969559907913,0.001,True,True,True,0.00738810660082867,True,0.19378392599950178,4.3439354409315834e-17,0.19378392599950184,True,True
304,20,0.00833345577120781,0.001,True,True,True,0.007396399245796048,True,0.1936804026489467,6.162858473716223e-18,0.1936804026489467,True,True
305,1,0.007014088332653046,0.001,True,True,True,0.006080904283880195,True,0.20000000246907018,3.1683579716544035e-17,0.2000000024690702,True,True
305,2,0.007084794342517853,0.001,True,True,True,0.0061554595616500896,True,0.20000062761536838,3.175834217479155e-17,0.2000006276153684,True,True
305,3,0.007161479443311691,0.001,True,True,True,0.006234399234607446,True,0.20001474043701864,3.1749965317939915e-17,0.20001474043701867,True,True
305,4,0.007243510335683823,0.001,True,True,True,0.006317488115640479,True,0.20005738142132815,3.172446148294139e-17,0.20005738142132817,True,True
305,5,0.0073301419615745544,0.001,True,True,True,0.006404202043875817,True,0.20009325899209035,3.1690925202360334e-17,0.20009325899209038,True,True
305,6,0.007420532405376434,0.001,True,True,True,0.006493827282427311,True,0.2000649847321886,3.166220068390908e-17,0.20006498473218862,True,True
305,7,0.007513783872127533,0.001,True,True,True,0.006585557939795539,True,0.19993973226751294,3.164338952968432e-17,0.19993973226751297,True,True
305,8,0.007608786225318909,0.001,True,True,True,0.006678366169914685,True,0.1997170789556617,3.1634769111763143e-17,0.19971707895566174,True,True
305,9,0.007704399526119232,0.001,True,True,True,0.006771195068821956,True,0.19941827586852678,3.163544801701972e-17,0.1994182758685268,True,True
305,10,0.007799394428730011,0.001,True,True,True,0.006862912113305475,True,0.19907223959096898,3.164363277167541e-17,0.199072239590969,True,True
305,11,0.007892441004514694,0.001,True,True,True,0.006952298396924239,True,0.19870759540556904,3.1656999780556994e-17,0.19870759540556907,True,True
305,12,0.007982123643159866,0.001,True,True,True,0.007038061725077149,True,0.19834784564389274,3.167347386965082e-17,0.19834784564389277,True,True
305,13,0.008066944777965546,0.001,True,True,True,0.007118846611182894,True,0.198011215816158,3.1691462818059705e-17,0.19801121581615802,True,True
305,14,0.008145470172166824,0.001,True,True,True,0.00719336811302651,True,0.1977076604680157,3.1709575574969114e-17,0.19770766046801572,True,True
305,15,0.008216042071580887,0.001,True,True,True,0.0072601331309719574,True,0.19744562471478933,3.172645104335776e-17,0.19744562471478935,True,True
305,16,0.008277181535959244,0.001,True,True,True,0.007317832155336879,True,0.1972259509855281,3.174089473807041e-17,0.19722595098552811,True,True
305,17,0.008327264338731766,0.001,True,True,True,0.007365018797402367,True,0.19704767251260025,3.1752004149321e-17,0.19704767251260027,True,True
305,18,0.0083647221326828,0.001,True,True,True,0.007400304074046127,True,0.19690938327485963,3.175937648619547e-17,0.19690938327485966,True,True
305,19,0.008388135582208633,0.001,True,True,True,0.007422446547292072,True,0.19680754390004251,3.176306935164527e-17,0.19680754390004254,True,True
305,20,0.008396036922931671,0.001,True,True,True,0.00743015007618153,True,0.19673591023494286,4.337472979335206e-18,0.19673591023494286,True,True
306,1,0.00709247961640358,0.001,True,True,True,0.006161682846639871,True,0.20000000297539325,5.213907293624626e-17,0.2000000029753933,True,True
306,2,0.0071649812161922455,0.001,True,True,True,0.0062402926913828205,True,0.19999999848043656,5.213977619122822e-17,0.19999999848043662,True,True
306,3,0.007242586463689804,0.001,True,True,True,0.006322828759568355,True,0.19999997118932936,5.225910484836195e-17,0.1999999711893294,True,True
306,4,0.007324650883674622,0.001,True,True,True,0.006408635951406172,True,0.19999914863130488,5.2247887760248365e-17,0.19999914863130494,True,True
306,5,0.007410507649183273,0.001,True,True,True,0.006497074530891989,True,0.19999152212555715,5.222038232426646e-17,0.1999915221255572,True,True
306,6,0.007499434053897858,0.001,True,True,True,0.006587483142215245,True,0.19996401413071868,5.2184433719255115e-17,0.19996401413071874,True,True
306,7,0.00759047269821167,0.001,True,True,True,0.006678986459988656,True,0.1999029905314263,5.215242593314063e-17,0.19990299053142635,True,True
306,8,0.007682677358388901,0.001,True,True,True,0.006770736551797163,True,0.19980207166157782,5.213080512304433e-17,0.19980207166157787,True,True
306,9,0.007774949073791504,0.001,True,True,True,0.006861750909973208,True,0.19966346773167198,5.212029959241499e-17,0.19966346773167204,True,True
306,10,0.007866159081459045,0.001,True,True,True,0.006951026375666469,True,0.19949611566746817,5.211947698916468e-17,0.19949611566746822,True,True
306,11,0.00795505940914154,0.001,True,True,True,0.007037452656078802,True,0.19931193534053282,5.212642662422533e-17,0.19931193534053288,True,True
306,12,0.008040349930524826,0.001,True,True,True,0.007119877649611417,True,0.19912284026357607,5.2138946605006426e-17,0.19912284026357613,True,True
306,13,0.008120756596326828,0.001,True,True,True,0.007197176948090633,True,0.19893902560773746,5.2154553939680853e-17,0.19893902560773752,True,True
306,14,0.008194882422685623,0.001,True,True,True,0.0072681145144332104,True,0.19876805895000205,5.217071408182437e-17,0.1987680589500021,True,True
306,15,0.008261337876319885,0.001,True,True,True,0.00733146402463003,True,0.19861640984739104,5.2185178079620526e-17,0.1986164098473911,True,True
306,16,0.008318673819303513,0.001,True,True,True,0.007385942388413391,True,0.19848579814508494,5.219626856507564e-17,0.198485798145085,True,True
306,17,0.008365575224161148,0.001,True,True,True,0.007430400064277309,True,0.19837770598376103,5.220328026170435e-17,0.1983777059837611,True,True
306,18,0.008400578051805496,0.001,True,True,True,0.007463539705199973,True,0.1982927807016832,5.2206397538694783e-17,0.19829278070168327,True,True
306,19,0.00842243805527687,0.001,True,True,True,0.007484276285005365,True,0.19822928461787015,5.2206507057731e-17,0.1982292846178702,True,True
306,20,0.008429836481809616,0.001,True,True,True,0.007491444489339583,True,0.19818573375785276,6.9130862274054305e-18,0.19818573375785276,True,True
307,1,0.007173001766204834,0.001,True,True,True,0.006247668797599859,True,0.20000000297843284,3.9016490757591906e-14,0.20000000297847187,True,True
307,2,0.007250946015119553,0.001,True,True,True,0.006327164775779104,True,0.2000000017298735,3.9016553029450844e-14,0.20000000172991253,True,True
307,3,0.007332600653171539,0.001,True,True,True,0.006409230069434613,True,0.20000045389176505,3.903843343142099e-14,0.2000004538918041,True,True
307,4,0.007417459040880203,0.001,True,True,True,0.006493647369808397,True,0.20000481427469965,3.9046219184135686e-14,0.2000048142747387,True,True
307,5,0.007505007088184357,0.001,True,True,True,0.006580068416142226,True,0.20001695495283406,3.904347024647109e-14,0.2000169549528731,True,True
307,6,0.007594496011734009,0.001,True,True,True,0.0066678479051102135,True,0.20003235370982675,3.9039158816049486e-14,0.2000323537098658,True,True
307,7,0.007685162127017975,0.001,True,True,True,0.00675630013418016,True,0.20003955188306533,3.903454686269244e-14,0.20003955188310435,True,True
307,8,0.007776126265525818,0.001,True,True,True,0.0068446123970192785,True,0.20002817358779906,3.903073345580302e-14,0.2000281735878381,True,True
307,9,0.007866431027650833,0.001,True,True,True,0.0069318989958204735,True,0.1999934386285015,3.902817174902211e-14,0.19999343862854052,True,True
307,10,0.007955022156238556,0.001,True,True,True,0.007017181623054425,True,0.1999364070504549,3.902691834302484e-14,0.19993640705049393,True,True
307,11,0.008040852844715118,0.001,True,True,True,0.007099501220809379,True,0.19986185823737912,3.902687094830245e-14,0.19986185823741814,True,True
307,12,0.008122716099023819,0.001,True,True,True,0.007177747577562843,True,0.19977615302816276,3.902777263203355e-14,0.19977615302820179,True,True
307,13,0.008199524134397507,0.001,True,True,True,0.007250938274469765,True,0.19968636845992416,3.902924566704868e-14,0.19968636845996318,True,True
307,14,0.008269980549812317,0.001,True,True,True,0.0073178922521618395,True,0.19959778940887585,3.9030815967031966e-14,0.19959778940891487,True,True
307,15,0.008332878351211548,0.001,True,True,True,0.007377524307047634,True,0.19951549164599336,3.903203865586823e-14,0.19951549164603238,True,True
307,16,0.008386988192796707,0.001,True,True,True,0.007428732229563639,True,0.19944237504431728,3.903259619769909e-14,0.1994423750443563,True,True
307,17,0.00843103975057602,0.001,True,True,True,0.007470376950827529,True,0.19938067309352592,3.903240199124937e-14,0.19938067309356494,True,True
307,18,0.008463840931653976,0.001,True,True,True,0.00750139878130085,True,0.19933139714240822,3.9031636631009025e-14,0.19933139714244724,True,True
307,19,0.00848417729139328,0.001,True,True,True,0.007520714808085138,True,0.19929444674561303,3.90306612903498e-14,0.19929444674565205,True,True
307,20,0.008491016924381256,0.001,True,True,True,0.007527417643153567,True,0.19927009019602604,4.239337005363726e-15,0.1992700901960303,True,True
308,1,0.007256567478179932,0.001,True,True,True,0.006331835400667507,True,0.20000000298023224,5.083136776117476e-13,0.20000000298074055,True,True
308,2,0.00733451172709465,0.001,True,True,True,0.006413822185504459,True,0.199999996107029,5.08313691048104e-13,0.19999999610753733,True,True
308,3,0.0074155330657958984,0.001,True,True,True,0.006498116551670319,True,0.20000000451476327,5.083337271376781e-13,0.2000000045152716,True,True
308,4,0.00749916210770607,0.001,True,True,True,0.0065841545804572466,True,0.2000000022734166,5.099657665512799e-13,0.20000000227392656,True,True
308,5,0.007584933191537857,0.001,True,True,True,0.006671449772044702,True,0.20000002366564384,5.103751191112149e-13,0.20000002366615421,True,True
308,6,0.007672160863876343,0.001,True,True,True,0.006759349233483869,True,0.19999944813396517,5.101906256063717e-13,0.19999944813447537,True,True
308,7,0.007760118693113327,0.001,True,True,True,0.006847189992723379,True,0.19999649159387015,5.099311879909461e-13,0.19999649159438007,True,True
308,8,0.007847964763641357,0.001,True,True,True,0.006934209757560206,True,0.1999885046527879,5.096760347564221e-13,0.19998850465329757,True,True
308,9,0.007934782654047012,0.001,True,True,True,0.007019592083754356,True,0.19997319928416687,5.094903030715646e-13,0.19997319928467636,True,True
308,10,0.008019719272851944,0.001,True,True,True,0.007102589259625591,True,0.19994970252038963,5.094016586988009e-13,0.19994970252089903,True,True
308,11,0.00810164213180542,0.001,True,True,True,0.0071821835627133845,True,0.1999185716506336,5.094085851799675e-13,0.199918571651143,True,True
308,12,0.00817956030368805,0.001,True,True,True,0.007257503959660405,True,0.19988180048612159,5.094973751087019e-13,0.1998818004866311,True,True
308,13,0.00825243815779686,0.001,True,True,True,0.007327638165327555,True,0.19984183528440325,5.09649930252033e-13,0.1998418352849129,True,True
308,14,0.008319113403558731,0.001,True,True,True,0.007391552225725961,True,0.19980104823770617,5.098461447256348e-13,0.199801048238216,True,True
308,15,0.008378472179174423,0.001,True,True,True,0.0074482608103439985,True,0.1997618666781784,5.100661406435301e-13,0.19976186667868848,True,True
308,16,0.008429411798715591,0.001,True,True,True,0.007496791099138145,True,0.1997261799331489,5.102899665449623e-13,0.19972617993365918,True,True
308,17,0.0084708072245121,0.001,True,True,True,0.007536147273532134,True,0.19969535931027338,5.104976529125705e-13,0.1996953593107839,True,True
308,18,0.008501581847667694,0.001,True,True,True,0.007565380183454762,True,0.19967013609978934,5.106694410043207e-13,0.19967013610030002,True,True
308,19,0.008520688861608505,0.001,True,True,True,0.007583566612850312,True,0.19965130499147787,5.1078806204214e-13,0.19965130499198866,True,True
308,20,0.00852716714143753,0.001,True,True,True,0.007589860451411412,True,0.19963848419457597,7.246065963793994e-14,0.19963848419464844,True,True
309,1,0.007340829819440842,0.001,True,True,True,0.006418639794048997,True,0.20000000298023224,1.7066849535698278e-16,0.2000000029802324,True,True
309,2,0.007422458380460739,0.001,True,True,True,0.006503116978157197,True,0.19999999976838342,1.7066849676213969e-16,0.1999999997683836,True,True
309,3,0.007506117224693298,0.001,True,True,True,0.006589352570080198,True,0.2000000095472935,1.706701168167759e-16,0.20000000954729366,True,True
309,4,0.007591430097818375,0.001,True,True,True,0.006676671231180098,True,0.20000000682053234,1.7073395458192777e-16,0.2000000068205325,True,True
309,5,0.007677990943193436,0.001,True,True,True,0.0067645410242614945,True,0.20000023852586882,1.7101489366820272e-16,0.20000023852586898,True,True
309,6,0.007765151560306549,0.001,True,True,True,0.0068522866607548805,True,0.20000095999674541,1.7100330344489248e-16,0.20000095999674558,True,True
309,7,0.007852301001548767,0.001,True,True,True,0.006939323945903353,True,0.20000212943972695,1.7099361468484e-16,0.20000212943972712,True,True
309,8,0.007938701659440994,0.001,True,True,True,0.0070249775676008985,True,0.2000030824486892,1.7099918516263469e-16,0.20000308244868936,True,True
309,9,0.008023496717214584,0.001,True,True,True,0.0071084758816165605,True,0.20000281758020333,1.7103069099148122e-16,0.2000028175802035,True,True
309,10,0.00810590386390686,0.001,True,True,True,0.007189128763289032,True,0.2000002767079661,1.7109086444749368e-16,0.20000027670796627,True,True
309,11,0.008185014128684998,0.001,True,True,True,0.007266131830784506,True,0.19999499059125053,1.7117404916745754e-16,0.1999949905912507,True,True
309,12,0.008259914815425873,0.001,True,True,True,0.007338681484105103,True,0.19998694127756517,1.7126905906920358e-16,0.19998694127756533,True,True
309,13,0.008329600095748901,0.001,True,True,True,0.007405888011144723,True,0.1999767935969704,1.7136359509258607e-16,0.19997679359697057,True,True
309,14,0.00839308649301529,0.001,True,True,True,0.007466883013121928,True,0.19996508584700562,1.7144795323893077e-16,0.19996508584700579,True,True
309,15,0.008449431508779526,0.001,True,True,True,0.007520842853887322,True,0.1999529331432438,1.715170381568476e-16,0.19995293314324397,True,True
309,16,0.00849764421582222,0.001,True,True,True,0.007566895981451771,True,0.19994108051722304,1.7157003680453484e-16,0.1999410805172232,True,True
309,17,0.00853666290640831,0.001,True,True,True,0.007604101570157229,True,0.19993036985420326,1.7160888144197605e-16,0.19993036985420343,True,True
309,18,0.008565571159124374,0.001,True,True,True,0.007631661174591242,True,0.19992133357380204,1.7163639338675462e-16,0.1999213335738022,True,True
309,19,0.008583445101976395,0.001,True,True,True,0.007648765937984914,True,0.19991443672121906,1.7165522024529411e-16,0.19991443672121922,True,True
309,20,0.008589446544647217,0.001,True,True,True,0.0076546868298938975,True,0.1999097601999268,2.3565670518079368e-17,0.19990976019992682,True,True
310,1,0.007427796721458435,0.001,True,True,True,0.0065092919461980925,True,0.20000000298023224,3.3275055373911333e-14,0.20000000298026552,True,True
310,2,0.007511872798204422,0.001,True,True,True,0.006593533421551778,True,0.20000000212234859,3.3275055399353196e-14,0.20000000212238186,True,True
310,3,0.007597487419843674,0.001,True,True,True,0.006678429044043255,True,0.1999999981646175,3.327508231609023e-14,0.19999999816465078,True,True
310,4,0.007684051990509033,0.001,True,True,True,0.006763648818104651,True,0.20000003688733706,3.327603972310502e-14,0.20000003688737034,True,True
310,5,0.007771153002977371,0.001,True,True,True,0.006848924489990638,True,0.20000036054202336,3.328819251039202e-14,0.20000036054205664,True,True
310,6,0.007858145982027054,0.001,True,True,True,0.006933705151622949,True,0.2000014286106355,3.3295258127582616e-14,0.2000014286106688,True,True
310,7,0.007944487035274506,0.001,True,True,True,0.00701751069506773,True,0.2000035886937051,3.329341289544898e-14,0.2000035886937384,True,True
310,8,0.008029457181692123,0.001,True,True,True,0.007099678329293813,True,0.2000067564608199,3.329079386263349e-14,0.20000675646085317,True,True
310,9,0.008112363517284393,0.001,True,True,True,0.007179571852028888,True,0.20001041326571065,3.328778392592997e-14,0.20001041326574392,True,True
310,10,0.008192464709281921,0.001,True,True,True,0.007256509527089783,True,0.20001388116361263,3.328473653452992e-14,0.2000138811636459,True,True
310,11,0.008268974721431732,0.001,True,True,True,0.00732977228041698,True,0.20001655023350845,3.328179191140051e-14,0.20001655023354173,True,True
310,12,0.00834103673696518,0.001,True,True,True,0.007398576002888402,True,0.20001812649754502,3.327890754846112e-14,0.2000181264975783,True,True
310,13,0.008407846093177795,0.001,True,True,True,0.007462196367963303,True,0.20001849745350808,3.327602793224517e-14,0.20001849745354136,True,True
310,14,0.008468467742204666,0.001,True,True,True,0.007519784814581931,True,0.20001776885592823,3.327320703787373e-14,0.2000177688559615,True,True
310,15,0.00852208212018013,0.001,True,True,True,0.007570611605499433,True,0.20001623533147644,3.327061697390274e-14,0.20001623533150972,True,True
310,16,0.00856778398156166,0.001,True,True,True,0.007613866225845034,True,0.20001424260058756,3.326843081749927e-14,0.20001424260062084,True,True
310,17,0.008604682981967926,0.001,True,True,True,0.007648755600919821,True,0.2000121109325358,3.326672722947313e-14,0.20001211093256907,True,True
310,18,0.008631937205791473,0.001,True,True,True,0.007674535590823095,True,0.200010181624106,3.326547856335608e-14,0.20001018162413928,True,True
310,19,0.008648768067359924,0.001,True,True,True,0.007690523905064861,True,0.20000859670897236,3.326460925640756e-14,0.20000859670900561,True,True
310,20,0.008654385805130005,0.001,True,True,True,0.007696023178628053,True,0.20000760100404075,3.7902592125556675e-15,0.20000760100404455,True,True
311,1,0.007516488432884216,0.001,True,True,True,0.0065974475145187395,True,0.20000000298023224,3.2591261691511617e-17,0.20000000298023227,True,True
311,2,0.0075995586812496185,0.001,True,True,True,0.006683020511389914,True,0.20000000298011478,3.259126169110772e-17,0.2000000029801148,True,True
311,3,0.007683590054512024,0.001,True,True,True,0.006769074947530096,True,0.19999999872439547,3.259126202250503e-17,0.1999999987243955,True,True
311,4,0.007768202573060989,0.001,True,True,True,0.006855100432729522,True,0.1999999998830923,3.2591319049095786e-17,0.19999999988309233,True,True
311,5,0.007852956652641296,0.001,True,True,True,0.006940614885612262,True,0.20000000939531812,3.2592489869332634e-17,0.20000000939531815,True,True
311,6,0.007937271147966385,0.001,True,True,True,0.007025053907266154,True,0.2000000419550484,3.2601516290964857e-17,0.20000004195504842,True,True
311,7,0.008020654320716858,0.001,True,True,True,0.007107969964990413,True,0.20000015625524578,3.2658991041956086e-17,0.2000001562552458,True,True
311,8,0.00810246542096138,0.001,True,True,True,0.007188790316049465,True,0.20000040865011193,3.2667548367766564e-17,0.20000040865011195,True,True
311,9,0.008181978017091751,0.001,True,True,True,0.007266864965883135,True,0.20000085156075129,3.268231327108979e-17,0.2000008515607513,True,True
311,10,0.008258618414402008,0.001,True,True,True,0.007341705169567669,True,0.2000013863404013,3.270356639213367e-17,0.20000138634040132,True,True
311,11,0.008331559598445892,0.001,True,True,True,0.007412578683419935,True,0.20000194422656795,3.2730118095937496e-17,0.20000194422656797,True,True
311,12,0.0084000825881958,0.001,True,True,True,0.007478858334579952,True,0.20000240980081266,3.275913381104494e-17,0.20000240980081269,True,True
311,13,0.008463431149721146,0.001,True,True,True,0.007539886474568935,True,0.20000268614598704,3.278627004013031e-17,0.20000268614598707,True,True
311,14,0.008520778268575668,0.001,True,True,True,0.0075949345668077095,True,0.20000273221275516,3.280616592338667e-17,0.2000027322127552,True,True
311,15,0.008571404963731766,0.001,True,True,True,0.007643381770618185,True,0.20000258893319817,3.2813094397083145e-17,0.2000025889331982,True,True
311,16,0.0086144357919693,0.001,True,True,True,0.007684452339471792,True,0.20000226378591585,3.2801985541392575e-17,0.20000226378591587,True,True
311,17,0.00864911824464798,0.001,True,True,True,0.00771749097075769,True,0.20000185918197197,3.277020011620937e-17,0.200001859181972,True,True
311,18,0.0086747407913208,0.001,True,True,True,0.00774188090373118,True,0.20000144400860828,3.2720150451416423e-17,0.2000014440086083,True,True
311,19,0.008690528571605682,0.001,True,True,True,0.007756939359854109,True,0.20000107645982154,3.2660497822729634e-17,0.20000107645982157,True,True
311,20,0.008695833384990692,0.001,True,True,True,0.0077621032097658915,True,0.20000086819482688,4.179850121860105e-18,0.20000086819482688,True,True
312,1,0.007604863494634628,0.001,True,True,True,0.006688040007704843,True,0.20000000298023224,8.757501807442777e-16,0.20000000298023313,True,True
312,2,0.007690157741308212,0.001,True,True,True,0.006772558805374196,True,0.2000000029801804,8.757501807309491e-16,0.20000000298018128,True,True
312,3,0.007775697857141495,0.001,True,True,True,0.006856648017969147,True,0.20000000188975414,8.757501841254996e-16,0.20000000188975503,True,True
312,4,0.00786113366484642,0.001,True,True,True,0.006940175616787614,True,0.20000000683099067,8.757506883853831e-16,0.20000000683099156,True,True
312,5,0.007946021854877472,0.001,True,True,True,0.007022826530492132,True,0.20000001048936503,8.757608072189716e-16,0.20000001048936591,True,True
312,6,0.008029893040657043,0.001,True,True,True,0.0071042102947254104,True,0.20000001132567613,8.758326247916557e-16,0.20000001132567702,True,True
312,7,0.008112236857414246,0.001,True,True,True,0.007183871950824927,True,0.20000011671408668,8.761399314425656e-16,0.20000011671408757,True,True
312,8,0.008192501962184906,0.001,True,True,True,0.007261306234294662,True,0.20000035580397935,8.775488719929147e-16,0.20000035580398023,True,True
312,9,0.008270155638456345,0.001,True,True,True,0.007336024546069075,True,0.2000007524693316,8.785726475626359e-16,0.2000007524693325,True,True
312,10,0.008344516158103943,0.001,True,True,True,0.0074073931405177484,True,0.20000132187164016,8.789917286368691e-16,0.20000132187164105,True,True
312,11,0.008414987474679947,0.001,True,True,True,0.007474866767987587,True,0.2000020612726988,8.795409149978195e-16,0.20000206127269968,True,True
312,12,0.00848088413476944,0.001,True,True,True,0.007537816591761226,True,0.20000283054671988,8.801772626031161e-16,0.20000283054672077,True,True
312,13,0.008541546761989594,0.001,True,True,True,0.007595644347641928,True,0.20000365577075035,8.808326198116674e-16,0.20000365577075124,True,True
312,14,0.008596289902925491,0.001,True,True,True,0.007647730481250448,True,0.20000438779974952,8.814264753839651e-16,0.2000043877997504,True,True
312,15,0.00864441692829132,0.001,True,True,True,0.007693447179631385,True,0.20000504941715572,8.818561368103029e-16,0.2000050494171566,True,True
312,16,0.008685175329446793,0.001,True,True,True,0.007732114881194185,True,0.20000562353957846,8.819276817671984e-16,0.20000562353957935,True,True
312,17,0.00871797651052475,0.001,True,True,True,0.0077632180291081765,True,0.20000604196776942,8.81297958522323e-16,0.2000060419677703,True,True
312,18,0.008742071688175201,0.001,True,True,True,0.0077860828020827055,True,0.2000063820826358,8.796303594315046e-16,0.20000638208263669,True,True
312,19,0.00875687226653099,0.001,True,True,True,0.00780019356188244,True,0.20000662468588729,8.770092670340303e-16,0.20000662468588817,True,True
312,20,0.008761797100305557,0.001,True,True,True,0.007805038599602465,True,0.20000679664600668,1.255046363616695e-16,0.20000679664600682,True,True
313,1,0.007693886756896973,0.001,True,True,True,0.006775822486565275,True,0.20000000298023224,5.661246261565555e-14,0.20000000298028886,True,True
313,2,0.007777400314807892,0.001,True,True,True,0.006860913775193378,True,0.20000000298023224,5.661246261564222e-14,0.20000000298028886,True,True
313,3,0.007860857993364334,0.001,True,True,True,0.006945660384269248,True,0.20000000297972856,5.661246261606409e-14,0.20000000297978518,True,True
313,4,0.007943853735923767,0.001,True,True,True,0.007029496389986178,True,0.20000000216789404,5.661246310799381e-14,0.20000000216795066,True,True
313,5,0.008026093244552612,0.001,True,True,True,0.007112069025568157,True,0.20000000727887873,5.6612497932230755e-14,0.20000000727893535,True,True
313,6,0.00810711458325386,0.001,True,True,True,0.007192917957642653,True,0.2000000002795359,5.6613039760444936e-14,0.20000000027959253,True,True
313,7,0.008186429738998413,0.001,True,True,True,0.007271590904671554,True,0.20000000944296575,5.661648525936099e-14,0.20000000944302238,True,True
313,8,0.008263561874628067,0.001,True,True,True,0.007347664492954098,True,0.2000000044104186,5.6629020807594175e-14,0.20000000441047522,True,True
313,9,0.00833798199892044,0.001,True,True,True,0.007420677458266023,True,0.20000004201418625,5.666111871126319e-14,0.2000000420142429,True,True
313,10,0.008409105241298676,0.001,True,True,True,0.007490117850613043,True,0.20000009264294247,5.672747443314526e-14,0.2000000926429992,True,True
313,11,0.00847632810473442,0.001,True,True,True,0.007555459076219795,True,0.20000016926206277,5.683758639155638e-14,0.2000001692621196,True,True
313,12,0.008539047092199326,0.001,True,True,True,0.007616176554089749,True,0.20000028120402005,5.698692239854281e-14,0.20000028120407704,True,True
313,13,0.008596662431955338,0.001,True,True,True,0.007671751753786316,True,0.2000004430428861,5.721044474433932e-14,0.20000044304294332,True,True
313,14,0.008648552000522614,0.001,True,True,True,0.007721642691969732,True,0.20000058685652333,5.753705550326421e-14,0.20000058685658087,True,True
313,15,0.008694075047969818,0.001,True,True,True,0.00776528927864073,True,0.2000007466018977,5.80281854719903e-14,0.20000074660195574,True,True
313,16,0.008732598274946213,0.001,True,True,True,0.007802137456619063,True,0.20000088272020478,5.87422654131004e-14,0.2000008827202635,True,True
313,17,0.00876351073384285,0.001,True,True,True,0.007831654845332103,True,0.20000099906061877,5.964892825905005e-14,0.20000099906067842,True,True
313,18,0.00878622755408287,0.001,True,True,True,0.007853331951136688,True,0.20000110257608203,6.082166316950182e-14,0.20000110257614284,True,True
313,19,0.00880017876625061,0.001,True,True,True,0.00786667140443309,True,0.20000117863122757,6.470412818884233e-14,0.20000117863129227,True,True
313,20,0.008804891258478165,0.001,True,True,True,0.00787126633634172,True,0.20000121447650174,1.0626988925782155e-14,0.20000121447651237,True,True
314,1,0.007781960070133209,0.001,True,True,True,0.006865157406778288,True,0.20000000298023224,2.5630952819060917e-17,0.20000000298023227,True,True
314,2,0.00786694884300232,0.001,True,True,True,0.006948713422155861,True,0.20000000298023224,2.5630952820272607e-17,0.20000000298023227,True,True
314,3,0.007951285690069199,0.001,True,True,True,0.007031084623997708,True,0.20000000298008141,2.5630952819666762e-17,0.20000000298008144,True,True
314,4,0.008034631609916687,0.001,True,True,True,0.007112130242633685,True,0.20000000282647018,2.5630952885501938e-17,0.2000000028264702,True,True
314,5,0.008116696029901505,0.001,True,True,True,0.007191674631984446,True,0.20000000660944958,2.5630956974754922e-17,0.2000000066094496,True,True
314,6,0.008197035640478134,0.001,True,True,True,0.007269342380638477,True,0.2000000055544652,2.5631019079337988e-17,0.20000000555446523,True,True
314,7,0.008275259286165237,0.001,True,True,True,0.007344790841226967,True,0.20000000744366328,2.5631430025332023e-17,0.2000000074436633,True,True
314,8,0.008350905030965805,0.001,True,True,True,0.0074175959213484965,True,0.20000001078914792,2.5633027140044575e-17,0.20000001078914795,True,True
314,9,0.00842348113656044,0.001,True,True,True,0.007487301136156033,True,0.20000002852585208,2.563743206259894e-17,0.2000000285258521,True,True
314,10,0.008492514491081238,0.001,True,True,True,0.00755347102779258,True,0.20000003536028182,2.5647227598016795e-17,0.20000003536028185,True,True
314,11,0.008557505905628204,0.001,True,True,True,0.0076156464197553175,True,0.20000008677938425,2.5666349947645025e-17,0.20000008677938427,True,True
314,12,0.008617915213108063,0.001,True,True,True,0.007673330699956682,True,0.2000001326574975,2.5700833811277582e-17,0.20000013265749753,True,True
314,13,0.00867319107055664,0.001,True,True,True,0.00772602101949349,True,0.2000002153977745,2.576042107654011e-17,0.20000021539777452,True,True
314,14,0.008722793310880661,0.001,True,True,True,0.007773228236576668,True,0.20000031061185494,2.5866623064784946e-17,0.20000031061185497,True,True
314,15,0.00876617431640625,0.001,True,True,True,0.007814459243653649,True,0.20000038630465236,2.609194023778875e-17,0.2000003863046524,True,True
314,16,0.008802782744169235,0.001,True,True,True,0.007849219062578183,True,0.20000047882079455,2.6287697210711196e-17,0.20000047882079458,True,True
314,17,0.00883205235004425,0.001,True,True,True,0.007876999635739734,True,0.20000054548804658,2.6522901023706922e-17,0.2000005454880466,True,True
314,18,0.008853528648614883,0.001,True,True,True,0.007897404353540805,True,0.20000062977614735,2.6719762298297153e-17,0.20000062977614738,True,True
314,19,0.008866634219884872,0.001,True,True,True,0.007909913949082248,True,0.20000068883593317,2.679542912829489e-17,0.2000006888359332,True,True
314,20,0.008870981633663177,0.001,True,True,True,0.007914194913907768,True,0.200000714692728,8.593960020635501e-18,0.200000714692728,True,True
315,1,0.007870044559240341,0.001,True,True,True,0.006951895619235593,True,0.20000000298023224,2.0624655525895895e-16,0.20000000298023243,True,True
315,2,0.007952772080898285,0.001,True,True,True,0.007033981490509711,True,0.20000000298023224,2.062465552537083e-16,0.20000000298023243,True,True
315,3,0.008034579455852509,0.001,True,True,True,0.007114742244419103,True,0.20000000298023224,2.062465552595648e-16,0.20000000298023243,True,True
315,4,0.008115220814943314,0.001,True,True,True,0.007194010902880632,True,0.20000000298012924,2.0624655525754531e-16,0.20000000298012943,True,True
315,5,0.008194390684366226,0.001,True,True,True,0.007271538432803815,True,0.2000000029427985,2.062465554403086e-16,0.20000000294279868,True,True
315,6,0.008271779865026474,0.001,True,True,True,0.00734706064492352,True,0.20000000106872032,2.0624656351965792e-16,0.2000000010687205,True,True
315,7,0.00834692269563675,0.001,True,True,True,0.007420152599927343,True,0.20000000202571436,2.0624667344945717e-16,0.20000000202571455,True,True
315,8,0.008419457823038101,0.001,True,True,True,0.007490493047350055,True,0.20000000415557914,2.0624738294444249e-16,0.20000000415557934,True,True
315,9,0.008488956838846207,0.001,True,True,True,0.007557696795570168,True,0.20000000625703512,2.0625014906064467e-16,0.20000000625703532,True,True
315,10,0.00855490192770958,0.001,True,True,True,0.0076212906196390096,True,0.20000001003746298,2.06257744663987e-16,0.20000001003746318,True,True
315,11,0.008616890758275986,0.001,True,True,True,0.007680918551279281,True,0.20000000472109214,2.0627400838727817e-16,0.20000000472109233,True,True
315,12,0.008674383163452148,0.001,True,True,True,0.007736091056247285,True,0.20000002401013356,2.063031624321872e-16,0.20000002401013375,True,True
315,13,0.00872688740491867,0.001,True,True,True,0.007786366829326208,True,0.20000000141465257,2.0634905683070168e-16,0.20000000141465277,True,True
315,14,0.008773934096097946,0.001,True,True,True,0.007831328778430846,True,0.200000024631732,2.0641444911379378e-16,0.2000000246317322,True,True
315,15,0.00881500169634819,0.001,True,True,True,0.007870509493584144,True,0.20000004328685617,2.065001979373485e-16,0.20000004328685636,True,True
315,16,0.008849624544382095,0.001,True,True,True,0.007903496568669843,True,0.20000005136993118,2.066041108593542e-16,0.20000005136993138,True,True
315,17,0.008877269923686981,0.001,True,True,True,0.007929811291198408,True,0.20000007708781556,2.0672002371534586e-16,0.20000007708781575,True,True
315,18,0.008897501975297928,0.001,True,True,True,0.00794906987202093,True,0.20000007486497015,2.0683721317961406e-16,0.20000007486497035,True,True
315,19,0.008909884840250015,0.001,True,True,True,0.007960886160060077,True,0.20000008509651146,2.0694166393037469e-16,0.20000008509651165,True,True
315,20,0.008914042264223099,0.001,True,True,True,0.007964930325678132,True,0.2000000714187859,5.3047790455563177e-17,0.20000007141878595,True,True
316,1,0.007956061512231827,0.001,True,True,True,0.007036720093527293,True,0.20000000298023224,4.73812646330822e-13,0.20000000298070605,True,True
316,2,0.00803757831454277,0.001,True,True,True,0.007118292845791019,True,0.20000000298023224,4.738126463308167e-13,0.20000000298070605,True,True
316,3,0.008117932826280594,0.001,True,True,True,0.007198540748310944,True,0.20000000298023224,4.738126463308226e-13,0.20000000298070605,True,True
316,4,0.008196864277124405,0.001,True,True,True,0.007277109631304013,True,0.20000000298023204,4.738126463308206e-13,0.20000000298070586,True,True
316,5,0.008274093270301819,0.001,True,True,True,0.00735368972929229,True,0.2000000029799866,4.738126463322958e-13,0.20000000298046042,True,True
316,6,0.008349325507879257,0.001,True,True,True,0.007427988238603578,True,0.2000000029518774,4.738126464802979e-13,0.2000000029523512,True,True
316,7,0.00842217355966568,0.001,True,True,True,0.007499645256649146,True,0.2000000021775143,4.738126500806973e-13,0.2000000021779881,True,True
316,8,0.008492276072502136,0.001,True,True,True,0.007568337521468016,True,0.2000000085673042,4.738126856727347e-13,0.20000000856777803,True,True
316,9,0.008559249341487885,0.001,True,True,True,0.007633724909777206,True,0.20000000324531103,4.738128770698157e-13,0.20000000324578485,True,True
316,10,0.008622672408819199,0.001,True,True,True,0.007695436543839085,True,0.2000000083141473,4.738135459907095e-13,0.2000000083146211,True,True
316,11,0.00868208333849907,0.001,True,True,True,0.00775306268435938,True,0.20000000100569829,4.738152560713718e-13,0.2000000010061721,True,True
316,12,0.008737064898014069,0.001,True,True,True,0.007806238698167656,True,0.2000000088157944,4.7381871507089e-13,0.20000000881626823,True,True
316,13,0.008787184953689575,0.001,True,True,True,0.007854586386085716,True,0.2000000058116279,4.738245583941754e-13,0.20000000581210173,True,True
316,14,0.008831970393657684,0.001,True,True,True,0.007897686311464036,True,0.200000009947141,4.738331163351914e-13,0.20000000994761485,True,True
316,15,0.00887100026011467,0.001,True,True,True,0.00793517138468236,True,0.20000001199936263,4.738442475752133e-13,0.20000001199983647,True,True
316,16,0.00890384241938591,0.001,True,True,True,0.007966662139903824,True,0.2000000143508846,4.738572922861478e-13,0.20000001435135847,True,True
316,17,0.008930020034313202,0.001,True,True,True,0.007991734664469452,True,0.20000002408881737,4.7387114937646e-13,0.20000002408929124,True,True
316,18,0.008949138224124908,0.001,True,True,True,0.008010044501700397,True,0.20000003033784905,4.738844160371001e-13,0.20000003033832292,True,True
316,19,0.008960813283920288,0.001,True,True,True,0.008021255764745994,True,0.20000002417464297,4.738956337700677e-13,0.20000002417511686,True,True
316,20,0.008964717388153076,0.001,True,True,True,0.008025085322275194,True,0.2000000230432572,1.0356699414705383e-13,0.20000002304336076,True,True
317,1,0.00804096832871437,0.001,True,True,True,0.007121111935039948,True,0.20000000298023224,9.285325709470732e-15,0.20000000298024154,True,True
317,2,0.008122410625219345,0.001,True,True,True,0.007200637053691006,True,0.20000000298023224,9.285325709465482e-15,0.20000000298024154,True,True
317,3,0.008202381432056427,0.001,True,True,True,0.007278413209991008,True,0.20000000298023224,9.285325709458414e-15,0.20000000298024154,True,True
317,4,0.008280642330646515,0.001,True,True,True,0.00735430952348004,True,0.20000000298023224,9.285325709462856e-15,0.20000000298024154,True,True
317,5,0.008356891572475433,0.001,True,True,True,0.007428092656024621,True,0.20000000298022277,9.285325709458212e-15,0.20000000298023207,True,True
317,6,0.0084308423101902,0.001,True,True,True,0.007499517672315936,True,0.2000000029790144,9.28532570958241e-15,0.2000000029790237,True,True
317,7,0.008502170443534851,0.001,True,True,True,0.007568292558373768,True,0.20000000294062753,9.285325713141952e-15,0.20000000294063683,True,True
317,8,0.008570563048124313,0.001,True,True,True,0.0076341307753864385,True,0.2000000024505678,9.285325754139293e-15,0.20000000245057709,True,True
317,9,0.008635681122541428,0.001,True,True,True,0.007696719125926066,True,0.199999999123279,9.285326010124228e-15,0.1999999991232883,True,True
317,10,0.008697107434272766,0.001,True,True,True,0.007755667609765982,True,0.19999999968983406,9.285327035386728e-15,0.19999999968984336,True,True
317,11,0.00875449925661087,0.001,True,True,True,0.007810662181465866,True,0.2000000004014109,9.285329991796679e-15,0.20000000040142019,True,True
317,12,0.008807443082332611,0.001,True,True,True,0.007861321641983277,True,0.20000000062071396,9.285336623878395e-15,0.20000000062072326,True,True
317,13,0.008855588734149933,0.001,True,True,True,0.007907328357065424,True,0.20000000877636076,9.285348831042732e-15,0.20000000877637006,True,True
317,14,0.008898504078388214,0.001,True,True,True,0.00794828724846186,True,0.2000000100009618,9.285367981021526e-15,0.2000000100009711,True,True
317,15,0.00893581286072731,0.001,True,True,True,0.007983858400605448,True,0.2000000099378558,9.285394238563061e-15,0.2000000099378651,True,True
317,16,0.008967109024524689,0.001,True,True,True,0.008013675014268307,True,0.19999999901965132,9.285426229261717e-15,0.19999999901966062,True,True
317,17,0.008992016315460205,0.001,True,True,True,0.008037400148751761,True,0.19999999792465004,9.285461112965393e-15,0.19999999792465933,True,True
317,18,0.009010158479213715,0.001,True,True,True,0.008054696753902246,True,0.2000000043256626,9.285495079264782e-15,0.2000000043256719,True,True
317,19,0.009021207690238953,0.001,True,True,True,0.008065275180434872,True,0.2000000085413032,9.28552406291614e-15,0.2000000085413125,True,True
317,20,0.009024880826473236,0.001,True,True,True,0.008068888295490462,True,0.20000000563629453,1.9332035329773063e-15,0.20000000563629647,True,True
318,1,0.008124623447656631,0.001,True,True,True,0.007203014384207451,True,0.20000000298023224,6.676040545591029e-15,0.20000000298023893,True,True
318,2,0.0082036592066288,0.001,True,True,True,0.007281042639038171,True,0.20000000298023224,6.676040545605165e-15,0.20000000298023893,True,True
318,3,0.00828106701374054,0.001,True,True,True,0.007357280071975447,True,0.20000000298023224,6.676040545598097e-15,0.20000000298023893,True,True
318,4,0.008356623351573944,0.001,True,True,True,0.007431493456709015,True,0.20000000298023224,6.67604054560254e-15,0.20000000298023893,True,True
318,5,0.008430160582065582,0.001,True,True,True,0.0075035204236388875,True,0.20000000298023224,6.676040545597895e-15,0.20000000298023893,True,True
318,6,0.008501365780830383,0.001,True,True,True,0.007573065620974928,True,0.20000000298023,6.676040545605771e-15,0.20000000298023668,True,True
318,7,0.008569922298192978,0.001,True,True,True,0.007639838939429211,True,0.20000000298005455,6.676040545617484e-15,0.20000000298006124,True,True
318,8,0.008635587990283966,0.001,True,True,True,0.0077036260603539075,True,0.20000000297574896,6.676040545947266e-15,0.20000000297575565,True,True
318,9,0.008697964251041412,0.001,True,True,True,0.007764062856592702,True,0.20000000292794334,6.676040549196212e-15,0.20000000292795003,True,True
318,10,0.008756756782531738,0.001,True,True,True,0.007820889936659192,True,0.20000000262743012,6.676040568199959e-15,0.2000000026274368,True,True
318,11,0.0088115893304348,0.001,True,True,True,0.007873769510424733,True,0.2000000013880267,6.676040641782077e-15,0.2000000013880334,True,True
318,12,0.008862126618623734,0.001,True,True,True,0.007922403984299109,True,0.1999999976831461,6.676040849940382e-15,0.1999999976831528,True,True
318,13,0.008907977491617203,0.001,True,True,True,0.007966442210155189,True,0.20000000398066184,6.67604131088799e-15,0.20000000398066853,True,True
318,14,0.00894881784915924,0.001,True,True,True,0.008005599658775453,True,0.20000000259890904,6.676042149304607e-15,0.20000000259891573,True,True
318,15,0.008984260261058807,0.001,True,True,True,0.008039529261342548,True,0.20000000642041577,6.676043442535256e-15,0.20000000642042245,True,True
318,16,0.009013976901769638,0.001,True,True,True,0.008067943028045255,True,0.2000000005139824,6.6760451709927595e-15,0.20000000051398908,True,True
318,17,0.009037569165229797,0.001,True,True,True,0.008090481934072025,True,0.20000000239568688,6.6760471966332756e-15,0.20000000239569357,True,True
318,18,0.00905478373169899,0.001,True,True,True,0.008106930199073159,True,0.20000000235417212,6.676049275242835e-15,0.2000000023541788,True,True
318,19,0.009065244346857071,0.001,True,True,True,0.00811694846560318,True,0.20000000688856323,6.6760511158283464e-15,0.20000000688856992,True,True
318,20,0.00906875729560852,0.001,True,True,True,0.008120375091257626,True,0.2000000074515168,1.4135282587973305e-15,0.20000000745151822,True,True
319,1,0.008206240832805634,0.001,True,True,True,0.007283174976405848,True,0.20000000298023224,2.258659319174968e-15,0.2000000029802345,True,True
319,2,0.008283942937850952,0.001,True,True,True,0.0073598158666212665,True,0.20000000298023224,2.2586593191697172e-15,0.2000000029802345,True,True
319,3,0.008359894156455994,0.001,True,True,True,0.007434620132752423,True,0.20000000298023224,2.2586593191723425e-15,0.2000000029802345,True,True
319,4,0.00843389704823494,0.001,True,True,True,0.007507348990392293,True,0.20000000298023224,2.2586593191767854e-15,0.2000000029802345,True,True
319,5,0.008505664765834808,0.001,True,True,True,0.007577707073566975,True,0.20000000298023224,2.2586593191721406e-15,0.2000000029802345,True,True
319,6,0.008574984967708588,0.001,True,True,True,0.007645490702184121,True,0.20000000298023224,2.2586593191735542e-15,0.2000000029802345,True,True
319,7,0.008641552180051804,0.001,True,True,True,0.0077104130759045875,True,0.20000000298023068,2.2586593191723425e-15,0.20000000298023293,True,True
319,8,0.008705146610736847,0.001,True,True,True,0.00777227939720182,True,0.20000000298017248,2.2586593191757757e-15,0.20000000298017473,True,True
319,9,0.008765395730733871,0.001,True,True,True,0.007830747605808042,True,0.2000000029792599,2.2586593192000095e-15,0.20000000297926215,True,True
319,10,0.008822061121463776,0.001,True,True,True,0.007885611319349617,True,0.20000000297168494,2.258659319404785e-15,0.20000000297168719,True,True
319,11,0.00887477770447731,0.001,True,True,True,0.007936539464650338,True,0.20000000293249756,2.2586593203824173e-15,0.2000000029324998,True,True
319,12,0.008923232555389404,0.001,True,True,True,0.007983255009870516,True,0.2000000027914186,2.25865932372951e-15,0.20000000279142086,True,True
319,13,0.00896715372800827,0.001,True,True,True,0.00802552071822682,True,0.20000000240987717,2.2586593323676505e-15,0.20000000240987942,True,True
319,14,0.009006138890981674,0.001,True,True,True,0.008062972158918935,True,0.20000000159084297,2.258659350201713e-15,0.20000000159084522,True,True
319,15,0.009039957076311111,0.001,True,True,True,0.008095413472316904,True,0.2000000001432513,2.2586593806668395e-15,0.20000000014325356,True,True
319,16,0.009068232029676437,0.001,True,True,True,0.008122505623128884,True,0.19999999798030113,2.2586594249426108e-15,0.19999999798030338,True,True
319,17,0.009090673178434372,0.001,True,True,True,0.008143993764921476,True,0.20000001011165833,2.2586594802486012e-15,0.20000001011166058,True,True
319,18,0.009106982499361038,0.001,True,True,True,0.008159614901451673,True,0.20000000706388335,2.258659540120645e-15,0.2000000070638856,True,True
319,19,0.009116914123296738,0.001,True,True,True,0.008169156222518015,True,0.2000000042285348,2.2586595950590892e-15,0.20000000422853706,True,True
319,20,0.009120188653469086,0.001,True,True,True,0.008172369309183414,True,0.20000000211260163,4.973348299663753e-16,0.20000000211260213,True,True
320,1,0.008286278694868088,0.001,True,True,True,0.0073621291135265166,True,0.20000000298023224,8.04319267923152e-15,0.2000000029802403,True,True
320,2,0.008362766355276108,0.001,True,True,True,0.007436951705049766,True,0.20000000298023224,8.043192679232731e-15,0.2000000029802403,True,True
320,3,0.008437354117631912,0.001,True,True,True,0.007509682164264286,True,0.20000000298023224,8.043192679228894e-15,0.2000000029802403,True,True
320,4,0.0085098035633564,0.001,True,True,True,0.007580147361796463,True,0.20000000298023224,8.043192679230106e-15,0.2000000029802403,True,True
320,5,0.008579932153224945,0.001,True,True,True,0.007648207112590399,True,0.20000000298023224,8.043192679228692e-15,0.2000000029802403,True,True
320,6,0.008647460490465164,0.001,True,True,True,0.0077136151383366824,True,0.20000000298023224,8.043192679230106e-15,0.2000000029802403,True,True
320,7,0.008712194859981537,0.001,True,True,True,0.007776202093342843,True,0.20000000298023224,8.043192679228894e-15,0.2000000029802403,True,True
320,8,0.008773818612098694,0.001,True,True,True,0.00783567665078988,True,0.20000000298023163,8.043192679229096e-15,0.20000000298023968,True,True
320,9,0.008832111954689026,0.001,True,True,True,0.007891842040372188,True,0.20000000298021944,8.043192679230711e-15,0.2000000029802275,True,True
320,10,0.008886788040399551,0.001,True,True,True,0.007944436319301751,True,0.2000000029800905,8.043192679241617e-15,0.20000000298009854,True,True
320,11,0.008937541395425797,0.001,True,True,True,0.007993180597901772,True,0.200000002979271,8.043192679333907e-15,0.20000000297927906,True,True
320,12,0.008984103798866272,0.001,True,True,True,0.008037833101370517,True,0.2000000029757569,8.04319267968247e-15,0.20000000297576495,True,True
320,13,0.009026233106851578,0.001,True,True,True,0.008078179294843113,True,0.20000000296473672,8.043192680720889e-15,0.20000000296474477,True,True
320,14,0.009063567966222763,0.001,True,True,True,0.008113887702266953,True,0.20000000293794282,8.0431926831681e-15,0.20000000293795087,True,True
320,15,0.009095855057239532,0.001,True,True,True,0.00814473429064011,True,0.20000000288537342,8.043192687809681e-15,0.20000000288538147,True,True
320,16,0.0091228187084198,0.001,True,True,True,0.008170473816408452,True,0.2000000027998128,8.043192695162824e-15,0.20000000279982086,True,True
320,17,0.00914417952299118,0.001,True,True,True,0.0081908572030287,True,0.2000000026824076,8.04319270502881e-15,0.20000000268241566,True,True
320,18,0.009159695357084274,0.001,True,True,True,0.008205671927920988,True,0.2000000025461169,8.043192716274913e-15,0.20000000254612496,True,True
320,19,0.009169116616249084,0.001,True,True,True,0.008214697584130959,True,0.20000000241414767,8.043192727023818e-15,0.20000000241415572,True,True
320,20,0.009172238409519196,0.001,True,True,True,0.008217755491005785,True,0.20000000231318138,1.792243249830044e-15,0.20000000231318318,True,True
321,1,0.008364863693714142,0.001,True,True,True,0.007438993354362933,True,0.20000000298023224,9.750608041701056e-15,0.20000000298024198,True,True
321,2,0.008439384400844574,0.001,True,True,True,0.007512125555459326,True,0.20000000298023224,9.750608041702268e-15,0.20000000298024198,True,True
321,3,0.00851185992360115,0.001,True,True,True,0.007583122122227781,True,0.20000000298023224,9.75060804169843e-15,0.20000000298024198,True,True
321,4,0.008582118898630142,0.001,True,True,True,0.007651805729974814,True,0.20000000298023224,9.750608041699642e-15,0.20000000298024198,True,True
321,5,0.00864994153380394,0.001,True,True,True,0.007717963430241892,True,0.20000000298023224,9.750608041698229e-15,0.20000000298024198,True,True
321,6,0.008715182542800903,0.001,True,True,True,0.007781463729788163,True,0.20000000298023224,9.750608041699642e-15,0.20000000298024198,True,True
321,7,0.008777573704719543,0.001,True,True,True,0.007842058329189605,True,0.20000000298023224,9.75060804169843e-15,0.20000000298024198,True,True
321,8,0.008836895227432251,0.001,True,True,True,0.007899548871905804,True,0.20000000298023224,9.750608041698633e-15,0.20000000298024198,True,True
321,9,0.00889291986823082,0.001,True,True,True,0.007953734525482425,True,0.2000000029802322,9.750608041697017e-15,0.20000000298024195,True,True
321,10,0.008945368230342865,0.001,True,True,True,0.008004361462278786,True,0.20000000298023157,9.750608041698229e-15,0.20000000298024131,True,True
321,11,0.008993983268737793,0.001,True,True,True,0.008051201212193826,True,0.200000002980226,9.750608041693584e-15,0.20000000298023574,True,True
321,12,0.009038519114255905,0.001,True,True,True,0.008094036079603906,True,0.20000000298019435,9.750608041702873e-15,0.2000000029802041,True,True
321,13,0.009078718721866608,0.001,True,True,True,0.008132637833154432,True,0.20000000298006976,9.75060804171701e-15,0.2000000029800795,True,True
321,14,0.009114328771829605,0.001,True,True,True,0.008166783062467098,True,0.20000000297970516,9.750608041750533e-15,0.2000000029797149,True,True
321,15,0.0091450996696949,0.001,True,True,True,0.008196251050156533,True,0.20000000297887346,9.75060804183616e-15,0.2000000029788832,True,True
321,16,0.009170711040496826,0.001,True,True,True,0.008220751890377076,True,0.2000000029773437,9.750608041990246e-15,0.20000000297735343,True,True
321,17,0.009191017597913742,0.001,True,True,True,0.00824016796205107,True,0.20000000297503295,9.750608042211178e-15,0.2000000029750427,True,True
321,18,0.009205736219882965,0.001,True,True,True,0.008254244533552724,True,0.200000002972143,9.750608042487443e-15,0.20000000297215273,True,True
321,19,0.009214665740728378,0.001,True,True,True,0.00826280709048921,True,0.20000000296918902,9.750608042760881e-15,0.20000000296919876,True,True
321,20,0.009217631071805954,0.001,True,True,True,0.008265704326224865,True,0.20000000296684947,1.943419514933347e-15,0.20000000296685141,True,True
322,1,0.008441515266895294,0.001,True,True,True,0.007514048900459036,True,0.20000000298023224,3.580425147216837e-14,0.20000000298026804,True,True
322,2,0.008514441549777985,0.001,True,True,True,0.007585616810068863,True,0.20000000298023224,3.5804251472169585e-14,0.20000000298026804,True,True
322,3,0.008585203438997269,0.001,True,True,True,0.007654960192065685,True,0.20000000298023224,3.580425147217867e-14,0.20000000298026804,True,True
322,4,0.008653685450553894,0.001,True,True,True,0.007721945862453672,True,0.20000000298023224,3.580425147216696e-14,0.20000000298026804,True,True
322,5,0.008719667792320251,0.001,True,True,True,0.007786354813880569,True,0.20000000298023224,3.580425147217847e-14,0.20000000298026804,True,True
322,6,0.008782975375652313,0.001,True,True,True,0.007848023404711801,True,0.20000000298023224,3.580425147216696e-14,0.20000000298026804,True,True
322,7,0.008843429386615753,0.001,True,True,True,0.007906788646983465,True,0.20000000298023224,3.580425147217867e-14,0.20000000298026804,True,True
322,8,0.00890076532959938,0.001,True,True,True,0.00796240727924824,True,0.20000000298023224,3.5804251472178874e-14,0.20000000298026804,True,True
322,9,0.008954774588346481,0.001,True,True,True,0.00801469363655316,True,0.20000000298023224,3.580425147217726e-14,0.20000000298026804,True,True
322,10,0.009005274623632431,0.001,True,True,True,0.0080634895258489,True,0.20000000298023224,3.580425147217847e-14,0.20000000298026804,True,True
322,11,0.009052004665136337,0.001,True,True,True,0.00810856048272024,True,0.2000000029802322,3.5804251472199675e-14,0.20000000298026802,True,True
322,12,0.009094718843698502,0.001,True,True,True,0.00814968687562223,True,0.200000002980232,3.580425147217019e-14,0.2000000029802678,True,True
322,13,0.009133212268352509,0.001,True,True,True,0.008186690545356923,True,0.20000000298023088,3.580425147219725e-14,0.20000000298026668,True,True
322,14,0.009167231619358063,0.001,True,True,True,0.008219345836457004,True,0.20000000298022705,3.5804251472204925e-14,0.20000000298026285,True,True
322,15,0.009196579456329346,0.001,True,True,True,0.008247482200031242,True,0.20000000298021697,3.5804251472161305e-14,0.20000000298025278,True,True
322,16,0.009221002459526062,0.001,True,True,True,0.008270873313321436,True,0.2000000029801961,3.580425147219907e-14,0.2000000029802319,True,True
322,17,0.009240318089723587,0.001,True,True,True,0.008289363204778799,True,0.20000000298016143,3.580425147220028e-14,0.20000000298019724,True,True
322,18,0.009254302829504013,0.001,True,True,True,0.008302754349972186,True,0.2000000029801148,3.5804251472230977e-14,0.2000000029801506,True,True
322,19,0.009262766689062119,0.001,True,True,True,0.008310881120193736,True,0.20000000298006448,3.580425147227177e-14,0.2000000029801003,True,True
322,20,0.009265586733818054,0.001,True,True,True,0.008313642870313998,True,0.20000000298002316,8.530390491559307e-15,0.20000000298003168,True,True
323,1,0.008516468107700348,0.001,True,True,True,0.007587609939050055,True,0.20000000298023224,6.37823797917223e-14,0.20000000298029602,True,True
323,2,0.008587878197431564,0.001,True,True,True,0.007657271543614064,True,0.20000000298023224,6.378237979172351e-14,0.20000000298029602,True,True
323,3,0.00865703821182251,0.001,True,True,True,0.00772455419687923,True,0.20000000298023224,6.378237979169383e-14,0.20000000298029602,True,True
323,4,0.008723840117454529,0.001,True,True,True,0.007789402203974838,True,0.20000000298023224,6.378237979172089e-14,0.20000000298029602,True,True
323,5,0.008788075298070908,0.001,True,True,True,0.007851641359498895,True,0.20000000298023224,6.378237979169362e-14,0.20000000298029602,True,True
323,6,0.008849561214447021,0.001,True,True,True,0.007911115151021053,True,0.20000000298023224,6.378237979172089e-14,0.20000000298029602,True,True
323,7,0.008908148854970932,0.001,True,True,True,0.007967695093920812,True,0.20000000298023224,6.378237979169383e-14,0.20000000298029602,True,True
323,8,0.008963610976934433,0.001,True,True,True,0.008021174403653242,True,0.20000000298023224,6.378237979169403e-14,0.20000000298029602,True,True
323,9,0.009015761315822601,0.001,True,True,True,0.008071386713033868,True,0.20000000298023224,6.378237979169241e-14,0.20000000298029602,True,True
323,10,0.009064387530088425,0.001,True,True,True,0.008118137592652674,True,0.20000000298023224,6.378237979169362e-14,0.20000000298029602,True,True
323,11,0.009109336882829666,0.001,True,True,True,0.008161295074601282,True,0.20000000298023224,6.37823797917019e-14,0.20000000298029602,True,True
323,12,0.009150341153144836,0.001,True,True,True,0.00820061207749756,True,0.20000000298023224,6.378237979168534e-14,0.20000000298029602,True,True
323,13,0.009187236428260803,0.001,True,True,True,0.008235945941575284,True,0.20000000298023224,6.378237979169948e-14,0.20000000298029602,True,True
323,14,0.009219806641340256,0.001,True,True,True,0.008267102379994506,True,0.2000000029802322,6.378237979172008e-14,0.200000002980296,True,True
323,15,0.009247813373804092,0.001,True,True,True,0.008293866157705998,True,0.20000000298023213,6.378237979172816e-14,0.2000000029802959,True,True
323,16,0.009271137416362762,0.001,True,True,True,0.00831613992954583,True,0.200000002980232,6.378237979171422e-14,0.20000000298029577,True,True
323,17,0.009289499372243881,0.001,True,True,True,0.008333667640870845,True,0.20000000298023168,6.378237979172836e-14,0.20000000298029547,True,True
323,18,0.009302821010351181,0.001,True,True,True,0.008346392409900538,True,0.20000000298023127,6.378237979170736e-14,0.20000000298029505,True,True
323,19,0.009310849010944366,0.001,True,True,True,0.008354082875448143,True,0.20000000298023077,6.378237979173523e-14,0.20000000298029455,True,True
323,20,0.009313516318798065,0.001,True,True,True,0.008356690787664656,True,0.20000000298023035,1.6059140494640387e-14,0.20000000298024642,True,True
324,1,0.008589770644903183,0.001,True,True,True,0.007659191396234832,True,0.20000000298023224,1.3212870694909386e-13,0.20000000298036436,True,True
324,2,0.00865919142961502,0.001,True,True,True,0.007727103636459676,True,0.20000000298023224,1.3212870694909507e-13,0.20000000298036436,True,True
324,3,0.008726298809051514,0.001,True,True,True,0.00779264349484865,True,0.20000000298023224,1.3212870694916878e-13,0.20000000298036436,True,True
324,4,0.008790947496891022,0.001,True,True,True,0.007855668060979593,True,0.20000000298023224,1.3212870694909245e-13,0.20000000298036436,True,True
324,5,0.008853044360876083,0.001,True,True,True,0.007916091135479864,True,0.20000000298023224,1.3212870694916858e-13,0.20000000298036436,True,True
324,6,0.008912362158298492,0.001,True,True,True,0.007973699991612015,True,0.20000000298023224,1.3212870694909245e-13,0.20000000298036436,True,True
324,7,0.008968807756900787,0.001,True,True,True,0.008028417751186012,True,0.20000000298023224,1.3212870694916878e-13,0.20000000298036436,True,True
324,8,0.00902215763926506,0.001,True,True,True,0.008080039588601928,True,0.20000000298023224,1.3212870694916898e-13,0.20000000298036436,True,True
324,9,0.009072251617908478,0.001,True,True,True,0.00812842503265665,True,0.20000000298023224,1.3212870694916737e-13,0.20000000298036436,True,True
324,10,0.009118892252445221,0.001,True,True,True,0.00817339817669982,True,0.20000000298023224,1.3212870694916858e-13,0.20000000298036436,True,True
324,11,0.009161941707134247,0.001,True,True,True,0.008214841920258786,True,0.20000000298023224,1.3212870694917686e-13,0.20000000298036436,True,True
324,12,0.00920114666223526,0.001,True,True,True,0.008252525908385766,True,0.20000000298023224,1.321287069491603e-13,0.20000000298036436,True,True
324,13,0.009236402809619904,0.001,True,True,True,0.00828636713929809,True,0.20000000298023224,1.3212870694917444e-13,0.20000000298036436,True,True
324,14,0.00926746055483818,0.001,True,True,True,0.008316139298914615,True,0.20000000298023224,1.3212870694909164e-13,0.20000000298036436,True,True
324,15,0.009294155985116959,0.001,True,True,True,0.008341700370995131,True,0.20000000298023224,1.3212870694909972e-13,0.20000000298036436,True,True
324,16,0.009316321462392807,0.001,True,True,True,0.008362905022141431,True,0.20000000298023224,1.3212870694911163e-13,0.20000000298036436,True,True
324,17,0.009333815425634384,0.001,True,True,True,0.008379633023297584,True,0.20000000298023224,1.3212870694912577e-13,0.20000000298036436,True,True
324,18,0.009346432983875275,0.001,True,True,True,0.008391700739792896,True,0.20000000298023224,1.3212870694918231e-13,0.20000000298036436,True,True
324,19,0.009354062378406525,0.001,True,True,True,0.008399015837363244,True,0.20000000298023224,1.3212870694910678e-13,0.20000000298036436,True,True
324,20,0.009356588125228882,0.001,True,True,True,0.008401480377192239,True,0.20000000298023224,3.3104893565450854e-14,0.20000000298026535,True,True
325,1,0.008661136031150818,0.001,True,True,True,0.007728882746235843,True,0.20000000298023224,2.1832881606964892e-13,0.20000000298045056,True,True
325,2,0.008728910237550735,0.001,True,True,True,0.007795282000235271,True,0.20000000298023224,2.1832881606965013e-13,0.20000000298045056,True,True
325,3,0.008794266730546951,0.001,True,True,True,0.007859241713185194,True,0.20000000298023224,2.1832881606967215e-13,0.20000000298045056,True,True
325,4,0.008857142180204391,0.001,True,True,True,0.007920677157973954,True,0.20000000298023224,2.183288160696475e-13,0.20000000298045056,True,True
325,5,0.008917417377233505,0.001,True,True,True,0.007979463266662545,True,0.20000000298023224,2.1832881606967194e-13,0.20000000298045056,True,True
325,6,0.008974894881248474,0.001,True,True,True,0.008035411373244705,True,0.20000000298023224,2.183288160696475e-13,0.20000000298045056,True,True
325,7,0.009029470384120941,0.001,True,True,True,0.008088430505395316,True,0.20000000298023224,2.1832881606967215e-13,0.20000000298045056,True,True
325,8,0.009080979973077774,0.001,True,True,True,0.00813837445046428,True,0.20000000298023224,2.1832881606967235e-13,0.20000000298045056,True,True
325,9,0.009129229933023453,0.001,True,True,True,0.00818506843078981,True,0.20000000298023224,2.1832881606967073e-13,0.20000000298045056,True,True
325,10,0.009174123406410217,0.001,True,True,True,0.008228436942498418,True,0.20000000298023224,2.1832881606967194e-13,0.20000000298045056,True,True
325,11,0.009215455502271652,0.001,True,True,True,0.008268295633241385,True,0.20000000298023224,2.1832881606968022e-13,0.20000000298045056,True,True
325,12,0.009253054857254028,0.001,True,True,True,0.008304495215173291,True,0.20000000298023224,2.1832881606966366e-13,0.20000000298045056,True,True
325,13,0.009286809712648392,0.001,True,True,True,0.008336945304232346,True,0.20000000298023224,2.183288160696778e-13,0.20000000298045056,True,True
325,14,0.009316496551036835,0.001,True,True,True,0.008365444366652985,True,0.20000000298023224,2.183288160696467e-13,0.20000000298045056,True,True
325,15,0.009341977536678314,0.001,True,True,True,0.008389876107724792,True,0.20000000298023224,2.1832881606965478e-13,0.20000000298045056,True,True
325,16,0.009363096207380295,0.001,True,True,True,0.008410105326789319,True,0.20000000298023224,2.183288160696667e-13,0.20000000298045056,True,True
325,17,0.009379744529724121,0.001,True,True,True,0.008426044308179836,True,0.20000000298023224,2.1832881606968083e-13,0.20000000298045056,True,True
325,18,0.009391739964485168,0.001,True,True,True,0.00843753093403865,True,0.20000000298023224,2.1832881606968568e-13,0.20000000298045056,True,True
325,19,0.009398989379405975,0.001,True,True,True,0.00844449059709873,True,0.20000000298023224,2.1832881606966185e-13,0.20000000298045056,True,True
325,20,0.009401384741067886,0.001,True,True,True,0.008446832313604435,True,0.20000000298023224,5.334056295187833e-14,0.20000000298028558,True,True
326,1,0.008730869740247726,0.001,True,True,True,0.007797456201446673,True,0.20000000298023224,3.9925095857699244e-13,0.2000000029806315,True,True
326,2,0.008797146379947662,0.001,True,True,True,0.007861952952600948,True,0.20000000298023224,3.9925095857699365e-13,0.2000000029806315,True,True
326,3,0.0088609978556633,0.001,True,True,True,0.00792385061629819,True,0.20000000298023224,3.9925095857691226e-13,0.2000000029806315,True,True
326,4,0.008922290056943893,0.001,True,True,True,0.0079831081248537,True,0.20000000298023224,3.99250958576991e-13,0.2000000029806315,True,True
326,5,0.008980914950370789,0.001,True,True,True,0.008039674490348592,True,0.20000000298023224,3.9925095857691206e-13,0.2000000029806315,True,True
326,6,0.009036704897880554,0.001,True,True,True,0.008093416161772171,True,0.20000000298023224,3.99250958576991e-13,0.2000000029806315,True,True
326,7,0.009089581668376923,0.001,True,True,True,0.008144279961314171,True,0.20000000298023224,3.9925095857691226e-13,0.2000000029806315,True,True
326,8,0.009139388799667358,0.001,True,True,True,0.008192129293468797,True,0.20000000298023224,3.9925095857691247e-13,0.2000000029806315,True,True
326,9,0.009185969829559326,0.001,True,True,True,0.008236822972886748,True,0.20000000298023224,3.9925095857691085e-13,0.2000000029806315,True,True
326,10,0.009229220449924469,0.001,True,True,True,0.00827827233119438,True,0.20000000298023224,3.9925095857691206e-13,0.2000000029806315,True,True
326,11,0.00926896184682846,0.001,True,True,True,0.008316314049185425,True,0.20000000298023224,3.9925095857692034e-13,0.2000000029806315,True,True
326,12,0.009305063635110855,0.001,True,True,True,0.008350832978714084,True,0.20000000298023224,3.992509585770072e-13,0.2000000029806315,True,True
326,13,0.009337395429611206,0.001,True,True,True,0.00838171444442759,True,0.20000000298023224,3.992509585769179e-13,0.2000000029806315,True,True
326,14,0.009365808218717575,0.001,True,True,True,0.008408826082736631,True,0.20000000298023224,3.992509585769902e-13,0.2000000029806315,True,True
326,15,0.009390171617269516,0.001,True,True,True,0.008432053830764619,True,0.20000000298023224,3.992509585769983e-13,0.2000000029806315,True,True
326,16,0.009410325437784195,0.001,True,True,True,0.008451255037540184,True,0.20000000298023224,3.992509585769068e-13,0.2000000029806315,True,True
326,17,0.009426187723875046,0.001,True,True,True,0.008466364223815637,True,0.20000000298023224,3.9925095857692095e-13,0.2000000029806315,True,True
326,18,0.009437590837478638,0.001,True,True,True,0.008477230855774343,True,0.20000000298023224,3.992509585769258e-13,0.2000000029806315,True,True
326,19,0.00944449007511139,0.001,True,True,True,0.00848382598195363,True,0.20000000298023224,3.9925095857700536e-13,0.2000000029806315,True,True
326,20,0.009446751326322556,0.001,True,True,True,0.008486030403307088,True,0.20000000298023224,9.529612455139996e-14,0.20000000298032752,True,True
327,1,0.008799135684967041,0.001,True,True,True,0.007863999967657298,True,0.20000000298023224,5.525480359347465e-13,0.2000000029807848,True,True
327,2,0.008863449096679688,0.001,True,True,True,0.007926873843502436,True,0.20000000298023224,5.525480359347477e-13,0.2000000029807848,True,True
327,3,0.008925177156925201,0.001,True,True,True,0.007987130672308385,True,0.20000000298023224,5.525480359346663e-13,0.2000000029807848,True,True
327,4,0.008984282612800598,0.001,True,True,True,0.008044727444609268,True,0.20000000298023224,5.525480359347451e-13,0.2000000029807848,True,True
327,5,0.0090407095849514,0.001,True,True,True,0.008099612219425123,True,0.20000000298023224,5.525480359346661e-13,0.2000000029807848,True,True
327,6,0.00909438356757164,0.001,True,True,True,0.008151721961082714,True,0.20000000298023224,5.525480359347451e-13,0.2000000029807848,True,True
327,7,0.009145140647888184,0.001,True,True,True,0.008200907431062943,True,0.20000000298023224,5.525480359346663e-13,0.2000000029807848,True,True
327,8,0.009192872792482376,0.001,True,True,True,0.008247076112890883,True,0.20000000298023224,5.525480359346665e-13,0.2000000029807848,True,True
327,9,0.009237483143806458,0.001,True,True,True,0.00829014957592189,True,0.20000000298023224,5.525480359347683e-13,0.2000000029807848,True,True
327,10,0.009278848767280579,0.001,True,True,True,0.008330022718447294,True,0.20000000298023224,5.525480359346661e-13,0.2000000029807848,True,True
327,11,0.009316813200712204,0.001,True,True,True,0.008366557726181667,True,0.20000000298023224,5.525480359346744e-13,0.2000000029807848,True,True
327,12,0.009351260960102081,0.001,True,True,True,0.008399657784151415,True,0.20000000298023224,5.525480359346578e-13,0.2000000029807848,True,True
327,13,0.009382069110870361,0.001,True,True,True,0.00842921874883662,True,0.20000000298023224,5.525480359346719e-13,0.2000000029807848,True,True
327,14,0.009409122169017792,0.001,True,True,True,0.008455143100061457,True,0.20000000298023224,5.525480359347442e-13,0.2000000029807848,True,True
327,15,0.009432274848222733,0.001,True,True,True,0.008477304156961463,True,0.20000000298023224,5.525480359346489e-13,0.2000000029807848,True,True
327,16,0.009451430290937424,0.001,True,True,True,0.008495622570455108,True,0.20000000298023224,5.525480359347642e-13,0.2000000029807848,True,True
327,17,0.009466458112001419,0.001,True,True,True,0.008509985142802434,True,0.20000000298023224,5.52548035934675e-13,0.2000000029807848,True,True
327,18,0.009477261453866959,0.001,True,True,True,0.00852031140167575,True,0.20000000298023224,5.525480359346798e-13,0.2000000029807848,True,True
327,19,0.00948379933834076,0.001,True,True,True,0.008526575311228246,True,0.20000000298023224,5.52548035934656e-13,0.2000000029807848,True,True
327,20,0.00948595255613327,0.001,True,True,True,0.008528671122915221,True,0.20000000298023224,1.2678119373181992e-13,0.20000000298035903,True,True
328,1,0.008865565061569214,0.001,True,True,True,0.007928960546371377,True,0.20000000298023224,8.03783453649887e-13,0.200000002981036,True,True
328,2,0.008928291499614716,0.001,True,True,True,0.007990217530472798,True,0.20000000298023224,8.03783453649578e-13,0.200000002981036,True,True
328,3,0.008988406509160995,0.001,True,True,True,0.008048804128627296,True,0.20000000298023224,8.037834536498068e-13,0.200000002981036,True,True
328,4,0.009045902639627457,0.001,True,True,True,0.008104733928872454,True,0.20000000298023224,8.037834536498856e-13,0.200000002981036,True,True
328,5,0.009100671857595444,0.001,True,True,True,0.008157917496737999,True,0.20000000298023224,8.037834536498066e-13,0.200000002981036,True,True
328,6,0.009152669459581375,0.001,True,True,True,0.008208324798524957,True,0.20000000298023224,8.037834536498856e-13,0.200000002981036,True,True
328,7,0.009201746433973312,0.001,True,True,True,0.008255822943993407,True,0.20000000298023224,8.037834536498068e-13,0.200000002981036,True,True
328,8,0.009247839450836182,0.001,True,True,True,0.008300363436295921,True,0.20000000298023224,8.03783453649807e-13,0.200000002981036,True,True
328,9,0.009290803223848343,0.001,True,True,True,0.008341816324036078,True,0.20000000298023224,8.037834536495986e-13,0.200000002981036,True,True
328,10,0.00933060422539711,0.001,True,True,True,0.008380162044767547,True,0.20000000298023224,8.037834536498066e-13,0.200000002981036,True,True
328,11,0.00936705619096756,0.001,True,True,True,0.008415231296370673,True,0.20000000298023224,8.037834536498149e-13,0.200000002981036,True,True
328,12,0.009400073438882828,0.001,True,True,True,0.00844695296263509,True,0.20000000298023224,8.037834536497983e-13,0.200000002981036,True,True
328,13,0.00942957028746605,0.001,True,True,True,0.008475257206110087,True,0.20000000298023224,8.037834536498125e-13,0.200000002981036,True,True
328,14,0.009455420076847076,0.001,True,True,True,0.008500033046900946,True,0.20000000298023224,8.037834536498848e-13,0.200000002981036,True,True
328,15,0.009477514773607254,0.001,True,True,True,0.008521187930544016,True,0.20000000298023224,8.037834536497895e-13,0.200000002981036,True,True
328,16,0.009495768696069717,0.001,True,True,True,0.008538651642547523,True,0.20000000298023224,8.037834536495946e-13,0.200000002981036,True,True
328,17,0.009510073810815811,0.001,True,True,True,0.008552331070158736,True,0.20000000298023224,8.037834536498155e-13,0.200000002981036,True,True
328,18,0.009520348161458969,0.001,True,True,True,0.008562158830288324,True,0.20000000298023224,8.037834536498204e-13,0.200000002981036,True,True
328,19,0.009526561945676804,0.001,True,True,True,0.008568118309694506,True,0.20000000298023224,8.037834536497965e-13,0.200000002981036,True,True
328,20,0.009528595954179764,0.001,True,True,True,0.008570102818973635,True,0.20000000298023224,1.8260955203595236e-13,0.20000000298041484,True,True
329,1,0.00893038883805275,0.001,True,True,True,0.007992323340821117,True,0.20000000298023224,1.1014438730153694e-12,0.2000000029813337,True,True
329,2,0.008991539478302002,0.001,True,True,True,0.00805199230535314,True,0.20000000298023224,1.1014438730152672e-12,0.2000000029813337,True,True
329,3,0.009050022810697556,0.001,True,True,True,0.008108937269247662,True,0.20000000298023224,1.1014438730152892e-12,0.2000000029813337,True,True
329,4,0.00910583883523941,0.001,True,True,True,0.00816318236510405,True,0.20000000298023224,1.101443873015368e-12,0.2000000029813337,True,True
329,5,0.009158913046121597,0.001,True,True,True,0.008214671880602764,True,0.20000000298023224,1.101443873015289e-12,0.2000000029813337,True,True
329,6,0.009209215641021729,0.001,True,True,True,0.00826339186632108,True,0.20000000298023224,1.101443873015368e-12,0.2000000029813337,True,True
329,7,0.009256593883037567,0.001,True,True,True,0.008309205145264897,True,0.20000000298023224,1.1014438730152892e-12,0.2000000029813337,True,True
329,8,0.009301051497459412,0.001,True,True,True,0.008352129735119673,True,0.20000000298023224,1.1014438730152894e-12,0.2000000029813337,True,True
329,9,0.00934244692325592,0.001,True,True,True,0.008392038269319224,True,0.20000000298023224,1.1014438730152878e-12,0.2000000029813337,True,True
329,10,0.009380679577589035,0.001,True,True,True,0.008428844939442626,True,0.20000000298023224,1.101443873015289e-12,0.2000000029813337,True,True
329,11,0.009415686130523682,0.001,True,True,True,0.008462500309606491,True,0.20000000298023224,1.1014438730152973e-12,0.2000000029813337,True,True
329,12,0.00944734737277031,0.001,True,True,True,0.008492899568420476,True,0.20000000298023224,1.1014438730152807e-12,0.2000000029813337,True,True
329,13,0.009475596249103546,0.001,True,True,True,0.008519989835097164,True,0.20000000298023224,1.1014438730152948e-12,0.2000000029813337,True,True
329,14,0.00950029119849205,0.001,True,True,True,0.008543644117419258,True,0.20000000298023224,1.1014438730153671e-12,0.2000000029813337,True,True
329,15,0.009521402418613434,0.001,True,True,True,0.008563846574153322,True,0.20000000298023224,1.1014438730152718e-12,0.2000000029813337,True,True
329,16,0.009538806974887848,0.001,True,True,True,0.008580488339091641,True,0.20000000298023224,1.1014438730152837e-12,0.2000000029813337,True,True
329,17,0.009552426636219025,0.001,True,True,True,0.008593504953299469,True,0.20000000298023224,1.1014438730152979e-12,0.2000000029813337,True,True
329,18,0.009562201797962189,0.001,True,True,True,0.008602849963343262,True,0.20000000298023224,1.1014438730153027e-12,0.2000000029813337,True,True
329,19,0.009568080306053162,0.001,True,True,True,0.008608483347011475,True,0.20000000298023224,1.1014438730152789e-12,0.2000000029813337,True,True
329,20,0.009570028632879257,0.001,True,True,True,0.008610382608123857,True,0.20000000298023224,2.4787572975930034e-13,0.20000000298048012,True,True
330,1,0.008993659168481827,0.001,True,True,True,0.008054108390198156,True,0.20000000298023224,1.3709955061272565e-12,0.20000000298160323,True,True
330,2,0.009053215384483337,0.001,True,True,True,0.008112162993486716,True,0.20000000298023224,1.3709955061271543e-12,0.20000000298160323,True,True
330,3,0.00911005213856697,0.001,True,True,True,0.008167452478644921,True,0.20000000298023224,1.3709955061271763e-12,0.20000000298160323,True,True
330,4,0.00916418805718422,0.001,True,True,True,0.008220017219885078,True,0.20000000298023224,1.3709955061272551e-12,0.20000000298160323,True,True
330,5,0.0092155821621418,0.001,True,True,True,0.008269834743909299,True,0.20000000298023224,1.3709955061271761e-12,0.20000000298160323,True,True
330,6,0.009264204651117325,0.001,True,True,True,0.008316889388347959,True,0.20000000298023224,1.3709955061272551e-12,0.20000000298160323,True,True
330,7,0.00930994376540184,0.001,True,True,True,0.008361084130213747,True,0.20000000298023224,1.3709955061271763e-12,0.20000000298160323,True,True
330,8,0.009352784603834152,0.001,True,True,True,0.008402417785002503,True,0.20000000298023224,1.3709955061271765e-12,0.20000000298160323,True,True
330,9,0.009392604231834412,0.001,True,True,True,0.008440780984070972,True,0.20000000298023224,1.370995506127175e-12,0.20000000298160323,True,True
330,10,0.009429357945919037,0.001,True,True,True,0.008476141295532647,True,0.20000000298023224,1.3709955061271761e-12,0.20000000298160323,True,True
330,11,0.009462915360927582,0.001,True,True,True,0.008508382643746648,True,0.20000000298023224,1.3709955061271844e-12,0.20000000298160323,True,True
330,12,0.009493276476860046,0.001,True,True,True,0.008537517547660634,True,0.20000000298023224,1.3709955061271679e-12,0.20000000298160323,True,True
330,13,0.009520292282104492,0.001,True,True,True,0.008563410138996641,True,0.20000000298023224,1.370995506127182e-12,0.20000000298160323,True,True
330,14,0.009543891996145248,0.001,True,True,True,0.008586003233263528,True,0.20000000298023224,1.3709955061272543e-12,0.20000000298160323,True,True
330,15,0.009564030915498734,0.001,True,True,True,0.00860526480368684,True,0.20000000298023224,1.370995506127159e-12,0.20000000298160323,True,True
330,16,0.009580615907907486,0.001,True,True,True,0.008621114699102872,True,0.20000000298023224,1.3709955061271709e-12,0.20000000298160323,True,True
330,17,0.009593591094017029,0.001,True,True,True,0.00863350941085761,True,0.20000000298023224,1.370995506127185e-12,0.20000000298160323,True,True
330,18,0.009602867066860199,0.001,True,True,True,0.008642371802316529,True,0.20000000298023224,1.3709955061271899e-12,0.20000000298160323,True,True
330,19,0.009608466178178787,0.001,True,True,True,0.008647734935439688,True,0.20000000298023224,1.370995506127166e-12,0.20000000298160323,True,True
330,20,0.009610317647457123,0.001,True,True,True,0.008649537994639855,True,0.20000000298023224,3.0331604904088585e-13,0.20000000298053555,True,True
331,1,0.009055331349372864,0.001,True,True,True,0.008114252121082743,True,0.20000000298023224,1.5769672622746895e-12,0.2000000029818092,True,True
331,2,0.00911327451467514,0.001,True,True,True,0.008170663864280558,True,0.20000000298023224,1.5769672622745874e-12,0.2000000029818092,True,True
331,3,0.00916849821805954,0.001,True,True,True,0.00822432295588671,True,0.20000000298023224,1.5769672622746094e-12,0.2000000029818092,True,True
331,4,0.00922095775604248,0.001,True,True,True,0.008275205556257381,True,0.20000000298023224,1.5769672622746881e-12,0.2000000029818092,True,True
331,5,0.009270686656236649,0.001,True,True,True,0.008323361307637112,True,0.20000000298023224,1.5769672622746092e-12,0.2000000029818092,True,True
331,6,0.009317636489868164,0.001,True,True,True,0.008368755681992801,True,0.20000000298023224,1.5769672622746881e-12,0.2000000029818092,True,True
331,7,0.009361758828163147,0.001,True,True,True,0.008411352399603444,True,0.20000000298023224,1.5769672622746094e-12,0.2000000029818092,True,True
331,8,0.009403016418218613,0.001,True,True,True,0.008451127323444885,True,0.20000000298023224,1.5769672622746096e-12,0.2000000029818092,True,True
331,9,0.009441308677196503,0.001,True,True,True,0.008487991724861144,True,0.20000000298023224,1.576967262274608e-12,0.2000000029818092,True,True
331,10,0.009476583451032639,0.001,True,True,True,0.008521905445312394,True,0.20000000298023224,1.5769672622746092e-12,0.2000000029818092,True,True
331,11,0.009508788585662842,0.001,True,True,True,0.00855282845446681,True,0.20000000298023224,1.5769672622746174e-12,0.2000000029818092,True,True
331,12,0.009537838399410248,0.001,True,True,True,0.008580687186401259,True,0.20000000298023224,1.5769672622746009e-12,0.2000000029818092,True,True
331,13,0.009563669562339783,0.001,True,True,True,0.008605430151732318,True,0.20000000298023224,1.576967262274615e-12,0.2000000029818092,True,True
331,14,0.009586237370967865,0.001,True,True,True,0.008627024699255359,True,0.20000000298023224,1.5769672622746873e-12,0.2000000029818092,True,True
331,15,0.009605437517166138,0.001,True,True,True,0.008645378635732337,True,0.20000000298023224,1.576967262274592e-12,0.2000000029818092,True,True
331,16,0.009621229022741318,0.001,True,True,True,0.008660462361748666,True,0.20000000298023224,1.576967262274604e-12,0.2000000029818092,True,True
331,17,0.009633578360080719,0.001,True,True,True,0.008672253576635924,True,0.20000000298023224,1.576967262274618e-12,0.2000000029818092,True,True
331,18,0.009642403572797775,0.001,True,True,True,0.008680681429296233,True,0.20000000298023224,1.5769672622746229e-12,0.2000000029818092,True,True
331,19,0.009647704660892487,0.001,True,True,True,0.008685755812944396,True,0.20000000298023224,1.576967262274599e-12,0.2000000029818092,True,True
331,20,0.009649466723203659,0.001,True,True,True,0.00868747048311791,True,0.20000000298023224,3.399495993155462e-13,0.2000000029805722,True,True
332,1,0.009115401655435562,0.001,True,True,True,0.00817269953325972,True,0.20000000298023224,1.607751790144533e-12,0.20000000298183998,True,True
332,2,0.00917172059416771,0.001,True,True,True,0.008227417488532618,True,0.20000000298023224,1.6077517901444309e-12,0.20000000298183998,True,True
332,3,0.009225279092788696,0.001,True,True,True,0.00827936236339255,True,0.20000000298023224,1.607751790144453e-12,0.20000000298183998,True,True
332,4,0.009276080876588821,0.001,True,True,True,0.008328555138711446,True,0.20000000298023224,1.6077517901445317e-12,0.20000000298183998,True,True
332,5,0.009324144572019577,0.001,True,True,True,0.008375027636224552,True,0.20000000298023224,1.6077517901444527e-12,0.20000000298183998,True,True
332,6,0.009369459003210068,0.001,True,True,True,0.008418779429874013,True,0.20000000298023224,1.6077517901445317e-12,0.20000000298183998,True,True
332,7,0.009412005543708801,0.001,True,True,True,0.008459803310345904,True,0.20000000298023224,1.607751790144453e-12,0.20000000298183998,True,True
332,8,0.009451694786548615,0.001,True,True,True,0.008498020823172303,True,0.20000000298023224,1.6077517901444531e-12,0.20000000298183998,True,True
332,9,0.009488489478826523,0.001,True,True,True,0.008533405355578338,True,0.20000000298023224,1.6077517901444515e-12,0.20000000298183998,True,True
332,10,0.009522337466478348,0.001,True,True,True,0.008565914956461862,True,0.20000000298023224,1.6077517901444527e-12,0.20000000298183998,True,True
332,11,0.009553205221891403,0.001,True,True,True,0.008595526970778256,True,0.20000000298023224,1.607751790144461e-12,0.20000000298183998,True,True
332,12,0.009581025689840317,0.001,True,True,True,0.008622184860067272,True,0.20000000298023224,1.6077517901444444e-12,0.20000000298183998,True,True
332,13,0.009605687111616135,0.001,True,True,True,0.008645788136997679,True,0.20000000298023224,1.6077517901444586e-12,0.20000000298183998,True,True
332,14,0.009627223014831543,0.001,True,True,True,0.008666380340405677,True,0.20000000298023224,1.6077517901445309e-12,0.20000000298183998,True,True
332,15,0.00964554026722908,0.001,True,True,True,0.008683879196857092,True,0.20000000298023224,1.6077517901444355e-12,0.20000000298183998,True,True
332,16,0.009660590440034866,0.001,True,True,True,0.008698246516746222,True,0.20000000298023224,1.6077517901444475e-12,0.20000000298183998,True,True
332,17,0.009672325104475021,0.001,True,True,True,0.008709444048883852,True,0.20000000298023224,1.6077517901444616e-12,0.20000000298183998,True,True
332,18,0.009680714458227158,0.001,True,True,True,0.008717451368543072,True,0.20000000298023224,1.6077517901444664e-12,0.20000000298183998,True,True
332,19,0.009685751050710678,0.001,True,True,True,0.008722269875337085,True,0.20000000298023224,1.6077517901444426e-12,0.20000000298183998,True,True
332,20,0.009687405079603195,0.001,True,True,True,0.008723877442273986,True,0.20000000298023224,3.33547608820925e-13,0.20000000298056578,True,True
333,1,0.009173762053251266,0.001,True,True,True,0.008229318980088607,True,0.20000000298023224,1.448644674211179e-12,0.20000000298168089,True,True
333,2,0.00922839343547821,0.001,True,True,True,0.008282262622465564,True,0.20000000298023224,1.4486446742112835e-12,0.20000000298168089,True,True
333,3,0.009280234575271606,0.001,True,True,True,0.008332427448466961,True,0.20000000298023224,1.4486446742113055e-12,0.20000000298168089,True,True
333,4,0.00932934507727623,0.001,True,True,True,0.00837988580055482,True,0.20000000298023224,1.4486446742111775e-12,0.20000000298168089,True,True
333,5,0.00937577337026596,0.001,True,True,True,0.008424693986374465,True,0.20000000298023224,1.4486446742113053e-12,0.20000000298168089,True,True
333,6,0.00941944494843483,0.001,True,True,True,0.00846678769201803,True,0.20000000298023224,1.4486446742111775e-12,0.20000000298168089,True,True
333,7,0.009460382163524628,0.001,True,True,True,0.008506197708258889,True,0.20000000298023224,1.4486446742113055e-12,0.20000000298168089,True,True
333,8,0.009498529136180878,0.001,True,True,True,0.008542877091661683,True,0.20000000298023224,1.4486446742113058e-12,0.20000000298168089,True,True
333,9,0.009533870965242386,0.001,True,True,True,0.008576819936197189,True,0.20000000298023224,1.4486446742113041e-12,0.20000000298168089,True,True
333,10,0.009566321969032288,0.001,True,True,True,0.008607950372919726,True,0.20000000298023224,1.4486446742113053e-12,0.20000000298168089,True,True
333,11,0.009595878422260284,0.001,True,True,True,0.008636272588164129,True,0.20000000298023224,1.4486446742113136e-12,0.20000000298168089,True,True
333,12,0.009622462093830109,0.001,True,True,True,0.008661718698323218,True,0.20000000298023224,1.448644674211297e-12,0.20000000298168089,True,True
333,13,0.00964605063199997,0.001,True,True,True,0.008684275017870613,True,0.20000000298023224,1.4486446742113112e-12,0.20000000298168089,True,True
333,14,0.009666580706834793,0.001,True,True,True,0.008703887992379755,True,0.20000000298023224,1.4486446742111767e-12,0.20000000298168089,True,True
333,15,0.009684033691883087,0.001,True,True,True,0.008720547927844269,True,0.20000000298023224,1.4486446742112882e-12,0.20000000298168089,True,True
333,16,0.00969834253191948,0.001,True,True,True,0.008734196917119519,True,0.20000000298023224,1.4486446742113e-12,0.20000000298168089,True,True
333,17,0.009709514677524567,0.001,True,True,True,0.008744850997243314,True,0.20000000298023224,1.4486446742113142e-12,0.20000000298168089,True,True
333,18,0.009717483073472977,0.001,True,True,True,0.008752451558155183,True,0.20000000298023224,1.448644674211319e-12,0.20000000298168089,True,True
333,19,0.009722258895635605,0.001,True,True,True,0.008757017186388882,True,0.20000000298023224,1.4486446742112952e-12,0.20000000298168089,True,True
333,20,0.009723823517560959,0.001,True,True,True,0.00875853580742747,True,0.20000000298023224,2.8547060375918973e-13,0.2000000029805177,True,True
334,1,0.00923030823469162,0.001,True,True,True,0.008284476225730364,True,0.20000000298023224,1.7311026787319617e-12,0.20000000298196335,True,True
334,2,0.009283162653446198,0.001,True,True,True,0.008335829507649106,True,0.20000000298023224,1.7311026787322731e-12,0.20000000298196335,True,True
334,3,0.009333241730928421,0.001,True,True,True,0.008384363418477259,True,0.20000000298023224,1.7311026787322952e-12,0.20000000298196335,True,True
334,4,0.009380623698234558,0.001,True,True,True,0.008430192171472783,True,0.20000000298023224,1.7311026787319603e-12,0.20000000298196335,True,True
334,5,0.009425334632396698,0.001,True,True,True,0.008473364795830163,True,0.20000000298023224,1.731102678732295e-12,0.20000000298196335,True,True
334,6,0.009467393159866333,0.001,True,True,True,0.00851391635890586,True,0.20000000298023224,1.7311026787319603e-12,0.20000000298196335,True,True
334,7,0.00950673595070839,0.001,True,True,True,0.008551796189833927,True,0.20000000298023224,1.7311026787322952e-12,0.20000000298196335,True,True
334,8,0.009543344378471375,0.001,True,True,True,0.008586997140377584,True,0.20000000298023224,1.7311026787322954e-12,0.20000000298196335,True,True
334,9,0.009577218443155289,0.001,True,True,True,0.008619528057986492,True,0.20000000298023224,1.7311026787322937e-12,0.20000000298196335,True,True
334,10,0.009608294814825058,0.001,True,True,True,0.00864933560221759,True,0.20000000298023224,1.731102678732295e-12,0.20000000298196335,True,True
334,11,0.009636584669351578,0.001,True,True,True,0.008676439584834772,True,0.20000000298023224,1.7311026787323032e-12,0.20000000298196335,True,True
334,12,0.009661983698606491,0.001,True,True,True,0.008700745202415594,True,0.20000000298023224,1.7311026787322867e-12,0.20000000298196335,True,True
334,13,0.009684491902589798,0.001,True,True,True,0.008722261310808888,True,0.20000000298023224,1.7311026787323008e-12,0.20000000298196335,True,True
334,14,0.009704064577817917,0.001,True,True,True,0.008740952172633931,True,0.20000000298023224,1.7311026787319595e-12,0.20000000298196335,True,True
334,15,0.009720664471387863,0.001,True,True,True,0.008756789106341922,True,0.20000000298023224,1.7311026787322778e-12,0.20000000298196335,True,True
334,16,0.009734295308589935,0.001,True,True,True,0.008769784604878206,True,0.20000000298023224,1.7311026787322897e-12,0.20000000298196335,True,True
334,17,0.00974491611123085,0.001,True,True,True,0.008779906063653531,True,0.20000000298023224,1.7311026787323038e-12,0.20000000298196335,True,True
334,18,0.009752467274665833,0.001,True,True,True,0.008787102154064697,True,0.20000000298023224,1.7311026787323087e-12,0.20000000298196335,True,True
334,19,0.00975700095295906,0.001,True,True,True,0.008791431892166135,True,0.20000000298023224,1.7311026787322849e-12,0.20000000298196335,True,True
334,20,0.00975850597023964,0.001,True,True,True,0.008792890547883181,True,0.20000000298023224,3.3631839393447547e-13,0.20000000298056855,True,True
