solve_step,horizon_stage,phi,d_mf_mask,phi_gt_d_mf_mask,mf_valid,mf_active,row_g_residual,row_g_feasible,row_m_residual_before_slack,row_m_lower_slack,row_m_residual_after_slack,row_m_feasible_before_slack,row_m_feasible_after_slack
0,1,0.029999956488609314,0.001,True,True,True,0.04134007943214835,True,0.20000000298023224,7.519803196122416e-12,0.20000000298775203,True,True
0,2,0.029999956488609314,0.001,True,True,True,0.05360430481352929,True,0.20000000298023224,7.519803196122416e-12,0.20000000298775203,True,True
0,3,0.029999956488609314,0.001,True,True,True,0.06578467722594994,True,0.20000000298023224,7.519803196122416e-12,0.20000000298775203,True,True
0,4,0.029999956488609314,0.001,True,True,True,0.07787059152932585,True,0.20000000298023224,7.519803196122416e-12,0.20000000298775203,True,True
0,5,0.029999956488609314,0.001,True,True,True,0.08985069684408187,True,0.20000000298023224,7.519803196122416e-12,0.20000000298775203,True,True
0,6,0.029999956488609314,0.001,True,True,True,0.10171429392994369,True,0.20000000298023224,7.519803196122416e-12,0.20000000298775203,True,True
0,7,0.029999956488609314,0.001,True,True,True,0.11345249988986272,True,0.20000000298023224,7.519803196122416e-12,0.20000000298775203,True,True
0,8,0.029999956488609314,0.001,True,True,True,0.1250593599694294,True,0.20000000298023224,7.519803196122416e-12,0.20000000298775203,True,True
0,9,0.029999956488609314,0.001,True,True,True,0.13653302807912382,True,0.20000000298023224,7.519803196122416e-12,0.20000000298775203,True,True
0,10,0.029999956488609314,0.001,True,True,True,0.14787709237923785,True,0.20000000298023224,7.519803196122416e-12,0.20000000298775203,True,True
0,11,0.029999956488609314,0.001,True,True,True,0.1591020672982041,True,0.20000000298023224,7.519803196122416e-12,0.20000000298775203,True,True
0,12,0.029999956488609314,0.001,True,True,True,0.17022698035565176,True,0.20000000298023224,7.519803196122416e-12,0.20000000298775203,True,True
0,13,0.029999956488609314,0.001,True,True,True,0.18128081155003328,True,0.20000000298023224,7.519803196122416e-12,0.20000000298775203,True,True
0,14,0.029999956488609314,0.001,True,True,True,0.19230324305103907,True,0.20000000298023224,7.519803196122416e-12,0.20000000298775203,True,True
0,15,0.029999956488609314,0.001,True,True,True,0.20334369698832833,True,0.20000000298023224,7.519803196122416e-12,0.20000000298775203,True,True
0,16,0.029999956488609314,0.001,True,True,True,0.2144569780171801,True,0.20000000298023224,7.519803196122416e-12,0.20000000298775203,True,True
0,17,0.029999956488609314,0.001,True,True,True,0.22569314981708577,True,0.20000000298023224,7.519803196122416e-12,0.20000000298775203,True,True
0,18,0.029999956488609314,0.001,True,True,True,0.23707902536347225,True,0.20000000298023224,7.519803196122416e-12,0.20000000298775203,True,True
0,19,0.029999956488609314,0.001,True,True,True,0.24858967063550075,True,0.20000000298023224,7.519803196122416e-12,0.20000000298775203,True,True
0,20,0.029999956488609314,0.001,True,True,True,0.26011141601855026,True,0.20000000298023224,3.5425776141671836e-12,0.20000000298377482,True,True
1,1,0.0299999937415123,0.001,True,True,True,0.029605529604284003,True,0.20000000298023224,3.950384086405949e-11,0.20000000301973608,True,True
1,2,0.0299999937415123,0.001,True,True,True,0.030234579695251562,True,0.20000000298023224,3.950384086405949e-11,0.20000000301973608,True,True
1,3,0.0299999937415123,0.001,True,True,True,0.030870813271001163,True,0.20000000298023224,3.950384086405949e-11,0.20000000301973608,True,True
1,4,0.030000001192092896,0.001,True,True,True,0.03149599688180088,True,0.20000000298023224,3.950384086405949e-11,0.20000000301973608,True,True
1,5,0.030000001192092896,0.001,True,True,True,0.032089725366702904,True,0.20000000298023224,3.950384086405949e-11,0.20000000301973608,True,True
1,6,0.030000001192092896,0.001,True,True,True,0.03262974727415735,True,0.20000000298023224,3.950384086405949e-11,0.20000000301973608,True,True
1,7,0.0299999937415123,0.001,True,True,True,0.017634523017467853,True,0.20000000298023224,3.950384086405949e-11,0.20000000301973608,True,True
1,8,0.0299999937415123,0.001,True,True,True,0.01462071639509897,True,0.20000000298023224,3.950384086405949e-11,0.20000000301973608,True,True
1,9,0.0299999937415123,0.001,True,True,True,0.011229544928616896,True,0.20000000298023224,3.950384086405949e-11,0.20000000301973608,True,True
1,10,0.0299999937415123,0.001,True,True,True,0.007462471013946318,True,0.20000000298023224,3.950384086405949e-11,0.20000000301973608,True,True
1,11,0.0299999937415123,0.001,True,True,True,0.005367447263637613,True,0.20000000298023224,3.950384086405949e-11,0.20000000301973608,True,True
1,12,0.0299999937415123,0.001,True,True,True,0.003707862927333192,True,0.20000000298023224,3.950384086405949e-11,0.20000000301973608,True,True
1,13,0.0299999937415123,0.001,True,True,True,0.02518854343502186,True,0.20000000298023224,3.950384086405949e-11,0.20000000301973608,True,True
1,14,0.0299999937415123,0.001,True,True,True,0.02600370336454455,True,0.20000000298023224,3.950384086405949e-11,0.20000000301973608,True,True
1,15,0.030000001192092896,0.001,True,True,True,0.0004497368654679673,True,0.20000000298023224,3.950384086405949e-11,0.20000000301973608,True,True
1,16,0.030000001192092896,0.001,True,True,True,3.837053727528961e-08,True,0.20000000298023224,3.950384086405949e-11,0.20000000301973608,True,True
1,17,0.0299999937415123,0.001,True,True,True,0.030238595499019055,True,0.20000000298023224,3.950384086405949e-11,0.20000000301973608,True,True
1,18,0.0299999937415123,0.001,True,True,True,0.03293170397661899,True,0.20000000298023224,3.950384086405949e-11,0.20000000301973608,True,True
1,19,0.0299999937415123,0.001,True,True,True,0.03659007430429642,True,0.20000000298023224,3.950384086405949e-11,0.20000000301973608,True,True
1,20,0.0299999937415123,0.001,True,True,True,0.04107861957279749,True,0.20000000298023224,2.397109504085144e-11,0.20000000300420334,True,True
2,1,0.02928765118122101,0.001,True,True,True,0.026789289883820504,True,0.20000000298023224,2.0595706369363494e-17,0.20000000298023227,True,True
2,2,0.02831846848130226,0.001,True,True,True,0.025066544887785758,True,0.20000000298023224,2.0595706369363494e-17,0.20000000298023227,True,True
2,3,0.027067873626947403,0.001,True,True,True,0.023165173436309985,True,0.20000000298023224,2.0595706369363494e-17,0.20000000298023227,True,True
2,4,0.025514183565974236,0.001,True,True,True,0.021073670440747143,True,0.20000000298023224,2.0595706369363494e-17,0.20000000298023227,True,True
2,5,0.02364008128643036,0.001,True,True,True,0.018778780144045402,True,0.20000000298023224,2.0595706369363494e-17,0.20000000298023227,True,True
2,6,0.021433265879750252,0.001,True,True,True,0.016266472466208798,True,0.20000000298023224,2.0595706369363494e-17,0.20000000298023227,True,True
2,7,0.018886936828494072,0.001,True,True,True,0.013523268317597554,True,0.20000000298023224,2.0595706369363494e-17,0.20000000298023227,True,True
2,8,0.015999620780348778,0.001,True,True,True,0.010536899781123418,True,0.20000000298023224,2.0595706369363494e-17,0.20000000298023227,True,True
2,9,0.012774788774549961,0.001,True,True,True,0.007297091053910258,True,0.20000000298023224,2.0595706369363494e-17,0.20000000298023227,True,True
2,10,0.009219848550856113,0.001,True,True,True,0.0037961232508644787,True,0.20000000298023224,2.0595706369363494e-17,0.20000000298023227,True,True
2,11,0.006424516439437866,0.001,True,True,True,0.00379923365456504,True,0.20000000298023224,2.0595706369363494e-17,0.20000000298023227,True,True
2,12,0.004552427679300308,0.001,True,True,True,0.0026437469831874782,True,0.20000000298023224,2.0595706369363494e-17,0.20000000298023227,True,True
2,13,0.002880670130252838,0.001,True,True,True,0.0016750904065200578,True,0.20000000253550948,2.059570739687691e-17,0.2000000025355095,True,True
2,14,0.0014202706515789032,0.001,True,True,True,0.0009060232159431858,True,0.34529654888783057,2.0570101264920553e-17,0.34529654888783057,True,True
2,15,0.0001759454607963562,0.001,False,True,False,0.00035211869132542595,True,,,,,
2,16,-0.0008502230048179626,0.001,False,True,False,2.6096798994568182e-05,True,,,,,
2,17,-0.001710064709186554,0.001,False,True,False,3.3306690738754696e-16,True,,,,,
2,18,-0.0022363290190696716,0.001,False,True,False,2.275957200481571e-15,True,,,,,
2,19,-0.0025821663439273834,0.001,False,True,False,0.00030856321453626157,True,,,,,
2,20,-0.002915911376476288,0.001,False,True,False,0.0005533833229791618,True,,,,,
3,1,0.027796760201454163,0.001,True,True,True,0.027223358680031527,True,0.20000000298023224,2.8858413522998894e-17,0.20000000298023227,True,True
3,2,0.026081370189785957,0.001,True,True,True,0.027223449628529676,True,0.20000000298023224,2.8858413522998894e-17,0.20000000298023227,True,True
3,3,0.024186966940760612,0.001,True,True,True,0.026839688901819397,True,0.20000000298023224,2.8858413522998894e-17,0.20000000298023227,True,True
3,4,0.022100744768977165,0.001,True,True,True,0.02600929852708299,True,0.20000000298023224,2.8858413522998894e-17,0.20000000298023227,True,True
3,5,0.019808610901236534,0.001,True,True,True,0.0246696466943871,True,0.20000000298023224,2.8858413522998894e-17,0.20000000298023227,True,True
3,6,0.017296424135565758,0.001,True,True,True,0.022758844798006165,True,0.20000000298023224,2.8858413522998894e-17,0.20000000298023227,True,True
3,7,0.014550949446856976,0.001,True,True,True,0.0202173188419886,True,0.20000000298023224,2.8858413522998894e-17,0.20000000298023227,True,True
3,8,0.011560481041669846,0.001,True,True,True,0.01698962296425975,True,0.20000000298023224,2.8858413522998894e-17,0.20000000298023227,True,True
3,9,0.008315556682646275,0.001,True,True,True,0.013027278172044934,True,0.20000000298023224,2.8858413522998894e-17,0.20000000298023227,True,True
3,10,0.006409488618373871,0.001,True,True,True,0.01254221609740487,True,0.20000000298023224,2.8858413522998894e-17,0.20000000298023227,True,True
3,11,0.005025580525398254,0.001,True,True,True,0.009768475632972035,True,0.20000000298023224,2.8858413522998894e-17,0.20000000298023227,True,True
3,12,0.003813166171312332,0.001,True,True,True,0.007138025053452485,True,0.20000000298023224,2.8858413522998894e-17,0.20000000298023227,True,True
3,13,0.002788230776786804,0.001,True,True,True,0.004761612807352045,True,0.19999999637022806,2.8858430858349815e-17,0.19999999637022808,True,True
3,14,0.0019682198762893677,0.001,True,True,True,0.0027479662675185257,True,0.20198983044061453,2.9467198172766785e-17,0.20198983044061455,True,True
3,15,0.00137270987033844,0.001,True,True,True,0.0012062714718821255,True,0.5758464990697689,2.894335828140836e-17,0.5758464990697689,True,True
3,16,0.0010247454047203064,0.001,True,True,True,0.0002496801018542216,True,0.08832240703839034,2.895101940756272e-17,0.08832240703839037,True,True
3,17,0.0009511187672615051,0.001,False,True,False,8.881784197001252e-16,True,,,,,
3,18,0.0013011768460273743,0.001,True,True,True,0.0003666123158355128,True,0.13027443301410813,2.895634648726022e-17,0.13027443301410815,True,True
3,19,0.0018978789448738098,0.001,True,True,True,0.0009932392836702886,True,0.20007201402738528,2.8870162186484967e-17,0.2000720140273853,True,True
3,20,0.0022923126816749573,0.001,True,True,True,0.0013671837989990832,True,0.2000000939525716,4.809171719038673e-18,0.2000000939525716,True,True
4,1,0.028224855661392212,0.001,True,True,True,0.026535140178508228,True,0.20000000298023224,2.4844267822059983e-11,0.2000000030050765,True,True
4,2,0.02824329026043415,0.001,True,True,True,0.025499385448620154,True,0.20000000298023224,2.4844267822059983e-11,0.2000000030050765,True,True
4,3,0.027887890115380287,0.001,True,True,True,0.02403059154384811,True,0.20000000298023224,2.4844267822059983e-11,0.2000000030050765,True,True
4,4,0.02708440274000168,0.001,True,True,True,0.022091980266524043,True,0.20000000298023224,2.4844267822059983e-11,0.2000000030050765,True,True
4,5,0.02576180174946785,0.001,True,True,True,0.019647094318451533,True,0.20000000298023224,2.4844267822059983e-11,0.2000000030050765,True,True
4,6,0.02385314553976059,0.001,True,True,True,0.01666058277335623,True,0.20000000298023224,2.4844267822059983e-11,0.2000000030050765,True,True
4,7,0.02129761502146721,0.001,True,True,True,0.013099390260407979,True,0.20000000298023224,2.4844267822059983e-11,0.2000000030050765,True,True
4,8,0.018434107303619385,0.001,True,True,True,0.010710980181263735,True,0.20000000298023224,2.4844267822059983e-11,0.2000000030050765,True,True
4,9,0.015958912670612335,0.001,True,True,True,0.008451811550636623,True,0.20000000298023224,2.4844267822059983e-11,0.2000000030050765,True,True
4,10,0.013453654944896698,0.001,True,True,True,0.006335090812966793,True,0.20000000298023224,2.4844267822059983e-11,0.2000000030050765,True,True
4,11,0.011007558554410934,0.001,True,True,True,0.004421281841278657,True,0.20000000298023224,2.4844267822059983e-11,0.2000000030050765,True,True
4,12,0.008704844862222672,0.001,True,True,True,0.002770234760512913,True,0.20000000298023224,2.4844267822059983e-11,0.2000000030050765,True,True
4,13,0.006625290960073471,0.001,True,True,True,0.0014419706482104444,True,0.20000000298023224,2.4844267822067392e-11,0.2000000030050765,True,True
4,14,0.004846561700105667,0.001,True,True,True,0.000497765813973039,True,0.20000000298023224,2.4844267822062862e-11,0.2000000030050765,True,True
4,15,0.003447510302066803,0.001,True,True,True,4.283306965779943e-07,True,0.20000000298023224,2.4844267822063217e-11,0.2000000030050765,True,True
4,16,0.0025098323822021484,0.001,True,True,True,8.382627925129782e-12,True,0.1999999360220585,2.4849483879369152e-11,0.199999936046908,True,True
4,17,0.0021143555641174316,0.001,True,True,True,0.0006023545594239232,True,0.1999270358944115,2.484750973223545e-11,0.199927035919259,True,True
4,18,0.002432793378829956,0.001,True,True,True,0.0017347510473989525,True,0.2000000800358456,2.4907242910323013e-11,0.20000008006075284,True,True
4,19,0.0032113119959831238,0.001,True,True,True,0.0029288198823693157,True,0.2000000029801569,2.4844267822082533e-11,0.20000000300500118,True,True
4,20,0.0038261115550994873,0.001,True,True,True,0.0035531047800270166,True,0.20000000298023224,3.667555125248074e-12,0.2000000029838998,True,True
5,1,0.027535732835531235,0.001,True,True,True,0.02679009462412152,True,0.20000000298023224,2.3006060378918663e-13,0.2000000029804623,True,True
5,2,0.026506463065743446,0.001,True,True,True,0.02647982464738654,True,0.20000000298023224,2.3006060378918663e-13,0.2000000029804623,True,True
5,3,0.025050166994333267,0.001,True,True,True,0.025547782155631013,True,0.20000000298023224,2.3006060378918663e-13,0.2000000029804623,True,True
5,4,0.023128418251872063,0.001,True,True,True,0.02390720663776774,True,0.20000000298023224,2.3006060378918663e-13,0.2000000029804623,True,True
5,5,0.020703047513961792,0.001,True,True,True,0.02147665343895006,True,0.20000000298023224,2.3006060378918663e-13,0.2000000029804623,True,True
5,6,0.017736930400133133,0.001,True,True,True,0.018182830994851084,True,0.20000000298023224,2.3006060378918663e-13,0.2000000029804623,True,True
5,7,0.014795482158660889,0.001,True,True,True,0.016451565104263474,True,0.20000000298023224,2.3006060378918663e-13,0.2000000029804623,True,True
5,8,0.012511879205703735,0.001,True,True,True,0.013652037670262546,True,0.20000000298023224,2.3006060378918663e-13,0.2000000029804623,True,True
5,9,0.01029299572110176,0.001,True,True,True,0.010853196217267436,True,0.20000000298023224,2.3006060378918663e-13,0.2000000029804623,True,True
5,10,0.008200578391551971,0.001,True,True,True,0.008171074595338557,True,0.20000000298023224,2.3006060378918663e-13,0.2000000029804623,True,True
5,11,0.006296075880527496,0.001,True,True,True,0.005714336010930937,True,0.20000000298023224,2.3006060378918663e-13,0.2000000029804623,True,True
5,12,0.004641294479370117,0.001,True,True,True,0.0035833440012769113,True,0.20000000298023224,2.3006060378918663e-13,0.2000000029804623,True,True
5,13,0.0032990947365760803,0.001,True,True,True,0.001869589243907288,True,0.2000000029802311,2.300606037892545e-13,0.20000000298046117,True,True
5,14,0.0023334212601184845,0.001,True,True,True,0.0006537820122912708,True,0.19999858469719778,2.3327316683722873e-13,0.19999858469743106,True,True
5,15,0.00180782750248909,0.001,True,True,True,7.734979323714697e-12,True,0.1903954464867743,2.3004096818653657e-13,0.19039544648700435,True,True
5,16,0.0017825961112976074,0.001,True,True,True,2.3110235947143565e-11,True,0.18696971354667724,2.306257131236709e-13,0.18696971354690786,True,True
5,17,0.002485528588294983,0.001,True,True,True,0.0006476156364542685,True,0.1999999144634001,2.308932302933871e-13,0.199999914463631,True,True
5,18,0.0037097670137882233,0.001,True,True,True,0.0017992596887805856,True,0.20000000298023224,2.3006060378918663e-13,0.2000000029804623,True,True
5,19,0.005019690841436386,0.001,True,True,True,0.003019387637749671,True,0.20000000298023224,2.3006060378922217e-13,0.2000000029804623,True,True
5,20,-0.003095000982284546,0.001,False,True,False,0.004339423735842729,True,,,,,
6,1,0.027791040018200874,0.001,True,True,True,0.026059581752049588,True,0.20000000298023224,1.522746774873026e-15,0.20000000298023377,True,True
6,2,0.027484776452183723,0.001,True,True,True,0.024755635461973652,True,0.20000000298023224,1.522746774873026e-15,0.20000000298023377,True,True
6,3,0.026556657627224922,0.001,True,True,True,0.022758858044478386,True,0.20000000298023224,1.522746774873026e-15,0.20000000298023377,True,True
6,4,0.02491746097803116,0.001,True,True,True,0.0200004911430713,True,0.20000000298023224,1.522746774873026e-15,0.20000000298023377,True,True
6,5,0.02248477376997471,0.001,True,True,True,0.01642072582811952,True,0.20000000298023224,1.522746774873026e-15,0.20000000298023377,True,True
6,6,0.019973888993263245,0.001,True,True,True,0.014217341201846367,True,0.20000000298023224,1.522746774873026e-15,0.20000000298023377,True,True
6,7,0.017433620989322662,0.001,True,True,True,0.011574123152043508,True,0.20000000298023224,1.522746774873026e-15,0.20000000298023377,True,True
6,8,0.014817386865615845,0.001,True,True,True,0.009024372674241499,True,0.20000000298023224,1.522746774873026e-15,0.20000000298023377,True,True
6,9,0.012235324829816818,0.001,True,True,True,0.006656585280013033,True,0.20000000298023224,1.522746774873026e-15,0.20000000298023377,True,True
6,10,0.009787134826183319,0.001,True,True,True,0.004551411815956613,True,0.20000000298023224,1.522746774873026e-15,0.20000000298023377,True,True
6,11,0.007562585175037384,0.001,True,True,True,0.0027810364996139203,True,0.20000000298023224,1.522746774873026e-15,0.20000000298023377,True,True
6,12,0.0056420378386974335,0.001,True,True,True,0.001407053716231177,True,0.20000000298023224,1.522746774873026e-15,0.20000000298023377,True,True
6,13,0.00409548357129097,0.001,True,True,True,0.0004747638342392779,True,0.20000000298023224,1.522746774889182e-15,0.20000000298023377,True,True
6,14,0.002976149320602417,0.001,True,True,True,5.229150445984487e-14,True,0.20000000287824726,1.5227467794580624e-15,0.2000000028782488,True,True
6,15,0.002304188907146454,0.001,True,True,True,7.513215870902368e-05,True,0.19999422569005804,1.592120136320787e-15,0.19999422569005962,True,True
6,16,0.0024039968848228455,0.001,True,True,True,0.0009579086166202622,True,0.19999965760213223,1.5357005704423632e-15,0.19999965760213376,True,True
6,17,0.0033962950110435486,0.001,True,True,True,0.0025211899772792368,True,0.20000000298023188,1.5227467748924131e-15,0.2000000029802334,True,True
6,18,0.004840239882469177,0.001,True,True,True,0.004447613880726453,True,0.20000000298023224,1.522746774873026e-15,0.20000000298023377,True,True
6,19,0.006286259740591049,0.001,True,True,True,0.006170239823991119,True,0.20000000298023224,1.5227467748568702e-15,0.20000000298023377,True,True
6,20,0.007068239152431488,0.001,True,True,True,0.00697284845236712,True,0.20000000298023224,3.4954361850093383e-16,0.2000000029802326,True,True
7,1,0.027060380205512047,0.001,True,True,True,0.02510684624492459,True,0.20000000298023224,1.1141529832706564e-16,0.20000000298023235,True,True
7,2,0.025762641802430153,0.001,True,True,True,0.023350719169580307,True,0.20000000298023224,1.1141529832706564e-16,0.20000000298023235,True,True
7,3,0.023777669295668602,0.001,True,True,True,0.020734702964962694,True,0.20000000298023224,1.1141529832706564e-16,0.20000000298023235,True,True
7,4,0.021036187186837196,0.001,True,True,True,0.017180134240122998,True,0.20000000298023224,1.1141529832706564e-16,0.20000000298023235,True,True
7,5,0.0184234157204628,0.001,True,True,True,0.015356151025576678,True,0.20000000298023224,1.1141529832706564e-16,0.20000000298023235,True,True
7,6,0.01587626338005066,0.001,True,True,True,0.012602829860136708,True,0.20000000298023224,1.1141529832706564e-16,0.20000000298023235,True,True
7,7,0.013315420597791672,0.001,True,True,True,0.009900753456146105,True,0.20000000298023224,1.1141529832706564e-16,0.20000000298023235,True,True
7,8,0.010838016867637634,0.001,True,True,True,0.0073601383446781354,True,0.20000000298023224,1.1141529832706564e-16,0.20000000298023235,True,True
7,9,0.00853303074836731,0.001,True,True,True,0.005079087462569215,True,0.20000000298023224,1.1141529832706564e-16,0.20000000298023235,True,True
7,10,0.006481226533651352,0.001,True,True,True,0.0031422295907939657,True,0.20000000298023224,1.1141529832706564e-16,0.20000000298023235,True,True
7,11,0.004753664135932922,0.001,True,True,True,0.0016174752261995384,True,0.20000000298023224,1.1141529832706564e-16,0.20000000298023235,True,True
7,12,0.0034074150025844574,0.001,True,True,True,0.0005487328163200633,True,0.2000000029802322,1.1141529832706564e-16,0.20000000298023232,True,True
7,13,0.0024758577346801758,0.001,True,True,True,4.440892098500626e-16,True,0.1999998419474134,1.1149492663124175e-16,0.19999984194741352,True,True
7,14,0.0019496046006679535,0.001,True,True,True,2.7416618615272448e-05,True,0.1982300272559674,1.111728544958012e-16,0.1982300272559675,True,True
7,15,0.00208364799618721,0.001,True,True,True,0.0007943212934082844,True,0.19990974048296592,1.1269870791523693e-16,0.19990974048296603,True,True
7,16,0.0031143464148044586,0.001,True,True,True,0.0023486483988125473,True,0.20000000297573295,1.114152983319124e-16,0.20000000297573306,True,True
7,17,0.004789218306541443,0.001,True,True,True,0.004442946232163902,True,0.20000000298023224,1.1141529832545005e-16,0.20000000298023235,True,True
7,18,0.006768673658370972,0.001,True,True,True,0.006675171405659208,True,0.20000000298023224,1.1141529832706564e-16,0.20000000298023235,True,True
7,19,0.008535679429769516,0.001,True,True,True,0.008499722738681492,True,0.20000000298023224,1.1141529832706564e-16,0.20000000298023235,True,True
7,20,0.006301855202764273,0.001,True,True,True,0.01587437003922132,True,0.20000000298023224,1.805132675076883e-17,0.20000000298023227,True,True
8,1,0.026108434423804283,0.001,True,True,True,0.023226983334164147,True,0.20000000298023224,1.0382258155662342e-13,0.20000000298033607,True,True
8,2,0.024354448541998863,0.001,True,True,True,0.020383800453223466,True,0.20000000298023224,1.0382258155662342e-13,0.20000000298033607,True,True
8,3,0.021780770272016525,0.001,True,True,True,0.017225409056340846,True,0.20000000298023224,1.0382258155662342e-13,0.20000000298033607,True,True
8,4,0.019406922161579132,0.001,True,True,True,0.014558700656305656,True,0.20000000298023224,1.0382258155662342e-13,0.20000000298033607,True,True
8,5,0.016850288957357407,0.001,True,True,True,0.011746781496926414,True,0.20000000298023224,1.0382258155662342e-13,0.20000000298033607,True,True
8,6,0.014238107949495316,0.001,True,True,True,0.009043195064661141,True,0.20000000298023224,1.0382258155662342e-13,0.20000000298033607,True,True
8,7,0.01168704405426979,0.001,True,True,True,0.006552015106635667,True,0.20000000298023224,1.0382258155662342e-13,0.20000000298033607,True,True
8,8,0.009301364421844482,0.001,True,True,True,0.004365590855532897,True,0.20000000298023224,1.0382258155662342e-13,0.20000000298033607,True,True
8,9,0.007172625511884689,0.001,True,True,True,0.0025633165605427055,True,0.20000000298023224,1.0382258155662342e-13,0.20000000298033607,True,True
8,10,0.0053781792521476746,0.001,True,True,True,0.001207867677135932,True,0.20000000298023224,1.0382258155662342e-13,0.20000000298033607,True,True
8,11,0.003975793719291687,0.001,True,True,True,0.0003352863056319544,True,0.20000000298023224,1.0382258155662342e-13,0.20000000298033607,True,True
8,12,0.0029912590980529785,0.001,True,True,True,4.506561790407204e-12,True,0.20000000291164696,1.0382258231907715e-13,0.2000000029117508,True,True
8,13,0.00243232399225235,0.001,True,True,True,0.00023024785351344335,True,0.19999957261984033,1.0342469318168538e-13,0.19999957261994375,True,True
8,14,0.0026335343718528748,0.001,True,True,True,0.0011631960726926627,True,0.19999999914974326,1.0384045283213267e-13,0.1999999991498471,True,True
8,15,0.0037859752774238586,0.001,True,True,True,0.0029851597900932836,True,0.20000000298023224,1.0382258155682053e-13,0.20000000298033607,True,True
8,16,0.005568705499172211,0.001,True,True,True,0.005445543201580638,True,0.20000000298023224,1.0382258155662827e-13,0.20000000298033607,True,True
8,17,0.007778223603963852,0.001,True,True,True,0.008192380188754789,True,0.20000000298023224,1.0382258155662181e-13,0.20000000298033607,True,True
8,18,0.010058213025331497,0.001,True,True,True,0.010788000450619117,True,0.20000000298023224,1.0382258155662342e-13,0.20000000298033607,True,True
8,19,0.011903155595064163,0.001,True,True,True,0.012744372353465039,True,0.20000000298023224,1.0382258155662342e-13,0.20000000298033607,True,True
8,20,0.013312438502907753,0.001,True,True,True,0.0175190409921423,True,0.20000000298023224,2.198071008646174e-14,0.20000000298025422,True,True
9,1,0.024235742166638374,0.001,True,True,True,0.020397414522536916,True,0.20000000298023224,5.087403890992264e-13,0.20000000298074097,True,True
9,2,0.0214085653424263,0.001,True,True,True,0.016658980508216317,True,0.20000000298023224,5.087403890992264e-13,0.20000000298074097,True,True
9,3,0.01880372315645218,0.001,True,True,True,0.014447965521765804,True,0.20000000298023224,5.087403890992264e-13,0.20000000298074097,True,True
9,4,0.016100872308015823,0.001,True,True,True,0.011585664035171112,True,0.20000000298023224,5.087403890992264e-13,0.20000000298074097,True,True
9,5,0.01338871568441391,0.001,True,True,True,0.008840677036601546,True,0.20000000298023224,5.087403890992264e-13,0.20000000298074097,True,True
9,6,0.010783210396766663,0.001,True,True,True,0.006320251224429363,True,0.20000000298023224,5.087403890992264e-13,0.20000000298074097,True,True
9,7,0.008388020098209381,0.001,True,True,True,0.004121378305880219,True,0.20000000298023224,5.087403890992264e-13,0.20000000298074097,True,True
9,8,0.0062948428094387054,0.001,True,True,True,0.002328457589959476,True,0.20000000298023224,5.087403890992264e-13,0.20000000298074097,True,True
9,9,0.0045813992619514465,0.001,True,True,True,0.00100862585093614,True,0.20000000298023224,5.087403890992264e-13,0.20000000298074097,True,True
9,10,0.00330459326505661,0.001,True,True,True,0.00020082693320300216,True,0.20000000298023077,5.087403890994332e-13,0.2000000029807395,True,True
9,11,0.002485990524291992,0.001,True,True,True,5.777600620149315e-12,True,0.19999987214992077,5.104953464930774e-13,0.19999987215043127,True,True
9,12,0.002119190990924835,0.001,True,True,True,0.000373961310194626,True,0.19989518986717625,5.095983194967512e-13,0.19989518986768584,True,True
9,13,0.002457287162542343,0.001,True,True,True,0.0014531613003608834,True,0.1999999951247463,5.179330422996151e-13,0.19999999512526426,True,True
9,14,0.003688070923089981,0.001,True,True,True,0.0034052530308941176,True,0.20000000298023224,5.087403890993444e-13,0.20000000298074097,True,True
9,15,0.005597572773694992,0.001,True,True,True,0.006020978188955528,True,0.20000000298023224,5.087403890990099e-13,0.20000000298074097,True,True
9,16,0.008006025105714798,0.001,True,True,True,0.009002174146311548,True,0.20000000298023224,5.087403890992313e-13,0.20000000298074097,True,True
9,17,0.010637816041707993,0.001,True,True,True,0.012001826387919245,True,0.20000000298023224,5.087403890992248e-13,0.20000000298074097,True,True
9,18,0.013114586472511292,0.001,True,True,True,0.014642367315027105,True,0.20000000298023224,5.087403890992264e-13,0.20000000298074097,True,True
9,19,0.015340102836489677,0.001,True,True,True,0.019091146980659723,True,0.20000000298023224,5.087403890992264e-13,0.20000000298074097,True,True
9,20,0.018641654402017593,0.001,True,True,True,0.02083766488431138,True,0.20000000298023224,2.2036944147121968e-13,0.20000000298045262,True,True
10,1,0.021430794149637222,0.001,True,True,True,0.01670422445954709,True,0.20000000298023224,1.3837917493749446e-12,0.20000000298161602,True,True
10,2,0.01879231631755829,0.001,True,True,True,0.014094685380808852,True,0.20000000298023224,1.3837917493749446e-12,0.20000000298161602,True,True
10,3,0.01604793593287468,0.001,True,True,True,0.011090895612800078,True,0.20000000298023224,1.3837917493749446e-12,0.20000000298161602,True,True
10,4,0.01330101490020752,0.001,True,True,True,0.0082766059616117,True,0.20000000298023224,1.3837917493749446e-12,0.20000000298161602,True,True
10,5,0.010668084025382996,0.001,True,True,True,0.00574676664533863,True,0.20000000298023224,1.3837917493749446e-12,0.20000000298161602,True,True
10,6,0.008256115019321442,0.001,True,True,True,0.0035879042348858636,True,0.20000000298023224,1.3837917493749446e-12,0.20000000298161602,True,True
10,7,0.006161503493785858,0.001,True,True,True,0.0018768460362141859,True,0.20000000298023224,1.3837917493749446e-12,0.20000000298161602,True,True
10,8,0.0044670067727565765,0.001,True,True,True,0.0006756464344754853,True,0.20000000298023224,1.3837917493749446e-12,0.20000000298161602,True,True
10,9,0.0032344236969947815,0.001,True,True,True,2.1297276564080647e-05,True,0.2000000029802159,1.3837917493756425e-12,0.20000000298159967,True,True
10,10,0.0024884790182113647,0.001,True,True,True,3.300715256671083e-11,True,0.19999988275267655,1.3854544599723756e-12,0.199999882754062,True,True
10,11,0.002239484339952469,0.001,True,True,True,0.00053995132396778,True,0.1999883621879251,1.459103001307614e-12,0.1999883621893842,True,True
10,12,0.0027370788156986237,0.001,True,True,True,0.0017856120535143516,True,0.2000000069352573,1.3837959843455002e-12,0.2000000069366411,True,True
10,13,0.0041401199996471405,0.001,True,True,True,0.0038726382534476356,True,0.20000000298023224,1.3837917493749139e-12,0.20000000298161602,True,True
10,14,0.006230849772691727,0.001,True,True,True,0.006637114583168402,True,0.20000000298023224,1.3837917493749591e-12,0.20000000298161602,True,True
10,15,0.008835159242153168,0.001,True,True,True,0.009795007589493032,True,0.20000000298023224,1.3837917493749607e-12,0.20000000298161602,True,True
10,16,0.01172715425491333,0.001,True,True,True,0.013053071168926733,True,0.20000000298023224,1.3837917493749236e-12,0.20000000298161602,True,True
10,17,0.014612182974815369,0.001,True,True,True,0.016106563257095585,True,0.20000000298023224,1.383791749374943e-12,0.20000000298161602,True,True
10,18,0.017243850976228714,0.001,True,True,True,0.020247295198801418,True,0.20000000298023224,1.3837917493749446e-12,0.20000000298161602,True,True
10,19,0.020265111699700356,0.001,True,True,True,0.021952658587813367,True,0.20000000298023224,1.3837917493749446e-12,0.20000000298161602,True,True
10,20,0.02200297825038433,0.001,True,True,True,0.022626291615597705,True,0.20000000298023224,3.2509599339187624e-13,0.20000000298055734,True,True
11,1,0.01870289444923401,0.001,True,True,True,0.014456430819496574,True,0.20000000298023224,4.330241821803644e-14,0.20000000298027554,True,True
11,2,0.015765365213155746,0.001,True,True,True,0.011411466654751595,True,0.20000000298023224,4.330241821803644e-14,0.20000000298027554,True,True
11,3,0.012898258864879608,0.001,True,True,True,0.008530870701289384,True,0.20000000298023224,4.330241821803644e-14,0.20000000298027554,True,True
11,4,0.010204829275608063,0.001,True,True,True,0.005923658813652949,True,0.20000000298023224,4.330241821803644e-14,0.20000000298027554,True,True
11,5,0.0077812559902668,0.001,True,True,True,0.0036877077327746033,True,0.20000000298023224,4.330241821803644e-14,0.20000000298027554,True,True
11,6,0.005716126412153244,0.001,True,True,True,0.001909297448739633,True,0.20000000298023224,4.330241821803644e-14,0.20000000298027554,True,True
11,7,0.004087291657924652,0.001,True,True,True,0.0006583737394752487,True,0.20000000298023224,4.330241821803644e-14,0.20000000298027554,True,True
11,8,0.002953704446554184,0.001,True,True,True,3.1800796154168864e-06,True,0.20000000285039027,4.330241831680698e-14,0.20000000285043357,True,True
11,9,0.002339005470275879,0.001,True,True,True,1.6736612096224235e-13,True,0.1999973506369671,4.3476787243661147e-14,0.19999735063701057,True,True
11,10,0.0022398270666599274,0.001,True,True,True,0.0005798198285578149,True,0.19998925319424232,4.394267093168608e-14,0.19998925319428626,True,True
11,11,0.002886161208152771,0.001,True,True,True,0.001886216126791962,True,0.20000000016406164,4.330241991510733e-14,0.20000000016410494,True,True
11,12,0.004429459571838379,0.001,True,True,True,0.004032802075973785,True,0.20000000298023224,4.330241821802352e-14,0.20000000298027554,True,True
11,13,0.00662284716963768,0.001,True,True,True,0.0068490134647838374,True,0.20000000298023224,4.3302418218025133e-14,0.20000000298027554,True,True
11,14,0.009320307523012161,0.001,True,True,True,0.0100923861911566,True,0.20000000298023224,4.3302418218025133e-14,0.20000000298027554,True,True
11,15,0.012330666184425354,0.001,True,True,True,0.013504013418877414,True,0.20000000298023224,4.330241821803321e-14,0.20000000298027554,True,True
11,16,0.01541338860988617,0.001,True,True,True,0.01682255345182515,True,0.20000000298023224,4.3302418218028364e-14,0.20000000298027554,True,True
11,17,0.018374618142843246,0.001,True,True,True,0.0208338509166075,True,0.20000000298023224,4.3302418218028364e-14,0.20000000298027554,True,True
11,18,0.021333204582333565,0.001,True,True,True,0.022536857637170393,True,0.20000000298023224,4.330241821803644e-14,0.20000000298027554,True,True
11,19,0.02302304282784462,0.001,True,True,True,0.02317697933532381,True,0.20000000298023224,4.330241821803644e-14,0.20000000298027554,True,True
11,20,0.02369193732738495,0.001,True,True,True,0.022971642767369294,True,0.20000000298023224,8.101624703508726e-15,0.20000000298024034,True,True
12,1,0.016008920967578888,0.001,True,True,True,0.011606724220054598,True,0.20000000298023224,1.60801440117495e-11,0.20000000299631238,True,True
12,2,0.013017471879720688,0.001,True,True,True,0.008641557189609378,True,0.20000000298023224,1.60801440117495e-11,0.20000000299631238,True,True
12,3,0.01020151749253273,0.001,True,True,True,0.005982586877797957,True,0.20000000298023224,1.60801440117495e-11,0.20000000299631238,True,True
12,4,0.007666788995265961,0.001,True,True,True,0.0037144256277545362,True,0.20000000298023224,1.60801440117495e-11,0.20000000299631238,True,True
12,5,0.005508609116077423,0.001,True,True,True,0.0019153437297541598,True,0.20000000298023224,1.60801440117495e-11,0.20000000299631238,True,True
12,6,0.003809995949268341,0.001,True,True,True,0.000650432401452905,True,0.20000000298023224,1.60801440117495e-11,0.20000000299631238,True,True
12,7,0.002634093165397644,0.001,True,True,True,4.414638647975977e-07,True,0.20000000243911584,1.6080253889356417e-11,0.20000000245519609,True,True
12,8,0.0020225681364536285,0.001,True,True,True,1.8778700816568517e-10,True,0.19940921010868468,1.600167237068319e-11,0.19940921012468635,True,True
12,9,0.001961231231689453,0.001,True,True,True,0.0005865158460074404,True,0.19934699124712008,1.6065609656981246e-11,0.1993469912631857,True,True
12,10,0.0026515312492847443,0.001,True,True,True,0.0019060605114321616,True,0.2000000017404529,1.6080275792580072e-11,0.20000000175653318,True,True
12,11,0.004241421818733215,0.001,True,True,True,0.0040674944576556404,True,0.20000000298023224,1.6080144011752505e-11,0.20000000299631238,True,True
12,12,0.006500646471977234,0.001,True,True,True,0.0069018652896193355,True,0.20000000298023224,1.6080144011749487e-11,0.20000000299631238,True,True
12,13,0.0092867910861969,0.001,True,True,True,0.010186173579774693,True,0.20000000298023224,1.608014401174949e-11,0.20000000299631238,True,True
12,14,0.012423992156982422,0.001,True,True,True,0.013685012730043633,True,0.20000000298023224,1.608014401174949e-11,0.20000000299631238,True,True
12,15,0.01569763571023941,0.001,True,True,True,0.017165412943439318,True,0.20000000298023224,1.6080144011749496e-11,0.20000000299631238,True,True
12,16,0.018928198143839836,0.001,True,True,True,0.021073667265569918,True,0.20000000298023224,1.608014401174949e-11,0.20000000299631238,True,True
12,17,0.021902848035097122,0.001,True,True,True,0.022739527714392582,True,0.20000000298023224,1.608014401174949e-11,0.20000000299631238,True,True
12,18,0.02196287363767624,0.001,True,True,True,0.017063631539483648,True,0.20000000298023224,1.60801440117495e-11,0.20000000299631238,True,True
12,19,0.021539367735385895,0.001,True,True,True,0.016934921031036998,True,0.20000000298023224,1.60801440117495e-11,0.20000000299631238,True,True
12,20,0.021477654576301575,0.001,True,True,True,0.016956345312715726,True,0.20000000298023224,2.448542864712325e-12,0.20000000298268078,True,True
13,1,0.013277895748615265,0.001,True,True,True,0.008857301900591585,True,0.20000000298023224,7.530938790990133e-13,0.20000000298098533,True,True
13,2,0.010416503995656967,0.001,True,True,True,0.00608022088325863,True,0.20000000298023224,7.530938790990133e-13,0.20000000298098533,True,True
13,3,0.007845807820558548,0.001,True,True,True,0.0037475709038832794,True,0.20000000298023224,7.530938790990133e-13,0.20000000298098533,True,True
13,4,0.005652818828821182,0.001,True,True,True,0.0019192334780948617,True,0.20000000298023224,7.530938790990133e-13,0.20000000298098533,True,True
13,5,0.003916345536708832,0.001,True,True,True,0.0006457545577062129,True,0.20000000298023224,7.530938790990133e-13,0.20000000298098533,True,True
13,6,0.0026972144842147827,0.001,True,True,True,1.496256663013895e-08,True,0.1999999987013542,7.530958323987623e-13,0.1999999987021073,True,True
13,7,0.002044912427663803,0.001,True,True,True,8.054390487899354e-12,True,0.19958653539361515,7.461439013128012e-13,0.1995865353943613,True,True
13,8,0.0019513070583343506,0.001,True,True,True,0.0005898718734281827,True,0.1992834236688783,7.494957915530129e-13,0.19928342366962778,True,True
13,9,0.0026222653687000275,0.001,True,True,True,0.001912474357258498,True,0.19999999748830338,7.53119635531057e-13,0.1999999974890565,True,True
13,10,0.004198819398880005,0.001,True,True,True,0.00406713605747977,True,0.20000000298023224,7.530938790991038e-13,0.20000000298098533,True,True
13,11,0.006465207785367966,0.001,True,True,True,0.006899396211439424,True,0.20000000298023224,7.530938790991232e-13,0.20000000298098533,True,True
13,12,0.009274236857891083,0.001,True,True,True,0.010190754432151006,True,0.20000000298023224,7.530938790990004e-13,0.20000000298098533,True,True
13,13,0.012461796402931213,0.001,True,True,True,0.013722005781062863,True,0.20000000298023224,7.530938790990036e-13,0.20000000298098533,True,True
13,14,0.01583090052008629,0.001,True,True,True,0.017280856798699062,True,0.20000000298023224,7.530938790990036e-13,0.20000000298098533,True,True
13,15,0.019195640459656715,0.001,True,True,True,0.02108024288599175,True,0.20000000298023224,7.530938790990101e-13,0.20000000298098533,True,True
13,16,0.02077712118625641,0.001,True,True,True,0.015357120233522759,True,0.20000000298023224,7.530938790990036e-13,0.20000000298098533,True,True
13,17,0.019413650035858154,0.001,True,True,True,0.014678118328192769,True,0.20000000298023224,7.530938790990036e-13,0.20000000298098533,True,True
13,18,0.018797971308231354,0.001,True,True,True,0.01447621322465309,True,0.20000000298023224,7.530938790990133e-13,0.20000000298098533,True,True
13,19,0.01862969994544983,0.001,True,True,True,0.014513933669642154,True,0.20000000298023224,7.530938790990133e-13,0.20000000298098533,True,True
13,20,0.018637828528881073,0.001,True,True,True,0.014577792451757499,True,0.20000000298023224,1.3255519414891173e-13,0.2000000029803648,True,True
14,1,0.010658219456672668,0.001,True,True,True,0.006325356174054525,True,0.20000000298023224,8.076229082327148e-13,0.20000000298103987,True,True
14,2,0.007991582155227661,0.001,True,True,True,0.003847374704222195,True,0.20000000298023224,8.076229082327148e-13,0.20000000298103987,True,True
14,3,0.005746234208345413,0.001,True,True,True,0.001949095262634315,True,0.20000000298023224,8.076229082327148e-13,0.20000000298103987,True,True
14,4,0.003983393311500549,0.001,True,True,True,0.0006489828243878559,True,0.20000000298023224,8.076229082327148e-13,0.20000000298103987,True,True
14,5,0.0027513615787029266,0.001,True,True,True,2.6345108705694287e-08,True,0.19999999868585544,8.076234900446743e-13,0.19999999868666307,True,True
14,6,0.0020936354994773865,0.001,True,True,True,8.598288747663219e-12,True,0.19981097373512519,8.016332241120975e-13,0.19981097373592682,True,True
14,7,0.002000458538532257,0.001,True,True,True,0.0005998021340311022,True,0.1996324538672985,8.065412140062925e-13,0.19963245386810505,True,True
14,8,0.0026745423674583435,0.001,True,True,True,0.0019364502976929598,True,0.20000000093212783,8.076310574272281e-13,0.20000000093293546,True,True
14,9,0.00424884632229805,0.001,True,True,True,0.004087582301440018,True,0.20000000298023224,8.076229082324821e-13,0.20000000298103987,True,True
14,10,0.006500281393527985,0.001,True,True,True,0.0069053589695228235,True,0.20000000298023224,8.076229082328053e-13,0.20000000298103987,True,True
14,11,0.009294852614402771,0.001,True,True,True,0.010181543710051755,True,0.20000000298023224,8.07622908232411e-13,0.20000000298103987,True,True
14,12,0.012479200959205627,0.001,True,True,True,0.013709281286080843,True,0.20000000298023224,8.076229082327019e-13,0.20000000298103987,True,True
14,13,0.015871752053499222,0.001,True,True,True,0.017292744101773727,True,0.20000000298023224,8.076229082327051e-13,0.20000000298103987,True,True
14,14,0.019290084019303322,0.001,True,True,True,0.020951778632942286,True,0.20000000298023224,8.076229082327051e-13,0.20000000298103987,True,True
14,15,0.018665440380573273,0.001,True,True,True,0.013291663988963198,True,0.20000000298023224,8.076229082327115e-13,0.20000000298103987,True,True
14,16,0.01713383197784424,0.001,True,True,True,0.012522888824664347,True,0.20000000298023224,8.076229082327051e-13,0.20000000298103987,True,True
14,17,0.016375169157981873,0.001,True,True,True,0.012262063929029954,True,0.20000000298023224,8.076229082327051e-13,0.20000000298103987,True,True
14,18,0.016116656363010406,0.001,True,True,True,0.012297255792525053,True,0.20000000298023224,8.076229082327148e-13,0.20000000298103987,True,True
14,19,0.01612059772014618,0.001,True,True,True,0.012444069034688643,True,0.20000000298023224,8.076229082327148e-13,0.20000000298103987,True,True
14,20,0.016172412782907486,0.001,True,True,True,0.012534044100536046,True,0.20000000298023224,1.4574028508046794e-13,0.20000000298037798,True,True
15,1,0.008262477815151215,0.001,True,True,True,0.0043082851008087175,True,0.20000000298023224,1.9436803882428363e-13,0.2000000029804266,True,True
15,2,0.005887437611818314,0.001,True,True,True,0.0022497868609864247,True,0.20000000298023224,1.9436803882428363e-13,0.2000000029804266,True,True
15,3,0.004059989005327225,0.001,True,True,True,0.0008270329616200667,True,0.20000000298023224,1.9436803882428363e-13,0.2000000029804266,True,True
15,4,0.0028002336621284485,0.001,True,True,True,8.339980082366916e-05,True,0.2000000095607277,1.9436810935399366e-13,0.20000000956092207,True,True
15,5,0.0021364837884902954,0.001,True,True,True,7.836509219316667e-12,True,0.19990886488189677,1.9571896358218822e-13,0.1999088648820925,True,True
15,6,0.002052728086709976,0.001,True,True,True,0.0005401504001421031,True,0.19980472741270827,1.9518648883508778e-13,0.19980472741290345,True,True
15,7,0.0027470849454402924,0.001,True,True,True,0.0018329552420539574,True,0.20000000189833209,1.9436859014980372e-13,0.20000000189852646,True,True
15,8,0.004340037703514099,0.001,True,True,True,0.00393431672803457,True,0.20000000298023224,1.9436803882428363e-13,0.2000000029804266,True,True
15,9,0.006573863327503204,0.001,True,True,True,0.00669309249127048,True,0.20000000298023224,1.9436803882428363e-13,0.2000000029804266,True,True
15,10,0.009341757744550705,0.001,True,True,True,0.00992025595235857,True,0.20000000298023224,1.9436803882429656e-13,0.2000000029804266,True,True
15,11,0.012498825788497925,0.001,True,True,True,0.013417012236897508,True,0.20000000298023224,1.9436803882426425e-13,0.2000000029804266,True,True
15,12,0.015876978635787964,0.001,True,True,True,0.016998698325513595,True,0.20000000298023224,1.943680388242707e-13,0.2000000029804266,True,True
15,13,0.019308745861053467,0.001,True,True,True,0.02051148764550159,True,0.20000000298023224,1.9436803882427394e-13,0.2000000029804266,True,True
15,14,0.016700204461812973,0.001,True,True,True,0.011516044466645114,True,0.20000000298023224,1.9436803882427394e-13,0.2000000029804266,True,True
15,15,0.015060752630233765,0.001,True,True,True,0.010665925697114331,True,0.20000000298023224,1.943680388242804e-13,0.2000000029804266,True,True
15,16,0.014201901853084564,0.001,True,True,True,0.010347739219823238,True,0.20000000298023224,1.9436803882427394e-13,0.2000000029804266,True,True
15,17,0.0138726606965065,0.001,True,True,True,0.01036704525674792,True,0.20000000298023224,1.9436803882427394e-13,0.2000000029804266,True,True
15,18,0.013860255479812622,0.001,True,True,True,0.010558943287266587,True,0.20000000298023224,1.9436803882428363e-13,0.2000000029804266,True,True
15,19,0.01397886872291565,0.001,True,True,True,0.010776849541895672,True,0.20000000298023224,1.9436803882428363e-13,0.2000000029804266,True,True
15,20,0.014058414846658707,0.001,True,True,True,0.010883488315427736,True,0.20000000298023224,4.552577416500933e-14,0.20000000298027776,True,True
16,1,0.006281517446041107,0.001,True,True,True,0.0027762063884095856,True,0.20000000298023224,1.557683155062301e-15,0.2000000029802338,True,True
16,2,0.0042492300271987915,0.001,True,True,True,0.0011607726444859967,True,0.20000000298023224,1.557683155062301e-15,0.2000000029802338,True,True
16,3,0.002844572067260742,0.001,True,True,True,0.0002521395389821768,True,0.20000000086101308,1.5576832419421147e-15,0.20000000086101463,True,True
16,4,0.0020886994898319244,0.001,True,True,True,5.42343947529389e-14,True,0.19980972098377228,1.5428699692390314e-15,0.19980972098377384,True,True
16,5,0.0019469782710075378,0.001,True,True,True,0.00039365275777025754,True,0.19898026547429803,1.5514816046314484e-15,0.1989802654742996,True,True
16,6,0.0025908872485160828,0.001,True,True,True,0.00156048262882591,True,0.20000000742637847,1.5578093444115769e-15,0.20000000742638002,True,True
16,7,0.004135940223932266,0.001,True,True,True,0.0035545975414624786,True,0.20000000298023224,1.5576831550558387e-15,0.2000000029802338,True,True
16,8,0.006310921162366867,0.001,True,True,True,0.006210309019671567,True,0.20000000298023224,1.557683155062301e-15,0.2000000029802338,True,True
16,9,0.00902818888425827,0.001,True,True,True,0.009353161717986613,True,0.20000000298023224,1.557683155062301e-15,0.2000000029802338,True,True
16,10,0.012145984917879105,0.001,True,True,True,0.012789296818764395,True,0.20000000298023224,1.557683155062301e-15,0.2000000029802338,True,True
16,11,0.015503451228141785,0.001,True,True,True,0.01634108046836258,True,0.20000000298023224,1.5576831550558387e-15,0.2000000029802338,True,True
16,12,0.017746353521943092,0.001,True,True,True,0.01138813912470138,True,0.20000000298023224,1.557683155062301e-15,0.2000000029802338,True,True
16,13,0.014951065182685852,0.001,True,True,True,0.009777613785205586,True,0.20000000298023224,1.5576831550590698e-15,0.2000000029802338,True,True
16,14,0.013227362185716629,0.001,True,True,True,0.008854481928057378,True,0.20000000298023224,1.5576831550590698e-15,0.2000000029802338,True,True
16,15,0.01228959858417511,0.001,True,True,True,0.008482696828566061,True,0.20000000298023224,1.5576831550590698e-15,0.2000000029802338,True,True
16,16,0.01190285012125969,0.001,True,True,True,0.00847974196671375,True,0.20000000298023224,1.5576831550590698e-15,0.2000000029802338,True,True
16,17,0.011871632188558578,0.001,True,True,True,0.008694180152990949,True,0.20000000298023224,1.5576831550590698e-15,0.2000000029802338,True,True
16,18,0.012029305100440979,0.001,True,True,True,0.008994848300713731,True,0.20000000298023224,1.557683155062301e-15,0.2000000029802338,True,True
16,19,0.012227512896060944,0.001,True,True,True,0.009261701805803713,True,0.20000000298023224,1.557683155062301e-15,0.2000000029802338,True,True
16,20,0.012327536940574646,0.001,True,True,True,0.009379572534395475,True,0.20000000298023224,2.898220152949512e-16,0.20000000298023252,True,True
17,1,0.004752814769744873,0.001,True,True,True,0.0019132295346028783,True,0.20000000298023224,2.364023000851687e-13,0.20000000298046863,True,True
17,2,0.003123052418231964,0.001,True,True,True,0.0006853226940214396,True,0.20000000297992285,2.364023000884774e-13,0.20000000298015924,True,True
17,3,0.002172514796257019,0.001,True,True,True,1.9029777753587496e-12,True,0.19995593185963784,2.4152165146243443e-13,0.19995593185987937,True,True
17,4,0.0018571019172668457,0.001,True,True,True,1.0316582410574426e-07,True,0.19490508348132352,2.3628202854140157e-13,0.1949050834815598,True,True
17,5,0.0023508109152317047,0.001,True,True,True,0.000843939523545334,True,0.19999921100893592,2.381862698548668e-13,0.19999921100917412,True,True
17,6,0.0037546344101428986,0.001,True,True,True,0.0025729010307179445,True,0.20000000298023224,2.364023000851687e-13,0.20000000298046863,True,True
17,7,0.005814671516418457,0.001,True,True,True,0.0050256039398416386,True,0.20000000298023224,2.3640230008516224e-13,0.20000000298046863,True,True
17,8,0.008439179509878159,0.001,True,True,True,0.008018051222978717,True,0.20000000298023224,2.364023000851687e-13,0.20000000298046863,True,True
17,9,0.011486165225505829,0.001,True,True,True,0.01135164360190355,True,0.20000000298023224,2.364023000851687e-13,0.20000000298046863,True,True
17,10,0.014797110110521317,0.001,True,True,True,0.014847223871509496,True,0.20000000298023224,2.364023000851687e-13,0.20000000298046863,True,True
17,11,0.01611562818288803,0.001,True,True,True,0.009696595967561561,True,0.20000000298023224,2.3640230008516224e-13,0.20000000298046863,True,True
17,12,0.013238310813903809,0.001,True,True,True,0.00801656296570763,True,0.20000000298023224,2.364023000851687e-13,0.20000000298046863,True,True
17,13,0.011439640074968338,0.001,True,True,True,0.006999697793594217,True,0.20000000298023224,2.3640230008516547e-13,0.20000000298046863,True,True
17,14,0.01043238490819931,0.001,True,True,True,0.0065589219764116136,True,0.20000000298023224,2.3640230008516547e-13,0.20000000298046863,True,True
17,15,0.009993176907300949,0.001,True,True,True,0.006518984556437402,True,0.20000000298023224,2.3640230008516547e-13,0.20000000298046863,True,True
17,16,0.00993867963552475,0.001,True,True,True,0.006736616625299119,True,0.20000000298023224,2.3640230008516547e-13,0.20000000298046863,True,True
17,17,0.010115884244441986,0.001,True,True,True,0.007090258704086361,True,0.20000000298023224,2.3640230008516547e-13,0.20000000298046863,True,True
17,18,0.010391902178525925,0.001,True,True,True,0.00747105965640138,True,0.20000000298023224,2.364023000851687e-13,0.20000000298046863,True,True
17,19,0.010645098984241486,0.001,True,True,True,0.007775746416860185,True,0.20000000298023224,2.364023000851687e-13,0.20000000298046863,True,True
17,20,0.01090385764837265,0.001,True,True,True,0.01075976147593577,True,0.20000000298023224,5.856129383726942e-14,0.2000000029802908,True,True
18,1,0.0037154629826545715,0.001,True,True,True,0.0012373030953429787,True,0.20000000298023224,1.8622058927916808e-16,0.20000000298023243,True,True
18,2,0.0022608861327171326,0.001,True,True,True,0.0005387386418109763,True,0.19999533682174825,1.8737260427786968e-16,0.19999533682174844,True,True
18,3,0.0015175044536590576,0.001,True,True,True,0.00047189814065984326,True,0.17035134519915118,1.86205539309736e-16,0.17035134519915138,True,True
18,4,0.001671120524406433,0.001,True,True,True,0.0012297835712959948,True,0.22312854047964592,1.8628956797546204e-16,0.22312854047964611,True,True
18,5,0.002763833850622177,0.001,True,True,True,0.002890826462877194,True,0.20000000167336848,1.8622074411966432e-16,0.20000000167336868,True,True
18,6,0.004590757191181183,0.001,True,True,True,0.005269428103028551,True,0.20000000298023224,1.8622058927916808e-16,0.20000000298023243,True,True
18,7,0.007042557001113892,0.001,True,True,True,0.008191566521466354,True,0.20000000298023224,1.8622058927916808e-16,0.20000000298023243,True,True
18,8,0.009967692196369171,0.001,True,True,True,0.011467795739720898,True,0.20000000298023224,1.8622058927916808e-16,0.20000000298023243,True,True
18,9,0.013202007859945297,0.001,True,True,True,0.014926462934428786,True,0.20000000298023224,1.8622058927916808e-16,0.20000000298023243,True,True
18,10,0.014476172626018524,0.001,True,True,True,0.008775780149907653,True,0.20000000298023224,1.8622058927916808e-16,0.20000000298023243,True,True
18,11,0.011472020298242569,0.001,True,True,True,0.006874606077579282,True,0.20000000298023224,1.8622058927916808e-16,0.20000000298023243,True,True
18,12,0.009574774652719498,0.001,True,True,True,0.00575782030328309,True,0.20000000298023224,1.8622058927916808e-16,0.20000000298023243,True,True
18,13,0.00848417729139328,0.001,True,True,True,0.005242290093091961,True,0.20000000298023224,1.8622058927957198e-16,0.20000000298023243,True,True
18,14,0.007983781397342682,0.001,True,True,True,0.005155936535789718,True,0.20000000298023224,1.8622058927957198e-16,0.20000000298023243,True,True
18,15,0.007897540926933289,0.001,True,True,True,0.005360092582378517,True,0.20000000298023224,1.8622058927957198e-16,0.20000000298023243,True,True
18,16,0.008080750703811646,0.001,True,True,True,0.005739965284371484,True,0.20000000298023224,1.8622058927957198e-16,0.20000000298023243,True,True
18,17,0.008410260081291199,0.001,True,True,True,0.006195642943392365,True,0.20000000298023224,1.8622058927957198e-16,0.20000000298023243,True,True
18,18,0.008775722235441208,0.001,True,True,True,0.006634456451085791,True,0.20000000298023224,1.8622058927916808e-16,0.20000000298023243,True,True
18,19,0.009074549190700054,0.001,True,True,True,0.007290046553389773,True,0.20000000298023224,1.8622058927916808e-16,0.20000000298023243,True,True
18,20,0.020546164363622665,0.001,True,True,True,0.03348416881279867,True,0.20000000298023224,4.100353691998236e-17,0.20000000298023227,True,True
19,1,0.003081083297729492,0.001,True,True,True,0.0010145333207844942,True,0.20000000297924242,1.1875418555595879e-11,0.20000000299111784,True,True
19,2,0.0024242401123046875,0.001,True,True,True,0.0010960296076423237,True,0.1999999455328749,1.244382445136765e-11,0.19999994554531872,True,True
19,3,0.0024786479771137238,0.001,True,True,True,0.001964874275607653,True,0.20000003022085924,1.1914219120536791e-11,0.20000003023277346,True,True
19,4,0.0033887699246406555,0.001,True,True,True,0.003730968252073752,True,0.20000000298023216,1.1875418554546292e-11,0.20000000299210757,True,True
19,5,0.00506775826215744,0.001,True,True,True,0.006178965611791876,True,0.20000000298023224,1.1875418554548e-11,0.20000000299210766,True,True
19,6,0.007401358336210251,0.001,True,True,True,0.009148638817176313,True,0.20000000298023224,1.1875418554548668e-11,0.20000000299210766,True,True
19,7,0.010235961526632309,0.001,True,True,True,0.012462896718866912,True,0.20000000298023224,1.1875418554548668e-11,0.20000000299210766,True,True
19,8,0.01340654119849205,0.001,True,True,True,0.015959537429058757,True,0.20000000298023224,1.1875418554548668e-11,0.20000000299210766,True,True
19,9,0.013741598464548588,0.001,True,True,True,0.008754997257448327,True,0.20000000298023224,1.1875418554548668e-11,0.20000000299210766,True,True
19,10,0.010546676814556122,0.001,True,True,True,0.006703127537767695,True,0.20000000298023224,1.1875418554548668e-11,0.20000000299210766,True,True
19,11,0.008530676364898682,0.001,True,True,True,0.005496506904733245,True,0.20000000298023224,1.1875418554548668e-11,0.20000000299210766,True,True
19,12,0.007343057543039322,0.001,True,True,True,0.004912549428181756,True,0.20000000298023224,1.1875418554548668e-11,0.20000000299210766,True,True
19,13,0.006769124418497086,0.001,True,True,True,0.004781049228632095,True,0.20000000298023224,1.1875418554548668e-11,0.20000000299210766,True,True
19,14,0.006636131554841995,0.001,True,True,True,0.0049663717627216886,True,0.20000000298023224,1.1875418554548668e-11,0.20000000299210766,True,True
19,15,0.006804518401622772,0.001,True,True,True,0.005358509150154511,True,0.20000000298023224,1.1875418554548668e-11,0.20000000299210766,True,True
19,16,0.007158055901527405,0.001,True,True,True,0.005863984099298336,True,0.20000000298023224,1.1875418554548668e-11,0.20000000299210766,True,True
19,17,0.0075956061482429504,0.001,True,True,True,0.006398931833932864,True,0.20000000298023224,1.1875418554548668e-11,0.20000000299210766,True,True
19,18,0.008023403584957123,0.001,True,True,True,0.006882865955742945,True,0.20000000298023224,1.1875418554548668e-11,0.20000000299210766,True,True
19,19,0.018234960734844208,0.001,True,True,True,0.03141994352409658,True,0.20000000298023224,1.1875418554548668e-11,0.20000000299210766,True,True
19,20,0.03558165580034256,0.001,True,True,True,0.05022536330767707,True,0.20000000298023224,2.7119321414690502e-12,0.20000000298294418,True,True
20,1,0.0030538812279701233,0.001,True,True,True,0.0017474948869112827,True,0.2000000029776632,2.5265618582863924e-15,0.20000000297766574,True,True
20,2,0.003307066857814789,0.001,True,True,True,0.0026233947748770525,True,0.2000000029802316,2.5265618575658405e-15,0.20000000298023413,True,True
20,3,0.0043150149285793304,0.001,True,True,True,0.004314502222622085,True,0.20000000298023224,2.5265618575626094e-15,0.20000000298023476,True,True
20,4,0.00605345144867897,0.001,True,True,True,0.006677410353602031,True,0.20000000298023224,2.5265618575706873e-15,0.20000000298023476,True,True
20,5,0.008420374244451523,0.001,True,True,True,0.00956609843382994,True,0.20000000298023224,2.526561857572303e-15,0.20000000298023476,True,True
20,6,0.011276740580797195,0.001,True,True,True,0.012814700930507739,True,0.20000000298023224,2.5265618575626094e-15,0.20000000298023476,True,True
20,7,0.014467775821685791,0.001,True,True,True,0.01626507359381446,True,0.20000000298023224,2.5265618575626094e-15,0.20000000298023476,True,True
20,8,0.013915155082941055,0.001,True,True,True,0.008526249036126643,True,0.20000000298023224,2.5265618575626094e-15,0.20000000298023476,True,True
20,9,0.01053348183631897,0.001,True,True,True,0.006364771855457918,True,0.20000000298023224,2.5265618575626094e-15,0.20000000298023476,True,True
20,10,0.008402824401855469,0.001,True,True,True,0.005078511725434942,True,0.20000000298023224,2.5265618575626094e-15,0.20000000298023476,True,True
20,11,0.00712193176150322,0.001,True,True,True,0.004432678636098419,True,0.20000000298023224,2.5265618575626094e-15,0.20000000298023476,True,True
20,12,0.006476659327745438,0.001,True,True,True,0.004257114675455309,True,0.20000000298023224,2.5265618575626094e-15,0.20000000298023476,True,True
20,13,0.006295967847108841,0.001,True,True,True,0.004418092444345767,True,0.20000000298023224,2.5265618575626094e-15,0.20000000298023476,True,True
20,14,0.006442870944738388,0.001,True,True,True,0.00480876388457846,True,0.20000000298023224,2.5265618575626094e-15,0.20000000298023476,True,True
20,15,0.00680580735206604,0.001,True,True,True,0.0053410290178530495,True,0.20000000298023224,2.5265618575626094e-15,0.20000000298023476,True,True
20,16,0.007290057837963104,0.001,True,True,True,0.00593815431754896,True,0.20000000298023224,2.5265618575626094e-15,0.20000000298023476,True,True
20,17,0.007810443639755249,0.001,True,True,True,0.0065287248150964206,True,0.20000000298023224,2.5265618575626094e-15,0.20000000298023476,True,True
20,18,0.016087180003523827,0.001,True,True,True,0.02877990492236132,True,0.20000000298023224,2.5265618575626094e-15,0.20000000298023476,True,True
20,19,0.033386047929525375,0.001,True,True,True,0.048071739125975343,True,0.20000000298023224,2.5265618575626094e-15,0.20000000298023476,True,True
20,20,0.051323506981134415,0.001,True,True,True,0.06616481579256234,True,0.20000000298023224,8.65648988354969e-16,0.2000000029802331,True,True
21,1,0.0038418136537075043,0.001,True,True,True,0.003243848113136494,True,0.20000000298023224,1.4933351353963337e-12,0.20000000298172557,True,True
21,2,0.004813008010387421,0.001,True,True,True,0.004978270640677129,True,0.20000000298023224,1.4933351353960267e-12,0.20000000298172557,True,True
21,3,0.006487812846899033,0.001,True,True,True,0.007348686443820696,True,0.20000000298023224,1.4933351353960235e-12,0.20000000298172557,True,True
21,4,0.00878601148724556,0.001,True,True,True,0.010228918425973954,True,0.20000000298023224,1.4933351353960316e-12,0.20000000298172557,True,True
21,5,0.011579561978578568,0.001,True,True,True,0.013465836371398754,True,0.20000000298023224,1.4933351353960332e-12,0.20000000298172557,True,True
21,6,0.014719776809215546,0.001,True,True,True,0.016908564471214138,True,0.20000000298023224,1.4933351353960235e-12,0.20000000298172557,True,True
21,7,0.013765971176326275,0.001,True,True,True,0.00874162750479801,True,0.20000000298023224,1.4933351353960235e-12,0.20000000298172557,True,True
21,8,0.010209959000349045,0.001,True,True,True,0.006383872168841842,True,0.20000000298023224,1.4933351353960235e-12,0.20000000298172557,True,True
21,9,0.007982559502124786,0.001,True,True,True,0.0050118714362270556,True,0.20000000298023224,1.4933351353960235e-12,0.20000000298172557,True,True
21,10,0.0066213831305503845,0.001,True,True,True,0.00429688775499093,True,0.20000000298023224,1.4933351353960235e-12,0.20000000298172557,True,True
21,11,0.0059121474623680115,0.001,True,True,True,0.0040693985980137515,True,0.20000000298023224,1.4933351353960235e-12,0.20000000298172557,True,True
21,12,0.005684487521648407,0.001,True,True,True,0.004196995722263397,True,0.20000000298023224,1.4933351353960235e-12,0.20000000298172557,True,True
21,13,0.0058035776019096375,0.001,True,True,True,0.0045752317327313885,True,0.20000000298023224,1.4933351353960235e-12,0.20000000298172557,True,True
21,14,0.0061612725257873535,0.001,True,True,True,0.005119533046611058,True,0.20000000298023224,1.4933351353960235e-12,0.20000000298172557,True,True
21,15,0.006668299436569214,0.001,True,True,True,0.005758347887581117,True,0.20000000298023224,1.4933351353960235e-12,0.20000000298172557,True,True
21,16,0.007246740162372589,0.001,True,True,True,0.006426822205662819,True,0.20000000298023224,1.4933351353960235e-12,0.20000000298172557,True,True
21,17,0.013851422816514969,0.001,True,True,True,0.02611220347248372,True,0.20000000298023224,1.4933351353960235e-12,0.20000000298172557,True,True
21,18,0.031062697991728783,0.001,True,True,True,0.045620050726707106,True,0.20000000298023224,1.4933351353960235e-12,0.20000000298172557,True,True
21,19,0.049154412001371384,0.001,True,True,True,0.06382638800014911,True,0.20000000298023224,1.4933351353960235e-12,0.20000000298172557,True,True
21,20,0.06452310085296631,0.001,True,True,True,0.04694941091009747,True,0.20000000298023224,8.827672660092894e-13,0.200000002981115,True,True
22,1,0.005459781736135483,0.001,True,True,True,0.005653516413196669,True,0.20000000298023224,1.9720313186423605e-11,0.20000000299995255,True,True
22,2,0.007191404700279236,0.001,True,True,True,0.00806253939323831,True,0.20000000298023224,1.9720313186421643e-11,0.20000000299995255,True,True
22,3,0.009495984762907028,0.001,True,True,True,0.01096031249861551,True,0.20000000298023224,1.972031318642164e-11,0.20000000299995255,True,True
22,4,0.012275509536266327,0.001,True,True,True,0.01420643661075982,True,0.20000000298023224,1.9720313186421647e-11,0.20000000299995255,True,True
22,5,0.015397973358631134,0.001,True,True,True,0.01765714873230806,True,0.20000000298023224,1.972031318642165e-11,0.20000000299995255,True,True
22,6,0.014083148911595345,0.001,True,True,True,0.009144423384475076,True,0.20000000298023224,1.972031318642164e-11,0.20000000299995255,True,True
22,7,0.010350942611694336,0.001,True,True,True,0.006630913733259636,True,0.20000000298023224,1.972031318642164e-11,0.20000000299995255,True,True
22,8,0.008019823580980301,0.001,True,True,True,0.005189730497443645,True,0.20000000298023224,1.972031318642164e-11,0.20000000299995255,True,True
22,9,0.006572205573320389,0.001,True,True,True,0.0044193237864138535,True,0.20000000298023224,1.972031318642164e-11,0.20000000299995255,True,True
22,10,0.005793783813714981,0.001,True,True,True,0.004149678100467069,True,0.20000000298023224,1.972031318642164e-11,0.20000000299995255,True,True
22,11,0.005514640361070633,0.001,True,True,True,0.004248581200954338,True,0.20000000298023224,1.972031318642164e-11,0.20000000299995255,True,True
22,12,0.005600929260253906,0.001,True,True,True,0.004612587573009419,True,0.20000000298023224,1.972031318642164e-11,0.20000000299995255,True,True
22,13,0.005946759134531021,0.001,True,True,True,0.005159454017773402,True,0.20000000298023224,1.972031318642164e-11,0.20000000299995255,True,True
22,14,0.006466273218393326,0.001,True,True,True,0.005821363208917019,True,0.20000000298023224,1.972031318642164e-11,0.20000000299995255,True,True
22,15,0.007086478173732758,0.001,True,True,True,0.006538955419441161,True,0.20000000298023224,1.972031318642164e-11,0.20000000299995255,True,True
22,16,0.01180177927017212,0.001,True,True,True,0.023158747278087394,True,0.20000000298023224,1.972031318642164e-11,0.20000000299995255,True,True
22,17,0.028596634045243263,0.001,True,True,True,0.04313947146348829,True,0.20000000298023224,1.972031318642164e-11,0.20000000299995255,True,True
22,18,0.04668332263827324,0.001,True,True,True,0.06139390094381775,True,0.20000000298023224,1.972031318642164e-11,0.20000000299995255,True,True
22,19,0.06483975797891617,0.001,True,True,True,0.07960798950331927,True,0.20000000298023224,1.972031318642164e-11,0.20000000299995255,True,True
22,20,0.047962676733732224,0.001,True,True,True,0.03046747460476179,True,0.20000000298023224,1.0060807608917963e-11,0.20000000299029305,True,True
23,1,0.007861990481615067,0.001,True,True,True,0.008725578797598943,True,0.20000000298023224,9.700822552794656e-13,0.20000000298120232,True,True
23,2,0.010218039155006409,0.001,True,True,True,0.011674360874636025,True,0.20000000298023224,9.700822552791587e-13,0.20000000298120232,True,True
23,3,0.013019979000091553,0.001,True,True,True,0.014960824265096706,True,0.20000000298023224,9.700822552791555e-13,0.20000000298120232,True,True
23,4,0.016152068972587585,0.001,True,True,True,0.018445448057774816,True,0.20000000298023224,9.70082255279162e-13,0.20000000298120232,True,True
23,5,0.014567429199814796,0.001,True,True,True,0.009704366430176914,True,0.20000000298023224,9.700822552791651e-13,0.20000000298120232,True,True
23,6,0.01069067046046257,0.001,True,True,True,0.007087906706798597,True,0.20000000298023224,9.700822552791555e-13,0.20000000298120232,True,True
23,7,0.0082729272544384,0.001,True,True,True,0.005594665708350766,True,0.20000000298023224,9.700822552791555e-13,0.20000000298120232,True,True
23,8,0.006752483546733856,0.001,True,True,True,0.004780522099909756,True,0.20000000298023224,9.700822552791555e-13,0.20000000298120232,True,True
23,9,0.00591486319899559,0.001,True,True,True,0.0044760064214305895,True,0.20000000298023224,9.700822552791555e-13,0.20000000298120232,True,True
23,10,0.005589604377746582,0.001,True,True,True,0.004549377300863855,True,0.20000000298023224,9.700822552791555e-13,0.20000000298120232,True,True
23,11,0.005643103271722794,0.001,True,True,True,0.004898356479464683,True,0.20000000298023224,9.700822552791555e-13,0.20000000298120232,True,True
23,12,0.005970563739538193,0.001,True,True,True,0.005442713769019392,True,0.20000000298023224,9.700822552791555e-13,0.20000000298120232,True,True
23,13,0.006488371640443802,0.001,True,True,True,0.006117344687446957,True,0.20000000298023224,9.700822552791555e-13,0.20000000298120232,True,True
23,14,0.007127396762371063,0.001,True,True,True,0.0068671873755854485,True,0.20000000298023224,9.700822552791555e-13,0.20000000298120232,True,True
23,15,0.010175657458603382,0.001,True,True,True,0.02001697070818742,True,0.20000000298023224,9.700822552791555e-13,0.20000000298120232,True,True
23,16,0.026257067918777466,0.001,True,True,True,0.04078720012038234,True,0.20000000298023224,9.700822552791555e-13,0.20000000298120232,True,True
23,17,0.04424711689352989,0.001,True,True,True,0.05903413198736929,True,0.20000000298023224,9.700822552791555e-13,0.20000000298120232,True,True
23,18,0.06240415945649147,0.001,True,True,True,0.07723373597379124,True,0.20000000298023224,9.700822552791555e-13,0.20000000298120232,True,True
23,19,0.049640629440546036,0.001,True,True,True,0.03219175625687504,True,0.20000000298023224,9.700822552791555e-13,0.20000000298120232,True,True
23,20,0.03147715702652931,0.001,True,True,True,0.014004135572948107,True,0.20000000298023224,4.512800734205977e-13,0.20000000298068352,True,True
24,1,0.010884638875722885,0.001,True,True,True,0.012348566791311688,True,0.20000000298023224,1.9490957808037868e-11,0.2000000029997232,True,True
24,2,0.013750623911619186,0.001,True,True,True,0.015692911327998993,True,0.20000000298023224,1.949095780803756e-11,0.2000000029997232,True,True
24,3,0.016925819218158722,0.001,True,True,True,0.019227764206470876,True,0.20000000298023224,1.9490957808037558e-11,0.2000000029997232,True,True
24,4,0.015187438577413559,0.001,True,True,True,0.009772458179575061,True,0.20000000298023224,1.9490957808037564e-11,0.2000000029997232,True,True
24,5,0.011220615357160568,0.001,True,True,True,0.006947113675578653,True,0.20000000298023224,1.9490957808037568e-11,0.2000000029997232,True,True
24,6,0.008738964796066284,0.001,True,True,True,0.005348347030285416,True,0.20000000298023224,1.9490957808037558e-11,0.2000000029997232,True,True
24,7,0.007162284106016159,0.001,True,True,True,0.0044540134252585295,True,0.20000000298023224,1.9490957808037558e-11,0.2000000029997232,True,True
24,8,0.00627739354968071,0.001,True,True,True,0.004090367375739534,True,0.20000000298023224,1.9490957808037558e-11,0.2000000029997232,True,True
24,9,0.0059142522513866425,0.001,True,True,True,0.0041200772626945326,True,0.20000000298023224,1.9490957808037558e-11,0.2000000029997232,True,True
24,10,0.0059397295117378235,0.001,True,True,True,0.004434646964417366,True,0.20000000298023224,1.9490957808037558e-11,0.2000000029997232,True,True
24,11,0.006250053644180298,0.001,True,True,True,0.004946952258510606,True,0.20000000298023224,1.9490957808037558e-11,0.2000000029997232,True,True
24,12,0.006763383746147156,0.001,True,True,True,0.005584833761143104,True,0.20000000298023224,1.9490957808037558e-11,0.2000000029997232,True,True
24,13,0.007413357496261597,0.001,True,True,True,0.006285355412548044,True,0.20000000298023224,1.9490957808037558e-11,0.2000000029997232,True,True
24,14,0.009212256409227848,0.001,True,True,True,0.015016997310812075,True,0.20000000298023224,1.9490957808037558e-11,0.2000000029997232,True,True
24,15,0.024181369692087173,0.001,True,True,True,0.036990499968800605,True,0.20000000298023224,1.9490957808037558e-11,0.2000000029997232,True,True
24,16,0.04197821021080017,0.001,True,True,True,0.05521600275274463,True,0.20000000298023224,1.9490957808037558e-11,0.2000000029997232,True,True
24,17,0.060043029487133026,0.001,True,True,True,0.07324501645041159,True,0.20000000298023224,1.9490957808037558e-11,0.2000000029997232,True,True
24,18,0.05154070258140564,0.001,True,True,True,0.03616670489813473,True,0.20000000298023224,1.9490957808037558e-11,0.2000000029997232,True,True
24,19,0.03319982811808586,0.001,True,True,True,0.018001802634771802,True,0.20000000298023224,1.9490957808037558e-11,0.2000000029997232,True,True
24,20,0.015012107789516449,0.001,True,True,True,2.3658706183038447e-07,True,0.20000000298023224,1.0793024147686797e-11,0.20000000299102527,True,True
25,1,0.014417760074138641,0.001,True,True,True,0.01656194016822754,True,0.20000000298023224,2.4252222207249324e-17,0.20000000298023227,True,True
25,2,0.01766594499349594,0.001,True,True,True,0.02038062004537866,True,0.20000000298023224,2.4252222207249324e-17,0.20000000298023227,True,True
25,3,0.015423711389303207,0.001,True,True,True,0.008293803130016264,True,0.20000000298023224,2.4252222207249324e-17,0.20000000298023227,True,True
25,4,0.011250525712966919,0.001,True,True,True,0.004611608367068976,True,0.20000000298023224,2.4252222207249324e-17,0.20000000298023227,True,True
25,5,0.008647017180919647,0.001,True,True,True,0.002562730045611583,True,0.20000000298023224,2.4252222207249324e-17,0.20000000298023227,True,True
25,6,0.006973333656787872,0.001,True,True,True,0.0013354826440988843,True,0.20000000298023224,2.4252222207249324e-17,0.20000000298023227,True,True
25,7,0.006013683974742889,0.001,True,True,True,0.0007355939630394048,True,0.20000000298023224,2.4252222207249324e-17,0.20000000298023227,True,True
25,8,0.005593482404947281,0.001,True,True,True,0.0005989383587255981,True,0.20000000298023224,2.4252222207249324e-17,0.20000000298023227,True,True
25,9,0.00557398796081543,0.001,True,True,True,0.0007847750861865732,True,0.20000000298023224,2.4252222207249324e-17,0.20000000298023227,True,True
25,10,0.005844928324222565,0.001,True,True,True,0.0011680245528969957,True,0.20000000298023224,2.4252222207249324e-17,0.20000000298023227,True,True
25,11,0.006317559629678726,0.001,True,True,True,0.0016322223985299478,True,0.20000000298023224,2.4252222207249324e-17,0.20000000298023227,True,True
25,12,0.006917886435985565,0.001,True,True,True,0.0020623699785520255,True,0.20000000298023224,2.4252222207249324e-17,0.20000000298023227,True,True
25,13,0.007675017695873976,0.001,True,True,True,0.003753093260028262,True,0.20000000298023224,2.4252222207249324e-17,0.20000000298023227,True,True
25,14,0.02086452767252922,0.001,True,True,True,0.02517887940774627,True,0.20000000298023224,2.4252222207249324e-17,0.20000000298023227,True,True
25,15,0.038380127400159836,0.001,True,True,True,0.04286838135611659,True,0.20000000298023224,2.4252222207249324e-17,0.20000000298023227,True,True
25,16,0.05622154846787453,0.001,True,True,True,0.06006536096399734,True,0.20000000298023224,2.4252222207249324e-17,0.20000000298023227,True,True
25,17,0.055351581424474716,0.001,True,True,True,0.05045155274540725,True,0.20000000298023224,2.4252222207249324e-17,0.20000000298023227,True,True
25,18,0.03716780245304108,0.001,True,True,True,0.033530453689859185,True,0.20000000298023224,2.4252222207249324e-17,0.20000000298023227,True,True
25,19,0.019001897424459457,0.001,True,True,True,0.016703509745368827,True,0.20000000298023224,2.4252222207249324e-17,0.20000000298023227,True,True
25,20,0.0010005176300182939,0.001,True,True,True,0.0001576108103493734,True,2.7284841053187847e-12,1.5779812517637417e-17,2.7284998851313024e-12,True,True
26,1,0.018576018512248993,0.001,True,True,True,0.021179649379893695,True,0.20000000298023224,2.3015001310895053e-15,0.20000000298023454,True,True
26,2,0.014695686288177967,0.001,True,True,True,0.00852500995115002,True,0.20000000298023224,2.3015001310895053e-15,0.20000000298023454,True,True
26,3,0.009637311100959778,0.001,True,True,True,0.004587193272296841,True,0.20000000298023224,2.3015001310895053e-15,0.20000000298023454,True,True
26,4,0.006498392671346664,0.001,True,True,True,0.0023744574240849303,True,0.20000000298023224,2.3015001310895053e-15,0.20000000298023454,True,True
26,5,0.004408989101648331,0.001,True,True,True,0.0010113847656423869,True,0.20000000298023224,2.3015001310895053e-15,0.20000000298023454,True,True
26,6,0.0031395144760608673,0.001,True,True,True,0.0002978325906279333,True,0.20000000297996673,2.3015001310996027e-15,0.20000000297996903,True,True
26,7,0.0024944953620433807,0.001,True,True,True,6.459107453443691e-05,True,0.19999993554402157,2.302060571956577e-15,0.19999993554402387,True,True
26,8,0.0023083314299583435,0.001,True,True,True,0.00016654463892240567,True,0.19999682551672116,2.3748334738159878e-15,0.19999682551672354,True,True
26,9,0.002439107745885849,0.001,True,True,True,0.00047526644730999656,True,0.19999984055614572,2.302535758354005e-15,0.19999984055614803,True,True
26,10,0.002760745584964752,0.001,True,True,True,0.0008703086049415276,True,0.20000000823585284,2.3015009825172534e-15,0.20000000823585515,True,True
26,11,0.0031556934118270874,0.001,True,True,True,0.0012309053948815207,True,0.20000000298008055,2.3015001310959676e-15,0.20000000298008286,True,True
26,12,0.00350826233625412,0.001,True,True,True,0.0014276382167568435,True,0.20000000298023224,2.3015001310895053e-15,0.20000000298023454,True,True
26,13,0.010253539308905602,0.001,True,True,True,0.01606882205561244,True,0.20000000298023224,2.3015001310895053e-15,0.20000000298023454,True,True
26,14,0.026947176083922386,0.001,True,True,True,0.03235148892508266,True,0.20000000298023224,2.3015001310895053e-15,0.20000000298023454,True,True
26,15,0.04388446733355522,0.001,True,True,True,0.04874492084631438,True,0.20000000298023224,2.3015001310895053e-15,0.20000000298023454,True,True
26,16,0.06106725335121155,0.001,True,True,True,0.0654154708759408,True,0.20000000298023224,2.3015001310895053e-15,0.20000000298023454,True,True
26,17,0.051454685628414154,0.001,True,True,True,0.04631094880300335,True,0.20000000298023224,2.3015001310895053e-15,0.20000000298023454,True,True
26,18,0.03456050157546997,0.001,True,True,True,0.03044028769923318,True,0.20000000298023224,2.3015001310895053e-15,0.20000000298023454,True,True
26,19,0.0177993755787611,0.001,True,True,True,0.014899404114391501,True,0.20000000298023224,2.3015001310895053e-15,0.20000000298023454,True,True
26,20,0.0013751339865848422,0.001,True,True,True,9.847678228425139e-14,True,0.026165325642409698,8.828036035224645e-16,0.02616532564241058,True,True
27,1,0.015092968940734863,0.001,True,True,True,0.009147049721804246,True,0.20000000298023224,3.098635923771323e-13,0.2000000029805421,True,True
27,2,0.00968657061457634,0.001,True,True,True,0.005097544252081865,True,0.20000000298023224,3.098635923771323e-13,0.2000000029805421,True,True
27,3,0.0062955692410469055,0.001,True,True,True,0.0027574403690285854,True,0.20000000298023224,3.098635923771323e-13,0.2000000029805421,True,True
27,4,0.003994707018136978,0.001,True,True,True,0.0012458417563557256,True,0.20000000298023224,3.098635923771323e-13,0.2000000029805421,True,True
27,5,0.002551652491092682,0.001,True,True,True,0.00038122288391101433,True,0.19999998700303007,3.098712473324963e-13,0.19999998700333993,True,True
27,6,0.0017663389444351196,0.001,True,True,True,9.745485865186865e-06,True,0.1866971478607926,3.149531918123761e-13,0.18669714786110755,True,True
27,7,0.0014686472713947296,0.001,True,True,True,5.806154446119649e-10,True,0.03533665638225614,3.0965732208177424e-13,0.03533665638256579,True,True
27,8,0.001512482762336731,0.001,True,True,True,0.00023575067224346213,True,0.12261253619435308,3.088938057823783e-13,0.12261253619466198,True,True
27,9,0.0017679408192634583,0.001,True,True,True,0.0005948657274191804,True,0.1960768777686237,3.128102452770597e-13,0.1960768777689365,True,True
27,10,0.0021132752299308777,0.001,True,True,True,0.0009487242617421954,True,0.19997830433735087,3.1010131164381537e-13,0.19997830433766098,True,True
27,11,0.0024263523519039154,0.001,True,True,True,0.0011596800959732256,True,0.19999995395540635,3.1012114675703594e-13,0.19999995395571646,True,True
27,12,0.0026226933114230633,0.001,True,True,True,0.002544972340742857,True,0.20000000768357015,3.098672184534733e-13,0.20000000768388002,True,True
27,13,0.017224779352545738,0.001,True,True,True,0.02267746837836987,True,0.20000000298023224,3.098635923771323e-13,0.2000000029805421,True,True
27,14,0.033353544771671295,0.001,True,True,True,0.03831002130042671,True,0.20000000298023224,3.098635923771323e-13,0.2000000029805421,True,True
27,15,0.049744948744773865,0.001,True,True,True,0.05424447547474681,True,0.20000000298023224,3.098635923771323e-13,0.2000000029805421,True,True
27,16,0.06331965327262878,0.001,True,True,True,0.057754859298799144,True,0.20000000298023224,3.098635923771323e-13,0.2000000029805421,True,True
27,17,0.04732449725270271,0.001,True,True,True,0.042592368763360755,True,0.20000000298023224,3.098635923771323e-13,0.2000000029805421,True,True
27,18,0.031478963792324066,0.001,True,True,True,0.027719005565661536,True,0.20000000298023224,3.098635923771323e-13,0.2000000029805421,True,True
27,19,0.015986602753400803,0.001,True,True,True,0.013427873046600092,True,0.20000000298023224,3.098635923771323e-13,0.2000000029805421,True,True
27,20,0.0011719679459929466,0.001,True,True,True,0.00017256548921840142,True,8.067218004725873e-09,3.1920519694369776e-14,8.067249925245568e-09,True,True
28,1,0.010249804705381393,0.001,True,True,True,0.004983870020820347,True,0.20000000298023224,9.40713113705008e-16,0.20000000298023318,True,True
28,2,0.006733067333698273,0.001,True,True,True,0.0032701686677854003,True,0.20000000298023224,9.40713113705008e-16,0.20000000298023318,True,True
28,3,0.004290971904993057,0.001,True,True,True,0.0016920009406272696,True,0.20000000298023224,9.40713113705008e-16,0.20000000298023318,True,True
28,4,0.002695459872484207,0.001,True,True,True,0.0007349970339660672,True,0.19999999689731504,9.407133401973995e-16,0.19999999689731598,True,True
28,5,0.0017629750072956085,0.001,True,True,True,0.00026477671208979814,True,0.19068801752764486,9.420236576186991e-16,0.1906880175276458,True,True
28,6,0.0013371855020523071,0.001,True,True,True,0.00016776583015365443,True,5.645119927066844e-10,9.400653243306834e-16,5.645129327720088e-10,True,True
28,7,0.001283947378396988,0.001,True,True,True,0.00034512502870021056,True,0.12145652955530295,9.401222901789976e-16,0.1214565295553039,True,True
28,8,0.001483183354139328,0.001,True,True,True,0.0006896966433502794,True,0.22461515683168898,9.404153322708904e-16,0.22461515683168992,True,True
28,9,0.0018064379692077637,0.001,True,True,True,0.0010659867505927734,True,0.20180537082870842,9.390257040622067e-16,0.20180537082870936,True,True
28,10,0.0021241381764411926,0.001,True,True,True,0.0013366955004157077,True,0.20001254242068708,9.412237980583996e-16,0.20001254242068803,True,True
28,11,0.0022976547479629517,0.001,True,True,True,0.0013485707983639794,True,0.2000000083776262,9.412539986871163e-16,0.20000000837762713,True,True
28,12,0.00832082238048315,0.001,True,True,True,0.014515606194334507,True,0.20000000298023224,9.407131137567068e-16,0.20000000298023318,True,True
28,13,0.02368004620075226,0.001,True,True,True,0.02941052194194993,True,0.20000000298023224,9.40713113705008e-16,0.20000000298023318,True,True
28,14,0.03931019455194473,0.001,True,True,True,0.04461205918680622,True,0.20000000298023224,9.40713113705008e-16,0.20000000298023318,True,True
28,15,0.05524549260735512,0.001,True,True,True,0.06016085103753693,True,0.20000000298023224,9.40713113705008e-16,0.20000000298023318,True,True
28,16,0.058762166649103165,0.001,True,True,True,0.05286636120486227,True,0.20000000298023224,9.40713113705008e-16,0.20000000298023318,True,True
28,17,0.04361439868807793,0.001,True,True,True,0.03851021345054956,True,0.20000000298023224,9.40713113705008e-16,0.20000000298023318,True,True
28,18,0.028768345713615417,0.001,True,True,True,0.024624808873668802,True,0.20000000298023224,9.40713113705008e-16,0.20000000298023318,True,True
28,19,0.014522272162139416,0.001,True,True,True,0.011605092274669881,True,0.20000000298023224,9.40713113705008e-16,0.20000000298023318,True,True
28,20,0.0013358639553189278,0.001,True,True,True,3.8914283842395037e-05,True,6.934897101018578e-12,9.537612929139336e-17,6.934992477147869e-12,True,True
29,1,0.007262416183948517,0.001,True,True,True,0.0035259313054738506,True,0.20000000298023224,2.7502986012072262e-17,0.20000000298023227,True,True
29,2,0.004798375070095062,0.001,True,True,True,0.001818763785647881,True,0.20000000298023224,2.7502986012072262e-17,0.20000000298023227,True,True
29,3,0.003130842000246048,0.001,True,True,True,0.0007449988348777747,True,0.20000000298004636,2.7502986005609913e-17,0.2000000029800464,True,True
29,4,0.002101745456457138,0.001,True,True,True,0.00017591019285428944,True,0.19989441191285423,2.754310314087009e-17,0.19989441191285426,True,True
29,5,0.0015750899910926819,0.001,True,True,True,6.2727600891321345e-15,True,0.12202469103566926,2.7643807805105658e-17,0.12202469103566929,True,True
29,6,0.001434776932001114,0.001,True,True,True,0.00011609561016667769,True,0.04448266516445187,2.7359168096947087e-17,0.0444826651644519,True,True
29,7,0.0015812739729881287,0.001,True,True,True,0.0004339634072458298,True,0.17333754616817743,2.772879522748577e-17,0.17333754616817745,True,True
29,8,0.0018911249935626984,0.001,True,True,True,0.0008094065040778475,True,0.1995545521945512,2.7640409068400745e-17,0.19955455219455123,True,True
29,9,0.0022333934903144836,0.001,True,True,True,0.0011089617729480583,True,0.1999983117810235,2.7543046582799603e-17,0.19999831178102354,True,True
29,10,0.0024697743356227875,0.001,True,True,True,0.001185521819014157,True,0.19999997892721377,2.7517977239362004e-17,0.1999999789272138,True,True
29,11,0.0024464225862175226,0.001,True,True,True,0.0008929020036544943,True,0.19999981904314698,2.7543018160986847e-17,0.199999819043147,True,True
29,12,0.01551819033920765,0.001,True,True,True,0.02165677054567583,True,0.20000000298023224,2.7502986005609913e-17,0.20000000298023227,True,True
29,13,0.030410923063755035,0.001,True,True,True,0.0361694648123122,True,0.20000000298023224,2.7502986012072262e-17,0.20000000298023227,True,True
29,14,0.04561229795217514,0.001,True,True,True,0.05103510638486525,True,0.20000000298023224,2.7502986012072262e-17,0.20000000298023227,True,True
29,15,0.06116403266787529,0.001,True,True,True,0.06630256487631908,True,0.20000000298023224,2.7502986012072262e-17,0.20000000298023227,True,True
29,16,0.05387734994292259,0.001,True,True,True,0.04799892168746461,True,0.20000000298023224,2.7502986012072262e-17,0.20000000298023227,True,True
29,17,0.039536066353321075,0.001,True,True,True,0.034456159724421453,True,0.20000000298023224,2.7502986012072262e-17,0.20000000298023227,True,True
29,18,0.025675436481833458,0.001,True,True,True,0.021600688100293586,True,0.20000000298023224,2.7502986012072262e-17,0.20000000298023227,True,True
29,19,0.012693453580141068,0.001,True,True,True,0.00993420660612232,True,0.20000000298023224,2.7502986012072262e-17,0.20000000298023227,True,True
29,20,0.00118070631287992,0.001,True,True,True,0.0001723957463785064,True,1.1368683772161603e-13,2.971193103179919e-18,1.136898089147192e-13,True,True
30,1,0.005083117634057999,0.001,True,True,True,0.002815498838736885,True,0.20000000298023224,3.192431415584857e-17,0.20000000298023227,True,True
30,2,0.0033080801367759705,0.001,True,True,True,0.002189702969794316,True,0.20000000298023193,3.192431414292387e-17,0.20000000298023196,True,True
30,3,0.0021747760474681854,0.001,True,True,True,0.0018907490765163737,True,0.200018566699118,3.209557379143026e-17,0.20001856669911802,True,True
30,4,0.0015536881983280182,0.001,True,True,True,0.0018431540754110243,True,0.3666253560910917,3.171637675029491e-17,0.36662535609109176,True,True
30,5,0.001332022249698639,0.001,True,True,True,0.001988951865179056,True,1.2058577821484278,3.1558223461939343e-17,1.2058577821484278,True,True
30,6,0.0014126673340797424,0.001,True,True,True,0.002288773491562701,True,0.9234409602837843,3.1764719709243507e-17,0.9234409602837843,True,True
30,7,0.0016824863851070404,0.001,True,True,True,0.002682037841929552,True,0.27629511656069283,3.2224398477553235e-17,0.2762951165606929,True,True
30,8,0.0020127370953559875,0.001,True,True,True,0.003136135353459135,True,0.20098146534550748,3.2069053534222205e-17,0.2009814653455075,True,True
30,9,0.0022687092423439026,0.001,True,True,True,0.003615906646566691,True,0.20001080268358676,3.21006969478827e-17,0.20001080268358679,True,True
30,10,0.0023024603724479675,0.001,True,True,True,0.004077536609884969,True,0.20000646643407877,3.210148215554152e-17,0.2000064664340788,True,True
30,11,0.008452552370727062,0.001,True,True,True,0.01459911184674989,True,0.20000000298023224,3.1924314136461524e-17,0.20000000298023227,True,True
30,12,0.022657403722405434,0.001,True,True,True,0.02781676335453981,True,0.20000000298023224,3.192431416231092e-17,0.20000000298023227,True,True
30,13,0.03716959431767464,0.001,True,True,True,0.041133248885428464,True,0.20000000298023224,3.192431415584857e-17,0.20000000298023227,True,True
30,14,0.052037741988897324,0.001,True,True,True,0.054533922099689436,True,0.20000000298023224,3.192431415584857e-17,0.20000000298023227,True,True
30,15,0.0629039779305458,0.001,True,True,True,0.05742172979003968,True,0.20000000298023224,3.192431415584857e-17,0.20000000298023227,True,True
30,16,0.04902106896042824,0.001,True,True,True,0.044006151916468284,True,0.20000000298023224,3.192431415584857e-17,0.20000000298023227,True,True
30,17,0.03549879789352417,0.001,True,True,True,0.030707831852119116,True,0.20000000298023224,3.192431415584857e-17,0.20000000298023227,True,True
30,18,0.022673573344945908,0.001,True,True,True,0.017700005430372534,True,0.20000000298023224,3.192431415584857e-17,0.20000000298023227,True,True
30,19,0.011048824526369572,0.001,True,True,True,0.005278774415684917,True,0.20000000298023224,3.192431415584857e-17,0.20000000298023227,True,True
30,20,0.0008756518363952637,0.001,False,True,False,4.440892098500626e-16,True,,,,,
31,1,0.004155103117227554,0.001,True,True,True,0.0025294020808422912,True,0.20000000298023224,2.82625349986989e-17,0.20000000298023227,True,True
31,2,0.0033426396548748016,0.001,True,True,True,0.0022863096942782324,True,0.20000000298023216,2.826253499868628e-17,0.20000000298023218,True,True
31,3,0.00289076566696167,0.001,True,True,True,0.002231091301120147,True,0.2000000026720391,2.8262535523613256e-17,0.20000000267203913,True,True
31,4,0.002724975347518921,0.001,True,True,True,0.0023267080444859256,True,0.19999999687248626,2.8262592354553885e-17,0.1999999968724863,True,True
31,5,0.002786051481962204,0.001,True,True,True,0.0025431161175631933,True,0.19999999657948014,2.8262545854346344e-17,0.19999999657948017,True,True
31,6,0.0030263662338256836,0.001,True,True,True,0.0028540252663100674,True,0.20000000297594084,2.826253500718073e-17,0.20000000297594087,True,True
31,7,0.0034051313996315002,0.001,True,True,True,0.0032343853973991754,True,0.20000000298023224,2.826253499871152e-17,0.20000000298023227,True,True
31,8,0.0038828998804092407,0.001,True,True,True,0.0036584797995422025,True,0.20000000298023224,2.826253499871152e-17,0.20000000298023227,True,True
31,9,0.004416011273860931,0.001,True,True,True,0.004096744177669698,True,0.20000000298023224,2.826253499872414e-17,0.20000000298023227,True,True
31,10,0.005011796951293945,0.001,True,True,True,0.006062181252675325,True,0.20000000298023224,2.826253499868628e-17,0.20000000298023227,True,True
31,11,0.01560151670128107,0.001,True,True,True,0.023368834715469355,True,0.20000000298023224,2.8262534998673655e-17,0.20000000298023227,True,True
31,12,0.028818311169743538,0.001,True,True,True,0.03632301310731095,True,0.20000000298023224,2.826253499868628e-17,0.20000000298023227,True,True
31,13,0.042155664414167404,0.001,True,True,True,0.04940947761441672,True,0.20000000298023224,2.82625349986989e-17,0.20000000298023227,True,True
31,14,0.05561303719878197,0.001,True,True,True,0.06261572363066015,True,0.20000000298023224,2.82625349986989e-17,0.20000000298023227,True,True
31,15,0.058609914034605026,0.001,True,True,True,0.05053488425467095,True,0.20000000298023224,2.82625349986989e-17,0.20000000298023227,True,True
31,16,0.04537368565797806,0.001,True,True,True,0.0374324167380341,True,0.20000000298023224,2.82625349986989e-17,0.20000000298023227,True,True
31,17,0.032343171536922455,0.001,True,True,True,0.024490862349428877,True,0.20000000298023224,2.82625349986989e-17,0.20000000298023227,True,True
31,18,0.019709903746843338,0.001,True,True,True,0.01185804547256708,True,0.20000000298023224,2.82625349986989e-17,0.20000000298023227,True,True
31,19,0.007838485762476921,0.001,True,True,True,7.771561172376096e-16,True,0.20000000298023224,2.82625349986989e-17,0.20000000298023227,True,True
31,20,-0.0004742182791233063,0.001,False,True,False,0.0008769456401184206,True,,,,,
32,1,0.0037439800798892975,0.001,True,True,True,0.0025626065641241036,True,0.20000000298023224,5.1954892584071956e-17,0.2000000029802323,True,True
32,2,0.0033973902463912964,0.001,True,True,True,0.002563858810859465,True,0.20000000298023224,5.1954892584059335e-17,0.2000000029802323,True,True
32,3,0.0032582245767116547,0.001,True,True,True,0.002648122127352881,True,0.2000000029802307,5.1954892566149037e-17,0.20000000298023077,True,True
32,4,0.0032864995300769806,0.001,True,True,True,0.0028207438544844976,True,0.2000000029802317,5.195489258012134e-17,0.20000000298023177,True,True
32,5,0.0034489668905735016,0.001,True,True,True,0.0030898462966193474,True,0.20000000298023224,5.195489254419977e-17,0.2000000029802323,True,True
32,6,0.003716796636581421,0.001,True,True,True,0.003464705449337524,True,0.20000000298023224,5.195489259255379e-17,0.2000000029802323,True,True
32,7,0.004062965512275696,0.001,True,True,True,0.003954243691414505,True,0.20000000298023224,5.195489258408458e-17,0.2000000029802323,True,True
32,8,0.004460029304027557,0.001,True,True,True,0.004565344418436035,True,0.20000000298023224,5.195489258408458e-17,0.2000000029802323,True,True
32,9,0.004878353327512741,0.001,True,True,True,0.005301709528701737,True,0.20000000298023224,5.19548925840972e-17,0.2000000029802323,True,True
32,10,0.011676212772727013,0.001,True,True,True,0.021565630596247554,True,0.20000000298023224,5.1954892584059335e-17,0.2000000029802323,True,True
32,11,0.0244015883654356,0.001,True,True,True,0.03447488575607904,True,0.20000000298023224,5.195489258404671e-17,0.2000000029802323,True,True
32,12,0.037357840687036514,0.001,True,True,True,0.04722797545369706,True,0.20000000298023224,5.1954892584059335e-17,0.2000000029802323,True,True
32,13,0.05044323951005936,0.001,True,True,True,0.060068352424623994,True,0.20000000298023224,5.1954892584071956e-17,0.2000000029802323,True,True
32,14,0.0636444091796875,0.001,True,True,True,0.07297075533191916,True,0.20000000298023224,5.1954892584071956e-17,0.2000000029802323,True,True
32,15,0.05155438557267189,0.001,True,True,True,0.038890677880623836,True,0.20000000298023224,5.1954892584071956e-17,0.2000000029802323,True,True
32,16,0.038440655916929245,0.001,True,True,True,0.025711010064019768,True,0.20000000298023224,5.1954892584071956e-17,0.2000000029802323,True,True
32,17,0.025491174310445786,0.001,True,True,True,0.012686671124777948,True,0.20000000298023224,5.1954892584071956e-17,0.2000000029802323,True,True
32,18,0.012891307473182678,0.001,True,True,True,5.551115123125783e-15,True,0.20000000298023224,5.1954892584071956e-17,0.2000000029802323,True,True
32,19,0.0012606600066646934,0.001,True,True,True,0.0003451724609646045,True,1.6143530956469476e-11,5.187979566091753e-17,1.6143582836265138e-11,True,True
32,20,0.00030496343970298767,0.001,False,True,False,0.014321701632794115,True,,,,,
33,1,0.0036678798496723175,0.001,True,True,True,0.0024515306726198283,True,0.20000000298023224,5.806456527234698e-12,0.2000000029860387,True,True
33,2,0.003583565354347229,0.001,True,True,True,0.002443116168221904,True,0.20000000298023224,5.806456527234698e-12,0.2000000029860387,True,True
33,3,0.003605455160140991,0.001,True,True,True,0.0025733389517602068,True,0.20000000298023224,5.806456527234673e-12,0.2000000029860387,True,True
33,4,0.003737330436706543,0.001,True,True,True,0.002825169903857838,True,0.20000000298023224,5.806456527234694e-12,0.2000000029860387,True,True
33,5,0.00398596003651619,0.001,True,True,True,0.003181158063374101,True,0.20000000298023224,5.806456527234677e-12,0.2000000029860387,True,True
33,6,0.004359081387519836,0.001,True,True,True,0.0036223876532456845,True,0.20000000298023224,5.8064565272346804e-12,0.2000000029860387,True,True
33,7,0.0048640333116054535,0.001,True,True,True,0.004127956787878306,True,0.20000000298023224,5.806456527234698e-12,0.2000000029860387,True,True
33,8,0.00550638884305954,0.001,True,True,True,0.004674926053717665,True,0.20000000298023224,5.806456527234698e-12,0.2000000029860387,True,True
33,9,0.010734332725405693,0.001,True,True,True,0.020688514133849922,True,0.20000000298023224,5.806456527234698e-12,0.2000000029860387,True,True
33,10,0.022824594751000404,0.001,True,True,True,0.035004855158493386,True,0.20000000298023224,5.806456527234698e-12,0.2000000029860387,True,True
33,11,0.03547966107726097,0.001,True,True,True,0.048107120094803,True,0.20000000298023224,5.806456527234698e-12,0.2000000029860387,True,True
33,12,0.048242416232824326,0.001,True,True,True,0.061391756109674234,True,0.20000000298023224,5.806456527234698e-12,0.2000000029860387,True,True
33,13,0.06110056862235069,0.001,True,True,True,0.07485019900000078,True,0.20000000298023224,5.806456527234698e-12,0.2000000029860387,True,True
33,14,0.053180139511823654,0.001,True,True,True,0.037583467910793256,True,0.20000000298023224,5.806456527234698e-12,0.2000000029860387,True,True
33,15,0.03999631479382515,0.001,True,True,True,0.023833034209945814,True,0.20000000298023224,5.806456527234698e-12,0.2000000029860387,True,True
33,16,0.026941288262605667,0.001,True,True,True,0.010174302954109093,True,0.20000000298023224,5.806456527234698e-12,0.2000000029860387,True,True
33,17,0.015952061861753464,0.001,True,True,True,3.474683873960771e-10,True,0.20000000298023224,5.806456527234698e-12,0.2000000029860387,True,True
33,18,0.012890681624412537,0.001,True,True,True,0.001441076503778338,True,0.20000000298023224,5.806456527234698e-12,0.2000000029860387,True,True
33,19,0.013154156506061554,0.001,True,True,True,9.01075138529106e-05,True,0.20000000298023224,5.806456527234705e-12,0.2000000029860387,True,True
33,20,0.013066597282886505,0.001,True,True,True,1.5552439447397148e-08,True,0.20000000298023224,1.5521491633915982e-12,0.20000000298178439,True,True
34,1,0.003601301461458206,0.001,True,True,True,0.0025758425650527217,True,0.20000000298023224,1.028992842278049e-12,0.20000000298126122,True,True
34,2,0.0036275237798690796,0.001,True,True,True,0.002734890909671217,True,0.20000000298023224,1.0289928422780554e-12,0.20000000298126122,True,True
34,3,0.003782331943511963,0.001,True,True,True,0.0029907383584356073,True,0.20000000298023224,1.0289928422780627e-12,0.20000000298126122,True,True
34,4,0.004047904163599014,0.001,True,True,True,0.003327140316945143,True,0.20000000298023224,1.0289928422780514e-12,0.20000000298126122,True,True
34,5,0.004405751824378967,0.001,True,True,True,0.003727199081945076,True,0.20000000298023224,1.0289928422780602e-12,0.20000000298126122,True,True
34,6,0.004835665225982666,0.001,True,True,True,0.0041714341315376435,True,0.20000000298023224,1.0289928422780635e-12,0.20000000298126122,True,True
34,7,0.00531565397977829,0.001,True,True,True,0.004637071471566834,True,0.20000000298023224,1.0289928422780554e-12,0.20000000298126122,True,True
34,8,0.010663280263543129,0.001,True,True,True,0.02033435341213405,True,0.20000000298023224,1.0289928422780554e-12,0.20000000298126122,True,True
34,9,0.023088127374649048,0.001,True,True,True,0.03408434048334169,True,0.20000000298023224,1.0289928422780554e-12,0.20000000298126122,True,True
34,10,0.03600488603115082,0.001,True,True,True,0.047048393409570066,True,0.20000000298023224,1.0289928422780554e-12,0.20000000298126122,True,True
34,11,0.0491086021065712,0.001,True,True,True,0.060185103306547916,True,0.20000000298023224,1.0289928422780554e-12,0.20000000298126122,True,True
34,12,0.0623994916677475,0.001,True,True,True,0.0734839940303354,True,0.20000000298023224,1.0289928422780554e-12,0.20000000298126122,True,True
34,13,0.05226117745041847,0.001,True,True,True,0.03963197105743188,True,0.20000000298023224,1.0289928422780554e-12,0.20000000298126122,True,True
34,14,0.03862379118800163,0.001,True,True,True,0.02621666514560239,True,0.20000000298023224,1.0289928422780554e-12,0.20000000298126122,True,True
34,15,0.024901313707232475,0.001,True,True,True,0.012859955900955677,True,0.20000000298023224,1.0289928422780554e-12,0.20000000298126122,True,True
34,16,0.011357160285115242,0.001,True,True,True,5.6951499072255274e-11,True,0.20000000298023224,1.0289928422780554e-12,0.20000000298126122,True,True
34,17,0.0055394843220710754,0.001,True,True,True,6.6179226543283676e-09,True,0.20000000298023224,1.0289928422780554e-12,0.20000000298126122,True,True
34,18,0.0042990148067474365,0.001,True,True,True,4.822223731437703e-10,True,0.20000000298023224,1.0289928422780554e-12,0.20000000298126122,True,True
34,19,0.0035413429141044617,0.001,True,True,True,2.0277459806816722e-06,True,0.20000000298023224,1.0289928422780619e-12,0.20000000298126122,True,True
34,20,0.002948109060525894,0.001,True,True,True,4.9293133930539135e-05,True,0.2000000036233685,4.177914765966979e-13,0.2000000036237863,True,True
35,1,0.0037008747458457947,0.001,True,True,True,0.0027828172818090136,True,0.20000000298023224,9.214374517052356e-16,0.20000000298023315,True,True
35,2,0.0038364827632904053,0.001,True,True,True,0.0030377291455063182,True,0.20000000298023224,9.214374517020044e-16,0.20000000298023315,True,True
35,3,0.004069853574037552,0.001,True,True,True,0.0033831675201637657,True,0.20000000298023224,9.21437451699581e-16,0.20000000298023315,True,True
35,4,0.0043848007917404175,0.001,True,True,True,0.0038011462886842207,True,0.20000000298023224,9.214374517044278e-16,0.20000000298023315,True,True
35,5,0.004764162003993988,0.001,True,True,True,0.004271270567471008,True,0.20000000298023224,9.2143745170362e-16,0.20000000298023315,True,True
35,6,0.005188308656215668,0.001,True,True,True,0.004768997794252161,True,0.20000000298023224,9.214374517003888e-16,0.20000000298023315,True,True
35,7,0.010033924132585526,0.001,True,True,True,0.020238159738248718,True,0.20000000298023224,9.214374517020044e-16,0.20000000298023315,True,True
35,8,0.022295445203781128,0.001,True,True,True,0.03399307062414969,True,0.20000000298023224,9.214374517020044e-16,0.20000000298023315,True,True
35,9,0.03508485481142998,0.001,True,True,True,0.046849805318374294,True,0.20000000298023224,9.214374517020044e-16,0.20000000298023315,True,True
35,10,0.048049598932266235,0.001,True,True,True,0.059888493341610505,True,0.20000000298023224,9.214374517020044e-16,0.20000000298023315,True,True
35,11,0.06118747591972351,0.001,True,True,True,0.07310359804833233,True,0.20000000298023224,9.214374517020044e-16,0.20000000298023315,True,True
35,12,0.054020170122385025,0.001,True,True,True,0.03988473938531201,True,0.20000000298023224,9.214374517020044e-16,0.20000000298023315,True,True
35,13,0.04063916206359863,0.001,True,True,True,0.026516017093920596,True,0.20000000298023224,9.214374517020044e-16,0.20000000298023315,True,True
35,14,0.027228597551584244,0.001,True,True,True,0.013174904049296665,True,0.20000000298023224,9.214374517020044e-16,0.20000000298023315,True,True
35,15,0.013879393227398396,0.001,True,True,True,1.155742168634788e-13,True,0.20000000298023224,9.214374517020044e-16,0.20000000298023315,True,True
35,16,0.0017910398310050368,0.001,True,True,True,7.216449660063518e-16,True,0.16109553170078073,9.188626994176854e-16,0.16109553170078164,True,True
35,17,0.0014809183776378632,0.001,True,True,True,0.0007849275458117755,True,0.2520936666809064,9.18607688252377e-16,0.2520936666809073,True,True
35,18,0.001173693686723709,0.001,True,True,True,0.00021735431821212625,True,0.0003321543640595337,9.18612258140918e-16,0.0003321543640604523,True,True
35,19,0.0009928792715072632,0.001,False,True,False,0.00011020022964647325,True,,,,,
35,20,0.0009756609797477722,0.001,False,True,False,0.00013402052571309664,True,,,,,
36,1,0.0039099715650081635,0.001,True,True,True,0.003113563275297715,True,0.20000000298023224,1.5217740131237614e-14,0.20000000298024745,True,True
36,2,0.004166804254055023,0.001,True,True,True,0.0034721463213510106,True,0.20000000298023224,1.5217740131234383e-14,0.20000000298024745,True,True
36,3,0.004513673484325409,0.001,True,True,True,0.0038981528577294866,True,0.20000000298023224,1.521774013123196e-14,0.20000000298024745,True,True
36,4,0.004932492971420288,0.001,True,True,True,0.004366553526581718,True,0.20000000298023224,1.5217740131236806e-14,0.20000000298024745,True,True
36,5,0.0054023414850234985,0.001,True,True,True,0.004848868504869375,True,0.20000000298023224,1.5217740131236e-14,0.20000000298024745,True,True
36,6,0.010218191891908646,0.001,True,True,True,0.02023131803928041,True,0.20000000298023224,1.5217740131232767e-14,0.20000000298024745,True,True
36,7,0.022319652140140533,0.001,True,True,True,0.034095969827588446,True,0.20000000298023224,1.5217740131234383e-14,0.20000000298024745,True,True
36,8,0.03499644249677658,0.001,True,True,True,0.04694223972166334,True,0.20000000298023224,1.5217740131234383e-14,0.20000000298024745,True,True
36,9,0.04785267636179924,0.001,True,True,True,0.059976852492637234,True,0.20000000298023224,1.5217740131234383e-14,0.20000000298024745,True,True
36,10,0.06089068949222565,0.001,True,True,True,0.07319790666297671,True,0.20000000298023224,1.5217740131234383e-14,0.20000000298024745,True,True
36,11,0.05420202016830444,0.001,True,True,True,0.03995135080693413,True,0.20000000298023224,1.5217740131234383e-14,0.20000000298024745,True,True
36,12,0.040885500609874725,0.001,True,True,True,0.026584166316487967,True,0.20000000298023224,1.5217740131234383e-14,0.20000000298024745,True,True
36,13,0.02751622535288334,0.001,True,True,True,0.013223850957514216,True,0.20000000298023224,1.5217740131234383e-14,0.20000000298024745,True,True
36,14,0.014174914918839931,0.001,True,True,True,1.0320633236915455e-12,True,0.20000000298023224,1.5217740131234383e-14,0.20000000298024745,True,True
36,15,0.0028987955302000046,0.001,True,True,True,5.952571768830239e-12,True,0.2000000078802174,1.5217739570922916e-14,0.20000000788023262,True,True
36,16,0.0029792487621307373,0.001,True,True,True,5.5654925112946785e-12,True,0.20000000315080532,1.5217740111317425e-14,0.20000000315082053,True,True
36,17,0.00195515900850296,0.001,True,True,True,7.842282379044718e-11,True,0.1981561038490518,1.5373032233823596e-14,0.19815610384906718,True,True
36,18,0.001535702496767044,0.001,True,True,True,3.1663949240368083e-11,True,0.08156029425462918,1.5134580950271606e-14,0.08156029425464432,True,True
36,19,0.001459077000617981,0.001,True,True,True,9.886022652105808e-05,True,0.044442342447410965,1.513168938475599e-14,0.0444423424474261,True,True
36,20,0.0014886893332004547,0.001,True,True,True,0.00018597427633226804,True,0.08998998044052087,4.641602999025891e-15,0.0899899804405255,True,True
37,1,0.0042371079325675964,0.001,True,True,True,0.0036569368890234655,True,0.20000000298023224,1.2271717824314505e-14,0.2000000029802445,True,True
37,2,0.004589594900608063,0.001,True,True,True,0.004247637455400022,True,0.20000000298023224,1.2271717824311274e-14,0.2000000029802445,True,True
37,3,0.005006752908229828,0.001,True,True,True,0.004912280781719569,True,0.20000000298023224,1.227171782430885e-14,0.2000000029802445,True,True
37,4,0.005463197827339172,0.001,True,True,True,0.005614648280738543,True,0.20000000298023224,1.2271717824313697e-14,0.2000000029802445,True,True
37,5,0.01033706497400999,0.001,True,True,True,0.020222675635506032,True,0.20000000298023224,1.227171782431289e-14,0.2000000029802445,True,True
37,6,0.022432947531342506,0.001,True,True,True,0.033657982915526075,True,0.20000000298023224,1.2271717824309659e-14,0.2000000029802445,True,True
37,7,0.035096317529678345,0.001,True,True,True,0.0463837593041756,True,0.20000000298023224,1.2271717824311274e-14,0.2000000029802445,True,True
37,8,0.047942303121089935,0.001,True,True,True,0.05929340163503666,True,0.20000000298023224,1.2271717824311274e-14,0.2000000029802445,True,True
37,9,0.060976918786764145,0.001,True,True,True,0.07239111053395986,True,0.20000000298023224,1.2271717824311274e-14,0.2000000029802445,True,True
37,10,0.05425160378217697,0.001,True,True,True,0.039880537862725995,True,0.20000000298023224,1.2271717824311274e-14,0.2000000029802445,True,True
37,11,0.04095349460840225,0.001,True,True,True,0.026576190937979305,True,0.20000000298023224,1.2271717824311274e-14,0.2000000029802445,True,True
37,12,0.027588747441768646,0.001,True,True,True,0.013248346058351679,True,0.20000000298023224,1.2271717824311274e-14,0.2000000029802445,True,True
37,13,0.014232219196856022,0.001,True,True,True,1.6723289419928733e-12,True,0.20000000298023224,1.2271717824311274e-14,0.2000000029802445,True,True
37,14,0.001707451301626861,0.001,True,True,True,1.0222378499236129e-12,True,0.125047763963817,1.2213739783712933e-14,0.12504776396382922,True,True
37,15,0.0016616135835647583,0.001,True,True,True,0.0034842623450441756,True,0.3612500892294612,1.2208847921632524e-14,0.36125008922947344,True,True
37,16,0.001345708966255188,0.001,True,True,True,0.002076972334992877,True,1.2031252947561484,1.2218117437689719e-14,1.2031252947561606,True,True
37,17,0.0010948516428470612,0.001,True,True,True,0.0015480264224065343,True,1.9344653263863165,1.2208560016273064e-14,1.9344653263863287,True,True
37,18,0.0010062195360660553,0.001,True,True,True,0.001569673401526639,True,2.1146107204803,1.2230842871148591e-14,2.1146107204803126,True,True
37,19,0.0011006034910678864,0.001,True,True,True,0.0018082997922363453,True,2.2871110259438865,1.2181376547209873e-14,2.2871110259438985,True,True
37,20,0.0011861622333526611,0.001,True,True,True,0.001947675002531457,True,2.0570721284284446,1.310972836217574e-15,2.057072128428446,True,True
38,1,0.004826240241527557,0.001,True,True,True,0.004242429805503989,True,0.20000000298023224,5.3911748839407205e-12,0.20000000298562343,True,True
38,2,0.005458809435367584,0.001,True,True,True,0.004779022343472883,True,0.20000000298023224,5.391174883940717e-12,0.20000000298562343,True,True
38,3,0.006161440163850784,0.001,True,True,True,0.005317511174421252,True,0.20000000298023224,5.391174883940715e-12,0.20000000298562343,True,True
38,4,0.010447231121361256,0.001,True,True,True,0.01967218698032508,True,0.20000000298023224,5.39117488394072e-12,0.20000000298562343,True,True
38,5,0.02213061787188053,0.001,True,True,True,0.03420499809911681,True,0.20000000298023224,5.391174883940719e-12,0.20000000298562343,True,True
38,6,0.03468644246459007,0.001,True,True,True,0.04704791220198262,True,0.20000000298023224,5.391174883940716e-12,0.20000000298562343,True,True
38,7,0.0474146232008934,0.001,True,True,True,0.060078631811853356,True,0.20000000298023224,5.391174883940717e-12,0.20000000298562343,True,True
38,8,0.060325343161821365,0.001,True,True,True,0.07330086483000287,True,0.20000000298023224,5.391174883940717e-12,0.20000000298562343,True,True
38,9,0.054136134684085846,0.001,True,True,True,0.03959272828900051,True,0.20000000298023224,5.391174883940717e-12,0.20000000298562343,True,True
38,10,0.04091005399823189,0.001,True,True,True,0.026167271158213434,True,0.20000000298023224,5.391174883940717e-12,0.20000000298562343,True,True
38,11,0.027602020651102066,0.001,True,True,True,0.012708110662006833,True,0.20000000298023224,5.391174883940717e-12,0.20000000298562343,True,True
38,12,0.01466986071318388,0.001,True,True,True,2.9834107406756516e-10,True,0.20000000298023224,5.391174883940717e-12,0.20000000298562343,True,True
38,13,0.007309034466743469,0.001,True,True,True,0.0006196286085977665,True,0.20000000298023224,5.391174883940717e-12,0.20000000298562343,True,True
38,14,0.006795138120651245,0.001,True,True,True,1.5207019588014958e-08,True,0.20000000298023224,5.391174883940924e-12,0.20000000298562343,True,True
38,15,0.004825379699468613,0.001,True,True,True,6.99929558756196e-11,True,0.20000000298023224,5.391174883940614e-12,0.20000000298562343,True,True
38,16,0.00384531170129776,0.001,True,True,True,3.681817395406739e-07,True,0.20000000298023224,5.3911748839408595e-12,0.20000000298562343,True,True
38,17,0.0035591311752796173,0.001,True,True,True,0.00028674316006771505,True,0.20000000298023224,5.39117488394043e-12,0.20000000298562343,True,True
38,18,0.003681086003780365,0.001,True,True,True,0.0006946738961877141,True,0.20000000298023224,5.391174883940921e-12,0.20000000298562343,True,True
38,19,0.003943432122468948,0.001,True,True,True,0.0010502779226205794,True,0.20000000298023224,5.391174883940746e-12,0.20000000298562343,True,True
38,20,0.004097670316696167,0.001,True,True,True,0.0012045755656125423,True,0.20000000298023224,4.866582802108119e-12,0.20000000298509882,True,True
39,1,0.005350835621356964,0.001,True,True,True,0.004931210204317915,True,0.20000000298023224,1.4729907577179007e-14,0.20000000298024698,True,True
39,2,0.005826029926538467,0.001,True,True,True,0.005575361866205664,True,0.20000000298023224,1.4729907577175775e-14,0.20000000298024698,True,True
39,3,0.01051724050194025,0.001,True,True,True,0.020196010031869716,True,0.20000000298023224,1.4729907577586942e-14,0.20000000298024698,True,True
39,4,0.022540558129549026,0.001,True,True,True,0.033937344395618574,True,0.20000000298023224,1.47299075771782e-14,0.20000000298024698,True,True
39,5,0.035209495574235916,0.001,True,True,True,0.04672680211891955,True,0.20000000298023224,1.472990757717739e-14,0.20000000298024698,True,True
39,6,0.048056893050670624,0.001,True,True,True,0.059709420628055565,True,0.20000000298023224,1.472990757758775e-14,0.20000000298024698,True,True
39,7,0.061093151569366455,0.001,True,True,True,0.07289265673797207,True,0.20000000298023224,1.4729907577175775e-14,0.20000000298024698,True,True
39,8,0.05394551903009415,0.001,True,True,True,0.039904307828890484,True,0.20000000298023224,1.4729907577175775e-14,0.20000000298024698,True,True
39,9,0.04062020778656006,0.001,True,True,True,0.026593981301250846,True,0.20000000298023224,1.4729907577175775e-14,0.20000000298024698,True,True
39,10,0.027201391756534576,0.001,True,True,True,0.013257855251859185,True,0.20000000298023224,1.4729907577175775e-14,0.20000000298024698,True,True
39,11,0.01374848373234272,0.001,True,True,True,1.4266365866433262e-12,True,0.20000000298023224,1.4729907577175775e-14,0.20000000298024698,True,True
39,12,0.002933129668235779,0.001,True,True,True,0.001297191516598406,True,0.20000000348633531,1.4729907675817063e-14,0.20000000348635005,True,True
39,13,0.00224917009472847,0.001,True,True,True,0.0008494058809314087,True,0.19999460288168888,1.4804483384092315e-14,0.19999460288170368,True,True
39,14,0.0017586275935173035,0.001,True,True,True,0.00041741976513992585,True,0.19147034872408852,1.4782647478140356e-14,0.19147034872410332,True,True
39,15,0.0012753680348396301,0.001,True,True,True,0.00021012666786479617,True,2.960860001621768e-09,1.468685420696023e-14,2.9608746884759747e-09,True,True
39,16,0.0010491684079170227,0.001,True,True,True,0.0002811147406502901,True,0.12802953324728605,1.4711183389999973e-14,0.12802953324730076,True,True
39,17,0.0011776015162467957,0.001,True,True,True,0.0007333499795372234,True,0.6324056336633248,1.4665546708348887e-14,0.6324056336633395,True,True
39,18,0.0014705285429954529,0.001,True,True,True,0.0013129736505718692,True,0.4123869514100704,1.471344145726922e-14,0.41238695141008513,True,True
39,19,0.001758374273777008,0.001,True,True,True,0.0018124378603444624,True,0.2199785970185495,1.5336143661842064e-14,0.21997859701856484,True,True
39,20,0.001892194151878357,0.001,True,True,True,0.0020301948233149014,True,0.20179512793161747,1.6586320544461032e-15,0.20179512793161913,True,True
40,1,0.006061986088752747,0.001,True,True,True,0.005760083367631896,True,0.20000000298023224,1.5358304206102217e-14,0.2000000029802476,True,True
40,2,0.010525472462177277,0.001,True,True,True,0.01990570505165934,True,0.20000000298023224,1.535830420610545e-14,0.2000000029802476,True,True
40,3,0.02233443781733513,0.001,True,True,True,0.03388297752497055,True,0.20000000298023224,1.5358304206109487e-14,0.2000000029802476,True,True
40,4,0.034943465143442154,0.001,True,True,True,0.04665661758096101,True,0.20000000298023224,1.5358304206107872e-14,0.2000000029802476,True,True
40,5,0.04773201793432236,0.001,True,True,True,0.05962387887016868,True,0.20000000298023224,1.5358304206107064e-14,0.2000000029802476,True,True
40,6,0.06071307882666588,0.001,True,True,True,0.07279373960033109,True,0.20000000298023224,1.5358304206103833e-14,0.2000000029802476,True,True
40,7,0.05413355678319931,0.001,True,True,True,0.039883968566467365,True,0.20000000298023224,1.535830420610545e-14,0.2000000029802476,True,True
40,8,0.04090458154678345,0.001,True,True,True,0.02658083724530408,True,0.20000000298023224,1.535830420610545e-14,0.2000000029802476,True,True
40,9,0.027594244107604027,0.001,True,True,True,0.013251298654877286,True,0.20000000298023224,1.535830420610545e-14,0.2000000029802476,True,True
40,10,0.014261121861636639,0.001,True,True,True,2.039590718538875e-12,True,0.20000000298023224,1.535830420610545e-14,0.2000000029802476,True,True
40,11,0.0030318363569676876,0.001,True,True,True,0.0013480196994609672,True,0.20000000302929513,1.5358304249816774e-14,0.20000000302931048,True,True
40,12,0.002567984163761139,0.001,True,True,True,0.0010297260317502221,True,0.19999999576405125,1.5362179931164612e-14,0.1999999957640666,True,True
40,13,0.002075083553791046,0.001,True,True,True,0.0004001759404352878,True,0.19982162073905402,1.5552493735073888e-14,0.19982162073906956,True,True
40,14,0.0016811341047286987,0.001,True,True,True,2.243959306924559e-06,True,0.16459284832317067,1.567099986596912e-14,0.16459284832318635,True,True
40,15,0.0014924071729183197,0.001,True,True,True,-3.885780586188048e-16,True,0.050183252326561956,1.519437831349021e-14,0.05018325232657715,True,True
40,16,0.0016952045261859894,0.001,True,True,True,0.0006685761066348439,True,0.19545723411805938,1.5427558648833943e-14,0.1954572341180748,True,True
40,17,0.0022323764860630035,0.001,True,True,True,0.0015290856847505196,True,0.2000039344792935,1.5545692561743345e-14,0.20000393447930903,True,True
40,18,0.002876974642276764,0.001,True,True,True,0.002375244938126797,True,0.20000000519671723,1.535830577867596e-14,0.20000000519673258,True,True
40,19,0.0034175924956798553,0.001,True,True,True,0.003019097514807334,True,0.2000000029802323,1.535830420610868e-14,0.20000000298024764,True,True
40,20,0.00669139763340354,0.001,True,True,True,0.009043220082150083,True,0.20000000298023224,6.722510664336407e-15,0.20000000298023896,True,True
41,1,0.010571830905973911,0.001,True,True,True,0.020046224462656304,True,0.20000000298023224,1.5193779742618047e-15,0.20000000298023377,True,True
41,2,0.022294746711850166,0.001,True,True,True,0.03422880127640554,True,0.20000000298023224,1.5193779742585735e-15,0.20000000298023377,True,True
41,3,0.034885749220848083,0.001,True,True,True,0.047014607402929176,True,0.20000000298023224,1.5193779742593813e-15,0.20000000298023377,True,True
41,4,0.04765840247273445,0.001,True,True,True,0.059944805947126145,True,0.20000000298023224,1.5193779742609969e-15,0.20000000298023377,True,True
41,5,0.06062478944659233,0.001,True,True,True,0.0730495881636199,True,0.20000000298023224,1.5193779742601891e-15,0.20000000298023377,True,True
41,6,0.054104000329971313,0.001,True,True,True,0.03958190517390142,True,0.20000000298023224,1.519377974256958e-15,0.20000000298023377,True,True
41,7,0.040883999317884445,0.001,True,True,True,0.026366635295778262,True,0.20000000298023224,1.5193779742585735e-15,0.20000000298023377,True,True
41,8,0.027581604197621346,0.001,True,True,True,0.013128800405662666,True,0.20000000298023224,1.5193779742585735e-15,0.20000000298023377,True,True
41,9,0.014254649169743061,0.001,True,True,True,1.3811174426336947e-13,True,0.20000000298023224,1.5193779742585735e-15,0.20000000298023377,True,True
41,10,0.0035226792097091675,0.001,True,True,True,0.0020361622829374593,True,0.20000000298023224,1.5193779742585735e-15,0.20000000298023377,True,True
41,11,0.002904694527387619,0.001,True,True,True,0.0011936415305840442,True,0.2000000036521682,1.5193779876970273e-15,0.20000000365216972,True,True
41,12,0.002274405211210251,0.001,True,True,True,0.0004678292365260517,True,0.1999943943101273,1.5225475373775312e-15,0.19999439431012883,True,True
41,13,0.0017628148198127747,0.001,True,True,True,1.0882385662436267e-05,True,0.18461661462640322,1.587159706682737e-15,0.1846166146264048,True,True
41,14,0.0015045031905174255,0.001,True,True,True,1.9206858326015208e-14,True,0.06213329926265487,1.5104309803941585e-15,0.062133299262656386,True,True
41,15,0.0016633421182632446,0.001,True,True,True,0.0006268501645250724,True,0.19309145917399562,1.51822667648423e-15,0.19309145917399714,True,True
41,16,0.002308882772922516,0.001,True,True,True,0.0016582827878467432,True,0.20000104173937716,1.5225132007677997e-15,0.2000010417393787,True,True
41,17,0.003149062395095825,0.001,True,True,True,0.0027581741601711007,True,0.20000000298072845,1.519377974268267e-15,0.20000000298072998,True,True
41,18,0.003979649394750595,0.001,True,True,True,0.0037502718328805695,True,0.20000000298023224,1.5193779742585735e-15,0.20000000298023377,True,True
41,19,0.006798535585403442,0.001,True,True,True,0.008724485259393733,True,0.20000000298023224,1.5193779742585735e-15,0.20000000298023377,True,True
41,20,0.010075531899929047,0.001,True,True,True,0.011214596739171578,True,0.20000000298023224,2.6774996140632094e-16,0.20000000298023252,True,True
42,1,0.022548329085111618,0.001,True,True,True,0.03465099421191192,True,0.20000000298023224,1.6005545186754666e-14,0.20000000298024825,True,True
42,2,0.03523164242506027,0.001,True,True,True,0.047603901217069367,True,0.20000000298023224,1.6005545186751435e-14,0.20000000298024825,True,True
42,3,0.048016469925642014,0.001,True,True,True,0.06056455564364438,True,0.20000000298023224,1.6005545186752242e-14,0.20000000298024825,True,True
42,4,0.06094574183225632,0.001,True,True,True,0.07361558521276773,True,0.20000000298023224,1.6005545186753858e-14,0.20000000298024825,True,True
42,5,0.05372435972094536,0.001,True,True,True,0.038955711145450156,True,0.20000000298023224,1.600554518675305e-14,0.20000000298024825,True,True
42,6,0.040581945329904556,0.001,True,True,True,0.02586850628564702,True,0.20000000298023224,1.600554518674982e-14,0.20000000298024825,True,True
42,7,0.02736755646765232,0.001,True,True,True,0.012779653342035346,True,0.20000000298023224,1.6005545186751435e-14,0.20000000298024825,True,True
42,8,0.014148213900625706,0.001,True,True,True,1.919853165333052e-12,True,0.20000000298023224,1.6005545186751435e-14,0.20000000298024825,True,True
42,9,0.003969021141529083,0.001,True,True,True,0.0024826058164737486,True,0.20000000298023224,1.6005545186751435e-14,0.20000000298024825,True,True
42,10,0.003224000334739685,0.001,True,True,True,0.0014616648512064678,True,0.2000000029802558,1.6005545186699736e-14,0.20000000298027182,True,True
42,11,0.002475626766681671,0.001,True,True,True,0.0005988202354779149,True,0.1999999187523376,1.601798163250117e-14,0.19999991875235362,True,True
42,12,0.001866620033979416,0.001,True,True,True,5.0380179803188874e-05,True,0.1955963023091849,1.5852769267832796e-14,0.19559630230920075,True,True
42,13,0.0015431717038154602,0.001,True,True,True,4.440892098500626e-16,True,0.0943433737385817,1.59146411674736e-14,0.09434337373859762,True,True
42,14,0.0016841106116771698,0.001,True,True,True,0.0006582935686884617,True,0.19507534163242468,1.594270144711045e-14,0.1950753416324406,True,True
42,15,0.0024019405245780945,0.001,True,True,True,0.0018236922215719709,True,0.20000017289629832,1.605290799674815e-14,0.20000017289631436,True,True
42,16,0.003402501344680786,0.001,True,True,True,0.003137165020122512,True,0.2000000029802323,1.6005545186670655e-14,0.2000000029802483,True,True
42,17,0.004480179399251938,0.001,True,True,True,0.00442712897407449,True,0.20000000298023224,1.6005545186761128e-14,0.20000000298024825,True,True
42,18,0.0068236771039664745,0.001,True,True,True,0.008409649852177181,True,0.20000000298023224,1.6005545186751435e-14,0.20000000298024825,True,True
42,19,0.00977039523422718,0.001,True,True,True,0.010441292824562742,True,0.20000000298023224,1.6005545186751435e-14,0.20000000298024825,True,True
42,20,0.012259909883141518,0.001,True,True,True,0.012034036473502319,True,0.20000000298023224,3.0457199871671746e-15,0.2000000029802353,True,True
43,1,0.03565420210361481,0.001,True,True,True,0.047157675901915996,True,0.20000000298023224,3.6472097797897934e-15,0.20000000298023587,True,True
43,2,0.04860631376504898,0.001,True,True,True,0.059948790149013054,True,0.20000000298023224,3.647209779786562e-15,0.20000000298023587,True,True
43,3,0.06156597286462784,0.001,True,True,True,0.07301075622573344,True,0.20000000298023224,3.64720977978737e-15,0.20000000298023587,True,True
43,4,0.053005799651145935,0.001,True,True,True,0.03932192585027611,True,0.20000000298023224,3.647209779788986e-15,0.20000000298023587,True,True
43,5,0.03995570167899132,0.001,True,True,True,0.026034724325514402,True,0.20000000298023224,3.647209779788178e-15,0.20000000298023587,True,True
43,6,0.026868972927331924,0.001,True,True,True,0.012698918648068713,True,0.20000000298023224,3.647209779784947e-15,0.20000000298023587,True,True
43,7,0.01386514026671648,0.001,True,True,True,6.208367153703875e-13,True,0.20000000298023224,3.647209779786562e-15,0.20000000298023587,True,True
43,8,0.004633467644453049,0.001,True,True,True,0.0029463809974842325,True,0.20000000298023224,3.647209779786562e-15,0.20000000298023587,True,True
43,9,0.003693006932735443,0.001,True,True,True,0.0017539067293680377,True,0.20000000298023224,3.647209779786562e-15,0.20000000298023587,True,True
43,10,0.0027860403060913086,0.001,True,True,True,0.0007529089973614123,True,0.20000000335628718,3.647212533160629e-15,0.2000000033562908,True,True
43,11,0.002056136727333069,0.001,True,True,True,0.00010463768541019158,True,0.19970407217334699,3.707779365039887e-15,0.1997040721733507,True,True
43,12,0.001653093844652176,0.001,True,True,True,2.736699755701011e-14,True,0.1562264752580056,3.637322961886185e-15,0.15622647525800923,True,True
43,13,0.0017613358795642853,0.001,True,True,True,0.0006684872810218678,True,0.19685074148623372,3.640707769740384e-15,0.19685074148623735,True,True
43,14,0.0025261230766773224,0.001,True,True,True,0.0019479421221477722,True,0.2000000192802077,3.649539512462197e-15,0.20000001928021133,True,True
43,15,0.003655463457107544,0.001,True,True,True,0.0034566463676439785,True,0.20000000298023224,3.647209779647622e-15,0.20000000298023587,True,True
43,16,0.004941590130329132,0.001,True,True,True,0.005022682353573171,True,0.20000000298023224,3.647209779757482e-15,0.20000000298023587,True,True
43,17,0.006902775727212429,0.001,True,True,True,0.008187489899791567,True,0.20000000298023224,3.647209779796256e-15,0.20000000298023587,True,True
43,18,0.009466584771871567,0.001,True,True,True,0.009723852803782185,True,0.20000000298023224,3.647209779786562e-15,0.20000000298023587,True,True
43,19,0.011496485210955143,0.001,True,True,True,0.01073239911235413,True,0.20000000298023224,3.647209779786562e-15,0.20000000298023587,True,True
43,20,0.013088750652968884,0.001,True,True,True,0.011311600588661985,True,0.20000000298023224,1.3165359301657474e-15,0.20000000298023354,True,True
44,1,0.048159778118133545,0.001,True,True,True,0.059857593815996146,True,0.20000000298023224,4.577838132751093e-17,0.2000000029802323,True,True
44,2,0.06094980984926224,0.001,True,True,True,0.07288270403309788,True,0.20000000298023224,4.577838135012915e-17,0.2000000029802323,True,True
44,3,0.053510088473558426,0.001,True,True,True,0.039304537943218976,True,0.20000000298023224,4.5778381350936944e-17,0.2000000029802323,True,True
44,4,0.0403219535946846,0.001,True,True,True,0.02592830691510667,True,0.20000000298023224,4.5778381326703137e-17,0.2000000029802323,True,True
44,5,0.027035394683480263,0.001,True,True,True,0.012469003285943248,True,0.20000000298023224,4.577838135174474e-17,0.2000000029802323,True,True
44,6,0.013872439973056316,0.001,True,True,True,7.105427357601002e-15,True,0.20000000298023224,4.5778381348513563e-17,0.2000000029802323,True,True
44,7,0.005321919918060303,0.001,True,True,True,0.003413156400198958,True,0.20000000298023224,4.577838135012915e-17,0.2000000029802323,True,True
44,8,0.004179470241069794,0.001,True,True,True,0.0020721003121441095,True,0.20000000298023224,4.577838135012915e-17,0.2000000029802323,True,True
44,9,0.0031044334173202515,0.001,True,True,True,0.0009362475588121644,True,0.20000000298115952,4.5778381337204453e-17,0.20000000298115958,True,True
44,10,0.0022412054240703583,0.001,True,True,True,0.00017778753449043672,True,0.1999882814438495,4.5939595891760106e-17,0.19998828144384956,True,True
44,11,0.0017438307404518127,0.001,True,True,True,6.217248937900877e-15,True,0.18198090867626426,4.574641019583734e-17,0.18198090867626432,True,True
44,12,0.001803416758775711,0.001,True,True,True,0.0006545239613263698,True,0.1975699739429677,4.575867760097658e-17,0.19756997394296777,True,True
44,13,0.002600584179162979,0.001,True,True,True,0.0020317648349227335,True,0.2000000100072137,4.5779511450098134e-17,0.20000001000721376,True,True
44,14,0.003848329186439514,0.001,True,True,True,0.0037227572839403367,True,0.20000000298023224,4.5778381337204453e-17,0.2000000029802323,True,True
44,15,0.005333080887794495,0.001,True,True,True,0.005552279318203013,True,0.20000000298023224,4.577838132751093e-17,0.2000000029802323,True,True
44,16,0.007090615574270487,0.001,True,True,True,0.008165230111146227,True,0.20000000298023224,4.577838133397328e-17,0.2000000029802323,True,True
44,17,0.00925830565392971,0.001,True,True,True,0.009196070433789894,True,0.20000000298023224,4.577838133397328e-17,0.2000000029802323,True,True
44,18,0.01079230010509491,0.001,True,True,True,0.009593563359931556,True,0.20000000298023224,4.577838135012915e-17,0.2000000029802323,True,True
44,19,0.011799704283475876,0.001,True,True,True,0.009464124927674122,True,0.20000000298023224,4.577838135012915e-17,0.2000000029802323,True,True
44,20,0.0123785100877285,0.001,True,True,True,0.008907436697049964,True,0.20000000298023224,7.790610223389595e-18,0.20000000298023224,True,True
45,1,0.06085875630378723,0.001,True,True,True,0.07322215198636545,True,0.20000000298023224,2.1280631051211936e-11,0.20000000300151288,True,True
45,2,0.05354645475745201,0.001,True,True,True,0.03874491816859965,True,0.20000000298023224,2.1280631051211752e-11,0.20000000300151288,True,True
45,3,0.040304556488990784,0.001,True,True,True,0.02532525222474008,True,0.20000000298023224,2.1280631051211752e-11,0.20000000300151288,True,True
45,4,0.026928706094622612,0.001,True,True,True,0.011890980606753865,True,0.20000000298023224,2.1280631051211933e-11,0.20000000300151288,True,True
45,5,0.013779090717434883,0.001,True,True,True,5.032130268034507e-09,True,0.20000000298023224,2.1280631051211752e-11,0.20000000300151288,True,True
45,6,0.005994550883769989,0.001,True,True,True,0.0037983366301869714,True,0.20000000298023224,2.128063105121175e-11,0.20000000300151288,True,True
45,7,0.00468672439455986,0.001,True,True,True,0.0023310190086064386,True,0.20000000298023224,2.1280631051211752e-11,0.20000000300151288,True,True
45,8,0.0034584924578666687,0.001,True,True,True,0.0010870509388826166,True,0.20000000298023224,2.1280631051211752e-11,0.20000000300151288,True,True
45,9,0.0024600252509117126,0.001,True,True,True,0.00024097217512247804,True,0.1999998778965385,2.1329926966089087e-11,0.19999987791786844,True,True
45,10,0.0018550977110862732,0.001,True,True,True,3.591435482341865e-09,True,0.19497997205309536,2.1226930808082465e-11,0.1949799720743223,True,True
45,11,0.001845669001340866,0.001,True,True,True,0.0006231822224328498,True,0.19817071622426097,2.125932558594469e-11,0.1981707162455203,True,True
45,12,0.0026530995965003967,0.001,True,True,True,0.0020707204846529548,True,0.20000000852602687,2.1280940802788982e-11,0.20000000854730782,True,True
45,13,0.004002563655376434,0.001,True,True,True,0.003904367166832845,True,0.20000000298023224,2.1280631051211717e-11,0.20000000300151288,True,True
45,14,0.005672674626111984,0.001,True,True,True,0.005953359707608241,True,0.20000000298023224,2.128063105121174e-11,0.20000000300151288,True,True
45,15,0.007486123591661453,0.001,True,True,True,0.008075939182071057,True,0.20000000298023224,2.1280631051211936e-11,0.20000000300151288,True,True
45,16,0.008965231478214264,0.001,True,True,True,0.0008146136993918418,True,0.20000000298023224,2.1280631051211943e-11,0.20000000300151288,True,True
45,17,0.008163563907146454,0.001,True,True,True,0.00022257988365415038,True,0.20000000298023224,2.1280631051211943e-11,0.20000000300151288,True,True
45,18,0.007805675268173218,0.001,True,True,True,4.509559345944325e-06,True,0.20000000298023224,2.1280631051211752e-11,0.20000000300151288,True,True
45,19,0.007711272686719894,0.001,True,True,True,4.408561293800517e-10,True,0.20000000298023224,2.1280631051211752e-11,0.20000000300151288,True,True
45,20,0.00770978257060051,0.001,True,True,True,4.9514704224429273e-05,True,0.20000000298023224,5.647506354128429e-12,0.20000000298587975,True,True
46,1,0.053152404725551605,0.001,True,True,True,0.03898811230614818,True,0.20000000298023224,1.7066701218395622e-11,0.20000000299729895,True,True
46,2,0.03974490240216255,0.001,True,True,True,0.025535520704245307,True,0.20000000298023224,1.7066701218395438e-11,0.20000000299729895,True,True
46,3,0.026325618848204613,0.001,True,True,True,0.01187832453751203,True,0.20000000298023224,1.7066701218395438e-11,0.20000000299729895,True,True
46,4,0.0134015753865242,0.001,True,True,True,4.243739470943808e-09,True,0.20000000298023224,1.706670121839562e-11,0.20000000299729895,True,True
46,5,0.006565891206264496,0.001,True,True,True,0.003327375031395241,True,0.20000000298023224,1.7066701218395438e-11,0.20000000299729895,True,True
46,6,0.005118977278470993,0.001,True,True,True,0.001986470873367119,True,0.20000000298023224,1.7066701218395435e-11,0.20000000299729895,True,True
46,7,0.00376327708363533,0.001,True,True,True,0.0008825322735261931,True,0.20000000298023224,1.7066701218395438e-11,0.20000000299729895,True,True
46,8,0.002651892602443695,0.001,True,True,True,0.000160369772990554,True,0.20000000463033937,1.7066708928631954e-11,0.20000000464740608,True,True
46,9,0.0019510723650455475,0.001,True,True,True,1.6300190086582234e-09,True,0.19860082722780348,1.6961955916322536e-11,0.19860082724476544,True,True
46,10,0.001865483820438385,0.001,True,True,True,0.0006343469960928827,True,0.1985893728341055,1.7168072491564612e-11,0.19858937285127357,True,True
46,11,0.002648286521434784,0.001,True,True,True,0.0021154905808106195,True,0.19999999960459994,1.7066712551375116e-11,0.19999999962166665,True,True
46,12,0.004049364477396011,0.001,True,True,True,0.004002357783387311,True,0.20000000298023224,1.7066701218394924e-11,0.20000000299729895,True,True
46,13,0.005846794694662094,0.001,True,True,True,0.006183487833213985,True,0.20000000298023224,1.7066701218395403e-11,0.20000000299729895,True,True
46,14,0.0058112298138439655,0.001,True,True,True,0.003325456750953415,True,0.20000000298023224,1.7066701218395425e-11,0.20000000299729895,True,True
46,15,0.003847431391477585,0.001,True,True,True,0.0018254282478613604,True,0.20000000298023224,1.7066701218395622e-11,0.20000000299729895,True,True
46,16,0.0026971548795700073,0.001,True,True,True,0.0007949683221771808,True,0.20000000277290214,1.7066713754172228e-11,0.20000000278996885,True,True
46,17,0.0020949244499206543,0.001,True,True,True,0.0002070129426743339,True,0.19973733824907197,1.6977847288305657e-11,0.1997373382660498,True,True
46,18,0.0018667206168174744,0.001,True,True,True,3.1277189727063615e-09,True,0.1934982553411695,1.7083049254259458e-11,0.19349825535825255,True,True
46,19,0.0018523558974266052,0.001,True,True,True,0.0001248150903176981,True,0.19335992438822203,1.7406891197128045e-11,0.1933599244056289,True,True
46,20,0.0018855556845664978,0.001,True,True,True,0.0002894497967629306,True,0.19633370578021836,4.6886265860393295e-12,0.196333705784907,True,True
47,1,0.03998873755335808,0.001,True,True,True,0.02578111924193688,True,0.20000000298023224,2.8222552161870774e-17,0.20000000298023227,True,True
47,2,0.026540040969848633,0.001,True,True,True,0.012235399001347402,True,0.20000000298023224,2.82225521586396e-17,0.20000000298023227,True,True
47,3,0.013273896649479866,0.001,True,True,True,7.771561172376096e-15,True,0.20000000298023224,2.82225521586396e-17,0.20000000298023227,True,True
47,4,0.0061472877860069275,0.001,True,True,True,0.0030248665182283085,True,0.20000000298023224,2.8222552171564297e-17,0.20000000298023227,True,True
47,5,0.00475514680147171,0.001,True,True,True,0.0017964989449055224,True,0.20000000298023224,2.82225521586396e-17,0.20000000298023227,True,True
47,6,0.0034603476524353027,0.001,True,True,True,0.0007978771709078458,True,0.20000000298023224,2.8222552155408425e-17,0.20000000298023227,True,True
47,7,0.002410009503364563,0.001,True,True,True,0.00014708931279583393,True,0.1999996581787092,2.83948743852663e-17,0.19999965817870924,True,True
47,8,0.0017433129251003265,0.001,True,True,True,1.5543122344752192e-15,True,0.18275641322398073,2.810945350478168e-17,0.18275641322398076,True,True
47,9,0.0016414523124694824,0.001,True,True,True,0.000560686693666157,True,0.18919552541549933,2.8163061774886835e-17,0.18919552541549936,True,True
47,10,0.0023526474833488464,0.001,True,True,True,0.0019411362223625828,True,0.20000055124834576,2.839494550987428e-17,0.2000005512483458,True,True
47,11,0.003675006330013275,0.001,True,True,True,0.0037782199632439006,True,0.20000000298023224,2.822255216833312e-17,0.20000000298023227,True,True
47,12,0.00544053316116333,0.001,True,True,True,0.0060435222230015295,True,0.20000000298023224,2.8222552161870774e-17,0.20000000298023227,True,True
47,13,0.006977071985602379,0.001,True,True,True,0.005529954004158899,True,0.20000000298023224,2.8222552161870774e-17,0.20000000298023227,True,True
47,14,0.004710949957370758,0.001,True,True,True,0.0032971909352639273,True,0.20000000298023224,2.822255215217725e-17,0.20000000298023227,True,True
47,15,0.0031652413308620453,0.001,True,True,True,0.001656412006456165,True,0.20000000298208556,2.822255217479547e-17,0.2000000029820856,True,True
47,16,0.002188999205827713,0.001,True,True,True,0.0005421375907419534,True,0.19996146690893024,2.839383595371129e-17,0.19996146690893027,True,True
47,17,0.0016927644610404968,0.001,True,True,True,2.7755575615628914e-15,True,0.16299961834330645,2.812130271519131e-17,0.16299961834330648,True,True
47,18,0.00161081925034523,0.001,True,True,True,9.099177826810134e-05,True,0.1364828267156497,2.8127661973111866e-17,0.13648282671564974,True,True
47,19,0.0018819421529769897,0.001,True,True,True,0.0006773051042200384,True,0.19845413272379098,3.481277349174189e-17,0.198454132723791,True,True
47,20,0.002086777240037918,0.001,True,True,True,0.001030443409448134,True,0.19996406620724771,3.886588354293341e-18,0.19996406620724771,True,True
48,1,0.02678554691374302,0.001,True,True,True,0.012274844321880418,True,0.20000000298023224,2.033839201231169e-12,0.20000000298226608,True,True
48,2,0.013518473133444786,0.001,True,True,True,4.6409653897683256e-10,True,0.20000000298023224,2.033839201231166e-12,0.20000000298226608,True,True
48,3,0.0057462602853775024,0.001,True,True,True,0.0029571454760338733,True,0.20000000298023224,2.033839201231166e-12,0.20000000298226608,True,True
48,4,0.004418671131134033,0.001,True,True,True,0.0017545928753452955,True,0.20000000298023224,2.033839201231179e-12,0.20000000298226608,True,True
48,5,0.0032164081931114197,0.001,True,True,True,0.0007910810607190122,True,0.20000000298024395,2.0338392012313727e-12,0.2000000029822778,True,True
48,6,0.002249196171760559,0.001,True,True,True,0.0001618788800682447,True,0.19999158122102348,2.0415514351461618e-12,0.19999158122306504,True,True
48,7,0.001631230115890503,0.001,True,True,True,2.0503465592014436e-10,True,0.1501125927180027,2.0269267715244576e-12,0.15011259272002964,True,True
48,8,0.001518797129392624,0.001,True,True,True,0.00048077405605329027,True,0.17264605904284736,2.02901874179492e-12,0.17264605904487637,True,True
48,9,0.0021349526941776276,0.001,True,True,True,0.0017389910160671151,True,0.200036606343395,2.041902849972779e-12,0.2000366063454369,True,True
48,10,0.003355111926794052,0.001,True,True,True,0.003503431297134041,True,0.20000000298023238,2.033839201231392e-12,0.20000000298226622,True,True
48,11,0.005088314414024353,0.001,True,True,True,0.005794807849198724,True,0.20000000298023224,2.0338392012311756e-12,0.20000000298226608,True,True
48,12,0.007310584187507629,0.001,True,True,True,0.008687304064585621,True,0.20000000298023224,2.033839201231169e-12,0.20000000298226608,True,True
48,13,0.006736479699611664,0.001,True,True,True,0.004218783928533032,True,0.20000000298023224,2.033839201231169e-12,0.20000000298226608,True,True
48,14,0.004653465002775192,0.001,True,True,True,0.002234036622655644,True,0.20000000298023224,2.0338392012311595e-12,0.20000000298226608,True,True
48,15,0.0031313225626945496,0.001,True,True,True,0.0007988860360231831,True,0.200000002984711,2.0338392013134866e-12,0.20000000298674483,True,True
48,16,0.002172749489545822,0.001,True,True,True,9.60385340365022e-06,True,0.19991626499285703,2.0388703436765653e-12,0.1999162649948959,True,True
48,17,0.0018132925033569336,0.001,True,True,True,9.271472478644682e-13,True,0.18886563452235627,2.0277570723244392e-12,0.18886563452438404,True,True
48,18,0.0021490640938282013,0.001,True,True,True,0.0008918118146564735,True,0.19996625625043507,2.0473378843890016e-12,0.1999662562524824,True,True
48,19,0.0028072483837604523,0.001,True,True,True,0.0019028752869630905,True,0.19999999654848905,2.0338401181678866e-12,0.1999999965505229,True,True
48,20,0.003193199634552002,0.001,True,True,True,0.0024114561047944294,True,0.2000000029812218,3.6589011681296963e-13,0.2000000029815877,True,True
49,1,0.013549426570534706,0.001,True,True,True,2.3474000521161997e-12,True,0.20000000298023224,4.0979839904431076e-16,0.20000000298023266,True,True
49,2,0.005641203373670578,0.001,True,True,True,0.002635024234957206,True,0.20000000298023224,4.097983990410796e-16,0.20000000298023266,True,True
49,3,0.004320152103900909,0.001,True,True,True,0.0014870248835071043,True,0.20000000298023224,4.097983990410796e-16,0.20000000298023266,True,True
49,4,0.003157578408718109,0.001,True,True,True,0.0006481623653358803,True,0.20000000298031104,4.097983990540043e-16,0.20000000298031145,True,True
49,5,0.002237580716609955,0.001,True,True,True,0.00013498397524835948,True,0.19998970106955877,4.102927956391194e-16,0.19998970106955918,True,True
49,6,0.0016536377370357513,0.001,True,True,True,1.4027667916138853e-13,True,0.15957202006638482,4.067254482912226e-16,0.15957202006638524,True,True
49,7,0.0015387386083602905,0.001,True,True,True,0.00033571209519212,True,0.15100425339960566,4.090873486217813e-16,0.15100425339960608,True,True
49,8,0.002091445028781891,0.001,True,True,True,0.0012582009410421202,True,0.2000153499989533,4.10400579644617e-16,0.2000153499989537,True,True
49,9,0.0032383017241954803,0.001,True,True,True,0.002681196771194938,True,0.20000000298024026,4.097983990733913e-16,0.20000000298024068,True,True
49,10,0.004935849457979202,0.001,True,True,True,0.004727982911856499,True,0.20000000298023224,4.0979839906046663e-16,0.20000000298023266,True,True
49,11,0.00720549002289772,0.001,True,True,True,0.007576229405342527,True,0.20000000298023224,4.097983989990743e-16,0.20000000298023266,True,True
49,12,0.008129041641950607,0.001,True,True,True,0.008486280085383324,True,0.20000000298023224,4.0979839904431076e-16,0.20000000298023266,True,True
49,13,0.0057119205594062805,0.001,True,True,True,0.005529592120916749,True,0.20000000298023224,4.0979839904431076e-16,0.20000000298023266,True,True
49,14,0.0038237497210502625,0.001,True,True,True,0.003015031723878736,True,0.20000000298023224,4.0979839903461723e-16,0.20000000298023266,True,True
49,15,0.002515234053134918,0.001,True,True,True,0.0011193383227052767,True,0.1999999720920036,4.098995442209966e-16,0.199999972092004,True,True
49,16,0.001877620816230774,0.001,True,True,True,4.280377408205638e-05,True,0.19501859342751793,4.082916541125637e-16,0.19501859342751834,True,True
49,17,0.002037975937128067,0.001,True,True,True,8.659739592076221e-15,True,0.19934220189873636,4.074200161868505e-16,0.19934220189873678,True,True
49,18,0.0029538534581661224,0.001,True,True,True,0.00044188933945399356,True,0.2000000041827638,4.097984008957736e-16,0.20000000418276423,True,True
49,19,0.003991011530160904,0.001,True,True,True,0.0005362739715880638,True,0.20000000298023224,4.0979839902169254e-16,0.20000000298023266,True,True
49,20,-0.010246872901916504,0.001,False,True,False,8.659739592076221e-15,True,,,,,
50,1,0.005430467426776886,0.001,True,True,True,0.0032916987204079096,True,0.20000000298023224,2.3422883912486145e-16,0.20000000298023246,True,True
50,2,0.004018321633338928,0.001,True,True,True,0.0022936253858934497,True,0.20000000298023224,2.342288391216303e-16,0.20000000298023246,True,True
50,3,0.0028625428676605225,0.001,True,True,True,0.001356856210708468,True,0.20000000383583702,2.3422884108618423e-16,0.20000000383583724,True,True
50,4,0.0019994527101516724,0.001,True,True,True,0.0005925447259343408,True,0.19972773462994797,2.3434986330959215e-16,0.1997277346299482,True,True
50,5,0.0014451704919338226,0.001,True,True,True,0.00014874660470187706,True,0.06357661676688053,2.3337636260216234e-16,0.06357661676688077,True,True
50,6,0.0012527257204055786,0.001,True,True,True,0.00020850934886118555,True,2.4101609596982598e-11,2.3297908491471966e-16,2.4101842576067513e-11,True,True
50,7,0.0015236027538776398,0.001,True,True,True,0.0009394648373562964,True,0.2569212579101219,2.3355994916757563e-16,0.2569212579101221,True,True
50,8,0.0022973045706748962,0.001,True,True,True,0.0022156475168850776,True,0.20000239585413285,2.342859475095622e-16,0.20000239585413307,True,True
50,9,0.0036404505372047424,0.001,True,True,True,0.003983037736501882,True,0.20000000298023224,2.3422883910224323e-16,0.20000000298023246,True,True
50,10,0.00567265972495079,0.001,True,True,True,0.006225790327278435,True,0.20000000298023224,2.3422883908931853e-16,0.20000000298023246,True,True
50,11,0.008579091168940067,0.001,True,True,True,0.009208778701856213,True,0.20000000298023224,2.342288391313238e-16,0.20000000298023246,True,True
50,12,0.009535439312458038,0.001,True,True,True,0.002313498572856898,True,0.20000000298023224,2.3422883912486145e-16,0.20000000298023246,True,True
50,13,0.006644211709499359,0.001,True,True,True,0.0009705210745993842,True,0.20000000298023224,2.3422883912486145e-16,0.20000000298023246,True,True
50,14,0.00415213406085968,0.001,True,True,True,0.00017868020984801447,True,0.20000000298023224,2.3422883911516793e-16,0.20000000298023246,True,True
50,15,0.0021835900843143463,0.001,True,True,True,5.995204332975845e-15,True,0.19993637471121783,2.3267312535288285e-16,0.19993637471121806,True,True
50,16,0.0008730553090572357,0.001,False,True,False,0.00024852897390015283,True,,,,,
50,17,0.00035259872674942017,0.001,False,True,False,0.001733362817853079,True,,,,,
50,18,0.0004897825419902802,0.001,False,True,False,0.0031006153981157913,True,,,,,
50,19,0.0004938878118991852,0.001,False,True,False,0.0038904695497248287,True,,,,,
50,20,-0.0006958134472370148,0.001,False,True,False,0.0035565915219324395,True,,,,,
51,1,0.0045297592878341675,0.001,True,True,True,0.002463120108526673,True,0.20000000298023224,3.719784344852624e-17,0.20000000298023227,True,True
51,2,0.0035035274922847748,0.001,True,True,True,0.0017981583557489245,True,0.20000000298023224,3.719784344852624e-17,0.20000000298023227,True,True
51,3,0.0025964416563510895,0.001,True,True,True,0.0014245305949704967,True,0.20000000227726888,3.7198215873672346e-17,0.2000000022772689,True,True
51,4,0.0019159764051437378,0.001,True,True,True,0.0013513322789907023,True,0.20075822537303623,3.8476093478239685e-17,0.20075822537303625,True,True
51,5,0.001600898802280426,0.001,True,True,True,0.0016211790596027953,True,0.2843419236110165,3.6934314772138713e-17,0.28434192361101657,True,True
51,6,0.0018199346959590912,0.001,True,True,True,0.0023166148460576075,True,0.2110860716228391,3.69795844639021e-17,0.21108607162283913,True,True
51,7,0.0026475414633750916,0.001,True,True,True,0.0034673761244380374,True,0.19999999982140348,3.7197958190755664e-17,0.1999999998214035,True,True
51,8,0.003970060497522354,0.001,True,True,True,0.005167385522827583,True,0.20000000298023224,3.7197843451757415e-17,0.20000000298023227,True,True
51,9,0.00574081763625145,0.001,True,True,True,0.0076368918589165835,True,0.20000000298023224,3.7197843445295067e-17,0.20000000298023227,True,True
51,10,0.007947422564029694,0.001,True,True,True,0.011145853459757604,True,0.20000000298023224,3.7197843445295067e-17,0.20000000298023227,True,True
51,11,0.005833741277456284,0.001,True,True,True,0.01218756226493345,True,0.20000000298023224,3.719784344852624e-17,0.20000000298023227,True,True
51,12,0.003841482102870941,0.001,True,True,True,0.008408347598577337,True,0.20000000298023224,3.719784344852624e-17,0.20000000298023227,True,True
51,13,0.0023144856095314026,0.001,True,True,True,0.005081378177491436,True,0.20001437625391652,3.722810727941552e-17,0.20001437625391655,True,True
51,14,0.0012507475912570953,0.001,True,True,True,0.002458862075461199,True,2.1622691407479806,3.69509154275403e-17,2.1622691407479806,True,True
51,15,0.0006928592920303345,0.001,False,True,False,0.0007837920775977114,True,,,,,
51,16,0.00072508305311203,0.001,False,True,False,7.771561172376096e-16,True,,,,,
51,17,0.0013604722917079926,0.001,True,True,True,0.00029384429401235757,True,0.07747184697410603,3.698885198222764e-17,0.07747184697410607,True,True
51,18,0.0022114478051662445,0.001,True,True,True,0.0007922288386746912,True,0.19998560053092246,3.7235674495680217e-17,0.19998560053092249,True,True
51,19,-0.006117925047874451,0.001,False,True,False,0.01072766136713621,True,,,,,
51,20,-0.023378342390060425,0.001,False,True,False,5.551115123125783e-16,True,,,,,
52,1,0.00371512770652771,0.001,True,True,True,0.0017250478913125034,True,0.20000000298023224,3.4278769294599875e-10,0.20000000332301993,True,True
52,2,0.003013715147972107,0.001,True,True,True,0.0008814414412702254,True,0.20000000298726092,3.427876929472792e-10,0.2000000033300486,True,True
52,3,0.0025573112070560455,0.001,True,True,True,0.0002429937585531894,True,0.1999999979283923,3.427878183127266e-10,0.19999999827118012,True,True
52,4,0.002355821430683136,0.001,True,True,True,1.1236445329743106e-08,True,0.1999990102409906,3.4988033352730985e-10,0.19999901059087094,True,True
52,5,0.002451438456773758,0.001,True,True,True,0.00035182956184998115,True,0.19999991738210743,3.4272512537893435e-10,0.19999991772483255,True,True
52,6,0.002926003187894821,0.001,True,True,True,0.0012401471551579668,True,0.20000000310976163,3.427876929808074e-10,0.2000000034525493,True,True
52,7,0.003911059349775314,0.001,True,True,True,0.002536823921088227,True,0.20000000298023224,3.427876929459977e-10,0.20000000332301993,True,True
52,8,0.005587104707956314,0.001,True,True,True,0.004144513161083996,True,0.20000000298023224,3.4278769294599875e-10,0.20000000332301993,True,True
52,9,0.008165143430233002,0.001,True,True,True,0.006008559272335345,True,0.20000000298023224,3.4278769294599875e-10,0.20000000332301993,True,True
52,10,0.012031720019876957,0.001,True,True,True,0.008124948519507735,True,0.20000000298023224,3.4278769294599875e-10,0.20000000332301993,True,True
52,11,0.013146065175533295,0.001,True,True,True,0.0008019886329864168,True,0.20000000298023224,3.4278769294599875e-10,0.20000000332301993,True,True
52,12,0.009512007236480713,0.001,True,True,True,0.00011355615795471952,True,0.20000000298023224,3.4278769294599875e-10,0.20000000332301993,True,True
52,13,0.006130095571279526,0.001,True,True,True,2.3827369521889352e-08,True,0.20000000298023224,3.427876929459977e-10,0.20000000332301993,True,True
52,14,0.0031277239322662354,0.001,True,True,True,2.2230550955626427e-08,True,0.2000000029832115,3.4278769295431884e-10,0.20000000332599918,True,True
52,15,0.0006291568279266357,0.001,False,True,False,0.0006393707080335487,True,,,,,
52,16,-0.0013852417469024658,0.001,False,True,False,0.0026689376950895793,True,,,,,
52,17,-0.002513490617275238,0.001,False,True,False,0.004664691404392407,True,,,,,
52,18,-0.003135986626148224,0.001,False,True,False,0.006003407339585931,True,,,,,
52,19,-0.004072878509759903,0.001,False,True,False,0.0062395339882791445,True,,,,,
52,20,-0.006348561495542526,0.001,False,True,False,0.005004193612227703,True,,,,,
53,1,0.0030101612210273743,0.001,True,True,True,0.001844175526912073,True,0.20000000298774426,5.464231504382755e-17,0.2000000029877443,True,True
53,2,0.0022681578993797302,0.001,True,True,True,0.0019392130470555213,True,0.20000269018854225,5.465513965204457e-17,0.2000026901885423,True,True
53,3,0.0017751529812812805,0.001,True,True,True,0.002240607305680764,True,0.2185022967222121,5.4407219508693226e-17,0.21850229672221216,True,True
53,4,0.0016883835196495056,0.001,True,True,True,0.002848139007585293,True,0.2762664918933595,5.450525312918268e-17,0.27626649189335956,True,True
53,5,0.002147771418094635,0.001,True,True,True,0.003822444093514288,True,0.20011899633375574,5.4669345962077285e-17,0.2001189963337558,True,True
53,6,0.0030522048473358154,0.001,True,True,True,0.0051594116862730965,True,0.2000000029831578,5.464231504382755e-17,0.20000000298315784,True,True
53,7,0.004315391182899475,0.001,True,True,True,0.007052265373691191,True,0.20000000298023224,5.464231504382755e-17,0.2000000029802323,True,True
53,8,0.005866151303052902,0.001,True,True,True,0.00974895363859829,True,0.20000000298023224,5.464231504382755e-17,0.2000000029802323,True,True
53,9,0.005515492055565119,0.001,True,True,True,0.018345240628747206,True,0.20000000298023224,5.464231504382755e-17,0.2000000029802323,True,True
53,10,0.003572452813386917,0.001,True,True,True,0.014255601540723473,True,0.20000000298023224,5.464231504382755e-17,0.2000000029802323,True,True
53,11,0.002140495926141739,0.001,True,True,True,0.010079879555692561,True,0.2007051457990774,5.490961328889523e-17,0.20070514579907744,True,True
53,12,0.0010687857866287231,0.001,True,True,True,0.006367891887624988,True,9.2566929635816,5.4449802197940784e-17,9.2566929635816,True,True
53,13,0.0003010556101799011,0.001,False,True,False,0.0033908256835840644,True,,,,,
53,14,-0.00045488402247428894,0.001,False,True,False,0.0012254091296275416,True,,,,,
53,15,-0.0008306577801704407,0.001,False,True,False,8.881784197001252e-16,True,,,,,
53,16,-0.000963062047958374,0.001,False,True,False,0.00016006510000665664,True,,,,,
53,17,-0.0011407285928726196,0.001,False,True,False,0.0009329467378982326,True,,,,,
53,18,-0.001344781368970871,0.001,False,True,False,0.0012597614845056837,True,,,,,
53,19,-0.015047542750835419,0.001,False,True,False,0.008521367651248224,True,,,,,
53,20,-0.031956858932971954,0.001,False,True,False,6.661338147750939e-16,True,,,,,
54,1,0.0029521584510803223,0.001,True,True,True,0.0006235778095003419,True,0.20000000302520965,4.343432630536696e-16,0.2000000030252101,True,True
54,2,0.002817366272211075,0.001,True,True,True,0.00011515670709327797,True,0.20000000561635828,4.3434339299857395e-16,0.20000000561635872,True,True
54,3,0.0028314851224422455,0.001,True,True,True,0.00023040924284106756,True,0.2000000047562593,4.3434334920970027e-16,0.20000000475625973,True,True
54,4,0.0030915364623069763,0.001,True,True,True,0.000825921398520002,True,0.20000000298075762,4.3434326059797715e-16,0.20000000298075807,True,True
54,5,0.003737177699804306,0.001,True,True,True,0.0017713154647293061,True,0.20000000298023224,4.3434326057212776e-16,0.20000000298023268,True,True
54,6,0.004950899630784988,0.001,True,True,True,0.002956551624948456,True,0.20000000298023224,4.3434326059797715e-16,0.20000000298023268,True,True
54,7,0.006936371326446533,0.001,True,True,True,0.0043021618325551625,True,0.20000000298023224,4.3434326059797715e-16,0.20000000298023268,True,True
54,8,0.009910926222801208,0.001,True,True,True,0.0057743258980531564,True,0.20000000298023224,4.3434326059797715e-16,0.20000000298023268,True,True
54,9,0.014315816573798656,0.001,True,True,True,0.007275531337974317,True,0.20000000298023224,4.3434326059797715e-16,0.20000000298023268,True,True
54,10,0.01518566906452179,0.001,True,True,True,0.00024897359024222965,True,0.20000000298023224,4.3434326059797715e-16,0.20000000298023268,True,True
54,11,0.01121455803513527,0.001,True,True,True,4.6629367034256575e-15,True,0.20000000298023224,4.3434326059797715e-16,0.20000000298023268,True,True
54,12,0.007374860346317291,0.001,True,True,True,4.440892098500626e-14,True,0.20000000298023224,4.3434326057212776e-16,0.20000000298023268,True,True
54,13,0.0037893876433372498,0.001,True,True,True,1.4654943925052066e-14,True,0.20000000298023224,4.3434326059797715e-16,0.20000000298023268,True,True
54,14,0.0005345828831195831,0.001,False,True,False,0.0007688569898027797,True,,,,,
54,15,-0.002493157982826233,0.001,False,True,False,0.002860840488088656,True,,,,,
54,16,-0.004746377468109131,0.001,False,True,False,0.005150394892942445,True,,,,,
54,17,-0.0061913542449474335,0.001,False,True,False,0.00667473176020883,True,,,,,
54,18,-0.007489033043384552,0.001,False,True,False,0.007071613335946747,True,,,,,
54,19,-0.009569618850946426,0.001,False,True,False,0.006143988259418309,True,,,,,
54,20,-0.013474099338054657,0.001,False,True,False,0.003690821597980287,True,,,,,
55,1,0.002227216958999634,0.001,True,True,True,0.0014785707881808108,True,0.20000192129439442,4.1654910646373e-17,0.20000192129439448,True,True
55,2,0.0019698478281497955,0.001,True,True,True,0.002078806911613884,True,0.20091627702610115,4.157325199507164e-17,0.20091627702610118,True,True
55,3,0.002164311707019806,0.001,True,True,True,0.0028076158254595196,True,0.20005109474701022,4.171150367816511e-17,0.20005109474701027,True,True
55,4,0.002733871340751648,0.001,True,True,True,0.0037410988872556006,True,0.20000001038790113,4.1591161954598273e-17,0.20000001038790116,True,True
55,5,0.0036055296659469604,0.001,True,True,True,0.0050032793270062825,True,0.20000000298023224,4.159115354062048e-17,0.20000000298023227,True,True
55,6,0.004710052162408829,0.001,True,True,True,0.006762522407845584,True,0.20000000298023224,4.159115354223607e-17,0.20000000298023227,True,True
55,7,0.005747140850871801,0.001,True,True,True,0.018172054539995153,True,0.20000000298023224,4.159115354223607e-17,0.20000000298023227,True,True
55,8,0.00392936822026968,0.001,True,True,True,0.015252523732608214,True,0.20000000298023224,4.159115354223607e-17,0.20000000298023227,True,True
55,9,0.0025268271565437317,0.001,True,True,True,0.01192746275879708,True,0.20000026332556314,4.159451649025284e-17,0.20000026332556317,True,True
55,10,0.0014994442462921143,0.001,True,True,True,0.008455285401591017,True,1.9964576731787247,4.157888215144337e-17,1.9964576731787247,True,True
55,11,0.0007285885512828827,0.001,False,True,False,0.005358223665965611,True,,,,,
55,12,-6.882473826408386e-05,0.001,False,True,False,0.0028501928754764982,True,,,,,
55,13,-0.0009928420186042786,0.001,False,True,False,0.0010214497937821587,True,,,,,
55,14,-0.001623246818780899,0.001,False,True,False,6.661338147750939e-16,True,,,,,
55,15,-0.002154402434825897,0.001,False,True,False,0.00014902045161890864,True,,,,,
55,16,-0.0028545334935188293,0.001,False,True,False,0.0010828113298548825,True,,,,,
55,17,-0.0036658570170402527,0.001,False,True,False,0.002119611450634884,True,,,,,
55,18,-0.005953595042228699,0.001,False,True,False,0.007825139093819988,True,,,,,
55,19,-0.022367514669895172,0.001,False,True,False,8.881784197001252e-16,True,,,,,
55,20,-0.03487090766429901,0.001,False,True,False,4.241051954068098e-14,True,,,,,
56,1,0.002560194581747055,0.001,True,True,True,0.001477303620183279,True,0.20000000494631606,1.8177001164971644e-13,0.20000000494649783,True,True
56,2,0.002653006464242935,0.001,True,True,True,0.0019489198770759053,True,0.2000000043697167,1.817488032365649e-13,0.20000000436989845,True,True
56,3,0.002959504723548889,0.001,True,True,True,0.002879793892978655,True,0.20000000301625773,1.817466475282258e-13,0.20000000301643947,True,True
56,4,0.003617815673351288,0.001,True,True,True,0.00422480737739539,True,0.20000000298023224,1.817466471723588e-13,0.20000000298041398,True,True
56,5,0.004788052290678024,0.001,True,True,True,0.005953178183892405,True,0.20000000298023224,1.817466471730438e-13,0.20000000298041398,True,True
56,6,0.006645191460847855,0.001,True,True,True,0.008054734774519123,True,0.20000000298023224,1.8174664717304542e-13,0.20000000298041398,True,True
56,7,0.009374129585921764,0.001,True,True,True,0.010746822282235668,True,0.20000000298023224,1.8174664717304542e-13,0.20000000298041398,True,True
56,8,0.013356446288526058,0.001,True,True,True,0.012897964917035543,True,0.20000000298023224,1.8174664717304542e-13,0.20000000298041398,True,True
56,9,0.012860938906669617,0.001,True,True,True,0.0011790177098520704,True,0.20000000298023224,1.8174664717350425e-13,0.20000000298041398,True,True
56,10,0.009719103574752808,0.001,True,True,True,0.00032308723449447907,True,0.20000000298023224,1.8174664717287902e-13,0.20000000298041398,True,True
56,11,0.0067787617444992065,0.001,True,True,True,2.6175728251587316e-11,True,0.20000000298023224,1.8174664717304542e-13,0.20000000298041398,True,True
56,12,0.004157565534114838,0.001,True,True,True,1.716848885280342e-11,True,0.20000000298023224,1.8174664717304542e-13,0.20000000298041398,True,True
56,13,0.0018969103693962097,0.001,True,True,True,0.00021541020476056882,True,0.19748834512205837,1.8190403550069373e-13,0.19748834512224028,True,True
56,14,-9.742751717567444e-05,0.001,False,True,False,0.0017150987899964276,True,,,,,
56,15,-0.0016176402568817139,0.001,False,True,False,0.003993573987621679,True,,,,,
56,16,-0.0026073679327964783,0.001,False,True,False,0.006158801435197092,True,,,,,
56,17,-0.0034906864166259766,0.001,False,True,False,0.00785697801505747,True,,,,,
56,18,-0.0048553720116615295,0.001,False,True,False,0.008804630273594682,True,,,,,
56,19,-0.0073870159685611725,0.001,False,True,False,0.008732254029877984,True,,,,,
56,20,0.00046076372382231057,0.001,False,True,False,0.03063065033267587,True,,,,,
57,1,0.0029710382223129272,0.001,True,True,True,0.0023558327544361823,True,0.20000000300798418,4.579362022875116e-16,0.20000000300798462,True,True
57,2,0.003741927444934845,0.001,True,True,True,0.0032085915274667753,True,0.20000000298023224,4.579362021566491e-16,0.20000000298023268,True,True
57,3,0.00487828254699707,0.001,True,True,True,0.004385028132981472,True,0.20000000298023224,4.579362021291841e-16,0.20000000298023268,True,True
57,4,0.006355505436658859,0.001,True,True,True,0.0059912730479995124,True,0.20000000298023224,4.579362021566491e-16,0.20000000298023268,True,True
57,5,0.008160386234521866,0.001,True,True,True,0.008159424804240922,True,0.20000000298023224,4.57936202117875e-16,0.20000000298023268,True,True
57,6,0.008766032755374908,0.001,True,True,True,0.012758043541227337,True,0.20000000298023224,4.579362021194906e-16,0.20000000298023268,True,True
57,7,0.006508205085992813,0.001,True,True,True,0.010171308012526525,True,0.20000000298023224,4.579362021194906e-16,0.20000000298023268,True,True
57,8,0.004658829420804977,0.001,True,True,True,0.007472469337178045,True,0.20000000298023224,4.579362021194906e-16,0.20000000298023268,True,True
57,9,0.0031464025378227234,0.001,True,True,True,0.004976823836596589,True,0.20000000298058715,4.579362021905764e-16,0.2000000029805876,True,True
57,10,0.001952577382326126,0.001,True,True,True,0.002836126433935826,True,0.2025386075111537,4.501230011735195e-16,0.20253860751115416,True,True
57,11,0.0010836012661457062,0.001,True,True,True,0.001205635652380188,True,1.4966132035781357,4.574630438489671e-16,1.496613203578136,True,True
57,12,0.00046632811427116394,0.001,False,True,False,0.00024221592120998725,True,,,,,
57,13,0.0002815648913383484,0.001,False,True,False,1.6209256159527285e-14,True,,,,,
57,14,0.0006751157343387604,0.001,False,True,False,0.0004904885919150281,True,,,,,
57,15,0.0013900548219680786,0.001,True,True,True,0.0014328554754241551,True,0.6432858310546408,4.574444683709389e-16,0.6432858310546412,True,True
57,16,0.002298198640346527,0.001,True,True,True,0.0024555029997227473,True,0.20000435511932932,4.592240812843977e-16,0.2000043551193298,True,True
57,17,-0.01162765920162201,0.001,False,True,False,1.532107773982716e-14,True,,,,,
57,18,-0.01997200772166252,0.001,False,True,False,6.772360450213455e-15,True,,,,,
57,19,-0.018137216567993164,0.001,False,True,False,7.476508239778745e-05,True,,,,,
57,20,-0.01939443126320839,0.001,False,True,False,6.583622536027178e-14,True,,,,,
58,1,0.0035448670387268066,0.001,True,True,True,0.0032365777251068817,True,0.20000000298023224,2.0098595119649618e-17,0.20000000298023227,True,True
58,2,0.004145551472902298,0.001,True,True,True,0.004479022240156727,True,0.20000000298023224,2.009859512045741e-17,0.20000000298023227,True,True
58,3,0.005132563412189484,0.001,True,True,True,0.006221610795924648,True,0.20000000298023224,2.0098595119649618e-17,0.20000000298023227,True,True
58,4,0.006631314754486084,0.001,True,True,True,0.008537260440216077,True,0.20000000298023224,2.009859512045741e-17,0.20000000298023227,True,True
58,5,0.008786611258983612,0.001,True,True,True,0.011515563774209703,True,0.20000000298023224,2.0098595119649618e-17,0.20000000298023227,True,True
58,6,0.011881856247782707,0.001,True,True,True,0.014814472144727309,True,0.20000000298023224,2.0098595119649618e-17,0.20000000298023227,True,True
58,7,0.01104675605893135,0.001,True,True,True,0.0039046104657463054,True,0.20000000298023224,2.0098595119649618e-17,0.20000000298023227,True,True
58,8,0.008561760187149048,0.001,True,True,True,0.0021327389132135277,True,0.20000000298023224,2.0098595119649618e-17,0.20000000298023227,True,True
58,9,0.006286390125751495,0.001,True,True,True,0.0008290789617134697,True,0.20000000298023224,2.0098595119649618e-17,0.20000000298023227,True,True
58,10,0.004321925342082977,0.001,True,True,True,8.510484327117762e-05,True,0.20000000298023224,2.0098595119649618e-17,0.20000000298023227,True,True
58,11,0.0027720890939235687,0.001,True,True,True,6.661338147750939e-16,True,0.1999999979843658,2.0098595934713327e-17,0.19999999798436582,True,True
58,12,0.0017246603965759277,0.001,True,True,True,0.0004949550430348726,True,0.19125248668947137,2.0060236975076306e-17,0.1912524866894714,True,True
58,13,0.0011560991406440735,0.001,True,True,True,0.0021425576417690717,True,2.497393911517065,2.0053538073080384e-17,2.497393911517065,True,True
58,14,0.0010767802596092224,0.001,True,True,True,0.0044329274389735,True,6.288177656629614,2.005174024771779e-17,6.288177656629614,True,True
58,15,0.0013446807861328125,0.001,True,True,True,0.0070077121775646845,True,4.31968583525429,2.0056852266716425e-17,4.31968583525429,True,True
58,16,0.0016642436385154724,0.001,True,True,True,0.00964306656333258,True,0.6937635251964238,2.0063601747898748e-17,0.6937635251964238,True,True
58,17,0.0016730166971683502,0.001,True,True,True,0.012114630536396165,True,0.7780336729570791,2.0061968299641296e-17,0.7780336729570791,True,True
58,18,0.0009230822324752808,0.001,False,True,False,1.1102230246251565e-15,True,,,,,
58,19,7.42413176340051e-05,0.001,False,True,False,3.1238777911224425e-05,True,,,,,
58,20,-0.0007505267858505249,0.001,False,True,False,5.551115123125783e-16,True,,,,,
59,1,0.004613824188709259,0.001,True,True,True,0.004440931203871901,True,0.20000000298023224,1.3016621408935417e-11,0.20000000299324885,True,True
59,2,0.006026003509759903,0.001,True,True,True,0.0059209622704008424,True,0.20000000298023224,1.3016621408935417e-11,0.20000000299324885,True,True
59,3,0.0079229436814785,0.001,True,True,True,0.008007005148698343,True,0.20000000298023224,1.3016621408935417e-11,0.20000000299324885,True,True
59,4,0.010376431047916412,0.001,True,True,True,0.010859462659484898,True,0.20000000298023224,1.3016621408935417e-11,0.20000000299324885,True,True
59,5,0.01050170511007309,0.001,True,True,True,0.009617241267890209,True,0.20000000298023224,1.3016621408935417e-11,0.20000000299324885,True,True
59,6,0.008128143846988678,0.001,True,True,True,0.007145364369727791,True,0.20000000298023224,1.3016621408935417e-11,0.20000000299324885,True,True
59,7,0.006060458719730377,0.001,True,True,True,0.004851220685483382,True,0.20000000298023224,1.3016621408935417e-11,0.20000000299324885,True,True
59,8,0.004356104880571365,0.001,True,True,True,0.002861462661361336,True,0.20000000298023224,1.3016621408935417e-11,0.20000000299324885,True,True
59,9,0.0030875205993652344,0.001,True,True,True,0.0013079499518218185,True,0.20000000298279677,1.3016621409210041e-11,0.2000000029958134,True,True
59,10,0.0023411214351654053,0.001,True,True,True,0.00031784390471889523,True,0.19999846911812996,1.3058173954536613e-11,0.19999846913118813,True,True
59,11,0.002213791012763977,0.001,True,True,True,6.974468780285292e-10,True,0.19997652095064805,1.393166455312239e-11,0.1999765209645797,True,True
59,12,0.0029718950390815735,0.001,True,True,True,0.00029120331182275194,True,0.20000000315306063,1.3016621424231515e-11,0.20000000316607724,True,True
59,13,0.004551980644464493,0.001,True,True,True,0.001022702460550362,True,0.20000000298023224,1.3016621408933244e-11,0.20000000299324885,True,True
59,14,0.005267138127237558,0.001,True,True,True,0.010136831897544107,True,0.20000000298023224,1.3016621408935364e-11,0.20000000299324885,True,True
59,15,-0.007697843015193939,0.001,False,True,False,6.651551531788868e-10,True,,,,,
59,16,-0.005715072154998779,0.001,False,True,False,0.0008222650669016396,True,,,,,
59,17,-0.004075769335031509,0.001,False,True,False,0.0005046831705749488,True,,,,,
59,18,-0.0025915764272212982,0.001,False,True,False,0.00010089084398789971,True,,,,,
59,19,-0.001979213207960129,0.001,False,True,False,7.849774164014889e-10,True,,,,,
59,20,-0.0014645121991634369,0.001,False,True,False,0.00010717790659486859,True,,,,,
60,1,0.005693204700946808,0.001,True,True,True,0.006322246031364331,True,0.20000000298023224,3.89739694645078e-17,0.20000000298023227,True,True
60,2,0.0070861876010894775,0.001,True,True,True,0.008699284504981364,True,0.20000000298023224,3.89739694645078e-17,0.20000000298023227,True,True
60,3,0.009126212447881699,0.001,True,True,True,0.011775839632317542,True,0.20000000298023224,3.89739694645078e-17,0.20000000298023227,True,True
60,4,0.012066710740327835,0.001,True,True,True,0.015163828734200857,True,0.20000000298023224,3.89739694645078e-17,0.20000000298023227,True,True
60,5,0.010770175606012344,0.001,True,True,True,0.0049040146529277795,True,0.20000000298023224,3.89739694645078e-17,0.20000000298023227,True,True
60,6,0.008363358676433563,0.001,True,True,True,0.002914941316442099,True,0.20000000298023224,3.89739694645078e-17,0.20000000298023227,True,True
60,7,0.006143912672996521,0.001,True,True,True,0.001374960328987762,True,0.20000000298023224,3.89739694645078e-17,0.20000000298023227,True,True
60,8,0.004211317747831345,0.001,True,True,True,0.0003720330554157769,True,0.20000000298023224,3.89739694645078e-17,0.20000000298023227,True,True
60,9,0.0026623383164405823,0.001,True,True,True,9.992007221626409e-16,True,0.20000000551022923,3.8974061677374643e-17,0.20000000551022926,True,True
60,10,0.0015820898115634918,0.001,True,True,True,0.00015383908531829693,True,0.1394864943337808,3.878069526187508e-17,0.13948649433378082,True,True
60,11,0.00103083997964859,0.001,True,True,True,0.0014464790200944266,True,1.9422042179478467,3.878032042950415e-17,1.9422042179478467,True,True
60,12,0.0011263340711593628,0.001,True,True,True,0.0034603178501148024,True,4.485032534107404,3.8802888081501354e-17,4.485032534107404,True,True
60,13,0.0017430633306503296,0.001,True,True,True,0.005791513145250726,True,0.3169891607140798,3.8884179209347976e-17,0.31698916071407984,True,True
60,14,0.0026027560234069824,0.001,True,True,True,0.008153830638486625,True,0.20000004555664921,3.897459414258223e-17,0.20000004555664924,True,True
60,15,0.0017682909965515137,0.001,True,True,True,1.1102230246251565e-16,True,0.21558059979545874,3.8700604130759205e-17,0.21558059979545877,True,True
60,16,0.0018245764076709747,0.001,True,True,True,9.137735905340172e-05,True,0.19104202368290402,3.887981706592533e-17,0.19104202368290404,True,True
60,17,0.0017250627279281616,0.001,True,True,True,4.374492879044567e-09,True,0.1727003651574961,3.891041882594423e-17,0.17270036515749612,True,True
60,18,0.0017816275358200073,0.001,True,True,True,3.3306690738754696e-16,True,0.18440333121595742,3.902984813698368e-17,0.18440333121595745,True,True
60,19,0.0021924078464508057,0.001,True,True,True,0.0004468837830633454,True,0.19995952325424468,3.9038749086666475e-17,0.1999595232542447,True,True
60,20,0.002817947417497635,0.001,True,True,True,0.0008118357895595674,True,0.2000000044120253,5.848759034952645e-18,0.2000000044120253,True,True
61,1,0.007752746343612671,0.001,True,True,True,0.00841128808235947,True,0.20000000298023224,9.511799262369427e-13,0.20000000298118342,True,True
61,2,0.010281521826982498,0.001,True,True,True,0.011071924793881749,True,0.20000000298023224,9.511799262369427e-13,0.20000000298118342,True,True
61,3,0.011641770601272583,0.001,True,True,True,0.00969032841312334,True,0.20000000298023224,9.511799262369427e-13,0.20000000298118342,True,True
61,4,0.009086154401302338,0.001,True,True,True,0.007339824718175514,True,0.20000000298023224,9.511799262369427e-13,0.20000000298118342,True,True
61,5,0.006823845207691193,0.001,True,True,True,0.005106151903741973,True,0.20000000298023224,9.511799262369427e-13,0.20000000298118342,True,True
61,6,0.004915416240692139,0.001,True,True,True,0.0031227796042068157,True,0.20000000298023224,9.511799262369427e-13,0.20000000298118342,True,True
61,7,0.003433041274547577,0.001,True,True,True,0.0015270923529132618,True,0.20000000298023224,9.511799262361156e-13,0.20000000298118342,True,True
61,8,0.0024583935737609863,0.001,True,True,True,0.00044992138608146437,True,0.1999999079152871,9.537211139046685e-13,0.1999999079162408,True,True
61,9,0.002077154815196991,0.001,True,True,True,3.93671761855785e-11,True,0.19977886666271524,9.544159350697474e-13,0.19977886666366965,True,True
61,10,0.0024936124682426453,0.001,True,True,True,0.0002602079132524304,True,0.19999993069456426,9.521947586980587e-13,0.19999993069551644,True,True
61,11,0.0037811696529388428,0.001,True,True,True,0.0010362883579404514,True,0.20000000298023224,9.511799262375066e-13,0.20000000298118342,True,True
61,12,0.005705654621124268,0.001,True,True,True,0.002025878052184016,True,0.20000000298023224,9.5117992623719e-13,0.20000000298118342,True,True
61,13,-0.0033051520586013794,0.001,False,True,False,4.3402392790881095e-11,True,,,,,
61,14,-0.002772316336631775,0.001,False,True,False,0.0025342297482346954,True,,,,,
61,15,-0.0012337155640125275,0.001,False,True,False,0.001514592995029429,True,,,,,
61,16,-0.000943649560213089,0.001,False,True,False,0.000504124703954445,True,,,,,
61,17,-0.0008180625736713409,0.001,False,True,False,3.2088998125345825e-11,True,,,,,
61,18,-0.0005152374505996704,0.001,False,True,False,0.0004585810190098627,True,,,,,
61,19,0.00032208487391471863,0.001,False,True,False,0.0013421238485744613,True,,,,,
61,20,-0.0008370503783226013,0.001,False,True,False,0.0002702237096181559,True,,,,,
62,1,0.009734448045492172,0.001,True,True,True,0.011751489461310771,True,0.20000000298023224,2.5263421315667065e-17,0.20000000298023227,True,True
62,2,0.012405515648424625,0.001,True,True,True,0.015346158237815932,True,0.20000000298023224,2.5263421315667065e-17,0.20000000298023227,True,True
62,3,0.010944575071334839,0.001,True,True,True,0.00581311799276607,True,0.20000000298023224,2.5263421315667065e-17,0.20000000298023227,True,True
62,4,0.008627340197563171,0.001,True,True,True,0.003611877158766541,True,0.20000000298023224,2.5263421315667065e-17,0.20000000298023227,True,True
62,5,0.006458114832639694,0.001,True,True,True,0.001855581332409706,True,0.20000000298023224,2.5263421315667065e-17,0.20000000298023227,True,True
62,6,0.004548694938421249,0.001,True,True,True,0.0006237258039085702,True,0.20000000298023224,2.5263421315667065e-17,0.20000000298023227,True,True
62,7,0.003004681318998337,0.001,True,True,True,1.6653345369377348e-15,True,0.20000000301054682,2.5263421318090446e-17,0.20000000301054685,True,True
62,8,0.0019153393805027008,0.001,True,True,True,1.2212453270876722e-15,True,0.19769552265168944,2.5247355670022805e-17,0.19769552265168946,True,True
62,9,0.0013386234641075134,0.001,True,True,True,0.000874183141426399,True,0.4542663838037697,2.524093857327506e-17,0.4542663838037697,True,True
62,10,0.0014203935861587524,0.001,True,True,True,0.002585142620366132,True,1.0228097340046816,2.5241942579091626e-17,1.0228097340046816,True,True
62,11,0.0020749568939208984,0.001,True,True,True,0.004619887045734905,True,0.20080725098932983,2.529657623892465e-17,0.20080725098932986,True,True
62,12,0.0029933080077171326,0.001,True,True,True,0.006573325795205642,True,0.20000000309485735,2.5263421324552794e-17,0.20000000309485738,True,True
62,13,0.0037272460758686066,0.001,True,True,True,0.007938886733195316,True,0.20000000298023224,2.526342131647486e-17,0.20000000298023227,True,True
62,14,0.0035517439246177673,0.001,True,True,True,0.0010342277388563081,True,0.20000000298023224,2.5263421314051478e-17,0.20000000298023227,True,True
62,15,0.002779211848974228,0.001,True,True,True,0.00044625339426329624,True,0.20000000217964414,2.526342982254112e-17,0.20000000217964417,True,True
62,16,0.0020518451929092407,0.001,True,True,True,5.551115123125783e-16,True,0.19948733069027158,2.5243519289544522e-17,0.1994873306902716,True,True
62,17,0.001903824508190155,0.001,True,True,True,0.00037224510176270265,True,0.19764929164368805,2.524245001643113e-17,0.19764929164368808,True,True
62,18,0.0027437135577201843,0.001,True,True,True,0.002027065036175224,True,0.20000000208856591,2.5263444667363498e-17,0.20000000208856594,True,True
62,19,0.003962356597185135,0.001,True,True,True,0.003840111615583397,True,0.20000000298023224,2.5263421315667065e-17,0.20000000298023227,True,True
62,20,0.002650875598192215,0.001,True,True,True,4.6629367034256575e-15,True,0.2000000044577202,3.371018060300397e-18,0.2000000044577202,True,True
63,1,0.01279740035533905,0.001,True,True,True,0.009341465850192798,True,0.20000000298023224,2.0146767815989923e-16,0.20000000298023243,True,True
63,2,0.010059326887130737,0.001,True,True,True,0.007092569980183372,True,0.20000000298023224,2.0146767815989923e-16,0.20000000298023243,True,True
63,3,0.007609449326992035,0.001,True,True,True,0.004964319627102309,True,0.20000000298023224,2.0146767815989923e-16,0.20000000298023243,True,True
63,4,0.005509909242391586,0.001,True,True,True,0.003073306851950064,True,0.20000000298023224,2.0146767815989923e-16,0.20000000298023243,True,True
63,5,0.0038309358060359955,0.001,True,True,True,0.00154085789974312,True,0.20000000298023224,2.0146767815989923e-16,0.20000000298023243,True,True
63,6,0.00264885276556015,0.001,True,True,True,0.0004837958543537635,True,0.2000000037995613,2.014685732210208e-16,0.20000000379956148,True,True
63,7,0.0020410753786563873,0.001,True,True,True,4.3298697960381105e-15,True,0.19963092213062122,2.0156202881283346e-16,0.19963092213062142,True,True
63,8,0.00209861621260643,0.001,True,True,True,0.00022056809442905223,True,0.1998732949791761,2.0187961954463252e-16,0.1998732949791763,True,True
63,9,0.0030481740832328796,0.001,True,True,True,0.0010594111869598466,True,0.20000000299402457,2.01467678289954e-16,0.20000000299402476,True,True
63,10,0.004629451781511307,0.001,True,True,True,0.0022363704919725613,True,0.20000000298023224,2.014676782019045e-16,0.20000000298023243,True,True
63,11,0.0026126957964152098,0.001,True,True,True,3.375077994860476e-14,True,0.1999999967857622,2.0146770987629805e-16,0.19999999678576239,True,True
63,12,3.67090106010437e-05,0.001,False,True,False,0.0036433772885646754,True,,,,,
63,13,0.0010916180908679962,0.001,True,True,True,0.002458044730455966,True,3.243618204067843,2.0049047035288918e-16,3.243618204067843,True,True
63,14,0.0011573433876037598,0.001,True,True,True,0.0010075063114270977,True,1.0120675818300242,2.0049423945062568e-16,1.0120675818300244,True,True
63,15,0.0007782801985740662,0.001,False,True,False,3.6637359812630166e-15,True,,,,,
63,16,0.000752665102481842,0.001,False,True,False,6.454146584311538e-05,True,,,,,
63,17,0.0020138993859291077,0.001,True,True,True,0.00134983292962787,True,0.200233055207915,2.0278756828797298e-16,0.2002330552079152,True,True
63,18,0.003925308585166931,0.001,True,True,True,0.0030739054487248785,True,0.20000000298023224,2.0146767824714093e-16,0.20000000298023243,True,True
63,19,0.005907051265239716,0.001,True,True,True,0.004627956271810008,True,0.20000000298023224,2.0146767815989923e-16,0.20000000298023243,True,True
63,20,0.0012345617869868875,0.001,True,True,True,0.001387846461216924,True,1.1903741716701006,2.1758973138593523e-17,1.1903741716701006,True,True
64,1,0.010805182158946991,0.001,True,True,True,0.006785119505134607,True,0.20000000298023224,1.6650919515356394e-12,0.20000000298189732,True,True
64,2,0.008545950055122375,0.001,True,True,True,0.004370672242399509,True,0.20000000298023224,1.6650919515356394e-12,0.20000000298189732,True,True
64,3,0.006438169628381729,0.001,True,True,True,0.002424103364007557,True,0.20000000298023224,1.6650919515356394e-12,0.20000000298189732,True,True
64,4,0.004588522017002106,0.001,True,True,True,0.0010040231312202774,True,0.20000000298023224,1.6650919515356394e-12,0.20000000298189732,True,True
64,5,0.003099314868450165,0.001,True,True,True,0.0001752299001805957,True,0.200000002981392,1.6650919515621092e-12,0.2000000029830571,True,True
64,6,0.0020588524639606476,0.001,True,True,True,4.160150002263663e-11,True,0.19972638348449812,1.6708013587863364e-12,0.19972638348616892,True,True
64,7,0.0015266314148902893,0.001,True,True,True,0.0005467548660081922,True,0.18454743087085035,1.6580746054061938e-12,0.1845474308725084,True,True
64,8,0.0016868636012077332,0.001,True,True,True,0.0019827929572492353,True,0.24979647515129955,1.6609042798395898e-12,0.24979647515296044,True,True
64,9,0.0024866461753845215,0.001,True,True,True,0.0038100914890880633,True,0.20000016375560575,1.6662092074418685e-12,0.20000016375727198,True,True
64,10,0.003582000732421875,0.001,True,True,True,0.005620555145641415,True,0.20000000298023224,1.6650919515356814e-12,0.20000000298189732,True,True
64,11,0.00446188822388649,0.001,True,True,True,0.0018719905537806225,True,0.20000000298023224,1.6650919515342686e-12,0.20000000298189732,True,True
64,12,0.004586201161146164,0.001,True,True,True,0.0015556982249090856,True,0.20000000298023224,1.6650919515358034e-12,0.20000000298189732,True,True
64,13,0.00370730459690094,0.001,True,True,True,0.0006820212446931873,True,0.20000000298023224,1.6650919515375014e-12,0.20000000298189732,True,True
64,14,0.0025430098176002502,0.001,True,True,True,6.74557076862925e-11,True,0.19999994849802466,1.6656062317228297e-12,0.19999994849969027,True,True
64,15,0.001756027340888977,0.001,True,True,True,6.344691438897598e-11,True,0.1810561108640414,1.6585019244433916e-12,0.1810561108656999,True,True
64,16,0.002049047499895096,0.001,True,True,True,0.001781053334817262,True,0.20031585035917937,1.6794131341932286e-12,0.20031585036085878,True,True
64,17,0.0033866390585899353,0.001,True,True,True,0.004153441016953918,True,0.20000000298023113,1.665091951535023e-12,0.2000000029818962,True,True
64,18,0.005082894116640091,0.001,True,True,True,0.006608311333476391,True,0.20000000298023224,1.6650919515357267e-12,0.20000000298189732,True,True
64,19,0.006556246429681778,0.001,True,True,True,0.008565994287021317,True,0.20000000298023224,1.6650919515356394e-12,0.20000000298189732,True,True
64,20,0.002513641258701682,0.001,True,True,True,0.0020081754045448985,True,0.20000006029457493,2.480559163560003e-13,0.20000006029482298,True,True
65,1,0.0084085613489151,0.001,True,True,True,0.004902438922374186,True,0.20000000298023224,6.494114330643043e-17,0.2000000029802323,True,True
65,2,0.0061121247708797455,0.001,True,True,True,0.0029681818374136526,True,0.20000000298023224,6.494114330643043e-17,0.2000000029802323,True,True
65,3,0.004256408661603928,0.001,True,True,True,0.0014473284688099053,True,0.20000000298023224,6.494114330643043e-17,0.2000000029802323,True,True
65,4,0.002903483808040619,0.001,True,True,True,0.0004304499435006104,True,0.2000000034960762,6.494114333227983e-17,0.20000000349607625,True,True
65,5,0.0021168366074562073,0.001,True,True,True,1.2212453270876722e-15,True,0.19989622064760013,6.499072780814461e-17,0.19989622064760018,True,True
65,6,0.0019527226686477661,0.001,True,True,True,0.0002569101273331986,True,0.19899704400054752,6.493997910141705e-17,0.19899704400054757,True,True
65,7,0.0026168301701545715,0.001,True,True,True,0.0013060419471387918,True,0.20000000826031816,6.494129945211913e-17,0.20000000826031822,True,True
65,8,0.003941059112548828,0.001,True,True,True,0.0027545460021406454,True,0.20000000298023224,6.494114333066424e-17,0.2000000029802323,True,True
65,9,0.005582932382822037,0.001,True,True,True,0.004167668494054144,True,0.20000000298023224,6.494114333308762e-17,0.2000000029802323,True,True
65,10,0.001501612365245819,0.001,True,True,True,0.004877649486596303,True,1.2056981065990158,6.491275469075864e-17,1.2056981065990158,True,True
65,11,0.0025060847401618958,0.001,True,True,True,0.0035615670207536088,True,0.2000001500174663,6.494721805541774e-17,0.20000015001746635,True,True
65,12,0.002349965274333954,0.001,True,True,True,0.0018315001297518618,True,0.2000008465416464,6.49929710662281e-17,0.20000084654164646,True,True
65,13,0.0016896575689315796,0.001,True,True,True,0.0004855394626197551,True,0.18699494520343762,6.49427272159396e-17,0.18699494520343768,True,True
65,14,0.0012793950736522675,0.001,True,True,True,0.0002113446138403141,True,6.821210263296962e-13,6.492661151213579e-17,6.821859529412083e-13,True,True
65,15,0.0018919780850410461,0.001,True,True,True,0.0015805729800428825,True,0.20267712048659448,6.499362347262451e-17,0.20267712048659453,True,True
65,16,0.0037612244486808777,0.001,True,True,True,0.0038833735587971985,True,0.20000000298023224,6.49411433104694e-17,0.2000000029802323,True,True
65,17,0.006215356290340424,0.001,True,True,True,0.006536766466451405,True,0.20000000298023224,6.49411433104694e-17,0.2000000029802323,True,True
65,18,0.008716791868209839,0.001,True,True,True,0.009063714567266734,True,0.20000000298023224,6.494114330319926e-17,0.2000000029802323,True,True
65,19,0.008416770026087761,0.001,True,True,True,0.014727967360380179,True,0.20000000298023224,6.494114330643043e-17,0.2000000029802323,True,True
65,20,0.0031817988492548466,0.001,True,True,True,0.011239991656059822,True,0.20000000298436968,7.594759939606902e-18,0.20000000298436968,True,True
66,1,0.006556510925292969,0.001,True,True,True,0.00312466693306257,True,0.20000000298023224,1.2504666289705664e-13,0.20000000298035728,True,True
66,2,0.004676569253206253,0.001,True,True,True,0.0014828625373195514,True,0.20000000298023224,1.2504666289705664e-13,0.20000000298035728,True,True
66,3,0.0032177865505218506,0.001,True,True,True,0.0004312258942296143,True,0.2000000029802491,1.2504666289705664e-13,0.20000000298037413,True,True
66,4,0.002257879823446274,0.001,True,True,True,3.77908815352157e-12,True,0.19999191311829348,1.2535911657362024e-13,0.19999191311841885,True,True
66,5,0.0018564239144325256,0.001,True,True,True,0.0002385045641891681,True,0.19650004272313737,1.2512186955614955e-13,0.1965000427232625,True,True
66,6,0.0022236481308937073,0.001,True,True,True,0.0013211643888234592,True,0.2000006491768078,1.2801309929776622e-13,0.2000006491769358,True,True
66,7,0.0032895952463150024,0.001,True,True,True,0.0028279226812694125,True,0.20000000298023618,1.250466628968652e-13,0.20000000298036122,True,True
66,8,0.004663228988647461,0.001,True,True,True,0.004318906790939492,True,0.20000000298023224,1.2504666289708087e-13,0.20000000298035728,True,True
66,9,0.00504288449883461,0.001,True,True,True,0.0037934842166524874,True,0.20000000298023224,1.250466628970833e-13,0.20000000298035728,True,True
66,10,0.005473017692565918,0.001,True,True,True,0.0028185714902713155,True,0.20000000298023224,1.25046662896866e-13,0.20000000298035728,True,True
66,11,0.004687845706939697,0.001,True,True,True,0.001403861520531624,True,0.20000000298023224,1.250466628969912e-13,0.20000000298035728,True,True
66,12,0.003484059125185013,0.001,True,True,True,0.00025209036409468144,True,0.20000000298023224,1.2504666289657439e-13,0.20000000298035728,True,True
66,13,0.0025977566838264465,0.001,True,True,True,2.973954416063407e-12,True,0.19999998641651856,1.2505663829143853e-13,0.19999998641664363,True,True
66,14,0.0026596449315547943,0.001,True,True,True,0.0012392630408183392,True,0.20000000761196704,1.2504928319979753e-13,0.20000000761209208,True,True
66,15,0.004063691943883896,0.001,True,True,True,0.003632410886763693,True,0.20000000298023224,1.2504666289674887e-13,0.20000000298035728,True,True
66,16,0.006322093307971954,0.001,True,True,True,0.006541728145011416,True,0.20000000298023224,1.2504666289706068e-13,0.20000000298035728,True,True
66,17,0.00891580805182457,0.001,True,True,True,0.009562148645490542,True,0.20000000298023224,1.2504666289706068e-13,0.20000000298035728,True,True
66,18,0.011388465762138367,0.001,True,True,True,0.012272593799579012,True,0.20000000298023224,1.250466628970534e-13,0.20000000298035728,True,True
66,19,0.01550159603357315,0.001,True,True,True,0.018322264400679855,True,0.20000000298023224,1.2504666289705664e-13,0.20000000298035728,True,True
66,20,0.013928145170211792,0.001,True,True,True,0.022747503500518795,True,0.20000000298023224,2.314655373384884e-14,0.2000000029802554,True,True
67,1,0.004866782575845718,0.001,True,True,True,0.001781654782910591,True,0.20000000298023224,1.0279276081437493e-14,0.2000000029802425,True,True
67,2,0.003268267959356308,0.001,True,True,True,0.0005746527867214191,True,0.20000000298023474,1.027927608143103e-14,0.200000002980245,True,True
67,3,0.00222783163189888,0.001,True,True,True,2.2160051571518125e-13,True,0.19998625668818157,1.0293852118818444e-14,0.19998625668819187,True,True
67,4,0.0017779991030693054,0.001,True,True,True,5.566613350838079e-05,True,0.18910101098384402,1.0258477922219004e-14,0.1891010109838543,True,True
67,5,0.002098068594932556,0.001,True,True,True,0.0009344914050373188,True,0.19997143633357845,1.028547578315845e-14,0.19997143633358874,True,True
67,6,0.0031138285994529724,0.001,True,True,True,0.002244446098676578,True,0.20000000298154058,1.0279276081489192e-14,0.20000000298155085,True,True
67,7,0.0044465139508247375,0.001,True,True,True,0.0035531595005768857,True,0.20000000298023224,1.0279276081439916e-14,0.2000000029802425,True,True
67,8,0.004211798310279846,0.001,True,True,True,0.005016873272341349,True,0.20000000298023224,1.0279276081435877e-14,0.2000000029802425,True,True
67,9,0.004787761718034744,0.001,True,True,True,0.003830436548635796,True,0.20000000298023224,1.0279276081438301e-14,0.2000000029802425,True,True
67,10,0.004167512059211731,0.001,True,True,True,0.00214515635510526,True,0.20000000298023224,1.0279276081440724e-14,0.2000000029802425,True,True
67,11,0.003082089126110077,0.001,True,True,True,0.0006615049905093207,True,0.20000000297062945,1.0279276081824426e-14,0.20000000297063972,True,True
67,12,0.0022177547216415405,0.001,True,True,True,2.070565940925917e-13,True,0.1999714023015218,1.0274066608338358e-14,0.19997140230153207,True,True
67,13,0.0021749362349510193,0.001,True,True,True,0.0007128751482262663,True,0.1999729150237331,1.0283188635059877e-14,0.19997291502374337,True,True
67,14,0.003529787063598633,0.001,True,True,True,0.002730141571701039,True,0.20000000298023224,1.027927608144234e-14,0.2000000029802425,True,True
67,15,0.0058514997363090515,0.001,True,True,True,0.005455187595864719,True,0.20000000298023224,1.0279276081433454e-14,0.2000000029802425,True,True
67,16,0.008685000240802765,0.001,True,True,True,0.008518546329048915,True,0.20000000298023224,1.027927608143507e-14,0.2000000029802425,True,True
67,17,0.011634550988674164,0.001,True,True,True,0.01154375642757366,True,0.20000000298023224,1.027927608143507e-14,0.2000000029802425,True,True
67,18,0.015080601908266544,0.001,True,True,True,0.016404708220554398,True,0.20000000298023224,1.0279276081434262e-14,0.2000000029802425,True,True
67,19,0.019454743713140488,0.001,True,True,True,0.01920137107003128,True,0.20000000298023224,1.0279276081437493e-14,0.2000000029802425,True,True
67,20,0.022507615387439728,0.001,True,True,True,0.03233976755021373,True,0.20000000298023224,1.4195902056996776e-15,0.20000000298023365,True,True
68,1,0.0035694055259227753,0.001,True,True,True,0.0007376457290072524,True,0.20000000298023224,2.2130653196308766e-13,0.20000000298045353,True,True
68,2,0.002368684858083725,0.001,True,True,True,5.0084492109192524e-11,True,0.1999991861891577,2.228176810982137e-13,0.19999918618938053,True,True
68,3,0.0017757043242454529,0.001,True,True,True,1.6686652060116103e-13,True,0.18821090578218147,2.2100985266648133e-13,0.1882109057824025,True,True
68,4,0.001924082636833191,0.001,True,True,True,0.000811212984631493,True,0.1996490566777298,2.2329783590003037e-13,0.1996490566779531,True,True
68,5,0.0027825161814689636,0.001,True,True,True,0.0020410552892083933,True,0.20000000036795393,2.213065976699599e-13,0.20000000036817522,True,True
68,6,0.003968518227338791,0.001,True,True,True,0.00327007236616228,True,0.20000000298023224,2.2130653196313936e-13,0.20000000298045353,True,True
68,7,0.00504467636346817,0.001,True,True,True,0.0039008977129215694,True,0.20000000298023224,2.2130653196309008e-13,0.20000000298045353,True,True
68,8,0.005407493561506271,0.001,True,True,True,0.0031775388072210475,True,0.20000000298023224,2.2130653196308604e-13,0.20000000298045353,True,True
68,9,0.004275333136320114,0.001,True,True,True,0.00018098877846828287,True,0.20000000298023224,2.2130653196308847e-13,0.20000000298045353,True,True
68,10,0.0037125758826732635,0.001,True,True,True,0.0008717324091610523,True,0.20000000298023224,2.213065319630909e-13,0.20000000298045353,True,True
68,11,0.0025321096181869507,0.001,True,True,True,3.343214594053734e-12,True,0.19999995651751346,2.2138104682847989e-13,0.19999995651773483,True,True
68,12,0.00206756591796875,0.001,True,True,True,0.00033346730461736307,True,0.19976323778020033,2.2233203932743452e-13,0.19976323778042265,True,True
68,13,0.002947501838207245,0.001,True,True,True,0.0021131375038658806,True,0.2000000022073255,2.2130653419696726e-13,0.2000000022075468,True,True
68,14,0.004963010549545288,0.001,True,True,True,0.004732746494066298,True,0.20000000298023224,2.213065319630925e-13,0.20000000298045353,True,True
68,15,0.007642172276973724,0.001,True,True,True,0.00786028731281918,True,0.20000000298023224,2.2130653196308362e-13,0.20000000298045353,True,True
68,16,0.010633718222379684,0.001,True,True,True,0.011149803815688974,True,0.20000000298023224,2.2130653196308523e-13,0.20000000298045353,True,True
68,17,0.013587985187768936,0.001,True,True,True,0.014274033061694391,True,0.20000000298023224,2.2130653196308523e-13,0.20000000298045353,True,True
68,18,0.017552513629198074,0.001,True,True,True,0.018195060291616105,True,0.20000000298023224,2.2130653196308443e-13,0.20000000298045353,True,True
68,19,0.02033204585313797,0.001,True,True,True,0.019585657404323942,True,0.20000000298023224,2.2130653196308766e-13,0.20000000298045353,True,True
68,20,0.02200973778963089,0.001,True,True,True,0.019952131139664875,True,0.20000000298023224,5.0727910915155605e-14,0.20000000298028298,True,True
69,1,0.002620156854391098,0.001,True,True,True,0.00039633610839462374,True,0.20000000523788283,1.770490541161612e-16,0.200000005237883,True,True
69,2,0.0018911957740783691,0.001,True,True,True,0.00038721877139413774,True,0.19829421451424167,1.7422008836914356e-16,0.19829421451424184,True,True
69,3,0.0019480809569358826,0.001,True,True,True,0.0010873095491790163,True,0.20010398003108465,1.8170507091914567e-16,0.20010398003108484,True,True
69,4,0.002682298421859741,0.001,True,True,True,0.002223322899858826,True,0.19999999897238926,1.7704728626963345e-16,0.19999999897238943,True,True
69,5,0.0037386417388916016,0.001,True,True,True,0.0033478215571767223,True,0.20000000298023224,1.7704660259839483e-16,0.2000000029802324,True,True
69,6,0.00470086932182312,0.001,True,True,True,0.0038893748138213446,True,0.20000000298023224,1.7704660259839483e-16,0.2000000029802324,True,True
69,7,0.005001436918973923,0.001,True,True,True,0.003128242394421221,True,0.20000000298023224,1.770466026008182e-16,0.2000000029802324,True,True
69,8,0.003908414393663406,0.001,True,True,True,0.00019118738291434845,True,0.20000000298023224,1.7704660259677924e-16,0.2000000029802324,True,True
69,9,0.004004240036010742,0.001,True,True,True,0.001075650895196345,True,0.20000000298023224,1.7704660259920262e-16,0.2000000029802324,True,True
69,10,0.0026991069316864014,0.001,True,True,True,2.3314683517128287e-15,True,0.200000003784296,1.7704737334008644e-16,0.20000000378429617,True,True
69,11,0.0019886568188667297,0.001,True,True,True,8.881784197001252e-16,True,0.19899671508089756,1.7503662627479488e-16,0.19899671508089772,True,True
69,12,0.002482246607542038,0.001,True,True,True,0.0014880277795151775,True,0.20000000667074896,1.773064459258517e-16,0.20000000667074913,True,True
69,13,0.00425063818693161,0.001,True,True,True,0.0039646378215985045,True,0.20000000298023224,1.7704660259920262e-16,0.2000000029802324,True,True
69,14,0.006832607090473175,0.001,True,True,True,0.007072001883069334,True,0.20000000298023224,1.7704660259677924e-16,0.2000000029802324,True,True
69,15,0.009899765253067017,0.001,True,True,True,0.01049061561544562,True,0.20000000298023224,1.770466026008182e-16,0.2000000029802324,True,True
69,16,0.013129454106092453,0.001,True,True,True,0.013919417562931802,True,0.20000000298023224,1.770466026024338e-16,0.2000000029802324,True,True
69,17,0.016658606007695198,0.001,True,True,True,0.017347548208500263,True,0.20000000298023224,1.770466026024338e-16,0.2000000029802324,True,True
69,18,0.0193041879683733,0.001,True,True,True,0.018497168551615983,True,0.20000000298023224,1.77046602601626e-16,0.2000000029802324,True,True
69,19,0.02068633772432804,0.001,True,True,True,0.01848795551248572,True,0.20000000298023224,1.7704660259839483e-16,0.2000000029802324,True,True
69,20,0.02069655805826187,0.001,True,True,True,0.012004893217929302,True,0.20000000298023224,4.372963813194867e-17,0.2000000029802323,True,True
70,1,0.00237206369638443,0.001,True,True,True,0.0010259020980026845,True,0.19999979623449665,1.604607264854188e-14,0.1999997962345127,True,True
70,2,0.0023636743426322937,0.001,True,True,True,0.0018548053841759282,True,0.20000029687627444,1.6013479345590557e-14,0.20000029687629045,True,True
70,3,0.0030045881867408752,0.001,True,True,True,0.0030484637456538177,True,0.20000000300872026,1.603985752934399e-14,0.2000000030087363,True,True
70,4,0.003968697041273117,0.001,True,True,True,0.004213323949505021,True,0.20000000298023224,1.60398575161091e-14,0.20000000298024828,True,True
70,5,0.004829738289117813,0.001,True,True,True,0.004797648817721267,True,0.20000000298023224,1.6039857516102637e-14,0.20000000298024828,True,True
70,6,0.005044359713792801,0.001,True,True,True,0.004099677036112581,True,0.20000000298023224,1.6039857516102637e-14,0.20000000298024828,True,True
70,7,0.003913212567567825,0.001,True,True,True,0.0012646853757527499,True,0.20000000298023224,1.603985751610506e-14,0.20000000298024828,True,True
70,8,0.004300117492675781,0.001,True,True,True,0.001025080397353828,True,0.20000000298023224,1.603985751610102e-14,0.20000000298024828,True,True
70,9,0.0028889961540699005,0.001,True,True,True,3.127498260369066e-13,True,0.20000000111723168,1.6039858668366038e-14,0.20000000111724772,True,True
70,10,0.0020027533173561096,0.001,True,True,True,3.502753642692369e-13,True,0.19922764319775088,1.598998461809084e-14,0.19922764319776687,True,True
70,11,0.0022013746201992035,0.001,True,True,True,0.0014965890968039464,True,0.2000068871844261,1.6665239817550702e-14,0.20000688718444276,True,True
70,12,0.003728710114955902,0.001,True,True,True,0.004079425513408008,True,0.20000000298023224,1.60398575159435e-14,0.20000000298024828,True,True
70,13,0.006156016141176224,0.001,True,True,True,0.007335202904056204,True,0.20000000298023224,1.6039857516103444e-14,0.20000000298024828,True,True
70,14,0.009187579154968262,0.001,True,True,True,0.010989349860197839,True,0.20000000298023224,1.603985751610102e-14,0.20000000298024828,True,True
70,15,0.012527868151664734,0.001,True,True,True,0.014771899043981795,True,0.20000000298023224,1.603985751610506e-14,0.20000000298024828,True,True
70,16,0.01593126356601715,0.001,True,True,True,0.01829819386931575,True,0.20000000298023224,1.6039857516106676e-14,0.20000000298024828,True,True
70,17,0.015326414257287979,0.001,True,True,True,0.006822537023211339,True,0.20000000298023224,1.6039857516106676e-14,0.20000000298024828,True,True
70,18,0.01424633339047432,0.001,True,True,True,0.006087527604784149,True,0.20000000298023224,1.6039857516105868e-14,0.20000000298024828,True,True
70,19,0.013879988342523575,0.001,True,True,True,0.005908430143153898,True,0.20000000298023224,1.6039857516102637e-14,0.20000000298024828,True,True
70,20,0.01384665071964264,0.001,True,True,True,0.005936492185010356,True,0.20000000298023224,4.972306987530922e-15,0.2000000029802372,True,True
71,1,0.002988208085298538,0.001,True,True,True,0.0023976091752726525,True,0.20000000301349818,1.3932115269725797e-13,0.20000000301363752,True,True
71,2,0.0037260763347148895,0.001,True,True,True,0.0036325070915653734,True,0.20000000298023224,1.39321152637352e-13,0.20000000298037157,True,True
71,3,0.004754677414894104,0.001,True,True,True,0.004823970162778579,True,0.20000000298023224,1.3932115263733262e-13,0.20000000298037157,True,True
71,4,0.00568007305264473,0.001,True,True,True,0.005415261311327191,True,0.20000000298023224,1.3932115263735847e-13,0.20000000298037157,True,True
71,5,0.005961291491985321,0.001,True,True,True,0.004687956051360631,True,0.20000000298023224,1.39321152637352e-13,0.20000000298037157,True,True
71,6,0.004907615482807159,0.001,True,True,True,0.001758190156191386,True,0.20000000298023224,1.39321152637352e-13,0.20000000298037157,True,True
71,7,0.004183083772659302,0.001,True,True,True,0.001076931406611581,True,0.20000000298023224,1.3932115263735443e-13,0.20000000298037157,True,True
71,8,0.002888903021812439,0.001,True,True,True,7.200162688292266e-11,True,0.20000000155454137,1.393211550469275e-13,0.2000000015546807,True,True
71,9,0.0021406561136245728,0.001,True,True,True,1.7309487176930816e-12,True,0.19991762066606816,1.4013905376429308e-13,0.1999176206662083,True,True
71,10,0.0024103783071041107,0.001,True,True,True,0.0014002099937205914,True,0.19999997048745077,1.4003399266539844e-13,0.1999999704875908,True,True
71,11,0.003928005695343018,0.001,True,True,True,0.003917131715306499,True,0.20000000298023224,1.393211526373318e-13,0.20000000298037157,True,True
71,12,0.006434403359889984,0.001,True,True,True,0.007180546483575467,True,0.20000000298023224,1.3932115263733504e-13,0.20000000298037157,True,True
71,13,0.00960027426481247,0.001,True,True,True,0.010906602275476351,True,0.20000000298023224,1.393211526373528e-13,0.20000000298037157,True,True
71,14,0.01316770538687706,0.001,True,True,True,0.014849546088484988,True,0.20000000298023224,1.393211526373633e-13,0.20000000298037157,True,True
71,15,0.01357522513717413,0.001,True,True,True,0.0036781029154039357,True,0.20000000298023224,1.3932115263735443e-13,0.20000000298037157,True,True
71,16,0.01053176075220108,0.001,True,True,True,0.001630317688375016,True,0.20000000298023224,1.3932115263735604e-13,0.20000000298037157,True,True
71,17,0.008843153715133667,0.001,True,True,True,0.0005187546044319591,True,0.20000000298023224,1.3932115263735604e-13,0.20000000298037157,True,True
71,18,0.008081603795289993,0.001,True,True,True,0.00012080204460857003,True,0.20000000298023224,1.3932115263735523e-13,0.20000000298037157,True,True
71,19,0.007879789918661118,0.001,True,True,True,0.00011436076712689758,True,0.20000000298023224,1.39321152637352e-13,0.20000000298037157,True,True
71,20,0.007887650281190872,0.001,True,True,True,0.00019092103947682126,True,0.20000000298023224,2.8388901694717193e-14,0.20000000298026063,True,True
72,1,0.004266217350959778,0.001,True,True,True,0.004149833545340487,True,0.20000000298023224,2.2467371684911999e-13,0.20000000298045692,True,True
72,2,0.005356103181838989,0.001,True,True,True,0.005390011219044366,True,0.20000000298023224,2.2467371684877102e-13,0.20000000298045692,True,True
72,3,0.0061414241790771484,0.001,True,True,True,0.005268121815330318,True,0.20000000298023224,2.2467371684875163e-13,0.20000000298045692,True,True
72,4,0.006506919860839844,0.001,True,True,True,0.0041869782741214,True,0.20000000298023224,2.2467371684877748e-13,0.20000000298045692,True,True
72,5,0.005527488887310028,0.001,True,True,True,0.002602892969117976,True,0.20000000298023224,2.2467371684877102e-13,0.20000000298045692,True,True
72,6,0.004309307783842087,0.001,True,True,True,0.0009907707331344717,True,0.20000000298023224,2.2467371684877102e-13,0.20000000298045692,True,True
72,7,0.002991877496242523,0.001,True,True,True,1.6717427442358712e-10,True,0.20000000292882522,2.246737169021266e-13,0.2000000029290499,True,True
72,8,0.0022387057542800903,0.001,True,True,True,1.3844481117075702e-13,True,0.19998643415422235,2.2747332988919474e-13,0.19998643415444983,True,True
72,9,0.0024479255080223083,0.001,True,True,True,0.0013184903060775577,True,0.19999998056375023,2.2483946168852872e-13,0.19999998056397508,True,True
72,10,0.003833252936601639,0.001,True,True,True,0.003707109270885245,True,0.20000000298023224,2.246737168491103e-13,0.20000000298045692,True,True
72,11,0.00632954016327858,0.001,True,True,True,0.006929902955248202,True,0.20000000298023224,2.2467371684875082e-13,0.20000000298045692,True,True
72,12,0.009498104453086853,0.001,True,True,True,0.010667491994252987,True,0.20000000298023224,2.2467371684875406e-13,0.20000000298045692,True,True
72,13,0.013119995594024658,0.001,True,True,True,0.014707194847819904,True,0.20000000298023224,2.2467371684877183e-13,0.20000000298045692,True,True
72,14,0.009851678274571896,0.001,True,True,True,0.004995272671982631,True,0.20000000298023224,2.2467371684878233e-13,0.20000000298045692,True,True
72,15,0.0058614760637283325,0.001,True,True,True,0.002531347677200313,True,0.20000000298023224,2.2467371684877344e-13,0.20000000298045692,True,True
72,16,0.003632131963968277,0.001,True,True,True,0.000983730234139668,True,0.20000000298023224,2.2467371684877506e-13,0.20000000298045692,True,True
72,17,0.002474892884492874,0.001,True,True,True,0.0002159384691592936,True,0.1999994334329476,2.2487246926505366e-13,0.19999943343317247,True,True
72,18,0.002040144056081772,0.001,True,True,True,5.194178420708795e-11,True,0.19906944491028322,2.2626097622119934e-13,0.19906944491050949,True,True
72,19,0.002005498856306076,0.001,True,True,True,0.00013398817319948408,True,0.1987046738480806,2.2828223440085756e-13,0.1987046738483089,True,True
72,20,0.0020615868270397186,0.001,True,True,True,0.00030366884884086565,True,0.1994890164881515,3.364362622670917e-14,0.19948901648818515,True,True
73,1,0.005813822150230408,0.001,True,True,True,0.005736183722315102,True,0.20000000298023224,9.902425190310565e-14,0.20000000298033127,True,True
73,2,0.005710504949092865,0.001,True,True,True,0.00493341610131659,True,0.20000000298023224,9.902425190337707e-14,0.20000000298033127,True,True
73,3,0.006149105727672577,0.001,True,True,True,0.00393985137773234,True,0.20000000298023224,9.902425190335768e-14,0.20000000298033127,True,True
73,4,0.005404982715845108,0.001,True,True,True,0.0024152096570070336,True,0.20000000298023224,9.902425190317674e-14,0.20000000298033127,True,True
73,5,0.004101060330867767,0.001,True,True,True,0.0009307783011101023,True,0.20000000298023224,9.902425190337707e-14,0.20000000298033127,True,True
73,6,0.0028164610266685486,0.001,True,True,True,5.1344484219839615e-12,True,0.2000000098177636,9.902425614784759e-14,0.20000000981786265,True,True
73,7,0.002048950642347336,0.001,True,True,True,2.9803937096062327e-12,True,0.1996796414676657,9.857534210391554e-14,0.1996796414677643,True,True
73,8,0.00219031423330307,0.001,True,True,True,0.001343010746508888,True,0.20000262042457204,1.0065489824351103e-13,0.20000262042467268,True,True
73,9,0.0035193488001823425,0.001,True,True,True,0.0037289208847742783,True,0.20000000298023224,9.902425190337788e-14,0.20000000298033127,True,True
73,10,0.005918316543102264,0.001,True,True,True,0.006929186264674092,True,0.20000000298023224,9.902425190309596e-14,0.20000000298033127,True,True
73,11,0.008992195129394531,0.001,True,True,True,0.010691422001425477,True,0.20000000298023224,9.902425190335687e-14,0.20000000298033127,True,True
73,12,0.012561257928609848,0.001,True,True,True,0.014852810836619823,True,0.20000000298023224,9.90242519033601e-14,0.20000000298033127,True,True
73,13,0.011153501458466053,0.001,True,True,True,0.007371453359998559,True,0.20000000298023224,9.902425190337788e-14,0.20000000298033127,True,True
73,14,0.0067627280950546265,0.001,True,True,True,0.004056156513481901,True,0.20000000298023224,9.902425190318158e-14,0.20000000298033127,True,True
73,15,0.004090249538421631,0.001,True,True,True,0.0018916647488582128,True,0.20000000298023224,9.902425190337949e-14,0.20000000298033127,True,True
73,16,0.0025122985243797302,0.001,True,True,True,0.0005827290830976994,True,0.19999984228714862,9.918245801156148e-14,0.1999998422872478,True,True
73,17,0.0017572566866874695,0.001,True,True,True,8.884115665352965e-12,True,0.17698325348646193,9.890690998177733e-14,0.17698325348656083,True,True
73,18,0.0015954263508319855,0.001,True,True,True,2.5560932315760176e-05,True,0.11502730950138584,9.832413874422898e-14,0.11502730950148417,True,True
73,19,0.0018314607441425323,0.001,True,True,True,0.0005540053393087718,True,0.19567039121417507,1.1324451960617961e-13,0.1956703912142883,True,True
73,20,0.002035275101661682,0.001,True,True,True,0.0008846130780831296,True,0.19981332519467238,1.3872971742667681e-14,0.19981332519468625,True,True
74,1,0.005346469581127167,0.001,True,True,True,0.004636633974420934,True,0.20000000298023224,5.578130701052567e-17,0.2000000029802323,True,True
74,2,0.00581778958439827,0.001,True,True,True,0.00366526843978654,True,0.20000000298023224,5.578130702345036e-17,0.2000000029802323,True,True
74,3,0.005150340497493744,0.001,True,True,True,0.0022355400722794405,True,0.20000000298023224,5.578130704283741e-17,0.2000000029802323,True,True
74,4,0.0039310939610004425,0.001,True,True,True,0.000859874974963093,True,0.20000000298023224,5.578130702991271e-17,0.2000000029802323,True,True
74,5,0.0027176067233085632,0.001,True,True,True,3.3306690738754696e-15,True,0.20000000876249138,5.578134009775017e-17,0.20000000876249144,True,True
74,6,0.002000369131565094,0.001,True,True,True,1.3322676295501878e-15,True,0.19935758970561324,5.577537736630458e-17,0.1993575897056133,True,True
74,7,0.0021789856255054474,0.001,True,True,True,0.0012705710607603393,True,0.20000112933268516,5.589196528366713e-17,0.2000011293326852,True,True
74,8,0.0035541020333766937,0.001,True,True,True,0.003525496945555262,True,0.20000000298023224,5.578130700891008e-17,0.2000000029802323,True,True
74,9,0.005911972373723984,0.001,True,True,True,0.0065073281859125975,True,0.20000000298023224,5.578130702425816e-17,0.2000000029802323,True,True
74,10,0.008961141109466553,0.001,True,True,True,0.010067795127827628,True,0.20000000298023224,5.578130702668154e-17,0.2000000029802323,True,True
74,11,0.012561995536088943,0.001,True,True,True,0.014113647350593395,True,0.20000000298023224,5.578130704202961e-17,0.2000000029802323,True,True
74,12,0.0136736324056983,0.001,True,True,True,0.011603701970468228,True,0.20000000298023224,5.578130704526079e-17,0.2000000029802323,True,True
74,13,0.008917700499296188,0.001,True,True,True,0.007340826213534213,True,0.20000000298023224,5.578130702425816e-17,0.2000000029802323,True,True
74,14,0.005684163421392441,0.001,True,True,True,0.004244461826066304,True,0.20000000298023224,5.578130703475947e-17,0.2000000029802323,True,True
74,15,0.003539726138114929,0.001,True,True,True,0.0020022527881769503,True,0.20000000298023224,5.578130702587374e-17,0.2000000029802323,True,True
74,16,0.0022966787219047546,0.001,True,True,True,0.0005811235489914246,True,0.1999915646737048,5.58447594835916e-17,0.19999156467370485,True,True
74,17,0.0018200315535068512,0.001,True,True,True,2.831068712794149e-15,True,0.18799631164534958,5.576793367540876e-17,0.18799631164534963,True,True
74,18,0.002048492431640625,0.001,True,True,True,0.00027363396707474896,True,0.1994306798840106,5.659474040151712e-17,0.19943067988401064,True,True
74,19,0.0026343688368797302,0.001,True,True,True,0.0006525338963002114,True,0.19999999072481944,5.578413894090092e-17,0.1999999907248195,True,True
74,20,-0.0002294108271598816,0.001,False,True,False,1.7763568394002505e-15,True,,,,,
75,1,0.00553557276725769,0.001,True,True,True,0.003831504452469603,True,0.20000000298023224,2.4801140033990163e-17,0.20000000298023227,True,True
75,2,0.004896879196166992,0.001,True,True,True,0.0025073617743532894,True,0.20000000298023224,2.4801140033990163e-17,0.20000000298023227,True,True
75,3,0.0037621967494487762,0.001,True,True,True,0.0011327940483182308,True,0.20000000298023224,2.4801140032374576e-17,0.20000000298023227,True,True
75,4,0.0026248320937156677,0.001,True,True,True,0.00017308546315086826,True,0.20000000701813928,2.4801232124072382e-17,0.2000000070181393,True,True
75,5,0.0019284039735794067,0.001,True,True,True,3.3306690738754696e-16,True,0.19825505380609765,2.4808531962282007e-17,0.19825505380609768,True,True
75,6,0.0020486339926719666,0.001,True,True,True,0.0009273299607039931,True,0.19994758778864813,2.4878107141423737e-17,0.19994758778864816,True,True
75,7,0.00328001007437706,0.001,True,True,True,0.002759212703339675,True,0.20000000298022827,2.4801140034797957e-17,0.2000000029802283,True,True
75,8,0.00538843497633934,0.001,True,True,True,0.005284211812080053,True,0.20000000298023224,2.4801140032374576e-17,0.20000000298023227,True,True
75,9,0.008177749812602997,0.001,True,True,True,0.008386883303407866,True,0.20000000298023224,2.480114003318237e-17,0.20000000298023227,True,True
75,10,0.011564429849386215,0.001,True,True,True,0.011963139559203362,True,0.20000000298023224,2.480114003560575e-17,0.20000000298023227,True,True
75,11,0.015483740717172623,0.001,True,True,True,0.015943325760303884,True,0.20000000298023224,2.480114003318237e-17,0.20000000298023227,True,True
75,12,0.01268138736486435,0.001,True,True,True,0.007798838061906954,True,0.20000000298023224,2.4801140034797957e-17,0.20000000298023227,True,True
75,13,0.008613832294940948,0.001,True,True,True,0.004735389313338945,True,0.20000000298023224,2.480114003318237e-17,0.20000000298023227,True,True
75,14,0.005519788712263107,0.001,True,True,True,0.0025184102547637366,True,0.20000000298023224,2.4801140032374576e-17,0.20000000298023227,True,True
75,15,0.0032857470214366913,0.001,True,True,True,0.0010494014633072313,True,0.20000000298019527,2.4801140034797957e-17,0.2000000029801953,True,True
75,16,0.0018500424921512604,0.001,True,True,True,0.00028219652568256537,True,0.1941902829538864,2.478261357368338e-17,0.19419028295388643,True,True
75,17,0.0011950209736824036,0.001,True,True,True,0.00022236364975791734,True,6.991740519879386e-12,2.479865748321834e-17,6.991765318536869e-12,True,True
75,18,0.0013373345136642456,0.001,True,True,True,0.0008447182773628215,True,0.438785728367975,2.480880317897211e-17,0.438785728367975,True,True
75,19,0.0016084462404251099,0.001,True,True,True,0.0021663596813022434,True,0.3618662137854969,2.480998728155663e-17,0.3618662137854969,True,True
75,20,0.0010233111679553986,0.001,True,True,True,0.0045569338856599195,True,9.094947017729282e-13,2.636327145040055e-18,9.094973381000733e-13,True,True
76,1,0.004979453980922699,0.001,True,True,True,0.0024254429226440166,True,0.20000000298023224,2.3246702777795726e-17,0.20000000298023227,True,True
76,2,0.0038876980543136597,0.001,True,True,True,0.001078614411594847,True,0.20000000298023224,2.3246702777795726e-17,0.20000000298023227,True,True
76,3,0.0027190223336219788,0.001,True,True,True,0.0001823324873660992,True,0.19999999602840438,2.324671142280248e-17,0.1999999960284044,True,True
76,4,0.0019178800284862518,0.001,True,True,True,3.3306690738754696e-16,True,0.19802116580604734,2.3167182370606355e-17,0.19802116580604737,True,True
76,5,0.0018218941986560822,0.001,True,True,True,0.00078234799168031,True,0.19912076058741057,2.3237048505681788e-17,0.1991207605874106,True,True
76,6,0.002739064395427704,0.001,True,True,True,0.002507073784295044,True,0.19999999973470226,2.324671075718058e-17,0.19999999973470228,True,True
76,7,0.004507813602685928,0.001,True,True,True,0.004902057586983033,True,0.20000000298023224,2.3246702780219107e-17,0.20000000298023227,True,True
76,8,0.00694487988948822,0.001,True,True,True,0.007884007821755468,True,0.20000000298023224,2.3246702777795726e-17,0.20000000298023227,True,True
76,9,0.009948298335075378,0.001,True,True,True,0.011404230244914881,True,0.20000000298023224,2.324670277860352e-17,0.20000000298023227,True,True
76,10,0.013427596539258957,0.001,True,True,True,0.015461636901235365,True,0.20000000298023224,2.3246702779411313e-17,0.20000000298023227,True,True
76,11,0.013365432620048523,0.001,True,True,True,0.014412659440647735,True,0.20000000298023224,2.324670277860352e-17,0.20000000298023227,True,True
76,12,0.009098563343286514,0.001,True,True,True,0.010235583507152146,True,0.20000000298023224,2.3246702780219107e-17,0.20000000298023227,True,True
76,13,0.005962584167718887,0.001,True,True,True,0.006708949447137735,True,0.20000000298023224,2.324670277860352e-17,0.20000000298023227,True,True
76,14,0.0036769062280654907,0.001,True,True,True,0.0038896445315055317,True,0.20000000298023224,2.3246702777795726e-17,0.20000000298023227,True,True
76,15,0.00214381143450737,0.001,True,True,True,0.0018175134439233354,True,0.2000800824668552,2.3320002144582813e-17,0.20008008246685524,True,True
76,16,0.001318715512752533,0.001,True,True,True,0.0005636974117677607,True,0.26496721509909094,2.322075464785355e-17,0.26496721509909094,True,True
76,17,0.0012091360986232758,0.001,True,True,True,0.00022252749793172377,True,2.8421709430404007e-13,2.3221118289052408e-17,2.8424031542232913e-13,True,True
76,18,0.0018657445907592773,0.001,True,True,True,0.0006166177381962679,True,0.19761279021800338,2.3450204280296143e-17,0.1976127902180034,True,True
76,19,0.0033261552453041077,0.001,True,True,True,0.0010627866553581944,True,0.20000000298023132,2.3246702777795726e-17,0.20000000298023135,True,True
76,20,-0.0022696703672409058,0.001,False,True,False,4.440892098500626e-16,True,,,,,
77,1,0.0038743391633033752,0.001,True,True,True,0.0013617892058067627,True,0.20000000298023224,3.086149348239373e-17,0.20000000298023227,True,True
77,2,0.002712089568376541,0.001,True,True,True,0.0003790649993650197,True,0.19999999584319628,3.086151293406282e-17,0.1999999958431963,True,True
77,3,0.0019016601145267487,0.001,True,True,True,9.992007221626409e-16,True,0.1975789983078533,3.1142005781034994e-17,0.19757899830785333,True,True
77,4,0.0017199143767356873,0.001,True,True,True,0.00044127187352904773,True,0.19047287481891928,3.090015694466257e-17,0.1904728748189193,True,True
77,5,0.0024773254990577698,0.001,True,True,True,0.0017489510948166531,True,0.2000000213198796,3.0878901121953105e-17,0.20000002131987962,True,True
77,6,0.004035264253616333,0.001,True,True,True,0.0037001820830243615,True,0.20000000298023224,3.0861493474315793e-17,0.20000000298023227,True,True
77,7,0.00625167042016983,0.001,True,True,True,0.006223892070155279,True,0.20000000298023224,3.086149348481711e-17,0.20000000298023227,True,True
77,8,0.0090860053896904,0.001,True,True,True,0.009265256159688318,True,0.20000000298023224,3.086149348239373e-17,0.20000000298023227,True,True
77,9,0.012514006346464157,0.001,True,True,True,0.012800224932117854,True,0.20000000298023224,3.086149348320152e-17,0.20000000298023227,True,True
77,10,0.016537930816411972,0.001,True,True,True,0.016838766170068187,True,0.20000000298023224,3.0861493484009316e-17,0.20000000298023227,True,True
77,11,0.015558551996946335,0.001,True,True,True,0.010833393081827625,True,0.20000000298023224,3.086149348320152e-17,0.20000000298023227,True,True
77,12,0.011370029300451279,0.001,True,True,True,0.007427522377580709,True,0.20000000298023224,3.086149348481711e-17,0.20000000298023227,True,True
77,13,0.007889550179243088,0.001,True,True,True,0.0046515745537102915,True,0.20000000298023224,3.086149348320152e-17,0.20000000298023227,True,True
77,14,0.005089577287435532,0.001,True,True,True,0.0024871790715599307,True,0.20000000298023224,3.086149348239373e-17,0.20000000298023227,True,True
77,15,0.002977076917886734,0.001,True,True,True,0.0009522993504880728,True,0.2000000027715189,3.086149366091611e-17,0.20000000277151891,True,True
77,16,0.001587003469467163,0.001,True,True,True,9.777587626164097e-05,True,0.12428381355574203,3.089305059966942e-17,0.12428381355574206,True,True
77,17,0.0009748004376888275,0.001,False,True,False,1.1102230246251565e-15,True,,,,,
77,18,0.0011889860033988953,0.001,True,True,True,0.0006139958303528203,True,0.4580095456004756,3.090915157254974e-17,0.45800954560047563,True,True
77,19,0.0017390921711921692,0.001,True,True,True,0.0014970352393581243,True,0.221101520785556,3.112856650169025e-17,0.22110152078555603,True,True
77,20,0.001077092718333006,0.001,True,True,True,0.00017794881041965915,True,4.547473508864641e-13,3.512828370112608e-18,4.547508637148342e-13,True,True
78,1,0.0029553622007369995,0.001,True,True,True,0.0004800441237514663,True,0.20000000289328349,1.0533742735711998e-13,0.20000000289338882,True,True
78,2,0.00206843763589859,0.001,True,True,True,3.4322544806286714e-12,True,0.19979610680602755,1.0774801629172028e-13,0.1997961068061353,True,True
78,3,0.0017189085483551025,0.001,True,True,True,0.00031316102300305015,True,0.18709334515770593,1.057711937483678e-13,0.1870933451578117,True,True
78,4,0.002191990613937378,0.001,True,True,True,0.0014741661898374225,True,0.20000510452891468,1.0776806841679601e-13,0.20000510452902245,True,True
78,5,0.0034357644617557526,0.001,True,True,True,0.0032315644745033456,True,0.20000000298023224,1.0533742718055408e-13,0.20000000298033757,True,True
78,6,0.005305703729391098,0.001,True,True,True,0.005520274374529954,True,0.20000000298023224,1.0533742718050884e-13,0.20000000298033757,True,True
78,7,0.007740836590528488,0.001,True,True,True,0.008298753150444926,True,0.20000000298023224,1.0533742718051934e-13,0.20000000298033757,True,True
78,8,0.01069752499461174,0.001,True,True,True,0.011557194533809101,True,0.20000000298023224,1.0533742718051692e-13,0.20000000298033757,True,True
78,9,0.01415582001209259,0.001,True,True,True,0.01531809852345889,True,0.20000000298023224,1.0533742718051773e-13,0.20000000298033757,True,True
78,10,0.016236379742622375,0.001,True,True,True,0.01396980232231848,True,0.20000000298023224,1.0533742718051854e-13,0.20000000298033757,True,True
78,11,0.01206490769982338,0.001,True,True,True,0.010301912031733362,True,0.20000000298023224,1.0533742718051773e-13,0.20000000298033757,True,True
78,12,0.008608289062976837,0.001,True,True,True,0.007141106783096596,True,0.20000000298023224,1.0533742718051934e-13,0.20000000298033757,True,True
78,13,0.005786307156085968,0.001,True,True,True,0.00451338336784779,True,0.20000000298023224,1.0533742718051773e-13,0.20000000298033757,True,True
78,14,0.003581557422876358,0.001,True,True,True,0.0024457695823308367,True,0.20000000298023224,1.0533742718093051e-13,0.20000000298033757,True,True
78,15,0.002013273537158966,0.001,True,True,True,0.0009891875769489356,True,0.1999234832958155,1.0778515719893865e-13,0.19992348329592327,True,True
78,16,0.0011336244642734528,0.001,True,True,True,0.00021278634219862314,True,1.9476829038467258e-08,1.0559528885751646e-13,1.9476934633756114e-08,True,True
78,17,0.0010193288326263428,0.001,True,True,True,0.0001990265157518767,True,4.4017269829055294e-09,1.0580264769684294e-13,4.401832785553226e-09,True,True
78,18,0.0016512870788574219,0.001,True,True,True,0.000866590790135624,True,0.20889492038458712,1.0631921551925391e-13,0.20889492038469346,True,True
78,19,0.0025278329849243164,0.001,True,True,True,0.0018106472638744209,True,0.2000000250589599,1.0563872993421678e-13,0.20000002505906553,True,True
78,20,0.0012344993883743882,0.001,True,True,True,0.00019153444078479076,True,-2.463139026076533e-09,1.4221294841386113e-14,-2.4631248047816916e-09,True,True
79,1,0.002282477915287018,0.001,True,True,True,0.00047454146269065856,True,0.1999972316124033,2.7297500930260994e-17,0.19999723161240332,True,True
79,2,0.0018558911979198456,0.001,True,True,True,0.000736444172755979,True,0.19910400887949464,2.7215269199507085e-17,0.19910400887949467,True,True
79,3,0.0021915175020694733,0.001,True,True,True,0.0017191889377697889,True,0.20001029956896274,2.729741760312339e-17,0.20001029956896277,True,True
79,4,0.0032350271940231323,0.001,True,True,True,0.0032479345907702184,True,0.20000000298022058,2.7191868114575117e-17,0.2000000029802206,True,True
79,5,0.004857771098613739,0.001,True,True,True,0.005278170577423302,True,0.20000000298023224,2.719186811942188e-17,0.20000000298023227,True,True
79,6,0.007015809416770935,0.001,True,True,True,0.007785727246818808,True,0.20000000298023224,2.7191868116190704e-17,0.20000000298023227,True,True
79,7,0.00968410074710846,0.001,True,True,True,0.01077282080212516,True,0.20000000298023224,2.7191868113767324e-17,0.20000000298023227,True,True
79,8,0.012858469039201736,0.001,True,True,True,0.014268010022748023,True,0.20000000298023224,2.7191868114575117e-17,0.20000000298023227,True,True
79,9,0.016560710966587067,0.001,True,True,True,0.018325198966598344,True,0.20000000298023224,2.7191868112151737e-17,0.20000000298023227,True,True
79,10,0.015203170478343964,0.001,True,True,True,0.012997940331226143,True,0.20000000298023224,2.719186811295953e-17,0.20000000298023227,True,True
79,11,0.011489931493997574,0.001,True,True,True,0.009588093942579645,True,0.20000000298023224,2.7191868112151737e-17,0.20000000298023227,True,True
79,12,0.008320815861225128,0.001,True,True,True,0.006636030928668157,True,0.20000000298023224,2.7191868113767324e-17,0.20000000298023227,True,True
79,13,0.005689382553100586,0.001,True,True,True,0.004166359953842846,True,0.20000000298023224,2.7191868112151737e-17,0.20000000298023227,True,True
79,14,0.0036169178783893585,0.001,True,True,True,0.0022242627222989197,True,0.20000000298023224,2.7191868117806292e-17,0.20000000298023227,True,True
79,15,0.002149246633052826,0.001,True,True,True,0.0008709221406302259,True,0.19996671906277957,2.7292975968774787e-17,0.1999667190627796,True,True
79,16,0.0013506710529327393,0.001,True,True,True,0.00017472019494896296,True,-5.684341886080802e-14,2.719527032055145e-17,-5.6816223590487463e-14,True,True
79,17,0.0013070665299892426,0.001,True,True,True,0.00024147495880172398,True,0.028209732153868572,2.720323732516154e-17,0.0282097321538686,True,True
79,18,0.001940939575433731,0.001,True,True,True,0.000979558415414472,True,0.19992353711083877,2.868978770934842e-17,0.1999235371108388,True,True
79,19,0.0028558894991874695,0.001,True,True,True,0.0021101073201145737,True,0.20000000867202583,2.719186977539869e-17,0.20000000867202586,True,True
79,20,0.0013570913579314947,0.001,True,True,True,0.0001036875731983411,True,3.410605131648481e-13,2.8800019571691907e-18,3.4106339316680526e-13,True,True
80,1,0.0023266933858394623,0.001,True,True,True,0.0011738388194505456,True,0.19999973730244505,2.710311407438475e-17,0.19999973730244508,True,True
80,2,0.0025506988167762756,0.001,True,True,True,0.001933120296210511,True,0.20000000068587306,2.681756830255233e-17,0.2000000006858731,True,True
80,3,0.0034153684973716736,0.001,True,True,True,0.0032323891081086353,True,0.20000000298023224,2.6815188379529805e-17,0.20000000298023227,True,True
80,4,0.004829060286283493,0.001,True,True,True,0.004998137467212782,True,0.20000000298023224,2.681518837145187e-17,0.20000000298023227,True,True
80,5,0.006754420697689056,0.001,True,True,True,0.00714529231940797,True,0.20000000298023224,2.681518837629863e-17,0.20000000298023227,True,True
80,6,0.00917520746588707,0.001,True,True,True,0.009590363680709313,True,0.20000000298023224,2.6815188373067457e-17,0.20000000298023227,True,True
80,7,0.01209583505988121,0.001,True,True,True,0.01226089462446811,True,0.20000000298023224,2.6815188377106425e-17,0.20000000298023227,True,True
80,8,0.015543472021818161,0.001,True,True,True,0.015101510314983302,True,0.20000000298023224,2.681518837145187e-17,0.20000000298023227,True,True
80,9,0.0181080624461174,0.001,True,True,True,0.004620789566007533,True,0.20000000298023224,2.6815188381953186e-17,0.20000000298023227,True,True
80,10,0.01422470435500145,0.001,True,True,True,0.0025248333450116345,True,0.20000000298023224,2.681518837629863e-17,0.20000000298023227,True,True
80,11,0.010806731879711151,0.001,True,True,True,0.0010978732129392488,True,0.20000000298023224,2.6815188381953186e-17,0.20000000298023227,True,True
80,12,0.007851094007492065,0.001,True,True,True,0.00026954550627489304,True,0.20000000298023224,2.6815188377106425e-17,0.20000000298023227,True,True
80,13,0.005377952009439468,0.001,True,True,True,2.4424906541753444e-15,True,0.20000000298023224,2.6815188381953186e-17,0.20000000298023227,True,True
80,14,0.0034275949001312256,0.001,True,True,True,1.8318679906315083e-15,True,0.2000000029802322,2.6815188381145393e-17,0.20000000298023224,True,True
80,15,0.0020549707114696503,0.001,True,True,True,0.0006038359120446035,True,0.19977978597220222,2.6607390963793502e-17,0.19977978597220225,True,True
80,16,0.001320384442806244,0.001,True,True,True,0.0021592468507254945,True,1.4173963527923092,2.6804355606879733e-17,1.4173963527923092,True,True
80,17,0.0013662651181221008,0.001,True,True,True,0.004561099766704824,True,2.5329152674373177,2.680860980484803e-17,2.5329152674373177,True,True
80,18,0.0021136105060577393,0.001,True,True,True,0.006974940536280394,True,0.20116621258325584,2.675093050800485e-17,0.20116621258325587,True,True
80,19,0.0032444968819618225,0.001,True,True,True,0.009064683026860698,True,0.20000000298031856,2.6815188377914218e-17,0.2000000029803186,True,True
80,20,0.0044118911027908325,0.001,True,True,True,0.01055147669063028,True,0.20000000298023224,3.957037545879667e-18,0.20000000298023224,True,True
81,1,0.0030630044639110565,0.001,True,True,True,0.0025686069675043832,True,0.20000000297746173,8.073711130189822e-15,0.2000000029774698,True,True
81,2,0.0038083866238594055,0.001,True,True,True,0.004033196365313185,True,0.20000000298023224,8.07371112985378e-15,0.20000000298024032,True,True
81,3,0.00507030263543129,0.001,True,True,True,0.005936852463899522,True,0.20000000298023224,8.073711130349765e-15,0.20000000298024032,True,True
81,4,0.006782498210668564,0.001,True,True,True,0.008243373122325481,True,0.20000000298023224,8.073711130341687e-15,0.20000000298024032,True,True
81,5,0.008870642632246017,0.001,True,True,True,0.010971469952599344,True,0.20000000298023224,8.073711130346534e-15,0.20000000298024032,True,True
81,6,0.01125909760594368,0.001,True,True,True,0.01418888195348511,True,0.20000000298023224,8.073711130343303e-15,0.20000000298024032,True,True
81,7,0.012901125475764275,0.001,True,True,True,0.024525090360388746,True,0.20000000298023224,8.073711130347342e-15,0.20000000298024032,True,True
81,8,0.009274049662053585,0.001,True,True,True,0.020186695645281194,True,0.20000000298023224,8.073711130341687e-15,0.20000000298024032,True,True
81,9,0.0061455778777599335,0.001,True,True,True,0.016270411765439474,True,0.20000000298023224,8.073711130352188e-15,0.20000000298024032,True,True
81,10,0.003962714225053787,0.001,True,True,True,0.012003498518127875,True,0.20000000298023224,8.073711130346534e-15,0.20000000298024032,True,True
81,11,0.0023650415241718292,0.001,True,True,True,0.008137252142523033,True,0.20000852968966004,8.129059362364744e-15,0.20000852968966817,True,True
81,12,0.0012457892298698425,0.001,True,True,True,0.004848424194730971,True,4.551721023936693,8.070573983354146e-15,4.551721023936701,True,True
81,13,0.0005199015140533447,0.001,False,True,False,0.0023266461201546518,True,,,,,
81,14,-1.1123716831207275e-05,0.001,False,True,False,0.0006573480813808485,True,,,,,
81,15,-0.00015890970826148987,0.001,False,True,False,1.5076828674409626e-13,True,,,,,
81,16,-9.698420763015747e-05,0.001,False,True,False,0.0004519909213738238,True,,,,,
81,17,-7.668882608413696e-05,0.001,False,True,False,0.001348607922629308,True,,,,,
81,18,-0.0002687126398086548,0.001,False,True,False,0.01463647500497589,True,,,,,
81,19,-0.016186095774173737,0.001,False,True,False,0.006991674953752636,True,,,,,
81,20,-0.032078515738248825,0.001,False,True,False,9.170442183403793e-14,True,,,,,
82,1,0.0041166990995407104,0.001,True,True,True,0.004313329284333256,True,0.20000000298023224,1.2107974227819626e-13,0.2000000029803533,True,True
82,2,0.005130797624588013,0.001,True,True,True,0.006180618956356798,True,0.20000000298023224,1.210797422782738e-13,0.2000000029803533,True,True
82,3,0.006574317812919617,0.001,True,True,True,0.008425113643349857,True,0.20000000298023224,1.2107974227794262e-13,0.2000000029803533,True,True
82,4,0.008519090712070465,0.001,True,True,True,0.010915048690776086,True,0.20000000298023224,1.2107974227793454e-13,0.2000000029803533,True,True
82,5,0.01104782149195671,0.001,True,True,True,0.013525473783807751,True,0.20000000298023224,1.2107974227793938e-13,0.2000000029803533,True,True
82,6,0.014253959059715271,0.001,True,True,True,0.016149310617818657,True,0.20000000298023224,1.2107974227793615e-13,0.2000000029803533,True,True
82,7,0.018238425254821777,0.001,True,True,True,0.018710161158764227,True,0.20000000298023224,1.210797422779402e-13,0.2000000029803533,True,True
82,8,0.02132197469472885,0.001,True,True,True,0.0029912433143024497,True,0.20000000298023224,1.2107974227793454e-13,0.2000000029803533,True,True
82,9,0.01716409996151924,0.001,True,True,True,0.0012555702548778247,True,0.20000000298023224,1.2107974227794504e-13,0.2000000029803533,True,True
82,10,0.013189449906349182,0.001,True,True,True,0.00026761356650900625,True,0.20000000298023224,1.2107974227793938e-13,0.2000000029803533,True,True
82,11,0.009434342384338379,0.001,True,True,True,2.9054536554440347e-13,True,0.20000000298023224,1.2107974227815183e-13,0.2000000029803533,True,True
82,12,0.0059432461857795715,0.001,True,True,True,1.2110701330669826e-11,True,0.20000000298023224,1.210797422779402e-13,0.2000000029803533,True,True
82,13,0.002769477665424347,0.001,True,True,True,0.0004766398213976175,True,0.2000000097459544,1.2108011239949654e-13,0.20000000974607546,True,True
82,14,-5.5614858865737915e-05,0.001,False,True,False,0.0020028827951766304,True,,,,,
82,15,-0.0025947652757167816,0.001,False,True,False,0.00451479263140836,True,,,,,
82,16,-0.004349082708358765,0.001,False,True,False,0.006676759263102738,True,,,,,
82,17,-0.005554959177970886,0.001,False,True,False,0.007923876320721224,True,,,,,
82,18,-0.0068425387144088745,0.001,False,True,False,0.007991940950251963,True,,,,,
82,19,-0.008998896926641464,0.001,False,True,False,0.006790488828410823,True,,,,,
82,20,-0.012887850403785706,0.001,False,True,False,0.004265201776710914,True,,,,,
83,1,0.006083223968744278,0.001,True,True,True,0.006209057575263022,True,0.20000000298023224,5.998820112230052e-17,0.2000000029802323,True,True
83,2,0.007932823151350021,0.001,True,True,True,0.008113196491025043,True,0.20000000298023224,5.998820112230052e-17,0.2000000029802323,True,True
83,3,0.01003481075167656,0.001,True,True,True,0.010392946276395976,True,0.20000000298023224,5.998820110129789e-17,0.2000000029802323,True,True
83,4,0.012344196438789368,0.001,True,True,True,0.01303630970833003,True,0.20000000298023224,5.998820109321995e-17,0.2000000029802323,True,True
83,5,0.0144577631726861,0.001,True,True,True,0.023004028267490706,True,0.20000000298023224,5.998820109806671e-17,0.2000000029802323,True,True
83,6,0.010642120614647865,0.001,True,True,True,0.01968574732452022,True,0.20000000298023224,5.998820109483554e-17,0.2000000029802323,True,True
83,7,0.006921661086380482,0.001,True,True,True,0.015625858466109088,True,0.20000000298023224,5.998820109887451e-17,0.2000000029802323,True,True
83,8,0.004287023097276688,0.001,True,True,True,0.013110068272337072,True,0.20000000298023224,5.998820109321995e-17,0.2000000029802323,True,True
83,9,0.002570204436779022,0.001,True,True,True,0.00962070926397851,True,0.20000007970708236,5.998996253313691e-17,0.20000007970708242,True,True
83,10,0.001407179981470108,0.001,True,True,True,0.006449295079495321,True,2.791346203279261,5.9969806074659e-17,2.791346203279261,True,True
83,11,0.0006450898945331573,0.001,False,True,False,0.0037527857990372615,True,,,,,
83,12,-0.00015084818005561829,0.001,False,True,False,0.0016969853359455889,True,,,,,
83,13,-0.0008504912257194519,0.001,False,True,False,0.0003578760984982443,True,,,,,
83,14,-0.001377880573272705,0.001,False,True,False,1.8318679906315083e-15,True,,,,,
83,15,-0.0021476149559020996,0.001,False,True,False,0.000671432713307718,True,,,,,
83,16,-0.0033096447587013245,0.001,False,True,False,0.0018052383706589348,True,,,,,
83,17,-0.004751753062009811,0.001,False,True,False,0.002687987673719805,True,,,,,
83,18,-0.010947652161121368,0.001,False,True,False,0.005871511165262744,True,,,,,
83,19,-0.02588322013616562,0.001,False,True,False,1.1102230246251565e-15,True,,,,,
83,20,-0.029272284358739853,0.001,False,True,False,0.004628672814526058,True,,,,,
84,1,0.007636617869138718,0.001,True,True,True,0.00872322858759611,True,0.20000000298023224,5.258173509426349e-14,0.2000000029802848,True,True
84,2,0.009115099906921387,0.001,True,True,True,0.011331501755016182,True,0.20000000298023224,5.258173509426349e-14,0.2000000029802848,True,True
84,3,0.010983262211084366,0.001,True,True,True,0.014225781227286127,True,0.20000000298023224,5.258173509425541e-14,0.2000000029802848,True,True
84,4,0.013324927538633347,0.001,True,True,True,0.017337873089084965,True,0.20000000298023224,5.258173509427318e-14,0.2000000029802848,True,True
84,5,0.016230754554271698,0.001,True,True,True,0.020612443931259383,True,0.20000000298023224,5.258173509425864e-14,0.2000000029802848,True,True
84,6,0.01981469616293907,0.001,True,True,True,0.023658204431806773,True,0.20000000298023224,5.2581735094274796e-14,0.2000000029802848,True,True
84,7,0.017228800803422928,0.001,True,True,True,0.0038436384514015653,True,0.20000000298023224,5.258173509425945e-14,0.2000000029802848,True,True
84,8,0.013894855976104736,0.001,True,True,True,0.0019454811868451771,True,0.20000000298023224,5.258173509427318e-14,0.2000000029802848,True,True
84,9,0.01076636090874672,0.001,True,True,True,0.0006781158162926237,True,0.20000000298023224,5.258173509425783e-14,0.2000000029802848,True,True
84,10,0.007882397621870041,0.001,True,True,True,2.8908197328370022e-05,True,0.20000000298023224,5.2581735094271565e-14,0.2000000029802848,True,True
84,11,0.005289703607559204,0.001,True,True,True,7.260858581048524e-14,True,0.20000000298023224,5.258173509427076e-14,0.2000000029802848,True,True
84,12,0.0030260570347309113,0.001,True,True,True,1.1915159742192927e-05,True,0.2000000029760166,5.2581735088669517e-14,0.20000000297606918,True,True
84,13,0.0010701194405555725,0.001,True,True,True,0.0010302049063977137,True,1.2497448091465913,5.268619894600517e-14,1.2497448091466439,True,True
84,14,-0.0006345212459564209,0.001,False,True,False,0.0030317544269584107,True,,,,,
84,15,-0.0018779672682285309,0.001,False,True,False,0.0051258665236890155,True,,,,,
84,16,-0.0028787367045879364,0.001,False,True,False,0.006808988405454852,True,,,,,
84,17,-0.004083115607500076,0.001,False,True,False,0.007809790716329035,True,,,,,
84,18,-0.0060610100626945496,0.001,False,True,False,0.007923598285540179,True,,,,,
84,19,-0.009417790919542313,0.001,False,True,False,0.006940749019295089,True,,,,,
84,20,0.0020064194686710835,0.001,True,True,True,0.03364385321750163,True,0.20342071891034563,5.1813236383269226e-14,0.20342071891039745,True,True
85,1,0.010373953729867935,0.001,True,True,True,0.011243022073617825,True,0.20000000298023224,1.4799610069641251e-15,0.2000000029802337,True,True
85,2,0.013080336153507233,0.001,True,True,True,0.013788339192754018,True,0.20000000298023224,1.4799610069641251e-15,0.2000000029802337,True,True
85,3,0.016009967774152756,0.001,True,True,True,0.016692295250128608,True,0.20000000298023224,1.4799610069560472e-15,0.2000000029802337,True,True
85,4,0.015746910125017166,0.001,True,True,True,0.01615861522171369,True,0.20000000298023224,1.4799610069738186e-15,0.2000000029802337,True,True
85,5,0.011647166684269905,0.001,True,True,True,0.012250205395047176,True,0.20000000298023224,1.4799610069592784e-15,0.2000000029802337,True,True
85,6,0.008273489773273468,0.001,True,True,True,0.010115638944598493,True,0.20000000298023224,1.4799610069754342e-15,0.2000000029802337,True,True
85,7,0.005772393196821213,0.001,True,True,True,0.007449292219476433,True,0.20000000298023224,1.4799610069600862e-15,0.2000000029802337,True,True
85,8,0.0038679279386997223,0.001,True,True,True,0.005072216232136717,True,0.20000000298023224,1.4799610069738186e-15,0.2000000029802337,True,True
85,9,0.0024682506918907166,0.001,True,True,True,0.003047112894914883,True,0.20000014353729162,1.4817830429153187e-15,0.2000001435372931,True,True
85,10,0.0014927051961421967,0.001,True,True,True,0.001453753658826884,True,0.40468645673124826,1.478155090956036e-15,0.40468645673124976,True,True
85,11,0.0008772686123847961,0.001,False,True,False,0.00038495180168923726,True,,,,,
85,12,0.0004019439220428467,0.001,False,True,False,6.70019595361282e-14,True,,,,,
85,13,0.00041328370571136475,0.001,False,True,False,0.0002617316578208406,True,,,,,
85,14,0.0006464235484600067,0.001,False,True,False,0.0010377289686250846,True,,,,,
85,15,0.0009196922183036804,0.001,False,True,False,0.002040096439759554,True,,,,,
85,16,-0.0039949119091033936,0.001,False,True,False,8.08242361927114e-14,True,,,,,
85,17,-0.017569294199347496,0.001,False,True,False,8.43769498715119e-15,True,,,,,
85,18,-0.015354981645941734,0.001,False,True,False,0.00016691442065930318,True,,,,,
85,19,-0.013655859977006912,0.001,False,True,False,0.00011729276380556541,True,,,,,
85,20,-0.015715643763542175,0.001,False,True,False,6.17284001691587e-13,True,,,,,
86,1,0.012715276330709457,0.001,True,True,True,0.013896470194183497,True,0.20000000298023224,3.0765456066018837e-16,0.20000000298023254,True,True
86,2,0.015073202550411224,0.001,True,True,True,0.016628635584880036,True,0.20000000298023224,3.0765456066018837e-16,0.20000000298023254,True,True
86,3,0.017812877893447876,0.001,True,True,True,0.019746152153949703,True,0.20000000298023224,3.0765456065211043e-16,0.20000000298023254,True,True
86,4,0.017186541110277176,0.001,True,True,True,0.01254655618500733,True,0.20000000298023224,3.076545606698819e-16,0.20000000298023254,True,True
86,5,0.014004554599523544,0.001,True,True,True,0.009671545609044818,True,0.20000000298023224,3.076545606553416e-16,0.20000000298023254,True,True
86,6,0.011133193969726562,0.001,True,True,True,0.007130952874523477,True,0.20000000298023224,3.076545606714975e-16,0.20000000298023254,True,True
86,7,0.008579820394515991,0.001,True,True,True,0.004931597229960949,True,0.20000000298023224,3.076545606561494e-16,0.20000000298023254,True,True
86,8,0.0063655786216259,0.001,True,True,True,0.0030912034749458472,True,0.20000000298023224,3.076545606698819e-16,0.20000000298023254,True,True
86,9,0.004522409290075302,0.001,True,True,True,0.0016375294408514929,True,0.20000000298023224,3.076545607062326e-16,0.20000000298023254,True,True
86,10,0.0030911341309547424,0.001,True,True,True,0.0006078529288657264,True,0.20000000297965811,3.076545606682663e-16,0.20000000297965842,True,True
86,11,0.0021192580461502075,0.001,True,True,True,4.6474733792434275e-05,True,0.1998869683529201,3.099893329022014e-16,0.1998869683529204,True,True
86,12,0.0016213059425354004,0.001,True,True,True,5.551115123125783e-15,True,0.1424022938238636,3.0543634462560144e-16,0.1424022938238639,True,True
86,13,0.0016288012266159058,0.001,True,True,True,0.0004919855233756487,True,0.18265962507659594,3.0550601585624504e-16,0.18265962507659625,True,True
86,14,0.001993183046579361,0.001,True,True,True,0.0013138233913274067,True,0.20021649255071755,3.0632481701206284e-16,0.20021649255071786,True,True
86,15,0.0024575218558311462,0.001,True,True,True,0.0022434278862078494,True,0.2000001170197362,3.089096845593208e-16,0.2000001170197365,True,True
86,16,0.002281880471855402,0.001,True,True,True,1.199040866595169e-14,True,0.1999997090134541,3.2221541414821795e-16,0.19999970901345443,True,True
86,17,0.00012183935177745298,0.001,False,True,False,0.0004355892025997843,True,,,,,
86,18,-0.0003478303551673889,0.001,False,True,False,0.0001773165417029987,True,,,,,
86,19,-0.0008821487426757812,0.001,False,True,False,3.7792102598521726e-05,True,,,,,
86,20,-0.0014413222670555115,0.001,False,True,False,5.667688540711424e-14,True,,,,,
87,1,0.015346463769674301,0.001,True,True,True,0.017317124235197934,True,0.20000000298023224,1.390301693223637e-14,0.20000000298024614,True,True
87,2,0.018060892820358276,0.001,True,True,True,0.02089620974379447,True,0.20000000298023224,1.390301693223637e-14,0.20000000298024614,True,True
87,3,0.017185263335704803,0.001,True,True,True,0.010654625184318478,True,0.20000000298023224,1.3903016932234755e-14,0.20000000298024614,True,True
87,4,0.013953451067209244,0.001,True,True,True,0.007803270527491801,True,0.20000000298023224,1.390301693223314e-14,0.20000000298024614,True,True
87,5,0.011068060994148254,0.001,True,True,True,0.005225787288346162,True,0.20000000298023224,1.3903016932237986e-14,0.20000000298024614,True,True
87,6,0.008514463901519775,0.001,True,True,True,0.003146610015675677,True,0.20000000298023224,1.3903016932234755e-14,0.20000000298024614,True,True
87,7,0.0062987059354782104,0.001,True,True,True,0.001568199988966179,True,0.20000000298023224,1.3903016932238794e-14,0.20000000298024614,True,True
87,8,0.004437852650880814,0.001,True,True,True,0.0005081574060553096,True,0.20000000298023224,1.390301693223314e-14,0.20000000298024614,True,True
87,9,0.002959389239549637,0.001,True,True,True,1.7104095917375162e-12,True,0.20000000294503717,1.3903016939991997e-14,0.20000000294505108,True,True
87,10,0.0019000247120857239,0.001,True,True,True,1.3931633624508777e-12,True,0.19711707420834967,1.3958090850059852e-14,0.19711707420836364,True,True
87,11,0.001302417367696762,0.001,True,True,True,0.0006868571113066713,True,0.3793434707301344,1.3842900076274623e-14,0.37934347073014824,True,True
87,12,0.0012120455503463745,0.001,True,True,True,0.0022572161753209308,True,2.2601665085551303,1.3841964315936288e-14,2.260166508555144,True,True
87,13,0.0016507357358932495,0.001,True,True,True,0.0044284280919204,True,0.4253412981368463,1.3908973558114032e-14,0.4253412981368602,True,True
87,14,0.002428770065307617,0.001,True,True,True,0.00673021286702663,True,0.2000014219403205,1.3939628024264837e-14,0.20000142194033443,True,True
87,15,0.0033190883696079254,0.001,True,True,True,0.008958725995156624,True,0.20000000298023288,1.3903016932237179e-14,0.20000000298024678,True,True
87,16,0.0017931461334228516,0.001,True,True,True,1.244671032907263e-12,True,0.2721499423724332,1.3824667702691303e-14,0.272149942372447,True,True
87,17,0.0014157593250274658,0.001,True,True,True,0.000234667497647556,True,0.06433272113133626,1.3856508183793081e-14,0.0643327211313501,True,True
87,18,0.0012288391590118408,0.001,True,True,True,0.00023418485493675867,True,0.013037111717039807,1.3840405649429214e-14,0.013037111717053646,True,True
87,19,0.0011887624859809875,0.001,True,True,True,0.00021990076716921214,True,-6.74162947689183e-11,1.3836805068925676e-14,-6.740245796384938e-11,True,True
87,20,0.0012626387178897858,0.001,True,True,True,0.00038353043838779133,True,0.15262359151006422,1.4854331202442727e-15,0.15262359151006571,True,True
88,1,0.018876813352108,0.001,True,True,True,0.020714584299974192,True,0.20000000298023224,1.644918013254066e-10,0.20000000314472405,True,True
88,2,0.016178304329514503,0.001,True,True,True,0.012634269786403696,True,0.20000000298023224,1.644918013254066e-10,0.20000000314472405,True,True
88,3,0.0126715749502182,0.001,True,True,True,0.009955617698263142,True,0.20000000298023224,1.644918013254066e-10,0.20000000314472405,True,True
88,4,0.009702406823635101,0.001,True,True,True,0.007408732401228524,True,0.20000000298023224,1.644918013254066e-10,0.20000000314472405,True,True
88,5,0.007243886590003967,0.001,True,True,True,0.00513419505717061,True,0.20000000298023224,1.6449180132540661e-10,0.20000000314472405,True,True
88,6,0.005282387137413025,0.001,True,True,True,0.0031813044732158513,True,0.20000000298023224,1.644918013254066e-10,0.20000000314472405,True,True
88,7,0.0038179121911525726,0.001,True,True,True,0.0016176900154460383,True,0.20000000298023224,1.6449180132540661e-10,0.20000000314472405,True,True
88,8,0.002865031361579895,0.001,True,True,True,0.0005261708130803178,True,0.20000000251646644,1.6449181837876062e-10,0.20000000268095824,True,True
88,9,0.0024533793330192566,0.001,True,True,True,9.969378655938499e-09,True,0.19999983252155112,1.6790080560717063e-10,0.19999983268945193,True,True
88,10,0.002639204263687134,0.001,True,True,True,0.00016267884392956455,True,0.20000000413125488,1.6449992761527637e-10,0.20000000429575482,True,True
88,11,0.0036108270287513733,0.001,True,True,True,0.0008586353758750498,True,0.20000000298023224,1.644918013253972e-10,0.20000000314472405,True,True
88,12,0.00521184504032135,0.001,True,True,True,0.0017842397706257507,True,0.20000000298023224,1.644918013253965e-10,0.20000000314472405,True,True
88,13,-0.0007148087024688721,0.001,False,True,False,1.710248231923117e-08,True,,,,,
88,14,-0.004354029893875122,0.001,False,True,False,0.002330818340967322,True,,,,,
88,15,-0.0026561282575130463,0.001,False,True,False,0.001550400121733131,True,,,,,
88,16,-0.0019114911556243896,0.001,False,True,False,0.0005725723384842341,True,,,,,
88,17,-0.001444295048713684,0.001,False,True,False,1.037393465574965e-08,True,,,,,
88,18,-0.0010252222418785095,0.001,False,True,False,3.145543459748268e-05,True,,,,,
88,19,-0.0004922039806842804,0.001,False,True,False,0.0005611857823104027,True,,,,,
88,20,0.00010788813233375549,0.001,False,True,False,0.0009323227570020576,True,,,,,
89,1,0.017230160534381866,0.001,True,True,True,0.012165445614327641,True,0.20000000298023224,3.118770453094267e-14,0.20000000298026344,True,True
89,2,0.014132428914308548,0.001,True,True,True,0.008832575346973015,True,0.20000000298023224,3.118770453094267e-14,0.20000000298026344,True,True
89,3,0.01130189374089241,0.001,True,True,True,0.006016459187349665,True,0.20000000298023224,3.118770453094267e-14,0.20000000298026344,True,True
89,4,0.00874980166554451,0.001,True,True,True,0.0037107285087024655,True,0.20000000298023224,3.118770453094267e-14,0.20000000298026344,True,True
89,5,0.006502866744995117,0.001,True,True,True,0.0019242434362354843,True,0.20000000298023224,3.118770453091682e-14,0.20000000298026344,True,True
89,6,0.004600606858730316,0.001,True,True,True,0.0006813622943292463,True,0.20000000298023224,3.118770453094267e-14,0.20000000298026344,True,True
89,7,0.0030923038721084595,0.001,True,True,True,2.2085250545422763e-05,True,0.2000000029798714,3.118770453125286e-14,0.20000000297990259,True,True
89,8,0.002032008022069931,0.001,True,True,True,-1.6653345369377348e-16,True,0.19956882928047015,3.1293792480142383e-14,0.19956882928050143,True,True
89,9,0.0014717206358909607,0.001,True,True,True,0.0006491998238560281,True,0.21778369768992434,3.1020658742773983e-14,0.21778369768995537,True,True
89,10,0.0015359856188297272,0.001,True,True,True,0.0021243945597007596,True,0.4535870767544168,3.102847341637448e-14,0.4535870767544478,True,True
89,11,0.0021364986896514893,0.001,True,True,True,0.0038623092324638897,True,0.20020271856150962,3.12852937924369e-14,0.2002027185615409,True,True
89,12,0.002972271293401718,0.001,True,True,True,0.0055262376395629476,True,0.20000000302383067,3.118770455443977e-14,0.20000000302386187,True,True
89,13,0.0031637772917747498,0.001,True,True,True,0.0013473643494443244,True,0.20000000297991513,3.1187704531149464e-14,0.20000000297994633,True,True
89,14,0.003223646432161331,0.001,True,True,True,0.0012717382111668285,True,0.20000000298018464,3.118770453091682e-14,0.20000000298021584,True,True
89,15,0.0027798712253570557,0.001,True,True,True,0.0006134559857322031,True,0.20000000898164072,3.118771626817027e-14,0.20000000898167192,True,True
89,16,0.0022733211517333984,0.001,True,True,True,9.795442235116525e-12,True,0.19998752469684059,3.124320612237004e-14,0.19998752469687184,True,True
89,17,0.0020850077271461487,0.001,True,True,True,8.686384944667225e-13,True,0.19970849739880706,3.120340928690098e-14,0.19970849739883825,True,True
89,18,0.0025787614285945892,0.001,True,True,True,0.0012602289157658264,True,0.2000000042155882,3.1189509767714306e-14,0.2000000042156194,True,True
89,19,0.003453511744737625,0.001,True,True,True,0.0027321233227290964,True,0.20000000298023224,3.118770453091682e-14,0.20000000298026344,True,True
89,20,0.0036235814914107323,0.001,True,True,True,4.387046281806306e-12,True,0.20000000298023224,5.393359124965536e-15,0.20000000298023762,True,True
90,1,0.013749808073043823,0.001,True,True,True,0.009764083334594387,True,0.20000000298023224,3.4739336248325416e-17,0.20000000298023227,True,True
90,2,0.010530613362789154,0.001,True,True,True,0.007250496199622425,True,0.20000000298023224,3.4739336248325416e-17,0.20000000298023227,True,True
90,3,0.00781954824924469,0.001,True,True,True,0.00502101646695946,True,0.20000000298023224,3.4739336248325416e-17,0.20000000298023227,True,True
90,4,0.0056098029017448425,0.001,True,True,True,0.0031159610803712656,True,0.20000000298023224,3.4739336248325416e-17,0.20000000298023227,True,True
90,5,0.003907512873411179,0.001,True,True,True,0.0015939623551275983,True,0.20000000298023224,3.473933626125011e-17,0.20000000298023227,True,True
90,6,0.0027325674891471863,0.001,True,True,True,0.0005281551857996281,True,0.20000000372880264,3.473934634251383e-17,0.20000000372880267,True,True
90,7,0.0021185092628002167,0.001,True,True,True,8.881784197001252e-16,True,0.1998942358958783,3.522768133517549e-17,0.19989423589587832,True,True
90,8,0.0021113529801368713,0.001,True,True,True,0.00011693271854212872,True,0.19988918522961027,3.5699816305733025e-17,0.1998891852296103,True,True
90,9,0.002894200384616852,0.001,True,True,True,0.0008458679890800958,True,0.20000000313641408,3.473933640342178e-17,0.2000000031364141,True,True
90,10,0.004236683249473572,0.001,True,True,True,0.001829132435736791,True,0.20000000298023224,3.473933627417481e-17,0.20000000298023227,True,True
90,11,0.002241931390017271,0.001,True,True,True,3.552713678800501e-15,True,0.19999925137155355,3.484075060767716e-17,0.19999925137155358,True,True
90,12,0.0007089525461196899,0.001,False,True,False,0.003540495146259093,True,,,,,
90,13,0.0015373080968856812,0.001,True,True,True,0.0024108401134497748,True,0.5185272764404232,3.463654358635331e-17,0.5185272764404232,True,True
90,14,0.0015793479979038239,0.001,True,True,True,0.001130463122392844,True,0.25744365765064003,3.464576482780099e-17,0.2574436576506401,True,True
90,15,0.0012217238545417786,0.001,True,True,True,0.00023309639006474647,True,0.015882183997632637,3.465575953482019e-17,0.015882183997632672,True,True
90,16,0.001078099012374878,0.001,True,True,True,0.00020201671080732897,True,4.547473508864641e-13,3.464473334650183e-17,4.547819956198106e-13,True,True
90,17,0.0017626620829105377,0.001,True,True,True,0.0012646160615324975,True,0.2088328964072499,3.490609527820474e-17,0.20883289640724992,True,True
90,18,0.0033335313200950623,0.001,True,True,True,0.002825396359025789,True,0.2000000029802318,3.4739336248325416e-17,0.20000000298023182,True,True
90,19,0.004994451999664307,0.001,True,True,True,0.004250062722979231,True,0.20000000298023224,3.473933626125011e-17,0.20000000298023227,True,True
90,20,0.001297180075198412,0.001,True,True,True,0.0002022268479099365,True,1.693933882052079e-11,3.6672421667697925e-18,1.6939342487762955e-11,True,True
91,1,0.011272136121988297,0.001,True,True,True,0.0069101032719983135,True,0.20000000298023224,3.7538462315045344e-17,0.20000000298023227,True,True
91,2,0.008713245391845703,0.001,True,True,True,0.004352339258466842,True,0.20000000298023224,3.7538462315045344e-17,0.20000000298023227,True,True
91,3,0.0064648911356925964,0.001,True,True,True,0.002369697715375152,True,0.20000000298023224,3.7538462315045344e-17,0.20000000298023227,True,True
91,4,0.004564028233289719,0.001,True,True,True,0.0009668249799006379,True,0.20000000298023224,3.7538462315045344e-17,0.20000000298023227,True,True
91,5,0.0030592381954193115,0.001,True,True,True,0.0001648472981212734,True,0.20000000297944232,3.753846231666093e-17,0.20000000297944234,True,True
91,6,0.002005845308303833,0.001,True,True,True,1.1102230246251565e-15,True,0.19939409227668725,3.750481832044279e-17,0.19939409227668728,True,True
91,7,0.0014584101736545563,0.001,True,True,True,0.00048777838833885534,True,0.17371198306278757,3.7221356126100514e-17,0.1737119830627876,True,True
91,8,0.0015546418726444244,0.001,True,True,True,0.001843036299836509,True,0.3713669883464945,3.729163281821738e-17,0.37136698834649456,True,True
91,9,0.0022179223597049713,0.001,True,True,True,0.0034681058257163278,True,0.20003558567687393,3.751573729839895e-17,0.20003558567687396,True,True
91,10,0.0031058527529239655,0.001,True,True,True,0.004981889822943453,True,0.20000000298080406,3.753846231585314e-17,0.2000000029808041,True,True
91,11,0.003805745393037796,0.001,True,True,True,0.005916392107417123,True,0.20000000298023224,3.7538462315045344e-17,0.20000000298023227,True,True
91,12,0.003719419240951538,0.001,True,True,True,0.005540284301228382,True,0.20000000298023224,3.7538462315045344e-17,0.20000000298023227,True,True
91,13,0.0036852769553661346,0.001,True,True,True,0.0006515702275258772,True,0.20000000298023224,3.753846231423755e-17,0.20000000298023227,True,True
91,14,0.002714812755584717,0.001,True,True,True,3.4416913763379853e-15,True,0.20000000309240334,3.753848444939687e-17,0.20000000309240337,True,True
91,15,0.0021134614944458008,0.001,True,True,True,8.881784197001252e-16,True,0.19982476335573263,3.789955293802741e-17,0.19982476335573265,True,True
91,16,0.002340693026781082,0.001,True,True,True,0.0014162720151337238,True,0.20000005744548516,3.750083445624623e-17,0.20000005744548519,True,True
91,17,0.0034946203231811523,0.001,True,True,True,0.0035250042319820984,True,0.20000000298023224,3.753846231423755e-17,0.20000000298023227,True,True
91,18,0.0050243958830833435,0.001,True,True,True,0.0057018286369938664,True,0.20000000298023224,3.7538462315045344e-17,0.20000000298023227,True,True
91,19,0.006383486092090607,0.001,True,True,True,0.00747058247421406,True,0.20000000298023224,3.753846231423755e-17,0.20000000298023227,True,True
91,20,0.0013875511940568686,0.001,True,True,True,0.00013150127955086077,True,6.934897101018578e-12,3.7832449614874574e-18,6.934900884263539e-12,True,True
92,1,0.00855226069688797,0.001,True,True,True,0.005060577670691457,True,0.20000000298023224,6.251738304027726e-16,0.20000000298023288,True,True
92,2,0.006101377308368683,0.001,True,True,True,0.0031470384969372045,True,0.20000000298023224,6.251738304027726e-16,0.20000000298023288,True,True
92,3,0.004208579659461975,0.001,True,True,True,0.001625532824281406,True,0.20000000298023224,6.251738304027726e-16,0.20000000298023288,True,True
92,4,0.0028775595128536224,0.001,True,True,True,0.0005533880705755889,True,0.200000002796303,6.251738335046999e-16,0.20000000279630364,True,True
92,5,0.002124164253473282,0.001,True,True,True,1.4432899320127035e-15,True,0.19990970343640763,6.274337623875358e-16,0.19990970343640826,True,True
92,6,0.0019762106239795685,0.001,True,True,True,4.754536180862079e-05,True,0.19910446757991251,6.397896113047658e-16,0.19910446757991315,True,True
92,7,0.0025848671793937683,0.001,True,True,True,0.0007811070259702846,True,0.1999999942594408,6.251838617383833e-16,0.19999999425944143,True,True
92,8,0.0037573203444480896,0.001,True,True,True,0.001789959682257869,True,0.20000000298023224,6.251738303599596e-16,0.20000000298023288,True,True
92,9,0.0043739257380366325,0.001,True,True,True,1.8052226380405045e-13,True,0.20000000298023224,6.251738303122997e-16,0.20000000298023288,True,True
92,10,0.0018912218511104584,0.001,True,True,True,0.0046593020462743495,True,0.2145237111689251,6.270808665612951e-16,0.21452371116892574,True,True
92,11,0.0025296099483966827,0.001,True,True,True,0.003293058610237265,True,0.2000000718764631,6.252509243596456e-16,0.20000007187646374,True,True
92,12,0.002297665923833847,0.001,True,True,True,0.001714102352508906,True,0.2000018082696076,6.273799005203338e-16,0.20000180826960823,True,True
92,13,0.0016928203403949738,0.001,True,True,True,0.0005062336540990198,True,0.18855689842466816,6.218066963860021e-16,0.18855689842466877,True,True
92,14,0.0013297200202941895,0.001,True,True,True,0.0001850308565881642,True,7.105427357601002e-12,6.226480766992209e-16,7.106050005677701e-12,True,True
92,15,0.001810360699892044,0.001,True,True,True,0.0011541266556212015,True,0.20307173083854302,6.235816661513136e-16,0.20307173083854363,True,True
92,16,0.0034490860998630524,0.001,True,True,True,0.002982458537155952,True,0.20000000298023224,6.251738303696531e-16,0.20000000298023288,True,True
92,17,0.005608618259429932,0.001,True,True,True,0.005139344467858464,True,0.20000000298023224,6.251738304019648e-16,0.20000000298023288,True,True
92,18,0.007823843508958817,0.001,True,True,True,0.007210235110275576,True,0.20000000298023224,6.251738304027726e-16,0.20000000298023288,True,True
92,19,0.006744357291609049,0.001,True,True,True,0.010641161562718549,True,0.20000000298023224,6.251738304019648e-16,0.20000000298023288,True,True
92,20,0.0013036101590842009,0.001,True,True,True,0.006196658461956717,True,4.678487651185151,6.620189035937409e-17,4.678487651185151,True,True
93,1,0.006641596555709839,0.001,True,True,True,0.003030500400603986,True,0.20000000298023224,5.173128254982002e-13,0.20000000298074955,True,True
93,2,0.004702970385551453,0.001,True,True,True,0.0013544483381467964,True,0.20000000298023224,5.173128254982002e-13,0.20000000298074955,True,True
93,3,0.0031781308352947235,0.001,True,True,True,0.000345122457811764,True,0.20000000298022125,5.17312825498407e-13,0.20000000298073856,True,True
93,4,0.0021127238869667053,0.001,True,True,True,3.917433044620111e-11,True,0.1998942556737503,5.176321092273897e-13,0.19989425567426794,True,True
93,5,0.0015548020601272583,0.001,True,True,True,0.00029392401276617797,True,0.14926342596268682,5.171639289028074e-13,0.149263425963204,True,True
93,6,0.001636207103729248,0.001,True,True,True,0.0014795687092589715,True,0.2502491644910023,5.171736308986528e-13,0.2502491644915195,True,True
93,7,0.002309247851371765,0.001,True,True,True,0.002953251712511762,True,0.20000396601125447,5.178640573734968e-13,0.20000396601177234,True,True
93,8,0.003214135766029358,0.001,True,True,True,0.004305129959787657,True,0.20000000298024467,5.17312825498571e-13,0.20000000298076198,True,True
93,9,0.0039062388241291046,0.001,True,True,True,0.005028658873055203,True,0.20000000298023224,5.173128254985233e-13,0.20000000298074955,True,True
93,10,0.0037695802748203278,0.001,True,True,True,0.004394397582007381,True,0.20000000298023224,5.173128254984078e-13,0.20000000298074955,True,True
93,11,0.0028330814093351364,0.001,True,True,True,0.016008339671707894,True,0.20000000343801602,5.173128258287622e-13,0.20000000343853333,True,True
93,12,0.0032810531556606293,0.001,True,True,True,5.055840409756707e-05,True,0.20000000298022966,5.173128254983036e-13,0.20000000298074697,True,True
93,13,0.002361208200454712,0.001,True,True,True,1.4099832412739488e-14,True,0.19999812810848958,5.18117125031284e-13,0.1999981281090077,True,True
93,14,0.0022622644901275635,0.001,True,True,True,0.001232886519137666,True,0.19999915443004032,5.174649539618742e-13,0.1999991544305578,True,True
93,15,0.003344159573316574,0.001,True,True,True,0.0035303281190494085,True,0.2000000029802325,5.173128254984296e-13,0.2000000029807498,True,True
93,16,0.005193442106246948,0.001,True,True,True,0.0062286776083361195,True,0.20000000298023224,5.173128254983739e-13,0.20000000298074955,True,True
93,17,0.007328066974878311,0.001,True,True,True,0.008982529847018583,True,0.20000000298023224,5.173128254981994e-13,0.20000000298074955,True,True
93,18,0.009359747171401978,0.001,True,True,True,0.011430217668008946,True,0.20000000298023224,5.173128254982002e-13,0.20000000298074955,True,True
93,19,0.011864470317959785,0.001,True,True,True,0.011232503859023635,True,0.20000000298023224,5.173128254981994e-13,0.20000000298074955,True,True
93,20,0.007396378088742495,0.001,True,True,True,0.007944892719161212,True,0.20000000298023224,6.398048018648299e-14,0.20000000298029622,True,True
94,1,0.004745103418827057,0.001,True,True,True,0.0016581888375605258,True,0.20000000298023224,7.033926089931288e-17,0.20000000298023232,True,True
94,2,0.0031574033200740814,0.001,True,True,True,0.0005073457910381718,True,0.2000000029802138,7.033926092516227e-17,0.2000000029802139,True,True
94,3,0.002210058271884918,0.001,True,True,True,2.0539125955565396e-15,True,0.19998135053426586,7.054814494199178e-17,0.19998135053426594,True,True
94,4,0.0018957369029521942,0.001,True,True,True,0.0001113423889037013,True,0.19758540937499114,7.0216594719061e-17,0.19758540937499122,True,True
94,5,0.0023067891597747803,0.001,True,True,True,0.0010146834142813477,True,0.19999919210508574,7.053845746956224e-17,0.19999919210508582,True,True
94,6,0.003293406218290329,0.001,True,True,True,0.002203120332450681,True,0.20000000298023268,7.033926089931288e-17,0.20000000298023277,True,True
94,7,0.004495751112699509,0.001,True,True,True,0.0032424829316215487,True,0.20000000298023224,7.033926088638818e-17,0.20000000298023232,True,True
94,8,0.0031023211777210236,0.001,True,True,True,0.0045277069363810485,True,0.20000000297935594,7.033926090819861e-17,0.20000000297935602,True,True
94,9,0.003538176417350769,0.001,True,True,True,0.003218781094189771,True,0.20000000298023224,7.033926088638818e-17,0.20000000298023232,True,True
94,10,0.0030764900147914886,0.001,True,True,True,0.0016446118412016264,True,0.20000000297801826,7.033926092597007e-17,0.20000000297801834,True,True
94,11,0.002254832535982132,0.001,True,True,True,0.0003989595394029988,True,0.19999114449605182,7.053741922703092e-17,0.1999911444960519,True,True
94,12,0.0016618333756923676,0.001,True,True,True,1.2212453270876722e-15,True,0.15789108692739262,7.011238624699763e-17,0.1578910869273927,True,True
94,13,0.001831546425819397,0.001,True,True,True,0.0009024375388279049,True,0.19995827843035663,7.064738278154895e-17,0.1999582784303567,True,True
94,14,0.0033047758042812347,0.001,True,True,True,0.002954640508604278,True,0.20000000298023274,7.033926090658302e-17,0.20000000298023282,True,True
94,15,0.005552694201469421,0.001,True,True,True,0.005525621910079548,True,0.20000000298023224,7.033926089608171e-17,0.20000000298023232,True,True
94,16,0.008215263485908508,0.001,True,True,True,0.008297572907671247,True,0.20000000298023224,7.033926091789213e-17,0.20000000298023232,True,True
94,17,0.010940562933683395,0.001,True,True,True,0.010961425860399276,True,0.20000000298023224,7.033926089850509e-17,0.20000000298023232,True,True
94,18,0.014464367181062698,0.001,True,True,True,0.01699877510910197,True,0.20000000298023224,7.033926089931288e-17,0.20000000298023232,True,True
94,19,0.0123309176415205,0.001,True,True,True,0.016165347549043863,True,0.20000000298023224,7.033926089850509e-17,0.20000000298023232,True,True
94,20,0.009042637422680855,0.001,True,True,True,0.013750453119689587,True,0.20000000298023224,1.1851393662587438e-17,0.20000000298023224,True,True
95,1,0.00341067835688591,0.001,True,True,True,0.0006201179587631556,True,0.20000000298023224,2.5353514411783216e-12,0.2000000029827676,True,True
95,2,0.0022987574338912964,0.001,True,True,True,1.3110146301897885e-10,True,0.19999669484171523,2.5398897166010272e-12,0.1999966948442551,True,True
95,3,0.0018282011151313782,0.001,True,True,True,0.00011956709423643908,True,0.19453300718434718,2.5189731959457075e-12,0.19453300718686617,True,True
95,4,0.0020720846951007843,0.001,True,True,True,0.0010126122575022656,True,0.1999784602827793,2.490032966939119e-12,0.19997846028526933,True,True
95,5,0.0029132217168807983,0.001,True,True,True,0.0021643160092270075,True,0.20000000310698643,2.535351447420952e-12,0.2000000031095218,True,True
95,6,0.003958761692047119,0.001,True,True,True,0.0031421222336351917,True,0.20000000298023224,2.535351441179149e-12,0.2000000029827676,True,True
95,7,0.004759747534990311,0.001,True,True,True,0.0034115463975262217,True,0.20000000298023224,2.535351441179136e-12,0.2000000029827676,True,True
95,8,0.00476142019033432,0.001,True,True,True,0.002341683105908432,True,0.20000000298023224,2.5353514411791577e-12,0.2000000029827676,True,True
95,9,0.004446741193532944,0.001,True,True,True,0.0013776399934878336,True,0.20000000298023224,2.535351441179136e-12,0.2000000029827676,True,True
95,10,0.003277793526649475,0.001,True,True,True,0.000307295395963747,True,0.20000000298023032,2.5353514411791755e-12,0.20000000298276568,True,True
95,11,0.002380460500717163,0.001,True,True,True,4.6126769071008766e-11,True,0.19999892343670828,2.5399133303473997e-12,0.1999989234392482,True,True
95,12,0.0022415146231651306,0.001,True,True,True,0.0009090060810837963,True,0.19999497363635282,2.8044166773679705e-12,0.19999497363915725,True,True
95,13,0.0033237338066101074,0.001,True,True,True,0.0029965947438109763,True,0.2000000029802326,2.5353514411787344e-12,0.20000000298276796,True,True
95,14,0.005302976816892624,0.001,True,True,True,0.0056463676186468414,True,0.20000000298023224,2.535351441179156e-12,0.2000000029827676,True,True
95,15,0.007764175534248352,0.001,True,True,True,0.00857771833007015,True,0.20000000298023224,2.5353514411791456e-12,0.2000000029827676,True,True
95,16,0.010410036891698837,0.001,True,True,True,0.011520859699904185,True,0.20000000298023224,2.5353514411791674e-12,0.2000000029827676,True,True
95,17,0.013148446567356586,0.001,True,True,True,0.01691242088038991,True,0.20000000298023224,2.535351441179148e-12,0.2000000029827676,True,True
95,18,0.01810484379529953,0.001,True,True,True,0.021074703948904316,True,0.20000000298023224,2.535351441179149e-12,0.2000000029827676,True,True
95,19,0.01725279726088047,0.001,True,True,True,0.01870940255557263,True,0.20000000298023224,2.535351441179148e-12,0.2000000029827676,True,True
95,20,0.014832202345132828,0.001,True,True,True,0.017028787661610867,True,0.20000000298023224,4.147273029497136e-13,0.20000000298064696,True,True
96,1,0.0024771615862846375,0.001,True,True,True,0.0004096265830054735,True,0.19999995114752936,6.118942323307288e-17,0.19999995114752941,True,True
96,2,0.0018813163042068481,0.001,True,True,True,0.0006025142338538236,True,0.19883556509064748,6.119076303302067e-17,0.19883556509064754,True,True
96,3,0.002047494053840637,0.001,True,True,True,0.0014470167044289828,True,0.20009393519071644,6.102470815356248e-17,0.2000939351907165,True,True
96,4,0.002776995301246643,0.001,True,True,True,0.002521545312900164,True,0.20000000898323317,6.117924596470754e-17,0.20000000898323322,True,True
96,5,0.0036867335438728333,0.001,True,True,True,0.003406282363613844,True,0.20000000298023224,6.117923996926369e-17,0.2000000029802323,True,True
96,6,0.004361707717180252,0.001,True,True,True,0.0035802477194412097,True,0.20000000298023224,6.11792399676481e-17,0.2000000029802323,True,True
96,7,0.00429660826921463,0.001,True,True,True,0.0024244724168001053,True,0.20000000298023224,6.117923995472341e-17,0.2000000029802323,True,True
96,8,0.004166632890701294,0.001,True,True,True,0.0016009221861187917,True,0.20000000298023224,6.117923997653383e-17,0.2000000029802323,True,True
96,9,0.003074727952480316,0.001,True,True,True,0.000430737158852057,True,0.20000000297893653,6.117923995472341e-17,0.20000000297893658,True,True
96,10,0.002235226333141327,0.001,True,True,True,1.2212453270876722e-15,True,0.19998357945956896,6.123044071646352e-17,0.19998357945956902,True,True
96,11,0.0021001994609832764,0.001,True,True,True,0.0007505016215202387,True,0.19993840237647525,6.127825676984376e-17,0.1999384023764753,True,True
96,12,0.0031712204217910767,0.001,True,True,True,0.002759774427531503,True,0.2000000029802801,6.11792399676481e-17,0.20000000298028014,True,True
96,13,0.005147628486156464,0.001,True,True,True,0.005377510489799342,True,0.20000000298023224,6.117923991514152e-17,0.2000000029802323,True,True
96,14,0.007680509239435196,0.001,True,True,True,0.008340833991810626,True,0.20000000298023224,6.117923997491825e-17,0.2000000029802323,True,True
96,15,0.010496728122234344,0.001,True,True,True,0.011400086700596723,True,0.20000000298023224,6.117923996441693e-17,0.2000000029802323,True,True
96,16,0.013343613594770432,0.001,True,True,True,0.014335592006685383,True,0.20000000298023224,6.117923998622736e-17,0.2000000029802323,True,True
96,17,0.01818428933620453,0.001,True,True,True,0.020651192998873635,True,0.20000000298023224,6.117923996684031e-17,0.2000000029802323,True,True
96,18,0.021019060164690018,0.001,True,True,True,0.02229861418111012,True,0.20000000298023224,6.11792399676481e-17,0.2000000029802323,True,True
96,19,0.019754774868488312,0.001,True,True,True,0.021528935218404488,True,0.20000000298023224,6.117923996684031e-17,0.2000000029802323,True,True
96,20,0.01807253621518612,0.001,True,True,True,0.020405247413428085,True,0.20000000298023224,7.870444948104575e-18,0.20000000298023224,True,True
97,1,0.002344932407140732,0.001,True,True,True,0.0011778252332131367,True,0.1999998190141874,1.021632027723869e-12,0.19999981901520902,True,True
97,2,0.002530466765165329,0.001,True,True,True,0.0020704439958165732,True,0.20000000307550855,1.015872186068323e-12,0.20000000307652444,True,True
97,3,0.003236740827560425,0.001,True,True,True,0.003182457434899255,True,0.20000000298023476,1.0156769970383572e-12,0.20000000298125045,True,True
97,4,0.004115894436836243,0.001,True,True,True,0.004094032624765098,True,0.20000000298023224,1.0156769970381504e-12,0.20000000298124793,True,True
97,5,0.004751481115818024,0.001,True,True,True,0.004289760758218464,True,0.20000000298023224,1.0156769970387724e-12,0.20000000298124793,True,True
97,6,0.004634656012058258,0.001,True,True,True,0.0031575815403560026,True,0.20000000298023224,1.0156769970387708e-12,0.20000000298124793,True,True
97,7,0.004300560802221298,0.001,True,True,True,0.0015316299368080544,True,0.20000000298023224,1.0156769970387579e-12,0.20000000298124793,True,True
97,8,0.0031580477952957153,0.001,True,True,True,0.0004069543630764172,True,0.200000002980164,1.0156769970429156e-12,0.20000000298117968,True,True
97,9,0.0022630617022514343,0.001,True,True,True,3.820699312484521e-11,True,0.19999096783175066,1.0203455192445282e-12,0.199990967832771,True,True
97,10,0.002059526741504669,0.001,True,True,True,0.0007379180237693239,True,0.1998937076618806,1.0171693951964033e-12,0.19989370766289777,True,True
97,11,0.003041144460439682,0.001,True,True,True,0.0027606594060098355,True,0.200000002982726,1.0156769974614343e-12,0.20000000298374168,True,True
97,12,0.004950713366270065,0.001,True,True,True,0.005406240970987519,True,0.20000000298023224,1.0156769970387708e-12,0.20000000298124793,True,True
97,13,0.007446609437465668,0.001,True,True,True,0.008429703034790903,True,0.20000000298023224,1.0156769970378911e-12,0.20000000298124793,True,True
97,14,0.010278075933456421,0.001,True,True,True,0.01159970524393078,True,0.20000000298023224,1.015676997038778e-12,0.20000000298124793,True,True
97,15,0.013215485960245132,0.001,True,True,True,0.01471755501110128,True,0.20000000298023224,1.0156769970387676e-12,0.20000000298124793,True,True
97,16,0.017743349075317383,0.001,True,True,True,0.020776273565058734,True,0.20000000298023224,1.0156769970387894e-12,0.20000000298124793,True,True
97,17,0.02169203571975231,0.001,True,True,True,0.023849920097610666,True,0.20000000298023224,1.01567699703877e-12,0.20000000298124793,True,True
97,18,0.023330505937337875,0.001,True,True,True,0.02397084117310644,True,0.20000000298023224,1.0156769970387708e-12,0.20000000298124793,True,True
97,19,0.0225562434643507,0.001,True,True,True,0.023627908083286298,True,0.20000000298023224,1.01567699703877e-12,0.20000000298124793,True,True
97,20,0.021431077271699905,0.001,True,True,True,0.02298121663937769,True,0.20000000298023224,2.787135881403937e-13,0.20000000298051096,True,True
98,1,0.00304625928401947,0.001,True,True,True,0.0025593960664733184,True,0.2000000029811661,2.3734919502822004e-12,0.2000000029835396,True,True
98,2,0.003807537257671356,0.001,True,True,True,0.003708877524471521,True,0.20000000298023224,2.37349194995275e-12,0.20000000298260573,True,True
98,3,0.004731044173240662,0.001,True,True,True,0.004650660656244976,True,0.20000000298023224,2.3734919499552056e-12,0.20000000298260573,True,True
98,4,0.005111344158649445,0.001,True,True,True,0.004068138929600618,True,0.20000000298023224,2.3734919499549988e-12,0.20000000298260573,True,True
98,5,0.005022667348384857,0.001,True,True,True,0.002939618934369226,True,0.20000000298023224,2.3734919499539664e-12,0.20000000298260573,True,True
98,6,0.004169177263975143,0.001,True,True,True,0.0015581463506351145,True,0.20000000298023224,2.3734919499539648e-12,0.20000000298260573,True,True
98,7,0.003070235252380371,0.001,True,True,True,0.00042573408116541867,True,0.2000000029792612,2.3734919502260943e-12,0.2000000029816347,True,True
98,8,0.0022118128836154938,0.001,True,True,True,1.1914980113658658e-10,True,0.1999787056577303,2.3703626720399608e-12,0.19997870566010065,True,True
98,9,0.002029627561569214,0.001,True,True,True,0.0007042315919160158,True,0.19983625830721471,2.3724382545159588e-12,0.19983625830958715,True,True
98,10,0.0030147135257720947,0.001,True,True,True,0.002688133884318933,True,0.20000000298430978,2.373491952600039e-12,0.20000000298668327,True,True
98,11,0.004922643303871155,0.001,True,True,True,0.005307728023825342,True,0.20000000298023224,2.373491949954766e-12,0.20000000298260573,True,True
98,12,0.0074386149644851685,0.001,True,True,True,0.008327878321766902,True,0.20000000298023224,2.3734919499539648e-12,0.20000000298260573,True,True
98,13,0.010326143354177475,0.001,True,True,True,0.011527814866809538,True,0.20000000298023224,2.3734919499547395e-12,0.20000000298260573,True,True
98,14,0.01337255910038948,0.001,True,True,True,0.014721319008987876,True,0.20000000298023224,2.373491949953972e-12,0.20000000298260573,True,True
98,15,0.017779646441340446,0.001,True,True,True,0.020637361435016377,True,0.20000000298023224,2.3734919499539616e-12,0.20000000298260573,True,True
98,16,0.02180987037718296,0.001,True,True,True,0.02379900823544301,True,0.20000000298023224,2.3734919499539834e-12,0.20000000298260573,True,True
98,17,0.024875260889530182,0.001,True,True,True,0.02614571887746553,True,0.20000000298023224,2.373491949953964e-12,0.20000000298260573,True,True
98,18,0.02499125339090824,0.001,True,True,True,0.025072828864847962,True,0.20000000298023224,2.3734919499539648e-12,0.20000000298260573,True,True
98,19,0.024645764380693436,0.001,True,True,True,0.024970334886584733,True,0.20000000298023224,2.373491949953964e-12,0.20000000298260573,True,True
98,20,0.023998279124498367,0.001,True,True,True,0.024618967765599575,True,0.20000000298023224,8.283383137731123e-13,0.20000000298106058,True,True
99,1,0.004286415874958038,0.001,True,True,True,0.004139896786932384,True,0.20000000298023224,1.9889218341925282e-12,0.20000000298222115,True,True
99,2,0.005256533622741699,0.001,True,True,True,0.0051381031956170276,True,0.20000000298023224,1.98892183419395e-12,0.20000000298222115,True,True
99,3,0.005061723291873932,0.001,True,True,True,0.003926592708424159,True,0.20000000298023224,1.988921834193097e-12,0.20000000298222115,True,True
99,4,0.0050082094967365265,0.001,True,True,True,0.0028513108275599053,True,0.20000000298023224,1.98892183419289e-12,0.20000000298222115,True,True
99,5,0.004170723259449005,0.001,True,True,True,0.0015118458125369938,True,0.20000000298023224,1.988921834192685e-12,0.20000000298222115,True,True
99,6,0.003076445311307907,0.001,True,True,True,0.00040986369384138355,True,0.2000000029795661,1.9889218343994785e-12,0.20000000298155501,True,True
99,7,0.0022144466638565063,0.001,True,True,True,9.333511741260736e-11,True,0.1999810702256594,1.9845590361578983e-12,0.19998107022764394,True,True
99,8,0.0020175278186798096,0.001,True,True,True,0.0006977003703696472,True,0.19981337663078486,1.99003579957266e-12,0.1998133766327749,True,True
99,9,0.002968601882457733,0.001,True,True,True,0.002662323851551185,True,0.20000000299324977,1.9889218441262824e-12,0.20000000299523868,True,True
99,10,0.004842113703489304,0.001,True,True,True,0.0052644004363470165,True,0.20000000298023224,1.9889218341917794e-12,0.20000000298222115,True,True
99,11,0.00732913613319397,0.001,True,True,True,0.008278304306105377,True,0.20000000298023224,1.9889218341934847e-12,0.20000000298222115,True,True
99,12,0.010204296559095383,0.001,True,True,True,0.011492317919527262,True,0.20000000298023224,1.9889218341926833e-12,0.20000000298222115,True,True
99,13,0.013266880065202713,0.001,True,True,True,0.014730084008528432,True,0.20000000298023224,1.988921834193458e-12,0.20000000298222115,True,True
99,14,0.017546821385622025,0.001,True,True,True,0.020625398494121372,True,0.20000000298023224,1.9889218341926906e-12,0.20000000298222115,True,True
99,15,0.021663427352905273,0.001,True,True,True,0.02391637291950477,True,0.20000000298023224,1.98892183419268e-12,0.20000000298222115,True,True
99,16,0.024816201999783516,0.001,True,True,True,0.02639050617714378,True,0.20000000298023224,1.988921834192702e-12,0.20000000298222115,True,True
99,17,0.026006631553173065,0.001,True,True,True,0.02522160038945087,True,0.20000000298023224,1.9889218341926825e-12,0.20000000298222115,True,True
99,18,0.02608168125152588,0.001,True,True,True,0.02542040994697281,True,0.20000000298023224,1.9889218341926833e-12,0.20000000298222115,True,True
99,19,0.025977564975619316,0.001,True,True,True,0.025469888404442864,True,0.20000000298023224,1.9889218341926825e-12,0.20000000298222115,True,True
99,20,0.025625742971897125,0.001,True,True,True,0.02531554761924959,True,0.20000000298023224,8.215338685920819e-13,0.20000000298105378,True,True
100,1,0.005672045052051544,0.001,True,True,True,0.005470067732371908,True,0.20000000298023224,7.971309430722796e-14,0.20000000298031195,True,True
100,2,0.004874859005212784,0.001,True,True,True,0.0038192809342939005,True,0.20000000298023224,7.971309430720211e-14,0.20000000298031195,True,True
100,3,0.004883147776126862,0.001,True,True,True,0.002793420711748984,True,0.20000000298023224,7.971309430717626e-14,0.20000000298031195,True,True
100,4,0.004091806709766388,0.001,True,True,True,0.0014871490155387024,True,0.20000000298023224,7.971309430717626e-14,0.20000000298031195,True,True
100,5,0.0030299127101898193,0.001,True,True,True,0.0004045465166401252,True,0.200000002977599,7.971309435680871e-14,0.20000000297767873,True,True
100,6,0.002187330275774002,0.001,True,True,True,2.8106406091410463e-12,True,0.19997069923160418,7.95391128019942e-14,0.19997069923168373,True,True
100,7,0.0019952207803726196,0.001,True,True,True,0.0006851420155186139,True,0.1997506860000421,7.955574510474441e-14,0.19975068600012164,True,True
100,8,0.0029336661100387573,0.001,True,True,True,0.0026222545268276276,True,0.2000000030089129,7.971309584884301e-14,0.20000000300899262,True,True
100,9,0.0047850459814071655,0.001,True,True,True,0.0051930111687393254,True,0.20000000298023224,7.971309430716333e-14,0.20000000298031195,True,True
100,10,0.007251713424921036,0.001,True,True,True,0.00817886092708281,True,0.20000000298023224,7.971309430709952e-14,0.20000000298031195,True,True
100,11,0.010117731988430023,0.001,True,True,True,0.011374452287161996,True,0.20000000298023224,7.971309430694361e-14,0.20000000298031195,True,True
100,12,0.013191580772399902,0.001,True,True,True,0.014609754374669937,True,0.20000000298023224,7.971309430738305e-14,0.20000000298031195,True,True
100,13,0.017402855679392815,0.001,True,True,True,0.020533717742457935,True,0.20000000298023224,7.971309430691696e-14,0.20000000298031195,True,True
100,14,0.021646998822689056,0.001,True,True,True,0.0239661817053598,True,0.20000000298023224,7.971309430739032e-14,0.20000000298031195,True,True
100,15,0.024929847568273544,0.001,True,True,True,0.026592845656382647,True,0.20000000298023224,7.971309430737982e-14,0.20000000298031195,True,True
100,16,0.025934696197509766,0.001,True,True,True,0.02435095768782236,True,0.20000000298023224,7.971309430740163e-14,0.20000000298031195,True,True
100,17,0.026227286085486412,0.001,True,True,True,0.02461215251278981,True,0.20000000298023224,7.971309430738225e-14,0.20000000298031195,True,True
100,18,0.026424480602145195,0.001,True,True,True,0.024791468582296194,True,0.20000000298023224,7.971309430738305e-14,0.20000000298031195,True,True
100,19,0.026473145931959152,0.001,True,True,True,0.0248506711465053,True,0.20000000298023224,7.971309430738225e-14,0.20000000298031195,True,True
100,20,0.02631859853863716,0.001,True,True,True,0.024750076072523886,True,0.20000000298023224,4.7222755107656557e-14,0.20000000298027945,True,True
101,1,0.004700031131505966,0.001,True,True,True,0.00370883302996472,True,0.20000000298023224,4.5607461785512715e-12,0.20000000298479298,True,True
101,2,0.004775434732437134,0.001,True,True,True,0.0027212328919277162,True,0.20000000298023224,4.560746178551246e-12,0.20000000298479298,True,True
101,3,0.004032224416732788,0.001,True,True,True,0.0014483681707447293,True,0.20000000298023224,4.56074617855122e-12,0.20000000298479298,True,True
101,4,0.003002263605594635,0.001,True,True,True,0.00039140624990507966,True,0.2000000029744199,4.560746181108862e-12,0.20000000297898063,True,True
101,5,0.002177231013774872,0.001,True,True,True,1.8517942734774806e-10,True,0.19996629982576125,4.554544408760756e-12,0.1999662998303158,True,True
101,6,0.0019879192113876343,0.001,True,True,True,0.0006795855695266306,True,0.19972969233156662,4.545826657586319e-12,0.19972969233611246,True,True
101,7,0.002910718321800232,0.001,True,True,True,0.0025904807617076475,True,0.20000000302510454,4.5607462444100865e-12,0.20000000302966528,True,True
101,8,0.004733826965093613,0.001,True,True,True,0.00512485303173249,True,0.20000000298023224,4.560746178551849e-12,0.20000000298479298,True,True
101,9,0.0071661025285720825,0.001,True,True,True,0.00806989026471322,True,0.20000000298023224,4.560746178551207e-12,0.20000000298479298,True,True
101,10,0.009998969733715057,0.001,True,True,True,0.011226041134883347,True,0.20000000298023224,4.560746178551143e-12,0.20000000298479298,True,True
101,11,0.013047292828559875,0.001,True,True,True,0.014428576808513505,True,0.20000000298023224,4.560746178551814e-12,0.20000000298479298,True,True
101,12,0.017180440947413445,0.001,True,True,True,0.020425381383182506,True,0.20000000298023224,4.560746178553081e-12,0.20000000298479298,True,True
101,13,0.02155160717666149,0.001,True,True,True,0.02401650061106686,True,0.20000000298023224,4.560746178551788e-12,0.20000000298479298,True,True
101,14,0.02474527806043625,0.001,True,True,True,0.02252987256022232,True,0.20000000298023224,4.560746178553088e-12,0.20000000298479298,True,True
101,15,0.025051027536392212,0.001,True,True,True,0.022706229025889257,True,0.20000000298023224,4.560746178553078e-12,0.20000000298479298,True,True
101,16,0.02535371296107769,0.001,True,True,True,0.022866628544274015,True,0.20000000298023224,4.5607461785530995e-12,0.20000000298479298,True,True
101,17,0.02561349608004093,0.001,True,True,True,0.022983418101553466,True,0.20000000298023224,4.56074617855308e-12,0.20000000298479298,True,True
101,18,0.025792205706238747,0.001,True,True,True,0.02303105764286484,True,0.20000000298023224,4.560746178553081e-12,0.20000000298479298,True,True
101,19,0.025851091369986534,0.001,True,True,True,0.022984440693057717,True,0.20000000298023224,4.56074617855308e-12,0.20000000298479298,True,True
101,20,0.02580346167087555,0.001,True,True,True,0.023052565001311476,True,0.20000000298023224,1.4916130876775457e-12,0.20000000298172385,True,True
102,1,0.004672497510910034,0.001,True,True,True,0.002691173704992278,True,0.20000000298023224,7.239587804508191e-11,0.2000000030526281,True,True
102,2,0.00397009402513504,0.001,True,True,True,0.0014257524755950657,True,0.20000000298023224,7.239587804508189e-11,0.2000000030526281,True,True
102,3,0.0029725469648838043,0.001,True,True,True,0.00038350672605164116,True,0.20000000296633735,7.239587813599232e-11,0.20000000303873322,True,True
102,4,0.0021687373518943787,0.001,True,True,True,1.8666052037374925e-09,True,0.19996193932539386,7.238134242995735e-11,0.1999619393977752,True,True
102,5,0.001986168324947357,0.001,True,True,True,0.0006680929296689619,True,0.19972119762541857,7.218533423449956e-11,0.1997211976976039,True,True
102,6,0.0028956234455108643,0.001,True,True,True,0.002541150180827678,True,0.20000000303625742,7.239587948116274e-11,0.2000000031086533,True,True
102,7,0.004688221961259842,0.001,True,True,True,0.005023332900232713,True,0.20000000298023224,7.239587804507895e-11,0.2000000030526281,True,True
102,8,0.007078744471073151,0.001,True,True,True,0.007906015537775368,True,0.20000000298023224,7.239587804508083e-11,0.2000000030526281,True,True
102,9,0.009865060448646545,0.001,True,True,True,0.010994615803717911,True,0.20000000298023224,7.239587804508185e-11,0.2000000030526281,True,True
102,10,0.012867998331785202,0.001,True,True,True,0.014128865367662224,True,0.20000000298023224,7.239587804508178e-11,0.2000000030526281,True,True
102,11,0.016932588070631027,0.001,True,True,True,0.02022053205105634,True,0.20000000298023224,7.23958780450808e-11,0.2000000030526281,True,True
102,12,0.021439997479319572,0.001,True,True,True,0.023972363324074597,True,0.20000000298023224,7.239587804508041e-11,0.2000000030526281,True,True
102,13,0.023375224322080612,0.001,True,True,True,0.020564795488873133,True,0.20000000298023224,7.239587804508076e-11,0.2000000030526281,True,True
102,14,0.023533077910542488,0.001,True,True,True,0.020486099034730088,True,0.20000000298023224,7.239587804508041e-11,0.2000000030526281,True,True
102,15,0.023707423359155655,0.001,True,True,True,0.020399146697264836,True,0.20000000298023224,7.23958780450804e-11,0.2000000030526281,True,True
102,16,0.023866916075348854,0.001,True,True,True,0.020283785656765474,True,0.20000000298023224,7.239587804508043e-11,0.2000000030526281,True,True
102,17,0.023983465507626534,0.001,True,True,True,0.02012357596673109,True,0.20000000298023224,7.23958780450804e-11,0.2000000030526281,True,True
102,18,0.02403106354176998,0.001,True,True,True,0.019905138333906947,True,0.20000000298023224,7.239587804508041e-11,0.2000000030526281,True,True
102,19,0.02402535080909729,0.001,True,True,True,0.01990311105221143,True,0.20000000298023224,7.23958780450804e-11,0.2000000030526281,True,True
102,20,0.024090908467769623,0.001,True,True,True,0.019930586294582664,True,0.20000000298023224,2.2932623142071735e-11,0.20000000300316487,True,True
103,1,0.0039506107568740845,0.001,True,True,True,0.0014657304126060033,True,0.20000000298023224,6.012826899467025e-14,0.20000000298029236,True,True
103,2,0.0029642805457115173,0.001,True,True,True,0.0003927251754159977,True,0.2000000029631904,6.012826909804198e-14,0.20000000296325052,True,True
103,3,0.002172432839870453,0.001,True,True,True,1.7545964681175974e-12,True,0.1999651101683392,6.008613506015908e-14,0.1999651101683993,True,True
103,4,0.00199059396982193,0.001,True,True,True,0.0006384345375014533,True,0.1997215789543676,5.999167311621913e-14,0.19972157895442758,True,True
103,5,0.0028780847787857056,0.001,True,True,True,0.0024475809266739645,True,0.20000000305774673,6.01282710574002e-14,0.20000000305780685,True,True
103,6,0.004629071801900864,0.001,True,True,True,0.0048484875837165875,True,0.20000000298023224,6.012826899461855e-14,0.20000000298029236,True,True
103,7,0.006962187588214874,0.001,True,True,True,0.007635051892097455,True,0.20000000298023224,6.012826899439883e-14,0.20000000298029236,True,True
103,8,0.009680166840553284,0.001,True,True,True,0.010616697210336978,True,0.20000000298023224,6.012826899441175e-14,0.20000000298029236,True,True
103,9,0.012608971446752548,0.001,True,True,True,0.013637505985709397,True,0.20000000298023224,6.012826899460562e-14,0.20000000298029236,True,True
103,10,0.016597304493188858,0.001,True,True,True,0.01982910491981027,True,0.20000000298023224,6.0128268994541e-14,0.20000000298029236,True,True
103,11,0.02123233675956726,0.001,True,True,True,0.023734628215699716,True,0.20000000298023224,6.01282689943859e-14,0.20000000298029236,True,True
103,12,0.02166534587740898,0.001,True,True,True,0.018325795014086488,True,0.20000000298023224,6.012826899441175e-14,0.20000000298029236,True,True
103,13,0.02156638540327549,0.001,True,True,True,0.01788305229560938,True,0.20000000298023224,6.012826899414034e-14,0.20000000298029236,True,True
103,14,0.02148628421127796,0.001,True,True,True,0.017424896235855858,True,0.20000000298023224,6.012826899441175e-14,0.20000000298029236,True,True
103,15,0.02139919623732567,0.001,True,True,True,0.016935729600030203,True,0.20000000298023224,6.012826899439883e-14,0.20000000298029236,True,True
103,16,0.021284108981490135,0.001,True,True,True,0.01640499392648076,True,0.20000000298023224,6.012826899442468e-14,0.20000000298029236,True,True
103,17,0.02112443558871746,0.001,True,True,True,0.01582755268799141,True,0.20000000298023224,6.012826899439883e-14,0.20000000298029236,True,True
103,18,0.020908024162054062,0.001,True,True,True,0.015397286944331956,True,0.20000000298023224,6.012826899441175e-14,0.20000000298029236,True,True
103,19,0.021054282784461975,0.001,True,True,True,0.015641694891722735,True,0.20000000298023224,6.012826899439883e-14,0.20000000298029236,True,True
103,20,0.021086178719997406,0.001,True,True,True,0.015649137964223958,True,0.20000000298023224,2.056209130197782e-14,0.2000000029802528,True,True
104,1,0.0030276961624622345,0.001,True,True,True,0.0004693394041281884,True,0.20000000297810006,2.56583265401487e-13,0.20000000297835663,True,True
104,2,0.0022100992500782013,0.001,True,True,True,5.6068483189619656e-12,True,0.1999827038770912,2.561755167646117e-13,0.19998270387734737,True,True
104,3,0.00200812891125679,0.001,True,True,True,0.0005681178395212649,True,0.1997484404168996,2.5620051204408086e-13,0.1997484404171558,True,True
104,4,0.002847425639629364,0.001,True,True,True,0.00225453874185344,True,0.20000000314951535,2.5658329943474765e-13,0.20000000314977193,True,True
104,5,0.00452997162938118,0.001,True,True,True,0.004511871620855534,True,0.20000000298023224,2.5658326530155327e-13,0.2000000029804888,True,True
104,6,0.00677495077252388,0.001,True,True,True,0.007133512967835931,True,0.20000000298023224,2.565832653009329e-13,0.2000000029804888,True,True
104,7,0.009388834238052368,0.001,True,True,True,0.00993268638003536,True,0.20000000298023224,2.5658326530071316e-13,0.2000000029804888,True,True
104,8,0.012202531099319458,0.001,True,True,True,0.012758430035757828,True,0.20000000298023224,2.565832653007261e-13,0.2000000029804888,True,True
104,9,0.0160957220941782,0.001,True,True,True,0.01901395064960054,True,0.20000000298023224,2.5658326530091996e-13,0.2000000029804888,True,True
104,10,0.02026720531284809,0.001,True,True,True,0.017049964650786786,True,0.20000000298023224,2.5658326530085533e-13,0.2000000029804888,True,True
104,11,0.019777586683630943,0.001,True,True,True,0.016141973777679675,True,0.20000000298023224,2.5658326530111383e-13,0.2000000029804888,True,True
104,12,0.019326217472553253,0.001,True,True,True,0.01521614247329206,True,0.20000000298023224,2.565832653007261e-13,0.2000000029804888,True,True
104,13,0.018883083015680313,0.001,True,True,True,0.014253781173682145,True,0.20000000298023224,2.5658326530128185e-13,0.2000000029804888,True,True
104,14,0.01842559315264225,0.001,True,True,True,0.013242401522331138,True,0.20000000298023224,2.565832653007261e-13,0.2000000029804888,True,True
104,15,0.017937609925866127,0.001,True,True,True,0.012175964842590314,True,0.20000000298023224,2.5658326530071316e-13,0.2000000029804888,True,True
104,16,0.01740831695497036,0.001,True,True,True,0.011054734943075295,True,0.20000000298023224,2.56583265300739e-13,0.2000000029804888,True,True
104,17,0.016832193359732628,0.001,True,True,True,0.009885466143051524,True,0.20000000298023224,2.5658326530071316e-13,0.2000000029804888,True,True
104,18,0.016846563667058945,0.001,True,True,True,0.010316581632932142,True,0.20000000298023224,2.565832653007261e-13,0.2000000029804888,True,True
104,19,0.01690974086523056,0.001,True,True,True,0.01031657769476979,True,0.20000000298023224,2.5658326530071316e-13,0.2000000029804888,True,True
104,20,0.016918830573558807,0.001,True,True,True,0.010313631702682735,True,0.20000000298023224,1.27948544747801e-13,0.2000000029803602,True,True
105,1,0.0023557767271995544,0.001,True,True,True,0.0002739018483507438,True,0.1999992341241235,1.474433471760817e-11,0.19999923413886783,True,True
105,2,0.0020780563354492188,0.001,True,True,True,0.0008237104597810241,True,0.19995132832173762,1.4524589207229615e-11,0.1999513283362622,True,True
105,3,0.002809319645166397,0.001,True,True,True,0.0023891676540896967,True,0.20000000353825806,1.4480487509492465e-11,0.20000000355273856,True,True
105,4,0.004362892359495163,0.001,True,True,True,0.004481687970663506,True,0.20000000298023224,1.4480482857982083e-11,0.2000000029947127,True,True
105,5,0.00645257905125618,0.001,True,True,True,0.006899782145785349,True,0.20000000298023224,1.4480482857983324e-11,0.2000000029947127,True,True
105,6,0.008887551724910736,0.001,True,True,True,0.009466300268626437,True,0.20000000298023224,1.4480482857982704e-11,0.2000000029947127,True,True
105,7,0.011504076421260834,0.001,True,True,True,0.012039650753130737,True,0.20000000298023224,1.4480482857982484e-11,0.2000000029947127,True,True
105,8,0.015237274579703808,0.001,True,True,True,0.01834944574328734,True,0.20000000298023224,1.4480482857982497e-11,0.2000000029947127,True,True
105,9,0.018972652032971382,0.001,True,True,True,0.01517957025770722,True,0.20000000298023224,1.4480482857982691e-11,0.2000000029947127,True,True
105,10,0.018051326274871826,0.001,True,True,True,0.013778156076262982,True,0.20000000298023224,1.4480482857982626e-11,0.2000000029947127,True,True
105,11,0.017141958698630333,0.001,True,True,True,0.012328802735151023,True,0.20000000298023224,1.4480482857982885e-11,0.2000000029947127,True,True
105,12,0.01621699146926403,0.001,True,True,True,0.010814269191674497,True,0.20000000298023224,1.4480482857982497e-11,0.2000000029947127,True,True
105,13,0.01525665633380413,0.001,True,True,True,0.009223638512289245,True,0.20000000298023224,1.448048285798388e-11,0.2000000029947127,True,True
105,14,0.014247928746044636,0.001,True,True,True,0.007552809796824267,True,0.20000000298023224,1.4480482857982497e-11,0.2000000029947127,True,True
105,15,0.013184266164898872,0.001,True,True,True,0.005805148261565196,True,0.20000000298023224,1.4480482857982484e-11,0.2000000029947127,True,True
105,16,0.012065703049302101,0.001,True,True,True,0.003991576370013572,True,0.20000000298023224,1.448048285798251e-11,0.2000000029947127,True,True
105,17,0.011663269251585007,0.001,True,True,True,0.004197908761738867,True,0.20000000298023224,1.4480482857982484e-11,0.2000000029947127,True,True
105,18,0.011709842830896378,0.001,True,True,True,0.004157231795084093,True,0.20000000298023224,1.4480482857982497e-11,0.2000000029947127,True,True
105,19,0.011717218905687332,0.001,True,True,True,0.004135149815330141,True,0.20000000298023224,1.4480482857982484e-11,0.2000000029947127,True,True
105,20,0.011711914092302322,0.001,True,True,True,0.0041310141870272155,True,0.20000000298023224,6.4858846921837645e-12,0.20000000298671813,True,True
106,1,0.00251615047454834,0.001,True,True,True,0.0017486966285072958,True,0.20000000469338364,1.5163226862616012e-14,0.2000000046933988,True,True
106,2,0.0031439922749996185,0.001,True,True,True,0.0032811144413150695,True,0.20000000298025186,1.5152995139739263e-14,0.20000000298026702,True,True
106,3,0.004544612020254135,0.001,True,True,True,0.00530394429969494,True,0.20000000298023224,1.5152995139574473e-14,0.2000000029802474,True,True
106,4,0.006443288177251816,0.001,True,True,True,0.007634086081211411,True,0.20000000298023224,1.5152995139577705e-14,0.2000000029802474,True,True
106,5,0.008654952049255371,0.001,True,True,True,0.010109917695746928,True,0.20000000298023224,1.5152995139574473e-14,0.2000000029802474,True,True
106,6,0.011023715138435364,0.001,True,True,True,0.012599648742502745,True,0.20000000298023224,1.5152995139571242e-14,0.2000000029802474,True,True
106,7,0.01459343358874321,0.001,True,True,True,0.01903611736490529,True,0.20000000298023224,1.5152995139577705e-14,0.2000000029802474,True,True
106,8,0.01756187714636326,0.001,True,True,True,0.012895242771049364,True,0.20000000298023224,1.5152995139571242e-14,0.2000000029802474,True,True
106,9,0.016180146485567093,0.001,True,True,True,0.011327023041700635,True,0.20000000298023224,1.5152995139571242e-14,0.2000000029802474,True,True
106,10,0.014778325334191322,0.001,True,True,True,0.009705737212820309,True,0.20000000298023224,1.5152995139574473e-14,0.2000000029802474,True,True
106,11,0.013330851681530476,0.001,True,True,True,0.008008077211389075,True,0.20000000298023224,1.5152995139577705e-14,0.2000000029802474,True,True
106,12,0.011819425038993359,0.001,True,True,True,0.0062167748710160176,True,0.20000000298023224,1.5152995139571242e-14,0.2000000029802474,True,True
106,13,0.010232451371848583,0.001,True,True,True,0.004321310714045401,True,0.20000000298023224,1.5152995139571242e-14,0.2000000029802474,True,True
106,14,0.008565577678382397,0.001,True,True,True,0.0023188332407905188,True,0.20000000298023224,1.5152995139571242e-14,0.2000000029802474,True,True
106,15,0.006821636110544205,0.001,True,True,True,0.00021431442802100076,True,0.20000000298023224,1.5152995139577705e-14,0.2000000029802474,True,True
106,16,0.005681578069925308,0.001,True,True,True,0.0002389327493829141,True,0.20000000298023224,1.5152995139577705e-14,0.2000000029802474,True,True
106,17,0.00566469132900238,0.001,True,True,True,0.00011944891960402604,True,0.20000000298023224,1.5152995139577705e-14,0.2000000029802474,True,True
106,18,0.005635324865579605,0.001,True,True,True,3.671269320781878e-05,True,0.20000000298023224,1.5152995139571242e-14,0.2000000029802474,True,True
106,19,0.005614776164293289,0.001,True,True,True,7.538414337204813e-14,True,0.20000000298023224,1.5152995139577705e-14,0.2000000029802474,True,True
106,20,0.0056033991277217865,0.001,True,True,True,9.677036949540252e-12,True,0.20000000298023224,3.996378213544083e-15,0.20000000298023624,True,True
107,1,0.0038410350680351257,0.001,True,True,True,0.003850098765960097,True,0.20000000298023224,3.6406742150465523e-17,0.20000000298023227,True,True
107,2,0.005211390554904938,0.001,True,True,True,0.005900026551904136,True,0.20000000298023224,3.6406742150465523e-17,0.20000000298023227,True,True
107,3,0.007070116698741913,0.001,True,True,True,0.008274266700880273,True,0.20000000298023224,3.6406742150465523e-17,0.20000000298023227,True,True
107,4,0.009242087602615356,0.001,True,True,True,0.010807008514935879,True,0.20000000298023224,3.6406742150465523e-17,0.20000000298023227,True,True
107,5,0.011576242744922638,0.001,True,True,True,0.013355546842306887,True,0.20000000298023224,3.6406742150465523e-17,0.20000000298023227,True,True
107,6,0.015161777846515179,0.001,True,True,True,0.01953066253102753,True,0.20000000298023224,3.6406742150465523e-17,0.20000000298023227,True,True
107,7,0.015446680597960949,0.001,True,True,True,0.014882811486342518,True,0.20000000298023224,3.6406742150465523e-17,0.20000000298023227,True,True
107,8,0.013897673226892948,0.001,True,True,True,0.013670780043988251,True,0.20000000298023224,3.6406742150465523e-17,0.20000000298023227,True,True
107,9,0.012327577918767929,0.001,True,True,True,0.01233736494589499,True,0.20000000298023224,3.6406742150465523e-17,0.20000000298023227,True,True
107,10,0.010705734603106976,0.001,True,True,True,0.010838885717781244,True,0.20000000298023224,3.6406742150465523e-17,0.20000000298023227,True,True
107,11,0.009008172899484634,0.001,True,True,True,0.009136212302028546,True,0.20000000298023224,3.6406742150465523e-17,0.20000000298023227,True,True
107,12,0.007217508740723133,0.001,True,True,True,0.007195190789699768,True,0.20000000298023224,3.6406742150465523e-17,0.20000000298023227,True,True
107,13,0.005323088262230158,0.001,True,True,True,0.004987079636755931,True,0.20000000298023224,3.6406742150465523e-17,0.20000000298023227,True,True
107,14,0.0033217626623809338,0.001,True,True,True,0.0024895864589794536,True,0.2000000029802178,3.6406742150465523e-17,0.20000000298021783,True,True
107,15,0.0015698522329330444,0.001,True,True,True,0.001737003013028482,True,0.3598468884345323,3.631245302474391e-17,0.35984688843453233,True,True
107,16,0.0014743506908416748,0.001,True,True,True,0.001090496646196537,True,0.3510828748012784,3.651021298421765e-17,0.3510828748012785,True,True
107,17,0.0013790950179100037,0.001,True,True,True,0.000582598081135588,True,0.23380795670607313,3.637517446967336e-17,0.23380795670607316,True,True
107,18,0.0013168491423130035,0.001,True,True,True,0.00027437584543155147,True,0.05234026217465271,3.6272249891780595e-17,0.05234026217465274,True,True
107,19,0.0012977346777915955,0.001,True,True,True,0.00021177561304375203,True,5.002220859751105e-12,3.672385767427281e-17,5.0022575836087796e-12,True,True
107,20,0.0013149939477443695,0.001,True,True,True,0.00031518214668624367,True,0.08237600767290587,8.539020688031185e-18,0.08237600767290588,True,True
108,1,0.005864836275577545,0.001,True,True,True,0.006575737052485819,True,0.20000000298023224,5.126700344278097e-17,0.2000000029802323,True,True
108,2,0.007834948599338531,0.001,True,True,True,0.0090948756975342,True,0.20000000298023224,5.126700344278097e-17,0.2000000029802323,True,True
108,3,0.0101265087723732,0.001,True,True,True,0.011763922983699604,True,0.20000000298023224,5.126700344278097e-17,0.2000000029802323,True,True
108,4,0.012580614537000656,0.001,True,True,True,0.014431835502991486,True,0.20000000298023224,5.126700344278097e-17,0.2000000029802323,True,True
108,5,0.015899058431386948,0.001,True,True,True,0.020132136522010846,True,0.20000000298023224,5.126700344278097e-17,0.2000000029802323,True,True
108,6,0.017072267830371857,0.001,True,True,True,0.01654251540294538,True,0.20000000298023224,5.126700344278097e-17,0.2000000029802323,True,True
108,7,0.015921343117952347,0.001,True,True,True,0.01564632146267586,True,0.20000000298023224,5.126700344278097e-17,0.2000000029802323,True,True
108,8,0.014699578285217285,0.001,True,True,True,0.014574716785160091,True,0.20000000298023224,5.126700344278097e-17,0.2000000029802323,True,True
108,9,0.01335781067609787,0.001,True,True,True,0.013268610073672638,True,0.20000000298023224,5.126700344278097e-17,0.2000000029802323,True,True
108,10,0.011852223426103592,0.001,True,True,True,0.011670304408328391,True,0.20000000298023224,5.126700344278097e-17,0.2000000029802323,True,True
108,11,0.01014366652816534,0.001,True,True,True,0.00972283330470447,True,0.20000000298023224,5.126700344278097e-17,0.2000000029802323,True,True
108,12,0.008198131807148457,0.001,True,True,True,0.007370573135840219,True,0.20000000298023224,5.126700344278097e-17,0.2000000029802323,True,True
108,13,0.005987323820590973,0.001,True,True,True,0.0045589856369715465,True,0.20000000298023224,5.126700344278097e-17,0.2000000029802323,True,True
108,14,0.0035010771825909615,0.001,True,True,True,0.002430066156010713,True,0.20000000298023216,5.1267003416931576e-17,0.2000000029802322,True,True
108,15,0.002920854836702347,0.001,True,True,True,0.0017531578896932132,True,0.20000000033453397,5.126700559151186e-17,0.20000000033453402,True,True
108,16,0.002407107502222061,0.001,True,True,True,0.0008100729973624654,True,0.19999931275948504,5.136688159848823e-17,0.1999993127594851,True,True
108,17,0.002037815749645233,0.001,True,True,True,0.00018523352551708117,True,0.19937669605474828,5.06209650446194e-17,0.19937669605474834,True,True
108,18,0.0018745847046375275,0.001,True,True,True,5.051514762044462e-15,True,0.19395969627725673,5.143588763536326e-17,0.1939596962772568,True,True
108,19,0.0019642598927021027,0.001,True,True,True,0.00033086296723411346,True,0.1986198105701601,5.1456357999997907e-17,0.19861981057016015,True,True
108,20,0.002117164433002472,0.001,True,True,True,0.000610777560452469,True,0.19988489100722895,6.772108835610069e-18,0.19988489100722895,True,True
109,1,0.008502360433340073,0.001,True,True,True,0.00976640727517697,True,0.20000000298023224,1.0466276104467392e-14,0.2000000029802427,True,True
109,2,0.01093660295009613,0.001,True,True,True,0.012582178799863453,True,0.20000000298023224,1.0466276104467392e-14,0.2000000029802427,True,True
109,3,0.0135236456990242,0.001,True,True,True,0.015378051282846306,True,0.20000000298023224,1.0466276104467392e-14,0.2000000029802427,True,True
109,4,0.01664341613650322,0.001,True,True,True,0.02066865221890324,True,0.20000000298023224,1.0466276104467392e-14,0.2000000029802427,True,True
109,5,0.018372580409049988,0.001,True,True,True,0.017799247150843578,True,0.20000000298023224,1.0466276104467392e-14,0.2000000029802427,True,True
109,6,0.017577558755874634,0.001,True,True,True,0.017202261689639564,True,0.20000000298023224,1.0466276104467392e-14,0.2000000029802427,True,True
109,7,0.016671326011419296,0.001,True,True,True,0.016393884691609406,True,0.20000000298023224,1.0466276104467392e-14,0.2000000029802427,True,True
109,8,0.015591496601700783,0.001,True,True,True,0.0153037303860043,True,0.20000000298023224,1.0466276104467392e-14,0.2000000029802427,True,True
109,9,0.01427876390516758,0.001,True,True,True,0.013860165444200656,True,0.20000000298023224,1.0466276104467392e-14,0.2000000029802427,True,True
109,10,0.012675226666033268,0.001,True,True,True,0.011989226906535255,True,0.20000000298023224,1.0466276104467392e-14,0.2000000029802427,True,True
109,11,0.01072425115853548,0.001,True,True,True,0.009615136788776346,True,0.20000000298023224,1.0466276104467392e-14,0.2000000029802427,True,True
109,12,0.008370457217097282,0.001,True,True,True,0.006659831661158355,True,0.20000000298023224,1.0466276104467392e-14,0.2000000029802427,True,True
109,13,0.005560402758419514,0.001,True,True,True,0.0030444202546544563,True,0.20000000298023224,1.0466276104467392e-14,0.2000000029802427,True,True
109,14,0.004141870886087418,0.001,True,True,True,0.0027192576811782,True,0.20000000298023224,1.0466276104441543e-14,0.2000000029802427,True,True
109,15,0.003144431859254837,0.001,True,True,True,0.0013831655044466706,True,0.20000000297762524,1.0466276104754966e-14,0.2000000029776357,True,True
109,16,0.0023540593683719635,0.001,True,True,True,0.0004196450522621631,True,0.1999973926207357,1.051288677310148e-14,0.19999739262074623,True,True
109,17,0.0018926672637462616,0.001,True,True,True,1.1494138973944246e-12,True,0.19534975708292213,1.0457057274974981e-14,0.1953497570829326,True,True
109,18,0.0018817447125911713,0.001,True,True,True,0.0003167670341370221,True,0.19643616819373744,1.048025068188714e-14,0.19643616819374793,True,True
109,19,0.002321779727935791,0.001,True,True,True,0.0010571753075599433,True,0.19999835448089692,1.0512781548557587e-14,0.19999835448090744,True,True
109,20,0.0026230961084365845,0.001,True,True,True,0.0014689056256953492,True,0.20000000635523335,2.0221290471766737e-15,0.20000000635523538,True,True
110,1,0.01157548651099205,0.001,True,True,True,0.013323453300480181,True,0.20000000298023224,4.746225485130723e-16,0.2000000029802327,True,True
110,2,0.01429525762796402,0.001,True,True,True,0.016411972803591135,True,0.20000000298023224,4.746225485130723e-16,0.2000000029802327,True,True
110,3,0.017235515639185905,0.001,True,True,True,0.02138793931165628,True,0.20000000298023224,4.746225485130723e-16,0.2000000029802327,True,True
110,4,0.019298052415251732,0.001,True,True,True,0.019894521132380105,True,0.20000000298023224,4.746225485130723e-16,0.2000000029802327,True,True
110,5,0.01882980391383171,0.001,True,True,True,0.01993158777477133,True,0.20000000298023224,4.746225485130723e-16,0.2000000029802327,True,True
110,6,0.018223408609628677,0.001,True,True,True,0.019709459741288793,True,0.20000000298023224,4.746225485130723e-16,0.2000000029802327,True,True
110,7,0.017407629638910294,0.001,True,True,True,0.019137871494787073,True,0.20000000298023224,4.746225485130723e-16,0.2000000029802327,True,True
110,8,0.016311699524521828,0.001,True,True,True,0.01812380376018219,True,0.20000000298023224,4.746225485130723e-16,0.2000000029802327,True,True
110,9,0.014863739721477032,0.001,True,True,True,0.01657037407492612,True,0.20000000298023224,4.746225485130723e-16,0.2000000029802327,True,True
110,10,0.01299009658396244,0.001,True,True,True,0.014376946563060211,True,0.20000000298023224,4.746225485130723e-16,0.2000000029802327,True,True
110,11,0.010615097358822823,0.001,True,True,True,0.011439884993299398,True,0.20000000298023224,4.746225485130723e-16,0.2000000029802327,True,True
110,12,0.007661690469831228,0.001,True,True,True,0.007654503898885112,True,0.20000000298023224,4.746225485130723e-16,0.2000000029802327,True,True
110,13,0.005517199635505676,0.001,True,True,True,0.005550026176048828,True,0.20000000298023224,4.746225485130723e-16,0.2000000029802327,True,True
110,14,0.004100792109966278,0.001,True,True,True,0.003426498518049992,True,0.20000000298023224,4.746225484872229e-16,0.2000000029802327,True,True
110,15,0.00290529802441597,0.001,True,True,True,0.0016581722741241256,True,0.20000000098175008,4.746226504146152e-16,0.20000000098175055,True,True
110,16,0.00209098681807518,0.001,True,True,True,0.0004451235858924929,True,0.19981585608072466,4.753131586596619e-16,0.19981585608072513,True,True
110,17,0.0018273517489433289,0.001,True,True,True,4.1744385725905886e-14,True,0.19050898309864106,4.754633426056528e-16,0.19050898309864153,True,True
110,18,0.002309069037437439,0.001,True,True,True,0.0003281769684279623,True,0.19999370789493598,4.837866506181701e-16,0.19999370789493645,True,True
110,19,0.0030803382396698,0.001,True,True,True,0.0006751082307736578,True,0.20000000297464668,4.746225493305594e-16,0.20000000297464715,True,True
110,20,-0.0028637871146202087,0.001,False,True,False,2.842170943040401e-14,True,,,,,
111,1,0.01505548506975174,0.001,True,True,True,0.016217911016064956,True,0.20000000298023224,2.3613251608078284e-15,0.2000000029802346,True,True
111,2,0.01808890327811241,0.001,True,True,True,0.0191643895707988,True,0.20000000298023224,2.3613251608078284e-15,0.2000000029802346,True,True
111,3,0.02074636146426201,0.001,True,True,True,0.01683087107659831,True,0.20000000298023224,2.3613251608078284e-15,0.2000000029802346,True,True
111,4,0.020942382514476776,0.001,True,True,True,0.015978910943882485,True,0.20000000298023224,2.3613251608078284e-15,0.2000000029802346,True,True
111,5,0.020969778299331665,0.001,True,True,True,0.014961598701181966,True,0.20000000298023224,2.3613251608078284e-15,0.2000000029802346,True,True
111,6,0.02073860540986061,0.001,True,True,True,0.013748032328808724,True,0.20000000298023224,2.3613251608078284e-15,0.2000000029802346,True,True
111,7,0.020158568397164345,0.001,True,True,True,0.012303302015638007,True,0.20000000298023224,2.3613251608078284e-15,0.2000000029802346,True,True
111,8,0.019136710092425346,0.001,True,True,True,0.010586388748277886,True,0.20000000298023224,2.3613251608078284e-15,0.2000000029802346,True,True
111,9,0.017576590180397034,0.001,True,True,True,0.008548893122354517,True,0.20000000298023224,2.3613251608078284e-15,0.2000000029802346,True,True
111,10,0.015378379262983799,0.001,True,True,True,0.006133399224675817,True,0.20000000298023224,2.3613251608078284e-15,0.2000000029802346,True,True
111,11,0.012439928948879242,0.001,True,True,True,0.003272122742408623,True,0.20000000298023224,2.3613251608078284e-15,0.2000000029802346,True,True
111,12,0.008953623473644257,0.001,True,True,True,0.001962079450698706,True,0.20000000298023224,2.3613251608078284e-15,0.2000000029802346,True,True
111,13,0.0067414939403533936,0.001,True,True,True,0.001047764157498965,True,0.20000000298023224,2.3613251608078284e-15,0.2000000029802346,True,True
111,14,0.004660431295633316,0.001,True,True,True,0.00034689674752524935,True,0.20000000298023224,2.3613251607302802e-15,0.2000000029802346,True,True
111,15,0.0028829239308834076,0.001,True,True,True,4.811706588725428e-13,True,0.2000000004990947,2.361325652983524e-15,0.20000000049909705,True,True
111,16,0.0015843026340007782,0.001,True,True,True,1.170175067954915e-13,True,0.11410688208449926,2.3682365902474473e-15,0.11410688208450163,True,True
111,17,0.0009428411722183228,0.001,False,True,False,0.0008227011575288046,True,,,,,
111,18,0.00109095498919487,0.001,True,True,True,0.0020869479146584657,True,2.694031904853432,2.369372646117174e-15,2.6940319048534342,True,True
111,19,0.001336902379989624,0.001,True,True,True,0.0029939515653830684,True,1.872724840124306,2.3682995466439825e-15,1.8727248401243084,True,True
111,20,0.0007185712456703186,0.001,False,True,False,0.003011682328856958,True,,,,,
112,1,0.01772475056350231,0.001,True,True,True,0.021296634652394064,True,0.20000000298023224,1.7235673224390538e-14,0.20000000298024947,True,True
112,2,0.018550699576735497,0.001,True,True,True,0.02078901152763757,True,0.20000000298023224,1.7235673224390538e-14,0.20000000298024947,True,True
112,3,0.017831016331911087,0.001,True,True,True,0.022165865638110183,True,0.20000000298023224,1.7235673224390538e-14,0.20000000298024947,True,True
112,4,0.016984662041068077,0.001,True,True,True,0.023288882603181404,True,0.20000000298023224,1.7235673224390538e-14,0.20000000298024947,True,True
112,5,0.015976853668689728,0.001,True,True,True,0.024014509254694727,True,0.20000000298023224,1.7235673224390538e-14,0.20000000298024947,True,True
112,6,0.014772534370422363,0.001,True,True,True,0.024196851422603527,True,0.20000000298023224,1.7235673224390538e-14,0.20000000298024947,True,True
112,7,0.013334054499864578,0.001,True,True,True,0.023686949929095813,True,0.20000000298023224,1.7235673224390538e-14,0.20000000298024947,True,True
112,8,0.011619027704000473,0.001,True,True,True,0.022332830391556757,True,0.20000000298023224,1.7235673224390538e-14,0.20000000298024947,True,True
112,9,0.009578702971339226,0.001,True,True,True,0.0199819208308335,True,0.20000000298023224,1.7235673224390538e-14,0.20000000298024947,True,True
112,10,0.007156314328312874,0.001,True,True,True,0.016484369770793927,True,0.20000000298023224,1.7235673224390538e-14,0.20000000298024947,True,True
112,11,0.004302671179175377,0.001,True,True,True,0.012178231462057654,True,0.20000000298023224,1.7235673224390538e-14,0.20000000298024947,True,True
112,12,0.0031584538519382477,0.001,True,True,True,0.008774154607923634,True,0.200000002979648,1.7235673223563358e-14,0.20000000297966525,True,True
112,13,0.0020676515996456146,0.001,True,True,True,0.005532895160504481,True,0.20137278208704054,1.788549462389578e-14,0.20137278208705842,True,True
112,14,0.0011463537812232971,0.001,True,True,True,0.002851953640161775,True,3.4665646262850487,1.719917997114212e-14,3.466564626285066,True,True
112,15,0.0005330517888069153,0.001,False,True,False,0.0009723275800139208,True,,,,,
112,16,0.0003591179847717285,0.001,False,True,False,9.59177182124904e-13,True,,,,,
112,17,0.0009582415223121643,0.001,False,True,False,3.959055305813308e-13,True,,,,,
112,18,0.0019383840262889862,0.001,True,True,True,0.0003323641414172407,True,0.198447844428701,1.715276483034324e-14,0.19844784442871816,True,True
112,19,-0.0029224753379821777,0.001,False,True,False,0.011389620492304742,True,,,,,
112,20,-0.020008154213428497,0.001,False,True,False,2.879918525877656e-13,True,,,,,
113,1,0.02037213370203972,0.001,True,True,True,0.017725127633825832,True,0.20000000298023224,3.186647684594838e-14,0.2000000029802641,True,True
113,2,0.021904651075601578,0.001,True,True,True,0.01627269815564636,True,0.20000000298023224,3.186647684594838e-14,0.2000000029802641,True,True
113,3,0.023320963606238365,0.001,True,True,True,0.0145988889730162,True,0.20000000298023224,3.186647684594838e-14,0.2000000029802641,True,True
113,4,0.024470848962664604,0.001,True,True,True,0.012767460169216038,True,0.20000000298023224,3.186647684594838e-14,0.2000000029802641,True,True
113,5,0.02520577423274517,0.001,True,True,True,0.010830777674798897,True,0.20000000298023224,3.186647684594838e-14,0.2000000029802641,True,True
113,6,0.0253771860152483,0.001,True,True,True,0.008827430736077502,True,0.20000000298023224,3.186647684594838e-14,0.2000000029802641,True,True
113,7,0.02483670972287655,0.001,True,True,True,0.006780357789874514,True,0.20000000298023224,3.186647684594838e-14,0.2000000029802641,True,True
113,8,0.023436831310391426,0.001,True,True,True,0.004692767696126032,True,0.20000000298023224,3.186647684594838e-14,0.2000000029802641,True,True
113,9,0.021034367382526398,0.001,True,True,True,0.0025440659748254824,True,0.20000000298023224,3.186647684594838e-14,0.2000000029802641,True,True
113,10,0.017495140433311462,0.001,True,True,True,0.0002841159087770828,True,0.20000000298023224,3.186647684594838e-14,0.2000000029802641,True,True
113,11,0.013370674103498459,0.001,True,True,True,2.1327384303049257e-13,True,0.20000000298023224,3.186647684594838e-14,0.2000000029802641,True,True
113,12,0.009874671697616577,0.001,True,True,True,5.482503340203948e-12,True,0.20000000298023224,3.186647684600008e-14,0.2000000029802641,True,True
113,13,0.0064690373837947845,0.001,True,True,True,4.012679077902703e-12,True,0.20000000298023224,3.186647684600008e-14,0.2000000029802641,True,True
113,14,0.0033351704478263855,0.001,True,True,True,2.0362600494649996e-12,True,0.20000000298023146,3.186647684607763e-14,0.20000000298026333,True,True
113,15,0.0006448924541473389,0.001,False,True,False,0.00016597402289253438,True,,,,,
113,16,-0.0014641061425209045,0.001,False,True,False,0.001661961493123476,True,,,,,
113,17,-0.002662062644958496,0.001,False,True,False,0.0037842514449623055,True,,,,,
113,18,-0.0031594261527061462,0.001,False,True,False,0.005091418774913259,True,,,,,
113,19,-0.0037471428513526917,0.001,False,True,False,0.005491820335563946,True,,,,,
113,20,-0.005390286445617676,0.001,False,True,False,0.004659610715067153,True,,,,,
114,1,0.018725736066699028,0.001,True,True,True,0.01970598244587507,True,0.20000000298023224,2.632388782320311e-17,0.20000000298023227,True,True
114,2,0.017301706597208977,0.001,True,True,True,0.021601839394367883,True,0.20000000298023224,2.632388782320311e-17,0.20000000298023227,True,True
114,3,0.015702368691563606,0.001,True,True,True,0.023226306924846174,True,0.20000000298023224,2.632388782320311e-17,0.20000000298023227,True,True
114,4,0.013953207060694695,0.001,True,True,True,0.024425633841146932,True,0.20000000298023224,2.632388782320311e-17,0.20000000298023227,True,True
114,5,0.012080168351531029,0.001,True,True,True,0.025041837377030363,True,0.20000000298023224,2.632388782320311e-17,0.20000000298023227,True,True
114,6,0.010105512104928493,0.001,True,True,True,0.024911222111081543,True,0.20000000298023224,2.632388782320311e-17,0.20000000298023227,True,True
114,7,0.008044712245464325,0.001,True,True,True,0.023864837293609553,True,0.20000000298023224,2.632388782320311e-17,0.20000000298023227,True,True
114,8,0.005903372075408697,0.001,True,True,True,0.021730202017614886,True,0.20000000298023224,2.632388782320311e-17,0.20000000298023227,True,True
114,9,0.0036736626643687487,0.001,True,True,True,0.018336596652908765,True,0.20000000298023224,2.632388782320311e-17,0.20000000298023227,True,True
114,10,0.0014733746647834778,0.001,True,True,True,0.014507859743996376,True,4.347444689592237,2.6307743456460163e-17,4.347444689592237,True,True
114,11,0.0010549426078796387,0.001,True,True,True,0.010518109117149343,True,15.71412004686124,2.6304574693938947e-17,15.71412004686124,True,True
114,12,0.00048339366912841797,0.001,False,True,False,0.006875656740476355,True,,,,,
114,13,-0.00022467225790023804,0.001,False,True,False,0.0038268521245355402,True,,,,,
114,14,-0.0009871385991573334,0.001,False,True,False,0.0015239006065044802,True,,,,,
114,15,-0.0015553124248981476,0.001,False,True,False,7.216449660063518e-16,True,,,,,
114,16,-0.0016897134482860565,0.001,False,True,False,7.771561172376096e-16,True,,,,,
114,17,-0.001783173531293869,0.001,False,True,False,0.0007937144074886548,True,,,,,
114,18,-0.0019429400563240051,0.001,False,True,False,0.0014700904713765839,True,,,,,
114,19,-0.013016335666179657,0.001,False,True,False,0.008698356194003054,True,,,,,
114,20,-0.02998216822743416,0.001,False,True,False,2.220446049250313e-16,True,,,,,
115,1,0.020759807899594307,0.001,True,True,True,0.017759658504990505,True,0.20000000298023224,2.0777331974097624e-13,0.20000000298044002,True,True
115,2,0.02276039868593216,0.001,True,True,True,0.015837209330847757,True,0.20000000298023224,2.0777331974097624e-13,0.20000000298044002,True,True
115,3,0.02449953928589821,0.001,True,True,True,0.01368775483022644,True,0.20000000298023224,2.0777331974097624e-13,0.20000000298044002,True,True
115,4,0.023770518600940704,0.001,True,True,True,0.02705964091983859,True,0.20000000298023224,2.0777331974097624e-13,0.20000000298044002,True,True
115,5,0.023766467347741127,0.001,True,True,True,0.02613265504469775,True,0.20000000298023224,2.0777331974097624e-13,0.20000000298044002,True,True
115,6,0.02454661950469017,0.001,True,True,True,0.02504059842952755,True,0.20000000298023224,2.0777331974097624e-13,0.20000000298044002,True,True
115,7,0.025177041068673134,0.001,True,True,True,0.004518462546975299,True,0.20000000298023224,2.0777331974097624e-13,0.20000000298044002,True,True
115,8,0.022924192249774933,0.001,True,True,True,0.0022990216346949754,True,0.20000000298023224,2.0777331974097624e-13,0.20000000298044002,True,True
115,9,0.01940782554447651,0.001,True,True,True,9.079929297495237e-05,True,0.20000000298023224,2.0777331974097624e-13,0.20000000298044002,True,True
115,10,0.015467245131731033,0.001,True,True,True,6.916800465717188e-12,True,0.20000000298023224,2.077733197409003e-13,0.20000000298044002,True,True
115,11,0.01165497675538063,0.001,True,True,True,4.2711223446900703e-11,True,0.20000000298023224,2.077733197410667e-13,0.20000000298044002,True,True
115,12,0.0078769251704216,0.001,True,True,True,1.4553025451391477e-11,True,0.20000000298023224,2.0777331974097624e-13,0.20000000298044002,True,True
115,13,0.004320085048675537,0.001,True,True,True,1.7970902543851253e-11,True,0.20000000298023224,2.0777331974097624e-13,0.20000000298044002,True,True
115,14,0.0011230222880840302,0.001,True,True,True,0.0004077093611856153,True,0.27826631019991055,2.0769647526322438e-13,0.27826631020011827,True,True
115,15,-0.0017253011465072632,0.001,False,True,False,0.002061660774271723,True,,,,,
115,16,-0.004162203520536423,0.001,False,True,False,0.004706941274870813,True,,,,,
115,17,-0.0056560710072517395,0.001,False,True,False,0.006302719382017652,True,,,,,
115,18,-0.006841346621513367,0.001,False,True,False,0.006836409389803455,True,,,,,
115,19,-0.008597854524850845,0.001,False,True,False,0.0061319023364905245,True,,,,,
115,20,-0.011950798332691193,0.001,False,True,False,0.004070914288264893,True,,,,,
116,1,0.018762310966849327,0.001,True,True,True,0.0191002546472564,True,0.20000000298023224,6.351712268341412e-17,0.2000000029802323,True,True
116,2,0.016914598643779755,0.001,True,True,True,0.020086270335376022,True,0.20000000298023224,6.351712268341412e-17,0.2000000029802323,True,True
116,3,0.014891021884977818,0.001,True,True,True,0.020698939399314886,True,0.20000000298023224,6.351712268341412e-17,0.2000000029802323,True,True
116,4,0.012738043442368507,0.001,True,True,True,0.020826502671283942,True,0.20000000298023224,6.351712268341412e-17,0.2000000029802323,True,True
116,5,0.010497776791453362,0.001,True,True,True,0.020352951371721995,True,0.20000000298023224,6.351712268341412e-17,0.2000000029802323,True,True
116,6,0.008205424062907696,0.001,True,True,True,0.01915754543990289,True,0.20000000298023224,6.351712268341412e-17,0.2000000029802323,True,True
116,7,0.005886693485081196,0.001,True,True,True,0.01711500167303648,True,0.20000000298023224,6.351712268341412e-17,0.2000000029802323,True,True
116,8,0.0035551246255636215,0.001,True,True,True,0.014096826401009288,True,0.20000000298023224,6.351712268341412e-17,0.2000000029802323,True,True
116,9,0.0015712156891822815,0.001,True,True,True,0.011751663491843367,True,1.5987338906082584,6.34431982500039e-17,1.5987338906082584,True,True
116,10,0.0012359395623207092,0.001,True,True,True,0.008561417519403425,True,8.515151588119295,6.345710132240952e-17,8.515151588119295,True,True
116,11,0.0006813891232013702,0.001,False,True,False,0.005623146201196194,True,,,,,
116,12,-5.369633436203003e-05,0.001,False,True,False,0.003133400828225108,True,,,,,
116,13,-0.0009097307920455933,0.001,False,True,False,0.00124219297206013,True,,,,,
116,14,-0.0016006901860237122,0.001,False,True,False,7.05313092928539e-05,True,,,,,
116,15,-0.0020357854664325714,0.001,False,True,False,1.27675647831893e-15,True,,,,,
116,16,-0.002693530172109604,0.001,False,True,False,0.000862875976887334,True,,,,,
116,17,-0.0036729536950588226,0.001,False,True,False,0.0019671378902370584,True,,,,,
116,18,-0.004844352602958679,0.001,False,True,False,0.002449623431821202,True,,,,,
116,19,-0.020842835307121277,0.001,False,True,False,1.5543122344752192e-15,True,,,,,
116,20,-0.02980654686689377,0.001,False,True,False,0.0018345898739867694,True,,,,,
117,1,0.02012050710618496,0.001,True,True,True,0.017658026123238413,True,0.20000000298023224,4.040271324477927e-14,0.20000000298027265,True,True
117,2,0.021174876019358635,0.001,True,True,True,0.016087600085151754,True,0.20000000298023224,4.040271324477927e-14,0.20000000298027265,True,True
117,3,0.021869871765375137,0.001,True,True,True,0.014216259722480973,True,0.20000000298023224,4.040271324477927e-14,0.20000000298027265,True,True
117,4,0.02206241898238659,0.001,True,True,True,0.012070347323953956,True,0.20000000298023224,4.040271324477927e-14,0.20000000298027265,True,True
117,5,0.02161429636180401,0.001,True,True,True,0.009661964458195227,True,0.20000000298023224,4.040271324477927e-14,0.20000000298027265,True,True
117,6,0.020394938066601753,0.001,True,True,True,0.006988153757799043,True,0.20000000298023224,4.040271324477927e-14,0.20000000298027265,True,True
117,7,0.01828429102897644,0.001,True,True,True,0.00402936726933345,True,0.20000000298023224,4.040271324477927e-14,0.20000000298027265,True,True
117,8,0.015306461602449417,0.001,True,True,True,0.0018743137594302572,True,0.20000000298023224,4.040271324477927e-14,0.20000000298027265,True,True
117,9,0.012569401413202286,0.001,True,True,True,0.0009248672598748398,True,0.20000000298023224,4.040271324465002e-14,0.20000000298027265,True,True
117,10,0.00975096970796585,0.001,True,True,True,0.0002778316364072664,True,0.20000000298023224,4.0402713244677485e-14,0.20000000298027265,True,True
117,11,0.007026255130767822,0.001,True,True,True,3.468336728928989e-13,True,0.20000000298023224,4.040271324499899e-14,0.20000000298027265,True,True
117,12,0.004549786448478699,0.001,True,True,True,2.7940427749229002e-12,True,0.20000000298023224,4.040271324477927e-14,0.20000000298027265,True,True
117,13,0.002426750957965851,0.001,True,True,True,9.63018553790107e-12,True,0.19999961086702214,4.111506197579944e-14,0.19999961086706325,True,True
117,14,0.0006698854267597198,0.001,False,True,False,0.0010338274148463666,True,,,,,
117,15,-0.0007577203214168549,0.001,False,True,False,0.003264119636745444,True,,,,,
117,16,-0.0016899928450584412,0.001,False,True,False,0.0053479330618352305,True,,,,,
117,17,-0.002489931881427765,0.001,False,True,False,0.007001379412315489,True,,,,,
117,18,-0.0037245973944664,0.001,False,True,False,0.007929007834862611,True,,,,,
117,19,-0.0060751959681510925,0.001,False,True,False,0.0078673683440601,True,,,,,
117,20,0.0005072046769782901,0.001,False,True,False,0.028886901060016124,True,,,,,
118,1,0.018659701570868492,0.001,True,True,True,0.018039113748490432,True,0.20000000298023224,3.1194209577623806e-17,0.20000000298023227,True,True
118,2,0.017124371603131294,0.001,True,True,True,0.01798471444162142,True,0.20000000298023224,3.1194209577623806e-17,0.20000000298023227,True,True
118,3,0.015312482602894306,0.001,True,True,True,0.017462437767369776,True,0.20000000298023224,3.1194209577623806e-17,0.20000000298023227,True,True
118,4,0.01322696078568697,0.001,True,True,True,0.016375167160212478,True,0.20000000298023224,3.1194209577623806e-17,0.20000000298023227,True,True
118,5,0.010862545110285282,0.001,True,True,True,0.014624391272953785,True,0.20000000298023224,3.1194209577623806e-17,0.20000000298023227,True,True
118,6,0.008204787969589233,0.001,True,True,True,0.012110979526877341,True,0.20000000298023224,3.1194209577623806e-17,0.20000000298023227,True,True
118,7,0.00522933155298233,0.001,True,True,True,0.008782511717526309,True,0.20000000298023224,3.1194209577623806e-17,0.20000000298023227,True,True
118,8,0.0039059892296791077,0.001,True,True,True,0.007989657935347338,True,0.20000000298023224,3.1194209577623806e-17,0.20000000298023227,True,True
118,9,0.0027640312910079956,0.001,True,True,True,0.005596104319069539,True,0.20000001056931763,3.1194231698242843e-17,0.20000001056931765,True,True
118,10,0.0017795749008655548,0.001,True,True,True,0.0034253991868721245,True,0.2362356603751845,3.1201852721637035e-17,0.23623566037518454,True,True
118,11,0.0009915530681610107,0.001,False,True,False,0.001663021049265745,True,,,,,
118,12,0.0003806687891483307,0.001,False,True,False,0.000489587260880886,True,,,,,
118,13,2.7779500669566914e-05,0.001,False,True,False,8.881784197001252e-16,True,,,,,
118,14,0.00029757991433143616,0.001,False,True,False,0.0002786899103236484,True,,,,,
118,15,0.0009051114320755005,0.001,False,True,False,0.00107873686092086,True,,,,,
118,16,0.0016420111060142517,0.001,True,True,True,0.00202833109362599,True,0.2852496996757239,3.119340372437701e-17,0.28524969967572394,True,True
118,17,-0.010040141642093658,0.001,False,True,False,1.1102230246251565e-15,True,,,,,
118,18,-0.01756231114268303,0.001,False,True,False,5.329070518200751e-15,True,,,,,
118,19,-0.015772346407175064,0.001,False,True,False,7.070850345081148e-05,True,,,,,
118,20,-0.017208464443683624,0.001,False,True,False,7.66053886991358e-15,True,,,,,
119,1,0.019043218344449997,0.001,True,True,True,0.01699833463053979,True,0.20000000298023224,4.3213226530828605e-14,0.20000000298027545,True,True
119,2,0.019006069749593735,0.001,True,True,True,0.015599882157338096,True,0.20000000298023224,4.3213226530828605e-14,0.20000000298027545,True,True
119,3,0.018504004925489426,0.001,True,True,True,0.01371338229066521,True,0.20000000298023224,4.3213226530828605e-14,0.20000000298027545,True,True
119,4,0.017430169507861137,0.001,True,True,True,0.011296115665611506,True,0.20000000298023224,4.3213226530828605e-14,0.20000000298027545,True,True
119,5,0.015680015087127686,0.001,True,True,True,0.008299650401521919,True,0.20000000298023224,4.3213226530828605e-14,0.20000000298027545,True,True
119,6,0.013183648698031902,0.001,True,True,True,0.005651476780889841,True,0.20000000298023224,4.3213226530828605e-14,0.20000000298027545,True,True
119,7,0.01110287755727768,0.001,True,True,True,0.003989528983173396,True,0.20000000298023224,4.3213226530828605e-14,0.20000000298027545,True,True
119,8,0.008909672498703003,0.001,True,True,True,0.0023918423122709087,True,0.20000000298023224,4.3213226530828605e-14,0.20000000298027545,True,True
119,9,0.0067489780485630035,0.001,True,True,True,0.001117941159403002,True,0.20000000298023224,4.321322653082214e-14,0.20000000298027545,True,True
119,10,0.0047613345086574554,0.001,True,True,True,0.0002807168132207827,True,0.20000000298023224,4.321322653083668e-14,0.20000000298027545,True,True
119,11,0.0030823014676570892,0.001,True,True,True,1.6621704013175531e-12,True,0.20000000297928414,4.3213226531545925e-14,0.20000000297932735,True,True
119,12,0.0018380656838417053,0.001,True,True,True,3.101784067160995e-05,True,0.19380494824852423,4.332897179417651e-14,0.19380494824856756,True,True
119,13,0.0010884925723075867,0.001,True,True,True,0.0012570854635610695,True,1.5531481138747267,4.294728651069803e-14,1.5531481138747696,True,True
119,14,0.00093025341629982,0.001,False,True,False,0.0032661009503902605,True,,,,,
119,15,0.001200951635837555,0.001,True,True,True,0.005576337271889775,True,6.133049817264464,4.2991510635619785e-14,6.1330498172645065,True,True
119,16,0.0015780851244926453,0.001,True,True,True,0.00796548340925085,True,1.097235877471249,4.2925928796405774e-14,1.0972358774712918,True,True
119,17,0.0016954019665718079,0.001,True,True,True,0.010218792807313748,True,0.5744840517015319,4.307528433201615e-14,0.574484051701575,True,True
119,18,0.0008146874606609344,0.001,False,True,False,3.47499806707674e-14,True,,,,,
119,19,7.805229688528925e-05,0.001,False,True,False,4.1907454015888135e-06,True,,,,,
119,20,-0.0006587207317352295,0.001,False,True,False,6.228351168147128e-14,True,,,,,
120,1,0.01799893192946911,0.001,True,True,True,0.016628579920532793,True,0.20000000298023224,3.4621961392875003e-13,0.20000000298057846,True,True
120,2,0.01661035791039467,0.001,True,True,True,0.01566388048542189,True,0.20000000298023224,3.4621961392875003e-13,0.20000000298057846,True,True
120,3,0.01474186684936285,0.001,True,True,True,0.014039210459519835,True,0.20000000298023224,3.4621961392875003e-13,0.20000000298057846,True,True
120,4,0.01234612986445427,0.001,True,True,True,0.011653507031255561,True,0.20000000298023224,3.4621961392875003e-13,0.20000000298057846,True,True
120,5,0.009517423808574677,0.001,True,True,True,0.009866735510023816,True,0.20000000298023224,3.4621961392875003e-13,0.20000000298057846,True,True
120,6,0.007689550518989563,0.001,True,True,True,0.0076989224665860445,True,0.20000000298023224,3.4621961392875003e-13,0.20000000298057846,True,True
120,7,0.005949750542640686,0.001,True,True,True,0.005520641408742699,True,0.20000000298023224,3.4621961392875003e-13,0.20000000298057846,True,True
120,8,0.004393585026264191,0.001,True,True,True,0.0034987729003849166,True,0.20000000298023224,3.4621961392875003e-13,0.20000000298057846,True,True
120,9,0.003121979534626007,0.001,True,True,True,0.0017993701697872067,True,0.20000000297993167,3.4621961393287947e-13,0.2000000029802779,True,True
120,10,0.0022445470094680786,0.001,True,True,True,0.0005836225820213814,True,0.19999327072124246,3.4748382373030506e-13,0.19999327072158993,True,True
120,11,0.0018807165324687958,0.001,True,True,True,9.952261237344828e-12,True,0.19631238390708194,3.4614031859310787e-13,0.19631238390742808,True,True
120,12,0.0022621452808380127,0.001,True,True,True,0.00011955127182405878,True,0.19999111462395566,3.500791856350163e-13,0.19999111462430574,True,True
120,13,0.003489471971988678,0.001,True,True,True,0.0007777869053967601,True,0.20000000298023224,3.462196139289116e-13,0.20000000298057846,True,True
120,14,0.005378946661949158,0.001,True,True,True,0.001665987359354304,True,0.20000000298023224,3.4621961392862805e-13,0.20000000298057846,True,True
120,15,-0.0055876970291137695,0.001,False,True,False,1.9364287950907055e-11,True,,,,,
120,16,-0.0048896633088588715,0.001,False,True,False,0.0008494284511024741,True,,,,,
120,17,-0.0032551027834415436,0.001,False,True,False,0.0005535894661905516,True,,,,,
120,18,-0.0019135437905788422,0.001,False,True,False,0.00013341540933431428,True,,,,,
120,19,-0.0014115869998931885,0.001,False,True,False,1.7636447857682924e-11,True,,,,,
120,20,-0.0010018683969974518,0.001,False,True,False,8.243976211153026e-05,True,,,,,
121,1,0.017628759145736694,0.001,True,True,True,0.014863190052760156,True,0.20000000298023224,1.0604105464002847e-14,0.20000000298024284,True,True
121,2,0.01666521653532982,0.001,True,True,True,0.012516449363500937,True,0.20000000298023224,1.0604105464002847e-14,0.20000000298024284,True,True
121,3,0.015041278675198555,0.001,True,True,True,0.00952608565750579,True,0.20000000298023224,1.0604105464002847e-14,0.20000000298024284,True,True
121,4,0.012762941420078278,0.001,True,True,True,0.006974463444156975,True,0.20000000298023224,1.0604105464002847e-14,0.20000000298024284,True,True
121,5,0.010840725153684616,0.001,True,True,True,0.004932021381672591,True,0.20000000298023224,1.0604105464002847e-14,0.20000000298024284,True,True
121,6,0.008772395551204681,0.001,True,True,True,0.0030990076515121645,True,0.20000000298023224,1.0604105464002847e-14,0.20000000298024284,True,True
121,7,0.0067057423293590546,0.001,True,True,True,0.001586264059385667,True,0.20000000298023224,1.0604105464002847e-14,0.20000000298024284,True,True
121,8,0.004782330244779587,0.001,True,True,True,0.0005117116720889658,True,0.20000000298023224,1.0604105464002847e-14,0.20000000298024284,True,True
121,9,0.003135763108730316,0.001,True,True,True,5.213607323639735e-13,True,0.2000000029800973,1.0604105464306577e-14,0.2000000029801079,True,True
121,10,0.0018884353339672089,0.001,True,True,True,4.876099524153688e-13,True,0.19667661604161024,1.0913896347722371e-14,0.19667661604162115,True,True
121,11,0.0011434368789196014,0.001,True,True,True,0.0009754296657279449,True,1.0249093764496138,1.0570909841300699e-14,1.0249093764496244,True,True
121,12,0.001087196171283722,0.001,True,True,True,0.0028508135943801083,True,3.9052625645665557,1.0581945933239277e-14,3.9052625645665664,True,True
121,13,0.0016284063458442688,0.001,True,True,True,0.0050503285559369004,True,0.5308007036614626,1.0606338237843489e-14,0.5308007036614732,True,True
121,14,0.0024628303945064545,0.001,True,True,True,0.007294198395329743,True,0.20000075043744756,1.062964355108116e-14,0.20000075043745819,True,True
121,15,0.0016961232759058475,0.001,True,True,True,6.304956556846264e-13,True,0.09387314072013453,1.0565988443016726e-14,0.09387314072014509,True,True
121,16,0.0018539056181907654,0.001,True,True,True,0.0002392081528206358,True,0.19476303287290442,1.0645015878758666e-14,0.19476303287291508,True,True
121,17,0.0017750561237335205,0.001,True,True,True,7.709450502868531e-05,True,0.18499448095890436,1.0625555115789155e-14,0.184994480958915,True,True
121,18,0.0017816349864006042,0.001,True,True,True,1.2878587085651816e-14,True,0.1846245751159863,1.0629746015906575e-14,0.18462457511599692,True,True
121,19,0.002090640366077423,0.001,True,True,True,0.00037795236325322,True,0.19979497081842082,1.0665207440982818e-14,0.19979497081843148,True,True
121,20,0.002618633210659027,0.001,True,True,True,0.0007573754393849219,True,0.19999999057644038,2.3690029464540433e-15,0.19999999057644274,True,True
122,1,0.015868404880166054,0.001,True,True,True,0.013575461167835035,True,0.20000000298023224,8.276351051830292e-11,0.20000000306299576,True,True
122,2,0.013537667691707611,0.001,True,True,True,0.01140605797201144,True,0.20000000298023224,8.276351051830292e-11,0.20000000306299576,True,True
122,3,0.010664664208889008,0.001,True,True,True,0.009777736964751926,True,0.20000000298023224,8.276351051830292e-11,0.20000000306299576,True,True
122,4,0.008659005165100098,0.001,True,True,True,0.0077809394566481505,True,0.20000000298023224,8.276351051830292e-11,0.20000000306299576,True,True
122,5,0.006736185401678085,0.001,True,True,True,0.005691722540440647,True,0.20000000298023224,8.276351051830292e-11,0.20000000306299576,True,True
122,6,0.005001485347747803,0.001,True,True,True,0.00369244612055436,True,0.20000000298023224,8.276351051830292e-11,0.20000000306299576,True,True
122,7,0.003561757504940033,0.001,True,True,True,0.001963707281178728,True,0.20000000298023224,8.276351051830292e-11,0.20000000306299576,True,True
122,8,0.002529136836528778,0.001,True,True,True,0.0006800145591546181,True,0.19999998239521463,8.27832018814294e-11,0.19999998247799783,True,True
122,9,0.0020210854709148407,0.001,True,True,True,1.8008322610896244e-09,True,0.19949455770315017,8.299518313031782e-11,0.19949455778614536,True,True
122,10,0.0021856725215911865,0.001,True,True,True,8.107933804935019e-05,True,0.1999662826813624,8.448023343384508e-11,0.19996628276584263,True,True
122,11,0.0032809339463710785,0.001,True,True,True,0.0007446276679017316,True,0.20000000298023324,8.276351051831088e-11,0.20000000306299676,True,True
122,12,0.0050429850816726685,0.001,True,True,True,0.0016894694869397098,True,0.20000000298023224,8.276351051830219e-11,0.20000000306299576,True,True
122,13,-0.001792721450328827,0.001,False,True,False,7.032483262392475e-09,True,,,,,
122,14,-0.0023469626903533936,0.001,False,True,False,0.00266213233245971,True,,,,,
122,15,-0.0008135437965393066,0.001,False,True,False,0.0016130235764068024,True,,,,,
122,16,-0.0005211606621742249,0.001,False,True,False,0.0005629673431820637,True,,,,,
122,17,-0.0004405304789543152,0.001,False,True,False,1.9686010599428982e-09,True,,,,,
122,18,-0.0001972392201423645,0.001,False,True,False,0.0004221150574694743,True,,,,,
122,19,0.0006177574396133423,0.001,False,True,False,0.0013378452768678661,True,,,,,
122,20,-0.00012323260307312012,0.001,False,True,False,0.00017736929613776375,True,,,,,
123,1,0.014576836489140987,0.001,True,True,True,0.010653339051090227,True,0.20000000298023224,3.5101717069499084e-17,0.20000000298023227,True,True
123,2,0.012560456991195679,0.001,True,True,True,0.008130063244009333,True,0.20000000298023224,3.5101717069499084e-17,0.20000000298023227,True,True
123,3,0.010844986885786057,0.001,True,True,True,0.005878519290548723,True,0.20000000298023224,3.5101717069499084e-17,0.20000000298023227,True,True
123,4,0.008906062692403793,0.001,True,True,True,0.003839680132906198,True,0.20000000298023224,3.5101717069499084e-17,0.20000000298023227,True,True
123,5,0.006911817938089371,0.001,True,True,True,0.002120980778600845,True,0.20000000298023224,3.5101717069499084e-17,0.20000000298023227,True,True
123,6,0.005020540207624435,0.001,True,True,True,0.0008326691448197754,True,0.20000000298023224,3.5101717069499084e-17,0.20000000298023227,True,True
123,7,0.003378774970769882,0.001,True,True,True,8.834282908809499e-05,True,0.2000000029802322,3.5101717069499084e-17,0.20000000298023224,True,True
123,8,0.0021158941090106964,0.001,True,True,True,1.1102230246251565e-15,True,0.19988847908756566,3.518683095600107e-17,0.19988847908756568,True,True
123,9,0.0013343803584575653,0.001,True,True,True,0.0006076529474855485,True,0.2860014278314793,3.509948563347445e-17,0.28600142783147936,True,True
123,10,0.001250728964805603,0.001,True,True,True,0.0022002313352866842,True,1.918116565685068,3.5111906629251334e-17,1.918116565685068,True,True
123,11,0.0018404126167297363,0.001,True,True,True,0.0041255241849387225,True,0.22218938735413474,3.509146155501768e-17,0.22218938735413477,True,True
123,12,0.0027402080595493317,0.001,True,True,True,0.005980571143982538,True,0.19999999989926076,3.510175049276571e-17,0.1999999998992608,True,True
123,13,0.0034815147519111633,0.001,True,True,True,0.007252435786525235,True,0.20000000298023224,3.5101717069499084e-17,0.20000000298023227,True,True
123,14,0.003454059362411499,0.001,True,True,True,0.007130067548727692,True,0.20000000298023224,3.5101717069499084e-17,0.20000000298023227,True,True
123,15,0.0029169507324695587,0.001,True,True,True,0.000505078015839322,True,0.20000000193937592,3.5101717780357423e-17,0.20000000193937595,True,True
123,16,0.0021801255643367767,0.001,True,True,True,6.661338147750939e-16,True,0.19993327763506244,3.51518340687326e-17,0.19993327763506247,True,True
123,17,0.0020075738430023193,0.001,True,True,True,0.0003271794490252722,True,0.19934087269217482,3.5069248873363186e-17,0.19934087269217485,True,True
123,18,0.002844329923391342,0.001,True,True,True,0.0020072766218935945,True,0.19999999899105703,3.5101722846838675e-17,0.19999999899105705,True,True
123,19,0.004086852073669434,0.001,True,True,True,0.003853196819048721,True,0.20000000298023224,3.5101717069499084e-17,0.20000000298023227,True,True
123,20,0.002444868441671133,0.001,True,True,True,6.772360450213455e-15,True,0.1999997343780737,4.7725296900571564e-18,0.1999997343780737,True,True
124,1,0.01183822751045227,0.001,True,True,True,0.009137599836208543,True,0.20000000298023224,1.129483692905798e-15,0.20000000298023338,True,True
124,2,0.00968540832400322,0.001,True,True,True,0.007293872539676727,True,0.20000000298023224,1.129483692905798e-15,0.20000000298023338,True,True
124,3,0.007598124444484711,0.001,True,True,True,0.005356404646623902,True,0.20000000298023224,1.129483692905798e-15,0.20000000298023338,True,True
124,4,0.00568978488445282,0.001,True,True,True,0.0034974790768128594,True,0.20000000298023224,1.129483692905798e-15,0.20000000298023338,True,True
124,5,0.00406956672668457,0.001,True,True,True,0.001882872473254027,True,0.20000000298023224,1.129483692905798e-15,0.20000000298023338,True,True
124,6,0.0028463080525398254,0.001,True,True,True,0.0006700650299592548,True,0.20000000220747896,1.1294837117887804e-15,0.2000000022074801,True,True
124,7,0.0021285489201545715,0.001,True,True,True,2.220446049250313e-16,True,0.1999133357195119,1.1358294140931786e-15,0.19991333571951303,True,True
124,8,0.0020200982689857483,0.001,True,True,True,1.6925873863149477e-05,True,0.19949992992787285,1.1332372189737345e-15,0.199499929927874,True,True
124,9,0.0027905143797397614,0.001,True,True,True,0.0007690107133251356,True,0.20000000770426013,1.1294838195290552e-15,0.20000000770426127,True,True
124,10,0.004232726991176605,0.001,True,True,True,0.0019058558534628123,True,0.20000000298023224,1.129483692905798e-15,0.20000000298023338,True,True
124,11,0.0036817521322518587,0.001,True,True,True,4.092282068768327e-13,True,0.20000000298023224,1.1294836928928733e-15,0.20000000298023338,True,True
124,12,0.0004672296345233917,0.001,False,True,False,0.0038550584685899114,True,,,,,
124,13,0.001460433006286621,0.001,True,True,True,0.0026568870633508768,True,0.8642861028653783,1.12096038405306e-15,0.8642861028653794,True,True
124,14,0.0014512911438941956,0.001,True,True,True,0.0012011814561451173,True,0.41403531759885936,1.1266744221352948e-15,0.4140353175988605,True,True
124,15,0.001013442873954773,0.001,True,True,True,0.0001958826600254593,True,2.8421709430404007e-11,1.1232462750188563e-15,2.8422832676679026e-11,True,True
124,16,0.0009299293160438538,0.001,False,True,False,0.00027444825102418413,True,,,,,
124,17,0.0021310821175575256,0.001,True,True,True,0.001693290921072288,True,0.20006635450558985,1.1357704889128911e-15,0.200066354505591,True,True
124,18,0.00403711199760437,0.001,True,True,True,0.0035563746045541578,True,0.20000000298023224,1.1294836928928733e-15,0.20000000298023338,True,True
124,19,0.006051730364561081,0.001,True,True,True,0.00525168446100155,True,0.20000000298023224,1.129483692905798e-15,0.20000000298023338,True,True
124,20,0.0012669862480834126,0.001,True,True,True,0.00021640645153264693,True,2.365936779824551e-09,1.2439902321512922e-16,2.3659369042235743e-09,True,True
125,1,0.010441936552524567,0.001,True,True,True,0.006822760479531231,True,0.20000000298023224,4.0055360054938e-17,0.20000000298023227,True,True
125,2,0.008598022162914276,0.001,True,True,True,0.004593382950561886,True,0.20000000298023224,4.0055360054938e-17,0.20000000298023227,True,True
125,3,0.006697610020637512,0.001,True,True,True,0.0027063556351258344,True,0.20000000298023224,4.0055360054938e-17,0.20000000298023227,True,True
125,4,0.004901748150587082,0.001,True,True,True,0.0012512032512446702,True,0.20000000298023224,4.0055360054938e-17,0.20000000298023227,True,True
125,5,0.003357086330652237,0.001,True,True,True,0.0003192449565221356,True,0.2000000029802322,4.0055360054938e-17,0.20000000298023224,True,True
125,6,0.0021932534873485565,0.001,True,True,True,8.881784197001252e-16,True,0.19997259765571254,4.0076215656324723e-17,0.19997259765571257,True,True
125,7,0.001512959599494934,0.001,True,True,True,0.0003167733954847485,True,0.1388656313626484,3.9984799403187513e-17,0.13886563136264843,True,True
125,8,0.00152641162276268,0.001,True,True,True,0.0016565006256542558,True,0.38765138458860804,4.000496540089966e-17,0.3876513845886081,True,True
125,9,0.0022533684968948364,0.001,True,True,True,0.0033948072239881055,True,0.2000175624241657,4.007674799228534e-17,0.20001756242416574,True,True
125,10,0.0033138617873191833,0.001,True,True,True,0.005114086659840922,True,0.20000000298023307,4.0055360054938e-17,0.2000000029802331,True,True
125,11,0.004240803420543671,0.001,True,True,True,0.006254431701151253,True,0.20000000298023224,4.0055360054938e-17,0.20000000298023227,True,True
125,12,0.004395149648189545,0.001,True,True,True,0.006023470807020148,True,0.20000000298023224,4.0055360054938e-17,0.20000000298023227,True,True
125,13,0.0039210245013237,0.001,True,True,True,0.0006954901891516041,True,0.20000000298023224,4.005536004847565e-17,0.20000000298023227,True,True
125,14,0.0027894675731658936,0.001,True,True,True,1.3322676295501878e-15,True,0.2000000076462484,4.0055364274851594e-17,0.20000000764624842,True,True
125,15,0.0020524561405181885,0.001,True,True,True,1.4432899320127035e-15,True,0.1995356228840146,3.979053115079394e-17,0.19953562288401464,True,True
125,16,0.002421766519546509,0.001,True,True,True,0.0018532871343681645,True,0.20000018680011458,4.0075179586758106e-17,0.2000001868001146,True,True
125,17,0.0038501694798469543,0.001,True,True,True,0.004287295233522227,True,0.20000000298023224,4.0055360054938e-17,0.20000000298023227,True,True
125,18,0.005652867257595062,0.001,True,True,True,0.0067942555407592975,True,0.20000000298023224,4.0055360054938e-17,0.20000000298023227,True,True
125,19,0.007245898246765137,0.001,True,True,True,0.008809410251665373,True,0.20000000298023224,4.0055360054938e-17,0.20000000298023227,True,True
125,20,0.0013324297033250332,0.001,True,True,True,0.00019516832908028636,True,1.0288658813806251e-10,4.083395372216957e-18,1.0288659222145788e-10,True,True
126,1,0.008337851613759995,0.001,True,True,True,0.005110046625673992,True,0.20000000298023224,1.3485486853730488e-13,0.2000000029803671,True,True
126,2,0.006267324090003967,0.001,True,True,True,0.00324835181904487,True,0.20000000298023224,1.3485486853730488e-13,0.2000000029803671,True,True
126,3,0.004498675465583801,0.001,True,True,True,0.0016914821499393606,True,0.20000000298023224,1.3485486853730488e-13,0.2000000029803671,True,True
126,4,0.0031267479062080383,0.001,True,True,True,0.0005689867525428549,True,0.20000000298013337,1.3485486853771847e-13,0.20000000298026824,True,True
126,5,0.0022444799542427063,0.001,True,True,True,2.024713730008898e-12,True,0.19998968682426496,1.3572748430403264e-13,0.1999896868244007,True,True
126,6,0.001937873661518097,0.001,True,True,True,7.743442972218961e-05,True,0.1985237345584976,1.3580081159793e-13,0.1985237345586334,True,True
126,7,0.0024301260709762573,0.001,True,True,True,0.0010766487152210624,True,0.1999999315021986,1.357287426843084e-13,0.19999993150233433,True,True
126,8,0.003621429204940796,0.001,True,True,True,0.0024961975178116047,True,0.20000000298023224,1.348548685369753e-13,0.2000000029803671,True,True
126,9,0.0051504336297512054,0.001,True,True,True,0.0038871177064708773,True,0.20000000298023224,1.3485486853683313e-13,0.2000000029803671,True,True
126,10,0.0018607042729854584,0.001,True,True,True,0.004445109501700073,True,0.22108795755408694,1.346497809380682e-13,0.2210879575542216,True,True
126,11,0.00275576114654541,0.001,True,True,True,0.003157488587528956,True,0.19999999601360707,1.348549990515163e-13,0.19999999601374194,True,True
126,12,0.0025265514850616455,0.001,True,True,True,0.001496803810557945,True,0.2000000068669009,1.3489372340270512e-13,0.20000000686703578,True,True
126,13,0.001834094524383545,0.001,True,True,True,0.0002412384433991832,True,0.19433374979810925,1.3482279488780654e-13,0.19433374979824408,True,True
126,14,0.0014129914343357086,0.001,True,True,True,7.92035414191039e-05,True,-6.008917807776015e-10,1.3435794796480033e-13,-6.007574228296367e-10,True,True
126,15,0.002050388604402542,0.001,True,True,True,0.0016592467092307883,True,0.20023792601749646,1.3519884870569318e-13,0.20023792601763166,True,True
126,16,0.0039175041019916534,0.001,True,True,True,0.004137641974818584,True,0.20000000298023224,1.3485486853717564e-13,0.2000000029803671,True,True
126,17,0.006381087005138397,0.001,True,True,True,0.006922913332138569,True,0.20000000298023224,1.3485486853730488e-13,0.2000000029803671,True,True
126,18,0.008904561400413513,0.001,True,True,True,0.009538136638985617,True,0.20000000298023224,1.3485486853730488e-13,0.2000000029803671,True,True
126,19,0.006854834966361523,0.001,True,True,True,0.011153954852664238,True,0.20000000298023224,1.3485486853730488e-13,0.2000000029803671,True,True
126,20,0.0013378278817981482,0.001,True,True,True,0.007218227122859022,True,4.732210657439964,1.502775628461507e-14,4.732210657439979,True,True
127,1,0.006649818271398544,0.001,True,True,True,0.0033215331675131576,True,0.20000000298023224,4.381025192731279e-17,0.2000000029802323,True,True
127,2,0.004846174269914627,0.001,True,True,True,0.0016634758048773013,True,0.20000000298023224,4.381025192731279e-17,0.2000000029802323,True,True
127,3,0.003365013748407364,0.001,True,True,True,0.0005341355613596166,True,0.2000000029802322,4.3810251901463394e-17,0.20000000298023227,True,True
127,4,0.002323973923921585,0.001,True,True,True,9.992007221626409e-16,True,0.19999789865737833,4.3900803582839424e-17,0.19999789865737838,True,True
127,5,0.0018233135342597961,0.001,True,True,True,9.142106703319275e-05,True,0.19380681173738523,4.368288160969141e-17,0.1938068117373853,True,True
127,6,0.002081632614135742,0.001,True,True,True,0.0011419705278239434,True,0.20000049059855787,4.3751957821209186e-17,0.20000049059855793,True,True
127,7,0.0030760057270526886,0.001,True,True,True,0.0026167368394598434,True,0.20000000298187137,4.3810251901463394e-17,0.20000000298187143,True,True
127,8,0.004400670528411865,0.001,True,True,True,0.0040579754423901715,True,0.20000000298023224,4.381025190792574e-17,0.2000000029802323,True,True
127,9,0.0047108083963394165,0.001,True,True,True,0.003773907024737899,True,0.20000000298023224,4.3810251895001046e-17,0.2000000029802323,True,True
127,10,0.005092881619930267,0.001,True,True,True,0.0027135591414391147,True,0.20000000298023224,4.381025192731279e-17,0.2000000029802323,True,True
127,11,0.004327896982431412,0.001,True,True,True,0.0012690653022949805,True,0.20000000298023224,4.381025192731279e-17,0.2000000029802323,True,True
127,12,0.0031982287764549255,0.001,True,True,True,0.00014729225522558398,True,0.20000000298013235,4.381025191438809e-17,0.2000000029801324,True,True
127,13,0.002433404326438904,0.001,True,True,True,6.661338147750939e-16,True,0.19999952164827417,4.392265057957734e-17,0.19999952164827423,True,True
127,14,0.002677924931049347,0.001,True,True,True,0.0014286811895984908,True,0.20000000160378856,4.3810496417344934e-17,0.2000000016037886,True,True
127,15,0.004277478903532028,0.001,True,True,True,0.00399013449943042,True,0.20000000298023224,4.381025192731279e-17,0.2000000029802323,True,True
127,16,0.00667978823184967,0.001,True,True,True,0.007025998970798364,True,0.20000000298023224,4.381025191438809e-17,0.2000000029802323,True,True
127,17,0.009377673268318176,0.001,True,True,True,0.010128606526801587,True,0.20000000298023224,4.381025192731279e-17,0.2000000029802323,True,True
127,18,0.0119132399559021,0.001,True,True,True,0.012882761718030489,True,0.20000000298023224,4.381025192731279e-17,0.2000000029802323,True,True
127,19,0.012404854409396648,0.001,True,True,True,0.016597702473195253,True,0.20000000298023224,4.381025192731279e-17,0.2000000029802323,True,True
127,20,0.008454447612166405,0.001,True,True,True,0.014123128225692394,True,0.20000000298023224,6.673138295348098e-18,0.20000000298023224,True,True
128,1,0.004987355321645737,0.001,True,True,True,0.0018814465130674862,True,0.20000000298023224,7.242004511087047e-15,0.20000000298023948,True,True
128,2,0.0034132152795791626,0.001,True,True,True,0.0006242677447507727,True,0.20000000298023224,7.242004511087047e-15,0.20000000298023948,True,True
128,3,0.0023327842354774475,0.001,True,True,True,1.1024514634527804e-13,True,0.19999828121653473,7.261880590498941e-15,0.199998281216542,True,True
128,4,0.001813996583223343,0.001,True,True,True,4.772626738258623e-12,True,0.1924039220688103,7.225301515904876e-15,0.1924039220688175,True,True
128,5,0.0020453371107578278,0.001,True,True,True,0.0009238031834815086,True,0.19994510982014466,7.622946293980044e-15,0.1999451098201523,True,True
128,6,0.0030060112476348877,0.001,True,True,True,0.002265656297411489,True,0.2000000029934832,7.24200451222442e-15,0.20000000299349044,True,True
128,7,0.0042966268956661224,0.001,True,True,True,0.0035744810921061188,True,0.20000000298023224,7.242004511061197e-15,0.20000000298023948,True,True
128,8,0.004271302372217178,0.001,True,True,True,0.004818390172939502,True,0.20000000298023224,7.24200451106766e-15,0.20000000298023948,True,True
128,9,0.004726234823465347,0.001,True,True,True,0.003576367407003622,True,0.20000000298023224,7.242004511054735e-15,0.20000000298023948,True,True
128,10,0.0040461719036102295,0.001,True,True,True,0.0018980342608907463,True,0.20000000298023224,7.242004511087047e-15,0.20000000298023948,True,True
128,11,0.0029657334089279175,0.001,True,True,True,0.0004934031663809124,True,0.20000000285690558,7.242004520599624e-15,0.20000000285691283,True,True
128,12,0.002175804227590561,0.001,True,True,True,1.417754802446325e-13,True,0.19994293107332134,7.235789372599046e-15,0.19994293107332858,True,True
128,13,0.002291835844516754,0.001,True,True,True,0.0009894628778983616,True,0.19999791337113737,7.260017834695897e-15,0.19999791337114464,True,True
128,14,0.0038428492844104767,0.001,True,True,True,0.003249842569442163,True,0.20000000298023224,7.242004511248606e-15,0.20000000298023948,True,True
128,15,0.00633007287979126,0.001,True,True,True,0.00616905816399993,True,0.20000000298023224,7.242004511087047e-15,0.20000000298023948,True,True
128,16,0.009285587817430496,0.001,True,True,True,0.009376707683139807,True,0.20000000298023224,7.242004511074122e-15,0.20000000298023948,True,True
128,17,0.012312963604927063,0.001,True,True,True,0.012500484659526578,True,0.20000000298023224,7.242004511087047e-15,0.20000000298023948,True,True
128,18,0.01676533930003643,0.001,True,True,True,0.0181031494338032,True,0.20000000298023224,7.242004511087047e-15,0.20000000298023948,True,True
128,19,0.01774432882666588,0.001,True,True,True,0.026142088788107642,True,0.20000000298023224,7.242004511087047e-15,0.20000000298023948,True,True
128,20,0.015265468508005142,0.001,True,True,True,0.025153444142531733,True,0.20000000298023224,1.2099483463029057e-15,0.20000000298023346,True,True
129,1,0.0036365874111652374,0.001,True,True,True,0.0007613229861167525,True,0.20000000298023224,1.7238012421527155e-13,0.20000000298040463,True,True
129,2,0.00243358314037323,0.001,True,True,True,1.8315707839278161e-09,True,0.1999998076992026,1.7280353930385257e-13,0.1999998076993754,True,True
129,3,0.001836620271205902,0.001,True,True,True,3.3084646133829665e-14,True,0.19428104809856794,1.7140162259055372e-13,0.19428104809873933,True,True
129,4,0.001968950033187866,0.001,True,True,True,0.0008459202949152589,True,0.1998156876193501,1.7566812585657695e-13,0.19981568761952576,True,True
129,5,0.0028298981487751007,0.001,True,True,True,0.0021190969542622673,True,0.20000000544214666,1.7238013418826508e-13,0.20000000544231905,True,True
129,6,0.004022516310214996,0.001,True,True,True,0.0033583688722356175,True,0.20000000298023224,1.7238012421516816e-13,0.20000000298040463,True,True
129,7,0.005080658942461014,0.001,True,True,True,0.003939517475833654,True,0.20000000298023224,1.723801242152457e-13,0.20000000298040463,True,True
129,8,0.005379617214202881,0.001,True,True,True,0.003072675263071978,True,0.20000000298023224,1.7238012421525217e-13,0.20000000298040463,True,True
129,9,0.0042534032836556435,0.001,True,True,True,0.0042490381073500005,True,0.20000000298023224,1.7238012421523924e-13,0.20000000298040463,True,True
129,10,0.0035035312175750732,0.001,True,True,True,0.0007546650354905982,True,0.20000000298023224,1.7238012421527155e-13,0.20000000298040463,True,True
129,11,0.0024324841797351837,0.001,True,True,True,4.128808406278495e-12,True,0.19999961678234207,1.7337806226215236e-13,0.19999961678251546,True,True
129,12,0.002173539251089096,0.001,True,True,True,0.000580383358726122,True,0.1999681223434538,1.7222606372816905e-13,0.19996812234362601,True,True
129,13,0.003323398530483246,0.001,True,True,True,0.0025599480059153024,True,0.20000000298023282,1.7238012421527802e-13,0.2000000029804052,True,True
129,14,0.00556965172290802,0.001,True,True,True,0.005351958094606202,True,0.20000000298023224,1.7238012421543311e-13,0.20000000298040463,True,True
129,15,0.008440293371677399,0.001,True,True,True,0.008621741568722863,True,0.20000000298023224,1.7238012421527155e-13,0.20000000298040463,True,True
129,16,0.011577658355236053,0.001,True,True,True,0.01202410705367074,True,0.20000000298023224,1.7238012421525863e-13,0.20000000298040463,True,True
129,17,0.01507110521197319,0.001,True,True,True,0.016664107782775273,True,0.20000000298023224,1.7238012421527155e-13,0.20000000298040463,True,True
129,18,0.01926756650209427,0.001,True,True,True,0.019171344028123705,True,0.20000000298023224,1.7238012421527155e-13,0.20000000298040463,True,True
129,19,0.022133953869342804,0.001,True,True,True,0.020420043311122904,True,0.20000000298023224,1.7238012421527155e-13,0.20000000298040463,True,True
129,20,0.023932015523314476,0.001,True,True,True,0.020663334404256606,True,0.20000000298023224,4.166283134698558e-14,0.2000000029802739,True,True
130,1,0.0026434026658535004,0.001,True,True,True,0.00033148736662280687,True,0.20000000490901557,3.968383582161124e-17,0.2000000049090156,True,True
130,2,0.0019304677844047546,0.001,True,True,True,0.00022994997349512492,True,0.1987176595350182,3.9425096722110993e-17,0.19871765953501822,True,True
130,3,0.0019779130816459656,0.001,True,True,True,0.0008502423440005513,True,0.19984024573772974,3.95386282277089e-17,0.19984024573772977,True,True
130,4,0.0027357712388038635,0.001,True,True,True,0.0019419720413110797,True,0.20000000508698318,3.9683719054243345e-17,0.2000000050869832,True,True
130,5,0.003831140697002411,0.001,True,True,True,0.003021820110697404,True,0.20000000298023224,3.968370303448522e-17,0.20000000298023227,True,True
130,6,0.004803299903869629,0.001,True,True,True,0.003536236697728401,True,0.20000000298023224,3.9683703034081325e-17,0.20000000298023227,True,True
130,7,0.005051102489233017,0.001,True,True,True,0.0028013758242412257,True,0.20000000298023224,3.9683703034081325e-17,0.20000000298023227,True,True
130,8,0.0038032755255699158,0.001,True,True,True,3.3306690738754696e-16,True,0.20000000298023224,3.9683703034081325e-17,0.20000000298023227,True,True
130,9,0.003879860043525696,0.001,True,True,True,0.0011643598441483105,True,0.20000000298023224,3.968370303448522e-17,0.20000000298023227,True,True
130,10,0.00262383371591568,0.001,True,True,True,0.0,True,0.19999999886684292,3.968418392368915e-17,0.19999999886684294,True,True
130,11,0.0020482540130615234,0.001,True,True,True,2.6467905336780007e-05,True,0.1995908031705031,3.9505037253848804e-17,0.19959080317050312,True,True
130,12,0.002767689526081085,0.001,True,True,True,0.0014860318154458207,True,0.19999999988419886,3.968372259843762e-17,0.1999999998841989,True,True
130,13,0.004748497158288956,0.001,True,True,True,0.003959152903662555,True,0.20000000298023224,3.968370303448522e-17,0.20000000298023227,True,True
130,14,0.007517743855714798,0.001,True,True,True,0.007102663504601758,True,0.20000000298023224,3.9683703034081325e-17,0.20000000298023227,True,True
130,15,0.01074189692735672,0.001,True,True,True,0.010586826506889135,True,0.20000000298023224,3.9683703034081325e-17,0.20000000298023227,True,True
130,16,0.014093287289142609,0.001,True,True,True,0.014097688323147062,True,0.20000000298023224,3.968370303448522e-17,0.20000000298023227,True,True
130,17,0.01782773993909359,0.001,True,True,True,0.017077032044745755,True,0.20000000298023224,3.9683703034081325e-17,0.20000000298023227,True,True
130,18,0.020318452268838882,0.001,True,True,True,0.017889706930695026,True,0.20000000298023224,3.9683703034081325e-17,0.20000000298023227,True,True
130,19,0.02123028039932251,0.001,True,True,True,0.009634829848666149,True,0.20000000298023224,3.9683703034081325e-17,0.20000000298023227,True,True
130,20,0.021138541400432587,0.001,True,True,True,0.009617649792845961,True,0.20000000298023224,5.933140306508657e-18,0.20000000298023224,True,True
131,1,0.0022797957062721252,0.001,True,True,True,0.0008318073955287941,True,0.19999823664944663,1.972487183527708e-13,0.1999982366496439,True,True
131,2,0.0021364502608776093,0.001,True,True,True,0.00155924614030023,True,0.20002169573972145,1.9681238789140629e-13,0.20002169573991826,True,True
131,3,0.0026904642581939697,0.001,True,True,True,0.0026558484280188033,True,0.20000000131453988,1.9682822049304975e-13,0.2000000013147367,True,True
131,4,0.003588225692510605,0.001,True,True,True,0.0037217878821298456,True,0.20000000298023224,1.96828066675286e-13,0.20000000298042905,True,True
131,5,0.004395741969347,0.001,True,True,True,0.004193111232411062,True,0.20000000298023224,1.9682806667518947e-13,0.20000000298042905,True,True
131,6,0.004604361951351166,0.001,True,True,True,0.0033516568635534316,True,0.20000000298023224,1.9682806667518907e-13,0.20000000298042905,True,True
131,7,0.003564797341823578,0.001,True,True,True,0.00032667390855245504,True,0.20000000298023224,1.9682806667518907e-13,0.20000000298042905,True,True
131,8,0.004453837871551514,0.001,True,True,True,0.0010779031611850565,True,0.20000000298023224,1.9682806667518907e-13,0.20000000298042905,True,True
131,9,0.002885565161705017,0.001,True,True,True,6.0889071562542085e-12,True,0.200000002392625,1.968280679238186e-13,0.2000000023928218,True,True
131,10,0.0018698982894420624,0.001,True,True,True,4.5389247915750275e-12,True,0.19544425941886923,1.9639650879091876e-13,0.19544425941906562,True,True
131,11,0.002004064619541168,0.001,True,True,True,0.0013984107569400273,True,0.20025308158184008,1.979876261518901e-13,0.20025308158203806,True,True
131,12,0.0035366714000701904,0.001,True,True,True,0.003960467754632879,True,0.20000000298023224,1.9682806667515958e-13,0.20000000298042905,True,True
131,13,0.006017018109560013,0.001,True,True,True,0.007255286241098946,True,0.20000000298023224,1.9682806667518947e-13,0.20000000298042905,True,True
131,14,0.009135790169239044,0.001,True,True,True,0.011013411219029878,True,0.20000000298023224,1.9682806667518907e-13,0.20000000298042905,True,True
131,15,0.012581154704093933,0.001,True,True,True,0.014955704280950388,True,0.20000000298023224,1.9682806667518907e-13,0.20000000298042905,True,True
131,16,0.01508268341422081,0.001,True,True,True,0.003022859182301385,True,0.20000000298023224,1.9682806667518947e-13,0.20000000298042905,True,True
131,17,0.012905452400445938,0.001,True,True,True,0.0011306302683404823,True,0.20000000298023224,1.9682806667518907e-13,0.20000000298042905,True,True
131,18,0.011832758784294128,0.001,True,True,True,0.00025263607388870124,True,0.20000000298023224,1.9682806667518907e-13,0.20000000298042905,True,True
131,19,0.011453710496425629,0.001,True,True,True,2.5517588042589523e-11,True,0.20000000298023224,1.9682806667518907e-13,0.20000000298042905,True,True
131,20,0.011388912796974182,0.001,True,True,True,7.6766884519186e-06,True,0.20000000298023224,2.700761043248936e-14,0.20000000298025924,True,True
132,1,0.0027907267212867737,0.001,True,True,True,0.002141638823982439,True,0.20000000676355031,2.6358746876655254e-17,0.20000000676355034,True,True
132,2,0.0034497305750846863,0.001,True,True,True,0.003308543739124148,True,0.20000000298023224,2.6358747126263466e-17,0.20000000298023227,True,True
132,3,0.0044123344123363495,0.001,True,True,True,0.0044243263090112395,True,0.20000000298023224,2.6358747126667363e-17,0.20000000298023227,True,True
132,4,0.00525970384478569,0.001,True,True,True,0.0049475565462461235,True,0.20000000298023224,2.635874712464788e-17,0.20000000298023227,True,True
132,5,0.0054247453808784485,0.001,True,True,True,0.004193153377112124,True,0.20000000298023224,2.635874712343619e-17,0.20000000298023227,True,True
132,6,0.004190616309642792,0.001,True,True,True,0.0013288825641433188,True,0.20000000298023224,2.635874712464788e-17,0.20000000298023227,True,True
132,7,0.004476197063922882,0.001,True,True,True,0.0009915349157494369,True,0.20000000298023224,2.635874712464788e-17,0.20000000298023227,True,True
132,8,0.00306132435798645,0.001,True,True,True,1.2422063377925951e-11,True,0.20000000297801768,2.6358747126263466e-17,0.2000000029780177,True,True
132,9,0.002210557460784912,0.001,True,True,True,1.1102230246251565e-16,True,0.19997528486209287,2.651865356455451e-17,0.1999752848620929,True,True
132,10,0.0023818016052246094,0.001,True,True,True,0.0013377338683204787,True,0.19999994101093807,2.6342724908005262e-17,0.1999999410109381,True,True
132,11,0.0037724263966083527,0.001,True,True,True,0.0037674223940742935,True,0.20000000298023224,2.63587471222245e-17,0.20000000298023227,True,True
132,12,0.00628235936164856,0.001,True,True,True,0.007021996234298555,True,0.20000000298023224,2.635874712585957e-17,0.20000000298023227,True,True
132,13,0.009516127407550812,0.001,True,True,True,0.010766303201725336,True,0.20000000298023224,2.635874712343619e-17,0.20000000298023227,True,True
132,14,0.013210829347372055,0.001,True,True,True,0.014778551899290004,True,0.20000000298023224,2.635874712464788e-17,0.20000000298023227,True,True
132,15,0.008616886101663113,0.001,True,True,True,0.004174564337753761,True,0.20000000298023224,2.635874712464788e-17,0.20000000298023227,True,True
132,16,0.005116816610097885,0.001,True,True,True,0.002218790624393563,True,0.20000000298023224,2.635874712343619e-17,0.20000000298023227,True,True
132,17,0.003174472600221634,0.001,True,True,True,0.0008350678361146446,True,0.20000000299352616,2.635874712464788e-17,0.2000000029935262,True,True
132,18,0.0022269152104854584,0.001,True,True,True,0.00018000003394091912,True,0.19994504360316595,2.63492010354796e-17,0.19994504360316598,True,True
132,19,0.001886218786239624,0.001,True,True,True,2.220446049250313e-15,True,0.19338727622557705,2.824515865339047e-17,0.19338727622557708,True,True
132,20,0.001793883740901947,0.001,True,True,True,6.919174865949174e-05,True,0.1839472883934583,6.8888900087987595e-18,0.1839472883934583,True,True
133,1,0.003952346742153168,0.001,True,True,True,0.0037299991757961948,True,0.20000000298023224,8.714124582937381e-14,0.2000000029803194,True,True
133,2,0.004922728985548019,0.001,True,True,True,0.004832261774724511,True,0.20000000298023224,8.714124582937785e-14,0.2000000029803194,True,True
133,3,0.00578124076128006,0.001,True,True,True,0.005384990708669379,True,0.20000000298023224,8.714124582937826e-14,0.2000000029803194,True,True
133,4,0.00599990040063858,0.001,True,True,True,0.004762652503959797,True,0.20000000298023224,8.714124582937624e-14,0.2000000029803194,True,True
133,5,0.00490642711520195,0.001,True,True,True,0.002206312886224304,True,0.20000000298023224,8.714124582937503e-14,0.2000000029803194,True,True
133,6,0.004148945212364197,0.001,True,True,True,0.0009465714352391297,True,0.20000000298023224,8.714124582937624e-14,0.2000000029803194,True,True
133,7,0.0028407834470272064,0.001,True,True,True,6.262471938245362e-06,True,0.20000000148449323,8.714124611250465e-14,0.2000000014845804,True,True
133,8,0.002069227397441864,0.001,True,True,True,9.992007221626409e-15,True,0.1997557039169179,8.719744928862146e-14,0.19975570391700512,True,True
133,9,0.002215363085269928,0.001,True,True,True,0.001272106866776368,True,0.20000005802442594,8.727460378241555e-14,0.2000000580245132,True,True
133,10,0.0035235024988651276,0.001,True,True,True,0.0035793036705886183,True,0.20000000298023224,8.714124582936372e-14,0.2000000029803194,True,True
133,11,0.005897361785173416,0.001,True,True,True,0.006710688904348061,True,0.20000000298023224,8.714124582937381e-14,0.2000000029803194,True,True
133,12,0.008959397673606873,0.001,True,True,True,0.010408963123334058,True,0.20000000298023224,8.714124582937745e-14,0.2000000029803194,True,True
133,13,0.012516908347606659,0.001,True,True,True,0.01452737924399794,True,0.20000000298023224,8.714124582937503e-14,0.2000000029803194,True,True
133,14,0.010288276709616184,0.001,True,True,True,0.008357616302808069,True,0.20000000298023224,8.714124582937624e-14,0.2000000029803194,True,True
133,15,0.00610535591840744,0.001,True,True,True,0.005018559329743266,True,0.20000000298023224,8.714124582937624e-14,0.2000000029803194,True,True
133,16,0.0036193132400512695,0.001,True,True,True,0.002638177056574431,True,0.20000000298023224,8.714124582937503e-14,0.2000000029803194,True,True
133,17,0.002195581793785095,0.001,True,True,True,0.0011061640890384083,True,0.19998917344434328,8.7347431763709e-14,0.19998917344443062,True,True
133,18,0.0015350058674812317,0.001,True,True,True,0.00030632932547325353,True,0.13001875355780612,8.700275494329344e-14,0.13001875355789314,True,True
133,19,0.0013790912926197052,0.001,True,True,True,0.0001589089959987966,True,1.230205270985607e-09,8.69053944279412e-14,1.230292176380035e-09,True,True
133,20,0.0014828257262706757,0.001,True,True,True,0.00040218811477066296,True,0.14002396919437388,8.864227153535382e-15,0.14002396919438273,True,True
134,1,0.0053202249109745026,0.001,True,True,True,0.005107124486710024,True,0.20000000298023224,5.858566755330676e-13,0.2000000029808181,True,True
134,2,0.005502596497535706,0.001,True,True,True,0.0046651877719772195,True,0.20000000298023224,5.858566755330716e-13,0.2000000029808181,True,True
134,3,0.005867235362529755,0.001,True,True,True,0.0037486012512945033,True,0.20000000298023224,5.858566755330721e-13,0.2000000029808181,True,True
134,4,0.0051453933119773865,0.001,True,True,True,0.0023457168477628576,True,0.20000000298023224,5.8585667553307e-13,0.2000000029808181,True,True
134,5,0.0038952529430389404,0.001,True,True,True,0.0009580858232762779,True,0.20000000298023224,5.858566755330688e-13,0.2000000029808181,True,True
134,6,0.0026461221277713776,0.001,True,True,True,4.652168946717161e-05,True,0.20000000415127028,5.858589447566696e-13,0.20000000415185615,True,True
134,7,0.0018759742379188538,0.001,True,True,True,1.8515189381673736e-12,True,0.19634216439537644,5.828612715157474e-13,0.1963421643959593,True,True
134,8,0.001962486654520035,0.001,True,True,True,0.0011504889858495746,True,0.20014441189070797,5.884674160986403e-13,0.20014441189129645,True,True
134,9,0.003254801034927368,0.001,True,True,True,0.0033744393035639586,True,0.2000000029802359,5.858566755319783e-13,0.20000000298082177,True,True
134,10,0.005493633449077606,0.001,True,True,True,0.006329738460460976,True,0.20000000298023224,5.858566755330575e-13,0.2000000029808181,True,True
134,11,0.008434124290943146,0.001,True,True,True,0.009899220640714357,True,0.20000000298023224,5.858566755330676e-13,0.2000000029808181,True,True
134,12,0.011955328285694122,0.001,True,True,True,0.013993159153682044,True,0.20000000298023224,5.858566755330712e-13,0.2000000029808181,True,True
134,13,0.014538895338773727,0.001,True,True,True,0.012036314057001007,True,0.20000000298023224,5.858566755330688e-13,0.2000000029808181,True,True
134,14,0.009769249707460403,0.001,True,True,True,0.007629604811731028,True,0.20000000298023224,5.8585667553307e-13,0.2000000029808181,True,True
134,15,0.006377190351486206,0.001,True,True,True,0.004494849147173907,True,0.20000000298023224,5.8585667553307e-13,0.2000000029808181,True,True
134,16,0.004036538302898407,0.001,True,True,True,0.0022083069089342544,True,0.20000000298023224,5.858566755330688e-13,0.2000000029808181,True,True
134,17,0.0025682561099529266,0.001,True,True,True,0.0007138442087146757,True,0.1999999616137903,5.859445101445354e-13,0.19999996161437625,True,True
134,18,0.0018390938639640808,0.001,True,True,True,2.1042501074930442e-11,True,0.18987598929172833,5.807099867106325e-13,0.18987598929230903,True,True
134,19,0.0017562955617904663,0.001,True,True,True,0.00011043854711845214,True,0.1795941714948981,5.819429911688008e-13,0.17959417149548004,True,True
134,20,0.0019788257777690887,0.001,True,True,True,0.0004694088836361132,True,0.1988933659107408,7.10090151819264e-14,0.1988933659108118,True,True
135,1,0.005168810486793518,0.001,True,True,True,0.004533775310537558,True,0.20000000298023224,6.166114312036007e-15,0.2000000029802384,True,True
135,2,0.0055685825645923615,0.001,True,True,True,0.003679419116669247,True,0.20000000298023224,6.166114312040046e-15,0.2000000029802384,True,True
135,3,0.0049436092376708984,0.001,True,True,True,0.002340940986590878,True,0.20000000298023224,6.16611431204045e-15,0.2000000029802384,True,True
135,4,0.0038054659962654114,0.001,True,True,True,0.001001674132692032,True,0.20000000298023224,6.16611431203843e-15,0.2000000029802384,True,True
135,5,0.002643764019012451,0.001,True,True,True,9.81726633613178e-05,True,0.1999999990624159,6.166130731572378e-15,0.19999999906242205,True,True
135,6,0.0019057542085647583,0.001,True,True,True,7.349676423018536e-14,True,0.19759091252195082,6.146064982413122e-15,0.19759091252195696,True,True
135,7,0.001956664025783539,0.001,True,True,True,0.0010261591271050197,True,0.20000475440089716,6.136244021915699e-15,0.2000047544009033,True,True
135,8,0.003147229552268982,0.001,True,True,True,0.003089722508073489,True,0.20000000298031415,6.1661143118591e-15,0.2000000029803203,True,True
135,9,0.005249004811048508,0.001,True,True,True,0.005873403019376444,True,0.20000000298023224,6.166114312187468e-15,0.2000000029802384,True,True
135,10,0.008056752383708954,0.001,True,True,True,0.009287627816459199,True,0.20000000298023224,6.1661143120259095e-15,0.2000000029802384,True,True
135,11,0.011487547308206558,0.001,True,True,True,0.013270919067055464,True,0.20000000298023224,6.166114312036007e-15,0.2000000029802384,True,True
135,12,0.015477292239665985,0.001,True,True,True,0.017809490985913,True,0.20000000298023224,6.166114312039642e-15,0.2000000029802384,True,True
135,13,0.01314249262213707,0.001,True,True,True,0.010067791475952603,True,0.20000000298023224,6.166114312037219e-15,0.2000000029802384,True,True
135,14,0.009033925831317902,0.001,True,True,True,0.006481984922024231,True,0.20000000298023224,6.16611431203843e-15,0.2000000029802384,True,True
135,15,0.005907215178012848,0.001,True,True,True,0.0036966546342382944,True,0.20000000298023224,6.16611431203843e-15,0.2000000029802384,True,True
135,16,0.0036440379917621613,0.001,True,True,True,0.001675958547018519,True,0.20000000298023224,6.166114312037219e-15,0.2000000029802384,True,True
135,17,0.0021747760474681854,0.001,True,True,True,0.0004275403270603828,True,0.19992522437974794,6.1637640846318755e-15,0.1999252243797541,True,True
135,18,0.0014738105237483978,0.001,True,True,True,8.171241461241152e-14,True,0.014724677479648562,6.118280789270896e-15,0.01472467747965468,True,True
135,19,0.0016141198575496674,0.001,True,True,True,0.0004894071792136412,True,0.17563149099612474,6.122067215497731e-15,0.17563149099613087,True,True
135,20,0.001989610493183136,0.001,True,True,True,0.0009751034996849928,True,0.1998647795016142,8.23294766081294e-16,0.19986477950161502,True,True
136,1,0.0054235756397247314,0.001,True,True,True,0.003562432894761991,True,0.20000000298023224,5.519293284784452e-14,0.20000000298028744,True,True
136,2,0.004847902804613113,0.001,True,True,True,0.0022350270664800442,True,0.20000000298023224,5.519293284784856e-14,0.20000000298028744,True,True
136,3,0.0037685930728912354,0.001,True,True,True,0.0009439336801375653,True,0.20000000298023224,5.519293284784896e-14,0.20000000298028744,True,True
136,4,0.0026558712124824524,0.001,True,True,True,8.605928135640983e-05,True,0.1999999950896905,5.519301012512772e-14,0.1999999950897457,True,True
136,5,0.00193130224943161,0.001,True,True,True,1.2077006061872453e-12,True,0.19833382241923214,5.483541982927378e-14,0.198333822419287,True,True
136,6,0.0019413158297538757,0.001,True,True,True,0.0009876556247557788,True,0.199970051108747,5.5123706560433644e-14,0.19997005110880212,True,True
136,7,0.0030247196555137634,0.001,True,True,True,0.00299190289516138,True,0.2000000029830674,5.5192932851181515e-14,0.2000000029831226,True,True
136,8,0.004989061504602432,0.001,True,True,True,0.0056979169510598116,True,0.20000000298023224,5.51929328480812e-14,0.20000000298028744,True,True
136,9,0.007650602608919144,0.001,True,True,True,0.009037617078634652,True,0.20000000298023224,5.519293284799598e-14,0.20000000298028744,True,True
136,10,0.010943830013275146,0.001,True,True,True,0.012975119509149868,True,0.20000000298023224,5.519293284783442e-14,0.20000000298028744,True,True
136,11,0.014828737825155258,0.001,True,True,True,0.017521428358021507,True,0.20000000298023224,5.519293284784452e-14,0.20000000298028744,True,True
136,12,0.01605674996972084,0.001,True,True,True,0.012418740133735007,True,0.20000000298023224,5.5192932847848155e-14,0.20000000298028744,True,True
136,13,0.01152367889881134,0.001,True,True,True,0.008564938793465204,True,0.20000000298023224,5.519293284784573e-14,0.20000000298028744,True,True
136,14,0.007928580045700073,0.001,True,True,True,0.005304345809769684,True,0.20000000298023224,5.519293284784694e-14,0.20000000298028744,True,True
136,15,0.005151931196451187,0.001,True,True,True,0.0027735938061821397,True,0.20000000298023224,5.519293284784694e-14,0.20000000298028744,True,True
136,16,0.0031517967581748962,0.001,True,True,True,0.0009992779757792558,True,0.20000000299117784,5.519293284950009e-14,0.20000000299123305,True,True
136,17,0.0019295886158943176,0.001,True,True,True,4.300571246895757e-05,True,0.19674394179496257,5.480636040021511e-14,0.1967439417950174,True,True
136,18,0.0015271306037902832,0.001,True,True,True,2.375877272697835e-14,True,0.06341653416262716,5.491115064898102e-14,0.06341653416268207,True,True
136,19,0.0020093806087970734,0.001,True,True,True,0.0008084854408187958,True,0.19967309972020386,6.362673401106722e-14,0.19967309972026748,True,True
136,20,0.0025030001997947693,0.001,True,True,True,0.0014009531587357849,True,0.19999998012799874,6.791448347342758e-15,0.19999998012800554,True,True
137,1,0.004753537476062775,0.001,True,True,True,0.002319954914108968,True,0.20000000298023224,1.6695367495314199e-12,0.20000000298190176,True,True
137,2,0.0036958009004592896,0.001,True,True,True,0.00103796258946931,True,0.20000000298023224,1.669536749531424e-12,0.20000000298190176,True,True
137,3,0.0026340894401073456,0.001,True,True,True,0.00016647409098313748,True,0.20000000348955632,1.6695431186980639e-12,0.20000000349122588,True,True
137,4,0.0019551217555999756,0.001,True,True,True,5.833489247208945e-11,True,0.19882775158797428,1.6617285850780326e-12,0.198827751589636,True,True
137,5,0.0019821003079414368,0.001,True,True,True,0.0008167019518484642,True,0.19981903394320133,1.6669159737885306e-12,0.19981903394486825,True,True
137,6,0.003038812428712845,0.001,True,True,True,0.002602072294120017,True,0.20000000298145817,1.6695367496304772e-12,0.2000000029831277,True,True
137,7,0.004942052066326141,0.001,True,True,True,0.005095920727853587,True,0.20000000298023224,1.6695367495331025e-12,0.20000000298190176,True,True
137,8,0.007531601935625076,0.001,True,True,True,0.008250244215003644,True,0.20000000298023224,1.6695367495316566e-12,0.20000000298190176,True,True
137,9,0.010760482400655746,0.001,True,True,True,0.012056963684993316,True,0.20000000298023224,1.6695367495315713e-12,0.20000000298190176,True,True
137,10,0.014611341059207916,0.001,True,True,True,0.016557770206902633,True,0.20000000298023224,1.6695367495314098e-12,0.20000000298190176,True,True
137,11,0.018952418118715286,0.001,True,True,True,0.016915101040162472,True,0.20000000298023224,1.6695367495314199e-12,0.20000000298190176,True,True
137,12,0.01412547379732132,0.001,True,True,True,0.012345278711767604,True,0.20000000298023224,1.6695367495314235e-12,0.20000000298190176,True,True
137,13,0.010127365589141846,0.001,True,True,True,0.008487883815196495,True,0.20000000298023224,1.669536749531421e-12,0.20000000298190176,True,True
137,14,0.006889961659908295,0.001,True,True,True,0.005264732482504586,True,0.20000000298023224,1.6695367495314223e-12,0.20000000298190176,True,True
137,15,0.004393525421619415,0.001,True,True,True,0.002724495215420397,True,0.20000000298023224,1.6695367495314223e-12,0.20000000298190176,True,True
137,16,0.002658311277627945,0.001,True,True,True,0.0009399531580882581,True,0.20000000333277007,1.6695673034127269e-12,0.20000000333443965,True,True
137,17,0.001740340143442154,0.001,True,True,True,1.8451462580060252e-11,True,0.17402407760746996,1.6593909017282844e-12,0.17402407760912936,True,True
137,18,0.0017268657684326172,0.001,True,True,True,7.949624403313926e-05,True,0.17280374132168674,1.6640274603247116e-12,0.17280374132335077,True,True
137,19,0.0024925917387008667,0.001,True,True,True,0.0008911168580119089,True,0.19999983677045857,1.6709000541833473e-12,0.19999983677212949,True,True
137,20,0.003050193190574646,0.001,True,True,True,0.0014999724134745485,True,0.20000000346734526,2.438387619758176e-13,0.2000000034675891,True,True
138,1,0.0037368834018707275,0.001,True,True,True,0.0012195769820722013,True,0.20000000298023224,9.78659479534619e-13,0.2000000029812109,True,True
138,2,0.0026213154196739197,0.001,True,True,True,0.0002782432388064304,True,0.2000000048424377,9.786625317533283e-13,0.20000000484341637,True,True
138,3,0.0018669739365577698,0.001,True,True,True,4.3118619785786905e-11,True,0.19619960724889474,9.826262388214163e-13,0.19619960724987737,True,True
138,4,0.0017693527042865753,0.001,True,True,True,0.0006341449536255706,True,0.19687047937012103,9.75155424797127e-13,0.1968704793710962,True,True
138,5,0.0026309601962566376,0.001,True,True,True,0.0022094161075263408,True,0.19999999745591548,9.786626346405316e-13,0.19999999745689415,True,True
138,6,0.004316028207540512,0.001,True,True,True,0.0044873583882794055,True,0.20000000298023224,9.786594795344146e-13,0.2000000029812109,True,True
138,7,0.006693903356790543,0.001,True,True,True,0.007425243364774459,True,0.20000000298023224,9.786594795363016e-13,0.2000000029812109,True,True
138,8,0.00974133238196373,0.001,True,True,True,0.011012855501873364,True,0.20000000298023224,9.786594795348556e-13,0.2000000029812109,True,True
138,9,0.013469859957695007,0.001,True,True,True,0.01528182340241413,True,0.20000000298023224,9.786594795347704e-13,0.2000000029812109,True,True
138,10,0.017927996814250946,0.001,True,True,True,0.020305353629288536,True,0.20000000298023224,9.786594795346089e-13,0.2000000029812109,True,True
138,11,0.01818375289440155,0.001,True,True,True,0.012437265872802472,True,0.20000000298023224,9.78659479534619e-13,0.2000000029812109,True,True
138,12,0.013730160892009735,0.001,True,True,True,0.00866363950368032,True,0.20000000298023224,9.786594795346226e-13,0.2000000029812109,True,True
138,13,0.009910978376865387,0.001,True,True,True,0.005518601201338846,True,0.20000000298023224,9.786594795346202e-13,0.2000000029812109,True,True
138,14,0.0067261457443237305,0.001,True,True,True,0.003031789486313663,True,0.20000000298023224,9.786594795346214e-13,0.2000000029812109,True,True
138,15,0.004205353558063507,0.001,True,True,True,0.0012602636790055577,True,0.20000000298023224,9.786594795346214e-13,0.2000000029812109,True,True
138,16,0.002398308366537094,0.001,True,True,True,0.00027957293486702284,True,0.19999836080987804,9.801098718345869e-13,0.19999836081085814,True,True
138,17,0.0013635531067848206,0.001,True,True,True,0.00017173222980337854,True,3.360810296726413e-09,9.754682819354804e-13,3.3617857650083486e-09,True,True
138,18,0.0014319494366645813,0.001,True,True,True,0.001066936106221661,True,0.40377008013331306,9.757197633270135e-13,0.4037700801342888,True,True
138,19,0.002382814884185791,0.001,True,True,True,0.0023969611015028924,True,0.20000245956462756,9.801154136450153e-13,0.20000245956560767,True,True
138,20,0.0031161420047283173,0.001,True,True,True,0.0031944949884725737,True,0.2000000030685333,1.4581254770091987e-13,0.2000000030686791,True,True
139,1,0.002828352153301239,0.001,True,True,True,0.0003262947437600028,True,0.2000000015015479,2.8343596688459074e-17,0.20000000150154792,True,True
139,2,0.0020316913723945618,0.001,True,True,True,9.992007221626409e-16,True,0.19963563787761252,2.8434532013618267e-17,0.19963563787761254,True,True
139,3,0.0018451474606990814,0.001,True,True,True,0.0006082280645639537,True,0.19829499345661494,2.821771852590287e-17,0.19829499345661497,True,True
139,4,0.0025663375854492188,0.001,True,True,True,0.002168720703739635,True,0.20000000220219835,2.834416835023391e-17,0.20000000220219838,True,True
139,5,0.004104405641555786,0.001,True,True,True,0.004406594276868403,True,0.20000000298023224,2.834359625588562e-17,0.20000000298023227,True,True
139,6,0.006333760917186737,0.001,True,True,True,0.0072964611395899825,True,0.20000000298023224,2.834359625709731e-17,0.20000000298023227,True,True
139,7,0.009219422936439514,0.001,True,True,True,0.01086119784245293,True,0.20000000298023224,2.83435962579051e-17,0.20000000298023227,True,True
139,8,0.012759808450937271,0.001,True,True,True,0.015174521921668682,True,0.20000000298023224,2.8343596256289515e-17,0.20000000298023227,True,True
139,9,0.016989562660455704,0.001,True,True,True,0.020355687008554613,True,0.20000000298023224,2.8343596257501206e-17,0.20000000298023227,True,True
139,10,0.018516801297664642,0.001,True,True,True,0.01645790152425597,True,0.20000000298023224,2.834359625669341e-17,0.20000000298023227,True,True
139,11,0.014103200286626816,0.001,True,True,True,0.012211439387072032,True,0.20000000298023224,2.834359625709731e-17,0.20000000298023227,True,True
139,12,0.010328754782676697,0.001,True,True,True,0.008460423788770655,True,0.20000000298023224,2.834359625669341e-17,0.20000000298023227,True,True
139,13,0.007188674062490463,0.001,True,True,True,0.005273833977363029,True,0.20000000298023224,2.834359625588562e-17,0.20000000298023227,True,True
139,14,0.004712779074907303,0.001,True,True,True,0.0027362800070460658,True,0.20000000298023224,2.8343596256289515e-17,0.20000000298023227,True,True
139,15,0.0029579177498817444,0.001,True,True,True,0.0009344679901410746,True,0.20000000554619893,2.8343596428349545e-17,0.20000000554619896,True,True
139,16,0.0019983015954494476,0.001,True,True,True,2.220446049250313e-16,True,0.1986495275344209,2.82096738042815e-17,0.19864952753442092,True,True
139,17,0.001909501850605011,0.001,True,True,True,5.551115123125783e-15,True,0.19561697080769225,2.823401956057305e-17,0.19561697080769228,True,True
139,18,0.0028238222002983093,0.001,True,True,True,0.0009398027524947228,True,0.1999999989649138,2.834360827868117e-17,0.19999999896491383,True,True
139,19,0.004182681441307068,0.001,True,True,True,0.002300663142970283,True,0.20000000298023224,2.834359625709731e-17,0.20000000298023227,True,True
139,20,-0.0008188262581825256,0.001,False,True,False,0.00025255131529089425,True,,,,,
140,1,0.0022203847765922546,0.001,True,True,True,0.00049987585123068,True,0.19999138737103653,1.3751516272301124e-14,0.19999138737105027,True,True
140,2,0.002022039145231247,0.001,True,True,True,0.0010438911932847406,True,0.1999850151168326,1.3691855049307937e-14,0.19998501511684627,True,True
140,3,0.0026870928704738617,0.001,True,True,True,0.0024047533941595756,True,0.20000000276451585,1.374151504456424e-14,0.2000000027645296,True,True
140,4,0.0041148848831653595,0.001,True,True,True,0.0044411872664432694,True,0.20000000298023224,1.3741488553410825e-14,0.20000000298024598,True,True
140,5,0.006205447018146515,0.001,True,True,True,0.007141578114788383,True,0.20000000298023224,1.3741488553428193e-14,0.20000000298024598,True,True
140,6,0.008964192122220993,0.001,True,True,True,0.010532635605385976,True,0.20000000298023224,1.3741488553429404e-14,0.20000000298024598,True,True
140,7,0.012435711920261383,0.001,True,True,True,0.014682383043449154,True,0.20000000298023224,1.3741488553430212e-14,0.20000000298024598,True,True
140,8,0.016702748835086823,0.001,True,True,True,0.019697656343771963,True,0.20000000298023224,1.3741488553428596e-14,0.20000000298024598,True,True
140,9,0.021914606913924217,0.001,True,True,True,0.02538862138183451,True,0.20000000298023224,1.3741488553429808e-14,0.20000000298024598,True,True
140,10,0.018028639256954193,0.001,True,True,True,0.011572323567761167,True,0.20000000298023224,1.3741488553429e-14,0.20000000298024598,True,True
140,11,0.013856031000614166,0.001,True,True,True,0.007985840149473677,True,0.20000000298023224,1.3741488553429404e-14,0.20000000298024598,True,True
140,12,0.010189618915319443,0.001,True,True,True,0.004965804491193104,True,0.20000000298023224,1.3741488553429e-14,0.20000000298024598,True,True
140,13,0.007076773792505264,0.001,True,True,True,0.0025785613140603125,True,0.20000000298023224,1.3741488553428193e-14,0.20000000298024598,True,True
140,14,0.004577204585075378,0.001,True,True,True,0.000894895594380829,True,0.20000000298023224,1.3741488553428596e-14,0.20000000298024598,True,True
140,15,0.0027501843869686127,0.001,True,True,True,1.630917623174355e-11,True,0.19999999830479276,1.3741532953554011e-14,0.1999999983048065,True,True
140,16,0.001688934862613678,0.001,True,True,True,9.592326932761353e-14,True,0.15872863345146015,1.3598150676337286e-14,0.15872863345147376,True,True
140,17,0.0016645118594169617,0.001,True,True,True,0.0008802912238696781,True,0.20813508571333728,1.3632374157289527e-14,0.2081350857133509,True,True
140,18,0.002731412649154663,0.001,True,True,True,0.0025980872027564494,True,0.20000000131712867,1.3741620483736864e-14,0.2000000013171424,True,True
140,19,0.004187535494565964,0.001,True,True,True,0.004484498654831581,True,0.20000000298023224,1.3741488553429404e-14,0.20000000298024598,True,True
140,20,0.002151411259546876,0.001,True,True,True,1.660944715098367e-10,True,0.19990176000276685,3.3482581959392446e-15,0.1999017600027702,True,True
141,1,0.002492610365152359,0.001,True,True,True,0.0016933981004897403,True,0.20000000405423127,1.6666032692095694e-16,0.20000000405423143,True,True
141,2,0.0030621178448200226,0.001,True,True,True,0.0030684930614581774,True,0.20000000298048237,1.6670515117926737e-16,0.20000000298048254,True,True
141,3,0.004382669925689697,0.001,True,True,True,0.005103149696911502,True,0.20000000298023224,1.6670515118729481e-16,0.2000000029802324,True,True
141,4,0.0063834115862846375,0.001,True,True,True,0.007801599369854251,True,0.20000000298023224,1.6670515118729481e-16,0.2000000029802324,True,True
141,5,0.009054794907569885,0.001,True,True,True,0.011211213765642547,True,0.20000000298023224,1.6670515118724433e-16,0.2000000029802324,True,True
141,6,0.012426815927028656,0.001,True,True,True,0.015423170693085964,True,0.20000000298023224,1.6670515118726957e-16,0.2000000029802324,True,True
141,7,0.01656683161854744,0.001,True,True,True,0.020567922650839843,True,0.20000000298023224,1.6670515118729481e-16,0.2000000029802324,True,True
141,8,0.0215978492051363,0.001,True,True,True,0.026586126525661835,True,0.20000000298023224,1.6670515118726957e-16,0.2000000029802324,True,True
141,9,0.017567336559295654,0.001,True,True,True,0.014313136662428838,True,0.20000000298023224,1.6670515118729481e-16,0.2000000029802324,True,True
141,10,0.013495370745658875,0.001,True,True,True,0.010355060383084869,True,0.20000000298023224,1.6670515118729481e-16,0.2000000029802324,True,True
141,11,0.009944979101419449,0.001,True,True,True,0.006902873883529281,True,0.20000000298023224,1.6670515118726957e-16,0.2000000029802324,True,True
141,12,0.006962306797504425,0.001,True,True,True,0.004032698917560307,True,0.20000000298023224,1.6670515118729481e-16,0.2000000029802324,True,True
141,13,0.004609975963830948,0.001,True,True,True,0.0018172070082136393,True,0.20000000298023224,1.6670515118724433e-16,0.2000000029802324,True,True
141,14,0.002952706068754196,0.001,True,True,True,0.0005028311583892275,True,0.20000000582194818,1.667051486978265e-16,0.20000000582194835,True,True
141,15,0.0020513907074928284,0.001,True,True,True,3.1086244689504383e-15,True,0.19935618420140977,1.6648425979879582e-16,0.19935618420140994,True,True
141,16,0.0019813328981399536,0.001,True,True,True,0.0002697060582366184,True,0.1986604604613733,1.6860973777442956e-16,0.19866046046137348,True,True
141,17,0.0028786733746528625,0.001,True,True,True,0.0015311646766367204,True,0.20000000741407595,1.6670510806828395e-16,0.20000000741407611,True,True
141,18,0.00467279925942421,0.001,True,True,True,0.0035191725701007037,True,0.20000000298023224,1.6670515118729481e-16,0.2000000029802324,True,True
141,19,0.006612546741962433,0.001,True,True,True,0.005518368315525102,True,0.20000000298023224,1.6670515118726957e-16,0.2000000029802324,True,True
141,20,0.0014428248396143317,0.001,True,True,True,0.004020092341767922,True,1.4913674041624745,1.0750815147946246e-16,1.4913674041624745,True,True
142,1,0.003602854907512665,0.001,True,True,True,0.0034838322126383714,True,0.20000000298023224,7.505154121538322e-14,0.2000000029803073,True,True
142,2,0.004894573241472244,0.001,True,True,True,0.005464073747244114,True,0.20000000298023224,7.505154121537037e-14,0.2000000029803073,True,True
142,3,0.006853330880403519,0.001,True,True,True,0.008114739515568237,True,0.20000000298023224,7.505154121535255e-14,0.2000000029803073,True,True
142,4,0.009495683014392853,0.001,True,True,True,0.011482597533457373,True,0.20000000298023224,7.505154121535255e-14,0.2000000029803073,True,True
142,5,0.012876186519861221,0.001,True,True,True,0.015655087677223123,True,0.20000000298023224,7.50515412153525e-14,0.2000000029803073,True,True
142,6,0.017087839543819427,0.001,True,True,True,0.02075718161636142,True,0.20000000298023224,7.505154121535253e-14,0.2000000029803073,True,True
142,7,0.022360552102327347,0.001,True,True,True,0.02688307699257242,True,0.20000000298023224,7.505154121535255e-14,0.2000000029803073,True,True
142,8,0.020452164113521576,0.001,True,True,True,0.014820183755882232,True,0.20000000298023224,7.505154121535253e-14,0.2000000029803073,True,True
142,9,0.01612795516848564,0.001,True,True,True,0.010874554224657107,True,0.20000000298023224,7.505154121535255e-14,0.2000000029803073,True,True
142,10,0.012251652777194977,0.001,True,True,True,0.007412683015635579,True,0.20000000298023224,7.505154121535255e-14,0.2000000029803073,True,True
142,11,0.008873630315065384,0.001,True,True,True,0.004495664740738814,True,0.20000000298023224,7.505154121535253e-14,0.2000000029803073,True,True
142,12,0.0060536786913871765,0.001,True,True,True,0.0021797842217528007,True,0.20000000298023224,7.505154121535255e-14,0.2000000029803073,True,True
142,13,0.003845416009426117,0.001,True,True,True,0.0007208655541466324,True,0.20000000298023224,7.50515412153525e-14,0.2000000029803073,True,True
142,14,0.0024361833930015564,0.001,True,True,True,4.6629367034256575e-15,True,0.199999147754408,7.569056465937561e-14,0.19999914775448369,True,True
142,15,0.0017579197883605957,0.001,True,True,True,4.0620512153921595e-07,True,0.17836330565566527,7.479261577876421e-14,0.17836330565574007,True,True
142,16,0.002072766423225403,0.001,True,True,True,0.0009260186567763284,True,0.1998993230090097,7.705827826901838e-14,0.19989932300908675,True,True
142,17,0.003586750477552414,0.001,True,True,True,0.002981701377933632,True,0.20000000298023227,7.505154121540203e-14,0.20000000298030732,True,True
142,18,0.005687352269887924,0.001,True,True,True,0.005520066319839589,True,0.20000000298023224,7.505154121535255e-14,0.2000000029803073,True,True
142,19,0.007743511348962784,0.001,True,True,True,0.007792850870456558,True,0.20000000298023224,7.505154121535253e-14,0.2000000029803073,True,True
142,20,0.005476153921335936,0.001,True,True,True,0.007036904859310189,True,0.20000000298023224,2.123908339005163e-14,0.20000000298025347,True,True
143,1,0.005362913012504578,0.001,True,True,True,0.0059318644313044455,True,0.20000000298023224,1.059330254538711e-15,0.2000000029802333,True,True
143,2,0.007320519536733627,0.001,True,True,True,0.008609239692598969,True,0.20000000298023224,1.059330254525862e-15,0.2000000029802333,True,True
143,3,0.00995628535747528,0.001,True,True,True,0.01200381815536361,True,0.20000000298023224,1.05933025450804e-15,0.2000000029802333,True,True
143,4,0.01331968605518341,0.001,True,True,True,0.01619644858689462,True,0.20000000298023224,1.05933025450804e-15,0.2000000029802333,True,True
143,5,0.0174977108836174,0.001,True,True,True,0.021305904663487918,True,0.20000000298023224,1.0593302545079896e-15,0.2000000029802333,True,True
143,6,0.022713998332619667,0.001,True,True,True,0.027453575375096184,True,0.20000000298023224,1.0593302545080148e-15,0.2000000029802333,True,True
143,7,0.02107105404138565,0.001,True,True,True,0.014928445050737649,True,0.20000000298023224,1.05933025450804e-15,0.2000000029802333,True,True
143,8,0.016735896468162537,0.001,True,True,True,0.010953582499262815,True,0.20000000298023224,1.0593302545080148e-15,0.2000000029802333,True,True
143,9,0.012834746390581131,0.001,True,True,True,0.007465827402656666,True,0.20000000298023224,1.05933025450804e-15,0.2000000029802333,True,True
143,10,0.00941169261932373,0.001,True,True,True,0.004526905481544219,True,0.20000000298023224,1.05933025450804e-15,0.2000000029802333,True,True
143,11,0.006518706679344177,0.001,True,True,True,0.0021952945971293047,True,0.20000000298023224,1.0593302545080148e-15,0.2000000029802333,True,True
143,12,0.004198800772428513,0.001,True,True,True,0.0007163793219966408,True,0.20000000298023224,1.05933025450804e-15,0.2000000029802333,True,True
143,13,0.0026320815086364746,0.001,True,True,True,1.354472090042691e-14,True,0.19999999857621475,1.0594757808067463e-15,0.1999999985762158,True,True
143,14,0.0017551705241203308,0.001,True,True,True,1.5210055437364645e-13,True,0.17846958399860569,1.0594960584207287e-15,0.17846958399860674,True,True
143,15,0.0018001347780227661,0.001,True,True,True,0.0008615103437772387,True,0.1996404896672388,1.0618156016171132e-15,0.19964048966723985,True,True
143,16,0.0029664188623428345,0.001,True,True,True,0.002838937433222277,True,0.200000008620216,1.0593303258866991e-15,0.20000000862021705,True,True
143,17,0.005125969648361206,0.001,True,True,True,0.005668570088869895,True,0.20000000298023224,1.0593302545058186e-15,0.2000000029802333,True,True
143,18,0.00769733265042305,0.001,True,True,True,0.008648953198098663,True,0.20000000298023224,1.05933025450804e-15,0.2000000029802333,True,True
143,19,0.009976096451282501,0.001,True,True,True,0.011068913004613545,True,0.20000000298023224,1.0593302545080148e-15,0.2000000029802333,True,True
143,20,0.008297009393572807,0.001,True,True,True,0.01099484527290051,True,0.20000000298023224,3.621775119098689e-16,0.2000000029802326,True,True
144,1,0.007803887128829956,0.001,True,True,True,0.0091143234025029,True,0.20000000298023224,3.845618322353815e-11,0.20000000301868842,True,True
144,2,0.010482050478458405,0.001,True,True,True,0.012535244539415513,True,0.20000000298023224,3.845618322353814e-11,0.20000000301868842,True,True
144,3,0.013885024935007095,0.001,True,True,True,0.016735769759495867,True,0.20000000298023224,3.845618322353812e-11,0.20000000301868842,True,True
144,4,0.018094025552272797,0.001,True,True,True,0.0218294075975487,True,0.20000000298023224,3.845618322353812e-11,0.20000000301868842,True,True
144,5,0.023310991004109383,0.001,True,True,True,0.0278992288150699,True,0.20000000298023224,3.845618322353812e-11,0.20000000301868842,True,True
144,6,0.0212862566113472,0.001,True,True,True,0.015001584800865997,True,0.20000000298023224,3.845618322353812e-11,0.20000000301868842,True,True
144,7,0.01692957803606987,0.001,True,True,True,0.011009745914874136,True,0.20000000298023224,3.845618322353812e-11,0.20000000301868842,True,True
144,8,0.013012900948524475,0.001,True,True,True,0.007510771843866504,True,0.20000000298023224,3.845618322353812e-11,0.20000000301868842,True,True
144,9,0.009580682963132858,0.001,True,True,True,0.004564031300270832,True,0.20000000298023224,3.845618322353812e-11,0.20000000301868842,True,True
144,10,0.006688173860311508,0.001,True,True,True,0.002228758119106944,True,0.20000000298023224,3.845618322353812e-11,0.20000000301868842,True,True
144,11,0.004385378211736679,0.001,True,True,True,0.0007213313555947121,True,0.20000000298023224,3.845618322353812e-11,0.20000000301868842,True,True
144,12,0.002844102680683136,0.001,True,True,True,1.5322050295196732e-09,True,0.20000000288249864,3.845619034719605e-11,0.20000000292095482,True,True
144,13,0.0020274557173252106,0.001,True,True,True,9.310547888219389e-10,True,0.19917915257028507,3.824603499838359e-11,0.1991791526085311,True,True
144,14,0.0020915642380714417,0.001,True,True,True,0.0008332962718531345,True,0.19990010293230265,3.946168389218636e-11,0.19990010297176433,True,True
144,15,0.0031715892255306244,0.001,True,True,True,0.0027307593733065794,True,0.20000000299158993,3.845618322528371e-11,0.20000000303004611,True,True
144,16,0.005323018878698349,0.001,True,True,True,0.005669540571676457,True,0.20000000298023224,3.8456183223538364e-11,0.20000000301868842,True,True
144,17,0.008112110197544098,0.001,True,True,True,0.009014427474567377,True,0.20000000298023224,3.845618322353977e-11,0.20000000301868842,True,True
144,18,0.011009164154529572,0.001,True,True,True,0.01219556833533364,True,0.20000000298023224,3.845618322353812e-11,0.20000000301868842,True,True
144,19,0.013358347117900848,0.001,True,True,True,0.014600423127985707,True,0.20000000298023224,3.845618322353812e-11,0.20000000301868842,True,True
144,20,0.012219111435115337,0.001,True,True,True,0.01350386808178805,True,0.20000000298023224,7.62496024440306e-12,0.2000000029878572,True,True
145,1,0.010972131043672562,0.001,True,True,True,0.013051939207227525,True,0.20000000298023224,2.3663591673797957e-12,0.2000000029825986,True,True
145,2,0.014395471662282944,0.001,True,True,True,0.01731333951251235,True,0.20000000298023224,2.3663591673797827e-12,0.2000000029825986,True,True
145,3,0.018608808517456055,0.001,True,True,True,0.022435905829136238,True,0.20000000298023224,2.3663591673797634e-12,0.2000000029825986,True,True
145,4,0.023785365745425224,0.001,True,True,True,0.02849065768034509,True,0.20000000298023224,2.3663591673797634e-12,0.2000000029825986,True,True
145,5,0.02135707437992096,0.001,True,True,True,0.015064071355113784,True,0.20000000298023224,2.3663591673797634e-12,0.2000000029825986,True,True
145,6,0.016970966011285782,0.001,True,True,True,0.011057077767082202,True,0.20000000298023224,2.3663591673797634e-12,0.2000000029825986,True,True
145,7,0.013034638017416,0.001,True,True,True,0.007552950667671698,True,0.20000000298023224,2.3663591673797634e-12,0.2000000029825986,True,True
145,8,0.009588845074176788,0.001,True,True,True,0.004607088377746926,True,0.20000000298023224,2.3663591673797634e-12,0.2000000029825986,True,True
145,9,0.006687220185995102,0.001,True,True,True,0.0022778693894229818,True,0.20000000298023224,2.3663591673797634e-12,0.2000000029825986,True,True
145,10,0.004381194710731506,0.001,True,True,True,0.0007337563668401437,True,0.20000000298023224,2.3663591673797634e-12,0.2000000029825986,True,True
145,11,0.0028248056769371033,0.001,True,True,True,9.617728835564776e-11,True,0.2000000047220019,2.366359580596184e-12,0.20000000472436827,True,True
145,12,0.0020108819007873535,0.001,True,True,True,8.182832189618239e-11,True,0.19902605343301527,2.3597772185009343e-12,0.19902605343537505,True,True
145,13,0.0020446255803108215,0.001,True,True,True,0.0008295341253150568,True,0.19983266136772637,2.377422590481905e-12,0.1998326613701038,True,True
145,14,0.0030810609459877014,0.001,True,True,True,0.0027031743820062903,True,0.20000000311189384,2.366359168246345e-12,0.2000000031142602,True,True
145,15,0.0051897019147872925,0.001,True,True,True,0.0056320852669449195,True,0.20000000298023224,2.3663591673800025e-12,0.2000000029825986,True,True
145,16,0.00807783380150795,0.001,True,True,True,0.009125723571310917,True,0.20000000298023224,2.366359167380009e-12,0.2000000029825986,True,True
145,17,0.011275254189968109,0.001,True,True,True,0.01268255749538616,True,0.20000000298023224,2.3663591673797634e-12,0.2000000029825986,True,True
145,18,0.014302127063274384,0.001,True,True,True,0.0158272311804164,True,0.20000000298023224,2.3663591673797634e-12,0.2000000029825986,True,True
145,19,0.017410025000572205,0.001,True,True,True,0.01769065349620713,True,0.20000000298023224,2.3663591673797634e-12,0.2000000029825986,True,True
145,20,0.014600028283894062,0.001,True,True,True,0.01570463223490015,True,0.20000000298023224,3.867223471588506e-13,0.20000000298061896,True,True
146,1,0.014926154166460037,0.001,True,True,True,0.01789320291821539,True,0.20000000298023224,4.778354973230131e-16,0.2000000029802327,True,True
146,2,0.019207261502742767,0.001,True,True,True,0.023118299222275263,True,0.20000000298023224,4.778354973230131e-16,0.2000000029802327,True,True
146,3,0.02439652383327484,0.001,True,True,True,0.02919969802784339,True,0.20000000298023224,4.778354973165507e-16,0.2000000029802327,True,True
146,4,0.021471917629241943,0.001,True,True,True,0.015104515801844243,True,0.20000000298023224,4.778354973165507e-16,0.2000000029802327,True,True
146,5,0.017050407826900482,0.001,True,True,True,0.011078607491086911,True,0.20000000298023224,4.778354973165507e-16,0.2000000029802327,True,True
146,6,0.013093128800392151,0.001,True,True,True,0.007575826394635943,True,0.20000000298023224,4.778354973165507e-16,0.2000000029802327,True,True
146,7,0.009635373950004578,0.001,True,True,True,0.004643527339894593,True,0.20000000298023224,4.778354973165507e-16,0.2000000029802327,True,True
146,8,0.006727591156959534,0.001,True,True,True,0.0023359652281840226,True,0.20000000298023224,4.778354973165507e-16,0.2000000029802327,True,True
146,9,0.00442153587937355,0.001,True,True,True,0.0007483978112718948,True,0.20000000298023224,4.778354973165507e-16,0.2000000029802327,True,True
146,10,0.00284016877412796,0.001,True,True,True,2.731148640577885e-14,True,0.20000000651802954,4.778355847909005e-16,0.20000000651803002,True,True
146,11,0.0020171627402305603,0.001,True,True,True,1.021405182655144e-14,True,0.1991571005346764,4.754516056106943e-16,0.19915710053467686,True,True
146,12,0.002036772668361664,0.001,True,True,True,0.0008316727804551505,True,0.19982907276235573,4.807847822610038e-16,0.1998290727623562,True,True
146,13,0.0030629783868789673,0.001,True,True,True,0.002695737846114321,True,0.2000000031550092,4.778354977559904e-16,0.20000000315500968,True,True
146,14,0.005167387425899506,0.001,True,True,True,0.0055911825538461635,True,0.20000000298023224,4.778354973100884e-16,0.2000000029802327,True,True
146,15,0.00809275358915329,0.001,True,True,True,0.00911244808641154,True,0.20000000298023224,4.778354973230131e-16,0.2000000029802327,True,True
146,16,0.0114271380007267,0.001,True,True,True,0.012819399665300324,True,0.20000000298023224,4.778354973165507e-16,0.2000000029802327,True,True
146,17,0.014792822301387787,0.001,True,True,True,0.01632323980251371,True,0.20000000298023224,4.778354973165507e-16,0.2000000029802327,True,True
146,18,0.01842927560210228,0.001,True,True,True,0.02231621651096405,True,0.20000000298023224,4.778354973165507e-16,0.2000000029802327,True,True
146,19,0.01875441148877144,0.001,True,True,True,0.01842403526039571,True,0.20000000298023224,4.778354973165507e-16,0.2000000029802327,True,True
146,20,0.01676180772483349,0.001,True,True,True,0.0169642298998971,True,0.20000000298023224,1.037979343750575e-16,0.20000000298023235,True,True
147,1,0.019798018038272858,0.001,True,True,True,0.023760050050648185,True,0.20000000298023224,6.620127605816897e-11,0.2000000030464335,True,True
147,2,0.02508140169084072,0.001,True,True,True,0.029894023867861885,True,0.20000000298023224,6.620127605816897e-11,0.2000000030464335,True,True
147,3,0.021581538021564484,0.001,True,True,True,0.015276889843378716,True,0.20000000298023224,6.620127605816896e-11,0.2000000030464335,True,True
147,4,0.017108500003814697,0.001,True,True,True,0.011194159485767852,True,0.20000000298023224,6.620127605816896e-11,0.2000000030464335,True,True
147,5,0.013127606362104416,0.001,True,True,True,0.007659126015815199,True,0.20000000298023224,6.620127605816896e-11,0.2000000030464335,True,True
147,6,0.009664520621299744,0.001,True,True,True,0.00471065797391601,True,0.20000000298023224,6.620127605816896e-11,0.2000000030464335,True,True
147,7,0.006762802600860596,0.001,True,True,True,0.002398479644181828,True,0.20000000298023224,6.620127605816896e-11,0.2000000030464335,True,True
147,8,0.004472106695175171,0.001,True,True,True,0.0007693236190216002,True,0.20000000298023224,6.620127605816896e-11,0.2000000030464335,True,True
147,9,0.0028665177524089813,0.001,True,True,True,2.364288098632983e-09,True,0.20000000134888618,6.62012810102776e-11,0.20000000141508747,True,True
147,10,0.002035878598690033,0.001,True,True,True,1.8702410731208374e-09,True,0.19939019923250623,6.574093373464025e-11,0.19939019929824717,True,True
147,11,0.002048008143901825,0.001,True,True,True,0.0008364103482221275,True,0.19986149460607583,6.673653047999282e-11,0.19986149467281236,True,True
147,12,0.003063708543777466,0.001,True,True,True,0.0026965345996401435,True,0.20000000311411473,6.620127610339979e-11,0.200000003180316,True,True
147,13,0.0051573701202869415,0.001,True,True,True,0.005559820150583761,True,0.20000000298023224,6.620127605816857e-11,0.2000000030464335,True,True
147,14,0.008045818656682968,0.001,True,True,True,0.00905342599490444,True,0.20000000298023224,6.620127605816894e-11,0.2000000030464335,True,True
147,15,0.011392440646886826,0.001,True,True,True,0.012799939141482142,True,0.20000000298023224,6.620127605816897e-11,0.2000000030464335,True,True
147,16,0.01488044485449791,0.001,True,True,True,0.016465353543853034,True,0.20000000298023224,6.620127605816896e-11,0.2000000030464335,True,True
147,17,0.018580550327897072,0.001,True,True,True,0.022513185971240857,True,0.20000000298023224,6.620127605816896e-11,0.2000000030464335,True,True
147,18,0.020326092839241028,0.001,True,True,True,0.019443209577592935,True,0.20000000298023224,6.620127605816896e-11,0.2000000030464335,True,True
147,19,0.019452501088380814,0.001,True,True,True,0.018834634308622755,True,0.20000000298023224,6.620127605816896e-11,0.2000000030464335,True,True
147,20,0.01798924431204796,0.001,True,True,True,0.017760812303222462,True,0.20000000298023224,1.4887377661110383e-11,0.2000000029951196,True,True
148,1,0.025692716240882874,0.001,True,True,True,0.03061014256808925,True,0.20000000298023224,7.074273778030974e-14,0.200000002980303,True,True
148,2,0.021814122796058655,0.001,True,True,True,0.015495586562594199,True,0.20000000298023224,7.074273778030974e-14,0.200000002980303,True,True
148,3,0.017241790890693665,0.001,True,True,True,0.011317678482231752,True,0.20000000298023224,7.074273778030974e-14,0.200000002980303,True,True
148,4,0.013200312852859497,0.001,True,True,True,0.007727247110465463,True,0.20000000298023224,7.074273778030974e-14,0.200000002980303,True,True
148,5,0.009703576564788818,0.001,True,True,True,0.004748932401596129,True,0.20000000298023224,7.074273778030974e-14,0.200000002980303,True,True
148,6,0.006786812096834183,0.001,True,True,True,0.0024231020175549123,True,0.20000000298023224,7.074273778030974e-14,0.200000002980303,True,True
148,7,0.004496391862630844,0.001,True,True,True,0.0007934813701095944,True,0.20000000298023224,7.074273778030974e-14,0.200000002980303,True,True
148,8,0.0028744153678417206,0.001,True,True,True,5.721867424313132e-12,True,0.19999999677980473,7.074274023715249e-14,0.19999999677987548,True,True
148,9,0.002039901912212372,0.001,True,True,True,2.9536373347127665e-12,True,0.19945804300407266,7.02822054103372e-14,0.19945804300414294,True,True
148,10,0.0020479820668697357,0.001,True,True,True,0.0008367813321787931,True,0.19987007608071883,7.104111126121373e-14,0.19987007608078988,True,True
148,11,0.0030512437224388123,0.001,True,True,True,0.002684423368101374,True,0.20000000313192515,7.074273781921308e-14,0.2000000031319959,True,True
148,12,0.005133535712957382,0.001,True,True,True,0.0055005634942904,True,0.20000000298023224,7.074273778032267e-14,0.200000002980303,True,True
148,13,0.007974091917276382,0.001,True,True,True,0.008932880835536672,True,0.20000000298023224,7.074273778030974e-14,0.200000002980303,True,True
148,14,0.01130041852593422,0.001,True,True,True,0.012655264792984067,True,0.20000000298023224,7.074273778030974e-14,0.200000002980303,True,True
148,15,0.014832936227321625,0.001,True,True,True,0.016368998598276896,True,0.20000000298023224,7.074273778030974e-14,0.200000002980303,True,True
148,16,0.01853831484913826,0.001,True,True,True,0.022435317476785954,True,0.20000000298023224,7.074273778030974e-14,0.200000002980303,True,True
148,17,0.020753927528858185,0.001,True,True,True,0.019847641521375525,True,0.20000000298023224,7.074273778030974e-14,0.200000002980303,True,True
148,18,0.020464254543185234,0.001,True,True,True,0.019692522157002124,True,0.20000000298023224,7.074273778030974e-14,0.200000002980303,True,True
148,19,0.019849548116326332,0.001,True,True,True,0.01927352240533886,True,0.20000000298023224,7.074273778030974e-14,0.200000002980303,True,True
148,20,0.018773900344967842,0.001,True,True,True,0.01849481491172833,True,0.20000000298023224,1.321435209241575e-14,0.20000000298024545,True,True
149,1,0.02220713347196579,0.001,True,True,True,0.015868776917813632,True,0.20000000298023224,1.036720881420471e-12,0.20000000298126897,True,True
149,2,0.017495103180408478,0.001,True,True,True,0.011525677349765617,True,0.20000000298023224,1.036720881420471e-12,0.20000000298126897,True,True
149,3,0.013364352285861969,0.001,True,True,True,0.007838073122444777,True,0.20000000298023224,1.036720881420471e-12,0.20000000298126897,True,True
149,4,0.009813737124204636,0.001,True,True,True,0.0048084360751246,True,0.20000000298023224,1.036720881420471e-12,0.20000000298126897,True,True
149,5,0.006866328418254852,0.001,True,True,True,0.002460805817814382,True,0.20000000298023224,1.036720881420471e-12,0.20000000298126897,True,True
149,6,0.004560884088277817,0.001,True,True,True,0.0008299528372204268,True,0.20000000298023224,1.036720881420471e-12,0.20000000298126897,True,True
149,7,0.0029387883841991425,0.001,True,True,True,2.2528023890799886e-10,True,0.20000000409412946,1.0367208892257473e-12,0.2000000040951662,True,True
149,8,0.0020914264023303986,0.001,True,True,True,2.470890159145256e-11,True,0.19976557532570466,1.0355236551950268e-12,0.1997655753267402,True,True
149,9,0.002083171159029007,0.001,True,True,True,0.0008350750577810206,True,0.19992086788900343,1.0407086864834059e-12,0.19992086789004412,True,True
149,10,0.003065444529056549,0.001,True,True,True,0.0026560716861927514,True,0.2000000030580614,1.0367208819026786e-12,0.20000000305909812,True,True
149,11,0.0051286667585372925,0.001,True,True,True,0.0054267809094512565,True,0.20000000298023224,1.036720881420497e-12,0.20000000298126897,True,True
149,12,0.00790407508611679,0.001,True,True,True,0.008789094970881095,True,0.20000000298023224,1.036720881420484e-12,0.20000000298126897,True,True
149,13,0.0111759714782238,0.001,True,True,True,0.012460091639485249,True,0.20000000298023224,1.036720881420471e-12,0.20000000298126897,True,True
149,14,0.014690123498439789,0.001,True,True,True,0.016165576103609247,True,0.20000000298023224,1.036720881420471e-12,0.20000000298126897,True,True
149,15,0.018322505056858063,0.001,True,True,True,0.02174261913764397,True,0.20000000298023224,1.036720881420471e-12,0.20000000298126897,True,True
149,16,0.020868364721536636,0.001,True,True,True,0.02017374847162423,True,0.20000000298023224,1.036720881420471e-12,0.20000000298126897,True,True
149,17,0.020867332816123962,0.001,True,True,True,0.020279933394171223,True,0.20000000298023224,1.036720881420471e-12,0.20000000298126897,True,True
149,18,0.020704632624983788,0.001,True,True,True,0.020244428642540724,True,0.20000000298023224,1.036720881420471e-12,0.20000000298126897,True,True
149,19,0.020281927660107613,0.001,True,True,True,0.02000009725043328,True,0.20000000298023224,1.036720881420471e-12,0.20000000298126897,True,True
149,20,0.01950220577418804,0.001,True,True,True,0.01947654140594879,True,0.20000000298023224,1.9282026192873216e-13,0.20000000298042506,True,True
150,1,0.017886564135551453,0.001,True,True,True,0.011902685342058739,True,0.20000000298023224,2.6528196754411444e-13,0.20000000298049753,True,True
150,2,0.013603247702121735,0.001,True,True,True,0.008031431962578495,True,0.20000000298023224,2.6528196754411444e-13,0.20000000298049753,True,True
150,3,0.009962774813175201,0.001,True,True,True,0.0049005293304724695,True,0.20000000298023224,2.6528196754411444e-13,0.20000000298049753,True,True
150,4,0.0069679319858551025,0.001,True,True,True,0.002505903809034926,True,0.20000000298023224,2.6528196754411444e-13,0.20000000298049753,True,True
150,5,0.0046429820358753204,0.001,True,True,True,0.00086366560679485,True,0.20000000298023224,2.6528196754411444e-13,0.20000000298049753,True,True
150,6,0.003022991120815277,0.001,True,True,True,1.3608092430672514e-09,True,0.2000000030523689,2.6528196778505664e-13,0.20000000305263418,True,True
150,7,0.0021684132516384125,0.001,True,True,True,5.071942865697565e-12,True,0.1999368460227868,2.6586399107863064e-13,0.19993684602305267,True,True
150,8,0.0021462738513946533,0.001,True,True,True,0.0008355202787506677,True,0.19996893082189687,2.730269085817811e-13,0.1999689308221699,True,True
150,9,0.0031076446175575256,0.001,True,True,True,0.002630675429265761,True,0.2000000029971463,2.652819675940167e-13,0.20000000299741158,True,True
150,10,0.0051230378448963165,0.001,True,True,True,0.005334853607404266,True,0.20000000298023224,2.652819675441532e-13,0.20000000298049753,True,True
150,11,0.007832847535610199,0.001,True,True,True,0.008619492041623822,True,0.20000000298023224,2.652819675440886e-13,0.20000000298049753,True,True
150,12,0.011039823293685913,0.001,True,True,True,0.012219773285470747,True,0.20000000298023224,2.6528196754412736e-13,0.20000000298049753,True,True
150,13,0.014509260654449463,0.001,True,True,True,0.015880354521625062,True,0.20000000298023224,2.6528196754411444e-13,0.20000000298049753,True,True
150,14,0.018060538917779922,0.001,True,True,True,0.020655081425056565,True,0.20000000298023224,2.6528196754411444e-13,0.20000000298049753,True,True
150,15,0.021033598110079765,0.001,True,True,True,0.020749873187356993,True,0.20000000298023224,2.6528196754411444e-13,0.20000000298049753,True,True
150,16,0.02119511365890503,0.001,True,True,True,0.021031476898743406,True,0.20000000298023224,2.6528196754411444e-13,0.20000000298049753,True,True
150,17,0.021292347460985184,0.001,True,True,True,0.021244965146508532,True,0.20000000298023224,2.6528196754411444e-13,0.20000000298049753,True,True
150,18,0.021252445876598358,0.001,True,True,True,0.02134281150621753,True,0.20000000298023224,2.6528196754411444e-13,0.20000000298049753,True,True
150,19,0.021005991846323013,0.001,True,True,True,0.02127579141329705,True,0.20000000298023224,2.6528196754411444e-13,0.20000000298049753,True,True
150,20,0.02048182114958763,0.001,True,True,True,0.02099042963981801,True,0.20000000298023224,7.384309179280907e-14,0.20000000298030607,True,True
151,1,0.014001738280057907,0.001,True,True,True,0.008891431026910812,True,0.20000000298023224,5.915115904633845e-16,0.20000000298023282,True,True
151,2,0.010190404951572418,0.001,True,True,True,0.005661776065613244,True,0.20000000298023224,5.915115904633845e-16,0.20000000298023282,True,True
151,3,0.0071014054119586945,0.001,True,True,True,0.003115260050954749,True,0.20000000298023224,5.915115904633845e-16,0.20000000298023282,True,True
151,4,0.0047335512936115265,0.001,True,True,True,0.0012866603370316199,True,0.20000000298023224,5.915115904633845e-16,0.20000000298023282,True,True
151,5,0.003106549382209778,0.001,True,True,True,0.00021442616391231795,True,0.20000000298443196,5.915115904827716e-16,0.20000000298443255,True,True
151,6,0.0022475793957710266,0.001,True,True,True,3.752553823233029e-14,True,0.19998535687281754,5.985734637969642e-16,0.19998535687281815,True,True
151,7,0.0022131577134132385,0.001,True,True,True,0.0006345427332097309,True,0.19998475475271213,6.118971969250415e-16,0.19998475475271274,True,True
151,8,0.003156941384077072,0.001,True,True,True,0.0022351659095414256,True,0.20000000298306445,5.91511590473078e-16,0.20000000298306503,True,True
151,9,0.005123954266309738,0.001,True,True,True,0.004735309134313859,True,0.20000000298023224,5.915115904633845e-16,0.20000000298023282,True,True
151,10,0.007766552269458771,0.001,True,True,True,0.007860298950226774,True,0.20000000298023224,5.915115904666157e-16,0.20000000298023282,True,True
151,11,0.010898683220148087,0.001,True,True,True,0.011352964012198541,True,0.20000000298023224,5.915115904666157e-16,0.20000000298023282,True,True
151,12,0.014301255345344543,0.001,True,True,True,0.014964502396416002,True,0.20000000298023224,5.915115904633845e-16,0.20000000298023282,True,True
151,13,0.01777101308107376,0.001,True,True,True,0.019027759036481573,True,0.20000000298023224,5.915115904633845e-16,0.20000000298023282,True,True
151,14,0.021496443077921867,0.001,True,True,True,0.021549332435279345,True,0.20000000298023224,5.915115904633845e-16,0.20000000298023282,True,True
151,15,0.021774543449282646,0.001,True,True,True,0.02195992984410422,True,0.20000000298023224,5.915115904633845e-16,0.20000000298023282,True,True
151,16,0.022045833989977837,0.001,True,True,True,0.022360664725094015,True,0.20000000298023224,5.915115904633845e-16,0.20000000298023282,True,True
151,17,0.02225392498075962,0.001,True,True,True,0.02270961367575941,True,0.20000000298023224,5.915115904633845e-16,0.20000000298023282,True,True
151,18,0.022348865866661072,0.001,True,True,True,0.022966143797424676,True,0.20000000298023224,5.915115904633845e-16,0.20000000298023282,True,True
151,19,0.0222804993391037,0.001,True,True,True,0.023087196241128538,True,0.20000000298023224,5.915115904633845e-16,0.20000000298023282,True,True
151,20,0.02199457213282585,0.001,True,True,True,0.023025225230614677,True,0.20000000298023224,1.312277795528594e-16,0.20000000298023238,True,True
152,1,0.010868266224861145,0.001,True,True,True,0.006220973210889991,True,0.20000000298023224,1.5787802311579772e-11,0.20000000299602005,True,True
152,2,0.007582426071166992,0.001,True,True,True,0.0035635094209784945,True,0.20000000298023224,1.5787802311579772e-11,0.20000000299602005,True,True
152,3,0.005013179033994675,0.001,True,True,True,0.0016147230706446969,True,0.20000000298023224,1.5787802311579772e-11,0.20000000299602005,True,True
152,4,0.003180254250764847,0.001,True,True,True,0.00040162597183712734,True,0.20000000298050463,1.578780231161865e-11,0.20000000299629245,True,True
152,5,0.0021120309829711914,0.001,True,True,True,4.680544840596212e-10,True,0.19986132518307226,1.5681994119892086e-11,0.19986132519875424,True,True
152,6,0.0018605440855026245,0.001,True,True,True,0.00044266516532331934,True,0.19724026237947,1.572553705523014e-11,0.19724026239519554,True,True
152,7,0.0025901012122631073,0.001,True,True,True,0.001851338253607393,True,0.19999999836288435,1.578944913183764e-11,0.1999999983786738,True,True
152,8,0.0043618641793727875,0.001,True,True,True,0.004170658937089122,True,0.20000000298023224,1.578780231157978e-11,0.20000000299602005,True,True
152,9,0.006855059415102005,0.001,True,True,True,0.00714220605661664,True,0.20000000298023224,1.5787802311579772e-11,0.20000000299602005,True,True
152,10,0.009886592626571655,0.001,True,True,True,0.010517154847875076,True,0.20000000298023224,1.5787802311579775e-11,0.20000000299602005,True,True
152,11,0.01323949545621872,0.001,True,True,True,0.01405237640017365,True,0.20000000298023224,1.5787802311579775e-11,0.20000000299602005,True,True
152,12,0.0167013481259346,0.001,True,True,True,0.01754663130458045,True,0.20000000298023224,1.5787802311579772e-11,0.20000000299602005,True,True
152,13,0.02172505110502243,0.001,True,True,True,0.02367081332359411,True,0.20000000298023224,1.5787802311579772e-11,0.20000000299602005,True,True
152,14,0.02257089875638485,0.001,True,True,True,0.023611465799872722,True,0.20000000298023224,1.5787802311579772e-11,0.20000000299602005,True,True
152,15,0.022973066195845604,0.001,True,True,True,0.024203293212575305,True,0.20000000298023224,1.5787802311579772e-11,0.20000000299602005,True,True
152,16,0.023369137197732925,0.001,True,True,True,0.024784370075082496,True,0.20000000298023224,1.5787802311579772e-11,0.20000000299602005,True,True
152,17,0.023715492337942123,0.001,True,True,True,0.025323204975160385,True,0.20000000298023224,1.5787802311579772e-11,0.20000000299602005,True,True
152,18,0.023970548063516617,0.001,True,True,True,0.025786751280627795,True,0.20000000298023224,1.5787802311579772e-11,0.20000000299602005,True,True
152,19,0.024090975522994995,0.001,True,True,True,0.02613833832748491,True,0.20000000298023224,1.5787802311579772e-11,0.20000000299602005,True,True
152,20,0.02402876876294613,0.001,True,True,True,0.02633630685309085,True,0.20000000298023224,3.042314120552799e-12,0.20000000298327456,True,True
153,1,0.008226674050092697,0.001,True,True,True,0.004057621073991324,True,0.20000000298023224,5.012951821082916e-12,0.2000000029852452,True,True
153,2,0.0055786967277526855,0.001,True,True,True,0.0019468032731759788,True,0.20000000298023224,5.012951821082916e-12,0.2000000029852452,True,True
153,3,0.00362386554479599,0.001,True,True,True,0.0005836374984569126,True,0.20000000298023224,5.012951821082916e-12,0.2000000029852452,True,True
153,4,0.0023908764123916626,0.001,True,True,True,7.046052630244048e-11,True,0.1999992744848968,5.1191033509310485e-12,0.1999992744900159,True,True
153,5,0.0019273646175861359,0.001,True,True,True,0.0002624737806884436,True,0.19841653377670454,5.016718462524552e-12,0.19841653378172125,True,True
153,6,0.0024387650191783905,0.001,True,True,True,0.0014879668474749863,True,0.20000000840543283,5.139786839782315e-12,0.2000000084105726,True,True
153,7,0.004005555063486099,0.001,True,True,True,0.003641546751183,True,0.20000000298023224,5.012951821082916e-12,0.2000000029852452,True,True
153,8,0.006320655345916748,0.001,True,True,True,0.006465869804223701,True,0.20000000298023224,5.012951821082926e-12,0.2000000029852452,True,True
153,9,0.0092090405523777,0.001,True,True,True,0.00971779835337383,True,0.20000000298023224,5.012951821082916e-12,0.2000000029852452,True,True
153,10,0.01245667040348053,0.001,True,True,True,0.013159995064991215,True,0.20000000298023224,5.0129518210829195e-12,0.2000000029852452,True,True
153,11,0.01585238426923752,0.001,True,True,True,0.01659670676291114,True,0.20000000298023224,5.0129518210829195e-12,0.2000000029852452,True,True
153,12,0.02056344971060753,0.001,True,True,True,0.022423365922786598,True,0.20000000298023224,5.012951821082916e-12,0.2000000029852452,True,True
153,13,0.024074088782072067,0.001,True,True,True,0.025686646097717425,True,0.20000000298023224,5.012951821082916e-12,0.2000000029852452,True,True
153,14,0.024630935862660408,0.001,True,True,True,0.026487859004518555,True,0.20000000298023224,5.012951821082916e-12,0.2000000029852452,True,True
153,15,0.02521626465022564,0.001,True,True,True,0.027311265445152166,True,0.20000000298023224,5.012951821082916e-12,0.2000000029852452,True,True
153,16,0.025793330743908882,0.001,True,True,True,0.028130903086101,True,0.20000000298023224,5.012951821082916e-12,0.2000000029852452,True,True
153,17,0.02632974646985531,0.001,True,True,True,0.02892002647629166,True,0.20000000298023224,5.012951821082916e-12,0.2000000029852452,True,True
153,18,0.02677169442176819,0.001,True,True,True,0.02712570375594492,True,0.20000000298023224,5.012951821082916e-12,0.2000000029852452,True,True
153,19,0.02651163563132286,0.001,True,True,True,0.027238703972088718,True,0.20000000298023224,5.012951821082916e-12,0.2000000029852452,True,True
153,20,0.026510056108236313,0.001,True,True,True,0.027564218172295263,True,0.20000000298023224,2.6406220702561972e-12,0.20000000298287285,True,True
154,1,0.006110794842243195,0.001,True,True,True,0.0024317334081980224,True,0.20000000298023224,4.00462764057438e-11,0.2000000030202785,True,True
154,2,0.004011392593383789,0.001,True,True,True,0.0008202789105720143,True,0.20000000298023224,4.00462764057438e-11,0.2000000030202785,True,True
154,3,0.002636633813381195,0.001,True,True,True,1.603458477106301e-09,True,0.20000000705998797,4.004697891167518e-11,0.20000000710003493,True,True
154,4,0.0020104795694351196,0.001,True,True,True,2.236957975831899e-05,True,0.19937283851313703,4.007773616728215e-11,0.19937283855321478,True,True
154,5,0.002352822571992874,0.001,True,True,True,0.0010213531092448935,True,0.1999994954296982,4.045774312139542e-11,0.19999949547015594,True,True
154,6,0.003736589103937149,0.001,True,True,True,0.0029595089408558373,True,0.20000000298023224,4.004627640574381e-11,0.2000000030202785,True,True
154,7,0.005877472460269928,0.001,True,True,True,0.005591965969266699,True,0.20000000298023224,4.00462764057438e-11,0.2000000030202785,True,True
154,8,0.008608035743236542,0.001,True,True,True,0.00867917068050561,True,0.20000000298023224,4.0046276405743815e-11,0.2000000030202785,True,True
154,9,0.01172284409403801,0.001,True,True,True,0.011989763988865754,True,0.20000000298023224,4.00462764057438e-11,0.2000000030202785,True,True
154,10,0.015017494559288025,0.001,True,True,True,0.015333200254920243,True,0.20000000298023224,4.00462764057438e-11,0.2000000030202785,True,True
154,11,0.01937069185078144,0.001,True,True,True,0.020809118970879226,True,0.20000000298023224,4.00462764057438e-11,0.2000000030202785,True,True
154,12,0.02345976047217846,0.001,True,True,True,0.023793756785040143,True,0.20000000298023224,4.00462764057438e-11,0.2000000030202785,True,True
154,13,0.02651120163500309,0.001,True,True,True,0.025929311959636436,True,0.20000000298023224,4.00462764057438e-11,0.2000000030202785,True,True
154,14,0.027503982186317444,0.001,True,True,True,0.030393211065632197,True,0.20000000298023224,4.00462764057438e-11,0.2000000030202785,True,True
154,15,0.028322800993919373,0.001,True,True,True,0.03148974423607709,True,0.20000000298023224,4.00462764057438e-11,0.2000000030202785,True,True
154,16,0.028812365606427193,0.001,True,True,True,0.029312886317884423,True,0.20000000298023224,4.00462764057438e-11,0.2000000030202785,True,True
154,17,0.028295766562223434,0.001,True,True,True,0.029266235276194097,True,0.20000000298023224,4.00462764057438e-11,0.2000000030202785,True,True
154,18,0.028132064267992973,0.001,True,True,True,0.029513837869872495,True,0.20000000298023224,4.00462764057438e-11,0.2000000030202785,True,True
154,19,0.02824459597468376,0.001,True,True,True,0.029996392720295306,True,0.20000000298023224,4.00462764057438e-11,0.2000000030202785,True,True
154,20,0.028569960966706276,0.001,True,True,True,0.030661877534035042,True,0.20000000298023224,9.679089707459205e-12,0.20000000298991133,True,True
155,1,0.004494618624448776,0.001,True,True,True,0.0015811680850559284,True,0.20000000298023224,1.6766053675411737e-16,0.2000000029802324,True,True
155,2,0.002853177487850189,0.001,True,True,True,0.0006492766676118311,True,0.2000000088197659,1.6766053954585194e-16,0.20000000881976607,True,True
155,3,0.0019995197653770447,0.001,True,True,True,0.000511732673622145,True,0.19963113638140229,1.6583266178102398e-16,0.19963113638140245,True,True
155,4,0.002124994993209839,0.001,True,True,True,0.001380364227091313,True,0.2000186997845718,1.6379380276047157e-16,0.20001869978457196,True,True
155,5,0.003284502774477005,0.001,True,True,True,0.0031929544936990517,True,0.20000000298024923,1.6766053677350442e-16,0.2000000029802494,True,True
155,6,0.005218256264925003,0.001,True,True,True,0.0057181221802729,True,0.20000000298023224,1.6766053676057972e-16,0.2000000029802324,True,True
155,7,0.007760379463434219,0.001,True,True,True,0.00872643154349495,True,0.20000000298023224,1.6766053675411737e-16,0.2000000029802324,True,True
155,8,0.010711286216974258,0.001,True,True,True,0.011996533291829259,True,0.20000000298023224,1.6766053676704207e-16,0.2000000029802324,True,True
155,9,0.013873893767595291,0.001,True,True,True,0.015345440982013958,True,0.20000000298023224,1.6766053675411737e-16,0.2000000029802324,True,True
155,10,0.017854612320661545,0.001,True,True,True,0.02052234894203342,True,0.20000000298023224,1.6766053675411737e-16,0.2000000029802324,True,True
155,11,0.02184903807938099,0.001,True,True,True,0.023454877534207608,True,0.20000000298023224,1.6766053675411737e-16,0.2000000029802324,True,True
155,12,0.024820204824209213,0.001,True,True,True,0.025506989915850875,True,0.20000000298023224,1.6766053675411737e-16,0.2000000029802324,True,True
155,13,0.02694755233824253,0.001,True,True,True,0.026832301132148517,True,0.20000000298023224,1.6766053675411737e-16,0.2000000029802324,True,True
155,14,0.02838706597685814,0.001,True,True,True,0.02756001330151281,True,0.20000000298023224,1.6766053675411737e-16,0.2000000029802324,True,True
155,15,0.02750617265701294,0.001,True,True,True,0.02153345064774692,True,0.20000000298023224,1.6766053675411737e-16,0.2000000029802324,True,True
155,16,0.026419254019856453,0.001,True,True,True,0.01991403781723955,True,0.20000000298023224,1.6766053675411737e-16,0.2000000029802324,True,True
155,17,0.025352459400892258,0.001,True,True,True,0.018300491532869945,True,0.20000000298023224,1.6766053675411737e-16,0.2000000029802324,True,True
155,18,0.024557404220104218,0.001,True,True,True,0.017629151532934983,True,0.20000000298023224,1.6766053675411737e-16,0.2000000029802324,True,True
155,19,0.024368859827518463,0.001,True,True,True,0.0174858678213472,True,0.20000000298023224,1.6766053675411737e-16,0.2000000029802324,True,True
155,20,0.024323150515556335,0.001,True,True,True,0.01745782877341573,True,0.20000000298023224,3.102340929385396e-17,0.20000000298023227,True,True
156,1,0.0035954974591732025,0.001,True,True,True,0.001263922438901055,True,0.20000000298023224,2.945779503597276e-12,0.20000000298317802,True,True
156,2,0.0025836005806922913,0.001,True,True,True,0.0011687443610526316,True,0.19999999563034443,2.946798383371279e-12,0.19999999563329124,True,True
156,3,0.0025674551725387573,0.001,True,True,True,0.0020084311937029753,True,0.2000000054710989,2.9476564763361604e-12,0.20000000547404656,True,True
156,4,0.0035690777003765106,0.001,True,True,True,0.0037613863478394016,True,0.20000000298023224,2.945779503598465e-12,0.20000000298317802,True,True
156,5,0.005375109612941742,0.001,True,True,True,0.006215108864659147,True,0.20000000298023224,2.9457795035972955e-12,0.20000000298317802,True,True
156,6,0.00782303512096405,0.001,True,True,True,0.009162501992634908,True,0.20000000298023224,2.9457795035972826e-12,0.20000000298317802,True,True
156,7,0.01071852445602417,0.001,True,True,True,0.01239578463956903,True,0.20000000298023224,2.945779503597276e-12,0.20000000298317802,True,True
156,8,0.013869255781173706,0.001,True,True,True,0.015738414066366335,True,0.20000000298023224,2.945779503597289e-12,0.20000000298317802,True,True
156,9,0.017600063234567642,0.001,True,True,True,0.02056492576665092,True,0.20000000298023224,2.945779503597276e-12,0.20000000298317802,True,True
156,10,0.02157030627131462,0.001,True,True,True,0.023354637730784722,True,0.20000000298023224,2.945779503597276e-12,0.20000000298317802,True,True
156,11,0.024490945041179657,0.001,True,True,True,0.02523465593461305,True,0.20000000298023224,2.945779503597276e-12,0.20000000298317802,True,True
156,12,0.026535535231232643,0.001,True,True,True,0.02636041394197397,True,0.20000000298023224,2.945779503597276e-12,0.20000000298317802,True,True
156,13,0.02571253851056099,0.001,True,True,True,0.01955950497211112,True,0.20000000298023224,2.945779503597276e-12,0.20000000298317802,True,True
156,14,0.024153439328074455,0.001,True,True,True,0.017483718220231204,True,0.20000000298023224,2.945779503597276e-12,0.20000000298317802,True,True
156,15,0.022554533556103706,0.001,True,True,True,0.015351025019969322,True,0.20000000298023224,2.945779503597276e-12,0.20000000298317802,True,True
156,16,0.020934637635946274,0.001,True,True,True,0.013185000193558283,True,0.20000000298023224,2.945779503597276e-12,0.20000000298317802,True,True
156,17,0.01941179484128952,0.001,True,True,True,0.011961290034435912,True,0.20000000298023224,2.945779503597276e-12,0.20000000298317802,True,True
156,18,0.01906660944223404,0.001,True,True,True,0.011702400653341494,True,0.20000000298023224,2.945779503597276e-12,0.20000000298317802,True,True
156,19,0.01891590654850006,0.001,True,True,True,0.01160309709651397,True,0.20000000298023224,2.945779503597276e-12,0.20000000298317802,True,True
156,20,0.018880069255828857,0.001,True,True,True,0.011589302425897507,True,0.20000000298023224,1.4732003596364054e-12,0.20000000298170545,True,True
157,1,0.0033819004893302917,0.001,True,True,True,0.0018178337881962214,True,0.20000000298023232,7.77505437687031e-14,0.20000000298031007,True,True
157,2,0.0034063979983329773,0.001,True,True,True,0.002663057379363565,True,0.2000000029802323,7.775054376859971e-14,0.20000000298031004,True,True
157,3,0.004306908696889877,0.001,True,True,True,0.004383195500132331,True,0.20000000298023224,7.775054376859971e-14,0.20000000298030998,True,True
157,4,0.006013747304677963,0.001,True,True,True,0.006785957319349389,True,0.20000000298023224,7.775054376854801e-14,0.20000000298030998,True,True
157,5,0.008378144353628159,0.001,True,True,True,0.009690233569347395,True,0.20000000298023224,7.77505437686191e-14,0.20000000298030998,True,True
157,6,0.011213615536689758,0.001,True,True,True,0.012904395017694359,True,0.20000000298023224,7.775054376870957e-14,0.20000000298030998,True,True
157,7,0.014331597834825516,0.001,True,True,True,0.01626077590185382,True,0.20000000298023224,7.77505437687031e-14,0.20000000298030998,True,True
157,8,0.01777191273868084,0.001,True,True,True,0.02079974200058765,True,0.20000000298023224,7.775054376861263e-14,0.20000000298030998,True,True
157,9,0.02162574976682663,0.001,True,True,True,0.023500478555031457,True,0.20000000298023224,7.77505437687031e-14,0.20000000298030998,True,True
157,10,0.024400586262345314,0.001,True,True,True,0.02525775156365606,True,0.20000000298023224,7.77505437687031e-14,0.20000000298030998,True,True
157,11,0.024519119411706924,0.001,True,True,True,0.018627870583903583,True,0.20000000298023224,7.77505437687031e-14,0.20000000298030998,True,True
157,12,0.02259281650185585,0.001,True,True,True,0.016119048524120494,True,0.20000000298023224,7.77505437687031e-14,0.20000000298030998,True,True
157,13,0.02058733068406582,0.001,True,True,True,0.01349588735909002,True,0.20000000298023224,7.77505437687031e-14,0.20000000298030998,True,True
157,14,0.01850975677371025,0.001,True,True,True,0.010772279063217649,True,0.20000000298023224,7.77505437687031e-14,0.20000000298030998,True,True
157,15,0.016376083716750145,0.001,True,True,True,0.007971536490085196,True,0.20000000298023224,7.77505437687031e-14,0.20000000298030998,True,True
157,16,0.014209581539034843,0.001,True,True,True,0.005124504255581641,True,0.20000000298023224,7.77505437687031e-14,0.20000000298030998,True,True
157,17,0.013418663293123245,0.001,True,True,True,0.00536652352452216,True,0.20000000298023224,7.77505437687031e-14,0.20000000298030998,True,True
157,18,0.013149760663509369,0.001,True,True,True,0.005153541891428359,True,0.20000000298023224,7.77505437687031e-14,0.20000000298030998,True,True
157,19,0.013041142374277115,0.001,True,True,True,0.005084641589750305,True,0.20000000298023224,7.77505437687031e-14,0.20000000298030998,True,True
157,20,0.0130181685090065,0.001,True,True,True,0.005082193374565502,True,0.20000000298023224,4.589397704485004e-14,0.20000000298027815,True,True
158,1,0.004034407436847687,0.001,True,True,True,0.0033411069685234107,True,0.20000000298023224,3.051607995311698e-12,0.20000000298328385,True,True
158,2,0.004945795983076096,0.001,True,True,True,0.005095345531412665,True,0.20000000298023224,3.051607995311698e-12,0.20000000298328385,True,True
158,3,0.00661211833357811,0.001,True,True,True,0.007501383442400922,True,0.20000000298023224,3.051607995311698e-12,0.20000000298328385,True,True
158,4,0.008924074470996857,0.001,True,True,True,0.010402220270383289,True,0.20000000298023224,3.051607995311698e-12,0.20000000298328385,True,True
158,5,0.011719204485416412,0.001,True,True,True,0.01362073472573,True,0.20000000298023224,3.0516079953116657e-12,0.20000000298328385,True,True
158,6,0.014823071658611298,0.001,True,True,True,0.016997365835199396,True,0.20000000298023224,3.0516079953117045e-12,0.20000000298328385,True,True
158,7,0.018084105104207993,0.001,True,True,True,0.020727020354821324,True,0.20000000298023224,3.051607995311698e-12,0.20000000298328385,True,True
158,8,0.021861493587493896,0.001,True,True,True,0.023990993252352988,True,0.20000000298023224,3.0516079953116593e-12,0.20000000298328385,True,True
158,9,0.024332063272595406,0.001,True,True,True,0.01943960490341201,True,0.20000000298023224,3.051607995311698e-12,0.20000000298328385,True,True
158,10,0.02205521985888481,0.001,True,True,True,0.01670568453549337,True,0.20000000298023224,3.051607995311698e-12,0.20000000298328385,True,True
158,11,0.019663477316498756,0.001,True,True,True,0.013824997822524221,True,0.20000000298023224,3.051607995311698e-12,0.20000000298328385,True,True
158,12,0.017153069376945496,0.001,True,True,True,0.010797643158143133,True,0.20000000298023224,3.051607995311698e-12,0.20000000298328385,True,True
158,13,0.014529192820191383,0.001,True,True,True,0.007632386593747542,True,0.20000000298023224,3.051607995311698e-12,0.20000000298328385,True,True
158,14,0.01180584542453289,0.001,True,True,True,0.004346641545498908,True,0.20000000298023224,3.051607995311698e-12,0.20000000298328385,True,True
158,15,0.009005741216242313,0.001,True,True,True,0.0009660506250586121,True,0.20000000298023224,3.051607995311698e-12,0.20000000298328385,True,True
158,16,0.007324036210775375,0.001,True,True,True,0.000565051086798718,True,0.20000000298023224,3.051607995311698e-12,0.20000000298328385,True,True
158,17,0.006890792399644852,0.001,True,True,True,0.00020577422692014125,True,0.20000000298023224,3.051607995311698e-12,0.20000000298328385,True,True
158,18,0.00667152926325798,0.001,True,True,True,3.976385000870053e-05,True,0.20000000298023224,3.051607995311698e-12,0.20000000298328385,True,True
158,19,0.0065944865345954895,0.001,True,True,True,7.750611707990629e-09,True,0.20000000298023224,3.051607995311698e-12,0.20000000298328385,True,True
158,20,0.006582207977771759,0.001,True,True,True,1.1814906267781922e-05,True,0.20000000298023224,6.15056695524287e-13,0.2000000029808473,True,True
159,1,0.005633123219013214,0.001,True,True,True,0.005794626113293511,True,0.20000000298023224,3.1232137057558217e-17,0.20000000298023227,True,True
159,2,0.007346093654632568,0.001,True,True,True,0.008234549849630568,True,0.20000000298023224,3.1232137057558217e-17,0.20000000298023227,True,True
159,3,0.009663909673690796,0.001,True,True,True,0.01114176382827159,True,0.20000000298023224,3.1232137057558217e-17,0.20000000298023227,True,True
159,4,0.012452319264411926,0.001,True,True,True,0.01434773737524786,True,0.20000000298023224,3.1232137057558217e-17,0.20000000298023227,True,True
159,5,0.015554439276456833,0.001,True,True,True,0.017702808640639667,True,0.20000000298023224,3.123213705109587e-17,0.20000000298023227,True,True
159,6,0.01882331818342209,0.001,True,True,True,0.02109515028740727,True,0.20000000298023224,3.123213705109587e-17,0.20000000298023227,True,True
159,7,0.02242176979780197,0.001,True,True,True,0.02473551946861474,True,0.20000000298023224,3.1232137057558217e-17,0.20000000298023227,True,True
159,8,0.02307722717523575,0.001,True,True,True,0.021818003818407705,True,0.20000000298023224,3.123213704463352e-17,0.20000000298023227,True,True
159,9,0.020476385951042175,0.001,True,True,True,0.01919280745706531,True,0.20000000298023224,3.1232137057558217e-17,0.20000000298023227,True,True
159,10,0.017738638445734978,0.001,True,True,True,0.01636782184720209,True,0.20000000298023224,3.1232137057558217e-17,0.20000000298023227,True,True
159,11,0.014855320565402508,0.001,True,True,True,0.013324593553420527,True,0.20000000298023224,3.1232137057558217e-17,0.20000000298023227,True,True
159,12,0.01182661484926939,0.001,True,True,True,0.010051399271669537,True,0.20000000298023224,3.1232137057558217e-17,0.20000000298023227,True,True
159,13,0.00866097304970026,0.001,True,True,True,0.006542893871682498,True,0.20000000298023224,3.1232137057558217e-17,0.20000000298023227,True,True
159,14,0.005375376902520657,0.001,True,True,True,0.0028004360690325747,True,0.20000000298023224,3.1232137057558217e-17,0.20000000298023227,True,True
159,15,0.002657141536474228,0.001,True,True,True,0.0016026877808648088,True,0.20000000363406065,3.123267030470998e-17,0.20000000363406067,True,True
159,16,0.002040613442659378,0.001,True,True,True,0.000815329604973325,True,0.19977400725497496,3.13196295019116e-17,0.199774007254975,True,True
159,17,0.0016799047589302063,0.001,True,True,True,0.000300512481338,True,0.17196824949427025,3.233452191360325e-17,0.17196824949427028,True,True
159,18,0.001513998955488205,0.001,True,True,True,3.710521252164867e-05,True,0.05994448040871703,3.076652432858248e-17,0.059944480408717055,True,True
159,19,0.0014757923781871796,0.001,True,True,True,1.9984014443252818e-15,True,0.015995489926694972,3.1334449644582314e-17,0.015995489926695004,True,True
159,20,0.0014918521046638489,0.001,True,True,True,8.98094537480354e-05,True,0.056008926236415846,1.1240861617201542e-17,0.05600892623641586,True,True
160,1,0.008017361164093018,0.001,True,True,True,0.008796192322309881,True,0.20000000298023224,2.5580211246968087e-17,0.20000000298023227,True,True
160,2,0.010339587926864624,0.001,True,True,True,0.01164579841226443,True,0.20000000298023224,2.5580211246968087e-17,0.20000000298023227,True,True
160,3,0.013089772313833237,0.001,True,True,True,0.014782854414351121,True,0.20000000298023224,2.5580211246968087e-17,0.20000000298023227,True,True
160,4,0.016130194067955017,0.001,True,True,True,0.018068582408263367,True,0.20000000298023224,2.5580211246968087e-17,0.20000000298023227,True,True
160,5,0.01933024823665619,0.001,True,True,True,0.0214064081415124,True,0.20000000298023224,2.5580211246968087e-17,0.20000000298023227,True,True
160,6,0.02297578752040863,0.001,True,True,True,0.025377469642205552,True,0.20000000298023224,2.5580211246968087e-17,0.20000000298023227,True,True
160,7,0.025280464440584183,0.001,True,True,True,0.024772682683497083,True,0.20000000298023224,2.5580211246968087e-17,0.20000000298023227,True,True
160,8,0.022826241329312325,0.001,True,True,True,0.02230894790961857,True,0.20000000298023224,2.5580211248583674e-17,0.20000000298023227,True,True
160,9,0.020198460668325424,0.001,True,True,True,0.019581602981027624,True,0.20000000298023224,2.5580211246968087e-17,0.20000000298023227,True,True
160,10,0.01737222820520401,0.001,True,True,True,0.01655389406793506,True,0.20000000298023224,2.5580211246968087e-17,0.20000000298023227,True,True
160,11,0.014328697696328163,0.001,True,True,True,0.013191971407416903,True,0.20000000298023224,2.5580211246968087e-17,0.20000000298023227,True,True
160,12,0.011055883020162582,0.001,True,True,True,0.009465861827929523,True,0.20000000298023224,2.5580211246968087e-17,0.20000000298023227,True,True
160,13,0.007548801600933075,0.001,True,True,True,0.005349257262775797,True,0.20000000298023224,2.5580211246968087e-17,0.20000000298023227,True,True
160,14,0.003947742283344269,0.001,True,True,True,0.003056491868382194,True,0.20000000298023224,2.5580211246968087e-17,0.20000000298023227,True,True
160,15,0.00292007252573967,0.001,True,True,True,0.0017423384479513526,True,0.19999999948951927,2.5580211574932275e-17,0.1999999994895193,True,True
160,16,0.0021982230246067047,0.001,True,True,True,0.0007710641426894593,True,0.19997203571002803,2.5598619017358287e-17,0.19997203571002806,True,True
160,17,0.0017615258693695068,0.001,True,True,True,0.00017619784228095625,True,0.18339712172000588,2.5611050942582132e-17,0.1833971217200059,True,True
160,18,0.0015895329415798187,0.001,True,True,True,3.552713678800501e-15,True,0.11093078193820816,2.5224826688719236e-17,0.11093078193820818,True,True
160,19,0.0016583390533924103,0.001,True,True,True,0.00026649055885563655,True,0.1658770823936777,2.6043003096184565e-17,0.16587708239367774,True,True
160,20,0.0017911642789840698,0.001,True,True,True,0.0005061553473511005,True,0.19339969887915487,8.448530167129489e-18,0.19339969887915487,True,True
161,1,0.010885883122682571,0.001,True,True,True,0.012098456222590315,True,0.20000000298023224,6.045972735612338e-12,0.2000000029862782,True,True
161,2,0.013573985546827316,0.001,True,True,True,0.01510238538048414,True,0.20000000298023224,6.045972735612338e-12,0.2000000029862782,True,True
161,3,0.016533322632312775,0.001,True,True,True,0.018258226024347568,True,0.20000000298023224,6.045972735612338e-12,0.2000000029862782,True,True
161,4,0.01965182274580002,0.001,True,True,True,0.021483509494460318,True,0.20000000298023224,6.045972735612338e-12,0.2000000029862782,True,True
161,5,0.023415280506014824,0.001,True,True,True,0.025679638903568947,True,0.20000000298023224,6.045972735612338e-12,0.2000000029862782,True,True
161,6,0.026386791840195656,0.001,True,True,True,0.027947380989630233,True,0.20000000298023224,6.045972735612338e-12,0.2000000029862782,True,True
161,7,0.025777900591492653,0.001,True,True,True,0.024338662210600992,True,0.20000000298023224,6.045972735612338e-12,0.2000000029862782,True,True
161,8,0.023312430828809738,0.001,True,True,True,0.021728566020349005,True,0.20000000298023224,6.04597273561234e-12,0.2000000029862782,True,True
161,9,0.020584627985954285,0.001,True,True,True,0.018774851057538733,True,0.20000000298023224,6.045972735612338e-12,0.2000000029862782,True,True
161,10,0.01755702681839466,0.001,True,True,True,0.015429454845027335,True,0.20000000298023224,6.045972735612338e-12,0.2000000029862782,True,True
161,11,0.014196447096765041,0.001,True,True,True,0.011645477001043902,True,0.20000000298023224,6.045972735612338e-12,0.2000000029862782,True,True
161,12,0.010473059490323067,0.001,True,True,True,0.007376081355959352,True,0.20000000298023224,6.045972735612338e-12,0.2000000029862782,True,True
161,13,0.006361348554491997,0.001,True,True,True,0.002574781357620015,True,0.20000000298023224,6.045972735612338e-12,0.2000000029862782,True,True
161,14,0.004448428750038147,0.001,True,True,True,0.0025975359330170367,True,0.20000000298023224,6.045972735612338e-12,0.2000000029862782,True,True
161,15,0.0032283924520015717,0.001,True,True,True,0.0012748653223646489,True,0.20000000298108186,6.045972735700347e-12,0.20000000298712783,True,True
161,16,0.0023666173219680786,0.001,True,True,True,0.00037914056794696727,True,0.19999757214661565,6.081897871120217e-12,0.19999757215269753,True,True
161,17,0.0018969811499118805,0.001,True,True,True,3.282807359283879e-10,True,0.19537593043697132,6.086646165607885e-12,0.19537593044305798,True,True
161,18,0.001863095909357071,0.001,True,True,True,0.00025254437454913514,True,0.19495910859732035,6.088669680372676e-12,0.194959108603409,True,True
161,19,0.002237476408481598,0.001,True,True,True,0.0008967802955914816,True,0.1999893554276439,6.080447175458698e-12,0.19998935543372434,True,True
161,20,0.0025049299001693726,0.001,True,True,True,0.0012577623788556647,True,0.19999996816147114,1.2668243225493802e-12,0.19999996816273796,True,True
162,1,0.014013800770044327,0.001,True,True,True,0.015164024280108546,True,0.20000000298023224,2.742291893296945e-16,0.20000000298023252,True,True
162,2,0.016858987510204315,0.001,True,True,True,0.017902618924864555,True,0.20000000298023224,2.742291893296945e-16,0.20000000298023252,True,True
162,3,0.01986820250749588,0.001,True,True,True,0.020720470329986806,True,0.20000000298023224,2.742291893296945e-16,0.20000000298023252,True,True
162,4,0.02362898178398609,0.001,True,True,True,0.025037459558366004,True,0.20000000298023224,2.742291893296945e-16,0.20000000298023252,True,True
162,5,0.026693610474467278,0.001,True,True,True,0.027566420120930246,True,0.20000000298023224,2.742291893296945e-16,0.20000000298023252,True,True
162,6,0.027661794796586037,0.001,True,True,True,0.029295540677999776,True,0.20000000298023224,2.742291893296945e-16,0.20000000298023252,True,True
162,7,0.025345083326101303,0.001,True,True,True,0.02722173791260607,True,0.20000000298023224,2.742291893296945e-16,0.20000000298023252,True,True
162,8,0.02273399755358696,0.001,True,True,True,0.024691193037936987,True,0.20000000298023224,2.742291893313101e-16,0.20000000298023252,True,True
162,9,0.019780229777097702,0.001,True,True,True,0.021626369241500187,True,0.20000000298023224,2.742291893296945e-16,0.20000000298023252,True,True
162,10,0.01643591746687889,0.001,True,True,True,0.017948942354953923,True,0.20000000298023224,2.742291893296945e-16,0.20000000298023252,True,True
162,11,0.012654154561460018,0.001,True,True,True,0.013581630916594367,True,0.20000000298023224,2.742291893296945e-16,0.20000000298023252,True,True
162,12,0.008388765156269073,0.001,True,True,True,0.008449340584823606,True,0.20000000298023224,2.742291893296945e-16,0.20000000298023252,True,True
162,13,0.005658358335494995,0.001,True,True,True,0.00603449607804607,True,0.20000000298023224,2.742291893296945e-16,0.20000000298023252,True,True
162,14,0.0040535032749176025,0.001,True,True,True,0.003670713410282911,True,0.20000000298023224,2.742291893296945e-16,0.20000000298023252,True,True
162,15,0.0028220228850841522,0.001,True,True,True,0.0017820200402167696,True,0.20000000217877711,2.742293618146237e-16,0.2000000021787774,True,True
162,16,0.0020332634449005127,0.001,True,True,True,0.000505477814266575,True,0.19960534493854687,2.7561837227347645e-16,0.19960534493854715,True,True
162,17,0.0017773285508155823,0.001,True,True,True,6.8833827526759706e-15,True,0.18344690205942626,2.7422343176327464e-16,0.18344690205942654,True,True
162,18,0.002184569835662842,0.001,True,True,True,0.0002613003580469453,True,0.19993972436292612,2.7606943752403765e-16,0.1999397243629264,True,True
162,19,0.0028584226965904236,0.001,True,True,True,0.0006069264981820588,True,0.19999999812797062,2.7422926864856043e-16,0.1999999981279709,True,True
162,20,-0.0038773715496063232,0.001,False,True,False,8.049116928532385e-15,True,,,,,
163,1,0.016821231693029404,0.001,True,True,True,0.018822904406946783,True,0.20000000298023224,9.80805963825346e-13,0.20000000298121304,True,True
163,2,0.019324183464050293,0.001,True,True,True,0.022279441661343213,True,0.20000000298023224,9.80805963825346e-13,0.20000000298121304,True,True
163,3,0.022912893444299698,0.001,True,True,True,0.02689669362599778,True,0.20000000298023224,9.80805963825346e-13,0.20000000298121304,True,True
163,4,0.02603800594806671,0.001,True,True,True,0.02929847108821204,True,0.20000000298023224,9.80805963825346e-13,0.20000000298121304,True,True
163,5,0.028034668415784836,0.001,True,True,True,0.03428414289426662,True,0.20000000298023224,9.80805963825346e-13,0.20000000298121304,True,True
163,6,0.029400795698165894,0.001,True,True,True,0.02620801646341797,True,0.20000000298023224,9.80805963825346e-13,0.20000000298121304,True,True
163,7,0.027814164757728577,0.001,True,True,True,0.026078785968071116,True,0.20000000298023224,9.80805963825346e-13,0.20000000298121304,True,True
163,8,0.025692367926239967,0.001,True,True,True,0.014337463692445152,True,0.20000000298023224,9.808059638253475e-13,0.20000000298121304,True,True
163,9,0.022626671940088272,0.001,True,True,True,0.010826158872844882,True,0.20000000298023224,9.80805963825346e-13,0.20000000298121304,True,True
163,10,0.018949177116155624,0.001,True,True,True,0.007057198067515369,True,0.20000000298023224,9.80805963825346e-13,0.20000000298121304,True,True
163,11,0.014584965072572231,0.001,True,True,True,0.0029910868578055805,True,0.20000000298023224,9.80805963825346e-13,0.20000000298121304,True,True
163,12,0.009939663112163544,0.001,True,True,True,0.0014609101463691765,True,0.20000000298023224,9.80805963825346e-13,0.20000000298121304,True,True
163,13,0.007272481918334961,0.001,True,True,True,0.0006357277225927938,True,0.20000000298023224,9.80805963825346e-13,0.20000000298121304,True,True
163,14,0.00492718443274498,0.001,True,True,True,0.00013049973872081289,True,0.20000000298023224,9.80805963825346e-13,0.20000000298121304,True,True
163,15,0.0029985830187797546,0.001,True,True,True,9.71223101942087e-13,True,0.2000000034936154,9.80805964914347e-13,0.2000000034945962,True,True
163,16,0.0015967488288879395,0.001,True,True,True,1.218307676964514e-10,True,0.12073113468574093,9.783809302638941e-13,0.12073113468671931,True,True
163,17,0.0008452534675598145,0.001,False,True,False,0.0008414732196859731,True,,,,,
163,18,0.0008761100471019745,0.001,False,True,False,0.0020486889113273676,True,,,,,
163,19,0.0010698363184928894,0.001,True,True,True,0.002866391711056515,True,3.899890427632272,9.781624597473802e-13,3.8998904276332502,True,True
163,20,0.0005291849374771118,0.001,False,True,False,0.002843003837294189,True,,,,,
164,1,0.02058437466621399,0.001,True,True,True,0.020893159357603164,True,0.20000000298023224,1.0812040658717928e-13,0.20000000298034035,True,True
164,2,0.024662001058459282,0.001,True,True,True,0.024192990641585643,True,0.20000000298023224,1.0812040658717928e-13,0.20000000298034035,True,True
164,3,0.027998672798275948,0.001,True,True,True,0.026151793841800552,True,0.20000000298023224,1.0812040658717928e-13,0.20000000298034035,True,True
164,4,0.027415962889790535,0.001,True,True,True,0.034107703258659416,True,0.20000000298023224,1.0812040658717928e-13,0.20000000298034035,True,True
164,5,0.024707794189453125,0.001,True,True,True,0.03324819545235669,True,0.20000000298023224,1.0812040658717928e-13,0.20000000298034035,True,True
164,6,0.0218217633664608,0.001,True,True,True,0.03182928166799348,True,0.20000000298023224,1.0812040658717928e-13,0.20000000298034035,True,True
164,7,0.01874065399169922,0.001,True,True,True,0.029731154020853356,True,0.20000000298023224,1.0812040658717928e-13,0.20000000298034035,True,True
164,8,0.015445561148226261,0.001,True,True,True,0.026829641563856033,True,0.20000000298023224,1.0812040658718089e-13,0.20000000298034035,True,True
164,9,0.011914065107703209,0.001,True,True,True,0.022999809307611807,True,0.20000000298023224,1.0812040658717928e-13,0.20000000298034035,True,True
164,10,0.008118790574371815,0.001,True,True,True,0.018120744504039887,True,0.20000000298023224,1.0812040658717928e-13,0.20000000298034035,True,True
164,11,0.004072645679116249,0.001,True,True,True,0.012947090302518838,True,0.20000000298023224,1.0812040658717928e-13,0.20000000298034035,True,True
164,12,0.002734355628490448,0.001,True,True,True,0.009131723488955634,True,0.20000000619530564,1.081207001180099e-13,0.20000000619541375,True,True
164,13,0.0016376934945583344,0.001,True,True,True,0.00569219671508292,True,0.5742313241058525,1.0796813028121148e-13,0.5742313241059605,True,True
164,14,0.0007970631122589111,0.001,False,True,False,0.002925338999786753,True,,,,,
164,15,0.0002599768340587616,0.001,False,True,False,0.0010331602195461365,True,,,,,
164,16,3.7260364479152486e-05,0.001,False,True,False,3.604005982538183e-12,True,,,,,
164,17,0.0004488043487071991,0.001,False,True,False,3.682587568221152e-11,True,,,,,
164,18,0.0011560991406440735,0.001,True,True,True,0.00047782703564380746,True,0.3369191174970183,1.0797627864019002e-13,0.3369191174971263,True,True
164,19,-0.0036440789699554443,0.001,False,True,False,0.011011236610213748,True,,,,,
164,20,-0.020526595413684845,0.001,False,True,False,1.7111312367035225e-12,True,,,,,
165,1,0.023060163483023643,0.001,True,True,True,0.026578264862574308,True,0.20000000298023224,1.8555901109629188e-11,0.20000000299878815,True,True
165,2,0.024618377909064293,0.001,True,True,True,0.029566510166568527,True,0.20000000298023224,1.8555901109629188e-11,0.20000000299878815,True,True
165,3,0.02458040788769722,0.001,True,True,True,0.032891380407407356,True,0.20000000298023224,1.8555901109629188e-11,0.20000000299878815,True,True
165,4,0.02488395944237709,0.001,True,True,True,0.03641660226314203,True,0.20000000298023224,1.8555901109629188e-11,0.20000000299878815,True,True
165,5,0.02565581537783146,0.001,True,True,True,0.04008872892934412,True,0.20000000298023224,1.8555901109629188e-11,0.20000000299878815,True,True
165,6,0.02703508734703064,0.001,True,True,True,0.043858305420827914,True,0.20000000298023224,1.8555901109629188e-11,0.20000000299878815,True,True
165,7,0.025304943323135376,0.001,True,True,True,0.02512364132369327,True,0.20000000298023224,1.8555901109629188e-11,0.20000000299878815,True,True
165,8,0.023586124181747437,0.001,True,True,True,0.02672410824623106,True,0.20000000298023224,1.855590110962919e-11,0.20000000299878815,True,True
165,9,0.02205715700984001,0.001,True,True,True,0.0287508949606623,True,0.20000000298023224,1.8555901109629188e-11,0.20000000299878815,True,True
165,10,0.019127747043967247,0.001,True,True,True,0.00039971077248601716,True,0.20000000298023224,1.8555901109629188e-11,0.20000000299878815,True,True
165,11,0.014116957783699036,0.001,True,True,True,1.5308499135002762e-08,True,0.20000000298023224,1.8555901109629188e-11,0.20000000299878815,True,True
165,12,0.010237757116556168,0.001,True,True,True,5.916837020336629e-09,True,0.20000000298023224,1.855590110962836e-11,0.20000000299878815,True,True
165,13,0.006588414311408997,0.001,True,True,True,3.0576947640525987e-09,True,0.20000000298023224,1.8555901109630842e-11,0.20000000299878815,True,True
165,14,0.003296125680208206,0.001,True,True,True,2.446730595906388e-09,True,0.20000000298025408,1.855590110966269e-11,0.20000000299881,True,True
165,15,0.0004919320344924927,0.001,False,True,False,0.0005398419967279633,True,,,,,
165,16,-0.0017333105206489563,0.001,False,True,False,0.002212254480844056,True,,,,,
165,17,-0.0029714591801166534,0.001,False,True,False,0.004151911472188852,True,,,,,
165,18,-0.0034879669547080994,0.001,False,True,False,0.005388168716934816,True,,,,,
165,19,-0.004071786999702454,0.001,False,True,False,0.0056981526809778416,True,,,,,
165,20,-0.005641121417284012,0.001,False,True,False,0.004857901618159133,True,,,,,
166,1,0.027564432471990585,0.001,True,True,True,0.026339894808830033,True,0.20000000298023224,2.577541307645855e-14,0.20000000298025802,True,True
166,2,0.028976991772651672,0.001,True,True,True,0.028952698464008497,True,0.20000000298023224,2.577541307645855e-14,0.20000000298025802,True,True
166,3,0.025960899889469147,0.001,True,True,True,0.030508869578019793,True,0.20000000298023224,2.577541307645855e-14,0.20000000298025802,True,True
166,4,0.022548168897628784,0.001,True,True,True,0.029368632512060344,True,0.20000000298023224,2.577541307645855e-14,0.20000000298025802,True,True
166,5,0.01907147653400898,0.001,True,True,True,0.02775181242023894,True,0.20000000298023224,2.577541307645855e-14,0.20000000298025802,True,True
166,6,0.015557117760181427,0.001,True,True,True,0.025566698539819077,True,0.20000000298023224,2.577541307645855e-14,0.20000000298025802,True,True
166,7,0.012027875520288944,0.001,True,True,True,0.02271460175172546,True,0.20000000298023224,2.577541307645855e-14,0.20000000298025802,True,True
166,8,0.008500291965901852,0.001,True,True,True,0.01909227304973693,True,0.20000000298023224,2.577541307646178e-14,0.20000000298025802,True,True
166,9,0.004981304053217173,0.001,True,True,True,0.014595967169629187,True,0.20000000298023224,2.577541307645855e-14,0.20000000298025802,True,True
166,10,0.001652505248785019,0.001,True,True,True,0.011065019067891146,True,0.9352310244475461,2.5768468460067465e-14,0.9352310244475719,True,True
166,11,0.0010591372847557068,0.001,True,True,True,0.007730683529438842,True,11.392015506735788,2.5763457420221318e-14,11.392015506735815,True,True
166,12,0.00043028220534324646,0.001,False,True,False,0.004827801219372541,True,,,,,
166,13,-0.00033882632851600647,0.001,False,True,False,0.0025068322466814674,True,,,,,
166,14,-0.0011723078787326813,0.001,False,True,False,0.0008593594390016168,True,,,,,
166,15,-0.0017130598425865173,0.001,False,True,False,8.133493878403897e-13,True,,,,,
166,16,-0.0019907280802726746,0.001,False,True,False,0.0002147351431549538,True,,,,,
166,17,-0.002295583486557007,0.001,False,True,False,0.001049388506656701,True,,,,,
166,18,-0.002692803740501404,0.001,False,True,False,0.0017650401237641056,True,,,,,
166,19,-0.014012016355991364,0.001,False,True,False,5.284106485703433e-13,True,,,,,
166,20,-0.029261514544487,0.001,False,True,False,1.2700887283223494e-05,True,,,,,
167,1,0.027341464534401894,0.001,True,True,True,0.02822364858757731,True,0.20000000298023224,1.887023103401441e-14,0.2000000029802511,True,True
167,2,0.027738522738218307,0.001,True,True,True,0.030518498376712833,True,0.20000000298023224,1.887023103401441e-14,0.2000000029802511,True,True
167,3,0.028424611315131187,0.001,True,True,True,0.033162540766559445,True,0.20000000298023224,1.887023103401441e-14,0.2000000029802511,True,True
167,4,0.027951832860708237,0.001,True,True,True,0.023723963534651116,True,0.20000000298023224,1.887023103401441e-14,0.2000000029802511,True,True
167,5,0.026887698099017143,0.001,True,True,True,0.02336305590331711,True,0.20000000298023224,1.887023103401441e-14,0.2000000029802511,True,True
167,6,0.025804368779063225,0.001,True,True,True,0.023426929097295712,True,0.20000000298023224,1.887023103401441e-14,0.2000000029802511,True,True
167,7,0.023856960237026215,0.001,True,True,True,0.011139948504010233,True,0.20000000298023224,1.887023103401441e-14,0.2000000029802511,True,True
167,8,0.020175395533442497,0.001,True,True,True,0.006775731751257563,True,0.20000000298023224,1.887023103401764e-14,0.2000000029802511,True,True
167,9,0.015618397854268551,0.001,True,True,True,0.0019392501618198388,True,0.20000000298023224,1.887023103401441e-14,0.2000000029802511,True,True
167,10,0.012121688574552536,0.001,True,True,True,0.0021290824831103894,True,0.20000000298023224,1.887023103396271e-14,0.2000000029802511,True,True
167,11,0.00904364138841629,0.001,True,True,True,0.0009691538780898235,True,0.20000000298023224,1.8870231034001485e-14,0.2000000029802511,True,True
167,12,0.006228208541870117,0.001,True,True,True,0.00023476135764588513,True,0.20000000298023224,1.8870231034079033e-14,0.2000000029802511,True,True
167,13,0.0037902891635894775,0.001,True,True,True,1.176836406102666e-14,True,0.20000000298023224,1.8870231034091958e-14,0.2000000029802511,True,True
167,14,0.001807771623134613,0.001,True,True,True,5.633271626948044e-13,True,0.19002444730580237,1.888951655899491e-14,0.19002444730582127,True,True
167,15,0.00029762834310531616,0.001,False,True,False,0.0008438348107460136,True,,,,,
167,16,-0.000565115362405777,0.001,False,True,False,0.002511853437269451,True,,,,,
167,17,-0.000965215265750885,0.001,False,True,False,0.0042907131079157335,True,,,,,
167,18,-0.0014802627265453339,0.001,False,True,False,0.005971324444549619,True,,,,,
167,19,-0.0027834996581077576,0.001,False,True,False,0.007361017558307648,True,,,,,
167,20,0.000533178448677063,0.001,False,True,False,1.5427659150191175e-12,True,,,,,
168,1,0.028609806671738625,0.001,True,True,True,0.026479016401184108,True,0.20000000298023224,2.7321997766902215e-13,0.20000000298050546,True,True
168,2,0.026858249679207802,0.001,True,True,True,0.025703407707275305,True,0.20000000298023224,2.7321997766902215e-13,0.20000000298050546,True,True
168,3,0.025617754086852074,0.001,True,True,True,0.025051858147206785,True,0.20000000298023224,2.7321997766902215e-13,0.20000000298050546,True,True
168,4,0.02302565984427929,0.001,True,True,True,0.022745391965202755,True,0.20000000298023224,2.7321997766902215e-13,0.20000000298050546,True,True
168,5,0.01982090435922146,0.001,True,True,True,0.019831833509657226,True,0.20000000298023224,2.7321997766902215e-13,0.20000000298050546,True,True
168,6,0.016262134537100792,0.001,True,True,True,0.016335382699456336,True,0.20000000298023224,2.7321997766902215e-13,0.20000000298050546,True,True
168,7,0.012313255108892918,0.001,True,True,True,0.01218212613853864,True,0.20000000298023224,2.7321997766902215e-13,0.20000000298050546,True,True
168,8,0.007930009625852108,0.001,True,True,True,0.007299798849835559,True,0.20000000298023224,2.732199776690254e-13,0.20000000298050546,True,True
168,9,0.0057457685470581055,0.001,True,True,True,0.00672857468759136,True,0.20000000298023224,2.7321997766902215e-13,0.20000000298050546,True,True
168,10,0.004046700894832611,0.001,True,True,True,0.004416143706575504,True,0.20000000298023224,2.7321997766938404e-13,0.20000000298050546,True,True
168,11,0.0026308856904506683,0.001,True,True,True,0.0024538769684609996,True,0.20000000629208792,2.7325262778563307e-13,0.20000000629236117,True,True
168,12,0.0015512853860855103,0.001,True,True,True,0.0009707116035639896,True,0.24877257734743807,2.747021326590192e-13,0.24877257734771277,True,True
168,13,0.0008911825716495514,0.001,False,True,False,0.00010257456116269381,True,,,,,
168,14,0.0007247142493724823,0.001,False,True,False,1.6101564526138645e-11,True,,,,,
168,15,0.0014172643423080444,0.001,True,True,True,0.0006080695583476903,True,0.2269255488068893,2.7470901249553935e-13,0.226925548807164,True,True
168,16,0.002810116857290268,0.001,True,True,True,0.001591854498743217,True,0.20000000285561234,2.7322044600714645e-13,0.20000000285588557,True,True
168,17,-0.001993931829929352,0.001,False,True,False,1.4974854689597805e-11,True,,,,,
168,18,-0.004806488752365112,0.001,False,True,False,9.68420899027933e-11,True,,,,,
168,19,-0.002868104726076126,0.001,False,True,False,9.837812330903972e-05,True,,,,,
168,20,-0.0010126829147338867,0.001,False,True,False,2.2963853041346738e-11,True,,,,,
169,1,0.02748388610780239,0.001,True,True,True,0.025424045179492483,True,0.20000000298023224,3.529673392526163e-14,0.20000000298026754,True,True
169,2,0.026703720912337303,0.001,True,True,True,0.024697453796042712,True,0.20000000298023224,3.529673392526163e-14,0.20000000298026754,True,True
169,3,0.026052435860037804,0.001,True,True,True,0.024164728873772967,True,0.20000000298023224,3.529673392526163e-14,0.20000000298026754,True,True
169,4,0.023747900500893593,0.001,True,True,True,0.019783827620616812,True,0.20000000298023224,3.529673392526163e-14,0.20000000298026754,True,True
169,5,0.020835336297750473,0.001,True,True,True,0.01644768828657428,True,0.20000000298023224,3.529673392526163e-14,0.20000000298026754,True,True
169,6,0.017337976023554802,0.001,True,True,True,0.012581001108092682,True,0.20000000298023224,3.529673392526163e-14,0.20000000298026754,True,True
169,7,0.01318264752626419,0.001,True,True,True,0.008131283962159008,True,0.20000000298023224,3.529673392526163e-14,0.20000000298026754,True,True
169,8,0.010324664413928986,0.001,True,True,True,0.0066834731331757435,True,0.20000000298023224,3.5296733925264864e-14,0.20000000298026754,True,True
169,9,0.007905915379524231,0.001,True,True,True,0.004642436662358529,True,0.20000000298023224,3.529673392526163e-14,0.20000000298026754,True,True
169,10,0.005712319165468216,0.001,True,True,True,0.0028671182929083106,True,0.20000000298023224,3.529673392526163e-14,0.20000000298026754,True,True
169,11,0.0038425885140895844,0.001,True,True,True,0.0014379109845805704,True,0.20000000298023224,3.529673392526163e-14,0.20000000298026754,True,True
169,12,0.002405349165201187,0.001,True,True,True,0.00044774401415392795,True,0.19999955136994624,3.532204209099322e-14,0.19999955136998157,True,True
169,13,0.0015181005001068115,0.001,True,True,True,9.710854342870334e-11,True,0.07361887593964411,3.5232044836870705e-14,0.07361887593967935,True,True
169,14,0.0012852475047111511,0.001,True,True,True,0.00020569114897117657,True,2.3032953322399408e-10,3.5191476548787067e-14,2.3036472470054286e-10,True,True
169,15,0.0017230957746505737,0.001,True,True,True,0.000970998988170102,True,0.20502384958172115,3.5249364800354863e-14,0.2050238495817564,True,True
169,16,0.002567470073699951,0.001,True,True,True,0.001979310519585775,True,0.2000000035275932,3.5297181829297696e-14,0.2000000035276285,True,True
169,17,0.0011457051150500774,0.001,True,True,True,0.0001423400909642547,True,1.627540768822655e-09,3.52012038241234e-14,1.6275759700264792e-09,True,True
169,18,0.0008689053356647491,0.001,False,True,False,1.0418554907687394e-11,True,,,,,
169,19,0.0011835545301437378,0.001,True,True,True,0.00022079232135241433,True,1.0099938663188368e-09,3.5197141418930574e-14,1.0100290634602558e-09,True,True
169,20,0.0014331787824630737,0.001,True,True,True,5.8706077177284044e-05,True,0.00020407079836104458,3.607457398776729e-15,0.00020407079836465205,True,True
170,1,0.026431486010551453,0.001,True,True,True,0.024862280204549725,True,0.20000000298023224,2.5572982298835215e-13,0.20000000298048798,True,True
170,2,0.02570779249072075,0.001,True,True,True,0.024483090283659248,True,0.20000000298023224,2.5572982298835215e-13,0.20000000298048798,True,True
170,3,0.023654844611883163,0.001,True,True,True,0.021361632088446214,True,0.20000000298023224,2.5572982298835215e-13,0.20000000298048798,True,True
170,4,0.020800447091460228,0.001,True,True,True,0.01852165992779886,True,0.20000000298023224,2.5572982298835215e-13,0.20000000298048798,True,True
170,5,0.01746700517833233,0.001,True,True,True,0.015147083572114806,True,0.20000000298023224,2.5572982298835215e-13,0.20000000298048798,True,True
170,6,0.013602121733129025,0.001,True,True,True,0.011180301268558956,True,0.20000000298023224,2.5572982298835215e-13,0.20000000298048798,True,True
170,7,0.010154567658901215,0.001,True,True,True,0.00907334604335075,True,0.20000000298023224,2.5572982298835215e-13,0.20000000298048798,True,True
170,8,0.007897187024354935,0.001,True,True,True,0.006851528243755567,True,0.20000000298023224,2.557298229883554e-13,0.20000000298048798,True,True
170,9,0.005833342671394348,0.001,True,True,True,0.004809393314328281,True,0.20000000298023224,2.5572982298835215e-13,0.20000000298048798,True,True
170,10,0.004031676799058914,0.001,True,True,True,0.003031583082561795,True,0.20000000298023224,2.5572982298835215e-13,0.20000000298048798,True,True
170,11,0.0025742948055267334,0.001,True,True,True,0.0016087380746976354,True,0.1999999975271267,2.557333872939469e-13,0.19999999752738243,True,True
170,12,0.0015558861196041107,0.001,True,True,True,0.0006344504924715721,True,0.19679815374533405,2.54552409201176e-13,0.1967981537455886,True,True
170,13,0.0010810233652591705,0.001,True,True,True,0.00019965579500347275,True,1.3665157894138247e-08,2.5405142122981833e-13,1.3665411945559476e-08,True,True
170,14,0.0012621060013771057,0.001,True,True,True,0.00039929351510936684,True,0.1733983215610806,2.540392179707132e-13,0.17339832156133464,True,True
170,15,0.0020004957914352417,0.001,True,True,True,0.0010523900098446948,True,0.19999296826963597,2.559944182609189e-13,0.19999296826989196,True,True
170,16,0.0029883235692977905,0.001,True,True,True,0.0018671694317113907,True,0.20000000318890632,2.5572982307688955e-13,0.20000000318916206,True,True
170,17,0.0011424103286117315,0.001,True,True,True,0.00022764126386648487,True,6.060304258426186e-09,2.541306469946111e-13,6.06055838907318e-09,True,True
170,18,0.0009833425283432007,0.001,False,True,False,0.0005150649706018307,True,,,,,
170,19,0.0012028142809867859,0.001,True,True,True,0.0002236934763029108,True,0.002285624070736958,2.5405098641187326e-13,0.002285624070991009,True,True
170,20,0.0011610612273216248,0.001,True,True,True,0.00021783664434305017,True,-1.080707079381682e-09,2.645519490875455e-14,-1.0806806241867731e-09,True,True
171,1,0.02586686611175537,0.001,True,True,True,0.023762249704194938,True,0.20000000298023224,1.1723675471178984e-12,0.2000000029814046,True,True
171,2,0.024729223921895027,0.001,True,True,True,0.019779299155354257,True,0.20000000298023224,1.1723675471178984e-12,0.2000000029814046,True,True
171,3,0.022363750264048576,0.001,True,True,True,0.016186017724024726,True,0.20000000298023224,1.1723675471178984e-12,0.2000000029814046,True,True
171,4,0.019523531198501587,0.001,True,True,True,0.01215028813647967,True,0.20000000298023224,1.1723675471178984e-12,0.2000000029814046,True,True
171,5,0.0161492470651865,0.001,True,True,True,0.007639676828426367,True,0.20000000298023224,1.1723675471178984e-12,0.2000000029814046,True,True
171,6,0.012492932379245758,0.001,True,True,True,0.005354948804707327,True,0.20000000298023224,1.1723675471178984e-12,0.2000000029814046,True,True
171,7,0.01018049567937851,0.001,True,True,True,0.003450532231537018,True,0.20000000298023224,1.1723675471178984e-12,0.2000000029814046,True,True
171,8,0.007971849292516708,0.001,True,True,True,0.0018959620495162532,True,0.20000000298023224,1.1723675471179016e-12,0.2000000029814046,True,True
171,9,0.0059401169419288635,0.001,True,True,True,0.0007492989641375569,True,0.20000000298023224,1.1723675471178984e-12,0.2000000029814046,True,True
171,10,0.004166204482316971,0.001,True,True,True,8.61890855530234e-05,True,0.20000000298023224,1.1723675471178984e-12,0.2000000029814046,True,True
171,11,0.0027364827692508698,0.001,True,True,True,4.063416270128073e-13,True,0.1999999982685277,1.1723676969360754e-12,0.19999999826970008,True,True
171,12,0.001740429550409317,0.001,True,True,True,0.00031045894391601436,True,0.18812522569997014,1.1716688677957405e-12,0.18812522570114182,True,True
171,13,0.0012645795941352844,0.001,True,True,True,0.0017299642459760456,True,1.387356496326447,1.1685718552941098e-12,1.3873564963276157,True,True
171,14,0.001437019556760788,0.001,True,True,True,0.003963024009052907,True,1.4373362031581678,1.1695987935808445e-12,1.4373362031593373,True,True
171,15,0.0020864978432655334,0.001,True,True,True,0.0063316501770063205,True,0.2010278767995704,1.173720572799222e-12,0.20102787680074413,True,True
171,16,0.0028916969895362854,0.001,True,True,True,0.008608537928633142,True,0.20000000612513957,1.1723675503249067e-12,0.20000000612631194,True,True
171,17,0.0022770650684833527,0.001,True,True,True,4.6873838144279034e-11,True,0.2000648521281503,1.1736846001249771e-12,0.20006485212932398,True,True
171,18,0.0015547722578048706,0.001,True,True,True,0.00010222187589703502,True,0.10704278801259193,1.1689708214372076e-12,0.1070427880137609,True,True
171,19,0.0013515762984752655,0.001,True,True,True,0.00017822854460702864,True,2.5693225325085223e-08,1.168657043079157e-12,2.56943939821283e-08,True,True
171,20,0.001385316252708435,0.001,True,True,True,0.00020636874403812122,True,0.03444973922205463,1.2027445295716624e-13,0.034449739222174904,True,True
172,1,0.023977290838956833,0.001,True,True,True,0.020642813134445825,True,0.20000000298023224,5.2178747847163876e-14,0.20000000298028442,True,True
172,2,0.020814567804336548,0.001,True,True,True,0.017646133962249566,True,0.20000000298023224,5.2178747847163876e-14,0.20000000298028442,True,True
172,3,0.01724253036081791,0.001,True,True,True,0.014094460656702612,True,0.20000000298023224,5.2178747847163876e-14,0.20000000298028442,True,True
172,4,0.013228661380708218,0.001,True,True,True,0.009919232977691372,True,0.20000000298023224,5.2178747847163876e-14,0.20000000298028442,True,True
172,5,0.009488523006439209,0.001,True,True,True,0.00835274699690891,True,0.20000000298023224,5.2178747847163876e-14,0.20000000298028442,True,True
172,6,0.007379841059446335,0.001,True,True,True,0.0061122067024155236,True,0.20000000298023224,5.2178747847163876e-14,0.20000000298028442,True,True
172,7,0.005561027675867081,0.001,True,True,True,0.004049742913328158,True,0.20000000298023224,5.2178747847163876e-14,0.20000000298028442,True,True
172,8,0.004071563482284546,0.001,True,True,True,0.0022777819139907507,True,0.20000000298023224,5.217874784716711e-14,0.20000000298028442,True,True
172,9,0.0029651112854480743,0.001,True,True,True,0.0009210654489122394,True,0.20000000321099348,5.217874789348599e-14,0.20000000321104566,True,True
172,10,0.0023105554282665253,0.001,True,True,True,0.00011453115042647788,True,0.19999676824856716,5.234052264866687e-14,0.1999967682486195,True,True
172,11,0.0021934285759925842,0.001,True,True,True,2.7962077098209193e-12,True,0.19996766270986532,5.2197718609215935e-14,0.19996766270991753,True,True
172,12,0.002882871776819229,0.001,True,True,True,0.0006573890592715959,True,0.2000000061479513,5.217874850916686e-14,0.20000000614800348,True,True
172,13,0.004329994320869446,0.001,True,True,True,0.0016673090634478083,True,0.20000000298023224,5.217874784668566e-14,0.20000000298028442,True,True
172,14,0.0010530060390010476,0.001,True,True,True,0.00017250424108877782,True,7.529592949140351e-09,5.21468885056155e-14,7.529645096028858e-09,True,True
172,15,-0.004761692136526108,0.001,False,True,False,0.001555189436553528,True,,,,,
172,16,-0.0027745142579078674,0.001,False,True,False,0.0010622379748015387,True,,,,,
172,17,-0.0018878206610679626,0.001,False,True,False,0.0002917111962372765,True,,,,,
172,18,-0.0013807490468025208,0.001,False,True,False,2.2721824421978454e-12,True,,,,,
172,19,-0.0007882267236709595,0.001,False,True,False,0.0001567526516601525,True,,,,,
172,20,-8.66912305355072e-05,0.001,False,True,False,0.0004650553127261148,True,,,,,
173,1,0.021650725975632668,0.001,True,True,True,0.01750096784515498,True,0.20000000298023224,2.7858501799728713e-14,0.2000000029802601,True,True
173,2,0.018649892881512642,0.001,True,True,True,0.013650406464218445,True,0.20000000298023224,2.7858501799728713e-14,0.2000000029802601,True,True
173,3,0.015097063034772873,0.001,True,True,True,0.009215509168339686,True,0.20000000298023224,2.7858501799728713e-14,0.2000000029802601,True,True
173,4,0.011816620826721191,0.001,True,True,True,0.007096964455082677,True,0.20000000298023224,2.7858501799728713e-14,0.2000000029802601,True,True
173,5,0.009546097368001938,0.001,True,True,True,0.004928248513888844,True,0.20000000298023224,2.7858501799728713e-14,0.2000000029802601,True,True
173,6,0.007388405501842499,0.001,True,True,True,0.003050416066146866,True,0.20000000298023224,2.7858501799728713e-14,0.2000000029802601,True,True
173,7,0.0054304338991642,0.001,True,True,True,0.001541138019670818,True,0.20000000298023224,2.7858501799728713e-14,0.2000000029802601,True,True
173,8,0.0037675052881240845,0.001,True,True,True,0.000490217774419266,True,0.20000000298023224,2.7858501799731944e-14,0.2000000029802601,True,True
173,9,0.002502359449863434,0.001,True,True,True,1.0436096431476471e-14,True,0.1999999478308272,2.786061200933265e-14,0.19999994783085506,True,True
173,10,0.001742623746395111,0.001,True,True,True,2.6861856812887552e-05,True,0.18252115465313068,2.7635442536703823e-14,0.18252115465315832,True,True
173,11,0.0015962496399879456,0.001,True,True,True,0.0010815417600917865,True,0.2392965481527085,2.765649610882921e-14,0.23929654815273615,True,True
173,12,0.0021018609404563904,0.001,True,True,True,0.0027283165553382283,True,0.20021870798114547,2.791057527286172e-14,0.2002187079811734,True,True
173,13,0.0029736384749412537,0.001,True,True,True,0.004507242559396163,True,0.20000000319199437,2.7858501810624233e-14,0.20000000319202224,True,True
173,14,0.0019076745957136154,0.001,True,True,True,4.589661983800397e-12,True,0.189490521497234,2.7624679595642727e-14,0.18949052149726162,True,True
173,15,0.0023678019642829895,0.001,True,True,True,0.0014540996546434926,True,0.20000004537699057,2.7896842844834096e-14,0.20000004537701846,True,True
173,16,0.0022341758012771606,0.001,True,True,True,0.0005224011127582529,True,0.19998328853278702,2.788993077745728e-14,0.1999832885328149,True,True
173,17,0.0019724369049072266,0.001,True,True,True,5.808686864838819e-13,True,0.19844801381157362,2.787806062267298e-14,0.1984480138116015,True,True
173,18,0.0019627176225185394,0.001,True,True,True,0.0001451033013066816,True,0.1984713864934835,2.84814629329684e-14,0.19847138649351198,True,True
173,19,0.0024984776973724365,0.001,True,True,True,0.0010641046733859127,True,0.19999994883723934,2.7868159666834216e-14,0.1999999488372672,True,True
173,20,0.002983648329973221,0.001,True,True,True,0.0015570598831371463,True,0.2000000023287027,4.069723601206327e-15,0.20000000232870677,True,True
174,1,0.018518516793847084,0.001,True,True,True,0.014014205676625702,True,0.20000000298023224,2.404610589431603e-15,0.20000000298023465,True,True
174,2,0.014680101536214352,0.001,True,True,True,0.009695791989502434,True,0.20000000298023224,2.404610589431603e-15,0.20000000298023465,True,True
174,3,0.010962098836898804,0.001,True,True,True,0.007836467470926811,True,0.20000000298023224,2.404610589431603e-15,0.20000000298023465,True,True
174,4,0.008635975420475006,0.001,True,True,True,0.0056187184212808106,True,0.20000000298023224,2.404610589431603e-15,0.20000000298023465,True,True
174,5,0.006531614810228348,0.001,True,True,True,0.0036137345250377706,True,0.20000000298023224,2.404610589431603e-15,0.20000000298023465,True,True
174,6,0.004713665693998337,0.001,True,True,True,0.0019274532046660298,True,0.20000000298023224,2.404610589431603e-15,0.20000000298023465,True,True
174,7,0.003258325159549713,0.001,True,True,True,0.0006792876867605102,True,0.2000000029802435,2.4046105894324108e-15,0.20000000298024592,True,True
174,8,0.002254195511341095,0.001,True,True,True,5.3512749786932545e-14,True,0.19999042171592205,2.4096584172574218e-15,0.19999042171592446,True,True
174,9,0.001801811158657074,0.001,True,True,True,1.0746958878371515e-13,True,0.19070935399995648,2.4025872449863858e-15,0.1907093539999589,True,True
174,10,0.0020915567874908447,0.001,True,True,True,0.0010572042984642316,True,0.19998548627501558,2.409411593172003e-15,0.199985486275018,True,True
174,11,0.0031749457120895386,0.001,True,True,True,0.0025475245134003455,True,0.20000000298053208,2.4046105894332186e-15,0.2000000029805345,True,True
174,12,0.00474906712770462,0.001,True,True,True,0.004057180327802223,True,0.20000000298023224,2.404610589431603e-15,0.20000000298023465,True,True
174,13,0.0010008029639720917,0.001,True,True,True,0.0029454117262025514,True,4.207545753250997,2.402244641440543e-15,4.207545753251,True,True
174,14,0.002380847930908203,0.001,True,True,True,0.0018674123608646287,True,0.20000054095039663,2.409627212023102e-15,0.20000054095039904,True,True
174,15,0.0019480325281620026,0.001,True,True,True,0.0008181301353835657,True,0.19959246237930595,2.4075358205026413e-15,0.19959246237930836,True,True
174,16,0.0014987215399742126,0.001,True,True,True,1.6014936858876894e-06,True,0.0496510643861825,2.4015062065786027e-15,0.0496510643861849,True,True
174,17,0.0013720318675041199,0.001,True,True,True,0.00015063333508291699,True,-1.1823431123048067e-11,2.40391715705947e-15,-1.1821027205891008e-11,True,True
174,18,0.0020367056131362915,0.001,True,True,True,0.0016468394127626684,True,0.20031952015668641,2.410556307499054e-15,0.20031952015668883,True,True
174,19,0.002941027283668518,0.001,True,True,True,0.0032771105461513184,True,0.2000000006479709,2.4046106003432785e-15,0.20000000064797332,True,True
174,20,-0.0011170506477355957,0.001,False,True,False,2.3514523661560816e-13,True,,,,,
175,1,0.015032552182674408,0.001,True,True,True,0.009683789739392434,True,0.20000000298023224,6.657717388434852e-16,0.2000000029802329,True,True
175,2,0.011556826531887054,0.001,True,True,True,0.007721472076290814,True,0.20000000298023224,6.657717388434852e-16,0.2000000029802329,True,True
175,3,0.00926906242966652,0.001,True,True,True,0.005457343355328659,True,0.20000000298023224,6.657717388434852e-16,0.2000000029802329,True,True
175,4,0.007122807204723358,0.001,True,True,True,0.003460598379263935,True,0.20000000298023224,6.657717388434852e-16,0.2000000029802329,True,True
175,5,0.0052109286189079285,0.001,True,True,True,0.0018186251228822226,True,0.20000000298023224,6.657717388434852e-16,0.2000000029802329,True,True
175,6,0.00363820418715477,0.001,True,True,True,0.0006291468034866909,True,0.20000000298023224,6.657717388434852e-16,0.2000000029802329,True,True
175,7,0.0025210194289684296,0.001,True,True,True,4.196643033083092e-14,True,0.19999996912082624,6.658172395682477e-16,0.1999999691208269,True,True
175,8,0.001985069364309311,0.001,True,True,True,1.354472090042691e-14,True,0.19914575634256004,6.631706349896517e-16,0.1991457563425607,True,True
175,9,0.0021837949752807617,0.001,True,True,True,0.0009206730853654754,True,0.19999056489413775,6.668966767934718e-16,0.1999905648941384,True,True
175,10,0.0031768865883350372,0.001,True,True,True,0.002375771934420623,True,0.20000000298048431,6.657717389525373e-16,0.20000000298048498,True,True
175,11,0.0045456551015377045,0.001,True,True,True,0.0038019107439994926,True,0.20000000298023224,6.657717388451008e-16,0.2000000029802329,True,True
175,12,0.00300709530711174,0.001,True,True,True,0.002852090512902694,True,0.20000000281689834,6.657717392570755e-16,0.200000002816899,True,True
175,13,0.0035671480000019073,0.001,True,True,True,0.002027393011547196,True,0.20000000298023224,6.657717388523709e-16,0.2000000029802329,True,True
175,14,0.003130577504634857,0.001,True,True,True,0.0008526491445903783,True,0.20000000297627754,6.657717389081087e-16,0.2000000029762782,True,True
175,15,0.002417139708995819,0.001,True,True,True,1.3322676295501878e-15,True,0.1999992101479616,6.6532394037554e-16,0.19999921014796226,True,True
175,16,0.0021087825298309326,0.001,True,True,True,5.67793940453587e-05,True,0.1998040603969347,6.540056519759756e-16,0.19980406039693538,True,True
175,17,0.0028630979359149933,0.001,True,True,True,0.0015448943806088966,True,0.20000000027883516,6.657717661000557e-16,0.20000000027883583,True,True
175,18,0.00449100136756897,0.001,True,True,True,0.0035514856035590014,True,0.20000000298023224,6.657717389161866e-16,0.2000000029802329,True,True
175,19,0.006248660385608673,0.001,True,True,True,0.005402102057732394,True,0.20000000298023224,6.657717388984152e-16,0.2000000029802329,True,True
175,20,0.0018506108317524195,0.001,True,True,True,3.6770586575585185e-13,True,0.19294552591624026,6.801809382947341e-17,0.1929455259162403,True,True
176,1,0.011615291237831116,0.001,True,True,True,0.00794798969047461,True,0.20000000298023224,5.3817833603927445e-16,0.20000000298023277,True,True
176,2,0.009243704378604889,0.001,True,True,True,0.005625857860158456,True,0.20000000298023224,5.3817833603927445e-16,0.20000000298023277,True,True
176,3,0.00705333799123764,0.001,True,True,True,0.003578742463278939,True,0.20000000298023224,5.3817833603927445e-16,0.20000000298023277,True,True
176,4,0.005120798945426941,0.001,True,True,True,0.0018924067844461323,True,0.20000000298023224,5.3817833603927445e-16,0.20000000298023277,True,True
176,5,0.003533288836479187,0.001,True,True,True,0.0006637062754075718,True,0.20000000298023224,5.381783360909732e-16,0.20000000298023277,True,True
176,6,0.0023880265653133392,0.001,True,True,True,1.276534433714005e-12,True,0.1999993784943298,5.382005041694981e-16,0.19999937849433033,True,True
176,7,0.0017910227179527283,0.001,True,True,True,6.8833827526759706e-15,True,0.18978181155907947,5.327527391849412e-16,0.18978181155908,True,True
176,8,0.0018861852586269379,0.001,True,True,True,0.000919799619921946,True,0.1998786857485353,5.336990841732463e-16,0.19987868574853582,True,True
176,9,0.0027636438608169556,0.001,True,True,True,0.002365063407689938,True,0.20000001026190697,5.381784902325261e-16,0.2000000102619075,True,True
176,10,0.0040270015597343445,0.001,True,True,True,0.0038090515760285104,True,0.20000000298023224,5.381783359932302e-16,0.20000000298023277,True,True
176,11,0.0032042190432548523,0.001,True,True,True,0.002947701331948993,True,0.2000000029799598,5.381783360925888e-16,0.20000000297996032,True,True
176,12,0.003762185573577881,0.001,True,True,True,0.002130761365874534,True,0.20000000298023224,5.381783360909732e-16,0.20000000298023277,True,True
176,13,0.0032715201377868652,0.001,True,True,True,0.0009158688027810502,True,0.2000000029802007,5.381783360481602e-16,0.20000000298020124,True,True
176,14,0.0024107694625854492,0.001,True,True,True,4.8627768478581856e-14,True,0.19999917465193906,5.381743504892127e-16,0.1999991746519396,True,True
176,15,0.001833789050579071,0.001,True,True,True,1.6431300764452317e-14,True,0.1919652489848307,5.315892702540619e-16,0.19196524898483122,True,True
176,16,0.0022712722420692444,0.001,True,True,True,0.0017560868931143503,True,0.20000439230741562,5.377805584608998e-16,0.20000439230741615,True,True
176,17,0.003732845187187195,0.001,True,True,True,0.004087014447037962,True,0.20000000298023224,5.381783359988848e-16,0.20000000298023277,True,True
176,18,0.005646474659442902,0.001,True,True,True,0.0065077998204972065,True,0.20000000298023224,5.381783359568795e-16,0.20000000298023277,True,True
176,19,0.00741981714963913,0.001,True,True,True,0.008489751587829275,True,0.20000000298023224,5.381783359908068e-16,0.20000000298023277,True,True
176,20,0.001125804614275694,0.001,True,True,True,0.0002135346400748972,True,6.45741238258779e-11,5.629949000406169e-17,6.45741801253679e-11,True,True
177,1,0.009411457926034927,0.001,True,True,True,0.005813957286985083,True,0.20000000298023224,2.2939646491596737e-17,0.20000000298023227,True,True
177,2,0.007127285003662109,0.001,True,True,True,0.003718850815958019,True,0.20000000298023224,2.2939646491596737e-17,0.20000000298023227,True,True
177,3,0.005128625780344009,0.001,True,True,True,0.001995173383863902,True,0.20000000298023224,2.2939646491596737e-17,0.20000000298023227,True,True
177,4,0.0034993141889572144,0.001,True,True,True,0.0007307384042309906,True,0.20000000298023224,2.2939646491596737e-17,0.20000000298023227,True,True
177,5,0.002334538847208023,0.001,True,True,True,2.8066935020776285e-05,True,0.1999982766563488,2.3020499321963043e-17,0.19999827665634884,True,True
177,6,0.001739703118801117,0.001,True,True,True,4.440892098500626e-16,True,0.18237461803720478,2.2815065593406362e-17,0.1823746180372048,True,True
177,7,0.001837208867073059,0.001,True,True,True,0.0008189492352932426,True,0.19940558349546578,2.2886464730840372e-17,0.1994055834954658,True,True
177,8,0.002737864851951599,0.001,True,True,True,0.002234709843310423,True,0.200000006871666,2.2939655785261724e-17,0.20000000687166603,True,True
177,9,0.004040375351905823,0.001,True,True,True,0.0036449392589483764,True,0.20000000298023224,2.293964648998115e-17,0.20000000298023227,True,True
177,10,0.0031373314559459686,0.001,True,True,True,0.00376429620828711,True,0.20000000297833773,2.293964648755777e-17,0.20000000297833775,True,True
177,11,0.003764241933822632,0.001,True,True,True,0.0027532282139047792,True,0.20000000298023224,2.293964648998115e-17,0.20000000298023227,True,True
177,12,0.003296896815299988,0.001,True,True,True,0.001312302243039909,True,0.200000002980222,2.2939646491596737e-17,0.20000000298022202,True,True
177,13,0.0024486854672431946,0.001,True,True,True,0.00016751380334190102,True,0.19999970606142523,2.302036011893662e-17,0.19999970606142525,True,True
177,14,0.001904807984828949,0.001,True,True,True,2.220446049250313e-16,True,0.19668098789822697,2.2751096672871476e-17,0.196680987898227,True,True
177,15,0.0023344680666923523,0.001,True,True,True,0.0014399681668866293,True,0.20000013558726035,2.3018356193123353e-17,0.20000013558726037,True,True
177,16,0.004017774015665054,0.001,True,True,True,0.0038799706984016247,True,0.20000000298023224,2.2939646489173356e-17,0.20000000298023227,True,True
177,17,0.006304394453763962,0.001,True,True,True,0.006626770788305869,True,0.20000000298023224,2.2939646493212324e-17,0.20000000298023227,True,True
177,18,0.008682038635015488,0.001,True,True,True,0.009211396150927031,True,0.20000000298023224,2.293964648998115e-17,0.20000000298023227,True,True
177,19,0.006952147930860519,0.001,True,True,True,0.00923115647389161,True,0.20000000298023224,2.2939646491596737e-17,0.20000000298023227,True,True
177,20,0.001352790161035955,0.001,True,True,True,0.004960752765108323,True,2.990409441950419,2.4560680837822765e-18,2.990409441950419,True,True
178,1,0.007358960807323456,0.001,True,True,True,0.0039177555284561905,True,0.20000000298023224,3.8075722047256555e-17,0.20000000298023227,True,True
178,2,0.005339723080396652,0.001,True,True,True,0.002119973944196829,True,0.20000000298023224,3.8075722047256555e-17,0.20000000298023227,True,True
178,3,0.0036878064274787903,0.001,True,True,True,0.000810313284002051,True,0.20000000298023224,3.8075722047256555e-17,0.20000000298023227,True,True
178,4,0.0024927109479904175,0.001,True,True,True,7.216255473596611e-05,True,0.19999995114991653,3.8076328991031016e-17,0.19999995114991656,True,True
178,5,0.001856692135334015,0.001,True,True,True,4.440892098500626e-16,True,0.19546949332092645,3.806495065318508e-17,0.19546949332092647,True,True
178,6,0.0018904507160186768,0.001,True,True,True,0.0007301534542372146,True,0.1992810787337227,3.80654615293018e-17,0.19928107873372272,True,True
178,7,0.0027428418397903442,0.001,True,True,True,0.0020915848859888175,True,0.19999999853273515,3.8075723346996405e-17,0.19999999853273517,True,True
178,8,0.004015419632196426,0.001,True,True,True,0.003454589757544202,True,0.20000000298023224,3.8075722060989046e-17,0.20000000298023227,True,True
178,9,0.0039551593363285065,0.001,True,True,True,0.004166068207121287,True,0.20000000298023224,3.807572204564097e-17,0.20000000298023227,True,True
178,10,0.004504017531871796,0.001,True,True,True,0.0031107019846284834,True,0.20000000298023224,3.807572204321759e-17,0.20000000298023227,True,True
178,11,0.0038945451378822327,0.001,True,True,True,0.0015990616231977839,True,0.20000000298023224,3.807572204564097e-17,0.20000000298023227,True,True
178,12,0.0028704218566417694,0.001,True,True,True,0.00034253289362018435,True,0.19999999687419676,3.807572215065413e-17,0.19999999687419678,True,True
178,13,0.002135656774044037,0.001,True,True,True,6.661338147750939e-16,True,0.19988574359132355,3.8084362536020595e-17,0.19988574359132358,True,True
178,14,0.0023318156599998474,0.001,True,True,True,0.001179742475660328,True,0.19999945315536996,3.8084621636614986e-17,0.19999945315537,True,True
178,15,0.0039007961750030518,0.001,True,True,True,0.003547959378713106,True,0.20000000298023224,3.807572203675524e-17,0.20000000298023227,True,True
178,16,0.006277002394199371,0.001,True,True,True,0.006426341359465404,True,0.20000000298023224,3.8075722044833175e-17,0.20000000298023227,True,True
178,17,0.008948363363742828,0.001,True,True,True,0.009403132002155923,True,0.20000000298023224,3.807572202302275e-17,0.20000000298023227,True,True
178,18,0.011462278664112091,0.001,True,True,True,0.012061664586699328,True,0.20000000298023224,3.807572204564097e-17,0.20000000298023227,True,True
178,19,0.010418755933642387,0.001,True,True,True,0.015599618949057037,True,0.20000000298023224,3.8075722047256555e-17,0.20000000298023227,True,True
178,20,0.0061318171210587025,0.001,True,True,True,0.012862490213890077,True,0.20000000298023224,4.115273732535427e-18,0.20000000298023224,True,True
179,1,0.005540028214454651,0.001,True,True,True,0.002323906083731231,True,0.20000000298023224,1.3843366652810562e-12,0.20000000298161658,True,True
179,2,0.0038120299577713013,0.001,True,True,True,0.0009221934741274751,True,0.20000000298023224,1.3843366652810562e-12,0.20000000298161658,True,True
179,3,0.0025627464056015015,0.001,True,True,True,0.00012859579064450344,True,0.19999998806366553,1.3843742402350054e-12,0.1999999880650499,True,True
179,4,0.0018747858703136444,0.001,True,True,True,6.737321811556285e-11,True,0.19645270425591477,1.3661217968573927e-12,0.1964527042572809,True,True
179,5,0.001840144395828247,0.001,True,True,True,0.0006392922156637226,True,0.19833146507628818,1.36971654049172e-12,0.1983314650776579,True,True
179,6,0.0026103071868419647,0.001,True,True,True,0.0019100065495241125,True,0.2000000064004752,1.3843516122790454e-12,0.20000000640185955,True,True
179,7,0.003812987357378006,0.001,True,True,True,0.00319435248085842,True,0.20000000298023224,1.384336665282356e-12,0.20000000298161658,True,True
179,8,0.0044768862426280975,0.001,True,True,True,0.0047649611973965555,True,0.20000000298023224,1.38433666528107e-12,0.20000000298161658,True,True
179,9,0.00499454140663147,0.001,True,True,True,0.0036525428357890855,True,0.20000000298023224,1.3843366652810546e-12,0.20000000298161658,True,True
179,10,0.0043194107711315155,0.001,True,True,True,0.0020371536250125555,True,0.20000000298023224,1.3843366652810521e-12,0.20000000298161658,True,True
179,11,0.0031820014119148254,0.001,True,True,True,0.000609555210051349,True,0.20000000297987422,1.384336665282709e-12,0.20000000298125856,True,True
179,12,0.0022718310356140137,0.001,True,True,True,1.9548362928389906e-11,True,0.19998993828139267,1.3812454534868815e-12,0.19998993828277392,True,True
179,13,0.002207241952419281,0.001,True,True,True,0.0008002586670809997,True,0.19998730891315547,1.3742110742665536e-12,0.19998730891452968,True,True
179,14,0.0035539008677005768,0.001,True,True,True,0.0029380448798999037,True,0.20000000298023224,1.3843366652818365e-12,0.20000000298161658,True,True
179,15,0.005881834775209427,0.001,True,True,True,0.005764355956545675,True,0.20000000298023224,1.3843366652810457e-12,0.20000000298161658,True,True
179,16,0.008706964552402496,0.001,True,True,True,0.00890573651616422,True,0.20000000298023224,1.3843366652810537e-12,0.20000000298161658,True,True
179,17,0.011625640094280243,0.001,True,True,True,0.01198631918811599,True,0.20000000298023224,1.384336665281032e-12,0.20000000298161658,True,True
179,18,0.01592346280813217,0.001,True,True,True,0.017718538385036897,True,0.20000000298023224,1.3843366652810546e-12,0.20000000298161658,True,True
179,19,0.016775373369455338,0.001,True,True,True,0.024531100099541847,True,0.20000000298023224,1.3843366652810562e-12,0.20000000298161658,True,True
179,20,0.01403291430324316,0.001,True,True,True,0.023288654894637384,True,0.20000000298023224,1.9671902258608375e-13,0.20000000298042897,True,True
180,1,0.0040307193994522095,0.001,True,True,True,0.0011337209576720575,True,0.20000000298023224,3.38338421267956e-13,0.20000000298057058,True,True
180,2,0.0026903077960014343,0.001,True,True,True,0.00021649094438846994,True,0.1999999968123909,3.383389129234326e-13,0.19999999681272923,True,True
180,3,0.0019371770322322845,0.001,True,True,True,6.299405441723138e-12,True,0.19848430504242387,3.3680994117511703e-13,0.19848430504276068,True,True
180,4,0.0018293559551239014,0.001,True,True,True,0.0005129883978072236,True,0.19729607164394558,3.351149900523896e-13,0.1972960716442807,True,True
180,5,0.0025048144161701202,0.001,True,True,True,0.0016517354461427214,True,0.200000011683588,3.3839387051810517e-13,0.2000000116839264,True,True
180,6,0.0036194398999214172,0.001,True,True,True,0.0028246245048875185,True,0.20000000298023224,3.383384212669592e-13,0.20000000298057058,True,True
180,7,0.004668746143579483,0.001,True,True,True,0.003457269984514566,True,0.20000000298023224,3.383384212676014e-13,0.20000000298057058,True,True
180,8,0.005056604743003845,0.001,True,True,True,0.0028134592131525693,True,0.20000000298023224,3.3833842126796974e-13,0.20000000298057058,True,True
180,9,0.004025302827358246,0.001,True,True,True,1.775165814343893e-08,True,0.20000000298023224,3.383384212679544e-13,0.20000000298057058,True,True
180,10,0.0035873614251613617,0.001,True,True,True,0.0009388272538828346,True,0.20000000298023224,3.3833842126795197e-13,0.20000000298057058,True,True
180,11,0.0024702176451683044,0.001,True,True,True,4.830802424748981e-12,True,0.19999984221004727,3.3845163817239906e-13,0.19999984221038572,True,True
180,12,0.0020889826118946075,0.001,True,True,True,0.00030640106151924584,True,0.19983163624494904,3.35613280682469e-13,0.19983163624528466,True,True
180,13,0.0030829384922981262,0.001,True,True,True,0.002084898377748834,True,0.20000000296102916,3.383384213016305e-13,0.2000000029613675,True,True
180,14,0.005201719701290131,0.001,True,True,True,0.004724006815400861,True,0.20000000298023224,3.3833842126790915e-13,0.20000000298057058,True,True
180,15,0.007986892014741898,0.001,True,True,True,0.007878756926645636,True,0.20000000298023224,3.383384212679455e-13,0.20000000298057058,True,True
180,16,0.011070102453231812,0.001,True,True,True,0.01119606233693693,True,0.20000000298023224,3.383384212679536e-13,0.20000000298057058,True,True
180,17,0.014434605836868286,0.001,True,True,True,0.015865270693648847,True,0.20000000298023224,3.3833842126793177e-13,0.20000000298057058,True,True
180,18,0.018881753087043762,0.001,True,True,True,0.018605327849156028,True,0.20000000298023224,3.383384212679544e-13,0.20000000298057058,True,True
180,19,0.022000886499881744,0.001,True,True,True,0.020095257301843805,True,0.20000000298023224,3.38338421267956e-13,0.20000000298057058,True,True
180,20,0.024050530046224594,0.001,True,True,True,0.020585934290739516,True,0.20000000298023224,5.5165614280766426e-14,0.20000000298028742,True,True
181,1,0.0029151178896427155,0.001,True,True,True,0.000345792774989917,True,0.20000000345172597,2.8129104780451736e-14,0.2000000034517541,True,True
181,2,0.0020242109894752502,0.001,True,True,True,3.148592497836944e-12,True,0.19958378224287388,3.2048499978132616e-14,0.19958378224290593,True,True
181,3,0.001805577427148819,0.001,True,True,True,0.0004127101969437774,True,0.19564149067605818,2.781313018606201e-14,0.195641490676086,True,True
181,4,0.002338916063308716,0.001,True,True,True,0.001416126936715889,True,0.20000002653848076,2.8178505553254353e-14,0.20000002653850893,True,True
181,5,0.0033161938190460205,0.001,True,True,True,0.0024596744969591633,True,0.20000000298023313,2.8129104616615045e-14,0.20000000298026124,True,True
181,6,0.004252690821886063,0.001,True,True,True,0.003022618270165145,True,0.20000000298023224,2.8129104616500338e-14,0.20000000298026036,True,True
181,7,0.004584986716508865,0.001,True,True,True,0.002459054647169001,True,0.20000000298023224,2.8129104616522148e-14,0.20000000298026036,True,True
181,8,0.0035999082028865814,0.001,True,True,True,1.7149615061384793e-11,True,0.20000000298023224,2.8129104616270117e-14,0.20000000298026036,True,True
181,9,0.004083104431629181,0.001,True,True,True,0.001108731542833974,True,0.20000000298023224,2.812910461625477e-14,0.20000000298026036,True,True
181,10,0.00272156298160553,0.001,True,True,True,4.440892098500626e-13,True,0.20000000322549796,2.8129199794341963e-14,0.20000000322552608,True,True
181,11,0.0019670389592647552,0.001,True,True,True,8.308909116294672e-13,True,0.19868634632574755,2.7899559627432824e-14,0.19868634632577545,True,True
181,12,0.00245106965303421,0.001,True,True,True,0.0015363754965547205,True,0.2000000265522597,2.8174443997495237e-14,0.20000002655228788,True,True
181,13,0.004239566624164581,0.001,True,True,True,0.004069590501454501,True,0.20000000298023224,2.812910461643006e-14,0.20000000298026036,True,True
181,14,0.0068634748458862305,0.001,True,True,True,0.007258448909846615,True,0.20000000298023224,2.8129104616416327e-14,0.20000000298026036,True,True
181,15,0.009978014975786209,0.001,True,True,True,0.010783180945269644,True,0.20000000298023224,2.8129104616245883e-14,0.20000000298026036,True,True
181,16,0.013247467577457428,0.001,True,True,True,0.01433413174909326,True,0.20000000298023224,2.812910461625396e-14,0.20000000298026036,True,True
181,17,0.017032742500305176,0.001,True,True,True,0.017605498689382548,True,0.20000000298023224,2.8129104616438946e-14,0.20000000298026036,True,True
181,18,0.0197549257427454,0.001,True,True,True,0.018539616510062196,True,0.20000000298023224,2.812910461625477e-14,0.20000000298026036,True,True
181,19,0.021235266700387,0.001,True,True,True,0.018278496157224877,True,0.20000000298023224,2.8129104616256384e-14,0.20000000298026036,True,True
181,20,0.021722914651036263,0.001,True,True,True,0.017060741199293794,True,0.20000000298023224,7.317562869823162e-15,0.20000000298023957,True,True
182,1,0.0022406205534934998,0.001,True,True,True,0.0004984092809148244,True,0.1999939427739063,1.5689000251076756e-13,0.1999939427740632,True,True
182,2,0.0018905699253082275,0.001,True,True,True,0.0009972048165725056,True,0.20012076007029655,1.562113151965831e-13,0.20012076007045276,True,True
182,3,0.002280004322528839,0.001,True,True,True,0.001976461749892966,True,0.20000245900478034,1.5719654824664913e-13,0.20000245900493754,True,True
182,4,0.0030807703733444214,0.001,True,True,True,0.0029720034819820107,True,0.20000000298288195,1.56245680931861e-13,0.2000000029830382,True,True
182,5,0.0038475096225738525,0.001,True,True,True,0.0034471251134244874,True,0.20000000298023224,1.5624568092710148e-13,0.20000000298038847,True,True
182,6,0.00408882275223732,0.001,True,True,True,0.0027275630091494474,True,0.20000000298023224,1.5624568092703847e-13,0.20000000298038847,True,True
182,7,0.003193490207195282,0.001,True,True,True,1.0248770720977518e-09,True,0.20000000298029577,1.5624568092716368e-13,0.200000002980452,True,True
182,8,0.004417873919010162,0.001,True,True,True,0.0011517304605259682,True,0.20000000298023224,1.5624568092717014e-13,0.20000000298038847,True,True
182,9,0.002951953560113907,0.001,True,True,True,3.523217167078485e-05,True,0.20000000264586287,1.5624568144522835e-13,0.2000000026460191,True,True
182,10,0.002061072736978531,0.001,True,True,True,2.7475799413423374e-12,True,0.1996843423184983,1.5643690605558804e-13,0.19968434231865473,True,True
182,11,0.0022706277668476105,0.001,True,True,True,0.0014493989609194458,True,0.20000093927628965,1.5810989796899812e-13,0.20000093927644777,True,True
182,12,0.003830552101135254,0.001,True,True,True,0.0040512892131121525,True,0.20000000298023224,1.5624568092705301e-13,0.20000000298038847,True,True
182,13,0.00632864236831665,0.001,True,True,True,0.007364927090730777,True,0.20000000298023224,1.562456809270716e-13,0.20000000298038847,True,True
182,14,0.009464699774980545,0.001,True,True,True,0.011130477487320878,True,0.20000000298023224,1.5624568092710956e-13,0.20000000298038847,True,True
182,15,0.012931931763887405,0.001,True,True,True,0.015073209252908226,True,0.20000000298023224,1.562456809271459e-13,0.20000000298038847,True,True
182,16,0.016319554299116135,0.001,True,True,True,0.0034008200118587073,True,0.20000000298023224,1.562456809271023e-13,0.20000000298038847,True,True
182,17,0.014042630791664124,0.001,True,True,True,0.0014797097534859915,True,0.20000000298023224,1.5624568092708048e-13,0.20000000298038847,True,True
182,18,0.012902427464723587,0.001,True,True,True,0.0005828749234797481,True,0.20000000298023224,1.562456809271031e-13,0.20000000298038847,True,True
182,19,0.012482766062021255,0.001,True,True,True,0.00032070172295584065,True,0.20000000298023224,1.5624568092710471e-13,0.20000000298038847,True,True
182,20,0.012397315353155136,0.001,True,True,True,0.00032706381923297556,True,0.20000000298023224,3.425480382994744e-14,0.2000000029802665,True,True
183,1,0.0024545863270759583,0.001,True,True,True,0.0016112049587910793,True,0.20000000824988778,5.325644052121458e-13,0.20000000825042036,True,True
183,2,0.0029167160391807556,0.001,True,True,True,0.0026172607163761352,True,0.2000000033902965,5.320735567060302e-13,0.20000000339082857,True,True
183,3,0.003750886768102646,0.001,True,True,True,0.003615073785395273,True,0.20000000298023224,5.32073554693965e-13,0.2000000029807643,True,True
183,4,0.004522461444139481,0.001,True,True,True,0.004072603132075692,True,0.20000000298023224,5.320735546940684e-13,0.2000000029807643,True,True
183,5,0.0046898312866687775,0.001,True,True,True,0.003318281946773416,True,0.20000000298023224,5.32073554694272e-13,0.2000000029807643,True,True
183,6,0.0035815350711345673,0.001,True,True,True,0.0005365523411140494,True,0.20000000298023224,5.32073554694209e-13,0.2000000029807643,True,True
183,7,0.004585050046443939,0.001,True,True,True,0.0013336172678797276,True,0.20000000298023224,5.320735546943342e-13,0.2000000029807643,True,True
183,8,0.003176342695951462,0.001,True,True,True,0.00018370879581008914,True,0.200000002980024,5.32073554695995e-13,0.20000000298055606,True,True
183,9,0.0023663267493247986,0.001,True,True,True,1.0165202013467933e-11,True,0.1999987756315807,5.30008612708486e-13,0.19999877563211071,True,True
183,10,0.0025502294301986694,0.001,True,True,True,0.0011338497908859324,True,0.19999999118681555,5.321586533037295e-13,0.1999999911873477,True,True
183,11,0.003937501460313797,0.001,True,True,True,0.0033647563597256624,True,0.20000000298023224,5.320735546945321e-13,0.2000000029807643,True,True
183,12,0.006480954587459564,0.001,True,True,True,0.006451215710630898,True,0.20000000298023224,5.320735546942235e-13,0.2000000029807643,True,True
183,13,0.009725254029035568,0.001,True,True,True,0.01006443276199609,True,0.20000000298023224,5.320735546942421e-13,0.2000000029807643,True,True
183,14,0.013418033719062805,0.001,True,True,True,0.013967721494551055,True,0.20000000298023224,5.320735546942801e-13,0.2000000029807643,True,True
183,15,0.009135638363659382,0.001,True,True,True,0.004129868998122621,True,0.20000000298023224,5.320735546943164e-13,0.2000000029807643,True,True
183,16,0.005565553903579712,0.001,True,True,True,0.0021465500149850936,True,0.20000000298023224,5.320735546942728e-13,0.2000000029807643,True,True
183,17,0.0035884641110897064,0.001,True,True,True,0.000798584045419215,True,0.2000000029802322,5.320735546934238e-13,0.20000000298076429,True,True
183,18,0.0026175901293754578,0.001,True,True,True,0.00016927425235935267,True,0.1999999608851279,5.321929304290445e-13,0.19999996088566008,True,True
183,19,0.0022648684680461884,0.001,True,True,True,4.275824139199358e-11,True,0.1999652754304304,5.494507599711852e-13,0.19996527543097986,True,True
183,20,0.002169780433177948,0.001,True,True,True,5.890559894439207e-05,True,0.19984983151204366,1.3904392874365196e-13,0.19984983151218272,True,True
184,1,0.0034220926463603973,0.001,True,True,True,0.0030695470036152805,True,0.20000000298023224,8.379449866159204e-15,0.20000000298024062,True,True
184,2,0.0042474716901779175,0.001,True,True,True,0.004079202300006912,True,0.20000000298023224,8.379449866159204e-15,0.20000000298024062,True,True
184,3,0.005016312003135681,0.001,True,True,True,0.004589498742934017,True,0.20000000298023224,8.379449866155973e-15,0.20000000298024062,True,True
184,4,0.005195628851652145,0.001,True,True,True,0.004002480138708631,True,0.20000000298023224,8.379449866155973e-15,0.20000000298024062,True,True
184,5,0.004117976874113083,0.001,True,True,True,0.0015965936645396805,True,0.20000000298023224,8.379449866155973e-15,0.20000000298024062,True,True
184,6,0.00456475093960762,0.001,True,True,True,0.0011970947849964109,True,0.20000000298023224,8.379449866157589e-15,0.20000000298024062,True,True
184,7,0.003113631159067154,0.001,True,True,True,0.00015951001922531738,True,0.20000000297895554,8.379449866192324e-15,0.20000000297896392,True,True
184,8,0.0021465420722961426,0.001,True,True,True,2.0472512574087887e-13,True,0.19993103474777718,8.422194220866033e-15,0.1999310347477856,True,True
184,9,0.002035394310951233,0.001,True,True,True,0.0010823543583000639,True,0.19999433857469495,8.423666741065034e-15,0.19999433857470336,True,True
184,10,0.003142092376947403,0.001,True,True,True,0.0032654198157884284,True,0.20000000297854065,8.379449866187477e-15,0.20000000297854903,True,True
184,11,0.005374006927013397,0.001,True,True,True,0.006294457819832067,True,0.20000000298023224,8.37944986616082e-15,0.20000000298024062,True,True
184,12,0.008313599973917007,0.001,True,True,True,0.009919790497535219,True,0.20000000298023224,8.379449866155973e-15,0.20000000298024062,True,True
184,13,0.011761032044887543,0.001,True,True,True,0.013988541425648426,True,0.20000000298023224,8.379449866161628e-15,0.20000000298024062,True,True
184,14,0.01008488517254591,0.001,True,True,True,0.008625286761584583,True,0.20000000298023224,8.379449866157589e-15,0.20000000298024062,True,True
184,15,0.005940120667219162,0.001,True,True,True,0.0051592707092915635,True,0.20000000298023224,8.379449866161628e-15,0.20000000298024062,True,True
184,16,0.0034904703497886658,0.001,True,True,True,0.002735818696978587,True,0.2000000029802317,8.379449866156781e-15,0.2000000029802401,True,True
184,17,0.002097543329000473,0.001,True,True,True,0.001176279715542794,True,0.20000631240228806,8.376134722288126e-15,0.20000631240229644,True,True
184,18,0.0014603659510612488,0.001,True,True,True,0.0003613869500982414,True,0.12285742967844726,8.333334005278773e-15,0.12285742967845559,True,True
184,19,0.0013177506625652313,0.001,True,True,True,0.00020715066122245496,True,1.8803802959155291e-10,8.330855249083303e-15,1.88046360446802e-10,True,True
184,20,0.001427769660949707,0.001,True,True,True,0.00045330655080988436,True,0.15501829653499044,1.0515417416433008e-15,0.1550182965349915,True,True
185,1,0.004633881151676178,0.001,True,True,True,0.004329515069552592,True,0.20000000298023224,4.919603494458914e-11,0.20000000302942827,True,True
185,2,0.005381319671869278,0.001,True,True,True,0.004867745945991819,True,0.20000000298023224,4.919603494458914e-11,0.20000000302942827,True,True
185,3,0.005610868334770203,0.001,True,True,True,0.004388971105354855,True,0.20000000298023224,4.9196034944589136e-11,0.20000000302942827,True,True
185,4,0.004739508032798767,0.001,True,True,True,0.002221233004070289,True,0.20000000298023224,4.9196034944589136e-11,0.20000000302942827,True,True
185,5,0.0041920579969882965,0.001,True,True,True,0.0012918233492482667,True,0.20000000298023224,4.9196034944589136e-11,0.20000000302942827,True,True
185,6,0.002867322415113449,0.001,True,True,True,0.0002426001237387787,True,0.2000000007526209,4.919603468894732e-11,0.20000000080181693,True,True
185,7,0.001968473196029663,0.001,True,True,True,1.307799202265869e-09,True,0.19895174531775806,4.925231263015113e-11,0.19895174536701038,True,True
185,8,0.0018759705126285553,0.001,True,True,True,0.0009146149432939232,True,0.1998705827359739,4.9492792330682864e-11,0.1998705827854667,True,True
185,9,0.002997126430273056,0.001,True,True,True,0.0029916169682053795,True,0.20000000286231157,4.91960349339398e-11,0.2000000029115076,True,True
185,10,0.005106687545776367,0.001,True,True,True,0.005839457658901592,True,0.20000000298023224,4.919603494458917e-11,0.20000000302942827,True,True
185,11,0.007958929985761642,0.001,True,True,True,0.009329917841709667,True,0.20000000298023224,4.919603494458914e-11,0.20000000302942827,True,True
185,12,0.011424362659454346,0.001,True,True,True,0.013364746335073896,True,0.20000000298023224,4.9196034944589136e-11,0.20000000302942827,True,True
185,13,0.014748862944543362,0.001,True,True,True,0.012021702418729019,True,0.20000000298023224,4.919603494458914e-11,0.20000000302942827,True,True
185,14,0.00996466726064682,0.001,True,True,True,0.007556596856227893,True,0.20000000298023224,4.919603494458914e-11,0.20000000302942827,True,True
185,15,0.006528355181217194,0.001,True,True,True,0.004428640347349466,True,0.20000000298023224,4.919603494458914e-11,0.20000000302942827,True,True
185,16,0.004160132259130478,0.001,True,True,True,0.00215652149714729,True,0.20000000298023224,4.9196034944589136e-11,0.20000000302942827,True,True
185,17,0.0026797428727149963,0.001,True,True,True,0.0006832101832285886,True,0.20000000510653612,4.919557407600814e-11,0.20000000515573169,True,True
185,18,0.0019533783197402954,0.001,True,True,True,1.4645564760940033e-09,True,0.19728258146535183,4.888678055084802e-11,0.1972825815142386,True,True
185,19,0.0018869377672672272,0.001,True,True,True,0.00015633308222295916,True,0.1949375893762184,4.9621166800114035e-11,0.19493758942583958,True,True
185,20,0.002129439264535904,0.001,True,True,True,0.0005407980339913188,True,0.19986269110816118,7.668294744186217e-12,0.19986269111582947,True,True
186,1,0.005609501153230667,0.001,True,True,True,0.004999620796943605,True,0.20000000298023224,4.589067193189872e-13,0.20000000298069115,True,True
186,2,0.005965828895568848,0.001,True,True,True,0.004683598397264177,True,0.20000000298023224,4.589067193189872e-13,0.20000000298069115,True,True
186,3,0.0052073635160923,0.001,True,True,True,0.0026873178501285455,True,0.20000000298023224,4.589067193189807e-13,0.20000000298069115,True,True
186,4,0.004186078906059265,0.001,True,True,True,0.001396382578391142,True,0.20000000298023224,4.589067193189807e-13,0.20000000298069115,True,True
186,5,0.0029398202896118164,0.001,True,True,True,0.00033179389824611327,True,0.20000000275891858,4.589067194761451e-13,0.2000000027593775,True,True
186,6,0.0020647160708904266,0.001,True,True,True,1.0132117367334104e-11,True,0.19976390969018915,4.576015345091343e-13,0.19976390969064675,True,True
186,7,0.0019287876784801483,0.001,True,True,True,0.0007402929920172774,True,0.1995259499303681,4.578612914321349e-13,0.19952594993082595,True,True
186,8,0.0029363706707954407,0.001,True,True,True,0.0026101320209404033,True,0.2000000023835886,4.589067196333546e-13,0.2000000023840475,True,True
186,9,0.004899311810731888,0.001,True,True,True,0.005254651215164552,True,0.20000000298023224,4.589067193187675e-13,0.20000000298069115,True,True
186,10,0.007602240890264511,0.001,True,True,True,0.008573152045546317,True,0.20000000298023224,4.589067193190131e-13,0.20000000298069115,True,True
186,11,0.010952770709991455,0.001,True,True,True,0.012496601640653582,True,0.20000000298023224,4.589067193189872e-13,0.20000000298069115,True,True
186,12,0.01487966999411583,0.001,True,True,True,0.017007503771742982,True,0.20000000298023224,4.589067193189807e-13,0.20000000298069115,True,True
186,13,0.013099778443574905,0.001,True,True,True,0.010073966982178106,True,0.20000000298023224,4.589067193189872e-13,0.20000000298069115,True,True
186,14,0.008982915431261063,0.001,True,True,True,0.006441986342268002,True,0.20000000298023224,4.589067193189872e-13,0.20000000298069115,True,True
186,15,0.00586208701133728,0.001,True,True,True,0.003625715691499609,True,0.20000000298023224,4.589067193189872e-13,0.20000000298069115,True,True
186,16,0.0036173760890960693,0.001,True,True,True,0.0015947569334797684,True,0.20000000298023224,4.589067193206351e-13,0.20000000298069115,True,True
186,17,0.0021809376776218414,0.001,True,True,True,0.0003657066966513689,True,0.19992644074063118,4.592723247025478e-13,0.19992644074109045,True,True
186,18,0.0015318840742111206,0.001,True,True,True,9.5714547398984e-12,True,0.06680716323899105,4.582405554296505e-13,0.0668071632394493,True,True
186,19,0.0017459690570831299,0.001,True,True,True,0.0005870336506916818,True,0.19239738435545206,4.589426109758736e-13,0.192397384355911,True,True
186,20,0.0021579936146736145,0.001,True,True,True,0.0011117517646959119,True,0.1999860140010658,4.9942166825625624e-14,0.19998601400111574,True,True
187,1,0.005892563611268997,0.001,True,True,True,0.003995879120095802,True,0.20000000298023224,2.667100079584031e-12,0.20000000298289933,True,True
187,2,0.005318045616149902,0.001,True,True,True,0.0026343586193883217,True,0.20000000298023224,2.667100079584031e-12,0.20000000298289933,True,True
187,3,0.004187744110822678,0.001,True,True,True,0.0012725009136558274,True,0.20000000298023224,2.6671000795840244e-12,0.20000000298289933,True,True
187,4,0.0029616355895996094,0.001,True,True,True,0.00028286647983621904,True,0.20000000287908357,2.6671000818289926e-12,0.20000000288175065,True,True
187,5,0.002058275043964386,0.001,True,True,True,1.0251333115718353e-10,True,0.1997466627344603,2.7185608507551054e-12,0.19974666273717884,True,True
187,6,0.001831892877817154,0.001,True,True,True,0.0007312829949157607,True,0.19880364679192475,2.6687091287501907e-12,0.19880364679459345,True,True
187,7,0.002676136791706085,0.001,True,True,True,0.0025963122888108536,True,0.2000000051706746,2.667110678263314e-12,0.2000000051733417,True,True
187,8,0.004459448158740997,0.001,True,True,True,0.005202460507329976,True,0.20000000298023224,2.6671000795873783e-12,0.20000000298289933,True,True
187,9,0.00699162483215332,0.001,True,True,True,0.008476830814429626,True,0.20000000298023224,2.667100079583811e-12,0.20000000298289933,True,True
187,10,0.01019708439707756,0.001,True,True,True,0.012382572735501363,True,0.20000000298023224,2.6671000795840567e-12,0.20000000298289933,True,True
187,11,0.014029771089553833,0.001,True,True,True,0.01693368067589862,True,0.20000000298023224,2.667100079584031e-12,0.20000000298289933,True,True
187,12,0.016107570379972458,0.001,True,True,True,0.0128217085121749,True,0.20000000298023224,2.6671000795840244e-12,0.20000000298289933,True,True
187,13,0.01152399554848671,0.001,True,True,True,0.008775116658807702,True,0.20000000298023224,2.667100079584031e-12,0.20000000298289933,True,True
187,14,0.007895391434431076,0.001,True,True,True,0.005416460485245578,True,0.20000000298023224,2.667100079584031e-12,0.20000000298289933,True,True
187,15,0.005103018134832382,0.001,True,True,True,0.002802963782519985,True,0.20000000298023224,2.667100079584031e-12,0.20000000298289933,True,True
187,16,0.003110527992248535,0.001,True,True,True,0.000972277374619912,True,0.20000000292753753,2.667100080343376e-12,0.20000000293020462,True,True
187,17,0.0019285008311271667,0.001,True,True,True,1.7743162494809894e-10,True,0.1965357547678499,2.6837555208702423e-12,0.19653575477053364,True,True
187,18,0.0016122162342071533,0.001,True,True,True,1.3913337149062954e-10,True,0.12267070291341042,2.6687895541332112e-12,0.12267070291607922,True,True
187,19,0.002199973911046982,0.001,True,True,True,0.0008661971540000479,True,0.1999745293907596,2.670536015277788e-12,0.19997452939343013,True,True
187,20,0.00273808091878891,0.001,True,True,True,0.001485998349219475,True,0.19999999779382324,4.3462306428217494e-13,0.19999999779425787,True,True
188,1,0.005188222974538803,0.001,True,True,True,0.002707867182929702,True,0.20000000298023224,8.871683569375363e-17,0.20000000298023232,True,True
188,2,0.00409466028213501,0.001,True,True,True,0.001336948211521749,True,0.20000000298023224,8.871683569375363e-17,0.20000000298023232,True,True
188,3,0.0029569491744041443,0.001,True,True,True,0.0003326190521435457,True,0.20000000287104283,8.871683579068886e-17,0.20000000287104291,True,True
188,4,0.002140551805496216,0.001,True,True,True,2.220446049250313e-15,True,0.19993686262002489,8.96060398014384e-17,0.19993686262002497,True,True
188,5,0.001969374716281891,0.001,True,True,True,0.0006268021611008923,True,0.19961000336427737,8.844723586386796e-17,0.19961000336427745,True,True
188,6,0.0028249844908714294,0.001,True,True,True,0.0023400018159975833,True,0.20000000635007892,8.871684494783674e-17,0.200000006350079,True,True
188,7,0.004572942852973938,0.001,True,True,True,0.004790122129090912,True,0.20000000298023224,8.871683572606538e-17,0.20000000298023232,True,True
188,8,0.007051285356283188,0.001,True,True,True,0.007920133818684949,True,0.20000000298023224,8.871683573252772e-17,0.20000000298023232,True,True
188,9,0.010207809507846832,0.001,True,True,True,0.01171306442895359,True,0.20000000298023224,8.871683573252772e-17,0.20000000298023232,True,True
188,10,0.014024578034877777,0.001,True,True,True,0.016203026365245066,True,0.20000000298023224,8.871683577130182e-17,0.20000000298023232,True,True
188,11,0.018520988523960114,0.001,True,True,True,0.021472278899320907,True,0.20000000298023224,8.871683569375363e-17,0.20000000298023232,True,True
188,12,0.014452476054430008,0.001,True,True,True,0.011314312955000405,True,0.20000000298023224,8.871683573899007e-17,0.20000000298023232,True,True
188,13,0.010356072336435318,0.001,True,True,True,0.007585462807778276,True,0.20000000298023224,8.871683569375363e-17,0.20000000298023232,True,True
188,14,0.007027789950370789,0.001,True,True,True,0.0045272715144475395,True,0.20000000298023224,8.871683569375363e-17,0.20000000298023232,True,True
188,15,0.004453927278518677,0.001,True,True,True,0.0021871178913090983,True,0.20000000298023224,8.871683569375363e-17,0.20000000298023232,True,True
188,16,0.0026631616055965424,0.001,True,True,True,0.0006437355233954722,True,0.20000000440410035,8.872163778093988e-17,0.20000000440410043,True,True
188,17,0.0017211772501468658,0.001,True,True,True,2.4424906541753444e-15,True,0.1687938428782445,8.83692195359885e-17,0.1687938428782446,True,True
188,18,0.0017741881310939789,0.001,True,True,True,0.00046231319769418633,True,0.19099019229184933,8.848770906160775e-17,0.1909901922918494,True,True
188,19,0.0026334673166275024,0.001,True,True,True,0.0015571007323247343,True,0.19999999826293358,8.873030211657781e-17,0.19999999826293366,True,True
188,20,0.0032512396574020386,0.001,True,True,True,0.0022636952929033782,True,0.2000000029790705,2.1734662211533297e-17,0.20000000297907053,True,True
189,1,0.004127416759729385,0.001,True,True,True,0.0014232398377711508,True,0.20000000298023224,1.0310580605994572e-14,0.20000000298024254,True,True
189,2,0.0029515698552131653,0.001,True,True,True,0.00036542679021489555,True,0.20000000285768257,1.0310580613852787e-14,0.20000000285769287,True,True
189,3,0.002104051411151886,0.001,True,True,True,1.5654144647214707e-13,True,0.1998848528930196,1.020881094454253e-14,0.19988485289302982,True,True
189,4,0.0018825754523277283,0.001,True,True,True,0.0005458119846668552,True,0.1986392832055115,1.0125419965396567e-14,0.19863928320552163,True,True
189,5,0.0026327669620513916,0.001,True,True,True,0.002142156122931338,True,0.200000000120906,1.0310663328030171e-14,0.2000000001209163,True,True
189,6,0.004251755774021149,0.001,True,True,True,0.004476455287222292,True,0.20000000298023224,1.0310580605942873e-14,0.20000000298024254,True,True
189,7,0.006592351943254471,0.001,True,True,True,0.007512252786734619,True,0.20000000298023224,1.0310580606026883e-14,0.20000000298024254,True,True
189,8,0.009617399424314499,0.001,True,True,True,0.01126014353757876,True,0.20000000298023224,1.0310580606033346e-14,0.20000000298024254,True,True
189,9,0.013327982276678085,0.001,True,True,True,0.015782989649172574,True,0.20000000298023224,1.0310580606033346e-14,0.20000000298024254,True,True
189,10,0.01776476949453354,0.001,True,True,True,0.021191906809741035,True,0.20000000298023224,1.031058060607212e-14,0.20000000298024254,True,True
189,11,0.017242860049009323,0.001,True,True,True,0.013827397970324284,True,0.20000000298023224,1.0310580605994572e-14,0.20000000298024254,True,True
189,12,0.012861784547567368,0.001,True,True,True,0.009728480444098686,True,0.20000000298023224,1.0310580606039808e-14,0.20000000298024254,True,True
189,13,0.00915980339050293,0.001,True,True,True,0.006236018329344173,True,0.20000000298023224,1.0310580605994572e-14,0.20000000298024254,True,True
189,14,0.006137743592262268,0.001,True,True,True,0.0034169471193903345,True,0.20000000298023224,1.0310580605994572e-14,0.20000000298024254,True,True
189,15,0.0038329139351844788,0.001,True,True,True,0.0013622719658519244,True,0.20000000298023224,1.0310580605994572e-14,0.20000000298024254,True,True
189,16,0.002311054617166519,0.001,True,True,True,0.00017621276756063509,True,0.19999086052194281,1.0285943144043178e-14,0.1999908605219531,True,True
189,17,0.0016554631292819977,0.001,True,True,True,1.361133428190442e-13,True,0.14485475173815132,1.0120921673925831e-14,0.14485475173816145,True,True
189,18,0.002137131989002228,0.001,True,True,True,0.0008850655916838868,True,0.19994165631696187,1.1294586460280689e-14,0.19994165631697317,True,True
189,19,0.0033134855329990387,0.001,True,True,True,0.002279891142382473,True,0.2000000029800695,1.0310580606123819e-14,0.2000000029800798,True,True
189,20,-0.00041688233613967896,0.001,False,True,False,1.3417322808351173e-12,True,,,,,
190,1,0.0030628852546215057,0.001,True,True,True,0.0004542086822110214,True,0.20000000297691622,1.2179275750069891e-14,0.2000000029769284,True,True
190,2,0.0021572336554527283,0.001,True,True,True,3.5060843117662444e-13,True,0.1999545332466078,1.2549610297421351e-14,0.19995453324662035,True,True
190,3,0.0018878206610679626,0.001,True,True,True,0.0004563231671512735,True,0.19846162148937463,1.2352299392591096e-14,0.19846162148938698,True,True
190,4,0.002543926239013672,0.001,True,True,True,0.0018892170823108234,True,0.20000000990684605,1.2180398354936765e-14,0.20000000990685823,True,True
190,5,0.0040516965091228485,0.001,True,True,True,0.004009189981829087,True,0.20000000298023224,1.2179275749729002e-14,0.20000000298024442,True,True
190,6,0.0062880367040634155,0.001,True,True,True,0.0067829912445083185,True,0.20000000298023224,1.2179275749730618e-14,0.20000000298024442,True,True
190,7,0.009236596524715424,0.001,True,True,True,0.010222226153466796,True,0.20000000298023224,1.2179275749732233e-14,0.20000000298024442,True,True
190,8,0.012925047427415848,0.001,True,True,True,0.014386151747077136,True,0.20000000298023224,1.2179275749732233e-14,0.20000000298024442,True,True
190,9,0.01742318645119667,0.001,True,True,True,0.019377596670408836,True,0.20000000298023224,1.2179275749732233e-14,0.20000000298024442,True,True
190,10,0.02014639973640442,0.001,True,True,True,0.015260224203079487,True,0.20000000298023224,1.2179275749731425e-14,0.20000000298024442,True,True
190,11,0.015524428337812424,0.001,True,True,True,0.011266238439290976,True,0.20000000298023224,1.2179275749732233e-14,0.20000000298024442,True,True
190,12,0.011500243097543716,0.001,True,True,True,0.007785219308773961,True,0.20000000298023224,1.2179275749731425e-14,0.20000000298024442,True,True
190,13,0.00809808075428009,0.001,True,True,True,0.004857730710117858,True,0.20000000298023224,1.2179275749732233e-14,0.20000000298024442,True,True
190,14,0.005373653024435043,0.001,True,True,True,0.002542984046543184,True,0.20000000298023224,1.2179275749732233e-14,0.20000000298024442,True,True
190,15,0.0034044496715068817,0.001,True,True,True,0.000906252817259201,True,0.20000000298022905,1.2179275749733849e-14,0.20000000298024123,True,True
190,16,0.002276141196489334,0.001,True,True,True,1.9606538614880265e-13,True,0.19997942033423596,1.243083236808571e-14,0.1999794203342484,True,True
190,17,0.002078711986541748,0.001,True,True,True,4.46709336188178e-12,True,0.19948739612778188,1.2354736627848259e-14,0.19948739612779423,True,True
190,18,0.0028819143772125244,0.001,True,True,True,0.0009628467332867263,True,0.19999999806272792,1.2179279334514096e-14,0.1999999980627401,True,True
190,19,0.004184342920780182,0.001,True,True,True,0.002431011199485411,True,0.20000000298023224,1.2179275749731425e-14,0.20000000298024442,True,True
190,20,0.0023415284231305122,0.001,True,True,True,3.0100297254698205e-12,True,0.19999758711702367,9.230196002559284e-15,0.19999758711703292,True,True
191,1,0.002364620566368103,0.001,True,True,True,0.00047409082922600376,True,0.1999994702765679,2.9073278403917154e-17,0.19999947027656792,True,True
191,2,0.002049565315246582,0.001,True,True,True,0.000864544455122962,True,0.19993829970826293,2.911177323281655e-17,0.19993829970826296,True,True
191,3,0.00259564071893692,0.001,True,True,True,0.002087035058380149,True,0.2000000019262157,2.9028024878526426e-17,0.20000000192621573,True,True
191,4,0.003925636410713196,0.001,True,True,True,0.003948693772741985,True,0.20000000298023224,2.902767764805778e-17,0.20000000298023227,True,True
191,5,0.005930699408054352,0.001,True,True,True,0.006415921997616536,True,0.20000000298023224,2.902767764765388e-17,0.20000000298023227,True,True
191,6,0.008592173457145691,0.001,True,True,True,0.009490373109297234,True,0.20000000298023224,2.902767764886557e-17,0.20000000298023227,True,True
191,7,0.011932715773582458,0.001,True,True,True,0.013212083518942652,True,0.20000000298023224,2.902767764765388e-17,0.20000000298023227,True,True
191,8,0.016013838350772858,0.001,True,True,True,0.01765668044150992,True,0.20000000298023224,2.902767764765388e-17,0.20000000298023227,True,True
191,9,0.02094910852611065,0.001,True,True,True,0.022712063591464826,True,0.20000000298023224,2.902767764765388e-17,0.20000000298023227,True,True
191,10,0.016768507659435272,0.001,True,True,True,0.011726063587701896,True,0.20000000298023224,2.902767764765388e-17,0.20000000298023227,True,True
191,11,0.012736372649669647,0.001,True,True,True,0.008342587592707673,True,0.20000000298023224,2.902767764765388e-17,0.20000000298023227,True,True
191,12,0.009219605475664139,0.001,True,True,True,0.0054758682338063025,True,0.20000000298023224,2.902767764765388e-17,0.20000000298023227,True,True
191,13,0.006253492087125778,0.001,True,True,True,0.0031721938812010464,True,0.20000000298023224,2.902767764765388e-17,0.20000000298023227,True,True
191,14,0.003890290856361389,0.001,True,True,True,0.0014904762354099876,True,0.20000000298023224,2.902767764765388e-17,0.20000000298023227,True,True
191,15,0.0021855011582374573,0.001,True,True,True,0.0004918763509145219,True,0.19995105219232345,2.9071836136970986e-17,0.19995105219232348,True,True
191,16,0.0011753663420677185,0.001,True,True,True,0.00022020440676495667,True,4.547473508864641e-13,2.903019940307089e-17,4.547763810858672e-13,True,True
191,17,0.0011586546897888184,0.001,True,True,True,0.0007479506611647313,True,0.6609553598113962,2.904256874044917e-17,0.6609553598113962,True,True
191,18,0.0021649636328220367,0.001,True,True,True,0.0019676522404017405,True,0.20009248856414624,2.9161490095141745e-17,0.20009248856414627,True,True
191,19,0.0036395378410816193,0.001,True,True,True,0.003462298490077842,True,0.20000000298023224,2.902767764765388e-17,0.20000000298023227,True,True
191,20,0.0010649696923792362,0.001,True,True,True,0.000198454241781873,True,7.403855306620244e-12,2.9957019080591235e-18,7.403858302322152e-12,True,True
192,1,0.0024844780564308167,0.001,True,True,True,0.0015990588207699385,True,0.20000001030152095,4.4220759972654675e-14,0.20000001030156517,True,True
192,2,0.0028631649911403656,0.001,True,True,True,0.0027290253177871815,True,0.20000000025626533,4.42202324749397e-14,0.20000000025630954,True,True
192,3,0.003984004259109497,0.001,True,True,True,0.004435967682077102,True,0.20000000298023224,4.422023242651005e-14,0.20000000298027645,True,True
192,4,0.005751356482505798,0.001,True,True,True,0.0066938645248342254,True,0.20000000298023224,4.422023242669544e-14,0.20000000298027645,True,True
192,5,0.008132092654705048,0.001,True,True,True,0.009503118861110993,True,0.20000000298023224,4.4220232426695036e-14,0.20000000298027645,True,True
192,6,0.011130068451166153,0.001,True,True,True,0.012893536440957476,True,0.20000000298023224,4.422023242669625e-14,0.20000000298027645,True,True
192,7,0.014784198254346848,0.001,True,True,True,0.016924158155765756,True,0.20000000298023224,4.4220232426695036e-14,0.20000000298027645,True,True
192,8,0.019188132137060165,0.001,True,True,True,0.021748355724456214,True,0.20000000298023224,4.4220232426695036e-14,0.20000000298027645,True,True
192,9,0.017059866338968277,0.001,True,True,True,0.013340308325227479,True,0.20000000298023224,4.4220232426695036e-14,0.20000000298027645,True,True
192,10,0.01314382255077362,0.001,True,True,True,0.009853859168994727,True,0.20000000298023224,4.4220232426695036e-14,0.20000000298027645,True,True
192,11,0.009719405323266983,0.001,True,True,True,0.006830880154661045,True,0.20000000298023224,4.4220232426695036e-14,0.20000000298027645,True,True
192,12,0.006811525672674179,0.001,True,True,True,0.004303225307584091,True,0.20000000298023224,4.4220232426695036e-14,0.20000000298027645,True,True
192,13,0.004466257989406586,0.001,True,True,True,0.0023167534308412563,True,0.20000000298023224,4.4220232426695036e-14,0.20000000298027645,True,True
192,14,0.0027433373034000397,0.001,True,True,True,0.0009264562309367896,True,0.20000000600857062,4.422023882907298e-14,0.20000000600861484,True,True
192,15,0.0017033219337463379,0.001,True,True,True,0.00018709914752856882,True,0.17420271097670081,4.418253067037335e-14,0.174202710976745,True,True
192,16,0.0013880953192710876,0.001,True,True,True,0.00013662878820253077,True,2.9683633329113945e-10,4.4063767129721676e-14,2.968803970582692e-10,True,True
192,17,0.0018889904022216797,0.001,True,True,True,0.0008245016495660451,True,0.19923748422625742,4.4105045606698234e-14,0.19923748422630153,True,True
192,18,0.0030595101416110992,0.001,True,True,True,0.002036987613357022,True,0.2000000027393376,4.4220232430270735e-14,0.20000000273938182,True,True
192,19,0.004509869962930679,0.001,True,True,True,0.003415861543376364,True,0.20000000298023224,4.4220232426695036e-14,0.20000000298027645,True,True
192,20,0.001212962088175118,0.001,True,True,True,0.0002147584058263402,True,4.143359433328442e-09,1.4917789853419958e-14,4.143374351118295e-09,True,True
193,1,0.003468535840511322,0.001,True,True,True,0.0031932365006930308,True,0.20000000298023224,1.2423432391807102e-13,0.20000000298035647,True,True
193,2,0.004483044147491455,0.001,True,True,True,0.004785563893195732,True,0.20000000298023224,1.242343239167414e-13,0.20000000298035647,True,True
193,3,0.006092336028814316,0.001,True,True,True,0.006869364529817901,True,0.20000000298023224,1.2423432391628822e-13,0.20000000298035647,True,True
193,4,0.008267577737569809,0.001,True,True,True,0.009444024523246997,True,0.20000000298023224,1.242343239164736e-13,0.20000000298035647,True,True
193,5,0.011007916182279587,0.001,True,True,True,0.012533183801677339,True,0.20000000298023224,1.242343239164732e-13,0.20000000298035647,True,True
193,6,0.014340613037347794,0.001,True,True,True,0.016184422910181295,True,0.20000000298023224,1.2423432391647442e-13,0.20000000298035647,True,True
193,7,0.018321819603443146,0.001,True,True,True,0.02046760340192666,True,0.20000000298023224,1.242343239164732e-13,0.20000000298035647,True,True
193,8,0.01863148808479309,0.001,True,True,True,0.015347165009585995,True,0.20000000298023224,1.242343239164732e-13,0.20000000298035647,True,True
193,9,0.014661312103271484,0.001,True,True,True,0.011821301040022991,True,0.20000000298023224,1.242343239164732e-13,0.20000000298035647,True,True
193,10,0.011143065989017487,0.001,True,True,True,0.008699711391529252,True,0.20000000298023224,1.242343239164732e-13,0.20000000298035647,True,True
193,11,0.008087784051895142,0.001,True,True,True,0.006001565631209349,True,0.20000000298023224,1.242343239164732e-13,0.20000000298035647,True,True
193,12,0.005526989698410034,0.001,True,True,True,0.0037593765039782845,True,0.20000000298023224,1.242343239164732e-13,0.20000000298035647,True,True
193,13,0.00350787490606308,0.001,True,True,True,0.0020148532472725744,True,0.2000000029802322,1.242343239164732e-13,0.20000000298035644,True,True
193,14,0.002086535096168518,0.001,True,True,True,0.0008132933668882902,True,0.1999129945893126,1.2421159816725498e-13,0.19991299458943682,True,True
193,15,0.0013193711638450623,0.001,True,True,True,0.0001960254351300872,True,4.6036348066991195e-09,1.240844754570203e-13,4.603758891174576e-09,True,True
193,16,0.0012447908520698547,0.001,True,True,True,0.00021999356819590865,True,4.604089554050006e-09,1.2407478382124532e-13,4.6042136288338275e-09,True,True
193,17,0.00188436359167099,0.001,True,True,True,0.0008949368311839123,True,0.19966782824961538,1.2519785324666642e-13,0.19966782824974058,True,True
193,18,0.003060031682252884,0.001,True,True,True,0.002039217075784805,True,0.20000000282561775,1.2423432391674018e-13,0.20000000282574198,True,True
193,19,0.004420299082994461,0.001,True,True,True,0.003299456450909233,True,0.20000000298023224,1.242343239164732e-13,0.20000000298035647,True,True
193,20,0.001214774209074676,0.001,True,True,True,0.00021321624576238485,True,5.688437454409723e-08,1.9739112810901334e-14,5.688439428321004e-08,True,True
194,1,0.004941318184137344,0.001,True,True,True,0.005127126817184413,True,0.20000000298023224,6.534968788974761e-14,0.20000000298029758,True,True
194,2,0.006429735571146011,0.001,True,True,True,0.007066626682462829,True,0.20000000298023224,6.534968788986555e-14,0.20000000298029758,True,True
194,3,0.00842297077178955,0.001,True,True,True,0.00944360603547345,True,0.20000000298023224,6.534968788961917e-14,0.20000000298029758,True,True
194,4,0.010920684784650803,0.001,True,True,True,0.012277364079856579,True,0.20000000298023224,6.534968788980456e-14,0.20000000298029758,True,True
194,5,0.013944879174232483,0.001,True,True,True,0.015608027126982504,True,0.20000000298023224,6.534968788980416e-14,0.20000000298029758,True,True
194,6,0.017540983855724335,0.001,True,True,True,0.01949422096772846,True,0.20000000298023224,6.534968788980537e-14,0.20000000298029758,True,True
194,7,0.0205816850066185,0.001,True,True,True,0.01745052623953658,True,0.20000000298023224,6.534968788980416e-14,0.20000000298029758,True,True
194,8,0.0166173093020916,0.001,True,True,True,0.013923585296043317,True,0.20000000298023224,6.534968788980416e-14,0.20000000298029758,True,True
194,9,0.01305747777223587,0.001,True,True,True,0.0107451946677799,True,0.20000000298023224,6.534968788980416e-14,0.20000000298029758,True,True
194,10,0.009902913123369217,0.001,True,True,True,0.00792689133772928,True,0.20000000298023224,6.534968788980416e-14,0.20000000298029758,True,True
194,11,0.007172245532274246,0.001,True,True,True,0.005491521131730126,True,0.20000000298023224,6.534968788980416e-14,0.20000000298029758,True,True
194,12,0.004897933453321457,0.001,True,True,True,0.0034696238449130057,True,0.20000000298023224,6.534968788980416e-14,0.20000000298029758,True,True
194,13,0.003121558576822281,0.001,True,True,True,0.001895458618089485,True,0.20000000297331383,6.534968789001095e-14,0.20000000297337917,True,True
194,14,0.0018893815577030182,0.001,True,True,True,0.0008031988360472919,True,0.19931961335652737,6.973152718449193e-14,0.1993196133565971,True,True
194,15,0.0012431666254997253,0.001,True,True,True,0.00021787066504708186,True,-1.0754774848464876e-10,6.496697543019303e-14,-1.0748278150921857e-10,True,True
194,16,0.001255132257938385,0.001,True,True,True,0.00021748132515453378,True,1.00041029327258e-06,6.497055880247863e-14,1.0004103582431388e-06,True,True
194,17,0.001919858157634735,0.001,True,True,True,0.0008240270073736067,True,0.1994516480323334,6.582928209262413e-14,0.19945164803239923,True,True
194,18,0.0030493885278701782,0.001,True,True,True,0.001866501101249085,True,0.20000000283270183,6.534968789441383e-14,0.20000000283276717,True,True
194,19,0.004300933331251144,0.001,True,True,True,0.0029928117290656253,True,0.20000000298023224,6.534968788980416e-14,0.20000000298029758,True,True
194,20,0.001213270821608603,0.001,True,True,True,0.00021179850032181785,True,2.678588373328239e-08,1.8777035472487173e-14,2.6785902510317863e-08,True,True
195,1,0.006770864129066467,0.001,True,True,True,0.007350958200782687,True,0.20000000298023224,2.2566565667290677e-12,0.2000000029824889,True,True
195,2,0.008618682622909546,0.001,True,True,True,0.009602298166589751,True,0.20000000298023224,2.2566565667291857e-12,0.2000000029824889,True,True
195,3,0.010915704071521759,0.001,True,True,True,0.01226296977927066,True,0.20000000298023224,2.2566565667289393e-12,0.2000000029824889,True,True
195,4,0.01368166133761406,0.001,True,True,True,0.015361478907899295,True,0.20000000298023224,2.2566565667291247e-12,0.2000000029824889,True,True
195,5,0.016955066472291946,0.001,True,True,True,0.018941736524747954,True,0.20000000298023224,2.2566565667291243e-12,0.2000000029824889,True,True
195,6,0.020802149549126625,0.001,True,True,True,0.02311520556718083,True,0.20000000298023224,2.2566565667291255e-12,0.2000000029824889,True,True
195,7,0.018707819283008575,0.001,True,True,True,0.01500735957852295,True,0.20000000298023224,2.2566565667291243e-12,0.2000000029824889,True,True
195,8,0.015146981924772263,0.001,True,True,True,0.011848758297644757,True,0.20000000298023224,2.2566565667291243e-12,0.2000000029824889,True,True
195,9,0.01193670928478241,0.001,True,True,True,0.009021054756976232,True,0.20000000298023224,2.2566565667291243e-12,0.2000000029824889,True,True
195,10,0.00908738374710083,0.001,True,True,True,0.006538394681451898,True,0.20000000298023224,2.2566565667291243e-12,0.2000000029824889,True,True
195,11,0.006621144711971283,0.001,True,True,True,0.004423007426798131,True,0.20000000298023224,2.2566565667291243e-12,0.2000000029824889,True,True
195,12,0.004568580538034439,0.001,True,True,True,0.002703074676217554,True,0.20000000298023224,2.2566565667291243e-12,0.2000000029824889,True,True
195,13,0.002964559942483902,0.001,True,True,True,0.0014098214144295795,True,0.20000000230648027,2.256656568042894e-12,0.20000000230873693,True,True
195,14,0.0018435828387737274,0.001,True,True,True,0.0005740189069651791,True,0.19737960077052286,2.331578504071502e-12,0.19737960077285444,True,True
195,15,0.0012311264872550964,0.001,True,True,True,0.00021791851223396108,True,8.446477295365185e-08,2.2496689558229357e-12,8.446702262260766e-08,True,True
195,16,0.0012246295809745789,0.001,True,True,True,0.0004067274063779269,True,0.19801483537071363,2.248461132324561e-12,0.19801483537296208,True,True
195,17,0.0018327869474887848,0.001,True,True,True,0.0011147415953014495,True,0.20204283591498573,2.273875635549544e-12,0.2020428359172596,True,True
195,18,0.0028700679540634155,0.001,True,True,True,0.0021703223288143114,True,0.20000000032539225,2.2566566091515558e-12,0.20000000032764892,True,True
195,19,0.003992423415184021,0.001,True,True,True,0.0032476186106125127,True,0.20000000298023224,2.2566565667291243e-12,0.2000000029824889,True,True
195,20,0.0012124211061745882,0.001,True,True,True,0.000210450908372406,True,1.3889351180296217e-07,1.0490018961566759e-12,1.3889456080485832e-07,True,True
196,1,0.008924700319766998,0.001,True,True,True,0.009857271813975554,True,0.20000000298023224,3.007374443675906e-17,0.20000000298023227,True,True
196,2,0.011113785207271576,0.001,True,True,True,0.012390869221642564,True,0.20000000298023224,3.007374443837465e-17,0.20000000298023227,True,True
196,3,0.01371866837143898,0.001,True,True,True,0.015311804226256776,True,0.20000000298023224,3.007374445049155e-17,0.20000000298023227,True,True
196,4,0.01676713302731514,0.001,True,True,True,0.018655433983035596,True,0.20000000298023224,3.0073744467859115e-17,0.20000000298023227,True,True
196,5,0.02030166983604431,0.001,True,True,True,0.02246767890927992,True,0.20000000298023224,3.007374446745522e-17,0.20000000298023227,True,True
196,6,0.01981060951948166,0.001,True,True,True,0.015992258300298712,True,0.20000000298023224,3.007374446866691e-17,0.20000000298023227,True,True
196,7,0.016291003674268723,0.001,True,True,True,0.012856605342445926,True,0.20000000298023224,3.007374446745522e-17,0.20000000298023227,True,True
196,8,0.013099301606416702,0.001,True,True,True,0.010025049897951943,True,0.20000000298023224,3.007374446745522e-17,0.20000000298023227,True,True
196,9,0.010239023715257645,0.001,True,True,True,0.007506541964211966,True,0.20000000298023224,3.007374446745522e-17,0.20000000298023227,True,True
196,10,0.007724393159151077,0.001,True,True,True,0.005317476280046973,True,0.20000000298023224,3.007374446745522e-17,0.20000000298023227,True,True
196,11,0.005578387528657913,0.001,True,True,True,0.00348049293536401,True,0.20000000298023224,3.007374446745522e-17,0.20000000298023227,True,True
196,12,0.0038296133279800415,0.001,True,True,True,0.0020224000348247895,True,0.20000000298023224,3.007374446745522e-17,0.20000000298023227,True,True
196,13,0.0025098174810409546,0.001,True,True,True,0.0009729253271053562,True,0.1999999713575546,3.007365788490954e-17,0.19999997135755462,True,True
196,14,0.001650102436542511,0.001,True,True,True,0.00036189754363480375,True,0.17543477421040166,3.0067243965213893e-17,0.17543477421040168,True,True
196,15,0.0012725628912448883,0.001,True,True,True,0.00021149262405639746,True,6.821210263296962e-13,3.005692665290903e-17,6.821510832563491e-13,True,True
196,16,0.0014441274106502533,0.001,True,True,True,0.0005712899094372226,True,0.20201359726939927,3.0057060549539514e-17,0.2020135972693993,True,True
196,17,0.0021378956735134125,0.001,True,True,True,0.001357270808501898,True,0.20001884903654377,3.006926711328288e-17,0.2000188490365438,True,True
196,18,0.003181789070367813,0.001,True,True,True,0.0024041338507938548,True,0.20000000297889475,3.0073744450087656e-17,0.20000000297889478,True,True
196,19,0.004251785576343536,0.001,True,True,True,0.0034216896803049845,True,0.20000000298023224,3.007374446745522e-17,0.20000000298023227,True,True
196,20,0.0012109674280509353,0.001,True,True,True,0.00020953680934744645,True,1.5049295143398922e-11,4.742238466686074e-18,1.5049299885637387e-11,True,True
197,1,0.011366095393896103,0.001,True,True,True,0.01261092693763688,True,0.20000000298023224,8.24755109346288e-12,0.20000000298847978,True,True
197,2,0.013844780623912811,0.001,True,True,True,0.01541394260507345,True,0.20000000298023224,8.247551093462881e-12,0.20000000298847978,True,True
197,3,0.016717884689569473,0.001,True,True,True,0.01858862697250152,True,0.20000000298023224,8.247551093462892e-12,0.20000000298847978,True,True
197,4,0.020018838346004486,0.001,True,True,True,0.022171153957468714,True,0.20000000298023224,8.24755109346291e-12,0.20000000298847978,True,True
197,5,0.020756207406520844,0.001,True,True,True,0.01671091841641026,True,0.20000000298023224,8.24755109346291e-12,0.20000000298847978,True,True
197,6,0.01728557050228119,0.001,True,True,True,0.01361022754555008,True,0.20000000298023224,8.24755109346291e-12,0.20000000298847978,True,True
197,7,0.014120861887931824,0.001,True,True,True,0.01079553538859046,True,0.20000000298023224,8.24755109346291e-12,0.20000000298847978,True,True
197,8,0.01126088947057724,0.001,True,True,True,0.008270611912974069,True,0.20000000298023224,8.24755109346291e-12,0.20000000298847978,True,True
197,9,0.008714340627193451,0.001,True,True,True,0.006046266608309647,True,0.20000000298023224,8.24755109346291e-12,0.20000000298847978,True,True
197,10,0.00649791955947876,0.001,True,True,True,0.004138980838436002,True,0.20000000298023224,8.24755109346291e-12,0.20000000298847978,True,True
197,11,0.0046347156167030334,0.001,True,True,True,0.0025700619079631615,True,0.20000000298023224,8.24755109346291e-12,0.20000000298847978,True,True
197,12,0.0031521841883659363,0.001,True,True,True,0.001364591648529201,True,0.20000000297903794,8.247551093467873e-12,0.20000000298728549,True,True
197,13,0.0020807385444641113,0.001,True,True,True,0.0005509632625511074,True,0.19986986915714128,8.245503888198107e-12,0.1998698691653868,True,True
197,14,0.0014501996338367462,0.001,True,True,True,0.00015794351288000996,True,0.0617508389464092,8.23732451823221e-12,0.06175083895464653,True,True
197,15,0.0012826621532440186,0.001,True,True,True,0.0002078173464512556,True,3.0758178581891116e-07,8.234885951470682e-12,3.0759002070486263e-07,True,True
197,16,0.00161714106798172,0.001,True,True,True,0.00070871777638426,True,0.19980031627065387,8.239667740033783e-12,0.19980031627889352,True,True
197,17,0.0023823678493499756,0.001,True,True,True,0.0015525807077720888,True,0.20000013292204438,8.245054711527953e-12,0.20000013293028943,True,True
197,18,0.003415267914533615,0.001,True,True,True,0.00258193024865383,True,0.20000000298023188,8.247551093462892e-12,0.20000000298847942,True,True
197,19,0.004425279796123505,0.001,True,True,True,0.003539450479436823,True,0.20000000298023224,8.24755109346291e-12,0.20000000298847978,True,True
197,20,0.0012098312145099044,0.001,True,True,True,0.00020867138217794956,True,8.16902812061926e-06,1.6670718475840528e-12,8.169029787691107e-06,True,True
198,1,0.014072336256504059,0.001,True,True,True,0.015473012850913292,True,0.20000000298023224,5.559522244528858e-17,0.2000000029802323,True,True
198,2,0.016832735389471054,0.001,True,True,True,0.018414136879990828,True,0.20000000298023224,5.559522244690417e-17,0.2000000029802323,True,True
198,3,0.019968129694461823,0.001,True,True,True,0.021731145940969254,True,0.20000000298023224,5.559522245821328e-17,0.2000000029802323,True,True
198,4,0.021442651748657227,0.001,True,True,True,0.018115942912427574,True,0.20000000298023224,5.559522247598474e-17,0.2000000029802323,True,True
198,5,0.01802283525466919,0.001,True,True,True,0.015141859648615474,True,0.20000000298023224,5.559522247598474e-17,0.2000000029802323,True,True
198,6,0.014894168823957443,0.001,True,True,True,0.012399197298236464,True,0.20000000298023224,5.559522247598474e-17,0.2000000029802323,True,True
198,7,0.012051668018102646,0.001,True,True,True,0.009892395888765337,True,0.20000000298023224,5.559522247598474e-17,0.2000000029802323,True,True
198,8,0.009498991072177887,0.001,True,True,True,0.007631705167085556,True,0.20000000298023224,5.559522247598474e-17,0.2000000029802323,True,True
198,9,0.007247205823659897,0.001,True,True,True,0.005631771828575438,True,0.20000000298023224,5.559522247598474e-17,0.2000000029802323,True,True
198,10,0.005313284695148468,0.001,True,True,True,0.003910204551273111,True,0.20000000298023224,5.559522247598474e-17,0.2000000029802323,True,True
198,11,0.0037189871072769165,0.001,True,True,True,0.0024866591980461372,True,0.20000000298023224,5.559522247598474e-17,0.2000000029802323,True,True
198,12,0.002490311861038208,0.001,True,True,True,0.0013824824081958287,True,0.1999999924218746,5.561288528945397e-17,0.19999999242187466,True,True
198,13,0.0016558952629566193,0.001,True,True,True,0.0006190230850815492,True,0.19264717054097957,5.561801418406802e-17,0.19264717054097963,True,True
198,14,0.0012443214654922485,0.001,True,True,True,0.000214192030030258,True,2.7284841053187847e-12,5.584955448400489e-17,2.7285399548732687e-12,True,True
198,15,0.0012775957584381104,0.001,True,True,True,0.00020861066791866278,True,3.183231456205249e-12,5.57453237636911e-17,3.1832872015290125e-12,True,True
198,16,0.0017531923949718475,0.001,True,True,True,0.0006126887466810782,True,0.1951556874638598,5.605181997510617e-17,0.19515568746385986,True,True
198,17,0.0025762617588043213,0.001,True,True,True,0.001352200523829561,True,0.2000000026657129,5.559664180805595e-17,0.20000000266571297,True,True
198,18,0.0035920552909374237,0.001,True,True,True,0.0022561024008704855,True,0.20000000298023224,5.559522245821328e-17,0.2000000029802323,True,True
198,19,0.004542544484138489,0.001,True,True,True,0.0030795532596470387,True,0.20000000298023224,5.559522247598474e-17,0.2000000029802323,True,True
198,20,0.001208845409564674,0.001,True,True,True,0.00020782442775658938,True,4.6426862354564946e-11,5.647773943708946e-18,4.642686800233889e-11,True,True
199,1,0.016877245157957077,0.001,True,True,True,0.01850615714899906,True,0.20000000298023224,1.7618152376918255e-14,0.20000000298024986,True,True
199,2,0.019766785204410553,0.001,True,True,True,0.021632137089625747,True,0.20000000298023224,1.761815237691987e-14,0.20000000298024986,True,True
199,3,0.02262922376394272,0.001,True,True,True,0.018738872730534206,True,0.20000000298023224,1.761815237693118e-14,0.20000000298024986,True,True
199,4,0.01938493549823761,0.001,True,True,True,0.015842597008385972,True,0.20000000298023224,1.761815237694895e-14,0.20000000298024986,True,True
199,5,0.01637886092066765,0.001,True,True,True,0.01316097539537231,True,0.20000000298023224,1.761815237694895e-14,0.20000000298024986,True,True
199,6,0.013607405126094818,0.001,True,True,True,0.010696518504147878,True,0.20000000298023224,1.761815237694895e-14,0.20000000298024986,True,True
199,7,0.011074099689722061,0.001,True,True,True,0.008456324130390103,True,0.20000000298023224,1.761815237694895e-14,0.20000000298024986,True,True
199,8,0.008788153529167175,0.001,True,True,True,0.006450930172815061,True,0.20000000298023224,1.761815237694895e-14,0.20000000298024986,True,True
199,9,0.00676364079117775,0.001,True,True,True,0.004693955865352262,True,0.20000000298023224,1.761815237694895e-14,0.20000000298024986,True,True
199,10,0.0050177015364170074,0.001,True,True,True,0.0032008388641280305,True,0.20000000298023224,1.761815237694895e-14,0.20000000298024986,True,True
199,11,0.003569856286048889,0.001,True,True,True,0.0019886849997110545,True,0.20000000298023224,1.761815237694895e-14,0.20000000298024986,True,True
199,12,0.0024411343038082123,0.001,True,True,True,0.0010757537553247598,True,0.1999999374484498,1.766532608116302e-14,0.19999993744846745,True,True
199,13,0.001652505248785019,0.001,True,True,True,0.00047996202185363046,True,0.18429624687009039,1.762818127598284e-14,0.184296246870108,True,True
199,14,0.0012215524911880493,0.001,True,True,True,0.0002153531261506192,True,4.972662281943485e-10,1.770075992069641e-14,4.972839289542692e-10,True,True
199,15,0.0012104213237762451,0.001,True,True,True,0.00032259899163178396,True,0.11819881716724012,1.7668768855089662e-14,0.11819881716725779,True,True
199,16,0.0016211792826652527,0.001,True,True,True,0.000795988063966746,True,0.2069786305390977,1.7704365824717883e-14,0.20697863053911542,True,True
199,17,0.0023578740656375885,0.001,True,True,True,0.0015524731371059364,True,0.20000023901893785,1.7665350211126548e-14,0.2000002390189555,True,True
199,18,0.003257185220718384,0.001,True,True,True,0.002425812821768014,True,0.20000000298018394,1.761815237693118e-14,0.20000000298020157,True,True
199,19,0.0040781013667583466,0.001,True,True,True,0.003190002710446782,True,0.20000000298023224,1.761815237694895e-14,0.20000000298024986,True,True
199,20,0.0012091402895748615,0.001,True,True,True,0.00020678784491478391,True,2.985061087201757e-09,1.7953596150688764e-15,2.985062882561372e-09,True,True
200,1,0.019866175949573517,0.001,True,True,True,0.02171378943646496,True,0.20000000298023224,3.347660178591771e-17,0.20000000298023227,True,True
200,2,0.02295522578060627,0.001,True,True,True,0.024987631669699306,True,0.20000000298023224,3.3476601787533296e-17,0.20000000298023227,True,True
200,3,0.02002863585948944,0.001,True,True,True,0.016403050024390575,True,0.20000000298023224,3.3476601760068315e-17,0.20000000298023227,True,True
200,4,0.017105504870414734,0.001,True,True,True,0.013780318736649644,True,0.20000000298023224,3.347660180368917e-17,0.20000000298023227,True,True
200,5,0.014398086816072464,0.001,True,True,True,0.01135561816098507,True,0.20000000298023224,3.347660180368917e-17,0.20000000298023227,True,True
200,6,0.011908281594514847,0.001,True,True,True,0.009134943813881247,True,0.20000000298023224,3.347660180368917e-17,0.20000000298023227,True,True
200,7,0.009642921388149261,0.001,True,True,True,0.007127297407141242,True,0.20000000298023224,3.347660180368917e-17,0.20000000298023227,True,True
200,8,0.007612794637680054,0.001,True,True,True,0.005344135220573865,True,0.20000000298023224,3.347660180368917e-17,0.20000000298023227,True,True
200,9,0.0058318376541137695,0.001,True,True,True,0.003799037148298101,True,0.20000000298023224,3.347660180368917e-17,0.20000000298023227,True,True
200,10,0.00431591272354126,0.001,True,True,True,0.002507009993083953,True,0.20000000298023224,3.347660180368917e-17,0.20000000298023227,True,True
200,11,0.0030823126435279846,0.001,True,True,True,0.0014845254917166262,True,0.20000000297334683,3.347660180368917e-17,0.20000000297334686,True,True
200,12,0.0021497495472431183,0.001,True,True,True,0.0007498338747278233,True,0.199973236041813,3.350682461805229e-17,0.19997323604181302,True,True
200,13,0.0015359781682491302,0.001,True,True,True,0.00032077391938512,True,0.14508490039440858,3.344256849136144e-17,0.1450849003944086,True,True
200,14,0.0012549757957458496,0.001,True,True,True,0.00021181821060989314,True,6.821210263296962e-13,3.3445567370048764e-17,6.821544718970662e-13,True,True
200,15,0.00135146826505661,0.001,True,True,True,0.0004540768958771757,True,0.17752406451756997,3.343738694960946e-17,0.17752406451757,True,True
200,16,0.0018166899681091309,0.001,True,True,True,0.001003865150698502,True,0.20114104609647399,3.3672324838982434e-17,0.201141046096474,True,True
200,17,0.0025646016001701355,0.001,True,True,True,0.001777202608854056,True,0.2000000049184742,3.3477988126084064e-17,0.20000000491847422,True,True
200,18,0.0034314878284931183,0.001,True,True,True,0.002621710986295822,True,0.20000000298023216,3.3476601760068315e-17,0.20000000298023218,True,True
200,19,0.004191827028989792,0.001,True,True,True,0.00333518793466947,True,0.20000000298023224,3.347660180368917e-17,0.20000000298023227,True,True
200,20,0.001206886488944292,0.001,True,True,True,0.00020614426033787464,True,7.16227077646181e-11,3.4940903020205614e-18,7.16227112587084e-11,True,True
201,1,0.023027099668979645,0.001,True,True,True,0.02510662236478023,True,0.20000000298023224,2.2908856824300732e-14,0.20000000298025514,True,True
201,2,0.020499005913734436,0.001,True,True,True,0.016701035146230447,True,0.20000000298023224,2.2908856824302347e-14,0.20000000298025514,True,True
201,3,0.01765463501214981,0.001,True,True,True,0.01412900297535935,True,0.20000000298023224,2.2908856824274882e-14,0.20000000298025514,True,True
201,4,0.015008658170700073,0.001,True,True,True,0.011749564110595356,True,0.20000000298023224,2.2908856824266805e-14,0.20000000298025514,True,True
201,5,0.012562185525894165,0.001,True,True,True,0.009564742111104696,True,0.20000000298023224,2.2908856824266805e-14,0.20000000298025514,True,True
201,6,0.01032060757279396,0.001,True,True,True,0.007579830905172669,True,0.20000000298023224,2.2908856824266805e-14,0.20000000298025514,True,True
201,7,0.008292730897665024,0.001,True,True,True,0.005802587913891655,True,0.20000000298023224,2.2908856824266805e-14,0.20000000298025514,True,True
201,8,0.006490148603916168,0.001,True,True,True,0.004242825279842322,True,0.20000000298023224,2.2908856824266805e-14,0.20000000298025514,True,True
201,9,0.004926435649394989,0.001,True,True,True,0.002911948291726807,True,0.20000000298023224,2.2908856824266805e-14,0.20000000298025514,True,True
201,10,0.0036169514060020447,0.001,True,True,True,0.0018231607466199229,True,0.20000000298023224,2.2908856824266805e-14,0.20000000298025514,True,True
201,11,0.0025786831974983215,0.001,True,True,True,0.0009917004545858532,True,0.2000000033973137,2.29088196967303e-14,0.2000000033973366,True,True
201,12,0.0018296130001544952,0.001,True,True,True,0.00043442259588788446,True,0.196413867424873,2.2925269786765157e-14,0.19641386742489592,True,True
201,13,0.0013877339661121368,0.001,True,True,True,0.0001688129274204364,True,0.02840137794532893,2.2902389381280938e-14,0.028401377945351833,True,True
201,14,0.0012670308351516724,0.001,True,True,True,0.0002090498897091564,True,5.766196409240365e-10,2.2906516191418648e-14,5.766425474402279e-10,True,True
201,15,0.0014929771423339844,0.001,True,True,True,0.0005623806841668078,True,0.19004122716529537,2.2903037083186163e-14,0.19004122716531827,True,True
201,16,0.0020284056663513184,0.001,True,True,True,0.0011666165508983362,True,0.2000398221288633,2.2909073198408927e-14,0.20003982212888619,True,True
201,17,0.002790626138448715,0.001,True,True,True,0.0019382949141983907,True,0.1999999967466381,2.2908856547723524e-14,0.199999996746661,True,True
201,18,0.0036277584731578827,0.001,True,True,True,0.002739005957620666,True,0.20000000298023224,2.2908856824300732e-14,0.20000000298025514,True,True
201,19,0.004337295889854431,0.001,True,True,True,0.0033902426358733972,True,0.20000000298023224,2.2908856824266805e-14,0.20000000298025514,True,True
201,20,0.0012063452741131186,0.001,True,True,True,0.00020555766240457074,True,4.1945253315134323e-07,3.929787031434942e-15,4.1945253708113025e-07,True,True
202,1,0.020776167511940002,0.001,True,True,True,0.017222293101869957,True,0.20000000298023224,1.7061785041001572e-13,0.20000000298040285,True,True
202,2,0.017999611794948578,0.001,True,True,True,0.014882977698913447,True,0.20000000298023224,1.7061785041001734e-13,0.20000000298040285,True,True
202,3,0.015411913394927979,0.001,True,True,True,0.012678074179865106,True,0.20000000298023224,1.7061785041014497e-13,0.20000000298040285,True,True
202,4,0.013013098388910294,0.001,True,True,True,0.010614406460935033,True,0.20000000298023224,1.706178504101369e-13,0.20000000298040285,True,True
202,5,0.010806720703840256,0.001,True,True,True,0.008701085980020729,True,0.20000000298023224,1.706178504101369e-13,0.20000000298040285,True,True
202,6,0.008798893541097641,0.001,True,True,True,0.0069484992514807775,True,0.20000000298023224,1.706178504101369e-13,0.20000000298040285,True,True
202,7,0.006998345255851746,0.001,True,True,True,0.005368341252446784,True,0.20000000298023224,1.706178504101369e-13,0.20000000298040285,True,True
202,8,0.005415298044681549,0.001,True,True,True,0.003972528340231429,True,0.20000000298023224,1.706178504101369e-13,0.20000000298040285,True,True
202,9,0.004062093794345856,0.001,True,True,True,0.002773862871398469,True,0.20000000298023224,1.706178504101369e-13,0.20000000298040285,True,True
202,10,0.0029524043202400208,0.001,True,True,True,0.0017852813096077558,True,0.20000000266583498,1.7061785026300214e-13,0.2000000026660056,True,True
202,11,0.0021018944680690765,0.001,True,True,True,0.0010203649424611605,True,0.1999829411897167,1.706091408343369e-13,0.19998294118988733,True,True
202,12,0.0015275999903678894,0.001,True,True,True,0.000492308022785215,True,0.1747789129872217,1.7118907536186574e-13,0.1747789129873929,True,True
202,13,0.0012466832995414734,0.001,True,True,True,0.00021186367620451563,True,-7.667040335945785e-10,1.7105332357546338e-13,-7.665329802710031e-10,True,True
202,14,0.0012731477618217468,0.001,True,True,True,0.00020726908630486207,True,1.28846704683383e-05,1.7126969113775228e-13,1.288467063960799e-05,True,True
202,15,0.001606583595275879,0.001,True,True,True,0.0004883235843051725,True,0.18026455635231287,1.7077553560282093e-13,0.18026455635248365,True,True
202,16,0.0021933838725090027,0.001,True,True,True,0.0010184332588201173,True,0.1999933839654583,1.7060702017287133e-13,0.1999933839656289,True,True
202,17,0.002952203154563904,0.001,True,True,True,0.001704210165222264,True,0.20000000253269923,1.7061785013633365e-13,0.20000000253286984,True,True
202,18,0.00374477356672287,0.001,True,True,True,0.0024105777959508856,True,0.20000000298023224,1.7061785041001572e-13,0.20000000298040285,True,True
202,19,0.004391856491565704,0.001,True,True,True,0.0029730133397785075,True,0.20000000298023224,1.706178504101369e-13,0.20000000298040285,True,True
202,20,0.0012056011473760009,0.001,True,True,True,0.0005724330383509724,True,0.4210930241815589,8.485953063894116e-14,0.4210930241816438,True,True
203,1,0.01848338544368744,0.001,True,True,True,0.01514508027444017,True,0.20000000298023224,6.060277737298968e-14,0.20000000298029283,True,True
203,2,0.016107548028230667,0.001,True,True,True,0.013002230516532709,True,0.20000000298023224,6.06027773729913e-14,0.20000000298029283,True,True
203,3,0.013872656971216202,0.001,True,True,True,0.010988264253054991,True,0.20000000298023224,6.060277737291213e-14,0.20000000298029283,True,True
203,4,0.011783752590417862,0.001,True,True,True,0.009112667648446093,True,0.20000000298023224,6.060277737290405e-14,0.20000000298029283,True,True
203,5,0.009848445653915405,0.001,True,True,True,0.007385307969133281,True,0.20000000298023224,6.060277737290405e-14,0.20000000298029283,True,True
203,6,0.008076444268226624,0.001,True,True,True,0.005816676128288734,True,0.20000000298023224,6.060277737290405e-14,0.20000000298029283,True,True
203,7,0.006478454917669296,0.001,True,True,True,0.0044173267997364984,True,0.20000000298023224,6.060277737290405e-14,0.20000000298029283,True,True
203,8,0.0050659626722335815,0.001,True,True,True,0.0031980978967478535,True,0.20000000298023224,6.060277737290405e-14,0.20000000298029283,True,True
203,9,0.00385119765996933,0.001,True,True,True,0.0021704350921614157,True,0.20000000298023224,6.060277737290405e-14,0.20000000298029283,True,True
203,10,0.002846665680408478,0.001,True,True,True,0.0013461900924705006,True,0.19999999626911266,6.060277683802839e-14,0.19999999626917325,True,True
203,11,0.002065129578113556,0.001,True,True,True,0.0007376856767875584,True,0.19991220430103118,6.059769338184126e-14,0.19991220430109177,True,True
203,12,0.0015190951526165009,0.001,True,True,True,0.0003571211371242722,True,0.14825713827553955,6.071875498536651e-14,0.14825713827560028,True,True
203,13,0.0012180209159851074,0.001,True,True,True,0.00021381568844791587,True,1.0937583283521235e-08,6.068690895766491e-14,1.0937643970430193e-08,True,True
203,14,0.0012083277106285095,0.001,True,True,True,0.0003293074969525911,True,0.12923309749294276,6.072014143824915e-14,0.1292330974930035,True,True
203,15,0.0014958828687667847,0.001,True,True,True,0.0006958042401761233,True,0.22146810577862652,6.067935204589445e-14,0.2214681057786872,True,True
203,16,0.0020254775881767273,0.001,True,True,True,0.0012701669961980855,True,0.20009152687543563,6.059958848103795e-14,0.20009152687549622,True,True
203,17,0.0027084089815616608,0.001,True,True,True,0.001964229638579784,True,0.1999999956153623,6.060274250661439e-14,0.1999999956154229,True,True
203,18,0.003412161022424698,0.001,True,True,True,0.0026548017086349684,True,0.20000000298023216,6.060277737298968e-14,0.20000000298029275,True,True
203,19,0.003973253071308136,0.001,True,True,True,0.0031936543731918565,True,0.20000000298023224,6.060277737290405e-14,0.20000000298029283,True,True
203,20,0.0015724534168839455,0.001,True,True,True,0.0009725685215289381,True,0.23215420208501225,1.7699175856942094e-14,0.23215420208502996,True,True
204,1,0.01638045161962509,0.001,True,True,True,0.013185254604521246,True,0.20000000298023224,6.471463939274988e-16,0.20000000298023288,True,True
204,2,0.014215756207704544,0.001,True,True,True,0.011218082827056719,True,0.20000000298023224,6.471463939291144e-16,0.20000000298023288,True,True
204,3,0.012182056903839111,0.001,True,True,True,0.009388066145468166,True,0.20000000298023224,6.47146393746553e-16,0.20000000298023288,True,True
204,4,0.010288134217262268,0.001,True,True,True,0.0077000900672297146,True,0.20000000298023224,6.471463938418726e-16,0.20000000298023288,True,True
204,5,0.008543051779270172,0.001,True,True,True,0.006159984721734846,True,0.20000000298023224,6.471463938418726e-16,0.20000000298023288,True,True
204,6,0.006957348436117172,0.001,True,True,True,0.004775405492996709,True,0.20000000298023224,6.471463938418726e-16,0.20000000298023288,True,True
204,7,0.005541618913412094,0.001,True,True,True,0.0035543355695262235,True,0.20000000298023224,6.471463938418726e-16,0.20000000298023288,True,True
204,8,0.0043069422245025635,0.001,True,True,True,0.0025055888901679424,True,0.20000000298023224,6.471463938418726e-16,0.20000000298023288,True,True
204,9,0.003264710307121277,0.001,True,True,True,0.001638732626424888,True,0.20000000298022383,6.471463941520654e-16,0.20000000298022447,True,True
204,10,0.0024269260466098785,0.001,True,True,True,0.0009644674234194905,True,0.19999991050243177,6.486443267345436e-16,0.1999999105024324,True,True
204,11,0.0018059685826301575,0.001,True,True,True,0.0004943562534822643,True,0.19619502560462365,6.525026707386339e-16,0.19619502560462432,True,True
204,12,0.001413550227880478,0.001,True,True,True,0.00023965522536673056,True,0.07639222531270207,6.474946786136043e-16,0.07639222531270272,True,True
204,13,0.0012588053941726685,0.001,True,True,True,0.00020927783097324237,True,8.526512829121202e-11,6.478101567043085e-16,8.526577610136873e-11,True,True
204,14,0.0013653039932250977,0.001,True,True,True,0.00041927792637963535,True,0.15497702526295143,6.483932533399232e-16,0.15497702526295207,True,True
204,15,0.001723598688840866,0.001,True,True,True,0.0008389867697180531,True,0.20097326565824858,6.479364309898468e-16,0.20097326565824922,True,True
204,16,0.0022900626063346863,0.001,True,True,True,0.001425048952638841,True,0.20000037691035205,6.486333478037645e-16,0.2000003769103527,True,True
204,17,0.0029772259294986725,0.001,True,True,True,0.002097002271217452,True,0.20000000281559735,6.471463935252176e-16,0.200000002815598,True,True
204,18,0.0036622434854507446,0.001,True,True,True,0.0027460467650783915,True,0.20000000298023224,6.471463939274988e-16,0.20000000298023288,True,True
204,19,0.00419650599360466,0.001,True,True,True,0.0032428752795479188,True,0.20000000298023224,6.471463938418726e-16,0.20000000298023288,True,True
204,20,0.0019750844221562147,0.001,True,True,True,0.001473794388015301,True,0.20023694073051268,3.907296489521198e-16,0.20023694073051307,True,True
205,1,0.014428287744522095,0.001,True,True,True,0.011505710036453287,True,0.20000000298023224,3.034812589282383e-17,0.20000000298023227,True,True
205,2,0.012457326054573059,0.001,True,True,True,0.00976517381863573,True,0.20000000298023224,3.034812589443942e-17,0.20000000298023227,True,True
205,3,0.010616887360811234,0.001,True,True,True,0.00814295152879474,True,0.20000000298023224,3.034812589443942e-17,0.20000000298023227,True,True
205,4,0.008913960307836533,0.001,True,True,True,0.006646435636073367,True,0.20000000298023224,3.034812589443942e-17,0.20000000298023227,True,True
205,5,0.007356427609920502,0.001,True,True,True,0.005283281034487164,True,0.20000000298023224,3.034812589443942e-17,0.20000000298023227,True,True
205,6,0.005953095853328705,0.001,True,True,True,0.004061611675795662,True,0.20000000298023224,3.034812589443942e-17,0.20000000298023227,True,True
205,7,0.004712868481874466,0.001,True,True,True,0.002989374306436199,True,0.20000000298023224,3.034812589443942e-17,0.20000000298023227,True,True
205,8,0.0036455169320106506,0.001,True,True,True,0.0020752299974717836,True,0.20000000298023224,3.034812589443942e-17,0.20000000298023227,True,True
205,9,0.002761051058769226,0.001,True,True,True,0.0013279939408941122,True,0.19999999692647197,3.0348130592566804e-17,0.199999996926472,True,True
205,10,0.002070542424917221,0.001,True,True,True,0.0007574055526080592,True,0.19992668067917424,3.038416753828653e-17,0.19992668067917427,True,True
205,11,0.0015856549143791199,0.001,True,True,True,0.00037343526278665884,True,0.16683452425445466,3.039389709999208e-17,0.1668345242544547,True,True
205,12,0.0013176053762435913,0.001,True,True,True,0.00018491119754027174,True,1.3642420526593924e-12,3.0230139118533603e-17,1.3642722827985109e-12,True,True
205,13,0.001275181770324707,0.001,True,True,True,0.00020509384574363132,True,1.5916157281026244e-12,3.0248128388848227e-17,1.5916459762310133e-12,True,True
205,14,0.0014689043164253235,0.001,True,True,True,0.00044129663826097953,True,0.15974971039872798,3.026294226304086e-17,0.159749710398728,True,True
205,15,0.0018739402294158936,0.001,True,True,True,0.0008669901587281537,True,0.19968008322386765,3.051788758186437e-17,0.19968008322386768,True,True
205,16,0.002447851002216339,0.001,True,True,True,0.0014350046242868064,True,0.2000000067390358,3.03716901795213e-17,0.20000000673903584,True,True
205,17,0.0031106770038604736,0.001,True,True,True,0.002069216521196404,True,0.2000000029780365,3.034812589443942e-17,0.20000000297803652,True,True
205,18,0.0037532076239585876,0.001,True,True,True,0.0026709687531782933,True,0.20000000298023224,3.034812589282383e-17,0.20000000298023227,True,True
205,19,0.004245541989803314,0.001,True,True,True,0.003125852726165723,True,0.20000000298023224,3.034812589443942e-17,0.20000000298023227,True,True
205,20,0.002475815825164318,0.001,True,True,True,0.0019951929798982526,True,0.20000000550492694,4.515432350404319e-18,0.20000000550492694,True,True
206,1,0.012722458690404892,0.001,True,True,True,0.010040397530452383,True,0.20000000298023224,2.4945136488457298e-17,0.20000000298023227,True,True
206,2,0.010960426181554794,0.001,True,True,True,0.008513682112388565,True,0.20000000298023224,2.4945136487649504e-17,0.20000000298023227,True,True
206,3,0.009319234639406204,0.001,True,True,True,0.007087972465534831,True,0.20000000298023224,2.4945136487649504e-17,0.20000000298023227,True,True
206,4,0.007805157452821732,0.001,True,True,True,0.005772040764574049,True,0.20000000298023224,2.4945136487649504e-17,0.20000000298023227,True,True
206,5,0.006425458937883377,0.001,True,True,True,0.004574563564735179,True,0.20000000298023224,2.4945136487649504e-17,0.20000000298023227,True,True
206,6,0.005187738686800003,0.001,True,True,True,0.003503823695641506,True,0.20000000298023224,2.4945136487649504e-17,0.20000000298023227,True,True
206,7,0.004100318998098373,0.001,True,True,True,0.002568342498564302,True,0.20000000298023224,2.4945136487649504e-17,0.20000000298023227,True,True
206,8,0.0031716376543045044,0.001,True,True,True,0.0017764212899793463,True,0.2000000029800515,2.4945136487649504e-17,0.20000000298005152,True,True
206,9,0.0024106465280056,0.001,True,True,True,0.0011365698694711934,True,0.19999994045793734,2.498530209658215e-17,0.19999994045793737,True,True
206,10,0.0018270313739776611,0.001,True,True,True,0.0006575977172937897,True,0.19822917075085122,2.5037528678200207e-17,0.19822917075085125,True,True
206,11,0.0014303401112556458,0.001,True,True,True,0.0003475170101925329,True,0.12515976070449142,2.4799612109825846e-17,0.12515976070449145,True,True
206,12,0.0012292787432670593,0.001,True,True,True,0.00021242778215091462,True,2.2737367544323206e-13,2.481278300379694e-17,2.2739848822623586e-13,True,True
206,13,0.0012421682476997375,0.001,True,True,True,0.0002698831664189605,True,0.058290549158300564,2.4739065713294987e-17,0.05829054915830059,True,True
206,14,0.0014717131853103638,0.001,True,True,True,0.0005211879283197884,True,0.18246856701227898,2.4862820355796442e-17,0.182468567012279,True,True
206,15,0.0018893256783485413,0.001,True,True,True,0.0009451768338559763,True,0.19996340773977916,2.5145013309343417e-17,0.1999634077397792,True,True
206,16,0.002449769526720047,0.001,True,True,True,0.0014926432097808195,True,0.20000001557316835,2.4967904818590856e-17,0.20000001557316838,True,True
206,17,0.003077886998653412,0.001,True,True,True,0.0020915043108380438,True,0.20000000297459328,2.4945136488861194e-17,0.2000000029745933,True,True
206,18,0.0036753900349140167,0.001,True,True,True,0.002651904491300483,True,0.20000000298023224,2.4945136488457298e-17,0.20000000298023227,True,True
206,19,0.004127386957406998,0.001,True,True,True,0.0030712371888270695,True,0.20000000298023224,2.4945136487649504e-17,0.20000000298023227,True,True
206,20,0.002996294992044568,0.001,True,True,True,0.002551888216716522,True,0.20000000298043677,4.123843935383155e-18,0.20000000298043677,True,True
207,1,0.01123230904340744,0.001,True,True,True,0.00868832737270231,True,0.20000000298023224,4.1277440747451446e-17,0.20000000298023227,True,True
207,2,0.00968487560749054,0.001,True,True,True,0.007294403072627853,True,0.20000000298023224,4.127744074664365e-17,0.20000000298023227,True,True
207,3,0.008240655064582825,0.001,True,True,True,0.006001934363092376,True,0.20000000298023224,4.127744074664365e-17,0.20000000298023227,True,True
207,4,0.006907913833856583,0.001,True,True,True,0.004819044874625256,True,0.20000000298023224,4.127744074664365e-17,0.20000000298023227,True,True
207,5,0.005694910883903503,0.001,True,True,True,0.003753354641904627,True,0.20000000298023224,4.127744074664365e-17,0.20000000298023227,True,True
207,6,0.004609793424606323,0.001,True,True,True,0.002812175850185561,True,0.20000000298023224,4.127744074664365e-17,0.20000000298023227,True,True
207,7,0.00366085022687912,0.001,True,True,True,0.002003011531569676,True,0.20000000298023224,4.127744074664365e-17,0.20000000298023227,True,True
207,8,0.0028561577200889587,0.001,True,True,True,0.0013333435477003164,True,0.19999999910683372,4.127744116023396e-17,0.19999999910683375,True,True
207,9,0.0022042952477931976,0.001,True,True,True,0.0008113880155808939,True,0.19999233875900038,4.1324405108127236e-17,0.1999923387590004,True,True
207,10,0.0017138384282588959,0.001,True,True,True,0.0004455613055911467,True,0.18994701475547515,4.185153549230699e-17,0.1899470147554752,True,True
207,11,0.0013922713696956635,0.001,True,True,True,0.0002433715256617841,True,0.06955465739883948,4.120054833265004e-17,0.06955465739883952,True,True
207,12,0.0012454688549041748,0.001,True,True,True,0.00021072438008928884,True,3.183231456205249e-12,4.125476774140165e-17,3.1832727109729902e-12,True,True
207,13,0.0012958720326423645,0.001,True,True,True,0.0003580172754598099,True,0.12846726660063723,4.125912362159688e-17,0.12846726660063726,True,True
207,14,0.0015433169901371002,0.001,True,True,True,0.0006709396162805081,True,0.20424376916054143,4.1218275526054875e-17,0.20424376916054146,True,True
207,15,0.0019619986414909363,0.001,True,True,True,0.0011268556783892159,True,0.2001218685134487,4.131591689814409e-17,0.20012186851344874,True,True
207,16,0.002504214644432068,0.001,True,True,True,0.0016793506632066801,True,0.2000000127867808,4.128294066124689e-17,0.20000001278678084,True,True
207,17,0.003098640590906143,0.001,True,True,True,0.002262912644658943,True,0.20000000297763643,4.1277440747855343e-17,0.20000000297763645,True,True
207,18,0.0036555975675582886,0.001,True,True,True,0.0027971683547363124,True,0.20000000298023224,4.1277440747451446e-17,0.20000000298023227,True,True
207,19,0.004072338342666626,0.001,True,True,True,0.0031911190901199316,True,0.20000000298023224,4.127744074664365e-17,0.20000000298023227,True,True
207,20,0.00355347478762269,0.001,True,True,True,0.0029102988923055476,True,0.20000000298023224,5.627108834282671e-18,0.20000000298023224,True,True
208,1,0.009865149855613708,0.001,True,True,True,0.0075009610509539915,True,0.20000000298023224,3.4659966252702106e-17,0.20000000298023227,True,True
208,2,0.008456479758024216,0.001,True,True,True,0.006270909277018122,True,0.20000000298023224,3.465996625189431e-17,0.20000000298023227,True,True
208,3,0.00714990496635437,0.001,True,True,True,0.005131464444386724,True,0.20000000298023224,3.465996625189431e-17,0.20000000298023227,True,True
208,4,0.005953267216682434,0.001,True,True,True,0.004090686714128378,True,0.20000000298023224,3.465996625189431e-17,0.20000000298023227,True,True
208,5,0.004874326288700104,0.001,True,True,True,0.0031562643693447967,True,0.20000000298023224,3.465996625189431e-17,0.20000000298023227,True,True
208,6,0.003920663148164749,0.001,True,True,True,0.0023355477543274272,True,0.20000000298023224,3.465996625189431e-17,0.20000000298023227,True,True
208,7,0.0030997134745121002,0.001,True,True,True,0.001635673283687522,True,0.20000000297845597,3.465996625189431e-17,0.200000002978456,True,True
208,8,0.0024191662669181824,0.001,True,True,True,0.0010640013325660114,True,0.19999993139271455,3.468400258245615e-17,0.19999993139271457,True,True
208,9,0.0018872171640396118,0.001,True,True,True,0.0006282596088635906,True,0.19896060519248326,3.4716677046659887e-17,0.1989606051924833,True,True
208,10,0.0015120580792427063,0.001,True,True,True,0.0003359051590345885,True,0.1435252545696244,3.4652836992221046e-17,0.14352525456962442,True,True
208,11,0.0013011246919631958,0.001,True,True,True,0.00019304853056767435,True,1.8189894035458565e-12,3.4459756941156554e-17,1.8190238633027976e-12,True,True
208,12,0.0012599639594554901,0.001,True,True,True,0.0002079741809550839,True,4.320099833421409e-12,3.4573710299577236e-17,4.320134407131708e-12,True,True
208,13,0.0013973265886306763,0.001,True,True,True,0.00038752410645126467,True,0.13755109088594963,3.448539984347218e-17,0.13755109088594966,True,True
208,14,0.0017006993293762207,0.001,True,True,True,0.0007163074669449543,True,0.197734136774379,3.484663834033682e-17,0.19773413677437904,True,True
208,15,0.0021481141448020935,0.001,True,True,True,0.0011687304082381722,True,0.1999982715192633,3.468011219734285e-17,0.19999827151926333,True,True
208,16,0.002693668007850647,0.001,True,True,True,0.0017000202678794096,True,0.2000000090733368,3.465999343293615e-17,0.20000000907333682,True,True
208,17,0.0032718442380428314,0.001,True,True,True,0.002249878625908197,True,0.20000000298022572,3.465996624987483e-17,0.20000000298022574,True,True
208,18,0.003802083432674408,0.001,True,True,True,0.002746164005053453,True,0.20000000298023224,3.4659966252702106e-17,0.20000000298023227,True,True
208,19,0.0041930340230464935,0.001,True,True,True,0.0031083265250160252,True,0.20000000298023224,3.465996625189431e-17,0.20000000298023227,True,True
208,20,0.003911769017577171,0.001,True,True,True,0.0034072369717711715,True,0.20000000298023224,4.603514586348433e-18,0.20000000298023224,True,True
209,1,0.008660823106765747,0.001,True,True,True,0.006400078691854771,True,0.20000000298023224,1.3978608954330163e-13,0.20000000298037202,True,True
209,2,0.007415454834699631,0.001,True,True,True,0.00530433361819016,True,0.20000000298023224,1.3978608954330082e-13,0.20000000298037202,True,True
209,3,0.00626160204410553,0.001,True,True,True,0.0043046318207540235,True,0.20000000298023224,1.3978608954330082e-13,0.20000000298037202,True,True
209,4,0.005207344889640808,0.001,True,True,True,0.003403134438894284,True,0.20000000298023224,1.3978608954330082e-13,0.20000000298037202,True,True
209,5,0.004260323941707611,0.001,True,True,True,0.002603290119468138,True,0.20000000298023224,1.3978608954330082e-13,0.20000000298037202,True,True
209,6,0.003427736461162567,0.001,True,True,True,0.001909291683801717,True,0.20000000298023224,1.397860895437144e-13,0.20000000298037202,True,True
209,7,0.0027167610824108124,0.001,True,True,True,0.0013260774432251043,True,0.20000000053072386,1.3978623784768566e-13,0.20000000053086364,True,True
209,8,0.002134796231985092,0.001,True,True,True,0.0008592704330006029,True,0.1999802723882403,1.4012664034713084e-13,0.19998027238838043,True,True
209,9,0.0016892477869987488,0.001,True,True,True,0.0005145832643680404,True,0.19041141491997138,1.4294550531341944e-13,0.19041141492011432,True,True
209,10,0.0013874247670173645,0.001,True,True,True,0.0002974919799938469,True,0.09436063354041835,1.3958657878603783e-13,0.09436063354055793,True,True
209,11,0.00123513862490654,0.001,True,True,True,0.0002114406065565344,True,1.3223143469076604e-08,1.3922287524643674e-13,1.322328269195185e-08,True,True
209,12,0.0012441053986549377,0.001,True,True,True,0.0002683197239947699,True,0.05729320626141998,1.3987683788920605e-13,0.057293206261559856,True,True
209,13,0.0014174580574035645,0.001,True,True,True,0.0004693689725350225,True,0.17179299350914334,1.3921246059718447e-13,0.17179299350928257,True,True
209,14,0.0017392709851264954,0.001,True,True,True,0.0008038829268941505,True,0.1996996942453073,1.3976102177090256e-13,0.19969969424544706,True,True
209,15,0.0021850578486919403,0.001,True,True,True,0.0012441606712221276,True,0.20000021493445516,1.4011664188879626e-13,0.20000021493459527,True,True
209,16,0.002710781991481781,0.001,True,True,True,0.001747625671498776,True,0.20000000799484446,1.3978633000107345e-13,0.20000000799498424,True,True
209,17,0.0032563619315624237,0.001,True,True,True,0.0022594397865187688,True,0.2000000029802221,1.397860895437124e-13,0.20000000298036189,True,True
209,18,0.0037495680153369904,0.001,True,True,True,0.002715488452924797,True,0.20000000298023224,1.3978608954330163e-13,0.20000000298037202,True,True
209,19,0.004109509289264679,0.001,True,True,True,0.003045089632120579,True,0.20000000298023224,1.3978608954330082e-13,0.20000000298037202,True,True
209,20,0.004250671714544296,0.001,True,True,True,0.00317424985388981,True,0.20000000298023224,2.6391815921604723e-14,0.20000000298025863,True,True
210,1,0.007570203393697739,0.001,True,True,True,0.005429020889648806,True,0.20000000298023224,3.278098436177732e-13,0.20000000298056006,True,True
210,2,0.00647355243563652,0.001,True,True,True,0.004433638988122102,True,0.20000000298023224,3.278098436177724e-13,0.20000000298056006,True,True
210,3,0.0054662637412548065,0.001,True,True,True,0.003535026277681652,True,0.20000000298023224,3.278098436177724e-13,0.20000000298056006,True,True
210,4,0.004553250968456268,0.001,True,True,True,0.00273513651926649,True,0.20000000298023224,3.278098436177724e-13,0.20000000298056006,True,True
210,5,0.003739692270755768,0.001,True,True,True,0.002036659381134065,True,0.20000000298023224,3.278098436177724e-13,0.20000000298056006,True,True
210,6,0.003030933439731598,0.001,True,True,True,0.0014429712189514277,True,0.20000000296496426,3.278098436372111e-13,0.20000000296529208,True,True
210,7,0.00243280827999115,0.001,True,True,True,0.0009584106400482018,True,0.1999999435122884,3.2817085690611386e-13,0.19999994351261657,True,True
210,8,0.0019511505961418152,0.001,True,True,True,0.0005877472589572719,True,0.19947297562592148,3.2849770082881755e-13,0.19947297562624997,True,True
210,9,0.001591850072145462,0.001,True,True,True,0.00033612400638594053,True,0.1651722891982672,3.286366128447814e-13,0.16517228919859583,True,True
210,10,0.0013601183891296387,0.001,True,True,True,0.00020823321076157697,True,0.03718612524767195,3.271681797872378e-13,0.03718612524799912,True,True
210,11,0.001259639859199524,0.001,True,True,True,0.00020758555736866136,True,2.973661139549222e-08,3.276828036584438e-13,2.9736939078295878e-08,True,True
210,12,0.0013071522116661072,0.001,True,True,True,0.0003399105965413707,True,0.11304842769573042,3.276931808893737e-13,0.11304842769605812,True,True
210,13,0.0015025213360786438,0.001,True,True,True,0.0005947386089766304,True,0.19689783325628696,3.2735159300193643e-13,0.1968978332566143,True,True
210,14,0.0018301084637641907,0.001,True,True,True,0.0009595974319518419,True,0.20042170511054103,3.2837037268433126e-13,0.2004217051108694,True,True
210,15,0.0022635236382484436,0.001,True,True,True,0.0014076696732563398,True,0.20000057854539513,3.284653934979596e-13,0.2000005785457236,True,True
210,16,0.0027608126401901245,0.001,True,True,True,0.0019000458130717934,True,0.2000000095856297,3.278099242845166e-13,0.2000000095859575,True,True
210,17,0.0032676272094249725,0.001,True,True,True,0.002388129849704823,True,0.20000000298022605,3.2780984361735677e-13,0.20000000298055387,True,True
210,18,0.0037196464836597443,0.001,True,True,True,0.0028154510021962675,True,0.20000000298023224,3.278098436177732e-13,0.20000000298056006,True,True
210,19,0.004045888781547546,0.001,True,True,True,0.003120365934566438,True,0.20000000298023224,3.278098436177724e-13,0.20000000298056006,True,True
210,20,0.004171967506408691,0.001,True,True,True,0.0032387159814082356,True,0.20000000298023224,5.16562852321462e-14,0.2000000029802839,True,True
211,1,0.006587035953998566,0.001,True,True,True,0.004613111997876507,True,0.20000000298023224,3.228850099835243e-13,0.20000000298055512,True,True
211,2,0.005579747259616852,0.001,True,True,True,0.0037658903557404866,True,0.20000000298023224,3.228850099835235e-13,0.20000000298055512,True,True
211,3,0.004669561982154846,0.001,True,True,True,0.0030008564273344973,True,0.20000000298023224,3.228850099835235e-13,0.20000000298055512,True,True
211,4,0.0038584694266319275,0.001,True,True,True,0.002320482280961933,True,0.20000000298023224,3.228850099835235e-13,0.20000000298055512,True,True
211,5,0.0031490884721279144,0.001,True,True,True,0.0017275388032587102,True,0.2000000029799462,3.228850099837303e-13,0.20000000298026907,True,True
211,6,0.0025450289249420166,0.001,True,True,True,0.0012254996027096787,True,0.1999999932409612,3.228972325013449e-13,0.19999999324128412,True,True
211,7,0.002050556242465973,0.001,True,True,True,0.0008182628265380743,True,0.19992710969484484,3.2340937069394913e-13,0.19992710969516825,True,True
211,8,0.0016706734895706177,0.001,True,True,True,0.0005100258885588627,True,0.1889370247310893,3.266361558661437e-13,0.18893702473141594,True,True
211,9,0.0014101490378379822,0.001,True,True,True,0.0003042479479788973,True,0.10419949913136861,3.2142860552539703e-13,0.10419949913169003,True,True
211,10,0.0012737102806568146,0.001,True,True,True,0.00020344963635166025,True,-4.963794708601199e-09,3.2121923142099927e-13,-4.963473489369778e-09,True,True
211,11,0.0012647584080696106,0.001,True,True,True,0.00021641633397284643,True,0.009329200470119758,3.215058670667054e-13,0.009329200470441265,True,True
211,12,0.0013869404792785645,0.001,True,True,True,0.0003500078168168219,True,0.1195458835993577,3.2084149282714384e-13,0.11954588359967853,True,True
211,13,0.0016317367553710938,0.001,True,True,True,0.0005999259013147462,True,0.19168374918727693,3.2352484361660217e-13,0.19168374918760045,True,True
211,14,0.001987289637327194,0.001,True,True,True,0.0009494382346393326,True,0.19992581301272683,3.23010875272455e-13,0.19992581301304985,True,True
211,15,0.002427399158477783,0.001,True,True,True,0.0013710560495592272,True,0.19999999873758126,3.233656096901199e-13,0.1999999987379046,True,True
211,16,0.0029133595526218414,0.001,True,True,True,0.0018279251178563438,True,0.20000000236260068,3.22885010854222e-13,0.20000000236292356,True,True
211,17,0.0033964402973651886,0.001,True,True,True,0.0022757384038905037,True,0.20000000298023218,3.228850099836249e-13,0.20000000298055506,True,True
211,18,0.0038200095295906067,0.001,True,True,True,0.0026643108392971904,True,0.20000000298023224,3.228850099835243e-13,0.20000000298055512,True,True
211,19,0.004122093319892883,0.001,True,True,True,0.0029396056554109595,True,0.20000000298023224,3.228850099835235e-13,0.20000000298055512,True,True
211,20,0.004237975925207138,0.001,True,True,True,0.0030457957083871445,True,0.20000000298023224,5.0729614602852864e-14,0.20000000298028298,True,True
212,1,0.005754344165325165,0.001,True,True,True,0.0038767131910948383,True,0.20000000298023224,9.234410562537497e-16,0.20000000298023315,True,True
212,2,0.004892487078905106,0.001,True,True,True,0.003117559010951121,True,0.20000000298023224,9.23441056252942e-16,0.20000000298023315,True,True
212,3,0.004114031791687012,0.001,True,True,True,0.002439697241188865,True,0.20000000298023224,9.23441056252942e-16,0.20000000298023315,True,True
212,4,0.003421161323785782,0.001,True,True,True,0.0018454398778882108,True,0.20000000298023224,9.234410562012432e-16,0.20000000298023315,True,True
212,5,0.0028164610266685486,0.001,True,True,True,0.0013373688689322094,True,0.2000000079467387,9.234411264081976e-16,0.2000000079467396,True,True
212,6,0.002303287386894226,0.001,True,True,True,0.0009188383878673267,True,0.19999907095052896,9.260204119395415e-16,0.19999907095052988,True,True
212,7,0.0018852949142456055,0.001,True,True,True,0.0005934889994787529,True,0.1988640388972529,9.266474979238094e-16,0.19886403889725382,True,True
212,8,0.0015660002827644348,0.001,True,True,True,0.00036490592759452767,True,0.1626326584169817,9.266789399506967e-16,0.16263265841698263,True,True
212,9,0.0013487860560417175,0.001,True,True,True,0.0002365419029277671,True,0.04929865829717528,9.229833404779299e-16,0.0492986582971762,True,True
212,10,0.0012354329228401184,0.001,True,True,True,0.00021049879869505794,True,2.2851054382044822e-10,9.206028642787747e-16,2.285114644233125e-10,True,True
212,11,0.0012425482273101807,0.001,True,True,True,0.0002927007917137292,True,0.08229020116050378,9.264744601520256e-16,0.08229020116050471,True,True
212,12,0.0013748668134212494,0.001,True,True,True,0.0004791356659921142,True,0.18622435825261618,9.211427654870641e-16,0.1862243582526171,True,True
212,13,0.0016210675239562988,0.001,True,True,True,0.0007636963826160859,True,0.204004998332465,9.21045787057019e-16,0.2040049983324659,True,True
212,14,0.001966021955013275,0.001,True,True,True,0.001129642147337906,True,0.20010580395701383,9.248443629571203e-16,0.20010580395701474,True,True
212,15,0.0023830458521842957,0.001,True,True,True,0.0015512033435325367,True,0.20000005246222513,9.260164092775847e-16,0.20000005246222605,True,True
212,16,0.002835981547832489,0.001,True,True,True,0.001995193563285147,True,0.1999999973458653,9.234411122819076e-16,0.1999999973458662,True,True
212,17,0.0032806135714054108,0.001,True,True,True,0.002421972689850671,True,0.200000002980229,9.234410561992237e-16,0.2000000029802299,True,True
212,18,0.003666818141937256,0.001,True,True,True,0.0027872381123910106,True,0.20000000298023224,9.234410562537497e-16,0.20000000298023315,True,True
212,19,0.00394023209810257,0.001,True,True,True,0.003043312504266149,True,0.20000000298023224,9.23441056252942e-16,0.20000000298023315,True,True
212,20,0.004044827073812485,0.001,True,True,True,0.0031413443979684263,True,0.20000000298023224,1.7711651267572374e-16,0.2000000029802324,True,True
213,1,0.0050050728023052216,0.001,True,True,True,0.0032258568416121403,True,0.20000000298023224,1.1358403404846158e-13,0.20000000298034581,True,True
213,2,0.004233855754137039,0.001,True,True,True,0.0025656164403564663,True,0.20000000298023224,1.1358403404846077e-13,0.20000000298034581,True,True
213,3,0.0035451874136924744,0.001,True,True,True,0.0019826908027011925,True,0.20000000298023224,1.1358403404846077e-13,0.20000000298034581,True,True
213,4,0.002941090613603592,0.001,True,True,True,0.0014777107222569974,True,0.20000000274980254,1.1358403413888195e-13,0.2000000027499161,True,True
213,5,0.002424187958240509,0.001,True,True,True,0.0010522872379261639,True,0.19999994568283014,1.1372738008177466e-13,0.19999994568294385,True,True
213,6,0.001997515559196472,0.001,True,True,True,0.0007086737356185591,True,0.19979591639206462,1.1378509727313818e-13,0.19979591639217842,True,True
213,7,0.0016645938158035278,0.001,True,True,True,0.0004496622669063477,True,0.18569735458460457,1.1435433362992877e-13,0.18569735458471892,True,True
213,8,0.0014289095997810364,0.001,True,True,True,0.0002779146768021601,True,0.10032396239205355,1.1346645013936932e-13,0.10032396239216701,True,True
213,9,0.0012935921549797058,0.001,True,True,True,0.00019547615712500743,True,1.1687227470247308e-06,1.1350977461058883e-13,1.1687228605345054e-06,True,True
213,10,0.0012609288096427917,0.001,True,True,True,0.00020665370755645895,True,6.9308043748606e-09,1.1345498273993357e-13,6.930917829843339e-09,True,True
213,11,0.00133553147315979,0.001,True,True,True,0.00031713485316364753,True,0.0968668926132068,1.1383258487363937e-13,0.09686689261332064,True,True
213,12,0.0015144608914852142,0.001,True,True,True,0.0005220250907542745,True,0.18099439711673426,1.1335031283354957e-13,0.18099439711684762,True,True
213,13,0.0017916560173034668,0.001,True,True,True,0.0008122498126459377,True,0.1993992739058026,1.137041973452836e-13,0.1993992739059163,True,True
213,14,0.0021508783102035522,0.001,True,True,True,0.0011706434255849274,True,0.19999847525994965,1.1377745665122813e-13,0.19999847526006342,True,True
213,15,0.0025666840374469757,0.001,True,True,True,0.0015729598950171564,True,0.19999999571144725,1.135872893625605e-13,0.19999999571156082,True,True
213,16,0.0030059106647968292,0.001,True,True,True,0.001989014291261526,True,0.2000000029488261,1.1358403406654283e-13,0.2000000029489397,True,True
213,17,0.0034288614988327026,0.001,True,True,True,0.002383555469991583,True,0.20000000298023224,1.1358403404840705e-13,0.20000000298034581,True,True
213,18,0.0037910304963588715,0.001,True,True,True,0.0027176878055996667,True,0.20000000298023224,1.1358403404846158e-13,0.20000000298034581,True,True
213,19,0.004044584929943085,0.001,True,True,True,0.002950045362028586,True,0.20000000298023224,1.1358403404846077e-13,0.20000000298034581,True,True
213,20,0.004140332341194153,0.001,True,True,True,0.003038411636591354,True,0.20000000298023224,1.691824123282577e-14,0.20000000298024917,True,True
214,1,0.004348453134298325,0.001,True,True,True,0.0026645409179175683,True,0.20000000298023224,7.043860490495712e-16,0.20000000298023293,True,True
214,2,0.003680240362882614,0.001,True,True,True,0.002092490703205385,True,0.20000000298023224,7.043860490487634e-16,0.20000000298023293,True,True
214,3,0.003088172525167465,0.001,True,True,True,0.0015941944077193515,True,0.2000000029782612,7.043860491004622e-16,0.2000000029782619,True,True
214,4,0.0025737062096595764,0.001,True,True,True,0.0011699055910447953,True,0.20000000710572685,7.044017061818918e-16,0.20000000710572755,True,True
214,5,0.0021385475993156433,0.001,True,True,True,0.0008204516793490768,True,0.19998045604158923,7.060050638123193e-16,0.19998045604158993,True,True
214,6,0.0017852745950222015,0.001,True,True,True,0.000547685975629264,True,0.19632180132683175,7.062061989304174e-16,0.19632180132683244,True,True
214,7,0.0015167109668254852,0.001,True,True,True,0.00035377273851500135,True,0.14913033095416495,7.028686995387788e-16,0.14913033095416564,True,True
214,8,0.00133533775806427,0.001,True,True,True,0.00024048707812873715,True,0.04739386963206016,7.039970988114983e-16,0.04739386963206086,True,True
214,9,0.0012434646487236023,0.001,True,True,True,0.00020939222097537957,True,8.253664418589324e-11,7.022073425986054e-16,8.253734639323583e-11,True,True
214,10,0.001248784363269806,0.001,True,True,True,0.00026570088056954155,True,0.05538429596526839,7.032579432862209e-16,0.055384295965269094,True,True
214,11,0.0013539716601371765,0.001,True,True,True,0.00040865610886209325,True,0.15255206158167312,7.052119429156346e-16,0.1525520615816738,True,True
214,12,0.0015524961054325104,0.001,True,True,True,0.0006346345785768204,True,0.19764503764125152,7.018722043210362e-16,0.1976450376412522,True,True
214,13,0.0018362216651439667,0.001,True,True,True,0.0009331248538686499,True,0.20017252728282298,7.048540178252111e-16,0.20017252728282367,True,True
214,14,0.0021887198090553284,0.001,True,True,True,0.0012874209144368987,True,0.20000111117327096,7.059841110854692e-16,0.20000111117327166,True,True
214,15,0.002585858106613159,0.001,True,True,True,0.0016747986347049881,True,0.20000000398218323,7.044003559779667e-16,0.20000000398218393,True,True
214,16,0.0029977187514305115,0.001,True,True,True,0.002068152428260861,True,0.20000000294204173,7.043860492430378e-16,0.20000000294204243,True,True
214,17,0.003388918936252594,0.001,True,True,True,0.002436075081484246,True,0.20000000298023218,7.043860490984427e-16,0.20000000298023288,True,True
214,18,0.003720514476299286,0.001,True,True,True,0.0027444760716597294,True,0.20000000298023224,7.043860490495712e-16,0.20000000298023293,True,True
214,19,0.003950826823711395,0.001,True,True,True,0.0029571780599471076,True,0.20000000298023224,7.043860490487634e-16,0.20000000298023293,True,True
214,20,0.004037369042634964,0.001,True,True,True,0.0030375501715982356,True,0.20000000298023224,1.1714852943571617e-16,0.20000000298023235,True,True
215,1,0.0037793517112731934,0.001,True,True,True,0.002172690486119677,True,0.20000000298023224,2.4604160540830894e-17,0.20000000298023227,True,True
215,2,0.0031988173723220825,0.001,True,True,True,0.001674898303987149,True,0.2000000029801892,2.4604160543254275e-17,0.20000000298018922,True,True
215,3,0.0026917830109596252,0.001,True,True,True,0.0012484887562072,True,0.2000000028226023,2.460417339201875e-17,0.20000000282260233,True,True
215,4,0.0022587962448596954,0.001,True,True,True,0.0008929034245155343,True,0.19999785441979728,2.4625568434718306e-17,0.1999978544197973,True,True
215,5,0.0019009709358215332,0.001,True,True,True,0.0006084501585863489,True,0.19911022128951572,2.4622320049600783e-17,0.19911022128951575,True,True
215,6,0.0016199126839637756,0.001,True,True,True,0.00039612163949409585,True,0.17652155092932276,2.4621950917021257e-17,0.17652155092932278,True,True
215,7,0.0014176815748214722,0.001,True,True,True,0.00025737348290100215,True,0.08832262897533383,2.4564960924161243e-17,0.08832262897533386,True,True
215,8,0.00129641592502594,0.001,True,True,True,0.0001937266400158233,True,2.773958840407431e-11,2.4537762566460948e-17,2.7739612941836878e-11,True,True
215,9,0.001257382333278656,0.001,True,True,True,0.0002071751876453476,True,6.821210263296962e-13,2.4549407777894874e-17,6.821455757374741e-13,True,True
215,10,0.0013070367276668549,0.001,True,True,True,0.000301258405388527,True,0.08485398392758725,2.4598337387227944e-17,0.08485398392758728,True,True
215,11,0.0014442652463912964,0.001,True,True,True,0.0004716723584472504,True,0.17051316437817832,2.4552533201079533e-17,0.17051316437817834,True,True
215,12,0.0016639754176139832,0.001,True,True,True,0.0007132760259398463,True,0.19825945809168388,2.456878060108415e-17,0.1982594580916839,True,True
215,13,0.001956358551979065,0.001,True,True,True,0.0010150297880440196,True,0.19999635831654983,2.4614669365238504e-17,0.19999635831654985,True,True
215,14,0.002305038273334503,0.001,True,True,True,0.0013609581232316703,True,0.20000001268567166,2.4625500386592123e-17,0.2000000126856717,True,True
215,15,0.002687618136405945,0.001,True,True,True,0.0017304195964333857,True,0.20000000170293727,2.46041786721614e-17,0.2000000017029373,True,True
215,16,0.003076959401369095,0.001,True,True,True,0.002099177984961953,True,0.2000000029774097,2.4604160542042584e-17,0.20000000297740972,True,True
215,17,0.0034417062997817993,0.001,True,True,True,0.0024397073545292525,True,0.20000000298023224,2.460416054123479e-17,0.20000000298023227,True,True
215,18,0.0037474706768989563,0.001,True,True,True,0.0027221942828223877,True,0.20000000298023224,2.4604160540830894e-17,0.20000000298023227,True,True
215,19,0.003958012908697128,0.001,True,True,True,0.002915496374452653,True,0.20000000298023224,2.46041605400231e-17,0.20000000298023227,True,True
215,20,0.004036370664834976,0.001,True,True,True,0.0029880345781041484,True,0.20000000298023224,3.3203685783907603e-18,0.20000000298023224,True,True
216,1,0.0032818540930747986,0.001,True,True,True,0.0017572651224948554,True,0.20000000298023013,3.147132069982164e-17,0.20000000298023016,True,True
216,2,0.0027764514088630676,0.001,True,True,True,0.0013376444519348496,True,0.2000000048235653,3.147132219262415e-17,0.20000000482356534,True,True
216,3,0.002342216670513153,0.001,True,True,True,0.0009853849140686322,True,0.1999996482958568,3.1492183238539514e-17,0.19999964829585684,True,True
216,4,0.0019784346222877502,0.001,True,True,True,0.0006985517393234275,True,0.19973641151430477,3.149074536114359e-17,0.1997364115143048,True,True
216,5,0.0016858503222465515,0.001,True,True,True,0.00047696688283771493,True,0.18903892953176893,3.147241693385312e-17,0.18903892953176896,True,True
216,6,0.001465536653995514,0.001,True,True,True,0.00032093325808846274,True,0.12731796546688656,3.141054059366768e-17,0.1273179654668866,True,True
216,7,0.0013190209865570068,0.001,True,True,True,0.00023121595638797565,True,0.03606005808308055,3.147873378584259e-17,0.03606005808308058,True,True
216,8,0.0012478828430175781,0.001,True,True,True,0.0002086070864937284,True,6.139089236967266e-12,3.139044693710063e-17,6.139120627414202e-12,True,True
216,9,0.0012557804584503174,0.001,True,True,True,0.0002567352843383386,True,0.04678386168598081,3.142161891819454e-17,0.046783861685980845,True,True
216,10,0.0013438239693641663,0.001,True,True,True,0.0003755977104245023,True,0.13429237109914993,3.151978842127496e-17,0.13429237109914996,True,True
216,11,0.0015075020492076874,0.001,True,True,True,0.0005624775018437944,True,0.18965110564877818,3.134605125616626e-17,0.1896511056487782,True,True
216,12,0.0017423443496227264,0.001,True,True,True,0.0008106523547717348,True,0.19981829778370752,3.143082232638754e-17,0.19981829778370755,True,True
216,13,0.002037789672613144,0.001,True,True,True,0.0011088092215856271,True,0.20000443356145925,3.1486516916038103e-17,0.20000443356145928,True,True
216,14,0.0023780688643455505,0.001,True,True,True,0.0014417533313408892,True,0.2000000009783383,3.149216257881514e-17,0.20000000097833834,True,True
216,15,0.002742823213338852,0.001,True,True,True,0.0017907952852045383,True,0.1999999984129539,3.147132551790637e-17,0.19999999841295393,True,True
216,16,0.003107622265815735,0.001,True,True,True,0.0021341397418688235,True,0.20000000297926684,3.1471320700225535e-17,0.20000000297926687,True,True
216,17,0.003445025533437729,0.001,True,True,True,0.002447744546709929,True,0.20000000298023224,3.1471320700225535e-17,0.20000000298023227,True,True
216,18,0.0037250854074954987,0.001,True,True,True,0.002705664329759161,True,0.20000000298023224,3.147132069982164e-17,0.20000000298023227,True,True
216,19,0.003916282206773758,0.001,True,True,True,0.0028808224831677887,True,0.20000000298023224,3.147132070062943e-17,0.20000000298023227,True,True
216,20,0.003986909985542297,0.001,True,True,True,0.002946176830152858,True,0.20000000298023224,3.8588709844804966e-18,0.20000000298023224,True,True
217,1,0.00286131352186203,0.001,True,True,True,0.001428887488057029,True,0.20000000066445325,4.1987406091051856e-13,0.20000000066487314,True,True
217,2,0.002434775233268738,0.001,True,True,True,0.0010754523267455518,True,0.19999996669949657,4.199325393113705e-13,0.19999996669991651,True,True
217,3,0.0020747333765029907,0.001,True,True,True,0.0007802648801251699,True,0.1999444565606945,4.2000204460325336e-13,0.1999444565611145,True,True
217,4,0.001779899001121521,0.001,True,True,True,0.000544003355988032,True,0.1961285758340665,4.1984717021228635e-13,0.19612857583448637,True,True
217,5,0.0015499815344810486,0.001,True,True,True,0.00036744939351951444,True,0.1597804983320259,4.196202967688261e-13,0.1597804983324455,True,True
217,6,0.0013855546712875366,0.001,True,True,True,0.00025160755556741243,True,0.07264504947045225,4.1985177873141163e-13,0.07264504947087211,True,True
217,7,0.0012875795364379883,0.001,True,True,True,0.0001974626225906828,True,8.309502391057322e-06,4.195851202401429e-13,8.309502810642443e-06,True,True
217,8,0.001256689429283142,0.001,True,True,True,0.00020666749432951548,True,2.631986717460677e-08,4.1950477599006563e-13,2.6320286679382762e-08,True,True
217,9,0.0012987926602363586,0.001,True,True,True,0.00028220319732841226,True,0.0701309788692015,4.199844468891847e-13,0.07013097886962148,True,True
217,10,0.001412704586982727,0.001,True,True,True,0.0004214761227656627,True,0.1534973301349396,4.1982413126635366e-13,0.15349733013535943,True,True
217,11,0.001593954861164093,0.001,True,True,True,0.0006209229293676621,True,0.19360348549585638,4.192756866712948e-13,0.19360348549627565,True,True
217,12,0.0018363147974014282,0.001,True,True,True,0.0008728737170544676,True,0.19979350122792994,4.1980861140144155e-13,0.19979350122834974,True,True
217,13,0.00212903693318367,0.001,True,True,True,0.001166290956222893,True,0.1999989603823985,4.19997701211518e-13,0.1999989603828185,True,True
217,14,0.0024570897221565247,0.001,True,True,True,0.0014868107960317456,True,0.20000000087890296,4.199094903325234e-13,0.20000000087932288,True,True
217,15,0.002801891416311264,0.001,True,True,True,0.0018173914852985806,True,0.20000000615901203,4.19874065209955e-13,0.20000000615943192,True,True
217,16,0.003141827881336212,0.001,True,True,True,0.0021386494787352106,True,0.20000000297994358,4.198740602084494e-13,0.20000000298036347,True,True
217,17,0.0034526437520980835,0.001,True,True,True,0.002429170591217167,True,0.20000000298023224,4.19874060208346e-13,0.20000000298065213,True,True
217,18,0.0037082210183143616,0.001,True,True,True,0.002666135259012159,True,0.20000000298023224,4.198740602081388e-13,0.20000000298065213,True,True
217,19,0.0038813985884189606,0.001,True,True,True,0.0028260109692960222,True,0.20000000298023224,4.1987406020813963e-13,0.20000000298065213,True,True
217,20,0.003944970667362213,0.001,True,True,True,0.002885382794816982,True,0.20000000298023224,4.67333570153775e-14,0.20000000298027898,True,True
218,1,0.002515457570552826,0.001,True,True,True,0.0011456192970766832,True,0.1999999930469457,3.5867014191681914e-17,0.19999999304694574,True,True
218,2,0.002149425446987152,0.001,True,True,True,0.0008539084653265139,True,0.19998550125529777,3.589263176926532e-17,0.1999855012552978,True,True
218,3,0.0018448568880558014,0.001,True,True,True,0.0006157790034344579,True,0.19840400786497092,3.5873598529162997e-17,0.19840400786497095,True,True
218,4,0.0016011297702789307,0.001,True,True,True,0.0004316314287711176,True,0.17667151071644582,3.583194400845635e-17,0.17667151071644585,True,True
218,5,0.0014182701706886292,0.001,True,True,True,0.0003020513932061597,True,0.10655372394239748,3.5793607482054477e-17,0.10655372394239752,True,True
218,6,0.0012968480587005615,0.001,True,True,True,0.00022789159903457978,True,0.027589732387468757,3.587496253949178e-17,0.027589732387468792,True,True
218,7,0.0012373477220535278,0.001,True,True,True,0.00020966111673437204,True,6.139089236967266e-12,3.58006418542564e-17,6.13912503760912e-12,True,True
218,8,0.001243099570274353,0.001,True,True,True,0.0002503305036534176,True,0.04088564608468914,3.578671850542446e-17,0.04088564608468918,True,True
218,9,0.0013149753212928772,0.001,True,True,True,0.00034962531065740876,True,0.12039646955838634,3.592553102060831e-17,0.12039646955838638,True,True
218,10,0.001449868083000183,0.001,True,True,True,0.0005057834396515748,True,0.18131067761572695,3.579279786125848e-17,0.18131067761572697,True,True
218,11,0.0016446076333522797,0.001,True,True,True,0.0007141471843050695,True,0.19897271263798189,3.581504731771511e-17,0.1989727126379819,True,True
218,12,0.0018920525908470154,0.001,True,True,True,0.0009669739177866621,True,0.2000267735681036,3.587169041412912e-17,0.20002677356810364,True,True
218,13,0.0021812468767166138,0.001,True,True,True,0.0012535107918771882,True,0.20000054726894118,3.5892350499988175e-17,0.2000005472689412,True,True
218,14,0.002498030662536621,0.001,True,True,True,0.0015605324654601738,True,0.2000000050047092,3.586789310864515e-17,0.20000000500470924,True,True
218,15,0.002825528383255005,0.001,True,True,True,0.0018727157667224326,True,0.19999999729347576,3.58659378015033e-17,0.19999999729347578,True,True
218,16,0.003144197165966034,0.001,True,True,True,0.0021726240726611667,True,0.20000000297998088,3.586593740326107e-17,0.2000000029799809,True,True
218,17,0.0034326650202274323,0.001,True,True,True,0.002441419007901402,True,0.20000000298023224,3.586593740245328e-17,0.20000000298023227,True,True
218,18,0.00366804376244545,0.001,True,True,True,0.0026591110891313052,True,0.20000000298023224,3.5865937402857174e-17,0.20000000298023227,True,True
218,19,0.0038265883922576904,0.001,True,True,True,0.0028050871877529637,True,0.20000000298023224,3.586593740204938e-17,0.20000000298023227,True,True
218,20,0.003884684294462204,0.001,True,True,True,0.0028589730689670967,True,0.20000000298023224,4.519334656632163e-18,0.20000000298023224,True,True
219,1,0.0022257231175899506,0.001,True,True,True,0.0009171606186717529,True,0.19999652691592906,1.6396238882024065e-13,0.19999652691609301,True,True
219,2,0.0019268766045570374,0.001,True,True,True,0.0006772493064859386,True,0.19947720628833743,1.6391187441635797e-13,0.19947720628850135,True,True
219,3,0.0016819126904010773,0.001,True,True,True,0.0004854803314784384,True,0.18912142890411587,1.6363027653917222e-13,0.1891214289042795,True,True
219,4,0.0014910660684108734,0.001,True,True,True,0.0003419949320198068,True,0.1403676378512273,1.634428868478614e-13,0.14036763785139075,True,True
219,5,0.0013550668954849243,0.001,True,True,True,0.0002473159468279196,True,0.05896469594131304,1.6385641716875038e-13,0.058964695941476894,True,True
219,6,0.00127469003200531,0.001,True,True,True,0.00020193086778697023,True,-1.1302745406283066e-09,1.6346803721580003e-13,-1.1301110725910907e-09,True,True
219,7,0.001250624656677246,0.001,True,True,True,0.0002078931466171774,True,4.124317888454243e-05,1.6330242811240085e-13,4.124317904784486e-05,True,True
219,8,0.0012865066528320312,0.001,True,True,True,0.00026846459131291134,True,0.058422621854333556,1.6374106063567755e-13,0.0584226218544973,True,True
219,9,0.0013816207647323608,0.001,True,True,True,0.0003826233688786207,True,0.13645673077257925,1.637001747699205e-13,0.13645673077274295,True,True
219,10,0.0015332847833633423,0.001,True,True,True,0.0005476853719805774,True,0.18564241441046647,1.6334040501494141e-13,0.1856424144106298,True,True
219,11,0.0017371326684951782,0.001,True,True,True,0.0007581646184333657,True,0.19879561964935633,1.636612998540956e-13,0.19879561964952,True,True
219,12,0.0019855648279190063,0.001,True,True,True,0.0010061241771088802,True,0.19997174488504899,1.6390575896642845e-13,0.19997174488521288,True,True
219,13,0.0022680722177028656,0.001,True,True,True,0.0012814123737077132,True,0.1999998548342905,1.639620805162474e-13,0.19999985483445445,True,True
219,14,0.002571702003479004,0.001,True,True,True,0.0015720344274636755,True,0.20000001032546663,1.6385893412858092e-13,0.2000000103256305,True,True
219,15,0.0028808563947677612,0.001,True,True,True,0.0018638685019471968,True,0.20000000190709571,1.6385730249812314e-13,0.20000000190725958,True,True
219,16,0.0031783320009708405,0.001,True,True,True,0.002141639718254762,True,0.2000000029801582,1.6385730208538183e-13,0.20000000298032206,True,True
219,17,0.003445051610469818,0.001,True,True,True,0.0023885704068603575,True,0.20000000298023224,1.638573020853487e-13,0.2000000029803961,True,True
219,18,0.003661021590232849,0.001,True,True,True,0.0025872647474337596,True,0.20000000298023224,1.6385730208532972e-13,0.2000000029803961,True,True
219,19,0.00380546972155571,0.001,True,True,True,0.0027197465555809375,True,0.20000000298023224,1.6385730208532891e-13,0.2000000029803961,True,True
219,20,0.003857940435409546,0.001,True,True,True,0.002768438960820352,True,0.20000000298023224,2.0548849488262766e-14,0.20000000298025278,True,True
220,1,0.0019896477460861206,0.001,True,True,True,0.0007347901094139075,True,0.19980020122309405,1.661605832027831e-14,0.19980020122311068,True,True
220,2,0.0017423257231712341,0.001,True,True,True,0.0005394384187396017,True,0.1945310430693148,1.6603985459702907e-14,0.1945310430693314,True,True
220,3,0.0015434809029102325,0.001,True,True,True,0.00038813422594086155,True,0.16162859302824018,1.6595111169461563e-14,0.16162859302825677,True,True
220,4,0.001393251121044159,0.001,True,True,True,0.0002820078317358199,True,0.09019115715227599,1.6596303552357468e-14,0.09019115715229259,True,True
220,5,0.0012920275330543518,0.001,True,True,True,0.0002220995619510724,True,0.021567055143350444,1.6611181886039633e-14,0.021567055143367056,True,True
220,6,0.0012402385473251343,0.001,True,True,True,0.00020931641056209926,True,7.16227077646181e-11,1.6595577225678092e-14,7.163930334184378e-11,True,True
220,7,0.0012423843145370483,0.001,True,True,True,0.00024572032205960603,True,0.036489529701839274,1.658496249173057e-14,0.03648952970185586,True,True
220,8,0.0013000406324863434,0.001,True,True,True,0.00033059196759666065,True,0.10810178566202922,1.6622126618642208e-14,0.10810178566204584,True,True
220,9,0.0014106258749961853,0.001,True,True,True,0.0004629665291484564,True,0.17106900355042853,1.6595825327442114e-14,0.17106900355044513,True,True
220,10,0.0015716403722763062,0.001,True,True,True,0.000639303565999727,True,0.19670856311148555,1.6589688526663875e-14,0.19670856311150214,True,True
220,11,0.001778043806552887,0.001,True,True,True,0.0008540836996036028,True,0.2000268725382952,1.660840413037791e-14,0.2000268725383118,True,True
220,12,0.0020221658051013947,0.001,True,True,True,0.0010997367405343184,True,0.20000777066076286,1.6615958943784218e-14,0.2000077706607795,True,True
220,13,0.0022940747439861298,0.001,True,True,True,0.0013668939276962888,True,0.20000008655930693,1.6617619326286012e-14,0.20000008655932355,True,True
220,14,0.002581540495157242,0.001,True,True,True,0.0016443366872698206,True,0.1999999993427172,1.6612216985200202e-14,0.19999999934273383,True,True
220,15,0.002870868891477585,0.001,True,True,True,0.0019197601878615522,True,0.2000000015938224,1.6612159282682525e-14,0.20000000159383902,True,True
220,16,0.003146406263113022,0.001,True,True,True,0.002179229876498212,True,0.20000000298002174,1.6612159258095713e-14,0.20000000298003837,True,True
220,17,0.003391589969396591,0.001,True,True,True,0.002408171293984962,True,0.2000000029802322,1.661215925816599e-14,0.20000000298024884,True,True
220,18,0.0035887770354747772,0.001,True,True,True,0.0025911479948388383,True,0.20000000298023224,1.6612159258250405e-14,0.20000000298024886,True,True
220,19,0.003720000386238098,0.001,True,True,True,0.0027125335741401413,True,0.20000000298023224,1.6612159258249597e-14,0.20000000298024886,True,True
220,20,0.0037675052881240845,0.001,True,True,True,0.0027569610689364143,True,0.20000000298023224,1.8733350423111746e-15,0.2000000029802341,True,True
221,1,0.0017990320920944214,0.001,True,True,True,0.0005837156663028864,True,0.19721386472529723,3.613698750290378e-17,0.19721386472529726,True,True
221,2,0.0015964843332767487,0.001,True,True,True,0.0004274930127545762,True,0.17573376734546287,3.6063924518728703e-17,0.1757337673454629,True,True
221,3,0.0014393478631973267,0.001,True,True,True,0.0003118594253614937,True,0.11691062737230595,3.6055442895090404e-17,0.116910627372306,True,True
221,4,0.0013284087181091309,0.001,True,True,True,0.00023741244961916763,True,0.04384275729887577,3.621094483653429e-17,0.0438427572988758,True,True
221,5,0.0012643411755561829,0.001,True,True,True,0.00020468241776550045,True,3.183231456205249e-12,3.605133416741492e-17,3.1832675075394162e-12,True,True
221,6,0.0012480169534683228,0.001,True,True,True,0.0002153730970875234,True,0.007090178017506332,3.603331444287893e-17,0.007090178017506369,True,True
221,7,0.0012805983424186707,0.001,True,True,True,0.0002712746555912915,True,0.06069890136905087,3.612715633248051e-17,0.06069890136905091,True,True
221,8,0.001361403614282608,0.001,True,True,True,0.00037127142020998427,True,0.1309486723101827,3.616924153519362e-17,0.13094867231018273,True,True
221,9,0.0014895573258399963,0.001,True,True,True,0.0005133557963308277,True,0.18019168402310015,3.607872702363078e-17,0.18019168402310018,True,True
221,10,0.0016617178916931152,0.001,True,True,True,0.0006934244153555813,True,0.1974010080449915,3.60577120320525e-17,0.19740100804499153,True,True
221,11,0.0018726326525211334,0.001,True,True,True,0.0009059682634831034,True,0.19987342011112652,3.615481639267193e-17,0.19987342011112655,True,True
221,12,0.00211469829082489,0.001,True,True,True,0.0011436426830626623,True,0.19999797827846122,3.6194963747489446e-17,0.19999797827846125,True,True
221,13,0.00237857922911644,0.001,True,True,True,0.001397759344862859,True,0.1999999872960263,3.6197913108835015e-17,0.19999998729602633,True,True
221,14,0.0026533342897892,0.001,True,True,True,0.0016584183109404904,True,0.200000002897168,3.616505543381912e-17,0.20000000289716802,True,True
221,15,0.0029263384640216827,0.001,True,True,True,0.001914360459761233,True,0.20000000272982435,3.616500015327416e-17,0.20000000272982438,True,True
221,16,0.003183886408805847,0.001,True,True,True,0.0021535352224724136,True,0.20000000298017687,3.616500012580918e-17,0.2000000029801769,True,True
221,17,0.0034111440181732178,0.001,True,True,True,0.0023629971110824544,True,0.20000000298023224,3.6165000125405284e-17,0.20000000298023227,True,True
221,18,0.0035927630960941315,0.001,True,True,True,0.0025294753664788505,True,0.20000000298023224,3.616500012621308e-17,0.20000000298023227,True,True
221,19,0.0037128999829292297,0.001,True,True,True,0.0026393205224798377,True,0.20000000298023224,3.6165000125405284e-17,0.20000000298023227,True,True
221,20,0.0037560835480690002,0.001,True,True,True,0.002679289670694862,True,0.20000000298023224,4.823085604379653e-18,0.20000000298023224,True,True
222,1,0.0016451701521873474,0.001,True,True,True,0.0004744525650008935,True,0.1852829739962658,4.348298066849328e-17,0.18528297399626587,True,True
222,2,0.0014842525124549866,0.001,True,True,True,0.00035136202725083443,True,0.14097638286784786,4.3463095345522215e-17,0.14097638286784792,True,True
222,3,0.0013632774353027344,0.001,True,True,True,0.00026476926798379985,True,0.07200013011129158,4.3563932197500975e-17,0.07200013011129162,True,True
222,4,0.0012833550572395325,0.001,True,True,True,0.0002166449458271824,True,0.015083072972402078,4.3502730757935505e-17,0.015083072972402122,True,True
222,5,0.001245293766260147,0.001,True,True,True,0.000208342062904876,True,3.0240698833949864e-11,4.3483429577553786e-17,3.024074231737944e-11,True,True
222,6,0.001252349466085434,0.001,True,True,True,0.00024129688916763037,True,0.03254219233326694,4.344811125751202e-17,0.03254219233326698,True,True
222,7,0.00130501389503479,0.001,True,True,True,0.0003148744388550284,True,0.0958511944621705,4.3590595175070595e-17,0.09585119446217054,True,True
222,8,0.001401275396347046,0.001,True,True,True,0.00042798922443076926,True,0.1572134136181944,4.345921225074585e-17,0.15721341361819446,True,True
222,9,0.001539323478937149,0.001,True,True,True,0.0005779081261212404,True,0.1903651430245361,4.351368853058161e-17,0.19036514302453617,True,True
222,10,0.001715388149023056,0.001,True,True,True,0.0007603914235867482,True,0.19906401822567332,4.353054893402413e-17,0.19906401822567338,True,True
222,11,0.0019240304827690125,0.001,True,True,True,0.0009699529801918683,True,0.19996851700580853,4.356687858697401e-17,0.1999685170058086,True,True
222,12,0.0021582208573818207,0.001,True,True,True,0.0011998704616797973,True,0.1999996206189671,4.3582125222029854e-17,0.19999962061896714,True,True
222,13,0.0024092234671115875,0.001,True,True,True,0.0014420546412008406,True,0.20000001179462487,4.3583053427325373e-17,0.20000001179462493,True,True
222,14,0.0026671551167964935,0.001,True,True,True,0.0016875519973132969,True,0.2000000043590633,4.355563114480546e-17,0.20000000435906334,True,True
222,15,0.002920769155025482,0.001,True,True,True,0.0019263187698568274,True,0.2000000026942307,4.3555605035301786e-17,0.20000000269423077,True,True
222,16,0.003157965838909149,0.001,True,True,True,0.002147676897019557,True,0.20000000298010262,4.3555605014299153e-17,0.20000000298010268,True,True
222,17,0.003365851938724518,0.001,True,True,True,0.0023403433017568087,True,0.20000000298023216,4.3555605013895257e-17,0.2000000029802322,True,True
222,18,0.00353085994720459,0.001,True,True,True,0.0024925081561798512,True,0.20000000298023224,4.355560501470305e-17,0.2000000029802323,True,True
222,19,0.00363941490650177,0.001,True,True,True,0.0025924408570399127,True,0.20000000298023224,4.3555605013895257e-17,0.2000000029802323,True,True
222,20,0.0036782249808311462,0.001,True,True,True,0.002628713616455558,True,0.20000000298023224,5.341050507486065e-18,0.20000000298023224,True,True
223,1,0.0015280172228813171,0.001,True,True,True,0.00039222441562092314,True,0.1593332350227854,1.3955163255879449e-13,0.15933323502292496,True,True
223,2,0.0013981759548187256,0.001,True,True,True,0.00029693407342135103,True,0.09883723945836209,1.394957440981955e-13,0.09883723945850159,True,True
223,3,0.0013066679239273071,0.001,True,True,True,0.0002341983037161821,True,0.035341963030987245,1.400756911188468e-13,0.03534196303112732,True,True
223,4,0.0012547895312309265,0.001,True,True,True,0.00020665195374491852,True,1.8493096831662115e-07,1.3947584688356287e-13,1.8493110779246803e-07,True,True
223,5,0.0012437589466571808,0.001,True,True,True,0.00021634987944785244,True,0.0077128888051447575,1.395779009285592e-13,0.007712888805284335,True,True
223,6,0.0012737289071083069,0.001,True,True,True,0.00026395549015045816,True,0.054318993845527075,1.3952908771175318e-13,0.0543189938456666,True,True
223,7,0.0013439580798149109,0.001,True,True,True,0.00034870533426345496,True,0.11816390975388913,1.400617695548828e-13,0.1181639097540292,True,True
223,8,0.001453496515750885,0.001,True,True,True,0.00046883322955793005,True,0.16962603760168804,1.3943795692833565e-13,0.16962603760182748,True,True
223,9,0.0015997812151908875,0.001,True,True,True,0.0006212280156996375,True,0.19363216541675854,1.3983882192648085e-13,0.19363216541689837,True,True
223,10,0.0017788447439670563,0.001,True,True,True,0.0008016892020892286,True,0.19935131517487825,1.399132789729899e-13,0.19935131517501817,True,True
223,11,0.0019852295517921448,0.001,True,True,True,0.0010048452475321934,True,0.19997170461151503,1.3993311749476692e-13,0.19997170461165498,True,True
223,12,0.0022121183574199677,0.001,True,True,True,0.0012242394271244628,True,0.19999950996370933,1.3995809502701465e-13,0.1999995099638493,True,True
223,13,0.002451755106449127,0.001,True,True,True,0.001452747136057586,True,0.2000000064773591,1.3990258283979662e-13,0.20000000647749902,True,True
223,14,0.002694927155971527,0.001,True,True,True,0.0016820197704973117,True,0.19999999674861044,1.398856468591997e-13,0.19999999674875032,True,True
223,15,0.002931784838438034,0.001,True,True,True,0.0019032925269778511,True,0.20000000278329727,1.3988561086166784e-13,0.20000000278343716,True,True
223,16,0.0031514987349510193,0.001,True,True,True,0.002107005688907093,True,0.200000002980077,1.3988561081723758e-13,0.2000000029802169,True,True
223,17,0.003342762589454651,0.001,True,True,True,0.002283275206021229,True,0.20000000298023207,1.3988561081721132e-13,0.20000000298037196,True,True
223,18,0.003493793308734894,0.001,True,True,True,0.002421860470987247,True,0.20000000298023224,1.3988561081718628e-13,0.20000000298037213,True,True
223,19,0.003592647612094879,0.001,True,True,True,0.0025124302778229968,True,0.20000000298023224,1.3988561081721132e-13,0.20000000298037213,True,True
223,20,0.003627937287092209,0.001,True,True,True,0.0025452161964972797,True,0.20000000298023224,1.699879994031273e-14,0.20000000298024923,True,True
224,1,0.0014390908181667328,0.001,True,True,True,0.00033456263117837004,True,0.1247392954278439,6.359513053188451e-17,0.12473929542784397,True,True
224,2,0.0013379231095314026,0.001,True,True,True,0.00026768237939367445,True,0.0666761810598473,6.395304479302738e-17,0.06667618105984736,True,True
224,3,0.0012706182897090912,0.001,True,True,True,0.00023072871512974658,True,0.024989379905264286,6.393052159269847e-17,0.02498937990526435,True,True
224,4,0.0012396164238452911,0.001,True,True,True,0.00022662265774364698,True,0.017663244994309935,6.350603440606272e-17,0.017663244994309997,True,True
224,5,0.0012465938925743103,0.001,True,True,True,0.00025659774573361105,True,0.04769660312331325,6.352231930142134e-17,0.047696603123313315,True,True
224,6,0.0012917257845401764,0.001,True,True,True,0.0003207514783516441,True,0.10151917265875454,6.402435530783306e-17,0.10151917265875461,True,True
224,7,0.0013736151158809662,0.001,True,True,True,0.0004178889815165121,True,0.15532301797816217,6.392735867981437e-17,0.15532301797816223,True,True
224,8,0.0014907270669937134,0.001,True,True,True,0.0005459903187514659,True,0.18788333396958024,6.372503187354629e-17,0.1878833339695803,True,True
224,9,0.001640085130929947,0.001,True,True,True,0.000701855230415438,True,0.1984661910184542,6.356721907341036e-17,0.19846619101845425,True,True
224,10,0.0018175244331359863,0.001,True,True,True,0.0008813169073891292,True,0.1999468229629855,6.395127066348128e-17,0.19994682296298555,True,True
224,11,0.0020178966224193573,0.001,True,True,True,0.001079450547589511,True,0.20000141482513506,6.414866484433438e-17,0.20000141482513512,True,True
224,12,0.002234864979982376,0.001,True,True,True,0.0012903476969748917,True,0.2000000583965974,6.418575358089912e-17,0.20000005839659746,True,True
224,13,0.002461053431034088,0.001,True,True,True,0.0015072672463947168,True,0.20000000557671038,6.404429444076089e-17,0.20000000557671044,True,True
224,14,0.002688392996788025,0.001,True,True,True,0.0017229370923114162,True,0.19999999732561874,6.401465651942734e-17,0.1999999973256188,True,True
224,15,0.0029080063104629517,0.001,True,True,True,0.0019294431544202295,True,0.20000000258633222,6.40145621578296e-17,0.20000000258633227,True,True
224,16,0.003110285848379135,0.001,True,True,True,0.0021182797046670476,True,0.20000000297962756,6.401456195265004e-17,0.2000000029796276,True,True
224,17,0.003285355865955353,0.001,True,True,True,0.0022807819036854138,True,0.20000000298023093,6.401456195547732e-17,0.200000002980231,True,True
224,18,0.003422904759645462,0.001,True,True,True,0.0024079357251647338,True,0.20000000298023224,6.401456195628511e-17,0.2000000029802323,True,True
224,19,0.0035125277936458588,0.001,True,True,True,0.0024906794095359563,True,0.20000000298023224,6.401456195547732e-17,0.2000000029802323,True,True
224,20,0.003544386476278305,0.001,True,True,True,0.0025205135874605267,True,0.20000000298023224,1.215709231624029e-17,0.20000000298023224,True,True
225,1,0.0013768896460533142,0.001,True,True,True,0.00030182018835933633,True,0.09566301184645454,2.399357607368147e-17,0.09566301184645457,True,True
225,2,0.0013060271739959717,0.001,True,True,True,0.00026315922019737314,True,0.05708422678412717,2.4320575685660804e-17,0.057084226784127196,True,True
225,3,0.0012658163905143738,0.001,True,True,True,0.0002522478604540801,True,0.04375742269303373,2.4028289821226794e-17,0.04375742269303375,True,True
225,4,0.0012587681412696838,0.001,True,True,True,0.00027113274248691255,True,0.06095835129599436,2.3966647868605203e-17,0.06095835129599438,True,True
225,5,0.0012859217822551727,0.001,True,True,True,0.00032070183431143207,True,0.10220938453460349,2.401016784294992e-17,0.10220938453460351,True,True
225,6,0.0013469532132148743,0.001,True,True,True,0.00040044615742362843,True,0.14980606401275054,2.4404251476460653e-17,0.14980606401275057,True,True
225,7,0.0014409907162189484,0.001,True,True,True,0.0005091636869916094,True,0.1840106034882183,2.3961159553715637e-17,0.18401060348821832,True,True
225,8,0.001566026359796524,0.001,True,True,True,0.000644630688621195,True,0.1978669893228755,2.400761822289577e-17,0.19786698932287552,True,True
225,9,0.0017189905047416687,0.001,True,True,True,0.0008037385567902788,True,0.20014734506368725,2.406806817069227e-17,0.20014734506368728,True,True
225,10,0.0018957555294036865,0.001,True,True,True,0.0009824975686412163,True,0.20005739964879155,2.4129770613723432e-17,0.20005739964879157,True,True
225,11,0.0020914003252983093,0.001,True,True,True,0.0011762915418180864,True,0.20000364623474265,2.4166269644222585e-17,0.20000364623474268,True,True
225,12,0.0022999905049800873,0.001,True,True,True,0.00137963615697001,True,0.20000005895014933,2.4171369794310343e-17,0.20000005895014936,True,True
225,13,0.0025149360299110413,0.001,True,True,True,0.001586551673262715,True,0.20000000112007726,2.414465155659255e-17,0.2000000011200773,True,True
225,14,0.0027288682758808136,0.001,True,True,True,0.0017903982718268097,True,0.2000000082485624,2.4142935556275422e-17,0.20000000824856243,True,True
225,15,0.002933800220489502,0.001,True,True,True,0.0019840434221958247,True,0.20000000280689445,2.414292787920731e-17,0.20000000280689448,True,True
225,16,0.003121431916952133,0.001,True,True,True,0.0021601436232756566,True,0.2000000029798314,2.4142927857194935e-17,0.20000000297983142,True,True
225,17,0.0032827965915203094,0.001,True,True,True,0.0023107776855497697,True,0.20000000298023085,2.4142927857194935e-17,0.20000000298023088,True,True
225,18,0.0034088939428329468,0.001,True,True,True,0.0024280461965057176,True,0.20000000298023224,2.4142927857194935e-17,0.20000000298023227,True,True
225,19,0.0034907981753349304,0.001,True,True,True,0.002504156687100134,True,0.20000000298023224,2.4142927857396884e-17,0.20000000298023227,True,True
225,20,0.0035197287797927856,0.001,True,True,True,0.00253145466339022,True,0.20000000298023224,3.6228185100256855e-18,0.20000000298023224,True,True
226,1,0.0013409405946731567,0.001,True,True,True,0.00028900723976366116,True,0.08095597688168255,3.424203680573256e-17,0.08095597688168257,True,True
226,2,0.0012992992997169495,0.001,True,True,True,0.00028232156052987456,True,0.07106528281951796,3.470383283652417e-17,0.071065282819518,True,True
226,3,0.001285351812839508,0.001,True,True,True,0.0003029214410203984,True,0.08770460946766434,3.415449166456194e-17,0.08770460946766437,True,True
226,4,0.0013011768460273743,0.001,True,True,True,0.00035078939323107683,True,0.12400373092157224,3.4212026536195234e-17,0.12400373092157227,True,True
226,5,0.0013476386666297913,0.001,True,True,True,0.0004255145457408016,True,0.16494630507543206,3.450564564129327e-17,0.1649463050754321,True,True
226,6,0.0014243125915527344,0.001,True,True,True,0.0005259793468508356,True,0.1935302868194526,3.4848660443524825e-17,0.19353028681945264,True,True
226,7,0.0015300437808036804,0.001,True,True,True,0.0006506472234921734,True,0.20332306883463502,3.384145114759255e-17,0.20332306883463505,True,True
226,8,0.0016626715660095215,0.001,True,True,True,0.0007972908283184754,True,0.20240030710311174,3.427144943313737e-17,0.20240030710311177,True,True
226,9,0.0018190741539001465,0.001,True,True,True,0.000962893966953704,True,0.2005533141167648,3.4403150690832466e-17,0.20055331411676483,True,True
226,10,0.0019953325390815735,0.001,True,True,True,0.0011438042924747371,True,0.2000526015298716,3.456378718104147e-17,0.20005260152987162,True,True
226,11,0.0021868720650672913,0.001,True,True,True,0.0013358839207395778,True,0.20000207841204048,3.4602252591310846e-17,0.2000020784120405,True,True
226,12,0.002388235181570053,0.001,True,True,True,0.0015342220732822431,True,0.20000001742249435,3.4604792508956466e-17,0.20000001742249437,True,True
226,13,0.0025933682918548584,0.001,True,True,True,0.001733423060902295,True,0.20000000688421846,3.451324801495543e-17,0.20000000688421848,True,True
226,14,0.0027956590056419373,0.001,True,True,True,0.0019276286178377955,True,0.20000000755542385,3.451252189810286e-17,0.20000000755542388,True,True
226,15,0.002988029271364212,0.001,True,True,True,0.0021106016350695977,True,0.20000000294933978,3.451251844064542e-17,0.2000000029493398,True,True
226,16,0.0031629130244255066,0.001,True,True,True,0.0022756915136007416,True,0.20000000298013815,3.451251842883144e-17,0.20000000298013818,True,True
226,17,0.003312584012746811,0.001,True,True,True,0.0024161393412297505,True,0.2000000029802318,3.4512518429033386e-17,0.20000000298023182,True,True
226,18,0.0034290067851543427,0.001,True,True,True,0.002524924280067231,True,0.20000000298023224,3.4512518429033386e-17,0.20000000298023227,True,True
226,19,0.0035042613744735718,0.001,True,True,True,0.002595152559914937,True,0.20000000298023224,3.4512518429235334e-17,0.20000000298023227,True,True
226,20,0.0035307668149471283,0.001,True,True,True,0.0026202527568219836,True,0.20000000298023224,6.671550830411279e-18,0.20000000298023224,True,True
227,1,0.0013310648500919342,0.001,True,True,True,0.000312494425987353,True,0.09494229767085471,2.3973392438402638e-17,0.09494229767085474,True,True
227,2,0.0013240575790405273,0.001,True,True,True,0.00033169871444749255,True,0.10777798583535514,2.3971312804964587e-17,0.10777798583535517,True,True
227,3,0.0013423338532447815,0.001,True,True,True,0.0003752043357607704,True,0.1349697020319809,2.3964701766674942e-17,0.13496970203198091,True,True
227,4,0.0013869069516658783,0.001,True,True,True,0.0004427936885635919,True,0.16605231979235668,2.395795326635596e-17,0.1660523197923567,True,True
227,5,0.0014577992260456085,0.001,True,True,True,0.0005336998257814418,True,0.18905178927690258,2.410100332240086e-17,0.1890517892769026,True,True
227,6,0.0015544258058071136,0.001,True,True,True,0.0006468285099552329,True,0.19932284675417122,2.3935170136838408e-17,0.19932284675417125,True,True
227,7,0.0016753971576690674,0.001,True,True,True,0.000780524411627681,True,0.2009168353918369,2.3856177169269923e-17,0.20091683539183694,True,True
227,8,0.0018185153603553772,0.001,True,True,True,0.0009325041328416273,True,0.20032932588906505,2.404929060482695e-17,0.20032932588906507,True,True
227,9,0.001980915665626526,0.001,True,True,True,0.0010999634024111415,True,0.20004339868877508,2.409632941468612e-17,0.2000433986887751,True,True
227,10,0.002158951014280319,0.001,True,True,True,0.0012794848796887637,True,0.20000245681059586,2.4093798278766315e-17,0.2000024568105959,True,True
227,11,0.002348393201828003,0.001,True,True,True,0.0014671611455280287,True,0.20000007158673058,2.409319835229457e-17,0.2000000715867306,True,True
227,12,0.0025443993508815765,0.001,True,True,True,0.0016585965428637106,True,0.20000000621069672,2.4008870913616473e-17,0.20000000621069675,True,True
227,13,0.0027415230870246887,0.001,True,True,True,0.0018488998474134322,True,0.20000000080294372,2.4007186390995164e-17,0.20000000080294375,True,True
227,14,0.0029340051114559174,0.001,True,True,True,0.0020329533638495656,True,0.20000000281594849,2.400717578416076e-17,0.2000000028159485,True,True
227,15,0.003115430474281311,0.001,True,True,True,0.0022050615584485733,True,0.20000000297976775,2.400717574205452e-17,0.20000000297976778,True,True
227,16,0.003279171884059906,0.001,True,True,True,0.0023593923867774036,True,0.20000000298023077,2.4007175742357442e-17,0.2000000029802308,True,True
227,17,0.0034183859825134277,0.001,True,True,True,0.00248994746587039,True,0.20000000298023224,2.400717574255939e-17,0.20000000298023227,True,True
227,18,0.003526102751493454,0.001,True,True,True,0.0025906405639463115,True,0.20000000298023224,2.400717574255939e-17,0.20000000298023227,True,True
227,19,0.0035953037440776825,0.001,True,True,True,0.002655355344665433,True,0.20000000298023224,2.400717574276134e-17,0.20000000298023227,True,True
227,20,0.0036194361746311188,0.001,True,True,True,0.0026784272914849305,True,0.20000000298023224,5.084886685406436e-18,0.20000000298023224,True,True
228,1,0.00135108083486557,0.001,True,True,True,0.0003582005575890612,True,0.12411278084312016,2.4622876735286786e-17,0.12411278084312019,True,True
228,2,0.0013669878244400024,0.001,True,True,True,0.0003995502191707079,True,0.14661249523624065,2.4428867986980493e-17,0.14661249523624068,True,True
228,3,0.0014072433114051819,0.001,True,True,True,0.0004623382858206515,True,0.17159648616467393,2.46879149495338e-17,0.17159648616467396,True,True
228,4,0.0014715418219566345,0.001,True,True,True,0.0005460819460378907,True,0.1904422517187072,2.4840419748844584e-17,0.19044225171870724,True,True
228,5,0.0015593282878398895,0.001,True,True,True,0.0006500314673816288,True,0.19921335154680264,2.4514002698602583e-17,0.19921335154680267,True,True
228,6,0.0016693547368049622,0.001,True,True,True,0.0007728278959648893,True,0.20087243317618686,2.4593605804264216e-17,0.2008724331761869,True,True
228,7,0.0018001124262809753,0.001,True,True,True,0.0009129023896086164,True,0.200391438591069,2.4663833559943874e-17,0.20039143859106903,True,True
228,8,0.001949317753314972,0.001,True,True,True,0.0010679948350138524,True,0.20006799732770086,2.4686983891212377e-17,0.2000679973277009,True,True
228,9,0.0021142028272151947,0.001,True,True,True,0.001235479929334704,True,0.200005359133197,2.4694968434737365e-17,0.20000535913319703,True,True
228,10,0.0022914037108421326,0.001,True,True,True,0.0014122208280942239,True,0.20000020472305588,2.46962984971376e-17,0.2000002047230559,True,True
228,11,0.0024769827723503113,0.001,True,True,True,0.0015945915187927096,True,0.20000000149776828,2.4654768371793503e-17,0.2000000014977683,True,True
228,12,0.0026665739715099335,0.001,True,True,True,0.001778648519735082,True,0.20000000431166398,2.4648586643674896e-17,0.200000004311664,True,True
228,13,0.0028552934527397156,0.001,True,True,True,0.0019600014588744274,True,0.20000000122987951,2.4648531938278955e-17,0.20000000122987954,True,True
228,14,0.0030379071831703186,0.001,True,True,True,0.002133991248206346,True,0.20000000297427709,2.4648531638890464e-17,0.2000000029742771,True,True
228,15,0.0032087787985801697,0.001,True,True,True,0.002295627682010304,True,0.20000000298021417,2.4648531635558316e-17,0.2000000029802142,True,True
228,16,0.003362104296684265,0.001,True,True,True,0.0024398017967188768,True,0.20000000298023218,2.4648531635861238e-17,0.2000000029802322,True,True
228,17,0.003491755574941635,0.001,True,True,True,0.002561136076865256,True,0.20000000298023224,2.4648531632832013e-17,0.20000000298023227,True,True
228,18,0.0035915784537792206,0.001,True,True,True,0.002654246842924146,True,0.20000000298023224,2.4648531632832013e-17,0.20000000298023227,True,True
228,19,0.0036555789411067963,0.001,True,True,True,0.002713927884717915,True,0.20000000298023224,2.464853163303396e-17,0.20000000298023227,True,True
228,20,0.0036779269576072693,0.001,True,True,True,0.0027351191099513894,True,0.20000000298023224,4.197979238230075e-18,0.20000000298023224,True,True
229,1,0.0013932399451732635,0.001,True,True,True,0.00042260794120929646,True,0.15565446174662156,2.5184921869073434e-17,0.1556544617466216,True,True
229,2,0.001431487500667572,0.001,True,True,True,0.0004829303137605656,True,0.1763158254515247,2.571215317776975e-17,0.17631582545152472,True,True
229,3,0.0014911890029907227,0.001,True,True,True,0.0005619858031806757,True,0.1916597265453106,2.525896495625148e-17,0.19165972654531063,True,True
229,4,0.0015719421207904816,0.001,True,True,True,0.0006591678277596547,True,0.19908151600509427,2.5103307097320577e-17,0.1990815160050943,True,True
229,5,0.0016730241477489471,0.001,True,True,True,0.0007736185151532293,True,0.20072818557004268,2.5190400363818555e-17,0.2007281855700427,True,True
229,6,0.00179310142993927,0.001,True,True,True,0.0009039470623442014,True,0.20039960780849242,2.525231014403234e-17,0.20039960780849245,True,True
229,7,0.0019305087625980377,0.001,True,True,True,0.0010484754981010536,True,0.2000868262087041,2.5337430982304788e-17,0.20008682620870413,True,True
229,8,0.0020831897854804993,0.001,True,True,True,0.0012052274223044446,True,0.2000091390234751,2.5393036993755663e-17,0.20000913902347514,True,True
229,9,0.0022484250366687775,0.001,True,True,True,0.0013716441151394587,True,0.2000004814201756,2.540447423015297e-17,0.20000048142017562,True,True
229,10,0.002423100173473358,0.001,True,True,True,0.001544844927458433,True,0.2000000164165974,2.538564020890792e-17,0.20000001641659743,True,True
229,11,0.0026036016643047333,0.001,True,True,True,0.0017215277486549718,True,0.20000000574625226,2.533881265857401e-17,0.2000000057462523,True,True
229,12,0.002785969525575638,0.001,True,True,True,0.001898118614215183,True,0.20000000489071365,2.5338436133875552e-17,0.20000000489071368,True,True
229,13,0.002965915948152542,0.001,True,True,True,0.002070790218277274,True,0.20000000292160983,2.533843311918996e-17,0.20000000292160985,True,True
229,14,0.0031386055052280426,0.001,True,True,True,0.0022352199625654823,True,0.20000000298002965,2.5338433104144805e-17,0.20000000298002968,True,True
229,15,0.0032991543412208557,0.001,True,True,True,0.002387095469309264,True,0.20000000298023154,2.5338433103841882e-17,0.20000000298023157,True,True
229,16,0.0034422948956489563,0.001,True,True,True,0.002521764803993687,True,0.20000000298023224,2.5338433103942857e-17,0.20000000298023227,True,True
229,17,0.0035627633333206177,0.001,True,True,True,0.002634619786392123,True,0.20000000298023224,2.5338433103740908e-17,0.20000000298023227,True,True
229,18,0.0036550983786582947,0.001,True,True,True,0.002720873179350214,True,0.20000000298023224,2.5338433103740908e-17,0.20000000298023227,True,True
229,19,0.003714047372341156,0.001,True,True,True,0.002775955578705247,True,0.20000000298023224,2.5338433103942857e-17,0.20000000298023227,True,True
229,20,0.003734532743692398,0.001,True,True,True,0.0027954551037333575,True,0.20000000298023224,4.6571579761119504e-18,0.20000000298023224,True,True
230,1,0.0014545843005180359,0.001,True,True,True,0.0005031154127455029,True,0.18030060885678267,3.3546958578202316e-13,0.18030060885711816,True,True
230,2,0.0015120208263397217,0.001,True,True,True,0.0005796296062103856,True,0.19297398570856217,3.332630901636168e-13,0.19297398570889543,True,True
230,3,0.0015882886946201324,0.001,True,True,True,0.0006724732542253697,True,0.1991239441875905,3.3592316929740763e-13,0.19912394418792642,True,True
230,4,0.001682676374912262,0.001,True,True,True,0.0007807516779776424,True,0.20060620236269955,3.3513902476601953e-13,0.2006062023630347,True,True
230,5,0.001794416457414627,0.001,True,True,True,0.0009035743271488261,True,0.20037646430468037,3.34956489004833e-13,0.20037646430501532,True,True
230,6,0.0019222423434257507,0.001,True,True,True,0.0010396379577386483,True,0.2000959020880082,3.3524510755790766e-13,0.20009590208834344,True,True
230,7,0.0020644105970859528,0.001,True,True,True,0.001187227999427276,True,0.20001251787540894,3.35424242691152e-13,0.20001251787574437,True,True
230,8,0.002218928188085556,0.001,True,True,True,0.0013444562117278513,True,0.20000083620689002,3.3546479225527545e-13,0.20000083620722547,True,True
230,9,0.002383299171924591,0.001,True,True,True,0.0015089806470475198,True,0.20000001954488492,3.354691138908015e-13,0.2000000195452204,True,True
230,10,0.0025546476244926453,0.001,True,True,True,0.0016781675715200617,True,0.20000000554492503,3.3497978980214637e-13,0.20000000554526,True,True
230,11,0.0027296841144561768,0.001,True,True,True,0.001849031134073531,True,0.2000000000020253,3.34968023342779e-13,0.20000000000236026,True,True
230,12,0.002904839813709259,0.001,True,True,True,0.0020183517862901734,True,0.20000000259713077,3.34967891703858e-13,0.20000000259746573,True,True
230,13,0.0030761174857616425,0.001,True,True,True,0.0021825594140898463,True,0.20000000297859521,3.3496789080459314e-13,0.20000000297893017,True,True
230,14,0.003239411860704422,0.001,True,True,True,0.002338004777120206,True,0.2000000029802264,3.349678908004422e-13,0.20000000298056136,True,True
230,15,0.0033902451395988464,0.001,True,True,True,0.002480722635624155,True,0.2000000029802322,3.349678908004419e-13,0.20000000298056717,True,True
230,16,0.003524061292409897,0.001,True,True,True,0.0026067030115959344,True,0.20000000298023224,3.349678908008556e-13,0.2000000029805672,True,True
230,17,0.003636132925748825,0.001,True,True,True,0.002711793343968316,True,0.20000000298023224,3.349678908008554e-13,0.2000000029805672,True,True
230,18,0.0037216730415821075,0.001,True,True,True,0.002791799008282081,True,0.20000000298023224,3.349678908008554e-13,0.2000000029805672,True,True
230,19,0.0037760697305202484,0.001,True,True,True,0.0028427028542621358,True,0.20000000298023224,3.349678908008556e-13,0.2000000029805672,True,True
230,20,0.0037949420511722565,0.001,True,True,True,0.002860703226528538,True,0.20000000298023224,4.5960813057359717e-14,0.2000000029802782,True,True
231,1,0.0015324391424655914,0.001,True,True,True,0.0005975088022744934,True,0.19412350599765205,3.092185633651317e-17,0.19412350599765207,True,True
231,2,0.001606334000825882,0.001,True,True,True,0.0006878441951543302,True,0.19922855940355078,3.130005821070917e-17,0.1992285594035508,True,True
231,3,0.0016965344548225403,0.001,True,True,True,0.0007922119705650044,True,0.20048233101828572,3.097866869576976e-17,0.20048233101828575,True,True
231,4,0.0018022805452346802,0.001,True,True,True,0.0009096677818185572,True,0.20033026234501605,3.097977324684381e-17,0.20033026234501608,True,True
231,5,0.0019226297736167908,0.001,True,True,True,0.0010391717616955454,True,0.20009390375737746,3.105072995150029e-17,0.20009390375737748,True,True
231,6,0.002056363970041275,0.001,True,True,True,0.0011794860420890618,True,0.200014277531829,3.114649757835436e-17,0.20001427753182902,True,True
231,7,0.0022017769515514374,0.001,True,True,True,0.001328941890509916,True,0.2000012051971934,3.1181954053209426e-17,0.20000120519719342,True,True
231,8,0.0023569874465465546,0.001,True,True,True,0.0014857723284349422,True,0.2000000554869663,3.1186966661092747e-17,0.20000005548696634,True,True
231,9,0.0025196895003318787,0.001,True,True,True,0.0016478544554362484,True,0.2000000081661647,3.10175683732354e-17,0.20000000816616473,True,True
231,10,0.0026871636509895325,0.001,True,True,True,0.0018126815454260203,True,0.19999999812847002,3.101094159912707e-17,0.19999999812847005,True,True
231,11,0.0028565041720867157,0.001,True,True,True,0.001977636103000169,True,0.20000000135655002,3.101084566919813e-17,0.20000000135655005,True,True
231,12,0.0030244775116443634,0.001,True,True,True,0.0021398194315782604,True,0.20000000297144063,3.101084478789535e-17,0.20000000297144066,True,True
231,13,0.0031875036656856537,0.001,True,True,True,0.00229602766403747,True,0.20000000298019613,3.1010844784664176e-17,0.20000000298019616,True,True
231,14,0.003341902047395706,0.001,True,True,True,0.002443000989324595,True,0.2000000029802321,3.101084476961902e-17,0.20000000298023213,True,True
231,15,0.0034837275743484497,0.001,True,True,True,0.002577247917136316,True,0.20000000298023224,3.1010844782240795e-17,0.20000000298023227,True,True
231,16,0.0036088600754737854,0.001,True,True,True,0.0026951352623226787,True,0.20000000298023224,3.101084476941707e-17,0.20000000298023227,True,True
231,17,0.0037131980061531067,0.001,True,True,True,0.0027930696259734766,True,0.20000000298023224,3.1010844769215124e-17,0.20000000298023227,True,True
231,18,0.003792557865381241,0.001,True,True,True,0.0028673873578474174,True,0.20000000298023224,3.1010844769215124e-17,0.20000000298023227,True,True
231,19,0.0038428083062171936,0.001,True,True,True,0.0029144797476229334,True,0.20000000298023224,3.101084476941707e-17,0.20000000298023227,True,True
231,20,0.0038601532578468323,0.001,True,True,True,0.0029310568159204298,True,0.20000000298023224,7.928490108109037e-18,0.20000000298023224,True,True
232,1,0.0016243979334831238,0.001,True,True,True,0.0007055470613497317,True,0.19946494823942373,7.243189230050371e-17,0.19946494823942382,True,True
232,2,0.0017123743891716003,0.001,True,True,True,0.0008024214404109831,True,0.2002917278451939,7.239780908188163e-17,0.20029172784519397,True,True
232,3,0.0018143579363822937,0.001,True,True,True,0.0009101831396289839,True,0.2001975149571571,7.244400367728627e-17,0.20019751495715718,True,True
232,4,0.00192946195602417,0.001,True,True,True,0.0010287309763832297,True,0.20005755414919202,7.248380303948191e-17,0.2000575541491921,True,True
232,5,0.0020566992461681366,0.001,True,True,True,0.0011574835979684117,True,0.2000094439325416,7.251185993452349e-17,0.2000094439325417,True,True
232,6,0.002194855362176895,0.001,True,True,True,0.0012954393998352298,True,0.2000008821578683,7.252104819517347e-17,0.20000088215786838,True,True
232,7,0.0023423507809638977,0.001,True,True,True,0.001441138399344899,True,0.20000006687058147,7.252248892236412e-17,0.20000006687058156,True,True
232,8,0.0024973154067993164,0.001,True,True,True,0.001592834787661035,True,0.20000000272644694,7.244244243153634e-17,0.20000000272644702,True,True
232,9,0.0026576481759548187,0.001,True,True,True,0.001748543963319582,True,0.2000000000385044,7.243866991026973e-17,0.2000000000385045,True,True
232,10,0.002820950001478195,0.001,True,True,True,0.0019060203216327842,True,0.19999999839318428,7.243860746055686e-17,0.19999999839318436,True,True
232,11,0.0029845573008060455,0.001,True,True,True,0.0020628052800076846,True,0.2000000029489074,7.243860674687124e-17,0.2000000029489075,True,True
232,12,0.003145478665828705,0.001,True,True,True,0.002216149463815764,True,0.20000000298007908,7.243860677029726e-17,0.20000000298007917,True,True
232,13,0.0033005960285663605,0.001,True,True,True,0.0023632179382373497,True,0.20000000298023163,7.243860675414139e-17,0.2000000029802317,True,True
232,14,0.003446616232395172,0.001,True,True,True,0.0025010450424214348,True,0.20000000298023224,7.243860675202093e-17,0.20000000298023232,True,True
232,15,0.0035799890756607056,0.001,True,True,True,0.0026264400319528924,True,0.20000000298023224,7.243860673879331e-17,0.20000000298023232,True,True
232,16,0.003697134554386139,0.001,True,True,True,0.0027362135421342693,True,0.20000000298023224,7.243860675181898e-17,0.20000000298023232,True,True
232,17,0.003794398158788681,0.001,True,True,True,0.0028271258304212177,True,0.20000000298023224,7.243860675161703e-17,0.20000000298023232,True,True
232,18,0.003868039697408676,0.001,True,True,True,0.0028958648962960076,True,0.20000000298023224,7.243860675161703e-17,0.20000000298023232,True,True
232,19,0.003914572298526764,0.001,True,True,True,0.0029393737094867145,True,0.20000000298023224,7.243860675181898e-17,0.20000000298023232,True,True
232,20,0.003930550068616867,0.001,True,True,True,0.0029546262458849393,True,0.20000000298023224,9.073447184397004e-18,0.20000000298023224,True,True
233,1,0.001726355403661728,0.001,True,True,True,0.00081319356402898,True,0.2002011847275149,2.554241926350772e-13,0.20020118472777035,True,True
233,2,0.0018195472657680511,0.001,True,True,True,0.0009175616367018691,True,0.20020415658846336,2.5470754856020817e-13,0.20020415658871807,True,True
233,3,0.0019247904419898987,0.001,True,True,True,0.0010315741705158032,True,0.20007393072441504,2.5664415288332157e-13,0.2000739307246717,True,True
233,4,0.0020414739847183228,0.001,True,True,True,0.0011548024716678817,True,0.2000153301961266,2.5763574865539193e-13,0.20001533019638423,True,True
233,5,0.002168715000152588,0.001,True,True,True,0.0012864708556198368,True,0.20000190372282137,2.5795730742156896e-13,0.20000190372307933,True,True
233,6,0.002305295318365097,0.001,True,True,True,0.001425477469010894,True,0.20000014237656794,2.580164416492574e-13,0.20000014237682595,True,True
233,7,0.0024497173726558685,0.001,True,True,True,0.0015704356541105247,True,0.20000001512655108,2.562908631355297e-13,0.20000001512680737,True,True
233,8,0.0026003457605838776,0.001,True,True,True,0.0017198530581539195,True,0.19999999661180184,2.558851814323497e-13,0.19999999661205772,True,True
233,9,0.002755001187324524,0.001,True,True,True,0.001871726875035784,True,0.20000000271007864,2.558784835361124e-13,0.20000000271033452,True,True
233,10,0.002911515533924103,0.001,True,True,True,0.00202409391271019,True,0.20000000267753515,2.55878368151864e-13,0.20000000267779103,True,True
233,11,0.0030673816800117493,0.001,True,True,True,0.002174681850017013,True,0.20000000297812492,2.558783668661252e-13,0.2000000029783808,True,True
233,12,0.0032199472188949585,0.001,True,True,True,0.002321110118764569,True,0.20000000298022103,2.558783668560157e-13,0.2000000029804769,True,True
233,13,0.0033662915229797363,0.001,True,True,True,0.002460750717779847,True,0.20000000298023218,2.558783668562063e-13,0.20000000298048806,True,True
233,14,0.0035034455358982086,0.001,True,True,True,0.002590959491458489,True,0.20000000298023224,2.558783668562042e-13,0.20000000298048812,True,True
233,15,0.003628276288509369,0.001,True,True,True,0.002708950148628486,True,0.20000000298023224,2.5587836685619097e-13,0.20000000298048812,True,True
233,16,0.003737539052963257,0.001,True,True,True,0.0028118407231217946,True,0.20000000298023224,2.55878366856204e-13,0.20000000298048812,True,True
233,17,0.003827981650829315,0.001,True,True,True,0.0028967561421502364,True,0.20000000298023224,2.558783668562038e-13,0.20000000298048812,True,True
233,18,0.003896314650774002,0.001,True,True,True,0.0029607886684978046,True,0.20000000298023224,2.558783668562038e-13,0.20000000298048812,True,True
233,19,0.003939386457204819,0.001,True,True,True,0.0030011658261878127,True,0.20000000298023224,2.55878366856204e-13,0.20000000298048812,True,True
233,20,0.003954283893108368,0.001,True,True,True,0.0030153370756151876,True,0.20000000298023224,7.265858733526316e-14,0.2000000029803049,True,True
234,1,0.0018327832221984863,0.001,True,True,True,0.0009275779965618458,True,0.20015706685882773,4.064305019800824e-14,0.20015706685886836,True,True
234,2,0.0019355714321136475,0.001,True,True,True,0.0010387309583770321,True,0.2000586725354625,4.1059676900197085e-14,0.20005867253550355,True,True
234,3,0.0020478814840316772,0.001,True,True,True,0.0011582134304699565,True,0.20001312351781259,4.1146749666268593e-14,0.20001312351785372,True,True
234,4,0.002169400453567505,0.001,True,True,True,0.0012853519884874487,True,0.20000183795469811,4.12400964615356e-14,0.20000183795473936,True,True
234,5,0.002299416810274124,0.001,True,True,True,0.0014192918287100342,True,0.20000018114884519,4.1260836788235566e-14,0.20000018114888646,True,True
234,6,0.002436872571706772,0.001,True,True,True,0.0015589271445088926,True,0.2000000152932884,4.103784860612329e-14,0.20000001529332945,True,True
234,7,0.0025804229080677032,0.001,True,True,True,0.0017029736582753197,True,0.20000000009925198,4.093567081736775e-14,0.20000000009929292,True,True
234,8,0.002728443592786789,0.001,True,True,True,0.0018499034276256987,True,0.19999999982904343,4.093395906240648e-14,0.19999999982908437,True,True
234,9,0.002879098057746887,0.001,True,True,True,0.0019980410136624105,True,0.20000000217601274,4.0933922187151074e-14,0.20000000217605368,True,True
234,10,0.003030400723218918,0.001,True,True,True,0.002145589552650984,True,0.2000000029732022,4.093392166354817e-14,0.20000000297324314,True,True
234,11,0.003179974853992462,0.001,True,True,True,0.002290394532154405,True,0.20000000298018691,4.093392165828499e-14,0.20000000298022785,True,True
234,12,0.003325454890727997,0.001,True,True,True,0.0024303388733843967,True,0.200000002980232,4.093392165851521e-14,0.20000000298027293,True,True
234,13,0.0034642890095710754,0.001,True,True,True,0.002563147166677937,True,0.20000000298023224,4.093392165829226e-14,0.20000000298027318,True,True
234,14,0.0035937801003456116,0.001,True,True,True,0.002686414485731814,True,0.20000000298023224,4.093392165829014e-14,0.20000000298027318,True,True
234,15,0.003711096942424774,0.001,True,True,True,0.0027976243608190954,True,0.20000000298023224,4.093392165848371e-14,0.20000000298027318,True,True
234,16,0.003813359886407852,0.001,True,True,True,0.0028942230577391204,True,0.20000000298023224,4.093392165828994e-14,0.20000000298027318,True,True
234,17,0.0038976967334747314,0.001,True,True,True,0.0029736763462060445,True,0.20000000298023224,4.0933921658289737e-14,0.20000000298027318,True,True
234,18,0.00396120548248291,0.001,True,True,True,0.003033422926144058,True,0.20000000298023224,4.0933921658289737e-14,0.20000000298027318,True,True
234,19,0.004001103341579437,0.001,True,True,True,0.0030710192155073424,True,0.20000000298023224,4.093392165828994e-14,0.20000000298027318,True,True
234,20,0.004014737904071808,0.001,True,True,True,0.003084138224566324,True,0.20000000298023224,1.1851657518224659e-14,0.2000000029802441,True,True
235,1,0.0019462108612060547,0.001,True,True,True,0.001048325470871747,True,0.20004941046064872,4.593101162729077e-13,0.20004941046110802,True,True
235,2,0.0020560212433338165,0.001,True,True,True,0.0011655855014682803,True,0.20001134855617336,4.645835979330143e-13,0.20001134855663794,True,True
235,3,0.0021739043295383453,0.001,True,True,True,0.0012897928852463325,True,0.20000169342168694,4.650393239348915e-13,0.200001693422152,True,True
235,4,0.0022994428873062134,0.001,True,True,True,0.0014202195838988185,True,0.2000001743458611,4.654625258819635e-13,0.20000017434632655,True,True
235,5,0.002431850880384445,0.001,True,True,True,0.0015559452615683256,True,0.20000001756143101,4.633017592233212e-13,0.2000000175618943,True,True
235,6,0.0025699548423290253,0.001,True,True,True,0.0016957741393506254,True,0.19999999859109951,4.618876876538849e-13,0.1999999985915614,True,True
235,7,0.0027125924825668335,0.001,True,True,True,0.0018385877411589702,True,0.19999999558545506,4.61862695738312e-13,0.1999999955859169,True,True
235,8,0.0028582140803337097,0.001,True,True,True,0.0019829448740874556,True,0.20000000148469085,4.618620611881956e-13,0.2000000014851527,True,True
235,9,0.0030051544308662415,0.001,True,True,True,0.0021273261950272015,True,0.20000000296443296,4.618620503521723e-13,0.2000000029648948,True,True
235,10,0.0031515955924987793,0.001,True,True,True,0.002270087417122646,True,0.20000000298011186,4.618620502260297e-13,0.20000000298057372,True,True
235,11,0.003295421600341797,0.001,True,True,True,0.0024093271247261905,True,0.20000000298023152,4.618620502251092e-13,0.20000000298069337,True,True
235,12,0.0034345202147960663,0.001,True,True,True,0.002543159604925571,True,0.20000000298023224,4.618620502253395e-13,0.2000000029806941,True,True
235,13,0.003566525876522064,0.001,True,True,True,0.0026694742629648216,True,0.20000000298023224,4.618620502251165e-13,0.2000000029806941,True,True
235,14,0.0036890730261802673,0.001,True,True,True,0.002786178433915154,True,0.20000000298023224,4.618620502251144e-13,0.2000000029806941,True,True
235,15,0.003799673169851303,0.001,True,True,True,0.0028910679107098103,True,0.20000000298023224,4.618620502253079e-13,0.2000000029806941,True,True
235,16,0.0038957037031650543,0.001,True,True,True,0.0029818209221076364,True,0.20000000298023224,4.618620502251142e-13,0.2000000029806941,True,True
235,17,0.003974646329879761,0.001,True,True,True,0.0030562257641318924,True,0.20000000298023224,4.61862050225114e-13,0.2000000029806941,True,True
235,18,0.00403391569852829,0.001,True,True,True,0.0031120071269480354,True,0.20000000298023224,4.61862050225114e-13,0.2000000029806941,True,True
235,19,0.004070989787578583,0.001,True,True,True,0.003146951090150618,True,0.20000000298023224,4.618620502251142e-13,0.2000000029806941,True,True
235,20,0.004083652049303055,0.001,True,True,True,0.0031591344722575743,True,0.20000000298023224,1.3210637115004837e-13,0.20000000298036436,True,True
236,1,0.0020660310983657837,0.001,True,True,True,0.0011748050792383946,True,0.2000095600429901,2.9762533012134007e-13,0.2000095600432877,True,True
236,2,0.002182047814130783,0.001,True,True,True,0.0012974565584941145,True,0.20000145958072282,2.9971023685198667e-13,0.20000145958102253,True,True
236,3,0.0023048371076583862,0.001,True,True,True,0.0014257705376865548,True,0.20000015362180706,2.999847951649979e-13,0.20000015362210705,True,True
236,4,0.0024337247014045715,0.001,True,True,True,0.0015588320657090593,True,0.20000001946150128,2.9885743196316977e-13,0.20000001946180013,True,True
236,5,0.0025679096579551697,0.001,True,True,True,0.0016957235392891512,True,0.2000000099502762,2.9821488781121115e-13,0.2000000099505744,True,True
236,6,0.0027063004672527313,0.001,True,True,True,0.0018353546762461814,True,0.20000000744750737,2.982016453818042e-13,0.20000000744780558,True,True
236,7,0.002847764641046524,0.001,True,True,True,0.0019766487737284955,True,0.20000000094744116,2.9820126678453193e-13,0.20000000094773937,True,True
236,8,0.00299086794257164,0.001,True,True,True,0.002118274985755342,True,0.2000000029553828,2.9820125937545903e-13,0.20000000295568102,True,True
236,9,0.0031341351568698883,0.001,True,True,True,0.002258896895464435,True,0.20000000298001427,2.9820125927644686e-13,0.20000000298031248,True,True
236,10,0.003275841474533081,0.001,True,True,True,0.0023969634774863025,True,0.20000000298023077,2.982012592754153e-13,0.20000000298052897,True,True
236,11,0.0034141503274440765,0.001,True,True,True,0.002530825171306872,True,0.20000000298023224,2.98201259275322e-13,0.20000000298053044,True,True
236,12,0.0035471655428409576,0.001,True,True,True,0.0026588048542561804,True,0.20000000298023224,2.9820125927534544e-13,0.20000000298053044,True,True
236,13,0.0036727525293827057,0.001,True,True,True,0.0027789993130092894,True,0.20000000298023224,2.9820125927574287e-13,0.20000000298053044,True,True
236,14,0.0037887990474700928,0.001,True,True,True,0.002889547470780629,True,0.20000000298023224,2.9820125927574075e-13,0.20000000298053044,True,True
236,15,0.003893040120601654,0.001,True,True,True,0.0029884454915686254,True,0.20000000298023224,2.9820125927552073e-13,0.20000000298053044,True,True
236,16,0.003983255475759506,0.001,True,True,True,0.003073744292275804,True,0.20000000298023224,2.9820125927574055e-13,0.20000000298053044,True,True
236,17,0.004057165235280991,0.001,True,True,True,0.003143444179391497,True,0.20000000298023224,2.9820125927574035e-13,0.20000000298053044,True,True
236,18,0.004112448543310165,0.001,True,True,True,0.0031955051619450003,True,0.20000000298023224,2.9820125927574035e-13,0.20000000298053044,True,True
236,19,0.00414702296257019,0.001,True,True,True,0.003228121559907482,True,0.20000000298023224,2.9820125927574055e-13,0.20000000298053044,True,True
236,20,0.004158739000558853,0.001,True,True,True,0.003239410427993472,True,0.20000000298023224,7.373442270939066e-14,0.20000000298030599,True,True
237,1,0.002191726118326187,0.001,True,True,True,0.0013074947690305816,True,0.20000123165286682,1.5961997839076502e-10,0.2000012318124868,True,True
237,2,0.0023131147027015686,0.001,True,True,True,0.0014307282637113783,True,0.20000010263791926,1.5822388958788146e-10,0.20000010279614314,True,True
237,3,0.002440083771944046,0.001,True,True,True,0.0015577494237453138,True,0.20000001579103857,1.5727134007219448e-10,0.2000000159483099,True,True
237,4,0.0025716759264469147,0.001,True,True,True,0.0016880735818977088,True,0.20000000529483256,1.5684651016792996e-10,0.20000000545167906,True,True
237,5,0.0027071312069892883,0.001,True,True,True,0.001821219262291951,True,0.2000000101891179,1.5683585032398712e-10,0.20000001034595374,True,True
237,6,0.002845417708158493,0.001,True,True,True,0.001956313627917594,True,0.2000000008059935,1.5683552233913116e-10,0.20000000096282902,True,True
237,7,0.002985384315252304,0.001,True,True,True,0.0020923078289836194,True,0.2000000029507287,1.5683551531771276e-10,0.20000000310756422,True,True
237,8,0.0031258724629878998,0.001,True,True,True,0.0022281475721067645,True,0.2000000029799444,1.5683551521333164e-10,0.20000000313677993,True,True
237,9,0.003265421837568283,0.001,True,True,True,0.002362468600450307,True,0.20000000298023013,1.568355152122243e-10,0.20000000313706565,True,True
237,10,0.003402493894100189,0.001,True,True,True,0.00249384686428733,True,0.20000000298023224,1.56835515212215e-10,0.20000000313706776,True,True
237,11,0.003535456955432892,0.001,True,True,True,0.002620786989255386,True,0.20000000298023224,1.5683551521221572e-10,0.20000000313706776,True,True
237,12,0.003662656992673874,0.001,True,True,True,0.0027417819758575046,True,0.20000000298023224,1.5683551521221575e-10,0.20000000313706776,True,True
237,13,0.003782108426094055,0.001,True,True,True,0.0028550200765471434,True,0.20000000298023224,1.568355152122153e-10,0.20000000313706776,True,True
237,14,0.0038920417428016663,0.001,True,True,True,0.002958918355015716,True,0.20000000298023224,1.568355152122153e-10,0.20000000313706776,True,True
237,15,0.00399036705493927,0.001,True,True,True,0.0030515925093266283,True,0.20000000298023224,1.5683551521221345e-10,0.20000000313706776,True,True
237,16,0.004075143486261368,0.001,True,True,True,0.0031313147269028674,True,0.20000000298023224,1.568355152122153e-10,0.20000000313706776,True,True
237,17,0.0041443780064582825,0.001,True,True,True,0.003196317611863897,True,0.20000000298023224,1.568355152122153e-10,0.20000000313706776,True,True
237,18,0.004195988178253174,0.001,True,True,True,0.00324474730070623,True,0.20000000298023224,1.568355152122153e-10,0.20000000313706776,True,True
237,19,0.004228152334690094,0.001,True,True,True,0.003275008223838638,True,0.20000000298023224,1.568355152122153e-10,0.20000000313706776,True,True
237,20,0.0042390525341033936,0.001,True,True,True,0.0032854990439368237,True,0.20000000298023224,5.311134237842014e-11,0.2000000030333436,True,True
238,1,0.0023207180202007294,0.001,True,True,True,0.0014367860713686564,True,0.20000010322302508,2.2326948145026925e-12,0.20000010322525777,True,True
238,2,0.0024416372179985046,0.001,True,True,True,0.0015622566125768067,True,0.20000001242970994,2.0101462772702127e-12,0.20000001243172008,True,True
238,3,0.002567026764154434,0.001,True,True,True,0.0016909821086740218,True,0.20000001002987358,2.0020127076724183e-12,0.2000000100318756,True,True
238,4,0.0026961825788021088,0.001,True,True,True,0.00182222982501834,True,0.20000000125313136,2.0016419535959406e-12,0.200000001255133,True,True
238,5,0.0028283633291721344,0.001,True,True,True,0.001955274500229587,True,0.19999999939619278,2.001628108395275e-12,0.1999999993981944,True,True
238,6,0.0029625743627548218,0.001,True,True,True,0.0020891878325486335,True,0.200000002919712,2.0016277451241747e-12,0.20000000292171363,True,True
238,7,0.0030978620052337646,0.001,True,True,True,0.0022230959574791598,True,0.20000000297949255,2.0016277384132584e-12,0.20000000298149417,True,True
238,8,0.0032329410314559937,0.001,True,True,True,0.0023558229316552604,True,0.20000000298022544,2.0016277383222427e-12,0.20000000298222706,True,True
238,9,0.00336659699678421,0.001,True,True,True,0.0024862904294304933,True,0.20000000298023218,2.001627738322501e-12,0.2000000029822338,True,True
238,10,0.0034974142909049988,0.001,True,True,True,0.0026132240146012897,True,0.20000000298023224,2.0016277383222944e-12,0.20000000298223386,True,True
238,11,0.003623802214860916,0.001,True,True,True,0.0027351945779047204,True,0.20000000298023224,2.001627738321364e-12,0.20000000298223386,True,True
238,12,0.0037442855536937714,0.001,True,True,True,0.0028509045079284645,True,0.20000000298023224,2.0016277383213897e-12,0.20000000298223386,True,True
238,13,0.0038570724427700043,0.001,True,True,True,0.002958748194906602,True,0.20000000298023224,2.0016277383217774e-12,0.20000000298223386,True,True
238,14,0.0039605386555194855,0.001,True,True,True,0.003057294197686744,True,0.20000000298023224,2.0016277383217774e-12,0.20000000298223386,True,True
238,15,0.004052847623825073,0.001,True,True,True,0.0031449105694890678,True,0.20000000298023224,2.001627738323225e-12,0.20000000298223386,True,True
238,16,0.004132263362407684,0.001,True,True,True,0.0032200712730876546,True,0.20000000298023224,2.0016277383217774e-12,0.20000000298223386,True,True
238,17,0.004196919500827789,0.001,True,True,True,0.0032811206709052465,True,0.20000000298023224,2.0016277383217774e-12,0.20000000298223386,True,True
238,18,0.004245065152645111,0.001,True,True,True,0.003326519000285133,True,0.20000000298023224,2.0016277383217774e-12,0.20000000298223386,True,True
238,19,0.004275031387805939,0.001,True,True,True,0.0033548030539282125,True,0.20000000298023224,2.0016277383217774e-12,0.20000000298223386,True,True
238,20,0.004285246133804321,0.001,True,True,True,0.003364593816457484,True,0.20000000298023224,4.489594851907652e-13,0.20000000298068119,True,True
239,1,0.0024495497345924377,0.001,True,True,True,0.0015684010561041184,True,0.20000001064271153,1.4298884332272325e-10,0.20000001078570037,True,True
239,2,0.002574179321527481,0.001,True,True,True,0.0016960530232194015,True,0.20000000052154485,1.4232233624778033e-10,0.2000000006638672,True,True
239,3,0.002701893448829651,0.001,True,True,True,0.0018261706386402121,True,0.2000000081928235,1.4230611392544532e-10,0.2000000083351296,True,True
239,4,0.002832036465406418,0.001,True,True,True,0.001957839017728502,True,0.19999999976707206,1.4230551077329988e-10,0.19999999990937756,True,True
239,5,0.0029639936983585358,0.001,True,True,True,0.002090340362830845,True,0.2000000029224768,1.4230549424265984e-10,0.2000000030647823,True,True
239,6,0.0030969269573688507,0.001,True,True,True,0.0022228227727124628,True,0.20000000297947107,1.4230549391787125e-10,0.20000000312177657,True,True
239,7,0.003229878842830658,0.001,True,True,True,0.0023543862827172246,True,0.20000000298022466,1.423054939132225e-10,0.20000000312253016,True,True
239,8,0.0033617354929447174,0.001,True,True,True,0.0024840042991888245,True,0.20000000298023218,1.42305493913172e-10,0.20000000312253768,True,True
239,9,0.0034913793206214905,0.001,True,True,True,0.002610674983201222,True,0.20000000298023224,1.4230549391317185e-10,0.20000000312253774,True,True
239,10,0.0036175623536109924,0.001,True,True,True,0.002733275911823263,True,0.20000000298023224,1.4230549391317082e-10,0.20000000312253774,True,True
239,11,0.003738895058631897,0.001,True,True,True,0.002850568509849327,True,0.20000000298023224,1.4230549391317113e-10,0.20000000312253774,True,True
239,12,0.003853965550661087,0.001,True,True,True,0.002961297351332992,True,0.20000000298023224,1.4230549391317116e-10,0.20000000312253774,True,True
239,13,0.003961250185966492,0.001,True,True,True,0.003064108399392085,True,0.20000000298023224,1.4230549391317113e-10,0.20000000312253774,True,True
239,14,0.004059314727783203,0.001,True,True,True,0.003157742223535598,True,0.20000000298023224,1.4230549391317113e-10,0.20000000312253774,True,True
239,15,0.004146460443735123,0.001,True,True,True,0.003240683456041893,True,0.20000000298023224,1.4230549391317175e-10,0.20000000312253774,True,True
239,16,0.004221171140670776,0.001,True,True,True,0.0033116031236365417,True,0.20000000298023224,1.4230549391317113e-10,0.20000000312253774,True,True
239,17,0.004281800240278244,0.001,True,True,True,0.003369043486006529,True,0.20000000298023224,1.4230549391317113e-10,0.20000000312253774,True,True
239,18,0.004326816648244858,0.001,True,True,True,0.0034116625193599814,True,0.20000000298023224,1.4230549391317113e-10,0.20000000312253774,True,True
239,19,0.004354730248451233,0.001,True,True,True,0.0034381551041710035,True,0.20000000298023224,1.4230549391317113e-10,0.20000000312253774,True,True
239,20,0.004364170134067535,0.001,True,True,True,0.0034473253815838767,True,0.20000000298023224,4.053519560691932e-11,0.20000000302076743,True,True
240,1,0.0025808624923229218,0.001,True,True,True,0.0017032331454911454,True,0.20000000967325796,6.307519627499257e-11,0.20000000973633314,True,True
240,2,0.0027078092098236084,0.001,True,True,True,0.0018294739046420538,True,0.19999999755473533,6.307027255984915e-11,0.1999999976178056,True,True
240,3,0.0028369612991809845,0.001,True,True,True,0.0019566882938566454,True,0.20000000019832673,6.307008731442774e-11,0.2000000002613968,True,True
240,4,0.002967577427625656,0.001,True,True,True,0.002084496938598468,True,0.20000000292861417,6.30700821551552e-11,0.20000000299168424,True,True
240,5,0.0030990280210971832,0.001,True,True,True,0.0022124711688603638,True,0.20000000297952275,6.30700820506049e-11,0.20000000304259283,True,True
240,6,0.0032304562628269196,0.001,True,True,True,0.002339884962955452,True,0.20000000298022483,6.307008204904458e-11,0.2000000030432949,True,True
240,7,0.0033610649406909943,0.001,True,True,True,0.002466030833592092,True,0.20000000298023218,6.30700820490272e-11,0.20000000304330226,True,True
240,8,0.0034897923469543457,0.001,True,True,True,0.002589926512927554,True,0.20000000298023224,6.307008204902718e-11,0.20000000304330232,True,True
240,9,0.0036156587302684784,0.001,True,True,True,0.0027106720091751857,True,0.20000000298023224,6.307008204902702e-11,0.20000000304330232,True,True
240,10,0.0037375204265117645,0.001,True,True,True,0.002827209766610883,True,0.20000000298023224,6.307008204902764e-11,0.20000000304330232,True,True
240,11,0.0038541369140148163,0.001,True,True,True,0.0029384010966942986,True,0.20000000298023224,6.30700820490263e-11,0.20000000304330232,True,True
240,12,0.003964290022850037,0.001,True,True,True,0.0030431347950949927,True,0.20000000298023224,6.307008204902633e-11,0.20000000304330232,True,True
240,13,0.0040665678679943085,0.001,True,True,True,0.0031401226290103113,True,0.20000000298023224,6.30700820490263e-11,0.20000000304330232,True,True
240,14,0.004159703850746155,0.001,True,True,True,0.0032282311564881816,True,0.20000000298023224,6.30700820490263e-11,0.20000000304330232,True,True
240,15,0.004242215305566788,0.001,True,True,True,0.0033061185605808285,True,0.20000000298023224,6.307008204902692e-11,0.20000000304330232,True,True
240,16,0.004312701523303986,0.001,True,True,True,0.003372536026200912,True,0.20000000298023224,6.30700820490263e-11,0.20000000304330232,True,True
240,17,0.00436975434422493,0.001,True,True,True,0.0034262286360052796,True,0.20000000298023224,6.30700820490263e-11,0.20000000304330232,True,True
240,18,0.004412058740854263,0.001,True,True,True,0.0034660378052401297,True,0.20000000298023224,6.30700820490263e-11,0.20000000304330232,True,True
240,19,0.004438191652297974,0.001,True,True,True,0.0034906964250163153,True,0.20000000298023224,6.30700820490263e-11,0.20000000304330232,True,True
240,20,0.004446975886821747,0.001,True,True,True,0.0034991745935640806,True,0.20000000298023224,1.5879584021302305e-11,0.20000000299611181,True,True
241,1,0.002713080495595932,0.001,True,True,True,0.001833846682802509,True,0.1999999975563885,4.2369699546977205e-12,0.19999999756062548,True,True
241,2,0.0028375983238220215,0.001,True,True,True,0.001960501046324281,True,0.2000000002553832,4.236958557802982e-12,0.20000000025962017,True,True
241,3,0.0029636137187480927,0.001,True,True,True,0.0020879490996438266,True,0.20000000292189726,4.236958198775241e-12,0.20000000292613423,True,True
241,4,0.0030905716121196747,0.001,True,True,True,0.0022155281665275917,True,0.20000000297929288,4.23695819039691e-12,0.20000000298352985,True,True
241,5,0.0032178424298763275,0.001,True,True,True,0.00234256989796644,True,0.20000000298022066,4.2369581902508605e-12,0.20000000298445764,True,True
241,6,0.0033446364104747772,0.001,True,True,True,0.0024683168084169704,True,0.20000000298023213,4.236958190248948e-12,0.2000000029844691,True,True
241,7,0.00347016379237175,0.001,True,True,True,0.0025920400280610156,True,0.20000000298023224,4.236958190249361e-12,0.2000000029844692,True,True
241,8,0.0035935714840888977,0.001,True,True,True,0.002712969530449083,True,0.20000000298023224,4.2369581902493354e-12,0.2000000029844692,True,True
241,9,0.003713831305503845,0.001,True,True,True,0.0028301848345575475,True,0.20000000298023224,4.236958190249594e-12,0.2000000029844692,True,True
241,10,0.003829915076494217,0.001,True,True,True,0.002942771219913376,True,0.20000000298023224,4.236958190249387e-12,0.2000000029844692,True,True
241,11,0.00394069030880928,0.001,True,True,True,0.0030497225094835434,True,0.20000000298023224,4.236958190249697e-12,0.2000000029844692,True,True
241,12,0.004045035690069199,0.001,True,True,True,0.0031500527773725695,True,0.20000000298023224,4.236958190249723e-12,0.2000000029844692,True,True
241,13,0.00414169579744339,0.001,True,True,True,0.0032426464658487086,True,0.20000000298023224,4.236958190249697e-12,0.2000000029844692,True,True
241,14,0.004229500889778137,0.001,True,True,True,0.003326476695641123,True,0.20000000298023224,4.236958190249697e-12,0.2000000029844692,True,True
241,15,0.004307061433792114,0.001,True,True,True,0.0034003036270462417,True,0.20000000298023224,4.2369581902494905e-12,0.2000000029844692,True,True
241,16,0.004373218864202499,0.001,True,True,True,0.00346311849538683,True,0.20000000298023224,4.236958190249697e-12,0.2000000029844692,True,True
241,17,0.004426732659339905,0.001,True,True,True,0.0035138305257654823,True,0.20000000298023224,4.236958190249697e-12,0.2000000029844692,True,True
241,18,0.004466261714696884,0.001,True,True,True,0.003551248110644112,True,0.20000000298023224,4.236958190249697e-12,0.2000000029844692,True,True
241,19,0.00449066236615181,0.001,True,True,True,0.0035743707264359603,True,0.20000000298023224,4.236958190249697e-12,0.2000000029844692,True,True
241,20,0.004498973488807678,0.001,True,True,True,0.0035823699852185475,True,0.20000000298023224,1.0939962150957095e-12,0.20000000298132622,True,True
242,1,0.0028435848653316498,0.001,True,True,True,0.001965883918775835,True,0.2000000006969543,5.414027491143467e-11,0.2000000007510946,True,True
242,2,0.002969779074192047,0.001,True,True,True,0.0020900714056897307,True,0.20000000293221343,5.4140271323531884e-11,0.2000000029863537,True,True
242,3,0.003096487373113632,0.001,True,True,True,0.0022138886887875797,True,0.20000000297946235,5.414027124131931e-11,0.20000000303360263,True,True
242,4,0.003223240375518799,0.001,True,True,True,0.0023371443616978516,True,0.2000000029802227,5.414027123989343e-11,0.20000000303436297,True,True
242,5,0.0033494755625724792,0.001,True,True,True,0.0024594413368165258,True,0.20000000298023216,5.4140271239872285e-11,0.20000000303437243,True,True
242,6,0.0034744106233119965,0.001,True,True,True,0.0025801057749975653,True,0.20000000298023224,5.414027123987368e-11,0.20000000303437251,True,True
242,7,0.0035974495112895966,0.001,True,True,True,0.0026986134246003157,True,0.20000000298023224,5.414027123987244e-11,0.20000000303437251,True,True
242,8,0.0037176944315433502,0.001,True,True,True,0.0028141315719031335,True,0.20000000298023224,5.4140271239872414e-11,0.20000000303437251,True,True
242,9,0.0038342736661434174,0.001,True,True,True,0.0029258537922182137,True,0.20000000298023224,5.414027123987267e-11,0.20000000303437251,True,True
242,10,0.003946267068386078,0.001,True,True,True,0.003032925396389885,True,0.20000000298023224,5.4140271239872466e-11,0.20000000303437251,True,True
242,11,0.004052717238664627,0.001,True,True,True,0.0031344680039869788,True,0.20000000298023224,5.4140271239872776e-11,0.20000000303437251,True,True
242,12,0.0041525475680828094,0.001,True,True,True,0.003229487649902829,True,0.20000000298023224,5.41402712398728e-11,0.20000000303437251,True,True
242,13,0.004244714975357056,0.001,True,True,True,0.0033170361095863354,True,0.20000000298023224,5.4140271239872776e-11,0.20000000303437251,True,True
242,14,0.004328090697526932,0.001,True,True,True,0.003396084481956718,True,0.20000000298023224,5.4140271239872776e-11,0.20000000303437251,True,True
242,15,0.0044015683233737946,0.001,True,True,True,0.003465634151285313,True,0.20000000298023224,5.414027123987257e-11,0.20000000303437251,True,True
242,16,0.004464037716388702,0.001,True,True,True,0.003524686024432455,True,0.20000000298023224,5.4140271239872776e-11,0.20000000303437251,True,True
242,17,0.004514388740062714,0.001,True,True,True,0.00357224653927668,True,0.20000000298023224,5.4140271239872776e-11,0.20000000303437251,True,True
242,18,0.004551500082015991,0.001,True,True,True,0.003607311078793307,True,0.20000000298023224,5.4140271239872776e-11,0.20000000303437251,True,True
242,19,0.0045743584632873535,0.001,True,True,True,0.00362898073802409,True,0.20000000298023224,5.4140271239872776e-11,0.20000000303437251,True,True
242,20,0.004582010209560394,0.001,True,True,True,0.0036364097959766806,True,0.20000000298023224,1.3367775215922622e-11,0.20000000299360002,True,True
243,1,0.0029735639691352844,0.001,True,True,True,0.0020932510319018327,True,0.20000000293763695,1.4287958018775016e-11,0.2000000029519249,True,True
243,2,0.0030964352190494537,0.001,True,True,True,0.0022169952989444797,True,0.20000000297946144,1.4287957997556748e-11,0.2000000029937494,True,True
243,3,0.003219328820705414,0.001,True,True,True,0.00234037169357304,True,0.20000000298022128,1.4287957997140754e-11,0.20000000299450924,True,True
243,4,0.003341924399137497,0.001,True,True,True,0.002462879813144192,True,0.20000000298023213,1.4287957997135144e-11,0.2000000029945201,True,True
243,5,0.003463607281446457,0.001,True,True,True,0.002583850548039668,True,0.20000000298023224,1.4287957997135093e-11,0.2000000029945202,True,True
243,6,0.0035838447511196136,0.001,True,True,True,0.0027027432324459033,True,0.20000000298023224,1.4287957997135661e-11,0.2000000029945202,True,True
243,7,0.0037018992006778717,0.001,True,True,True,0.002818875241501373,True,0.20000000298023224,1.4287957997134834e-11,0.2000000029945202,True,True
243,8,0.0038170069456100464,0.001,True,True,True,0.0029315472909132723,True,0.20000000298023224,1.4287957997134808e-11,0.2000000029945202,True,True
243,9,0.00392836332321167,0.001,True,True,True,0.003040045242319378,True,0.20000000298023224,1.4287957997135067e-11,0.2000000029945202,True,True
243,10,0.0040350742638111115,0.001,True,True,True,0.0031435676133300117,True,0.20000000298023224,1.428795799713486e-11,0.2000000029945202,True,True
243,11,0.004136286675930023,0.001,True,True,True,0.003241370917714481,True,0.20000000298023224,1.428795799713517e-11,0.2000000029945202,True,True
243,12,0.004231005907058716,0.001,True,True,True,0.0033325680349444164,True,0.20000000298023224,1.4287957997135196e-11,0.2000000029945202,True,True
243,13,0.004318311810493469,0.001,True,True,True,0.0034163546747463247,True,0.20000000298023224,1.428795799713517e-11,0.2000000029945202,True,True
243,14,0.004397116601467133,0.001,True,True,True,0.0034917580753985877,True,0.20000000298023224,1.428795799713517e-11,0.2000000029945202,True,True
243,15,0.00446644052863121,0.001,True,True,True,0.003557916958985219,True,0.20000000298023224,1.4287957997134964e-11,0.2000000029945202,True,True
243,16,0.004525262862443924,0.001,True,True,True,0.0036139288738659125,True,0.20000000298023224,1.428795799713517e-11,0.2000000029945202,True,True
243,17,0.0045726001262664795,0.001,True,True,True,0.003658928032368558,True,0.20000000298023224,1.428795799713517e-11,0.2000000029945202,True,True
243,18,0.004607453942298889,0.001,True,True,True,0.0036920318272748442,True,0.20000000298023224,1.428795799713517e-11,0.2000000029945202,True,True
243,19,0.004628956317901611,0.001,True,True,True,0.003712482526509131,True,0.20000000298023224,1.428795799713517e-11,0.2000000029945202,True,True
243,20,0.004636187106370926,0.001,True,True,True,0.003719463315349003,True,0.20000000298023224,3.69431847833688e-12,0.20000000298392656,True,True
244,1,0.0031011588871479034,0.001,True,True,True,0.002221302349526111,True,0.20000000297957468,6.782268965709731e-12,0.20000000298635695,True,True
244,2,0.003224562853574753,0.001,True,True,True,0.0023419818697906214,True,0.20000000298022313,6.782268965496887e-12,0.2000000029870054,True,True
244,3,0.0033474117517471313,0.001,True,True,True,0.002461426727634164,True,0.20000000298023213,6.782268965492415e-12,0.2000000029870144,True,True
244,4,0.0034693069756031036,0.001,True,True,True,0.0025794825497060803,True,0.20000000298023224,6.78226896549301e-12,0.2000000029870145,True,True
244,5,0.003589645028114319,0.001,True,True,True,0.0026956891242500003,True,0.20000000298023224,6.782268965492958e-12,0.2000000029870145,True,True
244,6,0.003707844763994217,0.001,True,True,True,0.0028095544400542627,True,0.20000000298023224,6.782268965493527e-12,0.2000000029870145,True,True
244,7,0.0038233622908592224,0.001,True,True,True,0.0029205996769242626,True,0.20000000298023224,6.7822689654927e-12,0.2000000029870145,True,True
244,8,0.003935486078262329,0.001,True,True,True,0.003028163944493678,True,0.20000000298023224,6.782268965492674e-12,0.2000000029870145,True,True
244,9,0.004043448716402054,0.001,True,True,True,0.0031315338988514574,True,0.20000000298023224,6.782268965492932e-12,0.2000000029870145,True,True
244,10,0.004146534949541092,0.001,True,True,True,0.003230047957683002,True,0.20000000298023224,6.7822689654927255e-12,0.2000000029870145,True,True
244,11,0.004243865609169006,0.001,True,True,True,0.003322888621228759,True,0.20000000298023224,6.7822689654942764e-12,0.2000000029870145,True,True
244,12,0.004334699362516403,0.001,True,True,True,0.0034093803559011038,True,0.20000000298023224,6.782268965494302e-12,0.2000000029870145,True,True
244,13,0.0044180527329444885,0.001,True,True,True,0.0034886124008305375,True,0.20000000298023224,6.7822689654942764e-12,0.2000000029870145,True,True
244,14,0.004493094980716705,0.001,True,True,True,0.0035598335408916215,True,0.20000000298023224,6.7822689654942764e-12,0.2000000029870145,True,True
244,15,0.004558973014354706,0.001,True,True,True,0.0036222742205528347,True,0.20000000298023224,6.782268965492829e-12,0.2000000029870145,True,True
244,16,0.004614681005477905,0.001,True,True,True,0.0036750167107780785,True,0.20000000298023224,6.7822689654942764e-12,0.2000000029870145,True,True
244,17,0.004659399390220642,0.001,True,True,True,0.0037173308996470977,True,0.20000000298023224,6.7822689654942764e-12,0.2000000029870145,True,True
244,18,0.004692263901233673,0.001,True,True,True,0.0037484434274787093,True,0.20000000298023224,6.7822689654942764e-12,0.2000000029870145,True,True
244,19,0.00471239909529686,0.001,True,True,True,0.003767568324359871,True,0.20000000298023224,6.7822689654942764e-12,0.2000000029870145,True,True
244,20,0.004719153046607971,0.001,True,True,True,0.003774136882910728,True,0.20000000298023224,2.0375373189780083e-12,0.20000000298226978,True,True
245,1,0.0032275058329105377,0.001,True,True,True,0.0023445855594338427,True,0.20000000298022405,4.5649624035122795e-11,0.20000000302587367,True,True
245,2,0.003347158432006836,0.001,True,True,True,0.0024643685212728528,True,0.20000000298023213,4.56496240351093e-11,0.20000000302588175,True,True
245,3,0.0034658946096897125,0.001,True,True,True,0.002583038738433019,True,0.20000000298023224,4.5649624035108965e-11,0.20000000302588186,True,True
245,4,0.003583364188671112,0.001,True,True,True,0.0027000353342909733,True,0.20000000298023224,4.5649624035107905e-11,0.20000000302588186,True,True
245,5,0.003699135035276413,0.001,True,True,True,0.0028148508092085134,True,0.20000000298023224,4.564962403510951e-11,0.20000000302588186,True,True
245,6,0.0038126446306705475,0.001,True,True,True,0.0029269081517822038,True,0.20000000298023224,4.564962403510925e-11,0.20000000302588186,True,True
245,7,0.003923311829566956,0.001,True,True,True,0.0030356650177728595,True,0.20000000298023224,4.564962403510925e-11,0.20000000302588186,True,True
245,8,0.004030507057905197,0.001,True,True,True,0.0031405485312723247,True,0.20000000298023224,4.5649624035109224e-11,0.20000000302588186,True,True
245,9,0.0041336119174957275,0.001,True,True,True,0.0032410127977774428,True,0.20000000298023224,4.564962403510948e-11,0.20000000302588186,True,True
245,10,0.004231814295053482,0.001,True,True,True,0.003336329897648982,True,0.20000000298023224,4.5649624035109275e-11,0.20000000302588186,True,True
245,11,0.004324432462453842,0.001,True,True,True,0.00342590773842788,True,0.20000000298023224,4.5649624035110826e-11,0.20000000302588186,True,True
245,12,0.004410631954669952,0.001,True,True,True,0.0035090029149500435,True,0.20000000298023224,4.5649624035110025e-11,0.20000000302588186,True,True
245,13,0.00448966771364212,0.001,True,True,True,0.003584965159760367,True,0.20000000298023224,4.5649624035110826e-11,0.20000000302588186,True,True
245,14,0.00456073135137558,0.001,True,True,True,0.0036530833736750923,True,0.20000000298023224,4.5649624035110826e-11,0.20000000302588186,True,True
245,15,0.0046229176223278046,0.001,True,True,True,0.0037125484990289115,True,0.20000000298023224,4.564962403510938e-11,0.20000000302588186,True,True
245,16,0.004675503820180893,0.001,True,True,True,0.003762733690674258,True,0.20000000298023224,4.5649624035110826e-11,0.20000000302588186,True,True
245,17,0.0047176294028759,0.001,True,True,True,0.0038028737993601736,True,0.20000000298023224,4.5649624035110826e-11,0.20000000302588186,True,True
245,18,0.004748549312353134,0.001,True,True,True,0.00383231555405672,True,0.20000000298023224,4.5649624035110826e-11,0.20000000302588186,True,True
245,19,0.004767522215843201,0.001,True,True,True,0.003850405846487992,True,0.20000000298023224,4.5649624035110826e-11,0.20000000302588186,True,True
245,20,0.0047739483416080475,0.001,True,True,True,0.0038566252049190286,True,0.20000000298023224,1.0893102685962375e-11,0.20000000299112533,True,True
246,1,0.0033511631190776825,0.001,True,True,True,0.002468062937907467,True,0.20000000298023216,4.790144111655281e-11,0.2000000030281336,True,True
246,2,0.003470800817012787,0.001,True,True,True,0.0025846045249354743,True,0.20000000298023224,4.7901441116553376e-11,0.20000000302813367,True,True
246,3,0.003589048981666565,0.001,True,True,True,0.002699198792252999,True,0.20000000298023224,4.790144111655304e-11,0.20000000302813367,True,True
246,4,0.003705505281686783,0.001,True,True,True,0.0028116745592358106,True,0.20000000298023224,4.790144111655281e-11,0.20000000302813367,True,True
246,5,0.0038197822868824005,0.001,True,True,True,0.002921776542221921,True,0.20000000298023224,4.790144111655193e-11,0.20000000302813367,True,True
246,6,0.00393126904964447,0.001,True,True,True,0.003028977405531874,True,0.20000000298023224,4.7901441116553324e-11,0.20000000302813367,True,True
246,7,0.0040395259857177734,0.001,True,True,True,0.0031328914238500927,True,0.20000000298023224,4.7901441116553324e-11,0.20000000302813367,True,True
246,8,0.004143953323364258,0.001,True,True,True,0.0032329661667713783,True,0.20000000298023224,4.790144111655247e-11,0.20000000302813367,True,True
246,9,0.00424397736787796,0.001,True,True,True,0.0033286691605189933,True,0.20000000298023224,4.79014411165519e-11,0.20000000302813367,True,True
246,10,0.0043388791382312775,0.001,True,True,True,0.0034193274502080095,True,0.20000000298023224,4.790144111655335e-11,0.20000000302813367,True,True
246,11,0.004428092390298843,0.001,True,True,True,0.0035044216392647876,True,0.20000000298023224,4.790144111655242e-11,0.20000000302813367,True,True
246,12,0.004510823637247086,0.001,True,True,True,0.003583213052055667,True,0.20000000298023224,4.7901441116552445e-11,0.20000000302813367,True,True
246,13,0.004586473107337952,0.001,True,True,True,0.003655158487048338,True,0.20000000298023224,4.790144111655242e-11,0.20000000302813367,True,True
246,14,0.004654277116060257,0.001,True,True,True,0.0037195578792029727,True,0.20000000298023224,4.790144111655242e-11,0.20000000302813367,True,True
246,15,0.004713471978902817,0.001,True,True,True,0.0037757137719672818,True,0.20000000298023224,4.7901441116553453e-11,0.20000000302813367,True,True
246,16,0.004763416945934296,0.001,True,True,True,0.0038230546742765714,True,0.20000000298023224,4.790144111655242e-11,0.20000000302813367,True,True
246,17,0.004803325980901718,0.001,True,True,True,0.003860866603346391,True,0.20000000298023224,4.790144111655242e-11,0.20000000302813367,True,True
246,18,0.004832513630390167,0.001,True,True,True,0.0038885356227194023,True,0.20000000298023224,4.790144111655242e-11,0.20000000302813367,True,True
246,19,0.004850383847951889,0.001,True,True,True,0.003905535778879088,True,0.20000000298023224,4.790144111655242e-11,0.20000000302813367,True,True
246,20,0.004856325685977936,0.001,True,True,True,0.003911322330341194,True,0.20000000298023224,1.0655952392548474e-11,0.2000000029908882,True,True
247,1,0.0034732483327388763,0.001,True,True,True,0.0025868790610459325,True,0.20000000298023224,9.431467929010618e-11,0.2000000030745469,True,True
247,2,0.0035889223217964172,0.001,True,True,True,0.002702210790625492,True,0.20000000298023224,9.431467929010509e-11,0.2000000030745469,True,True
247,3,0.0037029236555099487,0.001,True,True,True,0.0028157965278289288,True,0.20000000298023224,9.431467929010641e-11,0.2000000030745469,True,True
247,4,0.003814995288848877,0.001,True,True,True,0.0029271574243375786,True,0.20000000298023224,9.431467929010618e-11,0.2000000030745469,True,True
247,5,0.003924686461687088,0.001,True,True,True,0.0030357572392465393,True,0.20000000298023224,9.43146792901053e-11,0.2000000030745469,True,True
247,6,0.004031572490930557,0.001,True,True,True,0.0031411537238335008,True,0.20000000298023224,9.431467929010504e-11,0.2000000030745469,True,True
247,7,0.004135202616453171,0.001,True,True,True,0.0032429225036536558,True,0.20000000298023224,9.431467929010504e-11,0.2000000030745469,True,True
247,8,0.004235010594129562,0.001,True,True,True,0.0033405470978868923,True,0.20000000298023224,9.431467929010584e-11,0.2000000030745469,True,True
247,9,0.004330415278673172,0.001,True,True,True,0.003433510320278388,True,0.20000000298023224,9.431467929010527e-11,0.2000000030745469,True,True
247,10,0.004420869052410126,0.001,True,True,True,0.003521335404560677,True,0.20000000298023224,9.431467929010506e-11,0.2000000030745469,True,True
247,11,0.004505712538957596,0.001,True,True,True,0.003603440810860281,True,0.20000000298023224,9.431467929010579e-11,0.2000000030745469,True,True
247,12,0.004584349691867828,0.001,True,True,True,0.003679308094096001,True,0.20000000298023224,9.431467929010581e-11,0.2000000030745469,True,True
247,13,0.004656057804822922,0.001,True,True,True,0.0037482954687568792,True,0.20000000298023224,9.431467929010579e-11,0.2000000030745469,True,True
247,14,0.004720278084278107,0.001,True,True,True,0.0038099265089186485,True,0.20000000298023224,9.431467929010579e-11,0.2000000030745469,True,True
247,15,0.0047762952744960785,0.001,True,True,True,0.0038635649686658002,True,0.20000000298023224,9.431467929010517e-11,0.2000000030745469,True,True
247,16,0.004823453724384308,0.001,True,True,True,0.003908635338685129,True,0.20000000298023224,9.431467929010579e-11,0.2000000030745469,True,True
247,17,0.004861116409301758,0.001,True,True,True,0.0039445790974047545,True,0.20000000298023224,9.431467929010579e-11,0.2000000030745469,True,True
247,18,0.004888668656349182,0.001,True,True,True,0.003970857006087347,True,0.20000000298023224,9.431467929010579e-11,0.2000000030745469,True,True
247,19,0.0049055106937885284,0.001,True,True,True,0.003986941117002929,True,0.20000000298023224,9.431467929010579e-11,0.2000000030745469,True,True
247,20,0.004911176860332489,0.001,True,True,True,0.003992430603248165,True,0.20000000298023224,2.2626696728665123e-11,0.20000000300285894,True,True
248,1,0.003592468798160553,0.001,True,True,True,0.0027054851420718062,True,0.20000000298023224,1.0118618878395633e-11,0.20000000299035087,True,True
248,2,0.0037077441811561584,0.001,True,True,True,0.0028174438622312614,True,0.20000000298023224,1.0118618878396201e-11,0.20000000299035087,True,True
248,3,0.00382101908326149,0.001,True,True,True,0.002926918030866532,True,0.20000000298023224,1.0118618878395865e-11,0.20000000299035087,True,True
248,4,0.003931909799575806,0.001,True,True,True,0.0030337521577082915,True,0.20000000298023224,1.0118618878395633e-11,0.20000000299035087,True,True
248,5,0.004040069878101349,0.001,True,True,True,0.003137729019255131,True,0.20000000298023224,1.0118618878394754e-11,0.20000000299035087,True,True
248,6,0.0041450075805187225,0.001,True,True,True,0.0032384366108976215,True,0.20000000298023224,1.011861887839615e-11,0.20000000299035087,True,True
248,7,0.004246320575475693,0.001,True,True,True,0.0033355240913143236,True,0.20000000298023224,1.011861887839615e-11,0.20000000299035087,True,True
248,8,0.004343502223491669,0.001,True,True,True,0.0034285254273693777,True,0.20000000298023224,1.0118618878395297e-11,0.20000000299035087,True,True
248,9,0.004436079412698746,0.001,True,True,True,0.0035170027004272075,True,0.20000000298023224,1.0118618878394728e-11,0.20000000299035087,True,True
248,10,0.004523545503616333,0.001,True,True,True,0.003600484677091287,True,0.20000000298023224,1.0118618878396176e-11,0.20000000299035087,True,True
248,11,0.004605364054441452,0.001,True,True,True,0.003678474810650978,True,0.20000000298023224,1.0118618878395245e-11,0.20000000299035087,True,True
248,12,0.004680894315242767,0.001,True,True,True,0.0037503759135122383,True,0.20000000298023224,1.011861887839527e-11,0.20000000299035087,True,True
248,13,0.004749607294797897,0.001,True,True,True,0.003815704946296905,True,0.20000000298023224,1.0118618878395245e-11,0.20000000299035087,True,True
248,14,0.0048109665513038635,0.001,True,True,True,0.003873975626395243,True,0.20000000298023224,1.0118618878395245e-11,0.20000000299035087,True,True
248,15,0.0048643723130226135,0.001,True,True,True,0.003924642422920455,True,0.20000000298023224,1.0118618878394625e-11,0.20000000299035087,True,True
248,16,0.004909232258796692,0.001,True,True,True,0.003967168554019351,True,0.20000000298023224,1.0118618878395245e-11,0.20000000299035087,True,True
248,17,0.004944950342178345,0.001,True,True,True,0.004001016341909858,True,0.20000000298023224,1.0118618878395245e-11,0.20000000299035087,True,True
248,18,0.00497099757194519,0.001,True,True,True,0.004025714967869631,True,0.20000000298023224,1.0118618878395245e-11,0.20000000299035087,True,True
248,19,0.004986897110939026,0.001,True,True,True,0.004040844161579571,True,0.20000000298023224,1.0118618878395245e-11,0.20000000299035087,True,True
248,20,0.004992201924324036,0.001,True,True,True,0.004046010271013145,True,0.20000000298023224,2.0870429214051514e-12,0.2000000029823193,True,True
249,1,0.0037099644541740417,0.001,True,True,True,0.002819617491209958,True,0.20000000298023224,1.3391639032822044e-10,0.20000000311414862,True,True
249,2,0.003821156919002533,0.001,True,True,True,0.0029301438656577083,True,0.20000000298023224,1.3391639032822598e-10,0.20000000311414862,True,True
249,3,0.003930132836103439,0.001,True,True,True,0.003038458779422104,True,0.20000000298023224,1.3391639032822564e-10,0.20000000311414862,True,True
249,4,0.004036560654640198,0.001,True,True,True,0.003144016695106444,True,0.20000000298023224,1.3391639032822044e-10,0.20000000311414862,True,True
249,5,0.004140213131904602,0.001,True,True,True,0.003246494995347793,True,0.20000000298023224,1.3391639032822287e-10,0.20000000311414862,True,True
249,6,0.004240654408931732,0.001,True,True,True,0.0033454402024086782,True,0.20000000298023224,1.3391639032822592e-10,0.20000000311414862,True,True
249,7,0.00433751568198204,0.001,True,True,True,0.0034405002497187587,True,0.20000000298023224,1.3391639032822592e-10,0.20000000311414862,True,True
249,8,0.004430271685123444,0.001,True,True,True,0.0035311967999571703,True,0.20000000298023224,1.3391639032822176e-10,0.20000000311414862,True,True
249,9,0.004518549889326096,0.001,True,True,True,0.0036172105062366455,True,0.20000000298023224,1.3391639032822285e-10,0.20000000311414862,True,True
249,10,0.004601836204528809,0.001,True,True,True,0.0036980907893433557,True,0.20000000298023224,1.3391639032822595e-10,0.20000000311414862,True,True
249,11,0.00467957928776741,0.001,True,True,True,0.0037733521493519273,True,0.20000000298023224,1.339163903282217e-10,0.20000000311414862,True,True
249,12,0.004751332104206085,0.001,True,True,True,0.0038426148486206957,True,0.20000000298023224,1.3391639032822174e-10,0.20000000311414862,True,True
249,13,0.004816524684429169,0.001,True,True,True,0.0039053793700015715,True,0.20000000298023224,1.339163903282217e-10,0.20000000311414862,True,True
249,14,0.004874616861343384,0.001,True,True,True,0.00396117461225054,True,0.20000000298023224,1.339163903282217e-10,0.20000000311414862,True,True
249,15,0.00492517277598381,0.001,True,True,True,0.0040096311411648156,True,0.20000000298023224,1.3391639032822274e-10,0.20000000311414862,True,True
249,16,0.0049675218760967255,0.001,True,True,True,0.004050146487778683,True,0.20000000298023224,1.339163903282217e-10,0.20000000311414862,True,True
249,17,0.005001254379749298,0.001,True,True,True,0.004082375733548971,True,0.20000000298023224,1.339163903282217e-10,0.20000000311414862,True,True
249,18,0.005025826394557953,0.001,True,True,True,0.004105837879620489,True,0.20000000298023224,1.339163903282217e-10,0.20000000311414862,True,True
249,19,0.005040846765041351,0.001,True,True,True,0.004120200412807473,True,0.20000000298023224,1.339163903282217e-10,0.20000000311414862,True,True
249,20,0.005045879632234573,0.001,True,True,True,0.004125080923797375,True,0.20000000298023224,3.239511293458292e-11,0.20000000301262735,True,True
250,1,0.003824487328529358,0.001,True,True,True,0.00293320235281902,True,0.20000000298023224,4.0240575710853825e-11,0.20000000302047283,True,True
250,2,0.003934986889362335,0.001,True,True,True,0.00304023414099186,True,0.20000000298023224,4.024057571085605e-11,0.20000000302047283,True,True
250,3,0.004043038934469223,0.001,True,True,True,0.0031443798597085015,True,0.20000000298023224,4.024057571085571e-11,0.20000000302047283,True,True
250,4,0.0041482336819171906,0.001,True,True,True,0.0032454634524572423,True,0.20000000298023224,4.0240575710853825e-11,0.20000000302047283,True,True
250,5,0.004250325262546539,0.001,True,True,True,0.0033433683764495514,True,0.20000000298023224,4.024057571085129e-11,0.20000000302047283,True,True
250,6,0.004348840564489365,0.001,True,True,True,0.0034377017491165063,True,0.20000000298023224,4.0240575710856e-11,0.20000000302047283,True,True
250,7,0.00444350391626358,0.001,True,True,True,0.0035282363569490993,True,0.20000000298023224,4.0240575710856e-11,0.20000000302047283,True,True
250,8,0.004533827304840088,0.001,True,True,True,0.003614518820135637,True,0.20000000298023224,4.024057571085349e-11,0.20000000302047283,True,True
250,9,0.004619516432285309,0.001,True,True,True,0.003696288705122064,True,0.20000000298023224,4.0240575710851266e-11,0.20000000302047283,True,True
250,10,0.004700034856796265,0.001,True,True,True,0.0037730347400724007,True,0.20000000298023224,4.024057571085602e-11,0.20000000302047283,True,True
250,11,0.004775054752826691,0.001,True,True,True,0.0038444628230550615,True,0.20000000298023224,4.024057571085344e-11,0.20000000302047283,True,True
250,12,0.0048440247774124146,0.001,True,True,True,0.0039100552010954415,True,0.20000000298023224,4.0240575710853464e-11,0.20000000302047283,True,True
250,13,0.004906557500362396,0.001,True,True,True,0.003969462801926671,True,0.20000000298023224,4.024057571085344e-11,0.20000000302047283,True,True
250,14,0.004962153732776642,0.001,True,True,True,0.004022226120610761,True,0.20000000298023224,4.024057571085344e-11,0.20000000302047283,True,True
250,15,0.00501033291220665,0.001,True,True,True,0.00406790910010324,True,0.20000000298023224,4.024057571085116e-11,0.20000000302047283,True,True
250,16,0.005050685256719589,0.001,True,True,True,0.004106146465113536,True,0.20000000298023224,4.024057571085344e-11,0.20000000302047283,True,True
250,17,0.005082722753286362,0.001,True,True,True,0.0041364972051760596,True,0.20000000298023224,4.024057571085344e-11,0.20000000302047283,True,True
250,18,0.005105994641780853,0.001,True,True,True,0.004158557991396639,True,0.20000000298023224,4.024057571085344e-11,0.20000000302047283,True,True
250,19,0.005120165646076202,0.001,True,True,True,0.004172039429785945,True,0.20000000298023224,4.024057571085344e-11,0.20000000302047283,True,True
250,20,0.005124859511852264,0.001,True,True,True,0.004176608432049922,True,0.20000000298023224,1.0740577453140374e-11,0.2000000029909728,True,True
251,1,0.003937087953090668,0.001,True,True,True,0.003042671517456963,True,0.20000000298023224,5.048470716710752e-15,0.2000000029802373,True,True
251,2,0.0040434785187244415,0.001,True,True,True,0.0031463722240178127,True,0.20000000298023224,5.048470716659053e-15,0.2000000029802373,True,True
251,3,0.004147186875343323,0.001,True,True,True,0.003247189911782855,True,0.20000000298023224,5.048470716736601e-15,0.2000000029802373,True,True
251,4,0.004247944802045822,0.001,True,True,True,0.0033449184239203733,True,0.20000000298023224,5.048470716710752e-15,0.2000000029802373,True,True
251,5,0.004345562309026718,0.001,True,True,True,0.003439408098424579,True,0.20000000298023224,5.0484707165556554e-15,0.2000000029802373,True,True
251,6,0.004439640790224075,0.001,True,True,True,0.0035302954867101333,True,0.20000000298023224,5.048470716503957e-15,0.2000000029802373,True,True
251,7,0.004529956728219986,0.001,True,True,True,0.0036173878840836116,True,0.20000000298023224,5.048470716503957e-15,0.2000000029802373,True,True
251,8,0.004616066813468933,0.001,True,True,True,0.00370027435666076,True,0.20000000298023224,5.0484707166849024e-15,0.2000000029802373,True,True
251,9,0.004697583615779877,0.001,True,True,True,0.0037786023022041704,True,0.20000000298023224,5.048470716633204e-15,0.2000000029802373,True,True
251,10,0.004774212837219238,0.001,True,True,True,0.0038521118891439166,True,0.20000000298023224,5.048470716633204e-15,0.2000000029802373,True,True
251,11,0.004845418035984039,0.001,True,True,True,0.003920306340249535,True,0.20000000298023224,5.048470716633204e-15,0.2000000029802373,True,True
251,12,0.004910875111818314,0.001,True,True,True,0.0039829007550507,True,0.20000000298023224,5.048470716659053e-15,0.2000000029802373,True,True
251,13,0.004970144480466843,0.001,True,True,True,0.004039497043085483,True,0.20000000298023224,5.048470716633204e-15,0.2000000029802373,True,True
251,14,0.005022797733545303,0.001,True,True,True,0.004089709378849671,True,0.20000000298023224,5.048470716633204e-15,0.2000000029802373,True,True
251,15,0.005068343132734299,0.001,True,True,True,0.004133090333992673,True,0.20000000298023224,5.048470716633204e-15,0.2000000029802373,True,True
251,16,0.005106478929519653,0.001,True,True,True,0.004169380888669583,True,0.20000000298023224,5.048470716633204e-15,0.2000000029802373,True,True
251,17,0.005136676132678986,0.001,True,True,True,0.004198096138068985,True,0.20000000298023224,5.048470716633204e-15,0.2000000029802373,True,True
251,18,0.005158666521310806,0.001,True,True,True,0.0042190091990129686,True,0.20000000298023224,5.048470716633204e-15,0.2000000029802373,True,True
251,19,0.005172029137611389,0.001,True,True,True,0.004231738956344877,True,0.20000000298023224,5.048470716633204e-15,0.2000000029802373,True,True
251,20,0.005176529288291931,0.001,True,True,True,0.004236085715361382,True,0.20000000298023224,1.4223079170396729e-15,0.20000000298023365,True,True
252,1,0.004045810550451279,0.001,True,True,True,0.003147969296485642,True,0.20000000298023224,2.3855729340279375e-11,0.20000000300408796,True,True
252,2,0.004148989915847778,0.001,True,True,True,0.0032499000825694235,True,0.20000000298023224,2.3855729340279323e-11,0.20000000300408796,True,True
252,3,0.0042494311928749084,0.001,True,True,True,0.003349241948922832,True,0.20000000298023224,2.38557293402794e-11,0.20000000300408796,True,True
252,4,0.004346903413534164,0.001,True,True,True,0.003445553253932032,True,0.20000000298023224,2.3855729340279375e-11,0.20000000300408796,True,True
252,5,0.004441138356924057,0.001,True,True,True,0.0035384732682306463,True,0.20000000298023224,2.385572934027922e-11,0.20000000300408796,True,True
252,6,0.0045318603515625,0.001,True,True,True,0.0036276938554256066,True,0.20000000298023224,2.3855729340279168e-11,0.20000000300408796,True,True
252,7,0.004618752747774124,0.001,True,True,True,0.003712906443460451,True,0.20000000298023224,2.3855729340279168e-11,0.20000000300408796,True,True
252,8,0.004701491445302963,0.001,True,True,True,0.003793814648679006,True,0.20000000298023224,2.385572934027935e-11,0.20000000300408796,True,True
252,9,0.00477972999215126,0.001,True,True,True,0.0038701092416153493,True,0.20000000298023224,2.3855729340279297e-11,0.20000000300408796,True,True
252,10,0.00485306978225708,0.001,True,True,True,0.003941437260414737,True,0.20000000298023224,2.3855729340279297e-11,0.20000000300408796,True,True
252,11,0.004921134561300278,0.001,True,True,True,0.004007468413110504,True,0.20000000298023224,2.3855729340279297e-11,0.20000000300408796,True,True
252,12,0.004983607679605484,0.001,True,True,True,0.004067935356977914,True,0.20000000298023224,2.3855729340279323e-11,0.20000000300408796,True,True
252,13,0.005040083080530167,0.001,True,True,True,0.004122481164978153,True,0.20000000298023224,2.3855729340279297e-11,0.20000000300408796,True,True
252,14,0.005090147256851196,0.001,True,True,True,0.004170741424032509,True,0.20000000298023224,2.3855729340279297e-11,0.20000000300408796,True,True
252,15,0.0051334574818611145,0.001,True,True,True,0.004212420412697093,True,0.20000000298023224,2.3855729340279297e-11,0.20000000300408796,True,True
252,16,0.005169611424207687,0.001,True,True,True,0.004247162655825587,True,0.20000000298023224,2.3855729340279297e-11,0.20000000300408796,True,True
252,17,0.005198270082473755,0.001,True,True,True,0.004274674626444153,True,0.20000000298023224,2.3855729340279297e-11,0.20000000300408796,True,True
252,18,0.005219068378210068,0.001,True,True,True,0.00429463420802656,True,0.20000000298023224,2.3855729340279297e-11,0.20000000300408796,True,True
252,19,0.005231693387031555,0.001,True,True,True,0.0043067687009995526,True,0.20000000298023224,2.3855729340279297e-11,0.20000000300408796,True,True
252,20,0.0052359141409397125,0.001,True,True,True,0.0043108829139120175,True,0.20000000298023224,5.232377326119362e-12,0.2000000029854646,True,True
253,1,0.004151474684476852,0.001,True,True,True,0.00325220465235998,True,0.20000000298023224,8.056199774196753e-16,0.20000000298023304,True,True
253,2,0.004253469407558441,0.001,True,True,True,0.0033506785448524923,True,0.20000000298023224,8.056199773679765e-16,0.20000000298023304,True,True
253,3,0.0043526291847229,0.001,True,True,True,0.0034459824207103695,True,0.20000000298023224,8.056199773938259e-16,0.20000000298023304,True,True
253,4,0.004448689520359039,0.001,True,True,True,0.0035380696944907752,True,0.20000000298023224,8.056199774196753e-16,0.20000000298023304,True,True
253,5,0.004541315138339996,0.001,True,True,True,0.0036267256029369754,True,0.20000000298023224,8.056199773679765e-16,0.20000000298023304,True,True
253,6,0.004630245268344879,0.001,True,True,True,0.0037117594540484466,True,0.20000000298023224,8.056199773162777e-16,0.20000000298023304,True,True
253,7,0.004715178161859512,0.001,True,True,True,0.003792910501541513,True,0.20000000298023224,8.056199773162777e-16,0.20000000298023304,True,True
253,8,0.0047958120703697205,0.001,True,True,True,0.003869903483099235,True,0.20000000298023224,8.056199773421271e-16,0.20000000298023304,True,True
253,9,0.004871834069490433,0.001,True,True,True,0.003942446188868853,True,0.20000000298023224,8.056199773938259e-16,0.20000000298023304,True,True
253,10,0.0049429163336753845,0.001,True,True,True,0.00401023005632184,True,0.20000000298023224,8.056199773938259e-16,0.20000000298023304,True,True
253,11,0.00500873476266861,0.001,True,True,True,0.0040729503231161646,True,0.20000000298023224,8.056199773938259e-16,0.20000000298023304,True,True
253,12,0.005069009959697723,0.001,True,True,True,0.004130349711575221,True,0.20000000298023224,8.056199773679765e-16,0.20000000298023304,True,True
253,13,0.005123358219861984,0.001,True,True,True,0.004182067539388545,True,0.20000000298023224,8.056199773938259e-16,0.20000000298023304,True,True
253,14,0.005171440541744232,0.001,True,True,True,0.004227791723610208,True,0.20000000298023224,8.056199773938259e-16,0.20000000298023304,True,True
253,15,0.005212973803281784,0.001,True,True,True,0.004267266601019726,True,0.20000000298023224,8.056199773938259e-16,0.20000000298023304,True,True
253,16,0.005247540771961212,0.001,True,True,True,0.004300105662062292,True,0.20000000298023224,8.056199773938259e-16,0.20000000298023304,True,True
253,17,0.005274917930364609,0.001,True,True,True,0.0043261152101486955,True,0.20000000298023224,8.056199773938259e-16,0.20000000298023304,True,True
253,18,0.005294725298881531,0.001,True,True,True,0.004344947347483807,True,0.20000000298023224,8.056199773938259e-16,0.20000000298023304,True,True
253,19,0.005306720733642578,0.001,True,True,True,0.004356390586680137,True,0.20000000298023224,8.056199773938259e-16,0.20000000298023304,True,True
253,20,0.005310732871294022,0.001,True,True,True,0.004360301595468297,True,0.20000000298023224,2.3467667115743714e-16,0.20000000298023246,True,True
254,1,0.004255041480064392,0.001,True,True,True,0.0033525828602424257,True,0.20000000298023224,6.647870800035436e-15,0.2000000029802389,True,True
254,2,0.00435304269194603,0.001,True,True,True,0.0034480527310298825,True,0.20000000298023224,6.647870799983737e-15,0.2000000029802389,True,True
254,3,0.0044480301439762115,0.001,True,True,True,0.0035404684903102,True,0.20000000298023224,6.6478708000095866e-15,0.2000000029802389,True,True
254,4,0.004539903253316879,0.001,True,True,True,0.0036297215347508294,True,0.20000000298023224,6.647870800035436e-15,0.2000000029802389,True,True
254,5,0.004628349095582962,0.001,True,True,True,0.003715502435147844,True,0.20000000298023224,6.647870799983737e-15,0.2000000029802389,True,True
254,6,0.0047132037580013275,0.001,True,True,True,0.0037976624013391636,True,0.20000000298023224,6.647870800035436e-15,0.2000000029802389,True,True
254,7,0.004794210195541382,0.001,True,True,True,0.003875961576041864,True,0.20000000298023224,6.647870800035436e-15,0.2000000029802389,True,True
254,8,0.00487104058265686,0.001,True,True,True,0.003950099160748732,True,0.20000000298023224,6.647870800061285e-15,0.2000000029802389,True,True
254,9,0.004943434149026871,0.001,True,True,True,0.004019841234007671,True,0.20000000298023224,6.6478708000095866e-15,0.2000000029802389,True,True
254,10,0.005011066794395447,0.001,True,True,True,0.0040848934864062825,True,0.20000000298023224,6.6478708000095866e-15,0.2000000029802389,True,True
254,11,0.0050736889243125916,0.001,True,True,True,0.0041450362158932386,True,0.20000000298023224,6.6478708000095866e-15,0.2000000029802389,True,True
254,12,0.005130983889102936,0.001,True,True,True,0.00419998545485023,True,0.20000000298023224,6.647870799983737e-15,0.2000000029802389,True,True
254,13,0.0051826126873493195,0.001,True,True,True,0.0042494347621570006,True,0.20000000298023224,6.6478708000095866e-15,0.2000000029802389,True,True
254,14,0.0052282363176345825,0.001,True,True,True,0.004293078484795765,True,0.20000000298023224,6.6478708000095866e-15,0.2000000029802389,True,True
254,15,0.0052676014602184296,0.001,True,True,True,0.004330695837311271,True,0.20000000298023224,6.6478708000095866e-15,0.2000000029802389,True,True
254,16,0.005300343036651611,0.001,True,True,True,0.004361954592315809,True,0.20000000298023224,6.6478708000095866e-15,0.2000000029802389,True,True
254,17,0.005326256155967712,0.001,True,True,True,0.004386681630406675,True,0.20000000298023224,6.6478708000095866e-15,0.2000000029802389,True,True
254,18,0.005345016717910767,0.001,True,True,True,0.004404583523261119,True,0.20000000298023224,6.6478708000095866e-15,0.2000000029802389,True,True
254,19,0.00535641610622406,0.001,True,True,True,0.004415480180279152,True,0.20000000298023224,6.6478708000095866e-15,0.2000000029802389,True,True
254,20,0.005360212177038193,0.001,True,True,True,0.004419154542075199,True,0.20000000298023224,1.978239819367737e-15,0.2000000029802342,True,True
255,1,0.004354998469352722,0.001,True,True,True,0.003449481591682124,True,0.20000000298023224,5.229393540299121e-11,0.20000000303252619,True,True
255,2,0.004450131207704544,0.001,True,True,True,0.0035429848745798243,True,0.20000000298023224,5.229393540299116e-11,0.20000000303252619,True,True
255,3,0.004542339593172073,0.001,True,True,True,0.0036337066347456037,True,0.20000000298023224,5.2293935402991187e-11,0.20000000303252619,True,True
255,4,0.004631362855434418,0.001,True,True,True,0.0037212339684220552,True,0.20000000298023224,5.229393540299121e-11,0.20000000303252619,True,True
255,5,0.004716996103525162,0.001,True,True,True,0.0038052956263249227,True,0.20000000298023224,5.229393540299116e-11,0.20000000303252619,True,True
255,6,0.0047989822924137115,0.001,True,True,True,0.0038856120134080907,True,0.20000000298023224,5.229393540299121e-11,0.20000000303252619,True,True
255,7,0.00487712025642395,0.001,True,True,True,0.003961989192568183,True,0.20000000298023224,5.229393540299121e-11,0.20000000303252619,True,True
255,8,0.00495113804936409,0.001,True,True,True,0.00403417253399696,True,0.20000000298023224,5.229393540299124e-11,0.20000000303252619,True,True
255,9,0.005020752549171448,0.001,True,True,True,0.004101910725652691,True,0.20000000298023224,5.2293935402991187e-11,0.20000000303252619,True,True
255,10,0.005085699260234833,0.001,True,True,True,0.004164969349297443,True,0.20000000298023224,5.2293935402991187e-11,0.20000000303252619,True,True
255,11,0.005145758390426636,0.001,True,True,True,0.0042231656090439,True,0.20000000298023224,5.2293935402991187e-11,0.20000000303252619,True,True
255,12,0.0052005834877491,0.001,True,True,True,0.004276188300133765,True,0.20000000298023224,5.229393540299116e-11,0.20000000303252619,True,True
255,13,0.005249891430139542,0.001,True,True,True,0.004323790240919445,True,0.20000000298023224,5.2293935402991187e-11,0.20000000303252619,True,True
255,14,0.00529344379901886,0.001,True,True,True,0.004365769383790519,True,0.20000000298023224,5.2293935402991187e-11,0.20000000303252619,True,True
255,15,0.005330968648195267,0.001,True,True,True,0.004401888210425531,True,0.20000000298023224,5.2293935402991187e-11,0.20000000303252619,True,True
255,16,0.005362179130315781,0.001,True,True,True,0.00443189428573354,True,0.20000000298023224,5.2293935402991187e-11,0.20000000303252619,True,True
255,17,0.005386825650930405,0.001,True,True,True,0.00445557080006298,True,0.20000000298023224,5.2293935402991187e-11,0.20000000303252619,True,True
255,18,0.005404651165008545,0.001,True,True,True,0.00447269243082371,True,0.20000000298023224,5.2293935402991187e-11,0.20000000303252619,True,True
255,19,0.005415424704551697,0.001,True,True,True,0.004483057588332007,True,0.20000000298023224,5.2293935402991187e-11,0.20000000303252619,True,True
255,20,0.005419004708528519,0.001,True,True,True,0.004486550092313357,True,0.20000000298023224,1.484949399490995e-11,0.20000000299508172,True,True
256,1,0.004452195018529892,0.001,True,True,True,0.0035449423438288497,True,0.20000000298023224,1.3945952227448797e-15,0.20000000298023363,True,True
256,2,0.004545774310827255,0.001,True,True,True,0.0036350915765406278,True,0.20000000298023224,1.3945952227448797e-15,0.20000000298023363,True,True
256,3,0.004636317491531372,0.001,True,True,True,0.0037219229940618215,True,0.20000000298023224,1.3945952227190303e-15,0.20000000298023363,True,True
256,4,0.004723653197288513,0.001,True,True,True,0.003805469119728455,True,0.20000000298023224,1.3945952227448797e-15,0.20000000298023363,True,True
256,5,0.004807468503713608,0.001,True,True,True,0.0038855310746087612,True,0.20000000298023224,1.3945952227448797e-15,0.20000000298023363,True,True
256,6,0.004887577146291733,0.001,True,True,True,0.003961988207472622,True,0.20000000298023224,1.3945952227448797e-15,0.20000000298023363,True,True
256,7,0.004963722079992294,0.001,True,True,True,0.004034618272101831,True,0.20000000298023224,1.3945952227448797e-15,0.20000000298023363,True,True
256,8,0.005035687237977982,0.001,True,True,True,0.004103229326410163,True,0.20000000298023224,1.394595222770729e-15,0.20000000298023363,True,True
256,9,0.005103234201669693,0.001,True,True,True,0.004167598873409006,True,0.20000000298023224,1.3945952227190303e-15,0.20000000298023363,True,True
256,10,0.005166161805391312,0.001,True,True,True,0.004227539799374291,True,0.20000000298023224,1.3945952227190303e-15,0.20000000298023363,True,True
256,11,0.005224138498306274,0.001,True,True,True,0.004282734092883489,True,0.20000000298023224,1.3945952227190303e-15,0.20000000298023363,True,True
256,12,0.005277018994092941,0.001,True,True,True,0.004333052941793869,True,0.20000000298023224,1.3945952227448797e-15,0.20000000298023363,True,True
256,13,0.0053244903683662415,0.001,True,True,True,0.004378198571342584,True,0.20000000298023224,1.3945952227190303e-15,0.20000000298023363,True,True
256,14,0.005366336554288864,0.001,True,True,True,0.00441797433339608,True,0.20000000298023224,1.3945952227190303e-15,0.20000000298023363,True,True
256,15,0.005402334034442902,0.001,True,True,True,0.004452176324812873,True,0.20000000298023224,1.3945952227190303e-15,0.20000000298023363,True,True
256,16,0.005432203412055969,0.001,True,True,True,0.00448054640079476,True,0.20000000298023224,1.3945952227190303e-15,0.20000000298023363,True,True
256,17,0.005455765873193741,0.001,True,True,True,0.004502927963352721,True,0.20000000298023224,1.3945952227190303e-15,0.20000000298023363,True,True
256,18,0.005472779273986816,0.001,True,True,True,0.004519101158287242,True,0.20000000298023224,1.3945952227190303e-15,0.20000000298023363,True,True
256,19,0.0054830387234687805,0.001,True,True,True,0.004528883203661183,True,0.20000000298023224,1.3945952227190303e-15,0.20000000298023363,True,True
256,20,0.00548645481467247,0.001,True,True,True,0.004532204757514591,True,0.20000000298023224,4.2073977109640055e-16,0.20000000298023266,True,True
257,1,0.004547145217657089,0.001,True,True,True,0.0036367668687830035,True,0.20000000298023224,5.331752107207208e-15,0.20000000298023757,True,True
257,2,0.0046369172632694244,0.001,True,True,True,0.0037240309030214247,True,0.20000000298023224,5.331752107207208e-15,0.20000000298023757,True,True
257,3,0.004723548889160156,0.001,True,True,True,0.0038081872839993425,True,0.20000000298023224,5.3317521071813585e-15,0.20000000298023757,True,True
257,4,0.004806898534297943,0.001,True,True,True,0.003889066271043018,True,0.20000000298023224,5.331752107207208e-15,0.20000000298023757,True,True
257,5,0.004886813461780548,0.001,True,True,True,0.003966507896644211,True,0.20000000298023224,5.331752107207208e-15,0.20000000298023757,True,True
257,6,0.004963114857673645,0.001,True,True,True,0.004040339017965744,True,0.20000000298023224,5.331752107207208e-15,0.20000000298023757,True,True
257,7,0.005035616457462311,0.001,True,True,True,0.004110387894144085,True,0.20000000298023224,5.331752107207208e-15,0.20000000298023757,True,True
257,8,0.005104120820760727,0.001,True,True,True,0.004176474415442777,True,0.20000000298023224,5.331752107233057e-15,0.20000000298023757,True,True
257,9,0.005168385803699493,0.001,True,True,True,0.004238380376408335,True,0.20000000298023224,5.3317521071813585e-15,0.20000000298023757,True,True
257,10,0.005228202790021896,0.001,True,True,True,0.004295918605707216,True,0.20000000298023224,5.3317521071813585e-15,0.20000000298023757,True,True
257,11,0.005283314734697342,0.001,True,True,True,0.004348859244525438,True,0.20000000298023224,5.3317521071813585e-15,0.20000000298023757,True,True
257,12,0.005333520472049713,0.001,True,True,True,0.00439702435571343,True,0.20000000298023224,5.331752107207208e-15,0.20000000298023757,True,True
257,13,0.005378600209951401,0.001,True,True,True,0.004440220634447156,True,0.20000000298023224,5.3317521071813585e-15,0.20000000298023757,True,True
257,14,0.005418319255113602,0.001,True,True,True,0.004478238636904108,True,0.20000000298023224,5.3317521071813585e-15,0.20000000298023757,True,True
257,15,0.005452454090118408,0.001,True,True,True,0.004510880109011128,True,0.20000000298023224,5.3317521071813585e-15,0.20000000298023757,True,True
257,16,0.005480755120515823,0.001,True,True,True,0.004537920782245908,True,0.20000000298023224,5.3317521071813585e-15,0.20000000298023757,True,True
257,17,0.005503043532371521,0.001,True,True,True,0.004559205530306976,True,0.20000000298023224,5.3317521071813585e-15,0.20000000298023757,True,True
257,18,0.00551915168762207,0.001,True,True,True,0.004574589440028198,True,0.20000000298023224,5.3317521071813585e-15,0.20000000298023757,True,True
257,19,0.005528856068849564,0.001,True,True,True,0.004583870513430677,True,0.20000000298023224,5.3317521071813585e-15,0.20000000298023757,True,True
257,20,0.005532100796699524,0.001,True,True,True,0.004587010254009427,True,0.20000000298023224,1.6527694048809518e-15,0.2000000029802339,True,True
258,1,0.004638638347387314,0.001,True,True,True,0.003725440625928944,True,0.20000000298023224,3.665574592368377e-15,0.2000000029802359,True,True
258,2,0.004725638777017593,0.001,True,True,True,0.0038100667004354882,True,0.20000000298023224,3.665574592368377e-15,0.2000000029802359,True,True
258,3,0.004809610545635223,0.001,True,True,True,0.003891725849208494,True,0.20000000298023224,3.665574592342527e-15,0.2000000029802359,True,True
258,4,0.0048903487622737885,0.001,True,True,True,0.00397018345335276,True,0.20000000298023224,3.665574592368377e-15,0.2000000029802359,True,True
258,5,0.004967644810676575,0.001,True,True,True,0.004045222026229145,True,0.20000000298023224,3.665574592368377e-15,0.2000000029802359,True,True
258,6,0.0050413720309734344,0.001,True,True,True,0.004116715946202998,True,0.20000000298023224,3.665574592368377e-15,0.2000000029802359,True,True
258,7,0.005111332982778549,0.001,True,True,True,0.004184475961986123,True,0.20000000298023224,3.665574592368377e-15,0.2000000029802359,True,True
258,8,0.005177304148674011,0.001,True,True,True,0.004248293123099933,True,0.20000000298023224,3.665574592394226e-15,0.2000000029802359,True,True
258,9,0.005239106714725494,0.001,True,True,True,0.004308003239916203,True,0.20000000298023224,3.665574592342527e-15,0.2000000029802359,True,True
258,10,0.005296539515256882,0.001,True,True,True,0.004363424891868806,True,0.20000000298023224,3.665574592342527e-15,0.2000000029802359,True,True
258,11,0.005349401384592056,0.001,True,True,True,0.004414375832444639,True,0.20000000298023224,3.665574592342527e-15,0.2000000029802359,True,True
258,12,0.005397506058216095,0.001,True,True,True,0.004460690261738343,True,0.20000000298023224,3.665574592368377e-15,0.2000000029802359,True,True
258,13,0.005440626293420792,0.001,True,True,True,0.004502162441812674,True,0.20000000298023224,3.665574592342527e-15,0.2000000029802359,True,True
258,14,0.0054785385727882385,0.001,True,True,True,0.0045385900860628325,True,0.20000000298023224,3.665574592342527e-15,0.2000000029802359,True,True
258,15,0.005511082708835602,0.001,True,True,True,0.004569833832984371,True,0.20000000298023224,3.665574592342527e-15,0.2000000029802359,True,True
258,16,0.005538076162338257,0.001,True,True,True,0.004595732463443802,True,0.20000000298023224,3.665574592342527e-15,0.2000000029802359,True,True
258,17,0.00555931031703949,0.001,True,True,True,0.004616097823087917,True,0.20000000298023224,3.665574592342527e-15,0.2000000029802359,True,True
258,18,0.005574613809585571,0.001,True,True,True,0.004630778038471006,True,0.20000000298023224,3.665574592342527e-15,0.2000000029802359,True,True
258,19,0.005583852529525757,0.001,True,True,True,0.004639657115011353,True,0.20000000298023224,3.665574592342527e-15,0.2000000029802359,True,True
258,20,0.005586918443441391,0.001,True,True,True,0.004642642399158459,True,0.20000000298023224,1.1464994852022972e-15,0.20000000298023338,True,True
259,1,0.004727121442556381,0.001,True,True,True,0.0038113121816429896,True,0.20000000298023224,5.934006488425593e-12,0.20000000298616624,True,True
259,2,0.0048116520047187805,0.001,True,True,True,0.0038937564218837206,True,0.20000000298023224,5.934006488425593e-12,0.20000000298616624,True,True
259,3,0.0048931799829006195,0.001,True,True,True,0.003973269225594267,True,0.20000000298023224,5.934006488425567e-12,0.20000000298616624,True,True
259,4,0.004971485584974289,0.001,True,True,True,0.004049583070691587,True,0.20000000298023224,5.934006488425593e-12,0.20000000298616624,True,True
259,5,0.005046378821134567,0.001,True,True,True,0.004122488410500558,True,0.20000000298023224,5.934006488425593e-12,0.20000000298616624,True,True
259,6,0.005117759108543396,0.001,True,True,True,0.004191884997643447,True,0.20000000298023224,5.934006488425593e-12,0.20000000298616624,True,True
259,7,0.00518537312746048,0.001,True,True,True,0.004257527144672202,True,0.20000000298023224,5.934006488425593e-12,0.20000000298616624,True,True
259,8,0.00524912029504776,0.001,True,True,True,0.004319326787273425,True,0.20000000298023224,5.934006488425619e-12,0.20000000298616624,True,True
259,9,0.0053087323904037476,0.001,True,True,True,0.00437703736010886,True,0.20000000298023224,5.934006488425567e-12,0.20000000298616624,True,True
259,10,0.0053640492260456085,0.001,True,True,True,0.004430514401707941,True,0.20000000298023224,5.934006488425567e-12,0.20000000298616624,True,True
259,11,0.005414910614490509,0.001,True,True,True,0.004479620648208171,True,0.20000000298023224,5.934006488425567e-12,0.20000000298616624,True,True
259,12,0.00546114519238472,0.001,True,True,True,0.004524205034205697,True,0.20000000298023224,5.934006488425593e-12,0.20000000298616624,True,True
259,13,0.005502514541149139,0.001,True,True,True,0.004564049988667551,True,0.20000000298023224,5.934006488425567e-12,0.20000000298616624,True,True
259,14,0.0055388957262039185,0.001,True,True,True,0.004599053999103542,True,0.20000000298023224,5.934006488425567e-12,0.20000000298616624,True,True
259,15,0.005570095032453537,0.001,True,True,True,0.0046290444160504984,True,0.20000000298023224,5.934006488425567e-12,0.20000000298616624,True,True
259,16,0.005595903843641281,0.001,True,True,True,0.004653833063073098,True,0.20000000298023224,5.934006488425567e-12,0.20000000298616624,True,True
259,17,0.0056162066757678986,0.001,True,True,True,0.0046733250616582955,True,0.20000000298023224,5.934006488425567e-12,0.20000000298616624,True,True
259,18,0.005630820989608765,0.001,True,True,True,0.004687356785838426,True,0.20000000298023224,5.934006488425567e-12,0.20000000298616624,True,True
259,19,0.0056396424770355225,0.001,True,True,True,0.00469584185747407,True,0.20000000298023224,5.934006488425567e-12,0.20000000298616624,True,True
259,20,0.005642548203468323,0.001,True,True,True,0.004698673486367211,True,0.20000000298023224,2.0868834287922314e-12,0.20000000298231912,True,True
260,1,0.004813171923160553,0.001,True,True,True,0.0038952555466287286,True,0.20000000298023224,1.5142986634168063e-15,0.20000000298023377,True,True
260,2,0.004895556718111038,0.001,True,True,True,0.003974623677929445,True,0.20000000298023224,1.5142986634168063e-15,0.20000000298023377,True,True
260,3,0.004974961280822754,0.001,True,True,True,0.004050855730045377,True,0.20000000298023224,1.5142986632875593e-15,0.20000000298023377,True,True
260,4,0.005051106214523315,0.001,True,True,True,0.00412380987973926,True,0.20000000298023224,1.5142986634168063e-15,0.20000000298023377,True,True
260,5,0.00512390211224556,0.001,True,True,True,0.00419347289443428,True,0.20000000298023224,1.5142986634168063e-15,0.20000000298023377,True,True
260,6,0.00519314780831337,0.001,True,True,True,0.004259688799475025,True,0.20000000298023224,1.5142986634168063e-15,0.20000000298023377,True,True
260,7,0.005258653312921524,0.001,True,True,True,0.004322293898024077,True,0.20000000298023224,1.5142986634168063e-15,0.20000000298023377,True,True
260,8,0.00532030314207077,0.001,True,True,True,0.0043811894284558894,True,0.20000000298023224,1.514298663339258e-15,0.20000000298023377,True,True
260,9,0.005377866327762604,0.001,True,True,True,0.0044361562019140655,True,0.20000000298023224,1.5142986632875593e-15,0.20000000298023377,True,True
260,10,0.0054312534630298615,0.001,True,True,True,0.004487114744627263,True,0.20000000298023224,1.5142986632875593e-15,0.20000000298023377,True,True
260,11,0.005480282008647919,0.001,True,True,True,0.004533893845238723,True,0.20000000298023224,1.5142986632875593e-15,0.20000000298023377,True,True
260,12,0.005524743348360062,0.001,True,True,True,0.004576295221865756,True,0.20000000298023224,1.5142986634168063e-15,0.20000000298023377,True,True
260,13,0.005564510822296143,0.001,True,True,True,0.004614203613114598,True,0.20000000298023224,1.5142986632875593e-15,0.20000000298023377,True,True
260,14,0.005599424242973328,0.001,True,True,True,0.0046474706536928645,True,0.20000000298023224,1.5142986632875593e-15,0.20000000298023377,True,True
260,15,0.00562933087348938,0.001,True,True,True,0.004675957220802163,True,0.20000000298023224,1.5142986632875593e-15,0.20000000298023377,True,True
260,16,0.005654029548168182,0.001,True,True,True,0.004699475724435631,True,0.20000000298023224,1.5142986632875593e-15,0.20000000298023377,True,True
260,17,0.005673453211784363,0.001,True,True,True,0.004717973077728255,True,0.20000000298023224,1.5142986632875593e-15,0.20000000298023377,True,True
260,18,0.00568738579750061,0.001,True,True,True,0.00473124770990041,True,0.20000000298023224,1.5142986632875593e-15,0.20000000298023377,True,True
260,19,0.005695797502994537,0.001,True,True,True,0.004739282921319976,True,0.20000000298023224,1.5142986632875593e-15,0.20000000298023377,True,True
260,20,0.005698610097169876,0.001,True,True,True,0.004742012580788546,True,0.20000000298023224,4.819350785748883e-16,0.2000000029802327,True,True
261,1,0.004896707832813263,0.001,True,True,True,0.0039759136915265,True,0.20000000298023224,1.0633890562324156e-15,0.2000000029802333,True,True
261,2,0.00497586652636528,0.001,True,True,True,0.004052834697449215,True,0.20000000298023224,1.0633890562324156e-15,0.2000000029802333,True,True
261,3,0.005051907151937485,0.001,True,True,True,0.004126749741908964,True,0.20000000298023224,1.0633890563099638e-15,0.2000000029802333,True,True
261,4,0.005124799907207489,0.001,True,True,True,0.004197568899920845,True,0.20000000298023224,1.0633890562324156e-15,0.2000000029802333,True,True
261,5,0.005194332450628281,0.001,True,True,True,0.004265056208361706,True,0.20000000298023224,1.0633890562324156e-15,0.2000000029802333,True,True
261,6,0.005260467529296875,0.001,True,True,True,0.004329169348774364,True,0.20000000298023224,1.0633890562324156e-15,0.2000000029802333,True,True
261,7,0.005323007702827454,0.001,True,True,True,0.004389718099685136,True,0.20000000298023224,1.0633890562324156e-15,0.2000000029802333,True,True
261,8,0.005381785333156586,0.001,True,True,True,0.004446546078708202,True,0.20000000298023224,1.0633890563099638e-15,0.2000000029802333,True,True
261,9,0.0054367221891880035,0.001,True,True,True,0.004499591593063235,True,0.20000000298023224,1.0633890563099638e-15,0.2000000029802333,True,True
261,10,0.005487605929374695,0.001,True,True,True,0.00454865967290885,True,0.20000000298023224,1.0633890563099638e-15,0.2000000029802333,True,True
261,11,0.005534272640943527,0.001,True,True,True,0.004593604832830778,True,0.20000000298023224,1.0633890563099638e-15,0.2000000029802333,True,True
261,12,0.005576625466346741,0.001,True,True,True,0.004634349041773067,True,0.20000000298023224,1.0633890562324156e-15,0.2000000029802333,True,True
261,13,0.0056145042181015015,0.001,True,True,True,0.004670750151811398,True,0.20000000298023224,1.0633890563099638e-15,0.2000000029802333,True,True
261,14,0.005647715181112289,0.001,True,True,True,0.004702633915351084,True,0.20000000298023224,1.0633890563099638e-15,0.2000000029802333,True,True
261,15,0.005676139146089554,0.001,True,True,True,0.0047298983981596265,True,0.20000000298023224,1.0633890563099638e-15,0.2000000029802333,True,True
261,16,0.005699604749679565,0.001,True,True,True,0.0047523898755380545,True,0.20000000298023224,1.0633890563099638e-15,0.2000000029802333,True,True
261,17,0.005718052387237549,0.001,True,True,True,0.004770065016914793,True,0.20000000298023224,1.0633890563099638e-15,0.2000000029802333,True,True
261,18,0.005731299519538879,0.001,True,True,True,0.004782757107765101,True,0.20000000298023224,1.0633890563099638e-15,0.2000000029802333,True,True
261,19,0.00573929026722908,0.001,True,True,True,0.004790423996173354,True,0.20000000298023224,1.0633890563099638e-15,0.2000000029802333,True,True
261,20,0.005741935223340988,0.001,True,True,True,0.0047929881921365824,True,0.20000000298023224,3.416421093449277e-16,0.20000000298023257,True,True
262,1,0.0049772560596466064,0.001,True,True,True,0.004054000324294149,True,0.20000000298023224,7.015094540873825e-16,0.20000000298023293,True,True
262,2,0.005054041743278503,0.001,True,True,True,0.004128449415018998,True,0.20000000298023224,7.015094540873825e-16,0.20000000298023293,True,True
262,3,0.005127869546413422,0.001,True,True,True,0.004199982526165047,True,0.20000000298023224,7.015094540615331e-16,0.20000000298023293,True,True
262,4,0.00519857183098793,0.001,True,True,True,0.004268436741046933,True,0.20000000298023224,7.015094540873825e-16,0.20000000298023293,True,True
262,5,0.0052659958600997925,0.001,True,True,True,0.004333664985935126,True,0.20000000298023224,7.015094540873825e-16,0.20000000298023293,True,True
262,6,0.005329981446266174,0.001,True,True,True,0.004395514556411628,True,0.20000000298023224,7.015094540873825e-16,0.20000000298023293,True,True
262,7,0.00539044663310051,0.001,True,True,True,0.004453911228730956,True,0.20000000298023224,7.015094540873825e-16,0.20000000298023293,True,True
262,8,0.005447208881378174,0.001,True,True,True,0.004508683669417479,True,0.20000000298023224,7.015094540615331e-16,0.20000000298023293,True,True
262,9,0.005500156432390213,0.001,True,True,True,0.004559730660064321,True,0.20000000298023224,7.015094540615331e-16,0.20000000298023293,True,True
262,10,0.005549143999814987,0.001,True,True,True,0.00460691881349562,True,0.20000000298023224,7.015094540615331e-16,0.20000000298023293,True,True
262,11,0.005594037473201752,0.001,True,True,True,0.004650126132516363,True,0.20000000298023224,7.015094540615331e-16,0.20000000298023293,True,True
262,12,0.005634739995002747,0.001,True,True,True,0.004689269064255597,True,0.20000000298023224,7.015094540873825e-16,0.20000000298023293,True,True
262,13,0.0056710317730903625,0.001,True,True,True,0.004724141817985528,True,0.20000000298023224,7.015094540615331e-16,0.20000000298023293,True,True
262,14,0.005702845752239227,0.001,True,True,True,0.004754690326760125,True,0.20000000298023224,7.015094540615331e-16,0.20000000298023293,True,True
262,15,0.005730081349611282,0.001,True,True,True,0.004780827503527263,True,0.20000000298023224,7.015094540615331e-16,0.20000000298023293,True,True
262,16,0.005752529948949814,0.001,True,True,True,0.004802359029961734,True,0.20000000298023224,7.015094540615331e-16,0.20000000298023293,True,True
262,17,0.005770139396190643,0.001,True,True,True,0.00481924560078284,True,0.20000000298023224,7.015094540615331e-16,0.20000000298023293,True,True
262,18,0.005782801657915115,0.001,True,True,True,0.004831392056022232,True,0.20000000298023224,7.015094540615331e-16,0.20000000298023293,True,True
262,19,0.005790393799543381,0.001,True,True,True,0.004838687268737929,True,0.20000000298023224,7.015094540615331e-16,0.20000000298023293,True,True
262,20,0.005792923271656036,0.001,True,True,True,0.004841148401471762,True,0.20000000298023224,2.2713812081101875e-16,0.20000000298023246,True,True
263,1,0.005055233836174011,0.001,True,True,True,0.004129627743378217,True,0.20000000298023224,2.3279113558878134e-10,0.2000000032130234,True,True
263,2,0.005129612982273102,0.001,True,True,True,0.004201745488947917,True,0.20000000298023224,2.3279113558878134e-10,0.2000000032130234,True,True
263,3,0.005201037973165512,0.001,True,True,True,0.004270944446404301,True,0.20000000298023224,2.327911355887813e-10,0.2000000032130234,True,True
263,4,0.005269389599561691,0.001,True,True,True,0.004337112103795393,True,0.20000000298023224,2.3279113558878134e-10,0.2000000032130234,True,True
263,5,0.0053345151245594025,0.001,True,True,True,0.004400104855485365,True,0.20000000298023224,2.3279113558878134e-10,0.2000000032130234,True,True
263,6,0.005396287888288498,0.001,True,True,True,0.0044598054463507175,True,0.20000000298023224,2.3279113558878134e-10,0.2000000032130234,True,True
263,7,0.005454573780298233,0.001,True,True,True,0.004516089390284916,True,0.20000000298023224,2.3279113558878134e-10,0.2000000032130234,True,True
263,8,0.005509279668331146,0.001,True,True,True,0.004568873888880054,True,0.20000000298023224,2.327911355887813e-10,0.2000000032130234,True,True
263,9,0.0055602602660655975,0.001,True,True,True,0.004618023920380798,True,0.20000000298023224,2.327911355887813e-10,0.2000000032130234,True,True
263,10,0.005607370287179947,0.001,True,True,True,0.00466340677039645,True,0.20000000298023224,2.327911355887813e-10,0.2000000032130234,True,True
263,11,0.005650550127029419,0.001,True,True,True,0.004704972705705801,True,0.20000000298023224,2.327911355887813e-10,0.2000000032130234,True,True
263,12,0.0056895911693573,0.001,True,True,True,0.004742526031551453,True,0.20000000298023224,2.3279113558878134e-10,0.2000000032130234,True,True
263,13,0.005724441260099411,0.001,True,True,True,0.004776025593720368,True,0.20000000298023224,2.327911355887813e-10,0.2000000032130234,True,True
263,14,0.005754940211772919,0.001,True,True,True,0.004805323767174796,True,0.20000000298023224,2.327911355887813e-10,0.2000000032130234,True,True
263,15,0.005780968815088272,0.001,True,True,True,0.004830313601712044,True,0.20000000298023224,2.327911355887813e-10,0.2000000032130234,True,True
263,16,0.005802493542432785,0.001,True,True,True,0.004850972934074993,True,0.20000000298023224,2.327911355887813e-10,0.2000000032130234,True,True
263,17,0.005819313228130341,0.001,True,True,True,0.004867112613128,True,0.20000000298023224,2.327911355887813e-10,0.2000000032130234,True,True
263,18,0.0058313943445682526,0.001,True,True,True,0.004878709997277797,True,0.20000000298023224,2.327911355887813e-10,0.2000000032130234,True,True
263,19,0.00583866611123085,0.001,True,True,True,0.004885704409829716,True,0.20000000298023224,2.327911355887813e-10,0.2000000032130234,True,True
263,20,0.005841072648763657,0.001,True,True,True,0.004888048593997274,True,0.20000000298023224,8.839622628185756e-11,0.20000000306862847,True,True
264,1,0.005130790174007416,0.001,True,True,True,0.004202808975989569,True,0.20000000298023224,1.727669102635934e-10,0.20000000315299915,True,True
264,2,0.00520281121134758,0.001,True,True,True,0.004272561408392828,True,0.20000000298023224,1.727669102635934e-10,0.20000000315299915,True,True
264,3,0.005271922796964645,0.001,True,True,True,0.004339443468506676,True,0.20000000298023224,1.7276691026359338e-10,0.20000000315299915,True,True
264,4,0.005337968468666077,0.001,True,True,True,0.00440330610789974,True,0.20000000298023224,1.727669102635934e-10,0.20000000315299915,True,True
264,5,0.0054008737206459045,0.001,True,True,True,0.004464081624631855,True,0.20000000298023224,1.727669102635934e-10,0.20000000315299915,True,True
264,6,0.005460500717163086,0.001,True,True,True,0.0045216414536346505,True,0.20000000298023224,1.727669102635934e-10,0.20000000315299915,True,True
264,7,0.005516745150089264,0.001,True,True,True,0.004575890587944609,True,0.20000000298023224,1.727669102635934e-10,0.20000000315299915,True,True
264,8,0.005569450557231903,0.001,True,True,True,0.004626683334226889,True,0.20000000298023224,1.7276691026359338e-10,0.20000000315299915,True,True
264,9,0.005618497729301453,0.001,True,True,True,0.004673910405068926,True,0.20000000298023224,1.7276691026359338e-10,0.20000000315299915,True,True
264,10,0.005663830786943436,0.001,True,True,True,0.004717526971475872,True,0.20000000298023224,1.7276691026359338e-10,0.20000000315299915,True,True
264,11,0.005705308169126511,0.001,True,True,True,0.004757403034476249,True,0.20000000298023224,1.7276691026359338e-10,0.20000000315299915,True,True
264,12,0.00574285164475441,0.001,True,True,True,0.004793471278603856,True,0.20000000298023224,1.727669102635934e-10,0.20000000315299915,True,True
264,13,0.005776289850473404,0.001,True,True,True,0.004825572045763837,True,0.20000000298023224,1.7276691026359338e-10,0.20000000315299915,True,True
264,14,0.005805507302284241,0.001,True,True,True,0.004853601798710749,True,0.20000000298023224,1.7276691026359338e-10,0.20000000315299915,True,True
264,15,0.005830500274896622,0.001,True,True,True,0.00487756748060153,True,0.20000000298023224,1.7276691026359338e-10,0.20000000315299915,True,True
264,16,0.005851089954376221,0.001,True,True,True,0.004897301882963556,True,0.20000000298023224,1.7276691026359338e-10,0.20000000315299915,True,True
264,17,0.005867172032594681,0.001,True,True,True,0.004912711754755605,True,0.20000000298023224,1.7276691026359338e-10,0.20000000315299915,True,True
264,18,0.005878720432519913,0.001,True,True,True,0.0049237808782799375,True,0.20000000298023224,1.7276691026359338e-10,0.20000000315299915,True,True
264,19,0.00588570162653923,0.001,True,True,True,0.004930485165615672,True,0.20000000298023224,1.7276691026359338e-10,0.20000000315299915,True,True
264,20,0.005888015031814575,0.001,True,True,True,0.004932731626788978,True,0.20000000298023224,6.555785331587256e-11,0.2000000030457901,True,True
265,1,0.0052038878202438354,0.001,True,True,True,0.00427359461466803,True,0.20000000298023224,1.361580376911704e-10,0.20000000311639027,True,True
265,2,0.005273535847663879,0.001,True,True,True,0.004340961684146549,True,0.20000000298023224,1.361580376911704e-10,0.20000000311639027,True,True
265,3,0.0053403303027153015,0.001,True,True,True,0.004405503192847493,True,0.20000000298023224,1.3615803769117038e-10,0.20000000311639027,True,True
265,4,0.00540412962436676,0.001,True,True,True,0.004467096887892152,True,0.20000000298023224,1.361580376911704e-10,0.20000000311639027,True,True
265,5,0.005464829504489899,0.001,True,True,True,0.004525649908332929,True,0.20000000298023224,1.361580376911704e-10,0.20000000311639027,True,True
265,6,0.005522321909666061,0.001,True,True,True,0.004581065304138043,True,0.20000000298023224,1.361580376911704e-10,0.20000000311639027,True,True
265,7,0.005576461553573608,0.001,True,True,True,0.004633208675778988,True,0.20000000298023224,1.361580376911704e-10,0.20000000311639027,True,True
265,8,0.005627203732728958,0.001,True,True,True,0.004682043210590625,True,0.20000000298023224,1.3615803769117038e-10,0.20000000311639027,True,True
265,9,0.00567438080906868,0.001,True,True,True,0.0047274124412702845,True,0.20000000298023224,1.3615803769117038e-10,0.20000000311639027,True,True
265,10,0.0057179369032382965,0.001,True,True,True,0.0047692695571039945,True,0.20000000298023224,1.3615803769117038e-10,0.20000000311639027,True,True
265,11,0.005757790058851242,0.001,True,True,True,0.004807541945830773,True,0.20000000298023224,1.3615803769117038e-10,0.20000000311639027,True,True
265,12,0.005793772637844086,0.001,True,True,True,0.004842072639259953,True,0.20000000298023224,1.361580376911704e-10,0.20000000311639027,True,True
265,13,0.005825795233249664,0.001,True,True,True,0.004872782339135351,True,0.20000000298023224,1.3615803769117038e-10,0.20000000311639027,True,True
265,14,0.005853835493326187,0.001,True,True,True,0.0048996583286121664,True,0.20000000298023224,1.3615803769117038e-10,0.20000000311639027,True,True
265,15,0.005877722054719925,0.001,True,True,True,0.004922539816991756,True,0.20000000298023224,1.3615803769117038e-10,0.20000000311639027,True,True
265,16,0.005897406488656998,0.001,True,True,True,0.004941388548679981,True,0.20000000298023224,1.3615803769117038e-10,0.20000000311639027,True,True
265,17,0.005912788212299347,0.001,True,True,True,0.0049561137016546075,True,0.20000000298023224,1.3615803769117038e-10,0.20000000311639027,True,True
265,18,0.005923852324485779,0.001,True,True,True,0.004966709666309965,True,0.20000000298023224,1.3615803769117038e-10,0.20000000311639027,True,True
265,19,0.005930446088314056,0.001,True,True,True,0.004973032597197946,True,0.20000000298023224,1.3615803769117038e-10,0.20000000311639027,True,True
265,20,0.005932651460170746,0.001,True,True,True,0.004975171755121188,True,0.20000000298023224,5.1813696446812065e-11,0.20000000303204593,True,True
266,1,0.005274590104818344,0.001,True,True,True,0.004341976468413722,True,0.20000000298023224,8.575255494322247e-11,0.20000000306598478,True,True
266,2,0.005341861397027969,0.001,True,True,True,0.004407043568274371,True,0.20000000298023224,8.575255494322247e-11,0.20000000306598478,True,True
266,3,0.005406342446804047,0.001,True,True,True,0.004469370400826289,True,0.20000000298023224,8.575255494322245e-11,0.20000000306598478,True,True
266,4,0.00546785444021225,0.001,True,True,True,0.004528783132755176,True,0.20000000298023224,8.575255494322247e-11,0.20000000306598478,True,True
266,5,0.005526337772607803,0.001,True,True,True,0.0045852268054831224,True,0.20000000298023224,8.575255494322247e-11,0.20000000306598478,True,True
266,6,0.005581643432378769,0.001,True,True,True,0.004638560770653943,True,0.20000000298023224,8.575255494322247e-11,0.20000000306598478,True,True
266,7,0.005633730441331863,0.001,True,True,True,0.004688751768334942,True,0.20000000298023224,8.575255494322247e-11,0.20000000306598478,True,True
266,8,0.005682520568370819,0.001,True,True,True,0.004735729555367163,True,0.20000000298023224,8.575255494322245e-11,0.20000000306598478,True,True
266,9,0.005727857351303101,0.001,True,True,True,0.004779348027822428,True,0.20000000298023224,8.575255494322245e-11,0.20000000306598478,True,True
266,10,0.005769640207290649,0.001,True,True,True,0.00481951530560476,True,0.20000000298023224,8.575255494322245e-11,0.20000000306598478,True,True
266,11,0.005807820707559586,0.001,True,True,True,0.004856192673555859,True,0.20000000298023224,8.575255494322245e-11,0.20000000306598478,True,True
266,12,0.005842331796884537,0.001,True,True,True,0.004889322434886378,True,0.20000000298023224,8.575255494322247e-11,0.20000000306598478,True,True
266,13,0.005873031914234161,0.001,True,True,True,0.0049187731272489765,True,0.20000000298023224,8.575255494322245e-11,0.20000000306598478,True,True
266,14,0.005899820476770401,0.001,True,True,True,0.00494445428480883,True,0.20000000298023224,8.575255494322245e-11,0.20000000306598478,True,True
266,15,0.005922645330429077,0.001,True,True,True,0.0049663230203441655,True,0.20000000298023224,8.575255494322245e-11,0.20000000306598478,True,True
266,16,0.005941476672887802,0.001,True,True,True,0.004984359227371282,True,0.20000000298023224,8.575255494322245e-11,0.20000000306598478,True,True
266,17,0.005956195294857025,0.001,True,True,True,0.004998453104724798,True,0.20000000298023224,8.575255494322245e-11,0.20000000306598478,True,True
266,18,0.005966708064079285,0.001,True,True,True,0.005008520364412239,True,0.20000000298023224,8.575255494322245e-11,0.20000000306598478,True,True
266,19,0.005973018705844879,0.001,True,True,True,0.005014572621616087,True,0.20000000298023224,8.575255494322245e-11,0.20000000306598478,True,True
266,20,0.005975138396024704,0.001,True,True,True,0.005016627468693913,True,0.20000000298023224,3.259784115217105e-11,0.20000000301283008,True,True
267,1,0.005342911928892136,0.001,True,True,True,0.004408042560731684,True,0.20000000298023224,5.895223614632718e-11,0.20000000303918447,True,True
267,2,0.005407888442277908,0.001,True,True,True,0.004470848956852791,True,0.20000000298023224,5.895223614632718e-11,0.20000000303918447,True,True
267,3,0.005470115691423416,0.001,True,True,True,0.004530953629675816,True,0.20000000298023224,5.895223614632715e-11,0.20000000303918447,True,True
267,4,0.00552947074174881,0.001,True,True,True,0.0045882417451693636,True,0.20000000298023224,5.895223614632718e-11,0.20000000303918447,True,True
267,5,0.005585845559835434,0.001,True,True,True,0.0046426137474158136,True,0.20000000298023224,5.895223614632718e-11,0.20000000303918447,True,True
267,6,0.005639117211103439,0.001,True,True,True,0.004693954174362691,True,0.20000000298023224,5.895223614632718e-11,0.20000000303918447,True,True
267,7,0.005689255893230438,0.001,True,True,True,0.004742241438721373,True,0.20000000298023224,5.895223614632718e-11,0.20000000303918447,True,True
267,8,0.0057361796498298645,0.001,True,True,True,0.004787400579390422,True,0.20000000298023224,5.895223614632715e-11,0.20000000303918447,True,True
267,9,0.0057797059416770935,0.001,True,True,True,0.004829258417845206,True,0.20000000298023224,5.895223614632715e-11,0.20000000303918447,True,True
267,10,0.005819857120513916,0.001,True,True,True,0.004867844639048768,True,0.20000000298023224,5.895223614632715e-11,0.20000000303918447,True,True
267,11,0.005856506526470184,0.001,True,True,True,0.0049030409634018834,True,0.20000000298023224,5.895223614632715e-11,0.20000000303918447,True,True
267,12,0.005889542400836945,0.001,True,True,True,0.0049347451960363165,True,0.20000000298023224,5.895223614632718e-11,0.20000000303918447,True,True
267,13,0.005918953567743301,0.001,True,True,True,0.004962953843632545,True,0.20000000298023224,5.895223614632715e-11,0.20000000303918447,True,True
267,14,0.0059446245431900024,0.001,True,True,True,0.004987560774132649,True,0.20000000298023224,5.895223614632715e-11,0.20000000303918447,True,True
267,15,0.005966473370790482,0.001,True,True,True,0.0050084926442565125,True,0.20000000298023224,5.895223614632715e-11,0.20000000303918447,True,True
267,16,0.005984455347061157,0.001,True,True,True,0.005025713321458514,True,0.20000000298023224,5.895223614632715e-11,0.20000000303918447,True,True
267,17,0.005998477339744568,0.001,True,True,True,0.0050391379084241406,True,0.20000000298023224,5.895223614632715e-11,0.20000000303918447,True,True
267,18,0.006008554250001907,0.001,True,True,True,0.005048789084226679,True,0.20000000298023224,5.895223614632715e-11,0.20000000303918447,True,True
267,19,0.006014559417963028,0.001,True,True,True,0.005054547519706132,True,0.20000000298023224,5.895223614632715e-11,0.20000000303918447,True,True
267,20,0.006016567349433899,0.001,True,True,True,0.005056493496647718,True,0.20000000298023224,2.247416513319135e-11,0.2000000030027064,True,True
268,1,0.005408886820077896,0.001,True,True,True,0.004471800993751551,True,0.20000000298023224,3.206481143869075e-11,0.20000000301229706,True,True
268,2,0.005471616983413696,0.001,True,True,True,0.004532396672806249,True,0.20000000298023224,3.206481143869075e-11,0.20000000301229706,True,True
268,3,0.005531691014766693,0.001,True,True,True,0.004590386229989196,True,0.20000000298023224,3.206481143869072e-11,0.20000000301229706,True,True
268,4,0.005588900297880173,0.001,True,True,True,0.004645569295691376,True,0.20000000298023224,3.206481143869075e-11,0.20000000301229706,True,True
268,5,0.005643177777528763,0.001,True,True,True,0.004697886188484546,True,0.20000000298023224,3.206481143869075e-11,0.20000000301229706,True,True
268,6,0.005694475024938583,0.001,True,True,True,0.004747296404342016,True,0.20000000298023224,3.206481143869075e-11,0.20000000301229706,True,True
268,7,0.005742717534303665,0.001,True,True,True,0.004793733066486228,True,0.20000000298023224,3.206481143869075e-11,0.20000000301229706,True,True
268,8,0.005787800997495651,0.001,True,True,True,0.004837098891464775,True,0.20000000298023224,3.206481143869072e-11,0.20000000301229706,True,True
268,9,0.00582963228225708,0.001,True,True,True,0.004877308233502964,True,0.20000000298023224,3.206481143869072e-11,0.20000000301229706,True,True
268,10,0.005868185311555862,0.001,True,True,True,0.0049143427669552375,True,0.20000000298023224,3.206481143869072e-11,0.20000000301229706,True,True
268,11,0.005903303623199463,0.001,True,True,True,0.004948054135078261,True,0.20000000298023224,3.206481143869072e-11,0.20000000301229706,True,True
268,12,0.0059349797666072845,0.001,True,True,True,0.00497844232736977,True,0.20000000298023224,3.206481143869075e-11,0.20000000301229706,True,True
268,13,0.005963142961263657,0.001,True,True,True,0.005005444660488578,True,0.20000000298023224,3.206481143869072e-11,0.20000000301229706,True,True
268,14,0.005987726151943207,0.001,True,True,True,0.005029001910271225,True,0.20000000298023224,3.206481143869072e-11,0.20000000301229706,True,True
268,15,0.006008602678775787,0.001,True,True,True,0.005048995666377509,True,0.20000000298023224,3.206481143869072e-11,0.20000000301229706,True,True
268,16,0.006025809794664383,0.001,True,True,True,0.00506547056231188,True,0.20000000298023224,3.206481143869072e-11,0.20000000301229706,True,True
268,17,0.0060392022132873535,0.001,True,True,True,0.005078288959420307,True,0.20000000298023224,3.206481143869072e-11,0.20000000301229706,True,True
268,18,0.006048817187547684,0.001,True,True,True,0.005087495092556571,True,0.20000000298023224,3.206481143869072e-11,0.20000000301229706,True,True
268,19,0.006054554134607315,0.001,True,True,True,0.005092994885552926,True,0.20000000298023224,3.206481143869072e-11,0.20000000301229706,True,True
268,20,0.006056454032659531,0.001,True,True,True,0.005094834589586594,True,0.20000000298023224,1.2223545161114577e-11,0.2000000029924558,True,True
