time,solve_mode,solver_status,u0,s,psdf,mf_probability_sum,mf_slack
0.0,sqp_rti,0,"[0.1234012272097012,4.9460081569229484e-08,0.09528988815710154]",0.02231023881579847,0.029999956488609314,"[-2.980232227667301e-09,-2.980232227667301e-09,-2.980232227667301e-09,-2.980232227667301e-09,-2.980232227667301e-09,-2.980232227667301e-09,-2.980232227667301e-09,-2.980232227667301e-09,-2.980232227667301e-09,-2.980232227667301e-09,-2.980232227667301e-09,-2.980232227667301e-09,-2.980232227667301e-09,-2.980232227667301e-09,-2.980232227667301e-09,-2.980232227667301e-09,-2.980232227667301e-09,-2.980232227667301e-09,-2.980232227667301e-09,-2.980232227667301e-09,-2.980232227667301e-09]","[null,7.519803196122416e-12,7.519803196122416e-12,7.519803196122416e-12,7.519803196122416e-12,7.519803196122416e-12,7.519803196122416e-12,7.519803196122416e-12,7.519803196122416e-12,7.519803196122416e-12,7.519803196122416e-12,7.519803196122416e-12,7.519803196122416e-12,7.519803196122416e-12,7.519803196122416e-12,7.519803196122416e-12,7.519803196122416e-12,7.519803196122416e-12,7.519803196122416e-12,7.519803196122416e-12,3.5425776141671836e-12]"
0.1,sqp_rti,0,"[0.11435450243351529,0.08797690735560491,0.08541544634568007]",0.032131667356238486,0.0299999937415123,"[-2.980232227667301e-09,-2.980232227667301e-09,-2.980232227667301e-09,-2.980232227667301e-09,-2.980232227667301e-09,-2.980232227667301e-09,-2.980232227667301e-09,-2.980232227667301e-09,-2.980232227667301e-09,-2.980232227667301e-09,-2.980232227667301e-09,-2.980232227667301e-09,-2.980232227667301e-09,-2.980232227667301e-09,-2.980232227667301e-09,-2.980232227667301e-09,-2.980232227667301e-09,-2.980232227667301e-09,-2.980232227667301e-09,-2.980232227667301e-09,-2.980232227667301e-09]","[null,5.494591568263763e-11,5.494591568263763e-11,5.494591568263763e-11,5.494591568263763e-11,5.494591568263763e-11,5.494591568263763e-11,5.494591568263763e-11,5.494591568263763e-11,5.494591568263763e-11,5.494591568263763e-11,5.494591568263763e-11,5.494591568263763e-11,5.494591568263763e-11,5.494591568263763e-11,5.494591568263763e-11,5.494591568263763e-11,5.494591568263763e-11,5.494591568263763e-11,5.494591568263763e-11,2.7379684158317366e-11]"
0.2,sqp_rti,0,"[0.11651345925656306,0.08612635459487504,0.07748209474593935]",0.04277378243891568,0.0293419249355793,"[-2.980232227667301e-09,-2.980232227667301e-09,-2.980232227667301e-09,-2.980232227667301e-09,-2.9856208894063485e-09,-8.94332680134724e-09,5.0689391840053055e-06,0.0003800075230295519,0.006384085159105823,0.04097500503276305,0.3241389156122814,0.5894840875675456,0.35494799888151435,0.4310058202051497,0.4904701016925655,0.5345152325841649,0.5164013476036728,0.49915531570216204,0.5013479377287087,0.5248662404515885,0.5741356180711914]","[null,1.9576931585466822e-17,1.9576931585466822e-17,1.9576931585466822e-17,1.9576931585466822e-17,1.957696274691146e-17,1.961427138427217e-17,1.9628636777938785e-17,1.9696970956748312e-17,1.951133796588661e-17,1.9519238891367334e-17,1.9503481236407518e-17,1.9474073537452232e-17,1.9471265511304207e-17,1.956744355888455e-17,1.9576931585466822e-17,1.9576931585466822e-17,1.9576931585466822e-17,1.9576931585466822e-17,1.9576931585466822e-17,3.0338357762206632e-18]"
0.30000000000000004,sqp_rti,0,"[0.1348607749850398,-0.1825218695970121,0.10765761850862908]",0.0514737955337816,0.028598610311746597,"[-2.980232227667301e-09,-2.980232227667301e-09,-2.980232227667301e-09,-2.9802732226524853e-09,-6.9457159745933694e-09,1.2176840913369347e-07,1.3852606449038518e-05,0.00033721034400210903,0.0033077512557522226,0.04507525123592765,0.08308284027786855,0.0905010376689333,0.14689218348559835,0.20525123947315543,0.25803074345311555,0.3794308351432106,0.4531671515538454,0.47686890282991784,0.4711978604749268,0.48773643850088694,0.6624344052264515]","[null,2.0355524895706144e-15,2.0355524895706144e-15,2.0355524895702105e-15,2.0355525068541655e-15,2.035563281269385e-15,2.035707251705629e-15,2.035996331253623e-15,2.039553009180481e-15,2.0326774843502044e-15,2.0303728854726635e-15,2.0414768236746584e-15,2.0294528840559088e-15,2.0294912198165223e-15,2.031331337276747e-15,2.033603868299028e-15,2.0298755174916138e-15,2.0290776915649476e-15,2.0390840209527997e-15,2.1004729838543226e-15,3.9624839504699833e-16]"
0.4,sqp_rti,0,"[0.17659902538012356,0.2082226420009557,0.12268212268713595]",0.06741559182209175,0.02959958091378212,"[-2.980232227667301e-09,-2.980232227667301e-09,-2.9802315337779106e-09,-8.179474875191772e-10,-3.495276318377094e-09,9.796675906892371e-07,2.3511969245937347e-05,0.0002946814036909884,0.0016909214449851717,0.007920861053984901,0.024471074572244345,0.05444141694268628,0.09638503957565897,0.14351573861883288,0.1869885139328316,0.215749436034314,0.22914969452935435,0.23195591590455528,0.2278359998599913,0.2630532416632077,0.33870197698745624]","[null,3.8885617004752855e-17,3.8885617004752855e-17,3.8885617103707566e-17,3.8885695976267546e-17,3.888885828128699e-17,3.892406043657486e-17,3.8926018070162187e-17,3.890025361430178e-17,3.885110550892575e-17,3.88156276387493e-17,3.880774713348215e-17,3.87968087297063e-17,3.8792134206048965e-17,3.879017820582023e-17,3.881578117930374e-17,3.888583140972529e-17,3.871280375394024e-17,3.877048868312407e-17,3.925720992153544e-17,5.3401204448207e-18]"
0.5,sqp_rti,0,"[0.12440404138892444,0.01449313181811332,0.08468369751221322]",0.07939531872898287,0.028188131749629974,"[-2.980232227667301e-09,-2.980253960283008e-09,1.7621315517857283e-07,0.00017502676140562778,0.0062815880500308174,0.09667554972439812,0.07806046260557303,0.12354732467719726,0.17194353489681752,0.21820845723530252,0.26103044298844474,0.29876482088900397,0.331668725408419,0.36293187685005074,0.39924956053874433,0.44374491358429397,0.4749209110521882,0.4921706653569096,0.4842185821539882,0.5011190991172085,0.5054959872285003]","[null,5.540051700849728e-14,5.540167104785998e-14,5.5414702729451614e-14,5.523508194350962e-14,5.536649597721105e-14,5.556298425270533e-14,5.51151869527949e-14,5.5227735402619604e-14,5.5221078173994656e-14,5.522694988664497e-14,5.522749782223916e-14,5.5211091614913704e-14,5.5256145732543825e-14,5.524190885447405e-14,5.52125961958198e-14,5.524541134838846e-14,5.537285613442032e-14,5.5830376122955025e-14,5.623688051017114e-14,9.785088635149278e-15]"
0.6,sqp_rti,0,"[0.14066642670821108,-0.13564673187485887,0.13171921105217677]",0.08559633594634053,0.027832258492708206,"[-2.980232227667301e-09,-2.980232227667301e-09,-3.0119403915396248e-09,-3.1320715188076775e-09,3.362965798781037e-06,0.0003285926254570637,0.001575781995726,0.006146535258123198,0.02065678457031711,0.051389341085026075,0.1008426073173288,0.16165454837231713,0.22038724678679494,0.26318417487573403,0.29505467132490076,0.31812702123521125,0.3322069486885944,0.34041335696942704,0.44583865914973814,0.7971477449180566,0.8940522404146278]","[null,1.5938557342963079e-15,1.5938557351069287e-15,1.5938633952356095e-15,1.5965352080567372e-15,1.5998544343077897e-15,1.6002232827901048e-15,1.5967809424110142e-15,1.5934054374672027e-15,1.5913497222773588e-15,1.5908535460145189e-15,1.5908685227956324e-15,1.5906134101442395e-15,1.5904239540334367e-15,1.5827831966677082e-15,1.6045009961151738e-15,1.5917264532299493e-15,1.588629015587573e-15,1.5961310750857846e-15,1.5912915073739503e-15,3.151659012338115e-16]"
0.7,sqp_rti,0,"[0.18298965539758355,0.34037116574341847,0.1449941679782255]",0.10233886718977361,0.028539132326841354,"[-2.980232227667301e-09,-2.9802327550232377e-09,-4.681979914877843e-09,7.926560854548681e-06,0.00014942438252876777,0.0013942137061674353,0.006526586811067686,0.01944503474766457,0.042571357603384874,0.07485023705139043,0.11210220260143128,0.149468692094003,0.18265873487774337,0.20987559159836328,0.231983456642664,0.24891326715913725,0.2370529167638427,0.22735072398415107,0.2733264788487773,0.3589750534697956,0.4985560747496563]","[null,3.905726585996329e-17,3.9057262645803177e-17,3.90953821713375e-17,3.906872825529319e-17,3.898713377415353e-17,3.8926247119119327e-17,3.894545788750899e-17,3.895685582308319e-17,3.895045841165883e-17,3.8924443127666486e-17,3.88900259167977e-17,3.9004333604576895e-17,3.8867774593328186e-17,3.8943512819907903e-17,3.894834413962873e-17,3.893277260545642e-17,3.9274346859827495e-17,3.9590480418617156e-17,3.8858850948685125e-17,1.1753604453458612e-17]"
0.7999999999999999,sqp_rti,0,"[0.10575643105901829,0.12616501275846265,0.0976100680846986]",0.11517030856667984,0.025881452485919,"[-2.980232227667301e-09,8.596728995335923e-08,0.0015992290157704758,0.009422256347019903,0.032127052275089274,0.06395020170010507,0.09737047526044612,0.12714474298281547,0.15108089385065943,0.170803543779045,0.19505428294176125,0.24289241044843807,0.32953433426132933,0.39337303543897734,0.39889447238168857,0.3580180783338143,0.3632663994401238,0.43292234566489257,0.5646598962145475,0.5988444379233513,0.5637394401387901]","[null,1.7443601133906976e-13,1.7566573874990935e-13,1.7214797835137266e-13,1.7123583689506617e-13,1.7133878866441227e-13,1.7134504265162182e-13,1.7119497895118616e-13,1.7150554547094648e-13,1.7241167628216395e-13,1.7433097173550585e-13,1.7345383310878028e-13,1.7161827709953752e-13,1.7373684795416972e-13,1.7025301746601584e-13,1.6994502376806584e-13,1.8556794745487932e-13,1.7239075540328787e-13,1.7442996058038469e-13,1.7442996058032753e-13,6.043822212852022e-14]"
0.8999999999999999,sqp_rti,0,"[0.1249477998890145,0.05299201007841872,0.14037856583891417]",0.1216926605830604,0.024520663544535637,"[-2.980232227667301e-09,-2.980232227667301e-09,-2.908154161929133e-09,6.062816954033323e-08,2.43704531258937e-05,0.001066843454897215,0.012139888052538128,0.0524949298420177,0.1153313363700244,0.1638049020981452,0.18541493327584463,0.19958794852887857,0.2272612398511445,0.24412274710410636,0.2399694361390548,0.24315617588320287,0.3244359355283764,0.412175707153798,0.5306043679145602,0.6972977432589873,0.696210560328187]","[null,1.0687407883024817e-15,1.0687407891725259e-15,1.0687623466810405e-15,1.0714529461385455e-15,1.0700972373885835e-15,1.06646046478793e-15,1.0672435937252044e-15,1.0673743936183123e-15,1.0670619791333804e-15,1.0663561667014698e-15,1.0646862837719473e-15,1.064516405941175e-15,1.0659777375136592e-15,1.0684938122154561e-15,1.0796226146056574e-15,1.0662189357786897e-15,1.0664915179322404e-15,1.0681554606894167e-15,1.0687407882967767e-15,1.7134530728346594e-16]"
0.9999999999999999,sqp_rti,0,"[0.11819995157730545,0.5494874555676705,0.11693360905446931]",0.13603189302205612,0.024107471108436584,"[-2.980232227667301e-09,-7.613603941747371e-09,6.398675456553704e-05,0.0021469422284296213,0.012826731407764858,0.036991801418612635,0.07249061587792155,0.11204947330435538,0.14639710245318566,0.1665469236601485,0.17125820770751493,0.17856651991224376,0.2092724895024805,0.2536210682564491,0.3077530899402319,0.32729642730277747,0.33304266965711343,0.34772097808794983,0.35977211669438597,0.3813691952361154,0.745180666543267]","[null,4.9756662534847926e-12,4.9757021182565166e-12,4.9651953077266775e-12,4.952925928116749e-12,4.947898001710149e-12,4.946060244383148e-12,4.9462297928566495e-12,4.948740367203209e-12,4.956291628694359e-12,4.945514770276549e-12,4.952883128494756e-12,4.958250915851736e-12,4.9821090885456265e-12,4.970277074879239e-12,4.941599026315431e-12,4.9362052589830075e-12,4.953492840269025e-12,5.115368942120952e-12,5.3274176084223915e-12,1.7580354779441019e-12]"
1.0999999999999999,sqp_rti,0,"[0.11102597171636092,0.17758137284751624,0.09691230767382106]",0.1527984066973447,0.02109154313802719,"[-2.980232227667301e-09,3.011134391717185e-06,0.002885209452135662,0.025037820306753666,0.06692661241315428,0.11354974031136839,0.15844866249566075,0.21207849269659002,0.2828201955367547,0.3314775870705205,0.35247123879169245,0.3441008166820801,0.36237274052608975,0.45651069366945346,0.5275814209181691,0.5375318809989833,0.497882330264708,0.4337811013924931,0.4003663117741166,0.4365201943654265,0.5721577884095528]","[null,1.699952930708114e-14,1.6915389632161887e-14,1.6885273541325596e-14,1.689280710554845e-14,1.6866737407896834e-14,1.683584291570311e-14,1.6824830592536902e-14,1.6817707118624473e-14,1.6868791398903917e-14,1.68215289103469e-14,1.6858155838376607e-14,1.6917577218974704e-14,1.6830842928459324e-14,1.6815032773043155e-14,1.6808572478917264e-14,1.6805243679762033e-14,1.683458265233373e-14,1.6844637479733275e-14,1.765024250386086e-14,5.048020710293178e-15]"
1.2,sqp_rti,0,"[0.094357214139239,0.318610167405775,0.11219894217354137]",0.15809953572425636,0.020270906388759613,"[-2.980232227667301e-09,3.137189307983457e-05,0.00309178288784695,0.017316048505891468,0.04867135455973998,0.09590363122447104,0.1443408992444904,0.18002754433009188,0.20558635700557454,0.2079307047440649,0.15819750346172406,null,0.5226745810675595,0.5287075304599866,0.5254309139995399,0.5273402545334533,0.48210150404019886,0.44703208105662,0.43134959135520107,1.11868045120016,0.3865347536422313]","[null,1.1524148351462702e-11,1.1508019617422033e-11,1.1504247366488346e-11,1.149889724708089e-11,1.1494075994828655e-11,1.1495115913349962e-11,1.1492306477814131e-11,1.1489033522735051e-11,1.1508890091516962e-11,1.1519288291925398e-11,1.1530555905459643e-11,1.1530555905457362e-11,1.1530555905457982e-11,1.153055590545873e-11,1.1530555905458423e-11,1.1471533316356973e-11,1.1488465181974658e-11,1.1496897208812916e-11,1.1485280729642675e-11,1.5703402659766057e-12]"
1.3,sqp_rti,0,"[0.04705182563391251,0.5579272560655996,0.06548792334304072]",0.17107367626536812,0.01904771476984024,"[-2.980232227667301e-09,8.427992608861512e-06,0.0025557873026366695,0.019692025919715805,0.050703002281021814,0.07509024953978544,0.05608054558013259,-2.980232227667301e-09,0.04094875846961871,0.2199524779356679,0.24150359667234228,0.3124061545331543,0.36125304218429194,0.3546021846756567,0.33961287622156605,0.31682179533708493,0.2903781013578495,0.4319992198408869,0.5226571104790139,0.32886562714638484,0.29198254173294674]","[null,7.083468905139207e-14,7.078357517663726e-14,7.078890649488254e-14,7.069766552383098e-14,7.061696582235459e-14,7.071686145039114e-14,7.087056747499136e-14,7.055192392735418e-14,7.04868034600022e-14,7.05285112049442e-14,7.047052881059379e-14,7.036324182372755e-14,7.012289368768394e-14,7.046211448472385e-14,7.095687636695327e-14,7.123505693732144e-14,7.062702188078791e-14,7.063418363801576e-14,7.052233816910765e-14,2.0319902293974394e-14]"
1.4000000000000001,sqp_rti,0,"[0.07996277955795006,0.5245716292822065,0.09360769336884808]",0.17712918840322678,0.017012309283018112,"[-2.980232227667301e-09,-2.980232227667301e-09,-2.9802117440524967e-09,-2.980232227667301e-09,-2.980232227667301e-09,0.007807555953941059,0.127660896312009,0.11055526081576944,0.0918360897069988,0.020149166501924054,null,0.1657065198031667,0.21755168128614316,0.22954058768459867,0.22338192243525762,0.2234781931904129,0.20741521317640182,0.270982903084035,0.29769164892314476,0.2469233272153259,0.2677873678162633]","[null,1.5592603978273118e-13,1.5592603978278772e-13,1.5592603978276026e-13,1.5592603978274087e-13,1.5519879710360134e-13,1.545268375979954e-13,1.5545542872900655e-13,1.5425146475350708e-13,1.5436531559641006e-13,1.5592603978741315e-13,1.551740141035994e-13,1.5307248591065898e-13,1.535179664076549e-13,1.5414556830749368e-13,1.5642803662613947e-13,1.5647111275434418e-13,1.5536882107072458e-13,1.561799596859451e-13,1.6037451247140596e-13,4.3992607410119585e-14]"
1.5000000000000002,sqp_rti,0,"[0.06900589005184021,0.45102950572071077,0.06392158265836134]",0.19260268507672348,0.01534171774983406,"[-2.980232227667301e-09,0.00012259776235035158,0.008184281887680334,0.049197329487625396,0.10506173015527392,0.15322364182617393,0.17884668298459944,null,0.00116336294293512,0.10531255309903359,0.12886653738182013,0.11487711685324947,0.14468708686223836,0.16653411032981308,0.17430248733723036,0.15706206170854548,0.18562725289034604,0.20351965266753852,0.17394250390481464,0.19546141267221587,0.23846610977386323]","[null,4.3117101695096906e-16,4.2662611767681045e-16,4.2822052314748203e-16,4.2978989503331384e-16,4.309514917014611e-16,4.266894574739829e-16,4.320042849674034e-16,4.281970568631079e-16,4.281219496882453e-16,4.277459070793733e-16,4.2756106563250315e-16,4.2726042105183764e-16,4.275056699818062e-16,4.272458238375732e-16,4.2951859832883543e-16,4.2860737181607865e-16,4.2864366157129647e-16,4.3407173420305254e-16,4.3868490199694396e-16,8.442770097094824e-17]"
1.6000000000000003,sqp_rti,0,"[0.09722496844861431,0.6647299011079596,0.09328296984991932]",0.1997940353810907,0.014083541929721832,"[-2.980232227667301e-09,0.0006853876740300913,0.05274932641257363,0.04260220973125667,0.048657848779607715,0.16295502605557105,0.18573965049105007,0.255808762991056,-2.980232227667301e-09,8.489898228880577e-10,0.108588892161319,0.1992441863553019,0.20509136730162042,0.2013986171020175,0.19723358146972042,0.20033457855572295,0.20364128857600933,0.21189232372807593,0.20427434630414865,0.2429192857897493,0.2670838799755629]","[null,2.1237003592197472e-13,2.1698312341579437e-13,2.1152454949298483e-13,2.1051672892489155e-13,2.1188135139629347e-13,2.1090440614079536e-13,2.1167317806302947e-13,2.1284402979576421e-13,2.128441912126137e-13,2.105422293747019e-13,2.1043542944909618e-13,2.1004012999048388e-13,2.1030491450171693e-13,2.1112630123874903e-13,2.1178951749507833e-13,2.1169802500814142e-13,2.1305966104272194e-13,2.1210433997371468e-13,2.1123739730209745e-13,3.535357469133732e-14]"
1.7000000000000004,sqp_rti,0,"[0.07819000917277134,1.1244746520649442,0.08065679988720213]",0.21423631577246705,0.0126568004488945,"[-2.980232227667301e-09,0.022189098827086806,0.01378176632319611,0.07712240515156915,0.12021135233973262,null,0.06213176780250934,null,1.6560671130261273e-05,0.019952188691722494,0.040176838087337796,0.05848135130326498,0.07492799869952799,0.08397892650650168,0.10874386253422835,0.28217022982152146,0.29564742404925576,0.19765612355900936,0.2324744375694177,0.2705012530783442,0.31324274073555786]","[null,2.6505463099013525e-15,2.6470366042353914e-15,2.646417392004852e-15,2.645947099144516e-15,2.658540743478049e-15,2.6517996418203165e-15,2.6585407434982438e-15,2.660071234312721e-15,2.6567644665137225e-15,2.6470609144346296e-15,2.642095944293145e-15,2.6423258685826643e-15,2.6511338798949847e-15,2.6669730617808206e-15,2.6452016452972256e-15,2.644242316732584e-15,2.65384598822855e-15,2.658286283545416e-15,2.665143428507704e-15,5.806151004726117e-16]"
1.8000000000000005,sqp_rti,0,"[0.13945420472603245,0.44978932435349994,0.08243005563295923]",0.22166259203588742,0.010544698685407639,"[-2.980232227667301e-09,0.03089981232441269,0.14248571108022362,0.08761122872710986,0.0030543469683619873,0.25006948358713715,0.3325397124756336,0.23300093402657113,0.2426972018226728,0.24701545055324275,0.237242352579991,0.2111526113928351,0.20694630948243092,0.3186272736341554,0.21403098889668276,0.15508995275789778,0.1668793642583512,0.19949147705074682,0.22438496510099076,0.2389926942400245,0.2517544307514566]","[null,5.078004408952506e-16,5.1743722037359e-16,5.049799710371018e-16,5.064033292855491e-16,5.068349870654432e-16,5.068577899768155e-16,5.061538549231411e-16,5.058976862793165e-16,5.040359813486557e-16,5.050965178111146e-16,5.067578970788756e-16,5.060004991385511e-16,5.071290475154228e-16,5.088180622169806e-16,5.096174287707688e-16,5.083815553161197e-16,5.085493154647614e-16,5.086503325310421e-16,5.058716888077276e-16,1.1991117848360482e-16]"
1.9000000000000006,sqp_rti,0,"[0.06964983557245885,1.1999930754261547,0.08369950859539632]",0.23700284866207494,0.010128676891326904,"[-2.980232227667301e-09,0.14378986199152416,null,0.06890217609155941,0.05157428065497599,null,0.23070126266939256,-2.980232227667301e-09,0.18838297374653906,0.20016380466782452,0.1837653132885862,0.16323669437068916,0.13501030069189995,0.2233627839078352,0.11129555923464257,0.13663212887225923,0.15969577797250173,0.18060146719736098,0.1968491023717564,0.20782097130265115,0.22658502855538903]","[null,1.259837087959296e-13,1.26236364916821e-13,1.258580263215629e-13,1.2567284973352853e-13,1.2623636491684847e-13,1.2571335564916799e-13,1.262363649126229e-13,1.2571812533706532e-13,1.256773717510224e-13,1.2561505658557501e-13,1.257008299636728e-13,1.264012209497956e-13,1.254608342350707e-13,1.2571781476145358e-13,1.2573613938123734e-13,1.2573963117730324e-13,1.2582109624331663e-13,1.2602628312388447e-13,1.2708865889315937e-13,2.4231361250768623e-14]"
2.0000000000000004,sqp_rti,0,"[0.09670525338675967,0.8311696430589277,0.08131490042890145]",0.2459315612594421,0.00930989533662796,"[-2.980232227667301e-09,-2.980232227667301e-09,-2.980232227667301e-09,0.04752854937945977,0.033772569511165085,0.05229207043141565,0.07450325173275801,0.04087312863852227,0.06055740382278235,0.06430868658245253,0.07209599784618331,0.1231329651943856,0.4325307973821893,0.4907950924301481,0.30526966751883294,0.35022947711318936,0.39080386733756073,0.43336917834453176,0.48167607025197584,0.5374179648234907,0.6101607327364149]","[null,1.538390904659134e-16,1.538390904642978e-16,1.5310787445360755e-16,1.5326141501612924e-16,1.537148162239325e-16,1.5460530683092212e-16,1.5369616175742592e-16,1.5366311139335205e-16,1.5333124010559795e-16,1.5272060419916392e-16,1.5503053882059415e-16,1.53091613709661e-16,1.5391672236564214e-16,1.5513868652383613e-16,1.5287325993450074e-16,1.5294087836862807e-16,1.529821078008948e-16,1.5323582015289314e-16,1.5384169841532738e-16,3.851834159373015e-17]"
2.1000000000000005,sqp_rti,0,"[0.05464085150713234,1.0954432981143918,0.1001772780266318]",0.2519939036608079,0.009086601436138153,"[-2.980232227667301e-09,0.0725724053715549,0.0982544385395599,0.1734400506139238,0.18793951864641018,0.19510218460405043,0.19102171588418387,0.20155084151124997,0.19686164600838546,0.18338382416181248,0.2675387388868991,0.31275880075887025,0.19879605242016823,0.1792658963889016,0.209391769838909,0.23801655157042384,0.2566980885812556,0.2666286840752406,0.27299063203273716,0.28226231906878746,0.367450250097108]","[null,3.805004342398628e-16,3.8241355821262577e-16,3.813448178996751e-16,3.8167915472122176e-16,3.817085508113757e-16,3.817845694924213e-16,3.814063539527815e-16,3.8138651229307223e-16,3.81781205255166e-16,3.8232754572121183e-16,3.834061649770934e-16,3.831254301749453e-16,3.8025734955284216e-16,3.8068327030931464e-16,3.807043567255962e-16,3.7793635332296124e-16,3.860545438637579e-16,3.835151953418257e-16,3.948168846934977e-16,1.0079226238596995e-16]"
2.2000000000000006,sqp_rti,0,"[0.12265655222093133,1.0794943113892508,0.10811157279886525]",0.26216085246292703,0.008819811046123505,"[-2.980232227667301e-09,4.7073254559548694e-05,0.0672213705278864,0.11736258800895955,0.1413750892274262,0.15897350558381868,0.17843879858981176,0.17500836211881038,0.16168358925943355,0.19268896275491781,0.19768129559345554,0.1520583521493995,0.1550085715444401,0.17759467423106728,0.19935305433094835,0.21717701307890352,0.22944414807569552,0.24066157378215075,0.23082154167031393,0.22924999381402283,0.2327984361065168]","[null,8.117195724217479e-15,8.069360661011088e-15,8.078413493016789e-15,8.08448951271258e-15,8.076635848623905e-15,8.068361365026233e-15,8.072673058255247e-15,8.07221031926529e-15,8.069065010471928e-15,8.084538872871214e-15,8.094913062844811e-15,8.061749395502672e-15,8.066051459311342e-15,8.070683415727495e-15,8.071569415879113e-15,8.07866723974212e-15,8.085327420485843e-15,8.107105280915502e-15,8.307834546764305e-15,2.060685981525757e-15]"
2.3000000000000007,sqp_rti,0,"[0.11847169859460217,1.0646487342862552,0.10859884030740893]",0.27614694796546047,0.009247221052646637,"[-2.980232227667301e-09,0.06667267319299236,0.11522503528280553,0.1431542142445082,0.15192833360776065,0.1480568845319173,0.13583838395710918,0.12143822961335787,0.1813062484157662,0.2286571822841726,0.15725926284493658,0.15587929559072117,0.18560394722461765,0.21199533054062664,0.23081619751797905,0.24040193498330692,0.23998670430038144,0.22834590039535457,0.2357532013809312,0.24506622569969033,0.17729162296056328]","[null,5.264333405936933e-15,5.247289902391222e-15,5.24566137017218e-15,5.247154076909392e-15,5.245883949623279e-15,5.2499705178846556e-15,5.2708402117578955e-15,5.2840497635791885e-15,5.2400704853238e-15,5.308294184367594e-15,5.257045954738351e-15,5.2444942430437e-15,5.239180906915171e-15,5.23667025727982e-15,5.2614914354882875e-15,5.292552286511419e-15,5.288865894974149e-15,5.231877070173813e-15,5.353001287628764e-15,1.4779256679838734e-15]"
2.400000000000001,sqp_rti,0,"[0.12397227498605058,0.9871194604354742,0.13648092103522852]",0.28309378622173265,0.01030910387635231,"[-2.980232227667301e-09,0.04488274952977528,0.07846207667437427,0.09705227256260579,0.10189433820033483,0.09793373708227665,0.09188974266900268,0.14331055076588478,0.13666766423484128,0.10703884798607916,0.1197169927252893,0.14527460707288592,0.16852880394407316,0.18639655249643577,0.19729514788567198,0.20089838028280155,0.19565708565756018,0.21046995914631045,0.21733211566044758,0.12393174828771852,0.02126364802442976]","[null,1.914906912061525e-14,1.9017149097975697e-14,1.9017925474273645e-14,1.8990307367568872e-14,1.8926343261239313e-14,1.9448200857171795e-14,1.9119837727037203e-14,1.8979525511857802e-14,1.8960688525632944e-14,1.8970144269813596e-14,1.8958527335357843e-14,1.8935738641543027e-14,1.8884493502901007e-14,1.88651075399346e-14,1.911216495765497e-14,1.923374141536345e-14,1.929472174094942e-14,1.8724019881053208e-14,1.8932771427068128e-14,6.4219291986597876e-15]"
2.500000000000001,sqp_rti,0,"[0.13522554324064745,0.9102476976246113,0.13940377973558668]",0.2955822666979748,0.011955995112657547,"[-2.980232227667301e-09,0.022213532671119307,0.047649250832201784,0.057411612917818655,0.057002333824016926,0.05151900231050349,0.07913554738101142,0.0892327190073317,0.07370307328233344,0.0907193419594921,0.11865197486261253,0.1439931151216987,0.1636322075538466,0.1760904061875042,0.1810412060849556,0.17740932962005546,0.19143670904628945,0.2091331308744831,0.12089851887652997,0.012727349823790035,0.002979075997682268]","[null,3.398741025697899e-14,3.388473585340585e-14,3.392718257140934e-14,3.3981237939121283e-14,3.4049126296701224e-14,3.4202286296165723e-14,3.395753796055361e-14,3.403571563756975e-14,3.3988879904481505e-14,3.395861300627926e-14,3.39321436435697e-14,3.390413752458482e-14,3.386443859975801e-14,3.3826500494355645e-14,3.3840656680725234e-14,3.405601097836449e-14,3.397650614494034e-14,3.3877481592905555e-14,3.426962831536784e-14,6.975392728136963e-15]"
2.600000000000001,sqp_rti,0,"[0.14577300705325358,0.8315574477002302,0.13637408257667885]",0.3099601915949148,0.014212697744369507,"[-2.980232227667301e-09,0.00595701002073451,0.017049668897199777,0.02178082918217933,0.021241102555987823,0.031155693918529626,0.05147565408286231,0.047218752702465505,0.06621821664796529,0.09368908276486093,0.11894380935860022,0.13922920280430412,0.15347665457627696,0.16166843778331846,0.16342562799988142,0.1878660007036526,0.21614087876884086,0.1012295443107763,0.008013228945698059,0.0018919264859381113,0.0010710331605319756]","[null,1.7348002569242247e-16,1.73923620119968e-16,1.7405601273639542e-16,1.7410561562745443e-16,1.7502817953627713e-16,1.7369190286901328e-16,1.7387957196924418e-16,1.7384303106906265e-16,1.737605787305167e-16,1.7368140909513773e-16,1.7360423437786596e-16,1.7353193829765624e-16,1.7346367915989034e-16,1.7345900276197523e-16,1.7371503353280559e-16,1.734345860368284e-16,1.7338261724801218e-16,1.753711282305512e-16,1.7441396413551937e-16,2.6061754719115773e-17]"
2.700000000000001,sqp_rti,0,"[0.1516542945405188,0.7668455721421439,0.13907624839179206]",0.32360370558311846,0.017056919634342194,"[-2.980232227667301e-09,0.0005920782686198445,0.003134631113069386,0.004571731916437727,0.007011094827239439,0.019238493251664324,0.02390398583811898,0.042890287475972955,0.0686081669542083,0.09324722753323772,0.11361089727701118,0.12860235392997305,0.13850138597748513,0.14340592670442726,0.1676719067213293,0.21116337219274223,0.09055165063030818,0.004376516212605097,0.0009110171529953803,0.00045221520578644925,0.0008955151624956414]","[null,6.020932110495406e-14,5.988552375536326e-14,6.028852561200954e-14,5.998042324481632e-14,6.025588145650029e-14,6.073524451520271e-14,6.017350688419102e-14,6.009604270920338e-14,6.009065902010074e-14,6.010876321427755e-14,6.014407838399184e-14,6.019247377223876e-14,6.02766191930044e-14,6.03832276006426e-14,5.976575606377983e-14,6.017323343070223e-14,6.125277187997235e-14,6.10319871979017e-14,6.106240012979162e-14,1.2144291036702697e-14]"
2.800000000000001,sqp_rti,0,"[0.15572963566760337,0.6905321428745888,0.1361499998084668]",0.3384115933253223,0.020461954176425934,"[-2.980232227667301e-09,1.1672807257417928e-05,0.00019227673114666222,0.0005046474731303097,0.004676065745328362,0.010363781377550618,0.026247824281709964,0.04917632349845241,0.07266331872904647,0.09296670389229017,0.10898630680570137,0.12147034995703693,0.13119605677937668,0.16220339587183547,0.219592563077655,0.07683499191277782,0.0024041029396345837,0.0004666475852227736,0.0002049723713332674,0.00040468334996723865,0.06979177129050812]","[null,4.3846017915568414e-17,4.3878044480510434e-17,4.394464531267097e-17,4.375131110624857e-17,4.3945094043966403e-17,4.379980474702067e-17,4.368359043443526e-17,4.359870127012088e-17,4.3550241624810933e-17,4.352475574946154e-17,4.351318777356869e-17,4.352587285614673e-17,4.4432341292986595e-17,4.347857763178348e-17,4.435355449344576e-17,4.4027621195076626e-17,4.385752745726498e-17,4.3850283332451447e-17,4.3982309205601247e-17,1.588258995256195e-17]"
2.9000000000000012,sqp_rti,0,"[0.15535752924079355,0.617325356977459,0.1304035022402586]",0.3531874062790691,0.024273917078971863,"[-2.980232227667301e-09,-4.1436992725962796e-11,2.1416392091133662e-06,0.0003427187905816198,0.0027686136168746933,0.013001573472571748,0.03226143628148376,0.05495309439564916,0.0757124385584545,0.09230238533741525,0.10530265740290617,0.11619559511154326,0.13458916439211493,0.21604301646251117,0.11756719466747062,0.003710408624034711,0.0001535089163620107,4.756411128026272e-05,2.4586263492332172e-05,0.0036261239582209837,0.46084083652131086]","[null,1.7422879278207849e-15,1.7421389697492422e-15,1.7382960552717647e-15,1.7348867065366433e-15,1.7336908996643466e-15,1.7300163408863668e-15,1.723724689769578e-15,1.7200409569629077e-15,1.7181429661356822e-15,1.7171278132513336e-15,1.7164685545840056e-15,1.721220735595148e-15,1.7168812336861634e-15,1.7191568575826224e-15,1.758704154318223e-15,1.7410815526381118e-15,1.7420363831743416e-15,1.7423594182060501e-15,1.9113991071358894e-15,5.937925792707731e-16]"
3.0000000000000013,sqp_rti,0,"[0.14553842744954368,0.5812040922665902,0.14091777687435295]",0.36380500396062204,0.028361201286315918,"[-2.980232227667301e-09,-2.915157254479439e-09,9.165058115767621e-07,0.00023750466682578852,0.003907475914772973,0.01643788501969984,0.03621259156818707,0.05711705827297325,0.0747508365155996,0.08790609706408309,0.09730481854448741,0.1047700840205879,0.13574804279865021,0.19322243988600435,0.036311784930325,4.9024197607189235e-05,1.0428546847462972e-05,2.5372314175209354e-06,1.8421788477440693e-06,0.005815830594185389,0.2936365274015856]","[null,9.00053248236521e-13,9.003548374348206e-13,9.01331904647962e-13,8.97211719285967e-13,8.913284217648087e-13,8.935730335209564e-13,8.927647279693432e-13,8.904968804908465e-13,8.89067667678875e-13,8.885645647368544e-13,8.889463382135119e-13,8.877161654754111e-13,8.866523726148102e-13,8.956721848378299e-13,9.017911199586611e-13,9.003783238098252e-13,9.001420536466133e-13,9.001654892428516e-13,9.346389602799512e-13,1.0182134494804237e-13]"
3.1000000000000014,sqp_rti,0,"[0.13996545599655605,0.5159682741880866,0.1320415854748065]",0.37746779454344803,0.02725077234208584,"[-2.980232227667301e-09,-2.9101331344705272e-09,3.2705351762085666e-06,0.0007712345365293582,0.007819956201301992,0.02471091933201902,0.04618029158355369,0.06598809746663009,0.08138633895110364,0.09286965787303797,0.10186101690774568,0.1161530725398226,0.20016134068153663,0.1385212620701422,0.003708626050522079,5.602036009577649e-06,9.75636591432627e-07,2.723509038016214e-07,1.0719784121204778e-06,0.0037322215894298183,0.2390728051029612]","[null,8.434626270360437e-17,8.42319965353038e-17,8.378164887907012e-17,8.331504552770066e-17,8.289981048394867e-17,8.224686638298349e-17,8.197369054245957e-17,8.178097249166227e-17,8.165876015629154e-17,8.161262606926988e-17,8.185058035635316e-17,8.165171172252408e-17,8.136952769368238e-17,8.423852668154955e-17,8.434745793687743e-17,8.434689695968712e-17,8.434644555777567e-17,8.434721066096721e-17,8.69333865959084e-17,3.2004750540825346e-17]"
3.2000000000000015,sqp_rti,0,"[0.1356991396690593,0.47732190067260977,0.12569099338559026]",0.3908200096536919,0.02404259517788887,"[-2.980232227667301e-09,-1.082814532482601e-09,2.60119861193453e-05,0.001767059105490687,0.01105014170487234,0.02812276829783561,0.04722239089932928,0.06377447423201837,0.07628964908904728,0.08491949173918895,0.09291310123963187,0.11594421530051485,0.20396945698287966,0.05419212438826443,5.874496862817713e-06,4.683963784335443e-07,8.139503424042793e-08,-8.264368717147974e-09,1.334595461946475e-05,0.006982098049187535,0.3132603462441395]","[null,6.626432772642914e-17,6.643297449161941e-17,6.620115306397122e-17,6.561709265055864e-17,6.585845253564442e-17,6.572211969185222e-17,6.560891003524324e-17,6.543516885186641e-17,6.529407193141231e-17,6.530368961088156e-17,6.537009186049896e-17,6.526054880665826e-17,6.598341383069171e-17,6.632429947164214e-17,6.62668666629085e-17,6.626480156117184e-17,6.62644480767654e-17,6.637613778990758e-17,7.56580081534617e-17,7.807567561517411e-18]"
3.3000000000000016,sqp_rti,0,"[0.12958960804877698,0.46641335953665103,0.11863514729860858]",0.40363183428542865,0.021507374942302704,"[-2.980232227667301e-09,1.6110061340501858e-09,0.00012731331964074832,0.003414955524944585,0.014683278709807734,0.03130768786054522,0.047954748522461454,0.06158001505039029,0.0713164186449749,0.07857408499024993,0.08922428785468989,0.1550261920742269,0.1485282456989097,0.006276825924585672,4.4161001103160125e-07,6.226167029166341e-08,-2.184035702290643e-09,4.9874708418773395e-08,2.142373119212726e-06,0.004967529544930127,0.3499488766645456]","[null,3.0475683762185505e-15,3.0425012878089244e-15,3.0384927470866173e-15,3.046299568782484e-15,3.0369966629543283e-15,3.021522077202131e-15,3.0126147230227515e-15,3.008234590399765e-15,3.006130380628221e-15,3.0085678392439402e-15,3.0155390316713875e-15,2.9992479925932614e-15,3.088419013861766e-15,3.047623949405007e-15,3.0475693286484644e-15,3.0475660309959162e-15,3.0475706113595203e-15,3.04797365856378e-15,3.284193589134333e-15,3.0308806923635455e-15]"
3.4000000000000017,sqp_rti,0,"[0.1264534826978954,0.41962530157487443,0.11498199413588032]",0.4161062959914794,0.019471503794193268,"[-2.980232227667301e-09,5.943237407768365e-08,0.0003353244041163217,0.005135462905743016,0.017455354227946362,0.03319222820068496,0.04798755791188897,0.059951734074089214,0.06877583320242203,0.0784174782034624,0.10537884528317037,0.21781898001174654,0.045064893809206474,5.615577639561664e-07,2.652569325301002e-08,-4.3057091503317935e-09,2.3242918978372273e-09,1.797629683997215e-09,0.00013618874048987317,0.009656280831008168,0.6416710156151424]","[null,2.984959422283983e-17,2.979499694774562e-17,2.989741535956401e-17,2.996369634432185e-17,2.9778782426756715e-17,2.960881196669997e-17,2.9531614180282814e-17,2.95120679352248e-17,2.9517535968033487e-17,2.9542858692483127e-17,2.9346838435605354e-17,2.959575537329717e-17,2.9850564150976005e-17,2.984875764001503e-17,2.984873801588201e-17,2.984873531451935e-17,2.9848739314309195e-17,2.986587386945877e-17,3.253545953728137e-17,4.340394276030157e-17]"
3.5000000000000018,sqp_rti,0,"[0.11841428815180599,0.4601737970816373,0.11551573312964951]",0.426702096036175,0.018050402402877808,"[-2.980232227667301e-09,5.056271664416467e-07,0.0006318254590034211,0.0061763728476012525,0.01757426697699299,0.030795742978359908,0.04273765335108842,0.05150531049609414,0.05862296243349158,0.07061832806042984,0.1467395355374304,0.11837522368542946,0.0025130406613322054,4.188340257949008e-09,-8.189312700190854e-09,-3.157367145512069e-09,1.4964012529095072e-09,5.591897689338765e-08,3.2778236236402636e-05,0.016908773513169717,0.8194674972606577]","[null,5.527275376987281e-16,5.511187058961598e-16,5.519109548109911e-16,5.5424751167245645e-16,5.525192927131521e-16,5.504920567256573e-16,5.489490644690593e-16,5.474227691111147e-16,5.461096880347579e-16,5.443801074108563e-16,5.480346249512306e-16,5.582539014413325e-16,5.526897948762632e-16,5.526881241263202e-16,5.526881121019091e-16,5.526882527871357e-16,5.526898295674628e-16,5.517655181761085e-16,5.643694325720812e-16,4.2174401609565413e-16]"
3.600000000000002,sqp_rti,0,"[0.1168388908859386,0.41882989744781024,0.10717706980772529]",0.43930616467355404,0.016909178346395493,"[-2.980232227667301e-09,9.246271624741009e-07,0.0007715260925776624,0.00656015365557977,0.017450149738125476,0.02959652134155971,0.03991438132660169,0.048188261895571405,0.057353446333803515,0.08653692638497895,0.20731151895962868,0.02805907135091018,2.626674704131471e-07,-2.5321331698080485e-09,-3.926069774840002e-09,2.2584150938254055e-09,4.361177419198725e-09,-8.985997362875864e-09,0.00034550391285792514,0.026745805786756283,0.7071106016307851]","[null,4.737595378244716e-17,4.739167445025611e-17,4.7608544625642374e-17,4.7548695000136465e-17,4.7330728042226885e-17,4.7201111214950964e-17,4.715422155498528e-17,4.716184956130047e-17,4.7156523673906276e-17,4.689966820769076e-17,4.7006748226749294e-17,4.737451865841561e-17,4.7373607374022424e-17,4.737360730122003e-17,4.737360731914295e-17,4.737360747772292e-17,4.7373608413501283e-17,4.741057859010323e-17,4.8044795290344804e-17,3.969093733833389e-17]"
3.700000000000002,sqp_rti,0,"[0.11137808653678075,0.3965383259098482,0.10425937338055612]",0.4502738957980571,0.01624564826488495,"[-2.980232227667301e-09,3.071314765151767e-06,0.0009468540850010032,0.006174182576688836,0.01492335714831744,0.023920629589792963,0.03158168277093926,0.03856602551094551,0.05044350032882222,0.13379488747956075,0.08640895358248263,0.00030308073832302496,-4.3450198994321454e-10,-3.159143363573591e-09,-1.825003620448129e-09,-7.697911835746751e-09,-1.4723561259089024e-10,-8.020693526011868e-09,4.908022956326419e-05,0.03434163846491939,0.31705567413908115]","[null,1.3871937384766761e-16,1.389215194413019e-16,1.3811911160971103e-16,1.3833164362895316e-16,1.37601264647949e-16,1.3713975572658008e-16,1.3703401000760684e-16,1.3800998758333413e-16,1.358485548254159e-16,1.3473906782091578e-16,1.3862813158347023e-16,1.3826861788551123e-16,1.3826861575015942e-16,1.38268615806604e-16,1.382686172203942e-16,1.382686274085391e-16,1.3826872242318744e-16,1.3871683145292302e-16,1.40105354140827e-16,1.6642339200680163e-17]"
3.800000000000002,sqp_rti,0,"[0.10706415353677992,0.19976074260343182,0.10497951255601627]",0.46025384813172093,0.0159599706530571,"[-2.980232227667301e-09,2.237730332921295e-06,0.0006463942376983556,0.004247270001479564,0.010215362241442982,0.016689002294413557,0.023185164351921028,0.031212610635369675,0.06256631888263603,0.1394649077320061,0.00407300165813701,-4.447821028152887e-09,-2.992617459396385e-09,-2.9801676959539947e-09,-2.9558767100645866e-09,-2.745932120573613e-09,-2.251536734831916e-09,2.3804773269242574e-07,0.0005317955505181327,0.014356862687072092,0.44455830345231534]","[null,7.560451297874732e-16,7.568845741508083e-16,7.580394115904817e-16,7.584366896949478e-16,7.579163549032811e-16,7.571732163545182e-16,7.56361103861509e-16,7.548897763078627e-16,7.542100028660603e-16,7.616428904131617e-16,7.566125844860711e-16,7.566125271639289e-16,7.566125271740768e-16,7.566125271788226e-16,7.566125271967455e-16,7.566125272519279e-16,7.566222148604202e-16,7.604724789754952e-16,7.712475892647727e-16,3.234552476475663e-16]"
3.900000000000002,sqp_rti,0,"[0.10512222229298843,-0.03138563329475,0.10475372802901739]",0.4706881569619634,0.015993569046258926,"[-2.980232227667301e-09,9.506994335661823e-07,0.00035524793431562784,0.0024484544523858953,0.00613498288931652,0.010271900661702749,0.014248874677980139,0.020589998365941053,0.05882657227952032,0.01879648721264121,4.4519765084877205e-05,-1.024680867933725e-08,-2.9803959022967064e-09,-2.9801671408424824e-09,-2.9669501855345004e-09,-2.0706070469334037e-09,3.7985232737014485e-09,8.922474697611871e-05,0.031121158100193835,0.45875128660806014,1.1665725732635337]","[null,4.3652069144060133e-17,4.370201635352984e-17,4.370164336678419e-17,4.366967448190637e-17,4.369121891223684e-17,4.3691398840832275e-17,4.3988128657281916e-17,4.366738658472123e-17,4.3623862063596824e-17,4.367458715151334e-17,4.3631438778926956e-17,4.363143857731304e-17,4.363143857731304e-17,4.3631438577407704e-17,4.363143858377539e-17,4.3631451986629454e-17,4.367563514849276e-17,4.372042978806756e-17,4.36155917563575e-17,4.641586509044885e-18]"
4.000000000000002,sqp_rti,0,"[0.11034224368658903,-0.015064696237796969,0.11033988947449797]",0.4817457986983282,0.015956904739141464,"[-2.980232227667301e-09,4.974169786897686e-07,0.00025756541866936433,0.0021285423738602316,0.0060046844816073475,0.01090794574711601,0.01926346233878401,0.05041817062238857,0.006894096286374662,6.610671534845736e-06,-6.534256108414738e-09,-2.980942492847305e-09,-2.9802681433821476e-09,-2.9802316725557887e-09,-2.97052563102973e-09,2.7663202947225685e-06,0.0028551303838048603,0.011085751047561987,0.0045370703008576485,0.00449671453484396,0.014999212455785116]","[null,1.4952438828051936e-15,1.4961614955088823e-15,1.4951503337906224e-15,1.4943385550802563e-15,1.49449803744989e-15,1.5065648968023315e-15,1.4923235089451746e-15,1.4939500461442267e-15,1.4965290765538517e-15,1.4950279442035768e-15,1.4950279422664437e-15,1.4950279422651626e-15,1.495027942263547e-15,1.4950279422684884e-15,1.4952227687077576e-15,1.4983216180737933e-15,1.5025012044632275e-15,1.5011489308853478e-15,1.4993626543413156e-15,1.8097389598625555e-16]"
4.100000000000001,sqp_rti,0,"[0.11243087745553325,-0.00704421708979933,0.11197572732248887]",0.49356600431066383,0.015922486782073975,"[-2.980232227667301e-09,8.634368602600251e-07,0.00034660437331671123,0.00270175208104545,0.007913524893242319,0.02499466500458497,0.04318253153526613,0.00017819080204520277,-6.592825063655994e-09,-2.980674013164375e-09,-2.980298313692842e-09,-2.9802392498279318e-09,-2.980232727267662e-09,-2.9769856024763897e-09,3.9152280995047306e-07,0.020107758718456215,1.1355571163811617,0.5554878559504288,0.4320506676234011,0.37332321117977757,0.39752638244105826]","[null,9.451107409521472e-16,9.437250317834e-16,9.41948155925082e-16,9.408237728204447e-16,9.50917695173112e-16,9.37290661594268e-16,9.443762457324515e-16,9.450568152002628e-16,9.45056813791862e-16,9.450568137918242e-16,9.4505681379178e-16,9.450568137917106e-16,9.450568137928213e-16,9.450898412947154e-16,9.39801826383855e-16,9.375056749291277e-16,9.38965826044606e-16,9.410234125253053e-16,9.350664494280856e-16,1.4564997273381198e-16]"
4.200000000000001,sqp_rti,0,"[0.11199845841470485,0.14320830979847285,0.11661924266635469]",0.5046272553681086,0.01589842140674591,"[-2.980232227667301e-09,6.458304303014195e-07,0.0002854164154660055,0.002244674128060231,0.00969693884205719,0.019614495519865216,4.2283898592093694e-05,-3.349584110079462e-09,-2.980235030980438e-09,-2.9802326162453596e-09,-2.9802322554228766e-09,-2.980232227667301e-09,-2.9793622013940535e-09,1.484085516423317e-07,0.030995853675324814,0.888047372604359,0.38232367010649143,0.29894833101294155,0.2780510042058644,0.2791553522112256,0.2971146157090086]","[null,1.5069783350333154e-16,1.5078446922218674e-16,1.5084622644121374e-16,1.566787321411194e-16,1.515384383399199e-16,1.5075640484135373e-16,1.5066256666993127e-16,1.506625664645245e-16,1.5066256671048503e-16,1.5066256671044716e-16,1.5066256671040299e-16,1.5066256650353841e-16,1.5066584772334397e-16,1.5049235862517102e-16,1.4958312665046089e-16,1.5033058522564667e-16,1.5141099012961108e-16,1.5202285308315707e-16,1.5015679587094567e-16,3.2306352594505726e-17]"
4.300000000000001,sqp_rti,0,"[0.11227674607075137,0.1397268083810058,0.11952359616727021]",0.5161063177707049,0.01654217392206192,"[-2.980232227667301e-09,8.619860902836507e-08,5.7453455079570226e-05,0.00051149709503992,0.0034184590909658863,5.248427786844201e-05,-7.908663973710262e-09,-2.980232227667301e-09,-2.980232227667301e-09,-2.980232227667301e-09,-2.980232227667301e-09,-2.9770344800450488e-09,2.511572660246486e-05,0.0719866556774747,0.18503451445258962,0.10152505480373969,0.1065369108419077,0.11901522864789699,0.13211393669455945,0.1474291144155256,0.17362534665159385]","[null,1.6676064518797648e-11,1.665314262986266e-11,1.6637233706549044e-11,1.6563848317048842e-11,1.665969282086715e-11,1.6675821374814098e-11,1.6675821224363686e-11,1.667582122436348e-11,1.6675821224363725e-11,1.6675821224363725e-11,1.6675821224370343e-11,1.666271065847863e-11,1.6615211133510626e-11,1.661347891305055e-11,1.6780900672032017e-11,1.6630059171523607e-11,1.6515608143265542e-11,1.649550655253699e-11,1.6814927122098775e-11,3.770399301089285e-12]"
4.4,sqp_rti,0,"[0.11808460453813857,0.06980943048414055,0.12641100787973897]",0.5280031419755457,0.01731497421860695,"[-2.980232227667301e-09,-3.732810588408242e-09,1.2842914630495361e-05,0.00040008670714483663,4.73638380080188e-06,-3.3178399749811405e-09,-2.980232227667301e-09,-2.980232227667301e-09,-2.980232227667301e-09,-2.980232227667301e-09,-2.8615621816552306e-09,0.00012695281446661877,0.06205119098833728,0.06115109346587816,0.0686835494956462,0.09641358579069498,0.12295190349079804,0.14297040483276896,0.15437273564679083,0.15725531246771923,0.16438476283216624]","[null,1.0560567194828271e-11,1.0558671820851914e-11,1.0558374235555724e-11,1.0558866539611791e-11,1.056056485117156e-11,1.0560564850927345e-11,1.0560564850927439e-11,1.0560564850927439e-11,1.0560564850927478e-11,1.0560564850980004e-11,1.0560566143366786e-11,1.055279243642607e-11,1.0555207523764042e-11,1.0555275100747241e-11,1.0548563318155118e-11,1.0544333609523441e-11,1.0552676113046194e-11,1.0538590224349564e-11,1.0554161671100536e-11,1.2273559828809906e-12]"
4.5,sqp_rti,0,"[0.12625658049832728,0.1064444798129315,0.13395649753770597]",0.5409707782250218,0.01777896285057068,"[-2.980232227667301e-09,-8.458885869533361e-09,2.0555800370747335e-05,-1.0380729664749566e-08,-2.9802326440009352e-09,-2.980232227667301e-09,-2.980232227667301e-09,-2.980232227667301e-09,-2.980232227667301e-09,-2.800983223139042e-09,0.0009916882876945254,0.15261574694040797,0.07212716593271723,0.10102839723812879,0.1353422053742726,0.16329435663467678,0.18163603137785672,0.19018512885017175,0.19080923999872007,0.19150058033372802,0.24278040784452132]","[null,1.5554429636093417e-10,1.556375082607694e-10,1.5554442672771061e-10,1.5554419655177838e-10,1.5554419655177042e-10,1.5554419655176442e-10,1.5554419655176453e-10,1.5554419655176453e-10,1.55544196557396e-10,1.5800802277969058e-10,1.5482562476705268e-10,1.5824812050819598e-10,1.5497205924659848e-10,1.5471582420529633e-10,1.5468253606457312e-10,1.5474005268312618e-10,1.546411043192098e-10,1.5465276494189624e-10,1.5471739542919193e-10,3.580060299323231e-11]"
4.6,sqp_rti,0,"[0.13594447986526112,-0.012004167072237504,0.13074352827635688]",0.5568925699792561,0.018887842074036598,"[-2.980232227667301e-09,-1.0055439425560309e-08,-3.223633138205173e-09,-2.980232227667301e-09,-2.980232227667301e-09,-2.980232227667301e-09,-2.980232227667301e-09,-2.980232227667301e-09,-2.7962387405544575e-09,0.012508673528013603,0.08784416821049207,0.05061011744184879,0.07905683538583191,0.11058791624144321,0.13815312908878213,0.15619380321374693,0.16131476405206585,0.15341090202420632,0.1379403780303477,0.13846561762427073,0.2885417485159792]","[null,7.329685361657175e-13,7.329685312087601e-13,7.329685311793177e-13,7.329685311794986e-13,7.329685311793952e-13,7.329685311791884e-13,7.329685311792918e-13,7.329685733764632e-13,7.343557999827788e-13,7.326580012293745e-13,7.321561017013758e-13,7.323181807630691e-13,7.32015331965972e-13,7.347833308564078e-13,7.290061964308015e-13,7.328257294356807e-13,7.368986524829315e-13,7.50821747255216e-13,7.500016673415992e-13,1.452173835606765e-13]"
4.699999999999999,sqp_rti,0,"[0.13400479737537221,0.11225761867450267,0.1473071681133788]",0.5679935513804731,0.025040404871106148,"[-2.980232227667301e-09,-2.980232227667301e-09,-2.980232227667301e-09,-2.980232227667301e-09,-2.980232227667301e-09,-2.980232227667301e-09,-2.980232227667301e-09,-1.3843131363433514e-09,0.05062233125149157,0.24274403881883871,0.1588012554637082,0.1689379970530112,0.18902035104755727,0.20881312234336208,0.22077706238255318,0.2187025639468015,0.21051130597324247,0.20550005574397973,0.46640602025427286,0.27366602011455826,0.1809969033716195]","[null,7.06650844756606e-14,7.066508447682382e-14,7.06650844755055e-14,7.066508447568645e-14,7.066508447558305e-14,7.066508447537626e-14,7.066508493704644e-14,7.04063265751399e-14,7.040540933774555e-14,7.088232616683915e-14,7.064278282550965e-14,7.045977553266307e-14,7.034555143056389e-14,7.04874316588869e-14,7.030962452050638e-14,7.044339724985407e-14,7.088123292391861e-14,7.090506621185801e-14,7.114033076297159e-14,1.5891170782924304e-14]"
4.799999999999999,sqp_rti,0,"[0.13749067973206316,-0.036796456124589524,0.1520226971701808]",0.581811971535106,0.03550576791167259,"[-2.980232227667301e-09,-2.980232227667301e-09,-2.980232227667301e-09,-2.980232227667301e-09,-2.980232227667301e-09,-2.980232227667301e-09,-4.725306923525352e-09,0.010181644501385645,0.04139859649364547,0.04416264050528601,0.07023425273121547,0.103327981541743,0.13439215125569676,0.15335269044260685,0.15354526792790574,0.14120548341428824,0.12423870379996488,0.15026913024027594,0.2860101041809003,0.1475450310634983,0.17007037435713174]","[null,1.0324453038042591e-10,1.0324453038042542e-10,1.0324453038042575e-10,1.0324453038042594e-10,1.0324453038042583e-10,1.0324453107705067e-10,1.0323168432995346e-10,1.030530178831804e-10,1.0314640654996231e-10,1.0310993224782394e-10,1.0307693536562734e-10,1.0307286337686539e-10,1.0308651828864899e-10,1.0302688896756156e-10,1.0303016796183001e-10,1.0305059959179085e-10,1.031618418598946e-10,1.0311314376771422e-10,1.0320399902022532e-10,1.4192773219905969e-11]"
4.899999999999999,sqp_rti,0,"[0.1432021564162765,0.012266675361935257,0.15448298023042642]",0.5966790221351146,0.047601621598005295,"[-2.980232227667301e-09,-2.980232227667301e-09,-2.980232227667301e-09,-2.980232227667301e-09,-2.980232227667301e-09,-2.959523598411451e-09,0.01903866398716786,0.10255050481397704,0.09463466739940857,0.12317951803448396,0.1571596499463908,0.18705819834415466,0.2039651620686243,0.20128182679497258,0.1821378431995953,0.1503465547361021,0.1970740179262574,0.19866395878526505,0.09073216241582466,0.11681486519688528,0.16146309444739765]","[null,1.2801934794727308e-12,1.2801934794730668e-12,1.2801934794734029e-12,1.2801934794727566e-12,1.2801934794875425e-12,1.2772230309521685e-12,1.286858413706123e-12,1.2776537179735947e-12,1.2772475582448487e-12,1.2770714340715988e-12,1.275725786017884e-12,1.278194849367405e-12,1.2763981206930663e-12,1.2764601731598888e-12,1.2770082653420139e-12,1.2790884599657588e-12,1.2771518176648926e-12,1.281793435510349e-12,1.2805329042560786e-12,1.5442905814169e-13]"
4.999999999999998,sqp_rti,0,"[0.15281350632188317,-0.06745757615458572,0.14530331254891166]",0.6147493057339222,0.060671448707580566,"[-2.980232227667301e-09,-2.980232227667301e-09,-2.980232227667301e-09,-2.980232227667301e-09,-2.9791333844286783e-09,0.008232081919107348,0.02965193086451895,0.04344099024972864,0.07354489092960642,0.11134063990232762,0.1458235690830108,0.16542678981948883,0.16319486655886167,0.14338153486052968,0.11202540213423157,0.13496374303574826,0.1889114967943442,0.11434019724668404,0.14833710426995134,0.1957564832425856,0.24602806870022215]","[null,1.7669019532169476e-11,1.7669019532169812e-11,1.7669019532171802e-11,1.7669019532192662e-11,1.7716180863982275e-11,1.7580794975274543e-11,1.7690396125491818e-11,1.7679841999614337e-11,1.7675411712564403e-11,1.7664623976138477e-11,1.7685788989670826e-11,1.7674747232603585e-11,1.767534432782071e-11,1.7672768724004356e-11,1.7687829211090572e-11,1.7690598793769794e-11,1.771666283573489e-11,1.7713189045692767e-11,1.7720227388191725e-11,2.1559771336616075e-12]"
5.099999999999998,sqp_rti,0,"[0.15288732152581624,-0.0705661252868721,0.16877899401945234]",0.6266275156772838,0.05178634822368622,"[-2.980232227667301e-09,-2.980232227667301e-09,-2.980232227667301e-09,-2.9802321999117254e-09,0.00541911207393736,0.024389576193445006,0.043522972941269,0.07888419780691508,0.12225348837928324,0.16083898177224115,0.18297653589412805,0.1821769485559706,0.16250542013858188,0.12820671745503348,0.18299978958904078,0.13457359994447132,0.07444606874872833,0.10042210757174069,0.13712754530965193,0.1812913089474371,0.22920614670064127]","[null,7.745601544267976e-17,7.745601544267976e-17,7.745601544267976e-17,7.758961891195237e-17,7.940514998831808e-17,7.707312006410098e-17,7.742529926354886e-17,7.738315908361727e-17,7.729440873989027e-17,7.72561993513101e-17,7.727031086192098e-17,7.72783675817002e-17,7.732407860016977e-17,7.749913748922962e-17,7.741846830265282e-17,7.744719638226202e-17,7.745783896234013e-17,7.756658704361046e-17,7.68897467271088e-17,1.0213450379065801e-17]"
5.1999999999999975,sqp_rti,0,"[0.1613095639623507,-0.04576497070165941,0.17439149071208826]",0.6424135298415617,0.03786507993936539,"[-2.980232227667301e-09,-2.980232227667301e-09,-2.980232227667301e-09,0.0006555593544275151,0.00636631135969995,0.02141696595821757,0.05578464106773923,0.1026194434592334,0.14437115655994576,0.16750332411974328,0.16664935794004238,0.14312127540495184,0.10802638651827118,0.1735821445693631,0.062088296726716063,0.060951798794112666,0.09398622678517726,0.13710243393096705,0.18289335252866296,0.2223946316870496,0.24768127572385518]","[null,5.92583454233263e-13,5.92583454233263e-13,6.075166659259518e-13,5.916771491496181e-13,5.911590820703513e-13,5.912539979883822e-13,5.907821656023248e-13,5.906873205609739e-13,5.903597071782141e-13,5.903433430606372e-13,5.906209202066664e-13,5.916286684928597e-13,5.92027809593084e-13,5.916515936163386e-13,5.921358534921319e-13,5.914065900348411e-13,5.908109331322098e-13,5.897802316334227e-13,5.911975542725296e-13,7.59444712753058e-14]"
5.299999999999997,sqp_rti,0,"[0.1645633164090261,-0.15529705488398826,0.15965937808409525]",0.6607915824006667,0.023185495287179947,"[-2.980232227667301e-09,-2.980232227667301e-09,1.1636129057801536e-06,0.0001230097408240205,0.0036609243623640375,0.028060675819910952,0.07889353115727077,0.12839334590287949,0.15258898807421845,0.14728576296088464,0.1264244469173253,0.10070698840336051,0.20917684591431823,0.14690187152261985,0.12357367800692104,0.16396699722347813,0.20927732049060205,0.25623182904109926,0.3018504108094245,0.3437138569083949,0.396690605284477]","[null,1.055333457176645e-12,1.0559307307043376e-12,1.0556870278901059e-12,1.0543681621278235e-12,1.0538982427583298e-12,1.0550030711186222e-12,1.0552066680779818e-12,1.0558413430776381e-12,1.0544882906337e-12,1.053956672849278e-12,1.0651047679954846e-12,1.0574956076364306e-12,1.0596019859529614e-12,1.0541712490553642e-12,1.0541637000291114e-12,1.0545102473324135e-12,1.0563814415513428e-12,1.0587543090972732e-12,1.0675794988095266e-12,1.954899554262228e-13]"
5.399999999999997,sqp_rti,0,"[0.1719318344099938,-0.0914842232304341,0.13840667370727242]",0.6813379306703473,0.010787634178996086,"[-2.980232227667301e-09,-2.980232227667301e-09,5.055459489922143e-08,0.0013429499948242607,0.02850219152847161,0.09167814720184425,0.15207201176734914,0.1864082810273729,0.18996486819499553,0.17019944101327128,0.13174835550286162,0.21586831114613575,0.10996505865873801,0.08930978877789003,0.14282605337224724,0.217064361430851,0.29083252240456475,0.34599605375160253,0.3697659995175869,0.37694288640617374,0.6466275297322734]","[null,6.123606020827996e-14,6.124030549212346e-14,6.11332387360724e-14,6.093446570903464e-14,6.117904532201394e-14,6.159481876792746e-14,6.076168010574203e-14,6.099063154534456e-14,6.092685908292904e-14,6.102644328531994e-14,6.242362222404338e-14,6.34295879444953e-14,6.119721782262147e-14,6.08951704805807e-14,6.097095418874007e-14,6.106848708396955e-14,6.123792663752101e-14,6.183966502377922e-14,7.275377642277027e-14,3.0155691451467514e-14]"
5.4999999999999964,sqp_rti,0,"[0.16317252275816566,-0.23869093604307184,0.16692149364826891]",0.6913014629513184,0.009038679301738739,"[-2.980232227667301e-09,4.82028357354225e-06,0.002972500743343709,0.02856841730491838,0.08057256026322329,0.13219555456433768,0.16129751559973543,0.16341091636735144,0.14545936454665026,0.11658806221260748,0.12542660512386378,0.22606156163020757,0.1347822877477725,0.1642889207304073,0.2033524986082263,0.23591307155223334,0.25583198373452093,0.2571146571433623,0.2332422701691364,0.21527033764949516,0.2412557741539832]","[null,9.661839083211608e-16,9.657482413915158e-16,9.655589020757479e-16,9.637442807041855e-16,9.622863697208379e-16,9.643207270177016e-16,9.632451705595967e-16,9.635514119703026e-16,9.640003980426174e-16,9.644812688385435e-16,9.624027736139401e-16,9.640674936024702e-16,9.622909237152327e-16,9.62801445288123e-16,9.629056517439337e-16,9.62999397357063e-16,9.631973860061266e-16,9.633291919020682e-16,9.627046113574028e-16,1.3973222491079245e-16]"
5.599999999999996,sqp_rti,0,"[0.15973210790296094,-0.17290504850020438,0.14412805773626125]",0.709443434505816,0.00790441408753395,"[-2.980232227667301e-09,0.00022377856892680237,0.022484188665852056,0.08377618120512481,0.1420031833954994,0.17639855073231986,0.18395673877278257,0.17475916742878966,0.14924256532446806,0.2063669921136551,0.17753959349138598,0.06434778448522743,0.06433192437837204,0.07696491241237863,0.09675943637750067,0.12109377862134424,0.14710287282119056,0.17217246818394366,0.19284588835572586,0.2026505923060718,0.25252672806650517]","[null,1.0093055927643456e-12,1.0054932501538873e-12,1.0058304868636984e-12,1.0051654403707009e-12,1.0051897622209687e-12,1.0024188742520068e-12,1.0023650068559135e-12,1.0027243865350463e-12,1.0400323715950666e-12,1.0237250537240965e-12,1.0073198290438385e-12,1.0050589753184257e-12,1.0045951157762532e-12,1.0020969716161328e-12,1.008984282048074e-12,1.0064359825374475e-12,1.0084649559953655e-12,1.0153865114165394e-12,1.044730180705331e-12,3.333906117879142e-13]"
5.699999999999996,sqp_rti,0,"[0.1303640755918927,-0.33054273673448936,0.13811744932328462]",0.7206788329761329,0.007340081036090851,"[-2.980232227667301e-09,0.004027096261400687,0.05159916429537931,0.11682931561320659,0.15769200804259925,0.1632828052878857,0.1540856703447922,0.13830821713359925,0.13063959385844798,0.29727037325610867,0.29753060825600813,0.21988177375315915,0.25901111149880834,0.29253592643484866,0.31726228992774425,0.32940804898570947,0.34765653108802824,0.3805333771437354,0.4186252532969384,0.5542085525589371,0.8053761369131969]","[null,5.214420941995162e-15,5.2086186453765415e-15,5.208226521260191e-15,5.211548435945472e-15,5.226429656944378e-15,5.227692689400217e-15,5.206492666508034e-15,5.1977462945413835e-15,5.226040904396817e-15,5.216204411331265e-15,5.202317442060989e-15,5.202001611313463e-15,5.210594346659628e-15,5.213387349301336e-15,5.213215627853403e-15,5.215824359282644e-15,5.224172715542262e-15,5.2538067961211384e-15,5.3669215751994806e-15,1.9027415521120366e-15]"
5.799999999999995,sqp_rti,0,"[0.14355109596422871,-0.32557564088209195,0.12959253239610383]",0.7366523627478613,0.006648663431406021,"[-2.980232227667301e-09,0.004221487410343283,0.054647770917502225,0.11450857390260155,0.15044769333773617,0.16268093841374026,0.1553817147552657,0.1349106114018362,0.1230073305524087,0.22785774162099842,0.0808147708153591,0.08903701786986568,0.1363685858911275,0.19207961890767394,0.24018009496307685,0.26828205616852047,0.2821900390369592,0.2810195908275251,0.2847022387383021,0.5780598905506238,0.8252201889012667]","[null,3.274852077375471e-16,3.2448636352038856e-16,3.2404601304564773e-16,3.238774596219129e-16,3.2385387538756107e-16,3.239098511067405e-16,3.2406940677642706e-16,3.2478489237337997e-16,3.2371943937069545e-16,3.273991792219322e-16,3.2438447965202866e-16,3.2414875175993426e-16,3.240018364924509e-16,3.2387460109574223e-16,3.2376883324282135e-16,3.2337725815790866e-16,3.267579794975431e-16,3.2486408337204626e-16,3.242334248657985e-16,5.4927274825646737e-17]"
5.899999999999995,sqp_rti,0,"[0.12532815909504577,-0.4552247529144696,0.12623978003741254]",0.746878703213944,0.006379805505275726,"[-2.980232227667301e-09,0.022590942062614527,0.08295810074260929,0.11932038663902206,0.131278770679139,0.12730786815010547,0.1141181987584517,0.1665164139467244,0.16602415212965554,0.06401553887655248,0.07206230734125968,0.0934607883154957,0.12125872627351769,0.14966601471056046,0.1737904605416965,0.19014854102163775,0.1988296968030106,0.1994488443894838,0.21730551330866704,0.29036716711649896,0.7704536294739099]","[null,1.2013808531344785e-14,1.2016851326323914e-14,1.2011701157946065e-14,1.2009959637097249e-14,1.200888200563396e-14,1.2004128355995648e-14,1.2032875362253353e-14,1.1996327983969896e-14,1.200759948040526e-14,1.2006653572769317e-14,1.2008963228046038e-14,1.201079463057609e-14,1.2009679766740846e-14,1.1990855963638515e-14,1.2097966992528528e-14,1.1988204587730281e-14,1.2022652865710382e-14,1.2039081549183404e-14,1.2280024119455372e-14,1.8620297491416815e-15]"
5.999999999999995,sqp_rti,0,"[0.1153378792486717,-0.1721139121909972,0.11493683424207812]",0.7582645601925436,0.006482947617769241,"[-2.980232227667301e-09,0.01407736121061981,0.05802817583671854,0.08537290635438383,0.09538778016139987,0.09639082076210387,0.09582874880272457,0.16435757672155732,0.23072472555295037,0.13195216693902695,0.15407585908619198,0.17864165876980637,0.19814559462685183,0.211165656112901,0.21971783014559848,0.23053939355495318,0.28081892167088257,0.3698621262242881,0.34689108080263226,0.3345703848116493,0.4215215506852317]","[null,7.195928881739985e-15,7.193454956814051e-15,7.192623511864105e-15,7.186248155176752e-15,7.179763689652369e-15,7.179083482988655e-15,7.2798651129681e-15,7.252619649348174e-15,7.200260861475527e-15,7.177114911703565e-15,7.179805893693228e-15,7.184357949063578e-15,7.18659121433513e-15,7.186656983077894e-15,7.182213315907087e-15,7.19678708717182e-15,7.189391551842592e-15,7.182233931479077e-15,7.193521895128808e-15,2.536915215236862e-15]"
6.099999999999994,sqp_rti,0,"[0.11456031453266331,-0.3095301672296328,0.11161166064998641]",0.7694115044747458,0.00669267401099205,"[-2.980232227667301e-09,0.00790563137041983,0.03904010643167127,0.06223169539904633,0.07056947964344112,0.06647647882289648,0.05821250584442411,0.11548912641201242,0.03146765868410101,0.02977081654197883,0.05325347117048446,0.09372574627345359,0.14249621013993768,0.1890926775056208,0.22592170897450076,0.25029349012069774,0.2809136690351018,0.3069708434750467,0.3005697340123888,0.3331171508164264,0.5256123221866218]","[null,4.032033730525397e-12,4.036281619083123e-12,4.030525801680294e-12,4.028860644718099e-12,4.0286237506679e-12,4.06960012956962e-12,4.027037748733236e-12,4.045990981919096e-12,4.035238968166353e-12,4.034293315966896e-12,4.031738256911761e-12,4.029551909207174e-12,4.028346067501836e-12,4.02797581864851e-12,4.028520984491881e-12,4.027695771805178e-12,4.035787558341352e-12,4.0296016461946096e-12,4.132557984983356e-12,6.881542580938238e-13]"
6.199999999999994,sqp_rti,0,"[0.11724097302984399,-0.23986268665124283,0.11005461636281039]",0.7806370687128096,0.0073857903480529785,"[-2.980232227667301e-09,0.005367525123657846,0.02250562788577143,0.032955166787847656,0.03605874596930009,0.035066589798998404,0.09069572932881159,0.038534440665004166,0.04549106208302939,0.06855442447735954,0.09885498034349888,0.13174563869627393,0.16263168889367635,0.1876287902565757,0.20398841606808632,0.21081374205748632,0.21759440787482093,0.21251099186875494,0.20041594690286574,0.19254841433704933,0.25743020054419735]","[null,6.944246076798456e-12,6.915718451617357e-12,6.896583969105732e-12,6.894927037043559e-12,6.921338756730694e-12,6.916877512502228e-12,7.28022675659948e-12,6.947564450898509e-12,6.935885357378078e-12,6.924736619700695e-12,6.913757170911502e-12,6.906446086049779e-12,6.9026679868977505e-12,6.901442758808122e-12,6.9016288762988506e-12,6.900581073226837e-12,6.920842328335276e-12,6.93376607046936e-12,7.534010708842642e-12,2.8534118293883364e-12]"
6.299999999999994,sqp_rti,0,"[0.10976794893954206,-0.2082706666681881,0.10259641902248598]",0.7914918697169842,0.008169613778591156,"[-2.980232227667301e-09,0.0034265540894338753,0.01639706059004259,0.02479902844304932,0.027077865042701543,0.07345342693364715,0.024272058406840824,0.024897487262830975,0.03751595909327393,0.057476740147351546,0.0818754421244286,0.10753817516261571,0.13198283812920303,0.15371663327468071,0.17211628919050243,0.1868667074985993,0.19319928809163828,0.19933201404641637,0.20040330159005465,0.1948310601496644,0.20462226962241986]","[null,3.8555730048405806e-16,3.753831206301851e-16,3.7379564190614736e-16,3.8750524544219354e-16,3.7389483359403467e-16,5.043893770076672e-16,3.77980640511565e-16,3.8002923999742055e-16,3.7993866906147705e-16,3.786017981198478e-16,3.772306613505905e-16,3.7619088416982896e-16,3.754524451881415e-16,3.749501397870181e-16,3.74710368477762e-16,3.7451812270458433e-16,3.743866937477393e-16,3.733618262212536e-16,4.212969428899538e-16,5.49423632613603e-16]"
6.399999999999993,sqp_rti,0,"[0.1002837026382852,-0.2598295464847544,0.09230324586471245]",0.8012825087898996,0.009054049849510193,"[-2.980232227667301e-09,0.0008452456579579049,0.007220718377366542,0.01429106636559202,0.048617306572236896,0.025402805748641566,0.01772925599476488,0.020373524305973778,0.02640123599654115,0.03597835142592559,0.04882906862480568,0.06439896051136601,0.08199367880845793,0.10072257299306459,0.1191802536945275,0.13527840794942209,0.15627295106376132,0.16539575058019268,0.21345850661793692,0.6767040689628601,0.42615594426854103]","[null,6.408799603457252e-15,6.3702919409152775e-15,6.36147163699789e-15,6.362823740549663e-15,6.343992225731338e-15,6.354610333070033e-15,6.3531570979415864e-15,6.358359787871317e-15,6.364436501861715e-15,6.3641388297755836e-15,6.360974587264887e-15,6.357589402426356e-15,6.354198963270334e-15,6.34650588600829e-15,6.361603958424455e-15,6.3549671837316005e-15,6.381628440458584e-15,6.359786202734689e-15,6.3694035706282684e-15,1.137736642119637e-15]"
6.499999999999993,sqp_rti,0,"[0.09488745555482724,-0.3519068514882045,0.08692480567710287]",0.8105924257551019,0.010384995490312576,"[-2.980232227667301e-09,5.414676976286947e-05,0.0007931687033587154,0.0015059499791302833,0.004436148288698594,0.006899634442405322,0.027246819780549825,0.07809050947173263,0.15503294378368865,0.24378913581172484,0.330851548729396,0.4089269445283648,0.4762351378822743,0.5338728055037663,0.48887850259879145,0.44285918148848397,0.3974159895417529,0.3888908405662164,0.42412526922644106,0.5326925332390615,1.121386670555222]","[null,1.8492539614073016e-14,1.83966107911774e-14,1.8364873162197662e-14,1.8323097767458953e-14,1.9688339197870743e-14,1.836304027640514e-14,1.835238744740414e-14,1.8330462699449733e-14,1.8353126788211412e-14,1.8334866401384398e-14,1.828910792484728e-14,1.8464968008915384e-14,1.8451131105622484e-14,1.845113110560956e-14,1.8451131105616022e-14,1.8451131105599866e-14,1.845113110561279e-14,1.8451131105611175e-14,1.8451131105614406e-14,3.9690235002806295e-15]"
6.5999999999999925,sqp_rti,0,"[0.10583192844382129,-0.10428780032685264,0.09067076489000767]",0.8202351562443256,0.012461651116609573,"[-2.980232227667301e-09,7.089116774716686e-07,3.184564494529418e-05,0.0003411475640729966,0.0030465890990308275,0.014546872960386648,0.045008795436175586,0.08992150254511061,0.14014604167917427,0.18845242593824169,0.23129423278901556,0.2678522065936704,0.2988221992933305,0.3217331852362236,0.344910268626262,0.3765716974094751,0.4992419042796186,0.9853223377124578,1.1167774237943149,1.0471381258711616,0.675149868416679]","[null,2.690190698650367e-14,2.6911453872686318e-14,2.6818009510953922e-14,2.6916739506382904e-14,2.6839922775781885e-14,2.6809677528920322e-14,2.6793549517573726e-14,2.678489151472717e-14,2.677774408153072e-14,2.6768315203717917e-14,2.6747219133293475e-14,2.6756173667022265e-14,2.6851882309710965e-14,2.6732419332504597e-14,2.6774238686390174e-14,2.6783073612962477e-14,2.686602595880572e-14,2.6866025958804105e-14,2.6866025958807336e-14,4.449927919421692e-15]"
6.699999999999992,sqp_rti,0,"[0.10622412631142608,-0.1425417690130494,0.09744596567828188]",0.829714595948492,0.0131739042699337,"[-2.980232227667301e-09,2.140177838699797e-06,0.0006773340624237068,0.0012403269023787966,0.002261995125834415,0.004494699024821636,0.012331575155720753,0.031240930502040964,0.06411190486075108,0.11024796900340023,0.1676817017917685,0.23549138361115213,0.3149123816678426,0.4068934853377016,0.44339493112950096,0.46225619038091,0.48141193947202937,0.6286615900599324,1.0852020598385443,1.0208526115507197,1.4112146045586698]","[null,1.4638652442201336e-15,1.4608312812511613e-15,1.461833786648326e-15,1.4618821600585678e-15,1.4624416485583297e-15,1.4632899027957532e-15,1.461632551632821e-15,1.459602899466509e-15,1.4592661901507123e-15,1.4595140502236058e-15,1.460114996326722e-15,1.4603692603000455e-15,1.461132036665446e-15,1.4619667605760011e-15,1.4614055734201587e-15,1.4575853243284862e-15,1.4663681561104895e-15,1.4648647533124433e-15,1.4648647533124433e-15,5.452204565474656e-16]"
6.799999999999992,sqp_rti,0,"[0.10519440277238647,-0.23291491513306084,0.09111860706667127]",0.8396851111665126,0.014400871470570564,"[-2.980232227667301e-09,2.859833205831608e-06,0.00011950154657525136,0.0007997554209617785,0.004386192691876067,0.01500063279143965,0.03400716535980913,0.05884933940188547,0.08531433061647392,0.10962412757572687,0.12925160173594535,0.14284406286963575,0.15002222972239637,0.14923187749455807,0.1253081499287319,0.14875500741696862,0.21415317959486374,0.2428583992534133,0.9872475383352224,0.5356516958777184,0.6324029861753189]","[null,1.2315600520462987e-17,1.2313768421933959e-17,1.231214115440801e-17,1.2310286765623296e-17,1.2307643160403217e-17,1.230812880266449e-17,1.2307610026326688e-17,1.2306693874118981e-17,1.2305886909348234e-17,1.2305305146114842e-17,1.2305277882476113e-17,1.2306364714497296e-17,1.2343509035842249e-17,1.2305810647375114e-17,1.2307125706928354e-17,1.230672847161453e-17,1.2331559577746088e-17,1.2309800840735248e-17,1.2309800840735248e-17,1.3600235572117448e-18]"
6.8999999999999915,sqp_rti,0,"[0.11485394055011551,-0.022443500069041694,0.09953357954066513]",0.8510350082368858,0.01659264788031578,"[-2.980232227667301e-09,2.0252051097235935e-07,7.077691961041022e-05,0.001923745585044212,0.011539108166183365,0.033178781809425406,0.0651171225869927,0.10271956148972522,0.141865378666936,0.18035112229395694,0.21794124146300647,0.25635816440398856,0.2997224373905681,0.34736653621879726,0.3446804797420214,0.333438619687297,0.326817948694967,0.38232322353212284,1.108796816718354,1.674272767284944,0.48774080056876984]","[null,1.8300247824767602e-17,1.822714692629659e-17,1.8155137112980867e-17,1.8235193989509564e-17,1.827603799357715e-17,1.8281818887257697e-17,1.8270158327140154e-17,1.8261472978974013e-17,1.827016803924221e-17,1.830523899007361e-17,1.8349546135419408e-17,1.8297520922500228e-17,1.8055207633806406e-17,1.81437854907867e-17,1.8208008603459342e-17,1.8197767707416172e-17,1.8322135248342367e-17,1.8306992063167726e-17,1.857804757644097e-17,1.2516630567210978e-17]"
6.999999999999991,sqp_rti,0,"[0.08036993680183796,-0.5983472477878121,0.0754969513153958]",0.8598308460976725,0.01701751910150051,"[-2.980232227667301e-09,3.5795413613759486e-06,0.0006313393865948203,0.004673846809075732,0.014671735862853919,0.03038190816871983,0.04892902033242558,0.06666829458151541,0.08075963996626251,0.08939779345195192,0.09118933387671008,0.12170821107463575,0.5763606956451965,0.25455651201995694,0.24060386362298553,0.6380330354787886,0.7348539943988779,0.46024625772993916,0.4721139613990715,0.5223212266579942,0.5995636492112737]","[null,2.24124523830942e-12,2.239074123193647e-12,2.235610762061525e-12,2.236683970624883e-12,2.2366079921722446e-12,2.235795080052755e-12,2.2353130455781847e-12,2.2349926821186096e-12,2.2348714218717533e-12,2.2389614661155386e-12,2.235196090934662e-12,2.237436494369829e-12,2.237436494369795e-12,2.2374364943692226e-12,2.2374364943692057e-12,2.237436494369426e-12,2.2374364943693277e-12,2.237436494369545e-12,2.237436494369552e-12,3.0851702077397583e-13]"
7.099999999999991,sqp_rti,0,"[0.1029360661201204,-0.4265953890210592,0.08542099007097896]",0.8691415694138543,0.016863610595464706,"[-2.980232227667301e-09,-3.8376560262953774e-10,0.00015016951637875087,0.011271803326778074,0.07215288348436816,0.18067262652637767,0.2955023922335201,0.3903369054589348,0.4594237454075028,0.5060670152953548,0.5343656838257373,0.5319763638192085,0.5212020007995946,0.524847387166578,0.6537392854487105,1.8019249437358809,1.0062050186613323,1.489960787778881,0.373188854643918,0.38289431334964946,0.5216212055979319]","[null,7.84416054128856e-13,7.834703203623476e-13,7.763244548864772e-13,7.764518896120622e-13,7.768441552078307e-13,7.770923307648446e-13,7.763247594364829e-13,7.757403591676834e-13,7.844160240865003e-13,7.844160240862341e-13,7.844160240864842e-13,7.844160240857616e-13,7.775223212995165e-13,7.78702426076965e-13,7.73794870786342e-13,7.938443389522156e-13,7.758607992640245e-13,8.322806603751101e-13,8.409211499721791e-13,2.525182756313001e-13]"
7.19999999999999,sqp_rti,0,"[0.11911482803667399,-0.3550784015832557,0.09683063956117645]",0.8772547050202343,0.015221629291772842,"[-2.980232227667301e-09,4.8688782184336254e-05,0.007427739675759437,0.03938215748418089,0.08761253059223223,0.13659757845863824,0.1780462447068814,0.20972635540369283,0.23262720725628655,0.25098628447253263,0.2637226189215596,0.2824046261461078,0.30291639370979057,0.38297154279984086,0.3829258393168978,0.32553361679950116,0.5854883374180246,0.2853831852582703,0.23866616036481042,0.2765943624012664,0.31079721082488093]","[null,1.1281308508235056e-17,1.1276775617750118e-17,1.127507483959594e-17,1.1274090459931878e-17,1.1273596706514424e-17,1.1273596084412403e-17,1.1273862200996847e-17,1.1274333871963509e-17,1.127456813563202e-17,1.1273637671442765e-17,1.1270513597475312e-17,1.1305256221419221e-17,1.1302012186673953e-17,1.1295788808012215e-17,1.1257803545190322e-17,1.1280436967840723e-17,1.1297857408807677e-17,1.1281930971541473e-17,1.1303217576739421e-17,1.2025486397320705e-18]"
7.29999999999999,sqp_rti,0,"[0.07629303145006187,-0.6541765275580849,0.0711255997366262]",0.8896308409982916,0.01419413834810257,"[-2.980232227667301e-09,0.0016140165946956775,0.022654263462318636,0.05398623781805406,0.08024473775292479,0.09777679687694346,0.10883019128333588,0.11920712498988878,0.13613058224850222,0.15729569771896906,0.17314061767956163,0.1975593932381699,0.2102962107701643,0.24271137744208532,0.23165092035009566,0.2624093889124602,0.35498814288128316,0.2592974706711793,0.2418866182320521,0.2920599444538599,0.28153494626487535]","[null,3.0056663425070115e-15,3.0250239387854292e-15,3.0179162969561414e-15,3.0136282159033108e-15,3.0129362552897584e-15,3.0140355424173163e-15,3.015632607552649e-15,3.0160696370138556e-15,3.014395985164917e-15,3.0171518973422907e-15,3.014840360229474e-15,3.0069169922960705e-15,3.023555811794461e-15,3.0352706175218424e-15,3.0213808985854746e-15,2.9977531717912433e-15,3.012395569547308e-15,3.029541239256705e-15,3.098229470255325e-15,1.1260526263800401e-15]"
7.39999999999999,sqp_rti,0,"[0.0843646853521511,-0.5216999841643093,0.07446593463094094]",0.8977793756221274,0.012605451047420502,"[-2.980232227667301e-09,8.495084184045876e-06,0.006251972276242246,0.04490977812055591,0.09694602061269536,0.13531322638092008,0.15686242906720765,0.1683737855441308,0.1770829482024226,0.2023764259231598,0.5060608073278956,0.5679478292134703,0.692522108624513,0.8585844419037556,0.8025240965535942,0.4567811976253438,0.23931936405431103,0.1464237138495122,0.14593852984605676,0.17821821535480425,0.23389739777806967]","[null,4.490764021277689e-15,4.483767802549984e-15,4.478387022271465e-15,4.478758384345888e-15,4.4771865186469256e-15,4.453868807153574e-15,4.501888952289756e-15,4.479832268766225e-15,4.481910824614423e-15,4.476082824454545e-15,4.482204424053282e-15,4.4822044240510604e-15,4.482204424057119e-15,4.482204424049344e-15,4.482204424044699e-15,4.4822044240544935e-15,4.482204424052373e-15,4.482204424053686e-15,4.482204424051161e-15,6.359693701140717e-16]"
7.499999999999989,sqp_rti,0,"[0.08662590331644474,-0.40791189886208806,0.07719206653385739]",0.9063473776372017,0.011601388454437256,"[-2.980232227667301e-09,0.0022242757740492114,0.033812876548243775,0.08359349489457274,0.12923464543050117,0.16471880030511415,0.1906472203970651,0.20958332433165056,0.22413020687671975,0.2412049765381255,0.3248907200165572,1.6139512147903303,0.8533898386032674,0.9549607724178244,0.9892874811285111,0.5162087666812141,0.515791720026965,0.545838739320893,0.6680034428488912,0.9121962460341944,1.1186842325206185]","[null,3.157595587490938e-15,3.1750512594585795e-15,3.158630779073189e-15,3.1554189252217737e-15,3.1539789232793905e-15,3.1538830189428658e-15,3.1587430384506346e-15,3.1662984354775974e-15,3.1465386348512716e-15,3.1628049378046434e-15,3.15245586614553e-15,3.1648542883680718e-15,3.1669546972319785e-15,3.1567468366178895e-15,3.175710533250403e-15,3.1757105330534025e-15,3.175710533051282e-15,3.163575545105463e-15,3.15708034467575e-15,1.1194601244817162e-15]"
7.599999999999989,sqp_rti,0,"[0.04412400295557896,-0.8142331406242167,0.05052173533446303]",0.9121042200064217,0.011062178760766983,"[-2.980232227667301e-09,0.0062191513889738315,0.04572708058794889,0.08890877386340251,0.12065037122711147,0.14002495031097767,0.15040358517708868,0.1510855066759163,0.167447122115221,0.20933386078271338,0.6307716507218089,0.21778331582716942,0.28562493561131747,0.4766754641303848,0.2770479023123585,0.28368216467338386,0.31724265003605084,0.3367090711110777,0.33681366014796127,0.3950123059204767,0.6389518960418179]","[null,5.76185563259245e-14,5.743339773318124e-14,5.734056896437616e-14,5.732005951128693e-14,5.728426636327735e-14,5.724340520266789e-14,5.726031205521016e-14,5.742699284746201e-14,5.735772320732894e-14,5.716117554241349e-14,5.735828037409872e-14,5.721376387332698e-14,5.776032564490849e-14,5.748645293224517e-14,5.756242144937669e-14,5.759580421118152e-14,5.764366494057806e-14,5.717582358679108e-14,5.908329117513728e-14,1.633547157847238e-14]"
7.699999999999989,sqp_rti,0,"[0.06070944620134322,-0.38505686222183483,0.06341739389380116]",0.9176390737671611,0.010066874325275421,"[-2.980232227667301e-09,-2.980232227667301e-09,-2.980232227667301e-09,-2.980232227667301e-09,-2.980232227667301e-09,0.0717267824451227,0.18127647032133326,0.2614196521347026,0.30966516541980554,0.3125415007295132,0.3893684648194167,0.3162938032397243,0.24950418862436125,0.1878456579235646,0.23570083234018996,0.08565722303665951,0.17595368435615893,0.24321962908710254,0.32195604358659297,0.2399906374919903,0.35489097303500944]","[null,2.391437064595405e-17,2.3914370646004536e-17,2.3914370646004536e-17,2.3914370646004536e-17,2.3899876172984374e-17,2.389618094998905e-17,2.3900664190149214e-17,2.3901706428582866e-17,2.3881478512181152e-17,2.3933817228370025e-17,2.3923417167610675e-17,2.3897985824966104e-17,2.390700184352985e-17,2.3907666384045862e-17,2.4085699412812123e-17,2.3908063332340534e-17,2.3915947845475463e-17,2.399570316898006e-17,2.411871272990791e-17,3.3684668709116036e-18]"
7.799999999999988,sqp_rti,0,"[0.061997049768314855,-0.38251560938305823,0.05938819024995197]",0.9237950173800851,0.009702306240797043,"[-2.980232227667301e-09,0.0014575982643215135,0.023934954443135592,0.06180980721581336,0.0993898462255956,0.07547466198791569,0.11736161631564174,0.1419309068738926,0.117993334791543,0.05820898565195237,0.0768536469460484,0.4200336452630296,0.3285487850863696,0.6976968181801808,0.31249141895677895,0.3910666839759898,0.409122523512427,0.3885626172327619,0.3660538385301642,0.34993993812212026,0.4222576772976481]","[null,2.386344999480416e-12,2.3849248376374443e-12,2.3830590780454133e-12,2.383376381654763e-12,2.381820780963447e-12,2.382412713632217e-12,2.3833504000803946e-12,2.3829945948283004e-12,2.378240628360877e-12,2.3900351444993202e-12,2.385597968274056e-12,2.3786740145568006e-12,2.3886796794383346e-12,2.3872857182231152e-12,2.384565037298025e-12,2.3851067245748876e-12,2.385894080187902e-12,2.4105514957121826e-12,2.4142860684809847e-12,5.270304924099271e-13]"
7.899999999999988,sqp_rti,0,"[0.049543434926660426,-0.7510357808268435,0.07325658049804443]",0.9300299101563752,0.009496927261352539,"[-2.980232227667301e-09,0.003919167096859522,0.020738019958119136,0.03346597371060939,0.03186634759960044,0.03863660922056128,0.008408430822911594,-1.0086448787305358e-08,0.0019188926582052734,0.06835046421663976,0.3722315360036504,0.23641533234799256,0.22131543685959515,0.24888689426466543,0.2202025820097589,0.2597375796620021,0.370091953175195,0.4633916933495044,0.6357105468016842,0.9516887719238383,0.5191115223160601]","[null,3.024859178790779e-15,3.0094533091664235e-15,2.9993025935443213e-15,2.9967687061342244e-15,3.0075494857131806e-15,3.0083691380705643e-15,3.0054597959900068e-15,3.0143003084487666e-15,3.0026762351763593e-15,3.001363442591964e-15,2.9980607789396434e-15,3.019130222168539e-15,2.99453932971217e-15,2.9985916011807427e-15,3.0249551573751445e-15,3.0042719156316424e-15,2.9984836843230918e-15,3.0016372043968536e-15,3.0054118286215434e-15,5.267939948351274e-16]"
7.999999999999988,sqp_rti,0,"[0.08969668555906438,-0.5095603526726207,0.075191236158217]",0.9378653694824489,0.00923389196395874,"[-2.980232227667301e-09,0.0006622871156278243,0.031762211916402106,0.07000625318258785,0.07787634138313565,null,0.0009902679433422823,0.6806163915725392,0.1409198205033107,0.0048803544864942094,0.04872134242254661,0.07223893340763682,0.16812238732151635,0.11647368018532661,0.17706634856992026,0.21689306246653645,0.24888016278823671,0.2813498553104104,0.2995838049269944,0.6923582695549271,1.1878057504237052]","[null,2.9648261589983213e-12,2.9581424895998646e-12,2.9582117040003177e-12,2.958860935642451e-12,2.973826749527174e-12,2.964904464223068e-12,2.9544495169354102e-12,2.9566171279875138e-12,2.959021324823692e-12,2.9553436067993817e-12,2.9561038704447807e-12,2.962191508301064e-12,2.958259822159781e-12,2.9632440828272613e-12,2.9560034082720516e-12,2.9586010819382687e-12,2.95835749625377e-12,2.961231919033447e-12,2.9548144659975044e-12,3.048102123699795e-13]"
8.099999999999987,sqp_rti,0,"[0.04469078632277525,-0.7856346238865553,0.07963963487081732]",0.9471993251930952,0.009338028728961945,"[-2.980232227667301e-09,0.024071949322409136,0.053025329050115755,0.04693613668896007,0.007994567145988729,null,null,null,0.028912447533646468,0.04410980420589966,0.034420222419080215,0.06496518613076391,0.07749182691216278,0.12056367668595841,0.13203883979198566,0.1540377504301958,0.18882088987250328,0.19210042078588413,0.2218388558086664,0.5560564887784831,0.6873271035232544]","[null,2.2652658191218927e-12,2.2513831795407376e-12,2.246899151434132e-12,2.246596514960514e-12,2.2730691971495587e-12,2.2730691971490607e-12,2.2730691971496734e-12,2.233390787070492e-12,2.243658547214699e-12,2.2452278265291266e-12,2.248571769070966e-12,2.2657465997266574e-12,2.2422072742319887e-12,2.230234862070664e-12,2.254571505259333e-12,2.255853790580625e-12,2.2539469810058543e-12,2.252083209731097e-12,2.2547253345702395e-12,2.6790690122324265e-13]"
8.199999999999987,sqp_rti,0,"[0.11209876142763303,-0.4816994546704707,0.09441396324511413]",0.9531303910721637,0.009572923183441162,"[-2.980232227667301e-09,-2.980232227667301e-09,0.009661389927529573,0.035311254485905164,0.6214835087046253,null,0.00048336565445789015,0.009802106853768866,0.004970455068537383,0.03296001366832063,0.046485694370123565,0.054312937017272855,0.07875886098031232,0.10260341366184705,0.13159220755492457,0.15791977212309832,0.18445718284435114,0.20054719595559095,0.2444200751308923,0.39007987206065736,0.7054881003938049]","[null,6.990793220790127e-14,6.923509634227985e-14,6.919555283649562e-14,6.913860795582378e-14,6.990793221248913e-14,6.978378797506612e-14,6.951675902075883e-14,6.953254241899174e-14,6.933594338768486e-14,6.929942776757002e-14,6.906995481796942e-14,6.919082978848324e-14,6.92323024103399e-14,6.911396643114048e-14,6.913449629870149e-14,6.912926696375225e-14,6.921014802155558e-14,6.924310336402237e-14,6.925318876405209e-14,7.588270353601478e-15]"
8.299999999999986,sqp_rti,0,"[0.055904030726230784,-0.50542178119267,0.09218204939689184]",0.9641169572213591,0.010090246796607971,"[-2.980232227667301e-09,0.018809999614710915,0.03606479937352064,0.014335651606024069,1.212754236229463e-06,0.032640404099400666,0.10939271040655713,0.1991369037800837,0.47141836037561974,0.14681885793221455,0.17022070352570468,0.18706253621985242,0.16915089840663172,0.15461681742404637,0.16080570820900847,0.1590592315974469,0.1628589456995549,0.29421987795550103,0.5262893851292627,0.4444836187616222,0.3520214717368642]","[null,1.0836054454174661e-14,1.0823842517158126e-14,1.08561890180982e-14,1.0871227128283041e-14,1.0825870566066658e-14,1.0809401632776666e-14,1.0850623247249172e-14,1.082478654163501e-14,1.0842252377101873e-14,1.0854878605529724e-14,1.0789890922692563e-14,1.0799221312636706e-14,1.0828423832937583e-14,1.083467382846965e-14,1.0822711744540247e-14,1.0869973315150948e-14,1.0876656559307326e-14,1.082781478544128e-14,1.0875014882883585e-14,1.3463338942484175e-15]"
8.399999999999986,sqp_rti,0,"[0.09969265610583784,-0.4125322184079494,0.10149002164714753]",0.970632852155049,0.010778050869703293,"[-2.980232227667301e-09,-2.980232227667301e-09,0.0006171923714187177,0.516081483962705,0.1751687031545231,0.025940741791564303,0.06378210385454325,0.1689409187840985,0.14251800086982486,0.16833533925902772,0.1750488122673744,0.17558978092651928,0.21637203103515185,0.2545443736653848,0.25830814277125463,0.23926867390208423,0.2530732698977996,0.27758205843070166,0.8579352834894116,0.48289897666841314,0.4763461709024524]","[null,2.152962249273286e-17,2.1505189210417984e-17,2.143885644199042e-17,2.1424946883633548e-17,2.1510236186926217e-17,2.14840045367775e-17,2.1472643328383477e-17,2.1429752785536567e-17,2.1472859439264465e-17,2.1499759651579956e-17,2.145725430399735e-17,2.1444325872319845e-17,2.144158607053584e-17,2.145458016055799e-17,2.1464551638173136e-17,2.1425545637832744e-17,2.1555693917305255e-17,2.1439759652423796e-17,2.1501370903159558e-17,3.8450008848325065e-18]"
8.499999999999986,sqp_rti,0,"[0.05454727366580564,-0.3489903097830813,0.09895277943463547]",0.9803042769244137,0.011088044382631779,"[-2.980232227667301e-09,0.002192907224422058,0.3281592370886955,0.06498963223305482,0.027073679354347402,0.04647543929594883,0.08074451530583532,0.09823619174299553,0.13109262388486514,0.18352391709752852,0.19720067178772355,0.20625285056126758,0.20634729156282533,0.19931983343015142,0.1992120260290811,0.2752575742181101,0.5911493613252332,0.6406485965822373,0.42751021594361377,0.4524039695076761,0.5162537718383147]","[null,4.9246327411251154e-14,4.9161720684601105e-14,4.922824368014989e-14,4.9253099461685195e-14,4.924829833891841e-14,4.9203010636104966e-14,4.918145800544592e-14,4.932750928105542e-14,4.910206055734421e-14,4.913814520673416e-14,4.91455848741971e-14,4.9169739241377146e-14,4.919772447944342e-14,4.921993500029157e-14,4.9218127620290437e-14,4.9209554101073205e-14,4.917663167132707e-14,4.9312191503050386e-14,4.9396935145785067e-14,5.558751064466592e-15]"
8.599999999999985,sqp_rti,0,"[0.12467009971767262,-0.4243588065305144,0.11173332346641988]",0.9911112441618145,0.008050572127103806,"[-2.980232227667301e-09,-2.4108387508547935e-10,0.012009967237575137,0.042887529087722254,0.07657252505631434,0.11238077377783001,0.15014425875028153,0.15616712982183573,0.17911614260152647,0.18017053329820315,0.20360714382398443,0.2635449045796328,0.31501500014363276,0.3452886840277854,0.4403916320323205,0.4748739123402748,0.9675216957925741,0.4646012034938963,0.47177816080950735,0.5328132020225851,0.5891745331262086]","[null,2.1242930328639563e-16,2.1142777595148219e-16,2.116026141075546e-16,2.118371699331129e-16,2.1283410033788254e-16,2.11486678210034e-16,2.115967451159897e-16,2.124500880788134e-16,2.1183886449990884e-16,2.116981237974914e-16,2.116277196155568e-16,2.1161977206336679e-16,2.1137774016135786e-16,2.116626388251308e-16,2.1200050938527008e-16,2.114320688949092e-16,2.1357745507140796e-16,2.1261184358136203e-16,2.1224400465362907e-16,3.636795604015788e-17]"
8.699999999999985,sqp_rti,0,"[0.10380053494930411,-0.17963833059312306,0.12721720168840636]",1.0008222847114612,0.009343765676021576,"[-2.980232227667301e-09,0.006176585901821963,0.01865482814935665,0.03469541618599231,0.08267075335836688,0.10226844565540533,0.11783647509438994,0.15360714380186807,0.17091702353492338,0.18434558029764575,0.18252313135682813,0.17847738531952367,0.19564888515634565,0.2485245147872462,0.5833993759776603,0.9357498192261626,0.5740703576598516,0.5247810290770143,0.5775160184675439,0.6313018338334178,0.6966587049443163]","[null,1.0746562306908638e-15,1.0742642226347965e-15,1.0737371674871338e-15,1.0752922540881113e-15,1.0734937204783252e-15,1.0743978077996814e-15,1.075379762879335e-15,1.0736005179036659e-15,1.0733841529192714e-15,1.0735478743168258e-15,1.074247958295651e-15,1.0748393986366165e-15,1.0744208928174006e-15,1.074725113903295e-15,1.0731608689446896e-15,1.0754710436108892e-15,1.0741157087132868e-15,1.079088667602016e-15,1.0657047986626022e-15,1.155796733884442e-16]"
8.799999999999985,sqp_rti,0,"[0.12825165769388766,0.0679124490830757,0.13612150788199673]",1.0118588490175535,0.010315831750631332,"[-2.980232227667301e-09,0.000811853374631466,0.01650876631173831,0.08990281133495232,0.10013886220135221,0.13102712580814285,0.15975231238061555,0.15791295022787893,0.15277048454290637,0.19149873441608706,0.24178936650365995,0.28247118164869295,0.4028074268769551,0.5571461399296858,0.6428094815245629,0.36479399863981216,0.41901621379682014,0.49480390047336603,0.5646965328986056,0.6353352013144338,0.9291251805693086]","[null,2.3967553268577493e-15,2.3806636537587617e-15,2.4022121179454406e-15,2.3888149152298166e-15,2.379778921003463e-15,2.39142675213787e-15,2.390162213639688e-15,2.398531062512936e-15,2.3867261179166554e-15,2.3816778909812965e-15,2.3891183238616863e-15,2.3816097539244573e-15,2.400776775661161e-15,2.3946963756271483e-15,2.430067495413991e-15,2.3854376373064352e-15,2.392037538187203e-15,2.385817178932673e-15,2.4249020481750334e-15,7.638336229660466e-16]"
8.899999999999984,sqp_rti,0,"[0.13283070728994287,0.5103063107281666,0.13068018559911937]",1.025537247584013,0.010037519037723541,"[-2.980232227667301e-09,0.0016872956669938266,0.028694015319683797,0.06175749464985075,0.10000811063051601,0.14938793732647754,0.18485580878876534,0.19979818993116966,0.20440532421801266,0.2118354954539335,0.2716764741682461,0.3690497597598757,0.4755159600121857,1.6243339595941009,0.7258382092191311,0.6408904228594461,0.6586064417734268,0.7052879798145255,0.7697262594435539,0.8500427628352554,0.9944167096639791]","[null,8.972300613858091e-15,8.98217676214289e-15,8.938237103968812e-15,8.942804258658445e-15,8.962936827488542e-15,8.955369548503616e-15,8.939732445975377e-15,8.938567092821511e-15,8.949105729247109e-15,8.98056476316591e-15,8.983100983228767e-15,8.947399785632328e-15,8.930591413722577e-15,8.97641486604404e-15,8.97641486623346e-15,8.976414866198751e-15,8.976414866059501e-15,8.976414865927086e-15,8.976414866409623e-15,1.2338751789689536e-15]"
8.999999999999984,sqp_rti,0,"[0.21382739655930783,0.6239510971636191,0.14112955499349558]",1.0436638342723887,0.008543521165847778,"[-2.980232227667301e-09,0.00042863192266023864,0.014163124050297793,0.06000462845736082,0.13906783112092286,0.17632717071083165,0.17343755467069571,0.16992573071983658,0.16998890801952343,0.17031732927432658,0.18413056461395955,0.32622424952276746,0.4140964928786815,0.380498639296685,0.40839478428777937,0.4933350671797661,0.5502962263417819,0.5862336506302415,0.6813083275763878,0.8136307585033655,1.1391502276539966]","[null,8.186870829128244e-17,8.17176203651303e-17,8.144099811187307e-17,8.14987864503449e-17,8.135994499130696e-17,8.136332071110486e-17,8.133402584259194e-17,8.144433751609159e-17,8.150448596753891e-17,8.158312737845928e-17,8.13965961736372e-17,8.170476247749228e-17,8.241220955361604e-17,8.097754755084291e-17,8.106768344641179e-17,8.06831079356155e-17,8.115737226670149e-17,8.149568559738645e-17,8.17117447745104e-17,1.486853087961901e-17]"
9.099999999999984,sqp_rti,0,"[0.12599527867112814,1.0618781564835205,0.11547421073398191]",1.0597535071480815,0.007861040532588959,"[-2.980232227667301e-09,0.00434568879240943,0.04749570483630522,0.0739668357673196,0.07341667057524931,0.07047064050993584,0.06982287239258406,0.065403348532805,0.05948125497340656,0.05605996831763599,0.07469384173703625,0.10827813413076798,0.242052355089794,0.333774259643193,0.23533916490177803,0.2419167035824515,0.26887122195622554,0.28440597830258946,0.32063597131881655,0.38091955381697745,1.0897184365438448]","[null,1.1142411384372156e-15,1.1067629213092032e-15,1.1062152347124793e-15,1.105733769479037e-15,1.1060344911577373e-15,1.1064132321143428e-15,1.106336249889313e-15,1.1067829483237097e-15,1.1086051022316242e-15,1.1090974607271746e-15,1.1079939748815969e-15,1.1072126231496846e-15,1.1071698482647058e-15,1.1101647447106322e-15,1.1056833546902392e-15,1.1052557661591752e-15,1.105648909960338e-15,1.106599963769502e-15,1.114849225334797e-15,1.1428420177131615e-16]"
9.199999999999983,sqp_rti,0,"[0.1106121575784231,1.0982570435984196,0.1074389845292457]",1.0680145714736629,0.0075639039278030396,"[-2.980232227667301e-09,0.003950770563112382,0.07874168630656869,0.15333921379713616,0.20236058247226013,0.24227322117184685,0.3062553785479903,0.3913994131584298,0.6047811973290755,0.60161629061003,0.6992119697494139,0.57604100987582,0.2860109116274632,0.32569134344251155,0.40483027369170516,0.49367914326219414,0.5851352813002915,0.6718600308393803,0.8655710058552024,1.0865909569357413,0.5153281858668997]","[null,6.380566005024061e-11,6.388316153206031e-11,6.41698094322251e-11,6.432180083191812e-11,6.393424859160684e-11,6.38016694370733e-11,6.373052543514503e-11,6.38296025701304e-11,6.440022130345583e-11,6.393082212654024e-11,6.436300431826317e-11,6.417031126322812e-11,6.397076114187116e-11,6.386936289850877e-11,6.376683035171312e-11,6.359829708431069e-11,6.353275561772215e-11,6.382048679983255e-11,6.395993608019868e-11,3.03153243101491e-11]"
9.299999999999983,sqp_rti,0,"[0.09945843879274499,0.961831416870443,0.0950553777717641]",1.0786735943533243,0.00784611701965332,"[-2.980232227667301e-09,0.019411545910575978,0.0775915507207266,0.12350876087040491,0.15602778449886828,0.148761025070894,0.1500387941844366,0.1983054880062845,0.3169983511501869,0.5037689523239102,0.7555985362471105,1.2094239382579246,0.48433562650538314,0.4209419958059278,0.41394352939998075,0.42337660759149004,0.4395135166879703,0.4599442701908945,0.48559899310705373,0.518244654571,0.501097132280578]","[null,7.443206283624546e-13,7.448160118634148e-13,7.45468781076517e-13,7.449196517541433e-13,7.450873617809196e-13,7.455054632890563e-13,7.44666174960869e-13,7.440244749784671e-13,7.449247355453774e-13,7.462844220868578e-13,7.462844220868448e-13,7.462844220869095e-13,7.462844220868836e-13,7.462844220868965e-13,7.462844220868578e-13,7.462844220868578e-13,7.462844220868707e-13,7.462844220869741e-13,7.462844220869095e-13,8.868993069539262e-14]"
9.399999999999983,sqp_rti,0,"[0.12188669413147618,0.4318365668671139,0.10736635817873504]",1.0889588998509536,0.008525297045707703,"[-2.980232227667301e-09,0.013319280030579972,0.049782406573435634,0.07707634410084979,0.09005358671073865,0.09611176753837897,0.10782043315109818,0.13492275560058503,0.2043756626843461,0.5394026370799281,0.9906456864391131,0.5549737445201479,0.513163813357427,0.556407306046953,0.590550864730617,0.6210224058895581,0.654133821454274,0.7035074949404823,0.7828453449625161,1.1117563730892044,1.4076761716237438]","[null,2.0317848898808973e-14,2.0334455750111615e-14,2.03524631645942e-14,2.0336987913178907e-14,2.0332580908473615e-14,2.033111297989038e-14,2.033316537435608e-14,2.032346764359609e-14,2.031680583182994e-14,2.031703817494057e-14,2.0314137977140948e-14,2.0304266268435206e-14,2.0301921166069686e-14,2.036625933158615e-14,2.0275448191089073e-14,2.035572688442536e-14,2.0304406399822425e-14,2.0304035737448693e-14,2.032416471009456e-14,2.2641049698738128e-15]"
9.499999999999982,sqp_rti,0,"[0.10870405463329678,0.7022333431842268,0.09530766278850222]",1.0996944825719028,0.009195700287818909,"[-2.980232227667301e-09,0.03171651098304623,0.07730147859481634,0.10507190237925174,0.1267154985846169,0.14176415532798076,0.16740763505476935,0.2396609703491535,0.2683859020806157,0.2018440811483309,0.15105343182229253,0.20316450792187873,0.29317153051613404,0.40486396343959524,0.5228485671823424,0.6097805721829246,0.6753667464750535,0.7263740398398191,0.5100459625968561,0.5369144369669356,1.1332152068429877]","[null,1.8892185683551142e-14,1.872416049053931e-14,1.871004507592029e-14,1.8719540371920075e-14,1.869462292265508e-14,1.9154235465227374e-14,1.867769229360248e-14,1.8796876679488547e-14,1.8779135928235216e-14,1.8925132166153033e-14,1.8965361595212254e-14,1.8862530694820273e-14,1.869999645110468e-14,1.866908707485162e-14,1.867383614460535e-14,1.8914231578240642e-14,1.8799308935628948e-14,1.8964424162673785e-14,2.0020660639748076e-14,2.3251290790826706e-14]"
9.599999999999982,sqp_rti,0,"[0.09296070345110265,0.5810221568364767,0.07726921246017275]",1.1084365992541856,0.010832369327545166,"[-2.980232227667301e-09,0.01331226446538275,0.03599551361939818,0.04870635898682424,0.055343806928170036,0.059378673157161554,0.0773690750817238,0.17341461007595954,0.19883812671528284,0.13716763930877846,0.13112097627217772,0.15941515899145547,0.19144253058644783,0.22488202837300425,0.2595558836710266,0.27290085321349516,0.2844050243999579,0.3258816008983921,0.49201977991367124,0.7264010155281369,0.651990996159111]","[null,2.876668541800603e-17,2.863949244978989e-17,2.862901352980862e-17,2.863040321008147e-17,2.8649836504836005e-17,2.8715349370896297e-17,2.8644959494932104e-17,2.8668345482574647e-17,2.8854246674961233e-17,2.8659700254993776e-17,2.864517492934909e-17,2.864270202111441e-17,2.863161559895244e-17,2.845559317399731e-17,2.897475879103525e-17,2.8729058261230014e-17,2.883807282246252e-17,2.862710111914628e-17,2.8708304484099894e-17,5.029019052306866e-18]"
9.699999999999982,sqp_rti,0,"[0.09114647955839075,0.5047491884628119,0.07890674651719723]",1.1174385712299357,0.012518562376499176,"[-2.980232227667301e-09,0.0019910436295594303,0.008645969123907637,0.011380554115259234,0.01450661365888345,0.014981145012670283,0.019048717674202298,0.04210663897065797,0.17403407243887586,0.460941164990097,0.5525162653066793,0.3824057246114812,0.4525962102021939,0.5269193807493593,0.4098223990964989,0.31937908869614234,0.32039599535607693,0.38916858709700614,0.4774683298778644,0.6074592386229447,1.3589630306048803]","[null,1.0017575504612907e-15,1.0065221956886433e-15,1.0050808969681953e-15,1.0057995043519302e-15,1.0058791067644419e-15,1.0036291012135886e-15,1.0021481252021214e-15,1.0017011167364622e-15,1.0037444507535657e-15,1.0018469499698174e-15,1.0038084879900293e-15,1.0023576838677602e-15,1.005596742687142e-15,1.0055967430557673e-15,1.0055967424098164e-15,1.0055967426460803e-15,1.0055967426607941e-15,1.0055967433727095e-15,1.0055967428305191e-15,2.548596434584242e-16]"
9.799999999999981,sqp_rti,0,"[0.08012674376281075,0.5884536232618113,0.09734976155385118]",1.1226281584980584,0.014285918325185776,"[-2.980232227667301e-09,0.0007366641638075766,0.005547141304327596,0.009980153515508683,0.01252402164250449,0.01615079808356673,0.03864084315033339,0.08380536387885301,0.10814971266248358,0.11951199759364634,0.17265425426176934,0.2358027038246296,0.28527178434771355,0.3369113575044789,0.3594070393424483,0.37906340965693525,0.4117572319630905,0.4961138302848383,0.9334184493250219,1.0383231784163598,1.4512761481221481]","[null,8.064250126877e-14,8.035043526913663e-14,8.024524283493297e-14,8.027939782120294e-14,8.022940060747193e-14,7.991503515798484e-14,7.990480012251969e-14,8.128039784515695e-14,8.03785798383696e-14,7.976156925139829e-14,7.986120664757218e-14,7.976192830487711e-14,7.99867924927184e-14,8.053540094034594e-14,8.003058359216453e-14,8.029393626483894e-14,8.025514761009157e-14,8.029485038999494e-14,8.029485038986633e-14,1.607863429139693e-14]"
9.89999999999998,sqp_rti,0,"[0.09604372305182826,0.40288258199364047,0.07936678527452351]",1.1325479902895297,0.01662662997841835,"[-2.980232227667301e-09,1.0814251071689096e-05,0.0006398855978533846,0.0020614675177079156,0.005854672454106924,0.03099657084855406,0.1260222671966023,0.11669514749323967,0.13478663165919863,0.16311378834212126,0.18688841324279154,0.20697992692607664,0.22020857709925395,0.21593326355218806,0.1943038436538716,0.17552949015735103,0.18804028751536778,0.30524100390321146,0.22471930282189706,0.9353053169357508,0.6486485151133052]","[null,3.5201820139153415e-14,3.513960778011176e-14,3.5040352445818235e-14,3.496046042734192e-14,3.4686186003932586e-14,3.503056705920735e-14,3.5272615456988524e-14,3.478159745261051e-14,3.47814019514724e-14,3.4785631461806564e-14,3.4809301398549794e-14,3.4837998234539026e-14,3.474228467430369e-14,3.4809443595086575e-14,3.477785962162837e-14,3.4784650526746294e-14,3.481659843761365e-14,3.491944025759938e-14,3.482333918806787e-14,1.115232912912717e-14]"
9.99999999999998,sqp_rti,0,"[0.07331541365914279,0.18392478308137528,0.08751403142692955]",1.1389448244309044,0.01849343627691269,"[-2.980232227667301e-09,1.9789214505433472e-05,0.00039681584065792697,0.0011391800419820464,0.0021598565965185723,0.009670890650079589,0.036031754977416786,0.054116125675039595,0.04795826611716408,0.07180848485830787,0.11240399277864094,0.1525703916058177,0.18889050562468485,0.21841383109616502,0.2342848732748804,0.24504350533509262,0.21218107016560844,0.20119079106908694,0.1948530137583891,0.3788831637222117,0.7623594561001237]","[null,2.5622812789587384e-17,2.5625987358478272e-17,2.563391169483893e-17,2.5576996891580833e-17,2.544722598852412e-17,2.537963522131384e-17,2.5595488569281123e-17,2.535719121717983e-17,2.539169120783035e-17,2.5388806297796513e-17,2.537711739940974e-17,2.5362123824772865e-17,2.5336317268529284e-17,2.531854774125107e-17,2.5347815008917192e-17,2.5478126999077776e-17,2.5449929663444783e-17,2.5358277812820422e-17,2.5470732394628954e-17,5.035085515957509e-18]"
10.09999999999998,sqp_rti,0,"[0.10760604551044126,0.35484978782018284,0.0898263716196639]",1.1471794449575075,0.019446425139904022,"[-2.980232227667301e-09,1.854624898101065e-09,2.7142392615919775e-05,0.0003954048341245908,0.0035431925013285626,0.00464798935699734,0.00842725710138753,0.020175098555715476,0.04182040763671352,0.06630993889922482,0.09716732918641996,0.13112566981321755,0.16346106494595586,0.19038895021959262,0.21031340041195518,0.2302442007522963,0.2627100557584903,0.2620682148343548,0.19488592129374444,0.27230492190689476,0.8277471232896925]","[null,4.3702912699421937e-13,4.37733138898018e-13,4.3465866215448223e-13,4.3036607031999775e-13,4.31680662246003e-13,4.3554023568307604e-13,4.359951015298994e-13,4.350790143094488e-13,4.3369403082253457e-13,4.3258131174265664e-13,4.3232748160433693e-13,4.3310320506119835e-13,4.3583767981651595e-13,4.390678182812602e-13,4.334262681461009e-13,4.2500181160358365e-13,4.706424065038576e-13,4.342785262880291e-13,4.343779507492304e-13,3.442157494589163e-13]"
10.19999999999998,sqp_rti,0,"[0.0833441521826966,0.10174049625180936,0.09291202906342327]",1.1574672960369223,0.02160497009754181,"[-2.980232227667301e-09,1.7808466103441667e-06,5.5364047550410245e-05,0.0008316915348821619,0.003967622695414341,0.008571631159145332,0.01598872995485051,0.028485996305066597,0.040009914571768335,0.07215652452511528,0.1054831012021909,0.1366979729838807,0.16637263209803682,0.200604487444833,0.2371416088544212,0.2641878120125483,0.2856309831295725,0.26889420976706707,0.24041874837376903,0.2680314889315037,0.40952140964969513]","[null,2.5112955279481842e-15,2.4961726577226343e-15,2.5007932864282172e-15,2.487715199785056e-15,2.5277262159161606e-15,2.4952813450036843e-15,2.5066457964420462e-15,2.58144530618972e-15,2.5184833854013906e-15,2.488545512760094e-15,2.4864190281681325e-15,2.489254556672931e-15,2.4829947838953065e-15,2.4830128392461136e-15,2.4878794042584043e-15,2.4792305551865275e-15,2.476329759641678e-15,2.859270007179914e-15,2.5216382189780875e-15,1.8225105398334474e-15]"
10.29999999999998,sqp_rti,0,"[0.08717409555212591,0.6303914213723163,0.08909778105020767]",1.1654017226548379,0.022293321788311005,"[-2.980232227667301e-09,-7.861830186861596e-09,6.708340244507283e-05,0.00035490351310657475,0.0014019515995847276,0.004024238113006395,0.009987425162092445,0.021446670764086406,0.038240896087646636,0.056880096852226114,0.08103434448103625,0.10654381291074361,0.1354003477656585,0.21994513624584738,0.3756283674439274,0.43497018793925407,0.24795927865879436,0.5520193546851686,0.4620522587541423,0.42670739211010017,0.29504343815024897]","[null,3.114892424957705e-17,3.122936046682307e-17,3.115674736484731e-17,3.108218611172048e-17,3.1093523188329295e-17,3.1137119753696795e-17,3.1136598040524505e-17,3.1136620376672963e-17,3.1111056489038495e-17,3.1117392660698536e-17,3.117185054896804e-17,3.119477088010248e-17,3.0956367680424595e-17,3.11417871898491e-17,3.1148920586359444e-17,3.1148920586359444e-17,3.11489205863342e-17,3.1148920586308957e-17,3.114892058638469e-17,5.958629154285941e-18]"
10.399999999999979,sqp_rti,0,"[0.10303877870111534,0.4299434149179936,0.10018637032942188]",1.1752140403018019,0.02600194327533245,"[-2.980232227667301e-09,1.8282216851517319e-09,0.00013045142934323128,0.007875868363660776,0.04343613088367598,0.12662243623350272,0.23561864266067617,0.3443761373407586,0.44380116549633436,0.4949512010134434,0.5364537097822584,0.49943752282365567,0.47077026615650547,0.4602949464351436,0.4738831224801359,0.533594806635018,0.7461917377115881,2.0037830576428073,1.3102404464069035,1.3645709880303627,0.4285292389555247]","[null,9.276805591287978e-17,9.269159654404222e-17,9.176989019470145e-17,9.249286572741922e-17,9.199738122940461e-17,9.212717828640626e-17,9.20678702946659e-17,9.179842706914421e-17,9.188108683996524e-17,9.276805510478329e-17,9.276805509213627e-17,9.276805507567748e-17,9.276805504790958e-17,9.276805509539269e-17,9.276805498969795e-17,9.276805498969795e-17,9.276805498967271e-17,9.2202061308399e-17,9.207984258123545e-17,1.749862503990792e-17]"
10.499999999999979,sqp_rti,0,"[0.10488048873603284,0.17276448153052776,0.09905359952263751]",1.185404426292467,0.02299027144908905,"[-2.980232227667301e-09,2.6223994228913305e-07,0.0008263546524472365,0.012858084892214905,0.04820873381688601,0.10086934221630256,0.15749929145832625,0.2077486670649316,0.24622519429116602,0.27162574497260544,0.2968135425363368,0.3010537319976166,0.33598494229084325,0.687188420899443,1.4254004404234422,0.9213639773577291,0.7621350547848891,0.737689282878901,0.6705245162059696,0.5482832080994882,0.5523515764594744]","[null,3.6094041859523656e-16,3.6264411461968617e-16,3.6064380414044886e-16,3.6078809428856307e-16,3.608174608778435e-16,3.6061509183631596e-16,3.603670766652401e-16,3.6046276156151214e-16,3.6107633811637983e-16,3.603758661656892e-16,3.593893721227417e-16,3.611740150664745e-16,3.6070743268860675e-16,3.6087039495773265e-16,3.6087039495760643e-16,3.6087039495760643e-16,3.608703949575812e-16,3.6087039495750546e-16,3.608703949575812e-16,8.651863699039933e-17]"
10.599999999999978,sqp_rti,0,"[0.07966935648309623,0.437858995955228,0.08005476130486258]",1.1939797700316863,0.02193404734134674,"[-2.980232227667301e-09,5.602097073176271e-07,0.0006188462609925116,0.0067359624097778625,0.02314413161355572,0.04917467604778408,0.08081348399030991,0.11313992358055353,0.14189287549435808,0.16532260613339195,0.19735696208066839,0.2281541487309367,0.1682799669278337,0.2609392640487361,1.365281542770515,0.7938787850907747,0.7050107531202616,0.8329971982084465,0.503405435372623,0.5511228655884366,1.2654456311478686]","[null,8.509269097216442e-13,8.474083479134075e-13,8.426580351499526e-13,8.388837657201137e-13,8.363591465909227e-13,8.344722551008505e-13,8.333639997106471e-13,8.330185493337237e-13,8.329075786345427e-13,8.319136735370322e-13,8.203052244474156e-13,8.309508950982716e-13,8.347653360256614e-13,8.302684326801459e-13,8.356818890509313e-13,8.318640968215692e-13,8.525206543860031e-13,8.445249461935174e-13,8.459071137118957e-13,3.1317182393773577e-13]"
10.699999999999978,sqp_rti,0,"[0.08780828185417369,0.24925616497384648,0.08136610357827816]",1.2020601097030663,0.019517146050930023,"[-2.980232227667301e-09,-4.347684795513729e-09,8.793403829979174e-05,0.0037741523211531347,0.01957479621988495,0.04626362258383604,0.07688605700922918,0.10663514840880489,0.13329324819201355,0.15661350420367165,0.1862694877648739,0.21366711883599337,0.1713411817554576,0.19293091209107233,0.43883427377924705,0.34110959151031556,0.3426955058455457,0.34509522783726504,0.2620170934245117,0.20726544928506457,0.23360330212477082]","[null,3.791029750567842e-17,3.794684600555659e-17,3.794073999960305e-17,3.791591471937967e-17,3.7888556264062603e-17,3.7875760804874496e-17,3.786986708919081e-17,3.7871949157924516e-17,3.7877512800876865e-17,3.808677019756349e-17,3.7812773787813466e-17,3.790715275300345e-17,3.785107990533138e-17,3.789077320897747e-17,3.798277224306699e-17,3.7876544668364815e-17,3.78529660724121e-17,3.8135747054338397e-17,3.905465983850012e-17,5.750753041255618e-18]"
10.799999999999978,sqp_rti,0,"[0.08572057942049037,0.08891532424305643,0.07865417373649723]",1.2105161781122116,0.018304556608200073,"[-2.980232227667301e-09,6.269587050078407e-07,0.000781894563403801,0.00839189392823575,0.028052365937102863,0.05812142656839364,0.09328961765470184,0.12744304983787808,0.15578256010221808,0.17805960673269788,0.2026918095474482,0.21312295989029445,0.1948267311035224,0.20665825423440937,0.45169412550553717,0.25375008524988446,0.2367230073203757,0.5024035650767196,0.21901187196447297,0.13643806985032897,0.1843004750488884]","[null,4.293286841378646e-17,4.293852817146315e-17,4.291039881723764e-17,4.287377141455772e-17,4.2850194823523395e-17,4.283157179946002e-17,4.2821179140020876e-17,4.282237905816845e-17,4.282480035425702e-17,4.2773705604959113e-17,4.2821443536169105e-17,4.2806598238819337e-17,4.2816253555549196e-17,4.291032130300779e-17,4.2878433953499395e-17,4.285365578977956e-17,4.283940143188256e-17,4.292398967127021e-17,4.2858221657263045e-17,9.79175571601294e-18]"
10.899999999999977,sqp_rti,0,"[0.06781503485133479,0.5305739840220888,0.06421272183439698]",1.2175655888855492,0.01793871819972992,"[-2.980232227667301e-09,5.292032776993416e-07,0.0003698414230070557,0.004255388951550698,0.014495591322696566,0.029380550505724135,0.04504869337780876,0.05807229216517823,0.06690195122028603,0.07424813181434758,0.09756393601748387,0.08122762155060387,0.08048613639600372,0.1008911663439605,0.28723623058784115,0.23344878002224495,0.21917256112656275,0.2780103698040442,0.2212516129290119,0.18469056941918255,1.2436702444297907]","[null,2.215732480033584e-13,2.2335188244505857e-13,2.22329940578769e-13,2.20107775965998e-13,2.1890157748575174e-13,2.1872789232290065e-13,2.1904727808981956e-13,2.195839322484832e-13,2.2278848206312963e-13,2.519035097903548e-13,2.1905949756052294e-13,2.1966766998864686e-13,2.1971238306341511e-13,2.208306517272109e-13,2.2335232900392886e-13,2.2122751463956969e-13,2.2230774230478324e-13,2.192848158193035e-13,2.258789898852449e-13,2.7157957684715785e-14]"
10.999999999999977,sqp_rti,0,"[0.09645608884988413,0.2017050884637055,0.0860357309796268]",1.2264469115987708,0.016012579202651978,"[-2.980232227667301e-09,2.842698443306091e-08,0.0003992899802497951,0.007630878908397698,0.034757224251148966,0.08606268284019764,0.14918780453040698,0.2043517361247112,0.23904534652668802,0.25275747721014313,0.2803949897145948,0.2975187092922276,0.27976207539965153,0.27649274660191986,0.32574932119864447,0.30734593058612064,0.26613518210691894,0.18945924049484547,0.3553276676442863,0.08289343701057811,0.3399926363335098]","[null,7.206762222903765e-14,7.202359548086749e-14,7.209640356261445e-14,7.219032959237822e-14,7.193326335752752e-14,7.181439888059526e-14,7.177882217854219e-14,7.176632157012321e-14,7.176113943442597e-14,7.17096638815125e-14,7.166921681163627e-14,7.157933734665973e-14,7.359650175774437e-14,7.164601562066548e-14,7.219219467086535e-14,7.159952839753561e-14,7.259118947263283e-14,7.176370857239879e-14,7.30777620411865e-14,4.6307721358223587e-14]"
11.099999999999977,sqp_rti,0,"[0.06945117601652806,0.9654145379177523,0.06933167940227328]",1.2342467880938741,0.015429571270942688,"[-2.980232227667301e-09,6.86268669378709e-05,0.004665029955348177,0.021649229483735433,0.046239638935676564,0.0699918619112257,0.08659779841080867,0.09381723243911982,0.08821199527197959,0.09624896605808858,0.48698467552653285,0.6716903049955902,0.9970153907567976,0.5764485500552403,0.36317032010400824,0.3897012625171808,0.42329541317273717,0.4165193208327825,0.3818151772928829,0.4020586870984893,0.5684698718240682]","[null,5.448861179768944e-17,5.4428168113221334e-17,5.4430128973641037e-17,5.443198578676571e-17,5.442967280506596e-17,5.442945009776795e-17,5.440313074207641e-17,5.4258092397662817e-17,5.4447036285353066e-17,5.44116862824864e-17,5.4462356822009226e-17,5.4462356822009226e-17,5.4462356822059713e-17,5.4420440731712394e-17,5.443495822283549e-17,5.447864253394616e-17,5.4382984527910296e-17,5.44278974593614e-17,5.472074441309231e-17,6.636301193143758e-18]"
11.199999999999976,sqp_rti,0,"[0.1048229480658129,0.4415781162313691,0.08788192901099119]",1.2428832154354985,0.012972358614206314,"[-2.980232227667301e-09,6.666074244016107e-06,0.009553334743271524,0.08134191141913477,0.20966254879170237,0.33020042324754756,0.40666013031519627,0.4283342724658546,0.40584901636192755,0.36017040932199224,0.48968841178098793,0.5351741783574215,0.38606052865996504,0.35029775824100257,0.3588511070889496,0.8996034323077253,0.12041203018714769,0.06937399394564975,0.6617346089151652,0.9560098017395446,0.6340223185891574]","[null,1.3695686614483835e-15,1.3708737620474461e-15,1.35562556735518e-15,1.3551762605995729e-15,1.3549000921279128e-15,1.3593030758902485e-15,1.3619560730513042e-15,1.361483068074327e-15,1.356373171887512e-15,1.3540140679493089e-15,1.3630836661167361e-15,1.3569777843533808e-15,1.3565147187833646e-15,1.3628094867900341e-15,1.3580300835712125e-15,1.3544074480510169e-15,1.3750716644932099e-15,1.3578106783422086e-15,1.360017767771987e-15,3.620608408643005e-16]"
11.299999999999976,sqp_rti,0,"[0.05261413088837669,0.5769576961469596,0.05582661636451813]",1.2496471302380525,0.012129675596952438,"[-2.980232227667301e-09,0.004047908428233049,0.037924058125752336,0.07775649799855061,0.10732240012439292,0.12335942401000538,0.12344866961178164,0.10804461913096547,0.10217128944844572,0.13590704596910258,0.5783714905797381,0.3568103169346813,0.3399526641780984,0.37879129758939173,0.49100628531110485,0.3753006344556738,0.355572537517207,0.4114723416420539,0.43074068972303864,0.5771261008313047,0.8340851927764745]","[null,1.300483824036821e-14,1.2978641086044123e-14,1.2954828747661893e-14,1.2945976626396784e-14,1.294129886665973e-14,1.2936673202686872e-14,1.2943185878178356e-14,1.2981764638535593e-14,1.2954442527376013e-14,1.2949102754753622e-14,1.296633018203354e-14,1.2950237674808796e-14,1.2953471594623178e-14,1.2979199406713217e-14,1.2939030071648188e-14,1.2938178735893029e-14,1.2962164339928738e-14,1.2967859706019486e-14,1.3256983933375457e-14,3.111808015977906e-15]"
11.399999999999975,sqp_rti,0,"[0.061934284304742876,0.33231751387487163,0.06307455053736345]",1.255299284674171,0.011164478957653046,"[-2.980232227667301e-09,-2.980232227667301e-09,-2.980232227667301e-09,-2.980232227667301e-09,null,0.007941563796185325,0.07243802376337244,0.11915432102610951,0.13501480027578056,0.13814110146947095,0.33203979241323084,0.27445022133407876,0.20913277846548067,0.1788356297030152,0.1567257178552584,0.1441837631065493,0.16357250398649797,0.21170946904550442,0.24081996947543055,0.2742530410959148,0.3315081360141681]","[null,2.4621163015326746e-13,2.4621163015305006e-13,2.462116301535086e-13,2.462116301566471e-13,2.4640469145655413e-13,2.456424966800761e-13,2.455848553057561e-13,2.4562742863626943e-13,2.4579123928900735e-13,2.455487952128377e-13,2.454141184423824e-13,2.450970313072441e-13,2.4529225270696354e-13,2.4832634775279284e-13,2.4540249468363293e-13,2.4555326602647887e-13,2.484510410600492e-13,2.4641991661259264e-13,2.4822515350336604e-13,3.257031721485286e-14]"
11.499999999999975,sqp_rti,0,"[0.07283306123801832,0.5304606163987665,0.06420414399573601]",1.2610775671482446,0.010729275643825531,"[-2.980232227667301e-09,0.0001068962807500573,0.005793454173320278,0.029679837809969467,0.0675344863093848,0.07913940665633562,0.06451649364144069,0.0388927900448815,0.018609737821182304,0.011597641450274587,0.025345395116682934,0.278756095615546,0.12733095065834005,0.14744314963230726,0.25481399045606407,0.1643410318105108,0.2607003684310339,0.21252885146606443,0.19899507879063166,0.19898645232779916,0.2147313286327333]","[null,1.8603924130799163e-16,1.860748908689352e-16,1.859437372013725e-16,1.8563574318664817e-16,1.855813215842385e-16,1.8562958960836832e-16,1.85779327776559e-16,1.8597577824141988e-16,1.8599024900186184e-16,1.8590206755972954e-16,1.8566092513050104e-16,1.8577641703597534e-16,1.8579971064725488e-16,1.8563177892527907e-16,1.8587562388862177e-16,1.8606563279886615e-16,1.856160458107344e-16,1.8612535003397365e-16,1.882808030920861e-16,2.1438960917340313e-17]"
11.599999999999975,sqp_rti,0,"[0.05409650452531452,0.55661221900797,0.06676238756632998]",1.2698918446282865,0.010293442755937576,"[-2.980232227667301e-09,0.0015608574893612448,0.0221116964334101,0.02866548313291234,null,null,0.0072038620093473615,0.010659937041477996,0.606480024578606,0.24378839982687311,0.10047598531120522,0.05545909729559889,0.11605767654775684,0.17891614004649342,0.15036785884504128,0.1997634523728536,0.21234987843471204,0.21222202000352192,0.20086255409103765,0.19860682402104085,0.20054495381770537]","[null,2.5333733981718825e-15,2.5268022816210188e-15,2.5253332434102305e-15,2.537165869243844e-15,2.537165869243339e-15,2.5266263666420302e-15,2.528086563824808e-15,2.5280885430064403e-15,2.524539908042839e-15,2.529917770364754e-15,2.531823506430169e-15,2.5317910602787194e-15,2.5281333910457642e-15,2.523543952773956e-15,2.5287859160141515e-15,2.52791792388199e-15,2.52833976299348e-15,2.536955456710182e-15,2.6243383835810852e-15,3.6404191042839323e-16]"
11.699999999999974,sqp_rti,0,"[0.08451809274087536,0.7676837375147304,0.07382862309062992]",1.2759542279510492,0.009969793260097504,"[-2.980232227667301e-09,3.019683206725854e-05,0.0021642532668125214,0.022498291904585355,0.00729421377478473,0.022914772265509253,0.07516819104817501,0.03799284236829942,0.0009789326018994626,0.0018214517655080198,0.004757754824689153,0.023512470168820354,0.03411244786420281,0.03895444191398206,0.06716380561689911,0.09327042132824631,0.11627136033249369,0.1647690173231247,0.20196330729135853,0.2231563197314415,0.33307591852399715]","[null,1.2291847605541842e-15,1.2255385817136237e-15,1.2233358053804911e-15,1.2227592211453617e-15,1.2203533102659104e-15,1.2201726283837398e-15,1.2182768142152746e-15,1.2214456270751059e-15,1.2199904485809278e-15,1.2178312390965327e-15,1.2181751158709952e-15,1.2174913101008154e-15,1.2169530346587171e-15,1.2209009795432862e-15,1.2230466499951712e-15,1.2312565458667673e-15,1.221263486473607e-15,1.2404439041680146e-15,1.2102223530804842e-15,3.9623637018510874e-16]"
11.799999999999974,sqp_rti,0,"[0.05307918695633021,0.374406303018344,0.07396796260423501]",1.28438901936716,0.009892627596855164,"[-2.980232227667301e-09,0.004731379030830818,0.02960647428826918,0.03663408137932561,null,null,0.008748951147157957,0.0354305256078396,0.0702245458223521,0.10929785929322905,0.43320429333415406,0.06983027494009769,0.07690898732538792,0.10606316612372418,0.10497208608063319,0.13073300346092492,0.13917509740751638,0.1537119560869849,0.1710302953137,0.30324646644416725,0.8728620254963786]","[null,4.587978229149206e-15,4.58594137593087e-15,4.587621099976976e-15,4.593702685096122e-15,4.593702685095617e-15,4.584089204152564e-15,4.583278232930753e-15,4.5858064577501025e-15,4.5872873981862874e-15,4.590392120958063e-15,4.583530010950525e-15,4.601281903869899e-15,4.591046126032669e-15,4.59005156556978e-15,4.588791321872193e-15,4.590410046619936e-15,4.5933329101217405e-15,4.602103682179806e-15,4.604947771570008e-15,8.14885198972628e-16]"
11.899999999999974,sqp_rti,0,"[0.10102552676989665,0.47179515041089926,0.09158097922885058]",1.291458032335483,0.009936314076185226,"[-2.980232227667301e-09,1.1497736021603977e-07,null,0.008986095129971894,0.07501672765023387,0.4667438173096777,0.30387501431461744,0.2632262099033021,0.26477224777384906,0.3216386441755697,0.2344710493927707,0.25699057016905585,0.25358158389030266,0.2250977167715565,0.2108019598560345,0.2095572386116416,0.2196096986268115,0.2259857995369881,0.28665623903589293,0.5370662804917392,0.48900114320884286]","[null,1.0573948672191665e-13,1.057150706415687e-13,1.0511313851677005e-13,1.0504661994627917e-13,1.0504815254974878e-13,1.0485827245794724e-13,1.0475564539431375e-13,1.04882070290129e-13,1.056201671137952e-13,1.0551453324827985e-13,1.0510155341497271e-13,1.0472447778001105e-13,1.0488403236406028e-13,1.054237191857186e-13,1.0533466317413007e-13,1.0518905378646518e-13,1.0577433053369157e-13,1.0533814259279777e-13,1.0613373150936273e-13,4.119912665604625e-14]"
11.999999999999973,sqp_rti,0,"[0.05921719160551972,0.2331700347341276,0.07741309208866798]",1.300139664630606,0.010358080267906189,"[-2.980232227667301e-09,0.003971000152559745,0.01759463985089421,0.037617325562565196,0.020018139258106527,0.022406297539826092,0.04722931176717121,0.0761835862540064,0.14753476986152309,0.09464791127340783,0.14095846217340197,0.19063751796111533,0.19459561609137027,0.1871360996947285,0.18287597020185836,0.1782398192622628,0.18146641671978198,0.27284883495704265,0.564035146727824,0.602165578325814,0.4934942972348047]","[null,1.462730079273823e-14,1.462654412988591e-14,1.463336055767388e-14,1.4630596448581276e-14,1.4631458596883702e-14,1.4628887931879483e-14,1.4629473960687656e-14,1.4639373747164602e-14,1.4634579261307536e-14,1.465475952653305e-14,1.4622269216527785e-14,1.4623591251229033e-14,1.4626770697122337e-14,1.4632785703970163e-14,1.4638682479920406e-14,1.4650338298257247e-14,1.4644408481334945e-14,1.463408521030701e-14,1.463155298657316e-14,1.5577483234668197e-15]"
12.099999999999973,sqp_rti,0,"[0.0953414628635961,0.5728064146003056,0.09567474811335831]",1.30787055436724,0.010659217834472656,"[-2.980232227667301e-09,-3.2379005032723285e-09,null,0.0030914858408007118,0.15814069790238677,0.14855174233601326,0.13940408314356995,0.14969341830272392,0.13887670591855789,0.16481259131493858,0.18321680083881803,0.1908376824333214,0.24102435974863995,0.31267843282718993,0.3367683214881552,0.3096257248916217,0.31913998344548206,0.350984386675022,0.49261288266740416,0.47907336876144485,0.5390624213132706]","[null,3.838631919728196e-15,3.838631218324576e-15,3.843008116068147e-15,3.827623654830686e-15,3.829067480575192e-15,3.8286809629441854e-15,3.856641730899307e-15,3.83044429132135e-15,3.816372802691088e-15,3.8549011885966734e-15,3.836095734625533e-15,3.832060771387424e-15,3.8305020727427375e-15,3.829418450129421e-15,3.831260223732459e-15,3.829188943512241e-15,3.842334161036382e-15,3.870388859968467e-15,3.9030331678719145e-15,8.928287918793572e-16]"
12.199999999999973,sqp_rti,0,"[0.0897152723409494,0.24628200544531925,0.09609164996550439]",1.3173996152279146,0.011766597628593445,"[-2.980232227667301e-09,0.00022975219675672176,0.06813950217427484,0.01629705564500089,0.01840108823104386,0.043475129390130374,0.11276686346690107,0.09285271051879002,0.10904808379650782,0.1434453231508595,0.16004454799708584,0.16659137836154053,0.16372098349271696,0.15945935430863917,0.16269417266628033,0.2234352356661436,0.611630588688844,0.8231076017876517,0.614589354659661,0.6475841086188481,0.7116684527564352]","[null,1.5590103868865926e-13,1.5583587024604697e-13,1.5584719418541056e-13,1.5583773025685757e-13,1.5582836849411192e-13,1.5602019247286114e-13,1.558260948825789e-13,1.5586788565690555e-13,1.5604811151977128e-13,1.5581624476452186e-13,1.558181592193686e-13,1.5583438486208237e-13,1.5584802103952785e-13,1.558947600742269e-13,1.5600093463178816e-13,1.5585122804957262e-13,1.558253431649184e-13,1.5599651813766784e-13,1.5590854318926046e-13,1.6225628423742077e-14]"
12.299999999999972,sqp_rti,0,"[0.10422355478548252,0.22192187545772388,0.10921606543345266]",1.3275741123208604,0.007686701137572527,"[-2.980232227667301e-09,0.022696970192748023,0.016340465575577945,0.035862715525417255,0.08085051870660981,0.1303415962905728,0.13602257308928217,0.14613075290710925,0.183649634281786,0.1932144129796292,0.20163764849226312,0.24604856297316396,0.29992669773695263,0.3333793302639066,0.4210283208217625,0.46853058918300433,0.49290677478092776,0.4511688431577053,0.4769323790714413,0.5297754246286341,0.570797862538243]","[null,3.1173060420596236e-14,3.123654913320767e-14,3.1221774438299236e-14,3.122294225110877e-14,3.144249455203586e-14,3.1239041556929e-14,3.113461295321261e-14,3.124788316913408e-14,3.1370008265741763e-14,3.127280716002432e-14,3.119971057811228e-14,3.1184977519422276e-14,3.11504673958091e-14,3.108893640760997e-14,3.1378939991878673e-14,3.122701220760751e-14,3.1314995287570835e-14,3.123701095981486e-14,3.136215159765857e-14,5.4050383019082225e-15]"
12.399999999999972,sqp_rti,0,"[0.11481282373749893,-0.02055186177660656,0.11755038360936307]",1.33865963039867,0.009090468287467957,"[-2.980232227667301e-09,0.0026665728946855816,0.016946524480990377,0.039821360376977755,0.08403641011549451,0.08309664197218752,0.10841378567176535,0.13158499273772578,0.13503578577150394,0.12646436183948034,0.12296917691687598,0.1197343071104709,0.12356331607735954,0.17453922841346153,0.5315074552830381,0.7700580911364809,0.6269275797482521,0.6831216301473659,0.773352546388616,0.8452699969146031,0.899841755541172]","[null,8.614082121764288e-16,8.607680024356707e-16,8.619802996819019e-16,8.655477668088735e-16,8.648756017841399e-16,8.655471928356478e-16,8.667410447298524e-16,8.6266963392451e-16,8.621623050912714e-16,8.631416864143461e-16,8.634405206005326e-16,8.646135093111475e-16,8.647823081769497e-16,8.635563079537272e-16,8.667958106301371e-16,8.635034659705846e-16,8.671297101728816e-16,8.668629006963373e-16,8.689637102847716e-16,1.208299269434709e-16]"
12.499999999999972,sqp_rti,0,"[0.13645808158472217,-0.10195653819137249,0.1335427854701936]",1.3515039389953893,0.008982289582490921,"[-2.980232227667301e-09,0.002201014273935653,0.02819305426349744,0.10120953932754101,0.09736292467525837,0.13735720737755203,0.17771567787897596,0.18292892255646437,0.1762661965951942,0.19659131027676652,0.23772174159022513,0.2734424874917803,0.381945480128789,0.4518293050009435,0.40951156416050055,0.3811431003847588,0.41006735266448474,0.4566055176055606,0.4907229173089476,0.5128089178166737,0.5616814981658862]","[null,6.014340430572392e-15,5.974345880500156e-15,6.069410717947824e-15,5.9749696084897465e-15,6.01911638916777e-15,6.051025631450207e-15,6.045971872595458e-15,6.053692140941576e-15,6.043736133292882e-15,6.03695294185876e-15,6.032057369757133e-15,6.034050464246527e-15,6.021200044900998e-15,5.9426414654591056e-15,6.05511903498895e-15,5.989164941208835e-15,5.999141853868821e-15,6.036408629265113e-15,6.0531433876500155e-15,9.754637653810241e-16]"
12.599999999999971,sqp_rti,0,"[0.1477695881968296,-0.5153055113063868,0.13422280798779368]",1.364942634120108,0.008581072092056274,"[-2.980232227667301e-09,0.0022677740011388114,0.034705364010025275,0.06040636378230141,0.094412617190131,0.12174304723487667,0.11940540491534152,0.1056118623694367,0.1034530509015415,0.10046656437114693,0.09841499742277443,0.12185527395639878,0.35121169695466997,0.5909277194847504,0.5261148896007881,0.5793722167953923,0.6928680863037548,0.788748493634057,0.8688610948630753,0.9366523789598247,1.0611510314740087]","[null,1.4391452026236412e-11,1.4384344691449762e-11,1.4210888703847218e-11,1.4225821142135364e-11,1.4241327141784698e-11,1.4227760690474767e-11,1.4230446372513943e-11,1.4253274130909023e-11,1.4251800339999939e-11,1.4286887683921715e-11,1.4316141634110122e-11,1.4235356321115697e-11,1.4481445987433764e-11,1.4245136608102197e-11,1.423343377602059e-11,1.4239956180086402e-11,1.4223069695511862e-11,1.4222746267305876e-11,1.4211618763725225e-11,2.306225940861549e-12]"
12.69999999999997,sqp_rti,0,"[0.15989085448929288,-0.4238829705397885,0.13009070917621823]",1.379037809830376,0.007230285555124283,"[-2.980232227667301e-09,0.000284699179117609,0.0054717475605248755,0.0773055147919422,0.16388978873957855,0.18590090796028563,0.18797273670447795,0.20329426002190837,0.24470100096652986,0.28998128994342737,0.46583573362471925,0.4943726248373402,0.35980564855398517,0.33729791388021085,0.36578717638162567,0.40945193775761696,0.4451025575317871,0.46988849422810725,0.48995229644676713,0.7812482270516312,0.9040052780881982]","[null,1.22705156198589e-15,1.2266181795158395e-15,1.2235563670388895e-15,1.223815925094856e-15,1.224861758714348e-15,1.222379690172665e-15,1.2242473367893257e-15,1.2233904845506564e-15,1.2235352240568634e-15,1.2223117455167603e-15,1.2256118333775248e-15,1.227313125844982e-15,1.2244417854139448e-15,1.22283395404826e-15,1.2235871595577436e-15,1.2212981613994518e-15,1.2166123120384854e-15,1.2364047011352498e-15,1.22331870852017e-15,1.282890720884009e-16]"
12.79999999999997,sqp_rti,0,"[0.1273027735160916,-0.7111864838867237,0.11991711787370918]",1.3938543972334374,0.006692476570606232,"[-2.980232227667301e-09,0.005698230601925147,0.07017612378852506,0.12671867141686094,0.14520200406816813,0.14643098034838858,0.14700627024482388,0.14219399888412793,0.13944930214294332,0.15936119602874738,0.396441233401611,0.5083277645936419,0.41616691167737657,0.4533994926862455,0.5332580481074387,0.6011058113819601,0.6572371889720834,0.7055052044502836,0.7824248058523053,1.1810194223811805,0.9163638483600394]","[null,4.64634291810722e-17,4.6502794371605784e-17,4.652310392144181e-17,4.64648976891419e-17,4.6454806623343725e-17,4.6455235079184713e-17,4.6444525711024784e-17,4.6433874918185204e-17,4.6669169688080235e-17,4.645229139002673e-17,4.653568619630929e-17,4.690157735725576e-17,4.643747971067233e-17,4.644507406343662e-17,4.649678401680405e-17,4.648528299057697e-17,4.674857066525003e-17,4.6480645278791924e-17,4.6401829225309985e-17,1.0795878336437551e-17]"
12.89999999999997,sqp_rti,0,"[0.12933174794705707,-1.0889703417397167,0.11920137823558434]",1.4064532227360298,0.006486814469099045,"[-2.980232227667301e-09,0.03389666859914159,0.11720633675165076,0.1509050656667526,0.16280170269907474,0.19956464275903657,0.26054768073477136,0.31605659828070004,0.47207499252907753,0.4750414033056288,0.38413582015105413,0.3727985466366171,0.3923226337907238,0.43807730087479585,0.47479339724599684,0.5008841183639425,0.517910543534932,0.7028043224439358,1.024883278218138,0.631814798302442,0.5359780783597017]","[null,5.082422018568241e-17,5.069903228021743e-17,5.0822257743754365e-17,5.083100437068611e-17,5.0811011084880513e-17,5.075729736693036e-17,5.076783527184327e-17,5.073870304581715e-17,5.0794875125173385e-17,5.077554395495062e-17,5.0798986281694796e-17,5.0724619839522934e-17,5.072302499695698e-17,5.076724275856882e-17,5.0817378676138346e-17,5.080853000848341e-17,5.09742683697465e-17,5.0905159198635607e-17,5.0995946074889426e-17,8.747734265144914e-18]"
12.99999999999997,sqp_rti,0,"[0.14066460671741118,-0.5937896148033269,0.12772687711131758]",1.4196519408213129,0.007073737680912018,"[-2.980232227667301e-09,0.06583132542184417,0.12186077495227537,0.13367064383230415,0.14003544840964005,0.14092229521342842,0.14325973737577052,0.16905683173005476,0.40627761338520224,0.4377105169326157,0.3324191640042898,0.3585628428552539,0.4130801463223442,0.45896897594369507,0.4953206690733694,0.5230661640925198,0.5593894479187476,0.7875894941597081,0.8820306722367348,0.45782692230705885,0.4849607321023058]","[null,2.1523665863489124e-15,2.1442908408593486e-15,2.164608796205305e-15,2.1560738409400954e-15,2.1540155402598084e-15,2.1582974357682133e-15,2.157468926947891e-15,2.1526588457484262e-15,2.1417490438377688e-15,2.1441086154532577e-15,2.1533067501556975e-15,2.147297731146475e-15,2.144936730630524e-15,2.14504034838702e-15,2.144685400232594e-15,2.1449275146989687e-15,2.152370957480553e-15,2.1444127902855676e-15,2.1585359392801255e-15,6.483475413519814e-16]"
13.09999999999997,sqp_rti,0,"[0.1327383133077738,-0.9850335150025642,0.12064603498228209]",1.4335445738642687,0.007968783378601074,"[-2.980232227667301e-09,0.0742686728607474,0.12428288632292067,0.17320324939457238,0.24399830395542638,0.3059352332004693,0.45833805902417596,0.4504332377940557,0.3678902579254782,0.37822420673143925,0.39969522137940566,0.4507390030244974,0.4972080418292684,0.5369195643896212,0.5698231899821138,0.6136200765382724,1.240791910475832,0.8815162452293002,0.6348934682004888,0.6586781408861746,0.6847745544774326]","[null,2.366370704177747e-13,2.3654015062763213e-13,2.3602362369558304e-13,2.3632147613604577e-13,2.3563505082700453e-13,2.3583562946682073e-13,2.3727584301553157e-13,2.354043594756418e-13,2.3511337359875087e-13,2.362769818195577e-13,2.3618561527442004e-13,2.3650408943679e-13,2.373285074067311e-13,2.386576973955705e-13,2.370686650692522e-13,2.379085415496415e-13,2.3732773013926205e-13,2.4258308926934203e-13,2.3722326017611305e-13,1.1253199998961939e-13]"
13.199999999999969,sqp_rti,0,"[0.12315526776756543,-0.42992482778826,0.10202254443002454]",1.4448217655389932,0.01034601405262947,"[-2.980232227667301e-09,0.03963054746027411,0.06639973291776063,0.08252352347155939,0.09622826592141892,0.1224860719869934,0.24956576824970772,0.2729611415448055,0.2300023819403199,0.25926953943847836,0.3044690385843259,0.34053762000682114,0.36716871629376585,0.38606173220273626,0.4069342650176811,0.6102512653533345,0.8172385405206526,0.41092566962252414,0.37175253648251944,0.39123812576845945,0.40980729783909814]","[null,5.944626571449311e-16,5.936194292993784e-16,5.939389270826501e-16,5.942151435306595e-16,5.936985627335644e-16,5.939938984105945e-16,5.935654933520537e-16,5.932950819856896e-16,5.938135065794773e-16,5.935884979925522e-16,5.934755542433597e-16,5.934554119243489e-16,5.934626423077608e-16,5.932783786031801e-16,5.943093500019841e-16,5.930302170658169e-16,5.944557681302338e-16,5.961918781165689e-16,5.975924672786364e-16,7.371962273459817e-17]"
13.299999999999969,sqp_rti,0,"[0.1341549762393539,-0.7718386181280501,0.1202133727229523]",1.45860083752454,0.011745817959308624,"[-2.980232227667301e-09,0.019646673067667042,0.04919370529686057,0.0569090354424347,0.09434488628961085,0.1853993251792428,0.3722746251463825,0.3510477751513477,0.41604235961453356,0.47049455998702855,0.5247487688749117,0.5798742722568491,0.6300097079794547,0.6663309345403412,1.4168364013487575,0.7026447369933997,0.7366617469663701,0.7424281722997328,0.7268343084640179,0.6689269810277778,0.5390414400284846]","[null,7.358825190466277e-14,7.358422079398343e-14,7.358354327547929e-14,7.358417261914014e-14,7.358921855200491e-14,7.357630506767328e-14,7.359974088962161e-14,7.35863125914919e-14,7.357722036510796e-14,7.35763071198955e-14,7.357468271469723e-14,7.357315523943616e-14,7.357372339711281e-14,7.360017938050843e-14,7.358375097533618e-14,7.35711924024729e-14,7.357819938179056e-14,7.361930400168407e-14,7.372042465875806e-14,7.915830883772537e-15]"
13.399999999999968,sqp_rti,0,"[0.12536446647448604,-0.3770478491883446,0.13967681317062444]",1.4680306499335052,0.015028625726699829,"[-2.980232227667301e-09,0.01433452577848443,0.04328480740510626,0.06284944935660147,0.10235472426059894,0.13749659420548782,0.1447524385908981,0.16699305334202458,0.20316677318843973,0.22844555997444999,0.24584392498911628,0.2627613922689012,0.2902641719524642,0.4299032496155036,0.9087289156001723,1.065707989382919,0.5558238503190658,0.5865061170113861,0.5804992653863195,0.5406541879640006,0.4570923240409009]","[null,2.3168416043392624e-17,2.291230420845834e-17,2.2967196413224756e-17,2.299104390203481e-17,2.2828510355965487e-17,2.2784907378761793e-17,2.283234807261006e-17,2.2812885815780333e-17,2.2815358641588514e-17,2.2867152310124764e-17,2.2997532941382497e-17,2.304396508994252e-17,2.303424488474577e-17,2.3092600149796474e-17,2.304694874885241e-17,2.2844647388498203e-17,2.2762544313018838e-17,2.2834513416694232e-17,2.2923974376624028e-17,7.549336637153029e-18]"
13.499999999999968,sqp_rti,0,"[0.11919103607619594,-0.7443332884110353,0.13483645261646354]",1.4799267078483584,0.01580340787768364,"[-2.980232227667301e-09,0.0053462869417091885,0.04760852795084586,0.14561030137804193,0.1636784459469734,0.1899904538463158,0.220154945437195,0.25618345968613526,0.2905954873240482,0.31948181193593045,0.3399900520839772,0.3504843274961907,0.5156436414969547,0.5402733891401084,0.37169006494122386,0.3708675492044449,0.3737607049986849,0.37330491813217287,0.365956137636357,0.35235604749463506,0.35679219905677756]","[null,2.939922244093746e-16,2.944261900684142e-16,2.968347494327645e-16,2.928055963813413e-16,2.941426920685842e-16,2.9476746963788713e-16,2.9477551047838857e-16,2.945634408702871e-16,2.9460899243521643e-16,2.9427860756764756e-16,2.9374589912677716e-16,2.924661510631294e-16,2.933533039186351e-16,2.949477418530029e-16,2.949242866030258e-16,2.957122552663374e-16,2.9576925046907465e-16,2.9547014759072967e-16,2.961776315822448e-16,4.81696259599122e-17]"
13.599999999999968,sqp_rti,0,"[0.14380932467362145,-0.2666364884714482,0.14869869971795469]",1.4931457562060326,0.01768665760755539,"[-2.980232227667301e-09,0.0003990596429364057,0.003575691729506947,0.008547046733147268,0.01760250695457427,0.033088216938557735,0.060790222086373136,0.08667162421180646,0.10472235139010327,0.1154096260882927,0.12465136385551184,0.16212086681723187,0.46368042199520937,0.4041680176354852,0.3265414911342191,0.4010635140669823,0.47163571026251355,0.5152546600671737,0.5380684859933378,0.5465765707295247,0.5816109780125343]","[null,1.1806851510005043e-13,1.1804789040843956e-13,1.1893353196056758e-13,1.1816312979911452e-13,1.1792487453875578e-13,1.1778203092017359e-13,1.1773890733454954e-13,1.177439331475288e-13,1.1776891588983022e-13,1.1784883150061309e-13,1.180797900784008e-13,1.1780550656922842e-13,1.1824482336259647e-13,1.1792505337083708e-13,1.1770491879475667e-13,1.1766714136390388e-13,1.1768054485798354e-13,1.179014454949941e-13,1.1803218249383427e-13,1.5120136389922668e-14]"
13.699999999999967,sqp_rti,0,"[0.1361396262856783,-0.5700578591945586,0.14254760318133786]",1.5068963916370117,0.017036721110343933,"[-2.980232227667301e-09,0.0020129859204631173,0.025354663001381728,0.06113422481520453,0.09937183066492389,0.13919731595555157,0.17986299188275262,0.22043099625053203,0.2595909622180635,0.29575565452259484,0.3276661510110593,0.6810181625729939,0.5778881299687739,0.4098160374262079,0.43010290803310697,0.46314206526721763,0.5101303032844313,0.5749432043287086,0.6597746770464326,0.8215208683396014,1.529890466401622]","[null,3.491086224134025e-17,3.4881986640652326e-17,3.4610483860411434e-17,3.462571765637108e-17,3.471733146698663e-17,3.47430140992657e-17,3.4709097964866946e-17,3.466735538910792e-17,3.4650229753690645e-17,3.464181633829836e-17,3.469759600259645e-17,3.4720736390153333e-17,3.4679416748373043e-17,3.466549651651355e-17,3.463186090135562e-17,3.462867078175699e-17,3.462938821104219e-17,3.477185545023845e-17,3.462679965003696e-17,6.8088042872965395e-18]"
13.799999999999967,sqp_rti,0,"[0.13131353743654958,-0.1900457294727157,0.13662814070108922]",1.5199158729343498,0.01903955638408661,"[-2.980232227667301e-09,0.00013502827399308748,0.0016303845646511994,0.0055290358155529185,0.014957860223028974,0.026643169521725796,0.035310506873520275,0.03888659105790043,0.03863479702153444,0.03861977097426622,0.06893606885754383,0.23667485408601935,0.25680752144446545,0.24524417436610674,0.34870613402062994,0.4448720184241893,0.5176913494998476,0.5531115860440277,0.5139587197371778,0.582557666981949,1.1187427282506348]","[null,5.255508277169205e-12,5.250007936252854e-12,5.248882415956948e-12,5.262933739501716e-12,5.241403873707721e-12,5.23520274588129e-12,5.234686238376479e-12,5.234268844600128e-12,5.234773596637827e-12,5.255196501077634e-12,5.237875819890017e-12,5.2510231005946166e-12,5.2336922721104e-12,5.2311927002483396e-12,5.2257901631563236e-12,5.229224368742821e-12,5.2545281055569375e-12,5.254528105556792e-12,5.254528105556625e-12,6.845120740282225e-13]"
13.899999999999967,sqp_rti,0,"[0.13539668379426065,-0.4542419842771094,0.1313042176557961]",1.5337938487794742,0.019258374348282814,"[-2.980232227667301e-09,1.722316236485444e-05,0.0015237537504077525,0.008181662749568386,0.023222904671064637,0.045821175043327333,0.07212933049382891,0.0985291570092624,0.12175530708743915,0.14566732236944163,0.35698512494387274,0.3112526542625716,0.26896686227270267,0.3300405831489613,0.38553458892328224,0.44536574647710553,0.5093676301711667,0.5605295026820218,0.7382965847019392,1.1285793149023966,1.3121203409488629]","[null,8.517435267998794e-13,8.502183482371883e-13,8.485748866635046e-13,8.468406482125556e-13,8.44820942229911e-13,8.439752959418878e-13,8.438648173402037e-13,8.441634650071775e-13,8.479319039688254e-13,8.434819420051458e-13,8.450869881053648e-13,8.461961234578045e-13,8.446631498829886e-13,8.42105384647225e-13,8.445077678064431e-13,8.415654261989969e-13,8.447207973627415e-13,8.450098278858762e-13,8.474361765986805e-13,1.7604398295899645e-13]"
13.999999999999966,sqp_rti,0,"[0.13717158100159693,-0.12327962858624303,0.1340250724458142]",1.5462954865707277,0.021654481068253517,"[-2.980232227667301e-09,2.59300547561514e-07,0.00011923064683522222,0.0019472818476570786,0.005891194310781389,0.008470006913664563,0.007987454836226704,0.00559274137015503,0.0037112742819507827,0.010743626349115243,0.05779932389263892,0.08417751969125559,0.1633719370849505,0.29934854918077464,0.4463942663144003,0.5542330591123281,0.44237078170700245,0.36331066584499966,0.363049181421048,0.7324236346017556,1.2476622694350332]","[null,5.956035165197622e-14,5.9571216224202e-14,5.960455658507426e-14,5.956049389293249e-14,5.953511870712734e-14,5.953556903858954e-14,5.953984824344833e-14,5.954481260989337e-14,5.953225048167876e-14,5.95228989567457e-14,5.958212608161746e-14,5.951120288070728e-14,5.956433512621811e-14,5.949743780997183e-14,5.955979611107385e-14,5.955979611107627e-14,5.955979611108273e-14,5.95597961110791e-14,5.955979611107991e-14,6.4826434608007145e-15]"
14.099999999999966,sqp_rti,0,"[0.13551292796286685,-0.30601890551118394,0.13030383004139023]",1.5595690355830825,0.02226528525352478,"[-2.980232227667301e-09,-1.992739279144118e-09,2.9199646064737017e-05,0.00043941099450728327,0.0020073496388560153,0.006396762202395101,0.015446594370208733,0.031168020399888807,0.06771768943897422,0.40500170427632726,0.2114800779988258,0.2511976555256304,0.30544395512447836,0.356560290483176,0.4108574037663651,0.4648635413164211,0.5297949315183714,0.6762719395975736,1.2304262673248985,1.4200437958349184,0.3730116697995712]","[null,1.9260357617610043e-13,1.9322456645499291e-13,1.942283755468366e-13,1.9446937804679228e-13,1.930134041783059e-13,1.921456424855311e-13,1.9144429463605836e-13,1.917139057217719e-13,1.9163082005223101e-13,1.9243968858757868e-13,1.9212440896219811e-13,1.9176359212239475e-13,1.9155685783109843e-13,1.9210868676824498e-13,1.9109907525203173e-13,1.9154980082523243e-13,1.915029365618732e-13,1.9260271649991723e-13,1.9260271649991804e-13,3.211698956919447e-14]"
14.199999999999966,sqp_rti,0,"[0.14533753307774314,-0.01787704387472605,0.13505134951714565]",1.5735064027506034,0.021327301859855652,"[-2.980232227667301e-09,-4.976481282614742e-09,1.1417502927268952e-05,0.0001915075315593595,0.000441668183602667,0.0003840332597540852,0.00014968191459041602,7.980850870772938e-05,0.0007104413083790229,0.0030113287252038767,0.016284056161606497,0.06107136633343152,0.14774227105331567,0.26000766704840644,0.3736892178544718,0.4593160812197759,0.48145634572632084,0.5054100980507588,0.7574299834784,1.5274588766575448,1.606534988522118]","[null,7.128598021139123e-14,7.124216570375537e-14,7.108067809824954e-14,7.09287676745641e-14,7.101845967660291e-14,7.116449595295468e-14,7.122397870027216e-14,7.12176903925731e-14,7.173297004419236e-14,7.109575522561491e-14,7.072676441893481e-14,7.072420788621387e-14,7.084303077741942e-14,7.133471190746298e-14,7.047186128669413e-14,7.061211960264232e-14,7.24720639865538e-14,7.128597090076258e-14,7.128597090076339e-14,4.317067982459907e-14]"
14.299999999999965,sqp_rti,0,"[0.1432266894063454,-0.07936606504256585,0.1318179765339869]",1.5873563974237253,0.021495990455150604,"[-2.980232227667301e-09,-4.661537933436932e-09,1.4656454852546297e-07,2.6853877247157154e-06,4.7092883506821837e-05,0.0003565516275753633,0.003346026803779767,0.07315623877192295,0.06461478742893584,0.11961711327584795,0.17958765903119273,0.23385855503846892,0.2778070471598671,0.3122425331987671,0.32819172987468265,0.3677071192565727,0.8098679730666276,1.1357056418969023,0.9462825828835164,0.6681701544434773,0.6412443082251513]","[null,3.942439166197294e-15,3.942672770332246e-15,3.948490227019532e-15,3.959314774301108e-15,3.959934774461974e-15,3.960570371194474e-15,3.937477950975557e-15,3.949311669578323e-15,3.934752370022987e-15,3.9326111687475764e-15,3.932854707918241e-15,3.933908295560299e-15,3.9326521156487925e-15,3.939040577957973e-15,3.943061722832545e-15,3.9351183412494786e-15,3.9424391280859974e-15,3.942439128082362e-15,3.94243912808317e-15,6.927447134190756e-16]"
14.399999999999965,sqp_rti,0,"[0.14583604493820954,0.10006010763729664,0.12983245480470013]",1.601534115014013,0.02123263292014599,"[-2.980232227667301e-09,-2.9800245049393936e-09,-5.135560032787367e-10,6.751187942022341e-10,-4.961581256957004e-09,-1.0151593038409956e-08,8.788515662910834e-06,0.00028145776514637566,0.0045774818610231915,0.02523036866130851,0.07215305105274422,0.13922518847797677,0.21014639071525992,0.272302690747744,0.32170221728790055,0.33924022492608047,0.3994179518970043,1.739539098789504,1.030449225228451,1.2796782011042367,0.4907330237583459]","[null,5.286965246601044e-11,5.286964916716955e-11,5.2869610587553125e-11,5.28696393823279e-11,5.286955551500027e-11,5.282606439515351e-11,5.2841043404038215e-11,5.294537443759011e-11,5.2905555127617484e-11,5.2762903011344145e-11,5.2727169729332697e-11,5.2698110236688314e-11,5.2733648639460924e-11,5.2467048931249126e-11,5.263578725710181e-11,5.2730801499406216e-11,5.269271534261088e-11,5.297472921669678e-11,5.279471287252988e-11,1.1287647139494781e-11]"
14.499999999999964,sqp_rti,0,"[0.17805004693293583,0.197004450629661,0.14330596190581396]",1.617290707307563,0.022415144369006157,"[-2.980232227667301e-09,-2.980232227667301e-09,-2.980232227667301e-09,-2.980232088889423e-09,-1.775571439877055e-09,4.140106786926223e-06,0.000334307564374442,0.005748926151839362,0.027500921116662636,0.06798874046221731,0.11688421273060251,0.16207577769843234,0.19570125960817003,0.2152259173238889,0.2210336823958972,0.20805417567789314,0.22239460677727757,0.6154447350247494,0.408209660302523,0.41115537783055284,0.35238146678224497]","[null,1.0106000694545713e-14,1.0106000694552175e-14,1.0106000694552175e-14,1.0106000706862949e-14,1.0112662764056576e-14,1.0104445538584273e-14,1.0073600499486868e-14,1.0076196219752815e-14,1.0083969582900157e-14,1.008402354890649e-14,1.0077886581513154e-14,1.0068077084750281e-14,1.0058427283082265e-14,1.0065012227332639e-14,1.0112162318370727e-14,1.0200393487181659e-14,1.0103895386316483e-14,1.0232612024957547e-14,1.0109481561850471e-14,2.765649888885077e-15]"
14.599999999999964,sqp_rti,0,"[0.1906967184373905,-0.060831411848708716,0.15697064746831452]",1.6320259783426652,0.02424696646630764,"[-2.980232227667301e-09,-2.980232227667301e-09,-2.980232227667301e-09,-4.228759648006175e-09,7.537983015060146e-06,0.0008857033707696527,0.009075786492917903,0.031616440570101656,0.06529942721220011,0.10174564396605651,0.13433401372247006,0.15985448193991197,0.1778092806206047,0.18864584488819675,0.19621912689311288,0.19779291559266704,0.20394183243342107,0.3816279416480384,0.2440330479268143,0.18697247717156334,0.2869953328332791]","[null,9.216663777759713e-16,9.21666377769509e-16,9.216663851559733e-16,9.23374816547546e-16,9.232366758601355e-16,9.21994735275608e-16,9.193129932665876e-16,9.183410269985811e-16,9.178466006026522e-16,9.172217029699312e-16,9.162560782885532e-16,9.15071624546475e-16,9.143630939907412e-16,9.145023916582595e-16,9.382364097686688e-16,9.968577602905341e-16,9.242776394343841e-16,9.163323061291637e-16,1.0115740239461765e-15,5.50136768763969e-16]"
14.699999999999964,sqp_rti,0,"[0.13641380954924132,0.44828707607370605,0.11273718424612675]",1.6483535580121573,0.0238056480884552,"[-2.980232227667301e-09,-2.980232227667301e-09,-5.054047486074964e-09,8.366273986093464e-07,5.6473732613165906e-05,0.0005764891691370511,0.0023103942047790205,0.005693123103028663,0.011047924288188071,0.01946686067425435,0.032760393062091275,0.05107979602553164,0.07000712191044905,0.07979756803639387,0.0858787132990731,0.09693291302049617,0.11512481751400189,0.23105110689040914,0.2709544003256948,0.24784159080617024,0.3613233302027126]","[null,1.1565975145181728e-16,1.1565980735759446e-16,1.1574206666318957e-16,1.1609625147512368e-16,1.159571587803762e-16,1.1577411567262536e-16,1.156390973076838e-16,1.1556691771484053e-16,1.1570079452530033e-16,1.1594122906538663e-16,1.1616186797788006e-16,1.1765228728531686e-16,1.2066545962131568e-16,1.1550859664781884e-16,1.1610880080021779e-16,1.164240852466481e-16,1.1634455361435931e-16,1.1827125486668884e-16,1.1554484502058002e-16,5.28659950846885e-17]"
14.799999999999963,sqp_rti,0,"[0.11333490099251556,0.4148583638616046,0.09416707927682584]",1.6624404171707463,0.0215903427451849,"[-2.980232227667301e-09,-2.9801189571632136e-09,2.202849960580844e-06,0.0013485206301412922,0.025429707017733894,0.10262429831264158,0.2086539347061585,0.3028400132707965,0.3701937547902901,0.41619023437759567,0.4525170093144098,0.48928673115082405,0.5321527113232107,0.49335516854525424,0.4647429386045204,0.4741761787957984,0.4888339946096501,0.5589708339654791,0.5658348978183312,0.8439762468266891,0.22410547520476848]","[null,2.1084043119008472e-15,2.1083050863987212e-15,2.103357434236557e-15,2.0987369191918203e-15,2.1019679342564182e-15,2.104263987077071e-15,2.1024658805651553e-15,2.0984918526454833e-15,2.0971581759668026e-15,2.0945319556242755e-15,2.0957736494044422e-15,2.1084043119266966e-15,2.1084043119275044e-15,2.1084043119275044e-15,2.1084043119283122e-15,2.1084043119266966e-15,2.1084043119275044e-15,2.1084043119283122e-15,2.1017063788444235e-15,1.334006776712148e-15]"
14.899999999999963,sqp_rti,0,"[0.11741518817252013,0.12820169095461215,0.09747841116589595]",1.6730191205854934,0.01838308572769165,"[-2.980232227667301e-09,-5.057364027560851e-09,8.74405221253094e-05,0.005680220600235819,0.03454072741445985,0.08619205904035071,0.14355650787046487,0.19422534102975747,0.2335881516235741,0.26179342496273855,0.2817027753953319,0.2980089139875169,0.3859544738548209,0.8734254478256787,1.0288364762035769,0.8032011119048519,1.26252867905026,0.6340552299925235,0.23466536503868413,0.15111821244972817,0.15643730078019652]","[null,3.9371740836200615e-17,3.953887555107698e-17,3.9398285685674075e-17,3.9318881977190146e-17,3.930096347524654e-17,3.92927623284399e-17,3.928439069962823e-17,3.92734078037944e-17,3.9250336205741487e-17,3.928056529019828e-17,3.925465906777856e-17,3.932202112923037e-17,3.937172737472472e-17,3.937172737472472e-17,3.9371727375128615e-17,3.9371727375128615e-17,3.937172737472472e-17,3.9371727375128615e-17,3.937172737553251e-17,7.984013399352955e-18]"
14.999999999999963,sqp_rti,0,"[0.12311217244146623,0.2754503020997277,0.09642592978739391]",1.6856872875465667,0.017592988908290863,"[-2.980232227667301e-09,5.9445410455216674e-08,0.0001651763382936322,0.0034121740005539913,0.017088313282113188,0.04540415087349353,0.08543647451448849,0.13112119017964724,0.17780459214567018,0.22441084553656127,0.2678284003041263,0.2882334745597042,0.3106164276944153,0.4366654956318044,1.4368703242161203,0.7622561987063843,1.0691354343237591,0.5941688732268104,0.4776448301943546,0.5323584192226825,0.7829399001717803]","[null,4.1172838595620045e-15,4.1173657202362166e-15,4.111349132317266e-15,4.108235711849442e-15,4.108250695235277e-15,4.109487532274359e-15,4.1089248920303675e-15,4.095852604406815e-15,4.130435702885853e-15,4.104093351891555e-15,4.105014517928529e-15,4.11403647584476e-15,4.1189585851211655e-15,4.1122452647750545e-15,4.167684412456931e-15,4.112049872851315e-15,4.1087099207233536e-15,4.1050993524466944e-15,4.3846428027813465e-15,9.577815491544926e-16]"
15.099999999999962,sqp_rti,0,"[0.11561715353323708,0.19652539809629987,0.08408095246094362]",1.6967576916007403,0.016199905425310135,"[-2.980232227667301e-09,1.8527938616175188e-05,0.004480471065079705,0.027376462148584413,0.06522281719793172,0.1062629633304038,0.14273611633364852,0.17097581520558408,0.1897959335416502,0.199627203820749,0.20202087100061733,0.1964431711954429,0.2040456339716304,0.40938651693373346,0.33712500852408916,0.27811348005910724,0.38356870549212624,0.23259926178575602,0.23380100615297722,0.27044892346070243,0.3635582775451674]","[null,6.441702849313741e-12,6.356640211418145e-12,6.3813300300912485e-12,6.3751851183176215e-12,6.368902525451321e-12,6.364677805587701e-12,6.361874734256659e-12,6.361441400040837e-12,6.36926076923893e-12,6.37569814580701e-12,6.438837447447319e-12,6.34081874490368e-12,6.383881198162877e-12,6.382286627075863e-12,6.4243417971219926e-12,6.383518108691611e-12,6.39042967962679e-12,6.465839864645295e-12,6.599044130850931e-12,1.4267719875543394e-12]"
15.199999999999962,sqp_rti,0,"[0.057595910599248415,0.3968332713887018,0.05930146122826937]",1.7058413414401579,0.015404704958200455,"[-2.980232227667301e-09,7.399138056454757e-05,0.004455089006280055,0.01744425098812724,0.034209971076607115,0.051311571634583164,0.06916826076733501,0.09031093075753632,0.11667381545935812,0.15374231388074194,0.18329328126613192,0.20910502001630676,0.22251249476326934,0.29611643200845245,0.25534199670574936,0.24417499857603958,0.24816443393228554,0.912594180742883,0.18354857354438786,0.19920404316942425,0.2111582972200548]","[null,1.3436344855119798e-11,1.3346800405784581e-11,1.3383219822861431e-11,1.338764225138671e-11,1.3379495899054408e-11,1.336978856008839e-11,1.3360714084089677e-11,1.3384479282966088e-11,1.3351474071595845e-11,1.3353362079103586e-11,1.334697140604388e-11,1.3335556840976081e-11,1.3378290684395408e-11,1.3450447068443443e-11,1.3364599745735062e-11,1.3348575520201052e-11,1.3355954534794752e-11,1.3383021019662465e-11,1.3658164849354883e-11,1.965723927109817e-12]"
15.299999999999962,sqp_rti,0,"[0.11344952461605085,0.29562599478099144,0.08397912507707964]",1.7140680365696084,0.013956774026155472,"[-2.980232227667301e-09,-2.980232227667301e-09,-2.980232227667301e-09,9.68029301495199e-05,0.0300413072801769,0.09954414116730065,0.14827183735989352,0.174224923243618,0.18597055277751623,0.1780607069868026,0.17315798570434,0.14894668487138923,0.12585613739212215,0.1155122987936828,0.28548672628849375,0.2472905574086029,0.38729479635692493,0.3255379320392258,0.31538369166915176,0.35773992088715617,0.390941635548576]","[null,4.90656265573115e-15,4.906562655723072e-15,4.904753147185572e-15,4.881155296510298e-15,4.865144473429204e-15,4.863496175984057e-15,4.862578106376537e-15,4.861862465875474e-15,4.877312159349352e-15,4.88076894206273e-15,4.866016146873601e-15,4.8537072440346585e-15,4.864143460482959e-15,4.889160859100971e-15,4.857151198693772e-15,4.88417449326409e-15,4.897645230704351e-15,4.879316107830922e-15,5.092404354594696e-15,2.2088083248292526e-15]"
15.399999999999961,sqp_rti,0,"[0.06008223079461696,0.8437134055474571,0.056949698804021995]",1.7226908545461823,0.013152997940778732,"[-2.980232227667301e-09,0.0005257449475111475,0.01360002071555827,0.04160849709064057,0.06330294044091006,0.06284209744801467,0.03915324646893198,0.012405804539564802,0.007782283698336834,0.03194531347675228,0.04078617681878499,0.04462505531038802,0.11965216167523779,0.7936273782058734,0.19435480431339408,0.2174818957370011,0.24761119558924066,0.2611166035115449,0.24013172675569622,0.4055723167292527,0.9395522599438066]","[null,1.6092696110936163e-15,1.6118422333127332e-15,1.6060413717454432e-15,1.603318501951244e-15,1.603254315086793e-15,1.6062604403492478e-15,1.6078228838041962e-15,1.6080409324894587e-15,1.6068773245425572e-15,1.6066113270123456e-15,1.6058506851237097e-15,1.6069175567544733e-15,1.606998767890158e-15,1.605390807847805e-15,1.60762580107098e-15,1.6165277450749574e-15,1.6099378059772534e-15,1.6120212431916187e-15,1.6248991153559303e-15,4.0621072107420986e-16]"
15.499999999999961,sqp_rti,0,"[0.03830386190444581,0.41707243853648135,0.058013750430250186]",1.7258152460006058,0.011088419705629349,"[-2.980232227667301e-09,-2.9801486556291223e-09,-2.980232227667301e-09,-2.9802316725557887e-09,0.014423427000523514,0.23553174695403528,0.2417071951123802,0.19252075204077174,0.17373011551016476,0.18003207481168532,0.18279409211403747,0.18549862170393255,0.5708453299643395,0.31292382017968806,0.254323712783221,0.213231822398339,0.32966937392658197,0.13436310608638352,0.16998906593755053,0.24532610038944364,0.325345979533094]","[null,6.101303748141252e-13,6.101303748137529e-13,6.101303748138979e-13,6.093668149470551e-13,6.063821194401109e-13,6.076838975610575e-13,6.078494631572768e-13,6.067625439234868e-13,6.090947618158616e-13,6.082629191655798e-13,6.092155749098946e-13,6.081242006715564e-13,6.074507909336076e-13,6.07724675782943e-13,6.078988574289321e-13,6.099037647275237e-13,6.068839736472582e-13,6.100453962848443e-13,6.231473180367184e-13,9.73781994727896e-14]"
15.59999999999996,sqp_rti,0,"[0.09095252469375609,0.5902206335501323,0.07328763522382034]",1.7340895662570586,0.01007915660738945,"[-2.980232227667301e-09,-1.9108503668263666e-09,0.0004166134672103916,0.00893660392579304,0.03875246551258266,0.13756183163285912,0.06869474232668155,null,null,0.015532247806696209,7.009008602334998e-05,0.009095670720693783,0.11692941414701324,0.19619231163452328,0.21722913303805386,0.2882540140338044,0.14379037638675102,0.19207850902267581,0.20756946602480114,0.21998931463035803,0.23004041518062907]","[null,1.1014139559221884e-13,1.1010013784273811e-13,1.1024679193292191e-13,1.0967158574809324e-13,1.1007240732395966e-13,1.0997775885154888e-13,1.1014139552852149e-13,1.1014139552854572e-13,1.0994999154657235e-13,1.1012185390844394e-13,1.1000235099085926e-13,1.0989476412186649e-13,1.0994632531709962e-13,1.1015670130072508e-13,1.0988852230340211e-13,1.0998935819362347e-13,1.0978516421769276e-13,1.0998686799077949e-13,1.1139994857757012e-13,1.759319615050273e-14]"
15.69999999999996,sqp_rti,0,"[0.06054746121014293,0.44808498090491744,0.06641864811836605]",1.742297175577356,0.009024087339639664,"[-2.980232227667301e-09,0.006250450839818289,0.055444410594248705,0.1134401969339976,0.1576434282244506,0.15925009240096416,0.14935951774485973,0.08091954926433936,0.08788957642685952,null,0.04370795213428097,null,0.0005351879501403478,0.027660280487469935,0.08258453991459264,0.034572840784453274,0.06687787112336602,0.10297597088871308,0.2790137422883319,0.49181769449866125,0.5533886554526013]","[null,3.006083167645346e-15,3.004140118269232e-15,3.004031249335178e-15,3.0032984980554602e-15,3.0030234212094956e-15,3.0020920707644727e-15,3.003498252848223e-15,3.001968965698667e-15,3.00659646710803e-15,3.0020090818221656e-15,3.0065964671124727e-15,3.0054537270131084e-15,3.0049486326598626e-15,3.0058495984115187e-15,3.004013209254244e-15,3.0086518067498987e-15,3.0052029288511238e-15,3.0040427791383565e-15,3.024228380427596e-15,3.815690099315527e-16]"
15.79999999999996,sqp_rti,0,"[0.07154170322314347,0.45486171514590235,0.07476949188528484]",1.7489684354065242,0.008368492126464844,"[-2.980232227667301e-09,0.0008545666964561716,0.036543254085937005,0.07398957757217844,0.11941688148187951,0.13697899557903243,0.07117250804440262,null,0.00048708471560732214,1.5792169984485405e-06,0.17332595188095185,0.09141346768674269,0.11900077106673451,0.1655068556676092,0.11956530171344398,0.2205238517898785,0.32115398202778495,0.3566201120083761,0.3373800710932507,0.34076591061592404,0.3930697977219147]","[null,2.7747843210818963e-13,2.7696243944578755e-13,2.768524348588165e-13,2.766698692978363e-13,2.767569899042372e-13,2.7682919560907336e-13,2.779119122109451e-13,2.7755648492603716e-13,2.7788411648229786e-13,2.766592802264318e-13,2.76474262198155e-13,2.7642117266613415e-13,2.770014331577321e-13,2.7670507248764197e-13,2.771271151088307e-13,2.765259499563217e-13,2.762057906282962e-13,2.765317773192606e-13,2.816436540935138e-13,4.6685485757151145e-14]"
15.89999999999996,sqp_rti,0,"[0.04495725324011155,0.5814513483110254,0.0671920665489559]",1.7559209005731276,0.00791870802640915,"[-2.980232227667301e-09,0.017323691328232027,0.06729159647444832,0.12683137706085007,0.16139018656250387,null,0.021963848216306314,0.04260743595454458,0.8563887856279393,0.06704889472255077,0.06260212581059293,0.07178266964813745,0.10214502990354363,0.08207989087736395,0.13307802120962436,0.15963609774638315,0.17732304376461877,0.24486717901402139,0.2869769067611017,0.28657455528099335,0.32377424843576]","[null,3.9217940693961974e-17,3.919502961115511e-17,3.920198432299638e-17,3.9216986980363146e-17,3.9232707693206584e-17,3.920822105549552e-17,3.917802962906216e-17,3.9180161665482535e-17,3.9203843671633595e-17,3.9169729673148355e-17,3.9171725841619024e-17,3.9280841024070006e-17,3.917136531385852e-17,3.9090154579849114e-17,3.942976416535674e-17,3.927247260149198e-17,3.920446922777963e-17,3.9690362121951816e-17,3.998947549335852e-17,6.848984833850006e-18]"
15.99999999999996,sqp_rti,0,"[0.10337575629030375,0.23096653384867516,0.08656469172600276]",1.7641699719967745,0.007445730268955231,"[-2.980232227667301e-09,0.00011458429220942423,0.04214745752418453,0.06262365291506528,0.10569141363902262,0.07227439037043198,0.011823978686337722,5.432552718145911e-05,0.031257066359931474,0.0406145617404608,0.07333016598771175,0.18112441385962513,0.04368630198189721,0.09047221034165248,0.12549309608743614,0.14248881834362487,0.15523430178681857,0.17707610633275978,0.17806512489197096,0.23669847158792906,0.432320416942855]","[null,8.327925639202717e-14,8.319092511845606e-14,8.316382723917015e-14,8.320753607831997e-14,8.341808593579638e-14,8.313849461000886e-14,8.333137004880492e-14,8.307947371838268e-14,8.312818812143118e-14,8.330520214750136e-14,8.320320064852729e-14,8.321330091984937e-14,8.376269984679224e-14,8.317474855880626e-14,8.31086958051692e-14,8.320008916441183e-14,8.338702643272288e-14,8.362715445216403e-14,8.377121108460133e-14,2.0701981597180042e-14]"
16.09999999999996,sqp_rti,0,"[0.05151505806505691,0.827708160496142,0.07476583739754183]",1.7732747775099487,0.007447279989719391,"[-2.980232227667301e-09,0.05673166964960147,0.08937331619712979,0.14692209224713154,0.16791352129174514,4.988529233862504e-07,0.07959363776700173,0.41043520346736956,0.2059914972826114,0.175813604385408,0.18996112199515097,0.15910189153097393,0.19945587679760451,0.203539499290131,0.25578957206243375,0.3186590841525117,0.3188669580027835,0.2857732477751583,0.30760876846253,0.3130022951926648,0.39711006387407083]","[null,3.8609711761650426e-13,3.8545849081625057e-13,3.8554692213723397e-13,3.8578183045870496e-13,3.88572458764559e-13,3.853659283366453e-13,3.860137287991292e-13,3.8496339392871226e-13,3.8558396094641943e-13,3.8649412093127765e-13,3.8582251137461523e-13,3.8647416197147526e-13,3.873325733137697e-13,3.8530124126572085e-13,3.851082214680687e-13,3.851020798353276e-13,3.857013118714714e-13,3.8505460215645025e-13,3.9415282364167867e-13,5.051747224878441e-14]"
16.19999999999996,sqp_rti,0,"[0.09505874690681534,0.37850054597759436,0.0958568291287662]",1.780519680343785,0.0076491981744766235,"[-2.980232227667301e-09,-2.980232227667301e-09,0.020000665224545966,3.1564074423340305e-06,0.015609362979639496,0.0034248224245295167,0.0039300168913925515,0.028976639185732733,0.07394636921221648,0.344988554389073,0.044692449482789,0.10884212015207667,0.1924649361721194,0.22790409786373972,0.22972153255285194,0.21233963321440968,0.19972394151872824,0.23424797634396094,0.4642366505245235,0.4542646096814849,0.3325811854350061]","[null,5.299739258218009e-13,5.288196071368509e-13,5.298556138937409e-13,5.287187938529591e-13,5.291184044180213e-13,5.289739623439282e-13,5.287647218193313e-13,5.287128736202345e-13,5.290146758880724e-13,5.294185903665313e-13,5.300732126318396e-13,5.286447459210871e-13,5.285170500508605e-13,5.284999179928914e-13,5.286344679637477e-13,5.290402355224521e-13,5.296683429098032e-13,5.288878989778004e-13,5.287366333663437e-13,6.678937032652024e-14]"
16.29999999999996,sqp_rti,0,"[0.05995746593144993,0.5206220271469515,0.09156443202121403]",1.7895962115255148,0.007981032133102417,"[-2.980232227667301e-09,0.028271842870993436,0.04317917851240766,0.08112441370565798,0.8561919175772743,0.4646949483437027,0.21993588058256003,0.21237765376675527,0.22511822573643486,0.1464859852628056,0.17885043348932755,0.20194637493508766,0.2257095486898109,0.30156796401423663,0.37755740309759106,0.409293123643171,0.47458902294530675,0.4730886409656641,0.4542669633607586,0.5020155951289211,0.5945213839103765]","[null,7.12286865293724e-12,7.120530986006444e-12,7.131948913620977e-12,7.103066226940757e-12,7.113412010270856e-12,7.0908248233924135e-12,7.094169056484063e-12,7.18404529789898e-12,7.161362655643285e-12,7.145322389311429e-12,7.179793292516979e-12,7.12974924241027e-12,7.117550759572609e-12,7.110198819518044e-12,7.105422085834712e-12,7.0993330632701455e-12,7.155107380147217e-12,7.541057911194336e-12,7.29088170965724e-12,1.0063225453284766e-12]"
16.399999999999963,sqp_rti,0,"[0.09273422661921105,0.2175333252850496,0.10477722767902341]",1.7969078176652786,0.008625566959381104,"[-2.980232227667301e-09,3.6740279192426506e-05,0.013596874799539915,0.005237474413908594,0.03277721510912085,0.03292541584871861,0.047859668944463085,0.07806606323364723,0.06502874807083786,0.08838977829057876,0.13792463039929787,0.1630920455181631,0.18060798713856202,0.18233897080212885,0.18050212570870167,0.1949657173873865,0.3986523627685415,0.49626399284136796,0.3524377085751283,0.3807832241944425,0.4455518951620972]","[null,3.667106619819476e-15,3.662524508701013e-15,3.668015651893961e-15,3.658664501270638e-15,3.657720223022174e-15,3.6586774778660226e-15,3.67335072694074e-15,3.654802350823707e-15,3.659544501943877e-15,3.664729206610756e-15,3.659476698960423e-15,3.65839661946015e-15,3.6589681179346706e-15,3.661097271425434e-15,3.6701218807000875e-15,3.658024682585674e-15,3.6630868616041486e-15,3.703155588810544e-15,3.680429223074574e-15,4.611847197404017e-16]"
16.499999999999964,sqp_rti,0,"[0.07387438761644995,0.36408681094008966,0.10874855778118478]",1.8065369223398617,0.009053602814674377,"[-2.980232227667301e-09,0.00590519363081371,0.0019887061619282,0.15936480693902128,0.15632197061737046,0.17443140012609143,0.23329458193007896,0.10391378296416748,0.14415882343302117,0.16308813801729444,0.1833632111987729,0.28652416633325545,0.3833049497690915,0.4438566624977412,0.5268721052188645,0.4817705277094458,0.44792608664953876,0.48100130581607986,0.5091885284181756,0.5261978423396474,0.5339687854250463]","[null,2.745613442038816e-17,2.7496668691360578e-17,2.752169239001878e-17,2.7422185257531887e-17,2.745693767052019e-17,2.7450456036721e-17,2.7408022112352318e-17,2.743330533731212e-17,2.7581427958102262e-17,2.7503988908990207e-17,2.741689041748149e-17,2.740996827042423e-17,2.7387277384671626e-17,2.7440605393222113e-17,2.759063086909832e-17,2.741673678605027e-17,2.7421895420392273e-17,2.7467372424700574e-17,2.7613727547122003e-17,4.19289610953922e-18]"
16.599999999999966,sqp_rti,0,"[0.12007957542350788,0.18093644790192562,0.11878380200247671]",1.8190407555620414,0.009032882750034332,"[-2.980232227667301e-09,0.00011461284343189382,0.015100280159590362,0.012528590801685058,0.02667982455197221,0.04601733962771598,0.06078457387894681,0.10620407239662272,0.1985115956128432,0.27588693618252763,0.31075456224051906,0.3163150271071398,0.32007390489477744,0.3413855435218565,0.44823591690001835,1.0367948738248856,0.6888907362218901,0.5136621517176045,0.5623196051655526,0.622060220398734,0.690433625177669]","[null,7.672026912794647e-14,7.621537039498053e-14,7.637240004722662e-14,7.630229763120848e-14,7.686323123903358e-14,7.620615535424714e-14,7.642283895243244e-14,7.666127280016458e-14,7.633756652977985e-14,7.622259087530981e-14,7.623124317635679e-14,7.648051239742757e-14,7.652547772782284e-14,7.660598612153675e-14,7.624969578689412e-14,7.644942144212919e-14,7.648253050164039e-14,7.663933093988823e-14,7.646929796480528e-14,9.905957856787277e-15]"
16.699999999999967,sqp_rti,0,"[0.11905467561420319,0.06125705823585208,0.11733060404880666]",1.8343299301132818,0.008458133786916733,"[-2.980232227667301e-09,0.007999325136325564,0.03358740485107231,0.08099491860825198,0.27773080504786735,0.1023224347314951,0.13775867917883816,0.16549549892633736,0.16525240295956395,0.15946890170174194,0.18168965229884454,0.20017138806935258,0.2107213502800825,0.2827708237476488,0.2788430178455837,0.29810372612427366,0.33159932371568673,0.395420685665221,0.45338570997528677,0.4865355673406356,0.49299498522716406]","[null,7.558877556058146e-17,7.546503488321519e-17,7.547544211950382e-17,7.562418694611618e-17,7.548969426374352e-17,7.450429749549279e-17,7.670506112825541e-17,7.525896662069476e-17,7.55973312891821e-17,7.551564938513902e-17,7.543883372445896e-17,7.55810840753739e-17,7.54355344507701e-17,7.577469450026844e-17,7.598646416211033e-17,7.56879745517304e-17,7.549582444392929e-17,7.55956662913352e-17,7.639002113469875e-17,1.7148071826497227e-17]"
16.79999999999997,sqp_rti,0,"[0.13641516941741394,-0.10222873408695947,0.14785156059140822]",1.8413850195862296,0.00879744067788124,"[-2.980232227667301e-09,0.000623214782804915,0.01268842629162209,0.03972161777261257,0.04603130387040616,0.09189274189105562,0.12593057960421278,0.1513061498540374,0.174114702636669,0.1818668521437335,0.21933225609899837,0.34291248372997957,0.4860085949029596,0.6272635823446933,1.799231777212708,0.7427187467102427,0.7965221186122988,0.8702862438348553,0.9514283242847135,1.029174222348687,1.0671101739493938]","[null,2.4174688390146674e-15,2.409473572784557e-15,2.417237786418077e-15,2.4073511905611686e-15,2.408242434292276e-15,2.4171175243478027e-15,2.4096855835606617e-15,2.406347086104932e-15,2.404655299578495e-15,2.4280683852520398e-15,2.4256338412997012e-15,2.408783032115888e-15,2.409824321904644e-15,2.4168771072722133e-15,2.410969266084104e-15,2.408844404403793e-15,2.4071575612581384e-15,2.4068421803163236e-15,2.4168771072722133e-15,3.211060840842754e-16]"
16.89999999999997,sqp_rti,0,"[0.17761563861390928,-0.297163291694216,0.15085517403196555]",1.8552181377396153,0.008369579911231995,"[-2.980232227667301e-09,0.0013630375473586143,0.018228349932785826,0.05020811837889455,0.13312755078285649,0.18992709887714626,0.1948312458155435,0.18492905160168222,0.1857086154189574,0.18652986102582397,0.17171164862375826,0.19956205676001276,0.2314297017612173,0.326304265574845,0.4216407603618649,0.4572287820720405,0.5866069767224686,0.6051474628403042,0.4467107614448807,0.40043700644065156,0.45728496259434764]","[null,2.2475076187797943e-13,2.2327962041510025e-13,2.2296711479561579e-13,2.210593403647291e-13,2.2305900479850613e-13,2.2142324364476483e-13,2.215975665235745e-13,2.2252295359515982e-13,2.2352860340415675e-13,2.2555643076772408e-13,2.2259364567998003e-13,2.227684130271723e-13,2.2316740759721556e-13,2.240116687156574e-13,2.2235729988379802e-13,2.210397730578707e-13,2.2423830151348777e-13,2.2423830151355926e-13,2.2423830151380322e-13,4.7280433509646875e-14]"
16.99999999999997,sqp_rti,0,"[0.135099712982089,-0.40783976353911455,0.13815288930070438]",1.8713588370625907,0.00762215256690979,"[-2.980232227667301e-09,-6.458379026019756e-09,0.006992916989036868,0.07016629694041471,0.1265239609513074,0.14699807822995298,0.15690310362210697,0.16537242354388298,0.1635313449957117,0.15673086301710343,0.15519861324067535,0.16041681636982547,0.16460829679890737,0.5160530849491962,0.5020592609291554,0.3498187766919159,0.45596423101859856,0.5686660374415069,0.710876905232088,0.838714066863681,0.9997862418325496]","[null,2.591283257398058e-14,2.5655847481676233e-14,2.5621286623709155e-14,2.5668049014044246e-14,2.5570751483380296e-14,2.5584139965696102e-14,2.558946625089955e-14,2.560259332575358e-14,2.5581746939592665e-14,2.5575393081098807e-14,2.559826694539707e-14,2.561690397352835e-14,2.5649763678062572e-14,2.575330075121273e-14,2.5754556945275568e-14,2.553673765618976e-14,2.5407681801902805e-14,2.5467865200177497e-14,2.5912713255580808e-14,6.168926115745072e-15]"
17.099999999999973,sqp_rti,0,"[0.10278779736288446,-0.9252268892014018,0.09417198808089543]",1.8850300178897696,0.007071681320667267,"[-2.980232227667301e-09,0.007199838933469149,0.07597295374779095,0.14058472584060128,0.16288171711341876,0.2028164296008111,0.31999140914313956,0.41677124074010125,0.4704916392318424,0.5145743183020108,0.3755844718340445,0.2825808479229835,0.2991236931831061,0.38244938598649086,0.4797911597828886,0.5630669549934157,0.6087261259529206,0.6250829262381152,0.6182578407189581,0.5315471046887026,0.5742154824862922]","[null,3.29223283692981e-16,3.2826849183148375e-16,3.2833123657020094e-16,3.2893756883393167e-16,3.290424774402969e-16,3.280839452516029e-16,3.276702042476973e-16,3.2881602054665104e-16,3.279529148283474e-16,3.292990544736225e-16,3.289018794683227e-16,3.288613490778107e-16,3.295427203948412e-16,3.282687641033416e-16,3.2795759208337884e-16,3.2816173826894244e-16,3.2855025193288685e-16,3.304887189987247e-16,3.3048871899874047e-16,5.008122233196986e-17]"
17.199999999999974,sqp_rti,0,"[0.11969711666892814,-0.7213848587757472,0.12411922149509341]",1.8935700156002995,0.0064531490206718445,"[-2.980232227667301e-09,0.02691055009853366,0.14837738831648012,0.2739762009160572,0.3689274634439073,0.40046044485848215,0.43045721015529353,0.5138698665045609,0.6140456133397307,0.7081083451382966,0.9256175114154643,1.0257220236429816,0.6119874773928979,0.6093102302754667,0.6415604265237149,0.6831416348060457,0.7288414794018736,0.7750509835351183,0.7636071204761012,0.9130297043930582,1.261050889114231]","[null,5.175066540113607e-16,5.180528667133933e-16,5.178676888515269e-16,5.172654680548385e-16,5.17659323537851e-16,5.18558354283341e-16,5.172928641511269e-16,5.172271148747246e-16,5.172213659725124e-16,5.196872104469892e-16,5.196872104469829e-16,5.196872104469671e-16,5.196872104469829e-16,5.196872104469829e-16,5.196872104470144e-16,5.196872104469955e-16,5.196872104469576e-16,5.196872104469923e-16,5.196872104469829e-16,6.990352130871784e-17]"
17.299999999999976,sqp_rti,0,"[0.11105981677681574,-1.1243497621743908,0.09189090896648969]",1.905291488211217,0.0065278783440589905,"[-2.980232227667301e-09,0.061087753197583805,0.13068453533752306,0.15543837394242815,0.16525736572343847,0.1688099785004898,0.16649044012998077,0.15989950086125743,0.20816885294271686,0.17896681445258694,0.20721108109652492,0.2849493361535032,0.3773450911464263,0.5146854907980749,0.6324931978289718,0.688236113098214,0.5937485499177242,0.511556485869076,0.5054582419942732,0.5572089703386325,0.655090976673226]","[null,4.8573740432899334e-14,4.8450416786863685e-14,4.846405018656223e-14,4.846820959875336e-14,4.8491021730107e-14,4.85131432223985e-14,4.86119319378573e-14,4.850151853567288e-14,4.8517426944573794e-14,4.859715306441283e-14,4.869659187620459e-14,4.845903383493324e-14,4.837487417333596e-14,4.847698138428696e-14,4.8564332823865945e-14,4.856433282386592e-14,4.856433282386588e-14,4.856433282386592e-14,4.856433282386591e-14,6.247711738288907e-15]"
17.399999999999977,sqp_rti,0,"[0.13138470314458373,-0.5150333696921852,0.11992151871939843]",1.9161998726209624,0.007356215268373489,"[-2.980232227667301e-09,0.053290961471525844,0.10320860577483942,0.12507359373638743,0.1329379976598915,0.13635406251338794,0.14649561333688227,0.1720498132891784,0.20765663597905687,0.24592743287141944,0.682983226856831,0.6815188757407895,0.4420473164607273,0.5272964780588267,0.6310842755697805,0.6512216841709353,0.6141731146022245,0.6136125675712953,0.752844777602182,1.2101600802698058,1.313642584167806]","[null,2.6253801570297985e-14,2.6237718265354006e-14,2.6246024265263616e-14,2.6245407666387677e-14,2.6242598779454916e-14,2.6221090056454907e-14,2.6209283222682552e-14,2.6233116103250192e-14,2.6282189833954334e-14,2.6237590075734814e-14,2.627063764278144e-14,2.6176429441974444e-14,2.6189856512637423e-14,2.618439571490452e-14,2.6291307069102618e-14,2.6291307069102592e-14,2.6291307069102555e-14,2.6291307069102592e-14,2.629130706910258e-14,4.098578627984297e-15]"
17.49999999999998,sqp_rti,0,"[0.15231698858823628,-1.1999931018331444,0.12652849226059343]",1.9304600533211393,0.008191525936126709,"[-2.980232227667301e-09,0.06133851077718405,0.11000505775812713,0.1355189222433431,0.1542362669568796,0.16296351273417536,0.26046148237625105,0.2182019443714694,0.1081377923447942,0.10319693570902216,0.1605157430758662,0.26312030182621965,0.3787305184512569,0.4720898199680484,0.5086977673960156,0.5018359721676837,0.5045237913513005,0.5516829940044701,0.6296926895555053,0.7085391598189836,0.8521443469361472]","[null,1.0320865888920404e-14,1.0292146641672604e-14,1.029974245546972e-14,1.028404637147528e-14,1.0388952574741052e-14,1.034093266646995e-14,1.0272747468194344e-14,1.0385877971926199e-14,1.041325704887029e-14,1.0392458879891724e-14,1.031586511601383e-14,1.0306186975693776e-14,1.0265207628935375e-14,1.0258720020720816e-14,1.0286298448092593e-14,1.0500124296692476e-14,1.053685674636605e-14,1.0583812980182999e-14,1.0792851565164358e-14,3.122371392603481e-15]"
17.59999999999998,sqp_rti,0,"[0.1286749889039514,-0.5500489830631905,0.10456832871949058]",1.9424111163581128,0.011410918086767197,"[-2.980232227667301e-09,0.04199363197002698,0.046458913658835865,0.04297142457257214,0.06616392746185512,0.1398799157350446,0.4659936054985863,0.23500837421102433,0.24963520976536274,0.294743290452616,0.34890215706201105,0.3694489427584607,0.35621266409250724,0.387713567459161,0.5266006908182461,0.545273388308442,0.566850449508064,0.5787908530887591,0.5299403840251642,0.4028541178684833,0.5958075073101383]","[null,5.511220841281904e-14,5.462838642154074e-14,5.466064962274511e-14,5.4658585852588535e-14,5.464603140727884e-14,5.485275164353529e-14,5.504783271912553e-14,5.4712524611358506e-14,5.4678294820102465e-14,5.466062892281796e-14,5.4668393065580103e-14,5.485193304207133e-14,5.4625879356597574e-14,5.459381229903078e-14,5.4705521412295975e-14,5.480242280191192e-14,5.491782721472857e-14,5.464635991911549e-14,5.579542618179258e-14,1.1164757352334009e-14]"
17.69999999999998,sqp_rti,0,"[0.10877894007823521,-0.586990896762003,0.10771275201091254]",1.9499475897875436,0.013325225561857224,"[-2.980232227667301e-09,0.007102353627609637,0.021885131684089842,0.025314397356098806,0.024473842937280665,0.04090448148367615,0.10437407896814649,0.19036789563335504,0.22229639069910406,0.3284182897320747,0.525274282426264,0.2445327330628942,0.01698023038387958,0.0897426993118387,0.12085329280457452,0.1338733134042201,0.15858413145107236,0.207448573703865,0.26677508935533895,0.3449002718185639,0.3412369968366676]","[null,3.489472950418672e-17,3.499455577839289e-17,3.496376137124555e-17,3.501544656298861e-17,3.4980799423765786e-17,3.485866184899548e-17,3.511403522854795e-17,3.496558614137036e-17,3.4875470970042054e-17,3.50458609254644e-17,3.504586092545178e-17,3.504586092543916e-17,3.504586092545178e-17,3.504586092545178e-17,3.5045860925489645e-17,3.50458609254644e-17,3.5045860925426536e-17,3.50458609254644e-17,3.5045860924643986e-17,6.4868288053249964e-18]"
17.799999999999983,sqp_rti,0,"[0.16767400563842524,-0.13982240312299066,0.13519845808064895]",1.965465442274545,0.015811480581760406,"[-2.980232227667301e-09,0.000334887931918576,0.00275712170568293,0.004799060833790503,0.010407622983467146,0.04887716620094801,0.10046108253699942,0.11272771126018172,0.169124915688127,0.23902544242874485,0.3695682360518802,0.470667449046627,0.5289571212789397,0.5485896486532418,0.5479477286877639,0.5681787867098052,0.6200413458678191,0.6831118892453982,0.7512661848443407,0.8925713503559478,1.665020339632531]","[null,5.912388443563407e-17,5.913709178386472e-17,5.911332422866411e-17,5.900496816717582e-17,5.906741510369425e-17,5.91282332770317e-17,5.894644140209825e-17,5.906813571646865e-17,5.903933961605941e-17,5.901626936554501e-17,5.918044387049656e-17,5.908565267263623e-17,5.920831798886453e-17,5.910563864462838e-17,5.910563864456527e-17,5.922413884929121e-17,5.999992889947613e-17,5.998146900134664e-17,5.903542304386901e-17,1.490922495062068e-17]"
17.899999999999984,sqp_rti,0,"[0.12528101824343787,-1.199915036882024,0.11449545243855838]",1.9769403162147132,0.01660759001970291,"[-2.980232227667301e-09,0.005246761399043731,0.08722012660752193,0.07595023440509224,0.07870799654244137,0.08501027963226565,0.09517547978331536,0.1329998513455964,0.20620563459259938,0.29678091702707904,0.36134499785571333,0.4057778590609223,0.43269210772565786,0.43004392750288006,0.3789693910792849,0.3027691318591959,0.28785310860641006,0.3800872464591237,0.4539321549336009,0.4496986294687105,0.49808969985703727]","[null,1.00956892750667e-17,1.0095742680659682e-17,1.0095707422022963e-17,1.009583847002623e-17,1.0095920865298225e-17,1.009597607047857e-17,1.0096032477699919e-17,1.0095981703090584e-17,1.0095647659290246e-17,1.0095642538667893e-17,1.0095620125709626e-17,1.0095807795649558e-17,1.0095883754075313e-17,1.0095623783626089e-17,1.009637094370934e-17,1.0124389768329946e-17,1.0110395496100038e-17,1.0095613072655734e-17,1.0098229447949843e-17,1.0251883620360546e-18]"
17.999999999999986,sqp_rti,0,"[0.14651699030923274,-0.5368891455603224,0.11686559754592002]",1.9902022447758014,0.024428367614746094,"[-2.980232227667301e-09,2.3952415736938626e-07,0.0016515107773849569,0.26330495109255453,0.398051045515939,0.5235127516602034,0.4349950277479849,0.3448671382097402,0.2816315427274148,0.23393659476113698,0.22493189037966915,0.2514491781804907,0.2787282394627553,0.3270829278402417,0.46122117230853094,0.6975138964188303,0.9910268880152173,1.1382665335775968,1.5485192753063586,1.0031660406807077,0.37824848914433745]","[null,1.3194232824341515e-14,1.316020571846699e-14,1.318760779131981e-14,1.31801472224414e-14,1.3193236034783039e-14,1.3193236034780375e-14,1.3193236034797143e-14,1.3193236034790744e-14,1.319323603478574e-14,1.319323603478976e-14,1.3193236034788226e-14,1.3193236034785102e-14,1.3193236034778621e-14,1.3193236034781991e-14,1.3193236034791186e-14,1.3193236034791874e-14,1.3193236034787096e-14,1.3193236034779132e-14,1.3193236034795073e-14,2.3914818448155e-15]"
18.099999999999987,sqp_rti,0,"[0.15787623883153912,-0.37568331148483947,0.12319963267227696]",2.005473507406936,0.02689315751194954,"[-2.980232227667301e-09,4.912607661000656e-06,0.003722123081876305,0.02439488999113043,0.08252730220310484,0.17468370026743402,0.2832203974015684,0.38497481881907875,0.4589805395285083,0.4916198652867941,0.4916282888954953,0.5053587187110906,0.5388215572629,0.5869335447884978,0.6270066549591575,0.630271063708993,0.624175971559876,0.7226501856589109,1.355528854691937,1.4635242426240012,0.9898525839958168]","[null,1.5762127696017356e-16,1.5774519998152638e-16,1.5677811591114667e-16,1.5666078072986153e-16,1.567317869237132e-16,1.5676927879345668e-16,1.563980746711573e-16,1.5593849919870527e-16,1.5581304535258444e-16,1.56109469026859e-16,1.5737821602288333e-16,1.5793759955573405e-16,1.569994615804135e-16,1.5599654153184245e-16,1.5596909903984841e-16,1.582308049254322e-16,1.7308847999279937e-16,1.559982755035154e-16,1.783926599574974e-16,9.801069611595583e-17]"
18.19999999999999,sqp_rti,0,"[0.14685323090483016,-0.4646687826047416,0.10052044361095881]",2.018992387783198,0.02447599172592163,"[-2.980232227667301e-09,9.616798056077958e-05,0.009889183243538657,0.05140042694800223,0.11404962580015693,0.17750581665429693,0.22945289009530684,0.2668459600211051,0.2832183736189798,0.3372489616342261,0.46423957954034806,0.574384051388354,0.6125330896074679,0.6349946886545978,0.6242935138627075,0.6420407325534654,0.7254187269313632,0.8412239936796382,0.9806447305450792,0.9716341473500669,0.9357953662573137]","[null,3.631062586998687e-14,3.6204237574057685e-14,3.631177081034655e-14,3.622783276602341e-14,3.615005506822378e-14,3.610533498582524e-14,3.6178184534297973e-14,3.659242103241593e-14,3.665588465177035e-14,3.616948628058218e-14,3.613399169898091e-14,3.6186318473487715e-14,3.629850665623536e-14,3.6298506656231865e-14,3.6298506656232174e-14,3.629850665619409e-14,3.6241921063606057e-14,3.716130528995045e-14,3.8063436855566034e-14,1.037332277549497e-14]"
18.29999999999999,sqp_rti,0,"[0.07396255966663097,-0.47692071331668606,0.09223231452866054]",2.020876555188912,0.022069476544857025,"[-2.980232227667301e-09,0.00033652708346673665,0.016991281577138306,0.06264383110579247,0.11650430088472846,0.16064028821585624,0.18541280330981708,0.16202239741679564,null,0.279620228529393,0.250019568535447,0.03614756554255366,0.0952258822035475,0.17410996762928194,0.3016547001454322,0.43664327074460446,0.5127743204896118,0.5236211608771668,1.41346589521616,0.8360503296892616,0.9568168429794432]","[null,1.2165875564563098e-14,1.2153370395757818e-14,1.2144551971794102e-14,1.2145523408079307e-14,1.2158443336546633e-14,1.2190465354095712e-14,1.216159963427105e-14,1.2159344275266721e-14,1.2152006259476846e-14,1.2159344275263313e-14,1.2159344275265011e-14,1.2159344275271984e-14,1.2159344275283275e-14,1.2159344275279778e-14,1.2159344275280088e-14,1.215934427526785e-14,1.2159344275261862e-14,1.2159344275248243e-14,1.2159344275276301e-14,1.475934419643544e-15]"
18.39999999999999,sqp_rti,0,"[0.06830145937633342,-0.23104096651531983,0.0659293328538753]",2.033024283962209,0.019801616668701172,"[-2.980232227667301e-09,-2.980232227667301e-09,-2.980232227667301e-09,-2.980232227667301e-09,-2.980232227667301e-09,-2.980232227667301e-09,0.04589563116123402,0.22199111569558455,0.3047896431329747,0.22714948561660436,0.5280170013395036,0.5041692618367619,0.5175877373461872,0.5759953354263103,0.590621252149593,0.5995973367129153,1.1535801419190193,0.9576805795699783,0.5583712991656771,0.5966642482791744,0.6256439732329528]","[null,3.921840373328203e-17,3.9218403733319897e-17,3.9218403733155814e-17,3.92184037332631e-17,3.9218403733237855e-17,3.922475227614278e-17,3.914781710715659e-17,3.91181697703453e-17,3.9152442190420816e-17,3.9218403733799524e-17,3.921840373378059e-17,3.92184037337869e-17,3.921840373371748e-17,3.9184731420434694e-17,3.916741083331073e-17,3.9136510304662734e-17,3.915273828674257e-17,3.916975911209312e-17,3.9259913012175227e-17,5.4569299553083225e-18]"
18.499999999999993,sqp_rti,0,"[0.12341027793199735,-0.6921624989003738,0.11037787403788596]",2.0392912973966046,0.01880747824907303,"[-2.980232227667301e-09,5.445973949580463e-10,0.00016512297410883892,0.0038955616669199,0.021207137950187527,0.06115145931355742,0.06579682617262678,0.19680945789251753,0.2413579249829752,0.0002861415785747057,null,null,null,0.016319129779699904,0.04753876420506559,0.09038598725593944,0.10289236460414913,0.13156580354512465,0.11422792028409018,0.13525553115866834,0.20026896034190528]","[null,6.17299508512079e-16,6.16977664578359e-16,6.156834809900101e-16,6.145630454455973e-16,6.142425469404675e-16,6.154534901137075e-16,6.158505525127608e-16,6.151667889471317e-16,6.136926827036672e-16,6.172985400246553e-16,6.172985400246364e-16,6.172985400246427e-16,6.090333019748318e-16,6.160750301769538e-16,6.135108251576726e-16,6.136561862920095e-16,6.267161931870982e-16,6.478492343692101e-16,6.426869410249543e-16,1.5268985296441913e-16]"
18.599999999999994,sqp_rti,0,"[0.07194648823293298,-0.6445455860259249,0.0853756271330369]",2.052733999291533,0.0164809450507164,"[-2.980232227667301e-09,0.0015120986775743472,0.034449492624685274,0.09949553095664926,0.16237781890208042,0.1954150668947648,0.11172419913266368,0.09722058682716722,0.1612931264926843,null,0.04087850147329847,0.13561347432782328,0.16125998599978858,0.17078680480517933,0.16825814675096212,0.1525342207376717,0.2781379276778935,0.1942555257841903,0.1942220204796719,0.23252060489437093,0.2882854096063752]","[null,4.7208745256607573e-14,4.716849559406599e-14,4.721144145870454e-14,4.7224176777706935e-14,4.7217400600391534e-14,4.724176071827322e-14,4.715245547873518e-14,4.714947994166359e-14,4.727331675705212e-14,4.7177280791986295e-14,4.715566870132036e-14,4.7151786293630595e-14,4.717025237821504e-14,4.7147284565084735e-14,4.7188513672277324e-14,4.7175777685134724e-14,4.7268366477828544e-14,4.733991552426728e-14,4.719916014458187e-14,6.012357210868469e-15]"
18.699999999999996,sqp_rti,0,"[0.1140005171265625,-0.515095610989558,0.11358378416971171]",2.057907287826813,0.014512844383716583,"[-2.980232227667301e-09,1.987713107998168e-07,0.009942970756377012,0.06700127211513945,0.17879981573052534,0.17449493404747757,-2.980232227667301e-09,0.056044931100314,0.10975217202795023,5.786426061082928e-06,0.08753977263363028,0.18784925634402044,0.25708638650013854,0.2800834140778619,0.3153158862580286,0.3090652175824831,0.24348549281985116,0.26331150075212123,0.2923842696185844,0.3271725914131192,0.37069227031092794]","[null,1.1744749513823054e-17,1.1723370738861625e-17,1.1723331558147325e-17,1.1750916764671665e-17,1.1721973169310772e-17,1.1744599474984303e-17,1.1722594879488527e-17,1.1728325971793214e-17,1.1742020142503089e-17,1.1744255078968618e-17,1.1726079484416103e-17,1.1716140657248955e-17,1.1714449627156267e-17,1.1726254271556945e-17,1.1742527127598102e-17,1.1754300925259155e-17,1.1724623482322413e-17,1.176194309605784e-17,1.1819020222385058e-17,1.5441891580894378e-18]"
18.799999999999997,sqp_rti,0,"[0.056937962261883676,-0.6396318947459279,0.0852799638720598]",2.0714505056217307,0.01334892213344574,"[-2.980232227667301e-09,0.01592366449708643,0.08110718111452614,0.15127846850061816,0.18164386158262574,-2.980232227667301e-09,0.2419379899475132,null,0.35029076716825785,0.281569097266879,0.30487898222515925,0.3017911288222706,0.2697691754410883,0.24552369819131742,0.6035553967852081,0.30102652777531774,0.26956425471926765,0.2809487974948908,0.3094433113397635,0.3541773525154504,0.4185991423200058]","[null,7.591513774547259e-15,7.595194745319571e-15,7.601695461342352e-15,7.590730901876138e-15,7.609621374866996e-15,7.599619155853696e-15,7.609621375054341e-15,7.590958673205951e-15,7.59795958205064e-15,7.590215957808388e-15,7.588845558142493e-15,7.587988390384428e-15,7.627744311237065e-15,7.587285710974843e-15,7.592428610877913e-15,7.58767471496882e-15,7.60687277321956e-15,7.635485945638268e-15,7.703558151155309e-15,1.3707865500631359e-15]"
18.9,sqp_rti,0,"[0.11201159502156646,-0.45267908932189393,0.0815813197622633]",2.081306664043049,0.012052454054355621,"[-2.980232227667301e-09,-2.980232227667301e-09,0.01854813996540089,0.08948418023016985,0.18881393190965384,0.2325639349942577,0.2020705192704611,0.2527751581101015,0.3528265895637766,0.3834365073443891,0.4582532857290465,0.4845430529090667,0.6025284825439321,0.6181691038244688,0.5054339092333684,0.5175581547439705,0.5469869614146574,0.5690838057816279,0.5852910466697494,0.6022782004011844,0.6145948719691858]","[null,1.3213196491161492e-16,1.3176679314790286e-16,1.3172528853803123e-16,1.3164030529327546e-16,1.3153213011691116e-16,1.314417001831397e-16,1.3260733383896723e-16,1.3170263345580997e-16,1.3132359451621456e-16,1.3110798014904525e-16,1.3152869340634185e-16,1.312463869173333e-16,1.3264774726685562e-16,1.3170695586857498e-16,1.310238222844627e-16,1.3104420023471756e-16,1.313459702484257e-16,1.3194581954889942e-16,1.3203349284975692e-16,3.790527544865352e-17]"
19.0,sqp_rti,0,"[0.05594490159598007,-0.7841558569635517,0.07602758707697346]",2.0912584019218845,0.011500447988510132,"[-2.980232227667301e-09,0.05312701307758588,0.10556309192079,0.15835462142363071,0.1396157093695763,3.2915267178523777e-09,0.17310685770366946,0.3236695901962861,0.34441587818733127,0.3077133614217729,0.2935627206803531,0.2696100956129726,0.5527864620877494,0.6885466864838861,0.4167319466238311,0.4116507663551843,0.4291950550143511,0.4641035146789932,0.516646666381608,0.7585129778324642,0.9450317398098889]","[null,5.024993796118227e-16,5.033297238707238e-16,5.059172872097965e-16,5.033584593531741e-16,5.04256350765236e-16,5.030638366684969e-16,5.027816494807279e-16,5.022108227157457e-16,5.019475946970757e-16,5.020190827781034e-16,5.027406296817655e-16,5.038185972565735e-16,5.038926121548989e-16,5.076806016460217e-16,5.026711430590509e-16,5.045118334319501e-16,5.058302420743971e-16,5.11293768723473e-16,5.021290750109718e-16,1.0362982165443587e-16]"
19.1,sqp_rti,0,"[0.06095253521064653,-0.853258028480675,0.07119175661427712]",2.0980601643888117,0.010709300637245178,"[-2.980232227667301e-09,-2.980232227667301e-09,0.01738551985826292,0.09067476243030798,0.1635685043359814,0.18816408194395678,0.14664309382270063,0.2497462999810594,0.34303289980621693,0.3926820147113966,0.4296013413794582,0.560590989928621,0.43808654681635134,0.3730321001572435,0.40400696016545795,0.4297222114205084,0.4525081011428583,0.47187358394271045,0.49460814005259196,0.7050126288258312,0.8528040731353357]","[null,6.988232526843816e-17,6.955853277128942e-17,6.900459092223924e-17,6.868514908545622e-17,6.928521861646977e-17,6.926395137891776e-17,6.915566770134976e-17,6.882559164554332e-17,6.870791042803659e-17,6.927715543322499e-17,6.890454190058519e-17,6.97922998620214e-17,6.853965824114408e-17,6.844360186712897e-17,6.854258772864744e-17,6.85850516985255e-17,6.822005893965906e-17,6.903284839697364e-17,6.918555397590615e-17,2.586733969362087e-17]"
19.200000000000003,sqp_rti,0,"[0.0940990499540437,-0.34379366102702025,0.0709985416438768]",2.1026586124430837,0.00997915118932724,"[-2.980232227667301e-09,0.0208080151908277,0.09792448620613642,0.17166374513619048,0.2229705180001787,0.004101660824677833,0.2926508195930751,0.37658424523689576,0.38182084572731584,0.3683085705383718,0.34289029182300795,0.7816379924159775,0.5681574638405038,0.4523125271125508,0.43661828978774225,0.44769306063760156,0.49522737266984224,0.5969390112473121,1.2105626051212084,0.6445834797247432,0.6130128630427201]","[null,1.904932231515625e-12,1.9090119857328543e-12,1.903829436467258e-12,1.903735261316362e-12,1.9113534570982056e-12,1.9082481847335957e-12,1.913891201592348e-12,1.9035014714652587e-12,1.903853051288637e-12,1.9040638970864923e-12,1.9034346152978358e-12,1.90264698526543e-12,1.9022529839420486e-12,1.9025567811006586e-12,1.903500083333154e-12,1.9061016553707107e-12,1.9080383993717417e-12,1.9028126877827104e-12,1.9040354317705826e-12,2.851879632885527e-13]"
19.300000000000004,sqp_rti,0,"[0.08129769096887446,-1.1999999999995137,0.10419925069493013]",2.1136051371124607,0.0098949633538723,"[-2.980232227667301e-09,0.07663774576614629,0.09686777775010286,null,null,0.03554884144282228,0.2473569458382741,0.3266692570203105,0.387614484726538,0.399373346262437,0.6395935457630031,0.39040476483252534,0.26225216144196467,0.2695308560331469,0.28752592676697547,0.31568034787662286,0.3501473410517633,0.37742612099849887,0.678108946004923,0.851189760864483,0.46531610092907877]","[null,1.0831869990440464e-17,1.0831870170174533e-17,1.0831879125777913e-17,1.0831879125777913e-17,1.0833127479858852e-17,1.0831864734935518e-17,1.0831870192388856e-17,1.0831865302006602e-17,1.0831871974381465e-17,1.0831868538835424e-17,1.0831884842936883e-17,1.0831867931778559e-17,1.0831863652088241e-17,1.083186453500661e-17,1.0831866089201433e-17,1.083186828074538e-17,1.0831889822580326e-17,1.0836944159867625e-17,1.0831871353592108e-17,1.0834374270960214e-18]"
19.400000000000006,sqp_rti,0,"[0.1153445376323223,-1.1998790186056252,0.11382483779274281]",2.126780239492027,0.010067109018564224,"[-2.980232227667301e-09,0.051944806789013864,0.10015223048004601,-2.980232227667301e-09,0.00013885276877051433,0.012166156827262242,0.02628939512363465,0.03649011462950008,0.053890831380848436,0.1025723842620046,0.4006011108084067,0.26996812964778344,0.2726936437964483,0.284806188135822,0.305823589592184,0.3431678002188477,0.4098732314214118,0.8608073558775515,0.46564974806197484,0.3841700368110516,0.4585848096901975]","[null,1.6626388331508403e-14,1.641815109910229e-14,1.6553744294759326e-14,1.6606218614860887e-14,1.6380711405198574e-14,1.6408731951610115e-14,1.6499067847035677e-14,1.6554024231638337e-14,1.6330784691949863e-14,1.6315487663670584e-14,1.629353075488186e-14,1.640372938844391e-14,1.6468304150423614e-14,1.6576898169968053e-14,1.6720026251804942e-14,1.6626229041579777e-14,1.6426167746407947e-14,1.6534226012812934e-14,1.9686947518180025e-14,4.123645315407926e-15]"
19.500000000000007,sqp_rti,0,"[0.10665253215056214,-1.1999999966563237,0.09859500125358513]",2.1393561090797295,0.010828092694282532,"[-2.980232227667301e-09,0.07740898221171905,0.14049024020806372,0.20772938051500206,0.270333879818147,0.3101737613844951,0.3279310816914263,0.4135799570451482,0.45224282541596567,0.32537717631133206,0.3140756435648207,0.3311017502815055,0.34758916746549745,0.3653299553839247,0.38638342256685904,0.4152741771900004,0.5425581872641743,1.0471857681036567,0.7060120920819226,0.4958136117886596,0.5166487082102236]","[null,8.780374117654865e-17,8.719636031831739e-17,8.651179662653373e-17,8.636750827464949e-17,8.632648117730371e-17,8.628764233780083e-17,8.641455686274882e-17,8.775154235919939e-17,8.647492958002771e-17,8.608664372792984e-17,8.615163714840798e-17,8.635101271844163e-17,8.676018883677156e-17,8.763561918606829e-17,8.869489448243642e-17,8.738244480358291e-17,8.631695920440848e-17,8.686532298694828e-17,8.905315088817964e-17,2.8561468379739207e-17]"
19.60000000000001,sqp_rti,0,"[0.1351894729240029,-1.0212062942116953,0.14711955538905874]",2.145151754712354,0.012062929570674896,"[-2.980232227667301e-09,0.0240057649082715,0.06048937443340635,0.085509523594056,0.09393416700647778,0.08880632594316468,0.077868660016917,0.11315495462658448,0.17073942497600286,0.1257060014822649,0.1342849503014179,0.14838408140506304,0.16721576500559793,0.19431137371121637,0.23445879019313126,0.38136290064137485,0.5530044904932481,0.3084146417687557,0.3487847686458723,0.4182672254738014,0.4946090759003539]","[null,9.078414560704906e-15,9.087323408374432e-15,9.087167070493874e-15,9.081704302730579e-15,9.074915514878947e-15,9.074082125071072e-15,9.08797921886665e-15,9.055752626804865e-15,9.052581912895316e-15,9.061804621186656e-15,9.063378450040778e-15,9.068739578792887e-15,9.074253207848734e-15,9.074400799840633e-15,9.058261948417722e-15,9.046486845387558e-15,9.143198239268648e-15,9.102110282683035e-15,9.141438122961434e-15,1.0757867192727411e-15]"
19.70000000000001,sqp_rti,0,"[0.13685971100361263,-0.8724283486281889,0.13997939958853226]",2.158771798557896,0.013845957815647125,"[-2.980232227667301e-09,0.032388987198434915,0.08038198518334455,0.11972963568963674,0.13541615529840617,0.1374653653412919,0.16018989031486114,0.11700703767864945,0.10976342638498765,0.11979957874614017,0.13468539128791762,0.15925644371051711,0.19724485702491928,0.2537519464397187,0.31973465174038723,0.8089875849787631,0.9605913800131034,0.5149128034446384,0.5452324065923235,0.6009620696044606,0.6738306717234479]","[null,1.3818788231511038e-15,1.3849719211539873e-15,1.3830733421336558e-15,1.3828637844929997e-15,1.3824860912179271e-15,1.3884332906708005e-15,1.3688913376039192e-15,1.3805041599492229e-15,1.380741983458491e-15,1.381302868501786e-15,1.3825219045886902e-15,1.3841449561845144e-15,1.3855673973691716e-15,1.3832449491696457e-15,1.3835232851370238e-15,1.383473803009336e-15,1.3818316656373431e-15,1.3839008014982497e-15,1.377956998318374e-15,1.6585927705744472e-16]"
19.80000000000001,sqp_rti,0,"[0.132112016189866,-0.7117929164712113,0.13103865507539494]",2.1734796155904226,0.016014982014894485,"[-2.980232227667301e-09,0.006231863461222897,0.03381171035797409,0.0595251963007602,0.07197946301607666,0.08493411667285927,0.07065062961222496,0.06871566268877843,0.07109048438128768,0.07487304250227994,0.08265815815047334,0.09417315003129617,0.10963011739021838,0.13042876865972347,0.19387116753962702,0.2908900228888521,0.2742235679322736,0.29820332357948126,0.3305073671678949,0.3506762710939853,0.36396424314364567]","[null,7.782539696208153e-13,7.654414030712974e-13,7.615320126197173e-13,7.612464023973821e-13,7.622237125476593e-13,7.620439309694335e-13,7.610211719545153e-13,7.609377321785038e-13,7.608163067773104e-13,7.606663831282082e-13,7.606129623821428e-13,7.607511631750917e-13,7.613273766969904e-13,7.657420144814596e-13,7.614799448238699e-13,7.679552406204452e-13,7.613469520243246e-13,7.62982635424152e-13,7.628911252278235e-13,1.3390769054670323e-13]"
19.900000000000013,sqp_rti,0,"[0.16070018979703882,-0.636668949616456,0.1498599469298104]",2.185138811945217,0.015333214774727821,"[-2.980232227667301e-09,0.00022050767571030194,0.004506573881101705,0.009560224519874094,0.009180288156822425,0.005439568142068307,0.005552241432838667,0.01024247863067168,0.017392977825311295,0.030247771033334925,0.056638833733015315,0.10329569719621717,0.20872447554656476,0.5584917693571299,0.22751745930099504,0.25288238885381703,0.29281958341242104,0.3377890485551987,0.3751444852362951,0.3942840270942199,0.395270049858749]","[null,2.3850690481058496e-15,2.384402642032801e-15,2.3837644258936484e-15,2.3839506634441828e-15,2.3844692904199454e-15,2.3853185929865155e-15,2.3853137074244664e-15,2.3843702465357636e-15,2.3832224962206956e-15,2.3823782608859186e-15,2.3831723888428894e-15,2.3840883167574227e-15,2.3840728616209518e-15,2.3825689586419757e-15,2.380007250438236e-15,2.3820097036620054e-15,2.382370423384148e-15,2.3830010616476946e-15,2.382283710055074e-15,3.420259789122741e-16]"
20.000000000000014,sqp_rti,0,"[0.1614086603456037,-0.5478992762347186,0.14322295966958062]",2.2005383429561927,0.014570637606084347,"[-2.980232227667301e-09,0.00047198071195203584,0.006438422865882754,0.011319717635766946,0.011150076373237117,0.011479830689918036,0.009968009036387226,0.009333580896105087,0.013415377278650109,0.024477819664052103,0.043430613576561694,0.07035103312720353,0.13425068797631107,0.3544479926326723,0.3912337338220134,0.43418668571576485,0.48382327590424695,0.48675696559923837,0.458804633607177,0.4289478349702918,0.5984429166327245]","[null,1.1243237248312418e-11,1.1274233290759785e-11,1.1208937700463656e-11,1.1164633180722576e-11,1.1155671809162235e-11,1.1159231038231536e-11,1.1206468252667009e-11,1.1226225288721866e-11,1.1259935360176871e-11,1.117812776032478e-11,1.1138548605063242e-11,1.1196158949621113e-11,1.1165491005836165e-11,1.1681993434923091e-11,1.1138693142277707e-11,1.1144693964220377e-11,1.1143397843086067e-11,1.1104390267550828e-11,1.1590622343638438e-11,3.854199407325242e-12]"
20.100000000000016,sqp_rti,0,"[0.1687509267244879,-0.5215421256859198,0.16082410872588865]",2.2122470804237464,0.014438197948038578,"[-2.980232227667301e-09,1.250464374824567e-06,3.841163403989212e-05,7.297963381489025e-05,9.546532016080356e-05,5.695631032973103e-05,9.491038724046552e-05,0.0005036725040144518,0.0019045775015207878,0.004977001789554347,0.01188836989930514,0.03352478308706869,0.1708889842751063,0.11526820232382279,0.12554346834142543,0.15541886854124415,0.18263639981864516,0.202451382385944,0.2111008214359405,0.2097107087034818,0.23926397475768263]","[null,2.1379152110935812e-15,2.1372116391721958e-15,2.1367766602694124e-15,2.136722860242039e-15,2.1372751083270067e-15,2.1375827393575207e-15,2.1376212836346955e-15,2.1343330066787697e-15,2.129198881081161e-15,2.129577444180445e-15,2.192362252070549e-15,2.1261402390243244e-15,2.3135038396603405e-15,2.1251866013322424e-15,2.1255544259889705e-15,2.1259976958522804e-15,2.1148052958391115e-15,2.1477674092138073e-15,2.1535378512330538e-15,9.278123124768086e-16]"
20.200000000000017,sqp_rti,0,"[0.15413953994977514,-0.26625286097080175,0.14990466612850992]",2.2262707809712428,0.015034809708595276,"[-2.980232227667301e-09,-2.977033369822024e-09,-4.559374350288081e-09,1.4056687211438934e-07,2.1288036944344668e-07,9.508370985289449e-07,3.5145409039483155e-05,0.00042584720722055325,0.001929438183071508,0.006010879054486218,0.019861064127187966,0.1405713935848823,0.11379413192976956,0.11922544534434892,0.1533011622612726,0.17893122626550167,0.19950725639452999,0.2208100191677616,0.2503149578394968,0.29715360028005905,0.3314142354691086]","[null,1.5929668822072881e-16,1.5929693782247865e-16,1.5930295107333392e-16,1.5930276880925582e-16,1.5932012821223014e-16,1.5918376790668784e-16,1.5879080517136762e-16,1.584603870485027e-16,1.5839154616663802e-16,1.5871311918420502e-16,1.580198316042222e-16,1.5841079694393234e-16,1.5745721336917257e-16,1.573498942214078e-16,1.5743643113482878e-16,1.5759325707941335e-16,1.5993947090223845e-16,1.5746348002971655e-16,1.6265370934947346e-16,5.68328752575237e-17]"
20.30000000000002,sqp_rti,0,"[0.15098490273313542,-0.6210244494991828,0.1395980214312371]",2.240539370074173,0.01501297578215599,"[-2.980232227667301e-09,3.182599378481754e-09,2.2419868406231558e-08,3.9085202513389206e-07,4.2019850127195113e-07,2.3194498944834052e-06,4.0502355627330955e-05,0.0009568990047806314,0.007330564749674029,0.024855464174685704,0.05231298402880996,0.09112001088792426,0.13071118923853647,0.16384575742088076,0.20656946068143683,0.24428319900121204,0.2690108726719565,0.27616981941400703,0.25626012624526756,0.31964966235145625,0.7450605167536899]","[null,2.043025548835322e-12,2.043190846280796e-12,2.0443063841241387e-12,2.0442874529937315e-12,2.052644769936016e-12,2.0541935636569597e-12,2.0743361866021504e-12,2.089833377715971e-12,2.04841612508133e-12,2.0287376739141113e-12,2.024391510998234e-12,2.040798286684782e-12,2.025511871561565e-12,2.029560280517436e-12,2.031778467973771e-12,2.032565764272263e-12,2.035204208758034e-12,2.047658960877982e-12,2.042293563533889e-12,5.270962268548696e-13]"
20.40000000000002,sqp_rti,0,"[0.14915994447596678,-0.2653714676028543,0.13066585924331778]",2.2546759245212167,0.018041491508483887,"[-2.980232227667301e-09,-2.980232227667301e-09,-2.9802318390892424e-09,-1.7008001951257512e-09,2.4105385632022802e-08,9.74078040930082e-06,0.00017855072681083328,0.005208107357226599,0.06291613829886417,0.22450001998110453,0.4594809399786158,0.9322204238759582,0.5140776945477981,0.5095199971350979,0.5193173946412315,0.5454578090576063,0.5864163422489319,0.6370957442509961,0.6634916507661728,0.6544120802356559,1.219729189940719]","[null,1.3593527674530976e-12,1.3593527674530976e-12,1.3593527686770244e-12,1.3594132799702299e-12,1.3703335423554806e-12,1.3717870330813196e-12,1.3705060769575937e-12,1.3529849805710701e-12,1.3591141497521752e-12,1.3564478696670498e-12,1.3593527674275244e-12,1.3593527674275244e-12,1.3593527674275438e-12,1.3593527674275196e-12,1.3593527674275374e-12,1.359352767427547e-12,1.359352767427573e-12,1.3593527674275228e-12,1.3549555243774714e-12,3.530087715032919e-13]"
20.50000000000002,sqp_rti,0,"[0.15757203074594117,-0.05651739634558878,0.1302070848166638]",2.2695377510179022,0.019510118290781975,"[-2.980232227667301e-09,-2.980232227667301e-09,-2.980232227667301e-09,-2.9802321999117254e-09,-8.393681721896584e-09,1.2561453554826851e-06,0.00011634682595645929,0.00133738646018694,0.005702622153929415,0.018548433516951957,0.12303221469847686,0.13293794268470976,0.20114453934668647,0.2754609869514127,0.33025075693121125,0.359235842334553,0.36217572071203535,0.3485403259368461,0.46108117614000294,1.0580637161592363,1.2528518710751786]","[null,2.3346225393318462e-14,2.3346225393318462e-14,2.3346225393276457e-14,2.334623046631053e-14,2.3384702344654083e-14,2.348819805369663e-14,2.369000337615814e-14,2.3397600603499655e-14,2.3349777484190762e-14,2.330941387365366e-14,2.3332227735787325e-14,2.3180618555067762e-14,2.3200167586284145e-14,2.3210191399050685e-14,2.322568926818583e-14,2.3384891702679966e-14,2.3182261816456394e-14,2.329836934765231e-14,2.3346225393399242e-14,5.341286257539572e-15]"
20.600000000000023,sqp_rti,0,"[0.17991392074894655,-0.3713804121425357,0.13793793505057994]",2.2860676742251957,0.019825821742415428,"[-2.980232227667301e-09,-2.980232227667301e-09,-2.980070246128008e-09,-1.0163937608220763e-08,1.9662674473897024e-06,0.00012659657632285715,0.0013957349948011122,0.006166778809539697,0.016649236009626034,0.035061245600641666,0.05824504087080201,0.09233484123553809,0.13413663001949844,0.17770152534846667,0.21548501820805904,0.24094102721800975,0.2504372278052898,0.24775921047585553,0.2843762239372996,1.3645709192854951,0.8199643337092357]","[null,2.6826285843565043e-15,2.6826285843566053e-15,2.6826306139097704e-15,2.68700759551847e-15,2.6924329360057824e-15,2.7059583430799534e-15,2.695322934836473e-15,2.673247265358551e-15,2.6713129918387226e-15,2.6697108954346675e-15,2.6690941764281753e-15,2.672792697285569e-15,2.675415440509768e-15,2.6764656770542418e-15,2.675587608793559e-15,2.6704130727192408e-15,2.674039401639393e-15,2.7080453277290575e-15,2.6728723193829624e-15,4.927872120142723e-16]"
20.700000000000024,sqp_rti,0,"[0.14397875410179534,-0.1026025957144503,0.14329002193081972]",2.2943789724586527,0.017222465947270393,"[-2.980232227667301e-09,2.66001096149715e-09,5.0058750439563315e-06,0.0004803566337001075,0.0031942871678454776,0.00803284642424168,0.016585063429371882,0.10788799996517612,0.09702207469841967,0.11640894116795836,0.1541985865917475,0.18973780505003363,0.22072493128112997,0.2453347717699373,0.26233842009975633,0.27140054656344575,0.2731624588845463,0.2582980906036923,0.2360029273091911,0.559060271233254,0.8266440730604294]","[null,4.608574165075557e-13,4.624002738938558e-13,4.648459468325782e-13,4.65341004262793e-13,4.624937474172783e-13,4.596609982481315e-13,4.611356525592232e-13,4.623909270363912e-13,4.604518634688287e-13,4.6075486728426e-13,4.609362744440337e-13,4.610566544507338e-13,4.611627509928424e-13,4.612669353154043e-13,4.613928408894746e-13,4.615452109258762e-13,4.61828196582041e-13,4.601017604348344e-13,4.617961718898812e-13,8.241903478251382e-14]"
20.800000000000026,sqp_rti,0,"[0.15045653979808377,-0.1101509168340046,0.13719947107909378]",2.3094742607930594,0.016990547999739647,"[-2.980232227667301e-09,-2.964713918807149e-09,6.20183432942234e-08,1.2448934634756714e-05,0.0002464855955709444,0.0016851187434701598,0.006281937057518949,0.01660893116562684,0.03334999597472682,0.05752313834429118,0.09115682890272653,0.13198739548036792,0.17460782332126784,0.21142522307163675,0.23578271497311204,0.24464408860382064,0.23698453828305982,0.2226874692741781,0.26042096839894385,0.30752365738064286,0.7904232206764845]","[null,1.2434471296905195e-15,1.2434866982985057e-15,1.2408424655998327e-15,1.2408790771409306e-15,1.2326955018929338e-15,1.22530026954183e-15,1.2235962475732314e-15,1.2249938432695858e-15,1.2248889399390497e-15,1.2259034485345953e-15,1.2251287233163378e-15,1.2204332471930714e-15,1.2161456902504395e-15,1.2156929738497336e-15,1.2189262576371984e-15,1.2303650291022925e-15,1.2477089086122155e-15,1.2445900389205511e-15,1.216783772612515e-15,9.338552320317813e-16]"
20.900000000000027,sqp_rti,0,"[0.15020582400207377,0.011961716291149171,0.12225168419012278]",2.3252865887030807,0.016886627301573753,"[-2.980232227667301e-09,-3.770430384575363e-09,2.007787385097104e-05,0.0006670134629355728,0.0033970494685336416,0.008677276412454138,0.023238514852318037,0.031542986727399136,0.04997508194048078,0.0742574574225639,0.10158685182709598,0.12922435222908818,0.154356334864368,0.17470122154159357,0.18906066296967766,0.19747508811998388,0.19960700548511562,0.20021856386831233,0.21124430731811367,0.3602372558023504,0.3854737320337936]","[null,1.211731810798912e-16,1.2111077564067493e-16,1.204851414788442e-16,1.2026545656459586e-16,1.1966156991720093e-16,1.2250299444595318e-16,1.2075702781577802e-16,1.2138633494417474e-16,1.2172304487651978e-16,1.2164244530771304e-16,1.2141522837781442e-16,1.2123383215071635e-16,1.212002292291855e-16,1.2132334144810443e-16,1.2051883270493467e-16,1.2381728868122908e-16,1.2055227733830633e-16,1.216369682480132e-16,1.2151440173191796e-16,5.814927059297304e-17]"
21.00000000000003,sqp_rti,0,"[0.16081679497695117,-0.07444743815615215,0.11767053845224637]",2.343033753060055,0.017832763493061066,"[-2.980232227667301e-09,3.337256423985302e-08,3.0894665245639885e-05,0.0003909776071986948,0.0018334967322842233,0.005526558756619171,0.012676123911700199,0.02468094785103575,0.042594453117211384,0.06695964739447363,0.09762803632094547,0.13344683228380277,0.17133096468035164,0.20504446961470962,0.22603185545484267,0.22851923304595517,0.21036676129804183,0.19921703759230197,0.20429104384298996,0.3189124347742716,0.2720156010567248]","[null,1.4544886439699858e-13,1.4553095242268583e-13,1.4569418794749022e-13,1.4606200512301633e-13,1.4644411521855623e-13,1.46325329615276e-13,1.4582571692138513e-13,1.453664126563571e-13,1.45009332965851e-13,1.448004112408871e-13,1.447573702331644e-13,1.4477575094079919e-13,1.4470661310055015e-13,1.443835517837147e-13,1.4556779839484229e-13,1.4483565293605389e-13,1.452217911941668e-13,1.451671008070591e-13,1.4637012596879953e-13,2.0461838425948897e-14]"
21.10000000000003,sqp_rti,0,"[0.134511868851554,-0.30194315325667276,0.1396401083848889]",2.348780142924714,0.018196532502770424,"[-2.980232227667301e-09,3.2130691599852046e-06,0.0006625905181269487,0.004647487312429643,0.012479366274112114,0.023586665993151013,0.0393117209518124,0.05988118038330442,0.08415642011901242,0.10900800115232007,0.12993756291436115,0.14285650292438917,0.14632416064203363,0.15421869598560872,0.1913815055164208,0.2060268254356406,0.18694079703888083,0.3749806997364907,0.24598226715904198,0.14540621735164888,0.1887290334166501]","[null,9.983119751542407e-15,1.0016733451770283e-14,1.0161413460306393e-14,1.0079417223492363e-14,9.994466263754376e-15,9.968367375816445e-15,9.959185197213918e-15,9.954863659343412e-15,9.95428534799313e-15,9.95797217007445e-15,9.961016254338004e-15,9.936214075437866e-15,9.95731329559715e-15,9.960748135748378e-15,9.961009682297564e-15,1.0009635842293164e-14,9.990454565752434e-15,9.97838326097795e-15,9.92919291398377e-15,1.4030950906975759e-15]"
21.20000000000003,sqp_rti,0,"[0.12970362160527427,-0.012808409011629829,0.12581601476474946]",2.36457247193768,0.01689949817955494,"[-2.980232227667301e-09,2.9957859504214923e-07,0.0003115513478561538,0.003157445650823487,0.01104137338342942,0.028218154086136427,0.05789690230648442,0.09798623121573408,0.1439221239634943,0.19251039295652533,0.24393153964810993,0.30081581712439204,0.36118220264112894,0.4041437656925638,0.40965705847333994,0.39555168755583453,0.44892855469125764,0.3410860618593404,0.3632429167290255,0.471997393748201,0.3595099262171189]","[null,5.8886311375130854e-15,5.884366689927706e-15,5.894701504569767e-15,5.900487054850798e-15,5.871041893057326e-15,5.857563065097436e-15,5.848505742361991e-15,5.843402950236587e-15,5.8409875860535095e-15,5.8432876333181824e-15,5.858538742996088e-15,5.8969153176445864e-15,5.87944823206134e-15,5.81992735978001e-15,5.848590730436361e-15,5.8986485216739904e-15,5.8541023610027445e-15,5.8253918028683884e-15,6.0906170852997554e-15,2.8288332243719343e-15]"
21.300000000000033,sqp_rti,0,"[0.10265664080273976,-0.6605869499489115,0.0828898077485902]",2.3802533938913535,0.018022850155830383,"[-2.980232227667301e-09,7.39482164613392e-07,0.00018258555403871668,0.0015827833139057668,0.005690894931412782,0.014387296934635085,0.029330097161636648,0.0501555112142274,0.07332758545926216,0.09270804707341612,0.10217988094224989,0.10907315066480266,0.36754115049143793,0.500760947997615,0.4001250991308794,0.8976754987360891,0.6649305967878021,0.45542835360097006,0.39310009234800064,0.4099827207931284,0.38703273963050294]","[null,4.060310382915378e-13,4.072773951436381e-13,4.07456405350882e-13,4.063203298743301e-13,4.0540968462898676e-13,4.051511386122936e-13,4.051424080110109e-13,4.052580014232204e-13,4.055459872722912e-13,4.0715415474272734e-13,4.056748470526139e-13,4.0566030727254315e-13,4.058631807485379e-13,4.0586318074828403e-13,4.0586318074858483e-13,4.05863180748833e-13,4.0586318074858473e-13,4.0586318074856474e-13,4.0586318074872675e-13,6.51391893639344e-14]"
21.400000000000034,sqp_rti,0,"[0.11990306617768819,-0.26844504401235586,0.11242473394598582]",2.387127116999512,0.014462887309491634,"[-2.980232227667301e-09,2.49840156635317e-06,0.001765486087942858,0.017511110900333027,0.07972845351325192,0.1901158529216616,0.30427532290854914,0.3942722597915605,0.4565768472719441,0.49666539798632386,0.5198799327758976,0.5294168764593763,0.5273102325468144,0.534903348642598,0.6674665420458197,1.7359676757089744,0.9964045901976533,2.1002551454805145,0.5195958855970673,0.407785634024674,0.5305287191680319]","[null,1.1610764853072291e-15,1.1531674643204155e-15,1.1555041080545254e-15,1.1630974977491013e-15,1.1631747163505412e-15,1.1603804582100707e-15,1.157950479316526e-15,1.1564014072426923e-15,1.1580176992035836e-15,1.1593627144410734e-15,1.1593627144412248e-15,1.1593627144412248e-15,1.1593627144411239e-15,1.1568630286789513e-15,1.1560771626074923e-15,1.186516012042298e-15,1.1593627144410229e-15,1.1566624850106422e-15,1.1979362687390388e-15,4.990159994813444e-16]"
21.500000000000036,sqp_rti,0,"[0.08843584703827068,-0.45692806704742567,0.07059929634659841]",2.4016471387705307,0.014612453058362007,"[-2.980232227667301e-09,9.273740885917814e-05,0.0027556937304543117,0.010257343279159337,0.02884161628028986,0.06090412927522665,0.10274412671281646,0.1485467919934827,0.1948883511138398,0.24403157071700293,0.3226954684910311,0.41318563060229324,0.4675245923367413,0.46872236096380676,0.4522820159444308,0.4180458065351232,0.5532120466911976,0.8950142624241095,0.24100626256760976,0.27464607741896147,0.2905011511565057]","[null,3.832635007520661e-12,3.8271336965454355e-12,3.824970848188956e-12,3.831802144223723e-12,3.8305895386819654e-12,3.830001705459875e-12,3.82693834382582e-12,3.832842907634416e-12,3.82809314773786e-12,3.824307100200377e-12,3.826834882944709e-12,3.825954591752534e-12,3.8252780624000046e-12,3.853120305235112e-12,3.8394045512370124e-12,3.8255184027061205e-12,3.827065039115159e-12,3.842426538052987e-12,3.906157198270321e-12,7.124994403750929e-13]"
21.600000000000037,sqp_rti,0,"[0.11208906160784712,-0.1569681023040842,0.11289534030574175]",2.4071107118913075,0.013343548402190208,"[-2.980232227667301e-09,5.358176442316065e-06,0.0031757662911882645,0.049639381216885436,0.13634270800661313,0.2101791776024456,0.2565634616714661,0.2840207167726277,0.3121352775164368,0.37095328702020397,0.42409822415255577,0.4451652507762958,0.42858388301209943,0.8292388009043641,0.3564774523129593,0.18420985397330442,0.17801581435199837,0.31310375511591176,0.13053019038686103,0.19221451377668225,0.9443052494584208]","[null,2.986547248875031e-16,3.056558645646745e-16,2.988434047480679e-16,2.9884638372676072e-16,2.9909981465236606e-16,2.9930131865909e-16,2.9929233072134916e-16,2.993625023372944e-16,3.0006747964500295e-16,3.000987476448831e-16,3.0067823417026773e-16,2.987182458485388e-16,2.987581236693002e-16,2.9943572442650993e-16,2.9908999270654143e-16,2.995819246537071e-16,2.992285472104405e-16,2.990915280304987e-16,2.988071740603313e-16,3.2017000969109926e-17]"
21.70000000000004,sqp_rti,0,"[0.0650977306880147,-0.6160766406899818,0.061197473194006376]",2.41903723890904,0.01496367622166872,"[-2.980232227667301e-09,9.58039386640408e-05,0.004311301732569939,0.02211890075533135,0.04498806355852275,0.07557270864325077,0.10475322454484443,0.12154778956772178,0.11655204211983944,0.05876314495816076,0.008408783885110627,0.01855509733098587,0.02667171692280662,0.15363079376036987,0.1361192285923714,0.26139628335367676,0.3287340641065651,0.32328986618105376,0.301160754108804,0.26938487607039435,0.5378677388439257]","[null,5.371773874596362e-17,5.376744831391291e-17,5.3827577737905827e-17,5.3649274236528313e-17,5.3610493910360244e-17,5.360625546719378e-17,5.3618029981336173e-17,5.358349583416966e-17,5.360465081314192e-17,5.361603841355279e-17,5.362448668218302e-17,5.3635570102271703e-17,5.3593299236689064e-17,5.366441859360947e-17,5.358470152140219e-17,5.366664367512601e-17,5.3630344855252684e-17,5.363552823917789e-17,5.3643890962873277e-17,5.53676287308849e-18]"
21.80000000000004,sqp_rti,0,"[0.05924064430661974,-0.28721758973593003,0.07717622218571886]",2.4206351138082116,0.012896113097667694,"[-2.980232227667301e-09,-2.451502612021983e-10,1.2363529323461409e-05,0.0034590533344472374,0.03275062584371541,0.09093878663629767,0.2175337490788934,0.6372139532758581,0.5837787837679513,0.4584079162853925,0.3637290476971032,0.36117205459025287,0.32837836300546003,0.3608421939162952,0.37950713188141966,0.27755536937237296,0.23394744180801724,0.1728817267568779,0.17403936031837902,0.2079885423119528,0.2922260079151638]","[null,2.310246426261569e-17,2.3104039804973846e-17,2.3087243731901213e-17,2.3032688385937942e-17,2.3017949773562705e-17,2.3018422855593268e-17,2.3102464251331825e-17,2.3102464251325514e-17,2.308558569196527e-17,2.29835740153718e-17,2.298239766567439e-17,2.2970859395171962e-17,2.3057325385958592e-17,2.3084192392701513e-17,2.2984030038846957e-17,2.312577442689809e-17,2.295225589049981e-17,2.29889051334944e-17,2.298638913598576e-17,6.227864035543089e-18]"
21.90000000000004,sqp_rti,0,"[0.08207885465325604,-0.3059065283706682,0.06240653703068558]",2.436254459021615,0.013080183416604996,"[-2.980232227667301e-09,2.9793549544132603e-08,6.479762921496324e-05,0.0006261356568172949,0.004726343754367701,0.02557816707960542,0.05696631238276312,0.18484278413900485,0.23359688339449464,0.03786583954525541,-2.980232227667301e-09,0.0017230464862832418,0.0415528724164787,0.256847874791103,0.2269495000974729,0.18323820672287444,0.2097226193918294,0.18663449617565037,0.23206840069278983,0.20080866513674495,0.2289700899478298]","[null,1.216272649099942e-16,1.217746218846293e-16,1.2162637063050125e-16,1.2127077494641697e-16,1.2116872711019403e-16,1.2126207618649842e-16,1.2108379064095195e-16,1.212405357318565e-16,1.2100444138547264e-16,1.2162480328079807e-16,1.2148396777272995e-16,1.207309818174674e-16,1.211727737352302e-16,1.2110045687514313e-16,1.2101291466079793e-16,1.2135260905629971e-16,1.208951873478198e-16,1.2262032682270528e-16,1.2082532310399735e-16,1.7644933133783795e-17]"
22.000000000000043,sqp_rti,0,"[0.08174132435286632,-0.20582934201546416,0.08023259484525903]",2.438037064803072,0.012507937848567963,"[-2.980232227667301e-09,0.0002293049613432685,0.013146360840434579,0.04626421378446893,0.08317070478326444,0.1144339252466125,0.14752551302257616,0.02102319848483064,0.10571433330273977,null,0.006048637531296752,0.036680063453373546,0.004136483284149339,0.0020163182352569975,0.07653910513343548,0.39294904296992855,0.0724843467309853,0.11115586026327123,0.23293648658214822,0.3837394157602148,0.3763902079484865]","[null,1.9089418596249813e-17,1.9121487032111147e-17,1.9072073890738656e-17,1.9058271200643412e-17,1.9055850529326373e-17,1.9056532380631334e-17,1.9062917973827553e-17,1.906183932545571e-17,1.909113297067413e-17,1.9064855160190702e-17,1.906117330033503e-17,1.909004766362836e-17,1.9091783278006332e-17,1.9090430702027043e-17,1.9038485738110216e-17,1.9047311385630113e-17,1.9103813586071705e-17,1.9078591305198534e-17,1.941737505583351e-17,3.541511154051221e-18]"
22.100000000000044,sqp_rti,0,"[0.05638906208649415,-0.5238381239259989,0.06575219661552661]",2.452603671283569,0.01191539317369461,"[-2.980232227667301e-09,0.0006238200431894492,0.005462314881916452,1.7973618202438146e-05,-2.980232227667301e-09,0.01273404926399807,0.05997154935729726,0.11403628214701628,0.12930988804381088,1.0445912393131085e-06,0.010472173994082123,0.08481944699543648,0.2699168287997729,0.23626502359159823,0.34446180565136403,0.15048966006109482,0.19144132270556186,0.22567739600515752,0.2433912988989107,0.26540637967369635,0.28875634146527657]","[null,7.269826375347014e-15,7.250986448750316e-15,7.282041596044866e-15,7.270607317222372e-15,7.24783198581115e-15,7.263450887836641e-15,7.248953704825364e-15,7.264321840352328e-15,7.282877299317507e-15,7.228896747205857e-15,7.25561915228887e-15,7.35252261901225e-15,7.262874568150649e-15,7.248246809563557e-15,7.295564455160627e-15,7.234089752067985e-15,7.227567397007536e-15,7.409020503439326e-15,8.148214957324034e-15,3.465235463783449e-15]"
22.200000000000045,sqp_rti,0,"[0.11032368640840537,-0.5628342559329992,0.08894534926639763]",2.4560046539740914,0.010594375431537628,"[-2.980232227667301e-09,9.080578177833587e-06,0.019071428495268716,0.04767738600915622,0.0706296748878586,0.08445639450259962,0.1055663773780296,null,0.0031264305274810167,0.01320099845474837,0.43616151494852035,0.06983628450379414,0.0986113518813106,0.1470518546227691,0.1043069511427504,0.14985533177464988,0.1875718511887719,0.2159167390781323,0.25925755928437316,0.2405838353269008,0.22851162918014617]","[null,3.1002878027846945e-13,3.0852775699936466e-13,3.0804805776518124e-13,3.08344948892436e-13,3.0779587766062553e-13,3.0799988597584317e-13,3.0944314347670636e-13,3.088990886885707e-13,3.0737972931948414e-13,3.0720839570716137e-13,3.071492433744684e-13,3.0660219786217325e-13,3.1063879261075827e-13,3.074842211063175e-13,3.079667270872648e-13,3.1552079363482127e-13,3.077144339408943e-13,3.0849704000039287e-13,3.164683790035081e-13,5.237077212013141e-14]"
22.300000000000047,sqp_rti,0,"[0.05504031865061567,-0.3938229783023748,0.07357208729240931]",2.4685661041489055,0.009625732898712158,"[-2.980232227667301e-09,0.023025255235055664,0.0849395608868278,0.022567936243963527,-2.980232227667301e-09,0.0567210772917946,0.08174998728435129,0.10329405444624201,0.12395915621737857,0.06618018702029788,0.2750381349452951,0.16965616856506643,0.1512640167506028,0.2963608895926029,0.13259272840298025,0.19989293098997934,0.23285641623253356,0.24925471256431636,0.2504898725605436,0.2451576096739359,0.3619373915851483]","[null,7.476488105112971e-13,7.474656685017874e-13,7.47517275487207e-13,7.489657863610264e-13,7.476606661457545e-13,7.479970250728989e-13,7.467149910235739e-13,7.513552391300508e-13,7.559548269593606e-13,7.484879260401774e-13,7.459942696533497e-13,7.459516142335702e-13,7.470445124647507e-13,7.543896614891065e-13,7.467883480632391e-13,7.495366870245886e-13,7.514796989933143e-13,7.503332150059617e-13,7.5768340118827e-13,1.4181066151608917e-13]"
22.40000000000005,sqp_rti,0,"[0.0880081172434872,-0.47870983598216094,0.08875544458409586]",2.4749161421838486,0.009061623364686966,"[-2.980232227667301e-09,-2.980232227667301e-09,-2.98023286604554e-09,0.02052598301669023,0.07307313074688865,0.07051109012915618,0.09827293672196619,0.009578775319901756,0.7102801027930894,0.2365778585420813,0.2325376422173136,0.329246175366017,0.20054133233328458,0.21433548744692105,0.2664954486198104,0.35563007208562497,0.5271405924877939,0.6256371221266306,0.5922425658457058,0.6086458429539945,0.513314822811705]","[null,5.690577112128563e-12,5.690577112129016e-12,5.6757408530303635e-12,5.667617651365866e-12,5.666875969577045e-12,5.680317682366638e-12,5.690206847126522e-12,5.6619027541396e-12,5.665163464846974e-12,5.662719152599886e-12,5.668655337391608e-12,5.6736841269153695e-12,5.684041279977396e-12,5.677623851154499e-12,5.673870551883862e-12,5.657057015900694e-12,5.690577112324584e-12,5.6905771123245134e-12,5.690577112325562e-12,8.035701585769472e-13]"
22.50000000000005,sqp_rti,0,"[0.058849924345506524,-0.4969837358082859,0.08212985541461323]",2.4850203652589866,0.008684210479259491,"[-2.980232227667301e-09,0.021030503822228763,0.07564871772335097,-3.010837801298294e-09,null,0.021356791602049452,0.026919082537870065,0.3204753752274712,0.11652220642905392,0.10964590970151727,0.10925724387968799,0.16116047698357577,0.16049506413309872,0.2510804476042566,0.26799057493581274,0.27347001586180825,0.2950387990276269,0.35169422688291335,0.7324776473285481,0.6687240262575294,0.6063941081219439]","[null,6.519973073747902e-14,6.507795866713059e-14,6.550063357967971e-14,6.550063358193588e-14,6.510423044812232e-14,6.502567264486302e-14,6.505048617428705e-14,6.510921146748539e-14,6.51418846132319e-14,6.520549671910696e-14,6.495452461649902e-14,6.502403799053665e-14,6.494808073704941e-14,6.488477416212577e-14,6.494255386672139e-14,6.52039268881173e-14,6.537807506864182e-14,6.521222222094694e-14,6.561155038442678e-14,1.6827512346606482e-14]"
22.60000000000005,sqp_rti,0,"[0.10822354008742233,-0.24131691341316452,0.10713359215268706]",2.4933962402642442,0.008454695343971252,"[-2.980232227667301e-09,0.0005233657604833408,-2.980232227667301e-09,0.0009301023019155363,0.025291089552045787,0.010056816988414152,0.26590948308182477,0.09495398894029333,0.12738217700082838,0.18085057893377937,0.11456258491560406,0.1348545856306636,0.1589789061309162,0.17250659604980428,0.19725023839002348,0.2117813508798106,0.2107313592362024,0.2509114184545938,0.42993348655792013,0.4396504129644872,0.3555290720060283]","[null,3.993938514133768e-13,3.990942143725221e-13,3.9881930881709113e-13,3.980916316720179e-13,3.9816111681469063e-13,3.972145476659672e-13,3.972758451487773e-13,3.974875014640866e-13,3.9861611831415594e-13,3.9742482868360056e-13,3.993572303150745e-13,3.982702151523193e-13,3.9758005449490716e-13,3.976090055051392e-13,3.9753289807714665e-13,3.976212274430876e-13,3.976128331843495e-13,3.9809473571154573e-13,4.021242774570293e-13,5.20129666421992e-14]"
22.700000000000053,sqp_rti,0,"[0.08492123407940169,-0.593500492465159,0.11059955540292889]",2.5045649175918023,0.008556745946407318,"[-2.980232227667301e-09,0.0327050557406004,0.08134800560212058,-9.238930925858924e-09,3.997399244948241e-09,0.0804367271474618,0.0029272603372654804,0.02208578610292805,0.04052556478041219,0.04533355910209452,0.08866975518146064,0.10604630152662936,0.10956983526433534,0.12764491042203102,0.10329739659411336,0.07774323654499665,0.06824797530990417,0.10534192801249348,0.23519943119005832,0.2079455742111705,0.2206611189735142]","[null,1.203664600557037e-17,1.2040317523762499e-17,1.2048098769476597e-17,1.204809967127714e-17,1.2031416012461223e-17,1.2034908402833778e-17,1.2032434075198517e-17,1.2045231892739943e-17,1.2037646188604853e-17,1.2044711171538153e-17,1.2043577866850141e-17,1.2035857609752296e-17,1.2046851522880638e-17,1.2061354995831852e-17,1.2042217467762499e-17,1.2040096492762356e-17,1.2044213871604018e-17,1.2038432970249433e-17,1.2053018931747555e-17,1.5999438932485385e-18]"
22.800000000000054,sqp_rti,0,"[0.10011667927921339,-0.5779697428543088,0.12060501267611659]",2.5140563554982203,0.00917857512831688,"[-2.980232227667301e-09,0.0053277950140929176,4.1088810964762246e-09,0.0014070683621155156,0.054430160423451224,0.0507573509717581,0.07509144629324,0.1061679710410644,0.13410247348234777,0.198574857721394,0.22789474381481228,0.2099326925585146,0.2066381564392799,0.22709507492639852,0.2648841083159111,0.3918652489088335,0.5484692283567838,0.3725625003005096,0.33850618270918603,0.3380825057229416,0.38975486625305394]","[null,2.7410872976197095e-17,2.7405800492534134e-17,2.718580080778994e-17,2.7034216467943136e-17,2.7200847877546042e-17,2.7849000279449274e-17,2.7170185330758306e-17,2.7222721404143204e-17,2.7233555552566695e-17,2.7225376999140275e-17,2.7164799631198213e-17,2.727568336326026e-17,2.72707044567265e-17,2.7287656795457798e-17,2.7122643916184645e-17,2.721564466700571e-17,2.799075423021114e-17,2.7290213928799916e-17,2.781314755095152e-17,5.069179053845803e-18]"
22.900000000000055,sqp_rti,0,"[0.101910029625058,-0.25003794885142,0.13029951976790038]",2.525426933735181,0.010179154574871063,"[-2.980232227667301e-09,0.0047984928033340535,0.1401692518057061,0.030794416269425195,0.05258247160125046,0.08573041377595764,0.3161945211613045,0.10162757634316649,0.15102328308756513,0.18964993034598338,0.1888436034833177,0.1877319619134184,0.17957408091685495,0.17141751417307988,0.1758201119589316,0.3127829861048255,0.5163170437569249,0.37016983119039254,0.3156519564674987,0.3669043817986786,0.42701552006244264]","[null,2.9839839976840993e-16,2.9534937014916933e-16,2.9637726377385535e-16,2.960049601706929e-16,2.960931500339217e-16,2.9480441656784367e-16,2.9596293583068123e-16,2.9668601437434537e-16,2.953273718363385e-16,2.9500971756289163e-16,2.949880745843145e-16,2.952251797924104e-16,2.957617027666034e-16,2.9676150998714496e-16,2.955599432710311e-16,2.949615436528213e-16,2.9592225395815364e-16,2.983892342599726e-16,2.9756324967445077e-16,3.8920233531060734e-17]"
23.000000000000057,sqp_rti,0,"[0.10565520326280728,-0.41955005520308686,0.12526903610240606]",2.535457699097538,0.008485458791255951,"[-2.980232227667301e-09,0.0073412506604258465,0.04934707807837385,0.09511442679881982,0.16461180048871943,0.1628093738073531,0.14462645936160073,0.16667014148798104,0.17177160988944423,0.19002704631519834,0.2687517402868725,0.3307671122970646,0.34934068560123493,0.38009712903446485,0.3798244190918226,0.4825995002555857,0.3640313806805196,0.409184234052362,0.460532079340976,0.5102374822595024,0.5151408521969312]","[null,1.5411739549971688e-14,1.5471374767719384e-14,1.5396179307723105e-14,1.5457546346219355e-14,1.5479059941764842e-14,1.5374681164970276e-14,1.5365234659266332e-14,1.549945911978598e-14,1.5420832808310454e-14,1.5404989783749207e-14,1.5401883846379276e-14,1.5389520533511385e-14,1.5401584807732914e-14,1.538639693789959e-14,1.5414094083212092e-14,1.553663780795719e-14,1.5426136317944928e-14,1.5398173456499528e-14,1.53901855426132e-14,3.8282927947319735e-15]"
23.10000000000006,sqp_rti,0,"[0.11437768720520518,-0.202762902569007,0.12974832866232122]",2.546439442082435,0.009926579892635345,"[-2.980232227667301e-09,0.0006282025728110985,0.004387181524285577,0.01343106378885689,0.06661552489472627,0.06818671941987092,0.18073475056599336,0.34335985799938556,0.4194075659463408,0.44896596822517837,0.4583835218642179,0.48260425631332,0.5141278043299848,0.553274633137957,1.2809765173382572,1.0870949855215997,0.6584865940349942,0.6959211775625931,0.7465351794853461,0.816933554396887,0.8765059272280211]","[null,1.4598005378104438e-13,1.4582759204433896e-13,1.4568849007308574e-13,1.4545810840477347e-13,1.4576667247758532e-13,1.458340806749214e-13,1.4525448891934618e-13,1.4534925354682561e-13,1.4537437463983516e-13,1.4544228866211428e-13,1.454992342451289e-13,1.4562590140193332e-13,1.4562414753592742e-13,1.454417639211439e-13,1.4548878370943497e-13,1.455056123051569e-13,1.4550224617605643e-13,1.45479414047117e-13,1.4536812605685394e-13,2.123716650561762e-14]"
23.20000000000006,sqp_rti,0,"[0.1728926245461552,0.11217969109287537,0.1699072824084151]",2.5609891511859506,0.0110393725335598,"[-2.980232227667301e-09,1.7613194191662407e-05,0.0018740791880643148,0.028978167422191003,0.04154713773164148,0.1147974485888355,0.17828785223479998,0.21001801549059423,0.217593956608863,0.21419683542619056,0.2101759540942048,0.19796721120202038,0.27072001829291,0.3265001906504395,0.32364018714279014,0.3010635135154239,0.36327963335067076,0.4493257362571253,0.5078602362107592,0.5288351972386696,0.5316900432814584]","[null,1.0300777696651317e-16,1.0285356203661624e-16,1.0288466117543012e-16,1.0280739499282873e-16,1.0252561895214394e-16,1.0281475222790148e-16,1.0248933927839179e-16,1.0257883027572148e-16,1.026518056978002e-16,1.0289013569926401e-16,1.0350322806504057e-16,1.0286341139188633e-16,1.0267559595242917e-16,1.0323488267434478e-16,1.0288360059114628e-16,1.0245510787034277e-16,1.024675301028516e-16,1.0254692904848369e-16,1.0278051095507742e-16,2.7322951017679556e-17]"
23.30000000000006,sqp_rti,0,"[0.15585237764032694,0.895341308316783,0.13366072915040114]",2.578432123317962,0.010620459914207458,"[-2.980232227667301e-09,7.882921279869781e-05,0.005324490007512506,0.019071679914980433,0.04488057658666095,0.05769173879857875,0.05383310672429148,0.055948813514185514,0.0545226096213412,0.049629305335588125,0.04945051095168901,0.07854167119255423,0.24813436513042292,0.3804610929688124,0.21006238336421462,0.28091039943347057,0.3688639053816097,0.470490478558326,0.5736917146995466,0.6861759914313204,0.9938558485346618]","[null,3.4038903902979923e-15,3.3966857972730155e-15,3.393335544909202e-15,3.3906252575942674e-15,3.3916398775849497e-15,3.3933415469323327e-15,3.401480171468878e-15,3.4076893141565863e-15,3.406557165646442e-15,3.4117245269792797e-15,3.4091177799315893e-15,3.3957989079343495e-15,3.395303038271022e-15,3.408760072170755e-15,3.379333592233242e-15,3.3953284703436595e-15,3.4043374228204192e-15,3.4729791368237305e-15,3.7381975222700525e-15,1.2284357782991519e-15]"
23.400000000000063,sqp_rti,0,"[0.13873636038526907,0.41350536136367777,0.10167415036321582]",2.596301092897055,0.008292068727314472,"[-2.980232227667301e-09,0.000653166667776317,0.06325134292164308,0.20283620812106734,0.2905176694166272,0.3004531932491233,0.2866748213035322,0.2715280186452958,0.2560981900313635,0.2353324763146361,0.3136807263864981,0.33933891231727814,0.23622030874953098,0.23199887404641722,0.320287519319227,0.45764043595303044,0.5868073364532218,0.6336427654125323,0.5540641219581104,0.5409298033322834,0.6219014054598062]","[null,3.550388433231126e-17,3.541637747409337e-17,3.531404332564533e-17,3.529009664926421e-17,3.53307868425704e-17,3.533066405542387e-17,3.5301453687613267e-17,3.534293467295618e-17,3.539925336149318e-17,3.5372429898262953e-17,3.533091419284182e-17,3.5464117987264034e-17,3.566276359847793e-17,3.5350557060713704e-17,3.518908181360449e-17,3.534484165728101e-17,3.544457807904363e-17,3.5444578078942656e-17,3.5444578078942656e-17,5.086479108277246e-18]"
23.500000000000064,sqp_rti,0,"[0.13927610101000554,0.5773633900256361,0.11343606861461894]",2.608011098451102,0.007838428020477295,"[-2.980232227667301e-09,0.01858714118207133,0.10280437435681195,0.1580147268985826,0.1744048481929184,0.16318432304751412,0.1416899488888504,0.12041685192059931,0.10518294121769572,0.1024915542176899,0.11373211158637703,0.14787753422559718,0.25390240597734676,0.4660413297224693,0.34894971834958427,0.3742580567553276,0.4932454906162221,0.5758098628371868,0.6779850014392437,0.7946033795580021,1.178057640459248]","[null,1.4446743771596707e-17,1.4433852244902318e-17,1.4426490310894383e-17,1.442917612799839e-17,1.4423459554123307e-17,1.4425804371447154e-17,1.4430336383961458e-17,1.4432857813686198e-17,1.443109419651314e-17,1.4431041830260177e-17,1.4431709767750088e-17,1.4429329549680963e-17,1.4434635720424533e-17,1.4439319246259595e-17,1.442324748794044e-17,1.4426225898602905e-17,1.4427031152668825e-17,1.4442341136890428e-17,1.4431649616386624e-17,1.816930697797424e-18]"
23.600000000000065,sqp_rti,0,"[0.10469884559498066,1.1999999999633009,0.09855059004590047]",2.6170563643231364,0.0076726265251636505,"[-2.980232227667301e-09,0.044015183933361623,0.11616804753569171,0.15292232916251153,0.21099180612245122,0.33523879051994926,0.4468404136863214,0.5050144374250152,0.572209339290622,0.4602453837150218,0.3773611126830659,0.3485162587508455,0.3293809130427235,0.43893613775107526,0.5407237465524914,0.6089414257393322,0.6260021085060259,0.604260811769511,0.5839575055124449,0.5283189952686314,0.6028351603017554]","[null,2.3750053974009825e-16,2.379919176644189e-16,2.386647853548491e-16,2.3740145559263255e-16,2.372751061518488e-16,2.3711331362362134e-16,2.3766005903799595e-16,2.373335363694014e-16,2.3764344719505736e-16,2.369749052237039e-16,2.392831032105886e-16,2.4040377228075685e-16,2.3799136835810386e-16,2.3746621774400866e-16,2.371155056098607e-16,2.3721601523218806e-16,2.374402368644492e-16,2.3810864431570703e-16,2.393855809366439e-16,4.312442947901396e-17]"
23.700000000000067,sqp_rti,0,"[0.12680284853589127,0.7102409298079595,0.10850893493596776]",2.628586012541049,0.008021228015422821,"[-2.980232227667301e-09,0.015162390239095214,0.07629926834506479,0.1277877689674199,0.14836708412486815,0.1569055635875472,0.2100425066790848,0.3196763257563589,0.4578450694680612,0.5763565877383143,1.4452756865047902,0.5010002981487076,0.46354613757207447,0.48249631823130096,0.5242126738014201,0.5787931973168818,0.6403944341029193,0.7045053076285128,0.7459849960407883,1.0926526193798345,1.044709148945789]","[null,6.016139795968962e-15,6.024815402374856e-15,6.027066172983854e-15,6.028049014884851e-15,6.027952617688783e-15,6.039057222535545e-15,6.024411572993653e-15,6.007883673906555e-15,6.040036536352675e-15,6.040036536352448e-15,6.040036536352094e-15,6.0400365363527e-15,6.040036536352069e-15,6.040036536352195e-15,6.0400365363512864e-15,6.040036536351943e-15,6.040036536352145e-15,6.0400365363517156e-15,6.040036536351463e-15,1.1054276102939287e-15]"
23.800000000000068,sqp_rti,0,"[0.09667515432080664,1.1999998854766547,0.08513834084433955]",2.6367827668607915,0.008768051862716675,"[-2.980232227667301e-09,0.033628455517235534,0.0739237853803914,0.09283268348803803,0.10323939057937254,0.10646252855884059,0.10197234579065545,0.13943914304554356,0.1595567571689152,0.19613229015279715,0.23525329884815777,0.31615539744387783,0.4377544852270832,0.542569949380028,0.6081048653245886,0.6277757883753254,0.5777884795125103,0.5576013042550272,0.6118718410630215,0.7034767798713275,0.8385901393446671]","[null,1.7659789683525122e-12,1.7667782301557655e-12,1.7657211515529576e-12,1.7663041952521776e-12,1.767119218993051e-12,1.7713888804886266e-12,1.7667149983444953e-12,1.7654003805088395e-12,1.7726443849973672e-12,1.7775505856825262e-12,1.7588892137993514e-12,1.7576178304526137e-12,1.7614214618143503e-12,1.7690718263093765e-12,1.770339957277071e-12,1.7703399572770718e-12,1.770339957277072e-12,1.7703399572770716e-12,1.7703399572770712e-12,2.631231835776113e-13]"
23.90000000000007,sqp_rti,0,"[0.14957673433770735,0.5459421397575811,0.12288496166299727]",2.6483868077772943,0.010569799691438675,"[-2.980232227667301e-09,0.002187060727374235,0.010483882290311552,0.021487585154880418,0.03630518125054821,0.0775303465970339,0.14752933856985068,0.21470894184689088,0.3968545618865818,0.6763552629916887,0.4314129631127173,0.4364387931217493,0.5068174820117732,0.5860464850212324,0.6792284837139675,0.589034501934816,0.5749757399248494,0.6139130140546072,0.9222488005016529,1.0730283091269228,1.4954005817891811]","[null,3.926027767490352e-16,3.9311246754723752e-16,3.926043629252131e-16,3.922558238451224e-16,3.914007055977466e-16,3.9168791081041204e-16,3.9213344535752014e-16,3.9225409369771456e-16,3.9236296859893983e-16,3.938511432417226e-16,3.917294161554768e-16,3.9154848414896433e-16,3.9152173341169186e-16,3.9176517540620394e-16,3.913178482015926e-16,3.926182752060615e-16,3.9175822290145664e-16,3.922232000192759e-16,3.928856132327409e-16,6.378767893154295e-17]"
24.00000000000007,sqp_rti,0,"[0.1195333068015737,0.8224910621070769,0.10538579420396016]",2.659875139654566,0.011942371726036072,"[-2.980232227667301e-09,0.018068863747456032,0.04390887248612857,0.06367932340893462,0.09044624361030246,0.26955007143447746,0.2103878917784428,0.11187601179004242,0.09337176117246876,0.10367843175617414,0.15677214309298898,0.251815087141776,0.3596569046035956,0.4377396995070029,0.47937510832581404,0.4972274724001318,0.532422641318459,0.5207012601156442,0.5659441390573228,0.6431294953561568,0.7692341091103791]","[null,1.056119020737238e-14,1.053011128148124e-14,1.0507224526400463e-14,1.0634992175086869e-14,1.0526112315375483e-14,1.0540858489501958e-14,1.0607956086414759e-14,1.0586624264438555e-14,1.0581942531450223e-14,1.0571079184021244e-14,1.0548875339578338e-14,1.0450040041982156e-14,1.0488571657375841e-14,1.0504527400303445e-14,1.0536972129486369e-14,1.0487098062032986e-14,1.0706846233915193e-14,1.057639209077513e-14,1.0576392090774625e-14,2.0807715873600523e-15]"
24.100000000000072,sqp_rti,0,"[0.1289192366246375,0.3373910357201213,0.11434354669100177]",2.669196081511868,0.014670655131340027,"[-2.980232227667301e-09,0.0012152590849888179,0.006106191612385292,0.009735651911563725,0.01721396059703545,0.07560886530025074,0.38737682247775923,0.38032000962625717,0.30679690662406217,0.37415890913910915,0.4245236725318236,0.4610362535066386,0.4910400882765245,0.5158648128615126,0.5407798359933949,0.5631553861982439,0.734957824743671,0.9381675233469167,0.7987089842377386,0.6578422547828608,0.8820321697845344]","[null,4.330217120845537e-17,4.3375982750190254e-17,4.343469302644035e-17,4.332572141435171e-17,4.336527361594967e-17,4.3199445545891444e-17,4.3268581079496856e-17,4.315993792475437e-17,4.3126935816652605e-17,4.312142276167141e-17,4.312846495376945e-17,4.3152371601959846e-17,4.318045703023921e-17,4.3147900006396384e-17,4.3205621423868065e-17,4.3235900212620336e-17,4.314518805558014e-17,4.343764499796888e-17,4.3437644998271805e-17,6.909793894051706e-18]"
24.200000000000074,sqp_rti,0,"[0.09735551154937115,0.7507275321778071,0.09029354056597229]",2.6784837083571804,0.016108904033899307,"[-2.980232227667301e-09,0.0012610729608460436,0.010087346377606832,0.02497626600846986,0.07190526433301586,0.0419179371004475,0.028435965469813362,0.03641002667712395,0.0736150532129683,0.151525407334902,0.2694970371778254,0.41937493390953123,0.5773436822981999,0.6945102755671255,0.674615741934798,0.5444575733888655,0.4733635490969242,0.5034630909964839,0.5637519090000118,0.6546525503085234,0.787424486542087]","[null,8.709898065449321e-13,8.694094937997667e-13,8.72777813955603e-13,8.668545457391726e-13,8.715112479939456e-13,8.715821471745643e-13,8.704228436425327e-13,8.690120615139125e-13,8.682224867483534e-13,8.679278102411438e-13,8.702172010900961e-13,8.686071431329162e-13,8.685359367217957e-13,8.714876141722044e-13,8.714876141722349e-13,8.714876141720773e-13,8.714876141720618e-13,8.714876141720608e-13,8.714876141720611e-13,1.3160772364101102e-13]"
24.300000000000075,sqp_rti,0,"[0.10486236480907364,0.32392653831843643,0.09164407793838347]",2.6875088571969923,0.019787706434726715,"[-2.980232227667301e-09,6.122164955546516e-08,6.203646128438711e-06,0.0002977514800012737,0.013586971290682481,0.2192046258847256,0.47224878202824244,0.32128397048936536,0.4037036715395928,0.467165665645706,0.5098386005939488,0.5409911124649411,0.5060562104015858,0.4818305875254268,0.4737662160131791,0.4754698722062372,0.49732129385257623,0.5898506439452909,0.7804823372660337,1.017326925331649,1.046010117316382]","[null,1.348426708427136e-11,1.3498728523014042e-11,1.3500034264124875e-11,1.3520844172359091e-11,1.3474306257764065e-11,1.3474977678543049e-11,1.348034450305088e-11,1.3475971183756296e-11,1.3473564310351916e-11,1.3479610191211942e-11,1.3484147379845019e-11,1.3484147379844595e-11,1.348414737984507e-11,1.3484147379844634e-11,1.3484147379844251e-11,1.3484147379844508e-11,1.3484147379844492e-11,1.3484147379844492e-11,1.3480315672518581e-11,1.6581331222924588e-12]"
24.400000000000077,sqp_rti,0,"[0.0982495733424224,0.5094043096872579,0.08283346815775412]",2.6970524905890287,0.02160303294658661,"[-2.980232227667301e-09,6.371568533891647e-08,2.9592353297719365e-05,0.0005408491131396187,0.002482967375794287,0.007479382463670359,0.022924302292667786,0.05678799646335336,0.11027209401719845,0.1794370270786388,0.2564516509286399,0.3868542718098212,0.48443252639432793,0.5342118799794437,0.5459127952052405,0.5448676881196242,0.5294445381411179,0.5435458356764797,0.5732028823132331,0.6069198216249638,0.677625161885113]","[null,1.0368485933623671e-17,1.0368906267390644e-17,1.036792694855328e-17,1.036846745615362e-17,1.0370881878423802e-17,1.0368700291340183e-17,1.0368068669472252e-17,1.0367740282000243e-17,1.036758578824939e-17,1.0374806139572027e-17,1.0368222622001415e-17,1.0367727620643874e-17,1.0367804018528262e-17,1.0395762747466361e-17,1.0368481059397288e-17,1.0368481059397288e-17,1.0368481059397288e-17,1.0368481059397288e-17,1.0368481059397288e-17,1.0539888274824693e-18]"
24.500000000000078,sqp_rti,0,"[0.11631544595744685,0.16093858398994315,0.08838153390265946]",2.7074038929036317,0.024816088378429413,"[-2.980232227667301e-09,-4.017609217532581e-09,5.180828420131567e-06,0.0030773742544172866,0.019344186671212793,0.04000987470750489,0.0806084146299007,0.12645387100341027,0.16967119367796074,0.2073634450037261,0.23914893959061062,0.2890980922071947,0.3279100141419001,0.35302514169340854,0.36686036197933164,0.3628635072069322,0.4541646970104061,0.6151274734200001,0.778953706524679,0.6094882719666088,0.5888243643430087]","[null,1.154125170041564e-14,1.1599741811274159e-14,1.1571106677974437e-14,1.1525650992540364e-14,1.1533317567320899e-14,1.1525385529197576e-14,1.1522446797483962e-14,1.1519759687370034e-14,1.1517377275092051e-14,1.1516049415708855e-14,1.1517636519156235e-14,1.1512150923223075e-14,1.1545975511723477e-14,1.1517882314723341e-14,1.1563193356054051e-14,1.1514341105098576e-14,1.1506800006125488e-14,1.154125078551107e-14,1.154125078551107e-14,2.4037853834774925e-15]"
24.60000000000008,sqp_rti,0,"[0.10048797231966101,0.3123260834410072,0.09718232804596046]",2.7142504694786114,0.0259811133146286,"[-2.980232227667301e-09,-4.17903278648879e-09,4.2721631734993215e-05,0.000660467062059189,0.003284220010795258,0.009738809848661767,0.02222642129960023,0.043233568888215335,0.07478085903881909,0.11721862818641765,0.16828014970635669,0.21536336548705587,0.2602275684341738,0.30613720297775543,0.3686735344641974,0.364107067210729,0.3622376583832903,0.3931758607709817,0.45746526871693477,0.5601055009665401,0.7062695667795367]","[null,2.4681694221426932e-14,2.4699407986241146e-14,2.4679399645901578e-14,2.4647085171081705e-14,2.4609972514893994e-14,2.4581104722151278e-14,2.4559505865052808e-14,2.4547548702855724e-14,2.454664473504348e-14,2.4558155899567432e-14,2.4591581855583756e-14,2.4554840083341495e-14,2.4688699306701504e-14,2.4622197072420816e-14,2.4632875525613614e-14,2.4482317403106654e-14,2.4592743104390144e-14,2.4851008793712675e-14,2.4352467951579265e-14,9.4361540591958e-15]"
24.70000000000008,sqp_rti,0,"[0.12074587169292152,0.21870633007248313,0.09837590086669991]",2.726062454218498,0.02516350895166397,"[-2.980232227667301e-09,-7.720611344685935e-09,3.823026696436749e-05,0.002091181156591848,0.013928496674016355,0.039813371548233445,0.07586780248866704,0.11565320106552762,0.15401957252706283,0.18783208315772343,0.21545372056876816,0.2369353437957578,0.2481506596062502,0.247409803555464,0.28295706624570444,0.2868014598076137,0.26046025556056557,0.236590271601618,0.25979643923227763,0.2917001344648014,0.3137155159910117]","[null,1.1639376319921745e-15,1.1632394599650997e-15,1.1601809957059497e-15,1.1594926142448477e-15,1.1564297699980142e-15,1.154771047030656e-15,1.1541133075569857e-15,1.1535827046158859e-15,1.1530997797434946e-15,1.1546275834175253e-15,1.1510182255444014e-15,1.1516208264266749e-15,1.1526892965971999e-15,1.1611796247832018e-15,1.158541283164382e-15,1.154665078999724e-15,1.1535882515487195e-15,1.1555794187218267e-15,1.1527931877715852e-15,2.342628992710565e-16]"
24.800000000000082,sqp_rti,0,"[0.07396106980864942,0.46011295138474717,0.06579291002597415]",2.7344967825922377,0.02387233078479767,"[-2.980232227667301e-09,9.473185294539554e-07,0.0007465232377155684,0.0073540470183005024,0.024009651275338773,0.049763639460800146,0.08087043278386902,0.11343526612976867,0.1445435682723229,0.1724088345640567,0.19608429356453244,0.2058925208445775,0.15736599923570332,0.06962033130704343,0.16903674382277672,0.2235652815972216,0.24806672677235825,0.2551528618486579,0.26202786844550446,0.2764491494539854,0.2792827261287066]","[null,2.1086243469174053e-12,2.108295724011025e-12,2.1078570196076562e-12,2.107488780868439e-12,2.1071725772660016e-12,2.106949515709083e-12,2.1067597172483257e-12,2.1065930030628268e-12,2.106597654215372e-12,2.10659585689712e-12,2.1093123611102334e-12,2.1066266629087346e-12,2.1109019265924686e-12,2.108221632136253e-12,2.1080359169007427e-12,2.1068171160226077e-12,2.106990366216369e-12,2.1089779562210002e-12,2.1083669081471237e-12,2.7397059667427474e-13]"
24.900000000000084,sqp_rti,0,"[0.08622496473845916,0.21298386081298967,0.07795422848572577]",2.7415592281671186,0.02138928323984146,"[-2.980232227667301e-09,-2.9796069778154077e-09,1.52481645754321e-07,0.00017416814348925058,0.004025513659714097,0.020788319627340013,0.054555301614169605,0.10061234294542915,0.15137966000136488,0.2006569773456704,0.24442645828759596,0.2888660537960888,0.31467479493210676,0.3520624777766244,0.29917984849978724,0.24118245720721349,0.2351059750667986,0.2821318288078601,0.46579471772039654,0.7899160485368568,0.42937553105934684]","[null,8.691400380434456e-17,8.693011410279772e-17,8.745516015864321e-17,8.675317929250881e-17,8.650270177044806e-17,8.646298788654429e-17,8.643484285617585e-17,8.641706400154513e-17,8.637285991430065e-17,8.631514151661376e-17,8.617799143816731e-17,8.64411365418575e-17,8.660227930537548e-17,8.63024548645938e-17,8.630707746691572e-17,8.638733410725942e-17,8.680141604073975e-17,8.633601357275544e-17,8.691400380596015e-17,2.4052188862021273e-17]"
25.000000000000085,sqp_rti,0,"[0.08425092612360707,0.22781242951401778,0.0847398420455203]",2.7480841032520087,0.020375601947307587,"[-2.980232227667301e-09,1.1570860436460606e-07,0.0003113189732680821,0.004575497257449268,0.018208483070085546,0.04229109659551683,0.07378168044277872,0.10792571253066258,0.1401159898787448,0.16693752545282764,0.18634252271974533,0.18905820338945817,0.17287102355613798,0.17933916291871982,0.18867444299959574,0.20318117838189026,0.22798961763759423,0.2566714432723643,0.3110580099171976,0.3953390654234042,0.5190034748861876]","[null,7.411090539423919e-12,7.422894145763227e-12,7.40423863368602e-12,7.3892039103011e-12,7.382435154367546e-12,7.381945857494617e-12,7.382843056627225e-12,7.38525886303263e-12,7.390716834643032e-12,7.385439799182498e-12,7.419184495369674e-12,7.372125136785352e-12,7.39677556683502e-12,7.405912924918756e-12,7.371033147999888e-12,7.35916327544952e-12,7.373797315930168e-12,7.528987482927135e-12,7.272070184393721e-12,4.627443593693297e-12]"
25.100000000000087,sqp_rti,0,"[0.07053871998064638,0.32049663536017237,0.06320376008057066]",2.757623122513321,0.019450515508651733,"[-2.980232227667301e-09,6.796141235609898e-07,0.0006726774476642494,0.007152023862876444,0.02354466317353926,0.047694071396738036,0.07523433048099265,0.10255424658538886,0.1277779272122473,0.15058997410413683,0.17065854784931106,0.19210893891918773,0.18069611980372785,0.18889062461177347,0.19305455646799602,0.21139851611137744,0.2200588992833417,0.21454063654652417,0.22591431915403853,0.250596286983188,0.27946527448149255]","[null,3.873900274889215e-15,3.861705956335051e-15,3.849529805565502e-15,3.8467852928797655e-15,3.846393647969177e-15,3.84756585016795e-15,3.848767797951188e-15,3.851324760999113e-15,3.85325663524997e-15,3.862986045209884e-15,3.832270327989889e-15,3.839812674688191e-15,3.8622538322761115e-15,3.863918552038459e-15,3.86044283957626e-15,3.8498529967002125e-15,3.850413919006596e-15,3.849964323080834e-15,3.857215974038971e-15,8.957837005677147e-16]"
25.200000000000088,sqp_rti,0,"[0.057714233525834616,0.3955087795896264,0.060357335182978755]",2.763184793752468,0.018318645656108856,"[-2.980232227667301e-09,1.8322597614139902e-07,0.0003692803534383615,0.004662743201272523,0.0170324053179865,0.03851650132486811,0.06845901335805565,0.10466121202064188,0.14233255584945043,0.17536509721578925,0.19882559261452643,0.19986650287434032,0.1748185038314432,0.20668094198842085,0.23610629314965054,0.25576013018763605,0.2654551321853454,0.26533319591017773,0.264744943112089,0.26681762675533066,0.2675503354602327]","[null,1.3894584181443347e-14,1.3865230964299666e-14,1.3774297044854761e-14,1.376590632433166e-14,1.3769630030006986e-14,1.3766913373038736e-14,1.3763616132606674e-14,1.3762470162487783e-14,1.3750512186844193e-14,1.3664807593375153e-14,1.3880912210339019e-14,1.39958609927422e-14,1.3810516478075358e-14,1.3656520426953166e-14,1.3678027890016861e-14,1.3748073761434071e-14,1.3685632567520817e-14,1.4398729829896783e-14,1.4904244732983083e-14,4.21308501751527e-15]"
25.30000000000009,sqp_rti,0,"[0.06366114577970673,0.29693781093969523,0.06335418755326887]",2.7693307927184017,0.01706033945083618,"[-2.980232227667301e-09,-5.4378621328066146e-09,0.00016850748395969006,0.004182642221182864,0.019761553422992517,0.047516106856499374,0.08152278397566165,0.11517421220511609,0.1434964697122652,0.16279786639533428,0.16587636166248815,0.19357378321247581,0.21016456074362538,0.2198569083483733,0.2203310010368938,0.23843765382465848,0.28933738192807185,0.38078615652462205,0.49741357888363497,0.629011456859154,0.593370058057517]","[null,7.94299559425909e-13,8.017000762198246e-13,7.958289454552767e-13,7.903104341380875e-13,7.89452954223071e-13,7.891794140493179e-13,7.890081347729287e-13,7.894649828759503e-13,7.915335984836402e-13,7.879430307302457e-13,7.871589718378923e-13,7.835078336483907e-13,7.873487218675914e-13,7.893395348264021e-13,7.964677448196001e-13,7.950735269979693e-13,7.91067200353111e-13,7.91363227037773e-13,7.888331422843644e-13,2.6743006440241346e-13]"
25.40000000000009,sqp_rti,0,"[0.05722310538174173,0.3633968153446768,0.06322348446646672]",2.7751640361386496,0.01624085009098053,"[-2.980232227667301e-09,3.0933890995676894e-06,0.0013710067836059658,0.010345347295459828,0.028659190319164918,0.053116417030545204,0.08058829981189036,0.10916882536781786,0.136696917536775,0.15931811257306877,0.17046667928613674,0.1771112359156362,0.1850289041095266,0.1980771567243636,0.2141828387662173,0.23197063735384377,0.24994355512440053,0.26981361253545516,0.2940621502128458,0.32683519790557086,0.40241864518324705]","[null,8.517161689509222e-12,8.515856466815247e-12,8.522405461659221e-12,8.511026939657292e-12,8.512788199997372e-12,8.510021270206702e-12,8.509870676136422e-12,8.51078698957035e-12,8.515914083094144e-12,8.501782260880189e-12,8.496384583613155e-12,8.529249186247455e-12,8.517710294591347e-12,8.479106919084447e-12,8.487880732230851e-12,8.498243794936392e-12,8.643646403846469e-12,8.883841390670141e-12,9.042356523547052e-12,2.3088346959515893e-12]"
25.500000000000092,sqp_rti,0,"[0.052424056295483336,0.3909275579532436,0.05945068930531881]",2.7806330703514193,0.015372451394796371,"[-2.980232227667301e-09,2.709324840116656e-06,0.0013568875218684107,0.011629297760040569,0.03415112169299023,0.06430216421193863,0.09597023900951812,0.124533675618612,0.1474141126187945,0.16439240373008773,0.17444253538792226,0.18609461643588504,0.19361880439462525,0.2029807898705876,0.21520723337459274,0.21529048888642138,0.20772238775181223,0.2092261609678701,0.21466340487611008,0.22257344814088925,0.24173200632255282]","[null,1.846932254708262e-12,1.84470904079256e-12,1.848626719681174e-12,1.8443497472414308e-12,1.844754707004567e-12,1.8455452630951407e-12,1.8458046940744403e-12,1.8446157715276265e-12,1.8429520487165387e-12,1.842551159049827e-12,1.8411464396652616e-12,1.8427283924273344e-12,1.845242867416618e-12,1.8606881975391122e-12,1.842715754701272e-12,1.845453650992497e-12,1.8432037928226247e-12,1.8438446213030106e-12,1.845687033006258e-12,3.009253911967293e-13]"
25.600000000000094,sqp_rti,0,"[0.04147267046472509,0.4357015260312249,0.05249177675049878]",2.7857834928248444,0.014554105699062347,"[-2.980232227667301e-09,3.7216816408669473e-06,0.0016219470525785096,0.011778018555797243,0.03137380426020614,0.05599303670835881,0.08229611628157302,0.10999616200051038,0.14132888868576005,0.17013256655937142,0.1915786842442671,0.20307717539519105,0.21559891320805918,0.22857669305906542,0.23831775184881537,0.2408953516601578,0.2370116509862477,0.23466074867543513,0.2328353496258238,0.2313163830239507,0.2314575638000907]","[null,2.1162798808781674e-11,2.1159950013818955e-11,2.1165159146236534e-11,2.1162412071676374e-11,2.1159394632027675e-11,2.1160010540174945e-11,2.1160124598252825e-11,2.1160311864204105e-11,2.1158652812164297e-11,2.1155102380310443e-11,2.1155662950970522e-11,2.1142033562423116e-11,2.1200285858033585e-11,2.1132050346309018e-11,2.115289581115964e-11,2.1153635676355153e-11,2.115786581168769e-11,2.1171971602305446e-11,2.1175504946202245e-11,2.2436929704541447e-12]"
25.700000000000095,sqp_rti,0,"[0.046416246576510736,0.3929257915158297,0.04955978711071633]",2.7913366075897716,0.013715479522943497,"[-2.980232227667301e-09,8.536783327461883e-08,0.00032688827320853653,0.005879775516135777,0.024022643247484876,0.05349211676089355,0.08755442200164226,0.1201800184047997,0.14699505135692165,0.16734065565308215,0.1804131237748237,0.1949586620575488,0.20420628100336274,0.20966733417430988,0.21862853668349375,0.2324550254614593,0.2537793833714915,0.27579527953640054,0.2977757188820796,0.31897287168503646,0.33730667327756053]","[null,1.3304634437373683e-15,1.330156954217715e-15,1.329072453387792e-15,1.3295078547763045e-15,1.3294383411381078e-15,1.3293019605617938e-15,1.3291369923327042e-15,1.3289505573385398e-15,1.3289199264850278e-15,1.3292559301675972e-15,1.3296110839990007e-15,1.3249422185930991e-15,1.3410724522735017e-15,1.3210897425953496e-15,1.3290572317167886e-15,1.3293921073641093e-15,1.3306467645160798e-15,1.3424729598497821e-15,1.3386697595245726e-15,2.0929976258952715e-16]"
25.800000000000097,sqp_rti,0,"[0.038129446149230195,0.4317106282459916,0.0423033270096294]",2.7964572753085686,0.013046018779277802,"[-2.980232227667301e-09,1.5624624207483118e-05,0.002849699211558143,0.01613343711658005,0.03843092868725223,0.06429249852869462,0.0899373871786196,0.11525010452389922,0.13995820746423676,0.16173393521500828,0.17899865812365762,0.19252401394964808,0.2040585130574229,0.21336519414950034,0.22157359217844147,0.22579653040707087,0.228143150347276,0.23003636368906016,0.2336542735264338,0.24127572184880536,0.2553136367999585]","[null,6.696111305125755e-12,6.694357303072494e-12,6.6950803442688714e-12,6.694994654268634e-12,6.692032445737946e-12,6.69267054940939e-12,6.693120730403082e-12,6.690846168775653e-12,6.68789175928658e-12,6.688085802739947e-12,6.6885282122039596e-12,6.684751078626696e-12,6.6901301238207554e-12,6.6835318066209925e-12,6.68135737593682e-12,6.688817358133818e-12,6.731213259020143e-12,6.796106841728257e-12,6.88954783668944e-12,1.0729696721824038e-12]"
25.900000000000098,sqp_rti,0,"[0.03878024147600579,0.43461213087580686,0.03643176417748668]",2.8016566049044394,0.012371614575386047,"[-2.980232227667301e-09,1.2813425199764694e-06,0.0009165059493028704,0.009344624533135726,0.02998011437991438,0.05951429941908232,0.09211430581806895,0.12212219696082799,0.14739718276461816,0.16763983884175532,0.1828298026932032,0.19336580881993798,0.1992371842032526,0.2019949607737786,0.20254856810033034,0.20290776630129487,0.20283422373960108,0.20256452344536485,0.20242785892963583,0.2028425283282747,0.2044299958334122]","[null,6.202823144914724e-13,6.20323544873517e-13,6.201009440582408e-13,6.200977652347703e-13,6.19945626567556e-13,6.199539812679323e-13,6.19392830435127e-13,6.189723449337997e-13,6.187219504405907e-13,6.189787929205961e-13,6.192470960563213e-13,6.184430630322997e-13,6.19397844131454e-13,6.191239960635624e-13,6.19240501056802e-13,6.220381504312024e-13,6.263356074562802e-13,6.270143188290741e-13,6.355929248355706e-13,1.0912404470466655e-13]"
26.0000000000001,sqp_rti,0,"[0.03269471159466327,0.4491751279114776,0.035246019321917524]",2.8050516385681634,0.011753328144550323,"[-2.980232227667301e-09,1.684376121957598e-05,0.002764559797406474,0.016041791088599322,0.03927425782159305,0.06751068437215652,0.09605891846495923,0.1230310709588423,0.14719233292248363,0.16717931251642854,0.1824469558300848,0.19294432520768795,0.1990359572420573,0.2010248366494352,0.2019042224292356,0.20136828606460783,0.19943964750683635,0.19729961333846618,0.19607238535637067,0.1967754749979143,0.2003559533445099]","[null,1.330767654610232e-12,1.3298750576015192e-12,1.3292351904528766e-12,1.3294238849247824e-12,1.3292368874379109e-12,1.3290768620512836e-12,1.328637097211156e-12,1.3286069329260638e-12,1.328390897319956e-12,1.3283003060558907e-12,1.3283882614269722e-12,1.3265802068383154e-12,1.3303386058579269e-12,1.3270088758867083e-12,1.3275569131292064e-12,1.328871687472545e-12,1.341156721557885e-12,1.3513005806626838e-12,1.3571353858152578e-12,1.9520221963206058e-13]"
26.1000000000001,sqp_rti,0,"[0.030741760899912846,0.44648579903080743,0.035673569915062084]",2.8079937194825404,0.011148426681756973,"[-2.980232227667301e-09,1.6985130507907176e-06,0.001059084314141201,0.010255336272881277,0.03199526252987256,0.06166281797715528,0.09324593541240206,0.12262957682154224,0.14781556281979108,0.16807769015141788,0.18318837527231296,0.1931614045795243,0.1982337596998292,0.1988272143391015,0.19838642728382966,0.19578427083247335,0.19241330628900927,0.18966396070946417,0.18885552321727844,0.19125033262464158,0.19802351868261497]","[null,7.406149577305522e-15,7.40323937242429e-15,7.403402764306434e-15,7.406751524327471e-15,7.402604880313951e-15,7.402958730274449e-15,7.401602429405491e-15,7.400282483393451e-15,7.399275578683656e-15,7.399283710449073e-15,7.401168039647559e-15,7.388492506801834e-15,7.415043549167322e-15,7.39342608176765e-15,7.394472661021802e-15,7.398580615195362e-15,7.443258988760958e-15,7.50093312934067e-15,7.52704048739305e-15,1.088825881753002e-15]"
26.200000000000102,sqp_rti,0,"[0.029763117598536556,0.447933887075192,0.029864413477277814]",2.8120798867420804,0.010572172701358795,"[-2.980232227667301e-09,2.8295501131592182e-06,0.0013721270342211267,0.011847981720394085,0.03436544035615158,0.06393644202014032,0.0950808902575318,0.12422496531923316,0.14933682828460776,0.1694599221198388,0.18433183655091484,0.19402333120364973,0.19878733037800772,0.19906506783444372,0.19812828730114945,0.19490326661621965,0.190815934634405,0.1874550339264907,0.1865048720795464,0.18976019910978154,0.19907578511091445]","[null,3.869457877276216e-12,3.868561433780066e-12,3.868358300906981e-12,3.867741187715301e-12,3.8667216470757805e-12,3.865642241869543e-12,3.8644985591613435e-12,3.86369940452742e-12,3.862348968144465e-12,3.861308478318175e-12,3.861103480104051e-12,3.860292104819877e-12,3.864350893043308e-12,3.85813824588342e-12,3.858211174082572e-12,3.8631481193219155e-12,3.89220650856397e-12,3.969798292641402e-12,4.008454779041766e-12,6.811736669671823e-13]"
26.300000000000104,sqp_rti,0,"[0.027547098259769667,0.44427662149220054,0.02942585127097852]",2.8148969394276806,0.010015908628702164,"[-2.980232227667301e-09,5.308664960401721e-06,0.001588841051089862,0.012437999699954017,0.03526787896200362,0.06522274512108056,0.09669623081378803,0.1258886748726809,0.1507983278840655,0.1705607861115837,0.18498877435055477,0.19423329337233214,0.19864956190359778,0.1988923045237499,0.197388928806771,0.19371068766030392,0.1892368605161721,0.18556727736384887,0.18452688854394667,0.18821005629440962,0.19896534080231804]","[null,9.34184208645108e-12,9.343672946575118e-12,9.342247376110312e-12,9.343206330983633e-12,9.337954082738234e-12,9.33698659919082e-12,9.333857787055165e-12,9.33312783643382e-12,9.330261668757001e-12,9.327442757998989e-12,9.326404261562187e-12,9.323967532555523e-12,9.331280548948226e-12,9.322777888883837e-12,9.322748484307899e-12,9.335054850413646e-12,9.398290914820083e-12,9.590357172878362e-12,9.772157573308674e-12,1.5845751445842764e-12]"
26.400000000000105,sqp_rti,0,"[0.025430698594639985,0.4323980782712068,0.030528041944745316]",2.817130964641056,0.009477563202381134,"[-2.980232227667301e-09,2.3547182795846666e-06,0.0011408100435071344,0.01077647490555017,0.03312029258585697,0.06355075223722367,0.09586191522008108,0.12576231372374452,0.15105863578460516,0.17089579220151735,0.185186841169039,0.19424431470396258,0.19855821620368347,0.19886122900148423,0.1972502189619732,0.19359283512394115,0.18916082411867735,0.1854481047883894,0.18430778499693262,0.188040153413003,0.1994769690532941]","[null,5.298079482198756e-11,5.2939521630613536e-11,5.293120609177445e-11,5.2933719226333585e-11,5.292467690490573e-11,5.292792459305315e-11,5.292249435618708e-11,5.291721063136166e-11,5.2910068140137426e-11,5.289755629042702e-11,5.288409530402612e-11,5.28730072581129e-11,5.2884335209915e-11,5.286369598976814e-11,5.285908314817597e-11,5.287116038416554e-11,5.3023211740390484e-11,5.34942706962526e-11,5.42953197514851e-11,9.091333550262456e-12]"
26.500000000000107,sqp_rti,0,"[0.026008029854072717,0.4220971378635253,0.025110096888939885]",2.8207543051761914,0.008960358798503876,"[-2.980232227667301e-09,1.1013053967112718e-06,0.0008529322784205928,0.009624133789114364,0.03178021778544321,0.06286298093425274,0.09598411963223158,0.12644375022950244,0.15189699099903892,0.17159444304855215,0.1855839100755759,0.19436475156428373,0.19858610830843731,0.19897996286377834,0.19743911455355773,0.19406476692713853,0.1899820736665248,0.1865261590928256,0.1854100822722316,0.18890491971120654,0.2000532268428799]","[null,1.582260170867564e-11,1.5819552932934384e-11,1.582712454677825e-11,1.5819496276986763e-11,1.5820011811731848e-11,1.5819437556477338e-11,1.5819025252928738e-11,1.5818376261922427e-11,1.581753323368781e-11,1.581639729383872e-11,1.5815260295274185e-11,1.5814848151624315e-11,1.581480289646006e-11,1.5813929349804653e-11,1.5813817870540866e-11,1.5814973637110505e-11,1.582593337389638e-11,1.585039401503133e-11,1.5893951508784347e-11,1.7716681855159843e-12]"
26.600000000000108,sqp_rti,0,"[0.024822072072094005,0.3983911132833072,0.026393331313505533]",2.822978942347554,0.008467793464660645,"[-2.980232227667301e-09,3.484135508713404e-06,0.0012481916405320814,0.011456599403161516,0.03492409952238945,0.06649933891339971,0.09943140857692329,0.12923596330673065,0.15383589658827362,0.17262577831924802,0.18584895478863644,0.19410343390267287,0.19815730816207805,0.19885032306143274,0.19742783905265499,0.19445337521111555,0.19087345553891027,0.1877809526926953,0.18654952060451252,0.18908311542398054,0.19807766507288066]","[null,3.691500109554982e-13,3.680362099596794e-13,3.6768441605666987e-13,3.6790247008482766e-13,3.678999688647962e-13,3.678299354118464e-13,3.67755146981139e-13,3.6767706947471647e-13,3.6751286456084573e-13,3.672978525821059e-13,3.6709823754186967e-13,3.6692194867243624e-13,3.667884286239342e-13,3.667223835571576e-13,3.667352583395915e-13,3.6706462042235876e-13,3.7107349380257257e-13,3.7601203852167317e-13,3.828912414947897e-13,7.933718302909397e-14]"
26.70000000000011,sqp_rti,0,"[0.02421643796049986,0.3673391793144156,0.027322378719717478]",2.8251681608170807,0.008014433085918427,"[-2.980232227667301e-09,3.126439521050628e-06,0.0012040302852465712,0.011286823237075805,0.03444766719393827,0.06528753231387158,0.09705574900636976,0.12547065604499325,0.14866291221685374,0.16617773910884354,0.17837899442658484,0.1859272665581287,0.18963031196635144,0.19033456165081902,0.18885787438305784,0.18599402229168477,0.1825177870102735,0.179287003359957,0.17728578225459019,0.17785198842581879,0.18291186961530032]","[null,3.523100837189043e-13,3.5182934553985037e-13,3.5172444150357817e-13,3.5187946552090843e-13,3.516366047628595e-13,3.516366011622392e-13,3.515807383901651e-13,3.515257557139191e-13,3.5146222442412464e-13,3.5137309890086934e-13,3.51253744783223e-13,3.5112952655853355e-13,3.510369939284248e-13,3.509751662647488e-13,3.5094185121208776e-13,3.5097028683489573e-13,3.5128073940832235e-13,3.533081740889494e-13,3.5622307103745997e-13,4.88103364734247e-14]"
26.80000000000011,sqp_rti,0,"[0.02364289560468069,0.339241976786926,0.027989596533245467]",2.8273311963273415,0.007610835134983063,"[-2.980232227667301e-09,4.162667810420073e-06,0.0013714658956634485,0.011819655268294593,0.034481086100929315,0.06366610466843953,0.09311856225435095,0.11913644228380776,0.14017457597702504,0.15594969200991643,0.1668439382482177,0.1735176083816839,0.17671430467834598,0.17723104380281712,0.17581653953314175,0.17315694149430955,0.16993409348679195,0.1668121824747189,0.1645558267490344,0.16411711860402606,0.16684654866982457]","[null,1.0716000279258974e-12,1.0653356190694905e-12,1.062201846832548e-12,1.0612961567471646e-12,1.0618639650542468e-12,1.0617158518780886e-12,1.0616535382056586e-12,1.0613217703457637e-12,1.0606332937038707e-12,1.0596120494312953e-12,1.058234325209944e-12,1.056526298503432e-12,1.0548240011818715e-12,1.0534633810980778e-12,1.0525447483355666e-12,1.0524285524291582e-12,1.0558119896958758e-12,1.080934191865959e-12,1.1376298798225775e-12,3.35072209786559e-13]"
26.900000000000112,sqp_rti,0,"[0.025462394832212572,0.3145588435703864,0.022308093520327716]",2.830955673483861,0.00725516676902771,"[-2.980232227667301e-09,4.995865960533141e-06,0.001477391574608522,0.011941386557659694,0.03361707787971896,0.06082423982274748,0.08788410394099061,0.11155358312065006,0.1305970651514528,0.14480592675908072,0.15458304800909844,0.16054920879447537,0.1633988256999757,0.1638520773362629,0.16257086151452144,0.16018890173747452,0.15728591038901812,0.15442244254052612,0.15217469884799045,0.1512225974192603,0.15249416134508992]","[null,2.796595073582845e-12,2.7906530652175817e-12,2.7952869572819886e-12,2.788052227983563e-12,2.789116279532593e-12,2.7886633027262434e-12,2.7883176884488936e-12,2.7877919517629587e-12,2.786918058445896e-12,2.7856949474946206e-12,2.784269851306296e-12,2.782802635446303e-12,2.7814112470505852e-12,2.780235948451671e-12,2.779389575616595e-12,2.7791275281474694e-12,2.7812570348607943e-12,2.799254200857239e-12,2.8604973715202425e-12,4.65160725356838e-13]"
27.000000000000114,sqp_rti,0,"[0.02458227401897187,0.2920084193504024,0.023274322974629003]",2.833148610158197,0.006951712071895599,"[-2.980232227667301e-09,1.95770246813054e-05,0.002364450044184896,0.014050087818682055,0.03471569803100821,0.05897399004633003,0.0824328246376041,0.10275156961962467,0.11901755821604781,0.13114422422626576,0.13947243420934258,0.14453435948545917,0.14693180468833306,0.14727331025985962,0.1461381621419207,0.14405289264840065,0.14152388312096492,0.13901159846673466,0.13697408773871872,0.13588357796964418,0.1363672684291231]","[null,1.9602196812780138e-13,1.9445724871785792e-13,1.9452554284693448e-13,1.950111926011916e-13,1.9516657053338212e-13,1.9522124560983822e-13,1.951600480029915e-13,1.951165279754665e-13,1.9504039805947606e-13,1.9492804515945007e-13,1.9481097718538272e-13,1.9471138935282891e-13,1.9463804214677488e-13,1.9458870292635573e-13,1.9456877796325797e-13,1.9464105054830146e-13,1.9533155982210236e-13,1.9797865528616673e-13,2.0177627754063542e-13,4.3199478000911255e-14]"
27.100000000000115,sqp_rti,0,"[0.023690885061384816,0.26990649882602236,0.023659850755119703]",2.835283476665152,0.0066958144307136536,"[-2.980232227667301e-09,1.5162145011876627e-05,0.001985902752966784,0.012038673867862226,0.03001481654136101,0.05124158240631688,0.07185870531929056,0.08978340906072618,0.10417219096926261,0.11494862064836014,0.12240134841882339,0.1269692597033128,0.12920929213567406,0.1296301479169955,0.1287521598580355,0.12705080744417502,0.12494125359050373,0.1228249349969282,0.1210618329371485,0.1200248444838124,0.12013906036458338]","[null,1.5287117443093993e-13,1.5230568273737123e-13,1.5269890982232197e-13,1.5240271365380668e-13,1.5255782577853838e-13,1.525328593327953e-13,1.5250723528704078e-13,1.5247683439572966e-13,1.524409730054917e-13,1.52403197562194e-13,1.5237010540273233e-13,1.5234521210811866e-13,1.5233146714550332e-13,1.5233421332559292e-13,1.523632851061654e-13,1.5244268173005419e-13,1.5265519949012912e-13,1.534305984668761e-13,1.549287454335342e-13,2.6837174005860877e-14]"
27.200000000000117,sqp_rti,0,"[0.02285254568925996,0.2495562913613021,0.02370191206841193]",2.837383996525387,0.00648391991853714,"[-2.980232227667301e-09,9.62582665708922e-06,0.0015228094741897569,0.00977859761566685,0.025019851523489234,0.04332884917920837,0.06130090900643809,0.07704929251825093,0.08978729328216845,0.09940353531346774,0.10612163915778866,0.11031936604798603,0.11247777456231917,0.1130419777454435,0.11245252788149857,0.11113180577207943,0.10944494490555173,0.10772313677579676,0.10628358713928138,0.10541092030338534,0.10541866805873995]","[null,1.2638910254028793e-13,1.2548597577029236e-13,1.2546676424659552e-13,1.256605214043222e-13,1.257418208156912e-13,1.2575664560545612e-13,1.2574593529361933e-13,1.2571972765049412e-13,1.2568699651021741e-13,1.2565200606120584e-13,1.2561590250109335e-13,1.2558232766884542e-13,1.2556678197291405e-13,1.255934537740225e-13,1.2567880343070295e-13,1.2583754965317221e-13,1.261065349734501e-13,1.2658874150923078e-13,1.2703393105422857e-13,3.823094864251793e-14]"
27.300000000000118,sqp_rti,0,"[0.022094144415747967,0.23093702246437145,0.02345935122662256]",2.8394560541701135,0.006311781704425812,"[-2.980232227667301e-09,5.363349928400041e-06,0.001083661901779831,0.007537783357283001,0.020033589122903817,0.035458681150285554,0.05087861134035593,0.0645554108370206,0.07575639221994096,0.08430521423721588,0.0903642993572163,0.0942635820435001,0.09637679052196974,0.09709185922333746,0.09679998594741052,0.09585112150376035,0.09456041941683041,0.09321654683766029,0.0920832740928546,0.09140250917893128,0.09141534064225426]","[null,4.3776451414628705e-17,4.309516247555629e-17,4.284103397981622e-17,4.29607724253758e-17,4.301536752841408e-17,4.301688875879701e-17,4.300881471346136e-17,4.299785900997848e-17,4.2979029800759706e-17,4.294762927507476e-17,4.291284720919631e-17,4.289367766039191e-17,4.2895976621496394e-17,4.291306329074429e-17,4.294392635582623e-17,4.299685458007029e-17,4.308123336150166e-17,4.315338607097502e-17,4.285088718725189e-17,1.2440149541402648e-17]"
27.40000000000012,sqp_rti,0,"[0.021415082301539646,0.21394333652455066,0.022967099772843034]",2.8415031427536417,0.0061749182641506195,"[-2.980232227667301e-09,2.6563235962229204e-06,0.0007171653048503868,0.0055108351783815235,0.01537887580991254,0.02801532869182638,0.04094983503023358,0.05263842214934017,0.06235295035695715,0.06988624319339892,0.07532978903149684,0.07893918827887064,0.08100593190249655,0.0818681495500087,0.08184726224423572,0.08124036707024801,0.08031235185233215,0.0793171818880481,0.07846902031521169,0.07797087654584872,0.0780284117424877]","[null,6.598553748160094e-14,6.51592886256269e-14,6.442251472443011e-14,6.465006377742836e-14,6.501645800287875e-14,6.509177617259384e-14,6.50948112868197e-14,6.508309382872345e-14,6.506220059817334e-14,6.503932283081367e-14,6.503073168194499e-14,6.504291652784165e-14,6.507460821553813e-14,6.514214368489112e-14,6.526627690545058e-14,6.544744641921917e-14,6.566650915751185e-14,6.573501657163908e-14,6.43376600324269e-14,2.5369494112969753e-14]"
27.50000000000012,sqp_rti,0,"[0.020810480799424984,0.19843915149365055,0.022253720911247422]",2.8435281185963888,0.00606965646147728,"[-2.980232227667301e-09,1.1632567568087282e-06,0.00043872301868069785,0.0037973116160799347,0.011259649643043101,0.021259069359186367,0.031814987424905905,0.04158086781129172,0.04985007502105249,0.05639286597274734,0.061221369087711974,0.06452469375181452,0.06653193770256821,0.06751037543275801,0.06772385602463232,0.06741932012728286,0.06681674924686548,0.06612724795345742,0.0655320867932197,0.06520143100011638,0.06529311785458419]","[null,4.510694827550639e-14,4.460952656295603e-14,4.4025398093870054e-14,4.388074725041937e-14,4.4098961461456556e-14,4.4182234651421e-14,4.4187236173830415e-14,4.417572246324373e-14,4.416212584716068e-14,4.4150571428825316e-14,4.4146766176064674e-14,4.415752821485267e-14,4.418322335068684e-14,4.4227415623197537e-14,4.431172909771142e-14,4.446038852474654e-14,4.468005045075466e-14,4.484353738389953e-14,4.416098809473059e-14,1.6657819482950084e-14]"
27.600000000000122,sqp_rti,0,"[0.02027449628468762,0.1842871353079379,0.021344285527700454]",2.8455334887869403,0.005992427468299866,"[-2.980232227667301e-09,4.4054957648587134e-07,0.00024562715424730763,0.002448568436203058,0.0078064232164159475,0.015398939658342325,0.02372059601097193,0.03164189030018677,0.038514177834198915,0.04406636658079749,0.04827948619139805,0.05125063541788749,0.05315746208496891,0.05420459976292308,0.054603769724473505,0.05454639228187902,0.05422194357196447,0.053793767794613256,0.05341285237899812,0.05321865085792937,0.053344145871414395]","[null,7.735002890711561e-17,7.68474266321628e-17,7.597611381427975e-17,7.55413963651934e-17,7.577137775925538e-17,7.594545960584014e-17,7.598141907284768e-17,7.597796986540265e-17,7.597007246836423e-17,7.596888380982399e-17,7.598458659298239e-17,7.602844068468084e-17,7.610294840320753e-17,7.620951065647801e-17,7.636464106498379e-17,7.659048220682245e-17,7.688328352877439e-17,7.715741276704986e-17,7.715264287528401e-17,2.5518970348706355e-17]"
27.700000000000124,sqp_rti,0,"[0.019801272965655113,0.17136637057601184,0.02026123371074663]",2.8475214973341507,0.005940057337284088,"[-2.980232227667301e-09,1.5183409055041786e-07,0.00012459973269601798,0.0014636507021837386,0.005082164832395375,0.010559773028137098,0.016850593950258397,0.02303927750974638,0.028567080541624545,0.03314947216795333,0.03672524964294227,0.039331136324062765,0.04109178326320945,0.04215359554785253,0.04267201419000416,0.04280635652082837,0.04270197371420609,0.042486342279070055,0.04227982083033127,0.042195290012291775,0.04233970214954469]","[null,1.6966479513793399e-15,1.6879976003735014e-15,1.66899028577886e-15,1.6557480128546696e-15,1.6562705800772093e-15,1.6614213805341368e-15,1.6635117271663483e-15,1.6639135448636635e-15,1.6639262418857334e-15,1.6640579227836985e-15,1.6646495154301588e-15,1.665928399962332e-15,1.6678826466198652e-15,1.6704906872628222e-15,1.6740721598279711e-15,1.678946958878403e-15,1.6847894395757518e-15,1.6900109772099424e-15,1.6923750357678104e-15,5.517307845170576e-16]"
27.800000000000125,sqp_rti,0,"[0.019385046412884136,0.1595726075266723,0.019024704424910645]",2.8494941581344726,0.005909763276576996,"[-2.980232227667301e-09,3.233537740343628e-08,5.6517010104617516e-05,0.0008017335342070386,0.003074711450459955,0.006796951035140719,0.011304355928683674,0.0159264593955058,0.02018620644778829,0.02382957645570799,0.026754617891008803,0.02896538806368626,0.030528244037168417,0.03154205083109646,0.03212351231853178,0.03238313897038908,0.03243749682772262,0.03238260738356297,0.03230975178183365,0.03230707521326687,0.032456527392892565]","[null,5.232634632413492e-14,5.251578318327018e-14,5.2178111264322226e-14,5.1896632328536976e-14,5.181069041698089e-14,5.1881980723437855e-14,5.194629291602996e-14,5.1970292370498814e-14,5.197757296806734e-14,5.1985465233587435e-14,5.2003098609766625e-14,5.203362753950527e-14,5.207514223714254e-14,5.2127796995514865e-14,5.219724124008234e-14,5.2285710024996364e-14,5.238233530298725e-14,5.2460903430367755e-14,5.249313318026019e-14,1.2062054281711239e-14]"
27.900000000000126,sqp_rti,0,"[0.019020303424602873,0.1488087086105619,0.017652762893065697]",2.8514532777101946,0.00589907169342041,"[-2.980232227667301e-09,-2.2530760590555587e-09,2.256111044154907e-05,0.0003966898187396928,0.0017079921410035337,0.004056375048748617,0.0070859801522019095,0.010341555165930327,0.013461997151916816,0.016220398704619055,0.018507224248408616,0.02029733985674903,0.02161984985066817,0.0225327064454362,0.023113096820931045,0.023440203533952098,0.02359253607872952,0.02364426550423887,0.02366311454097919,0.023714721908524805,0.02385696342600313]","[null,2.2040116783077719e-13,2.2108303422970817e-13,2.2033647407731379e-13,2.1956709989793284e-13,2.1910791333175946e-13,2.1905610192545175e-13,2.192109578885747e-13,2.1933874533707448e-13,2.1940813601537065e-13,2.1945912419931245e-13,2.1952128996211662e-13,2.1960706292847555e-13,2.1972212756797637e-13,2.1987541529470467e-13,2.2007442668802402e-13,2.2030675900176519e-13,2.2053449746153966e-13,2.207030982916998e-13,2.2075597800732625e-13,3.873111782909455e-14]"
28.000000000000128,sqp_rti,0,"[0.018700247171997513,0.13883345144120326,0.016160885671151034]",2.8534004037169094,0.005905665457248688,"[-2.980232227667301e-09,-4.2194826799235585e-09,7.769132849777538e-06,0.0001745631432749084,0.0008575501843928746,0.002213994788010265,0.0040965086040525844,0.006232854303113211,0.008373143644042014,0.010337232747661684,0.012025823968614457,0.013396737562252181,0.014450289221820622,0.015218840389917443,0.01574545307081615,0.016080808726376017,0.01627878477039496,0.016390636141880688,0.016461056068181545,0.016539451492360524,0.01666673279976899]","[null,2.7754118912805858e-17,2.779326988111768e-17,2.776470273801888e-17,2.773051760149609e-17,2.770432910248065e-17,2.768884786216059e-17,2.7686526974105578e-17,2.769201881420627e-17,2.7698189318841058e-17,2.7703184160718513e-17,2.7707961765499285e-17,2.771384647256814e-17,2.7721701756298694e-17,2.7731933474595253e-17,2.7744120105628456e-17,2.775683825634688e-17,2.7768164693658086e-17,2.7776130103279776e-17,2.7778996036513544e-17,3.5638494074776005e-18]"
28.10000000000013,sqp_rti,0,"[0.018422200797467484,0.12975302636055203,0.01456391150671988]",2.8553370200293724,0.005927693098783493,"[-2.980232227667301e-09,-6.456508078178658e-09,2.255201891537828e-06,6.694329508474817e-05,0.00038212036242807335,0.0010861780801994514,0.002148309309036478,0.0034320489688564604,0.004785837834450579,0.006083156844099602,0.00724144445173619,0.008217977126606268,0.009000583068971946,0.0095978255203793,0.01003357543224298,0.010332383707781834,0.010532713690854234,0.010662246282673149,0.010754750013321879,0.010838337594528735,0.010943165467666216]","[null,3.79700901776789e-14,3.8080723343148135e-14,3.803802485399614e-14,3.796692248457277e-14,3.790442182631135e-14,3.78580588047353e-14,3.7831727016152817e-14,3.782822390474061e-14,3.78407271409294e-14,3.786064534564066e-14,3.7883799404653726e-14,3.790972069380843e-14,3.793871034003957e-14,3.797026803858231e-14,3.8002644116975923e-14,3.803292953633892e-14,3.805811847236869e-14,3.807596129540578e-14,3.8084677746431735e-14,5.672860305791093e-15]"
28.20000000000013,sqp_rti,0,"[0.015675304591117243,0.12087799021599951,0.01904080196514967]",2.855784709075215,0.005963228642940521,"[-2.980232227667301e-09,1.8303403515051997e-09,5.30548422639221e-07,2.1836787883089404e-05,0.00014783800053674856,0.0004691652432591842,0.0010023623105964163,0.0016956486247877156,0.0024698578738158727,0.0032488157624189218,0.003975541978243069,0.004612602155894596,0.005144289271104274,0.005567897077356332,0.00589255388547355,0.006130182891083191,0.006299647329233882,0.006419392238137089,0.006507369341601621,0.006582347497129437,0.006661874613716645]","[null,3.2575906299152126e-14,3.272677912569958e-14,3.270016223942351e-14,3.2634290092016175e-14,3.2561846861654817e-14,3.250516499334094e-14,3.246831247869848e-14,3.245260913050524e-14,3.245805421935029e-14,3.248041661057784e-14,3.251383789415805e-14,3.255344523556596e-14,3.2595838472809135e-14,3.2638194437962357e-14,3.267795056765254e-14,3.271285457845176e-14,3.274100543665194e-14,3.2761248653092346e-14,3.277301059024554e-14,5.513513849029042e-15]"
28.300000000000132,sqp_rti,0,"[0.015699486638554038,0.11264423846725105,0.016462652113925617]",2.8576232078189987,0.006007630378007889,"[-2.980232227667301e-09,-2.9207444796064408e-09,-6.270372054917317e-09,1.5208483489237423e-06,2.2152803523606268e-05,0.00010759025364517893,0.0002985366063020245,0.0005997725139029186,0.0009840789685485185,0.0014095925210955706,0.0018373885740577411,0.0022370463422712317,0.0025880688304463217,0.0028840063384024117,0.0031217499610217136,0.0033068020934601816,0.0034462418718009258,0.003549534872866744,0.0036272538777158414,0.0036891165090223166,0.003746014368792683]","[null,4.911015405436768e-17,4.9113930317334096e-17,4.9245902043298553e-17,4.9217155297700485e-17,4.9161442113449805e-17,4.9103336102583137e-17,4.906050774230924e-17,4.9036605663706076e-17,4.9030456857113315e-17,4.904023514603754e-17,4.9063037011317135e-17,4.909478626077811e-17,4.9131039252401926e-17,4.9167898789356026e-17,4.920223117170189e-17,4.9231852570324854e-17,4.9255394064621964e-17,4.927218297722309e-17,4.928196416077459e-17,6.940739659978798e-18]"
28.400000000000134,sqp_rti,0,"[0.015861905351405296,0.10577786144122522,0.014092935546123092]",2.8594825498911245,0.006059922277927399,"[-2.980232227667301e-09,-2.96870622529255e-09,3.819096983104231e-10,4.726480551942025e-07,7.752636038999006e-06,4.168190282927142e-05,0.00012535877804814577,0.0002681944549477455,0.00046254164481590587,0.0006900986186634817,0.0009296968589463384,0.0011628374728292479,0.0013761864378732391,0.0015621918428617154,0.001717128876751739,0.0018422230496684677,0.0019400619393231122,0.0020149482114791284,0.0020724096883023013,0.0021172223818275993,0.00215612312695318]","[null,4.5003102876077185e-17,4.500412217756591e-17,4.513564677646247e-17,4.511940793997843e-17,4.5081213544854664e-17,4.5034307807878486e-17,4.4995697197523244e-17,4.497260192819057e-17,4.496501589084063e-17,4.4970523158687737e-17,4.4986095951705344e-17,4.5008214666066345e-17,4.503330080464292e-17,4.5058204533132705e-17,4.5080608532817544e-17,4.5099111379601806e-17,4.511310039952639e-17,4.51224853885051e-17,4.512737502738736e-17,6.4230476745737916e-18]"
28.500000000000135,sqp_rti,0,"[0.01602106878248845,0.09945990973254983,0.01176995982747181]",2.861346566048166,0.006119955331087112,"[-2.980232227667301e-09,-2.9790432343190787e-09,1.6655298806789176e-09,1.1142485556447923e-07,2.0858275455448716e-06,1.281296700439416e-05,4.2500501005682256e-05,9.814327702484249e-05,0.00017994545666372153,0.0002820820939119506,0.00039578284265423536,0.0005118956349846049,0.000622835147487788,0.0007235438505169278,0.0008106244896067261,0.0008834248979732728,0.0009422709958966657,0.0009886237240591123,0.0010246367710207704,0.001052708332598462,0.0010755392779904782]","[null,3.633710977055255e-17,3.63372510262834e-17,3.6381282445330536e-17,3.6429178247827746e-17,3.642105681934095e-17,3.640818745340284e-17,3.6394899138154957e-17,3.63848896613372e-17,3.637936206576888e-17,3.637809077105746e-17,3.6380270145998395e-17,3.638465338828219e-17,3.638955628962021e-17,3.639336978096485e-17,3.63950170863151e-17,3.639427322587293e-17,3.639170313966194e-17,3.6388307061304683e-17,3.63850645538951e-17,4.638878755011256e-18]"
28.600000000000136,sqp_rti,0,"[0.013637620587471706,0.09330849931970378,0.01564909395271731]",2.8617344794606896,0.006187133491039276,"[-2.980232227667301e-09,-2.9801453249600485e-09,2.7008248693061176e-09,3.194770731296259e-08,4.436515198547042e-07,3.1930824549997183e-06,1.1718447193942438e-05,2.949615615854828e-05,5.797631191784003e-05,9.612317639384749e-05,0.00014128403975721682,0.00018996002149779256,0.00023866797309746168,0.00028481710455585674,0.0003263625758945232,0.00036219699892220403,0.0003922174020394853,0.0004164751685519774,0.0004356136284076606,0.0004503657642941916,0.00046207062240016805]","[null,4.1668198236082746e-13,4.166823471276916e-13,4.167677146247455e-13,4.1791745108839626e-13,4.1782014026513616e-13,4.176469255982197e-13,4.1744860473853797e-13,4.1728921373091693e-13,4.172076962841542e-13,4.1721248401921835e-13,4.172913097445288e-13,4.1742278295963303e-13,4.17585312282819e-13,4.177609703825822e-13,4.179366652559969e-13,4.181016084099668e-13,4.182461101206463e-13,4.1836163800276666e-13,4.184421723123119e-13,5.556147561159549e-14]"
28.700000000000138,sqp_rti,0,"[0.013972540239338206,0.0872999644985606,0.012557181710114792]",2.8635216019653353,0.006258208304643631,"[-2.980232227667301e-09,-2.980232227667301e-09,-2.7240350808366287e-09,-5.089474092168089e-09,2.399560630750308e-08,2.127485654590533e-07,1.2439177309309102e-06,4.348687458965994e-06,1.0631175012709715e-05,2.0737410958260316e-05,3.434771007615467e-05,5.062099139258036e-05,6.830516992289981e-05,8.61733385453256e-05,0.00010317480746785401,0.00011861584703670713,0.00013197099324971373,0.00014313848000618856,0.00015206447914184462,0.00015894900788690491,0.00016414327995104006]","[null,3.5040319362047215e-17,3.5040319380121596e-17,3.504036565851407e-17,3.504283201615508e-17,3.507675835864114e-17,3.5074340141053855e-17,3.5069895113366427e-17,3.506397644312192e-17,3.50573821809881e-17,3.505049175043064e-17,3.5043215278861626e-17,3.503526525033627e-17,3.5026557152582825e-17,3.501735479199711e-17,3.500817817003684e-17,3.4999620671661464e-17,3.4992097449349036e-17,3.4985812918694796e-17,3.498076942300691e-17,4.366847287209391e-18]"
28.80000000000014,sqp_rti,0,"[0.014408750320485846,0.08251946002888425,0.009744662551289071]",2.8653366637783586,0.006332900375127792,"[-2.980232227667301e-09,-2.980232227667301e-09,-2.9366114262519005e-09,-3.847306750959234e-09,1.5058866931205728e-09,2.3997749759585574e-08,2.961678881030494e-07,1.0655104992762787e-06,2.797991260267141e-06,5.841226643044095e-06,1.0182462997165853e-05,1.572595537699395e-05,2.2055115974140005e-05,2.875155141793262e-05,3.539377957628709e-05,4.161907368843698e-05,4.7178113931456434e-05,5.190782679614925e-05,5.579180721212995e-05,5.879893591617669e-05,6.1026468323177596e-05]","[null,6.028978570401086e-13,6.028978570741445e-13,6.028979486138882e-13,6.029033225976868e-13,6.029671058182371e-13,6.032980976972979e-13,6.032889196695056e-13,6.032754339916883e-13,6.03259174386649e-13,6.032390770402071e-13,6.032092045862352e-13,6.031606869095977e-13,6.030871076708525e-13,6.02988059157988e-13,6.0286958701176e-13,6.027415329025404e-13,6.026149590858534e-13,6.025003735583265e-13,6.02404474285223e-13,7.006660492029425e-14]"
28.90000000000014,sqp_rti,0,"[0.012272294602579715,0.07765065170922097,0.013231437339547267]",2.8656853412571754,0.006411798298358917,"[-2.980232227667301e-09,-2.980232227667301e-09,-2.9761755560020475e-09,-1.1995732185354768e-10,-4.7965094118751495e-09,4.205413767222055e-09,2.0692814906020374e-08,1.7745424529813647e-07,5.096420130634716e-07,1.1608976661914294e-06,2.1476670157005717e-06,3.512135030941943e-06,5.189923933335283e-06,7.036160174334061e-06,8.967907386359109e-06,1.0841191674798578e-05,1.2578703814047909e-05,1.4092675333976512e-05,1.537814270965998e-05,1.6364877254843035e-05,1.7072518623734156e-05]","[null,2.225427197909241e-12,2.2254271979697467e-12,2.2254273927805084e-12,2.2254409121094063e-12,2.225612147497734e-12,2.2265373493525805e-12,2.2311214656360723e-12,2.2334057781175212e-12,2.235149149950148e-12,2.23742970178571e-12,2.24008708196568e-12,2.2430196278113264e-12,2.246344556266221e-12,2.2504945855451083e-12,2.2561400702454807e-12,2.263921372585483e-12,2.2741825331369835e-12,2.286754316975684e-12,2.3009858838985803e-12,3.781407372160812e-13]"
29.000000000000142,sqp_rti,0,"[0.012822132252929328,0.07280377498840608,0.009807580342051389]",2.8674392692863413,0.006492394953966141,"[-2.980232227667301e-09,-2.980232227667301e-09,-2.9802321166449985e-09,-2.9632860054640275e-09,-8.618346369893004e-09,-3.196540310224094e-09,-8.742952889440048e-09,-7.674422736192454e-09,2.044341262941174e-08,8.197831871670225e-08,2.417914548857869e-07,4.4412277197536376e-07,7.135504404010007e-07,1.077160382972897e-06,1.4573030149567234e-06,1.8815469021715714e-06,2.2578492687719276e-06,2.6534871266081783e-06,2.9540315251708194e-06,3.1786944069134293e-06,3.36698539055158e-06]","[null,3.364400209524095e-17,3.364400209402926e-17,3.36440021021072e-17,3.364400406585336e-17,3.364407893660401e-17,3.364485292845304e-17,3.364852280450182e-17,3.3659184830594475e-17,3.368161619731562e-17,3.3710876144365164e-17,3.3745597626129994e-17,3.379140269560067e-17,3.385209795596512e-17,3.393852085699816e-17,3.406828151979466e-17,3.4254375720393415e-17,3.4478479464675043e-17,3.471569813979724e-17,3.5240373017729894e-17,5.744940023391963e-18]"
29.100000000000144,sqp_rti,0,"[0.010915720854630877,0.06876578656921706,0.012902197951726098]",2.8677487310473038,0.006574451923370361,"[-2.980232227667301e-09,-2.980232227667301e-09,-2.9802321999117254e-09,-2.9783089605661672e-09,-1.9864213329778835e-09,9.010666379705157e-10,-1.4821434912715148e-09,-2.410887878223633e-09,-7.453719835792683e-09,2.0553736296280434e-08,3.250003433041826e-08,5.115849521786231e-08,1.197364039584592e-07,1.9886837376859035e-07,2.6229707303371264e-07,3.5502517511942777e-07,4.4981430044610526e-07,5.293574601716866e-07,6.166862855649935e-07,6.808080105780157e-07,7.124401012748027e-07]","[null,1.373979204505947e-12,1.3739792045059457e-12,1.3739792045253926e-12,1.3739792124488514e-12,1.3739795449035039e-12,1.3739833700018877e-12,1.3740040791022325e-12,1.3740761242713285e-12,1.3742742028965619e-12,1.3747579927963358e-12,1.3758581741309687e-12,1.3782992897197415e-12,1.3842295005662206e-12,1.3979639289157362e-12,1.4110218177459605e-12,1.42757093909483e-12,1.4423011861859867e-12,1.4488896585045946e-12,1.4463533640659742e-12,5.415298939239434e-13]"
29.200000000000145,sqp_rti,0,"[0.011682322286962855,0.06480056949652259,0.009161733383420441]",2.86947099831938,0.006656967103481293,"[-2.980232227667301e-09,-2.980232227667301e-09,-2.980232227667301e-09,-2.9802320333782717e-09,-2.979132968095044e-09,-2.752720634768835e-09,-9.873607237365079e-09,-8.884959989963193e-09,3.0672319406566118e-09,-6.189002504930485e-09,-3.6009391024549586e-09,-7.233622978386478e-09,-1.0206141820567893e-08,2.638782700681297e-08,2.9608018009552595e-08,2.035111454357086e-08,6.139258734716435e-08,6.217567335986551e-08,8.708636237142464e-08,8.273147117376922e-08,8.298319628674555e-08]","[null,1.4734652975338376e-12,1.4734652975338364e-12,1.473465297533431e-12,1.4734652976135632e-12,1.4734653113505626e-12,1.4734657198944043e-12,1.4734699302975782e-12,1.4734917981025913e-12,1.4735634445418956e-12,1.4737345453735177e-12,1.4740625725537314e-12,1.4746014721051852e-12,1.4753924656397365e-12,1.4764558133675452e-12,1.4777798397912888e-12,1.4793113432810349e-12,1.480949789206058e-12,1.4825566237241597e-12,1.4839776827652797e-12,5.149857585784601e-13]"
29.300000000000146,sqp_rti,0,"[0.009959317803113418,0.06123522011972172,0.01199460302184738]",2.8697542852832267,0.0067400261759757996,"[-2.980232227667301e-09,-2.980232227667301e-09,-2.980232227667301e-09,-2.9802321999117254e-09,-2.9801341394630754e-09,-2.9621775865518174e-09,-2.3430591633566422e-09,-9.611113988006181e-09,-6.6762440853462834e-09,-1.7836912502566804e-10,-9.757737479132444e-09,-4.774664552620322e-10,-5.015606541203255e-09,-8.776551069233918e-09,1.6736575181308666e-09,-6.622838194525471e-09,-1.1377068176443572e-09,-2.686385502936872e-09,-4.626439481514311e-09,-8.265175627242272e-09,-4.37892261340167e-09]","[null,8.91525888443593e-14,8.915258884435808e-14,8.915258884436616e-14,8.915258884477894e-14,8.915258887963483e-14,8.915258993662585e-14,8.915260159892777e-14,8.915266793692993e-14,8.915290638134374e-14,8.915352295596592e-14,8.91547751317994e-14,8.915689156743147e-14,8.915999352921567e-14,8.916405084774331e-14,8.91688732005056e-14,8.917413882369828e-14,8.91794376963204e-14,8.918434087901373e-14,8.918845248861474e-14,2.8256209760995124e-14]"
29.400000000000148,sqp_rti,0,"[0.010882843209041117,0.05784109078234522,0.008034486363865861]",2.871454587346335,0.006822645664215088,"[-2.980232227667301e-09,-2.980232227667301e-09,-2.980232227667301e-09,-2.980232227667301e-09,-2.9802321999117254e-09,-2.9802150747215705e-09,-2.9782721011617497e-09,-2.9229482167991705e-09,-2.28711274918858e-09,1.6161385008039986e-09,2.007436744611013e-09,2.6723828705499386e-10,-1.0308101233702516e-08,-6.436153054956151e-09,-3.784815155727372e-09,-4.349983651064093e-09,6.410207642471022e-10,-1.0018522150767595e-08,-6.982552841483525e-09,-4.640773404451792e-09,-9.289491176289744e-09]","[null,7.31887773283851e-16,7.318877732826393e-16,7.318877732842549e-16,7.318877732834471e-16,7.318877732814276e-16,7.318877733294913e-16,7.318877740520627e-16,7.318877817979952e-16,7.318878255278999e-16,7.318879850929788e-16,7.318884068908716e-16,7.318892806403794e-16,7.318907777185425e-16,7.318929795000614e-16,7.318958351020193e-16,7.318991522368317e-16,7.319026378256834e-16,7.31905945552932e-16,7.319087491644882e-16,2.1089461562690827e-16]"
29.50000000000015,sqp_rti,0,"[0.009290738019388846,0.054852770218104904,0.0106848547473972]",2.871719624184688,0.006905201822519302,"[-2.980232227667301e-09,-2.980232227667301e-09,-2.980232227667301e-09,-2.980232227667301e-09,-2.980232227667301e-09,-2.98023128397773e-09,-2.9801374701321492e-09,-2.977505270118641e-09,-2.945903937456862e-09,-2.737281401543612e-09,-1.8480801611264752e-09,8.747320090485289e-10,-7.575261140591039e-09,-1.0017331436573684e-08,-4.563596389672853e-09,-5.4936104831870836e-09,8.999997969105777e-10,-3.3281525591011274e-09,-7.707851995553128e-09,-2.1168092001477845e-09,-5.641167560854754e-09]","[null,1.1672156401171016e-13,1.1672156401170895e-13,1.1672156401171056e-13,1.1672156401191655e-13,1.1672156401181113e-13,1.1672156401227279e-13,1.167215640196128e-13,1.167215641011846e-13,1.1672156460079442e-13,1.1672156659421892e-13,1.1672157236053415e-13,1.1672158536116503e-13,1.167216094454438e-13,1.167216474144116e-13,1.1672169965931357e-13,1.167217635274134e-13,1.1672183348182415e-13,1.1672190204882845e-13,1.1672196151937845e-13,3.7911389572559974e-14]"
29.60000000000015,sqp_rti,0,"[0.010323434528604545,0.05186606296320395,0.006570182786985308]",2.8734044707175532,0.0069869644939899445,"[-2.980232227667301e-09,-2.980232227667301e-09,-2.980232227667301e-09,-2.980232227667301e-09,-2.980232227667301e-09,-2.980232227667301e-09,-2.9802321721561498e-09,-2.9802281475976855e-09,-2.98012600707942e-09,-2.9789382627321004e-09,-2.9711003379784273e-09,-2.937297377547665e-09,-2.832146461795304e-09,-2.5796953184720195e-09,-2.088313577619516e-09,-1.2859884823690493e-09,-1.6142795433715662e-10,1.210462813316937e-09,2.6692429377916937e-09,4.0071322926493735e-09,-9.8827446504135e-09]","[null,9.241095470955822e-16,9.241095470879082e-16,9.24109547095986e-16,9.241095470919471e-16,9.241095470931588e-16,9.241095470895237e-16,9.241095470915432e-16,9.241095470891198e-16,9.241095471076991e-16,9.241095471917096e-16,9.24109547554005e-16,9.241095486053484e-16,9.24109551013381e-16,9.241095555350055e-16,9.241095626920565e-16,9.24109572464743e-16,9.241095841373601e-16,9.241095963382741e-16,9.241096073880823e-16,1.988340811937392e-16]"
29.700000000000152,sqp_rti,0,"[0.008822310438532066,0.04923502232673695,0.009091972836748952]",2.87365664972253,0.007068201899528503,"[-2.980232227667301e-09,-2.980232227667301e-09,-2.980232227667301e-09,-2.980232227667301e-09,-2.980232227667301e-09,-2.980232227667301e-09,-2.980232227667301e-09,-2.980232144400574e-09,-2.9802298129322224e-09,-2.9802018630675775e-09,-2.9800049372585846e-09,-2.9790856170830438e-09,-2.9759817665730992e-09,-2.9679091129164448e-09,-2.950975130922018e-09,-2.921419328671959e-09,-2.8775126448277177e-09,-2.821234829086805e-09,-2.7588987761006933e-09,-2.7000319202663547e-09,-2.6545281250900388e-09]","[null,4.720733742183086e-14,4.720733742182319e-14,4.7207337421831266e-14,4.720733742182723e-14,4.720733742182844e-14,4.7207337421824804e-14,4.7207337421826823e-14,4.72073374218244e-14,4.7207337421946377e-14,4.720733742203039e-14,4.720733742285797e-14,4.720733742546028e-14,4.720733743184912e-14,4.7207337444797645e-14,4.720733746679225e-14,4.720733749853692e-14,4.720733753864387e-14,4.720733758227765e-14,4.720733762295086e-14,1.2517172006577369e-14]"
29.800000000000153,sqp_rti,0,"[0.007910108897692229,0.046506224545732576,0.009807273688699337]",2.874153987296924,0.007148366421461105,"[-2.980232227667301e-09,-2.980232227667301e-09,-2.980232227667301e-09,-2.980232227667301e-09,-2.980232227667301e-09,-2.980232227667301e-09,-2.980232227667301e-09,-2.980232227667301e-09,-2.980232227667301e-09,-2.9802321999117254e-09,-2.980231866844818e-09,-2.9802294521097394e-09,-2.98021798905701e-09,-2.9801787426730897e-09,-2.980075880509858e-09,-2.979860858065564e-09,-2.9794919031989053e-09,-2.978962493349613e-09,-2.9783231714208824e-09,-2.9776815180238003e-09,-2.97716956643157e-09]","[null,8.427537326591387e-14,8.42753732659062e-14,8.427537326591427e-14,8.427537326591023e-14,8.427537326591144e-14,8.427537326590781e-14,8.427537326590983e-14,8.42753732659074e-14,8.427537326577089e-14,8.42753732658549e-14,8.42753732658553e-14,8.427537326592437e-14,8.427537326590256e-14,8.427537326608148e-14,8.4275373266466e-14,8.42753732669846e-14,8.427537326780047e-14,8.427537326883445e-14,8.427537326980299e-14,2.284781989347057e-14]"
29.900000000000155,sqp_rti,0,"[0.00866722932042861,0.044152122637421756,0.006660524170188916]",2.8755098185847796,0.0072266049683094025,"[-2.980232227667301e-09,-2.980232227667301e-09,-2.980232227667301e-09,-2.980232227667301e-09,-2.980232227667301e-09,-2.980232227667301e-09,-2.980232227667301e-09,-2.980232227667301e-09,-2.980232227667301e-09,-2.980232227667301e-09,-2.980232227667301e-09,-2.980232227667301e-09,-2.9802321721561498e-09,-2.980231950111545e-09,-2.9802312007110032e-09,-2.9802293965985882e-09,-2.980225871640485e-09,-2.9802202927697863e-09,-2.9802129652978238e-09,-2.9802051659810758e-09,-2.9801987544431086e-09]","[null,2.1841524386337713e-14,2.184152438633004e-14,2.1841524386338117e-14,2.1841524386334078e-14,2.184152438633529e-14,2.1841524386331655e-14,2.1841524386333674e-14,2.184152438633125e-14,2.184152438632398e-14,2.1841524386356292e-14,2.1841524386356696e-14,2.1841524386374064e-14,2.1841524386378103e-14,2.1841524386350234e-14,2.1841524386347003e-14,2.184152438634862e-14,2.184152438633731e-14,2.1841524386389008e-14,2.1841524386375276e-14,6.2493727641915315e-15]"
30.000000000000156,sqp_rti,0,"[0.007399753199451013,0.042039724120672535,0.008765218744313437]",2.8757202880421917,0.007303643971681595,"[-2.980232227667301e-09,-2.980232227667301e-09,-2.980232227667301e-09,-2.980232227667301e-09,-2.980232227667301e-09,-2.980232227667301e-09,-2.980232227667301e-09,-2.980232227667301e-09,-2.980232227667301e-09,-2.980232227667301e-09,-2.980232227667301e-09,-2.980232227667301e-09,-2.980232227667301e-09,-2.980232227667301e-09,-2.980232227667301e-09,-2.9802321999117254e-09,-2.9802321721561498e-09,-2.9802321166449985e-09,-2.9802320611338473e-09,-2.9802319778671205e-09,-2.9802318946003936e-09]","[null,6.185071567229964e-14,6.185071567229196e-14,6.185071567230004e-14,6.1850715672296e-14,6.185071567229722e-14,6.185071567229358e-14,6.18507156722956e-14,6.185071567229318e-14,6.18507156722859e-14,6.185071567231822e-14,6.185071567231862e-14,6.185071567228429e-14,6.185071567223663e-14,6.185071567231216e-14,6.185071567230893e-14,6.185071567231054e-14,6.185071567235093e-14,6.185071567229923e-14,6.18507156723372e-14,1.560805120223276e-14]"
30.100000000000158,sqp_rti,0,"[0.007048112749798247,0.03987689121310956,0.0083447879679142]",2.876378935349521,0.007379177957773209,"[-2.980232227667301e-09,-2.980232227667301e-09,-2.980232227667301e-09,-2.980232227667301e-09,-2.980232227667301e-09,-2.980232227667301e-09,-2.980232227667301e-09,-2.980232227667301e-09,-2.980232227667301e-09,-2.980232227667301e-09,-2.980232227667301e-09,-2.980232227667301e-09,-2.980232227667301e-09,-2.980232227667301e-09,-2.980232227667301e-09,-2.980232227667301e-09,-2.980232227667301e-09,-2.980232227667301e-09,-2.980232227667301e-09,-2.980232227667301e-09,-2.980232227667301e-09]","[null,1.0286965338139332e-13,1.0286965338138565e-13,1.0286965338139373e-13,1.0286965338138969e-13,1.028696533813909e-13,1.0286965338138726e-13,1.0286965338138928e-13,1.0286965338138686e-13,1.0286965338137959e-13,1.028696533813085e-13,1.0286965338130891e-13,1.0286965338137797e-13,1.0286965338133031e-13,1.0286965338140584e-13,1.0286965338140261e-13,1.0286965338140423e-13,1.0286965338128952e-13,1.0286965338139292e-13,1.0286965338127579e-13,2.8298342598857053e-14]"
30.20000000000016,sqp_rti,0,"[0.007641331209050044,0.03803850980435689,0.005848652543757111]",2.877524945151041,0.00745280459523201,"[-2.980232227667301e-09,-2.980232227667301e-09,-2.980232227667301e-09,-2.980232227667301e-09,-2.980232227667301e-09,-2.980232227667301e-09,-2.980232227667301e-09,-2.980232227667301e-09,-2.980232227667301e-09,-2.980232227667301e-09,-2.980232227667301e-09,-2.980232227667301e-09,-2.980232227667301e-09,-2.980232227667301e-09,-2.980232227667301e-09,-2.980232227667301e-09,-2.980232227667301e-09,-2.980232227667301e-09,-2.980232227667301e-09,-2.980232227667301e-09,-2.980232227667301e-09]","[null,1.552558597443802e-13,1.5525585974437251e-13,1.552558597443806e-13,1.5525585974437655e-13,1.5525585974437776e-13,1.5525585974437413e-13,1.5525585974437615e-13,1.5525585974437373e-13,1.5525585974436646e-13,1.5525585974434707e-13,1.5525585974434747e-13,1.5525585974436484e-13,1.5525585974436888e-13,1.552558597443927e-13,1.5525585974438948e-13,1.552558597443911e-13,1.5525585974443148e-13,1.5525585974437978e-13,1.5525585974441775e-13,4.2318607712779015e-14]"
30.30000000000016,sqp_rti,0,"[0.006587447696681456,0.03629632696285531,0.007536330475633445]",2.8777483459737745,0.007525134831666946,"[-2.980232227667301e-09,-2.980232227667301e-09,-2.980232227667301e-09,-2.980232227667301e-09,-2.980232227667301e-09,-2.980232227667301e-09,-2.980232227667301e-09,-2.980232227667301e-09,-2.980232227667301e-09,-2.980232227667301e-09,-2.980232227667301e-09,-2.980232227667301e-09,-2.980232227667301e-09,-2.980232227667301e-09,-2.980232227667301e-09,-2.980232227667301e-09,-2.980232227667301e-09,-2.980232227667301e-09,-2.980232227667301e-09,-2.980232227667301e-09,-2.980232227667301e-09]","[null,2.3313263407027426e-13,2.331326340702666e-13,2.3313263407027466e-13,2.331326340702706e-13,2.3313263407027184e-13,2.331326340702682e-13,2.331326340702702e-13,2.331326340702678e-13,2.3313263407026053e-13,2.3313263407034454e-13,2.3313263407034494e-13,2.331326340702589e-13,2.3313263407026295e-13,2.331326340702868e-13,2.3313263407028355e-13,2.3313263407028516e-13,2.3313263407032555e-13,2.3313263407027386e-13,2.331326340703118e-13,6.06794838566422e-14]"
30.400000000000162,sqp_rti,0,"[0.006309273830128741,0.034386767563911194,0.007088222338238569]",2.878353291204573,0.0075958482921123505,"[-2.980232227667301e-09,-2.980232227667301e-09,-2.980232227667301e-09,-2.980232227667301e-09,-2.980232227667301e-09,-2.980232227667301e-09,-2.980232227667301e-09,-2.980232227667301e-09,-2.980232227667301e-09,-2.980232227667301e-09,-2.980232227667301e-09,-2.980232227667301e-09,-2.980232227667301e-09,-2.980232227667301e-09,-2.980232227667301e-09,-2.980232227667301e-09,-2.980232227667301e-09,-2.980232227667301e-09,-2.980232227667301e-09,-2.980232227667301e-09,-2.980232227667301e-09]","[null,1.0688876893291562e-13,1.0688876893290795e-13,1.0688876893291603e-13,1.0688876893291199e-13,1.068887689329132e-13,1.0688876893290956e-13,1.0688876893291158e-13,1.0688876893290916e-13,1.0688876893295359e-13,1.068887689328825e-13,1.0688876893288291e-13,1.0688876893295197e-13,1.0688876893290431e-13,1.0688876893297984e-13,1.0688876893297661e-13,1.0688876893297823e-13,1.0688876893296692e-13,1.0688876893291522e-13,1.0688876893295318e-13,2.6437811824134254e-14]"
30.500000000000163,sqp_rti,0,"[0.006082816992861633,0.03273413019795392,0.0067102512755106035]",2.8789374312154306,0.007664348930120468,"[-2.980232227667301e-09,-2.980232227667301e-09,-2.980232227667301e-09,-2.980232227667301e-09,-2.980232227667301e-09,-2.980232227667301e-09,-2.980232227667301e-09,-2.980232227667301e-09,-2.980232227667301e-09,-2.980232227667301e-09,-2.980232227667301e-09,-2.980232227667301e-09,-2.980232227667301e-09,-2.980232227667301e-09,-2.980232227667301e-09,-2.980232227667301e-09,-2.980232227667301e-09,-2.980232227667301e-09,-2.980232227667301e-09,-2.980232227667301e-09,-2.980232227667301e-09]","[null,6.676597158547015e-14,6.676597158546248e-14,6.676597158547055e-14,6.676597158547298e-14,6.676597158546773e-14,6.676597158547055e-14,6.676597158547257e-14,6.676597158547015e-14,6.676597158546934e-14,6.676597158546288e-14,6.676597158546328e-14,6.676597158546773e-14,6.67659715854653e-14,6.676597158546975e-14,6.676597158546651e-14,6.676597158546813e-14,6.676597158546975e-14,6.676597158546975e-14,6.676597158546894e-14,1.700365979762267e-14]"
30.600000000000165,sqp_rti,0,"[0.006076889289663234,0.0312967333659851,0.005847170581821417]",2.879621110683754,0.007730979472398758,"[-2.980232227667301e-09,-2.980232227667301e-09,-2.980232227667301e-09,-2.980232227667301e-09,-2.980232227667301e-09,-2.980232227667301e-09,-2.980232227667301e-09,-2.980232227667301e-09,-2.980232227667301e-09,-2.980232227667301e-09,-2.980232227667301e-09,-2.980232227667301e-09,-2.980232227667301e-09,-2.980232227667301e-09,-2.980232227667301e-09,-2.980232227667301e-09,-2.980232227667301e-09,-2.980232227667301e-09,-2.980232227667301e-09,-2.980232227667301e-09,-2.980232227667301e-09]","[null,2.078989013603762e-13,2.0789890136036852e-13,2.0789890136037013e-13,2.078989013603661e-13,2.0789890136037377e-13,2.0789890136037013e-13,2.078989013603657e-13,2.078989013603762e-13,2.0789890136037538e-13,2.0789890136036892e-13,2.0789890136036932e-13,2.0789890136037377e-13,2.0789890136036488e-13,2.0789890136037579e-13,2.078989013603661e-13,2.0789890136037417e-13,2.0789890136037579e-13,2.0789890136037579e-13,2.0789890136037498e-13,5.274116511078366e-14]"
30.700000000000166,sqp_rti,0,"[0.005672084127500069,0.029875604289792412,0.006013085806490875]",2.8800653035836232,0.007796097546815872,"[-2.980232227667301e-09,-2.980232227667301e-09,-2.980232227667301e-09,-2.980232227667301e-09,-2.980232227667301e-09,-2.980232227667301e-09,-2.980232227667301e-09,-2.980232227667301e-09,-2.980232227667301e-09,-2.980232227667301e-09,-2.980232227667301e-09,-2.980232227667301e-09,-2.980232227667301e-09,-2.980232227667301e-09,-2.980232227667301e-09,-2.980232227667301e-09,-2.980232227667301e-09,-2.980232227667301e-09,-2.980232227667301e-09,-2.980232227667301e-09,-2.980232227667301e-09]","[null,2.6552404395792887e-13,2.6552404395792765e-13,2.6552404395792927e-13,2.655240439579317e-13,2.6552404395792644e-13,2.6552404395792927e-13,2.655240439579313e-13,2.6552404395792887e-13,2.6552404395792806e-13,2.6552404395792806e-13,2.6552404395792846e-13,2.6552404395792644e-13,2.655240439579305e-13,2.6552404395792846e-13,2.655240439579317e-13,2.6552404395792685e-13,2.6552404395792846e-13,2.6552404395792846e-13,2.6552404395792765e-13,7.274897330848439e-14]"
30.800000000000168,sqp_rti,0,"[0.00546103671368273,0.028386123644702055,0.005666265222846271]",2.8805887815396,0.007859423756599426,"[-2.980232227667301e-09,-2.980232227667301e-09,-2.980232227667301e-09,-2.980232227667301e-09,-2.980232227667301e-09,-2.980232227667301e-09,-2.980232227667301e-09,-2.980232227667301e-09,-2.980232227667301e-09,-2.980232227667301e-09,-2.980232227667301e-09,-2.980232227667301e-09,-2.980232227667301e-09,-2.980232227667301e-09,-2.980232227667301e-09,-2.980232227667301e-09,-2.980232227667301e-09,-2.980232227667301e-09,-2.980232227667301e-09,-2.980232227667301e-09,-2.980232227667301e-09]","[null,1.1093229207271614e-13,1.1093229207271493e-13,1.1093229207271655e-13,1.1093229207271897e-13,1.1093229207271372e-13,1.1093229207271655e-13,1.1093229207271857e-13,1.1093229207271614e-13,1.1093229207271533e-13,1.1093229207271533e-13,1.1093229207271574e-13,1.1093229207271372e-13,1.1093229207271776e-13,1.1093229207271574e-13,1.1093229207271897e-13,1.1093229207271412e-13,1.1093229207271574e-13,1.1093229207271574e-13,1.1093229207271493e-13,3.381446146524894e-14]"
30.90000000000017,sqp_rti,0,"[0.005267559718503759,0.027024217103308174,0.005345276361421989]",2.881093781945453,0.007920719683170319,"[-2.980232227667301e-09,-2.980232227667301e-09,-2.980232227667301e-09,-2.980232227667301e-09,-2.980232227667301e-09,-2.980232227667301e-09,-2.980232227667301e-09,-2.980232227667301e-09,-2.980232227667301e-09,-2.980232227667301e-09,-2.980232227667301e-09,-2.980232227667301e-09,-2.980232227667301e-09,-2.980232227667301e-09,-2.980232227667301e-09,-2.980232227667301e-09,-2.980232227667301e-09,-2.980232227667301e-09,-2.980232227667301e-09,-2.980232227667301e-09,-2.980232227667301e-09]","[null,4.7852314000151177e-14,4.7852314000149965e-14,4.785231400015158e-14,4.785231400015077e-14,4.785231400014875e-14,4.785231400015158e-14,4.785231400015037e-14,4.7852314000151177e-14,4.785231400015037e-14,4.785231400015037e-14,4.785231400015077e-14,4.785231400014875e-14,4.785231400014956e-14,4.785231400015077e-14,4.785231400015077e-14,4.785231400014916e-14,4.785231400015077e-14,4.785231400015077e-14,4.7852314000149965e-14,1.5116629458272383e-14]"
31.00000000000017,sqp_rti,0,"[0.0051492964853810125,0.025765617370927398,0.004872753412789865]",2.8816199826957583,0.007980108261108398,"[-2.980232227667301e-09,-2.980232227667301e-09,-2.980232227667301e-09,-2.980232227667301e-09,-2.980232227667301e-09,-2.980232227667301e-09,-2.980232227667301e-09,-2.980232227667301e-09,-2.980232227667301e-09,-2.980232227667301e-09,-2.980232227667301e-09,-2.980232227667301e-09,-2.980232227667301e-09,-2.980232227667301e-09,-2.980232227667301e-09,-2.980232227667301e-09,-2.980232227667301e-09,-2.980232227667301e-09,-2.980232227667301e-09,-2.980232227667301e-09,-2.980232227667301e-09]","[null,4.0084717303239363e-14,4.008471730323815e-14,4.008471730323977e-14,4.008471730323896e-14,4.008471730324017e-14,4.008471730323977e-14,4.0084717303238556e-14,4.0084717303239363e-14,4.0084717303238556e-14,4.0084717303238556e-14,4.008471730323896e-14,4.008471730324017e-14,4.008471730324098e-14,4.008471730323896e-14,4.008471730323896e-14,4.0084717303240575e-14,4.008471730323896e-14,4.008471730323896e-14,4.008471730323815e-14,1.2680447601903197e-14]"
31.100000000000172,sqp_rti,0,"[0.004904851688054218,0.02459865872306372,0.004742716851785895]",2.882057239615369,0.008037686347961426,"[-2.980232227667301e-09,-2.980232227667301e-09,-2.980232227667301e-09,-2.980232227667301e-09,-2.980232227667301e-09,-2.980232227667301e-09,-2.980232227667301e-09,-2.980232227667301e-09,-2.980232227667301e-09,-2.980232227667301e-09,-2.980232227667301e-09,-2.980232227667301e-09,-2.980232227667301e-09,-2.980232227667301e-09,-2.980232227667301e-09,-2.980232227667301e-09,-2.980232227667301e-09,-2.980232227667301e-09,-2.980232227667301e-09,-2.980232227667301e-09,-2.980232227667301e-09]","[null,7.075167850107833e-14,7.075167850108035e-14,7.075167850107873e-14,7.075167850108115e-14,7.075167850107914e-14,7.075167850107873e-14,7.075167850108075e-14,7.075167850107833e-14,7.075167850108075e-14,7.075167850108075e-14,7.075167850108115e-14,7.075167850107914e-14,7.075167850107994e-14,7.075167850108115e-14,7.075167850108115e-14,7.075167850107954e-14,7.075167850108115e-14,7.075167850108115e-14,7.075167850108035e-14,2.140164537236738e-14]"
31.200000000000173,sqp_rti,0,"[0.004727223372773305,0.023476345380193987,0.00445218642928033]",2.8825098484915084,0.008093554526567459,"[-2.980232227667301e-09,-2.980232227667301e-09,-2.980232227667301e-09,-2.980232227667301e-09,-2.980232227667301e-09,-2.980232227667301e-09,-2.980232227667301e-09,-2.980232227667301e-09,-2.980232227667301e-09,-2.980232227667301e-09,-2.980232227667301e-09,-2.980232227667301e-09,-2.980232227667301e-09,-2.980232227667301e-09,-2.980232227667301e-09,-2.980232227667301e-09,-2.980232227667301e-09,-2.980232227667301e-09,-2.980232227667301e-09,-2.980232227667301e-09,-2.980232227667301e-09]","[null,1.1243703769136446e-13,1.1243703769135355e-13,1.1243703769136486e-13,1.1243703769135436e-13,1.1243703769135234e-13,1.1243703769136486e-13,1.1243703769135396e-13,1.1243703769136446e-13,1.1243703769135396e-13,1.1243703769135396e-13,1.1243703769135436e-13,1.1243703769135234e-13,1.1243703769135315e-13,1.1243703769135436e-13,1.1243703769135436e-13,1.1243703769135275e-13,1.1243703769135436e-13,1.1243703769135436e-13,1.1243703769135355e-13,2.1818098528738026e-14]"
31.300000000000175,sqp_rti,0,"[0.004559355154160702,0.0225984953215873,0.004176806186836769]",2.882946308112809,0.008147649466991425,"[-2.980232227667301e-09,-2.980232227667301e-09,-2.980232227667301e-09,-2.980232227667301e-09,-2.980232227667301e-09,-2.980232227667301e-09,-2.980232227667301e-09,-2.980232227667301e-09,-2.980232227667301e-09,-2.980232227667301e-09,-2.980232227667301e-09,-2.980232227667301e-09,-2.980232227667301e-09,-2.980232227667301e-09,-2.980232227667301e-09,-2.980232227667301e-09,-2.980232227667301e-09,-2.980232227667301e-09,-2.980232227667301e-09,-2.980232227667301e-09,-2.980232227667301e-09]","[null,4.2052986405630634e-13,4.205298640562696e-13,4.2052986405630675e-13,4.205298640562704e-13,4.205298640562684e-13,4.2052986405630675e-13,4.2052986405627e-13,4.2052986405630634e-13,4.2052986405627e-13,4.2052986405627e-13,4.205298640562704e-13,4.205298640562684e-13,4.205298640562692e-13,4.205298640562704e-13,4.205298640562704e-13,4.205298640562688e-13,4.205298640562704e-13,4.205298640562704e-13,4.205298640562696e-13,8.436595641443169e-14]"
31.400000000000176,sqp_rti,0,"[0.004396372283855427,0.021569127125895107,0.003911353042380971]",2.8833670775159117,0.008200503885746002,"[-2.980232227667301e-09,-2.980232227667301e-09,-2.980232227667301e-09,-2.980232227667301e-09,-2.980232227667301e-09,-2.980232227667301e-09,-2.980232227667301e-09,-2.980232227667301e-09,-2.980232227667301e-09,-2.980232227667301e-09,-2.980232227667301e-09,-2.980232227667301e-09,-2.980232227667301e-09,-2.980232227667301e-09,-2.980232227667301e-09,-2.980232227667301e-09,-2.980232227667301e-09,-2.980232227667301e-09,-2.980232227667301e-09,-2.980232227667301e-09,-2.980232227667301e-09]","[null,4.020493370519463e-13,4.020493370519354e-13,4.020493370519467e-13,4.020493370519362e-13,4.020493370519342e-13,4.020493370519467e-13,4.020493370519358e-13,4.020493370519463e-13,4.020493370519358e-13,4.020493370519358e-13,4.020493370519362e-13,4.020493370519342e-13,4.02049337051935e-13,4.020493370519362e-13,4.020493370519362e-13,4.020493370519346e-13,4.020493370519362e-13,4.020493370519362e-13,4.020493370519354e-13,1.1377251151201663e-13]"
