time,solve_mode,solver_status,u0,s,psdf,mf_probability_sum,mf_slack
0.0,sqp_rti,0,"[0.12340122720970087,4.946007985611551e-08,0.09528988815710106]",0.02231023881579842,0.029999956488609314,"[-2.980232227667301e-09,-2.980232227667301e-09,-2.980232227667301e-09,-2.980232227667301e-09,-2.980232227667301e-09,-2.980232227667301e-09,-2.980232227667301e-09,-2.980232227667301e-09,-2.980232227667301e-09,-2.980232227667301e-09,-2.980232227667301e-09,-2.980232227667301e-09,-2.980232227667301e-09,-2.980232227667301e-09,-2.980232227667301e-09,-2.980232227667301e-09,-2.980232227667301e-09,-2.980232227667301e-09,-2.980232227667301e-09,-2.980232227667301e-09,-2.980232227667301e-09]","[null,7.519802967538498e-12,7.519802967538498e-12,7.519802967538498e-12,7.519802967538498e-12,7.519802967538498e-12,7.519802966472676e-12,7.519802966472676e-12,7.519802966472676e-12,7.519802966472676e-12,7.519802966472676e-12,7.519802966472676e-12,7.519802966472676e-12,7.519802966472676e-12,7.519802966472676e-12,7.519802966472676e-12,7.519802966472676e-12,7.519802966472676e-12,7.519802966472676e-12,7.519802966472676e-12,3.542577505155946e-12]"
0.1,sqp_rti,0,"[0.11435426775268853,0.0879767560622259,0.08541533064991275]",0.03213165578597598,0.0299999937415123,"[-2.980232227667301e-09,-2.980232227667301e-09,-2.980232227667301e-09,-2.980232227667301e-09,-2.980232227667301e-09,-2.980232227667301e-09,-2.980232227667301e-09,-2.980232227667301e-09,-2.980232227667301e-09,-2.980232227667301e-09,-2.980232227667301e-09,-2.980232227667301e-09,-2.980232227667301e-09,-2.980232227667301e-09,-2.980232227667301e-09,-2.980232227667301e-09,-2.980232227667301e-09,-2.980232227667301e-09,-2.980232227667301e-09,-2.980232227667301e-09,-2.980232227667301e-09]","[null,8.156321080298548e-13,8.156321080298548e-13,8.156321080298548e-13,8.156321080298548e-13,8.156321080298548e-13,8.1563210787724e-13,8.1563210787724e-13,8.1563210787724e-13,8.1563210787724e-13,8.1563210787724e-13,8.1563210787724e-13,8.1563210787724e-13,8.1563210787724e-13,8.1563210787724e-13,8.1563210787724e-13,8.1563210787724e-13,8.1563210787724e-13,8.1563210787724e-13,8.1563210787724e-13,5.101625179430792e-13]"
0.2,sqp_rti,0,"[0.11881124183689913,0.180050944482413,0.07946895364352599]",0.042972444860591645,0.0293419249355793,"[-2.980232227667301e-09,-2.980232227667301e-09,-3.0556332464293234e-09,8.488529451566862e-08,3.281251769618465e-05,0.0010227226687087865,0.00887318066232301,0.036922675250239956,0.0977367857182902,0.22771332999681954,0.7819023225115493,1.0104572120903839,0.5570072177652292,0.5587163783318381,0.6116716092882768,0.6581324438028326,0.6713511395018832,0.6842108778072895,0.7106665122362912,0.7527934373437046,0.8268019597560243]","[null,3.9237715275483007e-16,3.9237715313530084e-16,3.9239421126116306e-16,3.9497223762570516e-16,3.985951712191521e-16,3.923771527507911e-16,3.923771527507911e-16,3.923771527507911e-16,3.923771527507911e-16,3.923771527507911e-16,3.923771527507911e-16,3.923771527507911e-16,3.923771527507911e-16,3.923771527507911e-16,3.923771527507911e-16,3.923771527507911e-16,3.923771527507911e-16,3.923771527507911e-16,3.923771527507911e-16,8.565099261993165e-17]"
0.30000000000000004,sqp_rti,0,"[0.11950141691432753,-0.04265816804236966,0.0956647266844537]",0.05028940603298975,0.027901671826839447,"[-2.980232227667301e-09,-2.9802885159746495e-09,5.352491483368027e-08,5.9332850476156995e-05,0.001824080779841003,0.01376830565823392,0.04997632051231393,0.11857706129340367,0.2751517751029418,0.9049691768470669,0.8348565301091646,0.4966729071437131,0.538750146696229,0.5926274220921097,0.6426599074892703,0.6893140560164006,0.7329063084705305,0.7736408778675645,0.8166580474020895,0.9505456010053581,1.1968067444510344]","[null,6.956505807945477e-15,6.956712567826713e-15,6.9918292401641675e-15,6.987768471639464e-15,6.96516810087502e-15,6.956505807939419e-15,6.956505807939419e-15,6.956505807939419e-15,6.956505807939419e-15,6.956505807939419e-15,6.956505807939419e-15,6.956505807939419e-15,6.956505807939419e-15,6.956505807939419e-15,6.956505807939419e-15,6.956505807939419e-15,6.956505807939419e-15,6.956505807939419e-15,6.956505807939419e-15,1.3736173942693453e-15]"
0.4,sqp_rti,0,"[0.12587984710860564,0.04036580107829629,0.0839371418892522]",0.06342265479222482,0.027896521613001823,"[-2.980232227667301e-09,-2.9824405167744317e-09,1.2116924485994218e-07,3.903221611817331e-05,0.0008867078357261138,0.00643363202449887,0.027425987534673346,0.14307944910813736,0.34714755693226423,0.37750433188899174,0.35847622686663777,0.4322240887242475,0.518149839133961,0.5882280496172398,0.6386927813056025,0.6681046495337426,0.6844977229173137,0.7212975766453125,0.7934021589326135,0.9015269521537654,1.0670179369333825]","[null,1.2402310929472025e-13,1.2403697719263994e-13,1.2565915848941118e-13,1.2524500840268245e-13,1.269750180804923e-13,1.2402310927889436e-13,1.2402310927889436e-13,1.2402310927889436e-13,1.2402310927889436e-13,1.2402310927889436e-13,1.2402310927889436e-13,1.2402310927889436e-13,1.2402310927889436e-13,1.2402310927889436e-13,1.2402310927889436e-13,1.2402310927889436e-13,1.2402310927889436e-13,1.2402310927889436e-13,1.2402310927889436e-13,4.5483653592353626e-14]"
0.5,sqp_rti,0,"[0.12003056084640687,-0.07173167888707353,0.11712735974078196]",0.06805500145330069,0.02731465734541416,"[-2.980232227667301e-09,-7.898069587231049e-09,3.81790269555482e-05,0.0015578116898170846,0.01215908256880377,0.049076874851034014,0.251122795787121,0.5184762808849335,0.4472419987481054,0.4061057380622149,0.48332665780949285,0.5557297296221158,0.6129034193995209,0.6536115551349313,0.6774569096342586,0.6950441943466072,0.7376350312788869,0.8113970241126061,0.9138648693099545,1.0679970804612082,1.2481259522968677]","[null,5.487646547351926e-16,5.488828001389853e-16,5.455565908773663e-16,5.448174643724262e-16,5.470387356270803e-16,5.487642811004261e-16,5.487642811004261e-16,5.487642811004261e-16,5.487642811004261e-16,5.487642811004261e-16,5.487642811004261e-16,5.487642811004261e-16,5.487642811004261e-16,5.487642811004261e-16,5.487642811004261e-16,5.487642811004261e-16,5.487642811004261e-16,5.487642811004261e-16,5.487642811004261e-16,8.560591955029108e-17]"
0.6,sqp_rti,0,"[0.12254047825607632,-0.015706369893308626,0.10249364235579694]",0.08125623941724229,0.027526164427399635,"[-2.980232227667301e-09,-5.98762869841174e-09,2.9264358016950487e-05,0.0016588815510754085,0.016574650251601264,0.12368875969232979,0.25360595012974213,0.2773561871784603,0.33489130775926396,0.43573168500762477,0.528172957659985,0.6002367967759679,0.6478118363665908,0.6719035291456972,0.6971543309688786,0.7411703340670426,0.7854762733834433,0.830103166863666,0.9081013555235862,1.022964863751638,1.2948728359120165]","[null,5.810525425840044e-16,5.80770517032598e-16,5.819850704619127e-16,5.802689584991807e-16,5.790907185186789e-16,5.810524728670272e-16,5.810524728670272e-16,5.810524728670272e-16,5.810524728670272e-16,5.810524728670272e-16,5.810524728670272e-16,5.810524728670272e-16,5.810524728670272e-16,5.810524728670272e-16,5.810524728670272e-16,5.810524728670272e-16,5.810524728670272e-16,5.810524728670272e-16,5.810524728670272e-16,8.382405611668459e-17]"
0.7,sqp_rti,0,"[0.12955590154072816,-0.0046951885356566955,0.08845293907612144]",0.09603372982019848,0.027404900640249252,"[-2.980232227667301e-09,1.2346573660670934e-07,0.0003118742319758727,0.006530389494063593,0.0669913598838871,0.1714675143202456,0.2531962544996265,0.32696113762755924,0.4407699215177166,0.5413924133027688,0.6153676380287239,0.6613040083673127,0.6835682014689508,0.7095703815503269,0.7536166671762425,0.7982935025050424,0.8439921579411249,0.9242777542047349,1.037747586280189,1.3086784192515377,1.9712873389937176]","[null,3.0588668322879164e-17,3.077889045185113e-17,3.0764043478317086e-17,3.047368330847397e-17,3.066346389581616e-17,3.058514840890981e-17,3.058514840890981e-17,3.058514840890981e-17,3.058514840890981e-17,3.058514840890981e-17,3.058514840890981e-17,3.058514840890981e-17,3.058514840890981e-17,3.058514840890981e-17,3.058514840890981e-17,3.058514840890981e-17,3.058514840890981e-17,3.058514840890981e-17,3.058514840890981e-17,9.107307825592829e-18]"
0.7999999999999999,sqp_rti,0,"[0.11946118320740086,0.13822430500415153,0.11935208750892606]",0.1013402682239224,0.027208754792809486,"[-2.980232227667301e-09,1.92499491276088e-05,0.003607486674271021,0.047694144976014485,0.10368989984576676,0.13798081375227095,0.26512948614762594,0.40820698680185635,0.5303582036803294,0.6167886940654415,0.6665350137155552,0.6909138013486806,0.7279089336067333,0.7799979186994406,0.8210894458605071,0.867867183455888,0.9487131439501384,1.0465016537263379,1.2781710767690544,1.8747285573041708,2.1197845971437994]","[null,7.238810671203679e-15,7.216579469865305e-15,7.158797288130322e-15,7.23802113730524e-15,7.206603468893205e-15,7.212071358215995e-15,7.212071358215995e-15,7.212071358215995e-15,7.212071358215995e-15,7.212071358215995e-15,7.212071358215995e-15,7.212071358215995e-15,7.212071358215995e-15,7.212071358215995e-15,7.212071358215995e-15,7.212071358215995e-15,7.212071358215995e-15,7.212071358215995e-15,7.212071358215995e-15,1.4183671139120692e-15]"
0.8999999999999999,sqp_rti,0,"[0.11708040080985743,0.1752873358664036,0.10159831733261483]",0.11539437867244787,0.025980107486248016,"[-2.980232227667301e-09,1.32831628240071e-05,0.01208892487610716,0.07023933712889036,0.11882568767963947,0.18827353581509493,0.358365695950478,0.501840656889543,0.6020778068028501,0.6602199461432534,0.6878939941565354,0.7247998986692854,0.7770928800306771,0.8201306897254896,0.8689926913950827,0.9500935759136151,1.0475360636623747,1.2755198148427584,1.873969510222399,2.1325591315185113,1.694663000550382]","[null,1.9296239166374153e-14,1.911451103414244e-14,1.9087206834117927e-14,1.924202812159044e-14,1.9173501992097756e-14,1.9205619460095652e-14,1.9205619460095652e-14,1.9205619460095652e-14,1.9205619460095652e-14,1.9205619460095652e-14,1.9205619460095652e-14,1.9205619460095652e-14,1.9205619460095652e-14,1.9205619460095652e-14,1.9205619460095652e-14,1.9205619460095652e-14,1.9205619460095652e-14,1.9205619460095652e-14,1.9205619460095652e-14,4.085264761676833e-15]"
0.9999999999999999,sqp_rti,0,"[0.10269448509701563,0.19253102834905345,0.12537577842221964]",0.12023159410990034,0.024332983419299126,"[-2.980232227667301e-09,0.0007488694469039436,0.026582603066213573,0.06673760096961551,0.12678425824225198,0.19873109769424052,0.41354933117540355,0.5675200112247152,0.6555063205175429,0.694757541888549,0.73503106194638,0.7932170666621585,0.8374507071002235,0.8844418282237958,0.9685438645830844,1.0652882423899974,1.2868843366996259,1.8490206395900202,2.1798498904274135,1.8740867787898352,1.5187300811155084]","[null,5.613981784272231e-16,5.59656775289631e-16,5.617678204681669e-16,5.590560302217464e-16,5.600960447579054e-16,5.610088617673745e-16,5.610088617673745e-16,5.610088617673745e-16,5.610088617673745e-16,5.610088617673745e-16,5.610088617673745e-16,5.610088617673745e-16,5.610088617673745e-16,5.610088617673745e-16,5.610088617673745e-16,5.610088617673745e-16,5.610088617673745e-16,5.610088617673745e-16,5.610088617673745e-16,8.412734177995709e-17]"
1.0999999999999999,sqp_rti,0,"[0.09348179644122241,0.22456439404320422,0.09829617275121086]",0.13387593609710116,0.022937901318073273,"[-2.980232227667301e-09,0.00019660258205750347,0.011240159867481225,0.052375826304434214,0.11904401060157227,0.19725443971203022,0.45364971626621725,0.6100347401592427,0.6815076986074489,0.7177933062502191,0.7728246710196653,0.8219003926956023,0.8668672473483638,0.9456586419654511,1.0389206332048857,1.2099213492051522,1.7332063695646045,2.171545907607947,1.9678503248920272,1.591216224255129,1.3225462973377091]","[null,4.708721950712831e-16,4.753541941498818e-16,4.670078778883007e-16,4.669191084869564e-16,4.698107451108242e-16,4.705088632564021e-16,4.705088632564021e-16,4.705088632564021e-16,4.705088632564021e-16,4.705088632564021e-16,4.705088632564021e-16,4.705088632564021e-16,4.705088632564021e-16,4.705088632564021e-16,4.705088632564021e-16,4.705088632564021e-16,4.705088632564021e-16,4.705088632564021e-16,4.705088632564021e-16,6.365487724392832e-17]"
1.2,sqp_rti,0,"[0.07836919737631866,0.24853327376110548,0.11307284033047417]",0.13808247125246764,0.021593064069747925,"[-2.980232227667301e-09,0.0005577801304489927,0.01874625844194089,0.06693099890348247,0.13081800789028747,0.19714565092911834,0.49060277996621143,0.6361560446258403,0.6928615391567952,0.7330553793674806,0.7876358136836175,0.834002096983246,0.8994339710997898,0.9897552501100868,1.1146314162030444,1.4998452615176212,2.064566627096238,2.0913959289909476,1.7482622833627406,1.3826788633027174,1.2601751465349718]","[null,2.777988012268267e-14,2.6424246446901954e-14,2.5951679668024315e-14,2.5613515537530688e-14,2.888396686880912e-14,2.6825215035928217e-14,2.6825215035928217e-14,2.6825215035928217e-14,2.6825215035928217e-14,2.6825215035928217e-14,2.6825215035928217e-14,2.6825215035928217e-14,2.6825215035928217e-14,2.6825215035928217e-14,2.6825215035928217e-14,2.6825215035928217e-14,2.6825215035928217e-14,2.6825215035928217e-14,2.6825215035928217e-14,9.539508293307304e-15]"
1.3,sqp_rti,0,"[0.06552124931271872,0.2837565130992164,0.08120086053104303]",0.15168864208490956,0.020260311663150787,"[-2.980232227667301e-09,0.0001533059479064125,0.008862680609581453,0.042024883407997315,0.10399859332130973,0.1950645002104155,0.5173390325076157,0.6489201711207551,0.694667119475971,0.74315032844341,0.7961748510960225,0.8450683269431611,0.9267522957890868,1.02920932626123,1.240650342906737,1.810231720311539,2.1230124123532432,1.9223276717834572,1.5211072222334552,1.2756270260536167,1.265488482782993]","[null,7.102449648182719e-17,7.101407848406217e-17,6.860552990001993e-17,6.860220196808723e-17,7.125410160746322e-17,7.036079923711912e-17,7.036079923711912e-17,7.036079923711912e-17,7.036079923711912e-17,7.036079923711912e-17,7.036079923711912e-17,7.036079923711912e-17,7.036079923711912e-17,7.036079923711912e-17,7.036079923711912e-17,7.036079923711912e-17,7.036079923711912e-17,7.036079923711912e-17,7.036079923711912e-17,2.0123013318508536e-17]"
1.4000000000000001,sqp_rti,0,"[0.07435484557851464,0.30651433127944255,0.09298127146765486]",0.15592807161586958,0.018875345587730408,"[-2.980232227667301e-09,0.0002580653389928078,0.02141915972556091,0.08357440155634183,0.15802197132407808,0.1939882367910391,0.5582914430548509,0.6681347093650796,0.707962397932177,0.7665850086294752,0.8198614541712674,0.874958312068751,0.973000183281832,1.0999623405953247,1.500429490727673,2.021473698387145,2.042109231361443,1.7413656653182084,1.3654291370960474,1.2534572452707562,1.3655972301007042]","[null,5.895583031594285e-13,5.801961502192303e-13,5.810150821845882e-13,5.873129721950806e-13,6.037822434612794e-13,5.902220611322048e-13,5.902220611322048e-13,5.902220611322048e-13,5.902220611322048e-13,5.902220611322048e-13,5.902220611322048e-13,5.902220611322048e-13,5.902220611322048e-13,5.902220611322048e-13,5.902220611322048e-13,5.902220611322048e-13,5.902220611322048e-13,5.902220611322048e-13,5.902220611322048e-13,1.420526666632963e-13]"
1.5000000000000002,sqp_rti,0,"[0.037131438193736974,0.31510725180401783,0.06494406797936342]",0.1704764247019004,0.01754942536354065,"[-2.980232227667301e-09,0.003254783933553995,0.011889105977254177,0.011692001433919741,0.04881304075063336,0.18625782816139919,0.5432168433686371,0.6292572211423877,0.6659699376011605,0.7170538710450403,0.7745844487831162,0.8544660738549845,0.9472296708206789,1.1198392894471254,1.6675864112640901,2.014943984480479,1.8673521746983865,1.4401571245447673,1.2033727264079155,1.230055013242243,1.4241352388809643]","[null,1.6747618660779587e-12,1.6724130846725855e-12,1.677477284524302e-12,1.6668579092285415e-12,1.6655195116628656e-12,1.6614580037021328e-12,1.6614580037021328e-12,1.6614580037021328e-12,1.6614580037021328e-12,1.6614580037021328e-12,1.6614580037021328e-12,1.6614580037021328e-12,1.6614580037021328e-12,1.6614580037021328e-12,1.6614580037021328e-12,1.6614580037021328e-12,1.6614580037021328e-12,1.6614580037021328e-12,1.6614580037021328e-12,3.3074667182232845e-13]"
1.6000000000000003,sqp_rti,0,"[0.1635553018992047,0.4522260569579535,0.10450728136390522]",0.17806983431186563,0.016242079436779022,"[-2.980232227667301e-09,-2.980232227667301e-09,0.006711299805006898,0.08841147421187073,0.16404224190892586,0.16965791687608772,0.5736175278650115,0.6233855350249449,0.6724474221305698,0.7316737857093292,0.8061307448591,0.8914369332812038,0.9994594617931927,1.369676307027931,1.923402598398792,1.999509014806894,1.6060683211458382,1.2327136303406696,1.1782201447995038,1.3020781917234234,1.5185319803693076]","[null,4.88109438370951e-17,4.8760861437881493e-17,4.8715474627158064e-17,4.882877336279874e-17,4.883779769143783e-17,4.881094383689315e-17,4.881094383689315e-17,4.881094383689315e-17,4.881094383689315e-17,4.881094383689315e-17,4.881094383689315e-17,4.881094383689315e-17,4.881094383689315e-17,4.881094383689315e-17,4.881094383689315e-17,4.881094383689315e-17,4.881094383689315e-17,4.881094383689315e-17,4.881094383689315e-17,6.231149235943933e-18]"
1.7000000000000004,sqp_rti,0,"[0.08176962310589803,0.6458953477231439,0.08992685411340748]",0.19546188984710378,0.014999322593212128,"[-2.980232227667301e-09,0.09649197636456713,0.2370227489091044,-2.980232227667301e-09,0.13043811356541185,0.18707034848453646,0.586800899337464,0.6289055955392528,0.6853107302649597,0.7547950660076406,0.8396383792651665,0.9282894425805341,1.125640766258315,1.7068441726900587,2.002801726572774,1.7864327770422797,1.314034195562819,1.1501787819834794,1.211731977303734,1.3719006354042407,1.6154024294317721]","[null,1.881090213755235e-15,1.8845653582751452e-15,1.887894558634784e-15,1.8801387835666776e-15,1.8883845939789837e-15,1.8878945586937528e-15,1.8878945586937528e-15,1.8878945586937528e-15,1.8878945586937528e-15,1.8878945586937528e-15,1.8878945586937528e-15,1.8878945586937528e-15,1.8878945586937528e-15,1.8878945586937528e-15,1.8878945586937528e-15,1.8878945586937528e-15,1.8878945586937528e-15,1.8878945586937528e-15,1.8878945586937528e-15,2.406746920999327e-16]"
1.8000000000000005,sqp_rti,0,"[0.08103562956440512,0.6092177642194702,0.09834234629875754]",0.20108625433782926,0.013540059328079224,"[-2.980232227667301e-09,-2.980232227667301e-09,0.16163072824061847,-2.980232227667301e-09,null,0.032008079677198265,0.403364061646413,0.49943153221493547,0.6038625197957266,0.6984378717066739,0.7741317582028795,0.855772885460923,1.2338703783971894,1.9377971522700406,1.7434414160237715,1.1210066343314755,1.0308381818862722,1.0710678984017858,1.1801120416673971,1.3299736469096815,1.6737479728660325]","[null,2.3650167644158174e-15,2.356895002855941e-15,2.365016764421876e-15,2.3650167644505526e-15,2.3579266052960617e-15,2.3650167644549954e-15,2.3650167644549954e-15,2.3650167644549954e-15,2.3650167644549954e-15,2.3650167644549954e-15,2.3650167644549954e-15,2.3650167644549954e-15,2.3650167644549954e-15,2.3650167644549954e-15,2.3650167644549954e-15,2.3650167644549954e-15,2.3650167644549954e-15,2.3650167644549954e-15,2.3650167644549954e-15,5.841364703856117e-16]"
1.9000000000000006,sqp_rti,0,"[0.04161158029050835,0.46338848825213497,0.05050072554592193]",0.21388515812221065,0.012433186173439026,"[-2.980232227667301e-09,0.11774472377771589,0.19474980660316793,-2.980231866844818e-09,0.10757839864970437,0.29751537512300247,0.5207212005351696,0.59953295505991,0.700845051449561,0.7836030368507749,0.865135395697332,1.1501579654459853,1.8171286856057065,1.879256730224397,1.375321717081509,1.0647447463756385,1.0506785044948772,1.1326480440490945,1.250582339885131,1.4497856071371806,1.7103365563173678]","[null,1.742102793581324e-13,1.7477750535620324e-13,1.74746625769746e-13,1.7435077835425454e-13,1.748640361231272e-13,1.7474662577319123e-13,1.7474662577319123e-13,1.7474662577319123e-13,1.7474662577319123e-13,1.7474662577319123e-13,1.7474662577319123e-13,1.7474662577319123e-13,1.7474662577319123e-13,1.7474662577319123e-13,1.7474662577319123e-13,1.7474662577319123e-13,1.7474662577319123e-13,1.7474662577319123e-13,1.7474662577319123e-13,2.1730682886387908e-14]"
2.0000000000000004,sqp_rti,0,"[0.020749076731995827,0.7032876894768635,0.057346310824934334]",0.21843934503816245,0.011641096323728561,"[-2.980232227667301e-09,-2.7422142889754753e-09,-2.980232227667301e-09,0.038133071410617,0.015769773714880142,0.1527142125089263,0.5173053595439441,0.5800030943008421,0.6840719598979674,0.7703642599862508,0.853786090974215,1.2182404952256476,1.814934525071174,1.7410186859528671,1.2250293831770402,1.025060629950756,1.0496978657136908,1.1557258162522503,1.2846687985183973,1.5641582907531075,1.5780298857557404]","[null,8.664707052993835e-15,8.664706895674019e-15,8.62623729900802e-15,8.632891980558069e-15,8.640580357044578e-15,8.664706896127191e-15,8.664706896127191e-15,8.664706896127191e-15,8.664706896127191e-15,8.664706896127191e-15,8.664706896127191e-15,8.664706896127191e-15,8.664706896127191e-15,8.664706896127191e-15,8.664706896127191e-15,8.664706896127191e-15,8.664706896127191e-15,8.664706896127191e-15,8.664706896127191e-15,1.208096492318414e-15]"
2.1000000000000005,sqp_rti,0,"[0.1350115611497128,0.7069185917980628,0.0938422834044986]",0.22398106891542188,0.01035301759839058,"[-2.980232227667301e-09,-2.980232227667301e-09,0.10776728379201189,-7.665039991611167e-09,0.14429124036833302,0.1450821544696595,0.49699025151614756,0.6065594378253276,0.7097563590283504,0.7878835818971124,0.8949014921911835,1.4720641378890214,1.9787563646668118,1.502984682992701,1.0546118788133103,1.0328760467028573,1.1024083886774194,1.2123584195087231,1.3881752229791455,1.7122820182594383,1.0832069628227188]","[null,9.157110877834089e-13,9.129432123299302e-13,9.157132587901735e-13,9.070373580157188e-13,9.145918287021475e-13,9.157110877928055e-13,9.157110877928055e-13,9.157110877928055e-13,9.157110877928055e-13,9.157110877928055e-13,9.157110877928055e-13,9.157110877928055e-13,9.157110877928055e-13,9.157110877928055e-13,9.157110877928055e-13,9.157110877928055e-13,9.157110877928055e-13,9.157110877928055e-13,9.157110877928055e-13,1.5053114021620442e-13]"
2.2000000000000006,sqp_rti,0,"[0.06746716164195266,1.1970234954513228,0.07413456048939188]",0.23695032457873777,0.009736135601997375,"[-2.980232227667301e-09,0.16650645555764215,0.1818421599760363,-2.9802268430856316e-09,0.13516992479670692,0.007297970316117397,0.47320174247378227,0.6010918931050344,0.7040273753813817,0.7820518202401867,1.0296457804404227,1.9273767349613855,1.6074007264123924,1.01141958158541,0.9962908801544816,1.0409483671161703,1.1278036870799626,1.2219538287554517,1.5552207695607698,1.334866251663844,0.3610480185159222]","[null,8.949258984961042e-13,8.972268270110554e-13,8.969111493699108e-13,8.952390039098323e-13,8.963534032311032e-13,8.96911149389331e-13,8.96911149389331e-13,8.96911149389331e-13,8.96911149389331e-13,8.96911149389331e-13,8.96911149389331e-13,8.96911149389331e-13,8.96911149389331e-13,8.96911149389331e-13,8.96911149389331e-13,8.96911149389331e-13,8.96911149389331e-13,8.96911149389331e-13,8.96911149389331e-13,1.0726839521741723e-13]"
2.3000000000000007,sqp_rti,0,"[0.06575905189194434,0.6046510163940906,0.06585374474095292]",0.24438413258856384,0.00887611135840416,"[-2.980232227667301e-09,-2.980232227667301e-09,0.1586324329698286,0.1310274008510362,0.05747834370015853,0.3504859890618775,0.5784186173002801,0.7062464498586098,0.7882866047046206,0.8691951385953238,1.7095573437919114,1.8679029677058796,1.0358308220564882,1.0002077469169668,1.0332217165549327,1.096502422145038,1.1801555314290366,1.308124040439396,1.7001167129770411,0.4677329467682732,0.21237613343071599]","[null,3.017396261931871e-15,3.006741908643392e-15,2.998047390768186e-15,3.0096246041878063e-15,3.007687390789624e-15,3.0173962619968984e-15,3.0173962619968984e-15,3.0173962619968984e-15,3.0173962619968984e-15,3.0173962619968984e-15,3.0173962619968984e-15,3.0173962619968984e-15,3.0173962619968984e-15,3.0173962619968984e-15,3.0173962619968984e-15,3.0173962619968984e-15,3.0173962619968984e-15,3.0173962619968984e-15,3.0173962619968984e-15,6.10227534148801e-16]"
2.400000000000001,sqp_rti,0,"[0.06708184710186461,1.1082758944473463,0.10880183453800883]",0.2511936304809782,0.008544720709323883,"[-2.980232227667301e-09,0.13871208354859804,null,0.11912352865759673,0.05586132175592767,0.26085030978023555,0.46005246701956254,0.5791625380920322,0.6644963488166169,1.0272592303123786,1.6915714811222216,1.3529216906133186,0.8984910934527333,0.8885279662891576,0.9279869363828028,0.9964891903179482,1.0647611790684504,1.379853065722538,1.2695062211430581,0.388802944020507,0.19241812042609602]","[null,2.258614929537743e-15,2.274845756210979e-15,2.2651499034022042e-15,2.264792401340347e-15,2.261514830057014e-15,2.2748457562101713e-15,2.2748457562101713e-15,2.2748457562101713e-15,2.2748457562101713e-15,2.2748457562101713e-15,2.2748457562101713e-15,2.2748457562101713e-15,2.2748457562101713e-15,2.2748457562101713e-15,2.2748457562101713e-15,2.2748457562101713e-15,2.2748457562101713e-15,2.2748457562101713e-15,2.2748457562101713e-15,3.2332034561664925e-16]"
2.500000000000001,sqp_rti,0,"[0.08130712446031788,1.0358774833948314,0.09263105313619331]",0.2605727868376692,0.00817253440618515,"[-2.980232227667301e-09,0.15661634910959848,0.16580732199582188,0.12161969849732374,null,0.06448712806045781,0.24367063526910898,0.40110314128472774,0.605761966128443,1.4354248120444353,1.2382885012947848,0.7914853015494987,0.8170405921735611,0.8692608263230042,0.9387212363812096,1.0141664993950952,1.178928017896143,1.4188263243146728,0.2520338427722411,0.12143759023902839,0.13685367751787497]","[null,2.5781309258783876e-13,2.5752495662870103e-13,2.588292514523478e-13,2.5887498179028903e-13,2.5945062662279975e-13,2.5887498178989684e-13,2.5887498178989684e-13,2.5887498178989684e-13,2.5887498178989684e-13,2.5887498178989684e-13,2.5887498178989684e-13,2.5887498178989684e-13,2.5887498178989684e-13,2.5887498178989684e-13,2.5887498178989684e-13,2.5887498178989684e-13,2.5887498178989684e-13,2.5887498178989684e-13,2.5887498178989684e-13,3.7958856622542547e-14]"
2.600000000000001,sqp_rti,0,"[0.07794370494043733,0.5628640897999471,0.11954959809304617]",0.26564661804333667,0.00807526707649231,"[-2.980232227667301e-09,0.17896892116499857,-2.980232227667301e-09,0.18439332682794146,0.21253602117626685,0.298220257902625,0.4660583645944037,0.5736408253420222,1.163441686465842,1.563870055080504,0.820895321299594,0.8167362040464325,0.8594628214950351,0.9093346356142564,0.9712152056384518,1.0433206509573931,1.477429436817549,0.667140018931822,0.13700523909045242,0.11531134268057613,0.16500346088612333]","[null,1.579470672950542e-15,1.6063186551166945e-15,1.5841447644144874e-15,1.5863188042597885e-15,1.5940825156866344e-15,1.606318655270983e-15,1.606318655270983e-15,1.606318655270983e-15,1.606318655270983e-15,1.606318655270983e-15,1.606318655270983e-15,1.606318655270983e-15,1.606318655270983e-15,1.606318655270983e-15,1.606318655270983e-15,1.606318655270983e-15,1.606318655270983e-15,1.606318655270983e-15,1.606318655270983e-15,4.865464242986544e-16]"
2.700000000000001,sqp_rti,0,"[0.10392285290182209,1.1999824931120822,0.11647563204500776]",0.27719605955775994,0.008222009986639023,"[-2.980232227667301e-09,0.15369295335429883,0.28692149917855475,0.15753386739421488,0.21087232381781434,0.2723802097497721,0.3579128602291977,0.66992827105678,1.1655840793302914,0.9211797061205587,0.6741780801081958,0.7011955546278272,0.7409450470684094,0.7941575693048246,0.8473290099770405,1.1004268699022723,1.2043397415170467,0.4158986076074445,0.11907696893704972,0.13068086701994092,0.220754518739194]","[null,3.713183313750999e-12,3.749546135432944e-12,3.7174105000991e-12,3.7192493477981445e-12,3.734909349729072e-12,3.734600781741176e-12,3.734600781741176e-12,3.734600781741176e-12,3.734600781741176e-12,3.734600781741176e-12,3.734600781741176e-12,3.734600781741176e-12,3.734600781741176e-12,3.734600781741176e-12,3.734600781741176e-12,3.734600781741176e-12,3.734600781741176e-12,3.734600781741176e-12,3.734600781741176e-12,5.138340500841111e-13]"
2.800000000000001,sqp_rti,0,"[0.09307268315482652,0.6365763958957883,0.13386691277615276]",0.28465442101889193,0.009216248989105225,"[-2.980232227667301e-09,0.16615806869051825,0.18591003947142043,0.13309754848804972,0.1954399801486016,0.3187513530790785,0.49235699464890353,1.3121737985534778,1.0275972167344978,0.7499716641215854,0.7941597127039113,0.8465094509470397,0.9042850845020289,0.9668737292183944,1.066542217629501,1.4974057316473697,0.2254752207494562,0.07441976541557721,0.07710036196547781,0.12351956873422792,0.36435096098799563]","[null,1.0968641831803427e-15,1.0972236769723497e-15,1.0961183633088625e-15,1.106233861827053e-15,1.0936080948981292e-15,1.1018581897806695e-15,1.1018581897806695e-15,1.1018581897806695e-15,1.1018581897806695e-15,1.1018581897806695e-15,1.1018581897806695e-15,1.1018581897806695e-15,1.1018581897806695e-15,1.1018581897806695e-15,1.1018581897806695e-15,1.1018581897806695e-15,1.1018581897806695e-15,1.1018581897806695e-15,1.1018581897806695e-15,1.8212086207545412e-16]"
2.9000000000000012,sqp_rti,0,"[0.13062545783357285,0.8891920899245775,0.13451443272759375]",0.2944168853746679,0.010019663721323013,"[-2.980232227667301e-09,0.10176793862600492,0.19092176021529533,0.20199681947250597,0.23819583322700916,0.34838299258158295,0.7551509540882229,0.8106024081441567,0.5609312805819282,0.5782111143659125,0.6210376103313846,0.6611675050416499,0.7050222826555046,0.7765100572247448,1.0435114207359149,0.9100330642759402,0.2690130958983355,0.09112496696311673,0.1060236748337891,0.20290768245318508,0.8506451362942655]","[null,3.61882618462211e-11,3.619488370697338e-11,3.619553539931297e-11,3.621037048411499e-11,3.63403512861219e-11,3.6265010992451677e-11,3.6265010992451677e-11,3.6265010992451677e-11,3.6265010992451677e-11,3.6265010992451677e-11,3.6265010992451677e-11,3.6265010992451677e-11,3.6265010992451677e-11,3.6265010992451677e-11,3.6265010992451677e-11,3.6265010992451677e-11,3.6265010992451677e-11,3.6265010992451677e-11,3.6265010992451677e-11,4.616394618908236e-12]"
3.0000000000000013,sqp_rti,0,"[0.15264805642728282,0.7112064346533552,0.14232005452393073]",0.31040911612422667,0.011928223073482513,"[-2.980232227667301e-09,0.11264140297923647,0.14631787611103492,0.17830254255088712,0.2387041597014939,0.36961804004267124,1.0433786735614887,0.9051698652125519,0.6981730492709921,0.7536501175353194,0.8134773611431896,0.8740760306499336,0.9372951308161379,1.0672816341995215,1.3003799095101811,0.1380624683429586,0.05228223594369924,0.056895163933451176,0.09634174501737452,0.3824781141406007,1.4456409844718763]","[null,3.567728439724406e-15,3.608963928303859e-15,3.607056462651999e-15,3.5941505103918045e-15,3.6350093441728e-15,3.640847506741782e-15,3.640847506741782e-15,3.640847506741782e-15,3.640847506741782e-15,3.640847506741782e-15,3.640847506741782e-15,3.640847506741782e-15,3.640847506741782e-15,3.640847506741782e-15,3.640847506741782e-15,3.640847506741782e-15,3.640847506741782e-15,3.640847506741782e-15,3.640847506741782e-15,1.2281410642519114e-15]"
3.1000000000000014,sqp_rti,0,"[0.13223758254540363,0.32389581831781916,0.13403044700727115]",0.32221676602111254,0.014216348528862,"[-2.980232227667301e-09,0.08261828661352127,0.13370578762421276,0.18972794099949725,0.43373544728475083,0.5674501914151058,0.4639952679351687,0.4458009276592055,0.5027502249142726,0.5437925271996142,0.5781068792297928,0.6126798810903578,0.6782639007648033,0.9619647754850298,0.8908069549302453,0.20737090153180998,0.0451125591387494,0.04797963096321922,0.08049627706418666,0.34203104844590443,1.5569827787129824]","[null,3.706440480738526e-17,3.7105526145437416e-17,3.7619910262962074e-17,3.706576457573759e-17,3.704159705205363e-17,3.732844664188109e-17,3.732844664188109e-17,3.732844664188109e-17,3.732844664188109e-17,3.732844664188109e-17,3.732844664188109e-17,3.732844664188109e-17,3.732844664188109e-17,3.732844664188109e-17,3.732844664188109e-17,3.732844664188109e-17,3.732844664188109e-17,3.732844664188109e-17,3.732844664188109e-17,7.459734756338591e-18]"
3.2000000000000015,sqp_rti,0,"[0.1435677569476944,0.6894603108430943,0.1334192830830878]",0.33530031787852077,0.01558804139494896,"[-2.980232227667301e-09,0.020295071058402503,0.055791486408578284,0.11636880402745292,0.18746741535803474,0.19114175514564008,0.25039631518769695,0.3488572302203899,0.4226100485579874,0.4668525881562429,0.49886308515298944,0.528549908801917,0.6181013416107752,0.8792342721654591,0.7017026436914058,0.14045867075703883,0.033519751042424384,0.03657629596463813,0.06730287396825979,0.3421278134768471,1.5232669005948878]","[null,6.374921631656748e-17,6.368228356818971e-17,6.387503851195419e-17,6.360125705965691e-17,6.428670803454507e-17,6.406423434538402e-17,6.406423434538402e-17,6.406423434538402e-17,6.406423434538402e-17,6.406423434538402e-17,6.406423434538402e-17,6.406423434538402e-17,6.406423434538402e-17,6.406423434538402e-17,6.406423434538402e-17,6.406423434538402e-17,6.406423434538402e-17,6.406423434538402e-17,6.406423434538402e-17,1.205621496331593e-17]"
3.3000000000000016,sqp_rti,0,"[0.14217735959975453,0.698647440368281,0.1431833107515684]",0.34612088670388175,0.01928360015153885,"[-2.980232227667301e-09,0.0054659156525632135,0.02231826106837148,0.09953305891116387,0.1715291076785242,0.18075986550767792,0.2848960179090481,0.3728551027367118,0.42947031764474614,0.46985276220324473,0.5094350573564455,0.5555820787996069,0.7408368418993383,0.9970655132210353,0.42203262092588983,0.03420324786630752,0.018972062069575524,0.023289215305555167,0.04864533675633026,0.31559568084534534,1.4700182109660431]","[null,3.243213161300025e-12,3.1909924518169136e-12,3.117272975902353e-12,3.2369062953335123e-12,3.178962945040152e-12,3.1992036415004304e-12,3.1992036415004304e-12,3.1992036415004304e-12,3.1992036415004304e-12,3.1992036415004304e-12,3.1992036415004304e-12,3.1992036415004304e-12,3.1992036415004304e-12,3.1992036415004304e-12,3.1992036415004304e-12,3.1992036415004304e-12,3.1992036415004304e-12,3.1992036415004304e-12,3.1992036415004304e-12,2.0657596979487457e-12]"
3.4000000000000017,sqp_rti,0,"[0.14073024993376118,0.5748705308486468,0.13744357134327018]",0.3591998603066914,0.023709282279014587,"[-2.980232227667301e-09,0.0003332166072569642,0.018481760388645185,0.10634692427013165,0.13421666970199359,0.20316265531781214,0.3007067659069163,0.368087709890548,0.41338271645820673,0.45126353853839857,0.49244152908144195,0.5593711186993786,0.8422974434732324,0.8512230173386122,0.17413205165381812,0.014626878155805823,0.01223215759065574,0.016206561770640227,0.039845788029768514,0.3204318722178748,1.4291483743957485]","[null,3.6016432772049326e-16,3.5689855478060694e-16,3.5837094531096914e-16,3.6206670849239193e-16,3.452881954611871e-16,3.578389219547489e-16,3.578389219547489e-16,3.578389219547489e-16,3.578389219547489e-16,3.578389219547489e-16,3.578389219547489e-16,3.578389219547489e-16,3.578389219547489e-16,3.578389219547489e-16,3.578389219547489e-16,3.578389219547489e-16,3.578389219547489e-16,3.578389219547489e-16,3.578389219547489e-16,1.2577760104389479e-16]"
3.5000000000000018,sqp_rti,0,"[0.13544376317489784,0.47829095414071177,0.12951264312642985]",0.37246789320895174,0.025516556575894356,"[-2.980232227667301e-09,6.651025417944711e-05,0.019495990691380805,0.05831592141172842,0.12576184708316945,0.1943215869318669,0.28148014308592534,0.34007422484697863,0.38048433852569624,0.4170779782940251,0.45784924063350624,0.5728681488439278,0.8671872621240666,0.6003491078473686,0.062170022154199256,0.007816383218109846,0.007559132341423441,0.010526704564325085,0.03207637462230811,0.33098359920575576,1.3752761407526861]","[null,2.206817792348033e-16,2.1607346445019289e-16,2.234088538800735e-16,2.1674545250664206e-16,2.169025131209124e-16,2.195199136360217e-16,2.195199136360217e-16,2.195199136360217e-16,2.195199136360217e-16,2.195199136360217e-16,2.195199136360217e-16,2.195199136360217e-16,2.195199136360217e-16,2.195199136360217e-16,2.195199136360217e-16,2.195199136360217e-16,2.195199136360217e-16,2.195199136360217e-16,2.195199136360217e-16,6.280246093209803e-17]"
3.600000000000002,sqp_rti,0,"[0.13032803889622094,0.4162316859540318,0.12248202657639064]",0.38530739501174,0.02224559336900711,"[-2.980232227667301e-09,0.0004109883117560942,0.01723400639035716,0.06947124745881422,0.13488654148988638,0.19400123033111322,0.26771722818133076,0.3163479603604625,0.35160781525201995,0.3851484783845834,0.4305828503187826,0.6190828460175204,0.8283783017392163,0.3473448386547469,0.017514382968426834,0.004556052821156814,0.004820851585583874,0.007227577944706687,0.028204055003232587,0.3547309979044691,1.3229560593503435]","[null,5.733450560744793e-13,5.860029410703924e-13,5.583932219654094e-13,5.595517578121164e-13,5.618579652744739e-13,5.690947447336568e-13,5.690947447336568e-13,5.690947447336568e-13,5.690947447336568e-13,5.690947447336568e-13,5.690947447336568e-13,5.690947447336568e-13,5.690947447336568e-13,5.690947447336568e-13,5.690947447336568e-13,5.690947447336568e-13,5.690947447336568e-13,5.690947447336568e-13,5.690947447336568e-13,1.6670533213096526e-13]"
3.700000000000002,sqp_rti,0,"[0.12376373806229848,0.3876873724561215,0.12230304330946061]",0.3964448652939173,0.019869714975357056,"[-2.980232227667301e-09,0.0009008224916764451,0.026364481938177253,0.08239207751798433,0.1425603210413458,0.19350664478198604,0.25400894912644995,0.2941420174001353,0.32619438183181587,0.3597758812335286,0.4295547466269383,0.6777791447146349,0.6850440005889566,0.14316799068798397,0.004622139784771273,0.002582923573258733,0.003031456269110694,0.005049766660147281,0.02680337045332043,0.3854013584339427,1.268767821250688]","[null,3.699530779532147e-15,3.686612102906475e-15,3.506690264202901e-15,3.4948972660424834e-15,3.6475977160094485e-15,3.574325953176847e-15,3.574325953176847e-15,3.574325953176847e-15,3.574325953176847e-15,3.574325953176847e-15,3.574325953176847e-15,3.574325953176847e-15,3.574325953176847e-15,3.574325953176847e-15,3.574325953176847e-15,3.574325953176847e-15,3.574325953176847e-15,3.574325953176847e-15,3.574325953176847e-15,1.3335616014637425e-15]"
3.800000000000002,sqp_rti,0,"[0.12224791737241138,0.37515872046745563,0.11260981170185551]",0.409633288361712,0.01803523302078247,"[-2.980232227667301e-09,0.001957847673153601,0.03473896816089611,0.09236127726365134,0.14811702865392534,0.19253712862662536,0.24087325326718362,0.2747912492514509,0.30473232589559524,0.34399077462496025,0.47718269058743773,0.7339435185647047,0.4417676821391677,0.030270222008094205,0.0016353125230900711,0.0013832694235711984,0.0018976667227353083,0.0036012343337871733,0.029881092835511158,0.4166839135977554,1.2160161594683572]","[null,2.397520409405665e-14,2.25694481955932e-14,2.222801390605766e-14,2.2029997293224372e-14,2.3787087938628047e-14,2.2498020642146795e-14,2.2498020642146795e-14,2.2498020642146795e-14,2.2498020642146795e-14,2.2498020642146795e-14,2.2498020642146795e-14,2.2498020642146795e-14,2.2498020642146795e-14,2.2498020642146795e-14,2.2498020642146795e-14,2.2498020642146795e-14,2.2498020642146795e-14,2.2498020642146795e-14,2.2498020642146795e-14,9.483755454665461e-15]"
3.900000000000002,sqp_rti,0,"[0.11961376606231515,0.4083739932181632,0.11041534805497505]",0.42151108207566157,0.01662837713956833,"[-2.980232227667301e-09,0.004899393703687693,0.04780471263799041,0.10536974791742876,0.1547806232607572,0.1913483247154691,0.22862709040321044,0.25718094097991245,0.28871193404218404,0.34832754804806393,0.5722562620775491,0.6624839259860156,0.16460913721045395,0.0026097100995977063,0.0007071735271825252,0.0008163377548324191,0.001325125973735769,0.0029189692759060137,0.047297771851292414,0.45598776512283196,1.1782209659386396]","[null,3.3957659715168283e-15,3.250337457727561e-15,3.2326853772813914e-15,3.2198244926724804e-15,3.3768492832360145e-15,3.2617084874331888e-15,3.2617084874331888e-15,3.2617084874331888e-15,3.2617084874331888e-15,3.2617084874331888e-15,3.2617084874331888e-15,3.2617084874331888e-15,3.2617084874331888e-15,3.2617084874331888e-15,3.2617084874331888e-15,3.2617084874331888e-15,3.2617084874331888e-15,3.2617084874331888e-15,3.2617084874331888e-15,7.185664942891756e-16]"
4.000000000000002,sqp_rti,0,"[0.11910465400064806,0.48037613743890395,0.11055881018855732]",0.43328903382975925,0.015486739575862885,"[-2.980232227667301e-09,0.008712436960062242,0.05990897869288753,0.11650026306930156,0.15989460218874357,0.1894505386568735,0.2186510247726819,0.24649375896784315,0.28801691973439675,0.426693567676989,0.6857550327168347,0.3787429064937918,0.01578725967862976,0.00039640488246572847,0.00034746173598140806,0.000589907059203143,0.00105109683289345,0.003013045965663985,0.0921877723865368,0.5133962880694625,1.1738801593834907]","[null,2.6476406423061138e-17,2.5468290234961737e-17,2.5554813177592974e-17,2.5732248764963425e-17,2.5947116851105585e-17,2.5831964405125818e-17,2.5831964405125818e-17,2.5831964405125818e-17,2.5831964405125818e-17,2.5831964405125818e-17,2.5831964405125818e-17,2.5831964405125818e-17,2.5831964405125818e-17,2.5831964405125818e-17,2.5831964405125818e-17,2.5831964405125818e-17,2.5831964405125818e-17,2.5831964405125818e-17,2.5831964405125818e-17,7.414473320370613e-18]"
4.100000000000001,sqp_rti,0,"[0.11512851175518476,0.28786286703364367,0.11516877010296263]",0.4435578325026272,0.01458682119846344,"[-2.980232227667301e-09,0.014655386441886187,0.0732683847476297,0.12687525623706258,0.16375949451054944,0.18845752086478723,0.21375646486438776,0.24962224190368404,0.33688468950629585,0.6097021106388041,0.5417559407612191,0.05478168138475309,0.0003627254054452689,0.00015394940193971807,0.0002919465819362088,0.000586091913200637,0.0009976871961616118,0.008274076681749343,0.17543149382869389,0.6319093994390357,1.1309652509845443]","[null,4.3673433347151367e-17,4.3751106839766976e-17,4.384050279392311e-17,4.386896311581426e-17,4.496109373934628e-17,4.405518313147275e-17,4.405518313147275e-17,4.405518313147275e-17,4.405518313147275e-17,4.405518313147275e-17,4.405518313147275e-17,4.405518313147275e-17,4.405518313147275e-17,4.405518313147275e-17,4.405518313147275e-17,4.405518313147275e-17,4.405518313147275e-17,4.405518313147275e-17,4.405518313147275e-17,8.682353985177328e-18]"
4.200000000000001,sqp_rti,0,"[0.11791430752352404,0.043039944535215036,0.11257188995030412]",0.4561988104982278,0.014312922954559326,"[-2.980232227667301e-09,0.013956266441196796,0.06369302439228425,0.10848215417377888,0.14267682421438616,0.17114912879266592,0.20220765607067898,0.2514338025952128,0.41352319907363083,0.5144652079605965,0.20381684088754498,0.013180400737972497,0.0001331323713402166,5.054364785614385e-05,9.134270275429346e-05,0.00030472779624604596,0.007880923386928973,0.13446938968308048,0.5261675129942869,0.86441815007731,0.8410982406046166]","[null,5.667846970379402e-17,5.600882364708472e-17,5.589352542728371e-17,5.624466233190385e-17,5.782381712370499e-17,5.653980337460808e-17,5.653980337460808e-17,5.653980337460808e-17,5.653980337460808e-17,5.653980337460808e-17,5.653980337460808e-17,5.653980337460808e-17,5.653980337460808e-17,5.653980337460808e-17,5.653980337460808e-17,5.653980337460808e-17,5.653980337460808e-17,5.653980337460808e-17,5.653980337460808e-17,1.5286638910374152e-17]"
4.300000000000001,sqp_rti,0,"[0.11735928456838915,0.07379312433630936,0.11620803800706762]",0.46782227243661556,0.01431845873594284,"[-2.980232227667301e-09,0.016561770893934125,0.06614983897742271,0.11227098604524138,0.15868880232105803,0.21456911218585512,0.3113351142203527,0.5380272090808276,0.3988468533216441,0.04792040059142383,0.0006819963910776328,0.00019647712264730943,0.0001199575264946573,8.424388613603728e-05,0.00010368448405281838,0.0029138339658551504,0.15845035861838924,1.153405342703924,0.7992307363472875,0.584032806264539,0.5357181245598699]","[null,5.721943795957003e-15,5.626258377159071e-15,5.5424263730769846e-15,5.49223558351793e-15,5.819123047652785e-15,5.692665931069522e-15,5.692665931069522e-15,5.692665931069522e-15,5.692665931069522e-15,5.692665931069522e-15,5.692665931069522e-15,5.692665931069522e-15,5.692665931069522e-15,5.692665931069522e-15,5.692665931069522e-15,5.692665931069522e-15,5.692665931069522e-15,5.692665931069522e-15,5.692665931069522e-15,1.8313456802334027e-15]"
4.4,sqp_rti,0,"[0.11601404758463811,0.07402796645021503,0.11738553891638673]",0.4796741153753182,0.014412082731723785,"[-2.980232227667301e-09,0.016676981630683596,0.06320266173412642,0.1044575552562293,0.1457390441723206,0.20107376363583002,0.40078274048894685,0.3629441376398262,0.045602750401400105,0.00035679355737183727,6.109785882846275e-05,3.409266318071813e-05,2.4855522638672634e-05,5.578036311720824e-05,0.004282226752291229,0.27628424409500313,1.239407122101636,0.7559825120817691,0.6636132409526574,0.6276468517721987,0.5984903697522668]","[null,1.7777527046745613e-13,1.7683247618134556e-13,1.7734127594097273e-13,1.7727751290036855e-13,1.775174249121817e-13,1.7786164589546533e-13,1.7786164589546533e-13,1.7786164589546533e-13,1.7786164589546533e-13,1.7786164589546533e-13,1.7786164589546533e-13,1.7786164589546533e-13,1.7786164589546533e-13,1.7786164589546533e-13,1.7786164589546533e-13,1.7786164589546533e-13,1.7786164589546533e-13,1.7786164589546533e-13,1.7786164589546533e-13,3.367822614926679e-14]"
4.5,sqp_rti,0,"[0.11464261165084459,0.11441362346939352,0.118679262058769]",0.4914042761484486,0.01458859071135521,"[-2.980232227667301e-09,0.012371650421019897,0.05210364841931875,0.09059050194927815,0.13330555889443368,0.2427029973670834,0.3149748370696475,0.03891274293341179,0.0001296414681895841,1.561385376541713e-05,8.197682609317747e-06,5.2784698490182524e-06,1.218769607150283e-05,0.0019489413079634144,0.1346613946882414,1.4654758333272226,0.8807317861425623,0.744802279731229,0.6845205596829522,0.6491919085999942,0.6368593880699442]","[null,1.5916245188653533e-15,1.5924264641347083e-15,1.578477798617178e-15,1.593765090997207e-15,1.5971866755801283e-15,1.6015596998666076e-15,1.6015596998666076e-15,1.6015596998666076e-15,1.6015596998666076e-15,1.6015596998666076e-15,1.6015596998666076e-15,1.6015596998666076e-15,1.6015596998666076e-15,1.6015596998666076e-15,1.6015596998666076e-15,1.6015596998666076e-15,1.6015596998666076e-15,1.6015596998666076e-15,1.6015596998666076e-15,3.9974524895318503e-16]"
4.6,sqp_rti,0,"[0.11952279483640653,0.0994275264423874,0.12456954108106744]",0.503457516849211,0.014986108988523483,"[-2.980232227667301e-09,0.007943530221235895,0.03762235687756005,0.06762969914949651,0.1250069670203658,0.182547434573803,0.05741667841966508,0.000464648059358419,2.3580666387024163e-06,1.075969176922431e-06,9.204862654044188e-07,7.354891770644523e-06,0.0031611148660331545,0.37442163687687896,1.0221404703917443,0.6494227926702869,0.6151895333588235,0.6140794313073357,0.606188980295429,0.6019156042262981,0.6119530205089052]","[null,6.27241388767245e-11,6.200264123018759e-11,6.208367869456347e-11,6.418162089839444e-11,6.292811349877987e-11,6.391596378949552e-11,6.391596378949552e-11,6.391596378949552e-11,6.391596378949552e-11,6.391596378949552e-11,6.391596378949552e-11,6.391596378949552e-11,6.391596378949552e-11,6.391596378949552e-11,6.391596378949552e-11,6.391596378949552e-11,6.391596378949552e-11,6.391596378949552e-11,6.391596378949552e-11,1.3841530411650154e-11]"
4.699999999999999,sqp_rti,0,"[0.12553846770082724,0.1425181428210195,0.13106489339881663]",0.5160588960686007,0.015444077551364899,"[-2.980232227667301e-09,0.006613748150519128,0.037500803136275185,0.11947158347825032,0.1579000042250021,0.0172016805117024,2.2173408906978054e-05,6.474520404808892e-07,3.3034102808748855e-07,2.060747915089145e-07,1.305531901835133e-06,0.001054857820317029,0.1569929289022241,1.3826444227840724,0.8301576508750734,0.7262698950139572,0.6789205387799633,0.6544858535686877,0.6422260180139083,0.6477904883913623,0.7024851795703106]","[null,2.4345048284663037e-11,2.433062696194928e-11,2.4340525889084382e-11,2.433770968705586e-11,2.4411532630832843e-11,2.4388053360992217e-11,2.4388053360992217e-11,2.4388053360992217e-11,2.4388053360992217e-11,2.4388053360992217e-11,2.4388053360992217e-11,2.4388053360992217e-11,2.4388053360992217e-11,2.4388053360992217e-11,2.4388053360992217e-11,2.4388053360992217e-11,2.4388053360992217e-11,2.4388053360992217e-11,2.4388053360992217e-11,3.596643271623994e-12]"
4.799999999999999,sqp_rti,0,"[0.12715743618921035,0.15592365870895622,0.1346651425431339]",0.5289706243391754,0.01626897230744362,"[-2.980232227667301e-09,0.004876604827611708,0.05857252874316893,0.08419436937110963,0.0028807410743355577,9.731234195953231e-07,8.34881944411503e-08,5.910791331387166e-08,2.096586501632025e-08,3.830302505725136e-07,0.0006936290620868368,0.13761048362573974,1.372738042909419,0.8080178459214558,0.7066539124358016,0.650615704425477,0.6220485654441024,0.6184334722973481,0.6255575493070971,0.6735958020595632,1.2298549324334622]","[null,2.6342033944410213e-16,2.625949951466596e-16,2.6317840461164216e-16,2.664269768141549e-16,2.6384477708673894e-16,2.638226877196192e-16,2.638226877196192e-16,2.638226877196192e-16,2.638226877196192e-16,2.638226877196192e-16,2.638226877196192e-16,2.638226877196192e-16,2.638226877196192e-16,2.638226877196192e-16,2.638226877196192e-16,2.638226877196192e-16,2.638226877196192e-16,2.638226877196192e-16,2.638226877196192e-16,4.40020010673899e-17]"
4.899999999999999,sqp_rti,0,"[0.12847756230027202,0.1356326438231352,0.1377778029783651]",0.5419908232525511,0.017355412244796753,"[-2.980232227667301e-09,0.0035497868132388644,0.02309708840544228,0.0005068423588191484,8.327965331234033e-08,-9.768925501862924e-09,-4.532620279107391e-09,2.747523514257111e-09,5.542704309413615e-08,0.000389013857858056,0.14922370230868226,1.2638558461207168,0.7410746327883515,0.6587327532940683,0.6196148276888109,0.6027415528543585,0.600239511073039,0.6052561872894973,0.6363349276849071,1.1495612414029288,1.2427478688445361]","[null,6.053720527174027e-12,6.075372947612291e-12,6.207123637557468e-12,6.0734676698846996e-12,6.0734211213206696e-12,6.073420685571513e-12,6.073420685571513e-12,6.073420685571513e-12,6.073420685571513e-12,6.073420685571513e-12,6.073420685571513e-12,6.073420685571513e-12,6.073420685571513e-12,6.073420685571513e-12,6.073420685571513e-12,6.073420685571513e-12,6.073420685571513e-12,6.073420685571513e-12,6.073420685571513e-12,8.127997509703982e-13]"
4.999999999999998,sqp_rti,0,"[0.13310088535468678,0.12288475106690439,0.13217830080905213]",0.557189053986655,0.01947273500263691,"[-2.980232227667301e-09,0.000549574349662546,1.0540959386129423e-05,-2.686707717414194e-09,-5.5688582356605565e-09,-6.589090828512667e-09,-4.8980157985045736e-09,3.7040097933260796e-09,0.00014832390198876721,0.12390475315447064,1.2281544213975664,0.7125319994335981,0.6380115914839137,0.6058621643898803,0.5938731558138073,0.5929950316552695,0.5963407614157432,0.6159528629189388,1.0657228692210026,1.2927828025087578,0.6156329639994993]","[null,4.8017511764393905e-17,4.8195725526772376e-17,4.7291824881757335e-17,4.729181968602911e-17,4.729181969895381e-17,4.729181962140563e-17,4.729181962140563e-17,4.729181962140563e-17,4.729181962140563e-17,4.729181962140563e-17,4.729181962140563e-17,4.729181962140563e-17,4.729181962140563e-17,4.729181962140563e-17,4.729181962140563e-17,4.729181962140563e-17,4.729181962140563e-17,4.729181962140563e-17,4.729181962140563e-17,1.0317573152713552e-17]"
5.099999999999998,sqp_rti,0,"[0.13873740845223836,0.10856005772238243,0.12327525566671153]",0.5736060751257354,0.027112964540719986,"[-2.980232227667301e-09,-5.285583942749028e-09,-2.9807620538502277e-09,-2.980448277067893e-09,-2.982508212623358e-09,-2.9831883352482436e-09,-9.846194110041395e-09,5.650013693628275e-05,0.11667478355075717,1.1418524673720583,0.6591035540880135,0.6007721733341114,0.5822455734570695,0.579633605556684,0.5835435077853297,0.588112770957683,0.5990055692146121,0.9519842705726986,1.4007684541646739,0.5976010205836786,0.689557448209644]","[null,2.399971832167052e-11,2.399970957453268e-11,2.3999709574402956e-11,2.399970957454996e-11,2.3999709574629383e-11,2.3999709572888918e-11,2.3999709572888918e-11,2.3999709572888918e-11,2.3999709572888918e-11,2.3999709572888918e-11,2.3999709572888918e-11,2.3999709572888918e-11,2.3999709572888918e-11,2.3999709572888918e-11,2.3999709572888918e-11,2.3999709572888918e-11,2.3999709572888918e-11,2.3999709572888918e-11,2.3999709572888918e-11,8.37811289761787e-12]"
5.1999999999999975,sqp_rti,0,"[0.13323974296426103,0.08521699408262769,0.14731966931879997]",0.5828979682225874,0.03805599734187126,"[-2.980232227667301e-09,-2.980232227667301e-09,-2.980232227667301e-09,-2.980232227667301e-09,-2.9802322831784522e-09,1.7819877518032712e-09,1.9816428040719813e-05,0.11322641674906891,1.016568843892938,0.5905065385039137,0.5564011613073709,0.5557952219999123,0.5648816395172751,0.5754669595230488,0.5840892243363747,0.5917177968457998,0.8423553377444797,1.5136991476218966,0.7755611188197349,0.6767521698820331,0.7361318863209456]","[null,2.5598976487476183e-11,2.5598976487475537e-11,2.5598976487484778e-11,2.5598976487472965e-11,2.5598977024849208e-11,2.5598976486096472e-11,2.5598976486096472e-11,2.5598976486096472e-11,2.5598976486096472e-11,2.5598976486096472e-11,2.5598976486096472e-11,2.5598976486096472e-11,2.5598976486096472e-11,2.5598976486096472e-11,2.5598976486096472e-11,2.5598976486096472e-11,2.5598976486096472e-11,2.5598976486096472e-11,2.5598976486096472e-11,8.667775859737108e-12]"
5.299999999999997,sqp_rti,0,"[0.13567641208911876,0.06044414483349739,0.15015442253515587]",0.5964633657030582,0.04967983439564705,"[-2.980232227667301e-09,-2.980232227667301e-09,-2.980232227667301e-09,-2.980232227667301e-09,-2.977679658400234e-09,1.8724681208615035e-06,0.08596332313137439,0.855027883237949,0.5108515376238472,0.5064890439135616,0.5271101063532526,0.5501933358132589,0.5701380080050853,0.5869064914788324,0.598007592650817,0.7536582848861577,1.6008094350990631,0.8955612836590532,0.6912183924786823,0.7391549290624322,0.8099448216986651]","[null,1.3745846789444049e-11,1.3745846789443402e-11,1.3745846789432791e-11,1.3745846789685676e-11,1.3874937223275525e-11,1.374584678862682e-11,1.374584678862682e-11,1.374584678862682e-11,1.374584678862682e-11,1.374584678862682e-11,1.374584678862682e-11,1.374584678862682e-11,1.374584678862682e-11,1.374584678862682e-11,1.374584678862682e-11,1.374584678862682e-11,1.374584678862682e-11,1.374584678862682e-11,1.374584678862682e-11,5.237062691795921e-12]"
5.399999999999997,sqp_rti,0,"[0.13150986845118273,0.07744965636625437,0.1296349412881438]",0.613133945910646,0.061991799622774124,"[-2.980232227667301e-09,-2.980232227667301e-09,-2.980232227667301e-09,-2.9802321721561498e-09,1.1142064856861644e-07,0.062442210059644065,0.6736819262167131,0.42601362999392905,0.45380724895087426,0.4970508442161055,0.5355166491382846,0.5675142623079423,0.597710388119119,0.6197667424418156,0.7041355364249469,1.6072026115438234,1.1247867616698215,0.7410987461825875,0.7752631975435704,0.8345659492837576,0.9043100054353956]","[null,2.870097981607436e-14,2.870097981604851e-14,2.870097981598389e-14,2.8702087625038025e-14,2.869658378301032e-14,2.870097981599681e-14,2.870097981599681e-14,2.870097981599681e-14,2.870097981599681e-14,2.870097981599681e-14,2.870097981599681e-14,2.870097981599681e-14,2.870097981599681e-14,2.870097981599681e-14,2.870097981599681e-14,2.870097981599681e-14,2.870097981599681e-14,2.870097981599681e-14,2.870097981599681e-14,5.0917017040345754e-15]"
5.4999999999999964,sqp_rti,0,"[0.13066672413105843,0.05232271108920045,0.15073333679112788]",0.6231092957817074,0.05223957821726799,"[-2.980232227667301e-09,-2.980232227667301e-09,-2.980232227667301e-09,-2.8250197181556302e-09,0.001028315574756633,0.3549844590660925,0.28625625851561837,0.37045051173458604,0.4560851421145145,0.5228995844453521,0.5775602630795518,0.6329314259608985,0.6752388937223344,0.7192325641522721,1.3973441601916476,1.569134132089897,0.8493763639124381,0.857166744302831,0.9056382450940539,0.9614446331328252,1.04487673244322]","[null,1.3684198485885082e-11,1.3684198485885056e-11,1.3684198486584787e-11,1.3707646259793903e-11,1.3667280451620255e-11,1.3684198486058713e-11,1.3684198486058713e-11,1.3684198486058713e-11,1.3684198486058713e-11,1.3684198486058713e-11,1.3684198486058713e-11,1.3684198486058713e-11,1.3684198486058713e-11,1.3684198486058713e-11,1.3684198486058713e-11,1.3684198486058713e-11,1.3684198486058713e-11,1.3684198486058713e-11,1.3684198486058713e-11,1.7838576455565569e-12]"
5.599999999999996,sqp_rti,0,"[0.1514215741191302,-0.21763737435565528,0.15715658947192612]",0.6385570420848553,0.04030783474445343,"[-2.980232227667301e-09,-2.980232227667301e-09,-2.9802313117333057e-09,0.00044648834652155633,0.04675781638584625,0.03583184303953485,0.18813612052622447,0.37099923044344935,0.5061240048264508,0.5991145116077348,0.6684169995179985,0.716480934803102,0.7547073404361704,1.1658495713190902,1.8431507891133776,0.9048372405962375,0.883908712438658,0.9237233955317421,0.9680749125362424,1.0288373238357653,1.2280858378898907]","[null,6.523405986559862e-14,6.523405986559215e-14,6.509304548106286e-14,6.51350665958222e-14,6.512935654149027e-14,6.523405986684585e-14,6.523405986684585e-14,6.523405986684585e-14,6.523405986684585e-14,6.523405986684585e-14,6.523405986684585e-14,6.523405986684585e-14,6.523405986684585e-14,6.523405986684585e-14,6.523405986684585e-14,6.523405986684585e-14,6.523405986684585e-14,6.523405986684585e-14,6.523405986684585e-14,8.36065663236944e-15]"
5.699999999999996,sqp_rti,0,"[0.15240669397711362,-0.07055608146541181,0.13790295032613836]",0.6575554054917768,0.0267937108874321,"[-2.980232227667301e-09,-2.980232227667301e-09,0.0002649048375578944,0.28886477004848815,0.2722374177191654,0.3722127037465384,0.4521443565760109,0.5049443663377218,0.5476333943328207,0.5822673836248036,0.612423379067949,0.6447475103751514,1.1115808860985978,1.6208808420557232,0.8196895501707047,0.7857647342283733,0.8280908329692778,0.8713038850067842,0.9192088531785092,1.0623085210076482,1.697314711338106]","[null,4.537106923564978e-17,4.5807302861562505e-17,4.534012979530168e-17,4.5321218181445554e-17,4.545056932521536e-17,4.537106923564978e-17,4.537106923564978e-17,4.537106923564978e-17,4.537106923564978e-17,4.537106923564978e-17,4.537106923564978e-17,4.537106923564978e-17,4.537106923564978e-17,4.537106923564978e-17,4.537106923564978e-17,4.537106923564978e-17,4.537106923564978e-17,4.537106923564978e-17,4.537106923564978e-17,8.276749830237924e-18]"
5.799999999999995,sqp_rti,0,"[0.14981151397392464,0.025084512904287412,0.15945825913036824]",0.6671974339207816,0.013563646003603935,"[-2.980232227667301e-09,1.8486253361427174e-09,0.0008900655297914839,0.03609403593692556,0.14649168655136152,0.25462972111975973,0.3721020519184009,0.43684904404791497,0.48112998160102977,0.5196719842379138,0.5588874699361461,0.8858756915163439,1.587434704145022,0.8516050872791723,0.7424686014039465,0.7881416882489283,0.8329634103611105,0.8752157633202653,0.9814927954501254,1.4815089203667327,2.264378978047559]","[null,1.1041591444404893e-11,1.117316289667547e-11,1.1021271853643469e-11,1.1009715469061335e-11,1.1069503795242488e-11,1.1041591061096015e-11,1.1041591061096015e-11,1.1041591061096015e-11,1.1041591061096015e-11,1.1041591061096015e-11,1.1041591061096015e-11,1.1041591061096015e-11,1.1041591061096015e-11,1.1041591061096015e-11,1.1041591061096015e-11,1.1041591061096015e-11,1.1041591061096015e-11,1.1041591061096015e-11,1.1041591061096015e-11,3.167587614198916e-12]"
5.899999999999995,sqp_rti,0,"[0.14734239298846996,0.12447525887327998,0.14181448185864387]",0.6836004669415188,0.0090847909450531,"[-2.980232227667301e-09,4.4439504311433176e-06,0.0057174227199199845,0.051238996900518086,0.13165879303539257,0.20874093456300075,0.2816059388843833,0.3202267427266506,0.34912585820625425,0.38151437978776387,0.4581639867490573,1.026364538542485,1.2010328686162495,0.7098660006807094,0.691195949918147,0.747006754422016,0.7934311787988555,0.8281347387986411,0.9380584562285665,1.3089750116400711,2.0082245712628053]","[null,1.07608690046813e-16,1.0667931786117456e-16,1.0614342790289923e-16,1.0612400292007544e-16,1.0663841708214391e-16,1.0638295603074876e-16,1.0638295603074876e-16,1.0638295603074876e-16,1.0638295603074876e-16,1.0638295603074876e-16,1.0638295603074876e-16,1.0638295603074876e-16,1.0638295603074876e-16,1.0638295603074876e-16,1.0638295603074876e-16,1.0638295603074876e-16,1.0638295603074876e-16,1.0638295603074876e-16,1.0638295603074876e-16,2.3879966007937747e-17]"
5.999999999999995,sqp_rti,0,"[0.14102614129333546,-0.007053846913529033,0.14795798491772139]",0.6956554940835407,0.009769909083843231,"[-2.980232227667301e-09,0.0010650121065937657,0.02026758521991373,0.07058371858987728,0.1354245712530478,0.1909256834889071,0.24282452333197996,0.28287340021816904,0.33462297920176526,0.4012629218635951,0.680326359767492,1.4608117401038612,0.8631864454139844,0.7139114413046002,0.7655279381523552,0.8192998219069938,0.864577106854626,0.963396521449172,1.4066285354184902,2.1314756580859227,2.4704283280824813]","[null,2.6020980220168907e-17,2.588779407078547e-17,2.572103561847855e-17,2.5754216282078146e-17,2.588960210827434e-17,2.586484356502721e-17,2.586484356502721e-17,2.586484356502721e-17,2.586484356502721e-17,2.586484356502721e-17,2.586484356502721e-17,2.586484356502721e-17,2.586484356502721e-17,2.586484356502721e-17,2.586484356502721e-17,2.586484356502721e-17,2.586484356502721e-17,2.586484356502721e-17,2.586484356502721e-17,5.376842037997573e-18]"
6.099999999999994,sqp_rti,0,"[0.13496488599092282,-0.04848426282084619,0.13308422815974463]",0.7097541116661373,0.009741254150867462,"[-2.980232227667301e-09,0.003464070979746492,0.04190697719156572,0.10422754584153254,0.1591037967771854,0.1907043314056754,0.20914531051274993,0.21734918432041966,0.22812516972409008,0.3307379329067189,0.6678651021606015,0.8407910970144783,0.6230517421685391,0.5934822766179983,0.6671903145767917,0.7209887462641713,0.7209037156623885,0.7350304239144883,0.8517246389372211,1.2078849072302738,2.203409199587708]","[null,1.5556407454742732e-13,1.5444443445271391e-13,1.5449868492229382e-13,1.5483122031316593e-13,1.5568454770983759e-13,1.5507291812657838e-13,1.5507291812657838e-13,1.5507291812657838e-13,1.5507291812657838e-13,1.5507291812657838e-13,1.5507291812657838e-13,1.5507291812657838e-13,1.5507291812657838e-13,1.5507291812657838e-13,1.5507291812657838e-13,1.5507291812657838e-13,1.5507291812657838e-13,1.5507291812657838e-13,1.5507291812657838e-13,2.9714158994154575e-14]"
6.199999999999994,sqp_rti,0,"[0.13001183147482195,-0.4163378471592203,0.13694924266844585]",0.7220203051040677,0.009609028697013855,"[-2.980232227667301e-09,0.009158483207076185,0.06341015925431642,0.12635100123681015,0.16910689886746227,0.18961139062740956,0.23903585174288083,0.3120062808928566,0.4004469475672437,0.6020531495536019,1.5450061864226228,0.8885611610977662,0.7281745583553814,0.7757130663211569,0.8200890936541076,0.845049184729852,0.9056405977819171,1.1408752473030617,1.809461110782611,2.5765729396536914,1.7323604080343002]","[null,8.036954517880661e-17,8.018703688613484e-17,8.072812040693821e-17,8.059866402382251e-17,8.174552268413336e-17,8.118812103776741e-17,8.118812103776741e-17,8.118812103776741e-17,8.118812103776741e-17,8.118812103776741e-17,8.118812103776741e-17,8.118812103776741e-17,8.118812103776741e-17,8.118812103776741e-17,8.118812103776741e-17,8.118812103776741e-17,8.118812103776741e-17,8.118812103776741e-17,8.118812103776741e-17,1.3966216222984866e-17]"
6.299999999999994,sqp_rti,0,"[0.12490146594528125,-0.6275258661121187,0.11892320130487881]",0.736054944883516,0.008962228894233704,"[-2.980232227667301e-09,0.022954736021769062,0.1004902553694354,0.15649127352895215,0.18278424684311362,0.19363382733970697,0.19801866648636485,0.20413880088256847,0.3799328172612178,0.5752628918308857,0.5948521185742492,0.4782909213667111,0.5169960737063348,0.6064172133363968,0.6734401919270006,0.6791342322170706,0.6350218365429654,0.6504321507874777,0.9842869198047175,1.6269820877628944,1.9498979706438646]","[null,1.7539011523557897e-14,1.7529028982721643e-14,1.7562833813471893e-14,1.757505833567471e-14,1.763404228917956e-14,1.7579642724981865e-14,1.7579642724981865e-14,1.7579642724981865e-14,1.7579642724981865e-14,1.7579642724981865e-14,1.7579642724981865e-14,1.7579642724981865e-14,1.7579642724981865e-14,1.7579642724981865e-14,1.7579642724981865e-14,1.7579642724981865e-14,1.7579642724981865e-14,1.7579642724981865e-14,1.7579642724981865e-14,2.0318179802841882e-15]"
6.399999999999993,sqp_rti,0,"[0.1262230827516339,-0.42941302725203107,0.12893334550677812]",0.7466370967874951,0.008594326674938202,"[-2.980232227667301e-09,0.0396334966737662,0.1188932127416436,0.1641829575425156,0.19885804923128064,0.26803669504271427,0.3593370475103839,0.4535740669194837,0.7834467212925815,1.5372704960630272,0.7405786814322866,0.7268765484863209,0.7745849379739311,0.7978073544936508,0.8147056252863603,0.8599767114989658,0.9644373953078655,1.3868367420145489,2.0782472816654307,2.2154634750309876,1.142452908467299]","[null,2.1854383389488536e-13,2.1894949503858897e-13,2.1930231871378986e-13,2.1965877107735241e-13,2.1854249239133244e-13,2.1965543627046517e-13,2.1965543627046517e-13,2.1965543627046517e-13,2.1965543627046517e-13,2.1965543627046517e-13,2.1965543627046517e-13,2.1965543627046517e-13,2.1965543627046517e-13,2.1965543627046517e-13,2.1965543627046517e-13,2.1965543627046517e-13,2.1965543627046517e-13,2.1965543627046517e-13,2.1965543627046517e-13,2.9402763903209355e-14]"
6.499999999999993,sqp_rti,0,"[0.12498345564427159,-0.6722942713317276,0.12597037156997035]",0.7589623119063511,0.008762683719396591,"[-2.980232227667301e-09,0.04291597454399182,0.10821535904238716,0.14279568886691757,0.1590381516603337,0.1692067973558185,0.20454318834550805,0.46483549223269877,0.617376820138763,0.49475158249532286,0.4360221080179841,0.5132518330745881,0.5887039771770197,0.6443789558869699,0.6762458590482534,0.6677857103401379,0.6902363892910663,0.7996028685218384,1.3768515382690552,2.0926914418802385,2.3030511189303384]","[null,4.285044270307128e-14,4.286333254025452e-14,4.30689560835256e-14,4.306557295884824e-14,4.307253167022167e-14,4.316386023160277e-14,4.316386023160277e-14,4.316386023160277e-14,4.316386023160277e-14,4.316386023160277e-14,4.316386023160277e-14,4.316386023160277e-14,4.316386023160277e-14,4.316386023160277e-14,4.316386023160277e-14,4.316386023160277e-14,4.316386023160277e-14,4.316386023160277e-14,4.316386023160277e-14,8.745398839859307e-15]"
6.5999999999999925,sqp_rti,0,"[0.12916056007434173,-0.38063175203673705,0.12530630730508688]",0.771375917844786,0.0096668042242527,"[-2.980232227667301e-09,0.03626943120465215,0.0830834912455572,0.1162530109604692,0.1666023686606664,0.24237373069400975,0.4760484766582536,1.176483021601183,0.6661068667839884,0.5819732398427078,0.6373093114279633,0.690182549608992,0.7353028471516303,0.7600618886996819,0.7971554594276291,1.0039038461385583,1.5763228538126899,2.2641018164946063,2.377931286470795,1.5859287160464077,0.993750710699216]","[null,9.219026906899383e-15,9.217499291313016e-15,9.208414121892781e-15,9.216047300725461e-15,9.243307786338707e-15,9.22725692936548e-15,9.22725692936548e-15,9.22725692936548e-15,9.22725692936548e-15,9.22725692936548e-15,9.22725692936548e-15,9.22725692936548e-15,9.22725692936548e-15,9.22725692936548e-15,9.22725692936548e-15,9.22725692936548e-15,9.22725692936548e-15,9.22725692936548e-15,9.22725692936548e-15,1.2012402615914903e-15]"
6.699999999999992,sqp_rti,0,"[0.12164310783068556,-0.1933330031261807,0.1158627428263363]",0.7832525565630133,0.010560952126979828,"[-2.980232227667301e-09,0.031240799215329684,0.07571506136478484,0.10329129572864632,0.1336485596483719,0.33057664496223965,0.6020549300999789,0.47430560745525413,0.4119821224482337,0.4884118816296777,0.560758678762707,0.6170713162453658,0.6537198204542605,0.6703997318414892,0.704264933486338,0.821674262069467,1.122926202281161,2.1612749434057514,1.9953683457146558,1.5291745624645052,0.8745290539711028]","[null,3.919280250186265e-15,3.9140274917241075e-15,3.920125453586103e-15,3.917434911519201e-15,3.920207758086941e-15,3.926057095974243e-15,3.926057095974243e-15,3.926057095974243e-15,3.926057095974243e-15,3.926057095974243e-15,3.926057095974243e-15,3.926057095974243e-15,3.926057095974243e-15,3.926057095974243e-15,3.926057095974243e-15,3.926057095974243e-15,3.926057095974243e-15,3.926057095974243e-15,3.926057095974243e-15,5.503141161259436e-16]"
6.799999999999992,sqp_rti,0,"[0.11146142669724698,-0.18394258896273652,0.10642829570839211]",0.7943190905666357,0.011219501495361328,"[-2.980232227667301e-09,0.020188272998696466,0.05502835855580984,0.06743869620678994,0.09546362834568073,0.28679314146019835,0.6983245411896888,0.43519577966112594,0.5095793392765564,0.5873948594195191,0.6458798273357835,0.6854621200820261,0.7077196121019618,0.8235219506595832,1.2520187771727993,2.1621214852728388,1.9619917659587898,2.0055036004079954,1.5107917103130546,1.027262895641411,1.036852940432836]","[null,8.024394189751218e-15,8.00116490233468e-15,8.01435683854221e-15,8.044973580592075e-15,8.025962432995148e-15,8.049545626758598e-15,8.049545626758598e-15,8.049545626758598e-15,8.049545626758598e-15,8.049545626758598e-15,8.049545626758598e-15,8.049545626758598e-15,8.049545626758598e-15,8.049545626758598e-15,8.049545626758598e-15,8.049545626758598e-15,8.049545626758598e-15,8.049545626758598e-15,8.049545626758598e-15,1.3849876100994273e-15]"
6.8999999999999915,sqp_rti,0,"[0.11745397843998585,-0.13647768816252945,0.10739000377924093]",0.8053837178242312,0.012031540274620056,"[-2.980232227667301e-09,0.01001733165234403,0.035933611800870235,0.056247362101743914,0.14709242430104014,0.18931634210754994,0.2857536615980763,0.3551507700383965,0.48177697103699907,0.5764551816062109,0.6365789622200821,0.6677054537755083,0.6957468401361104,0.804185248518724,1.0955120739115898,2.240207328669352,1.947672146979764,1.8403809893005387,0.96163992009735,0.9110633484668031,1.0669847549218374]","[null,3.562169594862605e-14,3.550786635619252e-14,3.5615468800595154e-14,3.550683923963061e-14,3.5593493516601024e-14,3.560561102919934e-14,3.560561102919934e-14,3.560561102919934e-14,3.560561102919934e-14,3.560561102919934e-14,3.560561102919934e-14,3.560561102919934e-14,3.560561102919934e-14,3.560561102919934e-14,3.560561102919934e-14,3.560561102919934e-14,3.560561102919934e-14,3.560561102919934e-14,3.560561102919934e-14,5.603201203221772e-15]"
6.999999999999991,sqp_rti,0,"[0.12227752140606118,-0.39988662321226687,0.10964618142281346]",0.8171271180151072,0.012781918048858643,"[-2.980232227667301e-09,0.011310496065341902,0.04414176349915061,0.13627199656498662,0.10302796765848471,0.1250384475014002,0.2530477021374267,0.4113990029994142,0.5314938073366064,0.6037603365366031,0.6398236752888262,0.6693005825903071,0.7957751855765667,1.1746024941539772,2.0526070292782643,1.7396284775962252,2.0332390273684853,1.0516261033806529,0.9535277545366723,1.0409102073640966,1.284903932169169]","[null,3.522697986054631e-14,3.531265155983493e-14,3.509230078240433e-14,3.5064073757001574e-14,3.534881059221734e-14,3.5351412672214574e-14,3.5351412672214574e-14,3.5351412672214574e-14,3.5351412672214574e-14,3.5351412672214574e-14,3.5351412672214574e-14,3.5351412672214574e-14,3.5351412672214574e-14,3.5351412672214574e-14,3.5351412672214574e-14,3.5351412672214574e-14,3.5351412672214574e-14,3.5351412672214574e-14,3.5351412672214574e-14,7.449431610047738e-15]"
7.099999999999991,sqp_rti,0,"[0.11557464356445765,-0.33678939733880864,0.11103597450612339]",0.8267051732548079,0.015406910330057144,"[-2.980232227667301e-09,0.005458657274544143,0.05203999824198818,0.0850802258272843,0.11613752641990588,0.1784173782381025,0.3546754930351195,0.4966699389511973,0.5812210138274423,0.6222578285027776,0.6541717757428713,0.7962369703343628,1.2662933393043623,2.075097899718732,1.984008510960497,1.9706517521779154,1.0585341825380954,0.9574045920244731,1.0319223959388857,1.2255049649093983,1.695057953738808]","[null,5.202250998132051e-17,5.192402581477689e-17,5.1973218277309365e-17,5.204973170202635e-17,5.198256568722647e-17,5.200468778775713e-17,5.200468778775713e-17,5.200468778775713e-17,5.200468778775713e-17,5.200468778775713e-17,5.200468778775713e-17,5.200468778775713e-17,5.200468778775713e-17,5.200468778775713e-17,5.200468778775713e-17,5.200468778775713e-17,5.200468778775713e-17,5.200468778775713e-17,5.200468778775713e-17,7.241211796432978e-18]"
7.19999999999999,sqp_rti,0,"[0.10287321280348677,-0.3476029003617677,0.09989414072813124]",0.837119398407292,0.017932124435901642,"[-2.980232227667301e-09,0.003379976798163986,0.019424118214873165,0.05530352247789666,0.11933435123446118,0.20160133755131043,0.4064852408080693,0.5436334849579001,0.6122465383952604,0.6411545982192492,0.7208772553738167,0.9650926335709602,2.1879445059339053,1.8506230722472414,2.2102809921243436,1.1166832820499557,0.9603617971043026,0.9627141702808106,1.0923237719593721,1.3790854425346104,2.20483783166937]","[null,1.9218884855840186e-15,1.919973759085336e-15,1.9321178514273838e-15,1.925351422141491e-15,1.9154203231053074e-15,1.9314728865989896e-15,1.9314728865989896e-15,1.9314728865989896e-15,1.9314728865989896e-15,1.9314728865989896e-15,1.9314728865989896e-15,1.9314728865989896e-15,1.9314728865989896e-15,1.9314728865989896e-15,1.9314728865989896e-15,1.9314728865989896e-15,1.9314728865989896e-15,1.9314728865989896e-15,1.9314728865989896e-15,5.083050955222313e-16]"
7.29999999999999,sqp_rti,0,"[0.09184958627637019,-0.3334509922385238,0.0896812025031454]",0.8463782915486394,0.020838288590312004,"[-2.980232227667301e-09,0.00023421467682352426,0.011762638323329189,0.054042393704546055,0.12025634937186674,0.1977261227248775,0.4212569340555746,0.5660908087580789,0.6238931615106462,0.6619512516919925,0.8202390616504498,1.6018387270826941,1.9481734875717585,2.1653946101060066,1.3189233439799277,0.9876788031387045,0.9551522138379986,1.0418864874889777,1.2392489517929668,1.8464488651769286,2.387788866631701]","[null,3.638596046652916e-13,3.640996292714256e-13,3.6422058017752395e-13,3.6361800817620585e-13,3.6238852548551785e-13,3.6378480784676033e-13,3.6378480784676033e-13,3.6378480784676033e-13,3.6378480784676033e-13,3.6378480784676033e-13,3.6378480784676033e-13,3.6378480784676033e-13,3.6378480784676033e-13,3.6378480784676033e-13,3.6378480784676033e-13,3.6378480784676033e-13,3.6378480784676033e-13,3.6378480784676033e-13,3.6378480784676033e-13,6.608675675821153e-14]"
7.39999999999999,sqp_rti,0,"[0.08562318336683428,-0.28011584488278163,0.084490960347662]",0.8550441976133301,0.019195474684238434,"[-2.980232227667301e-09,0.0002012244995863166,0.013725540051013951,0.05895773949016353,0.12480585911412129,0.19826757217649488,0.43543338645568924,0.5788662209579385,0.6292853814787243,0.6999098038665339,0.9364316004418949,2.1632064558269013,1.8686058201599687,2.0469173931875035,1.0717904618038367,0.966127401159252,1.0023584123414195,1.129036554569409,1.4615967644985346,2.32604957537533,2.265784965475624]","[null,2.3181310237760644e-15,2.2146454837438083e-15,2.2448098188472726e-15,2.2353506360464968e-15,2.311168194676542e-15,2.2641770612258616e-15,2.2641770612258616e-15,2.2641770612258616e-15,2.2641770612258616e-15,2.2641770612258616e-15,2.2641770612258616e-15,2.2641770612258616e-15,2.2641770612258616e-15,2.2641770612258616e-15,2.2641770612258616e-15,2.2641770612258616e-15,2.2641770612258616e-15,2.2641770612258616e-15,2.2641770612258616e-15,1.7111388598292399e-15]"
7.499999999999989,sqp_rti,0,"[0.07685117108460876,-0.28668376433061993,0.07640751132893628]",0.8627940940870097,0.01770147681236267,"[-2.980232227667301e-09,0.000525134957070017,0.018702554461238752,0.06535031880919179,0.12709713975243525,0.1964168556155073,0.4243640582101776,0.5568636074778659,0.6113286119630839,0.7548843706364352,1.4386588257468602,1.8654408339102921,2.0953155062631366,1.2946686596145944,0.9759305989054117,0.9630006474401529,1.062654858892652,1.271346870896722,1.955290086039075,2.44275119804258,2.674987128988805]","[null,4.3666247635559604e-13,4.3135076813279645e-13,4.3284035740272546e-13,4.3237838362587426e-13,4.3641454095603487e-13,4.3369191812561116e-13,4.3369191812561116e-13,4.3369191812561116e-13,4.3369191812561116e-13,4.3369191812561116e-13,4.3369191812561116e-13,4.3369191812561116e-13,4.3369191812561116e-13,4.3369191812561116e-13,4.3369191812561116e-13,4.3369191812561116e-13,4.3369191812561116e-13,4.3369191812561116e-13,4.3369191812561116e-13,1.4055697916535323e-13]"
7.599999999999989,sqp_rti,0,"[0.06983700674856401,-0.21822694508875107,0.07344511708960122]",0.8701696575479672,0.01634172722697258,"[-2.980232227667301e-09,0.0007501626790086813,0.020996905745896133,0.06963601017018456,0.13237193408209508,0.1975942858324487,0.4527518023411073,0.5757525595592525,0.629445935518407,0.7923859683868819,1.9445442590478599,1.782791071854034,2.2258491710616406,1.0823702745734856,0.9617234599232585,0.9936953299141258,1.109982821649816,1.3999827493209238,2.326023074275004,2.9251129195082886,2.4068739938069124]","[null,3.7921914706336785e-13,3.766816055516979e-13,3.78216914446523e-13,3.7743873651653207e-13,3.881768496123349e-13,3.7839581800235504e-13,3.7839581800235504e-13,3.7839581800235504e-13,3.7839581800235504e-13,3.7839581800235504e-13,3.7839581800235504e-13,3.7839581800235504e-13,3.7839581800235504e-13,3.7839581800235504e-13,3.7839581800235504e-13,3.7839581800235504e-13,3.7839581800235504e-13,3.7839581800235504e-13,3.7839581800235504e-13,1.1155623304994968e-13]"
7.699999999999989,sqp_rti,0,"[0.07458738798373833,-0.32143332246754647,0.08003716217478477]",0.8756781660950064,0.015425290912389755,"[-2.980232227667301e-09,0.0008855314028673456,0.021398971321927196,0.06592361716067857,0.12394338006119271,0.19626867201221004,0.4299487897526902,0.5418350268608829,0.64666830352363,0.9840908840547662,1.8804256342531278,1.8699642809999488,1.5933792362750878,0.9581721593902748,0.9445565337210879,1.033758043591123,1.2181093019029816,1.8249059925568545,2.7902583727641543,2.8332995196783246,2.2325753879302903]","[null,1.8151275474352748e-16,1.795836060406722e-16,1.803034243280865e-16,1.8012532558904962e-16,1.8371647636527486e-16,1.8088380213007985e-16,1.8088380213007985e-16,1.8088380213007985e-16,1.8088380213007985e-16,1.8088380213007985e-16,1.8088380213007985e-16,1.8088380213007985e-16,1.8088380213007985e-16,1.8088380213007985e-16,1.8088380213007985e-16,1.8088380213007985e-16,1.8088380213007985e-16,1.8088380213007985e-16,1.8088380213007985e-16,6.573572669539475e-17]"
7.799999999999988,sqp_rti,0,"[0.05073224397764228,-0.4007853045520653,0.066729561129308]",0.8838692391734623,0.014262806624174118,"[-2.980232227667301e-09,0.0048578454038137875,0.04704506314230522,0.11170258880700673,0.1773094616074367,0.19532790497261204,0.47852017147511533,0.5708144978378982,0.668468408958695,1.446531645490677,1.7822324162613616,2.0942126485061126,1.1005581499370194,0.9421825974374618,0.9563927129356207,1.0656961408941406,1.294687680743032,2.225390934726531,3.0356991999898026,2.5693388768341316,1.8859702854441316]","[null,1.4435654038508592e-15,1.443276441918448e-15,1.442160632061567e-15,1.4446547374198469e-15,1.4571682228914682e-15,1.4514334153173155e-15,1.4514334153173155e-15,1.4514334153173155e-15,1.4514334153173155e-15,1.4514334153173155e-15,1.4514334153173155e-15,1.4514334153173155e-15,1.4514334153173155e-15,1.4514334153173155e-15,1.4514334153173155e-15,1.4514334153173155e-15,1.4514334153173155e-15,1.4514334153173155e-15,1.4514334153173155e-15,2.2613205938152044e-16]"
7.899999999999988,sqp_rti,0,"[0.05962374469684787,-0.3690309354905698,0.06793898170429935]",0.8890126968934472,0.012930940836668015,"[-2.980232227667301e-09,0.00015923924719052351,0.019938636339315974,0.06615350142832171,0.14882877300865333,0.1594165194975375,0.4166982491300722,0.5148232690174914,0.7849880544674821,1.7975512529963147,1.6703946734891157,1.6117903675612737,0.8848395851761641,0.8705413861227072,0.9442761087436338,1.0831351276624026,1.5251772727355906,2.6857907157676566,2.801185627470873,2.1599198807540647,1.616794718766157]","[null,8.002329030107767e-15,7.956365038046562e-15,7.911225059213403e-15,7.963412425556691e-15,7.93035119836568e-15,7.946964760426595e-15,7.946964760426595e-15,7.946964760426595e-15,7.946964760426595e-15,7.946964760426595e-15,7.946964760426595e-15,7.946964760426595e-15,7.946964760426595e-15,7.946964760426595e-15,7.946964760426595e-15,7.946964760426595e-15,7.946964760426595e-15,7.946964760426595e-15,7.946964760426595e-15,2.0899063137306163e-15]"
7.999999999999988,sqp_rti,0,"[0.04658744393564214,-0.30072131535766244,0.07203461708516107]",0.8952866055224007,0.011842336505651474,"[-2.980232227667301e-09,0.007842110108393474,0.03825828870639009,0.12070079977303011,0.18674994650925641,0.24308451060177277,0.5276318340570423,0.594813767820473,1.2753993772826007,1.780187008930375,2.0956177711640978,1.0436092218969246,0.8856496441022548,0.9112367671297814,1.0073798827162406,1.1866045282858344,2.0309297373181794,2.946342701060206,2.553478934697112,1.8212641857212055,1.5101491753879588]","[null,1.9686190340432792e-16,1.966843860747424e-16,1.963521889238207e-16,1.9755570684385743e-16,1.9787619828911755e-16,1.9840786001866247e-16,1.9840786001866247e-16,1.9840786001866247e-16,1.9840786001866247e-16,1.9840786001866247e-16,1.9840786001866247e-16,1.9840786001866247e-16,1.9840786001866247e-16,1.9840786001866247e-16,1.9840786001866247e-16,1.9840786001866247e-16,1.9840786001866247e-16,1.9840786001866247e-16,1.9840786001866247e-16,3.9268424477574334e-17]"
8.099999999999987,sqp_rti,0,"[0.11939612810974044,-0.6296097784816084,0.09483309380213735]",0.9021144417342543,0.011037960648536682,"[-2.980232227667301e-09,0.002194690602130678,0.10605414604538127,0.10089807090259911,0.1908768803144703,0.2010919286349065,0.49701943467296844,0.6394329853184579,1.8124936271340324,1.5447192564921692,2.0403391569355422,0.9532033754179154,0.8897421417869829,0.9430695298812128,1.0589137556545143,1.340681282751327,2.493900965055343,2.941349203462397,2.3411954897138623,1.6813542184398151,1.5306817691235908]","[null,1.0783880116398036e-13,1.076463084204162e-13,1.0784143725335174e-13,1.0766145231913845e-13,1.0792269872628674e-13,1.0898648107316564e-13,1.0898648107316564e-13,1.0898648107316564e-13,1.0898648107316564e-13,1.0898648107316564e-13,1.0898648107316564e-13,1.0898648107316564e-13,1.0898648107316564e-13,1.0898648107316564e-13,1.0898648107316564e-13,1.0898648107316564e-13,1.0898648107316564e-13,1.0898648107316564e-13,1.0898648107316564e-13,2.111610243661109e-14]"
8.199999999999987,sqp_rti,0,"[0.08118312788812695,-1.154383711589884,0.10533413951191631]",0.9147372259937897,0.009941928088665009,"[-2.980232227667301e-09,0.12668738366111115,-2.980232227667301e-09,0.09455312066750993,-2.9811012269842507e-09,0.09459428690543775,0.3621456289926542,1.0796269402595378,1.301940663133913,1.5748404032971706,0.8958303786874413,0.7298301001504199,0.7710827295537477,0.8507432554760122,0.9691216027978011,1.4648330366755047,2.5874357704572093,2.5534836349256738,1.7690413542290642,1.4103587169264327,1.4484068283897045]","[null,5.15395169260277e-17,5.213326694840807e-17,5.1529766919041723e-17,5.213326694934208e-17,5.162659156300111e-17,5.21332669547442e-17,5.21332669547442e-17,5.21332669547442e-17,5.21332669547442e-17,5.21332669547442e-17,5.21332669547442e-17,5.21332669547442e-17,5.21332669547442e-17,5.21332669547442e-17,5.21332669547442e-17,5.21332669547442e-17,5.21332669547442e-17,5.21332669547442e-17,5.21332669547442e-17,1.293261990676642e-17]"
8.299999999999986,sqp_rti,0,"[0.07976964532246072,-0.5481945334667145,0.10138271440530759]",0.922069648609802,0.00830565020442009,"[-2.980232227667301e-09,0.13870776535623436,0.1884566458218913,-2.008407329334716e-11,0.10943830146220962,0.12011765174301275,0.9437194107979081,1.1290039018950295,1.330321633447032,0.9858272628274143,0.6613666887095782,0.6859181391623987,0.7626578273239033,0.8440138819373757,1.0070834129628998,1.9238104818361392,2.644971779962387,2.0602620967620853,1.4274972170717575,1.3555426449626704,1.4936743651600943]","[null,6.704333016429949e-16,6.745016044583223e-16,6.74502312619388e-16,6.698522457844835e-16,6.738113500220017e-16,6.744081136978788e-16,6.744081136978788e-16,6.744081136978788e-16,6.744081136978788e-16,6.744081136978788e-16,6.744081136978788e-16,6.744081136978788e-16,6.744081136978788e-16,6.744081136978788e-16,6.744081136978788e-16,6.744081136978788e-16,6.744081136978788e-16,6.744081136978788e-16,6.744081136978788e-16,2.0999216211777095e-16]"
8.399999999999986,sqp_rti,0,"[0.08106391671357019,-0.20735672609405748,0.09580892601345033]",0.9287731338092649,0.007715508341789246,"[-2.980232227667301e-09,0.18221919929159186,0.03579450705648385,0.3343788216945825,null,0.19894635215743933,1.1471206085363093,1.1404286093322529,1.8826549539785133,0.6996812842831301,0.6392968420216885,0.709777260114749,0.7834330544604693,0.8829325849188272,1.2979973183183098,2.359298480812197,2.4415380397516335,1.5709342492252325,1.3394314534466047,1.3917002017689535,1.6682129122091396]","[null,6.981927249187275e-16,7.253311894867388e-16,0.024299628704670763,6.89692787507018e-16,6.905414904536866e-16,6.89692787506917e-16,6.89692787506917e-16,6.89692787506917e-16,6.89692787506917e-16,6.89692787506917e-16,6.89692787506917e-16,6.89692787506917e-16,6.89692787506917e-16,6.89692787506917e-16,6.89692787506917e-16,6.89692787506917e-16,6.89692787506917e-16,6.89692787506917e-16,6.89692787506917e-16,7.524633922768512e-17]"
8.499999999999986,sqp_rti,0,"[0.07567504615554702,-0.7951197044331344,0.11459715139711518]",0.9420072158311878,0.007618959993124008,"[-2.980232227667301e-09,0.19352907524003343,0.13134566553493415,null,0.1981548138615608,0.1901898291905198,1.3384255677823205,0.9826077813491112,1.4993441842378956,0.6137035946570222,0.6303665023999379,0.7112644781873712,0.7960904675752356,0.9246883801910328,1.5912766196247616,2.564216358976357,2.0842160172140582,1.4436512341320593,1.3564898108248389,1.499883702041754,1.9997500706116333]","[null,1.5569930082138879e-12,1.5547562065234076e-12,1.5605572389887357e-12,1.5535493578424124e-12,1.5616127807888367e-12,1.5605599402408441e-12,1.5605599402408441e-12,1.5605599402408441e-12,1.5605599402408441e-12,1.5605599402408441e-12,1.5605599402408441e-12,1.5605599402408441e-12,1.5605599402408441e-12,1.5605599402408441e-12,1.5605599402408441e-12,1.5605599402408441e-12,1.5605599402408441e-12,1.5605599402408441e-12,1.5605599402408441e-12,2.1684428496118503e-13]"
8.599999999999985,sqp_rti,0,"[0.08270473500878217,-0.7958623772687959,0.10549875343004023]",0.9485897950308056,0.007640659809112549,"[-2.980232227667301e-09,0.18290175056414598,0.10197535865351598,0.25963611491161914,0.1156156007484615,0.665115858971167,0.6370367678566973,1.3663532809840404,0.5374762558734403,0.5354006129201536,0.5960785691014372,0.6651654700226846,0.7501792562350367,0.9895008044661118,1.9947309529898802,2.4234429315777506,1.5423638499884411,1.3002777796392964,1.334195457040108,1.612819212807399,2.3006961176383998]","[null,1.801836285904528e-14,1.8003663519079465e-14,1.8019584727102898e-14,1.8016216593255998e-14,1.801754107957942e-14,1.8015694494506875e-14,1.8015694494506875e-14,1.8015694494506875e-14,1.8015694494506875e-14,1.8015694494506875e-14,1.8015694494506875e-14,1.8015694494506875e-14,1.8015694494506875e-14,1.8015694494506875e-14,1.8015694494506875e-14,1.8015694494506875e-14,1.8015694494506875e-14,1.8015694494506875e-14,1.8015694494506875e-14,3.5104158926640794e-15]"
8.699999999999985,sqp_rti,0,"[0.04445623114452812,-0.39483782024378145,0.10102290310463011]",0.9563970609965525,0.007986731827259064,"[-2.980232227667301e-09,0.18122313770385007,null,null,0.32579852435875784,0.4773752652401309,0.9785099542899409,0.8727470833213118,0.5504124840449911,0.6116089884262947,0.7015683901379084,0.7907982232372965,0.901473753577698,1.5341867205628261,2.5813693798910693,1.8257040787562218,1.3370102893664713,1.2998717162998334,1.427521752154388,1.8819280047078066,2.7831658217829984]","[null,7.502798931117313e-14,7.544060304409682e-14,7.54406030441146e-14,7.521574361968929e-14,7.543153205050655e-14,7.544060304411076e-14,7.544060304411076e-14,7.544060304411076e-14,7.544060304411076e-14,7.544060304411076e-14,7.544060304411076e-14,7.544060304411076e-14,7.544060304411076e-14,7.544060304411076e-14,7.544060304411076e-14,7.544060304411076e-14,7.544060304411076e-14,7.544060304411076e-14,7.544060304411076e-14,1.2115948890270073e-14]"
8.799999999999985,sqp_rti,0,"[0.11563258841685325,-0.33450600653157825,0.1145751785299142]",0.9624019374768131,0.008209511637687683,"[-2.980232227667301e-09,7.976925577618532e-05,0.18367712627369742,0.8816624518336311,0.21961378958956673,0.15587898595745103,0.6224608462598933,0.7993711098093577,0.502741809039734,0.5803575342309031,0.681167365080136,0.7860712901238471,0.9929368982949114,2.086861588320521,2.4728163445473053,1.5977169239285487,1.311078180580832,1.336177231305829,1.605242940165948,2.249422521999908,3.1132830259312536]","[null,4.601226138346573e-14,4.58793837664418e-14,4.5922706133973396e-14,4.583095765236009e-14,4.6009241888600365e-14,4.6011547472268535e-14,4.6011547472268535e-14,4.6011547472268535e-14,4.6011547472268535e-14,4.6011547472268535e-14,4.6011547472268535e-14,4.6011547472268535e-14,4.6011547472268535e-14,4.6011547472268535e-14,4.6011547472268535e-14,4.6011547472268535e-14,4.6011547472268535e-14,4.6011547472268535e-14,4.6011547472268535e-14,6.249369685802809e-15]"
8.899999999999984,sqp_rti,0,"[0.057777813778861584,-0.22576711666024774,0.09441567307771545]",0.9741377379668952,0.00872005894780159,"[-2.980232227667301e-09,0.15435988475541224,0.05857097737266487,0.04396007247417871,0.05495431572696213,0.26306874171415623,1.2166720013353085,0.4310474011873005,0.4871625271556937,0.5400821652210446,0.6231696495294983,0.7308021055875542,1.1099084942179231,2.174650674654896,2.090301527122379,1.3082910383509236,1.2060488457064016,1.263373171840006,1.5157365905091467,2.0521339241317422,2.8036260832140245]","[null,3.720335368190672e-15,3.7128035771758725e-15,3.73463232759548e-15,3.714455985796916e-15,3.7288830004636035e-15,3.730437385989304e-15,3.730437385989304e-15,3.730437385989304e-15,3.730437385989304e-15,3.730437385989304e-15,3.730437385989304e-15,3.730437385989304e-15,3.730437385989304e-15,3.730437385989304e-15,3.730437385989304e-15,3.730437385989304e-15,3.730437385989304e-15,3.730437385989304e-15,3.730437385989304e-15,7.683600974526432e-16]"
8.999999999999984,sqp_rti,0,"[0.08659287298292491,-0.22459852131865682,0.09775857935198166]",0.9778134581493293,0.009161144495010376,"[-2.980232227667301e-09,-2.980232227667301e-09,0.46669304704932985,0.4230762846438381,0.04148783210554258,0.21894421397460279,0.6546046408164521,0.4572854036891812,0.5090883321247943,0.5599684216719012,0.6500603921766934,0.7694221553568716,1.3050493539453611,2.263817270365611,2.013282854236441,1.299936771686666,1.211958989080238,1.272745781329731,1.5325025460796027,2.0686218895172646,2.812052228089006]","[null,6.584041784263304e-16,6.55875980672458e-16,6.569776461931785e-16,6.544679115774829e-16,6.567787795569219e-16,6.58404178439659e-16,6.58404178439659e-16,6.58404178439659e-16,6.58404178439659e-16,6.58404178439659e-16,6.58404178439659e-16,6.58404178439659e-16,6.58404178439659e-16,6.58404178439659e-16,6.58404178439659e-16,6.58404178439659e-16,6.58404178439659e-16,6.58404178439659e-16,6.58404178439659e-16,1.3215505847624442e-16]"
9.099999999999984,sqp_rti,0,"[0.043205896087653115,-0.11233937142867867,0.08893089399318518]",0.9885819193369834,0.007781092077493668,"[-2.980232227667301e-09,0.2178101329773739,0.0011626931025666143,0.11632794196408086,0.1772583703738942,0.20308124445692127,0.7812398778932674,0.44993475365150887,0.5171715050370558,0.5903449181928024,0.6934362221293628,0.8166370977794599,1.355101969999599,2.338299361239444,2.0657001932235035,1.3339588970007366,1.2357797528219503,1.2940962292235032,1.5582083108980338,2.105008992292892,2.860757986171241]","[null,4.3960285480202064e-13,4.381136116137811e-13,4.397320373411714e-13,4.3884084477238944e-13,4.402049744275059e-13,4.410724736121164e-13,4.410724736121164e-13,4.410724736121164e-13,4.410724736121164e-13,4.410724736121164e-13,4.410724736121164e-13,4.410724736121164e-13,4.410724736121164e-13,4.410724736121164e-13,4.410724736121164e-13,4.410724736121164e-13,4.410724736121164e-13,4.410724736121164e-13,4.410724736121164e-13,7.624414474173031e-14]"
9.199999999999983,sqp_rti,0,"[0.09775019434166679,-0.04567207938237608,0.10301182963478206]",0.9912228798063512,0.006544716190546751,"[-2.980232227667301e-09,null,0.1162534081484779,0.10596001454553133,0.1509891436095046,0.21835622344609434,0.33175382314481966,0.4626442264045892,0.5038885513064286,0.5525445325165073,0.6453243975022473,0.7776485221433205,1.475690608344263,2.278068334885856,1.8323317541755741,1.2378472981961888,1.1857678615694225,1.253616453386577,1.5112698505536357,2.0314130097253242,2.7444791250730534]","[null,5.124972471481863e-15,5.11348771805636e-15,5.115549059770029e-15,5.111898218655496e-15,5.127051184526184e-15,5.124972471495192e-15,5.124972471495192e-15,5.124972471495192e-15,5.124972471495192e-15,5.124972471495192e-15,5.124972471495192e-15,5.124972471495192e-15,5.124972471495192e-15,5.124972471495192e-15,5.124972471495192e-15,5.124972471495192e-15,5.124972471495192e-15,5.124972471495192e-15,5.124972471495192e-15,6.831266573541151e-16]"
9.299999999999983,sqp_rti,0,"[0.048740743593918674,-0.023342057385772053,0.06885972820745306]",1.002087775693639,0.006830330938100815,"[-2.980232227667301e-09,0.13897692212846807,0.0024568582306535025,0.07555491377356277,0.13675023138906256,0.20079986487176377,0.35508161037561764,0.47835678089494565,0.5169201597082249,0.5822102412533716,0.6807248592416293,0.8276186937050987,1.6355005370668294,2.319775755582371,1.7669197003532993,1.2353229212269,1.1931787291934797,1.2656758486968538,1.528325178031692,2.0436113971041836,2.743043664117889]","[null,4.0869442603182025e-14,4.114879726663154e-14,4.068652002768518e-14,4.066903603867611e-14,4.0821342944469457e-14,4.0910022298642476e-14,4.0910022298642476e-14,4.0910022298642476e-14,4.0910022298642476e-14,4.0910022298642476e-14,4.0910022298642476e-14,4.0910022298642476e-14,4.0910022298642476e-14,4.0910022298642476e-14,4.0910022298642476e-14,4.0910022298642476e-14,4.0910022298642476e-14,4.0910022298642476e-14,4.0910022298642476e-14,7.511690702560882e-15]"
9.399999999999983,sqp_rti,0,"[0.02495591640891286,-0.00443161169717236,0.07730845707726743]",1.0042907605665312,0.006971459835767746,"[-2.980232227667301e-09,null,0.02879513779210613,0.052937786402442566,0.13165777077174284,0.1404727502323631,0.39615347573939347,0.49397961999433165,0.5194516889472183,0.5833092827599244,0.6804933711789374,0.8562818128085439,1.7693936952219047,2.272009761607717,1.6175525297799147,1.1965983067702133,1.174414818359278,1.2535303513596652,1.5162860906101254,2.016700924649947,2.6932828391064847]","[null,2.0823712094911952e-14,2.0771427439141295e-14,2.0755370578382938e-14,2.072965834951996e-14,2.0794066741127745e-14,2.0823712094912356e-14,2.0823712094912356e-14,2.0823712094912356e-14,2.0823712094912356e-14,2.0823712094912356e-14,2.0823712094912356e-14,2.0823712094912356e-14,2.0823712094912356e-14,2.0823712094912356e-14,2.0823712094912356e-14,2.0823712094912356e-14,2.0823712094912356e-14,2.0823712094912356e-14,2.0823712094912356e-14,2.5383102532783174e-15]"
9.499999999999982,sqp_rti,0,"[0.09984779603378642,-0.13618295809037467,0.11044492869028338]",1.0089192675510028,0.006997186690568924,"[-2.980232227667301e-09,-2.980232227667301e-09,null,0.04053459635656226,0.16472039265628063,0.15856004748228686,0.3964584929852862,0.47405732930294847,0.5019396247927161,0.5739264353847886,0.6765593420444833,0.904581081705939,1.8489767643952078,2.2202300013799237,1.5277813389391859,1.1791798490789096,1.1674592253935951,1.2531499780858393,1.5184543768668426,2.004404737914613,2.655656242037904]","[null,3.3156473250859666e-13,3.31564732492193e-13,3.287204185812296e-13,3.306107415279065e-13,3.335924953064498e-13,3.3156473249163986e-13,3.3156473249163986e-13,3.3156473249163986e-13,3.3156473249163986e-13,3.3156473249163986e-13,3.3156473249163986e-13,3.3156473249163986e-13,3.3156473249163986e-13,3.3156473249163986e-13,3.3156473249163986e-13,3.3156473249163986e-13,3.3156473249163986e-13,3.3156473249163986e-13,3.3156473249163986e-13,1.0609759182206698e-13]"
9.599999999999982,sqp_rti,0,"[0.0893262035851503,-0.10668255493144668,0.09946985401227679]",1.0219752772053465,0.0076448023319244385,"[-2.980232227667301e-09,0.01287574576013456,0.050143716976248254,0.05108677261887423,0.08274484234403162,0.16819409241922473,0.33861871528732196,0.4004435668904705,0.4426555318519803,0.5253951557747107,0.6408572965887049,1.0296125051687681,1.8858017547156407,2.0648865610851237,1.3546001748909624,1.1364456212819778,1.1426671596874984,1.239781154052724,1.5055357529177964,1.9612565963950892,2.565251979649031]","[null,3.235818862172238e-14,3.215084731453038e-14,3.2588738906891287e-14,3.247742424412919e-14,3.2580754204387274e-14,3.2558494126857866e-14,3.2558494126857866e-14,3.2558494126857866e-14,3.2558494126857866e-14,3.2558494126857866e-14,3.2558494126857866e-14,3.2558494126857866e-14,3.2558494126857866e-14,3.2558494126857866e-14,3.2558494126857866e-14,3.2558494126857866e-14,3.2558494126857866e-14,3.2558494126857866e-14,3.2558494126857866e-14,7.905669395328219e-15]"
9.699999999999982,sqp_rti,0,"[0.13236066248676354,0.12771618597657944,0.12613449826291523]",1.0291602645514228,0.00805005431175232,"[-2.980232227667301e-09,0.004078283134668237,0.05310796647222987,0.054711709428002575,0.10479436755525456,0.15785463581020026,0.2971852004217979,0.3479474689033964,0.4063303068938147,0.5011233483675788,0.6581362026951438,1.2987782992671668,1.9746371961192153,1.815794601323417,1.1857119029694825,1.0965948971706883,1.1202702068640524,1.2288028077244,1.5003167165104656,1.9158635868942688,2.466703530100088]","[null,2.0489787380342877e-14,2.0123550871407864e-14,1.9939286873411904e-14,2.0020779021481924e-14,2.028932287075362e-14,1.9843324150620155e-14,1.9843324150620155e-14,1.9843324150620155e-14,1.9843324150620155e-14,1.9843324150620155e-14,1.9843324150620155e-14,1.9843324150620155e-14,1.9843324150620155e-14,1.9843324150620155e-14,1.9843324150620155e-14,1.9843324150620155e-14,1.9843324150620155e-14,1.9843324150620155e-14,1.9843324150620155e-14,1.0134322541502116e-14]"
9.799999999999981,sqp_rti,0,"[0.1473380296979587,0.12495497944960433,0.11099820675443624]",1.0412847274177792,0.007733236998319626,"[-2.980232227667301e-09,0.012640290130605802,0.02838404717882953,0.04035691799794422,0.10523018387332855,0.16476581801913143,0.30156510087296057,0.36027593322288426,0.44657735945777405,0.5577971080375022,0.8463232562292731,1.6101845392579548,1.9978163226672236,1.49686375651859,1.0889734195026841,1.0688601001362323,1.107078748764678,1.227951861327498,1.4940874670511224,1.8745594101450223,2.3826190897062647]","[null,1.1308462261506624e-14,1.095854809287144e-14,1.1093535476856908e-14,1.1191545826706558e-14,1.1344528676714846e-14,1.1280507148136612e-14,1.1280507148136612e-14,1.1280507148136612e-14,1.1280507148136612e-14,1.1280507148136612e-14,1.1280507148136612e-14,1.1280507148136612e-14,1.1280507148136612e-14,1.1280507148136612e-14,1.1280507148136612e-14,1.1280507148136612e-14,1.1280507148136612e-14,1.1280507148136612e-14,1.1280507148136612e-14,2.804468604157898e-15]"
9.89999999999998,sqp_rti,0,"[0.07355419504245173,0.423974833704609,0.082782161406546]",1.0560084808444161,0.007599059492349625,"[-2.980232227667301e-09,0.025716527498514108,0.026033972187687493,0.11869649190672932,0.15130409775290304,0.17129864745177487,0.2879408859786146,0.3702964333376258,0.4698208104619191,0.6034645544557253,1.1036584024491105,1.7850721252031228,1.9041790537272127,1.335229855316325,1.071639552334365,1.0679820976119607,1.1179820739939534,1.2562386440718505,1.5177603020413482,1.8573153156726832,2.3386264120697975]","[null,1.6737205164404196e-15,1.6794601943403094e-15,1.6745898807312246e-15,1.6755595101269609e-15,1.6822340725125368e-15,1.6848253939863755e-15,1.6848253939863755e-15,1.6848253939863755e-15,1.6848253939863755e-15,1.6848253939863755e-15,1.6848253939863755e-15,1.6848253939863755e-15,1.6848253939863755e-15,1.6848253939863755e-15,1.6848253939863755e-15,1.6848253939863755e-15,1.6848253939863755e-15,1.6848253939863755e-15,1.6848253939863755e-15,2.988789653482332e-16]"
9.99999999999998,sqp_rti,0,"[0.12724845388077624,0.6927577481449148,0.1015469302955641]",1.0615257815272292,0.007394455373287201,"[-2.980232227667301e-09,-2.980232227667301e-09,0.11364709850861915,0.1402994551796553,0.15917866173073209,0.15794139550469738,0.2545236430661156,0.3441572187947635,0.45309247452404905,0.692558250660327,1.3137109586528666,1.8061834411970608,1.6394482669327093,1.1131253483890713,1.0213684723673386,1.0370811991199667,1.105778714239314,1.2580694176856102,1.4902673692039528,1.7612659810494662,2.2355430823958686]","[null,5.113048034825568e-17,5.056545340597439e-17,5.072349497602526e-17,5.077145835580598e-17,5.090841872580126e-17,5.113048040116616e-17,5.113048040116616e-17,5.113048040116616e-17,5.113048040116616e-17,5.113048040116616e-17,5.113048040116616e-17,5.113048040116616e-17,5.113048040116616e-17,5.113048040116616e-17,5.113048040116616e-17,5.113048040116616e-17,5.113048040116616e-17,5.113048040116616e-17,5.113048040116616e-17,7.769222443372673e-18]"
10.09999999999998,sqp_rti,0,"[0.09166193980038237,0.944857419352275,0.09732252898376743]",1.0737494759082293,0.0077385008335113525,"[-2.980232227667301e-09,0.11226150631133863,0.11917388836762371,0.16602054891205215,0.1753829830476164,0.17762006636970257,0.2863884810046276,0.39589134398307807,0.531389710699339,0.9926649259887597,1.6058568746100306,1.7711291227823558,1.3330114597282872,1.0046711992886477,0.9977838821855156,1.026635307925577,1.1132070747264569,1.275856934094035,1.4684400154906843,1.6745183924203395,2.180056603385947]","[null,6.6866819633408374e-15,6.697788573929838e-15,6.69608889817674e-15,6.707410395799792e-15,6.7154697453588965e-15,6.711371402809282e-15,6.711371402809282e-15,6.711371402809282e-15,6.711371402809282e-15,6.711371402809282e-15,6.711371402809282e-15,6.711371402809282e-15,6.711371402809282e-15,6.711371402809282e-15,6.711371402809282e-15,6.711371402809282e-15,6.711371402809282e-15,6.711371402809282e-15,6.711371402809282e-15,1.2298486410954441e-15]"
10.19999999999998,sqp_rti,0,"[0.10562318368788753,0.9460833925637973,0.09589249993035935]",1.0827645806684238,0.008664589375257492,"[-2.980232227667301e-09,0.0614119091999939,0.12743145216814328,0.16459240046760187,0.18352735488591493,0.19287751054391117,0.2798552825693175,0.3992901163312464,0.7341228458711455,1.2729898607797494,1.5933576460173835,1.4312524196745275,1.0265630932951069,0.9418450522560817,0.9616952070536551,1.0144413131302303,1.1318768451514714,1.2943713624826285,1.3494722679638762,1.4773844433005194,2.23110370860459]","[null,1.5604491991068306e-13,1.564673522169091e-13,1.5657851423439976e-13,1.5640034851130135e-13,1.5639562863550061e-13,1.5693427497417793e-13,1.5693427497417793e-13,1.5693427497417793e-13,1.5693427497417793e-13,1.5693427497417793e-13,1.5693427497417793e-13,1.5693427497417793e-13,1.5693427497417793e-13,1.5693427497417793e-13,1.5693427497417793e-13,1.5693427497417793e-13,1.5693427497417793e-13,1.5693427497417793e-13,1.5693427497417793e-13,2.2576573075164796e-14]"
10.29999999999998,sqp_rti,0,"[0.09544701300458303,1.000127325433214,0.08894892697144784]",1.0926180009941608,0.01010999083518982,"[-2.980232227667301e-09,0.09051064441760276,0.1424821648664903,0.1792997648302766,0.19203563752338476,0.20553723396870788,0.33236766103831245,0.5364901162522535,1.0480754598224642,1.5035873737684866,1.4962960479551384,1.128845717556836,0.9134564159204837,0.925264165180731,0.9572074460141102,1.0358939890446461,1.17434480068044,1.2864040226385012,1.1722088101528019,1.6660525441227747,2.1052120190560393]","[null,3.505615680369978e-11,3.511026564650611e-11,3.5159421571732395e-11,3.511842124472588e-11,3.508022078490739e-11,3.5144266438443977e-11,3.5144266438443977e-11,3.5144266438443977e-11,3.5144266438443977e-11,3.5144266438443977e-11,3.5144266438443977e-11,3.5144266438443977e-11,3.5144266438443977e-11,3.5144266438443977e-11,3.5144266438443977e-11,3.5144266438443977e-11,3.5144266438443977e-11,3.5144266438443977e-11,3.5144266438443977e-11,5.566817108103682e-12]"
10.399999999999979,sqp_rti,0,"[0.10696461459798588,0.6171034127432735,0.09196689188046567]",1.1023614376723498,0.012054834514856339,"[-2.980232227667301e-09,0.0516554399461569,0.10365845857710171,0.13270413799832143,0.16277284060549385,0.22055253573285932,0.3786015243583101,0.6584698083972362,1.2397706974369072,1.7285176443866959,1.1720370110542333,0.9202883645887956,0.9171653140726217,0.9416939410197596,0.9906696281443652,1.0866326475362669,1.277586853760323,1.6593511961003642,2.1551673012512915,2.3911841987830558,1.7254507745627563]","[null,1.1470863038081638e-17,1.1487239469376084e-17,1.1482306493782593e-17,1.1471021061890379e-17,1.1486747975458211e-17,1.1492681988226907e-17,1.1492681988226907e-17,1.1492681988226907e-17,1.1492681988226907e-17,1.1492681988226907e-17,1.1492681988226907e-17,1.1492681988226907e-17,1.1492681988226907e-17,1.1492681988226907e-17,1.1492681988226907e-17,1.1492681988226907e-17,1.1492681988226907e-17,1.1492681988226907e-17,1.1492681988226907e-17,1.2484719590233003e-18]"
10.499999999999979,sqp_rti,0,"[0.0991781984025651,0.9398730204930548,0.08722646114835818]",1.1122589618107328,0.01363101601600647,"[-2.980232227667301e-09,0.06385138969301246,0.14103441652723953,0.18906084108956273,0.21552246634262656,0.24956660859360974,0.5080529984595124,0.9536347987905109,1.2477441442354447,1.2366394607631743,0.97365644312286,0.8541595295355988,0.8839887139724565,0.9266940685286411,1.0255487549948423,1.1506142269868602,1.140521883103008,1.0450445257019154,1.5663011204057369,2.2139139244106447,2.3465818227817197]","[null,1.1601015275449297e-14,1.1605432647133274e-14,1.1604161961683187e-14,1.1604865464628695e-14,1.1642906955842749e-14,1.1634001196014216e-14,1.1634001196014216e-14,1.1634001196014216e-14,1.1634001196014216e-14,1.1634001196014216e-14,1.1634001196014216e-14,1.1634001196014216e-14,1.1634001196014216e-14,1.1634001196014216e-14,1.1634001196014216e-14,1.1634001196014216e-14,1.1634001196014216e-14,1.1634001196014216e-14,1.1634001196014216e-14,1.6885810056468432e-15]"
10.599999999999978,sqp_rti,0,"[0.09500887046449642,0.5129428999264498,0.08725353937943493]",1.1205670029632626,0.016531851142644882,"[-2.980232227667301e-09,0.030548172468708945,0.07103095655638098,0.11350004927528162,0.19281592618003246,0.32976667720228187,0.6699114074044317,1.4113707430488744,1.3947285557080533,0.8599037446312632,0.8494106541122999,0.8731760475325456,0.9126101421072248,0.9903047445302973,1.123847441553752,1.3642898525963474,1.750117613485483,2.3355761414778557,2.4563431732285794,1.7393432797670243,1.2827644755076377]","[null,1.273863457063671e-11,1.2748079093164009e-11,1.2755410441909936e-11,1.2753852191012271e-11,1.2771018515520553e-11,1.2772007007026492e-11,1.2772007007026492e-11,1.2772007007026492e-11,1.2772007007026492e-11,1.2772007007026492e-11,1.2772007007026492e-11,1.2772007007026492e-11,1.2772007007026492e-11,1.2772007007026492e-11,1.2772007007026492e-11,1.2772007007026492e-11,1.2772007007026492e-11,1.2772007007026492e-11,1.2772007007026492e-11,1.7993480824312465e-12]"
10.699999999999978,sqp_rti,0,"[0.08210161094622732,0.632603137711225,0.10122748628142289]",1.124980757658917,0.01837441325187683,"[-2.980232227667301e-09,0.0170386418937592,0.06058550325054385,0.09953532242795787,0.15237752726053772,0.2869177478515546,0.771229976126478,1.090289385402566,0.9792862991761353,0.7664440760060749,0.8009880449414932,0.8415940947190459,0.9063244532436829,1.0217719170168074,1.1114790934834258,1.0652514235162378,1.2026230570213812,2.2468744735805446,2.069722991054367,1.584846497975431,1.244855967608134]","[null,2.036628820523533e-13,2.0377635639565112e-13,2.035971547338937e-13,2.038340381363865e-13,2.038692469569471e-13,2.0413472688877783e-13,2.0413472688877783e-13,2.0413472688877783e-13,2.0413472688877783e-13,2.0413472688877783e-13,2.0413472688877783e-13,2.0413472688877783e-13,2.0413472688877783e-13,2.0413472688877783e-13,2.0413472688877783e-13,2.0413472688877783e-13,2.0413472688877783e-13,2.0413472688877783e-13,2.0413472688877783e-13,3.017731301377351e-14]"
10.799999999999978,sqp_rti,0,"[0.08883013775312804,0.37682890281947484,0.09532146948472296]",1.1342022736895743,0.02093587815761566,"[-2.980232227667301e-09,0.001830972461482172,0.014293939370771558,0.04537675303746874,0.1252545252704536,0.26730177285411544,1.1104890020019453,1.0999715402307693,0.7418243523761834,0.7868202881759518,0.8330118520004375,0.902807217136236,1.0249767513265524,1.1782383250893023,1.3628405705587638,2.1783622713054998,2.02983073122802,2.0982713588055697,1.5368461168053897,1.308675378662685,1.7389390978111041]","[null,8.513709538917882e-13,8.493290219035126e-13,8.51027235701145e-13,8.50606640490307e-13,8.518925544310395e-13,8.517311286246302e-13,8.517311286246302e-13,8.517311286246302e-13,8.517311286246302e-13,8.517311286246302e-13,8.517311286246302e-13,8.517311286246302e-13,8.517311286246302e-13,8.517311286246302e-13,8.517311286246302e-13,8.517311286246302e-13,8.517311286246302e-13,8.517311286246302e-13,8.517311286246302e-13,1.3396364384257178e-13]"
10.899999999999977,sqp_rti,0,"[0.07896618038345234,0.27986534444245836,0.07101275139755132]",1.1450609553988085,0.022671528160572052,"[-2.980232227667301e-09,0.001478997489164413,0.0148323433964766,0.04846045967800877,0.14043957518236355,0.34294035255462846,0.8062030686235822,0.7522339344391067,0.6937295747675736,0.7648290802284385,0.8221617015262626,0.9302397504651541,1.0576611597929249,1.0358127938428108,1.1096188659124067,2.2492235034858696,1.9626727883468564,1.8198763148491934,1.1175040870657595,1.4929301242857178,1.7054147733360174]","[null,7.536953958228714e-11,7.526052335529602e-11,7.50655662204009e-11,7.554622407164213e-11,7.52532386802538e-11,7.541079963332816e-11,7.541079963332816e-11,7.541079963332816e-11,7.541079963332816e-11,7.541079963332816e-11,7.541079963332816e-11,7.541079963332816e-11,7.541079963332816e-11,7.541079963332816e-11,7.541079963332816e-11,7.541079963332816e-11,7.541079963332816e-11,7.541079963332816e-11,7.541079963332816e-11,1.4265245302169452e-11]"
10.999999999999977,sqp_rti,0,"[0.06732281766283964,0.2611114417439466,0.08729020301374159]",1.148328519604579,0.024119526147842407,"[-2.980232227667301e-09,0.0001026029246400384,0.0031063449714581193,0.017019347851375877,0.07285997692891116,0.20848872353116193,0.7375033465157415,0.6365328667930086,0.6960279277886479,0.7689647610951351,0.8521394457327112,0.9971093744762498,1.0567179883964377,1.0332443001307652,2.14446003137743,1.7770092606873005,2.1555721784700497,1.1848693288960888,1.4615940885178433,1.606461961236742,1.767298367254338]","[null,6.466407405138154e-15,6.4348877083436914e-15,6.396233884344572e-15,6.682225159473192e-15,6.411580774479063e-15,6.471660259526605e-15,6.471660259526605e-15,6.471660259526605e-15,6.471660259526605e-15,6.471660259526605e-15,6.471660259526605e-15,6.471660259526605e-15,6.471660259526605e-15,6.471660259526605e-15,6.471660259526605e-15,6.471660259526605e-15,6.471660259526605e-15,6.471660259526605e-15,6.471660259526605e-15,1.1909405186288906e-15]"
11.099999999999977,sqp_rti,0,"[0.08268206057021332,0.2332274129195708,0.0910222007491144]",1.1554216920396057,0.0255974680185318,"[-2.980232227667301e-09,1.4005485746981794e-06,0.0005867365076288322,0.011962546289245257,0.07777646393170451,0.18414404581878935,0.5826089956257874,0.6096225324197426,0.723617877795595,0.8016640881489787,0.9432451326621278,1.0580410858535454,1.0276224736719086,1.995969135069157,1.888157375433228,2.195236383423926,1.204308871786769,1.4304536549253457,1.5895087537840034,1.7200920588882613,2.041126337349806]","[null,5.0088196171475327e-17,4.977187965284487e-17,5.059478217067446e-17,4.9782194875387776e-17,5.023419832324702e-17,5.0052733576473276e-17,5.0052733576473276e-17,5.0052733576473276e-17,5.0052733576473276e-17,5.0052733576473276e-17,5.0052733576473276e-17,5.0052733576473276e-17,5.0052733576473276e-17,5.0052733576473276e-17,5.0052733576473276e-17,5.0052733576473276e-17,5.0052733576473276e-17,5.0052733576473276e-17,5.0052733576473276e-17,1.0472767068687386e-17]"
11.199999999999976,sqp_rti,0,"[0.06815937607972153,0.3523101610151123,0.08744903204274089]",1.1633276983693233,0.02706974744796753,"[-2.980232227667301e-09,2.8271927612094627e-05,0.005084137242773956,0.04506030457864868,0.10686001389129168,0.14869021688435052,0.4225436983824212,0.6019650350692094,0.7235012910096141,0.8212141702746483,0.9795459610528578,0.9758090615933883,1.0323953725538046,2.166109389425746,1.94602785125888,1.574987996473962,1.22767916411279,1.4518817884450865,1.505157588265983,1.7160701104508902,2.4006347169728643]","[null,2.8489074833045916e-16,2.8339413725827064e-16,2.8275247528471613e-16,2.831499292510924e-16,2.844145187266083e-16,2.844098203320452e-16,2.844098203320452e-16,2.844098203320452e-16,2.844098203320452e-16,2.844098203320452e-16,2.844098203320452e-16,2.844098203320452e-16,2.844098203320452e-16,2.844098203320452e-16,2.844098203320452e-16,2.844098203320452e-16,2.844098203320452e-16,2.844098203320452e-16,2.844098203320452e-16,4.4079879432155576e-17]"
11.299999999999976,sqp_rti,0,"[0.09400152570998388,0.37649926496459424,0.09427447979154083]",1.1708257649117428,0.02602819725871086,"[-2.980232227667301e-09,8.077530704031499e-07,0.006204795702156762,0.06893957127401934,0.13030076743325286,0.15811136512225393,0.42613200407023016,0.6321490195831518,0.7404991464357742,0.8935840121810206,0.9720982852866429,0.928096260564687,2.1563338529537406,1.8677334135770063,2.0717422067745277,1.1389709254684532,1.4273499768778166,1.459469639923214,1.5651005979920736,2.009588147396248,2.8261865672943722]","[null,1.0195963038897454e-15,1.01662734151466e-15,1.0154525896276749e-15,1.018694938591779e-15,1.0192660975316807e-15,1.0194627914909176e-15,1.0194627914909176e-15,1.0194627914909176e-15,1.0194627914909176e-15,1.0194627914909176e-15,1.0194627914909176e-15,1.0194627914909176e-15,1.0194627914909176e-15,1.0194627914909176e-15,1.0194627914909176e-15,1.0194627914909176e-15,1.0194627914909176e-15,1.0194627914909176e-15,1.0194627914909176e-15,1.6401029336475526e-16]"
11.399999999999975,sqp_rti,0,"[0.05749710264067111,0.4212583457112761,0.08176868312081356]",1.1789725888780775,0.023052740842103958,"[-2.980232227667301e-09,0.0022920327548531794,0.05461895461707683,0.11427452017796008,0.14898869465430914,0.1897168213217329,0.463366542414313,0.6462645833900325,0.7646900055234489,0.9330831862592188,0.8662630508304883,1.2405238292176477,2.0081079932154156,2.0075914671703616,1.2882331205155253,1.2795475481826635,1.3613979712759037,1.3857158132074205,1.65630091205971,2.4584017525676787,2.783502196405686]","[null,5.1533141870353914e-15,5.135918661452681e-15,5.13716720728998e-15,5.162022928907775e-15,5.1435355243476065e-15,5.155917625135358e-15,5.155917625135358e-15,5.155917625135358e-15,5.155917625135358e-15,5.155917625135358e-15,5.155917625135358e-15,5.155917625135358e-15,5.155917625135358e-15,5.155917625135358e-15,5.155917625135358e-15,5.155917625135358e-15,5.155917625135358e-15,5.155917625135358e-15,5.155917625135358e-15,9.191875101059349e-16]"
11.499999999999975,sqp_rti,0,"[0.09897376809794695,0.3114074830807392,0.09092564440892457]",1.1856270067064572,0.019949153065681458,"[-2.980232227667301e-09,9.381955101694928e-08,0.009588794019554758,0.06537282621565038,0.1332418489605714,0.19932164582845485,0.4855262583580789,0.6513455383162243,0.8043195561819181,0.899503488633681,0.8594289022845494,2.117181104704483,1.819540915048466,1.885168508849614,1.118065355309391,1.35712639349724,1.3319595488890001,1.457732957683494,1.9703948114145688,2.9133858816515614,2.6552044674569375]","[null,5.4171838934807186e-14,5.373606227529251e-14,5.482342124821007e-14,5.32350016998682e-14,5.351144218891002e-14,5.416811866521892e-14,5.416811866521892e-14,5.416811866521892e-14,5.416811866521892e-14,5.416811866521892e-14,5.416811866521892e-14,5.416811866521892e-14,5.416811866521892e-14,5.416811866521892e-14,5.416811866521892e-14,5.416811866521892e-14,5.416811866521892e-14,5.416811866521892e-14,5.416811866521892e-14,1.36116484331457e-14]"
11.599999999999975,sqp_rti,0,"[0.04943532741293569,0.2934122055598858,0.07535040373106687]",1.1939134232862956,0.017931319773197174,"[-2.980232227667301e-09,0.008299289040013702,0.05250493342664592,0.10177609716376496,0.1546250620479384,0.1974908072318245,0.48611996016889664,0.6526315279044181,0.8566961528464354,0.8306425288963071,1.17554056950392,1.928454239528414,2.0501291195209026,1.1608414629540007,1.2666843462189232,1.3154465338184316,1.3279146953798635,1.625993091796247,2.5248662246592533,3.049105143445563,2.561569485851291]","[null,1.0431218282565288e-13,1.0359636545354269e-13,1.0260580293099515e-13,1.0271054293950061e-13,1.0287400611199911e-13,1.0369121587484321e-13,1.0369121587484321e-13,1.0369121587484321e-13,1.0369121587484321e-13,1.0369121587484321e-13,1.0369121587484321e-13,1.0369121587484321e-13,1.0369121587484321e-13,1.0369121587484321e-13,1.0369121587484321e-13,1.0369121587484321e-13,1.0369121587484321e-13,1.0369121587484321e-13,1.0369121587484321e-13,1.480821193059513e-14]"
11.699999999999974,sqp_rti,0,"[0.10703929014743994,0.2316909948192176,0.09158580905896191]",1.2004354496333365,0.01611921563744545,"[-2.980232227667301e-09,-2.980232227667301e-09,0.0005340216586063873,0.04786007436368217,0.12400820307306831,0.19441597724573328,0.46631227582260665,0.6386820985834223,0.8335201411451016,0.7232783171389012,1.8620084226223994,1.6839385983024406,2.0854645524126356,1.0176311004701162,1.2677319924609007,1.2303168674195053,1.3371421793872311,1.8459144438578903,2.9630959958040792,2.9895608555422415,2.3904354980149636]","[null,1.5246965067132235e-14,1.5430692099840576e-14,1.5264927014569092e-14,1.5151637271704843e-14,1.5273008259824133e-14,1.524696506561338e-14,1.524696506561338e-14,1.524696506561338e-14,1.524696506561338e-14,1.524696506561338e-14,1.524696506561338e-14,1.524696506561338e-14,1.524696506561338e-14,1.524696506561338e-14,1.524696506561338e-14,1.524696506561338e-14,1.524696506561338e-14,1.524696506561338e-14,1.524696506561338e-14,6.386119775318697e-15]"
11.799999999999974,sqp_rti,0,"[0.05347372525262257,0.19813896612056703,0.07473291411829908]",1.2093096908546859,0.014899007976055145,"[-2.980232227667301e-09,0.02002600146762018,0.09086958845874343,0.12230820865903952,0.16678249647486415,0.19652674744779192,0.48290339994907755,0.6843950109351151,0.7954170348602554,0.818413866321017,1.9468202104253833,1.8292416800683753,1.3360624780269716,1.1531525771465907,1.2567301381952818,1.2337085650132316,1.4926973403714292,2.375213574455999,3.181712123395024,2.829902955103802,2.447096945993647]","[null,4.675896200883191e-11,4.6831852656403395e-11,4.684484585789977e-11,4.6835746942663805e-11,4.746860395783879e-11,4.6845177485807484e-11,4.6845177485807484e-11,4.6845177485807484e-11,4.6845177485807484e-11,4.6845177485807484e-11,4.6845177485807484e-11,4.6845177485807484e-11,4.6845177485807484e-11,4.6845177485807484e-11,4.6845177485807484e-11,4.6845177485807484e-11,4.6845177485807484e-11,4.6845177485807484e-11,4.6845177485807484e-11,1.1508568326803212e-11]"
11.899999999999974,sqp_rti,0,"[0.09838403195856107,0.2781194954728081,0.09025366985681559]",1.2161153060356373,0.013935916125774384,"[-2.980232227667301e-09,-2.980232227667301e-09,-2.980232227667301e-09,0.035386353015462835,0.11134713391818513,0.1902193057013271,0.4286262053310271,0.6640930624601926,0.5909678963641605,1.395829038394777,1.5353515086190235,1.8938217757424407,0.9461615713610072,1.1393720688938134,1.14022154425443,1.1930541301503845,1.6149962528045243,2.7856315420298374,3.155868387669284,2.540519955681906,2.2320192348431016]","[null,8.066549872774545e-16,8.066549872774545e-16,8.046162606639613e-16,8.03327228887494e-16,8.099803262222845e-16,8.066549872257558e-16,8.066549872257558e-16,8.066549872257558e-16,8.066549872257558e-16,8.066549872257558e-16,8.066549872257558e-16,8.066549872257558e-16,8.066549872257558e-16,8.066549872257558e-16,8.066549872257558e-16,8.066549872257558e-16,8.066549872257558e-16,8.066549872257558e-16,8.066549872257558e-16,2.4693329921896977e-16]"
11.999999999999973,sqp_rti,0,"[0.06874125624596163,0.2652694083700127,0.08554123803787156]",1.2252715736758966,0.012818735092878342,"[-2.980232227667301e-09,0.03551136645171865,0.13114971800789094,0.12047902227335144,0.18951233949789598,0.195416393999939,0.5026036072543032,0.6954197809229086,0.6447660098687258,1.9182167984325076,1.5901685864971318,1.6397813041613858,0.9684023388934164,1.1480680159933285,1.0971386582970568,1.2743605544510224,2.0064872145377537,3.140304376272309,2.983149248054244,2.47548452917803,2.0496925141635716]","[null,2.2749372407894933e-13,2.2758637259131687e-13,2.286651283079919e-13,2.3006082072663713e-13,2.286637948026624e-13,2.2856880872664865e-13,2.2856880872664865e-13,2.2856880872664865e-13,2.2856880872664865e-13,2.2856880872664865e-13,2.2856880872664865e-13,2.2856880872664865e-13,2.2856880872664865e-13,2.2856880872664865e-13,2.2856880872664865e-13,2.2856880872664865e-13,2.2856880872664865e-13,2.2856880872664865e-13,2.2856880872664865e-13,1.1503996660578313e-13]"
12.099999999999973,sqp_rti,0,"[0.10733502095872292,0.6084934073287599,0.10387020138283858]",1.2337892756466016,0.011893808841705322,"[-2.980232227667301e-09,0.009549328262263235,-2.980232227667301e-09,0.05679797229631128,0.09542984448365105,0.16370573316586318,0.41281867185695714,0.4611591985309545,1.452561950123308,1.282736705149724,1.6953562929671946,0.8897784949525629,0.9738930539109381,1.0250085166971397,1.0379375407810068,1.3622563971971686,2.472761874188113,3.0988959767132096,2.5905889232538444,2.1614966710977415,1.9146493731311185]","[null,4.0009740807270237e-16,4.0119666951616094e-16,3.9980733083220267e-16,4.030402734340191e-16,4.0265500103966684e-16,4.011966694600193e-16,4.011966694600193e-16,4.011966694600193e-16,4.011966694600193e-16,4.011966694600193e-16,4.011966694600193e-16,4.011966694600193e-16,4.011966694600193e-16,4.011966694600193e-16,4.011966694600193e-16,4.011966694600193e-16,4.011966694600193e-16,4.011966694600193e-16,4.011966694600193e-16,1.32234232703223e-16]"
12.199999999999973,sqp_rti,0,"[0.08820095793350763,0.7791688274189262,0.10009376445123944]",1.2437794962782203,0.010274719446897507,"[-2.980232227667301e-09,0.11531720696742803,0.22746034125833142,-2.5320995855615536e-09,0.17017243856895875,0.12288646144187682,0.4210483851199623,0.5924058007789348,1.6337623779616421,1.4392284756422853,1.0858746679820797,0.773004857302368,0.9098414575407847,0.8817529550194012,1.0149339847312813,1.6255726168372895,2.8738802004512936,2.813447658541972,2.2702591568535775,1.87782400506308,1.8295600479286225]","[null,2.450333377761149e-12,2.4565442609648307e-12,2.4608075702009886e-12,2.442032715962661e-12,2.4517452253588106e-12,2.460807491160026e-12,2.460807491160026e-12,2.460807491160026e-12,2.460807491160026e-12,2.460807491160026e-12,2.460807491160026e-12,2.460807491160026e-12,2.460807491160026e-12,2.460807491160026e-12,2.460807491160026e-12,2.460807491160026e-12,2.460807491160026e-12,2.460807491160026e-12,2.460807491160026e-12,5.262680705553631e-13]"
12.299999999999972,sqp_rti,0,"[0.09916782869221813,0.3926150956718991,0.11643776771213021]",1.253778963744184,0.008590251207351685,"[-2.980232227667301e-09,0.13417870373124502,2.2177407271728455e-08,0.07425459235510773,null,0.13029449946090638,0.41428961422403604,1.6502293416351577,1.2161213177483983,1.8468173925906484,0.6921202844151473,0.8484174424263335,0.8548234067520766,0.8993510902356918,1.1987953070196535,2.3376026715271054,2.969080773376054,2.405499000840128,1.996468549840732,1.8112864534916404,1.8780443965718472]","[null,8.344504276540746e-13,8.421055912554208e-13,8.279595197236218e-13,8.414553405676878e-13,8.45219080480783e-13,8.414553405669059e-13,8.414553405669059e-13,8.414553405669059e-13,8.414553405669059e-13,8.414553405669059e-13,8.414553405669059e-13,8.414553405669059e-13,8.414553405669059e-13,8.414553405669059e-13,8.414553405669059e-13,8.414553405669059e-13,8.414553405669059e-13,8.414553405669059e-13,8.414553405669059e-13,2.910539322216772e-13]"
12.399999999999972,sqp_rti,0,"[0.10189593954091311,0.16806883402057513,0.10686434824105202]",1.2619535336005308,0.008006781339645386,"[-2.980232227667301e-09,0.18377909377398255,0.2969947399460587,null,0.09194004436727249,0.13251492495945244,0.581970733326014,1.1398680134290629,1.4108363841266012,0.8279576541923077,0.6925259168554765,0.8077895039958471,0.798302869802104,0.9416660605641851,1.6272620104336581,2.688083272373718,2.612718410966953,2.111470533372601,1.7566819778483491,1.744588517825459,1.934640193744518]","[null,1.0440605314742556e-13,1.0441967674886932e-13,1.0475478175284874e-13,1.0417142006367566e-13,1.0551993478521959e-13,1.0475478175292265e-13,1.0475478175292265e-13,1.0475478175292265e-13,1.0475478175292265e-13,1.0475478175292265e-13,1.0475478175292265e-13,1.0475478175292265e-13,1.0475478175292265e-13,1.0475478175292265e-13,1.0475478175292265e-13,1.0475478175292265e-13,1.0475478175292265e-13,1.0475478175292265e-13,1.0475478175292265e-13,1.8641469338218563e-14]"
12.499999999999972,sqp_rti,0,"[0.052647458653961136,0.6301180993329486,0.08957478893720543]",1.2732276639941091,0.007903218269348145,"[-2.980232227667301e-09,0.19388710611266263,null,0.16715680980203446,0.1275744457549955,0.17610144067499506,1.3223771018496364,0.9293507182731744,1.5856073801554575,0.605962187557936,0.7048968273973057,0.74419630427601,0.8070371813529051,1.0761157405701904,2.180013986631427,2.8534577911554466,2.4231703840611916,1.8955613648077694,1.7462378961873604,1.807957075341221,2.287577341010878]","[null,1.0489537954699046e-15,1.0556896123864199e-15,1.0480040783319557e-15,1.0478572396498153e-15,1.06020287842595e-15,1.0556896123862684e-15,1.0556896123862684e-15,1.0556896123862684e-15,1.0556896123862684e-15,1.0556896123862684e-15,1.0556896123862684e-15,1.0556896123862684e-15,1.0556896123862684e-15,1.0556896123862684e-15,1.0556896123862684e-15,1.0556896123862684e-15,1.0556896123862684e-15,1.0556896123862684e-15,1.0556896123862684e-15,1.4708732318193858e-16]"
12.599999999999971,sqp_rti,0,"[0.09431144317072965,0.7551708226111282,0.0944013651156688]",1.27888337967754,0.007713750004768372,"[-2.980232227667301e-09,6.8763435197016776e-06,0.19712521803770572,0.11089844421935241,0.15543433749793395,0.2995411050685675,0.8583626185369482,1.0161552583525626,0.7861188710914078,0.5583944164915644,0.6704744050810827,0.6946231968975682,0.8204909316421884,1.4181504465937038,2.56778775100143,2.4971674469363565,2.009431512816808,1.694374651888588,1.6972805681562189,1.8751808739951048,2.6775902605354505]","[null,3.509482382214248e-14,3.484083859282616e-14,3.468008373038049e-14,3.474619475350509e-14,3.476575113206241e-14,3.4891665692437654e-14,3.4891665692437654e-14,3.4891665692437654e-14,3.4891665692437654e-14,3.4891665692437654e-14,3.4891665692437654e-14,3.4891665692437654e-14,3.4891665692437654e-14,3.4891665692437654e-14,3.4891665692437654e-14,3.4891665692437654e-14,3.4891665692437654e-14,3.4891665692437654e-14,3.4891665692437654e-14,7.908105567816935e-15]"
12.69999999999997,sqp_rti,0,"[0.05091485363220578,0.5463713509530365,0.09162968714462766]",1.287965070237105,0.0079227015376091,"[-2.980232227667301e-09,0.15331611764932235,0.03503423211126916,0.1541125830214199,0.006596151067026768,0.23849873393185989,0.7568831173538235,1.5034604527417457,0.5475237066371317,0.5664761671143175,0.6263647193071715,0.706173208388998,0.9246608473690283,1.9642489703560642,2.724000181382789,2.1353221468912382,1.7935990639971038,1.6775173680467865,1.7310685659174474,2.177785802151189,3.103364703498735]","[null,4.602539755112304e-17,4.5929363480023256e-17,4.5950541902124083e-17,4.598134184949836e-17,4.600127666277534e-17,4.6009600650371054e-17,4.6009600650371054e-17,4.6009600650371054e-17,4.6009600650371054e-17,4.6009600650371054e-17,4.6009600650371054e-17,4.6009600650371054e-17,4.6009600650371054e-17,4.6009600650371054e-17,4.6009600650371054e-17,4.6009600650371054e-17,4.6009600650371054e-17,4.6009600650371054e-17,4.6009600650371054e-17,8.336891973934518e-18]"
12.79999999999997,sqp_rti,0,"[0.13138173387681448,0.6574653962511021,0.10660341253891321]",1.294547972326264,0.00816383957862854,"[-2.980232227667301e-09,0.00012659183237373473,0.09804780247420447,9.143503096054051e-06,0.11079777082368097,0.37166196664149426,0.6298167692681746,1.3513623481456107,0.4964648406381407,0.5747418824319961,0.6178722138813686,0.7292992946856793,1.1535833650130385,2.3892419510036484,2.4432278817103397,1.9780187438080759,1.6491947750129838,1.6453715441106886,1.787896326371629,2.550791280869835,3.168516409924659]","[null,1.992414980722638e-15,1.9883941142317023e-15,1.9953148557739447e-15,1.989268987280784e-15,1.9897329004311034e-15,1.9898959460707353e-15,1.9898959460707353e-15,1.9898959460707353e-15,1.9898959460707353e-15,1.9898959460707353e-15,1.9898959460707353e-15,1.9898959460707353e-15,1.9898959460707353e-15,1.9898959460707353e-15,1.9898959460707353e-15,1.9898959460707353e-15,1.9898959460707353e-15,1.9898959460707353e-15,1.9898959460707353e-15,3.036179182981284e-16]"
12.89999999999997,sqp_rti,0,"[0.0671875492858715,0.38938850958189586,0.10825127270211801]",1.307850673988129,0.009106837213039398,"[-2.980232227667301e-09,0.14368084378383622,null,0.20872903876332743,0.0481297526031817,0.08842393355792738,0.8240850467548462,0.49405220559906554,0.49072924336309925,0.552867184795107,0.6339370752018263,0.8056481765780166,1.7192486495372463,2.672897334607197,2.100345085901819,1.767744767789133,1.6513759495564553,1.6978238152724783,2.081568819930351,3.03844672240868,3.0945023288894875]","[null,3.069279748965914e-13,3.077282259527751e-13,3.071634390663255e-13,3.0682762728449484e-13,3.0723755584926483e-13,3.0772822595280567e-13,3.0772822595280567e-13,3.0772822595280567e-13,3.0772822595280567e-13,3.0772822595280567e-13,3.0772822595280567e-13,3.0772822595280567e-13,3.0772822595280567e-13,3.0772822595280567e-13,3.0772822595280567e-13,3.0772822595280567e-13,3.0772822595280567e-13,3.0772822595280567e-13,3.0772822595280567e-13,5.2076410230318234e-14]"
12.99999999999997,sqp_rti,0,"[0.12417032261604764,0.15685656301557024,0.11238795230524455]",1.314965684367182,0.009816866368055344,"[-2.980232227667301e-09,-8.257385858412292e-09,0.6609477212253949,0.007097992324140823,0.1844883865908294,0.3099815282276824,0.43228872694285486,0.4652087986027958,0.49001362622202366,0.5193610042599885,0.6188592544978249,1.0809023213713587,2.1935744222759217,2.0580878724392138,1.6986173071449968,1.4974343042627172,1.5249881970702386,1.642046179959414,2.337267645858117,2.9608724497585888,2.3966038919030384]","[null,1.6452826401492163e-16,1.6415727311093963e-16,1.6491139205026556e-16,1.640290343333942e-16,1.6461168926531552e-16,1.6452826263324122e-16,1.6452826263324122e-16,1.6452826263324122e-16,1.6452826263324122e-16,1.6452826263324122e-16,1.6452826263324122e-16,1.6452826263324122e-16,1.6452826263324122e-16,1.6452826263324122e-16,1.6452826263324122e-16,1.6452826263324122e-16,1.6452826263324122e-16,1.6452826263324122e-16,1.6452826263324122e-16,2.444893646532888e-17]"
13.09999999999997,sqp_rti,0,"[0.06195225848815416,1.1128882657551944,0.09995997987018153]",1.3260635725772905,0.005735357291996479,"[-2.980232227667301e-09,0.5735360274424977,0.020709493108312327,0.18306111951395893,0.07994491231985529,0.1789106821828071,0.3732236843198223,0.49361435858541186,0.5208912315726788,0.5985864709891018,0.7824640352768497,1.7340126881436688,2.465222546519084,1.889870248642478,1.648024654934855,1.559173678562544,1.6087587492072586,1.9362900435281876,2.863259812899135,2.9592677200256263,1.927858270593451]","[null,2.129300777720636e-17,2.1269414508011667e-17,2.1214587390227408e-17,2.124198898333654e-17,2.1377341262257173e-17,2.136563711154141e-17,2.136563711154141e-17,2.136563711154141e-17,2.136563711154141e-17,2.136563711154141e-17,2.136563711154141e-17,2.136563711154141e-17,2.136563711154141e-17,2.136563711154141e-17,2.136563711154141e-17,2.136563711154141e-17,2.136563711154141e-17,2.136563711154141e-17,2.136563711154141e-17,3.601681152685125e-18]"
13.199999999999969,sqp_rti,0,"[0.10033154404731909,0.5380697868960581,0.11132180206872029]",1.333345372447713,0.011936482042074203,"[-2.980232227667301e-09,null,0.03994830584708692,0.0005851745499814709,0.07150100183889291,0.25794023549455575,0.3076954355183766,0.4142519008109254,0.48362907819121653,0.619180556237281,0.9707409580101085,2.1060105072168342,2.2191091970707335,1.8364092149750817,1.534724815351354,1.5324289800764646,1.6403708470033675,2.233722262321888,3.002141074568484,2.513751460614995,1.5852367078958032]","[null,3.0453097497340125e-17,3.040299023517454e-17,3.0869600241374595e-17,3.0403434305374874e-17,3.044362646980159e-17,3.0453097497340125e-17,3.0453097497340125e-17,3.0453097497340125e-17,3.0453097497340125e-17,3.0453097497340125e-17,3.0453097497340125e-17,3.0453097497340125e-17,3.0453097497340125e-17,3.0453097497340125e-17,3.0453097497340125e-17,3.0453097497340125e-17,3.0453097497340125e-17,3.0453097497340125e-17,3.0453097497340125e-17,3.7898268015926866e-18]"
13.299999999999969,sqp_rti,0,"[0.10703512057076549,0.22524912315955753,0.12980053667960093]",1.344943760521077,0.014909334480762482,"[-2.980232227667301e-09,0.001268551640765142,-1.0234542296982951e-08,0.07374912641017578,0.3751639359848696,0.13892072703343744,0.2347702595226842,0.3692667186126107,0.5287831030699273,0.7108176780107545,1.4231648997690136,2.011234990695878,1.954521346829918,1.5569744171787014,1.4403928564989485,1.4929101861744456,1.6954583783058375,2.5321931936885287,2.80338717647905,1.9725227592098136,1.4338743232979307]","[null,3.596777158562706e-17,3.59314187339819e-17,3.578567511606168e-17,3.580903807182462e-17,3.591893392161708e-17,3.59311425102591e-17,3.59311425102591e-17,3.59311425102591e-17,3.59311425102591e-17,3.59311425102591e-17,3.59311425102591e-17,3.59311425102591e-17,3.59311425102591e-17,3.59311425102591e-17,3.59311425102591e-17,3.59311425102591e-17,3.59311425102591e-17,3.59311425102591e-17,3.59311425102591e-17,6.0486812243716945e-18]"
13.399999999999968,sqp_rti,0,"[0.1675509862404609,-0.07577115378233135,0.15329319228866667]",1.357544288469554,0.015861745923757553,"[-2.980232227667301e-09,0.00045615441391538836,0.028664420675801938,0.17657608931547913,0.09352594397858277,0.16113446449257723,0.2816357708342004,0.3941013386684061,0.5483135862314075,1.001976453773726,2.0191673673644006,2.0463908300402993,1.6674423953662767,1.4447966240001306,1.467507729337403,1.5964875020944989,2.0573001183118516,2.9730370207863475,2.394823178626848,1.4174662414471875,1.2678597407813899]","[null,1.421353817487323e-12,1.4082934749648725e-12,1.413854773744909e-12,1.4084524921818422e-12,1.4170028745979653e-12,1.414237904831427e-12,1.414237904831427e-12,1.414237904831427e-12,1.414237904831427e-12,1.414237904831427e-12,1.414237904831427e-12,1.414237904831427e-12,1.414237904831427e-12,1.414237904831427e-12,1.414237904831427e-12,1.414237904831427e-12,1.414237904831427e-12,1.414237904831427e-12,1.414237904831427e-12,3.5140348204642315e-13]"
13.499999999999968,sqp_rti,0,"[0.14003243758571074,-1.1999999953353961,0.14004491887952888]",1.3721540079557082,0.01567178964614868,"[-2.980232227667301e-09,0.002627778544182058,0.056196497233611364,0.04643914687881329,0.10854054706262933,0.18116631100457498,0.3753018629340133,0.5554362516274771,0.9226691883564235,1.6004921944262012,1.9396351879288936,1.6490342443181099,1.40033860711772,1.4033150458915296,1.4824629273260637,1.7024021859125298,2.4741363371709655,2.7134731359023307,1.7511089637425854,1.4059181656167172,1.3696807811936285]","[null,7.273478421118319e-13,7.273040159313878e-13,7.271125331882132e-13,7.273027664976895e-13,7.277325875233925e-13,7.273737809445524e-13,7.273737809445524e-13,7.273737809445524e-13,7.273737809445524e-13,7.273737809445524e-13,7.273737809445524e-13,7.273737809445524e-13,7.273737809445524e-13,7.273737809445524e-13,7.273737809445524e-13,7.273737809445524e-13,7.273737809445524e-13,7.273737809445524e-13,7.273737809445524e-13,7.637820987452843e-14]"
13.599999999999968,sqp_rti,0,"[0.17747189246632222,-0.8707195018441918,0.15327406454167133]",1.3868267969000279,0.01025101263076067,"[-2.980232227667301e-09,-8.494341674492034e-09,0.002652002767495276,0.07895063622867476,0.17649052522564795,0.2416135243804554,0.43469150310303456,0.6722165700261014,1.5649916311956218,2.0949854505755257,1.7318342395048674,1.5004827884118057,1.4119504720895646,1.4666640988785715,1.6872578600174257,2.0837750198386216,2.969763533701479,1.9644686897070442,1.3556380793701404,1.3092500618934728,1.380639342653972]","[null,6.346353837154511e-11,6.33393031197949e-11,6.330333804238293e-11,6.336640773411279e-11,6.340514999894252e-11,6.34634107967139e-11,6.34634107967139e-11,6.34634107967139e-11,6.34634107967139e-11,6.34634107967139e-11,6.34634107967139e-11,6.34634107967139e-11,6.34634107967139e-11,6.34634107967139e-11,6.34634107967139e-11,6.34634107967139e-11,6.34634107967139e-11,6.34634107967139e-11,6.34634107967139e-11,1.0666799276227955e-11]"
13.699999999999967,sqp_rti,0,"[0.12846331279390608,-1.1999999844487408,0.12863414850267707]",1.401801656883845,0.013595044612884521,"[-2.980232227667301e-09,0.013535394943742063,0.08784483455741104,0.2309912039335849,0.34169972782413965,0.3639115454549032,0.6143828368552426,1.1513267403564782,1.6853909679918713,1.843979619753539,1.5401760500588384,1.3293556703321068,1.371677064896638,1.4642407384253973,1.6779007028744528,2.2697516524132455,2.3209802713964196,1.5373915490063907,1.3429312642179452,1.3514365920852958,1.4474878046686832]","[null,7.887669147413928e-13,7.906723099984633e-13,7.896519949851246e-13,7.889536177092469e-13,7.897019499926156e-13,7.918235427583235e-13,7.918235427583235e-13,7.918235427583235e-13,7.918235427583235e-13,7.918235427583235e-13,7.918235427583235e-13,7.918235427583235e-13,7.918235427583235e-13,7.918235427583235e-13,7.918235427583235e-13,7.918235427583235e-13,7.918235427583235e-13,7.918235427583235e-13,7.918235427583235e-13,9.976102843726034e-14]"
13.799999999999967,sqp_rti,0,"[0.14441200925075032,-0.8573161506272824,0.12309955971316647]",1.414030854752576,0.014010578393936157,"[-2.980232227667301e-09,0.013303501160851827,0.07690004171985337,0.16308764205113208,0.23051899038441698,0.30166524694893254,0.6350492878967777,1.666162702328777,2.136915933624249,1.7096646645095006,1.4048782162987556,1.394664728095347,1.4547120787438261,1.7292028269723765,2.217652695182305,2.9779728231399885,1.7194741940568334,1.223209648064392,1.231510308885056,1.2796187609526075,1.536926361079108]","[null,3.888861930162344e-12,3.912834864817741e-12,3.9070255266029246e-12,3.8978261356641275e-12,3.900752891152023e-12,3.9139427038878076e-12,3.9139427038878076e-12,3.9139427038878076e-12,3.9139427038878076e-12,3.9139427038878076e-12,3.9139427038878076e-12,3.9139427038878076e-12,3.9139427038878076e-12,3.9139427038878076e-12,3.9139427038878076e-12,3.9139427038878076e-12,3.9139427038878076e-12,3.9139427038878076e-12,3.9139427038878076e-12,7.692821129954211e-13]"
13.899999999999967,sqp_rti,0,"[0.1080137596410712,-1.1999999726483517,0.10880813962659613]",1.427039910775787,0.01502399891614914,"[-2.980232227667301e-09,0.059225172522956726,0.1940662354379395,0.23427892980272774,0.2316373373107357,0.2291216551104343,0.6869878564822869,1.54615190135613,1.712664759901373,1.4042824190384635,1.239234708009853,1.2816269383820424,1.3698027785879023,1.6218053908882302,2.1719981515838684,2.266040504373504,1.3309441549992733,1.2070565524485806,1.2410876219254632,1.3121661099336517,1.746571437142063]","[null,4.1286952147944476e-17,4.141602603757506e-17,4.1308369951035574e-17,4.128713801478188e-17,4.1398366067539175e-17,4.1512816815962975e-17,4.1512816815962975e-17,4.1512816815962975e-17,4.1512816815962975e-17,4.1512816815962975e-17,4.1512816815962975e-17,4.1512816815962975e-17,4.1512816815962975e-17,4.1512816815962975e-17,4.1512816815962975e-17,4.1512816815962975e-17,4.1512816815962975e-17,4.1512816815962975e-17,4.1512816815962975e-17,5.37275060376872e-18]"
13.999999999999966,sqp_rti,0,"[0.13188457593408978,-0.5472330027428075,0.10972943104445261]",1.437872647534295,0.016626982018351555,"[-2.980232227667301e-09,0.01539000801999274,0.06785324084738292,0.13615414331254977,0.1943160749949276,0.2639280419525554,1.0113112366767296,2.058687689325205,1.6381081273855045,1.3052556899608347,1.3264797460175337,1.3766251494834474,1.598896977057774,2.239603854699582,2.808383724605844,1.6742406307878965,1.1099139465438925,1.1076651840163494,1.13855424863108,1.39613166084644,2.0445780885279676]","[null,4.580968599898684e-11,4.574424162418064e-11,4.578096004482487e-11,4.5769680800273555e-11,4.591678821971568e-11,4.580815145684143e-11,4.580815145684143e-11,4.580815145684143e-11,4.580815145684143e-11,4.580815145684143e-11,4.580815145684143e-11,4.580815145684143e-11,4.580815145684143e-11,4.580815145684143e-11,4.580815145684143e-11,4.580815145684143e-11,4.580815145684143e-11,4.580815145684143e-11,4.580815145684143e-11,5.036187734861114e-12]"
14.099999999999966,sqp_rti,0,"[0.11469631024167692,-1.0823985940389866,0.11120764107124526]",1.4508731807136126,0.014140285551548004,"[-2.980232227667301e-09,0.09320678720761216,0.2407569636462455,0.25070744456507016,0.2892221055003262,0.3800749463733702,1.0637944127536112,1.3286838326052341,1.1311162396111774,1.0600294941750803,1.120719266945535,1.18226493197906,1.3475249355549994,1.8493316315094546,1.9245327587059478,1.1590868398610998,1.0985103563567769,1.1167927011442644,1.1554085985207518,1.5112476502187675,2.50524396162258]","[null,8.090989595139019e-14,8.076837887153781e-14,8.073589547753497e-14,8.014622695174968e-14,8.214650034919584e-14,8.126806059979105e-14,8.126806059979105e-14,8.126806059979105e-14,8.126806059979105e-14,8.126806059979105e-14,8.126806059979105e-14,8.126806059979105e-14,8.126806059979105e-14,8.126806059979105e-14,8.126806059979105e-14,8.126806059979105e-14,8.126806059979105e-14,8.126806059979105e-14,8.126806059979105e-14,1.6031462981982875e-14]"
14.199999999999966,sqp_rti,0,"[0.11200554379593333,-0.6727092488599671,0.10889200926594367]",1.4602308499518517,0.01632390171289444,"[-2.980232227667301e-09,0.04772276832291916,0.10674816700325024,0.18785460094289325,0.31981039743329803,0.8384862367846473,1.7637491564050805,1.2589244596105658,1.1339489502341003,1.1946971563327782,1.2484999275471906,1.450042944827392,2.247515382783985,2.4768006872363317,1.4736160229703656,0.9793024538800903,0.9646877447992821,0.9850763769494761,1.1661339469499736,1.7279408762259478,2.5525638964328126]","[null,2.804167391909416e-17,2.8025240096565896e-17,2.804409200817916e-17,2.803327571488388e-17,2.806631956857074e-17,2.807963384711166e-17,2.807963384711166e-17,2.807963384711166e-17,2.807963384711166e-17,2.807963384711166e-17,2.807963384711166e-17,2.807963384711166e-17,2.807963384711166e-17,2.807963384711166e-17,2.807963384711166e-17,2.807963384711166e-17,2.807963384711166e-17,2.807963384711166e-17,2.807963384711166e-17,3.608213505614638e-18]"
14.299999999999965,sqp_rti,0,"[0.08467775762456567,-0.3127217908672721,0.0844634994831157]",1.4705602289967339,0.017764098942279816,"[-2.980232227667301e-09,0.03920117929829098,0.11654184276005425,0.1679785410785078,0.28252684410763235,0.5495711846434908,0.8854044687950668,0.7715032713070624,0.8342301489279997,0.8987168973427997,0.9421835740826767,1.0746606073308784,1.676482306850663,2.05036145584008,0.9907209353639537,0.897762744991321,0.9224108866738632,0.9344269784921193,1.0050799437188729,1.3568799453437819,2.097714685727934]","[null,1.637351673571683e-16,1.6215787333367633e-16,1.6213245599656925e-16,1.661510594257183e-16,1.6237407167179778e-16,1.6407355368080888e-16,1.6407355368080888e-16,1.6407355368080888e-16,1.6407355368080888e-16,1.6407355368080888e-16,1.6407355368080888e-16,1.6407355368080888e-16,1.6407355368080888e-16,1.6407355368080888e-16,1.6407355368080888e-16,1.6407355368080888e-16,1.6407355368080888e-16,1.6407355368080888e-16,1.6407355368080888e-16,3.5154507792144545e-17]"
14.399999999999965,sqp_rti,0,"[0.08121704057275375,-0.23196617944979103,0.10805198418369566]",1.473177311942914,0.0182594396173954,"[-2.980232227667301e-09,0.0028834822689091655,0.019438882516456257,0.05750560233836827,0.10280573263932241,0.2255652449943149,0.6139896910999105,0.5866385188776106,0.6834239124825909,0.7505281509423949,0.7967261882964274,0.9356260531085538,1.5456782029303369,1.8957046722197972,0.9463470609637141,0.8413073699503248,0.8771885454306634,0.9044366605192129,0.9818450559505656,1.3410407234861281,2.096933109450629]","[null,3.2167751368517834e-15,3.2460863239134282e-15,3.1929215343220927e-15,3.236101548893566e-15,3.229492598336323e-15,3.2077169274124216e-15,3.2077169274124216e-15,3.2077169274124216e-15,3.2077169274124216e-15,3.2077169274124216e-15,3.2077169274124216e-15,3.2077169274124216e-15,3.2077169274124216e-15,3.2077169274124216e-15,3.2077169274124216e-15,3.2077169274124216e-15,3.2077169274124216e-15,3.2077169274124216e-15,3.2077169274124216e-15,1.0499915028740893e-15]"
14.499999999999964,sqp_rti,0,"[0.11581954938766298,-0.5319224847079822,0.10693606417740513]",1.48622703858888,0.0185701847076416,"[-2.980232227667301e-09,0.0028975611600227658,0.03422438518744536,0.07207307415548031,0.15955640913114683,0.2689751648171182,0.4484684289707859,0.5394605147543705,0.6377544499402557,0.7014475533270488,0.742783707537457,0.8442611902983124,1.4726987558014428,1.6306015670421032,0.8437730252979214,0.8492399526517216,0.8856408712990749,0.908963638562956,0.9644753990523707,1.2950831702914172,2.019613523386991]","[null,4.386751918443469e-17,4.3728045248761744e-17,4.347784535420492e-17,4.333575130484497e-17,4.337068358117413e-17,4.358945122452165e-17,4.358945122452165e-17,4.358945122452165e-17,4.358945122452165e-17,4.358945122452165e-17,4.358945122452165e-17,4.358945122452165e-17,4.358945122452165e-17,4.358945122452165e-17,4.358945122452165e-17,4.358945122452165e-17,4.358945122452165e-17,4.358945122452165e-17,4.358945122452165e-17,8.414407669759778e-18]"
14.599999999999964,sqp_rti,0,"[0.11175440766239716,-0.22397066557805356,0.1333183824598347]",1.4944028786148955,0.020751167088747025,"[-2.980232227667301e-09,0.008242354346616632,0.03680823521687843,0.22450625327368173,0.4279117399160846,0.4528098771421341,0.4857827257608019,0.5768214826890403,0.6489466073517682,0.7087475514842019,0.7964121499096348,1.2665852414378918,1.784480319082369,1.3414873315788725,0.7687526593403404,0.7769734959604786,0.8109601898140963,0.8384881387632708,0.9256824124600846,1.2732455383947865,2.0010429555664304]","[null,2.1354033613024316e-13,2.137599991529624e-13,2.1362151588532508e-13,2.1334460440792677e-13,2.140400563690674e-13,2.143187501063054e-13,2.143187501063054e-13,2.143187501063054e-13,2.143187501063054e-13,2.143187501063054e-13,2.143187501063054e-13,2.143187501063054e-13,2.143187501063054e-13,2.143187501063054e-13,2.143187501063054e-13,2.143187501063054e-13,2.143187501063054e-13,2.143187501063054e-13,2.143187501063054e-13,3.032476261333137e-14]"
14.699999999999964,sqp_rti,0,"[0.11781041740088344,-0.22672583927701723,0.12937663669383795]",1.5051728947930982,0.02147095464169979,"[-2.980232227667301e-09,0.005689539657880938,0.0716698217443959,0.18094379146615475,0.26355058116220215,0.3652268502018579,0.4652306894123502,0.5414077255882705,0.5989905732919414,0.6524347693575254,0.7999817968053786,1.3755349637085217,1.5092288277004904,0.7496910186342223,0.7502065162935263,0.7890347431756755,0.8184972805109811,0.83558906007946,0.9020626619268632,1.2153299244311568,1.860170579769641]","[null,1.4741175502031926e-11,1.468030588356379e-11,1.4672085671077137e-11,1.483730680907293e-11,1.467346751118862e-11,1.4728798111291143e-11,1.4728798111291143e-11,1.4728798111291143e-11,1.4728798111291143e-11,1.4728798111291143e-11,1.4728798111291143e-11,1.4728798111291143e-11,1.4728798111291143e-11,1.4728798111291143e-11,1.4728798111291143e-11,1.4728798111291143e-11,1.4728798111291143e-11,1.4728798111291143e-11,1.4728798111291143e-11,2.3868606956552284e-12]"
14.799999999999963,sqp_rti,0,"[0.12346338316198784,-0.08430262155375345,0.12783169646321915]",1.5177079432483838,0.02245076559484005,"[-2.980232227667301e-09,0.004527688164801147,0.05552529612529328,0.10847620690422471,0.1521287569847825,0.20449211871021628,0.2851107863000409,0.3438922675153811,0.38786058968331344,0.4296620201398336,0.6471120831760906,1.2498869355756816,1.1572703018266572,0.6515608931155519,0.673173963004986,0.7231862873222503,0.7594937020133627,0.7826694210230378,0.8683566733832009,1.1939484452957714,1.8798558391147935]","[null,2.9016850704084257e-12,2.883387765614924e-12,2.9307462180768117e-12,2.8944710248554834e-12,2.891420286335356e-12,2.9069850985855477e-12,2.9069850985855477e-12,2.9069850985855477e-12,2.9069850985855477e-12,2.9069850985855477e-12,2.9069850985855477e-12,2.9069850985855477e-12,2.9069850985855477e-12,2.9069850985855477e-12,2.9069850985855477e-12,2.9069850985855477e-12,2.9069850985855477e-12,2.9069850985855477e-12,2.9069850985855477e-12,7.651853627717382e-13]"
14.899999999999963,sqp_rti,0,"[0.14278565025040038,-0.090643076401987,0.12497575645396869]",1.532885011448545,0.022646544501185417,"[-2.980232227667301e-09,0.0033398864225999136,0.03544047021315838,0.09232294151321502,0.15846307089509787,0.2219919829672204,0.28812327159376744,0.3390967896888533,0.3792789062852336,0.4499358672939369,0.8369878066511702,1.2742258885390825,0.6985979539293161,0.6204811836545268,0.6752528550062535,0.7199847953006244,0.7495971023107593,0.7655953782635858,0.8473104218395509,1.1583161855648398,1.8151503032218101]","[null,1.372509051885358e-15,1.3959432926840856e-15,1.3644254811812577e-15,1.3620408283109101e-15,1.3726190667690987e-15,1.3743198118901753e-15,1.3743198118901753e-15,1.3743198118901753e-15,1.3743198118901753e-15,1.3743198118901753e-15,1.3743198118901753e-15,1.3743198118901753e-15,1.3743198118901753e-15,1.3743198118901753e-15,1.3743198118901753e-15,1.3743198118901753e-15,1.3743198118901753e-15,1.3743198118901753e-15,1.3743198118901753e-15,2.279973022149008e-16]"
14.999999999999963,sqp_rti,0,"[0.13481949054603837,-0.09535266142353217,0.13206559009891367]",1.5437021474479782,0.022946547716856003,"[-2.980232227667301e-09,0.0037700279786623825,0.03936765966706518,0.0951991670564743,0.15171392462205163,0.2006189525762901,0.24003211789471451,0.2728766806617278,0.31334425237999747,0.5443520584559252,1.0426085342290967,0.8143207314936987,0.535161560799186,0.5864827525157199,0.6417415911958828,0.6829540097672859,0.7068380567167576,0.7235063423066126,0.8167943964003797,1.1304384214682812,1.8731492176951974]","[null,1.2074965629427019e-14,1.2032483406576097e-14,1.2010398291793169e-14,1.2011631973350865e-14,1.2063978507867923e-14,1.2056991288801163e-14,1.2056991288801163e-14,1.2056991288801163e-14,1.2056991288801163e-14,1.2056991288801163e-14,1.2056991288801163e-14,1.2056991288801163e-14,1.2056991288801163e-14,1.2056991288801163e-14,1.2056991288801163e-14,1.2056991288801163e-14,1.2056991288801163e-14,1.2056991288801163e-14,1.2056991288801163e-14,2.339359698092993e-15]"
15.099999999999962,sqp_rti,0,"[0.1320317982447243,-0.07784762305297269,0.12672162175383414]",1.5565719634915396,0.023428378626704216,"[-2.980232227667301e-09,0.0009752128578186525,0.01719792847495799,0.04720925711878882,0.07874227603650558,0.10610931278919794,0.12837946344022183,0.14770417400617825,0.22020417858597768,0.5934589587292975,0.7678647908727612,0.47106907126266934,0.4786567144306451,0.5493005176873742,0.6061720153241674,0.6444447252483758,0.6617243868824516,0.6802829203647753,0.7758111923999358,1.0876678667522952,2.0941201766023996]","[null,2.5395215090262305e-17,2.5332393113000067e-17,2.5256548284478162e-17,2.526901156017034e-17,2.532517988035824e-17,2.5326246214718635e-17,2.5326246214718635e-17,2.5326246214718635e-17,2.5326246214718635e-17,2.5326246214718635e-17,2.5326246214718635e-17,2.5326246214718635e-17,2.5326246214718635e-17,2.5326246214718635e-17,2.5326246214718635e-17,2.5326246214718635e-17,2.5326246214718635e-17,2.5326246214718635e-17,2.5326246214718635e-17,4.1591626480125965e-18]"
15.199999999999962,sqp_rti,0,"[0.12940508571296977,0.2056178431498258,0.12184197422459887]",1.5691969531714283,0.023853052407503128,"[-2.980232227667301e-09,0.0001548608686928743,0.005958742395751282,0.01983182090966845,0.03534801942887783,0.04893867256458756,0.06041189695755894,0.08667392443468885,0.26180378868661763,0.5751849067129313,0.4161207590261505,0.3855444833214337,0.4672398087406993,0.5380134637110305,0.5898744366852096,0.6194929572308971,0.6289672644496498,0.6589064525418353,0.775728029636835,1.567702180470573,1.6803815510352809]","[null,1.1699276712130205e-17,1.1697718353989843e-17,1.1691473190448269e-17,1.1693655732192423e-17,1.169198187736869e-17,1.1694016624772695e-17,1.1694016624772695e-17,1.1694016624772695e-17,1.1694016624772695e-17,1.1694016624772695e-17,1.1694016624772695e-17,1.1694016624772695e-17,1.1694016624772695e-17,1.1694016624772695e-17,1.1694016624772695e-17,1.1694016624772695e-17,1.1694016624772695e-17,1.1694016624772695e-17,1.1694016624772695e-17,1.276001041868145e-18]"
15.299999999999962,sqp_rti,0,"[0.1292189957633286,-0.04246749858371396,0.11782375172574334]",1.5816350628598683,0.022385837510228157,"[-2.980232227667301e-09,2.0028110273850874e-05,0.00316825930183956,0.01855354642360557,0.0476396507517059,0.08828651484759825,0.1514491343344993,0.25917180643324117,1.0254689437583806,0.6202019792122229,0.5070226896140049,0.5630739032004637,0.6190242611345809,0.6724197730979344,0.7097398083315907,0.749473097161921,0.8256241107861004,1.1414693332345365,1.7405189487793897,1.9925428723400465,1.1466448825891262]","[null,3.213893885582696e-13,3.2082132154763807e-13,3.1908269121560643e-13,3.178325955896264e-13,3.194168638877972e-13,3.19348112617613e-13,3.19348112617613e-13,3.19348112617613e-13,3.19348112617613e-13,3.19348112617613e-13,3.19348112617613e-13,3.19348112617613e-13,3.19348112617613e-13,3.19348112617613e-13,3.19348112617613e-13,3.19348112617613e-13,3.19348112617613e-13,3.19348112617613e-13,3.19348112617613e-13,7.36122130700972e-14]"
15.399999999999961,sqp_rti,0,"[0.12921306290666648,0.19733431652042333,0.11616534938713809]",1.5943210396249319,0.022440383210778236,"[-2.980232227667301e-09,3.486959708476345e-07,0.00013130208444739333,0.0008656847058970407,0.0018716054649582925,0.00419666243982425,0.017184643587365767,0.1593811444540812,0.2508052123553995,0.23446903280214998,0.330899848792831,0.4275062503606247,0.5069322773881939,0.5637082014076877,0.596128657921702,0.6035077813142375,0.6227048098856602,0.7266932385469616,1.3046335974433958,1.9939707915107874,2.18332967410051]","[null,1.246839707212024e-15,1.2502687584029952e-15,1.2478539903438527e-15,1.2465115420543969e-15,1.2562861933784708e-15,1.2466939574834231e-15,1.2466939574834231e-15,1.2466939574834231e-15,1.2466939574834231e-15,1.2466939574834231e-15,1.2466939574834231e-15,1.2466939574834231e-15,1.2466939574834231e-15,1.2466939574834231e-15,1.2466939574834231e-15,1.2466939574834231e-15,1.2466939574834231e-15,1.2466939574834231e-15,1.2466939574834231e-15,2.196038308946203e-16]"
15.499999999999961,sqp_rti,0,"[0.12772563449580135,-0.002676648358734657,0.11630639985345628]",1.6060926518955294,0.020778203383088112,"[-2.980232227667301e-09,3.495392641994499e-09,4.180304545670088e-05,0.0008993622849757799,0.008356424220024306,0.05822201305120772,0.44506344968480677,0.5693495827495638,0.40091132515705113,0.4653896159449385,0.5230961370791245,0.5763115438458779,0.6233772269282862,0.651353007123636,0.690146849936691,0.877532281807899,1.4533783155508757,1.975073890651896,2.216553761539232,1.4137986399506104,0.7999620403921177]","[null,2.024783044043888e-14,2.0332360894332648e-14,2.0447551263869703e-14,2.0096149036379504e-14,2.0209166620311024e-14,2.0247763163331663e-14,2.0247763163331663e-14,2.0247763163331663e-14,2.0247763163331663e-14,2.0247763163331663e-14,2.0247763163331663e-14,2.0247763163331663e-14,2.0247763163331663e-14,2.0247763163331663e-14,2.0247763163331663e-14,2.0247763163331663e-14,2.0247763163331663e-14,2.0247763163331663e-14,2.0247763163331663e-14,4.313451076864259e-15]"
15.59999999999996,sqp_rti,0,"[0.1325324173116903,0.07364434541660918,0.11212707676075968]",1.6194849560662932,0.020342634990811348,"[-2.980232227667301e-09,-2.9802311729554276e-09,-2.617961930573287e-09,1.3937973500355305e-07,0.0005156180269125232,0.05284352213560056,0.16875567179916545,0.19679744800327442,0.29962229136449353,0.39333722447781555,0.47074791508879416,0.5292321673954656,0.5669884705112096,0.5840389961356205,0.6081396489101081,0.708947512991078,1.0024608100998307,2.1042284888602696,1.8428685256419477,1.2939688015640314,0.7185752654028199]","[null,1.3890309406282645e-14,1.3890309409739244e-14,1.389111336289563e-14,1.3906966866273017e-14,1.3848952960894907e-14,1.3890309406546188e-14,1.3890309406546188e-14,1.3890309406546188e-14,1.3890309406546188e-14,1.3890309406546188e-14,1.3890309406546188e-14,1.3890309406546188e-14,1.3890309406546188e-14,1.3890309406546188e-14,1.3890309406546188e-14,1.3890309406546188e-14,1.3890309406546188e-14,1.3890309406546188e-14,1.3890309406546188e-14,2.1292858592970795e-15]"
15.69999999999996,sqp_rti,0,"[0.13025041800684187,0.06076469595859078,0.1266487702511074]",1.6295423528106268,0.019334934651851654,"[-2.980232227667301e-09,-2.980204277802656e-09,4.3970553717520566e-07,0.0008527759231231058,0.05080892844446511,0.16032688517090038,0.2170441094384657,0.33686126145254996,0.4305856075941506,0.4997160605206748,0.5488912874490424,0.5813721654711432,0.6031773854694442,0.7531820585431077,1.3041454017479281,1.9336245855085863,1.7893738030698862,1.776174346874808,1.1563042917023523,0.7927453049735493,0.8772882253868148]","[null,4.309868792232845e-14,4.311156236677429e-14,4.306751304130496e-14,4.28976657297667e-14,4.307256257896637e-14,4.309868792269539e-14,4.309868792269539e-14,4.309868792269539e-14,4.309868792269539e-14,4.309868792269539e-14,4.309868792269539e-14,4.309868792269539e-14,4.309868792269539e-14,4.309868792269539e-14,4.309868792269539e-14,4.309868792269539e-14,4.309868792269539e-14,4.309868792269539e-14,4.309868792269539e-14,8.600459471654289e-15]"
15.79999999999996,sqp_rti,0,"[0.12582499104145703,0.07146926777004041,0.10427629059020499]",1.6448823787608915,0.018335606902837753,"[-2.980232227667301e-09,4.2336572858570065e-09,0.00044555919108033026,0.04420356102884143,0.09932075925003475,0.15139082260398667,0.2812248466886523,0.3924853778554141,0.47669365560281457,0.5340761324189394,0.5670665347039268,0.5836673495265845,0.6580453417734773,0.9110617477783165,2.044521756356528,1.664818209594604,1.986342529797844,1.1050980203315433,0.7632883487545084,0.8231641899195885,1.0286127215177323]","[null,8.04236400202032e-14,8.123714656572248e-14,8.006463743414621e-14,8.036871257815004e-14,8.01066437670676e-14,8.042287311991754e-14,8.042287311991754e-14,8.042287311991754e-14,8.042287311991754e-14,8.042287311991754e-14,8.042287311991754e-14,8.042287311991754e-14,8.042287311991754e-14,8.042287311991754e-14,8.042287311991754e-14,8.042287311991754e-14,8.042287311991754e-14,8.042287311991754e-14,8.042287311991754e-14,1.8510024977144822e-14]"
15.89999999999996,sqp_rti,0,"[0.11513330003615613,0.08897017351421285,0.11846283069048501]",1.652461632771605,0.01720317266881466,"[-2.980232227667301e-09,8.440871781731363e-05,0.027480736427757446,0.08282846003978578,0.11913651408433773,0.19612557466597808,0.3311558916904101,0.4381948394868516,0.5132274884083887,0.5585644586880381,0.5787146975357824,0.5949584579097358,0.6823451649333119,0.9747491732462776,2.0546055683909534,1.7472024095567178,1.5274409310805594,0.7981275369018526,0.7672189319249927,0.8872132674358706,1.1580242796153086]","[null,2.571695953896147e-16,2.5591563957618647e-16,2.571265936082294e-16,2.5590186629505297e-16,2.561759512574562e-16,2.566352109115653e-16,2.566352109115653e-16,2.566352109115653e-16,2.566352109115653e-16,2.566352109115653e-16,2.566352109115653e-16,2.566352109115653e-16,2.566352109115653e-16,2.566352109115653e-16,2.566352109115653e-16,2.566352109115653e-16,2.566352109115653e-16,2.566352109115653e-16,2.566352109115653e-16,4.0254147872781995e-17]"
15.99999999999996,sqp_rti,0,"[0.1076052076714063,0.04648778590660208,0.08950335514939711]",1.6674381205921307,0.015917258337140083,"[-2.980232227667301e-09,0.0006329059591599351,0.023167470010156344,0.061789717058709226,0.12706141993406456,0.1976775287025106,0.3721916990105008,0.48859688516505245,0.5496972619216727,0.5745149198695809,0.6135968735745141,0.8139180805942672,1.7828287075024434,1.7308888436144911,2.003460851897221,1.389239143464846,0.8249820951619113,0.8267237777238685,0.9384625851161992,1.1587892631031422,1.702569691458504]","[null,4.0536252878677796e-16,4.0499128191225018e-16,4.031846409320529e-16,4.027488712093134e-16,4.0243733222993147e-16,4.048994552141024e-16,4.048994552141024e-16,4.048994552141024e-16,4.048994552141024e-16,4.048994552141024e-16,4.048994552141024e-16,4.048994552141024e-16,4.048994552141024e-16,4.048994552141024e-16,4.048994552141024e-16,4.048994552141024e-16,4.048994552141024e-16,4.048994552141024e-16,4.048994552141024e-16,7.99772700621345e-17]"
16.09999999999996,sqp_rti,0,"[0.09130253197406468,0.11661889197433398,0.09448363123118426]",1.6742189536184378,0.015436723828315735,"[-2.980232227667301e-09,0.0021110445319572624,0.025483253041893417,0.07338800535879458,0.1336367734907949,0.19756125534540808,0.38690201502037064,0.510179522500837,0.5657287120537464,0.5837988296487591,0.6542947182566035,0.9662306182837568,2.0001252966654306,1.698768657293617,1.8127793173717748,0.891266112323607,0.8101125990853963,0.8570642436748706,0.977640697948879,1.2973251310830463,2.1320747207296167]","[null,9.365113213308473e-15,8.135498039373922e-15,8.151914644499023e-15,8.16913894473825e-15,8.188638874030917e-15,8.231306932273658e-15,8.231306932273658e-15,8.231306932273658e-15,8.231306932273658e-15,8.231306932273658e-15,8.231306932273658e-15,8.231306932273658e-15,8.231306932273658e-15,8.231306932273658e-15,8.231306932273658e-15,8.231306932273658e-15,8.231306932273658e-15,8.231306932273658e-15,8.231306932273658e-15,1.5060271378936438e-15]"
16.19999999999996,sqp_rti,0,"[0.08183374019025799,0.10408366502414618,0.0737553598247327]",1.6857213300661784,0.014750685542821884,"[-2.980232227667301e-09,0.0009100500627343688,0.021005587445713847,0.06846891978300534,0.13078576487141264,0.19914427071906254,0.4098824718872887,0.5347032233736868,0.578871822996885,0.6233035068301642,0.8240657196587129,2.097918045738557,1.7217054064793336,2.113441027352562,0.9590734155098637,0.8350783195180174,0.8590125178644292,0.9669408680138794,1.1932389281111397,1.972930641337382,1.953067450354564]","[null,4.299277174577432e-15,4.205711508833798e-15,4.233134455396781e-15,4.233693061917991e-15,4.348903717934059e-15,4.26149837988779e-15,4.26149837988779e-15,4.26149837988779e-15,4.26149837988779e-15,4.26149837988779e-15,4.26149837988779e-15,4.26149837988779e-15,4.26149837988779e-15,4.26149837988779e-15,4.26149837988779e-15,4.26149837988779e-15,4.26149837988779e-15,4.26149837988779e-15,4.26149837988779e-15,2.4442386368984457e-15]"
16.29999999999996,sqp_rti,0,"[0.07901572098977745,0.10088955918814323,0.07260956121865375]",1.6937824956970058,0.014216650277376175,"[-2.980232227667301e-09,0.0016193914788750763,0.026575974587775886,0.07507044586605255,0.13399539815225908,0.19705606357150246,0.3993686828135086,0.5213340671486086,0.5643973872690979,0.6313752009465705,0.9974600386633881,1.905714127118867,1.7677569278160348,1.396554665259967,0.864886927185325,0.8316965767212536,0.903806013397946,1.0493731118514524,1.518598650699542,2.17666781105427,1.5742150824261045]","[null,1.0001822371539358e-17,1.0001805498241624e-17,1.0001805481785197e-17,1.0001802456989564e-17,1.0028168947120979e-17,1.00018123231104e-17,1.00018123231104e-17,1.00018123231104e-17,1.00018123231104e-17,1.00018123231104e-17,1.00018123231104e-17,1.00018123231104e-17,1.00018123231104e-17,1.00018123231104e-17,1.00018123231104e-17,1.00018123231104e-17,1.00018123231104e-17,1.00018123231104e-17,1.00018123231104e-17,1.0004909471195443e-18]"
16.399999999999963,sqp_rti,0,"[0.0668653342575965,0.13639124398882002,0.07742794731021188]",1.699027718924593,0.013772670179605484,"[-2.980232227667301e-09,0.0030208825416793705,0.03143752332394262,0.07977069201084391,0.13617114937568325,0.19643041608559636,0.39309387667493995,0.5027632585725577,0.5536603023280324,0.7237304980595887,1.9294097236521537,1.5802391573781305,1.9886055410594607,0.9509794504102416,0.8286548766506392,0.8742579223786497,0.9822301919241319,1.2329127521037015,2.059073491449632,1.9970149224917335,1.402742666919942]","[null,8.480590135531437e-13,8.375797655018141e-13,8.362277029538069e-13,8.259791549489291e-13,8.972713575570301e-13,8.526704144632751e-13,8.526704144632751e-13,8.526704144632751e-13,8.526704144632751e-13,8.526704144632751e-13,8.526704144632751e-13,8.526704144632751e-13,8.526704144632751e-13,8.526704144632751e-13,8.526704144632751e-13,8.526704144632751e-13,8.526704144632751e-13,8.526704144632751e-13,8.526704144632751e-13,5.998960819345563e-13]"
16.499999999999964,sqp_rti,0,"[0.06357781155408017,0.14482569648338273,0.06545946242625186]",1.7076496277801116,0.01325409859418869,"[-2.980232227667301e-09,0.0011556343274262137,0.024811869119068686,0.07244165231201977,0.1311380840182242,0.19638233572579794,0.41834658308619305,0.5184066828917444,0.564319248459946,0.777105848763658,1.902035709025223,1.635832519733978,1.5825657804548114,0.8483346203183941,0.8271004865175342,0.9034629678687576,1.043797842417664,1.5040234533661063,2.215001421126087,1.7598151826876574,1.4863697859447143]","[null,4.265374172088836e-17,4.2244722122760414e-17,4.218009728303782e-17,4.21353022314883e-17,4.2901356751117894e-17,4.246336547192153e-17,4.246336547192153e-17,4.246336547192153e-17,4.246336547192153e-17,4.246336547192153e-17,4.246336547192153e-17,4.246336547192153e-17,4.246336547192153e-17,4.246336547192153e-17,4.246336547192153e-17,4.246336547192153e-17,4.246336547192153e-17,4.246336547192153e-17,4.246336547192153e-17,1.1479939127204247e-17]"
16.599999999999966,sqp_rti,0,"[0.06248947276867,0.23583736896604565,0.06847381771216393]",1.7143085843617492,0.012783624231815338,"[-2.980232227667301e-09,0.0023387811279979576,0.02520828942154446,0.06962639080915417,0.12707764697501106,0.19571169058725318,0.4040954425640713,0.4938381437554458,0.594045882335563,1.2597758675449142,1.544616472390804,1.8212924889383781,1.0597947848810605,0.8152270679451934,0.8477004705700881,0.9508925727368716,1.1548471693646654,1.917551913063147,2.1629537850069456,1.5596770657873875,1.4522372447901055]","[null,2.879167284922819e-13,2.809633870386826e-13,2.7911173906434627e-13,2.739483708075915e-13,2.907809625342078e-13,2.845801500424779e-13,2.845801500424779e-13,2.845801500424779e-13,2.845801500424779e-13,2.845801500424779e-13,2.845801500424779e-13,2.845801500424779e-13,2.845801500424779e-13,2.845801500424779e-13,2.845801500424779e-13,2.845801500424779e-13,2.845801500424779e-13,2.845801500424779e-13,2.845801500424779e-13,1.302992018560903e-13]"
16.699999999999967,sqp_rti,0,"[0.06087590939541046,0.38852797692182817,0.0666787777659847]",1.7203779352816981,0.012139078229665756,"[-2.980232227667301e-09,0.004727713405060119,0.055599822403196886,0.11620340832201032,0.16960974132169043,0.1955684301063883,0.4287435396128963,0.49797704587896324,0.631622593648548,1.8314287292703468,1.4463069052775859,1.9236453111996183,0.8474903280552766,0.808160658102991,0.8743429531820437,0.9924598486986989,1.3018298818392509,2.151032278332896,2.0347021901097664,1.6054853123013728,1.4214166389315313]","[null,4.038186359362723e-13,4.0400923090948833e-13,4.040784919868672e-13,4.0443888587785217e-13,4.1117343883314294e-13,4.0808503580965853e-13,4.0808503580965853e-13,4.0808503580965853e-13,4.0808503580965853e-13,4.0808503580965853e-13,4.0808503580965853e-13,4.0808503580965853e-13,4.0808503580965853e-13,4.0808503580965853e-13,4.0808503580965853e-13,4.0808503580965853e-13,4.0808503580965853e-13,4.0808503580965853e-13,4.0808503580965853e-13,8.308876300706696e-14]"
16.79999999999997,sqp_rti,0,"[0.030337749137508058,0.5924620386770294,0.071851589969994]",1.726389508212011,0.011244513094425201,"[-2.980232227667301e-09,0.009641425921045166,0.01156966212470617,0.03560460713153085,0.1405374393215631,0.13972051306342764,0.38215266691872146,0.46909904085536064,1.1504330163464658,1.3877844323221253,1.6761767693524898,0.9401624158977782,0.7372459048395317,0.7842396526427258,0.8714502289800012,1.0124419847945896,1.595121714491598,2.163753246348816,1.849688185014213,1.4558470185063868,1.3588306738020683]","[null,1.9009160818539076e-14,1.898201523159094e-14,1.9020594230071508e-14,1.9065187728847198e-14,1.9026577159400844e-14,1.9100196422636412e-14,1.9100196422636412e-14,1.9100196422636412e-14,1.9100196422636412e-14,1.9100196422636412e-14,1.9100196422636412e-14,1.9100196422636412e-14,1.9100196422636412e-14,1.9100196422636412e-14,1.9100196422636412e-14,1.9100196422636412e-14,1.9100196422636412e-14,1.9100196422636412e-14,1.9100196422636412e-14,2.6413539540779055e-15]"
16.89999999999997,sqp_rti,0,"[0.13623459271733965,0.7596458808925431,0.10503959776250613]",1.7318123595168715,0.009897109121084213,"[-2.980232227667301e-09,-2.980232227667301e-09,0.0614675254763693,0.14959629568255722,0.17234702063371615,0.263535902540977,0.46667949488842525,0.545332543355993,1.653759103846096,1.3984581642007157,1.9265815760757163,0.8026574227479919,0.7544427421645536,0.8278295418225372,0.9187363370981092,1.086452996018189,1.8610994960827447,2.2379405912505037,1.7029885633108435,1.3465884494490623,1.3739863959443073]","[null,5.024053188129864e-13,4.981683023146681e-13,4.999587884505734e-13,4.978823227161057e-13,4.99721267469883e-13,5.024053188454925e-13,5.024053188454925e-13,5.024053188454925e-13,5.024053188454925e-13,5.024053188454925e-13,5.024053188454925e-13,5.024053188454925e-13,5.024053188454925e-13,5.024053188454925e-13,5.024053188454925e-13,5.024053188454925e-13,5.024053188454925e-13,5.024053188454925e-13,5.024053188454925e-13,8.21784936532501e-14]"
16.99999999999997,sqp_rti,0,"[0.06809825970447202,0.7244847993703798,0.0990589525134024]",1.7462413037168294,0.008922252804040909,"[-2.980232227667301e-09,0.11986437511594766,0.01362478702031017,0.14675253390062154,0.08471452505561744,0.15440482830785102,0.39850647495668207,1.5565719554582642,1.1771339901027928,1.736308139094931,0.7536160696226915,0.6692395096019366,0.7305803567722762,0.8078312764954025,0.9102360489510335,1.297628069893993,2.052080883418683,2.0383682219566426,1.485786165632274,1.279925185735533,1.3842193574466033]","[null,2.2737579609233314e-15,2.276853871153533e-15,2.2785521497998387e-15,2.274100928431774e-15,2.2816753402539837e-15,2.2868447327955596e-15,2.2868447327955596e-15,2.2868447327955596e-15,2.2868447327955596e-15,2.2868447327955596e-15,2.2868447327955596e-15,2.2868447327955596e-15,2.2868447327955596e-15,2.2868447327955596e-15,2.2868447327955596e-15,2.2868447327955596e-15,2.2868447327955596e-15,2.2868447327955596e-15,2.2868447327955596e-15,3.918254061420883e-16]"
17.099999999999973,sqp_rti,0,"[0.13789107250335175,0.65406599641073,0.11113604085308597]",1.7541188908476935,0.008195605129003525,"[-2.980232227667301e-09,-2.980232227667301e-09,0.07205033400699251,0.1143307919272381,null,0.14030250248378878,0.7179787047126751,1.0320249355447018,1.0755584461422572,1.1233687157069852,0.5986389624179462,0.6375599084690495,0.7220097851269862,0.8019846561339834,0.9155319312178409,1.424546149009928,2.2309322742149265,1.8271523614732643,1.2972874098720772,1.2846971775341902,1.439949293482896]","[null,5.096307042788445e-14,5.0641611800982194e-14,5.088514414367963e-14,5.0963070430129205e-14,5.0963879217725515e-14,5.096307043013789e-14,5.096307043013789e-14,5.096307043013789e-14,5.096307043013789e-14,5.096307043013789e-14,5.096307043013789e-14,5.096307043013789e-14,5.096307043013789e-14,5.096307043013789e-14,5.096307043013789e-14,5.096307043013789e-14,5.096307043013789e-14,5.096307043013789e-14,5.096307043013789e-14,6.048742438028822e-15]"
17.199999999999974,sqp_rti,0,"[0.06889836404964096,0.9038755834824875,0.09936693094999216]",1.76930042772969,0.008200917392969131,"[-2.980232227667301e-09,0.248612668911602,-2.980232227667301e-09,0.18282614741061992,0.20633188607007186,0.1873837987199643,1.2582064166426619,0.9265730047441785,1.6308314144487503,0.6101747494537733,0.5845712336506252,0.6583871067669331,0.7299586067692079,0.8094835890988576,1.0142216214191027,1.769208889245182,2.223447509969401,1.466212619786522,1.25648302441136,1.2968176670618792,1.4622215219289287]","[null,3.817823956399863e-17,3.837775692597398e-17,3.8134207701864104e-17,3.8166371936753954e-17,3.8698668511736456e-17,3.8377756926529335e-17,3.8377756926529335e-17,3.8377756926529335e-17,3.8377756926529335e-17,3.8377756926529335e-17,3.8377756926529335e-17,3.8377756926529335e-17,3.8377756926529335e-17,3.8377756926529335e-17,3.8377756926529335e-17,3.8377756926529335e-17,3.8377756926529335e-17,3.8377756926529335e-17,3.8377756926529335e-17,5.446013085332078e-18]"
17.299999999999976,sqp_rti,0,"[0.08870795507059344,0.9287712345440364,0.10331023003179088]",1.7764754808283603,0.008456017822027206,"[-2.980232227667301e-09,null,0.07238745072293967,0.07038166200422752,0.1700661299545761,0.9976947810081256,0.5065522067920305,0.8496457026529114,0.7150881115943803,0.5104696385962277,0.5703041267878717,0.6471289166068057,0.7241859898505083,0.8183297619456604,1.1725109073917117,2.0621364821501773,1.8749379226092884,1.2722545311216507,1.2168832046459197,1.3118029126052446,1.5054652350767415]","[null,4.9112229219590276e-17,4.9071742508764154e-17,4.9059725797865065e-17,4.9111185546546804e-17,4.9087971316162894e-17,4.9112229219583965e-17,4.9112229219583965e-17,4.9112229219583965e-17,4.9112229219583965e-17,4.9112229219583965e-17,4.9112229219583965e-17,4.9112229219583965e-17,4.9112229219583965e-17,4.9112229219583965e-17,4.9112229219583965e-17,4.9112229219583965e-17,4.9112229219583965e-17,4.9112229219583965e-17,4.9112229219583965e-17,5.701137919017932e-18]"
17.399999999999977,sqp_rti,0,"[0.04778840272303947,0.5605980569217818,0.09426646080126141]",1.7873429189786747,0.009086214005947113,"[-2.980232227667301e-09,0.1293393607119569,0.0012228020540231976,0.136575804701981,0.36356601401445304,0.3809240345764103,0.6580547472173712,1.3926034847899131,0.5266719214578834,0.5442006985839061,0.6314253998725643,0.7162621708482504,0.7961216738585051,0.9450245079939961,1.7416093719452703,2.1874122137649836,1.395564980554188,1.1903817760115885,1.2156178554515378,1.3299358081707904,1.5402141095385236]","[null,2.2082990329966135e-13,2.2107330367805571e-13,2.214934065103679e-13,2.2100118349018637e-13,2.2170558904357173e-13,2.2166638953497673e-13,2.2166638953497673e-13,2.2166638953497673e-13,2.2166638953497673e-13,2.2166638953497673e-13,2.2166638953497673e-13,2.2166638953497673e-13,2.2166638953497673e-13,2.2166638953497673e-13,2.2166638953497673e-13,2.2166638953497673e-13,2.2166638953497673e-13,2.2166638953497673e-13,2.2166638953497673e-13,2.847707145220516e-14]"
17.49999999999998,sqp_rti,0,"[0.1376924565741406,0.3323457496278913,0.1257130708416886]",1.792331154851658,0.009508881717920303,"[-2.980232227667301e-09,9.455550468162599e-07,0.07914555860374756,4.885037654975277e-05,0.10464927679237129,0.1906478325896142,0.6626921498003042,0.585552606075521,0.47648413067337786,0.5425200637869352,0.6244873867175851,0.7078325593784356,0.796496810338241,1.1515342695670625,1.999922180785149,1.8699346393677814,1.2302502480274498,1.1507614669962833,1.1996101048369325,1.3135398549692485,1.5512879456125936]","[null,3.0626393732892326e-15,3.0419660368380545e-15,3.0561410053475893e-15,3.0439339598863762e-15,3.0404897380991946e-15,3.055953346021585e-15,3.055953346021585e-15,3.055953346021585e-15,3.055953346021585e-15,3.055953346021585e-15,3.055953346021585e-15,3.055953346021585e-15,3.055953346021585e-15,3.055953346021585e-15,3.055953346021585e-15,3.055953346021585e-15,3.055953346021585e-15,3.055953346021585e-15,3.055953346021585e-15,5.339667644124943e-16]"
17.59999999999998,sqp_rti,0,"[0.06880505891516163,0.28423259630620756,0.1128349655578375]",1.8047868812805983,0.01013617217540741,"[-2.980232227667301e-09,0.11992633289740057,4.5738457017718837e-05,0.20519883933425193,0.1611571933130847,0.21297344255829992,1.1208001454624081,0.43252379496416965,0.4882979622056823,0.5307483726685447,0.5929963358907606,0.6696270786365506,0.7952248305120502,1.4593521962318874,2.003561326306081,1.483610311749527,1.1119755126109225,1.1016771969502226,1.1662686852170807,1.2900506157818616,1.5558873646028732]","[null,1.1321336863146518e-14,1.1461887091703556e-14,1.133640405304515e-14,1.1311312582809044e-14,1.1326219529975985e-14,1.1322927370737469e-14,1.1322927370737469e-14,1.1322927370737469e-14,1.1322927370737469e-14,1.1322927370737469e-14,1.1322927370737469e-14,1.1322927370737469e-14,1.1322927370737469e-14,1.1322927370737469e-14,1.1322927370737469e-14,1.1322927370737469e-14,1.1322927370737469e-14,1.1322927370737469e-14,1.1322927370737469e-14,3.5544345623702095e-15]"
17.69999999999998,sqp_rti,0,"[0.09322583838072512,0.1911946954690963,0.08854262239929134]",1.8158416334957976,0.009285294450819492,"[-2.980232227667301e-09,-2.980232227667301e-09,0.42761939483363137,0.032883243311982835,0.15916058905394054,0.20919751513464463,0.3484895821424708,0.4532939403342809,0.49601418503530753,0.5315964386211316,0.5955008065308938,0.6753202531609552,0.9391116151734316,1.6977819416713131,1.8467894089635208,1.268289671271458,1.0704012660484359,1.082705420684278,1.144840746097089,1.2830925488791844,1.5720785708383012]","[null,2.159867393170763e-13,2.1602497467941646e-13,2.1508394671876748e-13,2.1948666320428035e-13,2.1474746168072897e-13,2.1598673929624623e-13,2.1598673929624623e-13,2.1598673929624623e-13,2.1598673929624623e-13,2.1598673929624623e-13,2.1598673929624623e-13,2.1598673929624623e-13,2.1598673929624623e-13,2.1598673929624623e-13,2.1598673929624623e-13,2.1598673929624623e-13,2.1598673929624623e-13,2.1598673929624623e-13,2.1598673929624623e-13,8.023843783173688e-14]"
17.799999999999983,sqp_rti,0,"[0.046484078551252916,0.09569892174844741,0.10301502767877893]",1.819907198135498,0.004632994532585144,"[-2.980232227667301e-09,0.6341096934579553,0.0012609470070475415,0.10821214146495067,0.153306439017954,0.19886656267812058,0.37950326976283294,0.47919849250300645,0.5134046273528419,0.5634221722890647,0.6351275382954789,0.7290188567780358,1.1945486609373581,1.853236693664816,1.7191664139897511,1.1611201107126916,1.0724408937126,1.100497579333452,1.1629111116181015,1.345573172792969,1.6589645057266054]","[null,1.0601470391144859e-13,1.0990360251519078e-13,1.0593599851486637e-13,1.0600960808789447e-13,1.0635634754234596e-13,1.0650893971623185e-13,1.0650893971623185e-13,1.0650893971623185e-13,1.0650893971623185e-13,1.0650893971623185e-13,1.0650893971623185e-13,1.0650893971623185e-13,1.0650893971623185e-13,1.0650893971623185e-13,1.0650893971623185e-13,1.0650893971623185e-13,1.0650893971623185e-13,1.0650893971623185e-13,1.0650893971623185e-13,1.5482039159303435e-14]"
17.899999999999984,sqp_rti,0,"[0.10414081965124836,0.08607481914166142,0.08345287905899565]",1.8310504629359827,0.005299679934978485,"[-2.980232227667301e-09,null,0.11338643679312171,0.10238961722692325,0.15347648914525253,0.19675614219438559,0.42519512637708773,0.49927249856118366,0.5254078450595017,0.5785543162178157,0.6493301945441912,0.7823192725297268,1.4467093558696689,1.8494249409697872,1.55223578541121,1.112052053929134,1.0694723663533494,1.106217137251577,1.1748794849023116,1.3813806719453818,1.6823825176940914]","[null,2.4236518068734992e-14,2.4071650688153014e-14,2.4298155316421947e-14,2.471403911404383e-14,2.4227414532812672e-14,2.4236518068842934e-14,2.4236518068842934e-14,2.4236518068842934e-14,2.4236518068842934e-14,2.4236518068842934e-14,2.4236518068842934e-14,2.4236518068842934e-14,2.4236518068842934e-14,2.4236518068842934e-14,2.4236518068842934e-14,2.4236518068842934e-14,2.4236518068842934e-14,2.4236518068842934e-14,2.4236518068842934e-14,5.118580483965709e-15]"
17.999999999999986,sqp_rti,0,"[0.051830970999568224,0.2124143974046438,0.11283236421406723]",1.8357854742004969,0.0058057717978954315,"[-2.980232227667301e-09,0.06535245741001888,0.0057807323925399,0.06313340473205359,0.11408751278124712,0.15846570189884518,0.41149531298616254,0.47724702012455894,0.5054748116075067,0.5657011307430515,0.6430511057323389,0.8484758110843067,1.5570286902611705,1.8254699421658287,1.4030497855341195,1.0765243929716994,1.068932892574307,1.115497990875341,1.2066939473166698,1.4339660326492136,1.7443077172161459]","[null,2.277465721733272e-17,2.2826224696387462e-17,2.2812236774885427e-17,2.282381925432681e-17,2.2907878113621962e-17,2.287730432481847e-17,2.287730432481847e-17,2.287730432481847e-17,2.287730432481847e-17,2.287730432481847e-17,2.287730432481847e-17,2.287730432481847e-17,2.287730432481847e-17,2.287730432481847e-17,2.287730432481847e-17,2.287730432481847e-17,2.287730432481847e-17,2.287730432481847e-17,2.287730432481847e-17,3.514051644404215e-18]"
18.099999999999987,sqp_rti,0,"[0.12975897652823515,0.2311291346658822,0.1308366504324787]",1.8427027378442116,0.006928302347660065,"[-2.980232227667301e-09,-2.980232227667301e-09,0.004663301158303768,0.01877083961102849,0.04630410574738947,0.16607236237801432,0.3717894388390242,0.41800927708455476,0.4577384382889303,0.5239811901805254,0.6193977766690419,1.0666637249074433,1.6017774493340766,1.6320566954328342,1.1755699740598942,1.0225732931562959,1.0403877242856996,1.0937269571506512,1.2165491412769558,1.4419399624179785,1.7280978016375481]","[null,2.3725828702647455e-16,2.3503696453775327e-16,2.323336384008706e-16,2.3554513966982517e-16,2.360609756677841e-16,2.372582870299266e-16,2.372582870299266e-16,2.372582870299266e-16,2.372582870299266e-16,2.372582870299266e-16,2.372582870299266e-16,2.372582870299266e-16,2.372582870299266e-16,2.372582870299266e-16,2.372582870299266e-16,2.372582870299266e-16,2.372582870299266e-16,2.372582870299266e-16,2.372582870299266e-16,7.313428026206165e-17]"
18.19999999999999,sqp_rti,0,"[0.17094112910899467,0.12004837592332897,0.13725770024306783]",1.8561080345919632,0.007823340594768524,"[-2.980232227667301e-09,0.01097416082683439,0.031046279786983544,0.06315982094953371,0.13381481770671116,0.17957513567508415,0.35452309293799616,0.4099304118244092,0.4775904272684624,0.5569544822407344,0.725663279944661,1.3064451068994323,1.702912967262631,1.5291553343837705,1.10103031069561,1.0415019253734783,1.0713357611996883,1.1288432891860196,1.3077156109858155,1.537142284662658,1.8292731215936697]","[null,1.885314343573689e-13,1.8616796806977556e-13,1.9068666893057416e-13,1.8825130211035458e-13,1.9024336555472234e-13,1.9114400886525805e-13,1.9114400886525805e-13,1.9114400886525805e-13,1.9114400886525805e-13,1.9114400886525805e-13,1.9114400886525805e-13,1.9114400886525805e-13,1.9114400886525805e-13,1.9114400886525805e-13,1.9114400886525805e-13,1.9114400886525805e-13,1.9114400886525805e-13,1.9114400886525805e-13,1.9114400886525805e-13,5.900307096588093e-14]"
18.29999999999999,sqp_rti,0,"[0.0962564846442311,0.0033590294530927156,0.1043763928335944]",1.8695580746953406,0.008071843534708023,"[-2.980232227667301e-09,6.261086451275766e-05,0.020980367312095904,0.08583838394867699,0.12134842482725788,0.1391781840822695,0.24808594827150615,0.3384046161793018,0.400243474918528,0.4970359344765852,0.8453678601702463,1.2767841648674405,1.4931089578830068,1.2570936526615923,0.9960939028100071,0.9926565089324668,1.0322506647614567,1.123351049485305,1.3102492120302294,1.522523309246371,1.8565877090116298]","[null,1.044730120702946e-17,1.0444422844629487e-17,1.044446435804966e-17,1.0454262760680293e-17,1.0459924625398148e-17,1.0447380457030984e-17,1.0447380457030984e-17,1.0447380457030984e-17,1.0447380457030984e-17,1.0447380457030984e-17,1.0447380457030984e-17,1.0447380457030984e-17,1.0447380457030984e-17,1.0447380457030984e-17,1.0447380457030984e-17,1.0447380457030984e-17,1.0447380457030984e-17,1.0447380457030984e-17,1.0447380457030984e-17,1.0596637097053033e-18]"
18.39999999999999,sqp_rti,0,"[0.10269388998917042,-0.21298899005548927,0.08495488302679344]",1.8837481549109096,0.008075423538684845,"[-2.980232227667301e-09,0.00045124161679971353,0.05409714176345376,0.12006200581158383,0.18105257508196076,0.21750665140991715,0.3323569277229346,0.42055815280691605,0.5135183285667784,0.7192405935702542,1.2944672876783734,1.619469869182535,1.3995743351143914,1.029463923545056,0.9881426341567028,1.013547619076818,1.0507117018589127,1.1835887133703993,1.3765782834206195,1.6144826430195056,1.9834517801962732]","[null,8.754504476322462e-14,8.712514701097796e-14,8.736871252630711e-14,8.721997026163381e-14,8.73015529083243e-14,8.770371920575427e-14,8.770371920575427e-14,8.770371920575427e-14,8.770371920575427e-14,8.770371920575427e-14,8.770371920575427e-14,8.770371920575427e-14,8.770371920575427e-14,8.770371920575427e-14,8.770371920575427e-14,8.770371920575427e-14,8.770371920575427e-14,8.770371920575427e-14,8.770371920575427e-14,1.2098766090175449e-14]"
18.499999999999993,sqp_rti,0,"[0.09255894089184738,-1.160248778374226,0.105942699022382]",1.889144849307048,0.008053354918956757,"[-2.980232227667301e-09,0.07417766569818413,0.1376715498965176,0.1589738331238209,0.19361035922182063,0.24137744884694073,0.36842438075923917,0.43264420441984514,0.5759697642031003,0.9181955997853837,1.2550495209190096,1.4161081226616659,1.2480392042765558,1.006977661837692,0.9981178417658014,1.0395065322366797,1.1335357269961548,1.2851636888753315,1.443704250386827,1.7541469669945549,2.1531628581270867]","[null,1.2422763316263803e-15,1.2459672455693277e-15,1.246674728299347e-15,1.251017884820187e-15,1.2480691894305023e-15,1.247487329603377e-15,1.247487329603377e-15,1.247487329603377e-15,1.247487329603377e-15,1.247487329603377e-15,1.247487329603377e-15,1.247487329603377e-15,1.247487329603377e-15,1.247487329603377e-15,1.247487329603377e-15,1.247487329603377e-15,1.247487329603377e-15,1.247487329603377e-15,1.247487329603377e-15,2.605346972786147e-16]"
18.599999999999994,sqp_rti,0,"[0.1252884053548816,-0.679395175097219,0.12062404793304574]",1.8996926160038217,0.00858275592327118,"[-2.980232227667301e-09,0.060253373751136874,0.13302554913541514,0.15866409220752759,0.18172481508442467,0.227120648002823,0.35624080834619126,0.4811827333704269,0.8540272911619702,1.3748820560638435,1.4834258857132283,1.131200764837456,0.9292502326185719,0.9371130385979469,0.961320510024344,0.9983192287978546,1.1123401536228374,1.2651159208987728,1.4572083760323113,1.8252430897506826,2.3165458314016805]","[null,3.0379943800344356e-16,3.047064782120949e-16,3.0531069325228823e-16,3.046729097499269e-16,3.047604197407304e-16,3.0518453778044827e-16,3.0518453778044827e-16,3.0518453778044827e-16,3.0518453778044827e-16,3.0518453778044827e-16,3.0518453778044827e-16,3.0518453778044827e-16,3.0518453778044827e-16,3.0518453778044827e-16,3.0518453778044827e-16,3.0518453778044827e-16,3.0518453778044827e-16,3.0518453778044827e-16,3.0518453778044827e-16,4.9008347719583657e-17]"
18.699999999999996,sqp_rti,0,"[0.11245352805148111,-1.1999999795280478,0.11450526515414047]",1.9115700623303638,0.009408824145793915,"[-2.980232227667301e-09,0.11361325567497432,0.19313207283743844,0.2606901738860799,0.3024042905950058,0.30681045308184435,0.407789020914821,0.6704443554925319,0.9635586496786821,1.2150105391513228,1.2135234528136436,1.0139060052899864,0.9248620696041996,0.9491051883473218,0.9947420266722389,1.1049556099644764,1.2209577760379406,1.3411975170351738,1.6160843605342456,2.0164253245654153,2.655088022113863]","[null,1.1046873474368898e-14,1.109395960031663e-14,1.1057847126025195e-14,1.1050170677402062e-14,1.1080267362232178e-14,1.1107548886058037e-14,1.1107548886058037e-14,1.1107548886058037e-14,1.1107548886058037e-14,1.1107548886058037e-14,1.1107548886058037e-14,1.1107548886058037e-14,1.1107548886058037e-14,1.1107548886058037e-14,1.1107548886058037e-14,1.1107548886058037e-14,1.1107548886058037e-14,1.1107548886058037e-14,1.1107548886058037e-14,2.3944070399436327e-15]"
18.799999999999997,sqp_rti,0,"[0.12140995858931797,-0.8380425288709683,0.10726596736302071]",1.922090741214804,0.011599209159612656,"[-2.980232227667301e-09,0.07394713141389248,0.15151562805292668,0.19181523090768487,0.21901006726971045,0.26956004645540493,0.496372305725356,0.9665447689998288,1.334193782832611,1.1941140472658958,0.9102228408145947,0.8806430298452266,0.9045564612108634,0.9283647337099434,1.0184221929610426,1.134189355338841,1.2504759533026035,1.4676441278252852,1.7938316286671607,2.354695163471175,2.9473865502731984]","[null,3.703877567888081e-17,3.7457478753706346e-17,3.7089701047918914e-17,3.711129204237044e-17,3.727666445536047e-17,3.732259715045604e-17,3.732259715045604e-17,3.732259715045604e-17,3.732259715045604e-17,3.732259715045604e-17,3.732259715045604e-17,3.732259715045604e-17,3.732259715045604e-17,3.732259715045604e-17,3.732259715045604e-17,3.732259715045604e-17,3.732259715045604e-17,3.732259715045604e-17,3.732259715045604e-17,5.470548867902133e-18]"
18.9,sqp_rti,0,"[0.11574130224719921,-0.9871069727672301,0.10364533975511854]",1.9337982865749008,0.013663753867149353,"[-2.980232227667301e-09,0.08841641861622113,0.19329522065175447,0.20887040735211465,0.21247952146409405,0.21788743822836115,0.5158156983039184,0.9286758241535089,1.1357145967170055,1.0194316569521902,0.8698527687753923,0.8905621027981698,0.9294979466193645,0.9975251299987977,1.1092079442272336,1.2095522647051211,1.332570139040336,1.624366819226968,2.0636742545722173,2.8410105697570716,3.1507472205849654]","[null,9.338541183040703e-13,9.369144412915779e-13,9.36808718093437e-13,9.3915767026638e-13,9.436540897809478e-13,9.374365116518158e-13,9.374365116518158e-13,9.374365116518158e-13,9.374365116518158e-13,9.374365116518158e-13,9.374365116518158e-13,9.374365116518158e-13,9.374365116518158e-13,9.374365116518158e-13,9.374365116518158e-13,9.374365116518158e-13,9.374365116518158e-13,9.374365116518158e-13,9.374365116518158e-13,2.5856385164820686e-13]"
19.0,sqp_rti,0,"[0.11390266622151661,-0.6450943629497006,0.09306664721804202]",1.9441012046608046,0.014351798221468925,"[-2.980232227667301e-09,0.06402036072499123,0.1387328690058663,0.1689519411223122,0.19487862262987826,0.28567143022791536,0.7962165436783593,1.1613846719922634,0.9808002690719675,0.8141581093509138,0.8393684933251755,0.8707579527922629,0.9173588148917691,1.017071164998607,1.1205414509635012,1.2290166658711008,1.4629649073564124,1.8145540431909992,2.493878465778562,3.079255611691875,2.7917892083861675]","[null,7.57990277870546e-17,7.578174009474249e-17,7.572247523221139e-17,7.589212677940687e-17,7.614061933315574e-17,7.589977739995346e-17,7.589977739995346e-17,7.589977739995346e-17,7.589977739995346e-17,7.589977739995346e-17,7.589977739995346e-17,7.589977739995346e-17,7.589977739995346e-17,7.589977739995346e-17,7.589977739995346e-17,7.589977739995346e-17,7.589977739995346e-17,7.589977739995346e-17,7.589977739995346e-17,1.142955713108915e-17]"
19.1,sqp_rti,0,"[0.10335290799742708,-0.7679900695008297,0.11030891465990676]",1.9502072060524434,0.014097264967858791,"[-2.980232227667301e-09,0.05941352152613072,0.13592233171182216,0.16495841623446134,0.1974105436227916,0.26786916004086586,0.6564122419626954,0.9176541012249657,0.8797467920641011,0.8143994994085435,0.861894419399827,0.9071075329497116,0.9840735855920328,1.084679705883709,1.1731959941571517,1.3541129804830774,1.6380217773880161,2.158135355222183,3.0284388407240614,3.182118612552853,2.5611794764921685]","[null,3.132946338054358e-16,3.1225011481140887e-16,3.110916335245625e-16,3.190041787934387e-16,3.132911254489224e-16,3.149547207834257e-16,3.149547207834257e-16,3.149547207834257e-16,3.149547207834257e-16,3.149547207834257e-16,3.149547207834257e-16,3.149547207834257e-16,3.149547207834257e-16,3.149547207834257e-16,3.149547207834257e-16,3.149547207834257e-16,3.149547207834257e-16,3.149547207834257e-16,3.149547207834257e-16,5.655482180666859e-17]"
19.200000000000003,sqp_rti,0,"[0.11561900050814863,-0.46111574711707964,0.09601622046778549]",1.961553708919881,0.015888536348938942,"[-2.980232227667301e-09,0.022698549492181475,0.06221758349300083,0.090295512483549,0.17045629360922804,0.39801689501727006,0.9637569743799304,0.8354739269136047,0.7433647231131963,0.7942432653344571,0.8315266090807067,0.8828559244414709,0.9743954415718121,1.0709890649239078,1.1917887425812708,1.455945756049897,1.8582397106175363,2.648741727035625,3.098715425328348,2.7533058857504757,2.309471499428839]","[null,4.154120051459533e-17,4.1545521272734057e-17,4.1439967189657924e-17,4.116662614706968e-17,4.1989606347175426e-17,4.176727177400104e-17,4.176727177400104e-17,4.176727177400104e-17,4.176727177400104e-17,4.176727177400104e-17,4.176727177400104e-17,4.176727177400104e-17,4.176727177400104e-17,4.176727177400104e-17,4.176727177400104e-17,4.176727177400104e-17,4.176727177400104e-17,4.176727177400104e-17,4.176727177400104e-17,7.639299831382944e-18]"
19.300000000000004,sqp_rti,0,"[0.08549081694260124,-0.575873383113749,0.09950168183506986]",1.9670997332936426,0.016474014148116112,"[-2.980232227667301e-09,0.02573134050503506,0.06929657841966358,0.11380931008486322,0.17844139213515292,0.2657384765620637,0.6412603620324127,0.759871072914408,0.7684207031812142,0.8303108824116403,0.8760476860535149,0.9554950020512976,1.0541495153722849,1.148589354665005,1.356459722528961,1.67566441221376,2.319280286308836,3.1330956744616403,3.0815969559738337,2.576830087153451,2.1658152901299]","[null,3.166256391050789e-17,3.156506600104155e-17,3.1765403457626416e-17,3.1523202898746294e-17,3.1929720186663974e-17,3.1956011705208595e-17,3.1956011705208595e-17,3.1956011705208595e-17,3.1956011705208595e-17,3.1956011705208595e-17,3.1956011705208595e-17,3.1956011705208595e-17,3.1956011705208595e-17,3.1956011705208595e-17,3.1956011705208595e-17,3.1956011705208595e-17,3.1956011705208595e-17,3.1956011705208595e-17,3.1956011705208595e-17,8.785009652327702e-18]"
19.400000000000006,sqp_rti,0,"[0.10534316430889402,-0.4325423259015363,0.09693092740386769]",1.9752755300760054,0.01899559423327446,"[-2.980232227667301e-09,0.0006050541615418292,0.007726067805782055,0.028306113156489954,0.09664893305173622,0.22915292215251243,0.6471069592562315,0.6913521700644665,0.7700297161888308,0.8246905878596891,0.8828225563742602,0.9943398177740839,1.1055039540034926,1.2806591598294552,1.5537485161623479,2.0263129956157657,2.8731393245219694,3.147633249549668,2.7233660123718666,2.3362924491019195,2.103459820078762]","[null,5.175409498097299e-16,5.101027786401549e-16,5.124833211295764e-16,5.11375676444163e-16,5.132198605976159e-16,5.148066131939968e-16,5.148066131939968e-16,5.148066131939968e-16,5.148066131939968e-16,5.148066131939968e-16,5.148066131939968e-16,5.148066131939968e-16,5.148066131939968e-16,5.148066131939968e-16,5.148066131939968e-16,5.148066131939968e-16,5.148066131939968e-16,5.148066131939968e-16,5.148066131939968e-16,1.7069091433225158e-16]"
19.500000000000007,sqp_rti,0,"[0.06951253526979675,-0.5504588952906484,0.08020309121280889]",1.9840762720273457,0.0209304578602314,"[-2.980232227667301e-09,0.0024376731619574765,0.013412686903683746,0.042788765552581876,0.10835244740667466,0.1898181531037702,0.5610087140691398,0.6750196381528404,0.7714671858400031,0.8269096769892836,0.8967400894489834,1.0099570164147191,1.118570554847248,1.3286514522952586,1.6582276958193674,2.3155215446887114,3.0583987989376995,2.9495526191966492,2.4973662024705563,2.143354325594598,2.078606024414708]","[null,2.084920922524259e-13,2.0658960946575602e-13,2.0692877600776176e-13,2.070342291717793e-13,2.0766122452297533e-13,2.076037108160226e-13,2.076037108160226e-13,2.076037108160226e-13,2.076037108160226e-13,2.076037108160226e-13,2.076037108160226e-13,2.076037108160226e-13,2.076037108160226e-13,2.076037108160226e-13,2.076037108160226e-13,2.076037108160226e-13,2.076037108160226e-13,2.076037108160226e-13,2.076037108160226e-13,3.755690321241813e-14]"
19.60000000000001,sqp_rti,0,"[0.11686522725027912,-0.4988033001746514,0.08663921393971448]",1.991656804604077,0.024518577381968498,"[-2.980232227667301e-09,2.3210323940592303e-08,0.001436777562623226,0.030007585440492257,0.1062604848820719,0.18353829140960692,0.5172296202858433,0.6746744296356872,0.7676275438893565,0.8146330620692506,0.9134580601080369,1.0372368661090519,1.1692784249660615,1.4470777963140875,1.878137043926391,2.712650969942513,3.0572546604340376,2.693603814745548,2.310976147240514,2.071980327042863,2.168609551663729]","[null,2.037798423252996e-17,2.0508984363678167e-17,2.0320772161213983e-17,2.0323842968819248e-17,2.039929832956832e-17,2.037792362054746e-17,2.037792362054746e-17,2.037792362054746e-17,2.037792362054746e-17,2.037792362054746e-17,2.037792362054746e-17,2.037792362054746e-17,2.037792362054746e-17,2.037792362054746e-17,2.037792362054746e-17,2.037792362054746e-17,2.037792362054746e-17,2.037792362054746e-17,2.037792362054746e-17,2.656467038372968e-18]"
19.70000000000001,sqp_rti,0,"[0.05838307695171675,-0.5608042751923822,0.0648061850930593]",2.0009049820990903,0.02208390086889267,"[-2.980232227667301e-09,0.002300636883228291,0.03449670251773257,0.09803670435586592,0.16104298528223354,0.18522375696023446,0.5166519569147077,0.6894639757885883,0.772065013272887,0.8249308541009899,0.9448423121904426,1.0701575580451077,1.2613547988196607,1.5634926174113601,2.1500804065976427,2.9242321057086658,2.9179656233724716,2.504457002839513,2.14091740465516,2.030738534702743,2.3182484543761435]","[null,2.2960649168357652e-10,2.2703527537679151e-10,2.2733729660101336e-10,2.2781620861297532e-10,2.2836277945509245e-10,2.2803618415754615e-10,2.2803618415754615e-10,2.2803618415754615e-10,2.2803618415754615e-10,2.2803618415754615e-10,2.2803618415754615e-10,2.2803618415754615e-10,2.2803618415754615e-10,2.2803618415754615e-10,2.2803618415754615e-10,2.2803618415754615e-10,2.2803618415754615e-10,2.2803618415754615e-10,2.2803618415754615e-10,6.626909873665348e-11]"
19.80000000000001,sqp_rti,0,"[0.1210840422600745,-0.4326186169802133,0.09761814771070015]",2.0051109961087863,0.018299179151654243,"[-2.980232227667301e-09,-2.980232227667301e-09,0.0007177232498034591,0.04140772639679807,0.10978164642415128,0.187934531360831,0.5169202474020949,0.6789647488647741,0.7436089824004586,0.8024447514142448,0.9152913283225483,1.034093984170158,1.2563644942606629,1.6109007393084454,2.3891340467592785,2.924882969866826,2.645102631983545,2.240134334576436,1.9827956127605162,2.019735957302271,2.4565265071212226]","[null,5.737868173664044e-16,5.728539368492942e-16,5.705259162436567e-16,5.740614043651384e-16,5.709434387080714e-16,5.737868174181032e-16,5.737868174181032e-16,5.737868174181032e-16,5.737868174181032e-16,5.737868174181032e-16,5.737868174181032e-16,5.737868174181032e-16,5.737868174181032e-16,5.737868174181032e-16,5.737868174181032e-16,5.737868174181032e-16,5.737868174181032e-16,5.737868174181032e-16,5.737868174181032e-16,8.394315332751288e-17]"
19.900000000000013,sqp_rti,0,"[0.06049245008227102,-0.6264648823739258,0.06401248480330389]",2.016319398257074,0.016477450728416443,"[-2.980232227667301e-09,0.017993622826385114,0.09196326062123933,0.13704217765096144,0.18166102222151875,0.18751340153083335,0.5969456813571046,0.7217418250784167,0.7696920625484214,0.8747508448133778,1.00168500659326,1.1739472626626408,1.4496980714068932,1.9678626689863534,2.7870254473898344,2.8915902966324127,2.4168413639709785,2.1255240476077306,1.972112178728733,2.1690782215984656,2.727877882673103]","[null,3.679150479029981e-14,3.699653106539025e-14,3.7411819999281407e-14,3.6921542072788e-14,3.687018139028782e-14,3.713054881220113e-14,3.713054881220113e-14,3.713054881220113e-14,3.713054881220113e-14,3.713054881220113e-14,3.713054881220113e-14,3.713054881220113e-14,3.713054881220113e-14,3.713054881220113e-14,3.713054881220113e-14,3.713054881220113e-14,3.713054881220113e-14,3.713054881220113e-14,3.713054881220113e-14,6.440183834372368e-15]"
20.000000000000014,sqp_rti,0,"[0.08215070747142311,-0.2717158224491012,0.08997427162712869]",2.020316627207998,0.013173527084290981,"[-2.980232227667301e-09,-2.980232227667301e-09,-2.9802321721561498e-09,0.04794068133163326,0.10306562929613944,0.1972367299362226,0.5703992592740377,0.6730222818516125,0.7221418653416538,0.8268405741786402,0.9425288576939763,1.1388113115105625,1.453207983183266,2.1860461421798165,2.776978554116238,2.5553048158121543,2.1518887489412117,1.8890080163748493,1.881577812271957,2.218536850628934,2.8057460826047746]","[null,2.2916102162234722e-12,2.291610216223188e-12,2.282317925120662e-12,2.2903224109953286e-12,2.2875283710636526e-12,2.291610216197054e-12,2.291610216197054e-12,2.291610216197054e-12,2.291610216197054e-12,2.291610216197054e-12,2.291610216197054e-12,2.291610216197054e-12,2.291610216197054e-12,2.291610216197054e-12,2.291610216197054e-12,2.291610216197054e-12,2.291610216197054e-12,2.291610216197054e-12,2.291610216197054e-12,5.906911141727539e-13]"
20.100000000000016,sqp_rti,0,"[0.10026940274691415,-0.5394566150389879,0.07996163067060637]",2.0343435245467454,0.013099289499223232,"[-2.980232227667301e-09,0.020377235865213283,0.10704055041126753,0.05680762467471984,0.15182553550017702,0.1671020826655905,0.6583300500169471,0.7187738415775289,0.8163048456531328,0.9372503785600343,1.093781823702234,1.3480078047839867,1.8312356247379185,2.6684113240829506,2.815396883926266,2.346310349118828,2.043585548382695,1.8895829956516799,2.0176681170082746,2.528863798335945,3.0674228201510774]","[null,1.4100604165837765e-13,1.408862262530454e-13,1.4130083825044739e-13,1.4099637432033848e-13,1.4125210764578028e-13,1.4170336319354532e-13,1.4170336319354532e-13,1.4170336319354532e-13,1.4170336319354532e-13,1.4170336319354532e-13,1.4170336319354532e-13,1.4170336319354532e-13,1.4170336319354532e-13,1.4170336319354532e-13,1.4170336319354532e-13,1.4170336319354532e-13,1.4170336319354532e-13,1.4170336319354532e-13,1.4170336319354532e-13,2.4678945230054972e-14]"
20.200000000000017,sqp_rti,0,"[0.059888645088689865,-0.26538175699921357,0.11014414484106552]",2.039465810564603,0.012087682262063026,"[-2.980232227667301e-09,0.11126322187743193,0.10527337738266757,0.0819316120862979,-2.399621917836825e-09,0.1764562990635355,0.5877979888247971,0.6551892507076686,0.7689453952547243,0.8856965540024013,1.080130026931873,1.393730819024438,2.191151923579466,2.692448282666388,2.3959593619946036,1.9976942625723992,1.7724826831012386,1.7729178800473988,2.045163363423325,2.658303206464038,2.9972019929144524]","[null,3.5596811503134824e-16,3.564261845609737e-16,3.5633155682616224e-16,3.5694545953641686e-16,3.5647944946852777e-16,3.5694542888428606e-16,3.5694542888428606e-16,3.5694542888428606e-16,3.5694542888428606e-16,3.5694542888428606e-16,3.5694542888428606e-16,3.5694542888428606e-16,3.5694542888428606e-16,3.5694542888428606e-16,3.5694542888428606e-16,3.5694542888428606e-16,3.5694542888428606e-16,3.5694542888428606e-16,3.5694542888428606e-16,5.1510992806948284e-17]"
20.30000000000002,sqp_rti,0,"[0.16605268160170955,-0.3303045209084552,0.14197900432416027]",2.043417639415592,0.01221102848649025,"[-2.980232227667301e-09,0.0009213691841989946,0.15857707306757157,-2.980232227667301e-09,0.16365704898214234,0.14879826132603285,0.5643375353112716,0.6502296170745374,0.7622297441788184,0.9053923824758641,1.1199407468520668,1.6506102214682812,2.5749899803685397,2.5225803240985103,2.020388489641218,1.7078452078811714,1.6714416914658237,1.770759468517572,2.2749415604936276,2.8758867729716373,2.758322059461155]","[null,1.1286857415750371e-15,1.1297247343619919e-15,1.1423130992485868e-15,1.1417957774636644e-15,1.1305218558076474e-15,1.1423130992742342e-15,1.1423130992742342e-15,1.1423130992742342e-15,1.1423130992742342e-15,1.1423130992742342e-15,1.1423130992742342e-15,1.1423130992742342e-15,1.1423130992742342e-15,1.1423130992742342e-15,1.1423130992742342e-15,1.1423130992742342e-15,1.1423130992742342e-15,1.1423130992742342e-15,1.1423130992742342e-15,2.3295589388443836e-16]"
20.40000000000002,sqp_rti,0,"[0.08302127331914269,-0.5103991843001574,0.07539475852533876]",2.0654650737344578,0.013846300542354584,"[-2.980232227667301e-09,0.1983269608853398,0.1947527196668844,0.4012779664378641,null,0.20419416729155843,0.579101847884705,0.668659725652305,0.792025451079218,0.9602885565588906,1.245250823224805,2.080036323514446,2.6059586230517313,2.154788891950358,1.7892162833285112,1.6434254443722878,1.6635073963733518,1.8820988574919155,2.5254596778492244,2.9480860828308524,2.4881096651616774]","[null,8.173712662419091e-16,8.213655139684423e-16,8.400939614428722e-16,8.28058331297691e-16,8.212166077658798e-16,8.28058331458038e-16,8.28058331458038e-16,8.28058331458038e-16,8.28058331458038e-16,8.28058331458038e-16,8.28058331458038e-16,8.28058331458038e-16,8.28058331458038e-16,8.28058331458038e-16,8.28058331458038e-16,8.28058331458038e-16,8.28058331458038e-16,8.28058331458038e-16,8.28058331458038e-16,1.523931519203189e-16]"
20.50000000000002,sqp_rti,0,"[0.08465073683623098,-0.6364736638197916,0.08744899299966816]",2.0731789657160027,0.012442532926797867,"[-2.980232227667301e-09,-2.980232227667301e-09,0.18835189339015274,-2.980232227667301e-09,0.14981967118164335,0.17610891594251826,0.5192274300094482,0.6459385351997227,0.7892547338311686,0.9622524268637072,1.3550650014216685,2.283865970748349,2.4081499518969425,1.9566920141186557,1.6287622892285938,1.5835858367884625,1.6393913111442096,2.027679320475497,2.752427722187858,2.814736983291529,2.073800822172651]","[null,1.2800083211114433e-11,1.2793155460100345e-11,1.2800083211115194e-11,1.2774409298633177e-11,1.281226447094173e-11,1.2800083210531334e-11,1.2800083210531334e-11,1.2800083210531334e-11,1.2800083210531334e-11,1.2800083210531334e-11,1.2800083210531334e-11,1.2800083210531334e-11,1.2800083210531334e-11,1.2800083210531334e-11,1.2800083210531334e-11,1.2800083210531334e-11,1.2800083210531334e-11,1.2800083210531334e-11,1.2800083210531334e-11,3.713963636635573e-12]"
20.600000000000023,sqp_rti,0,"[0.04230347591492772,-0.57618166511627,0.07701176767711315]",2.0812594115310494,0.011021308600902557,"[-2.980232227667301e-09,0.18879555075629711,0.18280582570102127,0.3353982715424351,null,0.06694247554760296,0.5362325138001409,0.6897939775080679,0.8228481627788191,1.019070795467482,1.7022953120788429,2.6472228845006898,2.155639131572319,1.6947239881737317,1.5788541664473328,1.607181827039345,1.7355957388675918,2.4549909266745944,3.013291505503429,2.379955554768043,1.5481068687089106]","[null,2.1541782614314812e-14,2.163160979390276e-14,2.1695723557299425e-14,2.1635286505578253e-14,2.1574997064906244e-14,2.1635286505738196e-14,2.1635286505738196e-14,2.1635286505738196e-14,2.1635286505738196e-14,2.1635286505738196e-14,2.1635286505738196e-14,2.1635286505738196e-14,2.1635286505738196e-14,2.1635286505738196e-14,2.1635286505738196e-14,2.1635286505738196e-14,2.1635286505738196e-14,2.1635286505738196e-14,2.1635286505738196e-14,3.4052489664656602e-15]"
20.700000000000024,sqp_rti,0,"[0.15364370815430156,-0.49698173682904057,0.0931136461395429]",2.0866638504597557,0.00978245958685875,"[-2.980232227667301e-09,-2.980232227667301e-09,0.18885781789919492,-2.980232227667301e-09,0.0869508748627908,0.18013155470326297,0.55984143327736,0.7204865318142495,0.8514170705982493,1.125263155491507,2.1585677141595427,2.510477569316916,1.8906775208834332,1.553431658507958,1.547168144328478,1.5888727454334386,1.8609721302436995,2.7366534521898105,2.9169464483410907,1.9724665697804304,1.376305388284744]","[null,1.7999636556998266e-13,1.7929714301682598e-13,1.7999636557001982e-13,1.789468094815068e-13,1.79023811201452e-13,1.7999636557831747e-13,1.7999636557831747e-13,1.7999636557831747e-13,1.7999636557831747e-13,1.7999636557831747e-13,1.7999636557831747e-13,1.7999636557831747e-13,1.7999636557831747e-13,1.7999636557831747e-13,1.7999636557831747e-13,1.7999636557831747e-13,1.7999636557831747e-13,1.7999636557831747e-13,1.7999636557831747e-13,2.4573613267605262e-14]"
20.800000000000026,sqp_rti,0,"[0.07679698987096187,-1.1999999459684063,0.09717002452729287]",2.103917006763575,0.009330987930297852,"[-2.980232227667301e-09,0.3038872594775029,0.1924109007666573,-2.9804099188623923e-09,0.20673443932060992,null,0.5757521522993982,0.7292523479665654,0.8651910449417535,1.2483845545789307,2.403514853264949,2.2508516474493208,1.683159993938223,1.5100519655620175,1.539164458670325,1.5971719749209654,2.087519252765543,3.0191658673031414,2.595289439620058,1.5785396804919472,1.3020417392570944]","[null,5.512730849706183e-16,5.489831354510225e-16,5.498804183552827e-16,5.494364804864767e-16,5.4988041835811e-16,5.498804183583119e-16,5.498804183583119e-16,5.498804183583119e-16,5.498804183583119e-16,5.498804183583119e-16,5.498804183583119e-16,5.498804183583119e-16,5.498804183583119e-16,5.498804183583119e-16,5.498804183583119e-16,5.498804183583119e-16,5.498804183583119e-16,5.498804183583119e-16,5.498804183583119e-16,7.684850729130323e-17]"
20.900000000000027,sqp_rti,0,"[0.09926812510359637,-1.1999999926717482,0.10289497359441083]",2.112334329250322,0.008609980344772339,"[-2.980232227667301e-09,-2.980232227667301e-09,0.006884942628144597,0.08418694216701966,0.0429827802564276,0.18134253223087599,0.44406897703138953,0.5895877268765026,0.8507318146657041,1.8467913239715557,2.1208142105774614,1.6042972355740417,1.3858984030074921,1.4221402455958099,1.473379935071219,1.6045801517217597,2.559423273910096,2.9243876905210273,1.6414258721846309,1.2119640071561981,1.2417095888958982]","[null,3.48331515509313e-14,3.433902202418672e-14,3.454055398533871e-14,3.43991710081375e-14,3.487463931095936e-14,3.483315155666926e-14,3.483315155666926e-14,3.483315155666926e-14,3.483315155666926e-14,3.483315155666926e-14,3.483315155666926e-14,3.483315155666926e-14,3.483315155666926e-14,3.483315155666926e-14,3.483315155666926e-14,3.483315155666926e-14,3.483315155666926e-14,3.483315155666926e-14,3.483315155666926e-14,6.8132321161403656e-15]"
21.00000000000003,sqp_rti,0,"[0.055767232486203556,-0.9146062479554169,0.0841542956657255]",2.1237496448862188,0.008306242525577545,"[-2.980232227667301e-09,0.2843484252463327,-8.235261583777742e-09,0.29981386899511336,0.11557732353595612,0.20313087896266496,0.41252283136476536,0.5165081868255086,1.196417497807613,1.6601159251469084,1.1872849430062444,1.0515896916571463,1.1059867016958804,1.1743225602765903,1.2525863055285285,1.6154477225776815,2.8327637184548964,1.85349301173692,1.1645141327946689,1.1109202525994106,1.190491976511631]","[null,3.7955240372998125e-13,3.7848859151183337e-13,3.784016219111309e-13,3.781664131474053e-13,3.785354749724368e-13,3.7848859115960104e-13,3.7848859115960104e-13,3.7848859115960104e-13,3.7848859115960104e-13,3.7848859115960104e-13,3.7848859115960104e-13,3.7848859115960104e-13,3.7848859115960104e-13,3.7848859115960104e-13,3.7848859115960104e-13,3.7848859115960104e-13,3.7848859115960104e-13,3.7848859115960104e-13,3.7848859115960104e-13,4.1835279218624785e-14]"
21.10000000000003,sqp_rti,0,"[0.06584220635740444,-0.5710555060195182,0.10764022967832212]",2.1266690040692735,0.008068621158599854,"[-2.980232227667301e-09,0.03210661814680266,0.24410602449284796,0.22869352550142424,-2.980232227667301e-09,0.18910533283390835,0.3426054718206942,0.4359475420634425,1.07089908246935,1.1671401697875126,0.8599357877338292,0.8781150221661604,0.9609261472117765,1.0531532219303485,1.1696055732021662,1.7557804013267002,2.435083573307222,1.3494982270923088,1.0687925232305815,1.1042548047184588,1.199699552454885]","[null,4.011210089211946e-14,4.0821130586582235e-14,4.033001932530563e-14,4.041135268189968e-14,4.031933517666453e-14,4.0411352684137674e-14,4.0411352684137674e-14,4.0411352684137674e-14,4.0411352684137674e-14,4.0411352684137674e-14,4.0411352684137674e-14,4.0411352684137674e-14,4.0411352684137674e-14,4.0411352684137674e-14,4.0411352684137674e-14,4.0411352684137674e-14,4.0411352684137674e-14,4.0411352684137674e-14,4.0411352684137674e-14,6.286800944530311e-15]"
21.20000000000003,sqp_rti,0,"[0.088667071709288,-0.785833844238409,0.09804293136460726]",2.1392925594341254,0.008070841431617737,"[-2.980232227667301e-09,0.15930184681100173,-2.980232227667301e-09,0.16042724430920147,0.23329143586223183,0.18382157238318514,0.30812373076782223,0.5724821159042193,1.196276258061016,0.907382271096506,0.8064142122989011,0.880635964038629,0.9712138735156628,1.0734010616308012,1.337369489274505,2.675798687992807,1.6446382737323233,1.0711289113890927,1.0448409379571728,1.1181449909693064,1.300206173692129]","[null,1.5572789351271627e-13,1.5639713933151054e-13,1.555281925663189e-13,1.5606178490615998e-13,1.5660086212619358e-13,1.5639713933579306e-13,1.5639713933579306e-13,1.5639713933579306e-13,1.5639713933579306e-13,1.5639713933579306e-13,1.5639713933579306e-13,1.5639713933579306e-13,1.5639713933579306e-13,1.5639713933579306e-13,1.5639713933579306e-13,1.5639713933579306e-13,1.5639713933579306e-13,1.5639713933579306e-13,1.5639713933579306e-13,2.6125543708867392e-14]"
21.300000000000033,sqp_rti,0,"[0.09648123563434388,-0.968493457083822,0.1272221380026827]",2.143157246750296,0.008487086743116379,"[-2.980232227667301e-09,0.17783601187860826,0.31371834975851415,0.18541861145285737,0.17422025671882296,0.19880679779581883,0.2938701877554067,0.755762708169567,0.7133403401302132,0.5767116795519456,0.6264581123383521,0.7090546484412854,0.8087211136442718,0.9333581211627944,1.5620170041990888,2.147338697060232,1.1943553001050844,0.9823168470630861,1.0012646853305902,1.0948335267747609,1.5068338857960277]","[null,1.5037899287368861e-15,1.5112601521114272e-15,1.5042267529014976e-15,1.5055685280283518e-15,1.5223671790633847e-15,1.514504815101582e-15,1.514504815101582e-15,1.514504815101582e-15,1.514504815101582e-15,1.514504815101582e-15,1.514504815101582e-15,1.514504815101582e-15,1.514504815101582e-15,1.514504815101582e-15,1.514504815101582e-15,1.514504815101582e-15,1.514504815101582e-15,1.514504815101582e-15,1.514504815101582e-15,2.2211435514917673e-16]"
21.400000000000034,sqp_rti,0,"[0.055985354564146536,-0.6384572424750603,0.1055069154538131]",2.1551250993482194,0.009478811174631119,"[-2.980232227667301e-09,0.1766918450633213,0.029251488016723226,0.12469565266114985,0.16681655520402644,0.1953258938056031,0.5668254679272564,0.791344775235342,0.5769144487293445,0.6100785795879176,0.684990742928673,0.7796804170671379,0.8902957744081135,1.09440127975179,2.4025536894331028,1.3467776561008022,0.9694633918040807,0.9649486063603419,1.016855252710262,1.2095359684815932,1.8704462124710204]","[null,8.372020011937206e-13,8.370418372043818e-13,8.389636974363322e-13,8.39039443662535e-13,8.469239892536032e-13,8.404188412774407e-13,8.404188412774407e-13,8.404188412774407e-13,8.404188412774407e-13,8.404188412774407e-13,8.404188412774407e-13,8.404188412774407e-13,8.404188412774407e-13,8.404188412774407e-13,8.404188412774407e-13,8.404188412774407e-13,8.404188412774407e-13,8.404188412774407e-13,8.404188412774407e-13,1.1002848147126071e-13]"
21.500000000000036,sqp_rti,0,"[0.15109343042267698,-0.5843212764574753,0.13859650869000376]",2.1596308439316294,0.010211031883955002,"[-2.980232227667301e-09,0.0007887521726204771,0.10830976068546933,0.16475330051804066,0.20047351721725165,0.2931464989343951,0.5084477544103378,0.33350297100782883,0.33701392423303106,0.3868848994192973,0.4660132103482127,0.570572336259002,0.7146130563588613,1.4593840955148323,1.7264116036820496,0.9964876082825327,0.8844915831377491,0.9047040277712035,0.9802072454392785,1.3653080424600545,2.201962177225778]","[null,3.828121216343928e-17,3.801116283985251e-17,3.794428977361112e-17,3.816151663817334e-17,3.8245792166017344e-17,3.821480352478061e-17,3.821480352478061e-17,3.821480352478061e-17,3.821480352478061e-17,3.821480352478061e-17,3.821480352478061e-17,3.821480352478061e-17,3.821480352478061e-17,3.821480352478061e-17,3.821480352478061e-17,3.821480352478061e-17,3.821480352478061e-17,3.821480352478061e-17,3.821480352478061e-17,6.8315050800850405e-18]"
21.600000000000037,sqp_rti,0,"[0.12599169142828548,-0.40720509141642336,0.13587409799793443]",2.174070540554393,0.01156628504395485,"[-2.980232227667301e-09,0.12258044611138247,0.16148489707532293,0.17988309208403025,0.16851379919156245,0.2496730337002518,0.5679892579580297,0.3947538294805753,0.41988830828326656,0.4885575477236415,0.5836241806875122,0.6992562433240976,0.8314502843902403,2.007510741686713,1.4675240604321231,0.9488360927356119,0.8956095054791617,0.9188696636911942,0.9902664199580407,1.3618508603776547,2.157526522088827]","[null,2.550757955862161e-15,2.5398456668824395e-15,2.534553208792117e-15,2.5587913158966994e-15,2.5613003148043065e-15,2.5660455015741285e-15,2.5660455015741285e-15,2.5660455015741285e-15,2.5660455015741285e-15,2.5660455015741285e-15,2.5660455015741285e-15,2.5660455015741285e-15,2.5660455015741285e-15,2.5660455015741285e-15,2.5660455015741285e-15,2.5660455015741285e-15,2.5660455015741285e-15,2.5660455015741285e-15,2.5660455015741285e-15,6.617117667484857e-16]"
21.70000000000004,sqp_rti,0,"[0.16600576884254292,-0.6932733213471609,0.15509305519997876]",2.1864207269538927,0.012909714132547379,"[-2.980232227667301e-09,0.05495666232736768,0.1324286129987982,0.18452607716970776,0.33421828545489235,0.18938656807430015,0.14150826612395556,0.14994596431213908,0.1725842300633234,0.222771078821354,0.3034454480509144,0.4159552432081551,0.6971986849428375,1.555960636687186,1.0410425961484584,0.8177248838614595,0.8116858610561237,0.8358436892031704,0.9138642714671767,1.2611569599954933,2.030016271787628]","[null,8.311619945822222e-12,8.276463468676712e-12,8.348313386705971e-12,8.316284940571165e-12,8.360518411129852e-12,8.367381803536716e-12,8.367381803536716e-12,8.367381803536716e-12,8.367381803536716e-12,8.367381803536716e-12,8.367381803536716e-12,8.367381803536716e-12,8.367381803536716e-12,8.367381803536716e-12,8.367381803536716e-12,8.367381803536716e-12,8.367381803536716e-12,8.367381803536716e-12,8.367381803536716e-12,1.8671856959160023e-12]"
21.80000000000004,sqp_rti,0,"[0.16635187281122688,-0.5181746463826066,0.1464937125263573]",2.202145790357966,0.016125071793794632,"[-2.980232227667301e-09,0.03549579202771086,0.0650012287238429,0.11937823871709058,0.07048745138354101,0.06890737992936186,0.08615984343304445,0.11001257857133845,0.15674098048024449,0.23173508634597867,0.33645651474733357,0.4626519212463947,1.2979915292540454,1.2934048992633336,0.7967087296420103,0.7643928375885103,0.7928377068857457,0.8226158192027249,0.9057484995231,1.2484366585109015,1.9710534077343709]","[null,8.74768871543781e-13,8.819632855491615e-13,8.745081272267862e-13,8.824261167925541e-13,8.779587536683543e-13,8.805640289099805e-13,8.805640289099805e-13,8.805640289099805e-13,8.805640289099805e-13,8.805640289099805e-13,8.805640289099805e-13,8.805640289099805e-13,8.805640289099805e-13,8.805640289099805e-13,8.805640289099805e-13,8.805640289099805e-13,8.805640289099805e-13,8.805640289099805e-13,8.805640289099805e-13,1.720476441360703e-13]"
21.90000000000004,sqp_rti,0,"[0.16400696719485822,-0.4252326406486494,0.13671450530684734]",2.2176976096556538,0.019198819994926453,"[-2.980232227667301e-09,0.0003810694164317896,0.0018663955628664408,0.0021994510113766963,0.003414026532264691,0.004050740515492868,0.005808255887338742,0.01468479924246574,0.04198181285923358,0.1036677766474286,0.2091992759069779,0.5039229934480545,1.2286319603792009,0.8348993962724378,0.673797518555088,0.7045726077071925,0.7413709321392765,0.7690907040982402,0.8559216707419324,1.184082053515614,1.932033917015329]","[null,1.8962757884744693e-16,1.8941374757323368e-16,1.9219851894712837e-16,1.9154772901350197e-16,1.9108456086011468e-16,1.8952667499585804e-16,1.8952667499585804e-16,1.8952667499585804e-16,1.8952667499585804e-16,1.8952667499585804e-16,1.8952667499585804e-16,1.8952667499585804e-16,1.8952667499585804e-16,1.8952667499585804e-16,1.8952667499585804e-16,1.8952667499585804e-16,1.8952667499585804e-16,1.8952667499585804e-16,1.8952667499585804e-16,3.511023383417703e-17]"
22.000000000000043,sqp_rti,0,"[0.15407936977209555,-0.3279928763174397,0.14394107396493527]",2.229019372463294,0.021698109805583954,"[-2.980232227667301e-09,-4.061625091811294e-09,1.2391864924687912e-05,0.00011805246115231816,0.00017947450297309264,0.00025449628476234554,0.0013036351978294447,0.00845476714945631,0.037099070688852154,0.10691543212860283,0.2338411616452561,0.837418027610721,1.0292810983995693,0.636829661111183,0.6463934836324448,0.6899324024116751,0.723611058608072,0.7476146315170744,0.8382184701426041,1.1599362214268865,1.9498326975964744]","[null,2.495035886158268e-13,2.524216144984869e-13,2.570932587122038e-13,2.7107572051505827e-13,2.5302668707569057e-13,2.4950351516609975e-13,2.4950351516609975e-13,2.4950351516609975e-13,2.4950351516609975e-13,2.4950351516609975e-13,2.4950351516609975e-13,2.4950351516609975e-13,2.4950351516609975e-13,2.4950351516609975e-13,2.4950351516609975e-13,2.4950351516609975e-13,2.4950351516609975e-13,2.4950351516609975e-13,2.4950351516609975e-13,8.673369332672494e-14]"
22.100000000000044,sqp_rti,0,"[0.15112219295691096,-0.2576529177941057,0.13474521153772115]",2.2434063825494506,0.022236835211515427,"[-2.980232227667301e-09,-6.537012764429306e-09,1.1930311794861037e-06,4.710869125013062e-06,7.2934003115254775e-06,7.818982633286953e-05,0.0012782302680710012,0.0105299049403354,0.045894109949564305,0.12373719008530665,0.39221093219401554,0.997800866201257,0.726919542677156,0.5947381141489003,0.6411814435105512,0.6822503734424792,0.707091361254762,0.7294702730528939,0.825368762512739,1.1423520826674831,2.0870134245949687]","[null,1.449739939705006e-15,1.4514123659149177e-15,1.4551922028920795e-15,1.4573702170045857e-15,1.6213800277440498e-15,1.449736698005188e-15,1.449736698005188e-15,1.449736698005188e-15,1.449736698005188e-15,1.449736698005188e-15,1.449736698005188e-15,1.449736698005188e-15,1.449736698005188e-15,1.449736698005188e-15,1.449736698005188e-15,1.449736698005188e-15,1.449736698005188e-15,1.449736698005188e-15,1.449736698005188e-15,2.862953641927539e-16]"
22.200000000000045,sqp_rti,0,"[0.14788314864156962,-0.44487223571241385,0.12565057179312766]",2.25755841343334,0.022847402840852737,"[-2.980232227667301e-09,-2.980214186543151e-09,5.942971115224793e-10,2.6799328867177508e-09,9.236571521520354e-08,4.3948288094980414e-05,0.0016738152767755143,0.014769117411694233,0.06096682499584655,0.18015699870176577,0.7027402314913302,0.8231715057236186,0.5556457011171065,0.590195303134341,0.6407064167721319,0.6741760972891029,0.6895228401158888,0.7203058529477466,0.824483833651027,1.3012226747727282,2.0153795470725138]","[null,1.694934648055841e-14,1.6949346523662275e-14,1.6949348633888875e-14,1.6950462107878128e-14,1.9294848624221315e-14,1.6949346480695735e-14,1.6949346480695735e-14,1.6949346480695735e-14,1.6949346480695735e-14,1.6949346480695735e-14,1.6949346480695735e-14,1.6949346480695735e-14,1.6949346480695735e-14,1.6949346480695735e-14,1.6949346480695735e-14,1.6949346480695735e-14,1.6949346480695735e-14,1.6949346480695735e-14,1.6949346480695735e-14,3.4812174696350775e-15]"
22.300000000000047,sqp_rti,0,"[0.1477783497688473,-0.1539318968978664,0.11891713228077769]",2.271650044161991,0.025283263996243477,"[-2.980232227667301e-09,-2.980232227667301e-09,-2.9802319778671205e-09,-2.637850549103149e-09,4.1564752239875435e-05,0.003575003458736792,0.03679738213722211,0.1298209198831451,0.26560795734769443,0.7129031010596918,1.2055941908473684,0.6361152782928883,0.636415102036129,0.6827809044512392,0.7354541311779854,0.7681374762931898,0.8270311230272636,1.058189657097352,1.6682343250324905,2.246419007018422,1.8010558742350156]","[null,1.5042660248861634e-13,1.5042660248861715e-13,1.5042739489619415e-13,1.507830371663094e-13,1.5192855779523388e-13,1.5042660248404504e-13,1.5042660248404504e-13,1.5042660248404504e-13,1.5042660248404504e-13,1.5042660248404504e-13,1.5042660248404504e-13,1.5042660248404504e-13,1.5042660248404504e-13,1.5042660248404504e-13,1.5042660248404504e-13,1.5042660248404504e-13,1.5042660248404504e-13,1.5042660248404504e-13,1.5042660248404504e-13,3.5577816067942886e-14]"
22.40000000000005,sqp_rti,0,"[0.15055324254693048,-0.2798618333619117,0.11608302398333348]",2.2861434562396896,0.02570853754878044,"[-2.980232227667301e-09,-2.980232144400574e-09,3.1957178847630274e-09,6.109583335162094e-06,0.0003886849041728757,0.004321878398873047,0.02215496168227543,0.07145294612163805,0.2791753373453261,0.7240884103592691,0.6125135750158044,0.5150221005078002,0.5794325861684448,0.6301733555151194,0.6597765914955154,0.670616457932655,0.6927571590215187,0.7874307183264218,1.112424246937448,2.1518296952440332,2.204158550326956]","[null,4.0511191654270215e-12,4.051122337936814e-12,4.07646745885064e-12,4.065978506599498e-12,4.209204052469138e-12,4.05111916541087e-12,4.05111916541087e-12,4.05111916541087e-12,4.05111916541087e-12,4.05111916541087e-12,4.05111916541087e-12,4.05111916541087e-12,4.05111916541087e-12,4.05111916541087e-12,4.05111916541087e-12,4.05111916541087e-12,4.05111916541087e-12,4.05111916541087e-12,4.05111916541087e-12,9.725665575757453e-13]"
22.50000000000005,sqp_rti,0,"[0.1386110812339612,-0.15499695198777597,0.13903303156461957]",2.293962746173844,0.02368779480457306,"[-2.980232227667301e-09,-4.079553306279848e-09,3.1835065974705756e-05,0.001488563486568728,0.013369116484851562,0.057954123171333916,0.15135263588175435,0.47850694760660134,1.0961100381091569,0.578057654692185,0.5654286697949906,0.6108381814384536,0.6532720019068676,0.6877924031811957,0.7098250468074176,0.8131533667398798,1.2122107474748176,2.1361087747682435,1.9433262454316889,1.9942613194597,1.3774755388264655]","[null,7.56859980926594e-15,7.582684568214415e-15,7.588804011494053e-15,7.558504954720955e-15,7.567006174133872e-15,7.568598600216267e-15,7.568598600216267e-15,7.568598600216267e-15,7.568598600216267e-15,7.568598600216267e-15,7.568598600216267e-15,7.568598600216267e-15,7.568598600216267e-15,7.568598600216267e-15,7.568598600216267e-15,7.568598600216267e-15,7.568598600216267e-15,7.568598600216267e-15,7.568598600216267e-15,1.0555760972654504e-15]"
22.60000000000005,sqp_rti,0,"[0.13585891754332816,-0.16205504487159308,0.12536875906733178]",2.3082287556491607,0.02299276366829872,"[-2.980232227667301e-09,-4.625510641176334e-09,5.287364468586908e-05,0.0021661087449154626,0.01792396147805081,0.06928619995955271,0.2545238981761571,0.7955869489756082,0.6132021437067408,0.5025001961802438,0.5641243288879678,0.6146995249728746,0.6488553309138119,0.66593543078097,0.6883899354513623,0.7885602954071274,1.0827889299267823,2.1914821810643845,1.9005707492775386,1.610091541742254,0.928492706221661]","[null,6.319182511783048e-12,6.331518774357669e-12,6.328935225093031e-12,6.290693464639912e-12,6.3204676636483516e-12,6.319179879251465e-12,6.319179879251465e-12,6.319179879251465e-12,6.319179879251465e-12,6.319179879251465e-12,6.319179879251465e-12,6.319179879251465e-12,6.319179879251465e-12,6.319179879251465e-12,6.319179879251465e-12,6.319179879251465e-12,6.319179879251465e-12,6.319179879251465e-12,6.319179879251465e-12,9.37599258986224e-13]"
22.700000000000053,sqp_rti,0,"[0.13530185572281217,-0.13300127203723555,0.10808784606222027]",2.3236522414901075,0.022460157051682472,"[-2.980232227667301e-09,4.1848889140161383e-07,0.00046711100488694424,0.008045046076297357,0.0431000371479387,0.14793960186632377,0.6442816826809661,0.6932228369151232,0.46997778389075223,0.5251190992674004,0.5809668516679636,0.6221349803819407,0.6466747196846263,0.65559786865401,0.6810479982921798,0.785281078489114,1.103315222776854,2.1585128043270494,2.0033228947648256,1.0800185367436341,1.137092716477295]","[null,5.078951777849854e-17,5.087808980341123e-17,5.0582232120181734e-17,5.0725994349653474e-17,5.075075376127869e-17,5.078303539668251e-17,5.078303539668251e-17,5.078303539668251e-17,5.078303539668251e-17,5.078303539668251e-17,5.078303539668251e-17,5.078303539668251e-17,5.078303539668251e-17,5.078303539668251e-17,5.078303539668251e-17,5.078303539668251e-17,5.078303539668251e-17,5.078303539668251e-17,5.078303539668251e-17,9.692024550055035e-18]"
22.800000000000054,sqp_rti,0,"[0.11488384092949798,-0.024900090976573502,0.1315973052482393]",2.328702297430876,0.022363964468240738,"[-2.980232227667301e-09,1.3085044769850507e-05,0.0020949924388476426,0.01797054616886512,0.06629493060881836,0.3077448867829247,0.6679018249323547,0.46940872755443835,0.532072306994732,0.5908782779252071,0.6272235654642528,0.6472209710745005,0.6726789013374705,0.805572605528998,1.294035216309308,2.0393036943083986,1.8038939993469227,1.8286823701998027,1.0734127307067787,1.2304136673392392,1.5392092871703162]","[null,4.095762953694359e-17,4.0666312658455533e-17,4.0688576017847245e-17,4.088808733839761e-17,4.077455868875386e-17,4.085518008383986e-17,4.085518008383986e-17,4.085518008383986e-17,4.085518008383986e-17,4.085518008383986e-17,4.085518008383986e-17,4.085518008383986e-17,4.085518008383986e-17,4.085518008383986e-17,4.085518008383986e-17,4.085518008383986e-17,4.085518008383986e-17,4.085518008383986e-17,4.085518008383986e-17,7.401365494680309e-18]"
22.900000000000055,sqp_rti,0,"[0.11724645371571418,-0.05509723884822723,0.11232327159486603]",2.343182168119875,0.023066632449626923,"[-2.980232227667301e-09,1.7997062043417777e-07,0.00038052193487642105,0.0068145756386358,0.05385825937227723,0.20329337622964233,0.44452526311213064,0.4679850706538787,0.5722635420579294,0.6281559622369624,0.6522983414922023,0.6669509391020056,0.7563822692894007,1.0516166868676293,2.271580042558033,1.8429955637638649,2.0438193243272336,1.064125871068488,1.2189061061482043,1.4870676276329202,1.6088250535498225]","[null,1.271865445454612e-14,1.258232139138627e-14,1.249840979866974e-14,1.2672331967404414e-14,1.2568365329376213e-14,1.2717822158099359e-14,1.2717822158099359e-14,1.2717822158099359e-14,1.2717822158099359e-14,1.2717822158099359e-14,1.2717822158099359e-14,1.2717822158099359e-14,1.2717822158099359e-14,1.2717822158099359e-14,1.2717822158099359e-14,1.2717822158099359e-14,1.2717822158099359e-14,1.2717822158099359e-14,1.2717822158099359e-14,2.669065072346005e-15]"
23.000000000000057,sqp_rti,0,"[0.11775805197781672,-0.12728820350470033,0.08916762143032984]",2.3596480882731496,0.023602409288287163,"[-2.980232227667301e-09,8.348760105941766e-06,0.0021875144618608844,0.030926895419125355,0.11730775475014071,0.12408601979699513,0.3281103985972205,0.5050386869522734,0.6058051754335778,0.6424230992324051,0.6499755310247373,0.7016692313989601,0.904867843547305,1.9743343682729886,1.8229344749360046,2.1454093419549816,1.1095935079775685,1.1952546819281469,1.4204448024552974,1.4716796431696915,1.6937840276478464]","[null,2.527447035589594e-15,2.521961116073718e-15,2.5110921858977726e-15,2.514399495317915e-15,2.5258816517785828e-15,2.5227703151602734e-15,2.5227703151602734e-15,2.5227703151602734e-15,2.5227703151602734e-15,2.5227703151602734e-15,2.5227703151602734e-15,2.5227703151602734e-15,2.5227703151602734e-15,2.5227703151602734e-15,2.5227703151602734e-15,2.5227703151602734e-15,2.5227703151602734e-15,2.5227703151602734e-15,2.5227703151602734e-15,3.7428146585140256e-16]"
23.10000000000006,sqp_rti,0,"[0.1088482302925519,-0.26471351013822464,0.11271041195869569]",2.3657071993604726,0.022138597443699837,"[-2.980232227667301e-09,0.0002027932119310627,0.022335190554699846,0.12133538021338525,0.12232096592274716,0.15776598737226594,0.392967215669114,0.5540171846394715,0.621726845331432,0.6346927587903195,0.6568607003865672,0.802451921602082,1.6269936233193902,1.8793716906087539,2.0600156949852435,1.2280535900220826,1.1407200880019228,1.3436681571623168,1.3170670802360183,1.4101456531534524,2.011079142982253]","[null,6.244359607717424e-14,6.172766009451985e-14,6.161873275790438e-14,6.219642363193923e-14,6.198374604852736e-14,6.211679451144289e-14,6.211679451144289e-14,6.211679451144289e-14,6.211679451144289e-14,6.211679451144289e-14,6.211679451144289e-14,6.211679451144289e-14,6.211679451144289e-14,6.211679451144289e-14,6.211679451144289e-14,6.211679451144289e-14,6.211679451144289e-14,6.211679451144289e-14,6.211679451144289e-14,1.344873123490424e-14]"
23.20000000000006,sqp_rti,0,"[0.09936452604542194,-0.22043309729751853,0.08279558086953263]",2.380527653059147,0.019238412380218506,"[-2.980232227667301e-09,0.0006870533915775412,0.08290784983684035,0.14141427651408095,0.1614055852921517,0.2039908698127995,0.4458748074817425,0.5776357100202538,0.6237657325506951,0.6355887725861684,0.721946894403289,1.0514936588209067,2.0720573970892646,1.8583535557883806,1.6366935758081211,1.0382903454446708,1.2942685882308644,1.2593085047306,1.2798839765063148,1.6502592479259028,2.341112125294221]","[null,1.0240036982023162e-14,1.0183211179489455e-14,1.020377145978679e-14,1.0194289383632862e-14,1.0205760718877982e-14,1.0209627254128965e-14,1.0209627254128965e-14,1.0209627254128965e-14,1.0209627254128965e-14,1.0209627254128965e-14,1.0209627254128965e-14,1.0209627254128965e-14,1.0209627254128965e-14,1.0209627254128965e-14,1.0209627254128965e-14,1.0209627254128965e-14,1.0209627254128965e-14,1.0209627254128965e-14,1.0209627254128965e-14,1.8097380406220236e-15]"
23.30000000000006,sqp_rti,0,"[0.08781054838976007,-0.1942140003396505,0.0991888616472269]",2.3858720945615848,0.016656627878546715,"[-2.980232227667301e-09,0.008767138757526827,0.0609770182324077,0.09756310204772306,0.1457705946862518,0.19790823127899132,0.44905410143976426,0.5888411504542626,0.6232906030115284,0.6457958761656097,0.8012513332745328,1.8987074298263777,1.793984352446025,2.192175164211883,1.019295501037903,1.2229090009252175,1.2353078001725655,1.2136427408810098,1.3986918987091774,2.1985216497854205,2.1160955931027603]","[null,6.143063076487143e-17,6.194525695418459e-17,6.158366906902012e-17,6.143100061415317e-17,6.154202761980178e-17,6.179931454656005e-17,6.179931454656005e-17,6.179931454656005e-17,6.179931454656005e-17,6.179931454656005e-17,6.179931454656005e-17,6.179931454656005e-17,6.179931454656005e-17,6.179931454656005e-17,6.179931454656005e-17,6.179931454656005e-17,6.179931454656005e-17,6.179931454656005e-17,6.179931454656005e-17,1.2216788528121053e-17]"
23.400000000000063,sqp_rti,0,"[0.07946485986250927,-0.16229998357787748,0.11928196286073092]",2.3892175150585446,0.015354283154010773,"[-2.980232227667301e-09,0.002949217903383705,0.035006493767380686,0.09140516928016212,0.1537111027734966,0.19701064664057172,0.4509811208599935,0.5813908895746145,0.6085221913194008,0.6775158803802774,1.0238534893188145,1.9955137120389395,1.8757080574418026,1.3482799103343523,1.1000955201423148,1.2626410026587436,1.1975114349427607,1.262321806919749,1.7851619176891809,2.3513646559292924,1.9297052960188361]","[null,1.2683705252548364e-15,1.0549784880803392e-15,1.0512523887068766e-15,1.0578774058375275e-15,1.0629412989670794e-15,1.0851723083947294e-15,1.0851723083947294e-15,1.0851723083947294e-15,1.0851723083947294e-15,1.0851723083947294e-15,1.0851723083947294e-15,1.0851723083947294e-15,1.0851723083947294e-15,1.0851723083947294e-15,1.0851723083947294e-15,1.0851723083947294e-15,1.0851723083947294e-15,1.0851723083947294e-15,1.0851723083947294e-15,2.9801607998187984e-16]"
23.500000000000064,sqp_rti,0,"[0.07592152795084485,-0.11961349165656981,0.08559966252080087]",2.4037220348541855,0.01437830924987793,"[-2.980232227667301e-09,0.0019872405694590367,0.03268173545251757,0.0852639132552831,0.1327142927116725,0.19656540870559952,0.453132187136373,0.5709663738380442,0.5973580832235779,0.7096250713427785,1.6401752127651121,1.7417424435746518,2.106291238915735,0.9942964105743897,1.1870067003856712,1.1692744067405527,1.1541576082476925,1.3481821100679958,2.204885796744091,2.285142454835605,1.7869328389872237]","[null,2.3643451058955732e-17,2.354589269988602e-17,2.3425366293745014e-17,2.348049608623785e-17,2.3581549243611763e-17,2.3519943224046167e-17,2.3519943224046167e-17,2.3519943224046167e-17,2.3519943224046167e-17,2.3519943224046167e-17,2.3519943224046167e-17,2.3519943224046167e-17,2.3519943224046167e-17,2.3519943224046167e-17,2.3519943224046167e-17,2.3519943224046167e-17,2.3519943224046167e-17,2.3519943224046167e-17,2.3519943224046167e-17,7.276057394775335e-18]"
23.600000000000065,sqp_rti,0,"[0.06914522683876204,-0.14604279433472822,0.10638651303002113]",2.4064598291637354,0.01373978704214096,"[-2.980232227667301e-09,0.004585457162291473,0.04123582946992316,0.09691967147163255,0.16443390219087634,0.19689713808873394,0.44596436980205995,0.5484684469482157,0.5955088441256204,0.7999161440523899,1.9790350744398146,1.6803738527346794,1.667392176822429,1.0122656351071664,1.2238741765840506,1.1448810503952542,1.198289081922472,1.6710592901469112,2.4329243831069656,2.1533201860425573,1.8748861310368115]","[null,5.0709029586197437e-14,4.902348107796162e-14,4.792348434509075e-14,4.747216485402959e-14,5.0441824915898e-14,4.839265337650207e-14,4.839265337650207e-14,4.839265337650207e-14,4.839265337650207e-14,4.839265337650207e-14,4.839265337650207e-14,4.839265337650207e-14,4.839265337650207e-14,4.839265337650207e-14,4.839265337650207e-14,4.839265337650207e-14,4.839265337650207e-14,4.839265337650207e-14,4.839265337650207e-14,1.711691060212029e-14]"
23.700000000000067,sqp_rti,0,"[0.05260876950641505,-0.21200357106911583,0.07083334395143501]",2.420000825984771,0.013049919158220291,"[-2.980232227667301e-09,0.003419704305567983,0.03835532056619756,0.08983183235522035,0.09264027612335896,0.19414053839666395,0.45177701798641295,0.5387103827228337,0.6046749263613769,1.116754591744791,1.7205686189800182,1.9125033713544297,0.97170621051917,1.122815758387192,1.123110828656756,1.0932917846920007,1.2470808011825667,2.05014653265333,2.4618768162669946,1.9098653326764985,1.6659611564310042]","[null,2.0328598470646953e-12,2.0119596062642517e-12,2.0095198414515525e-12,2.0795312484883723e-12,2.0343234127030875e-12,2.0331913477222674e-12,2.0331913477222674e-12,2.0331913477222674e-12,2.0331913477222674e-12,2.0331913477222674e-12,2.0331913477222674e-12,2.0331913477222674e-12,2.0331913477222674e-12,2.0331913477222674e-12,2.0331913477222674e-12,2.0331913477222674e-12,2.0331913477222674e-12,2.0331913477222674e-12,2.0331913477222674e-12,5.534712121850704e-13]"
23.800000000000068,sqp_rti,0,"[0.08382713794770141,-0.241187303952807,0.10535444368755079]",2.4234529359583945,0.012137796729803085,"[-2.980232227667301e-09,0.0007785720934865847,0.023785721469942456,0.08800611709362444,0.1759335939903977,0.17467583811548765,0.47503571755905655,0.531946973156846,0.6412061916109806,1.7982436284607572,1.5365220014712617,1.9594497983994443,0.9065319678651036,1.1024655961187897,1.046939735827263,1.0776274829692631,1.3446692360811177,2.3421140195441916,2.3480124025023743,1.850035784863535,1.5063005056353642]","[null,3.5451473387599873e-15,3.5363211523048603e-15,3.543732226008637e-15,3.5435319104597164e-15,3.53859095090724e-15,3.5456573547558868e-15,3.5456573547558868e-15,3.5456573547558868e-15,3.5456573547558868e-15,3.5456573547558868e-15,3.5456573547558868e-15,3.5456573547558868e-15,3.5456573547558868e-15,3.5456573547558868e-15,3.5456573547558868e-15,3.5456573547558868e-15,3.5456573547558868e-15,3.5456573547558868e-15,3.5456573547558868e-15,5.698822450377921e-16]"
23.90000000000007,sqp_rti,0,"[0.047394577540227446,-0.4279134080863596,0.07239761117609665]",2.4372535664361554,0.011271167546510696,"[-2.980232227667301e-09,0.030610929383833974,0.11092293049846519,0.17340424430962004,-3.254091468507525e-09,0.15799980442843947,0.4366310906168323,0.5093093010788194,1.1308833942296388,1.54407459048359,1.8418784952629295,0.860536564380223,0.9993478000775011,1.0167876367672182,0.9899152433530467,1.0929848536255153,1.7294892691465662,2.461095831578487,2.1617598180316984,1.5694456560829024,1.3643063781633191]","[null,2.2526704124974443e-14,2.2480779851957296e-14,2.255635573429002e-14,2.253262440715445e-14,2.2542351270979335e-14,2.2532623535554482e-14,2.2532623535554482e-14,2.2532623535554482e-14,2.2532623535554482e-14,2.2532623535554482e-14,2.2532623535554482e-14,2.2532623535554482e-14,2.2532623535554482e-14,2.2532623535554482e-14,2.2532623535554482e-14,2.2532623535554482e-14,2.2532623535554482e-14,2.2532623535554482e-14,2.2532623535554482e-14,3.4601021348455473e-15]"
24.00000000000007,sqp_rti,0,"[0.08100765676050337,-0.23910137758136996,0.09539275628487569]",2.4395530809470336,0.009856130927801132,"[-2.980232227667301e-09,8.243789291897952e-05,0.03808800417362407,0.19798264635883528,0.2794047416684265,0.02203182529698894,0.46753266001386323,0.5601324470243163,1.6635747657513444,1.3733037191597963,1.6926940281877705,0.7903747856177581,0.9270682849020335,0.9156208953917389,0.9587551675166857,1.1027864894851553,1.9862802251264824,2.4878474820252636,1.8579597306313473,1.3697546110279297,1.3546498258544826]","[null,6.426195527357897e-13,6.37680123156644e-13,6.373623481378837e-13,6.4142392133181e-13,6.383928760520042e-13,6.417843233380631e-13,6.417843233380631e-13,6.417843233380631e-13,6.417843233380631e-13,6.417843233380631e-13,6.417843233380631e-13,6.417843233380631e-13,6.417843233380631e-13,6.417843233380631e-13,6.417843233380631e-13,6.417843233380631e-13,6.417843233380631e-13,6.417843233380631e-13,6.417843233380631e-13,1.0909264123179171e-13]"
24.100000000000072,sqp_rti,0,"[0.040441680979491364,-0.32033291649580553,0.06573475318412754]",2.449086550563254,0.009215127676725388,"[-2.980232227667301e-09,0.07126527448192804,0.1529046968327677,0.1975490026868883,-3.3948259481331178e-09,0.17697008731168468,0.49140329267749366,0.6235549354174388,1.7904825937169775,1.585810483197119,1.0287620016304657,0.8900247538092516,0.9457457852116897,0.9328279398114716,1.002257626374386,1.3368200865884219,2.377376072808514,2.457119352612449,1.6379529973337206,1.3271692245933575,1.4302906067364833]","[null,9.397839359828753e-14,9.411190372214814e-14,9.447045055872048e-14,9.464654126671255e-14,9.422192330532733e-14,9.464620771263449e-14,9.464620771263449e-14,9.464620771263449e-14,9.464620771263449e-14,9.464620771263449e-14,9.464620771263449e-14,9.464620771263449e-14,9.464620771263449e-14,9.464620771263449e-14,9.464620771263449e-14,9.464620771263449e-14,9.464620771263449e-14,9.464620771263449e-14,9.464620771263449e-14,1.5011709039289002e-14]"
24.200000000000074,sqp_rti,0,"[0.1177548667442804,-0.36283936756354085,0.11197479768876797]",2.45754921651004,0.008437450975179672,"[-2.980232227667301e-09,-2.980232227667301e-09,-2.980232227667301e-09,0.18633289555844784,2.81624010223247e-09,0.19094303349170333,0.4954721931153621,0.717695497096696,1.6526950972537164,1.7627679597345007,0.8826732211130917,0.9568919906160624,0.9447993103738266,0.9575950933230668,1.047695715204452,1.5691186298137303,2.6085599639262513,2.311772048433437,1.4842944656032635,1.3625624908897052,1.5273521688395888]","[null,5.820023132436288e-16,5.820023132444366e-16,5.73832963803378e-16,5.820152878449748e-16,5.792040846977618e-16,5.820023132807873e-16,5.820023132807873e-16,5.820023132807873e-16,5.820023132807873e-16,5.820023132807873e-16,5.820023132807873e-16,5.820023132807873e-16,5.820023132807873e-16,5.820023132807873e-16,5.820023132807873e-16,5.820023132807873e-16,5.820023132807873e-16,5.820023132807873e-16,5.820023132807873e-16,1.0703304444584644e-16]"
24.300000000000075,sqp_rti,0,"[0.07232849431073606,-0.7223833375002691,0.10827706712905004]",2.468232123677628,0.00791759043931961,"[-2.980232227667301e-09,0.16868342924904028,0.24638226999537666,0.1798434752155174,null,0.050304170995283226,0.41825640324679797,1.0864333104465416,1.014599823801764,1.165749134893059,0.6246794765585875,0.7611477484871318,0.7714641439583552,0.8318346046897964,0.9454512894278622,1.6234153046254434,2.5470231690314735,1.8124850715485088,1.3201945997813531,1.305197488646123,1.4947103846076473]","[null,1.3734012518009028e-15,1.3896514617970288e-15,1.3686604572512832e-15,1.3805585765123765e-15,1.3793504621101932e-15,1.3805585765087414e-15,1.3805585765087414e-15,1.3805585765087414e-15,1.3805585765087414e-15,1.3805585765087414e-15,1.3805585765087414e-15,1.3805585765087414e-15,1.3805585765087414e-15,1.3805585765087414e-15,1.3805585765087414e-15,1.3805585765087414e-15,1.3805585765087414e-15,1.3805585765087414e-15,1.3805585765087414e-15,1.9406203799079442e-16]"
24.400000000000077,sqp_rti,0,"[0.07381810731003371,-0.4698568256151244,0.11930953801691499]",2.4761373865780456,0.007197994738817215,"[-2.980232227667301e-09,0.10014056459048676,-2.980232227667301e-09,0.0862309031040212,null,0.196627945305832,1.21364692475385,0.8315953190952763,1.6836190474703734,0.5425747740114246,0.6286658584882232,0.6650858110105069,0.7214448341883795,0.800193077785164,1.0150808085315688,1.9657720576422661,2.290813276118347,1.3533723104946496,1.209134434743622,1.294161616465719,1.4911310794735797]","[null,5.011569314849116e-12,5.107390783939639e-12,5.026504419681122e-12,5.107390784541169e-12,5.115578141128078e-12,5.107390784541165e-12,5.107390784541165e-12,5.107390784541165e-12,5.107390784541165e-12,5.107390784541165e-12,5.107390784541165e-12,5.107390784541165e-12,5.107390784541165e-12,5.107390784541165e-12,5.107390784541165e-12,5.107390784541165e-12,5.107390784541165e-12,5.107390784541165e-12,5.107390784541165e-12,9.885591233886012e-13]"
24.500000000000078,sqp_rti,0,"[0.08458115585860349,-0.16847442661756712,0.11076922460761869]",2.4862007162091073,0.006930269300937653,"[-2.980232227667301e-09,0.17092396299122187,0.3000398202251489,-2.980232227667301e-09,0.1780588081629702,0.20510617502359169,1.0009952385174443,0.881399032604915,0.9276940683512407,0.5283026205331687,0.6365028797502077,0.6715553935234417,0.7417974374766103,0.8384149799687683,1.3557752029380807,2.330513770797201,1.9067329112640692,1.257726636655154,1.2071591088758502,1.3128621429830811,1.5386629585609757]","[null,3.9114474165212133e-13,0.012016477772072702,3.7678109749819644e-13,3.768074548100456e-13,3.7758671748224245e-13,3.7678109750198096e-13,3.7678109750198096e-13,3.7678109750198096e-13,3.7678109750198096e-13,3.7678109750198096e-13,3.7678109750198096e-13,3.7678109750198096e-13,3.7678109750198096e-13,3.7678109750198096e-13,3.7678109750198096e-13,3.7678109750198096e-13,3.7678109750198096e-13,3.7678109750198096e-13,3.7678109750198096e-13,4.362399856866458e-14]"
24.60000000000008,sqp_rti,0,"[0.0689092934105836,-1.0651898233323598,0.10598871616714511]",2.4941029123809484,0.0069487616419792175,"[-2.980232227667301e-09,0.19144500377899193,null,0.07124003623921454,0.08288378127236556,0.911949879004198,0.5907509538130113,1.212257263268708,0.5029009740545447,0.5486251125349397,0.6019074138147971,0.6510599237227204,0.7254443334427101,0.8779355138240426,1.6938311091367353,2.3088517052381023,1.5041600219378253,1.1782122035615081,1.1845629517280016,1.3130616137086981,1.57303138700425]","[null,2.675336664253261e-14,2.6863927748976835e-14,2.6710428210408154e-14,2.6827817670147972e-14,2.6770927441222462e-14,2.6864380875006528e-14,2.6864380875006528e-14,2.6864380875006528e-14,2.6864380875006528e-14,2.6864380875006528e-14,2.6864380875006528e-14,2.6864380875006528e-14,2.6864380875006528e-14,2.6864380875006528e-14,2.6864380875006528e-14,2.6864380875006528e-14,2.6864380875006528e-14,2.6864380875006528e-14,2.6864380875006528e-14,4.4198519471722664e-15]"
24.70000000000008,sqp_rti,0,"[0.07967020116104753,-0.5109471115272984,0.10292079653256077]",2.5016214339538356,0.007457330822944641,"[-2.980232227667301e-09,0.11642874489612326,0.19776907591183318,9.591152564131233e-06,0.17255202295533395,0.31990456842915,0.6176750563559146,1.2200415257571933,0.4866279086091197,0.564563527829965,0.6361188781681519,0.7188846221939158,0.8033746175436611,1.0995685853611732,2.1492542564669153,2.0341360761096796,1.2420295414761149,1.1544992462430208,1.2003213380625055,1.3501599986973651,1.6276681029106388]","[null,6.191672502609093e-16,6.192802985528142e-16,6.211410738266691e-16,6.195772436135022e-16,6.201328109742633e-16,6.195197768171761e-16,6.195197768171761e-16,6.195197768171761e-16,6.195197768171761e-16,6.195197768171761e-16,6.195197768171761e-16,6.195197768171761e-16,6.195197768171761e-16,6.195197768171761e-16,6.195197768171761e-16,6.195197768171761e-16,6.195197768171761e-16,6.195197768171761e-16,6.195197768171761e-16,9.918971918746143e-17]"
24.800000000000082,sqp_rti,0,"[0.08084018742925568,-0.4320394912582394,0.11023396184119075]",2.5128865642136047,0.007897213101387024,"[-2.980232227667301e-09,0.11484389539821366,0.004345113983275806,0.1691876941811586,0.3282417352030425,0.1995245081650719,0.6493824223934694,0.6316295023523792,0.48418472091814807,0.5692166226331394,0.6467332729125459,0.7337929009734843,0.8376911631900306,1.4411036529785661,2.2673083294284924,1.7807502607891663,1.190961848950775,1.1545048084808023,1.2282952115349655,1.3644117430466884,1.6578429876368819]","[null,7.939383494359276e-14,7.929541496758857e-14,7.946686695414048e-14,7.94193044168616e-14,7.951197196602224e-14,7.949401833874532e-14,7.949401833874532e-14,7.949401833874532e-14,7.949401833874532e-14,7.949401833874532e-14,7.949401833874532e-14,7.949401833874532e-14,7.949401833874532e-14,7.949401833874532e-14,7.949401833874532e-14,7.949401833874532e-14,7.949401833874532e-14,7.949401833874532e-14,7.949401833874532e-14,1.1568107124453645e-14]"
24.900000000000084,sqp_rti,0,"[0.10739718718024185,-0.1627304581038208,0.10261446136307352]",2.5226584278946986,0.008510693907737732,"[-2.980232227667301e-09,0.07583014739081478,0.3965813680583608,0.030849985791001455,0.05512820470594576,0.22544996515969845,1.0073704684993856,0.42742778105762086,0.49369429640354384,0.5361199755081614,0.5994061529640902,0.679343884372767,0.8543301154360321,1.7234063703847766,2.093179166993335,1.3761196871878354,1.0846731496971003,1.0915111227847027,1.1649729920324183,1.3154554203714877,1.6374221088390726]","[null,9.715543199642478e-15,9.711348466810271e-15,9.720738318768154e-15,9.688229272384322e-15,9.736445496214406e-15,9.728618789825546e-15,9.728618789825546e-15,9.728618789825546e-15,9.728618789825546e-15,9.728618789825546e-15,9.728618789825546e-15,9.728618789825546e-15,9.728618789825546e-15,9.728618789825546e-15,9.728618789825546e-15,9.728618789825546e-15,9.728618789825546e-15,9.728618789825546e-15,9.728618789825546e-15,2.247780049752604e-15]"
25.000000000000085,sqp_rti,0,"[0.053578269541764284,-0.22177214368975567,0.0895597523271801]",2.5318867707200163,0.008890632539987564,"[-2.980232227667301e-09,0.09719725482750335,0.0001355476483542173,0.16644055852452838,0.18149349751537153,0.2061790646413229,0.3780277740708698,0.45259640756253533,0.5123994365187883,0.5650457994502431,0.6405999928147537,0.7284701515882801,1.0976694231195097,1.979798367950626,1.9256960234937963,1.2049152425055076,1.0803238859178463,1.1015990836854186,1.1771470305800633,1.368801310980445,1.7035830299619732]","[null,4.2487933427027e-13,4.261071732634916e-13,4.250376368082892e-13,4.250086689283116e-13,4.253072331843282e-13,4.260838795232353e-13,4.260838795232353e-13,4.260838795232353e-13,4.260838795232353e-13,4.260838795232353e-13,4.260838795232353e-13,4.260838795232353e-13,4.260838795232353e-13,4.260838795232353e-13,4.260838795232353e-13,4.260838795232353e-13,4.260838795232353e-13,4.260838795232353e-13,4.260838795232353e-13,6.162782811630205e-14]"
25.100000000000087,sqp_rti,0,"[0.0727504108202599,-0.06436415715848792,0.1065890055042622]",2.533589696037725,0.007460647728294134,"[-2.980232227667301e-09,-2.980232227667301e-09,0.17338711302960236,0.09676937626118304,0.1726185499870539,0.21560365315580282,0.38743957141641233,0.483207865695708,0.5229448397327274,0.5758797582297646,0.6513277928513446,0.7656318218201512,1.4349695044600608,2.052874084256044,1.6643949603377208,1.1117929573436072,1.0704102990884443,1.0988343263605322,1.189690302994509,1.4042933637465491,1.7333023233898934]","[null,8.528743601112677e-13,8.519829269206681e-13,8.518071211365043e-13,8.518634082987635e-13,8.526501338905398e-13,8.528743601069386e-13,8.528743601069386e-13,8.528743601069386e-13,8.528743601069386e-13,8.528743601069386e-13,8.528743601069386e-13,8.528743601069386e-13,8.528743601069386e-13,8.528743601069386e-13,8.528743601069386e-13,8.528743601069386e-13,8.528743601069386e-13,8.528743601069386e-13,8.528743601069386e-13,1.4661708889185868e-13]"
25.200000000000088,sqp_rti,0,"[0.0430349650636091,-0.005035707621362309,0.09014254533675939]",2.5424788637498987,0.0047235265374183655,"[-2.980232227667301e-09,0.3619594303377312,0.10322740352542753,0.18430601275585873,0.19473130131275412,0.20022030624985448,0.41336475597325234,0.4967043040220858,0.5445401706911113,0.6100575562342676,0.6923538505879463,0.8505555511447731,1.6622204759591994,2.1099930088219,1.5548753168212783,1.1165686543955615,1.1008705892470594,1.1577754263445736,1.2587662295683308,1.488675450729789,1.8275950709897344]","[null,2.0938143371047585e-11,2.0961088316859297e-11,2.0897867707795263e-11,2.0918762455678467e-11,2.0997612186995913e-11,2.1016196531340798e-11,2.1016196531340798e-11,2.1016196531340798e-11,2.1016196531340798e-11,2.1016196531340798e-11,2.1016196531340798e-11,2.1016196531340798e-11,2.1016196531340798e-11,2.1016196531340798e-11,2.1016196531340798e-11,2.1016196531340798e-11,2.1016196531340798e-11,2.1016196531340798e-11,2.1016196531340798e-11,3.372333819168783e-12]"
25.30000000000009,sqp_rti,0,"[0.08586755668153605,-0.1150985253533732,0.11199308713660741]",2.545117180315236,0.00475841760635376,"[-2.980232227667301e-09,0.0012054067341187857,0.11154975652536053,0.1381116573037005,0.14194190260135714,0.18288404378586592,0.42442939805926444,0.502641442944548,0.5393317708423921,0.6064809560329507,0.6926194748387224,0.9349965546550478,1.8091367998401438,2.029867959295797,1.3686588942232667,1.093944789007854,1.0991120933465186,1.1700240389184742,1.3005293549096233,1.5293462827569975,1.8653202753155191]","[null,9.948949696359862e-16,9.959666952203416e-16,9.983678197382269e-16,1.010967252351299e-15,9.962240146137622e-16,1.0045405297092293e-15,1.0045405297092293e-15,1.0045405297092293e-15,1.0045405297092293e-15,1.0045405297092293e-15,1.0045405297092293e-15,1.0045405297092293e-15,1.0045405297092293e-15,1.0045405297092293e-15,1.0045405297092293e-15,1.0045405297092293e-15,1.0045405297092293e-15,1.0045405297092293e-15,1.0045405297092293e-15,1.6917271258743207e-16]"
25.40000000000009,sqp_rti,0,"[0.0852956824571801,-0.2862691405182404,0.1216884039410141]",2.556167263339211,0.005454406142234802,"[-2.980232227667301e-09,0.061227759916445745,0.04463611984700294,0.08804863158895843,0.13728699346826972,0.15502719442180962,0.384482689082941,0.45918023311493955,0.5050557234749646,0.5799804157267985,0.6741919539189467,1.0783232321418665,1.8475360895007042,1.9187866570705665,1.2692624576549398,1.0917299674279348,1.105226322893533,1.1762968745203863,1.3491399769924886,1.5581888246318136,1.880653133642064]","[null,8.309084069312303e-16,8.282898083304279e-16,8.332480499448951e-16,8.294781481258264e-16,8.321938931615801e-16,8.306780273070567e-16,8.306780273070567e-16,8.306780273070567e-16,8.306780273070567e-16,8.306780273070567e-16,8.306780273070567e-16,8.306780273070567e-16,8.306780273070567e-16,8.306780273070567e-16,8.306780273070567e-16,8.306780273070567e-16,8.306780273070567e-16,8.306780273070567e-16,8.306780273070567e-16,1.4342547788652969e-16]"
25.500000000000092,sqp_rti,0,"[0.17260954398404488,-0.32242217137877893,0.13187057030338134]",2.567719293704354,0.00691194087266922,"[-2.980232227667301e-09,0.007220781255713515,0.030364958293902344,0.05831658371055398,0.11380980635319987,0.1748213353846822,0.31545548407006124,0.3753610060464581,0.4396518237476961,0.5073661031066503,0.6557690644488765,1.2497302709427387,1.842790866388907,1.5501462162031359,1.1027945396875765,1.0340192141530131,1.0598819950517757,1.1461255097419947,1.3173391152739675,1.5097070756066422,1.8766695561536835]","[null,1.8602150491111398e-14,1.8261248983996106e-14,1.91427532631605e-14,1.8341790916051682e-14,1.872050971184319e-14,1.8575639589310415e-14,1.8575639589310415e-14,1.8575639589310415e-14,1.8575639589310415e-14,1.8575639589310415e-14,1.8575639589310415e-14,1.8575639589310415e-14,1.8575639589310415e-14,1.8575639589310415e-14,1.8575639589310415e-14,1.8575639589310415e-14,1.8575639589310415e-14,1.8575639589310415e-14,1.8575639589310415e-14,4.865468625797365e-15]"
25.600000000000094,sqp_rti,0,"[0.08997167377301715,-0.30925966897209217,0.08626179775520326]",2.584226043907348,0.007946211844682693,"[-2.980232227667301e-09,3.2564849821781205e-05,0.012265343651738203,0.03859985016029982,0.1126529090978366,0.16861770991203856,0.3082686381837661,0.38209858832887705,0.4628110955683596,0.558543167580489,0.9311522115513255,1.5973615045673568,1.755060124226884,1.2689561051473717,1.020982909793937,1.0210170433076893,1.0744901844621306,1.1608265321275588,1.3120721951089915,1.4910972438432146,1.8776128288556932]","[null,1.2549048943536916e-17,1.2530613348217676e-17,1.2526979969443453e-17,1.2526860778972536e-17,1.2571978613118398e-17,1.2547428082546017e-17,1.2547428082546017e-17,1.2547428082546017e-17,1.2547428082546017e-17,1.2547428082546017e-17,1.2547428082546017e-17,1.2547428082546017e-17,1.2547428082546017e-17,1.2547428082546017e-17,1.2547428082546017e-17,1.2547428082546017e-17,1.2547428082546017e-17,1.2547428082546017e-17,1.2547428082546017e-17,1.3989403320510562e-18]"
25.700000000000095,sqp_rti,0,"[0.1568579265249885,-0.01742774477795922,0.09575864994826605]",2.5957095428555603,0.008608371019363403,"[-2.980232227667301e-09,1.8134282409043578e-09,0.014085027705038666,0.11639460765498627,0.15087565044711654,0.17448588567939255,0.3162149266193673,0.42751870550309584,0.5126054322485432,0.676624994415939,1.2226830773747153,1.8189427835426748,1.5748645033398432,1.1868225873224894,1.0416645028333533,1.0554382170502528,1.1197237057094742,1.2502955911696325,1.3797088175384633,1.616187295482242,1.9991610358112737]","[null,7.507643578630874e-16,7.404749352281093e-16,7.437974274222278e-16,7.452201672664556e-16,7.527046286392565e-16,7.507623196081933e-16,7.507623196081933e-16,7.507623196081933e-16,7.507623196081933e-16,7.507623196081933e-16,7.507623196081933e-16,7.507623196081933e-16,7.507623196081933e-16,7.507623196081933e-16,7.507623196081933e-16,7.507623196081933e-16,7.507623196081933e-16,7.507623196081933e-16,7.507623196081933e-16,1.5143546799867248e-16]"
25.800000000000097,sqp_rti,0,"[0.10506254941713233,1.1363275301329632,0.09788043124497771]",2.6064555347141374,0.008616834878921509,"[-2.980232227667301e-09,0.09680382135914628,0.16580572960977663,0.14776453502223036,0.17998804278068975,0.17326463376704454,0.3140342793703564,0.4058333875016185,0.5008045157656615,0.8002302152491481,1.506208212633603,1.7393457549183935,1.348701953203595,1.0332989348682957,1.0117684610812467,1.0540463497665715,1.126270190645571,1.2579985279526837,1.3681175892822093,1.5936816116302743,1.9658874429065747]","[null,5.796345603451757e-14,5.802041807286132e-14,5.794964059327089e-14,5.809079236633862e-14,5.810527804131705e-14,5.807641949766025e-14,5.807641949766025e-14,5.807641949766025e-14,5.807641949766025e-14,5.807641949766025e-14,5.807641949766025e-14,5.807641949766025e-14,5.807641949766025e-14,5.807641949766025e-14,5.807641949766025e-14,5.807641949766025e-14,5.807641949766025e-14,5.807641949766025e-14,5.807641949766025e-14,8.633811576031678e-15]"
25.900000000000098,sqp_rti,0,"[0.11106447231373626,0.9532797904237295,0.09546384089567861]",2.616747689408113,0.0089174285531044,"[-2.980232227667301e-09,0.05496549359678654,0.13569294406630378,0.14145711310839176,0.1603243260008334,0.15775566930234391,0.27563224918667545,0.3868512669267979,0.6103721517976843,1.2216473923280062,1.6197767662970477,1.2818743165424464,0.9504883598874414,0.9083515856672839,0.9295607034535613,0.969659894483734,1.0432196386587023,1.152128519177421,1.2483649676164237,1.4425294176208048,1.7786244764314645]","[null,1.7147460436456075e-15,1.717925014739638e-15,1.7200016527388391e-15,1.7242052008029765e-15,1.7148498311488772e-15,1.726047734820192e-15,1.726047734820192e-15,1.726047734820192e-15,1.726047734820192e-15,1.726047734820192e-15,1.726047734820192e-15,1.726047734820192e-15,1.726047734820192e-15,1.726047734820192e-15,1.726047734820192e-15,1.726047734820192e-15,1.726047734820192e-15,1.726047734820192e-15,1.726047734820192e-15,3.063444998095557e-16]"
26.0000000000001,sqp_rti,0,"[0.10945314799815917,1.0695901907794056,0.09239345925829028]",2.6269744649732805,0.009690258651971817,"[-2.980232227667301e-09,0.08430031815455125,0.15834717165272566,0.17193283449567504,0.1946060534657164,0.19545923832051743,0.32305218832341503,0.452906452479289,0.8537697511548294,1.4689552329522442,1.4970867418742315,1.1485292525279334,0.919122429365953,0.9145444857520111,0.9376104074014087,0.9740571183487174,1.064629024367285,1.1599910363577528,1.2515060938008993,1.450539483184383,1.7836812445271562]","[null,2.589175638797216e-17,2.6012977056396355e-17,2.6079707379910398e-17,2.5896724000946007e-17,2.5930301717601004e-17,2.6123713511535277e-17,2.6123713511535277e-17,2.6123713511535277e-17,2.6123713511535277e-17,2.6123713511535277e-17,2.6123713511535277e-17,2.6123713511535277e-17,2.6123713511535277e-17,2.6123713511535277e-17,2.6123713511535277e-17,2.6123713511535277e-17,2.6123713511535277e-17,2.6123713511535277e-17,2.6123713511535277e-17,8.578876775188722e-18]"
26.1000000000001,sqp_rti,0,"[0.11050818877665651,0.9455733686533645,0.10384078019538703]",2.6345704230220135,0.011134430766105652,"[-2.980232227667301e-09,0.06696929998446494,0.12618871987510333,0.17658899422605573,0.1879610731928139,0.19610819678594,0.3219867329457678,0.5493681871954983,1.1351667226330349,1.4923388287526762,1.227982260823805,0.9246452352688983,0.8595891637122637,0.8818059335973512,0.9104381386375138,0.945569487050357,1.0342491722378113,1.1195221445805188,1.2038119996790921,1.385995825538086,1.6928781640080757]","[null,8.64123227341512e-14,8.722518379299531e-14,8.715705520517988e-14,8.651221718095364e-14,8.724833888433268e-14,8.752693384301167e-14,8.752693384301167e-14,8.752693384301167e-14,8.752693384301167e-14,8.752693384301167e-14,8.752693384301167e-14,8.752693384301167e-14,8.752693384301167e-14,8.752693384301167e-14,8.752693384301167e-14,8.752693384301167e-14,8.752693384301167e-14,8.752693384301167e-14,8.752693384301167e-14,1.430856073423175e-14]"
26.200000000000102,sqp_rti,0,"[0.11096051612483547,0.9088185526997317,0.09840411708150391]",2.6450389677434227,0.012920666486024857,"[-2.980232227667301e-09,0.04794905929871335,0.12465229298515795,0.16831388044013257,0.18921066185984864,0.2014576015685206,0.32731961676305127,0.7128069674185162,1.2738196298877298,1.258652479669945,1.0118465882757917,0.821646158383676,0.8283695427888353,0.8541495453986634,0.8817116141780807,0.9259713225407544,1.0079689508020377,1.079356275648723,1.1565565254070165,1.3270788735167407,1.6137942786316628]","[null,1.5130297179515887e-16,1.5178385222243295e-16,1.5226772949621294e-16,1.516034921848336e-16,1.5176904613524408e-16,1.5228818466488744e-16,1.5228818466488744e-16,1.5228818466488744e-16,1.5228818466488744e-16,1.5228818466488744e-16,1.5228818466488744e-16,1.5228818466488744e-16,1.5228818466488744e-16,1.5228818466488744e-16,1.5228818466488744e-16,1.5228818466488744e-16,1.5228818466488744e-16,1.5228818466488744e-16,1.5228818466488744e-16,3.217965870067324e-17]"
26.300000000000104,sqp_rti,0,"[0.11121158465895496,0.7939753213102438,0.09202936730523521]",2.655321886421368,0.015156809240579605,"[-2.980232227667301e-09,0.037178226088237676,0.1028557697304951,0.14419393616261839,0.1697899999713946,0.20845847889766117,0.44228136592269324,1.0039318822974124,1.212845342449168,1.0535320849196068,0.8175961537173932,0.7766460680279834,0.8066213101640638,0.8300290783464817,0.8508590853239795,0.9086179283319484,0.9835168698232326,1.045720397789492,1.1177393364979273,1.275104370427244,1.53781528932969]","[null,4.183009203270825e-11,4.177688243016726e-11,4.125973318016318e-11,4.1098991701381975e-11,4.356830731011473e-11,4.208605118531524e-11,4.208605118531524e-11,4.208605118531524e-11,4.208605118531524e-11,4.208605118531524e-11,4.208605118531524e-11,4.208605118531524e-11,4.208605118531524e-11,4.208605118531524e-11,4.208605118531524e-11,4.208605118531524e-11,4.208605118531524e-11,4.208605118531524e-11,4.208605118531524e-11,1.0963440969973873e-11]"
26.400000000000105,sqp_rti,0,"[0.10595980373693564,0.6853738806849307,0.08249560786501074]",2.665089561365412,0.017067555338144302,"[-2.980232227667301e-09,0.02812561652743112,0.08505548777783795,0.12097322535489452,0.15234575301611392,0.22997968432144572,0.639010508297787,1.0447348464039095,1.0219258504778963,0.8582459260120963,0.7297040541613995,0.7561975994250598,0.7871847915159857,0.8094770011427286,0.8307541075815805,0.8895094764284079,0.9541508598776705,1.009153366504324,1.079739625651819,1.2305473515578214,1.477556804913388]","[null,5.299562360796709e-16,5.278196461479591e-16,5.272100210481557e-16,5.293396836588924e-16,5.318194292286149e-16,5.332031217320004e-16,5.332031217320004e-16,5.332031217320004e-16,5.332031217320004e-16,5.332031217320004e-16,5.332031217320004e-16,5.332031217320004e-16,5.332031217320004e-16,5.332031217320004e-16,5.332031217320004e-16,5.332031217320004e-16,5.332031217320004e-16,5.332031217320004e-16,5.332031217320004e-16,1.7772311385534023e-16]"
26.500000000000107,sqp_rti,0,"[0.09618555130521418,0.5860968209616054,0.0828503158978968]",2.671893072161463,0.018156837671995163,"[-2.980232227667301e-09,0.014185084223557853,0.05100646490650301,0.07766229877997294,0.11314520139168699,0.24463397375531432,0.7118281079860285,0.8849039278679214,0.8597135264924034,0.7086077289369903,0.6909455043303498,0.7342631147608063,0.7651513237173837,0.7851633360140207,0.8069051477264704,0.8582265783579988,0.9142026404260981,0.9675616878199456,1.0564926450904017,1.1864661300589148,1.4224712867064724]","[null,2.6117959246099196e-15,2.607600083123931e-15,2.6175623751151645e-15,2.6341149128607154e-15,2.6162039937698364e-15,2.6243089943446558e-15,2.6243089943446558e-15,2.6243089943446558e-15,2.6243089943446558e-15,2.6243089943446558e-15,2.6243089943446558e-15,2.6243089943446558e-15,2.6243089943446558e-15,2.6243089943446558e-15,2.6243089943446558e-15,2.6243089943446558e-15,2.6243089943446558e-15,2.6243089943446558e-15,2.6243089943446558e-15,4.006063854468115e-16]"
26.600000000000108,sqp_rti,0,"[0.08710693159755362,0.49897177314113844,0.08393705476586286]",2.6778480597771757,0.019789867103099823,"[-2.980232227667301e-09,0.0026619629347123808,0.017412208855940137,0.034743796826014084,0.0719433928614916,0.23136465270240764,0.6030732800271863,0.7280867646280356,0.7020466745192102,0.6270695741318029,0.6673033934395913,0.7144848498777436,0.7449895090746057,0.7629885618360841,0.7841004736500448,0.8280729458748508,0.877862572425262,0.930756937565685,1.0189687799744973,1.14907435014699,1.3771693618512415]","[null,3.920073715446357e-13,4.010251571502635e-13,3.9671915570333547e-13,4.088513738213058e-13,4.00136882774907e-13,4.0395109375886365e-13,4.0395109375886365e-13,4.0395109375886365e-13,4.0395109375886365e-13,4.0395109375886365e-13,4.0395109375886365e-13,4.0395109375886365e-13,4.0395109375886365e-13,4.0395109375886365e-13,4.0395109375886365e-13,4.0395109375886365e-13,4.0395109375886365e-13,4.0395109375886365e-13,4.0395109375886365e-13,1.4410496059026433e-13]"
26.70000000000011,sqp_rti,0,"[0.08214055924836708,0.43323631045001815,0.08282830376105409]",2.6841280537687684,0.021718068048357964,"[-2.980232227667301e-09,0.00026433410010665015,0.0042545476048210795,0.013863475685642224,0.05368185015523369,0.2044310339784497,0.46624311309070593,0.6103927844423012,0.5906753474076403,0.5926464437817838,0.6552232629129413,0.7021586034747223,0.730250685828439,0.7455333688085763,0.7665612615653765,0.8074185090940442,0.8541064932439892,0.906592711122175,0.9937607285142576,1.121844633748666,1.3408991083793722]","[null,1.6293360583880587e-16,1.5963746921464798e-16,1.5543167601645274e-16,1.547019305939511e-16,1.544872788446197e-16,1.5523977522767371e-16,1.5523977522767371e-16,1.5523977522767371e-16,1.5523977522767371e-16,1.5523977522767371e-16,1.5523977522767371e-16,1.5523977522767371e-16,1.5523977522767371e-16,1.5523977522767371e-16,1.5523977522767371e-16,1.5523977522767371e-16,1.5523977522767371e-16,1.5523977522767371e-16,1.5523977522767371e-16,8.659780375783346e-17]"
26.80000000000011,sqp_rti,0,"[0.08235576169546978,0.3802997477437341,0.07721016463321796]",2.6917231704842814,0.023797476664185524,"[-2.980232227667301e-09,2.4710330919330836e-05,0.0011083812593016829,0.008427461519785073,0.06741694429828177,0.17934772145400873,0.393325977256265,0.5128685955858507,0.5217915793505525,0.5815961534555274,0.6483640715681014,0.6920120587349767,0.7163532461225122,0.7276191879209264,0.7498988381254621,0.7883529824362332,0.832400737942536,0.8848595902002365,0.9712289701316414,1.0971407851087178,1.3072706228905246]","[null,3.2989449936262593e-16,3.2996464888137817e-16,3.4791890436198324e-16,3.2427818591984115e-16,3.2964439377982344e-16,3.292633848237901e-16,3.292633848237901e-16,3.292633848237901e-16,3.292633848237901e-16,3.292633848237901e-16,3.292633848237901e-16,3.292633848237901e-16,3.292633848237901e-16,3.292633848237901e-16,3.292633848237901e-16,3.292633848237901e-16,3.292633848237901e-16,3.292633848237901e-16,3.292633848237901e-16,6.143859101762734e-17]"
26.900000000000112,sqp_rti,0,"[0.08356165194917013,0.3458926879519285,0.07287235509381747]",2.6995020098685196,0.025935404002666473,"[-2.980232227667301e-09,4.912156021913416e-06,0.0007252060024089957,0.02008673308692438,0.09132803126028072,0.16299139833693915,0.34831374363657447,0.43510248645788324,0.5007762128008266,0.5849583320192158,0.6464324836889801,0.6838711787938265,0.7023474095716897,0.7107337139139156,0.7330084598965729,0.7690241380846439,0.8109369259827044,0.864019101631748,0.9500780468222529,1.07406669500999,1.2754422068821085]","[null,5.58629724151832e-17,5.589864124351796e-17,5.560377879245715e-17,5.568270044609104e-17,5.567447422718961e-17,5.574597229712125e-17,5.574597229712125e-17,5.574597229712125e-17,5.574597229712125e-17,5.574597229712125e-17,5.574597229712125e-17,5.574597229712125e-17,5.574597229712125e-17,5.574597229712125e-17,5.574597229712125e-17,5.574597229712125e-17,5.574597229712125e-17,5.574597229712125e-17,5.574597229712125e-17,1.1110545342175712e-17]"
27.000000000000114,sqp_rti,0,"[0.08131197526005304,0.35424021213095824,0.07369186046223748]",2.706055108991333,0.028192713856697083,"[-2.980232227667301e-09,1.958352440878386e-06,0.003253804244312042,0.03927011330787461,0.10162999453704274,0.16874279488736194,0.3081844189981762,0.41056392437705364,0.5129062839006824,0.5940718681351933,0.6468912606005011,0.6763095539003208,0.6880705267505209,0.6940747805741345,0.7150802088616108,0.7486691793396207,0.7889138367237567,0.8423932151721505,0.9268045554918707,1.046323198196984,1.2348784641307418]","[null,4.142798954855298e-17,4.196779756876675e-17,4.109801927815458e-17,4.0619072736977787e-17,4.1774107735341206e-17,4.140745479408727e-17,4.140745479408727e-17,4.140745479408727e-17,4.140745479408727e-17,4.140745479408727e-17,4.140745479408727e-17,4.140745479408727e-17,4.140745479408727e-17,4.140745479408727e-17,4.140745479408727e-17,4.140745479408727e-17,4.140745479408727e-17,4.140745479408727e-17,4.140745479408727e-17,7.745550798575126e-18]"
27.100000000000115,sqp_rti,0,"[0.07780840114550375,0.36215558557348076,0.07548776508832655]",2.7120810131828557,0.025965362787246704,"[-2.980232227667301e-09,1.3046291705537394e-05,0.006771175733246759,0.04808489863833448,0.11469546317284945,0.16924737674494567,0.30176471288099177,0.42646814297706986,0.529359448703848,0.6010449932374626,0.6451443733841333,0.6672079848458699,0.6735171624412788,0.6791319832932643,0.6992651796633236,0.7312051752194513,0.7708294424988817,0.8247796126300126,0.9069175152540019,1.0209000051576609,1.1962006313728295]","[null,8.382596962903487e-13,8.310332094129888e-13,8.221093055494152e-13,8.262670115257525e-13,8.303896709596628e-13,8.300590075618582e-13,8.300590075618582e-13,8.300590075618582e-13,8.300590075618582e-13,8.300590075618582e-13,8.300590075618582e-13,8.300590075618582e-13,8.300590075618582e-13,8.300590075618582e-13,8.300590075618582e-13,8.300590075618582e-13,8.300590075618582e-13,8.300590075618582e-13,8.300590075618582e-13,2.7015370667652453e-13]"
27.200000000000117,sqp_rti,0,"[0.07275793526682196,0.34941496292682417,0.07533579485790948]",2.717912129888713,0.02348485216498375,"[-2.980232227667301e-09,3.4512321664292855e-05,0.010088891630875951,0.059546514601873934,0.12198781834784161,0.18594888329241926,0.32369401239119516,0.4450159384480992,0.5364004173222952,0.5983715971356627,0.6354821812771296,0.6527717420901193,0.6566289406260066,0.662083175574441,0.6788344506464268,0.7074032029668256,0.7470147696723852,0.8020152736021291,0.8823952170066469,0.9922217871528438,1.1574078990591843]","[null,3.601042237973901e-14,3.577637498954271e-14,3.557277845879253e-14,3.599217804688866e-14,3.570517553969304e-14,3.5977625897232326e-14,3.5977625897232326e-14,3.5977625897232326e-14,3.5977625897232326e-14,3.5977625897232326e-14,3.5977625897232326e-14,3.5977625897232326e-14,3.5977625897232326e-14,3.5977625897232326e-14,3.5977625897232326e-14,3.5977625897232326e-14,3.5977625897232326e-14,3.5977625897232326e-14,3.5977625897232326e-14,6.2724583091942785e-15]"
27.300000000000118,sqp_rti,0,"[0.06743228067481846,0.32479171632723036,0.07356693345472393]",2.723581557477301,0.021516794338822365,"[-2.980232227667301e-09,6.109598722595089e-05,0.011396496546027424,0.05656047456439045,0.12222613786386455,0.19687475828274598,0.33795076357454584,0.4539114488783856,0.5382974972229471,0.5940328177439802,0.6261627231764952,0.63972790962456,0.6417880021713509,0.6463116430952887,0.6615527162037684,0.6889360936243516,0.7295389336768003,0.7854086072816286,0.863767050597329,0.9691979659434053,1.1255603178594142]","[null,5.249584116620147e-13,5.212865835771147e-13,5.240300868354448e-13,5.234517892510341e-13,5.20808093254648e-13,5.24996153773867e-13,5.24996153773867e-13,5.24996153773867e-13,5.24996153773867e-13,5.24996153773867e-13,5.24996153773867e-13,5.24996153773867e-13,5.24996153773867e-13,5.24996153773867e-13,5.24996153773867e-13,5.24996153773867e-13,5.24996153773867e-13,5.24996153773867e-13,5.24996153773867e-13,8.025285030918472e-14]"
27.40000000000012,sqp_rti,0,"[0.06759917243719325,0.295434691464504,0.05228899275612821]",2.733146390865253,0.019978340715169907,"[-2.980232227667301e-09,7.74507392732604e-05,0.010661900066971208,0.05479952191496401,0.12313860659704973,0.1969593446726517,0.34185137049179987,0.4568154733048811,0.5379089809091251,0.5896507746325301,0.6178836717981866,0.628137285175846,0.6287666307562876,0.6326592609709276,0.6481115203599621,0.6760307507263323,0.7177551999731182,0.7739872154502592,0.8501295875697543,0.9512081339800325,1.0994598019263406]","[null,3.526560415691993e-13,3.514723845773436e-13,3.6170214350923106e-13,3.5109354940268523e-13,3.5401473277676753e-13,3.5339526063541957e-13,3.5339526063541957e-13,3.5339526063541957e-13,3.5339526063541957e-13,3.5339526063541957e-13,3.5339526063541957e-13,3.5339526063541957e-13,3.5339526063541957e-13,3.5339526063541957e-13,3.5339526063541957e-13,3.5339526063541957e-13,3.5339526063541957e-13,3.5339526063541957e-13,3.5339526063541957e-13,6.347823924085263e-14]"
27.50000000000012,sqp_rti,0,"[0.06075267289908154,0.28088890713087394,0.04980908776100341]",2.738744714095047,0.018912270665168762,"[-2.980232227667301e-09,0.00045212895548768506,0.018552557837764827,0.06836965821504731,0.13284404278312395,0.1973661118964472,0.3448616442889659,0.45904740463034593,0.5375512716760971,0.5858903980519024,0.6105164695315641,0.6176338109773958,0.617064971156666,0.6205287051184782,0.6361438741659977,0.6645498322876342,0.7068901641764025,0.7638946030882507,0.8358731650273163,0.9319493634701217,1.0716136470791937]","[null,1.8836717945160217e-10,1.8632613362515966e-10,1.870076549507641e-10,1.8758775095062153e-10,1.9173842494197387e-10,1.8965288859456925e-10,1.8965288859456925e-10,1.8965288859456925e-10,1.8965288859456925e-10,1.8965288859456925e-10,1.8965288859456925e-10,1.8965288859456925e-10,1.8965288859456925e-10,1.8965288859456925e-10,1.8965288859456925e-10,1.8965288859456925e-10,1.8965288859456925e-10,1.8965288859456925e-10,1.8965288859456925e-10,4.7592739460307656e-11]"
27.600000000000122,sqp_rti,0,"[0.05703901348113832,0.26564699129617747,0.04640216522172835]",2.7442503355696246,0.018012352287769318,"[-2.980232227667301e-09,0.00037736059437853964,0.0180121201832229,0.06798999316464,0.13252153403606287,0.19673703150737049,0.34732057399892186,0.4600684000826519,0.535182150157383,0.5797313981307066,0.6009188718996048,0.6055959080463456,0.6038877658863366,0.6076408499921484,0.6242409120438299,0.6540441564647377,0.6975258192218454,0.7542054064142512,0.8243357488843344,0.9166666328314796,1.049687099639567]","[null,8.982169307071476e-15,8.967917637426649e-15,8.973340250486224e-15,8.973920180041143e-15,9.001073592262469e-15,8.983572936721425e-15,8.983572936721425e-15,8.983572936721425e-15,8.983572936721425e-15,8.983572936721425e-15,8.983572936721425e-15,8.983572936721425e-15,8.983572936721425e-15,8.983572936721425e-15,8.983572936721425e-15,8.983572936721425e-15,8.983572936721425e-15,8.983572936721425e-15,8.983572936721425e-15,1.7709311092656332e-15]"
27.700000000000124,sqp_rti,0,"[0.04893574951331121,0.25677190601447664,0.06081327950061352]",2.7456914469975193,0.01656942442059517,"[-2.980232227667301e-09,0.0006591777673869981,0.021685383283816695,0.07316253073797158,0.13589788333995828,0.196896801564926,0.34967139650682527,0.4602853680637267,0.5318444145123695,0.5728191561232954,0.5910141494031851,0.5938743764601468,0.59126546344988,0.595763869448352,0.6135578085933282,0.6446399007223771,0.6887469126754417,0.7445535950982112,0.8124397685516953,0.9007980651080743,1.0271791082344037]","[null,5.739435945529958e-12,5.729917429104298e-12,5.716142440049659e-12,5.715430447694775e-12,5.709381565624239e-12,5.711974450146844e-12,5.711974450146844e-12,5.711974450146844e-12,5.711974450146844e-12,5.711974450146844e-12,5.711974450146844e-12,5.711974450146844e-12,5.711974450146844e-12,5.711974450146844e-12,5.711974450146844e-12,5.711974450146844e-12,5.711974450146844e-12,5.711974450146844e-12,5.711974450146844e-12,1.0882751948073534e-12]"
27.800000000000125,sqp_rti,0,"[0.04826623492990606,0.23930263539565746,0.05510783205857726]",2.7509672159821,0.015259072184562683,"[-2.980232227667301e-09,0.00020885160969569272,0.015386431463309702,0.06447836061388729,0.13033504416346348,0.1965344694994336,0.3492874760995733,0.4562411996007228,0.5238598497494411,0.5618306562533479,0.5782056664222288,0.580547859767935,0.5778015984845755,0.5826507041163438,0.6009145426357996,0.6331176929319227,0.6778509572790596,0.7331285366556635,0.7995333265316062,0.8850754654775599,1.0065438147763472]","[null,2.8792678609749047e-11,2.88749300333478e-11,2.8932134423560083e-11,2.892561548339244e-11,2.885693797244529e-11,2.896442917851456e-11,2.896442917851456e-11,2.896442917851456e-11,2.896442917851456e-11,2.896442917851456e-11,2.896442917851456e-11,2.896442917851456e-11,2.896442917851456e-11,2.896442917851456e-11,2.896442917851456e-11,2.896442917851456e-11,2.896442917851456e-11,2.896442917851456e-11,2.896442917851456e-11,8.043733250100134e-12]"
27.900000000000126,sqp_rti,0,"[0.04365193977114237,0.22893361277622873,0.04875510862949518]",2.756178257368213,0.014117464423179626,"[-2.980232227667301e-09,0.0008401125508488705,0.02347468131955105,0.07554285266703148,0.1375538338697851,0.19749074759960267,0.3488794002856935,0.452125810119054,0.5163934242431967,0.5519681870484454,0.5669386833716465,0.568554270185978,0.5660014260280739,0.5712304065595724,0.589765190955881,0.6226523966855388,0.6672969529934647,0.721392555039867,0.7857159157313702,0.8677884654065025,0.9836670669614136]","[null,1.97578006356102e-15,1.9296081979050747e-15,1.930749408486498e-15,1.9317825649814913e-15,1.9366981720051665e-15,1.9417900445223837e-15,1.9417900445223837e-15,1.9417900445223837e-15,1.9417900445223837e-15,1.9417900445223837e-15,1.9417900445223837e-15,1.9417900445223837e-15,1.9417900445223837e-15,1.9417900445223837e-15,1.9417900445223837e-15,1.9417900445223837e-15,1.9417900445223837e-15,1.9417900445223837e-15,1.9417900445223837e-15,4.626632492044027e-16]"
28.000000000000128,sqp_rti,0,"[0.041928083979788255,0.21833884876830156,0.0423203689641449]",2.7613810971305845,0.01309368759393692,"[-2.980232227667301e-09,0.0009374147198558114,0.02401663560591666,0.07567893218995253,0.13722845367150144,0.19764551174977357,0.34962320206106484,0.45002998871934424,0.5110565768648321,0.5439579920076436,0.5571593787334848,0.5575752054588345,0.555796372822855,0.5627030035743636,0.5828374498392079,0.6165475468639634,0.660856993546848,0.713645634229352,0.7759505066304484,0.8548159901448045,0.9653155940832014]","[null,2.1314844522544087e-16,2.0593014105849726e-16,2.0561195399006107e-16,2.0587204588933098e-16,2.0675391161897504e-16,2.0754766216651144e-16,2.0754766216651144e-16,2.0754766216651144e-16,2.0754766216651144e-16,2.0754766216651144e-16,2.0754766216651144e-16,2.0754766216651144e-16,2.0754766216651144e-16,2.0754766216651144e-16,2.0754766216651144e-16,2.0754766216651144e-16,2.0754766216651144e-16,2.0754766216651144e-16,2.0754766216651144e-16,5.323348312575922e-17]"
28.10000000000013,sqp_rti,0,"[0.03797419301375842,0.20918261596274612,0.03501261401855181]",2.766496635364931,0.012180402874946594,"[-2.980232227667301e-09,0.0020861742825018514,0.03154898292636049,0.08463534775419462,0.14291876656344443,0.1979084967134071,0.35113596730956403,0.44874258622556057,0.5066022168174065,0.5369699683091589,0.5486209271435605,0.5482569266908939,0.5475576705000129,0.55618801397883,0.577630029500537,0.6116558867518875,0.6552349798271571,0.7066077395007617,0.7670267829968587,0.8429917309325112,0.9485592260318263]","[null,3.0101967688121195e-16,2.9779429946931006e-16,2.979819768758298e-16,2.9797638901229805e-16,2.9895137811491787e-16,2.989408917653468e-16,2.989408917653468e-16,2.989408917653468e-16,2.989408917653468e-16,2.989408917653468e-16,2.989408917653468e-16,2.989408917653468e-16,2.989408917653468e-16,2.989408917653468e-16,2.989408917653468e-16,2.989408917653468e-16,2.989408917653468e-16,2.989408917653468e-16,2.989408917653468e-16,6.084690210640767e-17]"
28.20000000000013,sqp_rti,0,"[0.03385399551889044,0.20746540679683356,0.04612423385832741]",2.7676077973489286,0.01135929673910141,"[-2.980232227667301e-09,0.002348283311195243,0.03267453399674808,0.08506850196047538,0.14243327950383106,0.1981278849444948,0.35199034290336756,0.4467052686871192,0.5016335913563637,0.5298318757397389,0.5400816591759117,0.5395434301738085,0.5402061687746282,0.5505023582116031,0.5729794875429384,0.6069401531768903,0.649551623552935,0.6994628566185781,0.7580737800603081,0.8313036440120747,0.9321318971167976]","[null,1.525160022575238e-10,1.5228896447565433e-10,1.5243853319565545e-10,1.5243716268146142e-10,1.527518166268315e-10,1.5270209514747028e-10,1.5270209514747028e-10,1.5270209514747028e-10,1.5270209514747028e-10,1.5270209514747028e-10,1.5270209514747028e-10,1.5270209514747028e-10,1.5270209514747028e-10,1.5270209514747028e-10,1.5270209514747028e-10,1.5270209514747028e-10,1.5270209514747028e-10,1.5270209514747028e-10,1.5270209514747028e-10,2.664759100542348e-11]"
28.300000000000132,sqp_rti,0,"[0.033209717694967986,0.19631482804890465,0.03701846533145241]",2.772543534225127,0.010590728372335434,"[-2.980232227667301e-09,0.001637443077623868,0.029889453882646688,0.08331527466859684,0.14252069146562435,0.19806580002224622,0.3536560746623792,0.4453086317830966,0.4971728483314351,0.5232972919942014,0.5319392076463252,0.5317606812376432,0.5339056892082474,0.5456541385368865,0.568788836691408,0.602445721560877,0.6441466268041693,0.6929599917346116,0.7503334545633542,0.8216383663973594,0.9188502621203447]","[null,7.639585561190604e-13,7.617231392764309e-13,7.622523572001505e-13,7.620799601147123e-13,7.65166116183568e-13,7.645218461832242e-13,7.645218461832242e-13,7.645218461832242e-13,7.645218461832242e-13,7.645218461832242e-13,7.645218461832242e-13,7.645218461832242e-13,7.645218461832242e-13,7.645218461832242e-13,7.645218461832242e-13,7.645218461832242e-13,7.645218461832242e-13,7.645218461832242e-13,7.645218461832242e-13,1.218987470201087e-13]"
28.400000000000134,sqp_rti,0,"[0.029174475338777782,0.1850490714520487,0.027736968458351392]",2.7774616982667233,0.009906738996505737,"[-2.980232227667301e-09,0.003995394746961811,0.0402497581340569,0.0927182932919422,0.14631421774224124,0.19863542260479222,0.35502220793924694,0.44376438393118606,0.4931089662504576,0.5176417979921311,0.5252201423933165,0.5256254126269198,0.5291432854412761,0.541953820412705,0.5652713255243291,0.5981425405691858,0.638575164396763,0.6859277214615644,0.7417186038121428,0.8107089198651749,0.903853039803306]","[null,2.188396611257417e-15,2.18713868218284e-15,2.1873631354965567e-15,2.187251789360536e-15,2.1913342275268604e-15,2.189869254472877e-15,2.189869254472877e-15,2.189869254472877e-15,2.189869254472877e-15,2.189869254472877e-15,2.189869254472877e-15,2.189869254472877e-15,2.189869254472877e-15,2.189869254472877e-15,2.189869254472877e-15,2.189869254472877e-15,2.189869254472877e-15,2.189869254472877e-15,2.189869254472877e-15,2.7730997233934785e-16]"
28.500000000000135,sqp_rti,0,"[0.02769653593614965,0.18183971505595145,0.03721308773213168]",2.778409310194102,0.009296480566263199,"[-2.980232227667301e-09,0.00322973424208578,0.03739903867988731,0.09147924623801346,0.14795064500831218,0.19876612225988027,0.35468067467771364,0.4402070274895465,0.4874122736041862,0.5107994395374547,0.5181940626780495,0.5195943796944362,0.5240538593723201,0.5370181268382452,0.5598994064511593,0.5916599374606057,0.6307631797916613,0.6768730602969917,0.7313955459664576,0.798495685952983,0.88810782071548]","[null,3.3211732160382953e-15,3.3168989195327436e-15,3.3168852358974604e-15,3.3181856983923397e-15,3.317618786049473e-15,3.3189306245525214e-15,3.3189306245525214e-15,3.3189306245525214e-15,3.3189306245525214e-15,3.3189306245525214e-15,3.3189306245525214e-15,3.3189306245525214e-15,3.3189306245525214e-15,3.3189306245525214e-15,3.3189306245525214e-15,3.3189306245525214e-15,3.3189306245525214e-15,3.3189306245525214e-15,3.3189306245525214e-15,4.448691952236332e-16]"
28.600000000000136,sqp_rti,0,"[0.02495008482250858,0.1745639827257763,0.026186661219719277]",2.7831529812717646,0.008729178458452225,"[-2.980232227667301e-09,0.004022815664370516,0.041066450332490956,0.0931481649324411,0.1450462146472205,0.1986107205769912,0.3565421068187547,0.4388490101123608,0.4836582300809951,0.5051938289404034,0.5125210020232103,0.5148192368026805,0.520115400990371,0.5331977922286633,0.5555926485170992,0.5863688034934931,0.6244093517289258,0.6696037195418973,0.7232472454697116,0.78901780024485,0.8759596243382048]","[null,1.7515823830144433e-12,1.7510210645146676e-12,1.7511934759630114e-12,1.7488558961136429e-12,1.7572308737845299e-12,1.7577994128249621e-12,1.7577994128249621e-12,1.7577994128249621e-12,1.7577994128249621e-12,1.7577994128249621e-12,1.7577994128249621e-12,1.7577994128249621e-12,1.7577994128249621e-12,1.7577994128249621e-12,1.7577994128249621e-12,1.7577994128249621e-12,1.7577994128249621e-12,1.7577994128249621e-12,1.7577994128249621e-12,3.030224082485334e-13]"
28.700000000000138,sqp_rti,0,"[0.02292227481918572,0.172555613606397,0.03412294710936303]",2.78394660986073,0.00821126252412796,"[-2.980232227667301e-09,0.004044826941429325,0.040756161624263154,0.0965695294647631,0.15404026850421532,0.19876949098637625,0.3589273285992263,0.4381676830825299,0.4807912035323881,0.5008124897841,0.5081316484209537,0.5112918196778835,0.517463247950279,0.5307414324387458,0.5524848326934062,0.5820531371213817,0.6187337221987306,0.6626296332840453,0.714938942705573,0.7788818997101081,0.8625485825660639]","[null,1.1038265446110106e-15,1.1025299420769116e-15,1.10245877135361e-15,1.1009067508267441e-15,1.109170864715415e-15,1.1068981325775772e-15,1.1068981325775772e-15,1.1068981325775772e-15,1.1068981325775772e-15,1.1068981325775772e-15,1.1068981325775772e-15,1.1068981325775772e-15,1.1068981325775772e-15,1.1068981325775772e-15,1.1068981325775772e-15,1.1068981325775772e-15,1.1068981325775772e-15,1.1068981325775772e-15,1.1068981325775772e-15,1.885503218869484e-16]"
28.80000000000014,sqp_rti,0,"[0.022399819383101007,0.17556370411042227,0.024454422531075486]",2.7883941216846972,0.007723100483417511,"[-2.980232227667301e-09,0.0036848307332436048,0.04014925860501678,0.08875122474463099,0.1334590767658142,0.19842936561745433,0.36309761282958847,0.43898508644256823,0.479113449498027,0.4976967081829045,0.5050101330376726,0.5088158641948801,0.5155009046643506,0.5286361365271588,0.5496180267233022,0.5781333913501399,0.6138249211423108,0.6569139771796386,0.708517291429694,0.7714916261892,0.8531084079294053]","[null,1.7481562793374604e-16,1.74710013823328e-16,1.7475151335187517e-16,1.7470475405969377e-16,1.7521821424340907e-16,1.7515089137690892e-16,1.7515089137690892e-16,1.7515089137690892e-16,1.7515089137690892e-16,1.7515089137690892e-16,1.7515089137690892e-16,1.7515089137690892e-16,1.7515089137690892e-16,1.7515089137690892e-16,1.7515089137690892e-16,1.7515089137690892e-16,1.7515089137690892e-16,1.7515089137690892e-16,1.7515089137690892e-16,3.9340002872928435e-17]"
28.90000000000014,sqp_rti,0,"[0.02155979427489721,0.2009464632533705,0.031096970479385984]",2.7894903259266255,0.007249556481838226,"[-2.980232227667301e-09,0.007104024318038082,0.05187236437960935,0.11832082319187692,0.18512221295038672,0.19827083121350314,0.3687864073252854,0.4408346119044609,0.47768699797142916,0.4950347949703911,0.5024162073092071,0.5068639241122319,0.5139328898376341,0.5267236433934392,0.5466471908818498,0.5737517581790221,0.6079732795799024,0.6496875383318688,0.6999263664316799,0.7611647064707021,0.8397505030487131]","[null,3.530112875639988e-11,3.5284556768631424e-11,3.528320022116297e-11,3.524157836699614e-11,3.536154087220221e-11,3.531114215154475e-11,3.531114215154475e-11,3.531114215154475e-11,3.531114215154475e-11,3.531114215154475e-11,3.531114215154475e-11,3.531114215154475e-11,3.531114215154475e-11,3.531114215154475e-11,3.531114215154475e-11,3.531114215154475e-11,3.531114215154475e-11,3.531114215154475e-11,3.531114215154475e-11,6.534586937205507e-12]"
29.000000000000142,sqp_rti,0,"[0.014482300909282465,0.22750556092650462,0.02637301274688631]",2.792530994252158,0.006731070578098297,"[-2.980232227667301e-09,0.009961500970700865,0.07250638212404398,0.11869321657539161,0.0929043378895898,0.18975956661723786,0.376142013377131,0.4416799034353403,0.4745634643568451,0.4911207000570286,0.49912201522416383,0.5040969954615278,0.5105800481984957,0.5215066943044995,0.5388102737345448,0.5631883306898338,0.5950309357047849,0.6348533249101294,0.6835750483635905,0.7430637697421367,0.8181993839518291]","[null,1.4722916596335576e-12,1.472050184488525e-12,1.4737075940618356e-12,1.470666793831688e-12,1.471986707432989e-12,1.4734876937592029e-12,1.4734876937592029e-12,1.4734876937592029e-12,1.4734876937592029e-12,1.4734876937592029e-12,1.4734876937592029e-12,1.4734876937592029e-12,1.4734876937592029e-12,1.4734876937592029e-12,1.4734876937592029e-12,1.4734876937592029e-12,1.4734876937592029e-12,1.4734876937592029e-12,1.4734876937592029e-12,2.36108739847211e-13]"
29.100000000000144,sqp_rti,0,"[0.030455893225886342,0.2019829782127733,0.03425040442493795]",2.7945993533576465,0.006151862442493439,"[-2.980232227667301e-09,0.0002843431043851319,0.0006373592857496502,0.0942603838082306,0.1841280894518718,0.18778290018293547,0.40053604208976595,0.45325512267834683,0.47874774840552164,0.49196793148552304,0.4987150167510677,0.5029853212801825,0.5081120349524866,0.5171814790861198,0.5322570595125427,0.5544205216723561,0.5843429019195951,0.6226739003481476,0.6702859510133663,0.728669092930162,0.8015633641334332]","[null,6.4525581077829305e-16,6.444995833405406e-16,6.434800786666885e-16,6.431384320710714e-16,6.438387782045566e-16,6.441386534781718e-16,6.441386534781718e-16,6.441386534781718e-16,6.441386534781718e-16,6.441386534781718e-16,6.441386534781718e-16,6.441386534781718e-16,6.441386534781718e-16,6.441386534781718e-16,6.441386534781718e-16,6.441386534781718e-16,6.441386534781718e-16,6.441386534781718e-16,6.441386534781718e-16,1.0389023207961026e-16]"
29.200000000000145,sqp_rti,0,"[0.023808178112224524,0.2234555815142592,0.03401646862806188]",2.797236018455167,0.005676880478858948,"[-2.980232227667301e-09,0.06264424487880121,0.16641580360159197,0.17595193522791136,-2.980232227667301e-09,0.199044803519638,0.4093806310930688,0.457418517292507,0.4806946814692424,0.49282979168957014,0.4990293924788077,0.502874471250135,0.5074105924617711,0.5156154896796756,0.529531470347149,0.5503854415896441,0.578986081907211,0.6160766644188314,0.6625302617821134,0.7196642947355059,0.7906003264352008]","[null,6.167920529984213e-13,6.160364731191147e-13,6.167127953154073e-13,6.175507965568171e-13,6.168070847054454e-13,6.175507965398469e-13,6.175507965398469e-13,6.175507965398469e-13,6.175507965398469e-13,6.175507965398469e-13,6.175507965398469e-13,6.175507965398469e-13,6.175507965398469e-13,6.175507965398469e-13,6.175507965398469e-13,6.175507965398469e-13,6.175507965398469e-13,6.175507965398469e-13,6.175507965398469e-13,1.3835807234085377e-13]"
29.300000000000146,sqp_rti,0,"[0.026968182189055678,0.21381302992633658,0.03161363717399502]",2.801234620053912,0.005180586129426956,"[-2.980232227667301e-09,0.06291649717098552,-2.980232227667301e-09,0.13902459379590654,0.25432569782023223,0.19307119982037763,0.41729824210524386,0.4613463282377069,0.48251551108419194,0.493582195101628,0.4991148881651924,0.5021349631537688,0.5054067003459124,0.5118757965215053,0.5236794801016564,0.5422341688863817,0.5685330976910812,0.6034538429244953,0.6479205633555594,0.7030797998402434,0.7712584661292048]","[null,1.7039537533334159e-13,1.706951102795755e-13,1.7041800310692274e-13,1.7060596995624634e-13,1.7038935211582266e-13,1.7069511028126862e-13,1.7069511028126862e-13,1.7069511028126862e-13,1.7069511028126862e-13,1.7069511028126862e-13,1.7069511028126862e-13,1.7069511028126862e-13,1.7069511028126862e-13,1.7069511028126862e-13,1.7069511028126862e-13,1.7069511028126862e-13,1.7069511028126862e-13,1.7069511028126862e-13,1.7069511028126862e-13,2.3840062557466498e-14]"
29.400000000000148,sqp_rti,0,"[0.026002655958014168,0.25790856299899206,0.021831252210347547]",2.8061026952864183,0.0047399066388607025,"[-2.980232227667301e-09,0.12598387477495693,0.24224008978000883,0.002571993642056125,0.10618132472411618,2.1220532464560904e-07,0.4131259466718376,0.46089089223512475,0.48243754437229996,0.4934524443785378,0.4984323498447381,0.49955239788828437,0.49927723913493055,0.5006121971496824,0.5062296608325638,0.5182374927686524,0.5382339196949253,0.5675340590027929,0.607324016598995,0.6587119589700137,0.722957147530807]","[null,1.1140627374556923e-11,1.1137845880581115e-11,1.1150968211197923e-11,1.1145895466447897e-11,1.1232039023026844e-11,1.1180858565747044e-11,1.1180858565747044e-11,1.1180858565747044e-11,1.1180858565747044e-11,1.1180858565747044e-11,1.1180858565747044e-11,1.1180858565747044e-11,1.1180858565747044e-11,1.1180858565747044e-11,1.1180858565747044e-11,1.1180858565747044e-11,1.1180858565747044e-11,1.1180858565747044e-11,1.1180858565747044e-11,2.4415267264713913e-12]"
29.50000000000015,sqp_rti,0,"[0.02895616234833957,0.1003939205268993,0.061966809805923485]",2.810116251046011,0.004245106130838394,"[-2.980232227667301e-09,0.15915000414683506,-2.980232227667301e-09,0.1654029889242395,0.20441897871056086,0.4234456976000132,0.46293946508866385,0.482128232946711,0.49260834595302044,0.49790492233172473,0.49990067639081276,0.5002486869375644,0.5011715430958616,0.5048333263418854,0.5130527838685424,0.5272584414744308,0.5486338919387392,0.5782493303812373,0.617164451731363,0.666397688481674,0.7272111251664597]","[null,1.1742020879554942e-13,1.1760053340598278e-13,1.1738924269201978e-13,1.1744794152263353e-13,1.1841994930549401e-13,1.176005334069909e-13,1.176005334069909e-13,1.176005334069909e-13,1.176005334069909e-13,1.176005334069909e-13,1.176005334069909e-13,1.176005334069909e-13,1.176005334069909e-13,1.176005334069909e-13,1.176005334069909e-13,1.176005334069909e-13,1.176005334069909e-13,1.176005334069909e-13,1.176005334069909e-13,1.6667230811050212e-14]"
29.60000000000015,sqp_rti,0,"[0.03012882743507096,-0.029560671738872585,0.0391633953819719]",2.813682223332521,0.004072714596986771,"[-2.980232227667301e-09,0.19536805199487334,0.3684624167583877,null,0.21045270149332113,null,-2.980232227667301e-09,null,0.010607440211303054,0.08252056997362872,0.1437615342437198,0.18137752864414552,0.2032465493497682,0.21564565331779734,0.22345565363513203,0.2310312411791003,0.2422064554530195,0.26023723197669285,0.28810686012376224,0.3287218891780029,0.3849386052659732]","[null,2.858753727368057e-13,0.06412538245011822,2.717101215094403e-13,2.716909586677556e-13,2.7171012151231607e-13,2.717101215100801e-13,2.717101215100801e-13,2.717101215100801e-13,2.717101215100801e-13,2.717101215100801e-13,2.717101215100801e-13,2.717101215100801e-13,2.717101215100801e-13,2.717101215100801e-13,2.717101215100801e-13,2.717101215100801e-13,2.717101215100801e-13,2.717101215100801e-13,2.717101215100801e-13,3.5594494257449277e-14]"
29.700000000000152,sqp_rti,0,"[0.027365737549363972,0.20069659259414172,0.036871657014032645]",2.815641520001982,0.004115097224712372,"[-2.980232227667301e-09,0.20032966703957983,null,null,null,0.0300648387454146,0.11974127991200306,0.1866274358530376,0.232682184228932,0.263211444652012,0.2821363108317428,0.29279741846964386,0.2985987504452908,0.3037797229988513,0.3128259541453218,0.3294103017252084,0.35620220081747506,0.3950699323504459,0.4474047114671869,0.5141458087085702,0.5954987089482209]","[null,1.8657420814285126e-15,1.8735013540549517e-15,1.876891021207508e-15,1.876891021339986e-15,1.8695661443376764e-15,1.8768910214336902e-15,1.8768910214336902e-15,1.8768910214336902e-15,1.8768910214336902e-15,1.8768910214336902e-15,1.8768910214336902e-15,1.8768910214336902e-15,1.8768910214336902e-15,1.8768910214336902e-15,1.8768910214336902e-15,1.8768910214336902e-15,1.8768910214336902e-15,1.8768910214336902e-15,1.8768910214336902e-15,4.3517820839932355e-16]"
29.800000000000153,sqp_rti,0,"[0.013600875554743094,0.10033676239073933,0.021327260357247295]",2.8180956772537944,0.00387398898601532,"[-2.980232227667301e-09,0.19457560434122173,0.3509730584692193,0.2997225597845244,0.24550748579362108,0.2457851203648403,0.3150375217902422,0.3550331722889098,0.3790871655416879,0.3930188634089163,0.3999799144231531,0.40225983710673036,0.4021220499969516,0.4021104182627198,0.4047585203234519,0.4122882858681834,0.42665568637630785,0.4495547422738831,0.4825692568352416,0.5271271146456626,0.5843636569517983]","[null,4.543476711462421e-16,0.062302191432016596,0.005240524224887721,4.542775590040982e-16,4.55637635576928e-16,4.554667237562536e-16,4.554667237562536e-16,4.554667237562536e-16,4.554667237562536e-16,4.554667237562536e-16,4.554667237562536e-16,4.554667237562536e-16,4.554667237562536e-16,4.554667237562536e-16,4.554667237562536e-16,4.554667237562536e-16,4.554667237562536e-16,4.554667237562536e-16,4.554667237562536e-16,5.507207457063558e-17]"
29.900000000000155,sqp_rti,0,"[0.02771933155933514,0.5612359515468913,0.026832893340770964]",2.818830271092468,0.0037596039474010468,"[-2.980232227667301e-09,null,-2.980232227667301e-09,null,null,0.026528556010238458,0.21676183874704408,0.2902983064326861,0.32700766529589204,0.3465728879659736,0.35614686062756534,0.35971230032897666,0.36099730479581355,0.3640474329363073,0.372341533645195,0.3883660430210057,0.4137406029355411,0.44968874708420686,0.4971968110230172,0.5570249636471132,0.6294689139500782]","[null,5.285439446790233e-17,5.551115123125783e-17,5.2909066017292616e-17,5.285439447113351e-17,5.283289303394325e-17,5.285439446790233e-17,5.285439446790233e-17,5.285439446790233e-17,5.285439446790233e-17,5.285439446790233e-17,5.285439446790233e-17,5.285439446790233e-17,5.285439446790233e-17,5.285439446790233e-17,5.285439446790233e-17,5.285439446790233e-17,5.285439446790233e-17,5.285439446790233e-17,5.285439446790233e-17,1.1714588771093854e-17]"
30.000000000000156,sqp_rti,0,"[0.013775050947540503,0.28061281288709367,0.018298005404949656]",2.821467436772811,0.0031856223940849304,"[-2.9801744128032936e-09,0.22186956486568193,0.17338082905412194,0.2521820078939186,0.2035311351385019,0.2697915125099655,0.36624588595280444,0.4095625759002786,0.43226537766305456,0.44389667286028783,0.44860991226780983,0.4487424795124724,0.4460790221072671,0.44246195906899005,0.4399610524210374,0.4407396394114301,0.44695965220859507,0.4607018602424489,0.4840121709279444,0.518828677855194,0.5668458247295731]","[null,2.0355957432721676e-15,2.036764804197837e-15,2.035280446829599e-15,2.0369854792223378e-15,2.037697916425483e-15,2.037477836545316e-15,2.037477836545316e-15,2.037477836545316e-15,2.037477836545316e-15,2.037477836545316e-15,2.037477836545316e-15,2.037477836545316e-15,2.037477836545316e-15,2.037477836545316e-15,2.037477836545316e-15,2.037477836545316e-15,2.037477836545316e-15,2.037477836545316e-15,2.037477836545316e-15,2.4633854263958405e-16]"
30.100000000000158,sqp_rti,0,"[0.011189701166682303,0.36335900238947594,0.015716417254515603]",2.8224695806009654,0.0028801411390304565,"[-1.8113807953579197e-09,null,0.11560754307622007,0.1745967092975434,0.07599769826289277,0.1259369370092543,0.3583167845478357,0.40825008165274995,0.4296103085421777,0.4389115422261199,0.4413779757325827,0.43965431356847945,0.43582112530880296,0.4321377233349864,0.4310291349683311,0.43483886645246345,0.4457656876847878,0.4658301777031298,0.4968994171326571,0.5406860076621995,0.5984957049736159]","[null,5.308588004321981e-12,5.3052895696758145e-12,5.304961182062193e-12,5.304706054446989e-12,5.305092473591283e-12,5.308588004322107e-12,5.308588004322107e-12,5.308588004322107e-12,5.308588004322107e-12,5.308588004322107e-12,5.308588004322107e-12,5.308588004322107e-12,5.308588004322107e-12,5.308588004322107e-12,5.308588004322107e-12,5.308588004322107e-12,5.308588004322107e-12,5.308588004322107e-12,5.308588004322107e-12,8.024583608931086e-13]"
30.20000000000016,sqp_rti,0,"[0.005365605170153651,0.1816755270583452,0.017435157140327517]",2.824179438659142,0.0024693794548511505,"[-5.207615449975833e-10,0.12199394342253528,null,-2.980232227667301e-09,0.2528697245205194,0.30535259330936243,0.4726347556767763,0.4908806679769782,0.4982265186805364,0.5004194705126295,0.4989754409849539,0.49505043236361673,0.48989282870730905,0.4849528318243415,0.48185422658031457,0.4823728095965521,0.48829950227105173,0.5014449403603762,0.5236004790467887,0.5564604269758504,0.6014989551041061]","[null,1.3588678269020798e-14,1.3594638864324153e-14,1.3594638864715933e-14,1.3578602653721046e-14,1.359601045691678e-14,1.3594638864346772e-14,1.3594638864346772e-14,1.3594638864346772e-14,1.3594638864346772e-14,1.3594638864346772e-14,1.3594638864346772e-14,1.3594638864346772e-14,1.3594638864346772e-14,1.3594638864346772e-14,1.3594638864346772e-14,1.3594638864346772e-14,1.3594638864346772e-14,1.3594638864346772e-14,1.3594638864346772e-14,2.5701927618670937e-15]"
30.30000000000016,sqp_rti,0,"[0.05824973386804107,0.5494315606597673,0.029568251693624675]",2.8253927481144716,0.002250194549560547,"[2.9262052986256393e-07,-2.980232227667301e-09,0.2442704821297184,0.3176917808769815,-2.980232227667301e-09,0.1977270250116135,0.43861678655782727,0.467710651689967,0.47838354648051223,0.48130406249163543,0.47984676947806265,0.47566629698307566,0.46994218600640353,0.46396617258921397,0.4592298362985446,0.45741562266612307,0.46029532025516745,0.4697553405921269,0.48774314370475197,0.5161530658098499,0.5567418657502585]","[null,4.2102064678194726e-15,4.210978860899635e-15,4.228224185228367e-15,4.210206467935795e-15,4.210087831414365e-15,4.2102064676869944e-15,4.2102064676869944e-15,4.2102064676869944e-15,4.2102064676869944e-15,4.2102064676869944e-15,4.2102064676869944e-15,4.2102064676869944e-15,4.2102064676869944e-15,4.2102064676869944e-15,4.2102064676869944e-15,4.2102064676869944e-15,4.2102064676869944e-15,4.2102064676869944e-15,4.2102064676869944e-15,7.605555883338728e-16]"
30.400000000000162,sqp_rti,0,"[0.029686809966591027,0.273883451211719,0.022289263506849857]",2.8309537904825124,0.001812674105167389,"[0.0005768034334615035,0.39000014559040325,0.2208565816787143,null,-2.980232227667301e-09,0.19569200049694474,0.43482470725096506,0.4615471685891606,0.4707216714232317,0.47263396086299,0.4704194529752684,0.4656137004446819,0.4593640739133676,0.4528682690932058,0.4475523455496358,0.4450626911044722,0.4472078068597625,0.4558829968626313,0.4730798965032051,0.5007948490939469,0.5408385760047849]","[null,0.16922476736003136,1.0726399882511351e-13,1.0711994170658461e-13,1.0711994170651595e-13,1.070666295653091e-13,1.0711994170662904e-13,1.0711994170662904e-13,1.0711994170662904e-13,1.0711994170662904e-13,1.0711994170662904e-13,1.0711994170662904e-13,1.0711994170662904e-13,1.0711994170662904e-13,1.0711994170662904e-13,1.0711994170662904e-13,1.0711994170662904e-13,1.0711994170662904e-13,1.0711994170662904e-13,1.0711994170662904e-13,1.093677226478302e-14]"
30.500000000000163,sqp_rti,0,"[0.0147330505010477,0.13694203471095634,0.014670656896359081]",2.8343845572792756,0.0016229674220085144,"[0.006353452938580528,0.23256054622494277,0.13911400619685993,0.29923030980337445,0.10299023678801406,0.11697432643286448,0.3665025424595683,0.40501733427414593,0.4192470206336452,0.42397486008939894,0.4236351724267678,0.4202476929699344,0.4149557664947466,0.40870826814470435,0.40248503276522457,0.39744529534433753,0.39495735449159214,0.3966543271250956,0.4043375958045104,0.42003582135103273,0.4458379130973185]","[null,4.0245584642661925e-15,3.8754779913359075e-15,3.884051720818902e-15,3.8713426582393585e-15,3.878294795120696e-15,3.8985102813816026e-15,3.8985102813816026e-15,3.8985102813816026e-15,3.8985102813816026e-15,3.8985102813816026e-15,3.8985102813816026e-15,3.8985102813816026e-15,3.8985102813816026e-15,3.8985102813816026e-15,3.8985102813816026e-15,3.8985102813816026e-15,3.8985102813816026e-15,3.8985102813816026e-15,3.8985102813816026e-15,1.0518445378084861e-15]"
30.600000000000165,sqp_rti,0,"[0.007128880774110078,0.34390445223123245,0.009017641642759875]",2.8359155694828218,0.0015352033078670502,"[0.016148243334566825,-2.980232227667301e-09,0.1955177902528476,-2.980232227667301e-09,-2.980232227667301e-09,0.19587919309436758,0.3636455077656933,0.3889458656293357,0.3955548302735366,0.39473236058645683,0.3899822445894728,0.3828811378839319,0.37453122999447147,0.36603915770235035,0.3587657494581336,0.3543914286064734,0.35491551920909786,0.3625739925645462,0.3797722130375945,0.40900114080296107,0.4525919541494588]","[null,3.723249057414318e-12,3.71759409525245e-12,3.723249057413091e-12,3.723249057413591e-12,3.718568127615908e-12,3.723249057423165e-12,3.723249057423165e-12,3.723249057423165e-12,3.723249057423165e-12,3.723249057423165e-12,3.723249057423165e-12,3.723249057423165e-12,3.723249057423165e-12,3.723249057423165e-12,3.723249057423165e-12,3.723249057423165e-12,3.723249057423165e-12,3.723249057423165e-12,3.723249057423165e-12,5.07675784267099e-13]"
30.700000000000166,sqp_rti,0,"[0.003074647265897892,0.17195477212045565,0.009811864547267084]",2.8359949917732727,0.0013007931411266327,"[0.11443877969709321,4.1243702007698335e-05,-2.979692020899094e-09,0.3031205389440402,0.3877644514077588,null,0.48537357481499727,0.48962004476730386,0.48788657075840264,0.4832866483318384,0.476930160995164,0.46941745936014173,0.4612388605698186,0.4528585373795309,0.4449002803129048,0.43812613884946644,0.43363159899632536,0.4327316212811681,0.43711179736324085,0.4486665698252679,0.46953890272214666]","[null,2.4940115100164866e-14,2.5043824922587374e-14,2.4948878428191046e-14,2.495284066518423e-14,2.5043824922441972e-14,2.504382492268754e-14,2.504382492268754e-14,2.504382492268754e-14,2.504382492268754e-14,2.504382492268754e-14,2.504382492268754e-14,2.504382492268754e-14,2.504382492268754e-14,2.504382492268754e-14,2.504382492268754e-14,2.504382492268754e-14,2.504382492268754e-14,2.504382492268754e-14,2.504382492268754e-14,4.5990454449209984e-15]"
30.800000000000168,sqp_rti,0,"[0.006748669245017544,0.20010181747941488,0.01331023748482506]",2.836344829067028,0.0011683180928230286,"[0.2503625031719821,2.8759544468126563e-09,9.105470266668192e-10,0.21392079345629328,0.019475544926433497,null,0.4104018842135247,0.4226036648357166,0.42158583166940106,0.4157310635196552,0.4073775435020906,0.397572213959063,0.3871677070557354,0.37710392357069084,0.3686901833842782,0.36356727278325424,0.3637305923985011,0.37145576729494395,0.38925408959195523,0.4196700239760219,0.4650874725301833]","[null,2.0793974227426866e-17,2.0765359953006557e-17,2.0765846177686993e-17,2.0760352447147406e-17,2.0764916490494175e-17,2.0764916496956524e-17,2.0764916496956524e-17,2.0764916496956524e-17,2.0764916496956524e-17,2.0764916496956524e-17,2.0764916496956524e-17,2.0764916496956524e-17,2.0764916496956524e-17,2.0764916496956524e-17,2.0764916496956524e-17,2.0764916496956524e-17,2.0764916496956524e-17,2.0764916496956524e-17,2.0764916496956524e-17,2.8768234855751453e-18]"
30.90000000000017,safe_stop,4,"[0.0,0.0,0.0]",2.8350138053185456,0.0010105185210704803,"[0.48313059775405237,0.49708921920303056,0.39105943476472477,-2.9802321721561498e-09,0.28401220627285967,0.4389615664876601,0.4589344556138258,0.4642409377309889,0.46357195876305185,0.4596082236638324,0.45359563466598446,0.44627028089263804,0.4382058535303031,0.42992096634047244,0.42199400321613895,0.415189875829509,0.410453504725308,0.40902232901600116,0.41241296522998,0.42245616875785147,0.4411719403173365]","[null,null,null,null,null,null,null,null,null,null,null,null,null,null,null,null,null,null,null,null,null]"
31.00000000000017,sqp_rti,0,"[0.009684580244700059,-0.21268382757710969,0.011741628379202479]",2.836187968156466,0.0010105185210704803,"[0.48313059775405237,0.48313059775405237,0.48313059775405237,0.48313059775405237,0.48313059775405237,0.48313059775405237,0.48313059775405237,0.48313059775405237,0.48313059775405237,0.48313059775405237,0.48313059775405237,0.48313059775405237,0.48313059775405237,0.48313059775405237,0.48313059775405237,0.48313059775405237,0.48313059775405237,0.48313059775405237,0.48313059775405237,0.48313059775405237,0.48313059775405237]","[null,6.705961963746332e-14,6.703480033481459e-14,6.703424390880837e-14,6.703095732452894e-14,6.703821222697896e-14,6.717429020453371e-14,6.717429020453371e-14,6.717429020453371e-14,6.717429020453371e-14,6.717429020453371e-14,6.717429020453371e-14,6.717429020453371e-14,6.717429020453371e-14,6.717429020453371e-14,6.717429020453371e-14,6.717429020453371e-14,6.717429020453371e-14,6.717429020453371e-14,6.717429020453371e-14,1.730404126617781e-14]"
31.100000000000172,sqp_rti,0,"[0.004937370873614643,-0.10698647496238925,0.007573209765486353]",2.837867440024001,0.0011570826172828674,"[0.2648600768195138,0.2648896195980342,0.2930893121674217,0.3250815318267087,0.36121998457879273,0.4015349595394582,0.4455045205140323,0.4931056812553834,0.544639373793143,0.5992266015179666,0.6561708160726993,0.7146166286615425,0.7721563449505993,0.8269106882280084,0.8763499037825795,0.9179691221828079,0.9503017893536139,0.9728873451694653,0.986958996787149,0.9944674832617266,0.9979296224773513]","[null,4.035522153680044e-12,4.035518114484954e-12,4.0355188193215605e-12,4.0355240291640434e-12,4.035707479393871e-12,4.036953639004932e-12,4.036953639004932e-12,4.036953639004932e-12,4.036953639004932e-12,4.036953639004932e-12,4.036953639004932e-12,4.036953639004932e-12,4.036953639004932e-12,4.036953639004932e-12,4.036953639004932e-12,4.036953639004932e-12,4.036953639004932e-12,4.036953639004932e-12,4.036953639004932e-12,4.640649201669105e-13]"
31.200000000000173,sqp_rti,0,"[0.0027759321029898697,-0.056369886560284084,0.009550474801426803]",2.8380651665275947,0.0012175962328910828,"[0.19198030337583988,0.2174678802084145,0.21924218492922593,0.2175344591434623,0.20113892869831035,1.435092724155762e-06,0.4780016577843014,0.4772542262441107,0.46905175648299463,0.4575593456041929,0.4443109966550452,0.4301881588548582,0.4158239931830792,0.401776155187936,0.3885618885355953,0.3769020084645945,0.36795421723388416,0.3636566819911636,0.36668937382657135,0.380174325780861,0.4068006820862749]","[null,8.407135123449036e-14,8.407229398780875e-14,8.407211889935444e-14,8.407250844907793e-14,8.415206262174113e-14,8.411984819323051e-14,8.411984819323051e-14,8.411984819323051e-14,8.411984819323051e-14,8.411984819323051e-14,8.411984819323051e-14,8.411984819323051e-14,8.411984819323051e-14,8.411984819323051e-14,8.411984819323051e-14,8.411984819323051e-14,8.411984819323051e-14,8.411984819323051e-14,8.411984819323051e-14,1.3667800687108626e-14]"
31.300000000000175,sqp_rti,0,"[5.5213831727336446e-05,-0.9642390609378128,0.01005648525740803]",2.8381157675731927,0.0012458227574825287,"[0.16285130270484843,0.2030305994794162,0.19052484337858006,0.15264746257271328,0.014281459434141663,0.4845515853417737,0.4957239437274666,0.49547248214751677,0.4917504342716342,0.48612114414669066,0.4792929682285319,0.4717164790849438,0.4637505260503801,0.4557023197145938,0.44798714964345693,0.44111473070034607,0.4358243174778636,0.4331197866460997,0.43430662843717444,0.44096810473137965,0.45491659645530974]","[null,1.647175501863163e-14,1.6470925213413768e-14,1.647206674260836e-14,1.6471899670897748e-14,1.6489606893193146e-14,1.6486320991441112e-14,1.6486320991441112e-14,1.6486320991441112e-14,1.6486320991441112e-14,1.6486320991441112e-14,1.6486320991441112e-14,1.6486320991441112e-14,1.6486320991441112e-14,1.6486320991441112e-14,1.6486320991441112e-14,1.6486320991441112e-14,1.6486320991441112e-14,1.6486320991441112e-14,1.6486320991441112e-14,2.375926271289265e-15]"
31.400000000000176,sqp_rti,0,"[0.027268844774098376,-0.5903721381840417,0.018226806950273445]",2.838932799742479,0.0014996007084846497,"[0.022884565580523042,-2.980232227667301e-09,0.2812540905858441,0.21312242069775494,0.006365962396597535,-2.980232227667301e-09,0.37642732753569136,0.394967355950908,0.39536737484014567,0.3893653362582626,0.380169622516118,0.36931596786902504,0.357990180338615,0.3476506338537931,0.3402324166970743,0.33808998647186855,0.3438992975099254,0.3605144547146722,0.390834200085547,0.4375499382783417,0.5026558974448008]","[null,2.6300695352235473e-13,2.627575296247367e-13,2.627862873654335e-13,2.6277216179844556e-13,2.6300695352234827e-13,2.630069535189103e-13,2.630069535189103e-13,2.630069535189103e-13,2.630069535189103e-13,2.630069535189103e-13,2.630069535189103e-13,2.630069535189103e-13,2.630069535189103e-13,2.630069535189103e-13,2.630069535189103e-13,2.630069535189103e-13,2.630069535189103e-13,2.630069535189103e-13,2.630069535189103e-13,4.3689039331778984e-14]"
31.500000000000178,sqp_rti,0,"[0.013486963455735036,-0.2951880510483035,0.011889955478175264]",2.8424917420530815,0.0012809112668037415,"[0.13059313454136828,0.07453045930965346,0.2371570727577364,null,null,0.3251671131207388,0.3594742466314756,0.37107439466923325,0.3732661121091752,0.3704780616183541,0.36474952088297813,0.3572001618853136,0.3485893321639935,0.33961911383183435,0.33101862126150366,0.3238293890677298,0.31938248971284794,0.3194659983929398,0.32632562921122316,0.3426311928025612,0.37136771965282805]","[null,3.9695063126293964e-17,3.969447677035025e-17,3.971799006346322e-17,3.971799006305932e-17,3.9712147676699337e-17,3.9717990062655425e-17,3.9717990062655425e-17,3.9717990062655425e-17,3.9717990062655425e-17,3.9717990062655425e-17,3.9717990062655425e-17,3.9717990062655425e-17,3.9717990062655425e-17,3.9717990062655425e-17,3.9717990062655425e-17,3.9717990062655425e-17,3.9717990062655425e-17,3.9717990062655425e-17,3.9717990062655425e-17,6.0009792499529445e-18]"
31.60000000000018,sqp_rti,0,"[0.030982495712762577,-0.13655516295379147,0.007252227389333495]",2.842027969244197,0.0010711699724197388,"[0.3881611069452447,null,0.03005194901278402,0.37190830415796655,0.2685928963284255,-2.980232227667301e-09,0.20092937318777332,0.2491534315820843,0.2655449349725075,0.270767524843987,0.27051802294270716,0.2672177801203162,0.2621101372801576,0.25607905183679663,0.24983550497512824,0.24425208219468858,0.2404816467776783,0.24005424107744916,0.2450052847784548,0.2578591612672881,0.2816068739934153]","[null,5.449579908809135e-17,5.4349477728613745e-17,5.432611175604475e-17,5.434124815110862e-17,5.449579908728356e-17,5.4495799085264075e-17,5.4495799085264075e-17,5.4495799085264075e-17,5.4495799085264075e-17,5.4495799085264075e-17,5.4495799085264075e-17,5.4495799085264075e-17,5.4495799085264075e-17,5.4495799085264075e-17,5.4495799085264075e-17,5.4495799085264075e-17,5.4495799085264075e-17,5.4495799085264075e-17,5.4495799085264075e-17,7.731700091034074e-18]"
31.70000000000018,sqp_rti,0,"[0.07436247940750738,0.05207560889463478,0.021109279068822845]",2.8476063018699582,0.0009182505309581757,"[0.6280600634438087,0.5084241182687037,0.1759093312264895,0.6198297882967381,0.7470501602451349,0.5266735761804966,0.5026277806322355,0.4912059508018672,0.4817157811573736,0.4726323541064488,0.46360248715953106,0.454547826915541,0.4455935605119919,0.43687272104436375,0.4286912475457115,0.42147144237561635,0.4158158200996425,0.4125837410105831,0.4128981445075908,0.41815845466033325,0.4299958267608986]","[null,8.882148728776362e-16,8.872847415619348e-16,8.882148728788479e-16,8.882148728768284e-16,8.882148728768284e-16,8.882148728812713e-16,8.882148728812713e-16,8.882148728812713e-16,8.882148728812713e-16,8.882148728812713e-16,8.882148728812713e-16,8.882148728812713e-16,8.882148728812713e-16,8.882148728812713e-16,8.882148728812713e-16,8.882148728812713e-16,8.882148728812713e-16,8.882148728812713e-16,8.882148728812713e-16,1.5126386469051735e-16]"
31.800000000000182,sqp_rti,0,"[0.03709958670317857,1.1999999999801612,0.012396119158826232]",2.8530239270656765,0.0010163672268390656,"[0.47403607877886317,0.4969002971762933,0.19732843304383324,0.08807887827607602,0.10962877899465867,0.07101200117713519,0.0670231888127944,0.07294980445329885,0.08023207589161957,0.0863374038188141,0.09068356850924603,0.09332497418781999,0.0945451710307566,0.09467719552262538,0.09410187967874323,0.09325439438633581,0.09269724880321989,0.0932038084412497,0.09586965374644835,0.10222672157530327,0.11441957880595482]","[null,0.14947817412515443,2.410071281846057e-12,2.4103917957117366e-12,2.410197931463658e-12,2.4102642100840662e-12,2.411561104621818e-12,2.411561104621818e-12,2.411561104621818e-12,2.411561104621818e-12,2.411561104621818e-12,2.411561104621818e-12,2.411561104621818e-12,2.411561104621818e-12,2.411561104621818e-12,2.411561104621818e-12,2.411561104621818e-12,2.411561104621818e-12,2.411561104621818e-12,2.411561104621818e-12,2.5586460579195365e-13]"
31.900000000000183,sqp_rti,0,"[0.020561503988632355,0.599504546055713,0.013595154287243841]",2.855240144307425,0.0033692196011543274,"[-2.9802321721561498e-09,-2.980232227667301e-09,4.0288383740261224e-10,2.960622249220668e-05,0.0013682195851803525,0.0070614231424357965,0.016577933865005445,0.027283166184123797,0.03730272159757392,0.04577672103286973,0.05247595741061134,0.05746926600342378,0.06096787018271571,0.06323263813737584,0.06454500594929585,0.06520183899526871,0.06554762542947828,0.06601464469627488,0.06724678466537953,0.07019659560199615,0.07625600812618033]","[null,1.8648971256141067e-13,1.8610258345536273e-13,1.8626535085458775e-13,1.8600469861861939e-13,1.8603260197129222e-13,1.86101797956189e-13,1.86101797956189e-13,1.86101797956189e-13,1.86101797956189e-13,1.86101797956189e-13,1.86101797956189e-13,1.86101797956189e-13,1.86101797956189e-13,1.86101797956189e-13,1.86101797956189e-13,1.86101797956189e-13,1.86101797956189e-13,1.86101797956189e-13,1.86101797956189e-13,2.3301198671884733e-14]"
32.000000000000185,sqp_rti,0,"[0.010188966683465276,0.29971051476595706,0.011098251262699517]",2.8570867677338763,0.004408959299325943,"[-2.980232227667301e-09,9.109773332161009e-05,-2.979881147391339e-09,8.947640214862496e-08,2.9491417905869177e-05,0.0003964166848303141,0.0016166680602463512,0.003812232848421193,0.006691750365367899,0.009850271953775913,0.012941230029462514,0.01573758414422316,0.018115314225426726,0.02003517999465637,0.021522120007239576,0.02262685596418096,0.023440267384061297,0.024082665468013797,0.02472221536717606,0.025621190481747658,0.02719129862069175]","[null,2.1934984422892705e-16,2.192334556027193e-16,2.1952033171039008e-16,2.196068350359565e-16,2.1907179822300039e-16,2.1923345560009397e-16,2.1923345560009397e-16,2.1923345560009397e-16,2.1923345560009397e-16,2.1923345560009397e-16,2.1923345560009397e-16,2.1923345560009397e-16,2.1923345560009397e-16,2.1923345560009397e-16,2.1923345560009397e-16,2.1923345560009397e-16,2.1923345560009397e-16,2.1923345560009397e-16,2.1923345560009397e-16,3.356129953869964e-17]"
32.100000000000186,sqp_rti,0,"[0.011368076329138386,0.22859185319947012,0.008067332208689248]",2.858879989557381,0.004892949014902115,"[-2.980232227667301e-09,-2.980232227667301e-09,2.0816387225064403e-09,4.993314083046041e-07,4.243769922671059e-05,0.0003523683709218406,0.001190584958880081,0.0025852078628315067,0.004372185217218327,0.006330788440051027,0.008267180631779614,0.010042046489531498,0.01157451534130588,0.012832472299268372,0.013821477416382788,0.01456657511124676,0.015119450359516062,0.015538732588885662,0.015922220922375996,0.016406433111270158,0.017222276189106378]","[null,7.296540252141817e-14,7.296540419524682e-14,7.34606482141267e-14,7.336937790654784e-14,7.283821448514592e-14,7.296540252185782e-14,7.296540252185782e-14,7.296540252185782e-14,7.296540252185782e-14,7.296540252185782e-14,7.296540252185782e-14,7.296540252185782e-14,7.296540252185782e-14,7.296540252185782e-14,7.296540252185782e-14,7.296540252185782e-14,7.296540252185782e-14,7.296540252185782e-14,7.296540252185782e-14,1.9322142241788536e-14]"
32.20000000000019,sqp_rti,0,"[0.010260989172622342,0.21797464632860442,0.011319072178811711]",2.859205163554393,0.005257997661828995,"[-2.980232227667301e-09,2.0290703811598476e-08,6.529358144158337e-06,8.322985248510051e-05,0.0003711143166706399,0.0009806162478743219,0.0019214172825512965,0.003117513901963076,0.004457867783312974,0.005824931730598781,0.007127540630461671,0.008298792904063046,0.009300136037196982,0.010119122468672803,0.010762134534987144,0.011249342345510283,0.011610408254028759,0.011887531650367766,0.012136237887295398,0.0124351347990313,0.012912896773732474]","[null,2.4347352757488237e-15,2.4451361540425193e-15,2.4395688758793714e-15,2.437087287004095e-15,2.425226614787914e-15,2.4322014668241518e-15,2.4322014668241518e-15,2.4322014668241518e-15,2.4322014668241518e-15,2.4322014668241518e-15,2.4322014668241518e-15,2.4322014668241518e-15,2.4322014668241518e-15,2.4322014668241518e-15,2.4322014668241518e-15,2.4322014668241518e-15,2.4322014668241518e-15,2.4322014668241518e-15,2.4322014668241518e-15,5.920050384511876e-16]"
32.30000000000019,sqp_rti,0,"[0.011675670447441631,0.20692315001565187,0.007786007030610386]",2.8609481707684794,0.005604002624750137,"[-2.980232227667301e-09,-8.156212732979284e-09,3.301207791850391e-07,1.3498559678054578e-05,0.00010580575479607335,0.0003806403977600348,0.0008957584376932393,0.0016335617765193544,0.002523768553858219,0.003481672710882233,0.004429532475182907,0.005309942971720549,0.006082895155952006,0.006733280757985238,0.007258453364376305,0.007667894661895158,0.007980550565361899,0.00822012887380802,0.008416182930766791,0.008609663717646765,0.008863281081685603]","[null,2.7507157022449292e-17,2.7600050639951464e-17,2.7587054639749962e-17,2.755052917945699e-17,2.7475926436739892e-17,2.750711292277704e-17,2.750711292277704e-17,2.750711292277704e-17,2.750711292277704e-17,2.750711292277704e-17,2.750711292277704e-17,2.750711292277704e-17,2.750711292277704e-17,2.750711292277704e-17,2.750711292277704e-17,2.750711292277704e-17,2.750711292277704e-17,2.750711292277704e-17,2.750711292277704e-17,5.046952303936224e-18]"
32.40000000000019,sqp_rti,0,"[0.010423087558771192,0.19635383764523753,0.01090737796796704]",2.861260307862215,0.005934335291385651,"[-2.980232227667301e-09,-5.379096529312122e-09,2.9858360259260586e-07,9.326613743920742e-06,6.464311579365556e-05,0.00022187990588068418,0.0005170566207771121,0.000948954427409554,0.0014867548526123486,0.002084618161783347,0.002696176565964159,0.003281906490501918,0.0038135973536335688,0.004274203290730416,0.004658690584008973,0.004967979130691191,0.005211751853938129,0.0054009723664386056,0.005553187090815925,0.005687976212718493,0.005833027350022946]","[null,5.149474560633741e-16,5.164777468079837e-16,5.165749475246432e-16,5.180592985432197e-16,5.293502568337511e-16,5.149466361458355e-16,5.149466361458355e-16,5.149466361458355e-16,5.149466361458355e-16,5.149466361458355e-16,5.149466361458355e-16,5.149466361458355e-16,5.149466361458355e-16,5.149466361458355e-16,5.149466361458355e-16,5.149466361458355e-16,5.149466361458355e-16,5.149466361458355e-16,5.149466361458355e-16,8.976262373543745e-17]"
32.50000000000019,sqp_rti,0,"[0.009192999268406455,0.18535820573164993,0.01352256418024171]",2.8615218264834383,0.006248112767934799,"[-2.980232227667301e-09,-2.4056369951619416e-09,-9.981249882162757e-09,6.515292044206866e-07,1.0073451756881235e-05,5.427491253495731e-05,0.00016715134554845523,0.0003681660809433107,0.0006538972722203718,0.0010028162286468967,0.0013850076187922888,0.0017718813992043114,0.0021388929354878017,0.0024698184770082787,0.0027552386006822194,0.0029929824850166153,0.003184699521686707,0.003337721009291361,0.003458825258659648,0.0035586664429543835,0.003650690227834208]","[null,1.0778814015317449e-12,1.0779742693844875e-12,1.0855526146901378e-12,1.0835670603498447e-12,1.1012763453526088e-12,1.0778813984037866e-12,1.0778813984037866e-12,1.0778813984037866e-12,1.0778813984037866e-12,1.0778813984037866e-12,1.0778813984037866e-12,1.0778813984037866e-12,1.0778813984037866e-12,1.0778813984037866e-12,1.0778813984037866e-12,1.0778813984037866e-12,1.0778813984037866e-12,1.0778813984037866e-12,1.0778813984037866e-12,3.007836145008536e-13]"
32.60000000000019,sqp_rti,0,"[0.010555854093938864,0.17579009667663542,0.009583001184546724]",2.863224183912779,0.0065432339906692505,"[-2.980232227667301e-09,-2.980218155590464e-09,-8.63422555674731e-10,3.211566643179786e-08,1.194878441412861e-06,1.1528006347405473e-05,4.9918021214900854e-05,0.00013642929069490606,0.0002800362624923447,0.00047521111261322746,0.0007062892408458699,0.0009544492944036365,0.0012012152707630563,0.0014328094652194534,0.0016392958246385647,0.001816490684359462,0.0019634399377615464,0.002081956441268684,0.0021763849419647596,0.0022520424923200832,0.0023159432918642975]","[null,4.9153354491032503e-14,4.91533828101751e-14,4.917195727776585e-14,4.9499254297547314e-14,6.06679815574711e-14,4.9153354491161144e-14,4.9153354491161144e-14,4.9153354491161144e-14,4.9153354491161144e-14,4.9153354491161144e-14,4.9153354491161144e-14,4.9153354491161144e-14,4.9153354491161144e-14,4.9153354491161144e-14,4.9153354491161144e-14,4.9153354491161144e-14,4.9153354491161144e-14,4.9153354491161144e-14,4.9153354491161144e-14,1.2902362513420002e-14]"
32.700000000000195,sqp_rti,0,"[0.009338757062997987,0.16708460466261763,0.012359432423272037]",2.863501827036651,0.006825383752584457,"[-2.980232227667301e-09,-2.9800936163226766e-09,-8.574569304586888e-09,2.2675840288810534e-08,6.779892021968603e-07,5.722890572212869e-06,2.4017443640556024e-05,6.59750361576561e-05,0.00013823455266612217,0.0002406786872658495,0.0003671773257042932,0.0005085375835207073,0.0006544280610037423,0.0007958569645685754,0.0009262016374305682,0.0010412152072988845,0.0011387609559053158,0.0012191639572687873,0.0012838525295502667,0.001335451303017321,0.0013772254487068314]","[null,2.865471748169421e-17,2.865475035283393e-17,2.866407189881661e-17,2.886911524033138e-17,3.0632730478925905e-17,2.865471748108836e-17,2.865471748108836e-17,2.865471748108836e-17,2.865471748108836e-17,2.865471748108836e-17,2.865471748108836e-17,2.865471748108836e-17,2.865471748108836e-17,2.865471748108836e-17,2.865471748108836e-17,2.865471748108836e-17,2.865471748108836e-17,2.865471748108836e-17,2.865471748108836e-17,5.69144264728865e-18]"
32.800000000000196,sqp_rti,0,"[0.010658869909170227,0.15866362359015898,0.0084401368512938]",2.86520621120836,0.007094215601682663,"[-2.980232227667301e-09,-2.980232227667301e-09,-2.5421199867370348e-09,-6.342002367709654e-09,2.0202525874424282e-08,7.40734522747255e-07,4.821667681453867e-06,1.7396282522258444e-05,4.3964774398774775e-05,8.733529376003801e-05,0.00014693997782155854,0.0002189170792095685,0.0002978514853816394,0.00037853548955968375,0.0004558807902815265,0.0005264086080745689,0.0005879818503273238,0.0006396495995007467,0.0006816232533784494,0.0007147058285811858,0.0007405302998294006]","[null,2.5049901817240804e-15,2.5049902166631717e-15,2.505106032439744e-15,2.513998948016338e-15,2.6058169258106137e-15,2.504990181361583e-15,2.504990181361583e-15,2.504990181361583e-15,2.504990181361583e-15,2.504990181361583e-15,2.504990181361583e-15,2.504990181361583e-15,2.504990181361583e-15,2.504990181361583e-15,2.504990181361583e-15,2.504990181361583e-15,2.504990181361583e-15,2.504990181361583e-15,2.504990181361583e-15,7.441493167780233e-16]"
32.9000000000002,sqp_rti,0,"[0.009370363938562519,0.15091621310121733,0.011203403736468923]",2.865482537896877,0.0073530301451683044,"[-2.980232227667301e-09,-2.980232227667301e-09,-2.0955656931942457e-09,2.7894805076922324e-09,3.3787296793708066e-08,3.3168429677821187e-07,1.9036328281485382e-06,6.909134177807141e-06,1.780000081422206e-05,3.6371237448928895e-05,6.307631483554177e-05,9.678969675050442e-05,0.00013536489408158547,0.0001761538325658063,0.0002166801398809648,0.00025466720049832636,0.00028879035062695513,0.0003179677840270956,0.0003419881631600008,0.00036102766982415435,0.0003755921842673038]","[null,7.229063979680415e-14,7.229064033177392e-14,7.229131241803383e-14,7.232305521420426e-14,7.44758260973176e-14,7.229063979551107e-14,7.229063979551107e-14,7.229063979551107e-14,7.229063979551107e-14,7.229063979551107e-14,7.229063979551107e-14,7.229063979551107e-14,7.229063979551107e-14,7.229063979551107e-14,7.229063979551107e-14,7.229063979551107e-14,7.229063979551107e-14,7.229063979551107e-14,7.229063979551107e-14,1.7020337227151522e-14]"
33.0000000000002,sqp_rti,0,"[0.01063744322336133,0.14332052878347482,0.00725589153207517]",2.867184100405344,0.007601063698530197,"[-2.980232227667301e-09,-2.980232227667301e-09,-2.9799680500985914e-09,-7.292048798124284e-09,-5.551532067382681e-09,2.8500367482697797e-08,2.3714190183765638e-07,1.157702316290088e-06,3.81422149464683e-06,9.328959125087799e-06,1.840991553786475e-05,3.1165855865683545e-05,4.700605537660829e-05,6.487161450924317e-05,8.356773120826722e-05,0.00010186523488509014,0.00011883335295564956,0.00013366867164751883,0.00014609373843466056,0.00015591861390357176,0.00016326591945023394]","[null,1.739253477045548e-15,1.7392534770362584e-15,1.7392536393147159e-15,1.7392852769328614e-15,1.7400443767793229e-15,1.7392534770449422e-15,1.7392534770449422e-15,1.7392534770449422e-15,1.7392534770449422e-15,1.7392534770449422e-15,1.7392534770449422e-15,1.7392534770449422e-15,1.7392534770449422e-15,1.7392534770449422e-15,1.7392534770449422e-15,1.7392534770449422e-15,1.7392534770449422e-15,1.7392534770449422e-15,1.7392534770449422e-15,4.707744017770034e-16]"
33.1000000000002,sqp_rti,0,"[0.009304606221454311,0.1363576396448438,0.009981117165973752]",2.8674566229687333,0.00784076377749443,"[-2.980232227667301e-09,-2.980232227667301e-09,-2.979570479233473e-09,4.437245182398186e-09,-5.4380602798609345e-09,-9.910404358270952e-09,6.00729426758484e-08,3.511364059793909e-07,1.1954176028228236e-06,2.972026052705523e-06,6.143753400023044e-06,1.0755689319297268e-05,1.6781767976425943e-05,2.389978700512163e-05,3.162335637285629e-05,3.9425963858280566e-05,4.687336458747415e-05,5.3579607903198045e-05,5.923347903935561e-05,6.381393451304618e-05,6.715022432157713e-05]","[null,2.1609656799187695e-15,2.1609656799611787e-15,2.160965801449292e-15,2.1609802146079943e-15,2.16124542285018e-15,2.1609656799698624e-15,2.1609656799698624e-15,2.1609656799698624e-15,2.1609656799698624e-15,2.1609656799698624e-15,2.1609656799698624e-15,2.1609656799698624e-15,2.1609656799698624e-15,2.1609656799698624e-15,2.1609656799698624e-15,2.1609656799698624e-15,2.1609656799698624e-15,2.1609656799698624e-15,2.1609656799698624e-15,5.314445009421908e-16]"
33.2000000000002,sqp_rti,0,"[0.0084207934296285,0.12913986073782044,0.011216957295748476]",2.867912893102799,0.00807148963212967,"[-2.980232227667301e-09,-2.980232227667301e-09,-2.9802321999117254e-09,-2.9696747283480818e-09,-6.323127216267821e-09,-7.098151788564877e-09,-1.7564641685563487e-09,2.86090188206245e-08,1.4011929261315004e-07,4.743662450901187e-07,1.1541459517261377e-06,2.3196768923483546e-06,4.019265927357463e-06,6.199122293742976e-06,8.73058332578891e-06,1.144368681729735e-05,1.4121033891867363e-05,1.6627889944942353e-05,1.8794592540699595e-05,2.0567189039671918e-05,2.1835014413107423e-05]","[null,2.951202746525581e-15,2.951202746542141e-15,2.9512027467190476e-15,2.9512029530765786e-15,2.951214413196859e-15,2.9512027465249752e-15,2.9512027465249752e-15,2.9512027465249752e-15,2.9512027465249752e-15,2.9512027465249752e-15,2.9512027465249752e-15,2.9512027465249752e-15,2.9512027465249752e-15,2.9512027465249752e-15,2.9512027465249752e-15,2.9512027465249752e-15,2.9512027465249752e-15,2.9512027465249752e-15,2.9512027465249752e-15,6.498376192814329e-16]"
33.3000000000002,sqp_rti,0,"[0.009380663073865592,0.12305031900935541,0.008010783152977862]",2.8693559032963396,0.008291710168123245,"[-2.980232227667301e-09,-2.980232227667301e-09,-2.980232227667301e-09,-2.98021438083218e-09,-2.8447420807875545e-09,-4.751666754509998e-09,-6.503103250343756e-09,-5.711353695536658e-09,2.6781887652038705e-08,8.240262819314559e-08,2.4061454495516443e-07,4.999307115227669e-07,9.776263698024756e-07,1.6332334483171174e-06,2.4358597562057493e-06,3.363958588242788e-06,4.325575502756029e-06,5.207367923282247e-06,6.0451976063580215e-06,6.705788499344889e-06,7.1772311481532736e-06]","[null,3.3540154674529274e-13,3.354015467453093e-13,3.354015467452794e-13,3.3540154700685125e-13,3.3540159032490224e-13,3.354015467466363e-13,3.354015467466363e-13,3.354015467466363e-13,3.354015467466363e-13,3.354015467466363e-13,3.354015467466363e-13,3.354015467466363e-13,3.354015467466363e-13,3.354015467466363e-13,3.354015467466363e-13,3.354015467466363e-13,3.354015467466363e-13,3.354015467466363e-13,3.354015467466363e-13,6.530515595428897e-14]"
33.400000000000205,sqp_rti,0,"[0.00819041205046121,0.11735964673394088,0.010338893612840202]",2.869604934509404,0.008504863828420639,"[-2.980232227667301e-09,-2.980232227667301e-09,-2.980232227667301e-09,-2.980225233262246e-09,-2.9510928423182037e-09,1.9778704785089474e-09,1.522544312848595e-09,-3.7171723754614305e-09,-7.383243044722931e-09,3.062311140777929e-08,5.7315189261331057e-08,1.1064774205205019e-07,2.328542708651682e-07,4.0949456955874375e-07,6.176454592776714e-07,8.85562895430736e-07,1.194441300117477e-06,1.464285698332679e-06,1.724000667141512e-06,1.926989259992684e-06,2.1161645608058777e-06]","[null,5.542861275197374e-13,5.542861275197539e-13,5.542861275198275e-13,5.542861276149292e-13,5.5428614085173e-13,5.542861275223217e-13,5.542861275223217e-13,5.542861275223217e-13,5.542861275223217e-13,5.542861275223217e-13,5.542861275223217e-13,5.542861275223217e-13,5.542861275223217e-13,5.542861275223217e-13,5.542861275223217e-13,5.542861275223217e-13,5.542861275223217e-13,5.542861275223217e-13,5.542861275223217e-13,1.0654054757356936e-13]"
33.500000000000206,sqp_rti,0,"[0.008019108408661322,0.1114534096087264,0.009852406123000161]",2.870374809926887,0.008710242807865143,"[-2.980232227667301e-09,-2.980232227667301e-09,-2.980232227667301e-09,-2.980232227667301e-09,-2.9801963952191812e-09,-2.9471116935742003e-09,-6.61388721567846e-11,2.5130814929053003e-09,7.252924649758796e-10,-8.431327025437696e-09,-6.546081926517289e-09,-1.4239783518998905e-09,2.332005485938815e-08,6.056974621859723e-08,1.1263059890298521e-07,1.4212674590008412e-07,2.4017407199150576e-07,2.89070587161655e-07,3.506029613575823e-07,4.1349310667126993e-07,4.389422151862554e-07]","[null,1.870483215143186e-15,1.8704832151338963e-15,1.8704832151298573e-15,1.870483215131675e-15,1.8704832156468452e-15,1.87048321514258e-15,1.87048321514258e-15,1.87048321514258e-15,1.87048321514258e-15,1.87048321514258e-15,1.87048321514258e-15,1.87048321514258e-15,1.87048321514258e-15,1.87048321514258e-15,1.87048321514258e-15,1.87048321514258e-15,1.87048321514258e-15,1.87048321514258e-15,1.87048321514258e-15,4.3395248751828562e-16]"
33.60000000000021,sqp_rti,0,"[0.008443389897551744,0.10642866543239872,0.008069142915862321]",2.8714580530015343,0.008907359093427658,"[-2.980232227667301e-09,-2.980232227667301e-09,-2.980232227667301e-09,-2.980232227667301e-09,-2.9802318113336668e-09,-2.979400809399735e-09,-2.854324859802304e-09,1.1784668241254792e-09,-1.0013850609835728e-08,4.359211158710963e-09,-3.3161080270627252e-09,-7.496015280716861e-09,2.7301725602502103e-09,1.4701895811874977e-09,2.5056283881053076e-08,3.203663198614315e-08,2.6666671704145273e-08,5.142944572988917e-08,8.373902188330007e-08,9.002768591725996e-08,8.773477042089972e-08]","[null,5.5893664079427235e-15,5.589366407933434e-15,5.589366407929395e-15,5.5893664079312125e-15,5.589366407981094e-15,5.589366408071365e-15,5.589366408071365e-15,5.589366408071365e-15,5.589366408071365e-15,5.589366408071365e-15,5.589366408071365e-15,5.589366408071365e-15,5.589366408071365e-15,5.589366408071365e-15,5.589366408071365e-15,5.589366408071365e-15,5.589366408071365e-15,5.589366408071365e-15,5.589366408071365e-15,1.1793016790063009e-15]"
33.70000000000021,sqp_rti,0,"[0.007775525502298268,0.10159814904634314,0.009033738824981466]",2.8719368570835004,0.009098276495933533,"[-2.980232227667301e-09,-2.980232227667301e-09,-2.980232227667301e-09,-2.980232227667301e-09,-2.980232227667301e-09,-2.980201169178187e-09,-2.974250901122133e-09,-2.732620518752782e-09,8.453741595637609e-10,-2.4965485512229435e-09,-2.626494882695951e-09,-3.74796219060336e-09,-6.367644106441972e-09,-1.042363534375923e-08,-7.0109478500501865e-09,-4.354114652160845e-09,1.4338527587476335e-10,4.140134429730935e-09,-2.179555119719012e-09,2.029790063806658e-08,2.0865156907801108e-08]","[null,3.873149610151417e-15,3.873149610142127e-15,3.873149610138088e-15,3.8731496101399056e-15,3.873149610138088e-15,3.873149610150811e-15,3.873149610150811e-15,3.873149610150811e-15,3.873149610150811e-15,3.873149610150811e-15,3.873149610150811e-15,3.873149610150811e-15,3.873149610150811e-15,3.873149610150811e-15,3.873149610150811e-15,3.873149610150811e-15,3.873149610150811e-15,3.873149610150811e-15,3.873149610150811e-15,8.242248276801696e-16]"
33.80000000000021,sqp_rti,0,"[0.007612767815580003,0.096831056764315,0.008592049668818427]",2.8726683873583725,0.009282764047384262,"[-2.980232227667301e-09,-2.980232227667301e-09,-2.980232227667301e-09,-2.980232227667301e-09,-2.980232227667301e-09,-2.9802321721561498e-09,-2.9801932033279854e-09,-2.9768043585676196e-09,-2.8897139681127726e-09,-1.9157555541937654e-09,4.104274475835723e-09,-1.6351435483397125e-09,-7.041679100927567e-09,-2.5358316557699823e-09,-7.985018535272559e-09,-9.999540362404247e-10,-6.8993777080361696e-09,2.4106540374990715e-09,-3.6001818470854374e-09,-7.615956754136732e-09,4.30619276348132e-09]","[null,1.3624023966286765e-15,1.3624023966452362e-15,1.3624023966411973e-15,1.3624023966430148e-15,1.3624023966411973e-15,1.3624023966668447e-15,1.3624023966668447e-15,1.3624023966668447e-15,1.3624023966668447e-15,1.3624023966668447e-15,1.3624023966668447e-15,1.3624023966668447e-15,1.3624023966668447e-15,1.3624023966668447e-15,1.3624023966668447e-15,1.3624023966668447e-15,1.3624023966668447e-15,1.3624023966668447e-15,1.3624023966668447e-15,3.164345214655997e-16]"
33.90000000000021,sqp_rti,0,"[0.007685360388943681,0.09250156951317991,0.007655715072602279]",2.873513023946115,0.00946073979139328,"[-2.980232227667301e-09,-2.980232227667301e-09,-2.980232227667301e-09,-2.980232227667301e-09,-2.980232227667301e-09,-2.980232227667301e-09,-2.980231866844818e-09,-2.9801752732261377e-09,-2.97794683357111e-09,-2.94309235315815e-09,-2.661332987319298e-09,-1.2621704514881316e-09,3.533689785228944e-09,9.412998713820286e-10,-3.802242382056065e-09,-6.381413675260461e-09,-5.843561523555252e-09,-6.226627963235032e-09,-1.4416305649245231e-09,-2.9862635697597284e-09,-7.144458441521451e-09]","[null,9.241282846443034e-15,9.241282846459593e-15,9.241282846455555e-15,9.241282846457372e-15,9.241282846455555e-15,9.2412828465846e-15,9.2412828465846e-15,9.2412828465846e-15,9.2412828465846e-15,9.2412828465846e-15,9.2412828465846e-15,9.2412828465846e-15,9.2412828465846e-15,9.2412828465846e-15,9.2412828465846e-15,9.2412828465846e-15,9.2412828465846e-15,9.2412828465846e-15,9.2412828465846e-15,2.072910712353821e-15]"
34.00000000000021,sqp_rti,0,"[0.007331780343221211,0.08836540194750447,0.0077947906294092775]",2.874113051781097,0.009633075445890427,"[-2.980232227667301e-09,-2.980232227667301e-09,-2.980232227667301e-09,-2.980232227667301e-09,-2.980232227667301e-09,-2.980232227667301e-09,-2.980232227667301e-09,-2.9802315615334862e-09,-2.980192509438595e-09,-2.9793514322307146e-09,-2.970486134845629e-09,-2.915618968479805e-09,-2.6897434834971534e-09,-2.0147730150910093e-09,-4.559082000810122e-10,2.450683295185385e-09,-7.935129858749335e-09,-1.9873604428788383e-09,-1.0193491828403012e-08,-3.8114074119022234e-09,1.1349745865363303e-09]","[null,3.40693496935826e-14,3.406934969359916e-14,3.406934969359512e-14,3.4069349693596936e-14,3.406934969359512e-14,3.406934969393096e-14,3.406934969393096e-14,3.406934969393096e-14,3.406934969393096e-14,3.406934969393096e-14,3.406934969393096e-14,3.406934969393096e-14,3.406934969393096e-14,3.406934969393096e-14,3.406934969393096e-14,3.406934969393096e-14,3.406934969393096e-14,3.406934969393096e-14,3.406934969393096e-14,8.394427457146631e-15]"
34.100000000000215,sqp_rti,0,"[0.007174021892917912,0.08436176305685167,0.007390419156649433]",2.8748022638917945,0.009799841791391373,"[-2.980232227667301e-09,-2.980232227667301e-09,-2.980232227667301e-09,-2.980232227667301e-09,-2.980232227667301e-09,-2.980232227667301e-09,-2.980232227667301e-09,-2.980232227667301e-09,-2.9802319778671205e-09,-2.9802235956832845e-09,-2.9800943934787938e-09,-2.979010288450823e-09,-2.973301771458381e-09,-2.9524638289757377e-09,-2.8958495323916367e-09,-2.7754000764268483e-09,-2.5675612191911057e-09,-2.2699137292025995e-09,-1.913065955649884e-09,-1.5574126432937874e-09,-1.2749724886962355e-09]","[null,6.92859111474495e-14,6.928591114746606e-14,6.928591114746202e-14,6.928591114746384e-14,6.928591114746202e-14,6.928591114831485e-14,6.928591114831485e-14,6.928591114831485e-14,6.928591114831485e-14,6.928591114831485e-14,6.928591114831485e-14,6.928591114831485e-14,6.928591114831485e-14,6.928591114831485e-14,6.928591114831485e-14,6.928591114831485e-14,6.928591114831485e-14,6.928591114831485e-14,6.928591114831485e-14,1.802337135782944e-14]"
34.200000000000216,sqp_rti,0,"[0.0071044090177776005,0.08061211458574342,0.006805829952990285]",2.8755243491630593,0.009961120784282684,"[-2.980232227667301e-09,-2.980232227667301e-09,-2.980232227667301e-09,-2.980232227667301e-09,-2.980232227667301e-09,-2.980232227667301e-09,-2.980232227667301e-09,-2.980232227667301e-09,-2.980232227667301e-09,-2.9802321721561498e-09,-2.980230867644096e-09,-2.980215990655566e-09,-2.980115765272018e-09,-2.9796671519033424e-09,-2.9782261934396814e-09,-2.9747121987888647e-09,-2.9679396718051976e-09,-2.9573543058880603e-09,-2.9437835780132815e-09,-2.9295936510020937e-09,-2.9180083904734033e-09]","[null,7.124848182435118e-14,7.124848182436774e-14,7.12484818243637e-14,7.124848182436552e-14,7.12484818243637e-14,7.124848182500973e-14,7.124848182500973e-14,7.124848182500973e-14,7.124848182500973e-14,7.124848182500973e-14,7.124848182500973e-14,7.124848182500973e-14,7.124848182500973e-14,7.124848182500973e-14,7.124848182500973e-14,7.124848182500973e-14,7.124848182500973e-14,7.124848182500973e-14,7.124848182500973e-14,1.878136934032113e-14]"
34.30000000000022,sqp_rti,0,"[0.006874545790272726,0.07702520594095402,0.00662938138420569]",2.876145174017625,0.010117288678884506,"[-2.980232227667301e-09,-2.980232227667301e-09,-2.980232227667301e-09,-2.980232227667301e-09,-2.980232227667301e-09,-2.980232227667301e-09,-2.980232227667301e-09,-2.980232227667301e-09,-2.980232227667301e-09,-2.980232227667301e-09,-2.980232227667301e-09,-2.9802321166449985e-09,-2.9802311174442764e-09,-2.9802255385735776e-09,-2.9802041112692024e-09,-2.9801433820697554e-09,-2.9800111545075225e-09,-2.9797835310318987e-09,-2.9794690603601737e-09,-2.9791222266872808e-09,-2.9788291278087797e-09]","[null,7.19831362119199e-14,7.198313621183306e-14,7.198313621193242e-14,7.198313621193424e-14,7.198313621193242e-14,7.198313621288865e-14,7.198313621288865e-14,7.198313621288865e-14,7.198313621288865e-14,7.198313621288865e-14,7.198313621288865e-14,7.198313621288865e-14,7.198313621288865e-14,7.198313621288865e-14,7.198313621288865e-14,7.198313621288865e-14,7.198313621288865e-14,7.198313621288865e-14,7.198313621288865e-14,1.9294693937682752e-14]"
34.40000000000022,sqp_rti,0,"[0.006717933035331999,0.07357226157549016,0.006254161332301485]",2.876789871875878,0.01026846468448639,"[-2.980232227667301e-09,-2.980232227667301e-09,-2.980232227667301e-09,-2.980232227667301e-09,-2.980232227667301e-09,-2.980232227667301e-09,-2.980232227667301e-09,-2.980232227667301e-09,-2.980232227667301e-09,-2.980232227667301e-09,-2.980232227667301e-09,-2.980232227667301e-09,-2.980232227667301e-09,-2.9802321999117254e-09,-2.9802320333782717e-09,-2.980231506022335e-09,-2.98023014599913e-09,-2.9802275647305976e-09,-2.9802236511944358e-09,-2.9802190437688836e-09,-2.9802149914548437e-09]","[null,6.114533801326651e-14,6.114533801338647e-14,6.114533801327903e-14,6.114533801328085e-14,6.114533801327903e-14,6.114533801402846e-14,6.114533801402846e-14,6.114533801402846e-14,6.114533801402846e-14,6.114533801402846e-14,6.114533801402846e-14,6.114533801402846e-14,6.114533801402846e-14,6.114533801402846e-14,6.114533801402846e-14,6.114533801402846e-14,6.114533801402846e-14,6.114533801402846e-14,6.114533801402846e-14,1.6574226692286845e-14]"
34.50000000000022,sqp_rti,0,"[0.006563991568221035,0.07029249773237929,0.005891235887070907]",2.8774196000514096,0.010414738208055496,"[-2.980232227667301e-09,-2.980232227667301e-09,-2.980232227667301e-09,-2.980232227667301e-09,-2.980232227667301e-09,-2.980232227667301e-09,-2.980232227667301e-09,-2.980232227667301e-09,-2.980232227667301e-09,-2.980232227667301e-09,-2.980232227667301e-09,-2.980232227667301e-09,-2.980232227667301e-09,-2.980232227667301e-09,-2.980232227667301e-09,-2.980232227667301e-09,-2.980232227667301e-09,-2.9802321999117254e-09,-2.9802321721561498e-09,-2.980232144400574e-09,-2.9802321166449985e-09]","[null,5.65895027448704e-14,5.658950274483526e-14,5.658950274488292e-14,5.658950274488474e-14,5.658950274488292e-14,5.658950274573575e-14,5.658950274573575e-14,5.658950274573575e-14,5.658950274573575e-14,5.658950274573575e-14,5.658950274573575e-14,5.658950274573575e-14,5.658950274573575e-14,5.658950274573575e-14,5.658950274573575e-14,5.658950274573575e-14,5.658950274573575e-14,5.658950274573575e-14,5.658950274573575e-14,1.549613417933248e-14]"
34.60000000000022,sqp_rti,0,"[0.006410398954423725,0.0671646881856611,0.005536708535818974]",2.8780342568348005,0.010556302964687347,"[-2.980232227667301e-09,-2.980232227667301e-09,-2.980232227667301e-09,-2.980232227667301e-09,-2.980232227667301e-09,-2.980232227667301e-09,-2.980232227667301e-09,-2.980232227667301e-09,-2.980232227667301e-09,-2.980232227667301e-09,-2.980232227667301e-09,-2.980232227667301e-09,-2.980232227667301e-09,-2.980232227667301e-09,-2.980232227667301e-09,-2.980232227667301e-09,-2.980232227667301e-09,-2.980232227667301e-09,-2.980232227667301e-09,-2.980232227667301e-09,-2.980232227667301e-09]","[null,1.0899472618256275e-13,1.0899472618263101e-13,1.0899472618257527e-13,1.0899472618257709e-13,1.0899472618257527e-13,1.089947261835315e-13,1.089947261835315e-13,1.089947261835315e-13,1.089947261835315e-13,1.089947261835315e-13,1.089947261835315e-13,1.089947261835315e-13,1.089947261835315e-13,1.089947261835315e-13,1.089947261835315e-13,1.089947261835315e-13,1.089947261835315e-13,1.089947261835315e-13,1.089947261835315e-13,3.026033681122634e-14]"
34.70000000000022,sqp_rti,0,"[0.006256910814184009,0.06417270582457146,0.005190233640112818]",2.878633868802123,0.010693293064832687,"[-2.980232227667301e-09,-2.980232227667301e-09,-2.980232227667301e-09,-2.980232227667301e-09,-2.980232227667301e-09,-2.980232227667301e-09,-2.980232227667301e-09,-2.980232227667301e-09,-2.980232227667301e-09,-2.980232227667301e-09,-2.980232227667301e-09,-2.980232227667301e-09,-2.980232227667301e-09,-2.980232227667301e-09,-2.980232227667301e-09,-2.980232227667301e-09,-2.980232227667301e-09,-2.980232227667301e-09,-2.980232227667301e-09,-2.980232227667301e-09,-2.980232227667301e-09]","[null,1.8536439463815554e-13,1.853643946382238e-13,1.8536439463816806e-13,1.8536439463816988e-13,1.8536439463816806e-13,1.8536439463912428e-13,1.8536439463912428e-13,1.8536439463912428e-13,1.8536439463912428e-13,1.8536439463912428e-13,1.8536439463912428e-13,1.8536439463912428e-13,1.8536439463912428e-13,1.8536439463912428e-13,1.8536439463912428e-13,1.8536439463912428e-13,1.8536439463912428e-13,1.8536439463912428e-13,1.8536439463912428e-13,5.13461399370549e-14]"
34.800000000000225,sqp_rti,0,"[0.0061038340740012355,0.06130930376967613,0.004851907300680335]",2.879218485592127,0.010825879871845245,"[-2.980232227667301e-09,-2.980232227667301e-09,-2.980232227667301e-09,-2.980232227667301e-09,-2.980232227667301e-09,-2.980232227667301e-09,-2.980232227667301e-09,-2.980232227667301e-09,-2.980232227667301e-09,-2.980232227667301e-09,-2.980232227667301e-09,-2.980232227667301e-09,-2.980232227667301e-09,-2.980232227667301e-09,-2.980232227667301e-09,-2.980232227667301e-09,-2.980232227667301e-09,-2.980232227667301e-09,-2.980232227667301e-09,-2.980232227667301e-09,-2.980232227667301e-09]","[null,2.848137628606201e-13,2.8481376286068834e-13,2.848137628606326e-13,2.848137628606344e-13,2.848137628606326e-13,2.8481376286117523e-13,2.8481376286117523e-13,2.8481376286117523e-13,2.8481376286117523e-13,2.8481376286117523e-13,2.8481376286117523e-13,2.8481376286117523e-13,2.8481376286117523e-13,2.8481376286117523e-13,2.8481376286117523e-13,2.8481376286117523e-13,2.8481376286117523e-13,2.8481376286117523e-13,2.8481376286117523e-13,7.784324419271445e-14]"
34.900000000000226,sqp_rti,0,"[0.005588103123447262,0.05857292202245086,0.00540938900639391]",2.8795773325262077,0.01095413789153099,"[-2.980232227667301e-09,-2.980232227667301e-09,-2.980232227667301e-09,-2.980232227667301e-09,-2.980232227667301e-09,-2.980232227667301e-09,-2.980232227667301e-09,-2.980232227667301e-09,-2.980232227667301e-09,-2.980232227667301e-09,-2.980232227667301e-09,-2.980232227667301e-09,-2.980232227667301e-09,-2.980232227667301e-09,-2.980232227667301e-09,-2.980232227667301e-09,-2.980232227667301e-09,-2.980232227667301e-09,-2.980232227667301e-09,-2.980232227667301e-09,-2.980232227667301e-09]","[null,5.734109870904053e-13,5.734109870904735e-13,5.734109870904178e-13,5.734109870904196e-13,5.734109870904178e-13,5.73410987091374e-13,5.73410987091374e-13,5.73410987091374e-13,5.73410987091374e-13,5.73410987091374e-13,5.73410987091374e-13,5.73410987091374e-13,5.73410987091374e-13,5.73410987091374e-13,5.73410987091374e-13,5.73410987091374e-13,5.73410987091374e-13,5.73410987091374e-13,5.73410987091374e-13,1.5464990536199657e-13]"
35.00000000000023,sqp_rti,0,"[0.005787481886045215,0.05595197537777414,0.00419283549865128]",2.880306526208963,0.011077970266342163,"[-2.980232227667301e-09,-2.980232227667301e-09,-2.980232227667301e-09,-2.980232227667301e-09,-2.980232227667301e-09,-2.980232227667301e-09,-2.980232227667301e-09,-2.980232227667301e-09,-2.980232227667301e-09,-2.980232227667301e-09,-2.980232227667301e-09,-2.980232227667301e-09,-2.980232227667301e-09,-2.980232227667301e-09,-2.980232227667301e-09,-2.980232227667301e-09,-2.980232227667301e-09,-2.980232227667301e-09,-2.980232227667301e-09,-2.980232227667301e-09,-2.980232227667301e-09]","[null,5.492027299714291e-13,5.492027299714973e-13,5.492027299714416e-13,5.492027299714434e-13,5.492027299714416e-13,5.492027299703299e-13,5.492027299703299e-13,5.492027299703299e-13,5.492027299703299e-13,5.492027299703299e-13,5.492027299703299e-13,5.492027299703299e-13,5.492027299703299e-13,5.492027299703299e-13,5.492027299703299e-13,5.492027299703299e-13,5.492027299703299e-13,5.492027299703299e-13,5.492027299703299e-13,1.399650694861927e-13]"
35.10000000000023,sqp_rti,0,"[0.005657357177231835,0.053557395747825455,0.0039042752306203098]",2.880848007262166,0.011197712272405624,"[-2.980232227667301e-09,-2.980232227667301e-09,-2.980232227667301e-09,-2.980232227667301e-09,-2.980232227667301e-09,-2.980232227667301e-09,-2.980232227667301e-09,-2.980232227667301e-09,-2.980232227667301e-09,-2.980232227667301e-09,-2.980232227667301e-09,-2.980232227667301e-09,-2.980232227667301e-09,-2.980232227667301e-09,-2.980232227667301e-09,-2.980232227667301e-09,-2.980232227667301e-09,-2.980232227667301e-09,-2.980232227667301e-09,-2.980232227667301e-09,-2.980232227667301e-09]","[null,7.416456212899484e-13,7.416456212900167e-13,7.416456212899609e-13,7.416456212899628e-13,7.416456212899609e-13,7.416456212867813e-13,7.416456212867813e-13,7.416456212867813e-13,7.416456212867813e-13,7.416456212867813e-13,7.416456212867813e-13,7.416456212867813e-13,7.416456212867813e-13,7.416456212867813e-13,7.416456212867813e-13,7.416456212867813e-13,7.416456212867813e-13,7.416456212867813e-13,7.416456212867813e-13,1.822132926232159e-13]"
35.20000000000023,sqp_rti,0,"[0.005512676046587775,0.051155798334852495,0.0036024175644850196]",2.8813747887919523,0.011313706636428833,"[-2.980232227667301e-09,-2.980232227667301e-09,-2.980232227667301e-09,-2.980232227667301e-09,-2.980232227667301e-09,-2.980232227667301e-09,-2.980232227667301e-09,-2.980232227667301e-09,-2.980232227667301e-09,-2.980232227667301e-09,-2.980232227667301e-09,-2.980232227667301e-09,-2.980232227667301e-09,-2.980232227667301e-09,-2.980232227667301e-09,-2.980232227667301e-09,-2.980232227667301e-09,-2.980232227667301e-09,-2.980232227667301e-09,-2.980232227667301e-09,-2.980232227667301e-09]","[null,8.855023627845905e-13,8.855023627846587e-13,8.85502362784603e-13,8.855023627846048e-13,8.85502362784603e-13,8.85502362779769e-13,8.85502362779769e-13,8.85502362779769e-13,8.85502362779769e-13,8.85502362779769e-13,8.85502362779769e-13,8.85502362779769e-13,8.85502362779769e-13,8.85502362779769e-13,8.85502362779769e-13,8.85502362779769e-13,8.85502362779769e-13,8.85502362779769e-13,8.85502362779769e-13,2.0713917162269678e-13]"
35.30000000000023,sqp_rti,0,"[0.00485241571759995,0.04890601961724457,0.004562170518134896]",2.8815889244062833,0.01142580434679985,"[-2.980232227667301e-09,-2.980232227667301e-09,-2.980232227667301e-09,-2.980232227667301e-09,-2.980232227667301e-09,-2.980232227667301e-09,-2.980232227667301e-09,-2.980232227667301e-09,-2.980232227667301e-09,-2.980232227667301e-09,-2.980232227667301e-09,-2.980232227667301e-09,-2.980232227667301e-09,-2.980232227667301e-09,-2.980232227667301e-09,-2.980232227667301e-09,-2.980232227667301e-09,-2.980232227667301e-09,-2.980232227667301e-09,-2.980232227667301e-09,-2.980232227667301e-09]","[null,1.6062948980122874e-12,1.6062948980123557e-12,1.6062948980123e-12,1.6062948980123018e-12,1.6062948980123e-12,1.6062948980031232e-12,1.6062948980031232e-12,1.6062948980031232e-12,1.6062948980031232e-12,1.6062948980031232e-12,1.6062948980031232e-12,1.6062948980031232e-12,1.6062948980031232e-12,1.6062948980031232e-12,1.6062948980031232e-12,1.6062948980031232e-12,1.6062948980031232e-12,1.6062948980031232e-12,1.6062948980031232e-12,3.799997035900266e-13]"
35.40000000000023,sqp_rti,0,"[0.004111527094295077,0.0468948616537255,0.005674879599739946]",2.881700195314434,0.011533990502357483,"[-2.980232227667301e-09,-2.980232227667301e-09,-2.980232227667301e-09,-2.980232227667301e-09,-2.980232227667301e-09,-2.980232227667301e-09,-2.980232227667301e-09,-2.980232227667301e-09,-2.980232227667301e-09,-2.980232227667301e-09,-2.980232227667301e-09,-2.980232227667301e-09,-2.980232227667301e-09,-2.980232227667301e-09,-2.980232227667301e-09,-2.980232227667301e-09,-2.980232227667301e-09,-2.980232227667301e-09,-2.980232227667301e-09,-2.980232227667301e-09,-2.980232227667301e-09]","[null,3.4424379562924026e-12,3.442437956292471e-12,3.442437956292415e-12,3.442437956292417e-12,3.442437956292415e-12,3.4424379562737256e-12,3.4424379562737256e-12,3.4424379562737256e-12,3.4424379562737256e-12,3.4424379562737256e-12,3.4424379562737256e-12,3.4424379562737256e-12,3.4424379562737256e-12,3.4424379562737256e-12,3.4424379562737256e-12,3.4424379562737256e-12,3.4424379562737256e-12,3.4424379562737256e-12,3.4424379562737256e-12,7.878780849515972e-13]"
35.500000000000234,sqp_rti,0,"[0.005063600849314131,0.04437427099632747,0.0027555382721501397]",2.8827127269103294,0.011638373136520386,"[-2.980232227667301e-09,-2.980232227667301e-09,-2.980232227667301e-09,-2.980232227667301e-09,-2.980232227667301e-09,-2.980232227667301e-09,-2.980232227667301e-09,-2.980232227667301e-09,-2.980232227667301e-09,-2.980232227667301e-09,-2.980232227667301e-09,-2.980232227667301e-09,-2.980232227667301e-09,-2.980232227667301e-09,-2.980232227667301e-09,-2.980232227667301e-09,-2.980232227667301e-09,-2.980232227667301e-09,-2.980232227667301e-09,-2.980232227667301e-09,-2.980232227667301e-09]","[null,3.150227851454958e-13,3.150227851455124e-13,3.1502278514545664e-13,3.1502278514545866e-13,3.1502278514545664e-13,3.1502278514331073e-13,3.1502278514331073e-13,3.1502278514331073e-13,3.1502278514331073e-13,3.1502278514331073e-13,3.1502278514331073e-13,3.1502278514331073e-13,3.1502278514331073e-13,3.1502278514331073e-13,3.1502278514331073e-13,3.1502278514331073e-13,3.1502278514331073e-13,3.1502278514331073e-13,3.1502278514331073e-13,5.641325138694795e-14]"
35.600000000000236,sqp_rti,0,"[0.004976271470510222,0.04262707059250114,0.002543981218579173]",2.883188202375567,0.011738233268260956,"[-2.980232227667301e-09,-2.980232227667301e-09,-2.980232227667301e-09,-2.980232227667301e-09,-2.980232227667301e-09,-2.980232227667301e-09,-2.980232227667301e-09,-2.980232227667301e-09,-2.980232227667301e-09,-2.980232227667301e-09,-2.980232227667301e-09,-2.980232227667301e-09,-2.980232227667301e-09,-2.980232227667301e-09,-2.980232227667301e-09,-2.980232227667301e-09,-2.980232227667301e-09,-2.980232227667301e-09,-2.980232227667301e-09,-2.980232227667301e-09,-2.980232227667301e-09]","[null,4.621673468623948e-13,4.621673468623597e-13,4.62167346862459e-13,4.621673468623576e-13,4.62167346862459e-13,4.621673468587105e-13,4.621673468587105e-13,4.621673468587105e-13,4.621673468587105e-13,4.621673468587105e-13,4.621673468587105e-13,4.621673468587105e-13,4.621673468587105e-13,4.621673468587105e-13,4.621673468587105e-13,4.621673468587105e-13,4.621673468587105e-13,4.621673468587105e-13,4.621673468587105e-13,8.097858084056096e-14]"
35.70000000000024,sqp_rti,0,"[0.004615811064579357,0.04041940844445499,0.00285831180492743]",2.883514852263877,0.011835239827632904,"[-2.980232227667301e-09,-2.980232227667301e-09,-2.980232227667301e-09,-2.980232227667301e-09,-2.980232227667301e-09,-2.980232227667301e-09,-2.980232227667301e-09,-2.980232227667301e-09,-2.980232227667301e-09,-2.980232227667301e-09,-2.980232227667301e-09,-2.980232227667301e-09,-2.980232227667301e-09,-2.980232227667301e-09,-2.980232227667301e-09,-2.980232227667301e-09,-2.980232227667301e-09,-2.980232227667301e-09,-2.980232227667301e-09,-2.980232227667301e-09,-2.980232227667301e-09]","[null,1.8554165587966015e-13,1.855416558796638e-13,1.8554165587965975e-13,1.8554165587966177e-13,1.8554165587965975e-13,1.8554165587836041e-13,1.8554165587836041e-13,1.8554165587836041e-13,1.8554165587836041e-13,1.8554165587836041e-13,1.8554165587836041e-13,1.8554165587836041e-13,1.8554165587836041e-13,1.8554165587836041e-13,1.8554165587836041e-13,1.8554165587836041e-13,1.8554165587836041e-13,1.8554165587836041e-13,1.8554165587836041e-13,2.948659703132478e-14]"
35.80000000000024,sqp_rti,0,"[0.00392809344482863,0.0392579429896147,0.0039363808778397425]",2.8836226591711607,0.011928144842386246,"[-2.980232227667301e-09,-2.980232227667301e-09,-2.980232227667301e-09,-2.980232227667301e-09,-2.980232227667301e-09,-2.980232227667301e-09,-2.980232227667301e-09,-2.980232227667301e-09,-2.980232227667301e-09,-2.980232227667301e-09,-2.980232227667301e-09,-2.980232227667301e-09,-2.980232227667301e-09,-2.980232227667301e-09,-2.980232227667301e-09,-2.980232227667301e-09,-2.980232227667301e-09,-2.980232227667301e-09,-2.980232227667301e-09,-2.980232227667301e-09,-2.980232227667301e-09]","[null,2.166081723575867e-12,2.1660817235758706e-12,2.1660817235758666e-12,2.1660817235758686e-12,2.1660817235758666e-12,2.1660817235540945e-12,2.1660817235540945e-12,2.1660817235540945e-12,2.1660817235540945e-12,2.1660817235540945e-12,2.1660817235540945e-12,2.1660817235540945e-12,2.1660817235540945e-12,2.1660817235540945e-12,2.1660817235540945e-12,2.1660817235540945e-12,2.1660817235540945e-12,2.1660817235540945e-12,2.1660817235540945e-12,3.9623061475589447e-13]"
35.90000000000024,sqp_rti,0,"[0.0033079400026366198,0.03641530550240702,0.004818299968033892]",2.8837108510801883,0.012019012123346329,"[-2.980232227667301e-09,-2.980232227667301e-09,-2.980232227667301e-09,-2.980232227667301e-09,-2.980232227667301e-09,-2.980232227667301e-09,-2.980232227667301e-09,-2.980232227667301e-09,-2.980232227667301e-09,-2.980232227667301e-09,-2.980232227667301e-09,-2.980232227667301e-09,-2.980232227667301e-09,-2.980232227667301e-09,-2.980232227667301e-09,-2.980232227667301e-09,-2.980232227667301e-09,-2.980232227667301e-09,-2.980232227667301e-09,-2.980232227667301e-09,-2.980232227667301e-09]","[null,2.851556336979599e-16,2.85155633697556e-16,2.85155633697556e-16,2.851556336971521e-16,2.85155633697556e-16,2.8515563369553653e-16,2.8515563369553653e-16,2.8515563369553653e-16,2.8515563369553653e-16,2.8515563369553653e-16,2.8515563369553653e-16,2.8515563369553653e-16,2.8515563369553653e-16,2.8515563369553653e-16,2.8515563369553653e-16,2.8515563369553653e-16,2.8515563369553653e-16,2.8515563369553653e-16,2.8515563369553653e-16,4.2467568187792166e-17]"
36.00000000000024,sqp_rti,0,"[0.0044639426963173886,0.03552580581711324,0.00160266908404956]",2.8847411857266287,0.012103702872991562,"[-2.980232227667301e-09,-2.980232227667301e-09,-2.980232227667301e-09,-2.980232227667301e-09,-2.980232227667301e-09,-2.980232227667301e-09,-2.980232227667301e-09,-2.980232227667301e-09,-2.980232227667301e-09,-2.980232227667301e-09,-2.980232227667301e-09,-2.980232227667301e-09,-2.980232227667301e-09,-2.980232227667301e-09,-2.980232227667301e-09,-2.980232227667301e-09,-2.980232227667301e-09,-2.980232227667301e-09,-2.980232227667301e-09,-2.980232227667301e-09,-2.980232227667301e-09]","[null,1.364031937743604e-12,1.3640319377436036e-12,1.3640319377436036e-12,1.3640319377436032e-12,1.3640319377436036e-12,1.3640319377254294e-12,1.3640319377254294e-12,1.3640319377254294e-12,1.3640319377254294e-12,1.3640319377254294e-12,1.3640319377254294e-12,1.3640319377254294e-12,1.3640319377254294e-12,1.3640319377254294e-12,1.3640319377254294e-12,1.3640319377254294e-12,1.3640319377254294e-12,1.3640319377254294e-12,1.3640319377254294e-12,2.36287175558608e-13]"
36.10000000000024,sqp_rti,0,"[0.004384925980381904,0.03391638018632711,0.0014247090066747828]",2.8851593484241826,0.012187205255031586,"[-2.980232227667301e-09,-2.980232227667301e-09,-2.980232227667301e-09,-2.980232227667301e-09,-2.980232227667301e-09,-2.980232227667301e-09,-2.980232227667301e-09,-2.980232227667301e-09,-2.980232227667301e-09,-2.980232227667301e-09,-2.980232227667301e-09,-2.980232227667301e-09,-2.980232227667301e-09,-2.980232227667301e-09,-2.980232227667301e-09,-2.980232227667301e-09,-2.980232227667301e-09,-2.980232227667301e-09,-2.980232227667301e-09,-2.980232227667301e-09,-2.980232227667301e-09]","[null,8.880518900562792e-13,8.880518900562788e-13,8.880518900562788e-13,8.880518900562784e-13,8.880518900562788e-13,8.880518900426412e-13,8.880518900426412e-13,8.880518900426412e-13,8.880518900426412e-13,8.880518900426412e-13,8.880518900426412e-13,8.880518900426412e-13,8.880518900426412e-13,8.880518900426412e-13,8.880518900426412e-13,8.880518900426412e-13,8.880518900426412e-13,8.880518900426412e-13,8.880518900426412e-13,1.5478845559441605e-13]"
36.200000000000244,sqp_rti,0,"[0.004119429582208682,0.032234860573094694,0.001548558133193375]",2.8854801906256067,0.012267760932445526,"[-2.980232227667301e-09,-2.980232227667301e-09,-2.980232227667301e-09,-2.980232227667301e-09,-2.980232227667301e-09,-2.980232227667301e-09,-2.980232227667301e-09,-2.980232227667301e-09,-2.980232227667301e-09,-2.980232227667301e-09,-2.980232227667301e-09,-2.980232227667301e-09,-2.980232227667301e-09,-2.980232227667301e-09,-2.980232227667301e-09,-2.980232227667301e-09,-2.980232227667301e-09,-2.980232227667301e-09,-2.980232227667301e-09,-2.980232227667301e-09,-2.980232227667301e-09]","[null,1.0431496350159494e-12,1.043149635015949e-12,1.043149635015949e-12,1.0431496350159486e-12,1.043149635015949e-12,1.0431496349990027e-12,1.0431496349990027e-12,1.0431496349990027e-12,1.0431496349990027e-12,1.0431496349990027e-12,1.0431496349990027e-12,1.0431496349990027e-12,1.0431496349990027e-12,1.0431496349990027e-12,1.0431496349990027e-12,1.0431496349990027e-12,1.0431496349990027e-12,1.0431496349990027e-12,1.0431496349990027e-12,1.7986111418360056e-13]"
36.300000000000246,sqp_rti,0,"[0.0035028609185035085,0.030839954945131025,0.0025090496686823094]",2.885576239779152,0.012345001101493835,"[-2.980232227667301e-09,-2.980232227667301e-09,-2.980232227667301e-09,-2.980232227667301e-09,-2.980232227667301e-09,-2.980232227667301e-09,-2.980232227667301e-09,-2.980232227667301e-09,-2.980232227667301e-09,-2.980232227667301e-09,-2.980232227667301e-09,-2.980232227667301e-09,-2.980232227667301e-09,-2.980232227667301e-09,-2.980232227667301e-09,-2.980232227667301e-09,-2.980232227667301e-09,-2.980232227667301e-09,-2.980232227667301e-09,-2.980232227667301e-09,-2.980232227667301e-09]","[null,1.847652186083894e-12,1.8476521860838936e-12,1.8476521860838936e-12,1.8476521860838932e-12,1.8476521860838936e-12,1.8476521860478446e-12,1.8476521860478446e-12,1.8476521860478446e-12,1.8476521860478446e-12,1.8476521860478446e-12,1.8476521860478446e-12,1.8476521860478446e-12,1.8476521860478446e-12,1.8476521860478446e-12,1.8476521860478446e-12,1.8476521860478446e-12,1.8476521860478446e-12,1.8476521860478446e-12,1.8476521860478446e-12,3.4456185649947105e-13]"
36.40000000000025,sqp_rti,0,"[0.002950967904664878,0.029218646883092274,0.0032953078384716197]",2.885654865596133,0.012419451028108597,"[-2.980232227667301e-09,-2.980232227667301e-09,-2.980232227667301e-09,-2.980232227667301e-09,-2.980232227667301e-09,-2.980232227667301e-09,-2.980232227667301e-09,-2.980232227667301e-09,-2.980232227667301e-09,-2.980232227667301e-09,-2.980232227667301e-09,-2.980232227667301e-09,-2.980232227667301e-09,-2.980232227667301e-09,-2.980232227667301e-09,-2.980232227667301e-09,-2.980232227667301e-09,-2.980232227667301e-09,-2.980232227667301e-09,-2.980232227667301e-09,-2.980232227667301e-09]","[null,1.4831469089457972e-12,1.4831469089457968e-12,1.4831469089457968e-12,1.4831469089457964e-12,1.4831469089457968e-12,1.483146908922233e-12,1.483146908922233e-12,1.483146908922233e-12,1.483146908922233e-12,1.483146908922233e-12,1.483146908922233e-12,1.483146908922233e-12,1.483146908922233e-12,1.483146908922233e-12,1.483146908922233e-12,1.483146908922233e-12,1.483146908922233e-12,1.483146908922233e-12,1.483146908922233e-12,2.5242173309986185e-13]"
