solve_step,horizon_stage,phi,d_mf_mask,phi_gt_d_mf_mask,mf_valid,mf_active,row_g_residual,row_g_feasible,row_m_residual_before_slack,row_m_lower_slack,row_m_residual_after_slack,row_m_feasible_before_slack,row_m_feasible_after_slack
0,1,0.10499998927116394,0.001,True,True,True,0.10399999057903675,True,0.20000000298023224,3.0324213315864217e-13,0.20000000298053547,True,True
0,2,0.10499998927116394,0.001,True,True,True,0.10399999192629139,True,0.20000000298023224,3.0324213315864217e-13,0.20000000298053547,True,True
0,3,0.10499998927116394,0.001,True,True,True,0.10399999330202797,True,0.20000000298023224,3.0324213315864217e-13,0.20000000298053547,True,True
0,4,0.10499998927116394,0.001,True,True,True,0.10399999470000929,True,0.20000000298023224,3.0324213315864217e-13,0.20000000298053547,True,True
0,5,0.10499998927116394,0.001,True,True,True,0.10399999611691083,True,0.20000000298023224,3.0324213315864217e-13,0.20000000298053547,True,True
0,6,0.10499998927116394,0.001,True,True,True,0.103999997551289,True,0.20000000298023224,3.0324213315864217e-13,0.20000000298053547,True,True
0,7,0.10499998927116394,0.001,True,True,True,0.10399999900297002,True,0.20000000298023224,3.0324213315864217e-13,0.20000000298053547,True,True
0,8,0.10499998927116394,0.001,True,True,True,0.10400000047268076,True,0.20000000298023224,3.0324213315864217e-13,0.20000000298053547,True,True
0,9,0.10499998927116394,0.001,True,True,True,0.10400000196180997,True,0.20000000298023224,3.0324213315864217e-13,0.20000000298053547,True,True
0,10,0.10499998927116394,0.001,True,True,True,0.10400000347223082,True,0.20000000298023224,3.0324213315864217e-13,0.20000000298053547,True,True
0,11,0.10499998927116394,0.001,True,True,True,0.10400000500613663,True,0.20000000298023224,3.0324213315864217e-13,0.20000000298053547,True,True
0,12,0.10499998927116394,0.001,True,True,True,0.10400000656585412,True,0.20000000298023224,3.0324213315864217e-13,0.20000000298053547,True,True
0,13,0.10499998927116394,0.001,True,True,True,0.10400000815360341,True,0.20000000298023224,3.0324213315864217e-13,0.20000000298053547,True,True
0,14,0.10499998927116394,0.001,True,True,True,0.10400000977117235,True,0.20000000298023224,3.0324213315864217e-13,0.20000000298053547,True,True
0,15,0.10499998927116394,0.001,True,True,True,0.10400001141946746,True,0.20000000298023224,3.0324213315864217e-13,0.20000000298053547,True,True
0,16,0.10499998927116394,0.001,True,True,True,0.1040000130980851,True,0.20000000298023224,3.0324213315864217e-13,0.20000000298053547,True,True
0,17,0.10499998927116394,0.001,True,True,True,0.10400001480486434,True,0.20000000298023224,3.0324213315864217e-13,0.20000000298053547,True,True
0,18,0.10499998927116394,0.001,True,True,True,0.10400001653450897,True,0.20000000298023224,3.0324213315864217e-13,0.20000000298053547,True,True
0,19,0.10499998927116394,0.001,True,True,True,0.1040000182764908,True,0.20000000298023224,3.0324213315864217e-13,0.20000000298053547,True,True
0,20,0.10499998927116394,0.001,True,True,True,0.1040000200122537,True,0.20000000298023224,1.456419535711266e-13,0.20000000298037787,True,True
1,1,0.10499998927116394,0.001,True,True,True,0.0951919940081277,True,0.20000000298023224,5.326563229287056e-13,0.2000000029807649,True,True
1,2,0.10499998927116394,0.001,True,True,True,0.08621165739450065,True,0.20000000298023224,5.326563229287056e-13,0.2000000029807649,True,True
1,3,0.10499998927116394,0.001,True,True,True,0.07712569730311897,True,0.20000000298023224,5.326563229287056e-13,0.2000000029807649,True,True
1,4,0.10499998927116394,0.001,True,True,True,0.0680113485126275,True,0.20000000298023224,5.326563229287056e-13,0.2000000029807649,True,True
1,5,0.10499998927116394,0.001,True,True,True,0.058949463175590244,True,0.20000000298023224,5.326563229287056e-13,0.2000000029807649,True,True
1,6,0.10499998927116394,0.001,True,True,True,0.12502430569481346,True,0.20000000298023224,5.326563229287056e-13,0.2000000029807649,True,True
1,7,0.10499998927116394,0.001,True,True,True,0.1231583033809206,True,0.20000000298023224,5.326563229287056e-13,0.2000000029807649,True,True
1,8,0.10499998927116394,0.001,True,True,True,0.12002392516195609,True,0.20000000298023224,5.326563229287056e-13,0.2000000029807649,True,True
1,9,0.10499998927116394,0.001,True,True,True,0.11571889524319207,True,0.20000000298023224,5.326563229287056e-13,0.2000000029807649,True,True
1,10,0.1011822372674942,0.001,True,True,True,0.09035461969004699,True,0.20000000298023224,5.326563229287056e-13,0.2000000029807649,True,True
1,11,0.09045673906803131,0.001,True,True,True,0.08306490531355365,True,0.20000000298023224,5.326563229287056e-13,0.2000000029807649,True,True
1,12,0.07954142987728119,0.001,True,True,True,0.07626597584848832,True,0.20000000298023224,5.326563229287056e-13,0.2000000029807649,True,True
1,13,0.06842048466205597,0.001,True,True,True,0.06994404922510844,True,0.20000000298023224,5.326563229287056e-13,0.2000000029807649,True,True
1,14,0.05708129703998566,0.001,True,True,True,0.0640830573157033,True,0.20000000298023224,5.326563229287056e-13,0.2000000029807649,True,True
1,15,0.04551731050014496,0.001,True,True,True,0.05866724877655066,True,0.20000000298023224,5.326563229287056e-13,0.2000000029807649,True,True
1,16,0.033731356263160706,0.001,True,True,True,0.05368643481619573,True,0.20000000298023224,5.326563229287056e-13,0.2000000029807649,True,True
1,17,0.021738573908805847,0.001,True,True,True,0.049143651864129945,True,0.20000000298023224,5.326563229287056e-13,0.2000000029807649,True,True
1,18,0.00957624614238739,0.001,True,True,True,0.04506754944837177,True,0.20000000298023224,5.326563229287056e-13,0.2000000029807649,True,True
1,19,-0.0026815086603164673,0.001,False,True,False,1.6015485604370383e-09,True,,,,,
1,20,-0.014903917908668518,0.001,False,True,False,1.7232668625410952e-09,True,,,,,
2,1,0.09648468345403671,0.001,True,True,True,0.0887060788380658,True,0.20000000298023224,8.631588222136626e-13,0.2000000029810954,True,True
2,2,0.08832113444805145,0.001,True,True,True,0.0820093140941841,True,0.20000000298023224,8.631588222136626e-13,0.2000000029810954,True,True
2,3,0.0804579108953476,0.001,True,True,True,0.07533376336985406,True,0.20000000298023224,8.631588222136626e-13,0.2000000029810954,True,True
2,4,0.07283475995063782,0.001,True,True,True,0.06855147400712766,True,0.20000000298023224,8.631588222136626e-13,0.2000000029810954,True,True
2,5,0.06539110839366913,0.001,True,True,True,0.06159861882932985,True,0.20000000298023224,8.631588222136626e-13,0.2000000029810954,True,True
2,6,0.05807418376207352,0.001,True,True,True,0.054448454802793006,True,0.20000000298023224,8.631588222136626e-13,0.2000000029810954,True,True
2,7,0.050845686346292496,0.001,True,True,True,0.04709297363369144,True,0.20000000298023224,8.631588222136626e-13,0.2000000029810954,True,True
2,8,0.04368668794631958,0.001,True,True,True,0.039530032653524394,True,0.20000000298023224,8.631588222136626e-13,0.2000000029810954,True,True
2,9,0.03660130500793457,0.001,True,True,True,0.03175453066391665,True,0.20000000298023224,8.631588222136626e-13,0.2000000029810954,True,True
2,10,0.029619727283716202,0.001,True,True,True,0.023752657347053008,True,0.20000000298023224,8.631588222136626e-13,0.2000000029810954,True,True
2,11,0.02280096523463726,0.001,True,True,True,0.015498261325695761,True,0.20000000298023224,8.631588222136626e-13,0.2000000029810954,True,True
2,12,0.01697748340666294,0.001,True,True,True,0.008714143275323938,True,0.20000000298023224,8.631588222136626e-13,0.2000000029810954,True,True
2,13,0.015851542353630066,0.001,True,True,True,0.006740915367079187,True,0.20000000298023224,8.631588222136626e-13,0.2000000029810954,True,True
2,14,0.015989556908607483,0.001,True,True,True,0.005480031901995475,True,0.20000000298023224,8.631588222136626e-13,0.2000000029810954,True,True
2,15,0.0163043811917305,0.001,True,True,True,0.0048764934763038115,True,0.20000000298023224,8.631588222136626e-13,0.2000000029810954,True,True
2,16,0.016575615853071213,0.001,True,True,True,0.004903840402865511,True,0.20000000298023224,8.631588222136626e-13,0.2000000029810954,True,True
2,17,0.016578711569309235,0.001,True,True,True,0.0055149457114396505,True,0.20000000298023224,8.631588222136626e-13,0.2000000029810954,True,True
2,18,0.016085997223854065,0.001,True,True,True,0.006640962824058155,True,0.20000000298023224,8.631588222136626e-13,0.2000000029810954,True,True
2,19,0.014870226383209229,0.001,True,True,True,0.00819847217995498,True,0.20000000298023224,8.631588222136626e-13,0.2000000029810954,True,True
2,20,0.01376543939113617,0.001,True,True,True,0.009313280595614926,True,0.20000000298023224,5.006231816405415e-13,0.20000000298073287,True,True
3,1,0.08992654085159302,0.001,True,True,True,0.0814924552747755,True,0.20000000298023224,3.139045155049047e-16,0.20000000298023254,True,True
3,2,0.08316647261381149,0.001,True,True,True,0.074342650299843,True,0.20000000298023224,3.139045155049047e-16,0.20000000298023254,True,True
3,3,0.07644380629062653,0.001,True,True,True,0.06712501938601814,True,0.20000000298023224,3.139045155049047e-16,0.20000000298023254,True,True
3,4,0.06963246315717697,0.001,True,True,True,0.05980642044314893,True,0.20000000298023224,3.139045155049047e-16,0.20000000298023254,True,True
3,5,0.06266743689775467,0.001,True,True,True,0.05235569249650274,True,0.20000000298023224,3.139045155049047e-16,0.20000000298023254,True,True
3,6,0.05552200973033905,0.001,True,True,True,0.04474729051950907,True,0.20000000298023224,3.139045155049047e-16,0.20000000298023254,True,True
3,7,0.04819281026721001,0.001,True,True,True,0.036961840915242794,True,0.20000000298023224,3.139045155049047e-16,0.20000000298023254,True,True
3,8,0.04069039225578308,0.001,True,True,True,0.028985571877813754,True,0.20000000298023224,3.139045155049047e-16,0.20000000298023254,True,True
3,9,0.03303314372897148,0.001,True,True,True,0.020809044229048113,True,0.20000000298023224,3.139045155049047e-16,0.20000000298023254,True,True
3,10,0.02524292655289173,0.001,True,True,True,0.012425445030918136,True,0.20000000298023224,3.139045155049047e-16,0.20000000298023254,True,True
3,11,0.017414432018995285,0.001,True,True,True,0.0047213492598951745,True,0.20000000298023224,3.139045155049047e-16,0.20000000298023254,True,True
3,12,0.011510723270475864,0.001,True,True,True,0.005552931664957572,True,0.20000000298023224,3.139045155049047e-16,0.20000000298023254,True,True
3,13,0.009792249649763107,0.001,True,True,True,0.007811669854196235,True,0.20000000298023224,3.139045155049047e-16,0.20000000298023254,True,True
3,14,0.008976150304079056,0.001,True,True,True,0.007635229166453789,True,0.20000000298023224,3.139045155049047e-16,0.20000000298023254,True,True
3,15,0.00886528193950653,0.001,True,True,True,0.00770706392311174,True,0.20000000298023224,3.139045155049047e-16,0.20000000298023254,True,True
3,16,0.009439501911401749,0.001,True,True,True,0.007941024411741687,True,0.20000000298023224,3.139045155049047e-16,0.20000000298023254,True,True
3,17,0.010655291378498077,0.001,True,True,True,0.008253527220759338,True,0.20000000298023224,3.139045155049047e-16,0.20000000298023254,True,True
3,18,0.012431986629962921,0.001,True,True,True,0.00856061697803362,True,0.20000000298023224,3.139045155049047e-16,0.20000000298023254,True,True
3,19,0.014638751745223999,0.001,True,True,True,0.008776582280076883,True,0.20000000298023224,3.139045155049047e-16,0.20000000298023254,True,True
3,20,0.015773870050907135,0.001,True,True,True,0.008679357806974403,True,0.20000000298023224,1.6886227652243344e-16,0.2000000029802324,True,True
4,1,0.08273879438638687,0.001,True,True,True,0.07445276982966237,True,0.20000000298023224,7.136956896552284e-14,0.2000000029803036,True,True
4,2,0.07561055570840836,0.001,True,True,True,0.06722294665767048,True,0.20000000298023224,7.136956896552284e-14,0.2000000029803036,True,True
4,3,0.06840711832046509,0.001,True,True,True,0.0597303252347928,True,0.20000000298023224,7.136956896552284e-14,0.2000000029803036,True,True
4,4,0.06108999252319336,0.001,True,True,True,0.051961720761822205,True,0.20000000298023224,7.136956896552284e-14,0.2000000029803036,True,True
4,5,0.05362514778971672,0.001,True,True,True,0.043913572773513515,True,0.20000000298023224,7.136956896552284e-14,0.2000000029803036,True,True
4,6,0.04598677158355713,0.001,True,True,True,0.035587424107530796,True,0.20000000298023224,7.136956896552284e-14,0.2000000029803036,True,True
4,7,0.038158219307661057,0.001,True,True,True,0.026986851854012783,True,0.20000000298023224,7.136956896552284e-14,0.2000000029803036,True,True
4,8,0.030130770057439804,0.001,True,True,True,0.018114831347201155,True,0.20000000298023224,7.136956896552284e-14,0.2000000029803036,True,True
4,9,0.02190151810646057,0.001,True,True,True,0.00897233705757916,True,0.20000000298023224,7.136956896552284e-14,0.2000000029803036,True,True
4,10,0.013950847089290619,0.001,True,True,True,0.0026505538172221232,True,0.20000000298023224,7.136956896552284e-14,0.2000000029803036,True,True
4,11,0.010548792779445648,0.001,True,True,True,0.00517905729715884,True,0.20000000298023224,7.136956896552284e-14,0.2000000029803036,True,True
4,12,0.009340543299913406,0.001,True,True,True,0.003482414230379177,True,0.20000000298023224,7.136956896552284e-14,0.2000000029803036,True,True
4,13,0.00850851833820343,0.001,True,True,True,0.0021517025802849643,True,0.20000000298023224,7.136956896552284e-14,0.2000000029803036,True,True
4,14,0.007956154644489288,0.001,True,True,True,0.001157810522428554,True,0.20000000298023224,7.136956896552284e-14,0.2000000029803036,True,True
4,15,0.007599294185638428,0.001,True,True,True,0.0004793123215611761,True,0.20000000298023224,7.136956896552284e-14,0.2000000029803036,True,True
4,16,0.007365070283412933,0.001,True,True,True,9.899108870939366e-05,True,0.20000000298023224,7.136956896552284e-14,0.2000000029803036,True,True
4,17,0.0071895793080329895,0.001,True,True,True,9.028663927601599e-11,True,0.20000000298023224,7.136956896552284e-14,0.2000000029803036,True,True
4,18,0.007015198469161987,0.001,True,True,True,0.00014905857914371268,True,0.20000000298023224,7.136956896552284e-14,0.2000000029803036,True,True
4,19,0.006788440048694611,0.001,True,True,True,0.00038665355630682074,True,0.20000000298023224,7.136956896552284e-14,0.2000000029803036,True,True
4,20,0.003629242070019245,0.001,True,True,True,0.0029089913949014168,True,0.20000000298023224,2.4478922013422492e-14,0.20000000298025672,True,True
5,1,0.07565949857234955,0.001,True,True,True,0.0669925024325071,True,0.20000000298023224,2.5553196649939474e-12,0.20000000298278756,True,True
5,2,0.06839083880186081,0.001,True,True,True,0.059237793541711325,True,0.20000000298023224,2.5553196649939474e-12,0.20000000298278756,True,True
5,3,0.06086445599794388,0.001,True,True,True,0.05119413720657667,True,0.20000000298023224,2.5553196649939474e-12,0.20000000298278756,True,True
5,4,0.05307021364569664,0.001,True,True,True,0.04285772662523635,True,0.20000000298023224,2.5553196649939474e-12,0.20000000298278756,True,True
5,5,0.04500525817275047,0.001,True,True,True,0.03422708907566141,True,0.20000000298023224,2.5553196649939474e-12,0.20000000298278756,True,True
5,6,0.03667101636528969,0.001,True,True,True,0.02530282765269648,True,0.20000000298023224,2.5553196649939474e-12,0.20000000298278756,True,True
5,7,0.02807082235813141,0.001,True,True,True,0.01608657414583481,True,0.20000000298023224,2.5553196649939474e-12,0.20000000298278756,True,True
5,8,0.019228575751185417,0.001,True,True,True,0.006981490556522363,True,0.20000000298023224,2.5553196649939474e-12,0.20000000298278756,True,True
5,9,0.011942900717258453,0.001,True,True,True,0.004767419450885657,True,0.20000000298023224,2.5553196649939474e-12,0.20000000298278756,True,True
5,10,0.009222116321325302,0.001,True,True,True,0.005244729818021154,True,0.20000000298023224,2.5553196649939474e-12,0.20000000298278756,True,True
5,11,0.0072943419218063354,0.001,True,True,True,0.0034610022565094156,True,0.20000000298023224,2.5553196649939474e-12,0.20000000298278756,True,True
5,12,0.0058087557554244995,0.001,True,True,True,0.0020463453146317145,True,0.20000000298023224,2.5553196649939474e-12,0.20000000298278756,True,True
5,13,0.0047218166291713715,0.001,True,True,True,0.0009913866627846157,True,0.20000000298023224,2.5553196649939474e-12,0.20000000298278756,True,True
5,14,0.0039986781775951385,0.001,True,True,True,0.0003025475897766028,True,0.20000000298023224,2.5553196649939474e-12,0.20000000298278756,True,True
5,15,0.003609582781791687,0.001,True,True,True,1.6402487978961489e-09,True,0.20000000298023224,2.555319664992293e-12,0.20000000298278756,True,True
5,16,0.003527432680130005,0.001,True,True,True,8.753261763191911e-05,True,0.20000000298023224,2.555319664992293e-12,0.20000000298278756,True,True
5,17,0.0037254802882671356,0.001,True,True,True,0.0006247983188192308,True,0.20000000298023224,2.5553196649939474e-12,0.20000000298278756,True,True
5,18,0.0041297487914562225,0.001,True,True,True,0.0013495753252986131,True,0.20000000298023224,2.5553196649939474e-12,0.20000000298278756,True,True
5,19,0.004535093903541565,0.001,True,True,True,0.0019802535201200455,True,0.20000000298023224,2.5553196649939474e-12,0.20000000298278756,True,True
5,20,0.0047516413033008575,0.001,True,True,True,0.0022731453031432647,True,0.20000000298023224,1.7194293157060516e-12,0.20000000298195167,True,True
6,1,0.06817754358053207,0.001,True,True,True,0.059265233998868905,True,0.20000000298023224,5.353221345345222e-15,0.2000000029802376,True,True
6,2,0.060400284826755524,0.001,True,True,True,0.051088710033283774,True,0.20000000298023224,5.353221345345222e-15,0.2000000029802376,True,True
6,3,0.052335117012262344,0.001,True,True,True,0.04257688272222482,True,0.20000000298023224,5.353221345345222e-15,0.2000000029802376,True,True
6,4,0.04398004338145256,0.001,True,True,True,0.03373408026010727,True,0.20000000298023224,5.353221345345222e-15,0.2000000029802376,True,True
6,5,0.03533467277884483,0.001,True,True,True,0.024564913229453866,True,0.20000000298023224,5.353221345345222e-15,0.2000000029802376,True,True
6,6,0.026400113478302956,0.001,True,True,True,0.01507350760095394,True,0.20000000298023224,5.353221345345222e-15,0.2000000029802376,True,True
6,7,0.01751725934445858,0.001,True,True,True,0.007510300548547927,True,0.20000000298023224,5.353221345345222e-15,0.2000000029802376,True,True
6,8,0.011722192168235779,0.001,True,True,True,0.008664568055603034,True,0.20000000298023224,5.353221345345222e-15,0.2000000029802376,True,True
6,9,0.009141054004430771,0.001,True,True,True,0.006214611307529649,True,0.20000000298023224,5.353221345345222e-15,0.2000000029802376,True,True
6,10,0.007024187594652176,0.001,True,True,True,0.0041392837574253105,True,0.20000000298023224,5.353221345345222e-15,0.2000000029802376,True,True
6,11,0.005329113453626633,0.001,True,True,True,0.002444529534787021,True,0.20000000298023224,5.353221345345222e-15,0.2000000029802376,True,True
6,12,0.004031844437122345,0.001,True,True,True,0.0011571092985550313,True,0.20000000298023224,5.353221345345222e-15,0.2000000029802376,True,True
6,13,0.0031246766448020935,0.001,True,True,True,0.0003220327033832404,True,0.20000000298058915,5.353221346017306e-15,0.2000000029805945,True,True
6,14,0.0026140809059143066,0.001,True,True,True,1.4107326418155708e-12,True,0.1999999989036749,5.354513598951401e-15,0.19999999890368025,True,True
6,15,0.0025184713304042816,0.001,True,True,True,0.0002582456124856358,True,0.1999999559160261,5.373418190483564e-15,0.19999995591603148,True,True
6,16,0.0029156841337680817,0.001,True,True,True,0.0011657375996982355,True,0.2000000033658919,5.35322183736259e-15,0.20000000336589727,True,True
6,17,0.003649488091468811,0.001,True,True,True,0.0023123007871229673,True,0.20000000298023224,5.353221345345222e-15,0.2000000029802376,True,True
6,18,0.004506856203079224,0.001,True,True,True,0.00346490952161016,True,0.20000000298023224,5.353221345345222e-15,0.2000000029802376,True,True
6,19,0.005256343632936478,0.001,True,True,True,0.004369543243916418,True,0.20000000298023224,5.353221345345222e-15,0.2000000029802376,True,True
6,20,0.005648266524076462,0.001,True,True,True,0.004753575179536229,True,0.20000000298023224,2.4358687786758395e-15,0.20000000298023468,True,True
7,1,0.06041097640991211,0.001,True,True,True,0.05099104358022191,True,0.20000000298023224,1.1306811546950263e-14,0.20000000298024354,True,True
7,2,0.05220218375325203,0.001,True,True,True,0.042221247838420906,True,0.20000000298023224,1.1306811546950263e-14,0.20000000298024354,True,True
7,3,0.0436658151447773,0.001,True,True,True,0.033117728080681974,True,0.20000000298023224,1.1306811546950263e-14,0.20000000298024354,True,True
7,4,0.0348062627017498,0.001,True,True,True,0.023679365592497892,True,0.20000000298023224,1.1306811546950263e-14,0.20000000298024354,True,True
7,5,0.025645969435572624,0.001,True,True,True,0.014212152934261368,True,0.20000000298023224,1.1306811546950263e-14,0.20000000298024354,True,True
7,6,0.017445005476474762,0.001,True,True,True,0.008669899979254991,True,0.20000000298023224,1.1306811546950263e-14,0.20000000298024354,True,True
7,7,0.013060443103313446,0.001,True,True,True,0.00867402394377248,True,0.20000000298023224,1.1306811546950263e-14,0.20000000298024354,True,True
7,8,0.010277803987264633,0.001,True,True,True,0.006138233964887968,True,0.20000000298023224,1.1306811546950263e-14,0.20000000298024354,True,True
7,9,0.007917437702417374,0.001,True,True,True,0.003993301652309933,True,0.20000000298023224,1.1306811546950263e-14,0.20000000298024354,True,True
7,10,0.005963724106550217,0.001,True,True,True,0.002257525649575931,True,0.20000000298023224,1.1306811546950263e-14,0.20000000298024354,True,True
7,11,0.004421956837177277,0.001,True,True,True,0.0009711369450028096,True,0.20000000298023224,1.1306811546950263e-14,0.20000000298024354,True,True
7,12,0.003315851092338562,0.001,True,True,True,0.00019369171547117814,True,0.20000000298023277,1.1306811546950263e-14,0.20000000298024406,True,True
7,13,0.002684473991394043,0.001,True,True,True,2.5305313400281193e-12,True,0.19999999545015312,1.1307176801319337e-14,0.19999999545016442,True,True
7,14,0.0025790371000766754,0.001,True,True,True,0.0004831447693328661,True,0.19999999337919702,1.131239607911548e-14,0.19999999337920835,True,True
7,15,0.0031150877475738525,0.001,True,True,True,0.001681955604620533,True,0.20000000298122572,1.1306811549069913e-14,0.20000000298123702,True,True
7,16,0.004123557358980179,0.001,True,True,True,0.0031928556575243627,True,0.20000000298023224,1.1306811546898564e-14,0.20000000298024354,True,True
7,17,0.00538230687379837,0.001,True,True,True,0.004806445870137566,True,0.20000000298023224,1.1306811546950263e-14,0.20000000298024354,True,True
7,18,0.00665438175201416,0.001,True,True,True,0.006292359871581277,True,0.20000000298023224,1.1306811546950263e-14,0.20000000298024354,True,True
7,19,0.007679112255573273,0.001,True,True,True,0.007397151043032291,True,0.20000000298023224,1.1306811546950263e-14,0.20000000298024354,True,True
7,20,0.008589470759034157,0.001,True,True,True,0.011786897045799383,True,0.20000000298023224,4.407893828135624e-15,0.20000000298023665,True,True
8,1,0.05211598798632622,0.001,True,True,True,0.04214612818307106,True,0.20000000298023224,8.023248076245727e-11,0.20000000306046473,True,True
8,2,0.04333057254552841,0.001,True,True,True,0.03277280472554639,True,0.20000000298023224,8.023248076245727e-11,0.20000000306046473,True,True
8,3,0.034216538071632385,0.001,True,True,True,0.023064744667484316,True,0.20000000298023224,8.023248076245727e-11,0.20000000306046473,True,True
8,4,0.024902602657675743,0.001,True,True,True,0.013902606375205545,True,0.20000000298023224,8.023248076245727e-11,0.20000000306046473,True,True
8,5,0.017136307433247566,0.001,True,True,True,0.009350835223950804,True,0.20000000298023224,8.023248076245727e-11,0.20000000306046473,True,True
8,6,0.013268418610095978,0.001,True,True,True,0.008606655063894547,True,0.20000000298023224,8.023248076245727e-11,0.20000000306046473,True,True
8,7,0.010391291230916977,0.001,True,True,True,0.006007089524093928,True,0.20000000298023224,8.023248076245727e-11,0.20000000306046473,True,True
8,8,0.007930565625429153,0.001,True,True,True,0.0038146919501236554,True,0.20000000298023224,8.023248076245727e-11,0.20000000306046473,True,True
8,9,0.0058812908828258514,0.001,True,True,True,0.0020575616795466267,True,0.20000000298023224,8.023248076245727e-11,0.20000000306046473,True,True
8,10,0.004261218011379242,0.001,True,True,True,0.0007869031266478643,True,0.20000000298023224,8.023248076245727e-11,0.20000000306046473,True,True
8,11,0.003108195960521698,0.001,True,True,True,7.30395886411328e-05,True,0.2000000029807988,8.023248077179118e-11,0.2000000030610313,True,True
8,12,0.0024768151342868805,0.001,True,True,True,1.1654978981923136e-08,True,0.19999987293041535,8.07457535596648e-11,0.1999998730111611,True,True
8,13,0.0024335384368896484,0.001,True,True,True,0.0006767236145377442,True,0.19999981886459597,8.209833801272055e-11,0.1999998189466943,True,True
8,14,0.003115568310022354,0.001,True,True,True,0.0020972184785824077,True,0.2000000029812684,8.023248077316109e-11,0.2000000030615009,True,True
8,15,0.004342664033174515,0.001,True,True,True,0.003881485670577667,True,0.20000000298023224,8.023248076245856e-11,0.20000000306046473,True,True
8,16,0.005897678434848785,0.001,True,True,True,0.005845098545841143,True,0.20000000298023224,8.023248076245722e-11,0.20000000306046473,True,True
8,17,0.0075664520263671875,0.001,True,True,True,0.007786360153839544,True,0.20000000298023224,8.023248076245727e-11,0.20000000306046473,True,True
8,18,0.00911867618560791,0.001,True,True,True,0.009485418395038803,True,0.20000000298023224,8.023248076245727e-11,0.20000000306046473,True,True
8,19,0.01059025153517723,0.001,True,True,True,0.013061311186257085,True,0.20000000298023224,8.023248076245727e-11,0.20000000306046473,True,True
8,20,0.013147031888365746,0.001,True,True,True,0.014256391787890288,True,0.20000000298023224,1.8776161679652303e-11,0.2000000029990084,True,True
9,1,0.043258439749479294,0.001,True,True,True,0.03267921016224962,True,0.20000000298023224,9.089098682800218e-14,0.20000000298032314,True,True
9,2,0.03387709707021713,0.001,True,True,True,0.02269399214586959,True,0.20000000298023224,9.089098682800218e-14,0.20000000298032314,True,True
9,3,0.02442280575633049,0.001,True,True,True,0.013718134583527775,True,0.20000000298023224,9.089098682800218e-14,0.20000000298032314,True,True
9,4,0.016944004222750664,0.001,True,True,True,0.009896273209006407,True,0.20000000298023224,9.089098682800218e-14,0.20000000298032314,True,True
9,5,0.013288404792547226,0.001,True,True,True,0.008502471940620843,True,0.20000000298023224,9.089098682800218e-14,0.20000000298032314,True,True
9,6,0.010339166969060898,0.001,True,True,True,0.005860275020011019,True,0.20000000298023224,9.089098682800218e-14,0.20000000298032314,True,True
9,7,0.007811777293682098,0.001,True,True,True,0.0036451826404315935,True,0.20000000298023224,9.089098682800218e-14,0.20000000298032314,True,True
9,8,0.005709007382392883,0.001,True,True,True,0.0018896235528945426,True,0.20000000298023224,9.089098682800218e-14,0.20000000298032314,True,True
9,9,0.00405791774392128,0.001,True,True,True,0.0006496457087675767,True,0.20000000298023224,9.089098682800218e-14,0.20000000298032314,True,True
9,10,0.0029068589210510254,0.001,True,True,True,1.863052490058692e-10,True,0.20000000324577463,9.089098725979046e-14,0.20000000324586553,True,True
9,11,0.002321150153875351,0.001,True,True,True,1.901367951973043e-12,True,0.19999666215987932,1.0371100749431607e-13,0.19999666215998305,True,True
9,12,0.0023765303194522858,0.001,True,True,True,0.0008236565656876138,True,0.19999951292357668,9.101203838437199e-14,0.1999995129236677,True,True
9,13,0.003209788352251053,0.001,True,True,True,0.00238549694550777,True,0.20000000298027892,9.089098682836407e-14,0.20000000298036982,True,True
9,14,0.004624977707862854,0.001,True,True,True,0.004346674356756286,True,0.20000000298023224,9.089098682851917e-14,0.20000000298032314,True,True
9,15,0.006412263959646225,0.001,True,True,True,0.006539512138212522,True,0.20000000298023224,9.089098682846747e-14,0.20000000298032314,True,True
9,16,0.008385013788938522,0.001,True,True,True,0.008786524262033746,True,0.20000000298023224,9.089098682795048e-14,0.20000000298032314,True,True
9,17,0.010345276445150375,0.001,True,True,True,0.010901338959008355,True,0.20000000298023224,9.089098682800218e-14,0.20000000298032314,True,True
9,18,0.012268288992345333,0.001,True,True,True,0.013794927941256474,True,0.20000000298023224,9.089098682800218e-14,0.20000000298032314,True,True
9,19,0.014272370375692844,0.001,True,True,True,0.014623528865727264,True,0.20000000298023224,9.089098682800218e-14,0.20000000298032314,True,True
9,20,0.015463677234947681,0.001,True,True,True,0.014727336030675109,True,0.20000000298023224,1.5461820447065693e-14,0.2000000029802477,True,True
10,1,0.03378590568900108,0.001,True,True,True,0.022684508881537335,True,0.20000000298023224,9.013986354348836e-13,0.20000000298113363,True,True
10,2,0.024166136980056763,0.001,True,True,True,0.013813403063749674,True,0.20000000298023224,9.013986354348836e-13,0.20000000298113363,True,True
10,3,0.016850847750902176,0.001,True,True,True,0.010467985782722622,True,0.20000000298023224,9.013986354348836e-13,0.20000000298113363,True,True
10,4,0.013250738382339478,0.001,True,True,True,0.008560476867280509,True,0.20000000298023224,9.013986354348836e-13,0.20000000298113363,True,True
10,5,0.010237254202365875,0.001,True,True,True,0.005878064395532706,True,0.20000000298023224,9.013986354348836e-13,0.20000000298113363,True,True
10,6,0.007658425718545914,0.001,True,True,True,0.0036361827640257194,True,0.20000000298023224,9.013986354348836e-13,0.20000000298113363,True,True
10,7,0.005519602447748184,0.001,True,True,True,0.0018683161171328122,True,0.20000000298023224,9.013986354348836e-13,0.20000000298113363,True,True
10,8,0.0038514696061611176,0.001,True,True,True,0.000631438974314058,True,0.20000000298023224,9.013986354348836e-13,0.20000000298113363,True,True
10,9,0.002706620842218399,0.001,True,True,True,1.0523665272543781e-10,True,0.2000000097133986,9.01401018567871e-13,0.2000000097143,True,True
10,10,0.0021540485322475433,0.001,True,True,True,9.372130849172322e-11,True,0.19993244080889158,9.04481489664259e-13,0.19993244080979605,True,True
10,11,0.0022879429161548615,0.001,True,True,True,0.0009117597146663381,True,0.19999795017919175,9.094073531522257e-13,0.19999795018010116,True,True
10,12,0.003218177706003189,0.001,True,True,True,0.0025144894456242683,True,0.2000000029802654,9.013986354357108e-13,0.2000000029811668,True,True
10,13,0.004748046398162842,0.001,True,True,True,0.0045442448814315695,True,0.20000000298023224,9.013986354352455e-13,0.20000000298113363,True,True
10,14,0.006672769784927368,0.001,True,True,True,0.006842285993196251,True,0.20000000298023224,9.013986354354006e-13,0.20000000298113363,True,True
10,15,0.00882720947265625,0.001,True,True,True,0.009248074329655576,True,0.20000000298023224,9.013986354353489e-13,0.20000000298113363,True,True
10,16,0.011041440069675446,0.001,True,True,True,0.011601321374219986,True,0.20000000298023224,9.013986354348319e-13,0.20000000298113363,True,True
10,17,0.013221939094364643,0.001,True,True,True,0.0139468802910242,True,0.20000000298023224,9.013986354348836e-13,0.20000000298113363,True,True
10,18,0.014815057627856731,0.001,True,True,True,0.007986814677501564,True,0.20000000298023224,9.013986354348836e-13,0.20000000298113363,True,True
10,19,0.013887906447052956,0.001,True,True,True,0.006482398307775528,True,0.20000000298023224,9.013986354348836e-13,0.20000000298113363,True,True
10,20,0.01341246347874403,0.001,True,True,True,0.0053260748938030456,True,0.20000000298023224,2.0439450333993264e-13,0.20000000298043663,True,True
11,1,0.024231594055891037,0.001,True,True,True,0.014109376824959136,True,0.20000000298023224,4.5777214016802704e-14,0.200000002980278,True,True
11,2,0.016963278874754906,0.001,True,True,True,0.010835680297517053,True,0.20000000298023224,4.5777214016802704e-14,0.200000002980278,True,True
11,3,0.013338971883058548,0.001,True,True,True,0.008555401695318848,True,0.20000000298023224,4.5777214016802704e-14,0.200000002980278,True,True
11,4,0.010262437164783478,0.001,True,True,True,0.005823696912817977,True,0.20000000298023224,4.5777214016802704e-14,0.200000002980278,True,True
11,5,0.0076312534511089325,0.001,True,True,True,0.003562419079913448,True,0.20000000298023224,4.5777214016802704e-14,0.200000002980278,True,True
11,6,0.005450338125228882,0.001,True,True,True,0.001800038387953895,True,0.20000000298023224,4.5777214016802704e-14,0.200000002980278,True,True
11,7,0.0037505850195884705,0.001,True,True,True,0.000589161891399459,True,0.20000000298023224,4.5777214016802704e-14,0.200000002980278,True,True
11,8,0.002584591507911682,0.001,True,True,True,4.938383035835159e-12,True,0.20000000085812217,4.577950282762559e-14,0.20000000085816794,True,True
11,9,0.0020198896527290344,0.001,True,True,True,4.7689475486667465e-05,True,0.1994720791817236,4.580209533154052e-14,0.1994720791817694,True,True
11,10,0.0021825432777404785,0.001,True,True,True,0.001084806609511324,True,0.1999948161226182,4.625015248729112e-14,0.19999481612266445,True,True
11,11,0.003138851374387741,0.001,True,True,True,0.002739556476601568,True,0.20000000298065307,4.577721401737139e-14,0.20000000298069884,True,True
11,12,0.004697881639003754,0.001,True,True,True,0.004829893814963848,True,0.20000000298023224,4.5777214016751005e-14,0.200000002980278,True,True
11,13,0.006668757647275925,0.001,True,True,True,0.0072043902334300025,True,0.20000000298023224,4.5777214016802704e-14,0.200000002980278,True,True
11,14,0.008899122476577759,0.001,True,True,True,0.009715787169896184,True,0.20000000298023224,4.5777214016802704e-14,0.200000002980278,True,True
11,15,0.011237900704145432,0.001,True,True,True,0.012222786030505417,True,0.20000000298023224,4.5777214016802704e-14,0.200000002980278,True,True
11,16,0.012740216217935085,0.001,True,True,True,0.008210798966671429,True,0.20000000298023224,4.5777214016802704e-14,0.200000002980278,True,True
11,17,0.01079455204308033,0.001,True,True,True,0.006007685080650749,True,0.20000000298023224,4.5777214016802704e-14,0.200000002980278,True,True
11,18,0.009030456654727459,0.001,True,True,True,0.0039267293344431575,True,0.20000000298023224,4.5777214016802704e-14,0.200000002980278,True,True
11,19,0.0075223916210234165,0.001,True,True,True,0.0020362097727129047,True,0.20000000298023224,4.5777214016802704e-14,0.200000002980278,True,True
11,20,0.006364886183291674,0.001,True,True,True,0.0004209713072519383,True,0.20000000298023224,8.357364595839664e-15,0.2000000029802406,True,True
12,1,0.01716592162847519,0.001,True,True,True,0.01094984632687579,True,0.20000000298023224,5.8029815138792385e-15,0.20000000298023804,True,True
12,2,0.013412583619356155,0.001,True,True,True,0.008530839660849665,True,0.20000000298023224,5.8029815138792385e-15,0.20000000298023804,True,True
12,3,0.01024923101067543,0.001,True,True,True,0.005716764729350343,True,0.20000000298023224,5.8029815138792385e-15,0.20000000298023804,True,True
12,4,0.007564976811408997,0.001,True,True,True,0.0034290822317730174,True,0.20000000298023224,5.8029815138792385e-15,0.20000000298023804,True,True
12,5,0.005358375608921051,0.001,True,True,True,0.0016829684459744865,True,0.20000000298023224,5.8029815138792385e-15,0.20000000298023804,True,True
12,6,0.003655478358268738,0.001,True,True,True,0.0005196562620557732,True,0.20000000298023224,5.8029815138792385e-15,0.20000000298023804,True,True
12,7,0.0025052987039089203,0.001,True,True,True,3.5293989952833726e-13,True,0.19999994408543087,5.802340103556604e-15,0.19999994408543667,True,True
12,8,0.001972876489162445,0.001,True,True,True,0.00014325824316574476,True,0.19908613853759188,5.8456897535824475e-15,0.19908613853759774,True,True
12,9,0.0022005848586559296,0.001,True,True,True,0.0012930233633285937,True,0.20000091056255412,5.877385730708004e-15,0.20000091056256,True,True
12,10,0.0032038912177085876,0.001,True,True,True,0.0030121440006026234,True,0.20000000298027437,5.8029815138792385e-15,0.20000000298028017,True,True
12,11,0.0047911182045936584,0.001,True,True,True,0.005147287924504529,True,0.20000000298023224,5.802981513930937e-15,0.20000000298023804,True,True
12,12,0.00680156797170639,0.001,True,True,True,0.007547394274664665,True,0.20000000298023224,5.8029815138792385e-15,0.20000000298023804,True,True
12,13,0.009090602397918701,0.001,True,True,True,0.010069309914033764,True,0.20000000298023224,5.8029815138792385e-15,0.20000000298023804,True,True
12,14,0.011518213897943497,0.001,True,True,True,0.012578451280319314,True,0.20000000298023224,5.8029815138792385e-15,0.20000000298023804,True,True
12,15,0.011522211134433746,0.001,True,True,True,0.008988443180467542,True,0.20000000298023224,5.8029815138792385e-15,0.20000000298023804,True,True
12,16,0.009239345788955688,0.001,True,True,True,0.006897871878741968,True,0.20000000298023224,5.8029815138792385e-15,0.20000000298023804,True,True
12,17,0.007030462380498648,0.001,True,True,True,0.0049044842814911505,True,0.20000000298023224,5.8029815138792385e-15,0.20000000298023804,True,True
12,18,0.0049456884153187275,0.001,True,True,True,0.003059237232743095,True,0.20000000298023224,5.8029815138792385e-15,0.20000000298023804,True,True
12,19,0.003052949206903577,0.001,True,True,True,0.0014244110151719336,True,0.20000000312245106,5.8029815028673966e-15,0.20000000312245686,True,True
12,20,0.0014370139688253403,0.001,True,True,True,7.352675303545775e-05,True,5.7755187299335375e-09,3.720066447420533e-15,5.775522449999985e-09,True,True
13,1,0.013569705188274384,0.001,True,True,True,0.008688143656054331,True,0.20000000298023224,2.7533498974484727e-13,0.20000000298050757,True,True
13,2,0.010271377861499786,0.001,True,True,True,0.005722682303845428,True,0.20000000298023224,2.7533498974484727e-13,0.20000000298050757,True,True
13,3,0.007515314966440201,0.001,True,True,True,0.003362987998982464,True,0.20000000298023224,2.7533498974484727e-13,0.20000000298050757,True,True
13,4,0.005286425352096558,0.001,True,True,True,0.0016033116931284397,True,0.20000000298023224,2.7533498974484727e-13,0.20000000298050757,True,True
13,5,0.0035987459123134613,0.001,True,True,True,0.00046691571843543445,True,0.20000000298023224,2.7533498974484727e-13,0.20000000298050757,True,True
13,6,0.0024912841618061066,0.001,True,True,True,2.1375790026922914e-11,True,0.1999999435074808,2.7526931384007975e-13,0.19999994350775607,True,True
13,7,0.002021629363298416,0.001,True,True,True,0.00022913074652575194,True,0.19960153827022123,2.809747913247932e-13,0.1996015382705022,True,True
13,8,0.0023334063589572906,0.001,True,True,True,0.0014340130441475307,True,0.20000008206267664,2.7493162122181585e-13,0.20000008206295156,True,True
13,9,0.0033955462276935577,0.001,True,True,True,0.003187788370577538,True,0.20000000298023227,2.7533498974469217e-13,0.2000000029805076,True,True
13,10,0.00501188263297081,0.001,True,True,True,0.00533696586695509,True,0.20000000298023224,2.7533498974484727e-13,0.20000000298050757,True,True
13,11,0.007030852138996124,0.001,True,True,True,0.007734035947216333,True,0.20000000298023224,2.7533498974489897e-13,0.20000000298050757,True,True
13,12,0.009308461099863052,0.001,True,True,True,0.010242335353545906,True,0.20000000298023224,2.7533498974484727e-13,0.20000000298050757,True,True
13,13,0.01170559972524643,0.001,True,True,True,0.012735278308835363,True,0.20000000298023224,2.7533498974484727e-13,0.20000000298050757,True,True
13,14,0.012155941687524319,0.001,True,True,True,0.010039056113391398,True,0.20000000298023224,2.7533498974484727e-13,0.20000000298050757,True,True
13,15,0.009998250752687454,0.001,True,True,True,0.008050043960833642,True,0.20000000298023224,2.7533498974484727e-13,0.20000000298050757,True,True
13,16,0.007902342826128006,0.001,True,True,True,0.006134625776750557,True,0.20000000298023224,2.7533498974484727e-13,0.20000000298050757,True,True
13,17,0.005905901547521353,0.001,True,True,True,0.004336236221108569,True,0.20000000298023224,2.7533498974484727e-13,0.20000000298050757,True,True
13,18,0.004059324041008949,0.001,True,True,True,0.002707426278873326,True,0.20000000298023224,2.7533498974484727e-13,0.20000000298050757,True,True
13,19,0.002424520906060934,0.001,True,True,True,0.0013089546971274957,True,0.1999997868309383,2.7463494089190584e-13,0.19999978683121294,True,True
13,20,0.0010740497382357717,0.001,True,True,True,0.00021038316441757132,True,2.2358784690368338e-07,2.288123295940907e-13,2.2358807571601298e-07,True,True
14,1,0.010428864508867264,0.001,True,True,True,0.005960433640887247,True,0.20000000298023224,3.714683029151061e-16,0.2000000029802326,True,True
14,2,0.007522322237491608,0.001,True,True,True,0.0034621549509847305,True,0.20000000298023224,3.714683029151061e-16,0.2000000029802326,True,True
14,3,0.005221404135227203,0.001,True,True,True,0.00163114172588541,True,0.20000000298023224,3.714683029151061e-16,0.2000000029802326,True,True
14,4,0.0035186856985092163,0.001,True,True,True,0.0004682035493213388,True,0.20000000298023224,3.714683029151061e-16,0.2000000029802326,True,True
14,5,0.00243522971868515,0.001,True,True,True,3.785860513971784e-14,True,0.19999977820234544,3.7141360523520952e-16,0.1999997782023458,True,True
14,6,0.0020147040486335754,0.001,True,True,True,0.00024953436950836405,True,0.19958200975146267,3.789974966855738e-16,0.19958200975146306,True,True
14,7,0.0023893117904663086,0.001,True,True,True,0.0014292808330127471,True,0.19999998696832189,3.712047609488988e-16,0.19999998696832225,True,True
14,8,0.0034943297505378723,0.001,True,True,True,0.003149247336655392,True,0.20000000298023224,3.714683030702025e-16,0.2000000029802326,True,True
14,9,0.005132898688316345,0.001,True,True,True,0.005257265221932206,True,0.20000000298023224,3.714683029668049e-16,0.2000000029802326,True,True
14,10,0.007156588137149811,0.001,True,True,True,0.0076104555219490555,True,0.20000000298023224,3.714683029151061e-16,0.2000000029802326,True,True
14,11,0.009426955133676529,0.001,True,True,True,0.010079328899523121,True,0.20000000298023224,3.714683029151061e-16,0.2000000029802326,True,True
14,12,0.011811640113592148,0.001,True,True,True,0.01254624419043493,True,0.20000000298023224,3.714683029151061e-16,0.2000000029802326,True,True
14,13,0.013082681223750114,0.001,True,True,True,0.011186231425072912,True,0.20000000298023224,3.714683029151061e-16,0.2000000029802326,True,True
14,14,0.011046582832932472,0.001,True,True,True,0.009316055247688693,True,0.20000000298023224,3.714683029151061e-16,0.2000000029802326,True,True
14,15,0.009053516201674938,0.001,True,True,True,0.007483022147695417,True,0.20000000298023224,3.714683029151061e-16,0.2000000029802326,True,True
14,16,0.007135834079235792,0.001,True,True,True,0.005719466491328318,True,0.20000000298023224,3.714683029151061e-16,0.2000000029802326,True,True
14,17,0.005336420144885778,0.001,True,True,True,0.00406415166389551,True,0.20000000298023224,3.714683029151061e-16,0.2000000029802326,True,True
14,18,0.003707407508045435,0.001,True,True,True,0.002561427354020651,True,0.20000000298023224,3.714683029151061e-16,0.2000000029802326,True,True
14,19,0.0023094075731933117,0.001,True,True,True,0.0012627634289569256,True,0.1999987545350822,3.705162956299388e-16,0.19999875453508256,True,True
14,20,0.0012120410101488233,0.001,True,True,True,0.0002290640243921005,True,5.028368832427077e-10,2.9433770191514246e-16,5.028371775804096e-10,True,True
15,1,0.007733594626188278,0.001,True,True,True,0.003648137005424823,True,0.20000000298023224,4.9306943251593764e-15,0.20000000298023718,True,True
15,2,0.005274072289466858,0.001,True,True,True,0.0016787564328876459,True,0.20000000298023224,4.9306943251593764e-15,0.20000000298023718,True,True
15,3,0.003484319895505905,0.001,True,True,True,0.000467250315384804,True,0.20000000298023224,4.9306943251593764e-15,0.20000000298023718,True,True
15,4,0.0023613348603248596,0.001,True,True,True,4.838907052828745e-13,True,0.1999989756315183,4.928829426926234e-15,0.19999897563152325,True,True
15,5,0.0019286461174488068,0.001,True,True,True,0.00026461233101665593,True,0.19867010532550955,4.956899708110498e-15,0.19867010532551452,True,True
15,6,0.0022934600710868835,0.001,True,True,True,0.0014247197181030402,True,0.2000002916938839,4.929552683151565e-15,0.20000029169388883,True,True
15,7,0.0033789686858654022,0.001,True,True,True,0.0031063821149969195,True,0.2000000029802323,4.930694325314473e-15,0.20000000298023723,True,True
15,8,0.004990007728338242,0.001,True,True,True,0.005160328994467223,True,0.20000000298023224,4.930694325211075e-15,0.20000000298023718,True,True
15,9,0.006979908794164658,0.001,True,True,True,0.007450654037918558,True,0.20000000298023224,4.930694325211075e-15,0.20000000298023718,True,True
15,10,0.009214509278535843,0.001,True,True,True,0.009856849977374016,True,0.20000000298023224,4.9306943251593764e-15,0.20000000298023718,True,True
15,11,0.011568564921617508,0.001,True,True,True,0.012271994345727455,True,0.20000000298023224,4.9306943251593764e-15,0.20000000298023718,True,True
15,12,0.013940351083874702,0.001,True,True,True,0.014426379746779627,True,0.20000000298023224,4.9306943251593764e-15,0.20000000298023718,True,True
15,13,0.01219161320477724,0.001,True,True,True,0.010755342947075586,True,0.20000000298023224,4.9306943251593764e-15,0.20000000298023718,True,True
15,14,0.010318397544324398,0.001,True,True,True,0.00904994111680485,True,0.20000000298023224,4.9306943251593764e-15,0.20000000298023718,True,True
15,15,0.008483796380460262,0.001,True,True,True,0.007367992013604774,True,0.20000000298023224,4.9306943251593764e-15,0.20000000298023718,True,True
15,16,0.006719626020640135,0.001,True,True,True,0.005732739203145931,True,0.20000000298023224,4.9306943251593764e-15,0.20000000298023718,True,True
15,17,0.00506408978253603,0.001,True,True,True,0.004169621635884857,True,0.20000000298023224,4.9306943251593764e-15,0.20000000298023718,True,True
15,18,0.003561593359336257,0.001,True,True,True,0.002707230208024214,True,0.20000000298023224,4.9306943251593764e-15,0.20000000298023718,True,True
15,19,0.0022632686886936426,0.001,True,True,True,0.0013795374119943138,True,0.20000165729812683,4.927096967805485e-15,0.20000165729813177,True,True
15,20,0.001229778048582375,0.001,True,True,True,0.00022982438424029583,True,1.0272799499944085e-08,1.8594234479666565e-15,1.0272801359367533e-08,True,True
16,1,0.005496803671121597,0.001,True,True,True,0.0018608769051982887,True,0.20000000298023224,2.7858116774709024e-17,0.20000000298023227,True,True
16,2,0.003583677113056183,0.001,True,True,True,0.0005078610184039711,True,0.20000000298023224,2.7858116774709024e-17,0.20000000298023227,True,True
16,3,0.0024127066135406494,0.001,True,True,True,4.6629367034256575e-15,True,0.1999996875735857,2.7836738013896604e-17,0.19999968757358572,True,True
16,4,0.0019703172147274017,0.001,True,True,True,0.0002619580137255828,True,0.19926323674690044,2.804453429650048e-17,0.19926323674690047,True,True
16,5,0.0023204460740089417,0.001,True,True,True,0.001363716773935153,True,0.1999999930662673,2.783917801757541e-17,0.19999999306626734,True,True
16,6,0.0033715814352035522,0.001,True,True,True,0.002963302058573092,True,0.2000000029802323,2.7858116774709024e-17,0.20000000298023232,True,True
16,7,0.00493297353386879,0.001,True,True,True,0.004914601612977354,True,0.20000000298023224,2.7858116774507075e-17,0.20000000298023227,True,True
16,8,0.006861601024866104,0.001,True,True,True,0.007088785346151316,True,0.20000000298023224,2.7858116774709024e-17,0.20000000298023227,True,True
16,9,0.009029176086187363,0.001,True,True,True,0.009374156480232987,True,0.20000000298023224,2.7858116774709024e-17,0.20000000298023227,True,True
16,10,0.011331383138895035,0.001,True,True,True,0.01230252552343758,True,0.20000000298023224,2.7858116774709024e-17,0.20000000298023227,True,True
16,11,0.013774112798273563,0.001,True,True,True,0.014037504320390415,True,0.20000000298023224,2.7858116774709024e-17,0.20000000298023227,True,True
16,12,0.013468661345541477,0.001,True,True,True,0.012308970682230247,True,0.20000000298023224,2.7858116774709024e-17,0.20000000298023227,True,True
16,13,0.011757155880331993,0.001,True,True,True,0.01084720466313066,True,0.20000000298023224,2.7858116774709024e-17,0.20000000298023227,True,True
16,14,0.01005046721547842,0.001,True,True,True,0.009381575795408659,True,0.20000000298023224,2.7858116774709024e-17,0.20000000298023227,True,True
16,15,0.008368049748241901,0.001,True,True,True,0.00792231940559629,True,0.20000000298023224,2.7858116774709024e-17,0.20000000298023227,True,True
16,16,0.006732718553394079,0.001,True,True,True,0.006478803321302351,True,0.20000000298023224,2.7858116774709024e-17,0.20000000298023227,True,True
16,17,0.005169671960175037,0.001,True,True,True,0.005058560059390538,True,0.20000000298023224,2.7858116774709024e-17,0.20000000298023227,True,True
16,18,0.003707282477989793,0.001,True,True,True,0.003669932987958646,True,0.20000000298023224,2.7858116774709024e-17,0.20000000298023227,True,True
16,19,0.002379520097747445,0.001,True,True,True,0.0023246399593559453,True,0.20000319182976448,2.78249202240314e-17,0.2000031918297645,True,True
16,20,0.0012296974891796708,0.001,True,True,True,0.0010411547842316682,True,0.8319707959206539,2.0071414309043133e-17,0.8319707959206539,True,True
17,1,0.003799784928560257,0.001,True,True,True,0.0007324179579779322,True,0.20000000298023224,2.8961342132973053e-16,0.20000000298023252,True,True
17,2,0.002496480941772461,0.001,True,True,True,0.00012109746172517255,True,0.1999999603243227,2.8959264358995014e-16,0.199999960324323,True,True
17,3,0.002010837197303772,0.001,True,True,True,0.0003815778596497066,True,0.19965854143519485,2.9090953475128706e-16,0.19965854143519512,True,True
17,4,0.0023185238242149353,0.001,True,True,True,0.0013893634936528731,True,0.2000000370473012,2.8941709813309954e-16,0.2000000370473015,True,True
17,5,0.003299470990896225,0.001,True,True,True,0.0028650757476265665,True,0.20000000298023288,2.896134213250857e-16,0.20000000298023315,True,True
17,6,0.004768501967191696,0.001,True,True,True,0.004665260977012697,True,0.20000000298023224,2.8961342132973053e-16,0.20000000298023252,True,True
17,7,0.0065865106880664825,0.001,True,True,True,0.006665592814344867,True,0.20000000298023224,2.8961342133275975e-16,0.20000000298023252,True,True
17,8,0.00863134115934372,0.001,True,True,True,0.008758211531267213,True,0.20000000298023224,2.8961342132973053e-16,0.20000000298023252,True,True
17,9,0.010860349982976913,0.001,True,True,True,0.011636214378721199,True,0.20000000298023224,2.8961342132973053e-16,0.20000000298023252,True,True
17,10,0.013309892266988754,0.001,True,True,True,0.01335191386526502,True,0.20000000298023224,2.8961342132973053e-16,0.20000000298023252,True,True
17,11,0.014759421348571777,0.001,True,True,True,0.013713916695339223,True,0.20000000298023224,2.8961342132973053e-16,0.20000000298023252,True,True
17,12,0.01330975815653801,0.001,True,True,True,0.012671101393272821,True,0.20000000298023224,2.8961342132973053e-16,0.20000000298023252,True,True
17,13,0.011847229674458504,0.001,True,True,True,0.01165698611271948,True,0.20000000298023224,2.8961342132973053e-16,0.20000000298023252,True,True
17,14,0.01038164272904396,0.001,True,True,True,0.010680290406942461,True,0.20000000298023224,2.8961342132973053e-16,0.20000000298023252,True,True
17,15,0.00892283208668232,0.001,True,True,True,0.009745672860729082,True,0.20000000298023224,2.8961342132973053e-16,0.20000000298023252,True,True
17,16,0.007479605730623007,0.001,True,True,True,0.008853511885195342,True,0.20000000298023224,2.8961342132973053e-16,0.20000000298023252,True,True
17,17,0.006059515289962292,0.001,True,True,True,0.008000014615532236,True,0.20000000298023224,2.8961342132973053e-16,0.20000000298023252,True,True
17,18,0.0046708062291145325,0.001,True,True,True,0.00717811653217193,True,0.20000000298023224,2.8961342132973053e-16,0.20000000298023252,True,True
17,19,0.003324963618069887,0.001,True,True,True,0.006380453478820103,True,0.2000000029802955,2.896134213271052e-16,0.20000000298029577,True,True
17,20,0.0020413913298398256,0.001,True,True,True,0.005601809298386717,True,0.20461026049044317,2.044705681095578e-16,0.20461026049044337,True,True
18,1,0.0027752742171287537,0.001,True,True,True,0.0009224051753545237,True,0.20000000891746914,4.9914649469326745e-11,0.2000000089673838,True,True
18,2,0.002192065119743347,0.001,True,True,True,0.0013109761541613696,True,0.20000142699829107,5.030881876885346e-11,0.20000142704859988,True,True
18,3,0.0024359896779060364,0.001,True,True,True,0.002298035741039317,True,0.20000012121009933,5.020186234016746e-11,0.2000001212603012,True,True
18,4,0.0033171623945236206,0.001,True,True,True,0.0037319977056247122,True,0.20000000298023252,4.991462920135018e-11,0.20000000303014714,True,True
18,5,0.004660222679376602,0.001,True,True,True,0.005479095315004234,True,0.20000000298023224,4.991462920135033e-11,0.20000000303014687,True,True
18,6,0.00632723793387413,0.001,True,True,True,0.007422651939456348,True,0.20000000298023224,4.991462920135033e-11,0.20000000303014687,True,True
18,7,0.008197993040084839,0.001,True,True,True,0.009460668576381726,True,0.20000000298023224,4.9914629201350336e-11,0.20000000303014687,True,True
18,8,0.010278546251356602,0.001,True,True,True,0.012439618298504262,True,0.20000000298023224,4.991462920135033e-11,0.20000000303014687,True,True
18,9,0.01264302060008049,0.001,True,True,True,0.014344570652057742,True,0.20000000298023224,4.991462920135033e-11,0.20000000303014687,True,True
18,10,0.014354095794260502,0.001,True,True,True,0.015697323538493624,True,0.20000000298023224,4.991462920135033e-11,0.20000000303014687,True,True
18,11,0.014714191667735577,0.001,True,True,True,0.01591536443532282,True,0.20000000298023224,4.991462920135033e-11,0.20000000303014687,True,True
18,12,0.01367124728858471,0.001,True,True,True,0.015115684768875925,True,0.20000000298023224,4.991462920135033e-11,0.20000000303014687,True,True
18,13,0.012658319436013699,0.001,True,True,True,0.014357903471578004,True,0.20000000298023224,4.991462920135033e-11,0.20000000303014687,True,True
18,14,0.011683597229421139,0.001,True,True,True,0.013648152265459013,True,0.20000000298023224,4.991462920135033e-11,0.20000000303014687,True,True
18,15,0.010751564987003803,0.001,True,True,True,0.01298785195520702,True,0.20000000298023224,4.991462920135033e-11,0.20000000303014687,True,True
18,16,0.009862115606665611,0.001,True,True,True,0.012373480149398042,True,0.20000000298023224,4.991462920135033e-11,0.20000000303014687,True,True
18,17,0.009011157788336277,0.001,True,True,True,0.011797692368333168,True,0.20000000298023224,4.991462920135033e-11,0.20000000303014687,True,True
18,18,0.008191565982997417,0.001,True,True,True,0.011249167410191774,True,0.20000000298023224,4.991462920135033e-11,0.20000000303014687,True,True
18,19,0.007395325228571892,0.001,True,True,True,0.010715283644090967,True,0.20000000298023224,4.991462920135033e-11,0.20000000303014687,True,True
18,20,0.006617272738367319,0.001,True,True,True,0.01018546326746228,True,0.20000000298023224,1.649523639958399e-11,0.2000000029967275,True,True
19,1,0.002839464694261551,0.001,True,True,True,0.0017714641630577344,True,0.20000000401608065,1.9206773257510936e-11,0.20000000403528742,True,True
19,2,0.003101162612438202,0.001,True,True,True,0.0027694594856933485,True,0.20000000298057866,1.920676659767407e-11,0.20000000299978543,True,True
19,3,0.0039655715227127075,0.001,True,True,True,0.004208817401614329,True,0.20000000298023224,1.920676659542474e-11,0.200000002999439,True,True
19,4,0.005284667015075684,0.001,True,True,True,0.005948360785430817,True,0.20000000298023224,1.920676659542626e-11,0.200000002999439,True,True
19,5,0.006926082074642181,0.001,True,True,True,0.007866489551030975,True,0.20000000298023224,1.9206766595426407e-11,0.200000002999439,True,True
19,6,0.008773580193519592,0.001,True,True,True,0.009856739413826476,True,0.20000000298023224,1.9206766595426407e-11,0.200000002999439,True,True
19,7,0.010910773649811745,0.001,True,True,True,0.013013540347944663,True,0.20000000298023224,1.9206766595426414e-11,0.200000002999439,True,True
19,8,0.013442452996969223,0.001,True,True,True,0.014950634320693656,True,0.20000000298023224,1.9206766595426407e-11,0.200000002999439,True,True
19,9,0.015345529653131962,0.001,True,True,True,0.016355905587100095,True,0.20000000298023224,1.9206766595426407e-11,0.200000002999439,True,True
19,10,0.016697481274604797,0.001,True,True,True,0.01731116475220018,True,0.20000000298023224,1.9206766595426407e-11,0.200000002999439,True,True
19,11,0.016915373504161835,0.001,True,True,True,0.017970727639057993,True,0.20000000298023224,1.9206766595426407e-11,0.200000002999439,True,True
19,12,0.016115933656692505,0.001,True,True,True,0.017607590483130486,True,0.20000000298023224,1.9206766595426407e-11,0.200000002999439,True,True
19,13,0.015358724631369114,0.001,True,True,True,0.017332049695464258,True,0.20000000298023224,1.9206766595426407e-11,0.200000002999439,True,True
19,14,0.014649617485702038,0.001,True,True,True,0.01714304254959259,True,0.20000000298023224,1.9206766595426407e-11,0.200000002999439,True,True
19,15,0.013989840634167194,0.001,True,True,True,0.01703332860144119,True,0.20000000298023224,1.9206766595426407e-11,0.200000002999439,True,True
19,16,0.01337609812617302,0.001,True,True,True,0.01698987432707566,True,0.20000000298023224,1.9206766595426407e-11,0.200000002999439,True,True
19,17,0.012800685130059719,0.001,True,True,True,0.016993048312051506,True,0.20000000298023224,1.9206766595426407e-11,0.200000002999439,True,True
19,18,0.01225251518189907,0.001,True,True,True,0.017018883997384937,True,0.20000000298023224,1.9206766595426407e-11,0.200000002999439,True,True
19,19,0.011718854308128357,0.001,True,True,True,0.0170402280104055,True,0.20000000298023224,1.9206766595426407e-11,0.200000002999439,True,True
19,20,0.011189067736268044,0.001,True,True,True,0.017031009386196783,True,0.20000000298023224,1.2069267394236219e-11,0.2000000029923015,True,True
20,1,0.0036085397005081177,0.001,True,True,True,0.003208129760222833,True,0.20000000298023224,2.8868492297022678e-11,0.20000000300910073,True,True
20,2,0.004512384533882141,0.001,True,True,True,0.004610337630191197,True,0.20000000298023224,2.886849229702372e-11,0.20000000300910073,True,True
20,3,0.005851373076438904,0.001,True,True,True,0.00628963775940472,True,0.20000000298023224,2.8868492297022665e-11,0.20000000300910073,True,True
20,4,0.0074917227029800415,0.001,True,True,True,0.008127696866398249,True,0.20000000298023224,2.8868492297025838e-11,0.20000000300910073,True,True
20,5,0.009313702583312988,0.001,True,True,True,0.01002048551345458,True,0.20000000298023224,2.8868492297024332e-11,0.20000000300910073,True,True
20,6,0.011474850587546825,0.001,True,True,True,0.013219423463867286,True,0.20000000298023224,2.8868492297024332e-11,0.20000000300910073,True,True
20,7,0.014019309543073177,0.001,True,True,True,0.01525219613750095,True,0.20000000298023224,2.886849229702434e-11,0.20000000300910073,True,True
20,8,0.015952905640006065,0.001,True,True,True,0.01678957080368293,True,0.20000000298023224,2.8868492297024332e-11,0.20000000300910073,True,True
20,9,0.01735636219382286,0.001,True,True,True,0.01791090347644153,True,0.20000000298023224,2.8868492297024332e-11,0.20000000300910073,True,True
20,10,0.0183111559599638,0.001,True,True,True,0.018694412857579,True,0.20000000298023224,2.8868492297024332e-11,0.20000000300910073,True,True
20,11,0.018898004665970802,0.001,True,True,True,0.019215420828863294,True,0.20000000298023224,2.8868492297024332e-11,0.20000000300910073,True,True
20,12,0.018609479069709778,0.001,True,True,True,0.021262252391582748,True,0.20000000298023224,2.8868492297024332e-11,0.20000000300910073,True,True
20,13,0.01833580806851387,0.001,True,True,True,0.021491652865359867,True,0.20000000298023224,2.8868492297024332e-11,0.20000000300910073,True,True
20,14,0.018149031326174736,0.001,True,True,True,0.02182573664238563,True,0.20000000298023224,2.8868492297024332e-11,0.20000000300910073,True,True
20,15,0.01804175041615963,0.001,True,True,True,0.022252106717550846,True,0.20000000298023224,2.8868492297024332e-11,0.20000000300910073,True,True
20,16,0.01800047606229782,0.001,True,True,True,0.02275173109240669,True,0.20000000298023224,2.8868492297024332e-11,0.20000000300910073,True,True
20,17,0.01800576224923134,0.001,True,True,True,0.02329875948325444,True,0.20000000298023224,2.8868492297024332e-11,0.20000000300910073,True,True
20,18,0.018033184111118317,0.001,True,True,True,0.023861963550540988,True,0.20000000298023224,2.8868492297024332e-11,0.20000000300910073,True,True
20,19,0.018055463209748268,0.001,True,True,True,0.02440628996206362,True,0.20000000298023224,2.8868492297024332e-11,0.20000000300910073,True,True
20,20,0.018046488985419273,0.001,True,True,True,0.0248968462811478,True,0.20000000298023224,1.5933972169534462e-11,0.20000000299616622,True,True
21,1,0.004909362643957138,0.001,True,True,True,0.004903438494146817,True,0.20000000298023224,2.1368936280318436e-11,0.20000000300160117,True,True
21,2,0.006190940737724304,0.001,True,True,True,0.006521220229395275,True,0.20000000298023224,2.1368936280317822e-11,0.20000000300160117,True,True
21,3,0.0077584534883499146,0.001,True,True,True,0.008280023138644899,True,0.20000000298023224,2.1368936280318423e-11,0.20000000300160117,True,True
21,4,0.009491797536611557,0.001,True,True,True,0.010074286777324803,True,0.20000000298023224,2.1368936280318287e-11,0.20000000300160117,True,True
21,5,0.011618413962423801,0.001,True,True,True,0.0133888707093478,True,0.20000000298023224,2.1368936280318436e-11,0.20000000300160117,True,True
21,6,0.014222042635083199,0.001,True,True,True,0.015470989699001736,True,0.20000000298023224,2.1368936280318436e-11,0.20000000300160117,True,True
21,7,0.016252722591161728,0.001,True,True,True,0.017089557446804515,True,0.20000000298023224,2.1368936280318442e-11,0.20000000300160117,True,True
21,8,0.017789557576179504,0.001,True,True,True,0.018322880648453665,True,0.20000000298023224,2.1368936280318436e-11,0.20000000300160117,True,True
21,9,0.018911471590399742,0.001,True,True,True,0.019248093145568523,True,0.20000000298023224,2.1368936280318436e-11,0.20000000300160117,True,True
21,10,0.019696205854415894,0.001,True,True,True,0.019939872475982612,True,0.20000000298023224,2.1368936280318436e-11,0.20000000300160117,True,True
21,11,0.020218895748257637,0.001,True,True,True,0.0204691591197268,True,0.20000000298023224,2.1368936280318436e-11,0.20000000300160117,True,True
21,12,0.020550144836306572,0.001,True,True,True,0.020901312950418416,True,0.20000000298023224,2.1368936280318436e-11,0.20000000300160117,True,True
21,13,0.020754540339112282,0.001,True,True,True,0.0212949581309394,True,0.20000000298023224,2.1368936280318436e-11,0.20000000300160117,True,True
21,14,0.020889265462756157,0.001,True,True,True,0.021700786719299425,True,0.20000000298023224,2.1368936280318436e-11,0.20000000300160117,True,True
21,15,0.021003482863307,0.001,True,True,True,0.02216090423634076,True,0.20000000298023224,2.1368936280318436e-11,0.20000000300160117,True,True
21,16,0.021137498319149017,0.001,True,True,True,0.02270816454755764,True,0.20000000298023224,2.1368936280318436e-11,0.20000000300160117,True,True
21,17,0.021322298794984818,0.001,True,True,True,0.023365530412811975,True,0.20000000298023224,2.1368936280318436e-11,0.20000000300160117,True,True
21,18,0.021578919142484665,0.001,True,True,True,0.024145323655023754,True,0.20000000298023224,2.1368936280318436e-11,0.20000000300160117,True,True
21,19,0.021917443722486496,0.001,True,True,True,0.025048122602103762,True,0.20000000298023224,2.1368936280318436e-11,0.20000000300160117,True,True
21,20,0.02233542501926422,0.001,True,True,True,0.026060350120560516,True,0.20000000298023224,1.2493029291485883e-11,0.20000000299272527,True,True
22,1,0.006493307650089264,0.001,True,True,True,0.006709257487465092,True,0.20000000298023224,1.77303931375678e-11,0.20000000299796264,True,True
22,2,0.008003417402505875,0.001,True,True,True,0.008338578555446674,True,0.20000000298023224,1.7730393137567187e-11,0.20000000299796264,True,True
22,3,0.009658344089984894,0.001,True,True,True,0.009982213495882908,True,0.20000000298023224,1.7730393137567788e-11,0.20000000299796264,True,True
22,4,0.011771578341722488,0.001,True,True,True,0.013298861266041184,True,0.20000000298023224,1.7730393137567652e-11,0.20000000299796264,True,True
22,5,0.014391901902854443,0.001,True,True,True,0.015413295328412513,True,0.20000000298023224,1.77303931375678e-11,0.20000000299796264,True,True
22,6,0.016471674665808678,0.001,True,True,True,0.017108627018158296,True,0.20000000298023224,1.77303931375678e-11,0.20000000299796264,True,True
22,7,0.018089530989527702,0.001,True,True,True,0.01846012449266421,True,0.20000000298023224,1.7730393137567807e-11,0.20000000299796264,True,True
22,8,0.01932341232895851,0.001,True,True,True,0.019541870331693523,True,0.20000000298023224,1.77303931375678e-11,0.20000000299796264,True,True
22,9,0.020249994471669197,0.001,True,True,True,0.020425584764761195,True,0.20000000298023224,1.77303931375678e-11,0.20000000299796264,True,True
22,10,0.020943813025951385,0.001,True,True,True,0.02117972092369258,True,0.20000000298023224,1.77303931375678e-11,0.20000000299796264,True,True
22,11,0.021475570276379585,0.001,True,True,True,0.021867886371750078,True,0.20000000298023224,1.77303931375678e-11,0.20000000299796264,True,True
22,12,0.02191046252846718,0.001,True,True,True,0.02254744291130717,True,0.20000000298023224,1.77303931375678e-11,0.20000000299796264,True,True
22,13,0.022306984290480614,0.001,True,True,True,0.023268525978465293,True,0.20000000298023224,1.77303931375678e-11,0.20000000299796264,True,True
22,14,0.022715695202350616,0.001,True,True,True,0.02407302749543605,True,0.20000000298023224,1.77303931375678e-11,0.20000000299796264,True,True
22,15,0.023178547620773315,0.001,True,True,True,0.02499424637819725,True,0.20000000298023224,1.77303931375678e-11,0.20000000299796264,True,True
22,16,0.023728270083665848,0.001,True,True,True,0.026056302079684346,True,0.20000000298023224,1.77303931375678e-11,0.20000000299796264,True,True
22,17,0.02438773773610592,0.001,True,True,True,0.02727355307428736,True,0.20000000298023224,1.77303931375678e-11,0.20000000299796264,True,True
22,18,0.025169136002659798,0.001,True,True,True,0.02864992768595831,True,0.20000000298023224,1.77303931375678e-11,0.20000000299796264,True,True
22,19,0.026072893291711807,0.001,True,True,True,0.030177386758442393,True,0.20000000298023224,1.77303931375678e-11,0.20000000299796264,True,True
22,20,0.027085483074188232,0.001,True,True,True,0.03183344509980712,True,0.20000000298023224,1.0289773178900686e-11,0.200000002990522,True,True
23,1,0.008173413574695587,0.001,True,True,True,0.008390037665928884,True,0.20000000298023224,3.819931680007538e-15,0.20000000298023607,True,True
23,2,0.009689252823591232,0.001,True,True,True,0.009848319406959405,True,0.20000000298023224,3.819931679962301e-15,0.20000000298023607,True,True
23,3,0.011695130728185177,0.001,True,True,True,0.013123339609791285,True,0.20000000298023224,3.819931679994613e-15,0.20000000298023607,True,True
23,4,0.014300907030701637,0.001,True,True,True,0.015226529991312576,True,0.20000000298023224,3.8199316799106026e-15,0.20000000298023607,True,True
23,5,0.016413498669862747,0.001,True,True,True,0.01696148787987528,True,0.20000000298023224,3.819931680007538e-15,0.20000000298023607,True,True
23,6,0.018108755350112915,0.001,True,True,True,0.01839889517521187,True,0.20000000298023224,3.819931680007538e-15,0.20000000298023607,True,True
23,7,0.019461490213871002,0.001,True,True,True,0.019608459867552996,True,0.20000000298023224,3.819931680014e-15,0.20000000298023607,True,True
23,8,0.020545264706015587,0.001,True,True,True,0.020658298750245385,True,0.20000000298023224,3.819931680007538e-15,0.20000000298023607,True,True
23,9,0.021431637927889824,0.001,True,True,True,0.021614032385738446,True,0.20000000298023224,3.819931680007538e-15,0.20000000298023607,True,True
23,10,0.02218879573047161,0.001,True,True,True,0.022537512001388427,True,0.20000000298023224,3.819931680007538e-15,0.20000000298023607,True,True
23,11,0.02288019470870495,0.001,True,True,True,0.023485328232124236,True,0.20000000298023224,3.819931680007538e-15,0.20000000298023607,True,True
23,12,0.023563092574477196,0.001,True,True,True,0.024507354411839377,True,0.20000000298023224,3.819931680007538e-15,0.20000000298023607,True,True
23,13,0.024287449195981026,0.001,True,True,True,0.02564587393436568,True,0.20000000298023224,3.819931680007538e-15,0.20000000298023607,True,True
23,14,0.02486501820385456,0.001,True,True,True,0.015943260612677645,True,0.20000000298023224,3.819931680007538e-15,0.20000000298023607,True,True
23,15,0.023998573422431946,0.001,True,True,True,0.01577177957819098,True,0.20000000298023224,3.819931680007538e-15,0.20000000298023607,True,True
23,16,0.023683011531829834,0.001,True,True,True,0.015452627272461106,True,0.20000000298023224,3.819931680007538e-15,0.20000000298023607,True,True
23,17,0.02349831908941269,0.001,True,True,True,0.015295928493449573,True,0.20000000298023224,3.819931680007538e-15,0.20000000298023607,True,True
23,18,0.023423954844474792,0.001,True,True,True,0.015264610635320808,True,0.20000000298023224,3.819931680007538e-15,0.20000000298023607,True,True
23,19,0.023419149219989777,0.001,True,True,True,0.015301371456129587,True,0.20000000298023224,3.819931680007538e-15,0.20000000298023607,True,True
23,20,0.02342715859413147,0.001,True,True,True,0.015333531719268101,True,0.20000000298023224,2.2406227419295633e-15,0.2000000029802345,True,True
24,1,0.009735699743032455,0.001,True,True,True,0.009766801166471883,True,0.20000000298023224,2.397936498958716e-14,0.20000000298025622,True,True
24,2,0.011586351320147514,0.001,True,True,True,0.012927371278285582,True,0.20000000298023224,2.3979364989748718e-14,0.20000000298025622,True,True
24,3,0.01412508636713028,0.001,True,True,True,0.014955632839296906,True,0.20000000298023224,2.3979364989574234e-14,0.20000000298025622,True,True
24,4,0.016226617619395256,0.001,True,True,True,0.01667757596276842,True,0.20000000298023224,2.397936498969702e-14,0.20000000298025622,True,True
24,5,0.017961757257580757,0.001,True,True,True,0.018158801493691645,True,0.20000000298023224,2.397936498958716e-14,0.20000000298025622,True,True
24,6,0.019400643184781075,0.001,True,True,True,0.01946387854097753,True,0.20000000298023224,2.397936498958716e-14,0.20000000298025622,True,True
24,7,0.020612621679902077,0.001,True,True,True,0.020656052168852024,True,0.20000000298023224,2.397936498959362e-14,0.20000000298025622,True,True
24,8,0.02166561409831047,0.001,True,True,True,0.021796724824226676,True,0.20000000298023224,2.397936498958716e-14,0.20000000298025622,True,True
24,9,0.022624989971518517,0.001,True,True,True,0.022944461308170405,True,0.20000000298023224,2.397936498958716e-14,0.20000000298025622,True,True
24,10,0.023552438244223595,0.001,True,True,True,0.024153682206178972,True,0.20000000298023224,2.397936498958716e-14,0.20000000298025622,True,True
24,11,0.023795638233423233,0.001,True,True,True,0.016070036038813018,True,0.20000000298023224,2.397936498958716e-14,0.20000000298025622,True,True
24,12,0.02170408144593239,0.001,True,True,True,0.013168357192284541,True,0.20000000298023224,2.397936498958716e-14,0.20000000298025622,True,True
24,13,0.01942266896367073,0.001,True,True,True,0.01005620958766329,True,0.20000000298023224,2.397936498958716e-14,0.20000000298025622,True,True
24,14,0.017808280885219574,0.001,True,True,True,0.009291584557101273,True,0.20000000298023224,2.397936498958716e-14,0.20000000298025622,True,True
24,15,0.01733209192752838,0.001,True,True,True,0.008816900674713912,True,0.20000000298023224,2.397936498958716e-14,0.20000000298025622,True,True
24,16,0.01702640950679779,0.001,True,True,True,0.008550186286185646,True,0.20000000298023224,2.397936498958716e-14,0.20000000298025622,True,True
24,17,0.01687650755047798,0.001,True,True,True,0.00846096462860113,True,0.20000000298023224,2.397936498958716e-14,0.20000000298025622,True,True
24,18,0.016845405101776123,0.001,True,True,True,0.008496498817517295,True,0.20000000298023224,2.397936498958716e-14,0.20000000298025622,True,True
24,19,0.016876239329576492,0.001,True,True,True,0.008584182247386773,True,0.20000000298023224,2.397936498958716e-14,0.20000000298025622,True,True
24,20,0.016897078603506088,0.001,True,True,True,0.0086368630441635,True,0.20000000298023224,8.881401172866841e-15,0.20000000298024112,True,True
25,1,0.01153138093650341,0.001,True,True,True,0.012817440875361186,True,0.20000000298023224,6.194793785879098e-15,0.20000000298023843,True,True
25,2,0.013928906060755253,0.001,True,True,True,0.014697508274570614,True,0.20000000298023224,6.1947937858338614e-15,0.20000000298023843,True,True
25,3,0.01595570705831051,0.001,True,True,True,0.016337056859523913,True,0.20000000298023224,6.194793785866173e-15,0.20000000298023843,True,True
25,4,0.017678115516901016,0.001,True,True,True,0.01779966514013731,True,0.20000000298023224,6.194793785859711e-15,0.20000000298023843,True,True
25,5,0.019161289557814598,0.001,True,True,True,0.01914579452170151,True,0.20000000298023224,6.194793785879098e-15,0.20000000298023843,True,True
25,6,0.02046935446560383,0.001,True,True,True,0.020433785094331802,True,0.20000000298023224,6.194793785879098e-15,0.20000000298023843,True,True
25,7,0.021665330976247787,0.001,True,True,True,0.021720229338008323,True,0.20000000298023224,6.19479378588556e-15,0.20000000298023843,True,True
25,8,0.022810326889157295,0.001,True,True,True,0.02305964570225605,True,0.20000000298023224,6.194793785879098e-15,0.20000000298023843,True,True
25,9,0.02218070812523365,0.001,True,True,True,0.01502493742431249,True,0.20000000298023224,6.194793785879098e-15,0.20000000298023843,True,True
25,10,0.01976272650063038,0.001,True,True,True,0.011779103723082551,True,0.20000000298023224,6.194793785879098e-15,0.20000000298023843,True,True
25,11,0.01709890179336071,0.001,True,True,True,0.008256343033764268,True,0.20000000298023224,6.194793785879098e-15,0.20000000298023843,True,True
25,12,0.014202556572854519,0.001,True,True,True,0.004476569737662528,True,0.20000000298023224,6.194793785879098e-15,0.20000000298023843,True,True
25,13,0.011557996273040771,0.001,True,True,True,0.0027875214220711153,True,0.20000000298023224,6.194793785879098e-15,0.20000000298023843,True,True
25,14,0.01088879257440567,0.001,True,True,True,0.0021159421576990023,True,0.20000000298023224,6.194793785879098e-15,0.20000000298023843,True,True
25,15,0.010428644716739655,0.001,True,True,True,0.001699330987957215,True,0.20000000298023224,6.194793785879098e-15,0.20000000298023843,True,True
25,16,0.01016945019364357,0.001,True,True,True,0.0015145364635322789,True,0.20000000298023224,6.194793785879098e-15,0.20000000298023843,True,True
25,17,0.010080918669700623,0.001,True,True,True,0.0015157910341181968,True,0.20000000298023224,6.194793785879098e-15,0.20000000298023843,True,True
25,18,0.010110754519701004,0.001,True,True,True,0.0016349959885833543,True,0.20000000298023224,6.194793785879098e-15,0.20000000298023843,True,True
25,19,0.01018696278333664,0.001,True,True,True,0.0017841808562374384,True,0.20000000298023224,6.194793785879098e-15,0.20000000298023843,True,True
25,20,0.010223060846328735,0.001,True,True,True,0.0018610511097804094,True,0.20000000298023224,2.596345464188556e-15,0.20000000298023485,True,True
26,1,0.013818925246596336,0.001,True,True,True,0.015011688062213424,True,0.20000000298023224,2.509033726411768e-11,0.20000000300532259,True,True
26,2,0.015697553753852844,0.001,True,True,True,0.016786365037766093,True,0.20000000298023224,2.5090337264117634e-11,0.20000000300532259,True,True
26,3,0.01733773946762085,0.001,True,True,True,0.01827475061480932,True,0.20000000298023224,2.5090337264117666e-11,0.20000000300532259,True,True
26,4,0.01880263350903988,0.001,True,True,True,0.01954837106398677,True,0.20000000298023224,2.509033726411766e-11,0.20000000300532259,True,True
26,5,0.020152293145656586,0.001,True,True,True,0.02067509485261043,True,0.20000000298023224,2.509033726411768e-11,0.20000000300532259,True,True
26,6,0.02144477888941765,0.001,True,True,True,0.02172154160029982,True,0.20000000298023224,2.509033726411768e-11,0.20000000300532259,True,True
26,7,0.02166653797030449,0.001,True,True,True,0.0198183419019346,True,0.20000000298023224,2.5090337264117685e-11,0.20000000300532259,True,True
26,8,0.0190049409866333,0.001,True,True,True,0.016922006534043077,True,0.20000000298023224,2.509033726411768e-11,0.20000000300532259,True,True
26,9,0.016053272411227226,0.001,True,True,True,0.01361167854247769,True,0.20000000298023224,2.509033726411768e-11,0.20000000300532259,True,True
26,10,0.012814066372811794,0.001,True,True,True,0.00987003188728064,True,0.20000000298023224,2.509033726411768e-11,0.20000000300532259,True,True
26,11,0.00929819606244564,0.001,True,True,True,0.0056873823882338526,True,0.20000000298023224,2.509033726411768e-11,0.20000000300532259,True,True
26,12,0.005525420885533094,0.001,True,True,True,0.0010623789397392058,True,0.20000000298023224,2.509033726411768e-11,0.20000000300532259,True,True
26,13,0.004431188106536865,0.001,True,True,True,0.0018678999342189306,True,0.20000000298023224,2.509033726411768e-11,0.20000000300532259,True,True
26,14,0.00377645343542099,0.001,True,True,True,0.000875470932463096,True,0.20000000298023224,2.509033726411768e-11,0.20000000300532259,True,True
26,15,0.003369119018316269,0.001,True,True,True,0.0002459821590282685,True,0.2000000029802316,2.5090337264121815e-11,0.20000000300532195,True,True
26,16,0.003185991197824478,0.001,True,True,True,4.764875505269828e-08,True,0.2000000029799209,2.5090337266246842e-11,0.20000000300501125,True,True
26,17,0.0031813979148864746,0.001,True,True,True,0.00013959208082359176,True,0.20000000297984794,2.5090337266627345e-11,0.20000000300493828,True,True
26,18,0.0032880865037441254,0.001,True,True,True,0.0005284168410926715,True,0.2000000029802199,2.5090337264197915e-11,0.20000000300531023,True,True
26,19,0.0034191198647022247,0.001,True,True,True,0.0009400269173603926,True,0.2000000029802321,2.5090337264118506e-11,0.20000000300532245,True,True
26,20,0.003472954034805298,0.001,True,True,True,0.0011382649190379013,True,0.2000000029802322,1.329656728386561e-11,0.20000000299352877,True,True
27,1,0.016013504937291145,0.001,True,True,True,0.017073610709352316,True,0.20000000298023224,2.3683268668201477e-11,0.20000000300391552,True,True
27,2,0.01778820902109146,0.001,True,True,True,0.018679297048078136,True,0.20000000298023224,2.368326866820143e-11,0.20000000300391552,True,True
27,3,0.019276505336165428,0.001,True,True,True,0.019965115896161567,True,0.20000000298023224,2.3683268668201464e-11,0.20000000300391552,True,True
27,4,0.020549792796373367,0.001,True,True,True,0.021003871613773484,True,0.20000000298023224,2.3683268668201457e-11,0.20000000300391552,True,True
27,5,0.02167602814733982,0.001,True,True,True,0.02187202614016881,True,0.20000000298023224,2.3683268668201477e-11,0.20000000300391552,True,True
27,6,0.02272193878889084,0.001,True,True,True,0.022647737565243187,True,0.20000000298023224,2.3683268668201477e-11,0.20000000300391552,True,True
27,7,0.020818378776311874,0.001,True,True,True,0.019275815074120684,True,0.20000000298023224,2.3683268668201483e-11,0.20000000300391552,True,True
27,8,0.017922163009643555,0.001,True,True,True,0.016087666303424453,True,0.20000000298023224,2.3683268668201477e-11,0.20000000300391552,True,True
27,9,0.014612922444939613,0.001,True,True,True,0.012361753456436142,True,0.20000000298023224,2.3683268668201477e-11,0.20000000300391552,True,True
27,10,0.0108741894364357,0.001,True,True,True,0.008063672333288419,True,0.20000000298023224,2.3683268668201477e-11,0.20000000300391552,True,True
27,11,0.006697381846606731,0.001,True,True,True,0.0031640310429364993,True,0.20000000298023224,2.3683268668201477e-11,0.20000000300391552,True,True
27,12,0.004581436514854431,0.001,True,True,True,0.003002731908618661,True,0.20000000298023224,2.3683268668201477e-11,0.20000000300391552,True,True
27,13,0.003378450870513916,0.001,True,True,True,0.0015501670348758156,True,0.20000000298023196,2.3683268668201477e-11,0.20000000300391524,True,True
27,14,0.002506747841835022,0.001,True,True,True,0.0005219457649764392,True,0.19999993199943247,2.3735226159998635e-11,0.1999999320231677,True,True
27,15,0.002000633627176285,0.001,True,True,True,1.820929074192179e-09,True,0.1990062733885824,2.3806211557605873e-11,0.1990062734123886,True,True
27,16,0.001876629889011383,0.001,True,True,True,5.2966272425958305e-05,True,0.1952974945973145,2.3696671199887966e-11,0.19529749462101118,True,True
27,17,0.0021261461079120636,0.001,True,True,True,0.0006613102303575369,True,0.1999309806075291,2.3957710934452157e-11,0.19993098063148682,True,True
27,18,0.0025694817304611206,0.001,True,True,True,0.001480171675657893,True,0.2000000005217435,2.369313038236174e-11,0.20000000054543662,True,True
27,19,0.0029930174350738525,0.001,True,True,True,0.00220896240888363,True,0.20000000288212635,2.3683268834061116e-11,0.20000000290580963,True,True
27,20,0.0031696856021881104,0.001,True,True,True,0.0025376874864099785,True,0.2000000029797705,7.0751294671052235e-12,0.20000000298684562,True,True
28,1,0.01807585544884205,0.001,True,True,True,0.01903330497207778,True,0.20000000298023224,2.801162457918209e-16,0.20000000298023252,True,True
28,2,0.01968170702457428,0.001,True,True,True,0.020465543210478665,True,0.20000000298023224,2.8011624577243385e-16,0.20000000298023252,True,True
28,3,0.02096732333302498,0.001,True,True,True,0.021522778552474753,True,0.20000000298023224,2.801162457788962e-16,0.20000000298023252,True,True
28,4,0.022005630657076836,0.001,True,True,True,0.022296542654134277,True,0.20000000298023224,2.8011624577243385e-16,0.20000000298023252,True,True
28,5,0.02287311851978302,0.001,True,True,True,0.022880932911667595,True,0.20000000298023224,2.801162457918209e-16,0.20000000298023252,True,True
28,6,0.022965358570218086,0.001,True,True,True,0.021295876408990166,True,0.20000000298023224,2.801162457918209e-16,0.20000000298023252,True,True
28,7,0.02027582749724388,0.001,True,True,True,0.01829384167653192,True,0.20000000298023224,2.8011624579828325e-16,0.20000000298023252,True,True
28,8,0.017087915912270546,0.001,True,True,True,0.014664975902491328,True,0.20000000298023224,2.801162457918209e-16,0.20000000298023252,True,True
28,9,0.013363567180931568,0.001,True,True,True,0.010356181909535522,True,0.20000000298023224,2.801162457918209e-16,0.20000000298023252,True,True
28,10,0.009069097228348255,0.001,True,True,True,0.005318056384473913,True,0.20000000298023224,2.801162457918209e-16,0.20000000298023252,True,True
28,11,0.006089821457862854,0.001,True,True,True,0.004280184476799842,True,0.20000000298023224,2.801162457918209e-16,0.20000000298023252,True,True
28,12,0.004404302686452866,0.001,True,True,True,0.002413585887860392,True,0.20000000298023224,2.801162457918209e-16,0.20000000298023252,True,True
28,13,0.0030666254460811615,0.001,True,True,True,0.0009970557498408805,True,0.20000000297364198,2.801162463088088e-16,0.20000000297364226,True,True
28,14,0.0021607540547847748,0.001,True,True,True,0.00015122340275858237,True,0.19992777625410835,2.914011172950194e-16,0.19992777625410862,True,True
28,15,0.0017645061016082764,0.001,True,True,True,6.84452494681409e-14,True,0.18310341221121185,2.812930968458033e-16,0.18310341221121212,True,True
28,16,0.0019698143005371094,0.001,True,True,True,0.0006690529890645003,True,0.19947209904537982,2.7925304991634307e-16,0.1994720990453801,True,True
28,17,0.0026378333568573,0.001,True,True,True,0.0017770622699757044,True,0.2000000048381599,2.801847194668859e-16,0.2000000048381602,True,True
28,18,0.003488939255475998,0.001,True,True,True,0.003002361589700686,True,0.20000000298023224,2.801162457659715e-16,0.20000000298023252,True,True
28,19,0.004232078790664673,0.001,True,True,True,0.00401007400862502,True,0.20000000298023224,2.801162457659715e-16,0.20000000298023252,True,True
28,20,0.005281798541545868,0.001,True,True,True,0.00840046379585846,True,0.20000000298023224,2.1299303694887276e-16,0.20000000298023246,True,True
29,1,0.020035728812217712,0.001,True,True,True,0.020829382341468028,True,0.20000000298023224,1.468856550561024e-11,0.2000000029949208,True,True
29,2,0.021467769518494606,0.001,True,True,True,0.0220267128648427,True,0.20000000298023224,1.4688565505610222e-11,0.2000000029949208,True,True
29,3,0.022524505853652954,0.001,True,True,True,0.02281107897317647,True,0.20000000298023224,1.468856550561023e-11,0.2000000029949208,True,True
29,4,0.023297566920518875,0.001,True,True,True,0.02329734833659336,True,0.20000000298023224,1.4688565505610222e-11,0.2000000029949208,True,True
29,5,0.023881303146481514,0.001,True,True,True,0.023597564276239047,True,0.20000000298023224,1.468856550561024e-11,0.2000000029949208,True,True
29,6,0.022295892238616943,0.001,True,True,True,0.020085618303097574,True,0.20000000298023224,1.468856550561024e-11,0.2000000029949208,True,True
29,7,0.019294215366244316,0.001,True,True,True,0.016614921066142263,True,0.20000000298023224,1.4688565505610248e-11,0.2000000029949208,True,True
29,8,0.015667133033275604,0.001,True,True,True,0.012385749135890411,True,0.20000000298023224,1.468856550561024e-11,0.2000000029949208,True,True
29,9,0.011362368240952492,0.001,True,True,True,0.0073342988990325875,True,0.20000000298023224,1.468856550561024e-11,0.2000000029949208,True,True
29,10,0.007800579071044922,0.001,True,True,True,0.005606400318773241,True,0.20000000298023224,1.468856550561024e-11,0.2000000029949208,True,True
29,11,0.00571063905954361,0.001,True,True,True,0.0033981582959950463,True,0.20000000298023224,1.468856550561024e-11,0.2000000029949208,True,True
29,12,0.003960210829973221,0.001,True,True,True,0.001631559562651097,True,0.20000000298023224,1.468856550561024e-11,0.2000000029949208,True,True
29,13,0.0026658140122890472,0.001,True,True,True,0.00044967859966627,True,0.20000000686675587,1.468909845178541e-11,0.20000000688144498,True,True
29,14,0.0019436925649642944,0.001,True,True,True,2.5061636654832853e-09,True,0.19798944798757978,1.4766130777940534e-11,0.1979894480023459,True,True
29,15,0.0019109509885311127,0.001,True,True,True,0.0004447087429012564,True,0.19829252478573656,1.4685795475462782e-11,0.19829252480042237,True,True
29,16,0.0026191100478172302,0.001,True,True,True,0.0016226479213570233,True,0.20000000870191403,1.4690510477663174e-11,0.20000000871660453,True,True
29,17,0.003749910742044449,0.001,True,True,True,0.003134068920495725,True,0.20000000298023224,1.4688565505610733e-11,0.2000000029949208,True,True
29,18,0.004989564418792725,0.001,True,True,True,0.004661665755732791,True,0.20000000298023224,1.4688565505610216e-11,0.2000000029949208,True,True
29,19,0.006008140742778778,0.001,True,True,True,0.005864314688358185,True,0.20000000298023224,1.4688565505610216e-11,0.2000000029949208,True,True
29,20,0.011561231687664986,0.001,True,True,True,0.01647804242749429,True,0.20000000298023224,5.357957761481235e-12,0.2000000029855902,True,True
30,1,0.021831495687365532,0.001,True,True,True,0.022335688306032053,True,0.20000000298023224,3.0114335357890434e-17,0.20000000298023227,True,True
30,2,0.02302822843194008,0.001,True,True,True,0.023230307503701364,True,0.20000000298023224,3.0114335357890434e-17,0.20000000298023227,True,True
30,3,0.023811858147382736,0.001,True,True,True,0.023718814204914618,True,0.20000000298023224,3.0114335351428085e-17,0.20000000298023227,True,True
30,4,0.02429751120507717,0.001,True,True,True,0.02393011054076266,True,0.20000000298023224,3.0114335357890434e-17,0.20000000298023227,True,True
30,5,0.023864809423685074,0.001,True,True,True,0.021407172421097354,True,0.20000000298023224,3.0114335357890434e-17,0.20000000298023227,True,True
30,6,0.021086424589157104,0.001,True,True,True,0.01812349159642107,True,0.20000000298023224,3.0114335357890434e-17,0.20000000298023227,True,True
30,7,0.01761789247393608,0.001,True,True,True,0.014031614887917876,True,0.20000000298023224,3.0114335351428085e-17,0.20000000298023227,True,True
30,8,0.013393250294029713,0.001,True,True,True,0.009059207947139825,True,0.20000000298023224,3.0114335357890434e-17,0.20000000298023227,True,True
30,9,0.009463690221309662,0.001,True,True,True,0.006774604384103211,True,0.20000000298023224,3.0114335357890434e-17,0.20000000298023227,True,True
30,10,0.007054772228002548,0.001,True,True,True,0.004311623942627241,True,0.20000000298023224,3.0114335357890434e-17,0.20000000298023227,True,True
30,11,0.004952766001224518,0.001,True,True,True,0.0022593876599923957,True,0.20000000298023224,3.0114335357890434e-17,0.20000000298023227,True,True
30,12,0.003293503075838089,0.001,True,True,True,0.0007705661422588439,True,0.20000000298022988,3.011433536435278e-17,0.2000000029802299,True,True
30,13,0.0022140629589557648,0.001,True,True,True,9.43689570931383e-16,True,0.19996961057431084,3.0185648963718194e-17,0.19996961057431087,True,True
30,14,0.0018522217869758606,0.001,True,True,True,8.289509063541534e-05,True,0.19432869462003977,3.013535068268356e-17,0.1943286946200398,True,True
30,15,0.002375539392232895,0.001,True,True,True,0.001132713478612657,True,0.1999996589560409,3.0385878267346735e-17,0.19999965895604094,True,True
30,16,0.003554299473762512,0.001,True,True,True,0.002713663064120908,True,0.20000000298023224,3.0114335351428085e-17,0.20000000298023227,True,True
30,17,0.005070295184850693,0.001,True,True,True,0.00453479553372782,True,0.20000000298023224,3.0114335357890434e-17,0.20000000298023227,True,True
30,18,0.00660952553153038,0.001,True,True,True,0.006287297474727616,True,0.20000000298023224,3.0114335357890434e-17,0.20000000298023227,True,True
30,19,0.007829971611499786,0.001,True,True,True,0.0076302041800292986,True,0.20000000298023224,3.0114335357890434e-17,0.20000000298023227,True,True
30,20,0.018102729693055153,0.001,True,True,True,0.022865144011308014,True,0.20000000298023224,7.9745403320978e-18,0.20000000298023224,True,True
31,1,0.023336932063102722,0.001,True,True,True,0.02344108381830723,True,0.20000000298023224,8.845977173251646e-13,0.20000000298111684,True,True
31,2,0.02423075959086418,0.001,True,True,True,0.023996726400459356,True,0.20000000298023224,8.845977173251646e-13,0.20000000298111684,True,True
31,3,0.024718837812542915,0.001,True,True,True,0.024203335212295563,True,0.20000000298023224,8.845977173251582e-13,0.20000000298111684,True,True
31,4,0.02493034303188324,0.001,True,True,True,0.024198323281865886,True,0.20000000298023224,8.845977173251646e-13,0.20000000298111684,True,True
31,5,0.022408626973628998,0.001,True,True,True,0.018812577387568696,True,0.20000000298023224,8.845977173251646e-13,0.20000000298111684,True,True
31,6,0.01912761852145195,0.001,True,True,True,0.014804658715741603,True,0.20000000298023224,8.845977173251646e-13,0.20000000298111684,True,True
31,7,0.01504084374755621,0.001,True,True,True,0.009883086253188067,True,0.20000000298023224,8.845977173251582e-13,0.20000000298111684,True,True
31,8,0.010859832167625427,0.001,True,True,True,0.007340047704421482,True,0.20000000298023224,8.845977173251646e-13,0.20000000298111684,True,True
31,9,0.008225865662097931,0.001,True,True,True,0.004761174896352305,True,0.20000000298023224,8.845977173251646e-13,0.20000000298111684,True,True
31,10,0.005855187773704529,0.001,True,True,True,0.0025780793449428074,True,0.20000000298023224,8.845977173251646e-13,0.20000000298111684,True,True
31,11,0.0038936249911785126,0.001,True,True,True,0.0009498310368175333,True,0.20000000298023224,8.845977173251646e-13,0.20000000298111684,True,True
31,12,0.0024875961244106293,0.001,True,True,True,3.77294355946578e-05,True,0.19999988091925053,8.869757005643879e-13,0.1999998809201375,True,True
31,13,0.0017820820212364197,0.001,True,True,True,3.819722316222851e-13,True,0.1866432638922655,8.853397877887149e-13,0.18664326389315083,True,True
31,14,0.0019755251705646515,0.001,True,True,True,0.0010485032096319014,True,0.2000080615761441,8.986397212653899e-13,0.20000806157704273,True,True
31,15,0.0030142441391944885,0.001,True,True,True,0.00274949025105381,True,0.20000000297409223,8.845977199574472e-13,0.20000000297497683,True,True
31,16,0.004592925310134888,0.001,True,True,True,0.004852345156382998,True,0.20000000298023224,8.845977173251582e-13,0.20000000298111684,True,True
31,17,0.006420832127332687,0.001,True,True,True,0.0070842178372536035,True,0.20000000298023224,8.845977173251646e-13,0.20000000298111684,True,True
31,18,0.008191239088773727,0.001,True,True,True,0.009142249912657718,True,0.20000000298023224,8.845977173251646e-13,0.20000000298111684,True,True
31,19,0.011653789319097996,0.001,True,True,True,0.016896799185291633,True,0.20000000298023224,8.845977173251646e-13,0.20000000298111684,True,True
31,20,0.024270934984087944,0.001,True,True,True,0.02966744184641501,True,0.20000000298023224,2.801519929036419e-13,0.2000000029805124,True,True
32,1,0.024441247805953026,0.001,True,True,True,0.024261995487040333,True,0.20000000298023224,1.9691972112394936e-13,0.20000000298042916,True,True
32,2,0.024996815249323845,0.001,True,True,True,0.024577015891360077,True,0.20000000298023224,1.9691972112394936e-13,0.20000000298042916,True,True
32,3,0.025204427540302277,0.001,True,True,True,0.02456673122777764,True,0.20000000298023224,1.969197211239429e-13,0.20000000298042916,True,True
32,4,0.02298782207071781,0.001,True,True,True,0.01988112804589487,True,0.20000000298023224,1.9691972112394936e-13,0.20000000298042916,True,True
32,5,0.019820436835289,0.001,True,True,True,0.016060457479137535,True,0.20000000298023224,1.9691972112394936e-13,0.20000000298042916,True,True
32,6,0.015819426625967026,0.001,True,True,True,0.011273536193018796,True,0.20000000298023224,1.9691972112394936e-13,0.20000000298042916,True,True
32,7,0.011623188853263855,0.001,True,True,True,0.008552685409326632,True,0.20000000298023224,1.969197211239429e-13,0.20000000298042916,True,True
32,8,0.008902106434106827,0.001,True,True,True,0.005795499734803755,True,0.20000000298023224,1.9691972112394936e-13,0.20000000298042916,True,True
32,9,0.006425272673368454,0.001,True,True,True,0.0033941227480875358,True,0.20000000298023224,1.9691972112394936e-13,0.20000000298042916,True,True
32,10,0.004347171634435654,0.001,True,True,True,0.0015172771528745022,True,0.20000000298023224,1.9691972112394936e-13,0.20000000298042916,True,True
32,11,0.0028243958950042725,0.001,True,True,True,0.0003327804623010633,True,0.19999999969367013,1.969197701712102e-13,0.19999999969386706,True,True
32,12,0.0020135417580604553,0.001,True,True,True,1.355443535189238e-11,True,0.1992984194954816,1.979494859137399e-13,0.19929841949567956,True,True
32,13,0.002064526081085205,0.001,True,True,True,0.0006885344442561503,True,0.19986594327846358,1.8798185713814664e-13,0.19986594327865156,True,True
32,14,0.0030806735157966614,0.001,True,True,True,0.0022454396252356013,True,0.20000000297982404,1.969197211710728e-13,0.20000000298002096,True,True
32,15,0.004761543124914169,0.001,True,True,True,0.004334538629590878,True,0.20000000298023224,1.9691972112331605e-13,0.20000000298042916,True,True
32,16,0.006852608174085617,0.001,True,True,True,0.006720250356252455,True,0.20000000298023224,1.969197211239429e-13,0.20000000298042916,True,True
32,17,0.00908486545085907,0.001,True,True,True,0.009147512362473353,True,0.20000000298023224,1.9691972112394936e-13,0.20000000298042916,True,True
32,18,0.011153072118759155,0.001,True,True,True,0.011327907539470328,True,0.20000000298023224,1.9691972112394936e-13,0.20000000298042916,True,True
32,19,0.019240057095885277,0.001,True,True,True,0.024409977207107025,True,0.20000000298023224,1.9691972112394936e-13,0.20000000298042916,True,True
32,20,0.03106357529759407,0.001,True,True,True,0.035331683831885785,True,0.20000000298023224,5.767841280746209e-14,0.20000000298028991,True,True
33,1,0.02526201494038105,0.001,True,True,True,0.024727504180321325,True,0.20000000298023224,1.976752912508288e-15,0.2000000029802342,True,True
33,2,0.025577403604984283,0.001,True,True,True,0.024779378861869872,True,0.20000000298023224,1.976752912508288e-15,0.2000000029802342,True,True
33,3,0.023823555558919907,0.001,True,True,True,0.020505226668372734,True,0.20000000298023224,1.9767529125018257e-15,0.2000000029802342,True,True
33,4,0.020885851234197617,0.001,True,True,True,0.01686081649298199,True,0.20000000298023224,1.976752912508288e-15,0.2000000029802342,True,True
33,5,0.01707051880657673,0.001,True,True,True,0.012232702213099023,True,0.20000000298023224,1.976752912508288e-15,0.2000000029802342,True,True
33,6,0.012891855090856552,0.001,True,True,True,0.009311367919489943,True,0.20000000298023224,1.976752912508288e-15,0.2000000029802342,True,True
33,7,0.010046087205410004,0.001,True,True,True,0.0064835045382777845,True,0.20000000298023224,1.9767529125018257e-15,0.2000000029802342,True,True
33,8,0.007392246276140213,0.001,True,True,True,0.003973244309443125,True,0.20000000298023224,1.976752912508288e-15,0.2000000029802342,True,True
33,9,0.005093805491924286,0.001,True,True,True,0.001948582763800638,True,0.20000000298023224,1.976752912508288e-15,0.2000000029802342,True,True
33,10,0.0033126957714557648,0.001,True,True,True,0.0005736270263010934,True,0.20000000298023168,1.9767529124048905e-15,0.20000000298023365,True,True
33,11,0.0022062696516513824,0.001,True,True,True,1.8762769116165146e-13,True,0.19996954441879372,1.9804033858693474e-15,0.1999695444187957,True,True
33,12,0.0019182860851287842,0.001,True,True,True,0.0003821969247249646,True,0.19840035406583212,1.9749325868055175e-15,0.1984003540658341,True,True
33,13,0.0026406683027744293,0.001,True,True,True,0.0017380506792878947,True,0.1999999998186226,1.976826542219831e-15,0.19999999981862457,True,True
33,14,0.004170432686805725,0.001,True,True,True,0.0037381137987623214,True,0.20000000298023224,1.976752912379041e-15,0.2000000029802342,True,True
33,15,0.006237894296646118,0.001,True,True,True,0.0061751833748655005,True,0.20000000298023224,1.9767529122885682e-15,0.2000000029802342,True,True
33,16,0.008615124970674515,0.001,True,True,True,0.008826558147554564,True,0.20000000298023224,1.9767529125018257e-15,0.2000000029802342,True,True
33,17,0.011047683656215668,0.001,True,True,True,0.011447915450217006,True,0.20000000298023224,1.976752912508288e-15,0.2000000029802342,True,True
33,18,0.014664740301668644,0.001,True,True,True,0.01877266922534515,True,0.20000000298023224,1.976752912508288e-15,0.2000000029802342,True,True
33,19,0.025718770921230316,0.001,True,True,True,0.03064047047702423,True,0.20000000298023224,1.976752912508288e-15,0.2000000029802342,True,True
33,20,0.03663690760731697,0.001,True,True,True,0.04061871001316375,True,0.20000000298023224,5.027218794177261e-16,0.20000000298023274,True,True
34,1,0.02572818100452423,0.001,True,True,True,0.02487827445930091,True,0.20000000298023224,8.528177622313924e-17,0.20000000298023232,True,True
34,2,0.024256372824311256,0.001,True,True,True,0.02098167297295117,True,0.20000000298023224,8.528177622313924e-17,0.20000000298023232,True,True
34,3,0.021511835977435112,0.001,True,True,True,0.017537736932745573,True,0.20000000298023224,8.528177622637041e-17,0.20000000298023232,True,True
34,4,0.017873801290988922,0.001,True,True,True,0.013097184906246506,True,0.20000000298023224,8.528177622313924e-17,0.20000000298023232,True,True
34,5,0.013703111559152603,0.001,True,True,True,0.010047400991021693,True,0.20000000298023224,8.528177622313924e-17,0.20000000298023232,True,True
34,6,0.010814521461725235,0.001,True,True,True,0.007164503186581905,True,0.20000000298023224,8.528177622313924e-17,0.20000000298023232,True,True
34,7,0.008074101060628891,0.001,True,True,True,0.004553156531802216,True,0.20000000298023224,8.528177622637041e-17,0.20000000298023232,True,True
34,8,0.005648322403430939,0.001,True,True,True,0.002382924985412621,True,0.20000000298023224,8.528177622313924e-17,0.20000000298023232,True,True
34,9,0.003699991852045059,0.001,True,True,True,0.0008164875252049675,True,0.20000000298023224,8.528177622313924e-17,0.20000000298023232,True,True
34,10,0.002384606748819351,0.001,True,True,True,5.551115123125783e-17,True,0.19999906107462953,8.602322438126639e-17,0.1999990610746296,True,True
34,11,0.0018398426473140717,0.001,True,True,True,3.9554320046597535e-05,True,0.19361505998853534,8.527007704907556e-17,0.19361505998853543,True,True
34,12,0.0022839978337287903,0.001,True,True,True,0.0011458653419256235,True,0.19999882644700082,8.68260259956109e-17,0.1999988264470009,True,True
34,13,0.003623083233833313,0.001,True,True,True,0.0029824731308895625,True,0.20000000298023224,8.528177622475483e-17,0.20000000298023232,True,True
34,14,0.005609806627035141,0.001,True,True,True,0.00536383475454949,True,0.20000000298023224,8.5281776227986e-17,0.20000000298023232,True,True
34,15,0.008039344102144241,0.001,True,True,True,0.00809097883164328,True,0.20000000298023224,8.528177622475483e-17,0.20000000298023232,True,True
34,16,0.01069430261850357,0.001,True,True,True,0.010953874819148668,True,0.20000000298023224,8.528177622637041e-17,0.20000000298023232,True,True
34,17,0.013329215347766876,0.001,True,True,True,0.01371839942680625,True,0.20000000298023224,8.528177622313924e-17,0.20000000298023232,True,True
34,18,0.02137557417154312,0.001,True,True,True,0.026530800060438287,True,0.20000000298023224,8.528177622313924e-17,0.20000000298023232,True,True
34,19,0.03189586475491524,0.001,True,True,True,0.03618147951080464,True,0.20000000298023224,8.528177622313924e-17,0.20000000298023232,True,True
34,20,0.041871655732393265,0.001,True,True,True,0.0452444969657404,True,0.20000000298023224,2.3170211334757288e-17,0.20000000298023227,True,True
35,1,0.024522624909877777,0.001,True,True,True,0.02108569264140736,True,0.20000000298023224,4.178301885453109e-15,0.20000000298023643,True,True
35,2,0.021988268941640854,0.001,True,True,True,0.017655115510933128,True,0.20000000298023224,4.178301885453109e-15,0.20000000298023643,True,True
35,3,0.01855064369738102,0.001,True,True,True,0.013238873410726493,True,0.20000000298023224,4.17830188545634e-15,0.20000000298023643,True,True
35,4,0.014437921345233917,0.001,True,True,True,0.010060836757913028,True,0.20000000298023224,4.178301885453109e-15,0.20000000298023643,True,True
35,5,0.011541709303855896,0.001,True,True,True,0.007178377193562069,True,0.20000000298023224,4.178301885453109e-15,0.20000000298023643,True,True
35,6,0.008742421865463257,0.001,True,True,True,0.0045692392050961095,True,0.20000000298023224,4.178301885453109e-15,0.20000000298023643,True,True
35,7,0.006210979074239731,0.001,True,True,True,0.0023989172043426266,True,0.20000000298023224,4.17830188545634e-15,0.20000000298023643,True,True
35,8,0.004111766815185547,0.001,True,True,True,0.000827263947530521,True,0.20000000298023224,4.178301885453109e-15,0.20000000298023643,True,True
35,9,0.002598736435174942,0.001,True,True,True,3.488320743372242e-13,True,0.20000000135605628,4.1785594246213096e-15,0.20000000135606047,True,True
35,10,0.0018046721816062927,0.001,True,True,True,1.8351986597053838e-13,True,0.19024768081967025,4.172508654334952e-15,0.19024768081967441,True,True
35,11,0.0019366741180419922,0.001,True,True,True,0.0011197077415472378,True,0.2002311821724092,4.200283869488223e-15,0.2002311821724134,True,True
35,12,0.003027312457561493,0.001,True,True,True,0.0029767283787869303,True,0.2000000029854216,4.178301889524388e-15,0.20000000298542578,True,True
35,13,0.004845663905143738,0.001,True,True,True,0.005421631863973542,True,0.20000000298023224,4.1783018854547244e-15,0.20000000298023643,True,True
35,14,0.007208764553070068,0.001,True,True,True,0.00828502709603035,True,0.20000000298023224,4.1783018854579556e-15,0.20000000298023643,True,True
35,15,0.00992656871676445,0.001,True,True,True,0.011388306456609376,True,0.20000000298023224,4.1783018854547244e-15,0.20000000298023643,True,True
35,16,0.012789823114871979,0.001,True,True,True,0.014536261921744176,True,0.20000000298023224,4.17830188545634e-15,0.20000000298023643,True,True
35,17,0.01755536161363125,0.001,True,True,True,0.02387082909566407,True,0.20000000298023224,4.178301885453109e-15,0.20000000298023643,True,True
35,18,0.027734626084566116,0.001,True,True,True,0.03352916209048673,True,0.20000000298023224,4.178301885453109e-15,0.20000000298023643,True,True
35,19,0.03737681359052658,0.001,True,True,True,0.04212779105678699,True,0.20000000298023224,4.178301885453109e-15,0.20000000298023643,True,True
35,20,0.04643698036670685,0.001,True,True,True,0.05009703083489947,True,0.20000000298023224,1.1009004628921488e-15,0.20000000298023335,True,True
36,1,0.022094422951340675,0.001,True,True,True,0.0178578748551379,True,0.20000000298023224,3.501649080614311e-12,0.20000000298373388,True,True
36,2,0.018673375248908997,0.001,True,True,True,0.013467021189279949,True,0.20000000298023224,3.501649080614311e-12,0.20000000298373388,True,True
36,3,0.014550134539604187,0.001,True,True,True,0.010261950284109977,True,0.20000000298023224,3.5016490806143143e-12,0.20000000298373388,True,True
36,4,0.011665526777505875,0.001,True,True,True,0.0073575340535488865,True,0.20000000298023224,3.501649080614311e-12,0.20000000298373388,True,True
36,5,0.008879952132701874,0.001,True,True,True,0.004714801134286295,True,0.20000000298023224,3.501649080614311e-12,0.20000000298373388,True,True
36,6,0.006362944841384888,0.001,True,True,True,0.002502112030191378,True,0.20000000298023224,3.501649080614311e-12,0.20000000298373388,True,True
36,7,0.004278160631656647,0.001,True,True,True,0.0008827557239462491,True,0.20000000298023224,3.5016490806143143e-12,0.20000000298373388,True,True
36,8,0.0027812831103801727,0.001,True,True,True,7.766653070673257e-06,True,0.19999999760928763,3.5016500935590097e-12,0.19999999761278928,True,True
36,9,0.0020108744502067566,0.001,True,True,True,2.123967668410387e-12,True,0.19934646933736141,3.4906626477031637e-12,0.19934646934085207,True,True
36,10,0.0021201297640800476,0.001,True,True,True,0.0010278134260280356,True,0.1999833270112372,3.397515123925961e-12,0.1999833270146347,True,True
36,11,0.003184385597705841,0.001,True,True,True,0.0028650128572600964,True,0.20000000298026313,3.5016490806267737e-12,0.20000000298376477,True,True
36,12,0.004994161427021027,0.001,True,True,True,0.0053098224667444405,True,0.20000000298023224,3.501649080613833e-12,0.20000000298373388,True,True
36,13,0.00739697739481926,0.001,True,True,True,0.008216972315310156,True,0.20000000298023224,3.5016490806143127e-12,0.20000000298373388,True,True
36,14,0.010231871157884598,0.001,True,True,True,0.011432074567881978,True,0.20000000298023224,3.501649080614316e-12,0.20000000298373388,True,True
36,15,0.013320818543434143,0.001,True,True,True,0.014790469475352341,True,0.20000000298023224,3.5016490806143127e-12,0.20000000298373388,True,True
36,16,0.016642030328512192,0.001,True,True,True,0.019808588139223038,True,0.20000000298023224,3.5016490806143143e-12,0.20000000298373388,True,True
36,17,0.025509074330329895,0.001,True,True,True,0.03137615965862728,True,0.20000000298023224,3.501649080614311e-12,0.20000000298373388,True,True
36,18,0.034731291234493256,0.001,True,True,True,0.03965593863464911,True,0.20000000298023224,3.501649080614311e-12,0.20000000298373388,True,True
36,19,0.04332362487912178,0.001,True,True,True,0.04728020041104608,True,0.20000000298023224,3.501649080614311e-12,0.20000000298373388,True,True
36,20,0.05129082128405571,0.001,True,True,True,0.054276379165507205,True,0.20000000298023224,7.024052897706764e-13,0.20000000298093465,True,True
37,1,0.01887562684714794,0.001,True,True,True,0.013855243308688647,True,0.20000000298023224,1.3937351749318678e-11,0.2000000029941696,True,True
37,2,0.014752458781003952,0.001,True,True,True,0.010693010958791715,True,0.20000000298023224,1.3937351749318678e-11,0.2000000029941696,True,True
37,3,0.011863268911838531,0.001,True,True,True,0.007806640278956389,True,0.20000000298023224,1.3937351749318681e-11,0.2000000029941696,True,True
37,4,0.009063035249710083,0.001,True,True,True,0.0051409368562964075,True,0.20000000298023224,1.3937351749318678e-11,0.2000000029941696,True,True
37,5,0.0065233223140239716,0.001,True,True,True,0.0028694759512021273,True,0.20000000298023224,1.3937351749318678e-11,0.2000000029941696,True,True
37,6,0.00441012904047966,0.001,True,True,True,0.0011589003098337325,True,0.20000000298023224,1.3937351749318678e-11,0.2000000029941696,True,True
37,7,0.0028822682797908783,0.001,True,True,True,0.00016172408179609965,True,0.20000000270851062,1.3937351902616756e-11,0.20000000272244797,True,True
37,8,0.0020832493901252747,0.001,True,True,True,6.829394827434498e-10,True,0.1997911174256446,1.3895690861004576e-11,0.19979111743954028,True,True
37,9,0.002124205231666565,0.001,True,True,True,0.0007982295986510022,True,0.199962293799734,1.401870501215957e-11,0.1999622938137527,True,True
37,10,0.003131881356239319,0.001,True,True,True,0.002468235326156365,True,0.20000000298038226,1.393735174948314e-11,0.2000000029943196,True,True
37,11,0.004913512617349625,0.001,True,True,True,0.004784592249219066,True,0.20000000298023224,1.3937351749321215e-11,0.2000000029941696,True,True
37,12,0.00730123370885849,0.001,True,True,True,0.0076150729513038695,True,0.20000000298023224,1.39373517493182e-11,0.2000000029941696,True,True
37,13,0.010161489248275757,0.001,True,True,True,0.010818515473383417,True,0.20000000298023224,1.393735174931868e-11,0.2000000029941696,True,True
37,14,0.013342596590518951,0.001,True,True,True,0.01424880926186406,True,0.20000000298023224,1.3937351749318683e-11,0.2000000029941696,True,True
37,15,0.016677886247634888,0.001,True,True,True,0.017748732286182733,True,0.20000000298023224,1.393735174931868e-11,0.2000000029941696,True,True
37,16,0.023590106517076492,0.001,True,True,True,0.02903435278563904,True,0.20000000298023224,1.3937351749318681e-11,0.2000000029941696,True,True
37,17,0.0325295589864254,0.001,True,True,True,0.0371244801178191,True,0.20000000298023224,1.3937351749318678e-11,0.2000000029941696,True,True
37,18,0.040796514600515366,0.001,True,True,True,0.04452666591525456,True,0.20000000298023224,1.3937351749318678e-11,0.2000000029941696,True,True
37,19,0.04841335117816925,0.001,True,True,True,0.05128092248141036,True,0.20000000298023224,1.3937351749318678e-11,0.2000000029941696,True,True
37,20,0.05540702864527702,0.001,True,True,True,0.05743069122938449,True,0.20000000298023224,2.232115895125276e-12,0.20000000298246434,True,True
38,1,0.015092913061380386,0.001,True,True,True,0.011035361546763323,True,0.20000000298023224,7.514592373605995e-12,0.20000000298774684,True,True
38,2,0.012250889092683792,0.001,True,True,True,0.008166569453569639,True,0.20000000298023224,7.514592373605995e-12,0.20000000298774684,True,True
38,3,0.009452171623706818,0.001,True,True,True,0.00548984846678624,True,0.20000000298023224,7.514592373605998e-12,0.20000000298774684,True,True
38,4,0.00687393918633461,0.001,True,True,True,0.003178940844315914,True,0.20000000298023224,7.514592373605995e-12,0.20000000298774684,True,True
38,5,0.004685752093791962,0.001,True,True,True,0.0013992253900572404,True,0.20000000298023224,7.514592373605995e-12,0.20000000298774684,True,True
38,6,0.003047425299882889,0.001,True,True,True,0.00030031343718511794,True,0.20000000297869014,7.514592374879026e-12,0.20000000298620474,True,True
38,7,0.0021004080772399902,0.001,True,True,True,2.60076959968103e-10,True,0.1998473346253886,7.459466969906502e-12,0.19984733463284807,True,True
38,8,0.0019502155482769012,0.001,True,True,True,0.0006200775089173502,True,0.19939971106934162,7.491996462332706e-12,0.19939971107683363,True,True
38,9,0.0027710124850273132,0.001,True,True,True,0.002133890510704839,True,0.20000000911949303,7.514599562318576e-12,0.20000000912700763,True,True
38,10,0.004419222474098206,0.001,True,True,True,0.004324794021625444,True,0.20000000298023224,7.514592373606675e-12,0.20000000298774684,True,True
38,11,0.006699070334434509,0.001,True,True,True,0.0070713903297560665,True,0.20000000298023224,7.514592373606877e-12,0.20000000298774684,True,True
38,12,0.009490646421909332,0.001,True,True,True,0.010242272822909515,True,0.20000000298023224,7.514592373606344e-12,0.20000000298774684,True,True
38,13,0.01266058161854744,0.001,True,True,True,0.013704339110506558,True,0.20000000298023224,7.514592373605996e-12,0.20000000298774684,True,True
38,14,0.01606377586722374,0.001,True,True,True,0.01731895691126123,True,0.20000000298023224,7.514592373606e-12,0.20000000298774684,True,True
38,15,0.02137298882007599,0.001,True,True,True,0.027059065402902593,True,0.20000000298023224,7.514592373605996e-12,0.20000000298774684,True,True
38,16,0.030154624953866005,0.001,True,True,True,0.0350197016783621,True,0.20000000298023224,7.514592373605998e-12,0.20000000298774684,True,True
38,17,0.03822934255003929,0.001,True,True,True,0.04225455188482252,True,0.20000000298023224,7.514592373605995e-12,0.20000000298774684,True,True
38,18,0.045621197670698166,0.001,True,True,True,0.04880365113504104,True,0.20000000298023224,7.514592373605995e-12,0.20000000298774684,True,True
38,19,0.05236949026584625,0.001,True,True,True,0.05472020736545413,True,0.20000000298023224,7.514592373605995e-12,0.20000000298774684,True,True
38,20,0.05851733684539795,0.001,True,True,True,0.06006018352277476,True,0.20000000298023224,1.6164688062023573e-12,0.2000000029818487,True,True
39,1,0.012591838836669922,0.001,True,True,True,0.008543007776872558,True,0.20000000298023224,6.80505894360385e-11,0.20000000304828283,True,True
39,2,0.009807895869016647,0.001,True,True,True,0.00586023505563027,True,0.20000000298023224,6.80505894360385e-11,0.20000000304828283,True,True
39,3,0.007212474942207336,0.001,True,True,True,0.003510361579552035,True,0.20000000298023224,6.80505894360385e-11,0.20000000304828283,True,True
39,4,0.004976116120815277,0.001,True,True,True,0.001657339665560087,True,0.20000000298023224,6.80505894360385e-11,0.20000000304828283,True,True
39,5,0.003258194774389267,0.001,True,True,True,0.00044870219445442006,True,0.20000000298023113,6.805058943604677e-11,0.20000000304828172,True,True
39,6,0.0021985284984111786,0.001,True,True,True,4.666731778790734e-09,True,0.19997259758623231,6.801345711126004e-11,0.19997259765424577,True,True
39,7,0.0019001364707946777,0.001,True,True,True,0.00042272364887346956,True,0.19835794680735885,6.78767335653218e-11,0.19835794687523559,True,True
39,8,0.0025526955723762512,0.001,True,True,True,0.0017682524291399715,True,0.20000000248780953,6.806571698427122e-11,0.20000000255587524,True,True
39,9,0.004053182899951935,0.001,True,True,True,0.0038168827647996895,True,0.20000000298023224,6.805058943604036e-11,0.20000000304828283,True,True
39,10,0.006215229630470276,0.001,True,True,True,0.006454020254181458,True,0.20000000298023224,6.805058943604249e-11,0.20000000304828283,True,True
39,11,0.0089256651699543,0.001,True,True,True,0.009554736162618482,True,0.20000000298023224,6.805058943604269e-11,0.20000000304828283,True,True
39,12,0.012063175439834595,0.001,True,True,True,0.012994749172538178,True,0.20000000298023224,6.805058943603885e-11,0.20000000304828283,True,True
39,13,0.01549692451953888,0.001,True,True,True,0.016648143603088583,True,0.20000000298023224,6.80505894360385e-11,0.20000000304828283,True,True
39,14,0.01967829093337059,0.001,True,True,True,0.023723479011745652,True,0.20000000298023224,6.80505894360385e-11,0.20000000304828283,True,True
39,15,0.02816920541226864,0.001,True,True,True,0.033012577738527615,True,0.20000000298023224,6.80505894360385e-11,0.20000000304828283,True,True
39,16,0.03611365705728531,0.001,True,True,True,0.040148162080089755,True,0.20000000298023224,6.80505894360385e-11,0.20000000304828283,True,True
39,17,0.04333680123090744,0.001,True,True,True,0.04657023421979556,True,0.20000000298023224,6.80505894360385e-11,0.20000000304828283,True,True
39,18,0.04987813159823418,0.001,True,True,True,0.052331398148665165,True,0.20000000298023224,6.80505894360385e-11,0.20000000304828283,True,True
39,19,0.0557902455329895,0.001,True,True,True,0.05749380919507874,True,0.20000000298023224,6.80505894360385e-11,0.20000000304828283,True,True
39,20,0.06112875044345856,0.001,True,True,True,0.062120420209182514,True,0.20000000298023224,1.8204807038728617e-11,0.20000000299843704,True,True
40,1,0.010178763419389725,0.001,True,True,True,0.006235362150453838,True,0.20000000298023224,6.524658834900154e-16,0.2000000029802329,True,True
40,2,0.007573463022708893,0.001,True,True,True,0.0038355784666073145,True,0.20000000298023224,6.524658834900154e-16,0.2000000029802329,True,True
40,3,0.005293563008308411,0.001,True,True,True,0.0019074879998302319,True,0.20000000298023224,6.524658834900154e-16,0.2000000029802329,True,True
40,4,0.003497239202260971,0.001,True,True,True,0.0005919531985481008,True,0.20000000298023224,6.524658835417142e-16,0.2000000029802329,True,True
40,5,0.0023231059312820435,0.001,True,True,True,2.8144153674247718e-14,True,0.19999753195602957,6.598253015416839e-16,0.19999753195603023,True,True
40,6,0.0018728971481323242,0.001,True,True,True,0.0002231563404852541,True,0.1969346547017563,6.512063292640287e-16,0.19693465470175694,True,True
40,7,0.002344239503145218,0.001,True,True,True,0.001396674793133601,True,0.20000002216512533,6.642291384861186e-16,0.200000022165126,True,True
40,8,0.0036800168454647064,0.001,True,True,True,0.0032953184670204694,True,0.20000000298023224,6.524658834900154e-16,0.2000000029802329,True,True
40,9,0.005699925124645233,0.001,True,True,True,0.005809410187200048,True,0.20000000298023224,6.524658834900154e-16,0.2000000029802329,True,True
40,10,0.008297622203826904,0.001,True,True,True,0.008818542912577776,True,0.20000000298023224,6.524658835546389e-16,0.2000000029802329,True,True
40,11,0.011359337717294693,0.001,True,True,True,0.01220454750538258,True,0.20000000298023224,6.524658835417142e-16,0.2000000029802329,True,True
40,12,0.014763906598091125,0.001,True,True,True,0.01585113530349208,True,0.20000000298023224,6.524658834770907e-16,0.2000000029802329,True,True
40,13,0.018435973674058914,0.001,True,True,True,0.020547580406538923,True,0.20000000298023224,6.524658834900154e-16,0.2000000029802329,True,True
40,14,0.026224695146083832,0.001,True,True,True,0.03111914626698098,True,0.20000000298023224,6.524658834900154e-16,0.2000000029802329,True,True
40,15,0.03409237042069435,0.001,True,True,True,0.03820090229188966,True,0.20000000298023224,6.524658834900154e-16,0.2000000029802329,True,True
40,16,0.04121486470103264,0.001,True,True,True,0.04454890611777418,True,0.20000000298023224,6.524658834900154e-16,0.2000000029802329,True,True
40,17,0.04762765020132065,0.001,True,True,True,0.05021077176332367,True,0.20000000298023224,6.524658834900154e-16,0.2000000029802329,True,True
40,18,0.05338255316019058,0.001,True,True,True,0.05524676039616405,True,0.20000000298023224,6.524658834900154e-16,0.2000000029802329,True,True
40,19,0.058541372418403625,0.001,True,True,True,0.05972386734349988,True,0.20000000298023224,6.524658834900154e-16,0.2000000029802329,True,True
40,20,0.06316684186458588,0.001,True,True,True,0.0637083422181276,True,0.20000000298023224,2.5318454645422946e-16,0.2000000029802325,True,True
41,1,0.007948007434606552,0.001,True,True,True,0.004204202021971359,True,0.20000000298023224,6.777908785843847e-12,0.20000000298701015,True,True
41,2,0.0056169889867305756,0.001,True,True,True,0.002174486312015722,True,0.20000000298023224,6.777908785843847e-12,0.20000000298701015,True,True
41,3,0.0037415586411952972,0.001,True,True,True,0.0007399218773545546,True,0.20000000298023224,6.777908785843847e-12,0.20000000298701015,True,True
41,4,0.0024553537368774414,0.001,True,True,True,1.1012091238882249e-10,True,0.1999998658445073,6.788582525128095e-12,0.19999986585129587,True,True
41,5,0.0018578320741653442,0.001,True,True,True,1.4331120122168528e-05,True,0.19534606544723454,6.7679501308737366e-12,0.1953460654540025,True,True
41,6,0.002144142985343933,0.001,True,True,True,0.0010029525440140574,True,0.1999873814757322,7.290160734524025e-12,0.19998738148302236,True,True
41,7,0.003309793770313263,0.001,True,True,True,0.002736395888657539,True,0.2000000029802327,6.777908785844002e-12,0.20000000298701062,True,True
41,8,0.005178917199373245,0.001,True,True,True,0.005107797503840605,True,0.20000000298023224,6.777908785843847e-12,0.20000000298701015,True,True
41,9,0.007649615406990051,0.001,True,True,True,0.007999598000692665,True,0.20000000298023224,6.777908785843847e-12,0.20000000298701015,True,True
41,10,0.010614410042762756,0.001,True,True,True,0.011297991174765487,True,0.20000000298023224,6.7779087858439116e-12,0.20000000298701015,True,True
41,11,0.013959299772977829,0.001,True,True,True,0.014893460721018437,True,0.20000000298023224,6.777908785843899e-12,0.20000000298701015,True,True
41,12,0.01756826788187027,0.001,True,True,True,0.018676935723242694,True,0.20000000298023224,6.777908785843834e-12,0.20000000298701015,True,True
41,13,0.024362551048398018,0.001,True,True,True,0.029206812349233502,True,0.20000000298023224,6.777908785843847e-12,0.20000000298701015,True,True
41,14,0.03219078853726387,0.001,True,True,True,0.03626308972481407,True,0.20000000298023224,6.777908785843847e-12,0.20000000298701015,True,True
41,15,0.03925901651382446,0.001,True,True,True,0.04257746464986789,True,0.20000000298023224,6.777908785843847e-12,0.20000000298701015,True,True
41,16,0.04559708014130592,0.001,True,True,True,0.04819197067424552,True,0.20000000298023224,6.777908785843847e-12,0.20000000298701015,True,True
41,17,0.05125200003385544,0.001,True,True,True,0.05316186115684707,True,0.20000000298023224,6.777908785843847e-12,0.20000000298701015,True,True
41,18,0.05628344416618347,0.001,True,True,True,0.057551277514688026,True,0.20000000298023224,6.777908785843847e-12,0.20000000298701015,True,True
41,19,0.060757920145988464,0.001,True,True,True,0.06142827031178055,True,0.20000000298023224,6.777908785843847e-12,0.20000000298701015,True,True
41,20,0.06474162638187408,0.001,True,True,True,0.06485910732246525,True,0.20000000298023224,1.5878475258789005e-12,0.20000000298182008,True,True
42,1,0.005988858640193939,0.001,True,True,True,0.002306113557461714,True,0.20000000298023224,4.505805956766127e-12,0.20000000298473805,True,True
42,2,0.004011631011962891,0.001,True,True,True,0.0007538947856204348,True,0.20000000298023224,4.505805956766127e-12,0.20000000298473805,True,True
42,3,0.00260239839553833,0.001,True,True,True,1.3306578061644814e-12,True,0.20000000569369814,4.506123600591968e-12,0.20000000569820425,True,True
42,4,0.0018531754612922668,0.001,True,True,True,1.7302702097432565e-05,True,0.1951967681876834,4.481192430424269e-12,0.19519676819216458,True,True
42,5,0.0019429214298725128,0.001,True,True,True,0.0010656279200536578,True,0.20008945683704127,4.547423735605145e-12,0.2000894568415887,True,True
42,6,0.0029260553419589996,0.001,True,True,True,0.002836594467266418,True,0.2000000030885787,4.50580604558082e-12,0.20000000309308452,True,True
42,7,0.004629012197256088,0.001,True,True,True,0.00522133869994057,True,0.20000000298023224,4.505805956766282e-12,0.20000000298473805,True,True
42,8,0.006952784955501556,0.001,True,True,True,0.008106396557143403,True,0.20000000298023224,4.505805956766127e-12,0.20000000298473805,True,True
42,9,0.009794551879167557,0.001,True,True,True,0.011386084829361098,True,0.20000000298023224,4.505805956766127e-12,0.20000000298473805,True,True
42,10,0.013045411556959152,0.001,True,True,True,0.014961576696439993,True,0.20000000298023224,4.505805956765365e-12,0.20000000298473805,True,True
42,11,0.01659657061100006,0.001,True,True,True,0.01873682083141598,True,0.20000000298023224,4.505805956765352e-12,0.20000000298473805,True,True
42,12,0.022468123584985733,0.001,True,True,True,0.028664234257934407,True,0.20000000298023224,4.505805956766114e-12,0.20000000298473805,True,True
42,13,0.03027212619781494,0.001,True,True,True,0.0355618721514116,True,0.20000000298023224,4.505805956766127e-12,0.20000000298473805,True,True
42,14,0.03731418028473854,0.001,True,True,True,0.04172440836840352,True,0.20000000298023224,4.505805956766127e-12,0.20000000298473805,True,True
42,15,0.04361814633011818,0.001,True,True,True,0.04718744103354622,True,0.20000000298023224,4.505805956766127e-12,0.20000000298473805,True,True
42,16,0.04922514781355858,0.001,True,True,True,0.052000167881900206,True,0.20000000298023224,4.505805956766127e-12,0.20000000298473805,True,True
42,17,0.05418989807367325,0.001,True,True,True,0.05622134467975837,True,0.20000000298023224,4.505805956766127e-12,0.20000000298473805,True,True
42,18,0.058575913310050964,0.001,True,True,True,0.05991526434881922,True,0.20000000298023224,4.505805956766127e-12,0.20000000298473805,True,True
42,19,0.06245103105902672,0.001,True,True,True,0.06314827209659502,True,0.20000000298023224,4.505805956766127e-12,0.20000000298473805,True,True
42,20,0.06588120013475418,0.001,True,True,True,0.06598397893421026,True,0.20000000298023224,2.0355887358604992e-12,0.20000000298226783,True,True
43,1,0.0043205879628658295,0.001,True,True,True,0.0010033180759787541,True,0.20000000298023224,3.171071743040038e-12,0.2000000029834033,True,True
43,2,0.0029038675129413605,0.001,True,True,True,4.1839376392460714e-05,True,0.20000000293420248,3.1710718477875734e-12,0.20000000293737355,True,True
43,3,0.0022016428411006927,0.001,True,True,True,9.394473541105008e-10,True,0.19997641114557063,3.2189074865101663e-12,0.19997641114878953,True,True
43,4,0.002343844622373581,0.001,True,True,True,0.0008904380994864125,True,0.19999937902598763,3.292991363441186e-12,0.19999937902928064,True,True
43,5,0.0033534280955791473,0.001,True,True,True,0.0024723171910859265,True,0.20000000298023232,3.171071743039211e-12,0.2000000029834034,True,True
43,6,0.005050256848335266,0.001,True,True,True,0.004641543594637643,True,0.20000000298023224,3.171071743039521e-12,0.2000000029834033,True,True
43,7,0.007341146469116211,0.001,True,True,True,0.007293064194734078,True,0.20000000298023224,3.171071743039366e-12,0.2000000029834033,True,True
43,8,0.010133486241102219,0.001,True,True,True,0.010331060786011426,True,0.20000000298023224,3.171071743040038e-12,0.2000000029834033,True,True
43,9,0.013328902423381805,0.001,True,True,True,0.013667689444904929,True,0.20000000298023224,3.171071743040038e-12,0.2000000029834033,True,True
43,10,0.016829416155815125,0.001,True,True,True,0.017218525399531504,True,0.20000000298023224,3.1710717430401027e-12,0.2000000029834033,True,True
43,11,0.02211589738726616,0.001,True,True,True,0.025832472761131542,True,0.20000000298023224,3.1710717430400897e-12,0.2000000029834033,True,True
43,12,0.029743989929556847,0.001,True,True,True,0.03267808539071371,True,0.20000000298023224,3.171071743040025e-12,0.2000000029834033,True,True
43,13,0.03662368282675743,0.001,True,True,True,0.038849029419795955,True,0.20000000298023224,3.171071743040038e-12,0.2000000029834033,True,True
43,14,0.04277292266488075,0.001,True,True,True,0.04437019520643937,True,0.20000000298023224,3.171071743040038e-12,0.2000000029834033,True,True
43,15,0.04822631552815437,0.001,True,True,True,0.049279070151301174,True,0.20000000298023224,3.171071743040038e-12,0.2000000029834033,True,True
43,16,0.05303221940994263,0.001,True,True,True,0.053622943934153566,True,0.20000000298023224,3.171071743040038e-12,0.2000000029834033,True,True
43,17,0.05724850296974182,0.001,True,True,True,0.05745528987858062,True,0.20000000298023224,3.171071743040038e-12,0.2000000029834033,True,True
43,18,0.06093933805823326,0.001,True,True,True,0.06083336936837658,True,0.20000000298023224,3.171071743040038e-12,0.2000000029834033,True,True
43,19,0.06417053192853928,0.001,True,True,True,0.06381440117380865,True,0.20000000298023224,3.171071743040038e-12,0.2000000029834033,True,True
43,20,0.06700572371482849,0.001,True,True,True,0.06645271862762936,True,0.20000000298023224,2.1828897098319754e-12,0.20000000298241513,True,True
44,1,0.003138042986392975,0.001,True,True,True,0.0008517464433259181,True,0.20000000298021436,1.6449139369966047e-11,0.2000000029966635,True,True
44,2,0.0021851807832717896,0.001,True,True,True,0.0007581374580585831,True,0.199988132496615,1.6622174098479566e-11,0.1999881325132372,True,True
44,3,0.0021545588970184326,0.001,True,True,True,0.001429682195056181,True,0.20001046347586132,1.8810155896797584e-11,0.20001046349467147,True,True
44,4,0.0029596686363220215,0.001,True,True,True,0.002780013571638429,True,0.20000000301274948,1.644913941499988e-11,0.20000000302919863,True,True
44,5,0.004435189068317413,0.001,True,True,True,0.004682268934827538,True,0.20000000298023224,1.644913936988912e-11,0.2000000029966814,True,True
44,6,0.006485793739557266,0.001,True,True,True,0.007046655320544659,True,0.20000000298023224,1.644913936988943e-11,0.2000000029966814,True,True
44,7,0.009023472666740417,0.001,True,True,True,0.00979282944254023,True,0.20000000298023224,1.6449139369889275e-11,0.2000000029966814,True,True
44,8,0.011957552284002304,0.001,True,True,True,0.012847587710278663,True,0.20000000298023224,1.6449139369889947e-11,0.2000000029966814,True,True
44,9,0.015200380235910416,0.001,True,True,True,0.01614112013677943,True,0.20000000298023224,1.6449139369889947e-11,0.2000000029966814,True,True
44,10,0.01937662810087204,0.001,True,True,True,0.022552650348148906,True,0.20000000298023224,1.644913936989001e-11,0.2000000029966814,True,True
44,11,0.026862505823373795,0.001,True,True,True,0.029828561499877115,True,0.20000000298023224,1.644913936989e-11,0.2000000029966814,True,True
44,12,0.03369671106338501,0.001,True,True,True,0.036077773646841615,True,0.20000000298023224,1.6449139369889934e-11,0.2000000029966814,True,True
44,13,0.039860211312770844,0.001,True,True,True,0.04171694874980991,True,0.20000000298023224,1.6449139369889947e-11,0.2000000029966814,True,True
44,14,0.04537668824195862,0.001,True,True,True,0.04676781655632489,True,0.20000000298023224,1.6449139369889947e-11,0.2000000029966814,True,True
44,15,0.05028274655342102,0.001,True,True,True,0.05126310963758007,True,0.20000000298023224,1.6449139369889947e-11,0.2000000029966814,True,True
44,16,0.05462493374943733,0.001,True,True,True,0.05524402243682591,True,0.20000000298023224,1.6449139369889947e-11,0.2000000029966814,True,True
44,17,0.05845639854669571,0.001,True,True,True,0.058757513183985366,True,0.20000000298023224,1.6449139369889947e-11,0.2000000029966814,True,True
44,18,0.0618339478969574,0.001,True,True,True,0.061854016164606174,True,0.20000000298023224,1.6449139369889947e-11,0.2000000029966814,True,True
44,19,0.06481479853391647,0.001,True,True,True,0.0645848338278795,True,0.20000000298023224,1.6449139369889947e-11,0.2000000029966814,True,True
44,20,0.06745301187038422,0.001,True,True,True,0.06699928156907942,True,0.20000000298023224,4.523250151459739e-12,0.20000000298475548,True,True
45,1,0.00290650874376297,0.001,True,True,True,0.001542058268053037,True,0.2000000029934128,2.4746537421237594e-14,0.20000000299343756,True,True
45,2,0.0026966892182826996,0.001,True,True,True,0.002187181951113837,True,0.19999999787919004,2.4747094344986823e-14,0.1999999978792148,True,True
45,3,0.0032688602805137634,0.001,True,True,True,0.003404382585905419,True,0.20000000298023313,2.4746536077999677e-14,0.20000000298025788,True,True
45,4,0.004502728581428528,0.001,True,True,True,0.005126027341779249,True,0.20000000298023224,2.4746536078051375e-14,0.200000002980257,True,True
45,5,0.0062871575355529785,0.001,True,True,True,0.007282130834028899,True,0.20000000298023224,2.4746536078103074e-14,0.200000002980257,True,True
45,6,0.008545581251382828,0.001,True,True,True,0.009807630756900165,True,0.20000000298023224,2.4746536077999677e-14,0.200000002980257,True,True
45,7,0.011200681328773499,0.001,True,True,True,0.012642226318468452,True,0.20000000298023224,2.4746536078051375e-14,0.200000002980257,True,True
45,8,0.014178343117237091,0.001,True,True,True,0.015727207683314925,True,0.20000000298023224,2.4746536077999677e-14,0.200000002980257,True,True
45,9,0.017410140484571457,0.001,True,True,True,0.019158467394728484,True,0.20000000298023224,2.4746536077999677e-14,0.200000002980257,True,True
45,10,0.02397717349231243,0.001,True,True,True,0.02747592126413345,True,0.20000000298023224,2.47465360780643e-14,0.200000002980257,True,True
45,11,0.03083891049027443,0.001,True,True,True,0.03376223356673391,True,0.20000000298023224,2.4746536078051375e-14,0.200000002980257,True,True
45,12,0.037084002047777176,0.001,True,True,True,0.039473961293057136,True,0.20000000298023224,2.4746536077986752e-14,0.200000002980257,True,True
45,13,0.04272068291902542,0.001,True,True,True,0.04462228724785944,True,0.20000000298023224,2.4746536077999677e-14,0.200000002980257,True,True
45,14,0.047770123928785324,0.001,True,True,True,0.049229968444444494,True,0.20000000298023224,2.4746536077999677e-14,0.200000002980257,True,True
45,15,0.05226451903581619,0.001,True,True,True,0.053329097259058766,True,0.20000000298023224,2.4746536077999677e-14,0.200000002980257,True,True
45,16,0.056244831532239914,0.001,True,True,True,0.056958819747902845,True,0.20000000298023224,2.4746536077999677e-14,0.200000002980257,True,True
45,17,0.059758033603429794,0.001,True,True,True,0.060162902779798855,True,0.20000000298023224,2.4746536077999677e-14,0.200000002980257,True,True
45,18,0.06285437941551208,0.001,True,True,True,0.06298737344536509,True,0.20000000298023224,2.4746536077999677e-14,0.200000002980257,True,True
45,19,0.06558511406183243,0.001,True,True,True,0.06547858708504684,True,0.20000000298023224,2.4746536077999677e-14,0.200000002980257,True,True
45,20,0.06799951940774918,0.001,True,True,True,0.06768072646480305,True,0.20000000298023224,1.501339186566812e-14,0.20000000298024725,True,True
46,1,0.003443606197834015,0.001,True,True,True,0.002726162423574874,True,0.20000000298023224,9.510975256095223e-14,0.20000000298032736,True,True
46,2,0.003953356295824051,0.001,True,True,True,0.0038286089389165112,True,0.20000000298023224,9.510975256095223e-14,0.20000000298032736,True,True
46,3,0.005045846104621887,0.001,True,True,True,0.005384669020866428,True,0.20000000298023224,9.510975256074543e-14,0.20000000298032736,True,True
46,4,0.006656467914581299,0.001,True,True,True,0.007342397648331056,True,0.20000000298023224,9.510975256079713e-14,0.20000000298032736,True,True
46,5,0.008718635886907578,0.001,True,True,True,0.009650588603394405,True,0.20000000298023224,9.510975256084883e-14,0.20000000298032736,True,True
46,6,0.01116672158241272,0.001,True,True,True,0.012260075169432783,True,0.20000000298023224,9.510975256074543e-14,0.20000000298032736,True,True
46,7,0.013937566429376602,0.001,True,True,True,0.01512213240902055,True,0.20000000298023224,9.510975256079713e-14,0.20000000298032736,True,True
46,8,0.01696937158703804,0.001,True,True,True,0.018186227902735164,True,0.20000000298023224,9.510975256074543e-14,0.20000000298032736,True,True
46,9,0.02163580432534218,0.001,True,True,True,0.024865299258234996,True,0.20000000298023224,9.510975256074543e-14,0.20000000298032736,True,True
46,10,0.028488919138908386,0.001,True,True,True,0.03115172439147007,True,0.20000000298023224,9.510975256081006e-14,0.20000000298032736,True,True
46,11,0.034771040081977844,0.001,True,True,True,0.03691285701333802,True,0.20000000298023224,9.510975256079713e-14,0.20000000298032736,True,True
46,12,0.04047989845275879,0.001,True,True,True,0.04215019163405531,True,0.20000000298023224,9.510975256073251e-14,0.20000000298032736,True,True
46,13,0.04562627524137497,0.001,True,True,True,0.04687640457416864,True,0.20000000298023224,9.510975256074543e-14,0.20000000298032736,True,True
46,14,0.05023259297013283,0.001,True,True,True,0.05111364224185588,True,0.20000000298023224,9.510975256074543e-14,0.20000000298032736,True,True
46,15,0.05433087795972824,0.001,True,True,True,0.054891648366341195,True,0.20000000298023224,9.510975256074543e-14,0.20000000298032736,True,True
46,16,0.057960063219070435,0.001,True,True,True,0.05824552866410604,True,0.20000000298023224,9.510975256074543e-14,0.20000000298032736,True,True
46,17,0.0611637607216835,0.001,True,True,True,0.06121402210811788,True,0.20000000298023224,9.510975256074543e-14,0.20000000298032736,True,True
46,18,0.06398803740739822,0.001,True,True,True,0.0638377357598765,True,0.20000000298023224,9.510975256074543e-14,0.20000000298032736,True,True
46,19,0.06647911667823792,0.001,True,True,True,0.06615725607830325,True,0.20000000298023224,9.510975256074543e-14,0.20000000298032736,True,True
46,20,0.06868124008178711,0.001,True,True,True,0.06821133400304791,True,0.20000000298023224,6.79093035880553e-14,0.20000000298030016,True,True
47,1,0.0044786930084228516,0.001,True,True,True,0.004176558446204626,True,0.20000000298023224,4.003796646730315e-15,0.20000000298023624,True,True
47,2,0.005457386374473572,0.001,True,True,True,0.005730457897766605,True,0.20000000298023224,4.003796646730315e-15,0.20000000298023624,True,True
47,3,0.006904546171426773,0.001,True,True,True,0.007676644505913044,True,0.20000000298023224,4.003796646730315e-15,0.20000000298023624,True,True
47,4,0.008770842105150223,0.001,True,True,True,0.009952243788677373,True,0.20000000298023224,4.003796646730315e-15,0.20000000298023624,True,True
47,5,0.011003479361534119,0.001,True,True,True,0.012506001091347863,True,0.20000000298023224,4.003796646730315e-15,0.20000000298023624,True,True
47,6,0.01355026289820671,0.001,True,True,True,0.015293197782398071,True,0.20000000298023224,4.003796646730315e-15,0.20000000298023624,True,True
47,7,0.016359593719244003,0.001,True,True,True,0.018271082085578427,True,0.20000000298023224,4.003796646730315e-15,0.20000000298023624,True,True
47,8,0.019529324024915695,0.001,True,True,True,0.022589152344440144,True,0.20000000298023224,4.003796646730315e-15,0.20000000298023624,True,True
47,9,0.02587905153632164,0.001,True,True,True,0.030047673629604588,True,0.20000000298023224,4.003796646730315e-15,0.20000000298023624,True,True
47,10,0.03216071426868439,0.001,True,True,True,0.03573572640042533,True,0.20000000298023224,4.00379664674324e-15,0.20000000298023624,True,True
47,11,0.03791861608624458,0.001,True,True,True,0.04094376108909814,True,0.20000000298023224,4.003796646730315e-15,0.20000000298023624,True,True
47,12,0.04315385967493057,0.001,True,True,True,0.04567455742358251,True,0.20000000298023224,4.00379664671739e-15,0.20000000298023624,True,True
47,13,0.0478786900639534,0.001,True,True,True,0.04994020782369046,True,0.20000000298023224,4.003796646730315e-15,0.20000000298023624,True,True
47,14,0.052115049213171005,0.001,True,True,True,0.05376082481315958,True,0.20000000298023224,4.003796646730315e-15,0.20000000298023624,True,True
47,15,0.055892523378133774,0.001,True,True,True,0.05716292249386867,True,0.20000000298023224,4.003796646730315e-15,0.20000000298023624,True,True
47,16,0.05924606695771217,0.001,True,True,True,0.06017752979218982,True,0.20000000298023224,4.003796646730315e-15,0.20000000298023624,True,True
47,17,0.062214337289333344,0.001,True,True,True,0.06283892016647863,True,0.20000000298023224,4.003796646730315e-15,0.20000000298023624,True,True
47,18,0.06483796238899231,0.001,True,True,True,0.0651831771853777,True,0.20000000298023224,4.003796646730315e-15,0.20000000298023624,True,True
47,19,0.06715743243694305,0.001,True,True,True,0.06724636921830318,True,0.20000000298023224,4.003796646730315e-15,0.20000000298023624,True,True
47,20,0.06895621865987778,0.001,True,True,True,0.06803408973239211,True,0.20000000298023224,3.0761178603240384e-15,0.20000000298023532,True,True
48,1,0.005898766219615936,0.001,True,True,True,0.006113669281106182,True,0.20000000298023224,4.202902718667341e-12,0.20000000298443515,True,True
48,2,0.007383894175291061,0.001,True,True,True,0.007889933999011944,True,0.20000000298023224,4.202902718667341e-12,0.20000000298443515,True,True
48,3,0.009245812892913818,0.001,True,True,True,0.00996308744867408,True,0.20000000298023224,4.202902718667341e-12,0.20000000298443515,True,True
48,4,0.011437732726335526,0.001,True,True,True,0.012299938446264758,True,0.20000000298023224,4.202902718667341e-12,0.20000000298443515,True,True
48,5,0.013914979994297028,0.001,True,True,True,0.014867175305679547,True,0.20000000298023224,4.202902718667341e-12,0.20000000298443515,True,True
48,6,0.016634874045848846,0.001,True,True,True,0.017630321024300122,True,0.20000000298023224,4.202902718667341e-12,0.20000000298443515,True,True
48,7,0.0195542573928833,0.001,True,True,True,0.020551873447242186,True,0.20000000298023224,4.202902718667341e-12,0.20000000298443515,True,True
48,8,0.02490701526403427,0.001,True,True,True,0.027808376766915277,True,0.20000000298023224,4.202902718667341e-12,0.20000000298443515,True,True
48,9,0.03106272779405117,0.001,True,True,True,0.03345782631964711,True,0.20000000298023224,4.202902718667341e-12,0.20000000298443515,True,True
48,10,0.036746714264154434,0.001,True,True,True,0.03867189639442359,True,0.20000000298023224,4.202902718667354e-12,0.20000000298443515,True,True
48,11,0.041951872408390045,0.001,True,True,True,0.04344817915389587,True,0.20000000298023224,4.202902718667341e-12,0.20000000298443515,True,True
48,12,0.046680599451065063,0.001,True,True,True,0.047792185030315015,True,0.20000000298023224,4.202902718667328e-12,0.20000000298443515,True,True
48,13,0.05094477906823158,0.001,True,True,True,0.05171696712781315,True,0.20000000298023224,4.202902718667341e-12,0.20000000298443515,True,True
48,14,0.05476431921124458,0.001,True,True,True,0.055241737195666274,True,0.20000000298023224,4.202902718667341e-12,0.20000000298443515,True,True
48,15,0.05816565826535225,0.001,True,True,True,0.05839074662238297,True,0.20000000298023224,4.202902718667341e-12,0.20000000298443515,True,True
48,16,0.06117980182170868,0.001,True,True,True,0.061191714369242534,True,0.20000000298023224,4.202902718667341e-12,0.20000000298443515,True,True
48,17,0.06384086608886719,0.001,True,True,True,0.06367470608098902,True,0.20000000298023224,4.202902718667341e-12,0.20000000298443515,True,True
48,18,0.06618485599756241,0.001,True,True,True,0.06587122513155586,True,0.20000000298023224,4.202902718667341e-12,0.20000000298443515,True,True
48,19,0.0682479664683342,0.001,True,True,True,0.06781273860362447,True,0.20000000298023224,4.202902718667341e-12,0.20000000298443515,True,True
48,20,0.06903640180826187,0.001,True,True,True,0.06789686453262245,True,0.20000000298023224,3.1888401438389408e-12,0.20000000298342108,True,True
49,1,0.0076829977333545685,0.001,True,True,True,0.008096279133028295,True,0.20000000298023224,5.898224788053117e-13,0.20000000298082207,True,True
49,2,0.009351588785648346,0.001,True,True,True,0.01009165694113262,True,0.20000000298023224,5.898224788053117e-13,0.20000000298082207,True,True
49,3,0.01134428009390831,0.001,True,True,True,0.012346814286451013,True,0.20000000298023224,5.898224788053117e-13,0.20000000298082207,True,True
49,4,0.013618294149637222,0.001,True,True,True,0.014824017670649892,True,0.20000000298023224,5.898224788053117e-13,0.20000000298082207,True,True
49,5,0.01613391935825348,0.001,True,True,True,0.017489280595679002,True,0.20000000298023224,5.898224788053117e-13,0.20000000298082207,True,True
49,6,0.018852606415748596,0.001,True,True,True,0.0203093318317642,True,0.20000000298023224,5.898224788053117e-13,0.20000000298082207,True,True
49,7,0.02276148460805416,0.001,True,True,True,0.026605990526000878,True,0.20000000298023224,5.898224788053117e-13,0.20000000298082207,True,True
49,8,0.02882133051753044,0.001,True,True,True,0.03231999633715299,True,0.20000000298023224,5.898224788053117e-13,0.20000000298082207,True,True
49,9,0.034466348588466644,0.001,True,True,True,0.03745115301347968,True,0.20000000298023224,5.898224788053117e-13,0.20000000298082207,True,True
49,10,0.0396774485707283,0.001,True,True,True,0.04218585614118475,True,0.20000000298023224,5.898224788053247e-13,0.20000000298082207,True,True
49,11,0.04445166885852814,0.001,True,True,True,0.04652311298685807,True,0.20000000298023224,5.898224788053117e-13,0.20000000298082207,True,True
49,12,0.04879430681467056,0.001,True,True,True,0.050468544483962985,True,0.20000000298023224,5.898224788052988e-13,0.20000000298082207,True,True
49,13,0.052718210965394974,0.001,True,True,True,0.05403382579249516,True,0.20000000298023224,5.898224788053117e-13,0.20000000298082207,True,True
49,14,0.05624247342348099,0.001,True,True,True,0.05723579699613479,True,0.20000000298023224,5.898224788053117e-13,0.20000000298082207,True,True
49,15,0.05939117819070816,0.001,True,True,True,0.06009549956965721,True,0.20000000298023224,5.898224788053117e-13,0.20000000298082207,True,True
49,16,0.06219189986586571,0.001,True,True,True,0.06263700336398392,True,0.20000000298023224,5.898224788053117e-13,0.20000000298082207,True,True
49,17,0.06467478722333908,0.001,True,True,True,0.06488671004267244,True,0.20000000298023224,5.898224788053117e-13,0.20000000298082207,True,True
49,18,0.06687131524085999,0.001,True,True,True,0.0668723542829901,True,0.20000000298023224,5.898224788053117e-13,0.20000000298082207,True,True
49,19,0.06881272792816162,0.001,True,True,True,0.0686216096069735,True,0.20000000298023224,5.898224788053117e-13,0.20000000298082207,True,True
49,20,0.06889691948890686,0.001,True,True,True,0.06793183416666171,True,0.20000000298023224,7.035072895933637e-13,0.20000000298093576,True,True
50,1,0.009616553783416748,0.001,True,True,True,0.010284183916490719,True,0.20000000298023224,4.762326338128018e-15,0.200000002980237,True,True
50,2,0.011553715914487839,0.001,True,True,True,0.012404208235634151,True,0.20000000298023224,4.762326338128018e-15,0.200000002980237,True,True
50,3,0.013748709112405777,0.001,True,True,True,0.014735454885704324,True,0.20000000298023224,4.762326338128018e-15,0.200000002980237,True,True
50,4,0.016168702393770218,0.001,True,True,True,0.01724959911379398,True,0.20000000298023224,4.762326338128018e-15,0.200000002980237,True,True
50,5,0.018781468272209167,0.001,True,True,True,0.0199182090250567,True,0.20000000298023224,4.762326338128018e-15,0.200000002980237,True,True
50,6,0.022084470838308334,0.001,True,True,True,0.024842901350688118,True,0.20000000298023224,4.762326338128018e-15,0.200000002980237,True,True
50,7,0.02781660482287407,0.001,True,True,True,0.030935737089327064,True,0.20000000298023224,4.762326338128018e-15,0.200000002980237,True,True
50,8,0.03333239629864693,0.001,True,True,True,0.035972080996201306,True,0.20000000298023224,4.762326338128018e-15,0.200000002980237,True,True
50,9,0.03846020624041557,0.001,True,True,True,0.040650986828641766,True,0.20000000298023224,4.762326338128018e-15,0.200000002980237,True,True
50,10,0.043192461133003235,0.001,True,True,True,0.04496840691215809,True,0.20000000298023224,4.7623263381150935e-15,0.200000002980237,True,True
50,11,0.04752795025706291,0.001,True,True,True,0.04892552204755929,True,0.20000000298023224,4.762326338128018e-15,0.200000002980237,True,True
50,12,0.05147214233875275,0.001,True,True,True,0.052528850747759925,True,0.20000000298023224,4.762326338140943e-15,0.200000002980237,True,True
50,13,0.05503649264574051,0.001,True,True,True,0.05578962754048433,True,0.20000000298023224,4.762326338128018e-15,0.200000002980237,True,True
50,14,0.05823785439133644,0.001,True,True,True,0.05872339837400309,True,0.20000000298023224,4.762326338128018e-15,0.200000002980237,True,True
50,15,0.06109705939888954,0.001,True,True,True,0.06134883396607471,True,0.20000000298023224,4.762326338128018e-15,0.200000002980237,True,True
50,16,0.06363824754953384,0.001,True,True,True,0.06368727977139399,True,0.20000000298023224,4.762326338128018e-15,0.200000002980237,True,True
50,17,0.06588783115148544,0.001,True,True,True,0.06576195060781609,True,0.20000000298023224,4.762326338128018e-15,0.200000002980237,True,True
50,18,0.0678732618689537,0.001,True,True,True,0.0675968445546512,True,0.20000000298023224,4.762326338128018e-15,0.200000002980237,True,True
50,19,0.06962250918149948,0.001,True,True,True,0.06921637367579703,True,0.20000000298023224,4.762326338128018e-15,0.200000002980237,True,True
50,20,0.06893308460712433,0.001,True,True,True,0.06786008501727647,True,0.20000000298023224,5.562461428525282e-15,0.2000000029802378,True,True
51,1,0.011726099997758865,0.001,True,True,True,0.012525024443513555,True,0.20000000298023224,3.724868226081341e-14,0.2000000029802695,True,True
51,2,0.013781916350126266,0.001,True,True,True,0.014719680553394232,True,0.20000000298023224,3.724868226081341e-14,0.2000000029802695,True,True
51,3,0.01605861261487007,0.001,True,True,True,0.017092523100991797,True,0.20000000298023224,3.724868226081341e-14,0.2000000029802695,True,True
51,4,0.018525168299674988,0.001,True,True,True,0.019618557272985726,True,0.20000000298023224,3.724868226081341e-14,0.2000000029802695,True,True
51,5,0.021344535052776337,0.001,True,True,True,0.023473028979250077,True,0.20000000298023224,3.724868226081341e-14,0.2000000029802695,True,True
51,6,0.02656872756779194,0.001,True,True,True,0.029803426955066548,True,0.20000000298023224,3.724868226081341e-14,0.2000000029802695,True,True
51,7,0.031948890537023544,0.001,True,True,True,0.03471832540066999,True,0.20000000298023224,3.724868226081341e-14,0.2000000029802695,True,True
51,8,0.036981482058763504,0.001,True,True,True,0.039313962966415095,True,0.20000000298023224,3.724868226081341e-14,0.2000000029802695,True,True
51,9,0.04165755584836006,0.001,True,True,True,0.04358396881765525,True,0.20000000298023224,3.724868226081341e-14,0.2000000029802695,True,True
51,10,0.045972950756549835,0.001,True,True,True,0.04752614399110944,True,0.20000000298023224,3.7248682260800485e-14,0.2000000029802695,True,True
51,11,0.049928613007068634,0.001,True,True,True,0.05114233442861016,True,0.20000000298023224,3.724868226081341e-14,0.2000000029802695,True,True
51,12,0.05353092774748802,0.001,True,True,True,0.05443881590020039,True,0.20000000298023224,3.7248682260826335e-14,0.2000000029802695,True,True
51,13,0.05679105594754219,0.001,True,True,True,0.057425731528253365,True,0.20000000298023224,3.724868226081341e-14,0.2000000029802695,True,True
51,14,0.059724316000938416,0.001,True,True,True,0.0601166083797543,True,0.20000000298023224,3.724868226081341e-14,0.2000000029802695,True,True
51,15,0.062349479645490646,0.001,True,True,True,0.06252789356459554,True,0.20000000298023224,3.724868226081341e-14,0.2000000029802695,True,True
51,16,0.06468774378299713,0.001,True,True,True,0.06467807227744715,True,0.20000000298023224,3.724868226081341e-14,0.2000000029802695,True,True
51,17,0.06676219403743744,0.001,True,True,True,0.06658732471504958,True,0.20000000298023224,3.724868226081341e-14,0.2000000029802695,True,True
51,18,0.06859706342220306,0.001,True,True,True,0.06827688011576927,True,0.20000000298023224,3.724868226081341e-14,0.2000000029802695,True,True
51,19,0.07021652907133102,0.001,True,True,True,0.06976796799551932,True,0.20000000298023224,3.724868226081341e-14,0.2000000029802695,True,True
51,20,0.06886035203933716,0.001,True,True,True,0.06782281796002343,True,0.20000000298023224,2.699127588941424e-14,0.20000000298025922,True,True
52,1,0.013905853033065796,0.001,True,True,True,0.014794540568422831,True,0.20000000298023224,4.287156937181112e-12,0.2000000029845194,True,True
52,2,0.01604754477739334,0.001,True,True,True,0.017032218203883787,True,0.20000000298023224,4.287156937181112e-12,0.2000000029845194,True,True
52,3,0.018373645842075348,0.001,True,True,True,0.019422243254316074,True,0.20000000298023224,4.287156937181112e-12,0.2000000029845194,True,True
52,4,0.020915187895298004,0.001,True,True,True,0.02256832001362008,True,0.20000000298023224,4.287156937181112e-12,0.2000000029845194,True,True
52,5,0.025597048923373222,0.001,True,True,True,0.02895321995237865,True,0.20000000298023224,4.287156937181112e-12,0.2000000029845194,True,True
52,6,0.030817655846476555,0.001,True,True,True,0.03371768274354048,True,0.20000000298023224,4.287156937181112e-12,0.2000000029845194,True,True
52,7,0.03572869300842285,0.001,True,True,True,0.03819706222590025,True,0.20000000298023224,4.287156937181112e-12,0.2000000029845194,True,True
52,8,0.04032134637236595,0.001,True,True,True,0.04238529493971599,True,0.20000000298023224,4.287156937181112e-12,0.2000000029845194,True,True
52,9,0.04458928853273392,0.001,True,True,True,0.04627828792446187,True,0.20000000298023224,4.287156937181112e-12,0.2000000029845194,True,True
52,10,0.048529934138059616,0.001,True,True,True,0.0498748654590655,True,0.20000000298023224,4.287156937180272e-12,0.2000000029845194,True,True
52,11,0.05214497447013855,0.001,True,True,True,0.053177244175309224,True,0.20000000298023224,4.287156937181112e-12,0.2000000029845194,True,True
52,12,0.055440664291381836,0.001,True,True,True,0.05619136086670462,True,0.20000000298023224,4.287156937181125e-12,0.2000000029845194,True,True
52,13,0.05842699110507965,0.001,True,True,True,0.05892617191852856,True,0.20000000298023224,4.287156937181112e-12,0.2000000029845194,True,True
52,14,0.0611175075173378,0.001,True,True,True,0.061393637481565455,True,0.20000000298023224,4.287156937181112e-12,0.2000000029845194,True,True
52,15,0.06352849304676056,0.001,True,True,True,0.0636079771959075,True,0.20000000298023224,4.287156937181112e-12,0.2000000029845194,True,True
52,16,0.06567849963903427,0.001,True,True,True,0.06558539463299318,True,0.20000000298023224,4.287156937181112e-12,0.2000000029845194,True,True
52,17,0.06758765876293182,0.001,True,True,True,0.0673434646104859,True,0.20000000298023224,4.287156937181112e-12,0.2000000029845194,True,True
52,18,0.06927718222141266,0.001,True,True,True,0.06890074817077674,True,0.20000000298023224,4.287156937181112e-12,0.2000000029845194,True,True
52,19,0.07076818495988846,0.001,True,True,True,0.07027570070016032,True,0.20000000298023224,4.287156937181112e-12,0.2000000029845194,True,True
52,20,0.06882314383983612,0.001,True,True,True,0.06778142316099867,True,0.20000000298023224,4.431488720996811e-12,0.20000000298466372,True,True
53,1,0.016128908842802048,0.001,True,True,True,0.01707877361596183,True,0.20000000298023224,1.674086896381973e-13,0.20000000298039966,True,True
53,2,0.018323257565498352,0.001,True,True,True,0.01933981862087275,True,0.20000000298023224,1.674086896381973e-13,0.20000000298039966,True,True
53,3,0.02069046162068844,0.001,True,True,True,0.02207253467638337,True,0.20000000298023224,1.674086896381973e-13,0.20000000298039966,True,True
53,4,0.02493026852607727,0.001,True,True,True,0.02842866102865582,True,0.20000000298023224,1.674086896381973e-13,0.20000000298039966,True,True
53,5,0.029969017952680588,0.001,True,True,True,0.03302546415028573,True,0.20000000298023224,1.674086896381973e-13,0.20000000298039966,True,True
53,6,0.03472938761115074,0.001,True,True,True,0.03736355706063332,True,0.20000000298023224,1.674086896381973e-13,0.20000000298039966,True,True
53,7,0.0392056405544281,0.001,True,True,True,0.04144071019547757,True,0.20000000298023224,1.674086896381973e-13,0.20000000298039966,True,True
53,8,0.04339151829481125,0.001,True,True,True,0.04525336507488953,True,0.20000000298023224,1.674086896381973e-13,0.20000000298039966,True,True
53,9,0.04728278890252113,0.001,True,True,True,0.048799130469801555,True,0.20000000298023224,1.674086896381973e-13,0.20000000298039966,True,True
53,10,0.05087806284427643,0.001,True,True,True,0.05207761044336201,True,0.20000000298023224,1.6740868963818438e-13,0.20000000298039966,True,True
53,11,0.05417951941490173,0.001,True,True,True,0.055091157517392575,True,0.20000000298023224,1.674086896381973e-13,0.20000000298039966,True,True
53,12,0.05719294771552086,0.001,True,True,True,0.057845041449647305,True,0.20000000298023224,1.6740868963810683e-13,0.20000000298039966,True,True
53,13,0.05992730334401131,0.001,True,True,True,0.060347123963181315,True,0.20000000298023224,1.674086896381973e-13,0.20000000298039966,True,True
53,14,0.06239445134997368,0.001,True,True,True,0.06260770535221472,True,0.20000000298023224,1.674086896381973e-13,0.20000000298039966,True,True
53,15,0.06460852921009064,0.001,True,True,True,0.06463902101873653,True,0.20000000298023224,1.674086896381973e-13,0.20000000298039966,True,True
53,16,0.06658580154180527,0.001,True,True,True,0.06645518633317937,True,0.20000000298023224,1.674086896381973e-13,0.20000000298039966,True,True
53,17,0.06834381073713303,0.001,True,True,True,0.06807145369584844,True,0.20000000298023224,1.674086896381973e-13,0.20000000298039966,True,True
53,18,0.0699009820818901,0.001,True,True,True,0.0695038885677226,True,0.20000000298023224,1.674086896381973e-13,0.20000000298039966,True,True
53,19,0.07127591222524643,0.001,True,True,True,0.07076874038153613,True,0.20000000298023224,1.674086896381973e-13,0.20000000298039966,True,True
53,20,0.06878171116113663,0.001,True,True,True,0.06774833093863841,True,0.20000000298023224,2.2439761143163522e-13,0.20000000298045664,True,True
54,1,0.01837710291147232,0.001,True,True,True,0.01935765364145936,True,0.20000000298023224,4.104247541091971e-13,0.20000000298064266,True,True
54,2,0.020613722503185272,0.001,True,True,True,0.02182664100346643,True,0.20000000298023224,4.104247541091971e-13,0.20000000298064266,True,True
54,3,0.024593431502580643,0.001,True,True,True,0.027652552583069423,True,0.20000000298023224,4.104247541091971e-13,0.20000000298064266,True,True
54,4,0.02944580838084221,0.001,True,True,True,0.03206957628677043,True,0.20000000298023224,4.104247541091971e-13,0.20000000298064266,True,True
54,5,0.03403840214014053,0.001,True,True,True,0.036267975445739564,True,0.20000000298023224,4.104247541091971e-13,0.20000000298064266,True,True
54,6,0.03837323933839798,0.001,True,True,True,0.040239689820444347,True,0.20000000298023224,4.104247541091971e-13,0.20000000298064266,True,True
54,7,0.04244789853692055,0.001,True,True,True,0.043977872313414546,True,0.20000000298023224,4.104247541091971e-13,0.20000000298064266,True,True
54,8,0.046258676797151566,0.001,True,True,True,0.047477219492749634,True,0.20000000298023224,4.104247541091971e-13,0.20000000298064266,True,True
54,9,0.04980302229523659,0.001,True,True,True,0.050734951590471034,True,0.20000000298023224,4.104247541091971e-13,0.20000000298064266,True,True
54,10,0.053080376237630844,0.001,True,True,True,0.05375058345981254,True,0.20000000298023224,4.104247541091842e-13,0.20000000298064266,True,True
54,11,0.05609319359064102,0.001,True,True,True,0.056526533491430886,True,0.20000000298023224,4.104247541091971e-13,0.20000000298064266,True,True
54,12,0.058846473693847656,0.001,True,True,True,0.059067438780468606,True,0.20000000298023224,4.104247541093134e-13,0.20000000298064266,True,True
54,13,0.06134817749261856,0.001,True,True,True,0.0613804967695768,True,0.20000000298023224,4.104247541091971e-13,0.20000000298064266,True,True
54,14,0.06360842287540436,0.001,True,True,True,0.06347468570575954,True,0.20000000298023224,4.104247541091971e-13,0.20000000298064266,True,True
54,15,0.06563956290483475,0.001,True,True,True,0.06536091004896383,True,0.20000000298023224,4.104247541091971e-13,0.20000000298064266,True,True
54,16,0.06745557487010956,0.001,True,True,True,0.06705144585145317,True,0.20000000298023224,4.104247541091971e-13,0.20000000298064266,True,True
54,17,0.06907173246145248,0.001,True,True,True,0.0685596935494972,True,0.20000000298023224,4.104247541091971e-13,0.20000000298064266,True,True
54,18,0.07050412148237228,0.001,True,True,True,0.06989975286447248,True,0.20000000298023224,4.104247541091971e-13,0.20000000298064266,True,True
54,19,0.07176897674798965,0.001,True,True,True,0.07108582890412807,True,0.20000000298023224,4.104247541091971e-13,0.20000000298064266,True,True
54,20,0.06874866038560867,0.001,True,True,True,0.06767325772743271,True,0.20000000298023224,5.978653818446897e-13,0.2000000029808301,True,True
55,1,0.020600179210305214,0.001,True,True,True,0.02158555047375199,True,0.20000000298023224,5.092300940325907e-12,0.20000000298532453,True,True
55,2,0.024051226675510406,0.001,True,True,True,0.027423398967348467,True,0.20000000298023224,5.092300940325907e-12,0.20000000298532453,True,True
55,3,0.028669534251093864,0.001,True,True,True,0.031785700345481005,True,0.20000000298023224,5.092300940325907e-12,0.20000000298532453,True,True
55,4,0.03308235853910446,0.001,True,True,True,0.03581800168229399,True,0.20000000298023224,5.092300940325907e-12,0.20000000298532453,True,True
55,5,0.03727754205465317,0.001,True,True,True,0.03964067612806421,True,0.20000000298023224,5.092300940325907e-12,0.20000000298532453,True,True
55,6,0.041246794164180756,0.001,True,True,True,0.043254014728006385,True,0.20000000298023224,5.092300940325907e-12,0.20000000298532453,True,True
55,7,0.04498299956321716,0.001,True,True,True,0.04665557599423342,True,0.20000000298023224,5.092300940325907e-12,0.20000000298532453,True,True
55,8,0.04848090559244156,0.001,True,True,True,0.04984253577719411,True,0.20000000298023224,5.092300940325907e-12,0.20000000298532453,True,True
55,9,0.051737476140260696,0.001,True,True,True,0.0528128677398787,True,0.20000000298023224,5.092300940325907e-12,0.20000000298532453,True,True
55,10,0.05475235730409622,0.001,True,True,True,0.055566352588704016,True,0.20000000298023224,5.092300940325894e-12,0.20000000298532453,True,True
55,11,0.05752772092819214,0.001,True,True,True,0.05810466569602368,True,0.20000000298023224,5.092300940325907e-12,0.20000000298532453,True,True
55,12,0.06006825342774391,0.001,True,True,True,0.060431577375620216,True,0.20000000298023224,5.092300940326023e-12,0.20000000298532453,True,True
55,13,0.062380991876125336,0.001,True,True,True,0.06255289067741188,True,0.20000000298023224,5.092300940325907e-12,0.20000000298532453,True,True
55,14,0.06447499990463257,0.001,True,True,True,0.06447619383596903,True,0.20000000298023224,5.092300940325907e-12,0.20000000298532453,True,True
55,15,0.06636112183332443,0.001,True,True,True,0.06621069903043053,True,0.20000000298023224,5.092300940325907e-12,0.20000000298532453,True,True
55,16,0.06805162131786346,0.001,True,True,True,0.0677669180546554,True,0.20000000298023224,5.092300940325907e-12,0.20000000298532453,True,True
55,17,0.06955980509519577,0.001,True,True,True,0.0691563482019174,True,0.20000000298023224,5.092300940325907e-12,0.20000000298532453,True,True
55,18,0.07089976221323013,0.001,True,True,True,0.07039124113345308,True,0.20000000298023224,5.092300940325907e-12,0.20000000298532453,True,True
55,19,0.07208584249019623,0.001,True,True,True,0.07148414894095678,True,0.20000000298023224,5.092300940325907e-12,0.20000000298532453,True,True
55,20,0.06867333501577377,0.001,True,True,True,0.06765206715771666,True,0.20000000298023224,6.151962151182768e-12,0.2000000029863842,True,True
56,1,0.024083198979496956,0.001,True,True,True,0.027267104286549326,True,0.20000000298023224,2.627290631368404e-11,0.20000000300650514,True,True
56,2,0.028555655851960182,0.001,True,True,True,0.031372544124882995,True,0.20000000298023224,2.627290631368404e-11,0.20000000300650514,True,True
56,3,0.03279982507228851,0.001,True,True,True,0.035217091279563406,True,0.20000000298023224,2.627290631368404e-11,0.20000000300650514,True,True
56,4,0.03682887181639671,0.001,True,True,True,0.03888811508449275,True,0.20000000298023224,2.627290631368404e-11,0.20000000300650514,True,True
56,5,0.040648989379405975,0.001,True,True,True,0.042380226376134256,True,0.20000000298023224,2.627290631368404e-11,0.20000000300650514,True,True
56,6,0.04426036402583122,0.001,True,True,True,0.04568789902031101,True,0.20000000298023224,2.627290631368404e-11,0.20000000300650514,True,True
56,7,0.04766034334897995,0.001,True,True,True,0.04880600566585125,True,0.20000000298023224,2.627290631368404e-11,0.20000000300650514,True,True
56,8,0.05084613338112831,0.001,True,True,True,0.051730927086707346,True,0.20000000298023224,2.627290631368404e-11,0.20000000300650514,True,True
56,9,0.05381552875041962,0.001,True,True,True,0.054460272146136135,True,0.20000000298023224,2.627290631368404e-11,0.20000000300650514,True,True
56,10,0.056568317115306854,0.001,True,True,True,0.05699378087711193,True,0.20000000298023224,2.6272906313684027e-11,0.20000000300650514,True,True
56,11,0.05910612642765045,0.001,True,True,True,0.05933288400434422,True,0.20000000298023224,2.627290631368404e-11,0.20000000300650514,True,True
56,12,0.06143266335129738,0.001,True,True,True,0.06148086129096808,True,0.20000000298023224,2.6272906313684156e-11,0.20000000300650514,True,True
56,13,0.06355369836091995,0.001,True,True,True,0.06344278544164261,True,0.20000000298023224,2.627290631368404e-11,0.20000000300650514,True,True
56,14,0.06547678261995316,0.001,True,True,True,0.06522524841508226,True,0.20000000298023224,2.627290631368404e-11,0.20000000300650514,True,True
56,15,0.06721112877130508,0.001,True,True,True,0.06683630397921525,True,0.20000000298023224,2.627290631368404e-11,0.20000000300650514,True,True
56,16,0.06876718997955322,0.001,True,True,True,0.06828506242392429,True,0.20000000298023224,2.627290631368404e-11,0.20000000300650514,True,True
56,17,0.07015656679868698,0.001,True,True,True,0.06958166390228226,True,0.20000000298023224,2.627290631368404e-11,0.20000000300650514,True,True
56,18,0.07139146327972412,0.001,True,True,True,0.07073676077964453,True,0.20000000298023224,2.627290631368404e-11,0.20000000300650514,True,True
56,19,0.07248435914516449,0.001,True,True,True,0.07176124988535881,True,0.20000000298023224,2.627290631368404e-11,0.20000000300650514,True,True
56,20,0.06865230202674866,0.001,True,True,True,0.06758690244383991,True,0.20000000298023224,2.396768963252332e-11,0.20000000300419993,True,True
57,1,0.028378155082464218,0.001,True,True,True,0.031175592677046282,True,0.20000000298023224,2.8084759220067275e-11,0.200000003008317,True,True
57,2,0.03238673135638237,0.001,True,True,True,0.034786007825477694,True,0.20000000298023224,2.8084759220067275e-11,0.200000003008317,True,True
57,3,0.036228105425834656,0.001,True,True,True,0.03827165446250613,True,0.20000000298023224,2.8084759220067275e-11,0.200000003008317,True,True
57,4,0.03989659249782562,0.001,True,True,True,0.04161640844772729,True,0.20000000298023224,2.8084759220067275e-11,0.200000003008317,True,True
57,5,0.04338670149445534,0.001,True,True,True,0.044808680408055857,True,0.20000000298023224,2.8084759220067275e-11,0.200000003008317,True,True
57,6,0.04669266194105148,0.001,True,True,True,0.047839391298842626,True,0.20000000298023224,2.8084759220067275e-11,0.200000003008317,True,True
57,7,0.04980956390500069,0.001,True,True,True,0.050701936141191895,True,0.20000000298023224,2.8084759220067275e-11,0.200000003008317,True,True
57,8,0.05273351073265076,0.001,True,True,True,0.05339156273360224,True,0.20000000298023224,2.8084759220067275e-11,0.200000003008317,True,True
57,9,0.055462148040533066,0.001,True,True,True,0.055905416748331715,True,0.20000000298023224,2.8084759220067275e-11,0.200000003008317,True,True
57,10,0.05799507722258568,0.001,True,True,True,0.058242698264397874,True,0.20000000298023224,2.8084759220067262e-11,0.200000003008317,True,True
57,11,0.06033375486731529,0.001,True,True,True,0.06040438233296719,True,0.20000000298023224,2.8084759220067275e-11,0.200000003008317,True,True
57,12,0.06248142570257187,0.001,True,True,True,0.062393108364023786,True,0.20000000298023224,2.808475922006739e-11,0.200000003008317,True,True
57,13,0.0644431859254837,0.001,True,True,True,0.06421317911326208,True,0.20000000298023224,2.8084759220067275e-11,0.200000003008317,True,True
57,14,0.06622549146413803,0.001,True,True,True,0.06587011782221053,True,0.20000000298023224,2.8084759220067275e-11,0.200000003008317,True,True
57,15,0.06783649325370789,0.001,True,True,True,0.06737098813130993,True,0.20000000298023224,2.8084759220067275e-11,0.200000003008317,True,True
57,16,0.06928520649671555,0.001,True,True,True,0.0687236089477199,True,0.20000000298023224,2.8084759220067275e-11,0.200000003008317,True,True
57,17,0.07058176398277283,0.001,True,True,True,0.0699368258789057,True,0.20000000298023224,2.8084759220067275e-11,0.200000003008317,True,True
57,18,0.07173684984445572,0.001,True,True,True,0.07101998219907868,True,0.20000000298023224,2.8084759220067275e-11,0.200000003008317,True,True
57,19,0.07276125997304916,0.001,True,True,True,0.07198251576332537,True,0.20000000298023224,2.8084759220067275e-11,0.200000003008317,True,True
57,20,0.06858693063259125,0.001,True,True,True,0.0675307954124047,True,0.20000000298023224,2.5955091368976336e-11,0.20000000300618734,True,True
58,1,0.03218989446759224,0.001,True,True,True,0.034858749474311335,True,0.20000000298023224,1.6061452327624713e-15,0.20000000298023385,True,True
58,2,0.03579717501997948,0.001,True,True,True,0.038259585562299026,True,0.20000000298023224,1.6061452327624713e-15,0.20000000298023385,True,True
58,3,0.03928028419613838,0.001,True,True,True,0.04148221060670243,True,0.20000000298023224,1.6061452327624713e-15,0.20000000298023385,True,True
58,4,0.042623087763786316,0.001,True,True,True,0.04454425292259223,True,0.20000000298023224,1.6061452327624713e-15,0.20000000298023385,True,True
58,5,0.04581371322274208,0.001,True,True,True,0.047452941577366126,True,0.20000000298023224,1.6061452327624713e-15,0.20000000298023385,True,True
58,6,0.04884321615099907,0.001,True,True,True,0.050209803640474227,True,0.20000000298023224,1.6061452327624713e-15,0.20000000298023385,True,True
58,7,0.05170474946498871,0.001,True,True,True,0.05281354095814217,True,0.20000000298023224,1.6061452327624713e-15,0.20000000298023385,True,True
58,8,0.054393600672483444,0.001,True,True,True,0.05526217393328303,True,0.20000000298023224,1.6061452327624713e-15,0.20000000298023385,True,True
58,9,0.05690690129995346,0.001,True,True,True,0.05755394353140064,True,0.20000000298023224,1.6061452327624713e-15,0.20000000298023385,True,True
58,10,0.059243787080049515,0.001,True,True,True,0.05968814068564898,True,0.20000000298023224,1.6061452327495466e-15,0.20000000298023385,True,True
58,11,0.06140511855483055,0.001,True,True,True,0.06166522049573342,True,0.20000000298023224,1.6061452327624713e-15,0.20000000298023385,True,True
58,12,0.06339361518621445,0.001,True,True,True,0.06348716118876296,True,0.20000000298023224,1.6061452327495466e-15,0.20000000298023385,True,True
58,13,0.06521347910165787,0.001,True,True,True,0.06515719905252437,True,0.20000000298023224,1.6061452327624713e-15,0.20000000298023385,True,True
58,14,0.06687033921480179,0.001,True,True,True,0.06667985434419599,True,0.20000000298023224,1.6061452327624713e-15,0.20000000298023385,True,True
58,15,0.06837110221385956,0.001,True,True,True,0.06806083649367434,True,0.20000000298023224,1.6061452327624713e-15,0.20000000298023385,True,True
58,16,0.06972367316484451,0.001,True,True,True,0.06930679364876247,True,0.20000000298023224,1.6061452327624713e-15,0.20000000298023385,True,True
58,17,0.07093684375286102,0.001,True,True,True,0.07042521954802639,True,0.20000000298023224,1.6061452327624713e-15,0.20000000298023385,True,True
58,18,0.07202000170946121,0.001,True,True,True,0.07142419960306268,True,0.20000000298023224,1.6061452327624713e-15,0.20000000298023385,True,True
58,19,0.07298260927200317,0.001,True,True,True,0.0723119169354085,True,0.20000000298023224,1.6061452327624713e-15,0.20000000298023385,True,True
58,20,0.0685308650135994,0.001,True,True,True,0.06751243266284401,True,0.20000000298023224,1.2747269816839797e-15,0.20000000298023352,True,True
59,1,0.03587055206298828,0.001,True,True,True,0.038187675241413976,True,0.20000000298023224,2.93756449370136e-15,0.20000000298023518,True,True
59,2,0.03926917538046837,0.001,True,True,True,0.041267616849678834,True,0.20000000298023224,2.93756449370136e-15,0.20000000298023518,True,True
59,3,0.042489927262067795,0.001,True,True,True,0.044200904449131606,True,0.20000000298023224,2.93756449370136e-15,0.20000000298023518,True,True
59,4,0.045550331473350525,0.001,True,True,True,0.04699583947476493,True,0.20000000298023224,2.93756449370136e-15,0.20000000298023518,True,True
59,5,0.048457734286785126,0.001,True,True,True,0.04965516664121483,True,0.20000000298023224,2.93756449370136e-15,0.20000000298023518,True,True
59,6,0.05121353641152382,0.001,True,True,True,0.052178316523665114,True,0.20000000298023224,2.93756449370136e-15,0.20000000298023518,True,True
59,7,0.05381644517183304,0.001,True,True,True,0.05456345618869596,True,0.20000000298023224,2.93756449370136e-15,0.20000000298023518,True,True
59,8,0.05626440420746803,0.001,True,True,True,0.05680855103943583,True,0.20000000298023224,2.93756449370136e-15,0.20000000298023518,True,True
59,9,0.05855562537908554,0.001,True,True,True,0.05891200799861673,True,0.20000000298023224,2.93756449370136e-15,0.20000000298023518,True,True
59,10,0.060689374804496765,0.001,True,True,True,0.06087322127351513,True,0.20000000298023224,2.9375644937659836e-15,0.20000000298023518,True,True
59,11,0.0626661479473114,0.001,True,True,True,0.06269262346465376,True,0.20000000298023224,2.93756449370136e-15,0.20000000298023518,True,True
59,12,0.06448786705732346,0.001,True,True,True,0.06437189670808396,True,0.20000000298023224,2.9375644937659836e-15,0.20000000298023518,True,True
59,13,0.06615772098302841,0.001,True,True,True,0.06591377550688249,True,0.20000000298023224,2.93756449370136e-15,0.20000000298023518,True,True
59,14,0.06768026947975159,0.001,True,True,True,0.0673221866555096,True,0.20000000298023224,2.93756449370136e-15,0.20000000298023518,True,True
59,15,0.06906111538410187,0.001,True,True,True,0.06860195030571559,True,0.20000000298023224,2.93756449370136e-15,0.20000000298023518,True,True
59,16,0.07030701637268066,0.001,True,True,True,0.0697589105307701,True,0.20000000298023224,2.93756449370136e-15,0.20000000298023518,True,True
59,17,0.07142546027898788,0.001,True,True,True,0.07079955227710932,True,0.20000000298023224,2.93756449370136e-15,0.20000000298023518,True,True
59,18,0.07242437452077866,0.001,True,True,True,0.07173073454219192,True,0.20000000298023224,2.93756449370136e-15,0.20000000298023518,True,True
59,19,0.07331199944019318,0.001,True,True,True,0.07255959590992678,True,0.20000000298023224,2.93756449370136e-15,0.20000000298023518,True,True
59,20,0.0685126781463623,0.001,True,True,True,0.0674592989492635,True,0.20000000298023224,2.4917384412872254e-15,0.20000000298023474,True,True
60,1,0.03919734060764313,0.001,True,True,True,0.04119249062186214,True,0.20000000298023224,2.8058968715456924e-15,0.20000000298023504,True,True
60,2,0.04227539896965027,0.001,True,True,True,0.04398821647440598,True,0.20000000298023224,2.8058968715456924e-15,0.20000000298023504,True,True
60,3,0.04520709067583084,0.001,True,True,True,0.046658953563754046,True,0.20000000298023224,2.8058968715456924e-15,0.20000000298023504,True,True
60,4,0.04800074175000191,0.001,True,True,True,0.04920946306715568,True,0.20000000298023224,2.8058968715456924e-15,0.20000000298023504,True,True
60,5,0.050659000873565674,0.001,True,True,True,0.051640396916689424,True,0.20000000298023224,2.8058968715456924e-15,0.20000000298023504,True,True
60,6,0.05318126827478409,0.001,True,True,True,0.05395015264175029,True,0.20000000298023224,2.8058968715456924e-15,0.20000000298023504,True,True
60,7,0.055565666407346725,0.001,True,True,True,0.05613639565563611,True,0.20000000298023224,2.8058968715456924e-15,0.20000000298023504,True,True
60,8,0.05781020596623421,0.001,True,True,True,0.0581969574901563,True,0.20000000298023224,2.8058968715456924e-15,0.20000000298023504,True,True
60,9,0.05991322547197342,0.001,True,True,True,0.060130067749896265,True,0.20000000298023224,2.8058968715456924e-15,0.20000000298023504,True,True
60,10,0.06187409907579422,0.001,True,True,True,0.06193497382190405,True,0.20000000298023224,2.8058968715327677e-15,0.20000000298023504,True,True
60,11,0.06369327008724213,0.001,True,True,True,0.06361190181322918,True,0.20000000298023224,2.8058968715456924e-15,0.20000000298023504,True,True
60,12,0.06537230312824249,0.001,True,True,True,0.06516206225589061,True,0.20000000298023224,2.8058968715327677e-15,0.20000000298023504,True,True
60,13,0.06691407412290573,0.001,True,True,True,0.06658787228841323,True,0.20000000298023224,2.8058968715456924e-15,0.20000000298023504,True,True
60,14,0.06832236796617508,0.001,True,True,True,0.06789252478447794,True,0.20000000298023224,2.8058968715456924e-15,0.20000000298023504,True,True
60,15,0.0696021318435669,0.001,True,True,True,0.06908026847581439,True,0.20000000298023224,2.8058968715456924e-15,0.20000000298023504,True,True
60,16,0.07075902074575424,0.001,True,True,True,0.07015596698554716,True,0.20000000298023224,2.8058968715456924e-15,0.20000000298023504,True,True
60,17,0.07179960608482361,0.001,True,True,True,0.07112532396024196,True,0.20000000298023224,2.8058968715456924e-15,0.20000000298023504,True,True
60,18,0.07273074239492416,0.001,True,True,True,0.07199427638198697,True,0.20000000298023224,2.8058968715456924e-15,0.20000000298023504,True,True
60,19,0.07355964928865433,0.001,True,True,True,0.0727691004996015,True,0.20000000298023224,2.8058968715456924e-15,0.20000000298023504,True,True
60,20,0.06845936924219131,0.001,True,True,True,0.06741327702204414,True,0.20000000298023224,2.3805660841256895e-15,0.20000000298023463,True,True
61,1,0.04220033064484596,0.001,True,True,True,0.04392245164667097,True,0.20000000298023224,1.3842504353645534e-15,0.20000000298023363,True,True
61,2,0.044994574040174484,0.001,True,True,True,0.046469311065470476,True,0.20000000298023224,1.3842504353645534e-15,0.20000000298023363,True,True
61,3,0.047664035111665726,0.001,True,True,True,0.04890552235557988,True,0.20000000298023224,1.3842504353645534e-15,0.20000000298023363,True,True
61,4,0.05021347478032112,0.001,True,True,True,0.05123509700425255,True,0.20000000298023224,1.3842504353645534e-15,0.20000000298023363,True,True
61,5,0.05264350399374962,0.001,True,True,True,0.053458259404611796,True,0.20000000298023224,1.3842504353645534e-15,0.20000000298023363,True,True
61,6,0.05495256558060646,0.001,True,True,True,0.055573344022420534,True,0.20000000298023224,1.3842504353645534e-15,0.20000000298023363,True,True
61,7,0.05713823810219765,0.001,True,True,True,0.05757789544225034,True,0.20000000298023224,1.3842504353645534e-15,0.20000000298023363,True,True
61,8,0.059198297560214996,0.001,True,True,True,0.05946971207006169,True,0.20000000298023224,1.3842504353645534e-15,0.20000000298023363,True,True
61,9,0.0611310712993145,0.001,True,True,True,0.06124707998825063,True,0.20000000298023224,1.3842504353645534e-15,0.20000000298023363,True,True
61,10,0.0629357099533081,0.001,True,True,True,0.06290903665838399,True,0.20000000298023224,1.3842504354033275e-15,0.20000000298023363,True,True
61,11,0.06461243331432343,0.001,True,True,True,0.06445558058750633,True,0.20000000298023224,1.3842504353645534e-15,0.20000000298023363,True,True
61,12,0.06616248935461044,0.001,True,True,True,0.06588762215339339,True,0.20000000298023224,1.3842504354033275e-15,0.20000000298023363,True,True
61,13,0.06758811324834824,0.001,True,True,True,0.06720696048864339,True,0.20000000298023224,1.3842504353645534e-15,0.20000000298023363,True,True
61,14,0.06889273971319199,0.001,True,True,True,0.06841648037361447,True,0.20000000298023224,1.3842504353645534e-15,0.20000000298023363,True,True
61,15,0.07008034735918045,0.001,True,True,True,0.06951953483015416,True,0.20000000298023224,1.3842504353645534e-15,0.20000000298023363,True,True
61,16,0.07115602493286133,0.001,True,True,True,0.07052049961071105,True,0.20000000298023224,1.3842504353645534e-15,0.20000000298023363,True,True
61,17,0.07212535291910172,0.001,True,True,True,0.07142418488486046,True,0.20000000298023224,1.3842504353645534e-15,0.20000000298023363,True,True
61,18,0.07299434393644333,0.001,True,True,True,0.07223578930648955,True,0.20000000298023224,1.3842504353645534e-15,0.20000000298023363,True,True
61,19,0.07376915961503983,0.001,True,True,True,0.07296063982838474,True,0.20000000298023224,1.3842504353645534e-15,0.20000000298023363,True,True
61,20,0.06841327250003815,0.001,True,True,True,0.06737015704412674,True,0.20000000298023224,1.1235725914050951e-15,0.20000000298023335,True,True
62,1,0.04492891952395439,0.001,True,True,True,0.046420032053627436,True,0.20000000298023224,1.6700733346483141e-15,0.2000000029802339,True,True
62,2,0.04747456684708595,0.001,True,True,True,0.04874909425303642,True,0.20000000298023224,1.6700733346483141e-15,0.2000000029802339,True,True
62,3,0.049909744411706924,0.001,True,True,True,0.05097603782770832,True,0.20000000298023224,1.6700733346483141e-15,0.2000000029802339,True,True
62,4,0.052238453179597855,0.001,True,True,True,0.05310613336266534,True,0.20000000298023224,1.6700733346483141e-15,0.2000000029802339,True,True
62,5,0.054460879415273666,0.001,True,True,True,0.05514033305142052,True,0.20000000298023224,1.6700733346483141e-15,0.2000000029802339,True,True
62,6,0.056575387716293335,0.001,True,True,True,0.0570775451033837,True,0.20000000298023224,1.6700733346483141e-15,0.2000000029802339,True,True
62,7,0.05857948586344719,0.001,True,True,True,0.05891561180898941,True,0.20000000298023224,1.6700733346483141e-15,0.2000000029802339,True,True
62,8,0.060470908880233765,0.001,True,True,True,0.06065249225685598,True,0.20000000298023224,1.6700733346483141e-15,0.2000000029802339,True,True
62,9,0.06224794313311577,0.001,True,True,True,0.06228653535973516,True,0.20000000298023224,1.6700733346483141e-15,0.2000000029802339,True,True
62,10,0.06390968710184097,0.001,True,True,True,0.06381679331698153,True,0.20000000298023224,1.6700733346870882e-15,0.2000000029802339,True,True
62,11,0.06545601040124893,0.001,True,True,True,0.06524295766453037,True,0.20000000298023224,1.6700733346483141e-15,0.2000000029802339,True,True
62,12,0.06688795238733292,0.001,True,True,True,0.06656578317223505,True,0.20000000298023224,1.6700733346870882e-15,0.2000000029802339,True,True
62,13,0.06820719689130783,0.001,True,True,True,0.06778656743204992,True,0.20000000298023224,1.6700733346483141e-15,0.2000000029802339,True,True
62,14,0.06941661238670349,0.001,True,True,True,0.06890769582511036,True,0.20000000298023224,1.6700733346483141e-15,0.2000000029802339,True,True
62,15,0.07051967829465866,0.001,True,True,True,0.06993209162347658,True,0.20000000298023224,1.6700733346483141e-15,0.2000000029802339,True,True
62,16,0.07152058184146881,0.001,True,True,True,0.07086330753224801,True,0.20000000298023224,1.6700733346483141e-15,0.2000000029802339,True,True
62,17,0.07242424786090851,0.001,True,True,True,0.0717055853958447,True,0.20000000298023224,1.6700733346483141e-15,0.2000000029802339,True,True
62,18,0.07323585450649261,0.001,True,True,True,0.0724633838850457,True,0.20000000298023224,1.6700733346483141e-15,0.2000000029802339,True,True
62,19,0.07396065443754196,0.001,True,True,True,0.0731412129286848,True,0.20000000298023224,1.6700733346483141e-15,0.2000000029802339,True,True
62,20,0.06837021559476852,0.001,True,True,True,0.06732963230397881,True,0.20000000298023224,1.3229722835440577e-15,0.20000000298023357,True,True
63,1,0.04742531478404999,0.001,True,True,True,0.04871983047787998,True,0.20000000298023224,4.77126005389537e-16,0.2000000029802327,True,True
63,2,0.04975343868136406,0.001,True,True,True,0.050857384563393615,True,0.20000000298023224,4.77126005389537e-16,0.2000000029802327,True,True
63,3,0.051979534327983856,0.001,True,True,True,0.05289691036105815,True,0.20000000298023224,4.77126005389537e-16,0.2000000029802327,True,True
63,4,0.05410896614193916,0.001,True,True,True,0.0548464150052006,True,0.20000000298023224,4.77126005389537e-16,0.2000000029802327,True,True
63,5,0.05614255368709564,0.001,True,True,True,0.05670829354045248,True,0.20000000298023224,4.77126005389537e-16,0.2000000029802327,True,True
63,6,0.05807923898100853,0.001,True,True,True,0.05848247919669314,True,0.20000000298023224,4.77126005389537e-16,0.2000000029802327,True,True
63,7,0.059916943311691284,0.001,True,True,True,0.06016750427710915,True,0.20000000298023224,4.77126005389537e-16,0.2000000029802327,True,True
63,8,0.06165347993373871,0.001,True,True,True,0.06176153592765299,True,0.20000000298023224,4.77126005389537e-16,0.2000000029802327,True,True
63,9,0.06328732520341873,0.001,True,True,True,0.06326322360575098,True,0.20000000298023224,4.77126005389537e-16,0.2000000029802327,True,True
63,10,0.06481736153364182,0.001,True,True,True,0.06467146137810353,True,0.20000000298023224,4.771260054283111e-16,0.2000000029802327,True,True
63,11,0.06624336540699005,0.001,True,True,True,0.06598591364989137,True,0.20000000298023224,4.77126005389537e-16,0.2000000029802327,True,True
63,12,0.06756604462862015,0.001,True,True,True,0.06720705904199942,True,0.20000000298023224,4.771260054283111e-16,0.2000000029802327,True,True
63,13,0.06878679245710373,0.001,True,True,True,0.06833595911584833,True,0.20000000298023224,4.77126005389537e-16,0.2000000029802327,True,True
63,14,0.06990783661603928,0.001,True,True,True,0.06937443346914085,True,0.20000000298023224,4.77126005389537e-16,0.2000000029802327,True,True
63,15,0.07093214988708496,0.001,True,True,True,0.07032496179321934,True,0.20000000298023224,4.77126005389537e-16,0.2000000029802327,True,True
63,16,0.07186340540647507,0.001,True,True,True,0.07119066690557485,True,0.20000000298023224,4.77126005389537e-16,0.2000000029802327,True,True
63,17,0.07270562648773193,0.001,True,True,True,0.07197496945740489,True,0.20000000298023224,4.77126005389537e-16,0.2000000029802327,True,True
63,18,0.07346342504024506,0.001,True,True,True,0.07268184247901921,True,0.20000000298023224,4.77126005389537e-16,0.2000000029802327,True,True
63,19,0.0741412490606308,0.001,True,True,True,0.0733150795067069,True,0.20000000298023224,4.77126005389537e-16,0.2000000029802327,True,True
63,20,0.06832966953516006,0.001,True,True,True,0.06729119588432597,True,0.20000000298023224,4.3100996128698464e-16,0.20000000298023268,True,True
64,1,0.04972431808710098,0.001,True,True,True,0.05085010061397699,True,0.20000000298023224,6.327893798120962e-11,0.20000000304351118,True,True
64,2,0.051861055195331573,0.001,True,True,True,0.05281806149171775,True,0.20000000298023224,6.327893798120962e-11,0.20000000304351118,True,True
64,3,0.05389993637800217,0.001,True,True,True,0.05468896331091333,True,0.20000000298023224,6.327893798120962e-11,0.20000000304351118,True,True
64,4,0.05584881082177162,0.001,True,True,True,0.05647422073504549,True,0.20000000298023224,6.327893798120962e-11,0.20000000304351118,True,True
64,5,0.057710207998752594,0.001,True,True,True,0.05817847207865334,True,0.20000000298023224,6.327893798120962e-11,0.20000000304351118,True,True
64,6,0.059484004974365234,0.001,True,True,True,0.05980287868213485,True,0.20000000298023224,6.327893798120962e-11,0.20000000304351118,True,True
64,7,0.06116863712668419,0.001,True,True,True,0.0613466649204677,True,0.20000000298023224,6.327893798120962e-11,0.20000000304351118,True,True
64,8,0.06276241689920425,0.001,True,True,True,0.06280861717527042,True,0.20000000298023224,6.327893798120962e-11,0.20000000304351118,True,True
64,9,0.06426388770341873,0.001,True,True,True,0.06418751238863607,True,0.20000000298023224,6.327893798120962e-11,0.20000000304351118,True,True
64,10,0.065671905875206,0.001,True,True,True,0.0654822774174233,True,0.20000000298023224,6.327893798120966e-11,0.20000000304351118,True,True
64,11,0.06698626279830933,0.001,True,True,True,0.06669264659618601,True,0.20000000298023224,6.327893798120962e-11,0.20000000304351118,True,True
64,12,0.06820733100175858,0.001,True,True,True,0.06781881110723631,True,0.20000000298023224,6.327893798120966e-11,0.20000000304351118,True,True
64,13,0.06933611631393433,0.001,True,True,True,0.06886151148973696,True,0.20000000298023224,6.327893798120962e-11,0.20000000304351118,True,True
64,14,0.07037457078695297,0.001,True,True,True,0.06982234555103006,True,0.20000000298023224,6.327893798120962e-11,0.20000000304351118,True,True
64,15,0.07132507860660553,0.001,True,True,True,0.07070327683535049,True,0.20000000298023224,6.327893798120962e-11,0.20000000304351118,True,True
64,16,0.07219072431325912,0.001,True,True,True,0.07150690898063683,True,0.20000000298023224,6.327893798120962e-11,0.20000000304351118,True,True
64,17,0.0729750245809555,0.001,True,True,True,0.07223622856905265,True,0.20000000298023224,6.327893798120962e-11,0.20000000304351118,True,True
64,18,0.07368181645870209,0.001,True,True,True,0.07289451042802375,True,0.20000000298023224,6.327893798120962e-11,0.20000000304351118,True,True
64,19,0.07431511580944061,0.001,True,True,True,0.073485192889575,True,0.20000000298023224,6.327893798120962e-11,0.20000000304351118,True,True
64,20,0.06829126179218292,0.001,True,True,True,0.06725483582822589,True,0.20000000298023224,5.802861238189887e-11,0.20000000303826085,True,True
65,1,0.051853831857442856,0.001,True,True,True,0.052642187750825076,True,0.20000000298023224,1.5168704386134772e-15,0.20000000298023377,True,True
65,2,0.053821176290512085,0.001,True,True,True,0.05436524289202216,True,0.20000000298023224,1.5168704386134772e-15,0.20000000298023377,True,True
65,3,0.05569150298833847,0.001,True,True,True,0.0560475324590155,True,0.20000000298023224,1.5168704386134772e-15,0.20000000298023377,True,True
65,4,0.05747628211975098,0.001,True,True,True,0.05767707240959208,True,0.20000000298023224,1.5168704386134772e-15,0.20000000298023377,True,True
65,5,0.0591801255941391,0.001,True,True,True,0.059245757129945176,True,0.20000000298023224,1.5168704386134772e-15,0.20000000298023377,True,True
65,6,0.06080414727330208,0.001,True,True,True,0.06074798066029241,True,0.20000000298023224,1.5168704386134772e-15,0.20000000298023377,True,True
65,7,0.06234772503376007,0.001,True,True,True,0.062179731119333836,True,0.20000000298023224,1.5168704386134772e-15,0.20000000298023377,True,True
65,8,0.06380942463874817,0.001,True,True,True,0.06353794676366165,True,0.20000000298023224,1.5168704386134772e-15,0.20000000298023377,True,True
65,9,0.06518805772066116,0.001,True,True,True,0.06482073872359351,True,0.20000000298023224,1.5168704386134772e-15,0.20000000298023377,True,True
65,10,0.06648273020982742,0.001,True,True,True,0.06602695126274605,True,0.20000000298023224,1.516870438626402e-15,0.20000000298023377,True,True
65,11,0.06769301742315292,0.001,True,True,True,0.06715607923942624,True,0.20000000298023224,1.5168704386134772e-15,0.20000000298023377,True,True
65,12,0.06881901621818542,0.001,True,True,True,0.06820817909219445,True,0.20000000298023224,1.516870438626402e-15,0.20000000298023377,True,True
65,13,0.06986171007156372,0.001,True,True,True,0.06918416449701359,True,0.20000000298023224,1.5168704386134772e-15,0.20000000298023377,True,True
65,14,0.07082246989011765,0.001,True,True,True,0.07008527298574585,True,0.20000000298023224,1.5168704386134772e-15,0.20000000298023377,True,True
65,15,0.07170336693525314,0.001,True,True,True,0.07091337245349516,True,0.20000000298023224,1.5168704386134772e-15,0.20000000298023377,True,True
65,16,0.07250697910785675,0.001,True,True,True,0.07167076330760636,True,0.20000000298023224,1.5168704386134772e-15,0.20000000298023377,True,True
65,17,0.07323630154132843,0.001,True,True,True,0.07236009422940726,True,0.20000000298023224,1.5168704386134772e-15,0.20000000298023377,True,True
65,18,0.07389459013938904,0.001,True,True,True,0.07298422425079298,True,0.20000000298023224,1.5168704386134772e-15,0.20000000298023377,True,True
65,19,0.074485182762146,0.001,True,True,True,0.07354604979266388,True,0.20000000298023224,1.5168704386134772e-15,0.20000000298023377,True,True
65,20,0.06825488805770874,0.001,True,True,True,0.06719697128269897,True,0.20000000298023224,1.0721177426122807e-15,0.20000000298023332,True,True
66,1,0.05364520847797394,0.001,True,True,True,0.05431644165357019,True,0.20000000298023224,3.992851072927062e-16,0.20000000298023263,True,True
66,2,0.055367663502693176,0.001,True,True,True,0.05591520186265875,True,0.20000000298023224,3.992851072927062e-16,0.20000000298023263,True,True
66,3,0.057049475610256195,0.001,True,True,True,0.05746403720531601,True,0.20000000298023224,3.992851072927062e-16,0.20000000298023263,True,True
66,4,0.05867859721183777,0.001,True,True,True,0.05895990946517926,True,0.20000000298023224,3.992851072927062e-16,0.20000000298023263,True,True
66,5,0.06024695187807083,0.001,True,True,True,0.060399324169156055,True,0.20000000298023224,3.992851072927062e-16,0.20000000298023263,True,True
66,6,0.06174890697002411,0.001,True,True,True,0.06177890111643325,True,0.20000000298023224,3.992851072927062e-16,0.20000000298023263,True,True
66,7,0.06318037956953049,0.001,True,True,True,0.06309556946419048,True,0.20000000298023224,3.992851072927062e-16,0.20000000298023263,True,True
66,8,0.06453842669725418,0.001,True,True,True,0.0643467669929717,True,0.20000000298023224,3.992851072927062e-16,0.20000000298023263,True,True
66,9,0.06582111865282059,0.001,True,True,True,0.06553061677317862,True,0.20000000298023224,3.992851072927062e-16,0.20000000298023263,True,True
66,10,0.06702722609043121,0.001,True,True,True,0.0666457859463917,True,0.20000000298023224,3.992851072539321e-16,0.20000000298023263,True,True
66,11,0.06815622746944427,0.001,True,True,True,0.06769153635477976,True,0.20000000298023224,3.992851072927062e-16,0.20000000298023263,True,True
66,12,0.0692083016037941,0.001,True,True,True,0.06866779021754998,True,0.20000000298023224,3.992851072539321e-16,0.20000000298023263,True,True
66,13,0.07018421590328217,0.001,True,True,True,0.06957501086528495,True,0.20000000298023224,3.992851072927062e-16,0.20000000298023263,True,True
66,14,0.07108528912067413,0.001,True,True,True,0.07041418433664226,True,0.20000000298023224,3.992851072927062e-16,0.20000000298023263,True,True
66,15,0.07191337645053864,0.001,True,True,True,0.07118679964702046,True,0.20000000298023224,3.992851072927062e-16,0.20000000298023263,True,True
66,16,0.07267075777053833,0.001,True,True,True,0.0718947482941038,True,0.20000000298023224,3.992851072927062e-16,0.20000000298023263,True,True
66,17,0.07336005568504333,0.001,True,True,True,0.07254023959407929,True,0.20000000298023224,3.992851072927062e-16,0.20000000298023263,True,True
66,18,0.07398424297571182,0.001,True,True,True,0.07312581612604474,True,0.20000000298023224,3.992851072927062e-16,0.20000000298023263,True,True
66,19,0.07454607635736465,0.001,True,True,True,0.07365379853721898,True,0.20000000298023224,3.992851072927062e-16,0.20000000298023263,True,True
66,20,0.06819697469472885,0.001,True,True,True,0.067169496238633,True,0.20000000298023224,4.120281655502826e-16,0.20000000298023266,True,True
67,1,0.055318962782621384,0.001,True,True,True,0.0559080647544381,True,0.20000000298023224,1.8328263937152713e-11,0.2000000029985605,True,True
67,2,0.05691725015640259,0.001,True,True,True,0.05740200159232478,True,0.20000000298023224,1.8328263937152713e-11,0.2000000029985605,True,True
67,3,0.05846569314599037,0.001,True,True,True,0.05883499551323801,True,0.20000000298023224,1.8328263937152713e-11,0.2000000029985605,True,True
67,4,0.05996129289269447,0.001,True,True,True,0.06021191985929342,True,0.20000000298023224,1.8328263937152713e-11,0.2000000029985605,True,True
67,5,0.06140041723847389,0.001,True,True,True,0.06153375040158504,True,0.20000000298023224,1.8328263937152713e-11,0.2000000029985605,True,True
67,6,0.06277978420257568,0.001,True,True,True,0.06279987910250984,True,0.20000000298023224,1.8328263937152713e-11,0.2000000029985605,True,True
67,7,0.06409627944231033,0.001,True,True,True,0.06400871689123999,True,0.20000000298023224,1.8328263937152713e-11,0.2000000029985605,True,True
67,8,0.06534730643033981,0.001,True,True,True,0.06515851209536216,True,0.20000000298023224,1.8328263937152713e-11,0.2000000029985605,True,True
67,9,0.0665309876203537,0.001,True,True,True,0.06624779969572936,True,0.20000000298023224,1.8328263937152713e-11,0.2000000029985605,True,True
67,10,0.06764604896306992,0.001,True,True,True,0.06727547064660566,True,0.20000000298023224,1.8328263937152674e-11,0.2000000029985605,True,True
67,11,0.06869173049926758,0.001,True,True,True,0.06824074893654297,True,0.20000000298023224,1.8328263937152713e-11,0.2000000029985605,True,True
67,12,0.06966791301965714,0.001,True,True,True,0.06914338442458412,True,0.20000000298023224,1.8328263937152674e-11,0.2000000029985605,True,True
67,13,0.07057511806488037,0.001,True,True,True,0.06998368612914307,True,0.20000000298023224,1.8328263937152713e-11,0.2000000029985605,True,True
67,14,0.07141423970460892,0.001,True,True,True,0.07076227827514114,True,0.20000000298023224,1.8328263937152713e-11,0.2000000029985605,True,True
67,15,0.07218687236309052,0.001,True,True,True,0.07148043638300461,True,0.20000000298023224,1.8328263937152713e-11,0.2000000029985605,True,True
67,16,0.07289481163024902,0.001,True,True,True,0.07213959879814325,True,0.20000000298023224,1.8328263937152713e-11,0.2000000029985605,True,True
67,17,0.07354027032852173,0.001,True,True,True,0.07274159485278153,True,0.20000000298023224,1.8328263937152713e-11,0.2000000029985605,True,True
67,18,0.07412581890821457,0.001,True,True,True,0.07328859306545898,True,0.20000000298023224,1.8328263937152713e-11,0.2000000029985605,True,True
67,19,0.07433820515871048,0.001,True,True,True,0.07299256561141643,True,0.20000000298023224,1.8328263937152713e-11,0.2000000029985605,True,True
67,20,0.0681694969534874,0.001,True,True,True,0.06713875956442061,True,0.20000000298023224,2.466967978414649e-11,0.20000000300490192,True,True
68,1,0.05691022798418999,0.001,True,True,True,0.057260393182274494,True,0.20000000298023224,2.6440460754347096e-15,0.20000000298023488,True,True
68,2,0.0584038570523262,0.001,True,True,True,0.058578140912297516,True,0.20000000298023224,2.6440460754347096e-15,0.20000000298023488,True,True
68,3,0.05983652547001839,0.001,True,True,True,0.059873899636727845,True,0.20000000298023224,2.6440460754347096e-15,0.20000000298023488,True,True
68,4,0.06121314689517021,0.001,True,True,True,0.06113606094874413,True,0.20000000298023224,2.6440460754347096e-15,0.20000000298023488,True,True
68,5,0.06253476440906525,0.001,True,True,True,0.06235686578495603,True,0.20000000298023224,2.6440460754347096e-15,0.20000000298023488,True,True
68,6,0.06380068510770798,0.001,True,True,True,0.06353106072501902,True,0.20000000298023224,2.6440460754347096e-15,0.20000000298023488,True,True
68,7,0.06500929594039917,0.001,True,True,True,0.0646547870788039,True,0.20000000298023224,2.6440460754347096e-15,0.20000000298023488,True,True
68,8,0.0661589503288269,0.001,True,True,True,0.06572537640855591,True,0.20000000298023224,2.6440460754347096e-15,0.20000000298023488,True,True
68,9,0.06724819540977478,0.001,True,True,True,0.06674097126654188,True,0.20000000298023224,2.6440460754347096e-15,0.20000000298023488,True,True
68,10,0.06827577203512192,0.001,True,True,True,0.06770019984066333,True,0.20000000298023224,2.6440460753959356e-15,0.20000000298023488,True,True
68,11,0.06924096494913101,0.001,True,True,True,0.0686023487441868,True,0.20000000298023224,2.6440460754347096e-15,0.20000000298023488,True,True
68,12,0.07014353573322296,0.001,True,True,True,0.06944719701612034,True,0.20000000298023224,2.6440460753959356e-15,0.20000000298023488,True,True
68,13,0.07098376750946045,0.001,True,True,True,0.07023501647120711,True,0.20000000298023224,2.6440460754347096e-15,0.20000000298023488,True,True
68,14,0.07176236808300018,0.001,True,True,True,0.07096645407266344,True,0.20000000298023224,2.6440460754347096e-15,0.20000000298023488,True,True
68,15,0.07248048484325409,0.001,True,True,True,0.07164254446769858,True,0.20000000298023224,2.6440460754347096e-15,0.20000000298023488,True,True
68,16,0.07313960790634155,0.001,True,True,True,0.07226460675362767,True,0.20000000298023224,2.6440460754347096e-15,0.20000000298023488,True,True
68,17,0.07374163717031479,0.001,True,True,True,0.07283432123167266,True,0.20000000298023224,2.6440460754347096e-15,0.20000000298023488,True,True
68,18,0.07428858429193497,0.001,True,True,True,0.0733534409270089,True,0.20000000298023224,2.6440460754347096e-15,0.20000000298023488,True,True
68,19,0.07399259507656097,0.001,True,True,True,0.07269305289522143,True,0.20000000298023224,2.6440460754347096e-15,0.20000000298023488,True,True
68,20,0.06813878566026688,0.001,True,True,True,0.06708899263410328,True,0.20000000298023224,1.984787210781524e-15,0.20000000298023424,True,True
69,1,0.058262135833501816,0.001,True,True,True,0.05855418958470049,True,0.20000000298023224,3.920122881087563e-12,0.20000000298415235,True,True
69,2,0.05957956984639168,0.001,True,True,True,0.05979300695890688,True,0.20000000298023224,3.920122881087563e-12,0.20000000298415235,True,True
69,3,0.0608750581741333,0.001,True,True,True,0.0609948209216552,True,0.20000000298023224,3.920122881087563e-12,0.20000000298415235,True,True
69,4,0.06213696673512459,0.001,True,True,True,0.062158354677443795,True,0.20000000298023224,3.920122881087563e-12,0.20000000298415235,True,True
69,5,0.06335756927728653,0.001,True,True,True,0.06328132911869788,True,0.20000000298023224,3.920122881087563e-12,0.20000000298415235,True,True
69,6,0.0645316019654274,0.001,True,True,True,0.06436126758257377,True,0.20000000298023224,3.920122881087563e-12,0.20000000298415235,True,True
69,7,0.06565522402524948,0.001,True,True,True,0.06539571689157331,True,0.20000000298023224,3.920122881087563e-12,0.20000000298415235,True,True
69,8,0.0667257085442543,0.001,True,True,True,0.06638257587005991,True,0.20000000298023224,3.920122881087563e-12,0.20000000298415235,True,True
69,9,0.06774115562438965,0.001,True,True,True,0.06732018101854331,True,0.20000000298023224,3.920122881087563e-12,0.20000000298415235,True,True
69,10,0.06870034337043762,0.001,True,True,True,0.06820734072700729,True,0.20000000298023224,3.9201228810883515e-12,0.20000000298415235,True,True
69,11,0.06960245966911316,0.001,True,True,True,0.06904315231301994,True,0.20000000298023224,3.920122881087563e-12,0.20000000298415235,True,True
69,12,0.07044731825590134,0.001,True,True,True,0.06982727195873017,True,0.20000000298023224,3.9201228810883515e-12,0.20000000298415235,True,True
69,13,0.07123506814241409,0.001,True,True,True,0.0705596598750674,True,0.20000000298023224,3.920122881087563e-12,0.20000000298415235,True,True
69,14,0.07196647673845291,0.001,True,True,True,0.07124085613135345,True,0.20000000298023224,3.920122881087563e-12,0.20000000298415235,True,True
69,15,0.07264251261949539,0.001,True,True,True,0.07187158348886358,True,0.20000000298023224,3.920122881087563e-12,0.20000000298415235,True,True
69,16,0.07326459884643555,0.001,True,True,True,0.07245299481655221,True,0.20000000298023224,3.920122881087563e-12,0.20000000298415235,True,True
69,17,0.07383435219526291,0.001,True,True,True,0.07298642173638992,True,0.20000000298023224,3.920122881087563e-12,0.20000000298415235,True,True
69,18,0.07435348629951477,0.001,True,True,True,0.0734732796800589,True,0.20000000298023224,3.920122881087563e-12,0.20000000298415235,True,True
69,19,0.07369303703308105,0.001,True,True,True,0.07240362649437704,True,0.20000000298023224,3.920122881087563e-12,0.20000000298415235,True,True
69,20,0.06808903813362122,0.001,True,True,True,0.0670657845669006,True,0.20000000298023224,4.897578830077381e-12,0.20000000298512982,True,True
70,1,0.059555694460868835,0.001,True,True,True,0.059811547081195404,True,0.20000000298023224,1.8456974723721778e-11,0.20000000299868922,True,True
70,2,0.06079424172639847,0.001,True,True,True,0.060983772448413354,True,0.20000000298023224,1.8456974723721778e-11,0.20000000299868922,True,True
70,3,0.06199588254094124,0.001,True,True,True,0.06210354192163059,True,0.20000000298023224,1.8456974723721778e-11,0.20000000299868922,True,True
70,4,0.06315919011831284,0.001,True,True,True,0.06317838274365695,True,0.20000000298023224,1.8456974723721778e-11,0.20000000299868922,True,True
70,5,0.06428205221891403,0.001,True,True,True,0.06421140217497501,True,0.20000000298023224,1.8456974723721778e-11,0.20000000299868922,True,True
70,6,0.06536182016134262,0.001,True,True,True,0.0652029831330122,True,0.20000000298023224,1.8456974723721778e-11,0.20000000299868922,True,True
70,7,0.06639616191387177,0.001,True,True,True,0.06615254190409914,True,0.20000000298023224,1.8456974723721778e-11,0.20000000299868922,True,True
70,8,0.06738293915987015,0.001,True,True,True,0.06705891736346747,True,0.20000000298023224,1.8456974723721778e-11,0.20000000299868922,True,True
70,9,0.06832046061754227,0.001,True,True,True,0.0679209425967684,True,0.20000000298023224,1.8456974723721778e-11,0.20000000299868922,True,True
70,10,0.06920750439167023,0.001,True,True,True,0.06873763677125566,True,0.20000000298023224,1.8456974723722566e-11,0.20000000299868922,True,True
70,11,0.07004325836896896,0.001,True,True,True,0.06950825933313931,True,0.20000000298023224,1.8456974723721778e-11,0.20000000299868922,True,True
70,12,0.07082732021808624,0.001,True,True,True,0.07023235908947878,True,0.20000000298023224,1.8456974723722566e-11,0.20000000299868922,True,True
70,13,0.07155974954366684,0.001,True,True,True,0.0709098758123412,True,0.20000000298023224,1.8456974723721778e-11,0.20000000299868922,True,True
70,14,0.0722409337759018,0.001,True,True,True,0.07154101784823663,True,0.20000000298023224,1.8456974723721778e-11,0.20000000299868922,True,True
70,15,0.07287167012691498,0.001,True,True,True,0.0721263697109753,True,0.20000000298023224,1.8456974723721778e-11,0.20000000299868922,True,True
70,16,0.07345302402973175,0.001,True,True,True,0.07266674947701579,True,0.20000000298023224,1.8456974723721778e-11,0.20000000299868922,True,True
70,17,0.07398642599582672,0.001,True,True,True,0.07316332037974549,True,0.20000000298023224,1.8456974723721778e-11,0.20000000299868922,True,True
70,18,0.0744732990860939,0.001,True,True,True,0.07361722430562567,True,0.20000000298023224,1.8456974723721778e-11,0.20000000299868922,True,True
70,19,0.07340367883443832,0.001,True,True,True,0.07208688076164493,True,0.20000000298023224,1.8456974723721778e-11,0.20000000299868922,True,True
70,20,0.06806580722332001,0.001,True,True,True,0.06703782429285488,True,0.20000000298023224,1.9517085182720202e-11,0.20000000299974932,True,True
71,1,0.06081285700201988,0.001,True,True,True,0.060888000849850354,True,0.20000000298023224,6.339949106332042e-16,0.20000000298023288,True,True
71,2,0.061984896659851074,0.001,True,True,True,0.061926675581999935,True,0.20000000298023224,6.339949106332042e-16,0.20000000298023288,True,True
71,3,0.06310443580150604,0.001,True,True,True,0.06294227207184977,True,0.20000000298023224,6.339949106332042e-16,0.20000000298023288,True,True
71,4,0.06417916715145111,0.001,True,True,True,0.0639296522666365,True,0.20000000298023224,6.339949106332042e-16,0.20000000298023288,True,True
71,5,0.06521203368902206,0.001,True,True,True,0.06488500834501976,True,0.20000000298023224,6.339949106332042e-16,0.20000000298023288,True,True
71,6,0.06620346009731293,0.001,True,True,True,0.06580533462265015,True,0.20000000298023224,6.339949106332042e-16,0.20000000298023288,True,True
71,7,0.06715290993452072,0.001,True,True,True,0.06668843876422781,True,0.20000000298023224,6.339949106332042e-16,0.20000000298023288,True,True
71,8,0.06805919855833054,0.001,True,True,True,0.06753242210669241,True,0.20000000298023224,6.339949106332042e-16,0.20000000298023288,True,True
71,9,0.06892117857933044,0.001,True,True,True,0.06833589317742583,True,0.20000000298023224,6.339949106332042e-16,0.20000000298023288,True,True
71,10,0.06973781436681747,0.001,True,True,True,0.06909779080818323,True,0.20000000298023224,6.339949106202795e-16,0.20000000298023288,True,True
71,11,0.07050840556621552,0.001,True,True,True,0.06981746867322958,True,0.20000000298023224,6.339949106332042e-16,0.20000000298023288,True,True
71,12,0.07123248279094696,0.001,True,True,True,0.070494526354275,True,0.20000000298023224,6.339949106202795e-16,0.20000000298023288,True,True
71,13,0.07190991938114166,0.001,True,True,True,0.07112887755452724,True,0.20000000298023224,6.339949106332042e-16,0.20000000298023288,True,True
71,14,0.07254108041524887,0.001,True,True,True,0.07172089170531804,True,0.20000000298023224,6.339949106332042e-16,0.20000000298023288,True,True
71,15,0.07312638312578201,0.001,True,True,True,0.07227094196798545,True,0.20000000298023224,6.339949106332042e-16,0.20000000298023288,True,True
71,16,0.07366681098937988,0.001,True,True,True,0.0727799260616514,True,0.20000000298023224,6.339949106332042e-16,0.20000000298023288,True,True
71,17,0.07416335493326187,0.001,True,True,True,0.07324870955985785,True,0.20000000298023224,6.339949106332042e-16,0.20000000298023288,True,True
71,18,0.07461719959974289,0.001,True,True,True,0.07367831883438358,True,0.20000000298023224,6.339949106332042e-16,0.20000000298023288,True,True
71,19,0.07308691740036011,0.001,True,True,True,0.0718149262967609,True,0.20000000298023224,6.339949106332042e-16,0.20000000298023288,True,True
71,20,0.06803781539201736,0.001,True,True,True,0.0669943648815099,True,0.20000000298023224,4.92449298885198e-16,0.20000000298023274,True,True
72,1,0.061889100819826126,0.001,True,True,True,0.061936478774544224,True,0.20000000298023224,5.175673428549588e-12,0.2000000029854079,True,True
72,2,0.06292760372161865,0.001,True,True,True,0.06292256715700506,True,0.20000000298023224,5.175673428549588e-12,0.2000000029854079,True,True
72,3,0.0639430433511734,0.001,True,True,True,0.06386924854792031,True,0.20000000298023224,5.175673428549588e-12,0.2000000029854079,True,True
72,4,0.0649302676320076,0.001,True,True,True,0.06478138429022906,True,0.20000000298023224,5.175673428549588e-12,0.2000000029854079,True,True
72,5,0.06588546931743622,0.001,True,True,True,0.06566048328582397,True,0.20000000298023224,5.175673428549588e-12,0.2000000029854079,True,True
72,6,0.06680572032928467,0.001,True,True,True,0.06650639687347526,True,0.20000000298023224,5.175673428549588e-12,0.2000000029854079,True,True
72,7,0.06768873333930969,0.001,True,True,True,0.06731826507628691,True,0.20000000298023224,5.175673428549588e-12,0.2000000029854079,True,True
72,8,0.06853265315294266,0.001,True,True,True,0.06809492994239197,True,0.20000000298023224,5.175673428549588e-12,0.2000000029854079,True,True
72,9,0.06933604925870895,0.001,True,True,True,0.06883526103707582,True,0.20000000298023224,5.175673428549588e-12,0.2000000029854079,True,True
72,10,0.0700979083776474,0.001,True,True,True,0.0695383500201614,True,0.20000000298023224,5.175673428549575e-12,0.2000000029854079,True,True
72,11,0.07081752270460129,0.001,True,True,True,0.07020347642774327,True,0.20000000298023224,5.175673428549588e-12,0.2000000029854079,True,True
72,12,0.07149457931518555,0.001,True,True,True,0.07083025031271561,True,0.20000000298023224,5.175673428549575e-12,0.2000000029854079,True,True
72,13,0.07212892174720764,0.001,True,True,True,0.07141839786274962,True,0.20000000298023224,5.175673428549588e-12,0.2000000029854079,True,True
72,14,0.07272091507911682,0.001,True,True,True,0.07196814606343238,True,0.20000000298023224,5.175673428549588e-12,0.2000000029854079,True,True
72,15,0.07327096909284592,0.001,True,True,True,0.07247973849064615,True,0.20000000298023224,5.175673428549588e-12,0.2000000029854079,True,True
72,16,0.07377991825342178,0.001,True,True,True,0.07295383347273432,True,0.20000000298023224,5.175673428549588e-12,0.2000000029854079,True,True
72,17,0.07424871623516083,0.001,True,True,True,0.07339118855182103,True,0.20000000298023224,5.175673428549588e-12,0.2000000029854079,True,True
72,18,0.07467836886644363,0.001,True,True,True,0.07379260677395172,True,0.20000000298023224,5.175673428549588e-12,0.2000000029854079,True,True
72,19,0.07281487435102463,0.001,True,True,True,0.07154626050589918,True,0.20000000298023224,5.175673428549588e-12,0.2000000029854079,True,True
72,20,0.06799435615539551,0.001,True,True,True,0.06697442373576523,True,0.20000000298023224,3.777328301946554e-12,0.20000000298400958,True,True
73,1,0.06293745338916779,0.001,True,True,True,0.06283770416083923,True,0.20000000298023224,1.2030357273036528e-15,0.20000000298023343,True,True
73,2,0.06392333656549454,0.001,True,True,True,0.06371411463001397,True,0.20000000298023224,1.2030357273036528e-15,0.20000000298023343,True,True
73,3,0.06486990302801132,0.001,True,True,True,0.06457472553924837,True,0.20000000298023224,1.2030357273036528e-15,0.20000000298023343,True,True
73,4,0.06578193604946136,0.001,True,True,True,0.06541405842809844,True,0.20000000298023224,1.2030357273036528e-15,0.20000000298023343,True,True
73,5,0.06666092574596405,0.001,True,True,True,0.06622825186856429,True,0.20000000298023224,1.2030357273036528e-15,0.20000000298023343,True,True
73,6,0.06750676780939102,0.001,True,True,True,0.06701450150111943,True,0.20000000298023224,1.2030357273036528e-15,0.20000000298023343,True,True
73,7,0.06831856071949005,0.001,True,True,True,0.06777061312934196,True,0.20000000298023224,1.2030357273036528e-15,0.20000000298023343,True,True
73,8,0.06909516453742981,0.001,True,True,True,0.0684948851343411,True,0.20000000298023224,1.2030357273036528e-15,0.20000000298023343,True,True
73,9,0.06983544677495956,0.001,True,True,True,0.06918598831161693,True,0.20000000298023224,1.2030357273036528e-15,0.20000000298023343,True,True
73,10,0.07053850591182709,0.001,True,True,True,0.06984299563181517,True,0.20000000298023224,1.2030357273165775e-15,0.20000000298023343,True,True
73,11,0.07120361179113388,0.001,True,True,True,0.07046520583129967,True,0.20000000298023224,1.2030357273036528e-15,0.20000000298023343,True,True
73,12,0.07183032482862473,0.001,True,True,True,0.07105223172278863,True,0.20000000298023224,1.2030357273165775e-15,0.20000000298023343,True,True
73,13,0.07241848111152649,0.001,True,True,True,0.07160392985722175,True,0.20000000298023224,1.2030357273036528e-15,0.20000000298023343,True,True
73,14,0.07296817749738693,0.001,True,True,True,0.0721203983701646,True,0.20000000298023224,1.2030357273036528e-15,0.20000000298023343,True,True
73,15,0.0734797790646553,0.001,True,True,True,0.07260196736347957,True,0.20000000298023224,1.2030357273036528e-15,0.20000000298023343,True,True
73,16,0.07395382970571518,0.001,True,True,True,0.07304911413736792,True,0.20000000298023224,1.2030357273036528e-15,0.20000000298023343,True,True
73,17,0.07439117878675461,0.001,True,True,True,0.073462593853315,True,0.20000000298023224,1.2030357273036528e-15,0.20000000298023343,True,True
73,18,0.07479257136583328,0.001,True,True,True,0.0738430327206353,True,0.20000000298023224,1.2030357273036528e-15,0.20000000298023343,True,True
73,19,0.07254629582166672,0.001,True,True,True,0.07130875040941076,True,0.20000000298023224,1.2030357273036528e-15,0.20000000298023343,True,True
73,20,0.06797446310520172,0.001,True,True,True,0.06693807601078883,True,0.20000000298023224,7.72188784005905e-16,0.20000000298023302,True,True
74,1,0.063838429749012,0.001,True,True,True,0.06373046484303568,True,0.20000000298023224,6.094235510086299e-12,0.20000000298632647,True,True
74,2,0.06471475958824158,0.001,True,True,True,0.06457027243866098,True,0.20000000298023224,6.094235510086299e-12,0.20000000298632647,True,True
74,3,0.0655752569437027,0.001,True,True,True,0.06537645254509161,True,0.20000000298023224,6.094235510086299e-12,0.20000000298632647,True,True
74,4,0.0664144828915596,0.001,True,True,True,0.06615380145370675,True,0.20000000298023224,6.094235510086299e-12,0.20000000298632647,True,True
74,5,0.06722857803106308,0.001,True,True,True,0.06690394223714569,True,0.20000000298023224,6.094235510086299e-12,0.20000000298632647,True,True
74,6,0.06801478564739227,0.001,True,True,True,0.06762702542274002,True,0.20000000298023224,6.094235510086299e-12,0.20000000298632647,True,True
74,7,0.06877078860998154,0.001,True,True,True,0.06832223944530469,True,0.20000000298023224,6.094235510086299e-12,0.20000000298632647,True,True
74,8,0.06949499249458313,0.001,True,True,True,0.0689887434221631,True,0.20000000298023224,6.094235510086299e-12,0.20000000298632647,True,True
74,9,0.07018611580133438,0.001,True,True,True,0.06962560900129555,True,0.20000000298023224,6.094235510086299e-12,0.20000000298632647,True,True
74,10,0.07084307074546814,0.001,True,True,True,0.07023186819025518,True,0.20000000298023224,6.0942355100863115e-12,0.20000000298632647,True,True
74,11,0.07146523892879486,0.001,True,True,True,0.07080691959768282,True,0.20000000298023224,6.094235510086299e-12,0.20000000298632647,True,True
74,12,0.07205227017402649,0.001,True,True,True,0.0713503567463567,True,0.20000000298023224,6.0942355100863115e-12,0.20000000298632647,True,True
74,13,0.07260396331548691,0.001,True,True,True,0.0718618836026852,True,0.20000000298023224,6.094235510086299e-12,0.20000000298632647,True,True
74,14,0.07312041521072388,0.001,True,True,True,0.07234147823707693,True,0.20000000298023224,6.094235510086299e-12,0.20000000298632647,True,True
74,15,0.07360196113586426,0.001,True,True,True,0.07278934333205256,True,0.20000000298023224,6.094235510086299e-12,0.20000000298632647,True,True
74,16,0.07404913753271103,0.001,True,True,True,0.07320586465606138,True,0.20000000298023224,6.094235510086299e-12,0.20000000298632647,True,True
74,17,0.07446260750293732,0.001,True,True,True,0.07359154677863233,True,0.20000000298023224,6.094235510086299e-12,0.20000000298632647,True,True
74,18,0.07484305649995804,0.001,True,True,True,0.07394691053392366,True,0.20000000298023224,6.094235510086299e-12,0.20000000298632647,True,True
74,19,0.0723087415099144,0.001,True,True,True,0.07106257938609006,True,0.20000000298023224,6.094235510086299e-12,0.20000000298632647,True,True
74,20,0.06793805211782455,0.001,True,True,True,0.06692105425833972,True,0.20000000298023224,3.97651010385611e-12,0.20000000298420875,True,True
75,1,0.0647311881184578,0.001,True,True,True,0.0645017342365779,True,0.20000000298023224,7.091555849851795e-16,0.20000000298023296,True,True
75,2,0.0655709058046341,0.001,True,True,True,0.06525066513773448,True,0.20000000298023224,7.091555849851795e-16,0.20000000298023296,True,True
75,3,0.06637696176767349,0.001,True,True,True,0.0659852273039242,True,0.20000000298023224,7.091555849851795e-16,0.20000000298023296,True,True
75,4,0.06715422123670578,0.001,True,True,True,0.06670172604297775,True,0.20000000298023224,7.091555849851795e-16,0.20000000298023296,True,True
75,5,0.06790431588888168,0.001,True,True,True,0.06739737692790304,True,0.20000000298023224,7.091555849851795e-16,0.20000000298023296,True,True
75,6,0.06862729787826538,0.001,True,True,True,0.0680700293987927,True,0.20000000298023224,7.091555849851795e-16,0.20000000298023296,True,True
75,7,0.06932251155376434,0.001,True,True,True,0.06871799367529796,True,0.20000000298023224,7.091555849851795e-16,0.20000000298023296,True,True
75,8,0.06998895108699799,0.001,True,True,True,0.06933983178515402,True,0.20000000298023224,7.091555849851795e-16,0.20000000298023296,True,True
75,9,0.07062575221061707,0.001,True,True,True,0.06993454357840045,True,0.20000000298023224,7.091555849851795e-16,0.20000000298023296,True,True
75,10,0.07123196125030518,0.001,True,True,True,0.07050117446431925,True,0.20000000298023224,7.091555849722549e-16,0.20000000298023296,True,True
75,11,0.07180701196193695,0.001,True,True,True,0.07103920981517053,True,0.20000000298023224,7.091555849851795e-16,0.20000000298023296,True,True
75,12,0.0723503902554512,0.001,True,True,True,0.07154818638735128,True,0.20000000298023224,7.091555849722549e-16,0.20000000298023296,True,True
75,13,0.07286188006401062,0.001,True,True,True,0.07202792693008264,True,0.20000000298023224,7.091555849851795e-16,0.20000000298023296,True,True
75,14,0.07334152609109879,0.001,True,True,True,0.07247849038859833,True,0.20000000298023224,7.091555849851795e-16,0.20000000298023296,True,True
75,15,0.07378935068845749,0.001,True,True,True,0.0728998840117191,True,0.20000000298023224,7.091555849851795e-16,0.20000000298023296,True,True
75,16,0.0742059275507927,0.001,True,True,True,0.0732926401246149,True,0.20000000298023224,7.091555849851795e-16,0.20000000298023296,True,True
75,17,0.07459153980016708,0.001,True,True,True,0.07365697699423568,True,0.20000000298023224,7.091555849851795e-16,0.20000000298023296,True,True
75,18,0.07494691014289856,0.001,True,True,True,0.07399353340795689,True,0.20000000298023224,7.091555849851795e-16,0.20000000298023296,True,True
75,19,0.07206261157989502,0.001,True,True,True,0.07084372469377265,True,0.20000000298023224,7.091555849851795e-16,0.20000000298023296,True,True
75,20,0.06792109459638596,0.001,True,True,True,0.06688840550552,True,0.20000000298023224,4.839383070231995e-16,0.2000000029802327,True,True
76,1,0.06550230085849762,0.001,True,True,True,0.06527807083032588,True,0.20000000298023224,1.1423387827710598e-11,0.20000000299165563,True,True
76,2,0.06625110656023026,0.001,True,True,True,0.0660019118330144,True,0.20000000298023224,1.1423387827710598e-11,0.20000000299165563,True,True
76,3,0.0669856145977974,0.001,True,True,True,0.0666930570218286,True,0.20000000298023224,1.1423387827710598e-11,0.20000000299165563,True,True
76,4,0.06770206242799759,0.001,True,True,True,0.0673579065177119,True,0.20000000298023224,1.1423387827710598e-11,0.20000000299165563,True,True
76,5,0.06839759647846222,0.001,True,True,True,0.0679990544768393,True,0.20000000298023224,1.1423387827710598e-11,0.20000000299165563,True,True
76,6,0.06907019019126892,0.001,True,True,True,0.06861738664208517,True,0.20000000298023224,1.1423387827710598e-11,0.20000000299165563,True,True
76,7,0.0697181299328804,0.001,True,True,True,0.06921271551173047,True,0.20000000298023224,1.1423387827710598e-11,0.20000000299165563,True,True
76,8,0.07033996284008026,0.001,True,True,True,0.06978436462011817,True,0.20000000298023224,1.1423387827710598e-11,0.20000000299165563,True,True
76,9,0.07093460857868195,0.001,True,True,True,0.07033162647361246,True,0.20000000298023224,1.1423387827710598e-11,0.20000000299165563,True,True
76,10,0.07150129228830338,0.001,True,True,True,0.07085387626066597,True,0.20000000298023224,1.1423387827710585e-11,0.20000000299165563,True,True
76,11,0.07203927636146545,0.001,True,True,True,0.0713504119272157,True,0.20000000298023224,1.1423387827710598e-11,0.20000000299165563,True,True
76,12,0.0725482627749443,0.001,True,True,True,0.07182090239567218,True,0.20000000298023224,1.1423387827710585e-11,0.20000000299165563,True,True
76,13,0.07302799820899963,0.001,True,True,True,0.07226502712542249,True,0.20000000298023224,1.1423387827710598e-11,0.20000000299165563,True,True
76,14,0.07347850501537323,0.001,True,True,True,0.07268271542977978,True,0.20000000298023224,1.1423387827710598e-11,0.20000000299165563,True,True
76,15,0.07389990240335464,0.001,True,True,True,0.07307397930893256,True,0.20000000298023224,1.1423387827710598e-11,0.20000000299165563,True,True
76,16,0.07429259270429611,0.001,True,True,True,0.07343910135171061,True,0.20000000298023224,1.1423387827710598e-11,0.20000000299165563,True,True
76,17,0.07465699315071106,0.001,True,True,True,0.07377837325474779,True,0.20000000298023224,1.1423387827710598e-11,0.20000000299165563,True,True
76,18,0.0749935731291771,0.001,True,True,True,0.07409213206963261,True,0.20000000298023224,1.1423387827710598e-11,0.20000000299165563,True,True
76,19,0.07184372842311859,0.001,True,True,True,0.07061068442251872,True,0.20000000298023224,1.1423387827710598e-11,0.20000000299165563,True,True
76,20,0.06788840889930725,0.001,True,True,True,0.06687277401579206,True,0.20000000298023224,5.971069543450596e-12,0.2000000029862033,True,True
77,1,0.0662785992026329,0.001,True,True,True,0.06595073810097629,True,0.20000000298023224,3.6792991648200504e-16,0.2000000029802326,True,True
77,2,0.06700234115123749,0.001,True,True,True,0.06659731587608153,True,0.20000000298023224,3.6792991648200504e-16,0.2000000029802326,True,True
77,3,0.06769344210624695,0.001,True,True,True,0.06722783256737941,True,0.20000000298023224,3.6792991648200504e-16,0.2000000029802326,True,True
77,4,0.06835821270942688,0.001,True,True,True,0.0678410837385991,True,0.20000000298023224,3.6792991648200504e-16,0.2000000029802326,True,True
77,5,0.06899931281805038,0.001,True,True,True,0.06843588432167569,True,0.20000000298023224,3.6792991648200504e-16,0.2000000029802326,True,True
77,6,0.0696176066994667,0.001,True,True,True,0.06901120248606152,True,0.20000000298023224,3.6792991648200504e-16,0.2000000029802326,True,True
77,7,0.07021288573741913,0.001,True,True,True,0.06956595278861133,True,0.20000000298023224,3.6792991648200504e-16,0.2000000029802326,True,True
77,8,0.07078450918197632,0.001,True,True,True,0.07009913890904396,True,0.20000000298023224,3.6792991648200504e-16,0.2000000029802326,True,True
77,9,0.07133177667856216,0.001,True,True,True,0.07060996170350597,True,0.20000000298023224,3.6792991648200504e-16,0.2000000029802326,True,True
77,10,0.07185391336679459,0.001,True,True,True,0.0710976635573034,True,0.20000000298023224,3.6792991646908034e-16,0.2000000029802326,True,True
77,11,0.07235047966241837,0.001,True,True,True,0.07156186350231974,True,0.20000000298023224,3.6792991648200504e-16,0.2000000029802326,True,True
77,12,0.07282096147537231,0.001,True,True,True,0.07200211058519401,True,0.20000000298023224,3.6792991646908034e-16,0.2000000029802326,True,True
77,13,0.07326506823301315,0.001,True,True,True,0.07241816188328765,True,0.20000000298023224,3.6792991648200504e-16,0.2000000029802326,True,True
77,14,0.07368269562721252,0.001,True,True,True,0.07280994127426821,True,0.20000000298023224,3.6792991648200504e-16,0.2000000029802326,True,True
77,15,0.07407400757074356,0.001,True,True,True,0.07317761487783525,True,0.20000000298023224,3.6792991648200504e-16,0.2000000029802326,True,True
77,16,0.0744391456246376,0.001,True,True,True,0.07352130488859698,True,0.20000000298023224,3.6792991648200504e-16,0.2000000029802326,True,True
77,17,0.07477837800979614,0.001,True,True,True,0.07384123996276992,True,0.20000000298023224,3.6792991648200504e-16,0.2000000029802326,True,True
77,18,0.07509210705757141,0.001,True,True,True,0.07413776654078474,True,0.20000000298023224,3.6792991648200504e-16,0.2000000029802326,True,True
77,19,0.0716107189655304,0.001,True,True,True,0.07040406031101776,True,0.20000000298023224,3.6792991648200504e-16,0.2000000029802326,True,True
77,20,0.06787281483411789,0.001,True,True,True,0.06684249967835132,True,0.20000000298023224,3.149572417167108e-16,0.20000000298023254,True,True
78,1,0.06695113331079483,0.001,True,True,True,0.06652437589695981,True,0.20000000298023224,2.749435015967979e-15,0.200000002980235,True,True
78,2,0.06759770959615707,0.001,True,True,True,0.06709962634828326,True,0.20000000298023224,2.749435015967979e-15,0.200000002980235,True,True
78,3,0.0682281032204628,0.001,True,True,True,0.06767373138448729,True,0.20000000298023224,2.749435015967979e-15,0.200000002980235,True,True
78,4,0.06884131580591202,0.001,True,True,True,0.06823973688223484,True,0.20000000298023224,2.749435015967979e-15,0.200000002980235,True,True
78,5,0.06943611055612564,0.001,True,True,True,0.06879301404744864,True,0.20000000298023224,2.749435015967979e-15,0.200000002980235,True,True
78,6,0.07001137733459473,0.001,True,True,True,0.0693305577327814,True,0.20000000298023224,2.749435015967979e-15,0.200000002980235,True,True
78,7,0.0705660730600357,0.001,True,True,True,0.06985029134899023,True,0.20000000298023224,2.749435015967979e-15,0.200000002980235,True,True
78,8,0.071099191904068,0.001,True,True,True,0.07035067046221233,True,0.20000000298023224,2.749435015967979e-15,0.200000002980235,True,True
78,9,0.0716099962592125,0.001,True,True,True,0.0708306968964596,True,0.20000000298023224,2.749435015967979e-15,0.200000002980235,True,True
78,10,0.07209769636392593,0.001,True,True,True,0.071289472277003,True,0.20000000298023224,2.7494350159550542e-15,0.200000002980235,True,True
78,11,0.07256191968917847,0.001,True,True,True,0.07172659478906207,True,0.20000000298023224,2.749435015967979e-15,0.200000002980235,True,True
78,12,0.07300209999084473,0.001,True,True,True,0.07214150327918867,True,0.20000000298023224,2.7494350159550542e-15,0.200000002980235,True,True
78,13,0.07341814786195755,0.001,True,True,True,0.0725341273872403,True,0.20000000298023224,2.749435015967979e-15,0.200000002980235,True,True
78,14,0.07380995899438858,0.001,True,True,True,0.0729043763555084,True,0.20000000298023224,2.749435015967979e-15,0.200000002980235,True,True
78,15,0.07417763024568558,0.001,True,True,True,0.0732523516786382,True,0.20000000298023224,2.749435015967979e-15,0.200000002980235,True,True
78,16,0.07452131062746048,0.001,True,True,True,0.07357819560638812,True,0.20000000298023224,2.749435015967979e-15,0.200000002980235,True,True
78,17,0.07484124600887299,0.001,True,True,True,0.07388213195945748,True,0.20000000298023224,2.749435015967979e-15,0.200000002980235,True,True
78,18,0.07499442249536514,0.001,True,True,True,0.07370676510427843,True,0.20000000298023224,2.749435015967979e-15,0.200000002980235,True,True
78,19,0.07140404731035233,0.001,True,True,True,0.07025163112738009,True,0.20000000298023224,2.749435015967979e-15,0.200000002980235,True,True
78,20,0.06784247606992722,0.001,True,True,True,0.0668250692790473,True,0.20000000298023224,1.7629476635426035e-15,0.20000000298023402,True,True
79,1,0.067524753510952,0.001,True,True,True,0.06712275627672926,True,0.20000000298023224,1.517572914479603e-11,0.20000000299540796,True,True
79,2,0.06809990108013153,0.001,True,True,True,0.06768906834267274,True,0.20000000298023224,1.517572914479603e-11,0.20000000299540796,True,True
79,3,0.06867396831512451,0.001,True,True,True,0.06823443973725463,True,0.20000000298023224,1.517572914479603e-11,0.20000000299540796,True,True
79,4,0.06923995167016983,0.001,True,True,True,0.06876234936520753,True,0.20000000298023224,1.517572914479603e-11,0.20000000299540796,True,True
79,5,0.06979314982891083,0.001,True,True,True,0.06927378353583302,True,0.20000000298023224,1.517572914479603e-11,0.20000000299540796,True,True
79,6,0.07033070921897888,0.001,True,True,True,0.06976894991622273,True,0.20000000298023224,1.517572914479603e-11,0.20000000299540796,True,True
79,7,0.07085035741329193,0.001,True,True,True,0.07024718192282897,True,0.20000000298023224,1.517572914479603e-11,0.20000000299540796,True,True
79,8,0.07135077565908432,0.001,True,True,True,0.0707079824454051,True,0.20000000298023224,1.517572914479603e-11,0.20000000299540796,True,True
79,9,0.07183075696229935,0.001,True,True,True,0.07115052486474349,True,0.20000000298023224,1.517572914479603e-11,0.20000000299540796,True,True
79,10,0.07228956371545792,0.001,True,True,True,0.07157422251349865,True,0.20000000298023224,1.5175729144796017e-11,0.20000000299540796,True,True
79,11,0.07272659242153168,0.001,True,True,True,0.07197849969336712,True,0.20000000298023224,1.517572914479603e-11,0.20000000299540796,True,True
79,12,0.07314152270555496,0.001,True,True,True,0.07236299696958559,True,0.20000000298023224,1.5175729144796017e-11,0.20000000299540796,True,True
79,13,0.07353413105010986,0.001,True,True,True,0.07272741793664761,True,0.20000000298023224,1.517572914479603e-11,0.20000000299540796,True,True
79,14,0.07390440255403519,0.001,True,True,True,0.07307165573094865,True,0.20000000298023224,1.517572914479603e-11,0.20000000299540796,True,True
79,15,0.07425238192081451,0.001,True,True,True,0.0733956539340509,True,0.20000000298023224,1.517572914479603e-11,0.20000000299540796,True,True
79,16,0.07457821071147919,0.001,True,True,True,0.07369945072724282,True,0.20000000298023224,1.517572914479603e-11,0.20000000299540796,True,True
79,17,0.0748821496963501,0.001,True,True,True,0.07398319920463248,True,0.20000000298023224,1.517572914479603e-11,0.20000000299540796,True,True
79,18,0.07470675557851791,0.001,True,True,True,0.07333320526879594,True,0.20000000298023224,1.517572914479603e-11,0.20000000299540796,True,True
79,19,0.07125166058540344,0.001,True,True,True,0.07006171007841344,True,0.20000000298023224,1.517572914479603e-11,0.20000000299540796,True,True
79,20,0.0678250715136528,0.001,True,True,True,0.06681670014131724,True,0.20000000298023224,1.311027668228759e-11,0.2000000029933425,True,True
80,1,0.06812306493520737,0.001,True,True,True,0.06764567526688348,True,0.20000000298023224,2.0835423838467495e-15,0.20000000298023432,True,True
80,2,0.06868934631347656,0.001,True,True,True,0.06815496678396926,True,0.20000000298023224,2.0835423838467495e-15,0.20000000298023432,True,True
80,3,0.06923471391201019,0.001,True,True,True,0.06865507472206112,True,0.20000000298023224,2.0835423838467495e-15,0.20000000298023432,True,True
80,4,0.06976254284381866,0.001,True,True,True,0.0691439316895549,True,0.20000000298023224,2.0835423838467495e-15,0.20000000298023432,True,True
80,5,0.0702739804983139,0.001,True,True,True,0.06961996350819344,True,0.20000000298023224,2.0835423838467495e-15,0.20000000298023432,True,True
80,6,0.0707690641283989,0.001,True,True,True,0.07008190178905183,True,0.20000000298023224,2.0835423838467495e-15,0.20000000298023432,True,True
80,7,0.07124728709459305,0.001,True,True,True,0.07052866417843429,True,0.20000000298023224,2.0835423838467495e-15,0.20000000298023432,True,True
80,8,0.07170809060335159,0.001,True,True,True,0.07095948155264131,True,0.20000000298023224,2.0835423838467495e-15,0.20000000298023432,True,True
80,9,0.0721505880355835,0.001,True,True,True,0.07137342764551258,True,0.20000000298023224,2.0835423838467495e-15,0.20000000298023432,True,True
80,10,0.07257426530122757,0.001,True,True,True,0.07177002628797602,True,0.20000000298023224,2.083542383833825e-15,0.20000000298023432,True,True
80,11,0.07297856360673904,0.001,True,True,True,0.07214877698323374,True,0.20000000298023224,2.0835423838467495e-15,0.20000000298023432,True,True
80,12,0.07336307317018509,0.001,True,True,True,0.07250932634781615,True,0.20000000298023224,2.083542383833825e-15,0.20000000298023432,True,True
80,13,0.07372744381427765,0.001,True,True,True,0.07285136755663169,True,0.20000000298023224,2.0835423838467495e-15,0.20000000298023432,True,True
80,14,0.07407166063785553,0.001,True,True,True,0.07317490982105912,True,0.20000000298023224,2.0835423838467495e-15,0.20000000298023432,True,True
80,15,0.07439562678337097,0.001,True,True,True,0.07347986484332858,True,0.20000000298023224,2.0835423838467495e-15,0.20000000298023432,True,True
80,16,0.07469944655895233,0.001,True,True,True,0.07376632657955684,True,0.20000000298023224,2.0835423838467495e-15,0.20000000298023432,True,True
80,17,0.07498321682214737,0.001,True,True,True,0.07403436872354918,True,0.20000000298023224,2.0835423838467495e-15,0.20000000298023432,True,True
80,18,0.07433324307203293,0.001,True,True,True,0.0730075100473816,True,0.20000000298023224,2.0835423838467495e-15,0.20000000298023432,True,True
80,19,0.07106171548366547,0.001,True,True,True,0.0698868950407101,True,0.20000000298023224,2.0835423838467495e-15,0.20000000298023432,True,True
80,20,0.06781673431396484,0.001,True,True,True,0.06679221014297498,True,0.20000000298023224,1.7638059542111995e-15,0.20000000298023402,True,True
81,1,0.06864594668149948,0.001,True,True,True,0.06809438493243813,True,0.20000000298023224,4.5340439849349386e-15,0.20000000298023676,True,True
81,2,0.06915517896413803,0.001,True,True,True,0.06854977219617209,True,0.20000000298023224,4.5340439849349386e-15,0.20000000298023676,True,True
81,3,0.06965526938438416,0.001,True,True,True,0.06900723874207293,True,0.20000000298023224,4.5340439849349386e-15,0.20000000298023676,True,True
81,4,0.07014409452676773,0.001,True,True,True,0.06946018979074198,True,0.20000000298023224,4.5340439849349386e-15,0.20000000298023676,True,True
81,5,0.07062004506587982,0.001,True,True,True,0.06990446574279185,True,0.20000000298023224,4.5340439849349386e-15,0.20000000298023676,True,True
81,6,0.0710819810628891,0.001,True,True,True,0.07033749964590474,True,0.20000000298023224,4.5340439849349386e-15,0.20000000298023676,True,True
81,7,0.07152878493070602,0.001,True,True,True,0.07075739706917639,True,0.20000000298023224,4.5340439849349386e-15,0.20000000298023676,True,True
81,8,0.07195953279733658,0.001,True,True,True,0.07116283408114854,True,0.20000000298023224,4.5340439849349386e-15,0.20000000298023676,True,True
81,9,0.07237344980239868,0.001,True,True,True,0.07155284161252495,True,0.20000000298023224,4.5340439849349386e-15,0.20000000298023676,True,True
81,10,0.07277008891105652,0.001,True,True,True,0.07192689909736927,True,0.20000000298023224,4.534043984922014e-15,0.20000000298023676,True,True
81,11,0.07314880937337875,0.001,True,True,True,0.07228434962406471,True,0.20000000298023224,4.5340439849349386e-15,0.20000000298023676,True,True
81,12,0.0735093280673027,0.001,True,True,True,0.07262492430709455,True,0.20000000298023224,4.534043984922014e-15,0.20000000298023676,True,True
81,13,0.07385138422250748,0.001,True,True,True,0.07294838321769281,True,0.20000000298023224,4.5340439849349386e-15,0.20000000298023676,True,True
81,14,0.07417495548725128,0.001,True,True,True,0.07325472622970286,True,0.20000000298023224,4.5340439849349386e-15,0.20000000298023676,True,True
81,15,0.07447991520166397,0.001,True,True,True,0.07354383985632007,True,0.20000000298023224,4.5340439849349386e-15,0.20000000298023676,True,True
81,16,0.07476634532213211,0.001,True,True,True,0.07381581146767968,True,0.20000000298023224,4.5340439849349386e-15,0.20000000298023676,True,True
81,17,0.07503434270620346,0.001,True,True,True,0.07407073307181045,True,0.20000000298023224,4.5340439849349386e-15,0.20000000298023676,True,True
81,18,0.07400752604007721,0.001,True,True,True,0.07276660864312212,True,0.20000000298023224,4.5340439849349386e-15,0.20000000298023676,True,True
81,19,0.07088687270879745,0.001,True,True,True,0.06976063777849284,True,0.20000000298023224,4.5340439849349386e-15,0.20000000298023676,True,True
81,20,0.06779218465089798,0.001,True,True,True,0.06678038330397729,True,0.20000000298023224,3.3093948744245794e-15,0.20000000298023554,True,True
82,1,0.06909457594156265,0.001,True,True,True,0.0685791286020242,True,0.20000000298023224,1.0711075402213175e-11,0.2000000029909433,True,True
82,2,0.06954999268054962,0.001,True,True,True,0.06903586743064438,True,0.20000000298023224,1.0711075402213175e-11,0.2000000029909433,True,True
82,3,0.07000736147165298,0.001,True,True,True,0.06947441851578418,True,0.20000000298023224,1.0711075402213175e-11,0.2000000029909433,True,True
82,4,0.070460245013237,0.001,True,True,True,0.06989862991607865,True,0.20000000298023224,1.0711075402213175e-11,0.2000000029909433,True,True
82,5,0.07090456038713455,0.001,True,True,True,0.07031002828488464,True,0.20000000298023224,1.0711075402213175e-11,0.2000000029909433,True,True
82,6,0.07133761793375015,0.001,True,True,True,0.07070896183474673,True,0.20000000298023224,1.0711075402213175e-11,0.2000000029909433,True,True
82,7,0.071757473051548,0.001,True,True,True,0.07109509938592284,True,0.20000000298023224,1.0711075402213175e-11,0.2000000029909433,True,True
82,8,0.07216285914182663,0.001,True,True,True,0.07146800545489529,True,0.20000000298023224,1.0711075402213175e-11,0.2000000029909433,True,True
82,9,0.07255291193723679,0.001,True,True,True,0.07182721562005012,True,0.20000000298023224,1.0711075402213175e-11,0.2000000029909433,True,True
82,10,0.07292692363262177,0.001,True,True,True,0.07217219312841072,True,0.20000000298023224,1.0711075402213162e-11,0.2000000029909433,True,True
82,11,0.0732843279838562,0.001,True,True,True,0.07250241604358332,True,0.20000000298023224,1.0711075402213175e-11,0.2000000029909433,True,True
82,12,0.07362492382526398,0.001,True,True,True,0.0728176634146902,True,0.20000000298023224,1.0711075402213162e-11,0.2000000029909433,True,True
82,13,0.07394841313362122,0.001,True,True,True,0.07311757827999132,True,0.20000000298023224,1.0711075402213175e-11,0.2000000029909433,True,True
82,14,0.07425471395254135,0.001,True,True,True,0.0734020096240805,True,0.20000000298023224,1.0711075402213175e-11,0.2000000029909433,True,True
82,15,0.07454383373260498,0.001,True,True,True,0.07367087994198973,True,0.20000000298023224,1.0711075402213175e-11,0.2000000029909433,True,True
82,16,0.07481584697961807,0.001,True,True,True,0.07392418052470207,True,0.20000000298023224,1.0711075402213175e-11,0.2000000029909433,True,True
82,17,0.07507078349590302,0.001,True,True,True,0.07416185461001379,True,0.20000000298023224,1.0711075402213175e-11,0.2000000029909433,True,True
82,18,0.07376658171415329,0.001,True,True,True,0.07242709870801978,True,0.20000000298023224,1.0711075402213175e-11,0.2000000029909433,True,True
82,19,0.07076063007116318,0.001,True,True,True,0.06958846196533441,True,0.20000000298023224,1.0711075402213175e-11,0.2000000029909433,True,True
82,20,0.06778041273355484,0.001,True,True,True,0.06677352310767393,True,0.20000000298023224,1.4032530343266818e-11,0.20000000299426476,True,True
83,1,0.06957931816577911,0.001,True,True,True,0.06900462488482595,True,0.20000000298023224,8.536400406610594e-11,0.20000000306559623,True,True
83,2,0.07003605365753174,0.001,True,True,True,0.06941677849290329,True,0.20000000298023224,8.536400406610594e-11,0.20000000306559623,True,True
83,3,0.07047456502914429,0.001,True,True,True,0.06981997511486271,True,0.20000000298023224,8.536400406610594e-11,0.20000000306559623,True,True
83,4,0.07089882344007492,0.001,True,True,True,0.07021372895143485,True,0.20000000298023224,8.536400406610594e-11,0.20000000306559623,True,True
83,5,0.0713101476430893,0.001,True,True,True,0.07059716701214236,True,0.20000000298023224,8.536400406610594e-11,0.20000000306559623,True,True
83,6,0.0717090517282486,0.001,True,True,True,0.07096978038668078,True,0.20000000298023224,8.536400406610594e-11,0.20000000306559623,True,True
83,7,0.07209517806768417,0.001,True,True,True,0.07133077450033365,True,0.20000000298023224,8.536400406610594e-11,0.20000000306559623,True,True
83,8,0.07246806472539902,0.001,True,True,True,0.07167954658877573,True,0.20000000298023224,8.536400406610594e-11,0.20000000306559623,True,True
83,9,0.0728272944688797,0.001,True,True,True,0.07201566860059194,True,0.20000000298023224,8.536400406610594e-11,0.20000000306559623,True,True
83,10,0.07317222654819489,0.001,True,True,True,0.07233854913015425,True,0.20000000298023224,8.536400406610592e-11,0.20000000306559623,True,True
83,11,0.07350249588489532,0.001,True,True,True,0.07264788430446789,True,0.20000000298023224,8.536400406610594e-11,0.20000000306559623,True,True
83,12,0.07381770014762878,0.001,True,True,True,0.07294333183240176,True,0.20000000298023224,8.536400406610592e-11,0.20000000306559623,True,True
83,13,0.07411762326955795,0.001,True,True,True,0.07322472101513788,True,0.20000000298023224,8.536400406610594e-11,0.20000000306559623,True,True
83,14,0.07440205663442612,0.001,True,True,True,0.07349187616526087,True,0.20000000298023224,8.536400406610594e-11,0.20000000306559623,True,True
83,15,0.07467092573642731,0.001,True,True,True,0.07374473974856943,True,0.20000000298023224,8.536400406610594e-11,0.20000000306559623,True,True
83,16,0.07492416352033615,0.001,True,True,True,0.07398324773454568,True,0.20000000298023224,8.536400406610594e-11,0.20000000306559623,True,True
83,17,0.0751618817448616,0.001,True,True,True,0.07420750488512806,True,0.20000000298023224,8.536400406610594e-11,0.20000000306559623,True,True
83,18,0.07342712581157684,0.001,True,True,True,0.07213126939175252,True,0.20000000298023224,8.536400406610594e-11,0.20000000306559623,True,True
83,19,0.07058848440647125,0.001,True,True,True,0.06942970468821974,True,0.20000000298023224,8.536400406610594e-11,0.20000000306559623,True,True
83,20,0.06777352839708328,0.001,True,True,True,0.06675116312060014,True,0.20000000298023224,9.630770820494692e-11,0.20000000307653995,True,True
84,1,0.07000481337308884,0.001,True,True,True,0.06937107643345097,True,0.20000000298023224,8.720531437816539e-16,0.2000000029802331,True,True
84,2,0.0704168975353241,0.001,True,True,True,0.0697405156712555,True,0.20000000298023224,8.720531437816539e-16,0.2000000029802331,True,True
84,3,0.07082009315490723,0.001,True,True,True,0.07011013861622417,True,0.20000000298023224,8.720531437816539e-16,0.2000000029802331,True,True
84,4,0.07121378928422928,0.001,True,True,True,0.0704756575977541,True,0.20000000298023224,8.720531437816539e-16,0.2000000029802331,True,True
84,5,0.07159730792045593,0.001,True,True,True,0.07083429667904517,True,0.20000000298023224,8.720531437816539e-16,0.2000000029802331,True,True
84,6,0.07196981459856033,0.001,True,True,True,0.07118404766320141,True,0.20000000298023224,8.720531437816539e-16,0.2000000029802331,True,True
84,7,0.07233080267906189,0.001,True,True,True,0.07152376834743945,True,0.20000000298023224,8.720531437816539e-16,0.2000000029802331,True,True
84,8,0.07267959415912628,0.001,True,True,True,0.0718524496706241,True,0.20000000298023224,8.720531437816539e-16,0.2000000029802331,True,True
84,9,0.07301563769578934,0.001,True,True,True,0.07216938718752552,True,0.20000000298023224,8.720531437816539e-16,0.2000000029802331,True,True
84,10,0.07333856076002121,0.001,True,True,True,0.07247415147494529,True,0.20000000298023224,8.720531437945786e-16,0.2000000029802331,True,True
84,11,0.0736478865146637,0.001,True,True,True,0.07276625813651949,True,0.20000000298023224,8.720531437816539e-16,0.2000000029802331,True,True
84,12,0.0739433541893959,0.001,True,True,True,0.0730454653027034,True,0.20000000298023224,8.720531437945786e-16,0.2000000029802331,True,True
84,13,0.07422472536563873,0.001,True,True,True,0.07331156199717437,True,0.20000000298023224,8.720531437816539e-16,0.2000000029802331,True,True
84,14,0.07449185848236084,0.001,True,True,True,0.07356443255634804,True,0.20000000298023224,8.720531437816539e-16,0.2000000029802331,True,True
84,15,0.07474471628665924,0.001,True,True,True,0.07380406129464678,True,0.20000000298023224,8.720531437816539e-16,0.2000000029802331,True,True
84,16,0.07498325407505035,0.001,True,True,True,0.07403041927780818,True,0.20000000298023224,8.720531437816539e-16,0.2000000029802331,True,True
84,17,0.07520746439695358,0.001,True,True,True,0.07424350641623778,True,0.20000000298023224,8.720531437816539e-16,0.2000000029802331,True,True
84,18,0.07313130050897598,0.001,True,True,True,0.0719161688904616,True,0.20000000298023224,8.720531437816539e-16,0.2000000029802331,True,True
84,19,0.07042975723743439,0.001,True,True,True,0.0693178322228023,True,0.20000000298023224,8.720531437816539e-16,0.2000000029802331,True,True
84,20,0.06775116175413132,0.001,True,True,True,0.06674218473360494,True,0.20000000298023224,7.193829734129007e-16,0.20000000298023296,True,True
85,1,0.07037127017974854,0.001,True,True,True,0.06977955717748752,True,0.20000000298023224,5.860001492049383e-15,0.2000000029802381,True,True
85,2,0.07074064761400223,0.001,True,True,True,0.07015623468204069,True,0.20000000298023224,5.860001492049383e-15,0.2000000029802381,True,True
85,3,0.07111025601625443,0.001,True,True,True,0.07051332905524765,True,0.20000000298023224,5.860001492049383e-15,0.2000000029802381,True,True
85,4,0.07147575169801712,0.001,True,True,True,0.07085642950235771,True,0.20000000298023224,5.860001492049383e-15,0.2000000029802381,True,True
85,5,0.07183434069156647,0.001,True,True,True,0.07118816247840942,True,0.20000000298023224,5.860001492049383e-15,0.2000000029802381,True,True
85,6,0.07218413054943085,0.001,True,True,True,0.07150957824851445,True,0.20000000298023224,5.860001492049383e-15,0.2000000029802381,True,True
85,7,0.07252378761768341,0.001,True,True,True,0.07182090766258253,True,0.20000000298023224,5.860001492049383e-15,0.2000000029802381,True,True
85,8,0.07285245507955551,0.001,True,True,True,0.07212210873851788,True,0.20000000298023224,5.860001492049383e-15,0.2000000029802381,True,True
85,9,0.07316946238279343,0.001,True,True,True,0.07241291248903015,True,0.20000000298023224,5.860001492049383e-15,0.2000000029802381,True,True
85,10,0.07347416877746582,0.001,True,True,True,0.0726928536490824,True,0.20000000298023224,5.8600014920623075e-15,0.2000000029802381,True,True
85,11,0.07376626133918762,0.001,True,True,True,0.07296167330705527,True,0.20000000298023224,5.860001492049383e-15,0.2000000029802381,True,True
85,12,0.07404547929763794,0.001,True,True,True,0.0732191012189638,True,0.20000000298023224,5.8600014920623075e-15,0.2000000029802381,True,True
85,13,0.07431156188249588,0.001,True,True,True,0.07346483208155785,True,0.20000000298023224,5.860001492049383e-15,0.2000000029802381,True,True
85,14,0.07456441223621368,0.001,True,True,True,0.07369871102725878,True,0.20000000298023224,5.860001492049383e-15,0.2000000029802381,True,True
85,15,0.07480404525995255,0.001,True,True,True,0.07392068391567364,True,0.20000000298023224,5.860001492049383e-15,0.2000000029802381,True,True
85,16,0.07503040134906769,0.001,True,True,True,0.07413062055848219,True,0.20000000298023224,5.860001492049383e-15,0.2000000029802381,True,True
85,17,0.07524354755878448,0.001,True,True,True,0.07432851786749795,True,0.20000000298023224,5.860001492049383e-15,0.2000000029802381,True,True
85,18,0.07291613519191742,0.001,True,True,True,0.0715936110613492,True,0.20000000298023224,5.860001492049383e-15,0.2000000029802381,True,True
85,19,0.07031779736280441,0.001,True,True,True,0.06915387770070625,True,0.20000000298023224,5.860001492049383e-15,0.2000000029802381,True,True
85,20,0.06774219125509262,0.001,True,True,True,0.06673480419107758,True,0.20000000298023224,6.4327882358542966e-15,0.20000000298023868,True,True
86,1,0.07077965140342712,0.001,True,True,True,0.07013806003833689,True,0.20000000298023224,2.267680222003425e-14,0.20000000298025492,True,True
86,2,0.07115630805492401,0.001,True,True,True,0.07047787470193778,True,0.20000000298023224,2.267680222003425e-14,0.20000000298025492,True,True
86,3,0.07151343673467636,0.001,True,True,True,0.07080618474538947,True,0.20000000298023224,2.267680222003425e-14,0.20000000298025492,True,True
86,4,0.0718565359711647,0.001,True,True,True,0.07112450060381625,True,0.20000000298023224,2.267680222003425e-14,0.20000000298025492,True,True
86,5,0.07218824326992035,0.001,True,True,True,0.07143352091265909,True,0.20000000298023224,2.267680222003425e-14,0.20000000298025492,True,True
86,6,0.07250964641571045,0.001,True,True,True,0.07173343767635776,True,0.20000000298023224,2.267680222003425e-14,0.20000000298025492,True,True
86,7,0.0728209912776947,0.001,True,True,True,0.07202412418926318,True,0.20000000298023224,2.267680222003425e-14,0.20000000298025492,True,True
86,8,0.07312215864658356,0.001,True,True,True,0.07230534472245964,True,0.20000000298023224,2.267680222003425e-14,0.20000000298025492,True,True
86,9,0.0734129473567009,0.001,True,True,True,0.07257689784351895,True,0.20000000298023224,2.267680222003425e-14,0.20000000298025492,True,True
86,10,0.0736929178237915,0.001,True,True,True,0.0728383953614814,True,0.20000000298023224,2.267680221994378e-14,0.20000000298025492,True,True
86,11,0.07396171987056732,0.001,True,True,True,0.07308954741859142,True,0.20000000298023224,2.267680222003425e-14,0.20000000298025492,True,True
86,12,0.07421908527612686,0.001,True,True,True,0.07333014412101746,True,0.20000000298023224,2.267680221994378e-14,0.20000000298025492,True,True
86,13,0.07446485757827759,0.001,True,True,True,0.07356007880646365,True,0.20000000298023224,2.267680222003425e-14,0.20000000298025492,True,True
86,14,0.07469875365495682,0.001,True,True,True,0.07377910391481834,True,0.20000000298023224,2.267680222003425e-14,0.20000000298025492,True,True
86,15,0.07492072880268097,0.001,True,True,True,0.0739871979144694,True,0.20000000298023224,2.267680222003425e-14,0.20000000298025492,True,True
86,16,0.07513062655925751,0.001,True,True,True,0.07418421699491995,True,0.20000000298023224,2.267680222003425e-14,0.20000000298025492,True,True
86,17,0.07504037767648697,0.001,True,True,True,0.07363116032406936,True,0.20000000298023224,2.267680222003425e-14,0.20000000298025492,True,True
86,18,0.07259365916252136,0.001,True,True,True,0.07131335855211696,True,0.20000000298023224,2.267680222003425e-14,0.20000000298025492,True,True
86,19,0.07015388458967209,0.001,True,True,True,0.06900282991939455,True,0.20000000298023224,2.267680222003425e-14,0.20000000298025492,True,True
86,20,0.06773485243320465,0.001,True,True,True,0.06671237891697923,True,0.20000000298023224,1.9464948699096958e-14,0.2000000029802517,True,True
87,1,0.07113820314407349,0.001,True,True,True,0.07044723057517321,True,0.20000000298023224,2.029490360947493e-13,0.2000000029804352,True,True
87,2,0.0714779868721962,0.001,True,True,True,0.07075179302276713,True,0.20000000298023224,2.029490360947493e-13,0.2000000029804352,True,True
87,3,0.07180628180503845,0.001,True,True,True,0.0710526704118597,True,0.20000000298023224,2.029490360947493e-13,0.2000000029804352,True,True
87,4,0.07212455570697784,0.001,True,True,True,0.07134810069835662,True,0.20000000298023224,2.029490360947493e-13,0.2000000029804352,True,True
87,5,0.07243353873491287,0.001,True,True,True,0.07163697937273283,True,0.20000000298023224,2.029490360947493e-13,0.2000000029804352,True,True
87,6,0.07273346930742264,0.001,True,True,True,0.07191851479030065,True,0.20000000298023224,2.029490360947493e-13,0.2000000029804352,True,True
87,7,0.07302413880825043,0.001,True,True,True,0.07219194117295902,True,0.20000000298023224,2.029490360947493e-13,0.2000000029804352,True,True
87,8,0.0733054131269455,0.001,True,True,True,0.07245683342877585,True,0.20000000298023224,2.029490360947493e-13,0.2000000029804352,True,True
87,9,0.0735769122838974,0.001,True,True,True,0.07271267795068692,True,0.20000000298023224,2.029490360947493e-13,0.2000000029804352,True,True
87,10,0.07383839786052704,0.001,True,True,True,0.07295918883852281,True,0.20000000298023224,2.0294903609465882e-13,0.2000000029804352,True,True
87,11,0.07408951967954636,0.001,True,True,True,0.07319601177608626,True,0.20000000298023224,2.029490360947493e-13,0.2000000029804352,True,True
87,12,0.0743301659822464,0.001,True,True,True,0.0734230556684895,True,0.20000000298023224,2.0294903609465882e-13,0.2000000029804352,True,True
87,13,0.07456009089946747,0.001,True,True,True,0.07364010280531819,True,0.20000000298023224,2.029490360947493e-13,0.2000000029804352,True,True
87,14,0.07477908581495285,0.001,True,True,True,0.07384697454014277,True,0.20000000298023224,2.029490360947493e-13,0.2000000029804352,True,True
87,15,0.07498718053102493,0.001,True,True,True,0.0740437276704925,True,0.20000000298023224,2.029490360947493e-13,0.2000000029804352,True,True
87,16,0.07518424838781357,0.001,True,True,True,0.07423025736734656,True,0.20000000298023224,2.029490360947493e-13,0.2000000029804352,True,True
87,17,0.07463115453720093,0.001,True,True,True,0.07333446149965117,True,0.20000000298023224,2.029490360947493e-13,0.2000000029804352,True,True
87,18,0.0723133310675621,0.001,True,True,True,0.07111258378205809,True,0.20000000298023224,2.029490360947493e-13,0.2000000029804352,True,True
87,19,0.07000282406806946,0.001,True,True,True,0.06889854811136631,True,0.20000000298023224,2.029490360947493e-13,0.2000000029804352,True,True
87,20,0.06771233677864075,0.001,True,True,True,0.0667042106721798,True,0.20000000298023224,1.2144752600152492e-13,0.2000000029803537,True,True
88,1,0.07144731283187866,0.001,True,True,True,0.07071453338258127,True,0.20000000298023224,1.3181752445487764e-12,0.2000000029815504,True,True
88,2,0.0717519000172615,0.001,True,True,True,0.0709888533503733,True,0.20000000298023224,1.3181752445487764e-12,0.2000000029815504,True,True
88,3,0.07205269485712051,0.001,True,True,True,0.07126580300851304,True,0.20000000298023224,1.3181752445487764e-12,0.2000000029815504,True,True
88,4,0.07234816253185272,0.001,True,True,True,0.07154130028131767,True,0.20000000298023224,1.3181752445487764e-12,0.2000000029815504,True,True
88,5,0.07263704389333725,0.001,True,True,True,0.07181261768680125,True,0.20000000298023224,1.3181752445487764e-12,0.2000000029815504,True,True
88,6,0.07291853427886963,0.001,True,True,True,0.07207811639982409,True,0.20000000298023224,1.3181752445487764e-12,0.2000000029815504,True,True
88,7,0.07319200038909912,0.001,True,True,True,0.07233669514773944,True,0.20000000298023224,1.3181752445487764e-12,0.2000000029815504,True,True
88,8,0.07345684617757797,0.001,True,True,True,0.07258750463028352,True,0.20000000298023224,1.3181752445487764e-12,0.2000000029815504,True,True
88,9,0.07371270656585693,0.001,True,True,True,0.0728300500463388,True,0.20000000298023224,1.3181752445487764e-12,0.2000000029815504,True,True
88,10,0.07395920157432556,0.001,True,True,True,0.07306389114619671,True,0.20000000298023224,1.318175244548686e-12,0.2000000029815504,True,True
88,11,0.07419605553150177,0.001,True,True,True,0.07328873015501702,True,0.20000000298023224,1.3181752445487764e-12,0.2000000029815504,True,True
88,12,0.07442305982112885,0.001,True,True,True,0.07350435775868125,True,0.20000000298023224,1.318175244548686e-12,0.2000000029815504,True,True
88,13,0.07464010268449783,0.001,True,True,True,0.07371066971098295,True,0.20000000298023224,1.3181752445487764e-12,0.2000000029815504,True,True
88,14,0.0748470276594162,0.001,True,True,True,0.07390752188530014,True,0.20000000298023224,1.3181752445487764e-12,0.2000000029815504,True,True
88,15,0.07504371553659439,0.001,True,True,True,0.07409480638412969,True,0.20000000298023224,1.3181752445487764e-12,0.2000000029815504,True,True
88,16,0.07523026317358017,0.001,True,True,True,0.07427262916108301,True,0.20000000298023224,1.3181752445487764e-12,0.2000000029815504,True,True
88,17,0.07433445006608963,0.001,True,True,True,0.07310821228906073,True,0.20000000298023224,1.3181752445487764e-12,0.2000000029815504,True,True
88,18,0.07211259752511978,0.001,True,True,True,0.07096180579953248,True,0.20000000298023224,1.3181752445487764e-12,0.2000000029815504,True,True
88,19,0.0698985680937767,0.001,True,True,True,0.06882352822202642,True,0.20000000298023224,1.3181752445487764e-12,0.2000000029815504,True,True
88,20,0.06770424544811249,0.001,True,True,True,0.06670465831614703,True,0.20000000298023224,7.742615320698009e-13,0.2000000029810065,True,True
89,1,0.0717146173119545,0.001,True,True,True,0.07103167383585762,True,0.20000000298023224,1.7324726385110374e-14,0.20000000298024956,True,True
89,2,0.07198888063430786,0.001,True,True,True,0.07132089282970677,True,0.20000000298023224,1.7324726385110374e-14,0.20000000298024956,True,True
89,3,0.07226589322090149,0.001,True,True,True,0.07159265742352339,True,0.20000000298023224,1.7324726385110374e-14,0.20000000298024956,True,True
89,4,0.07254132628440857,0.001,True,True,True,0.07185259380399722,True,0.20000000298023224,1.7324726385110374e-14,0.20000000298024956,True,True
89,5,0.07281266897916794,0.001,True,True,True,0.07210362425279448,True,0.20000000298023224,1.7324726385110374e-14,0.20000000298024956,True,True
89,6,0.07307815551757812,0.001,True,True,True,0.07234693210637977,True,0.20000000298023224,1.7324726385110374e-14,0.20000000298024956,True,True
89,7,0.07333672046661377,0.001,True,True,True,0.07258302788108639,True,0.20000000298023224,1.7324726385110374e-14,0.20000000298024956,True,True
89,8,0.07358752191066742,0.001,True,True,True,0.07281189230432994,True,0.20000000298023224,1.7324726385110374e-14,0.20000000298024956,True,True
89,9,0.07383005321025848,0.001,True,True,True,0.07303342465912754,True,0.20000000298023224,1.7324726385110374e-14,0.20000000298024956,True,True
89,10,0.07406387478113174,0.001,True,True,True,0.07324736615694538,True,0.20000000298023224,1.73247263850199e-14,0.20000000298024956,True,True
89,11,0.0742887556552887,0.001,True,True,True,0.07345354277370164,True,0.20000000298023224,1.7324726385110374e-14,0.20000000298024956,True,True
89,12,0.07450435310602188,0.001,True,True,True,0.0736516042572577,True,0.20000000298023224,1.73247263850199e-14,0.20000000298024956,True,True
89,13,0.07471070438623428,0.001,True,True,True,0.07384154733318582,True,0.20000000298023224,1.7324726385110374e-14,0.20000000298024956,True,True
89,14,0.07490753382444382,0.001,True,True,True,0.0740230359598375,True,0.20000000298023224,1.7324726385110374e-14,0.20000000298024956,True,True
89,15,0.07509484887123108,0.001,True,True,True,0.07419601572287704,True,0.20000000298023224,1.7324726385110374e-14,0.20000000298024956,True,True
89,16,0.07527261972427368,0.001,True,True,True,0.07436038843534731,True,0.20000000298023224,1.7324726385110374e-14,0.20000000298024956,True,True
89,17,0.07410824298858643,0.001,True,True,True,0.07268183478520196,True,0.20000000298023224,1.7324726385110374e-14,0.20000000298024956,True,True
89,18,0.07196182012557983,0.001,True,True,True,0.07067792946360818,True,0.20000000298023224,1.7324726385110374e-14,0.20000000298024956,True,True
89,19,0.06982357054948807,0.001,True,True,True,0.06868001213386488,True,0.20000000298023224,1.7324726385110374e-14,0.20000000298024956,True,True
89,20,0.06770463287830353,0.001,True,True,True,0.06669930103061594,True,0.20000000298023224,1.502325869287168e-14,0.20000000298024725,True,True
90,1,0.07203172892332077,0.001,True,True,True,0.07131048071614499,True,0.20000000298023224,2.651522256515453e-14,0.20000000298025875,True,True
90,2,0.07232096046209335,0.001,True,True,True,0.07157142203172895,True,0.20000000298023224,2.651522256515453e-14,0.20000000298025875,True,True
90,3,0.07259269803762436,0.001,True,True,True,0.07182147051194732,True,0.20000000298023224,2.651522256515453e-14,0.20000000298025875,True,True
90,4,0.07285265624523163,0.001,True,True,True,0.07206288657646465,True,0.20000000298023224,2.651522256515453e-14,0.20000000298025875,True,True
90,5,0.0731036514043808,0.001,True,True,True,0.07229685159151022,True,0.20000000298023224,2.651522256515453e-14,0.20000000298025875,True,True
90,6,0.07334695011377335,0.001,True,True,True,0.07252390443937395,True,0.20000000298023224,2.651522256515453e-14,0.20000000298025875,True,True
90,7,0.07358306646347046,0.001,True,True,True,0.0727442722471463,True,0.20000000298023224,2.651522256515453e-14,0.20000000298025875,True,True
90,8,0.07381194084882736,0.001,True,True,True,0.0729578198849612,True,0.20000000298023224,2.651522256515453e-14,0.20000000298025875,True,True
90,9,0.0740334764122963,0.001,True,True,True,0.07316446557217071,True,0.20000000298023224,2.651522256515453e-14,0.20000000298025875,True,True
90,10,0.07424741238355637,0.001,True,True,True,0.07336400155545209,True,0.20000000298023224,2.6515222565270852e-14,0.20000000298025875,True,True
90,11,0.07445352524518967,0.001,True,True,True,0.0735562640890417,True,0.20000000298023224,2.651522256515453e-14,0.20000000298025875,True,True
90,12,0.07465162128210068,0.001,True,True,True,0.07374111356269075,True,0.20000000298023224,2.6515222565270852e-14,0.20000000298025875,True,True
90,13,0.07484152168035507,0.001,True,True,True,0.07391841800592769,True,0.20000000298023224,2.651522256515453e-14,0.20000000298025875,True,True
90,14,0.07502304762601852,0.001,True,True,True,0.07408803217994919,True,0.20000000298023224,2.651522256515453e-14,0.20000000298025875,True,True
90,15,0.0751960352063179,0.001,True,True,True,0.07424981792070806,True,0.20000000298023224,2.651522256515453e-14,0.20000000298025875,True,True
90,16,0.07536039501428604,0.001,True,True,True,0.07440370114897343,True,0.20000000298023224,2.651522256515453e-14,0.20000000298025875,True,True
90,17,0.07368180900812149,0.001,True,True,True,0.07231981749309535,True,0.20000000298023224,2.651522256515453e-14,0.20000000298025875,True,True
90,18,0.07167794555425644,0.001,True,True,True,0.07042955966651554,True,0.20000000298023224,2.651522256515453e-14,0.20000000298025875,True,True
90,19,0.06967998296022415,0.001,True,True,True,0.06854544898375226,True,0.20000000298023224,2.651522256515453e-14,0.20000000298025875,True,True
90,20,0.06769932806491852,0.001,True,True,True,0.06667800844400884,True,0.20000000298023224,2.27466642574508e-14,0.200000002980255,True,True
91,1,0.07231054455041885,0.001,True,True,True,0.07155155340498764,True,0.20000000298023224,5.29711523057907e-13,0.20000000298076195,True,True
91,2,0.07257150858640671,0.001,True,True,True,0.0717858408909744,True,0.20000000298023224,5.29711523057907e-13,0.20000000298076195,True,True
91,3,0.07282155007123947,0.001,True,True,True,0.07201530113150867,True,0.20000000298023224,5.29711523057907e-13,0.20000000298076195,True,True
91,4,0.0730629563331604,0.001,True,True,True,0.07223966102331314,True,0.20000000298023224,5.29711523057907e-13,0.20000000298076195,True,True
91,5,0.07329688221216202,0.001,True,True,True,0.07245861603887005,True,0.20000000298023224,5.29711523057907e-13,0.20000000298076195,True,True
91,6,0.07352398335933685,0.001,True,True,True,0.07267200280269648,True,0.20000000298023224,5.29711523057907e-13,0.20000000298076195,True,True
91,7,0.0737442746758461,0.001,True,True,True,0.07287939113829289,True,0.20000000298023224,5.29711523057907e-13,0.20000000298076195,True,True
91,8,0.07395783066749573,0.001,True,True,True,0.07308062302860141,True,0.20000000298023224,5.29711523057907e-13,0.20000000298076195,True,True
91,9,0.07416445761919022,0.001,True,True,True,0.07327539950997897,True,0.20000000298023224,5.29711523057907e-13,0.20000000298076195,True,True
91,10,0.07436397671699524,0.001,True,True,True,0.07346350262576506,True,0.20000000298023224,5.297115230580233e-13,0.20000000298076195,True,True
91,11,0.07455628365278244,0.001,True,True,True,0.07364482762258995,True,0.20000000298023224,5.29711523057907e-13,0.20000000298076195,True,True
91,12,0.07474114745855331,0.001,True,True,True,0.07381916204719208,True,0.20000000298023224,5.297115230580233e-13,0.20000000298076195,True,True
91,13,0.07491844892501831,0.001,True,True,True,0.07398641413951579,True,0.20000000298023224,5.29711523057907e-13,0.20000000298076195,True,True
91,14,0.0750880017876625,0.001,True,True,True,0.07414642557968754,True,0.20000000298023224,5.29711523057907e-13,0.20000000298076195,True,True
91,15,0.07524978369474411,0.001,True,True,True,0.0742992008436093,True,0.20000000298023224,5.29711523057907e-13,0.20000000298076195,True,True
91,16,0.07520975172519684,0.001,True,True,True,0.07387005415135173,True,0.20000000298023224,5.29711523057907e-13,0.20000000298076195,True,True
91,17,0.07331986725330353,0.001,True,True,True,0.07206257903400481,True,0.20000000298023224,5.29711523057907e-13,0.20000000298076195,True,True
91,18,0.07142955809831619,0.001,True,True,True,0.070255679696558,True,0.20000000298023224,5.29711523057907e-13,0.20000000298076195,True,True
91,19,0.0695454478263855,0.001,True,True,True,0.06845541156585289,True,0.20000000298023224,5.29711523057907e-13,0.20000000298076195,True,True
91,20,0.06767801195383072,0.001,True,True,True,0.06667150098662455,True,0.20000000298023224,4.194132763921918e-13,0.20000000298065165,True,True
92,1,0.07255162298679352,0.001,True,True,True,0.071760627180529,True,0.20000000298023224,1.3146422315307437e-11,0.20000000299337867,True,True
92,2,0.0727858915925026,0.001,True,True,True,0.07197197376943587,True,0.20000000298023224,1.3146422315307437e-11,0.20000000299337867,True,True
92,3,0.07301528751850128,0.001,True,True,True,0.07218352188057497,True,0.20000000298023224,1.3146422315307437e-11,0.20000000299337867,True,True
92,4,0.07323967665433884,0.001,True,True,True,0.07239308772632469,True,0.20000000298023224,1.3146422315307437e-11,0.20000000299337867,True,True
92,5,0.07345864176750183,0.001,True,True,True,0.07259907276314348,True,0.20000000298023224,1.3146422315307437e-11,0.20000000299337867,True,True
92,6,0.07367201894521713,0.001,True,True,True,0.07280064099336192,True,0.20000000298023224,1.3146422315307437e-11,0.20000000299337867,True,True
92,7,0.07387944310903549,0.001,True,True,True,0.07299704885445057,True,0.20000000298023224,1.3146422315307437e-11,0.20000000299337867,True,True
92,8,0.07408060133457184,0.001,True,True,True,0.07318777933163279,True,0.20000000298023224,1.3146422315307437e-11,0.20000000299337867,True,True
92,9,0.0742754265666008,0.001,True,True,True,0.07337265963548878,True,0.20000000298023224,1.3146422315307437e-11,0.20000000299337867,True,True
92,10,0.07446356862783432,0.001,True,True,True,0.07355129021369167,True,0.20000000298023224,1.3146422315306726e-11,0.20000000299337867,True,True
92,11,0.07464487105607986,0.001,True,True,True,0.07372349830934244,True,0.20000000298023224,1.3146422315307437e-11,0.20000000299337867,True,True
92,12,0.0748191773891449,0.001,True,True,True,0.0738891272703529,True,0.20000000298023224,1.3146422315306726e-11,0.20000000299337867,True,True
92,13,0.07498637586832047,0.001,True,True,True,0.07404807455057105,True,0.20000000298023224,1.3146422315307437e-11,0.20000000299337867,True,True
92,14,0.07514645159244537,0.001,True,True,True,0.0742003372360095,True,0.20000000298023224,1.3146422315307437e-11,0.20000000299337867,True,True
92,15,0.0752992257475853,0.001,True,True,True,0.07434575022600176,True,0.20000000298023224,1.3146422315307437e-11,0.20000000299337867,True,True
92,16,0.07487009465694427,0.001,True,True,True,0.07361145271049141,True,0.20000000298023224,1.3146422315307437e-11,0.20000000299337867,True,True
92,17,0.07306254655122757,0.001,True,True,True,0.0718684842104218,True,0.20000000298023224,1.3146422315307437e-11,0.20000000299337867,True,True
92,18,0.07125566899776459,0.001,True,True,True,0.07012678789024318,True,0.20000000298023224,1.3146422315307437e-11,0.20000000299337867,True,True
92,19,0.06945540010929108,0.001,True,True,True,0.0683919209112257,True,0.20000000298023224,1.3146422315307437e-11,0.20000000299337867,True,True
92,20,0.06767150014638901,0.001,True,True,True,0.06667311926546815,True,0.20000000298023224,7.592869401072729e-12,0.2000000029878251,True,True
93,1,0.0727606937289238,0.001,True,True,True,0.0719430656737603,True,0.20000000298023224,2.8635500222453996e-11,0.20000000300886775,True,True
93,2,0.07297196239233017,0.001,True,True,True,0.07213497746319553,True,0.20000000298023224,2.8635500222453996e-11,0.20000000300886775,True,True
93,3,0.0731835588812828,0.001,True,True,True,0.07233133276257642,True,0.20000000298023224,2.8635500222453996e-11,0.20000000300886775,True,True
93,4,0.07339310646057129,0.001,True,True,True,0.07252812575754508,True,0.20000000298023224,2.8635500222453996e-11,0.20000000300886775,True,True
93,5,0.07359912246465683,0.001,True,True,True,0.07272293055663737,True,0.20000000298023224,2.8635500222453996e-11,0.20000000300886775,True,True
93,6,0.07380064576864243,0.001,True,True,True,0.07291424697700455,True,0.20000000298023224,2.8635500222453996e-11,0.20000000300886775,True,True
93,7,0.07399700582027435,0.001,True,True,True,0.07310109906418205,True,0.20000000298023224,2.8635500222453996e-11,0.20000000300886775,True,True
93,8,0.07418780773878098,0.001,True,True,True,0.07328292492645427,True,0.20000000298023224,2.8635500222453996e-11,0.20000000300886775,True,True
93,9,0.07437264919281006,0.001,True,True,True,0.07345923289517897,True,0.20000000298023224,2.8635500222453996e-11,0.20000000300886775,True,True
93,10,0.0745513066649437,0.001,True,True,True,0.07362975673813599,True,0.20000000298023224,2.8635500222453286e-11,0.20000000300886775,True,True
93,11,0.0747235119342804,0.001,True,True,True,0.07379421004310793,True,0.20000000298023224,2.8635500222453996e-11,0.20000000300886775,True,True
93,12,0.07488913089036942,0.001,True,True,True,0.07395245425513919,True,0.20000000298023224,2.8635500222453286e-11,0.20000000300886775,True,True
93,13,0.07504810392856598,0.001,True,True,True,0.07410443249315701,True,0.20000000298023224,2.8635500222453996e-11,0.20000000300886775,True,True
93,14,0.07520033419132233,0.001,True,True,True,0.07425005354840775,True,0.20000000298023224,2.8635500222453996e-11,0.20000000300886775,True,True
93,15,0.07534576207399368,0.001,True,True,True,0.07438926367291765,True,0.20000000298023224,2.8635500222453996e-11,0.20000000300886775,True,True
93,16,0.07461146265268326,0.001,True,True,True,0.07340607322348802,True,0.20000000298023224,2.8635500222453996e-11,0.20000000300886775,True,True
93,17,0.07286849617958069,0.001,True,True,True,0.07171572456063524,True,0.20000000298023224,2.8635500222453996e-11,0.20000000300886775,True,True
93,18,0.0711267739534378,0.001,True,True,True,0.07002702234001612,True,0.20000000298023224,2.8635500222453996e-11,0.20000000300886775,True,True
93,19,0.06939194351434708,0.001,True,True,True,0.06834533318304115,True,0.20000000298023224,2.8635500222453996e-11,0.20000000300886775,True,True
93,20,0.06767311692237854,0.001,True,True,True,0.06667937316403738,True,0.20000000298023224,1.335694912426394e-11,0.2000000029935892,True,True
94,1,0.07294309884309769,0.001,True,True,True,0.07210336665864303,True,0.20000000298023224,4.130876955498418e-11,0.200000003021541,True,True
94,2,0.07313507050275803,0.001,True,True,True,0.07227903073958863,True,0.20000000298023224,4.130876955498418e-11,0.200000003021541,True,True
94,3,0.07333140075206757,0.001,True,True,True,0.07246237081502782,True,0.20000000298023224,4.130876955498418e-11,0.200000003021541,True,True
94,4,0.07352815568447113,0.001,True,True,True,0.0726481617519702,True,0.20000000298023224,4.130876955498418e-11,0.200000003021541,True,True
94,5,0.07372292131185532,0.001,True,True,True,0.07283323793759033,True,0.20000000298023224,4.130876955498418e-11,0.200000003021541,True,True
94,6,0.07391427457332611,0.001,True,True,True,0.07301574505297681,True,0.20000000298023224,4.130876955498418e-11,0.200000003021541,True,True
94,7,0.07410112768411636,0.001,True,True,True,0.07319435147819997,True,0.20000000298023224,4.130876955498418e-11,0.200000003021541,True,True
94,8,0.07428296655416489,0.001,True,True,True,0.0733684071528432,True,0.20000000298023224,4.130876955498418e-11,0.200000003021541,True,True
94,9,0.0744592472910881,0.001,True,True,True,0.073537296744696,True,0.20000000298023224,4.130876955498418e-11,0.200000003021541,True,True
94,10,0.07462972402572632,0.001,True,True,True,0.07370073791721132,True,0.20000000298023224,4.13087695549843e-11,0.200000003021541,True,True
94,11,0.07479418814182281,0.001,True,True,True,0.07385850608319233,True,0.20000000298023224,4.130876955498418e-11,0.200000003021541,True,True
94,12,0.07495248317718506,0.001,True,True,True,0.07401044014019842,True,0.20000000298023224,4.13087695549843e-11,0.200000003021541,True,True
94,13,0.07510446012020111,0.001,True,True,True,0.07415639141543051,True,0.20000000298023224,4.130876955498418e-11,0.200000003021541,True,True
94,14,0.0752500519156456,0.001,True,True,True,0.07429629565651397,True,0.20000000298023224,4.130876955498418e-11,0.200000003021541,True,True
94,15,0.07538925111293793,0.001,True,True,True,0.07443014889306332,True,0.20000000298023224,4.130876955498418e-11,0.200000003021541,True,True
94,16,0.07440607249736786,0.001,True,True,True,0.07324058729143379,True,0.20000000298023224,4.130876955498418e-11,0.200000003021541,True,True
94,17,0.07271575927734375,0.001,True,True,True,0.07159378907864677,True,0.20000000298023224,4.130876955498418e-11,0.200000003021541,True,True
94,18,0.07102706283330917,0.001,True,True,True,0.06994891759915589,True,0.20000000298023224,4.130876955498418e-11,0.200000003021541,True,True
94,19,0.06934532523155212,0.001,True,True,True,0.06831109152178838,True,0.20000000298023224,4.130876955498418e-11,0.200000003021541,True,True
94,20,0.06767941266298294,0.001,True,True,True,0.06668885913866729,True,0.20000000298023224,1.7016731360770704e-11,0.20000000299724896,True,True
95,1,0.07310336828231812,0.001,True,True,True,0.07232069138009789,True,0.20000000298023224,1.4920297633713196e-12,0.20000000298172427,True,True
95,2,0.07327906042337418,0.001,True,True,True,0.07251878888190377,True,0.20000000298023224,1.4920297633713196e-12,0.20000000298172427,True,True
95,3,0.07346238195896149,0.001,True,True,True,0.07270433974807844,True,0.20000000298023224,1.4920297633713196e-12,0.20000000298172427,True,True
95,4,0.07364817708730698,0.001,True,True,True,0.07288189076034868,True,0.20000000298023224,1.4920297633713196e-12,0.20000000298172427,True,True
95,5,0.07383329421281815,0.001,True,True,True,0.07305362715761654,True,0.20000000298023224,1.4920297633713196e-12,0.20000000298172427,True,True
95,6,0.074015773832798,0.001,True,True,True,0.07322050633588606,True,0.20000000298023224,1.4920297633713196e-12,0.20000000298172427,True,True
95,7,0.07419440150260925,0.001,True,True,True,0.07338288842328855,True,0.20000000298023224,1.4920297633713196e-12,0.20000000298172427,True,True
95,8,0.0743684247136116,0.001,True,True,True,0.0735408492156161,True,0.20000000298023224,1.4920297633713196e-12,0.20000000298172427,True,True
95,9,0.07453729957342148,0.001,True,True,True,0.07369426335696416,True,0.20000000298023224,1.4920297633713196e-12,0.20000000298172427,True,True
95,10,0.0747007504105568,0.001,True,True,True,0.07384304546050846,True,0.20000000298023224,1.492029763371436e-12,0.20000000298172427,True,True
95,11,0.07485852390527725,0.001,True,True,True,0.07398700695114013,True,0.20000000298023224,1.4920297633713196e-12,0.20000000298172427,True,True
95,12,0.07501045614480972,0.001,True,True,True,0.07412598407110593,True,0.20000000298023224,1.492029763371436e-12,0.20000000298172427,True,True
95,13,0.07515636831521988,0.001,True,True,True,0.07425976176125071,True,0.20000000298023224,1.4920297633713196e-12,0.20000000298172427,True,True
95,14,0.0752963051199913,0.001,True,True,True,0.07438833366218167,True,0.20000000298023224,1.4920297633713196e-12,0.20000000298172427,True,True
95,15,0.07543016225099564,0.001,True,True,True,0.07451153530272847,True,0.20000000298023224,1.4920297633713196e-12,0.20000000298172427,True,True
95,16,0.07424057275056839,0.001,True,True,True,0.07276905912435006,True,0.20000000298023224,1.4920297633713196e-12,0.20000000298172427,True,True
95,17,0.07259373366832733,0.001,True,True,True,0.07124316774884687,True,0.20000000298023224,1.4920297633713196e-12,0.20000000298172427,True,True
95,18,0.07094889134168625,0.001,True,True,True,0.06971645201608223,True,0.20000000298023224,1.4920297633713196e-12,0.20000000298172427,True,True
95,19,0.06931110471487045,0.001,True,True,True,0.06819448079297297,True,0.20000000298023224,1.4920297633713196e-12,0.20000000298172427,True,True
95,20,0.06768885999917984,0.001,True,True,True,0.06668602385907374,True,0.20000000298023224,4.087527184715592e-13,0.200000002980641,True,True
96,1,0.07332074642181396,0.001,True,True,True,0.07251330011532997,True,0.20000000298023224,1.836491136635103e-12,0.20000000298206874,True,True
96,2,0.0735187903046608,0.001,True,True,True,0.07269287784194078,True,0.20000000298023224,1.836491136635103e-12,0.20000000298206874,True,True
96,3,0.07370436191558838,0.001,True,True,True,0.07286444262314151,True,0.20000000298023224,1.836491136635103e-12,0.20000000298206874,True,True
96,4,0.07388196885585785,0.001,True,True,True,0.07302997896807428,True,0.20000000298023224,1.836491136635103e-12,0.20000000298206874,True,True
96,5,0.07405363023281097,0.001,True,True,True,0.07319036731036255,True,0.20000000298023224,1.836491136635103e-12,0.20000000298206874,True,True
96,6,0.07422053813934326,0.001,True,True,True,0.07334632770471838,True,0.20000000298023224,1.836491136635103e-12,0.20000000298206874,True,True
96,7,0.07438290119171143,0.001,True,True,True,0.07349791213285528,True,0.20000000298023224,1.836491136635103e-12,0.20000000298206874,True,True
96,8,0.07454086095094681,0.001,True,True,True,0.07364524530320082,True,0.20000000298023224,1.836491136635103e-12,0.20000000298206874,True,True
96,9,0.07469428330659866,0.001,True,True,True,0.07378823232349274,True,0.20000000298023224,1.836491136635103e-12,0.20000000298206874,True,True
96,10,0.07484306395053864,0.001,True,True,True,0.07392682466992295,True,0.20000000298023224,1.8364911366352193e-12,0.20000000298206874,True,True
96,11,0.0749870017170906,0.001,True,True,True,0.07406087882750712,True,0.20000000298023224,1.836491136635103e-12,0.20000000298206874,True,True
96,12,0.07512596994638443,0.001,True,True,True,0.07419031700400092,True,0.20000000298023224,1.8364911366352193e-12,0.20000000298206874,True,True
96,13,0.07525978237390518,0.001,True,True,True,0.0743149931769147,True,0.20000000298023224,1.836491136635103e-12,0.20000000298206874,True,True
96,14,0.07538831233978271,0.001,True,True,True,0.07443481212118308,True,0.20000000298023224,1.836491136635103e-12,0.20000000298206874,True,True
96,15,0.07529029250144958,0.001,True,True,True,0.07380864882051552,True,0.20000000298023224,1.836491136635103e-12,0.20000000298206874,True,True
96,16,0.07376908510923386,0.001,True,True,True,0.07237852067228645,True,0.20000000298023224,1.836491136635103e-12,0.20000000298206874,True,True
96,17,0.07224320620298386,0.001,True,True,True,0.07094496868203981,True,0.20000000298023224,1.836491136635103e-12,0.20000000298206874,True,True
96,18,0.070716492831707,0.001,True,True,True,0.06951133280953481,True,0.20000000298023224,1.836491136635103e-12,0.20000000298206874,True,True
96,19,0.06919452548027039,0.001,True,True,True,0.06808262109308671,True,0.20000000298023224,1.836491136635103e-12,0.20000000298206874,True,True
96,20,0.06768602132797241,0.001,True,True,True,0.06666681214961734,True,0.20000000298023224,6.008867120722111e-13,0.20000000298083312,True,True
97,1,0.07351330667734146,0.001,True,True,True,0.072680622952773,True,0.20000000298023224,1.6908631185966423e-12,0.2000000029819231,True,True
97,2,0.0736929252743721,0.001,True,True,True,0.07284252708814676,True,0.20000000298023224,1.6908631185966423e-12,0.2000000029819231,True,True
97,3,0.07386446744203568,0.001,True,True,True,0.07300052136578628,True,0.20000000298023224,1.6908631185966423e-12,0.2000000029819231,True,True
97,4,0.07402994483709335,0.001,True,True,True,0.0731548333542863,True,0.20000000298023224,1.6908631185966423e-12,0.2000000029819231,True,True
97,5,0.07419036328792572,0.001,True,True,True,0.07330545080182616,True,0.20000000298023224,1.6908631185966423e-12,0.2000000029819231,True,True
97,6,0.07434629648923874,0.001,True,True,True,0.0734523752683578,True,0.20000000298023224,1.6908631185966423e-12,0.2000000029819231,True,True
97,7,0.07449790090322495,0.001,True,True,True,0.07359545147922131,True,0.20000000298023224,1.6908631185966423e-12,0.2000000029819231,True,True
97,8,0.07464524358510971,0.001,True,True,True,0.0737345850497958,True,0.20000000298023224,1.6908631185966423e-12,0.2000000029819231,True,True
97,9,0.07478826493024826,0.001,True,True,True,0.07386964307170907,True,0.20000000298023224,1.6908631185966423e-12,0.2000000029819231,True,True
97,10,0.07492681592702866,0.001,True,True,True,0.07400045157951607,True,0.20000000298023224,1.6908631185967586e-12,0.2000000029819231,True,True
97,11,0.07506091147661209,0.001,True,True,True,0.07412702777943458,True,0.20000000298023224,1.6908631185966423e-12,0.2000000029819231,True,True
97,12,0.07519029080867767,0.001,True,True,True,0.07424912773608716,True,0.20000000298023224,1.6908631185967586e-12,0.2000000029819231,True,True
97,13,0.0753149688243866,0.001,True,True,True,0.07436678844876043,True,0.20000000298023224,1.6908631185966423e-12,0.2000000029819231,True,True
97,14,0.0754348561167717,0.001,True,True,True,0.0744799461312331,True,0.20000000298023224,1.6908631185966423e-12,0.2000000029819231,True,True
97,15,0.07480863481760025,0.001,True,True,True,0.07347443827742295,True,0.20000000298023224,1.6908631185966423e-12,0.2000000029819231,True,True
97,16,0.07337850332260132,0.001,True,True,True,0.07210858866703351,True,0.20000000298023224,1.6908631185966423e-12,0.2000000029819231,True,True
97,17,0.071944959461689,0.001,True,True,True,0.07074055749554664,True,0.20000000298023224,1.6908631185966423e-12,0.2000000029819231,True,True
97,18,0.07051131129264832,0.001,True,True,True,0.06937326186946902,True,0.20000000298023224,1.6908631185966423e-12,0.2000000029819231,True,True
97,19,0.0690826028585434,0.001,True,True,True,0.06801126533967372,True,0.20000000298023224,1.6908631185966423e-12,0.2000000029819231,True,True
97,20,0.06766679137945175,0.001,True,True,True,0.06666190113544312,True,0.20000000298023224,6.073114736454447e-13,0.20000000298083956,True,True
98,1,0.07368069142103195,0.001,True,True,True,0.07282644436109176,True,0.20000000298023224,9.025036819965992e-12,0.20000000298925727,True,True
98,2,0.07384254038333893,0.001,True,True,True,0.07297299565424897,True,0.20000000298023224,9.025036819965992e-12,0.20000000298925727,True,True
98,3,0.07400058954954147,0.001,True,True,True,0.07311927705640275,True,0.20000000298023224,9.025036819965992e-12,0.20000000298925727,True,True
98,4,0.07415485382080078,0.001,True,True,True,0.07326385483013131,True,0.20000000298023224,9.025036819965992e-12,0.20000000298925727,True,True
98,5,0.07430552691221237,0.001,True,True,True,0.07340608755351696,True,0.20000000298023224,9.025036819965992e-12,0.20000000298925727,True,True
98,6,0.07445243000984192,0.001,True,True,True,0.07354531702167699,True,0.20000000298023224,9.025036819965992e-12,0.20000000298925727,True,True
98,7,0.07459548115730286,0.001,True,True,True,0.07368119258618977,True,0.20000000298023224,9.025036819965992e-12,0.20000000298925727,True,True
98,8,0.07473456859588623,0.001,True,True,True,0.07381345531501693,True,0.20000000298023224,9.025036819965992e-12,0.20000000298925727,True,True
98,9,0.07486965507268906,0.001,True,True,True,0.07394199107256094,True,0.20000000298023224,9.025036819965992e-12,0.20000000298925727,True,True
98,10,0.07500044256448746,0.001,True,True,True,0.07406646669594619,True,0.20000000298023224,9.025036819966109e-12,0.20000000298925727,True,True
98,11,0.07512697577476501,0.001,True,True,True,0.07418691448795067,True,0.20000000298023224,9.025036819965992e-12,0.20000000298925727,True,True
98,12,0.07524912804365158,0.001,True,True,True,0.07430320934425727,True,0.20000000298023224,9.025036819966109e-12,0.20000000298925727,True,True
98,13,0.0753667801618576,0.001,True,True,True,0.07441523900512803,True,0.20000000298023224,9.025036819965992e-12,0.20000000298925727,True,True
98,14,0.0754799097776413,0.001,True,True,True,0.07452299287499353,True,0.20000000298023224,9.025036819965992e-12,0.20000000298925727,True,True
98,15,0.07447445392608643,0.001,True,True,True,0.07322318134377959,True,0.20000000298023224,9.025036819965992e-12,0.20000000298925727,True,True
98,16,0.07310859113931656,0.001,True,True,True,0.071907190231564,True,0.20000000298023224,9.025036819965992e-12,0.20000000298925727,True,True
98,17,0.07174059003591537,0.001,True,True,True,0.07058976002639639,True,0.20000000298023224,9.025036819965992e-12,0.20000000298925727,True,True
98,18,0.0703732818365097,0.001,True,True,True,0.06927348633339092,True,0.20000000298023224,9.025036819965992e-12,0.20000000298925727,True,True
98,19,0.06901124864816666,0.001,True,True,True,0.067962643357113,True,0.20000000298023224,9.025036819965992e-12,0.20000000298925727,True,True
98,20,0.06766191869974136,0.001,True,True,True,0.06666423949381284,True,0.20000000298023224,3.1857383023202185e-12,0.20000000298341797,True,True
99,1,0.07382646203041077,0.001,True,True,True,0.07295422778785254,True,0.20000000298023224,4.735951514685373e-11,0.20000000302759174,True,True
99,2,0.07397301495075226,0.001,True,True,True,0.0730878751945867,True,0.20000000298023224,4.735951514685373e-11,0.20000000302759174,True,True
99,3,0.07411924004554749,0.001,True,True,True,0.07322408713284001,True,0.20000000298023224,4.735951514685373e-11,0.20000000302759174,True,True
99,4,0.07426387816667557,0.001,True,True,True,0.07336043799944947,True,0.20000000298023224,4.735951514685373e-11,0.20000000302759174,True,True
99,5,0.07440607994794846,0.001,True,True,True,0.0734954035312213,True,0.20000000298023224,4.735951514685373e-11,0.20000000302759174,True,True
99,6,0.07454530149698257,0.001,True,True,True,0.07362805085933954,True,0.20000000298023224,4.735951514685373e-11,0.20000000302759174,True,True
99,7,0.07468120008707047,0.001,True,True,True,0.07375781790793601,True,0.20000000298023224,4.735951514685373e-11,0.20000000302759174,True,True
99,8,0.07481349259614944,0.001,True,True,True,0.07388429971197197,True,0.20000000298023224,4.735951514685373e-11,0.20000000302759174,True,True
99,9,0.07494199275970459,0.001,True,True,True,0.07400724530563996,True,0.20000000298023224,4.735951514685373e-11,0.20000000302759174,True,True
99,10,0.07506652176380157,0.001,True,True,True,0.07412644368196208,True,0.20000000298023224,4.735951514685385e-11,0.20000000302759174,True,True
99,11,0.07518693059682846,0.001,True,True,True,0.07424173302318449,True,0.20000000298023224,4.735951514685373e-11,0.20000000302759174,True,True
99,12,0.07530325651168823,0.001,True,True,True,0.07435314770364698,True,0.20000000298023224,4.735951514685385e-11,0.20000000302759174,True,True
99,13,0.07541526108980179,0.001,True,True,True,0.07446045163610171,True,0.20000000298023224,4.735951514685373e-11,0.20000000302759174,True,True
99,14,0.0755229964852333,0.001,True,True,True,0.07456370236135723,True,0.20000000298023224,4.735951514685373e-11,0.20000000302759174,True,True
99,15,0.07422318309545517,0.001,True,True,True,0.07302428713801645,True,0.20000000298023224,4.735951514685373e-11,0.20000000302759174,True,True
99,16,0.0729072093963623,0.001,True,True,True,0.07174883606550886,True,0.20000000298023224,4.735951514685373e-11,0.20000000302759174,True,True
99,17,0.07158973067998886,0.001,True,True,True,0.07047232558153826,True,0.20000000298023224,4.735951514685373e-11,0.20000000302759174,True,True
99,18,0.0702734887599945,0.001,True,True,True,0.06919733278136075,True,0.20000000298023224,4.735951514685373e-11,0.20000000302759174,True,True
99,19,0.06896267086267471,0.001,True,True,True,0.06792782384179574,True,0.20000000298023224,4.735951514685373e-11,0.20000000302759174,True,True
99,20,0.067664235830307,0.001,True,True,True,0.06667044838702552,True,0.20000000298023224,1.5448580532764715e-11,0.20000000299568083,True,True
100,1,0.07395423203706741,0.001,True,True,True,0.07306706492932225,True,0.20000000298023224,1.6579918557355964e-10,0.20000000314603142,True,True
100,2,0.07408788055181503,0.001,True,True,True,0.07318987761972118,True,0.20000000298023224,1.6579918557355964e-10,0.20000000314603142,True,True
100,3,0.07422415167093277,0.001,True,True,True,0.07331766516039484,True,0.20000000298023224,1.6579918557355964e-10,0.20000000314603142,True,True
100,4,0.0743604227900505,0.001,True,True,True,0.07344686712869808,True,0.20000000298023224,1.6579918557355964e-10,0.20000000314603142,True,True
100,5,0.07449543476104736,0.001,True,True,True,0.07357567951479427,True,0.20000000298023224,1.6579918557355964e-10,0.20000000314603142,True,True
100,6,0.0746280625462532,0.001,True,True,True,0.07370266354046084,True,0.20000000298023224,1.6579918557355964e-10,0.20000000314603142,True,True
100,7,0.07475781440734863,0.001,True,True,True,0.07382714934144974,True,0.20000000298023224,1.6579918557355964e-10,0.20000000314603142,True,True
100,8,0.07488428056240082,0.001,True,True,True,0.07394862779204048,True,0.20000000298023224,1.6579918557355964e-10,0.20000000314603142,True,True
100,9,0.07500725984573364,0.001,True,True,True,0.0740668448687557,True,0.20000000298023224,1.6579918557355964e-10,0.20000000314603142,True,True
100,10,0.07512642443180084,0.001,True,True,True,0.07418144574723662,True,0.20000000298023224,1.6579918557355977e-10,0.20000000314603142,True,True
100,11,0.07524178177118301,0.001,True,True,True,0.07429242646897372,True,0.20000000298023224,1.6579918557355964e-10,0.20000000314603142,True,True
100,12,0.07535313069820404,0.001,True,True,True,0.07439958216553244,True,0.20000000298023224,1.6579918557355977e-10,0.20000000314603142,True,True
100,13,0.07546044886112213,0.001,True,True,True,0.0745028918910805,True,0.20000000298023224,1.6579918557355964e-10,0.20000000314603142,True,True
100,14,0.07529699057340622,0.001,True,True,True,0.07410369459523536,True,0.20000000298023224,1.6579918557355964e-10,0.20000000314603142,True,True
100,15,0.07402428239583969,0.001,True,True,True,0.07286404089810883,True,0.20000000298023224,1.6579918557355964e-10,0.20000000314603142,True,True
100,16,0.07274886220693588,0.001,True,True,True,0.07162209731492697,True,0.20000000298023224,1.6579918557355964e-10,0.20000000314603142,True,True
100,17,0.07147235423326492,0.001,True,True,True,0.07037939025651163,True,0.20000000298023224,1.6579918557355964e-10,0.20000000314603142,True,True
100,18,0.07019732147455215,0.001,True,True,True,0.06913835288553993,True,0.20000000298023224,1.6579918557355964e-10,0.20000000314603142,True,True
100,19,0.06892780214548111,0.001,True,True,True,0.06790284807295088,True,0.20000000298023224,1.6579918557355964e-10,0.20000000314603142,True,True
100,20,0.06767045706510544,0.001,True,True,True,0.0666792916278729,True,0.20000000298023224,5.246601601599845e-11,0.20000000303269824,True,True
101,1,0.0740671157836914,0.001,True,True,True,0.07316754372760081,True,0.20000000298023224,2.9589592351840023e-10,0.20000000327612816,True,True
101,2,0.07418990880250931,0.001,True,True,True,0.07328122780940083,True,0.20000000298023224,2.9589592351840023e-10,0.20000000327612816,True,True
101,3,0.07431765645742416,0.001,True,True,True,0.07340177364665057,True,0.20000000298023224,2.9589592351840023e-10,0.20000000327612816,True,True
101,4,0.0744468942284584,0.001,True,True,True,0.07352496463578106,True,0.20000000298023224,2.9589592351840023e-10,0.20000000327612816,True,True
101,5,0.07457569241523743,0.001,True,True,True,0.07364843231595475,True,0.20000000298023224,2.9589592351840023e-10,0.20000000327612816,True,True
101,6,0.0747026652097702,0.001,True,True,True,0.07377053795433697,True,0.20000000298023224,2.9589592351840023e-10,0.20000000327612816,True,True
101,7,0.074827179312706,0.001,True,True,True,0.07389050387353857,True,0.20000000298023224,2.9589592351840023e-10,0.20000000327612816,True,True
101,8,0.07494862377643585,0.001,True,True,True,0.0740076391902027,True,0.20000000298023224,2.9589592351840023e-10,0.20000000327612816,True,True
101,9,0.07506684958934784,0.001,True,True,True,0.07412175147831002,True,0.20000000298023224,2.9589592351840023e-10,0.20000000327612816,True,True
101,10,0.07518146932125092,0.001,True,True,True,0.07423243151093961,True,0.20000000298023224,2.9589592351840033e-10,0.20000000327612816,True,True
101,11,0.0752924382686615,0.001,True,True,True,0.07433962464355048,True,0.20000000298023224,2.9589592351840023e-10,0.20000000327612816,True,True
101,12,0.07539960741996765,0.001,True,True,True,0.07444317877573459,True,0.20000000298023224,2.9589592351840033e-10,0.20000000327612816,True,True
101,13,0.0755029022693634,0.001,True,True,True,0.07454301993954748,True,0.20000000298023224,2.9589592351840023e-10,0.20000000327612816,True,True
101,14,0.07510370761156082,0.001,True,True,True,0.07394668114633307,True,0.20000000298023224,2.9589592351840023e-10,0.20000000327612816,True,True
101,15,0.07386402040719986,0.001,True,True,True,0.07273446629933378,True,0.20000000298023224,2.9589592351840023e-10,0.20000000327612816,True,True
101,16,0.07262209802865982,0.001,True,True,True,0.07152035296921744,True,0.20000000298023224,2.9589592351840023e-10,0.20000000327612816,True,True
101,17,0.07137937098741531,0.001,True,True,True,0.07030569139372023,True,0.20000000298023224,2.9589592351840023e-10,0.20000000327612816,True,True
101,18,0.0701383650302887,0.001,True,True,True,0.06909290069311091,True,0.20000000298023224,2.9589592351840023e-10,0.20000000327612816,True,True
101,19,0.0689028799533844,0.001,True,True,True,0.06788563667501624,True,0.20000000298023224,2.9589592351840023e-10,0.20000000327612816,True,True
101,20,0.0676792785525322,0.001,True,True,True,0.06669006176448833,True,0.20000000298023224,9.115423619385131e-11,0.20000000307138646,True,True
102,1,0.07416754961013794,0.001,True,True,True,0.07326226464031349,True,0.20000000298023224,2.4679947008239343e-10,0.2000000032270317,True,True
102,2,0.0742812380194664,0.001,True,True,True,0.0733704558156335,True,0.20000000298023224,2.4679947008239343e-10,0.2000000032270317,True,True
102,3,0.07440180331468582,0.001,True,True,True,0.07348569407284766,True,0.20000000298023224,2.4679947008239343e-10,0.2000000032270317,True,True
102,4,0.07452497631311417,0.001,True,True,True,0.07360373909783191,True,0.20000000298023224,2.4679947008239343e-10,0.2000000032270317,True,True
102,5,0.0746484249830246,0.001,True,True,True,0.07372226295291862,True,0.20000000298023224,2.4679947008239343e-10,0.2000000032270317,True,True
102,6,0.07477053254842758,0.001,True,True,True,0.07383964411849053,True,0.20000000298023224,2.4679947008239343e-10,0.2000000032270317,True,True
102,7,0.07489051669836044,0.001,True,True,True,0.07395509491059027,True,0.20000000298023224,2.4679947008239343e-10,0.2000000032270317,True,True
102,8,0.07500765472650528,0.001,True,True,True,0.07406788746553628,True,0.20000000298023224,2.4679947008239343e-10,0.2000000032270317,True,True
102,9,0.07512176036834717,0.001,True,True,True,0.07417783141117862,True,0.20000000298023224,2.4679947008239343e-10,0.2000000032270317,True,True
102,10,0.07523245364427567,0.001,True,True,True,0.07428454399173356,True,0.20000000298023224,2.4679947008239353e-10,0.2000000032270317,True,True
102,11,0.07533958554267883,0.001,True,True,True,0.07438787376190437,True,0.20000000298023224,2.4679947008239343e-10,0.2000000032270317,True,True
102,12,0.07544317841529846,0.001,True,True,True,0.07448784135995234,True,0.20000000298023224,2.4679947008239353e-10,0.2000000032270317,True,True
102,13,0.07554303854703903,0.001,True,True,True,0.07458425137225888,True,0.20000000298023224,2.4679947008239343e-10,0.2000000032270317,True,True
102,14,0.07494665682315826,0.001,True,True,True,0.07378321073997884,True,0.20000000298023224,2.4679947008239343e-10,0.2000000032270317,True,True
102,15,0.07373447716236115,0.001,True,True,True,0.07260029287060421,True,0.20000000298023224,2.4679947008239343e-10,0.2000000032270317,True,True
102,16,0.07252034544944763,0.001,True,True,True,0.0714153933608973,True,0.20000000298023224,2.4679947008239343e-10,0.2000000032270317,True,True
102,17,0.07130573689937592,0.001,True,True,True,0.07022997993629698,True,0.20000000298023224,2.4679947008239343e-10,0.2000000032270317,True,True
102,18,0.07009293138980865,0.001,True,True,True,0.06904630045670668,True,0.20000000298023224,2.4679947008239343e-10,0.2000000032270317,True,True
102,19,0.06888561695814133,0.001,True,True,True,0.06786797342081952,True,0.20000000298023224,2.4679947008239343e-10,0.2000000032270317,True,True
102,20,0.06769005209207535,0.001,True,True,True,0.06670112721747756,True,0.20000000298023224,7.462557411043773e-11,0.20000000305485782,True,True
103,1,0.07426223158836365,0.001,True,True,True,0.0733529597283763,True,0.20000000298023224,1.9509206871652424e-10,0.20000000317532432,True,True
103,2,0.07437049597501755,0.001,True,True,True,0.07345679545306716,True,0.20000000298023224,1.9509206871652424e-10,0.20000000317532432,True,True
103,3,0.0744856745004654,0.001,True,True,True,0.07356733337973675,True,0.20000000298023224,1.9509206871652424e-10,0.20000000317532432,True,True
103,4,0.07460379600524902,0.001,True,True,True,0.07368076096491005,True,0.20000000298023224,1.9509206871652424e-10,0.20000000317532432,True,True
103,5,0.0747222825884819,0.001,True,True,True,0.07379459435845082,True,0.20000000298023224,1.9509206871652424e-10,0.20000000317532432,True,True
103,6,0.07483966648578644,0.001,True,True,True,0.07390742050855215,True,0.20000000298023224,1.9509206871652424e-10,0.20000000317532432,True,True
103,7,0.07495509088039398,0.001,True,True,True,0.07401841576985124,True,0.20000000298023224,1.9509206871652424e-10,0.20000000317532432,True,True
103,8,0.075067900121212,0.001,True,True,True,0.07412694412998555,True,0.20000000298023224,1.9509206871652424e-10,0.20000000317532432,True,True
103,9,0.07517778873443604,0.001,True,True,True,0.07423271144402266,True,0.20000000298023224,1.9509206871652424e-10,0.20000000317532432,True,True
103,10,0.07528451085090637,0.001,True,True,True,0.0743354786409689,True,0.20000000298023224,1.9509206871652435e-10,0.20000000317532432,True,True
103,11,0.07538791745901108,0.001,True,True,True,0.07443510006795429,True,0.20000000298023224,1.9509206871652424e-10,0.20000000317532432,True,True
103,12,0.07548785209655762,0.001,True,True,True,0.07453142105738186,True,0.20000000298023224,1.9509206871652435e-10,0.20000000317532432,True,True
103,13,0.07558426260948181,0.001,True,True,True,0.07462438941711225,True,0.20000000298023224,1.9509206871652424e-10,0.20000000317532432,True,True
103,14,0.07478324323892593,0.001,True,True,True,0.07361106952897367,True,0.20000000298023224,1.9509206871652424e-10,0.20000000317532432,True,True
103,15,0.07360031455755234,0.001,True,True,True,0.07245864667198143,True,0.20000000298023224,1.9509206871652424e-10,0.20000000317532432,True,True
103,16,0.07241538166999817,0.001,True,True,True,0.07130419045921943,True,0.20000000298023224,1.9509206871652424e-10,0.20000000317532432,True,True
103,17,0.07122999429702759,0.001,True,True,True,0.07014923612404533,True,0.20000000298023224,1.9509206871652424e-10,0.20000000317532432,True,True
103,18,0.07004629820585251,0.001,True,True,True,0.0689958941893517,True,0.20000000298023224,1.9509206871652424e-10,0.20000000317532432,True,True
103,19,0.06886797398328781,0.001,True,True,True,0.06784777405509879,True,0.20000000298023224,1.9509206871652424e-10,0.20000000317532432,True,True
103,20,0.06770116090774536,0.001,True,True,True,0.06671088183977247,True,0.20000000298023224,5.798186080236892e-11,0.2000000030382141,True,True
104,1,0.07435299456119537,0.001,True,True,True,0.07349304474302587,True,0.20000000298023224,8.397996714582097e-12,0.20000000298863024,True,True
104,2,0.07445678859949112,0.001,True,True,True,0.07361840815978105,True,0.20000000298023224,8.397996714582097e-12,0.20000000298863024,True,True
104,3,0.07456734776496887,0.001,True,True,True,0.07373417214075884,True,0.20000000298023224,8.397996714582097e-12,0.20000000298863024,True,True
104,4,0.07468071579933167,0.001,True,True,True,0.07384376328332298,True,0.20000000298023224,8.397996714582097e-12,0.20000000298863024,True,True
104,5,0.07479455322027206,0.001,True,True,True,0.07394932273549204,True,0.20000000298023224,8.397996714582097e-12,0.20000000298863024,True,True
104,6,0.07490745186805725,0.001,True,True,True,0.07405189036161985,True,0.20000000298023224,8.397996714582097e-12,0.20000000298863024,True,True
104,7,0.07501842826604843,0.001,True,True,True,0.07415180622233186,True,0.20000000298023224,8.397996714582097e-12,0.20000000298863024,True,True
104,8,0.07512697577476501,0.001,True,True,True,0.07424926775198137,True,0.20000000298023224,8.397996714582097e-12,0.20000000298863024,True,True
104,9,0.07523272186517715,0.001,True,True,True,0.07434426174891018,True,0.20000000298023224,8.397996714582097e-12,0.20000000298863024,True,True
104,10,0.07533547282218933,0.001,True,True,True,0.07443676252586218,True,0.20000000298023224,8.3979967145822e-12,0.20000000298863024,True,True
104,11,0.0754351019859314,0.001,True,True,True,0.07452670818586982,True,0.20000000298023224,8.397996714582097e-12,0.20000000298863024,True,True
104,12,0.07553139328956604,0.001,True,True,True,0.07461389050642642,True,0.20000000298023224,8.3979967145822e-12,0.20000000298863024,True,True
104,13,0.07562442123889923,0.001,True,True,True,0.07469836078167158,True,0.20000000298023224,8.397996714582097e-12,0.20000000298863024,True,True
104,14,0.07461103796958923,0.001,True,True,True,0.0730189611200126,True,0.20000000298023224,8.397996714582097e-12,0.20000000298863024,True,True
104,15,0.07345867156982422,0.001,True,True,True,0.07197180639710954,True,0.20000000298023224,8.397996714582097e-12,0.20000000298863024,True,True
104,16,0.07230419665575027,0.001,True,True,True,0.07091882806531702,True,0.20000000298023224,8.397996714582097e-12,0.20000000298863024,True,True
104,17,0.07114923745393753,0.001,True,True,True,0.0698622920425579,True,0.20000000298023224,8.397996714582097e-12,0.20000000298863024,True,True
104,18,0.06999587267637253,0.001,True,True,True,0.06880486169614275,True,0.20000000298023224,8.397996714582097e-12,0.20000000298863024,True,True
104,19,0.06884782761335373,0.001,True,True,True,0.0677507392393677,True,0.20000000298023224,8.397996714582097e-12,0.20000000298863024,True,True
104,20,0.06771088391542435,0.001,True,True,True,0.06670599830576907,True,0.20000000298023224,3.4783962051847895e-12,0.20000000298371062,True,True
105,1,0.07449303567409515,0.001,True,True,True,0.07361668073696404,True,0.20000000298023224,1.1432034900055384e-13,0.20000000298034656,True,True
105,2,0.07461844384670258,0.001,True,True,True,0.07372981691521474,True,0.20000000298023224,1.1432034900055384e-13,0.20000000298034656,True,True
105,3,0.07473420351743698,0.001,True,True,True,0.07383641502998839,True,0.20000000298023224,1.1432034900055384e-13,0.20000000298034656,True,True
105,4,0.07484380900859833,0.001,True,True,True,0.07393847451792956,True,0.20000000298023224,1.1432034900055384e-13,0.20000000298034656,True,True
105,5,0.07494934648275375,0.001,True,True,True,0.0740370601760233,True,0.20000000298023224,1.1432034900055384e-13,0.20000000298034656,True,True
105,6,0.07505188137292862,0.001,True,True,True,0.07413281522518911,True,0.20000000298023224,1.1432034900055384e-13,0.20000000298034656,True,True
105,7,0.07515180855989456,0.001,True,True,True,0.07422598901739397,True,0.20000000298023224,1.1432034900055384e-13,0.20000000298034656,True,True
105,8,0.07524928450584412,0.001,True,True,True,0.07431671681280916,True,0.20000000298023224,1.1432034900055384e-13,0.20000000298034656,True,True
105,9,0.0753442719578743,0.001,True,True,True,0.0744049889498627,True,0.20000000298023224,1.1432034900055384e-13,0.20000000298034656,True,True
105,10,0.07543677091598511,0.001,True,True,True,0.07449084888905777,True,0.20000000298023224,1.1432034900065723e-13,0.20000000298034656,True,True
105,11,0.07552669942378998,0.001,True,True,True,0.07457425992798039,True,0.20000000298023224,1.1432034900055384e-13,0.20000000298034656,True,True
105,12,0.07561393827199936,0.001,True,True,True,0.07465514274466023,True,0.20000000298023224,1.1432034900065723e-13,0.20000000298034656,True,True
105,13,0.07505878061056137,0.001,True,True,True,0.0735495259910609,True,0.20000000298023224,1.1432034900055384e-13,0.20000000298034656,True,True
105,14,0.07401900738477707,0.001,True,True,True,0.07257618814544087,True,0.20000000298023224,1.1432034900055384e-13,0.20000000298034656,True,True
105,15,0.07297180593013763,0.001,True,True,True,0.07159748698677637,True,0.20000000298023224,1.1432034900055384e-13,0.20000000298034656,True,True
105,16,0.07191886007785797,0.001,True,True,True,0.07061464081183066,True,0.20000000298023224,1.1432034900055384e-13,0.20000000298034656,True,True
105,17,0.07086226344108582,0.001,True,True,True,0.0696293036860669,True,0.20000000298023224,1.1432034900055384e-13,0.20000000298034656,True,True
105,18,0.06980489194393158,0.001,True,True,True,0.06864390629707984,True,0.20000000298023224,1.1432034900055384e-13,0.20000000298034656,True,True
105,19,0.06875070929527283,0.001,True,True,True,0.06766191420835577,True,0.20000000298023224,1.1432034900055384e-13,0.20000000298034656,True,True
105,20,0.06770598143339157,0.001,True,True,True,0.0666889689945227,True,0.20000000298023224,3.538372489539793e-14,0.20000000298026763,True,True
106,1,0.07461670786142349,0.001,True,True,True,0.07372424967268132,True,0.20000000298023224,4.264932810502038e-14,0.2000000029802749,True,True
106,2,0.07472983002662659,0.001,True,True,True,0.07382623101708707,True,0.20000000298023224,4.264932810502038e-14,0.2000000029802749,True,True
106,3,0.07483638823032379,0.001,True,True,True,0.0739244090345077,True,0.20000000298023224,4.264932810502038e-14,0.2000000029802749,True,True
106,4,0.07493845373392105,0.001,True,True,True,0.07401965338690042,True,0.20000000298023224,4.264932810502038e-14,0.2000000029802749,True,True
106,5,0.07503707706928253,0.001,True,True,True,0.0741123279351561,True,0.20000000298023224,4.264932810502038e-14,0.2000000029802749,True,True
106,6,0.0751328095793724,0.001,True,True,True,0.07420259621214398,True,0.20000000298023224,4.264932810502038e-14,0.2000000029802749,True,True
106,7,0.07522597163915634,0.001,True,True,True,0.07429056646493748,True,0.20000000298023224,4.264932810502038e-14,0.2000000029802749,True,True
106,8,0.07531667500734329,0.001,True,True,True,0.07437623904774837,True,0.20000000298023224,4.264932810502038e-14,0.2000000029802749,True,True
106,9,0.07540499418973923,0.001,True,True,True,0.07445963707566816,True,0.20000000298023224,4.264932810502038e-14,0.2000000029802749,True,True
106,10,0.07549086213111877,0.001,True,True,True,0.07454067499256989,True,0.20000000298023224,4.2649328104710185e-14,0.2000000029802749,True,True
106,11,0.07557423412799835,0.001,True,True,True,0.07461930904708014,True,0.20000000298023224,4.264932810502038e-14,0.2000000029802749,True,True
106,12,0.07551667839288712,0.001,True,True,True,0.07412812836265348,True,0.20000000298023224,4.2649328104710185e-14,0.2000000029802749,True,True
106,13,0.07454954832792282,0.001,True,True,True,0.07320493680998341,True,0.20000000298023224,4.264932810502038e-14,0.2000000029802749,True,True
106,14,0.0735761895775795,0.001,True,True,True,0.07227716537554285,True,0.20000000298023224,4.264932810502038e-14,0.2000000029802749,True,True
106,15,0.0725974440574646,0.001,True,True,True,0.0713454727312256,True,0.20000000298023224,4.264932810502038e-14,0.2000000029802749,True,True
106,16,0.07161460071802139,0.001,True,True,True,0.07041092234230528,True,0.20000000298023224,4.264932810502038e-14,0.2000000029802749,True,True
106,17,0.0706292912364006,0.001,True,True,True,0.06947488069829688,True,0.20000000298023224,4.264932810502038e-14,0.2000000029802749,True,True
106,18,0.06964391469955444,0.001,True,True,True,0.06853943413053398,True,0.20000000298023224,4.264932810502038e-14,0.2000000029802749,True,True
106,19,0.06866190582513809,0.001,True,True,True,0.06760763621885735,True,0.20000000298023224,4.264932810502038e-14,0.2000000029802749,True,True
106,20,0.06768898665904999,0.001,True,True,True,0.06668471908967522,True,0.20000000298023224,1.170228497421142e-14,0.20000000298024395,True,True
107,1,0.07472428679466248,0.001,True,True,True,0.07381806687728609,True,0.20000000298023224,2.0012498835768917e-12,0.2000000029822335,True,True
107,2,0.0748261883854866,0.001,True,True,True,0.07391034378203065,True,0.20000000298023224,2.0012498835768917e-12,0.2000000029822335,True,True
107,3,0.07492441684007645,0.001,True,True,True,0.07400129525762189,True,0.20000000298023224,2.0012498835768917e-12,0.2000000029822335,True,True
107,4,0.07501965016126633,0.001,True,True,True,0.07409062430532642,True,0.20000000298023224,2.0012498835768917e-12,0.2000000029822335,True,True
107,5,0.07511231303215027,0.001,True,True,True,0.07417818996858061,True,0.20000000298023224,2.0012498835768917e-12,0.2000000029822335,True,True
107,6,0.07520262151956558,0.001,True,True,True,0.07426388464082534,True,0.20000000298023224,2.0012498835768917e-12,0.2000000029822335,True,True
107,7,0.07529056817293167,0.001,True,True,True,0.07434751602763445,True,0.20000000298023224,2.0012498835768917e-12,0.2000000029822335,True,True
107,8,0.0753762423992157,0.001,True,True,True,0.07442907244618246,True,0.20000000298023224,2.0012498835768917e-12,0.2000000029822335,True,True
107,9,0.07545966655015945,0.001,True,True,True,0.07450852177101364,True,0.20000000298023224,2.0012498835768917e-12,0.2000000029822335,True,True
107,10,0.07554071396589279,0.001,True,True,True,0.07458571230163347,True,0.20000000298023224,2.001249883576995e-12,0.2000000029822335,True,True
107,11,0.07561935484409332,0.001,True,True,True,0.07466060451795398,True,0.20000000298023224,2.0012498835768917e-12,0.2000000029822335,True,True
107,12,0.07512816041707993,0.001,True,True,True,0.0738331232191789,True,0.20000000298023224,2.001249883576995e-12,0.2000000029822335,True,True
107,13,0.0742049366235733,0.001,True,True,True,0.07294484565297976,True,0.20000000298023224,2.0012498835768917e-12,0.2000000029822335,True,True
107,14,0.07327717542648315,0.001,True,True,True,0.07205286409169898,True,0.20000000298023224,2.0012498835768917e-12,0.2000000029822335,True,True
107,15,0.07234547287225723,0.001,True,True,True,0.07115770067728333,True,0.20000000298023224,2.0012498835768917e-12,0.2000000029822335,True,True
107,16,0.07141094654798508,0.001,True,True,True,0.07026036484712628,True,0.20000000298023224,2.0012498835768917e-12,0.2000000029822335,True,True
107,17,0.07047487795352936,0.001,True,True,True,0.06936199704290857,True,0.20000000298023224,2.0012498835768917e-12,0.2000000029822335,True,True
107,18,0.0695393830537796,0.001,True,True,True,0.06846453358766635,True,0.20000000298023224,2.0012498835768917e-12,0.2000000029822335,True,True
107,19,0.06860768049955368,0.001,True,True,True,0.0675709595397862,True,0.20000000298023224,2.0012498835768917e-12,0.2000000029822335,True,True
107,20,0.06768471002578735,0.001,True,True,True,0.06668589768821742,True,0.20000000298023224,5.444204605343289e-13,0.20000000298077666,True,True
108,1,0.07481807470321655,0.001,True,True,True,0.0739003587256456,True,0.20000000298023224,2.529110803947235e-12,0.20000000298276135,True,True
108,2,0.07491035759449005,0.001,True,True,True,0.07398453902294688,True,0.20000000298023224,2.529110803947235e-12,0.20000000298276135,True,True
108,3,0.0750013068318367,0.001,True,True,True,0.07406932752109052,True,0.20000000298023224,2.529110803947235e-12,0.20000000298276135,True,True
108,4,0.07509063184261322,0.001,True,True,True,0.07415363823148735,True,0.20000000298023224,2.529110803947235e-12,0.20000000298276135,True,True
108,5,0.07517819851636887,0.001,True,True,True,0.07423687547967217,True,0.20000000298023224,2.529110803947235e-12,0.20000000298276135,True,True
108,6,0.0752638727426529,0.001,True,True,True,0.07431863877525557,True,0.20000000298023224,2.529110803947235e-12,0.20000000298276135,True,True
108,7,0.07534757256507874,0.001,True,True,True,0.07439869445796643,True,0.20000000298023224,2.529110803947235e-12,0.20000000298276135,True,True
108,8,0.07542910426855087,0.001,True,True,True,0.07447676448119067,True,0.20000000298023224,2.529110803947235e-12,0.20000000298276135,True,True
108,9,0.07550853490829468,0.001,True,True,True,0.0745528699088649,True,0.20000000298023224,2.529110803947235e-12,0.20000000298276135,True,True
108,10,0.07558568567037582,0.001,True,True,True,0.07462680925368159,True,0.20000000298023224,2.5291108039475454e-12,0.20000000298276135,True,True
108,11,0.07566054910421371,0.001,True,True,True,0.07469856485799975,True,0.20000000298023224,2.529110803947235e-12,0.20000000298276135,True,True
108,12,0.07483311742544174,0.001,True,True,True,0.07359697958619527,True,0.20000000298023224,2.5291108039475454e-12,0.20000000298276135,True,True
108,13,0.07394486665725708,0.001,True,True,True,0.07273748477454056,True,0.20000000298023224,2.529110803947235e-12,0.20000000298276135,True,True
108,14,0.07305281609296799,0.001,True,True,True,0.07187470766883464,True,0.20000000298023224,2.529110803947235e-12,0.20000000298276135,True,True
108,15,0.07215771824121475,0.001,True,True,True,0.07100935652471463,True,0.20000000298023224,2.529110803947235e-12,0.20000000298276135,True,True
108,16,0.07126038521528244,0.001,True,True,True,0.07014217424038083,True,0.20000000298023224,2.529110803947235e-12,0.20000000298276135,True,True
108,17,0.07036203891038895,0.001,True,True,True,0.06927428950055503,True,0.20000000298023224,2.529110803947235e-12,0.20000000298276135,True,True
108,18,0.06946458667516708,0.001,True,True,True,0.06840748734790247,True,0.20000000298023224,2.529110803947235e-12,0.20000000298276135,True,True
108,19,0.06857093423604965,0.001,True,True,True,0.0675445095488898,True,0.20000000298023224,2.529110803947235e-12,0.20000000298276135,True,True
108,20,0.06768587976694107,0.001,True,True,True,0.06668992473364843,True,0.20000000298023224,1.0520440178298033e-12,0.20000000298128429,True,True
109,1,0.07490033656358719,0.001,True,True,True,0.07397307445201806,True,0.20000000298023224,6.026655440317978e-12,0.2000000029862589,True,True
109,2,0.07498456537723541,0.001,True,True,True,0.07405052550150659,True,0.20000000298023224,6.026655440317978e-12,0.2000000029862589,True,True
109,3,0.07506933808326721,0.001,True,True,True,0.0741301149990452,True,0.20000000298023224,6.026655440317978e-12,0.2000000029862589,True,True
109,4,0.07515368610620499,0.001,True,True,True,0.07421022573160485,True,0.20000000298023224,6.026655440317978e-12,0.2000000029862589,True,True
109,5,0.07523692399263382,0.001,True,True,True,0.07428979534336555,True,0.20000000298023224,6.026655440317978e-12,0.2000000029862589,True,True
109,6,0.07531865686178207,0.001,True,True,True,0.07436821096689117,True,0.20000000298023224,6.026655440317978e-12,0.2000000029862589,True,True
109,7,0.07539868354797363,0.001,True,True,True,0.0744451474572988,True,0.20000000298023224,6.026655440317978e-12,0.2000000029862589,True,True
109,8,0.0754767581820488,0.001,True,True,True,0.07452028920335418,True,0.20000000298023224,6.026655440317978e-12,0.2000000029862589,True,True
109,9,0.07555282860994339,0.001,True,True,True,0.07459354616394176,True,0.20000000298023224,6.026655440317978e-12,0.2000000029862589,True,True
109,10,0.07562682777643204,0.001,True,True,True,0.07466483217410114,True,0.20000000298023224,6.0266554403176674e-12,0.2000000029862589,True,True
109,11,0.0754527896642685,0.001,True,True,True,0.07423688519016203,True,0.20000000298023224,6.026655440317978e-12,0.2000000029862589,True,True
109,12,0.07459695637226105,0.001,True,True,True,0.07340453849918294,True,0.20000000298023224,6.0266554403176674e-12,0.2000000029862589,True,True
109,13,0.07373744249343872,0.001,True,True,True,0.0725688997021725,True,0.20000000298023224,6.026655440317978e-12,0.2000000029862589,True,True
109,14,0.07287474721670151,0.001,True,True,True,0.07173046056602705,True,0.20000000298023224,6.026655440317978e-12,0.2000000029862589,True,True
109,15,0.07200934737920761,0.001,True,True,True,0.07088966517266748,True,0.20000000298023224,6.026655440317978e-12,0.2000000029862589,True,True
109,16,0.07114218920469284,0.001,True,True,True,0.07004740746361648,True,0.20000000298023224,6.026655440317978e-12,0.2000000029862589,True,True
109,17,0.07027428597211838,0.001,True,True,True,0.06920462951688111,True,0.20000000298023224,6.026655440317978e-12,0.2000000029862589,True,True
109,18,0.06940744817256927,0.001,True,True,True,0.06836304747868982,True,0.20000000298023224,6.026655440317978e-12,0.2000000029862589,True,True
109,19,0.06854451447725296,0.001,True,True,True,0.06752537199944342,True,0.20000000298023224,6.026655440317978e-12,0.2000000029862589,True,True
109,20,0.06768997013568878,0.001,True,True,True,0.06669590703824524,True,0.20000000298023224,2.1214675547006385e-12,0.2000000029823537,True,True
110,1,0.07497310638427734,0.001,True,True,True,0.07403792172175638,True,0.20000000298023224,6.045796225647347e-13,0.2000000029808368,True,True
110,2,0.07505053281784058,0.001,True,True,True,0.07410968124960848,True,0.20000000298023224,6.045796225647347e-13,0.2000000029808368,True,True
110,3,0.07513012737035751,0.001,True,True,True,0.07418491472192557,True,0.20000000298023224,6.045796225647347e-13,0.2000000029808368,True,True
110,4,0.07521019876003265,0.001,True,True,True,0.07426140245182555,True,0.20000000298023224,6.045796225647347e-13,0.2000000029808368,True,True
110,5,0.07528979331254959,0.001,True,True,True,0.07433788322759372,True,0.20000000298023224,6.045796225647347e-13,0.2000000029808368,True,True
110,6,0.07536819577217102,0.001,True,True,True,0.074413463953247,True,0.20000000298023224,6.045796225647347e-13,0.2000000029808368,True,True
110,7,0.07544515281915665,0.001,True,True,True,0.07448778962008484,True,0.20000000298023224,6.045796225647347e-13,0.2000000029808368,True,True
110,8,0.07552030682563782,0.001,True,True,True,0.07456044544131235,True,0.20000000298023224,6.045796225647347e-13,0.2000000029808368,True,True
110,9,0.07559358328580856,0.001,True,True,True,0.07463132596362254,True,0.20000000298023224,6.045796225647347e-13,0.2000000029808368,True,True
110,10,0.07566481828689575,0.001,True,True,True,0.07470025114761214,True,0.20000000298023224,6.045796225648381e-13,0.2000000029808368,True,True
110,11,0.07523684203624725,0.001,True,True,True,0.07405975261249642,True,0.20000000298023224,6.045796225647347e-13,0.2000000029808368,True,True
110,12,0.07440456002950668,0.001,True,True,True,0.07324703146619649,True,0.20000000298023224,6.045796225648381e-13,0.2000000029808368,True,True
110,13,0.0735689029097557,0.001,True,True,True,0.07243124586090033,True,0.20000000298023224,6.045796225647347e-13,0.2000000029808368,True,True
110,14,0.07273044437170029,0.001,True,True,True,0.07161296423138142,True,0.20000000298023224,6.045796225647347e-13,0.2000000029808368,True,True
110,15,0.07188970595598221,0.001,True,True,True,0.07079268235353353,True,0.20000000298023224,6.045796225647347e-13,0.2000000029808368,True,True
110,16,0.0710473507642746,0.001,True,True,True,0.06997102183165127,True,0.20000000298023224,6.045796225647347e-13,0.2000000029808368,True,True
110,17,0.07020465284585953,0.001,True,True,True,0.06914919994915114,True,0.20000000298023224,6.045796225647347e-13,0.2000000029808368,True,True
110,18,0.06936308741569519,0.001,True,True,True,0.06832861633241116,True,0.20000000298023224,6.045796225647347e-13,0.2000000029808368,True,True
110,19,0.06852538883686066,0.001,True,True,True,0.06751190203518842,True,0.20000000298023224,6.045796225647347e-13,0.2000000029808368,True,True
110,20,0.06769591569900513,0.001,True,True,True,0.06670326743840027,True,0.20000000298023224,1.8755042119387562e-13,0.20000000298041978,True,True
111,1,0.07503790408372879,0.001,True,True,True,0.07409730739675602,True,0.20000000298023224,4.837167925068577e-12,0.2000000029850694,True,True
111,2,0.07510966807603836,0.001,True,True,True,0.07416487815391293,True,0.20000000298023224,4.837167925068577e-12,0.2000000029850694,True,True
111,3,0.07518494129180908,0.001,True,True,True,0.0742366783998607,True,0.20000000298023224,4.837167925068577e-12,0.2000000029850694,True,True
111,4,0.0752614364027977,0.001,True,True,True,0.07431015022300891,True,0.20000000298023224,4.837167925068577e-12,0.2000000029850694,True,True
111,5,0.07533789426088333,0.001,True,True,True,0.07438387341307129,True,0.20000000298023224,4.837167925068577e-12,0.2000000029850694,True,True
111,6,0.07541348040103912,0.001,True,True,True,0.07445691893885764,True,0.20000000298023224,4.837167925068577e-12,0.2000000029850694,True,True
111,7,0.07548774778842926,0.001,True,True,True,0.07452878444285549,True,0.20000000298023224,4.837167925068577e-12,0.2000000029850694,True,True
111,8,0.07556045055389404,0.001,True,True,True,0.07459919305016016,True,0.20000000298023224,4.837167925068577e-12,0.2000000029850694,True,True
111,9,0.07563129812479019,0.001,True,True,True,0.07466783659016651,True,0.20000000298023224,4.837167925068577e-12,0.2000000029850694,True,True
111,10,0.07570027559995651,0.001,True,True,True,0.07473469097571761,True,0.20000000298023224,4.837167925068681e-12,0.2000000029850694,True,True
111,11,0.07505977153778076,0.001,True,True,True,0.0738987551590562,True,0.20000000298023224,4.837167925068577e-12,0.2000000029850694,True,True
111,12,0.07424706965684891,0.001,True,True,True,0.07310447647451002,True,0.20000000298023224,4.837167925068681e-12,0.2000000029850694,True,True
111,13,0.07343124598264694,0.001,True,True,True,0.07230720239044908,True,0.20000000298023224,4.837167925068577e-12,0.2000000029850694,True,True
111,14,0.07261298596858978,0.001,True,True,True,0.07150762515534059,True,0.20000000298023224,4.837167925068577e-12,0.2000000029850694,True,True
111,15,0.07179267704486847,0.001,True,True,True,0.07070612497421114,True,0.20000000298023224,4.837167925068577e-12,0.2000000029850694,True,True
111,16,0.07097107917070389,0.001,True,True,True,0.06990344253278036,True,0.20000000298023224,4.837167925068577e-12,0.2000000029850694,True,True
111,17,0.07014919072389603,0.001,True,True,True,0.06910054430111556,True,0.20000000298023224,4.837167925068577e-12,0.2000000029850694,True,True
111,18,0.06932858377695084,0.001,True,True,True,0.06829895388509055,True,0.20000000298023224,4.837167925068577e-12,0.2000000029850694,True,True
111,19,0.06851187348365784,0.001,True,True,True,0.06750121325237202,True,0.20000000298023224,4.837167925068577e-12,0.2000000029850694,True,True
111,20,0.06770326942205429,0.001,True,True,True,0.06671141924610602,True,0.20000000298023224,1.6079539224864587e-12,0.2000000029818402,True,True
112,1,0.07509733736515045,0.001,True,True,True,0.07415434378741914,True,0.20000000298023224,6.132759050840697e-12,0.200000002986365,True,True
112,2,0.07516492158174515,0.001,True,True,True,0.07421936341795832,True,0.20000000298023224,6.132759050840697e-12,0.200000002986365,True,True
112,3,0.07523666322231293,0.001,True,True,True,0.07428847396273408,True,0.20000000298023224,6.132759050840697e-12,0.200000002986365,True,True
112,4,0.0753101333975792,0.001,True,True,True,0.07435931973253973,True,0.20000000298023224,6.132759050840697e-12,0.200000002986365,True,True
112,5,0.07538387179374695,0.001,True,True,True,0.07443047850550277,True,0.20000000298023224,6.132759050840697e-12,0.200000002986365,True,True
112,6,0.075456902384758,0.001,True,True,True,0.07450099390909148,True,0.20000000298023224,6.132759050840697e-12,0.200000002986365,True,True
112,7,0.0755288153886795,0.001,True,True,True,0.07457046627827468,True,0.20000000298023224,6.132759050840697e-12,0.200000002986365,True,True
112,8,0.07559920847415924,0.001,True,True,True,0.07463849873545436,True,0.20000000298023224,6.132759050840697e-12,0.200000002986365,True,True
112,9,0.07566787302494049,0.001,True,True,True,0.07470488487635829,True,0.20000000298023224,6.132759050840697e-12,0.200000002986365,True,True
112,10,0.07568968832492828,0.001,True,True,True,0.07449518888677753,True,0.20000000298023224,6.132759050840387e-12,0.200000002986365,True,True
112,11,0.07489879429340363,0.001,True,True,True,0.07372492283074106,True,0.20000000298023224,6.132759050840697e-12,0.200000002986365,True,True
112,12,0.074104443192482,0.001,True,True,True,0.07295108581032517,True,0.20000000298023224,6.132759050840387e-12,0.200000002986365,True,True
112,13,0.07330722361803055,0.001,True,True,True,0.07217428551681404,True,0.20000000298023224,6.132759050840697e-12,0.200000002986365,True,True
112,14,0.07250762730836868,0.001,True,True,True,0.07139503051243734,True,0.20000000298023224,6.132759050840697e-12,0.200000002986365,True,True
112,15,0.071706123650074,0.001,True,True,True,0.07061380275014673,True,0.20000000298023224,6.132759050840697e-12,0.200000002986365,True,True
112,16,0.07090342044830322,0.001,True,True,True,0.06983131623061256,True,0.20000000298023224,6.132759050840697e-12,0.200000002986365,True,True
112,17,0.0701005756855011,0.001,True,True,True,0.06904862529203737,True,0.20000000298023224,6.132759050840697e-12,0.200000002986365,True,True
112,18,0.06929901987314224,0.001,True,True,True,0.06826714150444801,True,0.20000000298023224,6.132759050840697e-12,0.200000002986365,True,True
112,19,0.06850123405456543,0.001,True,True,True,0.06748930219364235,True,0.20000000298023224,6.132759050840697e-12,0.200000002986365,True,True
112,20,0.06771140545606613,0.001,True,True,True,0.0667192103221087,True,0.20000000298023224,1.7352099738747406e-12,0.20000000298196746,True,True
113,1,0.07515431195497513,0.001,True,True,True,0.0742093100221568,True,0.20000000298023224,4.052051168734379e-12,0.2000000029842843,True,True
113,2,0.07521931827068329,0.001,True,True,True,0.07427203595206122,True,0.20000000298023224,4.052051168734379e-12,0.2000000029842843,True,True
113,3,0.07528847455978394,0.001,True,True,True,0.07433877476426298,True,0.20000000298023224,4.052051168734379e-12,0.2000000029842843,True,True
113,4,0.07535935193300247,0.001,True,True,True,0.07440718391488521,True,0.20000000298023224,4.052051168734379e-12,0.2000000029842843,True,True
113,5,0.0754304900765419,0.001,True,True,True,0.07447585509043675,True,0.20000000298023224,4.052051168734379e-12,0.2000000029842843,True,True
113,6,0.07550099492073059,0.001,True,True,True,0.07454392574471813,True,0.20000000298023224,4.052051168734379e-12,0.2000000029842843,True,True
113,7,0.0755704864859581,0.001,True,True,True,0.07461103485623422,True,0.20000000298023224,4.052051168734379e-12,0.2000000029842843,True,True
113,8,0.07563851773738861,0.001,True,True,True,0.07467674678624459,True,0.20000000298023224,4.052051168734379e-12,0.2000000029842843,True,True
113,9,0.07570485025644302,0.001,True,True,True,0.07474083057520442,True,0.20000000298023224,4.052051168734379e-12,0.2000000029842843,True,True
113,10,0.0754951536655426,0.001,True,True,True,0.07429659170457148,True,0.20000000298023224,4.052051168734069e-12,0.2000000029842843,True,True
113,11,0.07472489774227142,0.001,True,True,True,0.0735469658960819,True,0.20000000298023224,4.052051168734379e-12,0.2000000029842843,True,True
113,12,0.07395107299089432,0.001,True,True,True,0.07279378152867,True,0.20000000298023224,4.052051168734069e-12,0.2000000029842843,True,True
113,13,0.07317430526018143,0.001,True,True,True,0.07203765649994998,True,0.20000000298023224,4.052051168734379e-12,0.2000000029842843,True,True
113,14,0.07239505648612976,0.001,True,True,True,0.07127904767866011,True,0.20000000298023224,4.052051168734379e-12,0.2000000029842843,True,True
113,15,0.07161382585763931,0.001,True,True,True,0.07051844917120909,True,0.20000000298023224,4.052051168734379e-12,0.2000000029842843,True,True
113,16,0.07083134353160858,0.001,True,True,True,0.06975658300585597,True,0.20000000298023224,4.052051168734379e-12,0.2000000029842843,True,True
113,17,0.07004856318235397,0.001,True,True,True,0.06899438752735665,True,0.20000000298023224,4.052051168734379e-12,0.2000000029842843,True,True
113,18,0.06926712393760681,0.001,True,True,True,0.0682334731299018,True,0.20000000298023224,4.052051168734379e-12,0.2000000029842843,True,True
113,19,0.06848931312561035,0.001,True,True,True,0.06747607482992157,True,0.20000000298023224,4.052051168734379e-12,0.2000000029842843,True,True
113,20,0.06771920621395111,0.001,True,True,True,0.06672617515509915,True,0.20000000298023224,1.1729807068104746e-12,0.20000000298140522,True,True
114,1,0.07520931959152222,0.001,True,True,True,0.07426242755158596,True,0.20000000298023224,2.6215258617938895e-12,0.20000000298285375,True,True
114,2,0.07527206838130951,0.001,True,True,True,0.07432301665951513,True,0.20000000298023224,2.6215258617938895e-12,0.20000000298285375,True,True
114,3,0.07533881068229675,0.001,True,True,True,0.07438746102090377,True,0.20000000298023224,2.6215258617938895e-12,0.20000000298285375,True,True
114,4,0.07540714740753174,0.001,True,True,True,0.07445344404203902,True,0.20000000298023224,2.6215258617938895e-12,0.20000000298285375,True,True
114,5,0.07547585666179657,0.001,True,True,True,0.07451979383825857,True,0.20000000298023224,2.6215258617938895e-12,0.20000000298285375,True,True
114,6,0.07554396241903305,0.001,True,True,True,0.07458556519417825,True,0.20000000298023224,2.6215258617938895e-12,0.20000000298285375,True,True
114,7,0.07561099529266357,0.001,True,True,True,0.07465030709130649,True,0.20000000298023224,2.6215258617938895e-12,0.20000000298285375,True,True
114,8,0.07567669451236725,0.001,True,True,True,0.07471377085896336,True,0.20000000298023224,2.6215258617938895e-12,0.20000000298285375,True,True
114,9,0.07574083656072617,0.001,True,True,True,0.07477574013493749,True,0.20000000298023224,2.6215258617938895e-12,0.20000000298285375,True,True
114,10,0.07529658079147339,0.001,True,True,True,0.07410064376088199,True,0.20000000298023224,2.6215258617935793e-12,0.20000000298285375,True,True
114,11,0.0745469331741333,0.001,True,True,True,0.07337111989598988,True,0.20000000298023224,2.6215258617938895e-12,0.20000000298285375,True,True
114,12,0.07379379123449326,0.001,True,True,True,0.07263817347452695,True,0.20000000298023224,2.6215258617935793e-12,0.20000000298285375,True,True
114,13,0.07303764671087265,0.001,True,True,True,0.07190228289673128,True,0.20000000298023224,2.6215258617938895e-12,0.20000000298285375,True,True
114,14,0.07227899134159088,0.001,True,True,True,0.07116392876421307,True,0.20000000298023224,2.6215258617938895e-12,0.20000000298285375,True,True
114,15,0.0715184211730957,0.001,True,True,True,0.07042369548862515,True,0.20000000298023224,2.6215258617938895e-12,0.20000000298285375,True,True
114,16,0.07075656950473785,0.001,True,True,True,0.06968220146068216,True,0.20000000298023224,2.6215258617938895e-12,0.20000000298285375,True,True
114,17,0.06999441236257553,0.001,True,True,True,0.06894040046965555,True,0.20000000298023224,2.6215258617938895e-12,0.20000000298285375,True,True
114,18,0.06923342496156693,0.001,True,True,True,0.06819973209775132,True,0.20000000298023224,2.6215258617938895e-12,0.20000000298285375,True,True
114,19,0.06847608089447021,0.001,True,True,True,0.06746261086942273,True,0.20000000298023224,2.6215258617938895e-12,0.20000000298285375,True,True
114,20,0.06772620975971222,0.001,True,True,True,0.06673276694539332,True,0.20000000298023224,7.706738806408901e-13,0.2000000029810029,True,True
115,1,0.07526244968175888,0.001,True,True,True,0.07431375397641227,True,0.20000000298023224,1.616287696357784e-12,0.20000000298184853,True,True
115,2,0.07532304525375366,0.001,True,True,True,0.07437228545835961,True,0.20000000298023224,1.616287696357784e-12,0.20000000298184853,True,True
115,3,0.07538743317127228,0.001,True,True,True,0.07443447503859624,True,0.20000000298023224,1.616287696357784e-12,0.20000000298184853,True,True
115,4,0.07545343041419983,0.001,True,True,True,0.07449821869625617,True,0.20000000298023224,1.616287696357784e-12,0.20000000298184853,True,True
115,5,0.07551978528499603,0.001,True,True,True,0.07456231254057755,True,0.20000000298023224,1.616287696357784e-12,0.20000000298184853,True,True
115,6,0.07558554410934448,0.001,True,True,True,0.07462583203049566,True,0.20000000298023224,1.616287696357784e-12,0.20000000298184853,True,True
115,7,0.07565033435821533,0.001,True,True,True,0.07468842280329191,True,0.20000000298023224,1.616287696357784e-12,0.20000000298184853,True,True
115,8,0.07571377605199814,0.001,True,True,True,0.07474971627637694,True,0.20000000298023224,1.616287696357784e-12,0.20000000298184853,True,True
115,9,0.07577578723430634,0.001,True,True,True,0.07480963744110558,True,0.20000000298023224,1.616287696357784e-12,0.20000000298184853,True,True
115,10,0.07510065287351608,0.001,True,True,True,0.07390913131644061,True,0.20000000298023224,1.6162876963576807e-12,0.20000000298184853,True,True
115,11,0.07437114417552948,0.001,True,True,True,0.07319922217813957,True,0.20000000298023224,1.616287696357784e-12,0.20000000298184853,True,True
115,12,0.0736381784081459,0.001,True,True,True,0.07248594333122083,True,0.20000000298023224,1.6162876963576807e-12,0.20000000298184853,True,True
115,13,0.07290226221084595,0.001,True,True,True,0.07176978766214615,True,0.20000000298023224,1.616287696357784e-12,0.20000000298184853,True,True
115,14,0.07216393202543259,0.001,True,True,True,0.07105127958169288,True,0.20000000298023224,1.616287696357784e-12,0.20000000298184853,True,True
115,15,0.07142370194196701,0.001,True,True,True,0.07033092028402654,True,0.20000000298023224,1.616287696357784e-12,0.20000000298184853,True,True
115,16,0.07068220525979996,0.001,True,True,True,0.06960932656992247,True,0.20000000298023224,1.616287696357784e-12,0.20000000298184853,True,True
115,17,0.06994039565324783,0.001,True,True,True,0.0688874282213926,True,0.20000000298023224,1.616287696357784e-12,0.20000000298184853,True,True
115,18,0.06919976323843002,0.001,True,True,True,0.06816667810028909,True,0.20000000298023224,1.616287696357784e-12,0.20000000298184853,True,True
115,19,0.06846257299184799,0.001,True,True,True,0.06744928078226953,True,0.20000000298023224,1.616287696357784e-12,0.20000000298184853,True,True
115,20,0.06773276627063751,0.001,True,True,True,0.06673907760161912,True,0.20000000298023224,4.779640647738985e-13,0.2000000029807102,True,True
116,1,0.07531376928091049,0.001,True,True,True,0.07436334615886964,True,0.20000000298023224,8.082862541397411e-13,0.20000000298104054,True,True
116,2,0.07537224143743515,0.001,True,True,True,0.07441984017098058,True,0.20000000298023224,8.082862541397411e-13,0.20000000298104054,True,True
116,3,0.07543449103832245,0.001,True,True,True,0.07447998164663316,True,0.20000000298023224,8.082862541397411e-13,0.20000000298104054,True,True
116,4,0.07549827545881271,0.001,True,True,True,0.07454160409869093,True,0.20000000298023224,8.082862541397411e-13,0.20000000298104054,True,True
116,5,0.07556232810020447,0.001,True,True,True,0.07460348697477892,True,0.20000000298023224,8.082862541397411e-13,0.20000000298104054,True,True
116,6,0.07562582194805145,0.001,True,True,True,0.07466483095280496,True,0.20000000298023224,8.082862541397411e-13,0.20000000298104054,True,True
116,7,0.07568839937448502,0.001,True,True,True,0.07472529597246391,True,0.20000000298023224,8.082862541397411e-13,0.20000000298104054,True,True
116,8,0.07574974745512009,0.001,True,True,True,0.0747845797838208,True,0.20000000298023224,8.082862541397411e-13,0.20000000298104054,True,True
116,9,0.07561498135328293,0.001,True,True,True,0.07440927216222848,True,0.20000000298023224,8.082862541397411e-13,0.20000000298104054,True,True
116,10,0.07490914314985275,0.001,True,True,True,0.07372241697053061,True,0.20000000298023224,8.082862541398445e-13,0.20000000298104054,True,True
116,11,0.07419920712709427,0.001,True,True,True,0.0730315712341506,True,0.20000000298023224,8.082862541397411e-13,0.20000000298104054,True,True
116,12,0.07348596304655075,0.001,True,True,True,0.072337506822433,True,0.20000000298023224,8.082862541398445e-13,0.20000000298104054,True,True
116,13,0.07276981323957443,0.001,True,True,True,0.07164061248023368,True,0.20000000298023224,8.082862541397411e-13,0.20000000298104054,True,True
116,14,0.07205132395029068,0.001,True,True,True,0.0709414424436845,True,0.20000000298023224,8.082862541397411e-13,0.20000000298104054,True,True
116,15,0.07133093476295471,0.001,True,True,True,0.07024042334936786,True,0.20000000298023224,8.082862541397411e-13,0.20000000298104054,True,True
116,16,0.07060932368040085,0.001,True,True,True,0.06953821658594705,True,0.20000000298023224,8.082862541397411e-13,0.20000000298104054,True,True
116,17,0.0698874443769455,0.001,True,True,True,0.06883575193935765,True,0.20000000298023224,8.082862541397411e-13,0.20000000298104054,True,True
116,18,0.06916669011116028,0.001,True,True,True,0.06813438559614016,True,0.20000000298023224,8.082862541397411e-13,0.20000000298104054,True,True
116,19,0.06844933331012726,0.001,True,True,True,0.06743633031605911,True,0.20000000298023224,8.082862541397411e-13,0.20000000298104054,True,True
116,20,0.06773906201124191,0.001,True,True,True,0.06674517573979633,True,0.20000000298023224,2.558594923067536e-13,0.2000000029804881,True,True
117,1,0.07536335289478302,0.001,True,True,True,0.0744112732071689,True,0.20000000298023224,5.765686163842275e-13,0.2000000029808088,True,True
117,2,0.0754198506474495,0.001,True,True,True,0.074465872520455,True,0.20000000298023224,5.765686163842275e-13,0.2000000029808088,True,True
117,3,0.07547998428344727,0.001,True,True,True,0.07452398295223306,True,0.20000000298023224,5.765686163842275e-13,0.2000000029808088,True,True
117,4,0.07554158568382263,0.001,True,True,True,0.07458350863735619,True,0.20000000298023224,5.765686163842275e-13,0.2000000029808088,True,True
117,5,0.07560350000858307,0.001,True,True,True,0.07464333925674949,True,0.20000000298023224,5.765686163842275e-13,0.2000000029808088,True,True
117,6,0.07566490024328232,0.001,True,True,True,0.07470267444127132,True,0.20000000298023224,5.765686163842275e-13,0.2000000029808088,True,True
117,7,0.07572534680366516,0.001,True,True,True,0.07476109127987285,True,0.20000000298023224,5.765686163842275e-13,0.2000000029808088,True,True
117,8,0.07578457146883011,0.001,True,True,True,0.07481833185404008,True,0.20000000298023224,5.765686163842275e-13,0.2000000029808088,True,True
117,9,0.07540929317474365,0.001,True,True,True,0.07420888229223865,True,0.20000000298023224,5.765686163842275e-13,0.2000000029808088,True,True
117,10,0.07472239434719086,0.001,True,True,True,0.0735404735943106,True,0.20000000298023224,5.765686163843309e-13,0.2000000029808088,True,True
117,11,0.07403163611888885,0.001,True,True,True,0.07286831075211786,True,0.20000000298023224,5.765686163842275e-13,0.2000000029808088,True,True
117,12,0.07333751022815704,0.001,True,True,True,0.0721928678838798,True,0.20000000298023224,5.765686163843309e-13,0.2000000029808088,True,True
117,13,0.07264064997434616,0.001,True,True,True,0.07151476507912724,True,0.20000000298023224,5.765686163842275e-13,0.2000000029808088,True,True
117,14,0.07194142788648605,0.001,True,True,True,0.07083436305125623,True,0.20000000298023224,5.765686163842275e-13,0.2000000029808088,True,True
117,15,0.07124045491218567,0.001,True,True,True,0.07015225999794494,True,0.20000000298023224,5.765686163842275e-13,0.2000000029808088,True,True
117,16,0.07053825259208679,0.001,True,True,True,0.06946896110921308,True,0.20000000298023224,5.765686163842275e-13,0.2000000029808088,True,True
117,17,0.06983572244644165,0.001,True,True,True,0.06878534441300077,True,0.20000000298023224,5.765686163842275e-13,0.2000000029808088,True,True
117,18,0.06913438439369202,0.001,True,True,True,0.06810289349736354,True,0.20000000298023224,5.765686163842275e-13,0.2000000029808088,True,True
117,19,0.06843629479408264,0.001,True,True,True,0.06742360637282863,True,0.20000000298023224,5.765686163842275e-13,0.2000000029808088,True,True
117,20,0.06774519383907318,0.001,True,True,True,0.06675112719794885,True,0.20000000298023224,1.806375427977975e-13,0.20000000298041287,True,True
118,1,0.07541128247976303,0.001,True,True,True,0.07445761287365904,True,0.20000000298023224,4.590940526961335e-13,0.20000000298069134,True,True
118,2,0.07546592503786087,0.001,True,True,True,0.07451043278639669,True,0.20000000298023224,4.590940526961335e-13,0.20000000298069134,True,True
118,3,0.07552396506071091,0.001,True,True,True,0.0745665294397333,True,0.20000000298023224,4.590940526961335e-13,0.20000000298069134,True,True
118,4,0.07558353990316391,0.001,True,True,True,0.07462411028689842,True,0.20000000298023224,4.590940526961335e-13,0.20000000298069134,True,True
118,5,0.07564333081245422,0.001,True,True,True,0.07468189911218381,True,0.20000000298023224,4.590940526961335e-13,0.20000000298069134,True,True
118,6,0.07570266723632812,0.001,True,True,True,0.0747392510695366,True,0.20000000298023224,4.590940526961335e-13,0.20000000298069134,True,True
118,7,0.0757610946893692,0.001,True,True,True,0.07479572750574404,True,0.20000000298023224,4.590940526961335e-13,0.20000000298069134,True,True
118,8,0.07581835240125656,0.001,True,True,True,0.07485107762151288,True,0.20000000298023224,4.590940526961335e-13,0.20000000298069134,True,True
118,9,0.07520889490842819,0.001,True,True,True,0.07401367946772885,True,0.20000000298023224,4.590940526961335e-13,0.20000000298069134,True,True
118,10,0.07454049587249756,0.001,True,True,True,0.07336329142448395,True,0.20000000298023224,4.590940526962369e-13,0.20000000298069134,True,True
118,11,0.0738682970404625,0.001,True,True,True,0.07270920579538287,True,0.20000000298023224,4.590940526961335e-13,0.20000000298069134,True,True
118,12,0.07319287210702896,0.001,True,True,True,0.07205197918924577,True,0.20000000298023224,4.590940526962369e-13,0.20000000298069134,True,True
118,13,0.07251474261283875,0.001,True,True,True,0.07139212025285668,True,0.20000000298023224,4.590940526961335e-13,0.20000000298069134,True,True
118,14,0.07183438539505005,0.001,True,True,True,0.07073009421999543,True,0.20000000298023224,4.590940526961335e-13,0.20000000298069134,True,True
118,15,0.07115224748849869,0.001,True,True,True,0.07006633564748244,True,0.20000000298023224,4.590940526961335e-13,0.20000000298069134,True,True
118,16,0.07046898454427719,0.001,True,True,True,0.06940148422228598,True,0.20000000298023224,4.590940526961335e-13,0.20000000298069134,True,True
118,17,0.06978538632392883,0.001,True,True,True,0.06873630674617004,True,0.20000000298023224,4.590940526961335e-13,0.20000000298069134,True,True
118,18,0.06910285353660583,0.001,True,True,True,0.06807216848959985,True,0.20000000298023224,4.590940526961335e-13,0.20000000298069134,True,True
118,19,0.06842362880706787,0.001,True,True,True,0.06741125517851598,True,0.20000000298023224,4.590940526961335e-13,0.20000000298069134,True,True
118,20,0.06775110960006714,0.001,True,True,True,0.06675687070119152,True,0.20000000298023224,1.4103175845311545e-13,0.20000000298037326,True,True
119,1,0.0754576176404953,0.001,True,True,True,0.07450242120857264,True,0.20000000298023224,5.075975286364041e-13,0.20000000298073983,True,True
119,2,0.0755104050040245,0.001,True,True,True,0.07455345769548116,True,0.20000000298023224,5.075975286364041e-13,0.20000000298073983,True,True
119,3,0.07556654512882233,0.001,True,True,True,0.07460773041900648,True,0.20000000298023224,5.075975286364041e-13,0.20000000298073983,True,True
119,4,0.07562407851219177,0.001,True,True,True,0.07466334775270556,True,0.20000000298023224,5.075975286364041e-13,0.20000000298073983,True,True
119,5,0.07568186521530151,0.001,True,True,True,0.07471920990917824,True,0.20000000298023224,5.075975286364041e-13,0.20000000298073983,True,True
119,6,0.07573922723531723,0.001,True,True,True,0.07477466399856869,True,0.20000000298023224,5.075975286364041e-13,0.20000000298073983,True,True
119,7,0.0757957398891449,0.001,True,True,True,0.07482930052001291,True,0.20000000298023224,5.075975286364041e-13,0.20000000298073983,True,True
119,8,0.0756593719124794,0.001,True,True,True,0.07445180748572955,True,0.20000000298023224,5.075975286364041e-13,0.20000000298073983,True,True
119,9,0.07501368969678879,0.001,True,True,True,0.07382354586285111,True,0.20000000298023224,5.075975286364041e-13,0.20000000298073983,True,True
119,10,0.07436330616474152,0.001,True,True,True,0.0731907066420231,True,0.20000000298023224,5.075975286365075e-13,0.20000000298073983,True,True
119,11,0.07370918989181519,0.001,True,True,True,0.07255423388783322,True,0.20000000298023224,5.075975286364041e-13,0.20000000298073983,True,True
119,12,0.07305193692445755,0.001,True,True,True,0.07191470687541768,True,0.20000000298023224,5.075975286365075e-13,0.20000000298073983,True,True
119,13,0.07239214330911636,0.001,True,True,True,0.07127270902307592,True,0.20000000298023224,5.075975286364041e-13,0.20000000298073983,True,True
119,14,0.0717300996184349,0.001,True,True,True,0.07062851962291572,True,0.20000000298023224,5.075975286364041e-13,0.20000000298073983,True,True
119,15,0.07106631994247437,0.001,True,True,True,0.06998264056439862,True,0.20000000298023224,5.075975286364041e-13,0.20000000298073983,True,True
119,16,0.07040143013000488,0.001,True,True,True,0.06933568207741891,True,0.20000000298023224,5.075975286364041e-13,0.20000000298073983,True,True
119,17,0.0697362869977951,0.001,True,True,True,0.06868847856430493,True,0.20000000298023224,5.075975286364041e-13,0.20000000298073983,True,True
119,18,0.06907220184803009,0.001,True,True,True,0.0680423067391549,True,0.20000000298023224,5.075975286364041e-13,0.20000000298073983,True,True
119,19,0.06841123849153519,0.001,True,True,True,0.06739917488974956,True,0.20000000298023224,5.075975286364041e-13,0.20000000298073983,True,True
119,20,0.06775687634944916,0.001,True,True,True,0.06676247124677093,True,0.20000000298023224,1.770093137497793e-13,0.20000000298040924,True,True
120,1,0.0755024254322052,0.001,True,True,True,0.07454576231609,True,0.20000000298023224,4.592339765793904e-13,0.20000000298069148,True,True
120,2,0.07555346190929413,0.001,True,True,True,0.07459511591528711,True,0.20000000298023224,4.592339765793904e-13,0.20000000298069148,True,True
120,3,0.07560773193836212,0.001,True,True,True,0.07464759094881923,True,0.20000000298023224,4.592339765793904e-13,0.20000000298069148,True,True
120,4,0.07566337287425995,0.001,True,True,True,0.07470138960236183,True,0.20000000298023224,4.592339765793904e-13,0.20000000298069148,True,True
120,5,0.07571924477815628,0.001,True,True,True,0.07475541096930172,True,0.20000000298023224,4.592339765793904e-13,0.20000000298069148,True,True
120,6,0.0757746621966362,0.001,True,True,True,0.07480899333554947,True,0.20000000298023224,4.592339765793904e-13,0.20000000298069148,True,True
120,7,0.07582928240299225,0.001,True,True,True,0.07486180880465743,True,0.20000000298023224,4.592339765793904e-13,0.20000000298069148,True,True
120,8,0.07545182853937149,0.001,True,True,True,0.07424965724751675,True,0.20000000298023224,4.592339765793904e-13,0.20000000298069148,True,True
120,9,0.07482348382472992,0.001,True,True,True,0.07363828183524712,True,0.20000000298023224,4.592339765793904e-13,0.20000000298069148,True,True
120,10,0.0741906687617302,0.001,True,True,True,0.07302255619669518,True,0.20000000298023224,4.592339765794938e-13,0.20000000298069148,True,True
120,11,0.07355421036481857,0.001,True,True,True,0.07240328333423418,True,0.20000000298023224,4.592339765793904e-13,0.20000000298069148,True,True
120,12,0.07291471213102341,0.001,True,True,True,0.07178105046318695,True,0.20000000298023224,4.592339765794938e-13,0.20000000298069148,True,True
120,13,0.07227268069982529,0.001,True,True,True,0.07115635186854041,True,0.20000000298023224,4.592339765793904e-13,0.20000000298069148,True,True
120,14,0.07162850350141525,0.001,True,True,True,0.07052956401421273,True,0.20000000298023224,4.592339765793904e-13,0.20000000298069148,True,True
120,15,0.07098262757062912,0.001,True,True,True,0.06990112197198262,True,0.20000000298023224,4.592339765793904e-13,0.20000000298069148,True,True
120,16,0.07033572345972061,0.001,True,True,True,0.06927168112669102,True,0.20000000298023224,4.592339765793904e-13,0.20000000298069148,True,True
120,17,0.06968847662210464,0.001,True,True,True,0.06864190510319956,True,0.20000000298023224,4.592339765793904e-13,0.20000000298069148,True,True
120,18,0.06904231011867523,0.001,True,True,True,0.06801318330851736,True,0.20000000298023224,4.592339765793904e-13,0.20000000298069148,True,True
120,19,0.06839916855096817,0.001,True,True,True,0.06738740630675488,True,0.20000000298023224,4.592339765793904e-13,0.20000000298069148,True,True
120,20,0.06776250898838043,0.001,True,True,True,0.06676794244194117,True,0.20000000298023224,1.5552113513656968e-13,0.20000000298038775,True,True
121,1,0.07554573565721512,0.001,True,True,True,0.07458766263732719,True,0.20000000298023224,3.76483765387657e-13,0.20000000298060872,True,True
121,2,0.07559509575366974,0.001,True,True,True,0.07463540465010376,True,0.20000000298023224,3.76483765387657e-13,0.20000000298060872,True,True
121,3,0.07564760744571686,0.001,True,True,True,0.07468619013768996,True,0.20000000298023224,3.76483765387657e-13,0.20000000298060872,True,True
121,4,0.07570139318704605,0.001,True,True,True,0.07473820388826391,True,0.20000000298023224,3.76483765387657e-13,0.20000000298060872,True,True
121,5,0.07575538754463196,0.001,True,True,True,0.07479041816066401,True,0.20000000298023224,3.76483765387657e-13,0.20000000298060872,True,True
121,6,0.07580901682376862,0.001,True,True,True,0.07484228191038322,True,0.20000000298023224,3.76483765387657e-13,0.20000000298060872,True,True
121,7,0.07585527002811432,0.001,True,True,True,0.07464197779547976,True,0.20000000298023224,3.76483765387657e-13,0.20000000298060872,True,True
121,8,0.07524966448545456,0.001,True,True,True,0.07405274835513276,True,0.20000000298023224,3.76483765387657e-13,0.20000000298060872,True,True
121,9,0.07463835179805756,0.001,True,True,True,0.07345796519400039,True,0.20000000298023224,3.76483765387657e-13,0.20000000298060872,True,True
121,10,0.074022576212883,0.001,True,True,True,0.07285883574023666,True,0.20000000298023224,3.764837653877604e-13,0.20000000298060872,True,True
121,11,0.07340329885482788,0.001,True,True,True,0.07225629768871011,True,0.20000000298023224,3.76483765387657e-13,0.20000000298060872,True,True
121,12,0.07278107851743698,0.001,True,True,True,0.07165089396268465,True,0.20000000298023224,3.764837653877604e-13,0.20000000298060872,True,True
121,13,0.07215636223554611,0.001,True,True,True,0.07104305954761236,True,0.20000000298023224,3.76483765387657e-13,0.20000000298060872,True,True
121,14,0.0715295672416687,0.001,True,True,True,0.0704332009183215,True,0.20000000298023224,3.76483765387657e-13,0.20000000298060872,True,True
121,15,0.07090114802122116,0.001,True,True,True,0.06982176098031523,True,0.20000000298023224,3.76483765387657e-13,0.20000000298060872,True,True
121,16,0.07027164846658707,0.001,True,True,True,0.06920926878597577,True,0.20000000298023224,3.76483765387657e-13,0.20000000298060872,True,True
121,17,0.06964194029569626,0.001,True,True,True,0.06859657477249503,True,0.20000000298023224,3.76483765387657e-13,0.20000000298060872,True,True
121,18,0.06901317834854126,0.001,True,True,True,0.06798480102885274,True,0.20000000298023224,3.76483765387657e-13,0.20000000298060872,True,True
121,19,0.0683874636888504,0.001,True,True,True,0.06737599597451827,True,0.20000000298023224,3.76483765387657e-13,0.20000000298060872,True,True
121,20,0.06776793301105499,0.001,True,True,True,0.06677320989395263,True,0.20000000298023224,1.332646130845574e-13,0.2000000029803655,True,True
122,1,0.075587697327137,0.001,True,True,True,0.07462826866290706,True,0.20000000298023224,3.5224984403871183e-13,0.20000000298058448,True,True
122,2,0.07563542574644089,0.001,True,True,True,0.07467444060424111,True,0.20000000298023224,3.5224984403871183e-13,0.20000000298058448,True,True
122,3,0.07568620890378952,0.001,True,True,True,0.07472356312059203,True,0.20000000298023224,3.5224984403871183e-13,0.20000000298058448,True,True
122,4,0.07573816925287247,0.001,True,True,True,0.07477381858840138,True,0.20000000298023224,3.5224984403871183e-13,0.20000000298058448,True,True
122,5,0.0757904201745987,0.001,True,True,True,0.0748243563963854,True,0.20000000298023224,3.5224984403871183e-13,0.20000000298058448,True,True
122,6,0.0758422389626503,0.001,True,True,True,0.07487447598690256,True,0.20000000298023224,3.5224984403871183e-13,0.20000000298058448,True,True
122,7,0.07564196735620499,0.001,True,True,True,0.07443421979037435,True,0.20000000298023224,3.5224984403871183e-13,0.20000000298058448,True,True
122,8,0.07505276054143906,0.001,True,True,True,0.07386096484307891,True,0.20000000298023224,3.5224984403871183e-13,0.20000000298058448,True,True
122,9,0.07445793598890305,0.001,True,True,True,0.07328224122514537,True,0.20000000298023224,3.5224984403871183e-13,0.20000000298058448,True,True
122,10,0.07385888695716858,0.001,True,True,True,0.07269940634916472,True,0.20000000298023224,3.5224984403881523e-13,0.20000000298058448,True,True
122,11,0.07325632125139236,0.001,True,True,True,0.07211314514037181,True,0.20000000298023224,3.5224984403871183e-13,0.20000000298058448,True,True
122,12,0.07265092432498932,0.001,True,True,True,0.07152412758232851,True,0.20000000298023224,3.5224984403881523e-13,0.20000000298058448,True,True
122,13,0.07204307615756989,0.001,True,True,True,0.07093272189336353,True,0.20000000298023224,3.5224984403871183e-13,0.20000000298058448,True,True
122,14,0.07143322378396988,0.001,True,True,True,0.07033936460158419,True,0.20000000298023224,3.5224984403871183e-13,0.20000000298058448,True,True
122,15,0.07082176208496094,0.001,True,True,True,0.06974443929244512,True,0.20000000298023224,3.5224984403871183e-13,0.20000000298058448,True,True
122,16,0.07020929455757141,0.001,True,True,True,0.06914853498795659,True,0.20000000298023224,3.5224984403871183e-13,0.20000000298058448,True,True
122,17,0.06959652900695801,0.001,True,True,True,0.06855233877044742,True,0.20000000298023224,3.5224984403871183e-13,0.20000000298058448,True,True
122,18,0.06898480653762817,0.001,True,True,True,0.06795715981916262,True,0.20000000298023224,3.5224984403871183e-13,0.20000000298058448,True,True
122,19,0.06837598234415054,0.001,True,True,True,0.06736480208154072,True,0.20000000298023224,3.5224984403871183e-13,0.20000000298058448,True,True
122,20,0.06777318567037582,0.001,True,True,True,0.06677831064339379,True,0.20000000298023224,1.2044397760425912e-13,0.20000000298035267,True,True
123,1,0.07562822103500366,0.001,True,True,True,0.07466748809125023,True,0.20000000298023224,3.296233606836623e-13,0.20000000298056186,True,True
123,2,0.07567446678876877,0.001,True,True,True,0.07471223616899425,True,0.20000000298023224,3.296233606836623e-13,0.20000000298056186,True,True
123,3,0.0757235512137413,0.001,True,True,True,0.07475972235380068,True,0.20000000298023224,3.296233606836623e-13,0.20000000298056186,True,True
123,4,0.07577382773160934,0.001,True,True,True,0.07480835779012485,True,0.20000000298023224,3.296233606836623e-13,0.20000000298056186,True,True
123,5,0.07582438737154007,0.001,True,True,True,0.07485726835636464,True,0.20000000298023224,3.296233606836623e-13,0.20000000298056186,True,True
123,6,0.07587447762489319,0.001,True,True,True,0.07490572262950901,True,0.20000000298023224,3.296233606836623e-13,0.20000000298056186,True,True
123,7,0.07543421536684036,0.001,True,True,True,0.07423187002849463,True,0.20000000298023224,3.296233606836623e-13,0.20000000298056186,True,True
123,8,0.07486095279455185,0.001,True,True,True,0.07367414583510568,True,0.20000000298023224,3.296233606836623e-13,0.20000000298056186,True,True
123,9,0.07428223639726639,0.001,True,True,True,0.0731111126924936,True,0.20000000298023224,3.296233606836623e-13,0.20000000298056186,True,True
123,10,0.07369939982891083,0.001,True,True,True,0.07254406929771029,True,0.20000000298023224,3.296233606837657e-13,0.20000000298056186,True,True
123,11,0.07311315834522247,0.001,True,True,True,0.07197370863746433,True,0.20000000298023224,3.296233606836623e-13,0.20000000298056186,True,True
123,12,0.07252410054206848,0.001,True,True,True,0.07140060415652383,True,0.20000000298023224,3.296233606837657e-13,0.20000000298056186,True,True
123,13,0.07193268835544586,0.001,True,True,True,0.07082520635582434,True,0.20000000298023224,3.296233606836623e-13,0.20000000298056186,True,True
123,14,0.07133936136960983,0.001,True,True,True,0.07024794454872452,True,0.20000000298023224,3.296233606836623e-13,0.20000000298056186,True,True
123,15,0.07074443250894547,0.001,True,True,True,0.06966912063640651,True,0.20000000298023224,3.296233606836623e-13,0.20000000298056186,True,True
123,16,0.07014854997396469,0.001,True,True,True,0.06908936871033577,True,0.20000000298023224,3.296233606836623e-13,0.20000000298056186,True,True
123,17,0.06955237686634064,0.001,True,True,True,0.06850933168316098,True,0.20000000298023224,3.296233606836623e-13,0.20000000298056186,True,True
123,18,0.06895716488361359,0.001,True,True,True,0.0679302301349537,True,0.20000000298023224,3.296233606836623e-13,0.20000000298056186,True,True
123,19,0.06836479157209396,0.001,True,True,True,0.06735389169101602,True,0.20000000298023224,3.296233606836623e-13,0.20000000298056186,True,True
123,20,0.0677783340215683,0.001,True,True,True,0.06678331149501082,True,0.20000000298023224,1.0862299339454933e-13,0.20000000298034087,True,True
124,1,0.07566751539707184,0.001,True,True,True,0.07472806945111432,True,0.20000000298023224,1.6542613148693113e-13,0.20000000298039766,True,True
124,2,0.075712189078331,0.001,True,True,True,0.07478219671977027,True,0.20000000298023224,1.6542613148693113e-13,0.20000000298039766,True,True
124,3,0.07575972378253937,0.001,True,True,True,0.07483223600938815,True,0.20000000298023224,1.6542613148693113e-13,0.20000000298039766,True,True
124,4,0.07580836862325668,0.001,True,True,True,0.07487953344886866,True,0.20000000298023224,1.6542613148693113e-13,0.20000000298039766,True,True
124,5,0.0758572369813919,0.001,True,True,True,0.07492510096202143,True,0.20000000298023224,1.6542613148693113e-13,0.20000000298039766,True,True
124,6,0.07578237354755402,0.001,True,True,True,0.07397929353279242,True,0.20000000298023224,1.6542613148693113e-13,0.20000000298039766,True,True
124,7,0.07523186504840851,0.001,True,True,True,0.07349576863314045,True,0.20000000298023224,1.6542613148693113e-13,0.20000000298039766,True,True
124,8,0.07467416673898697,0.001,True,True,True,0.07300695812336777,True,0.20000000298023224,1.6542613148693113e-13,0.20000000298039766,True,True
124,9,0.07411112636327744,0.001,True,True,True,0.07251194930340599,True,0.20000000298023224,1.6542613148693113e-13,0.20000000298039766,True,True
124,10,0.07354405522346497,0.001,True,True,True,0.07201071602655396,True,0.20000000298023224,1.654261314869182e-13,0.20000000298039766,True,True
124,11,0.07297368347644806,0.001,True,True,True,0.07150344341790349,True,0.20000000298023224,1.6542613148693113e-13,0.20000000298039766,True,True
124,12,0.07240061461925507,0.001,True,True,True,0.07099062632809439,True,0.20000000298023224,1.654261314869182e-13,0.20000000298039766,True,True
124,13,0.07182522118091583,0.001,True,True,True,0.07047276389999912,True,0.20000000298023224,1.6542613148693113e-13,0.20000000298039766,True,True
124,14,0.07124792039394379,0.001,True,True,True,0.06995052116354561,True,0.20000000298023224,1.6542613148693113e-13,0.20000000298039766,True,True
124,15,0.07066914439201355,0.001,True,True,True,0.06942463382537789,True,0.20000000298023224,1.6542613148693113e-13,0.20000000298039766,True,True
124,16,0.07008932530879974,0.001,True,True,True,0.0688958547811317,True,0.20000000298023224,1.6542613148693113e-13,0.20000000298039766,True,True
124,17,0.0695093497633934,0.001,True,True,True,0.06836538318042962,True,0.20000000298023224,1.6542613148693113e-13,0.20000000298039766,True,True
124,18,0.06893021613359451,0.001,True,True,True,0.06783450040737382,True,0.20000000298023224,1.6542613148693113e-13,0.20000000298039766,True,True
124,19,0.06835390627384186,0.001,True,True,True,0.0673054174148684,True,0.20000000298023224,1.6542613148693113e-13,0.20000000298039766,True,True
124,20,0.06778328865766525,0.001,True,True,True,0.06678114147033898,True,0.20000000298023224,9.451470936916628e-14,0.20000000298032675,True,True
