Resetting rmpcc_pv optimizer for clean state...
generating global path with A* + Line of Sight
시작 위치: [0.075 0.795]
목적지: [1.8  0.09]
도착 판정 기준: position <= 0.01m, angle <= 0.01rad
Setting up RMPCC-PV optimizer...
Added HARD projected-variance obstacle constraint with d_min = 0.001
field AcadosOcpDims.N has been migrated to AcadosOcpOptions.N_horizon. setting AcadosOcpOptions.N_horizon = N. For future comppatibility, please use AcadosOcpOptions.N_horizon directly.

WARNING: Gauss-Newton Hessian approximation with EXTERNAL cost type not well defined!
got cost_type EXTERNAL for cost_type_0, cost_type, cost_type_e, hessian_approx: 'GAUSS_NEWTON'.
With this setting, acados will proceed computing the exact Hessian for the cost term and no Hessian contribution from constraints and dynamics.
If the external cost is a linear least squares cost, this coincides with the Gauss-Newton Hessian.
Note: There is also the option to use the external cost module with a numerical Hessian approximation (see `ext_cost_num_hess`).
OR the option to provide a symbolic custom Hessian approximation (see `cost_expr_ext_cost_custom_hess`).

acados was compiled without OpenMP.
Added HARD projected-variance obstacle constraint with d_min = 0.001
field AcadosOcpDims.N has been migrated to AcadosOcpOptions.N_horizon. setting AcadosOcpOptions.N_horizon = N. For future comppatibility, please use AcadosOcpOptions.N_horizon directly.

WARNING: Gauss-Newton Hessian approximation with EXTERNAL cost type not well defined!
got cost_type EXTERNAL for cost_type_0, cost_type, cost_type_e, hessian_approx: 'GAUSS_NEWTON'.
With this setting, acados will proceed computing the exact Hessian for the cost term and no Hessian contribution from constraints and dynamics.
If the external cost is a linear least squares cost, this coincides with the Gauss-Newton Hessian.
Note: There is also the option to use the external cost module with a numerical Hessian approximation (see `ext_cost_num_hess`).
OR the option to provide a symbolic custom Hessian approximation (see `cost_expr_ext_cost_custom_hess`).

acados was compiled without OpenMP.
solver time: 0.08034849166870117, path_s: 0.012781250000000003, risk_margin_max: 0.00021286096388433923, solve_mode: fast
risk_margin_stages(active): [0:0.000169, 1:0.000211, 2:0.000211, 3:0.000212, 4:0.000210, 5:0.000210, 6:0.000212, 7:0.000212, 8:0.000213, 9:0.000213, 10:0.000213]
plant_input_stage0: full=[0.1234  0.      0.09529], physical=[0.1234 0.    ]
solver time: 0.08354663848876953, path_s: 0.02359012442691422, risk_margin_max: 0.0035021184948964374, solve_mode: fast
risk_margin_stages(active): [0:0.000211, 1:0.002256, 2:0.003092, 3:0.003463, 4:0.003502, 5:0.003473, 6:0.003222, 7:0.003040, 8:0.002795, 9:0.002475, 10:0.002055]
plant_input_stage0: full=[0.11706 0.01101 0.069  ], physical=[0.11706 0.01101]
solver time: 0.07709693908691406, path_s: 0.0352965765009271, risk_margin_max: 0.008359560508062198, solve_mode: fast
risk_margin_stages(active): [0:0.000211, 1:0.002140, 2:0.003084, 3:0.003894, 4:0.004598, 5:0.005259, 6:0.005881, 7:0.006509, 8:0.007132, 9:0.007752, 10:0.008360]
plant_input_stage0: full=[0.09391 0.06766 0.06188], physical=[0.09391 0.06766]
solver time: 0.0819246768951416, path_s: 0.04061133406342193, risk_margin_max: 0.012326415458227912, solve_mode: fast
risk_margin_stages(active): [0:0.000211, 1:0.002789, 2:0.004016, 3:0.005063, 4:0.006056, 5:0.007037, 6:0.008031, 7:0.009045, 8:0.010086, 9:0.011221, 10:0.012326]
plant_input_stage0: full=[ 0.11204 -0.00315  0.08298], physical=[ 0.11204 -0.00315]
solver time: 0.08704209327697754, path_s: 0.04116816912299358, risk_margin_max: 0.014318685911882536, solve_mode: fast
risk_margin_stages(active): [0:0.000211, 1:0.002768, 2:0.004201, 3:0.005492, 4:0.006738, 5:0.007973, 6:0.009214, 7:0.010480, 8:0.011770, 9:0.013047, 10:0.014319]
plant_input_stage0: full=[ 0.10885 -0.02908  0.11536], physical=[ 0.10885 -0.02908]
solver time: 0.09397530555725098, path_s: 0.055270368658192036, risk_margin_max: 0.015353912561871953, solve_mode: fast
risk_margin_stages(active): [0:0.000211, 1:0.003529, 2:0.005114, 3:0.006480, 4:0.007832, 5:0.009127, 6:0.010428, 7:0.011706, 8:0.012973, 9:0.014204, 10:0.015354]
plant_input_stage0: full=[ 0.11814 -0.07559  0.10258], physical=[ 0.11814 -0.07559]
solver time: 0.09177875518798828, path_s: 0.0706909919391802, risk_margin_max: 0.015525020384663087, solve_mode: fast
risk_margin_stages(active): [0:0.000211, 1:0.004367, 2:0.006180, 3:0.007662, 4:0.008961, 5:0.010234, 6:0.011546, 7:0.012722, 8:0.013811, 9:0.014767, 10:0.015525]
plant_input_stage0: full=[ 0.1248  -0.09355  0.08645], physical=[ 0.1248  -0.09355]
solver time: 0.08559036254882812, path_s: 0.07241705901222695, risk_margin_max: 0.014507533113027497, solve_mode: fast
risk_margin_stages(active): [0:0.000211, 1:0.004082, 2:0.005992, 3:0.007616, 4:0.009097, 5:0.010390, 6:0.011622, 7:0.012700, 8:0.013575, 9:0.014191, 10:0.014508]
plant_input_stage0: full=[ 0.11467 -0.15331  0.11335], physical=[ 0.11467 -0.15331]
solver time: 0.0838162899017334, path_s: 0.08756276644323055, risk_margin_max: 0.020286690275791636, solve_mode: fast
risk_margin_stages(active): [0:0.000211, 1:0.005286, 2:0.007179, 3:0.008770, 4:0.010340, 5:0.011904, 6:0.013502, 7:0.015151, 8:0.016848, 9:0.018575, 10:0.020287]
plant_input_stage0: full=[0.13047 0.18661 0.10428], physical=[0.13047 0.18661]
solver time: 0.08187246322631836, path_s: 0.10464833621100528, risk_margin_max: 0.01575615883493662, solve_mode: fast
risk_margin_stages(active): [0:0.000211, 1:0.006542, 2:0.009205, 3:0.011241, 4:0.012929, 5:0.014325, 6:0.015340, 7:0.015756, 8:0.015166, 9:0.012793, 10:0.006273]
plant_input_stage0: full=[0.13717 0.05408 0.09504], physical=[0.13717 0.05408]
solver time: 0.07753801345825195, path_s: 0.10747669967228533, risk_margin_max: 0.019713892887546637, solve_mode: fast
risk_margin_stages(active): [0:0.000211, 1:0.004874, 2:0.007154, 3:0.009163, 4:0.011101, 5:0.013026, 6:0.014976, 7:0.016934, 8:0.018716, 9:0.019714, 10:0.018773]
plant_input_stage0: full=[0.10464 0.77418 0.11678], physical=[0.10464 0.77418]
solver time: 0.07851243019104004, path_s: 0.12383085946895869, risk_margin_max: 0.017995688333546766, solve_mode: fast
risk_margin_stages(active): [0:0.000211, 1:0.008069, 2:0.011469, 3:0.013917, 4:0.015799, 5:0.017219, 6:0.017996, 7:0.016491, 8:0.013182, 9:0.008504, 10:0.003312]
plant_input_stage0: full=[0.1504  0.29523 0.11836], physical=[0.1504  0.29523]
solver time: 0.07916617393493652, path_s: 0.14302510543136268, risk_margin_max: 0.015448416537756379, solve_mode: fast
risk_margin_stages(active): [0:0.000211, 1:0.002405, 2:0.002620, 3:0.003431, 4:0.004692, 5:0.006214, 6:0.008261, 7:0.012069, 8:0.012634, 9:0.013126, 10:0.015448]
plant_input_stage0: full=[0.07954 0.19666 0.06804], physical=[0.07954 0.19666]
solver time: 0.0729072093963623, path_s: 0.1462115999397166, risk_margin_max: 0.01524616450810189, solve_mode: fast
risk_margin_stages(active): [0:0.000210, 1:0.006747, 2:0.009560, 3:0.011514, 4:0.013050, 5:0.014344, 6:0.015246, 7:0.014050, 8:0.011385, 9:0.006642, 10:0.002724]
plant_input_stage0: full=[0.10131 0.00129 0.09581], physical=[0.10131 0.00129]
solver time: 0.07532215118408203, path_s: 0.1639480919843611, risk_margin_max: 0.019419180418461097, solve_mode: fast
risk_margin_stages(active): [0:0.000211, 1:0.000000, 2:0.000290, 3:0.001267, 4:0.002082, 5:0.001106, 6:0.004108, 7:0.009318, 8:0.013818, 9:0.016673, 10:0.019419]
plant_input_stage0: full=[0.05062 0.47633 0.04641], physical=[0.05062 0.47633]
Acados solver failed with status 4
Acados residuals [stat, eq, ineq, comp]: [    nan 0.04763 0.01743 0.00509]
Acados SQP iterations: 1
Fast SQP_RTI solver failed with status 4. Starting infeasible recovery.
Backup SQP_WITH_FEASIBLE_QP solver returned status 1; falling back to safe stop.
Applied nominal_safe_controller safe-stop plan after infeasible RMPCC-PV solve.
solver time: 0.12505793571472168, path_s: 0.16714739580305465, risk_margin_max: 0.00021057585417838084, solve_mode: safe_stop
risk_margin_stages(active): [0:0.000211, 1:0.000211, 2:0.000211, 3:0.000211, 4:0.000211, 5:0.000211, 6:0.000211, 7:0.000211, 8:0.000211, 9:0.000211, 10:0.000211]
plant_input_stage0: full=[0. 0. 0.], physical=[0. 0.]
solver time: 0.0826864242553711, path_s: 0.1694366388445387, risk_margin_max: 0.00021057585576123952, solve_mode: fast
risk_margin_stages(active): [0:0.000211, 1:0.000211, 2:0.000211, 3:0.000211, 4:0.000211, 5:0.000211, 6:0.000211, 7:0.000211, 8:0.000211, 9:0.000211, 10:0.000211]
plant_input_stage0: full=[ 0.02173 -0.       0.00153], physical=[ 0.02173 -0.     ]
solver time: 0.0730133056640625, path_s: 0.16739740921260898, risk_margin_max: 0.002346397661136829, solve_mode: fast
risk_margin_stages(active): [0:0.000211, 1:0.000035, 2:0.000363, 3:0.001122, 4:0.001635, 5:0.001996, 6:0.002214, 7:0.002260, 8:0.002346, 9:0.002298, 10:0.002254]
plant_input_stage0: full=[0.01071 0.28061 0.01115], physical=[0.01071 0.28061]
solver time: 0.08099246025085449, path_s: 0.16712820066021217, risk_margin_max: 0.005641420835128604, solve_mode: fast
risk_margin_stages(active): [0:0.000211, 1:0.001130, 2:0.002171, 3:0.002734, 4:0.003116, 5:0.003464, 6:0.003834, 7:0.004516, 8:0.004915, 9:0.005292, 10:0.005641]
plant_input_stage0: full=[0.01336 0.28425 0.02413], physical=[0.01336 0.28425]
solver time: 0.07960391044616699, path_s: 0.16738540013954745, risk_margin_max: 0.007158243701888701, solve_mode: fast
risk_margin_stages(active): [0:0.000209, 1:0.002836, 2:0.003448, 3:0.004530, 4:0.005479, 5:0.006303, 6:0.006963, 7:0.007158, 8:0.006823, 9:0.006561, 10:0.006386]
plant_input_stage0: full=[0.05231 0.32324 0.04608], physical=[0.05231 0.32324]
solver time: 0.07773590087890625, path_s: 0.16799842018407013, risk_margin_max: 0.006355531149397127, solve_mode: fast
risk_margin_stages(active): [0:0.000211, 1:0.000148, 2:0.003924, 3:0.004333, 4:0.003344, 5:0.001233, 6:0.000555, 7:0.003260, 8:0.004646, 9:0.005622, 10:0.006356]
plant_input_stage0: full=[0.02609 0.21694 0.05915], physical=[0.02609 0.21694]
solver time: 0.08386754989624023, path_s: 0.18532612971105733, risk_margin_max: 0.006698263956383613, solve_mode: fast
risk_margin_stages(active): [0:0.000211, 1:0.002110, 2:0.000251, 3:0.000350, 4:0.002953, 5:0.004224, 6:0.003392, 7:0.006698, 8:0.004653, 9:0.003864, 10:0.004285]
plant_input_stage0: full=[0.02334 0.18261 0.01459], physical=[0.02334 0.18261]
solver time: 0.08640217781066895, path_s: 0.18886580897735392, risk_margin_max: 0.007137749527083561, solve_mode: fast
risk_margin_stages(active): [0:0.000211, 1:0.001344, 2:0.000552, 3:0.002834, 4:0.007138, 5:0.006792, 6:0.000652, 7:0.000758, 8:0.003747, 9:0.004293, 10:0.003008]
plant_input_stage0: full=[0.01597 0.32593 0.01808], physical=[0.01597 0.32593]
solver time: 0.08723044395446777, path_s: 0.1899352274030657, risk_margin_max: 0.009019707179332533, solve_mode: fast
risk_margin_stages(active): [0:0.000211, 1:0.002914, 2:0.004517, 3:0.007574, 4:0.006731, 5:0.009020, 6:0.000722, 7:0.003086, 8:0.001134, 9:0.003630, 10:0.001215]
plant_input_stage0: full=[0.03882 0.20799 0.04658], physical=[0.03882 0.20799]
solver time: 0.222700834274292, path_s: 0.1910132484593346, risk_margin_max: 0.008143787848996107, solve_mode: fast
risk_margin_stages(active): [0:0.000211, 1:0.007896, 2:0.000365, 3:0.000496, 4:0.008144, 5:0.000601, 6:0.000702, 7:0.000885, 8:0.003097, 9:0.003412, 10:0.001606]
plant_input_stage0: full=[0.1123  0.35155 0.0677 ], physical=[0.1123  0.35155]
solver time: 0.0853719711303711, path_s: 0.20784611588207244, risk_margin_max: 0.00722179383143895, solve_mode: fast
risk_margin_stages(active): [0:0.000210, 1:0.000273, 2:0.002672, 3:0.002875, 4:0.007222, 5:0.000344, 6:0.000547, 7:0.002736, 8:0.000928, 9:0.003293, 10:0.001904]
plant_input_stage0: full=[0.05613 0.55935 0.04289], physical=[0.05613 0.55935]
solver time: 0.08361291885375977, path_s: 0.21304145932182483, risk_margin_max: 0.008213568583514772, solve_mode: fast
risk_margin_stages(active): [0:0.000210, 1:0.000196, 2:0.002770, 3:0.006605, 4:0.008214, 5:0.000474, 6:0.002719, 7:0.001367, 8:0.002422, 9:0.000643, 10:0.003716]
plant_input_stage0: full=[0.02803 0.4367  0.04665], physical=[0.02803 0.4367 ]
solver time: 0.08202648162841797, path_s: 0.2153118402274321, risk_margin_max: 0.006797782492589146, solve_mode: fast
risk_margin_stages(active): [0:0.000210, 1:0.001995, 2:0.006798, 3:0.000278, 4:0.003373, 5:0.000515, 6:0.001315, 7:0.003314, 8:0.000000, 9:0.002276, 10:0.005566]
plant_input_stage0: full=[0.02125 0.29605 0.05147], physical=[0.02125 0.29605]
Acados solver failed with status 4
Acados residuals [stat, eq, ineq, comp]: [    nan 0.02961 0.      0.00124]
Acados SQP iterations: 1
Fast SQP_RTI solver failed with status 4. Starting infeasible recovery.
Backup SQP_WITH_FEASIBLE_QP solver returned status 1; falling back to safe stop.
Applied nominal_safe_controller safe-stop plan after infeasible RMPCC-PV solve.
solver time: 0.13137269020080566, path_s: 0.21613763817320986, risk_margin_max: 0.0002104438939263754, solve_mode: safe_stop
risk_margin_stages(active): [0:0.000210, 1:0.000210, 2:0.000210, 3:0.000210, 4:0.000210, 5:0.000210, 6:0.000210, 7:0.000210, 8:0.000210, 9:0.000210, 10:0.000210]
plant_input_stage0: full=[0. 0. 0.], physical=[0. 0.]
solver time: 0.08487486839294434, path_s: 0.21744982398127133, risk_margin_max: 0.0002104438940416393, solve_mode: fast
risk_margin_stages(active): [0:0.000210, 1:0.000210, 2:0.000210, 3:0.000210, 4:0.000210, 5:0.000210, 6:0.000210, 7:0.000210, 8:0.000210, 9:0.000210, 10:0.000210]
plant_input_stage0: full=[ 0.01298 -0.       0.00907], physical=[ 0.01298 -0.     ]
solver time: 0.08302497863769531, path_s: 0.21857832364291663, risk_margin_max: 0.0016444954214364282, solve_mode: fast
risk_margin_stages(active): [0:0.000210, 1:0.000759, 2:0.001181, 3:0.001479, 4:0.001644, 5:0.001638, 6:0.001570, 7:0.001510, 8:0.001458, 9:0.001417, 10:0.001386]
plant_input_stage0: full=[0.00861 0.50722 0.00956], physical=[0.00861 0.50722]
solver time: 0.08080410957336426, path_s: 0.21932707610639635, risk_margin_max: 0.003980452596263904, solve_mode: fast
risk_margin_stages(active): [0:0.000210, 1:0.001154, 2:0.000947, 3:0.000804, 4:0.001373, 5:0.002222, 6:0.002852, 7:0.003309, 8:0.003649, 9:0.003879, 10:0.003980]
plant_input_stage0: full=[0.01206 0.25189 0.01263], physical=[0.01206 0.25189]
solver time: 0.08411574363708496, path_s: 0.22034382952190779, risk_margin_max: 0.004176059092402798, solve_mode: fast
risk_margin_stages(active): [0:0.000210, 1:0.001697, 2:0.002577, 3:0.003355, 4:0.004176, 5:0.003307, 6:0.000306, 7:0.000368, 8:0.000449, 9:0.001482, 10:0.002760]
plant_input_stage0: full=[0.0182  0.27708 0.038  ], physical=[0.0182  0.27708]
solver time: 0.07909011840820312, path_s: 0.22185265054607994, risk_margin_max: 0.0046629433138115125, solve_mode: fast
risk_margin_stages(active): [0:0.000210, 1:0.004663, 2:0.000697, 3:0.000389, 4:0.002187, 5:0.002545, 6:0.000165, 7:0.000282, 8:0.001716, 9:0.002888, 10:0.003303]
plant_input_stage0: full=[0.07136 0.49594 0.05361], physical=[0.07136 0.49594]
solver time: 0.0815877914428711, path_s: 0.2303258074629755, risk_margin_max: 0.005322371272929176, solve_mode: fast
risk_margin_stages(active): [0:0.000210, 1:0.000109, 2:0.003030, 3:0.002263, 4:0.004998, 5:0.005010, 6:0.000000, 7:0.001839, 8:0.004050, 9:0.004395, 10:0.005322]
plant_input_stage0: full=[0.03565 0.37179 0.03893], physical=[0.03565 0.37179]
Acados solver failed with status 4
Acados residuals [stat, eq, ineq, comp]: [    nan 0.03718 0.      0.00064]
Acados SQP iterations: 1
Fast SQP_RTI solver failed with status 4. Starting infeasible recovery.
Backup SQP_WITH_FEASIBLE_QP solver returned status 1; falling back to safe stop.
Applied nominal_safe_controller safe-stop plan after infeasible RMPCC-PV solve.
solver time: 0.13102436065673828, path_s: 0.23331054716378893, risk_margin_max: 0.00021042496081789038, solve_mode: safe_stop
risk_margin_stages(active): [0:0.000210, 1:0.000210, 2:0.000210, 3:0.000210, 4:0.000210, 5:0.000210, 6:0.000210, 7:0.000210, 8:0.000210, 9:0.000210, 10:0.000210]
plant_input_stage0: full=[0. 0. 0.], physical=[0. 0.]
solver time: 0.08302617073059082, path_s: 0.23331054716378893, risk_margin_max: 0.00021042496081808177, solve_mode: fast
risk_margin_stages(active): [0:0.000210, 1:0.000210, 2:0.000210, 3:0.000210, 4:0.000210, 5:0.000210, 6:0.000210, 7:0.000210, 8:0.000210, 9:0.000210, 10:0.000210]
plant_input_stage0: full=[ 0.00813 -0.       0.01267], physical=[ 0.00813 -0.     ]
solver time: 0.08284163475036621, path_s: 0.23773944380325737, risk_margin_max: 0.0015650916574151406, solve_mode: fast
risk_margin_stages(active): [0:0.000210, 1:0.001312, 2:0.001565, 3:0.001510, 4:0.001447, 5:0.001389, 6:0.001338, 7:0.001296, 8:0.001262, 9:0.001239, 10:0.001226]
plant_input_stage0: full=[0.01781 0.45999 0.00524], physical=[0.01781 0.45999]
solver time: 0.0723264217376709, path_s: 0.2378315882484486, risk_margin_max: 0.0038942176421012708, solve_mode: fast
risk_margin_stages(active): [0:0.000210, 1:0.000000, 2:0.000000, 3:0.001473, 4:0.002076, 5:0.002536, 6:0.002919, 7:0.003245, 8:0.003521, 9:0.003742, 10:0.003894]
plant_input_stage0: full=[0.00874 0.23007 0.01762], physical=[0.00874 0.23007]
Acados solver failed with status 4
Acados residuals [stat, eq, ineq, comp]: [    nan 0.02301 0.00001 0.     ]
Acados SQP iterations: 1
Fast SQP_RTI solver failed with status 4. Starting infeasible recovery.
Backup SQP_WITH_FEASIBLE_QP solver returned status 1; falling back to safe stop.
Applied nominal_safe_controller safe-stop plan after infeasible RMPCC-PV solve.
solver time: 0.12753582000732422, path_s: 0.23786484346432005, risk_margin_max: 0.00021042546241964007, solve_mode: safe_stop
risk_margin_stages(active): [0:0.000210, 1:0.000210, 2:0.000210, 3:0.000210, 4:0.000210, 5:0.000210, 6:0.000210, 7:0.000210, 8:0.000210, 9:0.000210, 10:0.000210]
plant_input_stage0: full=[0. 0. 0.], physical=[0. 0.]
solver time: 0.07422614097595215, path_s: 0.23778257763442132, risk_margin_max: 0.00021042546242942112, solve_mode: fast
risk_margin_stages(active): [0:0.000210, 1:0.000210, 2:0.000210, 3:0.000210, 4:0.000210, 5:0.000210, 6:0.000210, 7:0.000210, 8:0.000210, 9:0.000210, 10:0.000210]
plant_input_stage0: full=[ 0.00934 -0.       0.01159], physical=[ 0.00934 -0.     ]
solver time: 0.07828211784362793, path_s: 0.2378485413941263, risk_margin_max: 0.0013437269913487448, solve_mode: fast
risk_margin_stages(active): [0:0.000210, 1:0.000958, 2:0.001225, 3:0.001344, 4:0.001332, 5:0.001274, 6:0.001224, 7:0.001181, 8:0.001148, 9:0.001126, 10:0.001114]
plant_input_stage0: full=[0.01092 0.43682 0.01569], physical=[0.01092 0.43682]
solver time: 0.07761025428771973, path_s: 0.2381065946223396, risk_margin_max: 0.0032273195938081604, solve_mode: fast
risk_margin_stages(active): [0:0.000210, 1:0.000000, 2:0.000000, 3:0.001023, 4:0.001909, 5:0.002484, 6:0.002858, 7:0.003086, 8:0.003173, 9:0.003198, 10:0.003227]
plant_input_stage0: full=[0.00519 0.21842 0.02245], physical=[0.00519 0.21842]
Acados solver failed with status 4
Acados residuals [stat, eq, ineq, comp]: [    nan 0.02184 0.00004 0.00001]
Acados SQP iterations: 1
Fast SQP_RTI solver failed with status 4. Starting infeasible recovery.
Backup SQP_WITH_FEASIBLE_QP solver returned status 1; falling back to safe stop.
Applied nominal_safe_controller safe-stop plan after infeasible RMPCC-PV solve.
solver time: 0.13311338424682617, path_s: 0.2385787275789014, risk_margin_max: 0.000210428025400003, solve_mode: safe_stop
risk_margin_stages(active): [0:0.000210, 1:0.000210, 2:0.000210, 3:0.000210, 4:0.000210, 5:0.000210, 6:0.000210, 7:0.000210, 8:0.000210, 9:0.000210, 10:0.000210]
plant_input_stage0: full=[0. 0. 0.], physical=[0. 0.]
solver time: 0.08027148246765137, path_s: 0.2385787275789014, risk_margin_max: 0.00021042802541865408, solve_mode: fast
risk_margin_stages(active): [0:0.000210, 1:0.000210, 2:0.000210, 3:0.000210, 4:0.000210, 5:0.000210, 6:0.000210, 7:0.000210, 8:0.000210, 9:0.000210, 10:0.000210]
plant_input_stage0: full=[ 0.00567 -0.       0.01481], physical=[ 0.00567 -0.     ]
solver time: 0.0860593318939209, path_s: 0.23909939985126047, risk_margin_max: 0.0013509597272972989, solve_mode: fast
risk_margin_stages(active): [0:0.000210, 1:0.001189, 2:0.001351, 3:0.001278, 4:0.001208, 5:0.001142, 6:0.001080, 7:0.001025, 8:0.000977, 9:0.000939, 10:0.000912]
plant_input_stage0: full=[0.01935 0.36119 0.02006], physical=[0.01935 0.36119]
solver time: 0.08186173439025879, path_s: 0.24087696375608728, risk_margin_max: 0.0030894521729519604, solve_mode: fast
risk_margin_stages(active): [0:0.000210, 1:0.000000, 2:0.000000, 3:0.001370, 4:0.001934, 5:0.002342, 6:0.002652, 7:0.002880, 8:0.003024, 9:0.003064, 10:0.003089]
plant_input_stage0: full=[0.00952 0.18061 0.02871], physical=[0.00952 0.18061]
Acados solver failed with status 4
Acados residuals [stat, eq, ineq, comp]: [    nan 0.01806 0.      0.00007]
Acados SQP iterations: 1
Fast SQP_RTI solver failed with status 4. Starting infeasible recovery.
Backup SQP_WITH_FEASIBLE_QP solver returned status 1; falling back to safe stop.
Applied nominal_safe_controller safe-stop plan after infeasible RMPCC-PV solve.
solver time: 0.12350225448608398, path_s: 0.24176424673390906, risk_margin_max: 0.00021042596360664508, solve_mode: safe_stop
risk_margin_stages(active): [0:0.000210, 1:0.000210, 2:0.000210, 3:0.000210, 4:0.000210, 5:0.000210, 6:0.000210, 7:0.000210, 8:0.000210, 9:0.000210, 10:0.000210]
plant_input_stage0: full=[0. 0. 0.], physical=[0. 0.]
solver time: 0.08092188835144043, path_s: 0.24176424673390906, risk_margin_max: 0.00021042811991602153, solve_mode: fast
risk_margin_stages(active): [0:0.000210, 1:0.000210, 2:0.000210, 3:0.000210, 4:0.000210, 5:0.000210, 6:0.000210, 7:0.000210, 8:0.000210, 9:0.000210, 10:0.000210]
plant_input_stage0: full=[ 0.00465 -0.00001  0.01571], physical=[ 0.00465 -0.00001]
solver time: 0.0822291374206543, path_s: 0.2422009262911467, risk_margin_max: 0.0012571055546442024, solve_mode: fast
risk_margin_stages(active): [0:0.000210, 1:0.001152, 2:0.001257, 3:0.001189, 4:0.001122, 5:0.001058, 6:0.001000, 7:0.000947, 8:0.000901, 9:0.000865, 10:0.000840]
plant_input_stage0: full=[0.02233 0.32542 0.02197], physical=[0.02233 0.32542]
solver time: 0.07951974868774414, path_s: 0.25096991962071624, risk_margin_max: 0.0029629655414904446, solve_mode: fast
risk_margin_stages(active): [0:0.000210, 1:0.000000, 2:0.000999, 3:0.001628, 4:0.002078, 5:0.002417, 6:0.002666, 7:0.002830, 8:0.002900, 9:0.002942, 10:0.002963]
plant_input_stage0: full=[0.011   0.16271 0.01273], physical=[0.011   0.16271]
Acados solver failed with status 4
Acados residuals [stat, eq, ineq, comp]: [    nan 0.01627 0.      0.00012]
Acados SQP iterations: 1
Fast SQP_RTI solver failed with status 4. Starting infeasible recovery.
Backup SQP_WITH_FEASIBLE_QP solver returned status 1; falling back to safe stop.
Applied nominal_safe_controller safe-stop plan after infeasible RMPCC-PV solve.
solver time: 0.12290096282958984, path_s: 0.2513621697667984, risk_margin_max: 0.00021042222155269772, solve_mode: safe_stop
risk_margin_stages(active): [0:0.000210, 1:0.000210, 2:0.000210, 3:0.000210, 4:0.000210, 5:0.000210, 6:0.000210, 7:0.000210, 8:0.000210, 9:0.000210, 10:0.000210]
plant_input_stage0: full=[0. 0. 0.], physical=[0. 0.]
solver time: 0.0828251838684082, path_s: 0.2510170183353304, risk_margin_max: 0.00021042222156668466, solve_mode: fast
risk_margin_stages(active): [0:0.000210, 1:0.000210, 2:0.000210, 3:0.000210, 4:0.000210, 5:0.000210, 6:0.000210, 7:0.000210, 8:0.000210, 9:0.000210, 10:0.000210]
plant_input_stage0: full=[ 0.01493 -0.       0.00693], physical=[ 0.01493 -0.     ]
solver time: 0.07865047454833984, path_s: 0.2513354819755237, risk_margin_max: 0.0009703670575523921, solve_mode: fast
risk_margin_stages(active): [0:0.000210, 1:0.000050, 2:0.000049, 3:0.000478, 4:0.000782, 5:0.000957, 6:0.000970, 7:0.000946, 8:0.000933, 9:0.000931, 10:0.000940]
plant_input_stage0: full=[0.00722 0.37682 0.00697], physical=[0.00722 0.37682]
solver time: 0.08169150352478027, path_s: 0.2513516003918232, risk_margin_max: 0.0019056276129807872, solve_mode: fast
risk_margin_stages(active): [0:0.000210, 1:0.000018, 2:0.000563, 3:0.001454, 4:0.001192, 5:0.000977, 6:0.001573, 7:0.001906, 8:0.001888, 9:0.001841, 10:0.001795]
plant_input_stage0: full=[0.00309 0.18868 0.00947], physical=[0.00309 0.18868]
solver time: 0.08069705963134766, path_s: 0.25136491975917485, risk_margin_max: 0.0021753411874898955, solve_mode: fast
risk_margin_stages(active): [0:0.000210, 1:0.000341, 2:0.001775, 3:0.001607, 4:0.000693, 5:0.000379, 6:0.000000, 7:0.000000, 8:0.001370, 9:0.001791, 10:0.002175]
plant_input_stage0: full=[0.00352 0.14526 0.02834], physical=[0.00352 0.14526]
Acados solver failed with status 4
Acados residuals [stat, eq, ineq, comp]: [    nan 0.01453 0.      0.00173]
Acados SQP iterations: 1
Fast SQP_RTI solver failed with status 4. Starting infeasible recovery.
Backup SQP_WITH_FEASIBLE_QP solver returned status 1; falling back to safe stop.
Applied nominal_safe_controller safe-stop plan after infeasible RMPCC-PV solve.
solver time: 0.12809348106384277, path_s: 0.2514599642432508, risk_margin_max: 0.00021042401290838147, solve_mode: safe_stop
risk_margin_stages(active): [0:0.000210, 1:0.000210, 2:0.000210, 3:0.000210, 4:0.000210, 5:0.000210, 6:0.000210, 7:0.000210, 8:0.000210, 9:0.000210, 10:0.000210]
plant_input_stage0: full=[0. 0. 0.], physical=[0. 0.]
solver time: 0.08582949638366699, path_s: 0.2511546690170055, risk_margin_max: 0.00021042488157110612, solve_mode: fast
risk_margin_stages(active): [0:0.000210, 1:0.000210, 2:0.000210, 3:0.000210, 4:0.000210, 5:0.000210, 6:0.000210, 7:0.000210, 8:0.000210, 9:0.000210, 10:0.000210]
plant_input_stage0: full=[ 0.00949 -0.       0.01198], physical=[ 0.00949 -0.     ]
solver time: 0.08568143844604492, path_s: 0.25136761233925325, risk_margin_max: 0.0009594714664049006, solve_mode: fast
risk_margin_stages(active): [0:0.000210, 1:0.000796, 2:0.000958, 3:0.000959, 4:0.000901, 5:0.000847, 6:0.000799, 7:0.000759, 8:0.000729, 9:0.000708, 10:0.000700]
plant_input_stage0: full=[0.01014 0.28424 0.01415], physical=[0.01014 0.28424]
solver time: 0.08316564559936523, path_s: 0.25138914193708817, risk_margin_max: 0.0017845019308882582, solve_mode: fast
risk_margin_stages(active): [0:0.000210, 1:0.000020, 2:0.000012, 3:0.001004, 4:0.001579, 5:0.001785, 6:0.001732, 7:0.001680, 8:0.001633, 9:0.001594, 10:0.001557]
plant_input_stage0: full=[0.0047  0.14213 0.01924], physical=[0.0047  0.14213]
solver time: 0.0805366039276123, path_s: 0.25141568057289254, risk_margin_max: 0.0020126158367095057, solve_mode: fast
risk_margin_stages(active): [0:0.000210, 1:0.000026, 2:0.000248, 3:0.002013, 4:0.000044, 5:0.000362, 6:0.000038, 7:0.000642, 8:0.001127, 9:0.001577, 10:0.001957]
plant_input_stage0: full=[0.00154 0.07112 0.02585], physical=[0.00154 0.07112]
solver time: 0.08127880096435547, path_s: 0.2514500409506567, risk_margin_max: 0.0027301690558294133, solve_mode: fast
risk_margin_stages(active): [0:0.000210, 1:0.000366, 2:0.001111, 3:0.000035, 4:0.000449, 5:0.001191, 6:0.000101, 7:0.000118, 8:0.000122, 9:0.000947, 10:0.002730]
plant_input_stage0: full=[0.00584 0.03386 0.03059], physical=[0.00584 0.03386]
solver time: 0.07997345924377441, path_s: 0.25147545378348474, risk_margin_max: 0.002126169268192551, solve_mode: fast
risk_margin_stages(active): [0:0.000210, 1:0.001334, 2:0.000026, 3:0.000025, 4:0.001430, 5:0.002126, 6:0.000000, 7:0.000000, 8:0.000246, 9:0.001771, 10:0.001840]
plant_input_stage0: full=[0.02877 0.00798 0.03486], physical=[0.02877 0.00798]
Acados solver failed with status 4
Acados residuals [stat, eq, ineq, comp]: [    nan 0.00254 0.      0.00067]
Acados SQP iterations: 1
Fast SQP_RTI solver failed with status 4. Starting infeasible recovery.
Backup SQP_WITH_FEASIBLE_QP solver returned status 1; falling back to safe stop.
Applied nominal_safe_controller safe-stop plan after infeasible RMPCC-PV solve.
solver time: 0.13148140907287598, path_s: 0.25401980817955594, risk_margin_max: 0.00021041567434650568, solve_mode: safe_stop
risk_margin_stages(active): [0:0.000210, 1:0.000210, 2:0.000210, 3:0.000210, 4:0.000210, 5:0.000210, 6:0.000210, 7:0.000210, 8:0.000210, 9:0.000210, 10:0.000210]
plant_input_stage0: full=[-0.  0.  0.], physical=[-0.  0.]
solver time: 0.10112619400024414, path_s: 0.25401980817955594, risk_margin_max: 0.0002104156742778727, solve_mode: fast
risk_margin_stages(active): [0:0.000210, 1:0.000210, 2:0.000210, 3:0.000210, 4:0.000210, 5:0.000210, 6:0.000210, 7:0.000210, 8:0.000210, 9:0.000210, 10:0.000210]
plant_input_stage0: full=[ 0.00266 -0.       0.01759], physical=[ 0.00266 -0.     ]
solver time: 0.08470678329467773, path_s: 0.2542817240555654, risk_margin_max: 0.0009622167607483194, solve_mode: fast
risk_margin_stages(active): [0:0.000210, 1:0.000962, 2:0.000940, 3:0.000895, 4:0.000852, 5:0.000812, 6:0.000777, 7:0.000748, 8:0.000727, 9:0.000714, 10:0.000711]
plant_input_stage0: full=[0.03178 0.2164  0.02657], physical=[0.03178 0.2164 ]
solver time: 0.08347511291503906, path_s: 0.26489541594912164, risk_margin_max: 0.0024538130834487145, solve_mode: fast
risk_margin_stages(active): [0:0.000210, 1:0.000020, 2:0.001041, 3:0.001489, 4:0.001816, 5:0.002041, 6:0.002166, 7:0.002249, 8:0.002326, 9:0.002393, 10:0.002454]
plant_input_stage0: full=[0.01573 0.10822 0.02009], physical=[0.01573 0.10822]
solver time: 0.0821068286895752, path_s: 0.2656428677980516, risk_margin_max: 0.004347205472982493, solve_mode: fast
risk_margin_stages(active): [0:0.000210, 1:0.000303, 2:0.000023, 3:0.000029, 4:0.000035, 5:0.000051, 6:0.002143, 7:0.002953, 8:0.003521, 9:0.003957, 10:0.004347]
plant_input_stage0: full=[0.00821 0.05332 0.01613], physical=[0.00821 0.05332]
solver time: 0.08841347694396973, path_s: 0.26566917744750446, risk_margin_max: 0.0030723694578267432, solve_mode: fast
risk_margin_stages(active): [0:0.000210, 1:0.001158, 2:0.000026, 3:0.000024, 4:0.000019, 5:0.000475, 6:0.002207, 7:0.002097, 8:0.001973, 9:0.002281, 10:0.003072]
plant_input_stage0: full=[0.0222  0.00191 0.01483], physical=[0.0222  0.00191]
solver time: 0.08313107490539551, path_s: 0.2656613799269648, risk_margin_max: 0.003448584505105449, solve_mode: fast
risk_margin_stages(active): [0:0.000210, 1:0.000488, 2:0.000352, 3:0.000026, 4:0.000304, 5:0.001448, 6:0.000029, 7:0.001872, 8:0.002674, 9:0.003002, 10:0.003449]
plant_input_stage0: full=[ 0.0121  -0.11896  0.016  ], physical=[ 0.0121  -0.11896]
solver time: 0.08652687072753906, path_s: 0.265669606834134, risk_margin_max: 0.005277409892161282, solve_mode: fast
risk_margin_stages(active): [0:0.000210, 1:0.000027, 2:0.001287, 3:0.000368, 4:0.001236, 5:0.000014, 6:0.000404, 7:0.002904, 8:0.003417, 9:0.004372, 10:0.005277]
plant_input_stage0: full=[ 0.00564 -0.31982  0.02321], physical=[ 0.00564 -0.31982]
solver time: 0.08762884140014648, path_s: 0.2657242739693545, risk_margin_max: 0.007216955952614179, solve_mode: fast
risk_margin_stages(active): [0:0.000210, 1:0.000358, 2:0.002140, 3:0.000000, 4:0.000000, 5:0.000000, 6:0.001625, 7:0.000206, 8:0.004551, 9:0.005753, 10:0.007217]
plant_input_stage0: full=[ 0.00451 -0.49765  0.02738], physical=[ 0.00451 -0.49765]
Acados solver failed with status 4
Acados residuals [stat, eq, ineq, comp]: [    nan 0.04976 0.      0.00172]
Acados SQP iterations: 1
Fast SQP_RTI solver failed with status 4. Starting infeasible recovery.
Backup SQP_WITH_FEASIBLE_QP solver returned status 1; falling back to safe stop.
Applied nominal_safe_controller safe-stop plan after infeasible RMPCC-PV solve.
solver time: 0.14321160316467285, path_s: 0.2657597079048112, risk_margin_max: 0.0002104062830397358, solve_mode: safe_stop
risk_margin_stages(active): [0:0.000210, 1:0.000210, 2:0.000210, 3:0.000210, 4:0.000210, 5:0.000210, 6:0.000210, 7:0.000210, 8:0.000210, 9:0.000210, 10:0.000210]
plant_input_stage0: full=[0. 0. 0.], physical=[0. 0.]
solver time: 0.08979654312133789, path_s: 0.2654379051987625, risk_margin_max: 0.00021040628304178937, solve_mode: fast
risk_margin_stages(active): [0:0.000210, 1:0.000210, 2:0.000210, 3:0.000210, 4:0.000210, 5:0.000210, 6:0.000210, 7:0.000210, 8:0.000210, 9:0.000210, 10:0.000210]
plant_input_stage0: full=[0.00482 0.      0.01563], physical=[0.00482 0.     ]
solver time: 0.0851445198059082, path_s: 0.2656500890755008, risk_margin_max: 0.0014143794627859067, solve_mode: fast
risk_margin_stages(active): [0:0.000210, 1:0.000924, 2:0.001024, 3:0.001059, 4:0.001098, 5:0.001142, 6:0.001190, 7:0.001242, 8:0.001297, 9:0.001355, 10:0.001414]
plant_input_stage0: full=[0.02163 0.38411 0.02223], physical=[0.02163 0.38411]
solver time: 0.08414173126220703, path_s: 0.26674509410132413, risk_margin_max: 0.0042039671530216954, solve_mode: fast
risk_margin_stages(active): [0:0.000210, 1:0.000035, 2:0.001259, 3:0.001736, 4:0.002144, 5:0.002516, 6:0.002867, 7:0.003205, 8:0.003533, 9:0.003862, 10:0.004204]
plant_input_stage0: full=[0.01058 0.26084 0.03761], physical=[0.01058 0.26084]
solver time: 0.08041119575500488, path_s: 0.267782931951714, risk_margin_max: 0.00713943299341645, solve_mode: fast
risk_margin_stages(active): [0:0.000210, 1:0.000430, 2:0.002320, 3:0.002697, 4:0.003075, 5:0.003534, 6:0.004104, 7:0.004783, 8:0.005542, 9:0.006338, 10:0.007139]
plant_input_stage0: full=[0.00687 0.14771 0.03822], physical=[0.00687 0.14771]
solver time: 0.133103609085083, path_s: 0.26846025818020314, risk_margin_max: 0.009582349268308536, solve_mode: fast
risk_margin_stages(active): [0:0.000210, 1:0.001457, 2:0.000038, 3:0.002890, 4:0.003621, 5:0.004293, 6:0.005098, 7:0.006058, 8:0.007169, 9:0.008380, 10:0.009582]
plant_input_stage0: full=[0.04002 0.11525 0.05054], physical=[0.04002 0.11525]
solver time: 0.0822291374206543, path_s: 0.27985147102976315, risk_margin_max: 0.011299317375810287, solve_mode: fast
risk_margin_stages(active): [0:0.000210, 1:0.000038, 2:0.000482, 3:0.001623, 4:0.004102, 5:0.005157, 6:0.006309, 7:0.007577, 8:0.008907, 9:0.010183, 10:0.011299]
plant_input_stage0: full=[0.01985 0.16637 0.02192], physical=[0.01985 0.16637]
solver time: 0.07997465133666992, path_s: 0.280704324613119, risk_margin_max: 0.013662138407848683, solve_mode: fast
risk_margin_stages(active): [0:0.000210, 1:0.000058, 2:0.001844, 3:0.003388, 4:0.005010, 5:0.006385, 6:0.007854, 7:0.009379, 8:0.010763, 9:0.011876, 10:0.013662]
plant_input_stage0: full=[0.00959 0.52135 0.03875], physical=[0.00959 0.52135]
solver time: 0.08139157295227051, path_s: 0.28095790733203946, risk_margin_max: 0.01307937287317635, solve_mode: fast
risk_margin_stages(active): [0:0.000210, 1:0.000631, 2:0.002212, 3:0.004029, 4:0.005066, 5:0.006492, 6:0.008093, 7:0.009661, 8:0.011025, 9:0.012126, 10:0.013079]
plant_input_stage0: full=[0.01042 0.25987 0.04059], physical=[0.01042 0.25987]
solver time: 0.08103442192077637, path_s: 0.281001681336531, risk_margin_max: 0.015624897574393486, solve_mode: fast
risk_margin_stages(active): [0:0.000210, 1:0.002074, 2:0.003733, 3:0.005033, 4:0.006445, 5:0.008116, 6:0.010512, 7:0.012191, 8:0.013571, 9:0.014730, 10:0.015625]
plant_input_stage0: full=[0.06741 0.51422 0.06729], physical=[0.06741 0.51422]
solver time: 0.0824594497680664, path_s: 0.28310090445678227, risk_margin_max: 0.016191343953855606, solve_mode: fast
risk_margin_stages(active): [0:0.000210, 1:0.002608, 2:0.005013, 3:0.006477, 4:0.008239, 5:0.010083, 6:0.011691, 7:0.012917, 8:0.013858, 9:0.014800, 10:0.016191]
plant_input_stage0: full=[0.04957 0.29754 0.08831], physical=[0.04957 0.29754]
solver time: 0.08135032653808594, path_s: 0.288058092781328, risk_margin_max: 0.01670003863284201, solve_mode: fast
risk_margin_stages(active): [0:0.000210, 1:0.004340, 2:0.005998, 3:0.007765, 4:0.009540, 5:0.011104, 6:0.012376, 7:0.013355, 8:0.014348, 9:0.015735, 10:0.016700]
plant_input_stage0: full=[0.09023 0.37466 0.10372], physical=[0.09023 0.37466]
solver time: 0.08218979835510254, path_s: 0.2970761235739779, risk_margin_max: 0.01736566771596142, solve_mode: fast
risk_margin_stages(active): [0:0.000210, 1:0.005268, 2:0.007463, 3:0.009365, 4:0.010990, 5:0.012236, 6:0.013178, 7:0.014156, 8:0.015394, 9:0.016380, 10:0.017366]
plant_input_stage0: full=[0.10691 0.3989  0.11718], physical=[0.10691 0.3989 ]
solver time: 0.08328938484191895, path_s: 0.3077413286279633, risk_margin_max: 0.01795922938458647, solve_mode: fast
risk_margin_stages(active): [0:0.000210, 1:0.006044, 2:0.008435, 3:0.010145, 4:0.011400, 5:0.012471, 6:0.013540, 7:0.014772, 8:0.015841, 9:0.016907, 10:0.017959]
plant_input_stage0: full=[0.13523 0.32961 0.12896], physical=[0.13523 0.32961]
solver time: 0.08942699432373047, path_s: 0.32118357348060206, risk_margin_max: 0.01832085732025549, solve_mode: fast
risk_margin_stages(active): [0:0.000211, 1:0.005815, 2:0.008086, 3:0.009644, 4:0.010950, 5:0.012211, 6:0.013576, 7:0.014793, 8:0.015994, 9:0.017173, 10:0.018321]
plant_input_stage0: full=[0.14132 0.3508  0.13078], physical=[0.14132 0.3508 ]
solver time: 0.08368587493896484, path_s: 0.3351718170164145, risk_margin_max: 0.018872318365892732, solve_mode: fast
risk_margin_stages(active): [0:0.000211, 1:0.005485, 2:0.007573, 3:0.009247, 4:0.010859, 5:0.012299, 6:0.013688, 7:0.015040, 8:0.016357, 9:0.017638, 10:0.018872]
plant_input_stage0: full=[0.14803 0.39056 0.13269], physical=[0.14803 0.39056]
solver time: 0.08097290992736816, path_s: 0.3471029679299965, risk_margin_max: 0.019586931513538516, solve_mode: fast
risk_margin_stages(active): [0:0.000211, 1:0.005223, 2:0.007488, 3:0.009381, 4:0.011044, 5:0.012599, 6:0.014081, 7:0.015505, 8:0.016877, 9:0.018190, 10:0.019587]
plant_input_stage0: full=[0.14843 0.41443 0.14097], physical=[0.14843 0.41443]
solver time: 0.09465909004211426, path_s: 0.36186416130584775, risk_margin_max: 0.019728854319096056, solve_mode: fast
risk_margin_stages(active): [0:0.000211, 1:0.005468, 2:0.007802, 3:0.009693, 4:0.011377, 5:0.012941, 6:0.014418, 7:0.015822, 8:0.017156, 9:0.018490, 10:0.019729]
plant_input_stage0: full=[0.14729 0.43215 0.13807], physical=[0.14729 0.43215]
solver time: 0.08900165557861328, path_s: 0.37656375861809127, risk_margin_max: 0.01935904023306221, solve_mode: fast
risk_margin_stages(active): [0:0.000211, 1:0.005542, 2:0.007885, 3:0.009775, 4:0.011451, 5:0.012998, 6:0.014450, 7:0.015820, 8:0.017065, 9:0.018286, 10:0.019359]
plant_input_stage0: full=[0.14287 0.48835 0.13313], physical=[0.14287 0.48835]
solver time: 0.08295679092407227, path_s: 0.3908479970714221, risk_margin_max: 0.01878999721054519, solve_mode: fast
risk_margin_stages(active): [0:0.000211, 1:0.005509, 2:0.007819, 3:0.009684, 4:0.011336, 5:0.012854, 6:0.014275, 7:0.015579, 8:0.016775, 9:0.017853, 10:0.018790]
plant_input_stage0: full=[0.13669 0.5529  0.12727], physical=[0.13669 0.5529 ]
solver time: 0.08350944519042969, path_s: 0.40451160762775945, risk_margin_max: 0.01812316371725456, solve_mode: fast
risk_margin_stages(active): [0:0.000211, 1:0.005433, 2:0.007696, 3:0.009543, 4:0.011187, 5:0.012704, 6:0.014112, 7:0.015337, 8:0.016405, 9:0.017346, 10:0.018123]
plant_input_stage0: full=[0.1305  0.62456 0.12201], physical=[0.1305  0.62456]
solver time: 0.08227419853210449, path_s: 0.4152263741159747, risk_margin_max: 0.016645970968855953, solve_mode: fast
risk_margin_stages(active): [0:0.000210, 1:0.005218, 2:0.007431, 3:0.009263, 4:0.010897, 5:0.012401, 6:0.013695, 7:0.014818, 8:0.015796, 9:0.016646, 10:0.015822]
plant_input_stage0: full=[0.12282 0.61511 0.12436], physical=[0.12282 0.61511]
solver time: 0.0835113525390625, path_s: 0.42966626336216934, risk_margin_max: 0.01584849603597006, solve_mode: fast
risk_margin_stages(active): [0:0.000210, 1:0.005305, 2:0.007498, 3:0.009280, 4:0.010853, 5:0.012196, 6:0.013353, 7:0.014358, 8:0.015232, 9:0.015848, 10:0.013133]
plant_input_stage0: full=[0.12162 0.53733 0.1144 ], physical=[0.12162 0.53733]
solver time: 0.08159637451171875, path_s: 0.44156652921430695, risk_margin_max: 0.014488780907792192, solve_mode: fast
risk_margin_stages(active): [0:0.000210, 1:0.005206, 2:0.007363, 3:0.009100, 4:0.010529, 5:0.011742, 6:0.012790, 7:0.013699, 8:0.014489, 9:0.013702, 10:0.010758]
plant_input_stage0: full=[0.11743 0.48023 0.11198], physical=[0.11743 0.48023]
solver time: 0.0808110237121582, path_s: 0.4529099536846139, risk_margin_max: 0.013383134191433978, solve_mode: fast
risk_margin_stages(active): [0:0.000210, 1:0.005076, 2:0.007157, 3:0.008746, 4:0.010055, 5:0.011168, 6:0.012128, 7:0.012960, 8:0.013383, 9:0.011253, 10:0.008917]
plant_input_stage0: full=[0.11303 0.42805 0.10996], physical=[0.11303 0.42805]
solver time: 0.07943415641784668, path_s: 0.4634645666833412, risk_margin_max: 0.012149101533797547, solve_mode: fast
risk_margin_stages(active): [0:0.000210, 1:0.004796, 2:0.006740, 3:0.008226, 4:0.009448, 5:0.010485, 6:0.011378, 7:0.012149, 8:0.011310, 9:0.009182, 10:0.007597]
plant_input_stage0: full=[0.1084  0.38311 0.10921], physical=[0.1084  0.38311]
solver time: 0.0809016227722168, path_s: 0.4742996330794716, risk_margin_max: 0.010831564041002896, solve_mode: fast
risk_margin_stages(active): [0:0.000210, 1:0.004513, 2:0.006344, 3:0.007739, 4:0.008884, 5:0.009852, 6:0.010682, 7:0.010832, 8:0.009261, 9:0.007612, 10:0.007205]
plant_input_stage0: full=[0.10491 0.34357 0.10663], physical=[0.10491 0.34357]
solver time: 0.08410978317260742, path_s: 0.48476622263839064, risk_margin_max: 0.009899575786431407, solve_mode: fast
risk_margin_stages(active): [0:0.000210, 1:0.004248, 2:0.005975, 3:0.007286, 4:0.008359, 5:0.009264, 6:0.009900, 7:0.009045, 8:0.007616, 9:0.006687, 10:0.006823]
plant_input_stage0: full=[0.1018  0.30904 0.10458], physical=[0.1018  0.30904]
solver time: 0.08193778991699219, path_s: 0.4965207955925713, risk_margin_max: 0.008436072250391915, solve_mode: fast
risk_margin_stages(active): [0:0.000211, 1:0.003943, 2:0.005530, 3:0.006714, 4:0.007672, 5:0.008436, 6:0.008087, 7:0.007078, 8:0.006177, 9:0.005997, 10:0.006160]
plant_input_stage0: full=[0.09828 0.15809 0.09604], physical=[0.09828 0.15809]
solver time: 0.08749771118164062, path_s: 0.5046317350001258, risk_margin_max: 0.006980531945448319, solve_mode: fast
risk_margin_stages(active): [0:0.000211, 1:0.003965, 2:0.005544, 3:0.006693, 4:0.006981, 5:0.005828, 6:0.004940, 7:0.004874, 8:0.005152, 9:0.005406, 10:0.005646]
plant_input_stage0: full=[ 0.10188 -0.07187  0.10536], physical=[ 0.10188 -0.07187]
solver time: 0.08353400230407715, path_s: 0.5147057169570757, risk_margin_max: 0.0057800448909285165, solve_mode: fast
risk_margin_stages(active): [0:0.000211, 1:0.003934, 2:0.005547, 3:0.005780, 4:0.004765, 5:0.004203, 6:0.004532, 7:0.004825, 8:0.005064, 9:0.005302, 10:0.005522]
plant_input_stage0: full=[ 0.10465 -0.18806  0.11133], physical=[ 0.10465 -0.18806]
solver time: 0.08065271377563477, path_s: 0.5273045215525307, risk_margin_max: 0.0053592380720851665, solve_mode: fast
risk_margin_stages(active): [0:0.000211, 1:0.003936, 2:0.004624, 3:0.004017, 4:0.003786, 5:0.004153, 6:0.004469, 7:0.004719, 8:0.004959, 9:0.005171, 10:0.005359]
plant_input_stage0: full=[ 0.11028 -0.17245  0.11006], physical=[ 0.11028 -0.17245]
solver time: 0.07882833480834961, path_s: 0.5360075241240001, risk_margin_max: 0.005220938978748878, solve_mode: fast
risk_margin_stages(active): [0:0.000211, 1:0.003209, 2:0.003302, 3:0.003270, 4:0.003718, 5:0.004089, 6:0.004387, 7:0.004650, 8:0.004873, 9:0.005062, 10:0.005221]
plant_input_stage0: full=[ 0.11001 -0.11082  0.12089], physical=[ 0.11001 -0.11082]
solver time: 0.07347464561462402, path_s: 0.5469463150149042, risk_margin_max: 0.005915802123163423, solve_mode: fast
risk_margin_stages(active): [0:0.000199, 1:0.002257, 2:0.002593, 3:0.003106, 4:0.003537, 5:0.003878, 6:0.004164, 7:0.004397, 8:0.004586, 9:0.004737, 10:0.005916]
plant_input_stage0: full=[ 0.10765 -0.05393  0.12068], physical=[ 0.10765 -0.05393]
solver time: 0.08061051368713379, path_s: 0.5615979071021702, risk_margin_max: 0.006613222231375861, solve_mode: fast
risk_margin_stages(active): [0:0.000183, 1:0.001750, 2:0.002362, 3:0.002862, 4:0.003253, 5:0.003568, 6:0.003819, 7:0.004015, 8:0.004415, 9:0.005071, 10:0.006613]
plant_input_stage0: full=[0.10359 0.03748 0.10354], physical=[0.10359 0.03748]
solver time: 0.08318042755126953, path_s: 0.567978993816541, risk_margin_max: 0.007080077040288775, solve_mode: fast
risk_margin_stages(active): [0:0.000177, 1:0.001601, 2:0.002298, 3:0.002835, 4:0.003276, 5:0.003873, 6:0.004708, 7:0.005735, 8:0.006648, 9:0.006837, 10:0.007080]
plant_input_stage0: full=[0.09931 0.14255 0.11739], physical=[0.09931 0.14255]
solver time: 0.08123159408569336, path_s: 0.5808118622087454, risk_margin_max: 0.0077296942622215635, solve_mode: fast
risk_margin_stages(active): [0:0.000176, 1:0.001808, 2:0.002538, 3:0.003082, 4:0.003559, 5:0.004476, 6:0.006017, 7:0.006771, 8:0.006912, 9:0.007234, 10:0.007730]
plant_input_stage0: full=[ 0.12034 -0.05507  0.12462], physical=[ 0.12034 -0.05507]
solver time: 0.08637475967407227, path_s: 0.5994527162468702, risk_margin_max: 0.008199847400782879, solve_mode: fast
risk_margin_stages(active): [0:0.000176, 1:0.001942, 2:0.002709, 3:0.003458, 4:0.004515, 5:0.005784, 6:0.005913, 7:0.006229, 8:0.006747, 9:0.007419, 10:0.008200]
plant_input_stage0: full=[0.13856 0.01464 0.11655], physical=[0.13856 0.01464]
solver time: 0.09584569931030273, path_s: 0.6036122290013214, risk_margin_max: 0.00885114807329432, solve_mode: fast
risk_margin_stages(active): [0:0.000176, 1:0.001868, 2:0.002794, 3:0.003845, 4:0.004803, 5:0.005023, 6:0.005511, 7:0.006199, 8:0.007021, 9:0.007920, 10:0.008851]
plant_input_stage0: full=[0.13448 0.02018 0.15326], physical=[0.13448 0.02018]
solver time: 0.09755468368530273, path_s: 0.6217986960186461, risk_margin_max: 0.009539400351896326, solve_mode: fast
risk_margin_stages(active): [0:0.000176, 1:0.001952, 2:0.002940, 3:0.003595, 4:0.003929, 5:0.004587, 6:0.005451, 7:0.006431, 8:0.007466, 9:0.008514, 10:0.009539]
plant_input_stage0: full=[ 0.14907 -0.01209  0.1451 ], physical=[ 0.14907 -0.01209]
solver time: 0.07964920997619629, path_s: 0.6318106992501638, risk_margin_max: 0.01070521372552933, solve_mode: fast
risk_margin_stages(active): [0:0.000181, 1:0.001816, 2:0.002311, 3:0.002895, 4:0.003803, 5:0.004859, 6:0.005974, 7:0.007101, 8:0.008207, 9:0.009262, 10:0.010705]
plant_input_stage0: full=[ 0.14796 -0.06977  0.16188], physical=[ 0.14796 -0.06977]
solver time: 0.08360099792480469, path_s: 0.646525613278205, risk_margin_max: 0.012068955409094992, solve_mode: fast
risk_margin_stages(active): [0:0.000195, 1:0.001198, 2:0.002198, 3:0.003305, 4:0.004470, 5:0.005656, 6:0.006838, 7:0.007995, 8:0.009102, 9:0.010550, 10:0.012069]
plant_input_stage0: full=[ 0.15199 -0.14874  0.16164], physical=[ 0.15199 -0.14874]
solver time: 0.07794499397277832, path_s: 0.6680667020597054, risk_margin_max: 0.014709558128078806, solve_mode: fast
risk_margin_stages(active): [0:0.000211, 1:0.002550, 2:0.003753, 3:0.004875, 4:0.005997, 5:0.007121, 6:0.008234, 7:0.009316, 8:0.010714, 9:0.012173, 10:0.014710]
plant_input_stage0: full=[ 0.15723 -0.1951   0.14056], physical=[ 0.15723 -0.1951 ]
solver time: 0.07665657997131348, path_s: 0.6773208950486631, risk_margin_max: 0.015288334539335693, solve_mode: fast
risk_margin_stages(active): [0:0.000211, 1:0.002718, 2:0.004106, 3:0.005376, 4:0.006609, 5:0.007822, 6:0.009010, 7:0.010289, 8:0.011648, 9:0.013006, 10:0.015288]
plant_input_stage0: full=[ 0.14579 -0.30679  0.15521], physical=[ 0.14579 -0.30679]
solver time: 0.07885503768920898, path_s: 0.6955313756930156, risk_margin_max: 0.0154223884803081, solve_mode: fast
risk_margin_stages(active): [0:0.000211, 1:0.003257, 2:0.004733, 3:0.006021, 4:0.007246, 5:0.008442, 6:0.009617, 7:0.010886, 8:0.012141, 9:0.013382, 10:0.015422]
plant_input_stage0: full=[ 0.14367 -0.36859  0.13707], physical=[ 0.14367 -0.36859]
solver time: 0.07933235168457031, path_s: 0.7062298527688585, risk_margin_max: 0.015326058630841383, solve_mode: fast
risk_margin_stages(active): [0:0.000211, 1:0.003280, 2:0.004820, 3:0.006172, 4:0.007455, 5:0.008703, 6:0.009931, 7:0.011132, 8:0.012313, 9:0.013468, 10:0.015326]
plant_input_stage0: full=[ 0.13336 -0.42072  0.14065], physical=[ 0.13336 -0.42072]
solver time: 0.08051729202270508, path_s: 0.7235586414765405, risk_margin_max: 0.015078829585261343, solve_mode: fast
risk_margin_stages(active): [0:0.000210, 1:0.003680, 2:0.005276, 3:0.006612, 4:0.007844, 5:0.009023, 6:0.010168, 7:0.011287, 8:0.012380, 9:0.013940, 10:0.015079]
plant_input_stage0: full=[ 0.13376 -0.31771  0.1216 ], physical=[ 0.13376 -0.31771]
solver time: 0.08195352554321289, path_s: 0.7329271664940651, risk_margin_max: 0.014759835323124944, solve_mode: fast
risk_margin_stages(active): [0:0.000210, 1:0.003587, 2:0.005207, 3:0.006563, 4:0.007801, 5:0.008970, 6:0.010091, 7:0.011173, 8:0.012212, 9:0.013657, 10:0.014760]
plant_input_stage0: full=[ 0.12427 -0.26876  0.12603], physical=[ 0.12427 -0.26876]
solver time: 0.07862472534179688, path_s: 0.7453168113910666, risk_margin_max: 0.01490061393984916, solve_mode: fast
risk_margin_stages(active): [0:0.000210, 1:0.003772, 2:0.005433, 3:0.006807, 4:0.008049, 5:0.009214, 6:0.010325, 7:0.011390, 8:0.012767, 9:0.013842, 10:0.014901]
plant_input_stage0: full=[ 0.12267 -0.31185  0.12128], physical=[ 0.12267 -0.31185]
solver time: 0.07793211936950684, path_s: 0.7575170786677308, risk_margin_max: 0.014623702699570387, solve_mode: fast
risk_margin_stages(active): [0:0.000210, 1:0.003955, 2:0.005674, 3:0.007061, 4:0.008291, 5:0.009427, 6:0.010493, 7:0.011519, 8:0.012693, 9:0.013695, 10:0.014624]
plant_input_stage0: full=[ 0.12209 -0.11647  0.11716], physical=[ 0.12209 -0.11647]
solver time: 0.07455134391784668, path_s: 0.7696137885007301, risk_margin_max: 0.014149650336551954, solve_mode: fast
risk_margin_stages(active): [0:0.000210, 1:0.003931, 2:0.005622, 3:0.006980, 4:0.008178, 5:0.009277, 6:0.010300, 7:0.011318, 8:0.012441, 9:0.013350, 10:0.014150]
plant_input_stage0: full=[ 0.11594 -0.15805  0.10921], physical=[ 0.11594 -0.15805]
solver time: 0.07752823829650879, path_s: 0.7810823443205197, risk_margin_max: 0.01407505255424888, solve_mode: fast
risk_margin_stages(active): [0:0.000211, 1:0.004004, 2:0.005711, 3:0.007064, 4:0.008248, 5:0.009305, 6:0.010354, 7:0.011457, 8:0.012413, 9:0.013295, 10:0.014075]
plant_input_stage0: full=[ 0.11342 -0.10907  0.10394], physical=[ 0.11342 -0.10907]
solver time: 0.08011913299560547, path_s: 0.7922731935631344, risk_margin_max: 0.016167085010698617, solve_mode: fast
risk_margin_stages(active): [0:0.000211, 1:0.004501, 2:0.006412, 3:0.007888, 4:0.009229, 5:0.010510, 6:0.011751, 7:0.013001, 8:0.014140, 9:0.015205, 10:0.016167]
plant_input_stage0: full=[ 0.1235  -0.11914  0.11   ], physical=[ 0.1235  -0.11914]
solver time: 0.07889080047607422, path_s: 0.8044360981050591, risk_margin_max: 0.01512798049813274, solve_mode: fast
risk_margin_stages(active): [0:0.000211, 1:0.004798, 2:0.006773, 3:0.008392, 4:0.009830, 5:0.011157, 6:0.012368, 7:0.013410, 8:0.014265, 9:0.014867, 10:0.015128]
plant_input_stage0: full=[ 0.12699 -0.02807  0.10803], physical=[ 0.12699 -0.02807]
solver time: 0.0907437801361084, path_s: 0.8138628073966016, risk_margin_max: 0.01716362068903186, solve_mode: fast
risk_margin_stages(active): [0:0.000211, 1:0.005138, 2:0.007398, 3:0.009253, 4:0.010919, 5:0.012444, 6:0.013849, 7:0.015156, 8:0.016366, 9:0.016763, 10:0.017164]
plant_input_stage0: full=[ 0.13215 -0.163    0.12059], physical=[ 0.13215 -0.163  ]
solver time: 0.09341859817504883, path_s: 0.8269617718803461, risk_margin_max: 0.018492349950444985, solve_mode: fast
risk_margin_stages(active): [0:0.000210, 1:0.004793, 2:0.006867, 3:0.008474, 4:0.009783, 5:0.010841, 6:0.011604, 7:0.011960, 8:0.011667, 9:0.015134, 10:0.018492]
plant_input_stage0: full=[ 0.11257 -0.2998   0.10096], physical=[ 0.11257 -0.2998 ]
solver time: 0.08790230751037598, path_s: 0.8381423623938143, risk_margin_max: 0.017506500329143963, solve_mode: fast
risk_margin_stages(active): [0:0.000211, 1:0.005733, 2:0.008186, 3:0.010124, 4:0.011855, 5:0.013449, 6:0.014944, 7:0.016332, 8:0.017507, 9:0.017133, 10:0.012036]
plant_input_stage0: full=[ 0.12217 -0.41294  0.10911], physical=[ 0.12217 -0.41294]
solver time: 0.08574199676513672, path_s: 0.8503140131428625, risk_margin_max: 0.01892856227099543, solve_mode: fast
risk_margin_stages(active): [0:0.000211, 1:0.005961, 2:0.008467, 3:0.010352, 4:0.011847, 5:0.012962, 6:0.013531, 7:0.013061, 8:0.010424, 9:0.015441, 10:0.018929]
plant_input_stage0: full=[ 0.11675 -0.45456  0.09839], physical=[ 0.11675 -0.45456]
solver time: 0.08281946182250977, path_s: 0.8619773765449465, risk_margin_max: 0.01777932342042593, solve_mode: fast
risk_margin_stages(active): [0:0.000211, 1:0.006352, 2:0.008947, 3:0.010907, 4:0.012549, 5:0.014033, 6:0.015502, 7:0.016944, 8:0.017779, 9:0.012275, 10:0.015551]
plant_input_stage0: full=[ 0.11506 -0.37337  0.09775], physical=[ 0.11506 -0.37337]
solver time: 0.07293105125427246, path_s: 0.8734834565029227, risk_margin_max: 0.01887226184835644, solve_mode: fast
risk_margin_stages(active): [0:0.000211, 1:0.006299, 2:0.008942, 3:0.010976, 4:0.012661, 5:0.013984, 6:0.014564, 7:0.013319, 8:0.011698, 9:0.015826, 10:0.018872]
plant_input_stage0: full=[ 0.10583 -0.63215  0.08833], physical=[ 0.10583 -0.63215]
solver time: 0.08509159088134766, path_s: 0.8831509567337787, risk_margin_max: 0.025587252677982113, solve_mode: fast
risk_margin_stages(active): [0:0.000210, 1:0.007111, 2:0.009982, 3:0.012101, 4:0.013797, 5:0.015326, 6:0.017059, 7:0.010500, 8:0.012624, 9:0.016297, 10:0.025587]
plant_input_stage0: full=[ 0.11203 -0.52155  0.09632], physical=[ 0.11203 -0.52155]
solver time: 0.08022809028625488, path_s: 0.8952046946022009, risk_margin_max: 0.017391862052689756, solve_mode: fast
risk_margin_stages(active): [0:0.000210, 1:0.004304, 2:0.005679, 3:0.006686, 4:0.008613, 5:0.009335, 6:0.008710, 7:0.010796, 8:0.013646, 9:0.015690, 10:0.017392]
plant_input_stage0: full=[ 0.07315 -1.05949  0.06561], physical=[ 0.07315 -1.05949]
solver time: 0.0806419849395752, path_s: 0.90033018707946, risk_margin_max: 0.02728040909907502, solve_mode: fast
risk_margin_stages(active): [0:0.000208, 1:0.006844, 2:0.010208, 3:0.012600, 4:0.014638, 5:0.008793, 6:0.010469, 7:0.013048, 8:0.023630, 9:0.025731, 10:0.027280]
plant_input_stage0: full=[ 0.10687 -0.54845  0.10146], physical=[ 0.10687 -0.54845]
solver time: 0.07398653030395508, path_s: 0.9127648826583464, risk_margin_max: 0.01483252606743185, solve_mode: fast
risk_margin_stages(active): [0:0.000207, 1:0.002436, 2:0.001207, 3:0.001229, 4:0.004606, 5:0.007201, 6:0.008994, 7:0.010996, 8:0.012697, 9:0.014115, 10:0.014833]
plant_input_stage0: full=[ 0.05799 -1.2      0.06183], physical=[ 0.05799 -1.2    ]
solver time: 0.08930611610412598, path_s: 0.9180852231356998, risk_margin_max: 0.0174539314205511, solve_mode: fast
risk_margin_stages(active): [0:0.000204, 1:0.001924, 2:0.005575, 3:0.005002, 4:0.010945, 5:0.013187, 6:0.010190, 7:0.011297, 8:0.016026, 9:0.016588, 10:0.017454]
plant_input_stage0: full=[ 0.03559 -0.59645  0.06107], physical=[ 0.03559 -0.59645]
solver time: 0.08844494819641113, path_s: 0.9190030324175229, risk_margin_max: 0.011572685688842463, solve_mode: fast
risk_margin_stages(active): [0:0.000202, 1:0.004746, 2:0.003920, 3:0.007111, 4:0.000921, 5:0.000894, 6:0.004967, 7:0.007478, 8:0.009475, 9:0.010860, 10:0.011573]
plant_input_stage0: full=[ 0.09149 -1.2      0.08008], physical=[ 0.09149 -1.2    ]
solver time: 0.08140039443969727, path_s: 0.9275408509566072, risk_margin_max: 0.013803354187208777, solve_mode: fast
risk_margin_stages(active): [0:0.000198, 1:0.004226, 2:0.010592, 3:0.000155, 4:0.003900, 5:0.004129, 6:0.007583, 7:0.010301, 8:0.011446, 9:0.012702, 10:0.013803]
plant_input_stage0: full=[ 0.07085 -0.57836  0.09283], physical=[ 0.07085 -0.57836]
solver time: 0.08464503288269043, path_s: 0.9371537152067578, risk_margin_max: 0.007899746263301165, solve_mode: fast
risk_margin_stages(active): [0:0.000195, 1:0.007891, 2:0.004581, 3:0.002176, 4:0.000000, 5:0.005015, 6:0.004106, 7:0.005685, 8:0.007056, 9:0.007900, 10:0.006092]
plant_input_stage0: full=[ 0.11332 -1.2      0.0942 ], physical=[ 0.11332 -1.2    ]
Acados solver failed with status 4
Acados residuals [stat, eq, ineq, comp]: [    nan 0.12    0.00032 0.0004 ]
Acados SQP iterations: 1
Fast SQP_RTI solver failed with status 4. Starting infeasible recovery.
Backup SQP_WITH_FEASIBLE_QP solver returned status 1; falling back to safe stop.
Applied nominal_safe_controller safe-stop plan after infeasible RMPCC-PV solve.
solver time: 0.12757420539855957, path_s: 0.9459502065826327, risk_margin_max: 0.00021040921296142367, solve_mode: safe_stop
risk_margin_stages(active): [0:0.000210, 1:0.000210, 2:0.000210, 3:0.000210, 4:0.000210, 5:0.000210, 6:0.000210, 7:0.000210, 8:0.000210, 9:0.000210, 10:0.000210]
plant_input_stage0: full=[0.01332 0.      0.     ], physical=[0.01332 0.     ]
solver time: 0.08751296997070312, path_s: 0.9472674711612507, risk_margin_max: 0.0005295747317381773, solve_mode: fast
risk_margin_stages(active): [0:0.000210, 1:0.000530, 2:0.000530, 3:0.000530, 4:0.000530, 5:0.000530, 6:0.000530, 7:0.000530, 8:0.000530, 9:0.000530, 10:0.000530]
plant_input_stage0: full=[0.00847 0.00461 0.01249], physical=[0.00847 0.00461]
solver time: 0.0829615592956543, path_s: 0.9505503926677435, risk_margin_max: 0.0036538661469998125, solve_mode: fast
risk_margin_stages(active): [0:0.000210, 1:0.001164, 2:0.001636, 3:0.002008, 4:0.002331, 5:0.002625, 6:0.002900, 7:0.003162, 8:0.003413, 9:0.003654, 10:0.003503]
plant_input_stage0: full=[ 0.0209  -0.12299  0.01502], physical=[ 0.0209  -0.12299]
solver time: 0.07863664627075195, path_s: 0.950727173613613, risk_margin_max: 0.0058106482032988125, solve_mode: fast
risk_margin_stages(active): [0:0.000210, 1:0.001888, 2:0.002675, 3:0.003268, 4:0.003759, 5:0.003112, 6:0.003418, 7:0.003709, 8:0.004249, 9:0.005477, 10:0.005811]
plant_input_stage0: full=[ 0.02865 -0.03337  0.03095], physical=[ 0.02865 -0.03337]
solver time: 0.07537341117858887, path_s: 0.9530011411877668, risk_margin_max: 0.00756739356819806, solve_mode: fast
risk_margin_stages(active): [0:0.000210, 1:0.002152, 2:0.003057, 3:0.003767, 4:0.003345, 5:0.003782, 6:0.004918, 7:0.005819, 8:0.006176, 9:0.006938, 10:0.007567]
plant_input_stage0: full=[ 0.03228 -0.12798  0.03881], physical=[ 0.03228 -0.12798]
solver time: 0.06893420219421387, path_s: 0.9561868379117937, risk_margin_max: 0.009221206231712346, solve_mode: fast
risk_margin_stages(active): [0:0.000210, 1:0.002730, 2:0.002967, 3:0.003696, 4:0.005279, 5:0.006235, 6:0.006811, 7:0.007578, 8:0.008221, 9:0.008752, 10:0.009221]
plant_input_stage0: full=[ 0.04335 -0.1752   0.05042], physical=[ 0.04335 -0.1752 ]
solver time: 0.07639122009277344, path_s: 0.960455099865051, risk_margin_max: 0.00975322071453002, solve_mode: fast
risk_margin_stages(active): [0:0.000210, 1:0.002474, 2:0.003662, 3:0.005675, 4:0.006590, 5:0.007379, 6:0.008075, 7:0.008585, 8:0.009046, 9:0.009453, 10:0.009753]
plant_input_stage0: full=[ 0.05223 -0.19686  0.0608 ], physical=[ 0.05223 -0.19686]
solver time: 0.07591056823730469, path_s: 0.9655805147980996, risk_margin_max: 0.009050626619625286, solve_mode: fast
risk_margin_stages(active): [0:0.000194, 1:0.002567, 2:0.004394, 3:0.005421, 4:0.006292, 5:0.007043, 6:0.007684, 7:0.008243, 8:0.008669, 9:0.008949, 10:0.009051]
plant_input_stage0: full=[ 0.05109 -0.28765  0.06359], physical=[ 0.05109 -0.28765]
solver time: 0.08069610595703125, path_s: 0.9705739293455099, risk_margin_max: 0.00908344372757269, solve_mode: fast
risk_margin_stages(active): [0:0.000198, 1:0.003269, 2:0.004608, 3:0.005683, 4:0.006592, 5:0.007365, 6:0.008004, 7:0.008488, 8:0.008799, 9:0.008876, 10:0.009083]
plant_input_stage0: full=[ 0.05738 -0.2794   0.07084], physical=[ 0.05738 -0.2794 ]
solver time: 0.08433318138122559, path_s: 0.9796732957326915, risk_margin_max: 0.009533633245132424, solve_mode: fast
risk_margin_stages(active): [0:0.000211, 1:0.003715, 2:0.005172, 3:0.006293, 4:0.007212, 5:0.007958, 6:0.008518, 7:0.008845, 8:0.008912, 9:0.009215, 10:0.009534]
plant_input_stage0: full=[ 0.07493 -0.24479  0.07313], physical=[ 0.07493 -0.24479]
solver time: 0.07915496826171875, path_s: 0.9833680009741981, risk_margin_max: 0.01036821719093424, solve_mode: fast
risk_margin_stages(active): [0:0.000211, 1:0.003746, 2:0.005376, 3:0.006598, 4:0.007512, 5:0.008120, 6:0.008349, 7:0.008664, 8:0.009107, 9:0.009557, 10:0.010368]
plant_input_stage0: full=[ 0.0778  -0.10721  0.09689], physical=[ 0.0778  -0.10721]
solver time: 0.07800793647766113, path_s: 0.9954310479247607, risk_margin_max: 0.011920768853417066, solve_mode: fast
risk_margin_stages(active): [0:0.000211, 1:0.004117, 2:0.005681, 3:0.006717, 4:0.007322, 5:0.007371, 6:0.007891, 7:0.008413, 8:0.009156, 9:0.010318, 10:0.011921]
plant_input_stage0: full=[0.10824 0.07671 0.09984], physical=[0.10824 0.07671]
solver time: 0.08436727523803711, path_s: 1.0011390613917959, risk_margin_max: 0.014426229009534164, solve_mode: fast
risk_margin_stages(active): [0:0.000211, 1:0.003872, 2:0.005306, 3:0.005950, 4:0.006322, 5:0.007105, 6:0.007982, 7:0.008951, 8:0.010346, 9:0.012168, 10:0.014426]
plant_input_stage0: full=[0.10972 0.27686 0.12427], physical=[0.10972 0.27686]
solver time: 0.08165335655212402, path_s: 1.0127253535651584, risk_margin_max: 0.01714230869755973, solve_mode: fast
risk_margin_stages(active): [0:0.000211, 1:0.003289, 2:0.004043, 3:0.004778, 4:0.005968, 5:0.007275, 6:0.008450, 7:0.009997, 8:0.011963, 9:0.014357, 10:0.017142]
plant_input_stage0: full=[0.13543 0.52605 0.13133], physical=[0.13543 0.52605]
solver time: 0.07716894149780273, path_s: 1.0296070661813062, risk_margin_max: 0.022746827931871237, solve_mode: fast
risk_margin_stages(active): [0:0.000210, 1:0.002819, 2:0.004473, 3:0.006001, 4:0.007475, 5:0.008711, 6:0.010299, 7:0.012326, 8:0.014794, 9:0.017666, 10:0.022747]
plant_input_stage0: full=[0.15274 0.66253 0.11842], physical=[0.15274 0.66253]
solver time: 0.08295583724975586, path_s: 1.039601714824821, risk_margin_max: 0.024263254776131605, solve_mode: fast
risk_margin_stages(active): [0:0.000210, 1:0.003713, 2:0.005634, 3:0.007390, 4:0.008968, 5:0.010539, 6:0.012569, 7:0.015042, 8:0.017871, 9:0.020349, 10:0.024263]
plant_input_stage0: full=[0.12903 0.79294 0.12123], physical=[0.12903 0.79294]
solver time: 0.0799245834350586, path_s: 1.0523584127717547, risk_margin_max: 0.02441921524707023, solve_mode: fast
risk_margin_stages(active): [0:0.000210, 1:0.004418, 2:0.006543, 3:0.008516, 4:0.010431, 5:0.012322, 6:0.014569, 7:0.017048, 8:0.019199, 9:0.021090, 10:0.024419]
plant_input_stage0: full=[0.11425 0.94866 0.11175], physical=[0.11425 0.94866]
solver time: 0.0821537971496582, path_s: 1.0637547236127127, risk_margin_max: 0.024299456159113858, solve_mode: fast
risk_margin_stages(active): [0:0.000210, 1:0.005002, 2:0.007299, 3:0.009536, 4:0.011790, 5:0.014061, 6:0.016256, 7:0.018225, 8:0.019990, 9:0.021556, 10:0.024299]
plant_input_stage0: full=[0.10838 0.96126 0.10561], physical=[0.10838 0.96126]
solver time: 0.07831931114196777, path_s: 1.0745901901254962, risk_margin_max: 0.0236222571085072, solve_mode: fast
risk_margin_stages(active): [0:0.000210, 1:0.005787, 2:0.008341, 3:0.010640, 4:0.012814, 5:0.014884, 6:0.016814, 7:0.018543, 8:0.020081, 9:0.022377, 10:0.023622]
plant_input_stage0: full=[0.11044 0.79866 0.101  ], physical=[0.11044 0.79866]
solver time: 0.08836841583251953, path_s: 1.0855546016268638, risk_margin_max: 0.023984930907770492, solve_mode: fast
risk_margin_stages(active): [0:0.000210, 1:0.006691, 2:0.009571, 3:0.012039, 4:0.014308, 5:0.016394, 6:0.018615, 7:0.020442, 8:0.022105, 9:0.022794, 10:0.023985]
plant_input_stage0: full=[0.11505 0.69499 0.10054], physical=[0.11505 0.69499]
solver time: 0.08855199813842773, path_s: 1.0968307070204761, risk_margin_max: 0.026922420713147655, solve_mode: fast
risk_margin_stages(active): [0:0.000210, 1:0.007229, 2:0.010309, 3:0.013046, 4:0.015479, 5:0.018293, 6:0.020217, 7:0.021940, 8:0.023980, 9:0.025484, 10:0.026922]
plant_input_stage0: full=[0.11338 1.08704 0.09896], physical=[0.11338 1.08704]
solver time: 0.08635640144348145, path_s: 1.1077606313444939, risk_margin_max: 0.0227699063609616, solve_mode: fast
risk_margin_stages(active): [0:0.000210, 1:0.008241, 2:0.011611, 3:0.014101, 4:0.015990, 5:0.017676, 6:0.019130, 7:0.020373, 8:0.021476, 9:0.022280, 10:0.022770]
plant_input_stage0: full=[0.12093 0.48292 0.09775], physical=[0.12093 0.48292]
solver time: 0.09225749969482422, path_s: 1.111841649025257, risk_margin_max: 0.02442847170407511, solve_mode: fast
risk_margin_stages(active): [0:0.000211, 1:0.007237, 2:0.010332, 3:0.013090, 4:0.015191, 5:0.016979, 6:0.018899, 7:0.020417, 8:0.021822, 9:0.023149, 10:0.024428]
plant_input_stage0: full=[0.10448 0.85194 0.11486], physical=[0.10448 0.85194]
solver time: 0.09212231636047363, path_s: 1.1246287996911715, risk_margin_max: 0.02426850145616436, solve_mode: fast
risk_margin_stages(active): [0:0.000211, 1:0.008692, 2:0.012261, 3:0.014873, 4:0.016965, 5:0.018719, 6:0.020282, 7:0.021597, 8:0.022756, 9:0.023681, 10:0.024269]
plant_input_stage0: full=[0.13055 0.3397  0.11892], physical=[0.13055 0.3397 ]
solver time: 0.08515048027038574, path_s: 1.1380756038696458, risk_margin_max: 0.021005238499692165, solve_mode: fast
risk_margin_stages(active): [0:0.000211, 1:0.005399, 2:0.007688, 3:0.009478, 4:0.010979, 5:0.012368, 6:0.013446, 7:0.015565, 8:0.017456, 9:0.019245, 10:0.021005]
plant_input_stage0: full=[0.09038 0.57177 0.08704], physical=[0.09038 0.57177]
solver time: 0.07714700698852539, path_s: 1.143416686805426, risk_margin_max: 0.022920110816045995, solve_mode: fast
risk_margin_stages(active): [0:0.000211, 1:0.008085, 2:0.011446, 3:0.014051, 4:0.016228, 5:0.018154, 6:0.019917, 7:0.021324, 8:0.022556, 9:0.022780, 10:0.022920]
plant_input_stage0: full=[0.12958 0.1723  0.12703], physical=[0.12958 0.1723 ]
solver time: 0.0759425163269043, path_s: 1.156364252699055, risk_margin_max: 0.017410478033316096, solve_mode: fast
risk_margin_stages(active): [0:0.000211, 1:0.004370, 2:0.006188, 3:0.007640, 4:0.008744, 5:0.009407, 6:0.009389, 7:0.010146, 8:0.010412, 9:0.014220, 10:0.017410]
plant_input_stage0: full=[0.08256 0.13232 0.08804], physical=[0.08256 0.13232]
solver time: 0.08515644073486328, path_s: 1.1671743547866373, risk_margin_max: 0.019341606088495666, solve_mode: fast
risk_margin_stages(active): [0:0.000211, 1:0.007044, 2:0.009924, 3:0.012091, 4:0.013918, 5:0.015552, 6:0.016864, 7:0.017980, 8:0.018879, 9:0.019342, 10:0.019132]
plant_input_stage0: full=[0.11607 0.12044 0.10109], physical=[0.11607 0.12044]
solver time: 0.0919487476348877, path_s: 1.1762240268740844, risk_margin_max: 0.02161018050961639, solve_mode: fast
risk_margin_stages(active): [0:0.000211, 1:0.004197, 2:0.006020, 3:0.007462, 4:0.008534, 5:0.009127, 6:0.012110, 7:0.014605, 8:0.016971, 9:0.019346, 10:0.021610]
plant_input_stage0: full=[0.07682 0.68602 0.08385], physical=[0.07682 0.68602]
solver time: 0.08977675437927246, path_s: 1.1839059993204883, risk_margin_max: 0.02086210614613858, solve_mode: fast
risk_margin_stages(active): [0:0.000211, 1:0.007795, 2:0.011056, 3:0.013541, 4:0.015626, 5:0.017445, 6:0.019251, 7:0.020862, 8:0.011452, 9:0.013931, 10:0.016847]
plant_input_stage0: full=[0.14032 0.25253 0.12682], physical=[0.14032 0.25253]
solver time: 0.08343982696533203, path_s: 1.197903919076842, risk_margin_max: 0.018905926493146825, solve_mode: fast
risk_margin_stages(active): [0:0.000211, 1:0.005798, 2:0.008156, 3:0.009793, 4:0.010796, 5:0.010923, 6:0.011283, 7:0.010591, 8:0.014172, 9:0.016747, 10:0.018906]
plant_input_stage0: full=[0.10129 0.11839 0.09355], physical=[0.10129 0.11839]
solver time: 0.08767986297607422, path_s: 1.207986811462674, risk_margin_max: 0.02505719596094307, solve_mode: fast
risk_margin_stages(active): [0:0.000211, 1:0.006919, 2:0.009771, 3:0.011999, 4:0.013952, 5:0.015740, 6:0.017178, 7:0.018383, 8:0.012578, 9:0.015674, 10:0.025057]
plant_input_stage0: full=[0.11182 0.36732 0.10334], physical=[0.11182 0.36732]
solver time: 0.08456659317016602, path_s: 1.2179754293380294, risk_margin_max: 0.016307542133401045, solve_mode: fast
risk_margin_stages(active): [0:0.000211, 1:0.005997, 2:0.008484, 3:0.010143, 4:0.011040, 5:0.010636, 6:0.010340, 7:0.009071, 8:0.012036, 9:0.014468, 10:0.016308]
plant_input_stage0: full=[0.09697 0.55064 0.08768], physical=[0.09697 0.55064]
solver time: 0.08260917663574219, path_s: 1.2287008259807315, risk_margin_max: 0.025221089258360398, solve_mode: fast
risk_margin_stages(active): [0:0.000210, 1:0.006160, 2:0.008890, 3:0.011086, 4:0.013102, 5:0.014808, 6:0.009290, 7:0.010899, 8:0.013782, 9:0.023507, 10:0.025221]
plant_input_stage0: full=[0.10003 0.74367 0.09558], physical=[0.10003 0.74367]
solver time: 0.08562111854553223, path_s: 1.2371251516604609, risk_margin_max: 0.015409750368517558, solve_mode: fast
risk_margin_stages(active): [0:0.000208, 1:0.004708, 2:0.006204, 3:0.008030, 4:0.007852, 5:0.006037, 6:0.009465, 7:0.011642, 8:0.013293, 9:0.014642, 10:0.015410]
plant_input_stage0: full=[0.07935 1.13652 0.07824], physical=[0.07935 1.13652]
solver time: 0.07951903343200684, path_s: 1.246146120279061, risk_margin_max: 0.020393639430361894, solve_mode: fast
risk_margin_stages(active): [0:0.000205, 1:0.007960, 2:0.011260, 3:0.012606, 4:0.013620, 5:0.008913, 6:0.010949, 7:0.012538, 8:0.018830, 9:0.019654, 10:0.020394]
plant_input_stage0: full=[0.13534 0.51254 0.10331], physical=[0.13534 0.51254]
solver time: 0.08144545555114746, path_s: 1.2568846312650312, risk_margin_max: 0.013396327505968916, solve_mode: fast
risk_margin_stages(active): [0:0.000204, 1:0.001219, 2:0.000699, 3:0.003276, 4:0.005930, 5:0.008177, 6:0.009295, 7:0.010847, 8:0.012169, 9:0.013067, 10:0.013396]
plant_input_stage0: full=[0.06843 1.2     0.07661], physical=[0.06843 1.2    ]
solver time: 0.08961176872253418, path_s: 1.2632393229961902, risk_margin_max: 0.014121379968540735, solve_mode: fast
risk_margin_stages(active): [0:0.000200, 1:0.001782, 2:0.004280, 3:0.008842, 4:0.008401, 5:0.009341, 6:0.013203, 7:0.013190, 8:0.013262, 9:0.013707, 10:0.014121]
plant_input_stage0: full=[0.04199 0.59615 0.07959], physical=[0.04199 0.59615]
solver time: 0.08437490463256836, path_s: 1.2674227175984956, risk_margin_max: 0.011277101659711618, solve_mode: fast
risk_margin_stages(active): [0:0.000197, 1:0.005620, 2:0.007959, 3:0.000569, 4:0.000285, 5:0.005732, 6:0.008055, 7:0.009526, 8:0.010589, 9:0.011277, 10:0.008490]
plant_input_stage0: full=[0.11034 1.18191 0.09215], physical=[0.11034 1.18191]
solver time: 0.08216094970703125, path_s: 1.2784529402616702, risk_margin_max: 0.012576356130352389, solve_mode: fast
risk_margin_stages(active): [0:0.000210, 1:0.005072, 2:0.000000, 3:0.003700, 4:0.002681, 5:0.005130, 6:0.008969, 7:0.010236, 8:0.011208, 9:0.011527, 10:0.012576]
plant_input_stage0: full=[0.08666 0.56832 0.07218], physical=[0.08666 0.56832]
Acados solver failed with status 4
Acados residuals [stat, eq, ineq, comp]: [    nan 0.05683 0.01161 0.00604]
Acados SQP iterations: 1
Fast SQP_RTI solver failed with status 4. Starting infeasible recovery.
Backup SQP_WITH_FEASIBLE_QP solver returned status 1; falling back to safe stop.
Applied nominal_safe_controller safe-stop plan after infeasible RMPCC-PV solve.
solver time: 0.13814568519592285, path_s: 1.287081358331943, risk_margin_max: 0.000210405924644514, solve_mode: safe_stop
risk_margin_stages(active): [0:0.000210, 1:0.000210, 2:0.000210, 3:0.000210, 4:0.000210, 5:0.000210, 6:0.000210, 7:0.000210, 8:0.000210, 9:0.000210, 10:0.000210]
plant_input_stage0: full=[0. 0. 0.], physical=[0. 0.]
solver time: 0.08363676071166992, path_s: 1.287081358331943, risk_margin_max: 0.00021040592420727954, solve_mode: fast
risk_margin_stages(active): [0:0.000210, 1:0.000210, 2:0.000210, 3:0.000210, 4:0.000210, 5:0.000210, 6:0.000210, 7:0.000210, 8:0.000210, 9:0.000210, 10:0.000210]
plant_input_stage0: full=[ 0.01145 -0.       0.00952], physical=[ 0.01145 -0.     ]
solver time: 0.08108997344970703, path_s: 1.288151223482966, risk_margin_max: 0.002418245040788989, solve_mode: fast
risk_margin_stages(active): [0:0.000210, 1:0.000910, 2:0.001271, 3:0.001550, 4:0.001781, 5:0.001978, 6:0.002144, 7:0.002276, 8:0.002370, 9:0.002408, 10:0.002418]
plant_input_stage0: full=[0.01627 0.0704  0.01433], physical=[0.01627 0.0704 ]
solver time: 0.08503055572509766, path_s: 1.289822560513538, risk_margin_max: 0.004598635600377574, solve_mode: fast
risk_margin_stages(active): [0:0.000210, 1:0.001537, 2:0.002164, 3:0.002645, 4:0.002259, 5:0.002530, 6:0.002776, 7:0.002998, 8:0.004036, 9:0.004433, 10:0.004599]
plant_input_stage0: full=[0.03066 0.0151  0.02713], physical=[0.03066 0.0151 ]
solver time: 0.0827169418334961, path_s: 1.292851369580193, risk_margin_max: 0.006950892240798558, solve_mode: fast
risk_margin_stages(active): [0:0.000210, 1:0.001994, 2:0.002807, 3:0.002608, 4:0.003031, 5:0.003915, 6:0.004824, 7:0.005168, 8:0.005783, 9:0.006417, 10:0.006951]
plant_input_stage0: full=[0.03657 0.13603 0.03449], physical=[0.03657 0.13603]
solver time: 0.08355832099914551, path_s: 1.296462891376568, risk_margin_max: 0.008229029357753789, solve_mode: fast
risk_margin_stages(active): [0:0.000210, 1:0.002501, 2:0.002698, 3:0.003739, 4:0.005012, 5:0.005575, 6:0.006278, 7:0.006869, 8:0.007409, 9:0.007850, 10:0.008229]
plant_input_stage0: full=[0.04816 0.16587 0.04632], physical=[0.04816 0.16587]
solver time: 0.08446002006530762, path_s: 1.3012080686998155, risk_margin_max: 0.008456049105180918, solve_mode: fast
risk_margin_stages(active): [0:0.000210, 1:0.002277, 2:0.004030, 3:0.005141, 4:0.005922, 5:0.006596, 6:0.007103, 7:0.007555, 8:0.007952, 9:0.008258, 10:0.008456]
plant_input_stage0: full=[0.05853 0.20403 0.0564 ], physical=[0.05853 0.20403]
solver time: 0.08017849922180176, path_s: 1.3069578676877844, risk_margin_max: 0.007910397610500768, solve_mode: fast
risk_margin_stages(active): [0:0.000193, 1:0.002840, 2:0.004084, 3:0.004993, 4:0.005748, 5:0.006385, 6:0.006936, 7:0.007366, 8:0.007666, 9:0.007812, 10:0.007910]
plant_input_stage0: full=[0.05893 0.27976 0.05955], physical=[0.05893 0.27976]
solver time: 0.0796971321105957, path_s: 1.312723622759497, risk_margin_max: 0.008206636088413669, solve_mode: fast
risk_margin_stages(active): [0:0.000209, 1:0.003135, 2:0.004384, 3:0.005352, 4:0.006145, 5:0.006792, 6:0.007289, 7:0.007620, 8:0.007734, 9:0.007930, 10:0.008207]
plant_input_stage0: full=[0.06862 0.2483  0.06896], physical=[0.06862 0.2483 ]
solver time: 0.08860230445861816, path_s: 1.3193941561353257, risk_margin_max: 0.008885070943784653, solve_mode: fast
risk_margin_stages(active): [0:0.000211, 1:0.003445, 2:0.004815, 3:0.005837, 4:0.006625, 5:0.007196, 6:0.007515, 7:0.007607, 8:0.007970, 9:0.008395, 10:0.008885]
plant_input_stage0: full=[0.08299 0.15414 0.08296], physical=[0.08299 0.15414]
solver time: 0.08214926719665527, path_s: 1.3274114738577751, risk_margin_max: 0.01032891631673942, solve_mode: fast
risk_margin_stages(active): [0:0.000211, 1:0.003587, 2:0.004980, 3:0.005931, 4:0.006533, 5:0.006731, 6:0.007095, 7:0.007603, 8:0.008115, 9:0.009016, 10:0.010329]
plant_input_stage0: full=[0.09715 0.0118  0.09645], physical=[0.09715 0.0118 ]
solver time: 0.08630108833312988, path_s: 1.3367569570637912, risk_margin_max: 0.012748456153125597, solve_mode: fast
risk_margin_stages(active): [0:0.000211, 1:0.003480, 2:0.004732, 3:0.005384, 4:0.005490, 5:0.006137, 6:0.006915, 7:0.007723, 8:0.008954, 9:0.010645, 10:0.012748]
plant_input_stage0: full=[ 0.11287 -0.19766  0.10942], physical=[ 0.11287 -0.19766]
solver time: 0.08191084861755371, path_s: 1.3476108293496771, risk_margin_max: 0.015884967766674595, solve_mode: fast
risk_margin_stages(active): [0:0.000211, 1:0.002874, 2:0.003579, 3:0.004112, 4:0.005189, 5:0.006407, 6:0.007590, 7:0.009044, 8:0.010946, 9:0.013251, 10:0.015885]
plant_input_stage0: full=[ 0.13138 -0.40921  0.12037], physical=[ 0.13138 -0.40921]
solver time: 0.0814816951751709, path_s: 1.3603134304712685, risk_margin_max: 0.02079119308703499, solve_mode: fast
risk_margin_stages(active): [0:0.000210, 1:0.001827, 2:0.003386, 3:0.004967, 4:0.006509, 5:0.007899, 6:0.009495, 7:0.011530, 8:0.013967, 9:0.016716, 10:0.020791]
plant_input_stage0: full=[ 0.14767 -0.5411   0.12412], physical=[ 0.14767 -0.5411 ]
solver time: 0.08113479614257812, path_s: 1.3747335652372452, risk_margin_max: 0.022346130169128564, solve_mode: fast
risk_margin_stages(active): [0:0.000210, 1:0.003875, 2:0.005705, 3:0.007190, 4:0.008449, 5:0.010072, 6:0.012110, 7:0.014533, 8:0.017239, 9:0.019984, 10:0.022346]
plant_input_stage0: full=[ 0.13628 -0.56508  0.11593], physical=[ 0.13628 -0.56508]
solver time: 0.08006954193115234, path_s: 1.3881805622098702, risk_margin_max: 0.026618783099204416, solve_mode: fast
risk_margin_stages(active): [0:0.000210, 1:0.004694, 2:0.006842, 3:0.008715, 4:0.010420, 5:0.012585, 6:0.015430, 7:0.018601, 8:0.021729, 9:0.024383, 10:0.026619]
plant_input_stage0: full=[ 0.12331 -0.80484  0.11225], physical=[ 0.12331 -0.80484]
solver time: 0.08550214767456055, path_s: 1.400441989390626, risk_margin_max: 0.028002730610212297, solve_mode: fast
risk_margin_stages(active): [0:0.000210, 1:0.005517, 2:0.008002, 3:0.010350, 4:0.012689, 5:0.015158, 6:0.018132, 7:0.020714, 8:0.022857, 9:0.026278, 10:0.028003]
plant_input_stage0: full=[ 0.12045 -1.12877  0.11264], physical=[ 0.12045 -1.12877]
solver time: 0.0861060619354248, path_s: 1.4124828165108048, risk_margin_max: 0.027142453818239102, solve_mode: fast
risk_margin_stages(active): [0:0.000210, 1:0.006650, 2:0.009566, 3:0.012403, 4:0.015273, 5:0.018178, 6:0.021428, 7:0.023754, 8:0.025725, 9:0.025942, 10:0.027142]
plant_input_stage0: full=[ 0.12667 -1.0588   0.1165 ], physical=[ 0.12667 -1.0588 ]
solver time: 0.08408379554748535, path_s: 1.4251020769362477, risk_margin_max: 0.028783153155002017, solve_mode: fast
risk_margin_stages(active): [0:0.000210, 1:0.007901, 2:0.011301, 3:0.014431, 4:0.017685, 5:0.020388, 6:0.022671, 7:0.024591, 8:0.026199, 9:0.027635, 10:0.028783]
plant_input_stage0: full=[ 0.13386 -0.94012  0.11938], physical=[ 0.13386 -0.94012]
solver time: 0.08063006401062012, path_s: 1.4382401914053482, risk_margin_max: 0.026994161082767802, solve_mode: fast
risk_margin_stages(active): [0:0.000210, 1:0.009068, 2:0.012786, 3:0.016157, 4:0.018942, 5:0.021264, 6:0.023200, 7:0.024810, 8:0.025343, 9:0.026278, 10:0.026994]
plant_input_stage0: full=[ 0.13892 -0.77112  0.12179], physical=[ 0.13892 -0.77112]
solver time: 0.08011269569396973, path_s: 1.449341649025257, risk_margin_max: 0.026570298245575844, solve_mode: fast
risk_margin_stages(active): [0:0.000208, 1:0.009427, 2:0.013351, 3:0.016404, 4:0.018880, 5:0.020913, 6:0.022581, 7:0.023944, 8:0.025098, 9:0.025955, 10:0.026570]
plant_input_stage0: full=[ 0.13676 -0.66759  0.1301 ], physical=[ 0.13676 -0.66759]
solver time: 0.0859532356262207, path_s: 1.4621669030842965, risk_margin_max: 0.023920787703249523, solve_mode: fast
risk_margin_stages(active): [0:0.000209, 1:0.009309, 2:0.013093, 3:0.015936, 4:0.018192, 5:0.020009, 6:0.021472, 7:0.022212, 8:0.023004, 9:0.023569, 10:0.023921]
plant_input_stage0: full=[ 0.14082 -0.49842  0.13415], physical=[ 0.14082 -0.49842]
solver time: 0.08342266082763672, path_s: 1.475653683205055, risk_margin_max: 0.022670816150266254, solve_mode: fast
risk_margin_stages(active): [0:0.000210, 1:0.009110, 2:0.012742, 3:0.015394, 4:0.017444, 5:0.019052, 6:0.020311, 7:0.021300, 8:0.022001, 9:0.022451, 10:0.022671]
plant_input_stage0: full=[ 0.14606 -0.41114  0.13868], physical=[ 0.14606 -0.41114]
solver time: 0.08329606056213379, path_s: 1.4898551550043069, risk_margin_max: 0.020212829959621054, solve_mode: fast
risk_margin_stages(active): [0:0.000210, 1:0.008426, 2:0.011759, 3:0.014152, 4:0.015970, 5:0.017369, 6:0.018149, 7:0.018840, 8:0.019266, 9:0.019950, 10:0.020213]
plant_input_stage0: full=[ 0.1455  -0.35574  0.13848], physical=[ 0.1455  -0.35574]
solver time: 0.08330321311950684, path_s: 1.5047778050177674, risk_margin_max: 0.017656708795613315, solve_mode: fast
risk_margin_stages(active): [0:0.000211, 1:0.007545, 2:0.010490, 3:0.012569, 4:0.014118, 5:0.015274, 6:0.016109, 7:0.016660, 8:0.016941, 9:0.017161, 10:0.017657]
plant_input_stage0: full=[ 0.14299 -0.27738  0.13272], physical=[ 0.14299 -0.27738]
solver time: 0.08410835266113281, path_s: 1.5153655656660676, risk_margin_max: 0.01563494569383897, solve_mode: fast
risk_margin_stages(active): [0:0.000211, 1:0.006663, 2:0.009264, 3:0.011077, 4:0.012400, 5:0.013202, 6:0.013987, 7:0.014334, 8:0.014471, 9:0.014905, 10:0.015635]
plant_input_stage0: full=[ 0.13602 -0.2171   0.13867], physical=[ 0.13602 -0.2171 ]
solver time: 0.0836491584777832, path_s: 1.5289378446764241, risk_margin_max: 0.01411395368166438, solve_mode: fast
risk_margin_stages(active): [0:0.000211, 1:0.005918, 2:0.008207, 3:0.009773, 4:0.010790, 5:0.011632, 6:0.012070, 7:0.012203, 8:0.012565, 9:0.013217, 10:0.014114]
plant_input_stage0: full=[ 0.134   -0.15955  0.13361], physical=[ 0.134   -0.15955]
solver time: 0.08384418487548828, path_s: 1.5422863078074083, risk_margin_max: 0.012860298189869087, solve_mode: fast
risk_margin_stages(active): [0:0.000211, 1:0.005140, 2:0.007073, 3:0.008355, 4:0.009203, 5:0.009820, 6:0.010026, 7:0.010329, 8:0.010944, 9:0.011830, 10:0.012860]
plant_input_stage0: full=[ 0.13079 -0.12837  0.12794], physical=[ 0.13079 -0.12837]
solver time: 0.08337616920471191, path_s: 1.555345901528834, risk_margin_max: 0.011807628833697336, solve_mode: fast
risk_margin_stages(active): [0:0.000211, 1:0.004349, 2:0.005996, 3:0.007063, 4:0.007725, 5:0.008020, 6:0.008281, 7:0.008889, 8:0.009766, 9:0.010754, 10:0.011808]
plant_input_stage0: full=[0.12701 0.01544 0.12304], physical=[0.12701 0.01544]
solver time: 0.08450627326965332, path_s: 1.5679113371120066, risk_margin_max: 0.011253789635849665, solve_mode: fast
risk_margin_stages(active): [0:0.000211, 1:0.003697, 2:0.005035, 3:0.005813, 4:0.006154, 5:0.006496, 6:0.007146, 7:0.008068, 8:0.009098, 9:0.010186, 10:0.011254]
plant_input_stage0: full=[ 0.1269  -0.10753  0.12   ], physical=[ 0.1269  -0.10753]
solver time: 0.08328819274902344, path_s: 1.580518533131123, risk_margin_max: 0.0105225587155174, solve_mode: fast
risk_margin_stages(active): [0:0.000211, 1:0.002936, 2:0.003910, 3:0.004323, 4:0.004683, 5:0.005418, 6:0.006402, 7:0.007482, 8:0.008566, 9:0.009601, 10:0.010523]
plant_input_stage0: full=[ 0.12623 -0.03308  0.11547], physical=[ 0.12623 -0.03308]
solver time: 0.0841212272644043, path_s: 1.5930427916466283, risk_margin_max: 0.010588955224076633, solve_mode: fast
risk_margin_stages(active): [0:0.000211, 1:0.002060, 2:0.002523, 3:0.003006, 4:0.004050, 5:0.005195, 6:0.006369, 7:0.007529, 8:0.008640, 9:0.009671, 10:0.010589]
plant_input_stage0: full=[ 0.13126 -0.07037  0.11383], physical=[ 0.13126 -0.07037]
solver time: 0.08301448822021484, path_s: 1.6060606592416313, risk_margin_max: 0.012851967929441903, solve_mode: fast
risk_margin_stages(active): [0:0.000211, 1:0.001673, 2:0.002772, 3:0.004002, 4:0.005402, 5:0.006732, 6:0.008058, 7:0.009357, 8:0.010608, 9:0.011784, 10:0.012852]
plant_input_stage0: full=[ 0.14608 -0.04645  0.11947], physical=[ 0.14608 -0.04645]
solver time: 0.08207941055297852, path_s: 1.6165082306069052, risk_margin_max: 0.012158868639217576, solve_mode: fast
risk_margin_stages(active): [0:0.000211, 1:0.002753, 2:0.004204, 3:0.005582, 4:0.006923, 5:0.008253, 6:0.009437, 7:0.010484, 8:0.011337, 9:0.011925, 10:0.012159]
plant_input_stage0: full=[ 0.14116 -0.18467  0.12633], physical=[ 0.14116 -0.18467]
solver time: 0.08423137664794922, path_s: 1.6345107818028444, risk_margin_max: 0.016085912968402238, solve_mode: fast
risk_margin_stages(active): [0:0.000211, 1:0.004188, 2:0.006002, 3:0.007566, 4:0.009037, 5:0.010415, 6:0.011720, 7:0.012950, 8:0.014099, 9:0.015157, 10:0.016086]
plant_input_stage0: full=[ 0.14633 -0.01475  0.11554], physical=[ 0.14633 -0.01475]
solver time: 0.08104300498962402, path_s: 1.648959406365097, risk_margin_max: 0.015252518963363649, solve_mode: fast
risk_margin_stages(active): [0:0.000211, 1:0.005110, 2:0.007285, 3:0.009065, 4:0.010648, 5:0.012076, 6:0.013349, 7:0.014432, 8:0.015253, 9:0.014378, 10:0.013364]
plant_input_stage0: full=[ 0.14676 -0.05737  0.1141 ], physical=[ 0.14676 -0.05737]
solver time: 0.08477067947387695, path_s: 1.6626500305387804, risk_margin_max: 0.015709680620431113, solve_mode: fast
risk_margin_stages(active): [0:0.000211, 1:0.004448, 2:0.006288, 3:0.007726, 4:0.008925, 5:0.009923, 6:0.010723, 7:0.011331, 8:0.011770, 9:0.014101, 10:0.015710]
plant_input_stage0: full=[0.11507 0.20249 0.09333], physical=[0.11507 0.20249]
solver time: 0.08136272430419922, path_s: 1.6747961770753528, risk_margin_max: 0.01655043713892429, solve_mode: fast
risk_margin_stages(active): [0:0.000211, 1:0.005694, 2:0.008068, 3:0.009916, 4:0.011513, 5:0.012953, 6:0.014272, 7:0.015477, 8:0.016550, 9:0.015422, 10:0.012373]
plant_input_stage0: full=[0.12721 0.28729 0.10118], physical=[0.12721 0.28729]
solver time: 0.08746743202209473, path_s: 1.6873822621347665, risk_margin_max: 0.018078438728742336, solve_mode: fast
risk_margin_stages(active): [0:0.000211, 1:0.005834, 2:0.008207, 3:0.009972, 4:0.011365, 5:0.012418, 6:0.013065, 7:0.013157, 8:0.012442, 9:0.015583, 10:0.018078]
plant_input_stage0: full=[0.11757 0.38787 0.09265], physical=[0.11757 0.38787]
solver time: 0.08264517784118652, path_s: 1.6922160590805655, risk_margin_max: 0.01574633625151117, solve_mode: fast
risk_margin_stages(active): [0:0.000211, 1:0.005169, 2:0.007384, 3:0.009142, 4:0.010685, 5:0.012119, 6:0.013500, 7:0.014795, 8:0.015746, 9:0.011445, 10:0.013444]
plant_input_stage0: full=[0.10131 0.51414 0.10793], physical=[0.10131 0.51414]
solver time: 0.13483023643493652, path_s: 1.709159308614892, risk_margin_max: 0.01632472889565303, solve_mode: fast
risk_margin_stages(active): [0:0.000210, 1:0.005630, 2:0.007955, 3:0.009721, 4:0.011154, 5:0.012264, 6:0.012893, 7:0.012883, 8:0.012035, 9:0.014410, 10:0.016325]
plant_input_stage0: full=[0.09691 0.67237 0.08007], physical=[0.09691 0.67237]
solver time: 0.1011052131652832, path_s: 1.7180802205043124, risk_margin_max: 0.02224782463420275, solve_mode: fast
risk_margin_stages(active): [0:0.000210, 1:0.006129, 2:0.008595, 3:0.010495, 4:0.012121, 5:0.013625, 6:0.015116, 7:0.010385, 8:0.012216, 9:0.020517, 10:0.022248]
plant_input_stage0: full=[0.09991 0.6316  0.08947], physical=[0.09991 0.6316 ]
solver time: 0.08402848243713379, path_s: 1.7288296640780612, risk_margin_max: 0.014158197348634853, solve_mode: fast
risk_margin_stages(active): [0:0.000210, 1:0.003247, 2:0.004529, 3:0.005480, 4:0.005997, 5:0.006505, 6:0.006750, 7:0.009505, 8:0.011374, 9:0.013048, 10:0.014158]
plant_input_stage0: full=[0.06204 1.00865 0.06147], physical=[0.06204 1.00865]
solver time: 0.08155560493469238, path_s: 1.735000756384827, risk_margin_max: 0.024053838844447468, solve_mode: fast
risk_margin_stages(active): [0:0.000210, 1:0.006669, 2:0.009412, 3:0.011586, 4:0.013448, 5:0.008323, 6:0.009741, 7:0.012177, 8:0.021498, 9:0.023036, 10:0.024054]
plant_input_stage0: full=[0.11025 0.46125 0.10189], physical=[0.11025 0.46125]
solver time: 0.07699275016784668, path_s: 1.745796535342376, risk_margin_max: 0.010556500757127388, solve_mode: fast
risk_margin_stages(active): [0:0.000210, 1:0.001653, 2:0.000667, 3:0.000978, 4:0.002912, 5:0.005569, 6:0.007723, 7:0.008978, 8:0.010144, 9:0.010557, 10:0.007635]
plant_input_stage0: full=[0.05743 1.2     0.07066], physical=[0.05743 1.2    ]
solver time: 0.0796501636505127, path_s: 1.750661857240698, risk_margin_max: 0.014030278053863275, solve_mode: fast
risk_margin_stages(active): [0:0.000202, 1:0.001444, 2:0.004268, 3:0.005075, 4:0.008367, 5:0.010548, 6:0.011246, 7:0.009064, 8:0.012730, 9:0.013612, 10:0.014030]
plant_input_stage0: full=[0.03338 0.59779 0.06576], physical=[0.03338 0.59779]
solver time: 0.08298110961914062, path_s: 1.7531288661223488, risk_margin_max: 0.011198191795858644, solve_mode: fast
risk_margin_stages(active): [0:0.000200, 1:0.004892, 2:0.005836, 3:0.007951, 4:0.004487, 5:0.004436, 6:0.007389, 7:0.009301, 8:0.010571, 9:0.011198, 10:0.008556]
plant_input_stage0: full=[0.0861  1.1546  0.08004], physical=[0.0861 1.1546]
solver time: 0.08181881904602051, path_s: 1.7617051242871624, risk_margin_max: 0.013972331769485825, solve_mode: fast
risk_margin_stages(active): [0:0.000195, 1:0.005695, 2:0.009141, 3:0.007360, 4:0.010575, 5:0.011926, 6:0.012119, 7:0.012513, 8:0.013117, 9:0.013582, 10:0.013972]
plant_input_stage0: full=[0.0836  0.55062 0.10641], physical=[0.0836  0.55062]
solver time: 0.0829775333404541, path_s: 1.7700619183613575, risk_margin_max: 0.009568837917751847, solve_mode: fast
risk_margin_stages(active): [0:0.000210, 1:0.006097, 2:0.000313, 3:0.005990, 4:0.000000, 5:0.005111, 6:0.006987, 7:0.007969, 8:0.006401, 9:0.009569, 10:0.009486]
plant_input_stage0: full=[0.0956 1.1746 0.0968], physical=[0.0956 1.1746]
Acados solver failed with status 4
Acados residuals [stat, eq, ineq, comp]: [    nan 0.11746 0.      0.00076]
Acados SQP iterations: 1
Fast SQP_RTI solver failed with status 4. Starting infeasible recovery.
Backup SQP_WITH_FEASIBLE_QP solver returned status 1; falling back to safe stop.
Applied nominal_safe_controller safe-stop plan after infeasible RMPCC-PV solve.
solver time: 0.1258540153503418, path_s: 1.7795900774443283, risk_margin_max: 0.00021040608764089718, solve_mode: safe_stop
risk_margin_stages(active): [0:0.000210, 1:0.000210, 2:0.000210, 3:0.000210, 4:0.000210, 5:0.000210, 6:0.000210, 7:0.000210, 8:0.000210, 9:0.000210, 10:0.000210]
plant_input_stage0: full=[0. 0. 0.], physical=[0. 0.]
solver time: 0.0772562026977539, path_s: 1.7795900774443283, risk_margin_max: 0.00021040608752140522, solve_mode: fast
risk_margin_stages(active): [0:0.000210, 1:0.000210, 2:0.000210, 3:0.000210, 4:0.000210, 5:0.000210, 6:0.000210, 7:0.000210, 8:0.000210, 9:0.000210, 10:0.000210]
plant_input_stage0: full=[ 0.00702 -0.       0.01359], physical=[ 0.00702 -0.     ]
solver time: 0.08812499046325684, path_s: 1.7802784374569685, risk_margin_max: 0.0022707737885200776, solve_mode: fast
risk_margin_stages(active): [0:0.000210, 1:0.000931, 2:0.001293, 3:0.001566, 4:0.001790, 5:0.001981, 6:0.002141, 7:0.002271, 8:0.001793, 9:0.001825, 10:0.001832]
plant_input_stage0: full=[ 0.02042 -0.02276  0.02352], physical=[ 0.02042 -0.02276]
solver time: 0.08704090118408203, path_s: 1.7822800046369078, risk_margin_max: 0.003906966228880809, solve_mode: fast
risk_margin_stages(active): [0:0.000210, 1:0.001220, 2:0.001770, 3:0.002200, 4:0.002562, 5:0.002188, 6:0.002399, 7:0.002584, 8:0.003101, 9:0.003702, 10:0.003907]
plant_input_stage0: full=[0.02081 0.00533 0.02966], physical=[0.02081 0.00533]
solver time: 0.08716773986816406, path_s: 1.7843211378770227, risk_margin_max: 0.006139904725637683, solve_mode: fast
risk_margin_stages(active): [0:0.000210, 1:0.001745, 2:0.002487, 3:0.002371, 4:0.002816, 5:0.003755, 6:0.004375, 7:0.004705, 8:0.004986, 9:0.005605, 10:0.006140]
plant_input_stage0: full=[0.03289 0.07529 0.04118], physical=[0.03289 0.07529]
solver time: 0.08652853965759277, path_s: 1.79193352692642, risk_margin_max: 0.0077715466520994056, solve_mode: fast
risk_margin_stages(active): [0:0.000210, 1:0.002573, 2:0.002816, 3:0.004316, 4:0.005068, 5:0.005622, 6:0.006209, 7:0.006707, 8:0.007123, 9:0.007486, 10:0.007772]
plant_input_stage0: full=[0.05313 0.08507 0.04492], physical=[0.05313 0.08507]
solver time: 0.08136200904846191, path_s: 1.792747964994251, risk_margin_max: 0.007479971109248244, solve_mode: fast
risk_margin_stages(active): [0:0.000210, 1:0.002118, 2:0.003815, 3:0.004769, 4:0.005520, 5:0.006140, 6:0.006627, 7:0.007010, 8:0.007276, 9:0.007398, 10:0.007480]
plant_input_stage0: full=[0.05074 0.1392  0.06706], physical=[0.05074 0.1392 ]
solver time: 0.08845901489257812, path_s: 1.7977063846502637, risk_margin_max: 0.007525511780373978, solve_mode: fast
risk_margin_stages(active): [0:0.000196, 1:0.002902, 2:0.004058, 3:0.004941, 4:0.005660, 5:0.006235, 6:0.006663, 7:0.006911, 8:0.006947, 9:0.007198, 10:0.007526]
plant_input_stage0: full=[0.05944 0.20957 0.07539], physical=[0.05944 0.20957]
solver time: 0.07813763618469238, path_s: 1.8070332538566591, risk_margin_max: 0.008246706282472325, solve_mode: fast
risk_margin_stages(active): [0:0.000211, 1:0.003173, 2:0.004435, 3:0.005370, 4:0.006084, 5:0.006585, 6:0.006831, 7:0.007000, 8:0.007380, 9:0.007823, 10:0.008247]
plant_input_stage0: full=[0.07526 0.19819 0.0786 ], physical=[0.07526 0.19819]
solver time: 0.08173990249633789, path_s: 1.8107929537483334, risk_margin_max: 0.00945723843271318, solve_mode: fast
risk_margin_stages(active): [0:0.000211, 1:0.003370, 2:0.004726, 3:0.005649, 4:0.006201, 5:0.006297, 6:0.006765, 7:0.007396, 8:0.008093, 9:0.008750, 10:0.009457]
plant_input_stage0: full=[0.08423 0.10027 0.10576], physical=[0.08423 0.10027]
solver time: 0.0847322940826416, path_s: 1.8228878685412129, risk_margin_max: 0.011290833397438025, solve_mode: fast
risk_margin_stages(active): [0:0.000211, 1:0.003414, 2:0.004626, 3:0.005203, 4:0.005487, 5:0.006234, 6:0.007094, 7:0.007964, 8:0.008707, 9:0.009813, 10:0.011291]
plant_input_stage0: full=[ 0.11498 -0.06513  0.11184], physical=[ 0.11498 -0.06513]
solver time: 0.08242940902709961, path_s: 1.839035712016201, risk_margin_max: 0.013441444696020611, solve_mode: fast
risk_margin_stages(active): [0:0.000211, 1:0.001674, 2:0.002122, 3:0.003488, 4:0.004833, 5:0.006138, 6:0.007307, 7:0.008267, 8:0.009598, 9:0.011318, 10:0.013441]
plant_input_stage0: full=[ 0.14719 -0.29335  0.10904], physical=[ 0.14719 -0.29335]
solver time: 0.07592487335205078, path_s: 1.8441502567915158, risk_margin_max: 0.016510158573544872, solve_mode: fast
risk_margin_stages(active): [0:0.000211, 1:0.001965, 2:0.003723, 3:0.005280, 4:0.006686, 5:0.007844, 6:0.008889, 7:0.010211, 8:0.011915, 9:0.014029, 10:0.016510]
plant_input_stage0: full=[ 0.14717 -0.39581  0.13386], physical=[ 0.14717 -0.39581]
solver time: 0.08358216285705566, path_s: 1.8584374044467626, risk_margin_max: 0.01908716731756143, solve_mode: fast
risk_margin_stages(active): [0:0.000210, 1:0.003427, 2:0.005210, 3:0.006729, 4:0.008014, 5:0.009092, 6:0.010440, 7:0.012205, 8:0.014420, 9:0.016843, 10:0.019087]
plant_input_stage0: full=[ 0.12138 -0.5578   0.11992], physical=[ 0.12138 -0.5578 ]
solver time: 0.07652664184570312, path_s: 1.8754268393359417, risk_margin_max: 0.023092553899384242, solve_mode: fast
risk_margin_stages(active): [0:0.000210, 1:0.004502, 2:0.006443, 3:0.007960, 4:0.009228, 5:0.010623, 6:0.012454, 7:0.014736, 8:0.017088, 9:0.019230, 10:0.023093]
plant_input_stage0: full=[ 0.11382 -0.73204  0.09689], physical=[ 0.11382 -0.73204]
solver time: 0.07789945602416992, path_s: 1.8815860014622459, risk_margin_max: 0.023698897937865292, solve_mode: fast
risk_margin_stages(active): [0:0.000210, 1:0.004417, 2:0.006558, 3:0.008585, 4:0.010545, 5:0.012489, 6:0.014657, 7:0.016778, 8:0.018678, 9:0.020362, 10:0.023699]
plant_input_stage0: full=[ 0.10376 -1.01929  0.1112 ], physical=[ 0.10376 -1.01929]
solver time: 0.08066344261169434, path_s: 1.8959080692565125, risk_margin_max: 0.02381217004769266, solve_mode: fast
risk_margin_stages(active): [0:0.000210, 1:0.005624, 2:0.008047, 3:0.010244, 4:0.012352, 5:0.014401, 6:0.016360, 7:0.018110, 8:0.019676, 9:0.022443, 10:0.023812]
plant_input_stage0: full=[ 0.11542 -0.90272  0.09927], physical=[ 0.11542 -0.90272]
solver time: 0.08690357208251953, path_s: 1.9034712785459085, risk_margin_max: 0.02270932859351454, solve_mode: fast
risk_margin_stages(active): [0:0.000210, 1:0.006078, 2:0.008784, 3:0.011137, 4:0.013307, 5:0.015536, 6:0.017569, 7:0.019399, 8:0.021068, 9:0.021516, 10:0.022709]
plant_input_stage0: full=[ 0.11733 -0.76494  0.10933], physical=[ 0.11733 -0.76494]
solver time: 0.08065509796142578, path_s: 1.915121896204248, risk_margin_max: 0.025558073709955755, solve_mode: fast
risk_margin_stages(active): [0:0.000210, 1:0.006488, 2:0.009292, 3:0.011762, 4:0.014062, 5:0.016085, 6:0.018848, 7:0.020585, 8:0.022430, 9:0.023985, 10:0.025558]
plant_input_stage0: full=[ 0.11661 -1.05925  0.10463], physical=[ 0.11661 -1.05925]
solver time: 0.07815885543823242, path_s: 1.9265620298358557, risk_margin_max: 0.020519372627577637, solve_mode: fast
risk_margin_stages(active): [0:0.000210, 1:0.007631, 2:0.010480, 3:0.012879, 4:0.014800, 5:0.016441, 6:0.017865, 7:0.019080, 8:0.020000, 9:0.020519, 10:0.020403]
plant_input_stage0: full=[ 0.1313  -0.47103  0.10333], physical=[ 0.1313  -0.47103]
solver time: 0.08365559577941895, path_s: 1.9391025931862196, risk_margin_max: 0.02454037029036561, solve_mode: fast
risk_margin_stages(active): [0:0.000210, 1:0.007085, 2:0.009915, 3:0.012177, 4:0.014576, 5:0.016313, 6:0.017971, 7:0.019843, 8:0.021407, 9:0.022977, 10:0.024540]
plant_input_stage0: full=[ 0.11676 -1.05275  0.09271], physical=[ 0.11676 -1.05275]
solver time: 0.08443188667297363, path_s: 1.9419016203131987, risk_margin_max: 0.01889932542472931, solve_mode: fast
risk_margin_stages(active): [0:0.000211, 1:0.007910, 2:0.011343, 3:0.013734, 4:0.015550, 5:0.016938, 6:0.017980, 7:0.018718, 8:0.018899, 9:0.018036, 10:0.014968]
plant_input_stage0: full=[ 0.13346 -0.46316  0.12473], physical=[ 0.13346 -0.46316]
solver time: 0.07480549812316895, path_s: 1.9550062929884842, risk_margin_max: 0.02266907474396244, solve_mode: fast
risk_margin_stages(active): [0:0.000210, 1:0.006412, 2:0.009245, 3:0.011486, 4:0.013439, 5:0.015624, 6:0.017376, 7:0.019064, 8:0.020702, 9:0.022128, 10:0.022669]
plant_input_stage0: full=[ 0.11111 -0.98415  0.10757], physical=[ 0.11111 -0.98415]
solver time: 0.07872986793518066, path_s: 1.9660019034811682, risk_margin_max: 0.018901835881738164, solve_mode: fast
risk_margin_stages(active): [0:0.000211, 1:0.008516, 2:0.012048, 3:0.014568, 4:0.016411, 5:0.017774, 6:0.018727, 7:0.018902, 8:0.017893, 9:0.013557, 10:0.004532]
plant_input_stage0: full=[ 0.15359 -0.413    0.12133], physical=[ 0.15359 -0.413  ]
solver time: 0.08242058753967285, path_s: 1.9795982214929588, risk_margin_max: 0.015941524271692337, solve_mode: fast
risk_margin_stages(active): [0:0.000211, 1:0.003226, 2:0.004171, 3:0.005930, 4:0.007678, 5:0.009396, 6:0.011027, 7:0.013688, 8:0.015910, 9:0.015942, 10:0.014840]
plant_input_stage0: full=[ 0.08635 -0.39648  0.08056], physical=[ 0.08635 -0.39648]
solver time: 0.08118414878845215, path_s: 1.9899802314055488, risk_margin_max: 0.01779007895959633, solve_mode: fast
risk_margin_stages(active): [0:0.000211, 1:0.007452, 2:0.010540, 3:0.012821, 4:0.014707, 5:0.016341, 6:0.017790, 7:0.016825, 8:0.013367, 9:0.008583, 10:0.002499]
plant_input_stage0: full=[ 0.1352  -0.04985  0.0988 ], physical=[ 0.1352  -0.04985]
solver time: 0.08286309242248535, path_s: 1.9952446592498676, risk_margin_max: 0.013296114217135576, solve_mode: fast
risk_margin_stages(active): [0:0.000211, 1:0.004856, 2:0.006351, 3:0.007775, 4:0.008433, 5:0.007929, 6:0.004968, 7:0.009899, 8:0.011385, 9:0.013296, 10:0.002821]
plant_input_stage0: full=[ 0.09165 -0.36858  0.0919 ], physical=[ 0.09165 -0.36858]
solver time: 0.07312774658203125, path_s: 2.009833669809791, risk_margin_max: 0.013777122010272494, solve_mode: fast
risk_margin_stages(active): [0:0.000211, 1:0.005081, 2:0.007548, 3:0.008692, 4:0.009864, 5:0.011336, 6:0.012540, 7:0.013777, 8:0.001354, 9:0.008468, 10:0.002027]
plant_input_stage0: full=[ 0.08074 -0.11311  0.06667], physical=[ 0.08074 -0.11311]
solver time: 0.07883644104003906, path_s: 2.011341832795187, risk_margin_max: 0.01596415159903145, solve_mode: fast
risk_margin_stages(active): [0:0.000211, 1:0.007259, 2:0.010023, 3:0.012743, 4:0.014981, 5:0.015964, 6:0.009353, 7:0.008365, 8:0.004540, 9:0.006308, 10:0.002337]
plant_input_stage0: full=[ 0.11926 -0.19754  0.1081 ], physical=[ 0.11926 -0.19754]
solver time: 0.08275651931762695, path_s: 2.026622603277587, risk_margin_max: 0.009405019759069745, solve_mode: fast
risk_margin_stages(active): [0:0.000211, 1:0.005495, 2:0.008512, 3:0.007920, 4:0.006603, 5:0.009405, 6:0.001382, 7:0.006291, 8:0.003814, 9:0.002253, 10:0.001659]
plant_input_stage0: full=[ 0.08516 -0.52936  0.07909], physical=[ 0.08516 -0.52936]
solver time: 0.08158683776855469, path_s: 2.028479552962307, risk_margin_max: 0.01387026758577903, solve_mode: fast
risk_margin_stages(active): [0:0.000210, 1:0.006080, 2:0.007124, 3:0.010410, 4:0.012953, 5:0.013870, 6:0.001787, 7:0.009837, 8:0.001509, 9:0.005342, 10:0.004222]
plant_input_stage0: full=[ 0.08556 -0.32917  0.10128], physical=[ 0.08556 -0.32917]
solver time: 0.08568429946899414, path_s: 2.0440767631302768, risk_margin_max: 0.013291989044919414, solve_mode: fast
risk_margin_stages(active): [0:0.000211, 1:0.007984, 2:0.013292, 3:0.012126, 4:0.000768, 5:0.000856, 6:0.009050, 7:0.003697, 8:0.005221, 9:0.001422, 10:0.005971]
plant_input_stage0: full=[ 0.10176 -0.5897   0.08555], physical=[ 0.10176 -0.5897 ]
solver time: 0.08105587959289551, path_s: 2.0594734262699514, risk_margin_max: 0.01003164674188007, solve_mode: fast
risk_margin_stages(active): [0:0.000208, 1:0.009454, 2:0.004429, 3:0.010032, 4:0.000339, 5:0.003282, 6:0.000568, 7:0.006155, 8:0.000947, 9:0.004007, 10:0.007072]
plant_input_stage0: full=[ 0.11244 -1.11278  0.08109], physical=[ 0.11244 -1.11278]
solver time: 0.08434796333312988, path_s: 2.0648576213806997, risk_margin_max: 0.011607918202542096, solve_mode: fast
risk_margin_stages(active): [0:0.000206, 1:0.003864, 2:0.009660, 3:0.011608, 4:0.000363, 5:0.007422, 6:0.003262, 7:0.008268, 8:0.000000, 9:0.007710, 10:0.011216]
plant_input_stage0: full=[ 0.06512 -0.77035  0.08756], physical=[ 0.06512 -0.77035]
Acados solver failed with status 4
Acados residuals [stat, eq, ineq, comp]: [    nan 0.07703 0.      0.00051]
Acados SQP iterations: 1
Fast SQP_RTI solver failed with status 4. Starting infeasible recovery.
Backup SQP_WITH_FEASIBLE_QP solver returned status 1; falling back to safe stop.
Applied nominal_safe_controller safe-stop plan after infeasible RMPCC-PV solve.
solver time: 0.12277650833129883, path_s: 2.07644410557112, risk_margin_max: 0.00020363158712849048, solve_mode: safe_stop
risk_margin_stages(active): [0:0.000204, 1:0.000204, 2:0.000204, 3:0.000204, 4:0.000204, 5:0.000204, 6:0.000204, 7:0.000204, 8:0.000204, 9:0.000204, 10:0.000204]
plant_input_stage0: full=[0. 0. 0.], physical=[0. 0.]
solver time: 0.07222294807434082, path_s: 2.07644410557112, risk_margin_max: 0.00021045257834097073, solve_mode: fast
risk_margin_stages(active): [0:0.000204, 1:0.000204, 2:0.000204, 3:0.000210, 4:0.000210, 5:0.000210, 6:0.000210, 7:0.000210, 8:0.000210, 9:0.000210, 10:0.000210]
plant_input_stage0: full=[0.01843 0.      0.0037 ], physical=[0.01843 0.     ]
solver time: 0.07875990867614746, path_s: 2.078110086097322, risk_margin_max: 0.0019465733867370014, solve_mode: fast
risk_margin_stages(active): [0:0.000204, 1:0.000083, 2:0.000414, 3:0.001017, 4:0.001363, 5:0.001513, 6:0.001947, 7:0.001892, 8:0.001846, 9:0.001808, 10:0.001780]
plant_input_stage0: full=[ 0.0091  -0.54573  0.00069], physical=[ 0.0091  -0.54573]
solver time: 0.07947087287902832, path_s: 2.078932892636032, risk_margin_max: 0.005063932667101415, solve_mode: fast
risk_margin_stages(active): [0:0.000202, 1:0.001319, 2:0.002035, 3:0.002054, 4:0.002012, 5:0.002271, 6:0.003483, 7:0.004061, 8:0.004524, 9:0.004872, 10:0.005064]
plant_input_stage0: full=[ 0.01625 -0.27082  0.00675], physical=[ 0.01625 -0.27082]
solver time: 0.0918569564819336, path_s: 2.0803622282928904, risk_margin_max: 0.006714517478510895, solve_mode: fast
risk_margin_stages(active): [0:0.000201, 1:0.002871, 2:0.003191, 3:0.004944, 4:0.005744, 5:0.006715, 6:0.005291, 7:0.002875, 8:0.000761, 9:0.000935, 10:0.003133]
plant_input_stage0: full=[ 0.04021 -0.43167  0.02717], physical=[ 0.04021 -0.43167]
solver time: 0.08792877197265625, path_s: 2.083845560440474, risk_margin_max: 0.006499893697422739, solve_mode: fast
risk_margin_stages(active): [0:0.000199, 1:0.004739, 2:0.006500, 3:0.005824, 4:0.004326, 5:0.006309, 6:0.004749, 7:0.000564, 8:0.001055, 9:0.002386, 10:0.003722]
plant_input_stage0: full=[ 0.04483 -0.59452  0.03927], physical=[ 0.04483 -0.59452]
solver time: 0.08138298988342285, path_s: 2.0876284971630685, risk_margin_max: 0.008383443319652814, solve_mode: fast
risk_margin_stages(active): [0:0.000210, 1:0.005948, 2:0.000000, 3:0.005336, 4:0.007650, 5:0.008383, 6:0.005650, 7:0.001473, 8:0.000000, 9:0.004284, 10:0.005676]
plant_input_stage0: full=[ 0.05622 -0.24899  0.04101], physical=[ 0.05622 -0.24899]
Acados solver failed with status 4
Acados residuals [stat, eq, ineq, comp]: [    nan 0.0249  0.00013 0.00024]
Acados SQP iterations: 1
Fast SQP_RTI solver failed with status 4. Starting infeasible recovery.
Backup SQP_WITH_FEASIBLE_QP solver returned status 1; falling back to safe stop.
Applied nominal_safe_controller safe-stop plan after infeasible RMPCC-PV solve.
solver time: 0.12086367607116699, path_s: 2.092200623873527, risk_margin_max: 0.00021043036076467457, solve_mode: safe_stop
risk_margin_stages(active): [0:0.000210, 1:0.000210, 2:0.000210, 3:0.000210, 4:0.000210, 5:0.000210, 6:0.000210, 7:0.000210, 8:0.000210, 9:0.000210, 10:0.000210]
plant_input_stage0: full=[0. 0. 0.], physical=[0. 0.]
solver time: 0.08262109756469727, path_s: 2.092200623873527, risk_margin_max: 0.00021043036076536677, solve_mode: fast
risk_margin_stages(active): [0:0.000210, 1:0.000210, 2:0.000210, 3:0.000210, 4:0.000210, 5:0.000210, 6:0.000210, 7:0.000210, 8:0.000210, 9:0.000210, 10:0.000210]
plant_input_stage0: full=[0.00921 0.      0.01175], physical=[0.00921 0.     ]
solver time: 0.07975506782531738, path_s: 2.0929613748999376, risk_margin_max: 0.0018336796508601773, solve_mode: fast
risk_margin_stages(active): [0:0.000210, 1:0.001334, 2:0.001695, 3:0.001834, 4:0.001780, 5:0.001723, 6:0.001672, 7:0.001629, 8:0.001594, 9:0.001567, 10:0.001550]
plant_input_stage0: full=[ 0.01284 -0.49369  0.01456], physical=[ 0.01284 -0.49369]
solver time: 0.0838003158569336, path_s: 2.0940219855905027, risk_margin_max: 0.00464864253815444, solve_mode: fast
risk_margin_stages(active): [0:0.000210, 1:0.000000, 2:0.000000, 3:0.001310, 4:0.002257, 5:0.002902, 6:0.003415, 7:0.003842, 8:0.004195, 9:0.004470, 10:0.004649]
plant_input_stage0: full=[ 0.00627 -0.24703  0.0192 ], physical=[ 0.00627 -0.24703]
Acados solver failed with status 4
Acados residuals [stat, eq, ineq, comp]: [    nan 0.0247  0.      0.00015]
Acados SQP iterations: 1
Fast SQP_RTI solver failed with status 4. Starting infeasible recovery.
Backup SQP_WITH_FEASIBLE_QP solver returned status 1; falling back to safe stop.
Applied nominal_safe_controller safe-stop plan after infeasible RMPCC-PV solve.
solver time: 0.12486410140991211, path_s: 2.0945567840066985, risk_margin_max: 0.0002104347277795666, solve_mode: safe_stop
risk_margin_stages(active): [0:0.000210, 1:0.000210, 2:0.000210, 3:0.000210, 4:0.000210, 5:0.000210, 6:0.000210, 7:0.000210, 8:0.000210, 9:0.000210, 10:0.000210]
plant_input_stage0: full=[0. 0. 0.], physical=[0. 0.]
solver time: 0.07533740997314453, path_s: 2.0945567840066985, risk_margin_max: 0.00021043472778456112, solve_mode: fast
risk_margin_stages(active): [0:0.000210, 1:0.000210, 2:0.000210, 3:0.000210, 4:0.000210, 5:0.000210, 6:0.000210, 7:0.000210, 8:0.000210, 9:0.000210, 10:0.000210]
plant_input_stage0: full=[0.00777 0.      0.01307], physical=[0.00777 0.     ]
solver time: 0.07687091827392578, path_s: 2.095228972585708, risk_margin_max: 0.0017146598954725022, solve_mode: fast
risk_margin_stages(active): [0:0.000210, 1:0.001412, 2:0.001712, 3:0.001715, 4:0.001645, 5:0.001581, 6:0.001522, 7:0.001470, 8:0.001425, 9:0.001389, 10:0.001362]
plant_input_stage0: full=[ 0.01511 -0.43833  0.01679], physical=[ 0.01511 -0.43833]
solver time: 0.07682991027832031, path_s: 2.0965369117224935, risk_margin_max: 0.004285564527796583, solve_mode: fast
risk_margin_stages(active): [0:0.000210, 1:0.000000, 2:0.000000, 3:0.001672, 4:0.002414, 5:0.002959, 6:0.003395, 7:0.003750, 8:0.004027, 9:0.004214, 10:0.004286]
plant_input_stage0: full=[ 0.00742 -0.21952  0.02302], physical=[ 0.00742 -0.21952]
Acados solver failed with status 4
Acados residuals [stat, eq, ineq, comp]: [    nan 0.02195 0.      0.0002 ]
Acados SQP iterations: 1
Fast SQP_RTI solver failed with status 4. Starting infeasible recovery.
Backup SQP_WITH_FEASIBLE_QP solver returned status 1; falling back to safe stop.
Applied nominal_safe_controller safe-stop plan after infeasible RMPCC-PV solve.
solver time: 0.12337040901184082, path_s: 2.101917871704455, risk_margin_max: 0.00021043673459031147, solve_mode: safe_stop
risk_margin_stages(active): [0:0.000210, 1:0.000210, 2:0.000210, 3:0.000210, 4:0.000210, 5:0.000210, 6:0.000210, 7:0.000210, 8:0.000210, 9:0.000210, 10:0.000210]
plant_input_stage0: full=[0. 0. 0.], physical=[0. 0.]
solver time: 0.07690834999084473, path_s: 2.101876789030696, risk_margin_max: 0.0002104367345954213, solve_mode: fast
risk_margin_stages(active): [0:0.000210, 1:0.000210, 2:0.000210, 3:0.000210, 4:0.000210, 5:0.000210, 6:0.000210, 7:0.000210, 8:0.000210, 9:0.000210, 10:0.000210]
plant_input_stage0: full=[0.01502 0.      0.00654], physical=[0.01502 0.     ]
solver time: 0.07900166511535645, path_s: 2.102010186625645, risk_margin_max: 0.0013878163531420235, solve_mode: fast
risk_margin_stages(active): [0:0.000210, 1:0.000027, 2:0.000122, 3:0.000732, 4:0.001132, 5:0.001363, 6:0.001388, 7:0.001341, 8:0.001304, 9:0.001276, 10:0.001259]
plant_input_stage0: full=[ 0.00737 -0.46001  0.00785], physical=[ 0.00737 -0.46001]
solver time: 0.07755541801452637, path_s: 2.102016797656722, risk_margin_max: 0.003250437250704152, solve_mode: fast
risk_margin_stages(active): [0:0.000210, 1:0.000544, 2:0.001251, 3:0.001757, 4:0.001479, 5:0.001512, 6:0.002284, 7:0.002870, 8:0.003179, 9:0.003250, 10:0.003182]
plant_input_stage0: full=[ 0.00536 -0.22965  0.01163], physical=[ 0.00536 -0.22965]
solver time: 0.08172416687011719, path_s: 2.1020263914511923, risk_margin_max: 0.003656150209258307, solve_mode: fast
risk_margin_stages(active): [0:0.000210, 1:0.002467, 2:0.002759, 3:0.002806, 4:0.002798, 5:0.003656, 6:0.002814, 7:0.000168, 8:0.001409, 9:0.002891, 10:0.003166]
plant_input_stage0: full=[ 0.05775 -0.22643  0.03835], physical=[ 0.05775 -0.22643]
solver time: 0.08606839179992676, path_s: 2.105035517809548, risk_margin_max: 0.00534246986938788, solve_mode: fast
risk_margin_stages(active): [0:0.000210, 1:0.000139, 2:0.003341, 3:0.004406, 4:0.000198, 5:0.001854, 6:0.001937, 7:0.000000, 8:0.003377, 9:0.004775, 10:0.005342]
plant_input_stage0: full=[ 0.02883 -0.4426   0.05605], physical=[ 0.02883 -0.4426 ]
Acados solver failed with status 4
Acados residuals [stat, eq, ineq, comp]: [    nan 0.04426 0.      0.0003 ]
Acados SQP iterations: 1
Fast SQP_RTI solver failed with status 4. Starting infeasible recovery.
Backup SQP_WITH_FEASIBLE_QP solver returned status 1; falling back to safe stop.
Applied nominal_safe_controller safe-stop plan after infeasible RMPCC-PV solve.
solver time: 0.13125896453857422, path_s: 2.1152495061713625, risk_margin_max: 0.00021042321257459375, solve_mode: safe_stop
risk_margin_stages(active): [0:0.000210, 1:0.000210, 2:0.000210, 3:0.000210, 4:0.000210, 5:0.000210, 6:0.000210, 7:0.000210, 8:0.000210, 9:0.000210, 10:0.000210]
plant_input_stage0: full=[0. 0. 0.], physical=[0. 0.]
solver time: 0.08245968818664551, path_s: 2.115103848852297, risk_margin_max: 0.00021042321290226613, solve_mode: fast
risk_margin_stages(active): [0:0.000210, 1:0.000210, 2:0.000210, 3:0.000210, 4:0.000210, 5:0.000210, 6:0.000210, 7:0.000210, 8:0.000210, 9:0.000210, 10:0.000210]
plant_input_stage0: full=[0.01678 0.      0.00493], physical=[0.01678 0.     ]
solver time: 0.08332204818725586, path_s: 2.1154973599779603, risk_margin_max: 0.0012831175262741983, solve_mode: fast
risk_margin_stages(active): [0:0.000210, 1:0.000026, 2:0.000026, 3:0.000326, 4:0.000817, 5:0.001131, 6:0.001283, 7:0.001265, 8:0.001255, 9:0.001255, 10:0.001263]
plant_input_stage0: full=[ 0.00823 -0.42964  0.0048 ], physical=[ 0.00823 -0.42964]
solver time: 0.08321762084960938, path_s: 2.115516344419513, risk_margin_max: 0.00298323475613193, solve_mode: fast
risk_margin_stages(active): [0:0.000210, 1:0.000012, 2:0.000508, 3:0.001733, 4:0.001963, 5:0.001844, 6:0.002087, 7:0.002668, 8:0.002948, 9:0.002983, 10:0.002980]
plant_input_stage0: full=[ 0.00378 -0.2153   0.0086 ], physical=[ 0.00378 -0.2153 ]
solver time: 0.1312251091003418, path_s: 2.1155363107622462, risk_margin_max: 0.0038507187086723235, solve_mode: fast
risk_margin_stages(active): [0:0.000210, 1:0.000343, 2:0.002199, 3:0.000069, 4:0.002501, 5:0.002980, 6:0.003776, 7:0.001081, 8:0.002448, 9:0.003337, 10:0.003851]
plant_input_stage0: full=[ 0.00311 -0.1072   0.02468], physical=[ 0.00311 -0.1072 ]
solver time: 0.08153009414672852, path_s: 2.1156177192446965, risk_margin_max: 0.006376351948156196, solve_mode: fast
risk_margin_stages(active): [0:0.000210, 1:0.001821, 2:0.000046, 3:0.000798, 4:0.004047, 5:0.000026, 6:0.004512, 7:0.000000, 8:0.004279, 9:0.005382, 10:0.006376]
plant_input_stage0: full=[ 0.06754 -0.06988  0.04643], physical=[ 0.06754 -0.06988]
Acados solver failed with status 4
Acados residuals [stat, eq, ineq, comp]: [    nan 0.00699 0.      0.00046]
Acados SQP iterations: 1
Fast SQP_RTI solver failed with status 4. Starting infeasible recovery.
Backup SQP_WITH_FEASIBLE_QP solver returned status 1; falling back to safe stop.
Applied nominal_safe_controller safe-stop plan after infeasible RMPCC-PV solve.
solver time: 0.1295032501220703, path_s: 2.1173109306667923, risk_margin_max: 0.0002104109920643315, solve_mode: safe_stop
risk_margin_stages(active): [0:0.000210, 1:0.000210, 2:0.000210, 3:0.000210, 4:0.000210, 5:0.000210, 6:0.000210, 7:0.000210, 8:0.000210, 9:0.000210, 10:0.000210]
plant_input_stage0: full=[0. 0. 0.], physical=[0. 0.]
solver time: 0.0830996036529541, path_s: 2.1173109306667923, risk_margin_max: 0.00021041099207528096, solve_mode: fast
risk_margin_stages(active): [0:0.000210, 1:0.000210, 2:0.000210, 3:0.000210, 4:0.000210, 5:0.000210, 6:0.000210, 7:0.000210, 8:0.000210, 9:0.000210, 10:0.000210]
plant_input_stage0: full=[0.00089 0.      0.01904], physical=[0.00089 0.     ]
solver time: 0.08158397674560547, path_s: 2.11739761197311, risk_margin_max: 0.0013467398033790246, solve_mode: fast
risk_margin_stages(active): [0:0.000210, 1:0.000775, 2:0.001265, 3:0.001347, 4:0.001318, 5:0.001294, 6:0.001274, 7:0.001261, 8:0.001253, 9:0.001253, 10:0.001258]
plant_input_stage0: full=[ 0.04108 -0.3218   0.03552], physical=[ 0.04108 -0.3218 ]
solver time: 0.08375382423400879, path_s: 2.12905929884125, risk_margin_max: 0.003965490330861523, solve_mode: fast
risk_margin_stages(active): [0:0.000210, 1:0.000022, 2:0.000026, 3:0.001461, 4:0.001952, 5:0.002379, 6:0.002758, 7:0.003104, 8:0.003420, 9:0.003709, 10:0.003965]
plant_input_stage0: full=[ 0.02045 -0.18922  0.01493], physical=[ 0.02045 -0.18922]
solver time: 0.08638286590576172, path_s: 2.129779496602207, risk_margin_max: 0.0064136609947121215, solve_mode: fast
risk_margin_stages(active): [0:0.000210, 1:0.000025, 2:0.000505, 3:0.002720, 4:0.001169, 5:0.002020, 6:0.003221, 7:0.004240, 8:0.005085, 9:0.005785, 10:0.006414]
plant_input_stage0: full=[ 0.01004 -0.09462  0.01573], physical=[ 0.01004 -0.09462]
solver time: 0.08120393753051758, path_s: 2.1298395197915876, risk_margin_max: 0.00958708155916865, solve_mode: fast
risk_margin_stages(active): [0:0.000210, 1:0.000491, 2:0.002139, 3:0.001087, 4:0.003140, 5:0.004150, 6:0.005196, 7:0.006129, 8:0.007144, 9:0.008334, 10:0.009587]
plant_input_stage0: full=[ 0.00673 -0.14484  0.03362], physical=[ 0.00673 -0.14484]
solver time: 0.08468294143676758, path_s: 2.1299782356875605, risk_margin_max: 0.01076621568619625, solve_mode: fast
risk_margin_stages(active): [0:0.000210, 1:0.002086, 2:0.000816, 3:0.003055, 4:0.001905, 5:0.004893, 6:0.006521, 7:0.007697, 8:0.008918, 9:0.009981, 10:0.010766]
plant_input_stage0: full=[ 0.0593  -0.31391  0.05774], physical=[ 0.0593  -0.31391]
solver time: 0.09067511558532715, path_s: 2.13088473378976, risk_margin_max: 0.011104472704048449, solve_mode: fast
risk_margin_stages(active): [0:0.000210, 1:0.000036, 2:0.002751, 3:0.000321, 4:0.004314, 5:0.006419, 6:0.007849, 7:0.009191, 8:0.010240, 9:0.010860, 10:0.011104]
plant_input_stage0: full=[ 0.02959 -0.19653  0.06745], physical=[ 0.02959 -0.19653]
solver time: 0.0918734073638916, path_s: 2.144021654283392, risk_margin_max: 0.011488605288424467, solve_mode: fast
risk_margin_stages(active): [0:0.000210, 1:0.000596, 2:0.000044, 3:0.001808, 4:0.005439, 5:0.006942, 6:0.008593, 7:0.010043, 8:0.010929, 9:0.011222, 10:0.011489]
plant_input_stage0: full=[ 0.01612 -0.09646  0.02567], physical=[ 0.01612 -0.09646]
solver time: 0.08842134475708008, path_s: 2.1449175927898825, risk_margin_max: 0.012077735161480843, solve_mode: fast
risk_margin_stages(active): [0:0.000210, 1:0.002160, 2:0.000677, 3:0.004080, 4:0.006193, 5:0.007788, 6:0.009579, 7:0.010965, 8:0.011601, 9:0.011670, 10:0.012078]
plant_input_stage0: full=[ 0.04512 -0.18386  0.03868], physical=[ 0.04512 -0.18386]
solver time: 0.0908510684967041, path_s: 2.145137226605208, risk_margin_max: 0.012637059712834617, solve_mode: fast
risk_margin_stages(active): [0:0.000210, 1:0.004331, 2:0.001802, 3:0.006379, 4:0.008555, 5:0.010229, 6:0.011382, 7:0.011990, 8:0.012031, 9:0.012395, 10:0.012637]
plant_input_stage0: full=[ 0.07647 -0.55323  0.09454], physical=[ 0.07647 -0.55323]
solver time: 0.09234738349914551, path_s: 2.14752475251632, risk_margin_max: 0.011894728016556807, solve_mode: fast
risk_margin_stages(active): [0:0.000210, 1:0.004977, 2:0.004893, 3:0.008177, 4:0.009825, 5:0.010672, 6:0.010873, 7:0.011290, 8:0.011605, 9:0.011781, 10:0.011895]
plant_input_stage0: full=[ 0.08312 -0.61105  0.1107 ], physical=[ 0.08312 -0.61105]
solver time: 0.08642435073852539, path_s: 2.160353622521788, risk_margin_max: 0.013510689538352239, solve_mode: fast
risk_margin_stages(active): [0:0.000210, 1:0.006211, 2:0.008152, 3:0.009862, 4:0.010816, 5:0.011137, 6:0.011494, 7:0.011804, 8:0.011971, 9:0.013087, 10:0.013511]
plant_input_stage0: full=[ 0.13628 -0.53365  0.11964], physical=[ 0.13628 -0.53365]
solver time: 0.09003472328186035, path_s: 2.169455082790738, risk_margin_max: 0.012157241653535909, solve_mode: fast
risk_margin_stages(active): [0:0.000210, 1:0.005827, 2:0.007724, 3:0.008667, 4:0.008854, 5:0.009348, 6:0.009676, 7:0.010639, 8:0.010947, 9:0.011455, 10:0.012157]
plant_input_stage0: full=[ 0.13786 -0.54882  0.13297], physical=[ 0.13786 -0.54882]
solver time: 0.0972437858581543, path_s: 2.1831932131116067, risk_margin_max: 0.010676587498909582, solve_mode: fast
risk_margin_stages(active): [0:0.000211, 1:0.004395, 2:0.005620, 3:0.005772, 4:0.006505, 5:0.006957, 6:0.007829, 7:0.008182, 8:0.008792, 9:0.009633, 10:0.010677]
plant_input_stage0: full=[ 0.14348 -0.4808   0.13115], physical=[ 0.14348 -0.4808 ]
solver time: 0.08339452743530273, path_s: 2.197403903285057, risk_margin_max: 0.010254824371678224, solve_mode: fast
risk_margin_stages(active): [0:0.000211, 1:0.001964, 2:0.002974, 3:0.004188, 4:0.004830, 5:0.005548, 6:0.005958, 7:0.006691, 8:0.007687, 9:0.008889, 10:0.010255]
plant_input_stage0: full=[ 0.14918 -0.36612  0.1296 ], physical=[ 0.14918 -0.36612]
solver time: 0.0846562385559082, path_s: 2.208470368926488, risk_margin_max: 0.011503194216657948, solve_mode: fast
risk_margin_stages(active): [0:0.000211, 1:0.003136, 2:0.004221, 3:0.004812, 4:0.005025, 5:0.005680, 6:0.006415, 7:0.007418, 8:0.008628, 9:0.009999, 10:0.011503]
plant_input_stage0: full=[ 0.14941 -0.27176  0.13849], physical=[ 0.14941 -0.27176]
solver time: 0.09904932975769043, path_s: 2.223338375527814, risk_margin_max: 0.012158692443279197, solve_mode: fast
risk_margin_stages(active): [0:0.000211, 1:0.002491, 2:0.003263, 3:0.003509, 4:0.003956, 5:0.005083, 6:0.006237, 7:0.007561, 8:0.009008, 9:0.010548, 10:0.012159]
plant_input_stage0: full=[ 0.15251 -0.17708  0.13489], physical=[ 0.15251 -0.17708]
solver time: 0.10032320022583008, path_s: 2.2385507293461804, risk_margin_max: 0.01280942271291257, solve_mode: fast
risk_margin_stages(active): [0:0.000211, 1:0.001434, 2:0.001795, 3:0.002657, 4:0.003776, 5:0.005249, 6:0.006633, 7:0.008088, 8:0.009597, 9:0.011145, 10:0.012809]
plant_input_stage0: full=[ 0.1519  -0.09862  0.12758], physical=[ 0.1519  -0.09862]
solver time: 0.10336470603942871, path_s: 2.248527757660598, risk_margin_max: 0.013515069444404702, solve_mode: fast
risk_margin_stages(active): [0:0.000211, 1:0.001468, 2:0.002496, 3:0.003620, 4:0.004968, 5:0.006283, 6:0.007655, 7:0.009071, 8:0.010521, 9:0.012041, 10:0.013515]
plant_input_stage0: full=[ 0.14374 -0.10131  0.13468], physical=[ 0.14374 -0.10131]
solver time: 0.09670543670654297, path_s: 2.263185124877541, risk_margin_max: 0.013863288275885101, solve_mode: fast
risk_margin_stages(active): [0:0.000211, 1:0.002355, 2:0.003539, 3:0.004682, 4:0.005959, 5:0.007209, 6:0.008500, 7:0.009821, 8:0.011159, 9:0.012553, 10:0.013863]
plant_input_stage0: full=[ 0.13955 -0.06499  0.1242 ], physical=[ 0.13955 -0.06499]
solver time: 0.08922076225280762, path_s: 2.2787421678517568, risk_margin_max: 0.014484326874217112, solve_mode: fast
risk_margin_stages(active): [0:0.000211, 1:0.003127, 2:0.004558, 3:0.005816, 4:0.007048, 5:0.008285, 6:0.009536, 7:0.010796, 8:0.012090, 9:0.013309, 10:0.014484]
plant_input_stage0: full=[ 0.14107 -0.14435  0.11396], physical=[ 0.14107 -0.14435]
solver time: 0.09675216674804688, path_s: 2.295118129742309, risk_margin_max: 0.014738924107186052, solve_mode: fast
risk_margin_stages(active): [0:0.000211, 1:0.003768, 2:0.005332, 3:0.006635, 4:0.007910, 5:0.009118, 6:0.010310, 7:0.011498, 8:0.012634, 9:0.013725, 10:0.014739]
plant_input_stage0: full=[0.14038 0.02485 0.10037], physical=[0.14038 0.02485]
solver time: 0.09889888763427734, path_s: 2.2973707329020785, risk_margin_max: 0.01432202346386575, solve_mode: fast
risk_margin_stages(active): [0:0.000211, 1:0.003303, 2:0.004906, 3:0.006339, 4:0.007660, 5:0.008926, 6:0.010159, 7:0.011316, 8:0.012411, 9:0.013423, 10:0.014322]
plant_input_stage0: full=[ 0.12137 -0.02925  0.12659], physical=[ 0.12137 -0.02925]
solver time: 0.10225057601928711, path_s: 2.313158565811548, risk_margin_max: 0.015324379798609532, solve_mode: fast
risk_margin_stages(active): [0:0.000211, 1:0.004018, 2:0.005759, 3:0.007203, 4:0.008585, 5:0.009854, 6:0.011063, 7:0.012226, 8:0.013335, 9:0.014376, 10:0.015324]
plant_input_stage0: full=[0.12632 0.02919 0.1134 ], physical=[0.12632 0.02919]
solver time: 0.09740781784057617, path_s: 2.3311090843102416, risk_margin_max: 0.01599892150894421, solve_mode: fast
risk_margin_stages(active): [0:0.000211, 1:0.004810, 2:0.006750, 3:0.008294, 4:0.009716, 5:0.010989, 6:0.012184, 7:0.013302, 8:0.014330, 9:0.015241, 10:0.015999]
plant_input_stage0: full=[0.1315  0.04934 0.09641], physical=[0.1315  0.04934]
solver time: 0.08098053932189941, path_s: 2.334359462238906, risk_margin_max: 0.014909587810400969, solve_mode: fast
risk_margin_stages(active): [0:0.000211, 1:0.004409, 2:0.006399, 3:0.008039, 4:0.009527, 5:0.010861, 6:0.012086, 7:0.013202, 8:0.014202, 9:0.014557, 10:0.014910]
plant_input_stage0: full=[0.11838 0.04006 0.12216], physical=[0.11838 0.04006]
solver time: 0.08326244354248047, path_s: 2.35149478703378, risk_margin_max: 0.01797541782841918, solve_mode: fast
risk_margin_stages(active): [0:0.000211, 1:0.004737, 2:0.006704, 3:0.008249, 4:0.009589, 5:0.010792, 6:0.011883, 7:0.012861, 8:0.013705, 9:0.015886, 10:0.017975]
plant_input_stage0: full=[ 0.1128  -0.2833   0.09861], physical=[ 0.1128 -0.2833]
solver time: 0.08112645149230957, path_s: 2.3548203250056305, risk_margin_max: 0.017012170082454522, solve_mode: fast
risk_margin_stages(active): [0:0.000211, 1:0.005303, 2:0.007712, 3:0.009653, 4:0.011361, 5:0.012918, 6:0.014366, 7:0.015725, 8:0.017012, 9:0.015768, 10:0.014220]
plant_input_stage0: full=[ 0.12409 -0.07813  0.13698], physical=[ 0.12409 -0.07813]
solver time: 0.08823513984680176, path_s: 2.372950941855562, risk_margin_max: 0.01663930491670671, solve_mode: fast
risk_margin_stages(active): [0:0.000211, 1:0.005147, 2:0.007259, 3:0.008864, 4:0.010159, 5:0.011187, 6:0.011920, 7:0.012272, 8:0.012039, 9:0.014618, 10:0.016639]
plant_input_stage0: full=[ 0.10845 -0.18844  0.10423], physical=[ 0.10845 -0.18844]
solver time: 0.07771706581115723, path_s: 2.376664852581544, risk_margin_max: 0.018815110163566053, solve_mode: fast
risk_margin_stages(active): [0:0.000211, 1:0.005573, 2:0.008075, 3:0.010088, 4:0.011856, 5:0.013468, 6:0.014960, 7:0.016334, 8:0.017522, 9:0.018815, 10:0.012887]
plant_input_stage0: full=[ 0.11388 -0.27562  0.138  ], physical=[ 0.11388 -0.27562]
solver time: 0.07025361061096191, path_s: 2.395505204567475, risk_margin_max: 0.018730211494973066, solve_mode: fast
risk_margin_stages(active): [0:0.000211, 1:0.006749, 2:0.009576, 3:0.011716, 4:0.013463, 5:0.014890, 6:0.014942, 7:0.014875, 8:0.013755, 9:0.016580, 10:0.018730]
plant_input_stage0: full=[ 0.12531 -0.25823  0.11919], physical=[ 0.12531 -0.25823]
solver time: 0.08022212982177734, path_s: 2.4129174915896394, risk_margin_max: 0.017063401507924274, solve_mode: fast
risk_margin_stages(active): [0:0.000211, 1:0.005928, 2:0.008313, 3:0.010147, 4:0.011715, 5:0.013146, 6:0.014519, 7:0.015870, 8:0.017063, 9:0.012106, 10:0.014372]
plant_input_stage0: full=[ 0.1032  -0.43991  0.09253], physical=[ 0.1032  -0.43991]
solver time: 0.08241629600524902, path_s: 2.428622274912965, risk_margin_max: 0.015002923386222493, solve_mode: fast
risk_margin_stages(active): [0:0.000211, 1:0.005908, 2:0.008077, 3:0.009583, 4:0.010642, 5:0.012481, 6:0.013221, 7:0.013545, 8:0.013163, 9:0.015003, 10:0.012892]
plant_input_stage0: full=[ 0.09454 -0.57941  0.06864], physical=[ 0.09454 -0.57941]
solver time: 0.09098649024963379, path_s: 2.430013805318546, risk_margin_max: 0.013579187144900896, solve_mode: fast
risk_margin_stages(active): [0:0.000210, 1:0.004078, 2:0.005639, 3:0.006837, 4:0.007804, 5:0.009757, 6:0.011051, 7:0.012357, 8:0.013389, 9:0.013579, 10:0.011667]
plant_input_stage0: full=[ 0.06969 -0.62558  0.08232], physical=[ 0.06969 -0.62558]
solver time: 0.0920710563659668, path_s: 2.4448481529361046, risk_margin_max: 0.013377246065799158, solve_mode: fast
risk_margin_stages(active): [0:0.000209, 1:0.005057, 2:0.006862, 3:0.008089, 4:0.008977, 5:0.011380, 6:0.012206, 7:0.012551, 8:0.012573, 9:0.013377, 10:0.012901]
plant_input_stage0: full=[ 0.07969 -0.72758  0.06062], physical=[ 0.07969 -0.72758]
solver time: 0.08057475090026855, path_s: 2.447110119047452, risk_margin_max: 0.012786889492776189, solve_mode: fast
risk_margin_stages(active): [0:0.000207, 1:0.002983, 2:0.004062, 3:0.004876, 4:0.005475, 5:0.007580, 6:0.009005, 7:0.010363, 8:0.011447, 9:0.011987, 10:0.012787]
plant_input_stage0: full=[ 0.05336 -0.6781   0.06605], physical=[ 0.05336 -0.6781 ]
solver time: 0.08939719200134277, path_s: 2.4576352795360594, risk_margin_max: 0.019975789220185045, solve_mode: fast
risk_margin_stages(active): [0:0.000205, 1:0.005324, 2:0.007219, 3:0.010070, 4:0.011689, 5:0.008553, 6:0.009959, 7:0.011549, 8:0.017885, 9:0.018992, 10:0.019976]
plant_input_stage0: full=[ 0.09555 -0.63939  0.08088], physical=[ 0.09555 -0.63939]
solver time: 0.0892174243927002, path_s: 2.4642064327763578, risk_margin_max: 0.011774403500519098, solve_mode: fast
risk_margin_stages(active): [0:0.000203, 1:0.001125, 2:0.000933, 3:0.001172, 4:0.003927, 5:0.006393, 6:0.008454, 7:0.010000, 8:0.011077, 9:0.011715, 10:0.011774]
plant_input_stage0: full=[ 0.04833 -1.2      0.06664], physical=[ 0.04833 -1.2    ]
solver time: 0.08011245727539062, path_s: 2.470261726842767, risk_margin_max: 0.011965144245571411, solve_mode: fast
risk_margin_stages(active): [0:0.000199, 1:0.002521, 2:0.005406, 3:0.005255, 4:0.008932, 5:0.010215, 6:0.010458, 7:0.008118, 8:0.011229, 9:0.011787, 10:0.011965]
plant_input_stage0: full=[ 0.04459 -0.59232  0.06407], physical=[ 0.04459 -0.59232]
solver time: 0.07677197456359863, path_s: 2.4729989038346845, risk_margin_max: 0.009438723071558743, solve_mode: fast
risk_margin_stages(active): [0:0.000197, 1:0.004717, 2:0.005447, 3:0.007030, 4:0.000435, 5:0.003391, 6:0.005949, 7:0.007542, 8:0.008622, 9:0.009237, 10:0.009439]
plant_input_stage0: full=[ 0.07532 -0.90572  0.08156], physical=[ 0.07532 -0.90572]
solver time: 0.07110309600830078, path_s: 2.4807955405716733, risk_margin_max: 0.00931842114257388, solve_mode: fast
risk_margin_stages(active): [0:0.000193, 1:0.006215, 2:0.009318, 3:0.000156, 4:0.003093, 5:0.005662, 6:0.005388, 7:0.005667, 8:0.006420, 9:0.006878, 10:0.007711]
plant_input_stage0: full=[ 0.09901 -0.46909  0.09754], physical=[ 0.09901 -0.46909]
solver time: 0.06630086898803711, path_s: 2.4913293543005794, risk_margin_max: 0.006999745565811707, solve_mode: fast
risk_margin_stages(active): [0:0.000210, 1:0.005376, 2:0.004607, 3:0.000000, 4:0.000330, 5:0.002751, 6:0.004642, 7:0.005730, 8:0.006290, 9:0.007000, 10:0.006683]
plant_input_stage0: full=[ 0.0912  -0.70246  0.09923], physical=[ 0.0912  -0.70246]
Acados solver failed with status 4
Acados residuals [stat, eq, ineq, comp]: [    nan 0.07025 0.      0.00143]
Acados SQP iterations: 1
Fast SQP_RTI solver failed with status 4. Starting infeasible recovery.
Backup SQP_WITH_FEASIBLE_QP solver returned status 1; falling back to safe stop.
Applied nominal_safe_controller safe-stop plan after infeasible RMPCC-PV solve.
solver time: 0.13241076469421387, path_s: 2.501863168029485, risk_margin_max: 0.00021040543009419126, solve_mode: safe_stop
risk_margin_stages(active): [0:0.000210, 1:0.000210, 2:0.000210, 3:0.000210, 4:0.000210, 5:0.000210, 6:0.000210, 7:0.000210, 8:0.000210, 9:0.000210, 10:0.000210]
plant_input_stage0: full=[0. 0. 0.], physical=[0. 0.]
solver time: 0.09084701538085938, path_s: 2.501863168029485, risk_margin_max: 0.00021041138200916332, solve_mode: fast
risk_margin_stages(active): [0:0.000210, 1:0.000210, 2:0.000210, 3:0.000210, 4:0.000210, 5:0.000210, 6:0.000210, 7:0.000210, 8:0.000210, 9:0.000210, 10:0.000210]
plant_input_stage0: full=[0.01057 0.      0.01033], physical=[0.01057 0.     ]
solver time: 0.1269242763519287, path_s: 2.501863168029485, risk_margin_max: 0.0021437818287562693, solve_mode: fast
risk_margin_stages(active): [0:0.000210, 1:0.000821, 2:0.001157, 3:0.001423, 4:0.001647, 5:0.001840, 6:0.002006, 7:0.002144, 8:0.001683, 9:0.001731, 10:0.001736]
plant_input_stage0: full=[0.01581 0.05356 0.02   ], physical=[0.01581 0.05356]
solver time: 0.09124517440795898, path_s: 2.502035782815887, risk_margin_max: 0.0035435047125290443, solve_mode: fast
risk_margin_stages(active): [0:0.000210, 1:0.001118, 2:0.001604, 3:0.001991, 4:0.002320, 5:0.001979, 6:0.002171, 7:0.002352, 8:0.002934, 9:0.003407, 10:0.003544]
plant_input_stage0: full=[0.02143 0.00036 0.03202], physical=[0.02143 0.00036]
solver time: 0.09365415573120117, path_s: 2.504140026815345, risk_margin_max: 0.005555603898476884, solve_mode: fast
risk_margin_stages(active): [0:0.000210, 1:0.001593, 2:0.002276, 3:0.002167, 4:0.002730, 5:0.003554, 6:0.004005, 7:0.004300, 8:0.004593, 9:0.005137, 10:0.005556]
plant_input_stage0: full=[ 0.03234 -0.07071  0.04345], physical=[ 0.03234 -0.07071]
solver time: 0.08553457260131836, path_s: 2.5123969817583913, risk_margin_max: 0.006977642197678093, solve_mode: fast
risk_margin_stages(active): [0:0.000210, 1:0.002371, 2:0.002731, 3:0.004049, 4:0.004662, 5:0.005225, 6:0.005725, 7:0.006141, 8:0.006495, 9:0.006776, 10:0.006978]
plant_input_stage0: full=[ 0.05533 -0.05932  0.04658], physical=[ 0.05533 -0.05932]
solver time: 0.0807960033416748, path_s: 2.5127396184271125, risk_margin_max: 0.006708657454337801, solve_mode: fast
risk_margin_stages(active): [0:0.000210, 1:0.002063, 2:0.003558, 3:0.004399, 4:0.005065, 5:0.005587, 6:0.005987, 7:0.006263, 8:0.006394, 9:0.006477, 10:0.006709]
plant_input_stage0: full=[ 0.05189 -0.13309  0.07124], physical=[ 0.05189 -0.13309]
solver time: 0.08701515197753906, path_s: 2.5229307954872975, risk_margin_max: 0.007055877129665604, solve_mode: fast
risk_margin_stages(active): [0:0.000199, 1:0.002839, 2:0.003920, 3:0.004707, 4:0.005314, 5:0.005761, 6:0.006028, 7:0.006063, 8:0.006318, 9:0.006678, 10:0.007056]
plant_input_stage0: full=[ 0.07259 -0.19684  0.06804], physical=[ 0.07259 -0.19684]
solver time: 0.07817769050598145, path_s: 2.533464609216203, risk_margin_max: 0.007789135818960223, solve_mode: fast
risk_margin_stages(active): [0:0.000211, 1:0.002908, 2:0.004025, 3:0.004793, 4:0.005294, 5:0.005502, 6:0.005744, 7:0.006204, 8:0.006746, 9:0.007297, 10:0.007789]
plant_input_stage0: full=[ 0.08927 -0.17242  0.07392], physical=[ 0.08927 -0.17242]
solver time: 0.08079791069030762, path_s: 2.5335868328848012, risk_margin_max: 0.009545500129951425, solve_mode: fast
risk_margin_stages(active): [0:0.000211, 1:0.003031, 2:0.004141, 3:0.004699, 4:0.004855, 5:0.005498, 6:0.006292, 7:0.007136, 8:0.007930, 9:0.008602, 10:0.009546]
plant_input_stage0: full=[ 0.09233 -0.06484  0.11518], physical=[ 0.09233 -0.06484]
solver time: 0.0846550464630127, path_s: 2.5439984229451094, risk_margin_max: 0.011744223494781204, solve_mode: fast
risk_margin_stages(active): [0:0.000211, 1:0.002813, 2:0.003558, 3:0.003949, 4:0.004895, 5:0.005970, 6:0.007016, 7:0.007901, 8:0.008820, 9:0.010079, 10:0.011744]
plant_input_stage0: full=[0.12076 0.09399 0.12488], physical=[0.12076 0.09399]
solver time: 0.07903027534484863, path_s: 2.5545322366740155, risk_margin_max: 0.01416957273436463, solve_mode: fast
risk_margin_stages(active): [0:0.000211, 1:0.001421, 2:0.002710, 3:0.004183, 4:0.005584, 5:0.006814, 6:0.007821, 7:0.008857, 8:0.010235, 9:0.012003, 10:0.014170]
plant_input_stage0: full=[0.14274 0.2569  0.13425], physical=[0.14274 0.2569 ]
solver time: 0.0891866683959961, path_s: 2.575599864131828, risk_margin_max: 0.01727380397437328, solve_mode: fast
risk_margin_stages(active): [0:0.000210, 1:0.003782, 2:0.005403, 3:0.006730, 4:0.007789, 5:0.008595, 6:0.009635, 7:0.010989, 8:0.012751, 9:0.014945, 10:0.017274]
plant_input_stage0: full=[0.1311  0.30476 0.09951], physical=[0.1311  0.30476]
solver time: 0.09113192558288574, path_s: 2.5861336778607336, risk_margin_max: 0.01942727195530849, solve_mode: fast
risk_margin_stages(active): [0:0.000210, 1:0.004113, 2:0.005906, 3:0.007304, 4:0.008483, 5:0.009532, 6:0.010980, 7:0.012894, 8:0.015114, 9:0.017372, 10:0.019427]
plant_input_stage0: full=[0.11722 0.57095 0.09876], physical=[0.11722 0.57095]
solver time: 0.08370852470397949, path_s: 2.5966674915896397, risk_margin_max: 0.023212204015826406, solve_mode: fast
risk_margin_stages(active): [0:0.000210, 1:0.004424, 2:0.006387, 3:0.008001, 4:0.009404, 5:0.010932, 6:0.012927, 7:0.015152, 8:0.017362, 9:0.019342, 10:0.023212]
plant_input_stage0: full=[0.10939 0.89147 0.09837], physical=[0.10939 0.89147]
solver time: 0.08591866493225098, path_s: 2.607201305318546, risk_margin_max: 0.02376051652423896, solve_mode: fast
risk_margin_stages(active): [0:0.000210, 1:0.004956, 2:0.007144, 3:0.009187, 4:0.011180, 5:0.013195, 6:0.015217, 7:0.017176, 8:0.018912, 9:0.020499, 10:0.023761]
plant_input_stage0: full=[0.11022 1.03217 0.10033], physical=[0.11022 1.03217]
solver time: 0.09238791465759277, path_s: 2.6177351190474516, risk_margin_max: 0.023513019001669844, solve_mode: fast
risk_margin_stages(active): [0:0.000210, 1:0.005742, 2:0.008207, 3:0.010402, 4:0.012468, 5:0.014440, 6:0.016293, 7:0.017950, 8:0.020579, 9:0.020890, 10:0.023513]
plant_input_stage0: full=[0.11791 0.88829 0.10079], physical=[0.11791 0.88829]
solver time: 0.09439325332641602, path_s: 2.6282689327763578, risk_margin_max: 0.021700130550179185, solve_mode: fast
risk_margin_stages(active): [0:0.000210, 1:0.006121, 2:0.008726, 3:0.010939, 4:0.012954, 5:0.015064, 6:0.016924, 7:0.018619, 8:0.020180, 9:0.020569, 10:0.021700]
plant_input_stage0: full=[0.11734 0.75844 0.09794], physical=[0.11734 0.75844]
solver time: 0.08838653564453125, path_s: 2.637523586742741, risk_margin_max: 0.02408762710731035, solve_mode: fast
risk_margin_stages(active): [0:0.000210, 1:0.006157, 2:0.008805, 3:0.011109, 4:0.013208, 5:0.015050, 6:0.017626, 7:0.019245, 8:0.021062, 9:0.022564, 10:0.024088]
plant_input_stage0: full=[0.11247 0.99715 0.09869], physical=[0.11247 0.99715]
solver time: 0.0693657398223877, path_s: 2.648502486288689, risk_margin_max: 0.01971970612339623, solve_mode: fast
risk_margin_stages(active): [0:0.000210, 1:0.006527, 2:0.009024, 3:0.011217, 4:0.013068, 5:0.014687, 6:0.016129, 7:0.017273, 8:0.018335, 9:0.019184, 10:0.019720]
plant_input_stage0: full=[0.11422 0.48321 0.09096], physical=[0.11422 0.48321]
solver time: 0.08159852027893066, path_s: 2.657761726842767, risk_margin_max: 0.022028760318817463, solve_mode: fast
risk_margin_stages(active): [0:0.000211, 1:0.006273, 2:0.008808, 3:0.010811, 4:0.012982, 5:0.014583, 6:0.016044, 7:0.017776, 8:0.019190, 9:0.020604, 10:0.022029]
plant_input_stage0: full=[0.10649 0.85559 0.08781], physical=[0.10649 0.85559]
solver time: 0.07516121864318848, path_s: 2.663608040571673, risk_margin_max: 0.01694777157908014, solve_mode: fast
risk_margin_stages(active): [0:0.000211, 1:0.005809, 2:0.008278, 3:0.010178, 4:0.011783, 5:0.013183, 6:0.014428, 7:0.015478, 8:0.016318, 9:0.016865, 10:0.016948]
plant_input_stage0: full=[0.10151 0.38452 0.09341], physical=[0.10151 0.38452]
solver time: 0.07773709297180176, path_s: 2.675300668029485, risk_margin_max: 0.020031289110415663, solve_mode: fast
risk_margin_stages(active): [0:0.000210, 1:0.005759, 2:0.008001, 3:0.010036, 4:0.011628, 5:0.013051, 6:0.014694, 7:0.016061, 8:0.017408, 9:0.018741, 10:0.020031]
plant_input_stage0: full=[0.0989 0.7093 0.08  ], physical=[0.0989 0.7093]
solver time: 0.07400298118591309, path_s: 2.6811469817583915, risk_margin_max: 0.014804563508868607, solve_mode: fast
risk_margin_stages(active): [0:0.000211, 1:0.005480, 2:0.007791, 3:0.009534, 4:0.010962, 5:0.012188, 6:0.013230, 7:0.014069, 8:0.014640, 9:0.014805, 10:0.014280]
plant_input_stage0: full=[0.09636 0.30859 0.08461], physical=[0.09636 0.30859]
solver time: 0.07181859016418457, path_s: 2.6904833569815216, risk_margin_max: 0.01838579096212996, solve_mode: fast
risk_margin_stages(active): [0:0.000211, 1:0.005166, 2:0.007391, 3:0.009096, 4:0.010742, 5:0.012160, 6:0.013512, 7:0.014825, 8:0.016103, 9:0.017321, 10:0.018386]
plant_input_stage0: full=[0.08938 0.59721 0.07706], physical=[0.08938 0.59721]
solver time: 0.07491493225097656, path_s: 2.6986859229451094, risk_margin_max: 0.013422971486140727, solve_mode: fast
risk_margin_stages(active): [0:0.000211, 1:0.005361, 2:0.007552, 3:0.009187, 4:0.010490, 5:0.011568, 6:0.012452, 7:0.013104, 8:0.013423, 9:0.012837, 10:0.011441]
plant_input_stage0: full=[0.09232 0.24709 0.07317], physical=[0.09232 0.24709]
solver time: 0.08201909065246582, path_s: 2.7045322366740154, risk_margin_max: 0.01460589647173404, solve_mode: fast
risk_margin_stages(active): [0:0.000211, 1:0.003924, 2:0.005656, 3:0.007051, 4:0.008283, 5:0.009412, 6:0.010465, 7:0.011461, 8:0.012404, 9:0.013736, 10:0.014606]
plant_input_stage0: full=[0.06983 0.23445 0.06707], physical=[0.06983 0.23445]
solver time: 0.07146739959716797, path_s: 2.7103785504029214, risk_margin_max: 0.013175586717504033, solve_mode: fast
risk_margin_stages(active): [0:0.000211, 1:0.004535, 2:0.006464, 3:0.007958, 4:0.009233, 5:0.010368, 6:0.011400, 7:0.012340, 8:0.013176, 9:0.012629, 10:0.010782]
plant_input_stage0: full=[0.07533 0.17125 0.07049], physical=[0.07533 0.17125]
solver time: 0.07997369766235352, path_s: 2.716224864131828, risk_margin_max: 0.010848664872993314, solve_mode: fast
risk_margin_stages(active): [0:0.000211, 1:0.003711, 2:0.005277, 3:0.006459, 4:0.007408, 5:0.008170, 6:0.008748, 7:0.009140, 8:0.009349, 9:0.010282, 10:0.010849]
plant_input_stage0: full=[0.06176 0.0993  0.06252], physical=[0.06176 0.0993 ]
solver time: 0.07895469665527344, path_s: 2.722071177860734, risk_margin_max: 0.011466255593165775, solve_mode: fast
risk_margin_stages(active): [0:0.000211, 1:0.003735, 2:0.005336, 3:0.006600, 4:0.007702, 5:0.008709, 6:0.009660, 7:0.010567, 8:0.011428, 9:0.011466, 10:0.009934]
plant_input_stage0: full=[0.0591  0.18073 0.06068], physical=[0.0591  0.18073]
solver time: 0.08039236068725586, path_s: 2.72791749158964, risk_margin_max: 0.009318013150263158, solve_mode: fast
risk_margin_stages(active): [0:0.000211, 1:0.003726, 2:0.005284, 3:0.006447, 4:0.007373, 5:0.008094, 6:0.008568, 7:0.008673, 8:0.008110, 9:0.008992, 10:0.009318]
plant_input_stage0: full=[0.05733 0.15873 0.05601], physical=[0.05733 0.15873]
solver time: 0.07935523986816406, path_s: 2.733763805318546, risk_margin_max: 0.010248443959172793, solve_mode: fast
risk_margin_stages(active): [0:0.000211, 1:0.003365, 2:0.004780, 3:0.005884, 4:0.006841, 5:0.007731, 6:0.008612, 7:0.009496, 8:0.010248, 9:0.010084, 10:0.008143]
plant_input_stage0: full=[0.05053 0.20881 0.05108], physical=[0.05053 0.20881]
solver time: 0.07802200317382812, path_s: 2.7396101190474518, risk_margin_max: 0.008541507330857739, solve_mode: fast
risk_margin_stages(active): [0:0.000211, 1:0.003701, 2:0.005230, 3:0.006382, 4:0.007322, 5:0.008074, 6:0.008542, 7:0.008331, 8:0.005470, 9:0.006727, 10:0.007363]
plant_input_stage0: full=[0.05333 0.23002 0.04781], physical=[0.05333 0.23002]
solver time: 0.07749152183532715, path_s: 2.7454564327763578, risk_margin_max: 0.008389887132398192, solve_mode: fast
risk_margin_stages(active): [0:0.000211, 1:0.003065, 2:0.004302, 3:0.005221, 4:0.005978, 5:0.006686, 6:0.007491, 7:0.008390, 8:0.007785, 9:0.006937, 10:0.004930]
plant_input_stage0: full=[0.0435  0.28313 0.04019], physical=[0.0435  0.28313]
solver time: 0.06779050827026367, path_s: 2.7513027465052637, risk_margin_max: 0.009427600202895976, solve_mode: fast
risk_margin_stages(active): [0:0.000211, 1:0.003909, 2:0.005501, 3:0.006725, 4:0.007773, 5:0.008698, 6:0.009428, 7:0.009240, 8:0.001003, 9:0.003670, 10:0.004958]
plant_input_stage0: full=[0.05301 0.30146 0.04132], physical=[0.05301 0.30146]
solver time: 0.07914566993713379, path_s: 2.75714906023417, risk_margin_max: 0.004957506920433475, solve_mode: fast
risk_margin_stages(active): [0:0.000211, 1:0.002495, 2:0.003376, 3:0.003803, 4:0.003743, 5:0.003185, 6:0.003077, 7:0.004958, 8:0.003103, 9:0.002961, 10:0.002726]
plant_input_stage0: full=[0.03599 0.33001 0.02719], physical=[0.03599 0.33001]
solver time: 0.08847451210021973, path_s: 2.75714906023417, risk_margin_max: 0.007911346579475238, solve_mode: fast
risk_margin_stages(active): [0:0.000211, 1:0.002493, 2:0.003641, 3:0.004655, 4:0.005655, 5:0.006566, 6:0.007299, 7:0.007911, 8:0.000730, 9:0.002830, 10:0.003931]
plant_input_stage0: full=[0.03215 0.21035 0.04032], physical=[0.03215 0.21035]
solver time: 0.10873675346374512, path_s: 2.762995373963076, risk_margin_max: 0.006369267484994841, solve_mode: fast
risk_margin_stages(active): [0:0.000211, 1:0.003942, 2:0.005458, 3:0.006369, 4:0.006302, 5:0.004038, 6:0.002209, 7:0.000625, 8:0.003092, 9:0.004191, 10:0.004441]
plant_input_stage0: full=[0.05276 0.2321  0.03553], physical=[0.05276 0.2321 ]
solver time: 0.09901094436645508, path_s: 2.768841687691982, risk_margin_max: 0.003315434189481457, solve_mode: fast
risk_margin_stages(active): [0:0.000211, 1:0.000249, 2:0.000362, 3:0.000462, 4:0.002989, 5:0.000563, 6:0.002091, 7:0.002737, 8:0.001706, 9:0.001604, 10:0.003315]
plant_input_stage0: full=[0.02632 0.29348 0.02628], physical=[0.02632 0.29348]
solver time: 0.08419418334960938, path_s: 2.768841687691982, risk_margin_max: 0.006200847615011108, solve_mode: fast
risk_margin_stages(active): [0:0.000211, 1:0.000966, 2:0.001801, 3:0.003012, 4:0.006201, 5:0.000460, 6:0.000522, 7:0.000598, 8:0.002854, 9:0.003411, 10:0.003234]
plant_input_stage0: full=[0.01545 0.22518 0.03234], physical=[0.01545 0.22518]
solver time: 0.08029484748840332, path_s: 2.768841687691982, risk_margin_max: 0.006321672327030843, solve_mode: fast
risk_margin_stages(active): [0:0.000211, 1:0.003397, 2:0.005010, 3:0.006322, 4:0.000422, 5:0.002538, 6:0.000541, 7:0.002595, 8:0.000661, 9:0.001932, 10:0.003139]
plant_input_stage0: full=[0.05978 0.28355 0.05458], physical=[0.05978 0.28355]
solver time: 0.08427047729492188, path_s: 2.780534315149794, risk_margin_max: 0.002617583747187072, solve_mode: fast
risk_margin_stages(active): [0:0.000211, 1:0.000444, 2:0.000399, 3:0.002051, 4:0.000528, 5:0.001984, 6:0.002186, 7:0.000649, 8:0.001901, 9:0.002618, 10:0.001593]
plant_input_stage0: full=[0.02997 0.3872  0.02753], physical=[0.02997 0.3872 ]
solver time: 0.08644461631774902, path_s: 2.780534315149794, risk_margin_max: 0.005124175323866352, solve_mode: fast
risk_margin_stages(active): [0:0.000210, 1:0.001791, 2:0.002525, 3:0.005124, 4:0.000340, 5:0.004427, 6:0.000433, 7:0.002342, 8:0.001728, 9:0.000603, 10:0.002149]
plant_input_stage0: full=[0.02122 0.26604 0.03559], physical=[0.02122 0.26604]
solver time: 0.13995909690856934, path_s: 2.7863806288787, risk_margin_max: 0.0054163139080676635, solve_mode: fast
risk_margin_stages(active): [0:0.000210, 1:0.003831, 2:0.005416, 3:0.000265, 4:0.002080, 5:0.000361, 6:0.002079, 7:0.000469, 8:0.001390, 9:0.001813, 10:0.002129]
plant_input_stage0: full=[0.04864 0.23911 0.02958], physical=[0.04864 0.23911]
solver time: 0.08876442909240723, path_s: 2.791108643631492, risk_margin_max: 0.0024797932080726525, solve_mode: fast
risk_margin_stages(active): [0:0.000210, 1:0.001868, 2:0.002254, 3:0.000307, 4:0.001529, 5:0.000412, 6:0.000467, 7:0.001770, 8:0.002480, 9:0.000629, 10:0.001383]
plant_input_stage0: full=[0.02798 0.32626 0.02827], physical=[0.02798 0.32626]
solver time: 0.08925294876098633, path_s: 2.793606855655874, risk_margin_max: 0.005015884557814443, solve_mode: fast
risk_margin_stages(active): [0:0.000210, 1:0.003444, 2:0.005016, 3:0.000165, 4:0.000218, 5:0.001873, 6:0.002001, 7:0.000379, 8:0.000432, 9:0.000487, 10:0.001657]
plant_input_stage0: full=[0.03544 0.2129  0.02943], physical=[0.03544 0.2129 ]
solver time: 0.09067225456237793, path_s: 2.7967171291860997, risk_margin_max: 0.0018868475541776765, solve_mode: fast
risk_margin_stages(active): [0:0.000210, 1:0.001864, 2:0.000139, 3:0.000171, 4:0.001536, 5:0.000245, 6:0.000653, 7:0.001683, 8:0.000383, 9:0.001534, 10:0.001887]
plant_input_stage0: full=[0.02247 0.19022 0.02158], physical=[0.02247 0.19022]
solver time: 0.09034204483032227, path_s: 2.798666118691311, risk_margin_max: 0.003010917630482824, solve_mode: fast
risk_margin_stages(active): [0:0.000210, 1:0.000101, 2:0.000148, 3:0.001373, 4:0.000229, 5:0.001475, 6:0.002232, 7:0.003011, 8:0.000355, 9:0.000403, 10:0.001814]
plant_input_stage0: full=[0.01114 0.19706 0.01885], physical=[0.01114 0.19706]
solver time: 0.09026455879211426, path_s: 2.7996217525145632, risk_margin_max: 0.0037769113125365556, solve_mode: fast
risk_margin_stages(active): [0:0.000210, 1:0.000072, 2:0.001306, 3:0.000132, 4:0.001518, 5:0.003322, 6:0.002940, 7:0.003777, 8:0.000303, 9:0.001427, 10:0.002087]
plant_input_stage0: full=[0.00538 0.14657 0.02012], physical=[0.00538 0.14657]
solver time: 0.08426904678344727, path_s: 2.8000779363027903, risk_margin_max: 0.00287276466558126, solve_mode: fast
risk_margin_stages(active): [0:0.000210, 1:0.000908, 2:0.000156, 3:0.001117, 4:0.001765, 5:0.000271, 6:0.002873, 7:0.002433, 8:0.000363, 9:0.001100, 10:0.001483]
plant_input_stage0: full=[0.00953 0.20638 0.02573], physical=[0.00953 0.20638]
solver time: 0.08504009246826172, path_s: 2.8039195700654185, risk_margin_max: 0.001859482884771916, solve_mode: fast
risk_margin_stages(active): [0:0.000210, 1:0.000047, 2:0.001271, 3:0.000085, 4:0.000116, 5:0.001470, 6:0.000168, 7:0.000211, 8:0.001368, 9:0.001614, 10:0.001859]
plant_input_stage0: full=[0.00455 0.11975 0.01471], physical=[0.00455 0.11975]
solver time: 0.07935261726379395, path_s: 2.8039195700654185, risk_margin_max: 0.0029703142157393864, solve_mode: fast
risk_margin_stages(active): [0:0.000210, 1:0.000705, 2:0.002786, 3:0.000096, 4:0.001018, 5:0.002970, 6:0.000156, 7:0.001207, 8:0.000211, 9:0.001690, 10:0.002161]
plant_input_stage0: full=[0.00688 0.09065 0.01597], physical=[0.00688 0.09065]
solver time: 0.08572030067443848, path_s: 2.8039195700654185, risk_margin_max: 0.0027886502139028205, solve_mode: fast
risk_margin_stages(active): [0:0.000210, 1:0.002293, 2:0.001390, 3:0.000161, 4:0.002369, 5:0.002789, 6:0.000179, 7:0.000990, 8:0.000239, 9:0.000270, 10:0.001104]
plant_input_stage0: full=[0.03855 0.27048 0.03248], physical=[0.03855 0.27048]
solver time: 0.09145951271057129, path_s: 2.809858040571673, risk_margin_max: 0.0031529105359201204, solve_mode: fast
risk_margin_stages(active): [0:0.000210, 1:0.000643, 2:0.003056, 3:0.000159, 4:0.000217, 5:0.003153, 6:0.000213, 7:0.000241, 8:0.000323, 9:0.001029, 10:0.001630]
plant_input_stage0: full=[0.01971 0.23213 0.02579], physical=[0.01971 0.23213]
solver time: 0.10056352615356445, path_s: 2.811954354300579, risk_margin_max: 0.002254877150177186, solve_mode: fast
risk_margin_stages(active): [0:0.000210, 1:0.002255, 2:0.000000, 3:0.000000, 4:0.001232, 5:0.000000, 6:0.000000, 7:0.000520, 8:0.001211, 9:0.001807, 10:0.001744]
plant_input_stage0: full=[0.0222  0.098   0.01948], physical=[0.0222 0.098 ]
Acados solver failed with status 4
Acados residuals [stat, eq, ineq, comp]: [    nan 0.0098  0.      0.00007]
Acados SQP iterations: 1
Fast SQP_RTI solver failed with status 4. Starting infeasible recovery.
Backup SQP_WITH_FEASIBLE_QP solver returned status 1; falling back to safe stop.
Applied nominal_safe_controller safe-stop plan after infeasible RMPCC-PV solve.
solver time: 0.15515995025634766, path_s: 2.814050668029485, risk_margin_max: 0.00021043107893191167, solve_mode: safe_stop
risk_margin_stages(active): [0:0.000210, 1:0.000210, 2:0.000210, 3:0.000210, 4:0.000210, 5:0.000210, 6:0.000210, 7:0.000210, 8:0.000210, 9:0.000210, 10:0.000210]
plant_input_stage0: full=[0. 0. 0.], physical=[0. 0.]
solver time: 0.09656810760498047, path_s: 2.814050668029485, risk_margin_max: 0.00021043107845524988, solve_mode: fast
risk_margin_stages(active): [0:0.000210, 1:0.000210, 2:0.000210, 3:0.000210, 4:0.000210, 5:0.000210, 6:0.000210, 7:0.000210, 8:0.000210, 9:0.000210, 10:0.000210]
plant_input_stage0: full=[ 0.01206 -0.       0.00992], physical=[ 0.01206 -0.     ]
solver time: 0.08830761909484863, path_s: 2.8155494972176043, risk_margin_max: 0.0009784615713104743, solve_mode: fast
risk_margin_stages(active): [0:0.000210, 1:0.000600, 2:0.000843, 3:0.000978, 4:0.000957, 5:0.000875, 6:0.000799, 7:0.000732, 8:0.000675, 9:0.000633, 10:0.000607]
plant_input_stage0: full=[0.00738 0.39666 0.00766], physical=[0.00738 0.39666]
solver time: 0.13820624351501465, path_s: 2.8161469817583913, risk_margin_max: 0.0015491070110725128, solve_mode: fast
risk_margin_stages(active): [0:0.000210, 1:0.000358, 2:0.000000, 3:0.000000, 4:0.000910, 5:0.001392, 6:0.001549, 7:0.001429, 8:0.001263, 9:0.001098, 10:0.000927]
plant_input_stage0: full=[0.00428 0.19816 0.00674], physical=[0.00428 0.19816]
Acados solver failed with status 4
Acados residuals [stat, eq, ineq, comp]: [    nan 0.01982 0.00031 0.     ]
Acados SQP iterations: 1
Fast SQP_RTI solver failed with status 4. Starting infeasible recovery.
Backup SQP_WITH_FEASIBLE_QP solver returned status 1; falling back to safe stop.
Applied nominal_safe_controller safe-stop plan after infeasible RMPCC-PV solve.
solver time: 0.13590741157531738, path_s: 2.8166152480445197, risk_margin_max: 0.00021043307168704527, solve_mode: safe_stop
risk_margin_stages(active): [0:0.000210, 1:0.000210, 2:0.000210, 3:0.000210, 4:0.000210, 5:0.000210, 6:0.000210, 7:0.000210, 8:0.000210, 9:0.000210, 10:0.000210]
plant_input_stage0: full=[0. 0. 0.], physical=[0. 0.]
solver time: 0.07730627059936523, path_s: 2.8166152480445197, risk_margin_max: 0.0002104330714770635, solve_mode: fast
risk_margin_stages(active): [0:0.000210, 1:0.000210, 2:0.000210, 3:0.000210, 4:0.000210, 5:0.000210, 6:0.000210, 7:0.000210, 8:0.000210, 9:0.000210, 10:0.000210]
plant_input_stage0: full=[ 0.01172 -0.       0.0101 ], physical=[ 0.01172 -0.     ]
solver time: 0.07242226600646973, path_s: 2.8177068924722515, risk_margin_max: 0.0008428833168126086, solve_mode: fast
risk_margin_stages(active): [0:0.000210, 1:0.000516, 2:0.000731, 3:0.000843, 4:0.000790, 5:0.000696, 6:0.000605, 7:0.000517, 8:0.000436, 9:0.000366, 10:0.000313]
plant_input_stage0: full=[0.00687 0.34034 0.00884], physical=[0.00687 0.34034]
solver time: 0.07934856414794922, path_s: 2.8183469908016496, risk_margin_max: 0.0011502451375442874, solve_mode: fast
risk_margin_stages(active): [0:0.000210, 1:0.000439, 2:0.000000, 3:0.000000, 4:0.000830, 5:0.001150, 6:0.001127, 7:0.000949, 8:0.000771, 9:0.000595, 10:0.000417]
plant_input_stage0: full=[0.00461 0.17013 0.00733], physical=[0.00461 0.17013]
Acados solver failed with status 4
Acados residuals [stat, eq, ineq, comp]: [    nan 0.01701 0.00043 0.00003]
Acados SQP iterations: 1
Fast SQP_RTI solver failed with status 4. Starting infeasible recovery.
Backup SQP_WITH_FEASIBLE_QP solver returned status 1; falling back to safe stop.
Applied nominal_safe_controller safe-stop plan after infeasible RMPCC-PV solve.
solver time: 0.1166996955871582, path_s: 2.81878167363019, risk_margin_max: 0.00021043370285150488, solve_mode: safe_stop
risk_margin_stages(active): [0:0.000210, 1:0.000210, 2:0.000210, 3:0.000210, 4:0.000210, 5:0.000210, 6:0.000210, 7:0.000210, 8:0.000210, 9:0.000210, 10:0.000210]
plant_input_stage0: full=[0. 0. 0.], physical=[0. 0.]
solver time: 0.0753946304321289, path_s: 2.81878167363019, risk_margin_max: 0.00021043370274207007, solve_mode: fast
risk_margin_stages(active): [0:0.000210, 1:0.000210, 2:0.000210, 3:0.000210, 4:0.000210, 5:0.000210, 6:0.000210, 7:0.000210, 8:0.000210, 9:0.000210, 10:0.000210]
plant_input_stage0: full=[ 0.01082 -0.       0.01079], physical=[ 0.01082 -0.     ]
solver time: 0.07941913604736328, path_s: 2.8203396092162034, risk_margin_max: 0.0008272201605461617, solve_mode: fast
risk_margin_stages(active): [0:0.000210, 1:0.000723, 2:0.000827, 3:0.000767, 4:0.000679, 5:0.000589, 6:0.000498, 7:0.000405, 8:0.000310, 9:0.000209, 10:0.000092]
plant_input_stage0: full=[0.0079  0.25512 0.00811], physical=[0.0079  0.25512]
solver time: 0.07834410667419434, path_s: 2.8205584369340544, risk_margin_max: 0.001087981525761639, solve_mode: fast
risk_margin_stages(active): [0:0.000210, 1:0.000022, 2:0.000017, 3:0.000769, 4:0.001062, 5:0.001088, 6:0.000937, 7:0.000782, 8:0.000621, 9:0.000447, 10:0.000240]
plant_input_stage0: full=[0.00364 0.12802 0.0086 ], physical=[0.00364 0.12802]
solver time: 0.08255219459533691, path_s: 2.8224359229451093, risk_margin_max: 0.0009168157237891636, solve_mode: fast
risk_margin_stages(active): [0:0.000210, 1:0.000034, 2:0.000242, 3:0.000055, 4:0.000069, 5:0.000109, 6:0.000067, 7:0.000692, 8:0.000917, 9:0.000797, 10:0.000536]
plant_input_stage0: full=[0.00111 0.07555 0.00477], physical=[0.00111 0.07555]
solver time: 0.07248997688293457, path_s: 2.8224359229451093, risk_margin_max: 0.0012254831988962839, solve_mode: fast
risk_margin_stages(active): [0:0.000210, 1:0.000351, 2:0.000903, 3:0.000434, 4:0.000022, 5:0.000580, 6:0.000000, 7:0.000000, 8:0.001225, 9:0.000582, 10:0.000090]
plant_input_stage0: full=[0.00473 0.03638 0.00752], physical=[0.00473 0.03638]
Acados solver failed with status 4
Acados residuals [stat, eq, ineq, comp]: [    nan 0.00364 0.      0.0001 ]
Acados SQP iterations: 1
Fast SQP_RTI solver failed with status 4. Starting infeasible recovery.
Backup SQP_WITH_FEASIBLE_QP solver returned status 1; falling back to safe stop.
Applied nominal_safe_controller safe-stop plan after infeasible RMPCC-PV solve.
solver time: 0.13483905792236328, path_s: 2.8224359229451093, risk_margin_max: 0.00021043221967194462, solve_mode: safe_stop
risk_margin_stages(active): [0:0.000210, 1:0.000210, 2:0.000210, 3:0.000210, 4:0.000210, 5:0.000210, 6:0.000210, 7:0.000210, 8:0.000210, 9:0.000210, 10:0.000210]
plant_input_stage0: full=[0. 0. 0.], physical=[0. 0.]
solver time: 0.08159089088439941, path_s: 2.8224359229451093, risk_margin_max: 0.00021044492990845566, solve_mode: fast
risk_margin_stages(active): [0:0.000210, 1:0.000210, 2:0.000210, 3:0.000210, 4:0.000210, 5:0.000210, 6:0.000210, 7:0.000210, 8:0.000210, 9:0.000210, 10:0.000210]
plant_input_stage0: full=[ 0.0117  -0.00005  0.00996], physical=[ 0.0117  -0.00005]
solver time: 0.07812809944152832, path_s: 2.8245322366740155, risk_margin_max: 0.0006461202782074787, solve_mode: fast
risk_margin_stages(active): [0:0.000210, 1:0.000560, 2:0.000636, 3:0.000646, 4:0.000614, 5:0.000556, 6:0.000495, 7:0.000435, 8:0.000379, 9:0.000328, 10:0.000291]
plant_input_stage0: full=[0.00727 0.1493  0.00497], physical=[0.00727 0.1493 ]
solver time: 0.07535290718078613, path_s: 2.8245322366740155, risk_margin_max: 0.0009467369836675462, solve_mode: fast
risk_margin_stages(active): [0:0.000210, 1:0.000025, 2:0.000025, 3:0.000493, 4:0.000799, 5:0.000947, 6:0.000852, 7:0.000749, 8:0.000633, 9:0.000504, 10:0.000353]
plant_input_stage0: full=[0.00326 0.0749  0.00548], physical=[0.00326 0.0749 ]
solver time: 0.08085083961486816, path_s: 2.8245322366740155, risk_margin_max: 0.0010534423077584688, solve_mode: fast
risk_margin_stages(active): [0:0.000210, 1:0.000029, 2:0.000263, 3:0.001053, 4:0.000026, 5:0.000026, 6:0.000794, 7:0.001017, 8:0.001038, 9:0.000936, 10:0.000751]
plant_input_stage0: full=[0.00081 0.03768 0.00669], physical=[0.00081 0.03768]
solver time: 0.08545804023742676, path_s: 2.8245322366740155, risk_margin_max: 0.0014126646125532244, solve_mode: fast
risk_margin_stages(active): [0:0.000210, 1:0.000286, 2:0.000830, 3:0.001413, 4:0.000028, 5:0.000266, 6:0.000026, 7:0.000029, 8:0.001223, 9:0.000671, 10:0.000046]
plant_input_stage0: full=[0.00327 0.01697 0.01188], physical=[0.00327 0.01697]
solver time: 0.08078432083129883, path_s: 2.8245322366740155, risk_margin_max: 0.0013643807982337765, solve_mode: fast
risk_margin_stages(active): [0:0.000210, 1:0.000876, 2:0.000715, 3:0.001364, 4:0.000028, 5:0.000750, 6:0.000041, 7:0.000229, 8:0.000073, 9:0.000081, 10:0.000161]
plant_input_stage0: full=[ 0.01532 -0.02731  0.01456], physical=[ 0.01532 -0.02731]
solver time: 0.08216977119445801, path_s: 2.8266285504029214, risk_margin_max: 0.0012742557681236985, solve_mode: fast
risk_margin_stages(active): [0:0.000210, 1:0.000026, 2:0.001274, 3:0.000031, 4:0.000275, 5:0.000045, 6:0.000197, 7:0.000645, 8:0.000072, 9:0.000088, 10:0.000371]
plant_input_stage0: full=[ 0.00748 -0.01363  0.01042], physical=[ 0.00748 -0.01363]
solver time: 0.0854024887084961, path_s: 2.8287248641318277, risk_margin_max: 0.0011832984764641593, solve_mode: fast
risk_margin_stages(active): [0:0.000210, 1:0.000279, 2:0.001183, 3:0.000033, 4:0.000756, 5:0.000041, 6:0.000595, 7:0.000728, 8:0.000065, 9:0.000322, 10:0.000510]
plant_input_stage0: full=[ 0.00405 -0.00183  0.01216], physical=[ 0.00405 -0.00183]
solver time: 0.08182430267333984, path_s: 2.8287248641318277, risk_margin_max: 0.001509937972629093, solve_mode: fast
risk_margin_stages(active): [0:0.000210, 1:0.000896, 2:0.001510, 3:0.000000, 4:0.001258, 5:0.000029, 6:0.000031, 7:0.000034, 8:0.000400, 9:0.000850, 10:0.001029]
plant_input_stage0: full=[ 0.01482 -0.0641   0.01722], physical=[ 0.01482 -0.0641 ]
Acados solver failed with status 4
Acados residuals [stat, eq, ineq, comp]: [    nan 0.00641 0.      0.00007]
Acados SQP iterations: 1
Fast SQP_RTI solver failed with status 4. Starting infeasible recovery.
Backup SQP_WITH_FEASIBLE_QP solver returned status 1; falling back to safe stop.
Applied nominal_safe_controller safe-stop plan after infeasible RMPCC-PV solve.
solver time: 0.13269972801208496, path_s: 2.8287248641318277, risk_margin_max: 0.0002104158791708248, solve_mode: safe_stop
risk_margin_stages(active): [0:0.000210, 1:0.000210, 2:0.000210, 3:0.000210, 4:0.000210, 5:0.000210, 6:0.000210, 7:0.000210, 8:0.000210, 9:0.000210, 10:0.000210]
plant_input_stage0: full=[0. 0. 0.], physical=[0. 0.]
solver time: 0.08051586151123047, path_s: 2.8287248641318277, risk_margin_max: 0.0002104167032402094, solve_mode: fast
risk_margin_stages(active): [0:0.000210, 1:0.000210, 2:0.000210, 3:0.000210, 4:0.000210, 5:0.000210, 6:0.000210, 7:0.000210, 8:0.000210, 9:0.000210, 10:0.000210]
plant_input_stage0: full=[ 0.00966 -0.       0.01182], physical=[ 0.00966 -0.     ]
solver time: 0.08091139793395996, path_s: 2.8308211778607335, risk_margin_max: 0.000717310722598414, solve_mode: fast
risk_margin_stages(active): [0:0.000210, 1:0.000717, 2:0.000663, 3:0.000607, 4:0.000557, 5:0.000513, 6:0.000478, 7:0.000455, 8:0.000444, 9:0.000448, 10:0.000465]
plant_input_stage0: full=[0.00833 0.23223 0.00698], physical=[0.00833 0.23223]
solver time: 0.07997345924377441, path_s: 2.8308211778607335, risk_margin_max: 0.0009463904856025991, solve_mode: fast
risk_margin_stages(active): [0:0.000210, 1:0.000024, 2:0.000778, 3:0.000946, 4:0.000895, 5:0.000824, 6:0.000756, 7:0.000692, 8:0.000630, 9:0.000554, 10:0.000442]
plant_input_stage0: full=[0.00379 0.11633 0.00919], physical=[0.00379 0.11633]
solver time: 0.07773876190185547, path_s: 2.83291749158964, risk_margin_max: 0.0010145206317872094, solve_mode: fast
risk_margin_stages(active): [0:0.000210, 1:0.000241, 2:0.000026, 3:0.000025, 4:0.000673, 5:0.000943, 6:0.001015, 7:0.001001, 8:0.000977, 9:0.000925, 10:0.000835]
plant_input_stage0: full=[0.00217 0.05773 0.00482], physical=[0.00217 0.05773]
solver time: 0.0738372802734375, path_s: 2.83291749158964, risk_margin_max: 0.0009287349489920803, solve_mode: fast
risk_margin_stages(active): [0:0.000210, 1:0.000713, 2:0.000027, 3:0.000236, 4:0.000826, 5:0.000029, 6:0.000898, 7:0.000929, 8:0.000912, 9:0.000665, 10:0.000036]
plant_input_stage0: full=[0.0173  0.02103 0.00892], physical=[0.0173  0.02103]
solver time: 0.07055401802062988, path_s: 2.8350138053185456, risk_margin_max: 0.0010766122446371476, solve_mode: fast
risk_margin_stages(active): [0:0.000210, 1:0.001077, 2:0.000029, 3:0.000632, 4:0.000035, 5:0.000204, 6:0.000599, 7:0.000062, 8:0.000062, 9:0.000061, 10:0.000180]
plant_input_stage0: full=[0.01382 0.0161  0.0103 ], physical=[0.01382 0.0161 ]
solver time: 0.07467222213745117, path_s: 2.8350138053185456, risk_margin_max: 0.001103339797397539, solve_mode: fast
risk_margin_stages(active): [0:0.000210, 1:0.001103, 2:0.000031, 3:0.000036, 4:0.000250, 5:0.000542, 6:0.000728, 7:0.000279, 8:0.000065, 9:0.000073, 10:0.000329]
plant_input_stage0: full=[0.01372 0.09431 0.01122], physical=[0.01372 0.09431]
solver time: 0.07290506362915039, path_s: 2.837110119047452, risk_margin_max: 0.0008146510274216704, solve_mode: fast
risk_margin_stages(active): [0:0.000210, 1:0.000028, 2:0.000252, 3:0.000033, 4:0.000635, 5:0.000806, 6:0.000815, 7:0.000586, 8:0.000054, 9:0.000061, 10:0.000466]
plant_input_stage0: full=[0.00659 0.07705 0.00541], physical=[0.00659 0.07705]
solver time: 0.07485008239746094, path_s: 2.837110119047452, risk_margin_max: 0.0005870597720872025, solve_mode: fast
risk_margin_stages(active): [0:0.000210, 1:0.000029, 2:0.000033, 3:0.000243, 4:0.000042, 5:0.000047, 6:0.000291, 7:0.000037, 8:0.000250, 9:0.000261, 10:0.000587]
plant_input_stage0: full=[0.00273 0.09443 0.00684], physical=[0.00273 0.09443]
solver time: 0.07835793495178223, path_s: 2.837110119047452, risk_margin_max: 0.0007354387268481889, solve_mode: fast
risk_margin_stages(active): [0:0.000210, 1:0.000026, 2:0.000252, 3:0.000638, 4:0.000025, 5:0.000289, 6:0.000655, 7:0.000014, 8:0.000013, 9:0.000582, 10:0.000735]
plant_input_stage0: full=[0.00001 0.04747 0.00745], physical=[0.00001 0.04747]
solver time: 0.0760183334350586, path_s: 2.837110119047452, risk_margin_max: 0.0009685775974253367, solve_mode: fast
risk_margin_stages(active): [0:0.000210, 1:0.000226, 2:0.000659, 3:0.000923, 4:0.000027, 5:0.000675, 6:0.000868, 7:0.000021, 8:0.000154, 9:0.000014, 10:0.000969]
plant_input_stage0: full=[0.04231 0.02279 0.02225], physical=[0.04231 0.02279]
solver time: 0.06973481178283691, path_s: 2.841302746505264, risk_margin_max: 0.0010084423660846095, solve_mode: fast
risk_margin_stages(active): [0:0.000210, 1:0.000027, 2:0.000078, 3:0.000948, 4:0.000026, 5:0.000026, 6:0.000871, 7:0.000026, 8:0.000529, 9:0.000170, 10:0.001008]
plant_input_stage0: full=[0.02106 0.10563 0.01437], physical=[0.02106 0.10563]
solver time: 0.06454873085021973, path_s: 2.84339906023417, risk_margin_max: 0.0012381041868903798, solve_mode: fast
risk_margin_stages(active): [0:0.000210, 1:0.000027, 2:0.000387, 3:0.000026, 4:0.000229, 5:0.000228, 6:0.000844, 7:0.000000, 8:0.000000, 9:0.000605, 10:0.001238]
plant_input_stage0: full=[0.01032 0.12366 0.01111], physical=[0.01032 0.12366]
Acados solver failed with status 4
Acados residuals [stat, eq, ineq, comp]: [    nan 0.01237 0.      0.00003]
Acados SQP iterations: 1
Fast SQP_RTI solver failed with status 4. Starting infeasible recovery.
Backup SQP_WITH_FEASIBLE_QP solver returned status 1; falling back to safe stop.
Applied nominal_safe_controller safe-stop plan after infeasible RMPCC-PV solve.
solver time: 0.12052559852600098, path_s: 2.845495373963076, risk_margin_max: 0.00021040532924658666, solve_mode: safe_stop
risk_margin_stages(active): [0:0.000210, 1:0.000210, 2:0.000210, 3:0.000210, 4:0.000210, 5:0.000210, 6:0.000210, 7:0.000210, 8:0.000210, 9:0.000210, 10:0.000210]
plant_input_stage0: full=[0. 0. 0.], physical=[0. 0.]
solver time: 0.07514476776123047, path_s: 2.845495373963076, risk_margin_max: 0.00021040532926976227, solve_mode: fast
risk_margin_stages(active): [0:0.000210, 1:0.000210, 2:0.000210, 3:0.000210, 4:0.000210, 5:0.000210, 6:0.000210, 7:0.000210, 8:0.000210, 9:0.000210, 10:0.000210]
plant_input_stage0: full=[0.01184 0.      0.0095 ], physical=[0.01184 0.     ]
solver time: 0.07042217254638672, path_s: 2.845495373963076, risk_margin_max: 0.0008946941025560248, solve_mode: fast
risk_margin_stages(active): [0:0.000210, 1:0.000069, 2:0.000291, 3:0.000495, 4:0.000637, 5:0.000705, 6:0.000737, 7:0.000773, 8:0.000811, 9:0.000852, 10:0.000895]
plant_input_stage0: full=[0.00556 0.17068 0.01026], physical=[0.00556 0.17068]
solver time: 0.08112001419067383, path_s: 2.847591687691982, risk_margin_max: 0.0012656980018649585, solve_mode: fast
risk_margin_stages(active): [0:0.000210, 1:0.000374, 2:0.000733, 3:0.000863, 4:0.000894, 5:0.001007, 6:0.001103, 7:0.001143, 8:0.001184, 9:0.001225, 10:0.001266]
plant_input_stage0: full=[0.00476 0.08456 0.00476], physical=[0.00476 0.08456]
solver time: 0.08021783828735352, path_s: 2.847591687691982, risk_margin_max: 0.001490819878804289, solve_mode: fast
risk_margin_stages(active): [0:0.000210, 1:0.000806, 2:0.000027, 3:0.000440, 4:0.001011, 5:0.001002, 6:0.000990, 7:0.001214, 8:0.001345, 9:0.001417, 10:0.001491]
plant_input_stage0: full=[0.01704 0.0608  0.00903], physical=[0.01704 0.0608 ]
solver time: 0.12250423431396484, path_s: 2.849688001420888, risk_margin_max: 0.0020317828395907257, solve_mode: fast
risk_margin_stages(active): [0:0.000210, 1:0.000680, 2:0.000083, 3:0.000882, 4:0.000037, 5:0.000684, 6:0.000957, 7:0.001265, 8:0.001577, 9:0.001817, 10:0.002032]
plant_input_stage0: full=[0.01155 0.13074 0.01209], physical=[0.01155 0.13074]
solver time: 0.07985782623291016, path_s: 2.849688001420888, risk_margin_max: 0.002052521154095047, solve_mode: fast
risk_margin_stages(active): [0:0.000210, 1:0.001047, 2:0.000031, 3:0.000032, 4:0.000311, 5:0.000777, 6:0.000969, 7:0.001465, 8:0.001718, 9:0.001880, 10:0.002053]
plant_input_stage0: full=[0.01699 0.10473 0.01338], physical=[0.01699 0.10473]
solver time: 0.07864260673522949, path_s: 2.851784315149794, risk_margin_max: 0.0021085730323891307, solve_mode: fast
risk_margin_stages(active): [0:0.000210, 1:0.000029, 2:0.000277, 3:0.000290, 4:0.000877, 5:0.001176, 6:0.001450, 7:0.001472, 8:0.001718, 9:0.001944, 10:0.002109]
plant_input_stage0: full=[0.00816 0.10245 0.00885], physical=[0.00816 0.10245]
solver time: 0.08426761627197266, path_s: 2.851784315149794, risk_margin_max: 0.00225922862041288, solve_mode: fast
risk_margin_stages(active): [0:0.000210, 1:0.000029, 2:0.000609, 3:0.000856, 4:0.000749, 5:0.001215, 6:0.001481, 7:0.001766, 8:0.001926, 9:0.002088, 10:0.002259]
plant_input_stage0: full=[0.00338 0.1124  0.01239], physical=[0.00338 0.1124 ]
solver time: 0.0820462703704834, path_s: 2.8538806288787, risk_margin_max: 0.002320242894720238, solve_mode: fast
risk_margin_stages(active): [0:0.000210, 1:0.000277, 2:0.000735, 3:0.000914, 4:0.001308, 5:0.001477, 6:0.001702, 7:0.001782, 8:0.001989, 9:0.002154, 10:0.002320]
plant_input_stage0: full=[0.00304 0.1006  0.00632], physical=[0.00304 0.1006 ]
solver time: 0.08008766174316406, path_s: 2.8538806288787, risk_margin_max: 0.0024838257096584876, solve_mode: fast
risk_margin_stages(active): [0:0.000210, 1:0.000721, 2:0.001091, 3:0.001395, 4:0.001386, 5:0.001635, 6:0.001800, 7:0.001990, 8:0.002149, 9:0.002316, 10:0.002484]
plant_input_stage0: full=[0.02368 0.10187 0.01406], physical=[0.02368 0.10187]
solver time: 0.08484101295471191, path_s: 2.8559769426076063, risk_margin_max: 0.002584628793484959, solve_mode: fast
risk_margin_stages(active): [0:0.000210, 1:0.000371, 2:0.000968, 3:0.001280, 4:0.001541, 5:0.001756, 6:0.001955, 7:0.002121, 8:0.002278, 9:0.002433, 10:0.002585]
plant_input_stage0: full=[0.01244 0.10711 0.012  ], physical=[0.01244 0.10711]
solver time: 0.08508586883544922, path_s: 2.8559769426076063, risk_margin_max: 0.002630655469309085, solve_mode: fast
risk_margin_stages(active): [0:0.000210, 1:0.000861, 2:0.001188, 3:0.001458, 4:0.001672, 5:0.001873, 6:0.002050, 7:0.002210, 8:0.002356, 9:0.002497, 10:0.002631]
plant_input_stage0: full=[0.01474 0.10524 0.01659], physical=[0.01474 0.10524]
solver time: 0.09579634666442871, path_s: 2.858073256336512, risk_margin_max: 0.0025860038579640205, solve_mode: fast
risk_margin_stages(active): [0:0.000210, 1:0.000855, 2:0.001187, 3:0.001449, 4:0.001670, 5:0.001865, 6:0.002038, 7:0.002195, 8:0.002338, 9:0.002468, 10:0.002586]
plant_input_stage0: full=[0.015   0.10099 0.01428], physical=[0.015   0.10099]
solver time: 0.07146763801574707, path_s: 2.8601695700654184, risk_margin_max: 0.002445004376322738, solve_mode: fast
risk_margin_stages(active): [0:0.000210, 1:0.000852, 2:0.001171, 3:0.001415, 4:0.001620, 5:0.001798, 6:0.001956, 7:0.002097, 8:0.002225, 9:0.002341, 10:0.002445]
plant_input_stage0: full=[0.01555 0.09599 0.01204], physical=[0.01555 0.09599]
solver time: 0.07390332221984863, path_s: 2.8601695700654184, risk_margin_max: 0.0022568906794806446, solve_mode: fast
risk_margin_stages(active): [0:0.000210, 1:0.000728, 2:0.001021, 3:0.001256, 4:0.001456, 5:0.001630, 6:0.001784, 7:0.001922, 8:0.002046, 9:0.002157, 10:0.002257]
plant_input_stage0: full=[0.01331 0.09023 0.01589], physical=[0.01331 0.09023]
solver time: 0.07573246955871582, path_s: 2.8622658837943242, risk_margin_max: 0.0021378348995026364, solve_mode: fast
risk_margin_stages(active): [0:0.000210, 1:0.000730, 2:0.001007, 3:0.001224, 4:0.001406, 5:0.001565, 6:0.001706, 7:0.001832, 8:0.001945, 9:0.002046, 10:0.002138]
plant_input_stage0: full=[0.0137  0.08471 0.01276], physical=[0.0137  0.08471]
solver time: 0.0736691951751709, path_s: 2.8643621975232305, risk_margin_max: 0.0020084571949728017, solve_mode: fast
risk_margin_stages(active): [0:0.000210, 1:0.000723, 2:0.000983, 3:0.001182, 4:0.001347, 5:0.001491, 6:0.001617, 7:0.001731, 8:0.001833, 9:0.001925, 10:0.002008]
plant_input_stage0: full=[0.01416 0.07995 0.0099 ], physical=[0.01416 0.07995]
solver time: 0.07724571228027344, path_s: 2.8643621975232305, risk_margin_max: 0.0018468881002529074, solve_mode: fast
risk_margin_stages(active): [0:0.000210, 1:0.000617, 2:0.000854, 3:0.001043, 4:0.001204, 5:0.001344, 6:0.001468, 7:0.001578, 8:0.001678, 9:0.001767, 10:0.001847]
plant_input_stage0: full=[0.01206 0.07523 0.01333], physical=[0.01206 0.07523]
solver time: 0.08422088623046875, path_s: 2.8664585112521364, risk_margin_max: 0.0017493962202254508, solve_mode: fast
risk_margin_stages(active): [0:0.000210, 1:0.000626, 2:0.000850, 3:0.001023, 4:0.001168, 5:0.001294, 6:0.001406, 7:0.001506, 8:0.001595, 9:0.001676, 10:0.001749]
plant_input_stage0: full=[0.01263 0.07091 0.00986], physical=[0.01263 0.07091]
solver time: 0.07974934577941895, path_s: 2.8664585112521364, risk_margin_max: 0.0016126393395035348, solve_mode: fast
risk_margin_stages(active): [0:0.000210, 1:0.000537, 2:0.000741, 3:0.000906, 4:0.001047, 5:0.001170, 6:0.001279, 7:0.001376, 8:0.001464, 9:0.001542, 10:0.001613]
plant_input_stage0: full=[0.01075 0.06694 0.01291], physical=[0.01075 0.06694]
solver time: 0.08687567710876465, path_s: 2.8685548249810426, risk_margin_max: 0.0015326277064298208, solve_mode: fast
risk_margin_stages(active): [0:0.000210, 1:0.000553, 2:0.000747, 3:0.000898, 4:0.001024, 5:0.001134, 6:0.001232, 7:0.001319, 8:0.001398, 9:0.001469, 10:0.001533]
plant_input_stage0: full=[0.01152 0.0628  0.00913], physical=[0.01152 0.0628 ]
solver time: 0.08276987075805664, path_s: 2.8685548249810426, risk_margin_max: 0.0014143827146020987, solve_mode: fast
risk_margin_stages(active): [0:0.000210, 1:0.000479, 2:0.000654, 3:0.000798, 4:0.000920, 5:0.001027, 6:0.001123, 7:0.001208, 8:0.001284, 9:0.001353, 10:0.001414]
plant_input_stage0: full=[0.00982 0.05938 0.01193], physical=[0.00982 0.05938]
solver time: 0.08228445053100586, path_s: 2.8706511387099485, risk_margin_max: 0.0013468626214352883, solve_mode: fast
risk_margin_stages(active): [0:0.000210, 1:0.000499, 2:0.000667, 3:0.000797, 4:0.000907, 5:0.001002, 6:0.001086, 7:0.001162, 8:0.001230, 9:0.001291, 10:0.001347]
plant_input_stage0: full=[0.01075 0.05613 0.00793], physical=[0.01075 0.05613]
solver time: 0.10414958000183105, path_s: 2.8706511387099485, risk_margin_max: 0.0012422376975159517, solve_mode: fast
risk_margin_stages(active): [0:0.000210, 1:0.000436, 2:0.000587, 3:0.000710, 4:0.000815, 5:0.000908, 6:0.000990, 7:0.001063, 8:0.001129, 9:0.001189, 10:0.001242]
plant_input_stage0: full=[0.00918 0.05319 0.01055], physical=[0.00918 0.05319]
solver time: 0.07933998107910156, path_s: 2.8727474524388548, risk_margin_max: 0.0011837752048380805, solve_mode: fast
risk_margin_stages(active): [0:0.000210, 1:0.000457, 2:0.000602, 3:0.000714, 4:0.000807, 5:0.000888, 6:0.000960, 7:0.001025, 8:0.001083, 9:0.001136, 10:0.001184]
plant_input_stage0: full=[0.01022 0.05033 0.00641], physical=[0.01022 0.05033]
solver time: 0.08065438270568848, path_s: 2.8727474524388548, risk_margin_max: 0.0010895779760996648, solve_mode: fast
risk_margin_stages(active): [0:0.000210, 1:0.000403, 2:0.000532, 3:0.000636, 4:0.000726, 5:0.000804, 6:0.000874, 7:0.000937, 8:0.000993, 9:0.001044, 10:0.001090]
plant_input_stage0: full=[0.00873 0.04776 0.00891], physical=[0.00873 0.04776]
solver time: 0.07884716987609863, path_s: 2.8728999403547095, risk_margin_max: 0.0010170465392875495, solve_mode: fast
risk_margin_stages(active): [0:0.000210, 1:0.000362, 2:0.000478, 3:0.000577, 4:0.000664, 5:0.000740, 6:0.000808, 7:0.000869, 8:0.000924, 9:0.000973, 10:0.001017]
plant_input_stage0: full=[0.0075  0.0451  0.01041], physical=[0.0075 0.0451]
solver time: 0.08421134948730469, path_s: 2.8748437661677606, risk_margin_max: 0.0009742945545431914, solve_mode: fast
risk_margin_stages(active): [0:0.000210, 1:0.000384, 2:0.000497, 3:0.000587, 4:0.000663, 5:0.000730, 6:0.000790, 7:0.000843, 8:0.000891, 9:0.000935, 10:0.000974]
plant_input_stage0: full=[0.00862 0.04286 0.00633], physical=[0.00862 0.04286]
solver time: 0.08424854278564453, path_s: 2.8748437661677606, risk_margin_max: 0.0009013663258666262, solve_mode: fast
risk_margin_stages(active): [0:0.000210, 1:0.000345, 2:0.000445, 3:0.000529, 4:0.000602, 5:0.000666, 6:0.000724, 7:0.000775, 8:0.000822, 9:0.000864, 10:0.000901]
plant_input_stage0: full=[0.00738 0.04083 0.00845], physical=[0.00738 0.04083]
solver time: 0.0812675952911377, path_s: 2.8752431737330584, risk_margin_max: 0.0008479320827073387, solve_mode: fast
risk_margin_stages(active): [0:0.000210, 1:0.000324, 2:0.000415, 3:0.000493, 4:0.000562, 5:0.000623, 6:0.000678, 7:0.000728, 8:0.000772, 9:0.000812, 10:0.000848]
plant_input_stage0: full=[0.00666 0.03863 0.00892], physical=[0.00666 0.03863]
solver time: 0.07943582534790039, path_s: 2.876940079896667, risk_margin_max: 0.0008116515679892032, solve_mode: fast
risk_margin_stages(active): [0:0.000210, 1:0.000339, 2:0.000428, 3:0.000500, 4:0.000561, 5:0.000614, 6:0.000662, 7:0.000705, 8:0.000744, 9:0.000780, 10:0.000812]
plant_input_stage0: full=[0.00765 0.0368  0.00541], physical=[0.00765 0.0368 ]
solver time: 0.06826281547546387, path_s: 2.876940079896667, risk_margin_max: 0.000751982362877474, solve_mode: fast
risk_margin_stages(active): [0:0.000210, 1:0.000309, 2:0.000387, 3:0.000453, 4:0.000511, 5:0.000562, 6:0.000608, 7:0.000650, 8:0.000687, 9:0.000721, 10:0.000752]
plant_input_stage0: full=[0.00655 0.03509 0.00729], physical=[0.00655 0.03509]
solver time: 0.08365464210510254, path_s: 2.877322333460456, risk_margin_max: 0.0007085857714708061, solve_mode: fast
risk_margin_stages(active): [0:0.000210, 1:0.000294, 2:0.000364, 3:0.000425, 4:0.000480, 5:0.000528, 6:0.000572, 7:0.000612, 8:0.000647, 9:0.000680, 10:0.000709]
plant_input_stage0: full=[0.00595 0.03366 0.00762], physical=[0.00595 0.03366]
solver time: 0.0729823112487793, path_s: 2.877915058359086, risk_margin_max: 0.0006714102168147063, solve_mode: fast
risk_margin_stages(active): [0:0.000210, 1:0.000286, 2:0.000350, 3:0.000407, 4:0.000457, 5:0.000503, 6:0.000544, 7:0.000581, 8:0.000614, 9:0.000644, 10:0.000671]
plant_input_stage0: full=[0.00572 0.03211 0.00722], physical=[0.00572 0.03211]
solver time: 0.07628321647644043, path_s: 2.8790363936255727, risk_margin_max: 0.0006405968245361594, solve_mode: fast
risk_margin_stages(active): [0:0.000210, 1:0.000291, 2:0.000352, 3:0.000404, 4:0.000449, 5:0.000490, 6:0.000526, 7:0.000559, 8:0.000589, 9:0.000616, 10:0.000641]
plant_input_stage0: full=[0.00619 0.03038 0.00523], physical=[0.00619 0.03038]
solver time: 0.07248115539550781, path_s: 2.8791000885874043, risk_margin_max: 0.000598024688468817, solve_mode: fast
risk_margin_stages(active): [0:0.000210, 1:0.000272, 2:0.000325, 3:0.000372, 4:0.000415, 5:0.000454, 6:0.000488, 7:0.000520, 8:0.000549, 9:0.000575, 10:0.000598]
plant_input_stage0: full=[0.00535 0.02896 0.00654], physical=[0.00535 0.02896]
solver time: 0.07848048210144043, path_s: 2.879632795066404, risk_margin_max: 0.0005681124673084412, solve_mode: fast
risk_margin_stages(active): [0:0.000210, 1:0.000266, 2:0.000315, 3:0.000358, 4:0.000398, 5:0.000434, 6:0.000466, 7:0.000495, 8:0.000522, 9:0.000546, 10:0.000568]
plant_input_stage0: full=[0.00513 0.02758 0.00616], physical=[0.00513 0.02758]
solver time: 0.08541631698608398, path_s: 2.8801433172026654, risk_margin_max: 0.0005392012769156892, solve_mode: fast
risk_margin_stages(active): [0:0.000210, 1:0.000261, 2:0.000305, 3:0.000345, 4:0.000381, 5:0.000414, 6:0.000444, 7:0.000472, 8:0.000496, 9:0.000519, 10:0.000539]
plant_input_stage0: full=[0.00495 0.02653 0.00584], physical=[0.00495 0.02653]
solver time: 0.07452106475830078, path_s: 2.881132707354479, risk_margin_max: 0.0005157269240969576, solve_mode: fast
risk_margin_stages(active): [0:0.000210, 1:0.000264, 2:0.000307, 3:0.000343, 4:0.000376, 5:0.000405, 6:0.000431, 7:0.000455, 8:0.000477, 9:0.000497, 10:0.000516]
plant_input_stage0: full=[0.00538 0.02523 0.00406], physical=[0.00538 0.02523]
solver time: 0.07099556922912598, path_s: 2.8811709087077504, risk_margin_max: 0.0004827920997857828, solve_mode: fast
risk_margin_stages(active): [0:0.000210, 1:0.000251, 2:0.000287, 3:0.000320, 4:0.000350, 5:0.000378, 6:0.000403, 7:0.000426, 8:0.000446, 9:0.000466, 10:0.000483]
plant_input_stage0: full=[0.00464 0.02405 0.00525], physical=[0.00464 0.02405]
solver time: 0.0756685733795166, path_s: 2.8816319866767084, risk_margin_max: 0.00046022058889177986, solve_mode: fast
risk_margin_stages(active): [0:0.000210, 1:0.000247, 2:0.000280, 3:0.000310, 4:0.000338, 5:0.000363, 6:0.000386, 7:0.000407, 8:0.000427, 9:0.000444, 10:0.000460]
plant_input_stage0: full=[0.00445 0.02413 0.00493], physical=[0.00445 0.02413]
solver time: 0.07255220413208008, path_s: 2.882074026200596, risk_margin_max: 0.0004382428901363479, solve_mode: fast
risk_margin_stages(active): [0:0.000210, 1:0.000243, 2:0.000273, 3:0.000300, 4:0.000325, 5:0.000349, 6:0.000370, 7:0.000389, 8:0.000407, 9:0.000423, 10:0.000438]
plant_input_stage0: full=[0.00429 0.02328 0.00464], physical=[0.00429 0.02328]
solver time: 0.08118343353271484, path_s: 2.88249998336518, risk_margin_max: 0.0004177184952251741, solve_mode: fast
risk_margin_stages(active): [0:0.000210, 1:0.000240, 2:0.000267, 3:0.000291, 4:0.000314, 5:0.000335, 6:0.000355, 7:0.000373, 8:0.000389, 9:0.000404, 10:0.000418]
plant_input_stage0: full=[0.00414 0.02146 0.00438], physical=[0.00414 0.02146]
목적지에 도착했습니다! 현재 위치: [1.80884 0.09338], 시간: 47.00초
Using rmpcc_pv optimizer with differential_drive dynamics:
median:  0.0826331377029419
std:  0.015086308476685488
min:  0.06454873085021973
max:  0.222700834274292
Simulation finished.
Run outcome: status=success, reason=None, final_time=47.0000000000004, distance_to_goal=0.009921364771733167
Optimizer runtime stats: safe_stop_count=26, backup_feasible_qp_success_count=0, plant_input_apply_count=470, last_solve_mode=fast
Trial history saved to /home/taek111/projects/psdf_mpcc/benchmark_runs/maze_rectangle_nominal/compare_rmpcc_pv/data/trial_history_MPC_rmpcc_pv_rectangle_maze_compare_rmpcc_pv.csv
Pose-SDF data saved to /home/taek111/projects/psdf_mpcc/benchmark_runs/maze_rectangle_nominal/compare_rmpcc_pv/data/pose_sdf_MPC_rmpcc_pv_rectangle_maze_compare_rmpcc_pv.csv
Total data points: 470
SDF statistics - Min: 0.0020, Max: 0.0584, Mean: 0.0130
