time,solve_mode,solver_status,u0,s,psdf,mf_probability_sum,mf_slack
0.0,sqp_rti,0,"[0.12340145195395041,8.1799183150663e-07,0.09529041323501095]",0.02231029132666841,0.029999956488609314,"[-2.980232227667301e-09,-2.980232227667301e-09,-2.980232227667301e-09,-2.980232227667301e-09,-2.980232227667301e-09,-2.980232227667301e-09,-2.980232227667301e-09,-2.980232227667301e-09,-2.980232227667301e-09,-2.980232227667301e-09,-2.980232227667301e-09,-2.980232227667301e-09,-2.980232227667301e-09,-2.980232227667301e-09,-2.980232227667301e-09,-2.980232227667301e-09,-2.980232227667301e-09,-2.980232227667301e-09,-2.980232227667301e-09,-2.980232227667301e-09,-2.980232227667301e-09]","[null,1.757052445475125e-09,1.757052445475125e-09,1.757052445475125e-09,1.757052445475125e-09,1.757052445475125e-09,1.757052445475125e-09,1.757052445475125e-09,1.757052445475125e-09,1.757052445475125e-09,1.757052445475125e-09,1.757052445475125e-09,1.757052445475125e-09,1.757052445475125e-09,1.757052445475125e-09,1.757052445475125e-09,1.757052445475125e-09,1.757052445475125e-09,1.757052445475125e-09,1.757052445475125e-09,1.657542081116448e-10]"
0.1,sqp_rti,0,"[0.11435431252844024,0.08797656021565382,0.08541533110107506]",0.03213167830550266,0.0299999937415123,"[-2.980232227667301e-09,-2.980232227667301e-09,-2.980232227667301e-09,-2.980232227667301e-09,-2.980232227667301e-09,-2.980232227667301e-09,-2.980232227667301e-09,-2.980232227667301e-09,-2.980232227667301e-09,-2.980232227667301e-09,-2.980232227667301e-09,-2.980232227667301e-09,-2.980232227667301e-09,-2.980232227667301e-09,-2.980232227667301e-09,-2.980232227667301e-09,-2.980232227667301e-09,-2.980232227667301e-09,-2.980232227667301e-09,-2.980232227667301e-09,-2.980232227667301e-09]","[null,1.1273435338112353e-14,1.1273435338112353e-14,1.1273435338112353e-14,1.1273435338112353e-14,1.1273435338112353e-14,1.1273435338112353e-14,1.1273435338112353e-14,1.1273435338112353e-14,1.1273435338112353e-14,1.1273435338112353e-14,1.1273435338112353e-14,1.1273435338112353e-14,1.1273435338112353e-14,1.1273435338112353e-14,1.1273435338112353e-14,1.1273435338112353e-14,1.1273435338112353e-14,1.1273435338112353e-14,1.1273435338112353e-14,1.0913693351512518e-15]"
0.2,sqp_rti,0,"[0.12778077004252444,0.06449011022391667,0.08446665551201768]",0.04347224199944093,0.0293419249355793,"[-2.980232227667301e-09,-2.980232227667301e-09,-3.05563738201009e-09,8.473612497783556e-08,3.2807717150529214e-05,0.0010227492141904881,0.00887321615920425,0.03692288673039196,0.09773711155822312,0.22771333921861264,0.7819035313909211,1.0104555467223413,0.5570071880384375,0.5587167092383785,0.6116720629352714,0.6581331311580552,0.6713510656902109,0.6842104400186402,0.7106666106679789,0.7527939174228335,0.8268024567449668]","[null,4.024648486188017e-13,4.024648480848566e-13,4.024408156192445e-13,4.003635764428362e-13,4.0055329387418415e-13,4.0116814838748626e-13,4.0545027694849483e-13,4.0589794244839086e-13,4.414234067188665e-13,4.0417804600637815e-13,4.002501692684976e-13,4.0782224749331625e-13,4.0190726699478826e-13,4.3525595052922473e-13,4.0246484846355024e-13,4.0246484846355024e-13,4.0246484846355024e-13,4.0246484846355024e-13,4.0246484846355024e-13,4.244678559113841e-14]"
0.30000000000000004,sqp_rti,0,"[0.144679940709227,0.034501656556166424,0.11269392113290404]",0.052029810263248474,0.028749357908964157,"[-2.980232227667301e-09,-2.9807032120299226e-09,2.814966043596101e-08,2.019819381332555e-05,0.000441944671241451,0.002921725588026697,0.010347573603336574,0.02910816319826487,0.09976123193660441,0.16066844261511065,0.15141351213522541,0.16682929135441943,0.1961619186056392,0.21717530672491608,0.2066116805854072,0.43148094055202174,0.5845779646099676,0.6512355214815242,0.6945379194913406,0.8261740828887623,1.0545549626663753]","[null,8.700813585363773e-16,8.700943631080764e-16,8.74130742281081e-16,8.74058064744896e-16,8.750579922056109e-16,8.787212644805895e-16,8.796487036226846e-16,8.367011434042663e-16,8.627794047218629e-16,8.622741572719452e-16,8.666310101507918e-16,8.646959308125527e-16,8.641928206939403e-16,8.843442187716699e-16,8.721687143807619e-16,8.854893577372198e-16,1.0441330454439119e-15,0.0492755731502618,1.3027794345992653e-15,8.864826239512359e-17]"
0.4,sqp_rti,0,"[0.10664169332399466,0.3344897599868511,0.07515691815618794]",0.06271867284194443,0.028272690251469612,"[-2.980232227667301e-09,-3.834763756538351e-09,1.328504005876363e-05,0.0006419420759928296,0.004693114174604274,0.017028912214529734,0.061240873816971686,0.09423799467094734,0.10474462230125164,0.13524699233388632,0.1793467427149012,0.19942482705412462,0.22894436560993553,0.2813169608083688,0.3657320414375634,0.24987979627884066,0.13642350918164087,null,null,null,0.471358630729563]","[null,3.444108152275016e-12,3.435341577511301e-12,3.4537883762810623e-12,3.4984408083421607e-12,3.6033419878558474e-12,3.6250212235402933e-12,3.656933545314861e-12,4.24622553535496e-12,3.4496590838372515e-12,3.5360647816761898e-12,3.5233489516189222e-12,3.5163049433156753e-12,3.513764630523124e-12,3.4959013999806195e-12,3.3151497248974606e-12,3.671643394944205e-12,3.444110446104137e-12,3.444106111416545e-12,3.444110446104137e-12,3.3328182300648565e-13]"
0.5,sqp_rti,0,"[0.09291392809263173,0.12068217534762207,0.09830807437168303]",0.0661026747213629,0.0256196241825819,"[-2.980232227667301e-09,-3.1968835079165814e-09,1.4034544471408505e-05,0.0023132331056926747,0.027056289946442103,0.10536052356270204,0.23598635460498335,0.3891603591690759,0.7002966969642557,1.388046221423761,0.5325032666238243,0.4124690872225834,0.4146704565717892,0.4236292079268143,0.37258754569581126,0.40717483493890133,0.45835974283048114,0.5062997117251846,0.5543259321831335,0.6068372122706165,0.711469582783155]","[null,1.3765272554150373e-12,1.3760795749209934e-12,1.371250214150445e-12,1.3859885698100005e-12,1.3985471229848882e-12,1.385056500603474e-12,1.3960551739487613e-12,1.3765272669050413e-12,1.3765272669047828e-12,1.3765272669048345e-12,1.3765272669047828e-12,1.3765272669046794e-12,1.3765272669048345e-12,1.3765272669047828e-12,1.3765272669046794e-12,1.3765272669046277e-12,1.3765272669049896e-12,1.3765272669049896e-12,1.3765272669049896e-12,1.3785426263400074e-13]"
0.6,sqp_rti,0,"[0.15953215052919606,-0.3033528859277572,0.11214313126283051]",0.08197714746645342,0.02426333539187908,"[-2.980232227667301e-09,-3.0172360165892087e-09,5.90412546255803e-06,0.0009842810183904038,0.011555763893391607,0.04808013578435605,0.21485274206292077,0.6163714541798313,0.5497106214612877,0.3834699507319533,0.4347167321981276,0.4962121937981035,0.5505235599887681,0.5969603871988294,0.632431899324122,0.6658033704316704,0.6934522712943669,0.7247543757457684,0.8028290140168408,0.9829285390486404,1.2482699740908634]","[null,1.517689728514873e-13,1.5110669195910314e-13,1.5105019180945746e-13,1.5122909289051778e-13,1.5061074000078179e-13,1.517616866669115e-13,1.4945866406892058e-13,1.495164240549513e-13,1.4737274323056185e-13,1.4903059629941706e-13,1.4927629636301592e-13,1.4740886126476794e-13,1.5941267568884147e-13,1.5501832443232966e-13,1.556852856459282e-13,1.6914313253340527e-13,1.4346563002107062e-13,1.5239456400742976e-13,1.520871295869907e-13,1.5514536031969887e-14]"
0.7,sqp_rti,0,"[0.12206473679162719,-0.04484639744468916,0.07809127309707001]",0.09510569942967502,0.02544501982629299,"[-2.980232227667301e-09,2.3294933932299644e-05,0.0020007536384102353,0.020973901141409124,0.04585001125532778,0.0686505234978923,0.0913080793426096,0.1420641191034822,0.1835431033217801,0.21758749660709958,0.2518900107065744,0.2989004395232076,0.37327128521199776,0.4501408476094276,0.5437467796607842,0.6421850507808251,0.8746545867870068,0.7138030359732912,0.6522085532516193,0.6920013705005645,0.7755853606066709]","[null,4.868084904174341e-12,4.8662067789784385e-12,4.867853367839192e-12,4.876347479111331e-12,4.875450554193269e-12,4.872609924420004e-12,4.874699483017806e-12,4.8745708986289954e-12,4.874137388651289e-12,4.872742279471527e-12,4.8894849200706816e-12,5.090685290374791e-12,4.877522117933836e-12,4.872073409683071e-12,4.868936128854068e-12,4.868936128853767e-12,4.868936128854137e-12,4.868936128854081e-12,4.868936128853919e-12,4.864621511810242e-13]"
0.7999999999999999,sqp_rti,0,"[0.08617194090099117,-0.217601443521087,0.0939536221973399]",0.09866121713418527,0.025361353531479836,"[-2.980232227667301e-09,7.4747358715376855e-06,0.0011301273965911018,0.015691657258821795,0.03581119144178263,0.055441076470310435,0.0934288018044998,0.09073489554526876,0.09455809078668304,0.11666292953059171,0.19240105265459811,0.3098001825185122,0.4017304134260032,0.4782664802090267,0.5036761350989003,0.4448914472023116,0.44162854764736964,0.49618027877011955,0.6572533166942491,0.9538803564116136,1.3236247779178825]","[null,1.8722440294193914e-13,1.885325995295484e-13,1.9146451785146583e-13,1.895949483212178e-13,1.9104727383010097e-13,1.9076921975088345e-13,1.856666369104008e-13,1.8859529510543654e-13,1.788799443239441e-13,2.0398585773977253e-13,1.9397714424969556e-13,1.8763267975959321e-13,2.0638622858870262e-13,1.870559203486397e-13,1.870559203485864e-13,1.8705592034859608e-13,1.8705592034855246e-13,1.8705592034859932e-13,1.8705592034869625e-13,1.936346432220842e-14]"
0.8999999999999999,sqp_rti,0,"[0.21689874206853915,-0.5487283064911123,0.14804979648568456]",0.11957069264705085,0.026721660047769547,"[-2.980232227667301e-09,-2.9602274520534877e-09,1.0097191107144576e-05,0.0007999519266753408,0.00479851467552167,0.015445093887209188,0.041784814243299606,0.07893790569276649,0.12499332417510894,0.17764236456908283,0.23224907013479174,0.2977795346910433,0.2927133965702405,0.417972453823716,0.5630655647225076,0.605914993337471,0.6475277686077117,0.7092684294462221,0.7854666342407881,0.8874404199063066,1.0705428572209026]","[null,6.689075489271633e-14,6.661103204041575e-14,6.657230435392483e-14,6.701124729180709e-14,6.705717171756427e-14,7.146020528589484e-14,6.671657181751951e-14,6.682694729498034e-14,6.683756029243019e-14,6.683128992561139e-14,6.717036871270055e-14,6.676532131161685e-14,8.020487714802729e-14,6.787737436117545e-14,6.821377895841136e-14,6.775726864401985e-14,6.262474247067643e-14,0.013795844803179755,7.385242387558318e-14,6.865421200401528e-15]"
0.9999999999999999,sqp_rti,0,"[0.15123809414735195,-0.15705245266343032,0.10500699577859456]",0.13441483810726834,0.02363593876361847,"[-2.980232227667301e-09,0.014006609478031617,0.13439432543820412,0.3098747216487239,0.47466034530703977,0.6105579826940042,0.6460087813273228,0.5466922496430688,0.38551434670612844,0.25525184916519056,0.3498000031619906,0.5031784624132329,0.5622621989449434,0.9491521082750054,0.94579830160161,1.0240067571598608,0.6654189847781324,null,null,0.3902098130666392,0.5412002318028335]","[null,4.88752440618982e-11,4.910639080813495e-11,4.9137589025415055e-11,4.9190620105597776e-11,5.0618147448294596e-11,4.9279370037916726e-11,4.915729592492132e-11,4.902193949029772e-11,4.903681647630533e-11,4.919456411622954e-11,5.37355305837226e-11,4.9356385032604395e-11,4.911538814133931e-11,4.8983504018995713e-11,4.8983504018978704e-11,4.898350401896382e-11,4.898350401894827e-11,4.898350475235347e-11,4.9085021465436356e-11,4.985288851430835e-12]"
1.0999999999999999,sqp_rti,0,"[0.17610625240027575,0.7577677365189806,0.09669950024163507]",0.1524132885982989,0.023212909698486328,"[-2.980232227667301e-09,0.009639724344768619,0.0466597455750824,0.061848706814333465,0.08348310952814658,0.10613882867220453,0.018656926727676326,null,1.4006358570184396e-07,3.042988969664817e-06,0.008346303880936323,0.2284964864686943,2.0230338491911137e-06,null,0.34508486130992183,0.4038018598422511,0.40554784464047416,0.48162854962539187,0.5503386068650051,0.6380844498059861,0.6574816152857712]","[null,1.3279880416846412e-14,1.3466634274467383e-14,1.3399717316861083e-14,1.2088789115846747e-14,1.3356838457346497e-14,1.31972588857139e-14,1.3437794324709711e-14,1.3436147937602645e-14,1.3369272112812463e-14,1.326360582985783e-14,1.339415968346555e-14,1.3363068149941666e-14,1.3437794324774335e-14,1.3548105915606174e-14,1.3368538322073677e-14,1.3458435596058161e-14,1.3451989200069057e-14,1.3473944016271375e-14,1.6859659836953206e-14,1.365444996486077e-15]"
1.2,sqp_rti,0,"[0.08800225571772897,1.19999998899196,0.053555121978457014]",0.16845883434742007,0.028520524501800537,"[-2.980232227667301e-09,0.06973443978716592,0.1621558842183644,0.19858175286253027,0.2167669282612033,0.2540778970867817,0.26617393713721954,0.19075516793242314,0.09253122895471605,null,0.3749491386526714,0.3304019414089339,null,0.43195745183603834,0.47197745176155054,0.32469828359397185,0.19548516015902778,0.21898595779980728,0.2613506524313002,0.3751454170045985,0.5686595797263516]","[null,1.7123833859276284e-11,1.7106754959069908e-11,1.7095320922274146e-11,1.710404818930075e-11,1.711007145693003e-11,1.7182161512896285e-11,1.8919950376142607e-11,1.716655162832813e-11,1.7056990320748463e-11,1.7074285058557884e-11,1.7114377712168696e-11,1.7056990320746893e-11,1.709622369081982e-11,1.706870167352785e-11,1.7101550471668726e-11,1.701215517031325e-11,1.709717604374013e-11,1.936710377119444e-11,1.8235731882044534e-11,1.7202158673721388e-12]"
1.3,sqp_rti,0,"[0.05110557120633927,0.7620749796022206,0.057445950845837035]",0.17285930367113247,0.021626928821206093,"[-2.980232227667301e-09,-2.980232227667301e-09,-2.980232227667301e-09,6.893213205239057e-05,0.03210829279214883,null,0.1767076738445013,null,0.51845560382461,null,null,0.2184215247983346,0.27807924861035077,0.07230414190405626,0.1556775318272628,0.23830396856341168,0.2956431489652907,0.3369955084490826,0.4138818205507427,0.46938740873283785,0.7598259829986247]","[null,1.1803821634461223e-08,1.1803821634461033e-08,1.1815676130305637e-08,1.2538103469249517e-08,1.1803821635781628e-08,1.1886975294641545e-08,1.180382163578187e-08,1.1803821635781705e-08,1.1803821635781549e-08,1.1803821635781582e-08,1.1803821635781503e-08,1.1803821635781547e-08,1.1803821635781514e-08,1.1803821635781726e-08,1.1803821635781799e-08,1.1803821635781618e-08,1.180382163578141e-08,1.180382163578155e-08,1.1803821635781556e-08,1.1833925070452891e-09]"
1.4000000000000001,sqp_rti,0,"[0.032542615141999603,0.4256785874021985,0.08961843523011567]",0.1771766694407947,0.017256084829568863,"[-2.980232227667301e-09,1.5821532804993765e-06,0.00025186950754291226,0.03216840119666792,0.11232666550935849,0.22504028818091,0.30143732285023966,0.4000856166176668,0.5228635439209757,0.5320692324238212,0.5259505028598415,0.5588075994273856,0.6089329734007147,0.6310098413897804,0.6725089950949952,0.7161030455870196,0.7544111372394908,0.7883638887607407,1.0115406390235797,1.4607546726876606,1.6198584247375407]","[null,4.0490132899472456e-13,4.045703327602926e-13,4.1060905798855115e-13,4.2229335160923235e-13,4.1083405417077076e-13,4.0286215679077094e-13,4.0570982509278256e-13,4.0225200175558843e-13,4.0184958607374364e-13,4.0329766301245775e-13,4.01491988681922e-13,4.0475860878708187e-13,4.0481976875140753e-13,4.0314795793455835e-13,4.0039772021272703e-13,4.488189264523788e-13,4.268927232115135e-13,4.110320439134965e-13,4.0837572800734465e-13,4.0622980593552805e-14]"
1.5000000000000002,sqp_rti,0,"[0.0939437381260253,0.9869329109691616,0.052074946998951294]",0.19143107879611362,0.015260637737810612,"[-2.980232227667301e-09,2.75049344411471e-10,0.04330210688968422,0.07626909870962956,0.1453914764821705,0.19704479223519572,0.24632767093623792,0.1548117156955831,0.052457052663600845,7.990876291219529e-08,null,5.213433285161662e-06,0.18313513949123889,0.5552024131583451,0.39249286386148513,0.3562442800345867,0.374351292821358,0.4501895522726958,0.6474124138383652,0.923073550711577,1.0529077574089765]","[null,3.258217023485876e-14,3.311032331165675e-14,3.354476532433328e-14,3.318756387698752e-14,3.530284615424517e-14,3.4463815824970426e-14,3.4647422963554626e-14,3.3190863413390236e-14,3.2582386818040086e-14,3.2582204635232484e-14,3.273395678972653e-14,3.292090049924383e-14,3.258220463502569e-14,3.258220463543928e-14,3.258220463543928e-14,3.258220463543928e-14,3.2582204635232484e-14,3.2582204635232484e-14,3.258220463543928e-14,3.3939055619085977e-15]"
1.6000000000000003,sqp_rti,0,"[0.04924186695916882,0.8447115901308437,0.07220489589868863]",0.19736403625880006,0.011849015019834042,"[-2.980232227667301e-09,0.0769126922657582,-2.990973801964003e-09,0.1468759069309023,null,null,0.3421092260808479,0.42953286143797414,0.4083422213760997,0.34053604865182124,0.35691432053936795,0.3785550295955858,0.43076160789327284,0.49186615681107143,0.5394131993700018,0.5708430894848309,0.6299203079589517,1.116707991843623,1.5254403637400002,1.1207304578441188,0.7934915546025711]","[null,1.6725392726019764e-12,1.6862623643368675e-12,1.660036094007182e-12,1.6862623646691873e-12,1.6862623646698077e-12,1.6761114071988093e-12,1.6736082195950698e-12,1.6738972414641795e-12,1.6825486654866923e-12,1.6734913402713284e-12,1.6737363079516816e-12,1.673724427246913e-12,1.6728151596265056e-12,1.6715693341845607e-12,1.6693881442610627e-12,1.6439221334831525e-12,1.7412693313958125e-12,1.672041523235773e-12,1.6725146063836145e-12,1.7289071454338864e-13]"
1.7000000000000004,sqp_rti,0,"[0.09250849235050182,0.5082850310886584,0.09549894940507747]",0.2013250049116771,0.009140828624367714,"[-2.980232227667301e-09,0.0002143922462096437,0.18690834572652354,0.18698788266959082,0.29117154742161394,0.3080492097800976,null,0.01030910975992666,0.1133759943521227,0.20497559070602805,0.31882343966652443,0.4896733591124763,0.6611347999150745,0.7859432794723096,0.7719654850532478,0.8984002520294083,0.9260150222058108,0.8866746519576025,0.8020204700226141,0.79562854461889,0.8859972579795377]","[null,1.991818555440886e-11,1.8168110956303928e-11,1.8454034585798777e-11,1.800020998646034e-11,1.906889019549797e-11,1.8564075425116905e-11,1.894580281757975e-11,1.743485730350158e-11,1.957832774259211e-11,1.857991925836083e-11,1.8075170401594114e-11,1.8085264398799947e-11,1.8113481470735448e-11,1.8564075425145443e-11,1.8564075425132208e-11,1.8564075425132208e-11,1.8564075425145236e-11,1.8564075425145236e-11,1.8564075425158678e-11,1.96741917141228e-12]"
1.8000000000000005,sqp_rti,0,"[0.04893872307528767,0.5718403057894798,0.0709979160575568]",0.21749729307925875,0.010637863539159298,"[-2.980232227667301e-09,0.17465298055445527,0.03068746805810668,0.20011842150551812,0.17651033481902872,0.12112002783785131,null,0.09331228955175136,0.1688231703743142,0.23650367982575632,0.34012777225430285,0.4062823623734751,0.4561204148114271,0.49487140391649015,0.5437431301841069,0.8822930409029837,1.3213523739866246,1.0492519377933707,0.7066643710627118,0.7252951185600549,0.7764145914490495]","[null,8.885586951351776e-13,1.196433964380313e-12,8.922796337870909e-13,8.987939868331781e-13,9.195871945229295e-13,9.016435845209404e-13,9.09850373511238e-13,8.530663123635633e-13,9.519372074490466e-13,8.879742623362113e-13,8.878780471306439e-13,8.872507353415783e-13,8.87574815812351e-13,9.000117267663191e-13,9.035042701759271e-13,8.860279142960147e-13,8.857064643526477e-13,8.875989789493906e-13,9.329427467065588e-13,9.045152165910591e-14]"
1.9000000000000006,sqp_rti,0,"[0.1233497148090541,1.0787761724681615,0.08092919883281557]",0.22334210780705915,0.010453728958964348,"[-2.980232227667301e-09,2.0919770275490412e-05,0.14002196435582698,null,0.05162098087380579,0.15591519041256668,null,0.093868387717502,0.2511035304297707,0.4948036613070626,0.6387715837573353,0.7323669263341948,0.8000081241624108,0.9712450343610441,0.9307654529609379,0.8280360280075978,0.8448927587656987,0.8819888917906116,0.8971508693650072,0.8805894942821817,0.8396658430727324]","[null,4.381459749357067e-14,4.461598160253017e-14,4.373770213200942e-14,4.3780013025424124e-14,4.437525968289016e-14,4.373770213138903e-14,4.529919951846755e-14,4.251494589025654e-14,4.32999671780412e-14,4.3682835738287144e-14,4.370578277093373e-14,4.373770213159583e-14,4.3737702132216214e-14,4.3737702131802623e-14,4.373770213097544e-14,4.373770213138903e-14,4.37523367822195e-14,4.3483314268411606e-14,4.3737702131802623e-14,4.5990317456914624e-15]"
2.0000000000000004,sqp_rti,0,"[0.07095656576444863,0.7665495860750284,0.06639852800343012]",0.23271756086005033,0.012273073196411133,"[-2.980232227667301e-09,0.26608674236181235,-2.9776816290461028e-09,0.1591734182859213,0.23528101578613986,0.2559983751665385,0.3651875024820697,0.583386920049169,0.6302497782014942,0.7486957784951798,0.8247000355828511,0.8027974215860751,0.7986879471544099,1.2315994355670383,1.9404622891852028,1.016033244143643,0.8638518148904086,0.8983338130632876,0.9316231708218854,0.9641999874388982,0.9995046724865293]","[null,4.546455801443691e-12,4.583254518171349e-12,4.545409191496686e-12,4.550374259855813e-12,4.583478013505484e-12,4.6125579033052626e-12,4.583254518187065e-12,4.58325451818417e-12,4.583254518190581e-12,4.583254518183963e-12,4.540073519756458e-12,4.5411705882165166e-12,4.5964735946144295e-12,4.542752690182756e-12,4.55143232623052e-12,4.537258100846731e-12,4.5325290154686285e-12,4.503083293194e-12,4.46053594935437e-12,4.633437782333518e-13]"
2.1000000000000005,sqp_rti,0,"[0.035442304568104564,0.7826465211412769,0.08448469767770463]",0.2403889464468933,0.011342000216245651,"[-2.980232227667301e-09,0.03233218009104705,0.1511569340744135,null,0.05806955991444235,0.1645888777244558,0.3167046820357953,0.4660147987153909,0.5853464165095754,0.6499021885435046,0.6871589643237692,0.9146580553570878,0.9753471414114088,0.8482898422735745,0.7423131741537181,0.7234907776859101,0.6997666719066344,0.6895851983535433,0.6867454922739908,0.678229140254887,0.6139030963409009]","[null,9.393091908666343e-13,9.571663723466623e-13,9.465637086060235e-13,9.446245481476529e-13,9.420060792793487e-13,1.0395463480065806e-12,9.465969463672642e-13,9.419628768713493e-13,9.395547043044188e-13,9.395462988126713e-13,9.385305872149644e-13,9.391551218679596e-13,9.911590485925876e-13,9.403667971887141e-13,9.162492112012677e-13,9.460239270262422e-13,9.427246730041704e-13,9.428292641006202e-13,9.301085000915827e-13,9.752765054253127e-14]"
2.2000000000000006,sqp_rti,0,"[0.10499898333665078,0.40974396483934633,0.08800760851287007]",0.2466854845124605,0.010327108204364777,"[-2.980232227667301e-09,-2.980232227667301e-09,0.10064722133272214,7.893531504238327e-06,0.05584433940707961,0.014035397346928324,null,null,0.33073119437120085,0.6635801370883214,0.7462056858076713,0.5556542453973357,0.4545686358659509,1.075787826054342,0.493966356972883,0.6307289706610668,0.7736439427348507,0.7354016021965879,0.6989277297189609,0.6957849317557894,0.7215152875145996]","[null,1.5312974319828138e-11,1.706012290951915e-11,1.5248968763784454e-11,1.533540014307852e-11,1.6895614062118242e-11,1.5312974321462026e-11,1.5312974321535232e-11,1.5141611685311995e-11,1.485837760807192e-11,1.531297432149408e-11,1.5312974321567078e-11,1.5312974321516827e-11,1.531297432152572e-11,1.531297432144755e-11,1.5312974321454995e-11,1.5312974321465335e-11,1.5312974321547433e-11,1.531297432154495e-11,1.5312974321578245e-11,1.5301912051947983e-12]"
2.3000000000000007,sqp_rti,0,"[0.053365021100951766,0.20241910106743882,0.07108167024289688]",0.2581924412499128,0.010090313851833344,"[-2.980232227667301e-09,0.13995874671935554,0.1731222282403298,-2.980232227667301e-09,0.0803469780913158,0.21453449522569273,0.30105132124909845,0.30910845724623287,0.299608698920159,0.3382728584308968,0.5562592306937659,0.8328445432610045,0.6909957132642404,0.5292294973378258,0.5350505547966191,0.5717197136768852,0.6044176306384859,0.6535564137930956,0.713888096179297,0.8788070266563277,1.0418853222169282]","[null,1.2296693282429624e-13,1.6343219991235753e-13,1.2320051391229055e-13,1.252268544167887e-13,1.2298471951373615e-13,1.2310311195465324e-13,1.237571567874445e-13,1.2995200115373784e-13,1.2669785549999723e-13,1.240419019733353e-13,1.235984006484497e-13,1.2275550541056213e-13,1.227892659154022e-13,1.21458422562796e-13,1.4259432483920038e-13,1.369303864396511e-13,1.318188608374864e-13,1.2326301265812372e-13,1.2309051797523482e-13,1.2313276822589332e-14]"
2.400000000000001,sqp_rti,0,"[0.1229570518465175,1.1999999999948612,0.11330257809081695]",0.26298987987157746,0.01004716381430626,"[-2.980232227667301e-09,-2.6330979896460605e-09,0.25320387185598286,0.026418001403803626,0.24903376839948393,0.03393302906580958,0.018260722774458504,0.3229795969836971,0.4142741294123951,0.4689126525963097,0.7165837520887066,0.5815896304072055,0.6007645692991506,0.798687449072937,0.8370841676365302,0.672713046836847,0.5102849204528173,0.5009225424060941,0.644366116373855,0.5574038493843607,0.5082731854952687]","[null,1.9337035354392953e-14,1.9639207422506962e-14,1.9482957398497996e-14,1.9476239639999127e-14,1.9469646604200146e-14,1.9415889996144707e-14,1.9466055351461794e-14,1.9441022909556216e-14,1.9521815667962945e-14,1.9337035369938133e-14,1.9337035369934902e-14,1.9337035369934902e-14,1.9512398596067662e-14,1.9417283914532706e-14,1.933703536993167e-14,1.9337035369934902e-14,1.9337035369938133e-14,1.9337035369934902e-14,1.9454456053589266e-14,2.0461052492366166e-15]"
2.500000000000001,sqp_rti,0,"[0.09190246639104308,0.7966297524148218,0.09592753718147629]",0.2749419947085218,0.01080150157213211,"[-2.980232227667301e-09,0.15289966892479329,0.10282005484608342,null,-2.9759328057377132e-09,0.0003329964509432015,0.009301581951444204,0.06137354100972364,0.22228201543133147,0.36278822504104974,1.449209123057568,0.5674107829476209,0.4797050388345319,0.5421341836115612,0.638153901758989,0.7419919083809128,0.8330871516486373,0.8973107967896741,0.8793271267998743,1.2519513015496073,0.7444034917923001]","[null,3.973632027826153e-11,4.4202393046597473e-11,4.087557789569732e-11,4.087557788920585e-11,4.085363244558247e-11,4.437267189536168e-11,4.4616873591375913e-11,3.984948202000343e-11,4.042121835635533e-11,3.9824649520594054e-11,4.087557789572711e-11,4.087557789572711e-11,4.087557789571047e-11,4.087557789570854e-11,4.087557789572711e-11,4.087557789572711e-11,4.087557789572711e-11,3.840977619447943e-11,4.015029035815489e-11,4.087385222448645e-12]"
2.600000000000001,sqp_rti,0,"[0.048822279179020454,0.39556264143494196,0.07676343072616322]",0.27736817250866164,0.011590573936700821,"[-2.980232227667301e-09,0.06586304919013203,0.1552697714621079,0.21623136978478358,0.2711954103135675,0.30714563574516723,0.33170228457527623,0.4326678681955947,0.5701886463188763,0.5253277857779082,0.43658472985043356,0.43189319257311737,0.46342150449551883,0.5069295728415082,0.5374156121472997,0.579899753071004,0.6126112583757057,0.6535894744866251,0.7091374275129547,0.6438205845481206,0.3696008227985688]","[null,3.337970199837287e-16,3.3379693176620886e-16,3.337969606270574e-16,3.3379499142021166e-16,3.33794316667014e-16,3.337939721204395e-16,3.337942146200683e-16,3.337944314253993e-16,3.9273668329255864e-16,0.04393686925991761,3.523583888051656e-16,3.7512384625354787e-16,4.034283106573545e-16,4.880762697527652e-16,3.794974685714151e-16,4.4035779467532884e-16,3.338077132835493e-16,3.6576269325401353e-16,6.898496107105318e-16,3.33794646240327e-17]"
2.700000000000001,sqp_rti,0,"[0.11262973295844467,1.1301678101700368,0.09496237685053624]",0.2897330549359199,0.012042298913002014,"[-2.980232227667301e-09,-2.846044205861986e-09,0.00038665411615293466,0.004640633957032458,0.010360148317575313,0.007900249640980628,0.0019911114126653917,0.0012826521606592867,0.10922970961162631,0.23287103171385032,0.3156827304154806,0.319082039241349,0.36083902564679776,0.2133107108897015,0.14248548029808178,0.4143841681862604,0.5057846875073337,0.4520020565485801,0.3517809397250405,0.2793013159290439,0.21959868416247358]","[null,1.5064514602924871e-15,1.5120276478402983e-15,1.5258662859264283e-15,1.53712244151862e-15,1.5344271382388859e-15,1.5153405146786368e-15,1.5173245485623924e-15,1.5459239204515493e-15,1.5648710247955852e-15,1.5126788710517758e-15,1.5161228705030425e-15,1.5247394388322789e-15,1.5253847313849466e-15,1.431342262688963e-15,1.5265355554012878e-15,1.5367939129993915e-15,1.5475841874618856e-15,1.4261375427287625e-15,1.5266657872791525e-15,1.5060378153987525e-16]"
2.800000000000001,sqp_rti,0,"[0.1122093207533241,0.5276198476567887,0.117237972276083]",0.29736466732806344,0.014109581708908081,"[-2.980232227667301e-09,0.02344307783179539,0.05176677558700932,0.0638069446463197,0.07694842971054233,0.11192370600108142,0.19440379496801846,0.3671528895952079,0.584467214530332,1.163603024679486,0.30899502401313744,0.5286357774511969,0.5975540627909772,0.416941428108024,0.32667258333285504,0.38558526993628456,0.4909923485116206,0.75835593971128,0.2987075607656429,0.01410357569233206,0.0061197888627429475]","[null,2.2783485499996662e-12,2.3172650182861355e-12,2.320461601854067e-12,2.354643654636432e-12,2.3515647307108045e-12,2.331292275616964e-12,2.3298023153616476e-12,2.303726750134781e-12,2.275506916096649e-12,2.2755069160965778e-12,2.275506916096455e-12,2.266686309743605e-12,2.267933781518315e-12,2.340096637785028e-12,2.2858528567213155e-12,2.292906291245728e-12,2.277764527154882e-12,2.255404547564217e-12,2.2627324942407205e-12,2.334040347139504e-13]"
2.9000000000000012,sqp_rti,0,"[0.06601346699649438,0.2542832327976876,0.0950805103375528]",0.3063648004169646,0.015409473329782486,"[-2.980232227667301e-09,0.029577426157925413,0.10649039664763765,0.16237688787458887,0.20081045906090972,0.2982224266381362,0.3639906344962938,0.315924610112629,0.2538944223989373,0.2721618502686621,0.3272376226087342,0.3816755891035985,0.42859503972360374,0.4521069262092315,0.4726376563045405,0.4676290248010751,0.4914873631667836,0.5215275657952858,0.3558735883746598,0.15648662519320294,0.11588758150477824]","[null,1.9805010776381263e-13,1.9842044728093548e-13,1.9822393666322541e-13,1.9875591587857753e-13,1.986329282612969e-13,1.9660393794525384e-13,1.9850406191526927e-13,1.994356062257366e-13,2.080462823221664e-13,2.2381239299981989e-13,1.9752102233276534e-13,2.0168674042909003e-13,2.0569858706789407e-13,3.3819020355827685e-13,2.1936767661311e-13,2.0717790992623958e-13,3.070461061946467e-13,1.978970450290348e-13,1.9950197761019835e-13,2.004844076215437e-14]"
3.0000000000000013,sqp_rti,0,"[0.1446336380311895,0.9423226344549603,0.1351718117064501]",0.3169735688963226,0.01614397019147873,"[-2.980232227667301e-09,2.6945447539894474e-08,-2.980232227667301e-09,-2.980232227667301e-09,0.0009478071327941873,0.04166345307462366,0.13707778725584913,0.2375024143708762,0.3424104511694635,0.22208024196542447,0.19519795869721995,0.23509058404164646,0.2318611599037011,0.21615924954803606,0.21669987166941934,0.22355954929939187,0.17814945618584105,0.14479445184333822,0.2473353112754813,0.03044463830982841,0.07509690017502885]","[null,1.224462534814918e-10,1.2244134649772534e-10,1.2244134649772567e-10,1.2335117813893552e-10,1.25763095166089e-10,1.2373261707015148e-10,1.2384825437813153e-10,1.2362484105619498e-10,1.2315068858722264e-10,1.2311555479662794e-10,1.235331595784668e-10,1.2360880630331963e-10,1.236183391581028e-10,1.2332099578121892e-10,1.2321091048458239e-10,1.2176989029388932e-10,1.2677932491573378e-10,1.234750976564573e-10,1.2296588910983523e-10,1.2431309705880917e-11]"
3.1000000000000014,sqp_rti,0,"[0.1526970785834467,0.47514274451406713,0.13530057014769578]",0.3314330253807297,0.019878536462783813,"[-2.980232227667301e-09,0.004400600320585479,0.011938100391492734,0.024113902946834215,0.13554359641862918,0.43186635884504093,0.35283808379750675,0.3288704917146273,0.4065797552289279,0.2683491057176422,0.26369080258021144,0.3258702814417152,0.3929190286528293,0.4943672736477083,0.8579155423594969,0.6315933405232605,0.054366105153381306,0.005319004147530226,0.003896062705795178,0.004161360171253126,0.018347046932557787]","[null,6.830088222778315e-14,6.602510387969909e-14,6.45383321060044e-14,6.948394647160988e-14,6.816154412519494e-14,6.907468305131978e-14,6.886357912290103e-14,6.892188820637625e-14,6.882382165691229e-14,6.847960119638175e-14,7.399297142215453e-14,6.403722973987195e-14,6.894655383999904e-14,7.016724198127633e-14,6.931621057955499e-14,7.028235173909162e-14,6.816683918051586e-14,6.818927792634076e-14,6.815745827558067e-14,8.067797342027492e-15]"
3.2000000000000015,sqp_rti,0,"[0.15180772809494217,0.12857128597993034,0.1431199743427397]",0.3454377768759018,0.02227044105529785,"[-2.980232227667301e-09,0.005166961040777074,0.03336014595579101,0.10213205586707358,0.1108115102842821,0.1412626805488884,0.19670017224039477,0.2542513060354033,0.3047197975570478,0.338608750979165,0.36622258268493674,0.37987835604548753,0.39215220015742364,0.4574479082651937,0.5108292823643132,0.3565754496221552,0.13213463147290333,0.06364126762309202,0.06465971553152344,0.12436904418022438,0.7104289375256314]","[null,8.905390002031413e-14,8.947102970023796e-14,8.948437788320289e-14,8.981625248030629e-14,8.991741489861557e-14,8.911990244708043e-14,8.776637075678688e-14,8.829560297625544e-14,8.752958398967883e-14,8.15184482525589e-14,2.311026134955474e-13,8.944436322471216e-14,9.012098308279473e-14,9.118564028199868e-14,9.484307081129449e-14,8.92709836149179e-14,8.92443040904887e-14,8.936740920748933e-14,8.913931520538968e-14,8.96816070996203e-15]"
3.3000000000000016,sqp_rti,0,"[0.13270228268106538,1.1314235096120306,0.12646505597208882]",0.3562319178535195,0.021325018256902695,"[-2.980232227667301e-09,0.0020539027865934256,0.06632002871572645,0.11142319218445601,0.1700993524196706,0.21810745825613403,0.25204893128088807,0.27107753399314555,0.2788990145334694,0.2969716405140577,0.3350871843828525,0.41503714229611327,0.35875188371577665,0.3113524519895641,0.2772821978838447,0.243291889551508,0.13431015176684885,0.050337452751777756,0.03549760097141702,0.06097636207661844,0.43530075157267306]","[null,3.272938231002204e-11,3.4093915137703755e-11,3.387585698222735e-11,3.398062091753786e-11,3.394412371658752e-11,3.385790248443669e-11,3.375793923335269e-11,3.330909454818393e-11,3.2996546483168964e-11,3.3810055916496884e-11,3.4038252061368444e-11,3.4226342578881455e-11,3.428091002231775e-11,3.2787339532212393e-11,3.123627044672837e-11,3.412154121290247e-11,3.3358399625138195e-11,3.296518593095383e-11,3.3792020520389763e-11,3.341857476913332e-12]"
3.4000000000000017,sqp_rti,0,"[0.1443085799583223,0.5264815436160678,0.12988152663307675]",0.369389727559552,0.027897361665964127,"[-2.980232227667301e-09,4.1475615392139176e-07,0.006310875572685781,0.0935490684187304,0.18307338470075402,0.28685988676503876,0.339070384828071,0.35136260785055634,0.3386949816093148,0.32162632969060106,0.29104661259163117,0.2729865150063862,0.37593513891600133,0.6667055374897728,0.43748719465582014,0.013179925989848684,0.0018334958542157997,0.0012273202325303323,0.0010446893776391297,0.008712806046173471,0.17850285658991966]","[null,5.109792770037197e-16,5.126316517287353e-16,5.159465727667275e-16,5.155853884752346e-16,5.108847962467458e-16,5.101470097150756e-16,5.101401173424815e-16,5.102541548915711e-16,5.085034735312274e-16,5.080944336747475e-16,5.213775374682821e-16,5.080999874041543e-16,5.137073305481786e-16,5.079607276900089e-16,5.098421753321294e-16,5.105911812440274e-16,5.105810446044473e-16,5.105605960987066e-16,5.109953168759024e-16,5.1417094556731253e-17]"
3.5000000000000018,sqp_rti,0,"[0.1373643634384304,0.18358430158118244,0.12337111888332691]",0.3818243340342675,0.024788351729512215,"[-2.980232227667301e-09,5.447967582575264e-05,0.008797726987167964,0.04368961411117228,0.0884349909110651,0.12750410535185247,0.16810831832769174,0.20467449554521694,0.23192306698893478,0.24722141816445725,0.24761963299481954,0.2440011369996336,0.2862454274658724,0.35291524863468987,0.30670901173040194,0.06549531383812274,0.010042621968070209,0.006367995491973366,0.004900050551934598,0.02300916322212282,0.1969461848075909]","[null,3.380778395520396e-11,3.350498337992406e-11,3.396042054768109e-11,3.41547565081405e-11,3.4572507876695666e-11,3.48612636173904e-11,3.474785076812139e-11,3.4175201343148614e-11,3.343260695672251e-11,4.0020611133709964e-11,3.1126376142538266e-11,3.419440148374798e-11,3.539008488373706e-11,3.2898350747300706e-11,3.31646442554787e-11,3.3703667287908685e-11,3.370483411924661e-11,3.372644976109063e-11,3.419064621949993e-11,3.551207260989573e-12]"
3.600000000000002,sqp_rti,0,"[0.12561024565835008,0.22457012370330692,0.11462927948819916]",0.3946715314948654,0.02410278283059597,"[-2.980232227667301e-09,8.260207581042844e-05,0.0048882075302705275,0.020663540974733552,0.04934484642949505,0.08784672672283317,0.1260814533497504,0.15907818401278545,0.1843887774073269,0.20027219540560587,0.20386604639507006,0.2059253359699727,0.2124270806440441,0.2176672049223261,0.2202867463775327,0.06796795849614218,0.009127048750756706,0.005044812842554536,0.003903532637738405,0.016308367904746712,0.19800779050304912]","[null,9.898607149105655e-14,9.814875232051064e-14,1.0010563162174596e-13,1.0187346665000737e-13,1.0250849061858488e-13,1.0278569742927185e-13,1.0321223121551953e-13,1.0290677488265685e-13,1.0182524479314711e-13,1.0256489087245849e-13,9.905716951019066e-14,8.263023567613274e-14,1.455300128102219e-13,8.640307582673014e-14,9.66038888510263e-14,9.88180134479674e-14,9.898868736584307e-14,9.886814184943329e-14,9.97519241016913e-14,1.0109394716118781e-14]"
3.700000000000002,sqp_rti,0,"[0.1218911400299469,0.26851894419344324,0.10882671894755021]",0.40662562612942765,0.023318791761994362,"[-2.980232227667301e-09,6.789106256666066e-05,0.006049146232643743,0.029786833781418165,0.06338216360464874,0.09710106832369053,0.12829535821856292,0.15476917499248094,0.17513838783393548,0.18718338214682256,0.19373647035799008,0.20363122801745331,0.21913278616639148,0.20689198429953964,0.14512102850627412,0.018063907734885254,0.0042717111650394934,0.002591619029759351,0.0023211840308593745,0.02995073439016399,0.23467189980889175]","[null,2.983320804353786e-11,2.9654832626034353e-11,3.070283014934724e-11,3.07390441114582e-11,3.068977149614149e-11,3.0592520519853574e-11,3.04555297323976e-11,3.034420522705577e-11,3.010624744412613e-11,2.990026671758269e-11,2.3889374298546358e-11,3.5611154534375996e-11,2.9548332202703877e-11,2.931926946554243e-11,2.948570583073668e-11,2.9726502603903356e-11,2.975541177122116e-11,2.976599350351045e-11,3.019270525703402e-11,3.092747339972312e-12]"
3.800000000000002,sqp_rti,0,"[0.11490383662864358,0.3269906133825041,0.10314298062458335]",0.41819958726208073,0.02250399999320507,"[-2.980232227667301e-09,0.00013225476905631695,0.007054238734404195,0.028241599193460643,0.05774175963773506,0.0881090015705786,0.11430035745722739,0.1345068476299109,0.14761985740691436,0.15356594995268297,0.16077933216076074,0.1875921511446917,0.2077870707458505,0.17517431311056236,0.05822543463491342,0.005610796153717235,0.0021076084632258574,0.00137456795491539,0.001445321854536441,0.017616974359269844,0.2116366172653315]","[null,8.136931025233509e-16,8.163403385380223e-16,8.411405818274491e-16,8.445205410073908e-16,8.388598478933324e-16,8.355605178721806e-16,8.332197751059375e-16,8.291112709533971e-16,8.236189835208613e-16,8.239992526397693e-16,7.409483171167937e-16,9.245885110014934e-16,7.802024689059642e-16,8.030567770292657e-16,8.105435558278173e-16,8.127810902092071e-16,8.130306705492842e-16,8.130457291332289e-16,8.118788729413621e-16,8.205419444558684e-17]"
3.900000000000002,sqp_rti,0,"[0.110368649815337,0.3833166697826985,0.09909186108507721]",0.4292096332965011,0.021577291190624237,"[-2.980232227667301e-09,0.00015005744182469694,0.007659439772724819,0.029598022685920322,0.05670333423554319,0.08148282830153891,0.10159213922692273,0.11632744533106748,0.12609987819611873,0.13523835535559298,0.1647512454094791,0.21081639070132213,0.19321558288886714,0.08523618535061123,0.00497887995584273,0.0013890468681540813,0.0007502327877992876,0.0004746907227348718,0.0033530578154312707,0.04846300928450359,0.32442565552318997]","[null,6.961289980084602e-12,6.635407315462866e-12,5.967179659636084e-12,6.003548308546186e-12,6.350383910091695e-12,6.473364113047525e-12,6.604110360447567e-12,6.754521112913102e-12,6.924048459137906e-12,7.128972324799182e-12,7.655655088460125e-12,6.234746197850384e-12,7.112057887139814e-12,7.016846197286493e-12,6.984895917081445e-12,6.9843552339821935e-12,6.9837795636866375e-12,6.96646600628577e-12,7.315546000500756e-12,7.382667375712344e-13]"
4.000000000000002,sqp_rti,0,"[0.10612918454257178,0.4445841796909068,0.0958339402263157]",0.43980136694688565,0.020646510645747185,"[-2.980232227667301e-09,0.00021094030714971512,0.00833065925383919,0.029073632799253624,0.05262832775855819,0.07242381287446192,0.0862083643361366,0.09467385972866765,0.10079780195524829,0.11500311228703347,0.1611406442684345,0.1989833279052869,0.13977131879032784,0.02671478694604862,0.0014578152785367782,0.0004219962176882919,0.0002912511462718481,0.00036978810616106195,0.003118519983244472,0.05029115492044217,0.3964071718126519]","[null,3.4149116890305893e-12,3.2499741281522937e-12,2.7117575789607415e-12,2.8110260687562337e-12,2.972886535593077e-12,3.0886042451307428e-12,3.214162228521336e-12,3.3132660268746887e-12,3.4223025340575145e-12,3.09408890296365e-12,3.651133618099581e-12,3.3927678599377938e-12,3.4315369156261397e-12,3.4253186188019254e-12,3.429857873822506e-12,3.429525340268841e-12,3.427711896399653e-12,3.427435986353001e-12,3.5370446953469587e-12,3.6275278524559703e-13]"
4.100000000000001,sqp_rti,0,"[0.10106304217478143,0.44888090695196997,0.09237566917950218]",0.44988634390085663,0.019754359498620033,"[-2.980232227667301e-09,0.0002635894721449983,0.00826601660262466,0.02625779953819324,0.04480240368766081,0.05867549465961991,0.0675712013822059,0.07434147184020318,0.08429522227532066,0.12044113606617107,0.18939397098719973,0.16995052910010494,0.051305157552514136,0.0012840306577574512,0.00017642148994631568,8.201910586555505e-05,4.7557377706647364e-05,5.36409545860983e-05,0.0034426550959407165,0.04559374590508086,0.28286298679140104]","[null,6.683312373594465e-14,7.100975074071679e-14,7.404274218316454e-14,7.311573044440015e-14,7.205178297616549e-14,7.109779539021283e-14,7.030564560994554e-14,7.00148555481847e-14,6.924134547675284e-14,6.345394211558214e-14,6.628342800975679e-14,7.022334911709536e-14,6.721115367367099e-14,6.647250021509488e-14,6.688586789745161e-14,6.664243387847444e-14,6.688239452486849e-14,6.688473024775994e-14,7.203164772232041e-14,7.120650317189884e-15]"
4.200000000000001,sqp_rti,0,"[0.09797521815642524,0.44779360588972783,0.09387140006300482]",0.4590752153004097,0.019302943721413612,"[-2.980232227667301e-09,0.0001987157346876045,0.005842019902351503,0.01845923331741911,0.031073388692227144,0.040387671612779286,0.04741726153751441,0.05532626570072968,0.07585493065066268,0.14520965530995672,0.18516314023015995,0.07854760717021919,0.005171156509235941,0.00011379018904114635,4.4846569113993207e-05,2.4732353691714337e-05,2.4792234766868315e-05,6.723007919778867e-05,0.0017521332250774457,0.05735436926444032,0.2591664300157753]","[null,2.4795632989577305e-13,2.5255791558424984e-13,2.486148177018469e-13,2.491898914143047e-13,2.4915718077633925e-13,2.497155734879079e-13,2.5077063829084133e-13,2.524464892000773e-13,2.3900138809700275e-13,2.385985430614e-13,2.576891748102612e-13,2.512182732297677e-13,2.4761746386359094e-13,2.4795633226770053e-13,2.480930120027301e-13,2.480911126490834e-13,2.4758581814840217e-13,2.5071239837390834e-13,2.561113929046501e-13,2.579177686912107e-14]"
4.300000000000001,sqp_rti,0,"[0.09809174000496998,0.26947301466901186,0.10174165815745739]",0.46732822033841237,0.019341466948390007,"[-2.980232227667301e-09,0.00012340930584214815,0.0037367451624648607,0.011777668147552878,0.02012033979961758,0.027554886800138234,0.03562643748386357,0.05102651848184775,0.11102820136211272,0.18237933162654746,0.08507816892463788,0.004239670528405182,5.1285045514326555e-05,2.0767395484788675e-05,8.692181323322057e-06,3.993649450667602e-06,5.416821004355921e-06,0.0008694251848175294,0.011710516658059389,0.10767335919866278,0.6366601541304149]","[null,6.305546457345068e-12,6.347639871038973e-12,6.305071611368771e-12,6.29411236834524e-12,6.301675584364081e-12,6.315713723453467e-12,6.330580939372616e-12,6.336375980523111e-12,6.371003862391575e-12,6.374915078487304e-12,6.330856721091541e-12,6.3116969825716334e-12,6.302873452154569e-12,6.3039842244582375e-12,6.304431918641403e-12,6.303986228293681e-12,6.3053212264816856e-12,6.377008371780094e-12,6.405262865133487e-12,6.388688424856989e-13]"
4.4,sqp_rti,0,"[0.10015471488293168,0.038885888407116265,0.09621945038569066]",0.47848842749694054,0.020910432562232018,"[-2.980232227667301e-09,3.796248628315513e-05,0.0018141483438700312,0.006880457611594559,0.013098446638957262,0.019070427604812645,0.025794188561619802,0.044708418808543204,0.08144798976670026,0.06952744138119177,0.021179630179556652,0.0017408108735627592,3.048634460370292e-05,3.601223602461845e-06,3.930474877567036e-06,8.708269554782988e-05,0.007947702889920027,0.09817467717732892,0.3347074306694598,0.5306202298616405,0.5529129426533224]","[null,1.543033720988804e-11,1.5558599275109055e-11,1.5725563310312204e-11,1.575843868145912e-11,1.5687967214037813e-11,1.5679289854345806e-11,1.5742287627965178e-11,1.575549819142713e-11,1.556254919632129e-11,1.51712003185131e-11,1.5431592661465375e-11,1.5432676938890177e-11,1.5440500165884924e-11,1.544038586353143e-11,1.5432926309337853e-11,1.523729785125301e-11,1.479518223453985e-11,1.5766379103446152e-11,1.5326010778838437e-11,1.5705516111327546e-12]"
4.5,sqp_rti,0,"[0.08818036799497592,0.17423547722087918,0.09708677371436773]",0.48668426507094875,0.02355273813009262,"[-2.980232227667301e-09,8.373233010616765e-06,0.0010276587210648336,0.005465185566153663,0.013382361064589399,0.027138825163137092,0.06772787983320933,0.08976613619599921,0.03369751030718887,0.0032244630616761194,0.00011598086868072621,2.6855032239370136e-05,1.2546643735927843e-05,9.627645956800102e-06,2.0800075829219278e-05,0.015334574166854076,0.18116630875820655,0.17150535377284887,0.06405862645774746,0.07899189058274009,0.13560676673320798]","[null,1.876642957076569e-15,1.885724802383463e-15,1.8945810493583397e-15,1.8924800200504085e-15,1.8973308484923632e-15,1.8763444063646836e-15,1.9034790404034946e-15,1.9143124816287592e-15,1.8926382025098054e-15,1.877123511925044e-15,1.876590159475776e-15,1.8750932247574597e-15,1.8751296729460376e-15,1.8827978023438716e-15,1.9290560951712504e-15,2.0518042679112793e-15,1.9676178064828556e-15,1.938920213771897e-15,1.913046478017708e-15,2.021054759646748e-16]"
4.6,sqp_rti,0,"[0.08327710786627089,0.04266711627714176,0.09302888847476819]",0.49509287381660516,0.024025753140449524,"[-2.980232227667301e-09,1.1547995279470591e-07,0.00010987723221642098,0.0010721841303672486,0.003333086952728437,0.007896576906609998,0.02491388339405526,0.030644216841130556,0.008482698932267108,0.0003987253927020262,3.421590835939181e-06,5.008856769073144e-07,2.4263220116393924e-07,4.385352511959706e-07,0.0017728185592944534,0.0847753102262015,0.17992741062021872,0.12630372542670526,0.11964969038988099,0.1551688573371422,0.19894980598076978]","[null,1.0905890099783479e-14,1.0893337433215743e-14,1.090152271635906e-14,1.0950034391740904e-14,1.1138611380544628e-14,1.2161479021128384e-14,1.1439640675345627e-14,1.0720402486715763e-14,1.0888780339226557e-14,1.0900519653366835e-14,1.0906620700125417e-14,1.0906979708479534e-14,1.0906456509840306e-14,1.0748609811733021e-14,1.0860325811076442e-14,1.1162436094362775e-14,1.0824383616491892e-14,1.0826560716333946e-14,1.0826079192411072e-14,1.1334278433981907e-15]"
4.699999999999999,sqp_rti,0,"[0.10237767722990523,0.2556314236636342,0.09893037869257085]",0.5064040097425933,0.024173900485038757,"[-2.980232227667301e-09,-2.7667796664854194e-09,2.661578322332714e-05,0.00040767447615344676,0.0016227848243950405,0.006215753866528673,0.013348322055474926,0.006324214681873663,0.0005955600722815646,8.574784585768658e-06,1.772971436331261e-07,2.4463237380256686e-08,5.5860132186502653e-08,0.0002665712706347301,0.06237666451076401,0.20397024642079736,0.09710975536194494,0.08147298166948308,0.11276954679659285,0.19763945822161127,0.3283434489492841]","[null,6.571677116940567e-13,6.660037964785527e-13,6.638679766251144e-13,6.62661445391839e-13,6.868815640626303e-13,7.043595596674272e-13,6.613464671958968e-13,6.669020098998764e-13,6.595434927077428e-13,6.571823388253307e-13,6.571638119420568e-13,6.571628240592505e-13,6.673412691532421e-13,6.251606399032704e-13,7.046903233107426e-13,6.481600779504862e-13,6.075975272531949e-13,7.08749902495451e-13,6.226611066201348e-13,6.399287895800355e-14]"
4.799999999999999,sqp_rti,0,"[0.09262000173075462,0.05133934193067888,0.10513731231934915]",0.5148473143193475,0.025296904146671295,"[-2.980232227667301e-09,2.3693499476284963e-07,9.201973603795155e-05,0.000741948127271741,0.004788090513879573,0.007897055401023867,0.001928997076650868,5.9126941925946586e-05,2.6783822543174907e-07,5.160330199260876e-08,2.128721199312622e-09,1.2162946286531362e-06,0.006171976636732468,0.14213034761159166,0.20773699955848707,0.10046712611388992,0.16854645004993146,0.23795658780392764,0.28637543707713214,0.30957573124404975,0.32706735068126563]","[null,2.979002873155957e-11,2.97328014240133e-11,2.9771078490475393e-11,3.023258748869149e-11,3.004462134095119e-11,2.978744840687542e-11,2.972866120236277e-11,2.9791761899317964e-11,2.9792410707745765e-11,2.9792456033123534e-11,2.978868707909706e-11,2.9793719262776374e-11,3.0278857967985446e-11,2.9442008022119966e-11,2.9314219037323384e-11,2.953259150631655e-11,2.9469926339880176e-11,2.949976723526713e-11,2.9556648367977754e-11,3.0206025956661727e-12]"
4.899999999999999,sqp_rti,0,"[0.1050304078536651,0.29027059780322617,0.11414064346843365]",0.5249829220525934,0.025564447045326233,"[-2.980232227667301e-09,-4.856121338381314e-09,2.119442519030179e-05,0.0008006237739482391,0.0024608578900313094,0.0005357515263045287,1.2273910888205286e-05,3.179166213618245e-08,3.19596754616569e-09,4.342620152364418e-09,8.419228325617922e-08,0.0020500998855704777,0.09113771899879702,0.13551157183186185,0.0779748607239153,0.08516322791408532,0.12570272914459207,0.21196021659913172,0.3366445670606531,0.47759408952254817,0.5928820756047457]","[null,7.468183563372675e-15,7.440613514674918e-15,7.517243850469503e-15,7.754909995600281e-15,7.475866983385077e-15,7.442736361058914e-15,7.46812138206053e-15,7.468240265854033e-15,7.468247814271325e-15,7.46806905296708e-15,6.966264532826832e-15,7.991125030358187e-15,7.783467182047217e-15,7.347362868239217e-15,7.351922367139711e-15,6.662710257289444e-15,7.480560682704597e-15,7.517490572952263e-15,7.5095180761731e-15,7.719443188986331e-16]"
4.999999999999998,sqp_rti,0,"[0.10903497297485178,0.05841149785987512,0.10753031082298051]",0.5379506320631473,0.027346938848495483,"[-2.980232227667301e-09,4.092351263418337e-09,2.5299209893386854e-05,0.0003228379882361243,0.00012463102752949262,3.041753864591046e-06,-2.087909928283338e-09,-6.775311561790787e-09,-2.1964648710959267e-09,1.6885534237509603e-07,0.0022956845900027334,0.0939352044531237,0.18659109954128256,0.1261202713923371,0.2093968148438588,0.2999253199707475,0.37076868414220315,0.412854423155882,0.4318484316558749,0.4378329599950746,0.45167934393827097]","[null,2.7659978052196103e-12,2.7545524960044184e-12,2.791721332244372e-12,2.755951530339994e-12,2.764078605919273e-12,2.7660210578986662e-12,2.766024533591924e-12,2.766024634621851e-12,2.7658824874100576e-12,2.7701077936248525e-12,2.9875359116304664e-12,2.7911287997642307e-12,2.776472596547298e-12,2.7417506138847153e-12,2.7408929851905204e-12,2.7452607548183493e-12,2.7487147901248317e-12,2.7488183952723137e-12,2.742150707344387e-12,2.8416639485285443e-13]"
5.099999999999998,sqp_rti,0,"[0.10827823374179356,0.35765151370676773,0.12282582177855647]",0.547157364966298,0.027761973440647125,"[-2.980232227667301e-09,-6.044385270076447e-10,1.5281441178072175e-05,3.2161826766241575e-06,-1.2782874758698881e-09,3.173978552206691e-09,-8.66325547410618e-09,-5.328999769238507e-09,-9.485807500597687e-09,0.0004666138212751636,0.09262744403608797,0.18702314359880462,0.11230408983449608,0.13357525380086327,0.15421465844878562,0.19836158765439543,0.2751086428781003,0.37965506566832,0.4909782363520872,0.6821295541993713,1.0091765210007864]","[null,1.8781650227552005e-15,1.8745726734887795e-15,1.876832124290302e-15,1.87816796159867e-15,1.8781717968345047e-15,1.8781717997667953e-15,1.8781718024825973e-15,1.8781713200747415e-15,1.875553435717539e-15,1.6491887344144251e-15,1.8601166395096777e-15,1.9187351474592953e-15,1.8569533972849085e-15,1.8284130591871154e-15,2.746714681055842e-15,1.805658863604056e-15,1.8656875789874743e-15,1.8707378403536137e-15,1.872345246714869e-15,1.8943842594478682e-16]"
5.1999999999999975,sqp_rti,0,"[0.11966438496547342,0.10053921574841823,0.13166043550074388]",0.5587958973125907,0.03089830093085766,"[-2.980232227667301e-09,-9.825614766256763e-09,-8.758431591093796e-09,-1.5642019068895507e-09,-3.3002758303979363e-09,-2.9911053911479968e-09,-2.99414246174301e-09,2.6984492840220753e-07,0.0018163268108988828,0.0524750031691637,0.07827084885889929,0.06006675800382483,0.08043158526505395,0.11610050283138468,0.16367213073234482,0.2234819292487334,0.279557180609541,0.32997354401388074,0.38431135122099286,0.5246405033742743,1.1290443296539017]","[null,2.4901558674891932e-11,2.4901490082878728e-11,2.490155253456533e-11,2.4901559178761428e-11,2.4901559190980967e-11,2.4901559190696038e-11,2.490046365565888e-11,2.4917241145115817e-11,2.5595341738389048e-11,2.49795663260934e-11,2.5040471415315513e-11,2.499975315790256e-11,2.5009690124932398e-11,2.6169377971886717e-11,2.4828014608897207e-11,2.4794739398614875e-11,2.4808667454277804e-11,2.484957726321143e-11,2.488858516934589e-11,2.512717450152301e-12]"
5.299999999999997,sqp_rti,0,"[0.12627882901299672,0.1649071194137655,0.12368698057785932]",0.5739284451989486,0.03502637892961502,"[-2.980232227667301e-09,-2.980230062732403e-09,-2.9813575774806367e-09,-2.9802377510268485e-09,-2.9802668666256693e-09,-2.9802686707380843e-09,2.922582148512376e-09,0.00018507091200214987,0.17627073659749187,0.31594723386232887,0.18517869412114224,0.1808663567312337,0.19371449731408036,0.21659920603502753,0.25421503573658893,0.3117110448982137,0.37444761863808856,0.4836238423349302,0.9164832540556727,0.8772892636265393,0.6756626778976489]","[null,1.028007159615448e-15,1.0280071602099842e-15,1.0280071597220768e-15,1.0280071598997914e-15,1.0280071599127161e-15,1.0280071388551534e-15,1.0248366256998751e-15,1.031847480433203e-15,1.0276530295331437e-15,1.0277998945784855e-15,1.026499550150714e-15,1.0255151880707028e-15,9.87725103908787e-16,1.3082102019923944e-15,8.65038819649273e-16,1.019162291957463e-15,1.0409123543009858e-15,1.0415347559000525e-15,1.0157716996033915e-15,1.0632899023121087e-16]"
5.399999999999997,sqp_rti,0,"[0.1282277203817651,-0.09546435261742137,0.14419577227733354]",0.5843412822076356,0.042549245059490204,"[-2.980232227667301e-09,-2.980232227667301e-09,-2.980232227667301e-09,-2.980232227667301e-09,-2.980232227667301e-09,-9.01727079116732e-09,0.0007275956274864215,0.02818560863461511,0.030778203193036202,0.03378170715763168,0.056143324139166506,0.08971031354791742,0.13020228615460888,0.17026689683642077,0.20871525238044591,0.2542936455507981,0.30438062035797203,0.4339058934928353,0.957332927770193,0.9300382838850225,0.6153149758059093]","[null,1.7069468781803895e-10,1.7069468781803955e-10,1.7069468781803906e-10,1.706946878180293e-10,1.7069467783396596e-10,1.7068940724106929e-10,1.7081300543536744e-10,1.7076005380271797e-10,1.7073287575546072e-10,1.7070919705771549e-10,1.7066439569562265e-10,1.6829778634039788e-10,1.8026120225735622e-10,1.706493366277494e-10,1.706627238070707e-10,1.7066287803588612e-10,1.760666436758477e-10,1.7059829709801884e-10,1.706504344042302e-10,1.70811838513787e-11]"
5.4999999999999964,sqp_rti,0,"[0.13104669735845942,0.12019904286789332,0.1476949528349367]",0.5973106939954139,0.05141662433743477,"[-2.980232227667301e-09,-2.980232227667301e-09,-2.980232227667301e-09,-2.980232227667301e-09,-2.9754086694477877e-09,1.9042762690713033e-05,0.2271065901932417,0.28968336477053286,0.18831691998154626,0.18743928580639918,0.20461408406574294,0.22740448520988182,0.2548307193159925,0.2830582591123559,0.32441569403855725,0.35957880946906,0.5626306023581218,0.649042591213356,0.48409296305565414,0.5315549304408165,0.6597686467016446]","[null,1.8960579278807077e-15,1.8960579284752438e-15,1.8960579279841053e-15,1.896057928371846e-15,1.893949964899313e-15,1.8918942068631894e-15,1.8961313086755097e-15,1.887259831399163e-15,1.8914342262777575e-15,1.886912287483992e-15,1.874998849989464e-15,2.0363804472591723e-15,1.8451601083543495e-15,1.890448529890795e-15,1.897243209481945e-15,1.806424613853597e-15,1.9481926087601277e-15,1.894392835176226e-15,1.8944273911116044e-15,1.9144645979526716e-16]"
5.599999999999996,sqp_rti,0,"[0.15036542751310977,-0.2282659112986781,0.14443119972043625]",0.6148042206196549,0.062205925583839417,"[-2.980232227667301e-09,-2.980232227667301e-09,-2.980232227667301e-09,-2.979770236111179e-09,1.599673894500664e-05,0.00982832004028672,0.010317755746672763,0.020511265335812656,0.04658022904450193,0.08561482714866814,0.12817256728636012,0.16519396258979385,0.1954118222564823,0.22113273628846458,0.26982209916660055,0.41227157423368227,0.9854352361086469,1.1071733839545999,0.6423366900451206,0.6800951010335801,0.7587689344472739]","[null,1.9754367664528215e-11,1.9754367664527982e-11,1.9754367664517565e-11,1.970693160536171e-11,1.9982333697278244e-11,1.983325644668158e-11,1.9859285359182854e-11,1.9810503344909856e-11,1.9663196365822613e-11,2.0447097281336834e-11,1.964676839237439e-11,1.9564889379032154e-11,1.954763849392029e-11,1.9528357130386914e-11,1.9826920951477195e-11,1.954285060126445e-11,1.9529077630540226e-11,1.9555761492031957e-11,1.9530859277011408e-11,1.983261616012412e-12]"
5.699999999999996,sqp_rti,0,"[0.14487821172021487,0.022508756986608175,0.15965294424557033]",0.6262165434127144,0.05006197467446327,"[-2.980232227667301e-09,-2.980232227667301e-09,-2.980232227667301e-09,8.928186448486919e-07,0.13476690397433871,0.1495357909829032,0.13714888064411285,0.16156895957978606,0.19253450123147325,0.2220128882586117,0.24846919467852474,0.2795434689090575,0.3270673175254231,0.4452143615764886,0.8492012849250059,0.6193316419260213,0.4440918553463174,0.5242294559668925,0.6128888314562715,0.6992947422853397,0.7723658400763209]","[null,2.335895648733744e-15,2.335895648733744e-15,2.3339319933103334e-15,2.3362417957347308e-15,2.357210146033009e-15,2.344577073780957e-15,2.329707267386597e-15,2.3262295342821043e-15,2.2447203157368764e-15,2.5026172898167343e-15,2.3243393476836073e-15,2.333171672317288e-15,2.3637502574302246e-15,2.3397924970324588e-15,2.3624971130655787e-15,2.349959827035991e-15,2.3392763646611616e-15,2.3398251660460754e-15,2.3380763533772084e-15,2.3719786993924704e-16]"
5.799999999999995,sqp_rti,0,"[0.14498694693556807,-0.3077565340770769,0.1596862591808009]",0.6405273620251727,0.03721644729375839,"[-2.980232227667301e-09,-2.980232227667301e-09,6.433443222597646e-10,0.0008906567141370447,0.0011537887987709827,0.00650347325203976,0.028723737527776738,0.07586613086789101,0.13449829378065986,0.1897751217702897,0.25605938620805874,0.3292988867390399,0.41507934055532375,0.5313638744783808,1.294772826342222,1.1213764508507438,0.7494733692972104,0.787608617720658,0.8299293986742347,0.8834270606189338,0.9519556904764535]","[null,1.3156908915992948e-12,1.3156906426154489e-12,1.3152617471376788e-12,1.3148763741092829e-12,1.32850985622407e-12,1.3462901362919366e-12,1.3216185580071412e-12,1.3441489342514742e-12,1.305181048836178e-12,1.3014998857393364e-12,1.3009975997278952e-12,1.3016422547666099e-12,1.301546606148801e-12,1.3137283348055017e-12,1.3041211448015646e-12,1.3501123995645613e-12,1.3156908917147059e-12,1.3156908917152552e-12,1.3156908917152229e-12,1.3229691807266286e-13]"
5.899999999999995,sqp_rti,0,"[0.23800156164619057,0.04135828547276682,0.19764512696219377]",0.6640714611389696,0.025098031386733055,"[-2.980232227667301e-09,-2.980232227667301e-09,8.617628348253636e-05,0.004300778875722611,0.024133779840855685,0.07367114260454138,0.13317887225047614,0.18478266389098225,0.2229004557438266,0.25259506577844065,0.27934563041238897,0.2880643171408906,0.41413284974268977,0.5661248931316585,0.40584408627356156,0.3816991225465312,0.4413709297627951,0.5472631845731974,0.6355046824655706,0.7467050542287217,1.052609231166074]","[null,7.995411008140328e-16,8.003915639758898e-16,8.041951214363288e-16,8.253187656146812e-16,8.344501664655055e-16,8.47474216788094e-16,8.552134778249457e-16,8.531046329914698e-16,8.524741281469455e-16,8.448808415921085e-16,8.347505359924615e-16,8.52356125662686e-16,8.396163925419251e-16,8.606857990755861e-16,8.524111046292273e-16,8.840953937638143e-16,9.013000604230289e-16,1.2884307551961386e-15,8.755657286032178e-16,8.413514237339365e-17]"
5.999999999999995,sqp_rti,0,"[0.19420664487163303,-1.1999999989052792,0.15982155147601262]",0.6844633820687114,0.015695489943027496,"[-2.980232227667301e-09,-2.980232366445179e-09,5.933916435996167e-08,0.00042856508743205346,0.01047747903414803,0.043656864812263774,0.11630633561138898,0.19162157944172692,0.22553542784432318,0.23966086312686558,0.21777032817577152,0.26142894472994477,0.43714360382376577,0.3573194212992526,0.39957807498618686,0.3355222450815923,0.2249045204552827,0.11714687994601009,null,0.29280633008063656,0.5430509776337826]","[null,8.918781342687887e-12,8.91802993668978e-12,8.913842074383395e-12,9.143959371015816e-12,9.259654250383057e-12,8.982214229542733e-12,8.98199957407728e-12,9.016624958137134e-12,9.01331756625112e-12,8.940174119782784e-12,8.92636778801768e-12,1.036741412059519e-11,8.924032119503062e-12,8.916582173806387e-12,8.78836269148763e-12,8.881851744174287e-12,8.926868436297787e-12,8.918781342605273e-12,8.956607058627214e-12,9.263369881134935e-13]"
6.099999999999994,sqp_rti,0,"[0.15413988533754996,-0.6325727559800839,0.16002908450883066]",0.6977235339272344,0.009112436324357986,"[-2.980232227667301e-09,0.03137986770427831,0.258836655387406,0.4101150044292979,0.512176383788902,0.5720933095142058,0.550898279247005,0.562675290794229,0.6008481149945577,0.6181163514068089,0.8408118341595141,1.5697653065921429,1.1143267251205884,0.6019933668028699,0.5429037903170169,0.6347170596897243,0.6956355955004383,0.7380050328120269,0.7832018777798992,0.6807105568162484,0.10944887105164264]","[null,3.081939989780603e-12,3.040856031861698e-12,2.9939515375617456e-12,2.993084250500673e-12,3.0027442412782547e-12,3.0027442412813243e-12,3.00274424127925e-12,3.0027442412825845e-12,3.0027442412804454e-12,3.102216918701763e-12,3.0148556215638904e-12,3.0216772493925943e-12,3.021829470991066e-12,2.970584915427528e-12,3.1697152670184745e-12,3.0005034847628864e-12,3.0142600111534333e-12,2.99958749545832e-12,3.0040765922153616e-12,3.117819370626097e-13]"
6.199999999999994,sqp_rti,0,"[0.17097849298644077,-0.24345845236050923,0.1594097227367643]",0.7130741701727615,0.006296813488006592,"[-2.980232227667301e-09,0.07602383500358273,0.19325394115241395,0.24383467185343904,0.28238923464753257,0.3189920520612198,0.35321134477591515,0.37312794115717623,0.37991795461415273,0.5441000757488019,0.4563022433329323,0.33921397260058656,0.3174055334613069,0.3847198284682894,0.4622286129546012,0.4923261008552025,0.4701041834475273,0.3740215187568133,null,0.29795459400801577,0.24307597023007227]","[null,6.5456169474325e-12,6.599032190702211e-12,6.595452164190279e-12,6.597753138214258e-12,7.051865983319808e-12,6.866887598939016e-12,6.677452910627652e-12,6.74734571399024e-12,6.665992243119453e-12,6.699688114795693e-12,6.5863370038652e-12,6.702583234950305e-12,6.5947751843841e-12,6.756299753823819e-12,6.7498812679277086e-12,8.832563169204903e-12,6.600486192403766e-12,6.624187313900811e-12,6.569328531214145e-12,6.650778389659751e-13]"
6.299999999999994,sqp_rti,0,"[0.11121743180762564,-0.05850088258615424,0.09223177675428677]",0.7302546552024995,0.005574125796556473,"[-2.980232227667301e-09,0.17370875618564058,0.1851495487991784,0.21930350771438506,0.24682140796026247,0.2318973730268457,0.22339296836648154,0.23354618510652775,0.32565961488237677,0.31942895955779244,0.44180814760336845,0.2861648215341919,0.20349204311370422,0.1813779988668756,0.005984134682805731,0.047778023549245596,0.14199165868128089,0.2961586819534155,0.42484020762624725,0.4513314416456165,0.25948372248633406]","[null,1.949590973037124e-15,1.945818110859812e-15,1.9597501654962837e-15,2.0841141026065762e-15,2.0563268294363366e-15,2.0018015670343185e-15,1.96216783208515e-15,1.9814730908550302e-15,2.0348294329005864e-15,2.02021425479354e-15,1.94992538036774e-15,1.9490230981015933e-15,1.9846294490016296e-15,1.9462715150944177e-15,1.9772810849134535e-15,2.0324961711105668e-15,1.9563779167770244e-15,1.9408354675683317e-15,1.9577477275095207e-15,1.9473815754288368e-16]"
6.399999999999993,sqp_rti,0,"[0.11808036610731686,0.3948672865486772,0.10771206923621715]",0.7378158542111007,0.005461025983095169,"[-2.980232227667301e-09,0.06849087906195878,0.019965691971132682,0.16060924775871827,0.21900128696504667,0.24070313890795775,0.25809717701088425,0.2549614572168977,0.17944890670873798,0.10321281842488156,0.008119684090089063,0.22345487094115485,0.30464139656431116,0.31998627608176095,0.23996145652692463,0.3215480014052126,0.3844098701126171,0.45801986010987933,null,0.5038528771653901,0.6369421775619315]","[null,6.216696829280257e-15,6.253047941572801e-15,6.302209744937795e-15,6.519985653421316e-15,6.4165647400062314e-15,6.42861110807476e-15,6.158337490554364e-15,6.0840968048366184e-15,6.397943093530682e-15,6.246691128707662e-15,6.35840181854756e-15,6.213634230723635e-15,6.199411736614256e-15,6.2232084120319975e-15,5.8277685581695365e-15,6.190441140611149e-15,6.204228889064905e-15,6.228192548800497e-15,6.228192548802113e-15,6.268012345172728e-16]"
6.499999999999993,sqp_rti,0,"[0.10023837216739409,0.1836259084135928,0.10979095171285287]",0.7480506621749572,0.0057244673371315,"[-2.980232227667301e-09,0.10414043091144692,0.18437399352941314,0.2095586277019706,0.21718474750271072,0.20981482890153097,0.20992115654665505,0.22637937520901447,0.5915446726785809,0.3937309274761354,0.2108287192111014,0.19508217185791638,0.22526196119986813,0.3063947305221622,0.26233588073690256,0.3582235529327447,0.40891499995696373,0.4782149058513781,0.7189850580476971,0.9909295971860785,1.0007042026074984]","[null,1.3918632415080826e-12,1.353772233793931e-12,1.5528143223623858e-12,1.4291411449320251e-12,1.4113625656000302e-12,1.39014139947936e-12,1.5006415557114459e-12,1.391102829570215e-12,1.4455974331636704e-12,1.3945354699737207e-12,1.390132667971012e-12,1.4044110760272968e-12,1.3898560084037455e-12,1.4041791721507595e-12,1.525123375856467e-12,1.6197692921455688e-12,1.4626307921378044e-12,1.408305957687707e-12,1.450427050889467e-12,1.4203412500883227e-13]"
6.5999999999999925,sqp_rti,0,"[0.0984342243200969,-0.008921505357658094,0.10566083417670008]",0.7576533039746159,0.005636047571897507,"[-2.980232227667301e-09,0.08718055813966857,0.19825357352669642,0.1622062813405563,0.11652249740284121,0.11983877823198058,0.22707652016756158,0.363331243282979,0.714522748762431,1.3128025723763812,0.4771123906987576,0.4204784548441303,0.4144060736853959,0.435907071933986,0.5282988791691257,0.5126668959404912,0.44027494018271024,0.551631905744663,0.6409321616768591,0.7222216835775026,1.3342266960410114]","[null,3.15863622172319e-11,3.292584789751907e-11,3.265458734194577e-11,3.224105346861952e-11,3.197075112343288e-11,3.153605279568509e-11,3.191675580119384e-11,3.1720853991103185e-11,3.172085399110467e-11,3.1720853991100916e-11,3.172085399107798e-11,3.172085399100042e-11,3.172085399100013e-11,3.1720853991086434e-11,3.172085399116631e-11,3.172085399102319e-11,3.1720853991106816e-11,3.172085399112914e-11,3.172085399107786e-11,3.1855271357386994e-12]"
6.699999999999992,sqp_rti,0,"[0.1058108029171328,-0.09323958005075077,0.11648048846111878]",0.7685762992920139,0.005649533122777939,"[-2.980232227667301e-09,0.10020994985079029,0.1895152299755523,0.1561077419841233,0.12895678663125026,0.11801856407888495,0.1515177154141359,0.4033987323576625,0.7854788251097886,0.5608571016950747,0.4887824263136878,0.5562631044396233,0.6168909992673626,0.6644282758276645,0.7052073008420805,0.7217634806236475,0.7845549308669841,1.1476952925924777,1.6457464465940077,1.951416920282935,2.070909610035014]","[null,2.4341417372669243e-14,2.497905570584705e-14,2.3886317199451464e-14,2.4058942868309676e-14,2.4268550601231692e-14,2.444228077734923e-14,2.4295291387471314e-14,2.4154621763934034e-14,2.4440287845683957e-14,2.4235237907062913e-14,2.413927450344881e-14,2.4077056212084342e-14,2.5182288507326865e-14,2.5253511724492454e-14,2.459685028009062e-14,2.4504049298289986e-14,2.4521984812908947e-14,2.436768558005251e-14,2.436768558004605e-14,2.469836874043588e-15]"
6.799999999999992,sqp_rti,0,"[0.18434190149642504,-1.1999999999984785,0.16315113577627194]",0.7838216601472633,0.0058865733444690704,"[-2.980232227667301e-09,0.11638446802540586,0.16906813617208344,0.18727848091091276,0.20782664944215484,0.5654194319176511,0.335371163660043,0.17311441428641033,0.1737073655410451,0.18831007344170897,0.23047906996760714,0.30276289954140584,0.4022409859956964,0.5033045105359679,0.6012913963264406,0.633982773448176,0.6021602603311969,0.6017468528295564,0.9460601986650843,1.7720202295923186,1.564269710455595]","[null,5.928570445880944e-16,5.24174830763682e-16,5.697162131625781e-16,5.780333601594097e-16,5.666929012401682e-16,5.646541861878165e-16,5.671226077615819e-16,5.713914265575638e-16,5.265035308981926e-16,6.531819816045184e-16,6.282209849331145e-16,7.168741398236803e-16,5.276823498180834e-16,5.7407194957378e-16,5.670767151155756e-16,0.11535586995754113,0.14350908431953574,8.727240725743598e-16,7.6154486238947e-16,5.740125716470086e-17]"
6.8999999999999915,sqp_rti,0,"[0.18644618694213663,-0.5382151500927762,0.1380348330553347]",0.7997346257680916,0.010742675513029099,"[-2.980232227667301e-09,0.08732215055629028,0.07783637523298276,0.2214909175120841,0.9371918587313715,0.6467330233502906,0.4923375631762859,0.5267284741422145,0.5817052112636858,0.6130273604882894,0.6016500026581457,0.6439232846984992,0.6809885606027393,0.7200414782234981,0.9919312275094512,0.8264657225546201,0.5016669900793846,null,null,0.3518327016541008,0.4489192832718459]","[null,2.52232878159771e-09,2.498196624067739e-09,2.5673022405525158e-09,2.5475401780162303e-09,2.501538451748773e-09,2.532332865137403e-09,2.5171816088944447e-09,2.8208678523263443e-09,2.500660315377572e-09,2.5006603153776003e-09,2.500660315377599e-09,2.5006603153775924e-09,2.500660315377579e-09,2.50066031537758e-09,2.5264035142260926e-09,2.7544275887914083e-09,2.506582080785691e-09,2.5006603153775986e-09,2.499233889220871e-09,2.529226503077508e-10]"
6.999999999999991,sqp_rti,0,"[0.09404825011500233,-0.2677611662128173,0.09077624145309898]",0.8134376691496673,0.013667065650224686,"[-2.980232227667301e-09,0.06277044515058422,0.16249101973547725,0.25210326325517657,0.2176695312330466,0.1588012042723655,0.1338791368550723,0.1421153397520783,0.18059796225108188,0.2475070732023948,0.30727639598909634,0.3794840620993803,0.4087939270720316,0.22185446203845133,0.1957570265138429,0.20773439078421113,0.21599711713407183,null,0.808188282013586,1.1843496202094854,0.5243250228303038]","[null,4.840087261511859e-11,4.986198829782158e-11,4.904692133586265e-11,4.8481262541714316e-11,4.88847854000763e-11,4.8423354959507316e-11,4.834051257139956e-11,4.9604924903471985e-11,4.9183058273901963e-11,4.8252672214887984e-11,4.863358312017768e-11,4.8884757226673146e-11,4.861944422568377e-11,5.355913193820207e-11,4.871337822783346e-11,4.858078421387891e-11,4.8701865717311157e-11,4.870186571731157e-11,4.870186571731074e-11,4.90808109651808e-12]"
7.099999999999991,sqp_rti,0,"[0.11235239565629854,-0.3578156545442449,0.10085051925050718]",0.8219267009503076,0.015310965478420258,"[-2.980232227667301e-09,null,3.046056437638889e-08,0.003935040656004862,0.01768999045106795,0.04727609119129356,0.10939059758704134,0.19058926426654638,0.2772637695288623,0.3484675357843752,0.42598461063897447,0.49838179959336487,0.4764776435970333,0.30184142632354566,0.2073630292901683,0.3727694923021517,0.45547724880231827,0.7109563610420657,2.172055183541187,2.17205766654794,0.7803903573955446]","[null,1.5147285530585592e-15,1.5146582989547738e-15,1.554614317526201e-15,1.5066214427288913e-15,1.5785444156601147e-15,1.5388001036267127e-15,1.5174317242928718e-15,1.6061145588891051e-15,1.4696837152228027e-15,1.5983643716170799e-15,1.4727905795473626e-15,1.5147285530585592e-15,1.5147285530585592e-15,1.5147285522313786e-15,1.5147285530585592e-15,1.5147285526449689e-15,1.5147285526449689e-15,1.5147285526449689e-15,1.5147285522313786e-15,1.4899751758128493e-16]"
7.19999999999999,sqp_rti,0,"[0.1261099897727321,-0.07162123966897038,0.10731868241893144]",0.8325146089080228,0.017841942608356476,"[-2.980232227667301e-09,0.0009933681718549692,0.013896934002643857,0.028552291017777176,0.056961788390636425,0.10488928869271136,0.15467378886106148,0.20277088587527176,0.2553119228231154,0.31960757049118876,0.37877014898286526,0.4134711240502316,0.4146096158511526,0.511063126216343,0.9223363382738945,1.38195567010331,1.3345489893238536,1.3413290926318282,1.1637428471226243,0.9071673551740147,0.7937404961612884]","[null,2.4878366135680183e-15,2.6533993574746734e-15,2.585248653037727e-15,2.5465034595857984e-15,2.5247994520286067e-15,2.500667428948357e-15,2.4873283775145474e-15,2.494158079984532e-15,2.4878368923795835e-15,2.5073584696329944e-15,2.5838513686127085e-15,2.6548745075126786e-15,2.513878277623581e-15,2.503750046696308e-15,2.476349908883833e-15,2.476349908883833e-15,2.476349908883833e-15,2.476349908883833e-15,2.476349908832134e-15,2.458374426371089e-16]"
7.29999999999999,sqp_rti,0,"[0.14688120930564588,0.0658840722395965,0.10001434341325134]",0.844377394648173,0.0187214482575655,"[-2.980232227667301e-09,0.003538899240512372,0.020003754118472827,0.047734940339121235,0.080450579548425,0.11004894853609742,0.14726364351873117,0.19172092943497782,0.23547743393378867,0.2891069558492479,0.3483713574066208,0.3473849246800825,0.4045119193240943,0.4705780237042248,0.4966859908137636,0.8361088758162338,1.6523515742754504,1.9463239603432612,0.9521235089293778,0.697486901224569,0.7848926392721853]","[null,2.316347873431889e-13,2.3503300513804467e-13,2.34754001273005e-13,2.351230330386531e-13,2.350742728420649e-13,2.3478708847587116e-13,2.35789471573867e-13,2.32017326063899e-13,2.2677718212485594e-13,2.289158631206886e-13,3.7809275135613235e-13,2.306263700483669e-13,2.3205164385488386e-13,3.5685835241721886e-13,2.330344455436105e-13,2.3413568649975485e-13,2.305704205193542e-13,2.6234707457100297e-13,0.14726233247115847,2.6405339617794232e-14]"
7.39999999999999,sqp_rti,0,"[0.11888019512349998,-0.5792716493722075,0.08624085870551898]",0.8576726672484131,0.01891704834997654,"[-2.980232227667301e-09,0.012055024610005571,0.04369201888065072,0.06689062366379944,0.055056784036343676,0.07410117844256608,0.04830179347723079,0.022603540757060447,0.14296923923645793,0.15444779543831616,0.16722429840866831,0.34968600142684353,0.3262628770039669,2.7742664138186157e-08,null,null,0.010623181196266984,0.13380667217027026,0.2808548306380188,null,null]","[null,4.050359180587185e-15,4.052798341722762e-15,4.057108974928455e-15,4.055852740488459e-15,4.0643481263991294e-15,4.070257832853267e-15,4.073010475123378e-15,4.047710121828335e-15,4.0483284803592066e-15,4.224099125946863e-15,4.0391290220925735e-15,4.09041476924124e-15,4.051871895455896e-15,4.05210196922923e-15,4.052101968350351e-15,4.3153871793498664e-15,4.037726459350518e-15,4.319514233648029e-15,4.052314039881821e-15,4.066100199607176e-16]"
7.499999999999989,sqp_rti,0,"[0.059364610955650515,-0.7603694410158867,0.06355074604653393]",0.8672752755172476,0.023175403475761414,"[-2.980232227667301e-09,0.0014346318712880057,0.009466451542517629,0.04677322232585973,0.09064501700769761,0.1578665726104969,0.161913212851794,0.13989351443051828,0.018871687671782322,0.06032634838877443,0.05237423103200883,0.03177574541524991,0.38260536368037884,null,0.6780493926351923,0.525637731312149,0.46060241337443203,0.4549125531043508,0.5077114193066563,0.49190907298293923,0.5405370727171899]","[null,1.6319930783619524e-12,1.660917151264971e-12,1.7204729357900564e-12,1.6745566907387722e-12,1.6650394575835628e-12,1.6660639208819921e-12,1.6625592833608594e-12,1.62996183817526e-12,1.6565639009352773e-12,1.6435551879761713e-12,1.6381271416924894e-12,1.625864943605911e-12,1.6368560674194088e-12,1.6368560674112404e-12,1.622548754349984e-12,1.619758293946404e-12,1.7362036264676126e-12,1.636856067416979e-12,1.6117162090467291e-12,1.6354435237446558e-13]"
7.599999999999989,sqp_rti,0,"[0.10504145390476878,-0.40021291964590305,0.07086341646676166]",0.8739429172868762,0.020007990300655365,"[-2.980232227667301e-09,-2.980232227667301e-09,0.005381130492573105,0.05978874715299726,0.12969904749022626,0.2064276928493321,0.23302936643983757,0.25053543884349666,0.375077610107401,0.4208387893755628,0.49825589430257083,null,0.49221837941571495,0.5017841002998444,0.9577681357860512,1.0025085671751952,0.9467123141073948,1.6261284916752785,0.49640379499195647,0.4809356800625198,0.7010766211747288]","[null,1.9501521050845218e-14,2.0668947739047553e-14,1.9472671282085322e-14,1.9515567843982338e-14,1.935511321973845e-14,1.944287718961757e-14,1.7433118307172656e-14,1.9324437750895935e-14,1.9623111618833383e-14,1.9635292078165407e-14,1.9501521045416846e-14,1.9501521045752888e-14,1.9501521045520243e-14,1.950152104521005e-14,1.9501521045571942e-14,1.9501521045158352e-14,1.9501521045571942e-14,1.9462094799786908e-14,1.8600004154239918e-14,2.042832262337882e-15]"
7.699999999999989,sqp_rti,0,"[0.052452332888445474,-0.7005764405639875,0.055440378576105245]",0.882869951460128,0.01860896497964859,"[-2.980232227667301e-09,0.0034860274261168667,0.00631379540225635,0.018971813357484824,0.07244288857442244,0.1323433484761612,0.20481259079257513,0.2793851464864588,0.03477468694595559,0.17217703799406509,0.28340205327812457,0.8477168858191504,0.6380487527463259,0.6507634352673974,0.46570845800124233,0.7207632613506092,0.45109853698216257,0.5697011400854659,0.469613976343674,0.5331802335061198,0.5776776218331896]","[null,1.7214610627631507e-11,1.7262632224983428e-11,1.7284839384734833e-11,1.7224712556044947e-11,1.7383244859989757e-11,1.7405519151652915e-11,1.7068600630900313e-11,1.7278713072980198e-11,1.7183099102308074e-11,1.750642870352743e-11,1.7162648429201013e-11,1.726068975965931e-11,1.7260689759659078e-11,1.7260689759658768e-11,1.726068975965913e-11,1.7260689759658716e-11,1.726068975965913e-11,1.726068975966037e-11,1.7260689759656855e-11,1.7408407531852957e-12]"
7.799999999999988,sqp_rti,0,"[0.10030822359475744,-0.32840088052762967,0.0611341097780095]",0.8886459199747959,0.01628338173031807,"[-2.980232227667301e-09,-2.980232227667301e-09,0.006215338022814099,0.06714165199426853,0.14355346628435656,0.22558091895400595,0.27850687318786244,0.4396466209979096,0.29184533292886955,0.4466698129939289,0.48302422080797386,0.5205543575094083,0.5358020642688188,1.061967646955307,1.7757671947149702,1.430842667960733,0.8141718089152377,0.5332781451265418,0.5996872895209246,0.7712825405921258,1.1221208939072926]","[null,5.673421277333208e-12,5.9997327159396115e-12,5.930323039947277e-12,5.918514853762371e-12,5.776477271148855e-12,5.834428230667241e-12,5.680451063195108e-12,5.749354579819651e-12,5.675850003797995e-12,5.680727874664101e-12,5.673421276888547e-12,5.792039986512201e-12,5.741884093550456e-12,5.673421276886686e-12,5.683623931750463e-12,5.6781937675121044e-12,6.2376567960154585e-12,5.673421276887461e-12,5.673421276886427e-12,5.753865910797316e-13]"
7.899999999999988,sqp_rti,0,"[0.05011492651423238,-0.22578379387625822,0.07688550255681086]",0.9000684973269057,0.015418287366628647,"[-2.980232227667301e-09,0.016451684159328128,0.03314492061860436,0.06132557874179129,0.135653487266638,0.20377739179441506,0.24295270107719774,0.2640076207681659,0.24544819850896432,0.3012030902178651,0.34297043971050983,0.36923844713547355,0.4661107101104001,0.6546137040471371,0.5029435564001694,0.8149630039011171,0.6445512246130078,0.5805416177827987,0.7712733713805704,0.6651781062935853,1.0113681889797206]","[null,1.894809142202128e-15,2.9947448101315987e-15,2.5118108927884662e-15,1.9713228602321856e-15,1.912571252939489e-15,1.942470443305257e-15,1.9282587185999507e-15,2.092932624704223e-15,1.892591222463798e-15,1.885158178746017e-15,1.883943163724071e-15,1.948669885692168e-15,2.3692372888731377e-15,2.1030406583366302e-15,1.9130409632885748e-15,2.0058077628972965e-15,2.0145911971888934e-15,1.9089572844805783e-15,1.9089572843771808e-15,1.8963040329765376e-16]"
7.999999999999988,sqp_rti,0,"[0.06015906109919574,-1.0905070512917114,0.07120720452443348]",0.9043865665568925,0.01489885151386261,"[-2.980232227667301e-09,-2.980232227667301e-09,0.07191464898229222,0.1537808734850728,0.13099199688642998,0.06685582973460741,0.15302553515763223,0.25485554572426744,0.7777657491117587,1.028071537865867,1.1097502035315123,1.414713352190678,1.053424887082042,0.22029619404531503,0.20007731100447473,0.4622076646932108,0.5022630495525149,0.539695592924663,0.6550275601928142,0.8645187882064291,1.5831497817349003]","[null,5.571936906726361e-12,5.57782264815794e-12,5.5757837678820996e-12,5.602940330922244e-12,5.5832479945337556e-12,5.690029449684294e-12,5.5705986080426445e-12,5.571936906782327e-12,5.571936906782207e-12,5.5719369067823075e-12,5.57193690678223e-12,5.566536673754578e-12,5.57355492670716e-12,5.575350977763506e-12,6.200408394128373e-12,5.5791226304672455e-12,5.571936906782309e-12,5.5719369067823285e-12,6.3441005673215186e-12,5.575971020860307e-13]"
8.099999999999987,sqp_rti,0,"[0.21332225179613049,-0.4486725582360578,0.0998771790024991]",0.9107111045552522,0.012620028108358383,"[-2.980232227667301e-09,0.010722315098691315,0.13868114584113728,0.2632252949292891,0.2863479235421991,0.22440119463484792,0.28933427062905254,0.403049018893843,0.7254243196601207,0.8202878082591123,0.5077999131406334,0.2690574769771786,0.22046844903366997,null,0.2636182418546696,0.16067950647142976,0.20595338126029433,0.4081397900795423,0.3843767903190967,0.04881708840038251,0.7833257194610164]","[null,8.622084024975484e-16,8.616598038752823e-16,8.784990549718327e-16,8.410058029733002e-16,8.862505683840165e-16,9.256564218986667e-16,8.437032404242511e-16,9.455544156158903e-16,8.976846631727843e-16,8.858696970808537e-16,8.696083461776059e-16,9.35939334251472e-16,8.77378911890589e-16,9.10229425105652e-16,8.824968216704984e-16,8.655168861284392e-16,8.655760912512029e-16,8.65328369805682e-16,8.971610132241372e-16,8.912457777736164e-17]"
8.199999999999987,sqp_rti,0,"[0.10667696349005713,-0.5615018415491764,0.08918022538322307]",0.9320121140246901,0.012438613921403885,"[-2.980232227667301e-09,0.21937765372172252,0.17335820069480407,0.13185449477947914,0.24684949103357995,0.22406285280025245,0.25338956283427977,0.29651559130623256,null,null,1.8514701368432807e-06,0.004011175102866471,0.06007299786689729,0.7046814587551082,0.287392454637925,0.2729608878472803,0.3480181069241695,0.46249804528570665,0.5615838913615476,0.5882437053176346,0.8087585205174761]","[null,6.196500010896878e-11,6.19815962461175e-11,6.220273088569585e-11,6.192009815620933e-11,6.187376921313428e-11,6.18837811068811e-11,6.367985565546428e-11,6.178005568363419e-11,6.178005568362451e-11,6.176042169772358e-11,6.18493602638428e-11,6.293137808371624e-11,6.183990664353208e-11,6.198367756382644e-11,6.387914503188177e-11,6.178363544611907e-11,6.173402772189286e-11,6.172200063179274e-11,6.174012580253938e-11,6.180930282199769e-12]"
8.299999999999986,sqp_rti,0,"[0.053365426667459484,-1.1999999876218337,0.06433019155939412]",0.9409019704542193,0.012647509574890137,"[-2.980232227667301e-09,-2.980232227667301e-09,0.004811922079903941,0.03606486226075917,null,0.2311204803556393,0.47841533791458063,0.90730487029941,null,0.5086072901883341,0.5429220000403319,0.5192121316937601,0.49075812330840024,0.4584214842303325,null,0.3087944444164961,0.430183773939352,0.7161590314669819,0.9985282524031678,1.6240195131305881,0.6010040567244193]","[null,2.454278061607536e-13,2.463007107450239e-13,2.4724368198308313e-13,2.454278061525852e-13,2.4540635969400604e-13,2.454278061525852e-13,2.4542780615257226e-13,2.454278061525852e-13,2.454278061525852e-13,2.4542780615257226e-13,2.454278061525852e-13,2.448050436785537e-13,2.449363638334764e-13,2.454278061525981e-13,2.5763109713202286e-13,2.513159238345884e-13,2.4486631565424954e-13,2.454278061525981e-13,2.454278061525981e-13,2.4750299187088295e-14]"
8.399999999999986,sqp_rti,0,"[0.08440812488465407,-0.5739135197169204,0.07098431092983089]",0.9468113809154499,0.013123545795679092,"[-2.980232227667301e-09,-2.980232227667301e-09,-2.980232227667301e-09,null,0.02654880787656283,null,0.06408357013331206,0.15434881814734452,0.09706887373972678,0.19045813011738205,0.33781853917586774,0.7901372476900803,0.14955796047726438,0.1658352723920185,0.21872122803410649,0.2402833755382197,0.2941781162864963,0.41905818993792715,0.5833462104989777,1.206385190702403,1.9569915796658994]","[null,3.6669576445814615e-14,3.666957644581502e-14,3.666957644777392e-14,3.6620639454162765e-14,3.666957644777109e-14,3.676834859786051e-14,3.648883781112625e-14,3.656102121034976e-14,3.6540589861803506e-14,3.9204814870339386e-14,3.646229543596407e-14,3.659048287301765e-14,4.645916902209871e-14,4.144457445687443e-14,4.4275673826665926e-14,4.153820355737667e-14,3.4577814039600406e-14,3.6745466548990156e-14,3.653817342630173e-14,3.813117527614608e-15]"
8.499999999999986,sqp_rti,0,"[0.09707499243243206,-0.2584171977110563,0.08746222183223898]",0.9592113578029918,0.013539858162403107,"[-2.980232227667301e-09,0.03827494171621454,0.031223570567392056,0.0804524274276382,null,1.199749282080785,0.4740904652641376,-2.818909883295362e-09,0.05961887494297963,0.040511947382317726,0.3488510315810281,0.4000340682127666,0.5751759289066214,0.3062435897704841,0.2795694594066827,0.36566315143006617,0.407487451599814,0.33801479964705,0.11440379513044246,0.12259840791685478,null]","[null,2.062878759349305e-11,2.0646520583802442e-11,2.0930655213450657e-11,2.0570632443228203e-11,2.0713364154904367e-11,2.0606424382595833e-11,2.0570632442198086e-11,2.05927444195778e-11,2.0586388528832378e-11,2.1334980288653148e-11,2.0663360260168824e-11,2.057063244323186e-11,2.0661927423925117e-11,2.0630826013123265e-11,2.064445675651436e-11,2.1060477645964262e-11,2.102719931592128e-11,2.063254699939988e-11,2.062673922926682e-11,2.078703618738311e-12]"
8.599999999999985,sqp_rti,0,"[0.04845983380472532,-1.0691458758338719,0.07500372515100819]",0.9653425716937386,0.013915225863456726,"[-2.980232227667301e-09,0.051770997316720024,0.16568324488990066,0.5910149167145675,1.0331153729703046,0.3791338509071494,0.2703409655922087,0.2540249980279839,0.3468783557570532,0.3696187732944168,null,0.47011510584694066,0.5091492107351356,0.3790317376976134,0.4070363539991007,0.3940432036965767,0.33670108415384875,0.5179943886950944,1.1810324778940113,0.8120387078427995,1.0818375757655703]","[null,2.221124405116147e-14,2.2084468112079157e-14,2.2153345252830838e-14,2.209681084621095e-14,2.2041934552464755e-14,2.2032560780052726e-14,2.1475260914454827e-14,2.203261844816405e-14,2.334387558344263e-14,2.2096810846233568e-14,2.2096810846223874e-14,2.2096810846172176e-14,2.2098687435323732e-14,2.203756042588337e-14,2.2045253660480982e-14,2.2334440540800855e-14,2.2168939615597506e-14,2.2032865075889394e-14,2.3022344558988674e-14,2.2263523090294384e-15]"
8.699999999999985,sqp_rti,0,"[0.029742818572690014,-0.5326628916994333,0.06142418921786799]",0.9710591371471797,0.013940037228167057,"[-2.980232227667301e-09,-2.980232227667301e-09,null,1.7995001888593265e-07,0.03821030591750657,0.010304237119686033,0.15498476013893098,0.4021742387825256,0.20678645785927402,0.2095643868377522,0.5170410189086148,0.4676248086367128,0.44821758285074403,0.5059691453490085,0.4761009148275928,0.4550770294402085,0.563316707629786,0.9810725597278747,1.2222324207937996,1.354045661794087,1.1855794360338041]","[null,2.073320325496246e-14,2.073320325708211e-14,2.0727914101672143e-14,2.0648513039778433e-14,2.055578001521751e-14,2.0683586477352246e-14,2.0692332665387533e-14,2.7317073433690148e-14,2.074691446778808e-14,2.0620009960259033e-14,2.0591732118395054e-14,2.115108028789745e-14,2.053475599974498e-14,2.0963330140907963e-14,2.0674861448525943e-14,2.068297475914299e-14,2.062387805714583e-14,2.7244151983759414e-14,2.545817287339774e-14,2.078640410442203e-15]"
8.799999999999985,sqp_rti,0,"[0.10207380132369248,-0.30723770700312814,0.09828341630167928]",0.9754674220446493,0.012966502457857132,"[-2.980232227667301e-09,-2.9802323386896035e-09,5.3144973949370566e-08,0.33538920024619473,0.08286748805486327,0.10121960350693443,0.015879674480371808,0.12703005019498442,0.1962531413713549,0.24801317726809274,0.20957006397488415,0.316878475477602,0.39927305247932204,0.35301482506076526,0.19142394084173803,0.24681216021618707,0.16368155957819291,0.31553119800003576,null,1.0975894659135796,1.4998350319707903]","[null,2.2579739458657406e-14,2.2574391281099612e-14,2.2554500244342925e-14,2.2437388947453546e-14,2.2512974625391562e-14,2.2582293222429216e-14,2.3230721762725384e-14,2.262909317661233e-14,2.2606267316225497e-14,2.342585732137445e-14,2.2594184860716073e-14,2.26163999570271e-14,2.255049790225626e-14,2.2471037595577122e-14,2.2538274862587283e-14,2.3321031413348315e-14,2.267236479507854e-14,2.2579739458495847e-14,2.2598127713242935e-14,2.257454621359708e-15]"
8.899999999999984,sqp_rti,0,"[0.050963072432915035,-0.25340181757601127,0.08963735901983308]",0.9884179622291794,0.006885206326842308,"[-2.980232227667301e-09,0.25507204326177374,0.2107711394721477,0.04797084150228487,0.13355762234604712,0.0973851050847479,0.15020563046562857,0.18574001376216104,0.17557599034201204,0.17945078000566356,0.2132437730035413,0.1358717183751324,0.160466832421087,0.19469675634715672,0.1604088476010766,0.19641178337881088,0.29416996457131833,0.7194401391133567,0.9189644615113293,0.6398324778345443,0.5142530786777406]","[null,8.86864375590484e-13,8.989019515657423e-13,8.859083404731101e-13,8.832371981629827e-13,8.807503720454745e-13,8.643651126152672e-13,8.834666275087949e-13,9.86081225704716e-13,9.252203640751492e-13,8.885638099456297e-13,8.951550801985785e-13,9.3105122573491e-13,8.780595277066559e-13,8.890956054503458e-13,8.866061768989476e-13,8.857759601701557e-13,8.947669770352901e-13,9.242192937824043e-13,8.877289408589132e-13,8.94069392473766e-14]"
8.999999999999984,sqp_rti,0,"[0.09274485027820514,-0.1444318578116116,0.11307260886752857]",0.9920565412324026,0.007710758596658707,"[-2.980232227667301e-09,-2.980232227667301e-09,-2.980232144400574e-09,0.026612778635929868,8.213785520261307e-05,0.06338608148122021,0.09938706847296147,0.10444094498359818,0.08878041114296026,0.12760599375832699,0.11209678265348871,0.19674938026939498,0.21165115163244802,0.23007575242577954,0.02810507263898182,0.3920533452479223,1.0206464554502694,0.802645040094786,0.46833149985682426,0.8377742409597644,0.7656704958512666]","[null,7.8219508937435e-12,7.821950893743681e-12,7.952711925619594e-12,7.793803248765584e-12,8.028030363961829e-12,8.945812432655506e-12,7.980242852303702e-12,7.676416949192666e-12,7.993592532439283e-12,8.282814651659635e-12,7.949176287096152e-12,7.879887448757873e-12,7.853503160879912e-12,8.405922563939993e-12,7.932665250123338e-12,8.053051895690539e-12,7.821950891000686e-12,7.821950891000615e-12,7.821950891000592e-12,7.953138467545051e-13]"
9.099999999999984,sqp_rti,0,"[0.058141194873467146,-0.1056714305998158,0.07057106090722567]",1.0023631166418725,0.008614063262939453,"[-2.980232227667301e-09,0.05894267238872858,0.11980344531384973,0.020913021385541353,0.08908123902461612,0.14625329537860382,0.22301428864699774,0.11268422710599851,0.3196326040525264,0.3480028350098195,0.34615690887437794,0.3693510007301242,0.40934800162704904,0.46172993776667043,0.44345482388458707,0.6387835654304979,0.9256564339786706,1.614885071212094,0.9735158179294909,0.827933997806398,0.9160851648639994]","[null,5.656006953273529e-12,5.6579033258143596e-12,5.6616767473462914e-12,5.663420040951405e-12,5.656372192106447e-12,5.65293673221842e-12,5.7726969767373056e-12,5.651109640623068e-12,5.646252945382902e-12,5.70407605804289e-12,5.649858138806384e-12,5.6509544922105755e-12,5.651505027303291e-12,5.6527214824898484e-12,5.652559414502517e-12,5.732660744145599e-12,5.649233007290251e-12,5.647022408713625e-12,6.145283915640484e-12,5.733538177491383e-13]"
9.199999999999983,sqp_rti,0,"[0.0672232064991258,-0.09345412849899026,0.09160258435640711]",1.0057545909129746,0.009206458926200867,"[-2.980232227667301e-09,0.00010824333586423318,-2.980232227667301e-09,2.345584780255594e-05,0.022240422503313095,0.07805949515451688,0.09287681292174527,0.04034613280114102,0.2282498295688214,0.5692033315546101,0.8449413055264017,0.9159932739319288,1.3308991610790428,1.2208485405373437,0.7621907643497401,0.5605298885461358,0.48684085167319396,1.3820762254942671,0.8392260836014642,0.8839055685502923,0.9277694117373823]","[null,9.03768490911604e-16,9.114185969550817e-16,9.04499120799399e-16,9.135884669413135e-16,9.16875190933494e-16,9.376927931582969e-16,9.233218210825655e-16,9.816173184974961e-16,9.04965825788062e-16,9.146774677920964e-16,9.114185968969206e-16,9.1141859692277e-16,9.1141859692277e-16,9.114185969195388e-16,9.114185969356946e-16,9.114185968969206e-16,9.114185969163076e-16,9.1141859692277e-16,9.114185969518505e-16,9.24091219547575e-17]"
9.299999999999983,sqp_rti,0,"[0.1064350886783296,0.1709233825414186,0.13172755124355154]",1.015007599635942,0.009662479162216187,"[-2.980232227667301e-09,0.0023860900788091333,0.030101800868932937,0.07162730178477689,0.13184545646571239,0.1977111868642652,0.31836061628140727,0.20788305504643462,0.3965021001260823,0.5402506570593786,0.6136581059219004,0.7059087413265857,0.7449885846043613,0.8772665744142614,1.5595209870466646,1.7417602339901037,1.22050403279331,0.870445025382099,0.8825181755216984,0.9343728604571593,0.9915710335872212]","[null,1.7404345514858287e-15,1.7478110603297234e-15,1.749286629114989e-15,1.7841120921454012e-15,1.8061431295805777e-15,1.7427406764849426e-15,1.736221335127619e-15,1.7425552757767366e-15,1.741790563294744e-15,1.7417905632915128e-15,1.741790563294744e-15,1.7404826134194538e-15,1.7984122162210545e-15,1.735100462723491e-15,1.7444448110286623e-15,1.7424684749523106e-15,1.7964103434894555e-15,1.731580101677155e-15,2.144408027904515e-15,1.7712829537089646e-16]"
9.399999999999983,sqp_rti,0,"[0.10495390831145247,0.3189568792500276,0.11234603919668285]",1.0241761455365277,0.009006723761558533,"[-2.980232227667301e-09,0.025219973855105604,0.09874743491971288,0.15579248567534593,0.15415923659523828,0.18459186748064554,0.5473363241465747,0.5577956575792313,0.6339313340848605,0.7075145310296278,0.41056163796215445,0.2960605342466341,0.36035322113771323,0.7923122547401362,1.3526926102814343,0.7275818229742546,0.6488922911114645,0.6345700027529186,0.6429921201854503,0.6621335366350942,0.6519567572836376]","[null,1.4563553557986073e-10,1.451304587559555e-10,1.364429031608581e-10,1.6405960171981194e-10,1.5059214387772535e-10,1.458575500882874e-10,1.4509310774179614e-10,1.4509310774178324e-10,1.450931077417959e-10,1.450931077417959e-10,1.450931077417959e-10,1.4509310774179725e-10,1.4509310774179771e-10,1.4509310774179978e-10,1.4509310774179973e-10,1.4509310774179006e-10,1.4509310774179472e-10,1.4509310774180033e-10,1.4509310774180286e-10,1.4614989299259773e-11]"
9.499999999999982,sqp_rti,0,"[0.19160254321815198,0.6455141732685994,0.17039048379617522]",1.0393078416911998,0.008075755089521408,"[-2.980232227667301e-09,0.011822732064538155,0.0632842663924123,0.20583967077237447,null,0.42248546506571644,0.34852165975010224,0.4472772076061034,0.5533922225366037,0.7078728817405462,0.8249313936162495,0.9909414445217422,1.9683817639368726,2.001301097626329,1.0910978418803932,0.9733565333283074,0.9838938472214032,1.0070365443091844,1.0363096372062255,1.0727851658570458,1.0868578811103518]","[null,3.5155678933466714e-15,3.5379311151518093e-15,3.580815824248581e-15,3.5208928855230335e-15,3.5208928855230335e-15,3.520892885548883e-15,3.5208928855747323e-15,3.5208928853937865e-15,3.520892885548883e-15,3.520892885548883e-15,3.520892885548883e-15,3.530584289218907e-15,3.5207810202794794e-15,3.590990963580266e-15,3.514063964480234e-15,3.514069355164587e-15,3.5145833740894192e-15,3.5138501554300373e-15,3.5113157869950273e-15,3.6812676966088814e-16]"
9.599999999999982,sqp_rti,0,"[0.09637113236261696,1.199999999880301,0.11178383726412762]",1.052152530581541,0.007263481616973877,"[-2.980232227667301e-09,0.0026237350747242982,0.07465523300018334,0.1634453999691317,0.4989826308292276,0.6639304027152633,0.6778779777752362,0.9155649653609614,0.5623048160043289,0.33304447765190376,0.3017026709288196,0.48731038191364534,1.375478676182882,0.8573275788048142,0.7571393749744508,0.7257267296634449,0.7170065336881428,0.7196479150714319,0.73073819479508,0.8819580968594998,1.2874033021514186]","[null,5.716952500204652e-13,5.775945292309638e-13,5.945712431701913e-13,5.51382236606326e-13,5.597744671883865e-13,5.597744671883348e-13,5.597744671883348e-13,5.597744671883607e-13,5.597744671883348e-13,5.597744671883348e-13,5.597744671883348e-13,5.597744671883348e-13,5.59774467188309e-13,5.597744671883348e-13,5.597744671883865e-13,5.597744671883348e-13,5.597744671884124e-13,5.597744671883607e-13,5.597744671883348e-13,5.539529050116399e-14]"
9.699999999999982,sqp_rti,0,"[0.12410920812877928,0.5728022874740596,0.12117602596350442]",1.0626151219974502,0.0063318051397800446,"[-2.980232227667301e-09,1.5170358974581077e-07,0.2008626536954921,0.4726179470473369,0.5300775077768491,0.5386456660765304,0.6432723949661987,0.7363180259761009,0.759649229658639,0.9160242066478588,1.6913432129586112,1.8788222740131324,1.2714009265028998,0.892996953007765,0.8865733813256103,0.9160050404239859,0.9467706815852341,0.977762054760247,1.0245014625950082,1.1183050262077046,1.3330006583769751]","[null,6.591656541398344e-14,6.642677501798058e-14,6.438394753379012e-14,6.611677923814174e-14,6.611677923798664e-14,6.611677923834853e-14,6.611677923834853e-14,6.387568285177917e-14,6.622485110378495e-14,6.434444258233849e-14,6.41501766429487e-14,6.405764139869719e-14,6.369740754235514e-14,6.435648217340673e-14,6.423726541204792e-14,6.238272566718815e-14,6.032556374661719e-14,8.480751505639411e-14,7.627406451116562e-14,6.664678571203425e-15]"
9.799999999999981,sqp_rti,0,"[0.08213288901679189,1.1999998958713038,0.08886004684830526]",1.071787360487305,0.0063360705971717834,"[-2.980232227667301e-09,0.1830750899644727,0.16140204478142267,0.40007215607918384,0.6036058376944211,0.7393590216820811,0.9396433966226112,1.0732952897637602,1.2668023363103742,1.1456228246834754,0.9428934903137616,1.1089979014882985,1.6012507273367305,0.9703981408902649,0.9307771477092242,0.9476790910715571,1.0086898529605708,1.2446618159994045,1.7610549473405939,1.5544803394778277,1.7144281054833248]","[null,6.1226768339997e-11,5.952612824852834e-11,6.12642598321388e-11,6.054343589566654e-11,6.044415350594891e-11,5.989334196693052e-11,5.952284146914365e-11,6.058556434153803e-11,6.058556434153796e-11,6.058556434153785e-11,6.058556434153765e-11,5.948145115038343e-11,6.285563250060703e-11,9.085342745435325e-11,6.05855643415377e-11,6.058556434153811e-11,6.058556434153793e-11,6.058556434153762e-11,6.058556434153785e-11,6.076261058127982e-12]"
9.89999999999998,sqp_rti,0,"[0.08155696533233452,0.5832117745128812,0.08208108462737311]",1.079320487222558,0.006782904267311096,"[-2.980232227667301e-09,0.08982169965816383,0.13485574643058557,null,0.27680798414895663,0.49522847230505534,0.5811513959912034,0.5606864521330521,0.5796611768625481,0.6830233017619392,1.3696831413058532,1.6793416828692045,1.1298983058107985,0.7670752524491575,0.771516089769414,0.7992956577077741,0.8342778330032032,0.877374262143056,0.8489649355071449,0.8966919256845973,null]","[null,8.837999665601097e-14,9.065555121361148e-14,9.146833133028727e-14,9.059108378624394e-14,8.782210273546319e-14,8.778811903505045e-14,8.795878982469061e-14,8.803941605875088e-14,9.384939757049512e-14,9.083929286776406e-14,8.804348634315246e-14,8.824398018394888e-14,9.182639672655305e-14,8.900852336450742e-14,8.50010386598364e-14,1.275178538033286e-13,9.146833133026142e-14,9.146833133026142e-14,9.146833133028727e-14,9.402356081435987e-15]"
9.99999999999998,sqp_rti,0,"[0.10601028550833091,1.1999999999999589,0.08351059560732157]",1.0875353179499658,0.007206536829471588,"[-2.980232227667301e-09,0.11105269489398212,0.17938808547606017,0.24087431064056802,0.1698755507081316,0.3228623641869149,0.43737639449431215,0.5300657034696161,0.9285582646078978,1.2900145583606644,1.1392276698879982,0.8794209438565843,1.365928140169818,0.9068355961444154,0.6600908924880542,0.7168406116016264,0.8251146059606469,0.8899200091033126,1.0173659393509966,1.452678754968592,1.6645784880940624]","[null,9.481911341887133e-16,9.711590954497154e-16,9.640130354952633e-16,9.979963668772987e-16,9.836633366501299e-16,9.732061201880564e-16,9.685105239983931e-16,9.63328838041129e-16,9.620165476532094e-16,9.621272212581718e-16,1.036340437888021e-15,9.60554133103192e-16,9.60781294359857e-16,9.675484162934937e-16,9.961215057124035e-16,1.2141272513381499e-15,1.0988900984488825e-15,1.3684057422164322e-15,9.680808136874179e-16,9.765289624666035e-17]"
10.09999999999998,sqp_rti,0,"[0.10964484360499667,0.5621181721339491,0.09357545764813496]",1.0989276854677195,0.008787907660007477,"[-2.980232227667301e-09,0.14132991246957688,0.16082198943481957,0.268482776693088,0.34504017378952484,0.654272119055668,0.3329573818282217,0.17604680519061572,0.19247421226800504,0.26360626266770143,0.12817657880106276,1.3605717152528427,0.5096706256391783,0.7217512178186112,0.6538627333035272,0.6659559590369291,0.744369402284639,0.5496932675002959,0.46986208920385836,0.689905236073227,0.8261640522645368]","[null,3.914416411919966e-12,4.437272653135937e-12,4.0365098578715804e-12,4.0406913078651214e-12,3.8961227395045516e-12,3.8961227395041525e-12,3.8961227395045895e-12,3.89612273950443e-12,3.896122739504444e-12,3.8961227395044886e-12,3.896122739504791e-12,3.896122739504582e-12,3.8961227395047745e-12,3.896122739504614e-12,3.896122739504444e-12,3.8961227395043084e-12,3.896122739504613e-12,3.896122739504647e-12,3.8961227395045774e-12,3.932370020914671e-13]"
10.19999999999998,sqp_rti,0,"[0.12109524123414,0.17209664333125968,0.08560722775131148]",1.108532473975691,0.009879529476165771,"[-2.980232227667301e-09,0.1373340308055056,0.1877531774624302,0.23811282466919864,0.2966800123808884,0.3864500451521991,0.5509036696073941,0.6175088008782985,1.4592721340092936,1.5294696997356716,1.0294333820371235,0.8165471265069975,0.8480115972799023,0.8718519761569208,0.887254704206552,0.9264332213926021,0.9937154928855916,1.1517176020977125,1.5570759915140513,1.9648926607444508,2.0783132908806268]","[null,8.719322438619725e-14,9.012289980624958e-14,8.663881851395873e-14,8.595970115865022e-14,9.002092326179766e-14,8.88312322734036e-14,8.979859011997612e-14,8.792948668810579e-14,8.729719619386679e-14,8.748021044282975e-14,9.016207335225024e-14,9.090301617538689e-14,8.864233978912708e-14,1.0190462936764858e-13,8.894785441933269e-14,1.0058320711052996e-13,8.837770149959803e-14,8.772102360354478e-14,8.724189858295946e-14,9.010485339499164e-15]"
10.29999999999998,sqp_rti,0,"[0.06050237402045504,0.8609359659148947,0.059135087091970684]",1.1171398028943464,0.010387677699327469,"[-2.980232227667301e-09,0.16191798083702197,0.20796281323003357,0.22545571096251465,0.25769353901367326,0.3163141642549839,0.4222858021487184,0.5946417063699563,0.8791076710494721,0.8704509176537794,0.8847100204935934,0.5589778041556144,0.23967086405083188,0.23560959830197953,0.25111445056894227,0.5687016035903099,1.5329832332918272,0.9669456818881528,1.0417878524773714,0.8383547197021384,1.6349643285152922]","[null,6.0265489156732395e-12,6.031784672332328e-12,6.0115798820271025e-12,5.9962679635776466e-12,5.990699252142183e-12,5.971168079874922e-12,5.979684267146702e-12,5.958201909568636e-12,5.991334234710625e-12,5.954430898660368e-12,5.959406622426267e-12,5.9861324761002725e-12,6.02938762944254e-12,5.982188634030639e-12,6.012094444289179e-12,6.012094444303002e-12,6.012094444307546e-12,6.381278748938052e-12,0.1087528225793154,6.085512839213721e-13]"
10.399999999999979,sqp_rti,0,"[0.08277346156832804,0.4198105494003108,0.08558069081777198]",1.1220622145831143,0.013200543820858002,"[-2.980232227667301e-09,-2.980232227667301e-09,0.003609179029717302,0.037253979071388,0.1461259054481115,0.3210871598284946,0.4852117283252831,0.49679502941253234,0.6430267726208683,1.5954788469579853,1.0196514523342841,0.6089175261914466,0.5553383466932302,0.5337200459256184,0.4942980625800793,0.4745569080059873,0.47485662396592937,0.4418180491311226,0.49841327611282155,null,null]","[null,3.3434606179159557e-15,3.364781075485319e-15,3.4524443457569923e-15,3.371906645918514e-15,3.3544144855716362e-15,3.3926526117908396e-15,3.3434606182608835e-15,3.3434606182560368e-15,3.3434606182447277e-15,3.3434606183150057e-15,3.343460618332777e-15,3.3434606182536134e-15,3.343460618290772e-15,3.3434606182851174e-15,3.3434606182447277e-15,3.3434606182641147e-15,3.343460618310159e-15,3.3434606182406887e-15,3.344546861683284e-15,3.353805611681076e-16]"
10.499999999999979,sqp_rti,0,"[0.1277795937960661,0.056872919618099205,0.08755975217772453]",1.1333531383819762,0.014764383435249329,"[-2.980232227667301e-09,0.02004971083907031,0.058915869121494435,0.10636783667003052,0.1761421738252114,0.36289493448524796,0.7479760146415202,1.1014224556083405,0.9099744530228946,0.6199022433897159,0.6393246534546593,0.6804504566154248,0.717640076687245,0.7533502426935452,0.7928604368662231,0.8574051923084054,0.9519738427131912,1.1417137004327216,1.5183914126009241,1.8795085921129953,2.0633988683296964]","[null,1.8220526725802607e-13,1.842312211104346e-13,1.783849659663633e-13,1.782720481002874e-13,1.8913423392086022e-13,1.8318544922627911e-13,1.8204238163641114e-13,1.8101910053778115e-13,1.7979857834380622e-13,1.6493684740359244e-13,1.8554360076627388e-13,1.9506271334366216e-13,2.0237222589318234e-13,1.9397364331309487e-13,2.0200855663228592e-13,1.9071234993023556e-13,1.8414683633521294e-13,1.8209692018878075e-13,1.843408746357163e-13,1.8666676680819352e-14]"
10.599999999999978,sqp_rti,0,"[0.08593981011406052,0.6215379436889699,0.07282191307801668]",1.1416408443475086,0.01504087820649147,"[-2.980232227667301e-09,0.07721024939644822,0.23449578206209482,0.5118872773334686,0.5347539177777463,0.3461179426299637,0.4167107289571444,0.3404923326942562,0.31635468457195676,0.2798608090605795,0.2160063022482353,0.11022381338611825,0.03580851865016782,null,0.23242637172783703,0.8065672416773537,0.9353792576754116,0.9137824240449504,0.906976703835565,0.6507082806065501,1.5856180936110718]","[null,1.7328549577298852e-15,1.7293774721236476e-15,1.7265035365499556e-15,1.7227509843975253e-15,1.721803501597246e-15,1.7231216520417069e-15,1.7187917427198513e-15,1.7310147979178518e-15,1.6335970650835405e-15,1.7563714459515646e-15,1.734437255209439e-15,1.7258131642412181e-15,1.7280826175764716e-15,1.7209746969286513e-15,1.7219599766274193e-15,1.728082617574856e-15,1.7280826175740482e-15,3.0672497604729848e-15,7.760735880191722e-15,1.7347073996837368e-16]"
10.699999999999978,sqp_rti,0,"[0.04448913468177444,0.3089287333716587,0.05477707510856355]",1.1483740624900847,0.018467821180820465,"[-2.980232227667301e-09,0.0021287573299268447,0.01942618999708562,0.058535109598516766,0.13189463604451818,0.2234682985693553,0.4679700151491602,0.40359163465842657,0.2622171423257463,0.27322730654544963,0.29173580700220897,0.281578943076547,0.2572237231998223,0.25977534837183464,0.3587886569708168,0.44636325389994697,0.4362582252675285,0.2420848983770572,0.0236413483793399,null,0.3816120034851281]","[null,2.4146551321178187e-11,2.40392268403581e-11,2.4086664430834383e-11,2.4137542396202365e-11,2.4237587312448866e-11,2.4108430471136912e-11,2.413360462849135e-11,2.3910692100077587e-11,2.4144036262570052e-11,2.4115314938123484e-11,2.4051946124713626e-11,2.4036450444573207e-11,2.4762882554820203e-11,2.4106940306949628e-11,2.4097236978796977e-11,2.4427292872320635e-11,2.6355541104397513e-11,2.3933764228683622e-11,2.4070638677707202e-11,2.438589503600814e-12]"
10.799999999999978,sqp_rti,0,"[0.08851579288309283,0.19949357061052833,0.07758022572681886]",1.1550971957058644,0.02021816372871399,"[-2.980232227667301e-09,-2.980232227667301e-09,-2.980232227667301e-09,-9.719131138785642e-09,0.0077937218642370465,0.09503012300869501,0.08921457283025785,0.026776969378630444,0.019203496318239754,0.044367618614883864,0.09462854325537756,0.13722746931559976,0.1744761251950287,0.20903033346455296,0.21339488311229876,0.19225111349167695,0.17193775515410775,0.21485016285273578,0.3053392030567526,0.44862113045881885,0.4326923605353848]","[null,1.535810820225019e-12,1.5358108202244922e-12,1.5358092507800423e-12,1.532367216338662e-12,1.5283543533720423e-12,1.5310334594582551e-12,1.5311416224188758e-12,1.5332597569917148e-12,1.5345773311994523e-12,1.5430717496616116e-12,1.5327456150667703e-12,1.5335977325842754e-12,1.5298551772637944e-12,1.5269856458289354e-12,1.6547963552840622e-12,1.3879521675264482e-12,1.631361406067075e-12,1.5301436704799748e-12,1.5397375115138523e-12,1.5563052084295467e-13]"
10.899999999999977,sqp_rti,0,"[0.06660805619258371,0.13361993364530794,0.07369011781517729]",1.1635577261764687,0.021492034196853638,"[-2.980232227667301e-09,0.0006037314206660815,0.04126961541599067,0.16656390821164707,0.18738671335988039,0.000361108084539985,0.06427447254098856,0.09239781781623152,0.15420755780052425,0.21003321778989897,0.24290694049505107,0.24259254349071108,null,0.3208579646863548,0.36263042302012033,0.3463507193434719,0.3394354709298593,0.34823427852506833,0.24914772463337514,0.164626539070391,0.1767046824492809]","[null,1.932866662643054e-12,1.9363591817396426e-12,1.9151961002280958e-12,1.9207402048928047e-12,1.940590301002695e-12,1.934969178786067e-12,1.9291737489371017e-12,1.9338993923685114e-12,1.9381249923748216e-12,1.935303509978514e-12,1.9229704441190452e-12,1.9443638160535633e-12,1.9220473782965587e-12,1.9221368619525845e-12,1.920674468499033e-12,1.9207385103355714e-12,1.9190068661721873e-12,1.9228365616875862e-12,1.9004816031133024e-12,1.9862319147974206e-13]"
10.999999999999977,sqp_rti,0,"[0.08538874543137187,0.19432492330672146,0.07891524312110483]",1.1707410367320927,0.02071174420416355,"[-2.980232227667301e-09,3.370028032220751e-05,0.007927598845257233,0.015738848364332203,0.06360154749024788,0.06460190187099785,0.0945512428134137,2.8307180055253678e-06,-2.860628456335945e-09,0.01129156249519131,0.08911393410251983,0.15352930055975628,0.2127719729315823,0.26654545271099367,0.2235844067280482,0.0802898134150219,null,4.526459725881504e-05,0.3426969142632686,0.2521965893266838,0.2076021875661354]","[null,2.713099428103056e-13,2.7749601626330475e-13,3.1399685992313194e-13,2.8878874845281694e-13,2.7869248272262294e-13,2.7749921180435396e-13,2.7131294773187043e-13,2.7154970564859246e-13,2.754863057027705e-13,2.808580759538069e-13,2.7435838209912163e-13,2.7122585269632554e-13,2.722337898236199e-13,2.697147312276445e-13,3.23512468290038e-13,2.715497056862098e-13,2.7127520000677465e-13,2.7210426165271387e-13,2.715497056940357e-13,2.748345514012756e-14]"
11.099999999999977,sqp_rti,0,"[0.06110153812704059,0.031967008818373194,0.06549623674681627]",1.1779374109238538,0.01922086626291275,"[-2.980232227667301e-09,0.006325346336035598,0.05924052065464275,0.10193722427601398,0.127129789267811,null,0.06567062318599676,0.12006676412981393,0.23155118713333317,0.3230223956802288,0.43299438125351203,0.42468322007799914,null,null,0.10694477915532447,0.250504669625969,0.4468683336623485,0.5423242495664702,0.7176056805815818,0.7131938306057293,0.5835125672266332]","[null,7.996689198189754e-16,8.046101016419101e-16,7.847452880454488e-16,8.02329903827459e-16,7.965283460426846e-16,8.193957775738124e-16,7.873862134152166e-16,7.960762808002331e-16,8.116701075150905e-16,7.882154234378543e-16,7.965283460459158e-16,7.965283460394535e-16,7.965283460523782e-16,7.965283460394535e-16,7.965283460297599e-16,7.96528346049147e-16,7.965283460362223e-16,7.965283460232976e-16,8.303097971638075e-16,7.984082244932947e-17]"
11.199999999999976,sqp_rti,0,"[0.11498439650051673,0.11629031191915974,0.10147199451670007]",1.1876421507064165,0.019004344940185547,"[-2.980232227667301e-09,9.568173428897708e-06,0.0006057743496890033,0.00024935101089229583,0.02013710273242425,0.07872744799447845,0.11057125471669665,0.13855583683441247,0.2182010542165898,0.2974239250771589,0.355429235600038,0.4147296445526763,0.4968764572148701,0.5067677928359966,0.6231962704026024,0.9634016644283292,1.5250948845575827,0.7335512885760138,0.4647231271648001,0.4276393993641168,0.5257082743034303]","[null,1.3940494743658306e-13,1.3974970923678008e-13,1.3959246821068614e-13,1.399027128683173e-13,1.4068711279311863e-13,1.4081968521319702e-13,1.393735069012511e-13,1.4454401538609738e-13,1.4378914127574915e-13,1.402085725580924e-13,1.4001850607430065e-13,1.411503589185441e-13,1.430638439060136e-13,1.4031073623193642e-13,1.4311867586734769e-13,1.4402150069703586e-13,1.4212513103864176e-13,1.5144089941471047e-13,1.4014078314148347e-13,1.461039878704172e-14]"
11.299999999999976,sqp_rti,0,"[0.10102815162807895,0.4641316710492543,0.09504011063009858]",1.1984905671200612,0.01834476739168167,"[-2.980232227667301e-09,0.012106453520714766,0.08058799726980209,0.16730774516897534,0.19148129070854375,0.011636700921400067,0.10182202637521415,0.17319697097169034,0.18048211375857354,0.18288457706414346,0.018719854844695683,-2.976482921246415e-09,0.0666045602457313,0.14515414007774724,0.3091543609006003,0.35687377939529236,0.42392340621741625,0.32653775793858025,0.27124892350034707,0.24002248189615366,0.20531615455956215]","[null,9.468319137933569e-15,9.575078646237616e-15,9.51845648195536e-15,9.712599339681117e-15,9.475052819869256e-15,9.471919541683796e-15,9.472298701217461e-15,9.458845728744243e-15,9.432340733650183e-15,9.588121802186688e-15,9.497193034556731e-15,1.030685780731471e-14,8.866185552172584e-15,9.429673609231212e-15,9.434972231196607e-15,1.0161570699215496e-14,9.436863224050632e-15,9.433452882181056e-15,9.432874763240486e-15,9.638305231990657e-16]"
11.399999999999975,sqp_rti,0,"[0.07766603549744994,0.35657602104884006,0.07760049533317936]",1.2068386826214141,0.016096696257591248,"[-2.980232227667301e-09,0.02283278192456245,0.10142005804822213,0.10581785841826524,0.21695060934586136,null,null,null,0.040530300007314335,0.0913360022523893,0.05160325354821077,0.2306846407514314,0.38816854464938616,0.3955115698371799,0.697486676524403,0.7867437947767726,0.3881817619361499,0.30615474731388553,0.33041855915265544,0.3151959831964167,0.30471838566224]","[null,1.3983256410294662e-12,1.430266464709729e-12,1.4088215378904165e-12,1.4785609463876011e-12,1.3975001896486983e-12,1.3975001896489891e-12,1.3975001896489891e-12,1.3547228240513972e-12,1.4526129022176953e-12,1.4475999265485423e-12,1.3974985743613657e-12,1.3707097328553136e-12,1.3975001896489988e-12,1.3975001896489762e-12,1.3975001896488954e-12,1.3975001896486725e-12,1.3975001896489665e-12,1.3975001896488922e-12,1.3975001896489633e-12,1.4216256465089672e-13]"
11.499999999999975,sqp_rti,0,"[0.09366764513584638,0.14562078532225628,0.07163460899060929]",1.2139754779835659,0.014556828886270523,"[-2.980232227667301e-09,0.007140948705168404,0.07525741043335615,0.17075292150600757,0.1980796833671617,null,0.15828740604228636,0.28170358906142995,0.3370058703341748,0.39429614078085323,0.46948079200920817,0.4617448331376746,0.44673668597049493,0.6179443529204753,1.9428684926877764,1.3222440944781748,1.7474057834237875,0.8090091969391409,0.5159279579810361,0.6496084361772059,0.9762627668371529]","[null,4.876661766746214e-13,5.378378044757075e-13,5.080534108335142e-13,5.615741450606347e-13,4.889792237385505e-13,4.935041082720741e-13,4.882108865274679e-13,4.622445773770603e-13,5.091403775622233e-13,4.75290361462324e-13,4.929058682095494e-13,4.829137985529669e-13,4.816991625984533e-13,4.73358640708333e-13,4.752719665115984e-13,4.780552361954265e-13,4.859458729355668e-13,6.878008730320154e-13,5.711487162662112e-13,4.995045634477182e-14]"
11.599999999999975,sqp_rti,0,"[0.08067987826078575,0.577877628410628,0.0793907384555585]",1.2240410111320252,0.014042481780052185,"[-2.980232227667301e-09,0.02851874763011858,0.07010550168903223,null,0.07849018368950827,0.21108371783437346,0.16472173187071687,0.11859699476191282,0.26013785032799924,0.3196385198551351,0.17815701543847312,null,-2.980237417959941e-09,null,0.15910731869324907,0.2915531862307404,0.467863819165882,0.24866340147718163,0.34746122158508613,0.18460363440952038,0.36253509833059533]","[null,6.130937925379075e-16,6.261659930439527e-16,6.124071357718086e-16,6.135257934353894e-16,6.060498419528422e-16,6.345264831190412e-16,6.125300714675374e-16,6.347897404672631e-16,5.561113415068214e-16,6.091356128648204e-16,6.124071357750398e-16,6.124071357427281e-16,6.124071357750398e-16,6.082738478857865e-16,6.082464945512748e-16,6.083346848323348e-16,6.074522619997794e-16,6.395890519229534e-16,6.4703598727963e-16,6.182782416439441e-17]"
11.699999999999974,sqp_rti,0,"[0.06818558930184317,0.2776713098911855,0.05791042640575539]",1.2298789123116176,0.012344982475042343,"[-2.980232227667301e-09,0.030452445451405297,0.12703192046491002,0.0977961780510313,0.1696265123267125,0.1811497396987541,0.13429157827764088,0.10614230597058666,0.1107191297282693,0.16062378299756547,0.056013800059230345,null,0.522572242419902,0.4879869904971457,0.489228838053587,0.5592109864267136,0.5535718871394415,0.5304061055534539,0.5217221521235167,0.5663805815921321,0.34557199127424526]","[null,1.7229317063146297e-13,1.7162265272859656e-13,1.7388749189471522e-13,1.7262447280115833e-13,1.7193528215748506e-13,1.7337250496104433e-13,1.7330048908250835e-13,1.7253070898408444e-13,1.7365712631586487e-13,1.741482879852386e-13,1.7328777219460392e-13,1.724370094816635e-13,1.7281933751249867e-13,1.7246224330088953e-13,1.7741707463268879e-13,1.7269979084573973e-13,1.7328777219390921e-13,1.7328777219399e-13,1.7328777219351824e-13,1.7434376809796014e-14]"
11.799999999999974,sqp_rti,0,"[0.03400466634865994,0.6384967008786641,0.06506536729710105]",1.237276328173111,0.0116502046585083,"[-2.980232227667301e-09,0.017172633108393953,0.060533273610909266,0.0037646236869153804,0.11738676757697314,0.20983400219266884,0.20683102034999196,0.0008409921926536001,0.35276718953419534,0.3508966545338808,0.423492750167857,0.3912735042831315,0.4351413164538734,0.5350300872249345,0.37237498079431824,0.5165374073710509,0.1854324320999446,0.21808064625752693,1.3281965151303552,0.9022843435065553,0.7415306213155783]","[null,1.5164322977352544e-09,1.5176143646433878e-09,1.6514537261374148e-09,1.5220502280036905e-09,1.5135704730839787e-09,1.5109557104901614e-09,1.6892779888942418e-09,1.510081494662338e-09,1.5104068629050987e-09,1.5072747269619758e-09,1.5085958218225088e-09,1.5106805193195458e-09,1.584610958792855e-09,1.5102584206917944e-09,1.5085659045348351e-09,1.94824977617453e-09,1.5895891750971735e-09,1.524030846772744e-09,1.5240308467727435e-09,1.5306249283755398e-10]"
11.899999999999974,sqp_rti,0,"[0.06993639636847573,0.7793836686884352,0.07752015297246385]",1.241834041551037,0.010104704648256302,"[-2.980232227667301e-09,-2.980232227667301e-09,0.0011034029453348415,0.1320875955387944,0.017528188299913705,-2.980232227667301e-09,0.01711223251945776,0.1305752202770279,0.15007323842200898,0.43237838425254865,0.6338035898798438,1.0418410256719468,0.9511928007086226,0.5587890531856317,0.4804347370912197,0.47971773825695935,0.43904667163060723,0.40883231277930393,0.5750754858650182,0.8231721695150476,1.2775880872156165]","[null,1.824735485634015e-14,1.8369234837815746e-14,1.839948912919291e-14,1.8305896621353127e-14,1.824735485634015e-14,1.8315712487891392e-14,1.8367555274465327e-14,1.826802693530027e-14,1.8313388471434455e-14,1.8253427962630775e-14,1.824735485758092e-14,1.824735485758092e-14,1.8288716216721997e-14,1.824735485758092e-14,1.824735485758092e-14,1.824735485758092e-14,1.824735485758092e-14,1.824735485758092e-14,1.824735485758092e-14,1.8433235785388082e-15]"
11.999999999999973,sqp_rti,0,"[0.07163004078481156,0.36254355753938017,0.06116384055820438]",1.2468957123931557,0.008459080010652542,"[-2.980232227667301e-09,0.0569779482609743,0.1792116838487921,0.23345294861468774,-2.9802506018583586e-09,0.008539741109403753,0.14564402583090869,0.12734973718837567,0.21260548702176224,0.07516938079349772,0.22002077978989193,0.9697115165144197,0.5705971241733863,1.077609939338825,0.38836391654147634,0.3611898806275516,0.4567340216537506,0.4610860487609692,0.5901862692951958,0.7731700517075388,1.4613200927239987]","[null,1.9962308187250266e-10,2.15137280276103e-10,2.012189259210858e-10,1.9832889540197174e-10,2.016185760458416e-10,2.0115623365897752e-10,2.005099394130743e-10,2.0167466820595745e-10,1.9913274746120296e-10,2.051160953056973e-10,1.9837515206588523e-10,1.973977307141263e-10,2.0021472878945618e-10,2.721854526904019e-10,1.9902825784665488e-10,2.0721399129855066e-10,2.0478548172167036e-10,2.0199958872863163e-10,2.032953665296181e-10,2.0320494214698736e-11]"
12.099999999999973,sqp_rti,0,"[0.035737440870618975,0.5542984987526969,0.0643584978699404]",1.2538932200751483,0.007841948419809341,"[-2.980232227667301e-09,0.10913474362452363,0.19728111059345538,null,0.11061231159956791,null,null,0.1707704926711891,0.22096166608701467,0.17093817584831045,0.2941895331682261,0.2674682764537664,0.3945604156060874,0.46679310441679683,0.3268281871106538,0.17354506009850895,0.2712207581809201,0.3215009987676341,0.44757721675874224,0.6156865405090588,1.0201810792804629]","[null,7.534626808556893e-13,7.529364650431238e-13,7.611590388683472e-13,7.641374179899857e-13,7.611590388671064e-13,7.611590388677268e-13,7.553213043994534e-13,7.523305650518956e-13,7.602833821439441e-13,7.511644024303963e-13,7.539426457766842e-13,7.520961855888196e-13,7.562632953008166e-13,7.541518694981865e-13,7.592893583186171e-13,1.002794375223492e-12,8.203884085097577e-13,7.630953363127563e-13,7.83970529052907e-13,7.709081204116688e-14]"
12.199999999999973,sqp_rti,0,"[0.09194983139758658,0.4049044709281225,0.09150713535600066]",1.2598908303326175,0.00696239247918129,"[-2.980232227667301e-09,-2.980232227667301e-09,-2.980232227667301e-09,0.2250382196429584,0.12848501846872012,0.1372164349037604,0.21097618431516257,0.0311788722357747,0.19556792744690626,0.5916691122824982,null,0.3128441906662623,0.10522721954456388,null,null,0.17652412439679283,0.18165190910673062,0.4510565245428147,0.8366440157901678,0.7596782850986166,1.004275785468132]","[null,2.712975093914779e-13,2.712975093918915e-13,2.729940422661367e-13,2.709639223188e-13,2.7083159582394443e-13,2.7249643671086633e-13,2.7218833376343426e-13,2.709921211550701e-13,2.708799545431491e-13,2.7129750939850895e-13,2.7086358990031574e-13,2.708795379760266e-13,2.7129750939892255e-13,2.7129750939850895e-13,2.901315897602454e-13,2.59657917247201e-13,2.7363898127757126e-13,2.7129750939850895e-13,2.7129750939933614e-13,2.7308446296945977e-14]"
12.299999999999972,sqp_rti,0,"[0.04590896275242625,0.7315872588355197,0.06625298855486952]",1.2655973644560499,0.006591077893972397,"[-2.980232227667301e-09,0.1705346782947828,0.24757642194120494,0.1946098630931033,0.07767763816151146,null,0.17421976390235622,null,0.01989858139858197,0.005855205595005242,null,null,null,0.08388675960827002,0.18593754241857213,0.24646733927918235,0.2809362023228957,0.3624666059883193,0.5300895918794912,1.1274260544117751,1.5949509638025432]","[null,6.93699753767139e-11,6.437731496304226e-11,7.582699402890246e-11,6.932446350150986e-11,6.975522139721743e-11,6.947541670329661e-11,6.975522139722198e-11,6.963315526588313e-11,7.140342332446175e-11,6.975522139722239e-11,6.975522139721826e-11,6.975522139719882e-11,7.156788942196774e-11,6.913143702950958e-11,7.040926399719106e-11,6.900721594978662e-11,6.9263194618121e-11,7.214750863535411e-11,6.907574841428879e-11,7.008954169926641e-12]"
12.399999999999972,sqp_rti,0,"[0.03022996115618768,0.3619249296949052,0.04424749433855957]",1.2721829151637831,0.0060417987406253815,"[-2.980232227667301e-09,-2.980232227667301e-09,null,0.227985769662223,0.06137516923004399,null,null,null,0.4289088885764663,0.40313380989102826,0.41894017502640396,0.1354880052033572,0.1952107424278367,1.2304457224511054,0.7393116130144157,0.5976225155361525,0.6141464202932692,0.6843225079425299,0.7379472081521017,0.9760566122514016,1.8927977995249818]","[null,4.923692316553755e-13,4.923692316615793e-13,4.880536784639269e-13,4.879556375383469e-13,4.923692316614759e-13,4.923692316613725e-13,4.923692316615793e-13,4.846237402742977e-13,4.774659217730695e-13,5.064602222310464e-13,5.071047795329563e-13,4.993823566726968e-13,4.923692316614759e-13,4.923692316613725e-13,4.923692316614759e-13,4.923692316614759e-13,4.923692316614759e-13,4.923692316614759e-13,4.923692316613725e-13,4.945796184044555e-14]"
12.499999999999972,sqp_rti,0,"[0.10422418576754505,0.12000161076941576,0.049014698215063414]",1.2756756283823285,0.005778230726718903,"[-2.980232227667301e-09,0.008681896273906642,0.08645319826004966,0.028909590595056767,0.01506916812081266,0.38741455978633327,0.5179414976408558,1.1701471400781258,1.2339135704543878,0.9429879615389154,0.7149768643999621,0.24908567481481186,0.0281143882876716,0.1431599119303016,0.25689457066509186,0.3790595547161207,0.5986230835686441,1.0906089327100517,1.8424770560661556,1.1925244070664476,1.1612724974049111]","[null,1.808588348143625e-15,1.9193596113197956e-15,1.92289302704365e-15,1.8548117020445393e-15,4.0384546213772675e-15,1.9422296220776215e-15,1.8697725825688426e-15,1.8697725824137463e-15,1.8697725824137463e-15,1.869772582465445e-15,1.869772582465445e-15,1.869772582465445e-15,1.869772582517144e-15,1.869772582517144e-15,1.869772582517144e-15,1.869772582517144e-15,1.869772582517144e-15,1.869772582517144e-15,1.848785644494687e-15,1.947513600635885e-16]"
12.599999999999971,sqp_rti,0,"[0.08339567213830806,-0.057681887005981175,0.07154536025837896]",1.2883458141912791,0.0058012306690216064,"[-2.980232227667301e-09,0.2013301109208932,0.15825876154934876,0.1355391373824098,0.041710211869742164,0.053694887779134615,0.03676662019094651,0.09117439658154042,1.2470466925034642,0.8233117747242964,0.5420995944086495,0.7187435718951043,1.1054472819342436,1.322920262773455,0.7882630278700844,0.6055348977157216,0.3990257643459401,0.017894970518547215,null,null,null]","[null,9.674003173050263e-11,8.963322326035627e-11,8.944185387381422e-11,8.941369501608507e-11,8.954086104608268e-11,8.878816283102806e-11,9.081955838804327e-11,8.964449486940568e-11,9.35808691748771e-11,8.96891831035285e-11,8.96891831035285e-11,8.96891831035285e-11,8.968918310352856e-11,8.968918310352856e-11,8.968918310352856e-11,8.968918310352856e-11,8.968918310352856e-11,8.968918310352856e-11,8.968918310353249e-11,8.995044614457001e-12]"
12.69999999999997,sqp_rti,0,"[0.08906892422831006,0.4475496908972132,0.06822075226661913]",1.2963512711865615,0.005742959678173065,"[-2.980232227667301e-09,0.20232025458451092,0.13391961906890942,0.038624449755521095,null,0.1250605656545261,1.435291131521194,0.8594694511142975,0.2037137231221891,0.0835227305433282,0.31560568768931746,null,null,0.3219213977303628,0.5039215451531749,0.6602341529363069,0.8758541814065779,1.577538978838384,0.9173597035193495,0.7248546282834567,0.7879029477209738]","[null,2.0993516647335505e-13,2.0739667833428326e-13,2.0688334319905423e-13,2.0978387479864994e-13,2.068369857059392e-13,2.09783874798637e-13,2.0978387479864994e-13,2.0540830905914702e-13,2.29608841760668e-13,2.0649212465846677e-13,2.0978387479864994e-13,2.0978387479864994e-13,2.09783874798637e-13,2.09783874798637e-13,2.09783874798637e-13,2.09783874798637e-13,2.0493651600569901e-13,2.0905653383434946e-13,2.1278845979746711e-13,2.1336422680498668e-14]"
12.79999999999997,sqp_rti,0,"[0.0704159328294692,0.19103786673263246,0.08517439088878406]",1.3069505959360406,0.006548948585987091,"[-2.980232227667301e-09,0.18400479581782464,0.0008577962156634533,0.00013439591633448988,null,2.0317577426043343e-08,null,0.02024174757922853,0.07796398037984159,0.5259379942111024,0.1754079746541784,0.6658392686215364,0.7837286163085693,0.9579394106674612,0.8430225530496258,0.485457909687711,null,null,null,0.5978572897031647,3.075900943464444]","[null,7.000459408847965e-13,7.059432255496453e-13,7.010551057253434e-13,7.021573372158344e-13,7.020960278554781e-13,7.021573372159248e-13,7.012861999957292e-13,7.188568691224668e-13,6.980840274601608e-13,7.082290361133956e-13,6.970382160311199e-13,7.021573372158344e-13,7.021573372159248e-13,7.021573372159248e-13,6.987354240985065e-13,7.021573372159248e-13,7.021573372160024e-13,7.021573372159636e-13,7.155411527667688e-13,7.003335477847636e-14]"
12.89999999999997,sqp_rti,0,"[0.09220945371514833,0.4487200390804146,0.08877968889796457]",1.314351434954071,0.006996132433414459,"[-2.980232227667301e-09,0.08000668365479485,0.8005109623265525,0.6963689504488471,0.18778423006866946,0.2977885026078447,0.31018414698368596,0.5647286603048272,0.2947253900498204,0.3394452004995763,0.35251446579381424,0.5198508971099869,0.5039561934691832,0.4773196528391413,0.4937243383797794,0.39557657675581376,0.8650729365216179,0.5488939544442644,0.47121769122241713,0.4391240137183696,0.5647871452086106]","[null,2.2392075160496034e-11,2.2467867647643145e-11,2.2704859325885538e-11,2.2247108177904964e-11,2.229321711965877e-11,2.231837328925528e-11,2.291476080943655e-11,2.268816719819322e-11,2.2285363677162e-11,2.2477406432010363e-11,2.2667888636668115e-11,2.2667888636664755e-11,2.2403515398060444e-11,2.2291236109500564e-11,2.242066241597382e-11,2.2312825895687214e-11,2.2458078808451597e-11,2.2354039526850232e-11,2.242484051066131e-11,2.3022122591840557e-12]"
12.99999999999997,sqp_rti,0,"[0.04598598456825052,0.48203939440918353,0.07532030811314354]",1.3222197147754797,0.006331505719572306,"[-2.980232227667301e-09,0.1505583991786857,0.031308293898551665,0.0030391882853651464,0.1844306139292396,0.14481723320849121,0.26543924757749143,0.22832028289059708,0.5305705690120532,0.4934803597620075,0.2046734306353784,0.46198247023577893,0.5210772376828074,0.5450118508337212,0.4602892277216711,0.22289192258354423,0.23349291190826166,1.1553120401569579,2.369304534455126,2.4354661260528845,1.7560949990875414]","[null,6.306339934490212e-12,6.3089776184772825e-12,6.295068117284456e-12,6.329351851371845e-12,6.26776160355461e-12,6.475832947255428e-12,6.2903576087343274e-12,6.274465118837052e-12,6.288412403672152e-12,6.264700624904759e-12,6.2753625811321345e-12,6.293189230212892e-12,6.290743737166981e-12,6.308254704754511e-12,6.6777128904099825e-12,6.302151460504709e-12,6.286326488989083e-12,6.278393790234991e-12,6.270842357216063e-12,6.317400934758229e-13]"
13.09999999999997,sqp_rti,0,"[0.10411932426201287,0.2026893743846671,0.1047079373753298]",1.3297412173688004,0.004973320290446281,"[-2.980232227667301e-09,5.830927543157283e-05,0.022640849191978785,0.20447597401925216,0.18307323879105014,0.16280174658943808,0.13844299180762648,0.22666425917910332,0.016565225235052605,0.4570343868242233,0.32991310887107944,0.2994437964765247,0.27900569028739214,0.27180013611075077,0.37485355842552864,0.4931732443167601,1.494156548466816,0.7620550574644998,0.8927565603937138,0.9198936004053546,0.976482671438544]","[null,6.065594089754616e-16,6.269238999846973e-16,6.053132698418647e-16,6.05005470656195e-16,6.057244235002388e-16,6.225356287957826e-16,6.055247039078887e-16,6.063241263230255e-16,6.045952759974188e-16,6.052068661164662e-16,6.052919094535092e-16,6.050321748122534e-16,6.187955133095166e-16,6.140562013575526e-16,6.053525010020654e-16,6.049683967894942e-16,6.059048985417675e-16,6.06403329118709e-16,6.063977899877476e-16,6.207061471964093e-17]"
13.199999999999969,sqp_rti,0,"[0.09165609821403822,0.014223602097927307,0.09751547503964797]",1.3393443140224643,0.006262041628360748,"[-2.980232227667301e-09,0.11641358095695403,0.11652883176955237,0.0005938765858988782,0.03242016159030464,0.10567968810840683,0.16442249624400135,0.5678877122060555,4.65227357407394e-06,0.8143895885602361,0.6564819641027675,0.9051774621547863,0.9471674909934655,0.6856447799355976,0.5780468748708898,0.45903430745963086,0.48263263177545285,0.9736484701305812,0.8647269792629728,0.5922923544679939,0.57127207494472]","[null,3.432047845240557e-14,3.4296629649982925e-14,3.445063564457864e-14,3.436809066393241e-14,3.560793640825943e-14,3.598167083332502e-14,3.417589339446745e-14,3.448760369818034e-14,3.429658018950014e-14,3.458160787399097e-14,3.45816078765436e-14,3.458160787992341e-14,3.458160787601369e-14,3.458160787552901e-14,3.4581607875457925e-14,3.45816078808346e-14,3.4240766482490644e-14,3.458160787979416e-14,3.458160787946458e-14,3.458429131827711e-15]"
13.299999999999969,sqp_rti,0,"[0.07950574098804498,-0.107159788700283,0.11034830095267421]",1.3496881577141415,0.006340000778436661,"[-2.980232227667301e-09,0.08959641595335449,0.06876616587765377,0.0790267420654443,0.16532758886883842,0.333038517852043,0.4091872424796719,0.5401813251246359,null,null,0.4240803384004888,0.543874414658174,0.603683190430776,0.9274941051890522,1.5469564603622927,0.6763527895031245,0.5295787641244025,0.6150286305624728,0.7212068908885392,0.7736088989494927,0.7470093074269701]","[null,5.9304692153701e-15,5.922339209702128e-15,5.9128104172229626e-15,6.044985096615718e-15,6.146356006367083e-15,6.017161294561554e-15,6.017161294509855e-15,6.017161294425845e-15,6.017161294593866e-15,5.955690588568453e-15,6.0171612945292424e-15,6.017161294393533e-15,5.9750345293346175e-15,5.9498067295051295e-15,5.954082445872665e-15,5.9418828493294285e-15,5.956552402961835e-15,5.958598315584115e-15,5.951444918321747e-15,6.035605733471682e-16]"
13.399999999999968,sqp_rti,0,"[0.12652280738683497,0.15300789453004024,0.11668927284332148]",1.3581799908553729,0.005835484713315964,"[-2.980232227667301e-09,0.043187597021184854,0.12154308346458792,0.15332363169391955,0.1981753943221996,0.23802960956539537,0.2814222949681529,0.33628587025233686,0.6685703822207614,0.6989198018987117,0.7384330528179042,0.6742171623370428,0.6240482514679655,0.6114938313178626,0.5864955951315316,0.5478276320970188,0.6470865123235925,0.5813476910150654,0.4581283537294237,0.4586389710401047,0.5110742414208456]","[null,8.913813260892771e-13,8.890442442491436e-13,9.76077538138639e-13,8.620771430625778e-13,9.752239647259945e-13,8.928611108838956e-13,8.862199706281609e-13,8.903913099078233e-13,8.915607524899307e-13,8.821563254135655e-13,8.821563254136285e-13,8.821563254136204e-13,8.821563254135332e-13,8.821563254135881e-13,8.821563254135833e-13,8.821563254135704e-13,8.821563254135477e-13,8.821563254136091e-13,8.821563254135413e-13,9.122461748253658e-14]"
13.499999999999968,sqp_rti,0,"[0.44111290566813627,-0.35893107100734745,0.19081493393962412]",1.378117038740926,0.006360456347465515,"[-2.980232227667301e-09,0.04745745817685326,0.09618990099755537,0.16553853383202083,0.17867901535165914,0.1333472698805636,0.3731883584973133,0.3825533097516008,0.4329347581234984,0.4616662313781699,0.5399087122214803,0.9109320086718433,1.3000949366552177,1.3661811181962633,1.186619061673334,1.0455102506985277,1.0369771347312253,1.092512200312752,1.1421165990326905,1.2143308269053923,1.493946192079641]","[null,3.6545552802879187e-13,4.253828332759032e-13,3.678802535307368e-13,3.652828006580951e-13,3.791116534656773e-13,3.637501027102064e-13,3.775960264443822e-13,3.6391908185735696e-13,3.5017687560976483e-13,3.669365059282387e-13,3.6426518860046977e-13,3.6322890542499824e-13,3.6505031731782757e-13,4.646266554654322e-13,3.7704477151079274e-13,3.809569176133485e-13,3.816865060317709e-13,5.221725782718885e-13,3.78505974954824e-13,3.7605781178615854e-14]"
13.599999999999968,sqp_rti,0,"[0.2207169250001694,-1.199999997095879,0.11229705414243304]",1.4138301834457607,0.006693162024021149,"[-2.980232227667301e-09,0.050474006986708286,0.09263353813425362,0.004690474783129617,0.010467454772428664,0.061056052856502785,0.6306980284558754,0.8377264273491505,0.9187390705341485,0.6386199162547761,0.2858803870639662,0.043117005496154104,0.054314914443328643,null,null,0.4552134409714171,0.10789329880188775,0.04781086331459222,0.08300480836588636,0.35131642379577316,0.6948149847748935]","[null,6.567893257143865e-13,6.621681195726672e-13,6.518832002081818e-13,6.532454657581526e-13,6.480696614224008e-13,6.534434823889028e-13,6.571538781707466e-13,6.571538781710002e-13,6.5333844553829e-13,6.562867201179788e-13,6.533284120527545e-13,6.579332026978205e-13,6.57153878170774e-13,6.571538781706222e-13,6.550206367430564e-13,6.571538781703976e-13,6.571538781709954e-13,6.5715387817085e-13,6.571538781709889e-13,6.724789891959371e-14]"
13.699999999999967,sqp_rti,0,"[0.11038985263364998,-1.1850540680025818,0.07084396585283494]",1.4315934242096375,0.009962610900402069,"[-2.980232227667301e-09,-2.9802321999117254e-09,2.2932233889605413e-09,0.001867098422413227,0.08363698912271361,0.13464900675214048,null,null,0.0006996360317909067,0.007463699156484982,null,0.005343742237541804,0.003742248802453163,0.07261474877645019,0.1980493466707099,0.31883968038222293,0.40861748113263624,0.4716642840858885,0.5142033526806151,0.6115632326551237,0.8829964133697661]","[null,2.853484344579185e-12,2.85348434272664e-12,2.8644923138938544e-12,2.838550412467499e-12,2.8553748151225104e-12,2.8534843446415855e-12,2.8534843446410976e-12,2.853786227703429e-12,2.855567295635912e-12,2.8534843446413642e-12,2.854180544518495e-12,2.8538279130390917e-12,2.856799565727666e-12,2.8563271012476983e-12,2.8558053771162235e-12,2.8523652751117918e-12,3.059852871141408e-12,3.0828262155159845e-12,2.8187410712758253e-12,2.8589681445547284e-13]"
13.799999999999967,sqp_rti,0,"[0.05974176613686863,-0.8492631076653863,0.05578191152003938]",1.4411261888233466,0.00840905774384737,"[-2.980232227667301e-09,null,0.2502100639502601,0.27008950932187475,0.2004307331578346,0.07693988412700464,0.07445520694951463,0.12123770877644341,0.23615117824982051,0.11075887552995028,null,0.07163729766333554,0.17545267361734035,0.14302763483775643,0.1837511160821464,0.278263701587872,0.4024691253098219,0.5416549732319538,0.5954616496576655,0.6384041426459468,1.460180738649069]","[null,1.462222916012902e-11,1.4634739053870248e-11,1.465059977744693e-11,1.472683680129109e-11,1.4460697121550172e-11,1.475338964086057e-11,1.470705554696848e-11,1.4556319786533213e-11,1.4650139754873555e-11,1.4622229160129986e-11,1.4582802600073456e-11,1.5212465813378302e-11,1.4240922569707438e-11,1.4867412581771823e-11,1.460998825029509e-11,1.463236153008107e-11,1.4654770032821638e-11,1.4675399763517e-11,1.4695104029473546e-11,1.4756291957625724e-12]"
13.899999999999967,sqp_rti,0,"[0.09615841912896703,-0.4167788692051815,0.06445054323255535]",1.44792649298173,0.009263355284929276,"[-2.980232227667301e-09,0.00025896360467464463,2.321551740649963e-05,0.020164367475284994,0.07416482156307574,0.0979803819090595,0.12381251050692726,0.19182226270362152,0.23804507144162274,0.5085789406703618,0.39114558406024785,0.39039835175017484,0.3482873388045525,0.4007432841298229,0.4721928783279992,0.5347031216673901,0.5856773600866292,0.6653786618286268,0.9006455043168582,1.1346401065246539,0.9587039454423489]","[null,2.4321133145383327e-12,2.4349215044299908e-12,2.4285111479894696e-12,2.4416246735719035e-12,2.428078937518815e-12,2.4289858198168056e-12,2.4279759009236986e-12,2.4324417185718646e-12,2.426286274168497e-12,2.424315699126465e-12,2.426277973484068e-12,2.4309279027709072e-12,2.4300981106636668e-12,2.429030947083196e-12,2.5027551990783707e-12,2.4620320180270643e-12,2.598506303070517e-12,2.4894617854906854e-12,2.4813603125999003e-12,2.4522012295565796e-13]"
13.999999999999966,sqp_rti,0,"[0.06972218222079724,-0.8003312075398921,0.06788202473302632]",1.4561298514985597,0.007239144761115313,"[-2.980232227667301e-09,0.1689247024759702,0.3845828984870117,0.3787291213580531,0.280381768338448,0.0029592753053815923,0.18836336939016435,0.2675927313894249,0.4124064195803257,0.43313300470079313,0.5193380222683615,0.6129935528369301,0.6346499738196136,0.6362032248875351,0.6959681292434083,0.7651324367214924,0.8683469845907295,0.8823687953930885,1.027424037977451,1.2466891973006156,0.8651157916490007]","[null,7.43406584653432e-14,7.453212866860186e-14,7.40552223998097e-14,7.348057955907676e-14,7.784510293687863e-14,7.302155491267787e-14,7.372749749621728e-14,7.524570412459723e-14,7.361870004831686e-14,7.540364813792511e-14,7.540364813633214e-14,7.540364813818683e-14,7.540364814037434e-14,7.540364813856811e-14,7.540364813752767e-14,7.540364813772154e-14,7.3184852147097e-14,7.711808242903114e-14,7.354333888194094e-14,7.798442484191658e-15]"
14.099999999999966,sqp_rti,0,"[0.08257613635153116,-0.7915355978604299,0.09492573348320509]",1.4588342223735773,0.008871311321854591,"[-2.980232227667301e-09,0.05964204028590531,0.013978480623895007,0.07445132688492678,0.09996253079077705,0.09750484390786412,0.20655563872132704,0.5866755206613739,0.5030921909434631,0.5052207754248046,0.5711127377752321,0.613604421382062,0.6515994337867499,0.6824975389984587,0.7054472692128797,0.741035808680288,0.8402544537476204,1.1582907664645041,1.4641502522414214,0.7991733826208935,0.6868410064808959]","[null,1.4187287375012537e-14,1.42880221201396e-14,1.4621062331507186e-14,1.4466321017349046e-14,1.417901279664773e-14,1.426624152477606e-14,1.4210890227060902e-14,1.4597025678687412e-14,1.4262446408150936e-14,1.4268305471496352e-14,1.4280535620288324e-14,1.4235356920182392e-14,1.422326198233658e-14,1.421376806112632e-14,1.424082408423333e-14,1.3537235522197e-14,1.653831375867171e-14,1.4529205913438956e-14,1.444059680088184e-14,1.4794262955621237e-15]"
14.199999999999966,sqp_rti,0,"[0.09308270338249641,-0.7054931829042173,0.0835297020022984]",1.470431933559195,0.010991125367581844,"[-2.980232227667301e-09,0.06400826096296691,0.2349764557513943,0.22192281704765976,0.239771360449123,0.2125309006446095,0.2821869274010396,0.33887167646569055,0.4640043486013468,0.559255632505949,0.5708998497221394,0.622840580147195,0.6453784202820791,0.6157516150023852,0.6197712562581381,0.6467767710441474,0.7046679306730244,0.9955023337811866,0.897693141025482,0.6603297604693332,0.637170588872096]","[null,4.28997049760964e-15,4.285996682503991e-15,4.293635829044125e-15,4.289351271660342e-15,4.291974908078044e-15,4.29031899807841e-15,4.292779192074363e-15,4.347592378512028e-15,4.2949568537950036e-15,4.2294038911920285e-15,4.318666870691253e-15,4.282692073603578e-15,4.282692073894384e-15,4.2826920751513104e-15,4.282692074249813e-15,4.282692073396783e-15,4.282692074850811e-15,4.282692074443683e-15,4.282692074424296e-15,4.303520862121384e-16]"
14.299999999999965,sqp_rti,0,"[0.048860301091668674,-0.3500841719038153,0.08535458817754861]",1.4740345957125391,0.01330139022320509,"[-2.980232227667301e-09,0.04351938594397603,0.0005392207955735584,0.01520943029032279,0.049340821878843866,0.2488727733578891,0.32482001438227287,0.30435543079121424,0.3401462247216232,0.39865105539650153,0.4563043214910099,0.5074798281941504,0.5538779147218003,0.5954744636284095,0.7162630065436797,1.1912203867465407,1.249473238577594,0.723246466844693,0.5892758609692101,0.6352480767756539,0.6991815208582313]","[null,7.734752184513969e-11,7.746704173910836e-11,7.735476342487252e-11,7.72533046773911e-11,7.69199858328431e-11,7.901144807786127e-11,7.73895343791953e-11,7.831375476605784e-11,7.783256002916464e-11,7.766759729350513e-11,8.984459283440053e-11,7.083041220849862e-11,7.74627885784667e-11,7.951345927094623e-11,7.806855146223559e-11,7.727817619924913e-11,7.744461535591625e-11,7.831660666680044e-11,8.189484290901001e-11,7.91476397408624e-12]"
14.399999999999965,sqp_rti,0,"[0.11677167571398372,-0.18614138414672435,0.10035259917952466]",1.4856115562775747,0.014828360639512539,"[-2.980232227667301e-09,-2.980229979465676e-09,0.04975639464076026,5.670845268368474e-08,-2.964555656514989e-09,-1.3565997492026582e-09,0.00957587370293772,0.04311723134687179,0.13999939762247876,0.2265303500482368,0.33258283221792057,0.4075664955628085,0.5033051578699392,0.5405218995601515,0.5946934102092036,0.918537662543305,0.67055467761745,0.604233429657772,0.6383001729465689,0.6560155027322299,0.6801537026067705]","[null,1.8417774175719936e-12,1.8443135013403968e-12,1.841411207048565e-12,1.841777417444414e-12,1.8417774068720634e-12,1.854288597261282e-12,1.8794808997739003e-12,1.843844835379652e-12,1.8453470631620974e-12,1.843287578494262e-12,1.839198530525281e-12,1.840843157320969e-12,1.8344914587973257e-12,1.8338934171774397e-12,1.8357286083479066e-12,1.8156675443549462e-12,1.8270865093110972e-12,1.7903579780355768e-12,1.8417774176384136e-12,1.8466506127364076e-13]"
14.499999999999964,sqp_rti,0,"[0.09669160183802401,-0.6511059452363845,0.1160006846443231]",1.4936565429463748,0.014532898552715778,"[-2.980232227667301e-09,0.025832131154968796,0.05229282997764423,0.06318573627227303,0.1415879497717974,0.18482593835254663,0.2523926677832112,0.3267083392790909,0.41066177241537966,0.45830562693762006,0.509543668902986,0.5604133039013017,0.624669943589155,0.9463404858698723,1.4726948854218456,0.8273080463864957,0.7582086570892208,0.7825874638622998,0.8039957091119028,0.8243179497693951,0.8414766504550666]","[null,1.6830726772320547e-14,1.6742913990138663e-14,1.6738722057570592e-14,1.659483033135837e-14,1.6786602419480702e-14,1.6734458791363412e-14,1.672938021263384e-14,1.6692817039824495e-14,1.6016157364278695e-14,1.56011229495064e-14,1.6581559826133025e-14,1.6649959580357696e-14,1.757259000173039e-14,1.669377981648425e-14,1.6643316273474475e-14,1.665047465476499e-14,1.668224678018611e-14,1.664947720834205e-14,1.653552734824266e-14,1.7246028638353399e-15]"
14.599999999999964,sqp_rti,0,"[0.1275277940422318,-0.38212880121827997,0.13053145868561325]",1.5047784967401006,0.018026120960712433,"[-2.980232227667301e-09,0.0059343065883517565,0.09850135928039877,0.21784127074709297,0.26990391319153134,0.3745742399942003,0.47039076302405186,0.5559432118071033,0.6175579336021826,0.6567762029255604,0.6837657030218878,0.7097276546654825,0.8392562096343112,1.3055838138600435,0.8132621997422518,0.6050829512553502,0.6263769802994694,0.6422719324587536,0.6640579875165933,0.6884146068219066,0.8488055457071908]","[null,1.224237711096625e-14,1.2471143938712997e-14,1.243778127122238e-14,1.2596986475146288e-14,1.265106654327515e-14,1.26994122506832e-14,1.2617973922867099e-14,1.256906529399122e-14,1.254634352546337e-14,1.2526891442328631e-14,1.2541941502952533e-14,1.2655195446942367e-14,1.2577747612884633e-14,1.2563317635501954e-14,1.2547334110733322e-14,1.2551699688015336e-14,1.2647323963779399e-14,1.2617382784381569e-14,1.2540526185964312e-14,1.290480293729091e-15]"
14.699999999999964,sqp_rti,0,"[0.09955710550114545,-0.11515895284892264,0.10959490210740541]",1.5158448240074822,0.020177006721496582,"[-2.980232227667301e-09,0.023982332272431794,0.13705310163833745,0.17636724619002636,0.24455684048972587,0.30369618628963463,0.35410059125190935,0.40336894758790615,0.47335311223327176,0.5813388711022156,0.8180229703144171,1.047769580732482,1.0729016280963577,1.0847770132378087,0.5438866695042861,0.48667511779948686,0.5066138012552901,0.5454419906464991,0.5889279303090322,0.6308093859912922,0.6834096200246875]","[null,4.052344486698581e-12,4.0415771149276525e-12,4.045505161683551e-12,4.058152918018605e-12,4.064596579800244e-12,4.071927059083727e-12,4.0619269790663635e-12,4.09155946094947e-12,4.147510158831761e-12,4.060422507614991e-12,4.052806135033867e-12,4.052806135034746e-12,4.052806135032872e-12,4.052806135034333e-12,4.052806135032859e-12,4.052806135033764e-12,4.052806135033725e-12,4.0528061350297186e-12,4.0528061350328334e-12,4.0406219532477745e-13]"
14.799999999999963,sqp_rti,0,"[0.11157545467969672,-0.31466418971996785,0.11689101863566786]",1.5260279366624514,0.020903632044792175,"[-2.980232227667301e-09,0.0010469564820992372,0.018937850554411828,0.0528195206303142,0.0954029535042043,0.13786569585121883,0.17522499119992468,0.20442674991964865,0.2250350276999054,0.24692233176470674,0.3092996894328984,0.5414623877470859,1.375882676805493,0.6761232725474684,0.6598094400762171,0.7264199865100813,0.7844815543117594,0.8385341406049276,0.9022623387930493,1.0755319268869463,1.6906856623499038]","[null,1.0462536673130578e-15,1.0434243682316404e-15,1.0297374749070001e-15,1.0306263172491827e-15,1.0338423752985679e-15,1.0367342427092598e-15,1.0281681965361984e-15,1.013046273181327e-15,1.0263701742109128e-15,1.0365476848593874e-15,1.1073381492590915e-15,1.0369847901365641e-15,1.064384426383551e-15,1.079090274736682e-15,1.04800112288227e-15,1.0480011228790389e-15,1.0480011228790389e-15,1.04800112288227e-15,1.0480011228790389e-15,1.0839100156051043e-16]"
14.899999999999963,sqp_rti,0,"[0.08753430640336753,-0.09712032963504799,0.109658454536403]",1.5363786124810874,0.01882103458046913,"[-2.980232227667301e-09,0.0031774158109523776,0.03897876179371346,0.09068902139420915,0.1377669054639668,0.1753063040882477,0.2013711175183202,0.21525158383155246,0.21725253322054466,0.21169530391020813,0.2818540306875848,0.46151668927107964,0.3532531156919106,0.38311438470832365,0.47165709878570256,0.5771534359874877,0.6139326739256192,0.6310798275389169,0.8165004714285622,1.3467406704319813,1.9810346357561712]","[null,4.092580246815297e-14,4.100297245975058e-14,4.103655861800587e-14,4.10131900237267e-14,4.096685440585452e-14,4.092930635127117e-14,4.090882472018132e-14,4.09191018551808e-14,4.1040555170554456e-14,4.216777819601176e-14,4.0857355292848814e-14,4.085726295542505e-14,4.106389790357542e-14,4.1627547855776494e-14,4.090523361211799e-14,4.8653894169022946e-14,0.007764965420444186,4.157929326368859e-14,4.0736522860776135e-14,4.0844285751842135e-15]"
14.999999999999963,sqp_rti,0,"[0.11711519098238538,-0.060698197721868435,0.12043296109592068]",1.5461059442630432,0.018367288634181023,"[-2.980232227667301e-09,6.0350759880367644e-05,0.005279054020305873,0.020008987499471165,0.03817010123033776,0.05918000278456664,0.09859453458627493,0.13904902596062813,0.1647497547333419,0.3444283053691322,0.18621152888753728,0.23870101174771358,0.2758352600190708,0.3309477916145392,0.38430569329681213,0.3156368542622288,0.15210949838047522,null,0.14068445653778455,0.33184746043621943,0.6714775971492528]","[null,2.0909442640608264e-15,2.0944046718657738e-15,2.1033787935368146e-15,2.0969279072494545e-15,2.091814716710231e-15,2.0901159347181614e-15,2.0911782696247528e-15,2.0940652493681845e-15,2.143024329919442e-15,2.0900950715461333e-15,2.0906363719231587e-15,2.086472740446326e-15,2.087583077434694e-15,2.0896885421779658e-15,2.3346005360835987e-15,2.092799442017043e-15,2.1007501294079134e-15,2.091196604070913e-15,2.1322281015021796e-15,2.0961952474182291e-16]"
15.099999999999962,sqp_rti,0,"[0.11764447432897762,0.06815014551634468,0.11944922473086532]",1.5575625581489168,0.018384471535682678,"[-2.980232227667301e-09,0.0010883875714790547,0.013330045889302256,0.032397251512026604,0.04843629846014147,0.05822178374499459,0.06919350552765363,0.07882584100653106,0.1667209376639896,0.21767631350370992,0.20609893738484147,0.20428941710940302,0.26868355029638097,0.3325752578069448,0.3897500127540717,0.4481180877915712,0.4165328934096742,0.3461452484890451,0.4282371252096329,0.571557830585651,1.2016518967201193]","[null,9.013069120583075e-12,9.08915821905701e-12,9.107256446783152e-12,9.069114027836644e-12,8.929359998969991e-12,8.927250592625915e-12,8.998181816422122e-12,9.02934862042368e-12,9.080357777108116e-12,9.217811802452625e-12,9.064356720559233e-12,9.05024839034007e-12,8.88261532468717e-12,9.001348282006624e-12,8.982361856905413e-12,9.004689519337816e-12,9.049067442102648e-12,9.1309651450106e-12,9.018610205824477e-12,9.144634172741578e-13]"
15.199999999999962,sqp_rti,0,"[0.11578984070459512,-0.002981949310907034,0.12406298236301637]",1.5696192926829575,0.01941615529358387,"[-2.980232227667301e-09,0.0002651931474765279,0.005178979518597082,0.015119230808851747,0.026501660118449177,0.0355903972295078,0.03752577538888585,0.04311309149115311,0.11214307135335916,0.17482540758403503,0.15964619499806593,0.19697569992107838,0.2627905541385854,0.3260743844029859,0.3654249613564485,0.399299344031294,0.3558394337853901,0.29689584489976967,0.23955846354291915,0.2525602158279739,0.3876171143617995]","[null,1.0482042721261155e-11,1.086491819759095e-11,1.068266119631122e-11,1.0474733028434782e-11,1.0331378939437569e-11,1.0283390747432615e-11,1.0476197792437577e-11,1.1215759797005696e-11,1.1071012465045165e-11,1.1209120412060609e-11,1.0430121698581066e-11,1.127800439255575e-11,1.078014416517736e-11,1.076326237301263e-11,1.0771767185227034e-11,1.0824829840454813e-11,1.0875003904483494e-11,1.279660847517674e-11,9.674293152839936e-12,1.1118706974762839e-12]"
15.299999999999962,sqp_rti,0,"[0.13385316096330035,0.26429584000801765,0.12904185253189254]",1.581542806460347,0.01984088309109211,"[-2.980232227667301e-09,2.169795446499423e-05,0.0014841242999535376,0.006166548418660434,0.01124771576980016,0.013341081038401204,0.029238385758146468,0.07767854322219742,0.06510748937304173,0.10507702783512302,0.15467770286148125,0.1873563523354374,0.1938206251277979,0.16382834597821355,0.00034435603513011115,null,0.040134264159329025,0.1302730786540341,0.19389747468645774,0.21356974975866622,0.23597631922494672]","[null,1.824313124105502e-15,1.8305633311449856e-15,1.8466027613741444e-15,1.847329819302184e-15,1.8300974473964213e-15,1.8338869702142697e-15,1.825324324222046e-15,1.8301554843317494e-15,1.8235772171915243e-15,1.8245554334116726e-15,1.8247285780190025e-15,1.8222290419770257e-15,1.9473301665334296e-15,1.8216048430291945e-15,1.8246977254019225e-15,1.823381445171629e-15,1.823525991613558e-15,1.822862575860018e-15,1.825915596665599e-15,1.8653654775985976e-16]"
15.399999999999961,sqp_rti,0,"[0.12573430715644207,0.037769921382606736,0.11262905511021168]",1.593108913570049,0.022312164306640625,"[-2.980232227667301e-09,1.783680659284137e-06,0.0004368989508349297,0.0038855527279518243,0.009849081567308293,0.023372909554559673,0.12224574425962303,0.13022555332579594,0.10758668015836009,0.11102602698990333,0.10898447847406595,0.14105883369046063,0.20496945120781157,0.29115238672097093,0.31987994009144743,0.4397103937663978,0.3664304564718826,0.2681812514434306,0.17548616681571688,0.2856822031967113,0.9143855000001906]","[null,1.6866093816660412e-15,1.690018183571694e-15,1.6971961525025476e-15,1.7007822407460159e-15,1.7383754409852333e-15,1.7093335373993747e-15,1.7187770112327266e-15,1.7233387021798179e-15,1.708211600114107e-15,1.7104986795288212e-15,1.6490566008002685e-15,1.8065876733751363e-15,1.7385869757825093e-15,1.702180618022834e-15,1.7013916942805631e-15,1.7062881850274002e-15,1.7041783244017937e-15,1.6136073320518946e-15,1.8967802208303857e-15,1.755125523665203e-16]"
15.499999999999961,sqp_rti,0,"[0.12195486329645,0.21033467125205602,0.10620044180188327]",1.6048093277280229,0.02275015413761139,"[-2.980232227667301e-09,-6.9619124631881135e-09,3.29587677566634e-07,1.9390673883512566e-06,8.51328035167409e-06,8.26989972551595e-05,0.004033972223699112,0.03683050821438344,0.07618522651600373,0.13692380916288,0.22495143119548083,0.32251356209191934,0.4244067261550189,0.5144410747219108,null,null,0.2388114672724882,0.40008246481523174,0.5191933315515918,0.512408712728061,0.9060494868536864]","[null,3.3271674678132885e-11,3.326418458908652e-11,3.323346388779497e-11,3.3171996548850204e-11,3.315856536457227e-11,3.343735558602055e-11,3.4490498129636e-11,3.284478520690246e-11,3.300405578841185e-11,3.295019523628021e-11,3.2896418761975016e-11,3.298157813265489e-11,3.341570080408913e-11,3.3271676977398586e-11,3.327167697738677e-11,3.3271676977391813e-11,3.32716769773943e-11,3.327167697739831e-11,3.327167697739885e-11,3.3484884807250886e-12]"
15.59999999999996,sqp_rti,0,"[0.13950911643985303,-0.015447044742388116,0.10912976100407315]",1.6173026824936645,0.02258077636361122,"[-2.980232227667301e-09,-2.980232227667301e-09,-2.8529424933587677e-09,2.65724071635276e-08,0.00013606221908196714,0.00998084559766782,0.10303337886375702,0.09316140889514363,0.13504396447405648,0.18629844960877479,0.2321060924755532,0.28297851386190126,0.3469668728554474,0.3873517412310797,0.4662961151175427,0.5086456193986251,0.4507025993758365,0.3980745190597286,0.3706693053316455,0.4903165164409458,0.6034686344774343]","[null,5.030806489279072e-13,5.030806489338978e-13,5.030816826631766e-13,5.036046903242178e-13,5.27306517529259e-13,5.046077983179239e-13,5.10865254597328e-13,5.049021051857641e-13,5.055560122347253e-13,5.054116803869961e-13,4.857720144544822e-13,5.010835112022874e-13,5.335932223873236e-13,5.055063879159291e-13,5.054954359101181e-13,5.056986173785074e-13,5.034226759596562e-13,5.235470661647821e-13,5.080215909819818e-13,5.118201781955625e-14]"
15.69999999999996,sqp_rti,0,"[0.14098237478435807,-0.03831879598131813,0.12137439948961691]",1.6284693473413208,0.02252332866191864,"[-2.980232227667301e-09,-2.980232227667301e-09,-3.75108860639628e-10,3.792044474537626e-07,0.0002884430943648486,0.002612430673385069,0.011377085851003887,0.03299213745880075,0.06803980306101015,0.11735190099350828,0.1781236698434368,0.24037612148684567,0.29647696463611234,0.3776298886107153,0.4578128559301334,0.5483406747170647,0.5514585667802325,0.5342684981044872,0.5265193293369144,0.5358380803584584,0.6569378844081981]","[null,1.474412270471128e-15,1.474412263831166e-15,1.473909655600957e-15,1.469286807057094e-15,1.4689919505150432e-15,1.4713620115188207e-15,1.4649988261017004e-15,1.4633054275481767e-15,1.4592569042223675e-15,1.4536385569565217e-15,1.4386650042298078e-15,1.4923373329106906e-15,1.461211220872386e-15,1.4430189072033608e-15,1.4744122707043785e-15,1.4744122707044794e-15,1.4744122707044794e-15,1.4744122707045804e-15,1.4744122707043785e-15,1.499105333936607e-16]"
15.79999999999996,sqp_rti,0,"[0.13138505610669443,-0.03844550736549695,0.0990833234455042]",1.6441690205448574,0.022656701505184174,"[-2.980232227667301e-09,-9.68962182712474e-09,9.563276222923633e-06,0.0026612145580609536,0.00870757863203614,0.024213653959450465,0.049655567942543055,0.08109015630620214,0.11602501030298279,0.14979342405435842,0.18019228754302025,0.21767279548732504,0.2616529602005809,0.2953931084349371,0.31074278035733444,0.35493522399049554,0.30599298154384674,0.276021038878352,0.2891874400087498,0.41807610590675354,0.3842205592830393]","[null,6.134901820706526e-14,6.130004161721453e-14,6.138713239336067e-14,6.152161620402739e-14,6.163805810478694e-14,6.148347650761497e-14,6.139251889767592e-14,6.131127520874092e-14,6.110212721282792e-14,5.599907951794139e-14,7.080739431363664e-14,6.029115447676105e-14,6.337138026652845e-14,6.125721228347739e-14,6.168134249178444e-14,6.173400009489562e-14,6.08183869662482e-14,6.187492952930412e-14,6.828594710064723e-14,6.250048624869625e-15]"
15.89999999999996,sqp_rti,0,"[0.12599471129306733,0.4990951184939118,0.10798651071199832]",1.6512178272643465,0.022852368652820587,"[-2.980232227667301e-09,7.451208738906701e-07,0.0009504296345141383,0.005194440948720402,0.016331936408512437,0.03386177137987262,0.056692697177813056,0.08359908774087083,0.11250663936600597,0.14678610693358057,0.18639384575743528,0.20831230219411784,0.20507508633425503,0.22097422139316586,0.05770344693454349,0.019277207302227428,null,null,0.013784793593447031,0.0355073251438503,0.3290142060984838]","[null,1.6084738374886076e-11,1.6030836754190854e-11,1.6110965035088033e-11,1.609448949353056e-11,1.600172059821907e-11,1.6033486908551647e-11,1.6079169852064224e-11,1.6090107447691043e-11,1.60841013955255e-11,1.6045542151363244e-11,1.6020191230345386e-11,1.5964710413496806e-11,1.7235737057670316e-11,1.6121074928442426e-11,1.703586410233296e-11,1.6094732535107285e-11,1.609473253510687e-11,1.6052828795989405e-11,1.5966602201829782e-11,1.6231578213158332e-12]"
15.99999999999996,sqp_rti,0,"[0.10136112187702602,0.20487519899040013,0.07510832677882043]",1.667326659722172,0.019135184586048126,"[-2.980232227667301e-09,0.00020396520661164486,0.01616380085807495,0.05377840943464102,0.10938347586432756,0.16320749045750632,0.2102025951915259,0.2506108633118245,0.286851632729708,0.31303708810379477,0.30154330610779284,0.3713798873746484,0.42233782344007126,0.45522269708350366,0.5121766922792659,0.5346185094211087,null,null,0.785968574952723,0.870555899254964,0.44570226792083717]","[null,7.256393151512808e-11,7.186403540098002e-11,7.645546065698071e-11,7.628011770334891e-11,7.462874199581743e-11,7.375946064849038e-11,7.35145438258734e-11,7.358207108252492e-11,7.319302498188758e-11,7.264532221800447e-11,7.367918127987224e-11,7.36624451178834e-11,8.041653469500098e-11,7.278713194386248e-11,7.278713194368729e-11,7.278713194378531e-11,7.27871319437849e-11,7.278713194386637e-11,7.278713194361408e-11,7.2583785327831835e-12]"
16.09999999999996,sqp_rti,0,"[0.12250260131145624,-0.06904157132159139,0.10492581577881861]",1.675229733812213,0.017756111919879913,"[-2.980232227667301e-09,0.00013487092000136203,0.007851757179058672,0.028095216054962624,0.05264136033110561,0.08095591279662245,0.11695978523101652,0.15575840735339314,0.19292028170401282,0.21785500587114442,0.19862128997420642,0.21920238049280877,0.1657348818402838,0.1700100919198569,null,0.06551287375947262,0.1002257859242553,0.5356337505502438,0.8490880187328151,0.45699203788217063,0.5377481302860267]","[null,1.4260215253512827e-11,1.40477174960777e-11,1.4084647898229397e-11,1.4078918111782138e-11,1.4071417885961767e-11,1.3906453346486024e-11,1.3307317088942504e-11,1.5130326806978223e-11,1.4154603309395145e-11,1.4443443292059038e-11,1.4322136746785443e-11,1.4217926241481055e-11,1.4627805214218568e-11,1.4357215565071612e-11,1.4477965964396143e-11,1.4386330614329078e-11,1.4425626154601883e-11,1.450850046184634e-11,1.3453459829851581e-11,1.473218937898419e-12]"
16.19999999999996,sqp_rti,0,"[0.07336098988825135,0.08758003457059274,0.05631279431636601]",1.687791908687083,0.018132783472537994,"[-2.980232227667301e-09,0.0017469677440888343,0.0183729921358598,0.05378752897635036,0.09861440423228524,0.14188387835097133,0.17404382707720673,0.1908153785246876,0.1967947843233418,0.18372454434062374,0.06676075966214673,0.09151195931844464,0.16363847307748963,0.1951158799838229,0.11197148417144637,0.12360606558556314,0.168564435020836,0.49998924712114673,0.42331951913363125,0.3126024629237246,0.33244283573674044]","[null,7.665802505551479e-10,7.700002898566168e-10,7.699915102310138e-10,7.69669044885991e-10,7.699151182744472e-10,7.694625550095387e-10,7.68235368328281e-10,7.674393172968777e-10,8.10002135620081e-10,7.693382496221831e-10,7.693835000457202e-10,7.664746305861511e-10,7.655609800070374e-10,7.668254221032125e-10,7.660418995925477e-10,7.666232899830769e-10,8.164000301649335e-10,7.73491172379018e-10,7.819703822812258e-10,7.784140301108338e-11]"
16.29999999999996,sqp_rti,0,"[0.0846362381089157,0.21619780198690755,0.067492294272123]",1.696087212842559,0.017718754708766937,"[-2.980232227667301e-09,3.1375361198016094e-08,0.0003248986973114487,0.003730149538889782,0.011895318746512562,0.02689855963432103,0.06857432016027937,0.13714021166254292,0.19967250856915691,0.2318071466369343,0.024445254652413706,0.09640055243284601,0.012461183846858515,0.06490449753250688,null,0.0073275190726390105,0.11603239693858286,null,0.09174934084570646,0.11772580002911398,0.13856437969480756]","[null,1.361774403695082e-10,1.3653025878372858e-10,1.3948047376738318e-10,1.4650295463933053e-10,1.465063894476582e-10,1.4280114087481781e-10,1.3962042442628884e-10,1.4644745786319954e-10,1.2751840170157038e-10,1.3603994416296585e-10,1.3438346262771676e-10,1.366959282973024e-10,1.3494345532493106e-10,1.361789518286271e-10,1.3330918750599414e-10,1.3688461843542236e-10,1.3617895182869504e-10,1.4514545804860018e-10,1.3424263404449823e-10,1.3640002811476969e-11]"
16.399999999999963,sqp_rti,0,"[0.0805375549217383,0.21367729603482422,0.08100703904333328]",1.7001346611702133,0.016859065741300583,"[-2.980232227667301e-09,0.0008638709674946843,0.014624171812934794,0.04493403069482832,0.08482738358012992,0.12823697327774292,0.15470144447187978,0.19327838793363733,0.2256310642761637,0.22082646922194088,0.0005532513577223286,-2.980232227667301e-09,0.018881310725344325,0.0431263900933912,null,null,0.006318722656031117,0.964189851445515,0.3155405616845773,0.2812661427846848,0.29123939831120255]","[null,1.8993073889394948e-11,1.9307992727386067e-11,1.9352552798662543e-11,1.92416506196126e-11,1.9148253502006788e-11,1.9255233379098194e-11,1.918082856271641e-11,1.9116623132832388e-11,2.2411919349658195e-11,1.9017556310046125e-11,1.903172669700995e-11,1.9091164676115572e-11,1.9159932995625864e-11,1.9031726698012288e-11,1.9031726698025626e-11,1.8893578984602863e-11,1.8888716373288652e-11,1.8886648083012333e-11,1.8881805038708038e-11,1.916359521259253e-12]"
16.499999999999964,sqp_rti,0,"[0.04386118523526358,0.3654531561729464,0.04174662666945281]",1.7101633992964196,0.01615314930677414,"[-2.980232227667301e-09,0.0011099104780479818,0.02308738625888279,0.06014375208934092,0.09305488372854126,0.11835587809954512,0.17448910540899193,0.19850064115678628,0.20947385908343535,0.2569484899150439,-2.980232227667301e-09,0.043517164858063506,0.0016956598750659801,0.09243662426389038,null,0.786554783986898,0.21649707792335066,0.0627028660145495,0.12850715753652936,0.1305412623690117,0.14642251508587806]","[null,1.751994792969141e-15,1.7521114930478325e-15,1.7507975832877612e-15,1.7456741835182043e-15,1.7447815970269896e-15,1.7506190240999289e-15,1.7428124398928466e-15,1.803185396779469e-15,1.807670566238246e-15,1.7563507213961048e-15,1.7522483316366366e-15,1.7535938707541544e-15,1.775244352736684e-15,1.7563507212280838e-15,1.7597357280612249e-15,1.7602218889582805e-15,1.7481881691113971e-15,1.7534943189696664e-15,1.8784472789832175e-15,1.7803780218808443e-16]"
16.599999999999966,sqp_rti,0,"[0.07973190075944245,0.5580212901062872,0.06437604636240775]",1.7168123814907585,0.015041463077068329,"[-2.980232227667301e-09,-2.9801412726460086e-09,-2.980232227667301e-09,4.422243071305898e-05,0.034842481669037195,0.11895001717965387,0.009369463700883263,0.1221292078684762,0.19726979025992436,0.19862553645221476,0.19767252974304733,null,0.13375976293416586,0.1747872121819139,null,0.022812275450520947,0.19715049198269768,0.18222958930871674,0.25781177557744855,0.21527713616798466,0.2906074340772918]","[null,4.6633567016199966e-14,4.6633567016035176e-14,4.6503151734292454e-14,4.668210196621474e-14,4.777418471488197e-14,4.659234554280659e-14,4.5761733721877384e-14,4.658871737539503e-14,4.6387070313955687e-14,4.6505351862442095e-14,4.6633567016771884e-14,4.6274266052718113e-14,4.629131808014925e-14,4.663356701672988e-14,4.7936435318214865e-14,4.629868851943262e-14,4.627874591854037e-14,4.6570118842679913e-14,4.636545844322611e-14,4.693851251804828e-15]"
16.699999999999967,sqp_rti,0,"[0.047996717077800795,0.4745082134218693,0.04647211444778146]",1.7226036168329606,0.013634562492370605,"[-2.980232227667301e-09,0.0060921324911227814,0.04810051145652389,0.10913698708133951,0.16705732577479965,0.19572252855511324,0.05662292210512093,0.13863522888205965,0.004004703291812295,0.11223467570010365,0.15706637978578258,0.1478289192274616,null,0.6357909025534496,null,0.27356237467780603,0.2912888677629411,0.3384010578745745,0.396869509687609,0.40330357210149687,0.4776701391442593]","[null,2.219503071717513e-15,2.216306756743902e-15,2.230718890099165e-15,2.1851213937029865e-15,2.31489498235009e-15,2.2370934739962617e-15,2.22599531587874e-15,2.238175581944538e-15,2.242062635145255e-15,2.2572421793749153e-15,2.2408592072822543e-15,2.240800403461641e-15,2.235758467750762e-15,2.2408004037976833e-15,2.2286950772839284e-15,2.2288298150472342e-15,2.2257776231186323e-15,2.223616048910608e-15,2.222736927019835e-15,2.2606358418825317e-16]"
16.79999999999997,sqp_rti,0,"[0.08017480276387874,0.19244843839001347,0.07699150221998703]",1.7276824879799522,0.012522060424089432,"[-2.980232227667301e-09,8.274302521926735e-06,0.0007879271156761569,0.007785339799317115,0.07970356035794596,0.1994771803803957,2.7355551157626223e-09,0.04192609803155706,0.30430021197967677,0.322784852727186,0.3949904601382322,0.42294673134150146,0.6235663144291592,0.7699908592872375,0.5787573538903235,0.7048412844494407,1.1202988996810859,0.3174903941334691,0.3865785214534874,0.5970721672818129,0.6655425785312541]","[null,2.3936918303440217e-12,2.3927863054760457e-12,2.4702391730947984e-12,2.4142959946154836e-12,2.391995436698953e-12,2.4013855275840286e-12,2.3946814914000864e-12,2.38077655596319e-12,2.3839876936249195e-12,2.3793147959701225e-12,2.3779713519843637e-12,2.497599600923901e-12,2.4530108015778873e-12,2.387491962341886e-12,2.4146472784308314e-12,2.3881307550973255e-12,2.5239145550788026e-12,2.394055011222307e-12,2.5007038392360653e-12,2.427890312195741e-13]"
16.89999999999997,sqp_rti,0,"[0.05664744942729831,1.1498178753210646,0.0596375175961148]",1.7370355694132895,0.01218809187412262,"[-2.980232227667301e-09,0.02039138206011809,0.08784966585947346,0.14265981369485453,0.13897004497629412,null,0.010917717934120053,0.07148179256126924,-2.9810177104572233e-09,0.07585616354222219,0.16033408901359963,0.2834674635836308,null,null,0.22027807108754943,0.3672135752466524,0.5019824401781328,0.525057808183871,0.5189170530604741,0.5394263290432704,0.7069318299841807]","[null,1.0619190642125674e-14,1.0687065150868848e-14,1.0739682301439082e-14,7.20360818110693e-15,1.0646715740610792e-14,1.081530036264828e-14,1.071064267751937e-14,1.0646715739874084e-14,1.0809638581090552e-14,1.0522849946616022e-14,1.0719845916340676e-14,1.0646715740704496e-14,1.0646715740694802e-14,1.0481170091855217e-14,1.0445001158912514e-14,1.0550282023768647e-14,1.0646715740672184e-14,1.0646715740675415e-14,1.0646715740601098e-14,1.0838258485294032e-15]"
16.99999999999997,sqp_rti,0,"[0.06183717109692455,0.5601222428570277,0.0639614158779915]",1.743066471771665,0.01040612906217575,"[-2.980232227667301e-09,0.013622551092283441,0.09793480625401757,0.23955819302509057,0.27453458653172264,-2.980232227667301e-09,-2.98036789692091e-09,0.23496460015514914,0.12869723266385763,null,0.11151680870568442,0.15814392725642962,0.1129054888264534,0.2567631387312062,0.7352287415505827,0.11752880370781488,0.18721987757423691,0.32184053267761287,0.3868015098881806,0.3855405796417955,0.0977993353859195]","[null,1.7955882013028185e-11,1.91561825734982e-11,1.9907392185123812e-11,1.9793772107904412e-11,1.8154418698914136e-11,1.8154418698868948e-11,1.7922026012817846e-11,1.787291779019306e-11,1.815441870108173e-11,1.806813970920923e-11,1.816126308402229e-11,1.7938954588377627e-11,1.888393865963864e-11,1.7772154712797586e-11,2.0918446561483212e-11,1.898985084604768e-11,1.782905807823659e-11,1.849166297342061e-11,1.848404257701529e-11,1.846035151861746e-12]"
17.099999999999973,sqp_rti,0,"[0.0694378725375287,0.24044377127915173,0.06261805701213465]",1.7488950279364743,0.009617403149604797,"[-2.980232227667301e-09,0.044827812388718524,0.1541419613696789,0.21061995872063194,0.23299545587411502,0.3023454541112763,null,0.175149458810467,null,0.02212125531257031,0.10006063992165953,0.6820961751653385,1.1690360772334258,0.6598123469255099,0.46292286270355804,0.4816786571433774,0.48140668861778907,0.46147854066168464,0.3679757750901416,0.19424911797525085,0.47520130353462947]","[null,6.199645395628269e-11,6.271561670410063e-11,6.323708039053082e-11,6.332775555233836e-11,7.342795528235216e-11,6.217725753634793e-11,6.293386438646946e-11,6.217725753634853e-11,6.255869792375902e-11,6.200281592479303e-11,6.264688208457723e-11,6.217725753634853e-11,6.181591165903635e-11,6.17825563745094e-11,6.177229083003384e-11,6.177277223855404e-11,6.192438902275812e-11,6.164537736762569e-11,6.581872921297067e-11,6.2224330031521885e-12]"
17.199999999999974,sqp_rti,0,"[0.03465808989276637,0.29521316889336086,0.04968909589626042]",1.7541844938738234,0.009393006563186646,"[-2.980232227667301e-09,0.07325141948408637,0.13724794068524987,0.1739760005817786,0.20406494784644097,0.14202569545260674,null,0.03498686297402359,null,null,null,null,0.044206410581197286,0.06562217771305351,0.21254965636576345,0.07328620915418399,0.28859237961546286,0.5282425188740063,0.5672211590920966,0.45053731927990875,0.7036127785147321]","[null,1.2371002683300366e-11,1.2482995384372189e-11,1.2727367327027086e-11,1.2624812145998144e-11,1.3057636205228832e-11,1.248138151887372e-11,1.248179526417149e-11,1.2481381518874327e-11,1.2481381518871303e-11,1.2481381518873797e-11,1.2481381518873112e-11,1.3001523433577123e-11,1.2896097333816405e-11,1.2696638344666777e-11,1.3748839984106145e-11,1.2370815608306804e-11,1.2264803939486955e-11,1.2481381518869338e-11,1.2481381518867606e-11,1.262762049003147e-12]"
17.299999999999976,sqp_rti,0,"[0.06350634524778624,0.8927951445682063,0.06902964382061559]",1.7616462635541343,0.009176906198263168,"[-2.980232227667301e-09,-2.980232227667301e-09,-2.980232227667301e-09,-1.067053112535632e-09,null,0.12010661385555538,0.18489214209310206,0.001791938361896117,0.0015792346232015864,0.1425470081194618,1.3266824491820557,0.6299109138873813,0.45819277431881816,0.6048934200538023,0.48559445824572195,0.4797726908425098,0.47940818912643196,0.5514198859236952,0.6552897906951649,0.8572510996285032,1.812544320192132]","[null,1.8631136963704334e-09,1.863113696370829e-09,1.863098688539287e-09,1.863113695325127e-09,1.8940758159815145e-09,1.8886773246236503e-09,1.8478901601065014e-09,1.8481462692139718e-09,1.8721896511716954e-09,1.8631136953250954e-09,1.92794256536018e-09,1.875244131333425e-09,1.9146928820438667e-09,1.8831883189222303e-09,1.8631136953252315e-09,1.863113695325051e-09,1.8520405350226231e-09,1.999127018016152e-09,1.9120255503155643e-09,1.9500789786923711e-10]"
17.399999999999977,sqp_rti,0,"[0.10016735665773517,0.40222805687772445,0.08034567962195657]",1.7690650141058297,0.008803151547908783,"[-2.980232227667301e-09,0.05590409401062929,0.1285964706544192,0.1601152682069607,0.16197482307080763,0.1358079612599184,0.18739114984314825,2.954825366052738e-06,0.001463527221472083,5.279001873748079e-06,0.0004276084915374456,0.04273770251332537,0.3503964589804525,0.007373484044113365,0.17171466349530534,0.509411784504153,0.5629582809264313,0.4843669881933124,0.29850200597789894,0.4756148594784289,0.7665904575457805]","[null,9.6820483363745e-14,1.011421558516115e-13,9.736696450326653e-14,9.73316447071242e-14,9.923281736073884e-14,9.70411525616988e-14,9.626398293701538e-14,9.639810207722176e-14,9.627073437235374e-14,9.633693323600735e-14,1.0775373223067164e-13,9.75518727361565e-14,9.763825253035536e-14,9.658636445387656e-14,9.646338831126477e-14,9.637081871792473e-14,9.644327573933893e-14,9.606042758770665e-14,9.645609913284122e-14,9.781873264012302e-15]"
17.49999999999998,sqp_rti,0,"[0.07382989993590858,0.26936991715248976,0.0937707176341458]",1.7804105892904676,0.00889711081981659,"[-2.980232227667301e-09,0.15794761009193864,0.18491671444419283,0.20372496078220764,0.04235036527065256,0.8492155121905369,0.32761782190103333,0.09903185343403004,0.1942703671203468,0.3114210630999706,0.6726695432211194,0.26153461288460705,0.29132751503545934,0.40439177985647917,0.5083257277517184,0.4970475412872169,0.5510669212406654,0.5697768254127122,0.6678801534690268,0.5222133180026745,0.45026249746996855]","[null,1.4285252372146453e-11,1.4227419760971734e-11,1.4249322050451696e-11,1.407075755633366e-11,1.4354897506023472e-11,1.4324139679339346e-11,1.429434901730845e-11,1.4301893155327903e-11,1.4274023188755981e-11,1.4468387317570653e-11,1.4355098711858778e-11,1.448045838464463e-11,1.4289522496839229e-11,1.4233284647134175e-11,1.4233284647133832e-11,1.4233284647135965e-11,1.4320252987341448e-11,1.4345790353935224e-11,1.439471486001754e-11,1.4392776929945381e-12]"
17.59999999999998,sqp_rti,0,"[0.05795061454394686,0.7963532283314003,0.07429471242858585]",1.7858454457607027,0.009110283106565475,"[-2.980232227667301e-09,0.06228766762353005,0.1512210094011504,0.2836753053048085,1.4204995959362037,0.04671569246633994,0.11277417658785965,0.09846180026346546,0.190780167855295,0.19502366633754492,0.19086327351083981,0.17513830809679193,0.2014273361002495,0.2799441888342898,0.4144838007147314,0.5129059463303001,0.5363249896560347,0.521704919812781,0.33193653364212033,0.40620914261948543,0.495176666749299]","[null,1.2125076264073677e-13,1.2096314061492885e-13,1.212207482626208e-13,1.2052133516376684e-13,1.2044266863331984e-13,1.2042531902027364e-13,1.202101781660189e-13,1.2259287752117565e-13,1.43646135079625e-13,1.1927686534297542e-13,1.2314075077119794e-13,1.280364500572236e-13,1.1758699104077285e-13,1.2061541913024007e-13,1.205349733272192e-13,1.2057790460941497e-13,1.2063749434970852e-13,1.2011584914827147e-13,1.2032263876224e-13,1.2266374922911285e-14]"
17.69999999999998,sqp_rti,0,"[0.02935404754500687,0.3979379480203831,0.08733557313793756]",1.7929439482184522,0.009971186518669128,"[-2.980232227667301e-09,0.014326800098812431,null,null,null,0.014301195714286952,0.0649938743966299,0.12149759031478952,0.37010838830401555,0.08819431961401741,0.1321091506696604,0.1720903236131573,0.21428675563769134,0.2787563873140975,0.3678493579317646,0.5115092856865793,0.6575543164250817,0.7365817914829413,0.7040133228405796,0.8018327628219637,0.8933078246302812]","[null,9.683154968563917e-10,9.67079921824513e-10,9.670799218245336e-10,9.670799218245123e-10,9.682006590206323e-10,9.87480752351999e-10,9.816116814041229e-10,9.768419450316105e-10,9.674536960131945e-10,9.659243565628492e-10,9.836564706181216e-10,1.0161934923544882e-09,9.685114708912645e-10,9.639151742328136e-10,9.644919808206105e-10,9.645801119269123e-10,9.647828021845014e-10,9.714973587230943e-10,9.6707992182457e-10,9.69361772487395e-11]"
17.799999999999983,sqp_rti,0,"[0.14798146217729324,0.18310804734463468,0.08780435384259691]",1.8010518224931122,0.010387919843196869,"[-2.980232227667301e-09,null,0.08454130093962392,0.5118132961539998,0.26440630303879936,0.2685594584135121,0.23749070445060633,0.2623474624252545,0.32553935484628554,0.15396054465910752,0.15490740161370803,0.20104322774424938,0.2743167493416088,0.4621165882861014,0.6544430154207219,0.7981923656528565,1.2065161246461684,1.4055292409212583,0.5719251595295887,0.5571553177834356,0.5861472621556494]","[null,2.3597026771434666e-13,2.3547601189438206e-13,2.337163464271261e-13,2.3889475276494886e-13,2.3371309741574236e-13,2.3360794897988504e-13,2.3661138234741576e-13,2.455486597117078e-13,2.3769649525071877e-13,2.390966219076129e-13,2.3852734560994113e-13,2.39627691390813e-13,2.329817616334676e-13,2.2609469933513398e-13,2.400409680655632e-13,2.3597026771434666e-13,2.359702677133127e-13,2.359702677126923e-13,2.3597026771393307e-13,2.3908576293912862e-14]"
17.899999999999984,sqp_rti,0,"[0.07393917023884727,0.09155493131832455,0.09039922248220929]",1.8156537876253394,0.009292669594287872,"[-2.980232227667301e-09,0.08928514951243188,4.820145499462303e-06,1.1034405736076724e-06,0.018965514005427064,0.08444096583272015,0.12047264484078718,0.14315739709782244,0.10473017293326309,0.18103559459427815,0.24549670611105584,0.28983311733899414,0.3062358265124086,0.3660563325274147,0.44000563954086475,0.5244502789769612,0.8802320658454981,1.4068378091474478,1.2626968856328815,0.9353358793596065,0.8847364413720615]","[null,1.2178255983498863e-15,1.2276678361492497e-15,1.2277221138152656e-15,1.2186486501614976e-15,1.2145911849139081e-15,1.214290393809183e-15,1.3141069322962417e-15,1.3506025350219444e-15,1.2138779439329397e-15,1.2094764452342261e-15,1.2085988881849953e-15,1.2092113818243784e-15,1.2104623449525231e-15,1.2104390608264061e-15,1.210418629555749e-15,1.2153758138952607e-15,1.2082247592923978e-15,1.2064153546290725e-15,1.263937476421907e-15,1.2918636579225527e-16]"
17.999999999999986,sqp_rti,0,"[0.05352950097055544,0.24375561482099062,0.09621220153410574]",1.8187266229646502,0.00705912709236145,"[-2.980232227667301e-09,null,0.06653880204919532,0.20051497770025045,0.14557659690031494,0.10165962803458478,0.12424472516531254,0.1365809394283744,0.32125017188260047,0.4621260067996545,0.42617370854825937,0.32777397952221393,0.26556139882640944,0.42696838547787835,0.646036773891782,0.5707904045245769,0.5340985018785538,0.6146513170143464,0.6652109893656568,0.5002008554430624,0.30561373667960084]","[null,3.8542130614958513e-14,3.892166752756635e-14,3.9787197193195816e-14,3.859430881527691e-14,3.865953988981475e-14,3.8645559971768e-14,4.024053352747899e-14,3.88509870881466e-14,3.85421306150813e-14,3.854213061473233e-14,3.8542130615042524e-14,3.854213061473233e-14,3.854213061483573e-14,3.854213061480988e-14,3.854213061490035e-14,3.8542130614603084e-14,3.85421306149779e-14,3.8542130614964976e-14,3.854213061495205e-14,3.947568466360463e-15]"
18.099999999999987,sqp_rti,0,"[0.1515800504795017,0.6026597783981085,0.12379317337587359]",1.8349369204713148,0.008714359253644943,"[-2.980232227667301e-09,0.0008209513835670257,0.07485222814669684,0.185801978913873,0.15838736067488385,0.2444631332894403,0.1589135679833234,0.2955366929204189,0.39839263877784675,0.45915849072142195,0.5027641552844713,0.5415282969534061,0.5923872253060647,0.7918940725433117,1.4675942688967367,0.8663812854143458,0.6514348853267558,0.7422715480514794,0.7825140356921423,0.7987823551479916,0.7650918580624235]","[null,4.637145227033286e-14,4.6324232559929324e-14,4.6299816909916544e-14,4.642979043276736e-14,4.6194185544782344e-14,4.86486734727001e-14,4.7254839075463817e-14,4.649377584384569e-14,4.63845375823237e-14,4.6447494375996026e-14,4.639558543291257e-14,4.634420042845894e-14,4.627000950082321e-14,4.627239100537629e-14,4.651077915065864e-14,4.64897693825676e-14,4.939181793697889e-14,4.708640285661725e-14,4.672088147306041e-14,4.755447828622085e-15]"
18.19999999999999,sqp_rti,0,"[0.09269503047120435,0.28713228203567615,0.11569987288642486]",1.8408544298751544,0.011754631996154785,"[-2.980232227667301e-09,0.006331318310803635,0.05130319340707584,0.1611215059711018,0.11798979118850711,0.13815561888254707,0.1216268633006628,0.351380018023886,0.6233309295609331,0.6132952989422342,0.6068251140669048,0.6682757552516818,0.6217311868036652,0.664749222745393,0.8325831855701622,1.1459799303942233,1.5493804188393383,1.6887661890096382,1.274957811148412,1.070824842739296,0.9419503008788979]","[null,1.4405490765859992e-10,1.4476256481524962e-10,1.4558499484177286e-10,1.4512362654530108e-10,1.446287005353553e-10,1.4533057955661442e-10,1.4499892779295955e-10,1.4524920254882124e-10,1.444719148167432e-10,1.444719148167427e-10,1.4447191481674307e-10,1.487881297267751e-10,1.4841908543521368e-10,1.4554774769339573e-10,1.55572085853197e-10,1.453164827271083e-10,1.4490224844234266e-10,1.4447191481674317e-10,1.4447191481674467e-10,1.4593871787004395e-11]"
18.29999999999999,sqp_rti,0,"[0.18954865839423468,0.02444818403147675,0.1624218101637397]",1.8562952128961319,0.012865301221609116,"[-2.980232227667301e-09,-1.2533157844885068e-09,0.0010158555732064367,0.03997991240710769,0.16176689815877482,0.3025618111326594,0.3181769101057455,0.3682243282530891,0.397093201111592,0.41138105182576085,0.4180362246861343,0.4296199734283544,0.4258279886147543,0.5080888151551626,1.191026785246266,1.087745157327899,0.6582642472176381,0.7632535664034277,0.8687646778145808,0.9726983808997873,1.0937683817908421]","[null,2.2495951052915334e-13,2.2580778078570485e-13,2.2559520819089654e-13,2.2369685287634624e-13,2.2384273400213667e-13,2.2383977963936308e-13,2.2351946132811038e-13,2.2344184454188262e-13,2.2368307742541096e-13,2.2367099108255978e-13,2.250255097933755e-13,2.2832500934826985e-13,2.267997447039871e-13,2.2330099740687869e-13,2.234410871359193e-13,2.2892116624737946e-13,2.34754134875185e-13,2.27762204412714e-13,2.336013429590468e-13,2.2856735954253386e-14]"
18.39999999999999,sqp_rti,0,"[0.13856792609414254,-1.1999999967698667,0.11671525073781755]",1.8691561468644282,0.012911360710859299,"[-2.980232227667301e-09,-5.337811692651684e-09,0.0009295865892043342,0.032328584944683325,0.2212797939605025,0.6368666386615132,0.4128905964065915,0.3201312735029081,0.3380158350158176,0.37874364819676104,0.5322701039948015,0.8048448661973759,1.0578524883001827,0.8700222938712947,0.8334567173012075,0.8079838278285052,0.939338252434436,1.0954233079626874,1.040374631899479,0.7001458111474868,0.5508126483993248]","[null,6.166179941143807e-12,6.231324871528585e-12,6.368636841021064e-12,6.223268256250012e-12,6.166180012815491e-12,6.166180012797759e-12,6.166180012780414e-12,6.166180012852456e-12,6.166180012790779e-12,6.166180012787522e-12,6.1661800127897195e-12,6.166180012786178e-12,6.166180012757873e-12,6.1661800127646714e-12,6.166180012799827e-12,6.1661800128357056e-12,6.166180012818464e-12,6.166180012777906e-12,6.166180012758855e-12,6.329692426050912e-13]"
18.499999999999993,sqp_rti,0,"[0.0833451410462295,-0.9947203288445556,0.08773188771418494]",1.8839454698134661,0.011908181011676788,"[-2.980232227667301e-09,0.011340255111403519,0.023515230520454733,0.14228171236609627,0.3796599254064546,0.5009393721547404,0.5739786517105407,0.6633175539105352,0.7482989804659368,0.8116615011630202,0.8604602021261136,1.2240531103125718,2.2213376320847376,1.0740548185351784,0.8830497335049656,0.874935510422209,0.8909032430976527,0.9039040012886417,0.9403426145348159,0.9168326046044057,0.9215303819420739]","[null,2.237136207362791e-13,2.291634823028527e-13,2.2139582155473525e-13,2.2318022248855364e-13,2.202260780212149e-13,2.2470129885096533e-13,2.1923402213660442e-13,2.1969772985795365e-13,2.190814748119658e-13,1.954387196791085e-13,2.2470129884954362e-13,2.2470129885096533e-13,2.247012988507844e-13,2.2470129885013815e-13,2.2470129885055174e-13,2.2470129885086194e-13,2.24701298850164e-13,2.2470129885096533e-13,2.247012988501123e-13,2.219306057009643e-14]"
18.599999999999994,sqp_rti,0,"[0.29629502525644746,-0.3943652061206928,0.14957350264942548]",1.893087495896798,0.01128292828798294,"[-2.980232227667301e-09,0.0003721709055218292,0.0412631289891941,0.10408388217583991,0.17979131786177477,0.2506370931446778,0.31253796523728355,0.364358350384644,0.43130477392075656,0.6570153134945158,0.9880324793706172,1.2882229201832274,1.3135504298658105,1.0556853482738802,0.867840985030871,0.8693920121468295,0.8845080037813637,0.9045167144895323,0.968095382073322,1.1087368084634954,1.295198245531792]","[null,8.377842515444425e-15,1.0106797688914333e-14,9.916832354806751e-15,8.680355660730671e-15,8.862470772465924e-15,8.797648877242046e-15,9.065063847698208e-15,7.647258825269826e-15,8.689054976990138e-15,8.622396214751834e-15,8.354636906784587e-15,8.343218696177101e-15,8.337719521722796e-15,8.28367866159954e-15,1.4174431223387304e-14,2.02052974521699e-14,8.864030244293908e-15,8.462250610948242e-15,8.444754202236473e-15,8.598044797096419e-16]"
18.699999999999996,sqp_rti,0,"[0.14809737795130148,-1.1241522005649847,0.08861310645611559]",1.9165137895905835,0.012048661708831787,"[-2.980232227667301e-09,0.23214894903715405,0.23763027866668268,0.45166577875031494,0.5902346903613178,0.5100167922192369,0.4871747354452907,0.5725752015562982,0.4930020625661882,0.6106358022884819,0.5651669354180917,0.5209030413138052,0.6309400366521414,0.7214131822738852,0.7742589102713671,0.47962622324047716,null,0.009584351006391156,0.48850825337057274,0.4592821584962817,0.7190085155266395]","[null,4.942143619087523e-14,4.852198543741001e-14,4.8480606217384485e-14,4.8441412908083326e-14,4.844942906636328e-14,4.838359163405674e-14,4.834051063576963e-14,4.834051063573409e-14,4.8340510635394815e-14,4.8340510635995813e-14,4.834051063529788e-14,4.8340510635614535e-14,4.8340510635420664e-14,4.834051063532373e-14,4.834051063565977e-14,4.8340510635343116e-14,4.834051063554991e-14,4.834051063530434e-14,4.8340510635310804e-14,4.888925194098433e-15]"
18.799999999999997,sqp_rti,0,"[0.07400073364705123,-1.1943445228734608,0.06140339157222675]",1.9285999645517018,0.007096916902810335,"[-2.980232227667301e-09,-4.044176826756285e-09,0.0046899843815342845,0.03780304236698023,0.06848527354423412,0.06690817324576487,0.06778001289698371,0.07726106524486892,0.11738559343820826,0.19720883874751644,0.5099803642322669,0.8800910631084491,0.5450707709723843,0.5942938533265305,0.5842213719451024,0.3990409252193981,0.25039371199318056,0.31056111717261,0.3717644479603795,0.4237859210345068,0.37099595545825964]","[null,2.2621242431934253e-13,2.2426800024643062e-13,2.2433474052731183e-13,2.240975528670359e-13,2.2412834444766043e-13,2.2445258411655402e-13,2.252384965031294e-13,2.2406381047871464e-13,2.2513973458608003e-13,2.314744939879578e-13,2.2507758140873194e-13,2.270511810468488e-13,2.2526197508241243e-13,2.2392973602787467e-13,2.2533817601236253e-13,2.4570913447851044e-13,2.2630067271169525e-13,2.311695063182917e-13,2.3077196293542795e-13,2.314543027635303e-14]"
18.9,sqp_rti,0,"[0.08340755881614817,-0.7207339221112441,0.050762289342415896]",1.9349034607709474,0.00860050693154335,"[-2.980232227667301e-09,3.455733864093924e-06,0.08897889930603925,0.020843806988295743,0.006865369557870704,0.02489030374189155,0.053720386090305994,0.11137638359791496,0.1593445261079321,0.24027801135227095,0.3391020792039308,0.33134193495965897,0.29010027993244664,0.22724685016242213,0.2932934662957763,0.5176536650105514,0.7877922077728872,0.7902689871288782,0.7333177777533437,0.6484148245489283,0.703345641624155]","[null,6.62472548424916e-09,6.7431282081176295e-09,6.778353528138744e-09,6.718636172214328e-09,6.772769940318616e-09,6.827275402516911e-09,6.80928340266474e-09,6.778246704060009e-09,6.7550281489347765e-09,6.821076535361139e-09,6.789884062628263e-09,7.031603011511099e-09,6.980064884243098e-09,6.727753592455974e-09,6.738132882853611e-09,6.673537646590806e-09,6.648662510486598e-09,6.674124530193203e-09,6.7016641385472384e-09,6.942033961068818e-10]"
19.0,sqp_rti,0,"[0.07485650373919872,-0.5037711278792507,0.061947708777840726]",1.9441740158081313,0.008864613249897957,"[-2.980232227667301e-09,0.07178697544999652,-2.980232227667301e-09,0.02699333103063034,0.06540459654673009,0.012138226947401798,0.0006286046590502914,-2.967803447440076e-09,1.591778633885932e-05,0.0011735521132256732,0.009741136931473104,0.05648406715326876,0.15052539388543168,0.7160483035915,1.2105131106788718,0.6414876061986348,0.6255639731368567,0.6588004436906629,0.7069940233168388,0.6742190404416604,0.7110186040751756]","[null,7.417605798888909e-16,7.354887293940301e-16,7.410228315626252e-16,7.409664467961705e-16,7.401602021249212e-16,7.363073528231462e-16,7.354887293940301e-16,7.357304712736875e-16,7.360592209732569e-16,7.429011461483157e-16,7.376921937892641e-16,7.654080506734201e-16,7.420785390173695e-16,7.403505214946187e-16,7.354887293940301e-16,7.354887293940301e-16,7.354887293940301e-16,7.354887293940301e-16,7.952624374475441e-16,7.607470978187642e-17]"
19.1,sqp_rti,0,"[0.08145516125177514,-0.9798986765227833,0.07552901422088211]",1.9467292160086034,0.009068694896996021,"[-2.980232227667301e-09,0.05651381398251304,0.20084265531312157,0.02671654097350712,null,0.04750675977635482,0.11733257926142288,0.14913446402125247,0.17097435620439044,0.20037400178051074,0.23557903381010875,0.2583411430473717,0.29078195171492,0.375975574625209,0.4902360725799902,0.5728605684000427,0.5718804516548814,0.6219063997915313,0.6622294887342768,0.6554147981252825,0.7234935920781733]","[null,2.3605979475271325e-10,2.39043455615574e-10,2.3865092399881665e-10,2.372065241234549e-10,2.3711753538403637e-10,2.383340492993102e-10,2.3706433735836056e-10,2.3769029601909065e-10,2.3771199880176293e-10,2.379247829820512e-10,2.375058312599096e-10,2.3821822666116384e-10,2.3732414877472284e-10,2.6514485800837647e-10,2.3720652412349955e-10,2.3720652412349955e-10,2.3720652412349955e-10,2.3720652412349955e-10,2.3720652412346894e-10,2.4199031790789675e-11]"
19.200000000000003,sqp_rti,0,"[0.0755485945703891,-0.7074524497258105,0.04815668974882745]",1.9566808060969247,0.012572976760566235,"[-2.980232227667301e-09,0.023298402599821355,0.011074609341372554,0.008889653190162161,0.02736853027909697,0.07858801887451766,0.18201232229411418,0.3617861845539661,0.9139033146892543,1.4407369783547892,0.8572161971884042,0.7017331789586236,0.6795551112105691,0.6438877641373864,0.5931223729642638,0.5892421633283795,0.5936123711402501,0.6149405329483641,0.6514505323281632,0.659690914529304,0.8330829093579026]","[null,1.1623838986482056e-10,1.168074729817593e-10,1.1750956902304457e-10,1.1602334122390157e-10,1.1718327801226548e-10,1.1801378253632888e-10,1.178956036527804e-10,1.1843534248521264e-10,1.1695947657616724e-10,1.178520076903856e-10,1.2268222314191796e-10,1.1830666124185762e-10,1.1830666124184355e-10,1.1830666124186589e-10,1.1830666124187085e-10,1.1830666124187085e-10,1.1830666124187085e-10,1.1830666124187085e-10,1.1830666124185348e-10,1.1966475862527616e-11]"
19.300000000000004,sqp_rti,0,"[0.09719028139961129,-0.567990116570044,0.09569893088998394]",1.9616838199632165,0.01567014865577221,"[-2.980232227667301e-09,0.002789063829073124,0.0061285818277825865,0.011327982373800005,0.03118459039721594,0.07250241805807073,0.14744907224007858,0.2880013901906982,0.4205986773080255,0.5222616447758994,0.46821371630362735,0.48520963941953427,0.5968403972759038,0.687813630316527,0.7346400939778028,0.7451143378202356,0.7549350065309965,0.7960053449514326,0.870736527578815,0.9784617104244677,1.1472571749845686]","[null,1.2699934160694148e-11,1.2742113130734058e-11,1.2775011680419827e-11,1.2801708278645587e-11,1.2835296820045873e-11,1.3095179756442376e-11,1.3368594372987142e-11,1.2882579754194985e-11,1.2697275135099819e-11,1.2695085415213744e-11,1.3959670592374022e-11,1.3381577973563233e-11,1.2657239806888839e-11,1.2707480187260863e-11,1.2724849076846407e-11,1.5423442727609825e-11,0.00734789412859628,1.340866849772661e-11,1.315848814130622e-11,1.311300608149979e-12]"
19.400000000000006,sqp_rti,0,"[0.09356040488143683,-0.8018100926536966,0.06254833326696983]",1.971556523181988,0.018272636458277702,"[-2.980232227667301e-09,0.004440043021144924,0.036862871969691124,0.09366416502007874,0.1768373874495513,0.24957156164358346,0.3031800960408855,0.4163807368428721,0.5228888444002588,0.5392578622359625,0.5493728547710972,0.5220712100670954,0.6061473027152473,0.713729471597383,0.8144672702214286,0.7790180743848907,0.45438629618754406,null,0.09479504239559305,0.562829961596276,0.6292972721473944]","[null,1.6586070166316563e-15,1.6587062365325417e-15,1.6600821158239033e-15,1.6556867439873634e-15,1.6538040370726202e-15,1.6599883884022852e-15,1.657339990586594e-15,1.656805054125227e-15,1.657539594645077e-15,1.6620607206821918e-15,1.6529478989347733e-15,1.6537763811160201e-15,1.6485454621486216e-15,1.6100444517931333e-15,1.6518275415248937e-15,1.6512732552410474e-15,1.6514567491299204e-15,1.6512732552410474e-15,1.6512732552410474e-15,1.6722303273388013e-16]"
19.500000000000007,sqp_rti,0,"[0.08683092538762659,-0.36749190945651206,0.08147323791328559]",1.974606393908755,0.023356888443231583,"[-2.980232227667301e-09,0.0005587017993638477,0.022973070346071378,0.0996848135443365,0.2471988454258856,0.6069794558773267,1.078929165695382,0.9847733207034082,0.511683143361634,0.4368855076669618,0.4135375704996321,0.43369554529509174,0.33057827661081945,0.30202632259994006,0.3404289213460146,0.3636582149490309,0.31121426685912185,0.3636882008171199,0.41965746825769373,0.47374766852006617,0.4719042321660581]","[null,1.2681577418922184e-12,1.2803261171921528e-12,1.2819634353786928e-12,1.2775903649609066e-12,1.2715279073200435e-12,1.2741258932880558e-12,1.2629992093930722e-12,1.27120856723374e-12,1.27120856723374e-12,1.27120856723374e-12,1.271208567233714e-12,1.271208567233714e-12,1.27120856723374e-12,1.27120856723374e-12,1.2712085672337012e-12,1.2712085672337076e-12,1.271208567233714e-12,1.2712085672337076e-12,1.2712085672337076e-12,1.278211211748232e-13]"
19.60000000000001,sqp_rti,0,"[0.13733084471819024,-0.28338849288847573,0.11932716023681944]",1.9870748577990895,0.02093791775405407,"[-2.980232227667301e-09,0.0003603627533462217,0.015932860057324583,0.06068220886052239,0.14829224245631673,0.2504505172811598,0.322711488762544,0.43713993747487906,0.5129273600383406,0.591365718006508,0.6514845842323644,0.6830404234767531,0.6979057735609373,0.6979523768160447,0.7000493532105068,0.7187159632517612,0.7367825123116976,0.783024807381606,0.8548134229158995,0.9725206105349418,1.1413427981579936]","[null,4.468145119875939e-15,4.490552499496694e-15,4.50996544683934e-15,4.876669377125054e-15,4.617281928222954e-15,4.490997347811252e-15,4.4886475862269356e-15,4.382776254009862e-15,4.4221277407588656e-15,4.452883835441754e-15,4.448027543643106e-15,4.437742395849235e-15,4.453189381952891e-15,6.868502465357181e-15,0.020297140502098535,0.02407025283869347,4.452261587504411e-15,4.494060029666335e-15,4.4952247680141086e-15,4.552400244157411e-16]"
19.70000000000001,sqp_rti,0,"[0.08868236221560817,-1.0196243021461888,0.07704497117347439]",1.9965715246643507,0.0193516593426466,"[-2.980232227667301e-09,0.01837809668053031,0.0992769605904858,0.14332652906442683,0.1783677956867072,0.34437331615657635,0.48166640329833627,0.5795915844144901,0.6913716180380394,0.8628169584616578,1.3145752219070743,1.1901450894244874,0.956215652428505,0.91567745833471,0.5102241045980846,0.13306880332375642,0.18011911422447185,0.4758070376061923,0.8314821366143093,0.5251007507880956,0.46346237368414905]","[null,3.451936906514022e-10,3.5163687904703664e-10,3.4983955374027846e-10,3.440033743847316e-10,3.4424947002652917e-10,3.4608114452771564e-10,3.4567568164858903e-10,3.431924168566103e-10,3.485544501726385e-10,3.410163741820141e-10,3.419609774345341e-10,3.4196097743458975e-10,3.4196097743465954e-10,3.419609774344585e-10,3.4196098036565203e-10,3.4196098036565203e-10,3.419609774345779e-10,3.4143147316770063e-10,3.5043155090499523e-10,3.454727478063224e-11]"
19.80000000000001,sqp_rti,0,"[0.07401073497981503,-0.6169361745244476,0.0719646831203482]",2.0021123039062774,0.01283587422221899,"[-2.980232227667301e-09,0.009270619192959295,0.13291543944576462,0.5841970753897214,0.6268115321044376,0.48625422639036203,0.29631200823231724,0.16042628039006673,0.1639329145497797,0.2185456823255592,0.26928941068970574,0.27936595695309735,0.2799206541704898,0.293424391744108,0.12343905309738262,0.11181610949666948,0.32746669489973784,0.39555057879784244,0.4506844623461433,0.5188097070364079,0.6098836789508695]","[null,1.2777188795420844e-15,1.2433126838101915e-15,1.2907596053928446e-15,1.2559134661041423e-15,1.2912577515489024e-15,1.274487094091224e-15,1.274487094091224e-15,1.274487094091224e-15,1.274487094091224e-15,1.274487094091224e-15,1.274487094091224e-15,1.274487094091224e-15,1.274487094091224e-15,1.274487094091224e-15,1.274487094091224e-15,1.274487094091224e-15,1.274487094091224e-15,1.274487094091224e-15,1.274487094091224e-15,1.2863684616253823e-16]"
19.900000000000013,sqp_rti,0,"[0.10191214431346374,-0.8144800293995117,0.10380131964515671]",2.0153985891432638,0.010052235797047615,"[-2.980232227667301e-09,0.036348659019448004,0.21142043181273779,0.23962166298016713,0.29630164185619706,0.3719009518390564,0.4952196316950069,0.5791946028817072,0.633366868790209,0.6642049229075198,0.6783178866328405,0.6864905577620728,0.6984243388092153,0.711292092823627,0.7280179570052396,0.7768595512801937,0.8460910488207147,0.9358029562457701,1.067689586735274,1.3390014542565012,1.9384699969679715]","[null,5.840579991096462e-13,6.028413402251585e-13,5.907403087629952e-13,5.857647002007941e-13,6.013756855774137e-13,5.924890487931002e-13,5.929055906745516e-13,5.892286676576956e-13,5.831667651293535e-13,5.718514938739298e-13,8.906100561060191e-13,0.026694200224833927,5.8855076413483e-13,5.18636741352368e-13,6.797712581973146e-13,5.6210077964958e-13,5.724074084534931e-13,5.812993174424312e-13,5.823103825412566e-13,5.850082812363581e-14]"
20.000000000000014,sqp_rti,0,"[0.05460523350672149,-0.40341918962392387,0.08650017612822827]",2.019854116518877,0.007419038098305464,"[-2.980232227667301e-09,0.4229383414877617,0.11006588485386076,0.22817339684386867,0.40155007084178324,0.5661605071367688,0.6574440453503285,0.7059438207610451,0.7355987414016496,0.6744892150856046,0.4068067268730438,0.3127148738908659,0.5425726762073537,0.40952523683436654,0.6259087569295445,0.5309065809179827,0.5020881021944532,0.5603428582871117,0.6260394696764535,0.7553476356264681,0.9194699681338576]","[null,0.04187059148280104,1.1868201097244718e-12,1.1920917430691492e-12,1.1871127445160706e-12,1.189985962900164e-12,1.188481393807849e-12,1.186755500773959e-12,1.1822603446054484e-12,1.1832455918300297e-12,1.1827793692794148e-12,1.1850025508026335e-12,1.1843026559432701e-12,1.1843053443745724e-12,1.184305344374288e-12,1.1821606053853879e-12,1.182709962947249e-12,1.1843053443746629e-12,1.1843053443745724e-12,1.184842181636422e-12,1.1863339491399177e-13]"
20.100000000000016,sqp_rti,0,"[0.13211073473080126,-0.08390919055791035,0.09889558420683342]",2.0216505982486894,0.006795464549213648,"[-2.980232227667301e-09,0.0019220599491321377,0.11939418768899196,0.19170786262832068,0.4180713188931378,0.5847564707994664,0.41857794482613714,0.35735103783991634,0.3617713961104812,0.38933136041826516,0.4316887784008941,0.7887269268259274,0.5332814047652874,0.5071726081391119,0.5642611219716371,0.644774693493656,0.731069425214504,0.7909194073177133,0.9384976278266322,1.5112302050036817,2.3984800197572413]","[null,1.775320862540397e-11,1.7909496786575026e-11,1.776450637988659e-11,1.9252751235137414e-11,1.7754046700005858e-11,1.775404670002646e-11,1.7754046700044193e-11,1.7754046700001748e-11,1.7754046700048484e-11,1.7754046700049208e-11,1.7754046700056743e-11,1.7754046700051366e-11,1.787024134411877e-11,1.7595920695890693e-11,1.7451270336638907e-11,1.7619218705346473e-11,1.8635183471858994e-11,1.7638905810078186e-11,1.7869801254528005e-11,1.7730822699968123e-12]"
20.200000000000017,sqp_rti,0,"[0.06603268137266477,-0.04183160507532049,0.08100465352286593]",2.034647922488075,0.008120357990264893,"[-2.980232227667301e-09,0.2943755698799578,0.1827301400034152,0.046977813676033986,0.13899222355339164,0.31977125573897497,0.4217601129678002,0.46202020578642405,0.501200988451665,0.5402507091571216,0.5736034546154449,0.5498604899180435,0.6568203069520464,0.8100950123799222,0.9807037673300101,1.110934681473023,1.1329907189352013,1.4629920697007435,1.2805748408789384,0.8199780978280173,0.5482569489788645]","[null,9.759678951215682e-13,9.735182876595407e-13,9.867435669363844e-13,1.0010906975681497e-12,9.757084181782863e-13,9.779359052316139e-13,9.690436126512506e-13,1.0627973156125332e-12,1.421678652949304e-12,9.749835973894879e-13,9.749835973895654e-13,9.749835973895008e-13,9.749835973895137e-13,9.749835973894362e-13,9.749835973894879e-13,9.74983597389475e-13,9.74983597389462e-13,9.74983597389449e-13,9.749835973894879e-13,9.79541648155358e-14]"
20.30000000000002,sqp_rti,0,"[0.11145528107497155,0.3097728163504783,0.09362030834704152]",2.037859086606401,0.007895682007074356,"[-2.980232227667301e-09,null,0.1410364871322976,0.1630023863562869,0.22039185630121666,0.29577594601102747,0.3118186349935506,0.40244958107860357,0.37387702072378276,-2.980232227667301e-09,0.10022847042807187,0.21163795261872914,0.3340342489116502,0.45990131838482,0.5558130699861976,0.6073140832748034,0.6451163180491608,0.7584798949650107,0.980776524353282,1.2827859643711157,1.3188193940397015]","[null,3.6318556642119013e-12,3.6441026297700974e-12,3.6202052123530232e-12,3.665066683464967e-12,3.6657461384121565e-12,3.7816848541294735e-12,3.673487596089551e-12,4.560645146103877e-12,3.631855663513722e-12,3.732389601505294e-12,3.696870418207848e-12,3.665530135440825e-12,3.65999155005672e-12,3.682482571014957e-12,3.965262739833783e-12,3.673656648402638e-12,3.641241652876686e-12,4.138953532372972e-12,4.0199298847236714e-12,3.6206082285765537e-13]"
20.40000000000002,sqp_rti,0,"[0.05570328826886031,0.2795794311781231,0.060480400081817036]",2.049993839698125,0.00919187068939209,"[-2.980232227667301e-09,0.1831799379510784,0.15360745283480243,0.19316864967978803,0.21596000176618163,0.19240599072924242,0.25117056184920444,null,0.2637389710682044,0.006228043667289296,0.3892645373391275,0.3907226404935045,0.4034259221971979,0.37971639282951913,0.3083903490560658,0.20143299514482466,0.40151940038189765,0.41543218053915326,0.48763182722725135,0.9188628330110589,0.8892887682679429]","[null,5.009796380524022e-12,5.016275057981446e-12,5.017412361334623e-12,5.035016432724139e-12,5.024313477721323e-12,5.182727840599827e-12,5.016085703521319e-12,5.06811658209121e-12,5.0190522372427745e-12,5.083487446276839e-12,4.986313991942516e-12,5.005718468866005e-12,5.0027241291023476e-12,5.008756002684327e-12,5.051280022793725e-12,5.005676638915639e-12,5.015562749916059e-12,5.072650299021416e-12,5.016085703519807e-12,5.063653587478192e-13]"
20.50000000000002,sqp_rti,0,"[0.043712170916505165,0.2015230922600021,0.07327254427079849]",2.053396635908075,0.010161373764276505,"[-2.980232227667301e-09,-2.980232227667301e-09,0.015335694768538854,0.0004492903242219737,0.04568799295247389,0.16924040789017597,0.18659380284581745,0.2012571286812886,0.1988322475557041,null,null,0.006096936053302582,null,0.038136712128807926,0.11528888321038339,0.07844389254705392,0.3114828900716338,0.4606652771755105,0.878960934979429,1.4566320746240649,1.134508137297378]","[null,5.692394537726316e-14,5.919910209623468e-14,5.76099380944502e-14,6.100075555745361e-14,5.831559014787297e-14,6.208697670683354e-14,5.863990600087645e-14,6.522835303347767e-14,5.692394537019335e-14,5.692394537023213e-14,6.302792269321299e-14,5.692394537024505e-14,5.766218930654391e-14,5.810289314152039e-14,5.798851095119577e-14,6.16628764450607e-14,5.85710222672691e-14,6.050202273653572e-14,5.706239120188237e-14,5.911063302154087e-15]"
20.600000000000023,sqp_rti,0,"[0.07076133801864007,-0.04371164986102652,0.05941640255426854]",2.0645703885990105,0.010745435953140259,"[-2.980232227667301e-09,0.0076389806766339885,0.042438932111210914,0.1709279664435968,0.17934201751422735,-2.980232227667301e-09,0.19372220468755047,7.453600966711438e-06,null,null,null,0.5209328691525428,0.5177738806096925,0.48743670662890964,0.4686714580811369,0.48194194492252224,0.35099492487058087,0.4706056943731312,1.2463552246223315,0.6321202183723178,0.5523540552021771]","[null,3.5713106760987625e-16,3.680842270175018e-16,3.5706326156508715e-16,3.716734106115149e-16,3.572380818622196e-16,3.5935332815265106e-16,3.5769695774996283e-16,3.572380818664605e-16,3.5723808186656147e-16,3.572380818664605e-16,3.572380818664605e-16,3.5723808186656147e-16,3.567715704096872e-16,3.56826427907603e-16,3.7354075922898866e-16,3.5962130604089474e-16,3.582946373079543e-16,3.568305194325067e-16,3.577006090070767e-16,3.5718178349592594e-17]"
20.700000000000024,sqp_rti,0,"[0.055956010839258434,-0.584578894078241,0.07318837935014197]",2.071573967323978,0.01065157726407051,"[-2.980232227667301e-09,0.08082971338812045,0.17260607054378313,-2.980232227667301e-09,0.17140811265357742,0.2585009743956704,0.1862101891703361,0.028072273357804545,0.28714287375262587,null,0.2435411869623721,0.41092308866883337,0.42116475282537885,0.4421914637407303,0.4206239728286168,0.41245339590254276,0.6098011707985769,1.0427238408515975,1.0539378452529717,0.9132479107565359,0.9965481672848895]","[null,9.87733845226344e-16,1.0339974383842451e-15,9.912377843353448e-16,9.879705302106338e-16,8.906167366774907e-16,9.763954175715784e-16,9.980799918051747e-16,1.1247496613937524e-15,9.912377844346024e-16,9.841913615746063e-16,9.820627931234872e-16,9.80204276214055e-16,9.554400983198276e-16,1.0135022075239352e-15,9.597074439828692e-16,1.0351113218212378e-15,9.792606414803006e-16,9.794403338310532e-16,9.770674056433756e-16,9.947699151437504e-17]"
20.800000000000026,sqp_rti,0,"[0.05406442132924954,-0.429632742987195,0.07417112521201946]",2.0782108268152863,0.009622108191251755,"[-2.980232227667301e-09,0.07887394602184089,0.19619337415778376,0.2759862531303739,-2.980232227667301e-09,-2.980232227667301e-09,0.0638420706457879,0.10246829801778007,null,0.1280933020445943,null,null,0.07870548802679594,0.1265750453962447,0.1567089180323727,0.21286547798472172,0.4699120899660983,0.33814659632305216,0.3783725456987637,0.44067388194089646,0.5318912433037999]","[null,8.642706645667789e-16,9.227783859788642e-16,7.793313386472058e-16,8.657548755143549e-16,8.657548755183939e-16,8.643602783542844e-16,8.819688071382862e-16,8.657548755355595e-16,8.633936766057936e-16,8.657548755290971e-16,8.657548755355595e-16,8.692956039303332e-16,8.7305273090349e-16,9.137398475736971e-16,8.102849217363311e-16,8.811818926915353e-16,8.110894029507039e-16,8.521791855455972e-16,8.557026511769722e-16,8.851076582234824e-17]"
20.900000000000027,sqp_rti,0,"[0.04362190170877478,-0.17954975331275852,0.07558715304846217]",2.0834409272611856,0.008978508412837982,"[-2.980232227667301e-09,0.10479442774326914,0.19508458581067317,null,0.3484462271058078,0.42942330676664114,null,0.16759491333037319,0.26035567741299276,null,0.03482066862970973,0.20848732224138705,0.20154892578114653,0.20997610812995032,0.22015598493143412,0.38957451479262845,0.8098596171172019,0.8212672745159153,0.7913580407357343,0.9354102473337889,1.0968359206089218]","[null,3.099458098252205e-14,3.1427555100416556e-14,3.065576793515558e-14,3.599827829651877e-14,2.7592790805742985e-14,3.065576793515972e-14,3.1021374091333e-14,3.097290185174687e-14,3.065576793515891e-14,3.093569191087862e-14,3.102767775422406e-14,3.09440791679657e-14,3.070117967054652e-14,3.143264574076858e-14,3.185363974956886e-14,3.071059920854913e-14,3.1047563601972355e-14,3.098457499186951e-14,3.110885832163356e-14,3.1181179226028764e-15]"
21.00000000000003,sqp_rti,0,"[0.07006215724795008,0.11686670088187101,0.07697143683819363]",2.087617920836485,0.008758265525102615,"[-2.980232227667301e-09,0.06423140342228068,0.2004907816405364,0.3656590223840624,-2.980232227667301e-09,0.216717066664242,null,null,null,0.04466869547764124,0.13930386552388613,0.03954549893338105,0.12840565629804318,0.17915641263634258,0.22157595175589312,0.3509305376143928,0.3419972393498483,0.3931275698841084,0.4731050989465622,0.5726932027191409,0.6888579889691371]","[null,1.3483044733766251e-12,1.4403828744259399e-12,3.884674435242821e-12,1.3326788519846156e-12,1.3627699573814294e-12,1.3326788520854028e-12,1.3326788520856162e-12,1.3326788520858477e-12,1.332210500487799e-12,1.3229728042269704e-12,1.3274112456251116e-12,1.4067694413439949e-12,1.241616419782137e-12,1.3152735771746384e-12,1.3651313461687735e-12,1.3154836156553847e-12,1.320180287679736e-12,1.3212398292176637e-12,1.3222549434993992e-12,1.3383302382510477e-13]"
21.10000000000003,sqp_rti,0,"[0.06847433567972774,-0.3255673501292216,0.06224804410916375]",2.0954011189973687,0.008821696043014526,"[-2.980232227667301e-09,0.16387694408069536,0.2047546795649538,null,0.1752155710770154,0.1345437410182882,null,0.09108123202181845,0.31018264754980046,null,0.06926118999035752,0.18120503766832102,0.18557625488238189,0.2097723876561382,0.4040048271411479,0.8882470672013312,0.87083667830655,0.8972452715934025,1.0687895493138384,1.048206123204675,0.9644934263416978]","[null,6.463081692483382e-16,6.492747538901275e-16,6.442745768764466e-16,6.470503124861725e-16,6.424050639452419e-16,6.442745768762446e-16,6.516135956432558e-16,6.410338372544242e-16,6.442745768764466e-16,6.429866196500041e-16,6.42726863272841e-16,6.407393330010434e-16,6.476420343351749e-16,6.595957793031399e-16,6.39996525103392e-16,6.578482575514007e-16,6.4533068417264865e-16,6.461602696965104e-16,6.442745768760427e-16,6.609889433307434e-17]"
21.20000000000003,sqp_rti,0,"[0.04275120493260664,-0.9660295678090687,0.0717142270309804]",2.1043005992349264,0.008849572390317917,"[-2.980232227667301e-09,0.19114324503842967,0.1956627455751601,0.2756295116069339,-2.980232227667301e-09,0.16802753500071504,0.32041230203448096,0.3837783560994666,null,null,0.29000965639560833,0.2877643779882078,0.3348774691388357,0.5121150566756512,0.6841403330961213,0.3791887738835829,0.4132462620782878,0.48175597964228684,0.5837956226158958,0.7261348864702379,1.08679314956957]","[null,2.2169308102324568e-13,4.871329173629351e-13,2.2003767799594257e-13,2.2154235606246106e-13,2.215787596888344e-13,2.1754240728482847e-13,2.1728087637948499e-13,2.21542356107335e-13,2.2154235610737943e-13,2.1739812191408114e-13,2.173733566080091e-13,2.1741896677674218e-13,2.1971151857225487e-13,2.1761395659565404e-13,2.1829331075373384e-13,2.1963573392554378e-13,2.2256630320450013e-13,2.318712227495804e-13,2.0822304184495462e-13,2.2006553066283988e-14]"
21.300000000000033,sqp_rti,0,"[0.0692821096367835,-1.1999999999925266,0.07618628110925572]",2.10967304981359,0.009008888155221939,"[-2.980232227667301e-09,0.03472838333480227,0.17171633790087243,null,0.08755693788858282,0.15208702540276137,0.35381873036641914,0.6378538965664731,0.7645903589907703,0.6114968165014403,0.5600477017161836,0.5824216606858073,0.6664683992052047,0.7285875633204923,0.7906637784393851,0.832319903327378,0.8480551058058736,0.8624617100528738,0.9223581679690092,0.9867742003366031,1.0325771638182288]","[null,3.821425921600081e-14,4.060564439762312e-14,3.933468243558415e-14,3.936081266310989e-14,4.3955479407242497e-14,3.92375634263972e-14,3.9851375431330324e-14,3.933468243559142e-14,3.933468243558415e-14,3.9334682435561936e-14,3.933468243550721e-14,3.9334682435527604e-14,4.027309677588561e-14,3.9190716592772505e-14,3.9008880551165883e-14,3.925502979230676e-14,3.933468243558718e-14,3.9334682435548405e-14,3.8467653068278043e-14,4.03607288264112e-15]"
21.400000000000034,sqp_rti,0,"[0.06784090777741952,-0.5689679627300879,0.07508776643519037]",2.112727565792337,0.009334985166788101,"[-2.980232227667301e-09,0.15074017066961148,null,-4.355888094664806e-09,0.07179062671994246,0.17502423167203746,0.23603026849209813,0.3092023362583561,0.40006547854289637,0.2871279772643945,0.33117944110343417,0.6469875937673748,1.5017521674956924,1.1056913338896919,0.8468825561334767,0.8549891495780428,0.903670974100973,0.9937148990725262,1.506063462909691,1.800544622111343,0.8538089031387617]","[null,1.1696654116380636e-14,1.1653954839428165e-14,1.1653954827683856e-14,1.2213522747706564e-14,1.1784887561644111e-14,1.2373150696549768e-14,1.1822915979031092e-14,1.1594767347841701e-14,1.1610499777482027e-14,1.1610132407865513e-14,1.164074182414235e-14,1.1541732015598227e-14,1.1539273426305803e-14,1.156855322069243e-14,1.1547324422293462e-14,1.2083891914136962e-14,1.1706714538631935e-14,1.1632684291846393e-14,1.1612772370174905e-14,1.1971612535142827e-15]"
21.500000000000036,sqp_rti,0,"[0.043605189632826336,-1.1999999323309383,0.07424490602521631]",2.1227783677492686,0.009602215141057968,"[-2.980232227667301e-09,0.14483699901881836,0.20204071819460695,null,0.15372080909359626,0.16661689325433998,0.24078161837843554,0.4251730604664859,0.5333252360109924,0.5723238885509117,0.7569566289585381,0.7693535052319198,0.5774809410197548,0.566154714658414,0.606015767888757,0.6630264999763902,0.7352114108113355,0.764286694913159,0.9092462879486447,1.990130142803811,1.3169547364436738]","[null,1.460358815579912e-12,1.4352515593273636e-12,1.4862745775651284e-12,1.486266168367896e-12,1.4713512736782665e-12,1.4674228996126857e-12,1.4868453904009362e-12,1.4855401985005286e-12,1.49859739274999e-12,1.4890668217942074e-12,1.5106195629913193e-12,1.464931858086025e-12,1.4663600272730104e-12,1.474614055528117e-12,1.4418233448229386e-12,1.4578638869928767e-12,1.506707623840602e-12,1.81242693975491e-12,1.486274577565792e-12,1.5160808157891438e-13]"
21.600000000000037,sqp_rti,0,"[0.08963314723727314,-0.6858669974424813,0.0987810719120993]",2.125734524436088,0.010107964277267456,"[-2.980232227667301e-09,0.011633557905320668,0.11771971202472004,-4.14241346780031e-09,null,0.02221703663745772,0.056568347907357375,0.013048389048351094,0.0638390973518817,0.12754331696932014,0.23506852748370194,1.2504510962433641,0.7151362505601895,0.6025369553246349,0.6350232737026118,0.7115158645196515,0.8251802221116449,1.06612074621776,1.3676326521484554,0.772119670699152,0.8754863507897113]","[null,1.7706812869767852e-09,2.2944366060920445e-09,1.7576713177003453e-09,1.7577081845825157e-09,1.9686327530450513e-09,1.967345503729677e-09,1.8186667989270308e-09,1.7291951033296717e-09,1.7041560754413358e-09,1.8019211666958808e-09,1.6793119559957592e-09,1.6907881100634848e-09,1.685917308666529e-09,1.6930388341212716e-09,1.7057549716071377e-09,1.7066765237955368e-09,1.714794123774455e-09,1.7577081845805727e-09,1.7577081845815233e-09,1.7391588740782218e-10]"
21.70000000000004,sqp_rti,0,"[0.0447474244758552,-1.1999726978233873,0.06663843347836246]",2.1360820236730196,0.01065538078546524,"[-2.980232227667301e-09,0.1292594537019312,0.1828788016363248,null,0.11211608254513622,0.21476082751219822,0.29545784761814514,0.3747899276352789,0.6340738574761431,0.6674301758026189,0.4252701256045775,0.4157230042461045,0.4447805097823128,0.4760285179288111,0.5182260474429838,0.571989144900164,0.6108052112444209,0.9290852520975761,1.5555716066514662,0.9879162855784489,0.7333079984041688]","[null,3.0633596015707394e-11,3.057060142899257e-11,2.9679114415199367e-11,3.062492756307058e-11,3.076120838613487e-11,3.094069215342852e-11,3.108479928416611e-11,3.1018618995859e-11,3.02921379097292e-11,2.998515004291157e-11,3.058741444082214e-11,3.085448870567978e-11,3.076059302529868e-11,3.0232308804225184e-11,3.122757690922814e-11,3.0367822099453855e-11,3.2264096830570334e-11,3.021761931845226e-11,3.11024342776052e-11,3.0982077951308534e-12]"
21.80000000000004,sqp_rti,0,"[0.12344688550848601,-0.5604086885765123,0.10744340890762608]",2.1409385836587074,0.011518441140651703,"[-2.980232227667301e-09,null,0.04652110736936593,0.12291795490842078,0.06961812538208961,0.1287848292860943,0.181352346996772,0.25139027074074677,0.2971131536553358,1.0930365431237135,1.4395619950204377,0.8570811539172183,0.8491864516555949,0.8788317227869242,0.9393023884865925,1.0441135339858334,1.3781917195057047,2.0207761865520526,0.8015909550626235,0.8936861397422018,1.0206636489942216]","[null,1.2361114040073585e-12,1.2600298854925819e-12,1.2438129717142143e-12,1.3554240354584126e-12,1.2283172992351744e-12,1.246950663736017e-12,1.2416700040518359e-12,1.2413610681474598e-12,1.2420034333149836e-12,1.2410583149432316e-12,1.2384341626618955e-12,1.2387358758683216e-12,1.234199543273517e-12,1.2343725392134331e-12,1.2406243694216197e-12,1.2379906280043325e-12,1.2443463873947517e-12,1.2566958386137245e-12,1.2753758894793263e-12,1.2515344060451596e-13]"
21.90000000000004,sqp_rti,0,"[0.06164482264183674,-1.0020994543912578,0.07623001319589298]",2.1519755428132674,0.012334834784269333,"[-2.980232227667301e-09,0.11441387359168403,0.18897249092198082,0.1871048944402361,0.27337731044202124,0.37334603498323543,0.4858362391024869,0.6839891170783374,0.5686093847215516,0.4463873137343704,0.45461405890230183,0.47280430279284574,0.4954468766764684,0.5255685768099496,0.56463171779579,0.6539060481032279,1.0772754854573605,1.2796754249958198,0.9608396015260012,0.7513474068880412,0.5298614861329731]","[null,6.000533563852818e-13,6.043045295491565e-13,6.081791912751839e-13,6.114376169181e-13,6.095662628428434e-13,6.418409563751538e-13,6.078903649700598e-13,6.127682533705851e-13,6.010956143530334e-13,5.853896106544312e-13,5.785418931442313e-13,5.726878279172277e-13,5.642912502120261e-13,5.808825682540603e-13,6.581587673547656e-13,6.65365833331097e-13,5.837644767010344e-13,6.473482900512951e-13,5.933447780263218e-13,6.817618364266418e-14]"
22.000000000000043,sqp_rti,0,"[0.1292548766563112,-0.4535523266122651,0.13249725627966713]",2.158705963037101,0.013961263000965118,"[-2.980232227667301e-09,-2.980232227667301e-09,0.001470468014797277,0.02664850515589451,0.008065804967726298,0.017753594608324985,0.03583926966740841,0.049095789415549984,0.17097230583444373,0.11259482900429135,0.11851904707764832,0.14774697337282988,0.19654097665642994,0.26593790819348656,0.3527516186400675,0.49736833067122604,0.8738038934581283,0.6910454770781171,0.7033287053607917,0.803338713456897,0.9472194721517606]","[null,1.7524911370993095e-14,1.7744011451301164e-14,1.7402171589644952e-14,1.7488963352475422e-14,1.7422699346267695e-14,1.73581264215256e-14,1.7575883218369827e-14,1.736491430905273e-14,1.744099594614912e-14,1.7585035971020546e-14,1.7543764993698015e-14,1.7423211991704357e-14,1.7383204216235207e-14,1.7356518371021678e-14,1.7375457510934734e-14,1.7379180228815852e-14,1.7307221529572694e-14,1.7345419117090177e-14,1.7373243370591085e-14,1.7700422366643114e-15]"
22.100000000000044,sqp_rti,0,"[0.09304158465007603,-1.1318726766045524,0.10835055553560609]",2.171202576196344,0.015089672058820724,"[-2.980232227667301e-09,0.061828682223737996,0.18679361270231337,0.26127179276634643,0.3614079319328341,0.6031780506590365,0.49478169790596144,0.39088650569249667,0.40877398009719174,0.43147556997763276,0.44702669286162405,0.4633567740195133,0.48571273804568166,0.5164049040525611,0.6471483390591419,1.0037443222226556,1.074492225520493,0.7453379070299249,0.6912398268397075,0.6849782645990927,0.5315164941301667]","[null,8.163749593986779e-15,8.092000943921891e-15,8.090849884934557e-15,8.165063945774721e-15,8.091587969044453e-15,8.223730831846137e-15,8.101048875276035e-15,8.125580657724505e-15,8.117427396442298e-15,8.111612186816995e-15,8.10571074473082e-15,8.100121718654893e-15,8.178423149014925e-15,8.448965033613257e-15,9.22241387928168e-15,8.134790074773962e-15,8.37673065332807e-15,7.321977335691016e-15,8.14079962411877e-15,8.265229203893022e-16]"
22.200000000000045,sqp_rti,0,"[0.15286659559160892,-0.5446109840236334,0.1449750130264349]",2.1815756208011563,0.01841317117214203,"[-2.980232227667301e-09,0.0005416973715506868,0.005581510113176702,0.014108766096360636,0.026134515071501607,0.07914301520986627,0.20553897018320982,0.17020257228002295,0.18994558764101727,0.22298029006283288,0.27353135963028735,0.3426980583689641,0.4342286399304783,0.7458369711025028,1.2212191236957153,0.6070598556212559,0.5220633310881186,0.6454442584241435,0.7855951299125195,0.9066357923619968,1.418112160395215]","[null,8.06783100935684e-12,8.114093269917411e-12,8.153443130068661e-12,8.159074308557758e-12,8.502659594532556e-12,7.948867354254574e-12,8.087515825889114e-12,8.084839027466669e-12,8.078670043565361e-12,8.07353410814292e-12,8.0628875656505e-12,8.045923285265234e-12,8.110759364816303e-12,8.067979873611534e-12,8.110084574316748e-12,8.55743217041251e-12,8.153921072091958e-12,7.996006103147981e-12,8.339862776526558e-12,8.275632809859919e-13]"
22.300000000000047,sqp_rti,0,"[0.13519370089579036,-0.5771876160611974,0.13313366680114705]",2.1956359973150628,0.01989559642970562,"[-2.980232227667301e-09,0.00869119640139454,0.04128779972051039,0.0734434386716652,0.09958072298104242,0.08395492613303973,0.09665681040251856,0.10199151908691634,0.11247838925435333,0.13585993898529197,0.17615469952330082,0.2375705027604738,0.344769653003598,0.7979920270545449,0.9094367452688885,0.6064693568685768,0.6204134770776342,0.6738786376969681,0.6180642530230152,0.5034901999579098,0.4989676686128906]","[null,4.747969623649227e-11,4.7211963039610293e-11,4.78960048096427e-11,4.768192438129998e-11,4.732854280946328e-11,4.730703540140199e-11,4.7433414933044226e-11,4.752614008058135e-11,4.755539300614149e-11,4.747055838376511e-11,4.734497879849237e-11,4.9145300187512637e-11,4.8327961779312286e-11,4.711468481611947e-11,4.796672304609956e-11,4.583075128499313e-11,5.147959012640701e-11,4.7993159251927396e-11,4.799315925198543e-11,4.862036017163277e-12]"
22.40000000000005,sqp_rti,0,"[0.17139204583475598,-0.2196079979557305,0.1439830937447592]",2.2097050684384354,0.02114805020391941,"[-2.980232227667301e-09,3.5428031105982916e-05,0.0006306934296729794,0.0004534147766651342,0.0014005103967463794,0.004059993788607885,0.007191023025719667,0.014907127046597968,0.031142864828818173,0.05849650012956148,0.09997627064779097,0.16841771554726465,0.38779251864067704,0.46814782260152016,0.35921143895790025,0.4140794385774356,0.5243777456956049,0.6404041186757563,0.7361637952728859,0.9558699469011571,2.5434476487372537]","[null,4.611612239269641e-14,4.621829748847974e-14,4.61628531536478e-14,4.622304737867587e-14,4.662152247557051e-14,4.6617570779193664e-14,4.6480652114116925e-14,4.6516068920101575e-14,4.667669441570376e-14,4.672427017428573e-14,4.690162691140746e-14,4.6661909943477974e-14,4.690031939523977e-14,4.841347607979238e-14,4.582083895353807e-14,4.6258775961428175e-14,4.6201652397556034e-14,4.77283386239059e-14,4.7949011442558486e-14,4.7767962379426655e-15]"
22.50000000000005,sqp_rti,0,"[0.15127835414585808,-0.7719705162972504,0.14445483073822052]",2.2222072099165895,0.020348120480775833,"[-2.980232227667301e-09,-5.153680759928392e-09,1.583049096864908e-06,0.00046261317028856164,0.0021778431612411997,0.002818121058161982,0.003916793026748355,0.009154179841203647,0.02697350808347282,0.06547872254389092,0.13071962154373012,0.31186897237192995,0.7294504226878871,0.6715527799327485,0.5790562503791328,0.6255638830150192,0.6644236613027397,0.584228616787908,0.446438198524654,0.5636551628016064,1.4198851027211965]","[null,1.4840243646255638e-12,1.4827604950648384e-12,1.4796601615115982e-12,1.4801265030924305e-12,1.4801806981836813e-12,1.4801940188754536e-12,1.4767513404067903e-12,1.475002058412407e-12,1.477368377343236e-12,1.4827377535957894e-12,1.5514842626870436e-12,1.6202785764635346e-12,1.4992694069449628e-12,1.4189528090937617e-12,1.2502932026955653e-12,1.484026253784901e-12,1.484026253785502e-12,1.4840262537842483e-12,1.4840262537843775e-12,1.5613683159143916e-13]"
22.60000000000005,sqp_rti,0,"[0.17795968797691286,-0.3903342253614099,0.1600353816905946]",2.2371305291585424,0.024150105193257332,"[-2.980232227667301e-09,3.1549073908898606e-09,1.2852153514764098e-06,9.069228470554025e-05,0.00044945740108501275,0.0032973644510410627,0.016929939024714014,0.04915351589426181,0.09814664140874002,0.16180175239673106,0.35237425624522417,0.6943317988638398,0.4303855501534855,0.3649079705068246,0.46105997723198017,0.5650791272706115,0.6383187534077492,0.7171729947701244,0.9637688039600689,1.908202543029337,2.222051347670143]","[null,3.045234035868251e-13,3.045122785613126e-13,3.0444160282046615e-13,3.044543814736949e-13,3.045639943357575e-13,3.050636599450265e-13,3.045503509616877e-13,3.0432858766203185e-13,3.042818750133632e-13,3.041167171386425e-13,3.0415672361050733e-13,3.0445438650696613e-13,3.042638934747316e-13,3.032562579604945e-13,3.043666825054907e-13,3.2171496041545264e-13,3.2896878410293247e-13,3.0442828969197447e-13,3.0452342499332233e-13,3.047268310997791e-14]"
22.700000000000053,sqp_rti,0,"[0.16336446723783227,-0.9661742401772877,0.13791169224874852]",2.2527025107292644,0.025970427319407463,"[-2.980232227667301e-09,6.292810994512621e-10,1.1376295061538144e-07,2.9944092336253725e-07,2.9523866149627764e-06,0.0001286610144806688,0.0026966034853286858,0.015880957714796307,0.048355938498222006,0.11335931522519066,0.15762275627182448,0.2111173813444836,0.30457800051446143,0.40105293761412925,0.5035971445499434,0.5941182714845279,0.6745944896236409,0.42168142730660635,0.446724439440726,0.7732750920421203,1.6043538105629984]","[null,1.2530876369885905e-13,1.252921067958802e-13,1.2527410977689303e-13,1.2501348635520756e-13,1.2491474264884957e-13,1.2525021402146284e-13,1.2589283269530688e-13,1.250267723062537e-13,1.2659844028473442e-13,1.2586521573153556e-13,1.2591655559367355e-13,1.2652618144911292e-13,1.2594568101911242e-13,1.3622640360392744e-13,1.1657371062033818e-13,1.2530876408380822e-13,1.2530876408378884e-13,1.253087640837759e-13,1.2530876408380176e-13,1.259613246414943e-14]"
22.800000000000054,sqp_rti,0,"[0.15194897306311,-0.6087786700299552,0.11945627901964453]",2.26719334759176,0.01900620013475418,"[-2.980232227667301e-09,-2.9800030776350184e-09,2.3367151705255829e-07,0.007645510169838776,0.15155831376555967,0.3506791934423859,0.4880287391536598,0.6044046045646894,0.6564904658586828,1.612716854400088,1.215879371351687,0.7677121987814581,0.779669435861871,0.7931039471129075,0.7975218998606204,0.794497245652716,0.795033698798189,0.9137244768985624,1.5256068474450728,2.170919206345542,1.6266266004229493]","[null,6.033689321069051e-16,6.032377257141514e-16,6.096276435922146e-16,6.015166791453451e-16,6.023461692687866e-16,6.025469351832193e-16,6.033689321214453e-16,6.033689321222531e-16,6.033689321206376e-16,6.033689321214453e-16,6.033689321214453e-16,6.033689321214453e-16,6.033689321214453e-16,6.033689321222531e-16,6.033689321222531e-16,6.033689321214453e-16,6.033689321214453e-16,6.033689321214453e-16,6.033689321214453e-16,6.044964501921556e-17]"
22.900000000000055,sqp_rti,0,"[0.15230020190117846,-0.3490326028385976,0.13194869423444294]",2.27689975834111,0.016344064846634865,"[-2.980232227667301e-09,3.245582913535827e-09,9.363367587775229e-05,0.00489022212279161,0.017383850402388046,0.021772106576544215,0.0418781866144336,0.09338905954097926,0.2624163472846391,0.6765128688691504,0.5520925065908358,0.4510072327717552,0.5333860120709637,0.6178459793724087,0.6749482433647287,0.6186767838834377,0.5709679001625012,0.5888284070331646,0.9639609610613149,1.457305638712861,1.6698215944398782]","[null,1.953899384025332e-15,1.9498083428583274e-15,1.9586201359685147e-15,1.9455201499438592e-15,1.9409152739602932e-15,1.94094541112592e-15,1.9404907585998373e-15,1.9648541347665946e-15,1.9351215288293575e-15,1.9268598349876235e-15,1.9477066144931135e-15,1.932043437983213e-15,2.131557213424693e-15,1.953900917633536e-15,1.953900917633536e-15,1.953900917632728e-15,1.953900917632728e-15,1.953900917632728e-15,1.953900917632728e-15,1.9559532810139276e-16]"
23.000000000000057,sqp_rti,0,"[0.17672755570278753,-0.036622343157241,0.12937250202788286]",2.2918412309828486,0.01612459309399128,"[-2.980232227667301e-09,9.74552966270803e-07,0.0023397630971893624,0.004458493914291151,0.008328875951757742,0.02166287591052979,0.056324046979285225,0.14468508927540286,0.2997014230155742,0.26075106836731693,0.19985821001922305,0.23902880361733098,0.27332519134951455,0.2837859408261128,0.4084109968321002,0.5130222471129808,0.6024328784390593,0.9849797082498248,1.605659618203252,1.7897047835321593,1.2716296639889062]","[null,2.870019284553501e-13,2.879267441272092e-13,2.8867940912430783e-13,2.8926489236718315e-13,2.900223222424082e-13,2.8897635164750645e-13,2.9488578235121727e-13,2.954969035817461e-13,3.1098338623067387e-13,2.8940804360784606e-13,2.8816939427929444e-13,2.889251261045483e-13,3.121175195724143e-13,3.014438659450362e-13,3.739261561043603e-13,3.1118283998053686e-13,2.9091915080097624e-13,2.878284621445267e-13,2.878284621445267e-13,2.9873778301934774e-14]"
23.10000000000006,sqp_rti,0,"[0.13330155879305222,0.13033220078483979,0.11959081531136453]",2.3073327339949152,0.012457991018891335,"[-2.980232227667301e-09,0.005795358662797956,0.0013939392666409423,0.005451299117932795,0.0648888153891683,0.21736755226583854,0.3654120677400073,0.1870083417676554,0.12326348483361543,0.14128718588844175,0.16639439339625223,0.21323779677108085,0.3025751093352705,0.43075228404588445,0.39545953679695717,null,0.43669916144856274,0.51303436328621,0.6512163264409974,1.9775308927993442,1.9726991106339369]","[null,1.4578635028593437e-11,1.4405392573367632e-11,1.4388631445653489e-11,1.495290667536007e-11,1.435782601978716e-11,1.472402711792434e-11,1.4271957010898851e-11,1.4538826500219003e-11,1.463756677016158e-11,1.4685385382706938e-11,1.457168964260061e-11,1.541022489371751e-11,1.4422626559683559e-11,1.491197925631206e-11,1.4371310891192725e-11,1.4371310891200721e-11,1.4371310891192601e-11,1.4371310891188323e-11,1.4371310891188323e-11,1.460885620488803e-12]"
23.20000000000006,sqp_rti,0,"[0.13386051240767013,1.1999999999951039,0.10057664783454157]",2.3227443178778473,0.010670623742043972,"[-2.980232227667301e-09,0.006977143437553235,0.03896655565868273,0.05687211298560585,0.10979763367862888,0.3229429346160629,0.5806944985216205,0.3234361609334087,0.28518033552803673,0.3142408440827083,0.3704318261850091,0.4168093884001152,0.4593156138463684,0.493129733368005,0.48058044748784995,0.5284204907863497,0.9737053407378127,1.1402744568869252,1.166845076841583,0.8092070426034297,0.7179703635433092]","[null,9.613600000008133e-15,9.592711666851927e-15,9.596378821200227e-15,9.59619290784522e-15,9.779805385276044e-15,9.588273635424192e-15,9.76310068682721e-15,9.624412670085213e-15,9.564150818547505e-15,9.570646122149319e-15,9.221822681394243e-15,8.801244232334179e-15,1.1892754995917894e-14,9.606534435009485e-15,9.60790438744836e-15,9.621847542876117e-15,9.653102060478064e-15,9.653102060516838e-15,9.653102060516838e-15,9.885197427287478e-16]"
23.30000000000006,sqp_rti,0,"[0.2012621577361921,1.1999898495260195,0.17225043765936476]",2.332608724039842,0.016441790387034416,"[-2.980232227667301e-09,0.0008856179660313157,0.0053736386168726225,0.07514047361236181,0.46352197233916287,0.25518130695617885,0.21915634814904267,0.2569822207160886,0.30266634418618016,0.3430478423102516,0.38703159546385885,0.4380765277267898,0.47465211725673556,0.4977749416689619,0.336990222758115,0.3385141472488565,0.4781978534489831,0.8598040599529753,0.4222527967019983,0.35948900064921646,0.44473529155593977]","[null,1.6410703180880564e-15,1.6432885243863074e-15,1.6856111710859364e-15,1.647754164831374e-15,1.630206663864736e-15,1.632625888151018e-15,1.6514140261220835e-15,1.6337271999760939e-15,1.632573842463864e-15,1.6481104878470303e-15,1.714186288467567e-15,2.3072517463582546e-15,1.6559512370577943e-15,1.6403528872595708e-15,1.6333474250329784e-15,1.84134176532642e-15,1.68717421350689e-15,1.849042379034256e-15,1.7529017387971861e-15,1.636409092894685e-16]"
23.400000000000063,sqp_rti,0,"[0.11558006315830735,0.7800066020193244,0.1315114147084589]",2.3458822677530247,0.015971077606081963,"[-2.980232227667301e-09,0.03639978736976773,0.7508447100663715,0.2388197096080063,0.2049613490340974,0.27948573784949887,0.3202479768557545,0.3802356529020379,0.3685598858976931,0.4180414109641902,0.552642152801053,0.4406399955415708,0.4702663950498163,0.5029570502946015,0.5834876111148801,0.7187786043055169,-3.6457911134490928e-09,0.2769255745655464,0.2857968826322626,0.3377576627631001,0.7323184045477624]","[null,1.0901881654716913e-10,1.0870813339511199e-10,1.0874239865425383e-10,1.0836432627870145e-10,1.098458644923066e-10,1.0920495886077308e-10,1.1145124870267814e-10,1.0857838427831841e-10,1.0777296925798403e-10,1.0912201836002707e-10,1.0912201836005802e-10,1.0912201836015131e-10,1.0912201836005698e-10,1.0813353952485703e-10,1.1259862559454868e-10,1.091220162597365e-10,1.0813994003857645e-10,1.081087899061727e-10,1.0965029981964924e-10,1.0886755952284833e-11]"
23.500000000000064,sqp_rti,0,"[0.14110894704560548,0.32908438019080016,0.1157164609128905]",2.3629104946388635,0.011098616756498814,"[-2.980232227667301e-09,0.0037186464204859715,0.025370424071021358,0.014404044757534262,0.012201595880508453,0.013928756424170186,0.06885133302484442,0.15087063785954308,0.18920509913602218,0.1826570795968852,0.2419620500046083,0.2827361512574907,0.29318772997971615,0.24635400879607589,0.06536471004616723,0.07430761712511541,null,0.8685684874718873,0.798144358833565,0.3514982291939724,0.34416897418137254]","[null,4.239810394942382e-12,4.330609212255135e-12,4.247561192103126e-12,4.230576767559312e-12,4.22562376081411e-12,4.25050953849259e-12,4.276912623928608e-12,4.2407311891986095e-12,4.250591594065409e-12,4.24872270847824e-12,4.235396729765395e-12,4.2310469702351574e-12,4.4808807092847936e-12,4.077267054911564e-12,5.081109405161553e-12,4.239846826945724e-12,4.239846826944935e-12,4.239846826944677e-12,4.239846826945258e-12,4.27172332859e-13]"
23.600000000000065,sqp_rti,0,"[0.09664341817835195,0.10151151650069914,0.05979240660001969]",2.3775281594517925,0.01073513925075531,"[-2.980232227667301e-09,0.14858834905306822,0.030419623630842108,0.05597264072378111,0.09668826866598651,0.14171856475525219,0.18319540063399914,0.21555927143530235,0.21028304835081252,0.16813950884484857,0.1418103763038115,0.07019606080703583,0.11527841396548838,0.22215383512260162,0.2556279251451297,0.2756531772912439,0.4805886135249871,1.3229081804800387,1.1147227387840537,0.9585711676351234,0.689949679053943]","[null,9.42538266083999e-16,9.473401509082685e-16,9.491919757457003e-16,9.4990089548345e-16,9.506773982036907e-16,9.517977004121891e-16,9.518582888846674e-16,9.509083507530283e-16,8.853987184005482e-16,1.0137362542926036e-15,9.493290172393238e-16,9.514353887510695e-16,9.48814199516514e-16,9.546018767970195e-16,9.57213690352922e-16,1.1840851109252194e-15,9.722062361653297e-16,9.645796281258563e-16,9.64579628138781e-16,1.0004062509642309e-16]"
23.700000000000067,sqp_rti,0,"[0.1411896825977561,-0.45887688993236164,0.09622364887844578]",2.384825699882868,0.01164936926215887,"[-2.980232227667301e-09,0.01275175875314255,0.001332824968785229,1.2186213545123392e-05,0.00026177989151138226,0.007334497044923449,0.04424975494168387,0.12005544617075686,0.20317591240767713,0.21750231911598733,0.209786577623931,0.12834458965523582,0.1507734073849985,0.186992383174929,0.15675644442187747,0.30678586399501456,null,0.5652663624606056,1.115328651210146,0.49961934128600377,1.0895962614842147]","[null,1.4285614459201741e-15,1.2635210764189654e-15,1.262624222160466e-15,1.2630247057576249e-15,1.2829083180319392e-15,1.3067147168434782e-15,1.3026052180417942e-15,1.3420985046990564e-15,1.262959773666046e-15,1.3280072223635485e-15,1.2713852279279673e-15,1.2695928098902723e-15,1.2702079066541184e-15,1.2571436463969448e-15,1.2514653480554049e-15,1.2669226099782409e-15,1.2982903051716332e-15,1.3462900003703615e-15,2.987672406801746e-15,1.3020880149578955e-16]"
23.800000000000068,sqp_rti,0,"[0.07054165299120137,-0.5751452549895384,0.0631357082838809]",2.400267890257182,0.017197970300912857,"[-2.980232227667301e-09,0.019208199503178147,0.008940413301020744,0.018621707913494323,0.04098021982655703,0.08430994033036027,0.14137284698615332,0.1945930408282333,0.23485869174426172,0.26514553607550867,0.2727814925221324,null,null,0.2168094616096397,0.32443390722130233,0.36143889089747533,0.7164529219364304,0.2684581850481916,0.14062707136949087,0.6938402153948686,null]","[null,1.5559631890781444e-11,1.5413397051085222e-11,1.5460409689365913e-11,1.5481340643242824e-11,1.5518848710285945e-11,1.5542725552452652e-11,1.5555966758062683e-11,1.5068944028752673e-11,1.5577852450079004e-11,1.5090382020682744e-11,1.5516307788195186e-11,1.551630778816504e-11,1.5845440002630602e-11,1.5460591523601634e-11,1.544526311561099e-11,1.6161989802288296e-11,1.5478821143348864e-11,1.5183496912842356e-11,1.5536958726454054e-11,1.5679133466322172e-12]"
23.90000000000007,sqp_rti,0,"[0.07166782955872067,-1.1226203686579865,0.07051111530646349]",2.402872289391313,0.0221388041973114,"[-2.980232227667301e-09,-2.980232227667301e-09,0.0005486190395764257,0.0008342149826420231,0.006456560407381018,0.015002760922445069,0.025120265987815416,0.06547949150222082,0.10436229674388137,0.09930763183936514,0.12725313628435125,0.3603151469470987,0.5664791807476106,0.5861119687104128,0.6779496904664029,0.7852892348825342,0.5495373241572359,0.49584392286985307,0.4991430733021403,0.4907149586902982,0.42184403596244097]","[null,6.4619790460946456e-09,6.5064816351331575e-09,6.509672460164357e-09,6.536427313600153e-09,6.5619361916497745e-09,6.607036716669169e-09,6.8631850195129295e-09,6.584089766368655e-09,6.598486336484897e-09,6.902761488356934e-09,6.519030010332618e-09,6.515425962547491e-09,6.461979047344481e-09,6.461979047344512e-09,6.461979047344485e-09,6.461979047344494e-09,6.4619790473444675e-09,6.461979047344526e-09,6.461979047344542e-09,6.54241675940689e-10]"
24.00000000000007,sqp_rti,0,"[0.038768270556724264,-0.5600432777401249,0.10121611928708113]",2.405942789789441,0.026257455348968506,"[-2.980232227667301e-09,8.126615838599527e-08,null,0.0004961496606118998,0.027747534859595302,0.12982708088857892,0.2319283926807259,0.3115047366769808,0.3665136354451775,0.47431439216060484,0.532606260853673,0.5284286951469184,0.518980275754221,0.6890133982699893,1.851729907780421,1.3618272235515227,1.9908476397087866,0.6797858462011817,0.5222918280354765,0.8308054844679524,1.0518112667513833]","[null,3.98522372575084e-12,3.985419812551331e-12,4.001112954908112e-12,4.110318297546161e-12,4.0034038337578025e-12,3.9926173833714944e-12,4.084612859008248e-12,3.9847254730241405e-12,3.956829050745931e-12,3.985419812543887e-12,3.985419812557949e-12,4.001031869940441e-12,3.974657597987871e-12,3.951822601866438e-12,3.974745057862815e-12,3.985419812546368e-12,4.014060848161802e-12,0.04211801170584593,4.226441014385603e-12,4.1136842392087745e-13]"
24.100000000000072,sqp_rti,0,"[0.12911045434647891,-0.39254766943849323,0.07679829597608452]",2.4205973211872402,0.023996032774448395,"[-2.980232227667301e-09,-2.980232227667301e-09,0.0013140129038651804,0.013832074863098842,0.08081134198104084,0.1275167243579432,0.09853733387693425,0.2283360035526421,0.24743131655834888,0.27622588786366437,0.3014279718651139,0.13666741736002735,0.46447588546068347,0.059161979962237876,0.0021056672754578565,0.32948499529900915,0.8506383464969189,0.24959135679922612,0.25673293596005636,0.1917380074927884,0.2758207273013305]","[null,5.980503424282163e-10,5.972607400825403e-10,5.966901474510603e-10,5.974576711393895e-10,5.980146532124059e-10,6.010688878314886e-10,6.003801666968996e-10,6.00909555970516e-10,6.003449247507175e-10,6.033268210418705e-10,6.025377020640335e-10,5.980503423763942e-10,5.980503423762611e-10,5.980503423762462e-10,5.980503423762255e-10,5.980503423762743e-10,6.006323887532034e-10,6.006434516425685e-10,6.023054070543054e-10,6.085169366999755e-11]"
24.200000000000074,sqp_rti,0,"[0.06446534867511532,-1.1999999994149766,0.06897930065764116]",2.4357752291331596,0.022788234055042267,"[-2.980232227667301e-09,0.0005971056492368454,8.105770343824759e-08,0.01566402402417638,0.002232306529151906,0.052932047419566974,null,-2.9844528237621404e-09,null,0.001145086324316369,0.015874107830621764,0.12817653415542624,0.7872309278917242,0.9328251679347914,0.522377916518274,0.4491883493492617,0.575343645556172,0.3619221252812899,0.41710439804295235,1.0339372323780693,0.9720352901268583]","[null,7.424964110404528e-13,7.433053417959699e-13,7.664826429970741e-13,7.48543382437718e-13,7.719913147416092e-13,7.433509118027116e-13,7.433509117540113e-13,7.433509118027116e-13,7.426097688873749e-13,7.42514218943883e-13,7.329565639440641e-13,7.359810460043368e-13,7.508830081407463e-13,7.121131708170503e-13,7.789590973460746e-13,8.217570615317458e-13,8.495745408606016e-13,7.293933959557063e-13,7.13053750533606e-13,7.4864137422148e-14]"
24.300000000000075,sqp_rti,0,"[0.09488114611020391,-0.5729306506092101,0.0814796741465745]",2.4381617727332037,0.01685076579451561,"[-2.980232227667301e-09,-2.980232227667301e-09,0.05362342883260124,0.12659661255218052,0.18434040557624148,0.15818153055691192,null,0.017186658233866947,0.12002411605847813,0.19208178719526786,0.1834512494801473,null,null,0.11793130240292343,0.08927044439849113,0.11682306654385216,0.1423011720445853,0.19379586865901005,0.22103094239088678,0.38793802387073956,0.48730832832787013]","[null,1.6786291344769667e-15,1.6941496478057796e-15,1.6995785658557036e-15,1.7137862575062242e-15,1.695544633521725e-15,1.6786291343024833e-15,1.6958459401182992e-15,1.7036331879542808e-15,1.6915763905825632e-15,1.6921220416178023e-15,1.6786291343024833e-15,1.6786291343057144e-15,1.6874396577025473e-15,1.6808313752652796e-15,1.6862129513809094e-15,1.7456106187723339e-15,1.6980457619235395e-15,1.818270622386018e-15,1.766149265399094e-15,1.7149303891047284e-16]"
24.400000000000077,sqp_rti,0,"[0.05471853901847554,-0.7557808516079236,0.054428671852670626]",2.449886770779992,0.01585088111460209,"[-2.980232227667301e-09,0.016104549707409543,1.2774001273280211e-05,0.14502918574655405,1.7189119740745884e-05,0.23677493019780088,0.29299013791304845,0.36264842598491925,null,0.5258683180678474,0.3916121337098957,null,null,null,0.27789084379682266,1.0194762119794063,0.11427400439733121,0.1406615570570267,0.21541363083923742,0.26338152276810406,0.3993987612752015]","[null,6.691741733925054e-13,6.640645978344102e-13,6.656896883993792e-13,6.648261922885844e-13,6.630855939246606e-13,6.60650959721715e-13,6.598436482855351e-13,6.64976669592997e-13,6.649766695924638e-13,6.600033116437589e-13,6.649766695929517e-13,6.64976669592955e-13,6.649766695931359e-13,6.621596118415302e-13,6.594615447262763e-13,6.734181206753389e-13,6.633711278104892e-13,7.241110235481615e-13,6.597791310233113e-13,6.655354070309776e-14]"
24.500000000000078,sqp_rti,0,"[0.0953012568882019,-0.3848174060679817,0.07057288859151661]",2.4541674079066036,0.01338313426822424,"[-2.980232227667301e-09,7.571933367922501e-06,0.05715653007558058,0.04085274433204483,0.12971360632224532,0.10307841030345594,null,0.03677410827647415,0.13651729427986653,0.30059139816245734,1.1218004011165703,0.6058327056236237,0.26364192127708713,0.26625485286804623,0.3913781974501525,0.23968152885563826,0.24314301354689932,0.2307618382226327,0.9329324669793777,1.0252872039617784,0.9173244463762174]","[null,9.471872102001957e-14,9.592472695222113e-14,9.823882137643064e-14,9.631653854379385e-14,9.800374736705617e-14,9.447035597429935e-14,9.689245264853155e-14,9.696766648464736e-14,9.694078617684246e-14,9.679431416424912e-14,9.684004866409831e-14,9.608246226124686e-14,9.579383240168899e-14,9.848000323723575e-14,9.92998066372759e-14,9.491237398594382e-14,9.474606649809906e-14,9.688352892449208e-14,9.447035597406671e-14,9.789164690659436e-15]"
24.60000000000008,sqp_rti,0,"[0.05283497017318053,-1.199999993875176,0.07018036456169452]",2.465487150364493,0.015032283030450344,"[-2.980232227667301e-09,0.031546904224677264,-2.980232227667301e-09,0.040203433643729636,0.023266807518557198,0.10552374136731829,0.05867419591248507,0.0507306942403119,-2.980232227667301e-09,null,null,0.0581324303433462,0.06798759000263283,0.08721075945797879,0.1024252222816407,0.2705374695208647,0.31066094008191386,0.3594912018969055,0.40941471780691857,0.6433844415184538,0.9623080272895794]","[null,2.945585679507713e-12,3.021390765081334e-12,2.9996482619144105e-12,3.0023789950987475e-12,2.963103044902223e-12,2.9829603317191633e-12,2.9650239874115944e-12,3.0213907650822e-12,3.021390764736319e-12,3.0213907647331138e-12,2.978272117930697e-12,2.973652689502263e-12,2.9740093927966025e-12,3.232135506422385e-12,3.062947528708514e-12,2.968644490298467e-12,3.1206220033029597e-12,3.1921103297986848e-12,2.6774694816105863e-12,3.0958241418592753e-13]"
24.70000000000008,sqp_rti,0,"[0.16677008090461426,-0.5434048432747416,0.10075033126685534]",2.473352941693659,0.011799021624028683,"[-2.980232227667301e-09,8.222572604216216e-06,0.046421031797106604,0.011952333705095353,0.10016304720552754,0.1299241856469216,null,null,0.019942705772942493,null,0.06559623044565016,0.0010169944453365942,0.02769137952102768,0.10933916999155074,0.3033132524956102,0.09459138869145961,0.38079493186860774,0.30365030416239663,0.2291478729421435,0.3416017506092402,0.6015174255932016]","[null,2.0876262447407864e-13,2.0844887424180712e-13,2.1055077253488282e-13,2.0876206862320205e-13,2.0929400516272309e-13,2.0892261248215238e-13,2.0892261248222024e-13,2.089701662634696e-13,2.0892261248228486e-13,2.081040946722422e-13,2.0869929658727303e-13,2.0845411058583534e-13,2.1420765160681047e-13,2.0784134220354608e-13,2.083059810109507e-13,2.1338303289858508e-13,2.1353687597289257e-13,2.2635497595433922e-13,2.0837975295046461e-13,2.0939173154823836e-14]"
24.800000000000082,sqp_rti,0,"[0.08336802649720432,-0.6163630011803041,0.09400963768079798]",2.4879742286994784,0.012653585523366928,"[-2.980232227667301e-09,0.1533658884363412,0.019617022249595106,0.1389595465157683,null,null,0.0228029501380565,0.9298062505265079,0.6628573560181337,0.4050117367191349,null,0.5172073356558229,0.2626642182771988,0.2845219969129545,0.3453744351426991,0.24814253148406779,0.17982158691910827,0.2501620133660197,0.40664972897197843,0.7393416909978281,0.9915123003579367]","[null,3.0762138506989666e-11,3.065105210700235e-11,3.0452293116314326e-11,3.106825132411809e-11,3.1068251324125554e-11,3.084834202094804e-11,3.065402732232509e-11,3.085325301686998e-11,3.073242096116249e-11,3.106825132411978e-11,3.104219816498462e-11,2.960219015787076e-11,3.271163683418772e-11,3.097559985993708e-11,3.075176001453516e-11,3.117187349077507e-11,3.112164126454744e-11,3.0912097279508906e-11,3.101167754511665e-11,3.1210113964358e-12]"
24.900000000000084,sqp_rti,0,"[0.09000872719504749,-0.42063119082920153,0.08423740232556205]",2.4953264490564417,0.012563429772853851,"[-2.980232227667301e-09,-2.980232227667301e-09,0.040345081706562536,null,0.013070299994776324,0.6050881498762208,0.1634337415842893,0.01916651889924098,0.06882876104102104,0.04486164104384899,0.12145979996222495,0.1506247067447724,0.192517816523808,0.18613829419892342,0.2008990208148987,0.2240611793456651,0.2236684936721332,0.26053118409425197,0.3599829963469084,0.5655691310745119,1.320943170636501]","[null,7.320029887882775e-13,7.305222529981578e-13,7.320029888048211e-13,7.290617798962298e-13,7.268663893272513e-13,7.308213363402668e-13,7.295814769811544e-13,7.288134683978656e-13,7.284603498797794e-13,7.451630610221899e-13,7.294314584470263e-13,7.283603580778054e-13,7.273006995605114e-13,7.405550330347108e-13,7.283574733385913e-13,7.285694492252227e-13,7.280483282853907e-13,7.279873848984367e-13,7.417234419731171e-13,7.346095813063018e-14]"
25.000000000000085,sqp_rti,0,"[0.044925644114283514,-0.5254782328468024,0.08258055857249831]",2.504159905578597,0.012754809111356735,"[-2.980232227667301e-09,0.03901977612369906,-2.980232227667301e-09,0.016060213052324468,7.104305669580757e-07,3.203462328738027e-07,0.02882153645247848,0.08633197489312822,0.12087359998443842,0.1277159328337099,0.10142438051117325,0.13313267878309604,0.46647207279626174,0.8580672944760763,0.7121106058235014,0.6121204826215887,0.7587243436666042,0.7758448360553813,0.681685878758391,0.6865664129182887,1.3028512561476233]","[null,1.8318637048162413e-13,1.8641679094120351e-13,1.8240177988796607e-13,1.8605637231815489e-13,1.8624812060019367e-13,1.8509614200137299e-13,1.8564615923798895e-13,1.8410957044661414e-13,1.816056176156924e-13,1.8175207004871384e-13,2.0191707164346823e-13,1.8843025598264677e-13,1.8720208236318966e-13,1.8641679094095794e-13,1.864167909410161e-13,1.8641679094141677e-13,1.8641679094075115e-13,1.8641679094114535e-13,1.864167909409644e-13,1.923688378281153e-14]"
25.100000000000087,sqp_rti,0,"[0.153538570049161,-0.19034367892906484,0.10814052203265992]",2.512677220232751,0.0130862295627594,"[-2.980232227667301e-09,-2.980232227667301e-09,0.00411657138824878,0.0003391143090105686,0.26656482917219365,0.1433342540048564,0.052025702665763174,0.08929935487418988,0.19409718876465903,0.19810666701085183,0.29475597381641166,0.46482970348166647,0.48896232884282115,0.5185286240655997,0.5554997159237984,0.6144388461924428,0.718561577365503,1.455037027096172,1.4375787232751065,0.9510632512000832,1.0618482398300937]","[null,4.615790414544581e-14,4.6046417706810484e-14,4.6089409631426415e-14,4.59116728013494e-14,4.5929490252738024e-14,4.591164138938536e-14,4.6175664621745364e-14,6.099606843253329e-14,4.624929117031763e-14,7.603434794667409e-14,4.5924451063890395e-14,4.587256860449351e-14,4.59641656228317e-14,4.599239426282639e-14,4.5959262939729614e-14,4.609028114937863e-14,4.599045942760983e-14,4.592636910356651e-14,0.06794611261140653,4.705113618782673e-15]"
25.200000000000088,sqp_rti,0,"[0.08398306922437944,-0.06737457399395996,0.07656317016234904]",2.530587112503533,0.01041742879897356,"[-2.980232227667301e-09,0.0640189853516418,-2.980236640803824e-09,0.06628361890549145,7.29074438045596e-05,0.0008915554565552264,0.11077532807849871,0.09269737230791791,0.06381129832235716,0.24193601030915063,0.2534735640028621,0.4937959262878778,0.5594097994512921,0.6551727926145581,0.8845897016291626,1.0065317800170959,1.1566717614427773,0.734509384600895,0.8747134488777053,null,0.7553796995713042]","[null,7.70946623911586e-14,7.740258327362076e-14,7.68693821577145e-14,7.729400574483383e-14,7.73451918267127e-14,7.80952431427296e-14,7.755758423704607e-14,7.716894412615206e-14,7.689257535641302e-14,7.692539836518125e-14,7.740258328022528e-14,7.740258328021559e-14,7.740258328021235e-14,7.740258328022205e-14,7.671150492312984e-14,7.678523072582113e-14,8.047755149853853e-14,7.783227818534126e-14,7.741030039198904e-14,7.688833588164005e-15]"
25.30000000000009,sqp_rti,0,"[0.04902249694219513,-0.7656386716645508,0.11426499728603867]",2.5353900131613876,0.004567783325910568,"[-2.980232227667301e-09,0.01797632105452679,0.0008449421389380984,0.0009002158129703397,0.022223504014555584,0.1179602518437804,0.29763581609907136,0.3800523998678614,0.30131726213303694,0.4216302619128783,0.4083571698683997,null,0.4770631190175177,0.7223437192626274,1.15574506637643,0.960148822068075,0.6297331803194506,0.5867752738401257,0.5699459799841662,0.3971630786161782,0.5353123852237143]","[null,3.67038597274431e-14,3.590026110943389e-14,3.585683384980423e-14,3.695341252936583e-14,3.667906902529753e-14,3.6409728370148776e-14,3.618621263889597e-14,3.749649891769535e-14,3.613383068870278e-14,3.6271841189798315e-14,3.612651252591581e-14,3.612293146612994e-14,3.6329035055741024e-14,3.63190831087993e-14,3.6607521414278237e-14,3.578003536689315e-14,3.6612363172277647e-14,3.618923562976244e-14,3.694502912872068e-14,3.738972580376707e-15]"
25.40000000000009,sqp_rti,0,"[0.13982086642786123,-0.3695197417314624,0.12153608355587878]",2.545618217571791,0.0077693164348602295,"[-2.980232227667301e-09,3.20185224890468e-05,0.05367388308994664,0.06965338228949741,0.11776963643525279,0.14903144906076166,0.1899570704075842,0.17016777447819537,0.3185571112638222,0.3735394268744379,0.4910843490348185,0.2751061134369735,0.3076345441098585,0.3448818141893278,0.5537439800557482,1.228159808743874,1.3030003731143338,1.3967544576703979,1.1299612696598371,1.0461683604960583,0.8785238251635803]","[null,1.9195660695727717e-13,1.9093115368975316e-13,1.914263324053086e-13,1.912183130918331e-13,1.9163249877251273e-13,1.9144215816285928e-13,2.019746346761472e-13,1.912287629047396e-13,1.911279296560242e-13,1.9078794124984666e-13,1.9095101202636063e-13,1.9128670110031278e-13,2.01977850352023e-13,1.9295217296174977e-13,1.9143797322638126e-13,2.138974637016534e-13,1.9137434082417423e-13,1.912074352290476e-13,1.9252836602585741e-13,1.9531914176990665e-14]"
25.500000000000092,sqp_rti,0,"[0.12444045688893088,-0.13493652333316236,0.13862518651255532]",2.5578609415963918,0.009821314364671707,"[-2.980232227667301e-09,0.013570855906719193,0.0851413058756208,0.11662452298042397,0.15970399766375537,0.17154912929236305,0.20102960232747763,0.2808967294465859,0.3195908609538776,0.33463379847321734,0.31176928528639963,0.3639234628965838,0.33559525257838346,0.3172300209935813,0.5690860645980933,1.5174255849513798,0.786881179757225,0.9281504861966521,0.9740476850185704,1.0136461291974193,1.1310449694104914]","[null,6.796990773841562e-10,6.805642150538351e-10,6.852756786111592e-10,7.087643318231527e-10,6.815717110407032e-10,7.163548066325493e-10,6.80472813194174e-10,6.808590060577378e-10,6.812178002424103e-10,6.801564753778461e-10,6.802724021203926e-10,6.799467978250153e-10,6.789826251594403e-10,6.882818431675948e-10,6.810962434078832e-10,6.817680387331826e-10,7.356498449445278e-10,6.794063605283227e-10,6.784918066987235e-10,6.923275732024927e-11]"
25.600000000000094,sqp_rti,0,"[0.11400737406010482,0.056732965467437835,0.11644203469921949]",2.5661764401439378,0.010384198278188705,"[-2.980232227667301e-09,0.0035317496312677332,0.02242686553877321,0.05587254668718061,0.08552504256904997,0.12397144211472694,0.2116379097696382,0.3668455555497488,0.46835379622092504,0.5541375130682489,0.5982339282403337,0.4978505163808549,0.5760325411326022,1.1998342576885335,1.1953461604462106,1.2640973618989377,1.5816836299395163,0.9528515468546999,0.6119938051173015,0.459993326682185,0.36648355756722123]","[null,3.227806669680653e-13,3.2406253075313525e-13,3.238607888492542e-13,3.231967940575755e-13,3.256090835824445e-13,3.234414373011488e-13,3.2321918289209775e-13,3.2291507147079715e-13,3.221837670043396e-13,3.222078886732641e-13,3.2050463652208465e-13,3.2227954093190113e-13,3.231198883178961e-13,3.798950107159184e-13,3.4623607763920063e-13,3.224932754958278e-13,3.2252771922529355e-13,3.2252771922539695e-13,3.2252771922539695e-13,3.309265918617566e-14]"
25.700000000000095,sqp_rti,0,"[0.1102908130562052,0.0725339186424604,0.09309575514831712]",2.5849094396466596,0.010213404893875122,"[-2.980232227667301e-09,-1.8333747298093783e-09,0.0025399689749184273,0.014577417258917091,0.22812153839082044,0.41379417259733203,0.48029694426763286,0.5263056463582287,0.5251067049566103,0.5405568745563485,0.5510354557638351,0.5793613902860286,0.6057548772251635,1.0701828032983485,1.4504227382505206,0.7142534277418384,0.8332509428125447,0.9123511767925236,1.0307535625247268,1.1880213965830222,1.3148480309185444]","[null,6.6361049921014684e-15,6.6324994271513465e-15,6.956496426611461e-15,6.702321237508087e-15,6.58012690656511e-15,6.581370034431697e-15,6.63610516782565e-15,6.63610516782565e-15,6.5796764340330785e-15,6.5809931843346044e-15,6.582846785348531e-15,6.586891148675603e-15,6.6170239435059034e-15,6.577926228889661e-15,6.610697351076983e-15,7.646903832990674e-15,6.592148532976508e-15,6.737595121921106e-15,7.13725898412691e-15,6.631368040586931e-16]"
25.800000000000097,sqp_rti,0,"[0.09457514035912967,0.7543284100865489,0.0738949979888578]",2.5935231776594874,0.010072506964206696,"[-2.980232227667301e-09,0.008622923113156322,0.023921088850006822,0.08418747573309987,0.2291509372733998,0.983491653084205,0.875723957659116,0.8623367350327455,0.9010882372324118,0.7913991376932088,0.7695908268706588,0.9405448070310647,1.7153497779456586,1.081862477648596,0.937451074820882,0.9789324209383323,1.553374321935334,1.3322186082204552,0.9405617057082736,0.6064075313518493,0.6298342266831376]","[null,8.855409987440641e-09,8.896434406635967e-09,9.002974014297006e-09,9.983894676848743e-09,8.865406440162007e-09,8.89933181822249e-09,8.899331818222354e-09,8.899331818222354e-09,8.89933181822232e-09,8.899331818222358e-09,8.899331818222015e-09,8.892005671209381e-09,8.899331818222452e-09,8.899331818222085e-09,8.89933181822235e-09,8.89933181822251e-09,8.899331818222493e-09,8.899331818222513e-09,8.899331818222563e-09,9.016184897661081e-10]"
25.900000000000098,sqp_rti,0,"[0.10573317988515825,0.6414992866031792,0.11014227488012515]",2.597147905348746,0.009149432182312012,"[-2.980232227667301e-09,0.024096886022855923,0.11956618707207839,0.22682708456869421,0.4368073071302206,0.35613007785080414,0.41157013428653927,0.6216744272561214,0.8434490047642835,0.981360310206125,0.9368365482284184,1.218330478275189,1.817564604586441,0.9076806461175877,0.7721082942883675,0.7847850648320907,0.7442084730904008,0.825728725648293,0.8831267012054347,0.857692188431973,0.9985907536612302]","[null,2.2902484949859e-12,2.4724740876150857e-12,2.3802409113549046e-12,2.1990511371057077e-12,2.264750929365351e-12,2.26475092938024e-12,2.2647509293636966e-12,2.2647509293636966e-12,2.2647509293686596e-12,2.2647509293670053e-12,2.2647509293686596e-12,2.264750929360388e-12,2.2647509293818945e-12,2.2647509293587335e-12,2.2647509293587335e-12,2.2647509293736227e-12,2.264750929383549e-12,2.2647509293504617e-12,2.264750929360388e-12,2.2571450153273985e-13]"
26.0000000000001,sqp_rti,0,"[0.16182678611826826,0.23507037392538366,0.1145418490297651]",2.6081216764926163,0.008799701929092407,"[-2.980232227667301e-09,0.045753811551151824,0.12738946217962593,0.18016466246108537,0.1989950309379836,0.2908549640308003,0.3710142838962856,0.4266927044896594,0.4955320873008116,0.7607847360931757,1.1846471007211548,1.47380651829597,1.2534271416981368,1.0225413079701766,0.8852489191943433,0.8958290908138948,0.9160245782559373,0.9512258281805257,1.0461442180660618,1.151374773761211,1.3111820306361153]","[null,1.3750284576231596e-13,1.569932739549732e-13,1.3935884512802702e-13,2.0921938942856255e-13,1.4465250941216389e-13,1.4294271359340852e-13,1.4203784612913485e-13,1.3997253034484056e-13,1.397011239858452e-13,1.5038462589207052e-13,1.4060707438437454e-13,1.376880658155702e-13,1.3762022592526624e-13,1.3660776497204711e-13,2.6523568004772077e-13,2.5393124780869054e-13,1.3852844253129672e-13,4.767783936779097e-13,1.404976616357222e-13,1.434534829879137e-14]"
26.1000000000001,sqp_rti,0,"[0.09553112667774238,1.0123457816877208,0.08954227048108548]",2.6207607763517906,0.008996374905109406,"[-2.980232227667301e-09,0.14593551886479333,0.24642165872012073,0.2774134050286395,0.3038520135319878,0.23706541646304286,0.18866423081940004,0.10473198323173333,0.20409059289414416,0.41403116422882463,0.7458112304078284,0.768057394099128,0.9191594768714644,0.9591465765825233,0.9278839636612879,0.6879124099745659,0.12896988777530255,0.0008826552878481997,null,0.3415073136378027,1.1402620654878077]","[null,3.138589361823936e-15,3.1081684049876587e-15,3.0679955761310137e-15,3.0667635984514805e-15,3.0639642567927355e-15,3.0606846833084304e-15,2.9804289831112283e-15,3.0573403074666166e-15,3.0603851815343267e-15,3.0616547658115323e-15,3.0798401456567432e-15,3.0798401457569096e-15,3.0798401459733983e-15,3.079840145809416e-15,3.0798401458546526e-15,3.0798401457738733e-15,3.0798401460420607e-15,3.0798401457544862e-15,3.0798401459952087e-15,3.1560188080982123e-16]"
26.200000000000102,sqp_rti,0,"[0.06891994295127227,1.0122615924167793,0.07765515025001656]",2.6290856559532267,0.01046692579984665,"[-2.980232227667301e-09,0.011254907974532824,0.04622045749989284,0.08421032108460197,0.127670901177045,0.14013576307162517,0.148503574252614,0.14534064974397937,0.17985366195693048,0.2553124954704778,0.4786158223998765,0.9840748710522689,0.6046648499284657,0.7658435124591463,0.7667301819970731,0.493931227779467,0.1799902391968125,0.22838353059586752,0.2811321672568468,0.37309309876100444,0.26244836686697043]","[null,6.340409474760895e-14,6.320538306093711e-14,6.434442258603154e-14,6.469672733290989e-14,6.440282858069162e-14,6.422489598997976e-14,6.151694988772576e-14,6.183247758483093e-14,6.64229913101867e-14,6.574037851261227e-14,6.324653774599957e-14,6.383051184611942e-14,6.271298682984592e-14,6.29235501863163e-14,6.414977138905911e-14,6.303854516797808e-14,6.46326163827351e-14,6.585895817277557e-14,6.553221053714735e-14,6.549058455606894e-15]"
26.300000000000104,sqp_rti,0,"[0.09277767823987948,1.100048915419329,0.06265057761987351]",2.634533990538346,0.012065909802913666,"[-2.980232227667301e-09,0.002356906683851634,0.045649366424851234,0.10126537194999569,0.112796576367799,0.14408412299550993,0.1568175553450058,0.20911690847139236,0.23612173437267386,0.29952151603509664,0.5437821001524099,0.3999378421938043,0.2858670506447048,0.14631835844352353,0.20762078949412272,0.25526101856290034,0.43328560325334636,0.42237225814939167,0.4194046696789904,0.34742343381820034,0.44567746799678637]","[null,1.1181324065616138e-12,1.1371752290394742e-12,1.1356308855117242e-12,1.135149550485468e-12,1.1345439399082677e-12,1.1344729799658373e-12,1.1296441351166135e-12,1.1278658720252923e-12,1.1086119873104783e-12,1.1283538391420661e-12,1.1192794714308507e-12,1.135940426737473e-12,1.1697342553784933e-12,1.1803672818311828e-12,1.1372275000387234e-12,1.1379680986754435e-12,1.1398904615902045e-12,1.139185239210539e-12,1.1598882496990315e-12,1.1360952679332341e-13]"
26.400000000000105,sqp_rti,0,"[0.07966623504084108,0.5313061879261368,0.07396875325559993]",2.6448288378629883,0.014159299433231354,"[-2.980232227667301e-09,0.012195161436821256,0.0010515298431293396,0.0006732433185065445,0.021051352451766203,0.04423411340964095,0.11027251155614054,0.1497360292648267,0.2607440173502525,0.3618712078301954,0.4163262887763722,0.4600582423585465,1.0139805250036857,0.9643778182941645,0.6148109101905461,0.6040386902481429,null,0.37304849095910414,0.462311996061829,0.5525483426249742,0.5944003723104643]","[null,3.113061122916611e-10,3.104599725643102e-10,3.106755054462119e-10,3.1327308872345544e-10,3.154713526408956e-10,3.1348563462216076e-10,3.1333660178830614e-10,3.123790571435056e-10,3.115911292806767e-10,3.1220990341707874e-10,3.1234604921546173e-10,3.137330455502808e-10,3.1232198162314916e-10,3.0917019234928677e-10,3.287744044977323e-10,3.1178404046649196e-10,3.117840404665071e-10,3.117840404664878e-10,3.1178404046650375e-10,3.1954107814984735e-11]"
26.500000000000107,sqp_rti,0,"[0.10111217253295028,0.5878461503671497,0.05697873335955973]",2.650901874244506,0.015338566154241562,"[-2.980232227667301e-09,0.0030398771900042587,0.027356806322950844,0.07581482486747931,0.09989603258608143,0.13625450052786797,0.15129568998975068,0.17579683587333844,0.21328878085535125,0.2502145873223796,0.3323484741953016,0.3417972141192907,0.3205938390975767,0.5263170199514817,0.6121686152818355,0.6470909629264701,0.7279365541372129,0.7470279399839941,0.7517337375602808,0.8306821974956573,1.0259486204964687]","[null,5.585985823526522e-15,5.536947833787501e-15,5.5407253100299685e-15,5.5435268418796064e-15,5.547533809405161e-15,5.536265243829034e-15,5.550312697030434e-15,5.531237381210104e-15,5.703627221631772e-15,5.644000792155745e-15,5.677513274243285e-15,5.650704903302187e-15,5.559539206171049e-15,5.5009514344063776e-15,5.5777779842600375e-15,5.6683205425059954e-15,5.568746286648533e-15,7.663049352112535e-15,8.292132668866354e-15,5.813112693433977e-16]"
26.600000000000108,sqp_rti,0,"[0.09149755332748981,0.5829827525971611,0.06580434368331126]",2.661516813320885,0.01690484583377838,"[-2.980232227667301e-09,0.014806831243596108,1.0785245344147043e-05,-2.980232227667301e-09,0.005255250355066299,0.018678339967503732,0.0628912253054848,0.03665099152834356,0.09436752372174234,0.23410554342628204,0.35712175527214357,0.36839964267787756,0.4369556473796779,0.5369598754713214,0.6071057838315681,0.6898434266254989,0.638631296857614,0.49426298074076663,null,null,0.47894735670057004]","[null,9.85337568895616e-16,9.821354693348907e-16,9.80645343818743e-16,9.831765156272006e-16,9.841894680741736e-16,9.805081890756926e-16,9.764772883134226e-16,9.919247350759e-16,9.136962816074237e-16,9.779441361625707e-16,9.786029933916097e-16,9.816133912216623e-16,9.825531088292062e-16,9.85049326631309e-16,9.86237705183835e-16,9.81954034030375e-16,9.45382490266321e-16,9.806453439609147e-16,9.806453439641459e-16,9.746749355417262e-17]"
26.70000000000011,sqp_rti,0,"[0.06676151497078245,0.5537201730597291,0.07319808209453603]",2.6650815350522206,0.017585614696145058,"[-2.980232227667301e-09,0.00592375916700566,0.01058999162646962,0.017288115878325183,0.03326507430304365,0.05104732932068995,0.11378079571545824,0.2914978738666914,0.5397152187444589,0.6720798755823807,0.6984234519134318,0.4706906766155086,0.5132516738105124,0.5368202775032997,0.45742443452242726,0.40868428634442183,0.4595195242938573,0.4773913639571788,0.4484680065666538,0.4948885367073473,0.6500270382405968]","[null,4.7315269431379265e-15,4.754180975932753e-15,4.748629779100985e-15,4.735591164434868e-15,4.709435507000368e-15,4.755900857155134e-15,4.679255708391085e-15,4.813403785795436e-15,4.664269601918021e-15,4.62223213210483e-15,5.633532162179546e-15,5.1712281682491356e-15,4.7139998574347085e-15,4.713999857405628e-15,4.7139998574185526e-15,4.713999857389472e-15,4.7139998573991655e-15,4.7139998574185526e-15,4.713999857421784e-15,5.000089732107027e-16]"
26.80000000000011,sqp_rti,0,"[0.12150076317663748,0.42437049863464493,0.09495913466534446]",2.6731039540382078,0.019416939467191696,"[-2.980232227667301e-09,1.436404915627909e-05,0.0028069060413725144,0.011998263807981246,0.02219775368843463,0.04217207013811691,0.0914956093642692,0.21771548766499432,0.3027752413369445,0.3296725308281097,0.32642150175197565,0.32017896628309633,0.36063315758804043,0.5473605786039459,0.6875674550257911,0.7682349772118233,0.7864094012212539,0.8070814580861518,0.8776108203432853,1.0083756443288905,1.2041757969314808]","[null,2.0825359823752217e-14,2.0874610568461303e-14,2.1021908028058185e-14,2.1025781445580707e-14,2.1024333374327567e-14,2.0261595866661956e-14,2.2919820524666894e-14,2.087558201533097e-14,2.0927049036157585e-14,2.094975625919904e-14,2.100480248786722e-14,2.1062441216477363e-14,2.105162744672182e-14,2.0914071581145084e-14,2.190041966226286e-14,1.6064699026377522e-13,0.06716931593870643,0.08804247315697751,0.01301623327365992,2.117769028998286e-15]"
26.900000000000112,sqp_rti,0,"[0.08023218043949604,0.7629534776421996,0.07055547965289662]",2.682356215994775,0.01984643004834652,"[-2.980232227667301e-09,0.006960347688237445,0.043839493074798785,0.10017194775331878,0.2162074442102398,0.28688620327484565,0.30464026934429606,0.3415586526756947,0.45775096638411555,0.5369390672964556,0.5802006060415514,0.6105470009251277,0.6301200508961997,0.6035131544747407,0.5857615943089385,0.6033299713130063,null,null,null,null,0.5769151180912651]","[null,8.696760875571063e-16,8.635729559867264e-16,8.553687723480237e-16,8.555605781225078e-16,8.657662374138037e-16,8.362001407802959e-16,8.537052794787013e-16,8.575960170549577e-16,8.548398132747087e-16,8.559739097215854e-16,8.54585408778525e-16,8.651341149271187e-16,8.553603783808927e-16,8.496356375218031e-16,8.548153390295607e-16,8.575557095292162e-16,8.604228440844963e-16,8.604228440844963e-16,8.569533971325427e-16,8.599030755718215e-17]"
27.000000000000114,sqp_rti,0,"[0.07543246915383815,0.3761744376903246,0.07087008588814264]",2.6882339903472054,0.023901334032416344,"[-2.980232227667301e-09,1.041068771495679e-06,0.00012084659811412157,0.004559444475737556,0.06361465301138286,0.2219394536114077,0.47168317761012163,0.7547028617904885,0.5673399194293054,0.4751201402264485,0.564405877181035,0.4548140458531023,0.3673184202198854,0.401541628570439,0.44238921693535077,0.48175093534116514,0.5171994641128037,0.533959699032782,0.5575073298654523,0.6156003997891275,0.7070081288754977]","[null,7.31803571971839e-16,7.303185280846882e-16,7.2909656022841525e-16,7.32350928834447e-16,7.38223296026154e-16,7.304160222703272e-16,7.378097307647092e-16,7.343782531250877e-16,7.526966618560071e-16,7.321335388741421e-16,7.321335388741421e-16,7.321335388806045e-16,7.32133538870911e-16,7.321335388806045e-16,7.321335388806045e-16,7.321335388773733e-16,7.321335388838357e-16,7.321335388838357e-16,7.321335388579863e-16,7.525086482482282e-17]"
27.100000000000115,sqp_rti,0,"[0.12992050404114103,0.10172009741154064,0.1073248224769037]",2.6991783521346706,0.02603226713836193,"[-2.980232227667301e-09,4.3753091819032086e-07,0.00016319145845286598,0.005339652728753308,0.05610263366072915,0.14031105012381567,0.21087309137462001,0.259238019379233,0.27859139348201617,0.31386673009920224,0.4572854259830919,0.5720154556146644,0.6456030496668352,0.6809020551554699,0.6874301620723096,0.6788994286544667,0.6832311445728514,0.7285979678021481,0.8119490965797371,0.9362179763673779,1.1188198889734202]","[null,1.0241873331247162e-15,1.0212702311477217e-15,1.028621531255321e-15,1.0442375850822571e-15,1.0507874839454369e-15,1.0173974130500313e-15,1.0169451760189686e-15,1.0264360313682975e-15,1.075795461457717e-15,1.0236539973935437e-15,1.0259019087363308e-15,1.025628293035044e-15,1.0242329233166552e-15,1.0155497407142044e-15,1.323953775581993e-15,0.004740944198226497,1.837534787110641e-15,1.0033049740639955e-15,1.035075633553048e-15,1.0487764998573569e-16]"
27.200000000000117,sqp_rti,0,"[0.08078941607576559,0.7525352356444,0.07843060002785077]",2.706528982947894,0.026257973164319992,"[-2.980232227667301e-09,0.001182889507062912,0.04674018071454428,0.09834945615021234,0.13863436057621464,0.20920474447250897,0.3203656975113381,0.4137733409613643,0.49281170845357575,0.5565377527379496,0.5899645854535167,0.6486408413368581,0.6796021788620894,0.7069178955285806,0.7031540032153998,0.5088705904720612,null,0.009635000620931422,0.3010218288990572,0.7614889151640554,0.7355621987950911]","[null,1.9985141994956215e-15,2.010402416182187e-15,2.0134627789007133e-15,2.019304556003403e-15,2.020621712793114e-15,2.0139422944258293e-15,2.0140753521982357e-15,2.013218977140998e-15,2.010364620845971e-15,2.006740684117509e-15,1.9986238197257567e-15,2.0093075992468027e-15,2.0087183542584742e-15,1.9935045240580454e-15,1.993773055939599e-15,1.9940646356353398e-15,1.9937730557748092e-15,1.993773055787734e-15,1.993773056253023e-15,2.0191720136606456e-16]"
27.300000000000118,sqp_rti,0,"[0.07983539979832935,0.39717855915727984,0.08000329077391181]",2.712532565751407,0.024970099329948425,"[-2.980232227667301e-09,8.639308973767967e-08,0.002269969384451953,0.10489353314133326,0.3750629802434389,0.40923134798879063,0.4887599178657041,0.49716473901527963,0.3915375719712458,0.33388647483998285,0.31274849332654214,0.3222692434970796,0.3416335274029059,0.3559857866427059,0.3657035048200193,0.38128995731177256,0.42364335005509873,0.4640998716249783,0.5043429684195331,0.5813618513902739,0.6865921141217626]","[null,9.40933268215948e-13,9.350050451375602e-13,9.36868762201876e-13,9.325963191908776e-13,9.408613287479045e-13,9.350351173501122e-13,9.410056805293132e-13,9.410056805310354e-13,9.410056805268801e-13,9.410056805279723e-13,9.410056805288512e-13,9.410056805296073e-13,9.410056805283826e-13,9.41005680528263e-13,9.41005680530848e-13,9.410056805260691e-13,9.410056805306832e-13,9.410056805306962e-13,9.410056805311614e-13,9.538744955949018e-14]"
27.40000000000012,sqp_rti,0,"[0.16341569827768665,0.0057349974762062605,0.11718079420072786]",2.7279429435519007,0.022393157705664635,"[-2.980232227667301e-09,9.567047661623862e-05,0.02024324568956476,0.09849226475678635,0.1793815490401965,0.2584564131272547,0.3423870338621285,0.45691849168994453,0.5436081395246635,0.6027396464410877,0.6382806860404091,0.6547342220644603,0.6568752810615155,0.6539466231486661,0.65775231856513,0.6784400526105834,0.7249122595089605,0.7980226207568932,0.9022210553018588,1.0453978114800797,1.2193982678111908]","[null,5.619921795676071e-16,5.621609570926644e-16,5.88818782054082e-16,5.569749025728461e-16,5.711176006393104e-16,5.81022291696139e-16,5.576125134384383e-16,5.573570962373092e-16,5.569344606334862e-16,5.549679243532595e-16,5.520315694179281e-16,5.532163651733402e-16,8.641056759756369e-16,1.9479614241575478e-15,5.584061755196545e-16,5.724219806131031e-16,5.608347303095419e-16,5.595739609746225e-16,5.569318607046546e-16,5.634364891110904e-17]"
27.50000000000012,sqp_rti,0,"[0.08169618973932118,0.8626560830245624,0.08286047096528715]",2.736203538686174,0.02374068833887577,"[-2.980232227667301e-09,0.02527282249616003,0.10145223511191542,0.1677323156235218,0.28678976718880983,0.3748284070203621,0.50733204116407,0.6103529942068355,0.6830337877445884,0.7459284695965713,0.8328038405209053,0.7405956843451535,0.5629911342706471,0.37389640053364986,null,0.2962824252402612,0.6440283886941927,0.46921937912435113,0.40949297131807577,0.4326992089129032,0.4614016173155931]","[null,4.124738524854537e-09,4.1229742147000235e-09,4.1255595402862644e-09,4.1234943449879956e-09,4.124254819465516e-09,4.123963011057887e-09,4.126828088355684e-09,4.129744372662563e-09,4.1320276495777614e-09,4.12542136080829e-09,4.124920198743087e-09,4.1262500774487655e-09,4.125949487215038e-09,4.12594948721505e-09,4.125949487215028e-09,4.125949487215046e-09,4.127449586242822e-09,4.126127637030469e-09,4.1436655334545455e-09,4.1301247405920646e-10]"
27.600000000000122,sqp_rti,0,"[0.08671034710251861,0.39327821236887894,0.08645367373251775]",2.7424091726918003,0.018523305654525757,"[-2.980232227667301e-09,null,null,0.000421820602786227,0.1897852992582159,0.5537995422821893,0.3759551456649433,0.34325397062349056,0.34972665239054807,0.363228221587314,0.36992153773006536,0.39040976272835054,0.4283993523889869,0.49535862861794727,0.5326971506659575,0.5306160993270204,0.5369943950701106,0.5592469070503057,0.5877513242157775,0.5825077593879928,0.5752548451495041]","[null,2.2065688464310467e-10,2.206568846431179e-10,2.249267028039927e-10,2.2196644286704737e-10,2.2065688464311543e-10,2.2065688464310633e-10,2.2065688464311543e-10,2.2065688464309806e-10,2.2065688464311212e-10,2.2065688464311543e-10,2.2065688464311295e-10,2.2065688464310137e-10,2.2065688464311046e-10,2.206568846431088e-10,2.2065688464311377e-10,2.2065688464310467e-10,2.2065688464310633e-10,2.2065688464311212e-10,2.548385552107683e-10,2.2129743382381472e-11]"
27.700000000000124,sqp_rti,0,"[0.0770034578455141,0.12449962233969991,0.06697925465312637]",2.75215435824167,0.01744784414768219,"[-2.980232227667301e-09,0.013525972652839113,0.11734503846214822,0.23578707598025056,0.14263316879667604,0.3210191470081856,0.3277938760038975,0.24650341450318153,0.04351846102333551,null,0.15218544020028696,0.2787603186978565,0.35893734431332264,0.49840550266028744,0.5226381194619278,0.42176095264699215,0.32631133475538193,0.2595856059741422,0.21019016049426292,0.17144655763932254,0.1901980922245537]","[null,1.7007859525463136e-11,1.6946848521966237e-11,1.7436382108584192e-11,1.6868409518182508e-11,1.6956036802513956e-11,1.7006885457195345e-11,1.693986655721534e-11,1.7132851835586985e-11,1.6798397564338242e-11,1.690374237226169e-11,1.6928779086085578e-11,1.772245221152338e-11,1.7289303638924507e-11,1.6986964901588652e-11,1.6898205980111398e-11,1.6897801859110694e-11,1.6896648298234275e-11,1.6952470773720415e-11,1.6948580628605888e-11,1.706600982238709e-12]"
27.800000000000125,sqp_rti,0,"[0.07595670987495261,0.30732545774843506,0.0661322353749961]",2.757915970042764,0.017555400729179382,"[-2.980232227667301e-09,0.008792261705655557,0.06023618186657825,0.10800452863017612,0.06333793175150221,-2.980232227667301e-09,0.06336426187852312,0.1323727652876741,0.1290576865774689,0.17210235488098108,0.1823472062261871,0.1505762740518975,null,null,0.00826081937778761,0.05157788397483004,0.09136385973410982,0.1297942349580417,0.16967985544000258,0.2189787299185902,0.23801820708535076]","[null,1.8220842760847627e-11,1.7884255688795753e-11,1.938623672413324e-11,1.8533502744155362e-11,1.807628919765902e-11,1.8788660380654788e-11,1.810862002946594e-11,1.7996791934823957e-11,1.7932690028983528e-11,1.8257309436094958e-11,1.7980879936354e-11,1.8076289200906532e-11,1.8076289200919767e-11,1.822472799444492e-11,1.7810278038355208e-11,1.814311657458919e-11,1.8020562159696117e-11,1.8050807683522927e-11,1.8147500674772185e-11,1.7898679797953405e-12]"
27.900000000000126,sqp_rti,0,"[0.049152890438458066,0.4702054588354694,0.05944218640508585]",2.7630932788746794,0.01634388417005539,"[-2.980232227667301e-09,0.01632324992756723,0.09728762220988224,0.19091542402074851,0.07086319644235745,0.22019601362036384,0.1867383116720383,0.19725514169744401,0.08699225508792169,-2.980232227667301e-09,0.18555470175506344,0.15976984564691038,0.07892528696524154,0.00018514532000396544,0.33847745725746564,0.36810112244404253,0.5387176351210428,0.5056276210729009,0.5174837884337691,0.5699995072226549,0.5384521548274186]","[null,2.8186763504994004e-14,2.820639797793183e-14,2.8349168694027277e-14,2.7950782478555408e-14,2.791023530352989e-14,2.800860103243086e-14,2.772287103780835e-14,2.7486944682289065e-14,2.803376660875876e-14,2.7851753833718322e-14,2.7385955189140295e-14,2.8126872854575427e-14,2.8212010457883614e-14,2.7956579230159098e-14,2.7845705665110477e-14,2.803376661203194e-14,2.803376661203194e-14,2.803376661203194e-14,2.803376661203194e-14,2.7962842342287676e-15]"
28.000000000000128,sqp_rti,0,"[0.06696557315546162,0.18320180951174347,0.06032772839162775]",2.769028146802239,0.014609578996896744,"[-2.980232227667301e-09,0.00024186916675239534,0.022220362358773837,0.07683729093476616,0.06030611391668189,-1.7453430367631029e-09,0.047540901754108245,0.1514905911911953,0.2029790767433866,0.2448497020517209,1.1648974290734415e-07,0.09267244971712502,0.18954966443463378,0.31005333582670574,0.0015939565069514328,0.2183814230814079,0.36627531593594115,0.41725965156061734,0.4790589925696061,0.5841830645536639,0.737834042758984]","[null,7.787710169121638e-12,8.250582281483062e-12,8.371244676077275e-12,8.027803259304147e-12,7.782699802974001e-12,7.916691566000925e-12,8.047511071097174e-12,7.962374278737967e-12,8.038784189148009e-12,7.763723995954148e-12,7.876663594468433e-12,7.902890838714122e-12,7.895862154731387e-12,7.966678416097993e-12,7.854205114011646e-12,7.870101161523495e-12,8.179386595411977e-12,8.005249413262863e-12,7.74528507360207e-12,7.94528802769711e-13]"
28.10000000000013,sqp_rti,0,"[0.03595961743484574,0.4399695573936701,0.054222506036321075]",2.774263938295614,0.014020644128322601,"[-2.980232227667301e-09,0.021229715654652648,0.09129105439494795,0.1544371379781076,0.07212613279814378,0.17066266612233322,0.09070037944487269,0.17468432152538754,0.11975256032979759,0.005088742079092878,-2.980232227667301e-09,0.0790009297451249,0.17199793104191202,0.011208747887498316,0.1464632420413608,0.16228236105336863,0.18528413251293047,0.2074149991438901,0.2704276642960373,0.30793717506219737,0.33335303758733376]","[null,1.2642985799695862e-15,1.2597479204374395e-15,1.2672275013138647e-15,1.2646393934876977e-15,1.26543417005908e-15,1.2632702491848942e-15,1.2632021389264614e-15,1.2671133166009431e-15,1.2733320758006569e-15,1.2695259695221008e-15,1.2646125026990136e-15,1.267089922799078e-15,1.2721326362051357e-15,1.2643461140391959e-15,1.2630477483179224e-15,1.2719773463834162e-15,1.2654013886749158e-15,1.2560627267291615e-15,1.2750991460096977e-15,1.2790790348348011e-16]"
28.20000000000013,sqp_rti,0,"[0.060699753545662524,0.17319489340446154,0.05528157938136847]",2.7802161593590253,0.01268400251865387,"[-2.980232227667301e-09,-6.039420047398991e-09,0.0026818728823421734,0.04653890186722337,0.08785961360323996,0.009916318406406444,0.025729922313598774,0.10022627521005917,0.19755315355783126,0.2087865945110437,-2.980232227667301e-09,0.05934838046458851,0.13458403751628795,0.029517024027229166,null,0.11944595580436329,0.1782566564560824,0.21169475476324068,0.19008223385461492,0.17368689796800468,0.17197862121150714]","[null,2.6575385139942072e-14,2.5890668154730646e-14,2.6596961181291715e-14,2.6474576777730895e-14,2.637918578841596e-14,2.6642494823932872e-14,2.663975851385928e-14,2.6576990038706916e-14,2.6597575372386495e-14,2.6575441910811234e-14,2.6631230096174288e-14,2.678290329070186e-14,2.6603617821596166e-14,2.6575441910759535e-14,2.648678269951748e-14,2.6776742642717323e-14,2.6246723091920046e-14,2.6815937114523897e-14,2.703221935010823e-14,2.6867979173258576e-15]"
28.300000000000132,sqp_rti,0,"[0.040167002941517996,0.44582985256040747,0.05771138085841997]",2.786305453235636,0.012232188135385513,"[-2.980232227667301e-09,0.02843493914770151,0.09399608626203176,0.14616730009688866,6.020768372749785e-08,0.1351875788227062,-2.980232227667301e-09,0.14225110157719884,0.12767197659060942,-2.980232227667301e-09,-2.980232227667301e-09,0.04765076638459648,0.1347003610045306,null,0.10291465409697481,0.15916000688998794,0.19088529168238894,0.20383563408044908,0.20835717720655894,0.2035229638411849,0.20153676136512894]","[null,5.5924915634947205e-12,5.5889881803329224e-12,5.632383268705153e-12,5.7238725641705686e-12,5.670108338869375e-12,5.725096083226708e-12,5.680005492423833e-12,5.676443350110985e-12,5.7250960832268925e-12,5.725096083226644e-12,5.722446658537951e-12,5.665190867911416e-12,5.725096082614149e-12,5.683668621065316e-12,5.663745108190849e-12,5.6651292005461986e-12,5.679621804751207e-12,5.720526679980815e-12,5.6978431605426084e-12,5.778599863417265e-13]"
28.400000000000134,sqp_rti,0,"[0.055985331595960273,0.30908196348991074,0.05221504673911084]",2.791602133552611,0.01116945967078209,"[-2.980232227667301e-09,0.0038799978496467102,0.08787032451047311,0.19642934645539328,0.17597009137469116,-2.980232227667301e-09,0.10031624402815426,-2.980232227667301e-09,0.003154611095354032,0.11898589838204715,0.16937878939757384,0.1664920066538514,0.1724134000295095,0.21005433026483616,0.16563580944724948,0.1899596336376888,0.21058672885222124,0.23506335064964007,0.23984780442434045,0.24368052764036358,0.23952052957256137]","[null,6.147871272270174e-14,6.024228921373149e-14,6.511247575906395e-14,5.982360179598935e-14,5.853685956552435e-14,5.759836405158438e-14,5.853685956551465e-14,6.04722326144412e-14,5.79165669598346e-14,5.782382023680084e-14,5.750642631975877e-14,5.845361704595007e-14,5.742931801533144e-14,5.697463412456971e-14,5.742001852961592e-14,5.806450561791833e-14,5.727987767955008e-14,5.759798026680246e-14,5.758220424389648e-14,5.926994813779347e-15]"
28.500000000000135,sqp_rti,0,"[0.02795323944316872,0.39934907851283885,0.03492733063217748]",2.7979378767498324,0.010540004819631577,"[-2.980232227667301e-09,0.061509182278624064,0.14868713965847463,0.19853348274126575,-2.980232227667301e-09,0.17721443309993817,-2.980232227667301e-09,0.1222477038422099,0.21736650721379364,-2.9802316170446375e-09,null,0.13762737721303325,0.21683690400961525,0.11776430266574495,0.20536154859925376,0.25402252635153105,0.27181091550546627,0.2785608588233906,0.2762720660857923,0.27209654135875,0.2674784600105696]","[null,1.9338911927216342e-11,1.938645596085221e-11,1.997426465477978e-11,1.9612970261651606e-11,1.9545922534171986e-11,1.9612970261650785e-11,1.9497371905804464e-11,1.949635004931044e-11,1.961297026165133e-11,1.961297026125746e-11,1.9479953063010705e-11,1.941217818414417e-11,1.9535496667985803e-11,1.948198166982245e-11,1.9409805085695147e-11,1.9393614930725355e-11,1.9382295319403094e-11,1.9171865765361823e-11,1.9844112640802983e-11,1.9549467503286133e-12]"
28.600000000000136,sqp_rti,0,"[0.046620404067895374,0.33414375861296797,0.0412080055152398]",2.8010749697211503,0.00975986197590828,"[-2.980232227667301e-09,-2.980232227667301e-09,0.011807783762045443,0.12138918945678229,0.21157123406159145,-2.980232227667301e-09,0.157006824378837,0.1520790719361756,0.055422423291962286,null,0.15316329057854433,null,0.033653101316485856,0.16154779837927152,0.1691286333240825,0.2055562296211207,0.22385532107622624,0.23804937927922581,0.24981295884102367,0.25416068839716105,0.259161231774139]","[null,8.747664421482331e-13,8.808845200109122e-13,8.731847808712182e-13,9.051636659241621e-13,8.747664421482008e-13,8.614089346414967e-13,8.589335435905626e-13,8.613501037377269e-13,8.747664423077174e-13,8.605323385242094e-13,8.747664423078014e-13,8.502630873477158e-13,8.555241984071914e-13,8.482210248132175e-13,8.707343810898272e-13,8.693327337188951e-13,8.46119882758446e-13,8.531040719161947e-13,8.461167024804074e-13,8.683322124671299e-14]"
28.700000000000138,sqp_rti,0,"[0.02326706775306001,0.23533700598446833,0.03751869060336732]",2.8048051985276268,0.009195800870656967,"[-2.980232227667301e-09,0.05699144964654296,0.14387508850378056,0.1843787592893918,0.02184974686234825,0.02828080851471243,-2.980232227667301e-09,0.0548638014930532,0.15444561434306509,null,null,0.07367920284308555,0.1702766702727388,0.17266426155476183,0.20656125742692383,0.2178184078020678,0.23525176690363453,0.2459947717688607,0.2502233998331363,0.25204772098958445,0.2526409785672861]","[null,2.979670138810257e-12,2.9873269894303853e-12,2.9012796175093906e-12,3.0912674450956257e-12,2.976188034103137e-12,2.975138959910185e-12,2.9820821019075647e-12,2.980959499083287e-12,2.9751389599469074e-12,2.975138959946943e-12,2.9765403173020193e-12,2.9717061994354717e-12,2.968422323962777e-12,2.961482974908625e-12,3.05541940868599e-12,2.9590959072863467e-12,2.959890493949946e-12,2.8759182976161914e-12,3.0567256526659566e-12,3.0081315639114073e-13]"
28.80000000000014,sqp_rti,0,"[0.043740592035569695,0.30703690395858996,0.0416057087649389]",2.8080801409419056,0.008816909044981003,"[-2.980232227667301e-09,-2.980232227667301e-09,-2.980232227667301e-09,0.07319028418623647,0.15772632908852274,null,0.08021288089723272,0.14115051282651053,0.13848897666404697,0.17624544431112527,0.22472793649057793,0.09487707902945602,0.1297147463835529,0.17809573776249438,0.1943340710097317,0.20734400126819424,0.2239361329654102,0.23366763673282592,0.23953896478250486,0.23866294804192806,0.2379064646935934]","[null,1.2506944389951863e-10,1.250694438995183e-10,1.2304075149459713e-10,1.231974769655759e-10,1.250694439085704e-10,1.2273473140964532e-10,1.2271623650390474e-10,1.2230409110679488e-10,1.2209913606002613e-10,1.216296922767733e-10,1.2396380817691476e-10,1.2194510899682868e-10,1.21701582824872e-10,1.2231163453377522e-10,1.2503461429291406e-10,1.2186047767690983e-10,1.2185049872374272e-10,1.2208979907308061e-10,1.2202095916564307e-10,1.2451743128107159e-11]"
28.90000000000014,sqp_rti,0,"[0.025873946025511255,0.32011321895115463,0.028598396423605905]",2.8127178802140373,0.008412033319473267,"[-2.980232227667301e-09,0.06180967015734212,0.15257039027847413,0.16885442248230192,-2.980232227667301e-09,0.08504742746246025,-2.980232227667301e-09,0.04046980486044022,0.1604934976737809,0.20902530687225324,0.18576130483976955,0.150291613613949,0.19583404863546577,0.1874751331627465,0.20958706984177128,0.22466412918812467,0.2414563063645801,0.2476353496073898,0.24837502693786534,0.24588271674829515,0.2421558858305602]","[null,5.030278251309469e-11,5.072214248012824e-11,4.9754666471676274e-11,5.092134276579257e-11,5.0666481722155425e-11,5.092134276579058e-11,5.064468473929418e-11,5.0771804763452115e-11,5.061884012261583e-11,5.0745462774732615e-11,5.084421900168136e-11,5.069310471940127e-11,5.071907262726816e-11,5.059166623638805e-11,5.0910317856466584e-11,5.0311644173300126e-11,5.0341699925950976e-11,5.0975633416831065e-11,5.075151435591342e-11,5.072339864846819e-12]"
29.000000000000142,sqp_rti,0,"[0.02883462777474051,0.34979182463371983,0.029353233416706308]",2.816050586608546,0.008019108325242996,"[-2.980232227667301e-09,0.00130386618442363,-2.980232227667301e-09,0.05263030134208152,0.13627337870456985,0.01434617462302229,0.07367715825491389,0.15200654136464636,0.04989088279065329,0.140832061222757,0.19630496403572978,0.02859879719520181,0.12894155964751947,0.18164437991543708,0.20660281911489592,0.2169504969391028,0.21963109567031297,0.2207676350057753,0.22129069737036816,0.22235583742397652,0.22396329550569832]","[null,1.1521297624192703e-10,1.1948749057541638e-10,1.1751585621879507e-10,1.1712242526359253e-10,1.1825191627736077e-10,1.182103989302542e-10,1.1708176130648e-10,1.1772245083483996e-10,1.176112958668363e-10,1.1588282096834415e-10,1.1915193664771303e-10,1.175767402724218e-10,1.170643550495503e-10,1.1655945198842167e-10,1.1861302180489962e-10,1.184463503089699e-10,1.1758477534018898e-10,1.1740811388364096e-10,1.1799934007269797e-10,1.1869085025579276e-11]"
29.100000000000144,sqp_rti,0,"[0.02704455063067584,0.2953291979680158,0.027790465291487126]",2.818926028287541,0.0076285675168037415,"[-2.980232227667301e-09,0.028174341333149056,0.11346433767844105,0.14154947798870127,0.17316213078487125,0.1768855597588413,null,0.036715863001536786,0.10876671763217588,0.16245140748433046,0.10527774859531008,0.15856389840188428,0.18387896035289658,0.19162122475856763,0.20363780368105183,0.2086550829855341,0.21446140529542818,0.21861201711940198,0.22056053482813526,0.22163297379383523,0.2226674032233376]","[null,3.5610248556579624e-11,3.563588451015159e-11,3.5759101766142806e-11,3.5626429261150934e-11,3.576590906737325e-11,3.567826569165237e-11,3.562109318447134e-11,3.569063583156722e-11,3.5619778268300546e-11,3.557250539489461e-11,3.57056163319238e-11,3.562984981109148e-11,3.5503168735174916e-11,3.5842024763211616e-11,3.601209500474007e-11,3.543697400699041e-11,3.5412197781227555e-11,3.543680315834727e-11,3.5527123900612957e-11,3.5647456258991522e-12]"
29.200000000000145,sqp_rti,0,"[0.024945458562373714,0.30700631512769,0.029609300550326425]",2.82120422554233,0.007328514009714127,"[-2.980232227667301e-09,0.023210391113953233,0.03673519112819862,0.1324116812456751,0.19431442984630537,-2.980232227667301e-09,0.051324695571143775,0.13729440113111196,0.022648606270607996,0.10959380421032422,0.1648866076382916,0.1540880654690298,0.18190717798190975,0.19746172861559758,0.2018447339729093,0.20473401921768614,0.20780258015366188,0.20899473695826815,0.20963642943746025,0.2098561230584302,0.20994962993162575]","[null,6.726280286407316e-12,6.6714010342084054e-12,6.692036776663469e-12,6.687277945018646e-12,6.695074071350868e-12,6.6865306308356766e-12,6.683783642316308e-12,6.692724096608208e-12,6.688372783342569e-12,6.687453627208434e-12,6.6888142986557625e-12,6.685830630840882e-12,6.680195305971846e-12,6.714287122072492e-12,6.716962005566067e-12,6.777482019862088e-12,6.6176484742911055e-12,6.640971687944829e-12,6.652825048570643e-12,6.695700338644059e-13]"
29.300000000000146,sqp_rti,0,"[0.028125580820507687,0.2815167725977953,0.02391314774541622]",2.824827237719652,0.007044769823551178,"[-2.980232227667301e-09,0.017630563779317765,0.10189971449524365,0.08950125136813797,0.0918978643178548,0.09953942819826694,null,0.016674378564520975,0.09055696932155827,0.13814445595032226,0.13337289596609453,0.17207886155192115,0.1890290146401526,0.19749598762404902,0.20073731287989888,0.2021898582078066,0.20430480721350436,0.20593882636380273,0.20646855324724173,0.2067834366608004,0.20753903598337048]","[null,5.268322727529222e-11,5.2668279433012616e-11,5.281715343137736e-11,5.2885231164762853e-11,5.2734911008967756e-11,5.280817152577009e-11,5.276753195092786e-11,5.2722407674081294e-11,5.2716106513393306e-11,5.270306767143367e-11,5.2734884708268395e-11,5.268609029483931e-11,5.2671068023637054e-11,5.291139131199806e-11,5.2954947870437326e-11,5.2694458959007226e-11,5.2462550932969495e-11,5.2511382222456414e-11,5.2518063845249407e-11,5.27203034737119e-12]"
29.400000000000148,sqp_rti,0,"[0.02167521762729336,0.27549384469483923,0.024870964871555976]",2.8270193331611857,0.006820686161518097,"[-2.980232227667301e-09,0.029760082783465702,0.02610856383184129,0.10872999355195817,0.1676033719285968,null,0.04177950324651364,0.11731565644957415,0.08078396398782389,0.13572555759913457,0.1721481071439797,0.18196754454226466,0.19410888653829944,0.19947405679825608,0.20027901415528931,0.20109083182132254,0.2017122589079044,0.20173440180371643,0.2014884409935192,0.2014052499862487,0.20165386857748474]","[null,8.969330934153283e-10,8.326807520718864e-10,8.99397328364254e-10,9.139243033742581e-10,9.113671125835952e-10,8.981293921225029e-10,8.981471195951198e-10,8.998955246547641e-10,8.993317635936706e-10,8.991579497428374e-10,8.976033487314751e-10,8.952784325085795e-10,9.001504676147201e-10,9.01150757377541e-10,9.01850245970365e-10,8.972302580936071e-10,8.959039182118069e-10,8.973508952942548e-10,8.97483919651255e-10,9.132665569219089e-11]"
29.50000000000015,sqp_rti,0,"[0.026640949329371263,0.2518060555862067,0.02518418913312489]",2.8291469693162363,0.0066212862730026245,"[-2.980232227667301e-09,0.006004170218836091,0.07663887016383059,0.04750301331827417,0.045037862978536236,0.06644342977992751,0.019197854476403375,0.07048287006206949,0.12844807448329193,0.1586207832126803,0.17303912733831767,0.189747790332288,0.1972420036601406,0.1995739583882255,0.19975014496135374,0.2000570054069975,0.2004495897229049,0.20039896172954103,0.20009506433622165,0.2002367007731401,0.20137469257409252]","[null,1.491851232378295e-10,1.52386514399577e-10,1.5117376578273054e-10,1.5013154544068082e-10,1.5255035073287733e-10,1.5111088364617212e-10,1.520270260487359e-10,1.5290746970413077e-10,1.5247409657215295e-10,1.5198281290540307e-10,1.5167207195746912e-10,1.5161115007304544e-10,1.5328620960917625e-10,1.5296609176679037e-10,1.5272287482187064e-10,1.515291810515588e-10,1.5192525410238151e-10,1.5217130432565716e-10,1.5217550247305455e-10,1.5503162825656766e-11]"
29.60000000000015,sqp_rti,0,"[0.02000841255003797,0.252484193649822,0.025568510224749933]",2.8312817151543044,0.006471864879131317,"[-2.980232227667301e-09,0.02364639498075577,0.010026019779213524,0.07741673099694851,0.13474329365160714,0.027720692583181272,0.09467821455593112,0.1392067903486492,0.14851101826995433,0.1724012329967522,0.1888494149922451,0.19572587874751407,0.1993349648222676,0.19962106476709068,0.19981879420811027,0.20003880446318761,0.20000012007623696,0.1993453477754919,0.19878356537833214,0.19887795783714496,0.20003081650052296]","[null,1.0314859361161213e-10,1.036106294107604e-10,1.0346142643787608e-10,1.0349939386458149e-10,1.0376238235987455e-10,1.035588414258652e-10,1.0364055778347854e-10,1.0349135945878088e-10,1.0350039645715786e-10,1.0344693746397623e-10,1.0309476739154938e-10,1.0370059544811458e-10,1.0346934034046218e-10,1.0375556758851796e-10,1.0322661978684921e-10,1.0286799555399485e-10,1.0307285053311347e-10,1.03122760812827e-10,1.0301322859354124e-10,1.0435918093566975e-11]"
29.700000000000152,sqp_rti,0,"[0.024653327387360674,0.23291400252824587,0.02522589684261606]",2.833343767545,0.006339810788631439,"[-2.980232227667301e-09,0.003026674906576876,0.05484482306569732,0.045121234106130725,0.062118948454266854,0.09923665885780936,0.1074323867108376,0.13873406889925094,0.16602371824993584,0.1816445316116571,0.19119430788481112,0.19741696705923745,0.199272140576835,0.19939748953411113,0.1995753576233142,0.19976137187823256,0.19941571606348135,0.19862303397444664,0.1981101091702236,0.19847433709254575,0.20026429492922732]","[null,7.004476042595654e-10,6.751719265293339e-10,6.858833308053752e-10,6.915733029910244e-10,6.771048620720784e-10,6.845357776849283e-10,6.835420159848536e-10,6.823064393867474e-10,6.83177787254445e-10,6.823190122235015e-10,6.824604736278697e-10,6.842456800283787e-10,6.820905634887739e-10,6.813101867276449e-10,6.745933845434131e-10,6.748402481306214e-10,6.74880256952202e-10,6.747400488321206e-10,6.742648980511691e-10,6.807050178311476e-11]"
29.800000000000153,sqp_rti,0,"[0.02239243466624428,0.257421733560153,0.01890110807240162]",2.8369039161257437,0.0062463730573654175,"[-2.980232227667301e-09,0.01525910484360865,0.018211669676674813,0.0746124511273692,0.12086706010376674,0.11028339935156312,0.14559156814426616,0.16764047073251193,0.17983185589480116,0.19055186315736422,0.19706770919691224,0.19941520588214418,0.19958907488136363,0.19968466627105103,0.1998088476555971,0.1997065038323001,0.1988340140932337,0.19782453770578529,0.19730335522115255,0.19783356379863265,0.1999183594978547]","[null,1.9081421898325017e-09,1.933858281858243e-09,1.911421201292673e-09,1.9096653324087046e-09,1.9250494110807062e-09,1.913491300416303e-09,1.914677629437606e-09,1.9165436645248184e-09,1.915230353508693e-09,1.9143432538000727e-09,1.9153997128611875e-09,1.9198090332402325e-09,1.9203735336199122e-09,1.9089963421772045e-09,1.907140556192522e-09,1.907295871985478e-09,1.9072329564406065e-09,1.907124998349388e-09,1.9065469418803443e-09,1.922170971616976e-10]"
29.900000000000155,sqp_rti,0,"[0.021927662486757003,0.28106351531624185,0.018561856650664187]",2.838966304712536,0.0061684101819992065,"[-2.980232227667301e-09,0.007313596998763938,0.04920023059017781,0.0742281547880353,0.10372327489980365,0.13366855840184827,0.15248648243514112,0.169656781303911,0.18261013815691457,0.1911590712647609,0.19634998465750614,0.19866095793660038,0.19890217631068624,0.19917475993464678,0.19937970544054978,0.19875628681420993,0.19767290904332385,0.19670547010708433,0.19641721603227752,0.19738409335733992,0.20017481022606703]","[null,4.187263326240489e-09,4.215225981200719e-09,4.2138167490361105e-09,4.22161912629799e-09,4.21146113963095e-09,4.220678347544507e-09,4.212924158384169e-09,4.1994153880112505e-09,4.197495921456637e-09,4.212648340210708e-09,4.240135670150482e-09,4.243982283590568e-09,4.232222616438472e-09,4.2155462744442025e-09,4.20598024243845e-09,4.200882025015596e-09,4.2011219230946245e-09,4.205161100069214e-09,4.208802948671195e-09,4.3197454868147494e-10]"
30.000000000000156,sqp_rti,0,"[0.021000420829699086,0.2779328260680354,0.018004045190646856]",2.8410068372954225,0.006106168031692505,"[-2.980232227667301e-09,0.005885963383390813,0.03336279642741574,0.07099414906813878,0.10432239085588152,0.13028013930366172,0.15174959307274777,0.16815809402092158,0.18035858560004386,0.18899600661550126,0.19465080005861496,0.19786486227498729,0.1990649684917301,0.19934177252019653,0.19888117286536372,0.1977764479207494,0.19648243231609258,0.1955154023414643,0.19537536257343363,0.19663250308062602,0.19988781939102013]","[null,1.1706660306511946e-14,1.1682413872591506e-14,1.1696325358083114e-14,1.169584142847345e-14,1.1692803054290019e-14,1.169285843651357e-14,1.169102799169711e-14,1.1688872168769255e-14,1.1686545030119097e-14,1.1678017664888957e-14,1.1682487830810074e-14,1.1702771950482377e-14,1.1698785954053302e-14,1.1690343309488681e-14,1.1685658040212353e-14,1.1684853407716117e-14,1.1686014298630373e-14,1.16848239733212e-14,1.166814093481481e-14,1.1804291138329752e-15]"
30.100000000000158,sqp_rti,0,"[0.0207903008135681,0.2592774344761746,0.017449794245333695]",2.8430477259297975,0.006063241511583328,"[-2.980232227667301e-09,0.0036299155825572638,0.02744176403314641,0.060244885124558334,0.09134409376527658,0.11754870467052997,0.1386181490661585,0.1549657988003162,0.1672783243501968,0.17622697887418043,0.18240793067304112,0.18634653539308915,0.1885292758260249,0.18940758272092922,0.18942979512416686,0.18900958213398128,0.1886222800002429,0.18877977381704342,0.19004700591312657,0.19308801129675573,0.19868343872713085]","[null,5.002188224255726e-15,4.970956164655877e-15,4.96509125641671e-15,4.977362270596661e-15,4.980998502699307e-15,4.980514201995739e-15,4.976875016237921e-15,4.969826464861364e-15,4.962260974612413e-15,4.957305647306301e-15,4.951726975095338e-15,4.942980314875631e-15,4.933307579121069e-15,4.923545719411792e-15,4.9128806474397915e-15,4.90016441456547e-15,4.885040751720856e-15,4.864145786463143e-15,4.83086975571146e-15,5.056610081836882e-16]"
30.20000000000016,sqp_rti,0,"[0.02054285095604253,0.24194419826006353,0.016732412260369967]",2.8450723014602066,0.006041571497917175,"[-2.980232227667301e-09,0.0027291404250345264,0.022831491640382506,0.05200228682231228,0.08031230073409718,0.10454334807367333,0.12416651215594926,0.13950011321052785,0.1511269306088579,0.15961855006100195,0.16552498674491006,0.16934808097127246,0.17151080467886431,0.17244581399355213,0.1725156519342413,0.17210521085958136,0.17159141881300216,0.1713752242718954,0.17188996128354433,0.1736543741114261,0.17723891346696236]","[null,7.512120796132638e-13,7.487648951431752e-13,7.47078533206055e-13,7.475061626283795e-13,7.475807561074929e-13,7.476071171793286e-13,7.476097203219896e-13,7.47351629085383e-13,7.467459540699107e-13,7.464228594409536e-13,7.464322087979957e-13,7.462275638054238e-13,7.457182008039815e-13,7.4493334939552e-13,7.439927362475293e-13,7.430320133153148e-13,7.420454679515305e-13,7.408561230044117e-13,7.385552737913172e-13,7.610734498506714e-14]"
30.30000000000016,sqp_rti,0,"[0.02026134054788456,0.2256059613189421,0.015857598348962873]",2.847081133797972,0.00604015588760376,"[-2.980232227667301e-09,0.00188082058587008,0.018080097547998275,0.04314473085256482,0.06823911835512037,0.09013555268758183,0.10811458188684925,0.12234131408971366,0.1332521701260106,0.14134326406372538,0.14707663609091953,0.15087903224826676,0.15316916874318737,0.1542929497053372,0.15457393712639417,0.1543336719039637,0.15388085944841806,0.1535247790422652,0.15359780656094274,0.15447998266557478,0.15661334704582403]","[null,1.682754428690554e-12,1.6483386903415188e-12,1.670639496127596e-12,1.6712719096417011e-12,1.671707085185427e-12,1.6714513833858546e-12,1.6705806246738266e-12,1.6683929216296538e-12,1.6656808568467665e-12,1.6650013457222652e-12,1.668328440978124e-12,1.6740978941169844e-12,1.6793909140758432e-12,1.68154237098209e-12,1.6797490783269906e-12,1.676229278060332e-12,1.6731896554938528e-12,1.670444499818331e-12,1.6588513116298136e-12,1.8500009933203285e-13]"
30.400000000000162,sqp_rti,0,"[0.01749922784745953,0.20951409764033055,0.020996927123358308]",2.8475950666754124,0.006057538092136383,"[-2.980232227667301e-09,0.0011821957752638501,0.013532284459588706,0.034307171695407146,0.055984316006122026,0.07539569804891927,0.09163388617841833,0.10469564747670718,0.11486956242108165,0.12253922623078922,0.1281065388939851,0.13191954925990218,0.13434664976486205,0.13568692604124594,0.13622571295020408,0.13623138168799614,0.13594964690411332,0.13563523994715326,0.13553827649386535,0.13593764958496452,0.13714781244959867]","[null,9.50018867310328e-16,9.437182722374823e-16,9.44979188648992e-16,9.45079490191926e-16,9.450140974027512e-16,9.449754135776221e-16,9.449322908686815e-16,9.446548743952647e-16,9.444542385065157e-16,9.451510613481923e-16,9.462584973180244e-16,9.47117836127854e-16,9.476838173496945e-16,9.47937435164804e-16,9.477217185585666e-16,9.470566878867456e-16,9.461689552752095e-16,9.451268948013074e-16,9.439798356652125e-16,9.641468588486712e-17]"
30.500000000000163,sqp_rti,0,"[0.01746184346891644,0.19464656990838577,0.019051667897526176]",2.8494968544817336,0.006087128072977066,"[-2.980232227667301e-09,0.0001761214487366325,0.005578686891645479,0.019977751365783558,0.03823617610778102,0.05612623457282312,0.07183015959330846,0.0848276944526461,0.09518444564448175,0.10316219277827515,0.10910595274284135,0.11334820319749,0.11621739679283466,0.1179973170316771,0.11896480095986633,0.11934916028684911,0.11937396347715251,0.11925985814763679,0.11920267380097799,0.11941199509647121,0.1201200783550938]","[null,9.792441893302878e-12,1.0339510855898748e-11,1.0194758581026021e-11,1.0149054732430507e-11,1.015896155675889e-11,1.0167708651383352e-11,1.0173435023059367e-11,1.0179280157089439e-11,1.0190294212699847e-11,1.0212527381771952e-11,1.0245871318269881e-11,1.02876511634195e-11,1.0345211736917297e-11,1.0409713832675317e-11,1.0451378992794638e-11,1.0464453262122667e-11,1.0461259728243057e-11,1.0443149419568541e-11,1.0423944368071827e-11,1.0882570836583991e-12]"
30.600000000000165,sqp_rti,0,"[0.01751688486251523,0.18196002840693337,0.017275989036326166]",2.85141560032452,0.006128445267677307,"[-2.980232227667301e-09,0.00011666776335200746,0.004151628749380631,0.015600994683864056,0.030764334755745193,0.046099965668255305,0.059903088313554786,0.07157078773029185,0.08104760486270096,0.08849028321042313,0.09415386667728215,0.09830771476312777,0.10122521476213536,0.1031479051267084,0.1043135578888375,0.10491848884011717,0.10516467006190028,0.10522028041385384,0.10525264484187319,0.10542816021985218,0.10591266465628452]","[null,1.1603712084379985e-13,1.2054181159287614e-13,1.1949530311976152e-13,1.1938763330846037e-13,1.19400419557805e-13,1.1933302311829395e-13,1.1930783283311503e-13,1.1932308716035603e-13,1.1937873254984336e-13,1.19491506909455e-13,1.1962782012840008e-13,1.1966545067622766e-13,1.195338417635003e-13,1.1922716999186656e-13,1.186571014597918e-13,1.1783075368680068e-13,1.1704772846927596e-13,1.1677747843531056e-13,1.178404811967235e-13,1.236762352666301e-14]"
30.700000000000166,sqp_rti,0,"[0.017563891872165137,0.1703826350223614,0.015500697509903604]",2.853334384900784,0.0061815232038497925,"[-2.980232227667301e-09,6.466195361901073e-05,0.002812764067292417,0.01138290044715512,0.023409667059287653,0.0360721859928404,0.0478228823382672,0.0580076722853356,0.06646363026655139,0.07325551770080169,0.07854424060576976,0.08252824984867929,0.08542845076280231,0.08743726037589,0.08875628822153986,0.08955140165661818,0.0899896506623648,0.09021432142843439,0.09036087986579205,0.09056573447398081,0.09095982848004242]","[null,8.111072812893533e-16,8.160804607040477e-16,8.152074470606535e-16,8.152859840341051e-16,8.144458912614371e-16,8.141169980331067e-16,8.139497174787759e-16,8.136130417992005e-16,8.130702414997709e-16,8.124330533137782e-16,8.119103760051312e-16,8.118025214243253e-16,8.122706699400923e-16,8.129086746050484e-16,8.130536411997985e-16,8.124366983497709e-16,8.113075481004527e-16,8.104793463463582e-16,8.118332567287767e-16,8.197652429804439e-17]"
30.800000000000168,sqp_rti,0,"[0.01758506420549581,0.15977136060474034,0.0137016223973725]",2.8552507911184346,0.006245702505111694,"[-2.980232227667301e-09,3.2332175398330776e-05,0.0017804886417314703,0.007864455109834634,0.016983692972897313,0.027031463873865402,0.03667820074666467,0.045280238913346704,0.052603125006602636,0.05861825495242884,0.06342087087720999,0.06713732585037208,0.06992621220234768,0.07194707567550013,0.07334817109504926,0.07427645787412801,0.07485779805618337,0.07522372328924903,0.07548071127032757,0.07573708480213598,0.07609366180925009]","[null,2.1660222350140595e-11,2.2083107460911054e-11,2.1999108891707606e-11,2.1970350745595955e-11,2.198043243667113e-11,2.1985043221629185e-11,2.1981754365154063e-11,2.1970074746078326e-11,2.1951278047511212e-11,2.1931913935472715e-11,2.192655680562652e-11,2.1955006132794316e-11,2.2024254593090676e-11,2.2110021996292772e-11,2.2178329573146564e-11,2.2210826523484164e-11,2.220665243639874e-11,2.218454784433121e-11,2.217536546941732e-11,2.210205350293184e-12]"
30.90000000000017,sqp_rti,0,"[0.015079169419184937,0.14910038358854563,0.01804560417231793]",2.855685189295931,0.00632050633430481,"[-2.980232227667301e-09,1.412356742913623e-05,0.0010324373025472622,0.0050667490655652014,0.011603237408846223,0.019193131929027996,0.026778099425315116,0.03375849822450122,0.039872513852437674,0.04502712482338894,0.04923747428329578,0.05258853097239041,0.05517895007907542,0.057123631421277576,0.05853962643325589,0.05953524483088729,0.060212659136728075,0.06067582001761879,0.06101622255481659,0.06131592907259603,0.06165799140195177]","[null,8.725554344615474e-16,8.808101671914936e-16,8.818606755705188e-16,8.793870242087228e-16,8.7900036380126375e-16,8.789576144480475e-16,8.789820833035968e-16,8.788146104685476e-16,8.784418569446642e-16,8.780323348160378e-16,8.779013883510591e-16,8.784015812362957e-16,8.796185013456651e-16,8.811357149912341e-16,8.823961910712394e-16,8.830819551414362e-16,8.831663850658939e-16,8.829193867765612e-16,8.826229961499103e-16,8.789121976603067e-17]"
31.00000000000017,sqp_rti,0,"[0.015294722762232198,0.13925972017504168,0.015382733631893812]",2.8575152159707957,0.006400972604751587,"[-2.980232227667301e-09,2.903717705726727e-07,0.0001677188252487416,0.0016511949597999842,0.005242063835839528,0.010384152313812234,0.016170622341591223,0.021909607313649826,0.027188923956006417,0.03181326655840594,0.03571727785227524,0.038917686058305645,0.04146798123838097,0.04345145599530015,0.044957834548136344,0.04606855791109582,0.046866846407920104,0.04744893178482884,0.04787667030385806,0.04822282589038168,0.04855190925092928]","[null,7.545847731068147e-16,7.56358956280717e-16,7.610073919992368e-16,7.59014997817186e-16,7.5884831945034105e-16,7.600864026590276e-16,7.606443258492321e-16,7.607327007660521e-16,7.606718860015152e-16,7.606911900834914e-16,7.610263279341416e-16,7.618926017260606e-16,7.632544011109267e-16,7.647380069445826e-16,7.6591791974621e-16,7.66502382166876e-16,7.664646124344849e-16,7.661246861580532e-16,7.657459052889324e-16,7.641079545266559e-17]"
31.100000000000172,sqp_rti,0,"[0.01560222196092153,0.13101940156378253,0.012959333066819552]",2.8593691896431945,0.006487082690000534,"[-2.980232227667301e-09,1.482529911889241e-07,9.867795771059673e-05,0.0010314638338282944,0.003432972490961028,0.007056630104646022,0.011317555117222267,0.015697652840929888,0.01985964195744644,0.023605260208990952,0.026850284617670195,0.02957644533026277,0.03180174613579717,0.033579882230338864,0.034961621946188626,0.03601848311768735,0.03680644337440314,0.037392797893153695,0.03783229839529839,0.0381790311676678,0.038486763023041715]","[null,2.1748530073019052e-12,2.1763087169722543e-12,2.1809719133503894e-12,2.1827171235820668e-12,2.1809356920787114e-12,2.1816130006182203e-12,2.182331502853144e-12,2.1823431787190157e-12,2.1820588296096976e-12,2.181870607801457e-12,2.1820466870474677e-12,2.1827322758733545e-12,2.1838264158958244e-12,2.184986205092688e-12,2.1858418211604963e-12,2.186140170439136e-12,2.1858832712859658e-12,2.185371688180437e-12,2.184838741125689e-12,2.1843789033103132e-13]"
31.200000000000173,sqp_rti,0,"[0.013364095815597225,0.12297810215302976,0.016793174224750983]",2.8597525737589873,0.006579458713531494,"[-2.980232227667301e-09,5.7633658234745866e-08,4.9012667414860545e-05,0.0005670925973387253,0.002015505509243287,0.004347757363141025,0.007236724051328747,0.010340037269519098,0.013397029529609139,0.016240611847312902,0.018775063284421745,0.020961596894829182,0.022798245081289192,0.024299878495239124,0.02550255269952012,0.026444505019887654,0.02716896440449973,0.02771909293865421,0.028135526653921883,0.028459870625197337,0.028730979798987033]","[null,2.20625891738478e-11,2.2095047817749423e-11,2.212027707189521e-11,2.215485183057896e-11,2.2152087243595164e-11,2.2140899661595258e-11,2.2138165286679017e-11,2.2138514857328317e-11,2.213864585896828e-11,2.21389266507751e-11,2.214087827118019e-11,2.2145352942430887e-11,2.215159859536503e-11,2.2157595513824187e-11,2.216123493728315e-11,2.216122850521208e-11,2.2158002466582557e-11,2.2153383011661053e-11,2.2148839474282785e-11,2.2140320747116278e-12]"
31.300000000000175,sqp_rti,0,"[0.013814802872199664,0.11518737320499452,0.013688427430807096]",2.8615384128084993,0.006674502044916153,"[-2.980232227667301e-09,-1.0057651961270508e-08,2.8609126917766847e-06,9.945301969307985e-05,0.0005919156765484268,0.0016967287032836897,0.0033594880332986077,0.0053776090608719795,0.007536231496863277,0.009665518261759598,0.011650354239331417,0.013426495230200619,0.014964785792417612,0.016258599062450696,0.01732362114693481,0.018176838819654872,0.018853155300683266,0.01937378583023347,0.019768964391581545,0.02006995620108115,0.02030325076998879]","[null,1.5467062166543274e-15,1.548258586461438e-15,1.5485321467028497e-15,1.5500784974074485e-15,1.5524791784628214e-15,1.5527895493271662e-15,1.551593543755802e-15,1.5508145389951541e-15,1.5507191096041893e-15,1.551002110050804e-15,1.5514362392419967e-15,1.5519233985428204e-15,1.5523886474415736e-15,1.5527365279610926e-15,1.5528763612829876e-15,1.5527718871114642e-15,1.5524778393898878e-15,1.552109610986626e-15,1.5517647453110263e-15,1.5509050137947774e-16]"
31.400000000000176,sqp_rti,0,"[0.01433559109118042,0.10878128935953481,0.010881218401162239]",2.8633540056344406,0.006772346794605255,"[-2.980232227667301e-09,-7.380937111500785e-09,1.5708695689786722e-06,5.426857552226494e-05,0.00033211333442789703,0.0009862168441901464,0.0020192945798658823,0.00333048537771391,0.0047886766057628205,0.00627735347423003,0.007708370994969738,0.00902382579313682,0.01019195825721192,0.011198576224246193,0.012045203575479502,0.0127400480008662,0.013296975247856058,0.013734097189489536,0.014069858355549247,0.014324634238951195,0.0145174504072772]","[null,1.0983606155911317e-14,1.099262701394451e-14,1.0993276289391215e-14,1.0998721458409168e-14,1.1012276175629306e-14,1.1023146129879891e-14,1.1021198619503386e-14,1.101365615400773e-14,1.100886211746665e-14,1.1008269605085822e-14,1.101030728867303e-14,1.1013224588911647e-14,1.1015840047283822e-14,1.1017454700782835e-14,1.1017741216750284e-14,1.1016752301939267e-14,1.1014897551499718e-14,1.1012748933873992e-14,1.1010789961924592e-14,1.100793593942683e-15]"
31.500000000000178,sqp_rti,0,"[0.012269224647064649,0.10237170668174243,0.01439044780429248]",2.8637049285747542,0.006874099373817444,"[-2.980232227667301e-09,-8.002310203369944e-09,6.751291508899637e-07,2.4544663950271106e-05,0.0001585570253391233,0.0004946265136607786,0.0010580992763867259,0.001811700717238518,0.0026895954603223804,0.0036234716179979753,0.004553738372485239,0.00543656523588415,0.006244744627811383,0.006958172800566598,0.007572480213729638,0.008088291546689608,0.008509743950932791,0.008846712492750097,0.009108580345901285,0.009304734756913124,0.00944980336151141]","[null,7.425632580674023e-14,7.432278829839007e-14,7.432188151547944e-14,7.433351870306756e-14,7.439371125050872e-14,7.448425675334317e-14,7.454638766148344e-14,7.454799651844323e-14,7.451546327081417e-14,7.448379700207418e-14,7.446608915228151e-14,7.445988030799496e-14,7.445824045388929e-14,7.445547133293414e-14,7.444875173612976e-14,7.44379447522053e-14,7.442470841043752e-14,7.441140137129732e-14,7.440007186999764e-14,7.439096128745157e-15]"
31.60000000000018,sqp_rti,0,"[0.012874164367588262,0.096286949504719,0.011002549430409252]",2.8654624524662706,0.00697675347328186,"[-2.980232227667301e-09,-2.92964014159125e-09,-1.2292120654677774e-09,1.6970549961414783e-06,2.3727241556664724e-05,0.00011442270237949081,0.0003201696006087662,0.0006548273969399498,0.0010996801368954867,0.0016194657264406165,0.002174533795700484,0.0027309003517793085,0.003261531567609055,0.003747640651945272,0.0041782314904444395,0.00454896043700731,0.004857900582311558,0.005108563712159342,0.005304309802337592,0.005451354405232867,0.005554820200883992]","[null,4.2342515397266896e-13,4.2340762763909264e-13,4.2376601744655384e-13,4.2373595335319316e-13,4.2374698202305336e-13,4.2396001746011074e-13,4.2436309482744434e-13,4.247722437711334e-13,4.2502278627467746e-13,4.2507187568076136e-13,4.249797603038148e-13,4.248213212027052e-13,4.246438698297689e-13,4.244681969014762e-13,4.2430236275758464e-13,4.241515987649217e-13,4.2402097669210033e-13,4.2391619544072496e-13,4.2384197437464405e-13,4.2333245505925046e-14]"
31.70000000000018,sqp_rti,0,"[0.011003884672614784,0.09085845558173683,0.014139193655364684]",2.865776116888767,0.007080748677253723,"[-2.980232227667301e-09,-2.9335649465167535e-09,-7.413003572098731e-09,7.710085582479653e-07,1.0606827282738651e-05,5.228427872838726e-05,0.00015123397877328526,0.0003202570297871077,0.0005560290091232711,0.0008435275981004131,0.0011629605323562608,0.0014937026415411947,0.0018191955258722303,0.002125706360149471,0.002404013746152567,0.002648080860321367,0.0028560597180991576,0.0030264902470252264,0.0031612650953894428,0.0032624749869419323,0.0033337902521760054]","[null,1.0196442130188356e-12,1.0196207656114565e-12,1.0205185971641589e-12,1.0204602407058366e-12,1.0204249695479143e-12,1.0207120696389374e-12,1.0215229090786016e-12,1.022695685188674e-12,1.023895457421521e-12,1.0248460284460944e-12,1.0254095411104967e-12,1.0255864137743216e-12,1.0254559290686769e-12,1.0251216832350912e-12,1.0246825691873464e-12,1.0242183203959463e-12,1.023790360084775e-12,1.0234464465472746e-12,1.0232217477818606e-12,1.0178696884071823e-13]"
31.800000000000182,sqp_rti,0,"[0.011800487161689127,0.08583967848110706,0.01044804594141689]",2.867503315846277,0.007184460759162903,"[-2.980232227667301e-09,-2.9802318390892424e-09,-2.4829489020383733e-09,2.4576127299891226e-08,8.261772493911579e-07,7.468812458777396e-06,3.13136561279348e-05,8.453483247991556e-05,0.00017363928770103287,0.00029729859797200664,0.0004483864606173449,0.0006167676618932805,0.0007919893117000476,0.000964641627618168,0.001126957376261617,0.0012740150353174884,0.001401965234428204,0.0015086644782711933,0.0015937061514635364,0.0016581858682072625,0.0017019848028477225]","[null,1.6655699297253598e-11,1.6655694830064548e-11,1.6652360044216763e-11,1.667615168735328e-11,1.6677283271296897e-11,1.6683027354551786e-11,1.6701026267197318e-11,1.6739545448457702e-11,1.6800501257638315e-11,1.687709809441735e-11,1.695807914227427e-11,1.7033077309879775e-11,1.7095515537084107e-11,1.7142888571068885e-11,1.717612302360025e-11,1.7197978678063628e-11,1.7211951385394372e-11,1.7221527928054774e-11,1.722978983668374e-11,1.6644970920645922e-12]"
31.900000000000183,sqp_rti,0,"[0.010095392791586468,0.08122770412431335,0.0133321732846165]",2.867791728580597,0.007288623601198196,"[-2.980232227667301e-09,-2.9802309509108227e-09,-7.190935735756909e-09,3.578241619672795e-09,3.4975902898914946e-07,3.001195666624268e-06,1.2688234599295134e-05,3.517717967480016e-05,7.463198281629224e-05,0.0001319894862863158,0.00020508301587518485,0.0002897745705781607,0.0003809663078024328,0.00047358266179570174,0.0005630342798420007,0.0006459962267765795,0.0007195521785846037,0.0007819169755857724,0.0008323830164211343,0.0008705021144466696,0.0008967683572874141]","[null,9.843930274309695e-12,9.843927604097734e-12,9.842663603589613e-12,9.84703629951605e-12,9.847065802420133e-12,9.84814574569512e-12,9.852244969056692e-12,9.861481933365763e-12,9.87667911516787e-12,9.89636854866394e-12,9.917077140701172e-12,9.934833104828835e-12,9.9468644312099e-12,9.952363751163046e-12,9.952206863861115e-12,9.948157349130584e-12,9.942131978829314e-12,9.935720750092657e-12,9.930007093152692e-12,9.95650862973585e-13]"
32.000000000000185,sqp_rti,0,"[0.011031376569980454,0.07664115102585112,0.009425736787874062]",2.86949739865983,0.007391814142465591,"[-2.980232227667301e-09,-2.980232227667301e-09,-2.946630300870723e-09,-8.934685019612587e-09,-9.446402465806969e-09,2.3046628819245463e-07,1.6064655708747377e-06,6.1600627750957315e-06,1.6355482132912602e-05,3.397924102327421e-05,5.9446341404173486e-05,9.19993163036592e-05,0.00012972881066775077,0.00017040159255327092,0.00021154979723325695,0.0002511001844902605,0.000287309254156487,0.0003187045129641741,0.00034445318357240184,0.00036397778383756574,0.00037721787895256265]","[null,1.3225767214634559e-14,1.3225767212182097e-14,1.3225748389978064e-14,1.3224110620790818e-14,1.318488068768676e-14,1.3181950760998151e-14,1.3186642554235046e-14,1.3194845013984116e-14,1.3206954823748936e-14,1.3223533359035546e-14,1.324567941244523e-14,1.3275042044729894e-14,1.3313480107855689e-14,1.3362320164150258e-14,1.3421194944442584e-14,1.3487319370532925e-14,1.3555745476760896e-14,1.3620396110381407e-14,1.367620715168829e-14,1.35788904033581e-15]"
32.100000000000186,sqp_rti,0,"[0.009445278034181163,0.07271381516444546,0.012129360160981536]",2.869767760997141,0.007494471967220306,"[-2.980232227667301e-09,-2.980232227667301e-09,-2.9386988953383764e-09,-9.283622537381575e-09,-5.9828401677286536e-09,8.430393039216e-08,5.346078687795686e-07,2.0887467563346362e-06,5.693195251121885e-06,1.2220668104162558e-05,2.206963291487285e-05,3.524822651129744e-05,5.1110134899751136e-05,6.879724195585357e-05,8.724526909520414e-05,0.00010547934234134138,0.0001225121680993868,0.00013757129295682846,0.000150151995025799,0.00015975976221271893,0.00016624382935029325]","[null,1.880357727160728e-12,1.8803577267413765e-12,1.880356273806366e-12,1.8802653443442985e-12,1.879089765094544e-12,1.8738737901813493e-12,1.8737878488317397e-12,1.8736756103342045e-12,1.8736303454491166e-12,1.8738127172057473e-12,1.874415977767675e-12,1.875616322442887e-12,1.877512341703357e-12,1.880070919768198e-12,1.883095416751549e-12,1.8862600671845485e-12,1.8892127737184304e-12,1.89168056515967e-12,1.893530909119623e-12,2.4110245000925494e-13]"
32.20000000000019,sqp_rti,0,"[0.01048318900153548,0.06895277122960845,0.008068881243793536]",2.871458026834327,0.007595881819725037,"[-2.980232227667301e-09,-2.980232227667301e-09,-2.9802291467984077e-09,-2.443642732607998e-09,-5.1844113446719575e-09,-1.0395931449025397e-08,2.874542914810263e-08,1.983276612382845e-07,7.673489457460381e-07,2.0493115419628616e-06,4.321715358440725e-06,7.78134729981228e-06,1.2368964695141926e-05,1.791017037866549e-05,2.4070554414307166e-05,3.0448687662470997e-05,3.6645706489424335e-05,4.229037187286622e-05,4.7077432661746244e-05,5.081941909235166e-05,5.3320691563052414e-05]","[null,7.796911896472843e-12,7.796911896473699e-12,7.796911875568654e-12,7.796904582488869e-12,7.796675082227125e-12,7.793974727187918e-12,7.776233887714945e-12,7.853187195305009e-12,7.867616255084091e-12,7.88926112339181e-12,7.917286775897163e-12,7.950114749721853e-12,7.987036587260816e-12,8.029756792998955e-12,8.081976698313447e-12,8.145632840543115e-12,8.216708218112556e-12,8.286299168843972e-12,8.345285862640525e-12,1.4068715514267045e-12]"
32.30000000000019,sqp_rti,0,"[0.0089800410168162,0.0653648943413617,0.010642164649838803]",2.871715355174932,0.007696721702814102,"[-2.980232227667301e-09,-2.980232227667301e-09,-2.9802248446841872e-09,-2.6490333815409883e-09,-1.1537626409818813e-09,-2.026312839742417e-09,1.4479029364355966e-09,6.092720417072428e-08,1.994487995871097e-07,5.27928838783831e-07,1.1930643295243737e-06,2.236398567945219e-06,3.6860950691774974e-06,5.483138031059376e-06,7.5652499730571865e-06,9.799595988041476e-06,1.2043840669662131e-05,1.4095978403905196e-05,1.588010777114901e-05,1.7288042795299274e-05,1.8261619616932734e-05]","[null,5.800004949311114e-13,5.800004949307269e-13,5.800004941687707e-13,5.800003306318904e-13,5.799962216646977e-13,5.799618734806737e-13,5.797870256334477e-13,5.791421666776902e-13,5.805187249753083e-13,5.806431296463139e-13,5.808521588461784e-13,5.811569748550037e-13,5.815696502258778e-13,5.821177215209364e-13,5.827995878936657e-13,5.835167980296724e-13,5.841399195912541e-13,5.846344190150722e-13,5.850247336730931e-13,5.983136576705215e-14]"
32.40000000000019,sqp_rti,0,"[0.008475666339076706,0.062082728795620934,0.010416969308617734]",2.872454572617682,0.007795862853527069,"[-2.980232227667301e-09,-2.980232227667301e-09,-2.980232227667301e-09,-2.980080959780196e-09,-2.6062825786432597e-09,-6.555711362654648e-09,-8.003878226858774e-09,-4.824006194503738e-10,2.170083085450969e-09,6.256504248014494e-08,1.4493579392205191e-07,2.8896055653815367e-07,5.29154079498273e-07,8.957698233447164e-07,1.3349343409851944e-06,1.8417868725972841e-06,2.3852704755800147e-06,2.8952629380907258e-06,3.3628904296256756e-06,3.7190414639287628e-06,3.954620053897573e-06]","[null,2.545413590859261e-11,2.545413590859057e-11,2.5454135908614436e-11,2.545413595662569e-11,2.5454140610957144e-11,2.5454224136237056e-11,2.545480831829978e-11,2.545702649548391e-11,2.546258837632482e-11,2.5474916555907924e-11,2.5549116956721073e-11,2.569359255267532e-11,2.5722323504832534e-11,2.5730404946877258e-11,2.5728664353848026e-11,2.574763678764121e-11,2.577306195646286e-11,2.576373807934329e-11,2.572155603829101e-11,2.7287776160862273e-12]"
32.50000000000019,sqp_rti,0,"[0.008786921016883617,0.05910548499937408,0.008441106245603385]",2.8735915630634103,0.007893215864896774,"[-2.980232227667301e-09,-2.980232227667301e-09,-2.980232227667301e-09,-2.9802314505111838e-09,-2.97393945580815e-09,-1.5222337834686073e-09,-9.843720810698287e-09,4.375536433176563e-09,-5.085788012948456e-09,4.061237041108612e-09,2.7482308484483298e-08,5.820323745187039e-08,8.843678525605192e-08,1.8169350074481727e-07,2.7054431078754604e-07,3.7770584221386017e-07,5.069266406920736e-07,6.271752367448258e-07,7.396678219917519e-07,8.650789281305915e-07,9.168105749857158e-07]","[null,3.2209622452836795e-11,3.220962245283641e-11,3.220962245283877e-11,3.220962245227963e-11,3.22096223450832e-11,3.2209619343593395e-11,3.220958831771372e-11,3.220942920875889e-11,3.220890105662462e-11,3.2207562464710307e-11,3.2204657287856406e-11,3.219887321650542e-11,3.218789461705482e-11,3.216726326652881e-11,3.21282686637818e-11,3.216641164484593e-11,3.2233210072882076e-11,3.228978635945774e-11,3.2330267483428983e-11,3.256582827668937e-12]"
32.60000000000019,sqp_rti,0,"[0.007946378893877188,0.055892562741828286,0.009437715925907218]",2.8740675601310954,0.007989183068275452,"[-2.980232227667301e-09,-2.980232227667301e-09,-2.980232227667301e-09,-2.9802321999117254e-09,-2.9799193113078104e-09,-2.8909869775883834e-09,9.673746248495263e-10,-4.501941847090407e-09,2.889028960506579e-09,3.510400414796777e-09,-7.579026350956752e-09,-7.049182793039677e-09,-3.1538396061403517e-09,2.8509621663452833e-08,3.3988403619344965e-08,5.752327564279014e-08,8.59190905644347e-08,1.1521733622732455e-07,1.4625542374413492e-07,1.4102887277434029e-07,1.7284302741837898e-07]","[null,9.251673133851804e-14,9.251673133854389e-14,9.251673133842757e-14,9.251673133887347e-14,9.251673131547977e-14,9.251673045064305e-14,9.251671995474213e-14,9.25166559275506e-14,9.251641471233296e-14,9.251575753851987e-14,9.251431791981182e-14,9.251158735404875e-14,9.25068965457384e-14,9.249945921127322e-14,9.24885620674925e-14,9.247397613677293e-14,9.245642182153441e-14,9.24378230804861e-14,9.242092248198856e-14,9.372785131645372e-15]"
32.700000000000195,sqp_rti,0,"[0.007660904990374405,0.05311170859559004,0.008935460421079204]",2.8748039337280664,0.008082665503025055,"[-2.980232227667301e-09,-2.980232227667301e-09,-2.980232227667301e-09,-2.980232227667301e-09,-2.9802318390892424e-09,-2.979798102709097e-09,-2.933268045124393e-09,-1.7011734243510546e-09,-3.3838277457842736e-09,-1.279670813758571e-09,2.5012070747898463e-09,-7.823692638186941e-09,-2.1692922458349528e-10,-5.994140350740196e-09,4.6370618456137436e-10,-1.8926700484644954e-09,-7.046181360603754e-09,-1.342568362039387e-09,3.008705884433027e-08,2.9345499003019526e-08,3.008384577563028e-08]","[null,8.128614152022474e-13,8.128614152022733e-13,8.12861415202157e-13,8.128614152017757e-13,8.128614152003023e-13,8.128614150203711e-13,8.12861410818901e-13,8.128613708506712e-13,8.128611588986221e-13,8.128604238991075e-13,8.128585494075632e-13,8.128547394877332e-13,8.128482350160331e-13,8.128385484331393e-13,8.128256630135182e-13,8.128101550291193e-13,8.127932222619426e-13,8.127765680756898e-13,8.127621678411112e-13,8.230232541764896e-14]"
32.800000000000196,sqp_rti,0,"[0.007623631354974835,0.05062795142273327,0.007967008359207077]",2.875640467003681,0.008174028247594833,"[-2.980232227667301e-09,-2.980232227667301e-09,-2.980232227667301e-09,-2.980232227667301e-09,-2.980232227667301e-09,-2.980228175353261e-09,-2.9794216815925978e-09,-2.9456305727926235e-09,-2.4290337241605897e-09,1.5296001409925708e-09,-9.732007005824883e-09,-8.956615199506857e-09,-8.836645165599677e-09,-1.0116164406159811e-08,-6.2102832598665e-09,-6.490566750727567e-09,-7.95330629133062e-09,6.740534519433794e-10,-7.168770715937356e-09,1.677121497234424e-10,-4.3456458154178534e-09]","[null,2.7360504538689383e-12,2.736050453868964e-12,2.736050453869675e-12,2.7360504538692937e-12,2.7360504538686475e-12,2.7360504538553932e-12,2.736050453355143e-12,2.736050446456353e-12,2.7360503980796837e-12,2.736050192379808e-12,2.7360495601816086e-12,2.736048084085289e-12,2.736045281873833e-12,2.7360407770013455e-12,2.7360344746047443e-12,2.736026659041873e-12,2.7360180045994186e-12,2.7360094663780504e-12,2.7360021014051578e-12,2.7716171483553576e-13]"
32.9000000000002,sqp_rti,0,"[0.007179134237923002,0.048297591801425004,0.008061665699376067]",2.8762277024899294,0.008263614028692245,"[-2.980232227667301e-09,-2.980232227667301e-09,-2.980232227667301e-09,-2.980232227667301e-09,-2.980232227667301e-09,-2.9802321999117254e-09,-2.980221319726084e-09,-2.979542196301921e-09,-2.96519434006548e-09,-2.8217721770307236e-09,-1.9852323118740856e-09,1.2843470731382922e-09,-4.214834453675209e-09,2.1109044789913156e-09,-3.2119862325430404e-09,-8.740214940683444e-10,-5.923573492827572e-09,-9.668859740630253e-09,-9.154598246130519e-09,-4.543198400819293e-09,-1.0333877892287902e-08]","[null,6.682784213558558e-12,6.6827842135585835e-12,6.682784213558467e-12,6.682784213558086e-12,6.68278421355744e-12,6.682784213557007e-12,6.682784213529904e-12,6.682784213002059e-12,6.682784208168177e-12,6.682784181985933e-12,6.682784085974892e-12,6.682783830031601e-12,6.682783272482684e-12,6.682782285196165e-12,6.682780780549687e-12,6.6827787913463705e-12,6.6827764726942315e-12,6.682774097012681e-12,6.682771992573476e-12,6.769247481137021e-13]"
33.0000000000002,sqp_rti,0,"[0.006934474385284652,0.04605518538936507,0.007631242097371246]",2.876893594516897,0.008351236581802368,"[-2.980232227667301e-09,-2.980232227667301e-09,-2.980232227667301e-09,-2.980232227667301e-09,-2.980232227667301e-09,-2.980232227667301e-09,-2.9802321999117254e-09,-2.980227981064232e-09,-2.980079155667781e-09,-2.9778553789494566e-09,-2.9600094042514513e-09,-2.8698936005433495e-09,-2.551010153117872e-09,-1.6982057426950803e-09,1.184146392052554e-10,3.315333868547654e-09,-6.8170795675115414e-09,-7.145755931414755e-10,-8.890096520053348e-09,-2.6113552153983477e-09,2.094693002385739e-09]","[null,1.146417519043306e-11,1.1464175190433086e-11,1.146417519043297e-11,1.1464175190433415e-11,1.1464175190432769e-11,1.146417519043275e-11,1.1464175190432944e-11,1.146417519042126e-11,1.146417519026467e-11,1.14641751891034e-11,1.1464175183597911e-11,1.1464175165153063e-11,1.1464175118086254e-11,1.1464175021764658e-11,1.1464174857904748e-11,1.146417463059779e-11,1.1464174333466294e-11,1.146417402222117e-11,1.1464173726124103e-11,1.1623337759852385e-12]"
33.1000000000002,sqp_rti,0,"[0.006857446147851799,0.04368637340779627,0.0068569263276404245]",2.8776257725294307,0.008436813950538635,"[-2.980232227667301e-09,-2.980232227667301e-09,-2.980232227667301e-09,-2.980232227667301e-09,-2.980232227667301e-09,-2.980232227667301e-09,-2.980232227667301e-09,-2.9802321999117254e-09,-2.980231061933125e-09,-2.980205804359315e-09,-2.979929747404242e-09,-2.9781352106628134e-09,-2.9703153270332905e-09,-2.945496013762039e-09,-2.884611549625049e-09,-2.7642519384585285e-09,-2.567070306325192e-09,-2.2948992428606374e-09,-1.9770558523646287e-09,-1.6674218117351813e-09,-1.4287274696656027e-09]","[null,1.6663141451139596e-13,1.666314145114218e-13,1.666314145113055e-13,1.666314145114412e-13,1.6663141451131195e-13,1.6663141451139596e-13,1.6663141451127964e-13,1.6663141451138304e-13,1.666314145113378e-13,1.6663141451132487e-13,1.6663141450855253e-13,1.6663141449845834e-13,1.666314144680336e-13,1.6663141439634677e-13,1.6663141425946777e-13,1.6663141404109208e-13,1.6663141374666748e-13,1.6663141340916487e-13,1.6663141308438016e-13,1.698614824163304e-14]"
33.2000000000002,sqp_rti,0,"[0.006490953251952953,0.04163093706294396,0.006843809579567037]",2.878175207313706,0.008519981056451797,"[-2.980232227667301e-09,-2.980232227667301e-09,-2.980232227667301e-09,-2.980232227667301e-09,-2.980232227667301e-09,-2.980232227667301e-09,-2.980232227667301e-09,-2.980232227667301e-09,-2.980232227667301e-09,-2.9802320333782717e-09,-2.9802293965985882e-09,-2.980207247649247e-09,-2.980087954185251e-09,-2.9796358713696236e-09,-2.9783504551517126e-09,-2.9754786690094903e-09,-2.9702766357608823e-09,-2.9624958042262506e-09,-2.9528185174765298e-09,-2.9429371994904585e-09,-2.935078069477015e-09]","[null,1.162151082506206e-13,1.1621510825064646e-13,1.1621510825053014e-13,1.1621510825056245e-13,1.162151082505366e-13,1.162151082506206e-13,1.162151082505043e-13,1.1621510825071108e-13,1.1621510825076924e-13,1.1621510825065292e-13,1.162151082505689e-13,1.162151082505043e-13,1.1621510825006485e-13,1.1621510824868837e-13,1.1621510824560583e-13,1.1621510824022915e-13,1.1621510823252603e-13,1.1621510822320733e-13,1.1621510821368183e-13,1.1898117034173262e-14]"
33.3000000000002,sqp_rti,0,"[0.006267933507506155,0.039662473791004446,0.006458289062319547]",2.8787761585694316,0.008600972592830658,"[-2.980232227667301e-09,-2.980232227667301e-09,-2.980232227667301e-09,-2.980232227667301e-09,-2.980232227667301e-09,-2.980232227667301e-09,-2.980232227667301e-09,-2.980232227667301e-09,-2.980232227667301e-09,-2.980232227667301e-09,-2.980232227667301e-09,-2.9802321166449985e-09,-2.9802313394888813e-09,-2.9802276757529e-09,-2.9802150747215705e-09,-2.9801822121200416e-09,-2.9801147105601444e-09,-2.980003022123867e-09,-2.9798528089486354e-09,-2.9796904110757083e-09,-2.97955612960088e-09]","[null,4.0298379851629985e-13,4.029837985163257e-13,4.0298379851631277e-13,4.029837985162417e-13,4.0298379851631923e-13,4.0298379851629985e-13,4.029837985162869e-13,4.029837985162869e-13,4.029837985163451e-13,4.0298379851633216e-13,4.0298379851624815e-13,4.029837985163903e-13,4.0298379851626107e-13,4.0298379851633216e-13,4.0298379851624815e-13,4.0298379851593795e-13,4.0298379851578286e-13,4.0298379851535634e-13,4.0298379851492983e-13,4.096542202870924e-14]"
33.400000000000205,sqp_rti,0,"[0.006408787014074637,0.03788711444780482,0.005240116452692452]",2.879560405270842,0.008679728955030441,"[-2.980232227667301e-09,-2.980232227667301e-09,-2.980232227667301e-09,-2.980232227667301e-09,-2.980232227667301e-09,-2.980232227667301e-09,-2.980232227667301e-09,-2.980232227667301e-09,-2.980232227667301e-09,-2.980232227667301e-09,-2.980232227667301e-09,-2.980232227667301e-09,-2.980232227667301e-09,-2.9802321999117254e-09,-2.9802321166449985e-09,-2.9802318946003936e-09,-2.9802313394888813e-09,-2.980230340288159e-09,-2.9802288692426515e-09,-2.9802272039081146e-09,-2.980225732862607e-09]","[null,3.181517232366911e-12,3.1815172323669367e-12,3.181517232366924e-12,3.1815172323668527e-12,3.1815172323669303e-12,3.181517232366911e-12,3.181517232366898e-12,3.181517232366898e-12,3.181517232366956e-12,3.1815172323669432e-12,3.181517232366859e-12,3.1815172323670014e-12,3.181517232366872e-12,3.1815172323665296e-12,3.181517232366859e-12,3.1815172323677898e-12,3.181517232367221e-12,3.181517232366381e-12,3.1815172323659545e-12,3.2430073617835174e-13]"
33.500000000000206,sqp_rti,0,"[0.005868800970091016,0.03632952811523814,0.00575436190585574]",2.879953339366582,0.008756641298532486,"[-2.980232227667301e-09,-2.980232227667301e-09,-2.980232227667301e-09,-2.980232227667301e-09,-2.980232227667301e-09,-2.980232227667301e-09,-2.980232227667301e-09,-2.980232227667301e-09,-2.980232227667301e-09,-2.980232227667301e-09,-2.980232227667301e-09,-2.980232227667301e-09,-2.980232227667301e-09,-2.980232227667301e-09,-2.980232227667301e-09,-2.980232227667301e-09,-2.980232227667301e-09,-2.980232227667301e-09,-2.9802321999117254e-09,-2.9802321999117254e-09,-2.9802321999117254e-09]","[null,1.4142749260522401e-11,1.4142749260522427e-11,1.4142749260522414e-11,1.4142749260522343e-11,1.414274926052242e-11,1.4142749260522401e-11,1.4142749260522388e-11,1.4142749260522388e-11,1.4142749260522446e-11,1.4142749260522433e-11,1.414274926052235e-11,1.4142749260522492e-11,1.4142749260527325e-11,1.4142749260523674e-11,1.4142749260524004e-11,1.4142749260524934e-11,1.4142749260524366e-11,1.4142749260526834e-11,1.4142749260529716e-11,1.441140280325194e-12]"
33.60000000000021,sqp_rti,0,"[0.005651454697287273,0.034814475271096254,0.005391773364534471]",2.8804940489340973,0.008831772953271866,"[-2.980232227667301e-09,-2.980232227667301e-09,-2.980232227667301e-09,-2.980232227667301e-09,-2.980232227667301e-09,-2.980232227667301e-09,-2.980232227667301e-09,-2.980232227667301e-09,-2.980232227667301e-09,-2.980232227667301e-09,-2.980232227667301e-09,-2.980232227667301e-09,-2.980232227667301e-09,-2.980232227667301e-09,-2.980232227667301e-09,-2.980232227667301e-09,-2.980232227667301e-09,-2.980232227667301e-09,-2.980232227667301e-09,-2.980232227667301e-09,-2.980232227667301e-09]","[null,3.0846212562078015e-11,3.084621256207804e-11,3.084621256207803e-11,3.0846212562077956e-11,3.0846212562078034e-11,3.0846212562078015e-11,3.0846212562078e-11,3.0846212562078e-11,3.084621256207806e-11,3.084621256207805e-11,3.084621256207796e-11,3.0846212562078105e-11,3.084621256207301e-11,3.084621256207929e-11,3.084621256207962e-11,3.084621256207724e-11,3.084621256207667e-11,3.084621256207583e-11,3.084621256207871e-11,3.136503826885349e-12]"
33.70000000000021,sqp_rti,0,"[0.005457509174414814,0.033458904130695875,0.005063540176012865]",2.8810164470704853,0.008905064314603806,"[-2.980232227667301e-09,-2.980232227667301e-09,-2.980232227667301e-09,-2.980232227667301e-09,-2.980232227667301e-09,-2.980232227667301e-09,-2.980232227667301e-09,-2.980232227667301e-09,-2.980232227667301e-09,-2.980232227667301e-09,-2.980232227667301e-09,-2.980232227667301e-09,-2.980232227667301e-09,-2.980232227667301e-09,-2.980232227667301e-09,-2.980232227667301e-09,-2.980232227667301e-09,-2.980232227667301e-09,-2.980232227667301e-09,-2.980232227667301e-09,-2.980232227667301e-09]","[null,5.746083914180356e-11,5.7460839141803586e-11,5.746083914180357e-11,5.74608391418035e-11,5.746083914180358e-11,5.746083914180356e-11,5.746083914180355e-11,5.746083914180355e-11,5.7460839141803606e-11,5.746083914180359e-11,5.746083914180351e-11,5.746083914180365e-11,5.746083914180187e-11,5.7460839141804833e-11,5.746083914180516e-11,5.7460839141802785e-11,5.7460839141805525e-11,5.7460839141804685e-11,5.746083914180426e-11,5.8254479372975496e-12]"
33.80000000000021,sqp_rti,0,"[0.005271298572979765,0.032015792786689916,0.004749140275529056]",2.881520816803841,0.008976727724075317,"[-2.980232227667301e-09,-2.980232227667301e-09,-2.980232227667301e-09,-2.980232227667301e-09,-2.980232227667301e-09,-2.980232227667301e-09,-2.980232227667301e-09,-2.980232227667301e-09,-2.980232227667301e-09,-2.980232227667301e-09,-2.980232227667301e-09,-2.980232227667301e-09,-2.980232227667301e-09,-2.980232227667301e-09,-2.980232227667301e-09,-2.980232227667301e-09,-2.980232227667301e-09,-2.980232227667301e-09,-2.980232227667301e-09,-2.980232227667301e-09,-2.980232227667301e-09]","[null,9.46963613053334e-11,9.469636130533342e-11,9.469636130533341e-11,9.469636130533333e-11,9.469636130533341e-11,9.46963613053334e-11,9.469636130533339e-11,9.469636130533339e-11,9.469636130533344e-11,9.469636130533344e-11,9.469636130533335e-11,9.469636130533349e-11,9.46963613053317e-11,9.469636130533468e-11,9.4696361305335e-11,9.469636130533262e-11,9.469636130533536e-11,9.469636130533452e-11,9.46963613053341e-11,9.56417665790263e-12]"
33.90000000000021,sqp_rti,0,"[0.005088742689668629,0.029611862104426317,0.00444517949698584]",2.8820076105833077,0.009046446532011032,"[-2.980232227667301e-09,-2.980232227667301e-09,-2.980232227667301e-09,-2.980232227667301e-09,-2.980232227667301e-09,-2.980232227667301e-09,-2.980232227667301e-09,-2.980232227667301e-09,-2.980232227667301e-09,-2.980232227667301e-09,-2.980232227667301e-09,-2.980232227667301e-09,-2.980232227667301e-09,-2.980232227667301e-09,-2.980232227667301e-09,-2.980232227667301e-09,-2.980232227667301e-09,-2.980232227667301e-09,-2.980232227667301e-09,-2.980232227667301e-09,-2.980232227667301e-09]","[null,6.1308702431711e-14,6.130870243168515e-14,6.130870243169807e-14,6.130870243172392e-14,6.130870243169807e-14,6.1308702431711e-14,6.130870243169807e-14,6.130870243169807e-14,6.130870243169807e-14,6.130870243169807e-14,6.130870243173685e-14,6.130870243169807e-14,6.130870243169807e-14,6.130870243172392e-14,6.1308702431711e-14,6.130870243173685e-14,6.1308702431711e-14,6.130870243174977e-14,6.130870243173685e-14,6.186903294879519e-15]"
34.00000000000021,sqp_rti,0,"[0.004917870902028021,0.02821181962243594,0.004155601588339055]",2.8824776138497845,0.009111903607845306,"[-2.980232227667301e-09,-2.980232227667301e-09,-2.980232227667301e-09,-2.980232227667301e-09,-2.980232227667301e-09,-2.980232227667301e-09,-2.980232227667301e-09,-2.980232227667301e-09,-2.980232227667301e-09,-2.980232227667301e-09,-2.980232227667301e-09,-2.980232227667301e-09,-2.980232227667301e-09,-2.980232227667301e-09,-2.980232227667301e-09,-2.980232227667301e-09,-2.980232227667301e-09,-2.980232227667301e-09,-2.980232227667301e-09,-2.980232227667301e-09,-2.980232227667301e-09]","[null,1.2257117606707331e-13,1.2257117606704746e-13,1.225711760670604e-13,1.2257117606708624e-13,1.225711760670604e-13,1.2257117606707331e-13,1.225711760670604e-13,1.225711760670604e-13,1.225711760670604e-13,1.225711760670604e-13,1.2257117606702161e-13,1.225711760670604e-13,1.225711760670604e-13,1.2257117606708624e-13,1.2257117606707331e-13,1.2257117606702161e-13,1.2257117606707331e-13,1.2257117606703454e-13,1.2257117606702161e-13,1.2385690716032627e-14]"
34.100000000000215,sqp_rti,0,"[0.004752482424079576,0.028018530721157273,0.003876234500648193]",2.882931595730571,0.009175218641757965,"[-2.980232227667301e-09,-2.980232227667301e-09,-2.980232227667301e-09,-2.980232227667301e-09,-2.980232227667301e-09,-2.980232227667301e-09,-2.980232227667301e-09,-2.980232227667301e-09,-2.980232227667301e-09,-2.980232227667301e-09,-2.980232227667301e-09,-2.980232227667301e-09,-2.980232227667301e-09,-2.980232227667301e-09,-2.980232227667301e-09,-2.980232227667301e-09,-2.980232227667301e-09,-2.980232227667301e-09,-2.980232227667301e-09,-2.980232227667301e-09,-2.980232227667301e-09]","[null,8.098294608858671e-11,8.098294608858668e-11,8.09829460885867e-11,8.098294608858672e-11,8.09829460885867e-11,8.098294608858671e-11,8.09829460885867e-11,8.09829460885867e-11,8.09829460885867e-11,8.09829460885867e-11,8.098294608858666e-11,8.09829460885867e-11,8.09829460885867e-11,8.098294608858672e-11,8.098294608858671e-11,8.098294608858666e-11,8.098294608858671e-11,8.098294608858667e-11,8.098294608858666e-11,8.147224299526563e-12]"
34.200000000000216,sqp_rti,0,"[0.004585426821389691,0.026903540240334957,0.0036029720551339246]",2.883369712005792,0.00923902913928032,"[-2.980232227667301e-09,-2.980232227667301e-09,-2.980232227667301e-09,-2.980232227667301e-09,-2.980232227667301e-09,-2.980232227667301e-09,-2.980232227667301e-09,-2.980232227667301e-09,-2.980232227667301e-09,-2.980232227667301e-09,-2.980232227667301e-09,-2.980232227667301e-09,-2.980232227667301e-09,-2.980232227667301e-09,-2.980232227667301e-09,-2.980232227667301e-09,-2.980232227667301e-09,-2.980232227667301e-09,-2.980232227667301e-09,-2.980232227667301e-09,-2.980232227667301e-09]","[null,8.689069104261265e-11,8.689069104261262e-11,8.689069104261264e-11,8.689069104261266e-11,8.689069104261264e-11,8.689069104261265e-11,8.689069104261264e-11,8.689069104261264e-11,8.689069104261264e-11,8.689069104261264e-11,8.68906910426126e-11,8.689069104261264e-11,8.689069104261264e-11,8.689069104261266e-11,8.689069104261265e-11,8.68906910426126e-11,8.689069104261265e-11,8.689069104261261e-11,8.68906910426126e-11,8.736159281391669e-12]"
34.30000000000022,sqp_rti,0,"[0.004145016838864049,0.0243263532371228,0.004018014269485902]",2.8836308225103333,0.009301111102104187,"[-2.980232227667301e-09,-2.980232227667301e-09,-2.980232227667301e-09,-2.980232227667301e-09,-2.980232227667301e-09,-2.980232227667301e-09,-2.980232227667301e-09,-2.980232227667301e-09,-2.980232227667301e-09,-2.980232227667301e-09,-2.980232227667301e-09,-2.980232227667301e-09,-2.980232227667301e-09,-2.980232227667301e-09,-2.980232227667301e-09,-2.980232227667301e-09,-2.980232227667301e-09,-2.980232227667301e-09,-2.980232227667301e-09,-2.980232227667301e-09,-2.980232227667301e-09]","[null,2.117960034039723e-13,2.1179600340394645e-13,2.117960034039723e-13,2.1179600340395937e-13,2.117960034039723e-13,2.117960034039723e-13,2.117960034039723e-13,2.117960034039723e-13,2.117960034039723e-13,2.117960034039723e-13,2.1179600340395937e-13,2.117960034039723e-13,2.117960034039723e-13,2.1179600340395937e-13,2.117960034039723e-13,2.1179600340395937e-13,2.117960034039723e-13,2.1179600340394645e-13,2.1179600340395937e-13,2.1253675066346748e-14]"
34.40000000000022,sqp_rti,0,"[0.0042669693704245745,0.024321526513169545,0.0030849120434489905]",2.8841722094008775,0.009357921779155731,"[-2.980232227667301e-09,-2.980232227667301e-09,-2.980232227667301e-09,-2.980232227667301e-09,-2.980232227667301e-09,-2.980232227667301e-09,-2.980232227667301e-09,-2.980232227667301e-09,-2.980232227667301e-09,-2.980232227667301e-09,-2.980232227667301e-09,-2.980232227667301e-09,-2.980232227667301e-09,-2.980232227667301e-09,-2.980232227667301e-09,-2.980232227667301e-09,-2.980232227667301e-09,-2.980232227667301e-09,-2.980232227667301e-09,-2.980232227667301e-09,-2.980232227667301e-09]","[null,6.035870304492854e-11,6.035870304492852e-11,6.035870304492854e-11,6.035870304492853e-11,6.035870304492854e-11,6.035870304492854e-11,6.035870304492854e-11,6.035870304492854e-11,6.035870304492854e-11,6.035870304492854e-11,6.035870304492853e-11,6.035870304492854e-11,6.035870304492854e-11,6.035870304492853e-11,6.035870304492854e-11,6.035870304492853e-11,6.035870304492854e-11,6.035870304492852e-11,6.035870304492853e-11,6.0719361109830984e-12]"
