Start perturbation: seed=42, pose=[0.07652358539877216, 0.7898000794687975, -1.5707963267948966], delta=[0.0015235853987721568, -0.005199920531202478, 0.0], clearance=0.028476 m, attempts=1
Start pose saved to /home/taek111/projects/psdf_mpcc/benchmark_runs/navigation_comparison_20260907_seed42/obca/data/start_pose_MPC_OBCA_rectangle_maze_startseed42.json
generating global path with A* + Line of Sight
시작 위치: [0.07652 0.7898 ]
목적지: [1.8  0.09]
도착 판정 기준: position <= 0.01m, angle <= 0.01rad

******************************************************************************
This program contains Ipopt, a library for large-scale nonlinear optimization.
 Ipopt is released as open source code under the Eclipse Public License (EPL).
         For more information visit https://github.com/coin-or/Ipopt
******************************************************************************

solver time:  0.369385
plant_input_stage0: full=[ 0.5     -0.36095], physical=[ 0.5     -0.36095]
solver time:  0.445885
plant_input_stage0: full=[0.44534 0.5    ], physical=[0.44534 0.5    ]
solver time:  0.471478
plant_input_stage0: full=[0.30261 0.5    ], physical=[0.30261 0.5    ]
solver time:  0.432078
plant_input_stage0: full=[0.17833 0.5    ], physical=[0.17833 0.5    ]
solver time:  0.448982
plant_input_stage0: full=[0.13987 0.5    ], physical=[0.13987 0.5    ]
solver time:  0.448038
plant_input_stage0: full=[0.08814 0.5    ], physical=[0.08814 0.5    ]
solver time:  0.536992
plant_input_stage0: full=[0.0578 0.5   ], physical=[0.0578 0.5   ]
solver time:  0.478664
plant_input_stage0: full=[0.09988 0.5    ], physical=[0.09988 0.5    ]
solver time:  0.361013
plant_input_stage0: full=[0.08639 0.5    ], physical=[0.08639 0.5    ]
solver time:  0.381556
plant_input_stage0: full=[0.07498 0.5    ], physical=[0.07498 0.5    ]
solver time:  0.397568
plant_input_stage0: full=[0.06554 0.5    ], physical=[0.06554 0.5    ]
solver time:  0.490976
plant_input_stage0: full=[0.0577 0.5   ], physical=[0.0577 0.5   ]
solver time:  0.36532
plant_input_stage0: full=[0.05166 0.5    ], physical=[0.05166 0.5    ]
solver time:  0.436493
plant_input_stage0: full=[0.04671 0.5    ], physical=[0.04671 0.5    ]
solver time:  0.385109
plant_input_stage0: full=[0.04279 0.5    ], physical=[0.04279 0.5    ]
solver time:  0.406418
plant_input_stage0: full=[0.03968 0.5    ], physical=[0.03968 0.5    ]
solver time:  0.435151
plant_input_stage0: full=[0.0372 0.5   ], physical=[0.0372 0.5   ]
solver time:  0.420503
plant_input_stage0: full=[0.03523 0.5    ], physical=[0.03523 0.5    ]
solver time:  0.414061
plant_input_stage0: full=[0.0337 0.5   ], physical=[0.0337 0.5   ]
solver time:  0.314481
plant_input_stage0: full=[0.03242 0.5    ], physical=[0.03242 0.5    ]
solver time:  0.328451
plant_input_stage0: full=[0.03143 0.5    ], physical=[0.03143 0.5    ]
solver time:  0.316303
plant_input_stage0: full=[0.05257 0.5    ], physical=[0.05257 0.5    ]
solver time:  0.294588
plant_input_stage0: full=[0.0922 0.5   ], physical=[0.0922 0.5   ]
solver time:  0.480931
plant_input_stage0: full=[0.09889 0.5    ], physical=[0.09889 0.5    ]
solver time:  0.323439
plant_input_stage0: full=[0.10162 0.5    ], physical=[0.10162 0.5    ]
solver time:  0.325505
plant_input_stage0: full=[0.10758 0.5    ], physical=[0.10758 0.5    ]
solver time:  0.343771
plant_input_stage0: full=[0.1177 0.5   ], physical=[0.1177 0.5   ]
solver time:  0.297613
plant_input_stage0: full=[0.13284 0.5    ], physical=[0.13284 0.5    ]
solver time:  0.271694
plant_input_stage0: full=[0.15583 0.5    ], physical=[0.15583 0.5    ]
solver time:  0.330013
plant_input_stage0: full=[0.19173 0.5    ], physical=[0.19173 0.5    ]
solver time:  0.296582
plant_input_stage0: full=[0.23316 0.5    ], physical=[0.23316 0.5    ]
solver time:  0.320195
plant_input_stage0: full=[0.16904 0.5    ], physical=[0.16904 0.5    ]
solver time:  0.331361
plant_input_stage0: full=[0.07083 0.5    ], physical=[0.07083 0.5    ]
solver time:  0.569907
plant_input_stage0: full=[-0.19259  0.42444], physical=[-0.19259  0.42444]
solver time:  0.412375
plant_input_stage0: full=[ 0.5     -0.04913], physical=[ 0.5     -0.04913]
solver time:  0.533629
plant_input_stage0: full=[0.44246 0.44322], physical=[0.44246 0.44322]
solver time:  0.505832
plant_input_stage0: full=[0.3056 0.5   ], physical=[0.3056 0.5   ]
solver time:  0.509541
plant_input_stage0: full=[0.24159 0.5    ], physical=[0.24159 0.5    ]
solver time:  0.603348
plant_input_stage0: full=[0.2292 0.5   ], physical=[0.2292 0.5   ]
solver time:  0.472541
plant_input_stage0: full=[0.18803 0.5    ], physical=[0.18803 0.5    ]
solver time:  0.461199
plant_input_stage0: full=[0.15236 0.5    ], physical=[0.15236 0.5    ]
solver time:  0.430731
plant_input_stage0: full=[0.12123 0.5    ], physical=[0.12123 0.5    ]
solver time:  0.451811
plant_input_stage0: full=[0.09818 0.5    ], physical=[0.09818 0.5    ]
solver time:  0.43645
plant_input_stage0: full=[0.08018 0.5    ], physical=[0.08018 0.5    ]
solver time:  0.418982
plant_input_stage0: full=[0.06641 0.5    ], physical=[0.06641 0.5    ]
solver time:  0.402356
plant_input_stage0: full=[ 0.06054 -0.5    ], physical=[ 0.06054 -0.5    ]
solver time:  0.402585
plant_input_stage0: full=[ 0.04825 -0.5    ], physical=[ 0.04825 -0.5    ]
solver time:  0.37215
plant_input_stage0: full=[ 0.03994 -0.5    ], physical=[ 0.03994 -0.5    ]
solver time:  0.394872
plant_input_stage0: full=[ 0.03435 -0.5    ], physical=[ 0.03435 -0.5    ]
solver time:  0.411651
plant_input_stage0: full=[ 0.03065 -0.5    ], physical=[ 0.03065 -0.5    ]
solver time:  0.480958
plant_input_stage0: full=[ 0.02703 -0.45499], physical=[ 0.02703 -0.45499]
solver time:  0.420969
plant_input_stage0: full=[ 0.01236 -0.01619], physical=[ 0.01236 -0.01619]
solver time:  0.413585
plant_input_stage0: full=[ 0.01543 -0.2081 ], physical=[ 0.01543 -0.2081 ]
solver time:  0.42705
plant_input_stage0: full=[ 0.00942 -0.06444], physical=[ 0.00942 -0.06444]
solver time:  0.423755
plant_input_stage0: full=[ 0.0108  -0.15815], physical=[ 0.0108  -0.15815]
solver time:  0.443517
plant_input_stage0: full=[ 0.00505 -0.00916], physical=[ 0.00505 -0.00916]
solver time:  0.362362
plant_input_stage0: full=[ 0.00782 -0.12709], physical=[ 0.00782 -0.12709]
solver time:  0.39609
plant_input_stage0: full=[0.00234 0.02157], physical=[0.00234 0.02157]
solver time:  0.376929
plant_input_stage0: full=[ 0.00583 -0.10549], physical=[ 0.00583 -0.10549]
solver time:  0.402223
plant_input_stage0: full=[0.00071 0.03769], physical=[0.00071 0.03769]
solver time:  0.384747
plant_input_stage0: full=[ 0.00447 -0.08934], physical=[ 0.00447 -0.08934]
solver time:  0.39777
plant_input_stage0: full=[-0.00025  0.04513], physical=[-0.00025  0.04513]
solver time:  0.423439
plant_input_stage0: full=[ 0.00352 -0.07672], physical=[ 0.00352 -0.07672]
solver time:  0.425104
plant_input_stage0: full=[-0.00079  0.04749], physical=[-0.00079  0.04749]
solver time:  0.375594
plant_input_stage0: full=[ 0.00284 -0.06656], physical=[ 0.00284 -0.06656]
solver time:  0.403643
plant_input_stage0: full=[-0.00106  0.04694], physical=[-0.00106  0.04694]
solver time:  0.395386
plant_input_stage0: full=[ 0.00234 -0.05819], physical=[ 0.00234 -0.05819]
solver time:  0.400281
plant_input_stage0: full=[-0.00117  0.04481], physical=[-0.00117  0.04481]
solver time:  0.387342
plant_input_stage0: full=[ 0.00197 -0.05119], physical=[ 0.00197 -0.05119]
solver time:  0.387228
plant_input_stage0: full=[-0.00119  0.04188], physical=[-0.00119  0.04188]
solver time:  0.365215
plant_input_stage0: full=[ 0.00168 -0.04525], physical=[ 0.00168 -0.04525]
solver time:  0.427168
plant_input_stage0: full=[-0.00116  0.03862], physical=[-0.00116  0.03862]
solver time:  0.428202
plant_input_stage0: full=[ 0.00145 -0.04015], physical=[ 0.00145 -0.04015]
solver time:  0.367782
plant_input_stage0: full=[-0.0011  0.0353], physical=[-0.0011  0.0353]
solver time:  0.384832
plant_input_stage0: full=[ 0.00126 -0.03572], physical=[ 0.00126 -0.03572]
solver time:  0.400053
plant_input_stage0: full=[-0.00102  0.03209], physical=[-0.00102  0.03209]
solver time:  0.40966
plant_input_stage0: full=[ 0.00111 -0.03185], physical=[ 0.00111 -0.03185]
solver time:  0.407245
plant_input_stage0: full=[-0.00094  0.02905], physical=[-0.00094  0.02905]
solver time:  0.435638
plant_input_stage0: full=[ 0.00098 -0.02845], physical=[ 0.00098 -0.02845]
solver time:  0.385089
plant_input_stage0: full=[-0.00086  0.02622], physical=[-0.00086  0.02622]
solver time:  0.396303
plant_input_stage0: full=[ 0.00087 -0.02544], physical=[ 0.00087 -0.02544]
solver time:  0.395686
plant_input_stage0: full=[-0.00078  0.02363], physical=[-0.00078  0.02363]
solver time:  0.381694
plant_input_stage0: full=[ 0.00078 -0.02277], physical=[ 0.00078 -0.02277]
solver time:  0.388867
plant_input_stage0: full=[-0.0007   0.02127], physical=[-0.0007   0.02127]
solver time:  0.420464
plant_input_stage0: full=[ 0.00069 -0.02039], physical=[ 0.00069 -0.02039]
solver time:  0.481936
plant_input_stage0: full=[-0.00064  0.01912], physical=[-0.00064  0.01912]
solver time:  0.405154
plant_input_stage0: full=[ 0.00062 -0.01827], physical=[ 0.00062 -0.01827]
solver time:  0.368766
plant_input_stage0: full=[-0.00057  0.01718], physical=[-0.00057  0.01718]
solver time:  0.528419
plant_input_stage0: full=[ 0.00055 -0.01638], physical=[ 0.00055 -0.01638]
solver time:  0.364315
plant_input_stage0: full=[-0.00052  0.01543], physical=[-0.00052  0.01543]
solver time:  0.385394
plant_input_stage0: full=[ 0.00049 -0.01468], physical=[ 0.00049 -0.01468]
solver time:  0.389823
plant_input_stage0: full=[-0.00046  0.01386], physical=[-0.00046  0.01386]
solver time:  0.444339
plant_input_stage0: full=[ 0.00044 -0.01317], physical=[ 0.00044 -0.01317]
solver time:  0.429926
plant_input_stage0: full=[-0.00042  0.01244], physical=[-0.00042  0.01244]
solver time:  0.409565
plant_input_stage0: full=[ 0.0004  -0.01181], physical=[ 0.0004  -0.01181]
solver time:  0.410948
plant_input_stage0: full=[-0.00037  0.01116], physical=[-0.00037  0.01116]
solver time:  0.427477
plant_input_stage0: full=[ 0.00036 -0.01059], physical=[ 0.00036 -0.01059]
solver time:  0.443148
plant_input_stage0: full=[-0.00034  0.01002], physical=[-0.00034  0.01002]
solver time:  0.376726
plant_input_stage0: full=[ 0.00032 -0.0095 ], physical=[ 0.00032 -0.0095 ]
solver time:  0.401842
plant_input_stage0: full=[-0.0003   0.00899], physical=[-0.0003   0.00899]
solver time:  0.406096
plant_input_stage0: full=[ 0.00029 -0.00852], physical=[ 0.00029 -0.00852]
solver time:  0.370391
plant_input_stage0: full=[-0.00027  0.00807], physical=[-0.00027  0.00807]
solver time:  0.344943
plant_input_stage0: full=[ 0.00026 -0.00765], physical=[ 0.00026 -0.00765]
solver time:  0.356364
plant_input_stage0: full=[-0.00024  0.00724], physical=[-0.00024  0.00724]
solver time:  0.353585
plant_input_stage0: full=[ 0.00023 -0.00686], physical=[ 0.00023 -0.00686]
solver time:  0.389945
plant_input_stage0: full=[-0.00022  0.00649], physical=[-0.00022  0.00649]
solver time:  0.345291
plant_input_stage0: full=[ 0.00021 -0.00615], physical=[ 0.00021 -0.00615]
solver time:  0.368797
plant_input_stage0: full=[-0.0002   0.00583], physical=[-0.0002   0.00583]
solver time:  0.353432
plant_input_stage0: full=[ 0.00019 -0.00552], physical=[ 0.00019 -0.00552]
solver time:  0.370145
plant_input_stage0: full=[-0.00018  0.00523], physical=[-0.00018  0.00523]
solver time:  0.387046
plant_input_stage0: full=[ 0.00017 -0.00495], physical=[ 0.00017 -0.00495]
solver time:  0.355506
plant_input_stage0: full=[-0.00016  0.00469], physical=[-0.00016  0.00469]
solver time:  0.336408
plant_input_stage0: full=[ 0.00015 -0.00444], physical=[ 0.00015 -0.00444]
solver time:  0.355429
plant_input_stage0: full=[-0.00014  0.00421], physical=[-0.00014  0.00421]
solver time:  0.359954
plant_input_stage0: full=[ 0.00013 -0.00399], physical=[ 0.00013 -0.00399]
solver time:  0.340643
plant_input_stage0: full=[-0.00013  0.00378], physical=[-0.00013  0.00378]
solver time:  0.390827
plant_input_stage0: full=[ 0.00012 -0.00358], physical=[ 0.00012 -0.00358]
solver time:  0.349783
plant_input_stage0: full=[-0.00011  0.00339], physical=[-0.00011  0.00339]
solver time:  0.407896
plant_input_stage0: full=[ 0.00011 -0.00321], physical=[ 0.00011 -0.00321]
solver time:  0.348425
plant_input_stage0: full=[-0.0001   0.00304], physical=[-0.0001   0.00304]
solver time:  0.334415
plant_input_stage0: full=[ 0.0001  -0.00288], physical=[ 0.0001  -0.00288]
solver time:  0.360735
plant_input_stage0: full=[-0.00009  0.00273], physical=[-0.00009  0.00273]
solver time:  0.404123
plant_input_stage0: full=[ 0.00009 -0.00258], physical=[ 0.00009 -0.00258]
solver time:  0.336535
plant_input_stage0: full=[-0.00008  0.00245], physical=[-0.00008  0.00245]
solver time:  0.345011
plant_input_stage0: full=[ 0.00008 -0.00232], physical=[ 0.00008 -0.00232]
solver time:  0.375673
plant_input_stage0: full=[-0.00007  0.00219], physical=[-0.00007  0.00219]
solver time:  0.389749
plant_input_stage0: full=[ 0.00007 -0.00208], physical=[ 0.00007 -0.00208]
solver time:  0.336258
plant_input_stage0: full=[-0.00007  0.00197], physical=[-0.00007  0.00197]
solver time:  0.35584
plant_input_stage0: full=[ 0.00006 -0.00187], physical=[ 0.00006 -0.00187]
solver time:  0.333274
plant_input_stage0: full=[-0.00006  0.00177], physical=[-0.00006  0.00177]
solver time:  0.332518
plant_input_stage0: full=[ 0.00006 -0.00167], physical=[ 0.00006 -0.00167]
solver time:  0.345073
plant_input_stage0: full=[-0.00005  0.00159], physical=[-0.00005  0.00159]
solver time:  0.326252
plant_input_stage0: full=[ 0.00005 -0.0015 ], physical=[ 0.00005 -0.0015 ]
solver time:  0.345178
plant_input_stage0: full=[-0.00005  0.00142], physical=[-0.00005  0.00142]
solver time:  0.33341
plant_input_stage0: full=[ 0.00005 -0.00135], physical=[ 0.00005 -0.00135]
solver time:  0.348387
plant_input_stage0: full=[-0.00004  0.00128], physical=[-0.00004  0.00128]
solver time:  0.329814
plant_input_stage0: full=[ 0.00004 -0.00121], physical=[ 0.00004 -0.00121]
solver time:  0.329539
plant_input_stage0: full=[-0.00004  0.00114], physical=[-0.00004  0.00114]
solver time:  0.326905
plant_input_stage0: full=[ 0.00004 -0.00108], physical=[ 0.00004 -0.00108]
solver time:  0.330941
plant_input_stage0: full=[-0.00003  0.00103], physical=[-0.00003  0.00103]
solver time:  0.329637
plant_input_stage0: full=[ 0.00003 -0.00097], physical=[ 0.00003 -0.00097]
solver time:  0.331144
plant_input_stage0: full=[-0.00003  0.00092], physical=[-0.00003  0.00092]
solver time:  0.329523
plant_input_stage0: full=[ 0.00003 -0.00087], physical=[ 0.00003 -0.00087]
solver time:  0.334496
plant_input_stage0: full=[-0.00003  0.00083], physical=[-0.00003  0.00083]
solver time:  0.347729
plant_input_stage0: full=[ 0.00003 -0.00078], physical=[ 0.00003 -0.00078]
solver time:  0.329868
plant_input_stage0: full=[-0.00002  0.00074], physical=[-0.00002  0.00074]
solver time:  0.331221
plant_input_stage0: full=[ 0.00002 -0.0007 ], physical=[ 0.00002 -0.0007 ]
solver time:  0.328158
plant_input_stage0: full=[-0.00002  0.00067], physical=[-0.00002  0.00067]
solver time:  0.433856
plant_input_stage0: full=[ 0.00002 -0.00063], physical=[ 0.00002 -0.00063]
solver time:  0.343205
plant_input_stage0: full=[-0.00002  0.0006 ], physical=[-0.00002  0.0006 ]
solver time:  0.336467
plant_input_stage0: full=[ 0.00002 -0.00057], physical=[ 0.00002 -0.00057]
solver time:  0.338381
plant_input_stage0: full=[-0.00002  0.00054], physical=[-0.00002  0.00054]
solver time:  0.381073
plant_input_stage0: full=[ 0.00002 -0.00051], physical=[ 0.00002 -0.00051]
solver time:  0.381436
plant_input_stage0: full=[-0.00002  0.00048], physical=[-0.00002  0.00048]
solver time:  0.331847
plant_input_stage0: full=[ 0.00002 -0.00046], physical=[ 0.00002 -0.00046]
solver time:  0.332757
plant_input_stage0: full=[-0.00001  0.00043], physical=[-0.00001  0.00043]
solver time:  0.352396
plant_input_stage0: full=[ 0.00001 -0.00041], physical=[ 0.00001 -0.00041]
solver time:  0.33441
plant_input_stage0: full=[-0.00001  0.00039], physical=[-0.00001  0.00039]
solver time:  0.344672
plant_input_stage0: full=[ 0.00001 -0.00037], physical=[ 0.00001 -0.00037]
solver time:  0.3315
plant_input_stage0: full=[-0.00001  0.00035], physical=[-0.00001  0.00035]
solver time:  0.395532
plant_input_stage0: full=[ 0.00001 -0.00033], physical=[ 0.00001 -0.00033]
solver time:  0.375684
plant_input_stage0: full=[-0.00001  0.00031], physical=[-0.00001  0.00031]
solver time:  0.349029
plant_input_stage0: full=[ 0.00001 -0.00029], physical=[ 0.00001 -0.00029]
solver time:  0.332301
plant_input_stage0: full=[-0.00001  0.00028], physical=[-0.00001  0.00028]
solver time:  0.34226
plant_input_stage0: full=[ 0.00001 -0.00026], physical=[ 0.00001 -0.00026]
solver time:  0.35969
plant_input_stage0: full=[-0.00001  0.00025], physical=[-0.00001  0.00025]
solver time:  0.339444
plant_input_stage0: full=[ 0.00001 -0.00024], physical=[ 0.00001 -0.00024]
solver time:  0.331349
plant_input_stage0: full=[-0.00001  0.00022], physical=[-0.00001  0.00022]
solver time:  0.3348
plant_input_stage0: full=[ 0.00001 -0.00021], physical=[ 0.00001 -0.00021]
solver time:  0.330357
plant_input_stage0: full=[-0.00001  0.0002 ], physical=[-0.00001  0.0002 ]
solver time:  0.351165
plant_input_stage0: full=[ 0.00001 -0.00019], physical=[ 0.00001 -0.00019]
solver time:  0.328611
plant_input_stage0: full=[-0.00001  0.00018], physical=[-0.00001  0.00018]
solver time:  0.337625
plant_input_stage0: full=[ 0.00001 -0.00017], physical=[ 0.00001 -0.00017]
solver time:  0.330087
plant_input_stage0: full=[-0.00001  0.00016], physical=[-0.00001  0.00016]
solver time:  0.328648
plant_input_stage0: full=[ 0.00001 -0.00015], physical=[ 0.00001 -0.00015]
solver time:  0.344888
plant_input_stage0: full=[-0.       0.00015], physical=[-0.       0.00015]
solver time:  0.330311
plant_input_stage0: full=[ 0.      -0.00014], physical=[ 0.      -0.00014]
solver time:  0.340087
plant_input_stage0: full=[-0.       0.00013], physical=[-0.       0.00013]
solver time:  0.330829
plant_input_stage0: full=[ 0.      -0.00012], physical=[ 0.      -0.00012]
solver time:  0.327208
plant_input_stage0: full=[-0.       0.00012], physical=[-0.       0.00012]
solver time:  0.330736
plant_input_stage0: full=[ 0.      -0.00011], physical=[ 0.      -0.00011]
solver time:  0.342865
plant_input_stage0: full=[-0.       0.00011], physical=[-0.       0.00011]
solver time:  0.32788
plant_input_stage0: full=[ 0.     -0.0001], physical=[ 0.     -0.0001]
solver time:  0.329528
plant_input_stage0: full=[-0.       0.00009], physical=[-0.       0.00009]
solver time:  0.327293
plant_input_stage0: full=[ 0.      -0.00009], physical=[ 0.      -0.00009]
solver time:  0.335479
plant_input_stage0: full=[-0.       0.00008], physical=[-0.       0.00008]
solver time:  0.328798
plant_input_stage0: full=[ 0.      -0.00008], physical=[ 0.      -0.00008]
solver time:  0.326214
plant_input_stage0: full=[-0.       0.00008], physical=[-0.       0.00008]
solver time:  0.332229
plant_input_stage0: full=[ 0.      -0.00007], physical=[ 0.      -0.00007]
solver time:  0.341296
plant_input_stage0: full=[-0.       0.00007], physical=[-0.       0.00007]
solver time:  0.332391
plant_input_stage0: full=[ 0.      -0.00006], physical=[ 0.      -0.00006]
solver time:  0.340122
plant_input_stage0: full=[-0.       0.00006], physical=[-0.       0.00006]
solver time:  0.332224
plant_input_stage0: full=[ 0.      -0.00006], physical=[ 0.      -0.00006]
solver time:  0.334059
plant_input_stage0: full=[-0.       0.00005], physical=[-0.       0.00005]
solver time:  0.327523
plant_input_stage0: full=[ 0.      -0.00005], physical=[ 0.      -0.00005]
solver time:  0.33168
plant_input_stage0: full=[-0.       0.00005], physical=[-0.       0.00005]
solver time:  0.329365
plant_input_stage0: full=[ 0.      -0.00005], physical=[ 0.      -0.00005]
solver time:  0.332632
plant_input_stage0: full=[-0.       0.00004], physical=[-0.       0.00004]
solver time:  0.332
plant_input_stage0: full=[ 0.      -0.00004], physical=[ 0.      -0.00004]
solver time:  0.332902
plant_input_stage0: full=[-0.       0.00004], physical=[-0.       0.00004]
solver time:  0.332495
plant_input_stage0: full=[ 0.      -0.00004], physical=[ 0.      -0.00004]
solver time:  0.332872
plant_input_stage0: full=[-0.       0.00004], physical=[-0.       0.00004]
solver time:  0.328056
plant_input_stage0: full=[ 0.      -0.00003], physical=[ 0.      -0.00003]
solver time:  0.332078
plant_input_stage0: full=[-0.       0.00003], physical=[-0.       0.00003]
solver time:  0.334
plant_input_stage0: full=[ 0.      -0.00003], physical=[ 0.      -0.00003]
solver time:  0.331515
plant_input_stage0: full=[-0.       0.00003], physical=[-0.       0.00003]
solver time:  0.335399
plant_input_stage0: full=[ 0.      -0.00003], physical=[ 0.      -0.00003]
solver time:  0.334495
plant_input_stage0: full=[-0.       0.00003], physical=[-0.       0.00003]
solver time:  0.355713
plant_input_stage0: full=[ 0.      -0.00002], physical=[ 0.      -0.00002]
solver time:  0.368737
plant_input_stage0: full=[-0.       0.00002], physical=[-0.       0.00002]
solver time:  0.342636
plant_input_stage0: full=[ 0.      -0.00002], physical=[ 0.      -0.00002]
solver time:  0.33417
plant_input_stage0: full=[-0.       0.00002], physical=[-0.       0.00002]
solver time:  0.34288
plant_input_stage0: full=[ 0.      -0.00002], physical=[ 0.      -0.00002]
solver time:  0.347788
plant_input_stage0: full=[-0.       0.00002], physical=[-0.       0.00002]
solver time:  0.358701
plant_input_stage0: full=[ 0.      -0.00002], physical=[ 0.      -0.00002]
solver time:  0.338817
plant_input_stage0: full=[-0.       0.00002], physical=[-0.       0.00002]
solver time:  0.345031
plant_input_stage0: full=[ 0.      -0.00002], physical=[ 0.      -0.00002]
solver time:  0.382401
plant_input_stage0: full=[-0.       0.00001], physical=[-0.       0.00001]
solver time:  0.368224
plant_input_stage0: full=[ 0.      -0.00001], physical=[ 0.      -0.00001]
solver time:  0.342281
plant_input_stage0: full=[-0.       0.00001], physical=[-0.       0.00001]
solver time:  0.345159
plant_input_stage0: full=[ 0.      -0.00001], physical=[ 0.      -0.00001]
solver time:  0.336693
plant_input_stage0: full=[-0.       0.00001], physical=[-0.       0.00001]
solver time:  0.346111
plant_input_stage0: full=[ 0.      -0.00001], physical=[ 0.      -0.00001]
solver time:  0.330642
plant_input_stage0: full=[-0.       0.00001], physical=[-0.       0.00001]
solver time:  0.329096
plant_input_stage0: full=[ 0.      -0.00001], physical=[ 0.      -0.00001]
solver time:  0.348247
plant_input_stage0: full=[-0.       0.00001], physical=[-0.       0.00001]
solver time:  0.334104
plant_input_stage0: full=[ 0.      -0.00001], physical=[ 0.      -0.00001]
solver time:  0.332371
plant_input_stage0: full=[-0.       0.00001], physical=[-0.       0.00001]
solver time:  0.326669
plant_input_stage0: full=[ 0.      -0.00001], physical=[ 0.      -0.00001]
solver time:  0.341878
plant_input_stage0: full=[-0.       0.00001], physical=[-0.       0.00001]
solver time:  0.32686
plant_input_stage0: full=[ 0.      -0.00001], physical=[ 0.      -0.00001]
solver time:  0.332797
plant_input_stage0: full=[-0.       0.00001], physical=[-0.       0.00001]
solver time:  0.326656
plant_input_stage0: full=[ 0.      -0.00001], physical=[ 0.      -0.00001]
solver time:  0.329915
plant_input_stage0: full=[-0.       0.00001], physical=[-0.       0.00001]
solver time:  0.328969
plant_input_stage0: full=[ 0.      -0.00001], physical=[ 0.      -0.00001]
solver time:  0.328997
plant_input_stage0: full=[-0.       0.00001], physical=[-0.       0.00001]
solver time:  0.349031
plant_input_stage0: full=[ 0.      -0.00001], physical=[ 0.      -0.00001]
solver time:  0.347384
plant_input_stage0: full=[-0.       0.00001], physical=[-0.       0.00001]
solver time:  0.32892
plant_input_stage0: full=[ 0. -0.], physical=[ 0. -0.]
solver time:  0.336629
plant_input_stage0: full=[-0.  0.], physical=[-0.  0.]
solver time:  0.328711
plant_input_stage0: full=[ 0. -0.], physical=[ 0. -0.]
solver time:  0.347627
plant_input_stage0: full=[-0.  0.], physical=[-0.  0.]
solver time:  0.329048
plant_input_stage0: full=[ 0. -0.], physical=[ 0. -0.]
solver time:  0.337494
plant_input_stage0: full=[-0.  0.], physical=[-0.  0.]
solver time:  0.335334
plant_input_stage0: full=[ 0. -0.], physical=[ 0. -0.]
solver time:  0.328661
plant_input_stage0: full=[-0.  0.], physical=[-0.  0.]
solver time:  0.32912
plant_input_stage0: full=[ 0. -0.], physical=[ 0. -0.]
solver time:  0.352175
plant_input_stage0: full=[-0.  0.], physical=[-0.  0.]
solver time:  0.349745
plant_input_stage0: full=[ 0. -0.], physical=[ 0. -0.]
solver time:  0.34452
plant_input_stage0: full=[-0.  0.], physical=[-0.  0.]
solver time:  0.371749
plant_input_stage0: full=[ 0. -0.], physical=[ 0. -0.]
solver time:  0.340962
plant_input_stage0: full=[-0.  0.], physical=[-0.  0.]
solver time:  0.343179
plant_input_stage0: full=[ 0. -0.], physical=[ 0. -0.]
solver time:  0.332286
plant_input_stage0: full=[-0.  0.], physical=[-0.  0.]
solver time:  0.3404
plant_input_stage0: full=[ 0. -0.], physical=[ 0. -0.]
solver time:  0.344342
plant_input_stage0: full=[-0.  0.], physical=[-0.  0.]
solver time:  0.364564
plant_input_stage0: full=[ 0. -0.], physical=[ 0. -0.]
solver time:  0.343313
plant_input_stage0: full=[-0.  0.], physical=[-0.  0.]
solver time:  0.34047
plant_input_stage0: full=[ 0. -0.], physical=[ 0. -0.]
solver time:  0.341719
plant_input_stage0: full=[-0.  0.], physical=[-0.  0.]
solver time:  0.330822
plant_input_stage0: full=[ 0. -0.], physical=[ 0. -0.]
solver time:  0.331139
plant_input_stage0: full=[-0.  0.], physical=[-0.  0.]
solver time:  0.331014
plant_input_stage0: full=[ 0. -0.], physical=[ 0. -0.]
solver time:  0.331335
plant_input_stage0: full=[-0.  0.], physical=[-0.  0.]
solver time:  0.341301
plant_input_stage0: full=[ 0. -0.], physical=[ 0. -0.]
solver time:  0.337764
plant_input_stage0: full=[-0.  0.], physical=[-0.  0.]
solver time:  0.336843
plant_input_stage0: full=[ 0. -0.], physical=[ 0. -0.]
solver time:  0.339727
plant_input_stage0: full=[-0.  0.], physical=[-0.  0.]
solver time:  0.334091
plant_input_stage0: full=[ 0. -0.], physical=[ 0. -0.]
solver time:  0.32769
plant_input_stage0: full=[-0.  0.], physical=[-0.  0.]
solver time:  0.337872
plant_input_stage0: full=[ 0. -0.], physical=[ 0. -0.]
solver time:  0.337523
plant_input_stage0: full=[-0.  0.], physical=[-0.  0.]
solver time:  0.345043
plant_input_stage0: full=[ 0. -0.], physical=[ 0. -0.]
solver time:  0.364138
plant_input_stage0: full=[-0.  0.], physical=[-0.  0.]
solver time:  0.379785
plant_input_stage0: full=[ 0. -0.], physical=[ 0. -0.]
solver time:  0.474894
plant_input_stage0: full=[-0.  0.], physical=[-0.  0.]
solver time:  0.475852
plant_input_stage0: full=[ 0. -0.], physical=[ 0. -0.]
solver time:  0.45513
plant_input_stage0: full=[-0.  0.], physical=[-0.  0.]
solver time:  0.372761
plant_input_stage0: full=[ 0. -0.], physical=[ 0. -0.]
solver time:  0.356491
plant_input_stage0: full=[-0.  0.], physical=[-0.  0.]
solver time:  0.337331
plant_input_stage0: full=[ 0. -0.], physical=[ 0. -0.]
solver time:  0.350397
plant_input_stage0: full=[-0.  0.], physical=[-0.  0.]
solver time:  0.366965
plant_input_stage0: full=[ 0. -0.], physical=[ 0. -0.]
solver time:  0.340716
plant_input_stage0: full=[-0.  0.], physical=[-0.  0.]
solver time:  0.339128
plant_input_stage0: full=[ 0. -0.], physical=[ 0. -0.]
solver time:  0.331574
plant_input_stage0: full=[-0.  0.], physical=[-0.  0.]
solver time:  0.340402
plant_input_stage0: full=[ 0. -0.], physical=[ 0. -0.]
solver time:  0.346393
plant_input_stage0: full=[-0.  0.], physical=[-0.  0.]
solver time:  0.336417
plant_input_stage0: full=[ 0. -0.], physical=[ 0. -0.]
solver time:  0.340792
plant_input_stage0: full=[-0.  0.], physical=[-0.  0.]
solver time:  0.338271
plant_input_stage0: full=[ 0. -0.], physical=[ 0. -0.]
solver time:  0.344696
plant_input_stage0: full=[-0.  0.], physical=[-0.  0.]
solver time:  0.345022
plant_input_stage0: full=[ 0. -0.], physical=[ 0. -0.]
solver time:  0.338671
plant_input_stage0: full=[-0.  0.], physical=[-0.  0.]
solver time:  0.33328
plant_input_stage0: full=[ 0. -0.], physical=[ 0. -0.]
solver time:  0.346268
plant_input_stage0: full=[-0.  0.], physical=[-0.  0.]
solver time:  0.345265
plant_input_stage0: full=[ 0. -0.], physical=[ 0. -0.]
solver time:  0.334703
plant_input_stage0: full=[-0.  0.], physical=[-0.  0.]
solver time:  0.342167
plant_input_stage0: full=[ 0. -0.], physical=[ 0. -0.]
solver time:  0.338926
plant_input_stage0: full=[-0.  0.], physical=[-0.  0.]
solver time:  0.377445
plant_input_stage0: full=[ 0. -0.], physical=[ 0. -0.]
solver time:  0.393512
plant_input_stage0: full=[-0.  0.], physical=[-0.  0.]
solver time:  0.373532
plant_input_stage0: full=[ 0. -0.], physical=[ 0. -0.]
solver time:  0.370609
plant_input_stage0: full=[-0.  0.], physical=[-0.  0.]
solver time:  0.541352
plant_input_stage0: full=[ 0. -0.], physical=[ 0. -0.]
solver time:  0.427763
plant_input_stage0: full=[-0.  0.], physical=[-0.  0.]
solver time:  0.434141
plant_input_stage0: full=[ 0. -0.], physical=[ 0. -0.]
solver time:  0.360276
plant_input_stage0: full=[-0.  0.], physical=[-0.  0.]
solver time:  0.333786
plant_input_stage0: full=[ 0. -0.], physical=[ 0. -0.]
solver time:  0.330899
plant_input_stage0: full=[-0.  0.], physical=[-0.  0.]
solver time:  0.336958
plant_input_stage0: full=[ 0. -0.], physical=[ 0. -0.]
solver time:  0.331997
plant_input_stage0: full=[-0.  0.], physical=[-0.  0.]
solver time:  0.339128
plant_input_stage0: full=[ 0. -0.], physical=[ 0. -0.]
solver time:  0.331067
plant_input_stage0: full=[-0.  0.], physical=[-0.  0.]
solver time:  0.335735
plant_input_stage0: full=[ 0. -0.], physical=[ 0. -0.]
solver time:  0.332206
plant_input_stage0: full=[-0.  0.], physical=[-0.  0.]
solver time:  0.358358
plant_input_stage0: full=[ 0. -0.], physical=[ 0. -0.]
solver time:  0.336785
plant_input_stage0: full=[-0.  0.], physical=[-0.  0.]
solver time:  0.335475
plant_input_stage0: full=[ 0. -0.], physical=[ 0. -0.]
solver time:  0.336426
plant_input_stage0: full=[-0.  0.], physical=[-0.  0.]
solver time:  0.368434
plant_input_stage0: full=[ 0. -0.], physical=[ 0. -0.]
solver time:  0.387021
plant_input_stage0: full=[-0.  0.], physical=[-0.  0.]
solver time:  0.362119
plant_input_stage0: full=[ 0. -0.], physical=[ 0. -0.]
solver time:  0.342155
plant_input_stage0: full=[-0.  0.], physical=[-0.  0.]
solver time:  0.32928
plant_input_stage0: full=[ 0. -0.], physical=[ 0. -0.]
solver time:  0.352866
plant_input_stage0: full=[-0.  0.], physical=[-0.  0.]
solver time:  0.403191
plant_input_stage0: full=[ 0. -0.], physical=[ 0. -0.]
solver time:  0.334501
plant_input_stage0: full=[-0.  0.], physical=[-0.  0.]
solver time:  0.346546
plant_input_stage0: full=[ 0. -0.], physical=[ 0. -0.]
solver time:  0.338672
plant_input_stage0: full=[-0.  0.], physical=[-0.  0.]
solver time:  0.356451
plant_input_stage0: full=[ 0. -0.], physical=[ 0. -0.]
solver time:  0.338978
plant_input_stage0: full=[-0.  0.], physical=[-0.  0.]
solver time:  0.33812
plant_input_stage0: full=[ 0. -0.], physical=[ 0. -0.]
solver time:  0.363016
plant_input_stage0: full=[-0.  0.], physical=[-0.  0.]
solver time:  0.341241
plant_input_stage0: full=[ 0. -0.], physical=[ 0. -0.]
solver time:  0.341988
plant_input_stage0: full=[-0.  0.], physical=[-0.  0.]
solver time:  0.332091
plant_input_stage0: full=[ 0. -0.], physical=[ 0. -0.]
solver time:  0.333384
plant_input_stage0: full=[-0.  0.], physical=[-0.  0.]
solver time:  0.351664
plant_input_stage0: full=[ 0. -0.], physical=[ 0. -0.]
solver time:  0.337821
plant_input_stage0: full=[-0.  0.], physical=[-0.  0.]
solver time:  0.331685
plant_input_stage0: full=[ 0. -0.], physical=[ 0. -0.]
solver time:  0.338023
plant_input_stage0: full=[-0.  0.], physical=[-0.  0.]
solver time:  0.338376
plant_input_stage0: full=[ 0. -0.], physical=[ 0. -0.]
solver time:  0.335787
plant_input_stage0: full=[-0.  0.], physical=[-0.  0.]
solver time:  0.339971
plant_input_stage0: full=[ 0. -0.], physical=[ 0. -0.]
solver time:  0.344508
plant_input_stage0: full=[-0.  0.], physical=[-0.  0.]
solver time:  0.337898
plant_input_stage0: full=[ 0. -0.], physical=[ 0. -0.]
solver time:  0.343437
plant_input_stage0: full=[-0.  0.], physical=[-0.  0.]
solver time:  0.336901
plant_input_stage0: full=[ 0. -0.], physical=[ 0. -0.]
solver time:  0.338747
plant_input_stage0: full=[-0.  0.], physical=[-0.  0.]
solver time:  0.33384
plant_input_stage0: full=[ 0. -0.], physical=[ 0. -0.]
solver time:  0.346686
plant_input_stage0: full=[-0.  0.], physical=[-0.  0.]
solver time:  0.337862
plant_input_stage0: full=[ 0. -0.], physical=[ 0. -0.]
solver time:  0.337732
plant_input_stage0: full=[-0.  0.], physical=[-0.  0.]
solver time:  0.364831
plant_input_stage0: full=[ 0. -0.], physical=[ 0. -0.]
solver time:  0.384396
plant_input_stage0: full=[-0.  0.], physical=[-0.  0.]
solver time:  0.336564
plant_input_stage0: full=[ 0. -0.], physical=[ 0. -0.]
solver time:  0.354027
plant_input_stage0: full=[-0.  0.], physical=[-0.  0.]
solver time:  0.394772
plant_input_stage0: full=[ 0. -0.], physical=[ 0. -0.]
solver time:  0.345214
plant_input_stage0: full=[-0.  0.], physical=[-0.  0.]
solver time:  0.372617
plant_input_stage0: full=[ 0. -0.], physical=[ 0. -0.]
solver time:  0.350752
plant_input_stage0: full=[-0.  0.], physical=[-0.  0.]
solver time:  0.335327
plant_input_stage0: full=[ 0. -0.], physical=[ 0. -0.]
solver time:  0.336094
plant_input_stage0: full=[-0.  0.], physical=[-0.  0.]
solver time:  0.338343
plant_input_stage0: full=[ 0. -0.], physical=[ 0. -0.]
solver time:  0.338488
plant_input_stage0: full=[-0.  0.], physical=[-0.  0.]
solver time:  0.335075
plant_input_stage0: full=[ 0. -0.], physical=[ 0. -0.]
solver time:  0.334768
plant_input_stage0: full=[-0.  0.], physical=[-0.  0.]
solver time:  0.33533
plant_input_stage0: full=[ 0. -0.], physical=[ 0. -0.]
solver time:  0.343473
plant_input_stage0: full=[-0.  0.], physical=[-0.  0.]
solver time:  0.339301
plant_input_stage0: full=[ 0. -0.], physical=[ 0. -0.]
solver time:  0.340063
plant_input_stage0: full=[-0.  0.], physical=[-0.  0.]
solver time:  0.336221
plant_input_stage0: full=[ 0. -0.], physical=[ 0. -0.]
solver time:  0.349463
plant_input_stage0: full=[-0.  0.], physical=[-0.  0.]
solver time:  0.339935
plant_input_stage0: full=[ 0. -0.], physical=[ 0. -0.]
solver time:  0.343024
plant_input_stage0: full=[-0.  0.], physical=[-0.  0.]
solver time:  0.356859
plant_input_stage0: full=[ 0. -0.], physical=[ 0. -0.]
solver time:  0.333651
plant_input_stage0: full=[-0.  0.], physical=[-0.  0.]
solver time:  0.331423
plant_input_stage0: full=[ 0. -0.], physical=[ 0. -0.]
solver time:  0.335118
plant_input_stage0: full=[-0.  0.], physical=[-0.  0.]
solver time:  0.344009
plant_input_stage0: full=[ 0. -0.], physical=[ 0. -0.]
solver time:  0.338086
plant_input_stage0: full=[-0.  0.], physical=[-0.  0.]
solver time:  0.352357
plant_input_stage0: full=[ 0. -0.], physical=[ 0. -0.]
solver time:  0.3465
plant_input_stage0: full=[-0.  0.], physical=[-0.  0.]
solver time:  0.453598
plant_input_stage0: full=[ 0. -0.], physical=[ 0. -0.]
solver time:  0.349735
plant_input_stage0: full=[-0.  0.], physical=[-0.  0.]
solver time:  0.402919
plant_input_stage0: full=[ 0. -0.], physical=[ 0. -0.]
solver time:  0.42372
plant_input_stage0: full=[-0.  0.], physical=[-0.  0.]
solver time:  0.34189
plant_input_stage0: full=[ 0. -0.], physical=[ 0. -0.]
solver time:  0.344884
plant_input_stage0: full=[-0.  0.], physical=[-0.  0.]
solver time:  0.335959
plant_input_stage0: full=[ 0. -0.], physical=[ 0. -0.]
solver time:  0.340424
plant_input_stage0: full=[-0.  0.], physical=[-0.  0.]
solver time:  0.339853
plant_input_stage0: full=[ 0. -0.], physical=[ 0. -0.]
solver time:  0.348204
plant_input_stage0: full=[-0.  0.], physical=[-0.  0.]
solver time:  0.351569
plant_input_stage0: full=[ 0. -0.], physical=[ 0. -0.]
solver time:  0.342692
plant_input_stage0: full=[-0.  0.], physical=[-0.  0.]
solver time:  0.343074
plant_input_stage0: full=[ 0. -0.], physical=[ 0. -0.]
solver time:  0.35286
plant_input_stage0: full=[-0.  0.], physical=[-0.  0.]
solver time:  0.337201
plant_input_stage0: full=[ 0. -0.], physical=[ 0. -0.]
solver time:  0.347446
plant_input_stage0: full=[-0.  0.], physical=[-0.  0.]
solver time:  0.349879
plant_input_stage0: full=[ 0. -0.], physical=[ 0. -0.]
solver time:  0.335784
plant_input_stage0: full=[-0.  0.], physical=[-0.  0.]
solver time:  0.331652
plant_input_stage0: full=[ 0. -0.], physical=[ 0. -0.]
solver time:  0.332234
plant_input_stage0: full=[-0.  0.], physical=[-0.  0.]
solver time:  0.340962
plant_input_stage0: full=[ 0. -0.], physical=[ 0. -0.]
solver time:  0.340628
plant_input_stage0: full=[-0.  0.], physical=[-0.  0.]
solver time:  0.336443
plant_input_stage0: full=[ 0. -0.], physical=[ 0. -0.]
solver time:  0.338299
plant_input_stage0: full=[-0.  0.], physical=[-0.  0.]
solver time:  0.338098
plant_input_stage0: full=[ 0. -0.], physical=[ 0. -0.]
solver time:  0.348168
plant_input_stage0: full=[-0.  0.], physical=[-0.  0.]
solver time:  0.351455
plant_input_stage0: full=[ 0. -0.], physical=[ 0. -0.]
solver time:  0.33483
plant_input_stage0: full=[-0.  0.], physical=[-0.  0.]
solver time:  0.370987
plant_input_stage0: full=[ 0. -0.], physical=[ 0. -0.]
solver time:  0.34523
plant_input_stage0: full=[-0.  0.], physical=[-0.  0.]
solver time:  0.335237
plant_input_stage0: full=[ 0. -0.], physical=[ 0. -0.]
solver time:  0.336323
plant_input_stage0: full=[-0.  0.], physical=[-0.  0.]
solver time:  0.340903
plant_input_stage0: full=[ 0. -0.], physical=[ 0. -0.]
solver time:  0.340071
plant_input_stage0: full=[-0.  0.], physical=[-0.  0.]
solver time:  0.342173
plant_input_stage0: full=[ 0. -0.], physical=[ 0. -0.]
solver time:  0.341584
plant_input_stage0: full=[-0.  0.], physical=[-0.  0.]
solver time:  0.362293
plant_input_stage0: full=[ 0. -0.], physical=[ 0. -0.]
solver time:  0.331609
plant_input_stage0: full=[-0.  0.], physical=[-0.  0.]
solver time:  0.335098
plant_input_stage0: full=[ 0. -0.], physical=[ 0. -0.]
solver time:  0.334162
plant_input_stage0: full=[-0.  0.], physical=[-0.  0.]
solver time:  0.332022
plant_input_stage0: full=[ 0. -0.], physical=[ 0. -0.]
solver time:  0.345276
plant_input_stage0: full=[-0.  0.], physical=[-0.  0.]
solver time:  0.339617
plant_input_stage0: full=[ 0. -0.], physical=[ 0. -0.]
solver time:  0.337265
plant_input_stage0: full=[-0.  0.], physical=[-0.  0.]
solver time:  0.33708
plant_input_stage0: full=[ 0. -0.], physical=[ 0. -0.]
solver time:  0.337135
plant_input_stage0: full=[-0.  0.], physical=[-0.  0.]
solver time:  0.333561
plant_input_stage0: full=[ 0. -0.], physical=[ 0. -0.]
solver time:  0.335248
plant_input_stage0: full=[-0.  0.], physical=[-0.  0.]
solver time:  0.337705
plant_input_stage0: full=[ 0. -0.], physical=[ 0. -0.]
solver time:  0.342612
plant_input_stage0: full=[-0.  0.], physical=[-0.  0.]
solver time:  0.416
plant_input_stage0: full=[ 0. -0.], physical=[ 0. -0.]
solver time:  0.347553
plant_input_stage0: full=[-0.  0.], physical=[-0.  0.]
solver time:  0.349452
plant_input_stage0: full=[ 0. -0.], physical=[ 0. -0.]
solver time:  0.369994
plant_input_stage0: full=[-0.  0.], physical=[-0.  0.]
solver time:  0.335542
plant_input_stage0: full=[ 0. -0.], physical=[ 0. -0.]
solver time:  0.337715
plant_input_stage0: full=[-0.  0.], physical=[-0.  0.]
solver time:  0.333432
plant_input_stage0: full=[ 0. -0.], physical=[ 0. -0.]
solver time:  0.335577
plant_input_stage0: full=[-0.  0.], physical=[-0.  0.]
solver time:  0.337152
plant_input_stage0: full=[ 0. -0.], physical=[ 0. -0.]
solver time:  0.335605
plant_input_stage0: full=[-0.  0.], physical=[-0.  0.]
solver time:  0.334817
plant_input_stage0: full=[ 0. -0.], physical=[ 0. -0.]
solver time:  0.343204
plant_input_stage0: full=[-0.  0.], physical=[-0.  0.]
solver time:  0.340487
plant_input_stage0: full=[ 0. -0.], physical=[ 0. -0.]
solver time:  0.333508
plant_input_stage0: full=[-0.  0.], physical=[-0.  0.]
solver time:  0.334574
plant_input_stage0: full=[ 0. -0.], physical=[ 0. -0.]
solver time:  0.338486
plant_input_stage0: full=[-0.  0.], physical=[-0.  0.]
solver time:  0.357288
plant_input_stage0: full=[ 0. -0.], physical=[ 0. -0.]
solver time:  0.364244
plant_input_stage0: full=[-0.  0.], physical=[-0.  0.]
solver time:  0.396684
plant_input_stage0: full=[ 0. -0.], physical=[ 0. -0.]
solver time:  0.356811
plant_input_stage0: full=[-0.  0.], physical=[-0.  0.]
solver time:  0.364626
plant_input_stage0: full=[ 0. -0.], physical=[ 0. -0.]
solver time:  0.350547
plant_input_stage0: full=[-0.  0.], physical=[-0.  0.]
solver time:  0.344523
plant_input_stage0: full=[ 0. -0.], physical=[ 0. -0.]
solver time:  0.338908
plant_input_stage0: full=[-0.  0.], physical=[-0.  0.]
solver time:  0.34682
plant_input_stage0: full=[ 0. -0.], physical=[ 0. -0.]
solver time:  0.347735
plant_input_stage0: full=[-0.  0.], physical=[-0.  0.]
solver time:  0.362583
plant_input_stage0: full=[ 0. -0.], physical=[ 0. -0.]
solver time:  0.351361
plant_input_stage0: full=[-0.  0.], physical=[-0.  0.]
solver time:  0.368109
plant_input_stage0: full=[ 0. -0.], physical=[ 0. -0.]
solver time:  0.379644
plant_input_stage0: full=[-0.  0.], physical=[-0.  0.]
solver time:  0.403477
plant_input_stage0: full=[ 0. -0.], physical=[ 0. -0.]
solver time:  0.343147
plant_input_stage0: full=[-0.  0.], physical=[-0.  0.]
solver time:  0.346612
plant_input_stage0: full=[ 0. -0.], physical=[ 0. -0.]
solver time:  0.341164
plant_input_stage0: full=[-0.  0.], physical=[-0.  0.]
solver time:  0.34474
plant_input_stage0: full=[ 0. -0.], physical=[ 0. -0.]
solver time:  0.33828
plant_input_stage0: full=[-0.  0.], physical=[-0.  0.]
solver time:  0.350743
plant_input_stage0: full=[ 0. -0.], physical=[ 0. -0.]
solver time:  0.337631
plant_input_stage0: full=[-0.  0.], physical=[-0.  0.]
solver time:  0.35757
plant_input_stage0: full=[ 0. -0.], physical=[ 0. -0.]
solver time:  0.356943
plant_input_stage0: full=[-0.  0.], physical=[-0.  0.]
solver time:  0.363457
plant_input_stage0: full=[ 0. -0.], physical=[ 0. -0.]
solver time:  0.348289
plant_input_stage0: full=[-0.  0.], physical=[-0.  0.]
solver time:  0.430549
plant_input_stage0: full=[ 0. -0.], physical=[ 0. -0.]
solver time:  0.359945
plant_input_stage0: full=[-0.  0.], physical=[-0.  0.]
solver time:  0.350762
plant_input_stage0: full=[ 0. -0.], physical=[ 0. -0.]
solver time:  0.351512
plant_input_stage0: full=[-0.  0.], physical=[-0.  0.]
solver time:  0.352792
plant_input_stage0: full=[ 0. -0.], physical=[ 0. -0.]
solver time:  0.35632
plant_input_stage0: full=[-0.  0.], physical=[-0.  0.]
solver time:  0.356314
plant_input_stage0: full=[ 0. -0.], physical=[ 0. -0.]
solver time:  0.343481
plant_input_stage0: full=[-0.  0.], physical=[-0.  0.]
solver time:  0.365937
plant_input_stage0: full=[ 0. -0.], physical=[ 0. -0.]
solver time:  0.377852
plant_input_stage0: full=[-0.  0.], physical=[-0.  0.]
solver time:  0.352096
plant_input_stage0: full=[ 0. -0.], physical=[ 0. -0.]
solver time:  0.396004
plant_input_stage0: full=[-0.  0.], physical=[-0.  0.]
solver time:  0.345299
plant_input_stage0: full=[ 0. -0.], physical=[ 0. -0.]
solver time:  0.352206
plant_input_stage0: full=[-0.  0.], physical=[-0.  0.]
solver time:  0.348583
plant_input_stage0: full=[ 0. -0.], physical=[ 0. -0.]
solver time:  0.339358
plant_input_stage0: full=[-0.  0.], physical=[-0.  0.]
solver time:  0.368129
plant_input_stage0: full=[ 0. -0.], physical=[ 0. -0.]
solver time:  0.34349
plant_input_stage0: full=[-0.  0.], physical=[-0.  0.]
solver time:  0.344414
plant_input_stage0: full=[ 0. -0.], physical=[ 0. -0.]
solver time:  0.33337
plant_input_stage0: full=[-0.  0.], physical=[-0.  0.]
solver time:  0.345434
plant_input_stage0: full=[ 0. -0.], physical=[ 0. -0.]
solver time:  0.38514
plant_input_stage0: full=[-0.  0.], physical=[-0.  0.]
solver time:  0.340005
plant_input_stage0: full=[ 0. -0.], physical=[ 0. -0.]
solver time:  0.342906
plant_input_stage0: full=[-0.  0.], physical=[-0.  0.]
solver time:  0.342018
plant_input_stage0: full=[ 0. -0.], physical=[ 0. -0.]
solver time:  0.343865
plant_input_stage0: full=[-0.  0.], physical=[-0.  0.]
solver time:  0.34197
plant_input_stage0: full=[ 0. -0.], physical=[ 0. -0.]
solver time:  0.35041
plant_input_stage0: full=[-0.  0.], physical=[-0.  0.]
solver time:  0.353798
plant_input_stage0: full=[ 0. -0.], physical=[ 0. -0.]
solver time:  0.350994
plant_input_stage0: full=[-0.  0.], physical=[-0.  0.]
solver time:  0.340123
plant_input_stage0: full=[ 0. -0.], physical=[ 0. -0.]
solver time:  0.34136
plant_input_stage0: full=[-0.  0.], physical=[-0.  0.]
solver time:  0.336625
plant_input_stage0: full=[ 0. -0.], physical=[ 0. -0.]
solver time:  0.338138
plant_input_stage0: full=[-0.  0.], physical=[-0.  0.]
solver time:  0.333627
plant_input_stage0: full=[ 0. -0.], physical=[ 0. -0.]
solver time:  0.339151
plant_input_stage0: full=[-0.  0.], physical=[-0.  0.]
solver time:  0.340222
plant_input_stage0: full=[ 0. -0.], physical=[ 0. -0.]
solver time:  0.338496
plant_input_stage0: full=[-0.  0.], physical=[-0.  0.]
solver time:  0.345896
plant_input_stage0: full=[ 0. -0.], physical=[ 0. -0.]
solver time:  0.337962
plant_input_stage0: full=[-0.  0.], physical=[-0.  0.]
solver time:  0.353127
plant_input_stage0: full=[ 0. -0.], physical=[ 0. -0.]
solver time:  0.337503
plant_input_stage0: full=[-0.  0.], physical=[-0.  0.]
solver time:  0.335127
plant_input_stage0: full=[ 0. -0.], physical=[ 0. -0.]
solver time:  0.347662
plant_input_stage0: full=[-0.  0.], physical=[-0.  0.]
solver time:  0.34197
plant_input_stage0: full=[ 0. -0.], physical=[ 0. -0.]
solver time:  0.338613
plant_input_stage0: full=[-0.  0.], physical=[-0.  0.]
solver time:  0.338726
plant_input_stage0: full=[ 0. -0.], physical=[ 0. -0.]
solver time:  0.334669
plant_input_stage0: full=[-0.  0.], physical=[-0.  0.]
solver time:  0.42541
plant_input_stage0: full=[ 0. -0.], physical=[ 0. -0.]
solver time:  0.385925
plant_input_stage0: full=[-0.  0.], physical=[-0.  0.]
solver time:  0.379634
plant_input_stage0: full=[ 0. -0.], physical=[ 0. -0.]
solver time:  0.386948
plant_input_stage0: full=[-0.  0.], physical=[-0.  0.]
solver time:  0.381175
plant_input_stage0: full=[ 0. -0.], physical=[ 0. -0.]
solver time:  0.43042
plant_input_stage0: full=[-0.  0.], physical=[-0.  0.]
solver time:  0.510702
plant_input_stage0: full=[ 0. -0.], physical=[ 0. -0.]
solver time:  0.374937
plant_input_stage0: full=[-0.  0.], physical=[-0.  0.]
solver time:  0.381167
plant_input_stage0: full=[ 0. -0.], physical=[ 0. -0.]
solver time:  0.42258
plant_input_stage0: full=[-0.  0.], physical=[-0.  0.]
solver time:  0.422928
plant_input_stage0: full=[ 0. -0.], physical=[ 0. -0.]
solver time:  0.547444
plant_input_stage0: full=[-0.  0.], physical=[-0.  0.]
solver time:  0.399161
plant_input_stage0: full=[ 0. -0.], physical=[ 0. -0.]
solver time:  0.376329
plant_input_stage0: full=[-0.  0.], physical=[-0.  0.]
solver time:  0.363506
plant_input_stage0: full=[ 0. -0.], physical=[ 0. -0.]
solver time:  0.38672
plant_input_stage0: full=[-0.  0.], physical=[-0.  0.]
solver time:  0.407198
plant_input_stage0: full=[ 0. -0.], physical=[ 0. -0.]
solver time:  0.370673
plant_input_stage0: full=[-0.  0.], physical=[-0.  0.]
solver time:  0.365938
plant_input_stage0: full=[ 0. -0.], physical=[ 0. -0.]
solver time:  0.430554
plant_input_stage0: full=[-0.  0.], physical=[-0.  0.]
solver time:  0.418527
plant_input_stage0: full=[ 0. -0.], physical=[ 0. -0.]
solver time:  0.370643
plant_input_stage0: full=[0. 0.], physical=[0. 0.]
solver time:  0.36218
plant_input_stage0: full=[-0. -0.], physical=[-0. -0.]
solver time:  0.448962
plant_input_stage0: full=[-0.  0.], physical=[-0.  0.]
solver time:  0.346845
plant_input_stage0: full=[0. 0.], physical=[0. 0.]
solver time:  0.390024
plant_input_stage0: full=[ 0. -0.], physical=[ 0. -0.]
solver time:  0.428468
plant_input_stage0: full=[-0.  0.], physical=[-0.  0.]
solver time:  0.353061
plant_input_stage0: full=[ 0. -0.], physical=[ 0. -0.]
solver time:  0.457756
plant_input_stage0: full=[-0.  0.], physical=[-0.  0.]
solver time:  0.361263
plant_input_stage0: full=[ 0. -0.], physical=[ 0. -0.]
solver time:  0.454798
plant_input_stage0: full=[-0.  0.], physical=[-0.  0.]
solver time:  0.548409
plant_input_stage0: full=[ 0. -0.], physical=[ 0. -0.]
solver time:  0.364967
plant_input_stage0: full=[-0.  0.], physical=[-0.  0.]
solver time:  0.511339
plant_input_stage0: full=[ 0. -0.], physical=[ 0. -0.]
solver time:  0.447076
plant_input_stage0: full=[-0.  0.], physical=[-0.  0.]
solver time:  0.474562
plant_input_stage0: full=[ 0. -0.], physical=[ 0. -0.]
solver time:  0.40529
plant_input_stage0: full=[-0.  0.], physical=[-0.  0.]
solver time:  0.371449
plant_input_stage0: full=[ 0. -0.], physical=[ 0. -0.]
solver time:  0.365375
plant_input_stage0: full=[-0.  0.], physical=[-0.  0.]
solver time:  0.381101
plant_input_stage0: full=[ 0. -0.], physical=[ 0. -0.]
solver time:  0.368539
plant_input_stage0: full=[-0.  0.], physical=[-0.  0.]
solver time:  0.393433
plant_input_stage0: full=[ 0. -0.], physical=[ 0. -0.]
solver time:  0.399303
plant_input_stage0: full=[-0.  0.], physical=[-0.  0.]
solver time:  0.39579
plant_input_stage0: full=[ 0. -0.], physical=[ 0. -0.]
solver time:  0.383621
plant_input_stage0: full=[-0.  0.], physical=[-0.  0.]
solver time:  0.437728
plant_input_stage0: full=[ 0. -0.], physical=[ 0. -0.]
solver time:  0.445017
plant_input_stage0: full=[-0.  0.], physical=[-0.  0.]
solver time:  0.413319
plant_input_stage0: full=[ 0. -0.], physical=[ 0. -0.]
solver time:  0.354754
plant_input_stage0: full=[-0.  0.], physical=[-0.  0.]
solver time:  0.389993
plant_input_stage0: full=[ 0. -0.], physical=[ 0. -0.]
solver time:  0.403593
plant_input_stage0: full=[-0.  0.], physical=[-0.  0.]
solver time:  0.390471
plant_input_stage0: full=[ 0. -0.], physical=[ 0. -0.]
solver time:  0.376281
plant_input_stage0: full=[0. 0.], physical=[0. 0.]
solver time:  0.37551
plant_input_stage0: full=[ 0. -0.], physical=[ 0. -0.]
solver time:  0.414656
plant_input_stage0: full=[0. 0.], physical=[0. 0.]
solver time:  0.410701
plant_input_stage0: full=[ 0. -0.], physical=[ 0. -0.]
solver time:  0.385601
plant_input_stage0: full=[-0.  0.], physical=[-0.  0.]
solver time:  0.392011
plant_input_stage0: full=[ 0. -0.], physical=[ 0. -0.]
solver time:  0.367841
plant_input_stage0: full=[-0.  0.], physical=[-0.  0.]
solver time:  0.357312
plant_input_stage0: full=[ 0. -0.], physical=[ 0. -0.]
solver time:  0.390905
plant_input_stage0: full=[-0.  0.], physical=[-0.  0.]
solver time:  0.392859
plant_input_stage0: full=[ 0. -0.], physical=[ 0. -0.]
solver time:  0.393213
plant_input_stage0: full=[-0.  0.], physical=[-0.  0.]
solver time:  0.349746
plant_input_stage0: full=[ 0. -0.], physical=[ 0. -0.]
solver time:  0.345585
plant_input_stage0: full=[-0.  0.], physical=[-0.  0.]
solver time:  0.355577
plant_input_stage0: full=[ 0. -0.], physical=[ 0. -0.]
solver time:  0.355689
plant_input_stage0: full=[-0.  0.], physical=[-0.  0.]
solver time:  0.347329
plant_input_stage0: full=[ 0. -0.], physical=[ 0. -0.]
solver time:  0.35134
plant_input_stage0: full=[-0.  0.], physical=[-0.  0.]
solver time:  0.356198
plant_input_stage0: full=[ 0. -0.], physical=[ 0. -0.]
solver time:  0.353839
plant_input_stage0: full=[-0.  0.], physical=[-0.  0.]
solver time:  0.352938
plant_input_stage0: full=[ 0. -0.], physical=[ 0. -0.]
solver time:  0.345591
plant_input_stage0: full=[-0.  0.], physical=[-0.  0.]
solver time:  0.357185
plant_input_stage0: full=[ 0. -0.], physical=[ 0. -0.]
solver time:  0.366823
plant_input_stage0: full=[-0.  0.], physical=[-0.  0.]
solver time:  0.352685
plant_input_stage0: full=[ 0. -0.], physical=[ 0. -0.]
시간 초과로 시뮬레이션 종료. 현재 위치: [0.50906 0.55911], 목적지까지 거리: 1.390m
Using obca optimizer with differential_drive dynamics:
median:  0.346523
std:  0.042898871067615536
min:  0.271694
max:  0.603348
Simulation finished.
Run outcome: status=timeout, reason=timeout, final_time=60.00000000000058, distance_to_goal=1.3899057440098288
Trial history saved to /home/taek111/projects/psdf_mpcc/benchmark_runs/navigation_comparison_20260907_seed42/obca/data/trial_history_MPC_OBCA_rectangle_maze_startseed42.csv
Trial history saved to /home/taek111/projects/psdf_mpcc/benchmark_runs/navigation_comparison_20260907_seed42/obca/data/trial_history_MPC_OBCA_rectangle_maze_startseed42.csv
{
  "status": "timeout",
  "failure_reason": "timeout",
  "goal_reached": false,
  "final_time": 60.00000000000058,
  "distance_to_goal": 1.3899057440098288,
  "start_perturbation": {
    "enabled": true,
    "seed": 42,
    "position_std": 0.005,
    "heading_std_deg": 0.0,
    "max_sigma": 3.0,
    "min_clearance": 0.01,
    "max_attempts": 1000,
    "nominal_pose": [
      0.075,
      0.7949999999999999,
      -1.5707963267948966
    ],
    "initial_pose": [
      0.07652358539877216,
      0.7898000794687975,
      -1.5707963267948966
    ],
    "delta_pose": [
      0.0015235853987721568,
      -0.005199920531202478,
      0.0
    ],
    "nominal_clearance": 0.029999999999999992,
    "initial_clearance": 0.028476414601227823,
    "attempts": 1
  },
  "method": "obca",
  "wall_seconds": 483.26156871999956,
  "error": null,
  "final_pose": [
    0.5090647794888078,
    0.5591128696039963,
    0.15150472016015107
  ],
  "goal_pose": [
    1.7999999999999998,
    0.09,
    0.0
  ],
  "distance_to_environment_goal": 1.3735285319149277,
  "optimizer_class": "OBCAOptimizer",
  "parameters": {
    "horizon": 11,
    "horizon_dcbf": 6,
    "mat_Q": [
      [
        100.0,
        0.0,
        0.0
      ],
      [
        0.0,
        100.0,
        0.0
      ],
      [
        0.0,
        0.0,
        1.0
      ]
    ],
    "mat_R": [
      [
        0.0,
        0.0
      ],
      [
        0.0,
        0.0
      ]
    ],
    "mat_Rold": [
      [
        0.0,
        0.0
      ],
      [
        0.0,
        0.0
      ]
    ],
    "mat_dR": [
      [
        0.0,
        0.0
      ],
      [
        0.0,
        0.0
      ]
    ],
    "gamma": 0.8,
    "pomega": 10.0,
    "margin_dist": 0.01,
    "terminal_weight": 10.0
  },
  "completed_steps": 600,
  "minimum_sampled_clearance": 0.01000267790844156,
  "minimum_clearance_time": 15.0,
  "contact_or_collision_samples": 0,
  "first_input": [
    0.4999999384767011,
    -0.3609456313624672
  ],
  "max_abs_inputs": [
    0.4999999741690324,
    0.500000009511745
  ],
  "solver_statuses": [
    {
      "raw_status": "Solve_Succeeded",
      "status_code": null,
      "success": true
    },
    {
      "raw_status": "Solve_Succeeded",
      "status_code": null,
      "success": true
    },
    {
      "raw_status": "Solve_Succeeded",
      "status_code": null,
      "success": true
    },
    {
      "raw_status": "Solve_Succeeded",
      "status_code": null,
      "success": true
    },
    {
      "raw_status": "Solve_Succeeded",
      "status_code": null,
      "success": true
    },
    {
      "raw_status": "Solve_Succeeded",
      "status_code": null,
      "success": true
    },
    {
      "raw_status": "Solve_Succeeded",
      "status_code": null,
      "success": true
    },
    {
      "raw_status": "Solve_Succeeded",
      "status_code": null,
      "success": true
    },
    {
      "raw_status": "Solve_Succeeded",
      "status_code": null,
      "success": true
    },
    {
      "raw_status": "Solve_Succeeded",
      "status_code": null,
      "success": true
    },
    {
      "raw_status": "Solve_Succeeded",
      "status_code": null,
      "success": true
    },
    {
      "raw_status": "Solve_Succeeded",
      "status_code": null,
      "success": true
    },
    {
      "raw_status": "Solve_Succeeded",
      "status_code": null,
      "success": true
    },
    {
      "raw_status": "Solve_Succeeded",
      "status_code": null,
      "success": true
    },
    {
      "raw_status": "Solve_Succeeded",
      "status_code": null,
      "success": true
    },
    {
      "raw_status": "Solve_Succeeded",
      "status_code": null,
      "success": true
    },
    {
      "raw_status": "Solve_Succeeded",
      "status_code": null,
      "success": true
    },
    {
      "raw_status": "Solve_Succeeded",
      "status_code": null,
      "success": true
    },
    {
      "raw_status": "Solve_Succeeded",
      "status_code": null,
      "success": true
    },
    {
      "raw_status": "Solve_Succeeded",
      "status_code": null,
      "success": true
    },
    {
      "raw_status": "Solve_Succeeded",
      "status_code": null,
      "success": true
    },
    {
      "raw_status": "Solve_Succeeded",
      "status_code": null,
      "success": true
    },
    {
      "raw_status": "Solve_Succeeded",
      "status_code": null,
      "success": true
    },
    {
      "raw_status": "Solve_Succeeded",
      "status_code": null,
      "success": true
    },
    {
      "raw_status": "Solve_Succeeded",
      "status_code": null,
      "success": true
    },
    {
      "raw_status": "Solve_Succeeded",
      "status_code": null,
      "success": true
    },
    {
      "raw_status": "Solve_Succeeded",
      "status_code": null,
      "success": true
    },
    {
      "raw_status": "Solve_Succeeded",
      "status_code": null,
      "success": true
    },
    {
      "raw_status": "Solve_Succeeded",
      "status_code": null,
      "success": true
    },
    {
      "raw_status": "Solve_Succeeded",
      "status_code": null,
      "success": true
    },
    {
      "raw_status": "Solve_Succeeded",
      "status_code": null,
      "success": true
    },
    {
      "raw_status": "Solve_Succeeded",
      "status_code": null,
      "success": true
    },
    {
      "raw_status": "Solve_Succeeded",
      "status_code": null,
      "success": true
    },
    {
      "raw_status": "Solve_Succeeded",
      "status_code": null,
      "success": true
    },
    {
      "raw_status": "Solve_Succeeded",
      "status_code": null,
      "success": true
    },
    {
      "raw_status": "Solve_Succeeded",
      "status_code": null,
      "success": true
    },
    {
      "raw_status": "Solve_Succeeded",
      "status_code": null,
      "success": true
    },
    {
      "raw_status": "Solve_Succeeded",
      "status_code": null,
      "success": true
    },
    {
      "raw_status": "Solve_Succeeded",
      "status_code": null,
      "success": true
    },
    {
      "raw_status": "Solve_Succeeded",
      "status_code": null,
      "success": true
    },
    {
      "raw_status": "Solve_Succeeded",
      "status_code": null,
      "success": true
    },
    {
      "raw_status": "Solve_Succeeded",
      "status_code": null,
      "success": true
    },
    {
      "raw_status": "Solve_Succeeded",
      "status_code": null,
      "success": true
    },
    {
      "raw_status": "Solve_Succeeded",
      "status_code": null,
      "success": true
    },
    {
      "raw_status": "Solve_Succeeded",
      "status_code": null,
      "success": true
    },
    {
      "raw_status": "Solve_Succeeded",
      "status_code": null,
      "success": true
    },
    {
      "raw_status": "Solve_Succeeded",
      "status_code": null,
      "success": true
    },
    {
      "raw_status": "Solve_Succeeded",
      "status_code": null,
      "success": true
    },
    {
      "raw_status": "Solve_Succeeded",
      "status_code": null,
      "success": true
    },
    {
      "raw_status": "Solve_Succeeded",
      "status_code": null,
      "success": true
    },
    {
      "raw_status": "Solve_Succeeded",
      "status_code": null,
      "success": true
    },
    {
      "raw_status": "Solve_Succeeded",
      "status_code": null,
      "success": true
    },
    {
      "raw_status": "Solve_Succeeded",
      "status_code": null,
      "success": true
    },
    {
      "raw_status": "Solve_Succeeded",
      "status_code": null,
      "success": true
    },
    {
      "raw_status": "Solve_Succeeded",
      "status_code": null,
      "success": true
    },
    {
      "raw_status": "Solve_Succeeded",
      "status_code": null,
      "success": true
    },
    {
      "raw_status": "Solve_Succeeded",
      "status_code": null,
      "success": true
    },
    {
      "raw_status": "Solve_Succeeded",
      "status_code": null,
      "success": true
    },
    {
      "raw_status": "Solve_Succeeded",
      "status_code": null,
      "success": true
    },
    {
      "raw_status": "Solve_Succeeded",
      "status_code": null,
      "success": true
    },
    {
      "raw_status": "Solve_Succeeded",
      "status_code": null,
      "success": true
    },
    {
      "raw_status": "Solve_Succeeded",
      "status_code": null,
      "success": true
    },
    {
      "raw_status": "Solve_Succeeded",
      "status_code": null,
      "success": true
    },
    {
      "raw_status": "Solve_Succeeded",
      "status_code": null,
      "success": true
    },
    {
      "raw_status": "Solve_Succeeded",
      "status_code": null,
      "success": true
    },
    {
      "raw_status": "Solve_Succeeded",
      "status_code": null,
      "success": true
    },
    {
      "raw_status": "Solve_Succeeded",
      "status_code": null,
      "success": true
    },
    {
      "raw_status": "Solve_Succeeded",
      "status_code": null,
      "success": true
    },
    {
      "raw_status": "Solve_Succeeded",
      "status_code": null,
      "success": true
    },
    {
      "raw_status": "Solve_Succeeded",
      "status_code": null,
      "success": true
    },
    {
      "raw_status": "Solve_Succeeded",
      "status_code": null,
      "success": true
    },
    {
      "raw_status": "Solve_Succeeded",
      "status_code": null,
      "success": true
    },
    {
      "raw_status": "Solve_Succeeded",
      "status_code": null,
      "success": true
    },
    {
      "raw_status": "Solve_Succeeded",
      "status_code": null,
      "success": true
    },
    {
      "raw_status": "Solve_Succeeded",
      "status_code": null,
      "success": true
    },
    {
      "raw_status": "Solve_Succeeded",
      "status_code": null,
      "success": true
    },
    {
      "raw_status": "Solve_Succeeded",
      "status_code": null,
      "success": true
    },
    {
      "raw_status": "Solve_Succeeded",
      "status_code": null,
      "success": true
    },
    {
      "raw_status": "Solve_Succeeded",
      "status_code": null,
      "success": true
    },
    {
      "raw_status": "Solve_Succeeded",
      "status_code": null,
      "success": true
    },
    {
      "raw_status": "Solve_Succeeded",
      "status_code": null,
      "success": true
    },
    {
      "raw_status": "Solve_Succeeded",
      "status_code": null,
      "success": true
    },
    {
      "raw_status": "Solve_Succeeded",
      "status_code": null,
      "success": true
    },
    {
      "raw_status": "Solve_Succeeded",
      "status_code": null,
      "success": true
    },
    {
      "raw_status": "Solve_Succeeded",
      "status_code": null,
      "success": true
    },
    {
      "raw_status": "Solve_Succeeded",
      "status_code": null,
      "success": true
    },
    {
      "raw_status": "Solve_Succeeded",
      "status_code": null,
      "success": true
    },
    {
      "raw_status": "Solve_Succeeded",
      "status_code": null,
      "success": true
    },
    {
      "raw_status": "Solve_Succeeded",
      "status_code": null,
      "success": true
    },
    {
      "raw_status": "Solve_Succeeded",
      "status_code": null,
      "success": true
    },
    {
      "raw_status": "Solve_Succeeded",
      "status_code": null,
      "success": true
    },
    {
      "raw_status": "Solve_Succeeded",
      "status_code": null,
      "success": true
    },
    {
      "raw_status": "Solve_Succeeded",
      "status_code": null,
      "success": true
    },
    {
      "raw_status": "Solve_Succeeded",
      "status_code": null,
      "success": true
    },
    {
      "raw_status": "Solve_Succeeded",
      "status_code": null,
      "success": true
    },
    {
      "raw_status": "Solve_Succeeded",
      "status_code": null,
      "success": true
    },
    {
      "raw_status": "Solve_Succeeded",
      "status_code": null,
      "success": true
    },
    {
      "raw_status": "Solve_Succeeded",
      "status_code": null,
      "success": true
    },
    {
      "raw_status": "Solve_Succeeded",
      "status_code": null,
      "success": true
    },
    {
      "raw_status": "Solve_Succeeded",
      "status_code": null,
      "success": true
    },
    {
      "raw_status": "Solve_Succeeded",
      "status_code": null,
      "success": true
    },
    {
      "raw_status": "Solve_Succeeded",
      "status_code": null,
      "success": true
    },
    {
      "raw_status": "Solve_Succeeded",
      "status_code": null,
      "success": true
    },
    {
      "raw_status": "Solve_Succeeded",
      "status_code": null,
      "success": true
    },
    {
      "raw_status": "Solve_Succeeded",
      "status_code": null,
      "success": true
    },
    {
      "raw_status": "Solve_Succeeded",
      "status_code": null,
      "success": true
    },
    {
      "raw_status": "Solve_Succeeded",
      "status_code": null,
      "success": true
    },
    {
      "raw_status": "Solve_Succeeded",
      "status_code": null,
      "success": true
    },
    {
      "raw_status": "Solve_Succeeded",
      "status_code": null,
      "success": true
    },
    {
      "raw_status": "Solve_Succeeded",
      "status_code": null,
      "success": true
    },
    {
      "raw_status": "Solve_Succeeded",
      "status_code": null,
      "success": true
    },
    {
      "raw_status": "Solve_Succeeded",
      "status_code": null,
      "success": true
    },
    {
      "raw_status": "Solve_Succeeded",
      "status_code": null,
      "success": true
    },
    {
      "raw_status": "Solve_Succeeded",
      "status_code": null,
      "success": true
    },
    {
      "raw_status": "Solve_Succeeded",
      "status_code": null,
      "success": true
    },
    {
      "raw_status": "Solve_Succeeded",
      "status_code": null,
      "success": true
    },
    {
      "raw_status": "Solve_Succeeded",
      "status_code": null,
      "success": true
    },
    {
      "raw_status": "Solve_Succeeded",
      "status_code": null,
      "success": true
    },
    {
      "raw_status": "Solve_Succeeded",
      "status_code": null,
      "success": true
    },
    {
      "raw_status": "Solve_Succeeded",
      "status_code": null,
      "success": true
    },
    {
      "raw_status": "Solve_Succeeded",
      "status_code": null,
      "success": true
    },
    {
      "raw_status": "Solve_Succeeded",
      "status_code": null,
      "success": true
    },
    {
      "raw_status": "Solve_Succeeded",
      "status_code": null,
      "success": true
    },
    {
      "raw_status": "Solve_Succeeded",
      "status_code": null,
      "success": true
    },
    {
      "raw_status": "Solve_Succeeded",
      "status_code": null,
      "success": true
    },
    {
      "raw_status": "Solve_Succeeded",
      "status_code": null,
      "success": true
    },
    {
      "raw_status": "Solve_Succeeded",
      "status_code": null,
      "success": true
    },
    {
      "raw_status": "Solve_Succeeded",
      "status_code": null,
      "success": true
    },
    {
      "raw_status": "Solve_Succeeded",
      "status_code": null,
      "success": true
    },
    {
      "raw_status": "Solve_Succeeded",
      "status_code": null,
      "success": true
    },
    {
      "raw_status": "Solve_Succeeded",
      "status_code": null,
      "success": true
    },
    {
      "raw_status": "Solve_Succeeded",
      "status_code": null,
      "success": true
    },
    {
      "raw_status": "Solve_Succeeded",
      "status_code": null,
      "success": true
    },
    {
      "raw_status": "Solve_Succeeded",
      "status_code": null,
      "success": true
    },
    {
      "raw_status": "Solve_Succeeded",
      "status_code": null,
      "success": true
    },
    {
      "raw_status": "Solve_Succeeded",
      "status_code": null,
      "success": true
    },
    {
      "raw_status": "Solve_Succeeded",
      "status_code": null,
      "success": true
    },
    {
      "raw_status": "Solve_Succeeded",
      "status_code": null,
      "success": true
    },
    {
      "raw_status": "Solve_Succeeded",
      "status_code": null,
      "success": true
    },
    {
      "raw_status": "Solve_Succeeded",
      "status_code": null,
      "success": true
    },
    {
      "raw_status": "Solve_Succeeded",
      "status_code": null,
      "success": true
    },
    {
      "raw_status": "Solve_Succeeded",
      "status_code": null,
      "success": true
    },
    {
      "raw_status": "Solve_Succeeded",
      "status_code": null,
      "success": true
    },
    {
      "raw_status": "Solve_Succeeded",
      "status_code": null,
      "success": true
    },
    {
      "raw_status": "Solve_Succeeded",
      "status_code": null,
      "success": true
    },
    {
      "raw_status": "Solve_Succeeded",
      "status_code": null,
      "success": true
    },
    {
      "raw_status": "Solve_Succeeded",
      "status_code": null,
      "success": true
    },
    {
      "raw_status": "Solve_Succeeded",
      "status_code": null,
      "success": true
    },
    {
      "raw_status": "Solve_Succeeded",
      "status_code": null,
      "success": true
    },
    {
      "raw_status": "Solve_Succeeded",
      "status_code": null,
      "success": true
    },
    {
      "raw_status": "Solve_Succeeded",
      "status_code": null,
      "success": true
    },
    {
      "raw_status": "Solve_Succeeded",
      "status_code": null,
      "success": true
    },
    {
      "raw_status": "Solve_Succeeded",
      "status_code": null,
      "success": true
    },
    {
      "raw_status": "Solve_Succeeded",
      "status_code": null,
      "success": true
    },
    {
      "raw_status": "Solve_Succeeded",
      "status_code": null,
      "success": true
    },
    {
      "raw_status": "Solve_Succeeded",
      "status_code": null,
      "success": true
    },
    {
      "raw_status": "Solve_Succeeded",
      "status_code": null,
      "success": true
    },
    {
      "raw_status": "Solve_Succeeded",
      "status_code": null,
      "success": true
    },
    {
      "raw_status": "Solve_Succeeded",
      "status_code": null,
      "success": true
    },
    {
      "raw_status": "Solve_Succeeded",
      "status_code": null,
      "success": true
    },
    {
      "raw_status": "Solve_Succeeded",
      "status_code": null,
      "success": true
    },
    {
      "raw_status": "Solve_Succeeded",
      "status_code": null,
      "success": true
    },
    {
      "raw_status": "Solve_Succeeded",
      "status_code": null,
      "success": true
    },
    {
      "raw_status": "Solve_Succeeded",
      "status_code": null,
      "success": true
    },
    {
      "raw_status": "Solve_Succeeded",
      "status_code": null,
      "success": true
    },
    {
      "raw_status": "Solve_Succeeded",
      "status_code": null,
      "success": true
    },
    {
      "raw_status": "Solve_Succeeded",
      "status_code": null,
      "success": true
    },
    {
      "raw_status": "Solve_Succeeded",
      "status_code": null,
      "success": true
    },
    {
      "raw_status": "Solve_Succeeded",
      "status_code": null,
      "success": true
    },
    {
      "raw_status": "Solve_Succeeded",
      "status_code": null,
      "success": true
    },
    {
      "raw_status": "Solve_Succeeded",
      "status_code": null,
      "success": true
    },
    {
      "raw_status": "Solve_Succeeded",
      "status_code": null,
      "success": true
    },
    {
      "raw_status": "Solve_Succeeded",
      "status_code": null,
      "success": true
    },
    {
      "raw_status": "Solve_Succeeded",
      "status_code": null,
      "success": true
    },
    {
      "raw_status": "Solve_Succeeded",
      "status_code": null,
      "success": true
    },
    {
      "raw_status": "Solve_Succeeded",
      "status_code": null,
      "success": true
    },
    {
      "raw_status": "Solve_Succeeded",
      "status_code": null,
      "success": true
    },
    {
      "raw_status": "Solve_Succeeded",
      "status_code": null,
      "success": true
    },
    {
      "raw_status": "Solve_Succeeded",
      "status_code": null,
      "success": true
    },
    {
      "raw_status": "Solve_Succeeded",
      "status_code": null,
      "success": true
    },
    {
      "raw_status": "Solve_Succeeded",
      "status_code": null,
      "success": true
    },
    {
      "raw_status": "Solve_Succeeded",
      "status_code": null,
      "success": true
    },
    {
      "raw_status": "Solve_Succeeded",
      "status_code": null,
      "success": true
    },
    {
      "raw_status": "Solve_Succeeded",
      "status_code": null,
      "success": true
    },
    {
      "raw_status": "Solve_Succeeded",
      "status_code": null,
      "success": true
    },
    {
      "raw_status": "Solve_Succeeded",
      "status_code": null,
      "success": true
    },
    {
      "raw_status": "Solve_Succeeded",
      "status_code": null,
      "success": true
    },
    {
      "raw_status": "Solve_Succeeded",
      "status_code": null,
      "success": true
    },
    {
      "raw_status": "Solve_Succeeded",
      "status_code": null,
      "success": true
    },
    {
      "raw_status": "Solve_Succeeded",
      "status_code": null,
      "success": true
    },
    {
      "raw_status": "Solve_Succeeded",
      "status_code": null,
      "success": true
    },
    {
      "raw_status": "Solve_Succeeded",
      "status_code": null,
      "success": true
    },
    {
      "raw_status": "Solve_Succeeded",
      "status_code": null,
      "success": true
    },
    {
      "raw_status": "Solve_Succeeded",
      "status_code": null,
      "success": true
    },
    {
      "raw_status": "Solve_Succeeded",
      "status_code": null,
      "success": true
    },
    {
      "raw_status": "Solve_Succeeded",
      "status_code": null,
      "success": true
    },
    {
      "raw_status": "Solve_Succeeded",
      "status_code": null,
      "success": true
    },
    {
      "raw_status": "Solve_Succeeded",
      "status_code": null,
      "success": true
    },
    {
      "raw_status": "Solve_Succeeded",
      "status_code": null,
      "success": true
    },
    {
      "raw_status": "Solve_Succeeded",
      "status_code": null,
      "success": true
    },
    {
      "raw_status": "Solve_Succeeded",
      "status_code": null,
      "success": true
    },
    {
      "raw_status": "Solve_Succeeded",
      "status_code": null,
      "success": true
    },
    {
      "raw_status": "Solve_Succeeded",
      "status_code": null,
      "success": true
    },
    {
      "raw_status": "Solve_Succeeded",
      "status_code": null,
      "success": true
    },
    {
      "raw_status": "Solve_Succeeded",
      "status_code": null,
      "success": true
    },
    {
      "raw_status": "Solve_Succeeded",
      "status_code": null,
      "success": true
    },
    {
      "raw_status": "Solve_Succeeded",
      "status_code": null,
      "success": true
    },
    {
      "raw_status": "Solve_Succeeded",
      "status_code": null,
      "success": true
    },
    {
      "raw_status": "Solve_Succeeded",
      "status_code": null,
      "success": true
    },
    {
      "raw_status": "Solve_Succeeded",
      "status_code": null,
      "success": true
    },
    {
      "raw_status": "Solve_Succeeded",
      "status_code": null,
      "success": true
    },
    {
      "raw_status": "Solve_Succeeded",
      "status_code": null,
      "success": true
    },
    {
      "raw_status": "Solve_Succeeded",
      "status_code": null,
      "success": true
    },
    {
      "raw_status": "Solve_Succeeded",
      "status_code": null,
      "success": true
    },
    {
      "raw_status": "Solve_Succeeded",
      "status_code": null,
      "success": true
    },
    {
      "raw_status": "Solve_Succeeded",
      "status_code": null,
      "success": true
    },
    {
      "raw_status": "Solve_Succeeded",
      "status_code": null,
      "success": true
    },
    {
      "raw_status": "Solve_Succeeded",
      "status_code": null,
      "success": true
    },
    {
      "raw_status": "Solve_Succeeded",
      "status_code": null,
      "success": true
    },
    {
      "raw_status": "Solve_Succeeded",
      "status_code": null,
      "success": true
    },
    {
      "raw_status": "Solve_Succeeded",
      "status_code": null,
      "success": true
    },
    {
      "raw_status": "Solve_Succeeded",
      "status_code": null,
      "success": true
    },
    {
      "raw_status": "Solve_Succeeded",
      "status_code": null,
      "success": true
    },
    {
      "raw_status": "Solve_Succeeded",
      "status_code": null,
      "success": true
    },
    {
      "raw_status": "Solve_Succeeded",
      "status_code": null,
      "success": true
    },
    {
      "raw_status": "Solve_Succeeded",
      "status_code": null,
      "success": true
    },
    {
      "raw_status": "Solve_Succeeded",
      "status_code": null,
      "success": true
    },
    {
      "raw_status": "Solve_Succeeded",
      "status_code": null,
      "success": true
    },
    {
      "raw_status": "Solve_Succeeded",
      "status_code": null,
      "success": true
    },
    {
      "raw_status": "Solve_Succeeded",
      "status_code": null,
      "success": true
    },
    {
      "raw_status": "Solve_Succeeded",
      "status_code": null,
      "success": true
    },
    {
      "raw_status": "Solve_Succeeded",
      "status_code": null,
      "success": true
    },
    {
      "raw_status": "Solve_Succeeded",
      "status_code": null,
      "success": true
    },
    {
      "raw_status": "Solve_Succeeded",
      "status_code": null,
      "success": true
    },
    {
      "raw_status": "Solve_Succeeded",
      "status_code": null,
      "success": true
    },
    {
      "raw_status": "Solve_Succeeded",
      "status_code": null,
      "success": true
    },
    {
      "raw_status": "Solve_Succeeded",
      "status_code": null,
      "success": true
    },
    {
      "raw_status": "Solve_Succeeded",
      "status_code": null,
      "success": true
    },
    {
      "raw_status": "Solve_Succeeded",
      "status_code": null,
      "success": true
    },
    {
      "raw_status": "Solve_Succeeded",
      "status_code": null,
      "success": true
    },
    {
      "raw_status": "Solve_Succeeded",
      "status_code": null,
      "success": true
    },
    {
      "raw_status": "Solve_Succeeded",
      "status_code": null,
      "success": true
    },
    {
      "raw_status": "Solve_Succeeded",
      "status_code": null,
      "success": true
    },
    {
      "raw_status": "Solve_Succeeded",
      "status_code": null,
      "success": true
    },
    {
      "raw_status": "Solve_Succeeded",
      "status_code": null,
      "success": true
    },
    {
      "raw_status": "Solve_Succeeded",
      "status_code": null,
      "success": true
    },
    {
      "raw_status": "Solve_Succeeded",
      "status_code": null,
      "success": true
    },
    {
      "raw_status": "Solve_Succeeded",
      "status_code": null,
      "success": true
    },
    {
      "raw_status": "Solve_Succeeded",
      "status_code": null,
      "success": true
    },
    {
      "raw_status": "Solve_Succeeded",
      "status_code": null,
      "success": true
    },
    {
      "raw_status": "Solve_Succeeded",
      "status_code": null,
      "success": true
    },
    {
      "raw_status": "Solve_Succeeded",
      "status_code": null,
      "success": true
    },
    {
      "raw_status": "Solve_Succeeded",
      "status_code": null,
      "success": true
    },
    {
      "raw_status": "Solve_Succeeded",
      "status_code": null,
      "success": true
    },
    {
      "raw_status": "Solve_Succeeded",
      "status_code": null,
      "success": true
    },
    {
      "raw_status": "Solve_Succeeded",
      "status_code": null,
      "success": true
    },
    {
      "raw_status": "Solve_Succeeded",
      "status_code": null,
      "success": true
    },
    {
      "raw_status": "Solve_Succeeded",
      "status_code": null,
      "success": true
    },
    {
      "raw_status": "Solve_Succeeded",
      "status_code": null,
      "success": true
    },
    {
      "raw_status": "Solve_Succeeded",
      "status_code": null,
      "success": true
    },
    {
      "raw_status": "Solve_Succeeded",
      "status_code": null,
      "success": true
    },
    {
      "raw_status": "Solve_Succeeded",
      "status_code": null,
      "success": true
    },
    {
      "raw_status": "Solve_Succeeded",
      "status_code": null,
      "success": true
    },
    {
      "raw_status": "Solve_Succeeded",
      "status_code": null,
      "success": true
    },
    {
      "raw_status": "Solve_Succeeded",
      "status_code": null,
      "success": true
    },
    {
      "raw_status": "Solve_Succeeded",
      "status_code": null,
      "success": true
    },
    {
      "raw_status": "Solve_Succeeded",
      "status_code": null,
      "success": true
    },
    {
      "raw_status": "Solve_Succeeded",
      "status_code": null,
      "success": true
    },
    {
      "raw_status": "Solve_Succeeded",
      "status_code": null,
      "success": true
    },
    {
      "raw_status": "Solve_Succeeded",
      "status_code": null,
      "success": true
    },
    {
      "raw_status": "Solve_Succeeded",
      "status_code": null,
      "success": true
    },
    {
      "raw_status": "Solve_Succeeded",
      "status_code": null,
      "success": true
    },
    {
      "raw_status": "Solve_Succeeded",
      "status_code": null,
      "success": true
    },
    {
      "raw_status": "Solve_Succeeded",
      "status_code": null,
      "success": true
    },
    {
      "raw_status": "Solve_Succeeded",
      "status_code": null,
      "success": true
    },
    {
      "raw_status": "Solve_Succeeded",
      "status_code": null,
      "success": true
    },
    {
      "raw_status": "Solve_Succeeded",
      "status_code": null,
      "success": true
    },
    {
      "raw_status": "Solve_Succeeded",
      "status_code": null,
      "success": true
    },
    {
      "raw_status": "Solve_Succeeded",
      "status_code": null,
      "success": true
    },
    {
      "raw_status": "Solve_Succeeded",
      "status_code": null,
      "success": true
    },
    {
      "raw_status": "Solve_Succeeded",
      "status_code": null,
      "success": true
    },
    {
      "raw_status": "Solve_Succeeded",
      "status_code": null,
      "success": true
    },
    {
      "raw_status": "Solve_Succeeded",
      "status_code": null,
      "success": true
    },
    {
      "raw_status": "Solve_Succeeded",
      "status_code": null,
      "success": true
    },
    {
      "raw_status": "Solve_Succeeded",
      "status_code": null,
      "success": true
    },
    {
      "raw_status": "Solve_Succeeded",
      "status_code": null,
      "success": true
    },
    {
      "raw_status": "Solve_Succeeded",
      "status_code": null,
      "success": true
    },
    {
      "raw_status": "Solve_Succeeded",
      "status_code": null,
      "success": true
    },
    {
      "raw_status": "Solve_Succeeded",
      "status_code": null,
      "success": true
    },
    {
      "raw_status": "Solve_Succeeded",
      "status_code": null,
      "success": true
    },
    {
      "raw_status": "Solve_Succeeded",
      "status_code": null,
      "success": true
    },
    {
      "raw_status": "Solve_Succeeded",
      "status_code": null,
      "success": true
    },
    {
      "raw_status": "Solve_Succeeded",
      "status_code": null,
      "success": true
    },
    {
      "raw_status": "Solve_Succeeded",
      "status_code": null,
      "success": true
    },
    {
      "raw_status": "Solve_Succeeded",
      "status_code": null,
      "success": true
    },
    {
      "raw_status": "Solve_Succeeded",
      "status_code": null,
      "success": true
    },
    {
      "raw_status": "Solve_Succeeded",
      "status_code": null,
      "success": true
    },
    {
      "raw_status": "Solve_Succeeded",
      "status_code": null,
      "success": true
    },
    {
      "raw_status": "Solve_Succeeded",
      "status_code": null,
      "success": true
    },
    {
      "raw_status": "Solve_Succeeded",
      "status_code": null,
      "success": true
    },
    {
      "raw_status": "Solve_Succeeded",
      "status_code": null,
      "success": true
    },
    {
      "raw_status": "Solve_Succeeded",
      "status_code": null,
      "success": true
    },
    {
      "raw_status": "Solve_Succeeded",
      "status_code": null,
      "success": true
    },
    {
      "raw_status": "Solve_Succeeded",
      "status_code": null,
      "success": true
    },
    {
      "raw_status": "Solve_Succeeded",
      "status_code": null,
      "success": true
    },
    {
      "raw_status": "Solve_Succeeded",
      "status_code": null,
      "success": true
    },
    {
      "raw_status": "Solve_Succeeded",
      "status_code": null,
      "success": true
    },
    {
      "raw_status": "Solve_Succeeded",
      "status_code": null,
      "success": true
    },
    {
      "raw_status": "Solve_Succeeded",
      "status_code": null,
      "success": true
    },
    {
      "raw_status": "Solve_Succeeded",
      "status_code": null,
      "success": true
    },
    {
      "raw_status": "Solve_Succeeded",
      "status_code": null,
      "success": true
    },
    {
      "raw_status": "Solve_Succeeded",
      "status_code": null,
      "success": true
    },
    {
      "raw_status": "Solve_Succeeded",
      "status_code": null,
      "success": true
    },
    {
      "raw_status": "Solve_Succeeded",
      "status_code": null,
      "success": true
    },
    {
      "raw_status": "Solve_Succeeded",
      "status_code": null,
      "success": true
    },
    {
      "raw_status": "Solve_Succeeded",
      "status_code": null,
      "success": true
    },
    {
      "raw_status": "Solve_Succeeded",
      "status_code": null,
      "success": true
    },
    {
      "raw_status": "Solve_Succeeded",
      "status_code": null,
      "success": true
    },
    {
      "raw_status": "Solve_Succeeded",
      "status_code": null,
      "success": true
    },
    {
      "raw_status": "Solve_Succeeded",
      "status_code": null,
      "success": true
    },
    {
      "raw_status": "Solve_Succeeded",
      "status_code": null,
      "success": true
    },
    {
      "raw_status": "Solve_Succeeded",
      "status_code": null,
      "success": true
    },
    {
      "raw_status": "Solve_Succeeded",
      "status_code": null,
      "success": true
    },
    {
      "raw_status": "Solve_Succeeded",
      "status_code": null,
      "success": true
    },
    {
      "raw_status": "Solve_Succeeded",
      "status_code": null,
      "success": true
    },
    {
      "raw_status": "Solve_Succeeded",
      "status_code": null,
      "success": true
    },
    {
      "raw_status": "Solve_Succeeded",
      "status_code": null,
      "success": true
    },
    {
      "raw_status": "Solve_Succeeded",
      "status_code": null,
      "success": true
    },
    {
      "raw_status": "Solve_Succeeded",
      "status_code": null,
      "success": true
    },
    {
      "raw_status": "Solve_Succeeded",
      "status_code": null,
      "success": true
    },
    {
      "raw_status": "Solve_Succeeded",
      "status_code": null,
      "success": true
    },
    {
      "raw_status": "Solve_Succeeded",
      "status_code": null,
      "success": true
    },
    {
      "raw_status": "Solve_Succeeded",
      "status_code": null,
      "success": true
    },
    {
      "raw_status": "Solve_Succeeded",
      "status_code": null,
      "success": true
    },
    {
      "raw_status": "Solve_Succeeded",
      "status_code": null,
      "success": true
    },
    {
      "raw_status": "Solve_Succeeded",
      "status_code": null,
      "success": true
    },
    {
      "raw_status": "Solve_Succeeded",
      "status_code": null,
      "success": true
    },
    {
      "raw_status": "Solve_Succeeded",
      "status_code": null,
      "success": true
    },
    {
      "raw_status": "Solve_Succeeded",
      "status_code": null,
      "success": true
    },
    {
      "raw_status": "Solve_Succeeded",
      "status_code": null,
      "success": true
    },
    {
      "raw_status": "Solve_Succeeded",
      "status_code": null,
      "success": true
    },
    {
      "raw_status": "Solve_Succeeded",
      "status_code": null,
      "success": true
    },
    {
      "raw_status": "Solve_Succeeded",
      "status_code": null,
      "success": true
    },
    {
      "raw_status": "Solve_Succeeded",
      "status_code": null,
      "success": true
    },
    {
      "raw_status": "Solve_Succeeded",
      "status_code": null,
      "success": true
    },
    {
      "raw_status": "Solve_Succeeded",
      "status_code": null,
      "success": true
    },
    {
      "raw_status": "Solve_Succeeded",
      "status_code": null,
      "success": true
    },
    {
      "raw_status": "Solve_Succeeded",
      "status_code": null,
      "success": true
    },
    {
      "raw_status": "Solve_Succeeded",
      "status_code": null,
      "success": true
    },
    {
      "raw_status": "Solve_Succeeded",
      "status_code": null,
      "success": true
    },
    {
      "raw_status": "Solve_Succeeded",
      "status_code": null,
      "success": true
    },
    {
      "raw_status": "Solve_Succeeded",
      "status_code": null,
      "success": true
    },
    {
      "raw_status": "Solve_Succeeded",
      "status_code": null,
      "success": true
    },
    {
      "raw_status": "Solve_Succeeded",
      "status_code": null,
      "success": true
    },
    {
      "raw_status": "Solve_Succeeded",
      "status_code": null,
      "success": true
    },
    {
      "raw_status": "Solve_Succeeded",
      "status_code": null,
      "success": true
    },
    {
      "raw_status": "Solve_Succeeded",
      "status_code": null,
      "success": true
    },
    {
      "raw_status": "Solve_Succeeded",
      "status_code": null,
      "success": true
    },
    {
      "raw_status": "Solve_Succeeded",
      "status_code": null,
      "success": true
    },
    {
      "raw_status": "Solve_Succeeded",
      "status_code": null,
      "success": true
    },
    {
      "raw_status": "Solve_Succeeded",
      "status_code": null,
      "success": true
    },
    {
      "raw_status": "Solve_Succeeded",
      "status_code": null,
      "success": true
    },
    {
      "raw_status": "Solve_Succeeded",
      "status_code": null,
      "success": true
    },
    {
      "raw_status": "Solve_Succeeded",
      "status_code": null,
      "success": true
    },
    {
      "raw_status": "Solve_Succeeded",
      "status_code": null,
      "success": true
    },
    {
      "raw_status": "Solve_Succeeded",
      "status_code": null,
      "success": true
    },
    {
      "raw_status": "Solve_Succeeded",
      "status_code": null,
      "success": true
    },
    {
      "raw_status": "Solve_Succeeded",
      "status_code": null,
      "success": true
    },
    {
      "raw_status": "Solve_Succeeded",
      "status_code": null,
      "success": true
    },
    {
      "raw_status": "Solve_Succeeded",
      "status_code": null,
      "success": true
    },
    {
      "raw_status": "Solve_Succeeded",
      "status_code": null,
      "success": true
    },
    {
      "raw_status": "Solve_Succeeded",
      "status_code": null,
      "success": true
    },
    {
      "raw_status": "Solve_Succeeded",
      "status_code": null,
      "success": true
    },
    {
      "raw_status": "Solve_Succeeded",
      "status_code": null,
      "success": true
    },
    {
      "raw_status": "Solve_Succeeded",
      "status_code": null,
      "success": true
    },
    {
      "raw_status": "Solve_Succeeded",
      "status_code": null,
      "success": true
    },
    {
      "raw_status": "Solve_Succeeded",
      "status_code": null,
      "success": true
    },
    {
      "raw_status": "Solve_Succeeded",
      "status_code": null,
      "success": true
    },
    {
      "raw_status": "Solve_Succeeded",
      "status_code": null,
      "success": true
    },
    {
      "raw_status": "Solve_Succeeded",
      "status_code": null,
      "success": true
    },
    {
      "raw_status": "Solve_Succeeded",
      "status_code": null,
      "success": true
    },
    {
      "raw_status": "Solve_Succeeded",
      "status_code": null,
      "success": true
    },
    {
      "raw_status": "Solve_Succeeded",
      "status_code": null,
      "success": true
    },
    {
      "raw_status": "Solve_Succeeded",
      "status_code": null,
      "success": true
    },
    {
      "raw_status": "Solve_Succeeded",
      "status_code": null,
      "success": true
    },
    {
      "raw_status": "Solve_Succeeded",
      "status_code": null,
      "success": true
    },
    {
      "raw_status": "Solve_Succeeded",
      "status_code": null,
      "success": true
    },
    {
      "raw_status": "Solve_Succeeded",
      "status_code": null,
      "success": true
    },
    {
      "raw_status": "Solve_Succeeded",
      "status_code": null,
      "success": true
    },
    {
      "raw_status": "Solve_Succeeded",
      "status_code": null,
      "success": true
    },
    {
      "raw_status": "Solve_Succeeded",
      "status_code": null,
      "success": true
    },
    {
      "raw_status": "Solve_Succeeded",
      "status_code": null,
      "success": true
    },
    {
      "raw_status": "Solve_Succeeded",
      "status_code": null,
      "success": true
    },
    {
      "raw_status": "Solve_Succeeded",
      "status_code": null,
      "success": true
    },
    {
      "raw_status": "Solve_Succeeded",
      "status_code": null,
      "success": true
    },
    {
      "raw_status": "Solve_Succeeded",
      "status_code": null,
      "success": true
    },
    {
      "raw_status": "Solve_Succeeded",
      "status_code": null,
      "success": true
    },
    {
      "raw_status": "Solve_Succeeded",
      "status_code": null,
      "success": true
    },
    {
      "raw_status": "Solve_Succeeded",
      "status_code": null,
      "success": true
    },
    {
      "raw_status": "Solve_Succeeded",
      "status_code": null,
      "success": true
    },
    {
      "raw_status": "Solve_Succeeded",
      "status_code": null,
      "success": true
    },
    {
      "raw_status": "Solve_Succeeded",
      "status_code": null,
      "success": true
    },
    {
      "raw_status": "Solve_Succeeded",
      "status_code": null,
      "success": true
    },
    {
      "raw_status": "Solve_Succeeded",
      "status_code": null,
      "success": true
    },
    {
      "raw_status": "Solve_Succeeded",
      "status_code": null,
      "success": true
    },
    {
      "raw_status": "Solve_Succeeded",
      "status_code": null,
      "success": true
    },
    {
      "raw_status": "Solve_Succeeded",
      "status_code": null,
      "success": true
    },
    {
      "raw_status": "Solve_Succeeded",
      "status_code": null,
      "success": true
    },
    {
      "raw_status": "Solve_Succeeded",
      "status_code": null,
      "success": true
    },
    {
      "raw_status": "Solve_Succeeded",
      "status_code": null,
      "success": true
    },
    {
      "raw_status": "Solve_Succeeded",
      "status_code": null,
      "success": true
    },
    {
      "raw_status": "Solve_Succeeded",
      "status_code": null,
      "success": true
    },
    {
      "raw_status": "Solve_Succeeded",
      "status_code": null,
      "success": true
    },
    {
      "raw_status": "Solve_Succeeded",
      "status_code": null,
      "success": true
    },
    {
      "raw_status": "Solve_Succeeded",
      "status_code": null,
      "success": true
    },
    {
      "raw_status": "Solve_Succeeded",
      "status_code": null,
      "success": true
    },
    {
      "raw_status": "Solve_Succeeded",
      "status_code": null,
      "success": true
    },
    {
      "raw_status": "Solve_Succeeded",
      "status_code": null,
      "success": true
    },
    {
      "raw_status": "Solve_Succeeded",
      "status_code": null,
      "success": true
    },
    {
      "raw_status": "Solve_Succeeded",
      "status_code": null,
      "success": true
    },
    {
      "raw_status": "Solve_Succeeded",
      "status_code": null,
      "success": true
    },
    {
      "raw_status": "Solve_Succeeded",
      "status_code": null,
      "success": true
    },
    {
      "raw_status": "Solve_Succeeded",
      "status_code": null,
      "success": true
    },
    {
      "raw_status": "Solve_Succeeded",
      "status_code": null,
      "success": true
    },
    {
      "raw_status": "Solve_Succeeded",
      "status_code": null,
      "success": true
    },
    {
      "raw_status": "Solve_Succeeded",
      "status_code": null,
      "success": true
    },
    {
      "raw_status": "Solve_Succeeded",
      "status_code": null,
      "success": true
    },
    {
      "raw_status": "Solve_Succeeded",
      "status_code": null,
      "success": true
    },
    {
      "raw_status": "Solve_Succeeded",
      "status_code": null,
      "success": true
    },
    {
      "raw_status": "Solve_Succeeded",
      "status_code": null,
      "success": true
    },
    {
      "raw_status": "Solve_Succeeded",
      "status_code": null,
      "success": true
    },
    {
      "raw_status": "Solve_Succeeded",
      "status_code": null,
      "success": true
    },
    {
      "raw_status": "Solve_Succeeded",
      "status_code": null,
      "success": true
    },
    {
      "raw_status": "Solve_Succeeded",
      "status_code": null,
      "success": true
    },
    {
      "raw_status": "Solve_Succeeded",
      "status_code": null,
      "success": true
    },
    {
      "raw_status": "Solve_Succeeded",
      "status_code": null,
      "success": true
    },
    {
      "raw_status": "Solve_Succeeded",
      "status_code": null,
      "success": true
    },
    {
      "raw_status": "Solve_Succeeded",
      "status_code": null,
      "success": true
    },
    {
      "raw_status": "Solve_Succeeded",
      "status_code": null,
      "success": true
    },
    {
      "raw_status": "Solve_Succeeded",
      "status_code": null,
      "success": true
    },
    {
      "raw_status": "Solve_Succeeded",
      "status_code": null,
      "success": true
    },
    {
      "raw_status": "Solve_Succeeded",
      "status_code": null,
      "success": true
    },
    {
      "raw_status": "Solve_Succeeded",
      "status_code": null,
      "success": true
    },
    {
      "raw_status": "Solve_Succeeded",
      "status_code": null,
      "success": true
    },
    {
      "raw_status": "Solve_Succeeded",
      "status_code": null,
      "success": true
    },
    {
      "raw_status": "Solve_Succeeded",
      "status_code": null,
      "success": true
    },
    {
      "raw_status": "Solve_Succeeded",
      "status_code": null,
      "success": true
    },
    {
      "raw_status": "Solve_Succeeded",
      "status_code": null,
      "success": true
    },
    {
      "raw_status": "Solve_Succeeded",
      "status_code": null,
      "success": true
    },
    {
      "raw_status": "Solve_Succeeded",
      "status_code": null,
      "success": true
    },
    {
      "raw_status": "Solve_Succeeded",
      "status_code": null,
      "success": true
    },
    {
      "raw_status": "Solve_Succeeded",
      "status_code": null,
      "success": true
    },
    {
      "raw_status": "Solve_Succeeded",
      "status_code": null,
      "success": true
    },
    {
      "raw_status": "Solve_Succeeded",
      "status_code": null,
      "success": true
    },
    {
      "raw_status": "Solve_Succeeded",
      "status_code": null,
      "success": true
    },
    {
      "raw_status": "Solve_Succeeded",
      "status_code": null,
      "success": true
    },
    {
      "raw_status": "Solve_Succeeded",
      "status_code": null,
      "success": true
    },
    {
      "raw_status": "Solve_Succeeded",
      "status_code": null,
      "success": true
    },
    {
      "raw_status": "Solve_Succeeded",
      "status_code": null,
      "success": true
    },
    {
      "raw_status": "Solve_Succeeded",
      "status_code": null,
      "success": true
    },
    {
      "raw_status": "Solve_Succeeded",
      "status_code": null,
      "success": true
    },
    {
      "raw_status": "Solve_Succeeded",
      "status_code": null,
      "success": true
    },
    {
      "raw_status": "Solve_Succeeded",
      "status_code": null,
      "success": true
    },
    {
      "raw_status": "Solve_Succeeded",
      "status_code": null,
      "success": true
    },
    {
      "raw_status": "Solve_Succeeded",
      "status_code": null,
      "success": true
    },
    {
      "raw_status": "Solve_Succeeded",
      "status_code": null,
      "success": true
    },
    {
      "raw_status": "Solve_Succeeded",
      "status_code": null,
      "success": true
    },
    {
      "raw_status": "Solve_Succeeded",
      "status_code": null,
      "success": true
    },
    {
      "raw_status": "Solve_Succeeded",
      "status_code": null,
      "success": true
    },
    {
      "raw_status": "Solve_Succeeded",
      "status_code": null,
      "success": true
    },
    {
      "raw_status": "Solve_Succeeded",
      "status_code": null,
      "success": true
    },
    {
      "raw_status": "Solve_Succeeded",
      "status_code": null,
      "success": true
    },
    {
      "raw_status": "Solve_Succeeded",
      "status_code": null,
      "success": true
    },
    {
      "raw_status": "Solve_Succeeded",
      "status_code": null,
      "success": true
    },
    {
      "raw_status": "Solve_Succeeded",
      "status_code": null,
      "success": true
    },
    {
      "raw_status": "Solve_Succeeded",
      "status_code": null,
      "success": true
    },
    {
      "raw_status": "Solve_Succeeded",
      "status_code": null,
      "success": true
    },
    {
      "raw_status": "Solve_Succeeded",
      "status_code": null,
      "success": true
    },
    {
      "raw_status": "Solve_Succeeded",
      "status_code": null,
      "success": true
    },
    {
      "raw_status": "Solve_Succeeded",
      "status_code": null,
      "success": true
    },
    {
      "raw_status": "Solve_Succeeded",
      "status_code": null,
      "success": true
    },
    {
      "raw_status": "Solve_Succeeded",
      "status_code": null,
      "success": true
    },
    {
      "raw_status": "Solve_Succeeded",
      "status_code": null,
      "success": true
    },
    {
      "raw_status": "Solve_Succeeded",
      "status_code": null,
      "success": true
    },
    {
      "raw_status": "Solve_Succeeded",
      "status_code": null,
      "success": true
    },
    {
      "raw_status": "Solve_Succeeded",
      "status_code": null,
      "success": true
    },
    {
      "raw_status": "Solve_Succeeded",
      "status_code": null,
      "success": true
    },
    {
      "raw_status": "Solve_Succeeded",
      "status_code": null,
      "success": true
    },
    {
      "raw_status": "Solve_Succeeded",
      "status_code": null,
      "success": true
    },
    {
      "raw_status": "Solve_Succeeded",
      "status_code": null,
      "success": true
    },
    {
      "raw_status": "Solve_Succeeded",
      "status_code": null,
      "success": true
    },
    {
      "raw_status": "Solve_Succeeded",
      "status_code": null,
      "success": true
    },
    {
      "raw_status": "Solve_Succeeded",
      "status_code": null,
      "success": true
    },
    {
      "raw_status": "Solve_Succeeded",
      "status_code": null,
      "success": true
    },
    {
      "raw_status": "Solve_Succeeded",
      "status_code": null,
      "success": true
    },
    {
      "raw_status": "Solve_Succeeded",
      "status_code": null,
      "success": true
    },
    {
      "raw_status": "Solve_Succeeded",
      "status_code": null,
      "success": true
    },
    {
      "raw_status": "Solve_Succeeded",
      "status_code": null,
      "success": true
    },
    {
      "raw_status": "Solve_Succeeded",
      "status_code": null,
      "success": true
    },
    {
      "raw_status": "Solve_Succeeded",
      "status_code": null,
      "success": true
    },
    {
      "raw_status": "Solve_Succeeded",
      "status_code": null,
      "success": true
    },
    {
      "raw_status": "Solve_Succeeded",
      "status_code": null,
      "success": true
    },
    {
      "raw_status": "Solve_Succeeded",
      "status_code": null,
      "success": true
    },
    {
      "raw_status": "Solve_Succeeded",
      "status_code": null,
      "success": true
    },
    {
      "raw_status": "Solve_Succeeded",
      "status_code": null,
      "success": true
    },
    {
      "raw_status": "Solve_Succeeded",
      "status_code": null,
      "success": true
    },
    {
      "raw_status": "Solve_Succeeded",
      "status_code": null,
      "success": true
    },
    {
      "raw_status": "Solve_Succeeded",
      "status_code": null,
      "success": true
    },
    {
      "raw_status": "Solve_Succeeded",
      "status_code": null,
      "success": true
    },
    {
      "raw_status": "Solve_Succeeded",
      "status_code": null,
      "success": true
    },
    {
      "raw_status": "Solve_Succeeded",
      "status_code": null,
      "success": true
    },
    {
      "raw_status": "Solve_Succeeded",
      "status_code": null,
      "success": true
    },
    {
      "raw_status": "Solve_Succeeded",
      "status_code": null,
      "success": true
    },
    {
      "raw_status": "Solve_Succeeded",
      "status_code": null,
      "success": true
    },
    {
      "raw_status": "Solve_Succeeded",
      "status_code": null,
      "success": true
    },
    {
      "raw_status": "Solve_Succeeded",
      "status_code": null,
      "success": true
    },
    {
      "raw_status": "Solve_Succeeded",
      "status_code": null,
      "success": true
    },
    {
      "raw_status": "Solve_Succeeded",
      "status_code": null,
      "success": true
    },
    {
      "raw_status": "Solve_Succeeded",
      "status_code": null,
      "success": true
    },
    {
      "raw_status": "Solve_Succeeded",
      "status_code": null,
      "success": true
    },
    {
      "raw_status": "Solve_Succeeded",
      "status_code": null,
      "success": true
    },
    {
      "raw_status": "Solve_Succeeded",
      "status_code": null,
      "success": true
    },
    {
      "raw_status": "Solve_Succeeded",
      "status_code": null,
      "success": true
    },
    {
      "raw_status": "Solve_Succeeded",
      "status_code": null,
      "success": true
    },
    {
      "raw_status": "Solve_Succeeded",
      "status_code": null,
      "success": true
    },
    {
      "raw_status": "Solve_Succeeded",
      "status_code": null,
      "success": true
    },
    {
      "raw_status": "Solve_Succeeded",
      "status_code": null,
      "success": true
    },
    {
      "raw_status": "Solve_Succeeded",
      "status_code": null,
      "success": true
    },
    {
      "raw_status": "Solve_Succeeded",
      "status_code": null,
      "success": true
    },
    {
      "raw_status": "Solve_Succeeded",
      "status_code": null,
      "success": true
    },
    {
      "raw_status": "Solve_Succeeded",
      "status_code": null,
      "success": true
    },
    {
      "raw_status": "Solve_Succeeded",
      "status_code": null,
      "success": true
    },
    {
      "raw_status": "Solve_Succeeded",
      "status_code": null,
      "success": true
    },
    {
      "raw_status": "Solve_Succeeded",
      "status_code": null,
      "success": true
    },
    {
      "raw_status": "Solve_Succeeded",
      "status_code": null,
      "success": true
    },
    {
      "raw_status": "Solve_Succeeded",
      "status_code": null,
      "success": true
    },
    {
      "raw_status": "Solve_Succeeded",
      "status_code": null,
      "success": true
    },
    {
      "raw_status": "Solve_Succeeded",
      "status_code": null,
      "success": true
    },
    {
      "raw_status": "Solve_Succeeded",
      "status_code": null,
      "success": true
    },
    {
      "raw_status": "Solve_Succeeded",
      "status_code": null,
      "success": true
    },
    {
      "raw_status": "Solve_Succeeded",
      "status_code": null,
      "success": true
    },
    {
      "raw_status": "Solve_Succeeded",
      "status_code": null,
      "success": true
    },
    {
      "raw_status": "Solve_Succeeded",
      "status_code": null,
      "success": true
    },
    {
      "raw_status": "Solve_Succeeded",
      "status_code": null,
      "success": true
    },
    {
      "raw_status": "Solve_Succeeded",
      "status_code": null,
      "success": true
    },
    {
      "raw_status": "Solve_Succeeded",
      "status_code": null,
      "success": true
    },
    {
      "raw_status": "Solve_Succeeded",
      "status_code": null,
      "success": true
    },
    {
      "raw_status": "Solve_Succeeded",
      "status_code": null,
      "success": true
    },
    {
      "raw_status": "Solve_Succeeded",
      "status_code": null,
      "success": true
    },
    {
      "raw_status": "Solve_Succeeded",
      "status_code": null,
      "success": true
    },
    {
      "raw_status": "Solve_Succeeded",
      "status_code": null,
      "success": true
    },
    {
      "raw_status": "Solve_Succeeded",
      "status_code": null,
      "success": true
    },
    {
      "raw_status": "Solve_Succeeded",
      "status_code": null,
      "success": true
    },
    {
      "raw_status": "Solve_Succeeded",
      "status_code": null,
      "success": true
    },
    {
      "raw_status": "Solve_Succeeded",
      "status_code": null,
      "success": true
    },
    {
      "raw_status": "Solve_Succeeded",
      "status_code": null,
      "success": true
    },
    {
      "raw_status": "Solve_Succeeded",
      "status_code": null,
      "success": true
    },
    {
      "raw_status": "Solve_Succeeded",
      "status_code": null,
      "success": true
    },
    {
      "raw_status": "Solve_Succeeded",
      "status_code": null,
      "success": true
    },
    {
      "raw_status": "Solve_Succeeded",
      "status_code": null,
      "success": true
    },
    {
      "raw_status": "Solve_Succeeded",
      "status_code": null,
      "success": true
    },
    {
      "raw_status": "Solve_Succeeded",
      "status_code": null,
      "success": true
    },
    {
      "raw_status": "Solve_Succeeded",
      "status_code": null,
      "success": true
    },
    {
      "raw_status": "Solve_Succeeded",
      "status_code": null,
      "success": true
    },
    {
      "raw_status": "Solve_Succeeded",
      "status_code": null,
      "success": true
    },
    {
      "raw_status": "Solve_Succeeded",
      "status_code": null,
      "success": true
    },
    {
      "raw_status": "Solve_Succeeded",
      "status_code": null,
      "success": true
    },
    {
      "raw_status": "Solve_Succeeded",
      "status_code": null,
      "success": true
    },
    {
      "raw_status": "Solve_Succeeded",
      "status_code": null,
      "success": true
    },
    {
      "raw_status": "Solve_Succeeded",
      "status_code": null,
      "success": true
    },
    {
      "raw_status": "Solve_Succeeded",
      "status_code": null,
      "success": true
    },
    {
      "raw_status": "Solve_Succeeded",
      "status_code": null,
      "success": true
    },
    {
      "raw_status": "Solve_Succeeded",
      "status_code": null,
      "success": true
    },
    {
      "raw_status": "Solve_Succeeded",
      "status_code": null,
      "success": true
    },
    {
      "raw_status": "Solve_Succeeded",
      "status_code": null,
      "success": true
    },
    {
      "raw_status": "Solve_Succeeded",
      "status_code": null,
      "success": true
    },
    {
      "raw_status": "Solve_Succeeded",
      "status_code": null,
      "success": true
    },
    {
      "raw_status": "Solve_Succeeded",
      "status_code": null,
      "success": true
    },
    {
      "raw_status": "Solve_Succeeded",
      "status_code": null,
      "success": true
    },
    {
      "raw_status": "Solve_Succeeded",
      "status_code": null,
      "success": true
    },
    {
      "raw_status": "Solve_Succeeded",
      "status_code": null,
      "success": true
    },
    {
      "raw_status": "Solve_Succeeded",
      "status_code": null,
      "success": true
    },
    {
      "raw_status": "Solve_Succeeded",
      "status_code": null,
      "success": true
    },
    {
      "raw_status": "Solve_Succeeded",
      "status_code": null,
      "success": true
    },
    {
      "raw_status": "Solve_Succeeded",
      "status_code": null,
      "success": true
    },
    {
      "raw_status": "Solve_Succeeded",
      "status_code": null,
      "success": true
    },
    {
      "raw_status": "Solve_Succeeded",
      "status_code": null,
      "success": true
    },
    {
      "raw_status": "Solve_Succeeded",
      "status_code": null,
      "success": true
    },
    {
      "raw_status": "Solve_Succeeded",
      "status_code": null,
      "success": true
    },
    {
      "raw_status": "Solve_Succeeded",
      "status_code": null,
      "success": true
    },
    {
      "raw_status": "Solve_Succeeded",
      "status_code": null,
      "success": true
    },
    {
      "raw_status": "Solve_Succeeded",
      "status_code": null,
      "success": true
    },
    {
      "raw_status": "Solve_Succeeded",
      "status_code": null,
      "success": true
    },
    {
      "raw_status": "Solve_Succeeded",
      "status_code": null,
      "success": true
    },
    {
      "raw_status": "Solve_Succeeded",
      "status_code": null,
      "success": true
    },
    {
      "raw_status": "Solve_Succeeded",
      "status_code": null,
      "success": true
    },
    {
      "raw_status": "Solve_Succeeded",
      "status_code": null,
      "success": true
    },
    {
      "raw_status": "Solve_Succeeded",
      "status_code": null,
      "success": true
    },
    {
      "raw_status": "Solve_Succeeded",
      "status_code": null,
      "success": true
    },
    {
      "raw_status": "Solve_Succeeded",
      "status_code": null,
      "success": true
    }
  ],
  "solver_failure_steps": 0,
  "animation": "/home/taek111/projects/psdf_mpcc/benchmark_runs/navigation_comparison_20260907_seed42/obca/animations/obca/MPC_OBCA_rectangle_maze_startseed42.mp4"
}
