RMPCC configured from config: covariance_growth_scale=0.8, alpha_f=0.0016, alpha_v=0.00032, alpha_kappa=0.008, beta_v=0.016, beta_kappa=0.0064, beta_omega=0.0064
Resetting rmpcc optimizer for clean state...
generating global path with A* + Line of Sight
시작 위치: [0.075 0.795]
목적지: [1.8  0.09]
도착 판정 기준: position <= 0.01m, angle <= 0.01rad
Setting up RMPCC-MF optimizer...
RMPCC-MF Row M configuration: enabled=True, active only when phi > d_mf_mask=0.001, configured stages=[1, 2, 3, 4, 5, 6, 7, 8, 9, 10, 11, 12, 13, 14, 15, 16, 17, 18, 19, 20]
/home/taek111/projects/psdf_mpcc/models/geometry_utils.py:241: UserWarning: Creating a tensor from a list of numpy.ndarrays is extremely slow. Please consider converting the list to a single numpy.ndarray with numpy.array() before converting to a tensor. (Triggered internally at ../torch/csrc/utils/tensor_new.cpp:230.)
  edgesA = torch.tensor(edgesA, dtype=torch.float32)
Added two affine safety rows at intermediate/terminal stages: 0=HARD guard/recovery, 1=SOFT MF
field AcadosOcpDims.N has been migrated to AcadosOcpOptions.N_horizon. setting AcadosOcpOptions.N_horizon = N. For future comppatibility, please use AcadosOcpOptions.N_horizon directly.

WARNING: Gauss-Newton Hessian approximation with EXTERNAL cost type not well defined!
got cost_type EXTERNAL for cost_type_0, cost_type, cost_type_e, hessian_approx: 'GAUSS_NEWTON'.
With this setting, acados will proceed computing the exact Hessian for the cost term and no Hessian contribution from constraints and dynamics.
If the external cost is a linear least squares cost, this coincides with the Gauss-Newton Hessian.
Note: There is also the option to use the external cost module with a numerical Hessian approximation (see `ext_cost_num_hess`).
OR the option to provide a symbolic custom Hessian approximation (see `cost_expr_ext_cost_custom_hess`).

acados was compiled without OpenMP.
RMPCC-MF backup SQP_WITH_FEASIBLE_QP solver disabled; using nominal safe-stop recovery.
[RMPCC 0000] OK solve=164.6ms pose=(0.075,0.795,-1.571) u=(0.123,0.000) s=0.013 PSDFmin=+0.03 G=OK(+0.04134) MF=OK(active=20/20,min=+0.2,slack=+7.52e-12)
[RMPCC 0001] OK solve=145.1ms pose=(0.075,0.783,-1.571) u=(0.114,0.088) s=0.024 PSDFmin=-0.002916 G=OK(+7.114e-11) MF=OK(active=20/20,min=+0.2,slack=+6.599e-13)
[RMPCC 0002] OK solve=141.5ms pose=(0.075,0.771,-1.562) u=(0.124,0.079) s=0.035 PSDFmin=+0.009712 G=OK(+0.008282) MF=OK(active=14/20,min=+1.334e-13,slack=+1.343e-16)
[RMPCC 0003] OK solve=129.0ms pose=(0.075,0.759,-1.554) u=(0.169,-0.060) s=0.041 PSDFmin=+0.002278 G=OK(+0.0147) MF=OK(active=20/20,min=+3.809e-13,slack=+3.577e-14)
[RMPCC 0004] OK solve=137.9ms pose=(0.075,0.742,-1.560) u=(0.133,0.347) s=0.055 PSDFmin=-0.01658 G=OK(+1.207e-14) MF=OK(active=20/20,min=+1.887e-12,slack=+2.717e-16)
[RMPCC 0005] OK solve=141.9ms pose=(0.076,0.729,-1.525) u=(0.109,0.105) s=0.071 PSDFmin=-0.000224 G=OK(+7.094e-14) MF=OK(active=7/20,min=+4.424e-08,slack=+5.498e-15)
[RMPCC 0006] OK solve=147.8ms pose=(0.076,0.718,-1.515) u=(0.140,-0.322) s=0.072 PSDFmin=+0.002484 G=OK(+0.01012) MF=OK(active=19/20,min=+2.011e-13,slack=+4.143e-16)
[RMPCC 0007] OK solve=310.9ms pose=(0.077,0.704,-1.547) u=(0.177,0.064) s=0.088 PSDFmin=-0.007296 G=OK(+0.01619) MF=OK(active=20/20,min=+5.328e-13,slack=+9.169e-15)
[RMPCC 0008] OK solve=423.3ms pose=(0.077,0.686,-1.541) u=(0.097,-0.107) s=0.105 PSDFmin=-0.01024 G=OK(+0.003612) MF=OK(active=15/20,min=+9.384e-12,slack=+2.35e-14)
[RMPCC 0009] OK solve=263.8ms pose=(0.078,0.676,-1.551) u=(0.090,0.167) s=0.107 PSDFmin=+0.0009962 G=OK(+8.638e-14) MF=OK(active=11/20,min=+1.167e-10,slack=+2.319e-13)
[RMPCC 0010] OK solve=136.6ms pose=(0.078,0.667,-1.535) u=(0.193,-0.468) s=0.123 PSDFmin=+0.003103 G=OK(+2.153e-11) MF=OK(active=19/20,min=+2.679e-12,slack=+9.779e-14)
[RMPCC 0011] OK solve=141.8ms pose=(0.078,0.648,-1.581) u=(0.126,-0.129) s=0.143 PSDFmin=-0.01497 G=OK(+0.01007) MF=OK(active=20/20,min=+2.988e-12,slack=+2.8e-15)
[RMPCC 0012] OK solve=139.5ms pose=(0.078,0.635,-1.594) u=(0.076,0.081) s=0.163 PSDFmin=-0.006816 G=OK(+0.0174) MF=OK(active=10/20,min=+4.383e-12,slack=+1.171e-14)
[RMPCC 0013] OK solve=312.6ms pose=(0.078,0.628,-1.586) u=(0.067,0.967) s=0.167 PSDFmin=+0.01031 G=OK(+0.0135) MF=OK(active=13/20,min=+1.421e-11,slack=+5.717e-14)
[RMPCC 0014] OK solve=396.4ms pose=(0.078,0.621,-1.490) u=(0.162,1.200) s=0.169 PSDFmin=-0.00278 G=OK(+4.019e-11) MF=OK(active=18/20,min=+2.15e-10,slack=+3.185e-12)
[RMPCC 0015] OK solve=283.5ms pose=(0.079,0.605,-1.370) u=(0.081,1.200) s=0.187 PSDFmin=-0.000833 G=OK(+0.004286) MF=OK(active=14/20,min=+2.207e-11,slack=+2.839e-14)
[RMPCC 0016] OK solve=264.1ms pose=(0.081,0.597,-1.250) u=(0.044,1.008) s=0.209 PSDFmin=+0.001415 G=OK(+0.009333) MF=OK(active=17/20,min=+9.47e-14,slack=+6.632e-14)
[RMPCC 0017] OK solve=408.1ms pose=(0.082,0.593,-1.149) u=(0.111,1.200) s=0.213 PSDFmin=-0.005255 G=OK(+0.005908) MF=OK(active=18/20,min=+2.462e-13,slack=+6.2e-16)
[RMPCC 0018] OK solve=271.3ms pose=(0.087,0.583,-1.029) u=(0.056,1.176) s=0.216 PSDFmin=+0.008444 G=OK(+0.006899) MF=OK(active=12/20,min=+1.068e-08,slack=+2.084e-11)
[RMPCC 0019] OK solve=248.0ms pose=(0.090,0.578,-0.911) u=(0.700,0.100) s=0.225 PSDFmin=-0.01155 G=OK(+1.037e-13) MF=OK(active=20/20,min=+2.771e-13,slack=+0.153)
Acados solver failed with status 4
Acados residuals [stat, eq, ineq, comp]: [305805.88725      0.05711      0.40612      3.36743]
Acados SQP iterations: 1
RMPCC-MF diagnostics captured before infeasibility recovery.
RMPCC-MF failed-iterate infeasibility candidates:
  - {'constraint': 'row_g_hard_guard', 'stages': array([1, 5]), 'minimum_residual': -0.012552900075912476}
  - {'constraint': 'row_m_soft_after_slack', 'stages': array([ 4, 15, 16, 19, 20]), 'minimum_residual': -0.4061189782285837}
  - {'constraint': 'dynamics_or_stage0_equality', 'maximum_residual': 0.05711477313141461}
RMPCC-MF inactive Row M stages are trivially feasible.
RMPCC-MF minimum box residuals [state | input]: 4.61547057476088e-16 | 1.1595169269185135e-12
SQP_RTI solver failed with status 4. Starting infeasible recovery.
Backup solver is unavailable; falling back to safe stop.
Applied nominal_safe_controller safe-stop plan after infeasible RMPCC-MF solve.
[RMPCC 0020] SAFE_STOP solve=476.9ms pose=(0.133,0.523,-0.901) u=(0.600,0.000) s=0.280 PSDFmin=-0.1787 G=FAIL(-0.2032) MF=FAIL(active=10/20,min=n/a,slack=n/a)
Acados solver failed with status 4
Acados residuals [stat, eq, ineq, comp]: [100.        0.04705   0.17966   0.     ]
Acados SQP iterations: 1
RMPCC-MF diagnostics captured before infeasibility recovery.
RMPCC-MF failed-iterate infeasibility candidates:
  - {'constraint': 'row_g_hard_guard', 'stages': array([ 1,  2,  3,  4,  5,  6,  7,  8,  9, 10, 11, 12, 13, 14, 15, 16, 17,
       18, 19, 20]), 'minimum_residual': -0.17965750193595892}
  - {'constraint': 'dynamics_or_stage0_equality', 'maximum_residual': 0.047045391582874574}
RMPCC-MF inactive Row M stages are trivially feasible.
RMPCC-MF minimum box residuals [state | input]: 3.9e-08 | 0.0
SQP_RTI solver failed with status 4. Starting infeasible recovery.
Backup solver is unavailable; falling back to safe stop.
Applied nominal_safe_controller safe-stop plan after infeasible RMPCC-MF solve.
[RMPCC 0021] SAFE_STOP solve=231.3ms pose=(0.170,0.476,-0.901) u=(0.500,0.000) s=0.316 PSDFmin=-0.1787 G=FAIL(-0.1797) MF=inactive(active=0/20)
Acados solver failed with status 4
Acados residuals [stat, eq, ineq, comp]: [100.        0.0392    0.17966   0.     ]
Acados SQP iterations: 1
RMPCC-MF diagnostics captured before infeasibility recovery.
RMPCC-MF failed-iterate infeasibility candidates:
  - {'constraint': 'row_g_hard_guard', 'stages': array([ 1,  2,  3,  4,  5,  6,  7,  8,  9, 10, 11, 12, 13, 14, 15, 16, 17,
       18, 19, 20]), 'minimum_residual': -0.17965750193595892}
  - {'constraint': 'dynamics_or_stage0_equality', 'maximum_residual': 0.03920449298571371}
RMPCC-MF inactive Row M stages are trivially feasible.
RMPCC-MF minimum box residuals [state | input]: 3.9e-08 | 0.0
SQP_RTI solver failed with status 4. Starting infeasible recovery.
Backup solver is unavailable; falling back to safe stop.
Applied nominal_safe_controller safe-stop plan after infeasible RMPCC-MF solve.
[RMPCC 0022] SAFE_STOP solve=218.8ms pose=(0.201,0.436,-0.901) u=(0.400,0.000) s=0.349 PSDFmin=-0.1787 G=FAIL(-0.1797) MF=inactive(active=0/20)
Acados solver failed with status 4
Acados residuals [stat, eq, ineq, comp]: [100.        0.03136   0.17966   0.     ]
Acados SQP iterations: 1
RMPCC-MF diagnostics captured before infeasibility recovery.
RMPCC-MF failed-iterate infeasibility candidates:
  - {'constraint': 'row_g_hard_guard', 'stages': array([ 1,  2,  3,  4,  5,  6,  7,  8,  9, 10, 11, 12, 13, 14, 15, 16, 17,
       18, 19, 20]), 'minimum_residual': -0.17965750193595892}
  - {'constraint': 'dynamics_or_stage0_equality', 'maximum_residual': 0.03136359438855274}
RMPCC-MF inactive Row M stages are trivially feasible.
RMPCC-MF minimum box residuals [state | input]: 3.9e-08 | 0.0
SQP_RTI solver failed with status 4. Starting infeasible recovery.
Backup solver is unavailable; falling back to safe stop.
Applied nominal_safe_controller safe-stop plan after infeasible RMPCC-MF solve.
[RMPCC 0023] SAFE_STOP solve=212.3ms pose=(0.226,0.405,-0.901) u=(0.300,0.000) s=0.370 PSDFmin=-0.1787 G=FAIL(-0.1797) MF=inactive(active=0/20)
Acados solver failed with status 4
Acados residuals [stat, eq, ineq, comp]: [100.        0.02352   0.17966   0.     ]
Acados SQP iterations: 1
RMPCC-MF diagnostics captured before infeasibility recovery.
RMPCC-MF failed-iterate infeasibility candidates:
  - {'constraint': 'row_g_hard_guard', 'stages': array([ 1,  2,  3,  4,  5,  6,  7,  8,  9, 10, 11, 12, 13, 14, 15, 16, 17,
       18, 19, 20]), 'minimum_residual': -0.17965750193595892}
  - {'constraint': 'dynamics_or_stage0_equality', 'maximum_residual': 0.02352269579139188}
RMPCC-MF inactive Row M stages are trivially feasible.
RMPCC-MF minimum box residuals [state | input]: 3.9e-08 | 0.0
SQP_RTI solver failed with status 4. Starting infeasible recovery.
Backup solver is unavailable; falling back to safe stop.
Applied nominal_safe_controller safe-stop plan after infeasible RMPCC-MF solve.
[RMPCC 0024] SAFE_STOP solve=236.8ms pose=(0.244,0.382,-0.901) u=(0.200,0.000) s=0.384 PSDFmin=-0.1787 G=FAIL(-0.1797) MF=inactive(active=0/20)
Acados solver failed with status 4
Acados residuals [stat, eq, ineq, comp]: [100.        0.01568   0.17966   0.     ]
Acados SQP iterations: 1
RMPCC-MF diagnostics captured before infeasibility recovery.
RMPCC-MF failed-iterate infeasibility candidates:
  - {'constraint': 'row_g_hard_guard', 'stages': array([ 1,  2,  3,  4,  5,  6,  7,  8,  9, 10, 11, 12, 13, 14, 15, 16, 17,
       18, 19, 20]), 'minimum_residual': -0.17965750193595892}
  - {'constraint': 'dynamics_or_stage0_equality', 'maximum_residual': 0.015681797194230906}
RMPCC-MF inactive Row M stages are trivially feasible.
RMPCC-MF minimum box residuals [state | input]: 3.9e-08 | 0.0
SQP_RTI solver failed with status 4. Starting infeasible recovery.
Backup solver is unavailable; falling back to safe stop.
Applied nominal_safe_controller safe-stop plan after infeasible RMPCC-MF solve.
[RMPCC 0025] SAFE_STOP solve=218.0ms pose=(0.257,0.366,-0.901) u=(0.100,0.000) s=0.394 PSDFmin=-0.1787 G=FAIL(-0.1797) MF=inactive(active=0/20)
Acados solver failed with status 4
Acados residuals [stat, eq, ineq, comp]: [100.        0.00784   0.17966   0.     ]
Acados SQP iterations: 1
RMPCC-MF diagnostics captured before infeasibility recovery.
RMPCC-MF failed-iterate infeasibility candidates:
  - {'constraint': 'row_g_hard_guard', 'stages': array([ 1,  2,  3,  4,  5,  6,  7,  8,  9, 10, 11, 12, 13, 14, 15, 16, 17,
       18, 19, 20]), 'minimum_residual': -0.17965750193595892}
  - {'constraint': 'dynamics_or_stage0_equality', 'maximum_residual': 0.007840898597070045}
RMPCC-MF inactive Row M stages are trivially feasible.
RMPCC-MF minimum box residuals [state | input]: 3.9e-08 | 0.0
SQP_RTI solver failed with status 4. Starting infeasible recovery.
Backup solver is unavailable; falling back to safe stop.
Applied nominal_safe_controller safe-stop plan after infeasible RMPCC-MF solve.
[RMPCC 0026] SAFE_STOP solve=229.6ms pose=(0.263,0.358,-0.901) u=(0.000,0.000) s=0.399 PSDFmin=-0.1787 G=FAIL(-0.1797) MF=inactive(active=0/20)
Acados solver failed with status 4
Acados residuals [stat, eq, ineq, comp]: [100.        0.        0.17966   0.     ]
Acados SQP iterations: 1
RMPCC-MF diagnostics captured before infeasibility recovery.
RMPCC-MF failed-iterate infeasibility candidates:
  - {'constraint': 'row_g_hard_guard', 'stages': array([ 1,  2,  3,  4,  5,  6,  7,  8,  9, 10, 11, 12, 13, 14, 15, 16, 17,
       18, 19, 20]), 'minimum_residual': -0.17965750193595892}
RMPCC-MF inactive Row M stages are trivially feasible.
RMPCC-MF minimum box residuals [state | input]: 3.9e-08 | 0.0
SQP_RTI solver failed with status 4. Starting infeasible recovery.
Backup solver is unavailable; falling back to safe stop.
Applied nominal_safe_controller safe-stop plan after infeasible RMPCC-MF solve.
[RMPCC 0027] SAFE_STOP solve=238.1ms pose=(0.263,0.358,-0.901) u=(0.000,0.000) s=0.399 PSDFmin=-0.1787 G=FAIL(-0.1797) MF=inactive(active=0/20)
Acados solver failed with status 4
Acados residuals [stat, eq, ineq, comp]: [100.        0.        0.17966   0.     ]
Acados SQP iterations: 1
RMPCC-MF diagnostics captured before infeasibility recovery.
RMPCC-MF failed-iterate infeasibility candidates:
  - {'constraint': 'row_g_hard_guard', 'stages': array([ 1,  2,  3,  4,  5,  6,  7,  8,  9, 10, 11, 12, 13, 14, 15, 16, 17,
       18, 19, 20]), 'minimum_residual': -0.17965750193595892}
RMPCC-MF inactive Row M stages are trivially feasible.
RMPCC-MF minimum box residuals [state | input]: 3.9e-08 | 0.0
SQP_RTI solver failed with status 4. Starting infeasible recovery.
Backup solver is unavailable; falling back to safe stop.
Applied nominal_safe_controller safe-stop plan after infeasible RMPCC-MF solve.
[RMPCC 0028] SAFE_STOP solve=228.0ms pose=(0.263,0.358,-0.901) u=(0.000,0.000) s=0.399 PSDFmin=-0.1787 G=FAIL(-0.1797) MF=inactive(active=0/20)
Acados solver failed with status 4
Acados residuals [stat, eq, ineq, comp]: [100.        0.        0.17966   0.     ]
Acados SQP iterations: 1
RMPCC-MF diagnostics captured before infeasibility recovery.
RMPCC-MF failed-iterate infeasibility candidates:
  - {'constraint': 'row_g_hard_guard', 'stages': array([ 1,  2,  3,  4,  5,  6,  7,  8,  9, 10, 11, 12, 13, 14, 15, 16, 17,
       18, 19, 20]), 'minimum_residual': -0.17965750193595892}
RMPCC-MF inactive Row M stages are trivially feasible.
RMPCC-MF minimum box residuals [state | input]: 3.9e-08 | 0.0
SQP_RTI solver failed with status 4. Starting infeasible recovery.
Backup solver is unavailable; falling back to safe stop.
Applied nominal_safe_controller safe-stop plan after infeasible RMPCC-MF solve.
[RMPCC 0029] SAFE_STOP solve=212.5ms pose=(0.263,0.358,-0.901) u=(0.000,0.000) s=0.399 PSDFmin=-0.1787 G=FAIL(-0.1797) MF=inactive(active=0/20)
Acados solver failed with status 4
Acados residuals [stat, eq, ineq, comp]: [100.        0.        0.17966   0.     ]
Acados SQP iterations: 1
RMPCC-MF diagnostics captured before infeasibility recovery.
RMPCC-MF failed-iterate infeasibility candidates:
  - {'constraint': 'row_g_hard_guard', 'stages': array([ 1,  2,  3,  4,  5,  6,  7,  8,  9, 10, 11, 12, 13, 14, 15, 16, 17,
       18, 19, 20]), 'minimum_residual': -0.17965750193595892}
RMPCC-MF inactive Row M stages are trivially feasible.
RMPCC-MF minimum box residuals [state | input]: 3.9e-08 | 0.0
SQP_RTI solver failed with status 4. Starting infeasible recovery.
Backup solver is unavailable; falling back to safe stop.
Applied nominal_safe_controller safe-stop plan after infeasible RMPCC-MF solve.
[RMPCC 0030] SAFE_STOP solve=223.7ms pose=(0.263,0.358,-0.901) u=(0.000,0.000) s=0.399 PSDFmin=-0.1787 G=FAIL(-0.1797) MF=inactive(active=0/20)
Acados solver failed with status 4
Acados residuals [stat, eq, ineq, comp]: [100.        0.        0.17966   0.     ]
Acados SQP iterations: 1
RMPCC-MF diagnostics captured before infeasibility recovery.
RMPCC-MF failed-iterate infeasibility candidates:
  - {'constraint': 'row_g_hard_guard', 'stages': array([ 1,  2,  3,  4,  5,  6,  7,  8,  9, 10, 11, 12, 13, 14, 15, 16, 17,
       18, 19, 20]), 'minimum_residual': -0.17965750193595892}
RMPCC-MF inactive Row M stages are trivially feasible.
RMPCC-MF minimum box residuals [state | input]: 3.9e-08 | 0.0
SQP_RTI solver failed with status 4. Starting infeasible recovery.
Backup solver is unavailable; falling back to safe stop.
Applied nominal_safe_controller safe-stop plan after infeasible RMPCC-MF solve.
[RMPCC 0031] SAFE_STOP solve=231.0ms pose=(0.263,0.358,-0.901) u=(0.000,0.000) s=0.399 PSDFmin=-0.1787 G=FAIL(-0.1797) MF=inactive(active=0/20)
Acados solver failed with status 4
Acados residuals [stat, eq, ineq, comp]: [100.        0.        0.17966   0.     ]
Acados SQP iterations: 1
RMPCC-MF diagnostics captured before infeasibility recovery.
RMPCC-MF failed-iterate infeasibility candidates:
  - {'constraint': 'row_g_hard_guard', 'stages': array([ 1,  2,  3,  4,  5,  6,  7,  8,  9, 10, 11, 12, 13, 14, 15, 16, 17,
       18, 19, 20]), 'minimum_residual': -0.17965750193595892}
RMPCC-MF inactive Row M stages are trivially feasible.
RMPCC-MF minimum box residuals [state | input]: 3.9e-08 | 0.0
SQP_RTI solver failed with status 4. Starting infeasible recovery.
Backup solver is unavailable; falling back to safe stop.
Applied nominal_safe_controller safe-stop plan after infeasible RMPCC-MF solve.
[RMPCC 0032] SAFE_STOP solve=226.9ms pose=(0.263,0.358,-0.901) u=(0.000,0.000) s=0.399 PSDFmin=-0.1787 G=FAIL(-0.1797) MF=inactive(active=0/20)
Acados solver failed with status 4
Acados residuals [stat, eq, ineq, comp]: [100.        0.        0.17966   0.     ]
Acados SQP iterations: 1
RMPCC-MF diagnostics captured before infeasibility recovery.
RMPCC-MF failed-iterate infeasibility candidates:
  - {'constraint': 'row_g_hard_guard', 'stages': array([ 1,  2,  3,  4,  5,  6,  7,  8,  9, 10, 11, 12, 13, 14, 15, 16, 17,
       18, 19, 20]), 'minimum_residual': -0.17965750193595892}
RMPCC-MF inactive Row M stages are trivially feasible.
RMPCC-MF minimum box residuals [state | input]: 3.9e-08 | 0.0
SQP_RTI solver failed with status 4. Starting infeasible recovery.
Backup solver is unavailable; falling back to safe stop.
Applied nominal_safe_controller safe-stop plan after infeasible RMPCC-MF solve.
[RMPCC 0033] SAFE_STOP solve=232.7ms pose=(0.263,0.358,-0.901) u=(0.000,0.000) s=0.399 PSDFmin=-0.1787 G=FAIL(-0.1797) MF=inactive(active=0/20)
Acados solver failed with status 4
Acados residuals [stat, eq, ineq, comp]: [100.        0.        0.17966   0.     ]
Acados SQP iterations: 1
RMPCC-MF diagnostics captured before infeasibility recovery.
RMPCC-MF failed-iterate infeasibility candidates:
  - {'constraint': 'row_g_hard_guard', 'stages': array([ 1,  2,  3,  4,  5,  6,  7,  8,  9, 10, 11, 12, 13, 14, 15, 16, 17,
       18, 19, 20]), 'minimum_residual': -0.17965750193595892}
RMPCC-MF inactive Row M stages are trivially feasible.
RMPCC-MF minimum box residuals [state | input]: 3.9e-08 | 0.0
SQP_RTI solver failed with status 4. Starting infeasible recovery.
Backup solver is unavailable; falling back to safe stop.
Applied nominal_safe_controller safe-stop plan after infeasible RMPCC-MF solve.
[RMPCC 0034] SAFE_STOP solve=217.7ms pose=(0.263,0.358,-0.901) u=(0.000,0.000) s=0.399 PSDFmin=-0.1787 G=FAIL(-0.1797) MF=inactive(active=0/20)
Acados solver failed with status 4
Acados residuals [stat, eq, ineq, comp]: [100.        0.        0.17966   0.     ]
Acados SQP iterations: 1
RMPCC-MF diagnostics captured before infeasibility recovery.
RMPCC-MF failed-iterate infeasibility candidates:
  - {'constraint': 'row_g_hard_guard', 'stages': array([ 1,  2,  3,  4,  5,  6,  7,  8,  9, 10, 11, 12, 13, 14, 15, 16, 17,
       18, 19, 20]), 'minimum_residual': -0.17965750193595892}
RMPCC-MF inactive Row M stages are trivially feasible.
RMPCC-MF minimum box residuals [state | input]: 3.9e-08 | 0.0
SQP_RTI solver failed with status 4. Starting infeasible recovery.
Backup solver is unavailable; falling back to safe stop.
Applied nominal_safe_controller safe-stop plan after infeasible RMPCC-MF solve.
[RMPCC 0035] SAFE_STOP solve=223.8ms pose=(0.263,0.358,-0.901) u=(0.000,0.000) s=0.399 PSDFmin=-0.1787 G=FAIL(-0.1797) MF=inactive(active=0/20)
Acados solver failed with status 4
Acados residuals [stat, eq, ineq, comp]: [100.        0.        0.17966   0.     ]
Acados SQP iterations: 1
RMPCC-MF diagnostics captured before infeasibility recovery.
RMPCC-MF failed-iterate infeasibility candidates:
  - {'constraint': 'row_g_hard_guard', 'stages': array([ 1,  2,  3,  4,  5,  6,  7,  8,  9, 10, 11, 12, 13, 14, 15, 16, 17,
       18, 19, 20]), 'minimum_residual': -0.17965750193595892}
RMPCC-MF inactive Row M stages are trivially feasible.
RMPCC-MF minimum box residuals [state | input]: 3.9e-08 | 0.0
SQP_RTI solver failed with status 4. Starting infeasible recovery.
Backup solver is unavailable; falling back to safe stop.
Applied nominal_safe_controller safe-stop plan after infeasible RMPCC-MF solve.
[RMPCC 0036] SAFE_STOP solve=230.4ms pose=(0.263,0.358,-0.901) u=(0.000,0.000) s=0.399 PSDFmin=-0.1787 G=FAIL(-0.1797) MF=inactive(active=0/20)
Acados solver failed with status 4
Acados residuals [stat, eq, ineq, comp]: [100.        0.        0.17966   0.     ]
Acados SQP iterations: 1
RMPCC-MF diagnostics captured before infeasibility recovery.
RMPCC-MF failed-iterate infeasibility candidates:
  - {'constraint': 'row_g_hard_guard', 'stages': array([ 1,  2,  3,  4,  5,  6,  7,  8,  9, 10, 11, 12, 13, 14, 15, 16, 17,
       18, 19, 20]), 'minimum_residual': -0.17965750193595892}
RMPCC-MF inactive Row M stages are trivially feasible.
RMPCC-MF minimum box residuals [state | input]: 3.9e-08 | 0.0
SQP_RTI solver failed with status 4. Starting infeasible recovery.
Backup solver is unavailable; falling back to safe stop.
Applied nominal_safe_controller safe-stop plan after infeasible RMPCC-MF solve.
[RMPCC 0037] SAFE_STOP solve=238.6ms pose=(0.263,0.358,-0.901) u=(0.000,0.000) s=0.399 PSDFmin=-0.1787 G=FAIL(-0.1797) MF=inactive(active=0/20)
Acados solver failed with status 4
Acados residuals [stat, eq, ineq, comp]: [100.        0.        0.17966   0.     ]
Acados SQP iterations: 1
RMPCC-MF diagnostics captured before infeasibility recovery.
RMPCC-MF failed-iterate infeasibility candidates:
  - {'constraint': 'row_g_hard_guard', 'stages': array([ 1,  2,  3,  4,  5,  6,  7,  8,  9, 10, 11, 12, 13, 14, 15, 16, 17,
       18, 19, 20]), 'minimum_residual': -0.17965750193595892}
RMPCC-MF inactive Row M stages are trivially feasible.
RMPCC-MF minimum box residuals [state | input]: 3.9e-08 | 0.0
SQP_RTI solver failed with status 4. Starting infeasible recovery.
Backup solver is unavailable; falling back to safe stop.
Applied nominal_safe_controller safe-stop plan after infeasible RMPCC-MF solve.
[RMPCC 0038] SAFE_STOP solve=234.1ms pose=(0.263,0.358,-0.901) u=(0.000,0.000) s=0.399 PSDFmin=-0.1787 G=FAIL(-0.1797) MF=inactive(active=0/20)
Acados solver failed with status 4
Acados residuals [stat, eq, ineq, comp]: [100.        0.        0.17966   0.     ]
Acados SQP iterations: 1
RMPCC-MF diagnostics captured before infeasibility recovery.
RMPCC-MF failed-iterate infeasibility candidates:
  - {'constraint': 'row_g_hard_guard', 'stages': array([ 1,  2,  3,  4,  5,  6,  7,  8,  9, 10, 11, 12, 13, 14, 15, 16, 17,
       18, 19, 20]), 'minimum_residual': -0.17965750193595892}
RMPCC-MF inactive Row M stages are trivially feasible.
RMPCC-MF minimum box residuals [state | input]: 3.9e-08 | 0.0
SQP_RTI solver failed with status 4. Starting infeasible recovery.
Backup solver is unavailable; falling back to safe stop.
Applied nominal_safe_controller safe-stop plan after infeasible RMPCC-MF solve.
[RMPCC 0039] SAFE_STOP solve=228.7ms pose=(0.263,0.358,-0.901) u=(0.000,0.000) s=0.399 PSDFmin=-0.1787 G=FAIL(-0.1797) MF=inactive(active=0/20)
Acados solver failed with status 4
Acados residuals [stat, eq, ineq, comp]: [100.        0.        0.17966   0.     ]
Acados SQP iterations: 1
RMPCC-MF diagnostics captured before infeasibility recovery.
RMPCC-MF failed-iterate infeasibility candidates:
  - {'constraint': 'row_g_hard_guard', 'stages': array([ 1,  2,  3,  4,  5,  6,  7,  8,  9, 10, 11, 12, 13, 14, 15, 16, 17,
       18, 19, 20]), 'minimum_residual': -0.17965750193595892}
RMPCC-MF inactive Row M stages are trivially feasible.
RMPCC-MF minimum box residuals [state | input]: 3.9e-08 | 0.0
SQP_RTI solver failed with status 4. Starting infeasible recovery.
Backup solver is unavailable; falling back to safe stop.
Applied nominal_safe_controller safe-stop plan after infeasible RMPCC-MF solve.
[RMPCC 0040] SAFE_STOP solve=242.9ms pose=(0.263,0.358,-0.901) u=(0.000,0.000) s=0.399 PSDFmin=-0.1787 G=FAIL(-0.1797) MF=inactive(active=0/20)
Acados solver failed with status 4
Acados residuals [stat, eq, ineq, comp]: [100.        0.        0.17966   0.     ]
Acados SQP iterations: 1
RMPCC-MF diagnostics captured before infeasibility recovery.
RMPCC-MF failed-iterate infeasibility candidates:
  - {'constraint': 'row_g_hard_guard', 'stages': array([ 1,  2,  3,  4,  5,  6,  7,  8,  9, 10, 11, 12, 13, 14, 15, 16, 17,
       18, 19, 20]), 'minimum_residual': -0.17965750193595892}
RMPCC-MF inactive Row M stages are trivially feasible.
RMPCC-MF minimum box residuals [state | input]: 3.9e-08 | 0.0
SQP_RTI solver failed with status 4. Starting infeasible recovery.
Backup solver is unavailable; falling back to safe stop.
Applied nominal_safe_controller safe-stop plan after infeasible RMPCC-MF solve.
[RMPCC 0041] SAFE_STOP solve=223.1ms pose=(0.263,0.358,-0.901) u=(0.000,0.000) s=0.399 PSDFmin=-0.1787 G=FAIL(-0.1797) MF=inactive(active=0/20)
Acados solver failed with status 4
Acados residuals [stat, eq, ineq, comp]: [100.        0.        0.17966   0.     ]
Acados SQP iterations: 1
RMPCC-MF diagnostics captured before infeasibility recovery.
RMPCC-MF failed-iterate infeasibility candidates:
  - {'constraint': 'row_g_hard_guard', 'stages': array([ 1,  2,  3,  4,  5,  6,  7,  8,  9, 10, 11, 12, 13, 14, 15, 16, 17,
       18, 19, 20]), 'minimum_residual': -0.17965750193595892}
RMPCC-MF inactive Row M stages are trivially feasible.
RMPCC-MF minimum box residuals [state | input]: 3.9e-08 | 0.0
SQP_RTI solver failed with status 4. Starting infeasible recovery.
Backup solver is unavailable; falling back to safe stop.
Applied nominal_safe_controller safe-stop plan after infeasible RMPCC-MF solve.
[RMPCC 0042] SAFE_STOP solve=219.4ms pose=(0.263,0.358,-0.901) u=(0.000,0.000) s=0.399 PSDFmin=-0.1787 G=FAIL(-0.1797) MF=inactive(active=0/20)
Acados solver failed with status 4
Acados residuals [stat, eq, ineq, comp]: [100.        0.        0.17966   0.     ]
Acados SQP iterations: 1
RMPCC-MF diagnostics captured before infeasibility recovery.
RMPCC-MF failed-iterate infeasibility candidates:
  - {'constraint': 'row_g_hard_guard', 'stages': array([ 1,  2,  3,  4,  5,  6,  7,  8,  9, 10, 11, 12, 13, 14, 15, 16, 17,
       18, 19, 20]), 'minimum_residual': -0.17965750193595892}
RMPCC-MF inactive Row M stages are trivially feasible.
RMPCC-MF minimum box residuals [state | input]: 3.9e-08 | 0.0
SQP_RTI solver failed with status 4. Starting infeasible recovery.
Backup solver is unavailable; falling back to safe stop.
Applied nominal_safe_controller safe-stop plan after infeasible RMPCC-MF solve.
[RMPCC 0043] SAFE_STOP solve=233.4ms pose=(0.263,0.358,-0.901) u=(0.000,0.000) s=0.399 PSDFmin=-0.1787 G=FAIL(-0.1797) MF=inactive(active=0/20)
Acados solver failed with status 4
Acados residuals [stat, eq, ineq, comp]: [100.        0.        0.17966   0.     ]
Acados SQP iterations: 1
RMPCC-MF diagnostics captured before infeasibility recovery.
RMPCC-MF failed-iterate infeasibility candidates:
  - {'constraint': 'row_g_hard_guard', 'stages': array([ 1,  2,  3,  4,  5,  6,  7,  8,  9, 10, 11, 12, 13, 14, 15, 16, 17,
       18, 19, 20]), 'minimum_residual': -0.17965750193595892}
RMPCC-MF inactive Row M stages are trivially feasible.
RMPCC-MF minimum box residuals [state | input]: 3.9e-08 | 0.0
SQP_RTI solver failed with status 4. Starting infeasible recovery.
Backup solver is unavailable; falling back to safe stop.
Applied nominal_safe_controller safe-stop plan after infeasible RMPCC-MF solve.
[RMPCC 0044] SAFE_STOP solve=220.4ms pose=(0.263,0.358,-0.901) u=(0.000,0.000) s=0.399 PSDFmin=-0.1787 G=FAIL(-0.1797) MF=inactive(active=0/20)
Acados solver failed with status 4
Acados residuals [stat, eq, ineq, comp]: [100.        0.        0.17966   0.     ]
Acados SQP iterations: 1
RMPCC-MF diagnostics captured before infeasibility recovery.
RMPCC-MF failed-iterate infeasibility candidates:
  - {'constraint': 'row_g_hard_guard', 'stages': array([ 1,  2,  3,  4,  5,  6,  7,  8,  9, 10, 11, 12, 13, 14, 15, 16, 17,
       18, 19, 20]), 'minimum_residual': -0.17965750193595892}
RMPCC-MF inactive Row M stages are trivially feasible.
RMPCC-MF minimum box residuals [state | input]: 3.9e-08 | 0.0
SQP_RTI solver failed with status 4. Starting infeasible recovery.
Backup solver is unavailable; falling back to safe stop.
Applied nominal_safe_controller safe-stop plan after infeasible RMPCC-MF solve.
[RMPCC 0045] SAFE_STOP solve=254.1ms pose=(0.263,0.358,-0.901) u=(0.000,0.000) s=0.399 PSDFmin=-0.1787 G=FAIL(-0.1797) MF=inactive(active=0/20)
Acados solver failed with status 4
Acados residuals [stat, eq, ineq, comp]: [100.        0.        0.17966   0.     ]
Acados SQP iterations: 1
RMPCC-MF diagnostics captured before infeasibility recovery.
RMPCC-MF failed-iterate infeasibility candidates:
  - {'constraint': 'row_g_hard_guard', 'stages': array([ 1,  2,  3,  4,  5,  6,  7,  8,  9, 10, 11, 12, 13, 14, 15, 16, 17,
       18, 19, 20]), 'minimum_residual': -0.17965750193595892}
RMPCC-MF inactive Row M stages are trivially feasible.
RMPCC-MF minimum box residuals [state | input]: 3.9e-08 | 0.0
SQP_RTI solver failed with status 4. Starting infeasible recovery.
Backup solver is unavailable; falling back to safe stop.
Applied nominal_safe_controller safe-stop plan after infeasible RMPCC-MF solve.
[RMPCC 0046] SAFE_STOP solve=234.8ms pose=(0.263,0.358,-0.901) u=(0.000,0.000) s=0.399 PSDFmin=-0.1787 G=FAIL(-0.1797) MF=inactive(active=0/20)
Acados solver failed with status 4
Acados residuals [stat, eq, ineq, comp]: [100.        0.        0.17966   0.     ]
Acados SQP iterations: 1
RMPCC-MF diagnostics captured before infeasibility recovery.
RMPCC-MF failed-iterate infeasibility candidates:
  - {'constraint': 'row_g_hard_guard', 'stages': array([ 1,  2,  3,  4,  5,  6,  7,  8,  9, 10, 11, 12, 13, 14, 15, 16, 17,
       18, 19, 20]), 'minimum_residual': -0.17965750193595892}
RMPCC-MF inactive Row M stages are trivially feasible.
RMPCC-MF minimum box residuals [state | input]: 3.9e-08 | 0.0
SQP_RTI solver failed with status 4. Starting infeasible recovery.
Backup solver is unavailable; falling back to safe stop.
Applied nominal_safe_controller safe-stop plan after infeasible RMPCC-MF solve.
[RMPCC 0047] SAFE_STOP solve=217.3ms pose=(0.263,0.358,-0.901) u=(0.000,0.000) s=0.399 PSDFmin=-0.1787 G=FAIL(-0.1797) MF=inactive(active=0/20)
Acados solver failed with status 4
Acados residuals [stat, eq, ineq, comp]: [100.        0.        0.17966   0.     ]
Acados SQP iterations: 1
RMPCC-MF diagnostics captured before infeasibility recovery.
RMPCC-MF failed-iterate infeasibility candidates:
  - {'constraint': 'row_g_hard_guard', 'stages': array([ 1,  2,  3,  4,  5,  6,  7,  8,  9, 10, 11, 12, 13, 14, 15, 16, 17,
       18, 19, 20]), 'minimum_residual': -0.17965750193595892}
RMPCC-MF inactive Row M stages are trivially feasible.
RMPCC-MF minimum box residuals [state | input]: 3.9e-08 | 0.0
SQP_RTI solver failed with status 4. Starting infeasible recovery.
Backup solver is unavailable; falling back to safe stop.
Applied nominal_safe_controller safe-stop plan after infeasible RMPCC-MF solve.
[RMPCC 0048] SAFE_STOP solve=231.6ms pose=(0.263,0.358,-0.901) u=(0.000,0.000) s=0.399 PSDFmin=-0.1787 G=FAIL(-0.1797) MF=inactive(active=0/20)
Acados solver failed with status 4
Acados residuals [stat, eq, ineq, comp]: [100.        0.        0.17966   0.     ]
Acados SQP iterations: 1
RMPCC-MF diagnostics captured before infeasibility recovery.
RMPCC-MF failed-iterate infeasibility candidates:
  - {'constraint': 'row_g_hard_guard', 'stages': array([ 1,  2,  3,  4,  5,  6,  7,  8,  9, 10, 11, 12, 13, 14, 15, 16, 17,
       18, 19, 20]), 'minimum_residual': -0.17965750193595892}
RMPCC-MF inactive Row M stages are trivially feasible.
RMPCC-MF minimum box residuals [state | input]: 3.9e-08 | 0.0
SQP_RTI solver failed with status 4. Starting infeasible recovery.
Backup solver is unavailable; falling back to safe stop.
Applied nominal_safe_controller safe-stop plan after infeasible RMPCC-MF solve.
[RMPCC 0049] SAFE_STOP solve=227.1ms pose=(0.263,0.358,-0.901) u=(0.000,0.000) s=0.399 PSDFmin=-0.1787 G=FAIL(-0.1797) MF=inactive(active=0/20)
Acados solver failed with status 4
Acados residuals [stat, eq, ineq, comp]: [100.        0.        0.17966   0.     ]
Acados SQP iterations: 1
RMPCC-MF diagnostics captured before infeasibility recovery.
RMPCC-MF failed-iterate infeasibility candidates:
  - {'constraint': 'row_g_hard_guard', 'stages': array([ 1,  2,  3,  4,  5,  6,  7,  8,  9, 10, 11, 12, 13, 14, 15, 16, 17,
       18, 19, 20]), 'minimum_residual': -0.17965750193595892}
RMPCC-MF inactive Row M stages are trivially feasible.
RMPCC-MF minimum box residuals [state | input]: 3.9e-08 | 0.0
SQP_RTI solver failed with status 4. Starting infeasible recovery.
Backup solver is unavailable; falling back to safe stop.
Applied nominal_safe_controller safe-stop plan after infeasible RMPCC-MF solve.
[RMPCC 0050] SAFE_STOP solve=227.2ms pose=(0.263,0.358,-0.901) u=(0.000,0.000) s=0.399 PSDFmin=-0.1787 G=FAIL(-0.1797) MF=inactive(active=0/20)
Acados solver failed with status 4
Acados residuals [stat, eq, ineq, comp]: [100.        0.        0.17966   0.     ]
Acados SQP iterations: 1
RMPCC-MF diagnostics captured before infeasibility recovery.
RMPCC-MF failed-iterate infeasibility candidates:
  - {'constraint': 'row_g_hard_guard', 'stages': array([ 1,  2,  3,  4,  5,  6,  7,  8,  9, 10, 11, 12, 13, 14, 15, 16, 17,
       18, 19, 20]), 'minimum_residual': -0.17965750193595892}
RMPCC-MF inactive Row M stages are trivially feasible.
RMPCC-MF minimum box residuals [state | input]: 3.9e-08 | 0.0
SQP_RTI solver failed with status 4. Starting infeasible recovery.
Backup solver is unavailable; falling back to safe stop.
Applied nominal_safe_controller safe-stop plan after infeasible RMPCC-MF solve.
[RMPCC 0051] SAFE_STOP solve=219.2ms pose=(0.263,0.358,-0.901) u=(0.000,0.000) s=0.399 PSDFmin=-0.1787 G=FAIL(-0.1797) MF=inactive(active=0/20)
Acados solver failed with status 4
Acados residuals [stat, eq, ineq, comp]: [100.        0.        0.17966   0.     ]
Acados SQP iterations: 1
RMPCC-MF diagnostics captured before infeasibility recovery.
RMPCC-MF failed-iterate infeasibility candidates:
  - {'constraint': 'row_g_hard_guard', 'stages': array([ 1,  2,  3,  4,  5,  6,  7,  8,  9, 10, 11, 12, 13, 14, 15, 16, 17,
       18, 19, 20]), 'minimum_residual': -0.17965750193595892}
RMPCC-MF inactive Row M stages are trivially feasible.
RMPCC-MF minimum box residuals [state | input]: 3.9e-08 | 0.0
SQP_RTI solver failed with status 4. Starting infeasible recovery.
Backup solver is unavailable; falling back to safe stop.
Applied nominal_safe_controller safe-stop plan after infeasible RMPCC-MF solve.
[RMPCC 0052] SAFE_STOP solve=211.1ms pose=(0.263,0.358,-0.901) u=(0.000,0.000) s=0.399 PSDFmin=-0.1787 G=FAIL(-0.1797) MF=inactive(active=0/20)
Acados solver failed with status 4
Acados residuals [stat, eq, ineq, comp]: [100.        0.        0.17966   0.     ]
Acados SQP iterations: 1
RMPCC-MF diagnostics captured before infeasibility recovery.
RMPCC-MF failed-iterate infeasibility candidates:
  - {'constraint': 'row_g_hard_guard', 'stages': array([ 1,  2,  3,  4,  5,  6,  7,  8,  9, 10, 11, 12, 13, 14, 15, 16, 17,
       18, 19, 20]), 'minimum_residual': -0.17965750193595892}
RMPCC-MF inactive Row M stages are trivially feasible.
RMPCC-MF minimum box residuals [state | input]: 3.9e-08 | 0.0
SQP_RTI solver failed with status 4. Starting infeasible recovery.
Backup solver is unavailable; falling back to safe stop.
Applied nominal_safe_controller safe-stop plan after infeasible RMPCC-MF solve.
[RMPCC 0053] SAFE_STOP solve=222.7ms pose=(0.263,0.358,-0.901) u=(0.000,0.000) s=0.399 PSDFmin=-0.1787 G=FAIL(-0.1797) MF=inactive(active=0/20)
Acados solver failed with status 4
Acados residuals [stat, eq, ineq, comp]: [100.        0.        0.17966   0.     ]
Acados SQP iterations: 1
RMPCC-MF diagnostics captured before infeasibility recovery.
RMPCC-MF failed-iterate infeasibility candidates:
  - {'constraint': 'row_g_hard_guard', 'stages': array([ 1,  2,  3,  4,  5,  6,  7,  8,  9, 10, 11, 12, 13, 14, 15, 16, 17,
       18, 19, 20]), 'minimum_residual': -0.17965750193595892}
RMPCC-MF inactive Row M stages are trivially feasible.
RMPCC-MF minimum box residuals [state | input]: 3.9e-08 | 0.0
SQP_RTI solver failed with status 4. Starting infeasible recovery.
Backup solver is unavailable; falling back to safe stop.
Applied nominal_safe_controller safe-stop plan after infeasible RMPCC-MF solve.
[RMPCC 0054] SAFE_STOP solve=242.0ms pose=(0.263,0.358,-0.901) u=(0.000,0.000) s=0.399 PSDFmin=-0.1787 G=FAIL(-0.1797) MF=inactive(active=0/20)
Acados solver failed with status 4
Acados residuals [stat, eq, ineq, comp]: [100.        0.        0.17966   0.     ]
Acados SQP iterations: 1
RMPCC-MF diagnostics captured before infeasibility recovery.
RMPCC-MF failed-iterate infeasibility candidates:
  - {'constraint': 'row_g_hard_guard', 'stages': array([ 1,  2,  3,  4,  5,  6,  7,  8,  9, 10, 11, 12, 13, 14, 15, 16, 17,
       18, 19, 20]), 'minimum_residual': -0.17965750193595892}
RMPCC-MF inactive Row M stages are trivially feasible.
RMPCC-MF minimum box residuals [state | input]: 3.9e-08 | 0.0
SQP_RTI solver failed with status 4. Starting infeasible recovery.
Backup solver is unavailable; falling back to safe stop.
Applied nominal_safe_controller safe-stop plan after infeasible RMPCC-MF solve.
[RMPCC 0055] SAFE_STOP solve=220.0ms pose=(0.263,0.358,-0.901) u=(0.000,0.000) s=0.399 PSDFmin=-0.1787 G=FAIL(-0.1797) MF=inactive(active=0/20)
Acados solver failed with status 4
Acados residuals [stat, eq, ineq, comp]: [100.        0.        0.17966   0.     ]
Acados SQP iterations: 1
RMPCC-MF diagnostics captured before infeasibility recovery.
RMPCC-MF failed-iterate infeasibility candidates:
  - {'constraint': 'row_g_hard_guard', 'stages': array([ 1,  2,  3,  4,  5,  6,  7,  8,  9, 10, 11, 12, 13, 14, 15, 16, 17,
       18, 19, 20]), 'minimum_residual': -0.17965750193595892}
RMPCC-MF inactive Row M stages are trivially feasible.
RMPCC-MF minimum box residuals [state | input]: 3.9e-08 | 0.0
SQP_RTI solver failed with status 4. Starting infeasible recovery.
Backup solver is unavailable; falling back to safe stop.
Applied nominal_safe_controller safe-stop plan after infeasible RMPCC-MF solve.
[RMPCC 0056] SAFE_STOP solve=226.3ms pose=(0.263,0.358,-0.901) u=(0.000,0.000) s=0.399 PSDFmin=-0.1787 G=FAIL(-0.1797) MF=inactive(active=0/20)
Acados solver failed with status 4
Acados residuals [stat, eq, ineq, comp]: [100.        0.        0.17966   0.     ]
Acados SQP iterations: 1
RMPCC-MF diagnostics captured before infeasibility recovery.
RMPCC-MF failed-iterate infeasibility candidates:
  - {'constraint': 'row_g_hard_guard', 'stages': array([ 1,  2,  3,  4,  5,  6,  7,  8,  9, 10, 11, 12, 13, 14, 15, 16, 17,
       18, 19, 20]), 'minimum_residual': -0.17965750193595892}
RMPCC-MF inactive Row M stages are trivially feasible.
RMPCC-MF minimum box residuals [state | input]: 3.9e-08 | 0.0
SQP_RTI solver failed with status 4. Starting infeasible recovery.
Backup solver is unavailable; falling back to safe stop.
Applied nominal_safe_controller safe-stop plan after infeasible RMPCC-MF solve.
[RMPCC 0057] SAFE_STOP solve=221.4ms pose=(0.263,0.358,-0.901) u=(0.000,0.000) s=0.399 PSDFmin=-0.1787 G=FAIL(-0.1797) MF=inactive(active=0/20)
Acados solver failed with status 4
Acados residuals [stat, eq, ineq, comp]: [100.        0.        0.17966   0.     ]
Acados SQP iterations: 1
RMPCC-MF diagnostics captured before infeasibility recovery.
RMPCC-MF failed-iterate infeasibility candidates:
  - {'constraint': 'row_g_hard_guard', 'stages': array([ 1,  2,  3,  4,  5,  6,  7,  8,  9, 10, 11, 12, 13, 14, 15, 16, 17,
       18, 19, 20]), 'minimum_residual': -0.17965750193595892}
RMPCC-MF inactive Row M stages are trivially feasible.
RMPCC-MF minimum box residuals [state | input]: 3.9e-08 | 0.0
SQP_RTI solver failed with status 4. Starting infeasible recovery.
Backup solver is unavailable; falling back to safe stop.
Applied nominal_safe_controller safe-stop plan after infeasible RMPCC-MF solve.
[RMPCC 0058] SAFE_STOP solve=226.2ms pose=(0.263,0.358,-0.901) u=(0.000,0.000) s=0.399 PSDFmin=-0.1787 G=FAIL(-0.1797) MF=inactive(active=0/20)
Acados solver failed with status 4
Acados residuals [stat, eq, ineq, comp]: [100.        0.        0.17966   0.     ]
Acados SQP iterations: 1
RMPCC-MF diagnostics captured before infeasibility recovery.
RMPCC-MF failed-iterate infeasibility candidates:
  - {'constraint': 'row_g_hard_guard', 'stages': array([ 1,  2,  3,  4,  5,  6,  7,  8,  9, 10, 11, 12, 13, 14, 15, 16, 17,
       18, 19, 20]), 'minimum_residual': -0.17965750193595892}
RMPCC-MF inactive Row M stages are trivially feasible.
RMPCC-MF minimum box residuals [state | input]: 3.9e-08 | 0.0
SQP_RTI solver failed with status 4. Starting infeasible recovery.
Backup solver is unavailable; falling back to safe stop.
Applied nominal_safe_controller safe-stop plan after infeasible RMPCC-MF solve.
[RMPCC 0059] SAFE_STOP solve=210.6ms pose=(0.263,0.358,-0.901) u=(0.000,0.000) s=0.399 PSDFmin=-0.1787 G=FAIL(-0.1797) MF=inactive(active=0/20)
Acados solver failed with status 4
Acados residuals [stat, eq, ineq, comp]: [100.        0.        0.17966   0.     ]
Acados SQP iterations: 1
RMPCC-MF diagnostics captured before infeasibility recovery.
RMPCC-MF failed-iterate infeasibility candidates:
  - {'constraint': 'row_g_hard_guard', 'stages': array([ 1,  2,  3,  4,  5,  6,  7,  8,  9, 10, 11, 12, 13, 14, 15, 16, 17,
       18, 19, 20]), 'minimum_residual': -0.17965750193595892}
RMPCC-MF inactive Row M stages are trivially feasible.
RMPCC-MF minimum box residuals [state | input]: 3.9e-08 | 0.0
SQP_RTI solver failed with status 4. Starting infeasible recovery.
Backup solver is unavailable; falling back to safe stop.
Applied nominal_safe_controller safe-stop plan after infeasible RMPCC-MF solve.
[RMPCC 0060] SAFE_STOP solve=228.0ms pose=(0.263,0.358,-0.901) u=(0.000,0.000) s=0.399 PSDFmin=-0.1787 G=FAIL(-0.1797) MF=inactive(active=0/20)
Acados solver failed with status 4
Acados residuals [stat, eq, ineq, comp]: [100.        0.        0.17966   0.     ]
Acados SQP iterations: 1
RMPCC-MF diagnostics captured before infeasibility recovery.
RMPCC-MF failed-iterate infeasibility candidates:
  - {'constraint': 'row_g_hard_guard', 'stages': array([ 1,  2,  3,  4,  5,  6,  7,  8,  9, 10, 11, 12, 13, 14, 15, 16, 17,
       18, 19, 20]), 'minimum_residual': -0.17965750193595892}
RMPCC-MF inactive Row M stages are trivially feasible.
RMPCC-MF minimum box residuals [state | input]: 3.9e-08 | 0.0
SQP_RTI solver failed with status 4. Starting infeasible recovery.
Backup solver is unavailable; falling back to safe stop.
Applied nominal_safe_controller safe-stop plan after infeasible RMPCC-MF solve.
[RMPCC 0061] SAFE_STOP solve=214.3ms pose=(0.263,0.358,-0.901) u=(0.000,0.000) s=0.399 PSDFmin=-0.1787 G=FAIL(-0.1797) MF=inactive(active=0/20)
Acados solver failed with status 4
Acados residuals [stat, eq, ineq, comp]: [100.        0.        0.17966   0.     ]
Acados SQP iterations: 1
RMPCC-MF diagnostics captured before infeasibility recovery.
RMPCC-MF failed-iterate infeasibility candidates:
  - {'constraint': 'row_g_hard_guard', 'stages': array([ 1,  2,  3,  4,  5,  6,  7,  8,  9, 10, 11, 12, 13, 14, 15, 16, 17,
       18, 19, 20]), 'minimum_residual': -0.17965750193595892}
RMPCC-MF inactive Row M stages are trivially feasible.
RMPCC-MF minimum box residuals [state | input]: 3.9e-08 | 0.0
SQP_RTI solver failed with status 4. Starting infeasible recovery.
Backup solver is unavailable; falling back to safe stop.
Applied nominal_safe_controller safe-stop plan after infeasible RMPCC-MF solve.
[RMPCC 0062] SAFE_STOP solve=226.1ms pose=(0.263,0.358,-0.901) u=(0.000,0.000) s=0.399 PSDFmin=-0.1787 G=FAIL(-0.1797) MF=inactive(active=0/20)
Acados solver failed with status 4
Acados residuals [stat, eq, ineq, comp]: [100.        0.        0.17966   0.     ]
Acados SQP iterations: 1
RMPCC-MF diagnostics captured before infeasibility recovery.
RMPCC-MF failed-iterate infeasibility candidates:
  - {'constraint': 'row_g_hard_guard', 'stages': array([ 1,  2,  3,  4,  5,  6,  7,  8,  9, 10, 11, 12, 13, 14, 15, 16, 17,
       18, 19, 20]), 'minimum_residual': -0.17965750193595892}
RMPCC-MF inactive Row M stages are trivially feasible.
RMPCC-MF minimum box residuals [state | input]: 3.9e-08 | 0.0
SQP_RTI solver failed with status 4. Starting infeasible recovery.
Backup solver is unavailable; falling back to safe stop.
Applied nominal_safe_controller safe-stop plan after infeasible RMPCC-MF solve.
[RMPCC 0063] SAFE_STOP solve=223.2ms pose=(0.263,0.358,-0.901) u=(0.000,0.000) s=0.399 PSDFmin=-0.1787 G=FAIL(-0.1797) MF=inactive(active=0/20)
Acados solver failed with status 4
Acados residuals [stat, eq, ineq, comp]: [100.        0.        0.17966   0.     ]
Acados SQP iterations: 1
RMPCC-MF diagnostics captured before infeasibility recovery.
RMPCC-MF failed-iterate infeasibility candidates:
  - {'constraint': 'row_g_hard_guard', 'stages': array([ 1,  2,  3,  4,  5,  6,  7,  8,  9, 10, 11, 12, 13, 14, 15, 16, 17,
       18, 19, 20]), 'minimum_residual': -0.17965750193595892}
RMPCC-MF inactive Row M stages are trivially feasible.
RMPCC-MF minimum box residuals [state | input]: 3.9e-08 | 0.0
SQP_RTI solver failed with status 4. Starting infeasible recovery.
Backup solver is unavailable; falling back to safe stop.
Applied nominal_safe_controller safe-stop plan after infeasible RMPCC-MF solve.
[RMPCC 0064] SAFE_STOP solve=226.1ms pose=(0.263,0.358,-0.901) u=(0.000,0.000) s=0.399 PSDFmin=-0.1787 G=FAIL(-0.1797) MF=inactive(active=0/20)
Acados solver failed with status 4
Acados residuals [stat, eq, ineq, comp]: [100.        0.        0.17966   0.     ]
Acados SQP iterations: 1
RMPCC-MF diagnostics captured before infeasibility recovery.
RMPCC-MF failed-iterate infeasibility candidates:
  - {'constraint': 'row_g_hard_guard', 'stages': array([ 1,  2,  3,  4,  5,  6,  7,  8,  9, 10, 11, 12, 13, 14, 15, 16, 17,
       18, 19, 20]), 'minimum_residual': -0.17965750193595892}
RMPCC-MF inactive Row M stages are trivially feasible.
RMPCC-MF minimum box residuals [state | input]: 3.9e-08 | 0.0
SQP_RTI solver failed with status 4. Starting infeasible recovery.
Backup solver is unavailable; falling back to safe stop.
Applied nominal_safe_controller safe-stop plan after infeasible RMPCC-MF solve.
[RMPCC 0065] SAFE_STOP solve=226.2ms pose=(0.263,0.358,-0.901) u=(0.000,0.000) s=0.399 PSDFmin=-0.1787 G=FAIL(-0.1797) MF=inactive(active=0/20)
Acados solver failed with status 4
Acados residuals [stat, eq, ineq, comp]: [100.        0.        0.17966   0.     ]
Acados SQP iterations: 1
RMPCC-MF diagnostics captured before infeasibility recovery.
RMPCC-MF failed-iterate infeasibility candidates:
  - {'constraint': 'row_g_hard_guard', 'stages': array([ 1,  2,  3,  4,  5,  6,  7,  8,  9, 10, 11, 12, 13, 14, 15, 16, 17,
       18, 19, 20]), 'minimum_residual': -0.17965750193595892}
RMPCC-MF inactive Row M stages are trivially feasible.
RMPCC-MF minimum box residuals [state | input]: 3.9e-08 | 0.0
SQP_RTI solver failed with status 4. Starting infeasible recovery.
Backup solver is unavailable; falling back to safe stop.
Applied nominal_safe_controller safe-stop plan after infeasible RMPCC-MF solve.
[RMPCC 0066] SAFE_STOP solve=223.4ms pose=(0.263,0.358,-0.901) u=(0.000,0.000) s=0.399 PSDFmin=-0.1787 G=FAIL(-0.1797) MF=inactive(active=0/20)
Acados solver failed with status 4
Acados residuals [stat, eq, ineq, comp]: [100.        0.        0.17966   0.     ]
Acados SQP iterations: 1
RMPCC-MF diagnostics captured before infeasibility recovery.
RMPCC-MF failed-iterate infeasibility candidates:
  - {'constraint': 'row_g_hard_guard', 'stages': array([ 1,  2,  3,  4,  5,  6,  7,  8,  9, 10, 11, 12, 13, 14, 15, 16, 17,
       18, 19, 20]), 'minimum_residual': -0.17965750193595892}
RMPCC-MF inactive Row M stages are trivially feasible.
RMPCC-MF minimum box residuals [state | input]: 3.9e-08 | 0.0
SQP_RTI solver failed with status 4. Starting infeasible recovery.
Backup solver is unavailable; falling back to safe stop.
Applied nominal_safe_controller safe-stop plan after infeasible RMPCC-MF solve.
[RMPCC 0067] SAFE_STOP solve=229.6ms pose=(0.263,0.358,-0.901) u=(0.000,0.000) s=0.399 PSDFmin=-0.1787 G=FAIL(-0.1797) MF=inactive(active=0/20)
Acados solver failed with status 4
Acados residuals [stat, eq, ineq, comp]: [100.        0.        0.17966   0.     ]
Acados SQP iterations: 1
RMPCC-MF diagnostics captured before infeasibility recovery.
RMPCC-MF failed-iterate infeasibility candidates:
  - {'constraint': 'row_g_hard_guard', 'stages': array([ 1,  2,  3,  4,  5,  6,  7,  8,  9, 10, 11, 12, 13, 14, 15, 16, 17,
       18, 19, 20]), 'minimum_residual': -0.17965750193595892}
RMPCC-MF inactive Row M stages are trivially feasible.
RMPCC-MF minimum box residuals [state | input]: 3.9e-08 | 0.0
SQP_RTI solver failed with status 4. Starting infeasible recovery.
Backup solver is unavailable; falling back to safe stop.
Applied nominal_safe_controller safe-stop plan after infeasible RMPCC-MF solve.
[RMPCC 0068] SAFE_STOP solve=237.8ms pose=(0.263,0.358,-0.901) u=(0.000,0.000) s=0.399 PSDFmin=-0.1787 G=FAIL(-0.1797) MF=inactive(active=0/20)
Acados solver failed with status 4
Acados residuals [stat, eq, ineq, comp]: [100.        0.        0.17966   0.     ]
Acados SQP iterations: 1
RMPCC-MF diagnostics captured before infeasibility recovery.
RMPCC-MF failed-iterate infeasibility candidates:
  - {'constraint': 'row_g_hard_guard', 'stages': array([ 1,  2,  3,  4,  5,  6,  7,  8,  9, 10, 11, 12, 13, 14, 15, 16, 17,
       18, 19, 20]), 'minimum_residual': -0.17965750193595892}
RMPCC-MF inactive Row M stages are trivially feasible.
RMPCC-MF minimum box residuals [state | input]: 3.9e-08 | 0.0
SQP_RTI solver failed with status 4. Starting infeasible recovery.
Backup solver is unavailable; falling back to safe stop.
Applied nominal_safe_controller safe-stop plan after infeasible RMPCC-MF solve.
[RMPCC 0069] SAFE_STOP solve=230.0ms pose=(0.263,0.358,-0.901) u=(0.000,0.000) s=0.399 PSDFmin=-0.1787 G=FAIL(-0.1797) MF=inactive(active=0/20)
Acados solver failed with status 4
Acados residuals [stat, eq, ineq, comp]: [100.        0.        0.17966   0.     ]
Acados SQP iterations: 1
RMPCC-MF diagnostics captured before infeasibility recovery.
RMPCC-MF failed-iterate infeasibility candidates:
  - {'constraint': 'row_g_hard_guard', 'stages': array([ 1,  2,  3,  4,  5,  6,  7,  8,  9, 10, 11, 12, 13, 14, 15, 16, 17,
       18, 19, 20]), 'minimum_residual': -0.17965750193595892}
RMPCC-MF inactive Row M stages are trivially feasible.
RMPCC-MF minimum box residuals [state | input]: 3.9e-08 | 0.0
SQP_RTI solver failed with status 4. Starting infeasible recovery.
Backup solver is unavailable; falling back to safe stop.
Applied nominal_safe_controller safe-stop plan after infeasible RMPCC-MF solve.
[RMPCC 0070] SAFE_STOP solve=220.3ms pose=(0.263,0.358,-0.901) u=(0.000,0.000) s=0.399 PSDFmin=-0.1787 G=FAIL(-0.1797) MF=inactive(active=0/20)
Acados solver failed with status 4
Acados residuals [stat, eq, ineq, comp]: [100.        0.        0.17966   0.     ]
Acados SQP iterations: 1
RMPCC-MF diagnostics captured before infeasibility recovery.
RMPCC-MF failed-iterate infeasibility candidates:
  - {'constraint': 'row_g_hard_guard', 'stages': array([ 1,  2,  3,  4,  5,  6,  7,  8,  9, 10, 11, 12, 13, 14, 15, 16, 17,
       18, 19, 20]), 'minimum_residual': -0.17965750193595892}
RMPCC-MF inactive Row M stages are trivially feasible.
RMPCC-MF minimum box residuals [state | input]: 3.9e-08 | 0.0
SQP_RTI solver failed with status 4. Starting infeasible recovery.
Backup solver is unavailable; falling back to safe stop.
Applied nominal_safe_controller safe-stop plan after infeasible RMPCC-MF solve.
[RMPCC 0071] SAFE_STOP solve=234.1ms pose=(0.263,0.358,-0.901) u=(0.000,0.000) s=0.399 PSDFmin=-0.1787 G=FAIL(-0.1797) MF=inactive(active=0/20)
Acados solver failed with status 4
Acados residuals [stat, eq, ineq, comp]: [100.        0.        0.17966   0.     ]
Acados SQP iterations: 1
RMPCC-MF diagnostics captured before infeasibility recovery.
RMPCC-MF failed-iterate infeasibility candidates:
  - {'constraint': 'row_g_hard_guard', 'stages': array([ 1,  2,  3,  4,  5,  6,  7,  8,  9, 10, 11, 12, 13, 14, 15, 16, 17,
       18, 19, 20]), 'minimum_residual': -0.17965750193595892}
RMPCC-MF inactive Row M stages are trivially feasible.
RMPCC-MF minimum box residuals [state | input]: 3.9e-08 | 0.0
SQP_RTI solver failed with status 4. Starting infeasible recovery.
Backup solver is unavailable; falling back to safe stop.
Applied nominal_safe_controller safe-stop plan after infeasible RMPCC-MF solve.
[RMPCC 0072] SAFE_STOP solve=226.5ms pose=(0.263,0.358,-0.901) u=(0.000,0.000) s=0.399 PSDFmin=-0.1787 G=FAIL(-0.1797) MF=inactive(active=0/20)
Acados solver failed with status 4
Acados residuals [stat, eq, ineq, comp]: [100.        0.        0.17966   0.     ]
Acados SQP iterations: 1
RMPCC-MF diagnostics captured before infeasibility recovery.
RMPCC-MF failed-iterate infeasibility candidates:
  - {'constraint': 'row_g_hard_guard', 'stages': array([ 1,  2,  3,  4,  5,  6,  7,  8,  9, 10, 11, 12, 13, 14, 15, 16, 17,
       18, 19, 20]), 'minimum_residual': -0.17965750193595892}
RMPCC-MF inactive Row M stages are trivially feasible.
RMPCC-MF minimum box residuals [state | input]: 3.9e-08 | 0.0
SQP_RTI solver failed with status 4. Starting infeasible recovery.
Backup solver is unavailable; falling back to safe stop.
Applied nominal_safe_controller safe-stop plan after infeasible RMPCC-MF solve.
[RMPCC 0073] SAFE_STOP solve=223.2ms pose=(0.263,0.358,-0.901) u=(0.000,0.000) s=0.399 PSDFmin=-0.1787 G=FAIL(-0.1797) MF=inactive(active=0/20)
Acados solver failed with status 4
Acados residuals [stat, eq, ineq, comp]: [100.        0.        0.17966   0.     ]
Acados SQP iterations: 1
RMPCC-MF diagnostics captured before infeasibility recovery.
RMPCC-MF failed-iterate infeasibility candidates:
  - {'constraint': 'row_g_hard_guard', 'stages': array([ 1,  2,  3,  4,  5,  6,  7,  8,  9, 10, 11, 12, 13, 14, 15, 16, 17,
       18, 19, 20]), 'minimum_residual': -0.17965750193595892}
RMPCC-MF inactive Row M stages are trivially feasible.
RMPCC-MF minimum box residuals [state | input]: 3.9e-08 | 0.0
SQP_RTI solver failed with status 4. Starting infeasible recovery.
Backup solver is unavailable; falling back to safe stop.
Applied nominal_safe_controller safe-stop plan after infeasible RMPCC-MF solve.
[RMPCC 0074] SAFE_STOP solve=227.0ms pose=(0.263,0.358,-0.901) u=(0.000,0.000) s=0.399 PSDFmin=-0.1787 G=FAIL(-0.1797) MF=inactive(active=0/20)
Acados solver failed with status 4
Acados residuals [stat, eq, ineq, comp]: [100.        0.        0.17966   0.     ]
Acados SQP iterations: 1
RMPCC-MF diagnostics captured before infeasibility recovery.
RMPCC-MF failed-iterate infeasibility candidates:
  - {'constraint': 'row_g_hard_guard', 'stages': array([ 1,  2,  3,  4,  5,  6,  7,  8,  9, 10, 11, 12, 13, 14, 15, 16, 17,
       18, 19, 20]), 'minimum_residual': -0.17965750193595892}
RMPCC-MF inactive Row M stages are trivially feasible.
RMPCC-MF minimum box residuals [state | input]: 3.9e-08 | 0.0
SQP_RTI solver failed with status 4. Starting infeasible recovery.
Backup solver is unavailable; falling back to safe stop.
Applied nominal_safe_controller safe-stop plan after infeasible RMPCC-MF solve.
[RMPCC 0075] SAFE_STOP solve=228.7ms pose=(0.263,0.358,-0.901) u=(0.000,0.000) s=0.399 PSDFmin=-0.1787 G=FAIL(-0.1797) MF=inactive(active=0/20)
Acados solver failed with status 4
Acados residuals [stat, eq, ineq, comp]: [100.        0.        0.17966   0.     ]
Acados SQP iterations: 1
RMPCC-MF diagnostics captured before infeasibility recovery.
RMPCC-MF failed-iterate infeasibility candidates:
  - {'constraint': 'row_g_hard_guard', 'stages': array([ 1,  2,  3,  4,  5,  6,  7,  8,  9, 10, 11, 12, 13, 14, 15, 16, 17,
       18, 19, 20]), 'minimum_residual': -0.17965750193595892}
RMPCC-MF inactive Row M stages are trivially feasible.
RMPCC-MF minimum box residuals [state | input]: 3.9e-08 | 0.0
SQP_RTI solver failed with status 4. Starting infeasible recovery.
Backup solver is unavailable; falling back to safe stop.
Applied nominal_safe_controller safe-stop plan after infeasible RMPCC-MF solve.
[RMPCC 0076] SAFE_STOP solve=220.7ms pose=(0.263,0.358,-0.901) u=(0.000,0.000) s=0.399 PSDFmin=-0.1787 G=FAIL(-0.1797) MF=inactive(active=0/20)
Acados solver failed with status 4
Acados residuals [stat, eq, ineq, comp]: [100.        0.        0.17966   0.     ]
Acados SQP iterations: 1
RMPCC-MF diagnostics captured before infeasibility recovery.
RMPCC-MF failed-iterate infeasibility candidates:
  - {'constraint': 'row_g_hard_guard', 'stages': array([ 1,  2,  3,  4,  5,  6,  7,  8,  9, 10, 11, 12, 13, 14, 15, 16, 17,
       18, 19, 20]), 'minimum_residual': -0.17965750193595892}
RMPCC-MF inactive Row M stages are trivially feasible.
RMPCC-MF minimum box residuals [state | input]: 3.9e-08 | 0.0
SQP_RTI solver failed with status 4. Starting infeasible recovery.
Backup solver is unavailable; falling back to safe stop.
Applied nominal_safe_controller safe-stop plan after infeasible RMPCC-MF solve.
[RMPCC 0077] SAFE_STOP solve=217.6ms pose=(0.263,0.358,-0.901) u=(0.000,0.000) s=0.399 PSDFmin=-0.1787 G=FAIL(-0.1797) MF=inactive(active=0/20)
Acados solver failed with status 4
Acados residuals [stat, eq, ineq, comp]: [100.        0.        0.17966   0.     ]
Acados SQP iterations: 1
RMPCC-MF diagnostics captured before infeasibility recovery.
RMPCC-MF failed-iterate infeasibility candidates:
  - {'constraint': 'row_g_hard_guard', 'stages': array([ 1,  2,  3,  4,  5,  6,  7,  8,  9, 10, 11, 12, 13, 14, 15, 16, 17,
       18, 19, 20]), 'minimum_residual': -0.17965750193595892}
RMPCC-MF inactive Row M stages are trivially feasible.
RMPCC-MF minimum box residuals [state | input]: 3.9e-08 | 0.0
SQP_RTI solver failed with status 4. Starting infeasible recovery.
Backup solver is unavailable; falling back to safe stop.
Applied nominal_safe_controller safe-stop plan after infeasible RMPCC-MF solve.
[RMPCC 0078] SAFE_STOP solve=221.5ms pose=(0.263,0.358,-0.901) u=(0.000,0.000) s=0.399 PSDFmin=-0.1787 G=FAIL(-0.1797) MF=inactive(active=0/20)
Acados solver failed with status 4
Acados residuals [stat, eq, ineq, comp]: [100.        0.        0.17966   0.     ]
Acados SQP iterations: 1
RMPCC-MF diagnostics captured before infeasibility recovery.
RMPCC-MF failed-iterate infeasibility candidates:
  - {'constraint': 'row_g_hard_guard', 'stages': array([ 1,  2,  3,  4,  5,  6,  7,  8,  9, 10, 11, 12, 13, 14, 15, 16, 17,
       18, 19, 20]), 'minimum_residual': -0.17965750193595892}
RMPCC-MF inactive Row M stages are trivially feasible.
RMPCC-MF minimum box residuals [state | input]: 3.9e-08 | 0.0
SQP_RTI solver failed with status 4. Starting infeasible recovery.
Backup solver is unavailable; falling back to safe stop.
Applied nominal_safe_controller safe-stop plan after infeasible RMPCC-MF solve.
[RMPCC 0079] SAFE_STOP solve=227.1ms pose=(0.263,0.358,-0.901) u=(0.000,0.000) s=0.399 PSDFmin=-0.1787 G=FAIL(-0.1797) MF=inactive(active=0/20)
Acados solver failed with status 4
Acados residuals [stat, eq, ineq, comp]: [100.        0.        0.17966   0.     ]
Acados SQP iterations: 1
RMPCC-MF diagnostics captured before infeasibility recovery.
RMPCC-MF failed-iterate infeasibility candidates:
  - {'constraint': 'row_g_hard_guard', 'stages': array([ 1,  2,  3,  4,  5,  6,  7,  8,  9, 10, 11, 12, 13, 14, 15, 16, 17,
       18, 19, 20]), 'minimum_residual': -0.17965750193595892}
RMPCC-MF inactive Row M stages are trivially feasible.
RMPCC-MF minimum box residuals [state | input]: 3.9e-08 | 0.0
SQP_RTI solver failed with status 4. Starting infeasible recovery.
Backup solver is unavailable; falling back to safe stop.
Applied nominal_safe_controller safe-stop plan after infeasible RMPCC-MF solve.
[RMPCC 0080] SAFE_STOP solve=222.5ms pose=(0.263,0.358,-0.901) u=(0.000,0.000) s=0.399 PSDFmin=-0.1787 G=FAIL(-0.1797) MF=inactive(active=0/20)
Acados solver failed with status 4
Acados residuals [stat, eq, ineq, comp]: [100.        0.        0.17966   0.     ]
Acados SQP iterations: 1
RMPCC-MF diagnostics captured before infeasibility recovery.
RMPCC-MF failed-iterate infeasibility candidates:
  - {'constraint': 'row_g_hard_guard', 'stages': array([ 1,  2,  3,  4,  5,  6,  7,  8,  9, 10, 11, 12, 13, 14, 15, 16, 17,
       18, 19, 20]), 'minimum_residual': -0.17965750193595892}
RMPCC-MF inactive Row M stages are trivially feasible.
RMPCC-MF minimum box residuals [state | input]: 3.9e-08 | 0.0
SQP_RTI solver failed with status 4. Starting infeasible recovery.
Backup solver is unavailable; falling back to safe stop.
Applied nominal_safe_controller safe-stop plan after infeasible RMPCC-MF solve.
[RMPCC 0081] SAFE_STOP solve=230.2ms pose=(0.263,0.358,-0.901) u=(0.000,0.000) s=0.399 PSDFmin=-0.1787 G=FAIL(-0.1797) MF=inactive(active=0/20)
Acados solver failed with status 4
Acados residuals [stat, eq, ineq, comp]: [100.        0.        0.17966   0.     ]
Acados SQP iterations: 1
RMPCC-MF diagnostics captured before infeasibility recovery.
RMPCC-MF failed-iterate infeasibility candidates:
  - {'constraint': 'row_g_hard_guard', 'stages': array([ 1,  2,  3,  4,  5,  6,  7,  8,  9, 10, 11, 12, 13, 14, 15, 16, 17,
       18, 19, 20]), 'minimum_residual': -0.17965750193595892}
RMPCC-MF inactive Row M stages are trivially feasible.
RMPCC-MF minimum box residuals [state | input]: 3.9e-08 | 0.0
SQP_RTI solver failed with status 4. Starting infeasible recovery.
Backup solver is unavailable; falling back to safe stop.
Applied nominal_safe_controller safe-stop plan after infeasible RMPCC-MF solve.
[RMPCC 0082] SAFE_STOP solve=243.9ms pose=(0.263,0.358,-0.901) u=(0.000,0.000) s=0.399 PSDFmin=-0.1787 G=FAIL(-0.1797) MF=inactive(active=0/20)
Acados solver failed with status 4
Acados residuals [stat, eq, ineq, comp]: [100.        0.        0.17966   0.     ]
Acados SQP iterations: 1
RMPCC-MF diagnostics captured before infeasibility recovery.
RMPCC-MF failed-iterate infeasibility candidates:
  - {'constraint': 'row_g_hard_guard', 'stages': array([ 1,  2,  3,  4,  5,  6,  7,  8,  9, 10, 11, 12, 13, 14, 15, 16, 17,
       18, 19, 20]), 'minimum_residual': -0.17965750193595892}
RMPCC-MF inactive Row M stages are trivially feasible.
RMPCC-MF minimum box residuals [state | input]: 3.9e-08 | 0.0
SQP_RTI solver failed with status 4. Starting infeasible recovery.
Backup solver is unavailable; falling back to safe stop.
Applied nominal_safe_controller safe-stop plan after infeasible RMPCC-MF solve.
[RMPCC 0083] SAFE_STOP solve=224.0ms pose=(0.263,0.358,-0.901) u=(0.000,0.000) s=0.399 PSDFmin=-0.1787 G=FAIL(-0.1797) MF=inactive(active=0/20)
Acados solver failed with status 4
Acados residuals [stat, eq, ineq, comp]: [100.        0.        0.17966   0.     ]
Acados SQP iterations: 1
RMPCC-MF diagnostics captured before infeasibility recovery.
RMPCC-MF failed-iterate infeasibility candidates:
  - {'constraint': 'row_g_hard_guard', 'stages': array([ 1,  2,  3,  4,  5,  6,  7,  8,  9, 10, 11, 12, 13, 14, 15, 16, 17,
       18, 19, 20]), 'minimum_residual': -0.17965750193595892}
RMPCC-MF inactive Row M stages are trivially feasible.
RMPCC-MF minimum box residuals [state | input]: 3.9e-08 | 0.0
SQP_RTI solver failed with status 4. Starting infeasible recovery.
Backup solver is unavailable; falling back to safe stop.
Applied nominal_safe_controller safe-stop plan after infeasible RMPCC-MF solve.
[RMPCC 0084] SAFE_STOP solve=235.4ms pose=(0.263,0.358,-0.901) u=(0.000,0.000) s=0.399 PSDFmin=-0.1787 G=FAIL(-0.1797) MF=inactive(active=0/20)
Acados solver failed with status 4
Acados residuals [stat, eq, ineq, comp]: [100.        0.        0.17966   0.     ]
Acados SQP iterations: 1
RMPCC-MF diagnostics captured before infeasibility recovery.
RMPCC-MF failed-iterate infeasibility candidates:
  - {'constraint': 'row_g_hard_guard', 'stages': array([ 1,  2,  3,  4,  5,  6,  7,  8,  9, 10, 11, 12, 13, 14, 15, 16, 17,
       18, 19, 20]), 'minimum_residual': -0.17965750193595892}
RMPCC-MF inactive Row M stages are trivially feasible.
RMPCC-MF minimum box residuals [state | input]: 3.9e-08 | 0.0
SQP_RTI solver failed with status 4. Starting infeasible recovery.
Backup solver is unavailable; falling back to safe stop.
Applied nominal_safe_controller safe-stop plan after infeasible RMPCC-MF solve.
[RMPCC 0085] SAFE_STOP solve=222.6ms pose=(0.263,0.358,-0.901) u=(0.000,0.000) s=0.399 PSDFmin=-0.1787 G=FAIL(-0.1797) MF=inactive(active=0/20)
Acados solver failed with status 4
Acados residuals [stat, eq, ineq, comp]: [100.        0.        0.17966   0.     ]
Acados SQP iterations: 1
RMPCC-MF diagnostics captured before infeasibility recovery.
RMPCC-MF failed-iterate infeasibility candidates:
  - {'constraint': 'row_g_hard_guard', 'stages': array([ 1,  2,  3,  4,  5,  6,  7,  8,  9, 10, 11, 12, 13, 14, 15, 16, 17,
       18, 19, 20]), 'minimum_residual': -0.17965750193595892}
RMPCC-MF inactive Row M stages are trivially feasible.
RMPCC-MF minimum box residuals [state | input]: 3.9e-08 | 0.0
SQP_RTI solver failed with status 4. Starting infeasible recovery.
Backup solver is unavailable; falling back to safe stop.
Applied nominal_safe_controller safe-stop plan after infeasible RMPCC-MF solve.
[RMPCC 0086] SAFE_STOP solve=240.3ms pose=(0.263,0.358,-0.901) u=(0.000,0.000) s=0.399 PSDFmin=-0.1787 G=FAIL(-0.1797) MF=inactive(active=0/20)
Acados solver failed with status 4
Acados residuals [stat, eq, ineq, comp]: [100.        0.        0.17966   0.     ]
Acados SQP iterations: 1
RMPCC-MF diagnostics captured before infeasibility recovery.
RMPCC-MF failed-iterate infeasibility candidates:
  - {'constraint': 'row_g_hard_guard', 'stages': array([ 1,  2,  3,  4,  5,  6,  7,  8,  9, 10, 11, 12, 13, 14, 15, 16, 17,
       18, 19, 20]), 'minimum_residual': -0.17965750193595892}
RMPCC-MF inactive Row M stages are trivially feasible.
RMPCC-MF minimum box residuals [state | input]: 3.9e-08 | 0.0
SQP_RTI solver failed with status 4. Starting infeasible recovery.
Backup solver is unavailable; falling back to safe stop.
Applied nominal_safe_controller safe-stop plan after infeasible RMPCC-MF solve.
[RMPCC 0087] SAFE_STOP solve=227.1ms pose=(0.263,0.358,-0.901) u=(0.000,0.000) s=0.399 PSDFmin=-0.1787 G=FAIL(-0.1797) MF=inactive(active=0/20)
Acados solver failed with status 4
Acados residuals [stat, eq, ineq, comp]: [100.        0.        0.17966   0.     ]
Acados SQP iterations: 1
RMPCC-MF diagnostics captured before infeasibility recovery.
RMPCC-MF failed-iterate infeasibility candidates:
  - {'constraint': 'row_g_hard_guard', 'stages': array([ 1,  2,  3,  4,  5,  6,  7,  8,  9, 10, 11, 12, 13, 14, 15, 16, 17,
       18, 19, 20]), 'minimum_residual': -0.17965750193595892}
RMPCC-MF inactive Row M stages are trivially feasible.
RMPCC-MF minimum box residuals [state | input]: 3.9e-08 | 0.0
SQP_RTI solver failed with status 4. Starting infeasible recovery.
Backup solver is unavailable; falling back to safe stop.
Applied nominal_safe_controller safe-stop plan after infeasible RMPCC-MF solve.
[RMPCC 0088] SAFE_STOP solve=222.9ms pose=(0.263,0.358,-0.901) u=(0.000,0.000) s=0.399 PSDFmin=-0.1787 G=FAIL(-0.1797) MF=inactive(active=0/20)
Acados solver failed with status 4
Acados residuals [stat, eq, ineq, comp]: [100.        0.        0.17966   0.     ]
Acados SQP iterations: 1
RMPCC-MF diagnostics captured before infeasibility recovery.
RMPCC-MF failed-iterate infeasibility candidates:
  - {'constraint': 'row_g_hard_guard', 'stages': array([ 1,  2,  3,  4,  5,  6,  7,  8,  9, 10, 11, 12, 13, 14, 15, 16, 17,
       18, 19, 20]), 'minimum_residual': -0.17965750193595892}
RMPCC-MF inactive Row M stages are trivially feasible.
RMPCC-MF minimum box residuals [state | input]: 3.9e-08 | 0.0
SQP_RTI solver failed with status 4. Starting infeasible recovery.
Backup solver is unavailable; falling back to safe stop.
Applied nominal_safe_controller safe-stop plan after infeasible RMPCC-MF solve.
[RMPCC 0089] SAFE_STOP solve=249.1ms pose=(0.263,0.358,-0.901) u=(0.000,0.000) s=0.399 PSDFmin=-0.1787 G=FAIL(-0.1797) MF=inactive(active=0/20)
Acados solver failed with status 4
Acados residuals [stat, eq, ineq, comp]: [100.        0.        0.17966   0.     ]
Acados SQP iterations: 1
RMPCC-MF diagnostics captured before infeasibility recovery.
RMPCC-MF failed-iterate infeasibility candidates:
  - {'constraint': 'row_g_hard_guard', 'stages': array([ 1,  2,  3,  4,  5,  6,  7,  8,  9, 10, 11, 12, 13, 14, 15, 16, 17,
       18, 19, 20]), 'minimum_residual': -0.17965750193595892}
RMPCC-MF inactive Row M stages are trivially feasible.
RMPCC-MF minimum box residuals [state | input]: 3.9e-08 | 0.0
SQP_RTI solver failed with status 4. Starting infeasible recovery.
Backup solver is unavailable; falling back to safe stop.
Applied nominal_safe_controller safe-stop plan after infeasible RMPCC-MF solve.
[RMPCC 0090] SAFE_STOP solve=225.8ms pose=(0.263,0.358,-0.901) u=(0.000,0.000) s=0.399 PSDFmin=-0.1787 G=FAIL(-0.1797) MF=inactive(active=0/20)
Acados solver failed with status 4
Acados residuals [stat, eq, ineq, comp]: [100.        0.        0.17966   0.     ]
Acados SQP iterations: 1
RMPCC-MF diagnostics captured before infeasibility recovery.
RMPCC-MF failed-iterate infeasibility candidates:
  - {'constraint': 'row_g_hard_guard', 'stages': array([ 1,  2,  3,  4,  5,  6,  7,  8,  9, 10, 11, 12, 13, 14, 15, 16, 17,
       18, 19, 20]), 'minimum_residual': -0.17965750193595892}
RMPCC-MF inactive Row M stages are trivially feasible.
RMPCC-MF minimum box residuals [state | input]: 3.9e-08 | 0.0
SQP_RTI solver failed with status 4. Starting infeasible recovery.
Backup solver is unavailable; falling back to safe stop.
Applied nominal_safe_controller safe-stop plan after infeasible RMPCC-MF solve.
[RMPCC 0091] SAFE_STOP solve=241.1ms pose=(0.263,0.358,-0.901) u=(0.000,0.000) s=0.399 PSDFmin=-0.1787 G=FAIL(-0.1797) MF=inactive(active=0/20)
Acados solver failed with status 4
Acados residuals [stat, eq, ineq, comp]: [100.        0.        0.17966   0.     ]
Acados SQP iterations: 1
RMPCC-MF diagnostics captured before infeasibility recovery.
RMPCC-MF failed-iterate infeasibility candidates:
  - {'constraint': 'row_g_hard_guard', 'stages': array([ 1,  2,  3,  4,  5,  6,  7,  8,  9, 10, 11, 12, 13, 14, 15, 16, 17,
       18, 19, 20]), 'minimum_residual': -0.17965750193595892}
RMPCC-MF inactive Row M stages are trivially feasible.
RMPCC-MF minimum box residuals [state | input]: 3.9e-08 | 0.0
SQP_RTI solver failed with status 4. Starting infeasible recovery.
Backup solver is unavailable; falling back to safe stop.
Applied nominal_safe_controller safe-stop plan after infeasible RMPCC-MF solve.
[RMPCC 0092] SAFE_STOP solve=241.5ms pose=(0.263,0.358,-0.901) u=(0.000,0.000) s=0.399 PSDFmin=-0.1787 G=FAIL(-0.1797) MF=inactive(active=0/20)
Acados solver failed with status 4
Acados residuals [stat, eq, ineq, comp]: [100.        0.        0.17966   0.     ]
Acados SQP iterations: 1
RMPCC-MF diagnostics captured before infeasibility recovery.
RMPCC-MF failed-iterate infeasibility candidates:
  - {'constraint': 'row_g_hard_guard', 'stages': array([ 1,  2,  3,  4,  5,  6,  7,  8,  9, 10, 11, 12, 13, 14, 15, 16, 17,
       18, 19, 20]), 'minimum_residual': -0.17965750193595892}
RMPCC-MF inactive Row M stages are trivially feasible.
RMPCC-MF minimum box residuals [state | input]: 3.9e-08 | 0.0
SQP_RTI solver failed with status 4. Starting infeasible recovery.
Backup solver is unavailable; falling back to safe stop.
Applied nominal_safe_controller safe-stop plan after infeasible RMPCC-MF solve.
[RMPCC 0093] SAFE_STOP solve=230.9ms pose=(0.263,0.358,-0.901) u=(0.000,0.000) s=0.399 PSDFmin=-0.1787 G=FAIL(-0.1797) MF=inactive(active=0/20)
Acados solver failed with status 4
Acados residuals [stat, eq, ineq, comp]: [100.        0.        0.17966   0.     ]
Acados SQP iterations: 1
RMPCC-MF diagnostics captured before infeasibility recovery.
RMPCC-MF failed-iterate infeasibility candidates:
  - {'constraint': 'row_g_hard_guard', 'stages': array([ 1,  2,  3,  4,  5,  6,  7,  8,  9, 10, 11, 12, 13, 14, 15, 16, 17,
       18, 19, 20]), 'minimum_residual': -0.17965750193595892}
RMPCC-MF inactive Row M stages are trivially feasible.
RMPCC-MF minimum box residuals [state | input]: 3.9e-08 | 0.0
SQP_RTI solver failed with status 4. Starting infeasible recovery.
Backup solver is unavailable; falling back to safe stop.
Applied nominal_safe_controller safe-stop plan after infeasible RMPCC-MF solve.
[RMPCC 0094] SAFE_STOP solve=233.9ms pose=(0.263,0.358,-0.901) u=(0.000,0.000) s=0.399 PSDFmin=-0.1787 G=FAIL(-0.1797) MF=inactive(active=0/20)
Acados solver failed with status 4
Acados residuals [stat, eq, ineq, comp]: [100.        0.        0.17966   0.     ]
Acados SQP iterations: 1
RMPCC-MF diagnostics captured before infeasibility recovery.
RMPCC-MF failed-iterate infeasibility candidates:
  - {'constraint': 'row_g_hard_guard', 'stages': array([ 1,  2,  3,  4,  5,  6,  7,  8,  9, 10, 11, 12, 13, 14, 15, 16, 17,
       18, 19, 20]), 'minimum_residual': -0.17965750193595892}
RMPCC-MF inactive Row M stages are trivially feasible.
RMPCC-MF minimum box residuals [state | input]: 3.9e-08 | 0.0
SQP_RTI solver failed with status 4. Starting infeasible recovery.
Backup solver is unavailable; falling back to safe stop.
Applied nominal_safe_controller safe-stop plan after infeasible RMPCC-MF solve.
[RMPCC 0095] SAFE_STOP solve=239.1ms pose=(0.263,0.358,-0.901) u=(0.000,0.000) s=0.399 PSDFmin=-0.1787 G=FAIL(-0.1797) MF=inactive(active=0/20)
Acados solver failed with status 4
Acados residuals [stat, eq, ineq, comp]: [100.        0.        0.17966   0.     ]
Acados SQP iterations: 1
RMPCC-MF diagnostics captured before infeasibility recovery.
RMPCC-MF failed-iterate infeasibility candidates:
  - {'constraint': 'row_g_hard_guard', 'stages': array([ 1,  2,  3,  4,  5,  6,  7,  8,  9, 10, 11, 12, 13, 14, 15, 16, 17,
       18, 19, 20]), 'minimum_residual': -0.17965750193595892}
RMPCC-MF inactive Row M stages are trivially feasible.
RMPCC-MF minimum box residuals [state | input]: 3.9e-08 | 0.0
SQP_RTI solver failed with status 4. Starting infeasible recovery.
Backup solver is unavailable; falling back to safe stop.
Applied nominal_safe_controller safe-stop plan after infeasible RMPCC-MF solve.
[RMPCC 0096] SAFE_STOP solve=226.7ms pose=(0.263,0.358,-0.901) u=(0.000,0.000) s=0.399 PSDFmin=-0.1787 G=FAIL(-0.1797) MF=inactive(active=0/20)
Acados solver failed with status 4
Acados residuals [stat, eq, ineq, comp]: [100.        0.        0.17966   0.     ]
Acados SQP iterations: 1
RMPCC-MF diagnostics captured before infeasibility recovery.
RMPCC-MF failed-iterate infeasibility candidates:
  - {'constraint': 'row_g_hard_guard', 'stages': array([ 1,  2,  3,  4,  5,  6,  7,  8,  9, 10, 11, 12, 13, 14, 15, 16, 17,
       18, 19, 20]), 'minimum_residual': -0.17965750193595892}
RMPCC-MF inactive Row M stages are trivially feasible.
RMPCC-MF minimum box residuals [state | input]: 3.9e-08 | 0.0
SQP_RTI solver failed with status 4. Starting infeasible recovery.
Backup solver is unavailable; falling back to safe stop.
Applied nominal_safe_controller safe-stop plan after infeasible RMPCC-MF solve.
[RMPCC 0097] SAFE_STOP solve=226.4ms pose=(0.263,0.358,-0.901) u=(0.000,0.000) s=0.399 PSDFmin=-0.1787 G=FAIL(-0.1797) MF=inactive(active=0/20)
Acados solver failed with status 4
Acados residuals [stat, eq, ineq, comp]: [100.        0.        0.17966   0.     ]
Acados SQP iterations: 1
RMPCC-MF diagnostics captured before infeasibility recovery.
RMPCC-MF failed-iterate infeasibility candidates:
  - {'constraint': 'row_g_hard_guard', 'stages': array([ 1,  2,  3,  4,  5,  6,  7,  8,  9, 10, 11, 12, 13, 14, 15, 16, 17,
       18, 19, 20]), 'minimum_residual': -0.17965750193595892}
RMPCC-MF inactive Row M stages are trivially feasible.
RMPCC-MF minimum box residuals [state | input]: 3.9e-08 | 0.0
SQP_RTI solver failed with status 4. Starting infeasible recovery.
Backup solver is unavailable; falling back to safe stop.
Applied nominal_safe_controller safe-stop plan after infeasible RMPCC-MF solve.
[RMPCC 0098] SAFE_STOP solve=231.6ms pose=(0.263,0.358,-0.901) u=(0.000,0.000) s=0.399 PSDFmin=-0.1787 G=FAIL(-0.1797) MF=inactive(active=0/20)
Acados solver failed with status 4
Acados residuals [stat, eq, ineq, comp]: [100.        0.        0.17966   0.     ]
Acados SQP iterations: 1
RMPCC-MF diagnostics captured before infeasibility recovery.
RMPCC-MF failed-iterate infeasibility candidates:
  - {'constraint': 'row_g_hard_guard', 'stages': array([ 1,  2,  3,  4,  5,  6,  7,  8,  9, 10, 11, 12, 13, 14, 15, 16, 17,
       18, 19, 20]), 'minimum_residual': -0.17965750193595892}
RMPCC-MF inactive Row M stages are trivially feasible.
RMPCC-MF minimum box residuals [state | input]: 3.9e-08 | 0.0
SQP_RTI solver failed with status 4. Starting infeasible recovery.
Backup solver is unavailable; falling back to safe stop.
Applied nominal_safe_controller safe-stop plan after infeasible RMPCC-MF solve.
[RMPCC 0099] SAFE_STOP solve=226.5ms pose=(0.263,0.358,-0.901) u=(0.000,0.000) s=0.399 PSDFmin=-0.1787 G=FAIL(-0.1797) MF=inactive(active=0/20)
Acados solver failed with status 4
Acados residuals [stat, eq, ineq, comp]: [100.        0.        0.17966   0.     ]
Acados SQP iterations: 1
RMPCC-MF diagnostics captured before infeasibility recovery.
RMPCC-MF failed-iterate infeasibility candidates:
  - {'constraint': 'row_g_hard_guard', 'stages': array([ 1,  2,  3,  4,  5,  6,  7,  8,  9, 10, 11, 12, 13, 14, 15, 16, 17,
       18, 19, 20]), 'minimum_residual': -0.17965750193595892}
RMPCC-MF inactive Row M stages are trivially feasible.
RMPCC-MF minimum box residuals [state | input]: 3.9e-08 | 0.0
SQP_RTI solver failed with status 4. Starting infeasible recovery.
Backup solver is unavailable; falling back to safe stop.
Applied nominal_safe_controller safe-stop plan after infeasible RMPCC-MF solve.
[RMPCC 0100] SAFE_STOP solve=222.6ms pose=(0.263,0.358,-0.901) u=(0.000,0.000) s=0.399 PSDFmin=-0.1787 G=FAIL(-0.1797) MF=inactive(active=0/20)
Acados solver failed with status 4
Acados residuals [stat, eq, ineq, comp]: [100.        0.        0.17966   0.     ]
Acados SQP iterations: 1
RMPCC-MF diagnostics captured before infeasibility recovery.
RMPCC-MF failed-iterate infeasibility candidates:
  - {'constraint': 'row_g_hard_guard', 'stages': array([ 1,  2,  3,  4,  5,  6,  7,  8,  9, 10, 11, 12, 13, 14, 15, 16, 17,
       18, 19, 20]), 'minimum_residual': -0.17965750193595892}
RMPCC-MF inactive Row M stages are trivially feasible.
RMPCC-MF minimum box residuals [state | input]: 3.9e-08 | 0.0
SQP_RTI solver failed with status 4. Starting infeasible recovery.
Backup solver is unavailable; falling back to safe stop.
Applied nominal_safe_controller safe-stop plan after infeasible RMPCC-MF solve.
[RMPCC 0101] SAFE_STOP solve=230.6ms pose=(0.263,0.358,-0.901) u=(0.000,0.000) s=0.399 PSDFmin=-0.1787 G=FAIL(-0.1797) MF=inactive(active=0/20)
Acados solver failed with status 4
Acados residuals [stat, eq, ineq, comp]: [100.        0.        0.17966   0.     ]
Acados SQP iterations: 1
RMPCC-MF diagnostics captured before infeasibility recovery.
RMPCC-MF failed-iterate infeasibility candidates:
  - {'constraint': 'row_g_hard_guard', 'stages': array([ 1,  2,  3,  4,  5,  6,  7,  8,  9, 10, 11, 12, 13, 14, 15, 16, 17,
       18, 19, 20]), 'minimum_residual': -0.17965750193595892}
RMPCC-MF inactive Row M stages are trivially feasible.
RMPCC-MF minimum box residuals [state | input]: 3.9e-08 | 0.0
SQP_RTI solver failed with status 4. Starting infeasible recovery.
Backup solver is unavailable; falling back to safe stop.
Applied nominal_safe_controller safe-stop plan after infeasible RMPCC-MF solve.
[RMPCC 0102] SAFE_STOP solve=219.6ms pose=(0.263,0.358,-0.901) u=(0.000,0.000) s=0.399 PSDFmin=-0.1787 G=FAIL(-0.1797) MF=inactive(active=0/20)
Acados solver failed with status 4
Acados residuals [stat, eq, ineq, comp]: [100.        0.        0.17966   0.     ]
Acados SQP iterations: 1
RMPCC-MF diagnostics captured before infeasibility recovery.
RMPCC-MF failed-iterate infeasibility candidates:
  - {'constraint': 'row_g_hard_guard', 'stages': array([ 1,  2,  3,  4,  5,  6,  7,  8,  9, 10, 11, 12, 13, 14, 15, 16, 17,
       18, 19, 20]), 'minimum_residual': -0.17965750193595892}
RMPCC-MF inactive Row M stages are trivially feasible.
RMPCC-MF minimum box residuals [state | input]: 3.9e-08 | 0.0
SQP_RTI solver failed with status 4. Starting infeasible recovery.
Backup solver is unavailable; falling back to safe stop.
Applied nominal_safe_controller safe-stop plan after infeasible RMPCC-MF solve.
[RMPCC 0103] SAFE_STOP solve=223.5ms pose=(0.263,0.358,-0.901) u=(0.000,0.000) s=0.399 PSDFmin=-0.1787 G=FAIL(-0.1797) MF=inactive(active=0/20)
Acados solver failed with status 4
Acados residuals [stat, eq, ineq, comp]: [100.        0.        0.17966   0.     ]
Acados SQP iterations: 1
RMPCC-MF diagnostics captured before infeasibility recovery.
RMPCC-MF failed-iterate infeasibility candidates:
  - {'constraint': 'row_g_hard_guard', 'stages': array([ 1,  2,  3,  4,  5,  6,  7,  8,  9, 10, 11, 12, 13, 14, 15, 16, 17,
       18, 19, 20]), 'minimum_residual': -0.17965750193595892}
RMPCC-MF inactive Row M stages are trivially feasible.
RMPCC-MF minimum box residuals [state | input]: 3.9e-08 | 0.0
SQP_RTI solver failed with status 4. Starting infeasible recovery.
Backup solver is unavailable; falling back to safe stop.
Applied nominal_safe_controller safe-stop plan after infeasible RMPCC-MF solve.
[RMPCC 0104] SAFE_STOP solve=225.1ms pose=(0.263,0.358,-0.901) u=(0.000,0.000) s=0.399 PSDFmin=-0.1787 G=FAIL(-0.1797) MF=inactive(active=0/20)
Acados solver failed with status 4
Acados residuals [stat, eq, ineq, comp]: [100.        0.        0.17966   0.     ]
Acados SQP iterations: 1
RMPCC-MF diagnostics captured before infeasibility recovery.
RMPCC-MF failed-iterate infeasibility candidates:
  - {'constraint': 'row_g_hard_guard', 'stages': array([ 1,  2,  3,  4,  5,  6,  7,  8,  9, 10, 11, 12, 13, 14, 15, 16, 17,
       18, 19, 20]), 'minimum_residual': -0.17965750193595892}
RMPCC-MF inactive Row M stages are trivially feasible.
RMPCC-MF minimum box residuals [state | input]: 3.9e-08 | 0.0
SQP_RTI solver failed with status 4. Starting infeasible recovery.
Backup solver is unavailable; falling back to safe stop.
Applied nominal_safe_controller safe-stop plan after infeasible RMPCC-MF solve.
[RMPCC 0105] SAFE_STOP solve=231.9ms pose=(0.263,0.358,-0.901) u=(0.000,0.000) s=0.399 PSDFmin=-0.1787 G=FAIL(-0.1797) MF=inactive(active=0/20)
Acados solver failed with status 4
Acados residuals [stat, eq, ineq, comp]: [100.        0.        0.17966   0.     ]
Acados SQP iterations: 1
RMPCC-MF diagnostics captured before infeasibility recovery.
RMPCC-MF failed-iterate infeasibility candidates:
  - {'constraint': 'row_g_hard_guard', 'stages': array([ 1,  2,  3,  4,  5,  6,  7,  8,  9, 10, 11, 12, 13, 14, 15, 16, 17,
       18, 19, 20]), 'minimum_residual': -0.17965750193595892}
RMPCC-MF inactive Row M stages are trivially feasible.
RMPCC-MF minimum box residuals [state | input]: 3.9e-08 | 0.0
SQP_RTI solver failed with status 4. Starting infeasible recovery.
Backup solver is unavailable; falling back to safe stop.
Applied nominal_safe_controller safe-stop plan after infeasible RMPCC-MF solve.
[RMPCC 0106] SAFE_STOP solve=215.8ms pose=(0.263,0.358,-0.901) u=(0.000,0.000) s=0.399 PSDFmin=-0.1787 G=FAIL(-0.1797) MF=inactive(active=0/20)
Acados solver failed with status 4
Acados residuals [stat, eq, ineq, comp]: [100.        0.        0.17966   0.     ]
Acados SQP iterations: 1
RMPCC-MF diagnostics captured before infeasibility recovery.
RMPCC-MF failed-iterate infeasibility candidates:
  - {'constraint': 'row_g_hard_guard', 'stages': array([ 1,  2,  3,  4,  5,  6,  7,  8,  9, 10, 11, 12, 13, 14, 15, 16, 17,
       18, 19, 20]), 'minimum_residual': -0.17965750193595892}
RMPCC-MF inactive Row M stages are trivially feasible.
RMPCC-MF minimum box residuals [state | input]: 3.9e-08 | 0.0
SQP_RTI solver failed with status 4. Starting infeasible recovery.
Backup solver is unavailable; falling back to safe stop.
Applied nominal_safe_controller safe-stop plan after infeasible RMPCC-MF solve.
[RMPCC 0107] SAFE_STOP solve=216.4ms pose=(0.263,0.358,-0.901) u=(0.000,0.000) s=0.399 PSDFmin=-0.1787 G=FAIL(-0.1797) MF=inactive(active=0/20)
Acados solver failed with status 4
Acados residuals [stat, eq, ineq, comp]: [100.        0.        0.17966   0.     ]
Acados SQP iterations: 1
RMPCC-MF diagnostics captured before infeasibility recovery.
RMPCC-MF failed-iterate infeasibility candidates:
  - {'constraint': 'row_g_hard_guard', 'stages': array([ 1,  2,  3,  4,  5,  6,  7,  8,  9, 10, 11, 12, 13, 14, 15, 16, 17,
       18, 19, 20]), 'minimum_residual': -0.17965750193595892}
RMPCC-MF inactive Row M stages are trivially feasible.
RMPCC-MF minimum box residuals [state | input]: 3.9e-08 | 0.0
SQP_RTI solver failed with status 4. Starting infeasible recovery.
Backup solver is unavailable; falling back to safe stop.
Applied nominal_safe_controller safe-stop plan after infeasible RMPCC-MF solve.
[RMPCC 0108] SAFE_STOP solve=214.0ms pose=(0.263,0.358,-0.901) u=(0.000,0.000) s=0.399 PSDFmin=-0.1787 G=FAIL(-0.1797) MF=inactive(active=0/20)
Acados solver failed with status 4
Acados residuals [stat, eq, ineq, comp]: [100.        0.        0.17966   0.     ]
Acados SQP iterations: 1
RMPCC-MF diagnostics captured before infeasibility recovery.
RMPCC-MF failed-iterate infeasibility candidates:
  - {'constraint': 'row_g_hard_guard', 'stages': array([ 1,  2,  3,  4,  5,  6,  7,  8,  9, 10, 11, 12, 13, 14, 15, 16, 17,
       18, 19, 20]), 'minimum_residual': -0.17965750193595892}
RMPCC-MF inactive Row M stages are trivially feasible.
RMPCC-MF minimum box residuals [state | input]: 3.9e-08 | 0.0
SQP_RTI solver failed with status 4. Starting infeasible recovery.
Backup solver is unavailable; falling back to safe stop.
Applied nominal_safe_controller safe-stop plan after infeasible RMPCC-MF solve.
[RMPCC 0109] SAFE_STOP solve=235.8ms pose=(0.263,0.358,-0.901) u=(0.000,0.000) s=0.399 PSDFmin=-0.1787 G=FAIL(-0.1797) MF=inactive(active=0/20)
Acados solver failed with status 4
Acados residuals [stat, eq, ineq, comp]: [100.        0.        0.17966   0.     ]
Acados SQP iterations: 1
RMPCC-MF diagnostics captured before infeasibility recovery.
RMPCC-MF failed-iterate infeasibility candidates:
  - {'constraint': 'row_g_hard_guard', 'stages': array([ 1,  2,  3,  4,  5,  6,  7,  8,  9, 10, 11, 12, 13, 14, 15, 16, 17,
       18, 19, 20]), 'minimum_residual': -0.17965750193595892}
RMPCC-MF inactive Row M stages are trivially feasible.
RMPCC-MF minimum box residuals [state | input]: 3.9e-08 | 0.0
SQP_RTI solver failed with status 4. Starting infeasible recovery.
Backup solver is unavailable; falling back to safe stop.
Applied nominal_safe_controller safe-stop plan after infeasible RMPCC-MF solve.
[RMPCC 0110] SAFE_STOP solve=238.3ms pose=(0.263,0.358,-0.901) u=(0.000,0.000) s=0.399 PSDFmin=-0.1787 G=FAIL(-0.1797) MF=inactive(active=0/20)
Acados solver failed with status 4
Acados residuals [stat, eq, ineq, comp]: [100.        0.        0.17966   0.     ]
Acados SQP iterations: 1
RMPCC-MF diagnostics captured before infeasibility recovery.
RMPCC-MF failed-iterate infeasibility candidates:
  - {'constraint': 'row_g_hard_guard', 'stages': array([ 1,  2,  3,  4,  5,  6,  7,  8,  9, 10, 11, 12, 13, 14, 15, 16, 17,
       18, 19, 20]), 'minimum_residual': -0.17965750193595892}
RMPCC-MF inactive Row M stages are trivially feasible.
RMPCC-MF minimum box residuals [state | input]: 3.9e-08 | 0.0
SQP_RTI solver failed with status 4. Starting infeasible recovery.
Backup solver is unavailable; falling back to safe stop.
Applied nominal_safe_controller safe-stop plan after infeasible RMPCC-MF solve.
[RMPCC 0111] SAFE_STOP solve=222.5ms pose=(0.263,0.358,-0.901) u=(0.000,0.000) s=0.399 PSDFmin=-0.1787 G=FAIL(-0.1797) MF=inactive(active=0/20)
Acados solver failed with status 4
Acados residuals [stat, eq, ineq, comp]: [100.        0.        0.17966   0.     ]
Acados SQP iterations: 1
RMPCC-MF diagnostics captured before infeasibility recovery.
RMPCC-MF failed-iterate infeasibility candidates:
  - {'constraint': 'row_g_hard_guard', 'stages': array([ 1,  2,  3,  4,  5,  6,  7,  8,  9, 10, 11, 12, 13, 14, 15, 16, 17,
       18, 19, 20]), 'minimum_residual': -0.17965750193595892}
RMPCC-MF inactive Row M stages are trivially feasible.
RMPCC-MF minimum box residuals [state | input]: 3.9e-08 | 0.0
SQP_RTI solver failed with status 4. Starting infeasible recovery.
Backup solver is unavailable; falling back to safe stop.
Applied nominal_safe_controller safe-stop plan after infeasible RMPCC-MF solve.
[RMPCC 0112] SAFE_STOP solve=227.4ms pose=(0.263,0.358,-0.901) u=(0.000,0.000) s=0.399 PSDFmin=-0.1787 G=FAIL(-0.1797) MF=inactive(active=0/20)
Acados solver failed with status 4
Acados residuals [stat, eq, ineq, comp]: [100.        0.        0.17966   0.     ]
Acados SQP iterations: 1
RMPCC-MF diagnostics captured before infeasibility recovery.
RMPCC-MF failed-iterate infeasibility candidates:
  - {'constraint': 'row_g_hard_guard', 'stages': array([ 1,  2,  3,  4,  5,  6,  7,  8,  9, 10, 11, 12, 13, 14, 15, 16, 17,
       18, 19, 20]), 'minimum_residual': -0.17965750193595892}
RMPCC-MF inactive Row M stages are trivially feasible.
RMPCC-MF minimum box residuals [state | input]: 3.9e-08 | 0.0
SQP_RTI solver failed with status 4. Starting infeasible recovery.
Backup solver is unavailable; falling back to safe stop.
Applied nominal_safe_controller safe-stop plan after infeasible RMPCC-MF solve.
[RMPCC 0113] SAFE_STOP solve=244.3ms pose=(0.263,0.358,-0.901) u=(0.000,0.000) s=0.399 PSDFmin=-0.1787 G=FAIL(-0.1797) MF=inactive(active=0/20)
Acados solver failed with status 4
Acados residuals [stat, eq, ineq, comp]: [100.        0.        0.17966   0.     ]
Acados SQP iterations: 1
RMPCC-MF diagnostics captured before infeasibility recovery.
RMPCC-MF failed-iterate infeasibility candidates:
  - {'constraint': 'row_g_hard_guard', 'stages': array([ 1,  2,  3,  4,  5,  6,  7,  8,  9, 10, 11, 12, 13, 14, 15, 16, 17,
       18, 19, 20]), 'minimum_residual': -0.17965750193595892}
RMPCC-MF inactive Row M stages are trivially feasible.
RMPCC-MF minimum box residuals [state | input]: 3.9e-08 | 0.0
SQP_RTI solver failed with status 4. Starting infeasible recovery.
Backup solver is unavailable; falling back to safe stop.
Applied nominal_safe_controller safe-stop plan after infeasible RMPCC-MF solve.
[RMPCC 0114] SAFE_STOP solve=226.4ms pose=(0.263,0.358,-0.901) u=(0.000,0.000) s=0.399 PSDFmin=-0.1787 G=FAIL(-0.1797) MF=inactive(active=0/20)
Acados solver failed with status 4
Acados residuals [stat, eq, ineq, comp]: [100.        0.        0.17966   0.     ]
Acados SQP iterations: 1
RMPCC-MF diagnostics captured before infeasibility recovery.
RMPCC-MF failed-iterate infeasibility candidates:
  - {'constraint': 'row_g_hard_guard', 'stages': array([ 1,  2,  3,  4,  5,  6,  7,  8,  9, 10, 11, 12, 13, 14, 15, 16, 17,
       18, 19, 20]), 'minimum_residual': -0.17965750193595892}
RMPCC-MF inactive Row M stages are trivially feasible.
RMPCC-MF minimum box residuals [state | input]: 3.9e-08 | 0.0
SQP_RTI solver failed with status 4. Starting infeasible recovery.
Backup solver is unavailable; falling back to safe stop.
Applied nominal_safe_controller safe-stop plan after infeasible RMPCC-MF solve.
[RMPCC 0115] SAFE_STOP solve=220.8ms pose=(0.263,0.358,-0.901) u=(0.000,0.000) s=0.399 PSDFmin=-0.1787 G=FAIL(-0.1797) MF=inactive(active=0/20)
Acados solver failed with status 4
Acados residuals [stat, eq, ineq, comp]: [100.        0.        0.17966   0.     ]
Acados SQP iterations: 1
RMPCC-MF diagnostics captured before infeasibility recovery.
RMPCC-MF failed-iterate infeasibility candidates:
  - {'constraint': 'row_g_hard_guard', 'stages': array([ 1,  2,  3,  4,  5,  6,  7,  8,  9, 10, 11, 12, 13, 14, 15, 16, 17,
       18, 19, 20]), 'minimum_residual': -0.17965750193595892}
RMPCC-MF inactive Row M stages are trivially feasible.
RMPCC-MF minimum box residuals [state | input]: 3.9e-08 | 0.0
SQP_RTI solver failed with status 4. Starting infeasible recovery.
Backup solver is unavailable; falling back to safe stop.
Applied nominal_safe_controller safe-stop plan after infeasible RMPCC-MF solve.
[RMPCC 0116] SAFE_STOP solve=230.0ms pose=(0.263,0.358,-0.901) u=(0.000,0.000) s=0.399 PSDFmin=-0.1787 G=FAIL(-0.1797) MF=inactive(active=0/20)
Acados solver failed with status 4
Acados residuals [stat, eq, ineq, comp]: [100.        0.        0.17966   0.     ]
Acados SQP iterations: 1
RMPCC-MF diagnostics captured before infeasibility recovery.
RMPCC-MF failed-iterate infeasibility candidates:
  - {'constraint': 'row_g_hard_guard', 'stages': array([ 1,  2,  3,  4,  5,  6,  7,  8,  9, 10, 11, 12, 13, 14, 15, 16, 17,
       18, 19, 20]), 'minimum_residual': -0.17965750193595892}
RMPCC-MF inactive Row M stages are trivially feasible.
RMPCC-MF minimum box residuals [state | input]: 3.9e-08 | 0.0
SQP_RTI solver failed with status 4. Starting infeasible recovery.
Backup solver is unavailable; falling back to safe stop.
Applied nominal_safe_controller safe-stop plan after infeasible RMPCC-MF solve.
[RMPCC 0117] SAFE_STOP solve=231.5ms pose=(0.263,0.358,-0.901) u=(0.000,0.000) s=0.399 PSDFmin=-0.1787 G=FAIL(-0.1797) MF=inactive(active=0/20)
Acados solver failed with status 4
Acados residuals [stat, eq, ineq, comp]: [100.        0.        0.17966   0.     ]
Acados SQP iterations: 1
RMPCC-MF diagnostics captured before infeasibility recovery.
RMPCC-MF failed-iterate infeasibility candidates:
  - {'constraint': 'row_g_hard_guard', 'stages': array([ 1,  2,  3,  4,  5,  6,  7,  8,  9, 10, 11, 12, 13, 14, 15, 16, 17,
       18, 19, 20]), 'minimum_residual': -0.17965750193595892}
RMPCC-MF inactive Row M stages are trivially feasible.
RMPCC-MF minimum box residuals [state | input]: 3.9e-08 | 0.0
SQP_RTI solver failed with status 4. Starting infeasible recovery.
Backup solver is unavailable; falling back to safe stop.
Applied nominal_safe_controller safe-stop plan after infeasible RMPCC-MF solve.
[RMPCC 0118] SAFE_STOP solve=234.4ms pose=(0.263,0.358,-0.901) u=(0.000,0.000) s=0.399 PSDFmin=-0.1787 G=FAIL(-0.1797) MF=inactive(active=0/20)
Acados solver failed with status 4
Acados residuals [stat, eq, ineq, comp]: [100.        0.        0.17966   0.     ]
Acados SQP iterations: 1
RMPCC-MF diagnostics captured before infeasibility recovery.
RMPCC-MF failed-iterate infeasibility candidates:
  - {'constraint': 'row_g_hard_guard', 'stages': array([ 1,  2,  3,  4,  5,  6,  7,  8,  9, 10, 11, 12, 13, 14, 15, 16, 17,
       18, 19, 20]), 'minimum_residual': -0.17965750193595892}
RMPCC-MF inactive Row M stages are trivially feasible.
RMPCC-MF minimum box residuals [state | input]: 3.9e-08 | 0.0
SQP_RTI solver failed with status 4. Starting infeasible recovery.
Backup solver is unavailable; falling back to safe stop.
Applied nominal_safe_controller safe-stop plan after infeasible RMPCC-MF solve.
[RMPCC 0119] SAFE_STOP solve=226.8ms pose=(0.263,0.358,-0.901) u=(0.000,0.000) s=0.399 PSDFmin=-0.1787 G=FAIL(-0.1797) MF=inactive(active=0/20)
Acados solver failed with status 4
Acados residuals [stat, eq, ineq, comp]: [100.        0.        0.17966   0.     ]
Acados SQP iterations: 1
RMPCC-MF diagnostics captured before infeasibility recovery.
RMPCC-MF failed-iterate infeasibility candidates:
  - {'constraint': 'row_g_hard_guard', 'stages': array([ 1,  2,  3,  4,  5,  6,  7,  8,  9, 10, 11, 12, 13, 14, 15, 16, 17,
       18, 19, 20]), 'minimum_residual': -0.17965750193595892}
RMPCC-MF inactive Row M stages are trivially feasible.
RMPCC-MF minimum box residuals [state | input]: 3.9e-08 | 0.0
SQP_RTI solver failed with status 4. Starting infeasible recovery.
Backup solver is unavailable; falling back to safe stop.
Applied nominal_safe_controller safe-stop plan after infeasible RMPCC-MF solve.
[RMPCC 0120] SAFE_STOP solve=222.3ms pose=(0.263,0.358,-0.901) u=(0.000,0.000) s=0.399 PSDFmin=-0.1787 G=FAIL(-0.1797) MF=inactive(active=0/20)
Acados solver failed with status 4
Acados residuals [stat, eq, ineq, comp]: [100.        0.        0.17966   0.     ]
Acados SQP iterations: 1
RMPCC-MF diagnostics captured before infeasibility recovery.
RMPCC-MF failed-iterate infeasibility candidates:
  - {'constraint': 'row_g_hard_guard', 'stages': array([ 1,  2,  3,  4,  5,  6,  7,  8,  9, 10, 11, 12, 13, 14, 15, 16, 17,
       18, 19, 20]), 'minimum_residual': -0.17965750193595892}
RMPCC-MF inactive Row M stages are trivially feasible.
RMPCC-MF minimum box residuals [state | input]: 3.9e-08 | 0.0
SQP_RTI solver failed with status 4. Starting infeasible recovery.
Backup solver is unavailable; falling back to safe stop.
Applied nominal_safe_controller safe-stop plan after infeasible RMPCC-MF solve.
[RMPCC 0121] SAFE_STOP solve=229.9ms pose=(0.263,0.358,-0.901) u=(0.000,0.000) s=0.399 PSDFmin=-0.1787 G=FAIL(-0.1797) MF=inactive(active=0/20)
Acados solver failed with status 4
Acados residuals [stat, eq, ineq, comp]: [100.        0.        0.17966   0.     ]
Acados SQP iterations: 1
RMPCC-MF diagnostics captured before infeasibility recovery.
RMPCC-MF failed-iterate infeasibility candidates:
  - {'constraint': 'row_g_hard_guard', 'stages': array([ 1,  2,  3,  4,  5,  6,  7,  8,  9, 10, 11, 12, 13, 14, 15, 16, 17,
       18, 19, 20]), 'minimum_residual': -0.17965750193595892}
RMPCC-MF inactive Row M stages are trivially feasible.
RMPCC-MF minimum box residuals [state | input]: 3.9e-08 | 0.0
SQP_RTI solver failed with status 4. Starting infeasible recovery.
Backup solver is unavailable; falling back to safe stop.
Applied nominal_safe_controller safe-stop plan after infeasible RMPCC-MF solve.
[RMPCC 0122] SAFE_STOP solve=226.7ms pose=(0.263,0.358,-0.901) u=(0.000,0.000) s=0.399 PSDFmin=-0.1787 G=FAIL(-0.1797) MF=inactive(active=0/20)
Acados solver failed with status 4
Acados residuals [stat, eq, ineq, comp]: [100.        0.        0.17966   0.     ]
Acados SQP iterations: 1
RMPCC-MF diagnostics captured before infeasibility recovery.
RMPCC-MF failed-iterate infeasibility candidates:
  - {'constraint': 'row_g_hard_guard', 'stages': array([ 1,  2,  3,  4,  5,  6,  7,  8,  9, 10, 11, 12, 13, 14, 15, 16, 17,
       18, 19, 20]), 'minimum_residual': -0.17965750193595892}
RMPCC-MF inactive Row M stages are trivially feasible.
RMPCC-MF minimum box residuals [state | input]: 3.9e-08 | 0.0
SQP_RTI solver failed with status 4. Starting infeasible recovery.
Backup solver is unavailable; falling back to safe stop.
Applied nominal_safe_controller safe-stop plan after infeasible RMPCC-MF solve.
[RMPCC 0123] SAFE_STOP solve=244.5ms pose=(0.263,0.358,-0.901) u=(0.000,0.000) s=0.399 PSDFmin=-0.1787 G=FAIL(-0.1797) MF=inactive(active=0/20)
Acados solver failed with status 4
Acados residuals [stat, eq, ineq, comp]: [100.        0.        0.17966   0.     ]
Acados SQP iterations: 1
RMPCC-MF diagnostics captured before infeasibility recovery.
RMPCC-MF failed-iterate infeasibility candidates:
  - {'constraint': 'row_g_hard_guard', 'stages': array([ 1,  2,  3,  4,  5,  6,  7,  8,  9, 10, 11, 12, 13, 14, 15, 16, 17,
       18, 19, 20]), 'minimum_residual': -0.17965750193595892}
RMPCC-MF inactive Row M stages are trivially feasible.
RMPCC-MF minimum box residuals [state | input]: 3.9e-08 | 0.0
SQP_RTI solver failed with status 4. Starting infeasible recovery.
Backup solver is unavailable; falling back to safe stop.
Applied nominal_safe_controller safe-stop plan after infeasible RMPCC-MF solve.
[RMPCC 0124] SAFE_STOP solve=217.4ms pose=(0.263,0.358,-0.901) u=(0.000,0.000) s=0.399 PSDFmin=-0.1787 G=FAIL(-0.1797) MF=inactive(active=0/20)
Acados solver failed with status 4
Acados residuals [stat, eq, ineq, comp]: [100.        0.        0.17966   0.     ]
Acados SQP iterations: 1
RMPCC-MF diagnostics captured before infeasibility recovery.
RMPCC-MF failed-iterate infeasibility candidates:
  - {'constraint': 'row_g_hard_guard', 'stages': array([ 1,  2,  3,  4,  5,  6,  7,  8,  9, 10, 11, 12, 13, 14, 15, 16, 17,
       18, 19, 20]), 'minimum_residual': -0.17965750193595892}
RMPCC-MF inactive Row M stages are trivially feasible.
RMPCC-MF minimum box residuals [state | input]: 3.9e-08 | 0.0
SQP_RTI solver failed with status 4. Starting infeasible recovery.
Backup solver is unavailable; falling back to safe stop.
Applied nominal_safe_controller safe-stop plan after infeasible RMPCC-MF solve.
[RMPCC 0125] SAFE_STOP solve=208.6ms pose=(0.263,0.358,-0.901) u=(0.000,0.000) s=0.399 PSDFmin=-0.1787 G=FAIL(-0.1797) MF=inactive(active=0/20)
Acados solver failed with status 4
Acados residuals [stat, eq, ineq, comp]: [100.        0.        0.17966   0.     ]
Acados SQP iterations: 1
RMPCC-MF diagnostics captured before infeasibility recovery.
RMPCC-MF failed-iterate infeasibility candidates:
  - {'constraint': 'row_g_hard_guard', 'stages': array([ 1,  2,  3,  4,  5,  6,  7,  8,  9, 10, 11, 12, 13, 14, 15, 16, 17,
       18, 19, 20]), 'minimum_residual': -0.17965750193595892}
RMPCC-MF inactive Row M stages are trivially feasible.
RMPCC-MF minimum box residuals [state | input]: 3.9e-08 | 0.0
SQP_RTI solver failed with status 4. Starting infeasible recovery.
Backup solver is unavailable; falling back to safe stop.
Applied nominal_safe_controller safe-stop plan after infeasible RMPCC-MF solve.
[RMPCC 0126] SAFE_STOP solve=222.4ms pose=(0.263,0.358,-0.901) u=(0.000,0.000) s=0.399 PSDFmin=-0.1787 G=FAIL(-0.1797) MF=inactive(active=0/20)
Acados solver failed with status 4
Acados residuals [stat, eq, ineq, comp]: [100.        0.        0.17966   0.     ]
Acados SQP iterations: 1
RMPCC-MF diagnostics captured before infeasibility recovery.
RMPCC-MF failed-iterate infeasibility candidates:
  - {'constraint': 'row_g_hard_guard', 'stages': array([ 1,  2,  3,  4,  5,  6,  7,  8,  9, 10, 11, 12, 13, 14, 15, 16, 17,
       18, 19, 20]), 'minimum_residual': -0.17965750193595892}
RMPCC-MF inactive Row M stages are trivially feasible.
RMPCC-MF minimum box residuals [state | input]: 3.9e-08 | 0.0
SQP_RTI solver failed with status 4. Starting infeasible recovery.
Backup solver is unavailable; falling back to safe stop.
Applied nominal_safe_controller safe-stop plan after infeasible RMPCC-MF solve.
[RMPCC 0127] SAFE_STOP solve=221.4ms pose=(0.263,0.358,-0.901) u=(0.000,0.000) s=0.399 PSDFmin=-0.1787 G=FAIL(-0.1797) MF=inactive(active=0/20)
Acados solver failed with status 4
Acados residuals [stat, eq, ineq, comp]: [100.        0.        0.17966   0.     ]
Acados SQP iterations: 1
RMPCC-MF diagnostics captured before infeasibility recovery.
RMPCC-MF failed-iterate infeasibility candidates:
  - {'constraint': 'row_g_hard_guard', 'stages': array([ 1,  2,  3,  4,  5,  6,  7,  8,  9, 10, 11, 12, 13, 14, 15, 16, 17,
       18, 19, 20]), 'minimum_residual': -0.17965750193595892}
RMPCC-MF inactive Row M stages are trivially feasible.
RMPCC-MF minimum box residuals [state | input]: 3.9e-08 | 0.0
SQP_RTI solver failed with status 4. Starting infeasible recovery.
Backup solver is unavailable; falling back to safe stop.
Applied nominal_safe_controller safe-stop plan after infeasible RMPCC-MF solve.
[RMPCC 0128] SAFE_STOP solve=221.6ms pose=(0.263,0.358,-0.901) u=(0.000,0.000) s=0.399 PSDFmin=-0.1787 G=FAIL(-0.1797) MF=inactive(active=0/20)
Acados solver failed with status 4
Acados residuals [stat, eq, ineq, comp]: [100.        0.        0.17966   0.     ]
Acados SQP iterations: 1
RMPCC-MF diagnostics captured before infeasibility recovery.
RMPCC-MF failed-iterate infeasibility candidates:
  - {'constraint': 'row_g_hard_guard', 'stages': array([ 1,  2,  3,  4,  5,  6,  7,  8,  9, 10, 11, 12, 13, 14, 15, 16, 17,
       18, 19, 20]), 'minimum_residual': -0.17965750193595892}
RMPCC-MF inactive Row M stages are trivially feasible.
RMPCC-MF minimum box residuals [state | input]: 3.9e-08 | 0.0
SQP_RTI solver failed with status 4. Starting infeasible recovery.
Backup solver is unavailable; falling back to safe stop.
Applied nominal_safe_controller safe-stop plan after infeasible RMPCC-MF solve.
[RMPCC 0129] SAFE_STOP solve=213.0ms pose=(0.263,0.358,-0.901) u=(0.000,0.000) s=0.399 PSDFmin=-0.1787 G=FAIL(-0.1797) MF=inactive(active=0/20)
Acados solver failed with status 4
Acados residuals [stat, eq, ineq, comp]: [100.        0.        0.17966   0.     ]
Acados SQP iterations: 1
RMPCC-MF diagnostics captured before infeasibility recovery.
RMPCC-MF failed-iterate infeasibility candidates:
  - {'constraint': 'row_g_hard_guard', 'stages': array([ 1,  2,  3,  4,  5,  6,  7,  8,  9, 10, 11, 12, 13, 14, 15, 16, 17,
       18, 19, 20]), 'minimum_residual': -0.17965750193595892}
RMPCC-MF inactive Row M stages are trivially feasible.
RMPCC-MF minimum box residuals [state | input]: 3.9e-08 | 0.0
SQP_RTI solver failed with status 4. Starting infeasible recovery.
Backup solver is unavailable; falling back to safe stop.
Applied nominal_safe_controller safe-stop plan after infeasible RMPCC-MF solve.
[RMPCC 0130] SAFE_STOP solve=217.4ms pose=(0.263,0.358,-0.901) u=(0.000,0.000) s=0.399 PSDFmin=-0.1787 G=FAIL(-0.1797) MF=inactive(active=0/20)
Acados solver failed with status 4
Acados residuals [stat, eq, ineq, comp]: [100.        0.        0.17966   0.     ]
Acados SQP iterations: 1
RMPCC-MF diagnostics captured before infeasibility recovery.
RMPCC-MF failed-iterate infeasibility candidates:
  - {'constraint': 'row_g_hard_guard', 'stages': array([ 1,  2,  3,  4,  5,  6,  7,  8,  9, 10, 11, 12, 13, 14, 15, 16, 17,
       18, 19, 20]), 'minimum_residual': -0.17965750193595892}
RMPCC-MF inactive Row M stages are trivially feasible.
RMPCC-MF minimum box residuals [state | input]: 3.9e-08 | 0.0
SQP_RTI solver failed with status 4. Starting infeasible recovery.
Backup solver is unavailable; falling back to safe stop.
Applied nominal_safe_controller safe-stop plan after infeasible RMPCC-MF solve.
[RMPCC 0131] SAFE_STOP solve=240.3ms pose=(0.263,0.358,-0.901) u=(0.000,0.000) s=0.399 PSDFmin=-0.1787 G=FAIL(-0.1797) MF=inactive(active=0/20)
Acados solver failed with status 4
Acados residuals [stat, eq, ineq, comp]: [100.        0.        0.17966   0.     ]
Acados SQP iterations: 1
RMPCC-MF diagnostics captured before infeasibility recovery.
RMPCC-MF failed-iterate infeasibility candidates:
  - {'constraint': 'row_g_hard_guard', 'stages': array([ 1,  2,  3,  4,  5,  6,  7,  8,  9, 10, 11, 12, 13, 14, 15, 16, 17,
       18, 19, 20]), 'minimum_residual': -0.17965750193595892}
RMPCC-MF inactive Row M stages are trivially feasible.
RMPCC-MF minimum box residuals [state | input]: 3.9e-08 | 0.0
SQP_RTI solver failed with status 4. Starting infeasible recovery.
Backup solver is unavailable; falling back to safe stop.
Applied nominal_safe_controller safe-stop plan after infeasible RMPCC-MF solve.
[RMPCC 0132] SAFE_STOP solve=252.8ms pose=(0.263,0.358,-0.901) u=(0.000,0.000) s=0.399 PSDFmin=-0.1787 G=FAIL(-0.1797) MF=inactive(active=0/20)
Acados solver failed with status 4
Acados residuals [stat, eq, ineq, comp]: [100.        0.        0.17966   0.     ]
Acados SQP iterations: 1
RMPCC-MF diagnostics captured before infeasibility recovery.
RMPCC-MF failed-iterate infeasibility candidates:
  - {'constraint': 'row_g_hard_guard', 'stages': array([ 1,  2,  3,  4,  5,  6,  7,  8,  9, 10, 11, 12, 13, 14, 15, 16, 17,
       18, 19, 20]), 'minimum_residual': -0.17965750193595892}
RMPCC-MF inactive Row M stages are trivially feasible.
RMPCC-MF minimum box residuals [state | input]: 3.9e-08 | 0.0
SQP_RTI solver failed with status 4. Starting infeasible recovery.
Backup solver is unavailable; falling back to safe stop.
Applied nominal_safe_controller safe-stop plan after infeasible RMPCC-MF solve.
[RMPCC 0133] SAFE_STOP solve=263.3ms pose=(0.263,0.358,-0.901) u=(0.000,0.000) s=0.399 PSDFmin=-0.1787 G=FAIL(-0.1797) MF=inactive(active=0/20)
Acados solver failed with status 4
Acados residuals [stat, eq, ineq, comp]: [100.        0.        0.17966   0.     ]
Acados SQP iterations: 1
RMPCC-MF diagnostics captured before infeasibility recovery.
RMPCC-MF failed-iterate infeasibility candidates:
  - {'constraint': 'row_g_hard_guard', 'stages': array([ 1,  2,  3,  4,  5,  6,  7,  8,  9, 10, 11, 12, 13, 14, 15, 16, 17,
       18, 19, 20]), 'minimum_residual': -0.17965750193595892}
RMPCC-MF inactive Row M stages are trivially feasible.
RMPCC-MF minimum box residuals [state | input]: 3.9e-08 | 0.0
SQP_RTI solver failed with status 4. Starting infeasible recovery.
Backup solver is unavailable; falling back to safe stop.
Applied nominal_safe_controller safe-stop plan after infeasible RMPCC-MF solve.
[RMPCC 0134] SAFE_STOP solve=262.5ms pose=(0.263,0.358,-0.901) u=(0.000,0.000) s=0.399 PSDFmin=-0.1787 G=FAIL(-0.1797) MF=inactive(active=0/20)
Acados solver failed with status 4
Acados residuals [stat, eq, ineq, comp]: [100.        0.        0.17966   0.     ]
Acados SQP iterations: 1
RMPCC-MF diagnostics captured before infeasibility recovery.
RMPCC-MF failed-iterate infeasibility candidates:
  - {'constraint': 'row_g_hard_guard', 'stages': array([ 1,  2,  3,  4,  5,  6,  7,  8,  9, 10, 11, 12, 13, 14, 15, 16, 17,
       18, 19, 20]), 'minimum_residual': -0.17965750193595892}
RMPCC-MF inactive Row M stages are trivially feasible.
RMPCC-MF minimum box residuals [state | input]: 3.9e-08 | 0.0
SQP_RTI solver failed with status 4. Starting infeasible recovery.
Backup solver is unavailable; falling back to safe stop.
Applied nominal_safe_controller safe-stop plan after infeasible RMPCC-MF solve.
[RMPCC 0135] SAFE_STOP solve=236.9ms pose=(0.263,0.358,-0.901) u=(0.000,0.000) s=0.399 PSDFmin=-0.1787 G=FAIL(-0.1797) MF=inactive(active=0/20)
Acados solver failed with status 4
Acados residuals [stat, eq, ineq, comp]: [100.        0.        0.17966   0.     ]
Acados SQP iterations: 1
RMPCC-MF diagnostics captured before infeasibility recovery.
RMPCC-MF failed-iterate infeasibility candidates:
  - {'constraint': 'row_g_hard_guard', 'stages': array([ 1,  2,  3,  4,  5,  6,  7,  8,  9, 10, 11, 12, 13, 14, 15, 16, 17,
       18, 19, 20]), 'minimum_residual': -0.17965750193595892}
RMPCC-MF inactive Row M stages are trivially feasible.
RMPCC-MF minimum box residuals [state | input]: 3.9e-08 | 0.0
SQP_RTI solver failed with status 4. Starting infeasible recovery.
Backup solver is unavailable; falling back to safe stop.
Applied nominal_safe_controller safe-stop plan after infeasible RMPCC-MF solve.
[RMPCC 0136] SAFE_STOP solve=240.9ms pose=(0.263,0.358,-0.901) u=(0.000,0.000) s=0.399 PSDFmin=-0.1787 G=FAIL(-0.1797) MF=inactive(active=0/20)
Acados solver failed with status 4
Acados residuals [stat, eq, ineq, comp]: [100.        0.        0.17966   0.     ]
Acados SQP iterations: 1
RMPCC-MF diagnostics captured before infeasibility recovery.
RMPCC-MF failed-iterate infeasibility candidates:
  - {'constraint': 'row_g_hard_guard', 'stages': array([ 1,  2,  3,  4,  5,  6,  7,  8,  9, 10, 11, 12, 13, 14, 15, 16, 17,
       18, 19, 20]), 'minimum_residual': -0.17965750193595892}
RMPCC-MF inactive Row M stages are trivially feasible.
RMPCC-MF minimum box residuals [state | input]: 3.9e-08 | 0.0
SQP_RTI solver failed with status 4. Starting infeasible recovery.
Backup solver is unavailable; falling back to safe stop.
Applied nominal_safe_controller safe-stop plan after infeasible RMPCC-MF solve.
[RMPCC 0137] SAFE_STOP solve=235.0ms pose=(0.263,0.358,-0.901) u=(0.000,0.000) s=0.399 PSDFmin=-0.1787 G=FAIL(-0.1797) MF=inactive(active=0/20)
Acados solver failed with status 4
Acados residuals [stat, eq, ineq, comp]: [100.        0.        0.17966   0.     ]
Acados SQP iterations: 1
RMPCC-MF diagnostics captured before infeasibility recovery.
RMPCC-MF failed-iterate infeasibility candidates:
  - {'constraint': 'row_g_hard_guard', 'stages': array([ 1,  2,  3,  4,  5,  6,  7,  8,  9, 10, 11, 12, 13, 14, 15, 16, 17,
       18, 19, 20]), 'minimum_residual': -0.17965750193595892}
RMPCC-MF inactive Row M stages are trivially feasible.
RMPCC-MF minimum box residuals [state | input]: 3.9e-08 | 0.0
SQP_RTI solver failed with status 4. Starting infeasible recovery.
Backup solver is unavailable; falling back to safe stop.
Applied nominal_safe_controller safe-stop plan after infeasible RMPCC-MF solve.
[RMPCC 0138] SAFE_STOP solve=236.9ms pose=(0.263,0.358,-0.901) u=(0.000,0.000) s=0.399 PSDFmin=-0.1787 G=FAIL(-0.1797) MF=inactive(active=0/20)
Acados solver failed with status 4
Acados residuals [stat, eq, ineq, comp]: [100.        0.        0.17966   0.     ]
Acados SQP iterations: 1
RMPCC-MF diagnostics captured before infeasibility recovery.
RMPCC-MF failed-iterate infeasibility candidates:
  - {'constraint': 'row_g_hard_guard', 'stages': array([ 1,  2,  3,  4,  5,  6,  7,  8,  9, 10, 11, 12, 13, 14, 15, 16, 17,
       18, 19, 20]), 'minimum_residual': -0.17965750193595892}
RMPCC-MF inactive Row M stages are trivially feasible.
RMPCC-MF minimum box residuals [state | input]: 3.9e-08 | 0.0
SQP_RTI solver failed with status 4. Starting infeasible recovery.
Backup solver is unavailable; falling back to safe stop.
Applied nominal_safe_controller safe-stop plan after infeasible RMPCC-MF solve.
[RMPCC 0139] SAFE_STOP solve=223.0ms pose=(0.263,0.358,-0.901) u=(0.000,0.000) s=0.399 PSDFmin=-0.1787 G=FAIL(-0.1797) MF=inactive(active=0/20)
Acados solver failed with status 4
Acados residuals [stat, eq, ineq, comp]: [100.        0.        0.17966   0.     ]
Acados SQP iterations: 1
RMPCC-MF diagnostics captured before infeasibility recovery.
RMPCC-MF failed-iterate infeasibility candidates:
  - {'constraint': 'row_g_hard_guard', 'stages': array([ 1,  2,  3,  4,  5,  6,  7,  8,  9, 10, 11, 12, 13, 14, 15, 16, 17,
       18, 19, 20]), 'minimum_residual': -0.17965750193595892}
RMPCC-MF inactive Row M stages are trivially feasible.
RMPCC-MF minimum box residuals [state | input]: 3.9e-08 | 0.0
SQP_RTI solver failed with status 4. Starting infeasible recovery.
Backup solver is unavailable; falling back to safe stop.
Applied nominal_safe_controller safe-stop plan after infeasible RMPCC-MF solve.
[RMPCC 0140] SAFE_STOP solve=238.6ms pose=(0.263,0.358,-0.901) u=(0.000,0.000) s=0.399 PSDFmin=-0.1787 G=FAIL(-0.1797) MF=inactive(active=0/20)
Acados solver failed with status 4
Acados residuals [stat, eq, ineq, comp]: [100.        0.        0.17966   0.     ]
Acados SQP iterations: 1
RMPCC-MF diagnostics captured before infeasibility recovery.
RMPCC-MF failed-iterate infeasibility candidates:
  - {'constraint': 'row_g_hard_guard', 'stages': array([ 1,  2,  3,  4,  5,  6,  7,  8,  9, 10, 11, 12, 13, 14, 15, 16, 17,
       18, 19, 20]), 'minimum_residual': -0.17965750193595892}
RMPCC-MF inactive Row M stages are trivially feasible.
RMPCC-MF minimum box residuals [state | input]: 3.9e-08 | 0.0
SQP_RTI solver failed with status 4. Starting infeasible recovery.
Backup solver is unavailable; falling back to safe stop.
Applied nominal_safe_controller safe-stop plan after infeasible RMPCC-MF solve.
[RMPCC 0141] SAFE_STOP solve=233.1ms pose=(0.263,0.358,-0.901) u=(0.000,0.000) s=0.399 PSDFmin=-0.1787 G=FAIL(-0.1797) MF=inactive(active=0/20)
Acados solver failed with status 4
Acados residuals [stat, eq, ineq, comp]: [100.        0.        0.17966   0.     ]
Acados SQP iterations: 1
RMPCC-MF diagnostics captured before infeasibility recovery.
RMPCC-MF failed-iterate infeasibility candidates:
  - {'constraint': 'row_g_hard_guard', 'stages': array([ 1,  2,  3,  4,  5,  6,  7,  8,  9, 10, 11, 12, 13, 14, 15, 16, 17,
       18, 19, 20]), 'minimum_residual': -0.17965750193595892}
RMPCC-MF inactive Row M stages are trivially feasible.
RMPCC-MF minimum box residuals [state | input]: 3.9e-08 | 0.0
SQP_RTI solver failed with status 4. Starting infeasible recovery.
Backup solver is unavailable; falling back to safe stop.
Applied nominal_safe_controller safe-stop plan after infeasible RMPCC-MF solve.
[RMPCC 0142] SAFE_STOP solve=238.3ms pose=(0.263,0.358,-0.901) u=(0.000,0.000) s=0.399 PSDFmin=-0.1787 G=FAIL(-0.1797) MF=inactive(active=0/20)
Acados solver failed with status 4
Acados residuals [stat, eq, ineq, comp]: [100.        0.        0.17966   0.     ]
Acados SQP iterations: 1
RMPCC-MF diagnostics captured before infeasibility recovery.
RMPCC-MF failed-iterate infeasibility candidates:
  - {'constraint': 'row_g_hard_guard', 'stages': array([ 1,  2,  3,  4,  5,  6,  7,  8,  9, 10, 11, 12, 13, 14, 15, 16, 17,
       18, 19, 20]), 'minimum_residual': -0.17965750193595892}
RMPCC-MF inactive Row M stages are trivially feasible.
RMPCC-MF minimum box residuals [state | input]: 3.9e-08 | 0.0
SQP_RTI solver failed with status 4. Starting infeasible recovery.
Backup solver is unavailable; falling back to safe stop.
Applied nominal_safe_controller safe-stop plan after infeasible RMPCC-MF solve.
[RMPCC 0143] SAFE_STOP solve=244.3ms pose=(0.263,0.358,-0.901) u=(0.000,0.000) s=0.399 PSDFmin=-0.1787 G=FAIL(-0.1797) MF=inactive(active=0/20)
Acados solver failed with status 4
Acados residuals [stat, eq, ineq, comp]: [100.        0.        0.17966   0.     ]
Acados SQP iterations: 1
RMPCC-MF diagnostics captured before infeasibility recovery.
RMPCC-MF failed-iterate infeasibility candidates:
  - {'constraint': 'row_g_hard_guard', 'stages': array([ 1,  2,  3,  4,  5,  6,  7,  8,  9, 10, 11, 12, 13, 14, 15, 16, 17,
       18, 19, 20]), 'minimum_residual': -0.17965750193595892}
RMPCC-MF inactive Row M stages are trivially feasible.
RMPCC-MF minimum box residuals [state | input]: 3.9e-08 | 0.0
SQP_RTI solver failed with status 4. Starting infeasible recovery.
Backup solver is unavailable; falling back to safe stop.
Applied nominal_safe_controller safe-stop plan after infeasible RMPCC-MF solve.
[RMPCC 0144] SAFE_STOP solve=304.3ms pose=(0.263,0.358,-0.901) u=(0.000,0.000) s=0.399 PSDFmin=-0.1787 G=FAIL(-0.1797) MF=inactive(active=0/20)
Acados solver failed with status 4
Acados residuals [stat, eq, ineq, comp]: [100.        0.        0.17966   0.     ]
Acados SQP iterations: 1
RMPCC-MF diagnostics captured before infeasibility recovery.
RMPCC-MF failed-iterate infeasibility candidates:
  - {'constraint': 'row_g_hard_guard', 'stages': array([ 1,  2,  3,  4,  5,  6,  7,  8,  9, 10, 11, 12, 13, 14, 15, 16, 17,
       18, 19, 20]), 'minimum_residual': -0.17965750193595892}
RMPCC-MF inactive Row M stages are trivially feasible.
RMPCC-MF minimum box residuals [state | input]: 3.9e-08 | 0.0
SQP_RTI solver failed with status 4. Starting infeasible recovery.
Backup solver is unavailable; falling back to safe stop.
Applied nominal_safe_controller safe-stop plan after infeasible RMPCC-MF solve.
[RMPCC 0145] SAFE_STOP solve=238.3ms pose=(0.263,0.358,-0.901) u=(0.000,0.000) s=0.399 PSDFmin=-0.1787 G=FAIL(-0.1797) MF=inactive(active=0/20)
Acados solver failed with status 4
Acados residuals [stat, eq, ineq, comp]: [100.        0.        0.17966   0.     ]
Acados SQP iterations: 1
RMPCC-MF diagnostics captured before infeasibility recovery.
RMPCC-MF failed-iterate infeasibility candidates:
  - {'constraint': 'row_g_hard_guard', 'stages': array([ 1,  2,  3,  4,  5,  6,  7,  8,  9, 10, 11, 12, 13, 14, 15, 16, 17,
       18, 19, 20]), 'minimum_residual': -0.17965750193595892}
RMPCC-MF inactive Row M stages are trivially feasible.
RMPCC-MF minimum box residuals [state | input]: 3.9e-08 | 0.0
SQP_RTI solver failed with status 4. Starting infeasible recovery.
Backup solver is unavailable; falling back to safe stop.
Applied nominal_safe_controller safe-stop plan after infeasible RMPCC-MF solve.
[RMPCC 0146] SAFE_STOP solve=235.2ms pose=(0.263,0.358,-0.901) u=(0.000,0.000) s=0.399 PSDFmin=-0.1787 G=FAIL(-0.1797) MF=inactive(active=0/20)
Acados solver failed with status 4
Acados residuals [stat, eq, ineq, comp]: [100.        0.        0.17966   0.     ]
Acados SQP iterations: 1
RMPCC-MF diagnostics captured before infeasibility recovery.
RMPCC-MF failed-iterate infeasibility candidates:
  - {'constraint': 'row_g_hard_guard', 'stages': array([ 1,  2,  3,  4,  5,  6,  7,  8,  9, 10, 11, 12, 13, 14, 15, 16, 17,
       18, 19, 20]), 'minimum_residual': -0.17965750193595892}
RMPCC-MF inactive Row M stages are trivially feasible.
RMPCC-MF minimum box residuals [state | input]: 3.9e-08 | 0.0
SQP_RTI solver failed with status 4. Starting infeasible recovery.
Backup solver is unavailable; falling back to safe stop.
Applied nominal_safe_controller safe-stop plan after infeasible RMPCC-MF solve.
[RMPCC 0147] SAFE_STOP solve=240.6ms pose=(0.263,0.358,-0.901) u=(0.000,0.000) s=0.399 PSDFmin=-0.1787 G=FAIL(-0.1797) MF=inactive(active=0/20)
Acados solver failed with status 4
Acados residuals [stat, eq, ineq, comp]: [100.        0.        0.17966   0.     ]
Acados SQP iterations: 1
RMPCC-MF diagnostics captured before infeasibility recovery.
RMPCC-MF failed-iterate infeasibility candidates:
  - {'constraint': 'row_g_hard_guard', 'stages': array([ 1,  2,  3,  4,  5,  6,  7,  8,  9, 10, 11, 12, 13, 14, 15, 16, 17,
       18, 19, 20]), 'minimum_residual': -0.17965750193595892}
RMPCC-MF inactive Row M stages are trivially feasible.
RMPCC-MF minimum box residuals [state | input]: 3.9e-08 | 0.0
SQP_RTI solver failed with status 4. Starting infeasible recovery.
Backup solver is unavailable; falling back to safe stop.
Applied nominal_safe_controller safe-stop plan after infeasible RMPCC-MF solve.
[RMPCC 0148] SAFE_STOP solve=217.0ms pose=(0.263,0.358,-0.901) u=(0.000,0.000) s=0.399 PSDFmin=-0.1787 G=FAIL(-0.1797) MF=inactive(active=0/20)
Acados solver failed with status 4
Acados residuals [stat, eq, ineq, comp]: [100.        0.        0.17966   0.     ]
Acados SQP iterations: 1
RMPCC-MF diagnostics captured before infeasibility recovery.
RMPCC-MF failed-iterate infeasibility candidates:
  - {'constraint': 'row_g_hard_guard', 'stages': array([ 1,  2,  3,  4,  5,  6,  7,  8,  9, 10, 11, 12, 13, 14, 15, 16, 17,
       18, 19, 20]), 'minimum_residual': -0.17965750193595892}
RMPCC-MF inactive Row M stages are trivially feasible.
RMPCC-MF minimum box residuals [state | input]: 3.9e-08 | 0.0
SQP_RTI solver failed with status 4. Starting infeasible recovery.
Backup solver is unavailable; falling back to safe stop.
Applied nominal_safe_controller safe-stop plan after infeasible RMPCC-MF solve.
[RMPCC 0149] SAFE_STOP solve=241.2ms pose=(0.263,0.358,-0.901) u=(0.000,0.000) s=0.399 PSDFmin=-0.1787 G=FAIL(-0.1797) MF=inactive(active=0/20)
Acados solver failed with status 4
Acados residuals [stat, eq, ineq, comp]: [100.        0.        0.17966   0.     ]
Acados SQP iterations: 1
RMPCC-MF diagnostics captured before infeasibility recovery.
RMPCC-MF failed-iterate infeasibility candidates:
  - {'constraint': 'row_g_hard_guard', 'stages': array([ 1,  2,  3,  4,  5,  6,  7,  8,  9, 10, 11, 12, 13, 14, 15, 16, 17,
       18, 19, 20]), 'minimum_residual': -0.17965750193595892}
RMPCC-MF inactive Row M stages are trivially feasible.
RMPCC-MF minimum box residuals [state | input]: 3.9e-08 | 0.0
SQP_RTI solver failed with status 4. Starting infeasible recovery.
Backup solver is unavailable; falling back to safe stop.
Applied nominal_safe_controller safe-stop plan after infeasible RMPCC-MF solve.
[RMPCC 0150] SAFE_STOP solve=242.0ms pose=(0.263,0.358,-0.901) u=(0.000,0.000) s=0.399 PSDFmin=-0.1787 G=FAIL(-0.1797) MF=inactive(active=0/20)
Acados solver failed with status 4
Acados residuals [stat, eq, ineq, comp]: [100.        0.        0.17966   0.     ]
Acados SQP iterations: 1
RMPCC-MF diagnostics captured before infeasibility recovery.
RMPCC-MF failed-iterate infeasibility candidates:
  - {'constraint': 'row_g_hard_guard', 'stages': array([ 1,  2,  3,  4,  5,  6,  7,  8,  9, 10, 11, 12, 13, 14, 15, 16, 17,
       18, 19, 20]), 'minimum_residual': -0.17965750193595892}
RMPCC-MF inactive Row M stages are trivially feasible.
RMPCC-MF minimum box residuals [state | input]: 3.9e-08 | 0.0
SQP_RTI solver failed with status 4. Starting infeasible recovery.
Backup solver is unavailable; falling back to safe stop.
Applied nominal_safe_controller safe-stop plan after infeasible RMPCC-MF solve.
[RMPCC 0151] SAFE_STOP solve=227.1ms pose=(0.263,0.358,-0.901) u=(0.000,0.000) s=0.399 PSDFmin=-0.1787 G=FAIL(-0.1797) MF=inactive(active=0/20)
Acados solver failed with status 4
Acados residuals [stat, eq, ineq, comp]: [100.        0.        0.17966   0.     ]
Acados SQP iterations: 1
RMPCC-MF diagnostics captured before infeasibility recovery.
RMPCC-MF failed-iterate infeasibility candidates:
  - {'constraint': 'row_g_hard_guard', 'stages': array([ 1,  2,  3,  4,  5,  6,  7,  8,  9, 10, 11, 12, 13, 14, 15, 16, 17,
       18, 19, 20]), 'minimum_residual': -0.17965750193595892}
RMPCC-MF inactive Row M stages are trivially feasible.
RMPCC-MF minimum box residuals [state | input]: 3.9e-08 | 0.0
SQP_RTI solver failed with status 4. Starting infeasible recovery.
Backup solver is unavailable; falling back to safe stop.
Applied nominal_safe_controller safe-stop plan after infeasible RMPCC-MF solve.
[RMPCC 0152] SAFE_STOP solve=237.5ms pose=(0.263,0.358,-0.901) u=(0.000,0.000) s=0.399 PSDFmin=-0.1787 G=FAIL(-0.1797) MF=inactive(active=0/20)
Acados solver failed with status 4
Acados residuals [stat, eq, ineq, comp]: [100.        0.        0.17966   0.     ]
Acados SQP iterations: 1
RMPCC-MF diagnostics captured before infeasibility recovery.
RMPCC-MF failed-iterate infeasibility candidates:
  - {'constraint': 'row_g_hard_guard', 'stages': array([ 1,  2,  3,  4,  5,  6,  7,  8,  9, 10, 11, 12, 13, 14, 15, 16, 17,
       18, 19, 20]), 'minimum_residual': -0.17965750193595892}
RMPCC-MF inactive Row M stages are trivially feasible.
RMPCC-MF minimum box residuals [state | input]: 3.9e-08 | 0.0
SQP_RTI solver failed with status 4. Starting infeasible recovery.
Backup solver is unavailable; falling back to safe stop.
Applied nominal_safe_controller safe-stop plan after infeasible RMPCC-MF solve.
[RMPCC 0153] SAFE_STOP solve=227.9ms pose=(0.263,0.358,-0.901) u=(0.000,0.000) s=0.399 PSDFmin=-0.1787 G=FAIL(-0.1797) MF=inactive(active=0/20)
Acados solver failed with status 4
Acados residuals [stat, eq, ineq, comp]: [100.        0.        0.17966   0.     ]
Acados SQP iterations: 1
RMPCC-MF diagnostics captured before infeasibility recovery.
RMPCC-MF failed-iterate infeasibility candidates:
  - {'constraint': 'row_g_hard_guard', 'stages': array([ 1,  2,  3,  4,  5,  6,  7,  8,  9, 10, 11, 12, 13, 14, 15, 16, 17,
       18, 19, 20]), 'minimum_residual': -0.17965750193595892}
RMPCC-MF inactive Row M stages are trivially feasible.
RMPCC-MF minimum box residuals [state | input]: 3.9e-08 | 0.0
SQP_RTI solver failed with status 4. Starting infeasible recovery.
Backup solver is unavailable; falling back to safe stop.
Applied nominal_safe_controller safe-stop plan after infeasible RMPCC-MF solve.
[RMPCC 0154] SAFE_STOP solve=238.9ms pose=(0.263,0.358,-0.901) u=(0.000,0.000) s=0.399 PSDFmin=-0.1787 G=FAIL(-0.1797) MF=inactive(active=0/20)
Acados solver failed with status 4
Acados residuals [stat, eq, ineq, comp]: [100.        0.        0.17966   0.     ]
Acados SQP iterations: 1
RMPCC-MF diagnostics captured before infeasibility recovery.
RMPCC-MF failed-iterate infeasibility candidates:
  - {'constraint': 'row_g_hard_guard', 'stages': array([ 1,  2,  3,  4,  5,  6,  7,  8,  9, 10, 11, 12, 13, 14, 15, 16, 17,
       18, 19, 20]), 'minimum_residual': -0.17965750193595892}
RMPCC-MF inactive Row M stages are trivially feasible.
RMPCC-MF minimum box residuals [state | input]: 3.9e-08 | 0.0
SQP_RTI solver failed with status 4. Starting infeasible recovery.
Backup solver is unavailable; falling back to safe stop.
Applied nominal_safe_controller safe-stop plan after infeasible RMPCC-MF solve.
[RMPCC 0155] SAFE_STOP solve=234.8ms pose=(0.263,0.358,-0.901) u=(0.000,0.000) s=0.399 PSDFmin=-0.1787 G=FAIL(-0.1797) MF=inactive(active=0/20)
Acados solver failed with status 4
Acados residuals [stat, eq, ineq, comp]: [100.        0.        0.17966   0.     ]
Acados SQP iterations: 1
RMPCC-MF diagnostics captured before infeasibility recovery.
RMPCC-MF failed-iterate infeasibility candidates:
  - {'constraint': 'row_g_hard_guard', 'stages': array([ 1,  2,  3,  4,  5,  6,  7,  8,  9, 10, 11, 12, 13, 14, 15, 16, 17,
       18, 19, 20]), 'minimum_residual': -0.17965750193595892}
RMPCC-MF inactive Row M stages are trivially feasible.
RMPCC-MF minimum box residuals [state | input]: 3.9e-08 | 0.0
SQP_RTI solver failed with status 4. Starting infeasible recovery.
Backup solver is unavailable; falling back to safe stop.
Applied nominal_safe_controller safe-stop plan after infeasible RMPCC-MF solve.
[RMPCC 0156] SAFE_STOP solve=215.7ms pose=(0.263,0.358,-0.901) u=(0.000,0.000) s=0.399 PSDFmin=-0.1787 G=FAIL(-0.1797) MF=inactive(active=0/20)
Acados solver failed with status 4
Acados residuals [stat, eq, ineq, comp]: [100.        0.        0.17966   0.     ]
Acados SQP iterations: 1
RMPCC-MF diagnostics captured before infeasibility recovery.
RMPCC-MF failed-iterate infeasibility candidates:
  - {'constraint': 'row_g_hard_guard', 'stages': array([ 1,  2,  3,  4,  5,  6,  7,  8,  9, 10, 11, 12, 13, 14, 15, 16, 17,
       18, 19, 20]), 'minimum_residual': -0.17965750193595892}
RMPCC-MF inactive Row M stages are trivially feasible.
RMPCC-MF minimum box residuals [state | input]: 3.9e-08 | 0.0
SQP_RTI solver failed with status 4. Starting infeasible recovery.
Backup solver is unavailable; falling back to safe stop.
Applied nominal_safe_controller safe-stop plan after infeasible RMPCC-MF solve.
[RMPCC 0157] SAFE_STOP solve=226.5ms pose=(0.263,0.358,-0.901) u=(0.000,0.000) s=0.399 PSDFmin=-0.1787 G=FAIL(-0.1797) MF=inactive(active=0/20)
Acados solver failed with status 4
Acados residuals [stat, eq, ineq, comp]: [100.        0.        0.17966   0.     ]
Acados SQP iterations: 1
RMPCC-MF diagnostics captured before infeasibility recovery.
RMPCC-MF failed-iterate infeasibility candidates:
  - {'constraint': 'row_g_hard_guard', 'stages': array([ 1,  2,  3,  4,  5,  6,  7,  8,  9, 10, 11, 12, 13, 14, 15, 16, 17,
       18, 19, 20]), 'minimum_residual': -0.17965750193595892}
RMPCC-MF inactive Row M stages are trivially feasible.
RMPCC-MF minimum box residuals [state | input]: 3.9e-08 | 0.0
SQP_RTI solver failed with status 4. Starting infeasible recovery.
Backup solver is unavailable; falling back to safe stop.
Applied nominal_safe_controller safe-stop plan after infeasible RMPCC-MF solve.
[RMPCC 0158] SAFE_STOP solve=222.9ms pose=(0.263,0.358,-0.901) u=(0.000,0.000) s=0.399 PSDFmin=-0.1787 G=FAIL(-0.1797) MF=inactive(active=0/20)
Acados solver failed with status 4
Acados residuals [stat, eq, ineq, comp]: [100.        0.        0.17966   0.     ]
Acados SQP iterations: 1
RMPCC-MF diagnostics captured before infeasibility recovery.
RMPCC-MF failed-iterate infeasibility candidates:
  - {'constraint': 'row_g_hard_guard', 'stages': array([ 1,  2,  3,  4,  5,  6,  7,  8,  9, 10, 11, 12, 13, 14, 15, 16, 17,
       18, 19, 20]), 'minimum_residual': -0.17965750193595892}
RMPCC-MF inactive Row M stages are trivially feasible.
RMPCC-MF minimum box residuals [state | input]: 3.9e-08 | 0.0
SQP_RTI solver failed with status 4. Starting infeasible recovery.
Backup solver is unavailable; falling back to safe stop.
Applied nominal_safe_controller safe-stop plan after infeasible RMPCC-MF solve.
[RMPCC 0159] SAFE_STOP solve=213.3ms pose=(0.263,0.358,-0.901) u=(0.000,0.000) s=0.399 PSDFmin=-0.1787 G=FAIL(-0.1797) MF=inactive(active=0/20)
Acados solver failed with status 4
Acados residuals [stat, eq, ineq, comp]: [100.        0.        0.17966   0.     ]
Acados SQP iterations: 1
RMPCC-MF diagnostics captured before infeasibility recovery.
RMPCC-MF failed-iterate infeasibility candidates:
  - {'constraint': 'row_g_hard_guard', 'stages': array([ 1,  2,  3,  4,  5,  6,  7,  8,  9, 10, 11, 12, 13, 14, 15, 16, 17,
       18, 19, 20]), 'minimum_residual': -0.17965750193595892}
RMPCC-MF inactive Row M stages are trivially feasible.
RMPCC-MF minimum box residuals [state | input]: 3.9e-08 | 0.0
SQP_RTI solver failed with status 4. Starting infeasible recovery.
Backup solver is unavailable; falling back to safe stop.
Applied nominal_safe_controller safe-stop plan after infeasible RMPCC-MF solve.
[RMPCC 0160] SAFE_STOP solve=225.2ms pose=(0.263,0.358,-0.901) u=(0.000,0.000) s=0.399 PSDFmin=-0.1787 G=FAIL(-0.1797) MF=inactive(active=0/20)
Acados solver failed with status 4
Acados residuals [stat, eq, ineq, comp]: [100.        0.        0.17966   0.     ]
Acados SQP iterations: 1
RMPCC-MF diagnostics captured before infeasibility recovery.
RMPCC-MF failed-iterate infeasibility candidates:
  - {'constraint': 'row_g_hard_guard', 'stages': array([ 1,  2,  3,  4,  5,  6,  7,  8,  9, 10, 11, 12, 13, 14, 15, 16, 17,
       18, 19, 20]), 'minimum_residual': -0.17965750193595892}
RMPCC-MF inactive Row M stages are trivially feasible.
RMPCC-MF minimum box residuals [state | input]: 3.9e-08 | 0.0
SQP_RTI solver failed with status 4. Starting infeasible recovery.
Backup solver is unavailable; falling back to safe stop.
Applied nominal_safe_controller safe-stop plan after infeasible RMPCC-MF solve.
[RMPCC 0161] SAFE_STOP solve=220.8ms pose=(0.263,0.358,-0.901) u=(0.000,0.000) s=0.399 PSDFmin=-0.1787 G=FAIL(-0.1797) MF=inactive(active=0/20)
Acados solver failed with status 4
Acados residuals [stat, eq, ineq, comp]: [100.        0.        0.17966   0.     ]
Acados SQP iterations: 1
RMPCC-MF diagnostics captured before infeasibility recovery.
RMPCC-MF failed-iterate infeasibility candidates:
  - {'constraint': 'row_g_hard_guard', 'stages': array([ 1,  2,  3,  4,  5,  6,  7,  8,  9, 10, 11, 12, 13, 14, 15, 16, 17,
       18, 19, 20]), 'minimum_residual': -0.17965750193595892}
RMPCC-MF inactive Row M stages are trivially feasible.
RMPCC-MF minimum box residuals [state | input]: 3.9e-08 | 0.0
SQP_RTI solver failed with status 4. Starting infeasible recovery.
Backup solver is unavailable; falling back to safe stop.
Applied nominal_safe_controller safe-stop plan after infeasible RMPCC-MF solve.
[RMPCC 0162] SAFE_STOP solve=222.8ms pose=(0.263,0.358,-0.901) u=(0.000,0.000) s=0.399 PSDFmin=-0.1787 G=FAIL(-0.1797) MF=inactive(active=0/20)
Acados solver failed with status 4
Acados residuals [stat, eq, ineq, comp]: [100.        0.        0.17966   0.     ]
Acados SQP iterations: 1
RMPCC-MF diagnostics captured before infeasibility recovery.
RMPCC-MF failed-iterate infeasibility candidates:
  - {'constraint': 'row_g_hard_guard', 'stages': array([ 1,  2,  3,  4,  5,  6,  7,  8,  9, 10, 11, 12, 13, 14, 15, 16, 17,
       18, 19, 20]), 'minimum_residual': -0.17965750193595892}
RMPCC-MF inactive Row M stages are trivially feasible.
RMPCC-MF minimum box residuals [state | input]: 3.9e-08 | 0.0
SQP_RTI solver failed with status 4. Starting infeasible recovery.
Backup solver is unavailable; falling back to safe stop.
Applied nominal_safe_controller safe-stop plan after infeasible RMPCC-MF solve.
[RMPCC 0163] SAFE_STOP solve=235.6ms pose=(0.263,0.358,-0.901) u=(0.000,0.000) s=0.399 PSDFmin=-0.1787 G=FAIL(-0.1797) MF=inactive(active=0/20)
Acados solver failed with status 4
Acados residuals [stat, eq, ineq, comp]: [100.        0.        0.17966   0.     ]
Acados SQP iterations: 1
RMPCC-MF diagnostics captured before infeasibility recovery.
RMPCC-MF failed-iterate infeasibility candidates:
  - {'constraint': 'row_g_hard_guard', 'stages': array([ 1,  2,  3,  4,  5,  6,  7,  8,  9, 10, 11, 12, 13, 14, 15, 16, 17,
       18, 19, 20]), 'minimum_residual': -0.17965750193595892}
RMPCC-MF inactive Row M stages are trivially feasible.
RMPCC-MF minimum box residuals [state | input]: 3.9e-08 | 0.0
SQP_RTI solver failed with status 4. Starting infeasible recovery.
Backup solver is unavailable; falling back to safe stop.
Applied nominal_safe_controller safe-stop plan after infeasible RMPCC-MF solve.
[RMPCC 0164] SAFE_STOP solve=236.6ms pose=(0.263,0.358,-0.901) u=(0.000,0.000) s=0.399 PSDFmin=-0.1787 G=FAIL(-0.1797) MF=inactive(active=0/20)
Acados solver failed with status 4
Acados residuals [stat, eq, ineq, comp]: [100.        0.        0.17966   0.     ]
Acados SQP iterations: 1
RMPCC-MF diagnostics captured before infeasibility recovery.
RMPCC-MF failed-iterate infeasibility candidates:
  - {'constraint': 'row_g_hard_guard', 'stages': array([ 1,  2,  3,  4,  5,  6,  7,  8,  9, 10, 11, 12, 13, 14, 15, 16, 17,
       18, 19, 20]), 'minimum_residual': -0.17965750193595892}
RMPCC-MF inactive Row M stages are trivially feasible.
RMPCC-MF minimum box residuals [state | input]: 3.9e-08 | 0.0
SQP_RTI solver failed with status 4. Starting infeasible recovery.
Backup solver is unavailable; falling back to safe stop.
Applied nominal_safe_controller safe-stop plan after infeasible RMPCC-MF solve.
[RMPCC 0165] SAFE_STOP solve=233.8ms pose=(0.263,0.358,-0.901) u=(0.000,0.000) s=0.399 PSDFmin=-0.1787 G=FAIL(-0.1797) MF=inactive(active=0/20)
Acados solver failed with status 4
Acados residuals [stat, eq, ineq, comp]: [100.        0.        0.17966   0.     ]
Acados SQP iterations: 1
RMPCC-MF diagnostics captured before infeasibility recovery.
RMPCC-MF failed-iterate infeasibility candidates:
  - {'constraint': 'row_g_hard_guard', 'stages': array([ 1,  2,  3,  4,  5,  6,  7,  8,  9, 10, 11, 12, 13, 14, 15, 16, 17,
       18, 19, 20]), 'minimum_residual': -0.17965750193595892}
RMPCC-MF inactive Row M stages are trivially feasible.
RMPCC-MF minimum box residuals [state | input]: 3.9e-08 | 0.0
SQP_RTI solver failed with status 4. Starting infeasible recovery.
Backup solver is unavailable; falling back to safe stop.
Applied nominal_safe_controller safe-stop plan after infeasible RMPCC-MF solve.
[RMPCC 0166] SAFE_STOP solve=240.1ms pose=(0.263,0.358,-0.901) u=(0.000,0.000) s=0.399 PSDFmin=-0.1787 G=FAIL(-0.1797) MF=inactive(active=0/20)
Acados solver failed with status 4
Acados residuals [stat, eq, ineq, comp]: [100.        0.        0.17966   0.     ]
Acados SQP iterations: 1
RMPCC-MF diagnostics captured before infeasibility recovery.
RMPCC-MF failed-iterate infeasibility candidates:
  - {'constraint': 'row_g_hard_guard', 'stages': array([ 1,  2,  3,  4,  5,  6,  7,  8,  9, 10, 11, 12, 13, 14, 15, 16, 17,
       18, 19, 20]), 'minimum_residual': -0.17965750193595892}
RMPCC-MF inactive Row M stages are trivially feasible.
RMPCC-MF minimum box residuals [state | input]: 3.9e-08 | 0.0
SQP_RTI solver failed with status 4. Starting infeasible recovery.
Backup solver is unavailable; falling back to safe stop.
Applied nominal_safe_controller safe-stop plan after infeasible RMPCC-MF solve.
[RMPCC 0167] SAFE_STOP solve=229.8ms pose=(0.263,0.358,-0.901) u=(0.000,0.000) s=0.399 PSDFmin=-0.1787 G=FAIL(-0.1797) MF=inactive(active=0/20)
Acados solver failed with status 4
Acados residuals [stat, eq, ineq, comp]: [100.        0.        0.17966   0.     ]
Acados SQP iterations: 1
RMPCC-MF diagnostics captured before infeasibility recovery.
RMPCC-MF failed-iterate infeasibility candidates:
  - {'constraint': 'row_g_hard_guard', 'stages': array([ 1,  2,  3,  4,  5,  6,  7,  8,  9, 10, 11, 12, 13, 14, 15, 16, 17,
       18, 19, 20]), 'minimum_residual': -0.17965750193595892}
RMPCC-MF inactive Row M stages are trivially feasible.
RMPCC-MF minimum box residuals [state | input]: 3.9e-08 | 0.0
SQP_RTI solver failed with status 4. Starting infeasible recovery.
Backup solver is unavailable; falling back to safe stop.
Applied nominal_safe_controller safe-stop plan after infeasible RMPCC-MF solve.
[RMPCC 0168] SAFE_STOP solve=222.0ms pose=(0.263,0.358,-0.901) u=(0.000,0.000) s=0.399 PSDFmin=-0.1787 G=FAIL(-0.1797) MF=inactive(active=0/20)
Acados solver failed with status 4
Acados residuals [stat, eq, ineq, comp]: [100.        0.        0.17966   0.     ]
Acados SQP iterations: 1
RMPCC-MF diagnostics captured before infeasibility recovery.
RMPCC-MF failed-iterate infeasibility candidates:
  - {'constraint': 'row_g_hard_guard', 'stages': array([ 1,  2,  3,  4,  5,  6,  7,  8,  9, 10, 11, 12, 13, 14, 15, 16, 17,
       18, 19, 20]), 'minimum_residual': -0.17965750193595892}
RMPCC-MF inactive Row M stages are trivially feasible.
RMPCC-MF minimum box residuals [state | input]: 3.9e-08 | 0.0
SQP_RTI solver failed with status 4. Starting infeasible recovery.
Backup solver is unavailable; falling back to safe stop.
Applied nominal_safe_controller safe-stop plan after infeasible RMPCC-MF solve.
[RMPCC 0169] SAFE_STOP solve=219.6ms pose=(0.263,0.358,-0.901) u=(0.000,0.000) s=0.399 PSDFmin=-0.1787 G=FAIL(-0.1797) MF=inactive(active=0/20)
Acados solver failed with status 4
Acados residuals [stat, eq, ineq, comp]: [100.        0.        0.17966   0.     ]
Acados SQP iterations: 1
RMPCC-MF diagnostics captured before infeasibility recovery.
RMPCC-MF failed-iterate infeasibility candidates:
  - {'constraint': 'row_g_hard_guard', 'stages': array([ 1,  2,  3,  4,  5,  6,  7,  8,  9, 10, 11, 12, 13, 14, 15, 16, 17,
       18, 19, 20]), 'minimum_residual': -0.17965750193595892}
RMPCC-MF inactive Row M stages are trivially feasible.
RMPCC-MF minimum box residuals [state | input]: 3.9e-08 | 0.0
SQP_RTI solver failed with status 4. Starting infeasible recovery.
Backup solver is unavailable; falling back to safe stop.
Applied nominal_safe_controller safe-stop plan after infeasible RMPCC-MF solve.
[RMPCC 0170] SAFE_STOP solve=218.6ms pose=(0.263,0.358,-0.901) u=(0.000,0.000) s=0.399 PSDFmin=-0.1787 G=FAIL(-0.1797) MF=inactive(active=0/20)
Acados solver failed with status 4
Acados residuals [stat, eq, ineq, comp]: [100.        0.        0.17966   0.     ]
Acados SQP iterations: 1
RMPCC-MF diagnostics captured before infeasibility recovery.
RMPCC-MF failed-iterate infeasibility candidates:
  - {'constraint': 'row_g_hard_guard', 'stages': array([ 1,  2,  3,  4,  5,  6,  7,  8,  9, 10, 11, 12, 13, 14, 15, 16, 17,
       18, 19, 20]), 'minimum_residual': -0.17965750193595892}
RMPCC-MF inactive Row M stages are trivially feasible.
RMPCC-MF minimum box residuals [state | input]: 3.9e-08 | 0.0
SQP_RTI solver failed with status 4. Starting infeasible recovery.
Backup solver is unavailable; falling back to safe stop.
Applied nominal_safe_controller safe-stop plan after infeasible RMPCC-MF solve.
[RMPCC 0171] SAFE_STOP solve=228.0ms pose=(0.263,0.358,-0.901) u=(0.000,0.000) s=0.399 PSDFmin=-0.1787 G=FAIL(-0.1797) MF=inactive(active=0/20)
Acados solver failed with status 4
Acados residuals [stat, eq, ineq, comp]: [100.        0.        0.17966   0.     ]
Acados SQP iterations: 1
RMPCC-MF diagnostics captured before infeasibility recovery.
RMPCC-MF failed-iterate infeasibility candidates:
  - {'constraint': 'row_g_hard_guard', 'stages': array([ 1,  2,  3,  4,  5,  6,  7,  8,  9, 10, 11, 12, 13, 14, 15, 16, 17,
       18, 19, 20]), 'minimum_residual': -0.17965750193595892}
RMPCC-MF inactive Row M stages are trivially feasible.
RMPCC-MF minimum box residuals [state | input]: 3.9e-08 | 0.0
SQP_RTI solver failed with status 4. Starting infeasible recovery.
Backup solver is unavailable; falling back to safe stop.
Applied nominal_safe_controller safe-stop plan after infeasible RMPCC-MF solve.
[RMPCC 0172] SAFE_STOP solve=225.6ms pose=(0.263,0.358,-0.901) u=(0.000,0.000) s=0.399 PSDFmin=-0.1787 G=FAIL(-0.1797) MF=inactive(active=0/20)
Acados solver failed with status 4
Acados residuals [stat, eq, ineq, comp]: [100.        0.        0.17966   0.     ]
Acados SQP iterations: 1
RMPCC-MF diagnostics captured before infeasibility recovery.
RMPCC-MF failed-iterate infeasibility candidates:
  - {'constraint': 'row_g_hard_guard', 'stages': array([ 1,  2,  3,  4,  5,  6,  7,  8,  9, 10, 11, 12, 13, 14, 15, 16, 17,
       18, 19, 20]), 'minimum_residual': -0.17965750193595892}
RMPCC-MF inactive Row M stages are trivially feasible.
RMPCC-MF minimum box residuals [state | input]: 3.9e-08 | 0.0
SQP_RTI solver failed with status 4. Starting infeasible recovery.
Backup solver is unavailable; falling back to safe stop.
Applied nominal_safe_controller safe-stop plan after infeasible RMPCC-MF solve.
[RMPCC 0173] SAFE_STOP solve=231.6ms pose=(0.263,0.358,-0.901) u=(0.000,0.000) s=0.399 PSDFmin=-0.1787 G=FAIL(-0.1797) MF=inactive(active=0/20)
Acados solver failed with status 4
Acados residuals [stat, eq, ineq, comp]: [100.        0.        0.17966   0.     ]
Acados SQP iterations: 1
RMPCC-MF diagnostics captured before infeasibility recovery.
RMPCC-MF failed-iterate infeasibility candidates:
  - {'constraint': 'row_g_hard_guard', 'stages': array([ 1,  2,  3,  4,  5,  6,  7,  8,  9, 10, 11, 12, 13, 14, 15, 16, 17,
       18, 19, 20]), 'minimum_residual': -0.17965750193595892}
RMPCC-MF inactive Row M stages are trivially feasible.
RMPCC-MF minimum box residuals [state | input]: 3.9e-08 | 0.0
SQP_RTI solver failed with status 4. Starting infeasible recovery.
Backup solver is unavailable; falling back to safe stop.
Applied nominal_safe_controller safe-stop plan after infeasible RMPCC-MF solve.
[RMPCC 0174] SAFE_STOP solve=237.5ms pose=(0.263,0.358,-0.901) u=(0.000,0.000) s=0.399 PSDFmin=-0.1787 G=FAIL(-0.1797) MF=inactive(active=0/20)
Acados solver failed with status 4
Acados residuals [stat, eq, ineq, comp]: [100.        0.        0.17966   0.     ]
Acados SQP iterations: 1
RMPCC-MF diagnostics captured before infeasibility recovery.
RMPCC-MF failed-iterate infeasibility candidates:
  - {'constraint': 'row_g_hard_guard', 'stages': array([ 1,  2,  3,  4,  5,  6,  7,  8,  9, 10, 11, 12, 13, 14, 15, 16, 17,
       18, 19, 20]), 'minimum_residual': -0.17965750193595892}
RMPCC-MF inactive Row M stages are trivially feasible.
RMPCC-MF minimum box residuals [state | input]: 3.9e-08 | 0.0
SQP_RTI solver failed with status 4. Starting infeasible recovery.
Backup solver is unavailable; falling back to safe stop.
Applied nominal_safe_controller safe-stop plan after infeasible RMPCC-MF solve.
[RMPCC 0175] SAFE_STOP solve=243.3ms pose=(0.263,0.358,-0.901) u=(0.000,0.000) s=0.399 PSDFmin=-0.1787 G=FAIL(-0.1797) MF=inactive(active=0/20)
Acados solver failed with status 4
Acados residuals [stat, eq, ineq, comp]: [100.        0.        0.17966   0.     ]
Acados SQP iterations: 1
RMPCC-MF diagnostics captured before infeasibility recovery.
RMPCC-MF failed-iterate infeasibility candidates:
  - {'constraint': 'row_g_hard_guard', 'stages': array([ 1,  2,  3,  4,  5,  6,  7,  8,  9, 10, 11, 12, 13, 14, 15, 16, 17,
       18, 19, 20]), 'minimum_residual': -0.17965750193595892}
RMPCC-MF inactive Row M stages are trivially feasible.
RMPCC-MF minimum box residuals [state | input]: 3.9e-08 | 0.0
SQP_RTI solver failed with status 4. Starting infeasible recovery.
Backup solver is unavailable; falling back to safe stop.
Applied nominal_safe_controller safe-stop plan after infeasible RMPCC-MF solve.
[RMPCC 0176] SAFE_STOP solve=227.6ms pose=(0.263,0.358,-0.901) u=(0.000,0.000) s=0.399 PSDFmin=-0.1787 G=FAIL(-0.1797) MF=inactive(active=0/20)
Acados solver failed with status 4
Acados residuals [stat, eq, ineq, comp]: [100.        0.        0.17966   0.     ]
Acados SQP iterations: 1
RMPCC-MF diagnostics captured before infeasibility recovery.
RMPCC-MF failed-iterate infeasibility candidates:
  - {'constraint': 'row_g_hard_guard', 'stages': array([ 1,  2,  3,  4,  5,  6,  7,  8,  9, 10, 11, 12, 13, 14, 15, 16, 17,
       18, 19, 20]), 'minimum_residual': -0.17965750193595892}
RMPCC-MF inactive Row M stages are trivially feasible.
RMPCC-MF minimum box residuals [state | input]: 3.9e-08 | 0.0
SQP_RTI solver failed with status 4. Starting infeasible recovery.
Backup solver is unavailable; falling back to safe stop.
Applied nominal_safe_controller safe-stop plan after infeasible RMPCC-MF solve.
[RMPCC 0177] SAFE_STOP solve=252.9ms pose=(0.263,0.358,-0.901) u=(0.000,0.000) s=0.399 PSDFmin=-0.1787 G=FAIL(-0.1797) MF=inactive(active=0/20)
Acados solver failed with status 4
Acados residuals [stat, eq, ineq, comp]: [100.        0.        0.17966   0.     ]
Acados SQP iterations: 1
RMPCC-MF diagnostics captured before infeasibility recovery.
RMPCC-MF failed-iterate infeasibility candidates:
  - {'constraint': 'row_g_hard_guard', 'stages': array([ 1,  2,  3,  4,  5,  6,  7,  8,  9, 10, 11, 12, 13, 14, 15, 16, 17,
       18, 19, 20]), 'minimum_residual': -0.17965750193595892}
RMPCC-MF inactive Row M stages are trivially feasible.
RMPCC-MF minimum box residuals [state | input]: 3.9e-08 | 0.0
SQP_RTI solver failed with status 4. Starting infeasible recovery.
Backup solver is unavailable; falling back to safe stop.
Applied nominal_safe_controller safe-stop plan after infeasible RMPCC-MF solve.
[RMPCC 0178] SAFE_STOP solve=231.3ms pose=(0.263,0.358,-0.901) u=(0.000,0.000) s=0.399 PSDFmin=-0.1787 G=FAIL(-0.1797) MF=inactive(active=0/20)
Acados solver failed with status 4
Acados residuals [stat, eq, ineq, comp]: [100.        0.        0.17966   0.     ]
Acados SQP iterations: 1
RMPCC-MF diagnostics captured before infeasibility recovery.
RMPCC-MF failed-iterate infeasibility candidates:
  - {'constraint': 'row_g_hard_guard', 'stages': array([ 1,  2,  3,  4,  5,  6,  7,  8,  9, 10, 11, 12, 13, 14, 15, 16, 17,
       18, 19, 20]), 'minimum_residual': -0.17965750193595892}
RMPCC-MF inactive Row M stages are trivially feasible.
RMPCC-MF minimum box residuals [state | input]: 3.9e-08 | 0.0
SQP_RTI solver failed with status 4. Starting infeasible recovery.
Backup solver is unavailable; falling back to safe stop.
Applied nominal_safe_controller safe-stop plan after infeasible RMPCC-MF solve.
[RMPCC 0179] SAFE_STOP solve=226.5ms pose=(0.263,0.358,-0.901) u=(0.000,0.000) s=0.399 PSDFmin=-0.1787 G=FAIL(-0.1797) MF=inactive(active=0/20)
Acados solver failed with status 4
Acados residuals [stat, eq, ineq, comp]: [100.        0.        0.17966   0.     ]
Acados SQP iterations: 1
RMPCC-MF diagnostics captured before infeasibility recovery.
RMPCC-MF failed-iterate infeasibility candidates:
  - {'constraint': 'row_g_hard_guard', 'stages': array([ 1,  2,  3,  4,  5,  6,  7,  8,  9, 10, 11, 12, 13, 14, 15, 16, 17,
       18, 19, 20]), 'minimum_residual': -0.17965750193595892}
RMPCC-MF inactive Row M stages are trivially feasible.
RMPCC-MF minimum box residuals [state | input]: 3.9e-08 | 0.0
SQP_RTI solver failed with status 4. Starting infeasible recovery.
Backup solver is unavailable; falling back to safe stop.
Applied nominal_safe_controller safe-stop plan after infeasible RMPCC-MF solve.
[RMPCC 0180] SAFE_STOP solve=222.1ms pose=(0.263,0.358,-0.901) u=(0.000,0.000) s=0.399 PSDFmin=-0.1787 G=FAIL(-0.1797) MF=inactive(active=0/20)
Acados solver failed with status 4
Acados residuals [stat, eq, ineq, comp]: [100.        0.        0.17966   0.     ]
Acados SQP iterations: 1
RMPCC-MF diagnostics captured before infeasibility recovery.
RMPCC-MF failed-iterate infeasibility candidates:
  - {'constraint': 'row_g_hard_guard', 'stages': array([ 1,  2,  3,  4,  5,  6,  7,  8,  9, 10, 11, 12, 13, 14, 15, 16, 17,
       18, 19, 20]), 'minimum_residual': -0.17965750193595892}
RMPCC-MF inactive Row M stages are trivially feasible.
RMPCC-MF minimum box residuals [state | input]: 3.9e-08 | 0.0
SQP_RTI solver failed with status 4. Starting infeasible recovery.
Backup solver is unavailable; falling back to safe stop.
Applied nominal_safe_controller safe-stop plan after infeasible RMPCC-MF solve.
[RMPCC 0181] SAFE_STOP solve=222.7ms pose=(0.263,0.358,-0.901) u=(0.000,0.000) s=0.399 PSDFmin=-0.1787 G=FAIL(-0.1797) MF=inactive(active=0/20)
Acados solver failed with status 4
Acados residuals [stat, eq, ineq, comp]: [100.        0.        0.17966   0.     ]
Acados SQP iterations: 1
RMPCC-MF diagnostics captured before infeasibility recovery.
RMPCC-MF failed-iterate infeasibility candidates:
  - {'constraint': 'row_g_hard_guard', 'stages': array([ 1,  2,  3,  4,  5,  6,  7,  8,  9, 10, 11, 12, 13, 14, 15, 16, 17,
       18, 19, 20]), 'minimum_residual': -0.17965750193595892}
RMPCC-MF inactive Row M stages are trivially feasible.
RMPCC-MF minimum box residuals [state | input]: 3.9e-08 | 0.0
SQP_RTI solver failed with status 4. Starting infeasible recovery.
Backup solver is unavailable; falling back to safe stop.
Applied nominal_safe_controller safe-stop plan after infeasible RMPCC-MF solve.
[RMPCC 0182] SAFE_STOP solve=220.5ms pose=(0.263,0.358,-0.901) u=(0.000,0.000) s=0.399 PSDFmin=-0.1787 G=FAIL(-0.1797) MF=inactive(active=0/20)
Acados solver failed with status 4
Acados residuals [stat, eq, ineq, comp]: [100.        0.        0.17966   0.     ]
Acados SQP iterations: 1
RMPCC-MF diagnostics captured before infeasibility recovery.
RMPCC-MF failed-iterate infeasibility candidates:
  - {'constraint': 'row_g_hard_guard', 'stages': array([ 1,  2,  3,  4,  5,  6,  7,  8,  9, 10, 11, 12, 13, 14, 15, 16, 17,
       18, 19, 20]), 'minimum_residual': -0.17965750193595892}
RMPCC-MF inactive Row M stages are trivially feasible.
RMPCC-MF minimum box residuals [state | input]: 3.9e-08 | 0.0
SQP_RTI solver failed with status 4. Starting infeasible recovery.
Backup solver is unavailable; falling back to safe stop.
Applied nominal_safe_controller safe-stop plan after infeasible RMPCC-MF solve.
[RMPCC 0183] SAFE_STOP solve=219.4ms pose=(0.263,0.358,-0.901) u=(0.000,0.000) s=0.399 PSDFmin=-0.1787 G=FAIL(-0.1797) MF=inactive(active=0/20)
Acados solver failed with status 4
Acados residuals [stat, eq, ineq, comp]: [100.        0.        0.17966   0.     ]
Acados SQP iterations: 1
RMPCC-MF diagnostics captured before infeasibility recovery.
RMPCC-MF failed-iterate infeasibility candidates:
  - {'constraint': 'row_g_hard_guard', 'stages': array([ 1,  2,  3,  4,  5,  6,  7,  8,  9, 10, 11, 12, 13, 14, 15, 16, 17,
       18, 19, 20]), 'minimum_residual': -0.17965750193595892}
RMPCC-MF inactive Row M stages are trivially feasible.
RMPCC-MF minimum box residuals [state | input]: 3.9e-08 | 0.0
SQP_RTI solver failed with status 4. Starting infeasible recovery.
Backup solver is unavailable; falling back to safe stop.
Applied nominal_safe_controller safe-stop plan after infeasible RMPCC-MF solve.
[RMPCC 0184] SAFE_STOP solve=237.0ms pose=(0.263,0.358,-0.901) u=(0.000,0.000) s=0.399 PSDFmin=-0.1787 G=FAIL(-0.1797) MF=inactive(active=0/20)
Acados solver failed with status 4
Acados residuals [stat, eq, ineq, comp]: [100.        0.        0.17966   0.     ]
Acados SQP iterations: 1
RMPCC-MF diagnostics captured before infeasibility recovery.
RMPCC-MF failed-iterate infeasibility candidates:
  - {'constraint': 'row_g_hard_guard', 'stages': array([ 1,  2,  3,  4,  5,  6,  7,  8,  9, 10, 11, 12, 13, 14, 15, 16, 17,
       18, 19, 20]), 'minimum_residual': -0.17965750193595892}
RMPCC-MF inactive Row M stages are trivially feasible.
RMPCC-MF minimum box residuals [state | input]: 3.9e-08 | 0.0
SQP_RTI solver failed with status 4. Starting infeasible recovery.
Backup solver is unavailable; falling back to safe stop.
Applied nominal_safe_controller safe-stop plan after infeasible RMPCC-MF solve.
[RMPCC 0185] SAFE_STOP solve=245.1ms pose=(0.263,0.358,-0.901) u=(0.000,0.000) s=0.399 PSDFmin=-0.1787 G=FAIL(-0.1797) MF=inactive(active=0/20)
Acados solver failed with status 4
Acados residuals [stat, eq, ineq, comp]: [100.        0.        0.17966   0.     ]
Acados SQP iterations: 1
RMPCC-MF diagnostics captured before infeasibility recovery.
RMPCC-MF failed-iterate infeasibility candidates:
  - {'constraint': 'row_g_hard_guard', 'stages': array([ 1,  2,  3,  4,  5,  6,  7,  8,  9, 10, 11, 12, 13, 14, 15, 16, 17,
       18, 19, 20]), 'minimum_residual': -0.17965750193595892}
RMPCC-MF inactive Row M stages are trivially feasible.
RMPCC-MF minimum box residuals [state | input]: 3.9e-08 | 0.0
SQP_RTI solver failed with status 4. Starting infeasible recovery.
Backup solver is unavailable; falling back to safe stop.
Applied nominal_safe_controller safe-stop plan after infeasible RMPCC-MF solve.
[RMPCC 0186] SAFE_STOP solve=245.3ms pose=(0.263,0.358,-0.901) u=(0.000,0.000) s=0.399 PSDFmin=-0.1787 G=FAIL(-0.1797) MF=inactive(active=0/20)
Acados solver failed with status 4
Acados residuals [stat, eq, ineq, comp]: [100.        0.        0.17966   0.     ]
Acados SQP iterations: 1
RMPCC-MF diagnostics captured before infeasibility recovery.
RMPCC-MF failed-iterate infeasibility candidates:
  - {'constraint': 'row_g_hard_guard', 'stages': array([ 1,  2,  3,  4,  5,  6,  7,  8,  9, 10, 11, 12, 13, 14, 15, 16, 17,
       18, 19, 20]), 'minimum_residual': -0.17965750193595892}
RMPCC-MF inactive Row M stages are trivially feasible.
RMPCC-MF minimum box residuals [state | input]: 3.9e-08 | 0.0
SQP_RTI solver failed with status 4. Starting infeasible recovery.
Backup solver is unavailable; falling back to safe stop.
Applied nominal_safe_controller safe-stop plan after infeasible RMPCC-MF solve.
[RMPCC 0187] SAFE_STOP solve=258.8ms pose=(0.263,0.358,-0.901) u=(0.000,0.000) s=0.399 PSDFmin=-0.1787 G=FAIL(-0.1797) MF=inactive(active=0/20)
Acados solver failed with status 4
Acados residuals [stat, eq, ineq, comp]: [100.        0.        0.17966   0.     ]
Acados SQP iterations: 1
RMPCC-MF diagnostics captured before infeasibility recovery.
RMPCC-MF failed-iterate infeasibility candidates:
  - {'constraint': 'row_g_hard_guard', 'stages': array([ 1,  2,  3,  4,  5,  6,  7,  8,  9, 10, 11, 12, 13, 14, 15, 16, 17,
       18, 19, 20]), 'minimum_residual': -0.17965750193595892}
RMPCC-MF inactive Row M stages are trivially feasible.
RMPCC-MF minimum box residuals [state | input]: 3.9e-08 | 0.0
SQP_RTI solver failed with status 4. Starting infeasible recovery.
Backup solver is unavailable; falling back to safe stop.
Applied nominal_safe_controller safe-stop plan after infeasible RMPCC-MF solve.
[RMPCC 0188] SAFE_STOP solve=252.5ms pose=(0.263,0.358,-0.901) u=(0.000,0.000) s=0.399 PSDFmin=-0.1787 G=FAIL(-0.1797) MF=inactive(active=0/20)
Acados solver failed with status 4
Acados residuals [stat, eq, ineq, comp]: [100.        0.        0.17966   0.     ]
Acados SQP iterations: 1
RMPCC-MF diagnostics captured before infeasibility recovery.
RMPCC-MF failed-iterate infeasibility candidates:
  - {'constraint': 'row_g_hard_guard', 'stages': array([ 1,  2,  3,  4,  5,  6,  7,  8,  9, 10, 11, 12, 13, 14, 15, 16, 17,
       18, 19, 20]), 'minimum_residual': -0.17965750193595892}
RMPCC-MF inactive Row M stages are trivially feasible.
RMPCC-MF minimum box residuals [state | input]: 3.9e-08 | 0.0
SQP_RTI solver failed with status 4. Starting infeasible recovery.
Backup solver is unavailable; falling back to safe stop.
Applied nominal_safe_controller safe-stop plan after infeasible RMPCC-MF solve.
[RMPCC 0189] SAFE_STOP solve=252.5ms pose=(0.263,0.358,-0.901) u=(0.000,0.000) s=0.399 PSDFmin=-0.1787 G=FAIL(-0.1797) MF=inactive(active=0/20)
Acados solver failed with status 4
Acados residuals [stat, eq, ineq, comp]: [100.        0.        0.17966   0.     ]
Acados SQP iterations: 1
RMPCC-MF diagnostics captured before infeasibility recovery.
RMPCC-MF failed-iterate infeasibility candidates:
  - {'constraint': 'row_g_hard_guard', 'stages': array([ 1,  2,  3,  4,  5,  6,  7,  8,  9, 10, 11, 12, 13, 14, 15, 16, 17,
       18, 19, 20]), 'minimum_residual': -0.17965750193595892}
RMPCC-MF inactive Row M stages are trivially feasible.
RMPCC-MF minimum box residuals [state | input]: 3.9e-08 | 0.0
SQP_RTI solver failed with status 4. Starting infeasible recovery.
Backup solver is unavailable; falling back to safe stop.
Applied nominal_safe_controller safe-stop plan after infeasible RMPCC-MF solve.
[RMPCC 0190] SAFE_STOP solve=242.0ms pose=(0.263,0.358,-0.901) u=(0.000,0.000) s=0.399 PSDFmin=-0.1787 G=FAIL(-0.1797) MF=inactive(active=0/20)
Acados solver failed with status 4
Acados residuals [stat, eq, ineq, comp]: [100.        0.        0.17966   0.     ]
Acados SQP iterations: 1
RMPCC-MF diagnostics captured before infeasibility recovery.
RMPCC-MF failed-iterate infeasibility candidates:
  - {'constraint': 'row_g_hard_guard', 'stages': array([ 1,  2,  3,  4,  5,  6,  7,  8,  9, 10, 11, 12, 13, 14, 15, 16, 17,
       18, 19, 20]), 'minimum_residual': -0.17965750193595892}
RMPCC-MF inactive Row M stages are trivially feasible.
RMPCC-MF minimum box residuals [state | input]: 3.9e-08 | 0.0
SQP_RTI solver failed with status 4. Starting infeasible recovery.
Backup solver is unavailable; falling back to safe stop.
Applied nominal_safe_controller safe-stop plan after infeasible RMPCC-MF solve.
[RMPCC 0191] SAFE_STOP solve=230.9ms pose=(0.263,0.358,-0.901) u=(0.000,0.000) s=0.399 PSDFmin=-0.1787 G=FAIL(-0.1797) MF=inactive(active=0/20)
Acados solver failed with status 4
Acados residuals [stat, eq, ineq, comp]: [100.        0.        0.17966   0.     ]
Acados SQP iterations: 1
RMPCC-MF diagnostics captured before infeasibility recovery.
RMPCC-MF failed-iterate infeasibility candidates:
  - {'constraint': 'row_g_hard_guard', 'stages': array([ 1,  2,  3,  4,  5,  6,  7,  8,  9, 10, 11, 12, 13, 14, 15, 16, 17,
       18, 19, 20]), 'minimum_residual': -0.17965750193595892}
RMPCC-MF inactive Row M stages are trivially feasible.
RMPCC-MF minimum box residuals [state | input]: 3.9e-08 | 0.0
SQP_RTI solver failed with status 4. Starting infeasible recovery.
Backup solver is unavailable; falling back to safe stop.
Applied nominal_safe_controller safe-stop plan after infeasible RMPCC-MF solve.
[RMPCC 0192] SAFE_STOP solve=216.2ms pose=(0.263,0.358,-0.901) u=(0.000,0.000) s=0.399 PSDFmin=-0.1787 G=FAIL(-0.1797) MF=inactive(active=0/20)
Acados solver failed with status 4
Acados residuals [stat, eq, ineq, comp]: [100.        0.        0.17966   0.     ]
Acados SQP iterations: 1
RMPCC-MF diagnostics captured before infeasibility recovery.
RMPCC-MF failed-iterate infeasibility candidates:
  - {'constraint': 'row_g_hard_guard', 'stages': array([ 1,  2,  3,  4,  5,  6,  7,  8,  9, 10, 11, 12, 13, 14, 15, 16, 17,
       18, 19, 20]), 'minimum_residual': -0.17965750193595892}
RMPCC-MF inactive Row M stages are trivially feasible.
RMPCC-MF minimum box residuals [state | input]: 3.9e-08 | 0.0
SQP_RTI solver failed with status 4. Starting infeasible recovery.
Backup solver is unavailable; falling back to safe stop.
Applied nominal_safe_controller safe-stop plan after infeasible RMPCC-MF solve.
[RMPCC 0193] SAFE_STOP solve=217.3ms pose=(0.263,0.358,-0.901) u=(0.000,0.000) s=0.399 PSDFmin=-0.1787 G=FAIL(-0.1797) MF=inactive(active=0/20)
Acados solver failed with status 4
Acados residuals [stat, eq, ineq, comp]: [100.        0.        0.17966   0.     ]
Acados SQP iterations: 1
RMPCC-MF diagnostics captured before infeasibility recovery.
RMPCC-MF failed-iterate infeasibility candidates:
  - {'constraint': 'row_g_hard_guard', 'stages': array([ 1,  2,  3,  4,  5,  6,  7,  8,  9, 10, 11, 12, 13, 14, 15, 16, 17,
       18, 19, 20]), 'minimum_residual': -0.17965750193595892}
RMPCC-MF inactive Row M stages are trivially feasible.
RMPCC-MF minimum box residuals [state | input]: 3.9e-08 | 0.0
SQP_RTI solver failed with status 4. Starting infeasible recovery.
Backup solver is unavailable; falling back to safe stop.
Applied nominal_safe_controller safe-stop plan after infeasible RMPCC-MF solve.
[RMPCC 0194] SAFE_STOP solve=248.5ms pose=(0.263,0.358,-0.901) u=(0.000,0.000) s=0.399 PSDFmin=-0.1787 G=FAIL(-0.1797) MF=inactive(active=0/20)
Acados solver failed with status 4
Acados residuals [stat, eq, ineq, comp]: [100.        0.        0.17966   0.     ]
Acados SQP iterations: 1
RMPCC-MF diagnostics captured before infeasibility recovery.
RMPCC-MF failed-iterate infeasibility candidates:
  - {'constraint': 'row_g_hard_guard', 'stages': array([ 1,  2,  3,  4,  5,  6,  7,  8,  9, 10, 11, 12, 13, 14, 15, 16, 17,
       18, 19, 20]), 'minimum_residual': -0.17965750193595892}
RMPCC-MF inactive Row M stages are trivially feasible.
RMPCC-MF minimum box residuals [state | input]: 3.9e-08 | 0.0
SQP_RTI solver failed with status 4. Starting infeasible recovery.
Backup solver is unavailable; falling back to safe stop.
Applied nominal_safe_controller safe-stop plan after infeasible RMPCC-MF solve.
[RMPCC 0195] SAFE_STOP solve=239.6ms pose=(0.263,0.358,-0.901) u=(0.000,0.000) s=0.399 PSDFmin=-0.1787 G=FAIL(-0.1797) MF=inactive(active=0/20)
Acados solver failed with status 4
Acados residuals [stat, eq, ineq, comp]: [100.        0.        0.17966   0.     ]
Acados SQP iterations: 1
RMPCC-MF diagnostics captured before infeasibility recovery.
RMPCC-MF failed-iterate infeasibility candidates:
  - {'constraint': 'row_g_hard_guard', 'stages': array([ 1,  2,  3,  4,  5,  6,  7,  8,  9, 10, 11, 12, 13, 14, 15, 16, 17,
       18, 19, 20]), 'minimum_residual': -0.17965750193595892}
RMPCC-MF inactive Row M stages are trivially feasible.
RMPCC-MF minimum box residuals [state | input]: 3.9e-08 | 0.0
SQP_RTI solver failed with status 4. Starting infeasible recovery.
Backup solver is unavailable; falling back to safe stop.
Applied nominal_safe_controller safe-stop plan after infeasible RMPCC-MF solve.
[RMPCC 0196] SAFE_STOP solve=237.2ms pose=(0.263,0.358,-0.901) u=(0.000,0.000) s=0.399 PSDFmin=-0.1787 G=FAIL(-0.1797) MF=inactive(active=0/20)
Acados solver failed with status 4
Acados residuals [stat, eq, ineq, comp]: [100.        0.        0.17966   0.     ]
Acados SQP iterations: 1
RMPCC-MF diagnostics captured before infeasibility recovery.
RMPCC-MF failed-iterate infeasibility candidates:
  - {'constraint': 'row_g_hard_guard', 'stages': array([ 1,  2,  3,  4,  5,  6,  7,  8,  9, 10, 11, 12, 13, 14, 15, 16, 17,
       18, 19, 20]), 'minimum_residual': -0.17965750193595892}
RMPCC-MF inactive Row M stages are trivially feasible.
RMPCC-MF minimum box residuals [state | input]: 3.9e-08 | 0.0
SQP_RTI solver failed with status 4. Starting infeasible recovery.
Backup solver is unavailable; falling back to safe stop.
Applied nominal_safe_controller safe-stop plan after infeasible RMPCC-MF solve.
[RMPCC 0197] SAFE_STOP solve=244.6ms pose=(0.263,0.358,-0.901) u=(0.000,0.000) s=0.399 PSDFmin=-0.1787 G=FAIL(-0.1797) MF=inactive(active=0/20)
Acados solver failed with status 4
Acados residuals [stat, eq, ineq, comp]: [100.        0.        0.17966   0.     ]
Acados SQP iterations: 1
RMPCC-MF diagnostics captured before infeasibility recovery.
RMPCC-MF failed-iterate infeasibility candidates:
  - {'constraint': 'row_g_hard_guard', 'stages': array([ 1,  2,  3,  4,  5,  6,  7,  8,  9, 10, 11, 12, 13, 14, 15, 16, 17,
       18, 19, 20]), 'minimum_residual': -0.17965750193595892}
RMPCC-MF inactive Row M stages are trivially feasible.
RMPCC-MF minimum box residuals [state | input]: 3.9e-08 | 0.0
SQP_RTI solver failed with status 4. Starting infeasible recovery.
Backup solver is unavailable; falling back to safe stop.
Applied nominal_safe_controller safe-stop plan after infeasible RMPCC-MF solve.
[RMPCC 0198] SAFE_STOP solve=235.2ms pose=(0.263,0.358,-0.901) u=(0.000,0.000) s=0.399 PSDFmin=-0.1787 G=FAIL(-0.1797) MF=inactive(active=0/20)
Acados solver failed with status 4
Acados residuals [stat, eq, ineq, comp]: [100.        0.        0.17966   0.     ]
Acados SQP iterations: 1
RMPCC-MF diagnostics captured before infeasibility recovery.
RMPCC-MF failed-iterate infeasibility candidates:
  - {'constraint': 'row_g_hard_guard', 'stages': array([ 1,  2,  3,  4,  5,  6,  7,  8,  9, 10, 11, 12, 13, 14, 15, 16, 17,
       18, 19, 20]), 'minimum_residual': -0.17965750193595892}
RMPCC-MF inactive Row M stages are trivially feasible.
RMPCC-MF minimum box residuals [state | input]: 3.9e-08 | 0.0
SQP_RTI solver failed with status 4. Starting infeasible recovery.
Backup solver is unavailable; falling back to safe stop.
Applied nominal_safe_controller safe-stop plan after infeasible RMPCC-MF solve.
[RMPCC 0199] SAFE_STOP solve=227.0ms pose=(0.263,0.358,-0.901) u=(0.000,0.000) s=0.399 PSDFmin=-0.1787 G=FAIL(-0.1797) MF=inactive(active=0/20)
Acados solver failed with status 4
Acados residuals [stat, eq, ineq, comp]: [100.        0.        0.17966   0.     ]
Acados SQP iterations: 1
RMPCC-MF diagnostics captured before infeasibility recovery.
RMPCC-MF failed-iterate infeasibility candidates:
  - {'constraint': 'row_g_hard_guard', 'stages': array([ 1,  2,  3,  4,  5,  6,  7,  8,  9, 10, 11, 12, 13, 14, 15, 16, 17,
       18, 19, 20]), 'minimum_residual': -0.17965750193595892}
RMPCC-MF inactive Row M stages are trivially feasible.
RMPCC-MF minimum box residuals [state | input]: 3.9e-08 | 0.0
SQP_RTI solver failed with status 4. Starting infeasible recovery.
Backup solver is unavailable; falling back to safe stop.
Applied nominal_safe_controller safe-stop plan after infeasible RMPCC-MF solve.
[RMPCC 0200] SAFE_STOP solve=224.3ms pose=(0.263,0.358,-0.901) u=(0.000,0.000) s=0.399 PSDFmin=-0.1787 G=FAIL(-0.1797) MF=inactive(active=0/20)
Acados solver failed with status 4
Acados residuals [stat, eq, ineq, comp]: [100.        0.        0.17966   0.     ]
Acados SQP iterations: 1
RMPCC-MF diagnostics captured before infeasibility recovery.
RMPCC-MF failed-iterate infeasibility candidates:
  - {'constraint': 'row_g_hard_guard', 'stages': array([ 1,  2,  3,  4,  5,  6,  7,  8,  9, 10, 11, 12, 13, 14, 15, 16, 17,
       18, 19, 20]), 'minimum_residual': -0.17965750193595892}
RMPCC-MF inactive Row M stages are trivially feasible.
RMPCC-MF minimum box residuals [state | input]: 3.9e-08 | 0.0
SQP_RTI solver failed with status 4. Starting infeasible recovery.
Backup solver is unavailable; falling back to safe stop.
Applied nominal_safe_controller safe-stop plan after infeasible RMPCC-MF solve.
[RMPCC 0201] SAFE_STOP solve=222.8ms pose=(0.263,0.358,-0.901) u=(0.000,0.000) s=0.399 PSDFmin=-0.1787 G=FAIL(-0.1797) MF=inactive(active=0/20)
Acados solver failed with status 4
Acados residuals [stat, eq, ineq, comp]: [100.        0.        0.17966   0.     ]
Acados SQP iterations: 1
RMPCC-MF diagnostics captured before infeasibility recovery.
RMPCC-MF failed-iterate infeasibility candidates:
  - {'constraint': 'row_g_hard_guard', 'stages': array([ 1,  2,  3,  4,  5,  6,  7,  8,  9, 10, 11, 12, 13, 14, 15, 16, 17,
       18, 19, 20]), 'minimum_residual': -0.17965750193595892}
RMPCC-MF inactive Row M stages are trivially feasible.
RMPCC-MF minimum box residuals [state | input]: 3.9e-08 | 0.0
SQP_RTI solver failed with status 4. Starting infeasible recovery.
Backup solver is unavailable; falling back to safe stop.
Applied nominal_safe_controller safe-stop plan after infeasible RMPCC-MF solve.
[RMPCC 0202] SAFE_STOP solve=219.4ms pose=(0.263,0.358,-0.901) u=(0.000,0.000) s=0.399 PSDFmin=-0.1787 G=FAIL(-0.1797) MF=inactive(active=0/20)
Acados solver failed with status 4
Acados residuals [stat, eq, ineq, comp]: [100.        0.        0.17966   0.     ]
Acados SQP iterations: 1
RMPCC-MF diagnostics captured before infeasibility recovery.
RMPCC-MF failed-iterate infeasibility candidates:
  - {'constraint': 'row_g_hard_guard', 'stages': array([ 1,  2,  3,  4,  5,  6,  7,  8,  9, 10, 11, 12, 13, 14, 15, 16, 17,
       18, 19, 20]), 'minimum_residual': -0.17965750193595892}
RMPCC-MF inactive Row M stages are trivially feasible.
RMPCC-MF minimum box residuals [state | input]: 3.9e-08 | 0.0
SQP_RTI solver failed with status 4. Starting infeasible recovery.
Backup solver is unavailable; falling back to safe stop.
Applied nominal_safe_controller safe-stop plan after infeasible RMPCC-MF solve.
[RMPCC 0203] SAFE_STOP solve=228.2ms pose=(0.263,0.358,-0.901) u=(0.000,0.000) s=0.399 PSDFmin=-0.1787 G=FAIL(-0.1797) MF=inactive(active=0/20)
Acados solver failed with status 4
Acados residuals [stat, eq, ineq, comp]: [100.        0.        0.17966   0.     ]
Acados SQP iterations: 1
RMPCC-MF diagnostics captured before infeasibility recovery.
RMPCC-MF failed-iterate infeasibility candidates:
  - {'constraint': 'row_g_hard_guard', 'stages': array([ 1,  2,  3,  4,  5,  6,  7,  8,  9, 10, 11, 12, 13, 14, 15, 16, 17,
       18, 19, 20]), 'minimum_residual': -0.17965750193595892}
RMPCC-MF inactive Row M stages are trivially feasible.
RMPCC-MF minimum box residuals [state | input]: 3.9e-08 | 0.0
SQP_RTI solver failed with status 4. Starting infeasible recovery.
Backup solver is unavailable; falling back to safe stop.
Applied nominal_safe_controller safe-stop plan after infeasible RMPCC-MF solve.
[RMPCC 0204] SAFE_STOP solve=246.3ms pose=(0.263,0.358,-0.901) u=(0.000,0.000) s=0.399 PSDFmin=-0.1787 G=FAIL(-0.1797) MF=inactive(active=0/20)
Acados solver failed with status 4
Acados residuals [stat, eq, ineq, comp]: [100.        0.        0.17966   0.     ]
Acados SQP iterations: 1
RMPCC-MF diagnostics captured before infeasibility recovery.
RMPCC-MF failed-iterate infeasibility candidates:
  - {'constraint': 'row_g_hard_guard', 'stages': array([ 1,  2,  3,  4,  5,  6,  7,  8,  9, 10, 11, 12, 13, 14, 15, 16, 17,
       18, 19, 20]), 'minimum_residual': -0.17965750193595892}
RMPCC-MF inactive Row M stages are trivially feasible.
RMPCC-MF minimum box residuals [state | input]: 3.9e-08 | 0.0
SQP_RTI solver failed with status 4. Starting infeasible recovery.
Backup solver is unavailable; falling back to safe stop.
Applied nominal_safe_controller safe-stop plan after infeasible RMPCC-MF solve.
[RMPCC 0205] SAFE_STOP solve=227.8ms pose=(0.263,0.358,-0.901) u=(0.000,0.000) s=0.399 PSDFmin=-0.1787 G=FAIL(-0.1797) MF=inactive(active=0/20)
Acados solver failed with status 4
Acados residuals [stat, eq, ineq, comp]: [100.        0.        0.17966   0.     ]
Acados SQP iterations: 1
RMPCC-MF diagnostics captured before infeasibility recovery.
RMPCC-MF failed-iterate infeasibility candidates:
  - {'constraint': 'row_g_hard_guard', 'stages': array([ 1,  2,  3,  4,  5,  6,  7,  8,  9, 10, 11, 12, 13, 14, 15, 16, 17,
       18, 19, 20]), 'minimum_residual': -0.17965750193595892}
RMPCC-MF inactive Row M stages are trivially feasible.
RMPCC-MF minimum box residuals [state | input]: 3.9e-08 | 0.0
SQP_RTI solver failed with status 4. Starting infeasible recovery.
Backup solver is unavailable; falling back to safe stop.
Applied nominal_safe_controller safe-stop plan after infeasible RMPCC-MF solve.
[RMPCC 0206] SAFE_STOP solve=217.2ms pose=(0.263,0.358,-0.901) u=(0.000,0.000) s=0.399 PSDFmin=-0.1787 G=FAIL(-0.1797) MF=inactive(active=0/20)
Acados solver failed with status 4
Acados residuals [stat, eq, ineq, comp]: [100.        0.        0.17966   0.     ]
Acados SQP iterations: 1
RMPCC-MF diagnostics captured before infeasibility recovery.
RMPCC-MF failed-iterate infeasibility candidates:
  - {'constraint': 'row_g_hard_guard', 'stages': array([ 1,  2,  3,  4,  5,  6,  7,  8,  9, 10, 11, 12, 13, 14, 15, 16, 17,
       18, 19, 20]), 'minimum_residual': -0.17965750193595892}
RMPCC-MF inactive Row M stages are trivially feasible.
RMPCC-MF minimum box residuals [state | input]: 3.9e-08 | 0.0
SQP_RTI solver failed with status 4. Starting infeasible recovery.
Backup solver is unavailable; falling back to safe stop.
Applied nominal_safe_controller safe-stop plan after infeasible RMPCC-MF solve.
[RMPCC 0207] SAFE_STOP solve=225.1ms pose=(0.263,0.358,-0.901) u=(0.000,0.000) s=0.399 PSDFmin=-0.1787 G=FAIL(-0.1797) MF=inactive(active=0/20)
Acados solver failed with status 4
Acados residuals [stat, eq, ineq, comp]: [100.        0.        0.17966   0.     ]
Acados SQP iterations: 1
RMPCC-MF diagnostics captured before infeasibility recovery.
RMPCC-MF failed-iterate infeasibility candidates:
  - {'constraint': 'row_g_hard_guard', 'stages': array([ 1,  2,  3,  4,  5,  6,  7,  8,  9, 10, 11, 12, 13, 14, 15, 16, 17,
       18, 19, 20]), 'minimum_residual': -0.17965750193595892}
RMPCC-MF inactive Row M stages are trivially feasible.
RMPCC-MF minimum box residuals [state | input]: 3.9e-08 | 0.0
SQP_RTI solver failed with status 4. Starting infeasible recovery.
Backup solver is unavailable; falling back to safe stop.
Applied nominal_safe_controller safe-stop plan after infeasible RMPCC-MF solve.
[RMPCC 0208] SAFE_STOP solve=217.4ms pose=(0.263,0.358,-0.901) u=(0.000,0.000) s=0.399 PSDFmin=-0.1787 G=FAIL(-0.1797) MF=inactive(active=0/20)
Acados solver failed with status 4
Acados residuals [stat, eq, ineq, comp]: [100.        0.        0.17966   0.     ]
Acados SQP iterations: 1
RMPCC-MF diagnostics captured before infeasibility recovery.
RMPCC-MF failed-iterate infeasibility candidates:
  - {'constraint': 'row_g_hard_guard', 'stages': array([ 1,  2,  3,  4,  5,  6,  7,  8,  9, 10, 11, 12, 13, 14, 15, 16, 17,
       18, 19, 20]), 'minimum_residual': -0.17965750193595892}
RMPCC-MF inactive Row M stages are trivially feasible.
RMPCC-MF minimum box residuals [state | input]: 3.9e-08 | 0.0
SQP_RTI solver failed with status 4. Starting infeasible recovery.
Backup solver is unavailable; falling back to safe stop.
Applied nominal_safe_controller safe-stop plan after infeasible RMPCC-MF solve.
[RMPCC 0209] SAFE_STOP solve=226.4ms pose=(0.263,0.358,-0.901) u=(0.000,0.000) s=0.399 PSDFmin=-0.1787 G=FAIL(-0.1797) MF=inactive(active=0/20)
Acados solver failed with status 4
Acados residuals [stat, eq, ineq, comp]: [100.        0.        0.17966   0.     ]
Acados SQP iterations: 1
RMPCC-MF diagnostics captured before infeasibility recovery.
RMPCC-MF failed-iterate infeasibility candidates:
  - {'constraint': 'row_g_hard_guard', 'stages': array([ 1,  2,  3,  4,  5,  6,  7,  8,  9, 10, 11, 12, 13, 14, 15, 16, 17,
       18, 19, 20]), 'minimum_residual': -0.17965750193595892}
RMPCC-MF inactive Row M stages are trivially feasible.
RMPCC-MF minimum box residuals [state | input]: 3.9e-08 | 0.0
SQP_RTI solver failed with status 4. Starting infeasible recovery.
Backup solver is unavailable; falling back to safe stop.
Applied nominal_safe_controller safe-stop plan after infeasible RMPCC-MF solve.
[RMPCC 0210] SAFE_STOP solve=224.4ms pose=(0.263,0.358,-0.901) u=(0.000,0.000) s=0.399 PSDFmin=-0.1787 G=FAIL(-0.1797) MF=inactive(active=0/20)
Acados solver failed with status 4
Acados residuals [stat, eq, ineq, comp]: [100.        0.        0.17966   0.     ]
Acados SQP iterations: 1
RMPCC-MF diagnostics captured before infeasibility recovery.
RMPCC-MF failed-iterate infeasibility candidates:
  - {'constraint': 'row_g_hard_guard', 'stages': array([ 1,  2,  3,  4,  5,  6,  7,  8,  9, 10, 11, 12, 13, 14, 15, 16, 17,
       18, 19, 20]), 'minimum_residual': -0.17965750193595892}
RMPCC-MF inactive Row M stages are trivially feasible.
RMPCC-MF minimum box residuals [state | input]: 3.9e-08 | 0.0
SQP_RTI solver failed with status 4. Starting infeasible recovery.
Backup solver is unavailable; falling back to safe stop.
Applied nominal_safe_controller safe-stop plan after infeasible RMPCC-MF solve.
[RMPCC 0211] SAFE_STOP solve=219.3ms pose=(0.263,0.358,-0.901) u=(0.000,0.000) s=0.399 PSDFmin=-0.1787 G=FAIL(-0.1797) MF=inactive(active=0/20)
Acados solver failed with status 4
Acados residuals [stat, eq, ineq, comp]: [100.        0.        0.17966   0.     ]
Acados SQP iterations: 1
RMPCC-MF diagnostics captured before infeasibility recovery.
RMPCC-MF failed-iterate infeasibility candidates:
  - {'constraint': 'row_g_hard_guard', 'stages': array([ 1,  2,  3,  4,  5,  6,  7,  8,  9, 10, 11, 12, 13, 14, 15, 16, 17,
       18, 19, 20]), 'minimum_residual': -0.17965750193595892}
RMPCC-MF inactive Row M stages are trivially feasible.
RMPCC-MF minimum box residuals [state | input]: 3.9e-08 | 0.0
SQP_RTI solver failed with status 4. Starting infeasible recovery.
Backup solver is unavailable; falling back to safe stop.
Applied nominal_safe_controller safe-stop plan after infeasible RMPCC-MF solve.
[RMPCC 0212] SAFE_STOP solve=211.9ms pose=(0.263,0.358,-0.901) u=(0.000,0.000) s=0.399 PSDFmin=-0.1787 G=FAIL(-0.1797) MF=inactive(active=0/20)
Acados solver failed with status 4
Acados residuals [stat, eq, ineq, comp]: [100.        0.        0.17966   0.     ]
Acados SQP iterations: 1
RMPCC-MF diagnostics captured before infeasibility recovery.
RMPCC-MF failed-iterate infeasibility candidates:
  - {'constraint': 'row_g_hard_guard', 'stages': array([ 1,  2,  3,  4,  5,  6,  7,  8,  9, 10, 11, 12, 13, 14, 15, 16, 17,
       18, 19, 20]), 'minimum_residual': -0.17965750193595892}
RMPCC-MF inactive Row M stages are trivially feasible.
RMPCC-MF minimum box residuals [state | input]: 3.9e-08 | 0.0
SQP_RTI solver failed with status 4. Starting infeasible recovery.
Backup solver is unavailable; falling back to safe stop.
Applied nominal_safe_controller safe-stop plan after infeasible RMPCC-MF solve.
[RMPCC 0213] SAFE_STOP solve=208.4ms pose=(0.263,0.358,-0.901) u=(0.000,0.000) s=0.399 PSDFmin=-0.1787 G=FAIL(-0.1797) MF=inactive(active=0/20)
Acados solver failed with status 4
Acados residuals [stat, eq, ineq, comp]: [100.        0.        0.17966   0.     ]
Acados SQP iterations: 1
RMPCC-MF diagnostics captured before infeasibility recovery.
RMPCC-MF failed-iterate infeasibility candidates:
  - {'constraint': 'row_g_hard_guard', 'stages': array([ 1,  2,  3,  4,  5,  6,  7,  8,  9, 10, 11, 12, 13, 14, 15, 16, 17,
       18, 19, 20]), 'minimum_residual': -0.17965750193595892}
RMPCC-MF inactive Row M stages are trivially feasible.
RMPCC-MF minimum box residuals [state | input]: 3.9e-08 | 0.0
SQP_RTI solver failed with status 4. Starting infeasible recovery.
Backup solver is unavailable; falling back to safe stop.
Applied nominal_safe_controller safe-stop plan after infeasible RMPCC-MF solve.
[RMPCC 0214] SAFE_STOP solve=232.8ms pose=(0.263,0.358,-0.901) u=(0.000,0.000) s=0.399 PSDFmin=-0.1787 G=FAIL(-0.1797) MF=inactive(active=0/20)
Acados solver failed with status 4
Acados residuals [stat, eq, ineq, comp]: [100.        0.        0.17966   0.     ]
Acados SQP iterations: 1
RMPCC-MF diagnostics captured before infeasibility recovery.
RMPCC-MF failed-iterate infeasibility candidates:
  - {'constraint': 'row_g_hard_guard', 'stages': array([ 1,  2,  3,  4,  5,  6,  7,  8,  9, 10, 11, 12, 13, 14, 15, 16, 17,
       18, 19, 20]), 'minimum_residual': -0.17965750193595892}
RMPCC-MF inactive Row M stages are trivially feasible.
RMPCC-MF minimum box residuals [state | input]: 3.9e-08 | 0.0
SQP_RTI solver failed with status 4. Starting infeasible recovery.
Backup solver is unavailable; falling back to safe stop.
Applied nominal_safe_controller safe-stop plan after infeasible RMPCC-MF solve.
[RMPCC 0215] SAFE_STOP solve=225.0ms pose=(0.263,0.358,-0.901) u=(0.000,0.000) s=0.399 PSDFmin=-0.1787 G=FAIL(-0.1797) MF=inactive(active=0/20)
Acados solver failed with status 4
Acados residuals [stat, eq, ineq, comp]: [100.        0.        0.17966   0.     ]
Acados SQP iterations: 1
RMPCC-MF diagnostics captured before infeasibility recovery.
RMPCC-MF failed-iterate infeasibility candidates:
  - {'constraint': 'row_g_hard_guard', 'stages': array([ 1,  2,  3,  4,  5,  6,  7,  8,  9, 10, 11, 12, 13, 14, 15, 16, 17,
       18, 19, 20]), 'minimum_residual': -0.17965750193595892}
RMPCC-MF inactive Row M stages are trivially feasible.
RMPCC-MF minimum box residuals [state | input]: 3.9e-08 | 0.0
SQP_RTI solver failed with status 4. Starting infeasible recovery.
Backup solver is unavailable; falling back to safe stop.
Applied nominal_safe_controller safe-stop plan after infeasible RMPCC-MF solve.
[RMPCC 0216] SAFE_STOP solve=233.8ms pose=(0.263,0.358,-0.901) u=(0.000,0.000) s=0.399 PSDFmin=-0.1787 G=FAIL(-0.1797) MF=inactive(active=0/20)
Acados solver failed with status 4
Acados residuals [stat, eq, ineq, comp]: [100.        0.        0.17966   0.     ]
Acados SQP iterations: 1
RMPCC-MF diagnostics captured before infeasibility recovery.
RMPCC-MF failed-iterate infeasibility candidates:
  - {'constraint': 'row_g_hard_guard', 'stages': array([ 1,  2,  3,  4,  5,  6,  7,  8,  9, 10, 11, 12, 13, 14, 15, 16, 17,
       18, 19, 20]), 'minimum_residual': -0.17965750193595892}
RMPCC-MF inactive Row M stages are trivially feasible.
RMPCC-MF minimum box residuals [state | input]: 3.9e-08 | 0.0
SQP_RTI solver failed with status 4. Starting infeasible recovery.
Backup solver is unavailable; falling back to safe stop.
Applied nominal_safe_controller safe-stop plan after infeasible RMPCC-MF solve.
[RMPCC 0217] SAFE_STOP solve=238.5ms pose=(0.263,0.358,-0.901) u=(0.000,0.000) s=0.399 PSDFmin=-0.1787 G=FAIL(-0.1797) MF=inactive(active=0/20)
Acados solver failed with status 4
Acados residuals [stat, eq, ineq, comp]: [100.        0.        0.17966   0.     ]
Acados SQP iterations: 1
RMPCC-MF diagnostics captured before infeasibility recovery.
RMPCC-MF failed-iterate infeasibility candidates:
  - {'constraint': 'row_g_hard_guard', 'stages': array([ 1,  2,  3,  4,  5,  6,  7,  8,  9, 10, 11, 12, 13, 14, 15, 16, 17,
       18, 19, 20]), 'minimum_residual': -0.17965750193595892}
RMPCC-MF inactive Row M stages are trivially feasible.
RMPCC-MF minimum box residuals [state | input]: 3.9e-08 | 0.0
SQP_RTI solver failed with status 4. Starting infeasible recovery.
Backup solver is unavailable; falling back to safe stop.
Applied nominal_safe_controller safe-stop plan after infeasible RMPCC-MF solve.
[RMPCC 0218] SAFE_STOP solve=269.8ms pose=(0.263,0.358,-0.901) u=(0.000,0.000) s=0.399 PSDFmin=-0.1787 G=FAIL(-0.1797) MF=inactive(active=0/20)
Acados solver failed with status 4
Acados residuals [stat, eq, ineq, comp]: [100.        0.        0.17966   0.     ]
Acados SQP iterations: 1
RMPCC-MF diagnostics captured before infeasibility recovery.
RMPCC-MF failed-iterate infeasibility candidates:
  - {'constraint': 'row_g_hard_guard', 'stages': array([ 1,  2,  3,  4,  5,  6,  7,  8,  9, 10, 11, 12, 13, 14, 15, 16, 17,
       18, 19, 20]), 'minimum_residual': -0.17965750193595892}
RMPCC-MF inactive Row M stages are trivially feasible.
RMPCC-MF minimum box residuals [state | input]: 3.9e-08 | 0.0
SQP_RTI solver failed with status 4. Starting infeasible recovery.
Backup solver is unavailable; falling back to safe stop.
Applied nominal_safe_controller safe-stop plan after infeasible RMPCC-MF solve.
[RMPCC 0219] SAFE_STOP solve=223.0ms pose=(0.263,0.358,-0.901) u=(0.000,0.000) s=0.399 PSDFmin=-0.1787 G=FAIL(-0.1797) MF=inactive(active=0/20)
Acados solver failed with status 4
Acados residuals [stat, eq, ineq, comp]: [100.        0.        0.17966   0.     ]
Acados SQP iterations: 1
RMPCC-MF diagnostics captured before infeasibility recovery.
RMPCC-MF failed-iterate infeasibility candidates:
  - {'constraint': 'row_g_hard_guard', 'stages': array([ 1,  2,  3,  4,  5,  6,  7,  8,  9, 10, 11, 12, 13, 14, 15, 16, 17,
       18, 19, 20]), 'minimum_residual': -0.17965750193595892}
RMPCC-MF inactive Row M stages are trivially feasible.
RMPCC-MF minimum box residuals [state | input]: 3.9e-08 | 0.0
SQP_RTI solver failed with status 4. Starting infeasible recovery.
Backup solver is unavailable; falling back to safe stop.
Applied nominal_safe_controller safe-stop plan after infeasible RMPCC-MF solve.
[RMPCC 0220] SAFE_STOP solve=227.3ms pose=(0.263,0.358,-0.901) u=(0.000,0.000) s=0.399 PSDFmin=-0.1787 G=FAIL(-0.1797) MF=inactive(active=0/20)
Acados solver failed with status 4
Acados residuals [stat, eq, ineq, comp]: [100.        0.        0.17966   0.     ]
Acados SQP iterations: 1
RMPCC-MF diagnostics captured before infeasibility recovery.
RMPCC-MF failed-iterate infeasibility candidates:
  - {'constraint': 'row_g_hard_guard', 'stages': array([ 1,  2,  3,  4,  5,  6,  7,  8,  9, 10, 11, 12, 13, 14, 15, 16, 17,
       18, 19, 20]), 'minimum_residual': -0.17965750193595892}
RMPCC-MF inactive Row M stages are trivially feasible.
RMPCC-MF minimum box residuals [state | input]: 3.9e-08 | 0.0
SQP_RTI solver failed with status 4. Starting infeasible recovery.
Backup solver is unavailable; falling back to safe stop.
Applied nominal_safe_controller safe-stop plan after infeasible RMPCC-MF solve.
[RMPCC 0221] SAFE_STOP solve=229.0ms pose=(0.263,0.358,-0.901) u=(0.000,0.000) s=0.399 PSDFmin=-0.1787 G=FAIL(-0.1797) MF=inactive(active=0/20)
Acados solver failed with status 4
Acados residuals [stat, eq, ineq, comp]: [100.        0.        0.17966   0.     ]
Acados SQP iterations: 1
RMPCC-MF diagnostics captured before infeasibility recovery.
RMPCC-MF failed-iterate infeasibility candidates:
  - {'constraint': 'row_g_hard_guard', 'stages': array([ 1,  2,  3,  4,  5,  6,  7,  8,  9, 10, 11, 12, 13, 14, 15, 16, 17,
       18, 19, 20]), 'minimum_residual': -0.17965750193595892}
RMPCC-MF inactive Row M stages are trivially feasible.
RMPCC-MF minimum box residuals [state | input]: 3.9e-08 | 0.0
SQP_RTI solver failed with status 4. Starting infeasible recovery.
Backup solver is unavailable; falling back to safe stop.
Applied nominal_safe_controller safe-stop plan after infeasible RMPCC-MF solve.
[RMPCC 0222] SAFE_STOP solve=227.9ms pose=(0.263,0.358,-0.901) u=(0.000,0.000) s=0.399 PSDFmin=-0.1787 G=FAIL(-0.1797) MF=inactive(active=0/20)
Acados solver failed with status 4
Acados residuals [stat, eq, ineq, comp]: [100.        0.        0.17966   0.     ]
Acados SQP iterations: 1
RMPCC-MF diagnostics captured before infeasibility recovery.
RMPCC-MF failed-iterate infeasibility candidates:
  - {'constraint': 'row_g_hard_guard', 'stages': array([ 1,  2,  3,  4,  5,  6,  7,  8,  9, 10, 11, 12, 13, 14, 15, 16, 17,
       18, 19, 20]), 'minimum_residual': -0.17965750193595892}
RMPCC-MF inactive Row M stages are trivially feasible.
RMPCC-MF minimum box residuals [state | input]: 3.9e-08 | 0.0
SQP_RTI solver failed with status 4. Starting infeasible recovery.
Backup solver is unavailable; falling back to safe stop.
Applied nominal_safe_controller safe-stop plan after infeasible RMPCC-MF solve.
[RMPCC 0223] SAFE_STOP solve=222.8ms pose=(0.263,0.358,-0.901) u=(0.000,0.000) s=0.399 PSDFmin=-0.1787 G=FAIL(-0.1797) MF=inactive(active=0/20)
Acados solver failed with status 4
Acados residuals [stat, eq, ineq, comp]: [100.        0.        0.17966   0.     ]
Acados SQP iterations: 1
RMPCC-MF diagnostics captured before infeasibility recovery.
RMPCC-MF failed-iterate infeasibility candidates:
  - {'constraint': 'row_g_hard_guard', 'stages': array([ 1,  2,  3,  4,  5,  6,  7,  8,  9, 10, 11, 12, 13, 14, 15, 16, 17,
       18, 19, 20]), 'minimum_residual': -0.17965750193595892}
RMPCC-MF inactive Row M stages are trivially feasible.
RMPCC-MF minimum box residuals [state | input]: 3.9e-08 | 0.0
SQP_RTI solver failed with status 4. Starting infeasible recovery.
Backup solver is unavailable; falling back to safe stop.
Applied nominal_safe_controller safe-stop plan after infeasible RMPCC-MF solve.
[RMPCC 0224] SAFE_STOP solve=240.1ms pose=(0.263,0.358,-0.901) u=(0.000,0.000) s=0.399 PSDFmin=-0.1787 G=FAIL(-0.1797) MF=inactive(active=0/20)
Acados solver failed with status 4
Acados residuals [stat, eq, ineq, comp]: [100.        0.        0.17966   0.     ]
Acados SQP iterations: 1
RMPCC-MF diagnostics captured before infeasibility recovery.
RMPCC-MF failed-iterate infeasibility candidates:
  - {'constraint': 'row_g_hard_guard', 'stages': array([ 1,  2,  3,  4,  5,  6,  7,  8,  9, 10, 11, 12, 13, 14, 15, 16, 17,
       18, 19, 20]), 'minimum_residual': -0.17965750193595892}
RMPCC-MF inactive Row M stages are trivially feasible.
RMPCC-MF minimum box residuals [state | input]: 3.9e-08 | 0.0
SQP_RTI solver failed with status 4. Starting infeasible recovery.
Backup solver is unavailable; falling back to safe stop.
Applied nominal_safe_controller safe-stop plan after infeasible RMPCC-MF solve.
[RMPCC 0225] SAFE_STOP solve=223.6ms pose=(0.263,0.358,-0.901) u=(0.000,0.000) s=0.399 PSDFmin=-0.1787 G=FAIL(-0.1797) MF=inactive(active=0/20)
Acados solver failed with status 4
Acados residuals [stat, eq, ineq, comp]: [100.        0.        0.17966   0.     ]
Acados SQP iterations: 1
RMPCC-MF diagnostics captured before infeasibility recovery.
RMPCC-MF failed-iterate infeasibility candidates:
  - {'constraint': 'row_g_hard_guard', 'stages': array([ 1,  2,  3,  4,  5,  6,  7,  8,  9, 10, 11, 12, 13, 14, 15, 16, 17,
       18, 19, 20]), 'minimum_residual': -0.17965750193595892}
RMPCC-MF inactive Row M stages are trivially feasible.
RMPCC-MF minimum box residuals [state | input]: 3.9e-08 | 0.0
SQP_RTI solver failed with status 4. Starting infeasible recovery.
Backup solver is unavailable; falling back to safe stop.
Applied nominal_safe_controller safe-stop plan after infeasible RMPCC-MF solve.
[RMPCC 0226] SAFE_STOP solve=218.5ms pose=(0.263,0.358,-0.901) u=(0.000,0.000) s=0.399 PSDFmin=-0.1787 G=FAIL(-0.1797) MF=inactive(active=0/20)
Acados solver failed with status 4
Acados residuals [stat, eq, ineq, comp]: [100.        0.        0.17966   0.     ]
Acados SQP iterations: 1
RMPCC-MF diagnostics captured before infeasibility recovery.
RMPCC-MF failed-iterate infeasibility candidates:
  - {'constraint': 'row_g_hard_guard', 'stages': array([ 1,  2,  3,  4,  5,  6,  7,  8,  9, 10, 11, 12, 13, 14, 15, 16, 17,
       18, 19, 20]), 'minimum_residual': -0.17965750193595892}
RMPCC-MF inactive Row M stages are trivially feasible.
RMPCC-MF minimum box residuals [state | input]: 3.9e-08 | 0.0
SQP_RTI solver failed with status 4. Starting infeasible recovery.
Backup solver is unavailable; falling back to safe stop.
Applied nominal_safe_controller safe-stop plan after infeasible RMPCC-MF solve.
[RMPCC 0227] SAFE_STOP solve=222.6ms pose=(0.263,0.358,-0.901) u=(0.000,0.000) s=0.399 PSDFmin=-0.1787 G=FAIL(-0.1797) MF=inactive(active=0/20)
Acados solver failed with status 4
Acados residuals [stat, eq, ineq, comp]: [100.        0.        0.17966   0.     ]
Acados SQP iterations: 1
RMPCC-MF diagnostics captured before infeasibility recovery.
RMPCC-MF failed-iterate infeasibility candidates:
  - {'constraint': 'row_g_hard_guard', 'stages': array([ 1,  2,  3,  4,  5,  6,  7,  8,  9, 10, 11, 12, 13, 14, 15, 16, 17,
       18, 19, 20]), 'minimum_residual': -0.17965750193595892}
RMPCC-MF inactive Row M stages are trivially feasible.
RMPCC-MF minimum box residuals [state | input]: 3.9e-08 | 0.0
SQP_RTI solver failed with status 4. Starting infeasible recovery.
Backup solver is unavailable; falling back to safe stop.
Applied nominal_safe_controller safe-stop plan after infeasible RMPCC-MF solve.
[RMPCC 0228] SAFE_STOP solve=219.2ms pose=(0.263,0.358,-0.901) u=(0.000,0.000) s=0.399 PSDFmin=-0.1787 G=FAIL(-0.1797) MF=inactive(active=0/20)
Acados solver failed with status 4
Acados residuals [stat, eq, ineq, comp]: [100.        0.        0.17966   0.     ]
Acados SQP iterations: 1
RMPCC-MF diagnostics captured before infeasibility recovery.
RMPCC-MF failed-iterate infeasibility candidates:
  - {'constraint': 'row_g_hard_guard', 'stages': array([ 1,  2,  3,  4,  5,  6,  7,  8,  9, 10, 11, 12, 13, 14, 15, 16, 17,
       18, 19, 20]), 'minimum_residual': -0.17965750193595892}
RMPCC-MF inactive Row M stages are trivially feasible.
RMPCC-MF minimum box residuals [state | input]: 3.9e-08 | 0.0
SQP_RTI solver failed with status 4. Starting infeasible recovery.
Backup solver is unavailable; falling back to safe stop.
Applied nominal_safe_controller safe-stop plan after infeasible RMPCC-MF solve.
[RMPCC 0229] SAFE_STOP solve=224.3ms pose=(0.263,0.358,-0.901) u=(0.000,0.000) s=0.399 PSDFmin=-0.1787 G=FAIL(-0.1797) MF=inactive(active=0/20)
Acados solver failed with status 4
Acados residuals [stat, eq, ineq, comp]: [100.        0.        0.17966   0.     ]
Acados SQP iterations: 1
RMPCC-MF diagnostics captured before infeasibility recovery.
RMPCC-MF failed-iterate infeasibility candidates:
  - {'constraint': 'row_g_hard_guard', 'stages': array([ 1,  2,  3,  4,  5,  6,  7,  8,  9, 10, 11, 12, 13, 14, 15, 16, 17,
       18, 19, 20]), 'minimum_residual': -0.17965750193595892}
RMPCC-MF inactive Row M stages are trivially feasible.
RMPCC-MF minimum box residuals [state | input]: 3.9e-08 | 0.0
SQP_RTI solver failed with status 4. Starting infeasible recovery.
Backup solver is unavailable; falling back to safe stop.
Applied nominal_safe_controller safe-stop plan after infeasible RMPCC-MF solve.
[RMPCC 0230] SAFE_STOP solve=240.2ms pose=(0.263,0.358,-0.901) u=(0.000,0.000) s=0.399 PSDFmin=-0.1787 G=FAIL(-0.1797) MF=inactive(active=0/20)
Acados solver failed with status 4
Acados residuals [stat, eq, ineq, comp]: [100.        0.        0.17966   0.     ]
Acados SQP iterations: 1
RMPCC-MF diagnostics captured before infeasibility recovery.
RMPCC-MF failed-iterate infeasibility candidates:
  - {'constraint': 'row_g_hard_guard', 'stages': array([ 1,  2,  3,  4,  5,  6,  7,  8,  9, 10, 11, 12, 13, 14, 15, 16, 17,
       18, 19, 20]), 'minimum_residual': -0.17965750193595892}
RMPCC-MF inactive Row M stages are trivially feasible.
RMPCC-MF minimum box residuals [state | input]: 3.9e-08 | 0.0
SQP_RTI solver failed with status 4. Starting infeasible recovery.
Backup solver is unavailable; falling back to safe stop.
Applied nominal_safe_controller safe-stop plan after infeasible RMPCC-MF solve.
[RMPCC 0231] SAFE_STOP solve=230.8ms pose=(0.263,0.358,-0.901) u=(0.000,0.000) s=0.399 PSDFmin=-0.1787 G=FAIL(-0.1797) MF=inactive(active=0/20)
Acados solver failed with status 4
Acados residuals [stat, eq, ineq, comp]: [100.        0.        0.17966   0.     ]
Acados SQP iterations: 1
RMPCC-MF diagnostics captured before infeasibility recovery.
RMPCC-MF failed-iterate infeasibility candidates:
  - {'constraint': 'row_g_hard_guard', 'stages': array([ 1,  2,  3,  4,  5,  6,  7,  8,  9, 10, 11, 12, 13, 14, 15, 16, 17,
       18, 19, 20]), 'minimum_residual': -0.17965750193595892}
RMPCC-MF inactive Row M stages are trivially feasible.
RMPCC-MF minimum box residuals [state | input]: 3.9e-08 | 0.0
SQP_RTI solver failed with status 4. Starting infeasible recovery.
Backup solver is unavailable; falling back to safe stop.
Applied nominal_safe_controller safe-stop plan after infeasible RMPCC-MF solve.
[RMPCC 0232] SAFE_STOP solve=238.2ms pose=(0.263,0.358,-0.901) u=(0.000,0.000) s=0.399 PSDFmin=-0.1787 G=FAIL(-0.1797) MF=inactive(active=0/20)
Acados solver failed with status 4
Acados residuals [stat, eq, ineq, comp]: [100.        0.        0.17966   0.     ]
Acados SQP iterations: 1
RMPCC-MF diagnostics captured before infeasibility recovery.
RMPCC-MF failed-iterate infeasibility candidates:
  - {'constraint': 'row_g_hard_guard', 'stages': array([ 1,  2,  3,  4,  5,  6,  7,  8,  9, 10, 11, 12, 13, 14, 15, 16, 17,
       18, 19, 20]), 'minimum_residual': -0.17965750193595892}
RMPCC-MF inactive Row M stages are trivially feasible.
RMPCC-MF minimum box residuals [state | input]: 3.9e-08 | 0.0
SQP_RTI solver failed with status 4. Starting infeasible recovery.
Backup solver is unavailable; falling back to safe stop.
Applied nominal_safe_controller safe-stop plan after infeasible RMPCC-MF solve.
[RMPCC 0233] SAFE_STOP solve=227.2ms pose=(0.263,0.358,-0.901) u=(0.000,0.000) s=0.399 PSDFmin=-0.1787 G=FAIL(-0.1797) MF=inactive(active=0/20)
Acados solver failed with status 4
Acados residuals [stat, eq, ineq, comp]: [100.        0.        0.17966   0.     ]
Acados SQP iterations: 1
RMPCC-MF diagnostics captured before infeasibility recovery.
RMPCC-MF failed-iterate infeasibility candidates:
  - {'constraint': 'row_g_hard_guard', 'stages': array([ 1,  2,  3,  4,  5,  6,  7,  8,  9, 10, 11, 12, 13, 14, 15, 16, 17,
       18, 19, 20]), 'minimum_residual': -0.17965750193595892}
RMPCC-MF inactive Row M stages are trivially feasible.
RMPCC-MF minimum box residuals [state | input]: 3.9e-08 | 0.0
SQP_RTI solver failed with status 4. Starting infeasible recovery.
Backup solver is unavailable; falling back to safe stop.
Applied nominal_safe_controller safe-stop plan after infeasible RMPCC-MF solve.
[RMPCC 0234] SAFE_STOP solve=235.0ms pose=(0.263,0.358,-0.901) u=(0.000,0.000) s=0.399 PSDFmin=-0.1787 G=FAIL(-0.1797) MF=inactive(active=0/20)
Acados solver failed with status 4
Acados residuals [stat, eq, ineq, comp]: [100.        0.        0.17966   0.     ]
Acados SQP iterations: 1
RMPCC-MF diagnostics captured before infeasibility recovery.
RMPCC-MF failed-iterate infeasibility candidates:
  - {'constraint': 'row_g_hard_guard', 'stages': array([ 1,  2,  3,  4,  5,  6,  7,  8,  9, 10, 11, 12, 13, 14, 15, 16, 17,
       18, 19, 20]), 'minimum_residual': -0.17965750193595892}
RMPCC-MF inactive Row M stages are trivially feasible.
RMPCC-MF minimum box residuals [state | input]: 3.9e-08 | 0.0
SQP_RTI solver failed with status 4. Starting infeasible recovery.
Backup solver is unavailable; falling back to safe stop.
Applied nominal_safe_controller safe-stop plan after infeasible RMPCC-MF solve.
[RMPCC 0235] SAFE_STOP solve=234.5ms pose=(0.263,0.358,-0.901) u=(0.000,0.000) s=0.399 PSDFmin=-0.1787 G=FAIL(-0.1797) MF=inactive(active=0/20)
Acados solver failed with status 4
Acados residuals [stat, eq, ineq, comp]: [100.        0.        0.17966   0.     ]
Acados SQP iterations: 1
RMPCC-MF diagnostics captured before infeasibility recovery.
RMPCC-MF failed-iterate infeasibility candidates:
  - {'constraint': 'row_g_hard_guard', 'stages': array([ 1,  2,  3,  4,  5,  6,  7,  8,  9, 10, 11, 12, 13, 14, 15, 16, 17,
       18, 19, 20]), 'minimum_residual': -0.17965750193595892}
RMPCC-MF inactive Row M stages are trivially feasible.
RMPCC-MF minimum box residuals [state | input]: 3.9e-08 | 0.0
SQP_RTI solver failed with status 4. Starting infeasible recovery.
Backup solver is unavailable; falling back to safe stop.
Applied nominal_safe_controller safe-stop plan after infeasible RMPCC-MF solve.
[RMPCC 0236] SAFE_STOP solve=217.9ms pose=(0.263,0.358,-0.901) u=(0.000,0.000) s=0.399 PSDFmin=-0.1787 G=FAIL(-0.1797) MF=inactive(active=0/20)
Acados solver failed with status 4
Acados residuals [stat, eq, ineq, comp]: [100.        0.        0.17966   0.     ]
Acados SQP iterations: 1
RMPCC-MF diagnostics captured before infeasibility recovery.
RMPCC-MF failed-iterate infeasibility candidates:
  - {'constraint': 'row_g_hard_guard', 'stages': array([ 1,  2,  3,  4,  5,  6,  7,  8,  9, 10, 11, 12, 13, 14, 15, 16, 17,
       18, 19, 20]), 'minimum_residual': -0.17965750193595892}
RMPCC-MF inactive Row M stages are trivially feasible.
RMPCC-MF minimum box residuals [state | input]: 3.9e-08 | 0.0
SQP_RTI solver failed with status 4. Starting infeasible recovery.
Backup solver is unavailable; falling back to safe stop.
Applied nominal_safe_controller safe-stop plan after infeasible RMPCC-MF solve.
[RMPCC 0237] SAFE_STOP solve=231.8ms pose=(0.263,0.358,-0.901) u=(0.000,0.000) s=0.399 PSDFmin=-0.1787 G=FAIL(-0.1797) MF=inactive(active=0/20)
Acados solver failed with status 4
Acados residuals [stat, eq, ineq, comp]: [100.        0.        0.17966   0.     ]
Acados SQP iterations: 1
RMPCC-MF diagnostics captured before infeasibility recovery.
RMPCC-MF failed-iterate infeasibility candidates:
  - {'constraint': 'row_g_hard_guard', 'stages': array([ 1,  2,  3,  4,  5,  6,  7,  8,  9, 10, 11, 12, 13, 14, 15, 16, 17,
       18, 19, 20]), 'minimum_residual': -0.17965750193595892}
RMPCC-MF inactive Row M stages are trivially feasible.
RMPCC-MF minimum box residuals [state | input]: 3.9e-08 | 0.0
SQP_RTI solver failed with status 4. Starting infeasible recovery.
Backup solver is unavailable; falling back to safe stop.
Applied nominal_safe_controller safe-stop plan after infeasible RMPCC-MF solve.
[RMPCC 0238] SAFE_STOP solve=238.5ms pose=(0.263,0.358,-0.901) u=(0.000,0.000) s=0.399 PSDFmin=-0.1787 G=FAIL(-0.1797) MF=inactive(active=0/20)
Acados solver failed with status 4
Acados residuals [stat, eq, ineq, comp]: [100.        0.        0.17966   0.     ]
Acados SQP iterations: 1
RMPCC-MF diagnostics captured before infeasibility recovery.
RMPCC-MF failed-iterate infeasibility candidates:
  - {'constraint': 'row_g_hard_guard', 'stages': array([ 1,  2,  3,  4,  5,  6,  7,  8,  9, 10, 11, 12, 13, 14, 15, 16, 17,
       18, 19, 20]), 'minimum_residual': -0.17965750193595892}
RMPCC-MF inactive Row M stages are trivially feasible.
RMPCC-MF minimum box residuals [state | input]: 3.9e-08 | 0.0
SQP_RTI solver failed with status 4. Starting infeasible recovery.
Backup solver is unavailable; falling back to safe stop.
Applied nominal_safe_controller safe-stop plan after infeasible RMPCC-MF solve.
[RMPCC 0239] SAFE_STOP solve=242.8ms pose=(0.263,0.358,-0.901) u=(0.000,0.000) s=0.399 PSDFmin=-0.1787 G=FAIL(-0.1797) MF=inactive(active=0/20)
Acados solver failed with status 4
Acados residuals [stat, eq, ineq, comp]: [100.        0.        0.17966   0.     ]
Acados SQP iterations: 1
RMPCC-MF diagnostics captured before infeasibility recovery.
RMPCC-MF failed-iterate infeasibility candidates:
  - {'constraint': 'row_g_hard_guard', 'stages': array([ 1,  2,  3,  4,  5,  6,  7,  8,  9, 10, 11, 12, 13, 14, 15, 16, 17,
       18, 19, 20]), 'minimum_residual': -0.17965750193595892}
RMPCC-MF inactive Row M stages are trivially feasible.
RMPCC-MF minimum box residuals [state | input]: 3.9e-08 | 0.0
SQP_RTI solver failed with status 4. Starting infeasible recovery.
Backup solver is unavailable; falling back to safe stop.
Applied nominal_safe_controller safe-stop plan after infeasible RMPCC-MF solve.
[RMPCC 0240] SAFE_STOP solve=226.4ms pose=(0.263,0.358,-0.901) u=(0.000,0.000) s=0.399 PSDFmin=-0.1787 G=FAIL(-0.1797) MF=inactive(active=0/20)
Acados solver failed with status 4
Acados residuals [stat, eq, ineq, comp]: [100.        0.        0.17966   0.     ]
Acados SQP iterations: 1
RMPCC-MF diagnostics captured before infeasibility recovery.
RMPCC-MF failed-iterate infeasibility candidates:
  - {'constraint': 'row_g_hard_guard', 'stages': array([ 1,  2,  3,  4,  5,  6,  7,  8,  9, 10, 11, 12, 13, 14, 15, 16, 17,
       18, 19, 20]), 'minimum_residual': -0.17965750193595892}
RMPCC-MF inactive Row M stages are trivially feasible.
RMPCC-MF minimum box residuals [state | input]: 3.9e-08 | 0.0
SQP_RTI solver failed with status 4. Starting infeasible recovery.
Backup solver is unavailable; falling back to safe stop.
Applied nominal_safe_controller safe-stop plan after infeasible RMPCC-MF solve.
[RMPCC 0241] SAFE_STOP solve=223.3ms pose=(0.263,0.358,-0.901) u=(0.000,0.000) s=0.399 PSDFmin=-0.1787 G=FAIL(-0.1797) MF=inactive(active=0/20)
Acados solver failed with status 4
Acados residuals [stat, eq, ineq, comp]: [100.        0.        0.17966   0.     ]
Acados SQP iterations: 1
RMPCC-MF diagnostics captured before infeasibility recovery.
RMPCC-MF failed-iterate infeasibility candidates:
  - {'constraint': 'row_g_hard_guard', 'stages': array([ 1,  2,  3,  4,  5,  6,  7,  8,  9, 10, 11, 12, 13, 14, 15, 16, 17,
       18, 19, 20]), 'minimum_residual': -0.17965750193595892}
RMPCC-MF inactive Row M stages are trivially feasible.
RMPCC-MF minimum box residuals [state | input]: 3.9e-08 | 0.0
SQP_RTI solver failed with status 4. Starting infeasible recovery.
Backup solver is unavailable; falling back to safe stop.
Applied nominal_safe_controller safe-stop plan after infeasible RMPCC-MF solve.
[RMPCC 0242] SAFE_STOP solve=229.5ms pose=(0.263,0.358,-0.901) u=(0.000,0.000) s=0.399 PSDFmin=-0.1787 G=FAIL(-0.1797) MF=inactive(active=0/20)
Acados solver failed with status 4
Acados residuals [stat, eq, ineq, comp]: [100.        0.        0.17966   0.     ]
Acados SQP iterations: 1
RMPCC-MF diagnostics captured before infeasibility recovery.
RMPCC-MF failed-iterate infeasibility candidates:
  - {'constraint': 'row_g_hard_guard', 'stages': array([ 1,  2,  3,  4,  5,  6,  7,  8,  9, 10, 11, 12, 13, 14, 15, 16, 17,
       18, 19, 20]), 'minimum_residual': -0.17965750193595892}
RMPCC-MF inactive Row M stages are trivially feasible.
RMPCC-MF minimum box residuals [state | input]: 3.9e-08 | 0.0
SQP_RTI solver failed with status 4. Starting infeasible recovery.
Backup solver is unavailable; falling back to safe stop.
Applied nominal_safe_controller safe-stop plan after infeasible RMPCC-MF solve.
[RMPCC 0243] SAFE_STOP solve=235.4ms pose=(0.263,0.358,-0.901) u=(0.000,0.000) s=0.399 PSDFmin=-0.1787 G=FAIL(-0.1797) MF=inactive(active=0/20)
Acados solver failed with status 4
Acados residuals [stat, eq, ineq, comp]: [100.        0.        0.17966   0.     ]
Acados SQP iterations: 1
RMPCC-MF diagnostics captured before infeasibility recovery.
RMPCC-MF failed-iterate infeasibility candidates:
  - {'constraint': 'row_g_hard_guard', 'stages': array([ 1,  2,  3,  4,  5,  6,  7,  8,  9, 10, 11, 12, 13, 14, 15, 16, 17,
       18, 19, 20]), 'minimum_residual': -0.17965750193595892}
RMPCC-MF inactive Row M stages are trivially feasible.
RMPCC-MF minimum box residuals [state | input]: 3.9e-08 | 0.0
SQP_RTI solver failed with status 4. Starting infeasible recovery.
Backup solver is unavailable; falling back to safe stop.
Applied nominal_safe_controller safe-stop plan after infeasible RMPCC-MF solve.
[RMPCC 0244] SAFE_STOP solve=220.6ms pose=(0.263,0.358,-0.901) u=(0.000,0.000) s=0.399 PSDFmin=-0.1787 G=FAIL(-0.1797) MF=inactive(active=0/20)
Acados solver failed with status 4
Acados residuals [stat, eq, ineq, comp]: [100.        0.        0.17966   0.     ]
Acados SQP iterations: 1
RMPCC-MF diagnostics captured before infeasibility recovery.
RMPCC-MF failed-iterate infeasibility candidates:
  - {'constraint': 'row_g_hard_guard', 'stages': array([ 1,  2,  3,  4,  5,  6,  7,  8,  9, 10, 11, 12, 13, 14, 15, 16, 17,
       18, 19, 20]), 'minimum_residual': -0.17965750193595892}
RMPCC-MF inactive Row M stages are trivially feasible.
RMPCC-MF minimum box residuals [state | input]: 3.9e-08 | 0.0
SQP_RTI solver failed with status 4. Starting infeasible recovery.
Backup solver is unavailable; falling back to safe stop.
Applied nominal_safe_controller safe-stop plan after infeasible RMPCC-MF solve.
[RMPCC 0245] SAFE_STOP solve=245.3ms pose=(0.263,0.358,-0.901) u=(0.000,0.000) s=0.399 PSDFmin=-0.1787 G=FAIL(-0.1797) MF=inactive(active=0/20)
Acados solver failed with status 4
Acados residuals [stat, eq, ineq, comp]: [100.        0.        0.17966   0.     ]
Acados SQP iterations: 1
RMPCC-MF diagnostics captured before infeasibility recovery.
RMPCC-MF failed-iterate infeasibility candidates:
  - {'constraint': 'row_g_hard_guard', 'stages': array([ 1,  2,  3,  4,  5,  6,  7,  8,  9, 10, 11, 12, 13, 14, 15, 16, 17,
       18, 19, 20]), 'minimum_residual': -0.17965750193595892}
RMPCC-MF inactive Row M stages are trivially feasible.
RMPCC-MF minimum box residuals [state | input]: 3.9e-08 | 0.0
SQP_RTI solver failed with status 4. Starting infeasible recovery.
Backup solver is unavailable; falling back to safe stop.
Applied nominal_safe_controller safe-stop plan after infeasible RMPCC-MF solve.
[RMPCC 0246] SAFE_STOP solve=229.1ms pose=(0.263,0.358,-0.901) u=(0.000,0.000) s=0.399 PSDFmin=-0.1787 G=FAIL(-0.1797) MF=inactive(active=0/20)
Acados solver failed with status 4
Acados residuals [stat, eq, ineq, comp]: [100.        0.        0.17966   0.     ]
Acados SQP iterations: 1
RMPCC-MF diagnostics captured before infeasibility recovery.
RMPCC-MF failed-iterate infeasibility candidates:
  - {'constraint': 'row_g_hard_guard', 'stages': array([ 1,  2,  3,  4,  5,  6,  7,  8,  9, 10, 11, 12, 13, 14, 15, 16, 17,
       18, 19, 20]), 'minimum_residual': -0.17965750193595892}
RMPCC-MF inactive Row M stages are trivially feasible.
RMPCC-MF minimum box residuals [state | input]: 3.9e-08 | 0.0
SQP_RTI solver failed with status 4. Starting infeasible recovery.
Backup solver is unavailable; falling back to safe stop.
Applied nominal_safe_controller safe-stop plan after infeasible RMPCC-MF solve.
[RMPCC 0247] SAFE_STOP solve=216.3ms pose=(0.263,0.358,-0.901) u=(0.000,0.000) s=0.399 PSDFmin=-0.1787 G=FAIL(-0.1797) MF=inactive(active=0/20)
Acados solver failed with status 4
Acados residuals [stat, eq, ineq, comp]: [100.        0.        0.17966   0.     ]
Acados SQP iterations: 1
RMPCC-MF diagnostics captured before infeasibility recovery.
RMPCC-MF failed-iterate infeasibility candidates:
  - {'constraint': 'row_g_hard_guard', 'stages': array([ 1,  2,  3,  4,  5,  6,  7,  8,  9, 10, 11, 12, 13, 14, 15, 16, 17,
       18, 19, 20]), 'minimum_residual': -0.17965750193595892}
RMPCC-MF inactive Row M stages are trivially feasible.
RMPCC-MF minimum box residuals [state | input]: 3.9e-08 | 0.0
SQP_RTI solver failed with status 4. Starting infeasible recovery.
Backup solver is unavailable; falling back to safe stop.
Applied nominal_safe_controller safe-stop plan after infeasible RMPCC-MF solve.
[RMPCC 0248] SAFE_STOP solve=214.3ms pose=(0.263,0.358,-0.901) u=(0.000,0.000) s=0.399 PSDFmin=-0.1787 G=FAIL(-0.1797) MF=inactive(active=0/20)
Acados solver failed with status 4
Acados residuals [stat, eq, ineq, comp]: [100.        0.        0.17966   0.     ]
Acados SQP iterations: 1
RMPCC-MF diagnostics captured before infeasibility recovery.
RMPCC-MF failed-iterate infeasibility candidates:
  - {'constraint': 'row_g_hard_guard', 'stages': array([ 1,  2,  3,  4,  5,  6,  7,  8,  9, 10, 11, 12, 13, 14, 15, 16, 17,
       18, 19, 20]), 'minimum_residual': -0.17965750193595892}
RMPCC-MF inactive Row M stages are trivially feasible.
RMPCC-MF minimum box residuals [state | input]: 3.9e-08 | 0.0
SQP_RTI solver failed with status 4. Starting infeasible recovery.
Backup solver is unavailable; falling back to safe stop.
Applied nominal_safe_controller safe-stop plan after infeasible RMPCC-MF solve.
[RMPCC 0249] SAFE_STOP solve=222.5ms pose=(0.263,0.358,-0.901) u=(0.000,0.000) s=0.399 PSDFmin=-0.1787 G=FAIL(-0.1797) MF=inactive(active=0/20)
Acados solver failed with status 4
Acados residuals [stat, eq, ineq, comp]: [100.        0.        0.17966   0.     ]
Acados SQP iterations: 1
RMPCC-MF diagnostics captured before infeasibility recovery.
RMPCC-MF failed-iterate infeasibility candidates:
  - {'constraint': 'row_g_hard_guard', 'stages': array([ 1,  2,  3,  4,  5,  6,  7,  8,  9, 10, 11, 12, 13, 14, 15, 16, 17,
       18, 19, 20]), 'minimum_residual': -0.17965750193595892}
RMPCC-MF inactive Row M stages are trivially feasible.
RMPCC-MF minimum box residuals [state | input]: 3.9e-08 | 0.0
SQP_RTI solver failed with status 4. Starting infeasible recovery.
Backup solver is unavailable; falling back to safe stop.
Applied nominal_safe_controller safe-stop plan after infeasible RMPCC-MF solve.
[RMPCC 0250] SAFE_STOP solve=232.7ms pose=(0.263,0.358,-0.901) u=(0.000,0.000) s=0.399 PSDFmin=-0.1787 G=FAIL(-0.1797) MF=inactive(active=0/20)
Acados solver failed with status 4
Acados residuals [stat, eq, ineq, comp]: [100.        0.        0.17966   0.     ]
Acados SQP iterations: 1
RMPCC-MF diagnostics captured before infeasibility recovery.
RMPCC-MF failed-iterate infeasibility candidates:
  - {'constraint': 'row_g_hard_guard', 'stages': array([ 1,  2,  3,  4,  5,  6,  7,  8,  9, 10, 11, 12, 13, 14, 15, 16, 17,
       18, 19, 20]), 'minimum_residual': -0.17965750193595892}
RMPCC-MF inactive Row M stages are trivially feasible.
RMPCC-MF minimum box residuals [state | input]: 3.9e-08 | 0.0
SQP_RTI solver failed with status 4. Starting infeasible recovery.
Backup solver is unavailable; falling back to safe stop.
Applied nominal_safe_controller safe-stop plan after infeasible RMPCC-MF solve.
[RMPCC 0251] SAFE_STOP solve=235.2ms pose=(0.263,0.358,-0.901) u=(0.000,0.000) s=0.399 PSDFmin=-0.1787 G=FAIL(-0.1797) MF=inactive(active=0/20)
Acados solver failed with status 4
Acados residuals [stat, eq, ineq, comp]: [100.        0.        0.17966   0.     ]
Acados SQP iterations: 1
RMPCC-MF diagnostics captured before infeasibility recovery.
RMPCC-MF failed-iterate infeasibility candidates:
  - {'constraint': 'row_g_hard_guard', 'stages': array([ 1,  2,  3,  4,  5,  6,  7,  8,  9, 10, 11, 12, 13, 14, 15, 16, 17,
       18, 19, 20]), 'minimum_residual': -0.17965750193595892}
RMPCC-MF inactive Row M stages are trivially feasible.
RMPCC-MF minimum box residuals [state | input]: 3.9e-08 | 0.0
SQP_RTI solver failed with status 4. Starting infeasible recovery.
Backup solver is unavailable; falling back to safe stop.
Applied nominal_safe_controller safe-stop plan after infeasible RMPCC-MF solve.
[RMPCC 0252] SAFE_STOP solve=226.8ms pose=(0.263,0.358,-0.901) u=(0.000,0.000) s=0.399 PSDFmin=-0.1787 G=FAIL(-0.1797) MF=inactive(active=0/20)
Acados solver failed with status 4
Acados residuals [stat, eq, ineq, comp]: [100.        0.        0.17966   0.     ]
Acados SQP iterations: 1
RMPCC-MF diagnostics captured before infeasibility recovery.
RMPCC-MF failed-iterate infeasibility candidates:
  - {'constraint': 'row_g_hard_guard', 'stages': array([ 1,  2,  3,  4,  5,  6,  7,  8,  9, 10, 11, 12, 13, 14, 15, 16, 17,
       18, 19, 20]), 'minimum_residual': -0.17965750193595892}
RMPCC-MF inactive Row M stages are trivially feasible.
RMPCC-MF minimum box residuals [state | input]: 3.9e-08 | 0.0
SQP_RTI solver failed with status 4. Starting infeasible recovery.
Backup solver is unavailable; falling back to safe stop.
Applied nominal_safe_controller safe-stop plan after infeasible RMPCC-MF solve.
[RMPCC 0253] SAFE_STOP solve=216.9ms pose=(0.263,0.358,-0.901) u=(0.000,0.000) s=0.399 PSDFmin=-0.1787 G=FAIL(-0.1797) MF=inactive(active=0/20)
Acados solver failed with status 4
Acados residuals [stat, eq, ineq, comp]: [100.        0.        0.17966   0.     ]
Acados SQP iterations: 1
RMPCC-MF diagnostics captured before infeasibility recovery.
RMPCC-MF failed-iterate infeasibility candidates:
  - {'constraint': 'row_g_hard_guard', 'stages': array([ 1,  2,  3,  4,  5,  6,  7,  8,  9, 10, 11, 12, 13, 14, 15, 16, 17,
       18, 19, 20]), 'minimum_residual': -0.17965750193595892}
RMPCC-MF inactive Row M stages are trivially feasible.
RMPCC-MF minimum box residuals [state | input]: 3.9e-08 | 0.0
SQP_RTI solver failed with status 4. Starting infeasible recovery.
Backup solver is unavailable; falling back to safe stop.
Applied nominal_safe_controller safe-stop plan after infeasible RMPCC-MF solve.
[RMPCC 0254] SAFE_STOP solve=227.7ms pose=(0.263,0.358,-0.901) u=(0.000,0.000) s=0.399 PSDFmin=-0.1787 G=FAIL(-0.1797) MF=inactive(active=0/20)
Acados solver failed with status 4
Acados residuals [stat, eq, ineq, comp]: [100.        0.        0.17966   0.     ]
Acados SQP iterations: 1
RMPCC-MF diagnostics captured before infeasibility recovery.
RMPCC-MF failed-iterate infeasibility candidates:
  - {'constraint': 'row_g_hard_guard', 'stages': array([ 1,  2,  3,  4,  5,  6,  7,  8,  9, 10, 11, 12, 13, 14, 15, 16, 17,
       18, 19, 20]), 'minimum_residual': -0.17965750193595892}
RMPCC-MF inactive Row M stages are trivially feasible.
RMPCC-MF minimum box residuals [state | input]: 3.9e-08 | 0.0
SQP_RTI solver failed with status 4. Starting infeasible recovery.
Backup solver is unavailable; falling back to safe stop.
Applied nominal_safe_controller safe-stop plan after infeasible RMPCC-MF solve.
[RMPCC 0255] SAFE_STOP solve=225.5ms pose=(0.263,0.358,-0.901) u=(0.000,0.000) s=0.399 PSDFmin=-0.1787 G=FAIL(-0.1797) MF=inactive(active=0/20)
Acados solver failed with status 4
Acados residuals [stat, eq, ineq, comp]: [100.        0.        0.17966   0.     ]
Acados SQP iterations: 1
RMPCC-MF diagnostics captured before infeasibility recovery.
RMPCC-MF failed-iterate infeasibility candidates:
  - {'constraint': 'row_g_hard_guard', 'stages': array([ 1,  2,  3,  4,  5,  6,  7,  8,  9, 10, 11, 12, 13, 14, 15, 16, 17,
       18, 19, 20]), 'minimum_residual': -0.17965750193595892}
RMPCC-MF inactive Row M stages are trivially feasible.
RMPCC-MF minimum box residuals [state | input]: 3.9e-08 | 0.0
SQP_RTI solver failed with status 4. Starting infeasible recovery.
Backup solver is unavailable; falling back to safe stop.
Applied nominal_safe_controller safe-stop plan after infeasible RMPCC-MF solve.
[RMPCC 0256] SAFE_STOP solve=213.4ms pose=(0.263,0.358,-0.901) u=(0.000,0.000) s=0.399 PSDFmin=-0.1787 G=FAIL(-0.1797) MF=inactive(active=0/20)
Acados solver failed with status 4
Acados residuals [stat, eq, ineq, comp]: [100.        0.        0.17966   0.     ]
Acados SQP iterations: 1
RMPCC-MF diagnostics captured before infeasibility recovery.
RMPCC-MF failed-iterate infeasibility candidates:
  - {'constraint': 'row_g_hard_guard', 'stages': array([ 1,  2,  3,  4,  5,  6,  7,  8,  9, 10, 11, 12, 13, 14, 15, 16, 17,
       18, 19, 20]), 'minimum_residual': -0.17965750193595892}
RMPCC-MF inactive Row M stages are trivially feasible.
RMPCC-MF minimum box residuals [state | input]: 3.9e-08 | 0.0
SQP_RTI solver failed with status 4. Starting infeasible recovery.
Backup solver is unavailable; falling back to safe stop.
Applied nominal_safe_controller safe-stop plan after infeasible RMPCC-MF solve.
[RMPCC 0257] SAFE_STOP solve=229.5ms pose=(0.263,0.358,-0.901) u=(0.000,0.000) s=0.399 PSDFmin=-0.1787 G=FAIL(-0.1797) MF=inactive(active=0/20)
Acados solver failed with status 4
Acados residuals [stat, eq, ineq, comp]: [100.        0.        0.17966   0.     ]
Acados SQP iterations: 1
RMPCC-MF diagnostics captured before infeasibility recovery.
RMPCC-MF failed-iterate infeasibility candidates:
  - {'constraint': 'row_g_hard_guard', 'stages': array([ 1,  2,  3,  4,  5,  6,  7,  8,  9, 10, 11, 12, 13, 14, 15, 16, 17,
       18, 19, 20]), 'minimum_residual': -0.17965750193595892}
RMPCC-MF inactive Row M stages are trivially feasible.
RMPCC-MF minimum box residuals [state | input]: 3.9e-08 | 0.0
SQP_RTI solver failed with status 4. Starting infeasible recovery.
Backup solver is unavailable; falling back to safe stop.
Applied nominal_safe_controller safe-stop plan after infeasible RMPCC-MF solve.
[RMPCC 0258] SAFE_STOP solve=235.0ms pose=(0.263,0.358,-0.901) u=(0.000,0.000) s=0.399 PSDFmin=-0.1787 G=FAIL(-0.1797) MF=inactive(active=0/20)
Acados solver failed with status 4
Acados residuals [stat, eq, ineq, comp]: [100.        0.        0.17966   0.     ]
Acados SQP iterations: 1
RMPCC-MF diagnostics captured before infeasibility recovery.
RMPCC-MF failed-iterate infeasibility candidates:
  - {'constraint': 'row_g_hard_guard', 'stages': array([ 1,  2,  3,  4,  5,  6,  7,  8,  9, 10, 11, 12, 13, 14, 15, 16, 17,
       18, 19, 20]), 'minimum_residual': -0.17965750193595892}
RMPCC-MF inactive Row M stages are trivially feasible.
RMPCC-MF minimum box residuals [state | input]: 3.9e-08 | 0.0
SQP_RTI solver failed with status 4. Starting infeasible recovery.
Backup solver is unavailable; falling back to safe stop.
Applied nominal_safe_controller safe-stop plan after infeasible RMPCC-MF solve.
[RMPCC 0259] SAFE_STOP solve=230.3ms pose=(0.263,0.358,-0.901) u=(0.000,0.000) s=0.399 PSDFmin=-0.1787 G=FAIL(-0.1797) MF=inactive(active=0/20)
Acados solver failed with status 4
Acados residuals [stat, eq, ineq, comp]: [100.        0.        0.17966   0.     ]
Acados SQP iterations: 1
RMPCC-MF diagnostics captured before infeasibility recovery.
RMPCC-MF failed-iterate infeasibility candidates:
  - {'constraint': 'row_g_hard_guard', 'stages': array([ 1,  2,  3,  4,  5,  6,  7,  8,  9, 10, 11, 12, 13, 14, 15, 16, 17,
       18, 19, 20]), 'minimum_residual': -0.17965750193595892}
RMPCC-MF inactive Row M stages are trivially feasible.
RMPCC-MF minimum box residuals [state | input]: 3.9e-08 | 0.0
SQP_RTI solver failed with status 4. Starting infeasible recovery.
Backup solver is unavailable; falling back to safe stop.
Applied nominal_safe_controller safe-stop plan after infeasible RMPCC-MF solve.
[RMPCC 0260] SAFE_STOP solve=291.7ms pose=(0.263,0.358,-0.901) u=(0.000,0.000) s=0.399 PSDFmin=-0.1787 G=FAIL(-0.1797) MF=inactive(active=0/20)
Acados solver failed with status 4
Acados residuals [stat, eq, ineq, comp]: [100.        0.        0.17966   0.     ]
Acados SQP iterations: 1
RMPCC-MF diagnostics captured before infeasibility recovery.
RMPCC-MF failed-iterate infeasibility candidates:
  - {'constraint': 'row_g_hard_guard', 'stages': array([ 1,  2,  3,  4,  5,  6,  7,  8,  9, 10, 11, 12, 13, 14, 15, 16, 17,
       18, 19, 20]), 'minimum_residual': -0.17965750193595892}
RMPCC-MF inactive Row M stages are trivially feasible.
RMPCC-MF minimum box residuals [state | input]: 3.9e-08 | 0.0
SQP_RTI solver failed with status 4. Starting infeasible recovery.
Backup solver is unavailable; falling back to safe stop.
Applied nominal_safe_controller safe-stop plan after infeasible RMPCC-MF solve.
[RMPCC 0261] SAFE_STOP solve=238.5ms pose=(0.263,0.358,-0.901) u=(0.000,0.000) s=0.399 PSDFmin=-0.1787 G=FAIL(-0.1797) MF=inactive(active=0/20)
Acados solver failed with status 4
Acados residuals [stat, eq, ineq, comp]: [100.        0.        0.17966   0.     ]
Acados SQP iterations: 1
RMPCC-MF diagnostics captured before infeasibility recovery.
RMPCC-MF failed-iterate infeasibility candidates:
  - {'constraint': 'row_g_hard_guard', 'stages': array([ 1,  2,  3,  4,  5,  6,  7,  8,  9, 10, 11, 12, 13, 14, 15, 16, 17,
       18, 19, 20]), 'minimum_residual': -0.17965750193595892}
RMPCC-MF inactive Row M stages are trivially feasible.
RMPCC-MF minimum box residuals [state | input]: 3.9e-08 | 0.0
SQP_RTI solver failed with status 4. Starting infeasible recovery.
Backup solver is unavailable; falling back to safe stop.
Applied nominal_safe_controller safe-stop plan after infeasible RMPCC-MF solve.
[RMPCC 0262] SAFE_STOP solve=223.0ms pose=(0.263,0.358,-0.901) u=(0.000,0.000) s=0.399 PSDFmin=-0.1787 G=FAIL(-0.1797) MF=inactive(active=0/20)
Acados solver failed with status 4
Acados residuals [stat, eq, ineq, comp]: [100.        0.        0.17966   0.     ]
Acados SQP iterations: 1
RMPCC-MF diagnostics captured before infeasibility recovery.
RMPCC-MF failed-iterate infeasibility candidates:
  - {'constraint': 'row_g_hard_guard', 'stages': array([ 1,  2,  3,  4,  5,  6,  7,  8,  9, 10, 11, 12, 13, 14, 15, 16, 17,
       18, 19, 20]), 'minimum_residual': -0.17965750193595892}
RMPCC-MF inactive Row M stages are trivially feasible.
RMPCC-MF minimum box residuals [state | input]: 3.9e-08 | 0.0
SQP_RTI solver failed with status 4. Starting infeasible recovery.
Backup solver is unavailable; falling back to safe stop.
Applied nominal_safe_controller safe-stop plan after infeasible RMPCC-MF solve.
[RMPCC 0263] SAFE_STOP solve=229.6ms pose=(0.263,0.358,-0.901) u=(0.000,0.000) s=0.399 PSDFmin=-0.1787 G=FAIL(-0.1797) MF=inactive(active=0/20)
Acados solver failed with status 4
Acados residuals [stat, eq, ineq, comp]: [100.        0.        0.17966   0.     ]
Acados SQP iterations: 1
RMPCC-MF diagnostics captured before infeasibility recovery.
RMPCC-MF failed-iterate infeasibility candidates:
  - {'constraint': 'row_g_hard_guard', 'stages': array([ 1,  2,  3,  4,  5,  6,  7,  8,  9, 10, 11, 12, 13, 14, 15, 16, 17,
       18, 19, 20]), 'minimum_residual': -0.17965750193595892}
RMPCC-MF inactive Row M stages are trivially feasible.
RMPCC-MF minimum box residuals [state | input]: 3.9e-08 | 0.0
SQP_RTI solver failed with status 4. Starting infeasible recovery.
Backup solver is unavailable; falling back to safe stop.
Applied nominal_safe_controller safe-stop plan after infeasible RMPCC-MF solve.
[RMPCC 0264] SAFE_STOP solve=220.0ms pose=(0.263,0.358,-0.901) u=(0.000,0.000) s=0.399 PSDFmin=-0.1787 G=FAIL(-0.1797) MF=inactive(active=0/20)
Acados solver failed with status 4
Acados residuals [stat, eq, ineq, comp]: [100.        0.        0.17966   0.     ]
Acados SQP iterations: 1
RMPCC-MF diagnostics captured before infeasibility recovery.
RMPCC-MF failed-iterate infeasibility candidates:
  - {'constraint': 'row_g_hard_guard', 'stages': array([ 1,  2,  3,  4,  5,  6,  7,  8,  9, 10, 11, 12, 13, 14, 15, 16, 17,
       18, 19, 20]), 'minimum_residual': -0.17965750193595892}
RMPCC-MF inactive Row M stages are trivially feasible.
RMPCC-MF minimum box residuals [state | input]: 3.9e-08 | 0.0
SQP_RTI solver failed with status 4. Starting infeasible recovery.
Backup solver is unavailable; falling back to safe stop.
Applied nominal_safe_controller safe-stop plan after infeasible RMPCC-MF solve.
[RMPCC 0265] SAFE_STOP solve=229.7ms pose=(0.263,0.358,-0.901) u=(0.000,0.000) s=0.399 PSDFmin=-0.1787 G=FAIL(-0.1797) MF=inactive(active=0/20)
Acados solver failed with status 4
Acados residuals [stat, eq, ineq, comp]: [100.        0.        0.17966   0.     ]
Acados SQP iterations: 1
RMPCC-MF diagnostics captured before infeasibility recovery.
RMPCC-MF failed-iterate infeasibility candidates:
  - {'constraint': 'row_g_hard_guard', 'stages': array([ 1,  2,  3,  4,  5,  6,  7,  8,  9, 10, 11, 12, 13, 14, 15, 16, 17,
       18, 19, 20]), 'minimum_residual': -0.17965750193595892}
RMPCC-MF inactive Row M stages are trivially feasible.
RMPCC-MF minimum box residuals [state | input]: 3.9e-08 | 0.0
SQP_RTI solver failed with status 4. Starting infeasible recovery.
Backup solver is unavailable; falling back to safe stop.
Applied nominal_safe_controller safe-stop plan after infeasible RMPCC-MF solve.
[RMPCC 0266] SAFE_STOP solve=228.6ms pose=(0.263,0.358,-0.901) u=(0.000,0.000) s=0.399 PSDFmin=-0.1787 G=FAIL(-0.1797) MF=inactive(active=0/20)
Acados solver failed with status 4
Acados residuals [stat, eq, ineq, comp]: [100.        0.        0.17966   0.     ]
Acados SQP iterations: 1
RMPCC-MF diagnostics captured before infeasibility recovery.
RMPCC-MF failed-iterate infeasibility candidates:
  - {'constraint': 'row_g_hard_guard', 'stages': array([ 1,  2,  3,  4,  5,  6,  7,  8,  9, 10, 11, 12, 13, 14, 15, 16, 17,
       18, 19, 20]), 'minimum_residual': -0.17965750193595892}
RMPCC-MF inactive Row M stages are trivially feasible.
RMPCC-MF minimum box residuals [state | input]: 3.9e-08 | 0.0
SQP_RTI solver failed with status 4. Starting infeasible recovery.
Backup solver is unavailable; falling back to safe stop.
Applied nominal_safe_controller safe-stop plan after infeasible RMPCC-MF solve.
[RMPCC 0267] SAFE_STOP solve=222.0ms pose=(0.263,0.358,-0.901) u=(0.000,0.000) s=0.399 PSDFmin=-0.1787 G=FAIL(-0.1797) MF=inactive(active=0/20)
Acados solver failed with status 4
Acados residuals [stat, eq, ineq, comp]: [100.        0.        0.17966   0.     ]
Acados SQP iterations: 1
RMPCC-MF diagnostics captured before infeasibility recovery.
RMPCC-MF failed-iterate infeasibility candidates:
  - {'constraint': 'row_g_hard_guard', 'stages': array([ 1,  2,  3,  4,  5,  6,  7,  8,  9, 10, 11, 12, 13, 14, 15, 16, 17,
       18, 19, 20]), 'minimum_residual': -0.17965750193595892}
RMPCC-MF inactive Row M stages are trivially feasible.
RMPCC-MF minimum box residuals [state | input]: 3.9e-08 | 0.0
SQP_RTI solver failed with status 4. Starting infeasible recovery.
Backup solver is unavailable; falling back to safe stop.
Applied nominal_safe_controller safe-stop plan after infeasible RMPCC-MF solve.
[RMPCC 0268] SAFE_STOP solve=215.7ms pose=(0.263,0.358,-0.901) u=(0.000,0.000) s=0.399 PSDFmin=-0.1787 G=FAIL(-0.1797) MF=inactive(active=0/20)
Acados solver failed with status 4
Acados residuals [stat, eq, ineq, comp]: [100.        0.        0.17966   0.     ]
Acados SQP iterations: 1
RMPCC-MF diagnostics captured before infeasibility recovery.
RMPCC-MF failed-iterate infeasibility candidates:
  - {'constraint': 'row_g_hard_guard', 'stages': array([ 1,  2,  3,  4,  5,  6,  7,  8,  9, 10, 11, 12, 13, 14, 15, 16, 17,
       18, 19, 20]), 'minimum_residual': -0.17965750193595892}
RMPCC-MF inactive Row M stages are trivially feasible.
RMPCC-MF minimum box residuals [state | input]: 3.9e-08 | 0.0
SQP_RTI solver failed with status 4. Starting infeasible recovery.
Backup solver is unavailable; falling back to safe stop.
Applied nominal_safe_controller safe-stop plan after infeasible RMPCC-MF solve.
[RMPCC 0269] SAFE_STOP solve=211.6ms pose=(0.263,0.358,-0.901) u=(0.000,0.000) s=0.399 PSDFmin=-0.1787 G=FAIL(-0.1797) MF=inactive(active=0/20)
Acados solver failed with status 4
Acados residuals [stat, eq, ineq, comp]: [100.        0.        0.17966   0.     ]
Acados SQP iterations: 1
RMPCC-MF diagnostics captured before infeasibility recovery.
RMPCC-MF failed-iterate infeasibility candidates:
  - {'constraint': 'row_g_hard_guard', 'stages': array([ 1,  2,  3,  4,  5,  6,  7,  8,  9, 10, 11, 12, 13, 14, 15, 16, 17,
       18, 19, 20]), 'minimum_residual': -0.17965750193595892}
RMPCC-MF inactive Row M stages are trivially feasible.
RMPCC-MF minimum box residuals [state | input]: 3.9e-08 | 0.0
SQP_RTI solver failed with status 4. Starting infeasible recovery.
Backup solver is unavailable; falling back to safe stop.
Applied nominal_safe_controller safe-stop plan after infeasible RMPCC-MF solve.
[RMPCC 0270] SAFE_STOP solve=225.9ms pose=(0.263,0.358,-0.901) u=(0.000,0.000) s=0.399 PSDFmin=-0.1787 G=FAIL(-0.1797) MF=inactive(active=0/20)
Acados solver failed with status 4
Acados residuals [stat, eq, ineq, comp]: [100.        0.        0.17966   0.     ]
Acados SQP iterations: 1
RMPCC-MF diagnostics captured before infeasibility recovery.
RMPCC-MF failed-iterate infeasibility candidates:
  - {'constraint': 'row_g_hard_guard', 'stages': array([ 1,  2,  3,  4,  5,  6,  7,  8,  9, 10, 11, 12, 13, 14, 15, 16, 17,
       18, 19, 20]), 'minimum_residual': -0.17965750193595892}
RMPCC-MF inactive Row M stages are trivially feasible.
RMPCC-MF minimum box residuals [state | input]: 3.9e-08 | 0.0
SQP_RTI solver failed with status 4. Starting infeasible recovery.
Backup solver is unavailable; falling back to safe stop.
Applied nominal_safe_controller safe-stop plan after infeasible RMPCC-MF solve.
[RMPCC 0271] SAFE_STOP solve=221.5ms pose=(0.263,0.358,-0.901) u=(0.000,0.000) s=0.399 PSDFmin=-0.1787 G=FAIL(-0.1797) MF=inactive(active=0/20)
Acados solver failed with status 4
Acados residuals [stat, eq, ineq, comp]: [100.        0.        0.17966   0.     ]
Acados SQP iterations: 1
RMPCC-MF diagnostics captured before infeasibility recovery.
RMPCC-MF failed-iterate infeasibility candidates:
  - {'constraint': 'row_g_hard_guard', 'stages': array([ 1,  2,  3,  4,  5,  6,  7,  8,  9, 10, 11, 12, 13, 14, 15, 16, 17,
       18, 19, 20]), 'minimum_residual': -0.17965750193595892}
RMPCC-MF inactive Row M stages are trivially feasible.
RMPCC-MF minimum box residuals [state | input]: 3.9e-08 | 0.0
SQP_RTI solver failed with status 4. Starting infeasible recovery.
Backup solver is unavailable; falling back to safe stop.
Applied nominal_safe_controller safe-stop plan after infeasible RMPCC-MF solve.
[RMPCC 0272] SAFE_STOP solve=237.3ms pose=(0.263,0.358,-0.901) u=(0.000,0.000) s=0.399 PSDFmin=-0.1787 G=FAIL(-0.1797) MF=inactive(active=0/20)
Acados solver failed with status 4
Acados residuals [stat, eq, ineq, comp]: [100.        0.        0.17966   0.     ]
Acados SQP iterations: 1
RMPCC-MF diagnostics captured before infeasibility recovery.
RMPCC-MF failed-iterate infeasibility candidates:
  - {'constraint': 'row_g_hard_guard', 'stages': array([ 1,  2,  3,  4,  5,  6,  7,  8,  9, 10, 11, 12, 13, 14, 15, 16, 17,
       18, 19, 20]), 'minimum_residual': -0.17965750193595892}
RMPCC-MF inactive Row M stages are trivially feasible.
RMPCC-MF minimum box residuals [state | input]: 3.9e-08 | 0.0
SQP_RTI solver failed with status 4. Starting infeasible recovery.
Backup solver is unavailable; falling back to safe stop.
Applied nominal_safe_controller safe-stop plan after infeasible RMPCC-MF solve.
[RMPCC 0273] SAFE_STOP solve=246.6ms pose=(0.263,0.358,-0.901) u=(0.000,0.000) s=0.399 PSDFmin=-0.1787 G=FAIL(-0.1797) MF=inactive(active=0/20)
Acados solver failed with status 4
Acados residuals [stat, eq, ineq, comp]: [100.        0.        0.17966   0.     ]
Acados SQP iterations: 1
RMPCC-MF diagnostics captured before infeasibility recovery.
RMPCC-MF failed-iterate infeasibility candidates:
  - {'constraint': 'row_g_hard_guard', 'stages': array([ 1,  2,  3,  4,  5,  6,  7,  8,  9, 10, 11, 12, 13, 14, 15, 16, 17,
       18, 19, 20]), 'minimum_residual': -0.17965750193595892}
RMPCC-MF inactive Row M stages are trivially feasible.
RMPCC-MF minimum box residuals [state | input]: 3.9e-08 | 0.0
SQP_RTI solver failed with status 4. Starting infeasible recovery.
Backup solver is unavailable; falling back to safe stop.
Applied nominal_safe_controller safe-stop plan after infeasible RMPCC-MF solve.
[RMPCC 0274] SAFE_STOP solve=225.8ms pose=(0.263,0.358,-0.901) u=(0.000,0.000) s=0.399 PSDFmin=-0.1787 G=FAIL(-0.1797) MF=inactive(active=0/20)
Acados solver failed with status 4
Acados residuals [stat, eq, ineq, comp]: [100.        0.        0.17966   0.     ]
Acados SQP iterations: 1
RMPCC-MF diagnostics captured before infeasibility recovery.
RMPCC-MF failed-iterate infeasibility candidates:
  - {'constraint': 'row_g_hard_guard', 'stages': array([ 1,  2,  3,  4,  5,  6,  7,  8,  9, 10, 11, 12, 13, 14, 15, 16, 17,
       18, 19, 20]), 'minimum_residual': -0.17965750193595892}
RMPCC-MF inactive Row M stages are trivially feasible.
RMPCC-MF minimum box residuals [state | input]: 3.9e-08 | 0.0
SQP_RTI solver failed with status 4. Starting infeasible recovery.
Backup solver is unavailable; falling back to safe stop.
Applied nominal_safe_controller safe-stop plan after infeasible RMPCC-MF solve.
[RMPCC 0275] SAFE_STOP solve=227.1ms pose=(0.263,0.358,-0.901) u=(0.000,0.000) s=0.399 PSDFmin=-0.1787 G=FAIL(-0.1797) MF=inactive(active=0/20)
Acados solver failed with status 4
Acados residuals [stat, eq, ineq, comp]: [100.        0.        0.17966   0.     ]
Acados SQP iterations: 1
RMPCC-MF diagnostics captured before infeasibility recovery.
RMPCC-MF failed-iterate infeasibility candidates:
  - {'constraint': 'row_g_hard_guard', 'stages': array([ 1,  2,  3,  4,  5,  6,  7,  8,  9, 10, 11, 12, 13, 14, 15, 16, 17,
       18, 19, 20]), 'minimum_residual': -0.17965750193595892}
RMPCC-MF inactive Row M stages are trivially feasible.
RMPCC-MF minimum box residuals [state | input]: 3.9e-08 | 0.0
SQP_RTI solver failed with status 4. Starting infeasible recovery.
Backup solver is unavailable; falling back to safe stop.
Applied nominal_safe_controller safe-stop plan after infeasible RMPCC-MF solve.
[RMPCC 0276] SAFE_STOP solve=237.3ms pose=(0.263,0.358,-0.901) u=(0.000,0.000) s=0.399 PSDFmin=-0.1787 G=FAIL(-0.1797) MF=inactive(active=0/20)
Acados solver failed with status 4
Acados residuals [stat, eq, ineq, comp]: [100.        0.        0.17966   0.     ]
Acados SQP iterations: 1
RMPCC-MF diagnostics captured before infeasibility recovery.
RMPCC-MF failed-iterate infeasibility candidates:
  - {'constraint': 'row_g_hard_guard', 'stages': array([ 1,  2,  3,  4,  5,  6,  7,  8,  9, 10, 11, 12, 13, 14, 15, 16, 17,
       18, 19, 20]), 'minimum_residual': -0.17965750193595892}
RMPCC-MF inactive Row M stages are trivially feasible.
RMPCC-MF minimum box residuals [state | input]: 3.9e-08 | 0.0
SQP_RTI solver failed with status 4. Starting infeasible recovery.
Backup solver is unavailable; falling back to safe stop.
Applied nominal_safe_controller safe-stop plan after infeasible RMPCC-MF solve.
[RMPCC 0277] SAFE_STOP solve=224.0ms pose=(0.263,0.358,-0.901) u=(0.000,0.000) s=0.399 PSDFmin=-0.1787 G=FAIL(-0.1797) MF=inactive(active=0/20)
Acados solver failed with status 4
Acados residuals [stat, eq, ineq, comp]: [100.        0.        0.17966   0.     ]
Acados SQP iterations: 1
RMPCC-MF diagnostics captured before infeasibility recovery.
RMPCC-MF failed-iterate infeasibility candidates:
  - {'constraint': 'row_g_hard_guard', 'stages': array([ 1,  2,  3,  4,  5,  6,  7,  8,  9, 10, 11, 12, 13, 14, 15, 16, 17,
       18, 19, 20]), 'minimum_residual': -0.17965750193595892}
RMPCC-MF inactive Row M stages are trivially feasible.
RMPCC-MF minimum box residuals [state | input]: 3.9e-08 | 0.0
SQP_RTI solver failed with status 4. Starting infeasible recovery.
Backup solver is unavailable; falling back to safe stop.
Applied nominal_safe_controller safe-stop plan after infeasible RMPCC-MF solve.
[RMPCC 0278] SAFE_STOP solve=224.3ms pose=(0.263,0.358,-0.901) u=(0.000,0.000) s=0.399 PSDFmin=-0.1787 G=FAIL(-0.1797) MF=inactive(active=0/20)
Acados solver failed with status 4
Acados residuals [stat, eq, ineq, comp]: [100.        0.        0.17966   0.     ]
Acados SQP iterations: 1
RMPCC-MF diagnostics captured before infeasibility recovery.
RMPCC-MF failed-iterate infeasibility candidates:
  - {'constraint': 'row_g_hard_guard', 'stages': array([ 1,  2,  3,  4,  5,  6,  7,  8,  9, 10, 11, 12, 13, 14, 15, 16, 17,
       18, 19, 20]), 'minimum_residual': -0.17965750193595892}
RMPCC-MF inactive Row M stages are trivially feasible.
RMPCC-MF minimum box residuals [state | input]: 3.9e-08 | 0.0
SQP_RTI solver failed with status 4. Starting infeasible recovery.
Backup solver is unavailable; falling back to safe stop.
Applied nominal_safe_controller safe-stop plan after infeasible RMPCC-MF solve.
[RMPCC 0279] SAFE_STOP solve=220.8ms pose=(0.263,0.358,-0.901) u=(0.000,0.000) s=0.399 PSDFmin=-0.1787 G=FAIL(-0.1797) MF=inactive(active=0/20)
Acados solver failed with status 4
Acados residuals [stat, eq, ineq, comp]: [100.        0.        0.17966   0.     ]
Acados SQP iterations: 1
RMPCC-MF diagnostics captured before infeasibility recovery.
RMPCC-MF failed-iterate infeasibility candidates:
  - {'constraint': 'row_g_hard_guard', 'stages': array([ 1,  2,  3,  4,  5,  6,  7,  8,  9, 10, 11, 12, 13, 14, 15, 16, 17,
       18, 19, 20]), 'minimum_residual': -0.17965750193595892}
RMPCC-MF inactive Row M stages are trivially feasible.
RMPCC-MF minimum box residuals [state | input]: 3.9e-08 | 0.0
SQP_RTI solver failed with status 4. Starting infeasible recovery.
Backup solver is unavailable; falling back to safe stop.
Applied nominal_safe_controller safe-stop plan after infeasible RMPCC-MF solve.
[RMPCC 0280] SAFE_STOP solve=226.4ms pose=(0.263,0.358,-0.901) u=(0.000,0.000) s=0.399 PSDFmin=-0.1787 G=FAIL(-0.1797) MF=inactive(active=0/20)
Acados solver failed with status 4
Acados residuals [stat, eq, ineq, comp]: [100.        0.        0.17966   0.     ]
Acados SQP iterations: 1
RMPCC-MF diagnostics captured before infeasibility recovery.
RMPCC-MF failed-iterate infeasibility candidates:
  - {'constraint': 'row_g_hard_guard', 'stages': array([ 1,  2,  3,  4,  5,  6,  7,  8,  9, 10, 11, 12, 13, 14, 15, 16, 17,
       18, 19, 20]), 'minimum_residual': -0.17965750193595892}
RMPCC-MF inactive Row M stages are trivially feasible.
RMPCC-MF minimum box residuals [state | input]: 3.9e-08 | 0.0
SQP_RTI solver failed with status 4. Starting infeasible recovery.
Backup solver is unavailable; falling back to safe stop.
Applied nominal_safe_controller safe-stop plan after infeasible RMPCC-MF solve.
[RMPCC 0281] SAFE_STOP solve=248.6ms pose=(0.263,0.358,-0.901) u=(0.000,0.000) s=0.399 PSDFmin=-0.1787 G=FAIL(-0.1797) MF=inactive(active=0/20)
Acados solver failed with status 4
Acados residuals [stat, eq, ineq, comp]: [100.        0.        0.17966   0.     ]
Acados SQP iterations: 1
RMPCC-MF diagnostics captured before infeasibility recovery.
RMPCC-MF failed-iterate infeasibility candidates:
  - {'constraint': 'row_g_hard_guard', 'stages': array([ 1,  2,  3,  4,  5,  6,  7,  8,  9, 10, 11, 12, 13, 14, 15, 16, 17,
       18, 19, 20]), 'minimum_residual': -0.17965750193595892}
RMPCC-MF inactive Row M stages are trivially feasible.
RMPCC-MF minimum box residuals [state | input]: 3.9e-08 | 0.0
SQP_RTI solver failed with status 4. Starting infeasible recovery.
Backup solver is unavailable; falling back to safe stop.
Applied nominal_safe_controller safe-stop plan after infeasible RMPCC-MF solve.
[RMPCC 0282] SAFE_STOP solve=282.5ms pose=(0.263,0.358,-0.901) u=(0.000,0.000) s=0.399 PSDFmin=-0.1787 G=FAIL(-0.1797) MF=inactive(active=0/20)
Acados solver failed with status 4
Acados residuals [stat, eq, ineq, comp]: [100.        0.        0.17966   0.     ]
Acados SQP iterations: 1
RMPCC-MF diagnostics captured before infeasibility recovery.
RMPCC-MF failed-iterate infeasibility candidates:
  - {'constraint': 'row_g_hard_guard', 'stages': array([ 1,  2,  3,  4,  5,  6,  7,  8,  9, 10, 11, 12, 13, 14, 15, 16, 17,
       18, 19, 20]), 'minimum_residual': -0.17965750193595892}
RMPCC-MF inactive Row M stages are trivially feasible.
RMPCC-MF minimum box residuals [state | input]: 3.9e-08 | 0.0
SQP_RTI solver failed with status 4. Starting infeasible recovery.
Backup solver is unavailable; falling back to safe stop.
Applied nominal_safe_controller safe-stop plan after infeasible RMPCC-MF solve.
[RMPCC 0283] SAFE_STOP solve=214.1ms pose=(0.263,0.358,-0.901) u=(0.000,0.000) s=0.399 PSDFmin=-0.1787 G=FAIL(-0.1797) MF=inactive(active=0/20)
Acados solver failed with status 4
Acados residuals [stat, eq, ineq, comp]: [100.        0.        0.17966   0.     ]
Acados SQP iterations: 1
RMPCC-MF diagnostics captured before infeasibility recovery.
RMPCC-MF failed-iterate infeasibility candidates:
  - {'constraint': 'row_g_hard_guard', 'stages': array([ 1,  2,  3,  4,  5,  6,  7,  8,  9, 10, 11, 12, 13, 14, 15, 16, 17,
       18, 19, 20]), 'minimum_residual': -0.17965750193595892}
RMPCC-MF inactive Row M stages are trivially feasible.
RMPCC-MF minimum box residuals [state | input]: 3.9e-08 | 0.0
SQP_RTI solver failed with status 4. Starting infeasible recovery.
Backup solver is unavailable; falling back to safe stop.
Applied nominal_safe_controller safe-stop plan after infeasible RMPCC-MF solve.
[RMPCC 0284] SAFE_STOP solve=233.3ms pose=(0.263,0.358,-0.901) u=(0.000,0.000) s=0.399 PSDFmin=-0.1787 G=FAIL(-0.1797) MF=inactive(active=0/20)
Acados solver failed with status 4
Acados residuals [stat, eq, ineq, comp]: [100.        0.        0.17966   0.     ]
Acados SQP iterations: 1
RMPCC-MF diagnostics captured before infeasibility recovery.
RMPCC-MF failed-iterate infeasibility candidates:
  - {'constraint': 'row_g_hard_guard', 'stages': array([ 1,  2,  3,  4,  5,  6,  7,  8,  9, 10, 11, 12, 13, 14, 15, 16, 17,
       18, 19, 20]), 'minimum_residual': -0.17965750193595892}
RMPCC-MF inactive Row M stages are trivially feasible.
RMPCC-MF minimum box residuals [state | input]: 3.9e-08 | 0.0
SQP_RTI solver failed with status 4. Starting infeasible recovery.
Backup solver is unavailable; falling back to safe stop.
Applied nominal_safe_controller safe-stop plan after infeasible RMPCC-MF solve.
[RMPCC 0285] SAFE_STOP solve=237.0ms pose=(0.263,0.358,-0.901) u=(0.000,0.000) s=0.399 PSDFmin=-0.1787 G=FAIL(-0.1797) MF=inactive(active=0/20)
Acados solver failed with status 4
Acados residuals [stat, eq, ineq, comp]: [100.        0.        0.17966   0.     ]
Acados SQP iterations: 1
RMPCC-MF diagnostics captured before infeasibility recovery.
RMPCC-MF failed-iterate infeasibility candidates:
  - {'constraint': 'row_g_hard_guard', 'stages': array([ 1,  2,  3,  4,  5,  6,  7,  8,  9, 10, 11, 12, 13, 14, 15, 16, 17,
       18, 19, 20]), 'minimum_residual': -0.17965750193595892}
RMPCC-MF inactive Row M stages are trivially feasible.
RMPCC-MF minimum box residuals [state | input]: 3.9e-08 | 0.0
SQP_RTI solver failed with status 4. Starting infeasible recovery.
Backup solver is unavailable; falling back to safe stop.
Applied nominal_safe_controller safe-stop plan after infeasible RMPCC-MF solve.
[RMPCC 0286] SAFE_STOP solve=244.5ms pose=(0.263,0.358,-0.901) u=(0.000,0.000) s=0.399 PSDFmin=-0.1787 G=FAIL(-0.1797) MF=inactive(active=0/20)
Acados solver failed with status 4
Acados residuals [stat, eq, ineq, comp]: [100.        0.        0.17966   0.     ]
Acados SQP iterations: 1
RMPCC-MF diagnostics captured before infeasibility recovery.
RMPCC-MF failed-iterate infeasibility candidates:
  - {'constraint': 'row_g_hard_guard', 'stages': array([ 1,  2,  3,  4,  5,  6,  7,  8,  9, 10, 11, 12, 13, 14, 15, 16, 17,
       18, 19, 20]), 'minimum_residual': -0.17965750193595892}
RMPCC-MF inactive Row M stages are trivially feasible.
RMPCC-MF minimum box residuals [state | input]: 3.9e-08 | 0.0
SQP_RTI solver failed with status 4. Starting infeasible recovery.
Backup solver is unavailable; falling back to safe stop.
Applied nominal_safe_controller safe-stop plan after infeasible RMPCC-MF solve.
[RMPCC 0287] SAFE_STOP solve=229.8ms pose=(0.263,0.358,-0.901) u=(0.000,0.000) s=0.399 PSDFmin=-0.1787 G=FAIL(-0.1797) MF=inactive(active=0/20)
Acados solver failed with status 4
Acados residuals [stat, eq, ineq, comp]: [100.        0.        0.17966   0.     ]
Acados SQP iterations: 1
RMPCC-MF diagnostics captured before infeasibility recovery.
RMPCC-MF failed-iterate infeasibility candidates:
  - {'constraint': 'row_g_hard_guard', 'stages': array([ 1,  2,  3,  4,  5,  6,  7,  8,  9, 10, 11, 12, 13, 14, 15, 16, 17,
       18, 19, 20]), 'minimum_residual': -0.17965750193595892}
RMPCC-MF inactive Row M stages are trivially feasible.
RMPCC-MF minimum box residuals [state | input]: 3.9e-08 | 0.0
SQP_RTI solver failed with status 4. Starting infeasible recovery.
Backup solver is unavailable; falling back to safe stop.
Applied nominal_safe_controller safe-stop plan after infeasible RMPCC-MF solve.
[RMPCC 0288] SAFE_STOP solve=215.0ms pose=(0.263,0.358,-0.901) u=(0.000,0.000) s=0.399 PSDFmin=-0.1787 G=FAIL(-0.1797) MF=inactive(active=0/20)
Acados solver failed with status 4
Acados residuals [stat, eq, ineq, comp]: [100.        0.        0.17966   0.     ]
Acados SQP iterations: 1
RMPCC-MF diagnostics captured before infeasibility recovery.
RMPCC-MF failed-iterate infeasibility candidates:
  - {'constraint': 'row_g_hard_guard', 'stages': array([ 1,  2,  3,  4,  5,  6,  7,  8,  9, 10, 11, 12, 13, 14, 15, 16, 17,
       18, 19, 20]), 'minimum_residual': -0.17965750193595892}
RMPCC-MF inactive Row M stages are trivially feasible.
RMPCC-MF minimum box residuals [state | input]: 3.9e-08 | 0.0
SQP_RTI solver failed with status 4. Starting infeasible recovery.
Backup solver is unavailable; falling back to safe stop.
Applied nominal_safe_controller safe-stop plan after infeasible RMPCC-MF solve.
[RMPCC 0289] SAFE_STOP solve=216.7ms pose=(0.263,0.358,-0.901) u=(0.000,0.000) s=0.399 PSDFmin=-0.1787 G=FAIL(-0.1797) MF=inactive(active=0/20)
Acados solver failed with status 4
Acados residuals [stat, eq, ineq, comp]: [100.        0.        0.17966   0.     ]
Acados SQP iterations: 1
RMPCC-MF diagnostics captured before infeasibility recovery.
RMPCC-MF failed-iterate infeasibility candidates:
  - {'constraint': 'row_g_hard_guard', 'stages': array([ 1,  2,  3,  4,  5,  6,  7,  8,  9, 10, 11, 12, 13, 14, 15, 16, 17,
       18, 19, 20]), 'minimum_residual': -0.17965750193595892}
RMPCC-MF inactive Row M stages are trivially feasible.
RMPCC-MF minimum box residuals [state | input]: 3.9e-08 | 0.0
SQP_RTI solver failed with status 4. Starting infeasible recovery.
Backup solver is unavailable; falling back to safe stop.
Applied nominal_safe_controller safe-stop plan after infeasible RMPCC-MF solve.
[RMPCC 0290] SAFE_STOP solve=296.9ms pose=(0.263,0.358,-0.901) u=(0.000,0.000) s=0.399 PSDFmin=-0.1787 G=FAIL(-0.1797) MF=inactive(active=0/20)
Acados solver failed with status 4
Acados residuals [stat, eq, ineq, comp]: [100.        0.        0.17966   0.     ]
Acados SQP iterations: 1
RMPCC-MF diagnostics captured before infeasibility recovery.
RMPCC-MF failed-iterate infeasibility candidates:
  - {'constraint': 'row_g_hard_guard', 'stages': array([ 1,  2,  3,  4,  5,  6,  7,  8,  9, 10, 11, 12, 13, 14, 15, 16, 17,
       18, 19, 20]), 'minimum_residual': -0.17965750193595892}
RMPCC-MF inactive Row M stages are trivially feasible.
RMPCC-MF minimum box residuals [state | input]: 3.9e-08 | 0.0
SQP_RTI solver failed with status 4. Starting infeasible recovery.
Backup solver is unavailable; falling back to safe stop.
Applied nominal_safe_controller safe-stop plan after infeasible RMPCC-MF solve.
[RMPCC 0291] SAFE_STOP solve=219.2ms pose=(0.263,0.358,-0.901) u=(0.000,0.000) s=0.399 PSDFmin=-0.1787 G=FAIL(-0.1797) MF=inactive(active=0/20)
Acados solver failed with status 4
Acados residuals [stat, eq, ineq, comp]: [100.        0.        0.17966   0.     ]
Acados SQP iterations: 1
RMPCC-MF diagnostics captured before infeasibility recovery.
RMPCC-MF failed-iterate infeasibility candidates:
  - {'constraint': 'row_g_hard_guard', 'stages': array([ 1,  2,  3,  4,  5,  6,  7,  8,  9, 10, 11, 12, 13, 14, 15, 16, 17,
       18, 19, 20]), 'minimum_residual': -0.17965750193595892}
RMPCC-MF inactive Row M stages are trivially feasible.
RMPCC-MF minimum box residuals [state | input]: 3.9e-08 | 0.0
SQP_RTI solver failed with status 4. Starting infeasible recovery.
Backup solver is unavailable; falling back to safe stop.
Applied nominal_safe_controller safe-stop plan after infeasible RMPCC-MF solve.
[RMPCC 0292] SAFE_STOP solve=226.0ms pose=(0.263,0.358,-0.901) u=(0.000,0.000) s=0.399 PSDFmin=-0.1787 G=FAIL(-0.1797) MF=inactive(active=0/20)
Acados solver failed with status 4
Acados residuals [stat, eq, ineq, comp]: [100.        0.        0.17966   0.     ]
Acados SQP iterations: 1
RMPCC-MF diagnostics captured before infeasibility recovery.
RMPCC-MF failed-iterate infeasibility candidates:
  - {'constraint': 'row_g_hard_guard', 'stages': array([ 1,  2,  3,  4,  5,  6,  7,  8,  9, 10, 11, 12, 13, 14, 15, 16, 17,
       18, 19, 20]), 'minimum_residual': -0.17965750193595892}
RMPCC-MF inactive Row M stages are trivially feasible.
RMPCC-MF minimum box residuals [state | input]: 3.9e-08 | 0.0
SQP_RTI solver failed with status 4. Starting infeasible recovery.
Backup solver is unavailable; falling back to safe stop.
Applied nominal_safe_controller safe-stop plan after infeasible RMPCC-MF solve.
[RMPCC 0293] SAFE_STOP solve=250.1ms pose=(0.263,0.358,-0.901) u=(0.000,0.000) s=0.399 PSDFmin=-0.1787 G=FAIL(-0.1797) MF=inactive(active=0/20)
Acados solver failed with status 4
Acados residuals [stat, eq, ineq, comp]: [100.        0.        0.17966   0.     ]
Acados SQP iterations: 1
RMPCC-MF diagnostics captured before infeasibility recovery.
RMPCC-MF failed-iterate infeasibility candidates:
  - {'constraint': 'row_g_hard_guard', 'stages': array([ 1,  2,  3,  4,  5,  6,  7,  8,  9, 10, 11, 12, 13, 14, 15, 16, 17,
       18, 19, 20]), 'minimum_residual': -0.17965750193595892}
RMPCC-MF inactive Row M stages are trivially feasible.
RMPCC-MF minimum box residuals [state | input]: 3.9e-08 | 0.0
SQP_RTI solver failed with status 4. Starting infeasible recovery.
Backup solver is unavailable; falling back to safe stop.
Applied nominal_safe_controller safe-stop plan after infeasible RMPCC-MF solve.
[RMPCC 0294] SAFE_STOP solve=218.3ms pose=(0.263,0.358,-0.901) u=(0.000,0.000) s=0.399 PSDFmin=-0.1787 G=FAIL(-0.1797) MF=inactive(active=0/20)
Acados solver failed with status 4
Acados residuals [stat, eq, ineq, comp]: [100.        0.        0.17966   0.     ]
Acados SQP iterations: 1
RMPCC-MF diagnostics captured before infeasibility recovery.
RMPCC-MF failed-iterate infeasibility candidates:
  - {'constraint': 'row_g_hard_guard', 'stages': array([ 1,  2,  3,  4,  5,  6,  7,  8,  9, 10, 11, 12, 13, 14, 15, 16, 17,
       18, 19, 20]), 'minimum_residual': -0.17965750193595892}
RMPCC-MF inactive Row M stages are trivially feasible.
RMPCC-MF minimum box residuals [state | input]: 3.9e-08 | 0.0
SQP_RTI solver failed with status 4. Starting infeasible recovery.
Backup solver is unavailable; falling back to safe stop.
Applied nominal_safe_controller safe-stop plan after infeasible RMPCC-MF solve.
[RMPCC 0295] SAFE_STOP solve=224.8ms pose=(0.263,0.358,-0.901) u=(0.000,0.000) s=0.399 PSDFmin=-0.1787 G=FAIL(-0.1797) MF=inactive(active=0/20)
Acados solver failed with status 4
Acados residuals [stat, eq, ineq, comp]: [100.        0.        0.17966   0.     ]
Acados SQP iterations: 1
RMPCC-MF diagnostics captured before infeasibility recovery.
RMPCC-MF failed-iterate infeasibility candidates:
  - {'constraint': 'row_g_hard_guard', 'stages': array([ 1,  2,  3,  4,  5,  6,  7,  8,  9, 10, 11, 12, 13, 14, 15, 16, 17,
       18, 19, 20]), 'minimum_residual': -0.17965750193595892}
RMPCC-MF inactive Row M stages are trivially feasible.
RMPCC-MF minimum box residuals [state | input]: 3.9e-08 | 0.0
SQP_RTI solver failed with status 4. Starting infeasible recovery.
Backup solver is unavailable; falling back to safe stop.
Applied nominal_safe_controller safe-stop plan after infeasible RMPCC-MF solve.
[RMPCC 0296] SAFE_STOP solve=233.8ms pose=(0.263,0.358,-0.901) u=(0.000,0.000) s=0.399 PSDFmin=-0.1787 G=FAIL(-0.1797) MF=inactive(active=0/20)
Acados solver failed with status 4
Acados residuals [stat, eq, ineq, comp]: [100.        0.        0.17966   0.     ]
Acados SQP iterations: 1
RMPCC-MF diagnostics captured before infeasibility recovery.
RMPCC-MF failed-iterate infeasibility candidates:
  - {'constraint': 'row_g_hard_guard', 'stages': array([ 1,  2,  3,  4,  5,  6,  7,  8,  9, 10, 11, 12, 13, 14, 15, 16, 17,
       18, 19, 20]), 'minimum_residual': -0.17965750193595892}
RMPCC-MF inactive Row M stages are trivially feasible.
RMPCC-MF minimum box residuals [state | input]: 3.9e-08 | 0.0
SQP_RTI solver failed with status 4. Starting infeasible recovery.
Backup solver is unavailable; falling back to safe stop.
Applied nominal_safe_controller safe-stop plan after infeasible RMPCC-MF solve.
[RMPCC 0297] SAFE_STOP solve=223.5ms pose=(0.263,0.358,-0.901) u=(0.000,0.000) s=0.399 PSDFmin=-0.1787 G=FAIL(-0.1797) MF=inactive(active=0/20)
Acados solver failed with status 4
Acados residuals [stat, eq, ineq, comp]: [100.        0.        0.17966   0.     ]
Acados SQP iterations: 1
RMPCC-MF diagnostics captured before infeasibility recovery.
RMPCC-MF failed-iterate infeasibility candidates:
  - {'constraint': 'row_g_hard_guard', 'stages': array([ 1,  2,  3,  4,  5,  6,  7,  8,  9, 10, 11, 12, 13, 14, 15, 16, 17,
       18, 19, 20]), 'minimum_residual': -0.17965750193595892}
RMPCC-MF inactive Row M stages are trivially feasible.
RMPCC-MF minimum box residuals [state | input]: 3.9e-08 | 0.0
SQP_RTI solver failed with status 4. Starting infeasible recovery.
Backup solver is unavailable; falling back to safe stop.
Applied nominal_safe_controller safe-stop plan after infeasible RMPCC-MF solve.
[RMPCC 0298] SAFE_STOP solve=229.8ms pose=(0.263,0.358,-0.901) u=(0.000,0.000) s=0.399 PSDFmin=-0.1787 G=FAIL(-0.1797) MF=inactive(active=0/20)
Acados solver failed with status 4
Acados residuals [stat, eq, ineq, comp]: [100.        0.        0.17966   0.     ]
Acados SQP iterations: 1
RMPCC-MF diagnostics captured before infeasibility recovery.
RMPCC-MF failed-iterate infeasibility candidates:
  - {'constraint': 'row_g_hard_guard', 'stages': array([ 1,  2,  3,  4,  5,  6,  7,  8,  9, 10, 11, 12, 13, 14, 15, 16, 17,
       18, 19, 20]), 'minimum_residual': -0.17965750193595892}
RMPCC-MF inactive Row M stages are trivially feasible.
RMPCC-MF minimum box residuals [state | input]: 3.9e-08 | 0.0
SQP_RTI solver failed with status 4. Starting infeasible recovery.
Backup solver is unavailable; falling back to safe stop.
Applied nominal_safe_controller safe-stop plan after infeasible RMPCC-MF solve.
[RMPCC 0299] SAFE_STOP solve=220.5ms pose=(0.263,0.358,-0.901) u=(0.000,0.000) s=0.399 PSDFmin=-0.1787 G=FAIL(-0.1797) MF=inactive(active=0/20)
Acados solver failed with status 4
Acados residuals [stat, eq, ineq, comp]: [100.        0.        0.17966   0.     ]
Acados SQP iterations: 1
RMPCC-MF diagnostics captured before infeasibility recovery.
RMPCC-MF failed-iterate infeasibility candidates:
  - {'constraint': 'row_g_hard_guard', 'stages': array([ 1,  2,  3,  4,  5,  6,  7,  8,  9, 10, 11, 12, 13, 14, 15, 16, 17,
       18, 19, 20]), 'minimum_residual': -0.17965750193595892}
RMPCC-MF inactive Row M stages are trivially feasible.
RMPCC-MF minimum box residuals [state | input]: 3.9e-08 | 0.0
SQP_RTI solver failed with status 4. Starting infeasible recovery.
Backup solver is unavailable; falling back to safe stop.
Applied nominal_safe_controller safe-stop plan after infeasible RMPCC-MF solve.
[RMPCC 0300] SAFE_STOP solve=246.3ms pose=(0.263,0.358,-0.901) u=(0.000,0.000) s=0.399 PSDFmin=-0.1787 G=FAIL(-0.1797) MF=inactive(active=0/20)
Acados solver failed with status 4
Acados residuals [stat, eq, ineq, comp]: [100.        0.        0.17966   0.     ]
Acados SQP iterations: 1
RMPCC-MF diagnostics captured before infeasibility recovery.
RMPCC-MF failed-iterate infeasibility candidates:
  - {'constraint': 'row_g_hard_guard', 'stages': array([ 1,  2,  3,  4,  5,  6,  7,  8,  9, 10, 11, 12, 13, 14, 15, 16, 17,
       18, 19, 20]), 'minimum_residual': -0.17965750193595892}
RMPCC-MF inactive Row M stages are trivially feasible.
RMPCC-MF minimum box residuals [state | input]: 3.9e-08 | 0.0
SQP_RTI solver failed with status 4. Starting infeasible recovery.
Backup solver is unavailable; falling back to safe stop.
Applied nominal_safe_controller safe-stop plan after infeasible RMPCC-MF solve.
[RMPCC 0301] SAFE_STOP solve=219.8ms pose=(0.263,0.358,-0.901) u=(0.000,0.000) s=0.399 PSDFmin=-0.1787 G=FAIL(-0.1797) MF=inactive(active=0/20)
Acados solver failed with status 4
Acados residuals [stat, eq, ineq, comp]: [100.        0.        0.17966   0.     ]
Acados SQP iterations: 1
RMPCC-MF diagnostics captured before infeasibility recovery.
RMPCC-MF failed-iterate infeasibility candidates:
  - {'constraint': 'row_g_hard_guard', 'stages': array([ 1,  2,  3,  4,  5,  6,  7,  8,  9, 10, 11, 12, 13, 14, 15, 16, 17,
       18, 19, 20]), 'minimum_residual': -0.17965750193595892}
RMPCC-MF inactive Row M stages are trivially feasible.
RMPCC-MF minimum box residuals [state | input]: 3.9e-08 | 0.0
SQP_RTI solver failed with status 4. Starting infeasible recovery.
Backup solver is unavailable; falling back to safe stop.
Applied nominal_safe_controller safe-stop plan after infeasible RMPCC-MF solve.
[RMPCC 0302] SAFE_STOP solve=230.0ms pose=(0.263,0.358,-0.901) u=(0.000,0.000) s=0.399 PSDFmin=-0.1787 G=FAIL(-0.1797) MF=inactive(active=0/20)
Acados solver failed with status 4
Acados residuals [stat, eq, ineq, comp]: [100.        0.        0.17966   0.     ]
Acados SQP iterations: 1
RMPCC-MF diagnostics captured before infeasibility recovery.
RMPCC-MF failed-iterate infeasibility candidates:
  - {'constraint': 'row_g_hard_guard', 'stages': array([ 1,  2,  3,  4,  5,  6,  7,  8,  9, 10, 11, 12, 13, 14, 15, 16, 17,
       18, 19, 20]), 'minimum_residual': -0.17965750193595892}
RMPCC-MF inactive Row M stages are trivially feasible.
RMPCC-MF minimum box residuals [state | input]: 3.9e-08 | 0.0
SQP_RTI solver failed with status 4. Starting infeasible recovery.
Backup solver is unavailable; falling back to safe stop.
Applied nominal_safe_controller safe-stop plan after infeasible RMPCC-MF solve.
[RMPCC 0303] SAFE_STOP solve=252.1ms pose=(0.263,0.358,-0.901) u=(0.000,0.000) s=0.399 PSDFmin=-0.1787 G=FAIL(-0.1797) MF=inactive(active=0/20)
Acados solver failed with status 4
Acados residuals [stat, eq, ineq, comp]: [100.        0.        0.17966   0.     ]
Acados SQP iterations: 1
RMPCC-MF diagnostics captured before infeasibility recovery.
RMPCC-MF failed-iterate infeasibility candidates:
  - {'constraint': 'row_g_hard_guard', 'stages': array([ 1,  2,  3,  4,  5,  6,  7,  8,  9, 10, 11, 12, 13, 14, 15, 16, 17,
       18, 19, 20]), 'minimum_residual': -0.17965750193595892}
RMPCC-MF inactive Row M stages are trivially feasible.
RMPCC-MF minimum box residuals [state | input]: 3.9e-08 | 0.0
SQP_RTI solver failed with status 4. Starting infeasible recovery.
Backup solver is unavailable; falling back to safe stop.
Applied nominal_safe_controller safe-stop plan after infeasible RMPCC-MF solve.
[RMPCC 0304] SAFE_STOP solve=230.7ms pose=(0.263,0.358,-0.901) u=(0.000,0.000) s=0.399 PSDFmin=-0.1787 G=FAIL(-0.1797) MF=inactive(active=0/20)
Acados solver failed with status 4
Acados residuals [stat, eq, ineq, comp]: [100.        0.        0.17966   0.     ]
Acados SQP iterations: 1
RMPCC-MF diagnostics captured before infeasibility recovery.
RMPCC-MF failed-iterate infeasibility candidates:
  - {'constraint': 'row_g_hard_guard', 'stages': array([ 1,  2,  3,  4,  5,  6,  7,  8,  9, 10, 11, 12, 13, 14, 15, 16, 17,
       18, 19, 20]), 'minimum_residual': -0.17965750193595892}
RMPCC-MF inactive Row M stages are trivially feasible.
RMPCC-MF minimum box residuals [state | input]: 3.9e-08 | 0.0
SQP_RTI solver failed with status 4. Starting infeasible recovery.
Backup solver is unavailable; falling back to safe stop.
Applied nominal_safe_controller safe-stop plan after infeasible RMPCC-MF solve.
[RMPCC 0305] SAFE_STOP solve=223.5ms pose=(0.263,0.358,-0.901) u=(0.000,0.000) s=0.399 PSDFmin=-0.1787 G=FAIL(-0.1797) MF=inactive(active=0/20)
Acados solver failed with status 4
Acados residuals [stat, eq, ineq, comp]: [100.        0.        0.17966   0.     ]
Acados SQP iterations: 1
RMPCC-MF diagnostics captured before infeasibility recovery.
RMPCC-MF failed-iterate infeasibility candidates:
  - {'constraint': 'row_g_hard_guard', 'stages': array([ 1,  2,  3,  4,  5,  6,  7,  8,  9, 10, 11, 12, 13, 14, 15, 16, 17,
       18, 19, 20]), 'minimum_residual': -0.17965750193595892}
RMPCC-MF inactive Row M stages are trivially feasible.
RMPCC-MF minimum box residuals [state | input]: 3.9e-08 | 0.0
SQP_RTI solver failed with status 4. Starting infeasible recovery.
Backup solver is unavailable; falling back to safe stop.
Applied nominal_safe_controller safe-stop plan after infeasible RMPCC-MF solve.
[RMPCC 0306] SAFE_STOP solve=217.9ms pose=(0.263,0.358,-0.901) u=(0.000,0.000) s=0.399 PSDFmin=-0.1787 G=FAIL(-0.1797) MF=inactive(active=0/20)
Acados solver failed with status 4
Acados residuals [stat, eq, ineq, comp]: [100.        0.        0.17966   0.     ]
Acados SQP iterations: 1
RMPCC-MF diagnostics captured before infeasibility recovery.
RMPCC-MF failed-iterate infeasibility candidates:
  - {'constraint': 'row_g_hard_guard', 'stages': array([ 1,  2,  3,  4,  5,  6,  7,  8,  9, 10, 11, 12, 13, 14, 15, 16, 17,
       18, 19, 20]), 'minimum_residual': -0.17965750193595892}
RMPCC-MF inactive Row M stages are trivially feasible.
RMPCC-MF minimum box residuals [state | input]: 3.9e-08 | 0.0
SQP_RTI solver failed with status 4. Starting infeasible recovery.
Backup solver is unavailable; falling back to safe stop.
Applied nominal_safe_controller safe-stop plan after infeasible RMPCC-MF solve.
[RMPCC 0307] SAFE_STOP solve=212.0ms pose=(0.263,0.358,-0.901) u=(0.000,0.000) s=0.399 PSDFmin=-0.1787 G=FAIL(-0.1797) MF=inactive(active=0/20)
Acados solver failed with status 4
Acados residuals [stat, eq, ineq, comp]: [100.        0.        0.17966   0.     ]
Acados SQP iterations: 1
RMPCC-MF diagnostics captured before infeasibility recovery.
RMPCC-MF failed-iterate infeasibility candidates:
  - {'constraint': 'row_g_hard_guard', 'stages': array([ 1,  2,  3,  4,  5,  6,  7,  8,  9, 10, 11, 12, 13, 14, 15, 16, 17,
       18, 19, 20]), 'minimum_residual': -0.17965750193595892}
RMPCC-MF inactive Row M stages are trivially feasible.
RMPCC-MF minimum box residuals [state | input]: 3.9e-08 | 0.0
SQP_RTI solver failed with status 4. Starting infeasible recovery.
Backup solver is unavailable; falling back to safe stop.
Applied nominal_safe_controller safe-stop plan after infeasible RMPCC-MF solve.
[RMPCC 0308] SAFE_STOP solve=222.1ms pose=(0.263,0.358,-0.901) u=(0.000,0.000) s=0.399 PSDFmin=-0.1787 G=FAIL(-0.1797) MF=inactive(active=0/20)
Acados solver failed with status 4
Acados residuals [stat, eq, ineq, comp]: [100.        0.        0.17966   0.     ]
Acados SQP iterations: 1
RMPCC-MF diagnostics captured before infeasibility recovery.
RMPCC-MF failed-iterate infeasibility candidates:
  - {'constraint': 'row_g_hard_guard', 'stages': array([ 1,  2,  3,  4,  5,  6,  7,  8,  9, 10, 11, 12, 13, 14, 15, 16, 17,
       18, 19, 20]), 'minimum_residual': -0.17965750193595892}
RMPCC-MF inactive Row M stages are trivially feasible.
RMPCC-MF minimum box residuals [state | input]: 3.9e-08 | 0.0
SQP_RTI solver failed with status 4. Starting infeasible recovery.
Backup solver is unavailable; falling back to safe stop.
Applied nominal_safe_controller safe-stop plan after infeasible RMPCC-MF solve.
[RMPCC 0309] SAFE_STOP solve=213.9ms pose=(0.263,0.358,-0.901) u=(0.000,0.000) s=0.399 PSDFmin=-0.1787 G=FAIL(-0.1797) MF=inactive(active=0/20)
Acados solver failed with status 4
Acados residuals [stat, eq, ineq, comp]: [100.        0.        0.17966   0.     ]
Acados SQP iterations: 1
RMPCC-MF diagnostics captured before infeasibility recovery.
RMPCC-MF failed-iterate infeasibility candidates:
  - {'constraint': 'row_g_hard_guard', 'stages': array([ 1,  2,  3,  4,  5,  6,  7,  8,  9, 10, 11, 12, 13, 14, 15, 16, 17,
       18, 19, 20]), 'minimum_residual': -0.17965750193595892}
RMPCC-MF inactive Row M stages are trivially feasible.
RMPCC-MF minimum box residuals [state | input]: 3.9e-08 | 0.0
SQP_RTI solver failed with status 4. Starting infeasible recovery.
Backup solver is unavailable; falling back to safe stop.
Applied nominal_safe_controller safe-stop plan after infeasible RMPCC-MF solve.
[RMPCC 0310] SAFE_STOP solve=228.8ms pose=(0.263,0.358,-0.901) u=(0.000,0.000) s=0.399 PSDFmin=-0.1787 G=FAIL(-0.1797) MF=inactive(active=0/20)
Acados solver failed with status 4
Acados residuals [stat, eq, ineq, comp]: [100.        0.        0.17966   0.     ]
Acados SQP iterations: 1
RMPCC-MF diagnostics captured before infeasibility recovery.
RMPCC-MF failed-iterate infeasibility candidates:
  - {'constraint': 'row_g_hard_guard', 'stages': array([ 1,  2,  3,  4,  5,  6,  7,  8,  9, 10, 11, 12, 13, 14, 15, 16, 17,
       18, 19, 20]), 'minimum_residual': -0.17965750193595892}
RMPCC-MF inactive Row M stages are trivially feasible.
RMPCC-MF minimum box residuals [state | input]: 3.9e-08 | 0.0
SQP_RTI solver failed with status 4. Starting infeasible recovery.
Backup solver is unavailable; falling back to safe stop.
Applied nominal_safe_controller safe-stop plan after infeasible RMPCC-MF solve.
[RMPCC 0311] SAFE_STOP solve=234.3ms pose=(0.263,0.358,-0.901) u=(0.000,0.000) s=0.399 PSDFmin=-0.1787 G=FAIL(-0.1797) MF=inactive(active=0/20)
Acados solver failed with status 4
Acados residuals [stat, eq, ineq, comp]: [100.        0.        0.17966   0.     ]
Acados SQP iterations: 1
RMPCC-MF diagnostics captured before infeasibility recovery.
RMPCC-MF failed-iterate infeasibility candidates:
  - {'constraint': 'row_g_hard_guard', 'stages': array([ 1,  2,  3,  4,  5,  6,  7,  8,  9, 10, 11, 12, 13, 14, 15, 16, 17,
       18, 19, 20]), 'minimum_residual': -0.17965750193595892}
RMPCC-MF inactive Row M stages are trivially feasible.
RMPCC-MF minimum box residuals [state | input]: 3.9e-08 | 0.0
SQP_RTI solver failed with status 4. Starting infeasible recovery.
Backup solver is unavailable; falling back to safe stop.
Applied nominal_safe_controller safe-stop plan after infeasible RMPCC-MF solve.
[RMPCC 0312] SAFE_STOP solve=225.9ms pose=(0.263,0.358,-0.901) u=(0.000,0.000) s=0.399 PSDFmin=-0.1787 G=FAIL(-0.1797) MF=inactive(active=0/20)
Acados solver failed with status 4
Acados residuals [stat, eq, ineq, comp]: [100.        0.        0.17966   0.     ]
Acados SQP iterations: 1
RMPCC-MF diagnostics captured before infeasibility recovery.
RMPCC-MF failed-iterate infeasibility candidates:
  - {'constraint': 'row_g_hard_guard', 'stages': array([ 1,  2,  3,  4,  5,  6,  7,  8,  9, 10, 11, 12, 13, 14, 15, 16, 17,
       18, 19, 20]), 'minimum_residual': -0.17965750193595892}
RMPCC-MF inactive Row M stages are trivially feasible.
RMPCC-MF minimum box residuals [state | input]: 3.9e-08 | 0.0
SQP_RTI solver failed with status 4. Starting infeasible recovery.
Backup solver is unavailable; falling back to safe stop.
Applied nominal_safe_controller safe-stop plan after infeasible RMPCC-MF solve.
[RMPCC 0313] SAFE_STOP solve=228.0ms pose=(0.263,0.358,-0.901) u=(0.000,0.000) s=0.399 PSDFmin=-0.1787 G=FAIL(-0.1797) MF=inactive(active=0/20)
Acados solver failed with status 4
Acados residuals [stat, eq, ineq, comp]: [100.        0.        0.17966   0.     ]
Acados SQP iterations: 1
RMPCC-MF diagnostics captured before infeasibility recovery.
RMPCC-MF failed-iterate infeasibility candidates:
  - {'constraint': 'row_g_hard_guard', 'stages': array([ 1,  2,  3,  4,  5,  6,  7,  8,  9, 10, 11, 12, 13, 14, 15, 16, 17,
       18, 19, 20]), 'minimum_residual': -0.17965750193595892}
RMPCC-MF inactive Row M stages are trivially feasible.
RMPCC-MF minimum box residuals [state | input]: 3.9e-08 | 0.0
SQP_RTI solver failed with status 4. Starting infeasible recovery.
Backup solver is unavailable; falling back to safe stop.
Applied nominal_safe_controller safe-stop plan after infeasible RMPCC-MF solve.
[RMPCC 0314] SAFE_STOP solve=244.1ms pose=(0.263,0.358,-0.901) u=(0.000,0.000) s=0.399 PSDFmin=-0.1787 G=FAIL(-0.1797) MF=inactive(active=0/20)
Acados solver failed with status 4
Acados residuals [stat, eq, ineq, comp]: [100.        0.        0.17966   0.     ]
Acados SQP iterations: 1
RMPCC-MF diagnostics captured before infeasibility recovery.
RMPCC-MF failed-iterate infeasibility candidates:
  - {'constraint': 'row_g_hard_guard', 'stages': array([ 1,  2,  3,  4,  5,  6,  7,  8,  9, 10, 11, 12, 13, 14, 15, 16, 17,
       18, 19, 20]), 'minimum_residual': -0.17965750193595892}
RMPCC-MF inactive Row M stages are trivially feasible.
RMPCC-MF minimum box residuals [state | input]: 3.9e-08 | 0.0
SQP_RTI solver failed with status 4. Starting infeasible recovery.
Backup solver is unavailable; falling back to safe stop.
Applied nominal_safe_controller safe-stop plan after infeasible RMPCC-MF solve.
[RMPCC 0315] SAFE_STOP solve=225.4ms pose=(0.263,0.358,-0.901) u=(0.000,0.000) s=0.399 PSDFmin=-0.1787 G=FAIL(-0.1797) MF=inactive(active=0/20)
Acados solver failed with status 4
Acados residuals [stat, eq, ineq, comp]: [100.        0.        0.17966   0.     ]
Acados SQP iterations: 1
RMPCC-MF diagnostics captured before infeasibility recovery.
RMPCC-MF failed-iterate infeasibility candidates:
  - {'constraint': 'row_g_hard_guard', 'stages': array([ 1,  2,  3,  4,  5,  6,  7,  8,  9, 10, 11, 12, 13, 14, 15, 16, 17,
       18, 19, 20]), 'minimum_residual': -0.17965750193595892}
RMPCC-MF inactive Row M stages are trivially feasible.
RMPCC-MF minimum box residuals [state | input]: 3.9e-08 | 0.0
SQP_RTI solver failed with status 4. Starting infeasible recovery.
Backup solver is unavailable; falling back to safe stop.
Applied nominal_safe_controller safe-stop plan after infeasible RMPCC-MF solve.
[RMPCC 0316] SAFE_STOP solve=228.5ms pose=(0.263,0.358,-0.901) u=(0.000,0.000) s=0.399 PSDFmin=-0.1787 G=FAIL(-0.1797) MF=inactive(active=0/20)
Acados solver failed with status 4
Acados residuals [stat, eq, ineq, comp]: [100.        0.        0.17966   0.     ]
Acados SQP iterations: 1
RMPCC-MF diagnostics captured before infeasibility recovery.
RMPCC-MF failed-iterate infeasibility candidates:
  - {'constraint': 'row_g_hard_guard', 'stages': array([ 1,  2,  3,  4,  5,  6,  7,  8,  9, 10, 11, 12, 13, 14, 15, 16, 17,
       18, 19, 20]), 'minimum_residual': -0.17965750193595892}
RMPCC-MF inactive Row M stages are trivially feasible.
RMPCC-MF minimum box residuals [state | input]: 3.9e-08 | 0.0
SQP_RTI solver failed with status 4. Starting infeasible recovery.
Backup solver is unavailable; falling back to safe stop.
Applied nominal_safe_controller safe-stop plan after infeasible RMPCC-MF solve.
[RMPCC 0317] SAFE_STOP solve=224.5ms pose=(0.263,0.358,-0.901) u=(0.000,0.000) s=0.399 PSDFmin=-0.1787 G=FAIL(-0.1797) MF=inactive(active=0/20)
Acados solver failed with status 4
Acados residuals [stat, eq, ineq, comp]: [100.        0.        0.17966   0.     ]
Acados SQP iterations: 1
RMPCC-MF diagnostics captured before infeasibility recovery.
RMPCC-MF failed-iterate infeasibility candidates:
  - {'constraint': 'row_g_hard_guard', 'stages': array([ 1,  2,  3,  4,  5,  6,  7,  8,  9, 10, 11, 12, 13, 14, 15, 16, 17,
       18, 19, 20]), 'minimum_residual': -0.17965750193595892}
RMPCC-MF inactive Row M stages are trivially feasible.
RMPCC-MF minimum box residuals [state | input]: 3.9e-08 | 0.0
SQP_RTI solver failed with status 4. Starting infeasible recovery.
Backup solver is unavailable; falling back to safe stop.
Applied nominal_safe_controller safe-stop plan after infeasible RMPCC-MF solve.
[RMPCC 0318] SAFE_STOP solve=227.0ms pose=(0.263,0.358,-0.901) u=(0.000,0.000) s=0.399 PSDFmin=-0.1787 G=FAIL(-0.1797) MF=inactive(active=0/20)
Acados solver failed with status 4
Acados residuals [stat, eq, ineq, comp]: [100.        0.        0.17966   0.     ]
Acados SQP iterations: 1
RMPCC-MF diagnostics captured before infeasibility recovery.
RMPCC-MF failed-iterate infeasibility candidates:
  - {'constraint': 'row_g_hard_guard', 'stages': array([ 1,  2,  3,  4,  5,  6,  7,  8,  9, 10, 11, 12, 13, 14, 15, 16, 17,
       18, 19, 20]), 'minimum_residual': -0.17965750193595892}
RMPCC-MF inactive Row M stages are trivially feasible.
RMPCC-MF minimum box residuals [state | input]: 3.9e-08 | 0.0
SQP_RTI solver failed with status 4. Starting infeasible recovery.
Backup solver is unavailable; falling back to safe stop.
Applied nominal_safe_controller safe-stop plan after infeasible RMPCC-MF solve.
[RMPCC 0319] SAFE_STOP solve=232.4ms pose=(0.263,0.358,-0.901) u=(0.000,0.000) s=0.399 PSDFmin=-0.1787 G=FAIL(-0.1797) MF=inactive(active=0/20)
Acados solver failed with status 4
Acados residuals [stat, eq, ineq, comp]: [100.        0.        0.17966   0.     ]
Acados SQP iterations: 1
RMPCC-MF diagnostics captured before infeasibility recovery.
RMPCC-MF failed-iterate infeasibility candidates:
  - {'constraint': 'row_g_hard_guard', 'stages': array([ 1,  2,  3,  4,  5,  6,  7,  8,  9, 10, 11, 12, 13, 14, 15, 16, 17,
       18, 19, 20]), 'minimum_residual': -0.17965750193595892}
RMPCC-MF inactive Row M stages are trivially feasible.
RMPCC-MF minimum box residuals [state | input]: 3.9e-08 | 0.0
SQP_RTI solver failed with status 4. Starting infeasible recovery.
Backup solver is unavailable; falling back to safe stop.
Applied nominal_safe_controller safe-stop plan after infeasible RMPCC-MF solve.
[RMPCC 0320] SAFE_STOP solve=231.6ms pose=(0.263,0.358,-0.901) u=(0.000,0.000) s=0.399 PSDFmin=-0.1787 G=FAIL(-0.1797) MF=inactive(active=0/20)
Acados solver failed with status 4
Acados residuals [stat, eq, ineq, comp]: [100.        0.        0.17966   0.     ]
Acados SQP iterations: 1
RMPCC-MF diagnostics captured before infeasibility recovery.
RMPCC-MF failed-iterate infeasibility candidates:
  - {'constraint': 'row_g_hard_guard', 'stages': array([ 1,  2,  3,  4,  5,  6,  7,  8,  9, 10, 11, 12, 13, 14, 15, 16, 17,
       18, 19, 20]), 'minimum_residual': -0.17965750193595892}
RMPCC-MF inactive Row M stages are trivially feasible.
RMPCC-MF minimum box residuals [state | input]: 3.9e-08 | 0.0
SQP_RTI solver failed with status 4. Starting infeasible recovery.
Backup solver is unavailable; falling back to safe stop.
Applied nominal_safe_controller safe-stop plan after infeasible RMPCC-MF solve.
[RMPCC 0321] SAFE_STOP solve=223.7ms pose=(0.263,0.358,-0.901) u=(0.000,0.000) s=0.399 PSDFmin=-0.1787 G=FAIL(-0.1797) MF=inactive(active=0/20)
Acados solver failed with status 4
Acados residuals [stat, eq, ineq, comp]: [100.        0.        0.17966   0.     ]
Acados SQP iterations: 1
RMPCC-MF diagnostics captured before infeasibility recovery.
RMPCC-MF failed-iterate infeasibility candidates:
  - {'constraint': 'row_g_hard_guard', 'stages': array([ 1,  2,  3,  4,  5,  6,  7,  8,  9, 10, 11, 12, 13, 14, 15, 16, 17,
       18, 19, 20]), 'minimum_residual': -0.17965750193595892}
RMPCC-MF inactive Row M stages are trivially feasible.
RMPCC-MF minimum box residuals [state | input]: 3.9e-08 | 0.0
SQP_RTI solver failed with status 4. Starting infeasible recovery.
Backup solver is unavailable; falling back to safe stop.
Applied nominal_safe_controller safe-stop plan after infeasible RMPCC-MF solve.
[RMPCC 0322] SAFE_STOP solve=229.7ms pose=(0.263,0.358,-0.901) u=(0.000,0.000) s=0.399 PSDFmin=-0.1787 G=FAIL(-0.1797) MF=inactive(active=0/20)
Acados solver failed with status 4
Acados residuals [stat, eq, ineq, comp]: [100.        0.        0.17966   0.     ]
Acados SQP iterations: 1
RMPCC-MF diagnostics captured before infeasibility recovery.
RMPCC-MF failed-iterate infeasibility candidates:
  - {'constraint': 'row_g_hard_guard', 'stages': array([ 1,  2,  3,  4,  5,  6,  7,  8,  9, 10, 11, 12, 13, 14, 15, 16, 17,
       18, 19, 20]), 'minimum_residual': -0.17965750193595892}
RMPCC-MF inactive Row M stages are trivially feasible.
RMPCC-MF minimum box residuals [state | input]: 3.9e-08 | 0.0
SQP_RTI solver failed with status 4. Starting infeasible recovery.
Backup solver is unavailable; falling back to safe stop.
Applied nominal_safe_controller safe-stop plan after infeasible RMPCC-MF solve.
[RMPCC 0323] SAFE_STOP solve=231.2ms pose=(0.263,0.358,-0.901) u=(0.000,0.000) s=0.399 PSDFmin=-0.1787 G=FAIL(-0.1797) MF=inactive(active=0/20)
Acados solver failed with status 4
Acados residuals [stat, eq, ineq, comp]: [100.        0.        0.17966   0.     ]
Acados SQP iterations: 1
RMPCC-MF diagnostics captured before infeasibility recovery.
RMPCC-MF failed-iterate infeasibility candidates:
  - {'constraint': 'row_g_hard_guard', 'stages': array([ 1,  2,  3,  4,  5,  6,  7,  8,  9, 10, 11, 12, 13, 14, 15, 16, 17,
       18, 19, 20]), 'minimum_residual': -0.17965750193595892}
RMPCC-MF inactive Row M stages are trivially feasible.
RMPCC-MF minimum box residuals [state | input]: 3.9e-08 | 0.0
SQP_RTI solver failed with status 4. Starting infeasible recovery.
Backup solver is unavailable; falling back to safe stop.
Applied nominal_safe_controller safe-stop plan after infeasible RMPCC-MF solve.
[RMPCC 0324] SAFE_STOP solve=231.2ms pose=(0.263,0.358,-0.901) u=(0.000,0.000) s=0.399 PSDFmin=-0.1787 G=FAIL(-0.1797) MF=inactive(active=0/20)
Acados solver failed with status 4
Acados residuals [stat, eq, ineq, comp]: [100.        0.        0.17966   0.     ]
Acados SQP iterations: 1
RMPCC-MF diagnostics captured before infeasibility recovery.
RMPCC-MF failed-iterate infeasibility candidates:
  - {'constraint': 'row_g_hard_guard', 'stages': array([ 1,  2,  3,  4,  5,  6,  7,  8,  9, 10, 11, 12, 13, 14, 15, 16, 17,
       18, 19, 20]), 'minimum_residual': -0.17965750193595892}
RMPCC-MF inactive Row M stages are trivially feasible.
RMPCC-MF minimum box residuals [state | input]: 3.9e-08 | 0.0
SQP_RTI solver failed with status 4. Starting infeasible recovery.
Backup solver is unavailable; falling back to safe stop.
Applied nominal_safe_controller safe-stop plan after infeasible RMPCC-MF solve.
[RMPCC 0325] SAFE_STOP solve=222.8ms pose=(0.263,0.358,-0.901) u=(0.000,0.000) s=0.399 PSDFmin=-0.1787 G=FAIL(-0.1797) MF=inactive(active=0/20)
Acados solver failed with status 4
Acados residuals [stat, eq, ineq, comp]: [100.        0.        0.17966   0.     ]
Acados SQP iterations: 1
RMPCC-MF diagnostics captured before infeasibility recovery.
RMPCC-MF failed-iterate infeasibility candidates:
  - {'constraint': 'row_g_hard_guard', 'stages': array([ 1,  2,  3,  4,  5,  6,  7,  8,  9, 10, 11, 12, 13, 14, 15, 16, 17,
       18, 19, 20]), 'minimum_residual': -0.17965750193595892}
RMPCC-MF inactive Row M stages are trivially feasible.
RMPCC-MF minimum box residuals [state | input]: 3.9e-08 | 0.0
SQP_RTI solver failed with status 4. Starting infeasible recovery.
Backup solver is unavailable; falling back to safe stop.
Applied nominal_safe_controller safe-stop plan after infeasible RMPCC-MF solve.
[RMPCC 0326] SAFE_STOP solve=225.8ms pose=(0.263,0.358,-0.901) u=(0.000,0.000) s=0.399 PSDFmin=-0.1787 G=FAIL(-0.1797) MF=inactive(active=0/20)
Acados solver failed with status 4
Acados residuals [stat, eq, ineq, comp]: [100.        0.        0.17966   0.     ]
Acados SQP iterations: 1
RMPCC-MF diagnostics captured before infeasibility recovery.
RMPCC-MF failed-iterate infeasibility candidates:
  - {'constraint': 'row_g_hard_guard', 'stages': array([ 1,  2,  3,  4,  5,  6,  7,  8,  9, 10, 11, 12, 13, 14, 15, 16, 17,
       18, 19, 20]), 'minimum_residual': -0.17965750193595892}
RMPCC-MF inactive Row M stages are trivially feasible.
RMPCC-MF minimum box residuals [state | input]: 3.9e-08 | 0.0
SQP_RTI solver failed with status 4. Starting infeasible recovery.
Backup solver is unavailable; falling back to safe stop.
Applied nominal_safe_controller safe-stop plan after infeasible RMPCC-MF solve.
[RMPCC 0327] SAFE_STOP solve=223.3ms pose=(0.263,0.358,-0.901) u=(0.000,0.000) s=0.399 PSDFmin=-0.1787 G=FAIL(-0.1797) MF=inactive(active=0/20)
Acados solver failed with status 4
Acados residuals [stat, eq, ineq, comp]: [100.        0.        0.17966   0.     ]
Acados SQP iterations: 1
RMPCC-MF diagnostics captured before infeasibility recovery.
RMPCC-MF failed-iterate infeasibility candidates:
  - {'constraint': 'row_g_hard_guard', 'stages': array([ 1,  2,  3,  4,  5,  6,  7,  8,  9, 10, 11, 12, 13, 14, 15, 16, 17,
       18, 19, 20]), 'minimum_residual': -0.17965750193595892}
RMPCC-MF inactive Row M stages are trivially feasible.
RMPCC-MF minimum box residuals [state | input]: 3.9e-08 | 0.0
SQP_RTI solver failed with status 4. Starting infeasible recovery.
Backup solver is unavailable; falling back to safe stop.
Applied nominal_safe_controller safe-stop plan after infeasible RMPCC-MF solve.
[RMPCC 0328] SAFE_STOP solve=241.1ms pose=(0.263,0.358,-0.901) u=(0.000,0.000) s=0.399 PSDFmin=-0.1787 G=FAIL(-0.1797) MF=inactive(active=0/20)
Acados solver failed with status 4
Acados residuals [stat, eq, ineq, comp]: [100.        0.        0.17966   0.     ]
Acados SQP iterations: 1
RMPCC-MF diagnostics captured before infeasibility recovery.
RMPCC-MF failed-iterate infeasibility candidates:
  - {'constraint': 'row_g_hard_guard', 'stages': array([ 1,  2,  3,  4,  5,  6,  7,  8,  9, 10, 11, 12, 13, 14, 15, 16, 17,
       18, 19, 20]), 'minimum_residual': -0.17965750193595892}
RMPCC-MF inactive Row M stages are trivially feasible.
RMPCC-MF minimum box residuals [state | input]: 3.9e-08 | 0.0
SQP_RTI solver failed with status 4. Starting infeasible recovery.
Backup solver is unavailable; falling back to safe stop.
Applied nominal_safe_controller safe-stop plan after infeasible RMPCC-MF solve.
[RMPCC 0329] SAFE_STOP solve=229.9ms pose=(0.263,0.358,-0.901) u=(0.000,0.000) s=0.399 PSDFmin=-0.1787 G=FAIL(-0.1797) MF=inactive(active=0/20)
Acados solver failed with status 4
Acados residuals [stat, eq, ineq, comp]: [100.        0.        0.17966   0.     ]
Acados SQP iterations: 1
RMPCC-MF diagnostics captured before infeasibility recovery.
RMPCC-MF failed-iterate infeasibility candidates:
  - {'constraint': 'row_g_hard_guard', 'stages': array([ 1,  2,  3,  4,  5,  6,  7,  8,  9, 10, 11, 12, 13, 14, 15, 16, 17,
       18, 19, 20]), 'minimum_residual': -0.17965750193595892}
RMPCC-MF inactive Row M stages are trivially feasible.
RMPCC-MF minimum box residuals [state | input]: 3.9e-08 | 0.0
SQP_RTI solver failed with status 4. Starting infeasible recovery.
Backup solver is unavailable; falling back to safe stop.
Applied nominal_safe_controller safe-stop plan after infeasible RMPCC-MF solve.
[RMPCC 0330] SAFE_STOP solve=220.4ms pose=(0.263,0.358,-0.901) u=(0.000,0.000) s=0.399 PSDFmin=-0.1787 G=FAIL(-0.1797) MF=inactive(active=0/20)
Acados solver failed with status 4
Acados residuals [stat, eq, ineq, comp]: [100.        0.        0.17966   0.     ]
Acados SQP iterations: 1
RMPCC-MF diagnostics captured before infeasibility recovery.
RMPCC-MF failed-iterate infeasibility candidates:
  - {'constraint': 'row_g_hard_guard', 'stages': array([ 1,  2,  3,  4,  5,  6,  7,  8,  9, 10, 11, 12, 13, 14, 15, 16, 17,
       18, 19, 20]), 'minimum_residual': -0.17965750193595892}
RMPCC-MF inactive Row M stages are trivially feasible.
RMPCC-MF minimum box residuals [state | input]: 3.9e-08 | 0.0
SQP_RTI solver failed with status 4. Starting infeasible recovery.
Backup solver is unavailable; falling back to safe stop.
Applied nominal_safe_controller safe-stop plan after infeasible RMPCC-MF solve.
[RMPCC 0331] SAFE_STOP solve=215.7ms pose=(0.263,0.358,-0.901) u=(0.000,0.000) s=0.399 PSDFmin=-0.1787 G=FAIL(-0.1797) MF=inactive(active=0/20)
Acados solver failed with status 4
Acados residuals [stat, eq, ineq, comp]: [100.        0.        0.17966   0.     ]
Acados SQP iterations: 1
RMPCC-MF diagnostics captured before infeasibility recovery.
RMPCC-MF failed-iterate infeasibility candidates:
  - {'constraint': 'row_g_hard_guard', 'stages': array([ 1,  2,  3,  4,  5,  6,  7,  8,  9, 10, 11, 12, 13, 14, 15, 16, 17,
       18, 19, 20]), 'minimum_residual': -0.17965750193595892}
RMPCC-MF inactive Row M stages are trivially feasible.
RMPCC-MF minimum box residuals [state | input]: 3.9e-08 | 0.0
SQP_RTI solver failed with status 4. Starting infeasible recovery.
Backup solver is unavailable; falling back to safe stop.
Applied nominal_safe_controller safe-stop plan after infeasible RMPCC-MF solve.
[RMPCC 0332] SAFE_STOP solve=222.1ms pose=(0.263,0.358,-0.901) u=(0.000,0.000) s=0.399 PSDFmin=-0.1787 G=FAIL(-0.1797) MF=inactive(active=0/20)
Acados solver failed with status 4
Acados residuals [stat, eq, ineq, comp]: [100.        0.        0.17966   0.     ]
Acados SQP iterations: 1
RMPCC-MF diagnostics captured before infeasibility recovery.
RMPCC-MF failed-iterate infeasibility candidates:
  - {'constraint': 'row_g_hard_guard', 'stages': array([ 1,  2,  3,  4,  5,  6,  7,  8,  9, 10, 11, 12, 13, 14, 15, 16, 17,
       18, 19, 20]), 'minimum_residual': -0.17965750193595892}
RMPCC-MF inactive Row M stages are trivially feasible.
RMPCC-MF minimum box residuals [state | input]: 3.9e-08 | 0.0
SQP_RTI solver failed with status 4. Starting infeasible recovery.
Backup solver is unavailable; falling back to safe stop.
Applied nominal_safe_controller safe-stop plan after infeasible RMPCC-MF solve.
[RMPCC 0333] SAFE_STOP solve=225.6ms pose=(0.263,0.358,-0.901) u=(0.000,0.000) s=0.399 PSDFmin=-0.1787 G=FAIL(-0.1797) MF=inactive(active=0/20)
Acados solver failed with status 4
Acados residuals [stat, eq, ineq, comp]: [100.        0.        0.17966   0.     ]
Acados SQP iterations: 1
RMPCC-MF diagnostics captured before infeasibility recovery.
RMPCC-MF failed-iterate infeasibility candidates:
  - {'constraint': 'row_g_hard_guard', 'stages': array([ 1,  2,  3,  4,  5,  6,  7,  8,  9, 10, 11, 12, 13, 14, 15, 16, 17,
       18, 19, 20]), 'minimum_residual': -0.17965750193595892}
RMPCC-MF inactive Row M stages are trivially feasible.
RMPCC-MF minimum box residuals [state | input]: 3.9e-08 | 0.0
SQP_RTI solver failed with status 4. Starting infeasible recovery.
Backup solver is unavailable; falling back to safe stop.
Applied nominal_safe_controller safe-stop plan after infeasible RMPCC-MF solve.
[RMPCC 0334] SAFE_STOP solve=231.0ms pose=(0.263,0.358,-0.901) u=(0.000,0.000) s=0.399 PSDFmin=-0.1787 G=FAIL(-0.1797) MF=inactive(active=0/20)
Acados solver failed with status 4
Acados residuals [stat, eq, ineq, comp]: [100.        0.        0.17966   0.     ]
Acados SQP iterations: 1
RMPCC-MF diagnostics captured before infeasibility recovery.
RMPCC-MF failed-iterate infeasibility candidates:
  - {'constraint': 'row_g_hard_guard', 'stages': array([ 1,  2,  3,  4,  5,  6,  7,  8,  9, 10, 11, 12, 13, 14, 15, 16, 17,
       18, 19, 20]), 'minimum_residual': -0.17965750193595892}
RMPCC-MF inactive Row M stages are trivially feasible.
RMPCC-MF minimum box residuals [state | input]: 3.9e-08 | 0.0
SQP_RTI solver failed with status 4. Starting infeasible recovery.
Backup solver is unavailable; falling back to safe stop.
Applied nominal_safe_controller safe-stop plan after infeasible RMPCC-MF solve.
[RMPCC 0335] SAFE_STOP solve=237.6ms pose=(0.263,0.358,-0.901) u=(0.000,0.000) s=0.399 PSDFmin=-0.1787 G=FAIL(-0.1797) MF=inactive(active=0/20)
Acados solver failed with status 4
Acados residuals [stat, eq, ineq, comp]: [100.        0.        0.17966   0.     ]
Acados SQP iterations: 1
RMPCC-MF diagnostics captured before infeasibility recovery.
RMPCC-MF failed-iterate infeasibility candidates:
  - {'constraint': 'row_g_hard_guard', 'stages': array([ 1,  2,  3,  4,  5,  6,  7,  8,  9, 10, 11, 12, 13, 14, 15, 16, 17,
       18, 19, 20]), 'minimum_residual': -0.17965750193595892}
RMPCC-MF inactive Row M stages are trivially feasible.
RMPCC-MF minimum box residuals [state | input]: 3.9e-08 | 0.0
SQP_RTI solver failed with status 4. Starting infeasible recovery.
Backup solver is unavailable; falling back to safe stop.
Applied nominal_safe_controller safe-stop plan after infeasible RMPCC-MF solve.
[RMPCC 0336] SAFE_STOP solve=210.9ms pose=(0.263,0.358,-0.901) u=(0.000,0.000) s=0.399 PSDFmin=-0.1787 G=FAIL(-0.1797) MF=inactive(active=0/20)
Acados solver failed with status 4
Acados residuals [stat, eq, ineq, comp]: [100.        0.        0.17966   0.     ]
Acados SQP iterations: 1
RMPCC-MF diagnostics captured before infeasibility recovery.
RMPCC-MF failed-iterate infeasibility candidates:
  - {'constraint': 'row_g_hard_guard', 'stages': array([ 1,  2,  3,  4,  5,  6,  7,  8,  9, 10, 11, 12, 13, 14, 15, 16, 17,
       18, 19, 20]), 'minimum_residual': -0.17965750193595892}
RMPCC-MF inactive Row M stages are trivially feasible.
RMPCC-MF minimum box residuals [state | input]: 3.9e-08 | 0.0
SQP_RTI solver failed with status 4. Starting infeasible recovery.
Backup solver is unavailable; falling back to safe stop.
Applied nominal_safe_controller safe-stop plan after infeasible RMPCC-MF solve.
[RMPCC 0337] SAFE_STOP solve=230.5ms pose=(0.263,0.358,-0.901) u=(0.000,0.000) s=0.399 PSDFmin=-0.1787 G=FAIL(-0.1797) MF=inactive(active=0/20)
Acados solver failed with status 4
Acados residuals [stat, eq, ineq, comp]: [100.        0.        0.17966   0.     ]
Acados SQP iterations: 1
RMPCC-MF diagnostics captured before infeasibility recovery.
RMPCC-MF failed-iterate infeasibility candidates:
  - {'constraint': 'row_g_hard_guard', 'stages': array([ 1,  2,  3,  4,  5,  6,  7,  8,  9, 10, 11, 12, 13, 14, 15, 16, 17,
       18, 19, 20]), 'minimum_residual': -0.17965750193595892}
RMPCC-MF inactive Row M stages are trivially feasible.
RMPCC-MF minimum box residuals [state | input]: 3.9e-08 | 0.0
SQP_RTI solver failed with status 4. Starting infeasible recovery.
Backup solver is unavailable; falling back to safe stop.
Applied nominal_safe_controller safe-stop plan after infeasible RMPCC-MF solve.
[RMPCC 0338] SAFE_STOP solve=222.8ms pose=(0.263,0.358,-0.901) u=(0.000,0.000) s=0.399 PSDFmin=-0.1787 G=FAIL(-0.1797) MF=inactive(active=0/20)
Acados solver failed with status 4
Acados residuals [stat, eq, ineq, comp]: [100.        0.        0.17966   0.     ]
Acados SQP iterations: 1
RMPCC-MF diagnostics captured before infeasibility recovery.
RMPCC-MF failed-iterate infeasibility candidates:
  - {'constraint': 'row_g_hard_guard', 'stages': array([ 1,  2,  3,  4,  5,  6,  7,  8,  9, 10, 11, 12, 13, 14, 15, 16, 17,
       18, 19, 20]), 'minimum_residual': -0.17965750193595892}
RMPCC-MF inactive Row M stages are trivially feasible.
RMPCC-MF minimum box residuals [state | input]: 3.9e-08 | 0.0
SQP_RTI solver failed with status 4. Starting infeasible recovery.
Backup solver is unavailable; falling back to safe stop.
Applied nominal_safe_controller safe-stop plan after infeasible RMPCC-MF solve.
[RMPCC 0339] SAFE_STOP solve=217.6ms pose=(0.263,0.358,-0.901) u=(0.000,0.000) s=0.399 PSDFmin=-0.1787 G=FAIL(-0.1797) MF=inactive(active=0/20)
Acados solver failed with status 4
Acados residuals [stat, eq, ineq, comp]: [100.        0.        0.17966   0.     ]
Acados SQP iterations: 1
RMPCC-MF diagnostics captured before infeasibility recovery.
RMPCC-MF failed-iterate infeasibility candidates:
  - {'constraint': 'row_g_hard_guard', 'stages': array([ 1,  2,  3,  4,  5,  6,  7,  8,  9, 10, 11, 12, 13, 14, 15, 16, 17,
       18, 19, 20]), 'minimum_residual': -0.17965750193595892}
RMPCC-MF inactive Row M stages are trivially feasible.
RMPCC-MF minimum box residuals [state | input]: 3.9e-08 | 0.0
SQP_RTI solver failed with status 4. Starting infeasible recovery.
Backup solver is unavailable; falling back to safe stop.
Applied nominal_safe_controller safe-stop plan after infeasible RMPCC-MF solve.
[RMPCC 0340] SAFE_STOP solve=217.9ms pose=(0.263,0.358,-0.901) u=(0.000,0.000) s=0.399 PSDFmin=-0.1787 G=FAIL(-0.1797) MF=inactive(active=0/20)
Acados solver failed with status 4
Acados residuals [stat, eq, ineq, comp]: [100.        0.        0.17966   0.     ]
Acados SQP iterations: 1
RMPCC-MF diagnostics captured before infeasibility recovery.
RMPCC-MF failed-iterate infeasibility candidates:
  - {'constraint': 'row_g_hard_guard', 'stages': array([ 1,  2,  3,  4,  5,  6,  7,  8,  9, 10, 11, 12, 13, 14, 15, 16, 17,
       18, 19, 20]), 'minimum_residual': -0.17965750193595892}
RMPCC-MF inactive Row M stages are trivially feasible.
RMPCC-MF minimum box residuals [state | input]: 3.9e-08 | 0.0
SQP_RTI solver failed with status 4. Starting infeasible recovery.
Backup solver is unavailable; falling back to safe stop.
Applied nominal_safe_controller safe-stop plan after infeasible RMPCC-MF solve.
[RMPCC 0341] SAFE_STOP solve=231.6ms pose=(0.263,0.358,-0.901) u=(0.000,0.000) s=0.399 PSDFmin=-0.1787 G=FAIL(-0.1797) MF=inactive(active=0/20)
Acados solver failed with status 4
Acados residuals [stat, eq, ineq, comp]: [100.        0.        0.17966   0.     ]
Acados SQP iterations: 1
RMPCC-MF diagnostics captured before infeasibility recovery.
RMPCC-MF failed-iterate infeasibility candidates:
  - {'constraint': 'row_g_hard_guard', 'stages': array([ 1,  2,  3,  4,  5,  6,  7,  8,  9, 10, 11, 12, 13, 14, 15, 16, 17,
       18, 19, 20]), 'minimum_residual': -0.17965750193595892}
RMPCC-MF inactive Row M stages are trivially feasible.
RMPCC-MF minimum box residuals [state | input]: 3.9e-08 | 0.0
SQP_RTI solver failed with status 4. Starting infeasible recovery.
Backup solver is unavailable; falling back to safe stop.
Applied nominal_safe_controller safe-stop plan after infeasible RMPCC-MF solve.
[RMPCC 0342] SAFE_STOP solve=243.2ms pose=(0.263,0.358,-0.901) u=(0.000,0.000) s=0.399 PSDFmin=-0.1787 G=FAIL(-0.1797) MF=inactive(active=0/20)
Acados solver failed with status 4
Acados residuals [stat, eq, ineq, comp]: [100.        0.        0.17966   0.     ]
Acados SQP iterations: 1
RMPCC-MF diagnostics captured before infeasibility recovery.
RMPCC-MF failed-iterate infeasibility candidates:
  - {'constraint': 'row_g_hard_guard', 'stages': array([ 1,  2,  3,  4,  5,  6,  7,  8,  9, 10, 11, 12, 13, 14, 15, 16, 17,
       18, 19, 20]), 'minimum_residual': -0.17965750193595892}
RMPCC-MF inactive Row M stages are trivially feasible.
RMPCC-MF minimum box residuals [state | input]: 3.9e-08 | 0.0
SQP_RTI solver failed with status 4. Starting infeasible recovery.
Backup solver is unavailable; falling back to safe stop.
Applied nominal_safe_controller safe-stop plan after infeasible RMPCC-MF solve.
[RMPCC 0343] SAFE_STOP solve=222.5ms pose=(0.263,0.358,-0.901) u=(0.000,0.000) s=0.399 PSDFmin=-0.1787 G=FAIL(-0.1797) MF=inactive(active=0/20)
Acados solver failed with status 4
Acados residuals [stat, eq, ineq, comp]: [100.        0.        0.17966   0.     ]
Acados SQP iterations: 1
RMPCC-MF diagnostics captured before infeasibility recovery.
RMPCC-MF failed-iterate infeasibility candidates:
  - {'constraint': 'row_g_hard_guard', 'stages': array([ 1,  2,  3,  4,  5,  6,  7,  8,  9, 10, 11, 12, 13, 14, 15, 16, 17,
       18, 19, 20]), 'minimum_residual': -0.17965750193595892}
RMPCC-MF inactive Row M stages are trivially feasible.
RMPCC-MF minimum box residuals [state | input]: 3.9e-08 | 0.0
SQP_RTI solver failed with status 4. Starting infeasible recovery.
Backup solver is unavailable; falling back to safe stop.
Applied nominal_safe_controller safe-stop plan after infeasible RMPCC-MF solve.
[RMPCC 0344] SAFE_STOP solve=215.7ms pose=(0.263,0.358,-0.901) u=(0.000,0.000) s=0.399 PSDFmin=-0.1787 G=FAIL(-0.1797) MF=inactive(active=0/20)
Acados solver failed with status 4
Acados residuals [stat, eq, ineq, comp]: [100.        0.        0.17966   0.     ]
Acados SQP iterations: 1
RMPCC-MF diagnostics captured before infeasibility recovery.
RMPCC-MF failed-iterate infeasibility candidates:
  - {'constraint': 'row_g_hard_guard', 'stages': array([ 1,  2,  3,  4,  5,  6,  7,  8,  9, 10, 11, 12, 13, 14, 15, 16, 17,
       18, 19, 20]), 'minimum_residual': -0.17965750193595892}
RMPCC-MF inactive Row M stages are trivially feasible.
RMPCC-MF minimum box residuals [state | input]: 3.9e-08 | 0.0
SQP_RTI solver failed with status 4. Starting infeasible recovery.
Backup solver is unavailable; falling back to safe stop.
Applied nominal_safe_controller safe-stop plan after infeasible RMPCC-MF solve.
[RMPCC 0345] SAFE_STOP solve=232.4ms pose=(0.263,0.358,-0.901) u=(0.000,0.000) s=0.399 PSDFmin=-0.1787 G=FAIL(-0.1797) MF=inactive(active=0/20)
Acados solver failed with status 4
Acados residuals [stat, eq, ineq, comp]: [100.        0.        0.17966   0.     ]
Acados SQP iterations: 1
RMPCC-MF diagnostics captured before infeasibility recovery.
RMPCC-MF failed-iterate infeasibility candidates:
  - {'constraint': 'row_g_hard_guard', 'stages': array([ 1,  2,  3,  4,  5,  6,  7,  8,  9, 10, 11, 12, 13, 14, 15, 16, 17,
       18, 19, 20]), 'minimum_residual': -0.17965750193595892}
RMPCC-MF inactive Row M stages are trivially feasible.
RMPCC-MF minimum box residuals [state | input]: 3.9e-08 | 0.0
SQP_RTI solver failed with status 4. Starting infeasible recovery.
Backup solver is unavailable; falling back to safe stop.
Applied nominal_safe_controller safe-stop plan after infeasible RMPCC-MF solve.
[RMPCC 0346] SAFE_STOP solve=245.0ms pose=(0.263,0.358,-0.901) u=(0.000,0.000) s=0.399 PSDFmin=-0.1787 G=FAIL(-0.1797) MF=inactive(active=0/20)
Acados solver failed with status 4
Acados residuals [stat, eq, ineq, comp]: [100.        0.        0.17966   0.     ]
Acados SQP iterations: 1
RMPCC-MF diagnostics captured before infeasibility recovery.
RMPCC-MF failed-iterate infeasibility candidates:
  - {'constraint': 'row_g_hard_guard', 'stages': array([ 1,  2,  3,  4,  5,  6,  7,  8,  9, 10, 11, 12, 13, 14, 15, 16, 17,
       18, 19, 20]), 'minimum_residual': -0.17965750193595892}
RMPCC-MF inactive Row M stages are trivially feasible.
RMPCC-MF minimum box residuals [state | input]: 3.9e-08 | 0.0
SQP_RTI solver failed with status 4. Starting infeasible recovery.
Backup solver is unavailable; falling back to safe stop.
Applied nominal_safe_controller safe-stop plan after infeasible RMPCC-MF solve.
[RMPCC 0347] SAFE_STOP solve=238.8ms pose=(0.263,0.358,-0.901) u=(0.000,0.000) s=0.399 PSDFmin=-0.1787 G=FAIL(-0.1797) MF=inactive(active=0/20)
Acados solver failed with status 4
Acados residuals [stat, eq, ineq, comp]: [100.        0.        0.17966   0.     ]
Acados SQP iterations: 1
RMPCC-MF diagnostics captured before infeasibility recovery.
RMPCC-MF failed-iterate infeasibility candidates:
  - {'constraint': 'row_g_hard_guard', 'stages': array([ 1,  2,  3,  4,  5,  6,  7,  8,  9, 10, 11, 12, 13, 14, 15, 16, 17,
       18, 19, 20]), 'minimum_residual': -0.17965750193595892}
RMPCC-MF inactive Row M stages are trivially feasible.
RMPCC-MF minimum box residuals [state | input]: 3.9e-08 | 0.0
SQP_RTI solver failed with status 4. Starting infeasible recovery.
Backup solver is unavailable; falling back to safe stop.
Applied nominal_safe_controller safe-stop plan after infeasible RMPCC-MF solve.
[RMPCC 0348] SAFE_STOP solve=222.1ms pose=(0.263,0.358,-0.901) u=(0.000,0.000) s=0.399 PSDFmin=-0.1787 G=FAIL(-0.1797) MF=inactive(active=0/20)
Acados solver failed with status 4
Acados residuals [stat, eq, ineq, comp]: [100.        0.        0.17966   0.     ]
Acados SQP iterations: 1
RMPCC-MF diagnostics captured before infeasibility recovery.
RMPCC-MF failed-iterate infeasibility candidates:
  - {'constraint': 'row_g_hard_guard', 'stages': array([ 1,  2,  3,  4,  5,  6,  7,  8,  9, 10, 11, 12, 13, 14, 15, 16, 17,
       18, 19, 20]), 'minimum_residual': -0.17965750193595892}
RMPCC-MF inactive Row M stages are trivially feasible.
RMPCC-MF minimum box residuals [state | input]: 3.9e-08 | 0.0
SQP_RTI solver failed with status 4. Starting infeasible recovery.
Backup solver is unavailable; falling back to safe stop.
Applied nominal_safe_controller safe-stop plan after infeasible RMPCC-MF solve.
[RMPCC 0349] SAFE_STOP solve=232.7ms pose=(0.263,0.358,-0.901) u=(0.000,0.000) s=0.399 PSDFmin=-0.1787 G=FAIL(-0.1797) MF=inactive(active=0/20)
Acados solver failed with status 4
Acados residuals [stat, eq, ineq, comp]: [100.        0.        0.17966   0.     ]
Acados SQP iterations: 1
RMPCC-MF diagnostics captured before infeasibility recovery.
RMPCC-MF failed-iterate infeasibility candidates:
  - {'constraint': 'row_g_hard_guard', 'stages': array([ 1,  2,  3,  4,  5,  6,  7,  8,  9, 10, 11, 12, 13, 14, 15, 16, 17,
       18, 19, 20]), 'minimum_residual': -0.17965750193595892}
RMPCC-MF inactive Row M stages are trivially feasible.
RMPCC-MF minimum box residuals [state | input]: 3.9e-08 | 0.0
SQP_RTI solver failed with status 4. Starting infeasible recovery.
Backup solver is unavailable; falling back to safe stop.
Applied nominal_safe_controller safe-stop plan after infeasible RMPCC-MF solve.
[RMPCC 0350] SAFE_STOP solve=230.9ms pose=(0.263,0.358,-0.901) u=(0.000,0.000) s=0.399 PSDFmin=-0.1787 G=FAIL(-0.1797) MF=inactive(active=0/20)
Acados solver failed with status 4
Acados residuals [stat, eq, ineq, comp]: [100.        0.        0.17966   0.     ]
Acados SQP iterations: 1
RMPCC-MF diagnostics captured before infeasibility recovery.
RMPCC-MF failed-iterate infeasibility candidates:
  - {'constraint': 'row_g_hard_guard', 'stages': array([ 1,  2,  3,  4,  5,  6,  7,  8,  9, 10, 11, 12, 13, 14, 15, 16, 17,
       18, 19, 20]), 'minimum_residual': -0.17965750193595892}
RMPCC-MF inactive Row M stages are trivially feasible.
RMPCC-MF minimum box residuals [state | input]: 3.9e-08 | 0.0
SQP_RTI solver failed with status 4. Starting infeasible recovery.
Backup solver is unavailable; falling back to safe stop.
Applied nominal_safe_controller safe-stop plan after infeasible RMPCC-MF solve.
[RMPCC 0351] SAFE_STOP solve=235.0ms pose=(0.263,0.358,-0.901) u=(0.000,0.000) s=0.399 PSDFmin=-0.1787 G=FAIL(-0.1797) MF=inactive(active=0/20)
Acados solver failed with status 4
Acados residuals [stat, eq, ineq, comp]: [100.        0.        0.17966   0.     ]
Acados SQP iterations: 1
RMPCC-MF diagnostics captured before infeasibility recovery.
RMPCC-MF failed-iterate infeasibility candidates:
  - {'constraint': 'row_g_hard_guard', 'stages': array([ 1,  2,  3,  4,  5,  6,  7,  8,  9, 10, 11, 12, 13, 14, 15, 16, 17,
       18, 19, 20]), 'minimum_residual': -0.17965750193595892}
RMPCC-MF inactive Row M stages are trivially feasible.
RMPCC-MF minimum box residuals [state | input]: 3.9e-08 | 0.0
SQP_RTI solver failed with status 4. Starting infeasible recovery.
Backup solver is unavailable; falling back to safe stop.
Applied nominal_safe_controller safe-stop plan after infeasible RMPCC-MF solve.
[RMPCC 0352] SAFE_STOP solve=223.0ms pose=(0.263,0.358,-0.901) u=(0.000,0.000) s=0.399 PSDFmin=-0.1787 G=FAIL(-0.1797) MF=inactive(active=0/20)
Acados solver failed with status 4
Acados residuals [stat, eq, ineq, comp]: [100.        0.        0.17966   0.     ]
Acados SQP iterations: 1
RMPCC-MF diagnostics captured before infeasibility recovery.
RMPCC-MF failed-iterate infeasibility candidates:
  - {'constraint': 'row_g_hard_guard', 'stages': array([ 1,  2,  3,  4,  5,  6,  7,  8,  9, 10, 11, 12, 13, 14, 15, 16, 17,
       18, 19, 20]), 'minimum_residual': -0.17965750193595892}
RMPCC-MF inactive Row M stages are trivially feasible.
RMPCC-MF minimum box residuals [state | input]: 3.9e-08 | 0.0
SQP_RTI solver failed with status 4. Starting infeasible recovery.
Backup solver is unavailable; falling back to safe stop.
Applied nominal_safe_controller safe-stop plan after infeasible RMPCC-MF solve.
[RMPCC 0353] SAFE_STOP solve=227.0ms pose=(0.263,0.358,-0.901) u=(0.000,0.000) s=0.399 PSDFmin=-0.1787 G=FAIL(-0.1797) MF=inactive(active=0/20)
Acados solver failed with status 4
Acados residuals [stat, eq, ineq, comp]: [100.        0.        0.17966   0.     ]
Acados SQP iterations: 1
RMPCC-MF diagnostics captured before infeasibility recovery.
RMPCC-MF failed-iterate infeasibility candidates:
  - {'constraint': 'row_g_hard_guard', 'stages': array([ 1,  2,  3,  4,  5,  6,  7,  8,  9, 10, 11, 12, 13, 14, 15, 16, 17,
       18, 19, 20]), 'minimum_residual': -0.17965750193595892}
RMPCC-MF inactive Row M stages are trivially feasible.
RMPCC-MF minimum box residuals [state | input]: 3.9e-08 | 0.0
SQP_RTI solver failed with status 4. Starting infeasible recovery.
Backup solver is unavailable; falling back to safe stop.
Applied nominal_safe_controller safe-stop plan after infeasible RMPCC-MF solve.
[RMPCC 0354] SAFE_STOP solve=209.5ms pose=(0.263,0.358,-0.901) u=(0.000,0.000) s=0.399 PSDFmin=-0.1787 G=FAIL(-0.1797) MF=inactive(active=0/20)
Acados solver failed with status 4
Acados residuals [stat, eq, ineq, comp]: [100.        0.        0.17966   0.     ]
Acados SQP iterations: 1
RMPCC-MF diagnostics captured before infeasibility recovery.
RMPCC-MF failed-iterate infeasibility candidates:
  - {'constraint': 'row_g_hard_guard', 'stages': array([ 1,  2,  3,  4,  5,  6,  7,  8,  9, 10, 11, 12, 13, 14, 15, 16, 17,
       18, 19, 20]), 'minimum_residual': -0.17965750193595892}
RMPCC-MF inactive Row M stages are trivially feasible.
RMPCC-MF minimum box residuals [state | input]: 3.9e-08 | 0.0
SQP_RTI solver failed with status 4. Starting infeasible recovery.
Backup solver is unavailable; falling back to safe stop.
Applied nominal_safe_controller safe-stop plan after infeasible RMPCC-MF solve.
[RMPCC 0355] SAFE_STOP solve=248.2ms pose=(0.263,0.358,-0.901) u=(0.000,0.000) s=0.399 PSDFmin=-0.1787 G=FAIL(-0.1797) MF=inactive(active=0/20)
Acados solver failed with status 4
Acados residuals [stat, eq, ineq, comp]: [100.        0.        0.17966   0.     ]
Acados SQP iterations: 1
RMPCC-MF diagnostics captured before infeasibility recovery.
RMPCC-MF failed-iterate infeasibility candidates:
  - {'constraint': 'row_g_hard_guard', 'stages': array([ 1,  2,  3,  4,  5,  6,  7,  8,  9, 10, 11, 12, 13, 14, 15, 16, 17,
       18, 19, 20]), 'minimum_residual': -0.17965750193595892}
RMPCC-MF inactive Row M stages are trivially feasible.
RMPCC-MF minimum box residuals [state | input]: 3.9e-08 | 0.0
SQP_RTI solver failed with status 4. Starting infeasible recovery.
Backup solver is unavailable; falling back to safe stop.
Applied nominal_safe_controller safe-stop plan after infeasible RMPCC-MF solve.
[RMPCC 0356] SAFE_STOP solve=215.5ms pose=(0.263,0.358,-0.901) u=(0.000,0.000) s=0.399 PSDFmin=-0.1787 G=FAIL(-0.1797) MF=inactive(active=0/20)
Acados solver failed with status 4
Acados residuals [stat, eq, ineq, comp]: [100.        0.        0.17966   0.     ]
Acados SQP iterations: 1
RMPCC-MF diagnostics captured before infeasibility recovery.
RMPCC-MF failed-iterate infeasibility candidates:
  - {'constraint': 'row_g_hard_guard', 'stages': array([ 1,  2,  3,  4,  5,  6,  7,  8,  9, 10, 11, 12, 13, 14, 15, 16, 17,
       18, 19, 20]), 'minimum_residual': -0.17965750193595892}
RMPCC-MF inactive Row M stages are trivially feasible.
RMPCC-MF minimum box residuals [state | input]: 3.9e-08 | 0.0
SQP_RTI solver failed with status 4. Starting infeasible recovery.
Backup solver is unavailable; falling back to safe stop.
Applied nominal_safe_controller safe-stop plan after infeasible RMPCC-MF solve.
[RMPCC 0357] SAFE_STOP solve=214.9ms pose=(0.263,0.358,-0.901) u=(0.000,0.000) s=0.399 PSDFmin=-0.1787 G=FAIL(-0.1797) MF=inactive(active=0/20)
Acados solver failed with status 4
Acados residuals [stat, eq, ineq, comp]: [100.        0.        0.17966   0.     ]
Acados SQP iterations: 1
RMPCC-MF diagnostics captured before infeasibility recovery.
RMPCC-MF failed-iterate infeasibility candidates:
  - {'constraint': 'row_g_hard_guard', 'stages': array([ 1,  2,  3,  4,  5,  6,  7,  8,  9, 10, 11, 12, 13, 14, 15, 16, 17,
       18, 19, 20]), 'minimum_residual': -0.17965750193595892}
RMPCC-MF inactive Row M stages are trivially feasible.
RMPCC-MF minimum box residuals [state | input]: 3.9e-08 | 0.0
SQP_RTI solver failed with status 4. Starting infeasible recovery.
Backup solver is unavailable; falling back to safe stop.
Applied nominal_safe_controller safe-stop plan after infeasible RMPCC-MF solve.
[RMPCC 0358] SAFE_STOP solve=224.6ms pose=(0.263,0.358,-0.901) u=(0.000,0.000) s=0.399 PSDFmin=-0.1787 G=FAIL(-0.1797) MF=inactive(active=0/20)
Acados solver failed with status 4
Acados residuals [stat, eq, ineq, comp]: [100.        0.        0.17966   0.     ]
Acados SQP iterations: 1
RMPCC-MF diagnostics captured before infeasibility recovery.
RMPCC-MF failed-iterate infeasibility candidates:
  - {'constraint': 'row_g_hard_guard', 'stages': array([ 1,  2,  3,  4,  5,  6,  7,  8,  9, 10, 11, 12, 13, 14, 15, 16, 17,
       18, 19, 20]), 'minimum_residual': -0.17965750193595892}
RMPCC-MF inactive Row M stages are trivially feasible.
RMPCC-MF minimum box residuals [state | input]: 3.9e-08 | 0.0
SQP_RTI solver failed with status 4. Starting infeasible recovery.
Backup solver is unavailable; falling back to safe stop.
Applied nominal_safe_controller safe-stop plan after infeasible RMPCC-MF solve.
[RMPCC 0359] SAFE_STOP solve=231.9ms pose=(0.263,0.358,-0.901) u=(0.000,0.000) s=0.399 PSDFmin=-0.1787 G=FAIL(-0.1797) MF=inactive(active=0/20)
Acados solver failed with status 4
Acados residuals [stat, eq, ineq, comp]: [100.        0.        0.17966   0.     ]
Acados SQP iterations: 1
RMPCC-MF diagnostics captured before infeasibility recovery.
RMPCC-MF failed-iterate infeasibility candidates:
  - {'constraint': 'row_g_hard_guard', 'stages': array([ 1,  2,  3,  4,  5,  6,  7,  8,  9, 10, 11, 12, 13, 14, 15, 16, 17,
       18, 19, 20]), 'minimum_residual': -0.17965750193595892}
RMPCC-MF inactive Row M stages are trivially feasible.
RMPCC-MF minimum box residuals [state | input]: 3.9e-08 | 0.0
SQP_RTI solver failed with status 4. Starting infeasible recovery.
Backup solver is unavailable; falling back to safe stop.
Applied nominal_safe_controller safe-stop plan after infeasible RMPCC-MF solve.
[RMPCC 0360] SAFE_STOP solve=218.5ms pose=(0.263,0.358,-0.901) u=(0.000,0.000) s=0.399 PSDFmin=-0.1787 G=FAIL(-0.1797) MF=inactive(active=0/20)
Acados solver failed with status 4
Acados residuals [stat, eq, ineq, comp]: [100.        0.        0.17966   0.     ]
Acados SQP iterations: 1
RMPCC-MF diagnostics captured before infeasibility recovery.
RMPCC-MF failed-iterate infeasibility candidates:
  - {'constraint': 'row_g_hard_guard', 'stages': array([ 1,  2,  3,  4,  5,  6,  7,  8,  9, 10, 11, 12, 13, 14, 15, 16, 17,
       18, 19, 20]), 'minimum_residual': -0.17965750193595892}
RMPCC-MF inactive Row M stages are trivially feasible.
RMPCC-MF minimum box residuals [state | input]: 3.9e-08 | 0.0
SQP_RTI solver failed with status 4. Starting infeasible recovery.
Backup solver is unavailable; falling back to safe stop.
Applied nominal_safe_controller safe-stop plan after infeasible RMPCC-MF solve.
[RMPCC 0361] SAFE_STOP solve=211.8ms pose=(0.263,0.358,-0.901) u=(0.000,0.000) s=0.399 PSDFmin=-0.1787 G=FAIL(-0.1797) MF=inactive(active=0/20)
Acados solver failed with status 4
Acados residuals [stat, eq, ineq, comp]: [100.        0.        0.17966   0.     ]
Acados SQP iterations: 1
RMPCC-MF diagnostics captured before infeasibility recovery.
RMPCC-MF failed-iterate infeasibility candidates:
  - {'constraint': 'row_g_hard_guard', 'stages': array([ 1,  2,  3,  4,  5,  6,  7,  8,  9, 10, 11, 12, 13, 14, 15, 16, 17,
       18, 19, 20]), 'minimum_residual': -0.17965750193595892}
RMPCC-MF inactive Row M stages are trivially feasible.
RMPCC-MF minimum box residuals [state | input]: 3.9e-08 | 0.0
SQP_RTI solver failed with status 4. Starting infeasible recovery.
Backup solver is unavailable; falling back to safe stop.
Applied nominal_safe_controller safe-stop plan after infeasible RMPCC-MF solve.
[RMPCC 0362] SAFE_STOP solve=232.1ms pose=(0.263,0.358,-0.901) u=(0.000,0.000) s=0.399 PSDFmin=-0.1787 G=FAIL(-0.1797) MF=inactive(active=0/20)
Acados solver failed with status 4
Acados residuals [stat, eq, ineq, comp]: [100.        0.        0.17966   0.     ]
Acados SQP iterations: 1
RMPCC-MF diagnostics captured before infeasibility recovery.
RMPCC-MF failed-iterate infeasibility candidates:
  - {'constraint': 'row_g_hard_guard', 'stages': array([ 1,  2,  3,  4,  5,  6,  7,  8,  9, 10, 11, 12, 13, 14, 15, 16, 17,
       18, 19, 20]), 'minimum_residual': -0.17965750193595892}
RMPCC-MF inactive Row M stages are trivially feasible.
RMPCC-MF minimum box residuals [state | input]: 3.9e-08 | 0.0
SQP_RTI solver failed with status 4. Starting infeasible recovery.
Backup solver is unavailable; falling back to safe stop.
Applied nominal_safe_controller safe-stop plan after infeasible RMPCC-MF solve.
[RMPCC 0363] SAFE_STOP solve=224.7ms pose=(0.263,0.358,-0.901) u=(0.000,0.000) s=0.399 PSDFmin=-0.1787 G=FAIL(-0.1797) MF=inactive(active=0/20)
Acados solver failed with status 4
Acados residuals [stat, eq, ineq, comp]: [100.        0.        0.17966   0.     ]
Acados SQP iterations: 1
RMPCC-MF diagnostics captured before infeasibility recovery.
RMPCC-MF failed-iterate infeasibility candidates:
  - {'constraint': 'row_g_hard_guard', 'stages': array([ 1,  2,  3,  4,  5,  6,  7,  8,  9, 10, 11, 12, 13, 14, 15, 16, 17,
       18, 19, 20]), 'minimum_residual': -0.17965750193595892}
RMPCC-MF inactive Row M stages are trivially feasible.
RMPCC-MF minimum box residuals [state | input]: 3.9e-08 | 0.0
SQP_RTI solver failed with status 4. Starting infeasible recovery.
Backup solver is unavailable; falling back to safe stop.
Applied nominal_safe_controller safe-stop plan after infeasible RMPCC-MF solve.
[RMPCC 0364] SAFE_STOP solve=223.8ms pose=(0.263,0.358,-0.901) u=(0.000,0.000) s=0.399 PSDFmin=-0.1787 G=FAIL(-0.1797) MF=inactive(active=0/20)
Acados solver failed with status 4
Acados residuals [stat, eq, ineq, comp]: [100.        0.        0.17966   0.     ]
Acados SQP iterations: 1
RMPCC-MF diagnostics captured before infeasibility recovery.
RMPCC-MF failed-iterate infeasibility candidates:
  - {'constraint': 'row_g_hard_guard', 'stages': array([ 1,  2,  3,  4,  5,  6,  7,  8,  9, 10, 11, 12, 13, 14, 15, 16, 17,
       18, 19, 20]), 'minimum_residual': -0.17965750193595892}
RMPCC-MF inactive Row M stages are trivially feasible.
RMPCC-MF minimum box residuals [state | input]: 3.9e-08 | 0.0
SQP_RTI solver failed with status 4. Starting infeasible recovery.
Backup solver is unavailable; falling back to safe stop.
Applied nominal_safe_controller safe-stop plan after infeasible RMPCC-MF solve.
[RMPCC 0365] SAFE_STOP solve=226.2ms pose=(0.263,0.358,-0.901) u=(0.000,0.000) s=0.399 PSDFmin=-0.1787 G=FAIL(-0.1797) MF=inactive(active=0/20)
Acados solver failed with status 4
Acados residuals [stat, eq, ineq, comp]: [100.        0.        0.17966   0.     ]
Acados SQP iterations: 1
RMPCC-MF diagnostics captured before infeasibility recovery.
RMPCC-MF failed-iterate infeasibility candidates:
  - {'constraint': 'row_g_hard_guard', 'stages': array([ 1,  2,  3,  4,  5,  6,  7,  8,  9, 10, 11, 12, 13, 14, 15, 16, 17,
       18, 19, 20]), 'minimum_residual': -0.17965750193595892}
RMPCC-MF inactive Row M stages are trivially feasible.
RMPCC-MF minimum box residuals [state | input]: 3.9e-08 | 0.0
SQP_RTI solver failed with status 4. Starting infeasible recovery.
Backup solver is unavailable; falling back to safe stop.
Applied nominal_safe_controller safe-stop plan after infeasible RMPCC-MF solve.
[RMPCC 0366] SAFE_STOP solve=235.3ms pose=(0.263,0.358,-0.901) u=(0.000,0.000) s=0.399 PSDFmin=-0.1787 G=FAIL(-0.1797) MF=inactive(active=0/20)
Acados solver failed with status 4
Acados residuals [stat, eq, ineq, comp]: [100.        0.        0.17966   0.     ]
Acados SQP iterations: 1
RMPCC-MF diagnostics captured before infeasibility recovery.
RMPCC-MF failed-iterate infeasibility candidates:
  - {'constraint': 'row_g_hard_guard', 'stages': array([ 1,  2,  3,  4,  5,  6,  7,  8,  9, 10, 11, 12, 13, 14, 15, 16, 17,
       18, 19, 20]), 'minimum_residual': -0.17965750193595892}
RMPCC-MF inactive Row M stages are trivially feasible.
RMPCC-MF minimum box residuals [state | input]: 3.9e-08 | 0.0
SQP_RTI solver failed with status 4. Starting infeasible recovery.
Backup solver is unavailable; falling back to safe stop.
Applied nominal_safe_controller safe-stop plan after infeasible RMPCC-MF solve.
[RMPCC 0367] SAFE_STOP solve=229.6ms pose=(0.263,0.358,-0.901) u=(0.000,0.000) s=0.399 PSDFmin=-0.1787 G=FAIL(-0.1797) MF=inactive(active=0/20)
Acados solver failed with status 4
Acados residuals [stat, eq, ineq, comp]: [100.        0.        0.17966   0.     ]
Acados SQP iterations: 1
RMPCC-MF diagnostics captured before infeasibility recovery.
RMPCC-MF failed-iterate infeasibility candidates:
  - {'constraint': 'row_g_hard_guard', 'stages': array([ 1,  2,  3,  4,  5,  6,  7,  8,  9, 10, 11, 12, 13, 14, 15, 16, 17,
       18, 19, 20]), 'minimum_residual': -0.17965750193595892}
RMPCC-MF inactive Row M stages are trivially feasible.
RMPCC-MF minimum box residuals [state | input]: 3.9e-08 | 0.0
SQP_RTI solver failed with status 4. Starting infeasible recovery.
Backup solver is unavailable; falling back to safe stop.
Applied nominal_safe_controller safe-stop plan after infeasible RMPCC-MF solve.
[RMPCC 0368] SAFE_STOP solve=231.5ms pose=(0.263,0.358,-0.901) u=(0.000,0.000) s=0.399 PSDFmin=-0.1787 G=FAIL(-0.1797) MF=inactive(active=0/20)
Acados solver failed with status 4
Acados residuals [stat, eq, ineq, comp]: [100.        0.        0.17966   0.     ]
Acados SQP iterations: 1
RMPCC-MF diagnostics captured before infeasibility recovery.
RMPCC-MF failed-iterate infeasibility candidates:
  - {'constraint': 'row_g_hard_guard', 'stages': array([ 1,  2,  3,  4,  5,  6,  7,  8,  9, 10, 11, 12, 13, 14, 15, 16, 17,
       18, 19, 20]), 'minimum_residual': -0.17965750193595892}
RMPCC-MF inactive Row M stages are trivially feasible.
RMPCC-MF minimum box residuals [state | input]: 3.9e-08 | 0.0
SQP_RTI solver failed with status 4. Starting infeasible recovery.
Backup solver is unavailable; falling back to safe stop.
Applied nominal_safe_controller safe-stop plan after infeasible RMPCC-MF solve.
[RMPCC 0369] SAFE_STOP solve=245.4ms pose=(0.263,0.358,-0.901) u=(0.000,0.000) s=0.399 PSDFmin=-0.1787 G=FAIL(-0.1797) MF=inactive(active=0/20)
Acados solver failed with status 4
Acados residuals [stat, eq, ineq, comp]: [100.        0.        0.17966   0.     ]
Acados SQP iterations: 1
RMPCC-MF diagnostics captured before infeasibility recovery.
RMPCC-MF failed-iterate infeasibility candidates:
  - {'constraint': 'row_g_hard_guard', 'stages': array([ 1,  2,  3,  4,  5,  6,  7,  8,  9, 10, 11, 12, 13, 14, 15, 16, 17,
       18, 19, 20]), 'minimum_residual': -0.17965750193595892}
RMPCC-MF inactive Row M stages are trivially feasible.
RMPCC-MF minimum box residuals [state | input]: 3.9e-08 | 0.0
SQP_RTI solver failed with status 4. Starting infeasible recovery.
Backup solver is unavailable; falling back to safe stop.
Applied nominal_safe_controller safe-stop plan after infeasible RMPCC-MF solve.
[RMPCC 0370] SAFE_STOP solve=230.1ms pose=(0.263,0.358,-0.901) u=(0.000,0.000) s=0.399 PSDFmin=-0.1787 G=FAIL(-0.1797) MF=inactive(active=0/20)
Acados solver failed with status 4
Acados residuals [stat, eq, ineq, comp]: [100.        0.        0.17966   0.     ]
Acados SQP iterations: 1
RMPCC-MF diagnostics captured before infeasibility recovery.
RMPCC-MF failed-iterate infeasibility candidates:
  - {'constraint': 'row_g_hard_guard', 'stages': array([ 1,  2,  3,  4,  5,  6,  7,  8,  9, 10, 11, 12, 13, 14, 15, 16, 17,
       18, 19, 20]), 'minimum_residual': -0.17965750193595892}
RMPCC-MF inactive Row M stages are trivially feasible.
RMPCC-MF minimum box residuals [state | input]: 3.9e-08 | 0.0
SQP_RTI solver failed with status 4. Starting infeasible recovery.
Backup solver is unavailable; falling back to safe stop.
Applied nominal_safe_controller safe-stop plan after infeasible RMPCC-MF solve.
[RMPCC 0371] SAFE_STOP solve=213.8ms pose=(0.263,0.358,-0.901) u=(0.000,0.000) s=0.399 PSDFmin=-0.1787 G=FAIL(-0.1797) MF=inactive(active=0/20)
Acados solver failed with status 4
Acados residuals [stat, eq, ineq, comp]: [100.        0.        0.17966   0.     ]
Acados SQP iterations: 1
RMPCC-MF diagnostics captured before infeasibility recovery.
RMPCC-MF failed-iterate infeasibility candidates:
  - {'constraint': 'row_g_hard_guard', 'stages': array([ 1,  2,  3,  4,  5,  6,  7,  8,  9, 10, 11, 12, 13, 14, 15, 16, 17,
       18, 19, 20]), 'minimum_residual': -0.17965750193595892}
RMPCC-MF inactive Row M stages are trivially feasible.
RMPCC-MF minimum box residuals [state | input]: 3.9e-08 | 0.0
SQP_RTI solver failed with status 4. Starting infeasible recovery.
Backup solver is unavailable; falling back to safe stop.
Applied nominal_safe_controller safe-stop plan after infeasible RMPCC-MF solve.
[RMPCC 0372] SAFE_STOP solve=225.1ms pose=(0.263,0.358,-0.901) u=(0.000,0.000) s=0.399 PSDFmin=-0.1787 G=FAIL(-0.1797) MF=inactive(active=0/20)
Acados solver failed with status 4
Acados residuals [stat, eq, ineq, comp]: [100.        0.        0.17966   0.     ]
Acados SQP iterations: 1
RMPCC-MF diagnostics captured before infeasibility recovery.
RMPCC-MF failed-iterate infeasibility candidates:
  - {'constraint': 'row_g_hard_guard', 'stages': array([ 1,  2,  3,  4,  5,  6,  7,  8,  9, 10, 11, 12, 13, 14, 15, 16, 17,
       18, 19, 20]), 'minimum_residual': -0.17965750193595892}
RMPCC-MF inactive Row M stages are trivially feasible.
RMPCC-MF minimum box residuals [state | input]: 3.9e-08 | 0.0
SQP_RTI solver failed with status 4. Starting infeasible recovery.
Backup solver is unavailable; falling back to safe stop.
Applied nominal_safe_controller safe-stop plan after infeasible RMPCC-MF solve.
[RMPCC 0373] SAFE_STOP solve=216.1ms pose=(0.263,0.358,-0.901) u=(0.000,0.000) s=0.399 PSDFmin=-0.1787 G=FAIL(-0.1797) MF=inactive(active=0/20)
Acados solver failed with status 4
Acados residuals [stat, eq, ineq, comp]: [100.        0.        0.17966   0.     ]
Acados SQP iterations: 1
RMPCC-MF diagnostics captured before infeasibility recovery.
RMPCC-MF failed-iterate infeasibility candidates:
  - {'constraint': 'row_g_hard_guard', 'stages': array([ 1,  2,  3,  4,  5,  6,  7,  8,  9, 10, 11, 12, 13, 14, 15, 16, 17,
       18, 19, 20]), 'minimum_residual': -0.17965750193595892}
RMPCC-MF inactive Row M stages are trivially feasible.
RMPCC-MF minimum box residuals [state | input]: 3.9e-08 | 0.0
SQP_RTI solver failed with status 4. Starting infeasible recovery.
Backup solver is unavailable; falling back to safe stop.
Applied nominal_safe_controller safe-stop plan after infeasible RMPCC-MF solve.
[RMPCC 0374] SAFE_STOP solve=232.6ms pose=(0.263,0.358,-0.901) u=(0.000,0.000) s=0.399 PSDFmin=-0.1787 G=FAIL(-0.1797) MF=inactive(active=0/20)
Acados solver failed with status 4
Acados residuals [stat, eq, ineq, comp]: [100.        0.        0.17966   0.     ]
Acados SQP iterations: 1
RMPCC-MF diagnostics captured before infeasibility recovery.
RMPCC-MF failed-iterate infeasibility candidates:
  - {'constraint': 'row_g_hard_guard', 'stages': array([ 1,  2,  3,  4,  5,  6,  7,  8,  9, 10, 11, 12, 13, 14, 15, 16, 17,
       18, 19, 20]), 'minimum_residual': -0.17965750193595892}
RMPCC-MF inactive Row M stages are trivially feasible.
RMPCC-MF minimum box residuals [state | input]: 3.9e-08 | 0.0
SQP_RTI solver failed with status 4. Starting infeasible recovery.
Backup solver is unavailable; falling back to safe stop.
Applied nominal_safe_controller safe-stop plan after infeasible RMPCC-MF solve.
[RMPCC 0375] SAFE_STOP solve=220.9ms pose=(0.263,0.358,-0.901) u=(0.000,0.000) s=0.399 PSDFmin=-0.1787 G=FAIL(-0.1797) MF=inactive(active=0/20)
Acados solver failed with status 4
Acados residuals [stat, eq, ineq, comp]: [100.        0.        0.17966   0.     ]
Acados SQP iterations: 1
RMPCC-MF diagnostics captured before infeasibility recovery.
RMPCC-MF failed-iterate infeasibility candidates:
  - {'constraint': 'row_g_hard_guard', 'stages': array([ 1,  2,  3,  4,  5,  6,  7,  8,  9, 10, 11, 12, 13, 14, 15, 16, 17,
       18, 19, 20]), 'minimum_residual': -0.17965750193595892}
RMPCC-MF inactive Row M stages are trivially feasible.
RMPCC-MF minimum box residuals [state | input]: 3.9e-08 | 0.0
SQP_RTI solver failed with status 4. Starting infeasible recovery.
Backup solver is unavailable; falling back to safe stop.
Applied nominal_safe_controller safe-stop plan after infeasible RMPCC-MF solve.
[RMPCC 0376] SAFE_STOP solve=227.6ms pose=(0.263,0.358,-0.901) u=(0.000,0.000) s=0.399 PSDFmin=-0.1787 G=FAIL(-0.1797) MF=inactive(active=0/20)
Acados solver failed with status 4
Acados residuals [stat, eq, ineq, comp]: [100.        0.        0.17966   0.     ]
Acados SQP iterations: 1
RMPCC-MF diagnostics captured before infeasibility recovery.
RMPCC-MF failed-iterate infeasibility candidates:
  - {'constraint': 'row_g_hard_guard', 'stages': array([ 1,  2,  3,  4,  5,  6,  7,  8,  9, 10, 11, 12, 13, 14, 15, 16, 17,
       18, 19, 20]), 'minimum_residual': -0.17965750193595892}
RMPCC-MF inactive Row M stages are trivially feasible.
RMPCC-MF minimum box residuals [state | input]: 3.9e-08 | 0.0
SQP_RTI solver failed with status 4. Starting infeasible recovery.
Backup solver is unavailable; falling back to safe stop.
Applied nominal_safe_controller safe-stop plan after infeasible RMPCC-MF solve.
[RMPCC 0377] SAFE_STOP solve=223.0ms pose=(0.263,0.358,-0.901) u=(0.000,0.000) s=0.399 PSDFmin=-0.1787 G=FAIL(-0.1797) MF=inactive(active=0/20)
Acados solver failed with status 4
Acados residuals [stat, eq, ineq, comp]: [100.        0.        0.17966   0.     ]
Acados SQP iterations: 1
RMPCC-MF diagnostics captured before infeasibility recovery.
RMPCC-MF failed-iterate infeasibility candidates:
  - {'constraint': 'row_g_hard_guard', 'stages': array([ 1,  2,  3,  4,  5,  6,  7,  8,  9, 10, 11, 12, 13, 14, 15, 16, 17,
       18, 19, 20]), 'minimum_residual': -0.17965750193595892}
RMPCC-MF inactive Row M stages are trivially feasible.
RMPCC-MF minimum box residuals [state | input]: 3.9e-08 | 0.0
SQP_RTI solver failed with status 4. Starting infeasible recovery.
Backup solver is unavailable; falling back to safe stop.
Applied nominal_safe_controller safe-stop plan after infeasible RMPCC-MF solve.
[RMPCC 0378] SAFE_STOP solve=229.3ms pose=(0.263,0.358,-0.901) u=(0.000,0.000) s=0.399 PSDFmin=-0.1787 G=FAIL(-0.1797) MF=inactive(active=0/20)
Acados solver failed with status 4
Acados residuals [stat, eq, ineq, comp]: [100.        0.        0.17966   0.     ]
Acados SQP iterations: 1
RMPCC-MF diagnostics captured before infeasibility recovery.
RMPCC-MF failed-iterate infeasibility candidates:
  - {'constraint': 'row_g_hard_guard', 'stages': array([ 1,  2,  3,  4,  5,  6,  7,  8,  9, 10, 11, 12, 13, 14, 15, 16, 17,
       18, 19, 20]), 'minimum_residual': -0.17965750193595892}
RMPCC-MF inactive Row M stages are trivially feasible.
RMPCC-MF minimum box residuals [state | input]: 3.9e-08 | 0.0
SQP_RTI solver failed with status 4. Starting infeasible recovery.
Backup solver is unavailable; falling back to safe stop.
Applied nominal_safe_controller safe-stop plan after infeasible RMPCC-MF solve.
[RMPCC 0379] SAFE_STOP solve=237.3ms pose=(0.263,0.358,-0.901) u=(0.000,0.000) s=0.399 PSDFmin=-0.1787 G=FAIL(-0.1797) MF=inactive(active=0/20)
Acados solver failed with status 4
Acados residuals [stat, eq, ineq, comp]: [100.        0.        0.17966   0.     ]
Acados SQP iterations: 1
RMPCC-MF diagnostics captured before infeasibility recovery.
RMPCC-MF failed-iterate infeasibility candidates:
  - {'constraint': 'row_g_hard_guard', 'stages': array([ 1,  2,  3,  4,  5,  6,  7,  8,  9, 10, 11, 12, 13, 14, 15, 16, 17,
       18, 19, 20]), 'minimum_residual': -0.17965750193595892}
RMPCC-MF inactive Row M stages are trivially feasible.
RMPCC-MF minimum box residuals [state | input]: 3.9e-08 | 0.0
SQP_RTI solver failed with status 4. Starting infeasible recovery.
Backup solver is unavailable; falling back to safe stop.
Applied nominal_safe_controller safe-stop plan after infeasible RMPCC-MF solve.
[RMPCC 0380] SAFE_STOP solve=232.2ms pose=(0.263,0.358,-0.901) u=(0.000,0.000) s=0.399 PSDFmin=-0.1787 G=FAIL(-0.1797) MF=inactive(active=0/20)
Acados solver failed with status 4
Acados residuals [stat, eq, ineq, comp]: [100.        0.        0.17966   0.     ]
Acados SQP iterations: 1
RMPCC-MF diagnostics captured before infeasibility recovery.
RMPCC-MF failed-iterate infeasibility candidates:
  - {'constraint': 'row_g_hard_guard', 'stages': array([ 1,  2,  3,  4,  5,  6,  7,  8,  9, 10, 11, 12, 13, 14, 15, 16, 17,
       18, 19, 20]), 'minimum_residual': -0.17965750193595892}
RMPCC-MF inactive Row M stages are trivially feasible.
RMPCC-MF minimum box residuals [state | input]: 3.9e-08 | 0.0
SQP_RTI solver failed with status 4. Starting infeasible recovery.
Backup solver is unavailable; falling back to safe stop.
Applied nominal_safe_controller safe-stop plan after infeasible RMPCC-MF solve.
[RMPCC 0381] SAFE_STOP solve=235.4ms pose=(0.263,0.358,-0.901) u=(0.000,0.000) s=0.399 PSDFmin=-0.1787 G=FAIL(-0.1797) MF=inactive(active=0/20)
Acados solver failed with status 4
Acados residuals [stat, eq, ineq, comp]: [100.        0.        0.17966   0.     ]
Acados SQP iterations: 1
RMPCC-MF diagnostics captured before infeasibility recovery.
RMPCC-MF failed-iterate infeasibility candidates:
  - {'constraint': 'row_g_hard_guard', 'stages': array([ 1,  2,  3,  4,  5,  6,  7,  8,  9, 10, 11, 12, 13, 14, 15, 16, 17,
       18, 19, 20]), 'minimum_residual': -0.17965750193595892}
RMPCC-MF inactive Row M stages are trivially feasible.
RMPCC-MF minimum box residuals [state | input]: 3.9e-08 | 0.0
SQP_RTI solver failed with status 4. Starting infeasible recovery.
Backup solver is unavailable; falling back to safe stop.
Applied nominal_safe_controller safe-stop plan after infeasible RMPCC-MF solve.
[RMPCC 0382] SAFE_STOP solve=218.3ms pose=(0.263,0.358,-0.901) u=(0.000,0.000) s=0.399 PSDFmin=-0.1787 G=FAIL(-0.1797) MF=inactive(active=0/20)
Acados solver failed with status 4
Acados residuals [stat, eq, ineq, comp]: [100.        0.        0.17966   0.     ]
Acados SQP iterations: 1
RMPCC-MF diagnostics captured before infeasibility recovery.
RMPCC-MF failed-iterate infeasibility candidates:
  - {'constraint': 'row_g_hard_guard', 'stages': array([ 1,  2,  3,  4,  5,  6,  7,  8,  9, 10, 11, 12, 13, 14, 15, 16, 17,
       18, 19, 20]), 'minimum_residual': -0.17965750193595892}
RMPCC-MF inactive Row M stages are trivially feasible.
RMPCC-MF minimum box residuals [state | input]: 3.9e-08 | 0.0
SQP_RTI solver failed with status 4. Starting infeasible recovery.
Backup solver is unavailable; falling back to safe stop.
Applied nominal_safe_controller safe-stop plan after infeasible RMPCC-MF solve.
[RMPCC 0383] SAFE_STOP solve=242.5ms pose=(0.263,0.358,-0.901) u=(0.000,0.000) s=0.399 PSDFmin=-0.1787 G=FAIL(-0.1797) MF=inactive(active=0/20)
Acados solver failed with status 4
Acados residuals [stat, eq, ineq, comp]: [100.        0.        0.17966   0.     ]
Acados SQP iterations: 1
RMPCC-MF diagnostics captured before infeasibility recovery.
RMPCC-MF failed-iterate infeasibility candidates:
  - {'constraint': 'row_g_hard_guard', 'stages': array([ 1,  2,  3,  4,  5,  6,  7,  8,  9, 10, 11, 12, 13, 14, 15, 16, 17,
       18, 19, 20]), 'minimum_residual': -0.17965750193595892}
RMPCC-MF inactive Row M stages are trivially feasible.
RMPCC-MF minimum box residuals [state | input]: 3.9e-08 | 0.0
SQP_RTI solver failed with status 4. Starting infeasible recovery.
Backup solver is unavailable; falling back to safe stop.
Applied nominal_safe_controller safe-stop plan after infeasible RMPCC-MF solve.
[RMPCC 0384] SAFE_STOP solve=231.3ms pose=(0.263,0.358,-0.901) u=(0.000,0.000) s=0.399 PSDFmin=-0.1787 G=FAIL(-0.1797) MF=inactive(active=0/20)
Acados solver failed with status 4
Acados residuals [stat, eq, ineq, comp]: [100.        0.        0.17966   0.     ]
Acados SQP iterations: 1
RMPCC-MF diagnostics captured before infeasibility recovery.
RMPCC-MF failed-iterate infeasibility candidates:
  - {'constraint': 'row_g_hard_guard', 'stages': array([ 1,  2,  3,  4,  5,  6,  7,  8,  9, 10, 11, 12, 13, 14, 15, 16, 17,
       18, 19, 20]), 'minimum_residual': -0.17965750193595892}
RMPCC-MF inactive Row M stages are trivially feasible.
RMPCC-MF minimum box residuals [state | input]: 3.9e-08 | 0.0
SQP_RTI solver failed with status 4. Starting infeasible recovery.
Backup solver is unavailable; falling back to safe stop.
Applied nominal_safe_controller safe-stop plan after infeasible RMPCC-MF solve.
[RMPCC 0385] SAFE_STOP solve=234.4ms pose=(0.263,0.358,-0.901) u=(0.000,0.000) s=0.399 PSDFmin=-0.1787 G=FAIL(-0.1797) MF=inactive(active=0/20)
Acados solver failed with status 4
Acados residuals [stat, eq, ineq, comp]: [100.        0.        0.17966   0.     ]
Acados SQP iterations: 1
RMPCC-MF diagnostics captured before infeasibility recovery.
RMPCC-MF failed-iterate infeasibility candidates:
  - {'constraint': 'row_g_hard_guard', 'stages': array([ 1,  2,  3,  4,  5,  6,  7,  8,  9, 10, 11, 12, 13, 14, 15, 16, 17,
       18, 19, 20]), 'minimum_residual': -0.17965750193595892}
RMPCC-MF inactive Row M stages are trivially feasible.
RMPCC-MF minimum box residuals [state | input]: 3.9e-08 | 0.0
SQP_RTI solver failed with status 4. Starting infeasible recovery.
Backup solver is unavailable; falling back to safe stop.
Applied nominal_safe_controller safe-stop plan after infeasible RMPCC-MF solve.
[RMPCC 0386] SAFE_STOP solve=239.0ms pose=(0.263,0.358,-0.901) u=(0.000,0.000) s=0.399 PSDFmin=-0.1787 G=FAIL(-0.1797) MF=inactive(active=0/20)
Acados solver failed with status 4
Acados residuals [stat, eq, ineq, comp]: [100.        0.        0.17966   0.     ]
Acados SQP iterations: 1
RMPCC-MF diagnostics captured before infeasibility recovery.
RMPCC-MF failed-iterate infeasibility candidates:
  - {'constraint': 'row_g_hard_guard', 'stages': array([ 1,  2,  3,  4,  5,  6,  7,  8,  9, 10, 11, 12, 13, 14, 15, 16, 17,
       18, 19, 20]), 'minimum_residual': -0.17965750193595892}
RMPCC-MF inactive Row M stages are trivially feasible.
RMPCC-MF minimum box residuals [state | input]: 3.9e-08 | 0.0
SQP_RTI solver failed with status 4. Starting infeasible recovery.
Backup solver is unavailable; falling back to safe stop.
Applied nominal_safe_controller safe-stop plan after infeasible RMPCC-MF solve.
[RMPCC 0387] SAFE_STOP solve=233.5ms pose=(0.263,0.358,-0.901) u=(0.000,0.000) s=0.399 PSDFmin=-0.1787 G=FAIL(-0.1797) MF=inactive(active=0/20)
Acados solver failed with status 4
Acados residuals [stat, eq, ineq, comp]: [100.        0.        0.17966   0.     ]
Acados SQP iterations: 1
RMPCC-MF diagnostics captured before infeasibility recovery.
RMPCC-MF failed-iterate infeasibility candidates:
  - {'constraint': 'row_g_hard_guard', 'stages': array([ 1,  2,  3,  4,  5,  6,  7,  8,  9, 10, 11, 12, 13, 14, 15, 16, 17,
       18, 19, 20]), 'minimum_residual': -0.17965750193595892}
RMPCC-MF inactive Row M stages are trivially feasible.
RMPCC-MF minimum box residuals [state | input]: 3.9e-08 | 0.0
SQP_RTI solver failed with status 4. Starting infeasible recovery.
Backup solver is unavailable; falling back to safe stop.
Applied nominal_safe_controller safe-stop plan after infeasible RMPCC-MF solve.
[RMPCC 0388] SAFE_STOP solve=229.2ms pose=(0.263,0.358,-0.901) u=(0.000,0.000) s=0.399 PSDFmin=-0.1787 G=FAIL(-0.1797) MF=inactive(active=0/20)
Acados solver failed with status 4
Acados residuals [stat, eq, ineq, comp]: [100.        0.        0.17966   0.     ]
Acados SQP iterations: 1
RMPCC-MF diagnostics captured before infeasibility recovery.
RMPCC-MF failed-iterate infeasibility candidates:
  - {'constraint': 'row_g_hard_guard', 'stages': array([ 1,  2,  3,  4,  5,  6,  7,  8,  9, 10, 11, 12, 13, 14, 15, 16, 17,
       18, 19, 20]), 'minimum_residual': -0.17965750193595892}
RMPCC-MF inactive Row M stages are trivially feasible.
RMPCC-MF minimum box residuals [state | input]: 3.9e-08 | 0.0
SQP_RTI solver failed with status 4. Starting infeasible recovery.
Backup solver is unavailable; falling back to safe stop.
Applied nominal_safe_controller safe-stop plan after infeasible RMPCC-MF solve.
[RMPCC 0389] SAFE_STOP solve=236.7ms pose=(0.263,0.358,-0.901) u=(0.000,0.000) s=0.399 PSDFmin=-0.1787 G=FAIL(-0.1797) MF=inactive(active=0/20)
Acados solver failed with status 4
Acados residuals [stat, eq, ineq, comp]: [100.        0.        0.17966   0.     ]
Acados SQP iterations: 1
RMPCC-MF diagnostics captured before infeasibility recovery.
RMPCC-MF failed-iterate infeasibility candidates:
  - {'constraint': 'row_g_hard_guard', 'stages': array([ 1,  2,  3,  4,  5,  6,  7,  8,  9, 10, 11, 12, 13, 14, 15, 16, 17,
       18, 19, 20]), 'minimum_residual': -0.17965750193595892}
RMPCC-MF inactive Row M stages are trivially feasible.
RMPCC-MF minimum box residuals [state | input]: 3.9e-08 | 0.0
SQP_RTI solver failed with status 4. Starting infeasible recovery.
Backup solver is unavailable; falling back to safe stop.
Applied nominal_safe_controller safe-stop plan after infeasible RMPCC-MF solve.
[RMPCC 0390] SAFE_STOP solve=248.4ms pose=(0.263,0.358,-0.901) u=(0.000,0.000) s=0.399 PSDFmin=-0.1787 G=FAIL(-0.1797) MF=inactive(active=0/20)
Acados solver failed with status 4
Acados residuals [stat, eq, ineq, comp]: [100.        0.        0.17966   0.     ]
Acados SQP iterations: 1
RMPCC-MF diagnostics captured before infeasibility recovery.
RMPCC-MF failed-iterate infeasibility candidates:
  - {'constraint': 'row_g_hard_guard', 'stages': array([ 1,  2,  3,  4,  5,  6,  7,  8,  9, 10, 11, 12, 13, 14, 15, 16, 17,
       18, 19, 20]), 'minimum_residual': -0.17965750193595892}
RMPCC-MF inactive Row M stages are trivially feasible.
RMPCC-MF minimum box residuals [state | input]: 3.9e-08 | 0.0
SQP_RTI solver failed with status 4. Starting infeasible recovery.
Backup solver is unavailable; falling back to safe stop.
Applied nominal_safe_controller safe-stop plan after infeasible RMPCC-MF solve.
[RMPCC 0391] SAFE_STOP solve=249.8ms pose=(0.263,0.358,-0.901) u=(0.000,0.000) s=0.399 PSDFmin=-0.1787 G=FAIL(-0.1797) MF=inactive(active=0/20)
Acados solver failed with status 4
Acados residuals [stat, eq, ineq, comp]: [100.        0.        0.17966   0.     ]
Acados SQP iterations: 1
RMPCC-MF diagnostics captured before infeasibility recovery.
RMPCC-MF failed-iterate infeasibility candidates:
  - {'constraint': 'row_g_hard_guard', 'stages': array([ 1,  2,  3,  4,  5,  6,  7,  8,  9, 10, 11, 12, 13, 14, 15, 16, 17,
       18, 19, 20]), 'minimum_residual': -0.17965750193595892}
RMPCC-MF inactive Row M stages are trivially feasible.
RMPCC-MF minimum box residuals [state | input]: 3.9e-08 | 0.0
SQP_RTI solver failed with status 4. Starting infeasible recovery.
Backup solver is unavailable; falling back to safe stop.
Applied nominal_safe_controller safe-stop plan after infeasible RMPCC-MF solve.
[RMPCC 0392] SAFE_STOP solve=252.4ms pose=(0.263,0.358,-0.901) u=(0.000,0.000) s=0.399 PSDFmin=-0.1787 G=FAIL(-0.1797) MF=inactive(active=0/20)
Acados solver failed with status 4
Acados residuals [stat, eq, ineq, comp]: [100.        0.        0.17966   0.     ]
Acados SQP iterations: 1
RMPCC-MF diagnostics captured before infeasibility recovery.
RMPCC-MF failed-iterate infeasibility candidates:
  - {'constraint': 'row_g_hard_guard', 'stages': array([ 1,  2,  3,  4,  5,  6,  7,  8,  9, 10, 11, 12, 13, 14, 15, 16, 17,
       18, 19, 20]), 'minimum_residual': -0.17965750193595892}
RMPCC-MF inactive Row M stages are trivially feasible.
RMPCC-MF minimum box residuals [state | input]: 3.9e-08 | 0.0
SQP_RTI solver failed with status 4. Starting infeasible recovery.
Backup solver is unavailable; falling back to safe stop.
Applied nominal_safe_controller safe-stop plan after infeasible RMPCC-MF solve.
[RMPCC 0393] SAFE_STOP solve=254.5ms pose=(0.263,0.358,-0.901) u=(0.000,0.000) s=0.399 PSDFmin=-0.1787 G=FAIL(-0.1797) MF=inactive(active=0/20)
Acados solver failed with status 4
Acados residuals [stat, eq, ineq, comp]: [100.        0.        0.17966   0.     ]
Acados SQP iterations: 1
RMPCC-MF diagnostics captured before infeasibility recovery.
RMPCC-MF failed-iterate infeasibility candidates:
  - {'constraint': 'row_g_hard_guard', 'stages': array([ 1,  2,  3,  4,  5,  6,  7,  8,  9, 10, 11, 12, 13, 14, 15, 16, 17,
       18, 19, 20]), 'minimum_residual': -0.17965750193595892}
RMPCC-MF inactive Row M stages are trivially feasible.
RMPCC-MF minimum box residuals [state | input]: 3.9e-08 | 0.0
SQP_RTI solver failed with status 4. Starting infeasible recovery.
Backup solver is unavailable; falling back to safe stop.
Applied nominal_safe_controller safe-stop plan after infeasible RMPCC-MF solve.
[RMPCC 0394] SAFE_STOP solve=250.5ms pose=(0.263,0.358,-0.901) u=(0.000,0.000) s=0.399 PSDFmin=-0.1787 G=FAIL(-0.1797) MF=inactive(active=0/20)
Acados solver failed with status 4
Acados residuals [stat, eq, ineq, comp]: [100.        0.        0.17966   0.     ]
Acados SQP iterations: 1
RMPCC-MF diagnostics captured before infeasibility recovery.
RMPCC-MF failed-iterate infeasibility candidates:
  - {'constraint': 'row_g_hard_guard', 'stages': array([ 1,  2,  3,  4,  5,  6,  7,  8,  9, 10, 11, 12, 13, 14, 15, 16, 17,
       18, 19, 20]), 'minimum_residual': -0.17965750193595892}
RMPCC-MF inactive Row M stages are trivially feasible.
RMPCC-MF minimum box residuals [state | input]: 3.9e-08 | 0.0
SQP_RTI solver failed with status 4. Starting infeasible recovery.
Backup solver is unavailable; falling back to safe stop.
Applied nominal_safe_controller safe-stop plan after infeasible RMPCC-MF solve.
[RMPCC 0395] SAFE_STOP solve=224.0ms pose=(0.263,0.358,-0.901) u=(0.000,0.000) s=0.399 PSDFmin=-0.1787 G=FAIL(-0.1797) MF=inactive(active=0/20)
Acados solver failed with status 4
Acados residuals [stat, eq, ineq, comp]: [100.        0.        0.17966   0.     ]
Acados SQP iterations: 1
RMPCC-MF diagnostics captured before infeasibility recovery.
RMPCC-MF failed-iterate infeasibility candidates:
  - {'constraint': 'row_g_hard_guard', 'stages': array([ 1,  2,  3,  4,  5,  6,  7,  8,  9, 10, 11, 12, 13, 14, 15, 16, 17,
       18, 19, 20]), 'minimum_residual': -0.17965750193595892}
RMPCC-MF inactive Row M stages are trivially feasible.
RMPCC-MF minimum box residuals [state | input]: 3.9e-08 | 0.0
SQP_RTI solver failed with status 4. Starting infeasible recovery.
Backup solver is unavailable; falling back to safe stop.
Applied nominal_safe_controller safe-stop plan after infeasible RMPCC-MF solve.
[RMPCC 0396] SAFE_STOP solve=236.7ms pose=(0.263,0.358,-0.901) u=(0.000,0.000) s=0.399 PSDFmin=-0.1787 G=FAIL(-0.1797) MF=inactive(active=0/20)
Acados solver failed with status 4
Acados residuals [stat, eq, ineq, comp]: [100.        0.        0.17966   0.     ]
Acados SQP iterations: 1
RMPCC-MF diagnostics captured before infeasibility recovery.
RMPCC-MF failed-iterate infeasibility candidates:
  - {'constraint': 'row_g_hard_guard', 'stages': array([ 1,  2,  3,  4,  5,  6,  7,  8,  9, 10, 11, 12, 13, 14, 15, 16, 17,
       18, 19, 20]), 'minimum_residual': -0.17965750193595892}
RMPCC-MF inactive Row M stages are trivially feasible.
RMPCC-MF minimum box residuals [state | input]: 3.9e-08 | 0.0
SQP_RTI solver failed with status 4. Starting infeasible recovery.
Backup solver is unavailable; falling back to safe stop.
Applied nominal_safe_controller safe-stop plan after infeasible RMPCC-MF solve.
[RMPCC 0397] SAFE_STOP solve=227.0ms pose=(0.263,0.358,-0.901) u=(0.000,0.000) s=0.399 PSDFmin=-0.1787 G=FAIL(-0.1797) MF=inactive(active=0/20)
Acados solver failed with status 4
Acados residuals [stat, eq, ineq, comp]: [100.        0.        0.17966   0.     ]
Acados SQP iterations: 1
RMPCC-MF diagnostics captured before infeasibility recovery.
RMPCC-MF failed-iterate infeasibility candidates:
  - {'constraint': 'row_g_hard_guard', 'stages': array([ 1,  2,  3,  4,  5,  6,  7,  8,  9, 10, 11, 12, 13, 14, 15, 16, 17,
       18, 19, 20]), 'minimum_residual': -0.17965750193595892}
RMPCC-MF inactive Row M stages are trivially feasible.
RMPCC-MF minimum box residuals [state | input]: 3.9e-08 | 0.0
SQP_RTI solver failed with status 4. Starting infeasible recovery.
Backup solver is unavailable; falling back to safe stop.
Applied nominal_safe_controller safe-stop plan after infeasible RMPCC-MF solve.
[RMPCC 0398] SAFE_STOP solve=235.1ms pose=(0.263,0.358,-0.901) u=(0.000,0.000) s=0.399 PSDFmin=-0.1787 G=FAIL(-0.1797) MF=inactive(active=0/20)
Acados solver failed with status 4
Acados residuals [stat, eq, ineq, comp]: [100.        0.        0.17966   0.     ]
Acados SQP iterations: 1
RMPCC-MF diagnostics captured before infeasibility recovery.
RMPCC-MF failed-iterate infeasibility candidates:
  - {'constraint': 'row_g_hard_guard', 'stages': array([ 1,  2,  3,  4,  5,  6,  7,  8,  9, 10, 11, 12, 13, 14, 15, 16, 17,
       18, 19, 20]), 'minimum_residual': -0.17965750193595892}
RMPCC-MF inactive Row M stages are trivially feasible.
RMPCC-MF minimum box residuals [state | input]: 3.9e-08 | 0.0
SQP_RTI solver failed with status 4. Starting infeasible recovery.
Backup solver is unavailable; falling back to safe stop.
Applied nominal_safe_controller safe-stop plan after infeasible RMPCC-MF solve.
[RMPCC 0399] SAFE_STOP solve=223.0ms pose=(0.263,0.358,-0.901) u=(0.000,0.000) s=0.399 PSDFmin=-0.1787 G=FAIL(-0.1797) MF=inactive(active=0/20)
Acados solver failed with status 4
Acados residuals [stat, eq, ineq, comp]: [100.        0.        0.17966   0.     ]
Acados SQP iterations: 1
RMPCC-MF diagnostics captured before infeasibility recovery.
RMPCC-MF failed-iterate infeasibility candidates:
  - {'constraint': 'row_g_hard_guard', 'stages': array([ 1,  2,  3,  4,  5,  6,  7,  8,  9, 10, 11, 12, 13, 14, 15, 16, 17,
       18, 19, 20]), 'minimum_residual': -0.17965750193595892}
RMPCC-MF inactive Row M stages are trivially feasible.
RMPCC-MF minimum box residuals [state | input]: 3.9e-08 | 0.0
SQP_RTI solver failed with status 4. Starting infeasible recovery.
Backup solver is unavailable; falling back to safe stop.
Applied nominal_safe_controller safe-stop plan after infeasible RMPCC-MF solve.
[RMPCC 0400] SAFE_STOP solve=237.6ms pose=(0.263,0.358,-0.901) u=(0.000,0.000) s=0.399 PSDFmin=-0.1787 G=FAIL(-0.1797) MF=inactive(active=0/20)
Acados solver failed with status 4
Acados residuals [stat, eq, ineq, comp]: [100.        0.        0.17966   0.     ]
Acados SQP iterations: 1
RMPCC-MF diagnostics captured before infeasibility recovery.
RMPCC-MF failed-iterate infeasibility candidates:
  - {'constraint': 'row_g_hard_guard', 'stages': array([ 1,  2,  3,  4,  5,  6,  7,  8,  9, 10, 11, 12, 13, 14, 15, 16, 17,
       18, 19, 20]), 'minimum_residual': -0.17965750193595892}
RMPCC-MF inactive Row M stages are trivially feasible.
RMPCC-MF minimum box residuals [state | input]: 3.9e-08 | 0.0
SQP_RTI solver failed with status 4. Starting infeasible recovery.
Backup solver is unavailable; falling back to safe stop.
Applied nominal_safe_controller safe-stop plan after infeasible RMPCC-MF solve.
[RMPCC 0401] SAFE_STOP solve=232.1ms pose=(0.263,0.358,-0.901) u=(0.000,0.000) s=0.399 PSDFmin=-0.1787 G=FAIL(-0.1797) MF=inactive(active=0/20)
Acados solver failed with status 4
Acados residuals [stat, eq, ineq, comp]: [100.        0.        0.17966   0.     ]
Acados SQP iterations: 1
RMPCC-MF diagnostics captured before infeasibility recovery.
RMPCC-MF failed-iterate infeasibility candidates:
  - {'constraint': 'row_g_hard_guard', 'stages': array([ 1,  2,  3,  4,  5,  6,  7,  8,  9, 10, 11, 12, 13, 14, 15, 16, 17,
       18, 19, 20]), 'minimum_residual': -0.17965750193595892}
RMPCC-MF inactive Row M stages are trivially feasible.
RMPCC-MF minimum box residuals [state | input]: 3.9e-08 | 0.0
SQP_RTI solver failed with status 4. Starting infeasible recovery.
Backup solver is unavailable; falling back to safe stop.
Applied nominal_safe_controller safe-stop plan after infeasible RMPCC-MF solve.
[RMPCC 0402] SAFE_STOP solve=242.0ms pose=(0.263,0.358,-0.901) u=(0.000,0.000) s=0.399 PSDFmin=-0.1787 G=FAIL(-0.1797) MF=inactive(active=0/20)
Acados solver failed with status 4
Acados residuals [stat, eq, ineq, comp]: [100.        0.        0.17966   0.     ]
Acados SQP iterations: 1
RMPCC-MF diagnostics captured before infeasibility recovery.
RMPCC-MF failed-iterate infeasibility candidates:
  - {'constraint': 'row_g_hard_guard', 'stages': array([ 1,  2,  3,  4,  5,  6,  7,  8,  9, 10, 11, 12, 13, 14, 15, 16, 17,
       18, 19, 20]), 'minimum_residual': -0.17965750193595892}
RMPCC-MF inactive Row M stages are trivially feasible.
RMPCC-MF minimum box residuals [state | input]: 3.9e-08 | 0.0
SQP_RTI solver failed with status 4. Starting infeasible recovery.
Backup solver is unavailable; falling back to safe stop.
Applied nominal_safe_controller safe-stop plan after infeasible RMPCC-MF solve.
[RMPCC 0403] SAFE_STOP solve=222.2ms pose=(0.263,0.358,-0.901) u=(0.000,0.000) s=0.399 PSDFmin=-0.1787 G=FAIL(-0.1797) MF=inactive(active=0/20)
Acados solver failed with status 4
Acados residuals [stat, eq, ineq, comp]: [100.        0.        0.17966   0.     ]
Acados SQP iterations: 1
RMPCC-MF diagnostics captured before infeasibility recovery.
RMPCC-MF failed-iterate infeasibility candidates:
  - {'constraint': 'row_g_hard_guard', 'stages': array([ 1,  2,  3,  4,  5,  6,  7,  8,  9, 10, 11, 12, 13, 14, 15, 16, 17,
       18, 19, 20]), 'minimum_residual': -0.17965750193595892}
RMPCC-MF inactive Row M stages are trivially feasible.
RMPCC-MF minimum box residuals [state | input]: 3.9e-08 | 0.0
SQP_RTI solver failed with status 4. Starting infeasible recovery.
Backup solver is unavailable; falling back to safe stop.
Applied nominal_safe_controller safe-stop plan after infeasible RMPCC-MF solve.
[RMPCC 0404] SAFE_STOP solve=223.2ms pose=(0.263,0.358,-0.901) u=(0.000,0.000) s=0.399 PSDFmin=-0.1787 G=FAIL(-0.1797) MF=inactive(active=0/20)
Acados solver failed with status 4
Acados residuals [stat, eq, ineq, comp]: [100.        0.        0.17966   0.     ]
Acados SQP iterations: 1
RMPCC-MF diagnostics captured before infeasibility recovery.
RMPCC-MF failed-iterate infeasibility candidates:
  - {'constraint': 'row_g_hard_guard', 'stages': array([ 1,  2,  3,  4,  5,  6,  7,  8,  9, 10, 11, 12, 13, 14, 15, 16, 17,
       18, 19, 20]), 'minimum_residual': -0.17965750193595892}
RMPCC-MF inactive Row M stages are trivially feasible.
RMPCC-MF minimum box residuals [state | input]: 3.9e-08 | 0.0
SQP_RTI solver failed with status 4. Starting infeasible recovery.
Backup solver is unavailable; falling back to safe stop.
Applied nominal_safe_controller safe-stop plan after infeasible RMPCC-MF solve.
[RMPCC 0405] SAFE_STOP solve=234.1ms pose=(0.263,0.358,-0.901) u=(0.000,0.000) s=0.399 PSDFmin=-0.1787 G=FAIL(-0.1797) MF=inactive(active=0/20)
Acados solver failed with status 4
Acados residuals [stat, eq, ineq, comp]: [100.        0.        0.17966   0.     ]
Acados SQP iterations: 1
RMPCC-MF diagnostics captured before infeasibility recovery.
RMPCC-MF failed-iterate infeasibility candidates:
  - {'constraint': 'row_g_hard_guard', 'stages': array([ 1,  2,  3,  4,  5,  6,  7,  8,  9, 10, 11, 12, 13, 14, 15, 16, 17,
       18, 19, 20]), 'minimum_residual': -0.17965750193595892}
RMPCC-MF inactive Row M stages are trivially feasible.
RMPCC-MF minimum box residuals [state | input]: 3.9e-08 | 0.0
SQP_RTI solver failed with status 4. Starting infeasible recovery.
Backup solver is unavailable; falling back to safe stop.
Applied nominal_safe_controller safe-stop plan after infeasible RMPCC-MF solve.
[RMPCC 0406] SAFE_STOP solve=247.5ms pose=(0.263,0.358,-0.901) u=(0.000,0.000) s=0.399 PSDFmin=-0.1787 G=FAIL(-0.1797) MF=inactive(active=0/20)
Acados solver failed with status 4
Acados residuals [stat, eq, ineq, comp]: [100.        0.        0.17966   0.     ]
Acados SQP iterations: 1
RMPCC-MF diagnostics captured before infeasibility recovery.
RMPCC-MF failed-iterate infeasibility candidates:
  - {'constraint': 'row_g_hard_guard', 'stages': array([ 1,  2,  3,  4,  5,  6,  7,  8,  9, 10, 11, 12, 13, 14, 15, 16, 17,
       18, 19, 20]), 'minimum_residual': -0.17965750193595892}
RMPCC-MF inactive Row M stages are trivially feasible.
RMPCC-MF minimum box residuals [state | input]: 3.9e-08 | 0.0
SQP_RTI solver failed with status 4. Starting infeasible recovery.
Backup solver is unavailable; falling back to safe stop.
Applied nominal_safe_controller safe-stop plan after infeasible RMPCC-MF solve.
[RMPCC 0407] SAFE_STOP solve=262.6ms pose=(0.263,0.358,-0.901) u=(0.000,0.000) s=0.399 PSDFmin=-0.1787 G=FAIL(-0.1797) MF=inactive(active=0/20)
Acados solver failed with status 4
Acados residuals [stat, eq, ineq, comp]: [100.        0.        0.17966   0.     ]
Acados SQP iterations: 1
RMPCC-MF diagnostics captured before infeasibility recovery.
RMPCC-MF failed-iterate infeasibility candidates:
  - {'constraint': 'row_g_hard_guard', 'stages': array([ 1,  2,  3,  4,  5,  6,  7,  8,  9, 10, 11, 12, 13, 14, 15, 16, 17,
       18, 19, 20]), 'minimum_residual': -0.17965750193595892}
RMPCC-MF inactive Row M stages are trivially feasible.
RMPCC-MF minimum box residuals [state | input]: 3.9e-08 | 0.0
SQP_RTI solver failed with status 4. Starting infeasible recovery.
Backup solver is unavailable; falling back to safe stop.
Applied nominal_safe_controller safe-stop plan after infeasible RMPCC-MF solve.
[RMPCC 0408] SAFE_STOP solve=240.1ms pose=(0.263,0.358,-0.901) u=(0.000,0.000) s=0.399 PSDFmin=-0.1787 G=FAIL(-0.1797) MF=inactive(active=0/20)
Acados solver failed with status 4
Acados residuals [stat, eq, ineq, comp]: [100.        0.        0.17966   0.     ]
Acados SQP iterations: 1
RMPCC-MF diagnostics captured before infeasibility recovery.
RMPCC-MF failed-iterate infeasibility candidates:
  - {'constraint': 'row_g_hard_guard', 'stages': array([ 1,  2,  3,  4,  5,  6,  7,  8,  9, 10, 11, 12, 13, 14, 15, 16, 17,
       18, 19, 20]), 'minimum_residual': -0.17965750193595892}
RMPCC-MF inactive Row M stages are trivially feasible.
RMPCC-MF minimum box residuals [state | input]: 3.9e-08 | 0.0
SQP_RTI solver failed with status 4. Starting infeasible recovery.
Backup solver is unavailable; falling back to safe stop.
Applied nominal_safe_controller safe-stop plan after infeasible RMPCC-MF solve.
[RMPCC 0409] SAFE_STOP solve=230.0ms pose=(0.263,0.358,-0.901) u=(0.000,0.000) s=0.399 PSDFmin=-0.1787 G=FAIL(-0.1797) MF=inactive(active=0/20)
Acados solver failed with status 4
Acados residuals [stat, eq, ineq, comp]: [100.        0.        0.17966   0.     ]
Acados SQP iterations: 1
RMPCC-MF diagnostics captured before infeasibility recovery.
RMPCC-MF failed-iterate infeasibility candidates:
  - {'constraint': 'row_g_hard_guard', 'stages': array([ 1,  2,  3,  4,  5,  6,  7,  8,  9, 10, 11, 12, 13, 14, 15, 16, 17,
       18, 19, 20]), 'minimum_residual': -0.17965750193595892}
RMPCC-MF inactive Row M stages are trivially feasible.
RMPCC-MF minimum box residuals [state | input]: 3.9e-08 | 0.0
SQP_RTI solver failed with status 4. Starting infeasible recovery.
Backup solver is unavailable; falling back to safe stop.
Applied nominal_safe_controller safe-stop plan after infeasible RMPCC-MF solve.
[RMPCC 0410] SAFE_STOP solve=238.9ms pose=(0.263,0.358,-0.901) u=(0.000,0.000) s=0.399 PSDFmin=-0.1787 G=FAIL(-0.1797) MF=inactive(active=0/20)
Acados solver failed with status 4
Acados residuals [stat, eq, ineq, comp]: [100.        0.        0.17966   0.     ]
Acados SQP iterations: 1
RMPCC-MF diagnostics captured before infeasibility recovery.
RMPCC-MF failed-iterate infeasibility candidates:
  - {'constraint': 'row_g_hard_guard', 'stages': array([ 1,  2,  3,  4,  5,  6,  7,  8,  9, 10, 11, 12, 13, 14, 15, 16, 17,
       18, 19, 20]), 'minimum_residual': -0.17965750193595892}
RMPCC-MF inactive Row M stages are trivially feasible.
RMPCC-MF minimum box residuals [state | input]: 3.9e-08 | 0.0
SQP_RTI solver failed with status 4. Starting infeasible recovery.
Backup solver is unavailable; falling back to safe stop.
Applied nominal_safe_controller safe-stop plan after infeasible RMPCC-MF solve.
[RMPCC 0411] SAFE_STOP solve=216.1ms pose=(0.263,0.358,-0.901) u=(0.000,0.000) s=0.399 PSDFmin=-0.1787 G=FAIL(-0.1797) MF=inactive(active=0/20)
Acados solver failed with status 4
Acados residuals [stat, eq, ineq, comp]: [100.        0.        0.17966   0.     ]
Acados SQP iterations: 1
RMPCC-MF diagnostics captured before infeasibility recovery.
RMPCC-MF failed-iterate infeasibility candidates:
  - {'constraint': 'row_g_hard_guard', 'stages': array([ 1,  2,  3,  4,  5,  6,  7,  8,  9, 10, 11, 12, 13, 14, 15, 16, 17,
       18, 19, 20]), 'minimum_residual': -0.17965750193595892}
RMPCC-MF inactive Row M stages are trivially feasible.
RMPCC-MF minimum box residuals [state | input]: 3.9e-08 | 0.0
SQP_RTI solver failed with status 4. Starting infeasible recovery.
Backup solver is unavailable; falling back to safe stop.
Applied nominal_safe_controller safe-stop plan after infeasible RMPCC-MF solve.
[RMPCC 0412] SAFE_STOP solve=228.4ms pose=(0.263,0.358,-0.901) u=(0.000,0.000) s=0.399 PSDFmin=-0.1787 G=FAIL(-0.1797) MF=inactive(active=0/20)
Acados solver failed with status 4
Acados residuals [stat, eq, ineq, comp]: [100.        0.        0.17966   0.     ]
Acados SQP iterations: 1
RMPCC-MF diagnostics captured before infeasibility recovery.
RMPCC-MF failed-iterate infeasibility candidates:
  - {'constraint': 'row_g_hard_guard', 'stages': array([ 1,  2,  3,  4,  5,  6,  7,  8,  9, 10, 11, 12, 13, 14, 15, 16, 17,
       18, 19, 20]), 'minimum_residual': -0.17965750193595892}
RMPCC-MF inactive Row M stages are trivially feasible.
RMPCC-MF minimum box residuals [state | input]: 3.9e-08 | 0.0
SQP_RTI solver failed with status 4. Starting infeasible recovery.
Backup solver is unavailable; falling back to safe stop.
Applied nominal_safe_controller safe-stop plan after infeasible RMPCC-MF solve.
[RMPCC 0413] SAFE_STOP solve=214.1ms pose=(0.263,0.358,-0.901) u=(0.000,0.000) s=0.399 PSDFmin=-0.1787 G=FAIL(-0.1797) MF=inactive(active=0/20)
Acados solver failed with status 4
Acados residuals [stat, eq, ineq, comp]: [100.        0.        0.17966   0.     ]
Acados SQP iterations: 1
RMPCC-MF diagnostics captured before infeasibility recovery.
RMPCC-MF failed-iterate infeasibility candidates:
  - {'constraint': 'row_g_hard_guard', 'stages': array([ 1,  2,  3,  4,  5,  6,  7,  8,  9, 10, 11, 12, 13, 14, 15, 16, 17,
       18, 19, 20]), 'minimum_residual': -0.17965750193595892}
RMPCC-MF inactive Row M stages are trivially feasible.
RMPCC-MF minimum box residuals [state | input]: 3.9e-08 | 0.0
SQP_RTI solver failed with status 4. Starting infeasible recovery.
Backup solver is unavailable; falling back to safe stop.
Applied nominal_safe_controller safe-stop plan after infeasible RMPCC-MF solve.
[RMPCC 0414] SAFE_STOP solve=227.8ms pose=(0.263,0.358,-0.901) u=(0.000,0.000) s=0.399 PSDFmin=-0.1787 G=FAIL(-0.1797) MF=inactive(active=0/20)
Acados solver failed with status 4
Acados residuals [stat, eq, ineq, comp]: [100.        0.        0.17966   0.     ]
Acados SQP iterations: 1
RMPCC-MF diagnostics captured before infeasibility recovery.
RMPCC-MF failed-iterate infeasibility candidates:
  - {'constraint': 'row_g_hard_guard', 'stages': array([ 1,  2,  3,  4,  5,  6,  7,  8,  9, 10, 11, 12, 13, 14, 15, 16, 17,
       18, 19, 20]), 'minimum_residual': -0.17965750193595892}
RMPCC-MF inactive Row M stages are trivially feasible.
RMPCC-MF minimum box residuals [state | input]: 3.9e-08 | 0.0
SQP_RTI solver failed with status 4. Starting infeasible recovery.
Backup solver is unavailable; falling back to safe stop.
Applied nominal_safe_controller safe-stop plan after infeasible RMPCC-MF solve.
[RMPCC 0415] SAFE_STOP solve=232.1ms pose=(0.263,0.358,-0.901) u=(0.000,0.000) s=0.399 PSDFmin=-0.1787 G=FAIL(-0.1797) MF=inactive(active=0/20)
Acados solver failed with status 4
Acados residuals [stat, eq, ineq, comp]: [100.        0.        0.17966   0.     ]
Acados SQP iterations: 1
RMPCC-MF diagnostics captured before infeasibility recovery.
RMPCC-MF failed-iterate infeasibility candidates:
  - {'constraint': 'row_g_hard_guard', 'stages': array([ 1,  2,  3,  4,  5,  6,  7,  8,  9, 10, 11, 12, 13, 14, 15, 16, 17,
       18, 19, 20]), 'minimum_residual': -0.17965750193595892}
RMPCC-MF inactive Row M stages are trivially feasible.
RMPCC-MF minimum box residuals [state | input]: 3.9e-08 | 0.0
SQP_RTI solver failed with status 4. Starting infeasible recovery.
Backup solver is unavailable; falling back to safe stop.
Applied nominal_safe_controller safe-stop plan after infeasible RMPCC-MF solve.
[RMPCC 0416] SAFE_STOP solve=228.5ms pose=(0.263,0.358,-0.901) u=(0.000,0.000) s=0.399 PSDFmin=-0.1787 G=FAIL(-0.1797) MF=inactive(active=0/20)
Acados solver failed with status 4
Acados residuals [stat, eq, ineq, comp]: [100.        0.        0.17966   0.     ]
Acados SQP iterations: 1
RMPCC-MF diagnostics captured before infeasibility recovery.
RMPCC-MF failed-iterate infeasibility candidates:
  - {'constraint': 'row_g_hard_guard', 'stages': array([ 1,  2,  3,  4,  5,  6,  7,  8,  9, 10, 11, 12, 13, 14, 15, 16, 17,
       18, 19, 20]), 'minimum_residual': -0.17965750193595892}
RMPCC-MF inactive Row M stages are trivially feasible.
RMPCC-MF minimum box residuals [state | input]: 3.9e-08 | 0.0
SQP_RTI solver failed with status 4. Starting infeasible recovery.
Backup solver is unavailable; falling back to safe stop.
Applied nominal_safe_controller safe-stop plan after infeasible RMPCC-MF solve.
[RMPCC 0417] SAFE_STOP solve=222.6ms pose=(0.263,0.358,-0.901) u=(0.000,0.000) s=0.399 PSDFmin=-0.1787 G=FAIL(-0.1797) MF=inactive(active=0/20)
Acados solver failed with status 4
Acados residuals [stat, eq, ineq, comp]: [100.        0.        0.17966   0.     ]
Acados SQP iterations: 1
RMPCC-MF diagnostics captured before infeasibility recovery.
RMPCC-MF failed-iterate infeasibility candidates:
  - {'constraint': 'row_g_hard_guard', 'stages': array([ 1,  2,  3,  4,  5,  6,  7,  8,  9, 10, 11, 12, 13, 14, 15, 16, 17,
       18, 19, 20]), 'minimum_residual': -0.17965750193595892}
RMPCC-MF inactive Row M stages are trivially feasible.
RMPCC-MF minimum box residuals [state | input]: 3.9e-08 | 0.0
SQP_RTI solver failed with status 4. Starting infeasible recovery.
Backup solver is unavailable; falling back to safe stop.
Applied nominal_safe_controller safe-stop plan after infeasible RMPCC-MF solve.
[RMPCC 0418] SAFE_STOP solve=239.1ms pose=(0.263,0.358,-0.901) u=(0.000,0.000) s=0.399 PSDFmin=-0.1787 G=FAIL(-0.1797) MF=inactive(active=0/20)
Acados solver failed with status 4
Acados residuals [stat, eq, ineq, comp]: [100.        0.        0.17966   0.     ]
Acados SQP iterations: 1
RMPCC-MF diagnostics captured before infeasibility recovery.
RMPCC-MF failed-iterate infeasibility candidates:
  - {'constraint': 'row_g_hard_guard', 'stages': array([ 1,  2,  3,  4,  5,  6,  7,  8,  9, 10, 11, 12, 13, 14, 15, 16, 17,
       18, 19, 20]), 'minimum_residual': -0.17965750193595892}
RMPCC-MF inactive Row M stages are trivially feasible.
RMPCC-MF minimum box residuals [state | input]: 3.9e-08 | 0.0
SQP_RTI solver failed with status 4. Starting infeasible recovery.
Backup solver is unavailable; falling back to safe stop.
Applied nominal_safe_controller safe-stop plan after infeasible RMPCC-MF solve.
[RMPCC 0419] SAFE_STOP solve=231.1ms pose=(0.263,0.358,-0.901) u=(0.000,0.000) s=0.399 PSDFmin=-0.1787 G=FAIL(-0.1797) MF=inactive(active=0/20)
Acados solver failed with status 4
Acados residuals [stat, eq, ineq, comp]: [100.        0.        0.17966   0.     ]
Acados SQP iterations: 1
RMPCC-MF diagnostics captured before infeasibility recovery.
RMPCC-MF failed-iterate infeasibility candidates:
  - {'constraint': 'row_g_hard_guard', 'stages': array([ 1,  2,  3,  4,  5,  6,  7,  8,  9, 10, 11, 12, 13, 14, 15, 16, 17,
       18, 19, 20]), 'minimum_residual': -0.17965750193595892}
RMPCC-MF inactive Row M stages are trivially feasible.
RMPCC-MF minimum box residuals [state | input]: 3.9e-08 | 0.0
SQP_RTI solver failed with status 4. Starting infeasible recovery.
Backup solver is unavailable; falling back to safe stop.
Applied nominal_safe_controller safe-stop plan after infeasible RMPCC-MF solve.
[RMPCC 0420] SAFE_STOP solve=231.4ms pose=(0.263,0.358,-0.901) u=(0.000,0.000) s=0.399 PSDFmin=-0.1787 G=FAIL(-0.1797) MF=inactive(active=0/20)
Acados solver failed with status 4
Acados residuals [stat, eq, ineq, comp]: [100.        0.        0.17966   0.     ]
Acados SQP iterations: 1
RMPCC-MF diagnostics captured before infeasibility recovery.
RMPCC-MF failed-iterate infeasibility candidates:
  - {'constraint': 'row_g_hard_guard', 'stages': array([ 1,  2,  3,  4,  5,  6,  7,  8,  9, 10, 11, 12, 13, 14, 15, 16, 17,
       18, 19, 20]), 'minimum_residual': -0.17965750193595892}
RMPCC-MF inactive Row M stages are trivially feasible.
RMPCC-MF minimum box residuals [state | input]: 3.9e-08 | 0.0
SQP_RTI solver failed with status 4. Starting infeasible recovery.
Backup solver is unavailable; falling back to safe stop.
Applied nominal_safe_controller safe-stop plan after infeasible RMPCC-MF solve.
[RMPCC 0421] SAFE_STOP solve=236.5ms pose=(0.263,0.358,-0.901) u=(0.000,0.000) s=0.399 PSDFmin=-0.1787 G=FAIL(-0.1797) MF=inactive(active=0/20)
Acados solver failed with status 4
Acados residuals [stat, eq, ineq, comp]: [100.        0.        0.17966   0.     ]
Acados SQP iterations: 1
RMPCC-MF diagnostics captured before infeasibility recovery.
RMPCC-MF failed-iterate infeasibility candidates:
  - {'constraint': 'row_g_hard_guard', 'stages': array([ 1,  2,  3,  4,  5,  6,  7,  8,  9, 10, 11, 12, 13, 14, 15, 16, 17,
       18, 19, 20]), 'minimum_residual': -0.17965750193595892}
RMPCC-MF inactive Row M stages are trivially feasible.
RMPCC-MF minimum box residuals [state | input]: 3.9e-08 | 0.0
SQP_RTI solver failed with status 4. Starting infeasible recovery.
Backup solver is unavailable; falling back to safe stop.
Applied nominal_safe_controller safe-stop plan after infeasible RMPCC-MF solve.
[RMPCC 0422] SAFE_STOP solve=253.1ms pose=(0.263,0.358,-0.901) u=(0.000,0.000) s=0.399 PSDFmin=-0.1787 G=FAIL(-0.1797) MF=inactive(active=0/20)
Acados solver failed with status 4
Acados residuals [stat, eq, ineq, comp]: [100.        0.        0.17966   0.     ]
Acados SQP iterations: 1
RMPCC-MF diagnostics captured before infeasibility recovery.
RMPCC-MF failed-iterate infeasibility candidates:
  - {'constraint': 'row_g_hard_guard', 'stages': array([ 1,  2,  3,  4,  5,  6,  7,  8,  9, 10, 11, 12, 13, 14, 15, 16, 17,
       18, 19, 20]), 'minimum_residual': -0.17965750193595892}
RMPCC-MF inactive Row M stages are trivially feasible.
RMPCC-MF minimum box residuals [state | input]: 3.9e-08 | 0.0
SQP_RTI solver failed with status 4. Starting infeasible recovery.
Backup solver is unavailable; falling back to safe stop.
Applied nominal_safe_controller safe-stop plan after infeasible RMPCC-MF solve.
[RMPCC 0423] SAFE_STOP solve=249.7ms pose=(0.263,0.358,-0.901) u=(0.000,0.000) s=0.399 PSDFmin=-0.1787 G=FAIL(-0.1797) MF=inactive(active=0/20)
Acados solver failed with status 4
Acados residuals [stat, eq, ineq, comp]: [100.        0.        0.17966   0.     ]
Acados SQP iterations: 1
RMPCC-MF diagnostics captured before infeasibility recovery.
RMPCC-MF failed-iterate infeasibility candidates:
  - {'constraint': 'row_g_hard_guard', 'stages': array([ 1,  2,  3,  4,  5,  6,  7,  8,  9, 10, 11, 12, 13, 14, 15, 16, 17,
       18, 19, 20]), 'minimum_residual': -0.17965750193595892}
RMPCC-MF inactive Row M stages are trivially feasible.
RMPCC-MF minimum box residuals [state | input]: 3.9e-08 | 0.0
SQP_RTI solver failed with status 4. Starting infeasible recovery.
Backup solver is unavailable; falling back to safe stop.
Applied nominal_safe_controller safe-stop plan after infeasible RMPCC-MF solve.
[RMPCC 0424] SAFE_STOP solve=230.7ms pose=(0.263,0.358,-0.901) u=(0.000,0.000) s=0.399 PSDFmin=-0.1787 G=FAIL(-0.1797) MF=inactive(active=0/20)
Acados solver failed with status 4
Acados residuals [stat, eq, ineq, comp]: [100.        0.        0.17966   0.     ]
Acados SQP iterations: 1
RMPCC-MF diagnostics captured before infeasibility recovery.
RMPCC-MF failed-iterate infeasibility candidates:
  - {'constraint': 'row_g_hard_guard', 'stages': array([ 1,  2,  3,  4,  5,  6,  7,  8,  9, 10, 11, 12, 13, 14, 15, 16, 17,
       18, 19, 20]), 'minimum_residual': -0.17965750193595892}
RMPCC-MF inactive Row M stages are trivially feasible.
RMPCC-MF minimum box residuals [state | input]: 3.9e-08 | 0.0
SQP_RTI solver failed with status 4. Starting infeasible recovery.
Backup solver is unavailable; falling back to safe stop.
Applied nominal_safe_controller safe-stop plan after infeasible RMPCC-MF solve.
[RMPCC 0425] SAFE_STOP solve=214.4ms pose=(0.263,0.358,-0.901) u=(0.000,0.000) s=0.399 PSDFmin=-0.1787 G=FAIL(-0.1797) MF=inactive(active=0/20)
Acados solver failed with status 4
Acados residuals [stat, eq, ineq, comp]: [100.        0.        0.17966   0.     ]
Acados SQP iterations: 1
RMPCC-MF diagnostics captured before infeasibility recovery.
RMPCC-MF failed-iterate infeasibility candidates:
  - {'constraint': 'row_g_hard_guard', 'stages': array([ 1,  2,  3,  4,  5,  6,  7,  8,  9, 10, 11, 12, 13, 14, 15, 16, 17,
       18, 19, 20]), 'minimum_residual': -0.17965750193595892}
RMPCC-MF inactive Row M stages are trivially feasible.
RMPCC-MF minimum box residuals [state | input]: 3.9e-08 | 0.0
SQP_RTI solver failed with status 4. Starting infeasible recovery.
Backup solver is unavailable; falling back to safe stop.
Applied nominal_safe_controller safe-stop plan after infeasible RMPCC-MF solve.
[RMPCC 0426] SAFE_STOP solve=219.9ms pose=(0.263,0.358,-0.901) u=(0.000,0.000) s=0.399 PSDFmin=-0.1787 G=FAIL(-0.1797) MF=inactive(active=0/20)
Acados solver failed with status 4
Acados residuals [stat, eq, ineq, comp]: [100.        0.        0.17966   0.     ]
Acados SQP iterations: 1
RMPCC-MF diagnostics captured before infeasibility recovery.
RMPCC-MF failed-iterate infeasibility candidates:
  - {'constraint': 'row_g_hard_guard', 'stages': array([ 1,  2,  3,  4,  5,  6,  7,  8,  9, 10, 11, 12, 13, 14, 15, 16, 17,
       18, 19, 20]), 'minimum_residual': -0.17965750193595892}
RMPCC-MF inactive Row M stages are trivially feasible.
RMPCC-MF minimum box residuals [state | input]: 3.9e-08 | 0.0
SQP_RTI solver failed with status 4. Starting infeasible recovery.
Backup solver is unavailable; falling back to safe stop.
Applied nominal_safe_controller safe-stop plan after infeasible RMPCC-MF solve.
[RMPCC 0427] SAFE_STOP solve=225.1ms pose=(0.263,0.358,-0.901) u=(0.000,0.000) s=0.399 PSDFmin=-0.1787 G=FAIL(-0.1797) MF=inactive(active=0/20)
Acados solver failed with status 4
Acados residuals [stat, eq, ineq, comp]: [100.        0.        0.17966   0.     ]
Acados SQP iterations: 1
RMPCC-MF diagnostics captured before infeasibility recovery.
RMPCC-MF failed-iterate infeasibility candidates:
  - {'constraint': 'row_g_hard_guard', 'stages': array([ 1,  2,  3,  4,  5,  6,  7,  8,  9, 10, 11, 12, 13, 14, 15, 16, 17,
       18, 19, 20]), 'minimum_residual': -0.17965750193595892}
RMPCC-MF inactive Row M stages are trivially feasible.
RMPCC-MF minimum box residuals [state | input]: 3.9e-08 | 0.0
SQP_RTI solver failed with status 4. Starting infeasible recovery.
Backup solver is unavailable; falling back to safe stop.
Applied nominal_safe_controller safe-stop plan after infeasible RMPCC-MF solve.
[RMPCC 0428] SAFE_STOP solve=229.5ms pose=(0.263,0.358,-0.901) u=(0.000,0.000) s=0.399 PSDFmin=-0.1787 G=FAIL(-0.1797) MF=inactive(active=0/20)
Acados solver failed with status 4
Acados residuals [stat, eq, ineq, comp]: [100.        0.        0.17966   0.     ]
Acados SQP iterations: 1
RMPCC-MF diagnostics captured before infeasibility recovery.
RMPCC-MF failed-iterate infeasibility candidates:
  - {'constraint': 'row_g_hard_guard', 'stages': array([ 1,  2,  3,  4,  5,  6,  7,  8,  9, 10, 11, 12, 13, 14, 15, 16, 17,
       18, 19, 20]), 'minimum_residual': -0.17965750193595892}
RMPCC-MF inactive Row M stages are trivially feasible.
RMPCC-MF minimum box residuals [state | input]: 3.9e-08 | 0.0
SQP_RTI solver failed with status 4. Starting infeasible recovery.
Backup solver is unavailable; falling back to safe stop.
Applied nominal_safe_controller safe-stop plan after infeasible RMPCC-MF solve.
[RMPCC 0429] SAFE_STOP solve=236.7ms pose=(0.263,0.358,-0.901) u=(0.000,0.000) s=0.399 PSDFmin=-0.1787 G=FAIL(-0.1797) MF=inactive(active=0/20)
Acados solver failed with status 4
Acados residuals [stat, eq, ineq, comp]: [100.        0.        0.17966   0.     ]
Acados SQP iterations: 1
RMPCC-MF diagnostics captured before infeasibility recovery.
RMPCC-MF failed-iterate infeasibility candidates:
  - {'constraint': 'row_g_hard_guard', 'stages': array([ 1,  2,  3,  4,  5,  6,  7,  8,  9, 10, 11, 12, 13, 14, 15, 16, 17,
       18, 19, 20]), 'minimum_residual': -0.17965750193595892}
RMPCC-MF inactive Row M stages are trivially feasible.
RMPCC-MF minimum box residuals [state | input]: 3.9e-08 | 0.0
SQP_RTI solver failed with status 4. Starting infeasible recovery.
Backup solver is unavailable; falling back to safe stop.
Applied nominal_safe_controller safe-stop plan after infeasible RMPCC-MF solve.
[RMPCC 0430] SAFE_STOP solve=226.3ms pose=(0.263,0.358,-0.901) u=(0.000,0.000) s=0.399 PSDFmin=-0.1787 G=FAIL(-0.1797) MF=inactive(active=0/20)
Acados solver failed with status 4
Acados residuals [stat, eq, ineq, comp]: [100.        0.        0.17966   0.     ]
Acados SQP iterations: 1
RMPCC-MF diagnostics captured before infeasibility recovery.
RMPCC-MF failed-iterate infeasibility candidates:
  - {'constraint': 'row_g_hard_guard', 'stages': array([ 1,  2,  3,  4,  5,  6,  7,  8,  9, 10, 11, 12, 13, 14, 15, 16, 17,
       18, 19, 20]), 'minimum_residual': -0.17965750193595892}
RMPCC-MF inactive Row M stages are trivially feasible.
RMPCC-MF minimum box residuals [state | input]: 3.9e-08 | 0.0
SQP_RTI solver failed with status 4. Starting infeasible recovery.
Backup solver is unavailable; falling back to safe stop.
Applied nominal_safe_controller safe-stop plan after infeasible RMPCC-MF solve.
[RMPCC 0431] SAFE_STOP solve=206.8ms pose=(0.263,0.358,-0.901) u=(0.000,0.000) s=0.399 PSDFmin=-0.1787 G=FAIL(-0.1797) MF=inactive(active=0/20)
Acados solver failed with status 4
Acados residuals [stat, eq, ineq, comp]: [100.        0.        0.17966   0.     ]
Acados SQP iterations: 1
RMPCC-MF diagnostics captured before infeasibility recovery.
RMPCC-MF failed-iterate infeasibility candidates:
  - {'constraint': 'row_g_hard_guard', 'stages': array([ 1,  2,  3,  4,  5,  6,  7,  8,  9, 10, 11, 12, 13, 14, 15, 16, 17,
       18, 19, 20]), 'minimum_residual': -0.17965750193595892}
RMPCC-MF inactive Row M stages are trivially feasible.
RMPCC-MF minimum box residuals [state | input]: 3.9e-08 | 0.0
SQP_RTI solver failed with status 4. Starting infeasible recovery.
Backup solver is unavailable; falling back to safe stop.
Applied nominal_safe_controller safe-stop plan after infeasible RMPCC-MF solve.
[RMPCC 0432] SAFE_STOP solve=251.1ms pose=(0.263,0.358,-0.901) u=(0.000,0.000) s=0.399 PSDFmin=-0.1787 G=FAIL(-0.1797) MF=inactive(active=0/20)
Acados solver failed with status 4
Acados residuals [stat, eq, ineq, comp]: [100.        0.        0.17966   0.     ]
Acados SQP iterations: 1
RMPCC-MF diagnostics captured before infeasibility recovery.
RMPCC-MF failed-iterate infeasibility candidates:
  - {'constraint': 'row_g_hard_guard', 'stages': array([ 1,  2,  3,  4,  5,  6,  7,  8,  9, 10, 11, 12, 13, 14, 15, 16, 17,
       18, 19, 20]), 'minimum_residual': -0.17965750193595892}
RMPCC-MF inactive Row M stages are trivially feasible.
RMPCC-MF minimum box residuals [state | input]: 3.9e-08 | 0.0
SQP_RTI solver failed with status 4. Starting infeasible recovery.
Backup solver is unavailable; falling back to safe stop.
Applied nominal_safe_controller safe-stop plan after infeasible RMPCC-MF solve.
[RMPCC 0433] SAFE_STOP solve=234.6ms pose=(0.263,0.358,-0.901) u=(0.000,0.000) s=0.399 PSDFmin=-0.1787 G=FAIL(-0.1797) MF=inactive(active=0/20)
Acados solver failed with status 4
Acados residuals [stat, eq, ineq, comp]: [100.        0.        0.17966   0.     ]
Acados SQP iterations: 1
RMPCC-MF diagnostics captured before infeasibility recovery.
RMPCC-MF failed-iterate infeasibility candidates:
  - {'constraint': 'row_g_hard_guard', 'stages': array([ 1,  2,  3,  4,  5,  6,  7,  8,  9, 10, 11, 12, 13, 14, 15, 16, 17,
       18, 19, 20]), 'minimum_residual': -0.17965750193595892}
RMPCC-MF inactive Row M stages are trivially feasible.
RMPCC-MF minimum box residuals [state | input]: 3.9e-08 | 0.0
SQP_RTI solver failed with status 4. Starting infeasible recovery.
Backup solver is unavailable; falling back to safe stop.
Applied nominal_safe_controller safe-stop plan after infeasible RMPCC-MF solve.
[RMPCC 0434] SAFE_STOP solve=222.9ms pose=(0.263,0.358,-0.901) u=(0.000,0.000) s=0.399 PSDFmin=-0.1787 G=FAIL(-0.1797) MF=inactive(active=0/20)
Acados solver failed with status 4
Acados residuals [stat, eq, ineq, comp]: [100.        0.        0.17966   0.     ]
Acados SQP iterations: 1
RMPCC-MF diagnostics captured before infeasibility recovery.
RMPCC-MF failed-iterate infeasibility candidates:
  - {'constraint': 'row_g_hard_guard', 'stages': array([ 1,  2,  3,  4,  5,  6,  7,  8,  9, 10, 11, 12, 13, 14, 15, 16, 17,
       18, 19, 20]), 'minimum_residual': -0.17965750193595892}
RMPCC-MF inactive Row M stages are trivially feasible.
RMPCC-MF minimum box residuals [state | input]: 3.9e-08 | 0.0
SQP_RTI solver failed with status 4. Starting infeasible recovery.
Backup solver is unavailable; falling back to safe stop.
Applied nominal_safe_controller safe-stop plan after infeasible RMPCC-MF solve.
[RMPCC 0435] SAFE_STOP solve=220.7ms pose=(0.263,0.358,-0.901) u=(0.000,0.000) s=0.399 PSDFmin=-0.1787 G=FAIL(-0.1797) MF=inactive(active=0/20)
Acados solver failed with status 4
Acados residuals [stat, eq, ineq, comp]: [100.        0.        0.17966   0.     ]
Acados SQP iterations: 1
RMPCC-MF diagnostics captured before infeasibility recovery.
RMPCC-MF failed-iterate infeasibility candidates:
  - {'constraint': 'row_g_hard_guard', 'stages': array([ 1,  2,  3,  4,  5,  6,  7,  8,  9, 10, 11, 12, 13, 14, 15, 16, 17,
       18, 19, 20]), 'minimum_residual': -0.17965750193595892}
RMPCC-MF inactive Row M stages are trivially feasible.
RMPCC-MF minimum box residuals [state | input]: 3.9e-08 | 0.0
SQP_RTI solver failed with status 4. Starting infeasible recovery.
Backup solver is unavailable; falling back to safe stop.
Applied nominal_safe_controller safe-stop plan after infeasible RMPCC-MF solve.
[RMPCC 0436] SAFE_STOP solve=223.5ms pose=(0.263,0.358,-0.901) u=(0.000,0.000) s=0.399 PSDFmin=-0.1787 G=FAIL(-0.1797) MF=inactive(active=0/20)
Acados solver failed with status 4
Acados residuals [stat, eq, ineq, comp]: [100.        0.        0.17966   0.     ]
Acados SQP iterations: 1
RMPCC-MF diagnostics captured before infeasibility recovery.
RMPCC-MF failed-iterate infeasibility candidates:
  - {'constraint': 'row_g_hard_guard', 'stages': array([ 1,  2,  3,  4,  5,  6,  7,  8,  9, 10, 11, 12, 13, 14, 15, 16, 17,
       18, 19, 20]), 'minimum_residual': -0.17965750193595892}
RMPCC-MF inactive Row M stages are trivially feasible.
RMPCC-MF minimum box residuals [state | input]: 3.9e-08 | 0.0
SQP_RTI solver failed with status 4. Starting infeasible recovery.
Backup solver is unavailable; falling back to safe stop.
Applied nominal_safe_controller safe-stop plan after infeasible RMPCC-MF solve.
[RMPCC 0437] SAFE_STOP solve=242.6ms pose=(0.263,0.358,-0.901) u=(0.000,0.000) s=0.399 PSDFmin=-0.1787 G=FAIL(-0.1797) MF=inactive(active=0/20)
Acados solver failed with status 4
Acados residuals [stat, eq, ineq, comp]: [100.        0.        0.17966   0.     ]
Acados SQP iterations: 1
RMPCC-MF diagnostics captured before infeasibility recovery.
RMPCC-MF failed-iterate infeasibility candidates:
  - {'constraint': 'row_g_hard_guard', 'stages': array([ 1,  2,  3,  4,  5,  6,  7,  8,  9, 10, 11, 12, 13, 14, 15, 16, 17,
       18, 19, 20]), 'minimum_residual': -0.17965750193595892}
RMPCC-MF inactive Row M stages are trivially feasible.
RMPCC-MF minimum box residuals [state | input]: 3.9e-08 | 0.0
SQP_RTI solver failed with status 4. Starting infeasible recovery.
Backup solver is unavailable; falling back to safe stop.
Applied nominal_safe_controller safe-stop plan after infeasible RMPCC-MF solve.
[RMPCC 0438] SAFE_STOP solve=221.3ms pose=(0.263,0.358,-0.901) u=(0.000,0.000) s=0.399 PSDFmin=-0.1787 G=FAIL(-0.1797) MF=inactive(active=0/20)
Acados solver failed with status 4
Acados residuals [stat, eq, ineq, comp]: [100.        0.        0.17966   0.     ]
Acados SQP iterations: 1
RMPCC-MF diagnostics captured before infeasibility recovery.
RMPCC-MF failed-iterate infeasibility candidates:
  - {'constraint': 'row_g_hard_guard', 'stages': array([ 1,  2,  3,  4,  5,  6,  7,  8,  9, 10, 11, 12, 13, 14, 15, 16, 17,
       18, 19, 20]), 'minimum_residual': -0.17965750193595892}
RMPCC-MF inactive Row M stages are trivially feasible.
RMPCC-MF minimum box residuals [state | input]: 3.9e-08 | 0.0
SQP_RTI solver failed with status 4. Starting infeasible recovery.
Backup solver is unavailable; falling back to safe stop.
Applied nominal_safe_controller safe-stop plan after infeasible RMPCC-MF solve.
[RMPCC 0439] SAFE_STOP solve=221.5ms pose=(0.263,0.358,-0.901) u=(0.000,0.000) s=0.399 PSDFmin=-0.1787 G=FAIL(-0.1797) MF=inactive(active=0/20)
Acados solver failed with status 4
Acados residuals [stat, eq, ineq, comp]: [100.        0.        0.17966   0.     ]
Acados SQP iterations: 1
RMPCC-MF diagnostics captured before infeasibility recovery.
RMPCC-MF failed-iterate infeasibility candidates:
  - {'constraint': 'row_g_hard_guard', 'stages': array([ 1,  2,  3,  4,  5,  6,  7,  8,  9, 10, 11, 12, 13, 14, 15, 16, 17,
       18, 19, 20]), 'minimum_residual': -0.17965750193595892}
RMPCC-MF inactive Row M stages are trivially feasible.
RMPCC-MF minimum box residuals [state | input]: 3.9e-08 | 0.0
SQP_RTI solver failed with status 4. Starting infeasible recovery.
Backup solver is unavailable; falling back to safe stop.
Applied nominal_safe_controller safe-stop plan after infeasible RMPCC-MF solve.
[RMPCC 0440] SAFE_STOP solve=232.8ms pose=(0.263,0.358,-0.901) u=(0.000,0.000) s=0.399 PSDFmin=-0.1787 G=FAIL(-0.1797) MF=inactive(active=0/20)
Acados solver failed with status 4
Acados residuals [stat, eq, ineq, comp]: [100.        0.        0.17966   0.     ]
Acados SQP iterations: 1
RMPCC-MF diagnostics captured before infeasibility recovery.
RMPCC-MF failed-iterate infeasibility candidates:
  - {'constraint': 'row_g_hard_guard', 'stages': array([ 1,  2,  3,  4,  5,  6,  7,  8,  9, 10, 11, 12, 13, 14, 15, 16, 17,
       18, 19, 20]), 'minimum_residual': -0.17965750193595892}
RMPCC-MF inactive Row M stages are trivially feasible.
RMPCC-MF minimum box residuals [state | input]: 3.9e-08 | 0.0
SQP_RTI solver failed with status 4. Starting infeasible recovery.
Backup solver is unavailable; falling back to safe stop.
Applied nominal_safe_controller safe-stop plan after infeasible RMPCC-MF solve.
[RMPCC 0441] SAFE_STOP solve=230.3ms pose=(0.263,0.358,-0.901) u=(0.000,0.000) s=0.399 PSDFmin=-0.1787 G=FAIL(-0.1797) MF=inactive(active=0/20)
Acados solver failed with status 4
Acados residuals [stat, eq, ineq, comp]: [100.        0.        0.17966   0.     ]
Acados SQP iterations: 1
RMPCC-MF diagnostics captured before infeasibility recovery.
RMPCC-MF failed-iterate infeasibility candidates:
  - {'constraint': 'row_g_hard_guard', 'stages': array([ 1,  2,  3,  4,  5,  6,  7,  8,  9, 10, 11, 12, 13, 14, 15, 16, 17,
       18, 19, 20]), 'minimum_residual': -0.17965750193595892}
RMPCC-MF inactive Row M stages are trivially feasible.
RMPCC-MF minimum box residuals [state | input]: 3.9e-08 | 0.0
SQP_RTI solver failed with status 4. Starting infeasible recovery.
Backup solver is unavailable; falling back to safe stop.
Applied nominal_safe_controller safe-stop plan after infeasible RMPCC-MF solve.
[RMPCC 0442] SAFE_STOP solve=228.7ms pose=(0.263,0.358,-0.901) u=(0.000,0.000) s=0.399 PSDFmin=-0.1787 G=FAIL(-0.1797) MF=inactive(active=0/20)
Acados solver failed with status 4
Acados residuals [stat, eq, ineq, comp]: [100.        0.        0.17966   0.     ]
Acados SQP iterations: 1
RMPCC-MF diagnostics captured before infeasibility recovery.
RMPCC-MF failed-iterate infeasibility candidates:
  - {'constraint': 'row_g_hard_guard', 'stages': array([ 1,  2,  3,  4,  5,  6,  7,  8,  9, 10, 11, 12, 13, 14, 15, 16, 17,
       18, 19, 20]), 'minimum_residual': -0.17965750193595892}
RMPCC-MF inactive Row M stages are trivially feasible.
RMPCC-MF minimum box residuals [state | input]: 3.9e-08 | 0.0
SQP_RTI solver failed with status 4. Starting infeasible recovery.
Backup solver is unavailable; falling back to safe stop.
Applied nominal_safe_controller safe-stop plan after infeasible RMPCC-MF solve.
[RMPCC 0443] SAFE_STOP solve=305.0ms pose=(0.263,0.358,-0.901) u=(0.000,0.000) s=0.399 PSDFmin=-0.1787 G=FAIL(-0.1797) MF=inactive(active=0/20)
Acados solver failed with status 4
Acados residuals [stat, eq, ineq, comp]: [100.        0.        0.17966   0.     ]
Acados SQP iterations: 1
RMPCC-MF diagnostics captured before infeasibility recovery.
RMPCC-MF failed-iterate infeasibility candidates:
  - {'constraint': 'row_g_hard_guard', 'stages': array([ 1,  2,  3,  4,  5,  6,  7,  8,  9, 10, 11, 12, 13, 14, 15, 16, 17,
       18, 19, 20]), 'minimum_residual': -0.17965750193595892}
RMPCC-MF inactive Row M stages are trivially feasible.
RMPCC-MF minimum box residuals [state | input]: 3.9e-08 | 0.0
SQP_RTI solver failed with status 4. Starting infeasible recovery.
Backup solver is unavailable; falling back to safe stop.
Applied nominal_safe_controller safe-stop plan after infeasible RMPCC-MF solve.
[RMPCC 0444] SAFE_STOP solve=233.9ms pose=(0.263,0.358,-0.901) u=(0.000,0.000) s=0.399 PSDFmin=-0.1787 G=FAIL(-0.1797) MF=inactive(active=0/20)
Acados solver failed with status 4
Acados residuals [stat, eq, ineq, comp]: [100.        0.        0.17966   0.     ]
Acados SQP iterations: 1
RMPCC-MF diagnostics captured before infeasibility recovery.
RMPCC-MF failed-iterate infeasibility candidates:
  - {'constraint': 'row_g_hard_guard', 'stages': array([ 1,  2,  3,  4,  5,  6,  7,  8,  9, 10, 11, 12, 13, 14, 15, 16, 17,
       18, 19, 20]), 'minimum_residual': -0.17965750193595892}
RMPCC-MF inactive Row M stages are trivially feasible.
RMPCC-MF minimum box residuals [state | input]: 3.9e-08 | 0.0
SQP_RTI solver failed with status 4. Starting infeasible recovery.
Backup solver is unavailable; falling back to safe stop.
Applied nominal_safe_controller safe-stop plan after infeasible RMPCC-MF solve.
[RMPCC 0445] SAFE_STOP solve=226.2ms pose=(0.263,0.358,-0.901) u=(0.000,0.000) s=0.399 PSDFmin=-0.1787 G=FAIL(-0.1797) MF=inactive(active=0/20)
Acados solver failed with status 4
Acados residuals [stat, eq, ineq, comp]: [100.        0.        0.17966   0.     ]
Acados SQP iterations: 1
RMPCC-MF diagnostics captured before infeasibility recovery.
RMPCC-MF failed-iterate infeasibility candidates:
  - {'constraint': 'row_g_hard_guard', 'stages': array([ 1,  2,  3,  4,  5,  6,  7,  8,  9, 10, 11, 12, 13, 14, 15, 16, 17,
       18, 19, 20]), 'minimum_residual': -0.17965750193595892}
RMPCC-MF inactive Row M stages are trivially feasible.
RMPCC-MF minimum box residuals [state | input]: 3.9e-08 | 0.0
SQP_RTI solver failed with status 4. Starting infeasible recovery.
Backup solver is unavailable; falling back to safe stop.
Applied nominal_safe_controller safe-stop plan after infeasible RMPCC-MF solve.
[RMPCC 0446] SAFE_STOP solve=232.4ms pose=(0.263,0.358,-0.901) u=(0.000,0.000) s=0.399 PSDFmin=-0.1787 G=FAIL(-0.1797) MF=inactive(active=0/20)
Acados solver failed with status 4
Acados residuals [stat, eq, ineq, comp]: [100.        0.        0.17966   0.     ]
Acados SQP iterations: 1
RMPCC-MF diagnostics captured before infeasibility recovery.
RMPCC-MF failed-iterate infeasibility candidates:
  - {'constraint': 'row_g_hard_guard', 'stages': array([ 1,  2,  3,  4,  5,  6,  7,  8,  9, 10, 11, 12, 13, 14, 15, 16, 17,
       18, 19, 20]), 'minimum_residual': -0.17965750193595892}
RMPCC-MF inactive Row M stages are trivially feasible.
RMPCC-MF minimum box residuals [state | input]: 3.9e-08 | 0.0
SQP_RTI solver failed with status 4. Starting infeasible recovery.
Backup solver is unavailable; falling back to safe stop.
Applied nominal_safe_controller safe-stop plan after infeasible RMPCC-MF solve.
[RMPCC 0447] SAFE_STOP solve=228.9ms pose=(0.263,0.358,-0.901) u=(0.000,0.000) s=0.399 PSDFmin=-0.1787 G=FAIL(-0.1797) MF=inactive(active=0/20)
Acados solver failed with status 4
Acados residuals [stat, eq, ineq, comp]: [100.        0.        0.17966   0.     ]
Acados SQP iterations: 1
RMPCC-MF diagnostics captured before infeasibility recovery.
RMPCC-MF failed-iterate infeasibility candidates:
  - {'constraint': 'row_g_hard_guard', 'stages': array([ 1,  2,  3,  4,  5,  6,  7,  8,  9, 10, 11, 12, 13, 14, 15, 16, 17,
       18, 19, 20]), 'minimum_residual': -0.17965750193595892}
RMPCC-MF inactive Row M stages are trivially feasible.
RMPCC-MF minimum box residuals [state | input]: 3.9e-08 | 0.0
SQP_RTI solver failed with status 4. Starting infeasible recovery.
Backup solver is unavailable; falling back to safe stop.
Applied nominal_safe_controller safe-stop plan after infeasible RMPCC-MF solve.
[RMPCC 0448] SAFE_STOP solve=235.5ms pose=(0.263,0.358,-0.901) u=(0.000,0.000) s=0.399 PSDFmin=-0.1787 G=FAIL(-0.1797) MF=inactive(active=0/20)
Acados solver failed with status 4
Acados residuals [stat, eq, ineq, comp]: [100.        0.        0.17966   0.     ]
Acados SQP iterations: 1
RMPCC-MF diagnostics captured before infeasibility recovery.
RMPCC-MF failed-iterate infeasibility candidates:
  - {'constraint': 'row_g_hard_guard', 'stages': array([ 1,  2,  3,  4,  5,  6,  7,  8,  9, 10, 11, 12, 13, 14, 15, 16, 17,
       18, 19, 20]), 'minimum_residual': -0.17965750193595892}
RMPCC-MF inactive Row M stages are trivially feasible.
RMPCC-MF minimum box residuals [state | input]: 3.9e-08 | 0.0
SQP_RTI solver failed with status 4. Starting infeasible recovery.
Backup solver is unavailable; falling back to safe stop.
Applied nominal_safe_controller safe-stop plan after infeasible RMPCC-MF solve.
[RMPCC 0449] SAFE_STOP solve=237.7ms pose=(0.263,0.358,-0.901) u=(0.000,0.000) s=0.399 PSDFmin=-0.1787 G=FAIL(-0.1797) MF=inactive(active=0/20)
Acados solver failed with status 4
Acados residuals [stat, eq, ineq, comp]: [100.        0.        0.17966   0.     ]
Acados SQP iterations: 1
RMPCC-MF diagnostics captured before infeasibility recovery.
RMPCC-MF failed-iterate infeasibility candidates:
  - {'constraint': 'row_g_hard_guard', 'stages': array([ 1,  2,  3,  4,  5,  6,  7,  8,  9, 10, 11, 12, 13, 14, 15, 16, 17,
       18, 19, 20]), 'minimum_residual': -0.17965750193595892}
RMPCC-MF inactive Row M stages are trivially feasible.
RMPCC-MF minimum box residuals [state | input]: 3.9e-08 | 0.0
SQP_RTI solver failed with status 4. Starting infeasible recovery.
Backup solver is unavailable; falling back to safe stop.
Applied nominal_safe_controller safe-stop plan after infeasible RMPCC-MF solve.
[RMPCC 0450] SAFE_STOP solve=260.3ms pose=(0.263,0.358,-0.901) u=(0.000,0.000) s=0.399 PSDFmin=-0.1787 G=FAIL(-0.1797) MF=inactive(active=0/20)
Acados solver failed with status 4
Acados residuals [stat, eq, ineq, comp]: [100.        0.        0.17966   0.     ]
Acados SQP iterations: 1
RMPCC-MF diagnostics captured before infeasibility recovery.
RMPCC-MF failed-iterate infeasibility candidates:
  - {'constraint': 'row_g_hard_guard', 'stages': array([ 1,  2,  3,  4,  5,  6,  7,  8,  9, 10, 11, 12, 13, 14, 15, 16, 17,
       18, 19, 20]), 'minimum_residual': -0.17965750193595892}
RMPCC-MF inactive Row M stages are trivially feasible.
RMPCC-MF minimum box residuals [state | input]: 3.9e-08 | 0.0
SQP_RTI solver failed with status 4. Starting infeasible recovery.
Backup solver is unavailable; falling back to safe stop.
Applied nominal_safe_controller safe-stop plan after infeasible RMPCC-MF solve.
[RMPCC 0451] SAFE_STOP solve=256.3ms pose=(0.263,0.358,-0.901) u=(0.000,0.000) s=0.399 PSDFmin=-0.1787 G=FAIL(-0.1797) MF=inactive(active=0/20)
Acados solver failed with status 4
Acados residuals [stat, eq, ineq, comp]: [100.        0.        0.17966   0.     ]
Acados SQP iterations: 1
RMPCC-MF diagnostics captured before infeasibility recovery.
RMPCC-MF failed-iterate infeasibility candidates:
  - {'constraint': 'row_g_hard_guard', 'stages': array([ 1,  2,  3,  4,  5,  6,  7,  8,  9, 10, 11, 12, 13, 14, 15, 16, 17,
       18, 19, 20]), 'minimum_residual': -0.17965750193595892}
RMPCC-MF inactive Row M stages are trivially feasible.
RMPCC-MF minimum box residuals [state | input]: 3.9e-08 | 0.0
SQP_RTI solver failed with status 4. Starting infeasible recovery.
Backup solver is unavailable; falling back to safe stop.
Applied nominal_safe_controller safe-stop plan after infeasible RMPCC-MF solve.
[RMPCC 0452] SAFE_STOP solve=235.3ms pose=(0.263,0.358,-0.901) u=(0.000,0.000) s=0.399 PSDFmin=-0.1787 G=FAIL(-0.1797) MF=inactive(active=0/20)
Acados solver failed with status 4
Acados residuals [stat, eq, ineq, comp]: [100.        0.        0.17966   0.     ]
Acados SQP iterations: 1
RMPCC-MF diagnostics captured before infeasibility recovery.
RMPCC-MF failed-iterate infeasibility candidates:
  - {'constraint': 'row_g_hard_guard', 'stages': array([ 1,  2,  3,  4,  5,  6,  7,  8,  9, 10, 11, 12, 13, 14, 15, 16, 17,
       18, 19, 20]), 'minimum_residual': -0.17965750193595892}
RMPCC-MF inactive Row M stages are trivially feasible.
RMPCC-MF minimum box residuals [state | input]: 3.9e-08 | 0.0
SQP_RTI solver failed with status 4. Starting infeasible recovery.
Backup solver is unavailable; falling back to safe stop.
Applied nominal_safe_controller safe-stop plan after infeasible RMPCC-MF solve.
[RMPCC 0453] SAFE_STOP solve=223.1ms pose=(0.263,0.358,-0.901) u=(0.000,0.000) s=0.399 PSDFmin=-0.1787 G=FAIL(-0.1797) MF=inactive(active=0/20)
Acados solver failed with status 4
Acados residuals [stat, eq, ineq, comp]: [100.        0.        0.17966   0.     ]
Acados SQP iterations: 1
RMPCC-MF diagnostics captured before infeasibility recovery.
RMPCC-MF failed-iterate infeasibility candidates:
  - {'constraint': 'row_g_hard_guard', 'stages': array([ 1,  2,  3,  4,  5,  6,  7,  8,  9, 10, 11, 12, 13, 14, 15, 16, 17,
       18, 19, 20]), 'minimum_residual': -0.17965750193595892}
RMPCC-MF inactive Row M stages are trivially feasible.
RMPCC-MF minimum box residuals [state | input]: 3.9e-08 | 0.0
SQP_RTI solver failed with status 4. Starting infeasible recovery.
Backup solver is unavailable; falling back to safe stop.
Applied nominal_safe_controller safe-stop plan after infeasible RMPCC-MF solve.
[RMPCC 0454] SAFE_STOP solve=238.3ms pose=(0.263,0.358,-0.901) u=(0.000,0.000) s=0.399 PSDFmin=-0.1787 G=FAIL(-0.1797) MF=inactive(active=0/20)
Acados solver failed with status 4
Acados residuals [stat, eq, ineq, comp]: [100.        0.        0.17966   0.     ]
Acados SQP iterations: 1
RMPCC-MF diagnostics captured before infeasibility recovery.
RMPCC-MF failed-iterate infeasibility candidates:
  - {'constraint': 'row_g_hard_guard', 'stages': array([ 1,  2,  3,  4,  5,  6,  7,  8,  9, 10, 11, 12, 13, 14, 15, 16, 17,
       18, 19, 20]), 'minimum_residual': -0.17965750193595892}
RMPCC-MF inactive Row M stages are trivially feasible.
RMPCC-MF minimum box residuals [state | input]: 3.9e-08 | 0.0
SQP_RTI solver failed with status 4. Starting infeasible recovery.
Backup solver is unavailable; falling back to safe stop.
Applied nominal_safe_controller safe-stop plan after infeasible RMPCC-MF solve.
[RMPCC 0455] SAFE_STOP solve=225.9ms pose=(0.263,0.358,-0.901) u=(0.000,0.000) s=0.399 PSDFmin=-0.1787 G=FAIL(-0.1797) MF=inactive(active=0/20)
Acados solver failed with status 4
Acados residuals [stat, eq, ineq, comp]: [100.        0.        0.17966   0.     ]
Acados SQP iterations: 1
RMPCC-MF diagnostics captured before infeasibility recovery.
RMPCC-MF failed-iterate infeasibility candidates:
  - {'constraint': 'row_g_hard_guard', 'stages': array([ 1,  2,  3,  4,  5,  6,  7,  8,  9, 10, 11, 12, 13, 14, 15, 16, 17,
       18, 19, 20]), 'minimum_residual': -0.17965750193595892}
RMPCC-MF inactive Row M stages are trivially feasible.
RMPCC-MF minimum box residuals [state | input]: 3.9e-08 | 0.0
SQP_RTI solver failed with status 4. Starting infeasible recovery.
Backup solver is unavailable; falling back to safe stop.
Applied nominal_safe_controller safe-stop plan after infeasible RMPCC-MF solve.
[RMPCC 0456] SAFE_STOP solve=222.2ms pose=(0.263,0.358,-0.901) u=(0.000,0.000) s=0.399 PSDFmin=-0.1787 G=FAIL(-0.1797) MF=inactive(active=0/20)
Acados solver failed with status 4
Acados residuals [stat, eq, ineq, comp]: [100.        0.        0.17966   0.     ]
Acados SQP iterations: 1
RMPCC-MF diagnostics captured before infeasibility recovery.
RMPCC-MF failed-iterate infeasibility candidates:
  - {'constraint': 'row_g_hard_guard', 'stages': array([ 1,  2,  3,  4,  5,  6,  7,  8,  9, 10, 11, 12, 13, 14, 15, 16, 17,
       18, 19, 20]), 'minimum_residual': -0.17965750193595892}
RMPCC-MF inactive Row M stages are trivially feasible.
RMPCC-MF minimum box residuals [state | input]: 3.9e-08 | 0.0
SQP_RTI solver failed with status 4. Starting infeasible recovery.
Backup solver is unavailable; falling back to safe stop.
Applied nominal_safe_controller safe-stop plan after infeasible RMPCC-MF solve.
[RMPCC 0457] SAFE_STOP solve=224.0ms pose=(0.263,0.358,-0.901) u=(0.000,0.000) s=0.399 PSDFmin=-0.1787 G=FAIL(-0.1797) MF=inactive(active=0/20)
Acados solver failed with status 4
Acados residuals [stat, eq, ineq, comp]: [100.        0.        0.17966   0.     ]
Acados SQP iterations: 1
RMPCC-MF diagnostics captured before infeasibility recovery.
RMPCC-MF failed-iterate infeasibility candidates:
  - {'constraint': 'row_g_hard_guard', 'stages': array([ 1,  2,  3,  4,  5,  6,  7,  8,  9, 10, 11, 12, 13, 14, 15, 16, 17,
       18, 19, 20]), 'minimum_residual': -0.17965750193595892}
RMPCC-MF inactive Row M stages are trivially feasible.
RMPCC-MF minimum box residuals [state | input]: 3.9e-08 | 0.0
SQP_RTI solver failed with status 4. Starting infeasible recovery.
Backup solver is unavailable; falling back to safe stop.
Applied nominal_safe_controller safe-stop plan after infeasible RMPCC-MF solve.
[RMPCC 0458] SAFE_STOP solve=239.8ms pose=(0.263,0.358,-0.901) u=(0.000,0.000) s=0.399 PSDFmin=-0.1787 G=FAIL(-0.1797) MF=inactive(active=0/20)
Acados solver failed with status 4
Acados residuals [stat, eq, ineq, comp]: [100.        0.        0.17966   0.     ]
Acados SQP iterations: 1
RMPCC-MF diagnostics captured before infeasibility recovery.
RMPCC-MF failed-iterate infeasibility candidates:
  - {'constraint': 'row_g_hard_guard', 'stages': array([ 1,  2,  3,  4,  5,  6,  7,  8,  9, 10, 11, 12, 13, 14, 15, 16, 17,
       18, 19, 20]), 'minimum_residual': -0.17965750193595892}
RMPCC-MF inactive Row M stages are trivially feasible.
RMPCC-MF minimum box residuals [state | input]: 3.9e-08 | 0.0
SQP_RTI solver failed with status 4. Starting infeasible recovery.
Backup solver is unavailable; falling back to safe stop.
Applied nominal_safe_controller safe-stop plan after infeasible RMPCC-MF solve.
[RMPCC 0459] SAFE_STOP solve=227.6ms pose=(0.263,0.358,-0.901) u=(0.000,0.000) s=0.399 PSDFmin=-0.1787 G=FAIL(-0.1797) MF=inactive(active=0/20)
Acados solver failed with status 4
Acados residuals [stat, eq, ineq, comp]: [100.        0.        0.17966   0.     ]
Acados SQP iterations: 1
RMPCC-MF diagnostics captured before infeasibility recovery.
RMPCC-MF failed-iterate infeasibility candidates:
  - {'constraint': 'row_g_hard_guard', 'stages': array([ 1,  2,  3,  4,  5,  6,  7,  8,  9, 10, 11, 12, 13, 14, 15, 16, 17,
       18, 19, 20]), 'minimum_residual': -0.17965750193595892}
RMPCC-MF inactive Row M stages are trivially feasible.
RMPCC-MF minimum box residuals [state | input]: 3.9e-08 | 0.0
SQP_RTI solver failed with status 4. Starting infeasible recovery.
Backup solver is unavailable; falling back to safe stop.
Applied nominal_safe_controller safe-stop plan after infeasible RMPCC-MF solve.
[RMPCC 0460] SAFE_STOP solve=220.8ms pose=(0.263,0.358,-0.901) u=(0.000,0.000) s=0.399 PSDFmin=-0.1787 G=FAIL(-0.1797) MF=inactive(active=0/20)
Acados solver failed with status 4
Acados residuals [stat, eq, ineq, comp]: [100.        0.        0.17966   0.     ]
Acados SQP iterations: 1
RMPCC-MF diagnostics captured before infeasibility recovery.
RMPCC-MF failed-iterate infeasibility candidates:
  - {'constraint': 'row_g_hard_guard', 'stages': array([ 1,  2,  3,  4,  5,  6,  7,  8,  9, 10, 11, 12, 13, 14, 15, 16, 17,
       18, 19, 20]), 'minimum_residual': -0.17965750193595892}
RMPCC-MF inactive Row M stages are trivially feasible.
RMPCC-MF minimum box residuals [state | input]: 3.9e-08 | 0.0
SQP_RTI solver failed with status 4. Starting infeasible recovery.
Backup solver is unavailable; falling back to safe stop.
Applied nominal_safe_controller safe-stop plan after infeasible RMPCC-MF solve.
[RMPCC 0461] SAFE_STOP solve=222.3ms pose=(0.263,0.358,-0.901) u=(0.000,0.000) s=0.399 PSDFmin=-0.1787 G=FAIL(-0.1797) MF=inactive(active=0/20)
Acados solver failed with status 4
Acados residuals [stat, eq, ineq, comp]: [100.        0.        0.17966   0.     ]
Acados SQP iterations: 1
RMPCC-MF diagnostics captured before infeasibility recovery.
RMPCC-MF failed-iterate infeasibility candidates:
  - {'constraint': 'row_g_hard_guard', 'stages': array([ 1,  2,  3,  4,  5,  6,  7,  8,  9, 10, 11, 12, 13, 14, 15, 16, 17,
       18, 19, 20]), 'minimum_residual': -0.17965750193595892}
RMPCC-MF inactive Row M stages are trivially feasible.
RMPCC-MF minimum box residuals [state | input]: 3.9e-08 | 0.0
SQP_RTI solver failed with status 4. Starting infeasible recovery.
Backup solver is unavailable; falling back to safe stop.
Applied nominal_safe_controller safe-stop plan after infeasible RMPCC-MF solve.
[RMPCC 0462] SAFE_STOP solve=226.2ms pose=(0.263,0.358,-0.901) u=(0.000,0.000) s=0.399 PSDFmin=-0.1787 G=FAIL(-0.1797) MF=inactive(active=0/20)
Acados solver failed with status 4
Acados residuals [stat, eq, ineq, comp]: [100.        0.        0.17966   0.     ]
Acados SQP iterations: 1
RMPCC-MF diagnostics captured before infeasibility recovery.
RMPCC-MF failed-iterate infeasibility candidates:
  - {'constraint': 'row_g_hard_guard', 'stages': array([ 1,  2,  3,  4,  5,  6,  7,  8,  9, 10, 11, 12, 13, 14, 15, 16, 17,
       18, 19, 20]), 'minimum_residual': -0.17965750193595892}
RMPCC-MF inactive Row M stages are trivially feasible.
RMPCC-MF minimum box residuals [state | input]: 3.9e-08 | 0.0
SQP_RTI solver failed with status 4. Starting infeasible recovery.
Backup solver is unavailable; falling back to safe stop.
Applied nominal_safe_controller safe-stop plan after infeasible RMPCC-MF solve.
[RMPCC 0463] SAFE_STOP solve=227.7ms pose=(0.263,0.358,-0.901) u=(0.000,0.000) s=0.399 PSDFmin=-0.1787 G=FAIL(-0.1797) MF=inactive(active=0/20)
Acados solver failed with status 4
Acados residuals [stat, eq, ineq, comp]: [100.        0.        0.17966   0.     ]
Acados SQP iterations: 1
RMPCC-MF diagnostics captured before infeasibility recovery.
RMPCC-MF failed-iterate infeasibility candidates:
  - {'constraint': 'row_g_hard_guard', 'stages': array([ 1,  2,  3,  4,  5,  6,  7,  8,  9, 10, 11, 12, 13, 14, 15, 16, 17,
       18, 19, 20]), 'minimum_residual': -0.17965750193595892}
RMPCC-MF inactive Row M stages are trivially feasible.
RMPCC-MF minimum box residuals [state | input]: 3.9e-08 | 0.0
SQP_RTI solver failed with status 4. Starting infeasible recovery.
Backup solver is unavailable; falling back to safe stop.
Applied nominal_safe_controller safe-stop plan after infeasible RMPCC-MF solve.
[RMPCC 0464] SAFE_STOP solve=248.2ms pose=(0.263,0.358,-0.901) u=(0.000,0.000) s=0.399 PSDFmin=-0.1787 G=FAIL(-0.1797) MF=inactive(active=0/20)
Acados solver failed with status 4
Acados residuals [stat, eq, ineq, comp]: [100.        0.        0.17966   0.     ]
Acados SQP iterations: 1
RMPCC-MF diagnostics captured before infeasibility recovery.
RMPCC-MF failed-iterate infeasibility candidates:
  - {'constraint': 'row_g_hard_guard', 'stages': array([ 1,  2,  3,  4,  5,  6,  7,  8,  9, 10, 11, 12, 13, 14, 15, 16, 17,
       18, 19, 20]), 'minimum_residual': -0.17965750193595892}
RMPCC-MF inactive Row M stages are trivially feasible.
RMPCC-MF minimum box residuals [state | input]: 3.9e-08 | 0.0
SQP_RTI solver failed with status 4. Starting infeasible recovery.
Backup solver is unavailable; falling back to safe stop.
Applied nominal_safe_controller safe-stop plan after infeasible RMPCC-MF solve.
[RMPCC 0465] SAFE_STOP solve=231.2ms pose=(0.263,0.358,-0.901) u=(0.000,0.000) s=0.399 PSDFmin=-0.1787 G=FAIL(-0.1797) MF=inactive(active=0/20)
Acados solver failed with status 4
Acados residuals [stat, eq, ineq, comp]: [100.        0.        0.17966   0.     ]
Acados SQP iterations: 1
RMPCC-MF diagnostics captured before infeasibility recovery.
RMPCC-MF failed-iterate infeasibility candidates:
  - {'constraint': 'row_g_hard_guard', 'stages': array([ 1,  2,  3,  4,  5,  6,  7,  8,  9, 10, 11, 12, 13, 14, 15, 16, 17,
       18, 19, 20]), 'minimum_residual': -0.17965750193595892}
RMPCC-MF inactive Row M stages are trivially feasible.
RMPCC-MF minimum box residuals [state | input]: 3.9e-08 | 0.0
SQP_RTI solver failed with status 4. Starting infeasible recovery.
Backup solver is unavailable; falling back to safe stop.
Applied nominal_safe_controller safe-stop plan after infeasible RMPCC-MF solve.
[RMPCC 0466] SAFE_STOP solve=241.5ms pose=(0.263,0.358,-0.901) u=(0.000,0.000) s=0.399 PSDFmin=-0.1787 G=FAIL(-0.1797) MF=inactive(active=0/20)
Acados solver failed with status 4
Acados residuals [stat, eq, ineq, comp]: [100.        0.        0.17966   0.     ]
Acados SQP iterations: 1
RMPCC-MF diagnostics captured before infeasibility recovery.
RMPCC-MF failed-iterate infeasibility candidates:
  - {'constraint': 'row_g_hard_guard', 'stages': array([ 1,  2,  3,  4,  5,  6,  7,  8,  9, 10, 11, 12, 13, 14, 15, 16, 17,
       18, 19, 20]), 'minimum_residual': -0.17965750193595892}
RMPCC-MF inactive Row M stages are trivially feasible.
RMPCC-MF minimum box residuals [state | input]: 3.9e-08 | 0.0
SQP_RTI solver failed with status 4. Starting infeasible recovery.
Backup solver is unavailable; falling back to safe stop.
Applied nominal_safe_controller safe-stop plan after infeasible RMPCC-MF solve.
[RMPCC 0467] SAFE_STOP solve=215.9ms pose=(0.263,0.358,-0.901) u=(0.000,0.000) s=0.399 PSDFmin=-0.1787 G=FAIL(-0.1797) MF=inactive(active=0/20)
Acados solver failed with status 4
Acados residuals [stat, eq, ineq, comp]: [100.        0.        0.17966   0.     ]
Acados SQP iterations: 1
RMPCC-MF diagnostics captured before infeasibility recovery.
RMPCC-MF failed-iterate infeasibility candidates:
  - {'constraint': 'row_g_hard_guard', 'stages': array([ 1,  2,  3,  4,  5,  6,  7,  8,  9, 10, 11, 12, 13, 14, 15, 16, 17,
       18, 19, 20]), 'minimum_residual': -0.17965750193595892}
RMPCC-MF inactive Row M stages are trivially feasible.
RMPCC-MF minimum box residuals [state | input]: 3.9e-08 | 0.0
SQP_RTI solver failed with status 4. Starting infeasible recovery.
Backup solver is unavailable; falling back to safe stop.
Applied nominal_safe_controller safe-stop plan after infeasible RMPCC-MF solve.
[RMPCC 0468] SAFE_STOP solve=233.6ms pose=(0.263,0.358,-0.901) u=(0.000,0.000) s=0.399 PSDFmin=-0.1787 G=FAIL(-0.1797) MF=inactive(active=0/20)
Acados solver failed with status 4
Acados residuals [stat, eq, ineq, comp]: [100.        0.        0.17966   0.     ]
Acados SQP iterations: 1
RMPCC-MF diagnostics captured before infeasibility recovery.
RMPCC-MF failed-iterate infeasibility candidates:
  - {'constraint': 'row_g_hard_guard', 'stages': array([ 1,  2,  3,  4,  5,  6,  7,  8,  9, 10, 11, 12, 13, 14, 15, 16, 17,
       18, 19, 20]), 'minimum_residual': -0.17965750193595892}
RMPCC-MF inactive Row M stages are trivially feasible.
RMPCC-MF minimum box residuals [state | input]: 3.9e-08 | 0.0
SQP_RTI solver failed with status 4. Starting infeasible recovery.
Backup solver is unavailable; falling back to safe stop.
Applied nominal_safe_controller safe-stop plan after infeasible RMPCC-MF solve.
[RMPCC 0469] SAFE_STOP solve=227.2ms pose=(0.263,0.358,-0.901) u=(0.000,0.000) s=0.399 PSDFmin=-0.1787 G=FAIL(-0.1797) MF=inactive(active=0/20)
Acados solver failed with status 4
Acados residuals [stat, eq, ineq, comp]: [100.        0.        0.17966   0.     ]
Acados SQP iterations: 1
RMPCC-MF diagnostics captured before infeasibility recovery.
RMPCC-MF failed-iterate infeasibility candidates:
  - {'constraint': 'row_g_hard_guard', 'stages': array([ 1,  2,  3,  4,  5,  6,  7,  8,  9, 10, 11, 12, 13, 14, 15, 16, 17,
       18, 19, 20]), 'minimum_residual': -0.17965750193595892}
RMPCC-MF inactive Row M stages are trivially feasible.
RMPCC-MF minimum box residuals [state | input]: 3.9e-08 | 0.0
SQP_RTI solver failed with status 4. Starting infeasible recovery.
Backup solver is unavailable; falling back to safe stop.
Applied nominal_safe_controller safe-stop plan after infeasible RMPCC-MF solve.
[RMPCC 0470] SAFE_STOP solve=228.1ms pose=(0.263,0.358,-0.901) u=(0.000,0.000) s=0.399 PSDFmin=-0.1787 G=FAIL(-0.1797) MF=inactive(active=0/20)
Acados solver failed with status 4
Acados residuals [stat, eq, ineq, comp]: [100.        0.        0.17966   0.     ]
Acados SQP iterations: 1
RMPCC-MF diagnostics captured before infeasibility recovery.
RMPCC-MF failed-iterate infeasibility candidates:
  - {'constraint': 'row_g_hard_guard', 'stages': array([ 1,  2,  3,  4,  5,  6,  7,  8,  9, 10, 11, 12, 13, 14, 15, 16, 17,
       18, 19, 20]), 'minimum_residual': -0.17965750193595892}
RMPCC-MF inactive Row M stages are trivially feasible.
RMPCC-MF minimum box residuals [state | input]: 3.9e-08 | 0.0
SQP_RTI solver failed with status 4. Starting infeasible recovery.
Backup solver is unavailable; falling back to safe stop.
Applied nominal_safe_controller safe-stop plan after infeasible RMPCC-MF solve.
[RMPCC 0471] SAFE_STOP solve=220.9ms pose=(0.263,0.358,-0.901) u=(0.000,0.000) s=0.399 PSDFmin=-0.1787 G=FAIL(-0.1797) MF=inactive(active=0/20)
Acados solver failed with status 4
Acados residuals [stat, eq, ineq, comp]: [100.        0.        0.17966   0.     ]
Acados SQP iterations: 1
RMPCC-MF diagnostics captured before infeasibility recovery.
RMPCC-MF failed-iterate infeasibility candidates:
  - {'constraint': 'row_g_hard_guard', 'stages': array([ 1,  2,  3,  4,  5,  6,  7,  8,  9, 10, 11, 12, 13, 14, 15, 16, 17,
       18, 19, 20]), 'minimum_residual': -0.17965750193595892}
RMPCC-MF inactive Row M stages are trivially feasible.
RMPCC-MF minimum box residuals [state | input]: 3.9e-08 | 0.0
SQP_RTI solver failed with status 4. Starting infeasible recovery.
Backup solver is unavailable; falling back to safe stop.
Applied nominal_safe_controller safe-stop plan after infeasible RMPCC-MF solve.
[RMPCC 0472] SAFE_STOP solve=263.3ms pose=(0.263,0.358,-0.901) u=(0.000,0.000) s=0.399 PSDFmin=-0.1787 G=FAIL(-0.1797) MF=inactive(active=0/20)
Acados solver failed with status 4
Acados residuals [stat, eq, ineq, comp]: [100.        0.        0.17966   0.     ]
Acados SQP iterations: 1
RMPCC-MF diagnostics captured before infeasibility recovery.
RMPCC-MF failed-iterate infeasibility candidates:
  - {'constraint': 'row_g_hard_guard', 'stages': array([ 1,  2,  3,  4,  5,  6,  7,  8,  9, 10, 11, 12, 13, 14, 15, 16, 17,
       18, 19, 20]), 'minimum_residual': -0.17965750193595892}
RMPCC-MF inactive Row M stages are trivially feasible.
RMPCC-MF minimum box residuals [state | input]: 3.9e-08 | 0.0
SQP_RTI solver failed with status 4. Starting infeasible recovery.
Backup solver is unavailable; falling back to safe stop.
Applied nominal_safe_controller safe-stop plan after infeasible RMPCC-MF solve.
[RMPCC 0473] SAFE_STOP solve=226.8ms pose=(0.263,0.358,-0.901) u=(0.000,0.000) s=0.399 PSDFmin=-0.1787 G=FAIL(-0.1797) MF=inactive(active=0/20)
Acados solver failed with status 4
Acados residuals [stat, eq, ineq, comp]: [100.        0.        0.17966   0.     ]
Acados SQP iterations: 1
RMPCC-MF diagnostics captured before infeasibility recovery.
RMPCC-MF failed-iterate infeasibility candidates:
  - {'constraint': 'row_g_hard_guard', 'stages': array([ 1,  2,  3,  4,  5,  6,  7,  8,  9, 10, 11, 12, 13, 14, 15, 16, 17,
       18, 19, 20]), 'minimum_residual': -0.17965750193595892}
RMPCC-MF inactive Row M stages are trivially feasible.
RMPCC-MF minimum box residuals [state | input]: 3.9e-08 | 0.0
SQP_RTI solver failed with status 4. Starting infeasible recovery.
Backup solver is unavailable; falling back to safe stop.
Applied nominal_safe_controller safe-stop plan after infeasible RMPCC-MF solve.
[RMPCC 0474] SAFE_STOP solve=232.3ms pose=(0.263,0.358,-0.901) u=(0.000,0.000) s=0.399 PSDFmin=-0.1787 G=FAIL(-0.1797) MF=inactive(active=0/20)
Acados solver failed with status 4
Acados residuals [stat, eq, ineq, comp]: [100.        0.        0.17966   0.     ]
Acados SQP iterations: 1
RMPCC-MF diagnostics captured before infeasibility recovery.
RMPCC-MF failed-iterate infeasibility candidates:
  - {'constraint': 'row_g_hard_guard', 'stages': array([ 1,  2,  3,  4,  5,  6,  7,  8,  9, 10, 11, 12, 13, 14, 15, 16, 17,
       18, 19, 20]), 'minimum_residual': -0.17965750193595892}
RMPCC-MF inactive Row M stages are trivially feasible.
RMPCC-MF minimum box residuals [state | input]: 3.9e-08 | 0.0
SQP_RTI solver failed with status 4. Starting infeasible recovery.
Backup solver is unavailable; falling back to safe stop.
Applied nominal_safe_controller safe-stop plan after infeasible RMPCC-MF solve.
[RMPCC 0475] SAFE_STOP solve=231.8ms pose=(0.263,0.358,-0.901) u=(0.000,0.000) s=0.399 PSDFmin=-0.1787 G=FAIL(-0.1797) MF=inactive(active=0/20)
Acados solver failed with status 4
Acados residuals [stat, eq, ineq, comp]: [100.        0.        0.17966   0.     ]
Acados SQP iterations: 1
RMPCC-MF diagnostics captured before infeasibility recovery.
RMPCC-MF failed-iterate infeasibility candidates:
  - {'constraint': 'row_g_hard_guard', 'stages': array([ 1,  2,  3,  4,  5,  6,  7,  8,  9, 10, 11, 12, 13, 14, 15, 16, 17,
       18, 19, 20]), 'minimum_residual': -0.17965750193595892}
RMPCC-MF inactive Row M stages are trivially feasible.
RMPCC-MF minimum box residuals [state | input]: 3.9e-08 | 0.0
SQP_RTI solver failed with status 4. Starting infeasible recovery.
Backup solver is unavailable; falling back to safe stop.
Applied nominal_safe_controller safe-stop plan after infeasible RMPCC-MF solve.
[RMPCC 0476] SAFE_STOP solve=228.8ms pose=(0.263,0.358,-0.901) u=(0.000,0.000) s=0.399 PSDFmin=-0.1787 G=FAIL(-0.1797) MF=inactive(active=0/20)
Acados solver failed with status 4
Acados residuals [stat, eq, ineq, comp]: [100.        0.        0.17966   0.     ]
Acados SQP iterations: 1
RMPCC-MF diagnostics captured before infeasibility recovery.
RMPCC-MF failed-iterate infeasibility candidates:
  - {'constraint': 'row_g_hard_guard', 'stages': array([ 1,  2,  3,  4,  5,  6,  7,  8,  9, 10, 11, 12, 13, 14, 15, 16, 17,
       18, 19, 20]), 'minimum_residual': -0.17965750193595892}
RMPCC-MF inactive Row M stages are trivially feasible.
RMPCC-MF minimum box residuals [state | input]: 3.9e-08 | 0.0
SQP_RTI solver failed with status 4. Starting infeasible recovery.
Backup solver is unavailable; falling back to safe stop.
Applied nominal_safe_controller safe-stop plan after infeasible RMPCC-MF solve.
[RMPCC 0477] SAFE_STOP solve=246.0ms pose=(0.263,0.358,-0.901) u=(0.000,0.000) s=0.399 PSDFmin=-0.1787 G=FAIL(-0.1797) MF=inactive(active=0/20)
Acados solver failed with status 4
Acados residuals [stat, eq, ineq, comp]: [100.        0.        0.17966   0.     ]
Acados SQP iterations: 1
RMPCC-MF diagnostics captured before infeasibility recovery.
RMPCC-MF failed-iterate infeasibility candidates:
  - {'constraint': 'row_g_hard_guard', 'stages': array([ 1,  2,  3,  4,  5,  6,  7,  8,  9, 10, 11, 12, 13, 14, 15, 16, 17,
       18, 19, 20]), 'minimum_residual': -0.17965750193595892}
RMPCC-MF inactive Row M stages are trivially feasible.
RMPCC-MF minimum box residuals [state | input]: 3.9e-08 | 0.0
SQP_RTI solver failed with status 4. Starting infeasible recovery.
Backup solver is unavailable; falling back to safe stop.
Applied nominal_safe_controller safe-stop plan after infeasible RMPCC-MF solve.
[RMPCC 0478] SAFE_STOP solve=257.5ms pose=(0.263,0.358,-0.901) u=(0.000,0.000) s=0.399 PSDFmin=-0.1787 G=FAIL(-0.1797) MF=inactive(active=0/20)
Acados solver failed with status 4
Acados residuals [stat, eq, ineq, comp]: [100.        0.        0.17966   0.     ]
Acados SQP iterations: 1
RMPCC-MF diagnostics captured before infeasibility recovery.
RMPCC-MF failed-iterate infeasibility candidates:
  - {'constraint': 'row_g_hard_guard', 'stages': array([ 1,  2,  3,  4,  5,  6,  7,  8,  9, 10, 11, 12, 13, 14, 15, 16, 17,
       18, 19, 20]), 'minimum_residual': -0.17965750193595892}
RMPCC-MF inactive Row M stages are trivially feasible.
RMPCC-MF minimum box residuals [state | input]: 3.9e-08 | 0.0
SQP_RTI solver failed with status 4. Starting infeasible recovery.
Backup solver is unavailable; falling back to safe stop.
Applied nominal_safe_controller safe-stop plan after infeasible RMPCC-MF solve.
[RMPCC 0479] SAFE_STOP solve=245.1ms pose=(0.263,0.358,-0.901) u=(0.000,0.000) s=0.399 PSDFmin=-0.1787 G=FAIL(-0.1797) MF=inactive(active=0/20)
Acados solver failed with status 4
Acados residuals [stat, eq, ineq, comp]: [100.        0.        0.17966   0.     ]
Acados SQP iterations: 1
RMPCC-MF diagnostics captured before infeasibility recovery.
RMPCC-MF failed-iterate infeasibility candidates:
  - {'constraint': 'row_g_hard_guard', 'stages': array([ 1,  2,  3,  4,  5,  6,  7,  8,  9, 10, 11, 12, 13, 14, 15, 16, 17,
       18, 19, 20]), 'minimum_residual': -0.17965750193595892}
RMPCC-MF inactive Row M stages are trivially feasible.
RMPCC-MF minimum box residuals [state | input]: 3.9e-08 | 0.0
SQP_RTI solver failed with status 4. Starting infeasible recovery.
Backup solver is unavailable; falling back to safe stop.
Applied nominal_safe_controller safe-stop plan after infeasible RMPCC-MF solve.
[RMPCC 0480] SAFE_STOP solve=226.6ms pose=(0.263,0.358,-0.901) u=(0.000,0.000) s=0.399 PSDFmin=-0.1787 G=FAIL(-0.1797) MF=inactive(active=0/20)
Acados solver failed with status 4
Acados residuals [stat, eq, ineq, comp]: [100.        0.        0.17966   0.     ]
Acados SQP iterations: 1
RMPCC-MF diagnostics captured before infeasibility recovery.
RMPCC-MF failed-iterate infeasibility candidates:
  - {'constraint': 'row_g_hard_guard', 'stages': array([ 1,  2,  3,  4,  5,  6,  7,  8,  9, 10, 11, 12, 13, 14, 15, 16, 17,
       18, 19, 20]), 'minimum_residual': -0.17965750193595892}
RMPCC-MF inactive Row M stages are trivially feasible.
RMPCC-MF minimum box residuals [state | input]: 3.9e-08 | 0.0
SQP_RTI solver failed with status 4. Starting infeasible recovery.
Backup solver is unavailable; falling back to safe stop.
Applied nominal_safe_controller safe-stop plan after infeasible RMPCC-MF solve.
[RMPCC 0481] SAFE_STOP solve=226.0ms pose=(0.263,0.358,-0.901) u=(0.000,0.000) s=0.399 PSDFmin=-0.1787 G=FAIL(-0.1797) MF=inactive(active=0/20)
Acados solver failed with status 4
Acados residuals [stat, eq, ineq, comp]: [100.        0.        0.17966   0.     ]
Acados SQP iterations: 1
RMPCC-MF diagnostics captured before infeasibility recovery.
RMPCC-MF failed-iterate infeasibility candidates:
  - {'constraint': 'row_g_hard_guard', 'stages': array([ 1,  2,  3,  4,  5,  6,  7,  8,  9, 10, 11, 12, 13, 14, 15, 16, 17,
       18, 19, 20]), 'minimum_residual': -0.17965750193595892}
RMPCC-MF inactive Row M stages are trivially feasible.
RMPCC-MF minimum box residuals [state | input]: 3.9e-08 | 0.0
SQP_RTI solver failed with status 4. Starting infeasible recovery.
Backup solver is unavailable; falling back to safe stop.
Applied nominal_safe_controller safe-stop plan after infeasible RMPCC-MF solve.
[RMPCC 0482] SAFE_STOP solve=231.3ms pose=(0.263,0.358,-0.901) u=(0.000,0.000) s=0.399 PSDFmin=-0.1787 G=FAIL(-0.1797) MF=inactive(active=0/20)
Acados solver failed with status 4
Acados residuals [stat, eq, ineq, comp]: [100.        0.        0.17966   0.     ]
Acados SQP iterations: 1
RMPCC-MF diagnostics captured before infeasibility recovery.
RMPCC-MF failed-iterate infeasibility candidates:
  - {'constraint': 'row_g_hard_guard', 'stages': array([ 1,  2,  3,  4,  5,  6,  7,  8,  9, 10, 11, 12, 13, 14, 15, 16, 17,
       18, 19, 20]), 'minimum_residual': -0.17965750193595892}
RMPCC-MF inactive Row M stages are trivially feasible.
RMPCC-MF minimum box residuals [state | input]: 3.9e-08 | 0.0
SQP_RTI solver failed with status 4. Starting infeasible recovery.
Backup solver is unavailable; falling back to safe stop.
Applied nominal_safe_controller safe-stop plan after infeasible RMPCC-MF solve.
[RMPCC 0483] SAFE_STOP solve=232.6ms pose=(0.263,0.358,-0.901) u=(0.000,0.000) s=0.399 PSDFmin=-0.1787 G=FAIL(-0.1797) MF=inactive(active=0/20)
Acados solver failed with status 4
Acados residuals [stat, eq, ineq, comp]: [100.        0.        0.17966   0.     ]
Acados SQP iterations: 1
RMPCC-MF diagnostics captured before infeasibility recovery.
RMPCC-MF failed-iterate infeasibility candidates:
  - {'constraint': 'row_g_hard_guard', 'stages': array([ 1,  2,  3,  4,  5,  6,  7,  8,  9, 10, 11, 12, 13, 14, 15, 16, 17,
       18, 19, 20]), 'minimum_residual': -0.17965750193595892}
RMPCC-MF inactive Row M stages are trivially feasible.
RMPCC-MF minimum box residuals [state | input]: 3.9e-08 | 0.0
SQP_RTI solver failed with status 4. Starting infeasible recovery.
Backup solver is unavailable; falling back to safe stop.
Applied nominal_safe_controller safe-stop plan after infeasible RMPCC-MF solve.
[RMPCC 0484] SAFE_STOP solve=223.9ms pose=(0.263,0.358,-0.901) u=(0.000,0.000) s=0.399 PSDFmin=-0.1787 G=FAIL(-0.1797) MF=inactive(active=0/20)
Acados solver failed with status 4
Acados residuals [stat, eq, ineq, comp]: [100.        0.        0.17966   0.     ]
Acados SQP iterations: 1
RMPCC-MF diagnostics captured before infeasibility recovery.
RMPCC-MF failed-iterate infeasibility candidates:
  - {'constraint': 'row_g_hard_guard', 'stages': array([ 1,  2,  3,  4,  5,  6,  7,  8,  9, 10, 11, 12, 13, 14, 15, 16, 17,
       18, 19, 20]), 'minimum_residual': -0.17965750193595892}
RMPCC-MF inactive Row M stages are trivially feasible.
RMPCC-MF minimum box residuals [state | input]: 3.9e-08 | 0.0
SQP_RTI solver failed with status 4. Starting infeasible recovery.
Backup solver is unavailable; falling back to safe stop.
Applied nominal_safe_controller safe-stop plan after infeasible RMPCC-MF solve.
[RMPCC 0485] SAFE_STOP solve=227.9ms pose=(0.263,0.358,-0.901) u=(0.000,0.000) s=0.399 PSDFmin=-0.1787 G=FAIL(-0.1797) MF=inactive(active=0/20)
Acados solver failed with status 4
Acados residuals [stat, eq, ineq, comp]: [100.        0.        0.17966   0.     ]
Acados SQP iterations: 1
RMPCC-MF diagnostics captured before infeasibility recovery.
RMPCC-MF failed-iterate infeasibility candidates:
  - {'constraint': 'row_g_hard_guard', 'stages': array([ 1,  2,  3,  4,  5,  6,  7,  8,  9, 10, 11, 12, 13, 14, 15, 16, 17,
       18, 19, 20]), 'minimum_residual': -0.17965750193595892}
RMPCC-MF inactive Row M stages are trivially feasible.
RMPCC-MF minimum box residuals [state | input]: 3.9e-08 | 0.0
SQP_RTI solver failed with status 4. Starting infeasible recovery.
Backup solver is unavailable; falling back to safe stop.
Applied nominal_safe_controller safe-stop plan after infeasible RMPCC-MF solve.
[RMPCC 0486] SAFE_STOP solve=218.4ms pose=(0.263,0.358,-0.901) u=(0.000,0.000) s=0.399 PSDFmin=-0.1787 G=FAIL(-0.1797) MF=inactive(active=0/20)
Acados solver failed with status 4
Acados residuals [stat, eq, ineq, comp]: [100.        0.        0.17966   0.     ]
Acados SQP iterations: 1
RMPCC-MF diagnostics captured before infeasibility recovery.
RMPCC-MF failed-iterate infeasibility candidates:
  - {'constraint': 'row_g_hard_guard', 'stages': array([ 1,  2,  3,  4,  5,  6,  7,  8,  9, 10, 11, 12, 13, 14, 15, 16, 17,
       18, 19, 20]), 'minimum_residual': -0.17965750193595892}
RMPCC-MF inactive Row M stages are trivially feasible.
RMPCC-MF minimum box residuals [state | input]: 3.9e-08 | 0.0
SQP_RTI solver failed with status 4. Starting infeasible recovery.
Backup solver is unavailable; falling back to safe stop.
Applied nominal_safe_controller safe-stop plan after infeasible RMPCC-MF solve.
[RMPCC 0487] SAFE_STOP solve=225.1ms pose=(0.263,0.358,-0.901) u=(0.000,0.000) s=0.399 PSDFmin=-0.1787 G=FAIL(-0.1797) MF=inactive(active=0/20)
Acados solver failed with status 4
Acados residuals [stat, eq, ineq, comp]: [100.        0.        0.17966   0.     ]
Acados SQP iterations: 1
RMPCC-MF diagnostics captured before infeasibility recovery.
RMPCC-MF failed-iterate infeasibility candidates:
  - {'constraint': 'row_g_hard_guard', 'stages': array([ 1,  2,  3,  4,  5,  6,  7,  8,  9, 10, 11, 12, 13, 14, 15, 16, 17,
       18, 19, 20]), 'minimum_residual': -0.17965750193595892}
RMPCC-MF inactive Row M stages are trivially feasible.
RMPCC-MF minimum box residuals [state | input]: 3.9e-08 | 0.0
SQP_RTI solver failed with status 4. Starting infeasible recovery.
Backup solver is unavailable; falling back to safe stop.
Applied nominal_safe_controller safe-stop plan after infeasible RMPCC-MF solve.
[RMPCC 0488] SAFE_STOP solve=221.0ms pose=(0.263,0.358,-0.901) u=(0.000,0.000) s=0.399 PSDFmin=-0.1787 G=FAIL(-0.1797) MF=inactive(active=0/20)
Acados solver failed with status 4
Acados residuals [stat, eq, ineq, comp]: [100.        0.        0.17966   0.     ]
Acados SQP iterations: 1
RMPCC-MF diagnostics captured before infeasibility recovery.
RMPCC-MF failed-iterate infeasibility candidates:
  - {'constraint': 'row_g_hard_guard', 'stages': array([ 1,  2,  3,  4,  5,  6,  7,  8,  9, 10, 11, 12, 13, 14, 15, 16, 17,
       18, 19, 20]), 'minimum_residual': -0.17965750193595892}
RMPCC-MF inactive Row M stages are trivially feasible.
RMPCC-MF minimum box residuals [state | input]: 3.9e-08 | 0.0
SQP_RTI solver failed with status 4. Starting infeasible recovery.
Backup solver is unavailable; falling back to safe stop.
Applied nominal_safe_controller safe-stop plan after infeasible RMPCC-MF solve.
[RMPCC 0489] SAFE_STOP solve=224.9ms pose=(0.263,0.358,-0.901) u=(0.000,0.000) s=0.399 PSDFmin=-0.1787 G=FAIL(-0.1797) MF=inactive(active=0/20)
Acados solver failed with status 4
Acados residuals [stat, eq, ineq, comp]: [100.        0.        0.17966   0.     ]
Acados SQP iterations: 1
RMPCC-MF diagnostics captured before infeasibility recovery.
RMPCC-MF failed-iterate infeasibility candidates:
  - {'constraint': 'row_g_hard_guard', 'stages': array([ 1,  2,  3,  4,  5,  6,  7,  8,  9, 10, 11, 12, 13, 14, 15, 16, 17,
       18, 19, 20]), 'minimum_residual': -0.17965750193595892}
RMPCC-MF inactive Row M stages are trivially feasible.
RMPCC-MF minimum box residuals [state | input]: 3.9e-08 | 0.0
SQP_RTI solver failed with status 4. Starting infeasible recovery.
Backup solver is unavailable; falling back to safe stop.
Applied nominal_safe_controller safe-stop plan after infeasible RMPCC-MF solve.
[RMPCC 0490] SAFE_STOP solve=224.9ms pose=(0.263,0.358,-0.901) u=(0.000,0.000) s=0.399 PSDFmin=-0.1787 G=FAIL(-0.1797) MF=inactive(active=0/20)
Acados solver failed with status 4
Acados residuals [stat, eq, ineq, comp]: [100.        0.        0.17966   0.     ]
Acados SQP iterations: 1
RMPCC-MF diagnostics captured before infeasibility recovery.
RMPCC-MF failed-iterate infeasibility candidates:
  - {'constraint': 'row_g_hard_guard', 'stages': array([ 1,  2,  3,  4,  5,  6,  7,  8,  9, 10, 11, 12, 13, 14, 15, 16, 17,
       18, 19, 20]), 'minimum_residual': -0.17965750193595892}
RMPCC-MF inactive Row M stages are trivially feasible.
RMPCC-MF minimum box residuals [state | input]: 3.9e-08 | 0.0
SQP_RTI solver failed with status 4. Starting infeasible recovery.
Backup solver is unavailable; falling back to safe stop.
Applied nominal_safe_controller safe-stop plan after infeasible RMPCC-MF solve.
[RMPCC 0491] SAFE_STOP solve=232.6ms pose=(0.263,0.358,-0.901) u=(0.000,0.000) s=0.399 PSDFmin=-0.1787 G=FAIL(-0.1797) MF=inactive(active=0/20)
Acados solver failed with status 4
Acados residuals [stat, eq, ineq, comp]: [100.        0.        0.17966   0.     ]
Acados SQP iterations: 1
RMPCC-MF diagnostics captured before infeasibility recovery.
RMPCC-MF failed-iterate infeasibility candidates:
  - {'constraint': 'row_g_hard_guard', 'stages': array([ 1,  2,  3,  4,  5,  6,  7,  8,  9, 10, 11, 12, 13, 14, 15, 16, 17,
       18, 19, 20]), 'minimum_residual': -0.17965750193595892}
RMPCC-MF inactive Row M stages are trivially feasible.
RMPCC-MF minimum box residuals [state | input]: 3.9e-08 | 0.0
SQP_RTI solver failed with status 4. Starting infeasible recovery.
Backup solver is unavailable; falling back to safe stop.
Applied nominal_safe_controller safe-stop plan after infeasible RMPCC-MF solve.
[RMPCC 0492] SAFE_STOP solve=245.6ms pose=(0.263,0.358,-0.901) u=(0.000,0.000) s=0.399 PSDFmin=-0.1787 G=FAIL(-0.1797) MF=inactive(active=0/20)
Acados solver failed with status 4
Acados residuals [stat, eq, ineq, comp]: [100.        0.        0.17966   0.     ]
Acados SQP iterations: 1
RMPCC-MF diagnostics captured before infeasibility recovery.
RMPCC-MF failed-iterate infeasibility candidates:
  - {'constraint': 'row_g_hard_guard', 'stages': array([ 1,  2,  3,  4,  5,  6,  7,  8,  9, 10, 11, 12, 13, 14, 15, 16, 17,
       18, 19, 20]), 'minimum_residual': -0.17965750193595892}
RMPCC-MF inactive Row M stages are trivially feasible.
RMPCC-MF minimum box residuals [state | input]: 3.9e-08 | 0.0
SQP_RTI solver failed with status 4. Starting infeasible recovery.
Backup solver is unavailable; falling back to safe stop.
Applied nominal_safe_controller safe-stop plan after infeasible RMPCC-MF solve.
[RMPCC 0493] SAFE_STOP solve=226.1ms pose=(0.263,0.358,-0.901) u=(0.000,0.000) s=0.399 PSDFmin=-0.1787 G=FAIL(-0.1797) MF=inactive(active=0/20)
Acados solver failed with status 4
Acados residuals [stat, eq, ineq, comp]: [100.        0.        0.17966   0.     ]
Acados SQP iterations: 1
RMPCC-MF diagnostics captured before infeasibility recovery.
RMPCC-MF failed-iterate infeasibility candidates:
  - {'constraint': 'row_g_hard_guard', 'stages': array([ 1,  2,  3,  4,  5,  6,  7,  8,  9, 10, 11, 12, 13, 14, 15, 16, 17,
       18, 19, 20]), 'minimum_residual': -0.17965750193595892}
RMPCC-MF inactive Row M stages are trivially feasible.
RMPCC-MF minimum box residuals [state | input]: 3.9e-08 | 0.0
SQP_RTI solver failed with status 4. Starting infeasible recovery.
Backup solver is unavailable; falling back to safe stop.
Applied nominal_safe_controller safe-stop plan after infeasible RMPCC-MF solve.
[RMPCC 0494] SAFE_STOP solve=220.1ms pose=(0.263,0.358,-0.901) u=(0.000,0.000) s=0.399 PSDFmin=-0.1787 G=FAIL(-0.1797) MF=inactive(active=0/20)
Acados solver failed with status 4
Acados residuals [stat, eq, ineq, comp]: [100.        0.        0.17966   0.     ]
Acados SQP iterations: 1
RMPCC-MF diagnostics captured before infeasibility recovery.
RMPCC-MF failed-iterate infeasibility candidates:
  - {'constraint': 'row_g_hard_guard', 'stages': array([ 1,  2,  3,  4,  5,  6,  7,  8,  9, 10, 11, 12, 13, 14, 15, 16, 17,
       18, 19, 20]), 'minimum_residual': -0.17965750193595892}
RMPCC-MF inactive Row M stages are trivially feasible.
RMPCC-MF minimum box residuals [state | input]: 3.9e-08 | 0.0
SQP_RTI solver failed with status 4. Starting infeasible recovery.
Backup solver is unavailable; falling back to safe stop.
Applied nominal_safe_controller safe-stop plan after infeasible RMPCC-MF solve.
[RMPCC 0495] SAFE_STOP solve=231.0ms pose=(0.263,0.358,-0.901) u=(0.000,0.000) s=0.399 PSDFmin=-0.1787 G=FAIL(-0.1797) MF=inactive(active=0/20)
Acados solver failed with status 4
Acados residuals [stat, eq, ineq, comp]: [100.        0.        0.17966   0.     ]
Acados SQP iterations: 1
RMPCC-MF diagnostics captured before infeasibility recovery.
RMPCC-MF failed-iterate infeasibility candidates:
  - {'constraint': 'row_g_hard_guard', 'stages': array([ 1,  2,  3,  4,  5,  6,  7,  8,  9, 10, 11, 12, 13, 14, 15, 16, 17,
       18, 19, 20]), 'minimum_residual': -0.17965750193595892}
RMPCC-MF inactive Row M stages are trivially feasible.
RMPCC-MF minimum box residuals [state | input]: 3.9e-08 | 0.0
SQP_RTI solver failed with status 4. Starting infeasible recovery.
Backup solver is unavailable; falling back to safe stop.
Applied nominal_safe_controller safe-stop plan after infeasible RMPCC-MF solve.
[RMPCC 0496] SAFE_STOP solve=215.1ms pose=(0.263,0.358,-0.901) u=(0.000,0.000) s=0.399 PSDFmin=-0.1787 G=FAIL(-0.1797) MF=inactive(active=0/20)
Acados solver failed with status 4
Acados residuals [stat, eq, ineq, comp]: [100.        0.        0.17966   0.     ]
Acados SQP iterations: 1
RMPCC-MF diagnostics captured before infeasibility recovery.
RMPCC-MF failed-iterate infeasibility candidates:
  - {'constraint': 'row_g_hard_guard', 'stages': array([ 1,  2,  3,  4,  5,  6,  7,  8,  9, 10, 11, 12, 13, 14, 15, 16, 17,
       18, 19, 20]), 'minimum_residual': -0.17965750193595892}
RMPCC-MF inactive Row M stages are trivially feasible.
RMPCC-MF minimum box residuals [state | input]: 3.9e-08 | 0.0
SQP_RTI solver failed with status 4. Starting infeasible recovery.
Backup solver is unavailable; falling back to safe stop.
Applied nominal_safe_controller safe-stop plan after infeasible RMPCC-MF solve.
[RMPCC 0497] SAFE_STOP solve=224.6ms pose=(0.263,0.358,-0.901) u=(0.000,0.000) s=0.399 PSDFmin=-0.1787 G=FAIL(-0.1797) MF=inactive(active=0/20)
Acados solver failed with status 4
Acados residuals [stat, eq, ineq, comp]: [100.        0.        0.17966   0.     ]
Acados SQP iterations: 1
RMPCC-MF diagnostics captured before infeasibility recovery.
RMPCC-MF failed-iterate infeasibility candidates:
  - {'constraint': 'row_g_hard_guard', 'stages': array([ 1,  2,  3,  4,  5,  6,  7,  8,  9, 10, 11, 12, 13, 14, 15, 16, 17,
       18, 19, 20]), 'minimum_residual': -0.17965750193595892}
RMPCC-MF inactive Row M stages are trivially feasible.
RMPCC-MF minimum box residuals [state | input]: 3.9e-08 | 0.0
SQP_RTI solver failed with status 4. Starting infeasible recovery.
Backup solver is unavailable; falling back to safe stop.
Applied nominal_safe_controller safe-stop plan after infeasible RMPCC-MF solve.
[RMPCC 0498] SAFE_STOP solve=228.8ms pose=(0.263,0.358,-0.901) u=(0.000,0.000) s=0.399 PSDFmin=-0.1787 G=FAIL(-0.1797) MF=inactive(active=0/20)
Acados solver failed with status 4
Acados residuals [stat, eq, ineq, comp]: [100.        0.        0.17966   0.     ]
Acados SQP iterations: 1
RMPCC-MF diagnostics captured before infeasibility recovery.
RMPCC-MF failed-iterate infeasibility candidates:
  - {'constraint': 'row_g_hard_guard', 'stages': array([ 1,  2,  3,  4,  5,  6,  7,  8,  9, 10, 11, 12, 13, 14, 15, 16, 17,
       18, 19, 20]), 'minimum_residual': -0.17965750193595892}
RMPCC-MF inactive Row M stages are trivially feasible.
RMPCC-MF minimum box residuals [state | input]: 3.9e-08 | 0.0
SQP_RTI solver failed with status 4. Starting infeasible recovery.
Backup solver is unavailable; falling back to safe stop.
Applied nominal_safe_controller safe-stop plan after infeasible RMPCC-MF solve.
[RMPCC 0499] SAFE_STOP solve=235.1ms pose=(0.263,0.358,-0.901) u=(0.000,0.000) s=0.399 PSDFmin=-0.1787 G=FAIL(-0.1797) MF=inactive(active=0/20)
Acados solver failed with status 4
Acados residuals [stat, eq, ineq, comp]: [100.        0.        0.17966   0.     ]
Acados SQP iterations: 1
RMPCC-MF diagnostics captured before infeasibility recovery.
RMPCC-MF failed-iterate infeasibility candidates:
  - {'constraint': 'row_g_hard_guard', 'stages': array([ 1,  2,  3,  4,  5,  6,  7,  8,  9, 10, 11, 12, 13, 14, 15, 16, 17,
       18, 19, 20]), 'minimum_residual': -0.17965750193595892}
RMPCC-MF inactive Row M stages are trivially feasible.
RMPCC-MF minimum box residuals [state | input]: 3.9e-08 | 0.0
SQP_RTI solver failed with status 4. Starting infeasible recovery.
Backup solver is unavailable; falling back to safe stop.
Applied nominal_safe_controller safe-stop plan after infeasible RMPCC-MF solve.
[RMPCC 0500] SAFE_STOP solve=235.3ms pose=(0.263,0.358,-0.901) u=(0.000,0.000) s=0.399 PSDFmin=-0.1787 G=FAIL(-0.1797) MF=inactive(active=0/20)
Acados solver failed with status 4
Acados residuals [stat, eq, ineq, comp]: [100.        0.        0.17966   0.     ]
Acados SQP iterations: 1
RMPCC-MF diagnostics captured before infeasibility recovery.
RMPCC-MF failed-iterate infeasibility candidates:
  - {'constraint': 'row_g_hard_guard', 'stages': array([ 1,  2,  3,  4,  5,  6,  7,  8,  9, 10, 11, 12, 13, 14, 15, 16, 17,
       18, 19, 20]), 'minimum_residual': -0.17965750193595892}
RMPCC-MF inactive Row M stages are trivially feasible.
RMPCC-MF minimum box residuals [state | input]: 3.9e-08 | 0.0
SQP_RTI solver failed with status 4. Starting infeasible recovery.
Backup solver is unavailable; falling back to safe stop.
Applied nominal_safe_controller safe-stop plan after infeasible RMPCC-MF solve.
[RMPCC 0501] SAFE_STOP solve=233.9ms pose=(0.263,0.358,-0.901) u=(0.000,0.000) s=0.399 PSDFmin=-0.1787 G=FAIL(-0.1797) MF=inactive(active=0/20)
Acados solver failed with status 4
Acados residuals [stat, eq, ineq, comp]: [100.        0.        0.17966   0.     ]
Acados SQP iterations: 1
RMPCC-MF diagnostics captured before infeasibility recovery.
RMPCC-MF failed-iterate infeasibility candidates:
  - {'constraint': 'row_g_hard_guard', 'stages': array([ 1,  2,  3,  4,  5,  6,  7,  8,  9, 10, 11, 12, 13, 14, 15, 16, 17,
       18, 19, 20]), 'minimum_residual': -0.17965750193595892}
RMPCC-MF inactive Row M stages are trivially feasible.
RMPCC-MF minimum box residuals [state | input]: 3.9e-08 | 0.0
SQP_RTI solver failed with status 4. Starting infeasible recovery.
Backup solver is unavailable; falling back to safe stop.
Applied nominal_safe_controller safe-stop plan after infeasible RMPCC-MF solve.
[RMPCC 0502] SAFE_STOP solve=235.9ms pose=(0.263,0.358,-0.901) u=(0.000,0.000) s=0.399 PSDFmin=-0.1787 G=FAIL(-0.1797) MF=inactive(active=0/20)
Acados solver failed with status 4
Acados residuals [stat, eq, ineq, comp]: [100.        0.        0.17966   0.     ]
Acados SQP iterations: 1
RMPCC-MF diagnostics captured before infeasibility recovery.
RMPCC-MF failed-iterate infeasibility candidates:
  - {'constraint': 'row_g_hard_guard', 'stages': array([ 1,  2,  3,  4,  5,  6,  7,  8,  9, 10, 11, 12, 13, 14, 15, 16, 17,
       18, 19, 20]), 'minimum_residual': -0.17965750193595892}
RMPCC-MF inactive Row M stages are trivially feasible.
RMPCC-MF minimum box residuals [state | input]: 3.9e-08 | 0.0
SQP_RTI solver failed with status 4. Starting infeasible recovery.
Backup solver is unavailable; falling back to safe stop.
Applied nominal_safe_controller safe-stop plan after infeasible RMPCC-MF solve.
[RMPCC 0503] SAFE_STOP solve=230.9ms pose=(0.263,0.358,-0.901) u=(0.000,0.000) s=0.399 PSDFmin=-0.1787 G=FAIL(-0.1797) MF=inactive(active=0/20)
Acados solver failed with status 4
Acados residuals [stat, eq, ineq, comp]: [100.        0.        0.17966   0.     ]
Acados SQP iterations: 1
RMPCC-MF diagnostics captured before infeasibility recovery.
RMPCC-MF failed-iterate infeasibility candidates:
  - {'constraint': 'row_g_hard_guard', 'stages': array([ 1,  2,  3,  4,  5,  6,  7,  8,  9, 10, 11, 12, 13, 14, 15, 16, 17,
       18, 19, 20]), 'minimum_residual': -0.17965750193595892}
RMPCC-MF inactive Row M stages are trivially feasible.
RMPCC-MF minimum box residuals [state | input]: 3.9e-08 | 0.0
SQP_RTI solver failed with status 4. Starting infeasible recovery.
Backup solver is unavailable; falling back to safe stop.
Applied nominal_safe_controller safe-stop plan after infeasible RMPCC-MF solve.
[RMPCC 0504] SAFE_STOP solve=211.5ms pose=(0.263,0.358,-0.901) u=(0.000,0.000) s=0.399 PSDFmin=-0.1787 G=FAIL(-0.1797) MF=inactive(active=0/20)
Acados solver failed with status 4
Acados residuals [stat, eq, ineq, comp]: [100.        0.        0.17966   0.     ]
Acados SQP iterations: 1
RMPCC-MF diagnostics captured before infeasibility recovery.
RMPCC-MF failed-iterate infeasibility candidates:
  - {'constraint': 'row_g_hard_guard', 'stages': array([ 1,  2,  3,  4,  5,  6,  7,  8,  9, 10, 11, 12, 13, 14, 15, 16, 17,
       18, 19, 20]), 'minimum_residual': -0.17965750193595892}
RMPCC-MF inactive Row M stages are trivially feasible.
RMPCC-MF minimum box residuals [state | input]: 3.9e-08 | 0.0
SQP_RTI solver failed with status 4. Starting infeasible recovery.
Backup solver is unavailable; falling back to safe stop.
Applied nominal_safe_controller safe-stop plan after infeasible RMPCC-MF solve.
[RMPCC 0505] SAFE_STOP solve=240.5ms pose=(0.263,0.358,-0.901) u=(0.000,0.000) s=0.399 PSDFmin=-0.1787 G=FAIL(-0.1797) MF=inactive(active=0/20)
Acados solver failed with status 4
Acados residuals [stat, eq, ineq, comp]: [100.        0.        0.17966   0.     ]
Acados SQP iterations: 1
RMPCC-MF diagnostics captured before infeasibility recovery.
RMPCC-MF failed-iterate infeasibility candidates:
  - {'constraint': 'row_g_hard_guard', 'stages': array([ 1,  2,  3,  4,  5,  6,  7,  8,  9, 10, 11, 12, 13, 14, 15, 16, 17,
       18, 19, 20]), 'minimum_residual': -0.17965750193595892}
RMPCC-MF inactive Row M stages are trivially feasible.
RMPCC-MF minimum box residuals [state | input]: 3.9e-08 | 0.0
SQP_RTI solver failed with status 4. Starting infeasible recovery.
Backup solver is unavailable; falling back to safe stop.
Applied nominal_safe_controller safe-stop plan after infeasible RMPCC-MF solve.
[RMPCC 0506] SAFE_STOP solve=221.6ms pose=(0.263,0.358,-0.901) u=(0.000,0.000) s=0.399 PSDFmin=-0.1787 G=FAIL(-0.1797) MF=inactive(active=0/20)
Acados solver failed with status 4
Acados residuals [stat, eq, ineq, comp]: [100.        0.        0.17966   0.     ]
Acados SQP iterations: 1
RMPCC-MF diagnostics captured before infeasibility recovery.
RMPCC-MF failed-iterate infeasibility candidates:
  - {'constraint': 'row_g_hard_guard', 'stages': array([ 1,  2,  3,  4,  5,  6,  7,  8,  9, 10, 11, 12, 13, 14, 15, 16, 17,
       18, 19, 20]), 'minimum_residual': -0.17965750193595892}
RMPCC-MF inactive Row M stages are trivially feasible.
RMPCC-MF minimum box residuals [state | input]: 3.9e-08 | 0.0
SQP_RTI solver failed with status 4. Starting infeasible recovery.
Backup solver is unavailable; falling back to safe stop.
Applied nominal_safe_controller safe-stop plan after infeasible RMPCC-MF solve.
[RMPCC 0507] SAFE_STOP solve=219.3ms pose=(0.263,0.358,-0.901) u=(0.000,0.000) s=0.399 PSDFmin=-0.1787 G=FAIL(-0.1797) MF=inactive(active=0/20)
Acados solver failed with status 4
Acados residuals [stat, eq, ineq, comp]: [100.        0.        0.17966   0.     ]
Acados SQP iterations: 1
RMPCC-MF diagnostics captured before infeasibility recovery.
RMPCC-MF failed-iterate infeasibility candidates:
  - {'constraint': 'row_g_hard_guard', 'stages': array([ 1,  2,  3,  4,  5,  6,  7,  8,  9, 10, 11, 12, 13, 14, 15, 16, 17,
       18, 19, 20]), 'minimum_residual': -0.17965750193595892}
RMPCC-MF inactive Row M stages are trivially feasible.
RMPCC-MF minimum box residuals [state | input]: 3.9e-08 | 0.0
SQP_RTI solver failed with status 4. Starting infeasible recovery.
Backup solver is unavailable; falling back to safe stop.
Applied nominal_safe_controller safe-stop plan after infeasible RMPCC-MF solve.
[RMPCC 0508] SAFE_STOP solve=227.6ms pose=(0.263,0.358,-0.901) u=(0.000,0.000) s=0.399 PSDFmin=-0.1787 G=FAIL(-0.1797) MF=inactive(active=0/20)
Acados solver failed with status 4
Acados residuals [stat, eq, ineq, comp]: [100.        0.        0.17966   0.     ]
Acados SQP iterations: 1
RMPCC-MF diagnostics captured before infeasibility recovery.
RMPCC-MF failed-iterate infeasibility candidates:
  - {'constraint': 'row_g_hard_guard', 'stages': array([ 1,  2,  3,  4,  5,  6,  7,  8,  9, 10, 11, 12, 13, 14, 15, 16, 17,
       18, 19, 20]), 'minimum_residual': -0.17965750193595892}
RMPCC-MF inactive Row M stages are trivially feasible.
RMPCC-MF minimum box residuals [state | input]: 3.9e-08 | 0.0
SQP_RTI solver failed with status 4. Starting infeasible recovery.
Backup solver is unavailable; falling back to safe stop.
Applied nominal_safe_controller safe-stop plan after infeasible RMPCC-MF solve.
[RMPCC 0509] SAFE_STOP solve=234.6ms pose=(0.263,0.358,-0.901) u=(0.000,0.000) s=0.399 PSDFmin=-0.1787 G=FAIL(-0.1797) MF=inactive(active=0/20)
Acados solver failed with status 4
Acados residuals [stat, eq, ineq, comp]: [100.        0.        0.17966   0.     ]
Acados SQP iterations: 1
RMPCC-MF diagnostics captured before infeasibility recovery.
RMPCC-MF failed-iterate infeasibility candidates:
  - {'constraint': 'row_g_hard_guard', 'stages': array([ 1,  2,  3,  4,  5,  6,  7,  8,  9, 10, 11, 12, 13, 14, 15, 16, 17,
       18, 19, 20]), 'minimum_residual': -0.17965750193595892}
RMPCC-MF inactive Row M stages are trivially feasible.
RMPCC-MF minimum box residuals [state | input]: 3.9e-08 | 0.0
SQP_RTI solver failed with status 4. Starting infeasible recovery.
Backup solver is unavailable; falling back to safe stop.
Applied nominal_safe_controller safe-stop plan after infeasible RMPCC-MF solve.
[RMPCC 0510] SAFE_STOP solve=219.8ms pose=(0.263,0.358,-0.901) u=(0.000,0.000) s=0.399 PSDFmin=-0.1787 G=FAIL(-0.1797) MF=inactive(active=0/20)
Acados solver failed with status 4
Acados residuals [stat, eq, ineq, comp]: [100.        0.        0.17966   0.     ]
Acados SQP iterations: 1
RMPCC-MF diagnostics captured before infeasibility recovery.
RMPCC-MF failed-iterate infeasibility candidates:
  - {'constraint': 'row_g_hard_guard', 'stages': array([ 1,  2,  3,  4,  5,  6,  7,  8,  9, 10, 11, 12, 13, 14, 15, 16, 17,
       18, 19, 20]), 'minimum_residual': -0.17965750193595892}
RMPCC-MF inactive Row M stages are trivially feasible.
RMPCC-MF minimum box residuals [state | input]: 3.9e-08 | 0.0
SQP_RTI solver failed with status 4. Starting infeasible recovery.
Backup solver is unavailable; falling back to safe stop.
Applied nominal_safe_controller safe-stop plan after infeasible RMPCC-MF solve.
[RMPCC 0511] SAFE_STOP solve=227.9ms pose=(0.263,0.358,-0.901) u=(0.000,0.000) s=0.399 PSDFmin=-0.1787 G=FAIL(-0.1797) MF=inactive(active=0/20)
Acados solver failed with status 4
Acados residuals [stat, eq, ineq, comp]: [100.        0.        0.17966   0.     ]
Acados SQP iterations: 1
RMPCC-MF diagnostics captured before infeasibility recovery.
RMPCC-MF failed-iterate infeasibility candidates:
  - {'constraint': 'row_g_hard_guard', 'stages': array([ 1,  2,  3,  4,  5,  6,  7,  8,  9, 10, 11, 12, 13, 14, 15, 16, 17,
       18, 19, 20]), 'minimum_residual': -0.17965750193595892}
RMPCC-MF inactive Row M stages are trivially feasible.
RMPCC-MF minimum box residuals [state | input]: 3.9e-08 | 0.0
SQP_RTI solver failed with status 4. Starting infeasible recovery.
Backup solver is unavailable; falling back to safe stop.
Applied nominal_safe_controller safe-stop plan after infeasible RMPCC-MF solve.
[RMPCC 0512] SAFE_STOP solve=219.8ms pose=(0.263,0.358,-0.901) u=(0.000,0.000) s=0.399 PSDFmin=-0.1787 G=FAIL(-0.1797) MF=inactive(active=0/20)
Acados solver failed with status 4
Acados residuals [stat, eq, ineq, comp]: [100.        0.        0.17966   0.     ]
Acados SQP iterations: 1
RMPCC-MF diagnostics captured before infeasibility recovery.
RMPCC-MF failed-iterate infeasibility candidates:
  - {'constraint': 'row_g_hard_guard', 'stages': array([ 1,  2,  3,  4,  5,  6,  7,  8,  9, 10, 11, 12, 13, 14, 15, 16, 17,
       18, 19, 20]), 'minimum_residual': -0.17965750193595892}
RMPCC-MF inactive Row M stages are trivially feasible.
RMPCC-MF minimum box residuals [state | input]: 3.9e-08 | 0.0
SQP_RTI solver failed with status 4. Starting infeasible recovery.
Backup solver is unavailable; falling back to safe stop.
Applied nominal_safe_controller safe-stop plan after infeasible RMPCC-MF solve.
[RMPCC 0513] SAFE_STOP solve=222.1ms pose=(0.263,0.358,-0.901) u=(0.000,0.000) s=0.399 PSDFmin=-0.1787 G=FAIL(-0.1797) MF=inactive(active=0/20)
Acados solver failed with status 4
Acados residuals [stat, eq, ineq, comp]: [100.        0.        0.17966   0.     ]
Acados SQP iterations: 1
RMPCC-MF diagnostics captured before infeasibility recovery.
RMPCC-MF failed-iterate infeasibility candidates:
  - {'constraint': 'row_g_hard_guard', 'stages': array([ 1,  2,  3,  4,  5,  6,  7,  8,  9, 10, 11, 12, 13, 14, 15, 16, 17,
       18, 19, 20]), 'minimum_residual': -0.17965750193595892}
RMPCC-MF inactive Row M stages are trivially feasible.
RMPCC-MF minimum box residuals [state | input]: 3.9e-08 | 0.0
SQP_RTI solver failed with status 4. Starting infeasible recovery.
Backup solver is unavailable; falling back to safe stop.
Applied nominal_safe_controller safe-stop plan after infeasible RMPCC-MF solve.
[RMPCC 0514] SAFE_STOP solve=228.6ms pose=(0.263,0.358,-0.901) u=(0.000,0.000) s=0.399 PSDFmin=-0.1787 G=FAIL(-0.1797) MF=inactive(active=0/20)
Acados solver failed with status 4
Acados residuals [stat, eq, ineq, comp]: [100.        0.        0.17966   0.     ]
Acados SQP iterations: 1
RMPCC-MF diagnostics captured before infeasibility recovery.
RMPCC-MF failed-iterate infeasibility candidates:
  - {'constraint': 'row_g_hard_guard', 'stages': array([ 1,  2,  3,  4,  5,  6,  7,  8,  9, 10, 11, 12, 13, 14, 15, 16, 17,
       18, 19, 20]), 'minimum_residual': -0.17965750193595892}
RMPCC-MF inactive Row M stages are trivially feasible.
RMPCC-MF minimum box residuals [state | input]: 3.9e-08 | 0.0
SQP_RTI solver failed with status 4. Starting infeasible recovery.
Backup solver is unavailable; falling back to safe stop.
Applied nominal_safe_controller safe-stop plan after infeasible RMPCC-MF solve.
[RMPCC 0515] SAFE_STOP solve=224.9ms pose=(0.263,0.358,-0.901) u=(0.000,0.000) s=0.399 PSDFmin=-0.1787 G=FAIL(-0.1797) MF=inactive(active=0/20)
Acados solver failed with status 4
Acados residuals [stat, eq, ineq, comp]: [100.        0.        0.17966   0.     ]
Acados SQP iterations: 1
RMPCC-MF diagnostics captured before infeasibility recovery.
RMPCC-MF failed-iterate infeasibility candidates:
  - {'constraint': 'row_g_hard_guard', 'stages': array([ 1,  2,  3,  4,  5,  6,  7,  8,  9, 10, 11, 12, 13, 14, 15, 16, 17,
       18, 19, 20]), 'minimum_residual': -0.17965750193595892}
RMPCC-MF inactive Row M stages are trivially feasible.
RMPCC-MF minimum box residuals [state | input]: 3.9e-08 | 0.0
SQP_RTI solver failed with status 4. Starting infeasible recovery.
Backup solver is unavailable; falling back to safe stop.
Applied nominal_safe_controller safe-stop plan after infeasible RMPCC-MF solve.
[RMPCC 0516] SAFE_STOP solve=243.5ms pose=(0.263,0.358,-0.901) u=(0.000,0.000) s=0.399 PSDFmin=-0.1787 G=FAIL(-0.1797) MF=inactive(active=0/20)
Acados solver failed with status 4
Acados residuals [stat, eq, ineq, comp]: [100.        0.        0.17966   0.     ]
Acados SQP iterations: 1
RMPCC-MF diagnostics captured before infeasibility recovery.
RMPCC-MF failed-iterate infeasibility candidates:
  - {'constraint': 'row_g_hard_guard', 'stages': array([ 1,  2,  3,  4,  5,  6,  7,  8,  9, 10, 11, 12, 13, 14, 15, 16, 17,
       18, 19, 20]), 'minimum_residual': -0.17965750193595892}
RMPCC-MF inactive Row M stages are trivially feasible.
RMPCC-MF minimum box residuals [state | input]: 3.9e-08 | 0.0
SQP_RTI solver failed with status 4. Starting infeasible recovery.
Backup solver is unavailable; falling back to safe stop.
Applied nominal_safe_controller safe-stop plan after infeasible RMPCC-MF solve.
[RMPCC 0517] SAFE_STOP solve=235.1ms pose=(0.263,0.358,-0.901) u=(0.000,0.000) s=0.399 PSDFmin=-0.1787 G=FAIL(-0.1797) MF=inactive(active=0/20)
Acados solver failed with status 4
Acados residuals [stat, eq, ineq, comp]: [100.        0.        0.17966   0.     ]
Acados SQP iterations: 1
RMPCC-MF diagnostics captured before infeasibility recovery.
RMPCC-MF failed-iterate infeasibility candidates:
  - {'constraint': 'row_g_hard_guard', 'stages': array([ 1,  2,  3,  4,  5,  6,  7,  8,  9, 10, 11, 12, 13, 14, 15, 16, 17,
       18, 19, 20]), 'minimum_residual': -0.17965750193595892}
RMPCC-MF inactive Row M stages are trivially feasible.
RMPCC-MF minimum box residuals [state | input]: 3.9e-08 | 0.0
SQP_RTI solver failed with status 4. Starting infeasible recovery.
Backup solver is unavailable; falling back to safe stop.
Applied nominal_safe_controller safe-stop plan after infeasible RMPCC-MF solve.
[RMPCC 0518] SAFE_STOP solve=256.9ms pose=(0.263,0.358,-0.901) u=(0.000,0.000) s=0.399 PSDFmin=-0.1787 G=FAIL(-0.1797) MF=inactive(active=0/20)
Acados solver failed with status 4
Acados residuals [stat, eq, ineq, comp]: [100.        0.        0.17966   0.     ]
Acados SQP iterations: 1
RMPCC-MF diagnostics captured before infeasibility recovery.
RMPCC-MF failed-iterate infeasibility candidates:
  - {'constraint': 'row_g_hard_guard', 'stages': array([ 1,  2,  3,  4,  5,  6,  7,  8,  9, 10, 11, 12, 13, 14, 15, 16, 17,
       18, 19, 20]), 'minimum_residual': -0.17965750193595892}
RMPCC-MF inactive Row M stages are trivially feasible.
RMPCC-MF minimum box residuals [state | input]: 3.9e-08 | 0.0
SQP_RTI solver failed with status 4. Starting infeasible recovery.
Backup solver is unavailable; falling back to safe stop.
Applied nominal_safe_controller safe-stop plan after infeasible RMPCC-MF solve.
[RMPCC 0519] SAFE_STOP solve=243.8ms pose=(0.263,0.358,-0.901) u=(0.000,0.000) s=0.399 PSDFmin=-0.1787 G=FAIL(-0.1797) MF=inactive(active=0/20)
Acados solver failed with status 4
Acados residuals [stat, eq, ineq, comp]: [100.        0.        0.17966   0.     ]
Acados SQP iterations: 1
RMPCC-MF diagnostics captured before infeasibility recovery.
RMPCC-MF failed-iterate infeasibility candidates:
  - {'constraint': 'row_g_hard_guard', 'stages': array([ 1,  2,  3,  4,  5,  6,  7,  8,  9, 10, 11, 12, 13, 14, 15, 16, 17,
       18, 19, 20]), 'minimum_residual': -0.17965750193595892}
RMPCC-MF inactive Row M stages are trivially feasible.
RMPCC-MF minimum box residuals [state | input]: 3.9e-08 | 0.0
SQP_RTI solver failed with status 4. Starting infeasible recovery.
Backup solver is unavailable; falling back to safe stop.
Applied nominal_safe_controller safe-stop plan after infeasible RMPCC-MF solve.
[RMPCC 0520] SAFE_STOP solve=231.5ms pose=(0.263,0.358,-0.901) u=(0.000,0.000) s=0.399 PSDFmin=-0.1787 G=FAIL(-0.1797) MF=inactive(active=0/20)
Acados solver failed with status 4
Acados residuals [stat, eq, ineq, comp]: [100.        0.        0.17966   0.     ]
Acados SQP iterations: 1
RMPCC-MF diagnostics captured before infeasibility recovery.
RMPCC-MF failed-iterate infeasibility candidates:
  - {'constraint': 'row_g_hard_guard', 'stages': array([ 1,  2,  3,  4,  5,  6,  7,  8,  9, 10, 11, 12, 13, 14, 15, 16, 17,
       18, 19, 20]), 'minimum_residual': -0.17965750193595892}
RMPCC-MF inactive Row M stages are trivially feasible.
RMPCC-MF minimum box residuals [state | input]: 3.9e-08 | 0.0
SQP_RTI solver failed with status 4. Starting infeasible recovery.
Backup solver is unavailable; falling back to safe stop.
Applied nominal_safe_controller safe-stop plan after infeasible RMPCC-MF solve.
[RMPCC 0521] SAFE_STOP solve=218.7ms pose=(0.263,0.358,-0.901) u=(0.000,0.000) s=0.399 PSDFmin=-0.1787 G=FAIL(-0.1797) MF=inactive(active=0/20)
Acados solver failed with status 4
Acados residuals [stat, eq, ineq, comp]: [100.        0.        0.17966   0.     ]
Acados SQP iterations: 1
RMPCC-MF diagnostics captured before infeasibility recovery.
RMPCC-MF failed-iterate infeasibility candidates:
  - {'constraint': 'row_g_hard_guard', 'stages': array([ 1,  2,  3,  4,  5,  6,  7,  8,  9, 10, 11, 12, 13, 14, 15, 16, 17,
       18, 19, 20]), 'minimum_residual': -0.17965750193595892}
RMPCC-MF inactive Row M stages are trivially feasible.
RMPCC-MF minimum box residuals [state | input]: 3.9e-08 | 0.0
SQP_RTI solver failed with status 4. Starting infeasible recovery.
Backup solver is unavailable; falling back to safe stop.
Applied nominal_safe_controller safe-stop plan after infeasible RMPCC-MF solve.
[RMPCC 0522] SAFE_STOP solve=227.9ms pose=(0.263,0.358,-0.901) u=(0.000,0.000) s=0.399 PSDFmin=-0.1787 G=FAIL(-0.1797) MF=inactive(active=0/20)
Acados solver failed with status 4
Acados residuals [stat, eq, ineq, comp]: [100.        0.        0.17966   0.     ]
Acados SQP iterations: 1
RMPCC-MF diagnostics captured before infeasibility recovery.
RMPCC-MF failed-iterate infeasibility candidates:
  - {'constraint': 'row_g_hard_guard', 'stages': array([ 1,  2,  3,  4,  5,  6,  7,  8,  9, 10, 11, 12, 13, 14, 15, 16, 17,
       18, 19, 20]), 'minimum_residual': -0.17965750193595892}
RMPCC-MF inactive Row M stages are trivially feasible.
RMPCC-MF minimum box residuals [state | input]: 3.9e-08 | 0.0
SQP_RTI solver failed with status 4. Starting infeasible recovery.
Backup solver is unavailable; falling back to safe stop.
Applied nominal_safe_controller safe-stop plan after infeasible RMPCC-MF solve.
[RMPCC 0523] SAFE_STOP solve=223.6ms pose=(0.263,0.358,-0.901) u=(0.000,0.000) s=0.399 PSDFmin=-0.1787 G=FAIL(-0.1797) MF=inactive(active=0/20)
Acados solver failed with status 4
Acados residuals [stat, eq, ineq, comp]: [100.        0.        0.17966   0.     ]
Acados SQP iterations: 1
RMPCC-MF diagnostics captured before infeasibility recovery.
RMPCC-MF failed-iterate infeasibility candidates:
  - {'constraint': 'row_g_hard_guard', 'stages': array([ 1,  2,  3,  4,  5,  6,  7,  8,  9, 10, 11, 12, 13, 14, 15, 16, 17,
       18, 19, 20]), 'minimum_residual': -0.17965750193595892}
RMPCC-MF inactive Row M stages are trivially feasible.
RMPCC-MF minimum box residuals [state | input]: 3.9e-08 | 0.0
SQP_RTI solver failed with status 4. Starting infeasible recovery.
Backup solver is unavailable; falling back to safe stop.
Applied nominal_safe_controller safe-stop plan after infeasible RMPCC-MF solve.
[RMPCC 0524] SAFE_STOP solve=220.5ms pose=(0.263,0.358,-0.901) u=(0.000,0.000) s=0.399 PSDFmin=-0.1787 G=FAIL(-0.1797) MF=inactive(active=0/20)
Acados solver failed with status 4
Acados residuals [stat, eq, ineq, comp]: [100.        0.        0.17966   0.     ]
Acados SQP iterations: 1
RMPCC-MF diagnostics captured before infeasibility recovery.
RMPCC-MF failed-iterate infeasibility candidates:
  - {'constraint': 'row_g_hard_guard', 'stages': array([ 1,  2,  3,  4,  5,  6,  7,  8,  9, 10, 11, 12, 13, 14, 15, 16, 17,
       18, 19, 20]), 'minimum_residual': -0.17965750193595892}
RMPCC-MF inactive Row M stages are trivially feasible.
RMPCC-MF minimum box residuals [state | input]: 3.9e-08 | 0.0
SQP_RTI solver failed with status 4. Starting infeasible recovery.
Backup solver is unavailable; falling back to safe stop.
Applied nominal_safe_controller safe-stop plan after infeasible RMPCC-MF solve.
[RMPCC 0525] SAFE_STOP solve=230.5ms pose=(0.263,0.358,-0.901) u=(0.000,0.000) s=0.399 PSDFmin=-0.1787 G=FAIL(-0.1797) MF=inactive(active=0/20)
Acados solver failed with status 4
Acados residuals [stat, eq, ineq, comp]: [100.        0.        0.17966   0.     ]
Acados SQP iterations: 1
RMPCC-MF diagnostics captured before infeasibility recovery.
RMPCC-MF failed-iterate infeasibility candidates:
  - {'constraint': 'row_g_hard_guard', 'stages': array([ 1,  2,  3,  4,  5,  6,  7,  8,  9, 10, 11, 12, 13, 14, 15, 16, 17,
       18, 19, 20]), 'minimum_residual': -0.17965750193595892}
RMPCC-MF inactive Row M stages are trivially feasible.
RMPCC-MF minimum box residuals [state | input]: 3.9e-08 | 0.0
SQP_RTI solver failed with status 4. Starting infeasible recovery.
Backup solver is unavailable; falling back to safe stop.
Applied nominal_safe_controller safe-stop plan after infeasible RMPCC-MF solve.
[RMPCC 0526] SAFE_STOP solve=220.7ms pose=(0.263,0.358,-0.901) u=(0.000,0.000) s=0.399 PSDFmin=-0.1787 G=FAIL(-0.1797) MF=inactive(active=0/20)
Acados solver failed with status 4
Acados residuals [stat, eq, ineq, comp]: [100.        0.        0.17966   0.     ]
Acados SQP iterations: 1
RMPCC-MF diagnostics captured before infeasibility recovery.
RMPCC-MF failed-iterate infeasibility candidates:
  - {'constraint': 'row_g_hard_guard', 'stages': array([ 1,  2,  3,  4,  5,  6,  7,  8,  9, 10, 11, 12, 13, 14, 15, 16, 17,
       18, 19, 20]), 'minimum_residual': -0.17965750193595892}
RMPCC-MF inactive Row M stages are trivially feasible.
RMPCC-MF minimum box residuals [state | input]: 3.9e-08 | 0.0
SQP_RTI solver failed with status 4. Starting infeasible recovery.
Backup solver is unavailable; falling back to safe stop.
Applied nominal_safe_controller safe-stop plan after infeasible RMPCC-MF solve.
[RMPCC 0527] SAFE_STOP solve=226.8ms pose=(0.263,0.358,-0.901) u=(0.000,0.000) s=0.399 PSDFmin=-0.1787 G=FAIL(-0.1797) MF=inactive(active=0/20)
Acados solver failed with status 4
Acados residuals [stat, eq, ineq, comp]: [100.        0.        0.17966   0.     ]
Acados SQP iterations: 1
RMPCC-MF diagnostics captured before infeasibility recovery.
RMPCC-MF failed-iterate infeasibility candidates:
  - {'constraint': 'row_g_hard_guard', 'stages': array([ 1,  2,  3,  4,  5,  6,  7,  8,  9, 10, 11, 12, 13, 14, 15, 16, 17,
       18, 19, 20]), 'minimum_residual': -0.17965750193595892}
RMPCC-MF inactive Row M stages are trivially feasible.
RMPCC-MF minimum box residuals [state | input]: 3.9e-08 | 0.0
SQP_RTI solver failed with status 4. Starting infeasible recovery.
Backup solver is unavailable; falling back to safe stop.
Applied nominal_safe_controller safe-stop plan after infeasible RMPCC-MF solve.
[RMPCC 0528] SAFE_STOP solve=225.4ms pose=(0.263,0.358,-0.901) u=(0.000,0.000) s=0.399 PSDFmin=-0.1787 G=FAIL(-0.1797) MF=inactive(active=0/20)
Acados solver failed with status 4
Acados residuals [stat, eq, ineq, comp]: [100.        0.        0.17966   0.     ]
Acados SQP iterations: 1
RMPCC-MF diagnostics captured before infeasibility recovery.
RMPCC-MF failed-iterate infeasibility candidates:
  - {'constraint': 'row_g_hard_guard', 'stages': array([ 1,  2,  3,  4,  5,  6,  7,  8,  9, 10, 11, 12, 13, 14, 15, 16, 17,
       18, 19, 20]), 'minimum_residual': -0.17965750193595892}
RMPCC-MF inactive Row M stages are trivially feasible.
RMPCC-MF minimum box residuals [state | input]: 3.9e-08 | 0.0
SQP_RTI solver failed with status 4. Starting infeasible recovery.
Backup solver is unavailable; falling back to safe stop.
Applied nominal_safe_controller safe-stop plan after infeasible RMPCC-MF solve.
[RMPCC 0529] SAFE_STOP solve=235.6ms pose=(0.263,0.358,-0.901) u=(0.000,0.000) s=0.399 PSDFmin=-0.1787 G=FAIL(-0.1797) MF=inactive(active=0/20)
Acados solver failed with status 4
Acados residuals [stat, eq, ineq, comp]: [100.        0.        0.17966   0.     ]
Acados SQP iterations: 1
RMPCC-MF diagnostics captured before infeasibility recovery.
RMPCC-MF failed-iterate infeasibility candidates:
  - {'constraint': 'row_g_hard_guard', 'stages': array([ 1,  2,  3,  4,  5,  6,  7,  8,  9, 10, 11, 12, 13, 14, 15, 16, 17,
       18, 19, 20]), 'minimum_residual': -0.17965750193595892}
RMPCC-MF inactive Row M stages are trivially feasible.
RMPCC-MF minimum box residuals [state | input]: 3.9e-08 | 0.0
SQP_RTI solver failed with status 4. Starting infeasible recovery.
Backup solver is unavailable; falling back to safe stop.
Applied nominal_safe_controller safe-stop plan after infeasible RMPCC-MF solve.
[RMPCC 0530] SAFE_STOP solve=220.9ms pose=(0.263,0.358,-0.901) u=(0.000,0.000) s=0.399 PSDFmin=-0.1787 G=FAIL(-0.1797) MF=inactive(active=0/20)
Acados solver failed with status 4
Acados residuals [stat, eq, ineq, comp]: [100.        0.        0.17966   0.     ]
Acados SQP iterations: 1
RMPCC-MF diagnostics captured before infeasibility recovery.
RMPCC-MF failed-iterate infeasibility candidates:
  - {'constraint': 'row_g_hard_guard', 'stages': array([ 1,  2,  3,  4,  5,  6,  7,  8,  9, 10, 11, 12, 13, 14, 15, 16, 17,
       18, 19, 20]), 'minimum_residual': -0.17965750193595892}
RMPCC-MF inactive Row M stages are trivially feasible.
RMPCC-MF minimum box residuals [state | input]: 3.9e-08 | 0.0
SQP_RTI solver failed with status 4. Starting infeasible recovery.
Backup solver is unavailable; falling back to safe stop.
Applied nominal_safe_controller safe-stop plan after infeasible RMPCC-MF solve.
[RMPCC 0531] SAFE_STOP solve=208.0ms pose=(0.263,0.358,-0.901) u=(0.000,0.000) s=0.399 PSDFmin=-0.1787 G=FAIL(-0.1797) MF=inactive(active=0/20)
Acados solver failed with status 4
Acados residuals [stat, eq, ineq, comp]: [100.        0.        0.17966   0.     ]
Acados SQP iterations: 1
RMPCC-MF diagnostics captured before infeasibility recovery.
RMPCC-MF failed-iterate infeasibility candidates:
  - {'constraint': 'row_g_hard_guard', 'stages': array([ 1,  2,  3,  4,  5,  6,  7,  8,  9, 10, 11, 12, 13, 14, 15, 16, 17,
       18, 19, 20]), 'minimum_residual': -0.17965750193595892}
RMPCC-MF inactive Row M stages are trivially feasible.
RMPCC-MF minimum box residuals [state | input]: 3.9e-08 | 0.0
SQP_RTI solver failed with status 4. Starting infeasible recovery.
Backup solver is unavailable; falling back to safe stop.
Applied nominal_safe_controller safe-stop plan after infeasible RMPCC-MF solve.
[RMPCC 0532] SAFE_STOP solve=238.2ms pose=(0.263,0.358,-0.901) u=(0.000,0.000) s=0.399 PSDFmin=-0.1787 G=FAIL(-0.1797) MF=inactive(active=0/20)
Acados solver failed with status 4
Acados residuals [stat, eq, ineq, comp]: [100.        0.        0.17966   0.     ]
Acados SQP iterations: 1
RMPCC-MF diagnostics captured before infeasibility recovery.
RMPCC-MF failed-iterate infeasibility candidates:
  - {'constraint': 'row_g_hard_guard', 'stages': array([ 1,  2,  3,  4,  5,  6,  7,  8,  9, 10, 11, 12, 13, 14, 15, 16, 17,
       18, 19, 20]), 'minimum_residual': -0.17965750193595892}
RMPCC-MF inactive Row M stages are trivially feasible.
RMPCC-MF minimum box residuals [state | input]: 3.9e-08 | 0.0
SQP_RTI solver failed with status 4. Starting infeasible recovery.
Backup solver is unavailable; falling back to safe stop.
Applied nominal_safe_controller safe-stop plan after infeasible RMPCC-MF solve.
[RMPCC 0533] SAFE_STOP solve=247.5ms pose=(0.263,0.358,-0.901) u=(0.000,0.000) s=0.399 PSDFmin=-0.1787 G=FAIL(-0.1797) MF=inactive(active=0/20)
Acados solver failed with status 4
Acados residuals [stat, eq, ineq, comp]: [100.        0.        0.17966   0.     ]
Acados SQP iterations: 1
RMPCC-MF diagnostics captured before infeasibility recovery.
RMPCC-MF failed-iterate infeasibility candidates:
  - {'constraint': 'row_g_hard_guard', 'stages': array([ 1,  2,  3,  4,  5,  6,  7,  8,  9, 10, 11, 12, 13, 14, 15, 16, 17,
       18, 19, 20]), 'minimum_residual': -0.17965750193595892}
RMPCC-MF inactive Row M stages are trivially feasible.
RMPCC-MF minimum box residuals [state | input]: 3.9e-08 | 0.0
SQP_RTI solver failed with status 4. Starting infeasible recovery.
Backup solver is unavailable; falling back to safe stop.
Applied nominal_safe_controller safe-stop plan after infeasible RMPCC-MF solve.
[RMPCC 0534] SAFE_STOP solve=218.0ms pose=(0.263,0.358,-0.901) u=(0.000,0.000) s=0.399 PSDFmin=-0.1787 G=FAIL(-0.1797) MF=inactive(active=0/20)
Acados solver failed with status 4
Acados residuals [stat, eq, ineq, comp]: [100.        0.        0.17966   0.     ]
Acados SQP iterations: 1
RMPCC-MF diagnostics captured before infeasibility recovery.
RMPCC-MF failed-iterate infeasibility candidates:
  - {'constraint': 'row_g_hard_guard', 'stages': array([ 1,  2,  3,  4,  5,  6,  7,  8,  9, 10, 11, 12, 13, 14, 15, 16, 17,
       18, 19, 20]), 'minimum_residual': -0.17965750193595892}
RMPCC-MF inactive Row M stages are trivially feasible.
RMPCC-MF minimum box residuals [state | input]: 3.9e-08 | 0.0
SQP_RTI solver failed with status 4. Starting infeasible recovery.
Backup solver is unavailable; falling back to safe stop.
Applied nominal_safe_controller safe-stop plan after infeasible RMPCC-MF solve.
[RMPCC 0535] SAFE_STOP solve=238.1ms pose=(0.263,0.358,-0.901) u=(0.000,0.000) s=0.399 PSDFmin=-0.1787 G=FAIL(-0.1797) MF=inactive(active=0/20)
Acados solver failed with status 4
Acados residuals [stat, eq, ineq, comp]: [100.        0.        0.17966   0.     ]
Acados SQP iterations: 1
RMPCC-MF diagnostics captured before infeasibility recovery.
RMPCC-MF failed-iterate infeasibility candidates:
  - {'constraint': 'row_g_hard_guard', 'stages': array([ 1,  2,  3,  4,  5,  6,  7,  8,  9, 10, 11, 12, 13, 14, 15, 16, 17,
       18, 19, 20]), 'minimum_residual': -0.17965750193595892}
RMPCC-MF inactive Row M stages are trivially feasible.
RMPCC-MF minimum box residuals [state | input]: 3.9e-08 | 0.0
SQP_RTI solver failed with status 4. Starting infeasible recovery.
Backup solver is unavailable; falling back to safe stop.
Applied nominal_safe_controller safe-stop plan after infeasible RMPCC-MF solve.
[RMPCC 0536] SAFE_STOP solve=230.9ms pose=(0.263,0.358,-0.901) u=(0.000,0.000) s=0.399 PSDFmin=-0.1787 G=FAIL(-0.1797) MF=inactive(active=0/20)
Acados solver failed with status 4
Acados residuals [stat, eq, ineq, comp]: [100.        0.        0.17966   0.     ]
Acados SQP iterations: 1
RMPCC-MF diagnostics captured before infeasibility recovery.
RMPCC-MF failed-iterate infeasibility candidates:
  - {'constraint': 'row_g_hard_guard', 'stages': array([ 1,  2,  3,  4,  5,  6,  7,  8,  9, 10, 11, 12, 13, 14, 15, 16, 17,
       18, 19, 20]), 'minimum_residual': -0.17965750193595892}
RMPCC-MF inactive Row M stages are trivially feasible.
RMPCC-MF minimum box residuals [state | input]: 3.9e-08 | 0.0
SQP_RTI solver failed with status 4. Starting infeasible recovery.
Backup solver is unavailable; falling back to safe stop.
Applied nominal_safe_controller safe-stop plan after infeasible RMPCC-MF solve.
[RMPCC 0537] SAFE_STOP solve=226.3ms pose=(0.263,0.358,-0.901) u=(0.000,0.000) s=0.399 PSDFmin=-0.1787 G=FAIL(-0.1797) MF=inactive(active=0/20)
Acados solver failed with status 4
Acados residuals [stat, eq, ineq, comp]: [100.        0.        0.17966   0.     ]
Acados SQP iterations: 1
RMPCC-MF diagnostics captured before infeasibility recovery.
RMPCC-MF failed-iterate infeasibility candidates:
  - {'constraint': 'row_g_hard_guard', 'stages': array([ 1,  2,  3,  4,  5,  6,  7,  8,  9, 10, 11, 12, 13, 14, 15, 16, 17,
       18, 19, 20]), 'minimum_residual': -0.17965750193595892}
RMPCC-MF inactive Row M stages are trivially feasible.
RMPCC-MF minimum box residuals [state | input]: 3.9e-08 | 0.0
SQP_RTI solver failed with status 4. Starting infeasible recovery.
Backup solver is unavailable; falling back to safe stop.
Applied nominal_safe_controller safe-stop plan after infeasible RMPCC-MF solve.
[RMPCC 0538] SAFE_STOP solve=219.0ms pose=(0.263,0.358,-0.901) u=(0.000,0.000) s=0.399 PSDFmin=-0.1787 G=FAIL(-0.1797) MF=inactive(active=0/20)
Acados solver failed with status 4
Acados residuals [stat, eq, ineq, comp]: [100.        0.        0.17966   0.     ]
Acados SQP iterations: 1
RMPCC-MF diagnostics captured before infeasibility recovery.
RMPCC-MF failed-iterate infeasibility candidates:
  - {'constraint': 'row_g_hard_guard', 'stages': array([ 1,  2,  3,  4,  5,  6,  7,  8,  9, 10, 11, 12, 13, 14, 15, 16, 17,
       18, 19, 20]), 'minimum_residual': -0.17965750193595892}
RMPCC-MF inactive Row M stages are trivially feasible.
RMPCC-MF minimum box residuals [state | input]: 3.9e-08 | 0.0
SQP_RTI solver failed with status 4. Starting infeasible recovery.
Backup solver is unavailable; falling back to safe stop.
Applied nominal_safe_controller safe-stop plan after infeasible RMPCC-MF solve.
[RMPCC 0539] SAFE_STOP solve=216.0ms pose=(0.263,0.358,-0.901) u=(0.000,0.000) s=0.399 PSDFmin=-0.1787 G=FAIL(-0.1797) MF=inactive(active=0/20)
Acados solver failed with status 4
Acados residuals [stat, eq, ineq, comp]: [100.        0.        0.17966   0.     ]
Acados SQP iterations: 1
RMPCC-MF diagnostics captured before infeasibility recovery.
RMPCC-MF failed-iterate infeasibility candidates:
  - {'constraint': 'row_g_hard_guard', 'stages': array([ 1,  2,  3,  4,  5,  6,  7,  8,  9, 10, 11, 12, 13, 14, 15, 16, 17,
       18, 19, 20]), 'minimum_residual': -0.17965750193595892}
RMPCC-MF inactive Row M stages are trivially feasible.
RMPCC-MF minimum box residuals [state | input]: 3.9e-08 | 0.0
SQP_RTI solver failed with status 4. Starting infeasible recovery.
Backup solver is unavailable; falling back to safe stop.
Applied nominal_safe_controller safe-stop plan after infeasible RMPCC-MF solve.
[RMPCC 0540] SAFE_STOP solve=229.4ms pose=(0.263,0.358,-0.901) u=(0.000,0.000) s=0.399 PSDFmin=-0.1787 G=FAIL(-0.1797) MF=inactive(active=0/20)
Acados solver failed with status 4
Acados residuals [stat, eq, ineq, comp]: [100.        0.        0.17966   0.     ]
Acados SQP iterations: 1
RMPCC-MF diagnostics captured before infeasibility recovery.
RMPCC-MF failed-iterate infeasibility candidates:
  - {'constraint': 'row_g_hard_guard', 'stages': array([ 1,  2,  3,  4,  5,  6,  7,  8,  9, 10, 11, 12, 13, 14, 15, 16, 17,
       18, 19, 20]), 'minimum_residual': -0.17965750193595892}
RMPCC-MF inactive Row M stages are trivially feasible.
RMPCC-MF minimum box residuals [state | input]: 3.9e-08 | 0.0
SQP_RTI solver failed with status 4. Starting infeasible recovery.
Backup solver is unavailable; falling back to safe stop.
Applied nominal_safe_controller safe-stop plan after infeasible RMPCC-MF solve.
[RMPCC 0541] SAFE_STOP solve=225.3ms pose=(0.263,0.358,-0.901) u=(0.000,0.000) s=0.399 PSDFmin=-0.1787 G=FAIL(-0.1797) MF=inactive(active=0/20)
Acados solver failed with status 4
Acados residuals [stat, eq, ineq, comp]: [100.        0.        0.17966   0.     ]
Acados SQP iterations: 1
RMPCC-MF diagnostics captured before infeasibility recovery.
RMPCC-MF failed-iterate infeasibility candidates:
  - {'constraint': 'row_g_hard_guard', 'stages': array([ 1,  2,  3,  4,  5,  6,  7,  8,  9, 10, 11, 12, 13, 14, 15, 16, 17,
       18, 19, 20]), 'minimum_residual': -0.17965750193595892}
RMPCC-MF inactive Row M stages are trivially feasible.
RMPCC-MF minimum box residuals [state | input]: 3.9e-08 | 0.0
SQP_RTI solver failed with status 4. Starting infeasible recovery.
Backup solver is unavailable; falling back to safe stop.
Applied nominal_safe_controller safe-stop plan after infeasible RMPCC-MF solve.
[RMPCC 0542] SAFE_STOP solve=223.0ms pose=(0.263,0.358,-0.901) u=(0.000,0.000) s=0.399 PSDFmin=-0.1787 G=FAIL(-0.1797) MF=inactive(active=0/20)
Acados solver failed with status 4
Acados residuals [stat, eq, ineq, comp]: [100.        0.        0.17966   0.     ]
Acados SQP iterations: 1
RMPCC-MF diagnostics captured before infeasibility recovery.
RMPCC-MF failed-iterate infeasibility candidates:
  - {'constraint': 'row_g_hard_guard', 'stages': array([ 1,  2,  3,  4,  5,  6,  7,  8,  9, 10, 11, 12, 13, 14, 15, 16, 17,
       18, 19, 20]), 'minimum_residual': -0.17965750193595892}
RMPCC-MF inactive Row M stages are trivially feasible.
RMPCC-MF minimum box residuals [state | input]: 3.9e-08 | 0.0
SQP_RTI solver failed with status 4. Starting infeasible recovery.
Backup solver is unavailable; falling back to safe stop.
Applied nominal_safe_controller safe-stop plan after infeasible RMPCC-MF solve.
[RMPCC 0543] SAFE_STOP solve=222.8ms pose=(0.263,0.358,-0.901) u=(0.000,0.000) s=0.399 PSDFmin=-0.1787 G=FAIL(-0.1797) MF=inactive(active=0/20)
Acados solver failed with status 4
Acados residuals [stat, eq, ineq, comp]: [100.        0.        0.17966   0.     ]
Acados SQP iterations: 1
RMPCC-MF diagnostics captured before infeasibility recovery.
RMPCC-MF failed-iterate infeasibility candidates:
  - {'constraint': 'row_g_hard_guard', 'stages': array([ 1,  2,  3,  4,  5,  6,  7,  8,  9, 10, 11, 12, 13, 14, 15, 16, 17,
       18, 19, 20]), 'minimum_residual': -0.17965750193595892}
RMPCC-MF inactive Row M stages are trivially feasible.
RMPCC-MF minimum box residuals [state | input]: 3.9e-08 | 0.0
SQP_RTI solver failed with status 4. Starting infeasible recovery.
Backup solver is unavailable; falling back to safe stop.
Applied nominal_safe_controller safe-stop plan after infeasible RMPCC-MF solve.
[RMPCC 0544] SAFE_STOP solve=234.9ms pose=(0.263,0.358,-0.901) u=(0.000,0.000) s=0.399 PSDFmin=-0.1787 G=FAIL(-0.1797) MF=inactive(active=0/20)
Acados solver failed with status 4
Acados residuals [stat, eq, ineq, comp]: [100.        0.        0.17966   0.     ]
Acados SQP iterations: 1
RMPCC-MF diagnostics captured before infeasibility recovery.
RMPCC-MF failed-iterate infeasibility candidates:
  - {'constraint': 'row_g_hard_guard', 'stages': array([ 1,  2,  3,  4,  5,  6,  7,  8,  9, 10, 11, 12, 13, 14, 15, 16, 17,
       18, 19, 20]), 'minimum_residual': -0.17965750193595892}
RMPCC-MF inactive Row M stages are trivially feasible.
RMPCC-MF minimum box residuals [state | input]: 3.9e-08 | 0.0
SQP_RTI solver failed with status 4. Starting infeasible recovery.
Backup solver is unavailable; falling back to safe stop.
Applied nominal_safe_controller safe-stop plan after infeasible RMPCC-MF solve.
[RMPCC 0545] SAFE_STOP solve=222.7ms pose=(0.263,0.358,-0.901) u=(0.000,0.000) s=0.399 PSDFmin=-0.1787 G=FAIL(-0.1797) MF=inactive(active=0/20)
Acados solver failed with status 4
Acados residuals [stat, eq, ineq, comp]: [100.        0.        0.17966   0.     ]
Acados SQP iterations: 1
RMPCC-MF diagnostics captured before infeasibility recovery.
RMPCC-MF failed-iterate infeasibility candidates:
  - {'constraint': 'row_g_hard_guard', 'stages': array([ 1,  2,  3,  4,  5,  6,  7,  8,  9, 10, 11, 12, 13, 14, 15, 16, 17,
       18, 19, 20]), 'minimum_residual': -0.17965750193595892}
RMPCC-MF inactive Row M stages are trivially feasible.
RMPCC-MF minimum box residuals [state | input]: 3.9e-08 | 0.0
SQP_RTI solver failed with status 4. Starting infeasible recovery.
Backup solver is unavailable; falling back to safe stop.
Applied nominal_safe_controller safe-stop plan after infeasible RMPCC-MF solve.
[RMPCC 0546] SAFE_STOP solve=243.9ms pose=(0.263,0.358,-0.901) u=(0.000,0.000) s=0.399 PSDFmin=-0.1787 G=FAIL(-0.1797) MF=inactive(active=0/20)
Acados solver failed with status 4
Acados residuals [stat, eq, ineq, comp]: [100.        0.        0.17966   0.     ]
Acados SQP iterations: 1
RMPCC-MF diagnostics captured before infeasibility recovery.
RMPCC-MF failed-iterate infeasibility candidates:
  - {'constraint': 'row_g_hard_guard', 'stages': array([ 1,  2,  3,  4,  5,  6,  7,  8,  9, 10, 11, 12, 13, 14, 15, 16, 17,
       18, 19, 20]), 'minimum_residual': -0.17965750193595892}
RMPCC-MF inactive Row M stages are trivially feasible.
RMPCC-MF minimum box residuals [state | input]: 3.9e-08 | 0.0
SQP_RTI solver failed with status 4. Starting infeasible recovery.
Backup solver is unavailable; falling back to safe stop.
Applied nominal_safe_controller safe-stop plan after infeasible RMPCC-MF solve.
[RMPCC 0547] SAFE_STOP solve=227.0ms pose=(0.263,0.358,-0.901) u=(0.000,0.000) s=0.399 PSDFmin=-0.1787 G=FAIL(-0.1797) MF=inactive(active=0/20)
Acados solver failed with status 4
Acados residuals [stat, eq, ineq, comp]: [100.        0.        0.17966   0.     ]
Acados SQP iterations: 1
RMPCC-MF diagnostics captured before infeasibility recovery.
RMPCC-MF failed-iterate infeasibility candidates:
  - {'constraint': 'row_g_hard_guard', 'stages': array([ 1,  2,  3,  4,  5,  6,  7,  8,  9, 10, 11, 12, 13, 14, 15, 16, 17,
       18, 19, 20]), 'minimum_residual': -0.17965750193595892}
RMPCC-MF inactive Row M stages are trivially feasible.
RMPCC-MF minimum box residuals [state | input]: 3.9e-08 | 0.0
SQP_RTI solver failed with status 4. Starting infeasible recovery.
Backup solver is unavailable; falling back to safe stop.
Applied nominal_safe_controller safe-stop plan after infeasible RMPCC-MF solve.
[RMPCC 0548] SAFE_STOP solve=229.0ms pose=(0.263,0.358,-0.901) u=(0.000,0.000) s=0.399 PSDFmin=-0.1787 G=FAIL(-0.1797) MF=inactive(active=0/20)
Acados solver failed with status 4
Acados residuals [stat, eq, ineq, comp]: [100.        0.        0.17966   0.     ]
Acados SQP iterations: 1
RMPCC-MF diagnostics captured before infeasibility recovery.
RMPCC-MF failed-iterate infeasibility candidates:
  - {'constraint': 'row_g_hard_guard', 'stages': array([ 1,  2,  3,  4,  5,  6,  7,  8,  9, 10, 11, 12, 13, 14, 15, 16, 17,
       18, 19, 20]), 'minimum_residual': -0.17965750193595892}
RMPCC-MF inactive Row M stages are trivially feasible.
RMPCC-MF minimum box residuals [state | input]: 3.9e-08 | 0.0
SQP_RTI solver failed with status 4. Starting infeasible recovery.
Backup solver is unavailable; falling back to safe stop.
Applied nominal_safe_controller safe-stop plan after infeasible RMPCC-MF solve.
[RMPCC 0549] SAFE_STOP solve=227.0ms pose=(0.263,0.358,-0.901) u=(0.000,0.000) s=0.399 PSDFmin=-0.1787 G=FAIL(-0.1797) MF=inactive(active=0/20)
Acados solver failed with status 4
Acados residuals [stat, eq, ineq, comp]: [100.        0.        0.17966   0.     ]
Acados SQP iterations: 1
RMPCC-MF diagnostics captured before infeasibility recovery.
RMPCC-MF failed-iterate infeasibility candidates:
  - {'constraint': 'row_g_hard_guard', 'stages': array([ 1,  2,  3,  4,  5,  6,  7,  8,  9, 10, 11, 12, 13, 14, 15, 16, 17,
       18, 19, 20]), 'minimum_residual': -0.17965750193595892}
RMPCC-MF inactive Row M stages are trivially feasible.
RMPCC-MF minimum box residuals [state | input]: 3.9e-08 | 0.0
SQP_RTI solver failed with status 4. Starting infeasible recovery.
Backup solver is unavailable; falling back to safe stop.
Applied nominal_safe_controller safe-stop plan after infeasible RMPCC-MF solve.
[RMPCC 0550] SAFE_STOP solve=247.1ms pose=(0.263,0.358,-0.901) u=(0.000,0.000) s=0.399 PSDFmin=-0.1787 G=FAIL(-0.1797) MF=inactive(active=0/20)
Acados solver failed with status 4
Acados residuals [stat, eq, ineq, comp]: [100.        0.        0.17966   0.     ]
Acados SQP iterations: 1
RMPCC-MF diagnostics captured before infeasibility recovery.
RMPCC-MF failed-iterate infeasibility candidates:
  - {'constraint': 'row_g_hard_guard', 'stages': array([ 1,  2,  3,  4,  5,  6,  7,  8,  9, 10, 11, 12, 13, 14, 15, 16, 17,
       18, 19, 20]), 'minimum_residual': -0.17965750193595892}
RMPCC-MF inactive Row M stages are trivially feasible.
RMPCC-MF minimum box residuals [state | input]: 3.9e-08 | 0.0
SQP_RTI solver failed with status 4. Starting infeasible recovery.
Backup solver is unavailable; falling back to safe stop.
Applied nominal_safe_controller safe-stop plan after infeasible RMPCC-MF solve.
[RMPCC 0551] SAFE_STOP solve=226.7ms pose=(0.263,0.358,-0.901) u=(0.000,0.000) s=0.399 PSDFmin=-0.1787 G=FAIL(-0.1797) MF=inactive(active=0/20)
Acados solver failed with status 4
Acados residuals [stat, eq, ineq, comp]: [100.        0.        0.17966   0.     ]
Acados SQP iterations: 1
RMPCC-MF diagnostics captured before infeasibility recovery.
RMPCC-MF failed-iterate infeasibility candidates:
  - {'constraint': 'row_g_hard_guard', 'stages': array([ 1,  2,  3,  4,  5,  6,  7,  8,  9, 10, 11, 12, 13, 14, 15, 16, 17,
       18, 19, 20]), 'minimum_residual': -0.17965750193595892}
RMPCC-MF inactive Row M stages are trivially feasible.
RMPCC-MF minimum box residuals [state | input]: 3.9e-08 | 0.0
SQP_RTI solver failed with status 4. Starting infeasible recovery.
Backup solver is unavailable; falling back to safe stop.
Applied nominal_safe_controller safe-stop plan after infeasible RMPCC-MF solve.
[RMPCC 0552] SAFE_STOP solve=224.1ms pose=(0.263,0.358,-0.901) u=(0.000,0.000) s=0.399 PSDFmin=-0.1787 G=FAIL(-0.1797) MF=inactive(active=0/20)
Acados solver failed with status 4
Acados residuals [stat, eq, ineq, comp]: [100.        0.        0.17966   0.     ]
Acados SQP iterations: 1
RMPCC-MF diagnostics captured before infeasibility recovery.
RMPCC-MF failed-iterate infeasibility candidates:
  - {'constraint': 'row_g_hard_guard', 'stages': array([ 1,  2,  3,  4,  5,  6,  7,  8,  9, 10, 11, 12, 13, 14, 15, 16, 17,
       18, 19, 20]), 'minimum_residual': -0.17965750193595892}
RMPCC-MF inactive Row M stages are trivially feasible.
RMPCC-MF minimum box residuals [state | input]: 3.9e-08 | 0.0
SQP_RTI solver failed with status 4. Starting infeasible recovery.
Backup solver is unavailable; falling back to safe stop.
Applied nominal_safe_controller safe-stop plan after infeasible RMPCC-MF solve.
[RMPCC 0553] SAFE_STOP solve=232.6ms pose=(0.263,0.358,-0.901) u=(0.000,0.000) s=0.399 PSDFmin=-0.1787 G=FAIL(-0.1797) MF=inactive(active=0/20)
Acados solver failed with status 4
Acados residuals [stat, eq, ineq, comp]: [100.        0.        0.17966   0.     ]
Acados SQP iterations: 1
RMPCC-MF diagnostics captured before infeasibility recovery.
RMPCC-MF failed-iterate infeasibility candidates:
  - {'constraint': 'row_g_hard_guard', 'stages': array([ 1,  2,  3,  4,  5,  6,  7,  8,  9, 10, 11, 12, 13, 14, 15, 16, 17,
       18, 19, 20]), 'minimum_residual': -0.17965750193595892}
RMPCC-MF inactive Row M stages are trivially feasible.
RMPCC-MF minimum box residuals [state | input]: 3.9e-08 | 0.0
SQP_RTI solver failed with status 4. Starting infeasible recovery.
Backup solver is unavailable; falling back to safe stop.
Applied nominal_safe_controller safe-stop plan after infeasible RMPCC-MF solve.
[RMPCC 0554] SAFE_STOP solve=237.2ms pose=(0.263,0.358,-0.901) u=(0.000,0.000) s=0.399 PSDFmin=-0.1787 G=FAIL(-0.1797) MF=inactive(active=0/20)
Acados solver failed with status 4
Acados residuals [stat, eq, ineq, comp]: [100.        0.        0.17966   0.     ]
Acados SQP iterations: 1
RMPCC-MF diagnostics captured before infeasibility recovery.
RMPCC-MF failed-iterate infeasibility candidates:
  - {'constraint': 'row_g_hard_guard', 'stages': array([ 1,  2,  3,  4,  5,  6,  7,  8,  9, 10, 11, 12, 13, 14, 15, 16, 17,
       18, 19, 20]), 'minimum_residual': -0.17965750193595892}
RMPCC-MF inactive Row M stages are trivially feasible.
RMPCC-MF minimum box residuals [state | input]: 3.9e-08 | 0.0
SQP_RTI solver failed with status 4. Starting infeasible recovery.
Backup solver is unavailable; falling back to safe stop.
Applied nominal_safe_controller safe-stop plan after infeasible RMPCC-MF solve.
[RMPCC 0555] SAFE_STOP solve=230.2ms pose=(0.263,0.358,-0.901) u=(0.000,0.000) s=0.399 PSDFmin=-0.1787 G=FAIL(-0.1797) MF=inactive(active=0/20)
Acados solver failed with status 4
Acados residuals [stat, eq, ineq, comp]: [100.        0.        0.17966   0.     ]
Acados SQP iterations: 1
RMPCC-MF diagnostics captured before infeasibility recovery.
RMPCC-MF failed-iterate infeasibility candidates:
  - {'constraint': 'row_g_hard_guard', 'stages': array([ 1,  2,  3,  4,  5,  6,  7,  8,  9, 10, 11, 12, 13, 14, 15, 16, 17,
       18, 19, 20]), 'minimum_residual': -0.17965750193595892}
RMPCC-MF inactive Row M stages are trivially feasible.
RMPCC-MF minimum box residuals [state | input]: 3.9e-08 | 0.0
SQP_RTI solver failed with status 4. Starting infeasible recovery.
Backup solver is unavailable; falling back to safe stop.
Applied nominal_safe_controller safe-stop plan after infeasible RMPCC-MF solve.
[RMPCC 0556] SAFE_STOP solve=225.7ms pose=(0.263,0.358,-0.901) u=(0.000,0.000) s=0.399 PSDFmin=-0.1787 G=FAIL(-0.1797) MF=inactive(active=0/20)
Acados solver failed with status 4
Acados residuals [stat, eq, ineq, comp]: [100.        0.        0.17966   0.     ]
Acados SQP iterations: 1
RMPCC-MF diagnostics captured before infeasibility recovery.
RMPCC-MF failed-iterate infeasibility candidates:
  - {'constraint': 'row_g_hard_guard', 'stages': array([ 1,  2,  3,  4,  5,  6,  7,  8,  9, 10, 11, 12, 13, 14, 15, 16, 17,
       18, 19, 20]), 'minimum_residual': -0.17965750193595892}
RMPCC-MF inactive Row M stages are trivially feasible.
RMPCC-MF minimum box residuals [state | input]: 3.9e-08 | 0.0
SQP_RTI solver failed with status 4. Starting infeasible recovery.
Backup solver is unavailable; falling back to safe stop.
Applied nominal_safe_controller safe-stop plan after infeasible RMPCC-MF solve.
[RMPCC 0557] SAFE_STOP solve=221.1ms pose=(0.263,0.358,-0.901) u=(0.000,0.000) s=0.399 PSDFmin=-0.1787 G=FAIL(-0.1797) MF=inactive(active=0/20)
Acados solver failed with status 4
Acados residuals [stat, eq, ineq, comp]: [100.        0.        0.17966   0.     ]
Acados SQP iterations: 1
RMPCC-MF diagnostics captured before infeasibility recovery.
RMPCC-MF failed-iterate infeasibility candidates:
  - {'constraint': 'row_g_hard_guard', 'stages': array([ 1,  2,  3,  4,  5,  6,  7,  8,  9, 10, 11, 12, 13, 14, 15, 16, 17,
       18, 19, 20]), 'minimum_residual': -0.17965750193595892}
RMPCC-MF inactive Row M stages are trivially feasible.
RMPCC-MF minimum box residuals [state | input]: 3.9e-08 | 0.0
SQP_RTI solver failed with status 4. Starting infeasible recovery.
Backup solver is unavailable; falling back to safe stop.
Applied nominal_safe_controller safe-stop plan after infeasible RMPCC-MF solve.
[RMPCC 0558] SAFE_STOP solve=212.5ms pose=(0.263,0.358,-0.901) u=(0.000,0.000) s=0.399 PSDFmin=-0.1787 G=FAIL(-0.1797) MF=inactive(active=0/20)
Acados solver failed with status 4
Acados residuals [stat, eq, ineq, comp]: [100.        0.        0.17966   0.     ]
Acados SQP iterations: 1
RMPCC-MF diagnostics captured before infeasibility recovery.
RMPCC-MF failed-iterate infeasibility candidates:
  - {'constraint': 'row_g_hard_guard', 'stages': array([ 1,  2,  3,  4,  5,  6,  7,  8,  9, 10, 11, 12, 13, 14, 15, 16, 17,
       18, 19, 20]), 'minimum_residual': -0.17965750193595892}
RMPCC-MF inactive Row M stages are trivially feasible.
RMPCC-MF minimum box residuals [state | input]: 3.9e-08 | 0.0
SQP_RTI solver failed with status 4. Starting infeasible recovery.
Backup solver is unavailable; falling back to safe stop.
Applied nominal_safe_controller safe-stop plan after infeasible RMPCC-MF solve.
[RMPCC 0559] SAFE_STOP solve=228.1ms pose=(0.263,0.358,-0.901) u=(0.000,0.000) s=0.399 PSDFmin=-0.1787 G=FAIL(-0.1797) MF=inactive(active=0/20)
Acados solver failed with status 4
Acados residuals [stat, eq, ineq, comp]: [100.        0.        0.17966   0.     ]
Acados SQP iterations: 1
RMPCC-MF diagnostics captured before infeasibility recovery.
RMPCC-MF failed-iterate infeasibility candidates:
  - {'constraint': 'row_g_hard_guard', 'stages': array([ 1,  2,  3,  4,  5,  6,  7,  8,  9, 10, 11, 12, 13, 14, 15, 16, 17,
       18, 19, 20]), 'minimum_residual': -0.17965750193595892}
RMPCC-MF inactive Row M stages are trivially feasible.
RMPCC-MF minimum box residuals [state | input]: 3.9e-08 | 0.0
SQP_RTI solver failed with status 4. Starting infeasible recovery.
Backup solver is unavailable; falling back to safe stop.
Applied nominal_safe_controller safe-stop plan after infeasible RMPCC-MF solve.
[RMPCC 0560] SAFE_STOP solve=239.7ms pose=(0.263,0.358,-0.901) u=(0.000,0.000) s=0.399 PSDFmin=-0.1787 G=FAIL(-0.1797) MF=inactive(active=0/20)
Acados solver failed with status 4
Acados residuals [stat, eq, ineq, comp]: [100.        0.        0.17966   0.     ]
Acados SQP iterations: 1
RMPCC-MF diagnostics captured before infeasibility recovery.
RMPCC-MF failed-iterate infeasibility candidates:
  - {'constraint': 'row_g_hard_guard', 'stages': array([ 1,  2,  3,  4,  5,  6,  7,  8,  9, 10, 11, 12, 13, 14, 15, 16, 17,
       18, 19, 20]), 'minimum_residual': -0.17965750193595892}
RMPCC-MF inactive Row M stages are trivially feasible.
RMPCC-MF minimum box residuals [state | input]: 3.9e-08 | 0.0
SQP_RTI solver failed with status 4. Starting infeasible recovery.
Backup solver is unavailable; falling back to safe stop.
Applied nominal_safe_controller safe-stop plan after infeasible RMPCC-MF solve.
[RMPCC 0561] SAFE_STOP solve=244.0ms pose=(0.263,0.358,-0.901) u=(0.000,0.000) s=0.399 PSDFmin=-0.1787 G=FAIL(-0.1797) MF=inactive(active=0/20)
Acados solver failed with status 4
Acados residuals [stat, eq, ineq, comp]: [100.        0.        0.17966   0.     ]
Acados SQP iterations: 1
RMPCC-MF diagnostics captured before infeasibility recovery.
RMPCC-MF failed-iterate infeasibility candidates:
  - {'constraint': 'row_g_hard_guard', 'stages': array([ 1,  2,  3,  4,  5,  6,  7,  8,  9, 10, 11, 12, 13, 14, 15, 16, 17,
       18, 19, 20]), 'minimum_residual': -0.17965750193595892}
RMPCC-MF inactive Row M stages are trivially feasible.
RMPCC-MF minimum box residuals [state | input]: 3.9e-08 | 0.0
SQP_RTI solver failed with status 4. Starting infeasible recovery.
Backup solver is unavailable; falling back to safe stop.
Applied nominal_safe_controller safe-stop plan after infeasible RMPCC-MF solve.
[RMPCC 0562] SAFE_STOP solve=241.0ms pose=(0.263,0.358,-0.901) u=(0.000,0.000) s=0.399 PSDFmin=-0.1787 G=FAIL(-0.1797) MF=inactive(active=0/20)
Acados solver failed with status 4
Acados residuals [stat, eq, ineq, comp]: [100.        0.        0.17966   0.     ]
Acados SQP iterations: 1
RMPCC-MF diagnostics captured before infeasibility recovery.
RMPCC-MF failed-iterate infeasibility candidates:
  - {'constraint': 'row_g_hard_guard', 'stages': array([ 1,  2,  3,  4,  5,  6,  7,  8,  9, 10, 11, 12, 13, 14, 15, 16, 17,
       18, 19, 20]), 'minimum_residual': -0.17965750193595892}
RMPCC-MF inactive Row M stages are trivially feasible.
RMPCC-MF minimum box residuals [state | input]: 3.9e-08 | 0.0
SQP_RTI solver failed with status 4. Starting infeasible recovery.
Backup solver is unavailable; falling back to safe stop.
Applied nominal_safe_controller safe-stop plan after infeasible RMPCC-MF solve.
[RMPCC 0563] SAFE_STOP solve=230.5ms pose=(0.263,0.358,-0.901) u=(0.000,0.000) s=0.399 PSDFmin=-0.1787 G=FAIL(-0.1797) MF=inactive(active=0/20)
Acados solver failed with status 4
Acados residuals [stat, eq, ineq, comp]: [100.        0.        0.17966   0.     ]
Acados SQP iterations: 1
RMPCC-MF diagnostics captured before infeasibility recovery.
RMPCC-MF failed-iterate infeasibility candidates:
  - {'constraint': 'row_g_hard_guard', 'stages': array([ 1,  2,  3,  4,  5,  6,  7,  8,  9, 10, 11, 12, 13, 14, 15, 16, 17,
       18, 19, 20]), 'minimum_residual': -0.17965750193595892}
RMPCC-MF inactive Row M stages are trivially feasible.
RMPCC-MF minimum box residuals [state | input]: 3.9e-08 | 0.0
SQP_RTI solver failed with status 4. Starting infeasible recovery.
Backup solver is unavailable; falling back to safe stop.
Applied nominal_safe_controller safe-stop plan after infeasible RMPCC-MF solve.
[RMPCC 0564] SAFE_STOP solve=228.9ms pose=(0.263,0.358,-0.901) u=(0.000,0.000) s=0.399 PSDFmin=-0.1787 G=FAIL(-0.1797) MF=inactive(active=0/20)
Acados solver failed with status 4
Acados residuals [stat, eq, ineq, comp]: [100.        0.        0.17966   0.     ]
Acados SQP iterations: 1
RMPCC-MF diagnostics captured before infeasibility recovery.
RMPCC-MF failed-iterate infeasibility candidates:
  - {'constraint': 'row_g_hard_guard', 'stages': array([ 1,  2,  3,  4,  5,  6,  7,  8,  9, 10, 11, 12, 13, 14, 15, 16, 17,
       18, 19, 20]), 'minimum_residual': -0.17965750193595892}
RMPCC-MF inactive Row M stages are trivially feasible.
RMPCC-MF minimum box residuals [state | input]: 3.9e-08 | 0.0
SQP_RTI solver failed with status 4. Starting infeasible recovery.
Backup solver is unavailable; falling back to safe stop.
Applied nominal_safe_controller safe-stop plan after infeasible RMPCC-MF solve.
[RMPCC 0565] SAFE_STOP solve=223.2ms pose=(0.263,0.358,-0.901) u=(0.000,0.000) s=0.399 PSDFmin=-0.1787 G=FAIL(-0.1797) MF=inactive(active=0/20)
Acados solver failed with status 4
Acados residuals [stat, eq, ineq, comp]: [100.        0.        0.17966   0.     ]
Acados SQP iterations: 1
RMPCC-MF diagnostics captured before infeasibility recovery.
RMPCC-MF failed-iterate infeasibility candidates:
  - {'constraint': 'row_g_hard_guard', 'stages': array([ 1,  2,  3,  4,  5,  6,  7,  8,  9, 10, 11, 12, 13, 14, 15, 16, 17,
       18, 19, 20]), 'minimum_residual': -0.17965750193595892}
RMPCC-MF inactive Row M stages are trivially feasible.
RMPCC-MF minimum box residuals [state | input]: 3.9e-08 | 0.0
SQP_RTI solver failed with status 4. Starting infeasible recovery.
Backup solver is unavailable; falling back to safe stop.
Applied nominal_safe_controller safe-stop plan after infeasible RMPCC-MF solve.
[RMPCC 0566] SAFE_STOP solve=224.5ms pose=(0.263,0.358,-0.901) u=(0.000,0.000) s=0.399 PSDFmin=-0.1787 G=FAIL(-0.1797) MF=inactive(active=0/20)
Acados solver failed with status 4
Acados residuals [stat, eq, ineq, comp]: [100.        0.        0.17966   0.     ]
Acados SQP iterations: 1
RMPCC-MF diagnostics captured before infeasibility recovery.
RMPCC-MF failed-iterate infeasibility candidates:
  - {'constraint': 'row_g_hard_guard', 'stages': array([ 1,  2,  3,  4,  5,  6,  7,  8,  9, 10, 11, 12, 13, 14, 15, 16, 17,
       18, 19, 20]), 'minimum_residual': -0.17965750193595892}
RMPCC-MF inactive Row M stages are trivially feasible.
RMPCC-MF minimum box residuals [state | input]: 3.9e-08 | 0.0
SQP_RTI solver failed with status 4. Starting infeasible recovery.
Backup solver is unavailable; falling back to safe stop.
Applied nominal_safe_controller safe-stop plan after infeasible RMPCC-MF solve.
[RMPCC 0567] SAFE_STOP solve=236.3ms pose=(0.263,0.358,-0.901) u=(0.000,0.000) s=0.399 PSDFmin=-0.1787 G=FAIL(-0.1797) MF=inactive(active=0/20)
Acados solver failed with status 4
Acados residuals [stat, eq, ineq, comp]: [100.        0.        0.17966   0.     ]
Acados SQP iterations: 1
RMPCC-MF diagnostics captured before infeasibility recovery.
RMPCC-MF failed-iterate infeasibility candidates:
  - {'constraint': 'row_g_hard_guard', 'stages': array([ 1,  2,  3,  4,  5,  6,  7,  8,  9, 10, 11, 12, 13, 14, 15, 16, 17,
       18, 19, 20]), 'minimum_residual': -0.17965750193595892}
RMPCC-MF inactive Row M stages are trivially feasible.
RMPCC-MF minimum box residuals [state | input]: 3.9e-08 | 0.0
SQP_RTI solver failed with status 4. Starting infeasible recovery.
Backup solver is unavailable; falling back to safe stop.
Applied nominal_safe_controller safe-stop plan after infeasible RMPCC-MF solve.
[RMPCC 0568] SAFE_STOP solve=232.8ms pose=(0.263,0.358,-0.901) u=(0.000,0.000) s=0.399 PSDFmin=-0.1787 G=FAIL(-0.1797) MF=inactive(active=0/20)
Acados solver failed with status 4
Acados residuals [stat, eq, ineq, comp]: [100.        0.        0.17966   0.     ]
Acados SQP iterations: 1
RMPCC-MF diagnostics captured before infeasibility recovery.
RMPCC-MF failed-iterate infeasibility candidates:
  - {'constraint': 'row_g_hard_guard', 'stages': array([ 1,  2,  3,  4,  5,  6,  7,  8,  9, 10, 11, 12, 13, 14, 15, 16, 17,
       18, 19, 20]), 'minimum_residual': -0.17965750193595892}
RMPCC-MF inactive Row M stages are trivially feasible.
RMPCC-MF minimum box residuals [state | input]: 3.9e-08 | 0.0
SQP_RTI solver failed with status 4. Starting infeasible recovery.
Backup solver is unavailable; falling back to safe stop.
Applied nominal_safe_controller safe-stop plan after infeasible RMPCC-MF solve.
[RMPCC 0569] SAFE_STOP solve=225.1ms pose=(0.263,0.358,-0.901) u=(0.000,0.000) s=0.399 PSDFmin=-0.1787 G=FAIL(-0.1797) MF=inactive(active=0/20)
Acados solver failed with status 4
Acados residuals [stat, eq, ineq, comp]: [100.        0.        0.17966   0.     ]
Acados SQP iterations: 1
RMPCC-MF diagnostics captured before infeasibility recovery.
RMPCC-MF failed-iterate infeasibility candidates:
  - {'constraint': 'row_g_hard_guard', 'stages': array([ 1,  2,  3,  4,  5,  6,  7,  8,  9, 10, 11, 12, 13, 14, 15, 16, 17,
       18, 19, 20]), 'minimum_residual': -0.17965750193595892}
RMPCC-MF inactive Row M stages are trivially feasible.
RMPCC-MF minimum box residuals [state | input]: 3.9e-08 | 0.0
SQP_RTI solver failed with status 4. Starting infeasible recovery.
Backup solver is unavailable; falling back to safe stop.
Applied nominal_safe_controller safe-stop plan after infeasible RMPCC-MF solve.
[RMPCC 0570] SAFE_STOP solve=230.5ms pose=(0.263,0.358,-0.901) u=(0.000,0.000) s=0.399 PSDFmin=-0.1787 G=FAIL(-0.1797) MF=inactive(active=0/20)
Acados solver failed with status 4
Acados residuals [stat, eq, ineq, comp]: [100.        0.        0.17966   0.     ]
Acados SQP iterations: 1
RMPCC-MF diagnostics captured before infeasibility recovery.
RMPCC-MF failed-iterate infeasibility candidates:
  - {'constraint': 'row_g_hard_guard', 'stages': array([ 1,  2,  3,  4,  5,  6,  7,  8,  9, 10, 11, 12, 13, 14, 15, 16, 17,
       18, 19, 20]), 'minimum_residual': -0.17965750193595892}
RMPCC-MF inactive Row M stages are trivially feasible.
RMPCC-MF minimum box residuals [state | input]: 3.9e-08 | 0.0
SQP_RTI solver failed with status 4. Starting infeasible recovery.
Backup solver is unavailable; falling back to safe stop.
Applied nominal_safe_controller safe-stop plan after infeasible RMPCC-MF solve.
[RMPCC 0571] SAFE_STOP solve=232.1ms pose=(0.263,0.358,-0.901) u=(0.000,0.000) s=0.399 PSDFmin=-0.1787 G=FAIL(-0.1797) MF=inactive(active=0/20)
Acados solver failed with status 4
Acados residuals [stat, eq, ineq, comp]: [100.        0.        0.17966   0.     ]
Acados SQP iterations: 1
RMPCC-MF diagnostics captured before infeasibility recovery.
RMPCC-MF failed-iterate infeasibility candidates:
  - {'constraint': 'row_g_hard_guard', 'stages': array([ 1,  2,  3,  4,  5,  6,  7,  8,  9, 10, 11, 12, 13, 14, 15, 16, 17,
       18, 19, 20]), 'minimum_residual': -0.17965750193595892}
RMPCC-MF inactive Row M stages are trivially feasible.
RMPCC-MF minimum box residuals [state | input]: 3.9e-08 | 0.0
SQP_RTI solver failed with status 4. Starting infeasible recovery.
Backup solver is unavailable; falling back to safe stop.
Applied nominal_safe_controller safe-stop plan after infeasible RMPCC-MF solve.
[RMPCC 0572] SAFE_STOP solve=222.3ms pose=(0.263,0.358,-0.901) u=(0.000,0.000) s=0.399 PSDFmin=-0.1787 G=FAIL(-0.1797) MF=inactive(active=0/20)
Acados solver failed with status 4
Acados residuals [stat, eq, ineq, comp]: [100.        0.        0.17966   0.     ]
Acados SQP iterations: 1
RMPCC-MF diagnostics captured before infeasibility recovery.
RMPCC-MF failed-iterate infeasibility candidates:
  - {'constraint': 'row_g_hard_guard', 'stages': array([ 1,  2,  3,  4,  5,  6,  7,  8,  9, 10, 11, 12, 13, 14, 15, 16, 17,
       18, 19, 20]), 'minimum_residual': -0.17965750193595892}
RMPCC-MF inactive Row M stages are trivially feasible.
RMPCC-MF minimum box residuals [state | input]: 3.9e-08 | 0.0
SQP_RTI solver failed with status 4. Starting infeasible recovery.
Backup solver is unavailable; falling back to safe stop.
Applied nominal_safe_controller safe-stop plan after infeasible RMPCC-MF solve.
[RMPCC 0573] SAFE_STOP solve=230.0ms pose=(0.263,0.358,-0.901) u=(0.000,0.000) s=0.399 PSDFmin=-0.1787 G=FAIL(-0.1797) MF=inactive(active=0/20)
Acados solver failed with status 4
Acados residuals [stat, eq, ineq, comp]: [100.        0.        0.17966   0.     ]
Acados SQP iterations: 1
RMPCC-MF diagnostics captured before infeasibility recovery.
RMPCC-MF failed-iterate infeasibility candidates:
  - {'constraint': 'row_g_hard_guard', 'stages': array([ 1,  2,  3,  4,  5,  6,  7,  8,  9, 10, 11, 12, 13, 14, 15, 16, 17,
       18, 19, 20]), 'minimum_residual': -0.17965750193595892}
RMPCC-MF inactive Row M stages are trivially feasible.
RMPCC-MF minimum box residuals [state | input]: 3.9e-08 | 0.0
SQP_RTI solver failed with status 4. Starting infeasible recovery.
Backup solver is unavailable; falling back to safe stop.
Applied nominal_safe_controller safe-stop plan after infeasible RMPCC-MF solve.
[RMPCC 0574] SAFE_STOP solve=241.5ms pose=(0.263,0.358,-0.901) u=(0.000,0.000) s=0.399 PSDFmin=-0.1787 G=FAIL(-0.1797) MF=inactive(active=0/20)
Acados solver failed with status 4
Acados residuals [stat, eq, ineq, comp]: [100.        0.        0.17966   0.     ]
Acados SQP iterations: 1
RMPCC-MF diagnostics captured before infeasibility recovery.
RMPCC-MF failed-iterate infeasibility candidates:
  - {'constraint': 'row_g_hard_guard', 'stages': array([ 1,  2,  3,  4,  5,  6,  7,  8,  9, 10, 11, 12, 13, 14, 15, 16, 17,
       18, 19, 20]), 'minimum_residual': -0.17965750193595892}
RMPCC-MF inactive Row M stages are trivially feasible.
RMPCC-MF minimum box residuals [state | input]: 3.9e-08 | 0.0
SQP_RTI solver failed with status 4. Starting infeasible recovery.
Backup solver is unavailable; falling back to safe stop.
Applied nominal_safe_controller safe-stop plan after infeasible RMPCC-MF solve.
[RMPCC 0575] SAFE_STOP solve=218.0ms pose=(0.263,0.358,-0.901) u=(0.000,0.000) s=0.399 PSDFmin=-0.1787 G=FAIL(-0.1797) MF=inactive(active=0/20)
Acados solver failed with status 4
Acados residuals [stat, eq, ineq, comp]: [100.        0.        0.17966   0.     ]
Acados SQP iterations: 1
RMPCC-MF diagnostics captured before infeasibility recovery.
RMPCC-MF failed-iterate infeasibility candidates:
  - {'constraint': 'row_g_hard_guard', 'stages': array([ 1,  2,  3,  4,  5,  6,  7,  8,  9, 10, 11, 12, 13, 14, 15, 16, 17,
       18, 19, 20]), 'minimum_residual': -0.17965750193595892}
RMPCC-MF inactive Row M stages are trivially feasible.
RMPCC-MF minimum box residuals [state | input]: 3.9e-08 | 0.0
SQP_RTI solver failed with status 4. Starting infeasible recovery.
Backup solver is unavailable; falling back to safe stop.
Applied nominal_safe_controller safe-stop plan after infeasible RMPCC-MF solve.
[RMPCC 0576] SAFE_STOP solve=221.8ms pose=(0.263,0.358,-0.901) u=(0.000,0.000) s=0.399 PSDFmin=-0.1787 G=FAIL(-0.1797) MF=inactive(active=0/20)
Acados solver failed with status 4
Acados residuals [stat, eq, ineq, comp]: [100.        0.        0.17966   0.     ]
Acados SQP iterations: 1
RMPCC-MF diagnostics captured before infeasibility recovery.
RMPCC-MF failed-iterate infeasibility candidates:
  - {'constraint': 'row_g_hard_guard', 'stages': array([ 1,  2,  3,  4,  5,  6,  7,  8,  9, 10, 11, 12, 13, 14, 15, 16, 17,
       18, 19, 20]), 'minimum_residual': -0.17965750193595892}
RMPCC-MF inactive Row M stages are trivially feasible.
RMPCC-MF minimum box residuals [state | input]: 3.9e-08 | 0.0
SQP_RTI solver failed with status 4. Starting infeasible recovery.
Backup solver is unavailable; falling back to safe stop.
Applied nominal_safe_controller safe-stop plan after infeasible RMPCC-MF solve.
[RMPCC 0577] SAFE_STOP solve=223.2ms pose=(0.263,0.358,-0.901) u=(0.000,0.000) s=0.399 PSDFmin=-0.1787 G=FAIL(-0.1797) MF=inactive(active=0/20)
Acados solver failed with status 4
Acados residuals [stat, eq, ineq, comp]: [100.        0.        0.17966   0.     ]
Acados SQP iterations: 1
RMPCC-MF diagnostics captured before infeasibility recovery.
RMPCC-MF failed-iterate infeasibility candidates:
  - {'constraint': 'row_g_hard_guard', 'stages': array([ 1,  2,  3,  4,  5,  6,  7,  8,  9, 10, 11, 12, 13, 14, 15, 16, 17,
       18, 19, 20]), 'minimum_residual': -0.17965750193595892}
RMPCC-MF inactive Row M stages are trivially feasible.
RMPCC-MF minimum box residuals [state | input]: 3.9e-08 | 0.0
SQP_RTI solver failed with status 4. Starting infeasible recovery.
Backup solver is unavailable; falling back to safe stop.
Applied nominal_safe_controller safe-stop plan after infeasible RMPCC-MF solve.
[RMPCC 0578] SAFE_STOP solve=232.8ms pose=(0.263,0.358,-0.901) u=(0.000,0.000) s=0.399 PSDFmin=-0.1787 G=FAIL(-0.1797) MF=inactive(active=0/20)
Acados solver failed with status 4
Acados residuals [stat, eq, ineq, comp]: [100.        0.        0.17966   0.     ]
Acados SQP iterations: 1
RMPCC-MF diagnostics captured before infeasibility recovery.
RMPCC-MF failed-iterate infeasibility candidates:
  - {'constraint': 'row_g_hard_guard', 'stages': array([ 1,  2,  3,  4,  5,  6,  7,  8,  9, 10, 11, 12, 13, 14, 15, 16, 17,
       18, 19, 20]), 'minimum_residual': -0.17965750193595892}
RMPCC-MF inactive Row M stages are trivially feasible.
RMPCC-MF minimum box residuals [state | input]: 3.9e-08 | 0.0
SQP_RTI solver failed with status 4. Starting infeasible recovery.
Backup solver is unavailable; falling back to safe stop.
Applied nominal_safe_controller safe-stop plan after infeasible RMPCC-MF solve.
[RMPCC 0579] SAFE_STOP solve=227.9ms pose=(0.263,0.358,-0.901) u=(0.000,0.000) s=0.399 PSDFmin=-0.1787 G=FAIL(-0.1797) MF=inactive(active=0/20)
Acados solver failed with status 4
Acados residuals [stat, eq, ineq, comp]: [100.        0.        0.17966   0.     ]
Acados SQP iterations: 1
RMPCC-MF diagnostics captured before infeasibility recovery.
RMPCC-MF failed-iterate infeasibility candidates:
  - {'constraint': 'row_g_hard_guard', 'stages': array([ 1,  2,  3,  4,  5,  6,  7,  8,  9, 10, 11, 12, 13, 14, 15, 16, 17,
       18, 19, 20]), 'minimum_residual': -0.17965750193595892}
RMPCC-MF inactive Row M stages are trivially feasible.
RMPCC-MF minimum box residuals [state | input]: 3.9e-08 | 0.0
SQP_RTI solver failed with status 4. Starting infeasible recovery.
Backup solver is unavailable; falling back to safe stop.
Applied nominal_safe_controller safe-stop plan after infeasible RMPCC-MF solve.
[RMPCC 0580] SAFE_STOP solve=245.9ms pose=(0.263,0.358,-0.901) u=(0.000,0.000) s=0.399 PSDFmin=-0.1787 G=FAIL(-0.1797) MF=inactive(active=0/20)
Acados solver failed with status 4
Acados residuals [stat, eq, ineq, comp]: [100.        0.        0.17966   0.     ]
Acados SQP iterations: 1
RMPCC-MF diagnostics captured before infeasibility recovery.
RMPCC-MF failed-iterate infeasibility candidates:
  - {'constraint': 'row_g_hard_guard', 'stages': array([ 1,  2,  3,  4,  5,  6,  7,  8,  9, 10, 11, 12, 13, 14, 15, 16, 17,
       18, 19, 20]), 'minimum_residual': -0.17965750193595892}
RMPCC-MF inactive Row M stages are trivially feasible.
RMPCC-MF minimum box residuals [state | input]: 3.9e-08 | 0.0
SQP_RTI solver failed with status 4. Starting infeasible recovery.
Backup solver is unavailable; falling back to safe stop.
Applied nominal_safe_controller safe-stop plan after infeasible RMPCC-MF solve.
[RMPCC 0581] SAFE_STOP solve=230.2ms pose=(0.263,0.358,-0.901) u=(0.000,0.000) s=0.399 PSDFmin=-0.1787 G=FAIL(-0.1797) MF=inactive(active=0/20)
Acados solver failed with status 4
Acados residuals [stat, eq, ineq, comp]: [100.        0.        0.17966   0.     ]
Acados SQP iterations: 1
RMPCC-MF diagnostics captured before infeasibility recovery.
RMPCC-MF failed-iterate infeasibility candidates:
  - {'constraint': 'row_g_hard_guard', 'stages': array([ 1,  2,  3,  4,  5,  6,  7,  8,  9, 10, 11, 12, 13, 14, 15, 16, 17,
       18, 19, 20]), 'minimum_residual': -0.17965750193595892}
RMPCC-MF inactive Row M stages are trivially feasible.
RMPCC-MF minimum box residuals [state | input]: 3.9e-08 | 0.0
SQP_RTI solver failed with status 4. Starting infeasible recovery.
Backup solver is unavailable; falling back to safe stop.
Applied nominal_safe_controller safe-stop plan after infeasible RMPCC-MF solve.
[RMPCC 0582] SAFE_STOP solve=213.1ms pose=(0.263,0.358,-0.901) u=(0.000,0.000) s=0.399 PSDFmin=-0.1787 G=FAIL(-0.1797) MF=inactive(active=0/20)
Acados solver failed with status 4
Acados residuals [stat, eq, ineq, comp]: [100.        0.        0.17966   0.     ]
Acados SQP iterations: 1
RMPCC-MF diagnostics captured before infeasibility recovery.
RMPCC-MF failed-iterate infeasibility candidates:
  - {'constraint': 'row_g_hard_guard', 'stages': array([ 1,  2,  3,  4,  5,  6,  7,  8,  9, 10, 11, 12, 13, 14, 15, 16, 17,
       18, 19, 20]), 'minimum_residual': -0.17965750193595892}
RMPCC-MF inactive Row M stages are trivially feasible.
RMPCC-MF minimum box residuals [state | input]: 3.9e-08 | 0.0
SQP_RTI solver failed with status 4. Starting infeasible recovery.
Backup solver is unavailable; falling back to safe stop.
Applied nominal_safe_controller safe-stop plan after infeasible RMPCC-MF solve.
[RMPCC 0583] SAFE_STOP solve=227.7ms pose=(0.263,0.358,-0.901) u=(0.000,0.000) s=0.399 PSDFmin=-0.1787 G=FAIL(-0.1797) MF=inactive(active=0/20)
Acados solver failed with status 4
Acados residuals [stat, eq, ineq, comp]: [100.        0.        0.17966   0.     ]
Acados SQP iterations: 1
RMPCC-MF diagnostics captured before infeasibility recovery.
RMPCC-MF failed-iterate infeasibility candidates:
  - {'constraint': 'row_g_hard_guard', 'stages': array([ 1,  2,  3,  4,  5,  6,  7,  8,  9, 10, 11, 12, 13, 14, 15, 16, 17,
       18, 19, 20]), 'minimum_residual': -0.17965750193595892}
RMPCC-MF inactive Row M stages are trivially feasible.
RMPCC-MF minimum box residuals [state | input]: 3.9e-08 | 0.0
SQP_RTI solver failed with status 4. Starting infeasible recovery.
Backup solver is unavailable; falling back to safe stop.
Applied nominal_safe_controller safe-stop plan after infeasible RMPCC-MF solve.
[RMPCC 0584] SAFE_STOP solve=228.6ms pose=(0.263,0.358,-0.901) u=(0.000,0.000) s=0.399 PSDFmin=-0.1787 G=FAIL(-0.1797) MF=inactive(active=0/20)
Acados solver failed with status 4
Acados residuals [stat, eq, ineq, comp]: [100.        0.        0.17966   0.     ]
Acados SQP iterations: 1
RMPCC-MF diagnostics captured before infeasibility recovery.
RMPCC-MF failed-iterate infeasibility candidates:
  - {'constraint': 'row_g_hard_guard', 'stages': array([ 1,  2,  3,  4,  5,  6,  7,  8,  9, 10, 11, 12, 13, 14, 15, 16, 17,
       18, 19, 20]), 'minimum_residual': -0.17965750193595892}
RMPCC-MF inactive Row M stages are trivially feasible.
RMPCC-MF minimum box residuals [state | input]: 3.9e-08 | 0.0
SQP_RTI solver failed with status 4. Starting infeasible recovery.
Backup solver is unavailable; falling back to safe stop.
Applied nominal_safe_controller safe-stop plan after infeasible RMPCC-MF solve.
[RMPCC 0585] SAFE_STOP solve=225.4ms pose=(0.263,0.358,-0.901) u=(0.000,0.000) s=0.399 PSDFmin=-0.1787 G=FAIL(-0.1797) MF=inactive(active=0/20)
Acados solver failed with status 4
Acados residuals [stat, eq, ineq, comp]: [100.        0.        0.17966   0.     ]
Acados SQP iterations: 1
RMPCC-MF diagnostics captured before infeasibility recovery.
RMPCC-MF failed-iterate infeasibility candidates:
  - {'constraint': 'row_g_hard_guard', 'stages': array([ 1,  2,  3,  4,  5,  6,  7,  8,  9, 10, 11, 12, 13, 14, 15, 16, 17,
       18, 19, 20]), 'minimum_residual': -0.17965750193595892}
RMPCC-MF inactive Row M stages are trivially feasible.
RMPCC-MF minimum box residuals [state | input]: 3.9e-08 | 0.0
SQP_RTI solver failed with status 4. Starting infeasible recovery.
Backup solver is unavailable; falling back to safe stop.
Applied nominal_safe_controller safe-stop plan after infeasible RMPCC-MF solve.
[RMPCC 0586] SAFE_STOP solve=221.2ms pose=(0.263,0.358,-0.901) u=(0.000,0.000) s=0.399 PSDFmin=-0.1787 G=FAIL(-0.1797) MF=inactive(active=0/20)
Acados solver failed with status 4
Acados residuals [stat, eq, ineq, comp]: [100.        0.        0.17966   0.     ]
Acados SQP iterations: 1
RMPCC-MF diagnostics captured before infeasibility recovery.
RMPCC-MF failed-iterate infeasibility candidates:
  - {'constraint': 'row_g_hard_guard', 'stages': array([ 1,  2,  3,  4,  5,  6,  7,  8,  9, 10, 11, 12, 13, 14, 15, 16, 17,
       18, 19, 20]), 'minimum_residual': -0.17965750193595892}
RMPCC-MF inactive Row M stages are trivially feasible.
RMPCC-MF minimum box residuals [state | input]: 3.9e-08 | 0.0
SQP_RTI solver failed with status 4. Starting infeasible recovery.
Backup solver is unavailable; falling back to safe stop.
Applied nominal_safe_controller safe-stop plan after infeasible RMPCC-MF solve.
[RMPCC 0587] SAFE_STOP solve=236.5ms pose=(0.263,0.358,-0.901) u=(0.000,0.000) s=0.399 PSDFmin=-0.1787 G=FAIL(-0.1797) MF=inactive(active=0/20)
Acados solver failed with status 4
Acados residuals [stat, eq, ineq, comp]: [100.        0.        0.17966   0.     ]
Acados SQP iterations: 1
RMPCC-MF diagnostics captured before infeasibility recovery.
RMPCC-MF failed-iterate infeasibility candidates:
  - {'constraint': 'row_g_hard_guard', 'stages': array([ 1,  2,  3,  4,  5,  6,  7,  8,  9, 10, 11, 12, 13, 14, 15, 16, 17,
       18, 19, 20]), 'minimum_residual': -0.17965750193595892}
RMPCC-MF inactive Row M stages are trivially feasible.
RMPCC-MF minimum box residuals [state | input]: 3.9e-08 | 0.0
SQP_RTI solver failed with status 4. Starting infeasible recovery.
Backup solver is unavailable; falling back to safe stop.
Applied nominal_safe_controller safe-stop plan after infeasible RMPCC-MF solve.
[RMPCC 0588] SAFE_STOP solve=238.9ms pose=(0.263,0.358,-0.901) u=(0.000,0.000) s=0.399 PSDFmin=-0.1787 G=FAIL(-0.1797) MF=inactive(active=0/20)
Acados solver failed with status 4
Acados residuals [stat, eq, ineq, comp]: [100.        0.        0.17966   0.     ]
Acados SQP iterations: 1
RMPCC-MF diagnostics captured before infeasibility recovery.
RMPCC-MF failed-iterate infeasibility candidates:
  - {'constraint': 'row_g_hard_guard', 'stages': array([ 1,  2,  3,  4,  5,  6,  7,  8,  9, 10, 11, 12, 13, 14, 15, 16, 17,
       18, 19, 20]), 'minimum_residual': -0.17965750193595892}
RMPCC-MF inactive Row M stages are trivially feasible.
RMPCC-MF minimum box residuals [state | input]: 3.9e-08 | 0.0
SQP_RTI solver failed with status 4. Starting infeasible recovery.
Backup solver is unavailable; falling back to safe stop.
Applied nominal_safe_controller safe-stop plan after infeasible RMPCC-MF solve.
[RMPCC 0589] SAFE_STOP solve=212.5ms pose=(0.263,0.358,-0.901) u=(0.000,0.000) s=0.399 PSDFmin=-0.1787 G=FAIL(-0.1797) MF=inactive(active=0/20)
Acados solver failed with status 4
Acados residuals [stat, eq, ineq, comp]: [100.        0.        0.17966   0.     ]
Acados SQP iterations: 1
RMPCC-MF diagnostics captured before infeasibility recovery.
RMPCC-MF failed-iterate infeasibility candidates:
  - {'constraint': 'row_g_hard_guard', 'stages': array([ 1,  2,  3,  4,  5,  6,  7,  8,  9, 10, 11, 12, 13, 14, 15, 16, 17,
       18, 19, 20]), 'minimum_residual': -0.17965750193595892}
RMPCC-MF inactive Row M stages are trivially feasible.
RMPCC-MF minimum box residuals [state | input]: 3.9e-08 | 0.0
SQP_RTI solver failed with status 4. Starting infeasible recovery.
Backup solver is unavailable; falling back to safe stop.
Applied nominal_safe_controller safe-stop plan after infeasible RMPCC-MF solve.
[RMPCC 0590] SAFE_STOP solve=219.3ms pose=(0.263,0.358,-0.901) u=(0.000,0.000) s=0.399 PSDFmin=-0.1787 G=FAIL(-0.1797) MF=inactive(active=0/20)
Acados solver failed with status 4
Acados residuals [stat, eq, ineq, comp]: [100.        0.        0.17966   0.     ]
Acados SQP iterations: 1
RMPCC-MF diagnostics captured before infeasibility recovery.
RMPCC-MF failed-iterate infeasibility candidates:
  - {'constraint': 'row_g_hard_guard', 'stages': array([ 1,  2,  3,  4,  5,  6,  7,  8,  9, 10, 11, 12, 13, 14, 15, 16, 17,
       18, 19, 20]), 'minimum_residual': -0.17965750193595892}
RMPCC-MF inactive Row M stages are trivially feasible.
RMPCC-MF minimum box residuals [state | input]: 3.9e-08 | 0.0
SQP_RTI solver failed with status 4. Starting infeasible recovery.
Backup solver is unavailable; falling back to safe stop.
Applied nominal_safe_controller safe-stop plan after infeasible RMPCC-MF solve.
[RMPCC 0591] SAFE_STOP solve=298.2ms pose=(0.263,0.358,-0.901) u=(0.000,0.000) s=0.399 PSDFmin=-0.1787 G=FAIL(-0.1797) MF=inactive(active=0/20)
Acados solver failed with status 4
Acados residuals [stat, eq, ineq, comp]: [100.        0.        0.17966   0.     ]
Acados SQP iterations: 1
RMPCC-MF diagnostics captured before infeasibility recovery.
RMPCC-MF failed-iterate infeasibility candidates:
  - {'constraint': 'row_g_hard_guard', 'stages': array([ 1,  2,  3,  4,  5,  6,  7,  8,  9, 10, 11, 12, 13, 14, 15, 16, 17,
       18, 19, 20]), 'minimum_residual': -0.17965750193595892}
RMPCC-MF inactive Row M stages are trivially feasible.
RMPCC-MF minimum box residuals [state | input]: 3.9e-08 | 0.0
SQP_RTI solver failed with status 4. Starting infeasible recovery.
Backup solver is unavailable; falling back to safe stop.
Applied nominal_safe_controller safe-stop plan after infeasible RMPCC-MF solve.
[RMPCC 0592] SAFE_STOP solve=221.2ms pose=(0.263,0.358,-0.901) u=(0.000,0.000) s=0.399 PSDFmin=-0.1787 G=FAIL(-0.1797) MF=inactive(active=0/20)
Acados solver failed with status 4
Acados residuals [stat, eq, ineq, comp]: [100.        0.        0.17966   0.     ]
Acados SQP iterations: 1
RMPCC-MF diagnostics captured before infeasibility recovery.
RMPCC-MF failed-iterate infeasibility candidates:
  - {'constraint': 'row_g_hard_guard', 'stages': array([ 1,  2,  3,  4,  5,  6,  7,  8,  9, 10, 11, 12, 13, 14, 15, 16, 17,
       18, 19, 20]), 'minimum_residual': -0.17965750193595892}
RMPCC-MF inactive Row M stages are trivially feasible.
RMPCC-MF minimum box residuals [state | input]: 3.9e-08 | 0.0
SQP_RTI solver failed with status 4. Starting infeasible recovery.
Backup solver is unavailable; falling back to safe stop.
Applied nominal_safe_controller safe-stop plan after infeasible RMPCC-MF solve.
[RMPCC 0593] SAFE_STOP solve=226.8ms pose=(0.263,0.358,-0.901) u=(0.000,0.000) s=0.399 PSDFmin=-0.1787 G=FAIL(-0.1797) MF=inactive(active=0/20)
Acados solver failed with status 4
Acados residuals [stat, eq, ineq, comp]: [100.        0.        0.17966   0.     ]
Acados SQP iterations: 1
RMPCC-MF diagnostics captured before infeasibility recovery.
RMPCC-MF failed-iterate infeasibility candidates:
  - {'constraint': 'row_g_hard_guard', 'stages': array([ 1,  2,  3,  4,  5,  6,  7,  8,  9, 10, 11, 12, 13, 14, 15, 16, 17,
       18, 19, 20]), 'minimum_residual': -0.17965750193595892}
RMPCC-MF inactive Row M stages are trivially feasible.
RMPCC-MF minimum box residuals [state | input]: 3.9e-08 | 0.0
SQP_RTI solver failed with status 4. Starting infeasible recovery.
Backup solver is unavailable; falling back to safe stop.
Applied nominal_safe_controller safe-stop plan after infeasible RMPCC-MF solve.
[RMPCC 0594] SAFE_STOP solve=213.8ms pose=(0.263,0.358,-0.901) u=(0.000,0.000) s=0.399 PSDFmin=-0.1787 G=FAIL(-0.1797) MF=inactive(active=0/20)
Acados solver failed with status 4
Acados residuals [stat, eq, ineq, comp]: [100.        0.        0.17966   0.     ]
Acados SQP iterations: 1
RMPCC-MF diagnostics captured before infeasibility recovery.
RMPCC-MF failed-iterate infeasibility candidates:
  - {'constraint': 'row_g_hard_guard', 'stages': array([ 1,  2,  3,  4,  5,  6,  7,  8,  9, 10, 11, 12, 13, 14, 15, 16, 17,
       18, 19, 20]), 'minimum_residual': -0.17965750193595892}
RMPCC-MF inactive Row M stages are trivially feasible.
RMPCC-MF minimum box residuals [state | input]: 3.9e-08 | 0.0
SQP_RTI solver failed with status 4. Starting infeasible recovery.
Backup solver is unavailable; falling back to safe stop.
Applied nominal_safe_controller safe-stop plan after infeasible RMPCC-MF solve.
[RMPCC 0595] SAFE_STOP solve=221.6ms pose=(0.263,0.358,-0.901) u=(0.000,0.000) s=0.399 PSDFmin=-0.1787 G=FAIL(-0.1797) MF=inactive(active=0/20)
Acados solver failed with status 4
Acados residuals [stat, eq, ineq, comp]: [100.        0.        0.17966   0.     ]
Acados SQP iterations: 1
RMPCC-MF diagnostics captured before infeasibility recovery.
RMPCC-MF failed-iterate infeasibility candidates:
  - {'constraint': 'row_g_hard_guard', 'stages': array([ 1,  2,  3,  4,  5,  6,  7,  8,  9, 10, 11, 12, 13, 14, 15, 16, 17,
       18, 19, 20]), 'minimum_residual': -0.17965750193595892}
RMPCC-MF inactive Row M stages are trivially feasible.
RMPCC-MF minimum box residuals [state | input]: 3.9e-08 | 0.0
SQP_RTI solver failed with status 4. Starting infeasible recovery.
Backup solver is unavailable; falling back to safe stop.
Applied nominal_safe_controller safe-stop plan after infeasible RMPCC-MF solve.
[RMPCC 0596] SAFE_STOP solve=219.7ms pose=(0.263,0.358,-0.901) u=(0.000,0.000) s=0.399 PSDFmin=-0.1787 G=FAIL(-0.1797) MF=inactive(active=0/20)
Acados solver failed with status 4
Acados residuals [stat, eq, ineq, comp]: [100.        0.        0.17966   0.     ]
Acados SQP iterations: 1
RMPCC-MF diagnostics captured before infeasibility recovery.
RMPCC-MF failed-iterate infeasibility candidates:
  - {'constraint': 'row_g_hard_guard', 'stages': array([ 1,  2,  3,  4,  5,  6,  7,  8,  9, 10, 11, 12, 13, 14, 15, 16, 17,
       18, 19, 20]), 'minimum_residual': -0.17965750193595892}
RMPCC-MF inactive Row M stages are trivially feasible.
RMPCC-MF minimum box residuals [state | input]: 3.9e-08 | 0.0
SQP_RTI solver failed with status 4. Starting infeasible recovery.
Backup solver is unavailable; falling back to safe stop.
Applied nominal_safe_controller safe-stop plan after infeasible RMPCC-MF solve.
[RMPCC 0597] SAFE_STOP solve=232.0ms pose=(0.263,0.358,-0.901) u=(0.000,0.000) s=0.399 PSDFmin=-0.1787 G=FAIL(-0.1797) MF=inactive(active=0/20)
Acados solver failed with status 4
Acados residuals [stat, eq, ineq, comp]: [100.        0.        0.17966   0.     ]
Acados SQP iterations: 1
RMPCC-MF diagnostics captured before infeasibility recovery.
RMPCC-MF failed-iterate infeasibility candidates:
  - {'constraint': 'row_g_hard_guard', 'stages': array([ 1,  2,  3,  4,  5,  6,  7,  8,  9, 10, 11, 12, 13, 14, 15, 16, 17,
       18, 19, 20]), 'minimum_residual': -0.17965750193595892}
RMPCC-MF inactive Row M stages are trivially feasible.
RMPCC-MF minimum box residuals [state | input]: 3.9e-08 | 0.0
SQP_RTI solver failed with status 4. Starting infeasible recovery.
Backup solver is unavailable; falling back to safe stop.
Applied nominal_safe_controller safe-stop plan after infeasible RMPCC-MF solve.
[RMPCC 0598] SAFE_STOP solve=234.4ms pose=(0.263,0.358,-0.901) u=(0.000,0.000) s=0.399 PSDFmin=-0.1787 G=FAIL(-0.1797) MF=inactive(active=0/20)
Acados solver failed with status 4
Acados residuals [stat, eq, ineq, comp]: [100.        0.        0.17966   0.     ]
Acados SQP iterations: 1
RMPCC-MF diagnostics captured before infeasibility recovery.
RMPCC-MF failed-iterate infeasibility candidates:
  - {'constraint': 'row_g_hard_guard', 'stages': array([ 1,  2,  3,  4,  5,  6,  7,  8,  9, 10, 11, 12, 13, 14, 15, 16, 17,
       18, 19, 20]), 'minimum_residual': -0.17965750193595892}
RMPCC-MF inactive Row M stages are trivially feasible.
RMPCC-MF minimum box residuals [state | input]: 3.9e-08 | 0.0
SQP_RTI solver failed with status 4. Starting infeasible recovery.
Backup solver is unavailable; falling back to safe stop.
Applied nominal_safe_controller safe-stop plan after infeasible RMPCC-MF solve.
[RMPCC 0599] SAFE_STOP solve=222.2ms pose=(0.263,0.358,-0.901) u=(0.000,0.000) s=0.399 PSDFmin=-0.1787 G=FAIL(-0.1797) MF=inactive(active=0/20)
시간 초과로 시뮬레이션 종료. 현재 위치: [0.26293 0.35808], 목적지까지 거리: 1.578m
Using rmpcc optimizer with differential_drive dynamics:
median:  0.2279590368270874
std:  0.023856490660774082
min:  0.12898588180541992
max:  0.4768848419189453
Simulation finished.
Run outcome: status=timeout, reason=timeout, final_time=60.00000000000058, distance_to_goal=1.5781141641640115
Optimizer runtime stats: safe_stop_count=580, backup_feasible_qp_success_count=0, plant_input_apply_count=600, last_solve_mode=safe_stop
Trial history saved to /home/taek111/projects/psdf_mpcc/benchmark_runs/maze_rectangle_nominal/mf_scale_0p8/data/trial_history_MPC_rmpcc_rectangle_maze_mf_scale_0p8.csv
RMPCC constraint history saved to /home/taek111/projects/psdf_mpcc/benchmark_runs/maze_rectangle_nominal/mf_scale_0p8/data/rmpcc_constraints_MPC_rmpcc_rectangle_maze_mf_scale_0p8.csv
RMPCC debug history saved to /home/taek111/projects/psdf_mpcc/benchmark_runs/maze_rectangle_nominal/mf_scale_0p8/data/cycle_raw.csv
RMPCC debug history saved to /home/taek111/projects/psdf_mpcc/benchmark_runs/maze_rectangle_nominal/mf_scale_0p8/data/covariance_trajectory.csv
Pose-SDF data saved to /home/taek111/projects/psdf_mpcc/benchmark_runs/maze_rectangle_nominal/mf_scale_0p8/data/pose_sdf_MPC_rmpcc_rectangle_maze_mf_scale_0p8.csv
Total data points: 600
SDF statistics - Min: -0.1787, Max: 0.0300, Mean: -0.1712
