Trial CSV directory: /home/taekwon/projects/psdf_mpcc/benchmark_runs/dcbf_obca_maze_h12_trials3_20260917_005304

[Trials] maze / dcbf trial 1/3, seed=0
Running single test...
Start perturbation: seed=0, pose=[0.07751460442186786, 0.7923579027341738, -1.5387751942727323], delta=[0.002514604421867866, -0.0026420972658260378, 0.03202113252216411], clearance=0.025107 m, attempts=1
Start pose saved to /home/taekwon/projects/psdf_mpcc/benchmark_runs/dcbf_obca_maze_h12_trials3_20260917_005304/runs/config01/trial_0001/data/start_pose_MPC_DCBF_rectangle_maze_startseed0.json
Trial failure criteria enabled: movement_window_sec=4.0, movement_threshold=0.03, max_consecutive_solver_failures=20
generating global path with A* + Line of Sight
시작 위치: [0.0775146 0.7923579]
목적지: [1.8  0.09]
도착 판정 기준: position <= 0.01m, angle <= 0.01rad

******************************************************************************
This program contains Ipopt, a library for large-scale nonlinear optimization.
 Ipopt is released as open source code under the Eclipse Public License (EPL).
         For more information visit https://github.com/coin-or/Ipopt
******************************************************************************

solver time:  0.1190449069836177
plant_input_stage0: full=[0.05517547 0.67150086], pose=[ 0.0775146   0.7923579  -1.53877519]
solver time:  0.11544005500036292
plant_input_stage0: full=[0.05540797 0.50127685], pose=[ 0.07769125  0.78684318 -1.47162511]
solver time:  0.11102107600891031
plant_input_stage0: full=[0.05536564 0.03734037], pose=[ 0.07823984  0.78132961 -1.42149742]
solver time:  0.11241612199228257
plant_input_stage0: full=[ 0.05520461 -0.03128436], pose=[ 0.07906338  0.77585464 -1.41776339]
solver time:  0.11313562400755472
plant_input_stage0: full=[ 0.05504119 -0.02989654], pose=[ 0.07990489  0.77039869 -1.42089182]
solver time:  0.12245866100420244
plant_input_stage0: full=[ 0.05488007 -0.02859169], pose=[ 0.0807269   0.7649563  -1.42388148]
solver time:  0.12136932997964323
plant_input_stage0: full=[ 0.05472112 -0.02729059], pose=[ 0.08153027  0.75952741 -1.42674064]
solver time:  0.11947698498261161
plant_input_stage0: full=[ 0.0545642  -0.02617751], pose=[ 0.08231584  0.75411198 -1.4294697 ]
solver time:  0.12092364599811845
plant_input_stage0: full=[ 0.05440919 -0.02493237], pose=[ 0.08308441  0.74870996 -1.43208746]
solver time:  0.12542805701377802
plant_input_stage0: full=[ 0.05425598 -0.02392998], pose=[ 0.0838367   0.7433213  -1.43458069]
solver time:  0.12283535799360834
plant_input_stage0: full=[0.05403979 0.00189606], pose=[ 0.08457346  0.73794596 -1.43697369]
solver time:  0.12927260898868553
plant_input_stage0: full=[0.05378493 0.01735856], pose=[ 0.08529448  0.7325903  -1.43678408]
solver time:  0.13520030697691254
plant_input_stage0: full=[0.0534526  0.04704756], pose=[ 0.08601311  0.72726003 -1.43504823]
solver time:  0.12869219499407336
plant_input_stage0: full=[0.05309087 0.05196718], pose=[ 0.08673649  0.72196394 -1.43034347]
solver time:  0.13220802301657386
plant_input_stage0: full=[0.05263082 0.07918269], pose=[ 0.08747972  0.71670714 -1.42514675]
solver time:  0.13284301399835385
plant_input_stage0: full=[0.0521476  0.05107163], pose=[ 0.08824358  0.71149978 -1.41722848]
solver time:  0.12543005499173887
plant_input_stage0: full=[0.05154857 0.01479225], pose=[ 0.08904125  0.70634639 -1.41212132]
solver time:  0.12619091998203658
plant_input_stage0: full=[ 0.0509269  -0.01217294], pose=[ 0.08985577  0.70125629 -1.4106421 ]
solver time:  0.12545934098307043
plant_input_stage0: full=[ 0.05016286 -0.03125209], pose=[ 0.09066791  0.69622877 -1.41185939]
solver time:  0.12752470900886692
plant_input_stage0: full=[ 0.04949662 -0.04480454], pose=[ 0.09146183  0.69127571 -1.4149846 ]
solver time:  0.1289965710020624
plant_input_stage0: full=[ 0.04870027 -0.0537423 ], pose=[ 0.09222993  0.68638601 -1.41946505]
solver time:  0.1279409900016617
plant_input_stage0: full=[ 0.04797289 -0.05857167], pose=[ 0.0929641   0.68157164 -1.42483928]
solver time:  0.1261884609994013
plant_input_stage0: full=[ 0.0471195  -0.06132608], pose=[ 0.09366182  0.67682536 -1.43069645]
solver time:  0.12662584698409773
plant_input_stage0: full=[ 0.04627784 -0.04488515], pose=[ 0.0943198   0.67215958 -1.43682906]
solver time:  0.12563055899227038
plant_input_stage0: full=[0.04531119 0.02154474], pose=[ 0.09493792  0.66757326 -1.44131757]
solver time:  0.12656822800636292
plant_input_stage0: full=[0.04439511 0.017774  ], pose=[ 0.09552297  0.66308007 -1.4391631 ]
solver time:  0.1328046289854683
plant_input_stage0: full=[0.04343675 0.01437534], pose=[ 0.09610567  0.65867897 -1.4373857 ]
solver time:  0.12862077201134525
plant_input_stage0: full=[0.04245716 0.01437525], pose=[ 0.09668344  0.65437389 -1.43594817]
solver time:  0.1270983339927625
plant_input_stage0: full=[0.04147626 0.01216002], pose=[ 0.09725424  0.65016672 -1.43451064]
solver time:  0.1284562289947644
plant_input_stage0: full=[0.04044296 0.01017644], pose=[ 0.09781775  0.64605755 -1.43329464]
solver time:  0.12817075100610964
plant_input_stage0: full=[0.03943617 0.00838814], pose=[ 0.0983721   0.64205143 -1.432277  ]
solver time:  0.1342746340087615
plant_input_stage0: full=[0.03837425 0.00679295], pose=[ 0.09891662  0.63814558 -1.43143818]
solver time:  0.13112070597708225
plant_input_stage0: full=[0.03732135 0.00540703], pose=[ 0.09944967  0.63434536 -1.43075889]
solver time:  0.12948442398919724
plant_input_stage0: full=[0.04493641 0.00435847], pose=[ 0.0999706   0.63064976 -1.43021818]
solver time:  0.13059230698854662
plant_input_stage0: full=[0.04283519 0.00348282], pose=[ 0.10060023  0.62620045 -1.42978234]
solver time:  0.1331836270110216
plant_input_stage0: full=[0.04084872 0.00277782], pose=[ 0.10120227  0.62195945 -1.42943405]
solver time:  0.14232448901748285
plant_input_stage0: full=[0.03900182 0.00222166], pose=[ 0.10177779  0.61791532 -1.42915627]
solver time:  0.13943775501684286
plant_input_stage0: full=[0.04037036 0.00182923], pose=[ 0.10232837  0.6140542  -1.42893411]
solver time:  0.14094124900293536
plant_input_stage0: full=[0.04272622 0.00160472], pose=[ 0.10289915  0.61005772 -1.42875118]
solver time:  0.15271730098174885
plant_input_stage0: full=[0.04547787 0.00163785], pose=[ 0.10350402  0.60582813 -1.42859071]
solver time:  0.16148148401407525
plant_input_stage0: full=[ 0.04809451 -0.01195619], pose=[ 0.10414856  0.60132625 -1.42842693]
solver time:  0.19071934898965992
plant_input_stage0: full=[0.05181994 0.99065546], pose=[ 0.10483097  0.59656545 -1.42962255]
solver time:  0.1750257459934801
plant_input_stage0: full=[0.04616541 0.9999999 ], pose=[ 0.1055601   0.59143501 -1.330557  ]
solver time:  0.20765398000366986
plant_input_stage0: full=[0.04537047 0.99999979], pose=[ 0.10665854  0.58695105 -1.23055701]
solver time:  0.24117178699816577
plant_input_stage0: full=[0.04496771 0.99999983], pose=[ 0.10817261  0.5826741  -1.13055703]
solver time:  0.23085990801337175
plant_input_stage0: full=[0.04482725 0.99999985], pose=[ 0.11008894  0.57860609 -1.03055705]
solver time:  0.205565516022034
plant_input_stage0: full=[0.04486226 0.99999986], pose=[ 0.11239459  0.57476177 -0.93055706]
solver time:  0.1982506480126176
plant_input_stage0: full=[0.04500958 0.99999986], pose=[ 0.1150746   0.57116403 -0.83055708]
solver time:  0.1875571639975533
plant_input_stage0: full=[0.0465026  0.99999984], pose=[ 0.11811034  0.56784094 -0.73055709]
solver time:  0.2000817350053694
plant_input_stage0: full=[0.04883772 0.99999979], pose=[ 0.12157386  0.56473789 -0.63055711]
solver time:  0.14867241599131376
plant_input_stage0: full=[0.05090678 0.99999969], pose=[ 0.12551848  0.56185845 -0.53055713]
solver time:  0.14437813698896207
plant_input_stage0: full=[0.05266153 0.99999948], pose=[ 0.12990932  0.55928249 -0.43055716]
solver time:  0.13912978197913617
plant_input_stage0: full=[0.0540542  0.99999892], pose=[ 0.13469485  0.55708452 -0.33055721]
solver time:  0.14288543499424122
plant_input_stage0: full=[0.05502838 0.9999962 ], pose=[ 0.13980763  0.55533008 -0.23055732]
solver time:  0.1558597850089427
plant_input_stage0: full=[0.05553077 0.63524299], pose=[ 0.14516486  0.55407257 -0.1305577 ]
solver time:  0.14387903499300592
plant_input_stage0: full=[0.05555116 0.04309273], pose=[ 0.15067068  0.55334963 -0.0670334 ]
solver time:  0.1420910129963886
plant_input_stage0: full=[0.0554466  0.04059456], pose=[ 0.15621332  0.55297753 -0.06272413]
solver time:  0.13442542401026003
plant_input_stage0: full=[0.07628513 0.49525277], pose=[ 0.16174707  0.55262998 -0.05866467]
solver time:  0.1349633019999601
plant_input_stage0: full=[ 0.07272424 -0.00065233], pose=[ 0.16936246  0.55218271 -0.00913939]
solver time:  0.13321191401337273
plant_input_stage0: full=[ 6.92615976e-02 -4.96781339e-06], pose=[ 0.17663458  0.55211625 -0.00920463]
solver time:  0.12890810699900612
plant_input_stage0: full=[6.59637956e-02 2.36915918e-06], pose=[ 0.18356045  0.55205249 -0.00920512]
solver time:  0.13252613702206872
plant_input_stage0: full=[6.28230119e-02 1.21539597e-05], pose=[ 0.19015655  0.55199177 -0.00920489]
solver time:  0.13386776301194914
plant_input_stage0: full=[5.98322547e-02 8.61775082e-05], pose=[ 0.19643858  0.55193395 -0.00920367]
solver time:  0.13448429098934866
plant_input_stage0: full=[5.69834475e-02 8.52737588e-05], pose=[ 0.20242156  0.55187888 -0.00919505]
solver time:  0.1341569459764287
plant_input_stage0: full=[0.0551385  0.02651727], pose=[ 0.20811966  0.55182648 -0.00918653]
solver time:  0.1352446569944732
plant_input_stage0: full=[0.05506424 0.08576299], pose=[ 0.21363328  0.55177583 -0.0065348 ]
solver time:  0.13990737200947478
plant_input_stage0: full=[0.05499193 0.07448734], pose=[0.21913958 0.55173985 0.0020415 ]
solver time:  0.13644229399506003
plant_input_stage0: full=[0.05491332 0.06725178], pose=[0.22463877 0.55175108 0.00949023]
solver time:  0.14875264198053628
plant_input_stage0: full=[0.05483633 0.05917987], pose=[0.23012985 0.55180319 0.01621541]
solver time:  0.13441859901649877
plant_input_stage0: full=[0.05475571 0.05199046], pose=[0.23561276 0.5518921  0.0221334 ]
solver time:  0.1323285719845444
plant_input_stage0: full=[0.05467477 0.0456029 ], pose=[0.24108699 0.55201329 0.02733244]
solver time:  0.1349395939905662
plant_input_stage0: full=[0.05459212 0.03994554], pose=[0.24655243 0.55216271 0.03189273]
solver time:  0.1300661799905356
plant_input_stage0: full=[0.05450746 0.03539942], pose=[0.25200886 0.55233679 0.03588729]
solver time:  0.1346161309920717
plant_input_stage0: full=[0.05442375 0.03138263], pose=[0.2574561  0.55253236 0.03942723]
solver time:  0.14930666500004008
plant_input_stage0: full=[0.05433942 0.02770544], pose=[0.26289424 0.55274688 0.04256549]
solver time:  0.1523231219907757
plant_input_stage0: full=[0.05426819 0.02430575], pose=[0.26832326 0.55297811 0.04533604]
solver time:  0.17584888800047338
plant_input_stage0: full=[0.07534772 0.03345632], pose=[0.27374451 0.55322406 0.04776661]
solver time:  0.19296098200720735
plant_input_stage0: full=[0.07175739 0.02424152], pose=[0.28127069 0.55358383 0.05111224]
solver time:  0.1876012380234897
plant_input_stage0: full=[ 0.0683872  -0.06858758], pose=[0.28843705 0.55395044 0.0535364 ]
solver time:  0.18371305000619031
plant_input_stage0: full=[0.06546978 0.43300624], pose=[0.29526597 0.55431638 0.04667764]
solver time:  0.22389746800763533
plant_input_stage0: full=[0.06171685 0.99999227], pose=[0.30180582 0.55462187 0.08997826]
solver time:  0.22997764599858783
plant_input_stage0: full=[0.05917936 0.2345641 ], pose=[0.30795254 0.55517644 0.18997749]
solver time:  0.16907493799226359
plant_input_stage0: full=[0.0563695 0.0001048], pose=[0.313764   0.55629396 0.2134339 ]
solver time:  0.1574385369895026
plant_input_stage0: full=[0.05597679 0.0442522 ], pose=[0.31927305 0.55748796 0.21344438]
solver time:  0.16162948499550112
plant_input_stage0: full=[0.05594603 0.0488378 ], pose=[0.3247437  0.55867371 0.2178696 ]
solver time:  0.15893575199879706
plant_input_stage0: full=[0.05591788 0.04656629], pose=[0.33020605 0.55988298 0.22275338]
solver time:  0.1590911710227374
plant_input_stage0: full=[0.05589232 0.04439698], pose=[0.33565968 0.56111829 0.22741001]
solver time:  0.1601413270109333
plant_input_stage0: full=[0.05586911 0.04232665], pose=[0.34110501 0.56237841 0.2318497 ]
solver time:  0.15751108000404201
plant_input_stage0: full=[0.05584803 0.04035339], pose=[0.34654243 0.56366216 0.23608237]
solver time:  0.15639037897926755
plant_input_stage0: full=[0.0558289  0.03846453], pose=[0.35197232 0.56496842 0.24011771]
solver time:  0.1576560650137253
plant_input_stage0: full=[0.05581153 0.03666633], pose=[0.35739504 0.56629613 0.24396416]
solver time:  0.1603944750095252
plant_input_stage0: full=[0.05579576 0.03495266], pose=[0.36281092 0.56764427 0.24763079]
solver time:  0.18173372402088717
plant_input_stage0: full=[0.05578145 0.03331565], pose=[0.3682203  0.56901186 0.25112606]
solver time:  0.17126789601752535
plant_input_stage0: full=[0.05576845 0.03175438], pose=[0.37362347 0.570398   0.25445763]
solver time:  0.18162220399244688
plant_input_stage0: full=[0.05575665 0.03024446], pose=[0.37902074 0.57180181 0.25763306]
solver time:  0.18543489099829458
plant_input_stage0: full=[0.05574593 0.02870785], pose=[0.38441239 0.57322245 0.26065751]
solver time:  0.14259001798927784
plant_input_stage0: full=[0.05573621 0.02748325], pose=[0.38979868 0.57465911 0.26352829]
solver time:  0.14360267500160262
plant_input_stage0: full=[0.05572737 0.0261932 ], pose=[0.39517988 0.57611097 0.26627662]
solver time:  0.14303254001424648
plant_input_stage0: full=[0.05571936 0.02496129], pose=[0.40055622 0.57757739 0.26889594]
solver time:  0.15782784100156277
plant_input_stage0: full=[0.05571208 0.02378651], pose=[0.40592792 0.57905767 0.27139207]
solver time:  0.1576560609973967
plant_input_stage0: full=[0.05570547 0.02266623], pose=[0.41129522 0.58055116 0.27377072]
solver time:  0.14860716101247817
plant_input_stage0: full=[0.05569948 0.02159825], pose=[0.41665831 0.58205723 0.27603734]
solver time:  0.15223814398632385
plant_input_stage0: full=[0.05569403 0.02058031], pose=[0.4220174  0.58357529 0.27819717]
solver time:  0.1556964739866089
plant_input_stage0: full=[0.0556886  0.01878637], pose=[0.42737267 0.58510478 0.2802552 ]
solver time:  0.15601128898561
plant_input_stage0: full=[0.05567649 0.00633342], pose=[0.43272426 0.58664513 0.28213384]
solver time:  0.15608605500892736
plant_input_stage0: full=[0.05566468 0.00603546], pose=[0.43807178 0.5881952  0.28276718]
solver time:  0.15807897198828869
plant_input_stage0: full=[0.05565297 0.0057513 ], pose=[0.44341719 0.58974832 0.28337072]
solver time:  0.1569978820043616
plant_input_stage0: full=[0.05564136 0.00548048], pose=[0.44876053 0.59130434 0.28394585]
solver time:  0.15465182400657795
plant_input_stage0: full=[0.05562983 0.00522237], pose=[0.45410187 0.59286311 0.2844939 ]
solver time:  0.15663204601150937
plant_input_stage0: full=[0.05561838 0.00497635], pose=[0.45944124 0.59442448 0.28501614]
solver time:  0.15487783998833038
plant_input_stage0: full=[0.05560701 0.00474182], pose=[0.4647787  0.59598832 0.28551377]
solver time:  0.1522802030085586
plant_input_stage0: full=[0.05559572 0.00452738], pose=[0.47011428 0.59755449 0.28598795]
solver time:  0.15951893001329154
plant_input_stage0: full=[0.05558448 0.00430586], pose=[0.47544805 0.59912288 0.28644069]
solver time:  0.1658463049971033
plant_input_stage0: full=[0.05520494 0.04280351], pose=[0.48078002 0.60069336 0.28687128]
solver time:  0.16940102601074614
plant_input_stage0: full=[0.05373886 0.18051079], pose=[0.48607491 0.6022554  0.29115163]
solver time:  0.16550221398938447
plant_input_stage0: full=[ 0.05159689 -0.09966561], pose=[0.49122263 0.603798   0.30920271]
solver time:  0.1664887219958473
plant_input_stage0: full=[ 0.04676498 -0.3142645 ], pose=[0.49613763 0.60536809 0.29923615]
solver time:  0.16836072501610033
plant_input_stage0: full=[ 0.0412664  -0.38312216], pose=[0.50060631 0.60674668 0.2678097 ]
solver time:  0.1678742920048535
plant_input_stage0: full=[ 0.03620858 -0.3926946 ], pose=[0.50458585 0.60783867 0.22949748]
solver time:  0.17057315801503137
plant_input_stage0: full=[ 0.03169692 -0.37571792], pose=[0.50811177 0.60866237 0.19022802]
solver time:  0.17060274200048298
plant_input_stage0: full=[ 0.02767214 -0.34617121], pose=[0.51122429 0.60926171 0.15265623]
solver time:  0.18064028598018922
plant_input_stage0: full=[ 0.02389635 -0.3075596 ], pose=[0.51395932 0.6096825  0.11803911]
solver time:  0.16364423400955275
plant_input_stage0: full=[ 0.02054248 -0.26958473], pose=[0.51633233 0.60996392 0.08728315]
solver time:  0.17315806599799544
plant_input_stage0: full=[ 0.01770099 -0.23696635], pose=[0.51837875 0.61014299 0.06032468]
solver time:  0.16299255299963988
plant_input_stage0: full=[ 0.01442262 -0.18867167], pose=[0.52014563 0.61024971 0.03662804]
solver time:  0.1638689270184841
plant_input_stage0: full=[ 0.01114159 -0.13790659], pose=[0.52158693 0.61030252 0.01776088]
solver time:  0.16055645202868618
plant_input_stage0: full=[ 0.00793199 -0.26399384], pose=[0.52270091 0.61032231 0.00397022]
solver time:  0.1746549590025097
plant_input_stage0: full=[ 0.00601907 -0.39485077], pose=[ 0.5234941   0.61032546 -0.02242917]
solver time:  0.169501158001367
plant_input_stage0: full=[ 0.00397518 -0.31623305], pose=[ 0.52409586  0.61031196 -0.06191424]
solver time:  0.1774249250011053
plant_input_stage0: full=[ 0.00246817 -0.15540868], pose=[ 0.52449262  0.61028736 -0.09353755]
solver time:  0.16502377900178544
plant_input_stage0: full=[ 0.00169222 -0.06629407], pose=[ 0.52473835  0.61026431 -0.10907842]
solver time:  0.16459847000078298
plant_input_stage0: full=[ 0.00138074 -0.03556971], pose=[ 0.52490657  0.61024589 -0.11570782]
solver time:  0.16279961599502712
plant_input_stage0: full=[ 0.00109673 -0.03594889], pose=[ 0.52504372  0.61022995 -0.11926479]
solver time:  0.16695141899981536
plant_input_stage0: full=[ 0.00085411 -0.02663397], pose=[ 0.52515261  0.6102169  -0.12285968]
solver time:  0.1669958299899008
plant_input_stage0: full=[ 0.00065689 -0.02032886], pose=[ 0.52523738  0.61020643 -0.12552308]
solver time:  0.16517509100958705
plant_input_stage0: full=[ 0.00049467 -0.01514745], pose=[ 0.52530255  0.61019821 -0.12755597]
solver time:  0.16423518399824388
plant_input_stage0: full=[ 0.00036321 -0.01100629], pose=[ 0.52535162  0.61019191 -0.12907071]
solver time:  0.16482114300015382
plant_input_stage0: full=[ 0.00025981 -0.00778655], pose=[ 0.52538764  0.61018724 -0.13017134]
solver time:  0.16728160899947397
plant_input_stage0: full=[ 0.00014031 -0.00505709], pose=[ 0.5254134   0.61018387 -0.13095   ]
solver time:  0.1650568270124495
plant_input_stage0: full=[ 9.54972776e-05 -2.73608673e-03], pose=[ 0.52542731  0.61018203 -0.1314557 ]
solver time:  0.16477653698530048
plant_input_stage0: full=[ 6.44556020e-05 -1.86329523e-03], pose=[ 0.52543678  0.61018078 -0.13172931]
solver time:  0.16566278101527132
plant_input_stage0: full=[ 4.31396614e-05 -1.24100800e-03], pose=[ 0.52544317  0.61017994 -0.13191564]
solver time:  0.16475642399745993
plant_input_stage0: full=[ 2.87075265e-05 -8.23489250e-04], pose=[ 0.52544744  0.61017937 -0.13203974]
solver time:  0.16564208699855953
plant_input_stage0: full=[ 1.90284086e-05 -5.44751183e-04], pose=[ 0.52545029  0.61017899 -0.13212209]
solver time:  0.16539384800125845
plant_input_stage0: full=[ 1.2579188e-05 -3.5963391e-04], pose=[ 0.52545217  0.61017874 -0.13217657]
solver time:  0.16496879400801845
plant_input_stage0: full=[ 8.30096384e-06 -2.37105546e-04], pose=[ 0.52545342  0.61017857 -0.13221253]
solver time:  0.16339154398883693
plant_input_stage0: full=[ 5.47128409e-06 -1.56184928e-04], pose=[ 0.52545424  0.61017847 -0.13223624]
solver time:  0.16542890801792964
plant_input_stage0: full=[ 3.60336776e-06 -1.02821433e-04], pose=[ 0.52545479  0.61017839 -0.13225186]
solver time:  0.1653689420199953
plant_input_stage0: full=[ 2.37193203e-06 -6.76646214e-05], pose=[ 0.52545514  0.61017835 -0.13226214]
solver time:  0.16813341400120407
plant_input_stage0: full=[ 1.56079903e-06 -4.45174256e-05], pose=[ 0.52545538  0.61017831 -0.13226891]
solver time:  0.16452750298776664
plant_input_stage0: full=[ 1.02681829e-06 -2.92837240e-05], pose=[ 0.52545553  0.61017829 -0.13227336]
solver time:  0.16444110899465159
plant_input_stage0: full=[ 6.75422587e-07 -1.92608355e-05], pose=[ 0.52545564  0.61017828 -0.13227629]
solver time:  0.1638966260070447
plant_input_stage0: full=[ 4.4423730e-07 -1.2667553e-05], pose=[ 0.5254557   0.61017827 -0.13227821]
solver time:  0.1657316150085535
plant_input_stage0: full=[ 2.92163846e-07 -8.33085949e-06], pose=[ 0.52545575  0.61017827 -0.13227948]
solver time:  0.16847407899331301
plant_input_stage0: full=[ 1.92140761e-07 -5.47864785e-06], pose=[ 0.52545578  0.61017826 -0.13228031]
solver time:  0.16455331101315096
plant_input_stage0: full=[ 1.26357326e-07 -3.60286584e-06], pose=[ 0.52545579  0.61017826 -0.13228086]
실패 조건 충족으로 시뮬레이션 종료: stuck_for_4.00s_disp_0.0297m_le_0.0300m
Using dcbf optimizer with differential_drive dynamics:
median:  0.15651121249538846
std:  0.024045980522641338
min:  0.11102107600891031
max:  0.24117178699816577
Simulation finished.
Run outcome: status=failure, reason=stuck_for_4.00s_disp_0.0297m_le_0.0300m, final_time=15.59999999999996, distance_to_goal=1.3925903967865267
Trial history saved to /home/taekwon/projects/psdf_mpcc/benchmark_runs/dcbf_obca_maze_h12_trials3_20260917_005304/runs/config01/trial_0001/data/trial_history_MPC_DCBF_rectangle_maze_startseed0.csv
Single test completed.
[Trials] Saved: status=failure, successful solver steps=156

[Trials] maze / obca trial 1/3, seed=0
Running single test...
Start perturbation: seed=0, pose=[0.07751460442186786, 0.7923579027341738, -1.5387751942727323], delta=[0.002514604421867866, -0.0026420972658260378, 0.03202113252216411], clearance=0.025107 m, attempts=1
Start pose saved to /home/taekwon/projects/psdf_mpcc/benchmark_runs/dcbf_obca_maze_h12_trials3_20260917_005304/runs/config02/trial_0001/data/start_pose_MPC_OBCA_rectangle_maze_startseed0.json
Trial failure criteria enabled: movement_window_sec=4.0, movement_threshold=0.03, max_consecutive_solver_failures=20
generating global path with A* + Line of Sight
시작 위치: [0.0775146 0.7923579]
목적지: [1.8  0.09]
도착 판정 기준: position <= 0.01m, angle <= 0.01rad
solver time:  0.37902047199895605
plant_input_stage0: full=[0.38747341 0.99999974], pose=[ 0.0775146   0.7923579  -1.53877519]
solver time:  0.35834640500252135
plant_input_stage0: full=[0.41890895 0.23266285], pose=[ 0.07875513  0.75363043 -1.43877522]
solver time:  0.4061999869882129
plant_input_stage0: full=[ 0.4108094  -0.99999976], pose=[ 0.08426956  0.71210407 -1.41550894]
solver time:  0.4421497349976562
plant_input_stage0: full=[0.38986017 1.        ], pose=[ 0.0906233   0.67151745 -1.51550891]
solver time:  0.4293991960003041
plant_input_stage0: full=[0.19080935 1.00000001], pose=[ 0.09277764  0.632591   -1.41550891]
solver time:  0.4230793269816786
plant_input_stage0: full=[0.08953461 1.00000001], pose=[ 0.09572877  0.61373967 -1.31550891]
solver time:  0.4274262760009151
plant_input_stage0: full=[0.11911311 1.00000001], pose=[ 0.09798973  0.60507638 -1.21550891]
solver time:  0.47373031498864293
plant_input_stage0: full=[0.12161345 1.00000001], pose=[ 0.1021332   0.59390897 -1.11550891]
solver time:  0.48363092498038895
plant_input_stage0: full=[0.10721332 1.00000001], pose=[ 0.10748079  0.58298645 -1.01550891]
solver time:  0.40816128498408943
plant_input_stage0: full=[0.12067226 1.00000001], pose=[ 0.11313295  0.57387601 -0.91550891]
solver time:  0.35317359800683334
plant_input_stage0: full=[0.13211534 1.00000001], pose=[ 0.12048656  0.56430823 -0.81550891]
solver time:  0.39024006499676034
plant_input_stage0: full=[0.14465409 1.00000001], pose=[ 0.12954304  0.55468925 -0.71550891]
solver time:  0.3422889419889543
plant_input_stage0: full=[0.15643455 1.00000001], pose=[ 0.14046094  0.54519992 -0.6155089 ]
solver time:  0.4189170410099905
plant_input_stage0: full=[0.20720724 1.00000001], pose=[ 0.15323351  0.53616779 -0.5155089 ]
solver time:  0.3835230649856385
plant_input_stage0: full=[0.19389396 1.00000001], pose=[ 0.1712614   0.52595294 -0.4155089 ]
solver time:  0.3908994089870248
plant_input_stage0: full=[0.18290347 1.00000001], pose=[ 0.18900098  0.5181263  -0.3155089 ]
solver time:  0.3734977130079642
plant_input_stage0: full=[0.1728327 1.       ], pose=[ 0.20638849  0.5124508  -0.2155089 ]
solver time:  0.3884878410026431
plant_input_stage0: full=[0.18279378 1.        ], pose=[ 0.22327196  0.50875487 -0.1155089 ]
solver time:  0.38730190199567005
plant_input_stage0: full=[0.20488315 1.        ], pose=[ 0.24142952  0.50664813 -0.0155089 ]
solver time:  0.4074978949793149
plant_input_stage0: full=[0.27096902 1.        ], pose=[0.26191538 0.50633039 0.0844911 ]
solver time:  0.3693940879893489
plant_input_stage0: full=[0.50773564 1.        ], pose=[0.28891562 0.50861711 0.1844911 ]
solver time:  0.36257616500370204
plant_input_stage0: full=[0.29653236 0.99999999], pose=[0.33882754 0.51793134 0.2844911 ]
solver time:  0.3682609020033851
plant_input_stage0: full=[0.34064571 0.99999998], pose=[0.36728885 0.52625408 0.3844911 ]
solver time:  0.36761899199336767
plant_input_stage0: full=[0.39228371 0.99999992], pose=[0.39886635 0.53903127 0.4844911 ]
solver time:  0.4193374809983652
plant_input_stage0: full=[0.44482942 0.22930302], pose=[0.43358001 0.5573022  0.58449109]
solver time:  0.45114058000035584
plant_input_stage0: full=[ 0.44192028 -0.99999984], pose=[0.47067847 0.58184678 0.60742139]
solver time:  0.44623284999397583
plant_input_stage0: full=[ 0.39563743 -0.99999989], pose=[0.50696554 0.60706947 0.50742141]
solver time:  0.4990731139841955
plant_input_stage0: full=[ 0.37040698 -0.99999991], pose=[0.54154427 0.62629449 0.40742142]
solver time:  0.4233331919822376
plant_input_stage0: full=[ 0.38170502 -0.99999974], pose=[0.57555302 0.64097161 0.30742143]
solver time:  0.48930423098499887
plant_input_stage0: full=[ 0.59999984 -0.99999999], pose=[0.61193398 0.65252208 0.20742145]
solver time:  0.44203214900335297
plant_input_stage0: full=[ 0.33032795 -0.99999999], pose=[0.67064787 0.66487831 0.10742145]
solver time:  0.4827465310227126
plant_input_stage0: full=[ 0.25962374 -1.        ], pose=[0.70349026 0.66841993 0.00742145]
solver time:  0.5177418050006963
plant_input_stage0: full=[ 0.19231712 -1.00000001], pose=[ 0.72945192  0.6686126  -0.09257855]
solver time:  0.4423577489797026
plant_input_stage0: full=[ 0.11914044 -1.00000001], pose=[ 0.74860128  0.6668347  -0.19257855]
solver time:  1.102151519007748
plant_input_stage0: full=[ 0.06577428 -1.00000001], pose=[ 0.76029508  0.66455447 -0.29257855]
solver time:  1.2425154220254626
plant_input_stage0: full=[ 0.21363173 -1.        ], pose=[ 0.76659299  0.66265739 -0.39257855]
solver time:  0.892906713008415
plant_input_stage0: full=[ 0.1817547 -1.       ], pose=[ 0.78633097  0.65448444 -0.49257855]
solver time:  1.1143785959866364
plant_input_stage0: full=[ 0.1116001 -1.       ], pose=[ 0.80234567  0.64588927 -0.59257855]
solver time:  0.9698526159918401
plant_input_stage0: full=[ 0.04676129 -1.        ], pose=[ 0.81160294  0.63965638 -0.69257855]
solver time:  0.6027362780005205
plant_input_stage0: full=[ 0.03706072 -0.99999999], pose=[ 0.8152017   0.63667056 -0.79257855]
solver time:  0.5018518520228099
plant_input_stage0: full=[ 0.3825378  -0.81227342], pose=[ 0.8178034   0.63403122 -0.89257855]
solver time:  0.404345260001719
plant_input_stage0: full=[0.32058209 1.        ], pose=[ 0.84180406  0.60424331 -0.97380589]
solver time:  0.41425063999486156
plant_input_stage0: full=[0.20645211 1.00000001], pose=[ 0.85982578  0.57773017 -0.87380589]
solver time:  0.42529861500952393
plant_input_stage0: full=[0.13344097 1.00000001], pose=[ 0.87307821  0.56189988 -0.77380589]
solver time:  0.3880147199961357
plant_input_stage0: full=[0.17357277 1.00000001], pose=[ 0.88262265  0.55257419 -0.67380589]
solver time:  0.43043971998849884
plant_input_stage0: full=[0.17905341 1.00000001], pose=[ 0.89618654  0.54174387 -0.57380589]
solver time:  0.38170942501164973
plant_input_stage0: full=[0.17131269 1.        ], pose=[ 0.91122418  0.53202427 -0.47380588]
solver time:  0.40542146799270995
plant_input_stage0: full=[0.15400685 1.        ], pose=[ 0.92646824  0.52420768 -0.37380588]
solver time:  0.3987901289947331
plant_input_stage0: full=[0.171946 1.      ], pose=[ 0.94080542  0.51858395 -0.27380588]
solver time:  0.572949621011503
plant_input_stage0: full=[0.17255092 1.        ], pose=[ 0.9573595   0.51393457 -0.17380588]
solver time:  0.5390552490134723
plant_input_stage0: full=[0.18634705 1.        ], pose=[ 0.97435462  0.51095061 -0.07380588]
solver time:  0.5858256639912724
plant_input_stage0: full=[0.19081417 1.        ], pose=[0.9929386  0.50957651 0.02619412]
solver time:  0.9066168229910545
plant_input_stage0: full=[0.18781227 1.        ], pose=[1.01201347 0.51007627 0.12619412]
solver time:  0.9248147809994407
plant_input_stage0: full=[0.19262612 1.00000001], pose=[1.03064535 0.51244007 0.22619412]
solver time:  0.5262781080091372
plant_input_stage0: full=[0.16602397 1.        ], pose=[1.04941728 0.5167601  0.32619412]
solver time:  0.613830696005607
plant_input_stage0: full=[0.11129134 1.        ], pose=[1.06514422 0.52208017 0.42619412]
solver time:  0.8092652400082443
plant_input_stage0: full=[0.17077853 1.        ], pose=[1.0752778  0.52668105 0.52619412]
solver time:  0.48072422001860105
plant_input_stage0: full=[0.15084043 1.        ], pose=[1.09004544 0.53525833 0.62619412]
solver time:  0.5055510829843115
plant_input_stage0: full=[0.13812887 1.        ], pose=[1.1022675  0.54409856 0.72619412]
solver time:  0.5147159470070619
plant_input_stage0: full=[0.09249557 0.99999999], pose=[1.11259549 0.55327072 0.82619412]
solver time:  0.5726524670026265
plant_input_stage0: full=[0.33203048 0.99999997], pose=[1.11886373 0.56007245 0.92619412]
solver time:  0.5917412579874508
plant_input_stage0: full=[ 0.42433631 -1.        ], pose=[1.13881479 0.58661294 1.02619411]
solver time:  1.043652555992594
plant_input_stage0: full=[5.24416060e-02 2.95402537e-14], pose=[1.16079872 0.62290784 0.92619411]
solver time:  1.232011294021504
plant_input_stage0: full=[ 0.16927947 -1.        ], pose=[1.16394983 0.6270997  0.92619411]
solver time:  0.5165838489774615
plant_input_stage0: full=[ 0.11516382 -1.00000001], pose=[1.1741215  0.64063087 0.82619411]
solver time:  0.44893685102579184
plant_input_stage0: full=[ 0.16449312 -1.00000001], pose=[1.18192592 0.64909953 0.72619411]
solver time:  0.446629343990935
plant_input_stage0: full=[ 0.16991213 -1.        ], pose=[1.19422518 0.66002234 0.62619411]
solver time:  0.4522466449998319
plant_input_stage0: full=[ 0.15362528 -1.        ], pose=[1.20799255 0.6699803  0.52619411]
solver time:  0.44199843000387773
plant_input_stage0: full=[ 0.13410069 -1.        ], pose=[1.22127691 0.67769607 0.42619411]
solver time:  0.4361925050034188
plant_input_stage0: full=[ 0.18680954 -0.99999999], pose=[1.23348739 0.6832399  0.32619411]
solver time:  0.4244571440212894
plant_input_stage0: full=[ 0.27071585 -0.99999998], pose=[1.25118327 0.68922603 0.22619411]
solver time:  0.5272951860097237
plant_input_stage0: full=[ 0.28461531 -0.99999995], pose=[1.27756527 0.69529738 0.12619411]
solver time:  0.47070439902017824
plant_input_stage0: full=[ 0.35669405 -0.95507116], pose=[1.30580047 0.69887953 0.02619412]
solver time:  0.38876348300254904
plant_input_stage0: full=[ 0.43816224 -0.28587124], pose=[ 1.34145764  0.69981376 -0.069313  ]
solver time:  0.3672921630204655
plant_input_stage0: full=[0.43980246 0.99999929], pose=[ 1.38516866  0.69677915 -0.09790012]
solver time:  0.49714203699841164
plant_input_stage0: full=[0.41252801 0.99999985], pose=[1.42893831 0.69248036 0.00209981]
solver time:  0.7093648329901043
plant_input_stage0: full=[0.28365037 1.00000001], pose=[1.47019102 0.69256698 0.10209979]
solver time:  1.1112501150055323
plant_input_stage0: full=[0.21469546 1.        ], pose=[1.49840834 0.69545801 0.20209979]
solver time:  0.7608211409824435
plant_input_stage0: full=[0.15347022 1.        ], pose=[1.51944092 0.69976753 0.30209979]
solver time:  0.8126453490112908
plant_input_stage0: full=[0.13538498 1.        ], pose=[1.53409294 0.70433366 0.40209979]
solver time:  0.6379255060164724
plant_input_stage0: full=[0.11854315 1.        ], pose=[1.54655162 0.70963197 0.50209979]
solver time:  0.6078026239993051
plant_input_stage0: full=[0.08048926 0.99999999], pose=[1.5569428  0.71533706 0.60209979]
solver time:  0.5175514419970568
plant_input_stage0: full=[0.02406062 0.99999999], pose=[1.56357631 0.71989577 0.70209979]
solver time:  0.593903257016791
plant_input_stage0: full=[0.32289438 0.99999998], pose=[1.56541331 0.72144966 0.80209979]
solver time:  0.5114213430206291
plant_input_stage0: full=[ 0.41526811 -0.99999998], pose=[1.58786089 0.74465987 0.90209979]
solver time:  0.3960017590143252
plant_input_stage0: full=[ 0.21895791 -1.        ], pose=[1.61360601 0.77724307 0.80209979]
solver time:  0.4368818729999475
plant_input_stage0: full=[ 0.18426313 -1.00000001], pose=[1.62882794 0.79298214 0.70209979]
solver time:  0.4305749459890649
plant_input_stage0: full=[ 0.17677337 -1.00000001], pose=[1.6428962  0.80488227 0.60209979]
solver time:  0.415089854010148
plant_input_stage0: full=[ 0.16568304 -1.        ], pose=[1.65746495 0.81489426 0.50209979]
solver time:  0.41434600998763926
plant_input_stage0: full=[ 0.15037856 -1.        ], pose=[1.67198829 0.82286804 0.40209979]
solver time:  0.42569616599939764
plant_input_stage0: full=[ 0.16158112 -1.        ], pose=[1.68582675 0.82875313 0.30209979]
solver time:  0.41661778299021535
plant_input_stage0: full=[ 0.16535922 -1.        ], pose=[1.70125312 0.83356058 0.20209979]
solver time:  0.4521903670101892
plant_input_stage0: full=[ 0.16204132 -1.        ], pose=[1.71745249 0.83687978 0.10209979]
solver time:  0.4659229109820444
plant_input_stage0: full=[ 0.150375   -1.00000001], pose=[1.73357224 0.83853135 0.00209979]
solver time:  0.483698293013731
plant_input_stage0: full=[ 0.13845219 -1.00000001], pose=[ 1.7486097   0.83856292 -0.09790021]
solver time:  0.565045393013861
plant_input_stage0: full=[ 0.13890243 -1.00000001], pose=[ 1.76238863  0.83720964 -0.19790021]
solver time:  0.5816519980144221
plant_input_stage0: full=[ 0.17458612 -1.00000001], pose=[ 1.77600775  0.83447866 -0.29790021]
solver time:  0.5828165989951231
plant_input_stage0: full=[ 0.12411771 -1.00000001], pose=[ 1.7926974   0.82935432 -0.39790021]
solver time:  0.5579738419910427
plant_input_stage0: full=[ 0.10379082 -1.00000001], pose=[ 1.80413952  0.82454497 -0.49790021]
solver time:  0.46645500499289483
plant_input_stage0: full=[ 0.15019508 -1.        ], pose=[ 1.81325845  0.81958811 -0.59790021]
solver time:  0.4185578920005355
plant_input_stage0: full=[ 0.12813392 -1.        ], pose=[ 1.82567237  0.8111335  -0.69790021]
solver time:  0.37655938099487685
plant_input_stage0: full=[ 0.13893867 -1.        ], pose=[ 1.8354899   0.80289948 -0.79790021]
solver time:  0.37475002399878576
plant_input_stage0: full=[ 0.15861472 -1.        ], pose=[ 1.84519076  0.79295298 -0.89790021]
solver time:  0.39064727499498986
plant_input_stage0: full=[ 0.17889034 -0.99999999], pose=[ 1.85507648  0.78054899 -0.99790021]
solver time:  0.40115200699074194
plant_input_stage0: full=[ 0.2004063 -1.       ], pose=[ 1.86477355  0.76551622 -1.09790021]
solver time:  0.45622346698655747
plant_input_stage0: full=[ 0.33254103 -1.        ], pose=[ 1.87390138  0.74767499 -1.19790021]
solver time:  0.4422674899979029
plant_input_stage0: full=[ 0.21443314 -1.        ], pose=[ 1.88601632  0.71670624 -1.29790021]
solver time:  0.49148896301630884
plant_input_stage0: full=[ 0.17974625 -0.99999999], pose=[ 1.89179575  0.69605645 -1.39790021]
solver time:  0.4811432090064045
plant_input_stage0: full=[ 0.20366896 -0.99999998], pose=[ 1.89488804  0.67834981 -1.49790021]
solver time:  0.6627331489871722
plant_input_stage0: full=[ 0.28916515 -0.99999995], pose=[ 1.89637139  0.658037   -1.59790021]
solver time:  0.38048121199244633
plant_input_stage0: full=[ 0.397653   -0.78327656], pose=[ 1.89558774  0.62913111 -1.69790021]
solver time:  0.4099674749886617
plant_input_stage0: full=[ 0.41836978 -0.99999936], pose=[ 1.89054701  0.58968659 -1.77622786]
solver time:  0.5254875129903667
plant_input_stage0: full=[0.47094392 0.99999946], pose=[ 1.8820127   0.54872932 -1.8762278 ]
solver time:  0.5582172680005897
plant_input_stage0: full=[ 0.40132023 -0.30047346], pose=[ 1.8678512   0.50381458 -1.77622785]
solver time:  1.2558250789879821
plant_input_stage0: full=[ 0.34803891 -1.00000001], pose=[ 1.85966468  0.46452641 -1.8062752 ]
solver time:  1.0190037320135161
plant_input_stage0: full=[ 0.21826451 -0.99999999], pose=[ 1.85154463  0.43068301 -1.9062752 ]
solver time:  0.720242123992648
plant_input_stage0: full=[ 0.17019362 -0.99999998], pose=[ 1.84435889  0.41007333 -2.0062752 ]
solver time:  0.6768041529867332
plant_input_stage0: full=[ 0.07059371 -0.99999999], pose=[ 1.83717937  0.39464241 -2.1062752 ]
solver time:  1.1446056090062484
plant_input_stage0: full=[ 0.03312139 -0.99999996], pose=[ 1.8335773   0.38857118 -2.20627519]
solver time:  0.6216612250136677
plant_input_stage0: full=[ 0.02860552 -0.99999996], pose=[ 1.83161134  0.38590561 -2.30627519]
solver time:  0.5766487929795403
plant_input_stage0: full=[ 0.37761631 -0.96072355], pose=[ 1.82969208  0.38378449 -2.40627519]
solver time:  0.6084730529983062
plant_input_stage0: full=[0.30463635 0.99999999], pose=[ 1.80168738  0.35845313 -2.50234754]
solver time:  1.6013317090109922
plant_input_stage0: full=[0.22777148 1.        ], pose=[ 1.7772389   0.34027884 -2.40234754]
solver time:  0.4444715739809908
plant_input_stage0: full=[0.17825533 1.00000001], pose=[ 1.7604071   0.32493318 -2.30234754]
solver time:  0.4229867279937025
plant_input_stage0: full=[0.18079585 1.00000001], pose=[ 1.7484992   0.31166851 -2.20234754]
solver time:  0.445120340998983
plant_input_stage0: full=[0.17337094 1.        ], pose=[ 1.73782506  0.29707625 -2.10234754]
solver time:  0.42569701801403426
plant_input_stage0: full=[0.15178883 1.        ], pose=[ 1.72903739  0.28213129 -2.00234754]
solver time:  0.46068975498201326
plant_input_stage0: full=[0.16406188 1.        ], pose=[ 1.72268836  0.26834404 -1.90234754]
solver time:  0.4514576209767256
plant_input_stage0: full=[0.17505228 1.        ], pose=[ 1.71734798  0.25283136 -1.80234754]
solver time:  0.46644976298557594
plant_input_stage0: full=[0.17976089 1.        ], pose=[ 1.71333075  0.23579332 -1.70234754]
solver time:  0.4895780050137546
plant_input_stage0: full=[0.17631062 1.        ], pose=[ 1.71097279  0.21797255 -1.60234754]
solver time:  0.48526593402493745
plant_input_stage0: full=[0.16220167 1.        ], pose=[ 1.7104166   0.20035026 -1.50234754]
solver time:  0.5463827560015488
plant_input_stage0: full=[0.15500359 1.00000001], pose=[ 1.71152598  0.18416808 -1.40234754]
solver time:  0.5231045660038944
plant_input_stage0: full=[0.21849365 1.00000001], pose=[ 1.71412467  0.16888711 -1.30234754]
solver time:  0.515810662007425
plant_input_stage0: full=[0.16305027 1.00000001], pose=[ 1.71991991  0.14782031 -1.20234754]
solver time:  0.5266260629869066
plant_input_stage0: full=[0.13302195 1.        ], pose=[ 1.72579247  0.13260956 -1.10234754]
solver time:  0.43135870300466195
plant_input_stage0: full=[0.11513112 1.        ], pose=[ 1.73179845  0.12074041 -1.00234754]
solver time:  0.427922304981621
plant_input_stage0: full=[0.11539217 1.        ], pose=[ 1.73799625  0.11103789 -0.90234754]
solver time:  0.3488624739984516
plant_input_stage0: full=[0.13701419 1.        ], pose=[ 1.7451479   0.1019821  -0.80234754]
solver time:  0.3416383609874174
plant_input_stage0: full=[0.12781504 1.        ], pose=[ 1.75467067  0.09213092 -0.70234754]
solver time:  0.3453113180003129
plant_input_stage0: full=[0.08585737 0.99999999], pose=[ 1.76442715  0.08387392 -0.60234754]
solver time:  0.34215950302314013
plant_input_stage0: full=[0.06534509 0.99999998], pose=[ 1.77150186  0.07900943 -0.50234754]
solver time:  0.3448322960175574
plant_input_stage0: full=[0.05420341 0.99999997], pose=[ 1.77722906  0.07586316 -0.40234754]
solver time:  0.33585850498639047
plant_input_stage0: full=[0.0491701  0.99999996], pose=[ 1.78221656  0.07374067 -0.30234754]
solver time:  0.3362440970086027
plant_input_stage0: full=[0.04666777 0.99999994], pose=[ 1.78691053  0.07227657 -0.20234755]
solver time:  0.3643608920101542
plant_input_stage0: full=[0.05684454 0.99999997], pose=[ 1.7914821   0.07133869 -0.10234755]
solver time:  0.5445113139867317
plant_input_stage0: full=[0.08741815 0.99999993], pose=[ 1.7971368   0.07075792 -0.00234756]
solver time:  0.4904764250095468
plant_input_stage0: full=[ 0.18426694 -0.99999945], pose=[1.80587859 0.07073739 0.09765244]
solver time:  0.5342323849909008
plant_input_stage0: full=[ 0.00889364 -0.99999946], pose=[ 1.8242175   0.07253395 -0.00234751]
solver time:  0.45589073598966934
plant_input_stage0: full=[-0.13766252  0.99999966], pose=[ 1.82510686  0.07253186 -0.10234745]
solver time:  0.5289874970039818
plant_input_stage0: full=[0.00495113 0.99999957], pose=[ 1.81141265  0.07393834 -0.00234749]
solver time:  0.428627752000466
plant_input_stage0: full=[ 0.13408062 -0.99999947], pose=[1.81190776 0.07393718 0.09765247]
solver time:  0.43872615401051007
plant_input_stage0: full=[-0.00273436 -0.9999995 ], pose=[ 1.82525194  0.07524443 -0.00234748]
solver time:  0.3979366570129059
plant_input_stage0: full=[-0.12571712  0.9999993 ], pose=[ 1.82497851  0.07524507 -0.10234743]
solver time:  0.41738267699838616
plant_input_stage0: full=[0.00286204 0.99999951], pose=[ 1.81247258  0.07652951 -0.0023475 ]
solver time:  0.4900727430067491
plant_input_stage0: full=[ 0.11811881 -0.99999845], pose=[1.81275878 0.07652884 0.09765245]
solver time:  0.49372767299064435
plant_input_stage0: full=[-0.00196544 -0.99999917], pose=[ 1.82451439  0.07768046 -0.00234739]
solver time:  0.3538170139945578
plant_input_stage0: full=[-0.11209875  0.99999673], pose=[ 1.82431785  0.07768092 -0.10234731]
solver time:  0.5269074469979387
plant_input_stage0: full=[0.00154188 0.99999873], pose=[ 1.81316663  0.07882622 -0.00234764]
solver time:  0.3464852870092727
plant_input_stage0: full=[ 0.10368619 -0.99999471], pose=[1.81332082 0.07882586 0.09765224]
solver time:  0.3986559059994761
plant_input_stage0: full=[ 8.79924807e-04 -9.99993618e-01], pose=[ 1.82364004  0.07983677 -0.00234723]
solver time:  0.35648518399102613
plant_input_stage0: full=[-0.09628964  0.99999644], pose=[ 1.82372803  0.07983657 -0.1023466 ]
solver time:  0.36298005501157604
plant_input_stage0: full=[4.69337858e-04 9.21206000e-01], pose=[ 1.81414946  0.08082034 -0.00234695]
solver time:  0.3478890600090381
plant_input_stage0: full=[ 0.08508149 -0.99999635], pose=[1.81419639 0.08082023 0.08977365]
solver time:  0.35697594098746777
plant_input_stage0: full=[-0.01312405 -0.55834242], pose=[ 1.82267028  0.08158301 -0.01022599]
solver time:  0.33569080199231394
plant_input_stage0: full=[-0.06051831  0.99999745], pose=[ 1.82135794  0.08159643 -0.06606023]
solver time:  0.39514443700318225
plant_input_stage0: full=[ 0.05132285 -0.91598464], pose=[1.81531931 0.08199592 0.03393952]
solver time:  0.3461340729845688
plant_input_stage0: full=[-0.05065311  0.99999603], pose=[ 1.82044864  0.08217008 -0.05765895]
solver time:  0.3669664260232821
plant_input_stage0: full=[ 0.05256725 -0.89409012], pose=[1.81539174 0.08246198 0.04234065]
solver time:  0.37453352997545153
plant_input_stage0: full=[-0.04713495  0.99990218], pose=[ 1.82064376  0.08268448 -0.04706836]
solver time:  0.3629088989982847
plant_input_stage0: full=[ 0.05279946 -0.95168639], pose=[1.81593548 0.08290626 0.05292186]
solver time:  0.361643987998832
plant_input_stage0: full=[-0.04204058  0.70721535], pose=[ 1.82120804  0.08318555 -0.04224678]
solver time:  0.34094811501563527
plant_input_stage0: full=[ 0.02844513 -0.46130392], pose=[1.81700773 0.08336311 0.02847476]
solver time:  0.3407116010203026
plant_input_stage0: full=[-0.01766997  0.28255831], pose=[ 1.81985109  0.08344409 -0.01765564]
solver time:  0.33672191301593557
plant_input_stage0: full=[ 0.01061652 -0.16890728], pose=[1.81808437 0.08347529 0.0106002 ]
solver time:  0.33268818698707037
plant_input_stage0: full=[-0.00630178  0.10008105], pose=[ 1.81914596  0.08348654 -0.00629053]
solver time:  0.3471946810022928
plant_input_stage0: full=[ 0.00372464 -0.0591154 ], pose=[1.8185158  0.08349051 0.00371757]
solver time:  0.34703494599671103
plant_input_stage0: full=[-0.00219813  0.03487995], pose=[ 1.81888826  0.08349189 -0.00219397]
solver time:  0.34684561198810115
plant_input_stage0: full=[ 0.00129655 -0.02057205], pose=[1.81866844e+00 8.34923734e-02 1.29402731e-03]
solver time:  0.3431219659978524
plant_input_stage0: full=[-0.00076461  0.0121315 ], pose=[ 1.81879810e+00  8.34925412e-02 -7.63177744e-04]
solver time:  0.34553208900615573
plant_input_stage0: full=[ 0.00045089 -0.00715394], pose=[1.81872164e+00 8.34925995e-02 4.49972120e-04]
solver time:  0.3429462480125949
plant_input_stage0: full=[-0.00026589  0.00421863], pose=[ 1.81876673e+00  8.34926198e-02 -2.65421513e-04]
solver time:  0.348570007015951
plant_input_stage0: full=[ 0.00015679 -0.00248768], pose=[1.81874014e+00 8.34926269e-02 1.56441155e-04]
solver time:  0.3598998980014585
plant_input_stage0: full=[-9.24583031e-05  1.46695731e-03], pose=[ 1.81875582e+00  8.34926293e-02 -9.23269538e-05]
solver time:  0.3516383889946155
plant_input_stage0: full=[ 5.45215828e-05 -8.65047498e-04], pose=[1.81874657e+00 8.34926302e-02 5.43687773e-05]
실패 조건 충족으로 시뮬레이션 종료: stuck_for_4.00s_disp_0.0299m_le_0.0300m
Using obca optimizer with differential_drive dynamics:
median:  0.44199843000387773
std:  0.20413534126942393
min:  0.33268818698707037
max:  1.6013317090109922
Simulation finished.
Run outcome: status=failure, reason=stuck_for_4.00s_disp_0.0299m_le_0.0300m, final_time=18.499999999999993, distance_to_goal=0.01025736972712833
Trial history saved to /home/taekwon/projects/psdf_mpcc/benchmark_runs/dcbf_obca_maze_h12_trials3_20260917_005304/runs/config02/trial_0001/data/trial_history_MPC_OBCA_rectangle_maze_startseed0.csv
Single test completed.
[Trials] Saved: status=failure, successful solver steps=185

[Trials] maze / dcbf trial 2/3, seed=1
Running single test...
Start perturbation: seed=1, pose=[0.08191168384129571, 0.8114323628700231, -1.5542744729857272], delta=[0.006911683841295721, 0.016432362870023167, 0.01652185380916936], clearance=0.012834 m, attempts=1
Start pose saved to /home/taekwon/projects/psdf_mpcc/benchmark_runs/dcbf_obca_maze_h12_trials3_20260917_005304/runs/config01/trial_0002/data/start_pose_MPC_DCBF_rectangle_maze_startseed1.json
Trial failure criteria enabled: movement_window_sec=4.0, movement_threshold=0.03, max_consecutive_solver_failures=20
generating global path with A* + Line of Sight
시작 위치: [0.08191168 0.81143236]
목적지: [1.8  0.09]
도착 판정 기준: position <= 0.01m, angle <= 0.01rad
solver time:  0.11255282201454975
plant_input_stage0: full=[0.05783275 0.58417045], pose=[ 0.08191168  0.81143236 -1.55427447]
solver time:  0.10968439799034968
plant_input_stage0: full=[0.05556643 0.32092971], pose=[ 0.08200723  0.80564988 -1.49585743]
solver time:  0.10724267299519852
plant_input_stage0: full=[ 0.05546631 -0.01081101], pose=[ 0.08242325  0.80010883 -1.46376446]
solver time:  0.10790469098719768
plant_input_stage0: full=[ 0.05532335 -0.01040547], pose=[ 0.08301578  0.79459394 -1.46484556]
solver time:  0.11035057800472714
plant_input_stage0: full=[ 0.05518116 -0.00994265], pose=[ 0.08360084  0.78909263 -1.46588611]
solver time:  0.11190294800326228
plant_input_stage0: full=[ 0.05503972 -0.00950029], pose=[ 0.08417869  0.78360485 -1.46688037]
solver time:  0.11263142299139872
plant_input_stage0: full=[ 0.054899   -0.00907758], pose=[ 0.08474961  0.77813057 -1.4678304 ]
solver time:  0.11243611099780537
plant_input_stage0: full=[ 0.05475896 -0.00867902], pose=[ 0.08531388  0.77266974 -1.46873816]
solver time:  0.12138109302031808
plant_input_stage0: full=[ 0.05461957 -0.00830184], pose=[ 0.08587177  0.76722234 -1.46960606]
solver time:  0.12187866700696759
plant_input_stage0: full=[ 0.05448084 -0.00793208], pose=[ 0.08642353  0.76178832 -1.47043624]
solver time:  0.11997883699950762
plant_input_stage0: full=[ 0.05434274 -0.00757924], pose=[ 0.08696938  0.75636765 -1.47122945]
solver time:  0.12347780397976749
plant_input_stage0: full=[ 0.05420525 -0.00724168], pose=[ 0.08750956  0.7509603  -1.47198738]
solver time:  0.12737855600425974
plant_input_stage0: full=[ 0.05406836 -0.00692006], pose=[ 0.08804429  0.74556621 -1.47271154]
solver time:  0.12745300700771622
plant_input_stage0: full=[0.05390976 0.00120531], pose=[ 0.08857376  0.74018536 -1.47340355]
solver time:  0.13088505598716438
plant_input_stage0: full=[0.05366191 0.03296979], pose=[ 0.08909798  0.73481993 -1.47328302]
solver time:  0.1324489770049695
plant_input_stage0: full=[0.05337779 0.04436668], pose=[ 0.08962042  0.72947923 -1.46998604]
solver time:  0.13336871899082325
plant_input_stage0: full=[0.05301669 0.06615721], pose=[ 0.09015761  0.72416855 -1.46554937]
solver time:  0.13785373300197534
plant_input_stage0: full=[0.05260283 0.07653474], pose=[ 0.09071457  0.71889622 -1.45893365]
solver time:  0.13447545099188574
plant_input_stage0: full=[0.05212035 0.05355245], pose=[ 0.09130177  0.71366882 -1.45128018]
solver time:  0.13163146999431774
plant_input_stage0: full=[0.05157185 0.02235615], pose=[ 0.09192321  0.70849396 -1.44592493]
solver time:  0.12134894001064822
plant_input_stage0: full=[ 0.05096663 -0.00138059], pose=[ 0.09256553  0.70337693 -1.44368932]
solver time:  0.12471976000233553
plant_input_stage0: full=[ 0.05025426 -0.01853605], pose=[ 0.0932116   0.69832139 -1.44382738]
solver time:  0.12829274701653048
plant_input_stage0: full=[ 0.0495623  -0.03088915], pose=[ 0.09384796  0.69333641 -1.44568098]
solver time:  0.12752214100328274
plant_input_stage0: full=[ 0.04879198 -0.03864321], pose=[ 0.09446645  0.68841892 -1.4487699 ]
solver time:  0.12779228898580186
plant_input_stage0: full=[ 0.04799164 -0.04392971], pose=[ 0.09506036  0.68357601 -1.45263422]
solver time:  0.1276825410022866
plant_input_stage0: full=[ 0.04719462 -0.04729457], pose=[ 0.09562612  0.67881031 -1.45702719]
solver time:  0.13110196200432256
plant_input_stage0: full=[ 0.04632203 -0.04376079], pose=[ 0.09616189  0.67412136 -1.46175665]
solver time:  0.12777802100754343
plant_input_stage0: full=[0.04537431 0.01874466], pose=[ 0.09666599  0.66951666 -1.46613273]
solver time:  0.12782968301326036
plant_input_stage0: full=[0.04442352 0.01483207], pose=[ 0.09714003  0.66500406 -1.46425826]
solver time:  0.12817060100496747
plant_input_stage0: full=[0.04347675 0.0142193 ], pose=[ 0.09761241  0.6605869  -1.46277505]
solver time:  0.1299160879862029
plant_input_stage0: full=[0.04246082 0.01201957], pose=[ 0.09808114  0.65626456 -1.46135312]
solver time:  0.1296144509979058
plant_input_stage0: full=[0.04146977 0.01006548], pose=[ 0.09854492  0.65204389 -1.46015117]
solver time:  0.1294961429957766
plant_input_stage0: full=[0.04041565 0.00830893], pose=[ 0.09900282  0.64792227 -1.45914462]
solver time:  0.12822424198384397
plant_input_stage0: full=[0.03936873 0.00673925], pose=[ 0.09945313  0.64390587 -1.45831372]
solver time:  0.13476860799710266
plant_input_stage0: full=[0.03831505 0.00536741], pose=[ 0.09989503  0.63999387 -1.4576398 ]
solver time:  0.13116047802031972
plant_input_stage0: full=[0.03721963 0.00420538], pose=[ 0.10032767  0.63618687 -1.45710306]
solver time:  0.1309755830152426
plant_input_stage0: full=[0.0361564  0.00325332], pose=[ 0.10074992  0.63248894 -1.45668252]
solver time:  0.13159096898743883
plant_input_stage0: full=[0.04286446 0.00256426], pose=[ 0.10116162  0.62889681 -1.45635719]
solver time:  0.13510468800086528
plant_input_stage0: full=[0.04086237 0.00201107], pose=[ 0.10165108  0.62463841 -1.45610076]
solver time:  0.13428595900768414
plant_input_stage0: full=[0.03898181 0.00157714], pose=[ 0.10211873  0.62057902 -1.45589966]
solver time:  0.14962664298946038
plant_input_stage0: full=[0.03849449 0.00124454], pose=[ 0.10256563  0.61670654 -1.45574194]
solver time:  0.14281294800457545
plant_input_stage0: full=[0.04069545 0.00101574], pose=[ 0.10300755  0.61288254 -1.45561749]
solver time:  0.1490598560194485
plant_input_stage0: full=[0.04349991 0.00090121], pose=[ 0.10347524  0.60883996 -1.45551591]
solver time:  0.1580621410103049
plant_input_stage0: full=[ 0.04619642 -0.08120885], pose=[ 0.1039756   0.60451884 -1.45542579]
solver time:  0.15174780998495407
plant_input_stage0: full=[0.04875609 0.25728459], pose=[ 0.10450739  0.59992991 -1.46354668]
solver time:  0.20489707801607437
plant_input_stage0: full=[0.04198152 0.99999993], pose=[ 0.1050293   0.59508231 -1.43781822]
solver time:  0.1979983280180022
plant_input_stage0: full=[0.04245399 0.99999982], pose=[ 0.10558591  0.59092123 -1.33781823]
solver time:  0.18244413399952464
plant_input_stage0: full=[0.04297888 0.99999984], pose=[ 0.10656608  0.58679052 -1.23781824]
solver time:  0.202041464013746
plant_input_stage0: full=[0.04349795 0.99999985], pose=[ 0.10797088  0.58272871 -1.13781826]
solver time:  0.17116565199103206
plant_input_stage0: full=[0.04398804 0.99999986], pose=[ 0.10979595  0.57878031 -1.03781827]
solver time:  0.1877056170196738
plant_input_stage0: full=[0.04444367 0.99999986], pose=[ 0.11203098  0.57499163 -0.93781829]
solver time:  0.21141744698979892
plant_input_stage0: full=[0.04486461 0.99999986], pose=[ 0.11466004  0.57140827 -0.8378183 ]
solver time:  0.18957963399589062
plant_input_stage0: full=[0.0463218  0.99999995], pose=[ 0.11766187  0.568074   -0.73781832]
solver time:  0.22756803399533965
plant_input_stage0: full=[0.0486795  0.99999979], pose=[ 0.1210894   0.56495805 -0.63781832]
solver time:  0.151117334025912
plant_input_stage0: full=[0.05076957 0.9999997 ], pose=[ 0.12500029  0.56205945 -0.53781834]
solver time:  0.14261311900918372
plant_input_stage0: full=[0.05255115 0.9999995 ], pose=[ 0.12936053  0.55945871 -0.43781837]
solver time:  0.13417067402042449
plant_input_stage0: full=[0.05397182 0.99999898], pose=[ 0.13411997  0.55723073 -0.33781842]
solver time:  0.13956781299202703
plant_input_stage0: full=[0.05497914 0.9999966 ], pose=[ 0.1392121   0.55544195 -0.23781852]
solver time:  0.15401895600371063
plant_input_stage0: full=[0.05551757 0.70369928], pose=[ 0.14455528  0.55414673 -0.13781886]
solver time:  0.14685979601927102
plant_input_stage0: full=[0.05556367 0.04332471], pose=[ 0.15005439  0.55338401 -0.06744894]
solver time:  0.1357325589924585
plant_input_stage0: full=[0.05545927 0.04077819], pose=[ 0.15559812  0.55300953 -0.06311646]
solver time:  0.13122210701112635
plant_input_stage0: full=[0.07657662 0.49773621], pose=[ 0.16113301  0.55265972 -0.05903865]
solver time:  0.13820649500121363
plant_input_stage0: full=[ 0.07300299 -0.00063931], pose=[ 0.16877733  0.55220788 -0.00926502]
solver time:  0.1313494750065729
plant_input_stage0: full=[ 6.95270746e-02 -3.58209721e-06], pose=[ 0.17607731  0.55214025 -0.00932896]
solver time:  0.12768626600154676
plant_input_stage0: full=[6.62166325e-02 3.40926101e-06], pose=[ 0.18302972  0.55207539 -0.00932931]
solver time:  0.12998210499063134
plant_input_stage0: full=[6.30638105e-02 1.28427364e-05], pose=[ 0.18965109  0.55201361 -0.00932897]
solver time:  0.13378646498313174
plant_input_stage0: full=[6.00615765e-02 8.20834557e-05], pose=[ 0.1959572   0.55195478 -0.00932769]
solver time:  0.13359768799273297
plant_input_stage0: full=[5.72018584e-02 8.41448127e-05], pose=[ 0.2019631   0.55189876 -0.00931948]
solver time:  0.133278409979539
plant_input_stage0: full=[0.05514373 0.02040354], pose=[ 0.20768303  0.55184545 -0.00931107]
solver time:  0.13817281898809597
plant_input_stage0: full=[0.05507011 0.0855269 ], pose=[ 0.21319717  0.55179411 -0.00727071]
solver time:  0.1397165080124978
plant_input_stage0: full=[0.05499825 0.07476532], pose=[0.21870403 0.55175407 0.00128198]
solver time:  0.1366227450198494
plant_input_stage0: full=[0.05491931 0.0676968 ], pose=[0.22420385 0.55176112 0.00875851]
solver time:  0.1313624210015405
plant_input_stage0: full=[0.05484277 0.05990908], pose=[0.22969557 0.55180922 0.01552819]
solver time:  0.13415406199055724
plant_input_stage0: full=[0.05476175 0.05186528], pose=[0.23517919 0.55189438 0.0215191 ]
solver time:  0.13202032100525685
plant_input_stage0: full=[0.05468123 0.04625795], pose=[0.2406541  0.55201221 0.02670563]
solver time:  0.13361531400005333
plant_input_stage0: full=[0.0545982  0.04051322], pose=[0.24612027 0.55215822 0.03133142]
solver time:  0.13050397101324052
plant_input_stage0: full=[0.05451396 0.03589955], pose=[0.25157741 0.55232926 0.03538274]
solver time:  0.13538733098539524
plant_input_stage0: full=[0.05442979 0.03184192], pose=[0.25702539 0.5525221  0.0389727 ]
solver time:  0.1497469759779051
plant_input_stage0: full=[0.05434553 0.02813763], pose=[0.26246424 0.55273418 0.04215689]
solver time:  0.15206784100155346
plant_input_stage0: full=[0.05427236 0.02471769], pose=[0.26789396 0.55296321 0.04497065]
solver time:  0.17553268000483513
plant_input_stage0: full=[0.07556481 0.03342434], pose=[0.27331571 0.5532072  0.04744242]
solver time:  0.19213585002580658
plant_input_stage0: full=[0.07193656 0.0230947 ], pose=[0.28086369 0.55356556 0.05078486]
solver time:  0.17998782198992558
plant_input_stage0: full=[ 0.06854438 -0.07953214], pose=[0.28804807 0.55393073 0.05309433]
solver time:  0.17253851998248138
plant_input_stage0: full=[0.0655603  0.39667732], pose=[0.29489285 0.55429449 0.04514111]
solver time:  0.21832363301655278
plant_input_stage0: full=[0.06185278 0.99999373], pose=[0.3014422  0.55459034 0.08480885]
solver time:  0.24624170700553805
plant_input_stage0: full=[0.05934139 0.28771266], pose=[0.30760525 0.55511428 0.18480822]
solver time:  0.1645462170126848
plant_input_stage0: full=[5.65299934e-02 9.87006644e-05], pose=[0.31343834 0.55620472 0.21357949]
solver time:  0.15994933000183664
plant_input_stage0: full=[0.05597767 0.04126886], pose=[0.3189629  0.55740293 0.21358936]
solver time:  0.15850946900900453
plant_input_stage0: full=[0.05594694 0.04890891], pose=[0.32443346 0.55858948 0.21771624]
solver time:  0.1567420490027871
plant_input_stage0: full=[0.0559187  0.04663469], pose=[0.32989608 0.55979794 0.22260713]
solver time:  0.15738612299901433
plant_input_stage0: full=[0.05589306 0.0444622 ], pose=[0.33534997 0.56103247 0.2272706 ]
solver time:  0.15421831599087454
plant_input_stage0: full=[0.05586978 0.0423889 ], pose=[0.34079555 0.56229185 0.23171682]
solver time:  0.15453898900886998
plant_input_stage0: full=[0.05584865 0.04041259], pose=[0.34623321 0.56357489 0.23595571]
solver time:  0.16005839899298735
plant_input_stage0: full=[0.05582946 0.03852102], pose=[0.35166333 0.56488048 0.23999697]
solver time:  0.15676992599037476
plant_input_stage0: full=[0.05581204 0.03672021], pose=[0.35708626 0.56620754 0.24384907]
solver time:  0.16498966800281778
plant_input_stage0: full=[0.05579622 0.03500409], pose=[0.36250235 0.56755507 0.24752109]
solver time:  0.18473838799400255
plant_input_stage0: full=[0.05578187 0.03336473], pose=[0.36791192 0.56892208 0.2510215 ]
solver time:  0.1665805180091411
plant_input_stage0: full=[0.05576883 0.0318011 ], pose=[0.37331528 0.57030767 0.25435798]
solver time:  0.17516999802319333
plant_input_stage0: full=[0.055757 0.030297], pose=[0.37871273 0.57171095 0.25753809]
solver time:  0.17488915100693703
plant_input_stage0: full=[0.05574625 0.02874376], pose=[0.38410454 0.57313108 0.26056779]
solver time:  0.13892918400233611
plant_input_stage0: full=[0.05573649 0.02752321], pose=[0.38949099 0.57456727 0.26344216]
solver time:  0.14347911899676546
plant_input_stage0: full=[0.05572763 0.02623178], pose=[0.39487234 0.57601868 0.26619448]
solver time:  0.14374854799825698
plant_input_stage0: full=[0.05571959 0.02499811], pose=[0.40024882 0.57748466 0.26881766]
solver time:  0.16161767099401914
plant_input_stage0: full=[0.05571229 0.02382162], pose=[0.40562067 0.57896452 0.27131747]
solver time:  0.16032532299868762
plant_input_stage0: full=[0.05570567 0.02269971], pose=[0.4109881  0.58045762 0.27369964]
solver time:  0.14718935202108696
plant_input_stage0: full=[0.05569965 0.02163017], pose=[0.41635131 0.58196332 0.27596961]
solver time:  0.16366743098478764
plant_input_stage0: full=[0.05569419 0.02061074], pose=[0.42171052 0.58348102 0.27813262]
solver time:  0.15785665801377036
plant_input_stage0: full=[0.05568917 0.01953007], pose=[0.4270659  0.58501016 0.2801937 ]
solver time:  0.15419563499744982
plant_input_stage0: full=[0.05567706 0.00632735], pose=[0.43241764 0.5865502  0.2821467 ]
solver time:  0.15258443600032479
plant_input_stage0: full=[0.05566525 0.00602969], pose=[0.4377652  0.58810035 0.28277944]
solver time:  0.15732534800190479
plant_input_stage0: full=[0.05565355 0.0057458 ], pose=[0.44311064 0.58965355 0.28338241]
solver time:  0.1570670930086635
plant_input_stage0: full=[0.05564193 0.00547524], pose=[0.44845403 0.59120965 0.28395699]
solver time:  0.15444496998679824
plant_input_stage0: full=[0.05563041 0.00521738], pose=[0.4537954  0.5927685  0.28450451]
solver time:  0.15332567700534128
plant_input_stage0: full=[0.05561896 0.00497159], pose=[0.45913481 0.59432994 0.28502625]
solver time:  0.15396339001017623
plant_input_stage0: full=[0.05560758 0.0047373 ], pose=[0.46447231 0.59589385 0.28552341]
solver time:  0.1568240579799749
plant_input_stage0: full=[0.0555963  0.00452303], pose=[0.46980793 0.59746009 0.28599714]
solver time:  0.16461387698655017
plant_input_stage0: full=[0.05558506 0.00430168], pose=[0.47514174 0.59902854 0.28644944]
solver time:  0.17139213299378753
plant_input_stage0: full=[0.05526186 0.03663295], pose=[0.48047375 0.60059909 0.28687961]
solver time:  0.16893935902044177
plant_input_stage0: full=[0.05382949 0.17469183], pose=[0.48577409 0.60216278 0.29054291]
solver time:  0.16799891999107786
plant_input_stage0: full=[ 0.05169176 -0.07428593], pose=[0.49093143 0.60370485 0.30801209]
solver time:  0.17069951799931005
plant_input_stage0: full=[ 0.04714379 -0.3089074 ], pose=[0.49585734 0.60527196 0.30058349]
solver time:  0.1693010199815035
plant_input_stage0: full=[ 0.04157064 -0.38044404], pose=[0.50036034 0.60666778 0.26969276]
solver time:  0.16819519898854196
plant_input_stage0: full=[ 0.03648245 -0.39252937], pose=[0.50436714 0.60777537 0.23164835]
solver time:  0.17063385399524122
plant_input_stage0: full=[ 0.031942   -0.37677891], pose=[0.50791794 0.60861294 0.19239541]
solver time:  0.17244757901062258
plant_input_stage0: full=[ 0.02789134 -0.34781549], pose=[0.5110532  0.60922371 0.15471752]
solver time:  0.18552963199908845
plant_input_stage0: full=[ 0.02408589 -0.30923423], pose=[0.51380902 0.60965352 0.11993597]
solver time:  0.1713857669965364
plant_input_stage0: full=[ 0.02079622 -0.27340595], pose=[0.5162003  0.6099417  0.08901255]
solver time:  0.172053959016921
plant_input_stage0: full=[ 0.01785975 -0.23876918], pose=[0.51827169 0.61012657 0.06167196]
solver time:  0.169725551008014
plant_input_stage0: full=[ 0.01456418 -0.1903525 ], pose=[0.52005427 0.61023665 0.03779504]
solver time:  0.16746071001398377
plant_input_stage0: full=[ 0.01127146 -0.13953141], pose=[0.52150965 0.61029168 0.01875979]
solver time:  0.16346769698429853
plant_input_stage0: full=[ 0.00805309 -0.2374698 ], pose=[0.5226366  0.61031282 0.00480665]
solver time:  0.15994538299855776
plant_input_stage0: full=[ 0.0061941  -0.40013358], pose=[ 0.5234419   0.61031669 -0.01894033]
solver time:  0.1638252580014523
plant_input_stage0: full=[ 0.00411303 -0.32646722], pose=[ 0.5240612   0.61030496 -0.05895369]
solver time:  0.1645839650009293
plant_input_stage0: full=[ 0.00254509 -0.1684114 ], pose=[ 0.52447178  0.61028073 -0.09160041]
solver time:  0.16573194399825297
plant_input_stage0: full=[ 0.00172337 -0.0685079 ], pose=[ 0.52472523  0.61025745 -0.10844155]
solver time:  0.16405822298838757
plant_input_stage0: full=[ 0.00139997 -0.03640397], pose=[ 0.52489655  0.61023879 -0.11529234]
solver time:  0.16301262599881738
plant_input_stage0: full=[ 0.00111201 -0.03646038], pose=[ 0.52503562  0.61022269 -0.11893274]
solver time:  0.164747235015966
plant_input_stage0: full=[ 0.00086651 -0.02704234], pose=[ 0.52514603  0.6102095  -0.12257878]
solver time:  0.16350283799692988
plant_input_stage0: full=[ 0.00066709 -0.02065497], pose=[ 0.52523203  0.6101989  -0.12528301]
solver time:  0.1638957789982669
plant_input_stage0: full=[ 0.00050304 -0.015411  ], pose=[ 0.52529822  0.61019056 -0.12734851]
solver time:  0.16110564800328575
plant_input_stage0: full=[ 0.00036991 -0.01121513], pose=[ 0.52534812  0.61018418 -0.12888961]
solver time:  0.16505068200058304
plant_input_stage0: full=[ 0.00026499 -0.00794596], pose=[ 0.5253848   0.61017942 -0.13001112]
solver time:  0.1637925679970067
plant_input_stage0: full=[ 0.00018532 -0.0054979 ], pose=[ 0.52541108  0.61017599 -0.13080572]
solver time:  0.16495218701311387
plant_input_stage0: full=[ 8.52171802e-05 -3.34269484e-03], pose=[ 0.52542945  0.61017357 -0.13135551]
solver time:  0.16690997901605442
plant_input_stage0: full=[ 5.71159510e-05 -1.61548572e-03], pose=[ 0.5254379   0.61017245 -0.13168978]
solver time:  0.1681542169826571
plant_input_stage0: full=[ 3.81606303e-05 -1.09775750e-03], pose=[ 0.52544356  0.6101717  -0.13185133]
solver time:  0.16660181901534088
plant_input_stage0: full=[ 2.53596979e-05 -7.26849493e-04], pose=[ 0.52544734  0.6101712  -0.1319611 ]
solver time:  0.17132985600619577
plant_input_stage0: full=[ 1.67940321e-05 -4.80516585e-04], pose=[ 0.52544986  0.61017087 -0.13203379]
solver time:  0.1646530959988013
plant_input_stage0: full=[ 1.10953343e-05 -3.17081536e-04], pose=[ 0.52545152  0.61017065 -0.13208184]
solver time:  0.165911996999057
plant_input_stage0: full=[ 7.31881758e-06 -2.08988309e-04], pose=[ 0.52545262  0.6101705  -0.13211355]
solver time:  0.16814865698688664
plant_input_stage0: full=[ 4.82265674e-06 -1.37636832e-04], pose=[ 0.52545335  0.6101704  -0.13213445]
solver time:  0.1639866610057652
plant_input_stage0: full=[ 3.17563402e-06 -9.05992167e-05], pose=[ 0.52545383  0.61017034 -0.13214821]
solver time:  0.16324797098059207
plant_input_stage0: full=[ 2.09014051e-06 -5.96166336e-05], pose=[ 0.52545414  0.6101703  -0.13215727]
solver time:  0.16883107801550068
plant_input_stage0: full=[ 1.37527400e-06 -3.92205663e-05], pose=[ 0.52545435  0.61017027 -0.13216323]
solver time:  0.1660989329975564
plant_input_stage0: full=[ 9.04724753e-07 -2.57986342e-05], pose=[ 0.52545448  0.61017025 -0.13216715]
solver time:  0.1669200059841387
plant_input_stage0: full=[ 5.95095623e-07 -1.69682779e-05], pose=[ 0.52545457  0.61017024 -0.13216973]
solver time:  0.16619175000232644
plant_input_stage0: full=[ 3.91398853e-07 -1.11596691e-05], pose=[ 0.52545463  0.61017023 -0.13217143]
solver time:  0.16794533299980685
plant_input_stage0: full=[ 2.57411341e-07 -7.33916719e-06], pose=[ 0.52545467  0.61017023 -0.13217255]
solver time:  0.16569625597912818
plant_input_stage0: full=[ 1.69285429e-07 -4.82647825e-06], pose=[ 0.5254547   0.61017022 -0.13217328]
solver time:  0.16529930901015177
plant_input_stage0: full=[ 1.11327077e-07 -3.17399410e-06], pose=[ 0.52545471  0.61017022 -0.13217376]
실패 조건 충족으로 시뮬레이션 종료: stuck_for_4.00s_disp_0.0300m_le_0.0300m
Using dcbf optimizer with differential_drive dynamics:
median:  0.1544919794978341
std:  0.023752775391985996
min:  0.10724267299519852
max:  0.24624170700553805
Simulation finished.
Run outcome: status=failure, reason=stuck_for_4.00s_disp_0.0300m_le_0.0300m, final_time=15.99999999999996, distance_to_goal=1.3925884226894507
Trial history saved to /home/taekwon/projects/psdf_mpcc/benchmark_runs/dcbf_obca_maze_h12_trials3_20260917_005304/runs/config01/trial_0002/data/trial_history_MPC_DCBF_rectangle_maze_startseed1.csv
Single test completed.
[Trials] Saved: status=failure, successful solver steps=160

[Trials] maze / obca trial 2/3, seed=1
Running single test...
Start perturbation: seed=1, pose=[0.08191168384129571, 0.8114323628700231, -1.5542744729857272], delta=[0.006911683841295721, 0.016432362870023167, 0.01652185380916936], clearance=0.012834 m, attempts=1
Start pose saved to /home/taekwon/projects/psdf_mpcc/benchmark_runs/dcbf_obca_maze_h12_trials3_20260917_005304/runs/config02/trial_0002/data/start_pose_MPC_OBCA_rectangle_maze_startseed1.json
Trial failure criteria enabled: movement_window_sec=4.0, movement_threshold=0.03, max_consecutive_solver_failures=20
generating global path with A* + Line of Sight
시작 위치: [0.08191168 0.81143236]
목적지: [1.8  0.09]
도착 판정 기준: position <= 0.01m, angle <= 0.01rad
solver time:  0.385045179980807
plant_input_stage0: full=[0.43286015 0.84722717], pose=[ 0.08191168  0.81143236 -1.55427447]
solver time:  0.37103695300174877
plant_input_stage0: full=[0.41609681 0.05116976], pose=[ 0.08262682  0.76815226 -1.46955176]
solver time:  0.3870748519839253
plant_input_stage0: full=[ 0.4130109  -0.93203646], pose=[ 0.08683238  0.72675565 -1.46443478]
solver time:  0.4300549530016724
plant_input_stage0: full=[0.43932514 0.99999999], pose=[ 0.09121695  0.68568796 -1.55763843]
solver time:  0.4287479189806618
plant_input_stage0: full=[0.23638056 1.00000001], pose=[ 0.09179499  0.64175925 -1.45763843]
solver time:  0.4460795000195503
plant_input_stage0: full=[0.07176787 1.00000001], pose=[ 0.09446412  0.61827237 -1.35763842]
solver time:  0.4478738699981477
plant_input_stage0: full=[0.11965834 1.00000001], pose=[ 0.09598235  0.61125801 -1.25763842]
solver time:  0.4732739600003697
plant_input_stage0: full=[0.12898317 1.00000001], pose=[ 0.0996686   0.59987413 -1.15763842]
solver time:  0.4623543669877108
plant_input_stage0: full=[0.13044468 1.00000001], pose=[ 0.10484732  0.58806111 -1.05763842]
solver time:  0.37925727097899653
plant_input_stage0: full=[0.10850415 1.00000001], pose=[ 0.11125125  0.57669678 -0.95763842]
solver time:  0.3746828090224881
plant_input_stage0: full=[0.12421332 1.00000001], pose=[ 0.11749515  0.56782294 -0.85763842]
solver time:  0.3361122259811964
plant_input_stage0: full=[0.13718108 1.00000001], pose=[ 0.1256215   0.55842869 -0.75763842]
solver time:  0.3402611259953119
plant_input_stage0: full=[0.15011487 1.00000001], pose=[ 0.13558717  0.5490015  -0.65763842]
solver time:  0.3366101430146955
plant_input_stage0: full=[0.16269457 1.00000001], pose=[ 0.14746783  0.53982573 -0.55763842]
solver time:  0.38554767801542766
plant_input_stage0: full=[0.22639906 1.00000001], pose=[ 0.16127258  0.5312162  -0.45763842]
solver time:  0.3546241980220657
plant_input_stage0: full=[0.20257933 1.00000001], pose=[ 0.18158281  0.52121319 -0.35763842]
solver time:  0.36565563798649237
plant_input_stage0: full=[0.17338484 1.        ], pose=[ 0.20055894  0.51412164 -0.25763842]
solver time:  0.3657658080046531
plant_input_stage0: full=[0.17019556 1.        ], pose=[ 0.21732516  0.50970383 -0.15763842]
solver time:  0.384368141007144
plant_input_stage0: full=[0.17548534 1.        ], pose=[ 0.23413369  0.507032   -0.05763842]
solver time:  0.3791715529805515
plant_input_stage0: full=[0.22223307 1.00000001], pose=[0.25165308 0.50602109 0.04236159]
solver time:  0.3924288929847535
plant_input_stage0: full=[0.57433264 1.        ], pose=[0.27385645 0.50696222 0.14236159]
solver time:  0.36572185799013823
plant_input_stage0: full=[0.27641422 0.99999999], pose=[0.3307087  0.51511092 0.24236159]
solver time:  0.36142952300724573
plant_input_stage0: full=[0.31646239 1.        ], pose=[0.35754227 0.52174475 0.34236159]
solver time:  0.37202952001825906
plant_input_stage0: full=[0.36505684 0.99999994], pose=[0.38735191 0.53236879 0.44236159]
solver time:  0.382225657987874
plant_input_stage0: full=[0.41221683 0.99999986], pose=[0.42034367 0.54799595 0.54236158]
solver time:  0.5206815190031193
plant_input_stage0: full=[ 0.47360631 -0.99999951], pose=[0.45564972 0.56927294 0.64236157]
solver time:  0.46515445900149643
plant_input_stage0: full=[ 0.41901162 -0.9999998 ], pose=[0.49357058 0.59764613 0.54236161]
solver time:  0.4910715690057259
plant_input_stage0: full=[ 0.37634888 -0.99999991], pose=[0.52945859 0.61927384 0.44236163]
solver time:  0.4904540890129283
plant_input_stage0: full=[ 0.38065209 -0.99999982], pose=[0.56347087 0.63538439 0.34236164]
solver time:  0.4278150240133982
plant_input_stage0: full=[ 0.37962541 -0.99999997], pose=[0.59932694 0.64816336 0.24236166]
solver time:  0.46794893700280227
plant_input_stage0: full=[ 0.47720009 -0.99999997], pose=[0.63617999 0.65727422 0.14236166]
solver time:  0.4676674990041647
plant_input_stage0: full=[ 0.3381369  -0.99999999], pose=[0.68341725 0.66404479 0.04236167]
solver time:  0.39497298799687997
plant_input_stage0: full=[ 0.21565798 -1.        ], pose=[ 0.7172006   0.66547677 -0.05763833]
solver time:  0.3988707840035204
plant_input_stage0: full=[ 0.19020893 -1.00000001], pose=[ 0.73873059  0.66423444 -0.15763833]
solver time:  0.639632739010267
plant_input_stage0: full=[ 0.16862715 -1.00000001], pose=[ 0.75751564  0.66124842 -0.25763833]
solver time:  0.45191743300529197
plant_input_stage0: full=[ 0.03516927 -1.        ], pose=[ 0.77382179  0.65695184 -0.35763833]
solver time:  0.6124812790076248
plant_input_stage0: full=[ 0.22563326 -1.        ], pose=[ 0.77711618  0.6557207  -0.45763833]
solver time:  0.918682745017577
plant_input_stage0: full=[ 0.15384221 -0.99999999], pose=[ 0.79735771  0.64575153 -0.55763833]
solver time:  0.9206546829955187
plant_input_stage0: full=[ 0.05154864 -0.99999999], pose=[ 0.81041133  0.63761045 -0.65763833]
solver time:  0.5455076580110472
plant_input_stage0: full=[ 0.03177787 -0.99999999], pose=[ 0.81449109  0.63445954 -0.75763833]
solver time:  0.46956521400716156
plant_input_stage0: full=[ 0.36656748 -0.99999983], pose=[ 0.81679963  0.63227574 -0.85763833]
solver time:  0.3859957279928494
plant_input_stage0: full=[0.32966752 1.        ], pose=[ 0.8407814   0.60455225 -0.95763831]
solver time:  0.40568345200154
plant_input_stage0: full=[0.21600843 1.00000001], pose=[ 0.85975222  0.5775909  -0.85763831]
solver time:  0.40445722799631767
plant_input_stage0: full=[0.15056858 1.00000001], pose=[ 0.87388404  0.56125419 -0.75763831]
solver time:  0.37972828999045305
plant_input_stage0: full=[0.17650219 1.00000001], pose=[ 0.88482226  0.550907   -0.65763831]
solver time:  0.3775804659817368
plant_input_stage0: full=[0.17752911 1.00000001], pose=[ 0.89879132  0.54011831 -0.55763831]
solver time:  0.36055246100295335
plant_input_stage0: full=[0.16826239 1.        ], pose=[ 0.91385479  0.53072376 -0.45763831]
solver time:  0.3887926139868796
plant_input_stage0: full=[0.16357715 1.        ], pose=[ 0.92894958  0.52328941 -0.35763831]
solver time:  0.4050736240169499
plant_input_stage0: full=[0.17308965 1.        ], pose=[ 0.94427228  0.51756318 -0.25763831]
solver time:  0.5672434759908356
plant_input_stage0: full=[0.16552687 1.        ], pose=[ 0.96100996  0.5131529  -0.15763831]
solver time:  0.4990223480272107
plant_input_stage0: full=[0.18633595 1.        ], pose=[ 0.9773574   0.51055436 -0.05763831]
solver time:  0.5920560520025901
plant_input_stage0: full=[0.19664669 1.        ], pose=[0.99596006 0.50948094 0.04236169]
solver time:  0.8935194899968337
plant_input_stage0: full=[0.19686218 1.        ], pose=[1.01560708 0.51031372 0.14236169]
solver time:  0.5037657490174752
plant_input_stage0: full=[0.19000357 1.00000001], pose=[1.03509415 0.51310683 0.24236169]
solver time:  0.6255885909777135
plant_input_stage0: full=[0.15510944 1.        ], pose=[1.0535392  0.51766684 0.34236169]
solver time:  1.7899262660066597
plant_input_stage0: full=[0.16151426 1.        ], pose=[1.06814996 0.52287406 0.44236169]
solver time:  0.48230250700726174
plant_input_stage0: full=[0.13997539 1.        ], pose=[1.0827467  0.52978808 0.54236169]
solver time:  0.5315251479914878
plant_input_stage0: full=[0.14011152 1.00000001], pose=[1.09473548 0.53701305 0.64236169]
solver time:  0.45788831397658214
plant_input_stage0: full=[0.12299551 0.99999999], pose=[1.10595397 0.54540696 0.74236169]
solver time:  0.478097515006084
plant_input_stage0: full=[0.06593322 0.99999999], pose=[1.11501719 0.55372183 0.84236169]
solver time:  0.5534509470162448
plant_input_stage0: full=[0.33536207 0.99999996], pose=[1.11940638 0.55864188 0.94236169]
solver time:  0.5139793890120927
plant_input_stage0: full=[ 0.42244908 -1.00000001], pose=[1.13912162 0.58577096 1.04236169]
solver time:  1.5115280330064707
plant_input_stage0: full=[ 0.19079579 -1.        ], pose=[1.16042075 0.62225355 0.94236169]
solver time:  0.48240117498789914
plant_input_stage0: full=[ 0.12207724 -1.00000001], pose=[1.17163723 0.63768795 0.84236169]
solver time:  0.43399793599382974
plant_input_stage0: full=[ 0.16750631 -1.00000001], pose=[1.17976395 0.64679756 0.74236169]
solver time:  0.4053206390235573
plant_input_stage0: full=[ 0.17169285 -1.        ], pose=[1.19210705 0.65812149 0.64236169]
solver time:  0.44244928102125414
plant_input_stage0: full=[ 0.15795366 -1.        ], pose=[1.20585421 0.66840741 0.54236168]
solver time:  0.4079634490190074
plant_input_stage0: full=[ 0.13485513 -1.        ], pose=[1.21938281 0.67656035 0.44236168]
solver time:  0.4223413809959311
plant_input_stage0: full=[ 0.17521927 -0.99999999], pose=[1.23157025 0.68233316 0.34236168]
solver time:  0.4010374339995906
plant_input_stage0: full=[ 0.26170897 -0.99999998], pose=[1.24807529 0.68821549 0.24236169]
solver time:  0.4155905669904314
plant_input_stage0: full=[ 0.30070515 -0.99999996], pose=[1.27348131 0.6944964  0.14236169]
solver time:  0.4186226710153278
plant_input_stage0: full=[ 0.35027388 -0.99999991], pose=[1.30324762 0.69876284 0.04236169]
solver time:  0.39452342002186924
plant_input_stage0: full=[ 0.43525918 -0.40914375], pose=[ 1.33824359  0.70024622 -0.0576383 ]
solver time:  0.35226293600862846
plant_input_stage0: full=[0.44793718 0.99999815], pose=[ 1.38169722  0.69773885 -0.09855268]
solver time:  0.4703441909805406
plant_input_stage0: full=[0.41259863 0.99999771], pose=[1.42627358 0.69333145 0.00144714]
solver time:  0.6386024459789041
plant_input_stage0: full=[0.30191466 0.99999999], pose=[1.4675334  0.69339116 0.10144691]
solver time:  0.6713222159887664
plant_input_stage0: full=[0.23746105 1.        ], pose=[1.49756964 0.69644874 0.20144691]
solver time:  0.614128122018883
plant_input_stage0: full=[0.15925516 1.        ], pose=[1.52083556 0.70120003 0.30144691]
solver time:  0.687187798001105
plant_input_stage0: full=[0.13978255 1.        ], pose=[1.53604296 0.70592835 0.40144691]
solver time:  0.6994774229824543
plant_input_stage0: full=[0.10883329 0.99999999], pose=[1.5489099  0.71139036 0.50144691]
solver time:  0.6014217050105799
plant_input_stage0: full=[0.0620225  0.99999999], pose=[1.55845336 0.71662192 0.60144691]
solver time:  0.5092798009864055
plant_input_stage0: full=[0.02397319 0.99999999], pose=[1.56356722 0.72013138 0.70144691]
solver time:  0.5896747779916041
plant_input_stage0: full=[0.32831739 0.99999997], pose=[1.56539856 0.72167843 0.80144691]
solver time:  0.4763985759927891
plant_input_stage0: full=[ 0.4034538  -0.99999998], pose=[1.58823855 0.74526355 0.90144691]
solver time:  0.38986316000227816
plant_input_stage0: full=[ 0.22140962 -1.        ], pose=[1.61327188 0.77690342 0.80144691]
solver time:  0.429578691982897
plant_input_stage0: full=[ 0.18699078 -1.00000001], pose=[1.62867464 0.79280868 0.70144691]
solver time:  0.41390423200209625
plant_input_stage0: full=[ 0.17762163 -1.00000001], pose=[1.64295904 0.80487564 0.60144691]
solver time:  0.42427187200519256
plant_input_stage0: full=[ 0.16582504 -1.        ], pose=[1.65760426 0.81492611 0.50144691]
solver time:  0.40036850300384685
plant_input_stage0: full=[ 0.15053609 -1.        ], pose=[1.67214526 0.82289723 0.40144691]
solver time:  0.41563763699377887
plant_input_stage0: full=[ 0.16162367 -1.        ], pose=[1.68600205 0.82877944 0.30144691]
solver time:  0.40215703600551933
plant_input_stage0: full=[ 0.16525984 -1.        ], pose=[1.70143563 0.83357808 0.20144691]
solver time:  0.43283285599318333
plant_input_stage0: full=[ 0.16191748 -1.        ], pose=[1.71762742 0.83688472 0.10144691]
solver time:  0.45428899899707176
plant_input_stage0: full=[ 0.15011759 -1.00000001], pose=[1.73373592e+00 8.38524506e-01 1.44690499e-03]
solver time:  0.47266731900162995
plant_input_stage0: full=[ 0.13828082 -1.00000001], pose=[ 1.74874767  0.83854623 -0.0985531 ]
solver time:  0.5044125209969934
plant_input_stage0: full=[ 0.13864019 -1.00000001], pose=[ 1.76250865  0.83718563 -0.1985531 ]
solver time:  0.5427606579905841
plant_input_stage0: full=[ 0.17442033 -1.00000001], pose=[ 1.77610028  0.83445094 -0.2985531 ]
solver time:  0.5515063980128616
plant_input_stage0: full=[ 0.12380239 -1.00000001], pose=[ 1.79277073  0.82932058 -0.3985531 ]
solver time:  0.5136936449853238
plant_input_stage0: full=[ 0.1043245  -1.00000001], pose=[ 1.80418065  0.82451599 -0.4985531 ]
solver time:  0.4384405799792148
plant_input_stage0: full=[ 0.15024398 -1.        ], pose=[ 1.81334322  0.81952766 -0.5985531 ]
solver time:  0.4034733730077278
plant_input_stage0: full=[ 0.12791374 -1.        ], pose=[ 1.82575565  0.8110622  -0.6985531 ]
solver time:  0.36323993699625134
plant_input_stage0: full=[ 0.13909804 -1.        ], pose=[ 1.83555094  0.80283593 -0.7985531 ]
solver time:  0.3665338490100112
plant_input_stage0: full=[ 0.15874781 -1.        ], pose=[ 1.84525643  0.79287168 -0.8985531 ]
solver time:  0.37523735099239275
plant_input_stage0: full=[ 0.17901591 -0.99999999], pose=[ 1.85514233  0.78045083 -0.9985531 ]
solver time:  0.38419386799796484
plant_input_stage0: full=[ 0.20050207 -0.99999999], pose=[ 1.86483639  0.76540117 -1.0985531 ]
solver time:  0.4386713650019374
plant_input_stage0: full=[ 0.33296207 -1.        ], pose=[ 1.87395693  0.74754546 -1.1985531 ]
solver time:  0.4377174080000259
plant_input_stage0: full=[ 0.21412162 -1.        ], pose=[ 1.88606696  0.71652958 -1.2985531 ]
solver time:  0.48969850002322346
plant_input_stage0: full=[ 0.17943859 -0.99999999], pose=[ 1.89182453  0.69590603 -1.3985531 ]
solver time:  0.45763133800937794
plant_input_stage0: full=[ 0.20098499 -0.99999998], pose=[ 1.89489998  0.67822769 -1.4985531 ]
solver time:  0.6382121780188754
plant_input_stage0: full=[ 0.28286169 -0.99999996], pose=[ 1.8963507   0.65818161 -1.59855309]
solver time:  0.3840850690030493
plant_input_stage0: full=[ 0.39783744 -0.7845604 ], pose=[ 1.89556566  0.62990634 -1.69855309]
solver time:  0.4218600740132388
plant_input_stage0: full=[ 0.41878704 -0.99999923], pose=[ 1.89049684  0.59044683 -1.77700913]
solver time:  0.4954102970077656
plant_input_stage0: full=[0.46917059 0.99999953], pose=[ 1.88192199  0.54945539 -1.87700905]
solver time:  0.638732560997596
plant_input_stage0: full=[ 0.40330893 -0.24085331], pose=[ 1.86777885  0.50472081 -1.7770091 ]
solver time:  0.7168625039921608
plant_input_stage0: full=[ 0.3507426 -1.       ], pose=[ 1.85952093  0.4652444  -1.80109443]
solver time:  0.7100725009804592
plant_input_stage0: full=[ 0.21823335 -0.99999999], pose=[ 1.8515146   0.43109615 -1.90109443]
solver time:  0.8886357430019416
plant_input_stage0: full=[ 0.17148706 -0.99999998], pose=[ 1.84443675  0.41045246 -2.00109443]
solver time:  2.2297517510014586
plant_input_stage0: full=[ 0.07238164 -0.99999999], pose=[ 1.83728331  0.39486701 -2.10109443]
solver time:  1.5375879860075656
plant_input_stage0: full=[ 0.03256361 -0.99999998], pose=[ 1.83362231  0.38862296 -2.20109443]
solver time:  0.5917992249887902
plant_input_stage0: full=[ 0.02788239 -0.99999996], pose=[ 1.83170306  0.3859923  -2.30109442]
solver time:  0.5879602119966876
plant_input_stage0: full=[ 0.36423397 -0.99999981], pose=[ 1.82984305  0.38391513 -2.40109442]
solver time:  0.5844792579882778
plant_input_stage0: full=[0.32987811 0.99999999], pose=[ 1.80295776  0.35934188 -2.5010944 ]
solver time:  0.8381475109781604
plant_input_stage0: full=[ 9.39554076e-02 -4.20824885e-08], pose=[ 1.77650819  0.33962853 -2.4010944 ]
solver time:  1.3846397580055054
plant_input_stage0: full=[0.17930601 1.        ], pose=[ 1.76957304  0.33328977 -2.40109441]
solver time:  0.434312065015547
plant_input_stage0: full=[0.1388131  1.00000001], pose=[ 1.75633788  0.32119279 -2.30109441]
solver time:  0.4267548500210978
plant_input_stage0: full=[0.16614835 1.00000001], pose=[ 1.74707777  0.31085155 -2.2010944 ]
solver time:  0.4417682779894676
plant_input_stage0: full=[0.16817022 1.        ], pose=[ 1.73728523  0.29742922 -2.1010944 ]
solver time:  0.43293250698479824
plant_input_stage0: full=[0.1518468 1.       ], pose=[ 1.72877934  0.28292191 -2.0010944 ]
solver time:  0.44287116700434126
plant_input_stage0: full=[0.16303359 1.        ], pose=[ 1.72244517  0.26912145 -1.9010944 ]
solver time:  0.4349494440248236
plant_input_stage0: full=[0.17524128 1.        ], pose=[ 1.71715758  0.25369935 -1.8010944 ]
solver time:  0.4693934219831135
plant_input_stage0: full=[0.18088272 1.        ], pose=[ 1.71315739  0.23663789 -1.7010944 ]
solver time:  0.4894761950126849
plant_input_stage0: full=[0.17843067 1.        ], pose=[ 1.71080719  0.21870295 -1.6010944 ]
solver time:  0.48906800599070266
plant_input_stage0: full=[0.16432073 1.        ], pose=[ 1.71026666  0.20086807 -1.5010944 ]
solver time:  0.5456006059830543
plant_input_stage0: full=[0.15738934 1.00000001], pose=[ 1.71141108  0.1844759  -1.4010944 ]
solver time:  0.5087925039988477
plant_input_stage0: full=[0.22015147 1.00000001], pose=[ 1.71406921  0.16896305 -1.3010944 ]
solver time:  0.5245848709892016
plant_input_stage0: full=[0.16350782 1.00000001], pose=[ 1.71993501  0.14774375 -1.2010944 ]
solver time:  0.5570125799858943
plant_input_stage0: full=[0.13314195 1.        ], pose=[ 1.72584316  0.1324977  -1.1010944 ]
solver time:  0.5647476380108856
plant_input_stage0: full=[0.11506425 1.        ], pose=[ 1.73186944  0.12062539 -1.0010944 ]
solver time:  0.43067200999939814
plant_input_stage0: full=[0.11574982 1.        ], pose=[ 1.73807579  0.11093627 -0.9010944 ]
solver time:  0.3558127699943725
plant_input_stage0: full=[0.137107 1.      ], pose=[ 1.74526099  0.10186141 -0.8010944 ]
solver time:  0.3426359790028073
plant_input_stage0: full=[0.12721419 1.        ], pose=[ 1.75480255  0.09201551 -0.7010944 ]
solver time:  0.33900374599033967
plant_input_stage0: full=[0.08564241 0.99999999], pose=[ 1.76452346  0.0838095  -0.6010944 ]
solver time:  0.343395200005034
plant_input_stage0: full=[0.06522394 0.99999998], pose=[ 1.77158653  0.07896603 -0.5010944 ]
solver time:  0.3513678799790796
plant_input_stage0: full=[0.0541343  0.99999997], pose=[ 1.77730705  0.07583277 -0.4010944 ]
solver time:  0.34083673197892494
plant_input_stage0: full=[0.04913367 0.99999996], pose=[ 1.78229084  0.07371922 -0.30109441]
solver time:  0.33822126500308514
plant_input_stage0: full=[0.04673729 0.99999994], pose=[ 1.78698316  0.07226209 -0.20109441]
solver time:  0.3841655400174204
plant_input_stage0: full=[0.05661042 0.99999997], pose=[ 1.79156271  0.07132855 -0.10109442]
solver time:  0.4321860909985844
plant_input_stage0: full=[0.08727202 0.9999998 ], pose=[ 1.79719485e+00  7.07572240e-02 -1.09441967e-03]
solver time:  0.48842904198681936
plant_input_stage0: full=[ 0.1840269  -0.99999948], pose=[1.80592204 0.07074767 0.09890556]
solver time:  0.5504731030086987
plant_input_stage0: full=[ 0.0088989  -0.99999948], pose=[ 1.82423480e+00  7.25648351e-02 -1.09438771e-03]
solver time:  0.4566611850168556
plant_input_stage0: full=[-0.13751893  0.99999965], pose=[ 1.82512469  0.07256386 -0.10109434]
solver time:  0.5322422450117301
plant_input_stage0: full=[0.00496019 0.99999955], pose=[ 1.81144301e+00  7.39517328e-02 -1.09437072e-03]
solver time:  0.4299954589805566
plant_input_stage0: full=[ 0.13409685 -0.99999948], pose=[1.81193902 0.07395119 0.09890558]
solver time:  0.46050188899971545
plant_input_stage0: full=[-0.00283101 -0.99999952], pose=[ 1.82528317e+00  7.52753215e-02 -1.09436386e-03]
solver time:  0.40116314199985936
plant_input_stage0: full=[-0.12549983  0.99999927], pose=[ 1.82500007  0.07527563 -0.10109432]
solver time:  0.4235985849809367
plant_input_stage0: full=[0.00296598 0.9999995 ], pose=[ 1.81251417e+00  7.65422032e-02 -1.09438899e-03]
solver time:  0.515184538991889
plant_input_stage0: full=[ 0.11802227 -0.99999949], pose=[1.81281076 0.07654188 0.09890556]
solver time:  0.4781601430149749
plant_input_stage0: full=[-0.00193821 -0.99999919], pose=[ 1.82455531e+00  7.77072822e-02 -1.09438816e-03]
solver time:  0.35009949398227036
plant_input_stage0: full=[-0.11205338  0.99999375], pose=[ 1.82436149  0.07770749 -0.10109431]
solver time:  0.39076832300634123
plant_input_stage0: full=[0.00155119 0.99999865], pose=[ 1.81321336e+00  7.88383617e-02 -1.09493170e-03]
solver time:  0.3514120489999186
plant_input_stage0: full=[ 0.10369592 -0.99999484], pose=[1.81336848 0.07883819 0.09890493]
solver time:  0.3765949520166032
plant_input_stage0: full=[ 8.59716945e-04 -9.99994564e-01], pose=[ 1.82368740e+00  7.98621244e-02 -1.09455003e-03]
solver time:  0.35923227001330815
plant_input_stage0: full=[-0.09608111  0.99999634], pose=[ 1.82377337  0.07986203 -0.10109401]
solver time:  0.35895986200193875
plant_input_stage0: full=[0.00138785 0.89236585], pose=[ 1.81421431e+00  8.08316991e-02 -1.09437263e-03]
solver time:  0.3466262730071321
plant_input_stage0: full=[ 0.08365863 -0.99999641], pose=[1.8143531  0.08083155 0.08814221]
solver time:  0.3517623269872274
plant_input_stage0: full=[-0.01450321 -0.53111504], pose=[ 1.82268649  0.08156798 -0.01185743]
solver time:  0.3382713610189967
plant_input_stage0: full=[-0.0593834  0.9999975], pose=[ 1.82123627  0.08158518 -0.06496893]
solver time:  0.4033122539985925
plant_input_stage0: full=[ 0.05221806 -0.9333625 ], pose=[1.81531045 0.08197071 0.03503082]
solver time:  0.34811751000233926
plant_input_stage0: full=[-0.05138602  0.9999961 ], pose=[ 1.82052906  0.0821536  -0.05830543]
solver time:  0.3656187409942504
plant_input_stage0: full=[ 0.05218957 -0.88724684], pose=[1.81539919 0.08245304 0.04169418]
solver time:  0.38389846798963845
plant_input_stage0: full=[-0.0469769   0.99993352], pose=[ 1.82061361  0.08267057 -0.04703051]
solver time:  0.3639843460114207
plant_input_stage0: full=[ 0.05302376 -0.95615281], pose=[1.81592111 0.08289143 0.05296284]
solver time:  0.3617346980026923
plant_input_stage0: full=[-0.04244828  0.71770318], pose=[ 1.82121605  0.08317212 -0.04265244]
solver time:  0.33887013999628834
plant_input_stage0: full=[ 0.02908891 -0.47326647], pose=[1.81697509 0.08335312 0.02911788]
solver time:  0.3417590009921696
plant_input_stage0: full=[-0.01822546  0.29210658], pose=[ 1.81988274  0.08343781 -0.01820877]
solver time:  0.3366520529962145
plant_input_stage0: full=[ 0.01102041 -0.17566202], pose=[1.8180605  0.083471   0.01100189]
solver time:  0.331758648972027
plant_input_stage0: full=[-0.00657711  0.10463233], pose=[ 1.81916247  0.08348312 -0.00656431]
solver time:  0.35160105300019495
plant_input_stage0: full=[ 0.00390699 -0.06211168], pose=[1.81850478 0.08348744 0.00389892]
solver time:  0.34576225600903854
plant_input_stage0: full=[-0.00231703  0.03682627], pose=[ 1.81889547  0.08348896 -0.00231224]
solver time:  0.3484917749883607
plant_input_stage0: full=[ 0.00137329 -0.02182481], pose=[1.81866377e+00 8.34894962e-02 1.37038335e-03]
solver time:  0.3449732030276209
plant_input_stage0: full=[-0.00081376  0.01293219], pose=[ 1.81880110e+00  8.34896844e-02 -8.12097629e-04]
solver time:  0.3514733449846972
plant_input_stage0: full=[ 0.00048218 -0.00766273], pose=[1.81871972e+00 8.34897504e-02 4.81120944e-04]
solver time:  0.3474027960037347
plant_input_stage0: full=[-0.00028571  0.00454034], pose=[ 1.81876794e+00  8.34897736e-02 -2.85151695e-04]
solver time:  0.35021610200055875
plant_input_stage0: full=[ 0.00016929 -0.00269024], pose=[1.81873937e+00 8.34897818e-02 1.68882616e-04]
solver time:  0.3514405909809284
plant_input_stage0: full=[-0.00010031  0.00159402], pose=[ 1.81875630e+00  8.34897846e-02 -1.00141511e-04]
solver time:  0.34922667799401097
plant_input_stage0: full=[ 5.9432670e-05 -9.4448276e-04], pose=[1.81874627e+00 8.34897857e-02 5.92601363e-05]
실패 조건 충족으로 시뮬레이션 종료: stuck_for_4.00s_disp_0.0298m_le_0.0300m
Using obca optimizer with differential_drive dynamics:
median:  0.4299954589805566
std:  0.2361665531860371
min:  0.331758648972027
max:  2.2297517510014586
Simulation finished.
Run outcome: status=failure, reason=stuck_for_4.00s_disp_0.0298m_le_0.0300m, final_time=18.499999999999993, distance_to_goal=0.010260214235004814
Trial history saved to /home/taekwon/projects/psdf_mpcc/benchmark_runs/dcbf_obca_maze_h12_trials3_20260917_005304/runs/config02/trial_0002/data/trial_history_MPC_OBCA_rectangle_maze_startseed1.csv
Single test completed.
[Trials] Saved: status=failure, successful solver steps=185

[Trials] maze / dcbf trial 3/3, seed=2
Running single test...
Start perturbation: seed=2, pose=[0.07878106763587066, 0.784545031170385, -1.5914495039644911], delta=[0.003781067635870661, -0.010454968829614948, -0.020653177169594677], clearance=0.024680 m, attempts=1
Start pose saved to /home/taekwon/projects/psdf_mpcc/benchmark_runs/dcbf_obca_maze_h12_trials3_20260917_005304/runs/config01/trial_0003/data/start_pose_MPC_DCBF_rectangle_maze_startseed2.json
Trial failure criteria enabled: movement_window_sec=4.0, movement_threshold=0.03, max_consecutive_solver_failures=20
generating global path with A* + Line of Sight
시작 위치: [0.07878107 0.78454503]
목적지: [1.8  0.09]
도착 판정 기준: position <= 0.01m, angle <= 0.01rad
solver time:  0.11600874600117095
plant_input_stage0: full=[0.06167697 0.99999745], pose=[ 0.07878107  0.78454503 -1.5914495 ]
solver time:  0.1145305990066845
plant_input_stage0: full=[0.05947144 0.51783809], pose=[ 0.07865369  0.77837865 -1.49144976]
solver time:  0.1161182310024742
plant_input_stage0: full=[0.05679301 0.19766283], pose=[ 0.07912508  0.77245022 -1.43966595]
solver time:  0.11041758299688809
plant_input_stage0: full=[ 0.05497646 -0.01070846], pose=[ 0.07986768  0.76681967 -1.41989967]
solver time:  0.12123257701750845
plant_input_stage0: full=[ 0.05481488 -0.02988048], pose=[ 0.08069411  0.7613845  -1.42097051]
solver time:  0.12002240799483843
plant_input_stage0: full=[ 0.05465457 -0.028562  ], pose=[ 0.08151231  0.75596442 -1.42395856]
solver time:  0.12069065001560375
plant_input_stage0: full=[ 0.05449642 -0.0273064 ], pose=[ 0.08231197  0.75055778 -1.42681476]
solver time:  0.12314059300115332
plant_input_stage0: full=[ 0.05434028 -0.0261049 ], pose=[ 0.08309391  0.74516453 -1.4295454 ]
solver time:  0.12571431300602853
plant_input_stage0: full=[ 0.05415762 -0.01398845], pose=[ 0.08385892  0.73978462 -1.43215589]
solver time:  0.12730947099043988
plant_input_stage0: full=[0.05390074 0.01597441], pose=[ 0.08460736  0.73442082 -1.43355473]
solver time:  0.13172825300716795
plant_input_stage0: full=[0.0536034  0.03191986], pose=[ 0.08534478  0.72908143 -1.43195729]
solver time:  0.13402165300794877
plant_input_stage0: full=[0.05324299 0.05305595], pose=[ 0.08608662  0.72377267 -1.42876531]
solver time:  0.13174076701398008
plant_input_stage0: full=[0.05282204 0.06740408], pose=[ 0.08684029  0.71850199 -1.42345971]
solver time:  0.13380071698338725
plant_input_stage0: full=[0.05234133 0.06679992], pose=[ 0.08761574  0.71327701 -1.4167193 ]
solver time:  0.12847117200726643
plant_input_stage0: full=[0.05178459 0.02703268], pose=[ 0.08841901  0.70810488 -1.41003931]
solver time:  0.12510543101234362
plant_input_stage0: full=[ 0.05117664 -0.00363997], pose=[ 0.08924791  0.70299319 -1.40733604]
solver time:  0.12623608100693673
plant_input_stage0: full=[ 0.05041381 -0.02578295], pose=[ 0.09008072  0.69794375 -1.40770004]
solver time:  0.12861065100878477
plant_input_stage0: full=[ 0.04970155 -0.04145918], pose=[ 0.09089931  0.69296927 -1.41027834]
solver time:  0.1284262260014657
plant_input_stage0: full=[ 0.0489033  -0.05199686], pose=[ 0.09169369  0.68806301 -1.41442425]
solver time:  0.12895810301415622
plant_input_stage0: full=[ 0.04808793 -0.05809094], pose=[ 0.09245529  0.68323235 -1.41962394]
solver time:  0.1286419450188987
plant_input_stage0: full=[ 0.04722958 -0.06171901], pose=[ 0.09317948  0.6784784  -1.42543303]
solver time:  0.1289439370157197
plant_input_stage0: full=[ 0.0463473  -0.06347047], pose=[ 0.09386361  0.67380525 -1.43160494]
solver time:  0.12624082301044837
plant_input_stage0: full=[0.04543741 0.00662647], pose=[ 0.09450664  0.66921534 -1.43795198]
solver time:  0.12634073200752027
plant_input_stage0: full=[0.04447362 0.0194732 ], pose=[ 0.09510848  0.66471164 -1.43728934]
solver time:  0.12541988299926743
plant_input_stage0: full=[0.04352177 0.01590125], pose=[ 0.09570047  0.66030385 -1.43534202]
solver time:  0.12843084198539145
plant_input_stage0: full=[0.04251008 0.01267862], pose=[ 0.09628819  0.65599154 -1.43375189]
solver time:  0.12803748899023049
plant_input_stage0: full=[0.04152276 0.01351577], pose=[ 0.09686894  0.65178039 -1.43248403]
solver time:  0.12868114301818423
plant_input_stage0: full=[0.04047376 0.01138332], pose=[ 0.09744143  0.64766777 -1.43113245]
solver time:  0.1317841819836758
plant_input_stage0: full=[0.03943936 0.00946398], pose=[ 0.09800486  0.6436598  -1.42999412]
solver time:  0.1351013410021551
plant_input_stage0: full=[0.03839325 0.00773774], pose=[ 0.09855834  0.6397549  -1.42904772]
solver time:  0.13634352799272165
plant_input_stage0: full=[0.03731474 0.00621341], pose=[ 0.09910074  0.63595408 -1.42827395]
solver time:  0.13164578899159096
plant_input_stage0: full=[0.03626716 0.00490813], pose=[ 0.09963076  0.63226044 -1.42765261]
solver time:  0.12900217200512998
plant_input_stage0: full=[0.04244159 0.00392024], pose=[ 0.10014813  0.62867081 -1.42716179]
solver time:  0.13154411999857984
plant_input_stage0: full=[0.0404565  0.00310729], pose=[ 0.10075565  0.62447036 -1.42676977]
solver time:  0.13571317700552754
plant_input_stage0: full=[0.03857938 0.00246044], pose=[ 0.10133632  0.6204666  -1.42645904]
solver time:  0.13458080700365826
plant_input_stage0: full=[0.03683055 0.00195478], pose=[ 0.10189123  0.61664878 -1.426213  ]
solver time:  0.14045962199452333
plant_input_stage0: full=[0.03742879 0.0015883 ], pose=[ 0.10242188  0.61300415 -1.42601752]
solver time:  0.1437856930133421
plant_input_stage0: full=[0.03978742 0.00137223], pose=[ 0.10296188  0.60930043 -1.42585869]
solver time:  0.15100843901745975
plant_input_stage0: full=[0.04271458 0.00137667], pose=[ 0.10353653  0.60536341 -1.42572147]
solver time:  0.1638821639935486
plant_input_stage0: full=[ 0.0454919  -0.03322243], pose=[ 0.10415404  0.60113682 -1.4255838 ]
solver time:  0.19752990498091094
plant_input_stage0: full=[0.04924232 0.84296394], pose=[ 0.10481232  0.59663551 -1.42890604]
solver time:  0.18768512801034376
plant_input_stage0: full=[0.04563102 0.99999955], pose=[ 0.10550868  0.59176076 -1.34460965]
solver time:  0.19139441999141127
plant_input_stage0: full=[0.04500496 0.99999973], pose=[ 0.10653202  0.58731389 -1.24460969]
solver time:  0.1852310620015487
plant_input_stage0: full=[0.04461963 0.9999998 ], pose=[ 0.10797413  0.5830507  -1.14460972]
solver time:  0.1703042809967883
plant_input_stage0: full=[0.04450024 0.99999983], pose=[ 0.10981871  0.57898786 -1.04460974]
solver time:  0.20157272898359224
plant_input_stage0: full=[0.04455357 0.99999984], pose=[ 0.11205369  0.5751398  -0.94460976]
solver time:  0.2020590659813024
plant_input_stage0: full=[0.04471725 0.99999985], pose=[ 0.11466479  0.57152977 -0.84460977]
solver time:  0.1818362320191227
plant_input_stage0: full=[0.04493921 0.99999986], pose=[ 0.11763412  0.5681862  -0.74460979]
solver time:  0.17265456198947504
plant_input_stage0: full=[0.04620849 0.99999995], pose=[ 0.12093873  0.56514074 -0.6446098 ]
solver time:  0.15936433398746885
plant_input_stage0: full=[0.0484525  0.99999979], pose=[ 0.12463234  0.56236414 -0.54460981]
solver time:  0.15460680599790066
plant_input_stage0: full=[0.05043079 0.99999969], pose=[ 0.12877662  0.55985389 -0.44460983]
solver time:  0.14601122098974884
plant_input_stage0: full=[0.05208867 0.9999995 ], pose=[ 0.1333294   0.55768483 -0.34460986]
solver time:  0.14668649301165715
plant_input_stage0: full=[0.05339821 0.99999898], pose=[ 0.13823203  0.55592512 -0.24460991]
solver time:  0.17015569598879665
plant_input_stage0: full=[0.05429905 0.9999967 ], pose=[ 0.14341289  0.55463193 -0.14461001]
solver time:  0.1631579360109754
plant_input_stage0: full=[0.05474823 0.5052755 ], pose=[ 0.14878612  0.55384945 -0.04461034]
solver time:  0.15910720400279388
plant_input_stage0: full=[0.05470081 0.01745592], pose=[0.1542555  0.5536053  0.00591721]
solver time:  0.14927258499665186
plant_input_stage0: full=[0.07649583 0.00910923], pose=[0.15972548 0.55363766 0.0076628 ]
solver time:  0.14941000699764118
plant_input_stage0: full=[0.07285885 0.00514517], pose=[0.16737484 0.55369628 0.00857373]
solver time:  0.15459102499880828
plant_input_stage0: full=[0.06939317 0.00185804], pose=[0.17466046 0.55375875 0.00908824]
solver time:  0.1737699280201923
plant_input_stage0: full=[0.06609077 0.00167986], pose=[0.18159949 0.55382181 0.00927405]
solver time:  0.14617478899890557
plant_input_stage0: full=[ 0.06294564 -0.00022034], pose=[0.18820828 0.55388311 0.00944203]
solver time:  0.14920976900612004
plant_input_stage0: full=[ 0.05994931 -0.00159849], pose=[0.19450256 0.55394254 0.00942   ]
solver time:  0.1440475629933644
plant_input_stage0: full=[ 0.05709988 -0.00257297], pose=[0.20049723 0.55399901 0.00926015]
solver time:  0.13776099297683686
plant_input_stage0: full=[ 0.05540364 -0.00334071], pose=[0.20620697 0.55405188 0.00900285]
solver time:  0.14054985498660244
plant_input_stage0: full=[ 0.05528964 -0.00397541], pose=[0.21174711 0.55410176 0.00866878]
solver time:  0.13820431398926303
plant_input_stage0: full=[ 0.05517523 -0.00432246], pose=[0.21727587 0.55414969 0.00827124]
solver time:  0.1350830770097673
plant_input_stage0: full=[ 0.05506055 -0.00136602], pose=[0.2227932  0.55419533 0.00783899]
solver time:  0.13778020499739796
plant_input_stage0: full=[0.05494413 0.00107434], pose=[0.22829909 0.55423849 0.00770239]
solver time:  0.1379498399910517
plant_input_stage0: full=[0.05482978 0.00062122], pose=[0.23379334 0.55428081 0.00780983]
solver time:  0.13895077898632735
plant_input_stage0: full=[0.05471568 0.00036955], pose=[0.23927615 0.55432363 0.00787195]
solver time:  0.14047351299086586
plant_input_stage0: full=[0.0546021  0.00023525], pose=[0.24474755 0.5543667  0.0079089 ]
solver time:  0.14076111200847663
plant_input_stage0: full=[0.05448947 0.00015669], pose=[0.25020759 0.55440988 0.00793243]
solver time:  0.14347956600249745
plant_input_stage0: full=[0.0543786  0.00011186], pose=[0.25565636 0.55445311 0.0079481 ]
solver time:  0.14698099900851957
plant_input_stage0: full=[5.42717523e-02 9.09080598e-05], pose=[0.26109405 0.55449633 0.00795928]
solver time:  0.16306675499072298
plant_input_stage0: full=[5.41787631e-02 8.76594852e-05], pose=[0.26652105 0.55453952 0.00796838]
solver time:  0.19152351998491213
plant_input_stage0: full=[0.05473208 0.00011359], pose=[0.27193876 0.55458269 0.00797714]
solver time:  0.2394226749893278
plant_input_stage0: full=[0.05519826 0.00020491], pose=[0.27741179 0.55462635 0.0079885 ]
solver time:  0.3370526309881825
plant_input_stage0: full=[ 5.53221689e-02 -3.63863551e-05], pose=[0.28293144 0.55467045 0.00800899]
solver time:  0.2645907919795718
plant_input_stage0: full=[ 0.05492902 -0.0863679 ], pose=[0.28846348 0.55471476 0.00800535]
solver time:  0.19227498202235438
plant_input_stage0: full=[0.05563715 0.37986125], pose=[ 0.29395621  0.55475873 -0.00063144]
solver time:  0.19016745599219576
plant_input_stage0: full=[ 0.01178211 -0.20272073], pose=[0.29951992 0.55475522 0.03735469]
solver time:  0.17142810701625422
plant_input_stage0: full=[0.05350386 0.99999925], pose=[0.30069731 0.55479922 0.01708261]
solver time:  0.2694747420027852
plant_input_stage0: full=[0.05481031 0.99999783], pose=[0.30604691 0.55489061 0.11708254]
solver time:  0.2595934679848142
plant_input_stage0: full=[0.05563194 0.97676088], pose=[0.31149042 0.55553088 0.21708232]
solver time:  0.1710087689862121
plant_input_stage0: full=[ 0.05590264 -0.04140048], pose=[0.31692305 0.55672909 0.31475841]
solver time:  0.16565870097838342
plant_input_stage0: full=[ 0.0558793 -0.0392582], pose=[0.32223867 0.55845976 0.31061836]
solver time:  0.16760177799733356
plant_input_stage0: full=[ 0.05585793 -0.03744472], pose=[0.32755919 0.5601677  0.30669254]
solver time:  0.1671805910009425
plant_input_stage0: full=[ 0.05583831 -0.03592227], pose=[0.33288433 0.56185409 0.30294807]
solver time:  0.16715840398683213
plant_input_stage0: full=[ 0.0558202  -0.03555611], pose=[0.33821388 0.56351994 0.29935584]
solver time:  0.16580756299663335
plant_input_stage0: full=[ 0.05580348 -0.03585301], pose=[0.34354765 0.5651661  0.29580023]
solver time:  0.16656028901343234
plant_input_stage0: full=[ 0.05578815 -0.03316927], pose=[0.34888564 0.56679281 0.29221493]
solver time:  0.16308833900257014
plant_input_stage0: full=[ 0.05577428 -0.02482487], pose=[0.35422796 0.56839992 0.288898  ]
solver time:  0.2006372449977789
plant_input_stage0: full=[ 0.05576185 -0.0169534 ], pose=[0.35957425 0.5699889  0.28641552]
solver time:  0.18148027997813188
plant_input_stage0: full=[ 0.05575449 -0.0119483 ], pose=[0.36492327 0.57156426 0.28472018]
solver time:  0.20325656200293452
plant_input_stage0: full=[ 0.05573943 -0.00835066], pose=[0.37027425 0.57313035 0.28352535]
solver time:  0.20171871298225597
plant_input_stage0: full=[ 0.05572879 -0.00539975], pose=[0.37562566 0.57468961 0.28269028]
solver time:  0.20118263000040315
plant_input_stage0: full=[ 0.05571839 -0.08772538], pose=[0.38097734 0.57624411 0.28215031]
solver time:  0.1463358660112135
plant_input_stage0: full=[ 0.05570998 -0.02181223], pose=[0.38632886 0.57779543 0.27337777]
solver time:  0.1452784670109395
plant_input_stage0: full=[ 0.05570224 -0.01861683], pose=[0.39169298 0.57929952 0.27119654]
solver time:  0.14309515999048017
plant_input_stage0: full=[ 0.05569502 -0.01588567], pose=[0.39705962 0.5807917  0.26933486]
solver time:  0.14266439498169348
plant_input_stage0: full=[ 0.05568818 -0.01211173], pose=[0.40242833 0.58227369 0.26774629]
solver time:  0.15451468198443763
plant_input_stage0: full=[ 0.05568165 -0.01049219], pose=[0.40779873 0.58374697 0.26653512]
solver time:  0.15422164602205157
plant_input_stage0: full=[ 0.05567527 -0.00609106], pose=[0.41317028 0.58521357 0.2654859 ]
solver time:  0.1501417599793058
plant_input_stage0: full=[ 0.05566904 -0.00495675], pose=[0.41854275 0.58667436 0.2648768 ]
solver time:  0.1501179629995022
plant_input_stage0: full=[ 0.05566282 -0.00112537], pose=[0.4239155  0.58813173 0.26438112]
solver time:  0.15021058000274934
plant_input_stage0: full=[ 0.05565272 -0.00705199], pose=[0.42928838 0.58958626 0.26426858]
solver time:  0.15135615301551297
plant_input_stage0: full=[ 0.05564    -0.00883725], pose=[0.43466045 0.59103993 0.26356338]
solver time:  0.15457721901475452
plant_input_stage0: full=[ 0.05562733 -0.00597906], pose=[0.44003231 0.59248948 0.26267966]
solver time:  0.15529181397869252
plant_input_stage0: full=[ 0.05561471 -0.00369692], pose=[0.44540423 0.59393395 0.26208175]
solver time:  0.15023290200042538
plant_input_stage0: full=[ 5.56020347e-02 -7.91797449e-05], pose=[0.45077579 0.59537488 0.26171206]
solver time:  0.15362021201872267
plant_input_stage0: full=[0.05558935 0.0010704 ], pose=[0.45614666 0.5968135  0.26170414]
solver time:  0.15396932300063781
plant_input_stage0: full=[0.05557648 0.00554245], pose=[0.46151632 0.59825174 0.26181118]
solver time:  0.15391616799752228
plant_input_stage0: full=[0.05556357 0.00625826], pose=[0.46688458 0.59969023 0.26236543]
solver time:  0.16383619702537544
plant_input_stage0: full=[0.05555047 0.01018472], pose=[0.47225079 0.60113136 0.26299125]
solver time:  0.16732374500134028
plant_input_stage0: full=[0.05553708 0.01149229], pose=[0.47761484 0.60257551 0.26400973]
solver time:  0.2038451810076367
plant_input_stage0: full=[0.05475998 0.09639842], pose=[0.48297612 0.60402477 0.26515896]
solver time:  0.17588149599032477
plant_input_stage0: full=[0.05295356 0.15790627], pose=[0.48826073 0.60545982 0.2747988 ]
solver time:  0.17375466699013487
plant_input_stage0: full=[ 0.05044014 -0.20904255], pose=[0.49335741 0.60689673 0.29058942]
solver time:  0.17696057699504308
plant_input_stage0: full=[ 0.04953517 -0.50159794], pose=[0.49818995 0.60834193 0.26968517]
solver time:  0.17212070399546064
plant_input_stage0: full=[ 0.04292156 -0.47272179], pose=[0.50296442 0.60966168 0.21952538]
solver time:  0.1741780049924273
plant_input_stage0: full=[ 0.03679906 -0.42007401], pose=[0.50715357 0.61059637 0.1722532 ]
solver time:  0.1700198730104603
plant_input_stage0: full=[ 0.03183731 -0.37729274], pose=[0.51077902 0.61122712 0.1302458 ]
solver time:  0.16874883801210672
plant_input_stage0: full=[ 0.02691918 -0.32043969], pose=[0.51393578 0.61164061 0.09251652]
solver time:  0.17086033101077192
plant_input_stage0: full=[ 0.02217665 -0.25935823], pose=[0.51661619 0.61188931 0.06047255]
solver time:  0.16817982599604875
plant_input_stage0: full=[ 0.01761269 -0.19673541], pose=[0.5188298  0.61202333 0.03453673]
solver time:  0.16586940898559988
plant_input_stage0: full=[ 0.01389029 -0.14863491], pose=[0.52059002 0.61208415 0.01486319]
solver time:  0.16105148798669688
plant_input_stage0: full=[ 0.01037073 -0.43621639], pose=[ 5.21978894e-01  6.12104793e-01 -3.02335383e-07]
solver time:  0.16192393697565421
plant_input_stage0: full=[ 0.00747659 -0.38778356], pose=[ 0.52301597  0.61210479 -0.04362194]
solver time:  0.1626038160175085
plant_input_stage0: full=[ 0.0050645  -0.28969097], pose=[ 0.52376291  0.61207219 -0.0824003 ]
solver time:  0.16150439699413255
plant_input_stage0: full=[ 0.00341595 -0.14024302], pose=[ 0.52426765  0.6120305  -0.11136939]
solver time:  0.16144080500816926
plant_input_stage0: full=[ 0.00253199 -0.07573643], pose=[ 0.52460713  0.61199254 -0.1253937 ]
solver time:  0.1605173480056692
plant_input_stage0: full=[ 0.00195726 -0.05490409], pose=[ 0.52485834  0.61196087 -0.13296734]
solver time:  0.16259206298855133
plant_input_stage0: full=[ 0.00149805 -0.04173337], pose=[ 0.52505234  0.61193492 -0.13845775]
solver time:  0.16048845299519598
plant_input_stage0: full=[ 0.00127636 -0.02696617], pose=[ 0.52520071  0.61191425 -0.14263108]
solver time:  0.16198524099308997
plant_input_stage0: full=[ 0.00101043 -0.02666304], pose=[ 0.52532705  0.61189611 -0.1453277 ]
solver time:  0.16129871999146417
plant_input_stage0: full=[ 0.00078607 -0.0200667 ], pose=[ 0.52542702  0.61188147 -0.14799401]
solver time:  0.16135201399447396
plant_input_stage0: full=[ 0.00060134 -0.01529917], pose=[ 0.52550477  0.61186988 -0.15000068]
solver time:  0.16112038600840606
plant_input_stage0: full=[ 0.00044931 -0.01136426], pose=[ 0.52556423  0.6118609  -0.15153059]
solver time:  0.16195903302286752
plant_input_stage0: full=[ 0.00032693 -0.00821492], pose=[ 0.52560865  0.61185411 -0.15266702]
solver time:  0.16130304799298756
plant_input_stage0: full=[ 0.00023178 -0.00578219], pose=[ 0.52564096  0.61184914 -0.15348851]
solver time:  0.1633647840062622
plant_input_stage0: full=[ 0.00011975 -0.00353558], pose=[ 0.52566387  0.6118456  -0.15406673]
solver time:  0.16514734798693098
plant_input_stage0: full=[ 8.10784902e-05 -1.96209320e-03], pose=[ 0.5256757   0.61184376 -0.15442029]
solver time:  0.1645703759859316
plant_input_stage0: full=[ 5.44493069e-05 -1.32563037e-03], pose=[ 0.52568371  0.61184251 -0.1546165 ]
solver time:  0.16334764400380664
plant_input_stage0: full=[ 3.63039697e-05 -8.81271791e-04], pose=[ 0.52568909  0.61184167 -0.15474906]
solver time:  0.16661869798554108
plant_input_stage0: full=[ 2.40870010e-05 -5.83680497e-04], pose=[ 0.52569268  0.61184111 -0.15483719]
solver time:  0.16418533399701118
plant_input_stage0: full=[ 1.59280084e-05 -3.85500660e-04], pose=[ 0.52569506  0.61184074 -0.15489556]
solver time:  0.16328325399081223
plant_input_stage0: full=[ 1.05091228e-05 -2.54139886e-04], pose=[ 0.52569663  0.6118405  -0.15493411]
solver time:  0.16180326900212094
plant_input_stage0: full=[ 6.92344633e-06 -1.67336040e-04], pose=[ 0.52569767  0.61184034 -0.15495952]
solver time:  0.16345883900066838
plant_input_stage0: full=[ 4.55667057e-06 -1.10091978e-04], pose=[ 0.52569835  0.61184023 -0.15497625]
solver time:  0.16595446798601188
plant_input_stage0: full=[ 2.99701066e-06 -7.23920605e-05], pose=[ 0.5256988   0.61184016 -0.15498726]
solver time:  0.1672308669949416
plant_input_stage0: full=[ 1.97033999e-06 -4.75854540e-05], pose=[ 0.5256991   0.61184011 -0.1549945 ]
solver time:  0.16681379298097454
plant_input_stage0: full=[ 1.29500180e-06 -3.12721345e-05], pose=[ 0.52569929  0.61184008 -0.15499926]
solver time:  0.1644891000178177
plant_input_stage0: full=[ 8.50977685e-07 -2.05482629e-05], pose=[ 0.52569942  0.61184006 -0.15500239]
solver time:  0.16491785700782202
plant_input_stage0: full=[ 5.59129545e-07 -1.35004891e-05], pose=[ 0.52569951  0.61184005 -0.15500444]
solver time:  0.17399362500873394
plant_input_stage0: full=[ 3.67342788e-07 -8.86942586e-06], pose=[ 0.52569956  0.61184004 -0.15500579]
solver time:  0.16440399902057834
plant_input_stage0: full=[ 2.41327863e-07 -5.82670288e-06], pose=[ 0.5256996   0.61184003 -0.15500668]
solver time:  0.16468963600345887
plant_input_stage0: full=[ 1.58536115e-07 -3.82770066e-06], pose=[ 0.52569962  0.61184003 -0.15500726]
solver time:  0.16433743300149217
plant_input_stage0: full=[ 1.04145132e-07 -2.51446166e-06], pose=[ 0.52569964  0.61184003 -0.15500765]
실패 조건 충족으로 시뮬레이션 종료: stuck_for_4.00s_disp_0.0277m_le_0.0300m
Using dcbf optimizer with differential_drive dynamics:
median:  0.16078441799618304
std:  0.030060845144603828
min:  0.11041758299688809
max:  0.3370526309881825
Simulation finished.
Run outcome: status=failure, reason=stuck_for_4.00s_disp_0.0277m_le_0.0300m, final_time=15.79999999999996, distance_to_goal=1.3929811516199655
Trial history saved to /home/taekwon/projects/psdf_mpcc/benchmark_runs/dcbf_obca_maze_h12_trials3_20260917_005304/runs/config01/trial_0003/data/trial_history_MPC_DCBF_rectangle_maze_startseed2.csv
Single test completed.
[Trials] Saved: status=failure, successful solver steps=158

[Trials] maze / obca trial 3/3, seed=2
Running single test...
Start perturbation: seed=2, pose=[0.07878106763587066, 0.784545031170385, -1.5914495039644911], delta=[0.003781067635870661, -0.010454968829614948, -0.020653177169594677], clearance=0.024680 m, attempts=1
Start pose saved to /home/taekwon/projects/psdf_mpcc/benchmark_runs/dcbf_obca_maze_h12_trials3_20260917_005304/runs/config02/trial_0003/data/start_pose_MPC_OBCA_rectangle_maze_startseed2.json
Trial failure criteria enabled: movement_window_sec=4.0, movement_threshold=0.03, max_consecutive_solver_failures=20
generating global path with A* + Line of Sight
시작 위치: [0.07878107 0.78454503]
목적지: [1.8  0.09]
도착 판정 기준: position <= 0.01m, angle <= 0.01rad
solver time:  0.36034999100957066
plant_input_stage0: full=[0.45960776 0.99999993], pose=[ 0.07878107  0.78454503 -1.5914495 ]
solver time:  0.37135208200197667
plant_input_stage0: full=[0.39901693 0.9999533 ], pose=[ 0.0778319   0.73859406 -1.49144951]
solver time:  0.4589931950031314
plant_input_stage0: full=[ 0.40338724 -0.99999996], pose=[ 0.08099465  0.69881791 -1.39145418]
solver time:  0.4144150859792717
plant_input_stage0: full=[0.31028443 1.00000001], pose=[ 0.08819036  0.65912617 -1.49145418]
solver time:  0.42959907598560676
plant_input_stage0: full=[0.07847348 1.00000001], pose=[ 0.09064965  0.62819534 -1.39145418]
solver time:  0.4430855859827716
plant_input_stage0: full=[0.12745438 1.00000001], pose=[ 0.09204947  0.62047385 -1.29145418]
solver time:  0.44057392299873754
plant_input_stage0: full=[0.13463703 1.00000001], pose=[ 0.09556369  0.60822246 -1.19145417]
solver time:  0.5161595520039555
plant_input_stage0: full=[0.13754754 1.00000001], pose=[ 0.10054943  0.59571592 -1.09145417]
solver time:  0.476763762999326
plant_input_stage0: full=[0.12058723 1.00000001], pose=[ 0.10689306  0.58351134 -0.99145417]
solver time:  0.40126547002000734
plant_input_stage0: full=[0.10965994 1.00000001], pose=[ 0.11349489  0.57342033 -0.89145417]
solver time:  0.3689407060155645
plant_input_stage0: full=[0.1244727  1.00000001], pose=[ 0.12038462  0.56488894 -0.79145417]
solver time:  0.3596332269953564
plant_input_stage0: full=[0.13583775 1.00000001], pose=[ 0.1291327   0.55603425 -0.69145417]
solver time:  0.35960765701020136
plant_input_stage0: full=[0.14435531 1.00000001], pose=[ 0.13959655  0.54737244 -0.59145417]
solver time:  0.3359792169940192
plant_input_stage0: full=[0.14671648 1.00000001], pose=[ 0.15157993  0.53932364 -0.49145417]
solver time:  0.3909807450254448
plant_input_stage0: full=[0.26192217 1.00000001], pose=[ 0.16451515  0.53239997 -0.39145417]
solver time:  0.34759456300525926
plant_input_stage0: full=[0.17684493 1.00000001], pose=[ 0.18872607  0.52240677 -0.29145417]
solver time:  0.35336302398354746
plant_input_stage0: full=[0.13659634 1.00000001], pose=[ 0.20566475  0.51732521 -0.19145417]
solver time:  0.34636196098290384
plant_input_stage0: full=[0.14382026 1.        ], pose=[ 0.2190748   0.51472597 -0.09145417]
solver time:  0.353096581005957
plant_input_stage0: full=[0.18161902 1.00000001], pose=[0.23339673 0.5134125  0.00854583]
solver time:  0.36055640899576247
plant_input_stage0: full=[0.22246466 1.        ], pose=[0.25155797 0.51356771 0.10854584]
solver time:  0.36942384199937806
plant_input_stage0: full=[0.2728222 1.       ], pose=[0.2736735  0.51597773 0.20854584]
solver time:  0.33325522000086494
plant_input_stage0: full=[0.33228142 0.99999999], pose=[0.3003646  0.52162618 0.30854584]
solver time:  0.3419264660042245
plant_input_stage0: full=[0.40409747 0.99999995], pose=[0.33202358 0.53171668 0.40854583]
solver time:  0.3791405889787711
plant_input_stage0: full=[ 0.48187755 -0.49047318], pose=[0.36910759 0.54777047 0.50854583]
solver time:  0.3683105369855184
plant_input_stage0: full=[ 0.45241379 -0.78068414], pose=[0.41119735 0.57123346 0.45949851]
solver time:  0.42902144900290295
plant_input_stage0: full=[0.39442724 0.51031444], pose=[0.45174607 0.59129795 0.3814301 ]
solver time:  0.7431184370070696
plant_input_stage0: full=[ 0.39297388 -0.99999979], pose=[0.48835417 0.60598043 0.43246154]
solver time:  0.45286807700176723
plant_input_stage0: full=[ 0.51676162 -0.64066669], pose=[0.52403372 0.62245024 0.33246156]
solver time:  1.098881829995662
plant_input_stage0: full=[ 0.40085829 -0.56232502], pose=[0.57288019 0.63931583 0.26839489]
solver time:  0.4814225469890516
plant_input_stage0: full=[ 0.59999997 -0.99999999], pose=[0.61153085 0.64994596 0.21216239]
solver time:  0.4409184519900009
plant_input_stage0: full=[ 0.34085641 -1.        ], pose=[0.67018552 0.66258042 0.11216239]
solver time:  0.4892197749868501
plant_input_stage0: full=[ 0.26456231 -1.        ], pose=[0.70405698 0.66639553 0.01216239]
solver time:  0.5025394669792149
plant_input_stage0: full=[ 0.19269165 -1.00000001], pose=[ 0.73051126  0.66671729 -0.08783761]
solver time:  0.45822575700003654
plant_input_stage0: full=[ 0.11811791 -1.00000001], pose=[ 0.74970613  0.66502691 -0.18783761]
solver time:  0.5553243930044118
plant_input_stage0: full=[ 0.08311382 -1.        ], pose=[ 0.76131016  0.66282124 -0.28783761]
solver time:  0.6018241850251798
plant_input_stage0: full=[ 0.19700965 -1.        ], pose=[ 0.76927961  0.66046181 -0.38783761]
solver time:  0.8863632520078681
plant_input_stage0: full=[ 0.17666024 -1.        ], pose=[ 0.78751737  0.65301115 -0.48783761]
solver time:  0.8445318809826858
plant_input_stage0: full=[ 0.10635765 -1.        ], pose=[ 0.80312262  0.64473079 -0.58783761]
solver time:  0.7017830320110079
plant_input_stage0: full=[ 0.0404611 -1.       ], pose=[ 0.81197309  0.63883258 -0.68783761]
solver time:  0.5817051080230158
plant_input_stage0: full=[ 0.03632232 -0.99999999], pose=[ 0.8150992   0.63626384 -0.78783761]
solver time:  0.4870384620153345
plant_input_stage0: full=[ 0.381829  -0.8269818], pose=[ 0.8176613   0.63368921 -0.88783761]
solver time:  0.37754556300933473
plant_input_stage0: full=[0.31923055 1.        ], pose=[ 0.84175818  0.60407039 -0.97053579]
solver time:  0.4215739739884157
plant_input_stage0: full=[0.20854175 1.00000001], pose=[ 0.85979016  0.57772785 -0.87053579]
solver time:  0.4122171119961422
plant_input_stage0: full=[0.13700588 1.00000001], pose=[ 0.87322894  0.5617812  -0.77053579]
solver time:  0.39052877298672684
plant_input_stage0: full=[0.17419316 1.00000001], pose=[ 0.88305963  0.55223847 -0.67053579]
solver time:  0.4325898759998381
plant_input_stage0: full=[0.17916121 1.00000001], pose=[ 0.89670747  0.54141401 -0.57053579]
solver time:  0.37975527299568057
plant_input_stage0: full=[0.17084899 1.        ], pose=[ 0.91178588  0.53173781 -0.47053578]
solver time:  0.3931610409927089
plant_input_stage0: full=[0.15422404 1.        ], pose=[ 0.92701409  0.52399214 -0.37053578]
solver time:  0.41962998200324364
plant_input_stage0: full=[0.17280816 1.        ], pose=[ 0.94138983  0.51840745 -0.27053578]
solver time:  0.5290628439979628
plant_input_stage0: full=[0.1721648 1.       ], pose=[ 0.9580421   0.51378919 -0.17053578]
solver time:  0.5066089839965571
plant_input_stage0: full=[0.186075 1.      ], pose=[ 0.97500884  0.51086738 -0.07053578]
solver time:  0.609507270011818
plant_input_stage0: full=[0.19362903 1.        ], pose=[0.99357007 0.50955597 0.02946422]
solver time:  0.7921498179784976
plant_input_stage0: full=[0.18473396 1.        ], pose=[1.01292457 0.5101264  0.12946422]
solver time:  0.5703175840026233
plant_input_stage0: full=[0.19491871 1.00000001], pose=[1.03124337 0.51251137 0.22946422]
solver time:  1.049738030997105
plant_input_stage0: full=[0.16373497 1.00000001], pose=[1.05022432 0.51694491 0.32946422]
solver time:  0.5740651240048464
plant_input_stage0: full=[0.10991027 1.        ], pose=[1.06571719 0.52224233 0.42946422]
solver time:  0.9938837200170383
plant_input_stage0: full=[0.17565709 1.        ], pose=[1.07571011 0.52681881 0.52946422]
solver time:  0.513013198011322
plant_input_stage0: full=[0.1532908 1.       ], pose=[1.09087068 0.53569074 0.62946422]
solver time:  0.5462623330240604
plant_input_stage0: full=[0.13613338 1.        ], pose=[1.10326184 0.54471515 0.72946422]
solver time:  0.49414438399253413
plant_input_stage0: full=[0.08234874 0.99999999], pose=[1.11341101 0.55378804 0.82946422]
solver time:  0.570781326998258
plant_input_stage0: full=[0.33479433 0.99999997], pose=[1.11897178 0.55986183 0.92946422]
solver time:  0.6096196959842928
plant_input_stage0: full=[ 0.4192293 -1.       ], pose=[1.1390013  0.58668888 1.02946421]
solver time:  1.2840767500165384
plant_input_stage0: full=[ 0.19884949 -1.        ], pose=[1.16060327 0.6226178  0.92946421]
solver time:  0.5465841009863652
plant_input_stage0: full=[ 0.13031051 -1.00000001], pose=[1.17249971 0.6385516  0.82946421]
solver time:  0.46364318899577484
plant_input_stage0: full=[ 0.17023908 -1.00000001], pose=[1.1812992  0.64816291 0.72946421]
solver time:  0.4631742880155798
plant_input_stage0: full=[ 0.17266505 -1.        ], pose=[1.19399106 0.65950884 0.62946421]
solver time:  0.43340991099830717
plant_input_stage0: full=[ 0.15411908 -1.        ], pose=[1.20794832 0.66967383 0.52946421]
solver time:  0.44973259000107646
plant_input_stage0: full=[ 0.1344229 -1.       ], pose=[1.22124999 0.67745794 0.42946421]
solver time:  0.4513695780187845
plant_input_stage0: full=[ 0.18437693 -0.99999999], pose=[1.23347157 0.68305509 0.32946421]
solver time:  0.42658341498463415
plant_input_stage0: full=[ 0.269161   -0.99999998], pose=[1.25091761 0.68902035 0.22946421]
solver time:  0.49587654901552014
plant_input_stage0: full=[ 0.29396943 -0.99999997], pose=[1.2771282  0.69514257 0.12946421]
solver time:  0.4469633320113644
plant_input_stage0: full=[ 0.35366867 -0.96464616], pose=[1.30627912 0.6989378  0.02946422]
solver time:  0.4090621880022809
plant_input_stage0: full=[ 0.43651205 -0.33940816], pose=[ 1.34163064  0.69997971 -0.0670004 ]
solver time:  0.36504778801463544
plant_input_stage0: full=[0.44051695 0.99999932], pose=[ 1.3851839   0.69705725 -0.10094121]
solver time:  0.4990522930165753
plant_input_stage0: full=[0.41142262 0.99999987], pose=[ 1.42901137e+00  6.92618162e-01 -9.41282228e-04]
solver time:  0.8896489600010682
plant_input_stage0: full=[0.32937186 1.        ], pose=[1.47015361 0.69257944 0.0990587 ]
solver time:  0.7407281949999742
plant_input_stage0: full=[0.16799237 1.        ], pose=[1.50292933 0.69583682 0.1990587 ]
solver time:  0.8710205600073095
plant_input_stage0: full=[0.13777988 1.        ], pose=[1.51939683 0.69915881 0.2990587 ]
solver time:  0.7073590939980932
plant_input_stage0: full=[0.12883251 1.        ], pose=[1.53256327 0.70321809 0.3990587 ]
solver time:  1.4862880430009682
plant_input_stage0: full=[0.11881073 1.        ], pose=[1.54443425 0.7082239  0.4990587 ]
solver time:  1.3515132629836444
plant_input_stage0: full=[0.09189286 1.        ], pose=[1.55486623 0.71391017 0.5990587 ]
solver time:  0.5110064150067046
plant_input_stage0: full=[0.03774956 0.99999999], pose=[1.56245536 0.71909169 0.6990587 ]
solver time:  0.6441485749965068
plant_input_stage0: full=[0.31607455 0.99999998], pose=[1.56534489 0.72152086 0.7990587 ]
solver time:  0.4499074199993629
plant_input_stage0: full=[ 0.42956541 -0.99999998], pose=[1.58738735 0.74417392 0.8990587 ]
solver time:  0.390626918990165
plant_input_stage0: full=[ 0.21758122 -1.        ], pose=[1.61412122 0.77779779 0.7990587 ]
solver time:  0.42952554702060297
plant_input_stage0: full=[ 0.18418291 -1.00000001], pose=[1.62929494 0.79339183 0.6990587 ]
solver time:  0.42427716197562404
plant_input_stage0: full=[ 0.17621722 -1.00000001], pose=[1.64339319 0.80524396 0.5990587 ]
solver time:  0.4092740249761846
plant_input_stage0: full=[ 0.16483914 -1.        ], pose=[1.65794638 0.81518024 0.4990587 ]
solver time:  0.4178088740154635
plant_input_stage0: full=[ 0.15069596 -1.        ], pose=[1.67241981 0.82306943 0.3990587 ]
solver time:  0.42739079098100774
plant_input_stage0: full=[ 0.16177974 -1.        ], pose=[1.68630535 0.82892473 0.2990587 ]
solver time:  0.4366396219993476
plant_input_stage0: full=[ 0.16523095 -1.        ], pose=[1.70176525 0.8336911  0.1990587 ]
solver time:  0.4415226310084108
plant_input_stage0: full=[ 0.16186672 -1.        ], pose=[1.71796206 0.83695849 0.0990587 ]
solver time:  0.49849300901405513
plant_input_stage0: full=[ 0.14983983 -1.00000001], pose=[ 1.73406938e+00  8.38559300e-01 -9.41298920e-04]
solver time:  0.4939915889990516
plant_input_stage0: full=[ 0.13812958 -1.00000001], pose=[ 1.74905336  0.8385452  -0.1009413 ]
solver time:  0.5118862140225247
plant_input_stage0: full=[ 0.13884114 -1.00000001], pose=[ 1.76279601  0.83715326 -0.2009413 ]
solver time:  0.553706417005742
plant_input_stage0: full=[ 0.1749109  -1.00000001], pose=[ 1.77640076  0.83438211 -0.3009413 ]
solver time:  0.5738013319787569
plant_input_stage0: full=[ 0.12265726 -1.00000001], pose=[ 1.79310576  0.82919741 -0.4009413 ]
solver time:  0.5154553949832916
plant_input_stage0: full=[ 0.10568363 -1.00000001], pose=[ 1.80439874  0.82441028 -0.5009413 ]
solver time:  0.44331813798635267
plant_input_stage0: full=[ 0.14981868 -1.        ], pose=[ 1.81366858  0.81933481 -0.6009413 ]
solver time:  0.41300202600541525
plant_input_stage0: full=[ 0.12735955 -1.00000001], pose=[ 1.82602568  0.81086378 -0.7009413 ]
solver time:  0.3902033839840442
plant_input_stage0: full=[ 0.13968851 -1.        ], pose=[ 1.83575895  0.80264988 -0.8009413 ]
solver time:  0.3753310439933557
plant_input_stage0: full=[ 0.15928353 -1.        ], pose=[ 1.84548171  0.79262009 -0.9009413 ]
solver time:  0.3902009760204237
plant_input_stage0: full=[ 0.1795166  -0.99999999], pose=[ 1.85537118  0.78013366 -1.0009413 ]
solver time:  0.3965928179968614
plant_input_stage0: full=[ 0.20089821 -0.99999999], pose=[ 1.86505628  0.76501874 -1.1009413 ]
solver time:  0.4515118910057936
plant_input_stage0: full=[ 0.33469389 -1.        ], pose=[ 1.87415209  0.74710597 -1.2009413 ]
solver time:  0.44556851001107134
plant_input_stage0: full=[ 0.21303939 -1.        ], pose=[ 1.88625061  0.71589979 -1.3009413 ]
solver time:  0.4896895549900364
plant_input_stage0: full=[ 0.17329693 -0.99999999], pose=[ 1.89193007  0.69536685 -1.4009413 ]
solver time:  0.4245404770190362
plant_input_stage0: full=[ 0.20031841 -0.99999998], pose=[ 1.89485947  0.67828655 -1.5009413 ]
solver time:  0.4341010890202597
plant_input_stage0: full=[ 0.28691509 -0.99999996], pose=[ 1.89625766  0.65830356 -1.6009413 ]
solver time:  0.36648536400753073
plant_input_stage0: full=[ 0.39714045 -0.80093595], pose=[ 1.89539288  0.62962509 -1.70094129]
solver time:  0.40481540697510354
plant_input_stage0: full=[ 0.42012133 -0.99999758], pose=[ 1.89023888  0.5902469  -1.78103489]
solver time:  0.4778082350094337
plant_input_stage0: full=[0.46601304 0.99999963], pose=[ 1.88147123  0.54915983 -1.88103465]
solver time:  0.5373631069960538
plant_input_stage0: full=[ 0.40463234 -0.15154758], pose=[ 1.86724452  0.50478323 -1.78103468]
solver time:  0.5554443529981654
plant_input_stage0: full=[ 0.28800033 -1.        ], pose=[ 1.85880013  0.46521095 -1.79618944]
solver time:  0.6693978830007836
plant_input_stage0: full=[ 0.26181998 -0.99999998], pose=[ 1.85236362  0.43713937 -1.89618944]
solver time:  0.9146805299969856
plant_input_stage0: full=[ 0.18640596 -0.99999998], pose=[ 1.84399373  0.41233127 -1.99618944]
solver time:  1.4558311220025644
plant_input_stage0: full=[ 0.08028939 -0.99999998], pose=[ 1.83630115  0.39535199 -2.09618944]
solver time:  0.9445635790179949
plant_input_stage0: full=[ 0.02878507 -0.99999998], pose=[ 1.83227421  0.38840594 -2.19618944]
solver time:  0.596916645008605
plant_input_stage0: full=[ 0.02720371 -0.99999995], pose=[ 1.83058908  0.38607224 -2.29618943]
solver time:  0.5761135499924421
plant_input_stage0: full=[ 0.37840036 -0.96772333], pose=[ 1.82878431  0.38403675 -2.39618943]
solver time:  0.6462178470101207
plant_input_stage0: full=[0.30073957 0.99999999], pose=[ 1.8009789   0.35837106 -2.49296176]
solver time:  1.0224077750172
plant_input_stage0: full=[0.23237652 1.        ], pose=[ 1.77701262  0.34020351 -2.39296176]
solver time:  0.47440018100314774
plant_input_stage0: full=[0.18763551 1.00000001], pose=[ 1.75998822  0.32438711 -2.29296176]
solver time:  0.45001730701187626
plant_input_stage0: full=[0.1821252  1.00000001], pose=[ 1.7475853   0.31030739 -2.19296176]
solver time:  0.4730224790109787
plant_input_stage0: full=[0.17194979 1.        ], pose=[ 1.73697111  0.29550757 -2.09296176]
solver time:  0.45390933999442495
plant_input_stage0: full=[0.15124315 1.        ], pose=[ 1.72839498  0.28060397 -1.99296176]
solver time:  0.46968039899365976
plant_input_stage0: full=[0.16599794 1.        ], pose=[ 1.72219799  0.26680751 -1.89296176]
solver time:  0.4207262480049394
plant_input_stage0: full=[0.17626524 1.        ], pose=[ 1.71694214  0.25106174 -1.79296176]
solver time:  0.4852286299865227
plant_input_stage0: full=[0.17982883 1.        ], pose=[ 1.71305827  0.23386843 -1.69296176]
solver time:  0.5043676960049197
plant_input_stage0: full=[0.17451209 1.        ], pose=[ 1.71086684  0.21601957 -1.59296176]
solver time:  0.46782667201478034
plant_input_stage0: full=[0.16022592 1.        ], pose=[ 1.71048006  0.19857265 -1.49296176]
solver time:  0.5629495049943216
plant_input_stage0: full=[0.15390739 1.00000001], pose=[ 1.71172592  0.18259857 -1.39296176]
solver time:  0.5783503920247313
plant_input_stage0: full=[0.21801505 1.00000001], pose=[ 1.71444852  0.16745056 -1.29296176]
solver time:  0.5222205080208369
plant_input_stage0: full=[0.1613975  1.00000001], pose=[ 1.7204281   0.14648511 -1.19296176]
solver time:  0.5250609279901255
plant_input_stage0: full=[0.13191886 1.        ], pose=[ 1.72638219  0.13148376 -1.09296176]
solver time:  0.413417385017965
plant_input_stage0: full=[0.11379503 1.        ], pose=[ 1.73244858  0.11976946 -0.99296176]
solver time:  0.4248751550039742
plant_input_stage0: full=[0.11804253 1.        ], pose=[ 1.73866419  0.11023745 -0.89296176]
solver time:  0.35460787298507057
plant_input_stage0: full=[0.13757805 1.        ], pose=[ 1.74606673  0.10104273 -0.79296176]
solver time:  0.3574602139997296
plant_input_stage0: full=[0.12296034 1.        ], pose=[ 1.75572111  0.0912412  -0.69296176]
solver time:  0.3696846989914775
plant_input_stage0: full=[0.08406668 0.99999999], pose=[ 1.76518116  0.08338626 -0.59296176]
solver time:  0.3461693419958465
plant_input_stage0: full=[0.06438972 0.99999998], pose=[ 1.77215272  0.07868845 -0.49296176]
solver time:  0.3360042049898766
plant_input_stage0: full=[0.05368533 0.99999997], pose=[ 1.77782503  0.07564129 -0.39296176]
solver time:  0.34978870299528353
plant_input_stage0: full=[0.0488947  0.99999996], pose=[ 1.78278437  0.07358554 -0.29296176]
solver time:  0.3646380499994848
plant_input_stage0: full=[0.04709327 0.99999998], pose=[ 1.78746551  0.07217351 -0.19296177]
solver time:  0.3708446009841282
plant_input_stage0: full=[0.05470836 0.99999997], pose=[ 1.79208744  0.07127042 -0.09296177]
solver time:  0.43005971601814963
plant_input_stage0: full=[0.08658861 0.99999977], pose=[1.79753465 0.07076257 0.00703823]
solver time:  0.4722655839868821
plant_input_stage0: full=[ 0.18247313 -0.99999961], pose=[1.8061933  0.07082352 0.1070382 ]
solver time:  0.44759994599735364
plant_input_stage0: full=[ 0.00896138 -0.99999958], pose=[1.82433618 0.07277295 0.00703824]
solver time:  0.41924354899674654
plant_input_stage0: full=[-0.13647334  0.99999952], pose=[ 1.82523229  0.07277926 -0.09296172]
solver time:  0.48508080502506346
plant_input_stage0: full=[0.00486199 0.99999944], pose=[1.81164389 0.07404611 0.00703824]
solver time:  0.44496725298813544
plant_input_stage0: full=[ 0.1341784  -0.99999954], pose=[1.81213008 0.07404953 0.10703818]
solver time:  0.5013773670070805
plant_input_stage0: full=[-0.00340351 -0.99999987], pose=[1.82547112 0.07548301 0.00703823]
solver time:  0.5194293830136303
plant_input_stage0: full=[-0.1240124  0.9999989], pose=[ 1.82513078  0.07548062 -0.09296176]
solver time:  0.438824205979472
plant_input_stage0: full=[0.00279551 0.99999932], pose=[1.81278309 0.0766318  0.00703813]
solver time:  0.4087399230047595
plant_input_stage0: full=[ 0.11789569 -0.999999  ], pose=[1.81306263 0.07663376 0.10703806]
solver time:  0.491857285000151
plant_input_stage0: full=[-0.0015824  -0.99999926], pose=[1.82478473 0.07789329 0.00703816]
solver time:  0.3908430580049753
plant_input_stage0: full=[-0.10891069  0.93665838], pose=[ 1.82462649  0.07789218 -0.09296176]
solver time:  0.43020500501734205
plant_input_stage0: full=[-0.00146064  0.99999837], pose=[1.81378245e+00 7.89031709e-02 7.04072726e-04]
solver time:  0.3407121880154591
plant_input_stage0: full=[ 0.10227611 -0.99999549], pose=[1.81363639 0.07890307 0.10070391]
solver time:  0.3571982870053034
plant_input_stage0: full=[ 4.56229094e-04 -9.99995293e-01], pose=[1.82381218e+00 7.99312884e-02 7.04360780e-04]
solver time:  0.3810140279820189
plant_input_stage0: full=[-0.09570139  0.99999617], pose=[ 1.8238578   0.07993132 -0.09929517]
solver time:  0.3595751640095841
plant_input_stage0: full=[0.00292135 0.84214571], pose=[1.81433480e+00 8.08800283e-02 7.04448155e-04]
solver time:  0.3489979890000541
plant_input_stage0: full=[ 0.08083118 -0.99999659], pose=[1.81462694 0.08088023 0.08491902]
solver time:  0.3769402779871598
plant_input_stage0: full=[-0.01716468 -0.47369707], pose=[ 1.82268093  0.08156582 -0.01508064]
solver time:  0.35062701397691853
plant_input_stage0: full=[-0.05673293  0.99999754], pose=[ 1.82096466  0.0815917  -0.06245035]
solver time:  0.41416715798550285
plant_input_stage0: full=[ 0.05409321 -0.97283259], pose=[1.81530242 0.08194577 0.03754941]
solver time:  0.36018228699686006
plant_input_stage0: full=[-0.05293157  0.99999613], pose=[ 1.82070793  0.08214884 -0.05973385]
solver time:  0.3839039650047198
plant_input_stage0: full=[ 0.05094816 -0.85677315], pose=[1.81542421 0.08246483 0.04026576]
solver time:  0.4059561679896433
plant_input_stage0: full=[-0.0458992   0.99983168], pose=[ 1.8205149   0.08266993 -0.04541155]
solver time:  0.3693756209977437
plant_input_stage0: full=[ 0.05409401 -0.98790572], pose=[1.81592971 0.08287829 0.05457161]
solver time:  0.3615190429845825
plant_input_stage0: full=[-0.04394321  0.73617836], pose=[ 1.82133106  0.08317334 -0.04421896]
solver time:  0.35680294199846685
plant_input_stage0: full=[ 0.02934376 -0.47315299], pose=[1.81694103 0.08336759 0.02939888]
solver time:  0.34880862000864
plant_input_stage0: full=[-0.01791949  0.28483348], pose=[ 1.81987414  0.08345385 -0.01791642]
solver time:  0.35962167198886164
plant_input_stage0: full=[ 0.01057688 -0.16728304], pose=[1.81808248 0.08348595 0.01056693]
solver time:  0.3277967059984803
plant_input_stage0: full=[-0.00616874  0.09739832], pose=[ 1.81914011  0.08349713 -0.00616138]
solver time:  0.3633720930083655
plant_input_stage0: full=[ 0.00358313 -0.05654162], pose=[1.81852325 0.08350093 0.00357846]
solver time:  0.34647134598344564
plant_input_stage0: full=[-0.00207841  0.03279079], pose=[ 1.81888156  0.08350221 -0.00207571]
solver time:  0.3521830020181369
plant_input_stage0: full=[ 0.001205   -0.01900991], pose=[1.81867372e+00 8.35026414e-02 1.20337335e-03]
solver time:  0.3596905059821438
plant_input_stage0: full=[-0.00069851  0.01101921], pose=[ 1.81879422e+00  8.35027864e-02 -6.97617760e-04]
solver time:  0.35139689900097437
plant_input_stage0: full=[ 0.00040489 -0.00638734], pose=[1.81872437e+00 8.35028351e-02 4.04303332e-04]
solver time:  0.36385484898346476
plant_input_stage0: full=[-0.0002347   0.00370243], pose=[ 1.81876486e+00  8.35028515e-02 -2.34430374e-04]
solver time:  0.3589144510042388
plant_input_stage0: full=[ 0.00013604 -0.00214611], pose=[1.81874139e+00 8.35028570e-02 1.35812505e-04]
solver time:  0.3457440820056945
plant_input_stage0: full=[-7.88564635e-05  1.24398782e-03], pose=[ 1.81875499e+00  8.35028588e-02 -7.87983745e-05]
solver time:  0.3418452089827042
plant_input_stage0: full=[ 4.57089791e-05 -7.21074793e-04], pose=[1.81874711e+00 8.35028594e-02 4.56004078e-05]
실패 조건 충족으로 시뮬레이션 종료: stuck_for_4.00s_disp_0.0293m_le_0.0300m
Using obca optimizer with differential_drive dynamics:
median:  0.4396990644891048
std:  0.1984827106967123
min:  0.3277967059984803
max:  1.4862880430009682
Simulation finished.
Run outcome: status=failure, reason=stuck_for_4.00s_disp_0.0293m_le_0.0300m, final_time=18.39999999999999, distance_to_goal=0.010247140491181597
Trial history saved to /home/taekwon/projects/psdf_mpcc/benchmark_runs/dcbf_obca_maze_h12_trials3_20260917_005304/runs/config02/trial_0003/data/trial_history_MPC_OBCA_rectangle_maze_startseed2.csv
Single test completed.
[Trials] Saved: status=failure, successful solver steps=184
Trial outcomes: /home/taekwon/projects/psdf_mpcc/benchmark_runs/dcbf_obca_maze_h12_trials3_20260917_005304/trial_results.csv
Success rates and solver mean/p95 [s]: /home/taekwon/projects/psdf_mpcc/benchmark_runs/dcbf_obca_maze_h12_trials3_20260917_005304/summary.csv
