RMPCC configured from config: covariance_growth_scale=0.9, alpha_f=0.0018000000000000002, alpha_v=0.00036, alpha_kappa=0.009000000000000001, beta_v=0.018000000000000002, beta_kappa=0.007200000000000001, beta_omega=0.007200000000000001
Resetting rmpcc optimizer for clean state...
generating global path with A* + Line of Sight
시작 위치: [0.075 0.795]
목적지: [1.8  0.09]
도착 판정 기준: position <= 0.01m, angle <= 0.01rad
Setting up RMPCC-MF optimizer...
RMPCC-MF Row M configuration: enabled=True, active only when phi > d_mf_mask=0.001, configured stages=[1, 2, 3, 4, 5, 6, 7, 8, 9, 10, 11, 12, 13, 14, 15, 16, 17, 18, 19, 20]
/home/taek111/projects/psdf_mpcc/models/geometry_utils.py:241: UserWarning: Creating a tensor from a list of numpy.ndarrays is extremely slow. Please consider converting the list to a single numpy.ndarray with numpy.array() before converting to a tensor. (Triggered internally at ../torch/csrc/utils/tensor_new.cpp:230.)
  edgesA = torch.tensor(edgesA, dtype=torch.float32)
Added two affine safety rows at intermediate/terminal stages: 0=HARD guard/recovery, 1=SOFT MF
field AcadosOcpDims.N has been migrated to AcadosOcpOptions.N_horizon. setting AcadosOcpOptions.N_horizon = N. For future comppatibility, please use AcadosOcpOptions.N_horizon directly.

WARNING: Gauss-Newton Hessian approximation with EXTERNAL cost type not well defined!
got cost_type EXTERNAL for cost_type_0, cost_type, cost_type_e, hessian_approx: 'GAUSS_NEWTON'.
With this setting, acados will proceed computing the exact Hessian for the cost term and no Hessian contribution from constraints and dynamics.
If the external cost is a linear least squares cost, this coincides with the Gauss-Newton Hessian.
Note: There is also the option to use the external cost module with a numerical Hessian approximation (see `ext_cost_num_hess`).
OR the option to provide a symbolic custom Hessian approximation (see `cost_expr_ext_cost_custom_hess`).

acados was compiled without OpenMP.
RMPCC-MF backup SQP_WITH_FEASIBLE_QP solver disabled; using nominal safe-stop recovery.
[RMPCC 0000] OK solve=143.1ms pose=(0.075,0.795,-1.571) u=(0.123,0.000) s=0.013 PSDFmin=+0.03 G=OK(+0.04134) MF=OK(active=20/20,min=+0.2,slack=+7.52e-12)
[RMPCC 0001] OK solve=136.9ms pose=(0.075,0.783,-1.571) u=(0.114,0.088) s=0.024 PSDFmin=-0.002916 G=OK(+3.931e-12) MF=OK(active=20/20,min=+0.2,slack=+1.809e-12)
[RMPCC 0002] OK solve=149.7ms pose=(0.075,0.771,-1.562) u=(0.126,0.072) s=0.035 PSDFmin=+0.009547 G=OK(+0.009306) MF=OK(active=14/20,min=+1.335e-14,slack=+2.415e-17)
[RMPCC 0003] OK solve=268.0ms pose=(0.075,0.759,-1.555) u=(0.165,-0.046) s=0.041 PSDFmin=-0.002086 G=OK(+0.01666) MF=OK(active=20/20,min=+5.776e-14,slack=+2.474e-15)
[RMPCC 0004] OK solve=255.5ms pose=(0.075,0.742,-1.559) u=(0.109,0.321) s=0.055 PSDFmin=-0.0115 G=OK(+4.746e-15) MF=OK(active=17/20,min=+1.359e-13,slack=+8.401e-17)
[RMPCC 0005] OK solve=136.5ms pose=(0.075,0.731,-1.527) u=(0.088,0.117) s=0.056 PSDFmin=+0.001623 G=OK(+5.868e-12) MF=OK(active=7/20,min=+1.294e-08,slack=+3.493e-13)
[RMPCC 0006] OK solve=139.3ms pose=(0.076,0.722,-1.516) u=(0.154,-0.285) s=0.071 PSDFmin=-0.0006563 G=OK(+0.01422) MF=OK(active=20/20,min=+7.126e-15,slack=+2.356e-17)
[RMPCC 0007] OK solve=139.4ms pose=(0.077,0.707,-1.544) u=(0.139,0.019) s=0.087 PSDFmin=-0.01415 G=OK(+0.01516) MF=OK(active=18/20,min=+2.658e-10,slack=+9.418e-13)
[RMPCC 0008] OK solve=258.6ms pose=(0.077,0.693,-1.542) u=(0.097,-0.202) s=0.089 PSDFmin=+0.003124 G=OK(+0.002702) MF=OK(active=17/20,min=+1.957e-14,slack=+3.456e-17)
[RMPCC 0009] OK solve=405.0ms pose=(0.077,0.683,-1.562) u=(0.182,0.264) s=0.105 PSDFmin=+0.01009 G=OK(+0.009728) MF=OK(active=18/20,min=+4.97e-14,slack=+4.099e-16)
[RMPCC 0010] OK solve=392.1ms pose=(0.078,0.665,-1.536) u=(0.091,0.219) s=0.124 PSDFmin=-0.009606 G=OK(+0.004647) MF=OK(active=17/20,min=+2.719e-09,slack=+4.914e-12)
[RMPCC 0011] OK solve=402.4ms pose=(0.078,0.656,-1.514) u=(0.095,0.421) s=0.126 PSDFmin=-0.002702 G=OK(+0.002291) MF=OK(active=16/20,min=-2.292e-14,slack=+5.544e-15)
[RMPCC 0012] OK solve=378.5ms pose=(0.078,0.647,-1.472) u=(0.103,0.559) s=0.143 PSDFmin=+0.005044 G=OK(+0.008327) MF=OK(active=16/20,min=+1.001e-12,slack=+9.883e-16)
[RMPCC 0013] OK solve=387.2ms pose=(0.079,0.636,-1.416) u=(0.079,0.233) s=0.147 PSDFmin=-0.005571 G=OK(+0.005947) MF=OK(active=19/20,min=+4.078e-13,slack=+1.023e-15)
[RMPCC 0014] OK solve=401.1ms pose=(0.081,0.629,-1.393) u=(0.097,0.313) s=0.165 PSDFmin=-0.008308 G=OK(+0.004128) MF=OK(active=15/20,min=+4.798e-09,slack=+4.756e-12)
[RMPCC 0015] OK solve=402.3ms pose=(0.082,0.619,-1.361) u=(0.068,0.386) s=0.168 PSDFmin=-0.001583 G=OK(+0.0009943) MF=OK(active=15/20,min=+9.119e-13,slack=+6.306e-14)
[RMPCC 0016] OK solve=423.2ms pose=(0.084,0.612,-1.323) u=(0.067,0.825) s=0.186 PSDFmin=+0.006584 G=OK(+0.004597) MF=OK(active=16/20,min=+2.89e-10,slack=+1.384e-13)
[RMPCC 0017] OK solve=425.6ms pose=(0.085,0.606,-1.240) u=(0.111,0.407) s=0.191 PSDFmin=-0.01801 G=OK(+4.219e-15) MF=OK(active=19/20,min=+3.728e-15,slack=+1.847e-16)
[RMPCC 0018] OK solve=266.6ms pose=(0.089,0.595,-1.200) u=(0.056,1.000) s=0.210 PSDFmin=+0.004678 G=OK(+0.002335) MF=OK(active=6/20,min=+5.817e-10,slack=+4.415e-13)
[RMPCC 0019] OK solve=260.3ms pose=(0.091,0.590,-1.100) u=(0.028,0.899) s=0.215 PSDFmin=-0.01168 G=OK(+0.00593) MF=OK(active=20/20,min=+2.36e-10,slack=+1.112e-11)
[RMPCC 0020] OK solve=420.8ms pose=(0.092,0.588,-1.010) u=(0.093,0.459) s=0.218 PSDFmin=+0.008428 G=OK(+0.006051) MF=OK(active=8/20,min=+2.246e-13,slack=+7.948e-16)
[RMPCC 0021] OK solve=393.0ms pose=(0.097,0.580,-0.964) u=(0.046,1.065) s=0.229 PSDFmin=+0.002849 G=OK(+0.002608) MF=OK(active=19/20,min=+3.65e-10,slack=+1.135e-11)
[RMPCC 0022] OK solve=394.9ms pose=(0.100,0.576,-0.857) u=(0.127,0.468) s=0.232 PSDFmin=+0.003659 G=OK(+0.006285) MF=OK(active=18/20,min=+9.782e-11,slack=+2.777e-12)
[RMPCC 0023] OK solve=406.1ms pose=(0.108,0.567,-0.811) u=(0.063,0.910) s=0.251 PSDFmin=+0.007907 G=OK(+0.006552) MF=OK(active=19/20,min=+1.81e-15,slack=+3.375e-17)
[RMPCC 0024] OK solve=387.0ms pose=(0.113,0.562,-0.720) u=(0.146,0.843) s=0.252 PSDFmin=+0.00189 G=OK(+0.006435) MF=OK(active=19/20,min=+1.845e-15,slack=+6.898e-17)
[RMPCC 0025] OK solve=265.8ms pose=(0.124,0.552,-0.635) u=(0.073,0.905) s=0.265 PSDFmin=+0.009832 G=OK(+0.008398) MF=OK(active=19/20,min=+7.581e-12,slack=+9.744e-14)
[RMPCC 0026] OK solve=281.3ms pose=(0.129,0.548,-0.545) u=(0.258,0.306) s=0.269 PSDFmin=+0.009366 G=OK(+0.008523) MF=OK(active=20/20,min=+1.156e-13,slack=+2.83e-15)
[RMPCC 0027] OK solve=405.3ms pose=(0.151,0.535,-0.514) u=(0.134,1.200) s=0.294 PSDFmin=+0.002357 G=OK(+0.007311) MF=OK(active=18/20,min=+2.998e-13,slack=+2.247e-15)
[RMPCC 0028] OK solve=246.7ms pose=(0.163,0.528,-0.394) u=(0.111,0.831) s=0.308 PSDFmin=+0.008347 G=OK(+0.007109) MF=OK(active=19/20,min=+5.688e-14,slack=+3.984e-17)
[RMPCC 0029] OK solve=137.0ms pose=(0.173,0.524,-0.311) u=(0.094,1.200) s=0.319 PSDFmin=+0.01304 G=OK(+0.01158) MF=OK(active=20/20,min=+3.768e-14,slack=+8.213e-16)
[RMPCC 0030] OK solve=146.8ms pose=(0.182,0.521,-0.191) u=(0.139,0.991) s=0.328 PSDFmin=+0.01408 G=OK(+0.01299) MF=OK(active=20/20,min=+8.863e-13,slack=+3.73e-15)
[RMPCC 0031] OK solve=136.3ms pose=(0.196,0.518,-0.092) u=(0.135,0.454) s=0.332 PSDFmin=+0.01275 G=OK(+0.01153) MF=OK(active=20/20,min=+6.793e-13,slack=+7.519e-16)
[RMPCC 0032] OK solve=132.9ms pose=(0.209,0.517,-0.046) u=(0.170,0.565) s=0.347 PSDFmin=+0.01437 G=OK(+0.01226) MF=OK(active=20/20,min=+2.523e-12,slack=+1.965e-14)
[RMPCC 0033] OK solve=126.5ms pose=(0.226,0.516,0.010) u=(0.124,0.377) s=0.364 PSDFmin=+0.01272 G=OK(+0.0116) MF=OK(active=20/20,min=+5.184e-13,slack=+1.054e-15)
[RMPCC 0034] OK solve=131.1ms pose=(0.239,0.516,0.048) u=(0.134,0.429) s=0.376 PSDFmin=+0.01366 G=OK(+0.01257) MF=OK(active=20/20,min=+1.009e-12,slack=+4.405e-15)
[RMPCC 0035] OK solve=128.8ms pose=(0.252,0.517,0.091) u=(0.124,0.435) s=0.389 PSDFmin=+0.01098 G=OK(+0.009535) MF=OK(active=20/20,min=+2.604e-12,slack=+7.666e-15)
[RMPCC 0036] OK solve=127.8ms pose=(0.265,0.518,0.134) u=(0.118,0.444) s=0.399 PSDFmin=+0.01207 G=OK(+0.01051) MF=OK(active=20/20,min=+2.488e-14,slack=+4.574e-17)
[RMPCC 0037] OK solve=128.7ms pose=(0.276,0.520,0.179) u=(0.117,0.456) s=0.414 PSDFmin=+0.007677 G=OK(+0.004283) MF=OK(active=20/20,min=+1.421e-14,slack=+1.323e-17)
[RMPCC 0038] OK solve=144.3ms pose=(0.288,0.522,0.224) u=(0.114,0.437) s=0.425 PSDFmin=+0.008173 G=OK(+0.001755) MF=OK(active=20/20,min=+1.2e-11,slack=+5.966e-14)
[RMPCC 0039] OK solve=138.8ms pose=(0.299,0.524,0.268) u=(0.108,0.204) s=0.432 PSDFmin=+0.01278 G=OK(+0.01177) MF=OK(active=20/20,min=+2.488e-14,slack=+1.148e-17)
[RMPCC 0040] OK solve=129.9ms pose=(0.309,0.527,0.288) u=(0.110,0.177) s=0.447 PSDFmin=+0.01486 G=OK(+0.01385) MF=OK(active=20/20,min=+6.489e-13,slack=+2.793e-15)
[RMPCC 0041] OK solve=136.1ms pose=(0.320,0.530,0.306) u=(0.097,0.163) s=0.456 PSDFmin=+0.01682 G=OK(+0.01581) MF=OK(active=20/20,min=+2.658e-13,slack=+1.887e-15)
[RMPCC 0042] OK solve=130.1ms pose=(0.329,0.533,0.322) u=(0.094,0.285) s=0.462 PSDFmin=+0.01639 G=OK(+0.01563) MF=OK(active=20/20,min=+1.602e-14,slack=+3.606e-17)
[RMPCC 0043] OK solve=134.3ms pose=(0.338,0.536,0.351) u=(0.104,0.099) s=0.472 PSDFmin=+0.01599 G=OK(+0.0202) MF=OK(active=20/20,min=+4.003e-14,slack=+6.298e-17)
[RMPCC 0044] OK solve=130.0ms pose=(0.348,0.540,0.361) u=(0.087,0.506) s=0.482 PSDFmin=+0.01414 G=OK(+0.01347) MF=OK(active=20/20,min=+2.714e-10,slack=+3.145e-13)
[RMPCC 0045] OK solve=137.7ms pose=(0.356,0.543,0.411) u=(0.106,0.201) s=0.491 PSDFmin=+0.01463 G=OK(+0.01579) MF=OK(active=20/20,min=+1.371e-13,slack=+2.785e-16)
[RMPCC 0046] OK solve=154.9ms pose=(0.365,0.547,0.431) u=(0.094,0.214) s=0.501 PSDFmin=+0.01871 G=OK(+0.01689) MF=OK(active=20/20,min=+5.862e-13,slack=+8.21e-15)
[RMPCC 0047] OK solve=138.9ms pose=(0.374,0.551,0.453) u=(0.106,0.029) s=0.512 PSDFmin=+0.003147 G=OK(+0.01457) MF=OK(active=20/20,min=+1.528e-12,slack=+6.952e-15)
[RMPCC 0048] OK solve=132.5ms pose=(0.384,0.556,0.456) u=(0.107,0.344) s=0.521 PSDFmin=+0.01267 G=OK(+0.01118) MF=OK(active=20/20,min=+2.823e-13,slack=+3.137e-13)
[RMPCC 0049] OK solve=138.4ms pose=(0.393,0.560,0.490) u=(0.123,0.082) s=0.532 PSDFmin=+0.00164 G=OK(+0.01026) MF=OK(active=20/20,min=+2.131e-10,slack=+1.324e-13)
[RMPCC 0050] OK solve=135.5ms pose=(0.404,0.566,0.498) u=(0.123,0.162) s=0.544 PSDFmin=+0.01486 G=OK(+0.01281) MF=OK(active=20/20,min=+7.268e-13,slack=+1.312e-13)
[RMPCC 0051] OK solve=139.2ms pose=(0.415,0.572,0.515) u=(0.134,-0.124) s=0.561 PSDFmin=+0.009071 G=OK(+0.007745) MF=OK(active=20/20,min=+1.046e-13,slack=+6.515e-16)
[RMPCC 0052] OK solve=130.3ms pose=(0.427,0.579,0.502) u=(0.131,0.137) s=0.569 PSDFmin=+0.01287 G=OK(+0.01056) MF=OK(active=20/20,min=+2.135e-14,slack=+2.955e-17)
[RMPCC 0053] OK solve=144.3ms pose=(0.438,0.585,0.516) u=(0.141,-0.177) s=0.582 PSDFmin=+0.008646 G=OK(+0.005557) MF=OK(active=20/20,min=+7.599e-11,slack=+3.219e-13)
[RMPCC 0054] OK solve=138.5ms pose=(0.450,0.592,0.498) u=(0.146,0.051) s=0.600 PSDFmin=+0.008419 G=OK(+0.008677) MF=OK(active=20/20,min=+7.117e-14,slack=+1.199e-16)
[RMPCC 0055] OK solve=137.1ms pose=(0.463,0.599,0.503) u=(0.150,-0.381) s=0.611 PSDFmin=+0.007977 G=OK(+0.005748) MF=OK(active=20/20,min=+1.315e-13,slack=+3.243e-16)
[RMPCC 0056] OK solve=143.8ms pose=(0.476,0.606,0.465) u=(0.160,-0.099) s=0.625 PSDFmin=-0.01546 G=OK(+0.00736) MF=OK(active=20/20,min=+2.263e-12,slack=+3.727e-14)
[RMPCC 0057] OK solve=130.1ms pose=(0.491,0.613,0.455) u=(0.157,-0.150) s=0.645 PSDFmin=+0.001717 G=OK(+0.0007964) MF=OK(active=11/20,min=+1.812e-10,slack=+1.094e-13)
[RMPCC 0058] OK solve=142.5ms pose=(0.505,0.620,0.440) u=(0.164,-0.199) s=0.657 PSDFmin=+0.008067 G=OK(+0.008678) MF=OK(active=20/20,min=+4.273e-14,slack=+1.011e-16)
[RMPCC 0059] OK solve=271.9ms pose=(0.520,0.627,0.420) u=(0.650,-1.200) s=0.673 PSDFmin=-0.01809 G=OK(+3.497e-15) MF=OK(active=20/20,min=+1.041e-17,slack=+0.02669)
[RMPCC 0060] OK solve=407.0ms pose=(0.579,0.654,0.300) u=(0.333,-1.200) s=0.738 PSDFmin=-0.005973 G=OK(+1.685e-12) MF=OK(active=9/20,min=+5.165e-11,slack=+9.094e-15)
[RMPCC 0061] OK solve=389.2ms pose=(0.611,0.664,0.180) u=(0.175,-0.615) s=0.771 PSDFmin=+0.001085 G=OK(+1.857e-11) MF=OK(active=17/20,min=+6.326e-10,slack=+1.102e-12)
[RMPCC 0062] OK solve=414.8ms pose=(0.628,0.667,0.119) u=(0.088,-0.306) s=0.788 PSDFmin=+0.003457 G=OK(+6.184e-14) MF=OK(active=19/20,min=+1.779e-14,slack=+2.818e-17)
[RMPCC 0063] OK solve=254.1ms pose=(0.637,0.668,0.088) u=(0.134,-0.446) s=0.797 PSDFmin=+0.01087 G=OK(+0.009233) MF=OK(active=19/20,min=+8.883e-10,slack=+2.651e-12)
[RMPCC 0064] OK solve=141.7ms pose=(0.650,0.669,0.044) u=(0.090,-0.191) s=0.810 PSDFmin=-0.012 G=OK(+0.01485) MF=OK(active=20/20,min=+2.619e-12,slack=+5.702e-15)
[RMPCC 0065] OK solve=135.7ms pose=(0.659,0.669,0.025) u=(0.097,-0.225) s=0.815 PSDFmin=-0.004884 G=OK(+3.864e-14) MF=OK(active=17/20,min=+7.869e-13,slack=+1.747e-15)
[RMPCC 0066] OK solve=128.7ms pose=(0.669,0.670,0.002) u=(0.087,-0.215) s=0.825 PSDFmin=-0.004703 G=OK(+0.01151) MF=OK(active=12/20,min=-1.144e-13,slack=+2.058e-14)
[RMPCC 0067] OK solve=125.2ms pose=(0.678,0.670,-0.019) u=(0.116,0.020) s=0.833 PSDFmin=+0.001993 G=OK(+2.392e-11) MF=OK(active=18/20,min=+1.515e-12,slack=+5.217e-15)
[RMPCC 0068] OK solve=145.5ms pose=(0.689,0.669,-0.017) u=(0.107,-0.685) s=0.845 PSDFmin=-0.003888 G=OK(+5.551e-16) MF=OK(active=20/20,min=+5.355e-15,slack=+2.642e-17)
[RMPCC 0069] OK solve=141.1ms pose=(0.700,0.669,-0.086) u=(0.093,-0.303) s=0.855 PSDFmin=-0.01755 G=OK(+0.01019) MF=OK(active=12/20,min=+6.05e-14,slack=+1.007e-16)
[RMPCC 0070] OK solve=139.1ms pose=(0.709,0.668,-0.116) u=(0.095,-0.360) s=0.865 PSDFmin=+0.001047 G=OK(+4.707e-14) MF=OK(active=10/20,min=+2.813e-12,slack=+2.876e-15)
[RMPCC 0071] OK solve=292.0ms pose=(0.719,0.667,-0.152) u=(0.058,-0.159) s=0.874 PSDFmin=+0.005659 G=OK(+0.01069) MF=OK(active=20/20,min=+3.691e-13,slack=+3.719e-15)
[RMPCC 0072] OK solve=386.2ms pose=(0.724,0.666,-0.168) u=(0.087,-0.333) s=0.880 PSDFmin=-0.02249 G=OK(+0.01185) MF=OK(active=18/20,min=+5.154e-14,slack=+2.458e-17)
[RMPCC 0073] OK solve=264.5ms pose=(0.733,0.665,-0.201) u=(0.062,-0.776) s=0.889 PSDFmin=+0.001528 G=OK(+1.482e-13) MF=OK(active=10/20,min=-2.575e-13,slack=+2.33e-14)
[RMPCC 0074] OK solve=138.3ms pose=(0.739,0.664,-0.279) u=(0.073,-0.357) s=0.895 PSDFmin=+0.007914 G=OK(+0.009717) MF=OK(active=20/20,min=+3.577e-13,slack=+2.476e-15)
[RMPCC 0075] OK solve=261.8ms pose=(0.746,0.662,-0.315) u=(0.081,-0.152) s=0.900 PSDFmin=-0.02191 G=OK(+0.01058) MF=OK(active=20/20,min=+6.666e-15,slack=+3.799e-17)
[RMPCC 0076] OK solve=259.8ms pose=(0.754,0.659,-0.330) u=(0.060,-0.560) s=0.909 PSDFmin=+0.0007646 G=OK(+1.499e-14) MF=OK(active=8/20,min=+1.566e-12,slack=+5.979e-15)
[RMPCC 0077] OK solve=133.5ms pose=(0.759,0.657,-0.386) u=(0.073,-0.315) s=0.915 PSDFmin=+0.002322 G=OK(+2.967e-08) MF=OK(active=17/20,min=+1.603e-14,slack=+4.419e-17)
[RMPCC 0078] OK solve=327.4ms pose=(0.766,0.655,-0.417) u=(0.037,-0.197) s=0.922 PSDFmin=+0.003202 G=OK(+0.0058) MF=OK(active=20/20,min=+4.064e-10,slack=+1.627e-11)
[RMPCC 0079] OK solve=393.7ms pose=(0.770,0.653,-0.437) u=(0.060,-0.616) s=0.927 PSDFmin=-0.01162 G=OK(+9.828e-13) MF=OK(active=15/20,min=+1.011e-11,slack=+7.307e-15)
[RMPCC 0080] OK solve=274.4ms pose=(0.775,0.651,-0.499) u=(0.030,-0.405) s=0.933 PSDFmin=+0.00751 G=OK(+0.006801) MF=OK(active=17/20,min=+2.096e-11,slack=+2.032e-14)
[RMPCC 0081] OK solve=260.5ms pose=(0.778,0.649,-0.539) u=(0.083,-0.596) s=0.936 PSDFmin=-0.002019 G=OK(+0.01001) MF=OK(active=20/20,min=+4.13e-12,slack=+7.504e-15)
[RMPCC 0082] OK solve=391.5ms pose=(0.785,0.645,-0.599) u=(0.071,-0.279) s=0.944 PSDFmin=-0.0009511 G=OK(+1.437e-12) MF=OK(active=15/20,min=+8.787e-10,slack=+1.725e-12)
[RMPCC 0083] OK solve=390.2ms pose=(0.791,0.641,-0.627) u=(0.035,-0.745) s=0.951 PSDFmin=+0.009291 G=OK(+0.008743) MF=OK(active=16/20,min=+3.529e-11,slack=+2.872e-13)
[RMPCC 0084] OK solve=389.9ms pose=(0.793,0.639,-0.701) u=(0.069,-0.352) s=0.955 PSDFmin=-0.02111 G=OK(+0.005408) MF=OK(active=18/20,min=+1.403e-12,slack=+2.308e-14)
[RMPCC 0085] OK solve=279.4ms pose=(0.799,0.634,-0.736) u=(0.082,-0.203) s=0.965 PSDFmin=+0.003031 G=OK(+0.001525) MF=OK(active=17/20,min=+5.349e-08,slack=+6.765e-11)
[RMPCC 0086] OK solve=269.6ms pose=(0.805,0.629,-0.757) u=(0.041,-0.743) s=0.970 PSDFmin=-0.009464 G=OK(+0.005804) MF=OK(active=20/20,min=+5.19e-13,slack=+2.712e-16)
[RMPCC 0087] OK solve=271.0ms pose=(0.808,0.626,-0.831) u=(0.082,-0.349) s=0.974 PSDFmin=-0.006795 G=OK(+0.002918) MF=OK(active=17/20,min=+2.425e-11,slack=+3.482e-14)
[RMPCC 0088] OK solve=145.6ms pose=(0.813,0.620,-0.866) u=(0.041,-0.315) s=0.982 PSDFmin=+0.004708 G=OK(+0.004809) MF=OK(active=15/20,min=+6.721e-13,slack=+6.366e-16)
[RMPCC 0089] OK solve=131.4ms pose=(0.816,0.617,-0.897) u=(0.102,-0.104) s=0.986 PSDFmin=-0.02455 G=OK(+0.007375) MF=OK(active=20/20,min=+5.656e-12,slack=+5.943e-14)
[RMPCC 0090] OK solve=127.5ms pose=(0.822,0.609,-0.908) u=(0.054,-0.039) s=0.996 PSDFmin=-0.004327 G=OK(+0.003204) MF=OK(active=8/20,min=+3.601e-13,slack=+3.979e-16)
[RMPCC 0091] OK solve=130.3ms pose=(0.826,0.605,-0.912) u=(0.127,0.418) s=1.001 PSDFmin=-0.02187 G=OK(+0.007733) MF=OK(active=13/20,min=+5.12e-13,slack=+2.727e-15)
[RMPCC 0092] OK solve=253.9ms pose=(0.833,0.595,-0.870) u=(0.099,0.526) s=1.013 PSDFmin=-0.006529 G=OK(+0.001337) MF=OK(active=6/20,min=+6.419e-14,slack=+2.366e-16)
[RMPCC 0093] OK solve=273.1ms pose=(0.840,0.587,-0.817) u=(0.189,0.319) s=1.029 PSDFmin=-0.02743 G=OK(+0.005412) MF=OK(active=12/20,min=+7.111e-15,slack=+4.545e-17)
[RMPCC 0094] OK solve=132.7ms pose=(0.853,0.573,-0.785) u=(0.095,1.200) s=1.041 PSDFmin=-0.001894 G=OK(+0.002756) MF=OK(active=4/20,min=+0.02251,slack=+3.615e-14)
[RMPCC 0095] OK solve=130.9ms pose=(0.859,0.566,-0.665) u=(0.129,0.571) s=1.051 PSDFmin=-0.01003 G=OK(+0.004299) MF=OK(active=15/20,min=+3.638e-10,slack=+2.673e-12)
[RMPCC 0096] OK solve=268.7ms pose=(0.870,0.559,-0.608) u=(0.087,1.193) s=1.064 PSDFmin=+0.0006285 G=OK(+0.004626) MF=OK(active=10/20,min=+3.387e-10,slack=+3.37e-14)
[RMPCC 0097] OK solve=268.6ms pose=(0.877,0.554,-0.489) u=(0.083,0.579) s=1.072 PSDFmin=-0.004393 G=OK(+0.005793) MF=OK(active=18/20,min=+3.593e-14,slack=+1.304e-15)
[RMPCC 0098] OK solve=140.8ms pose=(0.884,0.550,-0.431) u=(0.092,1.200) s=1.081 PSDFmin=-0.0116 G=OK(+0.00551) MF=OK(active=17/20,min=+2.035e-12,slack=+7.273e-16)
[RMPCC 0099] OK solve=139.1ms pose=(0.892,0.546,-0.311) u=(0.113,0.561) s=1.090 PSDFmin=-0.01962 G=OK(+7.235e-10) MF=OK(active=7/20,min=+1.057e-07,slack=+9.49e-11)
[RMPCC 0100] OK solve=272.4ms pose=(0.903,0.542,-0.255) u=(0.127,0.160) s=1.100 PSDFmin=-0.006194 G=OK(+8.882e-16) MF=OK(active=18/20,min=+4.496e-15,slack=+5.48e-17)
[RMPCC 0101] OK solve=398.9ms pose=(0.916,0.539,-0.239) u=(0.102,0.836) s=1.112 PSDFmin=+0.005013 G=OK(+0.01145) MF=OK(active=16/20,min=+7.107e-15,slack=+1.148e-17)
[RMPCC 0102] OK solve=277.7ms pose=(0.925,0.537,-0.156) u=(0.055,0.413) s=1.119 PSDFmin=+0.005142 G=OK(+4.798e-10) MF=OK(active=18/20,min=+5.072e-09,slack=+1.527e-11)
[RMPCC 0103] OK solve=145.2ms pose=(0.931,0.536,-0.114) u=(0.094,0.291) s=1.125 PSDFmin=-0.009975 G=OK(+6.984e-11) MF=OK(active=20/20,min=+3.106e-10,slack=+1.394e-12)
[RMPCC 0104] OK solve=143.7ms pose=(0.940,0.535,-0.085) u=(0.062,0.192) s=1.133 PSDFmin=-0.02425 G=OK(+0.01642) MF=OK(active=12/20,min=+1.319e-13,slack=+4.016e-16)
[RMPCC 0105] OK solve=263.0ms pose=(0.946,0.534,-0.066) u=(0.101,0.104) s=1.140 PSDFmin=-0.01428 G=OK(+6.661e-16) MF=OK(active=18/20,min=+2.313e-14,slack=+3.263e-17)
[RMPCC 0106] OK solve=285.4ms pose=(0.957,0.534,-0.056) u=(0.065,0.344) s=1.150 PSDFmin=-0.02382 G=OK(+0.009547) MF=OK(active=10/20,min=+1.688e-09,slack=+9.7e-13)
[RMPCC 0107] OK solve=142.8ms pose=(0.963,0.533,-0.021) u=(0.105,0.059) s=1.156 PSDFmin=-0.002273 G=OK(+5.076e-13) MF=OK(active=16/20,min=+8.017e-12,slack=+1.402e-14)
[RMPCC 0108] OK solve=275.0ms pose=(0.973,0.533,-0.015) u=(0.052,0.433) s=1.167 PSDFmin=+0.001121 G=OK(+0.00104) MF=OK(active=18/20,min=+2.214e-12,slack=+5.609e-15)
[RMPCC 0109] OK solve=272.9ms pose=(0.979,0.533,0.028) u=(0.095,0.149) s=1.172 PSDFmin=-0.0204 G=OK(+7.333e-12) MF=OK(active=19/20,min=+1.028e-10,slack=+1.45e-13)
[RMPCC 0110] OK solve=139.8ms pose=(0.988,0.533,0.043) u=(0.068,0.403) s=1.181 PSDFmin=-0.003709 G=OK(+9.037e-12) MF=OK(active=14/20,min=+1.333e-11,slack=+2.745e-13)
[RMPCC 0111] OK solve=271.5ms pose=(0.995,0.533,0.083) u=(0.108,0.145) s=1.188 PSDFmin=-0.001332 G=OK(+1.887e-15) MF=OK(active=11/20,min=+5.388e-15,slack=+5.88e-17)
[RMPCC 0112] OK solve=429.3ms pose=(1.006,0.534,0.098) u=(0.090,0.209) s=1.199 PSDFmin=-0.008126 G=OK(+0.01065) MF=OK(active=14/20,min=+6.978e-12,slack=+4.668e-15)
[RMPCC 0113] OK solve=297.8ms pose=(1.015,0.535,0.119) u=(0.060,0.262) s=1.208 PSDFmin=+0.0004629 G=OK(+1.11e-15) MF=OK(active=12/20,min=+7.481e-14,slack=+2.077e-16)
[RMPCC 0114] OK solve=146.4ms pose=(1.021,0.536,0.145) u=(0.079,0.285) s=1.214 PSDFmin=-0.001531 G=OK(+1.238e-14) MF=OK(active=13/20,min=+7.325e-13,slack=+6.544e-16)
[RMPCC 0115] OK solve=292.0ms pose=(1.029,0.537,0.173) u=(0.073,1.002) s=1.222 PSDFmin=+0.004229 G=OK(+0.002283) MF=OK(active=19/20,min=-3.331e-12,slack=+5.127e-13)
[RMPCC 0116] OK solve=470.6ms pose=(1.036,0.538,0.274) u=(0.072,0.480) s=1.229 PSDFmin=+0.006021 G=OK(+0.004027) MF=OK(active=17/20,min=+3.474e-13,slack=+2.8e-15)
[RMPCC 0117] OK solve=460.9ms pose=(1.043,0.540,0.322) u=(0.099,0.163) s=1.236 PSDFmin=-0.005487 G=OK(+0.004453) MF=OK(active=18/20,min=+2.612e-10,slack=+4.699e-13)
[RMPCC 0118] OK solve=437.4ms pose=(1.052,0.543,0.338) u=(0.049,0.670) s=1.245 PSDFmin=+0.004397 G=OK(+0.004815) MF=OK(active=17/20,min=+6.44e-12,slack=+1.652e-14)
[RMPCC 0119] OK solve=438.9ms pose=(1.057,0.545,0.405) u=(0.072,0.467) s=1.250 PSDFmin=-0.001105 G=OK(+0.004569) MF=OK(active=19/20,min=+1.387e-12,slack=+8.455e-15)
[RMPCC 0120] OK solve=433.1ms pose=(1.063,0.548,0.452) u=(0.044,0.324) s=1.257 PSDFmin=+0.0011 G=OK(+0.004809) MF=OK(active=17/20,min=+5.339e-15,slack=+1.005e-17)
[RMPCC 0121] OK solve=299.4ms pose=(1.067,0.550,0.484) u=(0.111,0.308) s=1.264 PSDFmin=-0.02505 G=OK(+0.005122) MF=OK(active=18/20,min=-2.515e-15,slack=+1.07e-15)
[RMPCC 0122] OK solve=287.5ms pose=(1.077,0.555,0.515) u=(0.055,0.868) s=1.275 PSDFmin=+0.007569 G=OK(+0.004958) MF=OK(active=16/20,min=+2.092e-11,slack=+2.046e-14)
[RMPCC 0123] OK solve=446.4ms pose=(1.082,0.558,0.602) u=(0.309,0.299) s=1.281 PSDFmin=-0.01268 G=OK(+0) MF=OK(active=16/20,min=+3.819e-18,slack=+2.986e-17)
Acados solver failed with status 4
Acados residuals [stat, eq, ineq, comp]: [237.24149   0.03086   0.48611   0.03487]
Acados SQP iterations: 1
RMPCC-MF diagnostics captured before infeasibility recovery.
RMPCC-MF failed-iterate infeasibility candidates:
  - {'constraint': 'row_g_hard_guard', 'stages': array([11, 12, 13, 14, 15]), 'minimum_residual': -0.01368070936203003}
  - {'constraint': 'row_m_soft_after_slack', 'stages': array([ 1,  4,  6,  7,  8,  9, 10, 16, 20]), 'minimum_residual': -0.4861098264264924}
  - {'constraint': 'dynamics_or_stage0_equality', 'maximum_residual': 0.030862755196922498}
RMPCC-MF inactive Row M stages are trivially feasible.
RMPCC-MF minimum box residuals [state | input]: 7.429632864374725e-20 | 4.218847493575595e-14
SQP_RTI solver failed with status 4. Starting infeasible recovery.
Backup solver is unavailable; falling back to safe stop.
Applied nominal_safe_controller safe-stop plan after infeasible RMPCC-MF solve.
[RMPCC 0124] SAFE_STOP solve=542.4ms pose=(1.107,0.575,0.632) u=(0.209,0.000) s=1.312 PSDFmin=-0.01038 G=FAIL(-0.01242) MF=FAIL(active=9/20,min=n/a,slack=n/a)
Acados solver failed with status 4
Acados residuals [stat, eq, ineq, comp]: [100.        0.02089   0.01138   0.     ]
Acados SQP iterations: 1
RMPCC-MF diagnostics captured before infeasibility recovery.
RMPCC-MF failed-iterate infeasibility candidates:
  - {'constraint': 'row_g_hard_guard', 'stages': array([ 1,  2,  3,  4,  5,  6,  7,  8,  9, 10, 11, 12, 13, 14, 15, 16, 17,
       18, 19, 20]), 'minimum_residual': -0.011375190526247025}
  - {'constraint': 'dynamics_or_stage0_equality', 'maximum_residual': 0.020888306229483566}
RMPCC-MF inactive Row M stages are trivially feasible.
RMPCC-MF minimum box residuals [state | input]: 3.9e-08 | 0.0
SQP_RTI solver failed with status 4. Starting infeasible recovery.
Backup solver is unavailable; falling back to safe stop.
Applied nominal_safe_controller safe-stop plan after infeasible RMPCC-MF solve.
[RMPCC 0125] SAFE_STOP solve=244.3ms pose=(1.124,0.588,0.632) u=(0.109,0.000) s=1.333 PSDFmin=-0.01038 G=FAIL(-0.01138) MF=inactive(active=0/20)
Acados solver failed with status 4
Acados residuals [stat, eq, ineq, comp]: [100.        0.01089   0.01138   0.     ]
Acados SQP iterations: 1
RMPCC-MF diagnostics captured before infeasibility recovery.
RMPCC-MF failed-iterate infeasibility candidates:
  - {'constraint': 'row_g_hard_guard', 'stages': array([ 1,  2,  3,  4,  5,  6,  7,  8,  9, 10, 11, 12, 13, 14, 15, 16, 17,
       18, 19, 20]), 'minimum_residual': -0.011375190526247025}
  - {'constraint': 'dynamics_or_stage0_equality', 'maximum_residual': 0.010889018866693467}
RMPCC-MF inactive Row M stages are trivially feasible.
RMPCC-MF minimum box residuals [state | input]: 3.9e-08 | 0.0
SQP_RTI solver failed with status 4. Starting infeasible recovery.
Backup solver is unavailable; falling back to safe stop.
Applied nominal_safe_controller safe-stop plan after infeasible RMPCC-MF solve.
[RMPCC 0126] SAFE_STOP solve=242.2ms pose=(1.133,0.594,0.632) u=(0.009,0.000) s=1.343 PSDFmin=-0.01038 G=FAIL(-0.01138) MF=inactive(active=0/20)
Acados solver failed with status 4
Acados residuals [stat, eq, ineq, comp]: [100.        0.00089   0.01138   0.     ]
Acados SQP iterations: 1
RMPCC-MF diagnostics captured before infeasibility recovery.
RMPCC-MF failed-iterate infeasibility candidates:
  - {'constraint': 'row_g_hard_guard', 'stages': array([ 1,  2,  3,  4,  5,  6,  7,  8,  9, 10, 11, 12, 13, 14, 15, 16, 17,
       18, 19, 20]), 'minimum_residual': -0.01137515327334404}
  - {'constraint': 'dynamics_or_stage0_equality', 'maximum_residual': 0.0008897315039033682}
RMPCC-MF inactive Row M stages are trivially feasible.
RMPCC-MF minimum box residuals [state | input]: 3.9e-08 | 0.0
SQP_RTI solver failed with status 4. Starting infeasible recovery.
Backup solver is unavailable; falling back to safe stop.
Applied nominal_safe_controller safe-stop plan after infeasible RMPCC-MF solve.
[RMPCC 0127] SAFE_STOP solve=242.5ms pose=(1.134,0.594,0.632) u=(0.000,0.000) s=1.344 PSDFmin=-0.01038 G=FAIL(-0.01138) MF=inactive(active=0/20)
Acados solver failed with status 4
Acados residuals [stat, eq, ineq, comp]: [100.        0.        0.01138   0.     ]
Acados SQP iterations: 1
RMPCC-MF diagnostics captured before infeasibility recovery.
RMPCC-MF failed-iterate infeasibility candidates:
  - {'constraint': 'row_g_hard_guard', 'stages': array([ 1,  2,  3,  4,  5,  6,  7,  8,  9, 10, 11, 12, 13, 14, 15, 16, 17,
       18, 19, 20]), 'minimum_residual': -0.01137515327334404}
RMPCC-MF inactive Row M stages are trivially feasible.
RMPCC-MF minimum box residuals [state | input]: 3.9e-08 | 0.0
SQP_RTI solver failed with status 4. Starting infeasible recovery.
Backup solver is unavailable; falling back to safe stop.
Applied nominal_safe_controller safe-stop plan after infeasible RMPCC-MF solve.
[RMPCC 0128] SAFE_STOP solve=239.5ms pose=(1.134,0.594,0.632) u=(0.000,0.000) s=1.344 PSDFmin=-0.01038 G=FAIL(-0.01138) MF=inactive(active=0/20)
Acados solver failed with status 4
Acados residuals [stat, eq, ineq, comp]: [100.        0.        0.01138   0.     ]
Acados SQP iterations: 1
RMPCC-MF diagnostics captured before infeasibility recovery.
RMPCC-MF failed-iterate infeasibility candidates:
  - {'constraint': 'row_g_hard_guard', 'stages': array([ 1,  2,  3,  4,  5,  6,  7,  8,  9, 10, 11, 12, 13, 14, 15, 16, 17,
       18, 19, 20]), 'minimum_residual': -0.01137515327334404}
RMPCC-MF inactive Row M stages are trivially feasible.
RMPCC-MF minimum box residuals [state | input]: 3.9e-08 | 0.0
SQP_RTI solver failed with status 4. Starting infeasible recovery.
Backup solver is unavailable; falling back to safe stop.
Applied nominal_safe_controller safe-stop plan after infeasible RMPCC-MF solve.
[RMPCC 0129] SAFE_STOP solve=252.1ms pose=(1.134,0.594,0.632) u=(0.000,0.000) s=1.344 PSDFmin=-0.01038 G=FAIL(-0.01138) MF=inactive(active=0/20)
Acados solver failed with status 4
Acados residuals [stat, eq, ineq, comp]: [100.        0.        0.01138   0.     ]
Acados SQP iterations: 1
RMPCC-MF diagnostics captured before infeasibility recovery.
RMPCC-MF failed-iterate infeasibility candidates:
  - {'constraint': 'row_g_hard_guard', 'stages': array([ 1,  2,  3,  4,  5,  6,  7,  8,  9, 10, 11, 12, 13, 14, 15, 16, 17,
       18, 19, 20]), 'minimum_residual': -0.01137515327334404}
RMPCC-MF inactive Row M stages are trivially feasible.
RMPCC-MF minimum box residuals [state | input]: 3.9e-08 | 0.0
SQP_RTI solver failed with status 4. Starting infeasible recovery.
Backup solver is unavailable; falling back to safe stop.
Applied nominal_safe_controller safe-stop plan after infeasible RMPCC-MF solve.
[RMPCC 0130] SAFE_STOP solve=249.5ms pose=(1.134,0.594,0.632) u=(0.000,0.000) s=1.344 PSDFmin=-0.01038 G=FAIL(-0.01138) MF=inactive(active=0/20)
Acados solver failed with status 4
Acados residuals [stat, eq, ineq, comp]: [100.        0.        0.01138   0.     ]
Acados SQP iterations: 1
RMPCC-MF diagnostics captured before infeasibility recovery.
RMPCC-MF failed-iterate infeasibility candidates:
  - {'constraint': 'row_g_hard_guard', 'stages': array([ 1,  2,  3,  4,  5,  6,  7,  8,  9, 10, 11, 12, 13, 14, 15, 16, 17,
       18, 19, 20]), 'minimum_residual': -0.01137515327334404}
RMPCC-MF inactive Row M stages are trivially feasible.
RMPCC-MF minimum box residuals [state | input]: 3.9e-08 | 0.0
SQP_RTI solver failed with status 4. Starting infeasible recovery.
Backup solver is unavailable; falling back to safe stop.
Applied nominal_safe_controller safe-stop plan after infeasible RMPCC-MF solve.
[RMPCC 0131] SAFE_STOP solve=249.5ms pose=(1.134,0.594,0.632) u=(0.000,0.000) s=1.344 PSDFmin=-0.01038 G=FAIL(-0.01138) MF=inactive(active=0/20)
Acados solver failed with status 4
Acados residuals [stat, eq, ineq, comp]: [100.        0.        0.01138   0.     ]
Acados SQP iterations: 1
RMPCC-MF diagnostics captured before infeasibility recovery.
RMPCC-MF failed-iterate infeasibility candidates:
  - {'constraint': 'row_g_hard_guard', 'stages': array([ 1,  2,  3,  4,  5,  6,  7,  8,  9, 10, 11, 12, 13, 14, 15, 16, 17,
       18, 19, 20]), 'minimum_residual': -0.01137515327334404}
RMPCC-MF inactive Row M stages are trivially feasible.
RMPCC-MF minimum box residuals [state | input]: 3.9e-08 | 0.0
SQP_RTI solver failed with status 4. Starting infeasible recovery.
Backup solver is unavailable; falling back to safe stop.
Applied nominal_safe_controller safe-stop plan after infeasible RMPCC-MF solve.
[RMPCC 0132] SAFE_STOP solve=246.8ms pose=(1.134,0.594,0.632) u=(0.000,0.000) s=1.344 PSDFmin=-0.01038 G=FAIL(-0.01138) MF=inactive(active=0/20)
Acados solver failed with status 4
Acados residuals [stat, eq, ineq, comp]: [100.        0.        0.01138   0.     ]
Acados SQP iterations: 1
RMPCC-MF diagnostics captured before infeasibility recovery.
RMPCC-MF failed-iterate infeasibility candidates:
  - {'constraint': 'row_g_hard_guard', 'stages': array([ 1,  2,  3,  4,  5,  6,  7,  8,  9, 10, 11, 12, 13, 14, 15, 16, 17,
       18, 19, 20]), 'minimum_residual': -0.01137515327334404}
RMPCC-MF inactive Row M stages are trivially feasible.
RMPCC-MF minimum box residuals [state | input]: 3.9e-08 | 0.0
SQP_RTI solver failed with status 4. Starting infeasible recovery.
Backup solver is unavailable; falling back to safe stop.
Applied nominal_safe_controller safe-stop plan after infeasible RMPCC-MF solve.
[RMPCC 0133] SAFE_STOP solve=242.4ms pose=(1.134,0.594,0.632) u=(0.000,0.000) s=1.344 PSDFmin=-0.01038 G=FAIL(-0.01138) MF=inactive(active=0/20)
Acados solver failed with status 4
Acados residuals [stat, eq, ineq, comp]: [100.        0.        0.01138   0.     ]
Acados SQP iterations: 1
RMPCC-MF diagnostics captured before infeasibility recovery.
RMPCC-MF failed-iterate infeasibility candidates:
  - {'constraint': 'row_g_hard_guard', 'stages': array([ 1,  2,  3,  4,  5,  6,  7,  8,  9, 10, 11, 12, 13, 14, 15, 16, 17,
       18, 19, 20]), 'minimum_residual': -0.01137515327334404}
RMPCC-MF inactive Row M stages are trivially feasible.
RMPCC-MF minimum box residuals [state | input]: 3.9e-08 | 0.0
SQP_RTI solver failed with status 4. Starting infeasible recovery.
Backup solver is unavailable; falling back to safe stop.
Applied nominal_safe_controller safe-stop plan after infeasible RMPCC-MF solve.
[RMPCC 0134] SAFE_STOP solve=244.1ms pose=(1.134,0.594,0.632) u=(0.000,0.000) s=1.344 PSDFmin=-0.01038 G=FAIL(-0.01138) MF=inactive(active=0/20)
Acados solver failed with status 4
Acados residuals [stat, eq, ineq, comp]: [100.        0.        0.01138   0.     ]
Acados SQP iterations: 1
RMPCC-MF diagnostics captured before infeasibility recovery.
RMPCC-MF failed-iterate infeasibility candidates:
  - {'constraint': 'row_g_hard_guard', 'stages': array([ 1,  2,  3,  4,  5,  6,  7,  8,  9, 10, 11, 12, 13, 14, 15, 16, 17,
       18, 19, 20]), 'minimum_residual': -0.01137515327334404}
RMPCC-MF inactive Row M stages are trivially feasible.
RMPCC-MF minimum box residuals [state | input]: 3.9e-08 | 0.0
SQP_RTI solver failed with status 4. Starting infeasible recovery.
Backup solver is unavailable; falling back to safe stop.
Applied nominal_safe_controller safe-stop plan after infeasible RMPCC-MF solve.
[RMPCC 0135] SAFE_STOP solve=250.5ms pose=(1.134,0.594,0.632) u=(0.000,0.000) s=1.344 PSDFmin=-0.01038 G=FAIL(-0.01138) MF=inactive(active=0/20)
Acados solver failed with status 4
Acados residuals [stat, eq, ineq, comp]: [100.        0.        0.01138   0.     ]
Acados SQP iterations: 1
RMPCC-MF diagnostics captured before infeasibility recovery.
RMPCC-MF failed-iterate infeasibility candidates:
  - {'constraint': 'row_g_hard_guard', 'stages': array([ 1,  2,  3,  4,  5,  6,  7,  8,  9, 10, 11, 12, 13, 14, 15, 16, 17,
       18, 19, 20]), 'minimum_residual': -0.01137515327334404}
RMPCC-MF inactive Row M stages are trivially feasible.
RMPCC-MF minimum box residuals [state | input]: 3.9e-08 | 0.0
SQP_RTI solver failed with status 4. Starting infeasible recovery.
Backup solver is unavailable; falling back to safe stop.
Applied nominal_safe_controller safe-stop plan after infeasible RMPCC-MF solve.
[RMPCC 0136] SAFE_STOP solve=245.6ms pose=(1.134,0.594,0.632) u=(0.000,0.000) s=1.344 PSDFmin=-0.01038 G=FAIL(-0.01138) MF=inactive(active=0/20)
Acados solver failed with status 4
Acados residuals [stat, eq, ineq, comp]: [100.        0.        0.01138   0.     ]
Acados SQP iterations: 1
RMPCC-MF diagnostics captured before infeasibility recovery.
RMPCC-MF failed-iterate infeasibility candidates:
  - {'constraint': 'row_g_hard_guard', 'stages': array([ 1,  2,  3,  4,  5,  6,  7,  8,  9, 10, 11, 12, 13, 14, 15, 16, 17,
       18, 19, 20]), 'minimum_residual': -0.01137515327334404}
RMPCC-MF inactive Row M stages are trivially feasible.
RMPCC-MF minimum box residuals [state | input]: 3.9e-08 | 0.0
SQP_RTI solver failed with status 4. Starting infeasible recovery.
Backup solver is unavailable; falling back to safe stop.
Applied nominal_safe_controller safe-stop plan after infeasible RMPCC-MF solve.
[RMPCC 0137] SAFE_STOP solve=238.9ms pose=(1.134,0.594,0.632) u=(0.000,0.000) s=1.344 PSDFmin=-0.01038 G=FAIL(-0.01138) MF=inactive(active=0/20)
Acados solver failed with status 4
Acados residuals [stat, eq, ineq, comp]: [100.        0.        0.01138   0.     ]
Acados SQP iterations: 1
RMPCC-MF diagnostics captured before infeasibility recovery.
RMPCC-MF failed-iterate infeasibility candidates:
  - {'constraint': 'row_g_hard_guard', 'stages': array([ 1,  2,  3,  4,  5,  6,  7,  8,  9, 10, 11, 12, 13, 14, 15, 16, 17,
       18, 19, 20]), 'minimum_residual': -0.01137515327334404}
RMPCC-MF inactive Row M stages are trivially feasible.
RMPCC-MF minimum box residuals [state | input]: 3.9e-08 | 0.0
SQP_RTI solver failed with status 4. Starting infeasible recovery.
Backup solver is unavailable; falling back to safe stop.
Applied nominal_safe_controller safe-stop plan after infeasible RMPCC-MF solve.
[RMPCC 0138] SAFE_STOP solve=293.5ms pose=(1.134,0.594,0.632) u=(0.000,0.000) s=1.344 PSDFmin=-0.01038 G=FAIL(-0.01138) MF=inactive(active=0/20)
Acados solver failed with status 4
Acados residuals [stat, eq, ineq, comp]: [100.        0.        0.01138   0.     ]
Acados SQP iterations: 1
RMPCC-MF diagnostics captured before infeasibility recovery.
RMPCC-MF failed-iterate infeasibility candidates:
  - {'constraint': 'row_g_hard_guard', 'stages': array([ 1,  2,  3,  4,  5,  6,  7,  8,  9, 10, 11, 12, 13, 14, 15, 16, 17,
       18, 19, 20]), 'minimum_residual': -0.01137515327334404}
RMPCC-MF inactive Row M stages are trivially feasible.
RMPCC-MF minimum box residuals [state | input]: 3.9e-08 | 0.0
SQP_RTI solver failed with status 4. Starting infeasible recovery.
Backup solver is unavailable; falling back to safe stop.
Applied nominal_safe_controller safe-stop plan after infeasible RMPCC-MF solve.
[RMPCC 0139] SAFE_STOP solve=249.8ms pose=(1.134,0.594,0.632) u=(0.000,0.000) s=1.344 PSDFmin=-0.01038 G=FAIL(-0.01138) MF=inactive(active=0/20)
Acados solver failed with status 4
Acados residuals [stat, eq, ineq, comp]: [100.        0.        0.01138   0.     ]
Acados SQP iterations: 1
RMPCC-MF diagnostics captured before infeasibility recovery.
RMPCC-MF failed-iterate infeasibility candidates:
  - {'constraint': 'row_g_hard_guard', 'stages': array([ 1,  2,  3,  4,  5,  6,  7,  8,  9, 10, 11, 12, 13, 14, 15, 16, 17,
       18, 19, 20]), 'minimum_residual': -0.01137515327334404}
RMPCC-MF inactive Row M stages are trivially feasible.
RMPCC-MF minimum box residuals [state | input]: 3.9e-08 | 0.0
SQP_RTI solver failed with status 4. Starting infeasible recovery.
Backup solver is unavailable; falling back to safe stop.
Applied nominal_safe_controller safe-stop plan after infeasible RMPCC-MF solve.
[RMPCC 0140] SAFE_STOP solve=246.5ms pose=(1.134,0.594,0.632) u=(0.000,0.000) s=1.344 PSDFmin=-0.01038 G=FAIL(-0.01138) MF=inactive(active=0/20)
Acados solver failed with status 4
Acados residuals [stat, eq, ineq, comp]: [100.        0.        0.01138   0.     ]
Acados SQP iterations: 1
RMPCC-MF diagnostics captured before infeasibility recovery.
RMPCC-MF failed-iterate infeasibility candidates:
  - {'constraint': 'row_g_hard_guard', 'stages': array([ 1,  2,  3,  4,  5,  6,  7,  8,  9, 10, 11, 12, 13, 14, 15, 16, 17,
       18, 19, 20]), 'minimum_residual': -0.01137515327334404}
RMPCC-MF inactive Row M stages are trivially feasible.
RMPCC-MF minimum box residuals [state | input]: 3.9e-08 | 0.0
SQP_RTI solver failed with status 4. Starting infeasible recovery.
Backup solver is unavailable; falling back to safe stop.
Applied nominal_safe_controller safe-stop plan after infeasible RMPCC-MF solve.
[RMPCC 0141] SAFE_STOP solve=250.6ms pose=(1.134,0.594,0.632) u=(0.000,0.000) s=1.344 PSDFmin=-0.01038 G=FAIL(-0.01138) MF=inactive(active=0/20)
Acados solver failed with status 4
Acados residuals [stat, eq, ineq, comp]: [100.        0.        0.01138   0.     ]
Acados SQP iterations: 1
RMPCC-MF diagnostics captured before infeasibility recovery.
RMPCC-MF failed-iterate infeasibility candidates:
  - {'constraint': 'row_g_hard_guard', 'stages': array([ 1,  2,  3,  4,  5,  6,  7,  8,  9, 10, 11, 12, 13, 14, 15, 16, 17,
       18, 19, 20]), 'minimum_residual': -0.01137515327334404}
RMPCC-MF inactive Row M stages are trivially feasible.
RMPCC-MF minimum box residuals [state | input]: 3.9e-08 | 0.0
SQP_RTI solver failed with status 4. Starting infeasible recovery.
Backup solver is unavailable; falling back to safe stop.
Applied nominal_safe_controller safe-stop plan after infeasible RMPCC-MF solve.
[RMPCC 0142] SAFE_STOP solve=248.2ms pose=(1.134,0.594,0.632) u=(0.000,0.000) s=1.344 PSDFmin=-0.01038 G=FAIL(-0.01138) MF=inactive(active=0/20)
Acados solver failed with status 4
Acados residuals [stat, eq, ineq, comp]: [100.        0.        0.01138   0.     ]
Acados SQP iterations: 1
RMPCC-MF diagnostics captured before infeasibility recovery.
RMPCC-MF failed-iterate infeasibility candidates:
  - {'constraint': 'row_g_hard_guard', 'stages': array([ 1,  2,  3,  4,  5,  6,  7,  8,  9, 10, 11, 12, 13, 14, 15, 16, 17,
       18, 19, 20]), 'minimum_residual': -0.01137515327334404}
RMPCC-MF inactive Row M stages are trivially feasible.
RMPCC-MF minimum box residuals [state | input]: 3.9e-08 | 0.0
SQP_RTI solver failed with status 4. Starting infeasible recovery.
Backup solver is unavailable; falling back to safe stop.
Applied nominal_safe_controller safe-stop plan after infeasible RMPCC-MF solve.
[RMPCC 0143] SAFE_STOP solve=247.2ms pose=(1.134,0.594,0.632) u=(0.000,0.000) s=1.344 PSDFmin=-0.01038 G=FAIL(-0.01138) MF=inactive(active=0/20)
Acados solver failed with status 4
Acados residuals [stat, eq, ineq, comp]: [100.        0.        0.01138   0.     ]
Acados SQP iterations: 1
RMPCC-MF diagnostics captured before infeasibility recovery.
RMPCC-MF failed-iterate infeasibility candidates:
  - {'constraint': 'row_g_hard_guard', 'stages': array([ 1,  2,  3,  4,  5,  6,  7,  8,  9, 10, 11, 12, 13, 14, 15, 16, 17,
       18, 19, 20]), 'minimum_residual': -0.01137515327334404}
RMPCC-MF inactive Row M stages are trivially feasible.
RMPCC-MF minimum box residuals [state | input]: 3.9e-08 | 0.0
SQP_RTI solver failed with status 4. Starting infeasible recovery.
Backup solver is unavailable; falling back to safe stop.
Applied nominal_safe_controller safe-stop plan after infeasible RMPCC-MF solve.
[RMPCC 0144] SAFE_STOP solve=256.2ms pose=(1.134,0.594,0.632) u=(0.000,0.000) s=1.344 PSDFmin=-0.01038 G=FAIL(-0.01138) MF=inactive(active=0/20)
Acados solver failed with status 4
Acados residuals [stat, eq, ineq, comp]: [100.        0.        0.01138   0.     ]
Acados SQP iterations: 1
RMPCC-MF diagnostics captured before infeasibility recovery.
RMPCC-MF failed-iterate infeasibility candidates:
  - {'constraint': 'row_g_hard_guard', 'stages': array([ 1,  2,  3,  4,  5,  6,  7,  8,  9, 10, 11, 12, 13, 14, 15, 16, 17,
       18, 19, 20]), 'minimum_residual': -0.01137515327334404}
RMPCC-MF inactive Row M stages are trivially feasible.
RMPCC-MF minimum box residuals [state | input]: 3.9e-08 | 0.0
SQP_RTI solver failed with status 4. Starting infeasible recovery.
Backup solver is unavailable; falling back to safe stop.
Applied nominal_safe_controller safe-stop plan after infeasible RMPCC-MF solve.
[RMPCC 0145] SAFE_STOP solve=242.0ms pose=(1.134,0.594,0.632) u=(0.000,0.000) s=1.344 PSDFmin=-0.01038 G=FAIL(-0.01138) MF=inactive(active=0/20)
Acados solver failed with status 4
Acados residuals [stat, eq, ineq, comp]: [100.        0.        0.01138   0.     ]
Acados SQP iterations: 1
RMPCC-MF diagnostics captured before infeasibility recovery.
RMPCC-MF failed-iterate infeasibility candidates:
  - {'constraint': 'row_g_hard_guard', 'stages': array([ 1,  2,  3,  4,  5,  6,  7,  8,  9, 10, 11, 12, 13, 14, 15, 16, 17,
       18, 19, 20]), 'minimum_residual': -0.01137515327334404}
RMPCC-MF inactive Row M stages are trivially feasible.
RMPCC-MF minimum box residuals [state | input]: 3.9e-08 | 0.0
SQP_RTI solver failed with status 4. Starting infeasible recovery.
Backup solver is unavailable; falling back to safe stop.
Applied nominal_safe_controller safe-stop plan after infeasible RMPCC-MF solve.
[RMPCC 0146] SAFE_STOP solve=217.5ms pose=(1.134,0.594,0.632) u=(0.000,0.000) s=1.344 PSDFmin=-0.01038 G=FAIL(-0.01138) MF=inactive(active=0/20)
Acados solver failed with status 4
Acados residuals [stat, eq, ineq, comp]: [100.        0.        0.01138   0.     ]
Acados SQP iterations: 1
RMPCC-MF diagnostics captured before infeasibility recovery.
RMPCC-MF failed-iterate infeasibility candidates:
  - {'constraint': 'row_g_hard_guard', 'stages': array([ 1,  2,  3,  4,  5,  6,  7,  8,  9, 10, 11, 12, 13, 14, 15, 16, 17,
       18, 19, 20]), 'minimum_residual': -0.01137515327334404}
RMPCC-MF inactive Row M stages are trivially feasible.
RMPCC-MF minimum box residuals [state | input]: 3.9e-08 | 0.0
SQP_RTI solver failed with status 4. Starting infeasible recovery.
Backup solver is unavailable; falling back to safe stop.
Applied nominal_safe_controller safe-stop plan after infeasible RMPCC-MF solve.
[RMPCC 0147] SAFE_STOP solve=226.6ms pose=(1.134,0.594,0.632) u=(0.000,0.000) s=1.344 PSDFmin=-0.01038 G=FAIL(-0.01138) MF=inactive(active=0/20)
Acados solver failed with status 4
Acados residuals [stat, eq, ineq, comp]: [100.        0.        0.01138   0.     ]
Acados SQP iterations: 1
RMPCC-MF diagnostics captured before infeasibility recovery.
RMPCC-MF failed-iterate infeasibility candidates:
  - {'constraint': 'row_g_hard_guard', 'stages': array([ 1,  2,  3,  4,  5,  6,  7,  8,  9, 10, 11, 12, 13, 14, 15, 16, 17,
       18, 19, 20]), 'minimum_residual': -0.01137515327334404}
RMPCC-MF inactive Row M stages are trivially feasible.
RMPCC-MF minimum box residuals [state | input]: 3.9e-08 | 0.0
SQP_RTI solver failed with status 4. Starting infeasible recovery.
Backup solver is unavailable; falling back to safe stop.
Applied nominal_safe_controller safe-stop plan after infeasible RMPCC-MF solve.
[RMPCC 0148] SAFE_STOP solve=240.0ms pose=(1.134,0.594,0.632) u=(0.000,0.000) s=1.344 PSDFmin=-0.01038 G=FAIL(-0.01138) MF=inactive(active=0/20)
Acados solver failed with status 4
Acados residuals [stat, eq, ineq, comp]: [100.        0.        0.01138   0.     ]
Acados SQP iterations: 1
RMPCC-MF diagnostics captured before infeasibility recovery.
RMPCC-MF failed-iterate infeasibility candidates:
  - {'constraint': 'row_g_hard_guard', 'stages': array([ 1,  2,  3,  4,  5,  6,  7,  8,  9, 10, 11, 12, 13, 14, 15, 16, 17,
       18, 19, 20]), 'minimum_residual': -0.01137515327334404}
RMPCC-MF inactive Row M stages are trivially feasible.
RMPCC-MF minimum box residuals [state | input]: 3.9e-08 | 0.0
SQP_RTI solver failed with status 4. Starting infeasible recovery.
Backup solver is unavailable; falling back to safe stop.
Applied nominal_safe_controller safe-stop plan after infeasible RMPCC-MF solve.
[RMPCC 0149] SAFE_STOP solve=227.7ms pose=(1.134,0.594,0.632) u=(0.000,0.000) s=1.344 PSDFmin=-0.01038 G=FAIL(-0.01138) MF=inactive(active=0/20)
Acados solver failed with status 4
Acados residuals [stat, eq, ineq, comp]: [100.        0.        0.01138   0.     ]
Acados SQP iterations: 1
RMPCC-MF diagnostics captured before infeasibility recovery.
RMPCC-MF failed-iterate infeasibility candidates:
  - {'constraint': 'row_g_hard_guard', 'stages': array([ 1,  2,  3,  4,  5,  6,  7,  8,  9, 10, 11, 12, 13, 14, 15, 16, 17,
       18, 19, 20]), 'minimum_residual': -0.01137515327334404}
RMPCC-MF inactive Row M stages are trivially feasible.
RMPCC-MF minimum box residuals [state | input]: 3.9e-08 | 0.0
SQP_RTI solver failed with status 4. Starting infeasible recovery.
Backup solver is unavailable; falling back to safe stop.
Applied nominal_safe_controller safe-stop plan after infeasible RMPCC-MF solve.
[RMPCC 0150] SAFE_STOP solve=227.2ms pose=(1.134,0.594,0.632) u=(0.000,0.000) s=1.344 PSDFmin=-0.01038 G=FAIL(-0.01138) MF=inactive(active=0/20)
Acados solver failed with status 4
Acados residuals [stat, eq, ineq, comp]: [100.        0.        0.01138   0.     ]
Acados SQP iterations: 1
RMPCC-MF diagnostics captured before infeasibility recovery.
RMPCC-MF failed-iterate infeasibility candidates:
  - {'constraint': 'row_g_hard_guard', 'stages': array([ 1,  2,  3,  4,  5,  6,  7,  8,  9, 10, 11, 12, 13, 14, 15, 16, 17,
       18, 19, 20]), 'minimum_residual': -0.01137515327334404}
RMPCC-MF inactive Row M stages are trivially feasible.
RMPCC-MF minimum box residuals [state | input]: 3.9e-08 | 0.0
SQP_RTI solver failed with status 4. Starting infeasible recovery.
Backup solver is unavailable; falling back to safe stop.
Applied nominal_safe_controller safe-stop plan after infeasible RMPCC-MF solve.
[RMPCC 0151] SAFE_STOP solve=220.8ms pose=(1.134,0.594,0.632) u=(0.000,0.000) s=1.344 PSDFmin=-0.01038 G=FAIL(-0.01138) MF=inactive(active=0/20)
Acados solver failed with status 4
Acados residuals [stat, eq, ineq, comp]: [100.        0.        0.01138   0.     ]
Acados SQP iterations: 1
RMPCC-MF diagnostics captured before infeasibility recovery.
RMPCC-MF failed-iterate infeasibility candidates:
  - {'constraint': 'row_g_hard_guard', 'stages': array([ 1,  2,  3,  4,  5,  6,  7,  8,  9, 10, 11, 12, 13, 14, 15, 16, 17,
       18, 19, 20]), 'minimum_residual': -0.01137515327334404}
RMPCC-MF inactive Row M stages are trivially feasible.
RMPCC-MF minimum box residuals [state | input]: 3.9e-08 | 0.0
SQP_RTI solver failed with status 4. Starting infeasible recovery.
Backup solver is unavailable; falling back to safe stop.
Applied nominal_safe_controller safe-stop plan after infeasible RMPCC-MF solve.
[RMPCC 0152] SAFE_STOP solve=217.0ms pose=(1.134,0.594,0.632) u=(0.000,0.000) s=1.344 PSDFmin=-0.01038 G=FAIL(-0.01138) MF=inactive(active=0/20)
Acados solver failed with status 4
Acados residuals [stat, eq, ineq, comp]: [100.        0.        0.01138   0.     ]
Acados SQP iterations: 1
RMPCC-MF diagnostics captured before infeasibility recovery.
RMPCC-MF failed-iterate infeasibility candidates:
  - {'constraint': 'row_g_hard_guard', 'stages': array([ 1,  2,  3,  4,  5,  6,  7,  8,  9, 10, 11, 12, 13, 14, 15, 16, 17,
       18, 19, 20]), 'minimum_residual': -0.01137515327334404}
RMPCC-MF inactive Row M stages are trivially feasible.
RMPCC-MF minimum box residuals [state | input]: 3.9e-08 | 0.0
SQP_RTI solver failed with status 4. Starting infeasible recovery.
Backup solver is unavailable; falling back to safe stop.
Applied nominal_safe_controller safe-stop plan after infeasible RMPCC-MF solve.
[RMPCC 0153] SAFE_STOP solve=214.5ms pose=(1.134,0.594,0.632) u=(0.000,0.000) s=1.344 PSDFmin=-0.01038 G=FAIL(-0.01138) MF=inactive(active=0/20)
Acados solver failed with status 4
Acados residuals [stat, eq, ineq, comp]: [100.        0.        0.01138   0.     ]
Acados SQP iterations: 1
RMPCC-MF diagnostics captured before infeasibility recovery.
RMPCC-MF failed-iterate infeasibility candidates:
  - {'constraint': 'row_g_hard_guard', 'stages': array([ 1,  2,  3,  4,  5,  6,  7,  8,  9, 10, 11, 12, 13, 14, 15, 16, 17,
       18, 19, 20]), 'minimum_residual': -0.01137515327334404}
RMPCC-MF inactive Row M stages are trivially feasible.
RMPCC-MF minimum box residuals [state | input]: 3.9e-08 | 0.0
SQP_RTI solver failed with status 4. Starting infeasible recovery.
Backup solver is unavailable; falling back to safe stop.
Applied nominal_safe_controller safe-stop plan after infeasible RMPCC-MF solve.
[RMPCC 0154] SAFE_STOP solve=220.2ms pose=(1.134,0.594,0.632) u=(0.000,0.000) s=1.344 PSDFmin=-0.01038 G=FAIL(-0.01138) MF=inactive(active=0/20)
Acados solver failed with status 4
Acados residuals [stat, eq, ineq, comp]: [100.        0.        0.01138   0.     ]
Acados SQP iterations: 1
RMPCC-MF diagnostics captured before infeasibility recovery.
RMPCC-MF failed-iterate infeasibility candidates:
  - {'constraint': 'row_g_hard_guard', 'stages': array([ 1,  2,  3,  4,  5,  6,  7,  8,  9, 10, 11, 12, 13, 14, 15, 16, 17,
       18, 19, 20]), 'minimum_residual': -0.01137515327334404}
RMPCC-MF inactive Row M stages are trivially feasible.
RMPCC-MF minimum box residuals [state | input]: 3.9e-08 | 0.0
SQP_RTI solver failed with status 4. Starting infeasible recovery.
Backup solver is unavailable; falling back to safe stop.
Applied nominal_safe_controller safe-stop plan after infeasible RMPCC-MF solve.
[RMPCC 0155] SAFE_STOP solve=227.1ms pose=(1.134,0.594,0.632) u=(0.000,0.000) s=1.344 PSDFmin=-0.01038 G=FAIL(-0.01138) MF=inactive(active=0/20)
Acados solver failed with status 4
Acados residuals [stat, eq, ineq, comp]: [100.        0.        0.01138   0.     ]
Acados SQP iterations: 1
RMPCC-MF diagnostics captured before infeasibility recovery.
RMPCC-MF failed-iterate infeasibility candidates:
  - {'constraint': 'row_g_hard_guard', 'stages': array([ 1,  2,  3,  4,  5,  6,  7,  8,  9, 10, 11, 12, 13, 14, 15, 16, 17,
       18, 19, 20]), 'minimum_residual': -0.01137515327334404}
RMPCC-MF inactive Row M stages are trivially feasible.
RMPCC-MF minimum box residuals [state | input]: 3.9e-08 | 0.0
SQP_RTI solver failed with status 4. Starting infeasible recovery.
Backup solver is unavailable; falling back to safe stop.
Applied nominal_safe_controller safe-stop plan after infeasible RMPCC-MF solve.
[RMPCC 0156] SAFE_STOP solve=238.6ms pose=(1.134,0.594,0.632) u=(0.000,0.000) s=1.344 PSDFmin=-0.01038 G=FAIL(-0.01138) MF=inactive(active=0/20)
Acados solver failed with status 4
Acados residuals [stat, eq, ineq, comp]: [100.        0.        0.01138   0.     ]
Acados SQP iterations: 1
RMPCC-MF diagnostics captured before infeasibility recovery.
RMPCC-MF failed-iterate infeasibility candidates:
  - {'constraint': 'row_g_hard_guard', 'stages': array([ 1,  2,  3,  4,  5,  6,  7,  8,  9, 10, 11, 12, 13, 14, 15, 16, 17,
       18, 19, 20]), 'minimum_residual': -0.01137515327334404}
RMPCC-MF inactive Row M stages are trivially feasible.
RMPCC-MF minimum box residuals [state | input]: 3.9e-08 | 0.0
SQP_RTI solver failed with status 4. Starting infeasible recovery.
Backup solver is unavailable; falling back to safe stop.
Applied nominal_safe_controller safe-stop plan after infeasible RMPCC-MF solve.
[RMPCC 0157] SAFE_STOP solve=220.2ms pose=(1.134,0.594,0.632) u=(0.000,0.000) s=1.344 PSDFmin=-0.01038 G=FAIL(-0.01138) MF=inactive(active=0/20)
Acados solver failed with status 4
Acados residuals [stat, eq, ineq, comp]: [100.        0.        0.01138   0.     ]
Acados SQP iterations: 1
RMPCC-MF diagnostics captured before infeasibility recovery.
RMPCC-MF failed-iterate infeasibility candidates:
  - {'constraint': 'row_g_hard_guard', 'stages': array([ 1,  2,  3,  4,  5,  6,  7,  8,  9, 10, 11, 12, 13, 14, 15, 16, 17,
       18, 19, 20]), 'minimum_residual': -0.01137515327334404}
RMPCC-MF inactive Row M stages are trivially feasible.
RMPCC-MF minimum box residuals [state | input]: 3.9e-08 | 0.0
SQP_RTI solver failed with status 4. Starting infeasible recovery.
Backup solver is unavailable; falling back to safe stop.
Applied nominal_safe_controller safe-stop plan after infeasible RMPCC-MF solve.
[RMPCC 0158] SAFE_STOP solve=250.5ms pose=(1.134,0.594,0.632) u=(0.000,0.000) s=1.344 PSDFmin=-0.01038 G=FAIL(-0.01138) MF=inactive(active=0/20)
Acados solver failed with status 4
Acados residuals [stat, eq, ineq, comp]: [100.        0.        0.01138   0.     ]
Acados SQP iterations: 1
RMPCC-MF diagnostics captured before infeasibility recovery.
RMPCC-MF failed-iterate infeasibility candidates:
  - {'constraint': 'row_g_hard_guard', 'stages': array([ 1,  2,  3,  4,  5,  6,  7,  8,  9, 10, 11, 12, 13, 14, 15, 16, 17,
       18, 19, 20]), 'minimum_residual': -0.01137515327334404}
RMPCC-MF inactive Row M stages are trivially feasible.
RMPCC-MF minimum box residuals [state | input]: 3.9e-08 | 0.0
SQP_RTI solver failed with status 4. Starting infeasible recovery.
Backup solver is unavailable; falling back to safe stop.
Applied nominal_safe_controller safe-stop plan after infeasible RMPCC-MF solve.
[RMPCC 0159] SAFE_STOP solve=235.9ms pose=(1.134,0.594,0.632) u=(0.000,0.000) s=1.344 PSDFmin=-0.01038 G=FAIL(-0.01138) MF=inactive(active=0/20)
Acados solver failed with status 4
Acados residuals [stat, eq, ineq, comp]: [100.        0.        0.01138   0.     ]
Acados SQP iterations: 1
RMPCC-MF diagnostics captured before infeasibility recovery.
RMPCC-MF failed-iterate infeasibility candidates:
  - {'constraint': 'row_g_hard_guard', 'stages': array([ 1,  2,  3,  4,  5,  6,  7,  8,  9, 10, 11, 12, 13, 14, 15, 16, 17,
       18, 19, 20]), 'minimum_residual': -0.01137515327334404}
RMPCC-MF inactive Row M stages are trivially feasible.
RMPCC-MF minimum box residuals [state | input]: 3.9e-08 | 0.0
SQP_RTI solver failed with status 4. Starting infeasible recovery.
Backup solver is unavailable; falling back to safe stop.
Applied nominal_safe_controller safe-stop plan after infeasible RMPCC-MF solve.
[RMPCC 0160] SAFE_STOP solve=218.5ms pose=(1.134,0.594,0.632) u=(0.000,0.000) s=1.344 PSDFmin=-0.01038 G=FAIL(-0.01138) MF=inactive(active=0/20)
Acados solver failed with status 4
Acados residuals [stat, eq, ineq, comp]: [100.        0.        0.01138   0.     ]
Acados SQP iterations: 1
RMPCC-MF diagnostics captured before infeasibility recovery.
RMPCC-MF failed-iterate infeasibility candidates:
  - {'constraint': 'row_g_hard_guard', 'stages': array([ 1,  2,  3,  4,  5,  6,  7,  8,  9, 10, 11, 12, 13, 14, 15, 16, 17,
       18, 19, 20]), 'minimum_residual': -0.01137515327334404}
RMPCC-MF inactive Row M stages are trivially feasible.
RMPCC-MF minimum box residuals [state | input]: 3.9e-08 | 0.0
SQP_RTI solver failed with status 4. Starting infeasible recovery.
Backup solver is unavailable; falling back to safe stop.
Applied nominal_safe_controller safe-stop plan after infeasible RMPCC-MF solve.
[RMPCC 0161] SAFE_STOP solve=234.0ms pose=(1.134,0.594,0.632) u=(0.000,0.000) s=1.344 PSDFmin=-0.01038 G=FAIL(-0.01138) MF=inactive(active=0/20)
Acados solver failed with status 4
Acados residuals [stat, eq, ineq, comp]: [100.        0.        0.01138   0.     ]
Acados SQP iterations: 1
RMPCC-MF diagnostics captured before infeasibility recovery.
RMPCC-MF failed-iterate infeasibility candidates:
  - {'constraint': 'row_g_hard_guard', 'stages': array([ 1,  2,  3,  4,  5,  6,  7,  8,  9, 10, 11, 12, 13, 14, 15, 16, 17,
       18, 19, 20]), 'minimum_residual': -0.01137515327334404}
RMPCC-MF inactive Row M stages are trivially feasible.
RMPCC-MF minimum box residuals [state | input]: 3.9e-08 | 0.0
SQP_RTI solver failed with status 4. Starting infeasible recovery.
Backup solver is unavailable; falling back to safe stop.
Applied nominal_safe_controller safe-stop plan after infeasible RMPCC-MF solve.
[RMPCC 0162] SAFE_STOP solve=237.0ms pose=(1.134,0.594,0.632) u=(0.000,0.000) s=1.344 PSDFmin=-0.01038 G=FAIL(-0.01138) MF=inactive(active=0/20)
Acados solver failed with status 4
Acados residuals [stat, eq, ineq, comp]: [100.        0.        0.01138   0.     ]
Acados SQP iterations: 1
RMPCC-MF diagnostics captured before infeasibility recovery.
RMPCC-MF failed-iterate infeasibility candidates:
  - {'constraint': 'row_g_hard_guard', 'stages': array([ 1,  2,  3,  4,  5,  6,  7,  8,  9, 10, 11, 12, 13, 14, 15, 16, 17,
       18, 19, 20]), 'minimum_residual': -0.01137515327334404}
RMPCC-MF inactive Row M stages are trivially feasible.
RMPCC-MF minimum box residuals [state | input]: 3.9e-08 | 0.0
SQP_RTI solver failed with status 4. Starting infeasible recovery.
Backup solver is unavailable; falling back to safe stop.
Applied nominal_safe_controller safe-stop plan after infeasible RMPCC-MF solve.
[RMPCC 0163] SAFE_STOP solve=217.2ms pose=(1.134,0.594,0.632) u=(0.000,0.000) s=1.344 PSDFmin=-0.01038 G=FAIL(-0.01138) MF=inactive(active=0/20)
Acados solver failed with status 4
Acados residuals [stat, eq, ineq, comp]: [100.        0.        0.01138   0.     ]
Acados SQP iterations: 1
RMPCC-MF diagnostics captured before infeasibility recovery.
RMPCC-MF failed-iterate infeasibility candidates:
  - {'constraint': 'row_g_hard_guard', 'stages': array([ 1,  2,  3,  4,  5,  6,  7,  8,  9, 10, 11, 12, 13, 14, 15, 16, 17,
       18, 19, 20]), 'minimum_residual': -0.01137515327334404}
RMPCC-MF inactive Row M stages are trivially feasible.
RMPCC-MF minimum box residuals [state | input]: 3.9e-08 | 0.0
SQP_RTI solver failed with status 4. Starting infeasible recovery.
Backup solver is unavailable; falling back to safe stop.
Applied nominal_safe_controller safe-stop plan after infeasible RMPCC-MF solve.
[RMPCC 0164] SAFE_STOP solve=220.0ms pose=(1.134,0.594,0.632) u=(0.000,0.000) s=1.344 PSDFmin=-0.01038 G=FAIL(-0.01138) MF=inactive(active=0/20)
Acados solver failed with status 4
Acados residuals [stat, eq, ineq, comp]: [100.        0.        0.01138   0.     ]
Acados SQP iterations: 1
RMPCC-MF diagnostics captured before infeasibility recovery.
RMPCC-MF failed-iterate infeasibility candidates:
  - {'constraint': 'row_g_hard_guard', 'stages': array([ 1,  2,  3,  4,  5,  6,  7,  8,  9, 10, 11, 12, 13, 14, 15, 16, 17,
       18, 19, 20]), 'minimum_residual': -0.01137515327334404}
RMPCC-MF inactive Row M stages are trivially feasible.
RMPCC-MF minimum box residuals [state | input]: 3.9e-08 | 0.0
SQP_RTI solver failed with status 4. Starting infeasible recovery.
Backup solver is unavailable; falling back to safe stop.
Applied nominal_safe_controller safe-stop plan after infeasible RMPCC-MF solve.
[RMPCC 0165] SAFE_STOP solve=224.8ms pose=(1.134,0.594,0.632) u=(0.000,0.000) s=1.344 PSDFmin=-0.01038 G=FAIL(-0.01138) MF=inactive(active=0/20)
Acados solver failed with status 4
Acados residuals [stat, eq, ineq, comp]: [100.        0.        0.01138   0.     ]
Acados SQP iterations: 1
RMPCC-MF diagnostics captured before infeasibility recovery.
RMPCC-MF failed-iterate infeasibility candidates:
  - {'constraint': 'row_g_hard_guard', 'stages': array([ 1,  2,  3,  4,  5,  6,  7,  8,  9, 10, 11, 12, 13, 14, 15, 16, 17,
       18, 19, 20]), 'minimum_residual': -0.01137515327334404}
RMPCC-MF inactive Row M stages are trivially feasible.
RMPCC-MF minimum box residuals [state | input]: 3.9e-08 | 0.0
SQP_RTI solver failed with status 4. Starting infeasible recovery.
Backup solver is unavailable; falling back to safe stop.
Applied nominal_safe_controller safe-stop plan after infeasible RMPCC-MF solve.
[RMPCC 0166] SAFE_STOP solve=219.9ms pose=(1.134,0.594,0.632) u=(0.000,0.000) s=1.344 PSDFmin=-0.01038 G=FAIL(-0.01138) MF=inactive(active=0/20)
Acados solver failed with status 4
Acados residuals [stat, eq, ineq, comp]: [100.        0.        0.01138   0.     ]
Acados SQP iterations: 1
RMPCC-MF diagnostics captured before infeasibility recovery.
RMPCC-MF failed-iterate infeasibility candidates:
  - {'constraint': 'row_g_hard_guard', 'stages': array([ 1,  2,  3,  4,  5,  6,  7,  8,  9, 10, 11, 12, 13, 14, 15, 16, 17,
       18, 19, 20]), 'minimum_residual': -0.01137515327334404}
RMPCC-MF inactive Row M stages are trivially feasible.
RMPCC-MF minimum box residuals [state | input]: 3.9e-08 | 0.0
SQP_RTI solver failed with status 4. Starting infeasible recovery.
Backup solver is unavailable; falling back to safe stop.
Applied nominal_safe_controller safe-stop plan after infeasible RMPCC-MF solve.
[RMPCC 0167] SAFE_STOP solve=231.1ms pose=(1.134,0.594,0.632) u=(0.000,0.000) s=1.344 PSDFmin=-0.01038 G=FAIL(-0.01138) MF=inactive(active=0/20)
Acados solver failed with status 4
Acados residuals [stat, eq, ineq, comp]: [100.        0.        0.01138   0.     ]
Acados SQP iterations: 1
RMPCC-MF diagnostics captured before infeasibility recovery.
RMPCC-MF failed-iterate infeasibility candidates:
  - {'constraint': 'row_g_hard_guard', 'stages': array([ 1,  2,  3,  4,  5,  6,  7,  8,  9, 10, 11, 12, 13, 14, 15, 16, 17,
       18, 19, 20]), 'minimum_residual': -0.01137515327334404}
RMPCC-MF inactive Row M stages are trivially feasible.
RMPCC-MF minimum box residuals [state | input]: 3.9e-08 | 0.0
SQP_RTI solver failed with status 4. Starting infeasible recovery.
Backup solver is unavailable; falling back to safe stop.
Applied nominal_safe_controller safe-stop plan after infeasible RMPCC-MF solve.
[RMPCC 0168] SAFE_STOP solve=234.9ms pose=(1.134,0.594,0.632) u=(0.000,0.000) s=1.344 PSDFmin=-0.01038 G=FAIL(-0.01138) MF=inactive(active=0/20)
Acados solver failed with status 4
Acados residuals [stat, eq, ineq, comp]: [100.        0.        0.01138   0.     ]
Acados SQP iterations: 1
RMPCC-MF diagnostics captured before infeasibility recovery.
RMPCC-MF failed-iterate infeasibility candidates:
  - {'constraint': 'row_g_hard_guard', 'stages': array([ 1,  2,  3,  4,  5,  6,  7,  8,  9, 10, 11, 12, 13, 14, 15, 16, 17,
       18, 19, 20]), 'minimum_residual': -0.01137515327334404}
RMPCC-MF inactive Row M stages are trivially feasible.
RMPCC-MF minimum box residuals [state | input]: 3.9e-08 | 0.0
SQP_RTI solver failed with status 4. Starting infeasible recovery.
Backup solver is unavailable; falling back to safe stop.
Applied nominal_safe_controller safe-stop plan after infeasible RMPCC-MF solve.
[RMPCC 0169] SAFE_STOP solve=225.7ms pose=(1.134,0.594,0.632) u=(0.000,0.000) s=1.344 PSDFmin=-0.01038 G=FAIL(-0.01138) MF=inactive(active=0/20)
Acados solver failed with status 4
Acados residuals [stat, eq, ineq, comp]: [100.        0.        0.01138   0.     ]
Acados SQP iterations: 1
RMPCC-MF diagnostics captured before infeasibility recovery.
RMPCC-MF failed-iterate infeasibility candidates:
  - {'constraint': 'row_g_hard_guard', 'stages': array([ 1,  2,  3,  4,  5,  6,  7,  8,  9, 10, 11, 12, 13, 14, 15, 16, 17,
       18, 19, 20]), 'minimum_residual': -0.01137515327334404}
RMPCC-MF inactive Row M stages are trivially feasible.
RMPCC-MF minimum box residuals [state | input]: 3.9e-08 | 0.0
SQP_RTI solver failed with status 4. Starting infeasible recovery.
Backup solver is unavailable; falling back to safe stop.
Applied nominal_safe_controller safe-stop plan after infeasible RMPCC-MF solve.
[RMPCC 0170] SAFE_STOP solve=213.9ms pose=(1.134,0.594,0.632) u=(0.000,0.000) s=1.344 PSDFmin=-0.01038 G=FAIL(-0.01138) MF=inactive(active=0/20)
Acados solver failed with status 4
Acados residuals [stat, eq, ineq, comp]: [100.        0.        0.01138   0.     ]
Acados SQP iterations: 1
RMPCC-MF diagnostics captured before infeasibility recovery.
RMPCC-MF failed-iterate infeasibility candidates:
  - {'constraint': 'row_g_hard_guard', 'stages': array([ 1,  2,  3,  4,  5,  6,  7,  8,  9, 10, 11, 12, 13, 14, 15, 16, 17,
       18, 19, 20]), 'minimum_residual': -0.01137515327334404}
RMPCC-MF inactive Row M stages are trivially feasible.
RMPCC-MF minimum box residuals [state | input]: 3.9e-08 | 0.0
SQP_RTI solver failed with status 4. Starting infeasible recovery.
Backup solver is unavailable; falling back to safe stop.
Applied nominal_safe_controller safe-stop plan after infeasible RMPCC-MF solve.
[RMPCC 0171] SAFE_STOP solve=268.8ms pose=(1.134,0.594,0.632) u=(0.000,0.000) s=1.344 PSDFmin=-0.01038 G=FAIL(-0.01138) MF=inactive(active=0/20)
Acados solver failed with status 4
Acados residuals [stat, eq, ineq, comp]: [100.        0.        0.01138   0.     ]
Acados SQP iterations: 1
RMPCC-MF diagnostics captured before infeasibility recovery.
RMPCC-MF failed-iterate infeasibility candidates:
  - {'constraint': 'row_g_hard_guard', 'stages': array([ 1,  2,  3,  4,  5,  6,  7,  8,  9, 10, 11, 12, 13, 14, 15, 16, 17,
       18, 19, 20]), 'minimum_residual': -0.01137515327334404}
RMPCC-MF inactive Row M stages are trivially feasible.
RMPCC-MF minimum box residuals [state | input]: 3.9e-08 | 0.0
SQP_RTI solver failed with status 4. Starting infeasible recovery.
Backup solver is unavailable; falling back to safe stop.
Applied nominal_safe_controller safe-stop plan after infeasible RMPCC-MF solve.
[RMPCC 0172] SAFE_STOP solve=247.8ms pose=(1.134,0.594,0.632) u=(0.000,0.000) s=1.344 PSDFmin=-0.01038 G=FAIL(-0.01138) MF=inactive(active=0/20)
Acados solver failed with status 4
Acados residuals [stat, eq, ineq, comp]: [100.        0.        0.01138   0.     ]
Acados SQP iterations: 1
RMPCC-MF diagnostics captured before infeasibility recovery.
RMPCC-MF failed-iterate infeasibility candidates:
  - {'constraint': 'row_g_hard_guard', 'stages': array([ 1,  2,  3,  4,  5,  6,  7,  8,  9, 10, 11, 12, 13, 14, 15, 16, 17,
       18, 19, 20]), 'minimum_residual': -0.01137515327334404}
RMPCC-MF inactive Row M stages are trivially feasible.
RMPCC-MF minimum box residuals [state | input]: 3.9e-08 | 0.0
SQP_RTI solver failed with status 4. Starting infeasible recovery.
Backup solver is unavailable; falling back to safe stop.
Applied nominal_safe_controller safe-stop plan after infeasible RMPCC-MF solve.
[RMPCC 0173] SAFE_STOP solve=245.0ms pose=(1.134,0.594,0.632) u=(0.000,0.000) s=1.344 PSDFmin=-0.01038 G=FAIL(-0.01138) MF=inactive(active=0/20)
Acados solver failed with status 4
Acados residuals [stat, eq, ineq, comp]: [100.        0.        0.01138   0.     ]
Acados SQP iterations: 1
RMPCC-MF diagnostics captured before infeasibility recovery.
RMPCC-MF failed-iterate infeasibility candidates:
  - {'constraint': 'row_g_hard_guard', 'stages': array([ 1,  2,  3,  4,  5,  6,  7,  8,  9, 10, 11, 12, 13, 14, 15, 16, 17,
       18, 19, 20]), 'minimum_residual': -0.01137515327334404}
RMPCC-MF inactive Row M stages are trivially feasible.
RMPCC-MF minimum box residuals [state | input]: 3.9e-08 | 0.0
SQP_RTI solver failed with status 4. Starting infeasible recovery.
Backup solver is unavailable; falling back to safe stop.
Applied nominal_safe_controller safe-stop plan after infeasible RMPCC-MF solve.
[RMPCC 0174] SAFE_STOP solve=228.3ms pose=(1.134,0.594,0.632) u=(0.000,0.000) s=1.344 PSDFmin=-0.01038 G=FAIL(-0.01138) MF=inactive(active=0/20)
Acados solver failed with status 4
Acados residuals [stat, eq, ineq, comp]: [100.        0.        0.01138   0.     ]
Acados SQP iterations: 1
RMPCC-MF diagnostics captured before infeasibility recovery.
RMPCC-MF failed-iterate infeasibility candidates:
  - {'constraint': 'row_g_hard_guard', 'stages': array([ 1,  2,  3,  4,  5,  6,  7,  8,  9, 10, 11, 12, 13, 14, 15, 16, 17,
       18, 19, 20]), 'minimum_residual': -0.01137515327334404}
RMPCC-MF inactive Row M stages are trivially feasible.
RMPCC-MF minimum box residuals [state | input]: 3.9e-08 | 0.0
SQP_RTI solver failed with status 4. Starting infeasible recovery.
Backup solver is unavailable; falling back to safe stop.
Applied nominal_safe_controller safe-stop plan after infeasible RMPCC-MF solve.
[RMPCC 0175] SAFE_STOP solve=249.0ms pose=(1.134,0.594,0.632) u=(0.000,0.000) s=1.344 PSDFmin=-0.01038 G=FAIL(-0.01138) MF=inactive(active=0/20)
Acados solver failed with status 4
Acados residuals [stat, eq, ineq, comp]: [100.        0.        0.01138   0.     ]
Acados SQP iterations: 1
RMPCC-MF diagnostics captured before infeasibility recovery.
RMPCC-MF failed-iterate infeasibility candidates:
  - {'constraint': 'row_g_hard_guard', 'stages': array([ 1,  2,  3,  4,  5,  6,  7,  8,  9, 10, 11, 12, 13, 14, 15, 16, 17,
       18, 19, 20]), 'minimum_residual': -0.01137515327334404}
RMPCC-MF inactive Row M stages are trivially feasible.
RMPCC-MF minimum box residuals [state | input]: 3.9e-08 | 0.0
SQP_RTI solver failed with status 4. Starting infeasible recovery.
Backup solver is unavailable; falling back to safe stop.
Applied nominal_safe_controller safe-stop plan after infeasible RMPCC-MF solve.
[RMPCC 0176] SAFE_STOP solve=242.6ms pose=(1.134,0.594,0.632) u=(0.000,0.000) s=1.344 PSDFmin=-0.01038 G=FAIL(-0.01138) MF=inactive(active=0/20)
Acados solver failed with status 4
Acados residuals [stat, eq, ineq, comp]: [100.        0.        0.01138   0.     ]
Acados SQP iterations: 1
RMPCC-MF diagnostics captured before infeasibility recovery.
RMPCC-MF failed-iterate infeasibility candidates:
  - {'constraint': 'row_g_hard_guard', 'stages': array([ 1,  2,  3,  4,  5,  6,  7,  8,  9, 10, 11, 12, 13, 14, 15, 16, 17,
       18, 19, 20]), 'minimum_residual': -0.01137515327334404}
RMPCC-MF inactive Row M stages are trivially feasible.
RMPCC-MF minimum box residuals [state | input]: 3.9e-08 | 0.0
SQP_RTI solver failed with status 4. Starting infeasible recovery.
Backup solver is unavailable; falling back to safe stop.
Applied nominal_safe_controller safe-stop plan after infeasible RMPCC-MF solve.
[RMPCC 0177] SAFE_STOP solve=229.2ms pose=(1.134,0.594,0.632) u=(0.000,0.000) s=1.344 PSDFmin=-0.01038 G=FAIL(-0.01138) MF=inactive(active=0/20)
Acados solver failed with status 4
Acados residuals [stat, eq, ineq, comp]: [100.        0.        0.01138   0.     ]
Acados SQP iterations: 1
RMPCC-MF diagnostics captured before infeasibility recovery.
RMPCC-MF failed-iterate infeasibility candidates:
  - {'constraint': 'row_g_hard_guard', 'stages': array([ 1,  2,  3,  4,  5,  6,  7,  8,  9, 10, 11, 12, 13, 14, 15, 16, 17,
       18, 19, 20]), 'minimum_residual': -0.01137515327334404}
RMPCC-MF inactive Row M stages are trivially feasible.
RMPCC-MF minimum box residuals [state | input]: 3.9e-08 | 0.0
SQP_RTI solver failed with status 4. Starting infeasible recovery.
Backup solver is unavailable; falling back to safe stop.
Applied nominal_safe_controller safe-stop plan after infeasible RMPCC-MF solve.
[RMPCC 0178] SAFE_STOP solve=235.2ms pose=(1.134,0.594,0.632) u=(0.000,0.000) s=1.344 PSDFmin=-0.01038 G=FAIL(-0.01138) MF=inactive(active=0/20)
Acados solver failed with status 4
Acados residuals [stat, eq, ineq, comp]: [100.        0.        0.01138   0.     ]
Acados SQP iterations: 1
RMPCC-MF diagnostics captured before infeasibility recovery.
RMPCC-MF failed-iterate infeasibility candidates:
  - {'constraint': 'row_g_hard_guard', 'stages': array([ 1,  2,  3,  4,  5,  6,  7,  8,  9, 10, 11, 12, 13, 14, 15, 16, 17,
       18, 19, 20]), 'minimum_residual': -0.01137515327334404}
RMPCC-MF inactive Row M stages are trivially feasible.
RMPCC-MF minimum box residuals [state | input]: 3.9e-08 | 0.0
SQP_RTI solver failed with status 4. Starting infeasible recovery.
Backup solver is unavailable; falling back to safe stop.
Applied nominal_safe_controller safe-stop plan after infeasible RMPCC-MF solve.
[RMPCC 0179] SAFE_STOP solve=228.5ms pose=(1.134,0.594,0.632) u=(0.000,0.000) s=1.344 PSDFmin=-0.01038 G=FAIL(-0.01138) MF=inactive(active=0/20)
Acados solver failed with status 4
Acados residuals [stat, eq, ineq, comp]: [100.        0.        0.01138   0.     ]
Acados SQP iterations: 1
RMPCC-MF diagnostics captured before infeasibility recovery.
RMPCC-MF failed-iterate infeasibility candidates:
  - {'constraint': 'row_g_hard_guard', 'stages': array([ 1,  2,  3,  4,  5,  6,  7,  8,  9, 10, 11, 12, 13, 14, 15, 16, 17,
       18, 19, 20]), 'minimum_residual': -0.01137515327334404}
RMPCC-MF inactive Row M stages are trivially feasible.
RMPCC-MF minimum box residuals [state | input]: 3.9e-08 | 0.0
SQP_RTI solver failed with status 4. Starting infeasible recovery.
Backup solver is unavailable; falling back to safe stop.
Applied nominal_safe_controller safe-stop plan after infeasible RMPCC-MF solve.
[RMPCC 0180] SAFE_STOP solve=221.7ms pose=(1.134,0.594,0.632) u=(0.000,0.000) s=1.344 PSDFmin=-0.01038 G=FAIL(-0.01138) MF=inactive(active=0/20)
Acados solver failed with status 4
Acados residuals [stat, eq, ineq, comp]: [100.        0.        0.01138   0.     ]
Acados SQP iterations: 1
RMPCC-MF diagnostics captured before infeasibility recovery.
RMPCC-MF failed-iterate infeasibility candidates:
  - {'constraint': 'row_g_hard_guard', 'stages': array([ 1,  2,  3,  4,  5,  6,  7,  8,  9, 10, 11, 12, 13, 14, 15, 16, 17,
       18, 19, 20]), 'minimum_residual': -0.01137515327334404}
RMPCC-MF inactive Row M stages are trivially feasible.
RMPCC-MF minimum box residuals [state | input]: 3.9e-08 | 0.0
SQP_RTI solver failed with status 4. Starting infeasible recovery.
Backup solver is unavailable; falling back to safe stop.
Applied nominal_safe_controller safe-stop plan after infeasible RMPCC-MF solve.
[RMPCC 0181] SAFE_STOP solve=227.8ms pose=(1.134,0.594,0.632) u=(0.000,0.000) s=1.344 PSDFmin=-0.01038 G=FAIL(-0.01138) MF=inactive(active=0/20)
Acados solver failed with status 4
Acados residuals [stat, eq, ineq, comp]: [100.        0.        0.01138   0.     ]
Acados SQP iterations: 1
RMPCC-MF diagnostics captured before infeasibility recovery.
RMPCC-MF failed-iterate infeasibility candidates:
  - {'constraint': 'row_g_hard_guard', 'stages': array([ 1,  2,  3,  4,  5,  6,  7,  8,  9, 10, 11, 12, 13, 14, 15, 16, 17,
       18, 19, 20]), 'minimum_residual': -0.01137515327334404}
RMPCC-MF inactive Row M stages are trivially feasible.
RMPCC-MF minimum box residuals [state | input]: 3.9e-08 | 0.0
SQP_RTI solver failed with status 4. Starting infeasible recovery.
Backup solver is unavailable; falling back to safe stop.
Applied nominal_safe_controller safe-stop plan after infeasible RMPCC-MF solve.
[RMPCC 0182] SAFE_STOP solve=215.8ms pose=(1.134,0.594,0.632) u=(0.000,0.000) s=1.344 PSDFmin=-0.01038 G=FAIL(-0.01138) MF=inactive(active=0/20)
Acados solver failed with status 4
Acados residuals [stat, eq, ineq, comp]: [100.        0.        0.01138   0.     ]
Acados SQP iterations: 1
RMPCC-MF diagnostics captured before infeasibility recovery.
RMPCC-MF failed-iterate infeasibility candidates:
  - {'constraint': 'row_g_hard_guard', 'stages': array([ 1,  2,  3,  4,  5,  6,  7,  8,  9, 10, 11, 12, 13, 14, 15, 16, 17,
       18, 19, 20]), 'minimum_residual': -0.01137515327334404}
RMPCC-MF inactive Row M stages are trivially feasible.
RMPCC-MF minimum box residuals [state | input]: 3.9e-08 | 0.0
SQP_RTI solver failed with status 4. Starting infeasible recovery.
Backup solver is unavailable; falling back to safe stop.
Applied nominal_safe_controller safe-stop plan after infeasible RMPCC-MF solve.
[RMPCC 0183] SAFE_STOP solve=217.6ms pose=(1.134,0.594,0.632) u=(0.000,0.000) s=1.344 PSDFmin=-0.01038 G=FAIL(-0.01138) MF=inactive(active=0/20)
Acados solver failed with status 4
Acados residuals [stat, eq, ineq, comp]: [100.        0.        0.01138   0.     ]
Acados SQP iterations: 1
RMPCC-MF diagnostics captured before infeasibility recovery.
RMPCC-MF failed-iterate infeasibility candidates:
  - {'constraint': 'row_g_hard_guard', 'stages': array([ 1,  2,  3,  4,  5,  6,  7,  8,  9, 10, 11, 12, 13, 14, 15, 16, 17,
       18, 19, 20]), 'minimum_residual': -0.01137515327334404}
RMPCC-MF inactive Row M stages are trivially feasible.
RMPCC-MF minimum box residuals [state | input]: 3.9e-08 | 0.0
SQP_RTI solver failed with status 4. Starting infeasible recovery.
Backup solver is unavailable; falling back to safe stop.
Applied nominal_safe_controller safe-stop plan after infeasible RMPCC-MF solve.
[RMPCC 0184] SAFE_STOP solve=215.3ms pose=(1.134,0.594,0.632) u=(0.000,0.000) s=1.344 PSDFmin=-0.01038 G=FAIL(-0.01138) MF=inactive(active=0/20)
Acados solver failed with status 4
Acados residuals [stat, eq, ineq, comp]: [100.        0.        0.01138   0.     ]
Acados SQP iterations: 1
RMPCC-MF diagnostics captured before infeasibility recovery.
RMPCC-MF failed-iterate infeasibility candidates:
  - {'constraint': 'row_g_hard_guard', 'stages': array([ 1,  2,  3,  4,  5,  6,  7,  8,  9, 10, 11, 12, 13, 14, 15, 16, 17,
       18, 19, 20]), 'minimum_residual': -0.01137515327334404}
RMPCC-MF inactive Row M stages are trivially feasible.
RMPCC-MF minimum box residuals [state | input]: 3.9e-08 | 0.0
SQP_RTI solver failed with status 4. Starting infeasible recovery.
Backup solver is unavailable; falling back to safe stop.
Applied nominal_safe_controller safe-stop plan after infeasible RMPCC-MF solve.
[RMPCC 0185] SAFE_STOP solve=226.0ms pose=(1.134,0.594,0.632) u=(0.000,0.000) s=1.344 PSDFmin=-0.01038 G=FAIL(-0.01138) MF=inactive(active=0/20)
Acados solver failed with status 4
Acados residuals [stat, eq, ineq, comp]: [100.        0.        0.01138   0.     ]
Acados SQP iterations: 1
RMPCC-MF diagnostics captured before infeasibility recovery.
RMPCC-MF failed-iterate infeasibility candidates:
  - {'constraint': 'row_g_hard_guard', 'stages': array([ 1,  2,  3,  4,  5,  6,  7,  8,  9, 10, 11, 12, 13, 14, 15, 16, 17,
       18, 19, 20]), 'minimum_residual': -0.01137515327334404}
RMPCC-MF inactive Row M stages are trivially feasible.
RMPCC-MF minimum box residuals [state | input]: 3.9e-08 | 0.0
SQP_RTI solver failed with status 4. Starting infeasible recovery.
Backup solver is unavailable; falling back to safe stop.
Applied nominal_safe_controller safe-stop plan after infeasible RMPCC-MF solve.
[RMPCC 0186] SAFE_STOP solve=230.1ms pose=(1.134,0.594,0.632) u=(0.000,0.000) s=1.344 PSDFmin=-0.01038 G=FAIL(-0.01138) MF=inactive(active=0/20)
Acados solver failed with status 4
Acados residuals [stat, eq, ineq, comp]: [100.        0.        0.01138   0.     ]
Acados SQP iterations: 1
RMPCC-MF diagnostics captured before infeasibility recovery.
RMPCC-MF failed-iterate infeasibility candidates:
  - {'constraint': 'row_g_hard_guard', 'stages': array([ 1,  2,  3,  4,  5,  6,  7,  8,  9, 10, 11, 12, 13, 14, 15, 16, 17,
       18, 19, 20]), 'minimum_residual': -0.01137515327334404}
RMPCC-MF inactive Row M stages are trivially feasible.
RMPCC-MF minimum box residuals [state | input]: 3.9e-08 | 0.0
SQP_RTI solver failed with status 4. Starting infeasible recovery.
Backup solver is unavailable; falling back to safe stop.
Applied nominal_safe_controller safe-stop plan after infeasible RMPCC-MF solve.
[RMPCC 0187] SAFE_STOP solve=225.8ms pose=(1.134,0.594,0.632) u=(0.000,0.000) s=1.344 PSDFmin=-0.01038 G=FAIL(-0.01138) MF=inactive(active=0/20)
Acados solver failed with status 4
Acados residuals [stat, eq, ineq, comp]: [100.        0.        0.01138   0.     ]
Acados SQP iterations: 1
RMPCC-MF diagnostics captured before infeasibility recovery.
RMPCC-MF failed-iterate infeasibility candidates:
  - {'constraint': 'row_g_hard_guard', 'stages': array([ 1,  2,  3,  4,  5,  6,  7,  8,  9, 10, 11, 12, 13, 14, 15, 16, 17,
       18, 19, 20]), 'minimum_residual': -0.01137515327334404}
RMPCC-MF inactive Row M stages are trivially feasible.
RMPCC-MF minimum box residuals [state | input]: 3.9e-08 | 0.0
SQP_RTI solver failed with status 4. Starting infeasible recovery.
Backup solver is unavailable; falling back to safe stop.
Applied nominal_safe_controller safe-stop plan after infeasible RMPCC-MF solve.
[RMPCC 0188] SAFE_STOP solve=239.2ms pose=(1.134,0.594,0.632) u=(0.000,0.000) s=1.344 PSDFmin=-0.01038 G=FAIL(-0.01138) MF=inactive(active=0/20)
Acados solver failed with status 4
Acados residuals [stat, eq, ineq, comp]: [100.        0.        0.01138   0.     ]
Acados SQP iterations: 1
RMPCC-MF diagnostics captured before infeasibility recovery.
RMPCC-MF failed-iterate infeasibility candidates:
  - {'constraint': 'row_g_hard_guard', 'stages': array([ 1,  2,  3,  4,  5,  6,  7,  8,  9, 10, 11, 12, 13, 14, 15, 16, 17,
       18, 19, 20]), 'minimum_residual': -0.01137515327334404}
RMPCC-MF inactive Row M stages are trivially feasible.
RMPCC-MF minimum box residuals [state | input]: 3.9e-08 | 0.0
SQP_RTI solver failed with status 4. Starting infeasible recovery.
Backup solver is unavailable; falling back to safe stop.
Applied nominal_safe_controller safe-stop plan after infeasible RMPCC-MF solve.
[RMPCC 0189] SAFE_STOP solve=241.8ms pose=(1.134,0.594,0.632) u=(0.000,0.000) s=1.344 PSDFmin=-0.01038 G=FAIL(-0.01138) MF=inactive(active=0/20)
Acados solver failed with status 4
Acados residuals [stat, eq, ineq, comp]: [100.        0.        0.01138   0.     ]
Acados SQP iterations: 1
RMPCC-MF diagnostics captured before infeasibility recovery.
RMPCC-MF failed-iterate infeasibility candidates:
  - {'constraint': 'row_g_hard_guard', 'stages': array([ 1,  2,  3,  4,  5,  6,  7,  8,  9, 10, 11, 12, 13, 14, 15, 16, 17,
       18, 19, 20]), 'minimum_residual': -0.01137515327334404}
RMPCC-MF inactive Row M stages are trivially feasible.
RMPCC-MF minimum box residuals [state | input]: 3.9e-08 | 0.0
SQP_RTI solver failed with status 4. Starting infeasible recovery.
Backup solver is unavailable; falling back to safe stop.
Applied nominal_safe_controller safe-stop plan after infeasible RMPCC-MF solve.
[RMPCC 0190] SAFE_STOP solve=239.7ms pose=(1.134,0.594,0.632) u=(0.000,0.000) s=1.344 PSDFmin=-0.01038 G=FAIL(-0.01138) MF=inactive(active=0/20)
Acados solver failed with status 4
Acados residuals [stat, eq, ineq, comp]: [100.        0.        0.01138   0.     ]
Acados SQP iterations: 1
RMPCC-MF diagnostics captured before infeasibility recovery.
RMPCC-MF failed-iterate infeasibility candidates:
  - {'constraint': 'row_g_hard_guard', 'stages': array([ 1,  2,  3,  4,  5,  6,  7,  8,  9, 10, 11, 12, 13, 14, 15, 16, 17,
       18, 19, 20]), 'minimum_residual': -0.01137515327334404}
RMPCC-MF inactive Row M stages are trivially feasible.
RMPCC-MF minimum box residuals [state | input]: 3.9e-08 | 0.0
SQP_RTI solver failed with status 4. Starting infeasible recovery.
Backup solver is unavailable; falling back to safe stop.
Applied nominal_safe_controller safe-stop plan after infeasible RMPCC-MF solve.
[RMPCC 0191] SAFE_STOP solve=236.0ms pose=(1.134,0.594,0.632) u=(0.000,0.000) s=1.344 PSDFmin=-0.01038 G=FAIL(-0.01138) MF=inactive(active=0/20)
Acados solver failed with status 4
Acados residuals [stat, eq, ineq, comp]: [100.        0.        0.01138   0.     ]
Acados SQP iterations: 1
RMPCC-MF diagnostics captured before infeasibility recovery.
RMPCC-MF failed-iterate infeasibility candidates:
  - {'constraint': 'row_g_hard_guard', 'stages': array([ 1,  2,  3,  4,  5,  6,  7,  8,  9, 10, 11, 12, 13, 14, 15, 16, 17,
       18, 19, 20]), 'minimum_residual': -0.01137515327334404}
RMPCC-MF inactive Row M stages are trivially feasible.
RMPCC-MF minimum box residuals [state | input]: 3.9e-08 | 0.0
SQP_RTI solver failed with status 4. Starting infeasible recovery.
Backup solver is unavailable; falling back to safe stop.
Applied nominal_safe_controller safe-stop plan after infeasible RMPCC-MF solve.
[RMPCC 0192] SAFE_STOP solve=231.9ms pose=(1.134,0.594,0.632) u=(0.000,0.000) s=1.344 PSDFmin=-0.01038 G=FAIL(-0.01138) MF=inactive(active=0/20)
Acados solver failed with status 4
Acados residuals [stat, eq, ineq, comp]: [100.        0.        0.01138   0.     ]
Acados SQP iterations: 1
RMPCC-MF diagnostics captured before infeasibility recovery.
RMPCC-MF failed-iterate infeasibility candidates:
  - {'constraint': 'row_g_hard_guard', 'stages': array([ 1,  2,  3,  4,  5,  6,  7,  8,  9, 10, 11, 12, 13, 14, 15, 16, 17,
       18, 19, 20]), 'minimum_residual': -0.01137515327334404}
RMPCC-MF inactive Row M stages are trivially feasible.
RMPCC-MF minimum box residuals [state | input]: 3.9e-08 | 0.0
SQP_RTI solver failed with status 4. Starting infeasible recovery.
Backup solver is unavailable; falling back to safe stop.
Applied nominal_safe_controller safe-stop plan after infeasible RMPCC-MF solve.
[RMPCC 0193] SAFE_STOP solve=228.0ms pose=(1.134,0.594,0.632) u=(0.000,0.000) s=1.344 PSDFmin=-0.01038 G=FAIL(-0.01138) MF=inactive(active=0/20)
Acados solver failed with status 4
Acados residuals [stat, eq, ineq, comp]: [100.        0.        0.01138   0.     ]
Acados SQP iterations: 1
RMPCC-MF diagnostics captured before infeasibility recovery.
RMPCC-MF failed-iterate infeasibility candidates:
  - {'constraint': 'row_g_hard_guard', 'stages': array([ 1,  2,  3,  4,  5,  6,  7,  8,  9, 10, 11, 12, 13, 14, 15, 16, 17,
       18, 19, 20]), 'minimum_residual': -0.01137515327334404}
RMPCC-MF inactive Row M stages are trivially feasible.
RMPCC-MF minimum box residuals [state | input]: 3.9e-08 | 0.0
SQP_RTI solver failed with status 4. Starting infeasible recovery.
Backup solver is unavailable; falling back to safe stop.
Applied nominal_safe_controller safe-stop plan after infeasible RMPCC-MF solve.
[RMPCC 0194] SAFE_STOP solve=230.5ms pose=(1.134,0.594,0.632) u=(0.000,0.000) s=1.344 PSDFmin=-0.01038 G=FAIL(-0.01138) MF=inactive(active=0/20)
Acados solver failed with status 4
Acados residuals [stat, eq, ineq, comp]: [100.        0.        0.01138   0.     ]
Acados SQP iterations: 1
RMPCC-MF diagnostics captured before infeasibility recovery.
RMPCC-MF failed-iterate infeasibility candidates:
  - {'constraint': 'row_g_hard_guard', 'stages': array([ 1,  2,  3,  4,  5,  6,  7,  8,  9, 10, 11, 12, 13, 14, 15, 16, 17,
       18, 19, 20]), 'minimum_residual': -0.01137515327334404}
RMPCC-MF inactive Row M stages are trivially feasible.
RMPCC-MF minimum box residuals [state | input]: 3.9e-08 | 0.0
SQP_RTI solver failed with status 4. Starting infeasible recovery.
Backup solver is unavailable; falling back to safe stop.
Applied nominal_safe_controller safe-stop plan after infeasible RMPCC-MF solve.
[RMPCC 0195] SAFE_STOP solve=218.9ms pose=(1.134,0.594,0.632) u=(0.000,0.000) s=1.344 PSDFmin=-0.01038 G=FAIL(-0.01138) MF=inactive(active=0/20)
Acados solver failed with status 4
Acados residuals [stat, eq, ineq, comp]: [100.        0.        0.01138   0.     ]
Acados SQP iterations: 1
RMPCC-MF diagnostics captured before infeasibility recovery.
RMPCC-MF failed-iterate infeasibility candidates:
  - {'constraint': 'row_g_hard_guard', 'stages': array([ 1,  2,  3,  4,  5,  6,  7,  8,  9, 10, 11, 12, 13, 14, 15, 16, 17,
       18, 19, 20]), 'minimum_residual': -0.01137515327334404}
RMPCC-MF inactive Row M stages are trivially feasible.
RMPCC-MF minimum box residuals [state | input]: 3.9e-08 | 0.0
SQP_RTI solver failed with status 4. Starting infeasible recovery.
Backup solver is unavailable; falling back to safe stop.
Applied nominal_safe_controller safe-stop plan after infeasible RMPCC-MF solve.
[RMPCC 0196] SAFE_STOP solve=214.0ms pose=(1.134,0.594,0.632) u=(0.000,0.000) s=1.344 PSDFmin=-0.01038 G=FAIL(-0.01138) MF=inactive(active=0/20)
Acados solver failed with status 4
Acados residuals [stat, eq, ineq, comp]: [100.        0.        0.01138   0.     ]
Acados SQP iterations: 1
RMPCC-MF diagnostics captured before infeasibility recovery.
RMPCC-MF failed-iterate infeasibility candidates:
  - {'constraint': 'row_g_hard_guard', 'stages': array([ 1,  2,  3,  4,  5,  6,  7,  8,  9, 10, 11, 12, 13, 14, 15, 16, 17,
       18, 19, 20]), 'minimum_residual': -0.01137515327334404}
RMPCC-MF inactive Row M stages are trivially feasible.
RMPCC-MF minimum box residuals [state | input]: 3.9e-08 | 0.0
SQP_RTI solver failed with status 4. Starting infeasible recovery.
Backup solver is unavailable; falling back to safe stop.
Applied nominal_safe_controller safe-stop plan after infeasible RMPCC-MF solve.
[RMPCC 0197] SAFE_STOP solve=212.0ms pose=(1.134,0.594,0.632) u=(0.000,0.000) s=1.344 PSDFmin=-0.01038 G=FAIL(-0.01138) MF=inactive(active=0/20)
Acados solver failed with status 4
Acados residuals [stat, eq, ineq, comp]: [100.        0.        0.01138   0.     ]
Acados SQP iterations: 1
RMPCC-MF diagnostics captured before infeasibility recovery.
RMPCC-MF failed-iterate infeasibility candidates:
  - {'constraint': 'row_g_hard_guard', 'stages': array([ 1,  2,  3,  4,  5,  6,  7,  8,  9, 10, 11, 12, 13, 14, 15, 16, 17,
       18, 19, 20]), 'minimum_residual': -0.01137515327334404}
RMPCC-MF inactive Row M stages are trivially feasible.
RMPCC-MF minimum box residuals [state | input]: 3.9e-08 | 0.0
SQP_RTI solver failed with status 4. Starting infeasible recovery.
Backup solver is unavailable; falling back to safe stop.
Applied nominal_safe_controller safe-stop plan after infeasible RMPCC-MF solve.
[RMPCC 0198] SAFE_STOP solve=231.8ms pose=(1.134,0.594,0.632) u=(0.000,0.000) s=1.344 PSDFmin=-0.01038 G=FAIL(-0.01138) MF=inactive(active=0/20)
Acados solver failed with status 4
Acados residuals [stat, eq, ineq, comp]: [100.        0.        0.01138   0.     ]
Acados SQP iterations: 1
RMPCC-MF diagnostics captured before infeasibility recovery.
RMPCC-MF failed-iterate infeasibility candidates:
  - {'constraint': 'row_g_hard_guard', 'stages': array([ 1,  2,  3,  4,  5,  6,  7,  8,  9, 10, 11, 12, 13, 14, 15, 16, 17,
       18, 19, 20]), 'minimum_residual': -0.01137515327334404}
RMPCC-MF inactive Row M stages are trivially feasible.
RMPCC-MF minimum box residuals [state | input]: 3.9e-08 | 0.0
SQP_RTI solver failed with status 4. Starting infeasible recovery.
Backup solver is unavailable; falling back to safe stop.
Applied nominal_safe_controller safe-stop plan after infeasible RMPCC-MF solve.
[RMPCC 0199] SAFE_STOP solve=234.2ms pose=(1.134,0.594,0.632) u=(0.000,0.000) s=1.344 PSDFmin=-0.01038 G=FAIL(-0.01138) MF=inactive(active=0/20)
Acados solver failed with status 4
Acados residuals [stat, eq, ineq, comp]: [100.        0.        0.01138   0.     ]
Acados SQP iterations: 1
RMPCC-MF diagnostics captured before infeasibility recovery.
RMPCC-MF failed-iterate infeasibility candidates:
  - {'constraint': 'row_g_hard_guard', 'stages': array([ 1,  2,  3,  4,  5,  6,  7,  8,  9, 10, 11, 12, 13, 14, 15, 16, 17,
       18, 19, 20]), 'minimum_residual': -0.01137515327334404}
RMPCC-MF inactive Row M stages are trivially feasible.
RMPCC-MF minimum box residuals [state | input]: 3.9e-08 | 0.0
SQP_RTI solver failed with status 4. Starting infeasible recovery.
Backup solver is unavailable; falling back to safe stop.
Applied nominal_safe_controller safe-stop plan after infeasible RMPCC-MF solve.
[RMPCC 0200] SAFE_STOP solve=210.5ms pose=(1.134,0.594,0.632) u=(0.000,0.000) s=1.344 PSDFmin=-0.01038 G=FAIL(-0.01138) MF=inactive(active=0/20)
Acados solver failed with status 4
Acados residuals [stat, eq, ineq, comp]: [100.        0.        0.01138   0.     ]
Acados SQP iterations: 1
RMPCC-MF diagnostics captured before infeasibility recovery.
RMPCC-MF failed-iterate infeasibility candidates:
  - {'constraint': 'row_g_hard_guard', 'stages': array([ 1,  2,  3,  4,  5,  6,  7,  8,  9, 10, 11, 12, 13, 14, 15, 16, 17,
       18, 19, 20]), 'minimum_residual': -0.01137515327334404}
RMPCC-MF inactive Row M stages are trivially feasible.
RMPCC-MF minimum box residuals [state | input]: 3.9e-08 | 0.0
SQP_RTI solver failed with status 4. Starting infeasible recovery.
Backup solver is unavailable; falling back to safe stop.
Applied nominal_safe_controller safe-stop plan after infeasible RMPCC-MF solve.
[RMPCC 0201] SAFE_STOP solve=212.9ms pose=(1.134,0.594,0.632) u=(0.000,0.000) s=1.344 PSDFmin=-0.01038 G=FAIL(-0.01138) MF=inactive(active=0/20)
Acados solver failed with status 4
Acados residuals [stat, eq, ineq, comp]: [100.        0.        0.01138   0.     ]
Acados SQP iterations: 1
RMPCC-MF diagnostics captured before infeasibility recovery.
RMPCC-MF failed-iterate infeasibility candidates:
  - {'constraint': 'row_g_hard_guard', 'stages': array([ 1,  2,  3,  4,  5,  6,  7,  8,  9, 10, 11, 12, 13, 14, 15, 16, 17,
       18, 19, 20]), 'minimum_residual': -0.01137515327334404}
RMPCC-MF inactive Row M stages are trivially feasible.
RMPCC-MF minimum box residuals [state | input]: 3.9e-08 | 0.0
SQP_RTI solver failed with status 4. Starting infeasible recovery.
Backup solver is unavailable; falling back to safe stop.
Applied nominal_safe_controller safe-stop plan after infeasible RMPCC-MF solve.
[RMPCC 0202] SAFE_STOP solve=231.2ms pose=(1.134,0.594,0.632) u=(0.000,0.000) s=1.344 PSDFmin=-0.01038 G=FAIL(-0.01138) MF=inactive(active=0/20)
Acados solver failed with status 4
Acados residuals [stat, eq, ineq, comp]: [100.        0.        0.01138   0.     ]
Acados SQP iterations: 1
RMPCC-MF diagnostics captured before infeasibility recovery.
RMPCC-MF failed-iterate infeasibility candidates:
  - {'constraint': 'row_g_hard_guard', 'stages': array([ 1,  2,  3,  4,  5,  6,  7,  8,  9, 10, 11, 12, 13, 14, 15, 16, 17,
       18, 19, 20]), 'minimum_residual': -0.01137515327334404}
RMPCC-MF inactive Row M stages are trivially feasible.
RMPCC-MF minimum box residuals [state | input]: 3.9e-08 | 0.0
SQP_RTI solver failed with status 4. Starting infeasible recovery.
Backup solver is unavailable; falling back to safe stop.
Applied nominal_safe_controller safe-stop plan after infeasible RMPCC-MF solve.
[RMPCC 0203] SAFE_STOP solve=242.3ms pose=(1.134,0.594,0.632) u=(0.000,0.000) s=1.344 PSDFmin=-0.01038 G=FAIL(-0.01138) MF=inactive(active=0/20)
Acados solver failed with status 4
Acados residuals [stat, eq, ineq, comp]: [100.        0.        0.01138   0.     ]
Acados SQP iterations: 1
RMPCC-MF diagnostics captured before infeasibility recovery.
RMPCC-MF failed-iterate infeasibility candidates:
  - {'constraint': 'row_g_hard_guard', 'stages': array([ 1,  2,  3,  4,  5,  6,  7,  8,  9, 10, 11, 12, 13, 14, 15, 16, 17,
       18, 19, 20]), 'minimum_residual': -0.01137515327334404}
RMPCC-MF inactive Row M stages are trivially feasible.
RMPCC-MF minimum box residuals [state | input]: 3.9e-08 | 0.0
SQP_RTI solver failed with status 4. Starting infeasible recovery.
Backup solver is unavailable; falling back to safe stop.
Applied nominal_safe_controller safe-stop plan after infeasible RMPCC-MF solve.
[RMPCC 0204] SAFE_STOP solve=221.3ms pose=(1.134,0.594,0.632) u=(0.000,0.000) s=1.344 PSDFmin=-0.01038 G=FAIL(-0.01138) MF=inactive(active=0/20)
Acados solver failed with status 4
Acados residuals [stat, eq, ineq, comp]: [100.        0.        0.01138   0.     ]
Acados SQP iterations: 1
RMPCC-MF diagnostics captured before infeasibility recovery.
RMPCC-MF failed-iterate infeasibility candidates:
  - {'constraint': 'row_g_hard_guard', 'stages': array([ 1,  2,  3,  4,  5,  6,  7,  8,  9, 10, 11, 12, 13, 14, 15, 16, 17,
       18, 19, 20]), 'minimum_residual': -0.01137515327334404}
RMPCC-MF inactive Row M stages are trivially feasible.
RMPCC-MF minimum box residuals [state | input]: 3.9e-08 | 0.0
SQP_RTI solver failed with status 4. Starting infeasible recovery.
Backup solver is unavailable; falling back to safe stop.
Applied nominal_safe_controller safe-stop plan after infeasible RMPCC-MF solve.
[RMPCC 0205] SAFE_STOP solve=221.5ms pose=(1.134,0.594,0.632) u=(0.000,0.000) s=1.344 PSDFmin=-0.01038 G=FAIL(-0.01138) MF=inactive(active=0/20)
Acados solver failed with status 4
Acados residuals [stat, eq, ineq, comp]: [100.        0.        0.01138   0.     ]
Acados SQP iterations: 1
RMPCC-MF diagnostics captured before infeasibility recovery.
RMPCC-MF failed-iterate infeasibility candidates:
  - {'constraint': 'row_g_hard_guard', 'stages': array([ 1,  2,  3,  4,  5,  6,  7,  8,  9, 10, 11, 12, 13, 14, 15, 16, 17,
       18, 19, 20]), 'minimum_residual': -0.01137515327334404}
RMPCC-MF inactive Row M stages are trivially feasible.
RMPCC-MF minimum box residuals [state | input]: 3.9e-08 | 0.0
SQP_RTI solver failed with status 4. Starting infeasible recovery.
Backup solver is unavailable; falling back to safe stop.
Applied nominal_safe_controller safe-stop plan after infeasible RMPCC-MF solve.
[RMPCC 0206] SAFE_STOP solve=230.7ms pose=(1.134,0.594,0.632) u=(0.000,0.000) s=1.344 PSDFmin=-0.01038 G=FAIL(-0.01138) MF=inactive(active=0/20)
Acados solver failed with status 4
Acados residuals [stat, eq, ineq, comp]: [100.        0.        0.01138   0.     ]
Acados SQP iterations: 1
RMPCC-MF diagnostics captured before infeasibility recovery.
RMPCC-MF failed-iterate infeasibility candidates:
  - {'constraint': 'row_g_hard_guard', 'stages': array([ 1,  2,  3,  4,  5,  6,  7,  8,  9, 10, 11, 12, 13, 14, 15, 16, 17,
       18, 19, 20]), 'minimum_residual': -0.01137515327334404}
RMPCC-MF inactive Row M stages are trivially feasible.
RMPCC-MF minimum box residuals [state | input]: 3.9e-08 | 0.0
SQP_RTI solver failed with status 4. Starting infeasible recovery.
Backup solver is unavailable; falling back to safe stop.
Applied nominal_safe_controller safe-stop plan after infeasible RMPCC-MF solve.
[RMPCC 0207] SAFE_STOP solve=213.1ms pose=(1.134,0.594,0.632) u=(0.000,0.000) s=1.344 PSDFmin=-0.01038 G=FAIL(-0.01138) MF=inactive(active=0/20)
Acados solver failed with status 4
Acados residuals [stat, eq, ineq, comp]: [100.        0.        0.01138   0.     ]
Acados SQP iterations: 1
RMPCC-MF diagnostics captured before infeasibility recovery.
RMPCC-MF failed-iterate infeasibility candidates:
  - {'constraint': 'row_g_hard_guard', 'stages': array([ 1,  2,  3,  4,  5,  6,  7,  8,  9, 10, 11, 12, 13, 14, 15, 16, 17,
       18, 19, 20]), 'minimum_residual': -0.01137515327334404}
RMPCC-MF inactive Row M stages are trivially feasible.
RMPCC-MF minimum box residuals [state | input]: 3.9e-08 | 0.0
SQP_RTI solver failed with status 4. Starting infeasible recovery.
Backup solver is unavailable; falling back to safe stop.
Applied nominal_safe_controller safe-stop plan after infeasible RMPCC-MF solve.
[RMPCC 0208] SAFE_STOP solve=227.8ms pose=(1.134,0.594,0.632) u=(0.000,0.000) s=1.344 PSDFmin=-0.01038 G=FAIL(-0.01138) MF=inactive(active=0/20)
Acados solver failed with status 4
Acados residuals [stat, eq, ineq, comp]: [100.        0.        0.01138   0.     ]
Acados SQP iterations: 1
RMPCC-MF diagnostics captured before infeasibility recovery.
RMPCC-MF failed-iterate infeasibility candidates:
  - {'constraint': 'row_g_hard_guard', 'stages': array([ 1,  2,  3,  4,  5,  6,  7,  8,  9, 10, 11, 12, 13, 14, 15, 16, 17,
       18, 19, 20]), 'minimum_residual': -0.01137515327334404}
RMPCC-MF inactive Row M stages are trivially feasible.
RMPCC-MF minimum box residuals [state | input]: 3.9e-08 | 0.0
SQP_RTI solver failed with status 4. Starting infeasible recovery.
Backup solver is unavailable; falling back to safe stop.
Applied nominal_safe_controller safe-stop plan after infeasible RMPCC-MF solve.
[RMPCC 0209] SAFE_STOP solve=221.0ms pose=(1.134,0.594,0.632) u=(0.000,0.000) s=1.344 PSDFmin=-0.01038 G=FAIL(-0.01138) MF=inactive(active=0/20)
Acados solver failed with status 4
Acados residuals [stat, eq, ineq, comp]: [100.        0.        0.01138   0.     ]
Acados SQP iterations: 1
RMPCC-MF diagnostics captured before infeasibility recovery.
RMPCC-MF failed-iterate infeasibility candidates:
  - {'constraint': 'row_g_hard_guard', 'stages': array([ 1,  2,  3,  4,  5,  6,  7,  8,  9, 10, 11, 12, 13, 14, 15, 16, 17,
       18, 19, 20]), 'minimum_residual': -0.01137515327334404}
RMPCC-MF inactive Row M stages are trivially feasible.
RMPCC-MF minimum box residuals [state | input]: 3.9e-08 | 0.0
SQP_RTI solver failed with status 4. Starting infeasible recovery.
Backup solver is unavailable; falling back to safe stop.
Applied nominal_safe_controller safe-stop plan after infeasible RMPCC-MF solve.
[RMPCC 0210] SAFE_STOP solve=229.9ms pose=(1.134,0.594,0.632) u=(0.000,0.000) s=1.344 PSDFmin=-0.01038 G=FAIL(-0.01138) MF=inactive(active=0/20)
Acados solver failed with status 4
Acados residuals [stat, eq, ineq, comp]: [100.        0.        0.01138   0.     ]
Acados SQP iterations: 1
RMPCC-MF diagnostics captured before infeasibility recovery.
RMPCC-MF failed-iterate infeasibility candidates:
  - {'constraint': 'row_g_hard_guard', 'stages': array([ 1,  2,  3,  4,  5,  6,  7,  8,  9, 10, 11, 12, 13, 14, 15, 16, 17,
       18, 19, 20]), 'minimum_residual': -0.01137515327334404}
RMPCC-MF inactive Row M stages are trivially feasible.
RMPCC-MF minimum box residuals [state | input]: 3.9e-08 | 0.0
SQP_RTI solver failed with status 4. Starting infeasible recovery.
Backup solver is unavailable; falling back to safe stop.
Applied nominal_safe_controller safe-stop plan after infeasible RMPCC-MF solve.
[RMPCC 0211] SAFE_STOP solve=220.5ms pose=(1.134,0.594,0.632) u=(0.000,0.000) s=1.344 PSDFmin=-0.01038 G=FAIL(-0.01138) MF=inactive(active=0/20)
Acados solver failed with status 4
Acados residuals [stat, eq, ineq, comp]: [100.        0.        0.01138   0.     ]
Acados SQP iterations: 1
RMPCC-MF diagnostics captured before infeasibility recovery.
RMPCC-MF failed-iterate infeasibility candidates:
  - {'constraint': 'row_g_hard_guard', 'stages': array([ 1,  2,  3,  4,  5,  6,  7,  8,  9, 10, 11, 12, 13, 14, 15, 16, 17,
       18, 19, 20]), 'minimum_residual': -0.01137515327334404}
RMPCC-MF inactive Row M stages are trivially feasible.
RMPCC-MF minimum box residuals [state | input]: 3.9e-08 | 0.0
SQP_RTI solver failed with status 4. Starting infeasible recovery.
Backup solver is unavailable; falling back to safe stop.
Applied nominal_safe_controller safe-stop plan after infeasible RMPCC-MF solve.
[RMPCC 0212] SAFE_STOP solve=216.2ms pose=(1.134,0.594,0.632) u=(0.000,0.000) s=1.344 PSDFmin=-0.01038 G=FAIL(-0.01138) MF=inactive(active=0/20)
Acados solver failed with status 4
Acados residuals [stat, eq, ineq, comp]: [100.        0.        0.01138   0.     ]
Acados SQP iterations: 1
RMPCC-MF diagnostics captured before infeasibility recovery.
RMPCC-MF failed-iterate infeasibility candidates:
  - {'constraint': 'row_g_hard_guard', 'stages': array([ 1,  2,  3,  4,  5,  6,  7,  8,  9, 10, 11, 12, 13, 14, 15, 16, 17,
       18, 19, 20]), 'minimum_residual': -0.01137515327334404}
RMPCC-MF inactive Row M stages are trivially feasible.
RMPCC-MF minimum box residuals [state | input]: 3.9e-08 | 0.0
SQP_RTI solver failed with status 4. Starting infeasible recovery.
Backup solver is unavailable; falling back to safe stop.
Applied nominal_safe_controller safe-stop plan after infeasible RMPCC-MF solve.
[RMPCC 0213] SAFE_STOP solve=226.3ms pose=(1.134,0.594,0.632) u=(0.000,0.000) s=1.344 PSDFmin=-0.01038 G=FAIL(-0.01138) MF=inactive(active=0/20)
Acados solver failed with status 4
Acados residuals [stat, eq, ineq, comp]: [100.        0.        0.01138   0.     ]
Acados SQP iterations: 1
RMPCC-MF diagnostics captured before infeasibility recovery.
RMPCC-MF failed-iterate infeasibility candidates:
  - {'constraint': 'row_g_hard_guard', 'stages': array([ 1,  2,  3,  4,  5,  6,  7,  8,  9, 10, 11, 12, 13, 14, 15, 16, 17,
       18, 19, 20]), 'minimum_residual': -0.01137515327334404}
RMPCC-MF inactive Row M stages are trivially feasible.
RMPCC-MF minimum box residuals [state | input]: 3.9e-08 | 0.0
SQP_RTI solver failed with status 4. Starting infeasible recovery.
Backup solver is unavailable; falling back to safe stop.
Applied nominal_safe_controller safe-stop plan after infeasible RMPCC-MF solve.
[RMPCC 0214] SAFE_STOP solve=240.4ms pose=(1.134,0.594,0.632) u=(0.000,0.000) s=1.344 PSDFmin=-0.01038 G=FAIL(-0.01138) MF=inactive(active=0/20)
Acados solver failed with status 4
Acados residuals [stat, eq, ineq, comp]: [100.        0.        0.01138   0.     ]
Acados SQP iterations: 1
RMPCC-MF diagnostics captured before infeasibility recovery.
RMPCC-MF failed-iterate infeasibility candidates:
  - {'constraint': 'row_g_hard_guard', 'stages': array([ 1,  2,  3,  4,  5,  6,  7,  8,  9, 10, 11, 12, 13, 14, 15, 16, 17,
       18, 19, 20]), 'minimum_residual': -0.01137515327334404}
RMPCC-MF inactive Row M stages are trivially feasible.
RMPCC-MF minimum box residuals [state | input]: 3.9e-08 | 0.0
SQP_RTI solver failed with status 4. Starting infeasible recovery.
Backup solver is unavailable; falling back to safe stop.
Applied nominal_safe_controller safe-stop plan after infeasible RMPCC-MF solve.
[RMPCC 0215] SAFE_STOP solve=236.1ms pose=(1.134,0.594,0.632) u=(0.000,0.000) s=1.344 PSDFmin=-0.01038 G=FAIL(-0.01138) MF=inactive(active=0/20)
Acados solver failed with status 4
Acados residuals [stat, eq, ineq, comp]: [100.        0.        0.01138   0.     ]
Acados SQP iterations: 1
RMPCC-MF diagnostics captured before infeasibility recovery.
RMPCC-MF failed-iterate infeasibility candidates:
  - {'constraint': 'row_g_hard_guard', 'stages': array([ 1,  2,  3,  4,  5,  6,  7,  8,  9, 10, 11, 12, 13, 14, 15, 16, 17,
       18, 19, 20]), 'minimum_residual': -0.01137515327334404}
RMPCC-MF inactive Row M stages are trivially feasible.
RMPCC-MF minimum box residuals [state | input]: 3.9e-08 | 0.0
SQP_RTI solver failed with status 4. Starting infeasible recovery.
Backup solver is unavailable; falling back to safe stop.
Applied nominal_safe_controller safe-stop plan after infeasible RMPCC-MF solve.
[RMPCC 0216] SAFE_STOP solve=224.3ms pose=(1.134,0.594,0.632) u=(0.000,0.000) s=1.344 PSDFmin=-0.01038 G=FAIL(-0.01138) MF=inactive(active=0/20)
Acados solver failed with status 4
Acados residuals [stat, eq, ineq, comp]: [100.        0.        0.01138   0.     ]
Acados SQP iterations: 1
RMPCC-MF diagnostics captured before infeasibility recovery.
RMPCC-MF failed-iterate infeasibility candidates:
  - {'constraint': 'row_g_hard_guard', 'stages': array([ 1,  2,  3,  4,  5,  6,  7,  8,  9, 10, 11, 12, 13, 14, 15, 16, 17,
       18, 19, 20]), 'minimum_residual': -0.01137515327334404}
RMPCC-MF inactive Row M stages are trivially feasible.
RMPCC-MF minimum box residuals [state | input]: 3.9e-08 | 0.0
SQP_RTI solver failed with status 4. Starting infeasible recovery.
Backup solver is unavailable; falling back to safe stop.
Applied nominal_safe_controller safe-stop plan after infeasible RMPCC-MF solve.
[RMPCC 0217] SAFE_STOP solve=243.8ms pose=(1.134,0.594,0.632) u=(0.000,0.000) s=1.344 PSDFmin=-0.01038 G=FAIL(-0.01138) MF=inactive(active=0/20)
Acados solver failed with status 4
Acados residuals [stat, eq, ineq, comp]: [100.        0.        0.01138   0.     ]
Acados SQP iterations: 1
RMPCC-MF diagnostics captured before infeasibility recovery.
RMPCC-MF failed-iterate infeasibility candidates:
  - {'constraint': 'row_g_hard_guard', 'stages': array([ 1,  2,  3,  4,  5,  6,  7,  8,  9, 10, 11, 12, 13, 14, 15, 16, 17,
       18, 19, 20]), 'minimum_residual': -0.01137515327334404}
RMPCC-MF inactive Row M stages are trivially feasible.
RMPCC-MF minimum box residuals [state | input]: 3.9e-08 | 0.0
SQP_RTI solver failed with status 4. Starting infeasible recovery.
Backup solver is unavailable; falling back to safe stop.
Applied nominal_safe_controller safe-stop plan after infeasible RMPCC-MF solve.
[RMPCC 0218] SAFE_STOP solve=232.8ms pose=(1.134,0.594,0.632) u=(0.000,0.000) s=1.344 PSDFmin=-0.01038 G=FAIL(-0.01138) MF=inactive(active=0/20)
Acados solver failed with status 4
Acados residuals [stat, eq, ineq, comp]: [100.        0.        0.01138   0.     ]
Acados SQP iterations: 1
RMPCC-MF diagnostics captured before infeasibility recovery.
RMPCC-MF failed-iterate infeasibility candidates:
  - {'constraint': 'row_g_hard_guard', 'stages': array([ 1,  2,  3,  4,  5,  6,  7,  8,  9, 10, 11, 12, 13, 14, 15, 16, 17,
       18, 19, 20]), 'minimum_residual': -0.01137515327334404}
RMPCC-MF inactive Row M stages are trivially feasible.
RMPCC-MF minimum box residuals [state | input]: 3.9e-08 | 0.0
SQP_RTI solver failed with status 4. Starting infeasible recovery.
Backup solver is unavailable; falling back to safe stop.
Applied nominal_safe_controller safe-stop plan after infeasible RMPCC-MF solve.
[RMPCC 0219] SAFE_STOP solve=226.8ms pose=(1.134,0.594,0.632) u=(0.000,0.000) s=1.344 PSDFmin=-0.01038 G=FAIL(-0.01138) MF=inactive(active=0/20)
Acados solver failed with status 4
Acados residuals [stat, eq, ineq, comp]: [100.        0.        0.01138   0.     ]
Acados SQP iterations: 1
RMPCC-MF diagnostics captured before infeasibility recovery.
RMPCC-MF failed-iterate infeasibility candidates:
  - {'constraint': 'row_g_hard_guard', 'stages': array([ 1,  2,  3,  4,  5,  6,  7,  8,  9, 10, 11, 12, 13, 14, 15, 16, 17,
       18, 19, 20]), 'minimum_residual': -0.01137515327334404}
RMPCC-MF inactive Row M stages are trivially feasible.
RMPCC-MF minimum box residuals [state | input]: 3.9e-08 | 0.0
SQP_RTI solver failed with status 4. Starting infeasible recovery.
Backup solver is unavailable; falling back to safe stop.
Applied nominal_safe_controller safe-stop plan after infeasible RMPCC-MF solve.
[RMPCC 0220] SAFE_STOP solve=226.7ms pose=(1.134,0.594,0.632) u=(0.000,0.000) s=1.344 PSDFmin=-0.01038 G=FAIL(-0.01138) MF=inactive(active=0/20)
Acados solver failed with status 4
Acados residuals [stat, eq, ineq, comp]: [100.        0.        0.01138   0.     ]
Acados SQP iterations: 1
RMPCC-MF diagnostics captured before infeasibility recovery.
RMPCC-MF failed-iterate infeasibility candidates:
  - {'constraint': 'row_g_hard_guard', 'stages': array([ 1,  2,  3,  4,  5,  6,  7,  8,  9, 10, 11, 12, 13, 14, 15, 16, 17,
       18, 19, 20]), 'minimum_residual': -0.01137515327334404}
RMPCC-MF inactive Row M stages are trivially feasible.
RMPCC-MF minimum box residuals [state | input]: 3.9e-08 | 0.0
SQP_RTI solver failed with status 4. Starting infeasible recovery.
Backup solver is unavailable; falling back to safe stop.
Applied nominal_safe_controller safe-stop plan after infeasible RMPCC-MF solve.
[RMPCC 0221] SAFE_STOP solve=238.6ms pose=(1.134,0.594,0.632) u=(0.000,0.000) s=1.344 PSDFmin=-0.01038 G=FAIL(-0.01138) MF=inactive(active=0/20)
Acados solver failed with status 4
Acados residuals [stat, eq, ineq, comp]: [100.        0.        0.01138   0.     ]
Acados SQP iterations: 1
RMPCC-MF diagnostics captured before infeasibility recovery.
RMPCC-MF failed-iterate infeasibility candidates:
  - {'constraint': 'row_g_hard_guard', 'stages': array([ 1,  2,  3,  4,  5,  6,  7,  8,  9, 10, 11, 12, 13, 14, 15, 16, 17,
       18, 19, 20]), 'minimum_residual': -0.01137515327334404}
RMPCC-MF inactive Row M stages are trivially feasible.
RMPCC-MF minimum box residuals [state | input]: 3.9e-08 | 0.0
SQP_RTI solver failed with status 4. Starting infeasible recovery.
Backup solver is unavailable; falling back to safe stop.
Applied nominal_safe_controller safe-stop plan after infeasible RMPCC-MF solve.
[RMPCC 0222] SAFE_STOP solve=205.8ms pose=(1.134,0.594,0.632) u=(0.000,0.000) s=1.344 PSDFmin=-0.01038 G=FAIL(-0.01138) MF=inactive(active=0/20)
Acados solver failed with status 4
Acados residuals [stat, eq, ineq, comp]: [100.        0.        0.01138   0.     ]
Acados SQP iterations: 1
RMPCC-MF diagnostics captured before infeasibility recovery.
RMPCC-MF failed-iterate infeasibility candidates:
  - {'constraint': 'row_g_hard_guard', 'stages': array([ 1,  2,  3,  4,  5,  6,  7,  8,  9, 10, 11, 12, 13, 14, 15, 16, 17,
       18, 19, 20]), 'minimum_residual': -0.01137515327334404}
RMPCC-MF inactive Row M stages are trivially feasible.
RMPCC-MF minimum box residuals [state | input]: 3.9e-08 | 0.0
SQP_RTI solver failed with status 4. Starting infeasible recovery.
Backup solver is unavailable; falling back to safe stop.
Applied nominal_safe_controller safe-stop plan after infeasible RMPCC-MF solve.
[RMPCC 0223] SAFE_STOP solve=225.6ms pose=(1.134,0.594,0.632) u=(0.000,0.000) s=1.344 PSDFmin=-0.01038 G=FAIL(-0.01138) MF=inactive(active=0/20)
Acados solver failed with status 4
Acados residuals [stat, eq, ineq, comp]: [100.        0.        0.01138   0.     ]
Acados SQP iterations: 1
RMPCC-MF diagnostics captured before infeasibility recovery.
RMPCC-MF failed-iterate infeasibility candidates:
  - {'constraint': 'row_g_hard_guard', 'stages': array([ 1,  2,  3,  4,  5,  6,  7,  8,  9, 10, 11, 12, 13, 14, 15, 16, 17,
       18, 19, 20]), 'minimum_residual': -0.01137515327334404}
RMPCC-MF inactive Row M stages are trivially feasible.
RMPCC-MF minimum box residuals [state | input]: 3.9e-08 | 0.0
SQP_RTI solver failed with status 4. Starting infeasible recovery.
Backup solver is unavailable; falling back to safe stop.
Applied nominal_safe_controller safe-stop plan after infeasible RMPCC-MF solve.
[RMPCC 0224] SAFE_STOP solve=233.5ms pose=(1.134,0.594,0.632) u=(0.000,0.000) s=1.344 PSDFmin=-0.01038 G=FAIL(-0.01138) MF=inactive(active=0/20)
Acados solver failed with status 4
Acados residuals [stat, eq, ineq, comp]: [100.        0.        0.01138   0.     ]
Acados SQP iterations: 1
RMPCC-MF diagnostics captured before infeasibility recovery.
RMPCC-MF failed-iterate infeasibility candidates:
  - {'constraint': 'row_g_hard_guard', 'stages': array([ 1,  2,  3,  4,  5,  6,  7,  8,  9, 10, 11, 12, 13, 14, 15, 16, 17,
       18, 19, 20]), 'minimum_residual': -0.01137515327334404}
RMPCC-MF inactive Row M stages are trivially feasible.
RMPCC-MF minimum box residuals [state | input]: 3.9e-08 | 0.0
SQP_RTI solver failed with status 4. Starting infeasible recovery.
Backup solver is unavailable; falling back to safe stop.
Applied nominal_safe_controller safe-stop plan after infeasible RMPCC-MF solve.
[RMPCC 0225] SAFE_STOP solve=214.3ms pose=(1.134,0.594,0.632) u=(0.000,0.000) s=1.344 PSDFmin=-0.01038 G=FAIL(-0.01138) MF=inactive(active=0/20)
Acados solver failed with status 4
Acados residuals [stat, eq, ineq, comp]: [100.        0.        0.01138   0.     ]
Acados SQP iterations: 1
RMPCC-MF diagnostics captured before infeasibility recovery.
RMPCC-MF failed-iterate infeasibility candidates:
  - {'constraint': 'row_g_hard_guard', 'stages': array([ 1,  2,  3,  4,  5,  6,  7,  8,  9, 10, 11, 12, 13, 14, 15, 16, 17,
       18, 19, 20]), 'minimum_residual': -0.01137515327334404}
RMPCC-MF inactive Row M stages are trivially feasible.
RMPCC-MF minimum box residuals [state | input]: 3.9e-08 | 0.0
SQP_RTI solver failed with status 4. Starting infeasible recovery.
Backup solver is unavailable; falling back to safe stop.
Applied nominal_safe_controller safe-stop plan after infeasible RMPCC-MF solve.
[RMPCC 0226] SAFE_STOP solve=227.8ms pose=(1.134,0.594,0.632) u=(0.000,0.000) s=1.344 PSDFmin=-0.01038 G=FAIL(-0.01138) MF=inactive(active=0/20)
Acados solver failed with status 4
Acados residuals [stat, eq, ineq, comp]: [100.        0.        0.01138   0.     ]
Acados SQP iterations: 1
RMPCC-MF diagnostics captured before infeasibility recovery.
RMPCC-MF failed-iterate infeasibility candidates:
  - {'constraint': 'row_g_hard_guard', 'stages': array([ 1,  2,  3,  4,  5,  6,  7,  8,  9, 10, 11, 12, 13, 14, 15, 16, 17,
       18, 19, 20]), 'minimum_residual': -0.01137515327334404}
RMPCC-MF inactive Row M stages are trivially feasible.
RMPCC-MF minimum box residuals [state | input]: 3.9e-08 | 0.0
SQP_RTI solver failed with status 4. Starting infeasible recovery.
Backup solver is unavailable; falling back to safe stop.
Applied nominal_safe_controller safe-stop plan after infeasible RMPCC-MF solve.
[RMPCC 0227] SAFE_STOP solve=229.9ms pose=(1.134,0.594,0.632) u=(0.000,0.000) s=1.344 PSDFmin=-0.01038 G=FAIL(-0.01138) MF=inactive(active=0/20)
Acados solver failed with status 4
Acados residuals [stat, eq, ineq, comp]: [100.        0.        0.01138   0.     ]
Acados SQP iterations: 1
RMPCC-MF diagnostics captured before infeasibility recovery.
RMPCC-MF failed-iterate infeasibility candidates:
  - {'constraint': 'row_g_hard_guard', 'stages': array([ 1,  2,  3,  4,  5,  6,  7,  8,  9, 10, 11, 12, 13, 14, 15, 16, 17,
       18, 19, 20]), 'minimum_residual': -0.01137515327334404}
RMPCC-MF inactive Row M stages are trivially feasible.
RMPCC-MF minimum box residuals [state | input]: 3.9e-08 | 0.0
SQP_RTI solver failed with status 4. Starting infeasible recovery.
Backup solver is unavailable; falling back to safe stop.
Applied nominal_safe_controller safe-stop plan after infeasible RMPCC-MF solve.
[RMPCC 0228] SAFE_STOP solve=213.1ms pose=(1.134,0.594,0.632) u=(0.000,0.000) s=1.344 PSDFmin=-0.01038 G=FAIL(-0.01138) MF=inactive(active=0/20)
Acados solver failed with status 4
Acados residuals [stat, eq, ineq, comp]: [100.        0.        0.01138   0.     ]
Acados SQP iterations: 1
RMPCC-MF diagnostics captured before infeasibility recovery.
RMPCC-MF failed-iterate infeasibility candidates:
  - {'constraint': 'row_g_hard_guard', 'stages': array([ 1,  2,  3,  4,  5,  6,  7,  8,  9, 10, 11, 12, 13, 14, 15, 16, 17,
       18, 19, 20]), 'minimum_residual': -0.01137515327334404}
RMPCC-MF inactive Row M stages are trivially feasible.
RMPCC-MF minimum box residuals [state | input]: 3.9e-08 | 0.0
SQP_RTI solver failed with status 4. Starting infeasible recovery.
Backup solver is unavailable; falling back to safe stop.
Applied nominal_safe_controller safe-stop plan after infeasible RMPCC-MF solve.
[RMPCC 0229] SAFE_STOP solve=219.2ms pose=(1.134,0.594,0.632) u=(0.000,0.000) s=1.344 PSDFmin=-0.01038 G=FAIL(-0.01138) MF=inactive(active=0/20)
Acados solver failed with status 4
Acados residuals [stat, eq, ineq, comp]: [100.        0.        0.01138   0.     ]
Acados SQP iterations: 1
RMPCC-MF diagnostics captured before infeasibility recovery.
RMPCC-MF failed-iterate infeasibility candidates:
  - {'constraint': 'row_g_hard_guard', 'stages': array([ 1,  2,  3,  4,  5,  6,  7,  8,  9, 10, 11, 12, 13, 14, 15, 16, 17,
       18, 19, 20]), 'minimum_residual': -0.01137515327334404}
RMPCC-MF inactive Row M stages are trivially feasible.
RMPCC-MF minimum box residuals [state | input]: 3.9e-08 | 0.0
SQP_RTI solver failed with status 4. Starting infeasible recovery.
Backup solver is unavailable; falling back to safe stop.
Applied nominal_safe_controller safe-stop plan after infeasible RMPCC-MF solve.
[RMPCC 0230] SAFE_STOP solve=230.6ms pose=(1.134,0.594,0.632) u=(0.000,0.000) s=1.344 PSDFmin=-0.01038 G=FAIL(-0.01138) MF=inactive(active=0/20)
Acados solver failed with status 4
Acados residuals [stat, eq, ineq, comp]: [100.        0.        0.01138   0.     ]
Acados SQP iterations: 1
RMPCC-MF diagnostics captured before infeasibility recovery.
RMPCC-MF failed-iterate infeasibility candidates:
  - {'constraint': 'row_g_hard_guard', 'stages': array([ 1,  2,  3,  4,  5,  6,  7,  8,  9, 10, 11, 12, 13, 14, 15, 16, 17,
       18, 19, 20]), 'minimum_residual': -0.01137515327334404}
RMPCC-MF inactive Row M stages are trivially feasible.
RMPCC-MF minimum box residuals [state | input]: 3.9e-08 | 0.0
SQP_RTI solver failed with status 4. Starting infeasible recovery.
Backup solver is unavailable; falling back to safe stop.
Applied nominal_safe_controller safe-stop plan after infeasible RMPCC-MF solve.
[RMPCC 0231] SAFE_STOP solve=267.4ms pose=(1.134,0.594,0.632) u=(0.000,0.000) s=1.344 PSDFmin=-0.01038 G=FAIL(-0.01138) MF=inactive(active=0/20)
Acados solver failed with status 4
Acados residuals [stat, eq, ineq, comp]: [100.        0.        0.01138   0.     ]
Acados SQP iterations: 1
RMPCC-MF diagnostics captured before infeasibility recovery.
RMPCC-MF failed-iterate infeasibility candidates:
  - {'constraint': 'row_g_hard_guard', 'stages': array([ 1,  2,  3,  4,  5,  6,  7,  8,  9, 10, 11, 12, 13, 14, 15, 16, 17,
       18, 19, 20]), 'minimum_residual': -0.01137515327334404}
RMPCC-MF inactive Row M stages are trivially feasible.
RMPCC-MF minimum box residuals [state | input]: 3.9e-08 | 0.0
SQP_RTI solver failed with status 4. Starting infeasible recovery.
Backup solver is unavailable; falling back to safe stop.
Applied nominal_safe_controller safe-stop plan after infeasible RMPCC-MF solve.
[RMPCC 0232] SAFE_STOP solve=224.9ms pose=(1.134,0.594,0.632) u=(0.000,0.000) s=1.344 PSDFmin=-0.01038 G=FAIL(-0.01138) MF=inactive(active=0/20)
Acados solver failed with status 4
Acados residuals [stat, eq, ineq, comp]: [100.        0.        0.01138   0.     ]
Acados SQP iterations: 1
RMPCC-MF diagnostics captured before infeasibility recovery.
RMPCC-MF failed-iterate infeasibility candidates:
  - {'constraint': 'row_g_hard_guard', 'stages': array([ 1,  2,  3,  4,  5,  6,  7,  8,  9, 10, 11, 12, 13, 14, 15, 16, 17,
       18, 19, 20]), 'minimum_residual': -0.01137515327334404}
RMPCC-MF inactive Row M stages are trivially feasible.
RMPCC-MF minimum box residuals [state | input]: 3.9e-08 | 0.0
SQP_RTI solver failed with status 4. Starting infeasible recovery.
Backup solver is unavailable; falling back to safe stop.
Applied nominal_safe_controller safe-stop plan after infeasible RMPCC-MF solve.
[RMPCC 0233] SAFE_STOP solve=223.7ms pose=(1.134,0.594,0.632) u=(0.000,0.000) s=1.344 PSDFmin=-0.01038 G=FAIL(-0.01138) MF=inactive(active=0/20)
Acados solver failed with status 4
Acados residuals [stat, eq, ineq, comp]: [100.        0.        0.01138   0.     ]
Acados SQP iterations: 1
RMPCC-MF diagnostics captured before infeasibility recovery.
RMPCC-MF failed-iterate infeasibility candidates:
  - {'constraint': 'row_g_hard_guard', 'stages': array([ 1,  2,  3,  4,  5,  6,  7,  8,  9, 10, 11, 12, 13, 14, 15, 16, 17,
       18, 19, 20]), 'minimum_residual': -0.01137515327334404}
RMPCC-MF inactive Row M stages are trivially feasible.
RMPCC-MF minimum box residuals [state | input]: 3.9e-08 | 0.0
SQP_RTI solver failed with status 4. Starting infeasible recovery.
Backup solver is unavailable; falling back to safe stop.
Applied nominal_safe_controller safe-stop plan after infeasible RMPCC-MF solve.
[RMPCC 0234] SAFE_STOP solve=222.5ms pose=(1.134,0.594,0.632) u=(0.000,0.000) s=1.344 PSDFmin=-0.01038 G=FAIL(-0.01138) MF=inactive(active=0/20)
Acados solver failed with status 4
Acados residuals [stat, eq, ineq, comp]: [100.        0.        0.01138   0.     ]
Acados SQP iterations: 1
RMPCC-MF diagnostics captured before infeasibility recovery.
RMPCC-MF failed-iterate infeasibility candidates:
  - {'constraint': 'row_g_hard_guard', 'stages': array([ 1,  2,  3,  4,  5,  6,  7,  8,  9, 10, 11, 12, 13, 14, 15, 16, 17,
       18, 19, 20]), 'minimum_residual': -0.01137515327334404}
RMPCC-MF inactive Row M stages are trivially feasible.
RMPCC-MF minimum box residuals [state | input]: 3.9e-08 | 0.0
SQP_RTI solver failed with status 4. Starting infeasible recovery.
Backup solver is unavailable; falling back to safe stop.
Applied nominal_safe_controller safe-stop plan after infeasible RMPCC-MF solve.
[RMPCC 0235] SAFE_STOP solve=239.3ms pose=(1.134,0.594,0.632) u=(0.000,0.000) s=1.344 PSDFmin=-0.01038 G=FAIL(-0.01138) MF=inactive(active=0/20)
Acados solver failed with status 4
Acados residuals [stat, eq, ineq, comp]: [100.        0.        0.01138   0.     ]
Acados SQP iterations: 1
RMPCC-MF diagnostics captured before infeasibility recovery.
RMPCC-MF failed-iterate infeasibility candidates:
  - {'constraint': 'row_g_hard_guard', 'stages': array([ 1,  2,  3,  4,  5,  6,  7,  8,  9, 10, 11, 12, 13, 14, 15, 16, 17,
       18, 19, 20]), 'minimum_residual': -0.01137515327334404}
RMPCC-MF inactive Row M stages are trivially feasible.
RMPCC-MF minimum box residuals [state | input]: 3.9e-08 | 0.0
SQP_RTI solver failed with status 4. Starting infeasible recovery.
Backup solver is unavailable; falling back to safe stop.
Applied nominal_safe_controller safe-stop plan after infeasible RMPCC-MF solve.
[RMPCC 0236] SAFE_STOP solve=234.8ms pose=(1.134,0.594,0.632) u=(0.000,0.000) s=1.344 PSDFmin=-0.01038 G=FAIL(-0.01138) MF=inactive(active=0/20)
Acados solver failed with status 4
Acados residuals [stat, eq, ineq, comp]: [100.        0.        0.01138   0.     ]
Acados SQP iterations: 1
RMPCC-MF diagnostics captured before infeasibility recovery.
RMPCC-MF failed-iterate infeasibility candidates:
  - {'constraint': 'row_g_hard_guard', 'stages': array([ 1,  2,  3,  4,  5,  6,  7,  8,  9, 10, 11, 12, 13, 14, 15, 16, 17,
       18, 19, 20]), 'minimum_residual': -0.01137515327334404}
RMPCC-MF inactive Row M stages are trivially feasible.
RMPCC-MF minimum box residuals [state | input]: 3.9e-08 | 0.0
SQP_RTI solver failed with status 4. Starting infeasible recovery.
Backup solver is unavailable; falling back to safe stop.
Applied nominal_safe_controller safe-stop plan after infeasible RMPCC-MF solve.
[RMPCC 0237] SAFE_STOP solve=223.7ms pose=(1.134,0.594,0.632) u=(0.000,0.000) s=1.344 PSDFmin=-0.01038 G=FAIL(-0.01138) MF=inactive(active=0/20)
Acados solver failed with status 4
Acados residuals [stat, eq, ineq, comp]: [100.        0.        0.01138   0.     ]
Acados SQP iterations: 1
RMPCC-MF diagnostics captured before infeasibility recovery.
RMPCC-MF failed-iterate infeasibility candidates:
  - {'constraint': 'row_g_hard_guard', 'stages': array([ 1,  2,  3,  4,  5,  6,  7,  8,  9, 10, 11, 12, 13, 14, 15, 16, 17,
       18, 19, 20]), 'minimum_residual': -0.01137515327334404}
RMPCC-MF inactive Row M stages are trivially feasible.
RMPCC-MF minimum box residuals [state | input]: 3.9e-08 | 0.0
SQP_RTI solver failed with status 4. Starting infeasible recovery.
Backup solver is unavailable; falling back to safe stop.
Applied nominal_safe_controller safe-stop plan after infeasible RMPCC-MF solve.
[RMPCC 0238] SAFE_STOP solve=208.0ms pose=(1.134,0.594,0.632) u=(0.000,0.000) s=1.344 PSDFmin=-0.01038 G=FAIL(-0.01138) MF=inactive(active=0/20)
Acados solver failed with status 4
Acados residuals [stat, eq, ineq, comp]: [100.        0.        0.01138   0.     ]
Acados SQP iterations: 1
RMPCC-MF diagnostics captured before infeasibility recovery.
RMPCC-MF failed-iterate infeasibility candidates:
  - {'constraint': 'row_g_hard_guard', 'stages': array([ 1,  2,  3,  4,  5,  6,  7,  8,  9, 10, 11, 12, 13, 14, 15, 16, 17,
       18, 19, 20]), 'minimum_residual': -0.01137515327334404}
RMPCC-MF inactive Row M stages are trivially feasible.
RMPCC-MF minimum box residuals [state | input]: 3.9e-08 | 0.0
SQP_RTI solver failed with status 4. Starting infeasible recovery.
Backup solver is unavailable; falling back to safe stop.
Applied nominal_safe_controller safe-stop plan after infeasible RMPCC-MF solve.
[RMPCC 0239] SAFE_STOP solve=224.0ms pose=(1.134,0.594,0.632) u=(0.000,0.000) s=1.344 PSDFmin=-0.01038 G=FAIL(-0.01138) MF=inactive(active=0/20)
Acados solver failed with status 4
Acados residuals [stat, eq, ineq, comp]: [100.        0.        0.01138   0.     ]
Acados SQP iterations: 1
RMPCC-MF diagnostics captured before infeasibility recovery.
RMPCC-MF failed-iterate infeasibility candidates:
  - {'constraint': 'row_g_hard_guard', 'stages': array([ 1,  2,  3,  4,  5,  6,  7,  8,  9, 10, 11, 12, 13, 14, 15, 16, 17,
       18, 19, 20]), 'minimum_residual': -0.01137515327334404}
RMPCC-MF inactive Row M stages are trivially feasible.
RMPCC-MF minimum box residuals [state | input]: 3.9e-08 | 0.0
SQP_RTI solver failed with status 4. Starting infeasible recovery.
Backup solver is unavailable; falling back to safe stop.
Applied nominal_safe_controller safe-stop plan after infeasible RMPCC-MF solve.
[RMPCC 0240] SAFE_STOP solve=229.9ms pose=(1.134,0.594,0.632) u=(0.000,0.000) s=1.344 PSDFmin=-0.01038 G=FAIL(-0.01138) MF=inactive(active=0/20)
Acados solver failed with status 4
Acados residuals [stat, eq, ineq, comp]: [100.        0.        0.01138   0.     ]
Acados SQP iterations: 1
RMPCC-MF diagnostics captured before infeasibility recovery.
RMPCC-MF failed-iterate infeasibility candidates:
  - {'constraint': 'row_g_hard_guard', 'stages': array([ 1,  2,  3,  4,  5,  6,  7,  8,  9, 10, 11, 12, 13, 14, 15, 16, 17,
       18, 19, 20]), 'minimum_residual': -0.01137515327334404}
RMPCC-MF inactive Row M stages are trivially feasible.
RMPCC-MF minimum box residuals [state | input]: 3.9e-08 | 0.0
SQP_RTI solver failed with status 4. Starting infeasible recovery.
Backup solver is unavailable; falling back to safe stop.
Applied nominal_safe_controller safe-stop plan after infeasible RMPCC-MF solve.
[RMPCC 0241] SAFE_STOP solve=220.9ms pose=(1.134,0.594,0.632) u=(0.000,0.000) s=1.344 PSDFmin=-0.01038 G=FAIL(-0.01138) MF=inactive(active=0/20)
Acados solver failed with status 4
Acados residuals [stat, eq, ineq, comp]: [100.        0.        0.01138   0.     ]
Acados SQP iterations: 1
RMPCC-MF diagnostics captured before infeasibility recovery.
RMPCC-MF failed-iterate infeasibility candidates:
  - {'constraint': 'row_g_hard_guard', 'stages': array([ 1,  2,  3,  4,  5,  6,  7,  8,  9, 10, 11, 12, 13, 14, 15, 16, 17,
       18, 19, 20]), 'minimum_residual': -0.01137515327334404}
RMPCC-MF inactive Row M stages are trivially feasible.
RMPCC-MF minimum box residuals [state | input]: 3.9e-08 | 0.0
SQP_RTI solver failed with status 4. Starting infeasible recovery.
Backup solver is unavailable; falling back to safe stop.
Applied nominal_safe_controller safe-stop plan after infeasible RMPCC-MF solve.
[RMPCC 0242] SAFE_STOP solve=226.9ms pose=(1.134,0.594,0.632) u=(0.000,0.000) s=1.344 PSDFmin=-0.01038 G=FAIL(-0.01138) MF=inactive(active=0/20)
Acados solver failed with status 4
Acados residuals [stat, eq, ineq, comp]: [100.        0.        0.01138   0.     ]
Acados SQP iterations: 1
RMPCC-MF diagnostics captured before infeasibility recovery.
RMPCC-MF failed-iterate infeasibility candidates:
  - {'constraint': 'row_g_hard_guard', 'stages': array([ 1,  2,  3,  4,  5,  6,  7,  8,  9, 10, 11, 12, 13, 14, 15, 16, 17,
       18, 19, 20]), 'minimum_residual': -0.01137515327334404}
RMPCC-MF inactive Row M stages are trivially feasible.
RMPCC-MF minimum box residuals [state | input]: 3.9e-08 | 0.0
SQP_RTI solver failed with status 4. Starting infeasible recovery.
Backup solver is unavailable; falling back to safe stop.
Applied nominal_safe_controller safe-stop plan after infeasible RMPCC-MF solve.
[RMPCC 0243] SAFE_STOP solve=235.0ms pose=(1.134,0.594,0.632) u=(0.000,0.000) s=1.344 PSDFmin=-0.01038 G=FAIL(-0.01138) MF=inactive(active=0/20)
Acados solver failed with status 4
Acados residuals [stat, eq, ineq, comp]: [100.        0.        0.01138   0.     ]
Acados SQP iterations: 1
RMPCC-MF diagnostics captured before infeasibility recovery.
RMPCC-MF failed-iterate infeasibility candidates:
  - {'constraint': 'row_g_hard_guard', 'stages': array([ 1,  2,  3,  4,  5,  6,  7,  8,  9, 10, 11, 12, 13, 14, 15, 16, 17,
       18, 19, 20]), 'minimum_residual': -0.01137515327334404}
RMPCC-MF inactive Row M stages are trivially feasible.
RMPCC-MF minimum box residuals [state | input]: 3.9e-08 | 0.0
SQP_RTI solver failed with status 4. Starting infeasible recovery.
Backup solver is unavailable; falling back to safe stop.
Applied nominal_safe_controller safe-stop plan after infeasible RMPCC-MF solve.
[RMPCC 0244] SAFE_STOP solve=230.5ms pose=(1.134,0.594,0.632) u=(0.000,0.000) s=1.344 PSDFmin=-0.01038 G=FAIL(-0.01138) MF=inactive(active=0/20)
Acados solver failed with status 4
Acados residuals [stat, eq, ineq, comp]: [100.        0.        0.01138   0.     ]
Acados SQP iterations: 1
RMPCC-MF diagnostics captured before infeasibility recovery.
RMPCC-MF failed-iterate infeasibility candidates:
  - {'constraint': 'row_g_hard_guard', 'stages': array([ 1,  2,  3,  4,  5,  6,  7,  8,  9, 10, 11, 12, 13, 14, 15, 16, 17,
       18, 19, 20]), 'minimum_residual': -0.01137515327334404}
RMPCC-MF inactive Row M stages are trivially feasible.
RMPCC-MF minimum box residuals [state | input]: 3.9e-08 | 0.0
SQP_RTI solver failed with status 4. Starting infeasible recovery.
Backup solver is unavailable; falling back to safe stop.
Applied nominal_safe_controller safe-stop plan after infeasible RMPCC-MF solve.
[RMPCC 0245] SAFE_STOP solve=238.7ms pose=(1.134,0.594,0.632) u=(0.000,0.000) s=1.344 PSDFmin=-0.01038 G=FAIL(-0.01138) MF=inactive(active=0/20)
Acados solver failed with status 4
Acados residuals [stat, eq, ineq, comp]: [100.        0.        0.01138   0.     ]
Acados SQP iterations: 1
RMPCC-MF diagnostics captured before infeasibility recovery.
RMPCC-MF failed-iterate infeasibility candidates:
  - {'constraint': 'row_g_hard_guard', 'stages': array([ 1,  2,  3,  4,  5,  6,  7,  8,  9, 10, 11, 12, 13, 14, 15, 16, 17,
       18, 19, 20]), 'minimum_residual': -0.01137515327334404}
RMPCC-MF inactive Row M stages are trivially feasible.
RMPCC-MF minimum box residuals [state | input]: 3.9e-08 | 0.0
SQP_RTI solver failed with status 4. Starting infeasible recovery.
Backup solver is unavailable; falling back to safe stop.
Applied nominal_safe_controller safe-stop plan after infeasible RMPCC-MF solve.
[RMPCC 0246] SAFE_STOP solve=239.1ms pose=(1.134,0.594,0.632) u=(0.000,0.000) s=1.344 PSDFmin=-0.01038 G=FAIL(-0.01138) MF=inactive(active=0/20)
Acados solver failed with status 4
Acados residuals [stat, eq, ineq, comp]: [100.        0.        0.01138   0.     ]
Acados SQP iterations: 1
RMPCC-MF diagnostics captured before infeasibility recovery.
RMPCC-MF failed-iterate infeasibility candidates:
  - {'constraint': 'row_g_hard_guard', 'stages': array([ 1,  2,  3,  4,  5,  6,  7,  8,  9, 10, 11, 12, 13, 14, 15, 16, 17,
       18, 19, 20]), 'minimum_residual': -0.01137515327334404}
RMPCC-MF inactive Row M stages are trivially feasible.
RMPCC-MF minimum box residuals [state | input]: 3.9e-08 | 0.0
SQP_RTI solver failed with status 4. Starting infeasible recovery.
Backup solver is unavailable; falling back to safe stop.
Applied nominal_safe_controller safe-stop plan after infeasible RMPCC-MF solve.
[RMPCC 0247] SAFE_STOP solve=239.6ms pose=(1.134,0.594,0.632) u=(0.000,0.000) s=1.344 PSDFmin=-0.01038 G=FAIL(-0.01138) MF=inactive(active=0/20)
Acados solver failed with status 4
Acados residuals [stat, eq, ineq, comp]: [100.        0.        0.01138   0.     ]
Acados SQP iterations: 1
RMPCC-MF diagnostics captured before infeasibility recovery.
RMPCC-MF failed-iterate infeasibility candidates:
  - {'constraint': 'row_g_hard_guard', 'stages': array([ 1,  2,  3,  4,  5,  6,  7,  8,  9, 10, 11, 12, 13, 14, 15, 16, 17,
       18, 19, 20]), 'minimum_residual': -0.01137515327334404}
RMPCC-MF inactive Row M stages are trivially feasible.
RMPCC-MF minimum box residuals [state | input]: 3.9e-08 | 0.0
SQP_RTI solver failed with status 4. Starting infeasible recovery.
Backup solver is unavailable; falling back to safe stop.
Applied nominal_safe_controller safe-stop plan after infeasible RMPCC-MF solve.
[RMPCC 0248] SAFE_STOP solve=217.2ms pose=(1.134,0.594,0.632) u=(0.000,0.000) s=1.344 PSDFmin=-0.01038 G=FAIL(-0.01138) MF=inactive(active=0/20)
Acados solver failed with status 4
Acados residuals [stat, eq, ineq, comp]: [100.        0.        0.01138   0.     ]
Acados SQP iterations: 1
RMPCC-MF diagnostics captured before infeasibility recovery.
RMPCC-MF failed-iterate infeasibility candidates:
  - {'constraint': 'row_g_hard_guard', 'stages': array([ 1,  2,  3,  4,  5,  6,  7,  8,  9, 10, 11, 12, 13, 14, 15, 16, 17,
       18, 19, 20]), 'minimum_residual': -0.01137515327334404}
RMPCC-MF inactive Row M stages are trivially feasible.
RMPCC-MF minimum box residuals [state | input]: 3.9e-08 | 0.0
SQP_RTI solver failed with status 4. Starting infeasible recovery.
Backup solver is unavailable; falling back to safe stop.
Applied nominal_safe_controller safe-stop plan after infeasible RMPCC-MF solve.
[RMPCC 0249] SAFE_STOP solve=229.9ms pose=(1.134,0.594,0.632) u=(0.000,0.000) s=1.344 PSDFmin=-0.01038 G=FAIL(-0.01138) MF=inactive(active=0/20)
Acados solver failed with status 4
Acados residuals [stat, eq, ineq, comp]: [100.        0.        0.01138   0.     ]
Acados SQP iterations: 1
RMPCC-MF diagnostics captured before infeasibility recovery.
RMPCC-MF failed-iterate infeasibility candidates:
  - {'constraint': 'row_g_hard_guard', 'stages': array([ 1,  2,  3,  4,  5,  6,  7,  8,  9, 10, 11, 12, 13, 14, 15, 16, 17,
       18, 19, 20]), 'minimum_residual': -0.01137515327334404}
RMPCC-MF inactive Row M stages are trivially feasible.
RMPCC-MF minimum box residuals [state | input]: 3.9e-08 | 0.0
SQP_RTI solver failed with status 4. Starting infeasible recovery.
Backup solver is unavailable; falling back to safe stop.
Applied nominal_safe_controller safe-stop plan after infeasible RMPCC-MF solve.
[RMPCC 0250] SAFE_STOP solve=224.9ms pose=(1.134,0.594,0.632) u=(0.000,0.000) s=1.344 PSDFmin=-0.01038 G=FAIL(-0.01138) MF=inactive(active=0/20)
Acados solver failed with status 4
Acados residuals [stat, eq, ineq, comp]: [100.        0.        0.01138   0.     ]
Acados SQP iterations: 1
RMPCC-MF diagnostics captured before infeasibility recovery.
RMPCC-MF failed-iterate infeasibility candidates:
  - {'constraint': 'row_g_hard_guard', 'stages': array([ 1,  2,  3,  4,  5,  6,  7,  8,  9, 10, 11, 12, 13, 14, 15, 16, 17,
       18, 19, 20]), 'minimum_residual': -0.01137515327334404}
RMPCC-MF inactive Row M stages are trivially feasible.
RMPCC-MF minimum box residuals [state | input]: 3.9e-08 | 0.0
SQP_RTI solver failed with status 4. Starting infeasible recovery.
Backup solver is unavailable; falling back to safe stop.
Applied nominal_safe_controller safe-stop plan after infeasible RMPCC-MF solve.
[RMPCC 0251] SAFE_STOP solve=220.9ms pose=(1.134,0.594,0.632) u=(0.000,0.000) s=1.344 PSDFmin=-0.01038 G=FAIL(-0.01138) MF=inactive(active=0/20)
Acados solver failed with status 4
Acados residuals [stat, eq, ineq, comp]: [100.        0.        0.01138   0.     ]
Acados SQP iterations: 1
RMPCC-MF diagnostics captured before infeasibility recovery.
RMPCC-MF failed-iterate infeasibility candidates:
  - {'constraint': 'row_g_hard_guard', 'stages': array([ 1,  2,  3,  4,  5,  6,  7,  8,  9, 10, 11, 12, 13, 14, 15, 16, 17,
       18, 19, 20]), 'minimum_residual': -0.01137515327334404}
RMPCC-MF inactive Row M stages are trivially feasible.
RMPCC-MF minimum box residuals [state | input]: 3.9e-08 | 0.0
SQP_RTI solver failed with status 4. Starting infeasible recovery.
Backup solver is unavailable; falling back to safe stop.
Applied nominal_safe_controller safe-stop plan after infeasible RMPCC-MF solve.
[RMPCC 0252] SAFE_STOP solve=224.8ms pose=(1.134,0.594,0.632) u=(0.000,0.000) s=1.344 PSDFmin=-0.01038 G=FAIL(-0.01138) MF=inactive(active=0/20)
Acados solver failed with status 4
Acados residuals [stat, eq, ineq, comp]: [100.        0.        0.01138   0.     ]
Acados SQP iterations: 1
RMPCC-MF diagnostics captured before infeasibility recovery.
RMPCC-MF failed-iterate infeasibility candidates:
  - {'constraint': 'row_g_hard_guard', 'stages': array([ 1,  2,  3,  4,  5,  6,  7,  8,  9, 10, 11, 12, 13, 14, 15, 16, 17,
       18, 19, 20]), 'minimum_residual': -0.01137515327334404}
RMPCC-MF inactive Row M stages are trivially feasible.
RMPCC-MF minimum box residuals [state | input]: 3.9e-08 | 0.0
SQP_RTI solver failed with status 4. Starting infeasible recovery.
Backup solver is unavailable; falling back to safe stop.
Applied nominal_safe_controller safe-stop plan after infeasible RMPCC-MF solve.
[RMPCC 0253] SAFE_STOP solve=223.9ms pose=(1.134,0.594,0.632) u=(0.000,0.000) s=1.344 PSDFmin=-0.01038 G=FAIL(-0.01138) MF=inactive(active=0/20)
Acados solver failed with status 4
Acados residuals [stat, eq, ineq, comp]: [100.        0.        0.01138   0.     ]
Acados SQP iterations: 1
RMPCC-MF diagnostics captured before infeasibility recovery.
RMPCC-MF failed-iterate infeasibility candidates:
  - {'constraint': 'row_g_hard_guard', 'stages': array([ 1,  2,  3,  4,  5,  6,  7,  8,  9, 10, 11, 12, 13, 14, 15, 16, 17,
       18, 19, 20]), 'minimum_residual': -0.01137515327334404}
RMPCC-MF inactive Row M stages are trivially feasible.
RMPCC-MF minimum box residuals [state | input]: 3.9e-08 | 0.0
SQP_RTI solver failed with status 4. Starting infeasible recovery.
Backup solver is unavailable; falling back to safe stop.
Applied nominal_safe_controller safe-stop plan after infeasible RMPCC-MF solve.
[RMPCC 0254] SAFE_STOP solve=224.0ms pose=(1.134,0.594,0.632) u=(0.000,0.000) s=1.344 PSDFmin=-0.01038 G=FAIL(-0.01138) MF=inactive(active=0/20)
Acados solver failed with status 4
Acados residuals [stat, eq, ineq, comp]: [100.        0.        0.01138   0.     ]
Acados SQP iterations: 1
RMPCC-MF diagnostics captured before infeasibility recovery.
RMPCC-MF failed-iterate infeasibility candidates:
  - {'constraint': 'row_g_hard_guard', 'stages': array([ 1,  2,  3,  4,  5,  6,  7,  8,  9, 10, 11, 12, 13, 14, 15, 16, 17,
       18, 19, 20]), 'minimum_residual': -0.01137515327334404}
RMPCC-MF inactive Row M stages are trivially feasible.
RMPCC-MF minimum box residuals [state | input]: 3.9e-08 | 0.0
SQP_RTI solver failed with status 4. Starting infeasible recovery.
Backup solver is unavailable; falling back to safe stop.
Applied nominal_safe_controller safe-stop plan after infeasible RMPCC-MF solve.
[RMPCC 0255] SAFE_STOP solve=237.2ms pose=(1.134,0.594,0.632) u=(0.000,0.000) s=1.344 PSDFmin=-0.01038 G=FAIL(-0.01138) MF=inactive(active=0/20)
Acados solver failed with status 4
Acados residuals [stat, eq, ineq, comp]: [100.        0.        0.01138   0.     ]
Acados SQP iterations: 1
RMPCC-MF diagnostics captured before infeasibility recovery.
RMPCC-MF failed-iterate infeasibility candidates:
  - {'constraint': 'row_g_hard_guard', 'stages': array([ 1,  2,  3,  4,  5,  6,  7,  8,  9, 10, 11, 12, 13, 14, 15, 16, 17,
       18, 19, 20]), 'minimum_residual': -0.01137515327334404}
RMPCC-MF inactive Row M stages are trivially feasible.
RMPCC-MF minimum box residuals [state | input]: 3.9e-08 | 0.0
SQP_RTI solver failed with status 4. Starting infeasible recovery.
Backup solver is unavailable; falling back to safe stop.
Applied nominal_safe_controller safe-stop plan after infeasible RMPCC-MF solve.
[RMPCC 0256] SAFE_STOP solve=230.8ms pose=(1.134,0.594,0.632) u=(0.000,0.000) s=1.344 PSDFmin=-0.01038 G=FAIL(-0.01138) MF=inactive(active=0/20)
Acados solver failed with status 4
Acados residuals [stat, eq, ineq, comp]: [100.        0.        0.01138   0.     ]
Acados SQP iterations: 1
RMPCC-MF diagnostics captured before infeasibility recovery.
RMPCC-MF failed-iterate infeasibility candidates:
  - {'constraint': 'row_g_hard_guard', 'stages': array([ 1,  2,  3,  4,  5,  6,  7,  8,  9, 10, 11, 12, 13, 14, 15, 16, 17,
       18, 19, 20]), 'minimum_residual': -0.01137515327334404}
RMPCC-MF inactive Row M stages are trivially feasible.
RMPCC-MF minimum box residuals [state | input]: 3.9e-08 | 0.0
SQP_RTI solver failed with status 4. Starting infeasible recovery.
Backup solver is unavailable; falling back to safe stop.
Applied nominal_safe_controller safe-stop plan after infeasible RMPCC-MF solve.
[RMPCC 0257] SAFE_STOP solve=237.3ms pose=(1.134,0.594,0.632) u=(0.000,0.000) s=1.344 PSDFmin=-0.01038 G=FAIL(-0.01138) MF=inactive(active=0/20)
Acados solver failed with status 4
Acados residuals [stat, eq, ineq, comp]: [100.        0.        0.01138   0.     ]
Acados SQP iterations: 1
RMPCC-MF diagnostics captured before infeasibility recovery.
RMPCC-MF failed-iterate infeasibility candidates:
  - {'constraint': 'row_g_hard_guard', 'stages': array([ 1,  2,  3,  4,  5,  6,  7,  8,  9, 10, 11, 12, 13, 14, 15, 16, 17,
       18, 19, 20]), 'minimum_residual': -0.01137515327334404}
RMPCC-MF inactive Row M stages are trivially feasible.
RMPCC-MF minimum box residuals [state | input]: 3.9e-08 | 0.0
SQP_RTI solver failed with status 4. Starting infeasible recovery.
Backup solver is unavailable; falling back to safe stop.
Applied nominal_safe_controller safe-stop plan after infeasible RMPCC-MF solve.
[RMPCC 0258] SAFE_STOP solve=244.9ms pose=(1.134,0.594,0.632) u=(0.000,0.000) s=1.344 PSDFmin=-0.01038 G=FAIL(-0.01138) MF=inactive(active=0/20)
Acados solver failed with status 4
Acados residuals [stat, eq, ineq, comp]: [100.        0.        0.01138   0.     ]
Acados SQP iterations: 1
RMPCC-MF diagnostics captured before infeasibility recovery.
RMPCC-MF failed-iterate infeasibility candidates:
  - {'constraint': 'row_g_hard_guard', 'stages': array([ 1,  2,  3,  4,  5,  6,  7,  8,  9, 10, 11, 12, 13, 14, 15, 16, 17,
       18, 19, 20]), 'minimum_residual': -0.01137515327334404}
RMPCC-MF inactive Row M stages are trivially feasible.
RMPCC-MF minimum box residuals [state | input]: 3.9e-08 | 0.0
SQP_RTI solver failed with status 4. Starting infeasible recovery.
Backup solver is unavailable; falling back to safe stop.
Applied nominal_safe_controller safe-stop plan after infeasible RMPCC-MF solve.
[RMPCC 0259] SAFE_STOP solve=236.3ms pose=(1.134,0.594,0.632) u=(0.000,0.000) s=1.344 PSDFmin=-0.01038 G=FAIL(-0.01138) MF=inactive(active=0/20)
Acados solver failed with status 4
Acados residuals [stat, eq, ineq, comp]: [100.        0.        0.01138   0.     ]
Acados SQP iterations: 1
RMPCC-MF diagnostics captured before infeasibility recovery.
RMPCC-MF failed-iterate infeasibility candidates:
  - {'constraint': 'row_g_hard_guard', 'stages': array([ 1,  2,  3,  4,  5,  6,  7,  8,  9, 10, 11, 12, 13, 14, 15, 16, 17,
       18, 19, 20]), 'minimum_residual': -0.01137515327334404}
RMPCC-MF inactive Row M stages are trivially feasible.
RMPCC-MF minimum box residuals [state | input]: 3.9e-08 | 0.0
SQP_RTI solver failed with status 4. Starting infeasible recovery.
Backup solver is unavailable; falling back to safe stop.
Applied nominal_safe_controller safe-stop plan after infeasible RMPCC-MF solve.
[RMPCC 0260] SAFE_STOP solve=232.0ms pose=(1.134,0.594,0.632) u=(0.000,0.000) s=1.344 PSDFmin=-0.01038 G=FAIL(-0.01138) MF=inactive(active=0/20)
Acados solver failed with status 4
Acados residuals [stat, eq, ineq, comp]: [100.        0.        0.01138   0.     ]
Acados SQP iterations: 1
RMPCC-MF diagnostics captured before infeasibility recovery.
RMPCC-MF failed-iterate infeasibility candidates:
  - {'constraint': 'row_g_hard_guard', 'stages': array([ 1,  2,  3,  4,  5,  6,  7,  8,  9, 10, 11, 12, 13, 14, 15, 16, 17,
       18, 19, 20]), 'minimum_residual': -0.01137515327334404}
RMPCC-MF inactive Row M stages are trivially feasible.
RMPCC-MF minimum box residuals [state | input]: 3.9e-08 | 0.0
SQP_RTI solver failed with status 4. Starting infeasible recovery.
Backup solver is unavailable; falling back to safe stop.
Applied nominal_safe_controller safe-stop plan after infeasible RMPCC-MF solve.
[RMPCC 0261] SAFE_STOP solve=234.8ms pose=(1.134,0.594,0.632) u=(0.000,0.000) s=1.344 PSDFmin=-0.01038 G=FAIL(-0.01138) MF=inactive(active=0/20)
Acados solver failed with status 4
Acados residuals [stat, eq, ineq, comp]: [100.        0.        0.01138   0.     ]
Acados SQP iterations: 1
RMPCC-MF diagnostics captured before infeasibility recovery.
RMPCC-MF failed-iterate infeasibility candidates:
  - {'constraint': 'row_g_hard_guard', 'stages': array([ 1,  2,  3,  4,  5,  6,  7,  8,  9, 10, 11, 12, 13, 14, 15, 16, 17,
       18, 19, 20]), 'minimum_residual': -0.01137515327334404}
RMPCC-MF inactive Row M stages are trivially feasible.
RMPCC-MF minimum box residuals [state | input]: 3.9e-08 | 0.0
SQP_RTI solver failed with status 4. Starting infeasible recovery.
Backup solver is unavailable; falling back to safe stop.
Applied nominal_safe_controller safe-stop plan after infeasible RMPCC-MF solve.
[RMPCC 0262] SAFE_STOP solve=235.2ms pose=(1.134,0.594,0.632) u=(0.000,0.000) s=1.344 PSDFmin=-0.01038 G=FAIL(-0.01138) MF=inactive(active=0/20)
Acados solver failed with status 4
Acados residuals [stat, eq, ineq, comp]: [100.        0.        0.01138   0.     ]
Acados SQP iterations: 1
RMPCC-MF diagnostics captured before infeasibility recovery.
RMPCC-MF failed-iterate infeasibility candidates:
  - {'constraint': 'row_g_hard_guard', 'stages': array([ 1,  2,  3,  4,  5,  6,  7,  8,  9, 10, 11, 12, 13, 14, 15, 16, 17,
       18, 19, 20]), 'minimum_residual': -0.01137515327334404}
RMPCC-MF inactive Row M stages are trivially feasible.
RMPCC-MF minimum box residuals [state | input]: 3.9e-08 | 0.0
SQP_RTI solver failed with status 4. Starting infeasible recovery.
Backup solver is unavailable; falling back to safe stop.
Applied nominal_safe_controller safe-stop plan after infeasible RMPCC-MF solve.
[RMPCC 0263] SAFE_STOP solve=227.3ms pose=(1.134,0.594,0.632) u=(0.000,0.000) s=1.344 PSDFmin=-0.01038 G=FAIL(-0.01138) MF=inactive(active=0/20)
Acados solver failed with status 4
Acados residuals [stat, eq, ineq, comp]: [100.        0.        0.01138   0.     ]
Acados SQP iterations: 1
RMPCC-MF diagnostics captured before infeasibility recovery.
RMPCC-MF failed-iterate infeasibility candidates:
  - {'constraint': 'row_g_hard_guard', 'stages': array([ 1,  2,  3,  4,  5,  6,  7,  8,  9, 10, 11, 12, 13, 14, 15, 16, 17,
       18, 19, 20]), 'minimum_residual': -0.01137515327334404}
RMPCC-MF inactive Row M stages are trivially feasible.
RMPCC-MF minimum box residuals [state | input]: 3.9e-08 | 0.0
SQP_RTI solver failed with status 4. Starting infeasible recovery.
Backup solver is unavailable; falling back to safe stop.
Applied nominal_safe_controller safe-stop plan after infeasible RMPCC-MF solve.
[RMPCC 0264] SAFE_STOP solve=212.1ms pose=(1.134,0.594,0.632) u=(0.000,0.000) s=1.344 PSDFmin=-0.01038 G=FAIL(-0.01138) MF=inactive(active=0/20)
Acados solver failed with status 4
Acados residuals [stat, eq, ineq, comp]: [100.        0.        0.01138   0.     ]
Acados SQP iterations: 1
RMPCC-MF diagnostics captured before infeasibility recovery.
RMPCC-MF failed-iterate infeasibility candidates:
  - {'constraint': 'row_g_hard_guard', 'stages': array([ 1,  2,  3,  4,  5,  6,  7,  8,  9, 10, 11, 12, 13, 14, 15, 16, 17,
       18, 19, 20]), 'minimum_residual': -0.01137515327334404}
RMPCC-MF inactive Row M stages are trivially feasible.
RMPCC-MF minimum box residuals [state | input]: 3.9e-08 | 0.0
SQP_RTI solver failed with status 4. Starting infeasible recovery.
Backup solver is unavailable; falling back to safe stop.
Applied nominal_safe_controller safe-stop plan after infeasible RMPCC-MF solve.
[RMPCC 0265] SAFE_STOP solve=208.6ms pose=(1.134,0.594,0.632) u=(0.000,0.000) s=1.344 PSDFmin=-0.01038 G=FAIL(-0.01138) MF=inactive(active=0/20)
Acados solver failed with status 4
Acados residuals [stat, eq, ineq, comp]: [100.        0.        0.01138   0.     ]
Acados SQP iterations: 1
RMPCC-MF diagnostics captured before infeasibility recovery.
RMPCC-MF failed-iterate infeasibility candidates:
  - {'constraint': 'row_g_hard_guard', 'stages': array([ 1,  2,  3,  4,  5,  6,  7,  8,  9, 10, 11, 12, 13, 14, 15, 16, 17,
       18, 19, 20]), 'minimum_residual': -0.01137515327334404}
RMPCC-MF inactive Row M stages are trivially feasible.
RMPCC-MF minimum box residuals [state | input]: 3.9e-08 | 0.0
SQP_RTI solver failed with status 4. Starting infeasible recovery.
Backup solver is unavailable; falling back to safe stop.
Applied nominal_safe_controller safe-stop plan after infeasible RMPCC-MF solve.
[RMPCC 0266] SAFE_STOP solve=257.7ms pose=(1.134,0.594,0.632) u=(0.000,0.000) s=1.344 PSDFmin=-0.01038 G=FAIL(-0.01138) MF=inactive(active=0/20)
Acados solver failed with status 4
Acados residuals [stat, eq, ineq, comp]: [100.        0.        0.01138   0.     ]
Acados SQP iterations: 1
RMPCC-MF diagnostics captured before infeasibility recovery.
RMPCC-MF failed-iterate infeasibility candidates:
  - {'constraint': 'row_g_hard_guard', 'stages': array([ 1,  2,  3,  4,  5,  6,  7,  8,  9, 10, 11, 12, 13, 14, 15, 16, 17,
       18, 19, 20]), 'minimum_residual': -0.01137515327334404}
RMPCC-MF inactive Row M stages are trivially feasible.
RMPCC-MF minimum box residuals [state | input]: 3.9e-08 | 0.0
SQP_RTI solver failed with status 4. Starting infeasible recovery.
Backup solver is unavailable; falling back to safe stop.
Applied nominal_safe_controller safe-stop plan after infeasible RMPCC-MF solve.
[RMPCC 0267] SAFE_STOP solve=243.2ms pose=(1.134,0.594,0.632) u=(0.000,0.000) s=1.344 PSDFmin=-0.01038 G=FAIL(-0.01138) MF=inactive(active=0/20)
Acados solver failed with status 4
Acados residuals [stat, eq, ineq, comp]: [100.        0.        0.01138   0.     ]
Acados SQP iterations: 1
RMPCC-MF diagnostics captured before infeasibility recovery.
RMPCC-MF failed-iterate infeasibility candidates:
  - {'constraint': 'row_g_hard_guard', 'stages': array([ 1,  2,  3,  4,  5,  6,  7,  8,  9, 10, 11, 12, 13, 14, 15, 16, 17,
       18, 19, 20]), 'minimum_residual': -0.01137515327334404}
RMPCC-MF inactive Row M stages are trivially feasible.
RMPCC-MF minimum box residuals [state | input]: 3.9e-08 | 0.0
SQP_RTI solver failed with status 4. Starting infeasible recovery.
Backup solver is unavailable; falling back to safe stop.
Applied nominal_safe_controller safe-stop plan after infeasible RMPCC-MF solve.
[RMPCC 0268] SAFE_STOP solve=218.4ms pose=(1.134,0.594,0.632) u=(0.000,0.000) s=1.344 PSDFmin=-0.01038 G=FAIL(-0.01138) MF=inactive(active=0/20)
Acados solver failed with status 4
Acados residuals [stat, eq, ineq, comp]: [100.        0.        0.01138   0.     ]
Acados SQP iterations: 1
RMPCC-MF diagnostics captured before infeasibility recovery.
RMPCC-MF failed-iterate infeasibility candidates:
  - {'constraint': 'row_g_hard_guard', 'stages': array([ 1,  2,  3,  4,  5,  6,  7,  8,  9, 10, 11, 12, 13, 14, 15, 16, 17,
       18, 19, 20]), 'minimum_residual': -0.01137515327334404}
RMPCC-MF inactive Row M stages are trivially feasible.
RMPCC-MF minimum box residuals [state | input]: 3.9e-08 | 0.0
SQP_RTI solver failed with status 4. Starting infeasible recovery.
Backup solver is unavailable; falling back to safe stop.
Applied nominal_safe_controller safe-stop plan after infeasible RMPCC-MF solve.
[RMPCC 0269] SAFE_STOP solve=220.8ms pose=(1.134,0.594,0.632) u=(0.000,0.000) s=1.344 PSDFmin=-0.01038 G=FAIL(-0.01138) MF=inactive(active=0/20)
Acados solver failed with status 4
Acados residuals [stat, eq, ineq, comp]: [100.        0.        0.01138   0.     ]
Acados SQP iterations: 1
RMPCC-MF diagnostics captured before infeasibility recovery.
RMPCC-MF failed-iterate infeasibility candidates:
  - {'constraint': 'row_g_hard_guard', 'stages': array([ 1,  2,  3,  4,  5,  6,  7,  8,  9, 10, 11, 12, 13, 14, 15, 16, 17,
       18, 19, 20]), 'minimum_residual': -0.01137515327334404}
RMPCC-MF inactive Row M stages are trivially feasible.
RMPCC-MF minimum box residuals [state | input]: 3.9e-08 | 0.0
SQP_RTI solver failed with status 4. Starting infeasible recovery.
Backup solver is unavailable; falling back to safe stop.
Applied nominal_safe_controller safe-stop plan after infeasible RMPCC-MF solve.
[RMPCC 0270] SAFE_STOP solve=222.0ms pose=(1.134,0.594,0.632) u=(0.000,0.000) s=1.344 PSDFmin=-0.01038 G=FAIL(-0.01138) MF=inactive(active=0/20)
Acados solver failed with status 4
Acados residuals [stat, eq, ineq, comp]: [100.        0.        0.01138   0.     ]
Acados SQP iterations: 1
RMPCC-MF diagnostics captured before infeasibility recovery.
RMPCC-MF failed-iterate infeasibility candidates:
  - {'constraint': 'row_g_hard_guard', 'stages': array([ 1,  2,  3,  4,  5,  6,  7,  8,  9, 10, 11, 12, 13, 14, 15, 16, 17,
       18, 19, 20]), 'minimum_residual': -0.01137515327334404}
RMPCC-MF inactive Row M stages are trivially feasible.
RMPCC-MF minimum box residuals [state | input]: 3.9e-08 | 0.0
SQP_RTI solver failed with status 4. Starting infeasible recovery.
Backup solver is unavailable; falling back to safe stop.
Applied nominal_safe_controller safe-stop plan after infeasible RMPCC-MF solve.
[RMPCC 0271] SAFE_STOP solve=243.5ms pose=(1.134,0.594,0.632) u=(0.000,0.000) s=1.344 PSDFmin=-0.01038 G=FAIL(-0.01138) MF=inactive(active=0/20)
Acados solver failed with status 4
Acados residuals [stat, eq, ineq, comp]: [100.        0.        0.01138   0.     ]
Acados SQP iterations: 1
RMPCC-MF diagnostics captured before infeasibility recovery.
RMPCC-MF failed-iterate infeasibility candidates:
  - {'constraint': 'row_g_hard_guard', 'stages': array([ 1,  2,  3,  4,  5,  6,  7,  8,  9, 10, 11, 12, 13, 14, 15, 16, 17,
       18, 19, 20]), 'minimum_residual': -0.01137515327334404}
RMPCC-MF inactive Row M stages are trivially feasible.
RMPCC-MF minimum box residuals [state | input]: 3.9e-08 | 0.0
SQP_RTI solver failed with status 4. Starting infeasible recovery.
Backup solver is unavailable; falling back to safe stop.
Applied nominal_safe_controller safe-stop plan after infeasible RMPCC-MF solve.
[RMPCC 0272] SAFE_STOP solve=241.7ms pose=(1.134,0.594,0.632) u=(0.000,0.000) s=1.344 PSDFmin=-0.01038 G=FAIL(-0.01138) MF=inactive(active=0/20)
Acados solver failed with status 4
Acados residuals [stat, eq, ineq, comp]: [100.        0.        0.01138   0.     ]
Acados SQP iterations: 1
RMPCC-MF diagnostics captured before infeasibility recovery.
RMPCC-MF failed-iterate infeasibility candidates:
  - {'constraint': 'row_g_hard_guard', 'stages': array([ 1,  2,  3,  4,  5,  6,  7,  8,  9, 10, 11, 12, 13, 14, 15, 16, 17,
       18, 19, 20]), 'minimum_residual': -0.01137515327334404}
RMPCC-MF inactive Row M stages are trivially feasible.
RMPCC-MF minimum box residuals [state | input]: 3.9e-08 | 0.0
SQP_RTI solver failed with status 4. Starting infeasible recovery.
Backup solver is unavailable; falling back to safe stop.
Applied nominal_safe_controller safe-stop plan after infeasible RMPCC-MF solve.
[RMPCC 0273] SAFE_STOP solve=215.7ms pose=(1.134,0.594,0.632) u=(0.000,0.000) s=1.344 PSDFmin=-0.01038 G=FAIL(-0.01138) MF=inactive(active=0/20)
Acados solver failed with status 4
Acados residuals [stat, eq, ineq, comp]: [100.        0.        0.01138   0.     ]
Acados SQP iterations: 1
RMPCC-MF diagnostics captured before infeasibility recovery.
RMPCC-MF failed-iterate infeasibility candidates:
  - {'constraint': 'row_g_hard_guard', 'stages': array([ 1,  2,  3,  4,  5,  6,  7,  8,  9, 10, 11, 12, 13, 14, 15, 16, 17,
       18, 19, 20]), 'minimum_residual': -0.01137515327334404}
RMPCC-MF inactive Row M stages are trivially feasible.
RMPCC-MF minimum box residuals [state | input]: 3.9e-08 | 0.0
SQP_RTI solver failed with status 4. Starting infeasible recovery.
Backup solver is unavailable; falling back to safe stop.
Applied nominal_safe_controller safe-stop plan after infeasible RMPCC-MF solve.
[RMPCC 0274] SAFE_STOP solve=259.0ms pose=(1.134,0.594,0.632) u=(0.000,0.000) s=1.344 PSDFmin=-0.01038 G=FAIL(-0.01138) MF=inactive(active=0/20)
Acados solver failed with status 4
Acados residuals [stat, eq, ineq, comp]: [100.        0.        0.01138   0.     ]
Acados SQP iterations: 1
RMPCC-MF diagnostics captured before infeasibility recovery.
RMPCC-MF failed-iterate infeasibility candidates:
  - {'constraint': 'row_g_hard_guard', 'stages': array([ 1,  2,  3,  4,  5,  6,  7,  8,  9, 10, 11, 12, 13, 14, 15, 16, 17,
       18, 19, 20]), 'minimum_residual': -0.01137515327334404}
RMPCC-MF inactive Row M stages are trivially feasible.
RMPCC-MF minimum box residuals [state | input]: 3.9e-08 | 0.0
SQP_RTI solver failed with status 4. Starting infeasible recovery.
Backup solver is unavailable; falling back to safe stop.
Applied nominal_safe_controller safe-stop plan after infeasible RMPCC-MF solve.
[RMPCC 0275] SAFE_STOP solve=237.1ms pose=(1.134,0.594,0.632) u=(0.000,0.000) s=1.344 PSDFmin=-0.01038 G=FAIL(-0.01138) MF=inactive(active=0/20)
Acados solver failed with status 4
Acados residuals [stat, eq, ineq, comp]: [100.        0.        0.01138   0.     ]
Acados SQP iterations: 1
RMPCC-MF diagnostics captured before infeasibility recovery.
RMPCC-MF failed-iterate infeasibility candidates:
  - {'constraint': 'row_g_hard_guard', 'stages': array([ 1,  2,  3,  4,  5,  6,  7,  8,  9, 10, 11, 12, 13, 14, 15, 16, 17,
       18, 19, 20]), 'minimum_residual': -0.01137515327334404}
RMPCC-MF inactive Row M stages are trivially feasible.
RMPCC-MF minimum box residuals [state | input]: 3.9e-08 | 0.0
SQP_RTI solver failed with status 4. Starting infeasible recovery.
Backup solver is unavailable; falling back to safe stop.
Applied nominal_safe_controller safe-stop plan after infeasible RMPCC-MF solve.
[RMPCC 0276] SAFE_STOP solve=217.6ms pose=(1.134,0.594,0.632) u=(0.000,0.000) s=1.344 PSDFmin=-0.01038 G=FAIL(-0.01138) MF=inactive(active=0/20)
Acados solver failed with status 4
Acados residuals [stat, eq, ineq, comp]: [100.        0.        0.01138   0.     ]
Acados SQP iterations: 1
RMPCC-MF diagnostics captured before infeasibility recovery.
RMPCC-MF failed-iterate infeasibility candidates:
  - {'constraint': 'row_g_hard_guard', 'stages': array([ 1,  2,  3,  4,  5,  6,  7,  8,  9, 10, 11, 12, 13, 14, 15, 16, 17,
       18, 19, 20]), 'minimum_residual': -0.01137515327334404}
RMPCC-MF inactive Row M stages are trivially feasible.
RMPCC-MF minimum box residuals [state | input]: 3.9e-08 | 0.0
SQP_RTI solver failed with status 4. Starting infeasible recovery.
Backup solver is unavailable; falling back to safe stop.
Applied nominal_safe_controller safe-stop plan after infeasible RMPCC-MF solve.
[RMPCC 0277] SAFE_STOP solve=240.5ms pose=(1.134,0.594,0.632) u=(0.000,0.000) s=1.344 PSDFmin=-0.01038 G=FAIL(-0.01138) MF=inactive(active=0/20)
Acados solver failed with status 4
Acados residuals [stat, eq, ineq, comp]: [100.        0.        0.01138   0.     ]
Acados SQP iterations: 1
RMPCC-MF diagnostics captured before infeasibility recovery.
RMPCC-MF failed-iterate infeasibility candidates:
  - {'constraint': 'row_g_hard_guard', 'stages': array([ 1,  2,  3,  4,  5,  6,  7,  8,  9, 10, 11, 12, 13, 14, 15, 16, 17,
       18, 19, 20]), 'minimum_residual': -0.01137515327334404}
RMPCC-MF inactive Row M stages are trivially feasible.
RMPCC-MF minimum box residuals [state | input]: 3.9e-08 | 0.0
SQP_RTI solver failed with status 4. Starting infeasible recovery.
Backup solver is unavailable; falling back to safe stop.
Applied nominal_safe_controller safe-stop plan after infeasible RMPCC-MF solve.
[RMPCC 0278] SAFE_STOP solve=235.0ms pose=(1.134,0.594,0.632) u=(0.000,0.000) s=1.344 PSDFmin=-0.01038 G=FAIL(-0.01138) MF=inactive(active=0/20)
Acados solver failed with status 4
Acados residuals [stat, eq, ineq, comp]: [100.        0.        0.01138   0.     ]
Acados SQP iterations: 1
RMPCC-MF diagnostics captured before infeasibility recovery.
RMPCC-MF failed-iterate infeasibility candidates:
  - {'constraint': 'row_g_hard_guard', 'stages': array([ 1,  2,  3,  4,  5,  6,  7,  8,  9, 10, 11, 12, 13, 14, 15, 16, 17,
       18, 19, 20]), 'minimum_residual': -0.01137515327334404}
RMPCC-MF inactive Row M stages are trivially feasible.
RMPCC-MF minimum box residuals [state | input]: 3.9e-08 | 0.0
SQP_RTI solver failed with status 4. Starting infeasible recovery.
Backup solver is unavailable; falling back to safe stop.
Applied nominal_safe_controller safe-stop plan after infeasible RMPCC-MF solve.
[RMPCC 0279] SAFE_STOP solve=230.5ms pose=(1.134,0.594,0.632) u=(0.000,0.000) s=1.344 PSDFmin=-0.01038 G=FAIL(-0.01138) MF=inactive(active=0/20)
Acados solver failed with status 4
Acados residuals [stat, eq, ineq, comp]: [100.        0.        0.01138   0.     ]
Acados SQP iterations: 1
RMPCC-MF diagnostics captured before infeasibility recovery.
RMPCC-MF failed-iterate infeasibility candidates:
  - {'constraint': 'row_g_hard_guard', 'stages': array([ 1,  2,  3,  4,  5,  6,  7,  8,  9, 10, 11, 12, 13, 14, 15, 16, 17,
       18, 19, 20]), 'minimum_residual': -0.01137515327334404}
RMPCC-MF inactive Row M stages are trivially feasible.
RMPCC-MF minimum box residuals [state | input]: 3.9e-08 | 0.0
SQP_RTI solver failed with status 4. Starting infeasible recovery.
Backup solver is unavailable; falling back to safe stop.
Applied nominal_safe_controller safe-stop plan after infeasible RMPCC-MF solve.
[RMPCC 0280] SAFE_STOP solve=228.7ms pose=(1.134,0.594,0.632) u=(0.000,0.000) s=1.344 PSDFmin=-0.01038 G=FAIL(-0.01138) MF=inactive(active=0/20)
Acados solver failed with status 4
Acados residuals [stat, eq, ineq, comp]: [100.        0.        0.01138   0.     ]
Acados SQP iterations: 1
RMPCC-MF diagnostics captured before infeasibility recovery.
RMPCC-MF failed-iterate infeasibility candidates:
  - {'constraint': 'row_g_hard_guard', 'stages': array([ 1,  2,  3,  4,  5,  6,  7,  8,  9, 10, 11, 12, 13, 14, 15, 16, 17,
       18, 19, 20]), 'minimum_residual': -0.01137515327334404}
RMPCC-MF inactive Row M stages are trivially feasible.
RMPCC-MF minimum box residuals [state | input]: 3.9e-08 | 0.0
SQP_RTI solver failed with status 4. Starting infeasible recovery.
Backup solver is unavailable; falling back to safe stop.
Applied nominal_safe_controller safe-stop plan after infeasible RMPCC-MF solve.
[RMPCC 0281] SAFE_STOP solve=221.6ms pose=(1.134,0.594,0.632) u=(0.000,0.000) s=1.344 PSDFmin=-0.01038 G=FAIL(-0.01138) MF=inactive(active=0/20)
Acados solver failed with status 4
Acados residuals [stat, eq, ineq, comp]: [100.        0.        0.01138   0.     ]
Acados SQP iterations: 1
RMPCC-MF diagnostics captured before infeasibility recovery.
RMPCC-MF failed-iterate infeasibility candidates:
  - {'constraint': 'row_g_hard_guard', 'stages': array([ 1,  2,  3,  4,  5,  6,  7,  8,  9, 10, 11, 12, 13, 14, 15, 16, 17,
       18, 19, 20]), 'minimum_residual': -0.01137515327334404}
RMPCC-MF inactive Row M stages are trivially feasible.
RMPCC-MF minimum box residuals [state | input]: 3.9e-08 | 0.0
SQP_RTI solver failed with status 4. Starting infeasible recovery.
Backup solver is unavailable; falling back to safe stop.
Applied nominal_safe_controller safe-stop plan after infeasible RMPCC-MF solve.
[RMPCC 0282] SAFE_STOP solve=233.6ms pose=(1.134,0.594,0.632) u=(0.000,0.000) s=1.344 PSDFmin=-0.01038 G=FAIL(-0.01138) MF=inactive(active=0/20)
Acados solver failed with status 4
Acados residuals [stat, eq, ineq, comp]: [100.        0.        0.01138   0.     ]
Acados SQP iterations: 1
RMPCC-MF diagnostics captured before infeasibility recovery.
RMPCC-MF failed-iterate infeasibility candidates:
  - {'constraint': 'row_g_hard_guard', 'stages': array([ 1,  2,  3,  4,  5,  6,  7,  8,  9, 10, 11, 12, 13, 14, 15, 16, 17,
       18, 19, 20]), 'minimum_residual': -0.01137515327334404}
RMPCC-MF inactive Row M stages are trivially feasible.
RMPCC-MF minimum box residuals [state | input]: 3.9e-08 | 0.0
SQP_RTI solver failed with status 4. Starting infeasible recovery.
Backup solver is unavailable; falling back to safe stop.
Applied nominal_safe_controller safe-stop plan after infeasible RMPCC-MF solve.
[RMPCC 0283] SAFE_STOP solve=225.7ms pose=(1.134,0.594,0.632) u=(0.000,0.000) s=1.344 PSDFmin=-0.01038 G=FAIL(-0.01138) MF=inactive(active=0/20)
Acados solver failed with status 4
Acados residuals [stat, eq, ineq, comp]: [100.        0.        0.01138   0.     ]
Acados SQP iterations: 1
RMPCC-MF diagnostics captured before infeasibility recovery.
RMPCC-MF failed-iterate infeasibility candidates:
  - {'constraint': 'row_g_hard_guard', 'stages': array([ 1,  2,  3,  4,  5,  6,  7,  8,  9, 10, 11, 12, 13, 14, 15, 16, 17,
       18, 19, 20]), 'minimum_residual': -0.01137515327334404}
RMPCC-MF inactive Row M stages are trivially feasible.
RMPCC-MF minimum box residuals [state | input]: 3.9e-08 | 0.0
SQP_RTI solver failed with status 4. Starting infeasible recovery.
Backup solver is unavailable; falling back to safe stop.
Applied nominal_safe_controller safe-stop plan after infeasible RMPCC-MF solve.
[RMPCC 0284] SAFE_STOP solve=218.5ms pose=(1.134,0.594,0.632) u=(0.000,0.000) s=1.344 PSDFmin=-0.01038 G=FAIL(-0.01138) MF=inactive(active=0/20)
Acados solver failed with status 4
Acados residuals [stat, eq, ineq, comp]: [100.        0.        0.01138   0.     ]
Acados SQP iterations: 1
RMPCC-MF diagnostics captured before infeasibility recovery.
RMPCC-MF failed-iterate infeasibility candidates:
  - {'constraint': 'row_g_hard_guard', 'stages': array([ 1,  2,  3,  4,  5,  6,  7,  8,  9, 10, 11, 12, 13, 14, 15, 16, 17,
       18, 19, 20]), 'minimum_residual': -0.01137515327334404}
RMPCC-MF inactive Row M stages are trivially feasible.
RMPCC-MF minimum box residuals [state | input]: 3.9e-08 | 0.0
SQP_RTI solver failed with status 4. Starting infeasible recovery.
Backup solver is unavailable; falling back to safe stop.
Applied nominal_safe_controller safe-stop plan after infeasible RMPCC-MF solve.
[RMPCC 0285] SAFE_STOP solve=241.3ms pose=(1.134,0.594,0.632) u=(0.000,0.000) s=1.344 PSDFmin=-0.01038 G=FAIL(-0.01138) MF=inactive(active=0/20)
Acados solver failed with status 4
Acados residuals [stat, eq, ineq, comp]: [100.        0.        0.01138   0.     ]
Acados SQP iterations: 1
RMPCC-MF diagnostics captured before infeasibility recovery.
RMPCC-MF failed-iterate infeasibility candidates:
  - {'constraint': 'row_g_hard_guard', 'stages': array([ 1,  2,  3,  4,  5,  6,  7,  8,  9, 10, 11, 12, 13, 14, 15, 16, 17,
       18, 19, 20]), 'minimum_residual': -0.01137515327334404}
RMPCC-MF inactive Row M stages are trivially feasible.
RMPCC-MF minimum box residuals [state | input]: 3.9e-08 | 0.0
SQP_RTI solver failed with status 4. Starting infeasible recovery.
Backup solver is unavailable; falling back to safe stop.
Applied nominal_safe_controller safe-stop plan after infeasible RMPCC-MF solve.
[RMPCC 0286] SAFE_STOP solve=237.1ms pose=(1.134,0.594,0.632) u=(0.000,0.000) s=1.344 PSDFmin=-0.01038 G=FAIL(-0.01138) MF=inactive(active=0/20)
Acados solver failed with status 4
Acados residuals [stat, eq, ineq, comp]: [100.        0.        0.01138   0.     ]
Acados SQP iterations: 1
RMPCC-MF diagnostics captured before infeasibility recovery.
RMPCC-MF failed-iterate infeasibility candidates:
  - {'constraint': 'row_g_hard_guard', 'stages': array([ 1,  2,  3,  4,  5,  6,  7,  8,  9, 10, 11, 12, 13, 14, 15, 16, 17,
       18, 19, 20]), 'minimum_residual': -0.01137515327334404}
RMPCC-MF inactive Row M stages are trivially feasible.
RMPCC-MF minimum box residuals [state | input]: 3.9e-08 | 0.0
SQP_RTI solver failed with status 4. Starting infeasible recovery.
Backup solver is unavailable; falling back to safe stop.
Applied nominal_safe_controller safe-stop plan after infeasible RMPCC-MF solve.
[RMPCC 0287] SAFE_STOP solve=217.2ms pose=(1.134,0.594,0.632) u=(0.000,0.000) s=1.344 PSDFmin=-0.01038 G=FAIL(-0.01138) MF=inactive(active=0/20)
Acados solver failed with status 4
Acados residuals [stat, eq, ineq, comp]: [100.        0.        0.01138   0.     ]
Acados SQP iterations: 1
RMPCC-MF diagnostics captured before infeasibility recovery.
RMPCC-MF failed-iterate infeasibility candidates:
  - {'constraint': 'row_g_hard_guard', 'stages': array([ 1,  2,  3,  4,  5,  6,  7,  8,  9, 10, 11, 12, 13, 14, 15, 16, 17,
       18, 19, 20]), 'minimum_residual': -0.01137515327334404}
RMPCC-MF inactive Row M stages are trivially feasible.
RMPCC-MF minimum box residuals [state | input]: 3.9e-08 | 0.0
SQP_RTI solver failed with status 4. Starting infeasible recovery.
Backup solver is unavailable; falling back to safe stop.
Applied nominal_safe_controller safe-stop plan after infeasible RMPCC-MF solve.
[RMPCC 0288] SAFE_STOP solve=209.5ms pose=(1.134,0.594,0.632) u=(0.000,0.000) s=1.344 PSDFmin=-0.01038 G=FAIL(-0.01138) MF=inactive(active=0/20)
Acados solver failed with status 4
Acados residuals [stat, eq, ineq, comp]: [100.        0.        0.01138   0.     ]
Acados SQP iterations: 1
RMPCC-MF diagnostics captured before infeasibility recovery.
RMPCC-MF failed-iterate infeasibility candidates:
  - {'constraint': 'row_g_hard_guard', 'stages': array([ 1,  2,  3,  4,  5,  6,  7,  8,  9, 10, 11, 12, 13, 14, 15, 16, 17,
       18, 19, 20]), 'minimum_residual': -0.01137515327334404}
RMPCC-MF inactive Row M stages are trivially feasible.
RMPCC-MF minimum box residuals [state | input]: 3.9e-08 | 0.0
SQP_RTI solver failed with status 4. Starting infeasible recovery.
Backup solver is unavailable; falling back to safe stop.
Applied nominal_safe_controller safe-stop plan after infeasible RMPCC-MF solve.
[RMPCC 0289] SAFE_STOP solve=219.7ms pose=(1.134,0.594,0.632) u=(0.000,0.000) s=1.344 PSDFmin=-0.01038 G=FAIL(-0.01138) MF=inactive(active=0/20)
Acados solver failed with status 4
Acados residuals [stat, eq, ineq, comp]: [100.        0.        0.01138   0.     ]
Acados SQP iterations: 1
RMPCC-MF diagnostics captured before infeasibility recovery.
RMPCC-MF failed-iterate infeasibility candidates:
  - {'constraint': 'row_g_hard_guard', 'stages': array([ 1,  2,  3,  4,  5,  6,  7,  8,  9, 10, 11, 12, 13, 14, 15, 16, 17,
       18, 19, 20]), 'minimum_residual': -0.01137515327334404}
RMPCC-MF inactive Row M stages are trivially feasible.
RMPCC-MF minimum box residuals [state | input]: 3.9e-08 | 0.0
SQP_RTI solver failed with status 4. Starting infeasible recovery.
Backup solver is unavailable; falling back to safe stop.
Applied nominal_safe_controller safe-stop plan after infeasible RMPCC-MF solve.
[RMPCC 0290] SAFE_STOP solve=224.2ms pose=(1.134,0.594,0.632) u=(0.000,0.000) s=1.344 PSDFmin=-0.01038 G=FAIL(-0.01138) MF=inactive(active=0/20)
Acados solver failed with status 4
Acados residuals [stat, eq, ineq, comp]: [100.        0.        0.01138   0.     ]
Acados SQP iterations: 1
RMPCC-MF diagnostics captured before infeasibility recovery.
RMPCC-MF failed-iterate infeasibility candidates:
  - {'constraint': 'row_g_hard_guard', 'stages': array([ 1,  2,  3,  4,  5,  6,  7,  8,  9, 10, 11, 12, 13, 14, 15, 16, 17,
       18, 19, 20]), 'minimum_residual': -0.01137515327334404}
RMPCC-MF inactive Row M stages are trivially feasible.
RMPCC-MF minimum box residuals [state | input]: 3.9e-08 | 0.0
SQP_RTI solver failed with status 4. Starting infeasible recovery.
Backup solver is unavailable; falling back to safe stop.
Applied nominal_safe_controller safe-stop plan after infeasible RMPCC-MF solve.
[RMPCC 0291] SAFE_STOP solve=220.2ms pose=(1.134,0.594,0.632) u=(0.000,0.000) s=1.344 PSDFmin=-0.01038 G=FAIL(-0.01138) MF=inactive(active=0/20)
Acados solver failed with status 4
Acados residuals [stat, eq, ineq, comp]: [100.        0.        0.01138   0.     ]
Acados SQP iterations: 1
RMPCC-MF diagnostics captured before infeasibility recovery.
RMPCC-MF failed-iterate infeasibility candidates:
  - {'constraint': 'row_g_hard_guard', 'stages': array([ 1,  2,  3,  4,  5,  6,  7,  8,  9, 10, 11, 12, 13, 14, 15, 16, 17,
       18, 19, 20]), 'minimum_residual': -0.01137515327334404}
RMPCC-MF inactive Row M stages are trivially feasible.
RMPCC-MF minimum box residuals [state | input]: 3.9e-08 | 0.0
SQP_RTI solver failed with status 4. Starting infeasible recovery.
Backup solver is unavailable; falling back to safe stop.
Applied nominal_safe_controller safe-stop plan after infeasible RMPCC-MF solve.
[RMPCC 0292] SAFE_STOP solve=213.8ms pose=(1.134,0.594,0.632) u=(0.000,0.000) s=1.344 PSDFmin=-0.01038 G=FAIL(-0.01138) MF=inactive(active=0/20)
Acados solver failed with status 4
Acados residuals [stat, eq, ineq, comp]: [100.        0.        0.01138   0.     ]
Acados SQP iterations: 1
RMPCC-MF diagnostics captured before infeasibility recovery.
RMPCC-MF failed-iterate infeasibility candidates:
  - {'constraint': 'row_g_hard_guard', 'stages': array([ 1,  2,  3,  4,  5,  6,  7,  8,  9, 10, 11, 12, 13, 14, 15, 16, 17,
       18, 19, 20]), 'minimum_residual': -0.01137515327334404}
RMPCC-MF inactive Row M stages are trivially feasible.
RMPCC-MF minimum box residuals [state | input]: 3.9e-08 | 0.0
SQP_RTI solver failed with status 4. Starting infeasible recovery.
Backup solver is unavailable; falling back to safe stop.
Applied nominal_safe_controller safe-stop plan after infeasible RMPCC-MF solve.
[RMPCC 0293] SAFE_STOP solve=217.6ms pose=(1.134,0.594,0.632) u=(0.000,0.000) s=1.344 PSDFmin=-0.01038 G=FAIL(-0.01138) MF=inactive(active=0/20)
Acados solver failed with status 4
Acados residuals [stat, eq, ineq, comp]: [100.        0.        0.01138   0.     ]
Acados SQP iterations: 1
RMPCC-MF diagnostics captured before infeasibility recovery.
RMPCC-MF failed-iterate infeasibility candidates:
  - {'constraint': 'row_g_hard_guard', 'stages': array([ 1,  2,  3,  4,  5,  6,  7,  8,  9, 10, 11, 12, 13, 14, 15, 16, 17,
       18, 19, 20]), 'minimum_residual': -0.01137515327334404}
RMPCC-MF inactive Row M stages are trivially feasible.
RMPCC-MF minimum box residuals [state | input]: 3.9e-08 | 0.0
SQP_RTI solver failed with status 4. Starting infeasible recovery.
Backup solver is unavailable; falling back to safe stop.
Applied nominal_safe_controller safe-stop plan after infeasible RMPCC-MF solve.
[RMPCC 0294] SAFE_STOP solve=226.0ms pose=(1.134,0.594,0.632) u=(0.000,0.000) s=1.344 PSDFmin=-0.01038 G=FAIL(-0.01138) MF=inactive(active=0/20)
Acados solver failed with status 4
Acados residuals [stat, eq, ineq, comp]: [100.        0.        0.01138   0.     ]
Acados SQP iterations: 1
RMPCC-MF diagnostics captured before infeasibility recovery.
RMPCC-MF failed-iterate infeasibility candidates:
  - {'constraint': 'row_g_hard_guard', 'stages': array([ 1,  2,  3,  4,  5,  6,  7,  8,  9, 10, 11, 12, 13, 14, 15, 16, 17,
       18, 19, 20]), 'minimum_residual': -0.01137515327334404}
RMPCC-MF inactive Row M stages are trivially feasible.
RMPCC-MF minimum box residuals [state | input]: 3.9e-08 | 0.0
SQP_RTI solver failed with status 4. Starting infeasible recovery.
Backup solver is unavailable; falling back to safe stop.
Applied nominal_safe_controller safe-stop plan after infeasible RMPCC-MF solve.
[RMPCC 0295] SAFE_STOP solve=226.9ms pose=(1.134,0.594,0.632) u=(0.000,0.000) s=1.344 PSDFmin=-0.01038 G=FAIL(-0.01138) MF=inactive(active=0/20)
Acados solver failed with status 4
Acados residuals [stat, eq, ineq, comp]: [100.        0.        0.01138   0.     ]
Acados SQP iterations: 1
RMPCC-MF diagnostics captured before infeasibility recovery.
RMPCC-MF failed-iterate infeasibility candidates:
  - {'constraint': 'row_g_hard_guard', 'stages': array([ 1,  2,  3,  4,  5,  6,  7,  8,  9, 10, 11, 12, 13, 14, 15, 16, 17,
       18, 19, 20]), 'minimum_residual': -0.01137515327334404}
RMPCC-MF inactive Row M stages are trivially feasible.
RMPCC-MF minimum box residuals [state | input]: 3.9e-08 | 0.0
SQP_RTI solver failed with status 4. Starting infeasible recovery.
Backup solver is unavailable; falling back to safe stop.
Applied nominal_safe_controller safe-stop plan after infeasible RMPCC-MF solve.
[RMPCC 0296] SAFE_STOP solve=204.1ms pose=(1.134,0.594,0.632) u=(0.000,0.000) s=1.344 PSDFmin=-0.01038 G=FAIL(-0.01138) MF=inactive(active=0/20)
Acados solver failed with status 4
Acados residuals [stat, eq, ineq, comp]: [100.        0.        0.01138   0.     ]
Acados SQP iterations: 1
RMPCC-MF diagnostics captured before infeasibility recovery.
RMPCC-MF failed-iterate infeasibility candidates:
  - {'constraint': 'row_g_hard_guard', 'stages': array([ 1,  2,  3,  4,  5,  6,  7,  8,  9, 10, 11, 12, 13, 14, 15, 16, 17,
       18, 19, 20]), 'minimum_residual': -0.01137515327334404}
RMPCC-MF inactive Row M stages are trivially feasible.
RMPCC-MF minimum box residuals [state | input]: 3.9e-08 | 0.0
SQP_RTI solver failed with status 4. Starting infeasible recovery.
Backup solver is unavailable; falling back to safe stop.
Applied nominal_safe_controller safe-stop plan after infeasible RMPCC-MF solve.
[RMPCC 0297] SAFE_STOP solve=226.3ms pose=(1.134,0.594,0.632) u=(0.000,0.000) s=1.344 PSDFmin=-0.01038 G=FAIL(-0.01138) MF=inactive(active=0/20)
Acados solver failed with status 4
Acados residuals [stat, eq, ineq, comp]: [100.        0.        0.01138   0.     ]
Acados SQP iterations: 1
RMPCC-MF diagnostics captured before infeasibility recovery.
RMPCC-MF failed-iterate infeasibility candidates:
  - {'constraint': 'row_g_hard_guard', 'stages': array([ 1,  2,  3,  4,  5,  6,  7,  8,  9, 10, 11, 12, 13, 14, 15, 16, 17,
       18, 19, 20]), 'minimum_residual': -0.01137515327334404}
RMPCC-MF inactive Row M stages are trivially feasible.
RMPCC-MF minimum box residuals [state | input]: 3.9e-08 | 0.0
SQP_RTI solver failed with status 4. Starting infeasible recovery.
Backup solver is unavailable; falling back to safe stop.
Applied nominal_safe_controller safe-stop plan after infeasible RMPCC-MF solve.
[RMPCC 0298] SAFE_STOP solve=224.6ms pose=(1.134,0.594,0.632) u=(0.000,0.000) s=1.344 PSDFmin=-0.01038 G=FAIL(-0.01138) MF=inactive(active=0/20)
Acados solver failed with status 4
Acados residuals [stat, eq, ineq, comp]: [100.        0.        0.01138   0.     ]
Acados SQP iterations: 1
RMPCC-MF diagnostics captured before infeasibility recovery.
RMPCC-MF failed-iterate infeasibility candidates:
  - {'constraint': 'row_g_hard_guard', 'stages': array([ 1,  2,  3,  4,  5,  6,  7,  8,  9, 10, 11, 12, 13, 14, 15, 16, 17,
       18, 19, 20]), 'minimum_residual': -0.01137515327334404}
RMPCC-MF inactive Row M stages are trivially feasible.
RMPCC-MF minimum box residuals [state | input]: 3.9e-08 | 0.0
SQP_RTI solver failed with status 4. Starting infeasible recovery.
Backup solver is unavailable; falling back to safe stop.
Applied nominal_safe_controller safe-stop plan after infeasible RMPCC-MF solve.
[RMPCC 0299] SAFE_STOP solve=234.5ms pose=(1.134,0.594,0.632) u=(0.000,0.000) s=1.344 PSDFmin=-0.01038 G=FAIL(-0.01138) MF=inactive(active=0/20)
Acados solver failed with status 4
Acados residuals [stat, eq, ineq, comp]: [100.        0.        0.01138   0.     ]
Acados SQP iterations: 1
RMPCC-MF diagnostics captured before infeasibility recovery.
RMPCC-MF failed-iterate infeasibility candidates:
  - {'constraint': 'row_g_hard_guard', 'stages': array([ 1,  2,  3,  4,  5,  6,  7,  8,  9, 10, 11, 12, 13, 14, 15, 16, 17,
       18, 19, 20]), 'minimum_residual': -0.01137515327334404}
RMPCC-MF inactive Row M stages are trivially feasible.
RMPCC-MF minimum box residuals [state | input]: 3.9e-08 | 0.0
SQP_RTI solver failed with status 4. Starting infeasible recovery.
Backup solver is unavailable; falling back to safe stop.
Applied nominal_safe_controller safe-stop plan after infeasible RMPCC-MF solve.
[RMPCC 0300] SAFE_STOP solve=239.9ms pose=(1.134,0.594,0.632) u=(0.000,0.000) s=1.344 PSDFmin=-0.01038 G=FAIL(-0.01138) MF=inactive(active=0/20)
Acados solver failed with status 4
Acados residuals [stat, eq, ineq, comp]: [100.        0.        0.01138   0.     ]
Acados SQP iterations: 1
RMPCC-MF diagnostics captured before infeasibility recovery.
RMPCC-MF failed-iterate infeasibility candidates:
  - {'constraint': 'row_g_hard_guard', 'stages': array([ 1,  2,  3,  4,  5,  6,  7,  8,  9, 10, 11, 12, 13, 14, 15, 16, 17,
       18, 19, 20]), 'minimum_residual': -0.01137515327334404}
RMPCC-MF inactive Row M stages are trivially feasible.
RMPCC-MF minimum box residuals [state | input]: 3.9e-08 | 0.0
SQP_RTI solver failed with status 4. Starting infeasible recovery.
Backup solver is unavailable; falling back to safe stop.
Applied nominal_safe_controller safe-stop plan after infeasible RMPCC-MF solve.
[RMPCC 0301] SAFE_STOP solve=228.3ms pose=(1.134,0.594,0.632) u=(0.000,0.000) s=1.344 PSDFmin=-0.01038 G=FAIL(-0.01138) MF=inactive(active=0/20)
Acados solver failed with status 4
Acados residuals [stat, eq, ineq, comp]: [100.        0.        0.01138   0.     ]
Acados SQP iterations: 1
RMPCC-MF diagnostics captured before infeasibility recovery.
RMPCC-MF failed-iterate infeasibility candidates:
  - {'constraint': 'row_g_hard_guard', 'stages': array([ 1,  2,  3,  4,  5,  6,  7,  8,  9, 10, 11, 12, 13, 14, 15, 16, 17,
       18, 19, 20]), 'minimum_residual': -0.01137515327334404}
RMPCC-MF inactive Row M stages are trivially feasible.
RMPCC-MF minimum box residuals [state | input]: 3.9e-08 | 0.0
SQP_RTI solver failed with status 4. Starting infeasible recovery.
Backup solver is unavailable; falling back to safe stop.
Applied nominal_safe_controller safe-stop plan after infeasible RMPCC-MF solve.
[RMPCC 0302] SAFE_STOP solve=219.1ms pose=(1.134,0.594,0.632) u=(0.000,0.000) s=1.344 PSDFmin=-0.01038 G=FAIL(-0.01138) MF=inactive(active=0/20)
Acados solver failed with status 4
Acados residuals [stat, eq, ineq, comp]: [100.        0.        0.01138   0.     ]
Acados SQP iterations: 1
RMPCC-MF diagnostics captured before infeasibility recovery.
RMPCC-MF failed-iterate infeasibility candidates:
  - {'constraint': 'row_g_hard_guard', 'stages': array([ 1,  2,  3,  4,  5,  6,  7,  8,  9, 10, 11, 12, 13, 14, 15, 16, 17,
       18, 19, 20]), 'minimum_residual': -0.01137515327334404}
RMPCC-MF inactive Row M stages are trivially feasible.
RMPCC-MF minimum box residuals [state | input]: 3.9e-08 | 0.0
SQP_RTI solver failed with status 4. Starting infeasible recovery.
Backup solver is unavailable; falling back to safe stop.
Applied nominal_safe_controller safe-stop plan after infeasible RMPCC-MF solve.
[RMPCC 0303] SAFE_STOP solve=226.0ms pose=(1.134,0.594,0.632) u=(0.000,0.000) s=1.344 PSDFmin=-0.01038 G=FAIL(-0.01138) MF=inactive(active=0/20)
Acados solver failed with status 4
Acados residuals [stat, eq, ineq, comp]: [100.        0.        0.01138   0.     ]
Acados SQP iterations: 1
RMPCC-MF diagnostics captured before infeasibility recovery.
RMPCC-MF failed-iterate infeasibility candidates:
  - {'constraint': 'row_g_hard_guard', 'stages': array([ 1,  2,  3,  4,  5,  6,  7,  8,  9, 10, 11, 12, 13, 14, 15, 16, 17,
       18, 19, 20]), 'minimum_residual': -0.01137515327334404}
RMPCC-MF inactive Row M stages are trivially feasible.
RMPCC-MF minimum box residuals [state | input]: 3.9e-08 | 0.0
SQP_RTI solver failed with status 4. Starting infeasible recovery.
Backup solver is unavailable; falling back to safe stop.
Applied nominal_safe_controller safe-stop plan after infeasible RMPCC-MF solve.
[RMPCC 0304] SAFE_STOP solve=243.0ms pose=(1.134,0.594,0.632) u=(0.000,0.000) s=1.344 PSDFmin=-0.01038 G=FAIL(-0.01138) MF=inactive(active=0/20)
Acados solver failed with status 4
Acados residuals [stat, eq, ineq, comp]: [100.        0.        0.01138   0.     ]
Acados SQP iterations: 1
RMPCC-MF diagnostics captured before infeasibility recovery.
RMPCC-MF failed-iterate infeasibility candidates:
  - {'constraint': 'row_g_hard_guard', 'stages': array([ 1,  2,  3,  4,  5,  6,  7,  8,  9, 10, 11, 12, 13, 14, 15, 16, 17,
       18, 19, 20]), 'minimum_residual': -0.01137515327334404}
RMPCC-MF inactive Row M stages are trivially feasible.
RMPCC-MF minimum box residuals [state | input]: 3.9e-08 | 0.0
SQP_RTI solver failed with status 4. Starting infeasible recovery.
Backup solver is unavailable; falling back to safe stop.
Applied nominal_safe_controller safe-stop plan after infeasible RMPCC-MF solve.
[RMPCC 0305] SAFE_STOP solve=230.0ms pose=(1.134,0.594,0.632) u=(0.000,0.000) s=1.344 PSDFmin=-0.01038 G=FAIL(-0.01138) MF=inactive(active=0/20)
Acados solver failed with status 4
Acados residuals [stat, eq, ineq, comp]: [100.        0.        0.01138   0.     ]
Acados SQP iterations: 1
RMPCC-MF diagnostics captured before infeasibility recovery.
RMPCC-MF failed-iterate infeasibility candidates:
  - {'constraint': 'row_g_hard_guard', 'stages': array([ 1,  2,  3,  4,  5,  6,  7,  8,  9, 10, 11, 12, 13, 14, 15, 16, 17,
       18, 19, 20]), 'minimum_residual': -0.01137515327334404}
RMPCC-MF inactive Row M stages are trivially feasible.
RMPCC-MF minimum box residuals [state | input]: 3.9e-08 | 0.0
SQP_RTI solver failed with status 4. Starting infeasible recovery.
Backup solver is unavailable; falling back to safe stop.
Applied nominal_safe_controller safe-stop plan after infeasible RMPCC-MF solve.
[RMPCC 0306] SAFE_STOP solve=217.7ms pose=(1.134,0.594,0.632) u=(0.000,0.000) s=1.344 PSDFmin=-0.01038 G=FAIL(-0.01138) MF=inactive(active=0/20)
Acados solver failed with status 4
Acados residuals [stat, eq, ineq, comp]: [100.        0.        0.01138   0.     ]
Acados SQP iterations: 1
RMPCC-MF diagnostics captured before infeasibility recovery.
RMPCC-MF failed-iterate infeasibility candidates:
  - {'constraint': 'row_g_hard_guard', 'stages': array([ 1,  2,  3,  4,  5,  6,  7,  8,  9, 10, 11, 12, 13, 14, 15, 16, 17,
       18, 19, 20]), 'minimum_residual': -0.01137515327334404}
RMPCC-MF inactive Row M stages are trivially feasible.
RMPCC-MF minimum box residuals [state | input]: 3.9e-08 | 0.0
SQP_RTI solver failed with status 4. Starting infeasible recovery.
Backup solver is unavailable; falling back to safe stop.
Applied nominal_safe_controller safe-stop plan after infeasible RMPCC-MF solve.
[RMPCC 0307] SAFE_STOP solve=219.6ms pose=(1.134,0.594,0.632) u=(0.000,0.000) s=1.344 PSDFmin=-0.01038 G=FAIL(-0.01138) MF=inactive(active=0/20)
Acados solver failed with status 4
Acados residuals [stat, eq, ineq, comp]: [100.        0.        0.01138   0.     ]
Acados SQP iterations: 1
RMPCC-MF diagnostics captured before infeasibility recovery.
RMPCC-MF failed-iterate infeasibility candidates:
  - {'constraint': 'row_g_hard_guard', 'stages': array([ 1,  2,  3,  4,  5,  6,  7,  8,  9, 10, 11, 12, 13, 14, 15, 16, 17,
       18, 19, 20]), 'minimum_residual': -0.01137515327334404}
RMPCC-MF inactive Row M stages are trivially feasible.
RMPCC-MF minimum box residuals [state | input]: 3.9e-08 | 0.0
SQP_RTI solver failed with status 4. Starting infeasible recovery.
Backup solver is unavailable; falling back to safe stop.
Applied nominal_safe_controller safe-stop plan after infeasible RMPCC-MF solve.
[RMPCC 0308] SAFE_STOP solve=236.1ms pose=(1.134,0.594,0.632) u=(0.000,0.000) s=1.344 PSDFmin=-0.01038 G=FAIL(-0.01138) MF=inactive(active=0/20)
Acados solver failed with status 4
Acados residuals [stat, eq, ineq, comp]: [100.        0.        0.01138   0.     ]
Acados SQP iterations: 1
RMPCC-MF diagnostics captured before infeasibility recovery.
RMPCC-MF failed-iterate infeasibility candidates:
  - {'constraint': 'row_g_hard_guard', 'stages': array([ 1,  2,  3,  4,  5,  6,  7,  8,  9, 10, 11, 12, 13, 14, 15, 16, 17,
       18, 19, 20]), 'minimum_residual': -0.01137515327334404}
RMPCC-MF inactive Row M stages are trivially feasible.
RMPCC-MF minimum box residuals [state | input]: 3.9e-08 | 0.0
SQP_RTI solver failed with status 4. Starting infeasible recovery.
Backup solver is unavailable; falling back to safe stop.
Applied nominal_safe_controller safe-stop plan after infeasible RMPCC-MF solve.
[RMPCC 0309] SAFE_STOP solve=236.0ms pose=(1.134,0.594,0.632) u=(0.000,0.000) s=1.344 PSDFmin=-0.01038 G=FAIL(-0.01138) MF=inactive(active=0/20)
Acados solver failed with status 4
Acados residuals [stat, eq, ineq, comp]: [100.        0.        0.01138   0.     ]
Acados SQP iterations: 1
RMPCC-MF diagnostics captured before infeasibility recovery.
RMPCC-MF failed-iterate infeasibility candidates:
  - {'constraint': 'row_g_hard_guard', 'stages': array([ 1,  2,  3,  4,  5,  6,  7,  8,  9, 10, 11, 12, 13, 14, 15, 16, 17,
       18, 19, 20]), 'minimum_residual': -0.01137515327334404}
RMPCC-MF inactive Row M stages are trivially feasible.
RMPCC-MF minimum box residuals [state | input]: 3.9e-08 | 0.0
SQP_RTI solver failed with status 4. Starting infeasible recovery.
Backup solver is unavailable; falling back to safe stop.
Applied nominal_safe_controller safe-stop plan after infeasible RMPCC-MF solve.
[RMPCC 0310] SAFE_STOP solve=221.3ms pose=(1.134,0.594,0.632) u=(0.000,0.000) s=1.344 PSDFmin=-0.01038 G=FAIL(-0.01138) MF=inactive(active=0/20)
Acados solver failed with status 4
Acados residuals [stat, eq, ineq, comp]: [100.        0.        0.01138   0.     ]
Acados SQP iterations: 1
RMPCC-MF diagnostics captured before infeasibility recovery.
RMPCC-MF failed-iterate infeasibility candidates:
  - {'constraint': 'row_g_hard_guard', 'stages': array([ 1,  2,  3,  4,  5,  6,  7,  8,  9, 10, 11, 12, 13, 14, 15, 16, 17,
       18, 19, 20]), 'minimum_residual': -0.01137515327334404}
RMPCC-MF inactive Row M stages are trivially feasible.
RMPCC-MF minimum box residuals [state | input]: 3.9e-08 | 0.0
SQP_RTI solver failed with status 4. Starting infeasible recovery.
Backup solver is unavailable; falling back to safe stop.
Applied nominal_safe_controller safe-stop plan after infeasible RMPCC-MF solve.
[RMPCC 0311] SAFE_STOP solve=233.4ms pose=(1.134,0.594,0.632) u=(0.000,0.000) s=1.344 PSDFmin=-0.01038 G=FAIL(-0.01138) MF=inactive(active=0/20)
Acados solver failed with status 4
Acados residuals [stat, eq, ineq, comp]: [100.        0.        0.01138   0.     ]
Acados SQP iterations: 1
RMPCC-MF diagnostics captured before infeasibility recovery.
RMPCC-MF failed-iterate infeasibility candidates:
  - {'constraint': 'row_g_hard_guard', 'stages': array([ 1,  2,  3,  4,  5,  6,  7,  8,  9, 10, 11, 12, 13, 14, 15, 16, 17,
       18, 19, 20]), 'minimum_residual': -0.01137515327334404}
RMPCC-MF inactive Row M stages are trivially feasible.
RMPCC-MF minimum box residuals [state | input]: 3.9e-08 | 0.0
SQP_RTI solver failed with status 4. Starting infeasible recovery.
Backup solver is unavailable; falling back to safe stop.
Applied nominal_safe_controller safe-stop plan after infeasible RMPCC-MF solve.
[RMPCC 0312] SAFE_STOP solve=216.2ms pose=(1.134,0.594,0.632) u=(0.000,0.000) s=1.344 PSDFmin=-0.01038 G=FAIL(-0.01138) MF=inactive(active=0/20)
Acados solver failed with status 4
Acados residuals [stat, eq, ineq, comp]: [100.        0.        0.01138   0.     ]
Acados SQP iterations: 1
RMPCC-MF diagnostics captured before infeasibility recovery.
RMPCC-MF failed-iterate infeasibility candidates:
  - {'constraint': 'row_g_hard_guard', 'stages': array([ 1,  2,  3,  4,  5,  6,  7,  8,  9, 10, 11, 12, 13, 14, 15, 16, 17,
       18, 19, 20]), 'minimum_residual': -0.01137515327334404}
RMPCC-MF inactive Row M stages are trivially feasible.
RMPCC-MF minimum box residuals [state | input]: 3.9e-08 | 0.0
SQP_RTI solver failed with status 4. Starting infeasible recovery.
Backup solver is unavailable; falling back to safe stop.
Applied nominal_safe_controller safe-stop plan after infeasible RMPCC-MF solve.
[RMPCC 0313] SAFE_STOP solve=236.2ms pose=(1.134,0.594,0.632) u=(0.000,0.000) s=1.344 PSDFmin=-0.01038 G=FAIL(-0.01138) MF=inactive(active=0/20)
Acados solver failed with status 4
Acados residuals [stat, eq, ineq, comp]: [100.        0.        0.01138   0.     ]
Acados SQP iterations: 1
RMPCC-MF diagnostics captured before infeasibility recovery.
RMPCC-MF failed-iterate infeasibility candidates:
  - {'constraint': 'row_g_hard_guard', 'stages': array([ 1,  2,  3,  4,  5,  6,  7,  8,  9, 10, 11, 12, 13, 14, 15, 16, 17,
       18, 19, 20]), 'minimum_residual': -0.01137515327334404}
RMPCC-MF inactive Row M stages are trivially feasible.
RMPCC-MF minimum box residuals [state | input]: 3.9e-08 | 0.0
SQP_RTI solver failed with status 4. Starting infeasible recovery.
Backup solver is unavailable; falling back to safe stop.
Applied nominal_safe_controller safe-stop plan after infeasible RMPCC-MF solve.
[RMPCC 0314] SAFE_STOP solve=229.7ms pose=(1.134,0.594,0.632) u=(0.000,0.000) s=1.344 PSDFmin=-0.01038 G=FAIL(-0.01138) MF=inactive(active=0/20)
Acados solver failed with status 4
Acados residuals [stat, eq, ineq, comp]: [100.        0.        0.01138   0.     ]
Acados SQP iterations: 1
RMPCC-MF diagnostics captured before infeasibility recovery.
RMPCC-MF failed-iterate infeasibility candidates:
  - {'constraint': 'row_g_hard_guard', 'stages': array([ 1,  2,  3,  4,  5,  6,  7,  8,  9, 10, 11, 12, 13, 14, 15, 16, 17,
       18, 19, 20]), 'minimum_residual': -0.01137515327334404}
RMPCC-MF inactive Row M stages are trivially feasible.
RMPCC-MF minimum box residuals [state | input]: 3.9e-08 | 0.0
SQP_RTI solver failed with status 4. Starting infeasible recovery.
Backup solver is unavailable; falling back to safe stop.
Applied nominal_safe_controller safe-stop plan after infeasible RMPCC-MF solve.
[RMPCC 0315] SAFE_STOP solve=220.6ms pose=(1.134,0.594,0.632) u=(0.000,0.000) s=1.344 PSDFmin=-0.01038 G=FAIL(-0.01138) MF=inactive(active=0/20)
Acados solver failed with status 4
Acados residuals [stat, eq, ineq, comp]: [100.        0.        0.01138   0.     ]
Acados SQP iterations: 1
RMPCC-MF diagnostics captured before infeasibility recovery.
RMPCC-MF failed-iterate infeasibility candidates:
  - {'constraint': 'row_g_hard_guard', 'stages': array([ 1,  2,  3,  4,  5,  6,  7,  8,  9, 10, 11, 12, 13, 14, 15, 16, 17,
       18, 19, 20]), 'minimum_residual': -0.01137515327334404}
RMPCC-MF inactive Row M stages are trivially feasible.
RMPCC-MF minimum box residuals [state | input]: 3.9e-08 | 0.0
SQP_RTI solver failed with status 4. Starting infeasible recovery.
Backup solver is unavailable; falling back to safe stop.
Applied nominal_safe_controller safe-stop plan after infeasible RMPCC-MF solve.
[RMPCC 0316] SAFE_STOP solve=222.8ms pose=(1.134,0.594,0.632) u=(0.000,0.000) s=1.344 PSDFmin=-0.01038 G=FAIL(-0.01138) MF=inactive(active=0/20)
Acados solver failed with status 4
Acados residuals [stat, eq, ineq, comp]: [100.        0.        0.01138   0.     ]
Acados SQP iterations: 1
RMPCC-MF diagnostics captured before infeasibility recovery.
RMPCC-MF failed-iterate infeasibility candidates:
  - {'constraint': 'row_g_hard_guard', 'stages': array([ 1,  2,  3,  4,  5,  6,  7,  8,  9, 10, 11, 12, 13, 14, 15, 16, 17,
       18, 19, 20]), 'minimum_residual': -0.01137515327334404}
RMPCC-MF inactive Row M stages are trivially feasible.
RMPCC-MF minimum box residuals [state | input]: 3.9e-08 | 0.0
SQP_RTI solver failed with status 4. Starting infeasible recovery.
Backup solver is unavailable; falling back to safe stop.
Applied nominal_safe_controller safe-stop plan after infeasible RMPCC-MF solve.
[RMPCC 0317] SAFE_STOP solve=229.1ms pose=(1.134,0.594,0.632) u=(0.000,0.000) s=1.344 PSDFmin=-0.01038 G=FAIL(-0.01138) MF=inactive(active=0/20)
Acados solver failed with status 4
Acados residuals [stat, eq, ineq, comp]: [100.        0.        0.01138   0.     ]
Acados SQP iterations: 1
RMPCC-MF diagnostics captured before infeasibility recovery.
RMPCC-MF failed-iterate infeasibility candidates:
  - {'constraint': 'row_g_hard_guard', 'stages': array([ 1,  2,  3,  4,  5,  6,  7,  8,  9, 10, 11, 12, 13, 14, 15, 16, 17,
       18, 19, 20]), 'minimum_residual': -0.01137515327334404}
RMPCC-MF inactive Row M stages are trivially feasible.
RMPCC-MF minimum box residuals [state | input]: 3.9e-08 | 0.0
SQP_RTI solver failed with status 4. Starting infeasible recovery.
Backup solver is unavailable; falling back to safe stop.
Applied nominal_safe_controller safe-stop plan after infeasible RMPCC-MF solve.
[RMPCC 0318] SAFE_STOP solve=236.9ms pose=(1.134,0.594,0.632) u=(0.000,0.000) s=1.344 PSDFmin=-0.01038 G=FAIL(-0.01138) MF=inactive(active=0/20)
Acados solver failed with status 4
Acados residuals [stat, eq, ineq, comp]: [100.        0.        0.01138   0.     ]
Acados SQP iterations: 1
RMPCC-MF diagnostics captured before infeasibility recovery.
RMPCC-MF failed-iterate infeasibility candidates:
  - {'constraint': 'row_g_hard_guard', 'stages': array([ 1,  2,  3,  4,  5,  6,  7,  8,  9, 10, 11, 12, 13, 14, 15, 16, 17,
       18, 19, 20]), 'minimum_residual': -0.01137515327334404}
RMPCC-MF inactive Row M stages are trivially feasible.
RMPCC-MF minimum box residuals [state | input]: 3.9e-08 | 0.0
SQP_RTI solver failed with status 4. Starting infeasible recovery.
Backup solver is unavailable; falling back to safe stop.
Applied nominal_safe_controller safe-stop plan after infeasible RMPCC-MF solve.
[RMPCC 0319] SAFE_STOP solve=228.4ms pose=(1.134,0.594,0.632) u=(0.000,0.000) s=1.344 PSDFmin=-0.01038 G=FAIL(-0.01138) MF=inactive(active=0/20)
Acados solver failed with status 4
Acados residuals [stat, eq, ineq, comp]: [100.        0.        0.01138   0.     ]
Acados SQP iterations: 1
RMPCC-MF diagnostics captured before infeasibility recovery.
RMPCC-MF failed-iterate infeasibility candidates:
  - {'constraint': 'row_g_hard_guard', 'stages': array([ 1,  2,  3,  4,  5,  6,  7,  8,  9, 10, 11, 12, 13, 14, 15, 16, 17,
       18, 19, 20]), 'minimum_residual': -0.01137515327334404}
RMPCC-MF inactive Row M stages are trivially feasible.
RMPCC-MF minimum box residuals [state | input]: 3.9e-08 | 0.0
SQP_RTI solver failed with status 4. Starting infeasible recovery.
Backup solver is unavailable; falling back to safe stop.
Applied nominal_safe_controller safe-stop plan after infeasible RMPCC-MF solve.
[RMPCC 0320] SAFE_STOP solve=244.2ms pose=(1.134,0.594,0.632) u=(0.000,0.000) s=1.344 PSDFmin=-0.01038 G=FAIL(-0.01138) MF=inactive(active=0/20)
Acados solver failed with status 4
Acados residuals [stat, eq, ineq, comp]: [100.        0.        0.01138   0.     ]
Acados SQP iterations: 1
RMPCC-MF diagnostics captured before infeasibility recovery.
RMPCC-MF failed-iterate infeasibility candidates:
  - {'constraint': 'row_g_hard_guard', 'stages': array([ 1,  2,  3,  4,  5,  6,  7,  8,  9, 10, 11, 12, 13, 14, 15, 16, 17,
       18, 19, 20]), 'minimum_residual': -0.01137515327334404}
RMPCC-MF inactive Row M stages are trivially feasible.
RMPCC-MF minimum box residuals [state | input]: 3.9e-08 | 0.0
SQP_RTI solver failed with status 4. Starting infeasible recovery.
Backup solver is unavailable; falling back to safe stop.
Applied nominal_safe_controller safe-stop plan after infeasible RMPCC-MF solve.
[RMPCC 0321] SAFE_STOP solve=236.1ms pose=(1.134,0.594,0.632) u=(0.000,0.000) s=1.344 PSDFmin=-0.01038 G=FAIL(-0.01138) MF=inactive(active=0/20)
Acados solver failed with status 4
Acados residuals [stat, eq, ineq, comp]: [100.        0.        0.01138   0.     ]
Acados SQP iterations: 1
RMPCC-MF diagnostics captured before infeasibility recovery.
RMPCC-MF failed-iterate infeasibility candidates:
  - {'constraint': 'row_g_hard_guard', 'stages': array([ 1,  2,  3,  4,  5,  6,  7,  8,  9, 10, 11, 12, 13, 14, 15, 16, 17,
       18, 19, 20]), 'minimum_residual': -0.01137515327334404}
RMPCC-MF inactive Row M stages are trivially feasible.
RMPCC-MF minimum box residuals [state | input]: 3.9e-08 | 0.0
SQP_RTI solver failed with status 4. Starting infeasible recovery.
Backup solver is unavailable; falling back to safe stop.
Applied nominal_safe_controller safe-stop plan after infeasible RMPCC-MF solve.
[RMPCC 0322] SAFE_STOP solve=225.5ms pose=(1.134,0.594,0.632) u=(0.000,0.000) s=1.344 PSDFmin=-0.01038 G=FAIL(-0.01138) MF=inactive(active=0/20)
Acados solver failed with status 4
Acados residuals [stat, eq, ineq, comp]: [100.        0.        0.01138   0.     ]
Acados SQP iterations: 1
RMPCC-MF diagnostics captured before infeasibility recovery.
RMPCC-MF failed-iterate infeasibility candidates:
  - {'constraint': 'row_g_hard_guard', 'stages': array([ 1,  2,  3,  4,  5,  6,  7,  8,  9, 10, 11, 12, 13, 14, 15, 16, 17,
       18, 19, 20]), 'minimum_residual': -0.01137515327334404}
RMPCC-MF inactive Row M stages are trivially feasible.
RMPCC-MF minimum box residuals [state | input]: 3.9e-08 | 0.0
SQP_RTI solver failed with status 4. Starting infeasible recovery.
Backup solver is unavailable; falling back to safe stop.
Applied nominal_safe_controller safe-stop plan after infeasible RMPCC-MF solve.
[RMPCC 0323] SAFE_STOP solve=232.7ms pose=(1.134,0.594,0.632) u=(0.000,0.000) s=1.344 PSDFmin=-0.01038 G=FAIL(-0.01138) MF=inactive(active=0/20)
Acados solver failed with status 4
Acados residuals [stat, eq, ineq, comp]: [100.        0.        0.01138   0.     ]
Acados SQP iterations: 1
RMPCC-MF diagnostics captured before infeasibility recovery.
RMPCC-MF failed-iterate infeasibility candidates:
  - {'constraint': 'row_g_hard_guard', 'stages': array([ 1,  2,  3,  4,  5,  6,  7,  8,  9, 10, 11, 12, 13, 14, 15, 16, 17,
       18, 19, 20]), 'minimum_residual': -0.01137515327334404}
RMPCC-MF inactive Row M stages are trivially feasible.
RMPCC-MF minimum box residuals [state | input]: 3.9e-08 | 0.0
SQP_RTI solver failed with status 4. Starting infeasible recovery.
Backup solver is unavailable; falling back to safe stop.
Applied nominal_safe_controller safe-stop plan after infeasible RMPCC-MF solve.
[RMPCC 0324] SAFE_STOP solve=210.6ms pose=(1.134,0.594,0.632) u=(0.000,0.000) s=1.344 PSDFmin=-0.01038 G=FAIL(-0.01138) MF=inactive(active=0/20)
Acados solver failed with status 4
Acados residuals [stat, eq, ineq, comp]: [100.        0.        0.01138   0.     ]
Acados SQP iterations: 1
RMPCC-MF diagnostics captured before infeasibility recovery.
RMPCC-MF failed-iterate infeasibility candidates:
  - {'constraint': 'row_g_hard_guard', 'stages': array([ 1,  2,  3,  4,  5,  6,  7,  8,  9, 10, 11, 12, 13, 14, 15, 16, 17,
       18, 19, 20]), 'minimum_residual': -0.01137515327334404}
RMPCC-MF inactive Row M stages are trivially feasible.
RMPCC-MF minimum box residuals [state | input]: 3.9e-08 | 0.0
SQP_RTI solver failed with status 4. Starting infeasible recovery.
Backup solver is unavailable; falling back to safe stop.
Applied nominal_safe_controller safe-stop plan after infeasible RMPCC-MF solve.
[RMPCC 0325] SAFE_STOP solve=231.8ms pose=(1.134,0.594,0.632) u=(0.000,0.000) s=1.344 PSDFmin=-0.01038 G=FAIL(-0.01138) MF=inactive(active=0/20)
Acados solver failed with status 4
Acados residuals [stat, eq, ineq, comp]: [100.        0.        0.01138   0.     ]
Acados SQP iterations: 1
RMPCC-MF diagnostics captured before infeasibility recovery.
RMPCC-MF failed-iterate infeasibility candidates:
  - {'constraint': 'row_g_hard_guard', 'stages': array([ 1,  2,  3,  4,  5,  6,  7,  8,  9, 10, 11, 12, 13, 14, 15, 16, 17,
       18, 19, 20]), 'minimum_residual': -0.01137515327334404}
RMPCC-MF inactive Row M stages are trivially feasible.
RMPCC-MF minimum box residuals [state | input]: 3.9e-08 | 0.0
SQP_RTI solver failed with status 4. Starting infeasible recovery.
Backup solver is unavailable; falling back to safe stop.
Applied nominal_safe_controller safe-stop plan after infeasible RMPCC-MF solve.
[RMPCC 0326] SAFE_STOP solve=223.4ms pose=(1.134,0.594,0.632) u=(0.000,0.000) s=1.344 PSDFmin=-0.01038 G=FAIL(-0.01138) MF=inactive(active=0/20)
Acados solver failed with status 4
Acados residuals [stat, eq, ineq, comp]: [100.        0.        0.01138   0.     ]
Acados SQP iterations: 1
RMPCC-MF diagnostics captured before infeasibility recovery.
RMPCC-MF failed-iterate infeasibility candidates:
  - {'constraint': 'row_g_hard_guard', 'stages': array([ 1,  2,  3,  4,  5,  6,  7,  8,  9, 10, 11, 12, 13, 14, 15, 16, 17,
       18, 19, 20]), 'minimum_residual': -0.01137515327334404}
RMPCC-MF inactive Row M stages are trivially feasible.
RMPCC-MF minimum box residuals [state | input]: 3.9e-08 | 0.0
SQP_RTI solver failed with status 4. Starting infeasible recovery.
Backup solver is unavailable; falling back to safe stop.
Applied nominal_safe_controller safe-stop plan after infeasible RMPCC-MF solve.
[RMPCC 0327] SAFE_STOP solve=241.7ms pose=(1.134,0.594,0.632) u=(0.000,0.000) s=1.344 PSDFmin=-0.01038 G=FAIL(-0.01138) MF=inactive(active=0/20)
Acados solver failed with status 4
Acados residuals [stat, eq, ineq, comp]: [100.        0.        0.01138   0.     ]
Acados SQP iterations: 1
RMPCC-MF diagnostics captured before infeasibility recovery.
RMPCC-MF failed-iterate infeasibility candidates:
  - {'constraint': 'row_g_hard_guard', 'stages': array([ 1,  2,  3,  4,  5,  6,  7,  8,  9, 10, 11, 12, 13, 14, 15, 16, 17,
       18, 19, 20]), 'minimum_residual': -0.01137515327334404}
RMPCC-MF inactive Row M stages are trivially feasible.
RMPCC-MF minimum box residuals [state | input]: 3.9e-08 | 0.0
SQP_RTI solver failed with status 4. Starting infeasible recovery.
Backup solver is unavailable; falling back to safe stop.
Applied nominal_safe_controller safe-stop plan after infeasible RMPCC-MF solve.
[RMPCC 0328] SAFE_STOP solve=234.6ms pose=(1.134,0.594,0.632) u=(0.000,0.000) s=1.344 PSDFmin=-0.01038 G=FAIL(-0.01138) MF=inactive(active=0/20)
Acados solver failed with status 4
Acados residuals [stat, eq, ineq, comp]: [100.        0.        0.01138   0.     ]
Acados SQP iterations: 1
RMPCC-MF diagnostics captured before infeasibility recovery.
RMPCC-MF failed-iterate infeasibility candidates:
  - {'constraint': 'row_g_hard_guard', 'stages': array([ 1,  2,  3,  4,  5,  6,  7,  8,  9, 10, 11, 12, 13, 14, 15, 16, 17,
       18, 19, 20]), 'minimum_residual': -0.01137515327334404}
RMPCC-MF inactive Row M stages are trivially feasible.
RMPCC-MF minimum box residuals [state | input]: 3.9e-08 | 0.0
SQP_RTI solver failed with status 4. Starting infeasible recovery.
Backup solver is unavailable; falling back to safe stop.
Applied nominal_safe_controller safe-stop plan after infeasible RMPCC-MF solve.
[RMPCC 0329] SAFE_STOP solve=234.6ms pose=(1.134,0.594,0.632) u=(0.000,0.000) s=1.344 PSDFmin=-0.01038 G=FAIL(-0.01138) MF=inactive(active=0/20)
Acados solver failed with status 4
Acados residuals [stat, eq, ineq, comp]: [100.        0.        0.01138   0.     ]
Acados SQP iterations: 1
RMPCC-MF diagnostics captured before infeasibility recovery.
RMPCC-MF failed-iterate infeasibility candidates:
  - {'constraint': 'row_g_hard_guard', 'stages': array([ 1,  2,  3,  4,  5,  6,  7,  8,  9, 10, 11, 12, 13, 14, 15, 16, 17,
       18, 19, 20]), 'minimum_residual': -0.01137515327334404}
RMPCC-MF inactive Row M stages are trivially feasible.
RMPCC-MF minimum box residuals [state | input]: 3.9e-08 | 0.0
SQP_RTI solver failed with status 4. Starting infeasible recovery.
Backup solver is unavailable; falling back to safe stop.
Applied nominal_safe_controller safe-stop plan after infeasible RMPCC-MF solve.
[RMPCC 0330] SAFE_STOP solve=225.2ms pose=(1.134,0.594,0.632) u=(0.000,0.000) s=1.344 PSDFmin=-0.01038 G=FAIL(-0.01138) MF=inactive(active=0/20)
Acados solver failed with status 4
Acados residuals [stat, eq, ineq, comp]: [100.        0.        0.01138   0.     ]
Acados SQP iterations: 1
RMPCC-MF diagnostics captured before infeasibility recovery.
RMPCC-MF failed-iterate infeasibility candidates:
  - {'constraint': 'row_g_hard_guard', 'stages': array([ 1,  2,  3,  4,  5,  6,  7,  8,  9, 10, 11, 12, 13, 14, 15, 16, 17,
       18, 19, 20]), 'minimum_residual': -0.01137515327334404}
RMPCC-MF inactive Row M stages are trivially feasible.
RMPCC-MF minimum box residuals [state | input]: 3.9e-08 | 0.0
SQP_RTI solver failed with status 4. Starting infeasible recovery.
Backup solver is unavailable; falling back to safe stop.
Applied nominal_safe_controller safe-stop plan after infeasible RMPCC-MF solve.
[RMPCC 0331] SAFE_STOP solve=232.2ms pose=(1.134,0.594,0.632) u=(0.000,0.000) s=1.344 PSDFmin=-0.01038 G=FAIL(-0.01138) MF=inactive(active=0/20)
Acados solver failed with status 4
Acados residuals [stat, eq, ineq, comp]: [100.        0.        0.01138   0.     ]
Acados SQP iterations: 1
RMPCC-MF diagnostics captured before infeasibility recovery.
RMPCC-MF failed-iterate infeasibility candidates:
  - {'constraint': 'row_g_hard_guard', 'stages': array([ 1,  2,  3,  4,  5,  6,  7,  8,  9, 10, 11, 12, 13, 14, 15, 16, 17,
       18, 19, 20]), 'minimum_residual': -0.01137515327334404}
RMPCC-MF inactive Row M stages are trivially feasible.
RMPCC-MF minimum box residuals [state | input]: 3.9e-08 | 0.0
SQP_RTI solver failed with status 4. Starting infeasible recovery.
Backup solver is unavailable; falling back to safe stop.
Applied nominal_safe_controller safe-stop plan after infeasible RMPCC-MF solve.
[RMPCC 0332] SAFE_STOP solve=253.8ms pose=(1.134,0.594,0.632) u=(0.000,0.000) s=1.344 PSDFmin=-0.01038 G=FAIL(-0.01138) MF=inactive(active=0/20)
Acados solver failed with status 4
Acados residuals [stat, eq, ineq, comp]: [100.        0.        0.01138   0.     ]
Acados SQP iterations: 1
RMPCC-MF diagnostics captured before infeasibility recovery.
RMPCC-MF failed-iterate infeasibility candidates:
  - {'constraint': 'row_g_hard_guard', 'stages': array([ 1,  2,  3,  4,  5,  6,  7,  8,  9, 10, 11, 12, 13, 14, 15, 16, 17,
       18, 19, 20]), 'minimum_residual': -0.01137515327334404}
RMPCC-MF inactive Row M stages are trivially feasible.
RMPCC-MF minimum box residuals [state | input]: 3.9e-08 | 0.0
SQP_RTI solver failed with status 4. Starting infeasible recovery.
Backup solver is unavailable; falling back to safe stop.
Applied nominal_safe_controller safe-stop plan after infeasible RMPCC-MF solve.
[RMPCC 0333] SAFE_STOP solve=226.7ms pose=(1.134,0.594,0.632) u=(0.000,0.000) s=1.344 PSDFmin=-0.01038 G=FAIL(-0.01138) MF=inactive(active=0/20)
Acados solver failed with status 4
Acados residuals [stat, eq, ineq, comp]: [100.        0.        0.01138   0.     ]
Acados SQP iterations: 1
RMPCC-MF diagnostics captured before infeasibility recovery.
RMPCC-MF failed-iterate infeasibility candidates:
  - {'constraint': 'row_g_hard_guard', 'stages': array([ 1,  2,  3,  4,  5,  6,  7,  8,  9, 10, 11, 12, 13, 14, 15, 16, 17,
       18, 19, 20]), 'minimum_residual': -0.01137515327334404}
RMPCC-MF inactive Row M stages are trivially feasible.
RMPCC-MF minimum box residuals [state | input]: 3.9e-08 | 0.0
SQP_RTI solver failed with status 4. Starting infeasible recovery.
Backup solver is unavailable; falling back to safe stop.
Applied nominal_safe_controller safe-stop plan after infeasible RMPCC-MF solve.
[RMPCC 0334] SAFE_STOP solve=223.3ms pose=(1.134,0.594,0.632) u=(0.000,0.000) s=1.344 PSDFmin=-0.01038 G=FAIL(-0.01138) MF=inactive(active=0/20)
Acados solver failed with status 4
Acados residuals [stat, eq, ineq, comp]: [100.        0.        0.01138   0.     ]
Acados SQP iterations: 1
RMPCC-MF diagnostics captured before infeasibility recovery.
RMPCC-MF failed-iterate infeasibility candidates:
  - {'constraint': 'row_g_hard_guard', 'stages': array([ 1,  2,  3,  4,  5,  6,  7,  8,  9, 10, 11, 12, 13, 14, 15, 16, 17,
       18, 19, 20]), 'minimum_residual': -0.01137515327334404}
RMPCC-MF inactive Row M stages are trivially feasible.
RMPCC-MF minimum box residuals [state | input]: 3.9e-08 | 0.0
SQP_RTI solver failed with status 4. Starting infeasible recovery.
Backup solver is unavailable; falling back to safe stop.
Applied nominal_safe_controller safe-stop plan after infeasible RMPCC-MF solve.
[RMPCC 0335] SAFE_STOP solve=221.1ms pose=(1.134,0.594,0.632) u=(0.000,0.000) s=1.344 PSDFmin=-0.01038 G=FAIL(-0.01138) MF=inactive(active=0/20)
Acados solver failed with status 4
Acados residuals [stat, eq, ineq, comp]: [100.        0.        0.01138   0.     ]
Acados SQP iterations: 1
RMPCC-MF diagnostics captured before infeasibility recovery.
RMPCC-MF failed-iterate infeasibility candidates:
  - {'constraint': 'row_g_hard_guard', 'stages': array([ 1,  2,  3,  4,  5,  6,  7,  8,  9, 10, 11, 12, 13, 14, 15, 16, 17,
       18, 19, 20]), 'minimum_residual': -0.01137515327334404}
RMPCC-MF inactive Row M stages are trivially feasible.
RMPCC-MF minimum box residuals [state | input]: 3.9e-08 | 0.0
SQP_RTI solver failed with status 4. Starting infeasible recovery.
Backup solver is unavailable; falling back to safe stop.
Applied nominal_safe_controller safe-stop plan after infeasible RMPCC-MF solve.
[RMPCC 0336] SAFE_STOP solve=219.8ms pose=(1.134,0.594,0.632) u=(0.000,0.000) s=1.344 PSDFmin=-0.01038 G=FAIL(-0.01138) MF=inactive(active=0/20)
Acados solver failed with status 4
Acados residuals [stat, eq, ineq, comp]: [100.        0.        0.01138   0.     ]
Acados SQP iterations: 1
RMPCC-MF diagnostics captured before infeasibility recovery.
RMPCC-MF failed-iterate infeasibility candidates:
  - {'constraint': 'row_g_hard_guard', 'stages': array([ 1,  2,  3,  4,  5,  6,  7,  8,  9, 10, 11, 12, 13, 14, 15, 16, 17,
       18, 19, 20]), 'minimum_residual': -0.01137515327334404}
RMPCC-MF inactive Row M stages are trivially feasible.
RMPCC-MF minimum box residuals [state | input]: 3.9e-08 | 0.0
SQP_RTI solver failed with status 4. Starting infeasible recovery.
Backup solver is unavailable; falling back to safe stop.
Applied nominal_safe_controller safe-stop plan after infeasible RMPCC-MF solve.
[RMPCC 0337] SAFE_STOP solve=227.9ms pose=(1.134,0.594,0.632) u=(0.000,0.000) s=1.344 PSDFmin=-0.01038 G=FAIL(-0.01138) MF=inactive(active=0/20)
Acados solver failed with status 4
Acados residuals [stat, eq, ineq, comp]: [100.        0.        0.01138   0.     ]
Acados SQP iterations: 1
RMPCC-MF diagnostics captured before infeasibility recovery.
RMPCC-MF failed-iterate infeasibility candidates:
  - {'constraint': 'row_g_hard_guard', 'stages': array([ 1,  2,  3,  4,  5,  6,  7,  8,  9, 10, 11, 12, 13, 14, 15, 16, 17,
       18, 19, 20]), 'minimum_residual': -0.01137515327334404}
RMPCC-MF inactive Row M stages are trivially feasible.
RMPCC-MF minimum box residuals [state | input]: 3.9e-08 | 0.0
SQP_RTI solver failed with status 4. Starting infeasible recovery.
Backup solver is unavailable; falling back to safe stop.
Applied nominal_safe_controller safe-stop plan after infeasible RMPCC-MF solve.
[RMPCC 0338] SAFE_STOP solve=224.4ms pose=(1.134,0.594,0.632) u=(0.000,0.000) s=1.344 PSDFmin=-0.01038 G=FAIL(-0.01138) MF=inactive(active=0/20)
Acados solver failed with status 4
Acados residuals [stat, eq, ineq, comp]: [100.        0.        0.01138   0.     ]
Acados SQP iterations: 1
RMPCC-MF diagnostics captured before infeasibility recovery.
RMPCC-MF failed-iterate infeasibility candidates:
  - {'constraint': 'row_g_hard_guard', 'stages': array([ 1,  2,  3,  4,  5,  6,  7,  8,  9, 10, 11, 12, 13, 14, 15, 16, 17,
       18, 19, 20]), 'minimum_residual': -0.01137515327334404}
RMPCC-MF inactive Row M stages are trivially feasible.
RMPCC-MF minimum box residuals [state | input]: 3.9e-08 | 0.0
SQP_RTI solver failed with status 4. Starting infeasible recovery.
Backup solver is unavailable; falling back to safe stop.
Applied nominal_safe_controller safe-stop plan after infeasible RMPCC-MF solve.
[RMPCC 0339] SAFE_STOP solve=213.4ms pose=(1.134,0.594,0.632) u=(0.000,0.000) s=1.344 PSDFmin=-0.01038 G=FAIL(-0.01138) MF=inactive(active=0/20)
Acados solver failed with status 4
Acados residuals [stat, eq, ineq, comp]: [100.        0.        0.01138   0.     ]
Acados SQP iterations: 1
RMPCC-MF diagnostics captured before infeasibility recovery.
RMPCC-MF failed-iterate infeasibility candidates:
  - {'constraint': 'row_g_hard_guard', 'stages': array([ 1,  2,  3,  4,  5,  6,  7,  8,  9, 10, 11, 12, 13, 14, 15, 16, 17,
       18, 19, 20]), 'minimum_residual': -0.01137515327334404}
RMPCC-MF inactive Row M stages are trivially feasible.
RMPCC-MF minimum box residuals [state | input]: 3.9e-08 | 0.0
SQP_RTI solver failed with status 4. Starting infeasible recovery.
Backup solver is unavailable; falling back to safe stop.
Applied nominal_safe_controller safe-stop plan after infeasible RMPCC-MF solve.
[RMPCC 0340] SAFE_STOP solve=226.4ms pose=(1.134,0.594,0.632) u=(0.000,0.000) s=1.344 PSDFmin=-0.01038 G=FAIL(-0.01138) MF=inactive(active=0/20)
Acados solver failed with status 4
Acados residuals [stat, eq, ineq, comp]: [100.        0.        0.01138   0.     ]
Acados SQP iterations: 1
RMPCC-MF diagnostics captured before infeasibility recovery.
RMPCC-MF failed-iterate infeasibility candidates:
  - {'constraint': 'row_g_hard_guard', 'stages': array([ 1,  2,  3,  4,  5,  6,  7,  8,  9, 10, 11, 12, 13, 14, 15, 16, 17,
       18, 19, 20]), 'minimum_residual': -0.01137515327334404}
RMPCC-MF inactive Row M stages are trivially feasible.
RMPCC-MF minimum box residuals [state | input]: 3.9e-08 | 0.0
SQP_RTI solver failed with status 4. Starting infeasible recovery.
Backup solver is unavailable; falling back to safe stop.
Applied nominal_safe_controller safe-stop plan after infeasible RMPCC-MF solve.
[RMPCC 0341] SAFE_STOP solve=257.0ms pose=(1.134,0.594,0.632) u=(0.000,0.000) s=1.344 PSDFmin=-0.01038 G=FAIL(-0.01138) MF=inactive(active=0/20)
Acados solver failed with status 4
Acados residuals [stat, eq, ineq, comp]: [100.        0.        0.01138   0.     ]
Acados SQP iterations: 1
RMPCC-MF diagnostics captured before infeasibility recovery.
RMPCC-MF failed-iterate infeasibility candidates:
  - {'constraint': 'row_g_hard_guard', 'stages': array([ 1,  2,  3,  4,  5,  6,  7,  8,  9, 10, 11, 12, 13, 14, 15, 16, 17,
       18, 19, 20]), 'minimum_residual': -0.01137515327334404}
RMPCC-MF inactive Row M stages are trivially feasible.
RMPCC-MF minimum box residuals [state | input]: 3.9e-08 | 0.0
SQP_RTI solver failed with status 4. Starting infeasible recovery.
Backup solver is unavailable; falling back to safe stop.
Applied nominal_safe_controller safe-stop plan after infeasible RMPCC-MF solve.
[RMPCC 0342] SAFE_STOP solve=282.4ms pose=(1.134,0.594,0.632) u=(0.000,0.000) s=1.344 PSDFmin=-0.01038 G=FAIL(-0.01138) MF=inactive(active=0/20)
Acados solver failed with status 4
Acados residuals [stat, eq, ineq, comp]: [100.        0.        0.01138   0.     ]
Acados SQP iterations: 1
RMPCC-MF diagnostics captured before infeasibility recovery.
RMPCC-MF failed-iterate infeasibility candidates:
  - {'constraint': 'row_g_hard_guard', 'stages': array([ 1,  2,  3,  4,  5,  6,  7,  8,  9, 10, 11, 12, 13, 14, 15, 16, 17,
       18, 19, 20]), 'minimum_residual': -0.01137515327334404}
RMPCC-MF inactive Row M stages are trivially feasible.
RMPCC-MF minimum box residuals [state | input]: 3.9e-08 | 0.0
SQP_RTI solver failed with status 4. Starting infeasible recovery.
Backup solver is unavailable; falling back to safe stop.
Applied nominal_safe_controller safe-stop plan after infeasible RMPCC-MF solve.
[RMPCC 0343] SAFE_STOP solve=222.8ms pose=(1.134,0.594,0.632) u=(0.000,0.000) s=1.344 PSDFmin=-0.01038 G=FAIL(-0.01138) MF=inactive(active=0/20)
Acados solver failed with status 4
Acados residuals [stat, eq, ineq, comp]: [100.        0.        0.01138   0.     ]
Acados SQP iterations: 1
RMPCC-MF diagnostics captured before infeasibility recovery.
RMPCC-MF failed-iterate infeasibility candidates:
  - {'constraint': 'row_g_hard_guard', 'stages': array([ 1,  2,  3,  4,  5,  6,  7,  8,  9, 10, 11, 12, 13, 14, 15, 16, 17,
       18, 19, 20]), 'minimum_residual': -0.01137515327334404}
RMPCC-MF inactive Row M stages are trivially feasible.
RMPCC-MF minimum box residuals [state | input]: 3.9e-08 | 0.0
SQP_RTI solver failed with status 4. Starting infeasible recovery.
Backup solver is unavailable; falling back to safe stop.
Applied nominal_safe_controller safe-stop plan after infeasible RMPCC-MF solve.
[RMPCC 0344] SAFE_STOP solve=215.1ms pose=(1.134,0.594,0.632) u=(0.000,0.000) s=1.344 PSDFmin=-0.01038 G=FAIL(-0.01138) MF=inactive(active=0/20)
Acados solver failed with status 4
Acados residuals [stat, eq, ineq, comp]: [100.        0.        0.01138   0.     ]
Acados SQP iterations: 1
RMPCC-MF diagnostics captured before infeasibility recovery.
RMPCC-MF failed-iterate infeasibility candidates:
  - {'constraint': 'row_g_hard_guard', 'stages': array([ 1,  2,  3,  4,  5,  6,  7,  8,  9, 10, 11, 12, 13, 14, 15, 16, 17,
       18, 19, 20]), 'minimum_residual': -0.01137515327334404}
RMPCC-MF inactive Row M stages are trivially feasible.
RMPCC-MF minimum box residuals [state | input]: 3.9e-08 | 0.0
SQP_RTI solver failed with status 4. Starting infeasible recovery.
Backup solver is unavailable; falling back to safe stop.
Applied nominal_safe_controller safe-stop plan after infeasible RMPCC-MF solve.
[RMPCC 0345] SAFE_STOP solve=236.1ms pose=(1.134,0.594,0.632) u=(0.000,0.000) s=1.344 PSDFmin=-0.01038 G=FAIL(-0.01138) MF=inactive(active=0/20)
Acados solver failed with status 4
Acados residuals [stat, eq, ineq, comp]: [100.        0.        0.01138   0.     ]
Acados SQP iterations: 1
RMPCC-MF diagnostics captured before infeasibility recovery.
RMPCC-MF failed-iterate infeasibility candidates:
  - {'constraint': 'row_g_hard_guard', 'stages': array([ 1,  2,  3,  4,  5,  6,  7,  8,  9, 10, 11, 12, 13, 14, 15, 16, 17,
       18, 19, 20]), 'minimum_residual': -0.01137515327334404}
RMPCC-MF inactive Row M stages are trivially feasible.
RMPCC-MF minimum box residuals [state | input]: 3.9e-08 | 0.0
SQP_RTI solver failed with status 4. Starting infeasible recovery.
Backup solver is unavailable; falling back to safe stop.
Applied nominal_safe_controller safe-stop plan after infeasible RMPCC-MF solve.
[RMPCC 0346] SAFE_STOP solve=223.4ms pose=(1.134,0.594,0.632) u=(0.000,0.000) s=1.344 PSDFmin=-0.01038 G=FAIL(-0.01138) MF=inactive(active=0/20)
Acados solver failed with status 4
Acados residuals [stat, eq, ineq, comp]: [100.        0.        0.01138   0.     ]
Acados SQP iterations: 1
RMPCC-MF diagnostics captured before infeasibility recovery.
RMPCC-MF failed-iterate infeasibility candidates:
  - {'constraint': 'row_g_hard_guard', 'stages': array([ 1,  2,  3,  4,  5,  6,  7,  8,  9, 10, 11, 12, 13, 14, 15, 16, 17,
       18, 19, 20]), 'minimum_residual': -0.01137515327334404}
RMPCC-MF inactive Row M stages are trivially feasible.
RMPCC-MF minimum box residuals [state | input]: 3.9e-08 | 0.0
SQP_RTI solver failed with status 4. Starting infeasible recovery.
Backup solver is unavailable; falling back to safe stop.
Applied nominal_safe_controller safe-stop plan after infeasible RMPCC-MF solve.
[RMPCC 0347] SAFE_STOP solve=225.3ms pose=(1.134,0.594,0.632) u=(0.000,0.000) s=1.344 PSDFmin=-0.01038 G=FAIL(-0.01138) MF=inactive(active=0/20)
Acados solver failed with status 4
Acados residuals [stat, eq, ineq, comp]: [100.        0.        0.01138   0.     ]
Acados SQP iterations: 1
RMPCC-MF diagnostics captured before infeasibility recovery.
RMPCC-MF failed-iterate infeasibility candidates:
  - {'constraint': 'row_g_hard_guard', 'stages': array([ 1,  2,  3,  4,  5,  6,  7,  8,  9, 10, 11, 12, 13, 14, 15, 16, 17,
       18, 19, 20]), 'minimum_residual': -0.01137515327334404}
RMPCC-MF inactive Row M stages are trivially feasible.
RMPCC-MF minimum box residuals [state | input]: 3.9e-08 | 0.0
SQP_RTI solver failed with status 4. Starting infeasible recovery.
Backup solver is unavailable; falling back to safe stop.
Applied nominal_safe_controller safe-stop plan after infeasible RMPCC-MF solve.
[RMPCC 0348] SAFE_STOP solve=238.9ms pose=(1.134,0.594,0.632) u=(0.000,0.000) s=1.344 PSDFmin=-0.01038 G=FAIL(-0.01138) MF=inactive(active=0/20)
Acados solver failed with status 4
Acados residuals [stat, eq, ineq, comp]: [100.        0.        0.01138   0.     ]
Acados SQP iterations: 1
RMPCC-MF diagnostics captured before infeasibility recovery.
RMPCC-MF failed-iterate infeasibility candidates:
  - {'constraint': 'row_g_hard_guard', 'stages': array([ 1,  2,  3,  4,  5,  6,  7,  8,  9, 10, 11, 12, 13, 14, 15, 16, 17,
       18, 19, 20]), 'minimum_residual': -0.01137515327334404}
RMPCC-MF inactive Row M stages are trivially feasible.
RMPCC-MF minimum box residuals [state | input]: 3.9e-08 | 0.0
SQP_RTI solver failed with status 4. Starting infeasible recovery.
Backup solver is unavailable; falling back to safe stop.
Applied nominal_safe_controller safe-stop plan after infeasible RMPCC-MF solve.
[RMPCC 0349] SAFE_STOP solve=280.1ms pose=(1.134,0.594,0.632) u=(0.000,0.000) s=1.344 PSDFmin=-0.01038 G=FAIL(-0.01138) MF=inactive(active=0/20)
Acados solver failed with status 4
Acados residuals [stat, eq, ineq, comp]: [100.        0.        0.01138   0.     ]
Acados SQP iterations: 1
RMPCC-MF diagnostics captured before infeasibility recovery.
RMPCC-MF failed-iterate infeasibility candidates:
  - {'constraint': 'row_g_hard_guard', 'stages': array([ 1,  2,  3,  4,  5,  6,  7,  8,  9, 10, 11, 12, 13, 14, 15, 16, 17,
       18, 19, 20]), 'minimum_residual': -0.01137515327334404}
RMPCC-MF inactive Row M stages are trivially feasible.
RMPCC-MF minimum box residuals [state | input]: 3.9e-08 | 0.0
SQP_RTI solver failed with status 4. Starting infeasible recovery.
Backup solver is unavailable; falling back to safe stop.
Applied nominal_safe_controller safe-stop plan after infeasible RMPCC-MF solve.
[RMPCC 0350] SAFE_STOP solve=230.0ms pose=(1.134,0.594,0.632) u=(0.000,0.000) s=1.344 PSDFmin=-0.01038 G=FAIL(-0.01138) MF=inactive(active=0/20)
Acados solver failed with status 4
Acados residuals [stat, eq, ineq, comp]: [100.        0.        0.01138   0.     ]
Acados SQP iterations: 1
RMPCC-MF diagnostics captured before infeasibility recovery.
RMPCC-MF failed-iterate infeasibility candidates:
  - {'constraint': 'row_g_hard_guard', 'stages': array([ 1,  2,  3,  4,  5,  6,  7,  8,  9, 10, 11, 12, 13, 14, 15, 16, 17,
       18, 19, 20]), 'minimum_residual': -0.01137515327334404}
RMPCC-MF inactive Row M stages are trivially feasible.
RMPCC-MF minimum box residuals [state | input]: 3.9e-08 | 0.0
SQP_RTI solver failed with status 4. Starting infeasible recovery.
Backup solver is unavailable; falling back to safe stop.
Applied nominal_safe_controller safe-stop plan after infeasible RMPCC-MF solve.
[RMPCC 0351] SAFE_STOP solve=226.4ms pose=(1.134,0.594,0.632) u=(0.000,0.000) s=1.344 PSDFmin=-0.01038 G=FAIL(-0.01138) MF=inactive(active=0/20)
Acados solver failed with status 4
Acados residuals [stat, eq, ineq, comp]: [100.        0.        0.01138   0.     ]
Acados SQP iterations: 1
RMPCC-MF diagnostics captured before infeasibility recovery.
RMPCC-MF failed-iterate infeasibility candidates:
  - {'constraint': 'row_g_hard_guard', 'stages': array([ 1,  2,  3,  4,  5,  6,  7,  8,  9, 10, 11, 12, 13, 14, 15, 16, 17,
       18, 19, 20]), 'minimum_residual': -0.01137515327334404}
RMPCC-MF inactive Row M stages are trivially feasible.
RMPCC-MF minimum box residuals [state | input]: 3.9e-08 | 0.0
SQP_RTI solver failed with status 4. Starting infeasible recovery.
Backup solver is unavailable; falling back to safe stop.
Applied nominal_safe_controller safe-stop plan after infeasible RMPCC-MF solve.
[RMPCC 0352] SAFE_STOP solve=226.4ms pose=(1.134,0.594,0.632) u=(0.000,0.000) s=1.344 PSDFmin=-0.01038 G=FAIL(-0.01138) MF=inactive(active=0/20)
Acados solver failed with status 4
Acados residuals [stat, eq, ineq, comp]: [100.        0.        0.01138   0.     ]
Acados SQP iterations: 1
RMPCC-MF diagnostics captured before infeasibility recovery.
RMPCC-MF failed-iterate infeasibility candidates:
  - {'constraint': 'row_g_hard_guard', 'stages': array([ 1,  2,  3,  4,  5,  6,  7,  8,  9, 10, 11, 12, 13, 14, 15, 16, 17,
       18, 19, 20]), 'minimum_residual': -0.01137515327334404}
RMPCC-MF inactive Row M stages are trivially feasible.
RMPCC-MF minimum box residuals [state | input]: 3.9e-08 | 0.0
SQP_RTI solver failed with status 4. Starting infeasible recovery.
Backup solver is unavailable; falling back to safe stop.
Applied nominal_safe_controller safe-stop plan after infeasible RMPCC-MF solve.
[RMPCC 0353] SAFE_STOP solve=220.8ms pose=(1.134,0.594,0.632) u=(0.000,0.000) s=1.344 PSDFmin=-0.01038 G=FAIL(-0.01138) MF=inactive(active=0/20)
Acados solver failed with status 4
Acados residuals [stat, eq, ineq, comp]: [100.        0.        0.01138   0.     ]
Acados SQP iterations: 1
RMPCC-MF diagnostics captured before infeasibility recovery.
RMPCC-MF failed-iterate infeasibility candidates:
  - {'constraint': 'row_g_hard_guard', 'stages': array([ 1,  2,  3,  4,  5,  6,  7,  8,  9, 10, 11, 12, 13, 14, 15, 16, 17,
       18, 19, 20]), 'minimum_residual': -0.01137515327334404}
RMPCC-MF inactive Row M stages are trivially feasible.
RMPCC-MF minimum box residuals [state | input]: 3.9e-08 | 0.0
SQP_RTI solver failed with status 4. Starting infeasible recovery.
Backup solver is unavailable; falling back to safe stop.
Applied nominal_safe_controller safe-stop plan after infeasible RMPCC-MF solve.
[RMPCC 0354] SAFE_STOP solve=244.8ms pose=(1.134,0.594,0.632) u=(0.000,0.000) s=1.344 PSDFmin=-0.01038 G=FAIL(-0.01138) MF=inactive(active=0/20)
Acados solver failed with status 4
Acados residuals [stat, eq, ineq, comp]: [100.        0.        0.01138   0.     ]
Acados SQP iterations: 1
RMPCC-MF diagnostics captured before infeasibility recovery.
RMPCC-MF failed-iterate infeasibility candidates:
  - {'constraint': 'row_g_hard_guard', 'stages': array([ 1,  2,  3,  4,  5,  6,  7,  8,  9, 10, 11, 12, 13, 14, 15, 16, 17,
       18, 19, 20]), 'minimum_residual': -0.01137515327334404}
RMPCC-MF inactive Row M stages are trivially feasible.
RMPCC-MF minimum box residuals [state | input]: 3.9e-08 | 0.0
SQP_RTI solver failed with status 4. Starting infeasible recovery.
Backup solver is unavailable; falling back to safe stop.
Applied nominal_safe_controller safe-stop plan after infeasible RMPCC-MF solve.
[RMPCC 0355] SAFE_STOP solve=219.4ms pose=(1.134,0.594,0.632) u=(0.000,0.000) s=1.344 PSDFmin=-0.01038 G=FAIL(-0.01138) MF=inactive(active=0/20)
Acados solver failed with status 4
Acados residuals [stat, eq, ineq, comp]: [100.        0.        0.01138   0.     ]
Acados SQP iterations: 1
RMPCC-MF diagnostics captured before infeasibility recovery.
RMPCC-MF failed-iterate infeasibility candidates:
  - {'constraint': 'row_g_hard_guard', 'stages': array([ 1,  2,  3,  4,  5,  6,  7,  8,  9, 10, 11, 12, 13, 14, 15, 16, 17,
       18, 19, 20]), 'minimum_residual': -0.01137515327334404}
RMPCC-MF inactive Row M stages are trivially feasible.
RMPCC-MF minimum box residuals [state | input]: 3.9e-08 | 0.0
SQP_RTI solver failed with status 4. Starting infeasible recovery.
Backup solver is unavailable; falling back to safe stop.
Applied nominal_safe_controller safe-stop plan after infeasible RMPCC-MF solve.
[RMPCC 0356] SAFE_STOP solve=233.7ms pose=(1.134,0.594,0.632) u=(0.000,0.000) s=1.344 PSDFmin=-0.01038 G=FAIL(-0.01138) MF=inactive(active=0/20)
Acados solver failed with status 4
Acados residuals [stat, eq, ineq, comp]: [100.        0.        0.01138   0.     ]
Acados SQP iterations: 1
RMPCC-MF diagnostics captured before infeasibility recovery.
RMPCC-MF failed-iterate infeasibility candidates:
  - {'constraint': 'row_g_hard_guard', 'stages': array([ 1,  2,  3,  4,  5,  6,  7,  8,  9, 10, 11, 12, 13, 14, 15, 16, 17,
       18, 19, 20]), 'minimum_residual': -0.01137515327334404}
RMPCC-MF inactive Row M stages are trivially feasible.
RMPCC-MF minimum box residuals [state | input]: 3.9e-08 | 0.0
SQP_RTI solver failed with status 4. Starting infeasible recovery.
Backup solver is unavailable; falling back to safe stop.
Applied nominal_safe_controller safe-stop plan after infeasible RMPCC-MF solve.
[RMPCC 0357] SAFE_STOP solve=217.0ms pose=(1.134,0.594,0.632) u=(0.000,0.000) s=1.344 PSDFmin=-0.01038 G=FAIL(-0.01138) MF=inactive(active=0/20)
Acados solver failed with status 4
Acados residuals [stat, eq, ineq, comp]: [100.        0.        0.01138   0.     ]
Acados SQP iterations: 1
RMPCC-MF diagnostics captured before infeasibility recovery.
RMPCC-MF failed-iterate infeasibility candidates:
  - {'constraint': 'row_g_hard_guard', 'stages': array([ 1,  2,  3,  4,  5,  6,  7,  8,  9, 10, 11, 12, 13, 14, 15, 16, 17,
       18, 19, 20]), 'minimum_residual': -0.01137515327334404}
RMPCC-MF inactive Row M stages are trivially feasible.
RMPCC-MF minimum box residuals [state | input]: 3.9e-08 | 0.0
SQP_RTI solver failed with status 4. Starting infeasible recovery.
Backup solver is unavailable; falling back to safe stop.
Applied nominal_safe_controller safe-stop plan after infeasible RMPCC-MF solve.
[RMPCC 0358] SAFE_STOP solve=232.7ms pose=(1.134,0.594,0.632) u=(0.000,0.000) s=1.344 PSDFmin=-0.01038 G=FAIL(-0.01138) MF=inactive(active=0/20)
Acados solver failed with status 4
Acados residuals [stat, eq, ineq, comp]: [100.        0.        0.01138   0.     ]
Acados SQP iterations: 1
RMPCC-MF diagnostics captured before infeasibility recovery.
RMPCC-MF failed-iterate infeasibility candidates:
  - {'constraint': 'row_g_hard_guard', 'stages': array([ 1,  2,  3,  4,  5,  6,  7,  8,  9, 10, 11, 12, 13, 14, 15, 16, 17,
       18, 19, 20]), 'minimum_residual': -0.01137515327334404}
RMPCC-MF inactive Row M stages are trivially feasible.
RMPCC-MF minimum box residuals [state | input]: 3.9e-08 | 0.0
SQP_RTI solver failed with status 4. Starting infeasible recovery.
Backup solver is unavailable; falling back to safe stop.
Applied nominal_safe_controller safe-stop plan after infeasible RMPCC-MF solve.
[RMPCC 0359] SAFE_STOP solve=230.7ms pose=(1.134,0.594,0.632) u=(0.000,0.000) s=1.344 PSDFmin=-0.01038 G=FAIL(-0.01138) MF=inactive(active=0/20)
Acados solver failed with status 4
Acados residuals [stat, eq, ineq, comp]: [100.        0.        0.01138   0.     ]
Acados SQP iterations: 1
RMPCC-MF diagnostics captured before infeasibility recovery.
RMPCC-MF failed-iterate infeasibility candidates:
  - {'constraint': 'row_g_hard_guard', 'stages': array([ 1,  2,  3,  4,  5,  6,  7,  8,  9, 10, 11, 12, 13, 14, 15, 16, 17,
       18, 19, 20]), 'minimum_residual': -0.01137515327334404}
RMPCC-MF inactive Row M stages are trivially feasible.
RMPCC-MF minimum box residuals [state | input]: 3.9e-08 | 0.0
SQP_RTI solver failed with status 4. Starting infeasible recovery.
Backup solver is unavailable; falling back to safe stop.
Applied nominal_safe_controller safe-stop plan after infeasible RMPCC-MF solve.
[RMPCC 0360] SAFE_STOP solve=240.9ms pose=(1.134,0.594,0.632) u=(0.000,0.000) s=1.344 PSDFmin=-0.01038 G=FAIL(-0.01138) MF=inactive(active=0/20)
Acados solver failed with status 4
Acados residuals [stat, eq, ineq, comp]: [100.        0.        0.01138   0.     ]
Acados SQP iterations: 1
RMPCC-MF diagnostics captured before infeasibility recovery.
RMPCC-MF failed-iterate infeasibility candidates:
  - {'constraint': 'row_g_hard_guard', 'stages': array([ 1,  2,  3,  4,  5,  6,  7,  8,  9, 10, 11, 12, 13, 14, 15, 16, 17,
       18, 19, 20]), 'minimum_residual': -0.01137515327334404}
RMPCC-MF inactive Row M stages are trivially feasible.
RMPCC-MF minimum box residuals [state | input]: 3.9e-08 | 0.0
SQP_RTI solver failed with status 4. Starting infeasible recovery.
Backup solver is unavailable; falling back to safe stop.
Applied nominal_safe_controller safe-stop plan after infeasible RMPCC-MF solve.
[RMPCC 0361] SAFE_STOP solve=241.9ms pose=(1.134,0.594,0.632) u=(0.000,0.000) s=1.344 PSDFmin=-0.01038 G=FAIL(-0.01138) MF=inactive(active=0/20)
Acados solver failed with status 4
Acados residuals [stat, eq, ineq, comp]: [100.        0.        0.01138   0.     ]
Acados SQP iterations: 1
RMPCC-MF diagnostics captured before infeasibility recovery.
RMPCC-MF failed-iterate infeasibility candidates:
  - {'constraint': 'row_g_hard_guard', 'stages': array([ 1,  2,  3,  4,  5,  6,  7,  8,  9, 10, 11, 12, 13, 14, 15, 16, 17,
       18, 19, 20]), 'minimum_residual': -0.01137515327334404}
RMPCC-MF inactive Row M stages are trivially feasible.
RMPCC-MF minimum box residuals [state | input]: 3.9e-08 | 0.0
SQP_RTI solver failed with status 4. Starting infeasible recovery.
Backup solver is unavailable; falling back to safe stop.
Applied nominal_safe_controller safe-stop plan after infeasible RMPCC-MF solve.
[RMPCC 0362] SAFE_STOP solve=235.1ms pose=(1.134,0.594,0.632) u=(0.000,0.000) s=1.344 PSDFmin=-0.01038 G=FAIL(-0.01138) MF=inactive(active=0/20)
Acados solver failed with status 4
Acados residuals [stat, eq, ineq, comp]: [100.        0.        0.01138   0.     ]
Acados SQP iterations: 1
RMPCC-MF diagnostics captured before infeasibility recovery.
RMPCC-MF failed-iterate infeasibility candidates:
  - {'constraint': 'row_g_hard_guard', 'stages': array([ 1,  2,  3,  4,  5,  6,  7,  8,  9, 10, 11, 12, 13, 14, 15, 16, 17,
       18, 19, 20]), 'minimum_residual': -0.01137515327334404}
RMPCC-MF inactive Row M stages are trivially feasible.
RMPCC-MF minimum box residuals [state | input]: 3.9e-08 | 0.0
SQP_RTI solver failed with status 4. Starting infeasible recovery.
Backup solver is unavailable; falling back to safe stop.
Applied nominal_safe_controller safe-stop plan after infeasible RMPCC-MF solve.
[RMPCC 0363] SAFE_STOP solve=224.0ms pose=(1.134,0.594,0.632) u=(0.000,0.000) s=1.344 PSDFmin=-0.01038 G=FAIL(-0.01138) MF=inactive(active=0/20)
Acados solver failed with status 4
Acados residuals [stat, eq, ineq, comp]: [100.        0.        0.01138   0.     ]
Acados SQP iterations: 1
RMPCC-MF diagnostics captured before infeasibility recovery.
RMPCC-MF failed-iterate infeasibility candidates:
  - {'constraint': 'row_g_hard_guard', 'stages': array([ 1,  2,  3,  4,  5,  6,  7,  8,  9, 10, 11, 12, 13, 14, 15, 16, 17,
       18, 19, 20]), 'minimum_residual': -0.01137515327334404}
RMPCC-MF inactive Row M stages are trivially feasible.
RMPCC-MF minimum box residuals [state | input]: 3.9e-08 | 0.0
SQP_RTI solver failed with status 4. Starting infeasible recovery.
Backup solver is unavailable; falling back to safe stop.
Applied nominal_safe_controller safe-stop plan after infeasible RMPCC-MF solve.
[RMPCC 0364] SAFE_STOP solve=216.1ms pose=(1.134,0.594,0.632) u=(0.000,0.000) s=1.344 PSDFmin=-0.01038 G=FAIL(-0.01138) MF=inactive(active=0/20)
Acados solver failed with status 4
Acados residuals [stat, eq, ineq, comp]: [100.        0.        0.01138   0.     ]
Acados SQP iterations: 1
RMPCC-MF diagnostics captured before infeasibility recovery.
RMPCC-MF failed-iterate infeasibility candidates:
  - {'constraint': 'row_g_hard_guard', 'stages': array([ 1,  2,  3,  4,  5,  6,  7,  8,  9, 10, 11, 12, 13, 14, 15, 16, 17,
       18, 19, 20]), 'minimum_residual': -0.01137515327334404}
RMPCC-MF inactive Row M stages are trivially feasible.
RMPCC-MF minimum box residuals [state | input]: 3.9e-08 | 0.0
SQP_RTI solver failed with status 4. Starting infeasible recovery.
Backup solver is unavailable; falling back to safe stop.
Applied nominal_safe_controller safe-stop plan after infeasible RMPCC-MF solve.
[RMPCC 0365] SAFE_STOP solve=228.7ms pose=(1.134,0.594,0.632) u=(0.000,0.000) s=1.344 PSDFmin=-0.01038 G=FAIL(-0.01138) MF=inactive(active=0/20)
Acados solver failed with status 4
Acados residuals [stat, eq, ineq, comp]: [100.        0.        0.01138   0.     ]
Acados SQP iterations: 1
RMPCC-MF diagnostics captured before infeasibility recovery.
RMPCC-MF failed-iterate infeasibility candidates:
  - {'constraint': 'row_g_hard_guard', 'stages': array([ 1,  2,  3,  4,  5,  6,  7,  8,  9, 10, 11, 12, 13, 14, 15, 16, 17,
       18, 19, 20]), 'minimum_residual': -0.01137515327334404}
RMPCC-MF inactive Row M stages are trivially feasible.
RMPCC-MF minimum box residuals [state | input]: 3.9e-08 | 0.0
SQP_RTI solver failed with status 4. Starting infeasible recovery.
Backup solver is unavailable; falling back to safe stop.
Applied nominal_safe_controller safe-stop plan after infeasible RMPCC-MF solve.
[RMPCC 0366] SAFE_STOP solve=230.4ms pose=(1.134,0.594,0.632) u=(0.000,0.000) s=1.344 PSDFmin=-0.01038 G=FAIL(-0.01138) MF=inactive(active=0/20)
Acados solver failed with status 4
Acados residuals [stat, eq, ineq, comp]: [100.        0.        0.01138   0.     ]
Acados SQP iterations: 1
RMPCC-MF diagnostics captured before infeasibility recovery.
RMPCC-MF failed-iterate infeasibility candidates:
  - {'constraint': 'row_g_hard_guard', 'stages': array([ 1,  2,  3,  4,  5,  6,  7,  8,  9, 10, 11, 12, 13, 14, 15, 16, 17,
       18, 19, 20]), 'minimum_residual': -0.01137515327334404}
RMPCC-MF inactive Row M stages are trivially feasible.
RMPCC-MF minimum box residuals [state | input]: 3.9e-08 | 0.0
SQP_RTI solver failed with status 4. Starting infeasible recovery.
Backup solver is unavailable; falling back to safe stop.
Applied nominal_safe_controller safe-stop plan after infeasible RMPCC-MF solve.
[RMPCC 0367] SAFE_STOP solve=222.8ms pose=(1.134,0.594,0.632) u=(0.000,0.000) s=1.344 PSDFmin=-0.01038 G=FAIL(-0.01138) MF=inactive(active=0/20)
Acados solver failed with status 4
Acados residuals [stat, eq, ineq, comp]: [100.        0.        0.01138   0.     ]
Acados SQP iterations: 1
RMPCC-MF diagnostics captured before infeasibility recovery.
RMPCC-MF failed-iterate infeasibility candidates:
  - {'constraint': 'row_g_hard_guard', 'stages': array([ 1,  2,  3,  4,  5,  6,  7,  8,  9, 10, 11, 12, 13, 14, 15, 16, 17,
       18, 19, 20]), 'minimum_residual': -0.01137515327334404}
RMPCC-MF inactive Row M stages are trivially feasible.
RMPCC-MF minimum box residuals [state | input]: 3.9e-08 | 0.0
SQP_RTI solver failed with status 4. Starting infeasible recovery.
Backup solver is unavailable; falling back to safe stop.
Applied nominal_safe_controller safe-stop plan after infeasible RMPCC-MF solve.
[RMPCC 0368] SAFE_STOP solve=242.6ms pose=(1.134,0.594,0.632) u=(0.000,0.000) s=1.344 PSDFmin=-0.01038 G=FAIL(-0.01138) MF=inactive(active=0/20)
Acados solver failed with status 4
Acados residuals [stat, eq, ineq, comp]: [100.        0.        0.01138   0.     ]
Acados SQP iterations: 1
RMPCC-MF diagnostics captured before infeasibility recovery.
RMPCC-MF failed-iterate infeasibility candidates:
  - {'constraint': 'row_g_hard_guard', 'stages': array([ 1,  2,  3,  4,  5,  6,  7,  8,  9, 10, 11, 12, 13, 14, 15, 16, 17,
       18, 19, 20]), 'minimum_residual': -0.01137515327334404}
RMPCC-MF inactive Row M stages are trivially feasible.
RMPCC-MF minimum box residuals [state | input]: 3.9e-08 | 0.0
SQP_RTI solver failed with status 4. Starting infeasible recovery.
Backup solver is unavailable; falling back to safe stop.
Applied nominal_safe_controller safe-stop plan after infeasible RMPCC-MF solve.
[RMPCC 0369] SAFE_STOP solve=220.1ms pose=(1.134,0.594,0.632) u=(0.000,0.000) s=1.344 PSDFmin=-0.01038 G=FAIL(-0.01138) MF=inactive(active=0/20)
Acados solver failed with status 4
Acados residuals [stat, eq, ineq, comp]: [100.        0.        0.01138   0.     ]
Acados SQP iterations: 1
RMPCC-MF diagnostics captured before infeasibility recovery.
RMPCC-MF failed-iterate infeasibility candidates:
  - {'constraint': 'row_g_hard_guard', 'stages': array([ 1,  2,  3,  4,  5,  6,  7,  8,  9, 10, 11, 12, 13, 14, 15, 16, 17,
       18, 19, 20]), 'minimum_residual': -0.01137515327334404}
RMPCC-MF inactive Row M stages are trivially feasible.
RMPCC-MF minimum box residuals [state | input]: 3.9e-08 | 0.0
SQP_RTI solver failed with status 4. Starting infeasible recovery.
Backup solver is unavailable; falling back to safe stop.
Applied nominal_safe_controller safe-stop plan after infeasible RMPCC-MF solve.
[RMPCC 0370] SAFE_STOP solve=210.6ms pose=(1.134,0.594,0.632) u=(0.000,0.000) s=1.344 PSDFmin=-0.01038 G=FAIL(-0.01138) MF=inactive(active=0/20)
Acados solver failed with status 4
Acados residuals [stat, eq, ineq, comp]: [100.        0.        0.01138   0.     ]
Acados SQP iterations: 1
RMPCC-MF diagnostics captured before infeasibility recovery.
RMPCC-MF failed-iterate infeasibility candidates:
  - {'constraint': 'row_g_hard_guard', 'stages': array([ 1,  2,  3,  4,  5,  6,  7,  8,  9, 10, 11, 12, 13, 14, 15, 16, 17,
       18, 19, 20]), 'minimum_residual': -0.01137515327334404}
RMPCC-MF inactive Row M stages are trivially feasible.
RMPCC-MF minimum box residuals [state | input]: 3.9e-08 | 0.0
SQP_RTI solver failed with status 4. Starting infeasible recovery.
Backup solver is unavailable; falling back to safe stop.
Applied nominal_safe_controller safe-stop plan after infeasible RMPCC-MF solve.
[RMPCC 0371] SAFE_STOP solve=229.0ms pose=(1.134,0.594,0.632) u=(0.000,0.000) s=1.344 PSDFmin=-0.01038 G=FAIL(-0.01138) MF=inactive(active=0/20)
Acados solver failed with status 4
Acados residuals [stat, eq, ineq, comp]: [100.        0.        0.01138   0.     ]
Acados SQP iterations: 1
RMPCC-MF diagnostics captured before infeasibility recovery.
RMPCC-MF failed-iterate infeasibility candidates:
  - {'constraint': 'row_g_hard_guard', 'stages': array([ 1,  2,  3,  4,  5,  6,  7,  8,  9, 10, 11, 12, 13, 14, 15, 16, 17,
       18, 19, 20]), 'minimum_residual': -0.01137515327334404}
RMPCC-MF inactive Row M stages are trivially feasible.
RMPCC-MF minimum box residuals [state | input]: 3.9e-08 | 0.0
SQP_RTI solver failed with status 4. Starting infeasible recovery.
Backup solver is unavailable; falling back to safe stop.
Applied nominal_safe_controller safe-stop plan after infeasible RMPCC-MF solve.
[RMPCC 0372] SAFE_STOP solve=225.2ms pose=(1.134,0.594,0.632) u=(0.000,0.000) s=1.344 PSDFmin=-0.01038 G=FAIL(-0.01138) MF=inactive(active=0/20)
Acados solver failed with status 4
Acados residuals [stat, eq, ineq, comp]: [100.        0.        0.01138   0.     ]
Acados SQP iterations: 1
RMPCC-MF diagnostics captured before infeasibility recovery.
RMPCC-MF failed-iterate infeasibility candidates:
  - {'constraint': 'row_g_hard_guard', 'stages': array([ 1,  2,  3,  4,  5,  6,  7,  8,  9, 10, 11, 12, 13, 14, 15, 16, 17,
       18, 19, 20]), 'minimum_residual': -0.01137515327334404}
RMPCC-MF inactive Row M stages are trivially feasible.
RMPCC-MF minimum box residuals [state | input]: 3.9e-08 | 0.0
SQP_RTI solver failed with status 4. Starting infeasible recovery.
Backup solver is unavailable; falling back to safe stop.
Applied nominal_safe_controller safe-stop plan after infeasible RMPCC-MF solve.
[RMPCC 0373] SAFE_STOP solve=230.1ms pose=(1.134,0.594,0.632) u=(0.000,0.000) s=1.344 PSDFmin=-0.01038 G=FAIL(-0.01138) MF=inactive(active=0/20)
Acados solver failed with status 4
Acados residuals [stat, eq, ineq, comp]: [100.        0.        0.01138   0.     ]
Acados SQP iterations: 1
RMPCC-MF diagnostics captured before infeasibility recovery.
RMPCC-MF failed-iterate infeasibility candidates:
  - {'constraint': 'row_g_hard_guard', 'stages': array([ 1,  2,  3,  4,  5,  6,  7,  8,  9, 10, 11, 12, 13, 14, 15, 16, 17,
       18, 19, 20]), 'minimum_residual': -0.01137515327334404}
RMPCC-MF inactive Row M stages are trivially feasible.
RMPCC-MF minimum box residuals [state | input]: 3.9e-08 | 0.0
SQP_RTI solver failed with status 4. Starting infeasible recovery.
Backup solver is unavailable; falling back to safe stop.
Applied nominal_safe_controller safe-stop plan after infeasible RMPCC-MF solve.
[RMPCC 0374] SAFE_STOP solve=214.6ms pose=(1.134,0.594,0.632) u=(0.000,0.000) s=1.344 PSDFmin=-0.01038 G=FAIL(-0.01138) MF=inactive(active=0/20)
Acados solver failed with status 4
Acados residuals [stat, eq, ineq, comp]: [100.        0.        0.01138   0.     ]
Acados SQP iterations: 1
RMPCC-MF diagnostics captured before infeasibility recovery.
RMPCC-MF failed-iterate infeasibility candidates:
  - {'constraint': 'row_g_hard_guard', 'stages': array([ 1,  2,  3,  4,  5,  6,  7,  8,  9, 10, 11, 12, 13, 14, 15, 16, 17,
       18, 19, 20]), 'minimum_residual': -0.01137515327334404}
RMPCC-MF inactive Row M stages are trivially feasible.
RMPCC-MF minimum box residuals [state | input]: 3.9e-08 | 0.0
SQP_RTI solver failed with status 4. Starting infeasible recovery.
Backup solver is unavailable; falling back to safe stop.
Applied nominal_safe_controller safe-stop plan after infeasible RMPCC-MF solve.
[RMPCC 0375] SAFE_STOP solve=236.3ms pose=(1.134,0.594,0.632) u=(0.000,0.000) s=1.344 PSDFmin=-0.01038 G=FAIL(-0.01138) MF=inactive(active=0/20)
Acados solver failed with status 4
Acados residuals [stat, eq, ineq, comp]: [100.        0.        0.01138   0.     ]
Acados SQP iterations: 1
RMPCC-MF diagnostics captured before infeasibility recovery.
RMPCC-MF failed-iterate infeasibility candidates:
  - {'constraint': 'row_g_hard_guard', 'stages': array([ 1,  2,  3,  4,  5,  6,  7,  8,  9, 10, 11, 12, 13, 14, 15, 16, 17,
       18, 19, 20]), 'minimum_residual': -0.01137515327334404}
RMPCC-MF inactive Row M stages are trivially feasible.
RMPCC-MF minimum box residuals [state | input]: 3.9e-08 | 0.0
SQP_RTI solver failed with status 4. Starting infeasible recovery.
Backup solver is unavailable; falling back to safe stop.
Applied nominal_safe_controller safe-stop plan after infeasible RMPCC-MF solve.
[RMPCC 0376] SAFE_STOP solve=229.8ms pose=(1.134,0.594,0.632) u=(0.000,0.000) s=1.344 PSDFmin=-0.01038 G=FAIL(-0.01138) MF=inactive(active=0/20)
Acados solver failed with status 4
Acados residuals [stat, eq, ineq, comp]: [100.        0.        0.01138   0.     ]
Acados SQP iterations: 1
RMPCC-MF diagnostics captured before infeasibility recovery.
RMPCC-MF failed-iterate infeasibility candidates:
  - {'constraint': 'row_g_hard_guard', 'stages': array([ 1,  2,  3,  4,  5,  6,  7,  8,  9, 10, 11, 12, 13, 14, 15, 16, 17,
       18, 19, 20]), 'minimum_residual': -0.01137515327334404}
RMPCC-MF inactive Row M stages are trivially feasible.
RMPCC-MF minimum box residuals [state | input]: 3.9e-08 | 0.0
SQP_RTI solver failed with status 4. Starting infeasible recovery.
Backup solver is unavailable; falling back to safe stop.
Applied nominal_safe_controller safe-stop plan after infeasible RMPCC-MF solve.
[RMPCC 0377] SAFE_STOP solve=232.4ms pose=(1.134,0.594,0.632) u=(0.000,0.000) s=1.344 PSDFmin=-0.01038 G=FAIL(-0.01138) MF=inactive(active=0/20)
Acados solver failed with status 4
Acados residuals [stat, eq, ineq, comp]: [100.        0.        0.01138   0.     ]
Acados SQP iterations: 1
RMPCC-MF diagnostics captured before infeasibility recovery.
RMPCC-MF failed-iterate infeasibility candidates:
  - {'constraint': 'row_g_hard_guard', 'stages': array([ 1,  2,  3,  4,  5,  6,  7,  8,  9, 10, 11, 12, 13, 14, 15, 16, 17,
       18, 19, 20]), 'minimum_residual': -0.01137515327334404}
RMPCC-MF inactive Row M stages are trivially feasible.
RMPCC-MF minimum box residuals [state | input]: 3.9e-08 | 0.0
SQP_RTI solver failed with status 4. Starting infeasible recovery.
Backup solver is unavailable; falling back to safe stop.
Applied nominal_safe_controller safe-stop plan after infeasible RMPCC-MF solve.
[RMPCC 0378] SAFE_STOP solve=225.6ms pose=(1.134,0.594,0.632) u=(0.000,0.000) s=1.344 PSDFmin=-0.01038 G=FAIL(-0.01138) MF=inactive(active=0/20)
Acados solver failed with status 4
Acados residuals [stat, eq, ineq, comp]: [100.        0.        0.01138   0.     ]
Acados SQP iterations: 1
RMPCC-MF diagnostics captured before infeasibility recovery.
RMPCC-MF failed-iterate infeasibility candidates:
  - {'constraint': 'row_g_hard_guard', 'stages': array([ 1,  2,  3,  4,  5,  6,  7,  8,  9, 10, 11, 12, 13, 14, 15, 16, 17,
       18, 19, 20]), 'minimum_residual': -0.01137515327334404}
RMPCC-MF inactive Row M stages are trivially feasible.
RMPCC-MF minimum box residuals [state | input]: 3.9e-08 | 0.0
SQP_RTI solver failed with status 4. Starting infeasible recovery.
Backup solver is unavailable; falling back to safe stop.
Applied nominal_safe_controller safe-stop plan after infeasible RMPCC-MF solve.
[RMPCC 0379] SAFE_STOP solve=222.6ms pose=(1.134,0.594,0.632) u=(0.000,0.000) s=1.344 PSDFmin=-0.01038 G=FAIL(-0.01138) MF=inactive(active=0/20)
Acados solver failed with status 4
Acados residuals [stat, eq, ineq, comp]: [100.        0.        0.01138   0.     ]
Acados SQP iterations: 1
RMPCC-MF diagnostics captured before infeasibility recovery.
RMPCC-MF failed-iterate infeasibility candidates:
  - {'constraint': 'row_g_hard_guard', 'stages': array([ 1,  2,  3,  4,  5,  6,  7,  8,  9, 10, 11, 12, 13, 14, 15, 16, 17,
       18, 19, 20]), 'minimum_residual': -0.01137515327334404}
RMPCC-MF inactive Row M stages are trivially feasible.
RMPCC-MF minimum box residuals [state | input]: 3.9e-08 | 0.0
SQP_RTI solver failed with status 4. Starting infeasible recovery.
Backup solver is unavailable; falling back to safe stop.
Applied nominal_safe_controller safe-stop plan after infeasible RMPCC-MF solve.
[RMPCC 0380] SAFE_STOP solve=230.4ms pose=(1.134,0.594,0.632) u=(0.000,0.000) s=1.344 PSDFmin=-0.01038 G=FAIL(-0.01138) MF=inactive(active=0/20)
Acados solver failed with status 4
Acados residuals [stat, eq, ineq, comp]: [100.        0.        0.01138   0.     ]
Acados SQP iterations: 1
RMPCC-MF diagnostics captured before infeasibility recovery.
RMPCC-MF failed-iterate infeasibility candidates:
  - {'constraint': 'row_g_hard_guard', 'stages': array([ 1,  2,  3,  4,  5,  6,  7,  8,  9, 10, 11, 12, 13, 14, 15, 16, 17,
       18, 19, 20]), 'minimum_residual': -0.01137515327334404}
RMPCC-MF inactive Row M stages are trivially feasible.
RMPCC-MF minimum box residuals [state | input]: 3.9e-08 | 0.0
SQP_RTI solver failed with status 4. Starting infeasible recovery.
Backup solver is unavailable; falling back to safe stop.
Applied nominal_safe_controller safe-stop plan after infeasible RMPCC-MF solve.
[RMPCC 0381] SAFE_STOP solve=227.0ms pose=(1.134,0.594,0.632) u=(0.000,0.000) s=1.344 PSDFmin=-0.01038 G=FAIL(-0.01138) MF=inactive(active=0/20)
Acados solver failed with status 4
Acados residuals [stat, eq, ineq, comp]: [100.        0.        0.01138   0.     ]
Acados SQP iterations: 1
RMPCC-MF diagnostics captured before infeasibility recovery.
RMPCC-MF failed-iterate infeasibility candidates:
  - {'constraint': 'row_g_hard_guard', 'stages': array([ 1,  2,  3,  4,  5,  6,  7,  8,  9, 10, 11, 12, 13, 14, 15, 16, 17,
       18, 19, 20]), 'minimum_residual': -0.01137515327334404}
RMPCC-MF inactive Row M stages are trivially feasible.
RMPCC-MF minimum box residuals [state | input]: 3.9e-08 | 0.0
SQP_RTI solver failed with status 4. Starting infeasible recovery.
Backup solver is unavailable; falling back to safe stop.
Applied nominal_safe_controller safe-stop plan after infeasible RMPCC-MF solve.
[RMPCC 0382] SAFE_STOP solve=241.2ms pose=(1.134,0.594,0.632) u=(0.000,0.000) s=1.344 PSDFmin=-0.01038 G=FAIL(-0.01138) MF=inactive(active=0/20)
Acados solver failed with status 4
Acados residuals [stat, eq, ineq, comp]: [100.        0.        0.01138   0.     ]
Acados SQP iterations: 1
RMPCC-MF diagnostics captured before infeasibility recovery.
RMPCC-MF failed-iterate infeasibility candidates:
  - {'constraint': 'row_g_hard_guard', 'stages': array([ 1,  2,  3,  4,  5,  6,  7,  8,  9, 10, 11, 12, 13, 14, 15, 16, 17,
       18, 19, 20]), 'minimum_residual': -0.01137515327334404}
RMPCC-MF inactive Row M stages are trivially feasible.
RMPCC-MF minimum box residuals [state | input]: 3.9e-08 | 0.0
SQP_RTI solver failed with status 4. Starting infeasible recovery.
Backup solver is unavailable; falling back to safe stop.
Applied nominal_safe_controller safe-stop plan after infeasible RMPCC-MF solve.
[RMPCC 0383] SAFE_STOP solve=212.7ms pose=(1.134,0.594,0.632) u=(0.000,0.000) s=1.344 PSDFmin=-0.01038 G=FAIL(-0.01138) MF=inactive(active=0/20)
Acados solver failed with status 4
Acados residuals [stat, eq, ineq, comp]: [100.        0.        0.01138   0.     ]
Acados SQP iterations: 1
RMPCC-MF diagnostics captured before infeasibility recovery.
RMPCC-MF failed-iterate infeasibility candidates:
  - {'constraint': 'row_g_hard_guard', 'stages': array([ 1,  2,  3,  4,  5,  6,  7,  8,  9, 10, 11, 12, 13, 14, 15, 16, 17,
       18, 19, 20]), 'minimum_residual': -0.01137515327334404}
RMPCC-MF inactive Row M stages are trivially feasible.
RMPCC-MF minimum box residuals [state | input]: 3.9e-08 | 0.0
SQP_RTI solver failed with status 4. Starting infeasible recovery.
Backup solver is unavailable; falling back to safe stop.
Applied nominal_safe_controller safe-stop plan after infeasible RMPCC-MF solve.
[RMPCC 0384] SAFE_STOP solve=231.4ms pose=(1.134,0.594,0.632) u=(0.000,0.000) s=1.344 PSDFmin=-0.01038 G=FAIL(-0.01138) MF=inactive(active=0/20)
Acados solver failed with status 4
Acados residuals [stat, eq, ineq, comp]: [100.        0.        0.01138   0.     ]
Acados SQP iterations: 1
RMPCC-MF diagnostics captured before infeasibility recovery.
RMPCC-MF failed-iterate infeasibility candidates:
  - {'constraint': 'row_g_hard_guard', 'stages': array([ 1,  2,  3,  4,  5,  6,  7,  8,  9, 10, 11, 12, 13, 14, 15, 16, 17,
       18, 19, 20]), 'minimum_residual': -0.01137515327334404}
RMPCC-MF inactive Row M stages are trivially feasible.
RMPCC-MF minimum box residuals [state | input]: 3.9e-08 | 0.0
SQP_RTI solver failed with status 4. Starting infeasible recovery.
Backup solver is unavailable; falling back to safe stop.
Applied nominal_safe_controller safe-stop plan after infeasible RMPCC-MF solve.
[RMPCC 0385] SAFE_STOP solve=229.9ms pose=(1.134,0.594,0.632) u=(0.000,0.000) s=1.344 PSDFmin=-0.01038 G=FAIL(-0.01138) MF=inactive(active=0/20)
Acados solver failed with status 4
Acados residuals [stat, eq, ineq, comp]: [100.        0.        0.01138   0.     ]
Acados SQP iterations: 1
RMPCC-MF diagnostics captured before infeasibility recovery.
RMPCC-MF failed-iterate infeasibility candidates:
  - {'constraint': 'row_g_hard_guard', 'stages': array([ 1,  2,  3,  4,  5,  6,  7,  8,  9, 10, 11, 12, 13, 14, 15, 16, 17,
       18, 19, 20]), 'minimum_residual': -0.01137515327334404}
RMPCC-MF inactive Row M stages are trivially feasible.
RMPCC-MF minimum box residuals [state | input]: 3.9e-08 | 0.0
SQP_RTI solver failed with status 4. Starting infeasible recovery.
Backup solver is unavailable; falling back to safe stop.
Applied nominal_safe_controller safe-stop plan after infeasible RMPCC-MF solve.
[RMPCC 0386] SAFE_STOP solve=228.7ms pose=(1.134,0.594,0.632) u=(0.000,0.000) s=1.344 PSDFmin=-0.01038 G=FAIL(-0.01138) MF=inactive(active=0/20)
Acados solver failed with status 4
Acados residuals [stat, eq, ineq, comp]: [100.        0.        0.01138   0.     ]
Acados SQP iterations: 1
RMPCC-MF diagnostics captured before infeasibility recovery.
RMPCC-MF failed-iterate infeasibility candidates:
  - {'constraint': 'row_g_hard_guard', 'stages': array([ 1,  2,  3,  4,  5,  6,  7,  8,  9, 10, 11, 12, 13, 14, 15, 16, 17,
       18, 19, 20]), 'minimum_residual': -0.01137515327334404}
RMPCC-MF inactive Row M stages are trivially feasible.
RMPCC-MF minimum box residuals [state | input]: 3.9e-08 | 0.0
SQP_RTI solver failed with status 4. Starting infeasible recovery.
Backup solver is unavailable; falling back to safe stop.
Applied nominal_safe_controller safe-stop plan after infeasible RMPCC-MF solve.
[RMPCC 0387] SAFE_STOP solve=225.4ms pose=(1.134,0.594,0.632) u=(0.000,0.000) s=1.344 PSDFmin=-0.01038 G=FAIL(-0.01138) MF=inactive(active=0/20)
Acados solver failed with status 4
Acados residuals [stat, eq, ineq, comp]: [100.        0.        0.01138   0.     ]
Acados SQP iterations: 1
RMPCC-MF diagnostics captured before infeasibility recovery.
RMPCC-MF failed-iterate infeasibility candidates:
  - {'constraint': 'row_g_hard_guard', 'stages': array([ 1,  2,  3,  4,  5,  6,  7,  8,  9, 10, 11, 12, 13, 14, 15, 16, 17,
       18, 19, 20]), 'minimum_residual': -0.01137515327334404}
RMPCC-MF inactive Row M stages are trivially feasible.
RMPCC-MF minimum box residuals [state | input]: 3.9e-08 | 0.0
SQP_RTI solver failed with status 4. Starting infeasible recovery.
Backup solver is unavailable; falling back to safe stop.
Applied nominal_safe_controller safe-stop plan after infeasible RMPCC-MF solve.
[RMPCC 0388] SAFE_STOP solve=215.8ms pose=(1.134,0.594,0.632) u=(0.000,0.000) s=1.344 PSDFmin=-0.01038 G=FAIL(-0.01138) MF=inactive(active=0/20)
Acados solver failed with status 4
Acados residuals [stat, eq, ineq, comp]: [100.        0.        0.01138   0.     ]
Acados SQP iterations: 1
RMPCC-MF diagnostics captured before infeasibility recovery.
RMPCC-MF failed-iterate infeasibility candidates:
  - {'constraint': 'row_g_hard_guard', 'stages': array([ 1,  2,  3,  4,  5,  6,  7,  8,  9, 10, 11, 12, 13, 14, 15, 16, 17,
       18, 19, 20]), 'minimum_residual': -0.01137515327334404}
RMPCC-MF inactive Row M stages are trivially feasible.
RMPCC-MF minimum box residuals [state | input]: 3.9e-08 | 0.0
SQP_RTI solver failed with status 4. Starting infeasible recovery.
Backup solver is unavailable; falling back to safe stop.
Applied nominal_safe_controller safe-stop plan after infeasible RMPCC-MF solve.
[RMPCC 0389] SAFE_STOP solve=214.4ms pose=(1.134,0.594,0.632) u=(0.000,0.000) s=1.344 PSDFmin=-0.01038 G=FAIL(-0.01138) MF=inactive(active=0/20)
Acados solver failed with status 4
Acados residuals [stat, eq, ineq, comp]: [100.        0.        0.01138   0.     ]
Acados SQP iterations: 1
RMPCC-MF diagnostics captured before infeasibility recovery.
RMPCC-MF failed-iterate infeasibility candidates:
  - {'constraint': 'row_g_hard_guard', 'stages': array([ 1,  2,  3,  4,  5,  6,  7,  8,  9, 10, 11, 12, 13, 14, 15, 16, 17,
       18, 19, 20]), 'minimum_residual': -0.01137515327334404}
RMPCC-MF inactive Row M stages are trivially feasible.
RMPCC-MF minimum box residuals [state | input]: 3.9e-08 | 0.0
SQP_RTI solver failed with status 4. Starting infeasible recovery.
Backup solver is unavailable; falling back to safe stop.
Applied nominal_safe_controller safe-stop plan after infeasible RMPCC-MF solve.
[RMPCC 0390] SAFE_STOP solve=231.7ms pose=(1.134,0.594,0.632) u=(0.000,0.000) s=1.344 PSDFmin=-0.01038 G=FAIL(-0.01138) MF=inactive(active=0/20)
Acados solver failed with status 4
Acados residuals [stat, eq, ineq, comp]: [100.        0.        0.01138   0.     ]
Acados SQP iterations: 1
RMPCC-MF diagnostics captured before infeasibility recovery.
RMPCC-MF failed-iterate infeasibility candidates:
  - {'constraint': 'row_g_hard_guard', 'stages': array([ 1,  2,  3,  4,  5,  6,  7,  8,  9, 10, 11, 12, 13, 14, 15, 16, 17,
       18, 19, 20]), 'minimum_residual': -0.01137515327334404}
RMPCC-MF inactive Row M stages are trivially feasible.
RMPCC-MF minimum box residuals [state | input]: 3.9e-08 | 0.0
SQP_RTI solver failed with status 4. Starting infeasible recovery.
Backup solver is unavailable; falling back to safe stop.
Applied nominal_safe_controller safe-stop plan after infeasible RMPCC-MF solve.
[RMPCC 0391] SAFE_STOP solve=227.3ms pose=(1.134,0.594,0.632) u=(0.000,0.000) s=1.344 PSDFmin=-0.01038 G=FAIL(-0.01138) MF=inactive(active=0/20)
Acados solver failed with status 4
Acados residuals [stat, eq, ineq, comp]: [100.        0.        0.01138   0.     ]
Acados SQP iterations: 1
RMPCC-MF diagnostics captured before infeasibility recovery.
RMPCC-MF failed-iterate infeasibility candidates:
  - {'constraint': 'row_g_hard_guard', 'stages': array([ 1,  2,  3,  4,  5,  6,  7,  8,  9, 10, 11, 12, 13, 14, 15, 16, 17,
       18, 19, 20]), 'minimum_residual': -0.01137515327334404}
RMPCC-MF inactive Row M stages are trivially feasible.
RMPCC-MF minimum box residuals [state | input]: 3.9e-08 | 0.0
SQP_RTI solver failed with status 4. Starting infeasible recovery.
Backup solver is unavailable; falling back to safe stop.
Applied nominal_safe_controller safe-stop plan after infeasible RMPCC-MF solve.
[RMPCC 0392] SAFE_STOP solve=235.1ms pose=(1.134,0.594,0.632) u=(0.000,0.000) s=1.344 PSDFmin=-0.01038 G=FAIL(-0.01138) MF=inactive(active=0/20)
Acados solver failed with status 4
Acados residuals [stat, eq, ineq, comp]: [100.        0.        0.01138   0.     ]
Acados SQP iterations: 1
RMPCC-MF diagnostics captured before infeasibility recovery.
RMPCC-MF failed-iterate infeasibility candidates:
  - {'constraint': 'row_g_hard_guard', 'stages': array([ 1,  2,  3,  4,  5,  6,  7,  8,  9, 10, 11, 12, 13, 14, 15, 16, 17,
       18, 19, 20]), 'minimum_residual': -0.01137515327334404}
RMPCC-MF inactive Row M stages are trivially feasible.
RMPCC-MF minimum box residuals [state | input]: 3.9e-08 | 0.0
SQP_RTI solver failed with status 4. Starting infeasible recovery.
Backup solver is unavailable; falling back to safe stop.
Applied nominal_safe_controller safe-stop plan after infeasible RMPCC-MF solve.
[RMPCC 0393] SAFE_STOP solve=220.1ms pose=(1.134,0.594,0.632) u=(0.000,0.000) s=1.344 PSDFmin=-0.01038 G=FAIL(-0.01138) MF=inactive(active=0/20)
Acados solver failed with status 4
Acados residuals [stat, eq, ineq, comp]: [100.        0.        0.01138   0.     ]
Acados SQP iterations: 1
RMPCC-MF diagnostics captured before infeasibility recovery.
RMPCC-MF failed-iterate infeasibility candidates:
  - {'constraint': 'row_g_hard_guard', 'stages': array([ 1,  2,  3,  4,  5,  6,  7,  8,  9, 10, 11, 12, 13, 14, 15, 16, 17,
       18, 19, 20]), 'minimum_residual': -0.01137515327334404}
RMPCC-MF inactive Row M stages are trivially feasible.
RMPCC-MF minimum box residuals [state | input]: 3.9e-08 | 0.0
SQP_RTI solver failed with status 4. Starting infeasible recovery.
Backup solver is unavailable; falling back to safe stop.
Applied nominal_safe_controller safe-stop plan after infeasible RMPCC-MF solve.
[RMPCC 0394] SAFE_STOP solve=231.9ms pose=(1.134,0.594,0.632) u=(0.000,0.000) s=1.344 PSDFmin=-0.01038 G=FAIL(-0.01138) MF=inactive(active=0/20)
Acados solver failed with status 4
Acados residuals [stat, eq, ineq, comp]: [100.        0.        0.01138   0.     ]
Acados SQP iterations: 1
RMPCC-MF diagnostics captured before infeasibility recovery.
RMPCC-MF failed-iterate infeasibility candidates:
  - {'constraint': 'row_g_hard_guard', 'stages': array([ 1,  2,  3,  4,  5,  6,  7,  8,  9, 10, 11, 12, 13, 14, 15, 16, 17,
       18, 19, 20]), 'minimum_residual': -0.01137515327334404}
RMPCC-MF inactive Row M stages are trivially feasible.
RMPCC-MF minimum box residuals [state | input]: 3.9e-08 | 0.0
SQP_RTI solver failed with status 4. Starting infeasible recovery.
Backup solver is unavailable; falling back to safe stop.
Applied nominal_safe_controller safe-stop plan after infeasible RMPCC-MF solve.
[RMPCC 0395] SAFE_STOP solve=230.2ms pose=(1.134,0.594,0.632) u=(0.000,0.000) s=1.344 PSDFmin=-0.01038 G=FAIL(-0.01138) MF=inactive(active=0/20)
Acados solver failed with status 4
Acados residuals [stat, eq, ineq, comp]: [100.        0.        0.01138   0.     ]
Acados SQP iterations: 1
RMPCC-MF diagnostics captured before infeasibility recovery.
RMPCC-MF failed-iterate infeasibility candidates:
  - {'constraint': 'row_g_hard_guard', 'stages': array([ 1,  2,  3,  4,  5,  6,  7,  8,  9, 10, 11, 12, 13, 14, 15, 16, 17,
       18, 19, 20]), 'minimum_residual': -0.01137515327334404}
RMPCC-MF inactive Row M stages are trivially feasible.
RMPCC-MF minimum box residuals [state | input]: 3.9e-08 | 0.0
SQP_RTI solver failed with status 4. Starting infeasible recovery.
Backup solver is unavailable; falling back to safe stop.
Applied nominal_safe_controller safe-stop plan after infeasible RMPCC-MF solve.
[RMPCC 0396] SAFE_STOP solve=245.8ms pose=(1.134,0.594,0.632) u=(0.000,0.000) s=1.344 PSDFmin=-0.01038 G=FAIL(-0.01138) MF=inactive(active=0/20)
Acados solver failed with status 4
Acados residuals [stat, eq, ineq, comp]: [100.        0.        0.01138   0.     ]
Acados SQP iterations: 1
RMPCC-MF diagnostics captured before infeasibility recovery.
RMPCC-MF failed-iterate infeasibility candidates:
  - {'constraint': 'row_g_hard_guard', 'stages': array([ 1,  2,  3,  4,  5,  6,  7,  8,  9, 10, 11, 12, 13, 14, 15, 16, 17,
       18, 19, 20]), 'minimum_residual': -0.01137515327334404}
RMPCC-MF inactive Row M stages are trivially feasible.
RMPCC-MF minimum box residuals [state | input]: 3.9e-08 | 0.0
SQP_RTI solver failed with status 4. Starting infeasible recovery.
Backup solver is unavailable; falling back to safe stop.
Applied nominal_safe_controller safe-stop plan after infeasible RMPCC-MF solve.
[RMPCC 0397] SAFE_STOP solve=230.6ms pose=(1.134,0.594,0.632) u=(0.000,0.000) s=1.344 PSDFmin=-0.01038 G=FAIL(-0.01138) MF=inactive(active=0/20)
Acados solver failed with status 4
Acados residuals [stat, eq, ineq, comp]: [100.        0.        0.01138   0.     ]
Acados SQP iterations: 1
RMPCC-MF diagnostics captured before infeasibility recovery.
RMPCC-MF failed-iterate infeasibility candidates:
  - {'constraint': 'row_g_hard_guard', 'stages': array([ 1,  2,  3,  4,  5,  6,  7,  8,  9, 10, 11, 12, 13, 14, 15, 16, 17,
       18, 19, 20]), 'minimum_residual': -0.01137515327334404}
RMPCC-MF inactive Row M stages are trivially feasible.
RMPCC-MF minimum box residuals [state | input]: 3.9e-08 | 0.0
SQP_RTI solver failed with status 4. Starting infeasible recovery.
Backup solver is unavailable; falling back to safe stop.
Applied nominal_safe_controller safe-stop plan after infeasible RMPCC-MF solve.
[RMPCC 0398] SAFE_STOP solve=236.2ms pose=(1.134,0.594,0.632) u=(0.000,0.000) s=1.344 PSDFmin=-0.01038 G=FAIL(-0.01138) MF=inactive(active=0/20)
Acados solver failed with status 4
Acados residuals [stat, eq, ineq, comp]: [100.        0.        0.01138   0.     ]
Acados SQP iterations: 1
RMPCC-MF diagnostics captured before infeasibility recovery.
RMPCC-MF failed-iterate infeasibility candidates:
  - {'constraint': 'row_g_hard_guard', 'stages': array([ 1,  2,  3,  4,  5,  6,  7,  8,  9, 10, 11, 12, 13, 14, 15, 16, 17,
       18, 19, 20]), 'minimum_residual': -0.01137515327334404}
RMPCC-MF inactive Row M stages are trivially feasible.
RMPCC-MF minimum box residuals [state | input]: 3.9e-08 | 0.0
SQP_RTI solver failed with status 4. Starting infeasible recovery.
Backup solver is unavailable; falling back to safe stop.
Applied nominal_safe_controller safe-stop plan after infeasible RMPCC-MF solve.
[RMPCC 0399] SAFE_STOP solve=224.1ms pose=(1.134,0.594,0.632) u=(0.000,0.000) s=1.344 PSDFmin=-0.01038 G=FAIL(-0.01138) MF=inactive(active=0/20)
Acados solver failed with status 4
Acados residuals [stat, eq, ineq, comp]: [100.        0.        0.01138   0.     ]
Acados SQP iterations: 1
RMPCC-MF diagnostics captured before infeasibility recovery.
RMPCC-MF failed-iterate infeasibility candidates:
  - {'constraint': 'row_g_hard_guard', 'stages': array([ 1,  2,  3,  4,  5,  6,  7,  8,  9, 10, 11, 12, 13, 14, 15, 16, 17,
       18, 19, 20]), 'minimum_residual': -0.01137515327334404}
RMPCC-MF inactive Row M stages are trivially feasible.
RMPCC-MF minimum box residuals [state | input]: 3.9e-08 | 0.0
SQP_RTI solver failed with status 4. Starting infeasible recovery.
Backup solver is unavailable; falling back to safe stop.
Applied nominal_safe_controller safe-stop plan after infeasible RMPCC-MF solve.
[RMPCC 0400] SAFE_STOP solve=227.2ms pose=(1.134,0.594,0.632) u=(0.000,0.000) s=1.344 PSDFmin=-0.01038 G=FAIL(-0.01138) MF=inactive(active=0/20)
Acados solver failed with status 4
Acados residuals [stat, eq, ineq, comp]: [100.        0.        0.01138   0.     ]
Acados SQP iterations: 1
RMPCC-MF diagnostics captured before infeasibility recovery.
RMPCC-MF failed-iterate infeasibility candidates:
  - {'constraint': 'row_g_hard_guard', 'stages': array([ 1,  2,  3,  4,  5,  6,  7,  8,  9, 10, 11, 12, 13, 14, 15, 16, 17,
       18, 19, 20]), 'minimum_residual': -0.01137515327334404}
RMPCC-MF inactive Row M stages are trivially feasible.
RMPCC-MF minimum box residuals [state | input]: 3.9e-08 | 0.0
SQP_RTI solver failed with status 4. Starting infeasible recovery.
Backup solver is unavailable; falling back to safe stop.
Applied nominal_safe_controller safe-stop plan after infeasible RMPCC-MF solve.
[RMPCC 0401] SAFE_STOP solve=225.8ms pose=(1.134,0.594,0.632) u=(0.000,0.000) s=1.344 PSDFmin=-0.01038 G=FAIL(-0.01138) MF=inactive(active=0/20)
Acados solver failed with status 4
Acados residuals [stat, eq, ineq, comp]: [100.        0.        0.01138   0.     ]
Acados SQP iterations: 1
RMPCC-MF diagnostics captured before infeasibility recovery.
RMPCC-MF failed-iterate infeasibility candidates:
  - {'constraint': 'row_g_hard_guard', 'stages': array([ 1,  2,  3,  4,  5,  6,  7,  8,  9, 10, 11, 12, 13, 14, 15, 16, 17,
       18, 19, 20]), 'minimum_residual': -0.01137515327334404}
RMPCC-MF inactive Row M stages are trivially feasible.
RMPCC-MF minimum box residuals [state | input]: 3.9e-08 | 0.0
SQP_RTI solver failed with status 4. Starting infeasible recovery.
Backup solver is unavailable; falling back to safe stop.
Applied nominal_safe_controller safe-stop plan after infeasible RMPCC-MF solve.
[RMPCC 0402] SAFE_STOP solve=277.9ms pose=(1.134,0.594,0.632) u=(0.000,0.000) s=1.344 PSDFmin=-0.01038 G=FAIL(-0.01138) MF=inactive(active=0/20)
Acados solver failed with status 4
Acados residuals [stat, eq, ineq, comp]: [100.        0.        0.01138   0.     ]
Acados SQP iterations: 1
RMPCC-MF diagnostics captured before infeasibility recovery.
RMPCC-MF failed-iterate infeasibility candidates:
  - {'constraint': 'row_g_hard_guard', 'stages': array([ 1,  2,  3,  4,  5,  6,  7,  8,  9, 10, 11, 12, 13, 14, 15, 16, 17,
       18, 19, 20]), 'minimum_residual': -0.01137515327334404}
RMPCC-MF inactive Row M stages are trivially feasible.
RMPCC-MF minimum box residuals [state | input]: 3.9e-08 | 0.0
SQP_RTI solver failed with status 4. Starting infeasible recovery.
Backup solver is unavailable; falling back to safe stop.
Applied nominal_safe_controller safe-stop plan after infeasible RMPCC-MF solve.
[RMPCC 0403] SAFE_STOP solve=233.3ms pose=(1.134,0.594,0.632) u=(0.000,0.000) s=1.344 PSDFmin=-0.01038 G=FAIL(-0.01138) MF=inactive(active=0/20)
Acados solver failed with status 4
Acados residuals [stat, eq, ineq, comp]: [100.        0.        0.01138   0.     ]
Acados SQP iterations: 1
RMPCC-MF diagnostics captured before infeasibility recovery.
RMPCC-MF failed-iterate infeasibility candidates:
  - {'constraint': 'row_g_hard_guard', 'stages': array([ 1,  2,  3,  4,  5,  6,  7,  8,  9, 10, 11, 12, 13, 14, 15, 16, 17,
       18, 19, 20]), 'minimum_residual': -0.01137515327334404}
RMPCC-MF inactive Row M stages are trivially feasible.
RMPCC-MF minimum box residuals [state | input]: 3.9e-08 | 0.0
SQP_RTI solver failed with status 4. Starting infeasible recovery.
Backup solver is unavailable; falling back to safe stop.
Applied nominal_safe_controller safe-stop plan after infeasible RMPCC-MF solve.
[RMPCC 0404] SAFE_STOP solve=219.2ms pose=(1.134,0.594,0.632) u=(0.000,0.000) s=1.344 PSDFmin=-0.01038 G=FAIL(-0.01138) MF=inactive(active=0/20)
Acados solver failed with status 4
Acados residuals [stat, eq, ineq, comp]: [100.        0.        0.01138   0.     ]
Acados SQP iterations: 1
RMPCC-MF diagnostics captured before infeasibility recovery.
RMPCC-MF failed-iterate infeasibility candidates:
  - {'constraint': 'row_g_hard_guard', 'stages': array([ 1,  2,  3,  4,  5,  6,  7,  8,  9, 10, 11, 12, 13, 14, 15, 16, 17,
       18, 19, 20]), 'minimum_residual': -0.01137515327334404}
RMPCC-MF inactive Row M stages are trivially feasible.
RMPCC-MF minimum box residuals [state | input]: 3.9e-08 | 0.0
SQP_RTI solver failed with status 4. Starting infeasible recovery.
Backup solver is unavailable; falling back to safe stop.
Applied nominal_safe_controller safe-stop plan after infeasible RMPCC-MF solve.
[RMPCC 0405] SAFE_STOP solve=232.5ms pose=(1.134,0.594,0.632) u=(0.000,0.000) s=1.344 PSDFmin=-0.01038 G=FAIL(-0.01138) MF=inactive(active=0/20)
Acados solver failed with status 4
Acados residuals [stat, eq, ineq, comp]: [100.        0.        0.01138   0.     ]
Acados SQP iterations: 1
RMPCC-MF diagnostics captured before infeasibility recovery.
RMPCC-MF failed-iterate infeasibility candidates:
  - {'constraint': 'row_g_hard_guard', 'stages': array([ 1,  2,  3,  4,  5,  6,  7,  8,  9, 10, 11, 12, 13, 14, 15, 16, 17,
       18, 19, 20]), 'minimum_residual': -0.01137515327334404}
RMPCC-MF inactive Row M stages are trivially feasible.
RMPCC-MF minimum box residuals [state | input]: 3.9e-08 | 0.0
SQP_RTI solver failed with status 4. Starting infeasible recovery.
Backup solver is unavailable; falling back to safe stop.
Applied nominal_safe_controller safe-stop plan after infeasible RMPCC-MF solve.
[RMPCC 0406] SAFE_STOP solve=233.8ms pose=(1.134,0.594,0.632) u=(0.000,0.000) s=1.344 PSDFmin=-0.01038 G=FAIL(-0.01138) MF=inactive(active=0/20)
Acados solver failed with status 4
Acados residuals [stat, eq, ineq, comp]: [100.        0.        0.01138   0.     ]
Acados SQP iterations: 1
RMPCC-MF diagnostics captured before infeasibility recovery.
RMPCC-MF failed-iterate infeasibility candidates:
  - {'constraint': 'row_g_hard_guard', 'stages': array([ 1,  2,  3,  4,  5,  6,  7,  8,  9, 10, 11, 12, 13, 14, 15, 16, 17,
       18, 19, 20]), 'minimum_residual': -0.01137515327334404}
RMPCC-MF inactive Row M stages are trivially feasible.
RMPCC-MF minimum box residuals [state | input]: 3.9e-08 | 0.0
SQP_RTI solver failed with status 4. Starting infeasible recovery.
Backup solver is unavailable; falling back to safe stop.
Applied nominal_safe_controller safe-stop plan after infeasible RMPCC-MF solve.
[RMPCC 0407] SAFE_STOP solve=230.3ms pose=(1.134,0.594,0.632) u=(0.000,0.000) s=1.344 PSDFmin=-0.01038 G=FAIL(-0.01138) MF=inactive(active=0/20)
Acados solver failed with status 4
Acados residuals [stat, eq, ineq, comp]: [100.        0.        0.01138   0.     ]
Acados SQP iterations: 1
RMPCC-MF diagnostics captured before infeasibility recovery.
RMPCC-MF failed-iterate infeasibility candidates:
  - {'constraint': 'row_g_hard_guard', 'stages': array([ 1,  2,  3,  4,  5,  6,  7,  8,  9, 10, 11, 12, 13, 14, 15, 16, 17,
       18, 19, 20]), 'minimum_residual': -0.01137515327334404}
RMPCC-MF inactive Row M stages are trivially feasible.
RMPCC-MF minimum box residuals [state | input]: 3.9e-08 | 0.0
SQP_RTI solver failed with status 4. Starting infeasible recovery.
Backup solver is unavailable; falling back to safe stop.
Applied nominal_safe_controller safe-stop plan after infeasible RMPCC-MF solve.
[RMPCC 0408] SAFE_STOP solve=224.7ms pose=(1.134,0.594,0.632) u=(0.000,0.000) s=1.344 PSDFmin=-0.01038 G=FAIL(-0.01138) MF=inactive(active=0/20)
Acados solver failed with status 4
Acados residuals [stat, eq, ineq, comp]: [100.        0.        0.01138   0.     ]
Acados SQP iterations: 1
RMPCC-MF diagnostics captured before infeasibility recovery.
RMPCC-MF failed-iterate infeasibility candidates:
  - {'constraint': 'row_g_hard_guard', 'stages': array([ 1,  2,  3,  4,  5,  6,  7,  8,  9, 10, 11, 12, 13, 14, 15, 16, 17,
       18, 19, 20]), 'minimum_residual': -0.01137515327334404}
RMPCC-MF inactive Row M stages are trivially feasible.
RMPCC-MF minimum box residuals [state | input]: 3.9e-08 | 0.0
SQP_RTI solver failed with status 4. Starting infeasible recovery.
Backup solver is unavailable; falling back to safe stop.
Applied nominal_safe_controller safe-stop plan after infeasible RMPCC-MF solve.
[RMPCC 0409] SAFE_STOP solve=249.3ms pose=(1.134,0.594,0.632) u=(0.000,0.000) s=1.344 PSDFmin=-0.01038 G=FAIL(-0.01138) MF=inactive(active=0/20)
Acados solver failed with status 4
Acados residuals [stat, eq, ineq, comp]: [100.        0.        0.01138   0.     ]
Acados SQP iterations: 1
RMPCC-MF diagnostics captured before infeasibility recovery.
RMPCC-MF failed-iterate infeasibility candidates:
  - {'constraint': 'row_g_hard_guard', 'stages': array([ 1,  2,  3,  4,  5,  6,  7,  8,  9, 10, 11, 12, 13, 14, 15, 16, 17,
       18, 19, 20]), 'minimum_residual': -0.01137515327334404}
RMPCC-MF inactive Row M stages are trivially feasible.
RMPCC-MF minimum box residuals [state | input]: 3.9e-08 | 0.0
SQP_RTI solver failed with status 4. Starting infeasible recovery.
Backup solver is unavailable; falling back to safe stop.
Applied nominal_safe_controller safe-stop plan after infeasible RMPCC-MF solve.
[RMPCC 0410] SAFE_STOP solve=222.8ms pose=(1.134,0.594,0.632) u=(0.000,0.000) s=1.344 PSDFmin=-0.01038 G=FAIL(-0.01138) MF=inactive(active=0/20)
Acados solver failed with status 4
Acados residuals [stat, eq, ineq, comp]: [100.        0.        0.01138   0.     ]
Acados SQP iterations: 1
RMPCC-MF diagnostics captured before infeasibility recovery.
RMPCC-MF failed-iterate infeasibility candidates:
  - {'constraint': 'row_g_hard_guard', 'stages': array([ 1,  2,  3,  4,  5,  6,  7,  8,  9, 10, 11, 12, 13, 14, 15, 16, 17,
       18, 19, 20]), 'minimum_residual': -0.01137515327334404}
RMPCC-MF inactive Row M stages are trivially feasible.
RMPCC-MF minimum box residuals [state | input]: 3.9e-08 | 0.0
SQP_RTI solver failed with status 4. Starting infeasible recovery.
Backup solver is unavailable; falling back to safe stop.
Applied nominal_safe_controller safe-stop plan after infeasible RMPCC-MF solve.
[RMPCC 0411] SAFE_STOP solve=232.7ms pose=(1.134,0.594,0.632) u=(0.000,0.000) s=1.344 PSDFmin=-0.01038 G=FAIL(-0.01138) MF=inactive(active=0/20)
Acados solver failed with status 4
Acados residuals [stat, eq, ineq, comp]: [100.        0.        0.01138   0.     ]
Acados SQP iterations: 1
RMPCC-MF diagnostics captured before infeasibility recovery.
RMPCC-MF failed-iterate infeasibility candidates:
  - {'constraint': 'row_g_hard_guard', 'stages': array([ 1,  2,  3,  4,  5,  6,  7,  8,  9, 10, 11, 12, 13, 14, 15, 16, 17,
       18, 19, 20]), 'minimum_residual': -0.01137515327334404}
RMPCC-MF inactive Row M stages are trivially feasible.
RMPCC-MF minimum box residuals [state | input]: 3.9e-08 | 0.0
SQP_RTI solver failed with status 4. Starting infeasible recovery.
Backup solver is unavailable; falling back to safe stop.
Applied nominal_safe_controller safe-stop plan after infeasible RMPCC-MF solve.
[RMPCC 0412] SAFE_STOP solve=231.8ms pose=(1.134,0.594,0.632) u=(0.000,0.000) s=1.344 PSDFmin=-0.01038 G=FAIL(-0.01138) MF=inactive(active=0/20)
Acados solver failed with status 4
Acados residuals [stat, eq, ineq, comp]: [100.        0.        0.01138   0.     ]
Acados SQP iterations: 1
RMPCC-MF diagnostics captured before infeasibility recovery.
RMPCC-MF failed-iterate infeasibility candidates:
  - {'constraint': 'row_g_hard_guard', 'stages': array([ 1,  2,  3,  4,  5,  6,  7,  8,  9, 10, 11, 12, 13, 14, 15, 16, 17,
       18, 19, 20]), 'minimum_residual': -0.01137515327334404}
RMPCC-MF inactive Row M stages are trivially feasible.
RMPCC-MF minimum box residuals [state | input]: 3.9e-08 | 0.0
SQP_RTI solver failed with status 4. Starting infeasible recovery.
Backup solver is unavailable; falling back to safe stop.
Applied nominal_safe_controller safe-stop plan after infeasible RMPCC-MF solve.
[RMPCC 0413] SAFE_STOP solve=225.2ms pose=(1.134,0.594,0.632) u=(0.000,0.000) s=1.344 PSDFmin=-0.01038 G=FAIL(-0.01138) MF=inactive(active=0/20)
Acados solver failed with status 4
Acados residuals [stat, eq, ineq, comp]: [100.        0.        0.01138   0.     ]
Acados SQP iterations: 1
RMPCC-MF diagnostics captured before infeasibility recovery.
RMPCC-MF failed-iterate infeasibility candidates:
  - {'constraint': 'row_g_hard_guard', 'stages': array([ 1,  2,  3,  4,  5,  6,  7,  8,  9, 10, 11, 12, 13, 14, 15, 16, 17,
       18, 19, 20]), 'minimum_residual': -0.01137515327334404}
RMPCC-MF inactive Row M stages are trivially feasible.
RMPCC-MF minimum box residuals [state | input]: 3.9e-08 | 0.0
SQP_RTI solver failed with status 4. Starting infeasible recovery.
Backup solver is unavailable; falling back to safe stop.
Applied nominal_safe_controller safe-stop plan after infeasible RMPCC-MF solve.
[RMPCC 0414] SAFE_STOP solve=255.8ms pose=(1.134,0.594,0.632) u=(0.000,0.000) s=1.344 PSDFmin=-0.01038 G=FAIL(-0.01138) MF=inactive(active=0/20)
Acados solver failed with status 4
Acados residuals [stat, eq, ineq, comp]: [100.        0.        0.01138   0.     ]
Acados SQP iterations: 1
RMPCC-MF diagnostics captured before infeasibility recovery.
RMPCC-MF failed-iterate infeasibility candidates:
  - {'constraint': 'row_g_hard_guard', 'stages': array([ 1,  2,  3,  4,  5,  6,  7,  8,  9, 10, 11, 12, 13, 14, 15, 16, 17,
       18, 19, 20]), 'minimum_residual': -0.01137515327334404}
RMPCC-MF inactive Row M stages are trivially feasible.
RMPCC-MF minimum box residuals [state | input]: 3.9e-08 | 0.0
SQP_RTI solver failed with status 4. Starting infeasible recovery.
Backup solver is unavailable; falling back to safe stop.
Applied nominal_safe_controller safe-stop plan after infeasible RMPCC-MF solve.
[RMPCC 0415] SAFE_STOP solve=242.1ms pose=(1.134,0.594,0.632) u=(0.000,0.000) s=1.344 PSDFmin=-0.01038 G=FAIL(-0.01138) MF=inactive(active=0/20)
Acados solver failed with status 4
Acados residuals [stat, eq, ineq, comp]: [100.        0.        0.01138   0.     ]
Acados SQP iterations: 1
RMPCC-MF diagnostics captured before infeasibility recovery.
RMPCC-MF failed-iterate infeasibility candidates:
  - {'constraint': 'row_g_hard_guard', 'stages': array([ 1,  2,  3,  4,  5,  6,  7,  8,  9, 10, 11, 12, 13, 14, 15, 16, 17,
       18, 19, 20]), 'minimum_residual': -0.01137515327334404}
RMPCC-MF inactive Row M stages are trivially feasible.
RMPCC-MF minimum box residuals [state | input]: 3.9e-08 | 0.0
SQP_RTI solver failed with status 4. Starting infeasible recovery.
Backup solver is unavailable; falling back to safe stop.
Applied nominal_safe_controller safe-stop plan after infeasible RMPCC-MF solve.
[RMPCC 0416] SAFE_STOP solve=230.7ms pose=(1.134,0.594,0.632) u=(0.000,0.000) s=1.344 PSDFmin=-0.01038 G=FAIL(-0.01138) MF=inactive(active=0/20)
Acados solver failed with status 4
Acados residuals [stat, eq, ineq, comp]: [100.        0.        0.01138   0.     ]
Acados SQP iterations: 1
RMPCC-MF diagnostics captured before infeasibility recovery.
RMPCC-MF failed-iterate infeasibility candidates:
  - {'constraint': 'row_g_hard_guard', 'stages': array([ 1,  2,  3,  4,  5,  6,  7,  8,  9, 10, 11, 12, 13, 14, 15, 16, 17,
       18, 19, 20]), 'minimum_residual': -0.01137515327334404}
RMPCC-MF inactive Row M stages are trivially feasible.
RMPCC-MF minimum box residuals [state | input]: 3.9e-08 | 0.0
SQP_RTI solver failed with status 4. Starting infeasible recovery.
Backup solver is unavailable; falling back to safe stop.
Applied nominal_safe_controller safe-stop plan after infeasible RMPCC-MF solve.
[RMPCC 0417] SAFE_STOP solve=235.6ms pose=(1.134,0.594,0.632) u=(0.000,0.000) s=1.344 PSDFmin=-0.01038 G=FAIL(-0.01138) MF=inactive(active=0/20)
Acados solver failed with status 4
Acados residuals [stat, eq, ineq, comp]: [100.        0.        0.01138   0.     ]
Acados SQP iterations: 1
RMPCC-MF diagnostics captured before infeasibility recovery.
RMPCC-MF failed-iterate infeasibility candidates:
  - {'constraint': 'row_g_hard_guard', 'stages': array([ 1,  2,  3,  4,  5,  6,  7,  8,  9, 10, 11, 12, 13, 14, 15, 16, 17,
       18, 19, 20]), 'minimum_residual': -0.01137515327334404}
RMPCC-MF inactive Row M stages are trivially feasible.
RMPCC-MF minimum box residuals [state | input]: 3.9e-08 | 0.0
SQP_RTI solver failed with status 4. Starting infeasible recovery.
Backup solver is unavailable; falling back to safe stop.
Applied nominal_safe_controller safe-stop plan after infeasible RMPCC-MF solve.
[RMPCC 0418] SAFE_STOP solve=226.9ms pose=(1.134,0.594,0.632) u=(0.000,0.000) s=1.344 PSDFmin=-0.01038 G=FAIL(-0.01138) MF=inactive(active=0/20)
Acados solver failed with status 4
Acados residuals [stat, eq, ineq, comp]: [100.        0.        0.01138   0.     ]
Acados SQP iterations: 1
RMPCC-MF diagnostics captured before infeasibility recovery.
RMPCC-MF failed-iterate infeasibility candidates:
  - {'constraint': 'row_g_hard_guard', 'stages': array([ 1,  2,  3,  4,  5,  6,  7,  8,  9, 10, 11, 12, 13, 14, 15, 16, 17,
       18, 19, 20]), 'minimum_residual': -0.01137515327334404}
RMPCC-MF inactive Row M stages are trivially feasible.
RMPCC-MF minimum box residuals [state | input]: 3.9e-08 | 0.0
SQP_RTI solver failed with status 4. Starting infeasible recovery.
Backup solver is unavailable; falling back to safe stop.
Applied nominal_safe_controller safe-stop plan after infeasible RMPCC-MF solve.
[RMPCC 0419] SAFE_STOP solve=219.7ms pose=(1.134,0.594,0.632) u=(0.000,0.000) s=1.344 PSDFmin=-0.01038 G=FAIL(-0.01138) MF=inactive(active=0/20)
Acados solver failed with status 4
Acados residuals [stat, eq, ineq, comp]: [100.        0.        0.01138   0.     ]
Acados SQP iterations: 1
RMPCC-MF diagnostics captured before infeasibility recovery.
RMPCC-MF failed-iterate infeasibility candidates:
  - {'constraint': 'row_g_hard_guard', 'stages': array([ 1,  2,  3,  4,  5,  6,  7,  8,  9, 10, 11, 12, 13, 14, 15, 16, 17,
       18, 19, 20]), 'minimum_residual': -0.01137515327334404}
RMPCC-MF inactive Row M stages are trivially feasible.
RMPCC-MF minimum box residuals [state | input]: 3.9e-08 | 0.0
SQP_RTI solver failed with status 4. Starting infeasible recovery.
Backup solver is unavailable; falling back to safe stop.
Applied nominal_safe_controller safe-stop plan after infeasible RMPCC-MF solve.
[RMPCC 0420] SAFE_STOP solve=235.7ms pose=(1.134,0.594,0.632) u=(0.000,0.000) s=1.344 PSDFmin=-0.01038 G=FAIL(-0.01138) MF=inactive(active=0/20)
Acados solver failed with status 4
Acados residuals [stat, eq, ineq, comp]: [100.        0.        0.01138   0.     ]
Acados SQP iterations: 1
RMPCC-MF diagnostics captured before infeasibility recovery.
RMPCC-MF failed-iterate infeasibility candidates:
  - {'constraint': 'row_g_hard_guard', 'stages': array([ 1,  2,  3,  4,  5,  6,  7,  8,  9, 10, 11, 12, 13, 14, 15, 16, 17,
       18, 19, 20]), 'minimum_residual': -0.01137515327334404}
RMPCC-MF inactive Row M stages are trivially feasible.
RMPCC-MF minimum box residuals [state | input]: 3.9e-08 | 0.0
SQP_RTI solver failed with status 4. Starting infeasible recovery.
Backup solver is unavailable; falling back to safe stop.
Applied nominal_safe_controller safe-stop plan after infeasible RMPCC-MF solve.
[RMPCC 0421] SAFE_STOP solve=222.7ms pose=(1.134,0.594,0.632) u=(0.000,0.000) s=1.344 PSDFmin=-0.01038 G=FAIL(-0.01138) MF=inactive(active=0/20)
Acados solver failed with status 4
Acados residuals [stat, eq, ineq, comp]: [100.        0.        0.01138   0.     ]
Acados SQP iterations: 1
RMPCC-MF diagnostics captured before infeasibility recovery.
RMPCC-MF failed-iterate infeasibility candidates:
  - {'constraint': 'row_g_hard_guard', 'stages': array([ 1,  2,  3,  4,  5,  6,  7,  8,  9, 10, 11, 12, 13, 14, 15, 16, 17,
       18, 19, 20]), 'minimum_residual': -0.01137515327334404}
RMPCC-MF inactive Row M stages are trivially feasible.
RMPCC-MF minimum box residuals [state | input]: 3.9e-08 | 0.0
SQP_RTI solver failed with status 4. Starting infeasible recovery.
Backup solver is unavailable; falling back to safe stop.
Applied nominal_safe_controller safe-stop plan after infeasible RMPCC-MF solve.
[RMPCC 0422] SAFE_STOP solve=230.4ms pose=(1.134,0.594,0.632) u=(0.000,0.000) s=1.344 PSDFmin=-0.01038 G=FAIL(-0.01138) MF=inactive(active=0/20)
Acados solver failed with status 4
Acados residuals [stat, eq, ineq, comp]: [100.        0.        0.01138   0.     ]
Acados SQP iterations: 1
RMPCC-MF diagnostics captured before infeasibility recovery.
RMPCC-MF failed-iterate infeasibility candidates:
  - {'constraint': 'row_g_hard_guard', 'stages': array([ 1,  2,  3,  4,  5,  6,  7,  8,  9, 10, 11, 12, 13, 14, 15, 16, 17,
       18, 19, 20]), 'minimum_residual': -0.01137515327334404}
RMPCC-MF inactive Row M stages are trivially feasible.
RMPCC-MF minimum box residuals [state | input]: 3.9e-08 | 0.0
SQP_RTI solver failed with status 4. Starting infeasible recovery.
Backup solver is unavailable; falling back to safe stop.
Applied nominal_safe_controller safe-stop plan after infeasible RMPCC-MF solve.
[RMPCC 0423] SAFE_STOP solve=247.3ms pose=(1.134,0.594,0.632) u=(0.000,0.000) s=1.344 PSDFmin=-0.01038 G=FAIL(-0.01138) MF=inactive(active=0/20)
Acados solver failed with status 4
Acados residuals [stat, eq, ineq, comp]: [100.        0.        0.01138   0.     ]
Acados SQP iterations: 1
RMPCC-MF diagnostics captured before infeasibility recovery.
RMPCC-MF failed-iterate infeasibility candidates:
  - {'constraint': 'row_g_hard_guard', 'stages': array([ 1,  2,  3,  4,  5,  6,  7,  8,  9, 10, 11, 12, 13, 14, 15, 16, 17,
       18, 19, 20]), 'minimum_residual': -0.01137515327334404}
RMPCC-MF inactive Row M stages are trivially feasible.
RMPCC-MF minimum box residuals [state | input]: 3.9e-08 | 0.0
SQP_RTI solver failed with status 4. Starting infeasible recovery.
Backup solver is unavailable; falling back to safe stop.
Applied nominal_safe_controller safe-stop plan after infeasible RMPCC-MF solve.
[RMPCC 0424] SAFE_STOP solve=225.1ms pose=(1.134,0.594,0.632) u=(0.000,0.000) s=1.344 PSDFmin=-0.01038 G=FAIL(-0.01138) MF=inactive(active=0/20)
Acados solver failed with status 4
Acados residuals [stat, eq, ineq, comp]: [100.        0.        0.01138   0.     ]
Acados SQP iterations: 1
RMPCC-MF diagnostics captured before infeasibility recovery.
RMPCC-MF failed-iterate infeasibility candidates:
  - {'constraint': 'row_g_hard_guard', 'stages': array([ 1,  2,  3,  4,  5,  6,  7,  8,  9, 10, 11, 12, 13, 14, 15, 16, 17,
       18, 19, 20]), 'minimum_residual': -0.01137515327334404}
RMPCC-MF inactive Row M stages are trivially feasible.
RMPCC-MF minimum box residuals [state | input]: 3.9e-08 | 0.0
SQP_RTI solver failed with status 4. Starting infeasible recovery.
Backup solver is unavailable; falling back to safe stop.
Applied nominal_safe_controller safe-stop plan after infeasible RMPCC-MF solve.
[RMPCC 0425] SAFE_STOP solve=226.4ms pose=(1.134,0.594,0.632) u=(0.000,0.000) s=1.344 PSDFmin=-0.01038 G=FAIL(-0.01138) MF=inactive(active=0/20)
Acados solver failed with status 4
Acados residuals [stat, eq, ineq, comp]: [100.        0.        0.01138   0.     ]
Acados SQP iterations: 1
RMPCC-MF diagnostics captured before infeasibility recovery.
RMPCC-MF failed-iterate infeasibility candidates:
  - {'constraint': 'row_g_hard_guard', 'stages': array([ 1,  2,  3,  4,  5,  6,  7,  8,  9, 10, 11, 12, 13, 14, 15, 16, 17,
       18, 19, 20]), 'minimum_residual': -0.01137515327334404}
RMPCC-MF inactive Row M stages are trivially feasible.
RMPCC-MF minimum box residuals [state | input]: 3.9e-08 | 0.0
SQP_RTI solver failed with status 4. Starting infeasible recovery.
Backup solver is unavailable; falling back to safe stop.
Applied nominal_safe_controller safe-stop plan after infeasible RMPCC-MF solve.
[RMPCC 0426] SAFE_STOP solve=234.7ms pose=(1.134,0.594,0.632) u=(0.000,0.000) s=1.344 PSDFmin=-0.01038 G=FAIL(-0.01138) MF=inactive(active=0/20)
Acados solver failed with status 4
Acados residuals [stat, eq, ineq, comp]: [100.        0.        0.01138   0.     ]
Acados SQP iterations: 1
RMPCC-MF diagnostics captured before infeasibility recovery.
RMPCC-MF failed-iterate infeasibility candidates:
  - {'constraint': 'row_g_hard_guard', 'stages': array([ 1,  2,  3,  4,  5,  6,  7,  8,  9, 10, 11, 12, 13, 14, 15, 16, 17,
       18, 19, 20]), 'minimum_residual': -0.01137515327334404}
RMPCC-MF inactive Row M stages are trivially feasible.
RMPCC-MF minimum box residuals [state | input]: 3.9e-08 | 0.0
SQP_RTI solver failed with status 4. Starting infeasible recovery.
Backup solver is unavailable; falling back to safe stop.
Applied nominal_safe_controller safe-stop plan after infeasible RMPCC-MF solve.
[RMPCC 0427] SAFE_STOP solve=237.3ms pose=(1.134,0.594,0.632) u=(0.000,0.000) s=1.344 PSDFmin=-0.01038 G=FAIL(-0.01138) MF=inactive(active=0/20)
Acados solver failed with status 4
Acados residuals [stat, eq, ineq, comp]: [100.        0.        0.01138   0.     ]
Acados SQP iterations: 1
RMPCC-MF diagnostics captured before infeasibility recovery.
RMPCC-MF failed-iterate infeasibility candidates:
  - {'constraint': 'row_g_hard_guard', 'stages': array([ 1,  2,  3,  4,  5,  6,  7,  8,  9, 10, 11, 12, 13, 14, 15, 16, 17,
       18, 19, 20]), 'minimum_residual': -0.01137515327334404}
RMPCC-MF inactive Row M stages are trivially feasible.
RMPCC-MF minimum box residuals [state | input]: 3.9e-08 | 0.0
SQP_RTI solver failed with status 4. Starting infeasible recovery.
Backup solver is unavailable; falling back to safe stop.
Applied nominal_safe_controller safe-stop plan after infeasible RMPCC-MF solve.
[RMPCC 0428] SAFE_STOP solve=225.5ms pose=(1.134,0.594,0.632) u=(0.000,0.000) s=1.344 PSDFmin=-0.01038 G=FAIL(-0.01138) MF=inactive(active=0/20)
Acados solver failed with status 4
Acados residuals [stat, eq, ineq, comp]: [100.        0.        0.01138   0.     ]
Acados SQP iterations: 1
RMPCC-MF diagnostics captured before infeasibility recovery.
RMPCC-MF failed-iterate infeasibility candidates:
  - {'constraint': 'row_g_hard_guard', 'stages': array([ 1,  2,  3,  4,  5,  6,  7,  8,  9, 10, 11, 12, 13, 14, 15, 16, 17,
       18, 19, 20]), 'minimum_residual': -0.01137515327334404}
RMPCC-MF inactive Row M stages are trivially feasible.
RMPCC-MF minimum box residuals [state | input]: 3.9e-08 | 0.0
SQP_RTI solver failed with status 4. Starting infeasible recovery.
Backup solver is unavailable; falling back to safe stop.
Applied nominal_safe_controller safe-stop plan after infeasible RMPCC-MF solve.
[RMPCC 0429] SAFE_STOP solve=230.7ms pose=(1.134,0.594,0.632) u=(0.000,0.000) s=1.344 PSDFmin=-0.01038 G=FAIL(-0.01138) MF=inactive(active=0/20)
Acados solver failed with status 4
Acados residuals [stat, eq, ineq, comp]: [100.        0.        0.01138   0.     ]
Acados SQP iterations: 1
RMPCC-MF diagnostics captured before infeasibility recovery.
RMPCC-MF failed-iterate infeasibility candidates:
  - {'constraint': 'row_g_hard_guard', 'stages': array([ 1,  2,  3,  4,  5,  6,  7,  8,  9, 10, 11, 12, 13, 14, 15, 16, 17,
       18, 19, 20]), 'minimum_residual': -0.01137515327334404}
RMPCC-MF inactive Row M stages are trivially feasible.
RMPCC-MF minimum box residuals [state | input]: 3.9e-08 | 0.0
SQP_RTI solver failed with status 4. Starting infeasible recovery.
Backup solver is unavailable; falling back to safe stop.
Applied nominal_safe_controller safe-stop plan after infeasible RMPCC-MF solve.
[RMPCC 0430] SAFE_STOP solve=227.2ms pose=(1.134,0.594,0.632) u=(0.000,0.000) s=1.344 PSDFmin=-0.01038 G=FAIL(-0.01138) MF=inactive(active=0/20)
Acados solver failed with status 4
Acados residuals [stat, eq, ineq, comp]: [100.        0.        0.01138   0.     ]
Acados SQP iterations: 1
RMPCC-MF diagnostics captured before infeasibility recovery.
RMPCC-MF failed-iterate infeasibility candidates:
  - {'constraint': 'row_g_hard_guard', 'stages': array([ 1,  2,  3,  4,  5,  6,  7,  8,  9, 10, 11, 12, 13, 14, 15, 16, 17,
       18, 19, 20]), 'minimum_residual': -0.01137515327334404}
RMPCC-MF inactive Row M stages are trivially feasible.
RMPCC-MF minimum box residuals [state | input]: 3.9e-08 | 0.0
SQP_RTI solver failed with status 4. Starting infeasible recovery.
Backup solver is unavailable; falling back to safe stop.
Applied nominal_safe_controller safe-stop plan after infeasible RMPCC-MF solve.
[RMPCC 0431] SAFE_STOP solve=246.1ms pose=(1.134,0.594,0.632) u=(0.000,0.000) s=1.344 PSDFmin=-0.01038 G=FAIL(-0.01138) MF=inactive(active=0/20)
Acados solver failed with status 4
Acados residuals [stat, eq, ineq, comp]: [100.        0.        0.01138   0.     ]
Acados SQP iterations: 1
RMPCC-MF diagnostics captured before infeasibility recovery.
RMPCC-MF failed-iterate infeasibility candidates:
  - {'constraint': 'row_g_hard_guard', 'stages': array([ 1,  2,  3,  4,  5,  6,  7,  8,  9, 10, 11, 12, 13, 14, 15, 16, 17,
       18, 19, 20]), 'minimum_residual': -0.01137515327334404}
RMPCC-MF inactive Row M stages are trivially feasible.
RMPCC-MF minimum box residuals [state | input]: 3.9e-08 | 0.0
SQP_RTI solver failed with status 4. Starting infeasible recovery.
Backup solver is unavailable; falling back to safe stop.
Applied nominal_safe_controller safe-stop plan after infeasible RMPCC-MF solve.
[RMPCC 0432] SAFE_STOP solve=229.7ms pose=(1.134,0.594,0.632) u=(0.000,0.000) s=1.344 PSDFmin=-0.01038 G=FAIL(-0.01138) MF=inactive(active=0/20)
Acados solver failed with status 4
Acados residuals [stat, eq, ineq, comp]: [100.        0.        0.01138   0.     ]
Acados SQP iterations: 1
RMPCC-MF diagnostics captured before infeasibility recovery.
RMPCC-MF failed-iterate infeasibility candidates:
  - {'constraint': 'row_g_hard_guard', 'stages': array([ 1,  2,  3,  4,  5,  6,  7,  8,  9, 10, 11, 12, 13, 14, 15, 16, 17,
       18, 19, 20]), 'minimum_residual': -0.01137515327334404}
RMPCC-MF inactive Row M stages are trivially feasible.
RMPCC-MF minimum box residuals [state | input]: 3.9e-08 | 0.0
SQP_RTI solver failed with status 4. Starting infeasible recovery.
Backup solver is unavailable; falling back to safe stop.
Applied nominal_safe_controller safe-stop plan after infeasible RMPCC-MF solve.
[RMPCC 0433] SAFE_STOP solve=232.0ms pose=(1.134,0.594,0.632) u=(0.000,0.000) s=1.344 PSDFmin=-0.01038 G=FAIL(-0.01138) MF=inactive(active=0/20)
Acados solver failed with status 4
Acados residuals [stat, eq, ineq, comp]: [100.        0.        0.01138   0.     ]
Acados SQP iterations: 1
RMPCC-MF diagnostics captured before infeasibility recovery.
RMPCC-MF failed-iterate infeasibility candidates:
  - {'constraint': 'row_g_hard_guard', 'stages': array([ 1,  2,  3,  4,  5,  6,  7,  8,  9, 10, 11, 12, 13, 14, 15, 16, 17,
       18, 19, 20]), 'minimum_residual': -0.01137515327334404}
RMPCC-MF inactive Row M stages are trivially feasible.
RMPCC-MF minimum box residuals [state | input]: 3.9e-08 | 0.0
SQP_RTI solver failed with status 4. Starting infeasible recovery.
Backup solver is unavailable; falling back to safe stop.
Applied nominal_safe_controller safe-stop plan after infeasible RMPCC-MF solve.
[RMPCC 0434] SAFE_STOP solve=238.3ms pose=(1.134,0.594,0.632) u=(0.000,0.000) s=1.344 PSDFmin=-0.01038 G=FAIL(-0.01138) MF=inactive(active=0/20)
Acados solver failed with status 4
Acados residuals [stat, eq, ineq, comp]: [100.        0.        0.01138   0.     ]
Acados SQP iterations: 1
RMPCC-MF diagnostics captured before infeasibility recovery.
RMPCC-MF failed-iterate infeasibility candidates:
  - {'constraint': 'row_g_hard_guard', 'stages': array([ 1,  2,  3,  4,  5,  6,  7,  8,  9, 10, 11, 12, 13, 14, 15, 16, 17,
       18, 19, 20]), 'minimum_residual': -0.01137515327334404}
RMPCC-MF inactive Row M stages are trivially feasible.
RMPCC-MF minimum box residuals [state | input]: 3.9e-08 | 0.0
SQP_RTI solver failed with status 4. Starting infeasible recovery.
Backup solver is unavailable; falling back to safe stop.
Applied nominal_safe_controller safe-stop plan after infeasible RMPCC-MF solve.
[RMPCC 0435] SAFE_STOP solve=224.0ms pose=(1.134,0.594,0.632) u=(0.000,0.000) s=1.344 PSDFmin=-0.01038 G=FAIL(-0.01138) MF=inactive(active=0/20)
Acados solver failed with status 4
Acados residuals [stat, eq, ineq, comp]: [100.        0.        0.01138   0.     ]
Acados SQP iterations: 1
RMPCC-MF diagnostics captured before infeasibility recovery.
RMPCC-MF failed-iterate infeasibility candidates:
  - {'constraint': 'row_g_hard_guard', 'stages': array([ 1,  2,  3,  4,  5,  6,  7,  8,  9, 10, 11, 12, 13, 14, 15, 16, 17,
       18, 19, 20]), 'minimum_residual': -0.01137515327334404}
RMPCC-MF inactive Row M stages are trivially feasible.
RMPCC-MF minimum box residuals [state | input]: 3.9e-08 | 0.0
SQP_RTI solver failed with status 4. Starting infeasible recovery.
Backup solver is unavailable; falling back to safe stop.
Applied nominal_safe_controller safe-stop plan after infeasible RMPCC-MF solve.
[RMPCC 0436] SAFE_STOP solve=237.7ms pose=(1.134,0.594,0.632) u=(0.000,0.000) s=1.344 PSDFmin=-0.01038 G=FAIL(-0.01138) MF=inactive(active=0/20)
Acados solver failed with status 4
Acados residuals [stat, eq, ineq, comp]: [100.        0.        0.01138   0.     ]
Acados SQP iterations: 1
RMPCC-MF diagnostics captured before infeasibility recovery.
RMPCC-MF failed-iterate infeasibility candidates:
  - {'constraint': 'row_g_hard_guard', 'stages': array([ 1,  2,  3,  4,  5,  6,  7,  8,  9, 10, 11, 12, 13, 14, 15, 16, 17,
       18, 19, 20]), 'minimum_residual': -0.01137515327334404}
RMPCC-MF inactive Row M stages are trivially feasible.
RMPCC-MF minimum box residuals [state | input]: 3.9e-08 | 0.0
SQP_RTI solver failed with status 4. Starting infeasible recovery.
Backup solver is unavailable; falling back to safe stop.
Applied nominal_safe_controller safe-stop plan after infeasible RMPCC-MF solve.
[RMPCC 0437] SAFE_STOP solve=224.7ms pose=(1.134,0.594,0.632) u=(0.000,0.000) s=1.344 PSDFmin=-0.01038 G=FAIL(-0.01138) MF=inactive(active=0/20)
Acados solver failed with status 4
Acados residuals [stat, eq, ineq, comp]: [100.        0.        0.01138   0.     ]
Acados SQP iterations: 1
RMPCC-MF diagnostics captured before infeasibility recovery.
RMPCC-MF failed-iterate infeasibility candidates:
  - {'constraint': 'row_g_hard_guard', 'stages': array([ 1,  2,  3,  4,  5,  6,  7,  8,  9, 10, 11, 12, 13, 14, 15, 16, 17,
       18, 19, 20]), 'minimum_residual': -0.01137515327334404}
RMPCC-MF inactive Row M stages are trivially feasible.
RMPCC-MF minimum box residuals [state | input]: 3.9e-08 | 0.0
SQP_RTI solver failed with status 4. Starting infeasible recovery.
Backup solver is unavailable; falling back to safe stop.
Applied nominal_safe_controller safe-stop plan after infeasible RMPCC-MF solve.
[RMPCC 0438] SAFE_STOP solve=225.8ms pose=(1.134,0.594,0.632) u=(0.000,0.000) s=1.344 PSDFmin=-0.01038 G=FAIL(-0.01138) MF=inactive(active=0/20)
Acados solver failed with status 4
Acados residuals [stat, eq, ineq, comp]: [100.        0.        0.01138   0.     ]
Acados SQP iterations: 1
RMPCC-MF diagnostics captured before infeasibility recovery.
RMPCC-MF failed-iterate infeasibility candidates:
  - {'constraint': 'row_g_hard_guard', 'stages': array([ 1,  2,  3,  4,  5,  6,  7,  8,  9, 10, 11, 12, 13, 14, 15, 16, 17,
       18, 19, 20]), 'minimum_residual': -0.01137515327334404}
RMPCC-MF inactive Row M stages are trivially feasible.
RMPCC-MF minimum box residuals [state | input]: 3.9e-08 | 0.0
SQP_RTI solver failed with status 4. Starting infeasible recovery.
Backup solver is unavailable; falling back to safe stop.
Applied nominal_safe_controller safe-stop plan after infeasible RMPCC-MF solve.
[RMPCC 0439] SAFE_STOP solve=220.9ms pose=(1.134,0.594,0.632) u=(0.000,0.000) s=1.344 PSDFmin=-0.01038 G=FAIL(-0.01138) MF=inactive(active=0/20)
Acados solver failed with status 4
Acados residuals [stat, eq, ineq, comp]: [100.        0.        0.01138   0.     ]
Acados SQP iterations: 1
RMPCC-MF diagnostics captured before infeasibility recovery.
RMPCC-MF failed-iterate infeasibility candidates:
  - {'constraint': 'row_g_hard_guard', 'stages': array([ 1,  2,  3,  4,  5,  6,  7,  8,  9, 10, 11, 12, 13, 14, 15, 16, 17,
       18, 19, 20]), 'minimum_residual': -0.01137515327334404}
RMPCC-MF inactive Row M stages are trivially feasible.
RMPCC-MF minimum box residuals [state | input]: 3.9e-08 | 0.0
SQP_RTI solver failed with status 4. Starting infeasible recovery.
Backup solver is unavailable; falling back to safe stop.
Applied nominal_safe_controller safe-stop plan after infeasible RMPCC-MF solve.
[RMPCC 0440] SAFE_STOP solve=237.3ms pose=(1.134,0.594,0.632) u=(0.000,0.000) s=1.344 PSDFmin=-0.01038 G=FAIL(-0.01138) MF=inactive(active=0/20)
Acados solver failed with status 4
Acados residuals [stat, eq, ineq, comp]: [100.        0.        0.01138   0.     ]
Acados SQP iterations: 1
RMPCC-MF diagnostics captured before infeasibility recovery.
RMPCC-MF failed-iterate infeasibility candidates:
  - {'constraint': 'row_g_hard_guard', 'stages': array([ 1,  2,  3,  4,  5,  6,  7,  8,  9, 10, 11, 12, 13, 14, 15, 16, 17,
       18, 19, 20]), 'minimum_residual': -0.01137515327334404}
RMPCC-MF inactive Row M stages are trivially feasible.
RMPCC-MF minimum box residuals [state | input]: 3.9e-08 | 0.0
SQP_RTI solver failed with status 4. Starting infeasible recovery.
Backup solver is unavailable; falling back to safe stop.
Applied nominal_safe_controller safe-stop plan after infeasible RMPCC-MF solve.
[RMPCC 0441] SAFE_STOP solve=220.1ms pose=(1.134,0.594,0.632) u=(0.000,0.000) s=1.344 PSDFmin=-0.01038 G=FAIL(-0.01138) MF=inactive(active=0/20)
Acados solver failed with status 4
Acados residuals [stat, eq, ineq, comp]: [100.        0.        0.01138   0.     ]
Acados SQP iterations: 1
RMPCC-MF diagnostics captured before infeasibility recovery.
RMPCC-MF failed-iterate infeasibility candidates:
  - {'constraint': 'row_g_hard_guard', 'stages': array([ 1,  2,  3,  4,  5,  6,  7,  8,  9, 10, 11, 12, 13, 14, 15, 16, 17,
       18, 19, 20]), 'minimum_residual': -0.01137515327334404}
RMPCC-MF inactive Row M stages are trivially feasible.
RMPCC-MF minimum box residuals [state | input]: 3.9e-08 | 0.0
SQP_RTI solver failed with status 4. Starting infeasible recovery.
Backup solver is unavailable; falling back to safe stop.
Applied nominal_safe_controller safe-stop plan after infeasible RMPCC-MF solve.
[RMPCC 0442] SAFE_STOP solve=222.9ms pose=(1.134,0.594,0.632) u=(0.000,0.000) s=1.344 PSDFmin=-0.01038 G=FAIL(-0.01138) MF=inactive(active=0/20)
Acados solver failed with status 4
Acados residuals [stat, eq, ineq, comp]: [100.        0.        0.01138   0.     ]
Acados SQP iterations: 1
RMPCC-MF diagnostics captured before infeasibility recovery.
RMPCC-MF failed-iterate infeasibility candidates:
  - {'constraint': 'row_g_hard_guard', 'stages': array([ 1,  2,  3,  4,  5,  6,  7,  8,  9, 10, 11, 12, 13, 14, 15, 16, 17,
       18, 19, 20]), 'minimum_residual': -0.01137515327334404}
RMPCC-MF inactive Row M stages are trivially feasible.
RMPCC-MF minimum box residuals [state | input]: 3.9e-08 | 0.0
SQP_RTI solver failed with status 4. Starting infeasible recovery.
Backup solver is unavailable; falling back to safe stop.
Applied nominal_safe_controller safe-stop plan after infeasible RMPCC-MF solve.
[RMPCC 0443] SAFE_STOP solve=232.2ms pose=(1.134,0.594,0.632) u=(0.000,0.000) s=1.344 PSDFmin=-0.01038 G=FAIL(-0.01138) MF=inactive(active=0/20)
Acados solver failed with status 4
Acados residuals [stat, eq, ineq, comp]: [100.        0.        0.01138   0.     ]
Acados SQP iterations: 1
RMPCC-MF diagnostics captured before infeasibility recovery.
RMPCC-MF failed-iterate infeasibility candidates:
  - {'constraint': 'row_g_hard_guard', 'stages': array([ 1,  2,  3,  4,  5,  6,  7,  8,  9, 10, 11, 12, 13, 14, 15, 16, 17,
       18, 19, 20]), 'minimum_residual': -0.01137515327334404}
RMPCC-MF inactive Row M stages are trivially feasible.
RMPCC-MF minimum box residuals [state | input]: 3.9e-08 | 0.0
SQP_RTI solver failed with status 4. Starting infeasible recovery.
Backup solver is unavailable; falling back to safe stop.
Applied nominal_safe_controller safe-stop plan after infeasible RMPCC-MF solve.
[RMPCC 0444] SAFE_STOP solve=221.5ms pose=(1.134,0.594,0.632) u=(0.000,0.000) s=1.344 PSDFmin=-0.01038 G=FAIL(-0.01138) MF=inactive(active=0/20)
Acados solver failed with status 4
Acados residuals [stat, eq, ineq, comp]: [100.        0.        0.01138   0.     ]
Acados SQP iterations: 1
RMPCC-MF diagnostics captured before infeasibility recovery.
RMPCC-MF failed-iterate infeasibility candidates:
  - {'constraint': 'row_g_hard_guard', 'stages': array([ 1,  2,  3,  4,  5,  6,  7,  8,  9, 10, 11, 12, 13, 14, 15, 16, 17,
       18, 19, 20]), 'minimum_residual': -0.01137515327334404}
RMPCC-MF inactive Row M stages are trivially feasible.
RMPCC-MF minimum box residuals [state | input]: 3.9e-08 | 0.0
SQP_RTI solver failed with status 4. Starting infeasible recovery.
Backup solver is unavailable; falling back to safe stop.
Applied nominal_safe_controller safe-stop plan after infeasible RMPCC-MF solve.
[RMPCC 0445] SAFE_STOP solve=215.4ms pose=(1.134,0.594,0.632) u=(0.000,0.000) s=1.344 PSDFmin=-0.01038 G=FAIL(-0.01138) MF=inactive(active=0/20)
Acados solver failed with status 4
Acados residuals [stat, eq, ineq, comp]: [100.        0.        0.01138   0.     ]
Acados SQP iterations: 1
RMPCC-MF diagnostics captured before infeasibility recovery.
RMPCC-MF failed-iterate infeasibility candidates:
  - {'constraint': 'row_g_hard_guard', 'stages': array([ 1,  2,  3,  4,  5,  6,  7,  8,  9, 10, 11, 12, 13, 14, 15, 16, 17,
       18, 19, 20]), 'minimum_residual': -0.01137515327334404}
RMPCC-MF inactive Row M stages are trivially feasible.
RMPCC-MF minimum box residuals [state | input]: 3.9e-08 | 0.0
SQP_RTI solver failed with status 4. Starting infeasible recovery.
Backup solver is unavailable; falling back to safe stop.
Applied nominal_safe_controller safe-stop plan after infeasible RMPCC-MF solve.
[RMPCC 0446] SAFE_STOP solve=258.9ms pose=(1.134,0.594,0.632) u=(0.000,0.000) s=1.344 PSDFmin=-0.01038 G=FAIL(-0.01138) MF=inactive(active=0/20)
Acados solver failed with status 4
Acados residuals [stat, eq, ineq, comp]: [100.        0.        0.01138   0.     ]
Acados SQP iterations: 1
RMPCC-MF diagnostics captured before infeasibility recovery.
RMPCC-MF failed-iterate infeasibility candidates:
  - {'constraint': 'row_g_hard_guard', 'stages': array([ 1,  2,  3,  4,  5,  6,  7,  8,  9, 10, 11, 12, 13, 14, 15, 16, 17,
       18, 19, 20]), 'minimum_residual': -0.01137515327334404}
RMPCC-MF inactive Row M stages are trivially feasible.
RMPCC-MF minimum box residuals [state | input]: 3.9e-08 | 0.0
SQP_RTI solver failed with status 4. Starting infeasible recovery.
Backup solver is unavailable; falling back to safe stop.
Applied nominal_safe_controller safe-stop plan after infeasible RMPCC-MF solve.
[RMPCC 0447] SAFE_STOP solve=222.7ms pose=(1.134,0.594,0.632) u=(0.000,0.000) s=1.344 PSDFmin=-0.01038 G=FAIL(-0.01138) MF=inactive(active=0/20)
Acados solver failed with status 4
Acados residuals [stat, eq, ineq, comp]: [100.        0.        0.01138   0.     ]
Acados SQP iterations: 1
RMPCC-MF diagnostics captured before infeasibility recovery.
RMPCC-MF failed-iterate infeasibility candidates:
  - {'constraint': 'row_g_hard_guard', 'stages': array([ 1,  2,  3,  4,  5,  6,  7,  8,  9, 10, 11, 12, 13, 14, 15, 16, 17,
       18, 19, 20]), 'minimum_residual': -0.01137515327334404}
RMPCC-MF inactive Row M stages are trivially feasible.
RMPCC-MF minimum box residuals [state | input]: 3.9e-08 | 0.0
SQP_RTI solver failed with status 4. Starting infeasible recovery.
Backup solver is unavailable; falling back to safe stop.
Applied nominal_safe_controller safe-stop plan after infeasible RMPCC-MF solve.
[RMPCC 0448] SAFE_STOP solve=230.2ms pose=(1.134,0.594,0.632) u=(0.000,0.000) s=1.344 PSDFmin=-0.01038 G=FAIL(-0.01138) MF=inactive(active=0/20)
Acados solver failed with status 4
Acados residuals [stat, eq, ineq, comp]: [100.        0.        0.01138   0.     ]
Acados SQP iterations: 1
RMPCC-MF diagnostics captured before infeasibility recovery.
RMPCC-MF failed-iterate infeasibility candidates:
  - {'constraint': 'row_g_hard_guard', 'stages': array([ 1,  2,  3,  4,  5,  6,  7,  8,  9, 10, 11, 12, 13, 14, 15, 16, 17,
       18, 19, 20]), 'minimum_residual': -0.01137515327334404}
RMPCC-MF inactive Row M stages are trivially feasible.
RMPCC-MF minimum box residuals [state | input]: 3.9e-08 | 0.0
SQP_RTI solver failed with status 4. Starting infeasible recovery.
Backup solver is unavailable; falling back to safe stop.
Applied nominal_safe_controller safe-stop plan after infeasible RMPCC-MF solve.
[RMPCC 0449] SAFE_STOP solve=230.0ms pose=(1.134,0.594,0.632) u=(0.000,0.000) s=1.344 PSDFmin=-0.01038 G=FAIL(-0.01138) MF=inactive(active=0/20)
Acados solver failed with status 4
Acados residuals [stat, eq, ineq, comp]: [100.        0.        0.01138   0.     ]
Acados SQP iterations: 1
RMPCC-MF diagnostics captured before infeasibility recovery.
RMPCC-MF failed-iterate infeasibility candidates:
  - {'constraint': 'row_g_hard_guard', 'stages': array([ 1,  2,  3,  4,  5,  6,  7,  8,  9, 10, 11, 12, 13, 14, 15, 16, 17,
       18, 19, 20]), 'minimum_residual': -0.01137515327334404}
RMPCC-MF inactive Row M stages are trivially feasible.
RMPCC-MF minimum box residuals [state | input]: 3.9e-08 | 0.0
SQP_RTI solver failed with status 4. Starting infeasible recovery.
Backup solver is unavailable; falling back to safe stop.
Applied nominal_safe_controller safe-stop plan after infeasible RMPCC-MF solve.
[RMPCC 0450] SAFE_STOP solve=241.3ms pose=(1.134,0.594,0.632) u=(0.000,0.000) s=1.344 PSDFmin=-0.01038 G=FAIL(-0.01138) MF=inactive(active=0/20)
Acados solver failed with status 4
Acados residuals [stat, eq, ineq, comp]: [100.        0.        0.01138   0.     ]
Acados SQP iterations: 1
RMPCC-MF diagnostics captured before infeasibility recovery.
RMPCC-MF failed-iterate infeasibility candidates:
  - {'constraint': 'row_g_hard_guard', 'stages': array([ 1,  2,  3,  4,  5,  6,  7,  8,  9, 10, 11, 12, 13, 14, 15, 16, 17,
       18, 19, 20]), 'minimum_residual': -0.01137515327334404}
RMPCC-MF inactive Row M stages are trivially feasible.
RMPCC-MF minimum box residuals [state | input]: 3.9e-08 | 0.0
SQP_RTI solver failed with status 4. Starting infeasible recovery.
Backup solver is unavailable; falling back to safe stop.
Applied nominal_safe_controller safe-stop plan after infeasible RMPCC-MF solve.
[RMPCC 0451] SAFE_STOP solve=217.9ms pose=(1.134,0.594,0.632) u=(0.000,0.000) s=1.344 PSDFmin=-0.01038 G=FAIL(-0.01138) MF=inactive(active=0/20)
Acados solver failed with status 4
Acados residuals [stat, eq, ineq, comp]: [100.        0.        0.01138   0.     ]
Acados SQP iterations: 1
RMPCC-MF diagnostics captured before infeasibility recovery.
RMPCC-MF failed-iterate infeasibility candidates:
  - {'constraint': 'row_g_hard_guard', 'stages': array([ 1,  2,  3,  4,  5,  6,  7,  8,  9, 10, 11, 12, 13, 14, 15, 16, 17,
       18, 19, 20]), 'minimum_residual': -0.01137515327334404}
RMPCC-MF inactive Row M stages are trivially feasible.
RMPCC-MF minimum box residuals [state | input]: 3.9e-08 | 0.0
SQP_RTI solver failed with status 4. Starting infeasible recovery.
Backup solver is unavailable; falling back to safe stop.
Applied nominal_safe_controller safe-stop plan after infeasible RMPCC-MF solve.
[RMPCC 0452] SAFE_STOP solve=213.5ms pose=(1.134,0.594,0.632) u=(0.000,0.000) s=1.344 PSDFmin=-0.01038 G=FAIL(-0.01138) MF=inactive(active=0/20)
Acados solver failed with status 4
Acados residuals [stat, eq, ineq, comp]: [100.        0.        0.01138   0.     ]
Acados SQP iterations: 1
RMPCC-MF diagnostics captured before infeasibility recovery.
RMPCC-MF failed-iterate infeasibility candidates:
  - {'constraint': 'row_g_hard_guard', 'stages': array([ 1,  2,  3,  4,  5,  6,  7,  8,  9, 10, 11, 12, 13, 14, 15, 16, 17,
       18, 19, 20]), 'minimum_residual': -0.01137515327334404}
RMPCC-MF inactive Row M stages are trivially feasible.
RMPCC-MF minimum box residuals [state | input]: 3.9e-08 | 0.0
SQP_RTI solver failed with status 4. Starting infeasible recovery.
Backup solver is unavailable; falling back to safe stop.
Applied nominal_safe_controller safe-stop plan after infeasible RMPCC-MF solve.
[RMPCC 0453] SAFE_STOP solve=230.5ms pose=(1.134,0.594,0.632) u=(0.000,0.000) s=1.344 PSDFmin=-0.01038 G=FAIL(-0.01138) MF=inactive(active=0/20)
Acados solver failed with status 4
Acados residuals [stat, eq, ineq, comp]: [100.        0.        0.01138   0.     ]
Acados SQP iterations: 1
RMPCC-MF diagnostics captured before infeasibility recovery.
RMPCC-MF failed-iterate infeasibility candidates:
  - {'constraint': 'row_g_hard_guard', 'stages': array([ 1,  2,  3,  4,  5,  6,  7,  8,  9, 10, 11, 12, 13, 14, 15, 16, 17,
       18, 19, 20]), 'minimum_residual': -0.01137515327334404}
RMPCC-MF inactive Row M stages are trivially feasible.
RMPCC-MF minimum box residuals [state | input]: 3.9e-08 | 0.0
SQP_RTI solver failed with status 4. Starting infeasible recovery.
Backup solver is unavailable; falling back to safe stop.
Applied nominal_safe_controller safe-stop plan after infeasible RMPCC-MF solve.
[RMPCC 0454] SAFE_STOP solve=217.6ms pose=(1.134,0.594,0.632) u=(0.000,0.000) s=1.344 PSDFmin=-0.01038 G=FAIL(-0.01138) MF=inactive(active=0/20)
Acados solver failed with status 4
Acados residuals [stat, eq, ineq, comp]: [100.        0.        0.01138   0.     ]
Acados SQP iterations: 1
RMPCC-MF diagnostics captured before infeasibility recovery.
RMPCC-MF failed-iterate infeasibility candidates:
  - {'constraint': 'row_g_hard_guard', 'stages': array([ 1,  2,  3,  4,  5,  6,  7,  8,  9, 10, 11, 12, 13, 14, 15, 16, 17,
       18, 19, 20]), 'minimum_residual': -0.01137515327334404}
RMPCC-MF inactive Row M stages are trivially feasible.
RMPCC-MF minimum box residuals [state | input]: 3.9e-08 | 0.0
SQP_RTI solver failed with status 4. Starting infeasible recovery.
Backup solver is unavailable; falling back to safe stop.
Applied nominal_safe_controller safe-stop plan after infeasible RMPCC-MF solve.
[RMPCC 0455] SAFE_STOP solve=227.2ms pose=(1.134,0.594,0.632) u=(0.000,0.000) s=1.344 PSDFmin=-0.01038 G=FAIL(-0.01138) MF=inactive(active=0/20)
Acados solver failed with status 4
Acados residuals [stat, eq, ineq, comp]: [100.        0.        0.01138   0.     ]
Acados SQP iterations: 1
RMPCC-MF diagnostics captured before infeasibility recovery.
RMPCC-MF failed-iterate infeasibility candidates:
  - {'constraint': 'row_g_hard_guard', 'stages': array([ 1,  2,  3,  4,  5,  6,  7,  8,  9, 10, 11, 12, 13, 14, 15, 16, 17,
       18, 19, 20]), 'minimum_residual': -0.01137515327334404}
RMPCC-MF inactive Row M stages are trivially feasible.
RMPCC-MF minimum box residuals [state | input]: 3.9e-08 | 0.0
SQP_RTI solver failed with status 4. Starting infeasible recovery.
Backup solver is unavailable; falling back to safe stop.
Applied nominal_safe_controller safe-stop plan after infeasible RMPCC-MF solve.
[RMPCC 0456] SAFE_STOP solve=218.2ms pose=(1.134,0.594,0.632) u=(0.000,0.000) s=1.344 PSDFmin=-0.01038 G=FAIL(-0.01138) MF=inactive(active=0/20)
Acados solver failed with status 4
Acados residuals [stat, eq, ineq, comp]: [100.        0.        0.01138   0.     ]
Acados SQP iterations: 1
RMPCC-MF diagnostics captured before infeasibility recovery.
RMPCC-MF failed-iterate infeasibility candidates:
  - {'constraint': 'row_g_hard_guard', 'stages': array([ 1,  2,  3,  4,  5,  6,  7,  8,  9, 10, 11, 12, 13, 14, 15, 16, 17,
       18, 19, 20]), 'minimum_residual': -0.01137515327334404}
RMPCC-MF inactive Row M stages are trivially feasible.
RMPCC-MF minimum box residuals [state | input]: 3.9e-08 | 0.0
SQP_RTI solver failed with status 4. Starting infeasible recovery.
Backup solver is unavailable; falling back to safe stop.
Applied nominal_safe_controller safe-stop plan after infeasible RMPCC-MF solve.
[RMPCC 0457] SAFE_STOP solve=207.1ms pose=(1.134,0.594,0.632) u=(0.000,0.000) s=1.344 PSDFmin=-0.01038 G=FAIL(-0.01138) MF=inactive(active=0/20)
Acados solver failed with status 4
Acados residuals [stat, eq, ineq, comp]: [100.        0.        0.01138   0.     ]
Acados SQP iterations: 1
RMPCC-MF diagnostics captured before infeasibility recovery.
RMPCC-MF failed-iterate infeasibility candidates:
  - {'constraint': 'row_g_hard_guard', 'stages': array([ 1,  2,  3,  4,  5,  6,  7,  8,  9, 10, 11, 12, 13, 14, 15, 16, 17,
       18, 19, 20]), 'minimum_residual': -0.01137515327334404}
RMPCC-MF inactive Row M stages are trivially feasible.
RMPCC-MF minimum box residuals [state | input]: 3.9e-08 | 0.0
SQP_RTI solver failed with status 4. Starting infeasible recovery.
Backup solver is unavailable; falling back to safe stop.
Applied nominal_safe_controller safe-stop plan after infeasible RMPCC-MF solve.
[RMPCC 0458] SAFE_STOP solve=231.2ms pose=(1.134,0.594,0.632) u=(0.000,0.000) s=1.344 PSDFmin=-0.01038 G=FAIL(-0.01138) MF=inactive(active=0/20)
Acados solver failed with status 4
Acados residuals [stat, eq, ineq, comp]: [100.        0.        0.01138   0.     ]
Acados SQP iterations: 1
RMPCC-MF diagnostics captured before infeasibility recovery.
RMPCC-MF failed-iterate infeasibility candidates:
  - {'constraint': 'row_g_hard_guard', 'stages': array([ 1,  2,  3,  4,  5,  6,  7,  8,  9, 10, 11, 12, 13, 14, 15, 16, 17,
       18, 19, 20]), 'minimum_residual': -0.01137515327334404}
RMPCC-MF inactive Row M stages are trivially feasible.
RMPCC-MF minimum box residuals [state | input]: 3.9e-08 | 0.0
SQP_RTI solver failed with status 4. Starting infeasible recovery.
Backup solver is unavailable; falling back to safe stop.
Applied nominal_safe_controller safe-stop plan after infeasible RMPCC-MF solve.
[RMPCC 0459] SAFE_STOP solve=223.8ms pose=(1.134,0.594,0.632) u=(0.000,0.000) s=1.344 PSDFmin=-0.01038 G=FAIL(-0.01138) MF=inactive(active=0/20)
Acados solver failed with status 4
Acados residuals [stat, eq, ineq, comp]: [100.        0.        0.01138   0.     ]
Acados SQP iterations: 1
RMPCC-MF diagnostics captured before infeasibility recovery.
RMPCC-MF failed-iterate infeasibility candidates:
  - {'constraint': 'row_g_hard_guard', 'stages': array([ 1,  2,  3,  4,  5,  6,  7,  8,  9, 10, 11, 12, 13, 14, 15, 16, 17,
       18, 19, 20]), 'minimum_residual': -0.01137515327334404}
RMPCC-MF inactive Row M stages are trivially feasible.
RMPCC-MF minimum box residuals [state | input]: 3.9e-08 | 0.0
SQP_RTI solver failed with status 4. Starting infeasible recovery.
Backup solver is unavailable; falling back to safe stop.
Applied nominal_safe_controller safe-stop plan after infeasible RMPCC-MF solve.
[RMPCC 0460] SAFE_STOP solve=238.4ms pose=(1.134,0.594,0.632) u=(0.000,0.000) s=1.344 PSDFmin=-0.01038 G=FAIL(-0.01138) MF=inactive(active=0/20)
Acados solver failed with status 4
Acados residuals [stat, eq, ineq, comp]: [100.        0.        0.01138   0.     ]
Acados SQP iterations: 1
RMPCC-MF diagnostics captured before infeasibility recovery.
RMPCC-MF failed-iterate infeasibility candidates:
  - {'constraint': 'row_g_hard_guard', 'stages': array([ 1,  2,  3,  4,  5,  6,  7,  8,  9, 10, 11, 12, 13, 14, 15, 16, 17,
       18, 19, 20]), 'minimum_residual': -0.01137515327334404}
RMPCC-MF inactive Row M stages are trivially feasible.
RMPCC-MF minimum box residuals [state | input]: 3.9e-08 | 0.0
SQP_RTI solver failed with status 4. Starting infeasible recovery.
Backup solver is unavailable; falling back to safe stop.
Applied nominal_safe_controller safe-stop plan after infeasible RMPCC-MF solve.
[RMPCC 0461] SAFE_STOP solve=224.3ms pose=(1.134,0.594,0.632) u=(0.000,0.000) s=1.344 PSDFmin=-0.01038 G=FAIL(-0.01138) MF=inactive(active=0/20)
Acados solver failed with status 4
Acados residuals [stat, eq, ineq, comp]: [100.        0.        0.01138   0.     ]
Acados SQP iterations: 1
RMPCC-MF diagnostics captured before infeasibility recovery.
RMPCC-MF failed-iterate infeasibility candidates:
  - {'constraint': 'row_g_hard_guard', 'stages': array([ 1,  2,  3,  4,  5,  6,  7,  8,  9, 10, 11, 12, 13, 14, 15, 16, 17,
       18, 19, 20]), 'minimum_residual': -0.01137515327334404}
RMPCC-MF inactive Row M stages are trivially feasible.
RMPCC-MF minimum box residuals [state | input]: 3.9e-08 | 0.0
SQP_RTI solver failed with status 4. Starting infeasible recovery.
Backup solver is unavailable; falling back to safe stop.
Applied nominal_safe_controller safe-stop plan after infeasible RMPCC-MF solve.
[RMPCC 0462] SAFE_STOP solve=235.3ms pose=(1.134,0.594,0.632) u=(0.000,0.000) s=1.344 PSDFmin=-0.01038 G=FAIL(-0.01138) MF=inactive(active=0/20)
Acados solver failed with status 4
Acados residuals [stat, eq, ineq, comp]: [100.        0.        0.01138   0.     ]
Acados SQP iterations: 1
RMPCC-MF diagnostics captured before infeasibility recovery.
RMPCC-MF failed-iterate infeasibility candidates:
  - {'constraint': 'row_g_hard_guard', 'stages': array([ 1,  2,  3,  4,  5,  6,  7,  8,  9, 10, 11, 12, 13, 14, 15, 16, 17,
       18, 19, 20]), 'minimum_residual': -0.01137515327334404}
RMPCC-MF inactive Row M stages are trivially feasible.
RMPCC-MF minimum box residuals [state | input]: 3.9e-08 | 0.0
SQP_RTI solver failed with status 4. Starting infeasible recovery.
Backup solver is unavailable; falling back to safe stop.
Applied nominal_safe_controller safe-stop plan after infeasible RMPCC-MF solve.
[RMPCC 0463] SAFE_STOP solve=238.6ms pose=(1.134,0.594,0.632) u=(0.000,0.000) s=1.344 PSDFmin=-0.01038 G=FAIL(-0.01138) MF=inactive(active=0/20)
Acados solver failed with status 4
Acados residuals [stat, eq, ineq, comp]: [100.        0.        0.01138   0.     ]
Acados SQP iterations: 1
RMPCC-MF diagnostics captured before infeasibility recovery.
RMPCC-MF failed-iterate infeasibility candidates:
  - {'constraint': 'row_g_hard_guard', 'stages': array([ 1,  2,  3,  4,  5,  6,  7,  8,  9, 10, 11, 12, 13, 14, 15, 16, 17,
       18, 19, 20]), 'minimum_residual': -0.01137515327334404}
RMPCC-MF inactive Row M stages are trivially feasible.
RMPCC-MF minimum box residuals [state | input]: 3.9e-08 | 0.0
SQP_RTI solver failed with status 4. Starting infeasible recovery.
Backup solver is unavailable; falling back to safe stop.
Applied nominal_safe_controller safe-stop plan after infeasible RMPCC-MF solve.
[RMPCC 0464] SAFE_STOP solve=234.4ms pose=(1.134,0.594,0.632) u=(0.000,0.000) s=1.344 PSDFmin=-0.01038 G=FAIL(-0.01138) MF=inactive(active=0/20)
Acados solver failed with status 4
Acados residuals [stat, eq, ineq, comp]: [100.        0.        0.01138   0.     ]
Acados SQP iterations: 1
RMPCC-MF diagnostics captured before infeasibility recovery.
RMPCC-MF failed-iterate infeasibility candidates:
  - {'constraint': 'row_g_hard_guard', 'stages': array([ 1,  2,  3,  4,  5,  6,  7,  8,  9, 10, 11, 12, 13, 14, 15, 16, 17,
       18, 19, 20]), 'minimum_residual': -0.01137515327334404}
RMPCC-MF inactive Row M stages are trivially feasible.
RMPCC-MF minimum box residuals [state | input]: 3.9e-08 | 0.0
SQP_RTI solver failed with status 4. Starting infeasible recovery.
Backup solver is unavailable; falling back to safe stop.
Applied nominal_safe_controller safe-stop plan after infeasible RMPCC-MF solve.
[RMPCC 0465] SAFE_STOP solve=227.3ms pose=(1.134,0.594,0.632) u=(0.000,0.000) s=1.344 PSDFmin=-0.01038 G=FAIL(-0.01138) MF=inactive(active=0/20)
Acados solver failed with status 4
Acados residuals [stat, eq, ineq, comp]: [100.        0.        0.01138   0.     ]
Acados SQP iterations: 1
RMPCC-MF diagnostics captured before infeasibility recovery.
RMPCC-MF failed-iterate infeasibility candidates:
  - {'constraint': 'row_g_hard_guard', 'stages': array([ 1,  2,  3,  4,  5,  6,  7,  8,  9, 10, 11, 12, 13, 14, 15, 16, 17,
       18, 19, 20]), 'minimum_residual': -0.01137515327334404}
RMPCC-MF inactive Row M stages are trivially feasible.
RMPCC-MF minimum box residuals [state | input]: 3.9e-08 | 0.0
SQP_RTI solver failed with status 4. Starting infeasible recovery.
Backup solver is unavailable; falling back to safe stop.
Applied nominal_safe_controller safe-stop plan after infeasible RMPCC-MF solve.
[RMPCC 0466] SAFE_STOP solve=223.6ms pose=(1.134,0.594,0.632) u=(0.000,0.000) s=1.344 PSDFmin=-0.01038 G=FAIL(-0.01138) MF=inactive(active=0/20)
Acados solver failed with status 4
Acados residuals [stat, eq, ineq, comp]: [100.        0.        0.01138   0.     ]
Acados SQP iterations: 1
RMPCC-MF diagnostics captured before infeasibility recovery.
RMPCC-MF failed-iterate infeasibility candidates:
  - {'constraint': 'row_g_hard_guard', 'stages': array([ 1,  2,  3,  4,  5,  6,  7,  8,  9, 10, 11, 12, 13, 14, 15, 16, 17,
       18, 19, 20]), 'minimum_residual': -0.01137515327334404}
RMPCC-MF inactive Row M stages are trivially feasible.
RMPCC-MF minimum box residuals [state | input]: 3.9e-08 | 0.0
SQP_RTI solver failed with status 4. Starting infeasible recovery.
Backup solver is unavailable; falling back to safe stop.
Applied nominal_safe_controller safe-stop plan after infeasible RMPCC-MF solve.
[RMPCC 0467] SAFE_STOP solve=233.4ms pose=(1.134,0.594,0.632) u=(0.000,0.000) s=1.344 PSDFmin=-0.01038 G=FAIL(-0.01138) MF=inactive(active=0/20)
Acados solver failed with status 4
Acados residuals [stat, eq, ineq, comp]: [100.        0.        0.01138   0.     ]
Acados SQP iterations: 1
RMPCC-MF diagnostics captured before infeasibility recovery.
RMPCC-MF failed-iterate infeasibility candidates:
  - {'constraint': 'row_g_hard_guard', 'stages': array([ 1,  2,  3,  4,  5,  6,  7,  8,  9, 10, 11, 12, 13, 14, 15, 16, 17,
       18, 19, 20]), 'minimum_residual': -0.01137515327334404}
RMPCC-MF inactive Row M stages are trivially feasible.
RMPCC-MF minimum box residuals [state | input]: 3.9e-08 | 0.0
SQP_RTI solver failed with status 4. Starting infeasible recovery.
Backup solver is unavailable; falling back to safe stop.
Applied nominal_safe_controller safe-stop plan after infeasible RMPCC-MF solve.
[RMPCC 0468] SAFE_STOP solve=240.5ms pose=(1.134,0.594,0.632) u=(0.000,0.000) s=1.344 PSDFmin=-0.01038 G=FAIL(-0.01138) MF=inactive(active=0/20)
Acados solver failed with status 4
Acados residuals [stat, eq, ineq, comp]: [100.        0.        0.01138   0.     ]
Acados SQP iterations: 1
RMPCC-MF diagnostics captured before infeasibility recovery.
RMPCC-MF failed-iterate infeasibility candidates:
  - {'constraint': 'row_g_hard_guard', 'stages': array([ 1,  2,  3,  4,  5,  6,  7,  8,  9, 10, 11, 12, 13, 14, 15, 16, 17,
       18, 19, 20]), 'minimum_residual': -0.01137515327334404}
RMPCC-MF inactive Row M stages are trivially feasible.
RMPCC-MF minimum box residuals [state | input]: 3.9e-08 | 0.0
SQP_RTI solver failed with status 4. Starting infeasible recovery.
Backup solver is unavailable; falling back to safe stop.
Applied nominal_safe_controller safe-stop plan after infeasible RMPCC-MF solve.
[RMPCC 0469] SAFE_STOP solve=208.9ms pose=(1.134,0.594,0.632) u=(0.000,0.000) s=1.344 PSDFmin=-0.01038 G=FAIL(-0.01138) MF=inactive(active=0/20)
Acados solver failed with status 4
Acados residuals [stat, eq, ineq, comp]: [100.        0.        0.01138   0.     ]
Acados SQP iterations: 1
RMPCC-MF diagnostics captured before infeasibility recovery.
RMPCC-MF failed-iterate infeasibility candidates:
  - {'constraint': 'row_g_hard_guard', 'stages': array([ 1,  2,  3,  4,  5,  6,  7,  8,  9, 10, 11, 12, 13, 14, 15, 16, 17,
       18, 19, 20]), 'minimum_residual': -0.01137515327334404}
RMPCC-MF inactive Row M stages are trivially feasible.
RMPCC-MF minimum box residuals [state | input]: 3.9e-08 | 0.0
SQP_RTI solver failed with status 4. Starting infeasible recovery.
Backup solver is unavailable; falling back to safe stop.
Applied nominal_safe_controller safe-stop plan after infeasible RMPCC-MF solve.
[RMPCC 0470] SAFE_STOP solve=223.6ms pose=(1.134,0.594,0.632) u=(0.000,0.000) s=1.344 PSDFmin=-0.01038 G=FAIL(-0.01138) MF=inactive(active=0/20)
Acados solver failed with status 4
Acados residuals [stat, eq, ineq, comp]: [100.        0.        0.01138   0.     ]
Acados SQP iterations: 1
RMPCC-MF diagnostics captured before infeasibility recovery.
RMPCC-MF failed-iterate infeasibility candidates:
  - {'constraint': 'row_g_hard_guard', 'stages': array([ 1,  2,  3,  4,  5,  6,  7,  8,  9, 10, 11, 12, 13, 14, 15, 16, 17,
       18, 19, 20]), 'minimum_residual': -0.01137515327334404}
RMPCC-MF inactive Row M stages are trivially feasible.
RMPCC-MF minimum box residuals [state | input]: 3.9e-08 | 0.0
SQP_RTI solver failed with status 4. Starting infeasible recovery.
Backup solver is unavailable; falling back to safe stop.
Applied nominal_safe_controller safe-stop plan after infeasible RMPCC-MF solve.
[RMPCC 0471] SAFE_STOP solve=221.9ms pose=(1.134,0.594,0.632) u=(0.000,0.000) s=1.344 PSDFmin=-0.01038 G=FAIL(-0.01138) MF=inactive(active=0/20)
Acados solver failed with status 4
Acados residuals [stat, eq, ineq, comp]: [100.        0.        0.01138   0.     ]
Acados SQP iterations: 1
RMPCC-MF diagnostics captured before infeasibility recovery.
RMPCC-MF failed-iterate infeasibility candidates:
  - {'constraint': 'row_g_hard_guard', 'stages': array([ 1,  2,  3,  4,  5,  6,  7,  8,  9, 10, 11, 12, 13, 14, 15, 16, 17,
       18, 19, 20]), 'minimum_residual': -0.01137515327334404}
RMPCC-MF inactive Row M stages are trivially feasible.
RMPCC-MF minimum box residuals [state | input]: 3.9e-08 | 0.0
SQP_RTI solver failed with status 4. Starting infeasible recovery.
Backup solver is unavailable; falling back to safe stop.
Applied nominal_safe_controller safe-stop plan after infeasible RMPCC-MF solve.
[RMPCC 0472] SAFE_STOP solve=227.5ms pose=(1.134,0.594,0.632) u=(0.000,0.000) s=1.344 PSDFmin=-0.01038 G=FAIL(-0.01138) MF=inactive(active=0/20)
Acados solver failed with status 4
Acados residuals [stat, eq, ineq, comp]: [100.        0.        0.01138   0.     ]
Acados SQP iterations: 1
RMPCC-MF diagnostics captured before infeasibility recovery.
RMPCC-MF failed-iterate infeasibility candidates:
  - {'constraint': 'row_g_hard_guard', 'stages': array([ 1,  2,  3,  4,  5,  6,  7,  8,  9, 10, 11, 12, 13, 14, 15, 16, 17,
       18, 19, 20]), 'minimum_residual': -0.01137515327334404}
RMPCC-MF inactive Row M stages are trivially feasible.
RMPCC-MF minimum box residuals [state | input]: 3.9e-08 | 0.0
SQP_RTI solver failed with status 4. Starting infeasible recovery.
Backup solver is unavailable; falling back to safe stop.
Applied nominal_safe_controller safe-stop plan after infeasible RMPCC-MF solve.
[RMPCC 0473] SAFE_STOP solve=222.7ms pose=(1.134,0.594,0.632) u=(0.000,0.000) s=1.344 PSDFmin=-0.01038 G=FAIL(-0.01138) MF=inactive(active=0/20)
Acados solver failed with status 4
Acados residuals [stat, eq, ineq, comp]: [100.        0.        0.01138   0.     ]
Acados SQP iterations: 1
RMPCC-MF diagnostics captured before infeasibility recovery.
RMPCC-MF failed-iterate infeasibility candidates:
  - {'constraint': 'row_g_hard_guard', 'stages': array([ 1,  2,  3,  4,  5,  6,  7,  8,  9, 10, 11, 12, 13, 14, 15, 16, 17,
       18, 19, 20]), 'minimum_residual': -0.01137515327334404}
RMPCC-MF inactive Row M stages are trivially feasible.
RMPCC-MF minimum box residuals [state | input]: 3.9e-08 | 0.0
SQP_RTI solver failed with status 4. Starting infeasible recovery.
Backup solver is unavailable; falling back to safe stop.
Applied nominal_safe_controller safe-stop plan after infeasible RMPCC-MF solve.
[RMPCC 0474] SAFE_STOP solve=224.0ms pose=(1.134,0.594,0.632) u=(0.000,0.000) s=1.344 PSDFmin=-0.01038 G=FAIL(-0.01138) MF=inactive(active=0/20)
Acados solver failed with status 4
Acados residuals [stat, eq, ineq, comp]: [100.        0.        0.01138   0.     ]
Acados SQP iterations: 1
RMPCC-MF diagnostics captured before infeasibility recovery.
RMPCC-MF failed-iterate infeasibility candidates:
  - {'constraint': 'row_g_hard_guard', 'stages': array([ 1,  2,  3,  4,  5,  6,  7,  8,  9, 10, 11, 12, 13, 14, 15, 16, 17,
       18, 19, 20]), 'minimum_residual': -0.01137515327334404}
RMPCC-MF inactive Row M stages are trivially feasible.
RMPCC-MF minimum box residuals [state | input]: 3.9e-08 | 0.0
SQP_RTI solver failed with status 4. Starting infeasible recovery.
Backup solver is unavailable; falling back to safe stop.
Applied nominal_safe_controller safe-stop plan after infeasible RMPCC-MF solve.
[RMPCC 0475] SAFE_STOP solve=218.8ms pose=(1.134,0.594,0.632) u=(0.000,0.000) s=1.344 PSDFmin=-0.01038 G=FAIL(-0.01138) MF=inactive(active=0/20)
Acados solver failed with status 4
Acados residuals [stat, eq, ineq, comp]: [100.        0.        0.01138   0.     ]
Acados SQP iterations: 1
RMPCC-MF diagnostics captured before infeasibility recovery.
RMPCC-MF failed-iterate infeasibility candidates:
  - {'constraint': 'row_g_hard_guard', 'stages': array([ 1,  2,  3,  4,  5,  6,  7,  8,  9, 10, 11, 12, 13, 14, 15, 16, 17,
       18, 19, 20]), 'minimum_residual': -0.01137515327334404}
RMPCC-MF inactive Row M stages are trivially feasible.
RMPCC-MF minimum box residuals [state | input]: 3.9e-08 | 0.0
SQP_RTI solver failed with status 4. Starting infeasible recovery.
Backup solver is unavailable; falling back to safe stop.
Applied nominal_safe_controller safe-stop plan after infeasible RMPCC-MF solve.
[RMPCC 0476] SAFE_STOP solve=227.4ms pose=(1.134,0.594,0.632) u=(0.000,0.000) s=1.344 PSDFmin=-0.01038 G=FAIL(-0.01138) MF=inactive(active=0/20)
Acados solver failed with status 4
Acados residuals [stat, eq, ineq, comp]: [100.        0.        0.01138   0.     ]
Acados SQP iterations: 1
RMPCC-MF diagnostics captured before infeasibility recovery.
RMPCC-MF failed-iterate infeasibility candidates:
  - {'constraint': 'row_g_hard_guard', 'stages': array([ 1,  2,  3,  4,  5,  6,  7,  8,  9, 10, 11, 12, 13, 14, 15, 16, 17,
       18, 19, 20]), 'minimum_residual': -0.01137515327334404}
RMPCC-MF inactive Row M stages are trivially feasible.
RMPCC-MF minimum box residuals [state | input]: 3.9e-08 | 0.0
SQP_RTI solver failed with status 4. Starting infeasible recovery.
Backup solver is unavailable; falling back to safe stop.
Applied nominal_safe_controller safe-stop plan after infeasible RMPCC-MF solve.
[RMPCC 0477] SAFE_STOP solve=229.2ms pose=(1.134,0.594,0.632) u=(0.000,0.000) s=1.344 PSDFmin=-0.01038 G=FAIL(-0.01138) MF=inactive(active=0/20)
Acados solver failed with status 4
Acados residuals [stat, eq, ineq, comp]: [100.        0.        0.01138   0.     ]
Acados SQP iterations: 1
RMPCC-MF diagnostics captured before infeasibility recovery.
RMPCC-MF failed-iterate infeasibility candidates:
  - {'constraint': 'row_g_hard_guard', 'stages': array([ 1,  2,  3,  4,  5,  6,  7,  8,  9, 10, 11, 12, 13, 14, 15, 16, 17,
       18, 19, 20]), 'minimum_residual': -0.01137515327334404}
RMPCC-MF inactive Row M stages are trivially feasible.
RMPCC-MF minimum box residuals [state | input]: 3.9e-08 | 0.0
SQP_RTI solver failed with status 4. Starting infeasible recovery.
Backup solver is unavailable; falling back to safe stop.
Applied nominal_safe_controller safe-stop plan after infeasible RMPCC-MF solve.
[RMPCC 0478] SAFE_STOP solve=254.5ms pose=(1.134,0.594,0.632) u=(0.000,0.000) s=1.344 PSDFmin=-0.01038 G=FAIL(-0.01138) MF=inactive(active=0/20)
Acados solver failed with status 4
Acados residuals [stat, eq, ineq, comp]: [100.        0.        0.01138   0.     ]
Acados SQP iterations: 1
RMPCC-MF diagnostics captured before infeasibility recovery.
RMPCC-MF failed-iterate infeasibility candidates:
  - {'constraint': 'row_g_hard_guard', 'stages': array([ 1,  2,  3,  4,  5,  6,  7,  8,  9, 10, 11, 12, 13, 14, 15, 16, 17,
       18, 19, 20]), 'minimum_residual': -0.01137515327334404}
RMPCC-MF inactive Row M stages are trivially feasible.
RMPCC-MF minimum box residuals [state | input]: 3.9e-08 | 0.0
SQP_RTI solver failed with status 4. Starting infeasible recovery.
Backup solver is unavailable; falling back to safe stop.
Applied nominal_safe_controller safe-stop plan after infeasible RMPCC-MF solve.
[RMPCC 0479] SAFE_STOP solve=237.6ms pose=(1.134,0.594,0.632) u=(0.000,0.000) s=1.344 PSDFmin=-0.01038 G=FAIL(-0.01138) MF=inactive(active=0/20)
Acados solver failed with status 4
Acados residuals [stat, eq, ineq, comp]: [100.        0.        0.01138   0.     ]
Acados SQP iterations: 1
RMPCC-MF diagnostics captured before infeasibility recovery.
RMPCC-MF failed-iterate infeasibility candidates:
  - {'constraint': 'row_g_hard_guard', 'stages': array([ 1,  2,  3,  4,  5,  6,  7,  8,  9, 10, 11, 12, 13, 14, 15, 16, 17,
       18, 19, 20]), 'minimum_residual': -0.01137515327334404}
RMPCC-MF inactive Row M stages are trivially feasible.
RMPCC-MF minimum box residuals [state | input]: 3.9e-08 | 0.0
SQP_RTI solver failed with status 4. Starting infeasible recovery.
Backup solver is unavailable; falling back to safe stop.
Applied nominal_safe_controller safe-stop plan after infeasible RMPCC-MF solve.
[RMPCC 0480] SAFE_STOP solve=229.1ms pose=(1.134,0.594,0.632) u=(0.000,0.000) s=1.344 PSDFmin=-0.01038 G=FAIL(-0.01138) MF=inactive(active=0/20)
Acados solver failed with status 4
Acados residuals [stat, eq, ineq, comp]: [100.        0.        0.01138   0.     ]
Acados SQP iterations: 1
RMPCC-MF diagnostics captured before infeasibility recovery.
RMPCC-MF failed-iterate infeasibility candidates:
  - {'constraint': 'row_g_hard_guard', 'stages': array([ 1,  2,  3,  4,  5,  6,  7,  8,  9, 10, 11, 12, 13, 14, 15, 16, 17,
       18, 19, 20]), 'minimum_residual': -0.01137515327334404}
RMPCC-MF inactive Row M stages are trivially feasible.
RMPCC-MF minimum box residuals [state | input]: 3.9e-08 | 0.0
SQP_RTI solver failed with status 4. Starting infeasible recovery.
Backup solver is unavailable; falling back to safe stop.
Applied nominal_safe_controller safe-stop plan after infeasible RMPCC-MF solve.
[RMPCC 0481] SAFE_STOP solve=230.0ms pose=(1.134,0.594,0.632) u=(0.000,0.000) s=1.344 PSDFmin=-0.01038 G=FAIL(-0.01138) MF=inactive(active=0/20)
Acados solver failed with status 4
Acados residuals [stat, eq, ineq, comp]: [100.        0.        0.01138   0.     ]
Acados SQP iterations: 1
RMPCC-MF diagnostics captured before infeasibility recovery.
RMPCC-MF failed-iterate infeasibility candidates:
  - {'constraint': 'row_g_hard_guard', 'stages': array([ 1,  2,  3,  4,  5,  6,  7,  8,  9, 10, 11, 12, 13, 14, 15, 16, 17,
       18, 19, 20]), 'minimum_residual': -0.01137515327334404}
RMPCC-MF inactive Row M stages are trivially feasible.
RMPCC-MF minimum box residuals [state | input]: 3.9e-08 | 0.0
SQP_RTI solver failed with status 4. Starting infeasible recovery.
Backup solver is unavailable; falling back to safe stop.
Applied nominal_safe_controller safe-stop plan after infeasible RMPCC-MF solve.
[RMPCC 0482] SAFE_STOP solve=218.7ms pose=(1.134,0.594,0.632) u=(0.000,0.000) s=1.344 PSDFmin=-0.01038 G=FAIL(-0.01138) MF=inactive(active=0/20)
Acados solver failed with status 4
Acados residuals [stat, eq, ineq, comp]: [100.        0.        0.01138   0.     ]
Acados SQP iterations: 1
RMPCC-MF diagnostics captured before infeasibility recovery.
RMPCC-MF failed-iterate infeasibility candidates:
  - {'constraint': 'row_g_hard_guard', 'stages': array([ 1,  2,  3,  4,  5,  6,  7,  8,  9, 10, 11, 12, 13, 14, 15, 16, 17,
       18, 19, 20]), 'minimum_residual': -0.01137515327334404}
RMPCC-MF inactive Row M stages are trivially feasible.
RMPCC-MF minimum box residuals [state | input]: 3.9e-08 | 0.0
SQP_RTI solver failed with status 4. Starting infeasible recovery.
Backup solver is unavailable; falling back to safe stop.
Applied nominal_safe_controller safe-stop plan after infeasible RMPCC-MF solve.
[RMPCC 0483] SAFE_STOP solve=217.8ms pose=(1.134,0.594,0.632) u=(0.000,0.000) s=1.344 PSDFmin=-0.01038 G=FAIL(-0.01138) MF=inactive(active=0/20)
Acados solver failed with status 4
Acados residuals [stat, eq, ineq, comp]: [100.        0.        0.01138   0.     ]
Acados SQP iterations: 1
RMPCC-MF diagnostics captured before infeasibility recovery.
RMPCC-MF failed-iterate infeasibility candidates:
  - {'constraint': 'row_g_hard_guard', 'stages': array([ 1,  2,  3,  4,  5,  6,  7,  8,  9, 10, 11, 12, 13, 14, 15, 16, 17,
       18, 19, 20]), 'minimum_residual': -0.01137515327334404}
RMPCC-MF inactive Row M stages are trivially feasible.
RMPCC-MF minimum box residuals [state | input]: 3.9e-08 | 0.0
SQP_RTI solver failed with status 4. Starting infeasible recovery.
Backup solver is unavailable; falling back to safe stop.
Applied nominal_safe_controller safe-stop plan after infeasible RMPCC-MF solve.
[RMPCC 0484] SAFE_STOP solve=216.7ms pose=(1.134,0.594,0.632) u=(0.000,0.000) s=1.344 PSDFmin=-0.01038 G=FAIL(-0.01138) MF=inactive(active=0/20)
Acados solver failed with status 4
Acados residuals [stat, eq, ineq, comp]: [100.        0.        0.01138   0.     ]
Acados SQP iterations: 1
RMPCC-MF diagnostics captured before infeasibility recovery.
RMPCC-MF failed-iterate infeasibility candidates:
  - {'constraint': 'row_g_hard_guard', 'stages': array([ 1,  2,  3,  4,  5,  6,  7,  8,  9, 10, 11, 12, 13, 14, 15, 16, 17,
       18, 19, 20]), 'minimum_residual': -0.01137515327334404}
RMPCC-MF inactive Row M stages are trivially feasible.
RMPCC-MF minimum box residuals [state | input]: 3.9e-08 | 0.0
SQP_RTI solver failed with status 4. Starting infeasible recovery.
Backup solver is unavailable; falling back to safe stop.
Applied nominal_safe_controller safe-stop plan after infeasible RMPCC-MF solve.
[RMPCC 0485] SAFE_STOP solve=219.1ms pose=(1.134,0.594,0.632) u=(0.000,0.000) s=1.344 PSDFmin=-0.01038 G=FAIL(-0.01138) MF=inactive(active=0/20)
Acados solver failed with status 4
Acados residuals [stat, eq, ineq, comp]: [100.        0.        0.01138   0.     ]
Acados SQP iterations: 1
RMPCC-MF diagnostics captured before infeasibility recovery.
RMPCC-MF failed-iterate infeasibility candidates:
  - {'constraint': 'row_g_hard_guard', 'stages': array([ 1,  2,  3,  4,  5,  6,  7,  8,  9, 10, 11, 12, 13, 14, 15, 16, 17,
       18, 19, 20]), 'minimum_residual': -0.01137515327334404}
RMPCC-MF inactive Row M stages are trivially feasible.
RMPCC-MF minimum box residuals [state | input]: 3.9e-08 | 0.0
SQP_RTI solver failed with status 4. Starting infeasible recovery.
Backup solver is unavailable; falling back to safe stop.
Applied nominal_safe_controller safe-stop plan after infeasible RMPCC-MF solve.
[RMPCC 0486] SAFE_STOP solve=224.1ms pose=(1.134,0.594,0.632) u=(0.000,0.000) s=1.344 PSDFmin=-0.01038 G=FAIL(-0.01138) MF=inactive(active=0/20)
Acados solver failed with status 4
Acados residuals [stat, eq, ineq, comp]: [100.        0.        0.01138   0.     ]
Acados SQP iterations: 1
RMPCC-MF diagnostics captured before infeasibility recovery.
RMPCC-MF failed-iterate infeasibility candidates:
  - {'constraint': 'row_g_hard_guard', 'stages': array([ 1,  2,  3,  4,  5,  6,  7,  8,  9, 10, 11, 12, 13, 14, 15, 16, 17,
       18, 19, 20]), 'minimum_residual': -0.01137515327334404}
RMPCC-MF inactive Row M stages are trivially feasible.
RMPCC-MF minimum box residuals [state | input]: 3.9e-08 | 0.0
SQP_RTI solver failed with status 4. Starting infeasible recovery.
Backup solver is unavailable; falling back to safe stop.
Applied nominal_safe_controller safe-stop plan after infeasible RMPCC-MF solve.
[RMPCC 0487] SAFE_STOP solve=219.3ms pose=(1.134,0.594,0.632) u=(0.000,0.000) s=1.344 PSDFmin=-0.01038 G=FAIL(-0.01138) MF=inactive(active=0/20)
Acados solver failed with status 4
Acados residuals [stat, eq, ineq, comp]: [100.        0.        0.01138   0.     ]
Acados SQP iterations: 1
RMPCC-MF diagnostics captured before infeasibility recovery.
RMPCC-MF failed-iterate infeasibility candidates:
  - {'constraint': 'row_g_hard_guard', 'stages': array([ 1,  2,  3,  4,  5,  6,  7,  8,  9, 10, 11, 12, 13, 14, 15, 16, 17,
       18, 19, 20]), 'minimum_residual': -0.01137515327334404}
RMPCC-MF inactive Row M stages are trivially feasible.
RMPCC-MF minimum box residuals [state | input]: 3.9e-08 | 0.0
SQP_RTI solver failed with status 4. Starting infeasible recovery.
Backup solver is unavailable; falling back to safe stop.
Applied nominal_safe_controller safe-stop plan after infeasible RMPCC-MF solve.
[RMPCC 0488] SAFE_STOP solve=217.9ms pose=(1.134,0.594,0.632) u=(0.000,0.000) s=1.344 PSDFmin=-0.01038 G=FAIL(-0.01138) MF=inactive(active=0/20)
Acados solver failed with status 4
Acados residuals [stat, eq, ineq, comp]: [100.        0.        0.01138   0.     ]
Acados SQP iterations: 1
RMPCC-MF diagnostics captured before infeasibility recovery.
RMPCC-MF failed-iterate infeasibility candidates:
  - {'constraint': 'row_g_hard_guard', 'stages': array([ 1,  2,  3,  4,  5,  6,  7,  8,  9, 10, 11, 12, 13, 14, 15, 16, 17,
       18, 19, 20]), 'minimum_residual': -0.01137515327334404}
RMPCC-MF inactive Row M stages are trivially feasible.
RMPCC-MF minimum box residuals [state | input]: 3.9e-08 | 0.0
SQP_RTI solver failed with status 4. Starting infeasible recovery.
Backup solver is unavailable; falling back to safe stop.
Applied nominal_safe_controller safe-stop plan after infeasible RMPCC-MF solve.
[RMPCC 0489] SAFE_STOP solve=222.4ms pose=(1.134,0.594,0.632) u=(0.000,0.000) s=1.344 PSDFmin=-0.01038 G=FAIL(-0.01138) MF=inactive(active=0/20)
Acados solver failed with status 4
Acados residuals [stat, eq, ineq, comp]: [100.        0.        0.01138   0.     ]
Acados SQP iterations: 1
RMPCC-MF diagnostics captured before infeasibility recovery.
RMPCC-MF failed-iterate infeasibility candidates:
  - {'constraint': 'row_g_hard_guard', 'stages': array([ 1,  2,  3,  4,  5,  6,  7,  8,  9, 10, 11, 12, 13, 14, 15, 16, 17,
       18, 19, 20]), 'minimum_residual': -0.01137515327334404}
RMPCC-MF inactive Row M stages are trivially feasible.
RMPCC-MF minimum box residuals [state | input]: 3.9e-08 | 0.0
SQP_RTI solver failed with status 4. Starting infeasible recovery.
Backup solver is unavailable; falling back to safe stop.
Applied nominal_safe_controller safe-stop plan after infeasible RMPCC-MF solve.
[RMPCC 0490] SAFE_STOP solve=243.3ms pose=(1.134,0.594,0.632) u=(0.000,0.000) s=1.344 PSDFmin=-0.01038 G=FAIL(-0.01138) MF=inactive(active=0/20)
Acados solver failed with status 4
Acados residuals [stat, eq, ineq, comp]: [100.        0.        0.01138   0.     ]
Acados SQP iterations: 1
RMPCC-MF diagnostics captured before infeasibility recovery.
RMPCC-MF failed-iterate infeasibility candidates:
  - {'constraint': 'row_g_hard_guard', 'stages': array([ 1,  2,  3,  4,  5,  6,  7,  8,  9, 10, 11, 12, 13, 14, 15, 16, 17,
       18, 19, 20]), 'minimum_residual': -0.01137515327334404}
RMPCC-MF inactive Row M stages are trivially feasible.
RMPCC-MF minimum box residuals [state | input]: 3.9e-08 | 0.0
SQP_RTI solver failed with status 4. Starting infeasible recovery.
Backup solver is unavailable; falling back to safe stop.
Applied nominal_safe_controller safe-stop plan after infeasible RMPCC-MF solve.
[RMPCC 0491] SAFE_STOP solve=229.2ms pose=(1.134,0.594,0.632) u=(0.000,0.000) s=1.344 PSDFmin=-0.01038 G=FAIL(-0.01138) MF=inactive(active=0/20)
Acados solver failed with status 4
Acados residuals [stat, eq, ineq, comp]: [100.        0.        0.01138   0.     ]
Acados SQP iterations: 1
RMPCC-MF diagnostics captured before infeasibility recovery.
RMPCC-MF failed-iterate infeasibility candidates:
  - {'constraint': 'row_g_hard_guard', 'stages': array([ 1,  2,  3,  4,  5,  6,  7,  8,  9, 10, 11, 12, 13, 14, 15, 16, 17,
       18, 19, 20]), 'minimum_residual': -0.01137515327334404}
RMPCC-MF inactive Row M stages are trivially feasible.
RMPCC-MF minimum box residuals [state | input]: 3.9e-08 | 0.0
SQP_RTI solver failed with status 4. Starting infeasible recovery.
Backup solver is unavailable; falling back to safe stop.
Applied nominal_safe_controller safe-stop plan after infeasible RMPCC-MF solve.
[RMPCC 0492] SAFE_STOP solve=242.8ms pose=(1.134,0.594,0.632) u=(0.000,0.000) s=1.344 PSDFmin=-0.01038 G=FAIL(-0.01138) MF=inactive(active=0/20)
Acados solver failed with status 4
Acados residuals [stat, eq, ineq, comp]: [100.        0.        0.01138   0.     ]
Acados SQP iterations: 1
RMPCC-MF diagnostics captured before infeasibility recovery.
RMPCC-MF failed-iterate infeasibility candidates:
  - {'constraint': 'row_g_hard_guard', 'stages': array([ 1,  2,  3,  4,  5,  6,  7,  8,  9, 10, 11, 12, 13, 14, 15, 16, 17,
       18, 19, 20]), 'minimum_residual': -0.01137515327334404}
RMPCC-MF inactive Row M stages are trivially feasible.
RMPCC-MF minimum box residuals [state | input]: 3.9e-08 | 0.0
SQP_RTI solver failed with status 4. Starting infeasible recovery.
Backup solver is unavailable; falling back to safe stop.
Applied nominal_safe_controller safe-stop plan after infeasible RMPCC-MF solve.
[RMPCC 0493] SAFE_STOP solve=224.2ms pose=(1.134,0.594,0.632) u=(0.000,0.000) s=1.344 PSDFmin=-0.01038 G=FAIL(-0.01138) MF=inactive(active=0/20)
Acados solver failed with status 4
Acados residuals [stat, eq, ineq, comp]: [100.        0.        0.01138   0.     ]
Acados SQP iterations: 1
RMPCC-MF diagnostics captured before infeasibility recovery.
RMPCC-MF failed-iterate infeasibility candidates:
  - {'constraint': 'row_g_hard_guard', 'stages': array([ 1,  2,  3,  4,  5,  6,  7,  8,  9, 10, 11, 12, 13, 14, 15, 16, 17,
       18, 19, 20]), 'minimum_residual': -0.01137515327334404}
RMPCC-MF inactive Row M stages are trivially feasible.
RMPCC-MF minimum box residuals [state | input]: 3.9e-08 | 0.0
SQP_RTI solver failed with status 4. Starting infeasible recovery.
Backup solver is unavailable; falling back to safe stop.
Applied nominal_safe_controller safe-stop plan after infeasible RMPCC-MF solve.
[RMPCC 0494] SAFE_STOP solve=225.2ms pose=(1.134,0.594,0.632) u=(0.000,0.000) s=1.344 PSDFmin=-0.01038 G=FAIL(-0.01138) MF=inactive(active=0/20)
Acados solver failed with status 4
Acados residuals [stat, eq, ineq, comp]: [100.        0.        0.01138   0.     ]
Acados SQP iterations: 1
RMPCC-MF diagnostics captured before infeasibility recovery.
RMPCC-MF failed-iterate infeasibility candidates:
  - {'constraint': 'row_g_hard_guard', 'stages': array([ 1,  2,  3,  4,  5,  6,  7,  8,  9, 10, 11, 12, 13, 14, 15, 16, 17,
       18, 19, 20]), 'minimum_residual': -0.01137515327334404}
RMPCC-MF inactive Row M stages are trivially feasible.
RMPCC-MF minimum box residuals [state | input]: 3.9e-08 | 0.0
SQP_RTI solver failed with status 4. Starting infeasible recovery.
Backup solver is unavailable; falling back to safe stop.
Applied nominal_safe_controller safe-stop plan after infeasible RMPCC-MF solve.
[RMPCC 0495] SAFE_STOP solve=222.7ms pose=(1.134,0.594,0.632) u=(0.000,0.000) s=1.344 PSDFmin=-0.01038 G=FAIL(-0.01138) MF=inactive(active=0/20)
Acados solver failed with status 4
Acados residuals [stat, eq, ineq, comp]: [100.        0.        0.01138   0.     ]
Acados SQP iterations: 1
RMPCC-MF diagnostics captured before infeasibility recovery.
RMPCC-MF failed-iterate infeasibility candidates:
  - {'constraint': 'row_g_hard_guard', 'stages': array([ 1,  2,  3,  4,  5,  6,  7,  8,  9, 10, 11, 12, 13, 14, 15, 16, 17,
       18, 19, 20]), 'minimum_residual': -0.01137515327334404}
RMPCC-MF inactive Row M stages are trivially feasible.
RMPCC-MF minimum box residuals [state | input]: 3.9e-08 | 0.0
SQP_RTI solver failed with status 4. Starting infeasible recovery.
Backup solver is unavailable; falling back to safe stop.
Applied nominal_safe_controller safe-stop plan after infeasible RMPCC-MF solve.
[RMPCC 0496] SAFE_STOP solve=223.1ms pose=(1.134,0.594,0.632) u=(0.000,0.000) s=1.344 PSDFmin=-0.01038 G=FAIL(-0.01138) MF=inactive(active=0/20)
Acados solver failed with status 4
Acados residuals [stat, eq, ineq, comp]: [100.        0.        0.01138   0.     ]
Acados SQP iterations: 1
RMPCC-MF diagnostics captured before infeasibility recovery.
RMPCC-MF failed-iterate infeasibility candidates:
  - {'constraint': 'row_g_hard_guard', 'stages': array([ 1,  2,  3,  4,  5,  6,  7,  8,  9, 10, 11, 12, 13, 14, 15, 16, 17,
       18, 19, 20]), 'minimum_residual': -0.01137515327334404}
RMPCC-MF inactive Row M stages are trivially feasible.
RMPCC-MF minimum box residuals [state | input]: 3.9e-08 | 0.0
SQP_RTI solver failed with status 4. Starting infeasible recovery.
Backup solver is unavailable; falling back to safe stop.
Applied nominal_safe_controller safe-stop plan after infeasible RMPCC-MF solve.
[RMPCC 0497] SAFE_STOP solve=227.1ms pose=(1.134,0.594,0.632) u=(0.000,0.000) s=1.344 PSDFmin=-0.01038 G=FAIL(-0.01138) MF=inactive(active=0/20)
Acados solver failed with status 4
Acados residuals [stat, eq, ineq, comp]: [100.        0.        0.01138   0.     ]
Acados SQP iterations: 1
RMPCC-MF diagnostics captured before infeasibility recovery.
RMPCC-MF failed-iterate infeasibility candidates:
  - {'constraint': 'row_g_hard_guard', 'stages': array([ 1,  2,  3,  4,  5,  6,  7,  8,  9, 10, 11, 12, 13, 14, 15, 16, 17,
       18, 19, 20]), 'minimum_residual': -0.01137515327334404}
RMPCC-MF inactive Row M stages are trivially feasible.
RMPCC-MF minimum box residuals [state | input]: 3.9e-08 | 0.0
SQP_RTI solver failed with status 4. Starting infeasible recovery.
Backup solver is unavailable; falling back to safe stop.
Applied nominal_safe_controller safe-stop plan after infeasible RMPCC-MF solve.
[RMPCC 0498] SAFE_STOP solve=226.5ms pose=(1.134,0.594,0.632) u=(0.000,0.000) s=1.344 PSDFmin=-0.01038 G=FAIL(-0.01138) MF=inactive(active=0/20)
Acados solver failed with status 4
Acados residuals [stat, eq, ineq, comp]: [100.        0.        0.01138   0.     ]
Acados SQP iterations: 1
RMPCC-MF diagnostics captured before infeasibility recovery.
RMPCC-MF failed-iterate infeasibility candidates:
  - {'constraint': 'row_g_hard_guard', 'stages': array([ 1,  2,  3,  4,  5,  6,  7,  8,  9, 10, 11, 12, 13, 14, 15, 16, 17,
       18, 19, 20]), 'minimum_residual': -0.01137515327334404}
RMPCC-MF inactive Row M stages are trivially feasible.
RMPCC-MF minimum box residuals [state | input]: 3.9e-08 | 0.0
SQP_RTI solver failed with status 4. Starting infeasible recovery.
Backup solver is unavailable; falling back to safe stop.
Applied nominal_safe_controller safe-stop plan after infeasible RMPCC-MF solve.
[RMPCC 0499] SAFE_STOP solve=232.1ms pose=(1.134,0.594,0.632) u=(0.000,0.000) s=1.344 PSDFmin=-0.01038 G=FAIL(-0.01138) MF=inactive(active=0/20)
Acados solver failed with status 4
Acados residuals [stat, eq, ineq, comp]: [100.        0.        0.01138   0.     ]
Acados SQP iterations: 1
RMPCC-MF diagnostics captured before infeasibility recovery.
RMPCC-MF failed-iterate infeasibility candidates:
  - {'constraint': 'row_g_hard_guard', 'stages': array([ 1,  2,  3,  4,  5,  6,  7,  8,  9, 10, 11, 12, 13, 14, 15, 16, 17,
       18, 19, 20]), 'minimum_residual': -0.01137515327334404}
RMPCC-MF inactive Row M stages are trivially feasible.
RMPCC-MF minimum box residuals [state | input]: 3.9e-08 | 0.0
SQP_RTI solver failed with status 4. Starting infeasible recovery.
Backup solver is unavailable; falling back to safe stop.
Applied nominal_safe_controller safe-stop plan after infeasible RMPCC-MF solve.
[RMPCC 0500] SAFE_STOP solve=219.5ms pose=(1.134,0.594,0.632) u=(0.000,0.000) s=1.344 PSDFmin=-0.01038 G=FAIL(-0.01138) MF=inactive(active=0/20)
Acados solver failed with status 4
Acados residuals [stat, eq, ineq, comp]: [100.        0.        0.01138   0.     ]
Acados SQP iterations: 1
RMPCC-MF diagnostics captured before infeasibility recovery.
RMPCC-MF failed-iterate infeasibility candidates:
  - {'constraint': 'row_g_hard_guard', 'stages': array([ 1,  2,  3,  4,  5,  6,  7,  8,  9, 10, 11, 12, 13, 14, 15, 16, 17,
       18, 19, 20]), 'minimum_residual': -0.01137515327334404}
RMPCC-MF inactive Row M stages are trivially feasible.
RMPCC-MF minimum box residuals [state | input]: 3.9e-08 | 0.0
SQP_RTI solver failed with status 4. Starting infeasible recovery.
Backup solver is unavailable; falling back to safe stop.
Applied nominal_safe_controller safe-stop plan after infeasible RMPCC-MF solve.
[RMPCC 0501] SAFE_STOP solve=215.4ms pose=(1.134,0.594,0.632) u=(0.000,0.000) s=1.344 PSDFmin=-0.01038 G=FAIL(-0.01138) MF=inactive(active=0/20)
Acados solver failed with status 4
Acados residuals [stat, eq, ineq, comp]: [100.        0.        0.01138   0.     ]
Acados SQP iterations: 1
RMPCC-MF diagnostics captured before infeasibility recovery.
RMPCC-MF failed-iterate infeasibility candidates:
  - {'constraint': 'row_g_hard_guard', 'stages': array([ 1,  2,  3,  4,  5,  6,  7,  8,  9, 10, 11, 12, 13, 14, 15, 16, 17,
       18, 19, 20]), 'minimum_residual': -0.01137515327334404}
RMPCC-MF inactive Row M stages are trivially feasible.
RMPCC-MF minimum box residuals [state | input]: 3.9e-08 | 0.0
SQP_RTI solver failed with status 4. Starting infeasible recovery.
Backup solver is unavailable; falling back to safe stop.
Applied nominal_safe_controller safe-stop plan after infeasible RMPCC-MF solve.
[RMPCC 0502] SAFE_STOP solve=234.2ms pose=(1.134,0.594,0.632) u=(0.000,0.000) s=1.344 PSDFmin=-0.01038 G=FAIL(-0.01138) MF=inactive(active=0/20)
Acados solver failed with status 4
Acados residuals [stat, eq, ineq, comp]: [100.        0.        0.01138   0.     ]
Acados SQP iterations: 1
RMPCC-MF diagnostics captured before infeasibility recovery.
RMPCC-MF failed-iterate infeasibility candidates:
  - {'constraint': 'row_g_hard_guard', 'stages': array([ 1,  2,  3,  4,  5,  6,  7,  8,  9, 10, 11, 12, 13, 14, 15, 16, 17,
       18, 19, 20]), 'minimum_residual': -0.01137515327334404}
RMPCC-MF inactive Row M stages are trivially feasible.
RMPCC-MF minimum box residuals [state | input]: 3.9e-08 | 0.0
SQP_RTI solver failed with status 4. Starting infeasible recovery.
Backup solver is unavailable; falling back to safe stop.
Applied nominal_safe_controller safe-stop plan after infeasible RMPCC-MF solve.
[RMPCC 0503] SAFE_STOP solve=216.3ms pose=(1.134,0.594,0.632) u=(0.000,0.000) s=1.344 PSDFmin=-0.01038 G=FAIL(-0.01138) MF=inactive(active=0/20)
Acados solver failed with status 4
Acados residuals [stat, eq, ineq, comp]: [100.        0.        0.01138   0.     ]
Acados SQP iterations: 1
RMPCC-MF diagnostics captured before infeasibility recovery.
RMPCC-MF failed-iterate infeasibility candidates:
  - {'constraint': 'row_g_hard_guard', 'stages': array([ 1,  2,  3,  4,  5,  6,  7,  8,  9, 10, 11, 12, 13, 14, 15, 16, 17,
       18, 19, 20]), 'minimum_residual': -0.01137515327334404}
RMPCC-MF inactive Row M stages are trivially feasible.
RMPCC-MF minimum box residuals [state | input]: 3.9e-08 | 0.0
SQP_RTI solver failed with status 4. Starting infeasible recovery.
Backup solver is unavailable; falling back to safe stop.
Applied nominal_safe_controller safe-stop plan after infeasible RMPCC-MF solve.
[RMPCC 0504] SAFE_STOP solve=226.8ms pose=(1.134,0.594,0.632) u=(0.000,0.000) s=1.344 PSDFmin=-0.01038 G=FAIL(-0.01138) MF=inactive(active=0/20)
Acados solver failed with status 4
Acados residuals [stat, eq, ineq, comp]: [100.        0.        0.01138   0.     ]
Acados SQP iterations: 1
RMPCC-MF diagnostics captured before infeasibility recovery.
RMPCC-MF failed-iterate infeasibility candidates:
  - {'constraint': 'row_g_hard_guard', 'stages': array([ 1,  2,  3,  4,  5,  6,  7,  8,  9, 10, 11, 12, 13, 14, 15, 16, 17,
       18, 19, 20]), 'minimum_residual': -0.01137515327334404}
RMPCC-MF inactive Row M stages are trivially feasible.
RMPCC-MF minimum box residuals [state | input]: 3.9e-08 | 0.0
SQP_RTI solver failed with status 4. Starting infeasible recovery.
Backup solver is unavailable; falling back to safe stop.
Applied nominal_safe_controller safe-stop plan after infeasible RMPCC-MF solve.
[RMPCC 0505] SAFE_STOP solve=233.5ms pose=(1.134,0.594,0.632) u=(0.000,0.000) s=1.344 PSDFmin=-0.01038 G=FAIL(-0.01138) MF=inactive(active=0/20)
Acados solver failed with status 4
Acados residuals [stat, eq, ineq, comp]: [100.        0.        0.01138   0.     ]
Acados SQP iterations: 1
RMPCC-MF diagnostics captured before infeasibility recovery.
RMPCC-MF failed-iterate infeasibility candidates:
  - {'constraint': 'row_g_hard_guard', 'stages': array([ 1,  2,  3,  4,  5,  6,  7,  8,  9, 10, 11, 12, 13, 14, 15, 16, 17,
       18, 19, 20]), 'minimum_residual': -0.01137515327334404}
RMPCC-MF inactive Row M stages are trivially feasible.
RMPCC-MF minimum box residuals [state | input]: 3.9e-08 | 0.0
SQP_RTI solver failed with status 4. Starting infeasible recovery.
Backup solver is unavailable; falling back to safe stop.
Applied nominal_safe_controller safe-stop plan after infeasible RMPCC-MF solve.
[RMPCC 0506] SAFE_STOP solve=245.4ms pose=(1.134,0.594,0.632) u=(0.000,0.000) s=1.344 PSDFmin=-0.01038 G=FAIL(-0.01138) MF=inactive(active=0/20)
Acados solver failed with status 4
Acados residuals [stat, eq, ineq, comp]: [100.        0.        0.01138   0.     ]
Acados SQP iterations: 1
RMPCC-MF diagnostics captured before infeasibility recovery.
RMPCC-MF failed-iterate infeasibility candidates:
  - {'constraint': 'row_g_hard_guard', 'stages': array([ 1,  2,  3,  4,  5,  6,  7,  8,  9, 10, 11, 12, 13, 14, 15, 16, 17,
       18, 19, 20]), 'minimum_residual': -0.01137515327334404}
RMPCC-MF inactive Row M stages are trivially feasible.
RMPCC-MF minimum box residuals [state | input]: 3.9e-08 | 0.0
SQP_RTI solver failed with status 4. Starting infeasible recovery.
Backup solver is unavailable; falling back to safe stop.
Applied nominal_safe_controller safe-stop plan after infeasible RMPCC-MF solve.
[RMPCC 0507] SAFE_STOP solve=222.0ms pose=(1.134,0.594,0.632) u=(0.000,0.000) s=1.344 PSDFmin=-0.01038 G=FAIL(-0.01138) MF=inactive(active=0/20)
Acados solver failed with status 4
Acados residuals [stat, eq, ineq, comp]: [100.        0.        0.01138   0.     ]
Acados SQP iterations: 1
RMPCC-MF diagnostics captured before infeasibility recovery.
RMPCC-MF failed-iterate infeasibility candidates:
  - {'constraint': 'row_g_hard_guard', 'stages': array([ 1,  2,  3,  4,  5,  6,  7,  8,  9, 10, 11, 12, 13, 14, 15, 16, 17,
       18, 19, 20]), 'minimum_residual': -0.01137515327334404}
RMPCC-MF inactive Row M stages are trivially feasible.
RMPCC-MF minimum box residuals [state | input]: 3.9e-08 | 0.0
SQP_RTI solver failed with status 4. Starting infeasible recovery.
Backup solver is unavailable; falling back to safe stop.
Applied nominal_safe_controller safe-stop plan after infeasible RMPCC-MF solve.
[RMPCC 0508] SAFE_STOP solve=226.0ms pose=(1.134,0.594,0.632) u=(0.000,0.000) s=1.344 PSDFmin=-0.01038 G=FAIL(-0.01138) MF=inactive(active=0/20)
Acados solver failed with status 4
Acados residuals [stat, eq, ineq, comp]: [100.        0.        0.01138   0.     ]
Acados SQP iterations: 1
RMPCC-MF diagnostics captured before infeasibility recovery.
RMPCC-MF failed-iterate infeasibility candidates:
  - {'constraint': 'row_g_hard_guard', 'stages': array([ 1,  2,  3,  4,  5,  6,  7,  8,  9, 10, 11, 12, 13, 14, 15, 16, 17,
       18, 19, 20]), 'minimum_residual': -0.01137515327334404}
RMPCC-MF inactive Row M stages are trivially feasible.
RMPCC-MF minimum box residuals [state | input]: 3.9e-08 | 0.0
SQP_RTI solver failed with status 4. Starting infeasible recovery.
Backup solver is unavailable; falling back to safe stop.
Applied nominal_safe_controller safe-stop plan after infeasible RMPCC-MF solve.
[RMPCC 0509] SAFE_STOP solve=218.6ms pose=(1.134,0.594,0.632) u=(0.000,0.000) s=1.344 PSDFmin=-0.01038 G=FAIL(-0.01138) MF=inactive(active=0/20)
Acados solver failed with status 4
Acados residuals [stat, eq, ineq, comp]: [100.        0.        0.01138   0.     ]
Acados SQP iterations: 1
RMPCC-MF diagnostics captured before infeasibility recovery.
RMPCC-MF failed-iterate infeasibility candidates:
  - {'constraint': 'row_g_hard_guard', 'stages': array([ 1,  2,  3,  4,  5,  6,  7,  8,  9, 10, 11, 12, 13, 14, 15, 16, 17,
       18, 19, 20]), 'minimum_residual': -0.01137515327334404}
RMPCC-MF inactive Row M stages are trivially feasible.
RMPCC-MF minimum box residuals [state | input]: 3.9e-08 | 0.0
SQP_RTI solver failed with status 4. Starting infeasible recovery.
Backup solver is unavailable; falling back to safe stop.
Applied nominal_safe_controller safe-stop plan after infeasible RMPCC-MF solve.
[RMPCC 0510] SAFE_STOP solve=219.9ms pose=(1.134,0.594,0.632) u=(0.000,0.000) s=1.344 PSDFmin=-0.01038 G=FAIL(-0.01138) MF=inactive(active=0/20)
Acados solver failed with status 4
Acados residuals [stat, eq, ineq, comp]: [100.        0.        0.01138   0.     ]
Acados SQP iterations: 1
RMPCC-MF diagnostics captured before infeasibility recovery.
RMPCC-MF failed-iterate infeasibility candidates:
  - {'constraint': 'row_g_hard_guard', 'stages': array([ 1,  2,  3,  4,  5,  6,  7,  8,  9, 10, 11, 12, 13, 14, 15, 16, 17,
       18, 19, 20]), 'minimum_residual': -0.01137515327334404}
RMPCC-MF inactive Row M stages are trivially feasible.
RMPCC-MF minimum box residuals [state | input]: 3.9e-08 | 0.0
SQP_RTI solver failed with status 4. Starting infeasible recovery.
Backup solver is unavailable; falling back to safe stop.
Applied nominal_safe_controller safe-stop plan after infeasible RMPCC-MF solve.
[RMPCC 0511] SAFE_STOP solve=239.8ms pose=(1.134,0.594,0.632) u=(0.000,0.000) s=1.344 PSDFmin=-0.01038 G=FAIL(-0.01138) MF=inactive(active=0/20)
Acados solver failed with status 4
Acados residuals [stat, eq, ineq, comp]: [100.        0.        0.01138   0.     ]
Acados SQP iterations: 1
RMPCC-MF diagnostics captured before infeasibility recovery.
RMPCC-MF failed-iterate infeasibility candidates:
  - {'constraint': 'row_g_hard_guard', 'stages': array([ 1,  2,  3,  4,  5,  6,  7,  8,  9, 10, 11, 12, 13, 14, 15, 16, 17,
       18, 19, 20]), 'minimum_residual': -0.01137515327334404}
RMPCC-MF inactive Row M stages are trivially feasible.
RMPCC-MF minimum box residuals [state | input]: 3.9e-08 | 0.0
SQP_RTI solver failed with status 4. Starting infeasible recovery.
Backup solver is unavailable; falling back to safe stop.
Applied nominal_safe_controller safe-stop plan after infeasible RMPCC-MF solve.
[RMPCC 0512] SAFE_STOP solve=233.4ms pose=(1.134,0.594,0.632) u=(0.000,0.000) s=1.344 PSDFmin=-0.01038 G=FAIL(-0.01138) MF=inactive(active=0/20)
Acados solver failed with status 4
Acados residuals [stat, eq, ineq, comp]: [100.        0.        0.01138   0.     ]
Acados SQP iterations: 1
RMPCC-MF diagnostics captured before infeasibility recovery.
RMPCC-MF failed-iterate infeasibility candidates:
  - {'constraint': 'row_g_hard_guard', 'stages': array([ 1,  2,  3,  4,  5,  6,  7,  8,  9, 10, 11, 12, 13, 14, 15, 16, 17,
       18, 19, 20]), 'minimum_residual': -0.01137515327334404}
RMPCC-MF inactive Row M stages are trivially feasible.
RMPCC-MF minimum box residuals [state | input]: 3.9e-08 | 0.0
SQP_RTI solver failed with status 4. Starting infeasible recovery.
Backup solver is unavailable; falling back to safe stop.
Applied nominal_safe_controller safe-stop plan after infeasible RMPCC-MF solve.
[RMPCC 0513] SAFE_STOP solve=228.8ms pose=(1.134,0.594,0.632) u=(0.000,0.000) s=1.344 PSDFmin=-0.01038 G=FAIL(-0.01138) MF=inactive(active=0/20)
Acados solver failed with status 4
Acados residuals [stat, eq, ineq, comp]: [100.        0.        0.01138   0.     ]
Acados SQP iterations: 1
RMPCC-MF diagnostics captured before infeasibility recovery.
RMPCC-MF failed-iterate infeasibility candidates:
  - {'constraint': 'row_g_hard_guard', 'stages': array([ 1,  2,  3,  4,  5,  6,  7,  8,  9, 10, 11, 12, 13, 14, 15, 16, 17,
       18, 19, 20]), 'minimum_residual': -0.01137515327334404}
RMPCC-MF inactive Row M stages are trivially feasible.
RMPCC-MF minimum box residuals [state | input]: 3.9e-08 | 0.0
SQP_RTI solver failed with status 4. Starting infeasible recovery.
Backup solver is unavailable; falling back to safe stop.
Applied nominal_safe_controller safe-stop plan after infeasible RMPCC-MF solve.
[RMPCC 0514] SAFE_STOP solve=241.7ms pose=(1.134,0.594,0.632) u=(0.000,0.000) s=1.344 PSDFmin=-0.01038 G=FAIL(-0.01138) MF=inactive(active=0/20)
Acados solver failed with status 4
Acados residuals [stat, eq, ineq, comp]: [100.        0.        0.01138   0.     ]
Acados SQP iterations: 1
RMPCC-MF diagnostics captured before infeasibility recovery.
RMPCC-MF failed-iterate infeasibility candidates:
  - {'constraint': 'row_g_hard_guard', 'stages': array([ 1,  2,  3,  4,  5,  6,  7,  8,  9, 10, 11, 12, 13, 14, 15, 16, 17,
       18, 19, 20]), 'minimum_residual': -0.01137515327334404}
RMPCC-MF inactive Row M stages are trivially feasible.
RMPCC-MF minimum box residuals [state | input]: 3.9e-08 | 0.0
SQP_RTI solver failed with status 4. Starting infeasible recovery.
Backup solver is unavailable; falling back to safe stop.
Applied nominal_safe_controller safe-stop plan after infeasible RMPCC-MF solve.
[RMPCC 0515] SAFE_STOP solve=229.2ms pose=(1.134,0.594,0.632) u=(0.000,0.000) s=1.344 PSDFmin=-0.01038 G=FAIL(-0.01138) MF=inactive(active=0/20)
Acados solver failed with status 4
Acados residuals [stat, eq, ineq, comp]: [100.        0.        0.01138   0.     ]
Acados SQP iterations: 1
RMPCC-MF diagnostics captured before infeasibility recovery.
RMPCC-MF failed-iterate infeasibility candidates:
  - {'constraint': 'row_g_hard_guard', 'stages': array([ 1,  2,  3,  4,  5,  6,  7,  8,  9, 10, 11, 12, 13, 14, 15, 16, 17,
       18, 19, 20]), 'minimum_residual': -0.01137515327334404}
RMPCC-MF inactive Row M stages are trivially feasible.
RMPCC-MF minimum box residuals [state | input]: 3.9e-08 | 0.0
SQP_RTI solver failed with status 4. Starting infeasible recovery.
Backup solver is unavailable; falling back to safe stop.
Applied nominal_safe_controller safe-stop plan after infeasible RMPCC-MF solve.
[RMPCC 0516] SAFE_STOP solve=211.1ms pose=(1.134,0.594,0.632) u=(0.000,0.000) s=1.344 PSDFmin=-0.01038 G=FAIL(-0.01138) MF=inactive(active=0/20)
Acados solver failed with status 4
Acados residuals [stat, eq, ineq, comp]: [100.        0.        0.01138   0.     ]
Acados SQP iterations: 1
RMPCC-MF diagnostics captured before infeasibility recovery.
RMPCC-MF failed-iterate infeasibility candidates:
  - {'constraint': 'row_g_hard_guard', 'stages': array([ 1,  2,  3,  4,  5,  6,  7,  8,  9, 10, 11, 12, 13, 14, 15, 16, 17,
       18, 19, 20]), 'minimum_residual': -0.01137515327334404}
RMPCC-MF inactive Row M stages are trivially feasible.
RMPCC-MF minimum box residuals [state | input]: 3.9e-08 | 0.0
SQP_RTI solver failed with status 4. Starting infeasible recovery.
Backup solver is unavailable; falling back to safe stop.
Applied nominal_safe_controller safe-stop plan after infeasible RMPCC-MF solve.
[RMPCC 0517] SAFE_STOP solve=221.7ms pose=(1.134,0.594,0.632) u=(0.000,0.000) s=1.344 PSDFmin=-0.01038 G=FAIL(-0.01138) MF=inactive(active=0/20)
Acados solver failed with status 4
Acados residuals [stat, eq, ineq, comp]: [100.        0.        0.01138   0.     ]
Acados SQP iterations: 1
RMPCC-MF diagnostics captured before infeasibility recovery.
RMPCC-MF failed-iterate infeasibility candidates:
  - {'constraint': 'row_g_hard_guard', 'stages': array([ 1,  2,  3,  4,  5,  6,  7,  8,  9, 10, 11, 12, 13, 14, 15, 16, 17,
       18, 19, 20]), 'minimum_residual': -0.01137515327334404}
RMPCC-MF inactive Row M stages are trivially feasible.
RMPCC-MF minimum box residuals [state | input]: 3.9e-08 | 0.0
SQP_RTI solver failed with status 4. Starting infeasible recovery.
Backup solver is unavailable; falling back to safe stop.
Applied nominal_safe_controller safe-stop plan after infeasible RMPCC-MF solve.
[RMPCC 0518] SAFE_STOP solve=214.7ms pose=(1.134,0.594,0.632) u=(0.000,0.000) s=1.344 PSDFmin=-0.01038 G=FAIL(-0.01138) MF=inactive(active=0/20)
Acados solver failed with status 4
Acados residuals [stat, eq, ineq, comp]: [100.        0.        0.01138   0.     ]
Acados SQP iterations: 1
RMPCC-MF diagnostics captured before infeasibility recovery.
RMPCC-MF failed-iterate infeasibility candidates:
  - {'constraint': 'row_g_hard_guard', 'stages': array([ 1,  2,  3,  4,  5,  6,  7,  8,  9, 10, 11, 12, 13, 14, 15, 16, 17,
       18, 19, 20]), 'minimum_residual': -0.01137515327334404}
RMPCC-MF inactive Row M stages are trivially feasible.
RMPCC-MF minimum box residuals [state | input]: 3.9e-08 | 0.0
SQP_RTI solver failed with status 4. Starting infeasible recovery.
Backup solver is unavailable; falling back to safe stop.
Applied nominal_safe_controller safe-stop plan after infeasible RMPCC-MF solve.
[RMPCC 0519] SAFE_STOP solve=236.0ms pose=(1.134,0.594,0.632) u=(0.000,0.000) s=1.344 PSDFmin=-0.01038 G=FAIL(-0.01138) MF=inactive(active=0/20)
Acados solver failed with status 4
Acados residuals [stat, eq, ineq, comp]: [100.        0.        0.01138   0.     ]
Acados SQP iterations: 1
RMPCC-MF diagnostics captured before infeasibility recovery.
RMPCC-MF failed-iterate infeasibility candidates:
  - {'constraint': 'row_g_hard_guard', 'stages': array([ 1,  2,  3,  4,  5,  6,  7,  8,  9, 10, 11, 12, 13, 14, 15, 16, 17,
       18, 19, 20]), 'minimum_residual': -0.01137515327334404}
RMPCC-MF inactive Row M stages are trivially feasible.
RMPCC-MF minimum box residuals [state | input]: 3.9e-08 | 0.0
SQP_RTI solver failed with status 4. Starting infeasible recovery.
Backup solver is unavailable; falling back to safe stop.
Applied nominal_safe_controller safe-stop plan after infeasible RMPCC-MF solve.
[RMPCC 0520] SAFE_STOP solve=226.2ms pose=(1.134,0.594,0.632) u=(0.000,0.000) s=1.344 PSDFmin=-0.01038 G=FAIL(-0.01138) MF=inactive(active=0/20)
Acados solver failed with status 4
Acados residuals [stat, eq, ineq, comp]: [100.        0.        0.01138   0.     ]
Acados SQP iterations: 1
RMPCC-MF diagnostics captured before infeasibility recovery.
RMPCC-MF failed-iterate infeasibility candidates:
  - {'constraint': 'row_g_hard_guard', 'stages': array([ 1,  2,  3,  4,  5,  6,  7,  8,  9, 10, 11, 12, 13, 14, 15, 16, 17,
       18, 19, 20]), 'minimum_residual': -0.01137515327334404}
RMPCC-MF inactive Row M stages are trivially feasible.
RMPCC-MF minimum box residuals [state | input]: 3.9e-08 | 0.0
SQP_RTI solver failed with status 4. Starting infeasible recovery.
Backup solver is unavailable; falling back to safe stop.
Applied nominal_safe_controller safe-stop plan after infeasible RMPCC-MF solve.
[RMPCC 0521] SAFE_STOP solve=224.4ms pose=(1.134,0.594,0.632) u=(0.000,0.000) s=1.344 PSDFmin=-0.01038 G=FAIL(-0.01138) MF=inactive(active=0/20)
Acados solver failed with status 4
Acados residuals [stat, eq, ineq, comp]: [100.        0.        0.01138   0.     ]
Acados SQP iterations: 1
RMPCC-MF diagnostics captured before infeasibility recovery.
RMPCC-MF failed-iterate infeasibility candidates:
  - {'constraint': 'row_g_hard_guard', 'stages': array([ 1,  2,  3,  4,  5,  6,  7,  8,  9, 10, 11, 12, 13, 14, 15, 16, 17,
       18, 19, 20]), 'minimum_residual': -0.01137515327334404}
RMPCC-MF inactive Row M stages are trivially feasible.
RMPCC-MF minimum box residuals [state | input]: 3.9e-08 | 0.0
SQP_RTI solver failed with status 4. Starting infeasible recovery.
Backup solver is unavailable; falling back to safe stop.
Applied nominal_safe_controller safe-stop plan after infeasible RMPCC-MF solve.
[RMPCC 0522] SAFE_STOP solve=229.0ms pose=(1.134,0.594,0.632) u=(0.000,0.000) s=1.344 PSDFmin=-0.01038 G=FAIL(-0.01138) MF=inactive(active=0/20)
Acados solver failed with status 4
Acados residuals [stat, eq, ineq, comp]: [100.        0.        0.01138   0.     ]
Acados SQP iterations: 1
RMPCC-MF diagnostics captured before infeasibility recovery.
RMPCC-MF failed-iterate infeasibility candidates:
  - {'constraint': 'row_g_hard_guard', 'stages': array([ 1,  2,  3,  4,  5,  6,  7,  8,  9, 10, 11, 12, 13, 14, 15, 16, 17,
       18, 19, 20]), 'minimum_residual': -0.01137515327334404}
RMPCC-MF inactive Row M stages are trivially feasible.
RMPCC-MF minimum box residuals [state | input]: 3.9e-08 | 0.0
SQP_RTI solver failed with status 4. Starting infeasible recovery.
Backup solver is unavailable; falling back to safe stop.
Applied nominal_safe_controller safe-stop plan after infeasible RMPCC-MF solve.
[RMPCC 0523] SAFE_STOP solve=226.0ms pose=(1.134,0.594,0.632) u=(0.000,0.000) s=1.344 PSDFmin=-0.01038 G=FAIL(-0.01138) MF=inactive(active=0/20)
Acados solver failed with status 4
Acados residuals [stat, eq, ineq, comp]: [100.        0.        0.01138   0.     ]
Acados SQP iterations: 1
RMPCC-MF diagnostics captured before infeasibility recovery.
RMPCC-MF failed-iterate infeasibility candidates:
  - {'constraint': 'row_g_hard_guard', 'stages': array([ 1,  2,  3,  4,  5,  6,  7,  8,  9, 10, 11, 12, 13, 14, 15, 16, 17,
       18, 19, 20]), 'minimum_residual': -0.01137515327334404}
RMPCC-MF inactive Row M stages are trivially feasible.
RMPCC-MF minimum box residuals [state | input]: 3.9e-08 | 0.0
SQP_RTI solver failed with status 4. Starting infeasible recovery.
Backup solver is unavailable; falling back to safe stop.
Applied nominal_safe_controller safe-stop plan after infeasible RMPCC-MF solve.
[RMPCC 0524] SAFE_STOP solve=220.0ms pose=(1.134,0.594,0.632) u=(0.000,0.000) s=1.344 PSDFmin=-0.01038 G=FAIL(-0.01138) MF=inactive(active=0/20)
Acados solver failed with status 4
Acados residuals [stat, eq, ineq, comp]: [100.        0.        0.01138   0.     ]
Acados SQP iterations: 1
RMPCC-MF diagnostics captured before infeasibility recovery.
RMPCC-MF failed-iterate infeasibility candidates:
  - {'constraint': 'row_g_hard_guard', 'stages': array([ 1,  2,  3,  4,  5,  6,  7,  8,  9, 10, 11, 12, 13, 14, 15, 16, 17,
       18, 19, 20]), 'minimum_residual': -0.01137515327334404}
RMPCC-MF inactive Row M stages are trivially feasible.
RMPCC-MF minimum box residuals [state | input]: 3.9e-08 | 0.0
SQP_RTI solver failed with status 4. Starting infeasible recovery.
Backup solver is unavailable; falling back to safe stop.
Applied nominal_safe_controller safe-stop plan after infeasible RMPCC-MF solve.
[RMPCC 0525] SAFE_STOP solve=212.0ms pose=(1.134,0.594,0.632) u=(0.000,0.000) s=1.344 PSDFmin=-0.01038 G=FAIL(-0.01138) MF=inactive(active=0/20)
Acados solver failed with status 4
Acados residuals [stat, eq, ineq, comp]: [100.        0.        0.01138   0.     ]
Acados SQP iterations: 1
RMPCC-MF diagnostics captured before infeasibility recovery.
RMPCC-MF failed-iterate infeasibility candidates:
  - {'constraint': 'row_g_hard_guard', 'stages': array([ 1,  2,  3,  4,  5,  6,  7,  8,  9, 10, 11, 12, 13, 14, 15, 16, 17,
       18, 19, 20]), 'minimum_residual': -0.01137515327334404}
RMPCC-MF inactive Row M stages are trivially feasible.
RMPCC-MF minimum box residuals [state | input]: 3.9e-08 | 0.0
SQP_RTI solver failed with status 4. Starting infeasible recovery.
Backup solver is unavailable; falling back to safe stop.
Applied nominal_safe_controller safe-stop plan after infeasible RMPCC-MF solve.
[RMPCC 0526] SAFE_STOP solve=231.4ms pose=(1.134,0.594,0.632) u=(0.000,0.000) s=1.344 PSDFmin=-0.01038 G=FAIL(-0.01138) MF=inactive(active=0/20)
Acados solver failed with status 4
Acados residuals [stat, eq, ineq, comp]: [100.        0.        0.01138   0.     ]
Acados SQP iterations: 1
RMPCC-MF diagnostics captured before infeasibility recovery.
RMPCC-MF failed-iterate infeasibility candidates:
  - {'constraint': 'row_g_hard_guard', 'stages': array([ 1,  2,  3,  4,  5,  6,  7,  8,  9, 10, 11, 12, 13, 14, 15, 16, 17,
       18, 19, 20]), 'minimum_residual': -0.01137515327334404}
RMPCC-MF inactive Row M stages are trivially feasible.
RMPCC-MF minimum box residuals [state | input]: 3.9e-08 | 0.0
SQP_RTI solver failed with status 4. Starting infeasible recovery.
Backup solver is unavailable; falling back to safe stop.
Applied nominal_safe_controller safe-stop plan after infeasible RMPCC-MF solve.
[RMPCC 0527] SAFE_STOP solve=217.6ms pose=(1.134,0.594,0.632) u=(0.000,0.000) s=1.344 PSDFmin=-0.01038 G=FAIL(-0.01138) MF=inactive(active=0/20)
Acados solver failed with status 4
Acados residuals [stat, eq, ineq, comp]: [100.        0.        0.01138   0.     ]
Acados SQP iterations: 1
RMPCC-MF diagnostics captured before infeasibility recovery.
RMPCC-MF failed-iterate infeasibility candidates:
  - {'constraint': 'row_g_hard_guard', 'stages': array([ 1,  2,  3,  4,  5,  6,  7,  8,  9, 10, 11, 12, 13, 14, 15, 16, 17,
       18, 19, 20]), 'minimum_residual': -0.01137515327334404}
RMPCC-MF inactive Row M stages are trivially feasible.
RMPCC-MF minimum box residuals [state | input]: 3.9e-08 | 0.0
SQP_RTI solver failed with status 4. Starting infeasible recovery.
Backup solver is unavailable; falling back to safe stop.
Applied nominal_safe_controller safe-stop plan after infeasible RMPCC-MF solve.
[RMPCC 0528] SAFE_STOP solve=223.7ms pose=(1.134,0.594,0.632) u=(0.000,0.000) s=1.344 PSDFmin=-0.01038 G=FAIL(-0.01138) MF=inactive(active=0/20)
Acados solver failed with status 4
Acados residuals [stat, eq, ineq, comp]: [100.        0.        0.01138   0.     ]
Acados SQP iterations: 1
RMPCC-MF diagnostics captured before infeasibility recovery.
RMPCC-MF failed-iterate infeasibility candidates:
  - {'constraint': 'row_g_hard_guard', 'stages': array([ 1,  2,  3,  4,  5,  6,  7,  8,  9, 10, 11, 12, 13, 14, 15, 16, 17,
       18, 19, 20]), 'minimum_residual': -0.01137515327334404}
RMPCC-MF inactive Row M stages are trivially feasible.
RMPCC-MF minimum box residuals [state | input]: 3.9e-08 | 0.0
SQP_RTI solver failed with status 4. Starting infeasible recovery.
Backup solver is unavailable; falling back to safe stop.
Applied nominal_safe_controller safe-stop plan after infeasible RMPCC-MF solve.
[RMPCC 0529] SAFE_STOP solve=226.3ms pose=(1.134,0.594,0.632) u=(0.000,0.000) s=1.344 PSDFmin=-0.01038 G=FAIL(-0.01138) MF=inactive(active=0/20)
Acados solver failed with status 4
Acados residuals [stat, eq, ineq, comp]: [100.        0.        0.01138   0.     ]
Acados SQP iterations: 1
RMPCC-MF diagnostics captured before infeasibility recovery.
RMPCC-MF failed-iterate infeasibility candidates:
  - {'constraint': 'row_g_hard_guard', 'stages': array([ 1,  2,  3,  4,  5,  6,  7,  8,  9, 10, 11, 12, 13, 14, 15, 16, 17,
       18, 19, 20]), 'minimum_residual': -0.01137515327334404}
RMPCC-MF inactive Row M stages are trivially feasible.
RMPCC-MF minimum box residuals [state | input]: 3.9e-08 | 0.0
SQP_RTI solver failed with status 4. Starting infeasible recovery.
Backup solver is unavailable; falling back to safe stop.
Applied nominal_safe_controller safe-stop plan after infeasible RMPCC-MF solve.
[RMPCC 0530] SAFE_STOP solve=222.9ms pose=(1.134,0.594,0.632) u=(0.000,0.000) s=1.344 PSDFmin=-0.01038 G=FAIL(-0.01138) MF=inactive(active=0/20)
Acados solver failed with status 4
Acados residuals [stat, eq, ineq, comp]: [100.        0.        0.01138   0.     ]
Acados SQP iterations: 1
RMPCC-MF diagnostics captured before infeasibility recovery.
RMPCC-MF failed-iterate infeasibility candidates:
  - {'constraint': 'row_g_hard_guard', 'stages': array([ 1,  2,  3,  4,  5,  6,  7,  8,  9, 10, 11, 12, 13, 14, 15, 16, 17,
       18, 19, 20]), 'minimum_residual': -0.01137515327334404}
RMPCC-MF inactive Row M stages are trivially feasible.
RMPCC-MF minimum box residuals [state | input]: 3.9e-08 | 0.0
SQP_RTI solver failed with status 4. Starting infeasible recovery.
Backup solver is unavailable; falling back to safe stop.
Applied nominal_safe_controller safe-stop plan after infeasible RMPCC-MF solve.
[RMPCC 0531] SAFE_STOP solve=230.8ms pose=(1.134,0.594,0.632) u=(0.000,0.000) s=1.344 PSDFmin=-0.01038 G=FAIL(-0.01138) MF=inactive(active=0/20)
Acados solver failed with status 4
Acados residuals [stat, eq, ineq, comp]: [100.        0.        0.01138   0.     ]
Acados SQP iterations: 1
RMPCC-MF diagnostics captured before infeasibility recovery.
RMPCC-MF failed-iterate infeasibility candidates:
  - {'constraint': 'row_g_hard_guard', 'stages': array([ 1,  2,  3,  4,  5,  6,  7,  8,  9, 10, 11, 12, 13, 14, 15, 16, 17,
       18, 19, 20]), 'minimum_residual': -0.01137515327334404}
RMPCC-MF inactive Row M stages are trivially feasible.
RMPCC-MF minimum box residuals [state | input]: 3.9e-08 | 0.0
SQP_RTI solver failed with status 4. Starting infeasible recovery.
Backup solver is unavailable; falling back to safe stop.
Applied nominal_safe_controller safe-stop plan after infeasible RMPCC-MF solve.
[RMPCC 0532] SAFE_STOP solve=235.0ms pose=(1.134,0.594,0.632) u=(0.000,0.000) s=1.344 PSDFmin=-0.01038 G=FAIL(-0.01138) MF=inactive(active=0/20)
Acados solver failed with status 4
Acados residuals [stat, eq, ineq, comp]: [100.        0.        0.01138   0.     ]
Acados SQP iterations: 1
RMPCC-MF diagnostics captured before infeasibility recovery.
RMPCC-MF failed-iterate infeasibility candidates:
  - {'constraint': 'row_g_hard_guard', 'stages': array([ 1,  2,  3,  4,  5,  6,  7,  8,  9, 10, 11, 12, 13, 14, 15, 16, 17,
       18, 19, 20]), 'minimum_residual': -0.01137515327334404}
RMPCC-MF inactive Row M stages are trivially feasible.
RMPCC-MF minimum box residuals [state | input]: 3.9e-08 | 0.0
SQP_RTI solver failed with status 4. Starting infeasible recovery.
Backup solver is unavailable; falling back to safe stop.
Applied nominal_safe_controller safe-stop plan after infeasible RMPCC-MF solve.
[RMPCC 0533] SAFE_STOP solve=314.7ms pose=(1.134,0.594,0.632) u=(0.000,0.000) s=1.344 PSDFmin=-0.01038 G=FAIL(-0.01138) MF=inactive(active=0/20)
Acados solver failed with status 4
Acados residuals [stat, eq, ineq, comp]: [100.        0.        0.01138   0.     ]
Acados SQP iterations: 1
RMPCC-MF diagnostics captured before infeasibility recovery.
RMPCC-MF failed-iterate infeasibility candidates:
  - {'constraint': 'row_g_hard_guard', 'stages': array([ 1,  2,  3,  4,  5,  6,  7,  8,  9, 10, 11, 12, 13, 14, 15, 16, 17,
       18, 19, 20]), 'minimum_residual': -0.01137515327334404}
RMPCC-MF inactive Row M stages are trivially feasible.
RMPCC-MF minimum box residuals [state | input]: 3.9e-08 | 0.0
SQP_RTI solver failed with status 4. Starting infeasible recovery.
Backup solver is unavailable; falling back to safe stop.
Applied nominal_safe_controller safe-stop plan after infeasible RMPCC-MF solve.
[RMPCC 0534] SAFE_STOP solve=232.5ms pose=(1.134,0.594,0.632) u=(0.000,0.000) s=1.344 PSDFmin=-0.01038 G=FAIL(-0.01138) MF=inactive(active=0/20)
Acados solver failed with status 4
Acados residuals [stat, eq, ineq, comp]: [100.        0.        0.01138   0.     ]
Acados SQP iterations: 1
RMPCC-MF diagnostics captured before infeasibility recovery.
RMPCC-MF failed-iterate infeasibility candidates:
  - {'constraint': 'row_g_hard_guard', 'stages': array([ 1,  2,  3,  4,  5,  6,  7,  8,  9, 10, 11, 12, 13, 14, 15, 16, 17,
       18, 19, 20]), 'minimum_residual': -0.01137515327334404}
RMPCC-MF inactive Row M stages are trivially feasible.
RMPCC-MF minimum box residuals [state | input]: 3.9e-08 | 0.0
SQP_RTI solver failed with status 4. Starting infeasible recovery.
Backup solver is unavailable; falling back to safe stop.
Applied nominal_safe_controller safe-stop plan after infeasible RMPCC-MF solve.
[RMPCC 0535] SAFE_STOP solve=214.0ms pose=(1.134,0.594,0.632) u=(0.000,0.000) s=1.344 PSDFmin=-0.01038 G=FAIL(-0.01138) MF=inactive(active=0/20)
Acados solver failed with status 4
Acados residuals [stat, eq, ineq, comp]: [100.        0.        0.01138   0.     ]
Acados SQP iterations: 1
RMPCC-MF diagnostics captured before infeasibility recovery.
RMPCC-MF failed-iterate infeasibility candidates:
  - {'constraint': 'row_g_hard_guard', 'stages': array([ 1,  2,  3,  4,  5,  6,  7,  8,  9, 10, 11, 12, 13, 14, 15, 16, 17,
       18, 19, 20]), 'minimum_residual': -0.01137515327334404}
RMPCC-MF inactive Row M stages are trivially feasible.
RMPCC-MF minimum box residuals [state | input]: 3.9e-08 | 0.0
SQP_RTI solver failed with status 4. Starting infeasible recovery.
Backup solver is unavailable; falling back to safe stop.
Applied nominal_safe_controller safe-stop plan after infeasible RMPCC-MF solve.
[RMPCC 0536] SAFE_STOP solve=216.7ms pose=(1.134,0.594,0.632) u=(0.000,0.000) s=1.344 PSDFmin=-0.01038 G=FAIL(-0.01138) MF=inactive(active=0/20)
Acados solver failed with status 4
Acados residuals [stat, eq, ineq, comp]: [100.        0.        0.01138   0.     ]
Acados SQP iterations: 1
RMPCC-MF diagnostics captured before infeasibility recovery.
RMPCC-MF failed-iterate infeasibility candidates:
  - {'constraint': 'row_g_hard_guard', 'stages': array([ 1,  2,  3,  4,  5,  6,  7,  8,  9, 10, 11, 12, 13, 14, 15, 16, 17,
       18, 19, 20]), 'minimum_residual': -0.01137515327334404}
RMPCC-MF inactive Row M stages are trivially feasible.
RMPCC-MF minimum box residuals [state | input]: 3.9e-08 | 0.0
SQP_RTI solver failed with status 4. Starting infeasible recovery.
Backup solver is unavailable; falling back to safe stop.
Applied nominal_safe_controller safe-stop plan after infeasible RMPCC-MF solve.
[RMPCC 0537] SAFE_STOP solve=217.9ms pose=(1.134,0.594,0.632) u=(0.000,0.000) s=1.344 PSDFmin=-0.01038 G=FAIL(-0.01138) MF=inactive(active=0/20)
Acados solver failed with status 4
Acados residuals [stat, eq, ineq, comp]: [100.        0.        0.01138   0.     ]
Acados SQP iterations: 1
RMPCC-MF diagnostics captured before infeasibility recovery.
RMPCC-MF failed-iterate infeasibility candidates:
  - {'constraint': 'row_g_hard_guard', 'stages': array([ 1,  2,  3,  4,  5,  6,  7,  8,  9, 10, 11, 12, 13, 14, 15, 16, 17,
       18, 19, 20]), 'minimum_residual': -0.01137515327334404}
RMPCC-MF inactive Row M stages are trivially feasible.
RMPCC-MF minimum box residuals [state | input]: 3.9e-08 | 0.0
SQP_RTI solver failed with status 4. Starting infeasible recovery.
Backup solver is unavailable; falling back to safe stop.
Applied nominal_safe_controller safe-stop plan after infeasible RMPCC-MF solve.
[RMPCC 0538] SAFE_STOP solve=231.4ms pose=(1.134,0.594,0.632) u=(0.000,0.000) s=1.344 PSDFmin=-0.01038 G=FAIL(-0.01138) MF=inactive(active=0/20)
Acados solver failed with status 4
Acados residuals [stat, eq, ineq, comp]: [100.        0.        0.01138   0.     ]
Acados SQP iterations: 1
RMPCC-MF diagnostics captured before infeasibility recovery.
RMPCC-MF failed-iterate infeasibility candidates:
  - {'constraint': 'row_g_hard_guard', 'stages': array([ 1,  2,  3,  4,  5,  6,  7,  8,  9, 10, 11, 12, 13, 14, 15, 16, 17,
       18, 19, 20]), 'minimum_residual': -0.01137515327334404}
RMPCC-MF inactive Row M stages are trivially feasible.
RMPCC-MF minimum box residuals [state | input]: 3.9e-08 | 0.0
SQP_RTI solver failed with status 4. Starting infeasible recovery.
Backup solver is unavailable; falling back to safe stop.
Applied nominal_safe_controller safe-stop plan after infeasible RMPCC-MF solve.
[RMPCC 0539] SAFE_STOP solve=219.1ms pose=(1.134,0.594,0.632) u=(0.000,0.000) s=1.344 PSDFmin=-0.01038 G=FAIL(-0.01138) MF=inactive(active=0/20)
Acados solver failed with status 4
Acados residuals [stat, eq, ineq, comp]: [100.        0.        0.01138   0.     ]
Acados SQP iterations: 1
RMPCC-MF diagnostics captured before infeasibility recovery.
RMPCC-MF failed-iterate infeasibility candidates:
  - {'constraint': 'row_g_hard_guard', 'stages': array([ 1,  2,  3,  4,  5,  6,  7,  8,  9, 10, 11, 12, 13, 14, 15, 16, 17,
       18, 19, 20]), 'minimum_residual': -0.01137515327334404}
RMPCC-MF inactive Row M stages are trivially feasible.
RMPCC-MF minimum box residuals [state | input]: 3.9e-08 | 0.0
SQP_RTI solver failed with status 4. Starting infeasible recovery.
Backup solver is unavailable; falling back to safe stop.
Applied nominal_safe_controller safe-stop plan after infeasible RMPCC-MF solve.
[RMPCC 0540] SAFE_STOP solve=232.3ms pose=(1.134,0.594,0.632) u=(0.000,0.000) s=1.344 PSDFmin=-0.01038 G=FAIL(-0.01138) MF=inactive(active=0/20)
Acados solver failed with status 4
Acados residuals [stat, eq, ineq, comp]: [100.        0.        0.01138   0.     ]
Acados SQP iterations: 1
RMPCC-MF diagnostics captured before infeasibility recovery.
RMPCC-MF failed-iterate infeasibility candidates:
  - {'constraint': 'row_g_hard_guard', 'stages': array([ 1,  2,  3,  4,  5,  6,  7,  8,  9, 10, 11, 12, 13, 14, 15, 16, 17,
       18, 19, 20]), 'minimum_residual': -0.01137515327334404}
RMPCC-MF inactive Row M stages are trivially feasible.
RMPCC-MF minimum box residuals [state | input]: 3.9e-08 | 0.0
SQP_RTI solver failed with status 4. Starting infeasible recovery.
Backup solver is unavailable; falling back to safe stop.
Applied nominal_safe_controller safe-stop plan after infeasible RMPCC-MF solve.
[RMPCC 0541] SAFE_STOP solve=217.9ms pose=(1.134,0.594,0.632) u=(0.000,0.000) s=1.344 PSDFmin=-0.01038 G=FAIL(-0.01138) MF=inactive(active=0/20)
Acados solver failed with status 4
Acados residuals [stat, eq, ineq, comp]: [100.        0.        0.01138   0.     ]
Acados SQP iterations: 1
RMPCC-MF diagnostics captured before infeasibility recovery.
RMPCC-MF failed-iterate infeasibility candidates:
  - {'constraint': 'row_g_hard_guard', 'stages': array([ 1,  2,  3,  4,  5,  6,  7,  8,  9, 10, 11, 12, 13, 14, 15, 16, 17,
       18, 19, 20]), 'minimum_residual': -0.01137515327334404}
RMPCC-MF inactive Row M stages are trivially feasible.
RMPCC-MF minimum box residuals [state | input]: 3.9e-08 | 0.0
SQP_RTI solver failed with status 4. Starting infeasible recovery.
Backup solver is unavailable; falling back to safe stop.
Applied nominal_safe_controller safe-stop plan after infeasible RMPCC-MF solve.
[RMPCC 0542] SAFE_STOP solve=220.3ms pose=(1.134,0.594,0.632) u=(0.000,0.000) s=1.344 PSDFmin=-0.01038 G=FAIL(-0.01138) MF=inactive(active=0/20)
Acados solver failed with status 4
Acados residuals [stat, eq, ineq, comp]: [100.        0.        0.01138   0.     ]
Acados SQP iterations: 1
RMPCC-MF diagnostics captured before infeasibility recovery.
RMPCC-MF failed-iterate infeasibility candidates:
  - {'constraint': 'row_g_hard_guard', 'stages': array([ 1,  2,  3,  4,  5,  6,  7,  8,  9, 10, 11, 12, 13, 14, 15, 16, 17,
       18, 19, 20]), 'minimum_residual': -0.01137515327334404}
RMPCC-MF inactive Row M stages are trivially feasible.
RMPCC-MF minimum box residuals [state | input]: 3.9e-08 | 0.0
SQP_RTI solver failed with status 4. Starting infeasible recovery.
Backup solver is unavailable; falling back to safe stop.
Applied nominal_safe_controller safe-stop plan after infeasible RMPCC-MF solve.
[RMPCC 0543] SAFE_STOP solve=212.0ms pose=(1.134,0.594,0.632) u=(0.000,0.000) s=1.344 PSDFmin=-0.01038 G=FAIL(-0.01138) MF=inactive(active=0/20)
Acados solver failed with status 4
Acados residuals [stat, eq, ineq, comp]: [100.        0.        0.01138   0.     ]
Acados SQP iterations: 1
RMPCC-MF diagnostics captured before infeasibility recovery.
RMPCC-MF failed-iterate infeasibility candidates:
  - {'constraint': 'row_g_hard_guard', 'stages': array([ 1,  2,  3,  4,  5,  6,  7,  8,  9, 10, 11, 12, 13, 14, 15, 16, 17,
       18, 19, 20]), 'minimum_residual': -0.01137515327334404}
RMPCC-MF inactive Row M stages are trivially feasible.
RMPCC-MF minimum box residuals [state | input]: 3.9e-08 | 0.0
SQP_RTI solver failed with status 4. Starting infeasible recovery.
Backup solver is unavailable; falling back to safe stop.
Applied nominal_safe_controller safe-stop plan after infeasible RMPCC-MF solve.
[RMPCC 0544] SAFE_STOP solve=219.2ms pose=(1.134,0.594,0.632) u=(0.000,0.000) s=1.344 PSDFmin=-0.01038 G=FAIL(-0.01138) MF=inactive(active=0/20)
Acados solver failed with status 4
Acados residuals [stat, eq, ineq, comp]: [100.        0.        0.01138   0.     ]
Acados SQP iterations: 1
RMPCC-MF diagnostics captured before infeasibility recovery.
RMPCC-MF failed-iterate infeasibility candidates:
  - {'constraint': 'row_g_hard_guard', 'stages': array([ 1,  2,  3,  4,  5,  6,  7,  8,  9, 10, 11, 12, 13, 14, 15, 16, 17,
       18, 19, 20]), 'minimum_residual': -0.01137515327334404}
RMPCC-MF inactive Row M stages are trivially feasible.
RMPCC-MF minimum box residuals [state | input]: 3.9e-08 | 0.0
SQP_RTI solver failed with status 4. Starting infeasible recovery.
Backup solver is unavailable; falling back to safe stop.
Applied nominal_safe_controller safe-stop plan after infeasible RMPCC-MF solve.
[RMPCC 0545] SAFE_STOP solve=223.2ms pose=(1.134,0.594,0.632) u=(0.000,0.000) s=1.344 PSDFmin=-0.01038 G=FAIL(-0.01138) MF=inactive(active=0/20)
Acados solver failed with status 4
Acados residuals [stat, eq, ineq, comp]: [100.        0.        0.01138   0.     ]
Acados SQP iterations: 1
RMPCC-MF diagnostics captured before infeasibility recovery.
RMPCC-MF failed-iterate infeasibility candidates:
  - {'constraint': 'row_g_hard_guard', 'stages': array([ 1,  2,  3,  4,  5,  6,  7,  8,  9, 10, 11, 12, 13, 14, 15, 16, 17,
       18, 19, 20]), 'minimum_residual': -0.01137515327334404}
RMPCC-MF inactive Row M stages are trivially feasible.
RMPCC-MF minimum box residuals [state | input]: 3.9e-08 | 0.0
SQP_RTI solver failed with status 4. Starting infeasible recovery.
Backup solver is unavailable; falling back to safe stop.
Applied nominal_safe_controller safe-stop plan after infeasible RMPCC-MF solve.
[RMPCC 0546] SAFE_STOP solve=228.7ms pose=(1.134,0.594,0.632) u=(0.000,0.000) s=1.344 PSDFmin=-0.01038 G=FAIL(-0.01138) MF=inactive(active=0/20)
Acados solver failed with status 4
Acados residuals [stat, eq, ineq, comp]: [100.        0.        0.01138   0.     ]
Acados SQP iterations: 1
RMPCC-MF diagnostics captured before infeasibility recovery.
RMPCC-MF failed-iterate infeasibility candidates:
  - {'constraint': 'row_g_hard_guard', 'stages': array([ 1,  2,  3,  4,  5,  6,  7,  8,  9, 10, 11, 12, 13, 14, 15, 16, 17,
       18, 19, 20]), 'minimum_residual': -0.01137515327334404}
RMPCC-MF inactive Row M stages are trivially feasible.
RMPCC-MF minimum box residuals [state | input]: 3.9e-08 | 0.0
SQP_RTI solver failed with status 4. Starting infeasible recovery.
Backup solver is unavailable; falling back to safe stop.
Applied nominal_safe_controller safe-stop plan after infeasible RMPCC-MF solve.
[RMPCC 0547] SAFE_STOP solve=230.0ms pose=(1.134,0.594,0.632) u=(0.000,0.000) s=1.344 PSDFmin=-0.01038 G=FAIL(-0.01138) MF=inactive(active=0/20)
Acados solver failed with status 4
Acados residuals [stat, eq, ineq, comp]: [100.        0.        0.01138   0.     ]
Acados SQP iterations: 1
RMPCC-MF diagnostics captured before infeasibility recovery.
RMPCC-MF failed-iterate infeasibility candidates:
  - {'constraint': 'row_g_hard_guard', 'stages': array([ 1,  2,  3,  4,  5,  6,  7,  8,  9, 10, 11, 12, 13, 14, 15, 16, 17,
       18, 19, 20]), 'minimum_residual': -0.01137515327334404}
RMPCC-MF inactive Row M stages are trivially feasible.
RMPCC-MF minimum box residuals [state | input]: 3.9e-08 | 0.0
SQP_RTI solver failed with status 4. Starting infeasible recovery.
Backup solver is unavailable; falling back to safe stop.
Applied nominal_safe_controller safe-stop plan after infeasible RMPCC-MF solve.
[RMPCC 0548] SAFE_STOP solve=252.6ms pose=(1.134,0.594,0.632) u=(0.000,0.000) s=1.344 PSDFmin=-0.01038 G=FAIL(-0.01138) MF=inactive(active=0/20)
Acados solver failed with status 4
Acados residuals [stat, eq, ineq, comp]: [100.        0.        0.01138   0.     ]
Acados SQP iterations: 1
RMPCC-MF diagnostics captured before infeasibility recovery.
RMPCC-MF failed-iterate infeasibility candidates:
  - {'constraint': 'row_g_hard_guard', 'stages': array([ 1,  2,  3,  4,  5,  6,  7,  8,  9, 10, 11, 12, 13, 14, 15, 16, 17,
       18, 19, 20]), 'minimum_residual': -0.01137515327334404}
RMPCC-MF inactive Row M stages are trivially feasible.
RMPCC-MF minimum box residuals [state | input]: 3.9e-08 | 0.0
SQP_RTI solver failed with status 4. Starting infeasible recovery.
Backup solver is unavailable; falling back to safe stop.
Applied nominal_safe_controller safe-stop plan after infeasible RMPCC-MF solve.
[RMPCC 0549] SAFE_STOP solve=229.8ms pose=(1.134,0.594,0.632) u=(0.000,0.000) s=1.344 PSDFmin=-0.01038 G=FAIL(-0.01138) MF=inactive(active=0/20)
Acados solver failed with status 4
Acados residuals [stat, eq, ineq, comp]: [100.        0.        0.01138   0.     ]
Acados SQP iterations: 1
RMPCC-MF diagnostics captured before infeasibility recovery.
RMPCC-MF failed-iterate infeasibility candidates:
  - {'constraint': 'row_g_hard_guard', 'stages': array([ 1,  2,  3,  4,  5,  6,  7,  8,  9, 10, 11, 12, 13, 14, 15, 16, 17,
       18, 19, 20]), 'minimum_residual': -0.01137515327334404}
RMPCC-MF inactive Row M stages are trivially feasible.
RMPCC-MF minimum box residuals [state | input]: 3.9e-08 | 0.0
SQP_RTI solver failed with status 4. Starting infeasible recovery.
Backup solver is unavailable; falling back to safe stop.
Applied nominal_safe_controller safe-stop plan after infeasible RMPCC-MF solve.
[RMPCC 0550] SAFE_STOP solve=230.8ms pose=(1.134,0.594,0.632) u=(0.000,0.000) s=1.344 PSDFmin=-0.01038 G=FAIL(-0.01138) MF=inactive(active=0/20)
Acados solver failed with status 4
Acados residuals [stat, eq, ineq, comp]: [100.        0.        0.01138   0.     ]
Acados SQP iterations: 1
RMPCC-MF diagnostics captured before infeasibility recovery.
RMPCC-MF failed-iterate infeasibility candidates:
  - {'constraint': 'row_g_hard_guard', 'stages': array([ 1,  2,  3,  4,  5,  6,  7,  8,  9, 10, 11, 12, 13, 14, 15, 16, 17,
       18, 19, 20]), 'minimum_residual': -0.01137515327334404}
RMPCC-MF inactive Row M stages are trivially feasible.
RMPCC-MF minimum box residuals [state | input]: 3.9e-08 | 0.0
SQP_RTI solver failed with status 4. Starting infeasible recovery.
Backup solver is unavailable; falling back to safe stop.
Applied nominal_safe_controller safe-stop plan after infeasible RMPCC-MF solve.
[RMPCC 0551] SAFE_STOP solve=228.7ms pose=(1.134,0.594,0.632) u=(0.000,0.000) s=1.344 PSDFmin=-0.01038 G=FAIL(-0.01138) MF=inactive(active=0/20)
Acados solver failed with status 4
Acados residuals [stat, eq, ineq, comp]: [100.        0.        0.01138   0.     ]
Acados SQP iterations: 1
RMPCC-MF diagnostics captured before infeasibility recovery.
RMPCC-MF failed-iterate infeasibility candidates:
  - {'constraint': 'row_g_hard_guard', 'stages': array([ 1,  2,  3,  4,  5,  6,  7,  8,  9, 10, 11, 12, 13, 14, 15, 16, 17,
       18, 19, 20]), 'minimum_residual': -0.01137515327334404}
RMPCC-MF inactive Row M stages are trivially feasible.
RMPCC-MF minimum box residuals [state | input]: 3.9e-08 | 0.0
SQP_RTI solver failed with status 4. Starting infeasible recovery.
Backup solver is unavailable; falling back to safe stop.
Applied nominal_safe_controller safe-stop plan after infeasible RMPCC-MF solve.
[RMPCC 0552] SAFE_STOP solve=223.4ms pose=(1.134,0.594,0.632) u=(0.000,0.000) s=1.344 PSDFmin=-0.01038 G=FAIL(-0.01138) MF=inactive(active=0/20)
Acados solver failed with status 4
Acados residuals [stat, eq, ineq, comp]: [100.        0.        0.01138   0.     ]
Acados SQP iterations: 1
RMPCC-MF diagnostics captured before infeasibility recovery.
RMPCC-MF failed-iterate infeasibility candidates:
  - {'constraint': 'row_g_hard_guard', 'stages': array([ 1,  2,  3,  4,  5,  6,  7,  8,  9, 10, 11, 12, 13, 14, 15, 16, 17,
       18, 19, 20]), 'minimum_residual': -0.01137515327334404}
RMPCC-MF inactive Row M stages are trivially feasible.
RMPCC-MF minimum box residuals [state | input]: 3.9e-08 | 0.0
SQP_RTI solver failed with status 4. Starting infeasible recovery.
Backup solver is unavailable; falling back to safe stop.
Applied nominal_safe_controller safe-stop plan after infeasible RMPCC-MF solve.
[RMPCC 0553] SAFE_STOP solve=289.4ms pose=(1.134,0.594,0.632) u=(0.000,0.000) s=1.344 PSDFmin=-0.01038 G=FAIL(-0.01138) MF=inactive(active=0/20)
Acados solver failed with status 4
Acados residuals [stat, eq, ineq, comp]: [100.        0.        0.01138   0.     ]
Acados SQP iterations: 1
RMPCC-MF diagnostics captured before infeasibility recovery.
RMPCC-MF failed-iterate infeasibility candidates:
  - {'constraint': 'row_g_hard_guard', 'stages': array([ 1,  2,  3,  4,  5,  6,  7,  8,  9, 10, 11, 12, 13, 14, 15, 16, 17,
       18, 19, 20]), 'minimum_residual': -0.01137515327334404}
RMPCC-MF inactive Row M stages are trivially feasible.
RMPCC-MF minimum box residuals [state | input]: 3.9e-08 | 0.0
SQP_RTI solver failed with status 4. Starting infeasible recovery.
Backup solver is unavailable; falling back to safe stop.
Applied nominal_safe_controller safe-stop plan after infeasible RMPCC-MF solve.
[RMPCC 0554] SAFE_STOP solve=231.8ms pose=(1.134,0.594,0.632) u=(0.000,0.000) s=1.344 PSDFmin=-0.01038 G=FAIL(-0.01138) MF=inactive(active=0/20)
Acados solver failed with status 4
Acados residuals [stat, eq, ineq, comp]: [100.        0.        0.01138   0.     ]
Acados SQP iterations: 1
RMPCC-MF diagnostics captured before infeasibility recovery.
RMPCC-MF failed-iterate infeasibility candidates:
  - {'constraint': 'row_g_hard_guard', 'stages': array([ 1,  2,  3,  4,  5,  6,  7,  8,  9, 10, 11, 12, 13, 14, 15, 16, 17,
       18, 19, 20]), 'minimum_residual': -0.01137515327334404}
RMPCC-MF inactive Row M stages are trivially feasible.
RMPCC-MF minimum box residuals [state | input]: 3.9e-08 | 0.0
SQP_RTI solver failed with status 4. Starting infeasible recovery.
Backup solver is unavailable; falling back to safe stop.
Applied nominal_safe_controller safe-stop plan after infeasible RMPCC-MF solve.
[RMPCC 0555] SAFE_STOP solve=217.3ms pose=(1.134,0.594,0.632) u=(0.000,0.000) s=1.344 PSDFmin=-0.01038 G=FAIL(-0.01138) MF=inactive(active=0/20)
Acados solver failed with status 4
Acados residuals [stat, eq, ineq, comp]: [100.        0.        0.01138   0.     ]
Acados SQP iterations: 1
RMPCC-MF diagnostics captured before infeasibility recovery.
RMPCC-MF failed-iterate infeasibility candidates:
  - {'constraint': 'row_g_hard_guard', 'stages': array([ 1,  2,  3,  4,  5,  6,  7,  8,  9, 10, 11, 12, 13, 14, 15, 16, 17,
       18, 19, 20]), 'minimum_residual': -0.01137515327334404}
RMPCC-MF inactive Row M stages are trivially feasible.
RMPCC-MF minimum box residuals [state | input]: 3.9e-08 | 0.0
SQP_RTI solver failed with status 4. Starting infeasible recovery.
Backup solver is unavailable; falling back to safe stop.
Applied nominal_safe_controller safe-stop plan after infeasible RMPCC-MF solve.
[RMPCC 0556] SAFE_STOP solve=233.1ms pose=(1.134,0.594,0.632) u=(0.000,0.000) s=1.344 PSDFmin=-0.01038 G=FAIL(-0.01138) MF=inactive(active=0/20)
Acados solver failed with status 4
Acados residuals [stat, eq, ineq, comp]: [100.        0.        0.01138   0.     ]
Acados SQP iterations: 1
RMPCC-MF diagnostics captured before infeasibility recovery.
RMPCC-MF failed-iterate infeasibility candidates:
  - {'constraint': 'row_g_hard_guard', 'stages': array([ 1,  2,  3,  4,  5,  6,  7,  8,  9, 10, 11, 12, 13, 14, 15, 16, 17,
       18, 19, 20]), 'minimum_residual': -0.01137515327334404}
RMPCC-MF inactive Row M stages are trivially feasible.
RMPCC-MF minimum box residuals [state | input]: 3.9e-08 | 0.0
SQP_RTI solver failed with status 4. Starting infeasible recovery.
Backup solver is unavailable; falling back to safe stop.
Applied nominal_safe_controller safe-stop plan after infeasible RMPCC-MF solve.
[RMPCC 0557] SAFE_STOP solve=222.6ms pose=(1.134,0.594,0.632) u=(0.000,0.000) s=1.344 PSDFmin=-0.01038 G=FAIL(-0.01138) MF=inactive(active=0/20)
Acados solver failed with status 4
Acados residuals [stat, eq, ineq, comp]: [100.        0.        0.01138   0.     ]
Acados SQP iterations: 1
RMPCC-MF diagnostics captured before infeasibility recovery.
RMPCC-MF failed-iterate infeasibility candidates:
  - {'constraint': 'row_g_hard_guard', 'stages': array([ 1,  2,  3,  4,  5,  6,  7,  8,  9, 10, 11, 12, 13, 14, 15, 16, 17,
       18, 19, 20]), 'minimum_residual': -0.01137515327334404}
RMPCC-MF inactive Row M stages are trivially feasible.
RMPCC-MF minimum box residuals [state | input]: 3.9e-08 | 0.0
SQP_RTI solver failed with status 4. Starting infeasible recovery.
Backup solver is unavailable; falling back to safe stop.
Applied nominal_safe_controller safe-stop plan after infeasible RMPCC-MF solve.
[RMPCC 0558] SAFE_STOP solve=221.1ms pose=(1.134,0.594,0.632) u=(0.000,0.000) s=1.344 PSDFmin=-0.01038 G=FAIL(-0.01138) MF=inactive(active=0/20)
Acados solver failed with status 4
Acados residuals [stat, eq, ineq, comp]: [100.        0.        0.01138   0.     ]
Acados SQP iterations: 1
RMPCC-MF diagnostics captured before infeasibility recovery.
RMPCC-MF failed-iterate infeasibility candidates:
  - {'constraint': 'row_g_hard_guard', 'stages': array([ 1,  2,  3,  4,  5,  6,  7,  8,  9, 10, 11, 12, 13, 14, 15, 16, 17,
       18, 19, 20]), 'minimum_residual': -0.01137515327334404}
RMPCC-MF inactive Row M stages are trivially feasible.
RMPCC-MF minimum box residuals [state | input]: 3.9e-08 | 0.0
SQP_RTI solver failed with status 4. Starting infeasible recovery.
Backup solver is unavailable; falling back to safe stop.
Applied nominal_safe_controller safe-stop plan after infeasible RMPCC-MF solve.
[RMPCC 0559] SAFE_STOP solve=227.8ms pose=(1.134,0.594,0.632) u=(0.000,0.000) s=1.344 PSDFmin=-0.01038 G=FAIL(-0.01138) MF=inactive(active=0/20)
Acados solver failed with status 4
Acados residuals [stat, eq, ineq, comp]: [100.        0.        0.01138   0.     ]
Acados SQP iterations: 1
RMPCC-MF diagnostics captured before infeasibility recovery.
RMPCC-MF failed-iterate infeasibility candidates:
  - {'constraint': 'row_g_hard_guard', 'stages': array([ 1,  2,  3,  4,  5,  6,  7,  8,  9, 10, 11, 12, 13, 14, 15, 16, 17,
       18, 19, 20]), 'minimum_residual': -0.01137515327334404}
RMPCC-MF inactive Row M stages are trivially feasible.
RMPCC-MF minimum box residuals [state | input]: 3.9e-08 | 0.0
SQP_RTI solver failed with status 4. Starting infeasible recovery.
Backup solver is unavailable; falling back to safe stop.
Applied nominal_safe_controller safe-stop plan after infeasible RMPCC-MF solve.
[RMPCC 0560] SAFE_STOP solve=247.3ms pose=(1.134,0.594,0.632) u=(0.000,0.000) s=1.344 PSDFmin=-0.01038 G=FAIL(-0.01138) MF=inactive(active=0/20)
Acados solver failed with status 4
Acados residuals [stat, eq, ineq, comp]: [100.        0.        0.01138   0.     ]
Acados SQP iterations: 1
RMPCC-MF diagnostics captured before infeasibility recovery.
RMPCC-MF failed-iterate infeasibility candidates:
  - {'constraint': 'row_g_hard_guard', 'stages': array([ 1,  2,  3,  4,  5,  6,  7,  8,  9, 10, 11, 12, 13, 14, 15, 16, 17,
       18, 19, 20]), 'minimum_residual': -0.01137515327334404}
RMPCC-MF inactive Row M stages are trivially feasible.
RMPCC-MF minimum box residuals [state | input]: 3.9e-08 | 0.0
SQP_RTI solver failed with status 4. Starting infeasible recovery.
Backup solver is unavailable; falling back to safe stop.
Applied nominal_safe_controller safe-stop plan after infeasible RMPCC-MF solve.
[RMPCC 0561] SAFE_STOP solve=256.8ms pose=(1.134,0.594,0.632) u=(0.000,0.000) s=1.344 PSDFmin=-0.01038 G=FAIL(-0.01138) MF=inactive(active=0/20)
Acados solver failed with status 4
Acados residuals [stat, eq, ineq, comp]: [100.        0.        0.01138   0.     ]
Acados SQP iterations: 1
RMPCC-MF diagnostics captured before infeasibility recovery.
RMPCC-MF failed-iterate infeasibility candidates:
  - {'constraint': 'row_g_hard_guard', 'stages': array([ 1,  2,  3,  4,  5,  6,  7,  8,  9, 10, 11, 12, 13, 14, 15, 16, 17,
       18, 19, 20]), 'minimum_residual': -0.01137515327334404}
RMPCC-MF inactive Row M stages are trivially feasible.
RMPCC-MF minimum box residuals [state | input]: 3.9e-08 | 0.0
SQP_RTI solver failed with status 4. Starting infeasible recovery.
Backup solver is unavailable; falling back to safe stop.
Applied nominal_safe_controller safe-stop plan after infeasible RMPCC-MF solve.
[RMPCC 0562] SAFE_STOP solve=228.6ms pose=(1.134,0.594,0.632) u=(0.000,0.000) s=1.344 PSDFmin=-0.01038 G=FAIL(-0.01138) MF=inactive(active=0/20)
Acados solver failed with status 4
Acados residuals [stat, eq, ineq, comp]: [100.        0.        0.01138   0.     ]
Acados SQP iterations: 1
RMPCC-MF diagnostics captured before infeasibility recovery.
RMPCC-MF failed-iterate infeasibility candidates:
  - {'constraint': 'row_g_hard_guard', 'stages': array([ 1,  2,  3,  4,  5,  6,  7,  8,  9, 10, 11, 12, 13, 14, 15, 16, 17,
       18, 19, 20]), 'minimum_residual': -0.01137515327334404}
RMPCC-MF inactive Row M stages are trivially feasible.
RMPCC-MF minimum box residuals [state | input]: 3.9e-08 | 0.0
SQP_RTI solver failed with status 4. Starting infeasible recovery.
Backup solver is unavailable; falling back to safe stop.
Applied nominal_safe_controller safe-stop plan after infeasible RMPCC-MF solve.
[RMPCC 0563] SAFE_STOP solve=229.2ms pose=(1.134,0.594,0.632) u=(0.000,0.000) s=1.344 PSDFmin=-0.01038 G=FAIL(-0.01138) MF=inactive(active=0/20)
Acados solver failed with status 4
Acados residuals [stat, eq, ineq, comp]: [100.        0.        0.01138   0.     ]
Acados SQP iterations: 1
RMPCC-MF diagnostics captured before infeasibility recovery.
RMPCC-MF failed-iterate infeasibility candidates:
  - {'constraint': 'row_g_hard_guard', 'stages': array([ 1,  2,  3,  4,  5,  6,  7,  8,  9, 10, 11, 12, 13, 14, 15, 16, 17,
       18, 19, 20]), 'minimum_residual': -0.01137515327334404}
RMPCC-MF inactive Row M stages are trivially feasible.
RMPCC-MF minimum box residuals [state | input]: 3.9e-08 | 0.0
SQP_RTI solver failed with status 4. Starting infeasible recovery.
Backup solver is unavailable; falling back to safe stop.
Applied nominal_safe_controller safe-stop plan after infeasible RMPCC-MF solve.
[RMPCC 0564] SAFE_STOP solve=223.7ms pose=(1.134,0.594,0.632) u=(0.000,0.000) s=1.344 PSDFmin=-0.01038 G=FAIL(-0.01138) MF=inactive(active=0/20)
Acados solver failed with status 4
Acados residuals [stat, eq, ineq, comp]: [100.        0.        0.01138   0.     ]
Acados SQP iterations: 1
RMPCC-MF diagnostics captured before infeasibility recovery.
RMPCC-MF failed-iterate infeasibility candidates:
  - {'constraint': 'row_g_hard_guard', 'stages': array([ 1,  2,  3,  4,  5,  6,  7,  8,  9, 10, 11, 12, 13, 14, 15, 16, 17,
       18, 19, 20]), 'minimum_residual': -0.01137515327334404}
RMPCC-MF inactive Row M stages are trivially feasible.
RMPCC-MF minimum box residuals [state | input]: 3.9e-08 | 0.0
SQP_RTI solver failed with status 4. Starting infeasible recovery.
Backup solver is unavailable; falling back to safe stop.
Applied nominal_safe_controller safe-stop plan after infeasible RMPCC-MF solve.
[RMPCC 0565] SAFE_STOP solve=219.2ms pose=(1.134,0.594,0.632) u=(0.000,0.000) s=1.344 PSDFmin=-0.01038 G=FAIL(-0.01138) MF=inactive(active=0/20)
Acados solver failed with status 4
Acados residuals [stat, eq, ineq, comp]: [100.        0.        0.01138   0.     ]
Acados SQP iterations: 1
RMPCC-MF diagnostics captured before infeasibility recovery.
RMPCC-MF failed-iterate infeasibility candidates:
  - {'constraint': 'row_g_hard_guard', 'stages': array([ 1,  2,  3,  4,  5,  6,  7,  8,  9, 10, 11, 12, 13, 14, 15, 16, 17,
       18, 19, 20]), 'minimum_residual': -0.01137515327334404}
RMPCC-MF inactive Row M stages are trivially feasible.
RMPCC-MF minimum box residuals [state | input]: 3.9e-08 | 0.0
SQP_RTI solver failed with status 4. Starting infeasible recovery.
Backup solver is unavailable; falling back to safe stop.
Applied nominal_safe_controller safe-stop plan after infeasible RMPCC-MF solve.
[RMPCC 0566] SAFE_STOP solve=208.7ms pose=(1.134,0.594,0.632) u=(0.000,0.000) s=1.344 PSDFmin=-0.01038 G=FAIL(-0.01138) MF=inactive(active=0/20)
Acados solver failed with status 4
Acados residuals [stat, eq, ineq, comp]: [100.        0.        0.01138   0.     ]
Acados SQP iterations: 1
RMPCC-MF diagnostics captured before infeasibility recovery.
RMPCC-MF failed-iterate infeasibility candidates:
  - {'constraint': 'row_g_hard_guard', 'stages': array([ 1,  2,  3,  4,  5,  6,  7,  8,  9, 10, 11, 12, 13, 14, 15, 16, 17,
       18, 19, 20]), 'minimum_residual': -0.01137515327334404}
RMPCC-MF inactive Row M stages are trivially feasible.
RMPCC-MF minimum box residuals [state | input]: 3.9e-08 | 0.0
SQP_RTI solver failed with status 4. Starting infeasible recovery.
Backup solver is unavailable; falling back to safe stop.
Applied nominal_safe_controller safe-stop plan after infeasible RMPCC-MF solve.
[RMPCC 0567] SAFE_STOP solve=222.7ms pose=(1.134,0.594,0.632) u=(0.000,0.000) s=1.344 PSDFmin=-0.01038 G=FAIL(-0.01138) MF=inactive(active=0/20)
Acados solver failed with status 4
Acados residuals [stat, eq, ineq, comp]: [100.        0.        0.01138   0.     ]
Acados SQP iterations: 1
RMPCC-MF diagnostics captured before infeasibility recovery.
RMPCC-MF failed-iterate infeasibility candidates:
  - {'constraint': 'row_g_hard_guard', 'stages': array([ 1,  2,  3,  4,  5,  6,  7,  8,  9, 10, 11, 12, 13, 14, 15, 16, 17,
       18, 19, 20]), 'minimum_residual': -0.01137515327334404}
RMPCC-MF inactive Row M stages are trivially feasible.
RMPCC-MF minimum box residuals [state | input]: 3.9e-08 | 0.0
SQP_RTI solver failed with status 4. Starting infeasible recovery.
Backup solver is unavailable; falling back to safe stop.
Applied nominal_safe_controller safe-stop plan after infeasible RMPCC-MF solve.
[RMPCC 0568] SAFE_STOP solve=211.5ms pose=(1.134,0.594,0.632) u=(0.000,0.000) s=1.344 PSDFmin=-0.01038 G=FAIL(-0.01138) MF=inactive(active=0/20)
Acados solver failed with status 4
Acados residuals [stat, eq, ineq, comp]: [100.        0.        0.01138   0.     ]
Acados SQP iterations: 1
RMPCC-MF diagnostics captured before infeasibility recovery.
RMPCC-MF failed-iterate infeasibility candidates:
  - {'constraint': 'row_g_hard_guard', 'stages': array([ 1,  2,  3,  4,  5,  6,  7,  8,  9, 10, 11, 12, 13, 14, 15, 16, 17,
       18, 19, 20]), 'minimum_residual': -0.01137515327334404}
RMPCC-MF inactive Row M stages are trivially feasible.
RMPCC-MF minimum box residuals [state | input]: 3.9e-08 | 0.0
SQP_RTI solver failed with status 4. Starting infeasible recovery.
Backup solver is unavailable; falling back to safe stop.
Applied nominal_safe_controller safe-stop plan after infeasible RMPCC-MF solve.
[RMPCC 0569] SAFE_STOP solve=221.5ms pose=(1.134,0.594,0.632) u=(0.000,0.000) s=1.344 PSDFmin=-0.01038 G=FAIL(-0.01138) MF=inactive(active=0/20)
Acados solver failed with status 4
Acados residuals [stat, eq, ineq, comp]: [100.        0.        0.01138   0.     ]
Acados SQP iterations: 1
RMPCC-MF diagnostics captured before infeasibility recovery.
RMPCC-MF failed-iterate infeasibility candidates:
  - {'constraint': 'row_g_hard_guard', 'stages': array([ 1,  2,  3,  4,  5,  6,  7,  8,  9, 10, 11, 12, 13, 14, 15, 16, 17,
       18, 19, 20]), 'minimum_residual': -0.01137515327334404}
RMPCC-MF inactive Row M stages are trivially feasible.
RMPCC-MF minimum box residuals [state | input]: 3.9e-08 | 0.0
SQP_RTI solver failed with status 4. Starting infeasible recovery.
Backup solver is unavailable; falling back to safe stop.
Applied nominal_safe_controller safe-stop plan after infeasible RMPCC-MF solve.
[RMPCC 0570] SAFE_STOP solve=402.3ms pose=(1.134,0.594,0.632) u=(0.000,0.000) s=1.344 PSDFmin=-0.01038 G=FAIL(-0.01138) MF=inactive(active=0/20)
Acados solver failed with status 4
Acados residuals [stat, eq, ineq, comp]: [100.        0.        0.01138   0.     ]
Acados SQP iterations: 1
RMPCC-MF diagnostics captured before infeasibility recovery.
RMPCC-MF failed-iterate infeasibility candidates:
  - {'constraint': 'row_g_hard_guard', 'stages': array([ 1,  2,  3,  4,  5,  6,  7,  8,  9, 10, 11, 12, 13, 14, 15, 16, 17,
       18, 19, 20]), 'minimum_residual': -0.01137515327334404}
RMPCC-MF inactive Row M stages are trivially feasible.
RMPCC-MF minimum box residuals [state | input]: 3.9e-08 | 0.0
SQP_RTI solver failed with status 4. Starting infeasible recovery.
Backup solver is unavailable; falling back to safe stop.
Applied nominal_safe_controller safe-stop plan after infeasible RMPCC-MF solve.
[RMPCC 0571] SAFE_STOP solve=220.4ms pose=(1.134,0.594,0.632) u=(0.000,0.000) s=1.344 PSDFmin=-0.01038 G=FAIL(-0.01138) MF=inactive(active=0/20)
Acados solver failed with status 4
Acados residuals [stat, eq, ineq, comp]: [100.        0.        0.01138   0.     ]
Acados SQP iterations: 1
RMPCC-MF diagnostics captured before infeasibility recovery.
RMPCC-MF failed-iterate infeasibility candidates:
  - {'constraint': 'row_g_hard_guard', 'stages': array([ 1,  2,  3,  4,  5,  6,  7,  8,  9, 10, 11, 12, 13, 14, 15, 16, 17,
       18, 19, 20]), 'minimum_residual': -0.01137515327334404}
RMPCC-MF inactive Row M stages are trivially feasible.
RMPCC-MF minimum box residuals [state | input]: 3.9e-08 | 0.0
SQP_RTI solver failed with status 4. Starting infeasible recovery.
Backup solver is unavailable; falling back to safe stop.
Applied nominal_safe_controller safe-stop plan after infeasible RMPCC-MF solve.
[RMPCC 0572] SAFE_STOP solve=231.0ms pose=(1.134,0.594,0.632) u=(0.000,0.000) s=1.344 PSDFmin=-0.01038 G=FAIL(-0.01138) MF=inactive(active=0/20)
Acados solver failed with status 4
Acados residuals [stat, eq, ineq, comp]: [100.        0.        0.01138   0.     ]
Acados SQP iterations: 1
RMPCC-MF diagnostics captured before infeasibility recovery.
RMPCC-MF failed-iterate infeasibility candidates:
  - {'constraint': 'row_g_hard_guard', 'stages': array([ 1,  2,  3,  4,  5,  6,  7,  8,  9, 10, 11, 12, 13, 14, 15, 16, 17,
       18, 19, 20]), 'minimum_residual': -0.01137515327334404}
RMPCC-MF inactive Row M stages are trivially feasible.
RMPCC-MF minimum box residuals [state | input]: 3.9e-08 | 0.0
SQP_RTI solver failed with status 4. Starting infeasible recovery.
Backup solver is unavailable; falling back to safe stop.
Applied nominal_safe_controller safe-stop plan after infeasible RMPCC-MF solve.
[RMPCC 0573] SAFE_STOP solve=226.8ms pose=(1.134,0.594,0.632) u=(0.000,0.000) s=1.344 PSDFmin=-0.01038 G=FAIL(-0.01138) MF=inactive(active=0/20)
Acados solver failed with status 4
Acados residuals [stat, eq, ineq, comp]: [100.        0.        0.01138   0.     ]
Acados SQP iterations: 1
RMPCC-MF diagnostics captured before infeasibility recovery.
RMPCC-MF failed-iterate infeasibility candidates:
  - {'constraint': 'row_g_hard_guard', 'stages': array([ 1,  2,  3,  4,  5,  6,  7,  8,  9, 10, 11, 12, 13, 14, 15, 16, 17,
       18, 19, 20]), 'minimum_residual': -0.01137515327334404}
RMPCC-MF inactive Row M stages are trivially feasible.
RMPCC-MF minimum box residuals [state | input]: 3.9e-08 | 0.0
SQP_RTI solver failed with status 4. Starting infeasible recovery.
Backup solver is unavailable; falling back to safe stop.
Applied nominal_safe_controller safe-stop plan after infeasible RMPCC-MF solve.
[RMPCC 0574] SAFE_STOP solve=245.6ms pose=(1.134,0.594,0.632) u=(0.000,0.000) s=1.344 PSDFmin=-0.01038 G=FAIL(-0.01138) MF=inactive(active=0/20)
Acados solver failed with status 4
Acados residuals [stat, eq, ineq, comp]: [100.        0.        0.01138   0.     ]
Acados SQP iterations: 1
RMPCC-MF diagnostics captured before infeasibility recovery.
RMPCC-MF failed-iterate infeasibility candidates:
  - {'constraint': 'row_g_hard_guard', 'stages': array([ 1,  2,  3,  4,  5,  6,  7,  8,  9, 10, 11, 12, 13, 14, 15, 16, 17,
       18, 19, 20]), 'minimum_residual': -0.01137515327334404}
RMPCC-MF inactive Row M stages are trivially feasible.
RMPCC-MF minimum box residuals [state | input]: 3.9e-08 | 0.0
SQP_RTI solver failed with status 4. Starting infeasible recovery.
Backup solver is unavailable; falling back to safe stop.
Applied nominal_safe_controller safe-stop plan after infeasible RMPCC-MF solve.
[RMPCC 0575] SAFE_STOP solve=238.6ms pose=(1.134,0.594,0.632) u=(0.000,0.000) s=1.344 PSDFmin=-0.01038 G=FAIL(-0.01138) MF=inactive(active=0/20)
Acados solver failed with status 4
Acados residuals [stat, eq, ineq, comp]: [100.        0.        0.01138   0.     ]
Acados SQP iterations: 1
RMPCC-MF diagnostics captured before infeasibility recovery.
RMPCC-MF failed-iterate infeasibility candidates:
  - {'constraint': 'row_g_hard_guard', 'stages': array([ 1,  2,  3,  4,  5,  6,  7,  8,  9, 10, 11, 12, 13, 14, 15, 16, 17,
       18, 19, 20]), 'minimum_residual': -0.01137515327334404}
RMPCC-MF inactive Row M stages are trivially feasible.
RMPCC-MF minimum box residuals [state | input]: 3.9e-08 | 0.0
SQP_RTI solver failed with status 4. Starting infeasible recovery.
Backup solver is unavailable; falling back to safe stop.
Applied nominal_safe_controller safe-stop plan after infeasible RMPCC-MF solve.
[RMPCC 0576] SAFE_STOP solve=236.5ms pose=(1.134,0.594,0.632) u=(0.000,0.000) s=1.344 PSDFmin=-0.01038 G=FAIL(-0.01138) MF=inactive(active=0/20)
Acados solver failed with status 4
Acados residuals [stat, eq, ineq, comp]: [100.        0.        0.01138   0.     ]
Acados SQP iterations: 1
RMPCC-MF diagnostics captured before infeasibility recovery.
RMPCC-MF failed-iterate infeasibility candidates:
  - {'constraint': 'row_g_hard_guard', 'stages': array([ 1,  2,  3,  4,  5,  6,  7,  8,  9, 10, 11, 12, 13, 14, 15, 16, 17,
       18, 19, 20]), 'minimum_residual': -0.01137515327334404}
RMPCC-MF inactive Row M stages are trivially feasible.
RMPCC-MF minimum box residuals [state | input]: 3.9e-08 | 0.0
SQP_RTI solver failed with status 4. Starting infeasible recovery.
Backup solver is unavailable; falling back to safe stop.
Applied nominal_safe_controller safe-stop plan after infeasible RMPCC-MF solve.
[RMPCC 0577] SAFE_STOP solve=223.3ms pose=(1.134,0.594,0.632) u=(0.000,0.000) s=1.344 PSDFmin=-0.01038 G=FAIL(-0.01138) MF=inactive(active=0/20)
Acados solver failed with status 4
Acados residuals [stat, eq, ineq, comp]: [100.        0.        0.01138   0.     ]
Acados SQP iterations: 1
RMPCC-MF diagnostics captured before infeasibility recovery.
RMPCC-MF failed-iterate infeasibility candidates:
  - {'constraint': 'row_g_hard_guard', 'stages': array([ 1,  2,  3,  4,  5,  6,  7,  8,  9, 10, 11, 12, 13, 14, 15, 16, 17,
       18, 19, 20]), 'minimum_residual': -0.01137515327334404}
RMPCC-MF inactive Row M stages are trivially feasible.
RMPCC-MF minimum box residuals [state | input]: 3.9e-08 | 0.0
SQP_RTI solver failed with status 4. Starting infeasible recovery.
Backup solver is unavailable; falling back to safe stop.
Applied nominal_safe_controller safe-stop plan after infeasible RMPCC-MF solve.
[RMPCC 0578] SAFE_STOP solve=229.8ms pose=(1.134,0.594,0.632) u=(0.000,0.000) s=1.344 PSDFmin=-0.01038 G=FAIL(-0.01138) MF=inactive(active=0/20)
Acados solver failed with status 4
Acados residuals [stat, eq, ineq, comp]: [100.        0.        0.01138   0.     ]
Acados SQP iterations: 1
RMPCC-MF diagnostics captured before infeasibility recovery.
RMPCC-MF failed-iterate infeasibility candidates:
  - {'constraint': 'row_g_hard_guard', 'stages': array([ 1,  2,  3,  4,  5,  6,  7,  8,  9, 10, 11, 12, 13, 14, 15, 16, 17,
       18, 19, 20]), 'minimum_residual': -0.01137515327334404}
RMPCC-MF inactive Row M stages are trivially feasible.
RMPCC-MF minimum box residuals [state | input]: 3.9e-08 | 0.0
SQP_RTI solver failed with status 4. Starting infeasible recovery.
Backup solver is unavailable; falling back to safe stop.
Applied nominal_safe_controller safe-stop plan after infeasible RMPCC-MF solve.
[RMPCC 0579] SAFE_STOP solve=226.7ms pose=(1.134,0.594,0.632) u=(0.000,0.000) s=1.344 PSDFmin=-0.01038 G=FAIL(-0.01138) MF=inactive(active=0/20)
Acados solver failed with status 4
Acados residuals [stat, eq, ineq, comp]: [100.        0.        0.01138   0.     ]
Acados SQP iterations: 1
RMPCC-MF diagnostics captured before infeasibility recovery.
RMPCC-MF failed-iterate infeasibility candidates:
  - {'constraint': 'row_g_hard_guard', 'stages': array([ 1,  2,  3,  4,  5,  6,  7,  8,  9, 10, 11, 12, 13, 14, 15, 16, 17,
       18, 19, 20]), 'minimum_residual': -0.01137515327334404}
RMPCC-MF inactive Row M stages are trivially feasible.
RMPCC-MF minimum box residuals [state | input]: 3.9e-08 | 0.0
SQP_RTI solver failed with status 4. Starting infeasible recovery.
Backup solver is unavailable; falling back to safe stop.
Applied nominal_safe_controller safe-stop plan after infeasible RMPCC-MF solve.
[RMPCC 0580] SAFE_STOP solve=227.6ms pose=(1.134,0.594,0.632) u=(0.000,0.000) s=1.344 PSDFmin=-0.01038 G=FAIL(-0.01138) MF=inactive(active=0/20)
Acados solver failed with status 4
Acados residuals [stat, eq, ineq, comp]: [100.        0.        0.01138   0.     ]
Acados SQP iterations: 1
RMPCC-MF diagnostics captured before infeasibility recovery.
RMPCC-MF failed-iterate infeasibility candidates:
  - {'constraint': 'row_g_hard_guard', 'stages': array([ 1,  2,  3,  4,  5,  6,  7,  8,  9, 10, 11, 12, 13, 14, 15, 16, 17,
       18, 19, 20]), 'minimum_residual': -0.01137515327334404}
RMPCC-MF inactive Row M stages are trivially feasible.
RMPCC-MF minimum box residuals [state | input]: 3.9e-08 | 0.0
SQP_RTI solver failed with status 4. Starting infeasible recovery.
Backup solver is unavailable; falling back to safe stop.
Applied nominal_safe_controller safe-stop plan after infeasible RMPCC-MF solve.
[RMPCC 0581] SAFE_STOP solve=234.1ms pose=(1.134,0.594,0.632) u=(0.000,0.000) s=1.344 PSDFmin=-0.01038 G=FAIL(-0.01138) MF=inactive(active=0/20)
Acados solver failed with status 4
Acados residuals [stat, eq, ineq, comp]: [100.        0.        0.01138   0.     ]
Acados SQP iterations: 1
RMPCC-MF diagnostics captured before infeasibility recovery.
RMPCC-MF failed-iterate infeasibility candidates:
  - {'constraint': 'row_g_hard_guard', 'stages': array([ 1,  2,  3,  4,  5,  6,  7,  8,  9, 10, 11, 12, 13, 14, 15, 16, 17,
       18, 19, 20]), 'minimum_residual': -0.01137515327334404}
RMPCC-MF inactive Row M stages are trivially feasible.
RMPCC-MF minimum box residuals [state | input]: 3.9e-08 | 0.0
SQP_RTI solver failed with status 4. Starting infeasible recovery.
Backup solver is unavailable; falling back to safe stop.
Applied nominal_safe_controller safe-stop plan after infeasible RMPCC-MF solve.
[RMPCC 0582] SAFE_STOP solve=213.6ms pose=(1.134,0.594,0.632) u=(0.000,0.000) s=1.344 PSDFmin=-0.01038 G=FAIL(-0.01138) MF=inactive(active=0/20)
Acados solver failed with status 4
Acados residuals [stat, eq, ineq, comp]: [100.        0.        0.01138   0.     ]
Acados SQP iterations: 1
RMPCC-MF diagnostics captured before infeasibility recovery.
RMPCC-MF failed-iterate infeasibility candidates:
  - {'constraint': 'row_g_hard_guard', 'stages': array([ 1,  2,  3,  4,  5,  6,  7,  8,  9, 10, 11, 12, 13, 14, 15, 16, 17,
       18, 19, 20]), 'minimum_residual': -0.01137515327334404}
RMPCC-MF inactive Row M stages are trivially feasible.
RMPCC-MF minimum box residuals [state | input]: 3.9e-08 | 0.0
SQP_RTI solver failed with status 4. Starting infeasible recovery.
Backup solver is unavailable; falling back to safe stop.
Applied nominal_safe_controller safe-stop plan after infeasible RMPCC-MF solve.
[RMPCC 0583] SAFE_STOP solve=223.7ms pose=(1.134,0.594,0.632) u=(0.000,0.000) s=1.344 PSDFmin=-0.01038 G=FAIL(-0.01138) MF=inactive(active=0/20)
Acados solver failed with status 4
Acados residuals [stat, eq, ineq, comp]: [100.        0.        0.01138   0.     ]
Acados SQP iterations: 1
RMPCC-MF diagnostics captured before infeasibility recovery.
RMPCC-MF failed-iterate infeasibility candidates:
  - {'constraint': 'row_g_hard_guard', 'stages': array([ 1,  2,  3,  4,  5,  6,  7,  8,  9, 10, 11, 12, 13, 14, 15, 16, 17,
       18, 19, 20]), 'minimum_residual': -0.01137515327334404}
RMPCC-MF inactive Row M stages are trivially feasible.
RMPCC-MF minimum box residuals [state | input]: 3.9e-08 | 0.0
SQP_RTI solver failed with status 4. Starting infeasible recovery.
Backup solver is unavailable; falling back to safe stop.
Applied nominal_safe_controller safe-stop plan after infeasible RMPCC-MF solve.
[RMPCC 0584] SAFE_STOP solve=215.7ms pose=(1.134,0.594,0.632) u=(0.000,0.000) s=1.344 PSDFmin=-0.01038 G=FAIL(-0.01138) MF=inactive(active=0/20)
Acados solver failed with status 4
Acados residuals [stat, eq, ineq, comp]: [100.        0.        0.01138   0.     ]
Acados SQP iterations: 1
RMPCC-MF diagnostics captured before infeasibility recovery.
RMPCC-MF failed-iterate infeasibility candidates:
  - {'constraint': 'row_g_hard_guard', 'stages': array([ 1,  2,  3,  4,  5,  6,  7,  8,  9, 10, 11, 12, 13, 14, 15, 16, 17,
       18, 19, 20]), 'minimum_residual': -0.01137515327334404}
RMPCC-MF inactive Row M stages are trivially feasible.
RMPCC-MF minimum box residuals [state | input]: 3.9e-08 | 0.0
SQP_RTI solver failed with status 4. Starting infeasible recovery.
Backup solver is unavailable; falling back to safe stop.
Applied nominal_safe_controller safe-stop plan after infeasible RMPCC-MF solve.
[RMPCC 0585] SAFE_STOP solve=217.7ms pose=(1.134,0.594,0.632) u=(0.000,0.000) s=1.344 PSDFmin=-0.01038 G=FAIL(-0.01138) MF=inactive(active=0/20)
Acados solver failed with status 4
Acados residuals [stat, eq, ineq, comp]: [100.        0.        0.01138   0.     ]
Acados SQP iterations: 1
RMPCC-MF diagnostics captured before infeasibility recovery.
RMPCC-MF failed-iterate infeasibility candidates:
  - {'constraint': 'row_g_hard_guard', 'stages': array([ 1,  2,  3,  4,  5,  6,  7,  8,  9, 10, 11, 12, 13, 14, 15, 16, 17,
       18, 19, 20]), 'minimum_residual': -0.01137515327334404}
RMPCC-MF inactive Row M stages are trivially feasible.
RMPCC-MF minimum box residuals [state | input]: 3.9e-08 | 0.0
SQP_RTI solver failed with status 4. Starting infeasible recovery.
Backup solver is unavailable; falling back to safe stop.
Applied nominal_safe_controller safe-stop plan after infeasible RMPCC-MF solve.
[RMPCC 0586] SAFE_STOP solve=223.8ms pose=(1.134,0.594,0.632) u=(0.000,0.000) s=1.344 PSDFmin=-0.01038 G=FAIL(-0.01138) MF=inactive(active=0/20)
Acados solver failed with status 4
Acados residuals [stat, eq, ineq, comp]: [100.        0.        0.01138   0.     ]
Acados SQP iterations: 1
RMPCC-MF diagnostics captured before infeasibility recovery.
RMPCC-MF failed-iterate infeasibility candidates:
  - {'constraint': 'row_g_hard_guard', 'stages': array([ 1,  2,  3,  4,  5,  6,  7,  8,  9, 10, 11, 12, 13, 14, 15, 16, 17,
       18, 19, 20]), 'minimum_residual': -0.01137515327334404}
RMPCC-MF inactive Row M stages are trivially feasible.
RMPCC-MF minimum box residuals [state | input]: 3.9e-08 | 0.0
SQP_RTI solver failed with status 4. Starting infeasible recovery.
Backup solver is unavailable; falling back to safe stop.
Applied nominal_safe_controller safe-stop plan after infeasible RMPCC-MF solve.
[RMPCC 0587] SAFE_STOP solve=221.8ms pose=(1.134,0.594,0.632) u=(0.000,0.000) s=1.344 PSDFmin=-0.01038 G=FAIL(-0.01138) MF=inactive(active=0/20)
Acados solver failed with status 4
Acados residuals [stat, eq, ineq, comp]: [100.        0.        0.01138   0.     ]
Acados SQP iterations: 1
RMPCC-MF diagnostics captured before infeasibility recovery.
RMPCC-MF failed-iterate infeasibility candidates:
  - {'constraint': 'row_g_hard_guard', 'stages': array([ 1,  2,  3,  4,  5,  6,  7,  8,  9, 10, 11, 12, 13, 14, 15, 16, 17,
       18, 19, 20]), 'minimum_residual': -0.01137515327334404}
RMPCC-MF inactive Row M stages are trivially feasible.
RMPCC-MF minimum box residuals [state | input]: 3.9e-08 | 0.0
SQP_RTI solver failed with status 4. Starting infeasible recovery.
Backup solver is unavailable; falling back to safe stop.
Applied nominal_safe_controller safe-stop plan after infeasible RMPCC-MF solve.
[RMPCC 0588] SAFE_STOP solve=243.0ms pose=(1.134,0.594,0.632) u=(0.000,0.000) s=1.344 PSDFmin=-0.01038 G=FAIL(-0.01138) MF=inactive(active=0/20)
Acados solver failed with status 4
Acados residuals [stat, eq, ineq, comp]: [100.        0.        0.01138   0.     ]
Acados SQP iterations: 1
RMPCC-MF diagnostics captured before infeasibility recovery.
RMPCC-MF failed-iterate infeasibility candidates:
  - {'constraint': 'row_g_hard_guard', 'stages': array([ 1,  2,  3,  4,  5,  6,  7,  8,  9, 10, 11, 12, 13, 14, 15, 16, 17,
       18, 19, 20]), 'minimum_residual': -0.01137515327334404}
RMPCC-MF inactive Row M stages are trivially feasible.
RMPCC-MF minimum box residuals [state | input]: 3.9e-08 | 0.0
SQP_RTI solver failed with status 4. Starting infeasible recovery.
Backup solver is unavailable; falling back to safe stop.
Applied nominal_safe_controller safe-stop plan after infeasible RMPCC-MF solve.
[RMPCC 0589] SAFE_STOP solve=217.1ms pose=(1.134,0.594,0.632) u=(0.000,0.000) s=1.344 PSDFmin=-0.01038 G=FAIL(-0.01138) MF=inactive(active=0/20)
Acados solver failed with status 4
Acados residuals [stat, eq, ineq, comp]: [100.        0.        0.01138   0.     ]
Acados SQP iterations: 1
RMPCC-MF diagnostics captured before infeasibility recovery.
RMPCC-MF failed-iterate infeasibility candidates:
  - {'constraint': 'row_g_hard_guard', 'stages': array([ 1,  2,  3,  4,  5,  6,  7,  8,  9, 10, 11, 12, 13, 14, 15, 16, 17,
       18, 19, 20]), 'minimum_residual': -0.01137515327334404}
RMPCC-MF inactive Row M stages are trivially feasible.
RMPCC-MF minimum box residuals [state | input]: 3.9e-08 | 0.0
SQP_RTI solver failed with status 4. Starting infeasible recovery.
Backup solver is unavailable; falling back to safe stop.
Applied nominal_safe_controller safe-stop plan after infeasible RMPCC-MF solve.
[RMPCC 0590] SAFE_STOP solve=222.5ms pose=(1.134,0.594,0.632) u=(0.000,0.000) s=1.344 PSDFmin=-0.01038 G=FAIL(-0.01138) MF=inactive(active=0/20)
Acados solver failed with status 4
Acados residuals [stat, eq, ineq, comp]: [100.        0.        0.01138   0.     ]
Acados SQP iterations: 1
RMPCC-MF diagnostics captured before infeasibility recovery.
RMPCC-MF failed-iterate infeasibility candidates:
  - {'constraint': 'row_g_hard_guard', 'stages': array([ 1,  2,  3,  4,  5,  6,  7,  8,  9, 10, 11, 12, 13, 14, 15, 16, 17,
       18, 19, 20]), 'minimum_residual': -0.01137515327334404}
RMPCC-MF inactive Row M stages are trivially feasible.
RMPCC-MF minimum box residuals [state | input]: 3.9e-08 | 0.0
SQP_RTI solver failed with status 4. Starting infeasible recovery.
Backup solver is unavailable; falling back to safe stop.
Applied nominal_safe_controller safe-stop plan after infeasible RMPCC-MF solve.
[RMPCC 0591] SAFE_STOP solve=224.2ms pose=(1.134,0.594,0.632) u=(0.000,0.000) s=1.344 PSDFmin=-0.01038 G=FAIL(-0.01138) MF=inactive(active=0/20)
Acados solver failed with status 4
Acados residuals [stat, eq, ineq, comp]: [100.        0.        0.01138   0.     ]
Acados SQP iterations: 1
RMPCC-MF diagnostics captured before infeasibility recovery.
RMPCC-MF failed-iterate infeasibility candidates:
  - {'constraint': 'row_g_hard_guard', 'stages': array([ 1,  2,  3,  4,  5,  6,  7,  8,  9, 10, 11, 12, 13, 14, 15, 16, 17,
       18, 19, 20]), 'minimum_residual': -0.01137515327334404}
RMPCC-MF inactive Row M stages are trivially feasible.
RMPCC-MF minimum box residuals [state | input]: 3.9e-08 | 0.0
SQP_RTI solver failed with status 4. Starting infeasible recovery.
Backup solver is unavailable; falling back to safe stop.
Applied nominal_safe_controller safe-stop plan after infeasible RMPCC-MF solve.
[RMPCC 0592] SAFE_STOP solve=238.0ms pose=(1.134,0.594,0.632) u=(0.000,0.000) s=1.344 PSDFmin=-0.01038 G=FAIL(-0.01138) MF=inactive(active=0/20)
Acados solver failed with status 4
Acados residuals [stat, eq, ineq, comp]: [100.        0.        0.01138   0.     ]
Acados SQP iterations: 1
RMPCC-MF diagnostics captured before infeasibility recovery.
RMPCC-MF failed-iterate infeasibility candidates:
  - {'constraint': 'row_g_hard_guard', 'stages': array([ 1,  2,  3,  4,  5,  6,  7,  8,  9, 10, 11, 12, 13, 14, 15, 16, 17,
       18, 19, 20]), 'minimum_residual': -0.01137515327334404}
RMPCC-MF inactive Row M stages are trivially feasible.
RMPCC-MF minimum box residuals [state | input]: 3.9e-08 | 0.0
SQP_RTI solver failed with status 4. Starting infeasible recovery.
Backup solver is unavailable; falling back to safe stop.
Applied nominal_safe_controller safe-stop plan after infeasible RMPCC-MF solve.
[RMPCC 0593] SAFE_STOP solve=250.6ms pose=(1.134,0.594,0.632) u=(0.000,0.000) s=1.344 PSDFmin=-0.01038 G=FAIL(-0.01138) MF=inactive(active=0/20)
Acados solver failed with status 4
Acados residuals [stat, eq, ineq, comp]: [100.        0.        0.01138   0.     ]
Acados SQP iterations: 1
RMPCC-MF diagnostics captured before infeasibility recovery.
RMPCC-MF failed-iterate infeasibility candidates:
  - {'constraint': 'row_g_hard_guard', 'stages': array([ 1,  2,  3,  4,  5,  6,  7,  8,  9, 10, 11, 12, 13, 14, 15, 16, 17,
       18, 19, 20]), 'minimum_residual': -0.01137515327334404}
RMPCC-MF inactive Row M stages are trivially feasible.
RMPCC-MF minimum box residuals [state | input]: 3.9e-08 | 0.0
SQP_RTI solver failed with status 4. Starting infeasible recovery.
Backup solver is unavailable; falling back to safe stop.
Applied nominal_safe_controller safe-stop plan after infeasible RMPCC-MF solve.
[RMPCC 0594] SAFE_STOP solve=228.9ms pose=(1.134,0.594,0.632) u=(0.000,0.000) s=1.344 PSDFmin=-0.01038 G=FAIL(-0.01138) MF=inactive(active=0/20)
Acados solver failed with status 4
Acados residuals [stat, eq, ineq, comp]: [100.        0.        0.01138   0.     ]
Acados SQP iterations: 1
RMPCC-MF diagnostics captured before infeasibility recovery.
RMPCC-MF failed-iterate infeasibility candidates:
  - {'constraint': 'row_g_hard_guard', 'stages': array([ 1,  2,  3,  4,  5,  6,  7,  8,  9, 10, 11, 12, 13, 14, 15, 16, 17,
       18, 19, 20]), 'minimum_residual': -0.01137515327334404}
RMPCC-MF inactive Row M stages are trivially feasible.
RMPCC-MF minimum box residuals [state | input]: 3.9e-08 | 0.0
SQP_RTI solver failed with status 4. Starting infeasible recovery.
Backup solver is unavailable; falling back to safe stop.
Applied nominal_safe_controller safe-stop plan after infeasible RMPCC-MF solve.
[RMPCC 0595] SAFE_STOP solve=232.2ms pose=(1.134,0.594,0.632) u=(0.000,0.000) s=1.344 PSDFmin=-0.01038 G=FAIL(-0.01138) MF=inactive(active=0/20)
Acados solver failed with status 4
Acados residuals [stat, eq, ineq, comp]: [100.        0.        0.01138   0.     ]
Acados SQP iterations: 1
RMPCC-MF diagnostics captured before infeasibility recovery.
RMPCC-MF failed-iterate infeasibility candidates:
  - {'constraint': 'row_g_hard_guard', 'stages': array([ 1,  2,  3,  4,  5,  6,  7,  8,  9, 10, 11, 12, 13, 14, 15, 16, 17,
       18, 19, 20]), 'minimum_residual': -0.01137515327334404}
RMPCC-MF inactive Row M stages are trivially feasible.
RMPCC-MF minimum box residuals [state | input]: 3.9e-08 | 0.0
SQP_RTI solver failed with status 4. Starting infeasible recovery.
Backup solver is unavailable; falling back to safe stop.
Applied nominal_safe_controller safe-stop plan after infeasible RMPCC-MF solve.
[RMPCC 0596] SAFE_STOP solve=229.0ms pose=(1.134,0.594,0.632) u=(0.000,0.000) s=1.344 PSDFmin=-0.01038 G=FAIL(-0.01138) MF=inactive(active=0/20)
Acados solver failed with status 4
Acados residuals [stat, eq, ineq, comp]: [100.        0.        0.01138   0.     ]
Acados SQP iterations: 1
RMPCC-MF diagnostics captured before infeasibility recovery.
RMPCC-MF failed-iterate infeasibility candidates:
  - {'constraint': 'row_g_hard_guard', 'stages': array([ 1,  2,  3,  4,  5,  6,  7,  8,  9, 10, 11, 12, 13, 14, 15, 16, 17,
       18, 19, 20]), 'minimum_residual': -0.01137515327334404}
RMPCC-MF inactive Row M stages are trivially feasible.
RMPCC-MF minimum box residuals [state | input]: 3.9e-08 | 0.0
SQP_RTI solver failed with status 4. Starting infeasible recovery.
Backup solver is unavailable; falling back to safe stop.
Applied nominal_safe_controller safe-stop plan after infeasible RMPCC-MF solve.
[RMPCC 0597] SAFE_STOP solve=227.4ms pose=(1.134,0.594,0.632) u=(0.000,0.000) s=1.344 PSDFmin=-0.01038 G=FAIL(-0.01138) MF=inactive(active=0/20)
Acados solver failed with status 4
Acados residuals [stat, eq, ineq, comp]: [100.        0.        0.01138   0.     ]
Acados SQP iterations: 1
RMPCC-MF diagnostics captured before infeasibility recovery.
RMPCC-MF failed-iterate infeasibility candidates:
  - {'constraint': 'row_g_hard_guard', 'stages': array([ 1,  2,  3,  4,  5,  6,  7,  8,  9, 10, 11, 12, 13, 14, 15, 16, 17,
       18, 19, 20]), 'minimum_residual': -0.01137515327334404}
RMPCC-MF inactive Row M stages are trivially feasible.
RMPCC-MF minimum box residuals [state | input]: 3.9e-08 | 0.0
SQP_RTI solver failed with status 4. Starting infeasible recovery.
Backup solver is unavailable; falling back to safe stop.
Applied nominal_safe_controller safe-stop plan after infeasible RMPCC-MF solve.
[RMPCC 0598] SAFE_STOP solve=208.2ms pose=(1.134,0.594,0.632) u=(0.000,0.000) s=1.344 PSDFmin=-0.01038 G=FAIL(-0.01138) MF=inactive(active=0/20)
Acados solver failed with status 4
Acados residuals [stat, eq, ineq, comp]: [100.        0.        0.01138   0.     ]
Acados SQP iterations: 1
RMPCC-MF diagnostics captured before infeasibility recovery.
RMPCC-MF failed-iterate infeasibility candidates:
  - {'constraint': 'row_g_hard_guard', 'stages': array([ 1,  2,  3,  4,  5,  6,  7,  8,  9, 10, 11, 12, 13, 14, 15, 16, 17,
       18, 19, 20]), 'minimum_residual': -0.01137515327334404}
RMPCC-MF inactive Row M stages are trivially feasible.
RMPCC-MF minimum box residuals [state | input]: 3.9e-08 | 0.0
SQP_RTI solver failed with status 4. Starting infeasible recovery.
Backup solver is unavailable; falling back to safe stop.
Applied nominal_safe_controller safe-stop plan after infeasible RMPCC-MF solve.
[RMPCC 0599] SAFE_STOP solve=242.4ms pose=(1.134,0.594,0.632) u=(0.000,0.000) s=1.344 PSDFmin=-0.01038 G=FAIL(-0.01138) MF=inactive(active=0/20)
시간 초과로 시뮬레이션 종료. 현재 위치: [1.13382 0.59449], 목적지까지 거리: 0.848m
Using rmpcc optimizer with differential_drive dynamics:
median:  0.2283782958984375
std:  0.05464084120939325
min:  0.12520813941955566
max:  0.54241943359375
Simulation finished.
Run outcome: status=timeout, reason=timeout, final_time=60.00000000000058, distance_to_goal=0.8484521169267971
Optimizer runtime stats: safe_stop_count=476, backup_feasible_qp_success_count=0, plant_input_apply_count=600, last_solve_mode=safe_stop
Trial history saved to /home/taek111/projects/psdf_mpcc/benchmark_runs/maze_rectangle_nominal/mf_scale_0p9/data/trial_history_MPC_rmpcc_rectangle_maze_mf_scale_0p9.csv
RMPCC constraint history saved to /home/taek111/projects/psdf_mpcc/benchmark_runs/maze_rectangle_nominal/mf_scale_0p9/data/rmpcc_constraints_MPC_rmpcc_rectangle_maze_mf_scale_0p9.csv
RMPCC debug history saved to /home/taek111/projects/psdf_mpcc/benchmark_runs/maze_rectangle_nominal/mf_scale_0p9/data/cycle_raw.csv
RMPCC debug history saved to /home/taek111/projects/psdf_mpcc/benchmark_runs/maze_rectangle_nominal/mf_scale_0p9/data/covariance_trajectory.csv
Pose-SDF data saved to /home/taek111/projects/psdf_mpcc/benchmark_runs/maze_rectangle_nominal/mf_scale_0p9/data/pose_sdf_MPC_rmpcc_rectangle_maze_mf_scale_0p9.csv
Total data points: 600
SDF statistics - Min: -0.0104, Max: 0.0623, Mean: -0.0046
