time,solve_mode,solver_status,u0,s,psdf,mf_probability_sum,mf_slack
0.0,sqp_rti,0,"[0.1234012272097012,4.9460081569229484e-08,0.09528988815710154]",0.02231023881579847,0.029999956488609314,"[-2.980232227667301e-09,-2.980232227667301e-09,-2.980232227667301e-09,-2.980232227667301e-09,-2.980232227667301e-09,-2.980232227667301e-09,-2.980232227667301e-09,-2.980232227667301e-09,-2.980232227667301e-09,-2.980232227667301e-09,-2.980232227667301e-09,-2.980232227667301e-09,-2.980232227667301e-09,-2.980232227667301e-09,-2.980232227667301e-09,-2.980232227667301e-09,-2.980232227667301e-09,-2.980232227667301e-09,-2.980232227667301e-09,-2.980232227667301e-09,-2.980232227667301e-09]","[null,7.519803196122416e-12,7.519803196122416e-12,7.519803196122416e-12,7.519803196122416e-12,7.519803196122416e-12,7.519803196122416e-12,7.519803196122416e-12,7.519803196122416e-12,7.519803196122416e-12,7.519803196122416e-12,7.519803196122416e-12,7.519803196122416e-12,7.519803196122416e-12,7.519803196122416e-12,7.519803196122416e-12,7.519803196122416e-12,7.519803196122416e-12,7.519803196122416e-12,7.519803196122416e-12,3.5425776141671836e-12]"
0.1,sqp_rti,0,"[0.11435427235255471,0.08797674942249421,0.08541533302654636]",0.0321316560236467,0.0299999937415123,"[-2.980232227667301e-09,-2.980232227667301e-09,-2.980232227667301e-09,-2.980232227667301e-09,-2.980232227667301e-09,-2.980232227667301e-09,-2.980232227667301e-09,-2.980232227667301e-09,-2.980232227667301e-09,-2.980232227667301e-09,-2.980232227667301e-09,-2.980232227667301e-09,-2.980232227667301e-09,-2.980232227667301e-09,-2.980232227667301e-09,-2.980232227667301e-09,-2.980232227667301e-09,-2.980232227667301e-09,-2.980232227667301e-09,-2.980232227667301e-09,-2.980232227667301e-09]","[null,1.92950079123678e-12,1.92950079123678e-12,1.92950079123678e-12,1.92950079123678e-12,1.92950079123678e-12,1.92950079123678e-12,1.92950079123678e-12,1.92950079123678e-12,1.92950079123678e-12,1.92950079123678e-12,1.92950079123678e-12,1.92950079123678e-12,1.92950079123678e-12,1.92950079123678e-12,1.92950079123678e-12,1.92950079123678e-12,1.92950079123678e-12,1.92950079123678e-12,1.92950079123678e-12,8.061133102196068e-13]"
0.2,sqp_rti,0,"[0.11984946379959821,0.0854485590010104,0.07945651288505338]",0.04297120124473098,0.0293419249355793,"[-2.980232227667301e-09,-2.980232227667301e-09,-2.980232227667301e-09,-3.3926815246054787e-09,9.321652258420521e-08,2.854803658342009e-05,0.0009298084641102267,0.008936435045696578,0.0405341233112298,0.11969053554091352,0.5789889406215145,0.8297709516001894,0.4351705297975748,0.482937628689397,0.5352453742826817,0.5780690382640337,0.5786366567472185,0.5806055653728162,0.5998315066765947,0.6372019232566781,0.69762043631425]","[null,1.234854158602424e-15,1.234854158602424e-15,1.2348541681763934e-15,1.234920534276037e-15,1.2436808992726004e-15,1.2458703258700022e-15,1.240541482137144e-15,1.2371331294592263e-15,1.2345369862810355e-15,1.2278639331913489e-15,1.227946837646123e-15,1.2319109529184853e-15,1.232833016872939e-15,1.2254209437443432e-15,1.2348541586185799e-15,1.2348541586185799e-15,1.2348541586185799e-15,1.2348541586185799e-15,1.2348541586185799e-15,2.9070604849306294e-16]"
0.30000000000000004,sqp_rti,0,"[0.16304111753038766,-0.024437960277078383,0.12647747249099972]",0.0533705873424548,0.02860070951282978,"[-2.980232227667301e-09,-2.980232227667301e-09,-3.0019433328032363e-09,1.1672489919067885e-09,4.081295887164993e-06,0.00012448495471242826,0.0011733114324502802,0.005578188565264319,0.02621998096151451,0.11022188215400847,0.12281901398442302,0.1237429380738922,0.1669943201138247,0.2164583721949747,0.2579234791495238,0.4076083425848694,0.5090138357100578,0.5483438950830688,0.5593362374707629,0.6403290050368697,0.8584953929446868]","[null,1.4305338018409096e-17,1.4305338018409096e-17,1.4305345173036718e-17,1.4306418945964175e-17,1.4306044729939733e-17,1.4299953054042123e-17,1.4290141333268465e-17,1.4311538958484054e-17,1.4285470065827e-17,1.427362838324562e-17,1.4295133595659112e-17,1.4272173976777726e-17,1.4256574994284885e-17,1.4344263424705686e-17,1.4276293297050252e-17,1.4251795589941993e-17,1.425637749320063e-17,1.443416977151409e-17,1.4929718374057173e-17,2.9776634406928925e-18]"
0.4,sqp_rti,0,"[0.14230734370866663,0.23801950807523548,0.1040556170353224]",0.0657426204377777,0.028499465435743332,"[-2.980232227667301e-09,-2.9832164238907666e-09,1.4573402079554043e-07,4.2740053696227465e-05,0.0007546857699449461,0.007245834154991332,0.025028857591814058,0.032090868632713376,0.05524996840330665,0.08514854726992221,0.12660049221526976,0.1578425012030487,0.18394756522903905,0.20342152514941675,0.21897589740945317,0.2328950421499701,0.20782775545454363,0.0788107121132427,null,0.13681704836115133,0.22174728957509854]","[null,3.0018714446744905e-17,3.001871409050794e-17,2.9977058238557497e-17,2.990693332802458e-17,2.9826658688828514e-17,2.985386536559086e-17,2.9817884912106445e-17,2.9794447007943696e-17,2.979111633127992e-17,2.979452266427359e-17,2.9796166926059625e-17,2.9797167297209034e-17,2.97959130409844e-17,2.9713493831844916e-17,2.990087945646201e-17,2.9843347460371865e-17,2.9783497515989446e-17,3.001871444876439e-17,2.981864387455227e-17,6.017997869105664e-18]"
0.5,sqp_rti,0,"[0.11238808976936007,0.020478026321065407,0.07341259013241462]",0.07805908656796368,0.026531683281064034,"[-2.980232227667301e-09,-4.9972410098853e-09,2.1298852882989383e-05,0.002000384153910406,0.01896209974188859,0.10080088498690049,0.4617989473374678,0.4762678069654605,0.3234062364495454,0.37259406864653216,0.44740735233576495,0.5284339189740475,0.4812566161093262,0.41686685141705554,0.37009691424115837,0.372462537295603,0.3522682227908323,0.3031454741968485,0.3424684378910861,0.3803120135692744,0.46322807419107975]","[null,2.507510889398729e-16,2.518487811034308e-16,2.51583235140438e-16,2.5089714197717407e-16,2.503057289677462e-16,2.502855173894238e-16,2.5006850207213803e-16,2.5067823367800864e-16,2.5011507994381763e-16,2.512293197398511e-16,2.50751081166021e-16,2.50751081166021e-16,2.507510811660084e-16,2.5075108116599576e-16,2.507510811660084e-16,2.5075108116605887e-16,2.5075108116598314e-16,2.507510811659579e-16,2.5075108116603363e-16,4.9598987103026696e-17]"
0.6,sqp_rti,0,"[0.147370139419971,-0.19363754794094454,0.13040966402135917]",0.08529835222313137,0.025947032496333122,"[-2.980232227667301e-09,-2.9989938032937147e-09,5.016602443175255e-07,0.00010224608792414047,0.002052624997184588,0.02883149459536266,0.13981325548296014,0.1731951838319919,0.1838571606300608,0.25122069479518566,0.3114483227186409,0.3723876983838153,0.4168106305302322,0.447830547627931,0.46479761895906774,0.4731606345444204,0.4879771421666835,0.502812791014035,0.5845852731001608,0.7546459284584779,1.0124850499694331]","[null,3.264628978872661e-17,3.2654745410764786e-17,3.290772308916786e-17,3.3014837969984034e-17,3.257011222022736e-17,3.240571596780064e-17,3.2612597836543324e-17,3.2596289217398365e-17,3.2530289975120614e-17,3.246758847744161e-17,3.2481394742654475e-17,3.248462381898139e-17,3.2490978989857776e-17,3.250309730597835e-17,3.262369291190673e-17,3.269262446541861e-17,3.236695011060375e-17,3.243003660075301e-17,3.2596135927815286e-17,8.172308691886265e-18]"
0.7,sqp_rti,0,"[0.16946334643042804,0.25471830231891024,0.1275741899777842]",0.10055217183124812,0.0267711840569973,"[-2.980232227667301e-09,2.0116115273527413e-08,7.817349068939272e-05,0.0037655853206625123,0.01155029761565085,0.03062556237514119,0.061997171014148755,0.10210574067084194,0.1463050861217246,0.18948120107452487,0.22700625229152577,0.2570343666749962,0.28145289143782365,0.30568661509142264,0.33483806995591464,0.3700846185807694,0.3956009200595741,0.34860671460099174,0.3263668793677857,0.38816238239178685,0.5944232561897544]","[null,1.4898312694348432e-14,1.4908426584937435e-14,1.4865970312046222e-14,1.4850233848529394e-14,1.48262123922743e-14,1.4809738209118417e-14,1.4802965707419448e-14,1.480136755008885e-14,1.480203041566665e-14,1.4809795140051078e-14,1.4829926704664568e-14,1.4907591319350087e-14,1.4868825921540337e-14,1.4806757391869367e-14,1.4799923651143328e-14,1.4804987503313164e-14,1.478573714381324e-14,1.4901414255979964e-14,1.5225523373890944e-14,2.1273513827885664e-15]"
0.7999999999999999,sqp_rti,0,"[0.1056917496249498,0.13555929276924014,0.09175667451671538]",0.11427229752213994,0.024538693949580193,"[-2.980232227667301e-09,0.0001164064706903889,0.04428248057593803,0.12523706928836537,0.16443298051174954,0.23950807964088644,0.3024755829648152,0.3551891947006121,0.40799814973933196,0.47800628308552434,0.5259980017269619,0.4714829859360215,0.4751926559689171,0.4729806957367522,0.5013867985229108,0.48369696266160284,0.4614573126011912,0.41476525460470876,0.38439005310369084,null,0.5082542633075782]","[null,5.252252326770625e-14,5.242760379339411e-14,5.294103317812267e-14,5.235089199970666e-14,5.235050038970558e-14,5.235518966015858e-14,5.2343538765464516e-14,5.2370530671468836e-14,5.24265540863989e-14,5.253238076158837e-14,5.253238076158878e-14,5.253238076155879e-14,5.253238076150102e-14,5.2532380761621165e-14,5.2364141581178236e-14,5.2400945654193245e-14,5.320386846394273e-14,5.405996477634238e-14,5.253238076165604e-14,1.2861273688510799e-14]"
0.8999999999999999,sqp_rti,0,"[0.138239423803852,0.04946840674616117,0.1373835501330155]",0.12123600707967604,0.023061120882630348,"[-2.980232227667301e-09,-9.705724002273541e-09,0.00020145646288113883,0.004061130138112989,0.023690750994838916,0.07029899944401247,0.1414064104312081,0.21813516411146577,0.27636981070526306,0.3096018948702078,0.3227133419416333,0.3393214707192314,0.3480320308575518,0.2538296177074358,0.15981708856434623,0.004334758043259612,0.07592026612002806,0.13940418616225153,0.36187030256344227,0.7069996011386841,0.6135340764001469]","[null,2.075534457163851e-15,2.1135117701944704e-15,2.085446696109852e-15,2.0646779359370443e-15,2.0669002928627183e-15,2.0627164920752607e-15,2.0681896133167628e-15,2.0641015344599335e-15,2.061847398660118e-15,2.064019582400982e-15,2.0732878478390424e-15,2.051114342526967e-15,2.0856158756005236e-15,2.0723467862407934e-15,2.0468608514607276e-15,2.061970487243136e-15,2.0676024662462798e-15,2.069040206740659e-15,2.0627407364779206e-15,1.1858804394036237e-15]"
0.9999999999999999,sqp_rti,0,"[0.10619755871617317,0.7478989909015978,0.100164298545144]",0.13426363127044916,0.022505737841129303,"[-2.980232227667301e-09,0.00024140085130200384,0.00954173639465361,0.0408366836320328,0.08988511855927533,0.1451838663346548,0.19332162468835162,0.2173656366822206,0.22197555662549845,0.2065580170434938,0.08628167924185598,null,0.00026529138567249477,0.07762430672242432,0.1607799667157444,0.1902998863699928,0.2708992083259936,0.38619498364633104,0.4319565282152283,0.4646966597151863,0.5458562356375107]","[null,4.6460592696111175e-12,4.638549936889105e-12,4.637214893518781e-12,4.639330152834196e-12,4.638930433523472e-12,4.637854136224097e-12,4.63681708223776e-12,4.637414132218996e-12,4.651225095441168e-12,4.666356574410523e-12,4.648891111476379e-12,4.746234090189854e-12,4.639547339218677e-12,4.639040589845978e-12,4.640145735039943e-12,4.63849577913296e-12,4.637140838094733e-12,4.63674020235304e-12,4.641302879748339e-12,7.321094392516611e-13]"
1.0999999999999999,sqp_rti,0,"[0.058191483344516064,0.36761863662345223,0.04967746665369101]",0.14767706370122013,0.018178611993789673,"[-2.980232227667301e-09,0.0008232725526700069,0.03536783432621676,0.10107253192340232,0.14514999838977688,0.13505565199722974,2.0601784502527476e-06,0.000686569159686734,0.39690220332676135,0.457486315566581,0.4847119645201026,0.484496284026492,0.47286246966311724,null,0.12275797708092001,0.30451116905589687,0.48863142647575125,0.6427355284640719,0.6254592003871935,0.6533368535824093,0.6244949137480986]","[null,7.906411982215292e-16,7.895084153915874e-16,7.888669819765583e-16,7.886974429291573e-16,7.889902788569857e-16,7.911669234766681e-16,7.922990348564802e-16,7.8883893046283555e-16,7.888667385261565e-16,7.882820890358486e-16,7.884029225392922e-16,7.919110845521365e-16,7.916176068452439e-16,7.887814755694297e-16,7.88905724468503e-16,7.893021245132768e-16,7.889819665222413e-16,7.950554807849678e-16,7.897925954688414e-16,1.3458270772694327e-16]"
1.2,sqp_rti,0,"[0.10425444912351689,0.07707146433020134,0.09761643212503493]",0.155488982545278,0.016134493052959442,"[-2.980232227667301e-09,-2.9734451567620113e-09,1.0959367013896326e-07,6.376807453495337e-06,0.00016739039196828065,0.023249277765810927,0.07645272596033764,0.03732493032726608,0.3058773364369756,0.38982701718711593,0.3100808280409158,0.19037186776975973,0.009898680932145354,-2.980232227667301e-09,0.08972632916335926,0.2138231733918417,0.2956654740033116,0.33172844282497566,0.3183028289301955,0.35165789549862386,0.5956990980815327]","[null,7.590574605263656e-14,7.590683993217194e-14,7.592422839492287e-14,7.589911161918553e-14,7.576636107084163e-14,7.591176833283302e-14,7.57757805407949e-14,7.581265949982539e-14,7.578852108634435e-14,7.604933885915133e-14,7.574901432548925e-14,7.583259004240663e-14,7.590574605214704e-14,7.576570527662525e-14,7.578000568715015e-14,7.577854107055851e-14,7.577607111120428e-14,7.575982319897857e-14,7.608613289952448e-14,8.784386956783562e-15]"
1.3,sqp_rti,0,"[0.08320911054975338,0.11935646832822719,0.06064344581154725]",0.16993659021747423,0.01577572524547577,"[-2.980232227667301e-09,0.006091966263605253,0.04513777515546319,0.0942255974495268,0.14397267088885385,0.17018234028788798,0.16298778746212222,0.00322893160235066,null,null,null,0.01094205631668449,0.04636358913840227,null,0.015606251584021236,0.009544193130369527,0.06583371302426994,0.13546291503257307,0.1974330037782262,0.29748118748992686,0.47537823889845804]","[null,3.554343580000049e-15,3.5262263671945783e-15,3.5310612044427984e-15,3.5353063681843586e-15,3.5261734904413247e-15,3.5421900768742555e-15,3.5415362535093797e-15,3.553841518258546e-15,3.553841518008938e-15,3.5538415180178236e-15,3.5162918954344603e-15,3.555288353123855e-15,3.553841518101834e-15,3.5449764774159095e-15,3.5401627608578442e-15,3.5363887428499147e-15,3.5313051280929085e-15,3.5642679739093795e-15,3.540873220393112e-15,1.629908819525209e-15]"
1.4000000000000001,sqp_rti,0,"[0.04896594471539103,0.33472710101535297,0.07370501546840798]",0.17485464910120935,0.0153123140335083,"[-2.980232227667301e-09,0.0071888540931325795,0.044380552053602085,0.05773658086646788,-2.980232227667301e-09,0.07214316010342064,0.21345705536820497,null,null,0.5421000553403885,0.49310784540411917,0.522123927102293,0.38777590917272137,0.4830967016445101,0.5693196063463126,0.5667337173929645,0.6097874120605382,0.6279515637023045,0.7389806667014696,1.6945672033190433,0.8695312053649473]","[null,3.461443143561796e-17,3.4592218836964254e-17,3.463203114889856e-17,3.4860573875138616e-17,3.45613679354359e-17,3.463759081821338e-17,3.486057387836979e-17,3.486057387836979e-17,3.486057387836979e-17,3.454733568532787e-17,3.486057387836979e-17,3.486057387816784e-17,3.486057387836979e-17,3.486057387857174e-17,3.448029209224891e-17,3.46018501410837e-17,3.461152922861602e-17,3.506852246762344e-17,3.444168611620536e-17,9.180981872866727e-18]"
1.5000000000000002,sqp_rti,0,"[0.1593001385291849,0.1287235392382819,0.13048385657096162]",0.1817620479323985,0.014130957424640656,"[-2.980232227667301e-09,3.222910255895606e-07,0.0025434426364701612,0.06984292588020385,0.13649514169711702,0.15419034458887,0.19505788945690733,0.3168200565716866,0.367486729106205,0.3936038809141394,0.3790022248112422,0.4495680642755307,0.5206140004786282,0.5626946850080417,0.5932977582772416,0.6290211536931472,0.8465535303774903,1.015508918442024,0.9245347236784427,0.7376792410894091,0.7524352191700892]","[null,7.768930286772476e-17,7.801722663452072e-17,7.748372731318546e-17,7.730843028928314e-17,7.73142848560594e-17,7.731708560383592e-17,7.748476795993762e-17,7.748970715435513e-17,7.754233933788266e-17,7.734176412914752e-17,7.742898046804414e-17,7.710431044355166e-17,7.739887550508263e-17,7.722232562019187e-17,7.726744884648601e-17,7.719106509225076e-17,7.725617069849363e-17,7.75209161472881e-17,7.778915905015958e-17,1.1333958012756242e-17]"
1.6000000000000003,sqp_rti,0,"[0.08665619902859373,1.1999997786560535,0.07090066809689043]",0.20699898865355815,0.013864003121852875,"[-2.980232227667301e-09,0.07198448399265028,0.16566916860831854,0.1519523490677422,-2.980232227667301e-09,0.10554136683285781,0.1511659814504494,0.019009281628450225,null,null,0.09403589821241348,0.11547297812637397,0.17353372245625992,0.21355576702960627,0.2554972176550761,0.32454242114233783,0.45589030494789357,1.1241571873767355,1.3366437791489545,0.7031036453349866,0.6102696931350946]","[null,1.862590892946519e-11,1.8660612921146732e-11,1.8634586337774452e-11,1.865926554946869e-11,1.864269805725511e-11,1.8679728695529643e-11,1.8588868180865904e-11,1.8659265549463135e-11,1.8659265549461817e-11,1.8640185306704735e-11,1.8636140134558877e-11,1.8645214759218246e-11,1.8646113421563513e-11,1.8643867445957185e-11,1.8644211657397524e-11,1.8648984134299e-11,1.8643969288396307e-11,1.8659265549462602e-11,1.8659265549461587e-11,2.751252918166834e-12]"
1.7000000000000004,sqp_rti,0,"[0.07750283417692747,0.5605013816146666,0.06258626197075168]",0.21457878697481872,0.011949889361858368,"[-2.980232227667301e-09,0.008310583489400891,0.13713750475033565,0.201876249200361,0.10639577451985432,8.349978661281732e-08,null,null,0.120707232110221,0.162177896876117,0.1467688891918904,0.1714336438859448,0.18172081548937308,0.20671293443435773,0.23777332263422296,0.3271482841562559,0.47009852760541976,0.29980539032498116,0.2970382587630976,0.379006463305137,0.46815154548275056]","[null,2.4263220607468982e-17,2.4264531882610335e-17,2.4284299466841738e-17,2.4283329384316018e-17,2.440792791017761e-17,2.437530425578534e-17,2.437530425578534e-17,2.4255938435704666e-17,2.4253438721742925e-17,2.4273818952771372e-17,2.4265163176514078e-17,2.427159896802834e-17,2.4253973025488672e-17,2.4246319727510307e-17,2.4284651419267682e-17,2.427305773335032e-17,2.4375598971190304e-17,2.4383719597134193e-17,2.4579267572252392e-17,3.50018948575353e-18]"
1.8000000000000005,sqp_rti,0,"[0.03870279530342043,0.635392357947792,0.06074534768296572]",0.22164021596257946,0.011207249015569687,"[-2.980232227667301e-09,0.07500635476300294,0.13092260104278602,0.19382552597631425,0.17425772691595826,null,0.2298198159391472,0.004634365930310136,0.03007313293226127,0.0738807571669014,0.1743677005846916,0.19539541489714446,0.20402784866407658,0.22648584316223436,0.26657944556814145,0.48307656387748993,1.0428677043152426,0.6072732027920986,0.5368583046172135,0.5846427078380685,0.6212028845256385]","[null,1.0766574219942677e-13,1.0755243165088601e-13,1.0783552394487975e-13,1.0730458570793944e-13,1.0822761612036847e-13,1.0781003207808286e-13,1.078927430764565e-13,1.0753878547998604e-13,1.0757304469329695e-13,1.0724951963289484e-13,1.0729354129943974e-13,1.0743611763464406e-13,1.0777558185269987e-13,1.0832887305831222e-13,1.07540507521019e-13,1.0843959753006541e-13,1.0811951541173217e-13,1.0718504513949847e-13,1.0707852960569595e-13,2.205534845600978e-14]"
1.9000000000000006,sqp_rti,0,"[0.09085297003698449,0.7032813356040802,0.0663460101809254]",0.22573584821024348,0.010397784411907196,"[-2.980232227667301e-09,-2.980232227667301e-09,0.043930532567431346,0.09437547507027483,0.18557195805073762,0.11913073908949984,0.1022464596679214,null,0.03335656117730751,0.08765466386034132,0.129145746128631,0.18354363356908837,0.22064900823074157,0.2633823900486874,0.42750578441543824,0.42275858178171594,0.347180692279572,0.38178940798718203,0.4363005545534067,0.4847852016482819,0.5387304950443583]","[null,2.781638987526257e-14,2.773623060612601e-14,2.7809697051431795e-14,2.7806636796815435e-14,2.7750661821374782e-14,2.770790616833802e-14,2.7816389875834488e-14,2.7735240769677464e-14,2.771968016307238e-14,2.7721653722542524e-14,2.7676474796399796e-14,2.766723108388315e-14,2.7874181944656577e-14,2.768991492049951e-14,2.7801156149533102e-14,2.7955138335783447e-14,2.775028594178673e-14,2.792171585419065e-14,2.82263682444225e-14,8.650927828068009e-15]"
2.0000000000000004,sqp_rti,0,"[0.07958525156634828,1.0058169168325977,0.07886329392481171]",0.23798676972814947,0.009879730641841888,"[-2.980232227667301e-09,0.10134473314572895,-2.980232227667301e-09,0.16577317493878035,0.19433555432970878,null,0.2106807166984382,null,0.2565129631153383,0.3048634481773405,0.32335870560156793,0.3216983585899101,0.33464013576369994,0.39630295255684517,0.48238346652241654,1.2659843063633758,0.6786155778847138,0.5514219307601407,0.6355618341140141,0.7132270394109621,0.7855018282947384]","[null,3.921733599629388e-14,3.959702282884138e-14,3.941333577487448e-14,3.9367355558765745e-14,3.959702283078332e-14,3.9305797539968655e-14,3.9597022830666995e-14,3.93333341465685e-14,3.9351394566965685e-14,3.930673184821243e-14,3.933845149774462e-14,3.927440526039554e-14,3.930602673789666e-14,3.950896862218132e-14,3.959702283062176e-14,3.959702283059591e-14,3.959702283054421e-14,3.9597022830531286e-14,3.959702283068315e-14,9.635586396183841e-15]"
2.1000000000000005,sqp_rti,0,"[0.10707553367048542,0.5723633289137474,0.0693987434309633]",0.24476454358630018,0.009467389434576035,"[-2.980232227667301e-09,0.1166564310622949,null,null,0.04398866971285004,0.06526893072930734,0.09653871541401565,0.10565029958536948,0.12669476471780278,0.16129841904089376,0.18604634795283365,0.2144020816391155,0.32233968210722425,0.47885854286104995,0.4552650897914237,0.37974708742672264,0.4000566919769582,0.43667362264001525,0.46793462029051597,0.5306664598909705,0.6486428471228594]","[null,1.1062354382256976e-15,1.1096923293126604e-15,1.1096923293158916e-15,1.1063222919412153e-15,1.1056626557277591e-15,1.1032045593487482e-15,1.1058965311391782e-15,1.1061655711164232e-15,1.1052340074837728e-15,1.1066545269404463e-15,1.106182649866063e-15,1.110148483182864e-15,1.1034201939445515e-15,1.105746723133851e-15,1.1095545314496085e-15,1.1117250441487139e-15,1.120514988080313e-15,1.1134138157060236e-15,1.1214313163676303e-15,1.5090895030533346e-16]"
2.2000000000000006,sqp_rti,0,"[0.0766760549961407,1.1999999999955444,0.07011209512647512]",0.2579994366919625,0.009598948061466217,"[-2.980232227667301e-09,0.15918906046054354,null,0.09111595474767925,0.13049647262049008,null,0.12910417040484107,0.0040628610723548175,0.14323771683138437,0.17253936470099812,0.24609088935985995,0.35222849761102265,0.4608148234723924,0.4230130040545779,0.3881720388516648,0.40193754472229487,0.4179966080342908,0.4835081601389362,0.5464458786154018,0.4795886508946737,0.4015063823051562]","[null,3.280649547329382e-16,3.3256364561013516e-16,3.2746020004531845e-16,3.2697095602236106e-16,3.325636456099332e-16,3.2935994387710176e-16,3.269494841522329e-16,3.3043684915477545e-16,3.270583387731948e-16,3.266351271273364e-16,3.2633183602329655e-16,3.2633283250411214e-16,3.4286191854131795e-16,3.261096333830065e-16,3.2699784592590535e-16,3.278020673022692e-16,3.265550569213051e-16,3.278246842613799e-16,3.411656928996365e-16,9.270640279425393e-17]"
2.3000000000000007,sqp_rti,0,"[0.07663077503475578,0.9728247338453031,0.09999727626997607]",0.2616528546784081,0.010212510824203491,"[-2.980232227667301e-09,0.039967593243738275,0.026346140249496497,0.08862002042506739,0.11216185805638973,0.04574498717388559,0.07594328659273747,0.03666990976598644,0.08325452041709253,0.13680418747373474,0.2232627577250888,0.5287417803085688,1.2793132304214694,0.5781980630655752,0.6257988970239949,0.6382938392054303,0.6533567783674605,0.708593881911068,0.7842702269965904,0.7800625989176815,1.037715674385361]","[null,6.044637784109998e-14,6.073837369876843e-14,6.073892718259419e-14,6.080867249773307e-14,6.085987803395302e-14,6.09960387806143e-14,6.072905634235236e-14,6.102479469436139e-14,6.062142712248872e-14,6.07507455090908e-14,6.061117085057261e-14,6.01813331691388e-14,6.069337980826372e-14,6.099978918419438e-14,6.04224290107256e-14,6.235839478961238e-14,6.170646045728245e-14,6.547579552428044e-14,6.439603605102043e-14,3.126141856415045e-14]"
2.400000000000001,sqp_rti,0,"[0.07296708765121294,0.4626896654974326,0.054180208009000676]",0.2706669849017808,0.010871395468711853,"[-2.980232227667301e-09,0.03776399497763877,0.09282784095679447,0.1451417897915313,0.200457991177119,0.24845887073689604,0.28085929017727645,0.29694984257267437,0.347170149511096,0.47845879315529843,0.4568869332808186,0.34506035397485385,0.3339579194331937,0.3583054752440729,0.39011839551489996,0.4091159567243448,0.41852461077956377,0.4209024352906748,0.4048507276885987,0.4273707824152038,0.48531539616824376]","[null,8.29037593402431e-14,8.298817863289121e-14,8.287252761064166e-14,8.276765466213283e-14,8.27259945655501e-14,8.270971480168962e-14,8.272463918152644e-14,8.277457037022273e-14,8.274147846807039e-14,8.290651632380728e-14,8.284111267658702e-14,8.31148477278219e-14,8.29735362379288e-14,8.230049786308476e-14,8.291912247858417e-14,8.397499504094575e-14,8.632877055515406e-14,8.346121490866091e-14,8.397729965911017e-14,1.8992085407446102e-14]"
2.500000000000001,sqp_rti,0,"[0.08448212445529267,1.0276070879907833,0.10592621154874539]",0.27651764502250825,0.0113370381295681,"[-2.980232227667301e-09,0.011156779851839549,0.006025901080175811,4.611416910771382e-06,null,-2.980232227667301e-09,-2.980232227667301e-09,0.0030807084834406084,0.05911767707290211,0.21215561002728195,0.3208985130229827,0.2933980910838974,0.30838947542718725,0.3216077970981786,0.30826547522646913,0.2505345017589116,0.16565348109660355,0.18376366321744236,0.23738174949398788,0.1952531980408761,0.14191107274113773]","[null,2.5686137661654494e-14,2.566986807680903e-14,2.580425486273853e-14,2.578405014213232e-14,2.5784050141537583e-14,2.5784050141594936e-14,2.5663179691613468e-14,2.5492651000409964e-14,2.5691795497201435e-14,2.5705343652357788e-14,2.5531529576640953e-14,2.561085549726647e-14,2.560960101909429e-14,2.5604999445862772e-14,2.563333828117058e-14,2.566039925486167e-14,2.5649830663905075e-14,2.5836314111329972e-14,2.5789976524088377e-14,6.933660581628861e-15]"
2.600000000000001,sqp_rti,0,"[0.1176335344593428,0.6130306024075571,0.09646330968561456]",0.28979809547081253,0.012805499136447906,"[-2.980232227667301e-09,0.012492250771554858,0.026718222257664792,0.0354858720304026,0.05076543257637717,0.061736131062559096,0.06630954660517113,0.08779126659319819,0.1499383226791851,0.2578501225579373,0.22586238547340792,0.1421527351485155,0.18751920362073654,0.2168535323554,0.22342235377571457,0.19849400818551716,0.14195373863815358,0.13717925573818485,0.17850962172285706,0.2708314256619165,0.05306901432308947]","[null,5.5744283873395205e-14,5.580584738651434e-14,5.562033237493464e-14,5.55258280527378e-14,5.556286267372495e-14,5.5745368062177704e-14,5.620647679370158e-14,5.631236748702783e-14,5.532986259324265e-14,5.798992823128715e-14,5.6047987893649314e-14,5.53131188059626e-14,5.537874060428584e-14,5.545999937040756e-14,5.557088019640741e-14,5.6201843160116984e-14,5.5822813490099313e-14,5.633992428393775e-14,5.545449533576107e-14,2.981812777055159e-14]"
2.700000000000001,sqp_rti,0,"[0.11822758863301823,1.1999999855594634,0.12125087131477026]",0.2974246125677813,0.01411251351237297,"[-2.980232227667301e-09,0.0201664011636547,0.07147178182739516,0.1338442183817346,0.19358818913885917,0.24244868655342328,0.3442340412123828,0.36439670214811987,0.30048566738079857,0.311347525630789,0.33793851097952726,0.3634639587413851,0.38796945994443705,0.4049422221986319,0.4185873815379633,0.439673980510986,0.4303655784245322,0.3592635046985356,0.30786319446978966,0.25704050069384615,0.14996203281738546]","[null,1.975777406775234e-17,1.9676915264610887e-17,1.954562769148148e-17,1.9487875784750383e-17,1.959968435683995e-17,1.962668064467655e-17,1.9634423938633285e-17,1.955288557667977e-17,1.9449073124907723e-17,1.9479337103421276e-17,1.9539633608608304e-17,1.961629825970262e-17,1.9631303169904672e-17,1.9656061454859808e-17,1.9635605589362382e-17,1.953009771692504e-17,1.9726936976818165e-17,2.0418993497933725e-17,2.0645294409213498e-17,5.799320208104997e-18]"
2.800000000000001,sqp_rti,0,"[0.131092865291538,0.7950984587822334,0.1258926681225976]",0.30963905855427465,0.01731174997985363,"[-2.980232227667301e-09,0.006580111891708318,0.0190056115323069,0.02222111829996637,0.031832712762816906,0.08131107214564298,0.2730401319502292,0.8329877134945007,0.5511831853399138,0.44505192639675856,0.473894331454688,0.5018296355025658,0.5364759373380366,0.59007044429664,0.6648494252236936,0.758081924706407,1.0944919240607447,0.6811176213777415,0.009231626852366726,0.006889083376924787,0.0066512178603001515]","[null,2.7138180855389744e-12,2.7176357477534983e-12,2.73141246280155e-12,2.7396854149413406e-12,2.7394049182274574e-12,2.7157689152007383e-12,2.711009918653898e-12,2.71692959043529e-12,2.703025978919315e-12,2.701726147095394e-12,2.7026745681890615e-12,2.7058501038684134e-12,2.708748670542207e-12,2.7059569931966557e-12,2.69910902433595e-12,2.7153562288526592e-12,2.704223465401361e-12,2.8145140280228954e-12,2.7551458638506188e-12,8.240651353021035e-13]"
2.9000000000000012,sqp_rti,0,"[0.13739458933726623,0.533160868598747,0.12651457455401288]",0.32280998047457116,0.018058372661471367,"[-2.980232227667301e-09,0.0024989368650525368,0.015632299369136404,0.027083371944164603,0.04022327969652417,0.07553728556111433,0.10415652386379587,0.11806322056248869,0.15639176658983642,0.19606375104018847,0.22925765763405365,0.25398770906528517,0.2703144534992295,0.2785339475180784,0.2801130272914561,0.3182224631888431,0.3704897974874431,0.26757407579705356,0.061859393066865886,0.014415992853273163,0.011697309210146334]","[null,4.990517756320793e-14,4.9836481138112014e-14,5.0169385263955137e-14,4.981241746089046e-14,5.0018701445842927e-14,5.04293442300342e-14,4.9928978780373105e-14,4.998029482749415e-14,4.9992643025077554e-14,4.999200396423099e-14,4.992625272453364e-14,5.0621692247670784e-14,4.9641665444833995e-14,5.0158528425752974e-14,5.0380087359233573e-14,5.0004247993947285e-14,4.98389835472677e-14,5.030892875988788e-14,4.992656882797208e-14,8.19288978913474e-15]"
3.0000000000000013,sqp_rti,0,"[0.15016126793308984,0.6197873455317082,0.12996794706772408]",0.3368407464493839,0.018307238817214966,"[-2.980232227667301e-09,0.0009623657643314243,0.010808754877064841,0.02444522440968716,0.040677328355624154,0.05108025302899072,0.07675915974831043,0.11129170301525343,0.1467146165249738,0.17831398130952741,0.20334785586542675,0.22063894165921144,0.23050166750686812,0.23066914546582878,0.2288877220897303,0.24079788164317756,0.1953861711437866,0.07234272672031078,0.02529715741273414,0.019400524672904818,0.02776291455019947]","[null,3.4097419677669965e-12,3.3821432853348938e-12,3.4293609462744908e-12,3.4010193121456755e-12,3.391795585436809e-12,3.373641551384456e-12,3.3701513712605973e-12,3.368909033757496e-12,3.3681038442385674e-12,3.367942738638871e-12,3.3773526637261558e-12,3.36899940770403e-12,3.41130396804913e-12,3.5111466096061713e-12,3.4127280891748047e-12,3.377837586319412e-12,3.5539964937040117e-12,3.4526588157249677e-12,3.421978943105569e-12,9.833621120713603e-13]"
3.1000000000000014,sqp_rti,0,"[0.14514965786511225,0.5579749477817322,0.1455987800258707]",0.34663200863122934,0.019806187599897385,"[-2.980232227667301e-09,0.0003132645838682113,0.00322401323301863,0.009172479540119183,0.02508929713093294,0.0541823455590687,0.0919049790705862,0.12811014016045236,0.1578679055430921,0.17990599802492763,0.19497333753128115,0.20422131179251662,0.2063806194145475,0.21795906987959485,0.23044222560144584,0.17950422851088216,0.0646245253788918,0.012243790225358986,0.007893999888829217,0.011865814557360355,0.14384848076936124]","[null,6.0002006277455584e-15,6.008989384245252e-15,6.0443315703161185e-15,6.047339225997608e-15,6.012451954673521e-15,5.9795005982964e-15,5.966870224921025e-15,5.963500083531618e-15,5.962877163892921e-15,5.964863162659404e-15,5.972457756576026e-15,5.982299522545187e-15,5.987515284993364e-15,6.056316048128198e-15,6.007253745826334e-15,5.999514237752477e-15,6.0235691223894506e-15,6.027901067131375e-15,6.070798195967401e-15,6.600391680100492e-16]"
3.2000000000000015,sqp_rti,0,"[0.1453893968262318,0.5368479954484237,0.14041001580988838]",0.3600855238362113,0.022043278440833092,"[-2.980232227667301e-09,1.5469356877267915e-05,0.00043769331093376773,0.004904657601629114,0.022558160768015256,0.054329886137025885,0.09115148422831681,0.12478323605819802,0.15094332907041746,0.16836770074179158,0.1774391421743658,0.1772083467998969,0.17831398452512587,0.20491154252808635,0.19606172954574436,0.09651881980208482,0.009900122405201939,0.0034343118965473596,0.002498122102729372,0.00901248312313202,0.25869541804095847]","[null,1.9681496675585625e-13,1.9653261475724146e-13,1.980600854815009e-13,1.9961009112635278e-13,1.9742480142187634e-13,1.9601914459666491e-13,1.9582006664450274e-13,1.9578809967157984e-13,1.9581371614519863e-13,1.9602746324613233e-13,1.9645804419016513e-13,2.0134020693433761e-13,2.0334669960620876e-13,1.969031258131366e-13,2.0037070310858542e-13,1.959032115888301e-13,1.963319262764614e-13,1.9652384530084092e-13,2.2123093784367254e-13,1.9233662185681933e-13]"
3.3000000000000016,sqp_rti,0,"[0.1391273880243734,0.5068662672893073,0.13172817491368088]",0.37372839452169276,0.025081871077418327,"[-2.980232227667301e-09,1.769601271628396e-07,0.00046638296162848647,0.00847291127363109,0.03139009845917001,0.06289638788623259,0.09368912530694368,0.11853349520835127,0.13614184661948997,0.14737220603071582,0.15259094188805006,0.15458121665463126,0.18015588095422325,0.21513419553970864,0.1495393028483159,0.01820132729781082,0.002595350831925969,0.001319049247520243,0.000919093529144821,0.01863633140857185,0.2714707815981264]","[null,3.266330538819743e-14,3.255117549970814e-14,3.237187241657405e-14,3.2231082738143333e-14,3.2128512099757003e-14,3.206969273932818e-14,3.208799674703164e-14,3.211415466883752e-14,3.212139627475179e-14,3.213772821081121e-14,3.231429205882575e-14,3.2516164588166316e-14,3.195581978030758e-14,3.19153561652177e-14,3.270061356527898e-14,3.2575221860773965e-14,3.2573403531775737e-14,3.258964092990982e-14,3.420396691995222e-14,1.5856021657536237e-14]"
3.4000000000000017,sqp_rti,0,"[0.1340228343796746,0.4934461057149653,0.12433347043595142]",0.3869011882983985,0.022444315254688263,"[-2.980232227667301e-09,2.1978038013958923e-06,0.001971928191295047,0.0161368303211476,0.04248573397252048,0.07165990801688676,0.09649200230177307,0.11419029161546984,0.12503223229766086,0.13027393242275748,0.13116536034664344,0.13698849380736516,0.1796750946011894,0.19667315743645625,0.08507564503326775,0.0033557760021277194,0.0006920375151306113,0.00033688482408028575,0.00027271401995498934,0.012084369172605858,0.19763287413876968]","[null,5.198216725678166e-14,5.1889726310420836e-14,5.185288838784962e-14,5.150247184862377e-14,5.153208531442916e-14,5.162184466378193e-14,5.1615778090162713e-14,5.1630305696632557e-14,5.162767701579606e-14,5.165555012069613e-14,5.2097310950442936e-14,5.173167113463506e-14,5.15575826598149e-14,5.2135827944695763e-14,5.2195115658478224e-14,5.201619643189528e-14,5.2002631969867544e-14,5.201778209698907e-14,5.445786625126542e-14,2.1859546003689737e-14]"
3.5000000000000018,sqp_rti,0,"[0.12844413520805542,0.4762781489727126,0.11720768247511822]",0.39957883239266123,0.0194694921374321,"[-2.980232227667301e-09,3.930629866405466e-05,0.005109700161420483,0.02362642992718983,0.04831383336975953,0.07103278553265496,0.08813015188963097,0.09947890464471237,0.10693774806072859,0.11161777961857205,0.11810508513367673,0.1552099689513174,0.21824864425414053,0.13838355611848369,0.012326340606957753,0.0007273449081781624,0.00029969685876093943,0.00014290582867299007,0.0003854587721721925,0.023840302307955252,0.23779711195035774]","[null,1.2899327521184034e-13,1.3166606074154703e-13,1.3019268245576842e-13,1.2837976799374727e-13,1.2725400629150037e-13,1.2707205423005317e-13,1.2726332435330097e-13,1.2733820937361384e-13,1.2769762328703637e-13,1.2831822493191289e-13,1.2902258284317557e-13,1.280596015426518e-13,1.2925087006593609e-13,1.3063376445353037e-13,1.2896040291289645e-13,1.2897755745705616e-13,1.2899471125035681e-13,1.2919168580742564e-13,1.559124035752326e-13,1.1446928982046841e-13]"
3.600000000000002,sqp_rti,0,"[0.12239067389019975,0.4678983017370062,0.11619720484845482]",0.4108044747547944,0.01734580658376217,"[-2.980232227667301e-09,0.0002047443681454375,0.008509226724363661,0.027999670876695693,0.049251743116154156,0.06672121765289446,0.07873682802280874,0.08605313309226142,0.08959083279129826,0.09225817291288668,0.1014460261866173,0.1524295962230589,0.19384298621380652,0.07939565620744898,0.0020216700392333697,0.0001268655465567481,4.986193632636193e-05,3.277352853736648e-05,0.00011842855304461386,0.01549849939040665,0.24823706286050468]","[null,4.850887882166967e-17,4.851591084692836e-17,4.853209002937209e-17,4.848255823346185e-17,4.845972208330282e-17,4.8450189653418885e-17,4.842646881213771e-17,4.8406915537306667e-17,4.840401486778832e-17,4.859191292731128e-17,4.849881400851871e-17,4.8363095729679866e-17,4.866685933777398e-17,4.862254190967046e-17,4.852152166169287e-17,4.8474551814230737e-17,4.846376194773792e-17,4.854447472169439e-17,5.152438591740707e-17,2.2762034182445095e-17]"
3.700000000000002,sqp_rti,0,"[0.12021535317133211,0.4575179797818815,0.10748300917924906]",0.42351707253447013,0.015925083309412003,"[-2.980232227667301e-09,0.00045713176777970044,0.009857475834334883,0.02609437833562761,0.041400116079828575,0.053323076159323246,0.062022460420437964,0.06838488927325753,0.0746967529039198,0.08627080691610872,0.13506240112251683,0.2174326237185305,0.11051685921468196,0.004474263403651257,0.00012578950124697563,4.4281650147026674e-05,1.653111442631583e-05,1.0599619410189831e-05,0.0018599417442540789,0.03351632706919877,0.40411557317743957]","[null,1.0067407917524467e-14,1.0041718278901313e-14,1.0018000877177075e-14,9.968337792411786e-15,9.979167336304004e-15,9.993162401158176e-15,9.99513441308714e-15,9.99933917633334e-15,1.0031259990811458e-14,1.0157072213973006e-14,9.897878479045091e-15,9.934062115084862e-15,1.0137275105179405e-14,1.0100225441745654e-14,1.0083723788759664e-14,1.007970281530954e-14,1.0079588590539953e-14,9.961573703643029e-15,1.2996060490023403e-14,1.193207297966461e-14]"
3.800000000000002,sqp_rti,0,"[0.11454344660712738,0.5148452987904812,0.10268005529334641]",0.43485054195602435,0.015221375972032547,"[-2.980232227667301e-09,0.0008244051287171761,0.010342222407830726,0.023442770577040417,0.03494301191265198,0.04391883645040501,0.050520318404201625,0.055406073607656314,0.061585888582525616,0.07839314351722032,0.1512929455386985,0.17361573242473566,0.042423682052693146,0.0007549368838244419,1.6065594019898377e-05,5.450319099237211e-06,5.955445314759222e-06,2.7659977547223047e-05,0.001284097437362297,0.05475375161414037,0.6045258850130153]","[null,6.702856104816721e-15,6.7010516276492205e-15,6.71267947875444e-15,6.699169390313461e-15,6.698378941806104e-15,6.700416924887422e-15,6.70025446454146e-15,6.699868802138871e-15,6.7013627225595886e-15,6.697811169018594e-15,6.679473934342296e-15,6.684244596955605e-15,6.694303411545285e-15,6.696543210005385e-15,6.696867783900423e-15,6.696889165597616e-15,6.6967285704233214e-15,6.697538139866516e-15,6.768768275634917e-15,2.652745450990036e-15]"
3.900000000000002,sqp_rti,0,"[0.10867246148404332,0.36221599457770004,0.1110345976763856]",0.44337864147890943,0.01471126452088356,"[-2.980232227667301e-09,0.0008014802816002087,0.00838964963959793,0.017522953148079,0.025561062094273224,0.032731869464797836,0.03905049313786574,0.046130853596414056,0.05795594378765029,0.10356858501299443,0.21190138902900096,0.09538510162065422,0.0009322708301212623,4.47414020196546e-06,1.2522367713596605e-06,4.1271127743103264e-07,3.232538112463157e-07,1.0730394947283672e-05,0.003188164546090555,0.04240422932886362,0.5745793736032467]","[null,5.845406266593891e-17,5.832573195315519e-17,5.887956700836173e-17,5.840829133033149e-17,5.822396753999531e-17,5.825377340989132e-17,5.831451593259129e-17,5.836226122906108e-17,5.839172025870322e-17,5.81864115151479e-17,5.81559148203449e-17,5.837309306032872e-17,5.833312475320776e-17,5.833555247150762e-17,5.833622541231942e-17,5.833634447064036e-17,5.832431894121036e-17,5.826052569664167e-17,6.363271980975605e-17,4.1323061002412544e-17]"
4.000000000000002,sqp_rti,0,"[0.10817502868842595,0.42880079067610455,0.09792440413279012]",0.4559562748767466,0.015640409663319588,"[-2.980232227667301e-09,0.00020552187353861662,0.002785164314956734,0.0075055629223036435,0.013661790032928112,0.019838163343584736,0.025695599523661683,0.03206861292666813,0.04609787455173803,0.10467239910017662,0.10536050544618619,0.017779606173277396,0.00016242808487501592,7.068408327259856e-07,1.7267891871952656e-07,3.217421035428547e-07,1.937630636578147e-06,3.748174536585824e-05,0.003691849832118399,0.0839568835961309,0.7459332306818964]","[null,2.573598892489212e-14,2.5667217867178557e-14,2.5672347433771835e-14,2.5754152115299936e-14,2.5769772450232242e-14,2.5788340689673806e-14,2.5783122153768956e-14,2.5721572424024536e-14,2.5722111089649e-14,2.571086506378001e-14,2.5880015015282763e-14,2.5815589634209297e-14,2.5822218620166524e-14,2.5822006422640007e-14,2.582209293955761e-14,2.5822841310481614e-14,2.5813166016279732e-14,2.5800244345613905e-14,2.574882403609608e-14,2.2652059225702343e-14]"
4.100000000000001,sqp_rti,0,"[0.10493389846021031,0.3256329087519919,0.09836028871507832]",0.4659214411278221,0.01665452867746353,"[-2.980232227667301e-09,8.294616279821976e-05,0.0014604730861030313,0.004580275049563126,0.008862293804940358,0.013843863004202872,0.019498264520522224,0.027721238613426513,0.06323945620493882,0.1286484297197193,0.03867022531301628,0.00022077815303950254,1.1437166050343173e-07,3.232327153157577e-08,-4.881721998861721e-09,2.0641902659379596e-08,6.173259295416678e-08,7.436158232662637e-05,0.00867275265968287,0.10605004372163834,0.7722750306569963]","[null,4.5407028968471897e-17,4.536446000555555e-17,4.531253504638135e-17,4.5367288606710596e-17,4.533391307725131e-17,4.5317041778491107e-17,4.530581718390531e-17,4.53041307485803e-17,4.509849146427825e-17,4.522839284304804e-17,4.542558565101184e-17,4.5362599148767745e-17,4.536250282125291e-17,4.536248675075525e-17,4.5362500415694154e-17,4.5362532658824866e-17,4.543274564561474e-17,4.678986162134675e-17,4.523984178543436e-17,4.789691105024406e-18]"
4.200000000000001,sqp_rti,0,"[0.09753854406263818,0.32071888648455854,0.10126335682209797]",0.47436311895148475,0.018648767843842506,"[-2.980232227667301e-09,6.463447812826706e-06,0.0003555310243520404,0.0019179845680731278,0.004727805799074558,0.00819572786012529,0.012107627321341463,0.02050141024550839,0.05642878481937591,0.04601083579733373,0.003974133828373694,6.558336911682838e-06,3.483240085255801e-10,-2.451188058083531e-09,2.1064160471429005e-08,1.8116964151104753e-07,7.998621467941724e-07,3.609455578040821e-05,0.003617060427062946,0.1366748390136195,0.44727788183001566]","[null,1.1782573754564841e-12,1.1794242061886885e-12,1.1821045392380803e-12,1.1826372100773862e-12,1.1815423016040431e-12,1.1806876257534785e-12,1.1875690965818125e-12,1.1821187495457342e-12,1.171702296527422e-12,1.1777651804142656e-12,1.178551522054963e-12,1.1784034134315024e-12,1.1784033636241015e-12,1.1784039167238544e-12,1.1784071611756283e-12,1.1784238714540025e-12,1.1782628879870687e-12,1.1841729981696942e-12,1.2543377286186135e-12,6.498719214299572e-13]"
4.300000000000001,sqp_rti,0,"[0.09861202616355692,0.17717626633519598,0.10072982714727201]",0.48403740039214926,0.02077479474246502,"[-2.980232227667301e-09,6.301665017582891e-08,4.491204818327099e-05,0.0005322298491564625,0.001893362208437832,0.004228019856798881,0.008249038750206383,0.03040171177676304,0.04766794160237692,0.004239274190547315,8.018474264015474e-07,4.953889798375855e-10,3.807166887304092e-09,-1.9043386589867595e-09,-8.79381237273158e-09,-5.037464334556319e-09,4.171338897018817e-06,0.0006790769037845756,0.013472147444155091,0.32755992739871403,0.4963999918132707]","[null,1.6509159930350311e-12,1.6569303466831726e-12,1.6556539899269196e-12,1.6542031306638972e-12,1.652966721894093e-12,1.65128393199131e-12,1.6475213101838759e-12,1.6435992066583477e-12,1.658079777265548e-12,1.6510698780626274e-12,1.6508749305842448e-12,1.6508748797907466e-12,1.6508748729473652e-12,1.6508748788950085e-12,1.6508748909573347e-12,1.6514884491094932e-12,1.6786900281315422e-12,1.6479516962621167e-12,1.6451796736786144e-12,3.257590719406964e-13]"
4.4,sqp_rti,0,"[0.09574161149575924,-0.03898534197378259,0.0992761311066525]",0.49369849698706736,0.023119553923606873,"[-2.980232227667301e-09,-1.0908754455307701e-10,2.437423465845301e-05,0.0003305221861534813,0.0011835005695664536,0.002532520526002724,0.006862595377308989,0.016510789740260823,0.006482171278238524,0.00022217014952236047,1.6914946077140058e-07,-5.108220707539246e-09,9.852089977169243e-10,-2.500823714779443e-10,1.2054097905944694e-07,0.00014537463444905252,0.009908821267428147,0.09661479089110064,0.2672430191860656,0.34803594746808103,0.48326675928586554]","[null,9.851027130171702e-12,9.862916627520464e-12,9.861541401582115e-12,9.85985169739758e-12,9.859431704042383e-12,9.89279962727021e-12,9.885820774006271e-12,9.85757283412494e-12,9.865697095280852e-12,9.851087806047073e-12,9.851015426765884e-12,9.85101542790661e-12,9.85101556440453e-12,9.851048094361287e-12,9.86526832323237e-12,9.90139373787115e-12,9.82809776935521e-12,9.83075133570694e-12,1.0121343552845299e-11,3.004159864475978e-12]"
4.5,sqp_rti,0,"[0.10194102918536371,-0.04013539823735937,0.09501079571137189]",0.5059074731822579,0.023005813360214233,"[-2.980232227667301e-09,1.5249722040699965e-09,1.2607439656669994e-05,0.00032051913424091527,0.0017570428028606533,0.010596201232800528,0.016479677316222185,0.0011147990711402045,1.2490782559382296e-06,-5.427900295895682e-09,-6.456018109002315e-09,-3.629793410286908e-09,-3.0756339974846725e-09,1.2106454172489123e-09,5.7042973677978726e-05,0.03637916594911089,0.15938758451853446,0.08203438276982472,0.08378178459131186,0.10841581542967732,0.12198412641046136]","[null,7.677091850592539e-16,7.702013155600016e-16,7.697396810123947e-16,7.690577397121623e-16,7.784609310837894e-16,7.605083358055647e-16,7.685172067923399e-16,7.678833465914428e-16,7.677085578883285e-16,7.677085523597893e-16,7.677085516699336e-16,7.67708551093169e-16,7.677085598690383e-16,7.702802419642695e-16,7.664736741060069e-16,7.636571663937168e-16,7.726196897695702e-16,7.67937761821472e-16,7.652574860143211e-16,2.3801272425204745e-16]"
4.6,sqp_rti,0,"[0.09814797965784958,0.158802336417398,0.10724755251332]",0.5141190446328636,0.022846728563308716,"[-2.980232227667301e-09,-8.194302458797154e-10,1.847047941877511e-05,0.00034118394562776544,0.003505490166518632,0.00559486934126846,0.00021592287838190227,8.810153498406414e-08,-3.848690255381371e-09,-3.1705573166895817e-09,-3.010282079163318e-09,-2.504052826202141e-09,2.6752749032743495e-07,0.009010386461041298,0.18444162941474823,0.12334235498301,0.06359782271445563,0.09586231780442916,0.12495677602645278,0.14881891046339019,0.1834600352805998]","[null,3.8125445386066675e-17,3.8115468598332166e-17,3.8100007633832586e-17,3.8193241861935126e-17,3.820872632514957e-17,3.810006877895884e-17,3.812548619014312e-17,3.812543911920418e-17,3.8125439117588596e-17,3.81254391167808e-17,3.8125439117588596e-17,3.812561008467366e-17,3.8165385167018054e-17,3.7946464577652155e-17,3.8304792542596296e-17,3.825462142361718e-17,3.808490271646454e-17,3.785844377491368e-17,3.874195640661705e-17,1.1249339512468633e-17]"
4.699999999999999,sqp_rti,0,"[0.10431450139264141,-0.029531721417677764,0.11380876288998791]",0.5245248897346357,0.023625612258911133,"[-2.980232227667301e-09,-5.0963030739925586e-09,1.9998258939668556e-06,8.880456321519459e-05,0.0008007995457470496,0.00010899012328463575,1.7345024494463956e-07,-3.1382122178680305e-09,-2.9805931889281823e-09,-2.9797043166190917e-09,-2.2795619836202263e-09,4.016963361386239e-06,0.007973847184428007,0.08824762722733653,0.063028348315666,0.06522646071247601,0.08336056328352087,0.10096720479750482,0.12341400081136095,0.1482552134963438,0.1699503824543907]","[null,2.6019362956005082e-17,2.6020099970952128e-17,2.6001282545270552e-17,2.5977855116877702e-17,2.6004905581257892e-17,2.60194988951416e-17,2.601936256372033e-17,2.601936256286205e-17,2.6019362562912538e-17,2.60193625646291e-17,2.6020660217089252e-17,2.643436902294599e-17,2.5862778951349334e-17,2.5944449361651163e-17,2.5880491449575546e-17,2.5849515174396147e-17,2.589983760659041e-17,2.6159446042874626e-17,2.6929155511689084e-17,5.324178281694393e-18]"
4.799999999999999,sqp_rti,0,"[0.11812969255670884,0.07190356061287825,0.11308217527436601]",0.538448564468541,0.023451268672943115,"[-2.980232227667301e-09,1.411028044406848e-09,9.121646503573722e-06,0.00018712474630636078,4.8309692999570775e-06,-7.980254040917956e-09,-2.980294983023768e-09,-2.9802500189912706e-09,-2.980216989856288e-09,-2.854816910646818e-09,2.5388514399288242e-05,0.041637973289982366,0.15799808916030927,0.08128465225031328,0.09054163660243014,0.10777367633924212,0.13054346453647342,0.15472589527151898,0.17317343412969138,0.17953840545086025,0.18162407033544242]","[null,3.0465089478371225e-17,3.0454276712117234e-17,3.022937051678812e-17,3.0464423396787035e-17,3.04650888060093e-17,3.046508839686186e-17,3.0465088396836613e-17,3.046508839686186e-17,3.046508839739197e-17,3.046405298928207e-17,3.0462043257856436e-17,3.023472409703711e-17,3.046717566233353e-17,3.031745798392764e-17,3.0285449080836604e-17,3.031288524521324e-17,3.049035996573914e-17,3.095402288635006e-17,3.108387604802281e-17,5.6375044971014534e-18]"
4.899999999999999,sqp_rti,0,"[0.11681139045604272,0.08686473096366096,0.12931621660491868]",0.5481336845998056,0.023959621787071228,"[-2.980232227667301e-09,-9.611539453224793e-09,5.0030457953709195e-06,1.9023006503360307e-09,-2.9862897710231096e-09,-2.9802324774674815e-09,-2.9802323386896035e-09,-2.9802246781507336e-09,1.043047925808338e-09,0.0003079117902745343,0.12754015722181117,0.17934319485996825,0.10953343431785073,0.11363160305325587,0.12707360366049053,0.14708299740184733,0.17318823975729442,0.2012193887927654,0.2188995076571974,0.24761072282462387,0.37075186110463304]","[null,4.736860440796312e-17,4.736002475794438e-17,4.736872972214036e-17,4.7368582932720654e-17,4.7368582888064816e-17,4.7368582918357075e-17,4.736858291833183e-17,4.736858297005586e-17,4.772902933942431e-17,4.7475881016233186e-17,4.7529782878102457e-17,4.703553290842848e-17,4.702137499805415e-17,4.7004008776746765e-17,4.6926194346569996e-17,4.7243460625987676e-17,4.709738978914457e-17,4.727333816082983e-17,4.752310821289228e-17,1.0318636413107037e-17]"
4.999999999999998,sqp_rti,0,"[0.12140864387483682,-0.1490965116724346,0.13476015681830797]",0.5602524078487079,0.025521567091345787,"[-2.980232227667301e-09,7.297783766180288e-10,-4.329436587013902e-09,-2.980237195915336e-09,-2.980232227667301e-09,-2.980232227667301e-09,-2.9802321999117254e-09,-3.595725939220529e-10,0.00019320243561191108,0.045182938557878416,0.0733921095678099,0.0637517748688124,0.08891164709701799,0.12191008058473757,0.15652554056216667,0.18781107360219346,0.21386270304952043,0.22774978159296105,0.23882263169450618,0.2844136516703671,0.6243397161310227]","[null,2.9126314795102466e-17,2.912631482395584e-17,2.912631483665335e-17,2.912631483301828e-17,2.912631481421183e-17,2.9126314825117046e-17,2.912631480570476e-17,2.913348925983775e-17,2.9176580891874343e-17,2.9067130714275705e-17,2.90221903930691e-17,2.9146143231054356e-17,2.909904633599096e-17,2.9198647873544974e-17,2.91118651640916e-17,2.911061447218035e-17,2.9129876347346584e-17,2.9196822916264487e-17,2.933416358113275e-17,5.4159988366509745e-18]"
5.099999999999998,sqp_rti,0,"[0.12796567298797937,0.12791680118914545,0.12933502670205876]",0.5747481391551891,0.030489275231957436,"[-2.980232227667301e-09,-2.980232227667301e-09,-2.980232227667301e-09,-2.980232227667301e-09,-2.980232227667301e-09,-2.980232227667301e-09,-2.9801671130869067e-09,1.1586663682394693e-06,0.13764368959062773,0.3330946807588589,0.21178063013531984,0.20931886965248908,0.22149360136139934,0.23738189158738693,0.2549461878439015,0.2772309935248288,0.31641554092122864,0.38837851992777744,0.9261399503262175,0.6351943293935285,0.5046202997592519]","[null,6.143379981167287e-17,6.143379981154665e-17,6.143379981152141e-17,6.143379981162238e-17,6.143379981159714e-17,6.143379981179909e-17,6.143982306139691e-17,6.137134511777398e-17,6.134755183555996e-17,6.158209213699197e-17,6.144606826757484e-17,6.135269523388031e-17,6.129837091233334e-17,6.131018638640585e-17,6.13450980127799e-17,6.156873038359009e-17,6.141824547946457e-17,6.14446786129305e-17,6.145052527135725e-17,1.0034705882698107e-17]"
5.1999999999999975,sqp_rti,0,"[0.1424085544121224,-0.20443360010156386,0.12352706027453095]",0.5921706636635414,0.04008372128009796,"[-2.980232227667301e-09,-2.980232227667301e-09,-2.980232227667301e-09,-2.980232227667301e-09,-2.980232227667301e-09,-2.979728935814663e-09,4.55833938492467e-06,0.010909994160835323,0.026844400794560574,0.030745811475905438,0.056066335842036186,0.09048463682664193,0.12603601450720953,0.15472830109831365,0.17332735021352158,0.18803399208722454,0.20430415721125855,0.2926678678895421,0.6172249908089469,0.4088279772769681,0.3432025589807662]","[null,1.2303259234144e-11,1.2303259234144e-11,1.2303259234144e-11,1.2303259234144e-11,1.2303259234145654e-11,1.2304162630901915e-11,1.23168642629777e-11,1.2287060499366927e-11,1.2288957934970063e-11,1.2291951713169771e-11,1.2284024873169098e-11,1.2284658097948078e-11,1.2275547176727464e-11,1.2277164349151372e-11,1.2283685362766649e-11,1.2298451550348479e-11,1.2300279970588208e-11,1.2285314513579382e-11,1.2283361625998093e-11,1.726954514887896e-12]"
5.299999999999997,sqp_rti,0,"[0.13322935874330905,0.04197656779492928,0.1505145994553053]",0.6006307925966188,0.052191466093063354,"[-2.980232227667301e-09,-2.980232227667301e-09,-2.980232227667301e-09,-2.980232227667301e-09,-2.9802321721561498e-09,2.1394918755801573e-06,0.2599686636180046,0.2300270087573793,0.18337576186742838,0.19308149515821676,0.21428558718618335,0.2356654367742717,0.2515080917857933,0.2602985075992528,0.264256060153177,0.2603247886168745,0.42283429608504336,0.3836506237362663,0.21088302872085213,0.26979506207181,0.3631196327676299]","[null,5.0342300818860016e-14,5.0342300818860016e-14,5.0342300818860016e-14,5.0342300818860016e-14,5.039034917697786e-14,5.0258523631541744e-14,5.033290316000675e-14,5.0833488388430035e-14,5.0274485557049386e-14,5.0218786265667064e-14,5.0211297606963245e-14,5.020424074934109e-14,5.021403842037773e-14,5.0337012372149965e-14,5.031149865891533e-14,5.034659299489228e-14,5.026100921684342e-14,5.048012831044232e-14,5.0592364770802875e-14,8.256940125209394e-15]"
5.399999999999997,sqp_rti,0,"[0.14393546398260149,-0.2002116246296796,0.15112563367564982]",0.61622068620035,0.06163530796766281,"[-2.980232227667301e-09,-2.980232227667301e-09,-2.980232227667301e-09,-2.980232227667301e-09,8.889353106389386e-08,0.0062785632898442745,0.007017257019535539,0.019696269180318915,0.048571335100717594,0.08949812920690975,0.12947053475298703,0.15708354757704762,0.16926023683993457,0.17452324621866994,0.183524679602521,0.2767015475492201,0.7205959907726764,0.5344869182999588,0.4047935715063716,0.4791265522255806,0.5570865966256064]","[null,1.0547629566167278e-10,1.0547629566167278e-10,1.0547629566167278e-10,1.0547812324992356e-10,1.0529872025778926e-10,1.0579298045464146e-10,1.0580180354556182e-10,1.055125303092371e-10,1.0533882818398095e-10,1.0532859405822505e-10,1.0548630019384378e-10,1.0537589177215756e-10,1.0535016103108493e-10,1.0532055764399872e-10,1.05489756870668e-10,1.0535824625077091e-10,1.0541574053373124e-10,1.0580524432566111e-10,1.0562560039620943e-10,1.4412448207969463e-11]"
5.4999999999999964,sqp_rti,0,"[0.16018164874770352,0.07453768041889294,0.1420585694729934]",0.6353250876896226,0.04883858934044838,"[-2.980232227667301e-09,-2.980232227667301e-09,-2.980232227667301e-09,-1.3962941913803206e-10,0.06935550988611966,0.0773004830662341,0.09554414200419076,0.13062236155527246,0.16953466548577972,0.2037007820529631,0.22653548984991617,0.23502254626730307,0.2372412623043026,0.2428800116527972,0.5011340747592594,0.36269788871728253,0.17661839474582292,0.2363142548844714,0.30389776811410113,0.3809668365437992,0.4564589192845177]","[null,1.5954032822624484e-16,1.5954032822624484e-16,1.5954034399437527e-16,1.5953625938943518e-16,1.5903121211722568e-16,1.5972019207177369e-16,1.595942117923976e-16,1.5950403879172107e-16,1.594199459821371e-16,1.5948385879009965e-16,1.5934219879814945e-16,1.5944888605909e-16,1.5947973660014048e-16,1.594321608419204e-16,1.5953028257006978e-16,1.5977278876461318e-16,1.5946413191543285e-16,1.5953329230550265e-16,1.5965736691584376e-16,3.1032689329748614e-17]"
5.599999999999996,sqp_rti,0,"[0.1479883595529578,-0.20831438331061777,0.16291897458960733]",0.6453049474957419,0.034208767116069794,"[-2.980232227667301e-09,-2.980232227667301e-09,-1.2682340455594243e-09,0.00015028217437429436,0.0004230406266032827,0.004529767927100636,0.024306174792215363,0.06504693519867538,0.10866420227874657,0.13612835188748457,0.14792899234035312,0.1686707009064115,0.21994354121707788,0.42360825041156575,1.1631395635239954,0.5224245780562817,0.5635902883118902,0.6363158696728852,0.6782471540251762,0.6891079729359262,0.7082007502382666]","[null,3.4720456639250414e-17,3.472045674264799e-17,3.478625417823867e-17,3.4783980142412486e-17,3.471252507577528e-17,3.466155650702584e-17,3.466841804775515e-17,3.466694592475875e-17,3.4812987324392583e-17,3.459599515395187e-17,3.463134591942615e-17,3.469102517823956e-17,3.466657714437722e-17,3.4661363528373873e-17,3.4659303060242095e-17,3.460400208133562e-17,3.4720456639250414e-17,3.472045661340102e-17,3.472045661340102e-17,5.238983862048667e-18]"
5.699999999999996,sqp_rti,0,"[0.17339765174481458,0.021000176170174523,0.17104912124850946]",0.6627256965720079,0.02170218713581562,"[-2.980232227667301e-09,-2.980232227667301e-09,2.0552881166702175e-06,0.0003372984121400302,0.009942804208478873,0.05058597419368632,0.1116558183928163,0.16652891051663304,0.20102893499283853,0.21111090693663997,0.21507904939817984,0.21063285904085022,0.3132074602752251,0.5234230056368829,0.2714691985764695,0.2535528760313362,0.30997221132141456,0.39945753999130745,0.48878732063627056,0.588045260497094,0.7616186736174109]","[null,5.347865083632556e-17,5.3482307969026927e-17,5.345974093266939e-17,5.337696025751718e-17,5.3328169527234826e-17,5.331570672344555e-17,5.3304905568592997e-17,5.3297590867789533e-17,5.329424895931157e-17,5.326421968834909e-17,5.3169592155940395e-17,5.378550349543681e-17,5.319695090312338e-17,5.349237897608652e-17,5.317841434625529e-17,5.3223928601862954e-17,5.3406854082299165e-17,5.339448830496811e-17,5.35424686244396e-17,1.1755685846384648e-17]"
5.799999999999995,sqp_rti,0,"[0.19440956035329682,-0.36880377953867804,0.15722223905598273]",0.6837997214566206,0.013681463897228241,"[-2.980232227667301e-09,-2.980232227667301e-09,-9.1967540249982e-09,6.242778903753354e-05,0.0035460857874002882,0.020349090219604016,0.04796850661288127,0.07926427816112797,0.12326519689716992,0.17361196241315896,0.26755147524348183,0.24007284945014434,0.14781338840490293,0.1765159101622043,0.23648474263773417,0.3143906904689889,0.39415422098486436,0.44935873535574605,0.47988615726617107,0.4795387196186159,0.6346530984430829]","[null,5.516326747839359e-17,5.51632824138908e-17,5.516318137532388e-17,5.504005889475084e-17,5.492625888367048e-17,5.582480248277494e-17,5.435400092108253e-17,5.4779970929233655e-17,5.480130802688117e-17,5.573338376576637e-17,5.4627953589972107e-17,5.513291316992951e-17,5.4716393007846255e-17,5.4752442261108765e-17,5.489390338841917e-17,5.496653194166833e-17,5.53012512731084e-17,5.687731053240927e-17,6.32259055274458e-17,2.9554283159885574e-17]"
5.899999999999995,sqp_rti,0,"[0.13845571470661272,-0.46356720511251853,0.15066982640999846]",0.6954048308152018,0.011611033231019974,"[-2.980232227667301e-09,0.00015990636743998254,0.022338020714723517,0.10171775695036694,0.2011939036433617,0.3118248786129712,0.5682717658930769,0.7316701984556644,0.8293352021576055,0.7519364022470245,1.3694727640575735,0.762921056953094,0.5975675506629579,0.705709680880273,0.7863800597593784,0.8122786629527272,0.7912112142331778,0.7792476307788954,0.723664808207239,0.5920962513298071,0.4999978812187578]","[null,3.279332467560874e-14,3.2613162659949647e-14,3.2319736761815375e-14,3.2233906151481636e-14,3.36020529144117e-14,3.225522502367146e-14,3.242876056498649e-14,3.2851623651039355e-14,3.285162365080631e-14,3.285162365074557e-14,3.285162365088512e-14,3.28516236512359e-14,3.285162365063344e-14,3.2851623650942016e-14,3.2851623650742895e-14,3.2851623651184e-14,3.28516236506398e-14,3.285162365083155e-14,3.2851623650755265e-14,1.8812264628541795e-14]"
5.999999999999995,sqp_rti,0,"[0.15959858936689586,-0.14583897807120677,0.15147039206519647]",0.7115112624944725,0.00954141840338707,"[-2.980232227667301e-09,0.00019907378260097808,0.034332939924618,0.12580442947618026,0.20051104517073953,0.24756849811824538,0.28381321793336484,0.275784605739468,0.2649199551283779,0.32854364290896926,0.6644246886039766,0.3104744932891144,0.2576595336929149,0.3085806330073229,0.3653433154182107,0.41858415108189534,0.4635411362394464,0.48505777852886994,0.5155851792296751,0.6047109732005616,0.9423259395338348]","[null,7.576894154400219e-17,7.547092865461139e-17,7.52336814529157e-17,7.515759291554852e-17,7.512783441244584e-17,7.516242114232875e-17,7.519714903285006e-17,7.535051974041648e-17,7.525968240622103e-17,7.522760195834313e-17,7.536205375644059e-17,7.535720924439058e-17,7.524813770455216e-17,7.521073695045204e-17,7.517750119429619e-17,7.51284765248259e-17,7.541098486796677e-17,7.533734908343182e-17,7.527278829149021e-17,1.5889987188959985e-17]"
6.099999999999994,sqp_rti,0,"[0.15543642741191446,-0.27336064120823245,0.15353662888511976]",0.7254730894567744,0.009098570793867111,"[-2.980232227667301e-09,0.007965006585549272,0.05345479911961598,0.10321060554478373,0.1445387058790793,0.1700429925290095,0.17945824494549073,0.17811542150501475,0.3227863904694271,0.24885584743314554,0.11077664173587182,0.12230726276644194,0.17103428295919448,0.24370592642630634,0.3255844649750002,0.4030026235128797,0.4711336911860092,0.5259249730007818,0.5188183517735065,0.5473945863624621,1.1190428878871053]","[null,9.585954624237091e-16,9.617849431018519e-16,9.591480283833717e-16,9.63089621318583e-16,9.517870500740363e-16,9.554108132833915e-16,9.655731845638442e-16,9.618521648713968e-16,9.553126119527144e-16,9.716189714018737e-16,9.56474155403674e-16,9.574632180672172e-16,9.585877893659137e-16,9.575423699126847e-16,9.567450463477638e-16,9.560382845228898e-16,9.56490545947223e-16,9.668926926339345e-16,1.0465406185153895e-15,5.999576678266961e-16]"
6.199999999999994,sqp_rti,0,"[0.13899353071430487,-0.30797229444503516,0.13978131266728153]",0.7396411074158356,0.008662540465593338,"[-2.980232227667301e-09,0.019653287466939784,0.08938464751250558,0.13845186509343393,0.15679305139353944,0.17133765919740612,0.19403992367630424,0.2656873359095229,0.8151101592815209,0.5578108041578858,0.4334392940087504,0.484003205933729,0.5232370043237686,0.5461961906521793,0.5540345110273008,0.5615021656157253,0.5884938058264637,0.5963909542178925,0.45925392319942376,0.07626870060194141,0.7081350915832345]","[null,2.2806657784457366e-16,2.276425059765185e-16,2.2763175643311157e-16,2.274656194527969e-16,2.2752808089199926e-16,2.278269362751433e-16,2.2792356744495774e-16,2.274628582779942e-16,2.2773278614795014e-16,2.2744460952663964e-16,2.274082890495936e-16,2.273754094220302e-16,2.2736478905279157e-16,2.2736641000690593e-16,2.273685635237437e-16,2.273739723105488e-16,2.274203674384093e-16,2.279544456465765e-16,2.288753818652205e-16,4.3146143814872e-17]"
6.299999999999994,sqp_rti,0,"[0.148874289880565,-0.44196027923480485,0.13683656589910964]",0.7532393943259221,0.00855124369263649,"[-2.980232227667301e-09,0.01909842902070108,0.07627859454005731,0.1199610784725696,0.1467728311005601,0.1504450994336775,0.1522723392734669,0.35180738202712974,0.1968808153437756,0.09838508669569174,0.11075129206895157,0.16253723990611119,0.23748411894435045,0.31773598823819854,0.38826590136176425,0.4421572249180706,0.4825774282912015,0.5192951729281254,0.4523883483823397,0.2224521764246024,null]","[null,3.201309028220053e-17,3.1491467568250053e-17,3.143287992617058e-17,3.142954334095125e-17,3.143550474074914e-17,3.15836073244218e-17,3.1521649087423485e-17,3.145481659725881e-17,3.181000830120541e-17,3.1673210828765625e-17,3.158219236647702e-17,3.156616578759768e-17,3.14574525288439e-17,3.150365315806259e-17,3.1683169046487233e-17,3.150848279017644e-17,3.1515642849327097e-17,3.202876665427058e-17,3.1608903147300935e-17,5.358911575161909e-18]"
6.399999999999993,sqp_rti,0,"[0.12283053580886957,-0.15715982703001252,0.11627236497344853]",0.7666453920297621,0.008960533887147903,"[-2.980232227667301e-09,0.031031570841673795,0.07604778081620617,0.09361043206320901,0.10076175817123884,0.11470138892126053,0.20011041982079264,0.5645125224279439,0.3980032427890066,0.2966841934209164,0.31982635547577304,0.34417833425153505,0.369941851017402,0.38602110147532614,0.3895634450402035,0.41775249574636747,0.5058625156395464,0.6008297248239429,0.35294938688505867,0.13302077330855938,0.5064858647138457]","[null,4.7908776023142567e-14,4.7855548820310484e-14,4.789657603769121e-14,4.788365088471395e-14,4.7870129497199765e-14,4.7942852704194685e-14,4.7871114927069705e-14,4.794074945621238e-14,4.788260601610068e-14,4.7866286886639396e-14,4.786418298669099e-14,4.786463074650546e-14,4.786403997363876e-14,4.781676511905288e-14,4.792214470750797e-14,4.7854701315662273e-14,4.7859139569412494e-14,4.794568012722262e-14,4.810784586452083e-14,7.62319508209042e-15]"
6.499999999999993,sqp_rti,0,"[0.12079255848570991,-0.3797218629552227,0.11499687708860391]",0.7781290044739531,0.009273774921894073,"[-2.980232227667301e-09,0.010250771941206882,0.04530099210130062,0.07307442762467248,0.08635814091357191,0.10810864797286152,0.22058563583347707,0.09753275393970001,0.061549105266355764,0.08282390680505608,0.13507757755198108,0.20263270159446806,0.2758873210612805,0.3488553584609367,0.41052984692932065,0.46603715929889306,0.5057913653884831,0.46950577716662495,0.42311593997536506,0.3443574150601279,0.44116897418570816]","[null,2.002195433438697e-15,2.0058230658664873e-15,2.004657056188775e-15,2.0027542417746472e-15,2.0292340682414706e-15,1.9985877376743335e-15,2.0238908727674523e-15,2.0101578404076383e-15,2.0061273912377044e-15,2.0056885082575427e-15,2.0062057452881203e-15,2.0089865076651265e-15,2.013838752618615e-15,2.0132711727706675e-15,2.004896501468231e-15,2.001597296492337e-15,2.009327805254707e-15,2.002714557052697e-15,2.1000176401966364e-15,5.531959999294698e-16]"
6.5999999999999925,sqp_rti,0,"[0.11322714174254725,-0.1435183278143556,0.1048173050967721]",0.78910124324133,0.010433662682771683,"[-2.980232227667301e-09,0.006916621854291816,0.02649495197727242,0.03968236086613147,0.05064658688770757,0.15951778729332206,0.11265070109217207,0.09350816389662847,0.12008807016534712,0.15308510500800027,0.18364654329977875,0.2171242551574551,0.25869627783986077,0.29814869998400867,0.32462488295743946,0.3682939767764413,0.4377983529989365,0.8325220796563435,0.7729037630224311,0.3936418175528587,0.32641178888070926]","[null,1.7476578253417252e-17,1.7401893301485738e-17,1.7388974904106324e-17,1.743706980513743e-17,1.738818309387106e-17,1.7580070823669954e-17,1.7450779058255657e-17,1.7404974840893597e-17,1.740334788698088e-17,1.7404706777652875e-17,1.7406189046700562e-17,1.7403583652425984e-17,1.7383779449170387e-17,1.7433559776087472e-17,1.7407801066353006e-17,1.7387932435855403e-17,1.7434300727967927e-17,1.7484656637197574e-17,1.7484656637134465e-17,2.985825244734272e-18]"
6.699999999999992,sqp_rti,0,"[0.09807159663701694,-0.48101718555867856,0.09136858437367212]",0.7989354005728314,0.011013790965080261,"[-2.980232227667301e-09,0.0031684342748768413,0.01908658863611007,0.030242287236640852,0.0708759783978195,0.07278660991358238,0.04567718237943447,0.06748849505575089,0.12239627726516106,0.2015886726780572,0.2943443431025948,0.3905644728696743,0.48602023442889647,0.5467425984336536,0.4552586333874487,0.3685278054039152,0.29792581976965665,0.30044691617250124,0.46209000943443074,1.0775896298836016,1.631353390397419]","[null,4.0096894474197156e-17,4.001706837907774e-17,4.003677585994629e-17,4.007270839646684e-17,3.994361529729067e-17,4.048279560698558e-17,4.021130262146888e-17,4.0031611284585523e-17,3.997632922146546e-17,4.0025000194420385e-17,3.985250774000382e-17,3.991157423417068e-17,4.0255571469359534e-17,4.025557146682256e-17,4.0255571467516755e-17,4.0255571468147844e-17,4.025557146763035e-17,4.02555714678323e-17,4.025557146776919e-17,1.068446039632174e-17]"
6.799999999999992,sqp_rti,0,"[0.1138452445003546,-0.18210613307876822,0.09757368587104527]",0.8092152696729918,0.013345036655664444,"[-2.980232227667301e-09,0.00010318166379513771,0.001165416801615693,0.0032115561353949773,0.023154401267148128,0.09713034152821792,0.0935813114402862,0.12999352030442496,0.1775721185261368,0.2232984318964178,0.2675431338919985,0.31966960445256093,0.37755239383208733,0.4357642454036224,0.5051462541807694,0.5892627087026276,0.7520231729252156,1.3357154387876455,1.6734443269428894,1.4789214081968083,0.5372605211918298]","[null,3.5199932913996917e-15,3.506622946749653e-15,3.5042796002625048e-15,3.504496116941961e-15,3.5014000725774228e-15,3.5116162634973532e-15,3.5041032368361224e-15,3.501057485069488e-15,3.500592248510274e-15,3.5005280242689496e-15,3.492782380627492e-15,3.507108619321853e-15,3.50153146168412e-15,3.498061624430435e-15,3.499667993415e-15,3.50408187153541e-15,3.5170122412475002e-15,3.517012241247702e-15,3.517012241247639e-15,6.37228921141158e-16]"
6.8999999999999915,sqp_rti,0,"[0.1016295373063783,-0.3967207103121416,0.08828832570575795]",0.8193920382021224,0.0143999382853508,"[-2.980232227667301e-09,0.0002956628079840984,0.006565978170168185,0.03260580809105279,0.017898538083618132,0.025109205844718485,0.03832048976049479,0.06385080902683421,0.10580025574993429,0.16632920820270486,0.24419387475666526,0.3343999489656156,0.4355898080936818,0.5322436639246788,0.5276487343632581,0.48478592279168425,0.4868595509402212,0.7427786142873998,1.1461845740316903,1.2050521891024573,1.9420690652787271]","[null,1.5382019034353544e-15,1.5635887881545964e-15,1.521335012638494e-15,1.6898327257935542e-15,1.5206531189402492e-15,1.523360261892585e-15,1.5320091091873411e-15,1.5314880840575513e-15,1.5307192529557315e-15,1.5266116527566431e-15,1.5348141244531437e-15,1.5361127243280111e-15,1.525713301208465e-15,1.542361449467533e-15,1.5423614494706505e-15,1.5423614494753205e-15,1.5423614494667251e-15,1.542361449466927e-15,1.542361449466864e-15,3.4763372784330616e-16]"
6.999999999999991,sqp_rti,0,"[0.11380205828870883,-0.12157596015568312,0.10148263051427199]",0.8282278966244517,0.01703254133462906,"[-2.980232227667301e-09,5.4747035828917046e-06,0.0007026232152181899,0.009793427907429042,0.02770460802341984,0.0649547889943996,0.10945442282184353,0.1532660187159401,0.19366026868074188,0.23001980652205206,0.26952833315884633,0.3219334300631019,0.3720647134125457,0.42250997801367945,0.5229026848773717,0.9866214913573834,1.3092971887433797,1.4373039793463718,1.6512960984031195,0.8799351336321137,0.5257557728839328]","[null,5.618229559578132e-17,5.598319556800824e-17,5.596601411106413e-17,5.590380710324525e-17,5.581070382068873e-17,5.581587010939227e-17,5.581285137036804e-17,5.580363966501177e-17,5.579113856487807e-17,5.577649315243661e-17,5.581917657612943e-17,5.581286187225239e-17,5.58066809307985e-17,5.605043492526382e-17,5.575471187455213e-17,5.611837196086062e-17,5.6118371960848e-17,5.6118371960848e-17,5.611837196078489e-17,7.862855609567388e-18]"
7.099999999999991,sqp_rti,0,"[0.11123834447307043,-0.1416527443726452,0.09814023921517205]",0.8392638586778433,0.017973149195313454,"[-2.980232227667301e-09,8.609938617265556e-05,0.001848902297735433,0.009442642709568905,0.02339335923641689,0.043591509655485805,0.07057972174037169,0.10480542478498905,0.14690557312846125,0.1967336792576802,0.2505969910893782,0.301739359249164,0.3519956887863856,0.39485507214782417,0.41443512924024334,0.47611955346124973,0.8308013111118526,1.7419771625984708,1.4574816269370838,0.8436877745926867,0.5727318197429507]","[null,1.634655302682556e-14,1.6309363106639457e-14,1.6239981305053117e-14,1.6225055156975404e-14,1.6240659391139997e-14,1.625280126523296e-14,1.6251712875760814e-14,1.6244313579646134e-14,1.6236190060440636e-14,1.6259047468243586e-14,1.6281010860337196e-14,1.6224707018525115e-14,1.618426406043822e-14,1.6210501190837714e-14,1.632839993729981e-14,1.6247593006472842e-14,1.6256331154984646e-14,1.6241164121729272e-14,1.624695265688002e-14,3.0839083075542373e-15]"
7.19999999999999,sqp_rti,0,"[0.18900652567024656,-0.42704444096066996,0.13276226652223855]",0.8538449646317569,0.0193520225584507,"[-2.980232227667301e-09,2.8734418151266095e-05,0.0023829650294917015,0.015492128681287742,0.0419164391402978,0.0761497181232052,0.11252061940287988,0.1471748851170503,0.17746457709894764,0.20147833946068766,0.2234892690193469,0.24871209150786983,0.2646859061891405,0.2776383793875315,0.2849144325527438,0.29017339335975617,0.5454581307310675,0.421586927439593,0.7017980453444135,0.6144092359830722,0.7007207637825477]","[null,5.234549710808106e-17,5.233706748118065e-17,5.242674727568202e-17,5.2296516723722134e-17,5.2243659242908465e-17,5.235276930664929e-17,5.227404912295354e-17,5.221401269060357e-17,5.237081194958882e-17,5.238379478805633e-17,5.22332413269073e-17,5.223031655839512e-17,5.2292514704731186e-17,5.228205886269584e-17,5.227483270380446e-17,5.2467091497087184e-17,5.2646838383195215e-17,5.230133578024047e-17,5.3207756972377424e-17,8.831178734497081e-18]"
7.29999999999999,sqp_rti,0,"[0.10480901656894892,-0.32956227089824963,0.08891964166562868]",0.8683590514655991,0.019538767635822296,"[-2.980232227667301e-09,0.01002708545619485,0.06311707023756591,0.11553830327679188,0.15336895705415615,0.17280038228331734,0.17445651786967425,0.1764773235845361,0.17890852625524972,0.18661089449791818,0.19487814185265223,0.07568748213203308,-2.970223733633759e-09,-8.540370521892271e-09,0.11585506655246719,0.18905647391705288,0.25537712585421773,null,0.13330064900870725,0.36817221178142817,0.12161059084049058]","[null,5.92496704547432e-17,5.928998450046431e-17,5.932190395300172e-17,5.926178588892138e-17,5.922928436655506e-17,5.938153273934583e-17,5.936965398364668e-17,5.944499731661777e-17,5.94899421500204e-17,5.951005989948496e-17,5.954554224030656e-17,5.941281026716372e-17,5.941281031217297e-17,5.903768853667238e-17,5.918411222346319e-17,5.947674015584551e-17,5.941281028344581e-17,5.903646755674643e-17,5.943202938257266e-17,1.5751227783839732e-17]"
7.39999999999999,sqp_rti,0,"[0.08408807020487295,-0.47401635860449887,0.0790675912673053]",0.8754001483960218,0.018271036446094513,"[-2.980232227667301e-09,2.9000040535631655e-08,0.00041814793054076316,0.013161983143621658,0.053329921243757294,0.10136554335335718,0.13626452693800745,0.16331483250444806,0.17820588169453871,0.1845613657080019,0.194998343223946,0.1231640485814694,0.4519907272054951,0.08623922356976693,0.3858452838638982,null,0.16992090148842537,0.11067044626949213,0.10645868179133516,0.011532622532806347,0.03893574008628847]","[null,1.9855929836160195e-15,1.994664771472422e-15,1.9826943010930763e-15,1.979887324987339e-15,1.9816986917457966e-15,1.981623953900287e-15,1.9810943762935434e-15,1.9814463530636215e-15,1.9804873147116047e-15,1.98237654690488e-15,1.9790962824455824e-15,1.9855528571635042e-15,1.985552857163277e-15,1.9855528571652965e-15,1.9855528571657635e-15,1.9855528571706987e-15,1.9855528571668616e-15,1.9855528571685782e-15,1.9855528571638955e-15,4.38329811899257e-16]"
7.499999999999989,sqp_rti,0,"[0.07527256255295521,-0.33775418020873177,0.0621554943629406]",0.8845533430858011,0.016726016998291016,"[-2.980232227667301e-09,0.00016207604721060753,0.012218449960588018,0.0511273376669788,0.10276837742661088,0.15412758795050935,0.1990207919418026,0.2368751228390849,0.26914079323136236,0.31773561330039685,0.3694682035137589,0.38452260529861065,0.42726992110280265,0.7610898322605635,1.608559436643749,1.1071278079506672,1.6608037284137367,0.5429768813001121,0.507211881083969,0.6270596075706549,0.8443185040364038]","[null,5.2596780016080037e-17,5.259561423614688e-17,5.2441130041757084e-17,5.242705242728762e-17,5.2363867512515693e-17,5.231847273520589e-17,5.234089119233823e-17,5.2618912260125004e-17,5.230290156271053e-17,5.235551984671086e-17,5.233205109161175e-17,5.249013980652729e-17,5.235697085161053e-17,5.227886928575778e-17,5.243916958406034e-17,5.23154863320193e-17,5.247503526652506e-17,5.404755086045379e-17,5.625966179822097e-17,1.5062428844520967e-17]"
7.599999999999989,sqp_rti,0,"[0.08899396216489035,-0.37064795871612394,0.08407456448582083]",0.891838067231407,0.01579451560974121,"[-2.980232227667301e-09,0.00027275464376333436,0.009492733553912835,0.03132662028129901,0.05914927403563369,0.09380938857852145,0.14002572134589358,0.18874886101520688,0.22218243128419318,0.25625135636037016,0.12518328093192893,0.06235850947775107,0.06250941091964607,0.27149844456433386,0.2398731663466343,0.23840655625537704,0.4609471729392148,0.3134042843753598,0.26537686522929943,0.22735621119587274,0.3700684696180015]","[null,9.141252990020349e-15,9.130375009799732e-15,9.102796593322162e-15,9.103894118108722e-15,9.105074541600774e-15,9.123696242264807e-15,9.106545953626795e-15,9.114324374230378e-15,9.13980861461656e-15,9.122374976325083e-15,9.087910797623635e-15,9.092213272603787e-15,9.154101900113521e-15,9.22050529784832e-15,9.16065781744435e-15,9.120440820467153e-15,9.117977893022372e-15,9.143808366687788e-15,9.582539148219605e-15,3.124449543966857e-15]"
7.699999999999989,sqp_rti,0,"[0.07321257081119713,-0.5878872423110523,0.06379752873998272]",0.9010121865136409,0.015022281557321548,"[-2.980232227667301e-09,0.0035970411442783345,0.03694564843601428,0.08207618663171773,0.12139001467819527,0.15045114358026696,0.16449026670846295,0.17649682780436288,0.1388786496243089,0.021347711306724915,null,0.7040248957776327,1.230422639221527,null,null,0.4909858387220652,null,0.2761456541412855,0.3686246662326454,0.44486800722500847,0.45821843768201803]","[null,8.211156009253399e-14,8.226294273249975e-14,8.22617094081244e-14,8.223630193640488e-14,8.221960513128675e-14,8.222263168758245e-14,8.211768131660867e-14,8.232750650207526e-14,8.221633162015884e-14,8.242188976385977e-14,8.24218897639764e-14,8.24218897640006e-14,8.242188976398987e-14,8.242188976396443e-14,8.24218897639237e-14,8.242188976389632e-14,8.242188976388198e-14,8.242188976392086e-14,8.242188976394445e-14,1.4624640335587316e-14]"
7.799999999999988,sqp_rti,0,"[0.05985062453330872,-0.593755590723744,0.0630669523006674]",0.9065239248785811,0.01405894011259079,"[-2.980232227667301e-09,0.002225111514302658,0.0292859647787978,0.07044770280111728,0.10937278958305258,0.14786760473149202,0.18926365614638102,0.21367479837774256,0.21759599240561017,0.23098642641406536,0.4159763505949073,1.6101994106654274,0.9484589501986249,0.7502419753856369,1.1521353146110414,0.8633890749100501,0.4884350471665016,0.49353052617268106,0.5779663323050641,0.7705887126493003,1.048361574446308]","[null,5.919747008275356e-16,5.930106046704554e-16,5.927475508769984e-16,5.926621666699902e-16,5.92697881209356e-16,5.927222438306102e-16,5.93566614442701e-16,5.941010054582364e-16,5.919485243566673e-16,5.92581819011784e-16,5.926302810175299e-16,5.922671651522866e-16,5.949043900084655e-16,5.923036460617041e-16,5.932976871581996e-16,5.917325527172907e-16,5.950219606461453e-16,5.949741347731381e-16,5.933803154509588e-16,1.0328317583268429e-16]"
7.899999999999988,sqp_rti,0,"[0.07732199089807992,-0.43228858496721306,0.05422200054942447]",0.9130774846155374,0.013234023004770279,"[-2.980232227667301e-09,0.0007792702976589516,0.021566336454415247,0.07064739909623868,0.12505298236022783,0.1645894641170223,0.17236966120052416,0.19588406292771482,0.20486328890399436,0.21576843308618693,0.2463266892411909,0.5622553628206599,0.4196639494745689,0.3115984114072495,0.4024290302030707,0.2728297473695805,0.28183701955957546,0.2662977501314206,0.276977409867272,0.37922422631364566,0.6753819026169168]","[null,5.527910677636226e-17,5.524955865380447e-17,5.52313566159907e-17,5.522870564383213e-17,5.521530760094796e-17,5.5199864481668504e-17,5.519256993507472e-17,5.5177998659680166e-17,5.516884888256815e-17,5.518561293379502e-17,5.520432438068404e-17,5.525072291509834e-17,5.5235632234334607e-17,5.526852257076682e-17,5.5450748554972884e-17,5.5289260798763764e-17,5.525437809204313e-17,5.538428647515307e-17,5.568560619165794e-17,7.832879805252572e-18]"
7.999999999999988,sqp_rti,0,"[0.060563025029381476,-0.3260380847803913,0.06878181276016243]",0.9219283715910019,0.012838345021009445,"[-2.980232227667301e-09,0.011444509342481812,0.04863311359050543,0.05966226951781978,0.00896322579462866,null,0.05803492400047788,0.01805078834673851,0.0863460247861994,0.12490663666461616,0.11630096922870764,0.11284750383533543,0.04312499439369849,0.07697580927031994,0.19027834206215283,0.9268756723495641,0.5091682937638466,0.4748455780561443,0.5218454856922292,0.6681380481921166,0.8362480956133573]","[null,3.223653018378762e-14,3.215722628508452e-14,3.218174159733996e-14,3.2201626863794085e-14,3.225344438900419e-14,3.217500340648314e-14,3.2171823684035866e-14,3.215245855109205e-14,3.21348113809302e-14,3.2146079570341284e-14,3.221492264141805e-14,3.2157662487928383e-14,3.221758991549336e-14,3.21336531691259e-14,3.219136896819747e-14,3.211854028525471e-14,3.2144696573657305e-14,3.225566549709902e-14,3.2253444389094547e-14,5.0123760350620655e-15]"
8.099999999999987,sqp_rti,0,"[0.058729126791404976,-1.0862854401926167,0.06745545396175058]",0.9275059812476454,0.012665752321481705,"[-2.980232227667301e-09,0.002478507553309417,0.035678716663512244,0.07905455312948179,0.06542937858060577,0.0705399616180909,null,0.6565992178687565,null,null,0.27768146099989083,0.26834515557473254,0.4069534615633586,0.4923989702385228,0.4997420949619496,0.5224099195412506,0.5342155046733807,0.5133926813534984,0.6511498894538981,0.9438030850790511,1.3671686809405201]","[null,3.4651569378233634e-17,3.4684949599559906e-17,3.4701978986626116e-17,3.4710037810240573e-17,3.473899970954736e-17,3.4745052893930045e-17,3.4745052893286334e-17,3.47450528943087e-17,3.474505289355139e-17,3.474505289454851e-17,3.474505289317274e-17,3.4745052893993153e-17,3.474505289404364e-17,3.4745052894346563e-17,3.4745052893576635e-17,3.474505289416986e-17,3.474505289269311e-17,3.4745052893008655e-17,3.474505289396791e-17,7.648778517413492e-18]"
8.199999999999987,sqp_rti,0,"[0.036956120434360154,-0.5384426771933437,0.05271994412426452]",0.9325670159451424,0.012286745011806488,"[-2.980232227667301e-09,0.005177387739832728,0.04511777982139692,0.10220611907103888,0.15664712836556022,0.21178357533368058,0.1747347744015258,0.3597029357285198,0.7250239050162832,0.5656742850752792,0.4753782109930154,0.6275595317535945,1.2586128670037737,0.41627484517943963,0.357366710718442,0.3715920887450899,0.4196551222194927,0.4815504333360526,0.5624555152998985,0.801605723590346,1.4407328575618166]","[null,9.833155554585589e-14,9.833330971078439e-14,9.829064700573254e-14,9.827604487415433e-14,9.826744008071427e-14,9.823714246412991e-14,9.822069641416085e-14,9.841966575364473e-14,9.825897898537462e-14,9.825952467218642e-14,9.825368066964339e-14,9.835585543705622e-14,9.858727717326684e-14,9.828746828167151e-14,9.833242263522742e-14,9.832835040191136e-14,9.837427005520812e-14,9.871893896142001e-14,9.834371660481302e-14,1.8725736295389648e-14]"
8.299999999999986,sqp_rti,0,"[0.07519163718826949,-0.5701908470005785,0.06038493007365274]",0.936980389497685,0.012046799063682556,"[-2.980232227667301e-09,2.4048841149038047e-07,0.0016199035482858393,0.00950526147491254,0.023911310970807176,0.04703458006244504,0.07493729467596283,0.13074737990689372,0.2992674157256186,0.23890553145562637,0.2569775440807572,0.3810251531257343,0.25076277331365554,0.31488309562859024,0.42417739917686853,0.3906023712295548,0.28824047560448457,0.2672106936635517,0.30948100162553854,0.5056748109184099,1.1418079376671357]","[null,1.4346329286506665e-16,1.4394305764013835e-16,1.4386853033430897e-16,1.4348292423673604e-16,1.4296839603260584e-16,1.4255958104591258e-16,1.435125560542047e-16,1.4277963257007687e-16,1.4259642749572737e-16,1.423643987595606e-16,1.4465354391713443e-16,1.4439110215366104e-16,1.430369656407931e-16,1.4285376315244325e-16,1.4312460865740036e-16,1.4334167723924338e-16,1.4471096979330795e-16,1.5306219947512564e-16,1.730566759373911e-16,8.756547523328193e-17]"
8.399999999999986,sqp_rti,0,"[0.03765618063919081,-0.30472633811169375,0.061839955440187104]",0.944600644325083,0.01204100251197815,"[-2.980232227667301e-09,0.00978714461096325,0.017539298474134324,0.05036266003420026,0.07858974093285981,0.09301043304274331,0.09234658264086876,0.0698594628855645,0.05852517092908621,0.047676998992747965,0.06290883319137636,0.1618933036944828,0.230059156677007,0.21494895263832065,0.2626619066570733,0.27317701126252275,0.2637891191443636,0.27132919467541045,0.3311918118007238,0.37132631961988133,0.5034920559813088]","[null,6.342766935278901e-13,6.340342296643343e-13,6.341594970027505e-13,6.343904535863161e-13,6.346728603585347e-13,6.347356787674685e-13,6.342659301381953e-13,6.338711961622712e-13,6.351799646871751e-13,6.343305310148449e-13,6.345774108852583e-13,6.342048979507859e-13,6.345764035974678e-13,6.362267979071597e-13,6.348384767722774e-13,6.348453458664587e-13,6.35463789424155e-13,6.425188116879748e-13,6.501582704002049e-13,1.3496342023971522e-13]"
8.499999999999986,sqp_rti,0,"[0.09627317387282207,-0.515279862635568,0.08027464775244517]",0.9502046960186048,0.012076593935489655,"[-2.980232227667301e-09,-2.980232227667301e-09,0.01659091794991313,0.005642701835614272,0.0001355810842773031,0.002284451343734617,0.09771880364359903,0.42210068281528096,0.27932915766518535,0.23909349246791295,0.34547322056150415,0.43944502069472763,0.2530654347518649,0.28206290161797015,0.3226870382627965,0.3071907970461972,0.2487464496787915,0.617890873605816,0.8811435919878334,1.3276556671908935,0.5750645505939758]","[null,3.564400877623234e-16,3.557953902534192e-16,3.56260364231042e-16,3.579765517093963e-16,3.571543193904242e-16,3.5443775941344317e-16,3.551745070702816e-16,3.5476507473861345e-16,3.533652698046036e-16,3.5739473753563325e-16,3.5358664854412496e-16,3.543841139735248e-16,3.566553484007981e-16,3.5451994557696587e-16,3.54663190261985e-16,3.5620294575761493e-16,3.533666130433286e-16,3.5644008776717014e-16,3.5644008776484774e-16,7.877048872951447e-17]"
8.599999999999985,sqp_rti,0,"[0.04805220240899055,-0.6061482386746053,0.07502089644159102]",0.9593044649245948,0.012512050569057465,"[-2.980232227667301e-09,0.013301516822676274,null,0.0005265161277155372,0.14414975099328303,0.552899726955556,0.05361206137125124,0.005187296392541285,0.016108385562056793,0.05602860462079989,0.09128624439018368,0.09259013673481747,0.1454201876101962,0.20363649324509653,0.2469864059995473,0.24714921090840108,0.24274055119226717,0.3607076202620714,0.62971859482547,1.3314141316680341,1.3537652934873463]","[null,2.2491158104943435e-14,2.2526999159641135e-14,2.251386614959223e-14,2.247768467169167e-14,2.2488792384820237e-14,2.2540737227118492e-14,2.2500549259496515e-14,2.2495576750113667e-14,2.2493328912145193e-14,2.2471609086956994e-14,2.2460987844154847e-14,2.247556779117346e-14,2.2459629164408253e-14,2.2467535072405238e-14,2.2486934978184894e-14,2.2521605167971733e-14,2.258195229496455e-14,2.245413611559696e-14,2.250914865432738e-14,4.425498803939561e-15]"
8.699999999999985,sqp_rti,0,"[0.10537997151199527,-0.24899668921576978,0.0896550935701305]",0.9655709022706279,0.013119906187057495,"[-2.980232227667301e-09,-2.980232227667301e-09,0.0075320016846037174,7.738822183397942e-05,null,7.691846904273048e-06,0.004147108544543088,0.02747772902942175,0.060907005711579754,0.1371992670750098,0.09786634355895957,0.1117843573618778,0.17744740922803431,0.35097648104038265,0.4146375061260324,0.3715537267295888,0.28976868692484353,0.2770433884667603,0.4374883598115192,0.6544782757767471,1.273031269287986]","[null,3.573591192034225e-14,3.5613760408756284e-14,3.572384266806732e-14,3.5735911921614525e-14,3.573038046033212e-14,3.564007975727936e-14,3.5584409690531596e-14,3.55826705840479e-14,3.56365006516362e-14,3.567472045953947e-14,3.561016274669751e-14,3.55818410079005e-14,3.5576414148053756e-14,3.557745575491633e-14,3.558721161409831e-14,3.563830439966429e-14,3.562906213109823e-14,3.560364401148253e-14,3.5680623837933683e-14,3.679044777570537e-15]"
8.799999999999985,sqp_rti,0,"[0.0525799569134162,-0.6040459095431523,0.08311672907515408]",0.9754115619830113,0.011712240986526012,"[-2.980232227667301e-09,0.011282755147071832,-2.980232227667301e-09,0.4511615673762435,0.18617276832794688,0.22395152295240878,0.10786246738566946,0.15384202194948388,0.20776973943703753,0.20410627956445354,0.3041583585582515,0.4338671423042058,0.46728675282095794,0.46946556644683995,0.45383080005245874,0.45414374414149067,0.49573998006339864,0.6058547877012301,1.6048462671001615,0.7755169445065018,1.1984107107026147]","[null,2.8945296285495887e-15,2.8969903859916523e-15,2.892402055077698e-15,2.8917582669229137e-15,2.8927440383658137e-15,2.8937789919521882e-15,2.8934811302617602e-15,2.8944060456784318e-15,2.8948243264356314e-15,2.892085615070655e-15,2.8916531728046638e-15,2.891781005084078e-15,2.8914710739341845e-15,2.892590177829697e-15,2.8931542430128563e-15,2.894542259243224e-15,2.892868879610923e-15,2.890824408444867e-15,2.8996418715099007e-15,3.3579730021601945e-16]"
8.899999999999984,sqp_rti,0,"[0.10048834336254618,-0.27032934604448566,0.09328570155253307]",0.9816512442538409,0.009200675413012505,"[-2.980232227667301e-09,-2.980232227667301e-09,0.06699434450802927,0.00013138162371206796,0.00397854115777313,0.015488168284431947,0.05035791088020575,0.13450341973294383,0.1238869534296157,0.1538716389252784,0.1674323704686536,0.17610049297075464,0.21452477173906176,0.23623460419489,0.23646298325820486,0.2555113170411392,0.40017159954240783,0.7417244130606313,1.3051320351529838,1.4891385822416907,0.8062648060367701]","[null,2.0767124210728612e-15,2.0753245817745283e-15,2.077811221481167e-15,2.0779645516363858e-15,2.0769671015450527e-15,2.075372089277928e-15,2.077805873687219e-15,2.0743307368468005e-15,2.0758146521825226e-15,2.0760329434088133e-15,2.0760386074280933e-15,2.0775000237031856e-15,2.076312509577119e-15,2.0770205424224584e-15,2.0781782093703885e-15,2.0758158043164747e-15,2.078544962438059e-15,2.0749164073892878e-15,2.0758897907122964e-15,2.495354288400484e-16]"
8.999999999999984,sqp_rti,0,"[0.05010635860775499,-0.13917721121909563,0.10076424462636761]",0.992292348923426,0.00677490234375,"[-2.980232227667301e-09,0.20105979378723476,-7.668466972532428e-09,0.015941046644674384,0.04855294463816834,0.08534574827700042,0.13204396075370256,0.1195550628236724,0.1543289042555685,0.1735027633893907,0.1872406503181921,0.20669877476119752,0.22548300438739305,0.22651868473269304,0.20515586037601424,0.2503910974440647,0.4147319066347713,1.1329221225058432,1.1292577511911677,0.9609176938196107,0.7620137763476353]","[null,4.6289326020260755e-14,4.667285957275703e-14,4.6342581484351474e-14,4.632178262424797e-14,4.6323639076491064e-14,4.647078418537738e-14,4.632667930035586e-14,4.645051103514307e-14,4.630039637699349e-14,4.6306089042765346e-14,4.6309857912287446e-14,4.6315416060319375e-14,4.630358906324743e-14,4.6364718877369976e-14,4.6398770175908905e-14,4.636679382497344e-14,4.629045941922767e-14,4.6748716015303075e-14,4.647115034232167e-14,7.866150683844631e-15]"
9.099999999999984,sqp_rti,0,"[0.1094536394700393,-0.3054391683329228,0.1072075636181111]",0.9978441954474324,0.00770091637969017,"[-2.980232227667301e-09,null,0.01885902743168516,0.0023761903241824034,0.048424680959837485,0.10523516130803118,0.11271164877895218,0.14051686729586238,0.1593015079923859,0.29499224418138487,0.4747604983648735,0.531138559922234,0.506554748596378,0.4773907859168672,0.5371349031881276,1.052505256878846,0.9373372944502545,0.9945827032260766,0.8582292293023073,0.7396581579494661,0.6802748307422035]","[null,2.0653798146907512e-17,2.0538362355924055e-17,2.0586152860005458e-17,2.052647722626665e-17,2.0700677998037864e-17,2.052033587167052e-17,2.058596588588502e-17,2.057806759088307e-17,2.053586877341841e-17,2.0526734749240205e-17,2.0528013036515664e-17,2.0542925287948825e-17,2.0532378277927615e-17,2.0616932073691765e-17,2.051547675759059e-17,2.0676380780345185e-17,2.0535133426110695e-17,2.057527212077533e-17,2.0560300716840693e-17,2.560041568116422e-18]"
9.199999999999983,sqp_rti,0,"[0.08978440028670553,-0.09633553224986066,0.11151988283139275]",1.0089637468998556,0.009362738579511642,"[-2.980232227667301e-09,0.014405488998636085,8.398579687263208e-08,0.010778421087661638,0.06870849560260411,0.12207301039067603,0.2966538651843365,0.4637033741141295,0.38518318653541145,0.3861902836267504,0.5045582412949343,0.6386747475544652,0.7266381375495159,0.766571267759798,0.9573865864750715,1.3670405747253624,0.9403095122672205,0.9412770577099623,0.9580946609068757,1.0013247253704278,1.0536401420744503]","[null,5.768586330449289e-17,5.800948926993647e-17,5.79218342252199e-17,5.76281890688803e-17,5.789440404843637e-17,5.754593722992308e-17,5.79992554558195e-17,5.799925545289125e-17,5.799925545147761e-17,5.799925545612242e-17,5.799925545208346e-17,5.799925545299222e-17,5.799925545137664e-17,5.799925545238638e-17,5.799925545077079e-17,5.799925545743509e-17,5.799925545480976e-17,5.79992554558195e-17,5.79992554522854e-17,9.01691391680805e-18]"
9.299999999999983,sqp_rti,0,"[0.1794442287830449,0.373535971381181,0.1487514338726955]",1.0269101070937163,0.009789977222681046,"[-2.980232227667301e-09,0.0019422860832667976,0.03148733180758684,0.09519931956617428,0.1267644305599916,0.17745362628931077,0.21777827512101738,0.2197282476388665,0.23790372542957955,0.24568282251651113,0.2617896878738087,0.30469327099630733,0.471314876230349,1.0167351942411471,1.423178263411519,0.9895392547001662,0.7723776330659466,0.8050241149552593,0.8518394432663541,0.9311219962361441,1.0866264772282406]","[null,8.173365604982147e-15,8.15121939429859e-15,8.110720136639518e-15,8.172399007318668e-15,8.159729707255635e-15,8.128335169347777e-15,8.117534182229416e-15,8.113996690828658e-15,8.130202724569865e-15,8.15272404437615e-15,8.142404683800031e-15,8.172272105235458e-15,8.168131623416194e-15,8.097215135265905e-15,8.159983734374191e-15,8.23965828946911e-15,8.188007986373526e-15,8.257369843882244e-15,8.779423063209971e-15,3.080719374364811e-15]"
9.399999999999983,sqp_rti,0,"[0.11241362455726375,1.1275442737270716,0.09964908022546397]",1.0397560372097836,0.008775606751441956,"[-2.980232227667301e-09,0.01723334314551722,0.07222972691405688,0.0600847665698126,0.07272634086339097,0.12353208088964057,0.367766162008423,0.5577327897373461,0.5543713965828452,0.5893713104084923,0.5830773167091372,0.5649752624050997,0.7269255470858311,1.6249083586478121,0.8408782190856783,0.8927731476624821,0.8487640054809671,0.7540106956490511,0.7420134174659363,0.7862117704061873,0.9976600225292322]","[null,8.885794816502453e-15,8.902108397288266e-15,8.890299041028621e-15,8.894992013096944e-15,8.900406000987359e-15,8.88429545867748e-15,8.91223574696789e-15,8.912235746967385e-15,8.912235746968799e-15,8.912235746969808e-15,8.912235746968193e-15,8.912235746968294e-15,8.912235746969102e-15,8.894399201642967e-15,8.89038319238466e-15,8.912235746969102e-15,8.912235746969707e-15,8.91223574696991e-15,8.912235746969606e-15,1.242745690199682e-15]"
9.499999999999982,sqp_rti,0,"[0.12165641210268995,0.6111196261476727,0.12422188592617893]",1.0472624373362391,0.006529774516820908,"[-2.980232227667301e-09,0.0028694990957241484,0.30265169011034915,0.4393818660148526,0.3099359837549514,0.366717169403384,0.4330109629296615,0.5798540218387866,0.7247497100141558,0.840669290210309,0.9287224393943994,1.28579239048251,2.17551371846048,1.0479693119507096,0.9115986247296284,0.9252256826527236,0.9456907275947415,0.973732916717595,1.0095121304092334,1.0552890877564547,1.074518585677638]","[null,1.2223635699392952e-13,1.2207758176611914e-13,1.2231251098376355e-13,1.2231251098374628e-13,1.2231251098369276e-13,1.2231251098368953e-13,1.223125109837799e-13,1.223125109837794e-13,1.223125109837808e-13,1.2231251098378182e-13,1.2209521503596412e-13,1.219457761042541e-13,1.221454574487558e-13,1.2240853274598445e-13,1.221251621038607e-13,1.2207601224918246e-13,1.220761659301385e-13,1.2215888686982744e-13,1.2231251098378162e-13,1.636807072171644e-14]"
9.599999999999982,sqp_rti,0,"[0.1313958233762359,0.24450531403961379,0.08961902521605808]",1.0578877092090593,0.005779929459095001,"[-2.980232227667301e-09,0.05626139798371527,0.19212211888779224,0.26893041258135214,0.3057167285381837,0.3447396867992339,0.40359312959870836,0.448483909012311,0.48035432512704085,0.645922571635883,0.6851548951158548,0.904561982082354,0.7924395561680277,0.6371099255104802,0.6530658552200375,0.7095581793641077,0.7834254969221754,0.8951874214538911,1.2136049343512318,1.0245698688013156,0.8995345236912804]","[null,1.1308501623430831e-17,1.2686839574766493e-17,1.3613473394208945e-17,1.3619927098318363e-17,1.1803459054040683e-17,1.130849673378064e-17,1.0535312424161304e-17,1.0535314112677051e-17,1.0535312512816648e-17,1.0535313975831772e-17,1.1270067684546388e-17,1.3165578828036075e-17,0.10204709538303652,1.0535456801761857e-17,1.2941049143799145e-17,1.3508896180916786e-17,1.053531959787305e-17,1.0535315928622233e-17,1.1481156853236738e-17,1.0553986131818397e-18]"
9.699999999999982,sqp_rti,0,"[0.06556050736603587,0.33607340811975134,0.06916384319477643]",1.0669780333080814,0.005747903138399124,"[-2.980232227667301e-09,0.14989748931651264,0.17600105793669912,0.11243168886856553,0.11759974480191887,0.41142348025462355,0.43217876268224914,null,null,null,null,1.6051094717987524,1.0231765111051743,0.8679332731580829,0.7743697316462466,0.6891918457392847,0.9638326823637413,0.530726112016606,0.8581536942430319,2.1426325182813004,0.6870505039747561]","[null,1.8994622493485877e-16,1.8996890390858452e-16,1.9006285624000026e-16,1.8995842189812706e-16,1.899123364640323e-16,1.9013538578067925e-16,1.9033619252210955e-16,1.9033619252072116e-16,1.903361925219076e-16,1.903361925195852e-16,1.9033619252203382e-16,1.9004166003662122e-16,1.8041124150158794e-16,1.8986580765958935e-16,1.8979934062485216e-16,1.9033619252102408e-16,1.919885999115707e-16,1.9033619252236199e-16,1.9033619252024153e-16,3.528715585621656e-17]"
9.799999999999981,sqp_rti,0,"[0.07216240802198927,0.8329504848952511,0.07525137780255245]",1.0764599732691476,0.0058745890855789185,"[-2.980232227667301e-09,-2.980232227667301e-09,0.0034412009238813934,0.043178157514543625,0.004268018158700759,0.24122418409599505,0.32014433117102464,0.21994255954487302,0.27644832089033927,0.26748708315579145,0.25658605886370794,0.6158591089595304,0.3754857901692546,0.3374139909037293,0.19789367284829568,0.2492462366594051,0.33125610520089027,0.20056945167219836,0.4348518476476764,2.1257966837298286,null]","[null,5.868493039399088e-16,5.863382336373922e-16,5.864232614913297e-16,5.857546805108171e-16,5.858749044434658e-16,5.876071474760528e-16,5.849441282489438e-16,5.856478282688447e-16,5.862669312634543e-16,5.862295365969875e-16,5.856276699044788e-16,5.86272283467425e-16,5.866150385532458e-16,5.853463112182417e-16,5.855510157276398e-16,5.859700949148167e-16,5.869006980146517e-16,5.870167113716236e-16,5.859440427055455e-16,8.502732580462965e-17]"
9.89999999999998,sqp_rti,0,"[0.11636368010648634,0.4376434818965174,0.09423131071261787]",1.0832550189741323,0.006541267037391663,"[-2.980232227667301e-09,0.05352664969013149,0.09744385109080583,0.10364563102676244,0.0724065435685553,0.11223213642015112,0.08729296455046126,4.767113312348359e-06,0.015610269398384446,0.1027033936395661,0.33588359690235664,0.40813892763762,0.1225634265269136,null,0.1722287649527992,0.2693498871166991,0.3341136119841959,0.3049198323237395,0.38028280462363356,0.7135858802779651,null]","[null,2.499195431600848e-14,2.5059516768566286e-14,2.5044222437585534e-14,2.5010808670093887e-14,2.505512656708959e-14,2.5024799112562907e-14,2.523505092945351e-14,2.507102996835839e-14,2.506424003955426e-14,2.5030373972358406e-14,2.5089590543036052e-14,2.5072638769710523e-14,2.5173613842946352e-14,2.509872789804998e-14,2.5016001603446316e-14,2.5044614261456703e-14,2.5063524872280377e-14,2.500834896435535e-14,2.5173613842947917e-14,4.2891027554500875e-15]"
9.99999999999998,sqp_rti,0,"[0.08277475903634618,1.1988280117959327,0.0818118802247182]",1.093596701801906,0.007257640361785889,"[-2.980232227667301e-09,0.1253560697546277,0.1483352122343085,0.16635030430270775,0.19909744818438108,0.23383842148297235,0.2804750053569485,0.2194062596049447,0.31171255140984117,0.3826351197399454,0.5625507592089176,0.548529080464818,0.35010008678187426,0.3556043572128818,0.41369976411938475,0.5390717952702697,0.6358445266903601,0.7246337894454482,1.0165939311429841,0.9443709243545413,0.9628526957748853]","[null,2.181690111783643e-15,2.1867069276532076e-15,2.1887417634112497e-15,2.1849622142417724e-15,2.1821140167649804e-15,2.178681719662406e-15,2.1813608856975868e-15,2.17805365078489e-15,2.1828769300633055e-15,2.175672784300399e-15,2.189019928822369e-15,2.221177765417346e-15,2.1948872162016554e-15,2.178243146030792e-15,2.1842155319119967e-15,2.16333096141723e-15,2.1683613984743084e-15,2.172433837230766e-15,2.3201524954286875e-15,1.1718909450852183e-15]"
10.09999999999998,sqp_rti,0,"[0.08664623110075634,0.8078206933710397,0.07921094833991531]",1.1015342361175797,0.009693935513496399,"[-2.980232227667301e-09,0.02343081153296006,0.06715785101284838,0.07621341221158212,0.08540955339824025,0.1278046069648589,0.22577681179895742,0.31880885999065783,0.42814668639053083,0.6529090105156186,1.3752388387739074,0.9228573422447937,0.4947931495775009,0.42265290799862926,0.4508069815826444,0.4607025706874584,0.45757153278392454,0.47527449540808214,0.4064740894714641,0.35792633758991227,0.33072823165869353]","[null,4.774380494802926e-16,4.781763540747412e-16,4.796104468109894e-16,4.80186579077515e-16,4.791934114657603e-16,4.775016221063912e-16,4.772101914831726e-16,4.811995403284534e-16,4.800541628597577e-16,4.800541628009907e-16,4.800541629091341e-16,4.800541628782107e-16,4.800541628710163e-16,4.800541627278854e-16,4.800541627249824e-16,4.800541627227609e-16,4.800541629231442e-16,4.800541626017686e-16,4.800541627542144e-16,8.031611978749152e-17]"
10.19999999999998,sqp_rti,0,"[0.1267905986289161,0.3269579604981264,0.09777970698594428]",1.11176697606567,0.011593710631132126,"[-2.980232227667301e-09,0.019537876161524192,0.04386581813575746,0.06417403285147999,0.08443064722263821,0.11404555006638334,0.16428446199623786,0.2956614226055592,0.6622724146484813,0.984105854158831,0.7566324901937882,0.5602639982964195,0.5959662732033706,0.637756065152131,0.6732501467245864,0.7169727381065456,0.7749429561008163,0.8561745894795816,1.0275049714696933,1.5122448397784012,1.8111662298673294]","[null,2.1278070052962322e-17,2.1226234004470593e-17,2.1242142418802088e-17,2.1260876494147238e-17,2.12878538196357e-17,2.128618416374817e-17,2.1229046400276943e-17,2.1236339895590506e-17,2.128273524640201e-17,2.122522422780203e-17,2.1142901388586546e-17,2.1168412554791317e-17,2.1156312533339634e-17,2.127480368025106e-17,2.117437046582977e-17,2.116717455515978e-17,2.119792755543997e-17,2.13353559261666e-17,2.1338838521108143e-17,4.825149286463288e-18]"
10.29999999999998,sqp_rti,0,"[0.0633227472940849,0.8215621132361258,0.07032726302895173]",1.1188743753281531,0.012672804296016693,"[-2.980232227667301e-09,0.06058819379283947,0.13776806635899136,0.19543883936891754,0.30073816547246396,0.5214130867004385,0.5793861081844873,0.6529455741539898,0.6539290784333971,0.38543237409533476,0.30408895194918345,0.3524531109391587,0.45322806445017144,0.5956273682616888,0.7442194554410413,0.863329245074653,1.0114802543572592,1.2381903853414655,0.6185780873852103,0.5501368436225664,0.9760103522573444]","[null,1.0116020558721051e-12,1.011142430984108e-12,1.0107809311267002e-12,1.0119205469209485e-12,1.0104709451348162e-12,1.0108330425022954e-12,1.0116192763809674e-12,1.010231526752756e-12,1.0113693151695226e-12,1.011898646191172e-12,1.012566129609469e-12,1.012897868989463e-12,1.0107335241303116e-12,1.0100374149798664e-12,1.0100719224020895e-12,1.0104088353038735e-12,1.01176804142073e-12,1.01652673568767e-12,1.0403945916607492e-12,2.456198931089797e-13]"
10.399999999999979,sqp_rti,0,"[0.09875156609114191,0.36281489202150197,0.09830567987395018]",1.1244725835831153,0.015629470348358154,"[-2.980232227667301e-09,-2.980232227667301e-09,-2.980232227667301e-09,-9.139987960926632e-09,0.0009110194209265843,0.020008242625848383,0.07403979073895145,0.3405350778464971,0.3916959723187102,0.2666009542982309,0.2794588139091559,0.33279293010147076,0.3908183157053509,0.45339023943769413,0.5266774031923542,0.509865795465793,0.551954700199637,0.6831773345339485,0.6471343602843198,0.19129671897336636,0.36912864644839943]","[null,8.236491759335096e-17,8.236491759274512e-17,8.236623468884691e-17,8.341886792038229e-17,8.234014529378329e-17,8.173418238367091e-17,8.183382099849526e-17,8.21536272824721e-17,8.20764276367161e-17,8.169637192596326e-17,8.147729216976073e-17,8.194558528562493e-17,8.164976418332711e-17,8.17975765540342e-17,8.182402829439386e-17,8.13467151968297e-17,8.191652366885973e-17,8.2204217628541e-17,8.195955418209909e-17,2.6906857407026088e-17]"
10.499999999999979,sqp_rti,0,"[0.06858070781380317,0.38022759928405253,0.07799355873220627]",1.132456778262424,0.017164234071969986,"[-2.980232227667301e-09,0.0034732622545806113,0.020736949582598474,0.04499970503746625,0.10229239291081066,0.16075933157093908,0.16483281001203115,0.1577512834566182,0.1803157675851617,0.1949175605121008,0.22546150006441873,0.2695634540280028,0.3174403272952054,0.39433804338372697,0.49569081640063467,0.5499350546882453,0.5458453736138924,0.5486565304000226,0.5386865951289515,0.4684899665217522,1.1323554335466468]","[null,9.223178214579411e-16,9.225794775551435e-16,9.223786078376219e-16,9.227948061345099e-16,9.22566831452543e-16,9.218535030192373e-16,9.246804150114935e-16,9.23087968180718e-16,9.22142630455657e-16,9.22138416683314e-16,9.250796083876406e-16,9.211152858986588e-16,9.228939529739003e-16,9.224456311146926e-16,9.248342319310997e-16,9.248342319353406e-16,9.248342319242334e-16,9.27833143259142e-16,9.242135565600263e-16,2.7698834294223275e-16]"
10.599999999999978,sqp_rti,0,"[0.08271331852015643,0.30070017372260505,0.08329651143289782]",1.1394493007332325,0.018945597112178802,"[-2.980232227667301e-09,2.206200070076214e-06,0.00014913647036801647,0.0006707878645416665,0.004647261215144749,0.03332076965314351,0.12335628831410866,0.15328483320506764,0.14395063137716663,0.1682136665265313,0.21135396531451073,0.2547433332652947,0.3014506733928542,0.347214539218151,0.38897332781785093,0.4070444128882034,0.40243276154668434,0.365138107174301,0.3648789109960589,0.3891675533261328,0.6646785996374376]","[null,3.911905273085841e-13,3.904544537792662e-13,3.8993035869216285e-13,3.894276353064557e-13,3.8937814423843747e-13,3.8996736819411817e-13,3.9283459802300045e-13,3.888096364108431e-13,3.8856855744319875e-13,3.8884321133479335e-13,3.8861471171587377e-13,3.8852465356421554e-13,3.8852065878370755e-13,3.884322175512459e-13,3.89820338335694e-13,3.8958238398798843e-13,3.9425154348825544e-13,4.0393415804762226e-13,3.897757130933752e-13,1.5610305115461474e-13]"
10.699999999999978,sqp_rti,0,"[0.07355683514753636,0.09110753990314438,0.07817848329975335]",1.1471545094755846,0.020537644624710083,"[-2.980232227667301e-09,6.080146277728793e-05,0.0019396005909608216,0.012065762731377216,0.03625196420924387,0.07245010035734084,0.09898254638257137,0.10743733744851164,0.12188003680301068,0.15339553725220317,0.18906369068325796,0.2168972956301543,0.22191893684326996,0.22857548179904424,0.2220878808676579,0.2577850879273978,0.3105608149225468,0.354069260293511,0.3976126104832492,0.43502167243327855,0.46781811473931684]","[null,2.5934637024833936e-16,2.590818402186264e-16,2.6097106551076987e-16,2.5884632927352983e-16,2.589037945882805e-16,2.590821367640877e-16,2.7115956375492223e-16,2.710625532520393e-16,2.5936202644452814e-16,2.5875854191747765e-16,2.589148476610795e-16,2.589427649737346e-16,2.588975828407354e-16,2.585347962624297e-16,2.5871398910686104e-16,2.588811661917217e-16,2.5889050948633446e-16,2.590201552560461e-16,2.629602322647966e-16,8.219354874756263e-17]"
10.799999999999978,sqp_rti,0,"[0.0724033742107428,0.41088310861529476,0.074342602437214]",1.1541002982845234,0.021075420081615448,"[-2.980232227667301e-09,3.157429526112754e-06,0.0004546604757289241,0.004796458780641111,0.017151828586268902,0.01933419473722303,0.03238839533314125,0.05432628947881196,0.07370513548002783,0.10432127636591099,0.1404047426262121,0.17934258756756521,0.21184687221305404,0.2394455439900221,0.25599430309878174,0.3048203738739644,0.38385372180312843,0.4970464311623857,0.5584416455676589,0.47082989007664794,0.24437827318322364]","[null,8.436009136115784e-17,8.449866929480641e-17,8.414443042562972e-17,8.352937573409593e-17,8.40576629477299e-17,8.409579346021598e-17,8.382741291030519e-17,8.389207702949485e-17,8.388666295810423e-17,8.388521878224088e-17,8.389175106823082e-17,8.391817552667541e-17,8.393334490475841e-17,8.384572657466335e-17,8.400315081710687e-17,8.378134353057746e-17,8.389011910469794e-17,8.390673219466785e-17,8.400261696713916e-17,1.9210276442218108e-17]"
10.899999999999977,sqp_rti,0,"[0.07587942930661604,0.3785667414474605,0.07720568631973251]",1.1616063244154866,0.023729287087917328,"[-2.980232227667301e-09,1.1351864809272527e-07,0.00012968274016370018,0.010831426344797113,0.054731506940646935,0.10871844074053244,0.14185425347592578,0.18443561797024605,0.25760021910393754,0.3321935454204404,0.40396889637030214,0.47994186401567235,0.4962873761591318,0.3632703803319462,0.2584563615590206,0.2655018840752373,0.318528501371614,0.3845832620590233,0.46150177643877904,0.6693770953275162,1.645624739088089]","[null,9.144708688044971e-15,9.169860341372703e-15,9.161847046834342e-15,9.115179773952248e-15,9.123079006418826e-15,9.12446150431195e-15,9.159263566320034e-15,9.113315305163067e-15,9.095237935087318e-15,9.127352130782793e-15,9.126035092937756e-15,9.144496517242538e-15,9.144496517241326e-15,9.144496517245365e-15,9.144496517244456e-15,9.144496517243648e-15,9.144496517245668e-15,9.14449651724183e-15,9.144496517244254e-15,1.3972871739984204e-15]"
10.999999999999977,sqp_rti,0,"[0.08197655940522511,0.1517186787394952,0.07904161134940098]",1.1693733706599003,0.025864144787192345,"[-2.980232227667301e-09,2.321970998808709e-08,0.0009830002823779105,0.018282175099373188,0.04484795702127925,0.07253078355598835,0.11674686178279875,0.16421905383381202,0.20919501111190258,0.24837151081142378,0.28245288003578556,0.3184656802333075,0.3453560699597274,0.3710331007387689,0.41774275028803026,0.45154148598408633,0.6489888153040269,0.9341356645879315,1.250427933294685,1.2480194105657823,1.504744885722819]","[null,6.490709742247453e-17,6.507983472928177e-17,6.485688669702342e-17,6.487254647143478e-17,6.493476044269926e-17,6.487370584117257e-17,6.486134318655687e-17,6.486041190110662e-17,6.485031416019466e-17,6.483860223911062e-17,6.48031043949508e-17,6.484339025484848e-17,6.478133205945471e-17,6.518548698623639e-17,6.487109560033854e-17,6.484652870297235e-17,6.490626940103723e-17,6.49062694010246e-17,6.49062694010246e-17,1.051536668007579e-17]"
11.099999999999977,sqp_rti,0,"[0.051039656766763516,0.4368849473671067,0.05519867181427804]",1.175186683671487,0.024714693427085876,"[-2.980232227667301e-09,1.3039029149453096e-06,0.0008007428266645633,0.005942154465684413,0.01885052395860659,0.0396806359344713,0.06609118169574862,0.09537479171489843,0.12757875483430264,0.15687913759015776,0.18217752655834857,0.19754605285573473,0.2006209034510434,0.20286290780309085,0.19626639997883527,0.37742825359731597,0.29886353490623635,0.4013529007201065,1.2048351000562263,0.8510628260226747,0.9075280810384647]","[null,3.11113493243418e-17,3.133221428428391e-17,3.1287720009771795e-17,3.1175238878174233e-17,3.111522776079985e-17,3.109633878917022e-17,3.108894567681709e-17,3.1099475198397875e-17,3.1116653112801165e-17,3.115252808577543e-17,3.1055848359969334e-17,3.126208060298088e-17,3.097901859464562e-17,3.0839729090638593e-17,3.098070256404193e-17,3.1146731092125385e-17,3.118977890755826e-17,3.105942771016503e-17,3.108323359850253e-17,7.769595350255622e-18]"
11.199999999999976,sqp_rti,0,"[0.08988655234869897,0.15814264066436623,0.08154887549079673]",1.1829247841449835,0.021607011556625366,"[-2.980232227667301e-09,-2.9801550671670896e-09,1.431886126335158e-07,0.00019489522818325056,0.006864077401465718,0.03572714130727023,0.08453780570727859,0.13866786451698304,0.18453399581705626,0.22398785381133451,0.2549237147516344,0.2803343765622735,0.30309848295410974,0.3350798590965692,0.35306112799740036,0.3205082730496354,0.2883079299683036,0.2541952354738111,0.5865549108648593,1.0328652290665683,1.0915172838578016]","[null,1.7442978231904564e-15,1.74430602285269e-15,1.7453555093670468e-15,1.7521538366954766e-15,1.7451886730822394e-15,1.7426905628718156e-15,1.7421348127785445e-15,1.7415242323211688e-15,1.7412624266161801e-15,1.7410887396792337e-15,1.741177626313033e-15,1.7418601644172237e-15,1.7411673658239947e-15,1.7406811667366303e-15,1.7414429014402735e-15,1.7489324290937536e-15,1.7432225950061897e-15,1.7463730169127947e-15,1.7442978232102473e-15,5.67236449538469e-16]"
11.299999999999976,sqp_rti,0,"[0.04815931174125878,0.3168915366812953,0.05248018440739114]",1.1889891225837939,0.02059262990951538,"[-2.980232227667301e-09,1.6303554418700683e-05,0.002443801884386476,0.013121585795940416,0.030172666745819587,0.05391162418704348,0.08305222430955334,0.11509080525229082,0.14964774145978482,0.18010661803104117,0.20527617850628382,0.2219370311968792,0.23096779784997762,0.2521386979133056,0.25056550167210406,0.22049780779082911,0.2956258678343289,0.4691293193690285,0.32535103710920127,0.7159498808493125,0.6663854308177111]","[null,1.8772203540828023e-14,1.8855228191163687e-14,1.8925714812053002e-14,1.8813555964469302e-14,1.870880542943058e-14,1.8669197356897167e-14,1.8663150360416935e-14,1.8664692890613884e-14,1.8668632138804044e-14,1.8684036946912086e-14,1.869836088423394e-14,1.8624550379675713e-14,1.867617150780658e-14,1.8845384133907284e-14,1.8718017010018097e-14,1.864589889385638e-14,1.8658112169993774e-14,1.8826432917001128e-14,1.8781342224015805e-14,4.683886946678734e-15]"
11.399999999999975,sqp_rti,0,"[0.08346243243807228,0.22845155710588394,0.07699475414368376]",1.1962418187783384,0.018663331866264343,"[-2.980232227667301e-09,-2.980232227667301e-09,-2.980232227667301e-09,2.6977051592602663e-08,0.005638532520064354,0.0509460152999191,0.12143242513742686,0.19426256209596532,0.252590804490519,0.32474795883152724,0.41557794270791676,0.5034059827343007,0.5152046848744767,0.5190105174862765,0.5063718454460158,0.5085162471620961,0.4981401765241394,0.4902250589717994,0.3863288697686656,0.3685788341264818,0.6559872487826126]","[null,1.9257722989759498e-15,1.9257722989757983e-15,1.925783435207739e-15,1.9277160359515773e-15,1.92206580845007e-15,1.9203762560907064e-15,1.919798879832223e-15,1.924318615052367e-15,1.9139943945960016e-15,1.916806621370728e-15,1.9257722990374052e-15,1.9257722990377208e-15,1.925772299037519e-15,1.9257722990372916e-15,1.925772299037481e-15,1.9286043052066585e-15,1.919733474268399e-15,1.9250327930126574e-15,1.9159739511109184e-15,3.664754318525322e-16]"
11.499999999999975,sqp_rti,0,"[0.08183281988416537,0.08482749818873733,0.07585192519299176]",1.2044234996154055,0.01742338016629219,"[-2.980232227667301e-09,8.702289100351313e-05,0.006571193351911753,0.030728657879834753,0.06684569417815461,0.10761334565296982,0.14777573417456208,0.18346334802048753,0.2084523341797782,0.22949345365580137,0.24017804476144972,0.2516169443497354,0.34154313323805213,0.7046934059825218,0.7533506115159454,0.7827716477200723,1.015669589240187,0.866217304014701,0.6133031244911151,0.3114369092823431,0.26630006335574646]","[null,1.0349806893265218e-15,1.0292142308829381e-15,1.0292552915666491e-15,1.0290812411620153e-15,1.0289278184140144e-15,1.028711903801317e-15,1.0284426562860643e-15,1.0286279840577686e-15,1.0293380807783365e-15,1.0289515114463583e-15,1.02833234004163e-15,1.0310124011323157e-15,1.0286855771575351e-15,1.0305352000161192e-15,1.0305352000163086e-15,1.0305352000169775e-15,1.0305352000168134e-15,1.0305352000167756e-15,1.0305352000170028e-15,2.170434932403947e-16]"
11.599999999999975,sqp_rti,0,"[0.07111071310387192,0.25003661019642504,0.06822815326078319]",1.211772496407593,0.017024092376232147,"[-2.980232227667301e-09,0.0003134112429702407,0.009065066122677934,0.03378067295921011,0.07199817942446424,0.11249458733334167,0.14985165577752896,0.1818334695850224,0.20016959083871538,0.20595920962518016,0.21324669613134334,0.2662708836482757,0.25539209364467547,0.3270660880949439,1.3129080854454969,0.9820285646201607,0.9863179165364311,0.9997966119772996,0.5492108374048044,0.6280973259075935,1.3993389717899027]","[null,1.652155569892312e-14,1.643061613342916e-14,1.6384718516487718e-14,1.633949641030795e-14,1.6326836456551438e-14,1.6310401314768747e-14,1.630699734451988e-14,1.6352128724909867e-14,1.637133658541972e-14,1.6471089852036147e-14,1.637750084685301e-14,1.6389883906721353e-14,1.644008811522981e-14,1.63874067280542e-14,1.6617800935648357e-14,1.6340357567281794e-14,1.6563556374952074e-14,1.6617800935648824e-14,1.661780093564905e-14,6.042005320298378e-15]"
11.699999999999974,sqp_rti,0,"[0.0561153341880255,0.31129421124367096,0.05380238755095292]",1.2173702722286617,0.015998970717191696,"[-2.980232227667301e-09,0.00010739691990976907,0.010451317536808002,0.035207417433560206,0.04981305424574717,0.06936181117056855,0.09641158879337902,0.12838117413771483,0.1796427255671887,0.2243893174729415,0.2737096754970281,0.4620267893678374,0.29171035999216316,0.3228581771509596,0.5730410984083931,0.6404742945604347,0.5225303655733462,0.5192069629913554,0.55095529317908,0.729365627359235,0.5855125423172474]","[null,5.722791839191556e-14,5.703037423035717e-14,5.704693753985336e-14,5.703973477898144e-14,5.702300371942007e-14,5.700851342338079e-14,5.704029998996046e-14,5.712999726286964e-14,5.694284299877493e-14,5.70163779998389e-14,5.694143425049975e-14,5.692837129582753e-14,5.692987297669919e-14,5.70219470568267e-14,5.745235731111641e-14,5.707757252425145e-14,5.725208129573323e-14,5.699297172351097e-14,5.79756089200318e-14,1.3406512297611125e-14]"
11.799999999999974,sqp_rti,0,"[0.04295123214576884,0.7548527525902746,0.0512189873258995]",1.222646186265261,0.014844141900539398,"[-2.980232227667301e-09,5.122265881896126e-06,0.0005785438739686066,0.010946949792060068,0.05884789666793627,0.12172144790078471,0.18591627403338046,0.25288462959726915,0.346497740848325,0.5333499914099178,0.16410360798449092,0.2921621828174608,0.46708132348353076,0.5491064785631863,0.4928177854085199,0.5253965336566935,0.5846580131412871,0.4758375907384192,0.15138282923368324,0.24764919387519574,0.3193293317534199]","[null,3.8406691088253595e-12,3.837874959899416e-12,3.832038933807062e-12,3.8322904030543695e-12,3.83177939777814e-12,3.831946288222707e-12,3.8371033936190026e-12,3.832010051501209e-12,3.84065671261249e-12,3.840656712612847e-12,3.8406567126127684e-12,3.840656712612616e-12,3.840656712612847e-12,3.8291421461441166e-12,3.840656712613029e-12,3.840656712612914e-12,3.829781612278307e-12,3.8897719489468955e-12,3.875296464177374e-12,5.456308008611073e-13]"
11.899999999999974,sqp_rti,0,"[0.09254407964985004,0.34507014413899967,0.07768663809084748]",1.2295047622575923,0.01212930679321289,"[-2.980232227667301e-09,3.1792659289653358e-06,0.035691824317703624,0.09556190467809494,0.02986286097660501,-2.96382104969517e-09,0.008445468365896158,0.18121087854524448,0.3350094844126524,0.25465303962549585,0.11310380548375037,null,0.018220396349351742,0.15476107285666957,0.5529400802990423,0.4517078446104044,0.4470619231475171,0.22781131094698176,0.26983238727768893,0.21800374982186704,0.28162555596178135]","[null,1.7147658132823666e-15,1.7120463021847666e-15,1.7126227448478635e-15,1.712085327677494e-15,1.7141288782039478e-15,1.7120182544087047e-15,1.7126774707714544e-15,1.7144655479995549e-15,1.7129773119634513e-15,1.711433119672762e-15,1.7141288781239763e-15,1.7124642515446554e-15,1.711423061874642e-15,1.7131314635499128e-15,1.7115447440258121e-15,1.709713647281168e-15,1.7132345691099152e-15,1.7146371706486798e-15,1.71171402813114e-15,2.3244302201804004e-16]"
11.999999999999973,sqp_rti,0,"[0.04960904548595154,0.4923000942084219,0.06230907344401141]",1.2368792712240366,0.011098198592662811,"[-2.980232227667301e-09,0.014583311934149912,0.05666079994262213,0.11940328168652209,0.04789276969300077,0.03921615191384015,0.09084322922499838,0.08010991099588766,-1.0415845547173674e-08,-2.0188406224530553e-09,null,0.4035614318061789,0.16088825715244398,0.053042435402294086,null,0.04593060744198568,0.07833948354323611,0.058284156564118395,0.34745468103912175,0.8499049611468308,0.5097186351660425]","[null,1.1218615610924616e-13,1.1203917678913949e-13,1.1207476838157754e-13,1.1204829236123982e-13,1.1205012720170294e-13,1.1209593429475144e-13,1.1207166326917305e-13,1.121984814159943e-13,1.1219707780147837e-13,1.1219703480759554e-13,1.1209217458136363e-13,1.121052000905509e-13,1.1205007260489627e-13,1.1219703480760685e-13,1.1213768755302381e-13,1.11998387100537e-13,1.1222433643910793e-13,1.120467608760242e-13,1.1219703480759877e-13,1.7308428997250602e-14]"
12.099999999999973,sqp_rti,0,"[0.10594267810901296,0.4999609060030343,0.07618718113504949]",1.2429956262007649,0.009755894541740417,"[-2.980232227667301e-09,-2.5477148168917552e-11,0.08548907952945656,0.1865228080969999,0.12849157315338006,null,null,0.34184516591370767,null,0.29983747665648935,0.3300846897234749,0.41071418282952693,0.5501546318435373,0.6645448822822473,0.7582265218767332,0.5907929342696832,0.1746116307688162,0.2513097213084546,0.3198218566790388,0.4994463216061405,0.7694617496374228]","[null,1.206100307169038e-12,1.197160151824377e-12,1.1992732163963404e-12,1.1993559222003615e-12,1.2061001870896744e-12,1.2061001870896808e-12,1.1975792559400145e-12,1.2061001870897616e-12,1.197563731015791e-12,1.1980016270024561e-12,1.196912665729082e-12,1.2010856684303381e-12,1.2061001870892697e-12,1.206100187089571e-12,1.197466706003266e-12,1.2025725533163562e-12,1.1990461640135487e-12,1.204152548268228e-12,1.213348421603483e-12,2.0492146790432398e-13]"
12.199999999999973,sqp_rti,0,"[0.07549024183524544,0.2600508234340003,0.08639380431210361]",1.253944417798396,0.008786454796791077,"[-2.980232227667301e-09,0.07623717232709276,0.031495453548779306,-2.980232227667301e-09,0.08680447134980512,0.20318663438584822,0.24144491804279228,null,0.07842030484602774,0.12423909783143544,0.4784349632302856,0.1545085197232104,0.0643723403297976,0.16704349003760816,0.9767524629091582,0.15410133001644583,0.3412615145391527,0.3119491726783881,0.22597321808972365,0.2679581840667316,0.4169431265578745]","[null,1.9235165618133677e-13,1.923962452340512e-13,1.936716850120072e-13,1.921858128729989e-13,1.9228647861472492e-13,1.9236003857644049e-13,1.9367168502646025e-13,1.9212891954674567e-13,1.9229876921030803e-13,1.9206971091278605e-13,1.9227368069077042e-13,1.9242112360942129e-13,1.925610983719914e-13,1.9213350678792358e-13,1.92242342095585e-13,1.9341621814141907e-13,1.9330576410312822e-13,1.9326941460299736e-13,1.935869789718241e-13,2.9601898387875656e-14]"
12.299999999999972,sqp_rti,0,"[0.12856211657719047,0.6875098591966111,0.08450778744026259]",1.2606896733223156,0.008425138890743256,"[-2.980232227667301e-09,0.03635498328692749,0.10231922442439051,0.15474158514755204,-3.5146209553804653e-09,0.0005184741100879298,0.05957697141296309,null,null,null,0.1611201596378649,0.3044632036604192,0.5620959633171025,0.26428721729429655,0.24612735988717988,0.31868991662270646,0.21051012208277947,0.18057528072784362,0.17785558674276009,0.18847856576433336,0.16531161623964935]","[null,2.543110037072035e-17,2.548008865131188e-17,2.5497624053925185e-17,2.5545370864856448e-17,2.5493267687034335e-17,2.546669537500298e-17,2.5545370809118692e-17,2.554537081073428e-17,2.5545370811542073e-17,2.5451255548037665e-17,2.547529915843513e-17,2.547960653183835e-17,2.545739820823015e-17,2.546332209934545e-17,2.5539097858286208e-17,2.5464047656296108e-17,2.5545233919613044e-17,2.5523606649187688e-17,2.5711328988416776e-17,5.6492153470228176e-18]"
12.399999999999972,sqp_rti,0,"[0.06424394953193241,0.5932066911325363,0.07829131908144622]",1.2755373119258462,0.008179888129234314,"[-2.980232227667301e-09,0.16508125087850517,0.11733290399150392,-2.980232227667301e-09,0.17682552084468456,0.21053202339341298,0.22271540975205256,0.006165500077780106,0.13354285618882927,0.5413417379591408,0.3050973368353452,0.24991063521469653,0.2315617900775962,0.1457443527883278,0.3195700331075855,0.2003164050155835,0.23824007168328692,0.2148961042632605,0.20279204012489133,0.21305857269110945,0.30643871972512376]","[null,3.914571992796703e-14,3.9104976993952945e-14,3.918399235222544e-14,3.912560025840583e-14,3.9158025449062216e-14,3.921055562488522e-14,3.905600749702077e-14,3.91029034057883e-14,3.911904574383606e-14,3.908114728987856e-14,3.912316763158431e-14,3.906115702848086e-14,3.933307081405913e-14,3.909150705907013e-14,3.912672200876605e-14,3.909437009126032e-14,3.9128403868552413e-14,3.9204601018968884e-14,4.014292907287168e-14,6.9593958262299574e-15]"
12.499999999999972,sqp_rti,0,"[0.09083677382105712,0.8201662190665141,0.07529061510843017]",1.2815967513673514,0.008147139102220535,"[-2.980232227667301e-09,-2.980232227667301e-09,0.040979106547747446,0.08483131303376973,null,0.002682639077507709,0.603795813411989,0.25947976873294537,0.2394821882205463,0.0716293138420177,0.12478700169475304,0.14672877327563577,0.17911126397167437,0.22671616940197553,0.25288977564601894,0.26709625365614437,0.23912270767989946,0.2296389289095931,0.22273158210327165,0.31959359580664587,1.159725363103029]","[null,1.5068430755824166e-14,1.50352221033617e-14,1.5070108709938324e-14,1.5068430755656952e-14,1.5008708754148965e-14,1.5036799849615975e-14,1.506397422154066e-14,1.5056908026406484e-14,1.5005926300371164e-14,1.5069716748070542e-14,1.4955347672079002e-14,1.4995288942386846e-14,1.5135356928830757e-14,1.5296681525403533e-14,1.500974638776064e-14,1.5034155165327477e-14,1.5050893599458715e-14,1.5434241113451354e-14,1.555736824072562e-14,1.1880735678015418e-14]"
12.599999999999971,sqp_rti,0,"[0.047254180525214455,0.408504749872003,0.07567153061169955]",1.2906873063393816,0.008538216352462769,"[-2.980232227667301e-09,0.07511335354387577,0.011759442031601008,null,0.008417349508935967,0.11070305952883325,0.08574011322583691,0.008584459356147989,0.1112138255507869,0.339735790364675,0.10684632608898675,0.09194560485678843,0.15842664287273395,0.21005685984375405,0.26095742488315105,0.2346780148766417,0.21954878589295196,0.22081801395235418,0.27047155921558624,0.7337701146874565,1.743259419027045]","[null,1.7639746058960586e-13,1.7658324550628952e-13,1.766646550562433e-13,1.7656561077814097e-13,1.7643978129898872e-13,1.7663044680844446e-13,1.7672935535268597e-13,1.7651371405964556e-13,1.764580242031879e-13,1.767201932567378e-13,1.7811925126684773e-13,1.7641007538752533e-13,1.7635525382345816e-13,1.763725414313518e-13,1.764444215111054e-13,1.7641549623584192e-13,1.766159990173153e-13,1.769379532036926e-13,1.765027584469514e-13,1.857001601685662e-14]"
12.69999999999997,sqp_rti,0,"[0.11358756419267502,0.13893325340622237,0.08357075744128863]",1.2962026451272823,0.008791763335466385,"[-2.980232227667301e-09,-2.9957442915229393e-09,0.048395146718074156,0.2008619956362921,0.00034582480530892523,0.25146542200292005,0.2024624578987158,0.20746416942173768,0.18482285761167,0.32492087147440946,0.23835973408158467,0.2940423625543865,0.349415340495608,0.3661179741873191,0.36524977000595166,0.3657789354739947,0.3517238121835245,0.3376082038202098,0.44122617085718724,1.534712986623714,0.809704153242089]","[null,7.060794919927449e-14,7.054675964772099e-14,7.064008420520981e-14,7.029086064984717e-14,7.055942700917014e-14,7.062721589168374e-14,7.051562376673418e-14,7.05496230658394e-14,7.062820393852622e-14,7.056662332300545e-14,7.062401158646206e-14,7.036678767729614e-14,7.028402598896579e-14,7.048488901394602e-14,7.056725060139484e-14,7.059276558915324e-14,7.059201584153013e-14,7.029679960904203e-14,7.060426222028346e-14,1.7279834727279793e-14]"
12.79999999999997,sqp_rti,0,"[0.05667697239373132,0.35766837968682585,0.07847471700835379]",1.307042737779347,0.00901542603969574,"[-2.980232227667301e-09,0.05285057815924149,-2.980232227667301e-09,-2.980232227667301e-09,0.0034412903812953144,0.0021577024881668794,0.07142112529111949,0.11572502370187082,0.2428712028729068,0.12077420791047971,0.17158390294115194,0.2425641269070809,0.4350290181724617,0.6392466291933132,0.6935890829906384,0.7534885962631221,0.7936024928803664,0.9429394216171729,1.3072344975188777,0.8715537369898498,1.3618130238080013]","[null,1.835124471353569e-15,1.8378743392292096e-15,1.8378743392284018e-15,1.83350174467356e-15,1.838481944292565e-15,1.8334549280571158e-15,1.8337902280731324e-15,1.8345908080459493e-15,1.8336778731435025e-15,1.8374194323531665e-15,1.832330717345906e-15,1.8326582086533478e-15,1.832977208182782e-15,1.837874339267176e-15,1.837874339267176e-15,1.837874339267176e-15,1.8321593540744487e-15,1.8367068301987768e-15,1.83627399978212e-15,3.7041778225570025e-16]"
12.89999999999997,sqp_rti,0,"[0.11639704978132084,0.2839866082638752,0.08904830521980278]",1.3137595824710373,0.009745653718709946,"[-2.980232227667301e-09,-2.980232227667301e-09,0.2519137736258415,0.20236235901892458,0.000407919934581058,0.01365976615459391,0.0450584957139018,0.10465683505404205,0.10257990668841438,0.16330360239677405,0.2520107782060002,0.36482528312456425,0.3975780470464663,0.41707188465449435,0.4522184638091609,0.5132727220011624,0.8251680766833942,1.500752323187531,0.7822650940135236,0.8544082370898562,0.8989357377759866]","[null,1.3671468994814887e-15,1.3653204319620641e-15,1.3659750770850361e-15,1.3663132020248286e-15,1.3660592453807075e-15,1.3654535781272816e-15,1.3694215110338588e-15,1.3632968935789401e-15,1.368329678345395e-15,1.3655909307345194e-15,1.3642663693997907e-15,1.3643056435855e-15,1.365057703110158e-15,1.366174455702269e-15,1.3664403457454492e-15,1.3655298738051841e-15,1.3657721451351616e-15,1.377831051403245e-15,1.3778761139415989e-15,1.7371197161724045e-16]"
12.99999999999997,sqp_rti,0,"[0.05795599792615769,1.1999999999875532,0.08734846535022407]",1.3251826091628185,0.004932926967740059,"[-2.980232227667301e-09,0.2825656682757483,0.0011906574006806392,0.0005068231385176314,0.08591169046408603,0.13269145748589645,0.16439384222809644,0.12887547697460172,0.14295138111535516,0.33568276581067097,0.7231442148412384,0.4595711330481798,0.4578727880173446,0.48409668488379404,0.48802813060398514,0.5830420848906435,0.9811216054698135,1.4735177544290792,0.8571795233249062,0.934877441892138,0.8796166103571268]","[null,0.09833187853658328,2.3683002700868114e-12,2.3664678352891874e-12,2.367478933960535e-12,2.367004547186393e-12,2.370533771812912e-12,2.3636223012430122e-12,2.371821081204535e-12,2.366771491986151e-12,2.3691438106915404e-12,2.369143810691212e-12,2.3691438106908622e-12,2.369143810691009e-12,2.3691438106918716e-12,2.3691438106904967e-12,2.369143810692121e-12,2.367571727889274e-12,2.369143810692295e-12,2.3691438106916874e-12,2.7004944506798475e-13]"
13.09999999999997,sqp_rti,0,"[0.11262800718736775,0.5807532044737193,0.10171764107666789]",1.3323748234106825,0.01132100448012352,"[-2.980232227667301e-09,null,0.0001646438764777436,0.02764819499501564,0.003957900485546617,0.1008298768500045,0.08689426158318697,0.20866215724908416,0.4321517087395648,0.5309445145824483,0.5253576634673223,0.5424420635606733,0.5366469152975071,0.5723814355368162,1.137806609564575,1.3567308343648221,0.7347776653398348,0.7935271830683213,0.8295208469501858,0.8580456368939504,0.8732617548673989]","[null,1.0249578963339445e-12,1.0244027276131972e-12,1.0220415822957634e-12,1.0228565274313419e-12,1.0230339728901743e-12,1.0214479850593474e-12,1.022034187045477e-12,1.0210890809226377e-12,1.024953159946475e-12,1.024953159946723e-12,1.0249531599468083e-12,1.021423303201104e-12,1.0218712241825996e-12,1.0217185504097656e-12,1.0209518636783518e-12,1.0238103377583126e-12,1.0240908789057207e-12,1.022228909588138e-12,1.0219269068946636e-12,1.1746390821124278e-13]"
13.199999999999969,sqp_rti,0,"[0.05613169003860161,0.2904093666876607,0.08811938934003574]",1.3419702347574396,0.014461122453212738,"[-2.980232227667301e-09,9.479446934945734e-05,8.5243290086634e-06,0.009824141469462255,0.1288007248799346,0.05362936194885465,0.09975215652017938,0.14823543993328664,0.35081628118222313,0.6690194084910857,0.6021595657957846,0.6502863195508766,0.645090332258843,0.6187241582948395,0.6942670417169452,1.2603710966678505,0.9140728938725757,0.8763081430174438,0.7684691678664037,0.765448536300618,0.8819639935710775]","[null,2.1963473653279307e-12,2.19682044118412e-12,2.179616326753695e-12,2.1876032317323733e-12,2.1889530596343148e-12,2.1848189301548593e-12,2.1953989509931054e-12,2.184875942240245e-12,2.1855987709269974e-12,2.1903051976004107e-12,2.190305197600496e-12,2.190305197600508e-12,2.190305197600396e-12,2.190305197600535e-12,2.1903051976004527e-12,2.186252889645902e-12,2.1903051976004773e-12,2.1903051976005448e-12,2.1903051976004543e-12,3.5873843322212096e-13]"
13.299999999999969,sqp_rti,0,"[0.13532808797937776,0.06813651780888005,0.12788033621078934]",1.3513053396411456,0.01579374447464943,"[-2.980232227667301e-09,null,4.971830361855112e-07,0.004851125300565723,0.016592200042031824,0.14837527420464341,0.39117851807770593,0.5058864153318197,0.5477650075255684,0.5568359176838757,0.5711207948288954,0.5964617666316172,0.9329320808816461,1.821470852154779,1.1945262587939112,0.9783909400494941,0.9633817928891346,0.9959683886744777,1.0221829366642765,1.0419670063085016,1.2234858842510075]","[null,3.375846695830314e-14,3.378410066277102e-14,3.382811806573422e-14,3.3727745318086256e-14,3.3460281019772474e-14,3.35195949799368e-14,3.375846695845783e-14,3.375846695815693e-14,3.375846695821751e-14,3.356972150569634e-14,3.3526520529838596e-14,3.3590836203102514e-14,3.35010509870668e-14,3.3534102391065024e-14,3.344605200462068e-14,3.3542076639325625e-14,3.354498829631798e-14,3.370290207790335e-14,3.414880068259397e-14,8.670184333280045e-15]"
13.399999999999968,sqp_rti,0,"[0.16900590925431141,-0.550582502868912,0.12551048730954137]",1.3638922223813228,0.016006920486688614,"[-2.980232227667301e-09,2.640604953030312e-07,0.024507491157436168,0.012203023257465972,0.027608134819975316,0.06188286353661071,0.16956143294484677,0.4471248429192414,0.6860937104764318,0.631411036944592,0.7423183292911097,0.7112317339500407,0.6336744806045054,0.9440366913661495,1.0961889099995445,0.9612268814921718,1.0094016937908463,0.8426937797672831,0.7172829465275601,0.8019660907582462,0.9508576355132348]","[null,1.8248786634647663e-17,1.818995822078459e-17,1.8139784569347396e-17,1.8200788186705426e-17,1.8197751638193314e-17,1.8213472977341824e-17,1.817957345731299e-17,1.824453708897709e-17,1.824453708897709e-17,1.8244537088964467e-17,1.8244537088964467e-17,1.8244537088964467e-17,1.8244537088964467e-17,1.824453708897709e-17,1.8244537088964467e-17,1.824453708898971e-17,1.824453708897709e-17,1.824453708897709e-17,1.8244537088951845e-17,3.526738995129332e-18]"
13.499999999999968,sqp_rti,0,"[0.12714770274848683,-1.171223454288759,0.12631729543830927]",1.3799509712361069,0.014239396899938583,"[-2.980232227667301e-09,7.780162127601908e-07,1.812152447719373e-05,0.0033675360950776168,0.04926166120028591,0.13291063746563198,0.19915281085627684,0.24757260076164905,0.301591443778295,0.3704596028435388,0.6827031230725786,1.3945888210170743,1.3626360510419147,1.0359247296134881,0.9433713843658775,0.9845129941866311,1.0263446815353354,1.0638613565036212,1.1852529351148202,1.8400465896850633,2.1488620314746614]","[null,3.1845960535071585e-17,3.18073656713582e-17,3.1656277224262827e-17,3.1549199788976193e-17,3.147747554693061e-17,3.1458485213357883e-17,3.148556152708173e-17,3.149965213213393e-17,3.1524756705102434e-17,3.157112234337959e-17,3.1431534880108446e-17,3.1420505860978504e-17,3.1976843023247845e-17,3.1612210757703396e-17,3.161630618974679e-17,3.1544617602484936e-17,3.173594407355854e-17,3.1559862360682913e-17,3.1486448420817114e-17,8.460752534041326e-18]"
13.599999999999968,sqp_rti,0,"[0.12058815686740727,-1.1999999999958915,0.12004954525070277]",1.3915547230570071,0.014163628220558167,"[-2.980232227667301e-09,2.6945536935052417e-07,0.0010548396184666964,0.0184521948144723,0.14468855078459592,0.44490169945155317,0.6489195710490747,0.5714138997990712,0.6902106646358603,0.6943781876112751,0.583177269969444,0.826981942100393,1.0548504781693004,0.7985035327372794,0.9154854226812403,0.9214017061987867,0.8297223989327838,0.769665269560148,1.0934585698830908,1.0030389594974058,0.9045593812382282]","[null,2.2773042546261976e-17,2.2809137085965395e-17,2.2658257925662418e-17,2.2690489208510108e-17,2.2611579978122814e-17,2.276727525967474e-17,2.2767275259573765e-17,2.2767275259510656e-17,2.2767275259346573e-17,2.276727525960532e-17,2.2767275259794646e-17,2.2767275259491723e-17,2.2767275259302396e-17,2.2767275259800957e-17,2.2767275259441236e-17,2.276727525961794e-17,2.2767275259510656e-17,2.2767275259668428e-17,2.2767275259586386e-17,3.931705702147476e-18]"
13.699999999999967,sqp_rti,0,"[0.17168124211502545,-0.5986272068874506,0.14020434291891878]",1.4054754732519679,0.013771425932645798,"[-2.980232227667301e-09,0.0004134156845387871,0.01788822822482744,0.06618035501063596,0.12175758323520186,0.1739899845550344,0.22999589004972504,0.30218205458554054,0.564420477799527,1.2025814310646055,1.2870476764455219,0.9929364876835762,0.8931573705269844,0.9347342826171186,0.9762176777617639,1.0149153052302455,1.111997542458085,1.7059927695731225,2.170693044502902,1.3524886267471643,0.8108465485262604]","[null,1.6817214407561372e-17,1.683978201747127e-17,1.6834506141883158e-17,1.682857599647034e-17,1.6816858278886862e-17,1.6822707795609108e-17,1.6813076472809433e-17,1.6812524685116615e-17,1.6810255437726614e-17,1.6809141955945636e-17,1.6811174002857882e-17,1.681304373446971e-17,1.681310535277367e-17,1.6829416753953362e-17,1.6813165640161998e-17,1.681295379162901e-17,1.681175660268142e-17,1.6810410889842493e-17,1.681000482809022e-17,1.740950549284372e-18]"
13.799999999999967,sqp_rti,0,"[0.12647397786808204,-1.1999999999033084,0.12534505229037854]",1.4191937647053046,0.014286056160926819,"[-2.980232227667301e-09,0.02162790625729355,0.16818473222259628,0.4578300733694583,0.6606664601917351,0.5864608290714883,0.5823905648815237,0.6287964245874427,0.5689264737906654,0.5748248961368307,1.0449555550655834,0.8038057592241195,0.9556168697654754,0.9274130825505618,0.7223646489574056,0.6249000423905231,0.7145637094344603,0.6829560596795303,0.8939681380689322,1.0726704670450509,0.86354726827862]","[null,2.0499072419138136e-16,2.0524282282236884e-16,2.0499636506375322e-16,2.0541846056108952e-16,2.054184605610769e-16,2.0541846056104534e-16,2.0541846056114632e-16,2.054184605610832e-16,2.0541846056112108e-16,2.0541846056117787e-16,2.054184605609633e-16,2.0541846056106428e-16,2.054184605610769e-16,2.0541846056117156e-16,2.0541846056081184e-16,2.0541846056098855e-16,2.054184605610832e-16,2.0541846056083709e-16,2.0541846056075504e-16,3.0479267353590757e-17]"
13.899999999999967,sqp_rti,0,"[0.12384606962127893,-1.1999919833035995,0.0826565442642086]",1.4295200955291019,0.014898714609444141,"[-2.980232227667301e-09,0.0052939218150387934,0.05204521134806034,0.12253090030017405,0.19248689876041142,0.2710824304288469,0.4252424504136723,0.7116473558012142,0.9189139983043828,0.7733595398742608,0.7095794286747876,0.7597037875681047,0.8085966138515477,0.8478772974390967,0.8897843370509839,1.0520287302967908,1.87608991218178,1.2571655997975852,0.9222857734206726,0.9432482650516529,0.9755011415197259]","[null,3.69527240655164e-17,3.6899844054551286e-17,3.6894254621167415e-17,3.690188935104508e-17,3.692566922086928e-17,3.6925571122588905e-17,3.69180196565822e-17,3.689431912897421e-17,3.704710308562372e-17,3.6942076209075854e-17,3.6929607189554896e-17,3.6899385660593286e-17,3.709953556448819e-17,3.699933988642901e-17,3.688326633166438e-17,3.709674558920686e-17,3.694440828093814e-17,3.7642505218407086e-17,3.669071977831281e-17,1.0120912013447641e-17]"
13.999999999999966,sqp_rti,0,"[0.12702781860733536,-0.6081616874918044,0.12362809750723142]",1.4411240704019412,0.0147339953109622,"[-2.980232227667301e-09,0.01549966512140949,0.03219383500712497,0.017945473192526873,0.0001124342376934151,null,null,0.008289021804367469,0.09304706966531812,0.18698090509742543,1.6264584080469617,1.2588755048841846,1.2436958884542946,1.3330887895319534,1.3261207781873494,1.4014545998437853,2.0480762718117633,0.8618036649429015,0.7900758533893562,0.7278349211451676,0.7504766761356361]","[null,1.8513450852986183e-15,1.848876027766061e-15,1.8560523647377174e-15,1.8572982642295014e-15,1.8549502341094855e-15,1.8549502341161183e-15,1.848311827245565e-15,1.848613190184062e-15,1.857983079465608e-15,1.8480895812839434e-15,1.8459678135543594e-15,1.8511324799875905e-15,1.8549502341129187e-15,1.8462294081899888e-15,1.8455884608583205e-15,1.8496170891942677e-15,1.869310231844933e-15,1.85495023410864e-15,1.8549502341142124e-15,2.9490806706702723e-16]"
14.099999999999966,sqp_rti,0,"[0.09393759773556645,-0.5750283365012877,0.0782991523754362]",1.4536230764132205,0.013315715827047825,"[-2.980232227667301e-09,0.03446076118774394,0.13997380428817757,0.23134911125820318,0.27563483873122935,0.4019783177303296,0.4950412863105685,0.5053350195188073,0.5349024756383585,0.5976018328870152,0.6784526954326171,0.7525006487489463,0.8177419528573082,0.9013335505801983,1.0443277809755436,2.003544864742463,0.9946927523743774,0.9422264864593728,0.9471185720654911,0.9718285298119211,1.009076464316405]","[null,1.7647620328791147e-17,1.7635358680209746e-17,1.7633431067052335e-17,1.7637155811109688e-17,1.763552823701346e-17,1.7635572726414553e-17,1.7656022693251892e-17,1.7644418902884616e-17,1.7639845646286184e-17,1.7637590571350326e-17,1.7655441134207257e-17,1.764867380401828e-17,1.7643046707076333e-17,1.7687374972077654e-17,1.7675125090852335e-17,1.7675125090928065e-17,1.7675125090921755e-17,1.7675125090877578e-17,1.767512509089651e-17,2.6695339621302067e-18]"
14.199999999999966,sqp_rti,0,"[0.0629705122927899,-0.26301263101842554,0.09703086885547618]",1.459044735910818,0.013715822249650955,"[-2.980232227667301e-09,0.008503925988554706,0.022028946270929606,0.027443427042706692,0.0325990108781265,0.04011406536966905,0.06827865846740161,0.21316755049286035,0.2913858693904359,0.2919304186009633,0.3589529617098311,0.4311225778469215,0.46787363450153024,0.48045238326023637,0.5313333688990525,1.1095503127308255,0.7726907373250398,0.6790711025089322,0.6050954041048537,0.6036948441966785,0.6228249754615456]","[null,2.868045663118628e-12,2.8696944809304704e-12,2.873842464366921e-12,2.8776169905098016e-12,2.8830057113971265e-12,2.902415394364494e-12,2.8799857005705843e-12,2.8577250871470905e-12,2.8658574423873864e-12,2.8668390469081336e-12,2.8614365878266693e-12,2.8598987365432938e-12,2.862264143991675e-12,2.8624392050807433e-12,2.8940515004844304e-12,2.88559771419235e-12,2.8664845417361893e-12,2.831018796296434e-12,3.025808007152288e-12,1.1099935195331442e-12]"
14.299999999999965,sqp_rti,0,"[0.14833408153538707,-1.0010776893573168,0.10336143035796941]",1.472420369233193,0.013681410811841488,"[-2.980232227667301e-09,0.00010274743630972472,0.06657919664681061,0.17840426676040694,0.2871167180841077,0.38279651269470244,0.41298576243484036,0.5267685538834967,0.5943144960999625,0.6142441466407724,0.6167540387081505,0.7274064295045368,0.8529053747089115,1.4766111708492289,0.8099138356524109,0.7836121339100053,0.6737572150648432,0.6219246544033392,0.5609521375288444,0.35780805584156355,0.092942579311514]","[null,2.448405140890086e-17,2.417971506501987e-17,2.4157413166200977e-17,2.420621710789663e-17,2.4158703162848086e-17,2.4388700670372247e-17,2.4199493981787224e-17,2.421072269001127e-17,2.4511035088594492e-17,2.451103508899839e-17,2.4511035068399653e-17,2.4104857285111972e-17,2.4121829421348982e-17,2.4511035081728247e-17,2.4302813434217113e-17,2.4243424089283702e-17,2.431559530046092e-17,2.5051610683343254e-17,2.5407494595341384e-17,6.0937218141475526e-18]"
14.399999999999965,sqp_rti,0,"[0.08075304294199902,-0.6129798939515414,0.12152004116350155]",1.4786035657708683,0.01670016162097454,"[-2.980232227667301e-09,0.015589607202567468,0.02433257649549364,0.04948794106862647,0.3109811201665174,0.5225730933083319,0.5004035517938916,0.45670010318197357,0.46199105366394805,0.4692811420621162,0.5152374900739278,0.5614559403127994,0.6377017387496202,0.9753992702586955,0.7996847733509866,0.5451611837470434,0.54443933261183,0.658552226859294,0.6284999283245385,0.4641357075990225,0.34045072076631683]","[null,9.630361064329231e-16,9.631782934752892e-16,9.64117962446895e-16,9.630873440078356e-16,9.6321269792928e-16,9.62265163373061e-16,9.622584012592495e-16,9.622007237315247e-16,9.623367749561641e-16,9.623963377113543e-16,9.62510509491299e-16,9.661303116738419e-16,9.634495085755527e-16,9.688602952852762e-16,9.674370440408e-16,9.664634097612202e-16,9.613573182247521e-16,9.623122414131118e-16,9.635819549421349e-16,1.679977597228337e-16]"
14.499999999999964,sqp_rti,0,"[0.13860119595768824,-0.7730794641154511,0.13646414761780926]",1.4894511596243183,0.0198565311729908,"[-2.980232227667301e-09,2.2802593147019934e-11,0.004420577858646857,0.04290811595117355,0.12404549751265997,0.13438926664211764,0.17408355636998146,0.2796459026043941,0.4147251197471043,0.5544845870694732,0.6174000539627726,0.6232024822546733,0.7628078220094501,1.1950154296484683,0.8451526350335115,0.8413724606300732,0.8692295830441992,0.9281112340998809,0.9626462931648099,0.9097096754765921,1.1546279163655242]","[null,1.6158567687058358e-17,1.6143754345050222e-17,1.618451951099003e-17,1.613893540057538e-17,1.6170642963293974e-17,1.6148416081234416e-17,1.6154397006665e-17,1.6153951881763944e-17,1.6151319163682638e-17,1.6158567684382542e-17,1.61585676833728e-17,1.6158567683827184e-17,1.615136901706652e-17,1.615909966127892e-17,1.6145829117085613e-17,1.613777207635991e-17,1.615003146152267e-17,1.6150818451830424e-17,1.6561127556779655e-17,4.978356562970737e-18]"
14.599999999999964,sqp_rti,0,"[0.07793623395367949,-0.3753702779870245,0.10852782547779727]",1.5007026448679666,0.024443022906780243,"[-2.980232227667301e-09,0.0011154589746370513,0.07683526801539992,0.23050031011580147,0.2921171611169385,0.3304243894194652,0.38723766500367135,0.38013497504798793,0.39904861491954763,0.4454578473743592,0.5319936174746303,0.9301039885464888,1.249974937676417,0.708404628997269,0.4755717549374417,0.5253812905987034,0.6077304068895903,0.6573275138270291,0.6295131707665165,0.6115938349019243,0.7007776809984676]","[null,1.0024772604905172e-14,1.0072623385192566e-14,9.90495993927907e-15,9.984998569178916e-15,9.957408317116078e-15,9.96529591001467e-15,9.965682792467667e-15,9.987160115294555e-15,1.007967109552021e-14,9.965202731805436e-15,9.970300248297747e-15,9.966864084688488e-15,9.970817479881209e-15,1.0213634685192317e-14,9.904747848233125e-15,9.941754009774788e-15,9.947838041744622e-15,9.958170120658715e-15,1.0119657234072465e-14,1.5745645567951785e-15]"
14.699999999999964,sqp_rti,0,"[0.12289270947745823,-0.14566089570359544,0.11522302983825991]",1.5076266563057354,0.022043317556381226,"[-2.980232227667301e-09,-2.9790386268935265e-09,0.001388817015901489,0.007893743763298489,0.016534941299013506,0.026141731568915028,0.04726721129879358,0.07361358468112705,0.10179975350692944,0.12113570622970485,0.16455756007607453,0.2554808832985101,0.17106823671368315,0.2081904459778528,0.2454164779855617,0.27503917449491483,0.28731067704325036,0.2864351595499482,0.2633387232104745,0.40613821304839776,0.471414661511578]","[null,9.602833199607879e-14,9.603695243119693e-14,9.702009602994643e-14,9.552520792774585e-14,9.533091453705351e-14,9.526000101886088e-14,9.520030264338576e-14,9.517990207113954e-14,9.510749619686079e-14,1.025851073116977e-13,9.603020259882201e-14,9.949380113592218e-14,9.513990968569718e-14,9.51570836431873e-14,9.521515340815709e-14,9.544273960189498e-14,9.608234358274111e-14,9.630280223812991e-14,9.645719991593815e-14,3.027388557551358e-14]"
14.799999999999963,sqp_rti,0,"[0.12752124182524202,-0.24750197766287105,0.1299536834410591]",1.5212284098812803,0.021066462621092796,"[-2.980232227667301e-09,0.000704833752775802,0.0015232260134633857,0.003383471936594551,0.009141275526327874,0.02673599345827854,0.05872339425071599,0.09642832834027609,0.13693030805013146,0.1594578959286455,0.22816284393813008,0.33402930712527806,0.3208570978540351,0.254470032547151,0.257114932562218,0.26325521101878807,0.27758005958831405,0.37501288693063445,0.45979209701174356,0.5670805654968667,0.7184792222025045]","[null,5.300057915950823e-13,5.300932158314382e-13,5.208865008730043e-13,5.137278682507449e-13,5.120443776067638e-13,5.095538933683987e-13,5.088196370897265e-13,5.084490685029243e-13,5.082506556284406e-13,5.193958201465238e-13,5.113980313958533e-13,5.163609324233062e-13,5.517544456643943e-13,5.119565797583603e-13,5.107673302209095e-13,5.127670102000899e-13,5.111930139446096e-13,5.109368717162621e-13,5.490708626652573e-13,1.548206505043962e-13]"
14.899999999999963,sqp_rti,0,"[0.1163839782358039,0.02062964821503968,0.12322674430398108]",1.533150168562658,0.01994919776916504,"[-2.980232227667301e-09,0.0007727218837435545,0.011620719610243635,0.029168380843587915,0.050768344477828714,0.07589701235067531,0.09456882550431517,0.11205326834272072,0.12718228016205552,0.1474838035191553,0.2908109223899718,0.299569010031658,0.182964688962527,0.22674782908401597,0.2928886311791768,0.34931587038641326,0.38817231720545636,0.39899381685337937,0.3897445831626903,0.5262759343215968,0.9431732200318421]","[null,2.9002209057233944e-16,2.9761395515937573e-16,2.909075789279651e-16,2.872497046876554e-16,2.86493954037535e-16,2.863964042042089e-16,2.863603531661265e-16,2.8627556543344633e-16,2.8701821551701234e-16,2.893879071219413e-16,2.897950710416421e-16,3.009052439595805e-16,2.8824059977128005e-16,2.8732874617120454e-16,2.8735650123680516e-16,2.8694122498578676e-16,2.8831521149847915e-16,3.032582559820218e-16,3.369786863906281e-16,1.6081045289765676e-16]"
14.999999999999963,sqp_rti,0,"[0.1327406144143921,-0.11540159962949992,0.13156404625263987]",1.5453474083310896,0.020989377051591873,"[-2.980232227667301e-09,3.0962289679664634e-05,0.0006113830597040959,0.0021247461022409486,0.015603802942133538,0.04996541378792935,0.1102354871389764,0.1751888427490858,0.24591021531592788,0.34489721336260076,1.0889316491284518,0.39128244359572834,0.43381877614837167,0.4816637752845672,0.5177716054817594,0.533425651477242,0.52107765629714,0.46781435941258637,0.39858579876301087,0.4670446639258426,0.5678260293176194]","[null,2.525679876822716e-13,2.513535630865515e-13,2.5146015043524797e-13,2.5092515091442217e-13,2.5037578251674913e-13,2.5126351796882635e-13,2.5237022665418027e-13,2.513976836137854e-13,2.5391900950866755e-13,2.4996131283735724e-13,2.596356676028758e-13,2.5033091163513534e-13,2.505436888476763e-13,2.5085759177682853e-13,2.513259268220846e-13,2.522822194079653e-13,2.5714627060172866e-13,2.6239209066401194e-13,2.686685540406566e-13,1.2266373793908431e-13]"
15.099999999999962,sqp_rti,0,"[0.12747278146701077,0.2584713202606352,0.12015094917458248]",1.5572179585290218,0.021159552037715912,"[-2.980232227667301e-09,4.8156743227251164e-05,0.0018801283030696059,0.00589468393771872,0.011693966926620891,0.01936979691964874,0.025938205076750098,0.02853426709218515,0.04666445190317142,0.11823075976454761,0.06607624009031704,0.1040557717808886,0.16741570323842386,0.24124061072188657,0.31146226828613593,0.3643017683919794,0.3881478815379385,0.38511206480171795,0.47319937631853365,0.5918934907069484,1.0629214365772952]","[null,5.945784116668405e-14,5.904864668293563e-14,5.977357825169132e-14,5.98835336984784e-14,5.97975990850678e-14,5.956822831856734e-14,5.948352953789616e-14,5.933764313753595e-14,5.877454966405174e-14,6.010931610097897e-14,5.9219964354401e-14,5.914540434180881e-14,5.918910581415737e-14,5.919442906739854e-14,5.914238869597458e-14,5.917270027665757e-14,5.935074643991175e-14,5.913936860314669e-14,5.946938845565957e-14,6.6021257579976445e-15]"
15.199999999999962,sqp_rti,0,"[0.11443711618511102,0.2574367844183928,0.11072134249854093]",1.5687405545096371,0.024105967953801155,"[-2.980232227667301e-09,1.1519562956308071e-07,2.168030698523893e-06,0.0005800465802971444,0.01051673292399774,0.0419508606221351,0.09362121925900874,0.18887738633493073,0.3244972503426496,0.7475547060205201,0.7791445616002022,0.4936742482113779,0.4865304520418892,0.49614420245840735,0.5171337603917479,0.5445018980546379,0.574085865421585,0.5867730489098884,0.6097253682997923,0.6357844565878679,1.0140947132091866]","[null,5.10772824420061e-15,5.110872000270873e-15,5.131070060156762e-15,5.132129189298434e-15,5.101291082118754e-15,5.097066377420197e-15,5.098035343465752e-15,5.0957130071215905e-15,5.096381887732402e-15,5.107485651212283e-15,5.107485651204811e-15,5.107485651206831e-15,5.107485651210062e-15,5.10748565120885e-15,5.107485651204811e-15,5.107485651202792e-15,5.1074856512072346e-15,5.107485651222583e-15,5.107485651210264e-15,1.0332281129116643e-15]"
15.299999999999962,sqp_rti,0,"[0.12814462725778403,0.014776334390779938,0.11931213698330964]",1.5808485306321582,0.026670560240745544,"[-2.980232227667301e-09,-2.714758418065344e-09,-5.1812158174957545e-09,9.805082102909424e-07,2.366008521642593e-05,0.00017446010287364144,0.0009836440331257301,0.007119075264085339,0.04172150939519331,0.29253750876085577,0.526801938505433,0.3755481450013594,0.4404239601526861,0.4843246833616444,0.5152737439025994,0.5395688312679929,0.5594279077643065,0.6121606090217344,0.9585152461071018,1.3700935038740922,1.594516456149205]","[null,1.549777418682018e-15,1.5497815079860951e-15,1.5501377122031867e-15,1.5553212771328172e-15,1.5553275246788954e-15,1.5542909056960783e-15,1.5516126954397469e-15,1.549636888281985e-15,1.5454643229238969e-15,1.546554884066072e-15,1.5457190700254261e-15,1.5460508117413755e-15,1.544808723991047e-15,1.5476018513969257e-15,1.543850303039074e-15,1.5438311337587095e-15,1.547767384587092e-15,1.5460036527341055e-15,1.5497774183599102e-15,2.8917022686441426e-16]"
15.399999999999961,sqp_rti,0,"[0.14785713344152318,0.21322932999297273,0.13917701523155587]",1.5954877622582047,0.027223417535424232,"[-2.980232227667301e-09,-2.9768867648716224e-09,-1.02173108029735e-08,4.15133569797721e-07,2.234894782016106e-06,2.6787318405108174e-06,9.05763096609169e-06,0.00013908472124724014,0.0006122280970562444,0.005206543523361529,0.023675914233552586,0.07022166856716022,0.14895716678837517,0.2490527308395059,0.3560722005159576,0.44933503561750215,0.46830246795445235,0.460725963189568,0.6705287027617828,0.9385910806328484,0.8029451825824789]","[null,2.5902894444971034e-17,2.5902944252916526e-17,2.590527834698272e-17,2.5912706967378833e-17,2.591466188874877e-17,2.5939795186566216e-17,2.5933842273094128e-17,2.5923398955898035e-17,2.5845006440725394e-17,2.58333716552306e-17,2.5817421139304242e-17,2.5731790785845286e-17,2.571709894952016e-17,2.5741536455055537e-17,2.5701352890487486e-17,2.5457929684092566e-17,2.5676183120083673e-17,2.5987422262851377e-17,2.5396466522087222e-17,6.870648692003866e-18]"
15.499999999999961,sqp_rti,0,"[0.1900671607913446,0.4095084203768685,0.16681830679605059]",1.6114063551822753,0.02893240936100483,"[-2.980232227667301e-09,-2.9802322554228766e-09,-6.208854791411866e-09,2.0351846319321965e-09,2.801163288823627e-06,0.0012139582768250223,0.007583781829748004,0.026901610289047195,0.06391874727441077,0.10936303484181292,0.15347872008502322,0.19041378284711358,0.21712419460623417,0.23334932208809428,0.2586909542485552,0.2723356059339224,0.18714442370252043,0.11979230182901884,0.12488814344148286,0.2139436774885109,0.22238742619756452]","[null,7.340364167727421e-14,7.340364251807362e-14,7.340421183753509e-14,7.347316811698454e-14,7.353156965739289e-14,7.33827927003711e-14,7.351096324450638e-14,7.320945610297474e-14,7.299280791084733e-14,7.288924833832327e-14,7.283718457748755e-14,7.286406347959018e-14,7.30038830067003e-14,7.303821443937219e-14,7.390665151137214e-14,7.310837382225228e-14,7.274374393687475e-14,7.394100868281852e-14,7.64240667014682e-14,3.053139453129736e-14]"
15.59999999999996,sqp_rti,0,"[0.17348277571021697,0.09806154752955765,0.13084398606859404]",1.6279422241713712,0.027433859184384346,"[-2.980232227667301e-09,-2.980232227667301e-09,-2.9799004375163918e-09,8.891122548204677e-07,0.0017099765306092252,0.011283959899703266,0.03791237156878752,0.07367538344795116,0.10879201895065266,0.13801060390009728,0.1547830028671056,0.1619576296465784,0.15891692830292997,0.12865258566506094,0.051098211973810426,0.11581305731924624,0.3580214868586438,1.1590255509039025,0.9736510008387327,0.44107969707749534,0.3111031743664128]","[null,2.817593725534817e-15,2.8175937255382503e-15,2.8222074137406264e-15,2.8384783865494165e-15,2.8176626109481702e-15,2.813894981236068e-15,2.814059870820042e-15,2.81337539622385e-15,2.8123553912787465e-15,2.811480759027626e-15,2.812139925400626e-15,2.8147922275531362e-15,2.8123759990715337e-15,2.8265623147162723e-15,2.8132485986254556e-15,2.814785946714553e-15,2.8175937252703152e-15,2.817593725271224e-15,2.8175937252704667e-15,1.085115785118228e-15]"
15.69999999999996,sqp_rti,0,"[0.11862692036268566,0.614940225091617,0.09802230835030888]",1.6420750299097604,0.02702035754919052,"[-2.980232227667301e-09,-2.9802320611338473e-09,-4.519111335143933e-09,6.04869229448024e-06,7.861776359546768e-05,0.0006664418848946196,0.0029188557987737673,0.009134274049894975,0.023645343431097643,0.05213547844299954,0.10566646755407777,0.17396900998118775,0.23933503021037766,0.2556539196377095,0.18348856977102984,0.20280730606461078,0.2967187100734961,1.4467503137108337,0.8999878302117164,1.0103030841245626,0.7033696468289434]","[null,1.0869392690168011e-14,1.0869407721687842e-14,1.0937669209708926e-14,1.093561939939393e-14,1.0925023472452965e-14,1.0901972797806166e-14,1.0869063521494645e-14,1.08396025465305e-14,1.082709847507099e-14,1.0832384160384525e-14,1.0840004388714108e-14,1.0840219091018291e-14,1.0835404628569142e-14,1.081244246772503e-14,1.0885695167249837e-14,1.0872844605538164e-14,1.0840029222214893e-14,1.0869392690062745e-14,1.0869392690065219e-14,2.5948113685156744e-15]"
15.79999999999996,sqp_rti,0,"[0.12861962011318182,0.2564971917333687,0.11483116053518753]",1.6513264448220142,0.022151639685034752,"[-2.980232227667301e-09,-2.930305192938576e-09,9.072287381228783e-05,0.08737235438161833,0.22534169697839418,0.2532165825752813,0.3163855460021601,0.3465214844868008,0.3597330548730671,0.3679470341215126,0.38113593216362923,0.3992939901892008,0.4099340804055885,0.373452278301415,0.28155106575599903,0.2793966492218701,0.2765179377442511,0.6360280836503704,1.0499115166614004,1.3248582017083492,0.5200884336366591]","[null,4.13228321204541e-15,4.135303125124688e-15,4.1243877334318885e-15,4.132302171708544e-15,4.1266601227631895e-15,4.123352573694273e-15,4.1225852676535576e-15,4.122607248639216e-15,4.122972618400339e-15,4.12331426758549e-15,4.1237789065794505e-15,4.122421435751263e-15,4.125135642878373e-15,4.117660365713471e-15,4.1245095693101125e-15,4.116169387272986e-15,4.1300487661307e-15,4.132283211970437e-15,4.128204552400138e-15,1.4685591774151329e-15]"
15.89999999999996,sqp_rti,0,"[0.1374405995807272,-0.036388564713160154,0.09980675907057382]",1.6669311147355201,0.019081877544522285,"[-2.980232227667301e-09,4.215826083786567e-07,0.004718493453994388,0.016323926796175503,0.040781590577424975,0.06471696317648484,0.08178658281007395,0.10246661753034908,0.12326890940248064,0.14277460974515305,0.17610955914455034,0.2082898332126149,0.23464027465756382,0.2415760589481682,0.21584325077540784,0.257222955396508,0.32806697845015337,0.3758434397080606,0.41195421388651915,0.44096426915102854,0.46141620876659034]","[null,2.1598646768939335e-14,2.1569555581005234e-14,2.1554624369186873e-14,2.1531100016660327e-14,2.1528659130361984e-14,2.153134452185607e-14,2.153041969886719e-14,2.1526345336078455e-14,2.1500052203229022e-14,2.1544279482409113e-14,2.156847507515182e-14,2.1479483998417626e-14,2.151921856516365e-14,2.1542560534426147e-14,2.153296020246713e-14,2.1493738398443635e-14,2.1602718682691695e-14,2.179685538401235e-14,2.159997522773969e-14,4.183017221905765e-15]"
15.99999999999996,sqp_rti,0,"[0.08942737792163546,0.037009697477398795,0.09340818787531582]",1.6739593075258672,0.018447525799274445,"[-2.980232227667301e-09,0.00019644474064661743,0.003320807340669585,0.013550714216419568,0.03199711061596339,0.05874123931670178,0.09561212185380602,0.12951351964174035,0.1582873503417062,0.18211953121890084,0.19095178237109672,0.20151123727334125,0.213276629555528,0.15408425857187674,0.043729742370684666,0.05967184462105274,0.07379489707186054,0.2444474571347584,0.1909233146851202,0.16170005213901223,0.5424112586645193]","[null,7.737752309482453e-17,7.730751021273855e-17,7.726603258428278e-17,7.724611286435092e-17,7.723635646930818e-17,7.72325884061028e-17,7.722928610142101e-17,7.722238286662869e-17,7.720428131093829e-17,7.721170592715218e-17,7.723556892333942e-17,7.760168749874848e-17,7.726351281164557e-17,7.726219800952604e-17,7.733650950328232e-17,7.72666920170191e-17,7.734526747002016e-17,7.747408835517148e-17,7.723683168250012e-17,1.391964405270595e-17]"
16.09999999999996,sqp_rti,0,"[0.10975132004528272,0.18435248894802317,0.0779231496069963]",1.6874295150804923,0.01822398602962494,"[-2.980232227667301e-09,-8.469162343649472e-09,8.785613682688043e-05,0.0031434731471891575,0.01717165226216083,0.043303464369398637,0.07229171938643814,0.1041020667262485,0.13243528092716234,0.14591906670190796,0.1878369642126792,0.21465251593254103,0.23342892762837836,0.12617275395306288,null,0.0015389484966690792,0.040380321118992424,null,0.2527646491160674,0.34245841683393935,0.35609407275050203]","[null,3.5779570152187085e-17,3.587477946948814e-17,3.5730126624182827e-17,3.572099369486783e-17,3.5725323562040227e-17,3.571603103740459e-17,3.5711038699333784e-17,3.568949503655235e-17,3.570189421175502e-17,3.567068739309941e-17,3.539060634994755e-17,3.574258879642899e-17,3.5547297824519676e-17,3.577956887859955e-17,3.580972958454259e-17,3.569316431554071e-17,3.5779568874712046e-17,3.5801423024966866e-17,3.562080023259271e-17,2.080552597710092e-17]"
16.19999999999996,sqp_rti,0,"[0.07051711271822239,0.2661389319963583,0.06298857938527117]",1.6955190634317356,0.017299912869930267,"[-2.980232227667301e-09,0.00024235094135247048,0.008069278181009942,0.028026503017631044,0.05175933414225736,0.073623497145263,0.10070880227074303,0.12623567753495452,0.1545205468443392,0.18119691048832715,0.17271108003292818,0.19132457416410703,0.20129197008576832,0.10914785263201382,0.025184850056146513,0.06613234666507478,0.3819877788114468,0.324864057943034,0.24969925642083607,0.2940289466764677,0.2958710985703135]","[null,1.1026399649623525e-16,1.1027885828753059e-16,1.1015649081318389e-16,1.1009967495850356e-16,1.100663886891732e-16,1.1004704157456955e-16,1.1005546820266255e-16,1.1017334737420485e-16,1.0995125302646793e-16,1.1013713386349162e-16,1.1008584820340492e-16,1.1037467217005794e-16,1.1007202135455174e-16,1.0989558740278007e-16,1.0998735360016842e-16,1.1039147013484427e-16,1.1080891780918665e-16,1.0954233910374295e-16,1.1064744743645528e-16,2.1556875356297774e-17]"
16.29999999999996,sqp_rti,0,"[0.09536745215939477,0.2593480793060231,0.08622371684333455]",1.700471680391696,0.01611628383398056,"[-2.980232227667301e-09,3.0600256495372236e-08,0.000368516335347846,0.008728504035545426,0.04145444007829174,0.09146440547855655,0.13817482202659975,0.17933670391106987,0.20912117290632254,0.1839371301203528,0.19623211655766043,0.21259009813828983,0.21656818868762145,0.06275802166385064,0.018193737061922566,0.0020364770501931084,null,0.10928251039653142,0.12807203198978884,0.12984968706384398,0.21672696739803926]","[null,4.242677643920244e-14,4.2449978591377014e-14,4.251539861052653e-14,4.246998392871219e-14,4.243155329221624e-14,4.2451932146318695e-14,4.252612697590457e-14,4.2762652650678994e-14,4.247006109550266e-14,4.2347824676953127e-14,4.2423785090721e-14,4.2447350835234335e-14,4.2330390453031963e-14,4.251644489355541e-14,4.765371052992435e-14,4.2426895431422185e-14,4.234668960854005e-14,4.4479723076112465e-14,4.2988412249487204e-14,1.5367367040861905e-14]"
16.399999999999963,sqp_rti,0,"[0.05053305104205285,0.28325005629650146,0.05020020466904685]",1.7122089295391099,0.015168517827987671,"[-2.980232227667301e-09,0.0006478466835344032,0.015350255671042146,0.046116777573890044,0.07399637897473604,0.08212490611542905,0.1017354465553229,0.11061334632277103,0.158171951931579,0.17468151832805462,null,0.07027234614892813,0.12447506850697893,null,null,0.38248362421473275,0.1959763663966399,0.17785889447530395,0.17295267120525787,0.1736097673332367,0.20536469148786268]","[null,8.737943752793194e-17,8.723621677702841e-17,8.720767912102013e-17,8.723484804807448e-17,8.728448696089531e-17,8.725570539096316e-17,8.710594326755327e-17,8.7634319250834e-17,8.729461771080202e-17,8.758132212189965e-17,8.709423141077718e-17,8.762468270933447e-17,8.758132212220257e-17,8.758132212205111e-17,8.727428028202838e-17,8.729836079713128e-17,8.788441298693993e-17,8.730843781629547e-17,8.983212054499692e-17,2.077817835798114e-17]"
16.499999999999964,sqp_rti,0,"[0.10364325952380002,0.6153522158192488,0.0737775806082437]",1.7196066208709675,0.01423032209277153,"[-2.980232227667301e-09,-2.980232227667301e-09,9.246014641695055e-07,0.0009387263426656745,0.03253157668241774,0.09302345838771658,0.14093877819942408,0.16002559802962396,0.16879565158696935,0.15197857529237951,null,-4.5270120985207996e-10,8.477590766856058e-05,null,0.08605454806777574,0.046788392914895394,0.053702479609816944,0.06731119852377249,0.08214983699185546,0.15421697158550246,0.41343256586767724]","[null,5.270157780028036e-13,5.263230379908229e-13,5.23014610654947e-13,5.238178154272854e-13,5.207758418288482e-13,5.194358982191986e-13,5.202735607411845e-13,5.194785328674414e-13,5.225072310728072e-13,5.270157780185187e-13,5.27014525462727e-13,5.264090518076415e-13,5.27015778018519e-13,5.177680388455613e-13,5.223362126413302e-13,5.264596276107825e-13,5.151906469429125e-13,5.339609936594533e-13,5.42795101430115e-13,5.588868659101683e-13]"
16.599999999999966,sqp_rti,0,"[0.05174934127240355,0.4543112263871686,0.06989502104377386]",1.7259238912756267,0.012666735798120499,"[-2.980232227667301e-09,0.009281945066986819,0.06258748195855263,0.11981253776785011,0.15798293638199717,0.1518065217945022,0.1905325658504758,-6.1562760167444e-09,0.15509570169850734,0.20213127826160787,null,0.1341110516042477,0.21895449001359496,0.09651383643432682,0.5141053018699437,0.5237385002144019,1.0021589602162748,0.348180583284276,0.4683159983020289,0.4234273800760285,0.418877958045697]","[null,2.716578290892067e-11,2.7164817102640876e-11,2.7186485872230738e-11,2.7186013471653287e-11,2.718661008022673e-11,2.717840326938436e-11,2.7205365261016915e-11,2.714532833050366e-11,2.7141234199949882e-11,2.7205239015803186e-11,2.7136760732470487e-11,2.7127790833697925e-11,2.721448887827857e-11,2.7182962427677758e-11,2.714756184996793e-11,2.715496548471362e-11,2.7217518576333193e-11,2.7185470678982382e-11,2.7121434667799668e-11,6.52232223886525e-12]"
16.699999999999967,sqp_rti,0,"[0.09217950611646336,0.42701513039545497,0.07654923906417176]",1.7353019606377853,0.011606942862272263,"[-2.980232227667301e-09,-2.980232227667301e-09,6.54244554199046e-07,-2.980232227667301e-09,0.06629180916681393,0.13499294451597238,0.19209526804444438,0.12056943859880392,null,0.00018162814116565174,0.3489159978519865,0.6762136357825284,0.11214627872534139,0.0801528636725582,0.14532311681706106,0.2438691609374855,0.1658706490467708,0.28177290981339526,0.6410202164337064,0.5531713646352159,0.44385360530573054]","[null,2.0825297343844673e-13,2.107998502726398e-13,2.0825297343819793e-13,2.0835468901379292e-13,2.0793079946259065e-13,2.0826541385933892e-13,2.0918205009238866e-13,2.0825297341908553e-13,2.0995442476997963e-13,2.0786944067150102e-13,2.0746622066401492e-13,2.0927039703530775e-13,2.0562883698697267e-13,2.1038799406160529e-13,2.0567090712528572e-13,2.1123451827282713e-13,2.0847559889000502e-13,2.077818045154699e-13,2.0825297341917278e-13,7.487706363292492e-14]"
16.79999999999997,sqp_rti,0,"[0.05668197550110469,0.8216609308299919,0.06355643445073514]",1.7430219460603387,0.010897800326347351,"[-2.980232227667301e-09,0.02490280819102414,0.09120146210234809,0.14724037123146233,0.1338205775741244,0.08882956549592508,0.1793877410687557,null,0.018777572773002238,0.07687807821863119,0.0006583842540061613,0.19505246936777781,0.18524336993093798,0.1998689089860342,0.2338895219038804,0.18334690233398449,0.25501016890112355,0.31998649418804065,0.39367493316334007,0.5523384942819305,0.7624911659570237]","[null,4.728232847375781e-13,4.727023163130537e-13,4.730061017103926e-13,4.726598774420254e-13,4.72524081014776e-13,4.724785461810723e-13,4.745631094317203e-13,4.725137838010148e-13,4.724947012876698e-13,4.743599857536614e-13,4.726270047203809e-13,4.718436712385075e-13,4.719388103438393e-13,4.731708594712206e-13,4.71851027124359e-13,4.726352189359466e-13,4.720636486866246e-13,4.742160145033714e-13,4.803492536010767e-13,1.0128121105979135e-13]"
16.89999999999997,sqp_rti,0,"[0.08871861433187589,0.37213494122380836,0.08546354808180676]",1.7507036594070384,0.009713049978017807,"[-2.980232227667301e-09,0.0012725262229466572,0.04541656803358657,-2.9802591783312238e-09,0.08777936846971174,0.16378001945219794,0.025723975929003384,0.12143334741781758,null,0.0070356966612806215,0.00609052681861405,0.0021976177331580193,0.013660341706970336,0.06112176121749685,0.04385330573670815,0.08141306620210714,0.13068365784162134,0.18492649414478352,0.20848324590611683,0.2916458058989651,0.38674900720080424]","[null,2.900168502739856e-15,2.8933619230052964e-15,2.900366621088255e-15,2.894963205184637e-15,2.8962564118676717e-15,2.8999392537237537e-15,2.8994777592556292e-15,2.9003666210268627e-15,2.8893863715732246e-15,2.9059301198858024e-15,2.9075179722192116e-15,2.8809879245256586e-15,2.897348370735712e-15,2.894748542833015e-15,2.904078136788686e-15,2.8947800360029286e-15,2.9048356331408853e-15,2.893591184852392e-15,3.029060857371272e-15,5.612792801807277e-16]"
16.99999999999997,sqp_rti,0,"[0.06203401140974324,0.9051332207987315,0.08163663914399985]",1.7587058467733587,0.009384490549564362,"[-2.980232227667301e-09,0.06201087466809235,0.1371860472865734,0.19621058349747927,null,0.005588924268075168,0.031558104312962965,null,0.7736784496473603,0.46460166595081703,0.29531285794837886,0.32413695642713664,0.3241579979873393,0.3228270622035197,0.3368011708224657,0.3909743339100345,0.5191221439434031,0.5579296517399086,0.6039477367937145,0.5443582473978388,0.4920985601000936]","[null,3.846012499214022e-11,3.843151955263773e-11,3.8441173468476904e-11,3.848596850825549e-11,3.846824210355361e-11,3.842123075226035e-11,3.848596850825796e-11,3.848596850825461e-11,3.8435719116035955e-11,3.8427251184385046e-11,3.844913050026906e-11,3.848378149197151e-11,3.8472992278479225e-11,3.844039491046566e-11,3.8450654152941743e-11,3.843404608471096e-11,3.8434764416551445e-11,3.8485968508259796e-11,3.848596850825225e-11,6.37849253474908e-12]"
17.099999999999973,sqp_rti,0,"[0.06080911336794916,0.43359351898175813,0.07098171869791894]",1.7658487645971963,0.00883297249674797,"[-2.980232227667301e-09,0.022139088046640165,0.11718931304276553,0.10581766690298339,3.7877922698908995e-05,0.05432213663817437,null,0.026059566658223343,0.050270807282374375,0.1722634712338305,0.4101153196856558,0.15784167380296737,0.1982311602873999,0.35175305958136677,0.42126645426124726,0.3715755965076973,0.36393979621863154,0.39231384073424974,0.5544622036712041,1.152404679749872,0.8395655448615826]","[null,8.689483899823766e-12,8.695128996735246e-12,8.694031127113638e-12,8.706520189246241e-12,8.690306350682581e-12,8.702274086223291e-12,8.722305462185128e-12,8.677546365598413e-12,8.68474506555583e-12,8.693537759852096e-12,8.717766220986418e-12,8.69413829307744e-12,8.673566448962796e-12,8.682562744639266e-12,8.716244235818562e-12,8.748019811039652e-12,8.81410225762753e-12,8.675079125108068e-12,8.733860667669156e-12,2.151063131858119e-12]"
17.199999999999974,sqp_rti,0,"[0.06192906959516528,0.17799954321978317,0.08552194877161728]",1.7733732783036829,0.008675727993249893,"[-2.980232227667301e-09,0.026204651330902717,0.057784764915424,0.14729729691802335,null,null,0.07813154939724393,0.4441109595185296,0.19009355505800302,0.19123085674648516,0.2941007534174627,0.1717793932261767,0.22098731150467438,0.3435985834414062,0.4211696311628373,0.40323790722971325,0.32465978122989797,0.2882771616397875,0.4507108393515214,0.8539793699325233,0.9254103772198305]","[null,1.4218597552349377e-13,1.4210675993149417e-13,1.4215098934713502e-13,1.4229318568645822e-13,1.4229318568652284e-13,1.4221014943870317e-13,1.421184716628898e-13,1.4208261326836398e-13,1.421080618045194e-13,1.4226569348315923e-13,1.4284825595086672e-13,1.4199286302683198e-13,1.4213650926753896e-13,1.4213443900857434e-13,1.4213683109994712e-13,1.4216626213248488e-13,1.4251312156543114e-13,1.4240744024360272e-13,1.4224774869962607e-13,1.8593629690805037e-14]"
17.299999999999976,sqp_rti,0,"[0.0928075582783984,0.6495221171904448,0.10209606248487302]",1.7812228819594556,0.008692212402820587,"[-2.980232227667301e-09,0.022519071753135667,0.12593582622938088,2.6547103404439554e-10,0.04256567563447505,0.5397127846183138,0.05256995298529149,0.04728151162947364,0.09402319884348814,0.14532919964254704,0.130440292880661,0.21216689626097535,0.2690082279332778,0.2992396898327108,0.311054541556495,0.30669875285248765,0.31059141016776054,0.34290143281460567,0.4947648940017942,0.8737292259606508,0.8527020403700447]","[null,1.3689078388141065e-14,1.371925895078089e-14,1.3717953888473565e-14,1.3671218360312283e-14,1.3686803551894856e-14,1.3685105000174036e-14,1.368442583915709e-14,1.3671384617770212e-14,1.3734570059402065e-14,1.3689425849777614e-14,1.3738286264896683e-14,1.3681315325143646e-14,1.3669314896576382e-14,1.3665583602157093e-14,1.3669183421368508e-14,1.3698878044527495e-14,1.3726444723391602e-14,1.37184114324531e-14,1.3720950200348364e-14,1.761684084902395e-15]"
17.399999999999977,sqp_rti,0,"[0.047022632719761974,0.3240123718151202,0.09372269022108874]",1.7896662690092835,0.009210407733917236,"[-2.980232227667301e-09,0.06019889394313688,0.09486631392081507,0.04987680511935083,0.00037110682667590433,0.002481844329422389,0.002758654573459751,0.04291105026900449,0.14766131207759942,0.0666031061002233,0.11022683196723265,0.14553255292095885,0.17399498378165817,0.24088618506604825,0.30025195320412196,0.3171152767425543,0.3289968262142871,0.40764122129512687,0.5548992601539167,0.5623140376892894,0.4423341998717348]","[null,4.678262838319034e-15,4.667569184762403e-15,4.674963459581468e-15,4.666723862036915e-15,4.677722656753871e-15,4.66510186338732e-15,4.676120370784394e-15,4.66021137657869e-15,4.677314532457082e-15,4.682404106782214e-15,4.682617797393718e-15,4.673864589079804e-15,4.677271405890119e-15,4.669121637578381e-15,4.673302841975799e-15,4.672844720294617e-15,4.678735715638955e-15,4.675549590790552e-15,4.686060234795177e-15,6.229739278533147e-16]"
17.49999999999998,sqp_rti,0,"[0.08273320935988435,0.3388047929922765,0.09892925809179552]",1.794878461825729,0.00953584909439087,"[-2.980232227667301e-09,null,0.056043617011213354,1.3168021237019989e-05,0.0010157981394081639,0.06093619042949766,0.053499580015061,0.09684585730633516,0.1911120503686668,0.24101605823449007,0.34240207164175446,0.5374707762080895,0.38706380872131946,0.251569246339529,0.23590794715787738,0.1719583521198203,0.19696417216333623,0.24694142754232545,0.5448873555514158,0.5401520436758733,0.536675025254749]","[null,1.2626831728928796e-15,1.262102244252414e-15,1.265286124126172e-15,1.268151517230387e-15,1.26312592627237e-15,1.2620693081111583e-15,1.2527874494238563e-15,1.2635281856130465e-15,1.2628285509421298e-15,1.2628481787651494e-15,1.2623101775931504e-15,1.263180738028874e-15,1.2618355643086983e-15,1.262712323907351e-15,1.2610786629772406e-15,1.262715172814316e-15,1.2666940587503774e-15,1.2662181248785397e-15,1.3027400638587986e-15,2.676687722539303e-16]"
17.59999999999998,sqp_rti,0,"[0.052489041820007715,0.15238764491688195,0.1042552818558153]",1.8036430851923984,0.010095156729221344,"[-2.980232227667301e-09,0.010371445406579138,-9.645153120629857e-09,0.01855924595400965,0.13838896845922372,0.17463677383536408,0.3558106917895845,0.49281673080845395,0.13697760938204057,0.30650808683695346,0.37683622334580563,0.40408979378292004,0.4648378982837443,0.5307570493710851,0.5474241492236807,0.6176805620226318,1.1936369210890916,0.808422168751801,0.5909297015399744,0.48736756699537126,0.5137778703549649]","[null,1.134749979593043e-12,1.140464052992859e-12,1.1377603963479928e-12,1.1357397153178517e-12,1.1352951737105331e-12,1.1380160302476433e-12,1.1348110944147783e-12,1.1404619374952575e-12,1.1404619374952478e-12,1.1404619374952123e-12,1.1404619374952575e-12,1.1404619374952478e-12,1.1404619374952543e-12,1.1486150416259183e-12,1.1365632220646086e-12,1.134835692269645e-12,1.1333207636716697e-12,1.1388448121456553e-12,1.1632544141182125e-12,1.684116308808541e-13]"
17.69999999999998,sqp_rti,0,"[0.10222755337677486,0.3360557975806977,0.10940626097503373]",1.8093601441873823,0.010406162589788437,"[-2.980232227667301e-09,2.208962171429407e-06,0.28973585191523626,0.09135335274809081,0.20666831602167762,0.19899311718630558,0.22354650431616624,0.2279870536777338,0.28895177938571664,0.37443863421331686,0.5644628315899325,0.7268540885043009,0.7383331251700482,0.7746714465869899,0.7955909894682278,0.7559377445901887,0.7712147374221814,0.777125235604706,0.8173363465680701,0.8193771305884432,0.7359375661417011]","[null,1.966657674235767e-13,1.9599917317807806e-13,1.960575148191576e-13,1.9571512922704067e-13,1.960922931951643e-13,1.95868934632304e-13,1.9597061208697027e-13,1.960042001990407e-13,1.959401270373682e-13,1.9590653652889414e-13,1.9569353819262237e-13,1.9633112375585016e-13,1.9633112375585016e-13,1.9633112375585177e-13,1.9597155396459358e-13,1.962068798633101e-13,1.962843633288965e-13,1.965640201427062e-13,2.0654733530760246e-13,3.098099780786102e-14]"
17.799999999999983,sqp_rti,0,"[0.054485613585662035,0.16280746978065097,0.11307284995833512]",1.8198361686941757,0.008913062512874603,"[-2.980232227667301e-09,0.06644365598606045,3.4434466389399176e-09,0.00555436156828143,0.033368870830158326,0.07725296550364452,0.07252759667800285,0.1530528847733102,0.26407497889838966,0.3729201245888241,0.4084376923645124,0.4370846553947228,0.45733111115641806,0.47242560473040457,0.534080655733139,1.005692776031222,1.290736935540903,0.7626392077802222,0.7190808064704306,0.7798282583638627,0.845328255183939]","[null,5.921529691776382e-14,5.932103976678869e-14,5.926144461480331e-14,5.914044969612658e-14,5.93513346784935e-14,5.923458581938282e-14,5.925716800063947e-14,5.930775794963583e-14,5.908830888120855e-14,5.909712011122119e-14,5.928107720215708e-14,5.932242177412484e-14,5.926911086279661e-14,5.924321381285508e-14,5.922408651132142e-14,5.918490362457838e-14,5.971057649392321e-14,5.970701793546464e-14,5.941980596327312e-14,8.457809634598997e-15]"
17.899999999999984,sqp_rti,0,"[0.12788726350179708,0.15233194121701893,0.10081438891311645]",1.8327777352412298,0.010010845959186554,"[-2.980232227667301e-09,-2.980229479865315e-09,0.006925360393118585,0.03278059321138632,0.10352532596599923,0.07101379203200225,0.13391029393601955,0.17543295430107692,0.24774694609756126,0.43274919205728396,0.5932584815097222,0.7083056991047953,0.9004907056878977,0.8545861486446065,0.7570229075440149,0.7344510470464847,0.7794273833008318,0.7874631783469572,0.7439440917798279,0.7457538751801251,0.7635194028639869]","[null,3.0764304788287467e-15,3.0704975623167e-15,3.047406853902017e-15,3.0524703547155285e-15,3.0691683518559495e-15,3.0347201474448398e-15,3.0453819334644754e-15,3.0705362376050667e-15,3.047122779212743e-15,3.038980300061799e-15,3.043771882296609e-15,3.0764304790516978e-15,3.0488292343583567e-15,3.063928564743365e-15,3.036055455790593e-15,3.0899064439115388e-15,3.242633724784643e-15,3.0764304790533134e-15,3.076430479054929e-15,1.0182749636972962e-15]"
17.999999999999986,sqp_rti,0,"[0.11972522155969016,-0.0896010758625132,0.13447998515635673]",1.8398711979195683,0.010830126702785492,"[-2.980232227667301e-09,0.0005315681262830219,0.0060848154363435936,0.030241417979942675,0.04074873365987558,0.11313836889030143,0.2132336495990515,0.3591535956815662,0.4792782958843496,0.5341200029113622,0.6246305982594691,0.7157043064717044,0.7827001180073239,0.9335746377857752,2.2994778839039443,1.0049878141501736,0.9182824545579924,0.9529997824675103,0.9882602483191014,1.0201045154386683,1.0659897699043446]","[null,1.1804792463646221e-11,1.1795827322142823e-11,1.178987904526022e-11,1.1796358772169657e-11,1.1772596647448657e-11,1.1796513738213965e-11,1.1766133531323103e-11,1.1770523158889699e-11,1.1824476079917074e-11,1.1831010068423695e-11,1.1771361223769598e-11,1.1765503098382378e-11,1.1789860632365748e-11,1.1801775262746421e-11,1.1801775262732288e-11,1.1801775262733902e-11,1.18017752627349e-11,1.1801775262732363e-11,1.1801775262732364e-11,1.440243775322053e-12]"
18.099999999999987,sqp_rti,0,"[0.2374266594933514,-0.5621876130298852,0.18183506376148637]",1.8580890534625687,0.010457102209329605,"[-2.980232227667301e-09,0.0011096483798671009,0.034328103067242044,0.03870513220130328,0.1008862726375071,0.15964211620878715,0.1878343832093961,0.1936209167359813,0.21850612192840196,0.2346244833726548,0.2363238143362068,0.2487435446631288,0.36170236617515245,0.6754471855907809,1.2504759758106914,0.9141072072529937,0.7286894245105742,0.7505641564120651,0.7758259065625743,0.8101423292927634,0.9155335770033941]","[null,2.983586927237712e-15,2.983020428966596e-15,2.9825965002290598e-15,2.9830773494568977e-15,2.987017233468417e-15,2.9805893588755623e-15,2.9813489442174685e-15,2.9773870089020624e-15,2.9885878655429094e-15,2.983016227630639e-15,2.986305882545065e-15,2.9856218156556147e-15,2.9833549223369205e-15,2.981258475425406e-15,2.9831812336289245e-15,2.9853958107982538e-15,3.0152963812147075e-15,2.98574796228392e-15,2.98574796228392e-15,4.004859516046877e-16]"
18.19999999999999,sqp_rti,0,"[0.11819558921499909,-1.1999999991783994,0.12019518313476141]",1.8733859883904314,0.009350314736366272,"[-2.980232227667301e-09,6.221727930327825e-06,0.013663101936549904,0.06075135308854557,0.09835082902483344,0.19327755998124446,0.41271862829351563,0.487415241082865,0.5033582221641033,0.48163235889118,0.5389069423267656,0.5759191133910402,0.5773270993412687,0.6171642853269581,0.6897115666448677,0.7336809961042483,0.7586971345518847,0.6048136677501545,0.5426609938979972,0.5469476663057644,0.6524018276992958]","[null,3.0229564440150626e-14,2.969179647842907e-14,2.9627770987666406e-14,2.990440484900083e-14,2.97506978055435e-14,2.9485621436207045e-14,2.951216651433455e-14,2.967365155620734e-14,2.9721737999851544e-14,2.964795771285418e-14,2.9691028686208255e-14,2.964614857632501e-14,2.956244511683935e-14,2.9481294753674754e-14,2.973600986897874e-14,3.098942231077981e-14,2.999807726383195e-14,2.999807726377056e-14,2.999807726377056e-14,8.82789138269034e-15]"
18.29999999999999,sqp_rti,0,"[0.10736109081175105,-0.8363368066537347,0.10519856494381595]",1.88653810584163,0.007833439856767654,"[-2.980232227667301e-09,-2.980232227667301e-09,0.0001830341204985264,0.48501926107662713,0.5425833330550318,0.538589662079503,0.6154066641667206,0.66456338733622,0.700846072558005,0.7123415844714998,0.7691321917848029,1.1762522372075466,1.4774155733293355,0.7991329586645051,0.7215248758376911,0.7382017855453824,0.767103593986868,0.7876612859828629,0.8279024365497232,0.8701006142251317,0.9129071898149446]","[null,1.9419800172452433e-16,1.9408241842367028e-16,1.936483294266699e-16,1.9419800173583344e-16,1.9419800153550064e-16,1.941980016922126e-16,1.9355579899840609e-16,1.9370028623552886e-16,1.9368564352148395e-16,1.9398670754411234e-16,1.9419800174391138e-16,1.9419800184730896e-16,1.941980017536049e-16,1.9419800171159964e-16,1.941980017422958e-16,1.9419800175845166e-16,1.9419800183923102e-16,1.941980017778387e-16,1.941980017778387e-16,2.352494378286802e-17]"
18.39999999999999,sqp_rti,0,"[0.15172234588379327,-0.3531996960290131,0.11996276094425772]",1.8957828963068677,0.007221974432468414,"[-2.980232227667301e-09,0.0704234572962335,0.1772415745225125,0.23340617854123807,0.2581476110639869,0.2686638034999909,0.2732571416317107,0.2763510303187971,0.28796289711364836,0.4243171048320285,0.6686086858621934,0.9613836469812866,0.8870445570668835,0.6355331252205729,0.6371477184125787,0.6750817281637722,0.7009086329953582,0.714707518913994,0.7304568855705618,0.8103646624106664,1.0003283686743536]","[null,1.8658787608545696e-17,1.8699025670490222e-17,1.8716629066653157e-17,1.8679245758962956e-17,1.8735046632373393e-17,1.8747950939952355e-17,1.8761221051849885e-17,1.87478392259012e-17,1.877632253103394e-17,1.8667647927537362e-17,1.8688586242378393e-17,1.8665382383426483e-17,1.8715255756310634e-17,1.8649043642757507e-17,1.8639615514282793e-17,1.880495745629289e-17,1.8785453536790506e-17,1.8883178739032903e-17,1.9914735859990814e-17,4.484941126465293e-18]"
18.499999999999993,sqp_rti,0,"[0.09697393229283999,-1.0122830237029323,0.0928499747281289]",1.9082212318827108,0.007389582693576813,"[-2.980232227667301e-09,0.15166322496609724,0.19342562865094665,0.24392642635750478,0.3168880070445031,0.33557401845406504,0.3470566541134808,0.4196556478179801,0.7322885562155974,0.8210507622108689,0.6602018052396808,0.6432145747349451,0.6928877650497796,0.7222700914714053,0.7361448848438357,0.7497139232829724,0.4401546812319193,0.2033970843329332,0.31183606359693955,0.5333691810173675,0.8878684227188625]","[null,2.9401779168676455e-15,2.940677651601439e-15,2.943156351593006e-15,2.9401383361166287e-15,2.9381955211593174e-15,2.937540473787688e-15,2.9387609667767635e-15,2.9388962260757163e-15,2.9353867031147877e-15,2.973144135198542e-15,2.9326078222163147e-15,2.9302195784854074e-15,2.9341155338016048e-15,2.9599921864511457e-15,2.958478727687169e-15,2.958478727688936e-15,2.958478727680151e-15,2.9584787276710256e-15,2.958478727676554e-15,5.68081960231492e-16]"
18.599999999999994,sqp_rti,0,"[0.09746270732569275,-0.6024904522668351,0.09134114497993848]",1.9177285527943524,0.008487388491630554,"[-2.980232227667301e-09,0.032763679672066115,0.08588645274528944,0.12244185848962524,0.136124406663847,0.13151927223538423,0.14769257270078812,0.20099307991614596,0.3097204599891022,0.4448058435116707,1.6515570820521617,0.7029603456811742,0.5460708207349032,0.5153609409523063,0.502918128606759,0.4894168123329255,0.44187583899625765,0.4339949667716326,0.5008821411320425,0.5602205140693719,0.6498374256945183]","[null,8.440092054584968e-15,8.463412451722013e-15,8.473732749681123e-15,8.46855884220731e-15,8.466902426956567e-15,8.454997354124868e-15,8.44454637002985e-15,8.44277426974347e-15,8.455235643165707e-15,8.469178342134424e-15,8.46917834222029e-15,8.469178342005367e-15,8.469178341983708e-15,8.469178342201446e-15,8.469178341476262e-15,8.469178341478029e-15,8.469178341469244e-15,8.469178341460119e-15,8.469178341465647e-15,1.0385954540516275e-15]"
18.699999999999996,sqp_rti,0,"[0.1502054337533394,-0.18713634975301197,0.10740441906131137]",1.9289298160445592,0.009468179196119308,"[-2.980232227667301e-09,0.044473652794892626,0.09089414676624125,0.11550421427389673,0.1291162927570218,0.13562843481413261,0.13667631272536768,0.1657200180242107,0.26318822799503466,0.4349895585137887,0.6977936107449281,0.6302055213258242,0.5350336992418903,0.5958093176691477,0.6428601669754996,0.6684777632944445,0.6734905750475171,0.6805018506902687,0.7479073482228447,0.9054111344335023,1.1573681896519925]","[null,1.1592334484148778e-15,1.1516945725890316e-15,1.1611723892538925e-15,1.1604338517832744e-15,1.1630395178689145e-15,1.1621163486440719e-15,1.1620409360972654e-15,1.160929467972012e-15,1.159311351343939e-15,1.1584639901264059e-15,1.1584726498772473e-15,1.1562741778570406e-15,1.1575429298327778e-15,1.1564564373228259e-15,1.1647807589072658e-15,1.1654141973326358e-15,1.159379703575824e-15,1.1722968629419868e-15,1.2018276357292109e-15,2.514860143574732e-16]"
18.799999999999997,sqp_rti,0,"[0.10323473232559024,-0.9437623251997054,0.08011184012574929]",1.9407226943745952,0.010013788938522339,"[-2.980232227667301e-09,0.11861166819816377,0.23389421084997758,0.30165161457520534,0.3357705196957717,0.4409237256787371,0.6700798656389686,0.5200827343386754,0.384199345017793,0.4098072575588663,0.5005596012052382,0.5517576142348222,0.5780599254644538,0.5857829365513243,0.6052491235756594,0.4235585215558338,0.16044783581655403,0.25391747975521,0.4716073585332275,0.8373111347369473,0.791111124373505]","[null,7.220242373375478e-16,7.238319506079548e-16,7.209628351808354e-16,7.211293805966605e-16,7.242552499769382e-16,7.200404136020837e-16,7.209396494628823e-16,7.278643646496597e-16,7.201864222392892e-16,7.208430563332534e-16,7.212739268918991e-16,7.233176472399363e-16,7.24991536607699e-16,7.225520045054847e-16,7.268014148592385e-16,7.268014148585821e-16,7.268014148582792e-16,7.268014148592511e-16,7.268014148579132e-16,1.8381298579515244e-16]"
18.9,sqp_rti,0,"[0.0865589394980581,-0.4424228711861743,0.08065261052380036]",1.9472415756388342,0.013441041111946106,"[-2.980232227667301e-09,0.010202879483594274,0.023327282642272185,0.0233581509535295,0.022642755973466155,0.04662607853958428,0.12378359142651868,0.3143950485291967,0.7998173036094556,0.6211284374984529,0.3218602271129967,0.2670757113274263,0.26771122481377746,0.28085847147098947,0.27632092951249804,0.24168896050550331,0.23177448380016302,0.2890127635920699,0.37622595938704323,0.49900309517899616,0.6329252373968515]","[null,2.849324590962798e-13,2.845830962183195e-13,2.8474886763935693e-13,2.8493149916580076e-13,2.850043612469929e-13,2.847741955197417e-13,2.847028167614861e-13,2.848610737078075e-13,2.8501780310093777e-13,2.850178031009378e-13,2.8501780310093646e-13,2.8501780310093964e-13,2.8501780310093293e-13,2.8501780310093096e-13,2.85017803100936e-13,2.8501780310093535e-13,2.850178031009383e-13,2.85017803100936e-13,2.850178031009379e-13,4.121029762036868e-14]"
19.0,sqp_rti,0,"[0.11184145503025597,-0.1596837000477152,0.11328662115318036]",1.956291281702103,0.015253186225891113,"[-2.980232227667301e-09,0.0015489816444250737,0.010873432840931951,0.01997335518291271,0.02468240831701568,0.03354980129031332,0.04923006118429091,0.10467882202637285,0.22363424185664443,0.37688302054907724,0.3921395596215554,0.4914025548508015,0.5718169685600045,0.6208274570275101,0.6400472680845908,0.6328384573369774,0.6457751180638744,0.7088692215530121,0.804745310213957,0.9527987729329979,1.1438060761345141]","[null,1.413291831482543e-13,1.3832443147173993e-13,1.3733043723583907e-13,1.3787345832537154e-13,1.384545220962119e-13,1.3757012750992524e-13,1.3697543470125568e-13,1.364778336901362e-13,1.4247227791173891e-13,1.3597300966506968e-13,1.350972396403926e-13,1.3579717660113275e-13,1.3574850341091015e-13,1.3860874727964675e-13,1.3676853283977065e-13,1.3765531838761423e-13,1.3810847679572538e-13,1.3815189106639088e-13,1.3755558002713912e-13,4.736869593177067e-14]"
19.1,sqp_rti,0,"[0.09159705436229715,-1.0608335092223193,0.090004447894691]",1.964840433918188,0.016057010740041733,"[-2.980232227667301e-09,0.007148184269337554,0.05141660493455352,0.19592456924983354,0.23149558651631424,0.18466246267922443,0.19504545158345615,0.2698828703540464,0.32285488610514596,0.35424503799874146,0.38771988236789295,0.4174742649908028,0.44472245262532334,0.4893729317968017,0.3665099644604986,null,0.14439888107271487,0.5043446417431141,0.44515118716020724,0.440123325656775,0.5808065818357615]","[null,4.426583956381138e-17,4.429118518961254e-17,4.423899181149077e-17,4.42600287307264e-17,4.42625378065612e-17,4.4336443864687257e-17,4.427196111706478e-17,4.4233120808033934e-17,4.427628238224543e-17,4.435384643625077e-17,4.44197854993088e-17,4.433436744616663e-17,4.410618392891359e-17,4.440395095628536e-17,4.440395093548468e-17,4.440395090897895e-17,4.440395096360599e-17,4.4200967249663306e-17,4.692656785009527e-17,1.0320815480521594e-17]"
19.200000000000003,sqp_rti,0,"[0.09330295421249973,-0.5010591581894414,0.08139079757263204]",1.9735986003103048,0.0219624862074852,"[-2.980232227667301e-09,1.2669404639981119e-05,0.00015663457905223943,0.013515762405041987,0.16398867858495053,0.6072118198984355,1.343171456137587,0.4421015440138916,0.10254848271357703,0.07548248301086319,0.07055369799351469,0.08170977375413174,0.10242433788628241,0.10835774736106246,0.02409824574793734,0.011187214728990702,0.05504612633296163,0.0954441684457617,0.12024793162035224,0.10639957615400314,0.07655756407036513]","[null,2.486671766369873e-13,2.4835398969387587e-13,2.4752342210765085e-13,2.4708354981851016e-13,2.4715219399352085e-13,2.4729880939947966e-13,2.472988093994933e-13,2.4729880939955333e-13,2.4729880939967035e-13,2.472988093995153e-13,2.4729880939966904e-13,2.4729880939959467e-13,2.4729880939963966e-13,2.472988093995343e-13,2.472988093995135e-13,2.47298809399487e-13,2.472988093995416e-13,2.4729880939964274e-13,2.4729880939959296e-13,5.338923041157503e-14]"
19.300000000000004,sqp_rti,0,"[0.17302139776723516,-0.08212602779037798,0.13725504370347338]",1.9877779350657734,0.024961039423942566,"[-2.980232227667301e-09,8.947371619438815e-07,0.00012528138258649513,0.0038269423535762237,0.03312873441625169,0.08449853042923366,0.16920299584891724,0.27597268109928025,0.39017254395126316,0.48302805850395175,0.5498149991436534,0.5907076450119966,0.6081492211023132,0.6207755401273409,0.6556665064358753,0.7129082529115418,0.7910923456548244,0.8926131923908354,1.044458388897939,1.4564197390260858,1.823772311166661]","[null,1.8835372996839576e-14,1.8940827183113096e-14,1.8959285185104556e-14,1.8775985783077488e-14,1.8799134981570156e-14,1.8860759103382055e-14,1.879193590930348e-14,1.878222218424041e-14,1.8783798997759383e-14,1.878408200100586e-14,1.8811029883130725e-14,1.892822383799298e-14,1.8829741033717224e-14,1.8829741033717275e-14,1.8829741033717275e-14,1.8825665200456622e-14,1.883278748925319e-14,1.88044209118741e-14,1.8829741033717174e-14,3.5115048007193302e-15]"
19.400000000000006,sqp_rti,0,"[0.11083323642812298,-1.199999990736902,0.09137265293944549]",2.0004579440433536,0.02557804435491562,"[-2.980232227667301e-09,0.005105575751553626,0.03267190717634866,0.09186185505878847,0.1586781993730853,0.22353110597280218,0.2482217464756678,0.27875341812873505,0.3193301966117626,0.3747202421490908,0.4321343744462414,0.5021020906199289,0.418910652281366,0.5718708233251817,0.41747646073080774,0.3021484890380169,0.3401489779538103,0.4427984792098421,0.497816685301914,0.5686427015154478,1.0188234684829325]","[null,1.2813879692247256e-12,1.279969021126674e-12,1.2794605973360315e-12,1.2794588955460131e-12,1.2794507859452068e-12,1.2795129930500594e-12,1.2797099444560735e-12,1.2796470209498404e-12,1.282612900482233e-12,1.2802512731517997e-12,1.279385335422904e-12,1.2812470183797754e-12,1.2812470183796704e-12,1.2791243450325534e-12,1.2803979697846522e-12,1.2815110514754203e-12,1.2804256583381184e-12,1.282056865744321e-12,1.2871972992899834e-12,1.6592465846250705e-13]"
19.500000000000007,sqp_rti,0,"[0.12943510460128382,-0.5483056735662565,0.12360876712885213]",2.007665354245028,0.025034695863723755,"[-2.980232227667301e-09,5.7155433011713e-06,0.051583787847861384,0.3464619182490381,0.39748857162815626,0.12517688431198054,0.13086992000991132,0.14051120798377498,0.16160051863157038,0.20195274359823473,0.24856580162030611,0.32192160736198333,0.4322067428719663,0.5752083601518592,0.706629051946362,0.7576564125521965,0.7182593735006442,0.5300261768096417,0.38515625572619144,0.4193779288112907,0.460144901044157]","[null,9.294326362359124e-17,9.254338751445775e-17,9.255755127598381e-17,9.283461172044443e-17,9.283461172044443e-17,9.283461172044443e-17,9.283461172044443e-17,9.283461172044443e-17,9.283461172044443e-17,9.283461172044443e-17,9.283461172044443e-17,9.283461172044443e-17,9.283461172044443e-17,9.283461172044443e-17,9.250133518712528e-17,9.237656232971842e-17,9.226598758364347e-17,9.282847047348679e-17,9.259723351780577e-17,1.9332641229590964e-17]"
19.60000000000001,sqp_rti,0,"[0.17283874598923032,-0.06449945084137604,0.1315665795829957]",2.0233941025020736,0.02201852761209011,"[-2.980232227667301e-09,0.0030974785748273947,0.07040815908701498,0.1987779297283641,0.32910068742898063,0.43484310808836996,0.5077508183965989,0.5466529137202378,0.5577621607770211,0.5657534589802544,0.5870181037875326,0.6161214062115306,0.5841317838243156,0.6689044699308979,0.7653350252754059,0.7494690296340962,0.724852299558951,0.7314499512681436,1.2390002305633174,2.333959332765585,1.926405365047242]","[null,8.790982562499319e-15,8.76739159786172e-15,8.771278065211364e-15,8.785840605035107e-15,8.771602830883966e-15,8.753072213467922e-15,8.750055515119466e-15,8.753108471989802e-15,8.915908660008876e-15,8.867573084962332e-15,8.816005430999987e-15,8.816005430999987e-15,8.816005430999987e-15,8.816005430999987e-15,8.781698305400215e-15,8.811257506934018e-15,9.068053752398388e-15,8.748662668874267e-15,8.768012962059572e-15,3.2001333842922864e-15]"
19.70000000000001,sqp_rti,0,"[0.08638700373195954,-1.1177954848573,0.08168443522626417]",2.034977426296422,0.02183433622121811,"[-2.980232227667301e-09,0.027535894736670674,0.1150411516727477,0.20497192277421733,0.2799995657657551,0.3248681244622354,0.33561748406298514,0.30330485549242675,0.25942360852853935,0.29051521010642284,0.3579866558836365,0.4836899170031586,0.5975947661329613,0.6382652683741099,0.5585699167190696,0.5679315718296862,0.7103354843185314,0.9250650728971663,1.0522346052639306,1.0371714760292299,1.0014229349814847]","[null,1.9396337903499878e-13,1.9384654320489853e-13,1.9387549926652264e-13,1.93864760927206e-13,1.9374052156932903e-13,1.9388795020346172e-13,1.9584219977554805e-13,1.9477875816197608e-13,1.9397670898191954e-13,1.9368769560842325e-13,1.941295222816002e-13,1.9409163764237157e-13,1.9407700814238023e-13,1.9407700814238023e-13,1.94077008142378e-13,1.940770081423772e-13,1.940770081423768e-13,1.940770081423774e-13,1.940770081423766e-13,3.7717254108796734e-14]"
19.80000000000001,sqp_rti,0,"[0.05095219484584379,-0.5531052351500289,0.08252931852718562]",2.0367994131956664,0.01716064289212227,"[-2.980232227667301e-09,-2.980232227667301e-09,-2.980232227667301e-09,-1.7975203825404407e-09,0.13651287899535874,0.4584521780515843,null,0.23737011139358516,0.19859385731448925,0.04274538099657549,0.3832948536462311,0.42293368075411025,0.503565004923648,0.5967551155756297,0.6877172764251618,0.917517442204433,1.6581832937183207,1.2759202442882838,1.0712160438976894,1.0061327607470474,0.9967079763385172]","[null,7.41429683487856e-13,7.414296834878752e-13,7.414298424967789e-13,7.389326368692785e-13,7.414296835062363e-13,7.414296835061668e-13,7.414296835063042e-13,7.414296835062113e-13,7.414296835062145e-13,7.414296835063211e-13,7.414296835062161e-13,7.414296835062428e-13,7.414296835062282e-13,7.414296835062282e-13,7.41429683506226e-13,7.414296835062252e-13,7.388520384964955e-13,7.389413045011274e-13,7.433359855379921e-13,1.2552625420316483e-13]"
19.900000000000013,sqp_rti,0,"[0.0305206538723252,-0.2711888151342588,0.0707779125788896]",2.050838148100954,0.014838676899671555,"[-2.980232227667301e-09,3.7106507033701774e-09,8.039510205143374e-06,0.0007461207796369274,0.025844864293600278,0.40950807108751236,0.4918448898296404,0.5009943639098153,0.5108031651807294,0.5147676970470314,0.524796443823395,0.5691032538661076,0.6677629522694335,0.8085028787652904,1.0011904640041098,1.5967432778077437,0.954453052156407,0.5630706917448876,0.5809014271170898,0.7249308866863597,0.9148565896085068]","[null,9.305966841219327e-15,9.323891338645357e-15,9.329144986830332e-15,9.352173751691154e-15,9.326978795744011e-15,9.28144518268264e-15,9.313868941262393e-15,9.313736118141901e-15,9.421711663672492e-15,9.35491181324053e-15,9.307980608627795e-15,9.321125557220292e-15,9.317094263952743e-15,9.302254960961457e-15,9.305943764034574e-15,9.305943764033766e-15,9.305943764033362e-15,9.305943764033968e-15,9.305943764007311e-15,1.2803405869249181e-15]"
20.000000000000014,sqp_rti,0,"[0.20552958524728943,0.11369652385540885,0.11951387895436989]",2.058168523346928,0.013715721666812897,"[-2.980232227667301e-09,-3.0508365833625817e-09,0.12885372131955536,0.17553528134965718,0.08420144069324459,0.31573056680100536,0.4232705409174969,0.20051531624760238,0.25409854342721944,0.1709450649546989,0.17390808874616043,0.1653864452348664,0.2031807458316351,0.30934573690718,0.39748736353338715,0.4055824698854778,0.5636301664675478,0.798831549290189,0.6663355344100121,0.6429627077277738,0.6794742446220572]","[null,3.289229214827762e-16,3.2715839934090737e-16,3.2825563133858684e-16,3.270354709597494e-16,3.2708001171818696e-16,3.2992007497912007e-16,3.269868166887721e-16,3.274820509315824e-16,3.2765301323577013e-16,3.274008223618949e-16,3.271653877282993e-16,3.264763399248472e-16,3.262634639931485e-16,3.262311090139763e-16,3.268792410053595e-16,3.2655286357380735e-16,3.2663701437150886e-16,3.342265678827586e-16,3.3038561017490805e-16,7.54456434667637e-17]"
20.100000000000016,sqp_rti,0,"[0.14523173006044995,-1.0478678014371139,0.1022564637587711]",2.0732004027144253,0.013958130031824112,"[-2.980232227667301e-09,0.058671699478478,0.051933078474452554,0.19495811655987155,null,0.008499961765502217,0.06478259367895306,-2.980232227667301e-09,0.12527677814792143,null,0.09903861397238672,0.09080555153129027,0.09416655314693473,0.005090661703118393,null,0.009590761389021651,0.04996743845734458,0.14114014596051377,0.2767548600925405,0.5075117103248139,0.3780483924121512]","[null,9.379381286970341e-14,9.369756985377964e-14,9.406814425790274e-14,9.422750531942117e-14,9.374416987447252e-14,9.366807032132327e-14,9.422750531487319e-14,9.389554691028098e-14,9.422750531941264e-14,9.378779806290405e-14,9.361298076305123e-14,9.359617912326512e-14,9.392705408502595e-14,9.42275053193931e-14,9.374921259669958e-14,9.404438193012263e-14,9.414790345641868e-14,9.38085946078717e-14,9.356659600488549e-14,1.4177194783040105e-14]"
20.200000000000017,sqp_rti,0,"[0.07260630991210659,-1.028861594361026,0.06898370715609653]",2.0887301051308556,0.012958366423845291,"[-2.980232227667301e-09,0.18816627106473477,0.22690282507570175,0.19539712449684715,0.05775846236984422,0.0034977072960369893,null,0.20477347640132565,null,0.2231173082806322,0.06124555928770975,0.19503505973898144,0.23599920020987214,0.26026665351532047,0.40939205214295954,0.4459318982061234,0.192838228967198,0.20082520964418632,0.2224465715757578,0.26087013389664443,0.3153662443786292]","[null,1.8540044338306487e-13,1.8624898980290986e-13,1.8473219384651958e-13,1.846775436545746e-13,1.8476847716040518e-13,1.8627784702059925e-13,1.8461217213324888e-13,1.862778470203915e-13,1.8451780753646285e-13,1.8463477520663796e-13,1.8447895645005996e-13,1.8439910491940106e-13,1.844128097010079e-13,1.846610795703347e-13,1.8449272113758748e-13,1.855098853331752e-13,1.845749049525468e-13,1.8488981642353285e-13,1.8552305797410486e-13,2.6919025974529447e-14]"
20.30000000000002,sqp_rti,0,"[0.0362641853365983,-0.9642899095456039,0.05199782586327034]",2.0952799632183345,0.012103717774152756,"[-2.980232227667301e-09,-2.980232227667301e-09,0.05323286549651557,0.1387237675476996,null,0.13408993773660144,0.26774946982631037,null,0.09843084062375312,0.005480021172618532,0.12035294989764794,0.10713003379126002,0.16333384378501742,0.1983970589804585,0.2680559837340955,0.30061030626404844,0.39225766892405717,0.4732589362040088,0.5633923790177888,0.6490255572137797,0.7211677742386697]","[null,5.4451275359481365e-12,5.414674171434305e-12,5.42825158299291e-12,5.445127536197313e-12,5.4157465381893e-12,5.432671135624781e-12,5.445127536196901e-12,5.4264108592257184e-12,5.40394012498677e-12,5.420037253095291e-12,5.413066426427701e-12,5.410849533638527e-12,5.433225766862217e-12,5.415506650814992e-12,5.444078717097531e-12,5.427229659699485e-12,5.418045425095236e-12,5.407564539299554e-12,5.4451275361975064e-12,9.080611816368938e-13]"
20.40000000000002,sqp_rti,0,"[0.0684978954835881,-0.6755131993311552,0.07353511246817376]",2.1001320324401553,0.011103224009275436,"[-2.980232227667301e-09,-2.980232227667301e-09,2.1669808470126117e-06,-2.9802322831784522e-09,0.20759527649017856,0.2465824534571766,0.0553058805785554,0.2821203013055367,0.3610544684776585,0.23173178405616285,0.2802601890824093,0.22944114812408573,0.3064232960078897,0.6334401907434397,0.4387032915935805,0.3907735855798194,0.41910147229785794,0.46493790763101545,0.5197982029048489,0.5907850914208097,0.9379683102020351]","[null,6.67466802500697e-15,6.7002039576852995e-15,6.674668024862375e-15,6.5307912178517404e-15,6.552357246671207e-15,6.586959597500515e-15,6.581190700817019e-15,6.559600112564111e-15,6.548455684846138e-15,6.596885527964072e-15,6.711894106436247e-15,6.653989925705184e-15,6.525295897181018e-15,6.5344971927288826e-15,6.582338242414284e-15,6.576737771064313e-15,6.588669776975138e-15,6.5863471335701635e-15,6.864520854680912e-15,2.2055255748842546e-15]"
20.50000000000002,sqp_rti,0,"[0.0789855463441115,-0.777340897987826,0.07289517571893046]",2.1092397251046897,0.010553531348705292,"[-2.980232227667301e-09,0.060133105864505876,0.15240203451260187,0.2135216436134087,-2.980232227667301e-09,0.06593917754695583,0.00797062526369069,0.05409978552527123,0.239541012169817,0.3327102988212765,0.4140169341866347,0.471211305004174,0.5677191717939258,0.4559928380977503,0.4178725768919918,0.4568871734211058,0.49908416197731925,0.5418039342849184,0.5803995197484582,0.6252855674610529,0.8483775279491861]","[null,7.798282217525225e-13,7.823027894222712e-13,7.89895137867942e-13,7.880447954866767e-13,7.808494192362906e-13,7.798506514036638e-13,7.803749125705323e-13,7.817788873801211e-13,7.792210636557516e-13,7.780040971112834e-13,7.782044678421107e-13,7.804166304607428e-13,7.957721813340002e-13,7.773311032442421e-13,7.780704190001807e-13,7.787496248805256e-13,7.85060869562567e-13,8.023410184066683e-13,8.314134178488382e-13,2.3108891052790394e-13]"
20.600000000000023,sqp_rti,0,"[0.039445384102557324,-0.8345832236790841,0.08474767142029851]",2.1134267466650805,0.010220929980278015,"[-2.980232227667301e-09,0.11085226595835423,0.1895622063557994,0.21969205232042271,-2.980232227667301e-09,-5.196797991935398e-10,null,0.010327077711050958,0.011941952753729279,0.09236102497005022,0.18583659486313736,0.2724444672953979,0.9023643615755474,0.5537059739346375,0.54434613512785,0.5550097742549951,0.6182563712201954,0.7640274487266197,1.4479334840753324,1.0714946816783282,0.5581656753260347]","[null,3.1973396730982076e-13,3.178945414130225e-13,3.1739148484513775e-13,3.193930702317477e-13,3.1939307542060324e-13,3.193930702258775e-13,3.2200556287191545e-13,3.213338398497713e-13,3.175413803214236e-13,3.177140010629317e-13,3.183416986272116e-13,3.175091985919983e-13,3.1695027509989896e-13,3.1639912405609407e-13,3.1834774835171304e-13,3.214997232939578e-13,3.208540430285231e-13,3.1764114900759784e-13,3.1824521692067033e-13,7.345168875235278e-14]"
20.700000000000024,sqp_rti,0,"[0.10331943106585657,-0.8251912558790799,0.07497996601344113]",2.122886832791728,0.009821571409702301,"[-2.980232227667301e-09,-2.980232227667301e-09,0.061108645727881605,0.18235471473228843,0.2085405328346724,0.2992541895845278,0.20123648155656043,0.28345225993808115,0.33507664154894884,0.426818563183528,0.6965548985318122,0.38847014316168044,0.3177335911045461,0.3268261917391307,0.34460382152345376,0.37196724509481954,0.40735088784191015,0.45091898689293136,0.5941431100017638,1.0492886451981434,0.7698614478664367]","[null,4.439570296936679e-17,4.4078434619902365e-17,4.4200867585304707e-17,4.4140482991037e-17,4.428750287748082e-17,4.406861166272019e-17,4.4064742471282805e-17,4.4003001705515085e-17,4.48700279967235e-17,4.402373280733389e-17,4.574025063902682e-17,4.4066187793304244e-17,4.4027318822697415e-17,4.408362952094435e-17,4.431696346429652e-17,4.466307011841794e-17,4.523783118552967e-17,4.4174913672368384e-17,4.574563108540437e-17,1.919546445144666e-17]"
20.800000000000026,sqp_rti,0,"[0.059939641509312865,-0.7119240966562401,0.11206192099117859]",2.1291288260281855,0.00990307331085205,"[-2.980232227667301e-09,0.10272613276952997,0.15116744721974557,0.11338814989450868,0.19205741738026633,0.19713505508222512,0.18406622851470616,0.19685727973603379,0.20643631659745126,0.2338769532482033,0.7553375156997049,0.6975571379255967,0.47630828853772017,0.4739237837401163,0.5013620481744254,0.5624672688223853,0.6645833122680045,1.0648233537474112,1.3932315893908054,0.6417252249864667,0.7378259622525174]","[null,3.0232156569420354e-14,3.023824861342222e-14,3.052425390440092e-14,3.0246060725944717e-14,3.0273112555827634e-14,3.028167708340776e-14,3.0242874739553747e-14,3.0238798839353514e-14,3.026088302319232e-14,3.022437488045054e-14,3.021211755683351e-14,3.021511365609623e-14,3.0220064763457247e-14,3.023794753385118e-14,3.02702010968897e-14,3.028961673555575e-14,3.022486261867924e-14,3.0212413533887624e-14,3.0394565722946934e-14,3.69500520214424e-15]"
20.900000000000027,sqp_rti,0,"[0.11505843922026897,-0.9495340152444334,0.09577760135675098]",2.139250513080257,0.010099455714225769,"[-2.980232227667301e-09,0.003660082745462756,0.11284983425966716,0.1558860824100961,0.26060738376546483,0.3108085862236017,0.3331808735118929,0.45812727350673016,0.5964359568503681,0.45141393641835564,0.3808874156377094,0.4124968387576374,0.4306835294834713,0.4490869513436458,0.47121525760281885,0.4996039917242346,0.5284696059606577,0.9012534425569825,1.1041114147267563,0.696612478519328,0.5890592104327481]","[null,3.642122008302383e-16,3.639883597214557e-16,3.635200719000725e-16,3.633631582347611e-16,3.6330144253644335e-16,3.632920421191124e-16,3.6350222667308334e-16,3.642556232677507e-16,3.6387790727815406e-16,3.632979072432457e-16,3.632105734657047e-16,3.6330442080023884e-16,3.635479470223764e-16,3.6409521625069145e-16,3.6483621527963435e-16,3.6258080434663653e-16,3.6434774239257184e-16,3.6394409111371955e-16,3.640101850984066e-16,5.0032611736897444e-17]"
21.00000000000003,sqp_rti,0,"[0.14115122562736826,-0.7337896556298353,0.11144242341690191]",2.1553279767775235,0.011017858982086182,"[-2.980232227667301e-09,0.08872263561223975,0.11268622729577232,0.12480705011089982,0.1486771076902869,0.1607218162790332,0.15920432260139422,0.16711554555853497,0.4637137327609622,0.3592386039124989,0.27517832144820603,0.2811056233318297,0.30872444799675663,0.36297227614373356,0.45032231499840664,0.7364144033961508,1.0706621407235815,0.6042102234648092,0.6521170631114976,0.7580048752085744,0.7513542952007704]","[null,8.239781060579727e-15,8.233508517465295e-15,8.23374330164488e-15,8.233696922828316e-15,8.230468123753114e-15,8.23102842566394e-15,8.237954670404315e-15,8.221521851239872e-15,8.22352302469245e-15,8.228107826747383e-15,8.23021189418671e-15,8.237830236070978e-15,8.241179380869133e-15,8.241227853246708e-15,8.227366427894956e-15,8.2262303799307e-15,8.233394085161625e-15,8.224295162087369e-15,8.242564506631758e-15,1.0091124012879345e-15]"
21.10000000000003,sqp_rti,0,"[0.10972358339416147,-0.6871177602904972,0.13017817844234622]",2.1617026456158572,0.012416895478963852,"[-2.980232227667301e-09,0.09319760741463484,0.15741196364729576,0.20955820185449509,0.24435363005853433,0.3280804929054895,0.4157927359030083,0.30039710676448844,0.26656298142960183,0.27857716260756576,0.2909018131798902,0.3086408331294777,0.336516267639216,0.37811400738044815,0.40960775976585967,0.6292943985020798,1.3040816019374801,0.8569309110888461,0.6047561681492659,0.6281208553550044,0.6828808239664077]","[null,1.3365765887372413e-14,1.3411138266457044e-14,1.3377052164471153e-14,1.3376098920756149e-14,1.3364241826444479e-14,1.3417894037341414e-14,1.3465215024073386e-14,1.3393745010668638e-14,1.3384010699038766e-14,1.3384380466682976e-14,1.3385694463966269e-14,1.3404535766561962e-14,1.3436770394185797e-14,1.3302785284594586e-14,1.3451115040712256e-14,1.3385990181181871e-14,1.338837220173975e-14,1.3382086319072532e-14,1.3386809862208252e-14,2.1607031607660344e-15]"
21.20000000000003,sqp_rti,0,"[0.14802769511999625,-0.8041732394885086,0.13874402937128288]",2.1746165089022567,0.01420031487941742,"[-2.980232227667301e-09,0.012896924686068456,0.05134110033968292,0.08652268323715157,0.10980717303743087,0.17607089763135236,0.13211645679654077,0.1235581611461754,0.13825612226796907,0.1555973042808148,0.18145492842045458,0.21519043850019132,0.25590996215887146,0.3048235539163258,0.37968039167099193,0.43629056027854746,0.45020903535344275,0.4766604919741198,0.508639277299008,0.5330607192062018,0.5729790479088102]","[null,1.4387156463339732e-13,1.4377177657860525e-13,1.4333935341309837e-13,1.4416971329066351e-13,1.4397799527521665e-13,1.4361574974297475e-13,1.4314981667645323e-13,1.4320881929002098e-13,1.4331116705224672e-13,1.4338201155756107e-13,1.4341241320971074e-13,1.4337389363881454e-13,1.4345769600491208e-13,1.4371871589252758e-13,1.4410145205588894e-13,1.4422865839007408e-13,1.4336536123617806e-13,1.4373063897860009e-13,1.4662858294084718e-13,2.076544127280522e-14]"
21.300000000000033,sqp_rti,0,"[0.14633319217066476,-0.5367933091340791,0.1362049566441853]",2.1880395438998557,0.0171213336288929,"[-2.980232227667301e-09,0.010417149696696992,0.031790641877048664,0.03736481211895076,0.044087320624559834,0.041939685369738744,0.049842357395296244,0.07451368353468518,0.1106425190514429,0.16883148425298772,0.2526106892483753,0.3593888546466431,0.4804223550291596,0.5796081113290981,1.6744151979983968,0.8636132808905905,0.6601126184296102,0.7001095918622935,0.7703047107302561,0.8406795840137524,0.9107242497323098]","[null,1.4523477930680079e-13,1.4523100283428868e-13,1.452323888562918e-13,1.4523692777917028e-13,1.4523369177346615e-13,1.4523767465830712e-13,1.4523100757767795e-13,1.4523120891351215e-13,1.452329452952421e-13,1.4523310840344735e-13,1.4523179394356532e-13,1.4522860494794944e-13,1.453038848047043e-13,1.452367188301289e-13,1.452367188301289e-13,1.452367188301289e-13,1.452367188301289e-13,1.452367188301293e-13,1.452367188301289e-13,1.457647945877296e-14]"
21.400000000000034,sqp_rti,0,"[0.1583522820734713,-0.24947084089861987,0.13993199918180288]",2.2030149459945627,0.018370570614933968,"[-2.980232227667301e-09,0.00045347303720463805,0.005181223240188493,0.009438445995550826,0.008849525933610825,0.009612965488722314,0.009361020544519871,0.009123633564045275,0.012733945360341725,0.022795889076656917,0.04456242022063145,0.08777837111956882,0.1645281847420496,0.42593169154306737,1.1295350463949319,0.5830731704265968,0.5872037726688724,0.6136096196125223,0.64847075604833,0.7080001222613432,0.9494986798795295]","[null,2.14095872182547e-16,2.1322108465517602e-16,2.133309302185189e-16,2.1300230892783438e-16,2.130119016860643e-16,2.1317869277928978e-16,2.1339861555370554e-16,2.1325489708281522e-16,2.1291945644447888e-16,2.1269731354799518e-16,2.1295164599383945e-16,2.136701707993813e-16,2.1378079109128094e-16,2.1188849899137256e-16,2.1339015968333395e-16,2.1197639065700025e-16,2.144796564385876e-16,2.1301695249006254e-16,2.2263530034669496e-16,9.782086798310702e-17]"
21.500000000000036,sqp_rti,0,"[0.1583980056391501,-0.8861465237148369,0.12975482122371323]",2.2177216234831163,0.01679629273712635,"[-2.980232227667301e-09,3.1804734138274338e-06,0.00031961634189264787,0.0031631138089423527,0.010620062279326714,0.01746238645369652,0.020520714408120366,0.02759993372376429,0.04074597287098386,0.06438245284963956,0.10032178413908072,0.1448617020198782,0.196648995558175,0.24112833337702427,0.3052753196134333,0.3663658678862703,0.4195122721138745,0.460325925243162,0.4926206053802041,0.5079851932946375,0.6109656479074299]","[null,1.8881345803294829e-13,1.899848997713859e-13,1.9138065840997266e-13,1.8548684486479213e-13,1.8434787586543216e-13,1.8425486319904974e-13,1.8476754219660633e-13,1.8708802376173994e-13,1.8809511741744453e-13,1.8569762256601756e-13,1.8521935271475095e-13,1.8501130161704942e-13,1.873063703323586e-13,1.8596310050932224e-13,1.8569932512092096e-13,1.8530316085086544e-13,1.844351795518162e-13,1.8160546960347518e-13,3.1465125860923724e-13,9.545267251532982e-14]"
21.600000000000037,sqp_rti,0,"[0.1477012805871788,-0.4645369703008398,0.14109242099881272]",2.227828131296225,0.020036466419696808,"[-2.980232227667301e-09,-2.2259343812613963e-09,-8.333217144107508e-09,1.307234557601511e-06,9.393458706374869e-05,0.003829988622318592,0.06944400961985481,0.31008703746746563,0.5016895854951968,0.2942450533226946,0.1938345042558794,0.20235357175848706,1.0188935895536957,0.5010473820452119,0.3290452978037884,0.4222514436765373,0.5308823312777384,0.6259198536633448,0.6497717732785915,0.6263535335813983,0.6176481338667485]","[null,9.537256924498589e-12,9.537266393631918e-12,9.541181770934098e-12,9.586437620258813e-12,9.513378275435471e-12,9.489756431234108e-12,9.515751750632066e-12,9.537256922023241e-12,9.537256922025849e-12,9.537256922028923e-12,9.537256922027319e-12,9.537256922024167e-12,9.537256922025595e-12,9.537256922027434e-12,9.537256922024441e-12,9.537256922025369e-12,9.53725692202755e-12,9.537256922025424e-12,9.537256922023824e-12,1.8750989554513034e-12]"
21.70000000000004,sqp_rti,0,"[0.1588910483139082,-0.15806865569247724,0.14157514787631517]",2.2425870114423647,0.022048741579055786,"[-2.980232227667301e-09,-2.9777790511165136e-09,-7.029629961463613e-09,-3.2068138700047655e-09,6.344249148249048e-08,3.7231317283892285e-06,0.0001010754187049101,0.0016513873877533058,0.016180414791210407,0.07369728327353614,0.20145705935065622,1.002514464802897,0.5277770082212114,0.4963315513223819,0.5503698777691965,0.6024949818251428,0.6522032127095911,0.7003710777984409,0.79874754479452,1.2610678759760077,1.742574197627644]","[null,1.7145136160242666e-14,1.714513639121185e-14,1.7145195309126842e-14,1.7146237176584933e-14,1.7268921911735493e-14,1.735642543853517e-14,1.754892508488764e-14,1.7036474122354585e-14,1.714178214696558e-14,1.7004959576589897e-14,1.7092253101698254e-14,1.709346524304467e-14,1.7047404964021046e-14,1.700397733221827e-14,1.7038258030854124e-14,1.7013944763890584e-14,1.7040811448282826e-14,1.704322125623582e-14,1.7084365524620098e-14,4.436434058279885e-15]"
21.80000000000004,sqp_rti,0,"[0.23340559383601753,0.04534726003510467,0.18766095992721593]",2.26306976905982,0.02251962386071682,"[-2.980232227667301e-09,-2.980232227667301e-09,-2.9800871215179825e-09,-2.9553194891285273e-09,3.1424136903712707e-09,1.3698665792261089e-06,0.00011689465310812941,0.001427307333479677,0.007647021588368663,0.026787605965201078,0.07588043093002456,0.15495302677680983,0.24321205070225532,0.35060135213341753,0.46963700303988604,0.5844023857331304,0.6140318804514109,0.5806336877547167,0.5469683957570879,0.6012334293992161,1.7382013620500174]","[null,3.213231034871639e-15,3.213231034871639e-15,3.2132310348902183e-15,3.2132315658383896e-15,3.21515980164081e-15,3.2396805174458527e-15,3.2325813978955446e-15,3.2356824672908088e-15,3.2265133699566985e-15,3.2114091541993717e-15,3.1332078850766085e-15,3.197459011421076e-15,3.2089207906007775e-15,3.231730344495084e-15,3.24079310369421e-15,3.233956818810101e-15,3.2217129025387204e-15,3.2587307498808692e-15,3.187971662349e-15,6.035997837561618e-16]"
21.90000000000004,sqp_rti,0,"[0.20577349067718892,-0.8686949255916327,0.17073138966087792]",2.28036567003056,0.021542979404330254,"[-2.980232227667301e-09,-2.980232227667301e-09,-2.7920012413140682e-09,1.6882321574041015e-07,0.0001585809797566562,0.005200916879641693,0.025549009710812254,0.062395443128805905,0.08706387529456344,0.1177932141755072,0.14739968586791258,0.18463236013505196,0.21610667588298754,0.23879397618660098,0.32206650409907206,0.588862388923858,0.5619939050704417,0.43937758459972615,0.3051479214714277,0.28586419539528746,0.2755912785998394]","[null,1.6180119743770977e-14,1.6180119745166844e-14,1.618143528996168e-14,1.6211646433738554e-14,1.6267031697787836e-14,1.615700543314288e-14,1.620668972482837e-14,1.6137021006255548e-14,1.615803209818292e-14,1.6172322332189902e-14,1.616644941788769e-14,1.608764320215424e-14,1.6340596926391777e-14,1.610328493651092e-14,1.617560498543565e-14,1.6166289536619035e-14,1.6226808899257348e-14,1.616097566794346e-14,1.618375587429439e-14,6.166022192608061e-15]"
22.000000000000043,sqp_rti,0,"[0.13899379791465616,-0.4073507972756089,0.13797182259858454]",2.293134402001101,0.01922565884888172,"[-2.980232227667301e-09,2.328018777753016e-09,0.00016203541638792895,0.0036406104596296562,0.03431908789667376,0.1265185574410424,0.3382983759431795,1.261255944394361,0.5712679525673863,0.5215340988655484,0.4623336205057356,0.4091503209104957,0.3625383571540624,0.31979481696543105,0.2794409092380306,0.2603332980407281,0.2355247693401175,0.2227844809383342,0.366844750819557,0.3346707749856506,0.41838625564908477]","[null,2.1406953834942807e-12,2.148027576879304e-12,2.143199743896722e-12,2.135807451217861e-12,2.1416423953945717e-12,2.1387001593841365e-12,2.13823539018845e-12,2.13949638428539e-12,2.140694764444163e-12,2.1406947644440467e-12,2.1406947644441614e-12,2.1406947644441024e-12,2.140694764443915e-12,2.1406947644439182e-12,2.1406947644440596e-12,2.140694764444084e-12,2.1406947644439433e-12,2.1406947644440475e-12,2.1406947644439513e-12,3.378665976690227e-13]"
22.100000000000044,sqp_rti,0,"[0.14993357135578278,-0.1158974226487346,0.1277929398297432]",2.308346922099491,0.017078137025237083,"[-2.980232227667301e-09,-7.166082671705709e-09,9.052850551083402e-06,0.00039883187507644413,0.0032193114646055787,0.018026940584181805,0.06737983203278902,0.3495155041666152,0.35970695212205045,0.3504055414459664,0.4307852108756734,0.4784275677769159,0.50226621713512,0.5112818567071151,0.5270011946539774,0.5529540957324002,0.6902353982176421,1.1943314526257296,1.6760338339906766,1.8178269548031494,1.602755317217231]","[null,2.6149947571117635e-17,2.6215041381352998e-17,2.6362204048540954e-17,2.6424362035243137e-17,2.613236436287714e-17,2.6062204953904363e-17,2.6109210173586563e-17,2.6130966325052144e-17,2.608497357807478e-17,2.608996574716527e-17,2.6067836489583607e-17,2.6057491312035757e-17,2.612047316093452e-17,2.611878657036168e-17,2.609443283710865e-17,2.6102475040433577e-17,2.6100930149777076e-17,2.6149945845670576e-17,2.6149945845670576e-17,4.211698620827195e-18]"
22.200000000000045,sqp_rti,0,"[0.19051275100141832,-0.9052544861750572,0.13558426220552752]",2.326422562233247,0.017696283757686615,"[-2.980232227667301e-09,2.557608722503213e-06,0.00021342181657746373,0.0006336158487708632,0.0016212631520133858,0.008643016881283716,0.024204697823089927,0.03478298009919689,0.06446755839191948,0.10908769563593917,0.16355804266835522,0.224860201864521,0.2893693089117029,0.35302931426534984,0.4132800243969779,0.4121034878920263,0.4127785404789626,0.4724340729758943,1.4689816046399755,0.9289469918520055,1.0037755075706272]","[null,1.1561965669453513e-14,1.1512665199403905e-14,1.1491059770344966e-14,1.1485899878368948e-14,1.1441670961929985e-14,1.1541036386977153e-14,1.146142234207285e-14,1.1455104995309017e-14,1.1461809392189007e-14,1.1452473543605685e-14,1.1448040111840146e-14,1.1463595223803094e-14,1.1488271574720812e-14,1.1495976732766679e-14,1.1567036224666852e-14,1.150912712170587e-14,1.1538629467311464e-14,1.146447373349378e-14,1.1500068385520252e-14,2.537966188266926e-15]"
22.300000000000047,sqp_rti,0,"[0.13045596284286798,-0.6334923320157106,0.09858464423965926]",2.341352358344829,0.013642632402479649,"[-2.980232227667301e-09,0.00735163385233123,0.13760073603416317,0.3553231846462353,0.7342950021048977,0.602428029583806,0.48320306894510595,0.48083118385475104,0.4992280967774761,0.5395642505189329,0.570192948970832,0.5792255296372566,0.5829237688567914,0.6014184239609797,0.5693934084305539,0.49935526773307687,0.39256392078048635,0.38375571403365855,0.4285322523526574,1.4600574370635797,1.143387210135313]","[null,2.2630881006175493e-16,2.2588229419122195e-16,2.2592172007924425e-16,2.258842183704363e-16,2.2586846476872584e-16,2.2579151853307507e-16,2.25973706915027e-16,2.259942573801499e-16,2.2571247663199763e-16,2.2641976461136243e-16,2.2641976461136243e-16,2.264197646113561e-16,2.2641976461136243e-16,2.2641976461136874e-16,2.2575773778708695e-16,2.2591865955175245e-16,2.2581517971342445e-16,2.272638567357375e-16,2.2641976461136243e-16,3.011255106186865e-17]"
22.40000000000005,sqp_rti,0,"[0.11527258491604114,-0.4049076452572856,0.12250344870383943]",2.3467301980135633,0.012116378173232079,"[-2.980232227667301e-09,0.004054931663016126,0.13313055492501463,0.1224665356896793,0.08499942417658418,0.026120673374097347,0.04852708477207274,0.10361285170305196,0.1770356813792276,0.25425423522152785,0.3137985554225409,0.3429602584237415,0.3317299118566808,0.2703527458010491,0.38812676732312285,0.5874401373968261,0.760206855653135,0.5326928230471466,0.6573353209584105,0.43138457858043183,0.5242639871469172]","[null,4.787312513831899e-16,4.776516696488022e-16,4.776277289758103e-16,4.78218334596502e-16,4.8090713276797475e-16,4.78051863035747e-16,4.778378790396465e-16,4.773347149992042e-16,4.779400894770657e-16,4.779148313968958e-16,4.778498266469362e-16,4.783699921076974e-16,4.820801003384869e-16,4.778389795452462e-16,4.786515782009251e-16,4.786515782009125e-16,4.786515782009377e-16,4.786515782008936e-16,4.786515782009567e-16,7.15393499349597e-17]"
22.50000000000005,sqp_rti,0,"[0.1005118782025531,-0.1420412313915007,0.08180880499699503]",2.359710513355896,0.006730237510055304,"[-2.980232227667301e-09,0.07473241069283604,0.08450032321836859,0.12939736177339684,0.06292808113499576,0.08954742851022673,0.14001689010049462,0.18600227299316147,0.21219911177335576,0.2226369248827254,0.25168707127831597,0.3250765920485364,0.44501807761044604,0.4814947390334055,0.46180585622786624,0.5332735912096325,1.821441919260178,1.2502617899346002,1.7671806783044175,0.5617756622251491,0.5621944738840605]","[null,4.786641241578356e-17,4.819228072322855e-17,4.8198500163663146e-17,5.129767845302196e-17,4.785888436051164e-17,4.781874351935017e-17,4.789203035601579e-17,4.7892878510186827e-17,4.792237316885166e-17,4.773253930509403e-17,4.900863936579905e-17,4.779688085127822e-17,4.794740313108438e-17,4.7718860863753114e-17,5.0047635534777216e-17,4.814886805216754e-17,4.848724194164369e-17,4.803186740639551e-17,4.8420732781778327e-17,3.141313619307686e-17]"
22.60000000000005,safe_stop,4,"[0.0005118782025530927,0.0,0.0]",2.354450203808221,0.002924854401499033,"[-3.12650477729548e-09,0.30455088172832917,0.04742302548198013,0.1498753687698809,0.04389943857395623,0.02153667706294443,0.009388676275060182,0.010147799091290655,0.05200641956544133,0.13776649481232256,0.2103262983543715,0.25995277067384565,0.2943453256212443,0.27371242488592956,0.15358898436358787,0.13891734154819063,0.2504224036352632,0.309065821407472,0.1732144598767345,0.29763681314180773,0.45120386722596423]","[null,null,null,null,null,null,null,null,null,null,null,null,null,null,null,null,null,null,null,null,null]"
22.700000000000053,sqp_rti,0,"[0.005421851098113019,0.08526667019313436,0.012096334199549252]",2.357867599856312,0.0029090000316500664,"[-3.2218829548735783e-09,-3.2218829548735783e-09,-3.2218829548735783e-09,-3.2218829548735783e-09,-3.2218829548735783e-09,-3.2218829548735783e-09,-3.2218829548735783e-09,-3.2218829548735783e-09,-3.2218829548735783e-09,-3.2218829548735783e-09,-3.2218829548735783e-09,-3.2218829548735783e-09,-3.2218829548735783e-09,-3.2218829548735783e-09,-3.2218829548735783e-09,-3.2218829548735783e-09,-3.2218829548735783e-09,-3.2218829548735783e-09,-3.2218829548735783e-09,-3.2218829548735783e-09,-3.2218829548735783e-09]","[null,1.2664562385464273e-11,1.2664562385465928e-11,1.2664562385464273e-11,1.2664562385465928e-11,1.2664562385465928e-11,1.2664562385464273e-11,1.2664562385464273e-11,1.2664562385465928e-11,1.2664562385465928e-11,1.2664562385464273e-11,1.2664562385465928e-11,1.2664562385464273e-11,1.2664562385465928e-11,1.2664562385462619e-11,1.2664562385464273e-11,1.2664562385464273e-11,1.2664562385465928e-11,1.2664562385464273e-11,1.2664562385464273e-11,3.1878580927326935e-12]"
22.800000000000054,sqp_rti,0,"[0.013614412926138974,0.2617582803361138,0.03316157280723757]",2.3573517055515385,0.0032318509183824062,"[-2.980236418759219e-09,-2.9806382362274064e-09,-2.9802322554228766e-09,-2.980232227667301e-09,-2.980232227667301e-09,-2.980232227667301e-09,-2.980232227667301e-09,-2.980232227667301e-09,-2.980232227667301e-09,-2.980232227667301e-09,-2.980232227667301e-09,-2.980232227667301e-09,-2.980232227667301e-09,-2.980232227667301e-09,-2.980232227667301e-09,-2.980232227667301e-09,-2.980232227667301e-09,-2.980232227667301e-09,-2.980232227667301e-09,-2.980232227667301e-09,-2.980232227667301e-09]","[null,5.77316431652507e-17,5.77316431394013e-17,5.77316431394013e-17,5.77316431394013e-17,5.77316431394013e-17,5.77316431394013e-17,5.77316431394013e-17,5.77316431394013e-17,5.77316431394013e-17,5.77316431394013e-17,5.77316431394013e-17,5.77316431394013e-17,5.77316431394013e-17,5.77316431394013e-17,5.77316431394013e-17,5.77316431394013e-17,5.77316431394013e-17,5.77316431394013e-17,5.77316431394013e-17,1.69606126869605e-17]"
22.900000000000055,sqp_rti,0,"[0.02650183366346274,0.22609749460658488,0.05113115218706755]",2.359032587270948,0.0043576681055128574,"[-2.980232227667301e-09,-2.559293693638054e-09,2.3269129040270897e-08,1.1969710514425635e-07,4.507434312461811e-07,1.0670180417560182e-06,2.2030357475499862e-06,1.5362870096458092e-05,4.891838326831488e-06,3.1176574884772545e-06,4.590789410952034e-06,9.173919388455465e-06,2.2731873493803123e-05,6.413870334492922e-05,0.0002097985228918242,0.0008322593132009115,0.003188909732572409,0.009608786558946758,0.022316431629836597,0.04185238865720892,0.06654910675004971]","[null,4.0383769285674804e-17,4.0387217465606414e-17,4.0412621164494894e-17,4.0442612620318096e-17,4.045996268196761e-17,4.0485074528271525e-17,4.083172256160254e-17,4.053472609623881e-17,4.0470340502857395e-17,4.0478217233305203e-17,4.0512567989117696e-17,4.0599812272824964e-17,4.078259487684399e-17,4.124067001296072e-17,4.129806483156681e-17,4.0642497073641733e-17,4.031643466416267e-17,4.0576929064348766e-17,4.2847711026957186e-17,1.1212573717231673e-17]"
23.000000000000057,sqp_rti,0,"[0.06239444053815283,0.33597882552279035,0.03011025607478518]",2.373590467557291,0.004986089654266834,"[-2.980232227667301e-09,1.5837664557649678e-05,0.0008767718097162924,0.004635902104172029,0.013245990410642616,0.06312790339233915,0.02174300900542009,0.01912153723130744,0.021717505458444475,0.02624894625879365,0.03279415584636497,0.04147728215499741,0.052355741514095666,0.06535371616154323,0.0802571957943144,0.09667751814619835,0.1139623050764314,0.13128247034641732,0.1476803285959079,0.1621778479989729,0.17368782424720736]","[null,2.464711071536419e-15,2.4594037726559193e-15,2.4566902658007617e-15,2.4569042684641574e-15,2.45525430192623e-15,2.4580207522563705e-15,2.4562785166008465e-15,2.45615197270017e-15,2.4562651457795327e-15,2.456356712214873e-15,2.456427207009713e-15,2.4564599780500554e-15,2.456437736852455e-15,2.4563953749009533e-15,2.4564104193906925e-15,2.4566557017238843e-15,2.457907130609366e-15,2.463993815792923e-15,2.447812103530125e-15,3.1334014542932143e-16]"
23.10000000000006,sqp_rti,0,"[0.05937551861472484,0.36203789964440886,0.04424544838553388]",2.3786434568599475,0.005476787220686674,"[-2.980232227667301e-09,0.020318703041380115,0.12191256679046775,0.055240816861318376,0.02990633147416305,0.02751137894358352,0.028820232563469272,0.0334181804013845,0.042561633760290374,0.05813219372484185,0.08071072500862614,0.1087967125573826,0.13963808083056933,0.17025809946188702,0.19814538719301994,0.22143637090268414,0.23890437908088985,0.24983089612922244,0.253893211529946,0.25104516236686863,0.24149979278223271]","[null,4.461443953828847e-12,4.4582859743054495e-12,4.4663178621781034e-12,4.4587171668098935e-12,4.45785465091584e-12,4.456241904806746e-12,4.456797898989703e-12,4.460778063059939e-12,4.464224562712983e-12,4.464144364027175e-12,4.461679606777659e-12,4.46340069873632e-12,4.4614787674157544e-12,4.46112228013137e-12,4.4609184426375144e-12,4.4610268482410835e-12,4.462473567462655e-12,4.473082995802074e-12,4.5351737438309045e-12,5.898106734897119e-13]"
23.20000000000006,sqp_rti,0,"[0.07342500319706713,0.3459916342825152,0.07339034176583636]",2.3828211935236485,0.006476385984569788,"[-2.980232227667301e-09,0.04901329162376272,0.03097756825078407,0.030467051294899516,0.04126702665500731,0.05809995885736968,0.08149107457343946,0.11108942806493333,0.14528648002513905,0.18146113002198377,0.21690531308556588,0.24946042724000678,0.2778521348657577,0.29926751116008604,0.3112817699847142,0.31330356255214015,0.30530529786236543,0.29362227096119115,0.3357687278945292,0.5167807835931171,1.04771358882152]","[null,4.704671884257393e-12,4.7072714392068044e-12,4.703374304389632e-12,4.704681433580858e-12,4.7048946320403244e-12,4.705662875416936e-12,4.706745896080064e-12,4.707399417526535e-12,4.707499238278065e-12,4.707205649613472e-12,4.706640273736034e-12,4.705872342527452e-12,4.701914951452387e-12,4.7125767818764836e-12,4.707619490111272e-12,4.711373407581653e-12,4.702993959573388e-12,4.708152684910947e-12,4.710151424364216e-12,8.031857429622156e-13]"
23.30000000000006,sqp_rti,0,"[0.0818654954749952,0.4191800679301707,0.10277179361044005]",2.386803772874032,0.008625227957963943,"[-2.980232227667301e-09,0.009082883186381008,0.020515150594864917,0.033237455804805915,0.049990327772498955,0.07322521982130042,0.10273546344707257,0.13461216937819814,0.16415018865040737,0.1879780123075861,0.20458456805844777,0.21413173359160426,0.21800952445067595,0.21650070832254614,0.21214500937406627,0.20986076828619532,0.21232830724080004,0.21588536096793903,0.2313568072692121,0.2758172102985455,1.6836276452895766]","[null,2.723777423787565e-13,2.712911362537995e-13,2.709372558410746e-13,2.709255195734938e-13,2.711509696451533e-13,2.7131393473953657e-13,2.7122561636993677e-13,2.7104804209178926e-13,2.709281560922907e-13,2.708611640418616e-13,2.7080677925149175e-13,2.7079063268283844e-13,2.7088035303330963e-13,2.704653072896494e-13,2.7158160750713546e-13,2.7043755922881937e-13,2.7055303467269104e-13,2.7179162454330636e-13,2.751476210606072e-13,9.931842154773619e-14]"
23.400000000000063,sqp_rti,0,"[0.08724367567904776,0.18918279780495895,0.07571134782065354]",2.402069424283429,0.011068761348724365,"[-2.980232227667301e-09,0.0028999194966584096,0.012273694638198773,0.027386992563443624,0.05282710272927177,0.08537766228740368,0.11662758024732228,0.14124916143420735,0.15792247924804742,0.16789044024472305,0.17366208679644474,0.17792181469569074,0.18229035723519332,0.18554253813841087,0.18309361407625852,0.21309193753415273,0.26743628420737836,0.2772707607734162,0.4630883537033597,0.30473595709204276,0.2192150136982572]","[null,2.05878224895977e-12,2.060802290587746e-12,2.0618244913440504e-12,2.0652217484814072e-12,2.0639532503406253e-12,2.0629552640877643e-12,2.062359840586906e-12,2.0620894805670498e-12,2.06187567607096e-12,2.062540991462558e-12,2.0615302173514294e-12,2.0616820950566432e-12,2.078968290481239e-12,2.058505003711011e-12,2.0617715634360584e-12,2.0607182617206993e-12,2.0641748152101567e-12,2.0644071669277456e-12,2.082112560071486e-12,2.58819557791148e-13]"
23.500000000000064,sqp_rti,0,"[0.08412799928970262,0.26012907529816726,0.10228897271909256]",2.4060500751326432,0.011974576860666275,"[-2.980232227667301e-09,0.005158041117821643,0.028465262143502923,0.05994149787951458,0.09580054997629334,0.1302517956781884,0.15854144883978166,0.1785555322753652,0.19026899001572134,0.1953068925516533,0.1965215717454754,0.19778226659336867,0.19991040361594586,0.20544312043069085,0.22053044458895316,0.23604878823612624,0.25381904493607693,0.3556817036688987,0.2262504514373223,0.2141740940632218,0.21574700946239106]","[null,1.8690421588451525e-14,1.8703730588023112e-14,1.87318804601305e-14,1.8740543889474132e-14,1.873868980551759e-14,1.8734489523762828e-14,1.8731482422820242e-14,1.8728192356097502e-14,1.8720303187037555e-14,1.8709686354644294e-14,1.8672512834420273e-14,1.885035081603454e-14,1.8730937308279888e-14,1.868480079938365e-14,1.8777820147617974e-14,1.8725028136215527e-14,1.8874149438057872e-14,1.892806564377332e-14,1.8908416928426378e-14,3.2721797955774693e-15]"
23.600000000000065,sqp_rti,0,"[0.08606246407866365,0.025822346230199772,0.0804825020959626]",2.420965741799234,0.012967735528945923,"[-2.980232227667301e-09,0.0020108330344633107,0.01574501802356104,0.04327024016586806,0.07937210349607399,0.11445334989683859,0.14185679463395645,0.15976617673939303,0.1699995017195633,0.17530376310648138,0.17557889599512394,0.17118894408031232,0.23405650543501083,0.6343965895783839,1.5910140895498983,0.6422266147585602,0.3020339484581907,0.15425626606314397,0.21204268803726906,0.24738440854050953,0.31116537763307833]","[null,1.1012360353209231e-12,1.0987239169708884e-12,1.1000372603892345e-12,1.098917006548712e-12,1.0980085823706951e-12,1.0972839267560998e-12,1.0946863759951088e-12,1.0991750151310654e-12,1.098021209272765e-12,1.1016899263371099e-12,1.1084214745564534e-12,1.0950646546241802e-12,1.0974538352044952e-12,1.1034578100364515e-12,1.1003490206322813e-12,1.0980297978138394e-12,1.1083956579553214e-12,1.1018535821966234e-12,1.0999028196868055e-12,6.1882069449298e-13]"
23.700000000000067,sqp_rti,0,"[0.0677276254280432,-0.2064318152310447,0.04659196550727643]",2.4312967864964614,0.013041999191045761,"[-2.980232227667301e-09,0.00477116661718463,0.04707172938268017,0.0975951831031921,0.13698603190568265,0.1639489759212836,0.18151705782245103,0.19252965824061335,0.1987940316305455,0.20342433991797365,0.20768458018869823,0.21334356388518644,0.2425377001502696,0.25180401558208915,1.1187322696345212,0.41262921736777686,0.2789798165685798,0.22311936598224175,0.2233383708451367,0.25471538779257125,0.21762967741979883]","[null,1.5917898248589846e-16,1.5782699046497137e-16,1.5758011415125555e-16,1.5749418745801974e-16,1.5737961670216805e-16,1.5726720828489096e-16,1.5720732181167955e-16,1.5734080089366755e-16,1.5776412198464907e-16,1.5791050764166733e-16,1.576587964855439e-16,1.574886504628645e-16,1.5767145885730874e-16,1.5764823083770563e-16,1.580723279141707e-16,1.5815835507148075e-16,1.578987474097191e-16,1.5796147216135152e-16,1.5802862420818893e-16,2.3268534585187303e-17]"
23.800000000000068,sqp_rti,0,"[0.038045846302786235,-0.36066529905409506,0.07415236564503981]",2.43742904188305,0.012577518820762634,"[-2.980232227667301e-09,0.0010426134917505547,8.805167054184992e-05,0.00012775272576398544,0.003016572188929534,0.030909537002362708,0.08649296230264697,0.14070552695049515,0.18145993217739403,0.1987211446890143,0.1967147326970043,0.16366890286839536,0.16065943073700312,0.3128363563200452,0.35772827528494916,0.25585660745400657,0.2084990216540799,0.20288666594902766,0.24820805719389655,0.19525546026851154,0.17299859902466502]","[null,7.765762546069645e-14,7.772087595723537e-14,7.771889791733756e-14,7.801942076741175e-14,7.76177006370578e-14,7.765227181238408e-14,7.760824678304117e-14,7.758747679946509e-14,7.756725431910794e-14,7.755685649521142e-14,7.75547717201834e-14,7.756260053173985e-14,7.764168832311017e-14,7.780875551761549e-14,7.752507356569435e-14,7.757159751658424e-14,7.769524716190156e-14,7.765262523685088e-14,7.763460299057447e-14,1.0515226069115256e-14]"
23.90000000000007,sqp_rti,0,"[0.07822726077215475,-0.8601865812947214,0.06135617562148643]",2.4433226590308164,0.011844418942928314,"[-2.980232227667301e-09,-3.0953154206425637e-09,0.03025066380463387,0.080645183956986,0.10961995971478872,0.11797571116781996,0.1217527171875446,0.12398527384908037,0.0769589801488813,0.002122660744625471,-2.980232227667301e-09,0.00010797235773676861,0.06923881965541129,0.15658286581949882,0.07709403451655278,0.21436631103468856,0.29610684130717574,0.3246775500635966,0.24445518233490376,0.23804372690655812,0.25909120836141214]","[null,9.564862748755704e-15,9.581563540860428e-15,9.564314331565009e-15,9.559338921734533e-15,9.559655721335047e-15,9.562650388948919e-15,9.579654169505074e-15,9.569589413529238e-15,9.56623290094711e-15,9.564862748955002e-15,9.558122161269583e-15,9.629332555728299e-15,9.559009481066067e-15,9.61015205677415e-15,9.56418731176868e-15,9.586779042323327e-15,9.552608305749794e-15,9.598383396663774e-15,9.582541308917134e-15,1.847434131131188e-15]"
24.00000000000007,sqp_rti,0,"[0.041264801416757424,-0.4283352348663448,0.05492472763652738]",2.4504448080306815,0.010471384972333908,"[-2.980232227667301e-09,0.010506917343909461,-2.9829441416939773e-09,-2.9117724897886887e-09,8.184739232103277e-05,0.2684915807170512,0.3603929897901253,0.4024117300190369,0.2730853789496422,0.09741617465488589,0.08105398843288186,null,null,0.004551804035853924,0.09237148784730637,0.12032385809781304,0.27727330382671483,0.04179925285791236,0.05802379998470181,0.1065042785028883,0.9006188956511039]","[null,3.460594963360907e-14,3.46180127487393e-14,3.461801283069415e-14,3.466659133765456e-14,3.4584051580632826e-14,3.457339630950996e-14,3.456807069110754e-14,3.457972324354635e-14,3.4589765270694444e-14,3.460430219241438e-14,3.461801274871055e-14,3.461801274864734e-14,3.45742976994037e-14,3.4599883664907735e-14,3.45784980021796e-14,3.457416691634062e-14,3.4579691957029744e-14,3.4675634825468596e-14,3.473233533727778e-14,7.999538369184927e-15]"
24.100000000000072,sqp_rti,0,"[0.07275490030439162,-0.6245481793631568,0.06068893599353526]",2.453179012646805,0.009810727089643478,"[-2.980232227667301e-09,-3.0061494127320287e-09,0.02781482683677866,0.07968760924508161,0.15415460988659363,0.17153440090522737,0.17716928553076344,0.19741773445234828,0.09890742217125564,0.025365226106924876,0.013451872300335677,0.04839582654171154,0.3957830609884468,0.9195828238775163,0.31919281939716343,0.28185755821823905,0.3078769335098855,0.2825878587379947,0.2564744668331727,0.3123668088222516,0.8577904446735374]","[null,1.8942613948632497e-14,1.8841579220567653e-14,1.8834230445279583e-14,1.8846445459964567e-14,1.8841922529793146e-14,1.8839035663031408e-14,1.8820936458308014e-14,1.8832176541321976e-14,1.8821424328633658e-14,1.884723979047421e-14,1.88454185202345e-14,1.8827973175082957e-14,1.883935269929812e-14,1.87952766458745e-14,1.880987488329852e-14,1.8967805296835514e-14,1.8734037006985785e-14,1.881972983938628e-14,1.8896068609150213e-14,5.432720202894499e-15]"
24.200000000000074,sqp_rti,0,"[0.03628396876657573,-0.3841752137941772,0.05643765210720594]",2.4616833900605637,0.00912170484662056,"[-2.980232227667301e-09,0.024395646286898665,0.032799582102676805,0.10699239700122548,-2.9829397840686056e-09,0.08726013226759904,0.20757072432855922,0.2579986659736136,0.13455555725307705,0.09541648133584318,0.11380555205210358,0.09685031774661185,0.23015123012742295,0.2572184009464323,0.20975741409083587,0.16055369018069393,0.23276090649418607,0.14717908360681947,0.16004451534824754,0.1999361902174684,0.6387241524320728]","[null,4.096838042087476e-12,4.103150444701225e-12,4.095056939238824e-12,4.1013361981135e-12,4.091619548817922e-12,4.087356448647385e-12,4.087047506158652e-12,4.0887868931123035e-12,4.089086240104147e-12,4.087606321694674e-12,4.0901340052905595e-12,4.0901414144302835e-12,4.091729489089199e-12,4.086735131436688e-12,4.092257309604139e-12,4.094450880973532e-12,4.086598669764301e-12,4.088989974535645e-12,4.109619765278931e-12,9.914204180814301e-13]"
24.300000000000075,sqp_rti,0,"[0.09198604065921002,-0.7706524135115937,0.07766339711277698]",2.467258567679135,0.008732069283723831,"[-2.980232227667301e-09,-2.980232227667301e-09,0.02844574201639888,0.03748390200561219,0.08106868374031678,0.09412989542601907,0.1140565203546558,0.14059263468943045,6.9647120477245306e-06,null,null,0.056590289322742404,0.04784663132497685,0.05910360448946489,0.08303244008918115,0.11615368348740668,0.10035889222042088,0.1345266791901139,0.1761913362616639,0.23418991302129727,0.29218399793345845]","[null,1.7867473623171966e-17,1.7835770039997893e-17,1.7821619594544887e-17,1.7832997796681503e-17,1.7832008639726287e-17,1.783162061770199e-17,1.7825594811311315e-17,1.7862979274638566e-17,1.7867473623171966e-17,1.7867473623171966e-17,1.783954322840102e-17,1.7880296491401645e-17,1.7828598984277678e-17,1.7823360867087654e-17,1.7867104430007923e-17,1.7820122170646173e-17,1.780896651967622e-17,1.7864036942181782e-17,1.8128380443171463e-17,3.0167478882142204e-18]"
24.400000000000077,sqp_rti,0,"[0.05076933866432345,-0.4359280241937962,0.07391685047443732]",2.475521754273724,0.008420556783676147,"[-2.980232227667301e-09,0.060070947258492435,0.10363409313926014,0.144658199470247,null,0.05000993991096864,0.09614527545263912,0.010958572492712204,null,0.062145993270608824,0.0366251811496035,0.010166708528116797,0.02737569784226751,0.04601971428865853,0.08596985242779437,0.05960759242564678,0.09432376634784206,0.21176824230159302,0.19073730192593025,0.21693870968340995,0.2002872842235746]","[null,1.0721837424018967e-13,1.0717753544451731e-13,1.0719570608756234e-13,1.0731205923077851e-13,1.0719044964838556e-13,1.0724679492950618e-13,1.0715776460367342e-13,1.0731205923099176e-13,1.0715229381153238e-13,1.0715712215865285e-13,1.0710338160332159e-13,1.0719401390827294e-13,1.0721869674711192e-13,1.0727179492120034e-13,1.0725419539788208e-13,1.0737822014458357e-13,1.07230287383468e-13,1.0726505669943734e-13,1.0752889137482318e-13,1.2773441871242329e-14]"
24.500000000000078,sqp_rti,0,"[0.0756506646821895,-0.886960368619812,0.07747667758258908]",2.4843321282106565,0.00832490622997284,"[-2.980232227667301e-09,6.484427430009099e-05,0.06771188282288848,-2.980232227667301e-09,0.005622448200888475,-1.02671284807343e-08,0.005653356869703974,0.12988819608173402,0.2741691394606221,0.11509662674324944,0.11937645220328791,0.12730956864386372,0.16795419768304215,0.1290181348229716,0.15394432092073346,0.17705022527830466,0.18814463036561052,0.205796923769271,0.21592762779977265,0.19287001524112918,0.1861872051862033]","[null,2.5393064817227646e-14,2.534986877920801e-14,2.5367065447784374e-14,2.535948783813745e-14,2.5367065628806873e-14,2.538323313932342e-14,2.534519592881185e-14,2.5347383433119055e-14,2.531370692067176e-14,2.5332227397131374e-14,2.554003179245128e-14,2.5331894914228376e-14,2.534015151531214e-14,2.5292023274392335e-14,2.549607251339572e-14,2.5373079886783615e-14,2.537184023355139e-14,2.5426404373859828e-14,2.5744272915217578e-14,3.3612823820851523e-15]"
24.60000000000008,sqp_rti,0,"[0.06695031389286647,-0.4234046918660587,0.08136466249449226]",2.492174535832462,0.008488010615110397,"[-2.980232227667301e-09,0.05029629030867683,0.0620070668489035,0.08865896488141517,null,0.009635463663568988,0.441820985731124,0.016932567854074432,0.04061235524862,0.07669176494037316,0.14033663837208082,0.08873512803152722,0.10836024991330079,0.11735462149467396,0.3641590778534834,0.27283950227968107,0.41222991681671745,0.37191145744535775,0.2970691644014252,0.3008525824407407,0.3096566205987166]","[null,6.35607631755118e-12,6.351242645181167e-12,6.353671813707478e-12,6.37652900116159e-12,6.3555327926619686e-12,6.346971424572902e-12,6.3999567450729846e-12,6.356039738475767e-12,6.35665785850221e-12,6.347926465728101e-12,6.3564493679324865e-12,6.340644389859317e-12,6.39088406033686e-12,6.3443744290345654e-12,6.347431961671003e-12,6.349186465896699e-12,6.349540308887112e-12,6.364527266542479e-12,6.587660541008301e-12,9.836294210136322e-13]"
24.70000000000008,sqp_rti,0,"[0.060348219375869774,-0.3415389804199412,0.07632630985008292]",2.4989619852856,0.008700951933860779,"[-2.980232227667301e-09,0.0245795582632809,0.08213273195903598,-2.980232227667301e-09,0.0015851347069009702,-1.985529213266446e-09,0.015208388567414854,0.041149827211790335,0.06197687626190601,0.09731483995382534,0.172919923363758,0.29362292682070007,0.5213150209737989,0.47215203233473063,0.49022679425438015,0.5177552030366115,0.5201094463040448,0.4924322645787285,0.4863199887801855,0.7460540807598732,1.2281039118304278]","[null,1.7551454171999994e-11,1.7568198494861164e-11,1.7575411433330732e-11,1.7558603312546753e-11,1.7575413462793834e-11,1.7562425336618646e-11,1.755446464248072e-11,1.756279392622424e-11,1.756697634542528e-11,1.7557281813951832e-11,1.7555190578362724e-11,1.7575411433378208e-11,1.7575411433377988e-11,1.7575411433377904e-11,1.7575411433377907e-11,1.760967210147603e-11,1.770700674589053e-11,1.7882624691618354e-11,1.7574315522592646e-11,2.8390215993667584e-12]"
24.800000000000082,sqp_rti,0,"[0.060097365651134396,-0.684350997849877,0.08415963730955496]",2.5051557125102404,0.009008638560771942,"[-2.980232227667301e-09,0.007825795098422017,-2.980232227667301e-09,0.007707882549447487,5.762542656939651e-08,0.20125900281051373,0.1226090733682284,0.1369837081229484,0.1736944070844622,0.2102577197352689,0.1732735110054449,0.24081347781029622,0.2918159924270583,0.3595478783380493,0.45011963506378266,0.5923576698841309,0.7141675716563227,0.9664115412443948,1.011660397997386,0.8177666399555477,0.7509550988636498]","[null,3.4443980036757473e-12,3.4819107007304668e-12,3.4488846630720313e-12,3.4823746062746283e-12,3.43461677630115e-12,3.4823433690227737e-12,3.4176806200690673e-12,3.430388659419517e-12,3.4402479989374615e-12,3.430897939381351e-12,3.4367402354873943e-12,3.4344838560472007e-12,3.473371179146744e-12,3.4368264565994295e-12,3.432675124202049e-12,3.4312971912959053e-12,3.4819107011506325e-12,3.4819107011506713e-12,3.481910701151408e-12,6.141756723134006e-13]"
24.900000000000084,sqp_rti,0,"[0.1520760492363305,-0.2737444186069206,0.10400916665943631]",2.5131502679817515,0.009846299886703491,"[-2.980232227667301e-09,0.002772923799893967,0.015181263050771332,-2.9803221002211444e-09,0.013202378933147518,0.008886697374409336,0.0297435510463559,0.05368987305398282,0.10004331122722193,0.11986376324669906,0.11600891634726979,0.16699252677431958,0.21249259426224115,0.2519977146857471,0.28511405476950885,0.32805162879759636,0.3875345864560174,0.705520282682248,0.9647112566307718,0.8085856044796624,0.7053261852821311]","[null,1.3418292807250161e-15,1.3416463601328922e-15,1.3427893485338626e-15,1.3414310670459557e-15,1.3417062236486104e-15,1.3413844601177774e-15,1.3413612979583916e-15,1.358530062186883e-15,1.3413411625506102e-15,1.3528193428271788e-15,1.345433882602241e-15,1.3492692594907217e-15,1.3467513939713228e-15,1.3367884945492153e-15,1.3418321708217788e-15,1.3423213378563547e-15,1.3414908029807775e-15,1.3436591648943719e-15,1.3788811503753249e-15,1.5658719761209137e-16]"
25.000000000000085,sqp_rti,0,"[0.10173492195708247,-0.28815057217735,0.0890152679655324]",2.5318323222838632,0.009115639142692089,"[-2.980232227667301e-09,0.07969456572428585,-2.980232227667301e-09,0.13895974191313415,0.019748878761357613,0.013401014647716647,0.032217569923351175,0.19548371625256583,0.11214699995610716,0.5166984439339799,0.13487752269199832,0.1369042667850618,0.2674969757300339,0.2423779539784377,0.2326190457817912,0.14414573611220588,0.28698098408948597,0.668074113732321,0.4359245761372151,0.332031450851585,0.6295970239051474]","[null,5.477152560748283e-12,5.473708360576635e-12,5.4548246780864325e-12,5.465561372115002e-12,5.466959029472886e-12,5.453126635839693e-12,5.45522071680363e-12,5.457325303440036e-12,5.4625860200234954e-12,5.447761987903631e-12,5.459115310732668e-12,5.456593366101009e-12,5.459182513256755e-12,5.462064846278446e-12,5.536922055237984e-12,5.459954938760148e-12,5.4406938253227015e-12,5.473708360522576e-12,5.473708360523127e-12,8.631417045882881e-13]"
25.100000000000087,sqp_rti,0,"[0.05048531259452916,-0.6846057914311994,0.09006712337367413]",2.5424713215535713,0.0022182862740010023,"[7.1808811050178e-07,0.9880200555534031,0.0029474110231014206,0.059617242929168424,0.012488000154983692,0.047731074957785335,0.09079881074708568,0.18034775817546916,null,0.6470120773931967,0.28220998900804944,0.33362930950839315,0.3154557923536004,0.32988222964659714,0.36207859859087393,0.900414322972108,0.7167320705936759,0.41483334893251717,0.4923555756850149,0.654142938330051,0.4740458470253735]","[null,1.0855309690298577e-12,1.0893967987775841e-12,1.0853913592473946e-12,1.089525169262694e-12,1.0845951804214089e-12,1.0853004512376093e-12,1.0852371889251873e-12,1.0888535035771702e-12,1.0888535035772065e-12,1.0860934518969867e-12,1.0827170278379549e-12,1.08331114553415e-12,1.0854520506621738e-12,1.0909156711288794e-12,1.0857688112512314e-12,1.085452601751146e-12,1.099001314492323e-12,1.101408084085856e-12,1.0925978669596582e-12,3.45514361214434e-13]"
25.200000000000088,sqp_rti,0,"[0.17349415510219154,-0.29874698541995237,0.16203520300407592]",2.5496681295166104,0.0067458078265190125,"[-2.980232227667301e-09,2.007805033343857e-11,0.015589864846959511,0.024953313549219314,0.04449805203178131,0.08172568530798402,0.12448684217640676,0.12911492695238708,0.1643426631496226,0.08567584689065627,0.10329225009494963,0.1809063260179336,0.22534883217761675,0.2524065918356458,0.38389564866398446,0.7655520890442531,0.9158096894397516,0.7788593215691832,0.6477623172254716,0.6393858763545539,0.6597677533184185]","[null,5.6385185031933344e-15,5.641310547931216e-15,5.623291123033321e-15,5.610262401850217e-15,5.6149874788213336e-15,5.604649513239707e-15,5.650484199425117e-15,5.627262823505251e-15,5.618721680107584e-15,5.61937963781022e-15,5.6225384200532256e-15,5.6251680338462564e-15,5.634860471090775e-15,5.6240153554648594e-15,5.620770367882045e-15,5.623786979053823e-15,5.616627520013815e-15,5.652900777695925e-15,5.601493141011852e-15,6.564352978423346e-16]"
25.30000000000009,sqp_rti,0,"[0.15383621935499525,-0.17318703587242928,0.12508243078732711]",2.5670404797527486,0.008221283555030823,"[-2.980232227667301e-09,0.01908589668038624,0.047797679083198485,0.07928807823448453,0.11179126528331979,0.11372179711878944,0.11460999488369411,0.10137128250207256,0.07447350377727419,0.13764431320435905,0.19879081905773682,0.15186289622054688,0.12715942309476597,0.15557775585501404,0.24627681768615944,0.4741079713311627,0.6059830170976734,0.7503112459351431,0.8611068076639483,0.7477346132792462,0.5941185690485156]","[null,5.892915197137653e-17,6.069490382294588e-17,5.93120685840209e-17,5.933863680679927e-17,5.941930482631631e-17,5.954114541710702e-17,5.929692129848611e-17,5.975597858677614e-17,5.938148643163297e-17,5.916878122185399e-17,5.94792303113122e-17,6.002535470247436e-17,5.936879569076392e-17,5.952548914104765e-17,5.99902157077577e-17,5.941371503660081e-17,5.903089120490411e-17,5.990963194312917e-17,5.990963194292722e-17,1.9483319226974163e-17]"
25.40000000000009,sqp_rti,0,"[0.12990242466159246,0.05683870032886543,0.11250344166907902]",2.5763989559382434,0.008788514882326126,"[-2.980232227667301e-09,-4.0102224596605396e-09,0.002071309270734123,0.008529663637372675,0.0830927575216947,0.32638714073959535,0.3130483080483913,0.31038314717207244,0.26356954865016463,0.2962998529098016,0.32716780721910227,0.34428850812065975,0.3894768421064228,0.6471366393514699,1.407880722205033,0.8697591063382333,0.7194334962660285,0.7151037585435558,0.7562538954757174,0.8202308187867107,0.8844466841707168]","[null,4.290833790557267e-15,4.30150122678473e-15,4.280206947388761e-15,4.278970048897188e-15,4.282489613141806e-15,4.274258039986508e-15,4.280747549680885e-15,4.275028594687243e-15,4.278154310223501e-15,4.279962168939778e-15,4.278906049503044e-15,4.281443101647398e-15,4.282575009557945e-15,4.274929460435498e-15,4.2801921367134306e-15,4.2907041369133854e-15,4.290704136912376e-15,4.290704136912376e-15,4.290704136912174e-15,7.021992152681768e-16]"
25.500000000000092,sqp_rti,0,"[0.06472685664200163,0.5748333699307483,0.07353150437348797]",2.593486828298082,0.008677899837493896,"[-2.980232227667301e-09,0.0007325638753329922,0.004276107556830777,0.030374234010278667,0.049454578466399834,0.19636333084049512,0.24425464423064086,0.27603874774737563,0.31116971317762393,0.3323709451401918,0.33525739077157973,0.3602126606971499,0.47659087025859465,0.6078503288029509,0.7615873292125996,0.7488113336825577,0.6971823984443446,0.6916217922908519,0.7107688229399709,0.7290917162357775,0.8355216959551679]","[null,1.2301106888041192e-14,1.2294989148985351e-14,1.2290872914202937e-14,1.236118705499757e-14,1.2294060527400385e-14,1.2282974434078633e-14,1.2297519898549105e-14,1.2283562309094107e-14,1.2282856919624372e-14,1.2279800635525136e-14,1.2305327427197225e-14,1.2281251032675358e-14,1.2340923704625522e-14,1.2303715452047038e-14,1.2282129477295344e-14,1.2327174607238443e-14,1.2281802918472282e-14,1.242034724129365e-14,1.2606785834819437e-14,1.90803478984586e-15]"
25.600000000000094,sqp_rti,0,"[0.09886522890751485,0.7340386967973793,0.09681050449271661]",2.595814728310005,0.007834859192371368,"[-2.980232227667301e-09,-2.980232227667301e-09,0.05097300526970444,0.07814007333535217,0.11923345248336831,0.1555810418803077,0.18967577037467792,0.19346561533355883,0.1865131521658377,0.15249229093336042,0.12836066695883092,0.14463901833752574,0.1626057695808168,0.2023229118705075,0.6031577955325036,0.7432401482651139,0.8444725131979902,0.8838917650897951,0.5477520508159308,null,0.8565417935817734]","[null,3.375579984480581e-13,3.338216696256725e-13,3.354511215411919e-13,3.3430631863558393e-13,3.3748170821042186e-13,3.3623854756104934e-13,3.349867063534343e-13,3.344770762113069e-13,3.3329810794074154e-13,3.33284843198398e-13,3.346206360515187e-13,3.3590174800821675e-13,3.36730498002708e-13,3.3517383014107297e-13,3.3451010624734833e-13,3.3415617340016976e-13,3.3362623973870396e-13,3.375579984650458e-13,3.375579984648274e-13,9.180698938664811e-14]"
25.700000000000095,sqp_rti,0,"[0.10794068064198965,0.5570141954825831,0.10253641354383225]",2.6069211329440223,0.007229968905448914,"[-2.980232227667301e-09,0.025848950024713713,0.11852338673947288,0.168184364394304,0.21767917016255184,0.25042860492956437,0.26671426405002024,0.2583408225442099,0.24283252865788968,0.22055645561351583,0.2091798547754678,0.2544779974737324,0.4215555529554294,0.877503621963666,0.6166208032154088,0.6336999558294394,0.7532214714698886,0.800490637461533,0.5110280122807651,0.24352533695006856,0.37441727436841604]","[null,3.8984549086266026e-17,3.887052317980412e-17,3.9015487069859407e-17,3.891119125077472e-17,3.890932369444999e-17,3.890957875183563e-17,3.8907563382818696e-17,3.891159664581331e-17,3.8916064145005106e-17,3.8931663454755316e-17,3.893194151779882e-17,3.895874711960257e-17,3.889684524122546e-17,3.893745276635165e-17,3.89233047401394e-17,3.903717796735675e-17,3.903717796927526e-17,3.88722426305105e-17,4.0029148958907266e-17,4.5574823849409676e-18]"
25.800000000000097,sqp_rti,0,"[0.08797389573070599,1.1999938530846164,0.0871040642201089]",2.6159117117405546,0.007184036076068878,"[-2.980232227667301e-09,0.07157912798336669,0.1480794423663781,0.17593803536013725,0.21382381125319655,0.2986711603870738,0.37126643276322185,0.4316838183251857,0.5080189912076729,0.6896330520038887,0.7339540890062295,0.6479851427292977,0.6665405112610656,0.5688806914705082,0.5531985502536727,0.586617447871778,0.605807017326115,0.6198999790813751,0.6407443351623356,0.6586797926358876,0.682715101981773]","[null,1.3893715287422514e-12,1.390381386901726e-12,1.3949325127626523e-12,1.4126612777289126e-12,1.3907276341326583e-12,1.3825239528279475e-12,1.3731395569503343e-12,1.4116166948823738e-12,1.3780486577235172e-12,1.3906058085243392e-12,1.4235399004617168e-12,1.3716179885701128e-12,1.4448520445806323e-12,1.3779595075833724e-12,1.3982010590198254e-12,1.4291308758320796e-12,1.4153607800512614e-12,1.427219499331887e-12,1.4230613387880325e-12,1.3928096494256992e-12]"
25.900000000000098,sqp_rti,0,"[0.10054721057949768,0.8454093346775803,0.0860110647771513]",2.6263362255250904,0.007589008659124374,"[-2.980232227667301e-09,0.04569132443435536,0.12589418442570094,0.16945129619361127,0.20366595468661047,0.2366816649207209,0.2885404092417872,0.37235778703812344,0.46535420021552626,0.5679450793784866,0.6466261980953234,1.4287536203251434,0.9063273833042966,0.5883915567468587,0.5654744943592809,0.604624340205169,0.6627725211032347,0.7259221921790531,0.7906518937753721,0.8490264465591968,0.9010829029805614]","[null,1.6795735610636212e-10,1.6810712100977765e-10,1.6810434719903095e-10,1.6804495731038974e-10,1.6809988043676602e-10,1.6808671092845803e-10,1.6797831285663613e-10,1.679392102179183e-10,1.679968625994706e-10,1.6827608677308576e-10,1.6827608677309292e-10,1.6827608677307841e-10,1.6827608677305378e-10,1.6827608677312368e-10,1.68276086773058e-10,1.6827608677308139e-10,1.682760867730483e-10,1.6827608677306642e-10,1.6827608677312303e-10,1.8798319488674212e-11]"
26.0000000000001,sqp_rti,0,"[0.14639482896075995,0.35320287155707464,0.11889567162349313]",2.635280974083308,0.008269041776657104,"[-2.980232227667301e-09,0.0640555662546703,0.11785973409500344,0.14448620325479739,0.15775855850390458,0.16576711520477688,0.1750250088379957,0.19507805718327093,0.3193408580517712,0.6145173331370415,0.8567686599419317,0.7309196131657643,0.5448546278985844,0.5632341189062735,0.6104123269915049,0.6452333234541363,0.6671662940373622,0.6784184068528745,0.7049042529141942,0.8223014474135695,1.0342457429046525]","[null,4.005247036150659e-16,3.9976313925970003e-16,4.0278309094181713e-16,4.0240974550558195e-16,4.026829151303363e-16,4.012274526629941e-16,4.0197846751871903e-16,4.019895130423842e-16,4.0084222472556083e-16,4.008877705825577e-16,4.004231625936829e-16,4.00446822130551e-16,4.0083066603972314e-16,4.001505092847271e-16,4.007670709725134e-16,4.02053265118814e-16,4.0191509992617773e-16,4.0478439552311994e-16,4.3379898508654855e-16,1.0192688197470288e-16]"
26.1000000000001,sqp_rti,0,"[0.09923977930247779,1.0562565147569598,0.08700659450179156]",2.6465369952614033,0.008957620710134506,"[-2.980232227667301e-09,0.12118552991816928,0.20199381480652506,0.30711566906105753,0.39074525690553746,0.47671525877330795,0.875555079318201,0.8592002253289592,0.6398521471639811,0.6523743014444292,0.646627841802595,0.6285564000290946,0.6510366090239585,0.6645161583548755,0.6342379532927012,0.4317749234996285,0.26106147476010905,0.27866211594239304,0.5435538093033159,0.8583744135464257,0.7696341542387237]","[null,2.8714990687691383e-17,2.902804242986115e-17,2.885557029128871e-17,2.8739860021441807e-17,2.91039099557667e-17,2.870766457034144e-17,2.8980709657561595e-17,2.918112007012343e-17,2.863655045075062e-17,2.877336041135079e-17,2.878277351184855e-17,2.9295395278542786e-17,3.039773217103699e-17,2.8953757453948195e-17,2.895375745556378e-17,2.895375745556378e-17,2.8953757453948195e-17,2.895375745556378e-17,2.8953757453948195e-17,1.6225319116097847e-17]"
26.200000000000102,sqp_rti,0,"[0.09974503110124662,0.5562002136990742,0.0840446985006472]",2.6559698463260153,0.011658605188131332,"[-2.980232227667301e-09,0.01198257470568792,0.03194634984526773,0.04420894116387758,0.05162407131594621,0.08010253566172382,0.16895376383528743,0.28933621733118003,0.4893004754485915,1.5879409822435135,0.5248924416889522,0.36620220741123505,0.3381971000257707,0.3376719366333781,0.33914572098391177,0.3219740570864598,0.30116411888456335,0.34045309013826214,0.43143912121458944,0.5602581418452084,0.7338066191862256]","[null,2.7340067351483155e-15,2.7338913241482137e-15,2.737171129096072e-15,2.7380250378464588e-15,2.7382610909513965e-15,2.7334854739098694e-15,2.72679116498778e-15,2.7358916729901734e-15,2.7381369412711836e-15,2.738136941277646e-15,2.738136941269568e-15,2.7381369412647212e-15,2.7381369412647212e-15,2.738136941266337e-15,2.7381369412679524e-15,2.7381369412679524e-15,2.738136941266337e-15,2.7381369412679524e-15,2.738136941266337e-15,4.0366636851286267e-16]"
26.300000000000104,sqp_rti,0,"[0.11896543142011443,0.18733814733546966,0.09624279064156542]",2.6667063212108437,0.013383179903030396,"[-2.980232227667301e-09,0.01040354613074862,0.03318949088997131,0.05079310312512214,0.060208879184467545,0.0729038315159734,0.12880172076833035,0.2470505600117015,0.37832546082711077,0.44877706103391973,0.4332011906655751,0.5054995651793923,0.5804535387799781,0.6266765494839752,0.6462645171779691,0.6442925946123761,0.6563327053161039,0.7298281061590888,0.8422115719918473,1.004827674951639,1.1323113575127237]","[null,3.192329531631679e-17,3.1657318805297666e-17,3.1660390772339135e-17,3.167728296286241e-17,3.1729413775706346e-17,3.171349624466714e-17,3.1669980495284725e-17,3.1551258583612137e-17,3.215239347212385e-17,3.1580226518941784e-17,3.139241540683476e-17,3.1472786583016633e-17,3.148910333734963e-17,3.1940138138940116e-17,3.1835964164508814e-17,3.168501598441128e-17,3.175435972908049e-17,3.1695662426954334e-17,3.162331419791434e-17,6.220794765993273e-18]"
26.400000000000105,sqp_rti,0,"[0.09531784533743919,0.9510665149239201,0.09191950640621896]",2.672799991212299,0.014146395027637482,"[-2.980232227667301e-09,0.021486457976309492,0.0941981756060784,0.20080208264917482,0.4163942355043105,0.3660251431271753,0.25079955915202407,0.30995283287000747,0.3860778218116508,0.45171236433965484,0.4950864455711866,0.512270461044088,0.5177516292644853,0.5414142083124183,0.315401056771546,5.339106987883868e-06,0.07929064312520567,0.3287133597692005,0.6911560689930354,0.5744824864296951,0.5788229475911504]","[null,6.345231701416401e-13,6.413446842828115e-13,6.323568635911471e-13,6.314383230946353e-13,6.341492009261059e-13,6.341752366235615e-13,6.31686135129913e-13,6.329376044752347e-13,6.327894564850054e-13,6.336440951053688e-13,6.367234353261642e-13,6.344167638629814e-13,6.298672530600707e-13,6.390887912394529e-13,6.390887912372961e-13,6.390887912379972e-13,6.390887912375368e-13,6.320399201716508e-13,6.774155808816225e-13,4.9657815315813e-13]"
26.500000000000107,sqp_rti,0,"[0.0890984985171374,0.5042908413805389,0.07227753093981984]",2.682528421123468,0.01860116422176361,"[-2.980232227667301e-09,0.00029270208159304367,0.001501829715242764,0.005137369872583009,0.04770186724940367,0.2307617146989685,0.5994442268665352,1.2173843362237704,0.25227557373384074,0.12113925921511354,0.09265794490352591,0.10132057702213687,0.11807913086073879,0.1237364350979096,0.07677518149414803,0.03570909613784573,0.11531356687265487,0.14883712356059747,0.15005190470656055,0.14678382107601246,0.17221020657321412]","[null,2.938464402445392e-13,2.928345627290631e-13,2.9386623114817023e-13,2.9321306675152646e-13,2.929695843285866e-13,2.9313519005845484e-13,2.932289989931255e-13,2.932289989931384e-13,2.932289989931477e-13,2.932289989931182e-13,2.93228998993138e-13,2.932289989931388e-13,2.932289989931287e-13,2.932289989931481e-13,2.9322899899313034e-13,2.9322899899314003e-13,2.9322899899313195e-13,2.9322899899312185e-13,2.9322899899312064e-13,4.750001655013554e-14]"
26.600000000000108,sqp_rti,0,"[0.1478784003182928,0.12360236433295557,0.12156310576296561]",2.6933032923346882,0.02118159830570221,"[-2.980232227667301e-09,1.0156384907700211e-05,0.0003429354642273119,0.0013536105629404216,0.009614458946415383,0.07171644417632522,0.18135978719636797,0.280673985687433,0.3092224482441324,0.403255765965924,0.4836265184192328,0.5427369301964802,0.584245714993149,0.6119760027792658,0.6305280903834258,0.6478166213957024,0.7011407591851373,0.824501716340184,1.0200462319563968,1.2611508643424647,1.3059614389381309]","[null,1.1852646143230115e-14,1.1881627672844596e-14,1.1907511463240047e-14,1.18397447066955e-14,1.174846373970074e-14,1.1730134082454902e-14,1.1808810864238069e-14,1.1735507981376e-14,1.1740017510926982e-14,1.1733872301533083e-14,1.1725995207825758e-14,1.1728862005727415e-14,1.1820097975156677e-14,1.1792841166869356e-14,1.1792841166869356e-14,1.1792841166870971e-14,1.1792841166870971e-14,1.1792841166868952e-14,1.1792841166869356e-14,2.5175567109349623e-15]"
26.70000000000011,sqp_rti,0,"[0.10778275579768123,0.7659429081234778,0.09760947836715085]",2.7026005570529197,0.021971292793750763,"[-2.980232227667301e-09,0.0024915752856347617,0.06020541320414524,0.08002151608158753,0.12188508847722518,0.16965615169337395,0.21976196025324618,0.24586765228244972,0.27216029017333804,0.30183798197989803,0.34294989122261016,0.411439824106332,0.5378322737105179,0.29160911132460116,0.48183064484487376,0.6263578190090555,0.5191859535081818,0.45191500883331,0.48154661598946086,0.5292057205986669,0.5760675949091858]","[null,4.296665000410425e-14,4.24517689640868e-14,4.2124601689117004e-14,4.234000015651202e-14,4.231311749242539e-14,4.2302122808182964e-14,4.2369865064943567e-14,4.2537349997669135e-14,4.278039977293546e-14,4.182194448885932e-14,4.2042065418451195e-14,4.291508944518748e-14,4.291508944513215e-14,4.2915089445195156e-14,4.2114752292895004e-14,4.2422707696743215e-14,4.2602161470171726e-14,4.342600528415987e-14,4.444986048357984e-14,1.6429738020102343e-14]"
26.80000000000011,sqp_rti,0,"[0.10572464956281452,0.3315661152783578,0.08705693195405595]",2.7132379298694222,0.027457639575004578,"[-2.980232227667301e-09,1.1246925558372478e-06,0.0023511261008984374,0.06211341653967822,0.16207139701635215,0.2625073182649558,0.39916532299146185,0.4893612761208644,0.541839697180724,0.5641524486465179,0.5595146053358959,0.5386510583132142,0.4612467858279892,0.3464915682423147,0.38012668353540563,0.37902798684707834,0.35692170941701634,0.35719146352888204,null,0.6210933548443733,0.6053683477781682]","[null,3.0253777091032653e-12,3.0220426031858754e-12,3.023868300791155e-12,3.029649446372707e-12,3.0195840595779504e-12,3.022787061380834e-12,3.0205388200867864e-12,3.0201934585946605e-12,3.025320257212924e-12,3.0198088323242347e-12,3.0239651211621826e-12,3.020712885410757e-12,3.0228222910564513e-12,3.0210947448530564e-12,3.01903177532876e-12,3.0484336472180295e-12,3.082328164749148e-12,3.0253202572128142e-12,3.0253202572128663e-12,5.889588616329492e-13]"
26.900000000000112,sqp_rti,0,"[0.08149059387926331,0.6060165264096775,0.07647433038189654]",2.718025983441119,0.029654264450073242,"[-2.980232227667301e-09,1.9625214769669608e-06,0.0013481603978568457,0.013577560625381013,0.04566976428844921,0.09533333961111473,0.155315971895101,0.20493694379652344,0.2521915668264059,0.2872105545098769,0.2865577537422633,0.19821431376543047,0.1515996451069171,0.1453972263581747,0.1483752822620275,0.12673199904388605,0.1477738802457605,0.32684740400692364,0.6131095319953033,0.92505672649811,0.7693594737139022]","[null,7.792881532129978e-13,7.920005354753908e-13,7.84401770286806e-13,7.740899181410849e-13,7.722340116965485e-13,7.731710172504868e-13,7.727488738705391e-13,7.735705650905057e-13,7.754261870026911e-13,7.554628442076e-13,7.741252770938156e-13,7.824997439910941e-13,7.686851741602478e-13,7.739074824691655e-13,7.684792152698663e-13,7.790537598817223e-13,7.743143608621229e-13,7.730081033575219e-13,7.76911525831423e-13,3.7789526885036e-13]"
27.000000000000114,sqp_rti,0,"[0.07393194458399892,0.2670284725809845,0.05636232033366803]",2.7277074098941156,0.025522401556372643,"[-2.980232227667301e-09,2.720171671244387e-08,0.0007683423787937516,0.014581632715385429,0.05229834565860331,0.094242469826672,0.10294265281952591,0.1423851797141083,0.14948215173739215,0.1551373602782789,0.23941091656999164,0.33054488312752,0.4074597558998548,0.454103388968602,0.49918218663523534,0.5165295005625239,0.4607060311257996,0.4622697512766301,0.49529057428493745,0.5882067089739962,0.728106662110968]","[null,5.057982772971706e-12,5.0706681736716485e-12,5.081740346082605e-12,5.03762190855886e-12,5.039912624642493e-12,5.0463980950734065e-12,5.046382659745369e-12,5.039731595967118e-12,5.052374720492704e-12,5.037576824976662e-12,5.032583412928474e-12,5.045018870028662e-12,5.110271194087525e-12,5.043602714293162e-12,5.057906923173003e-12,5.0579069231721256e-12,5.0579069231731595e-12,5.057906923172434e-12,5.057906923172486e-12,9.080774422588093e-13]"
27.100000000000115,sqp_rti,0,"[0.10685518896818437,0.13211573300079893,0.08469223915748667]",2.7363867155053883,0.023917019367218018,"[-2.980232227667301e-09,5.2061815469794936e-08,0.00024163284329220547,0.0032846949678026482,0.012029071100083943,0.030121133062018413,0.0590546889027877,0.09260041503543875,0.12958671893783774,0.16520806313494135,0.23395899256000058,0.21320674872228268,0.21673368939775345,0.23641412764453734,0.28697081492264404,0.31254461873997813,0.36611869220108134,0.4766221832063174,0.60858794900576,0.7440955595853047,0.7445357042638683]","[null,2.871460349536317e-14,2.88176872532483e-14,2.874194039346652e-14,2.8634520819181835e-14,2.857709014462587e-14,2.859291116632277e-14,2.870932040484307e-14,2.849877670565675e-14,2.8580119648799725e-14,2.8547383050218267e-14,2.8583056625655323e-14,2.8570108901015726e-14,2.877919802594654e-14,2.8498574955476554e-14,2.892831859770587e-14,2.870423721191102e-14,2.8608374196338385e-14,2.861492716862183e-14,2.8566298483450006e-14,5.677041719861429e-15]"
27.200000000000117,sqp_rti,0,"[0.06361838287074063,0.621175288988731,0.06856020781353414]",2.7406198260998984,0.023210972547531128,"[-2.980232227667301e-09,0.00019491066814447677,0.009997484792790223,0.04116369409910964,0.0849499875459257,0.1269124792643666,0.14218267401151047,0.1749131011249137,0.18227197836835513,0.17963159687309221,0.12024509975061487,0.1804281977159498,0.21036139490892497,0.22224056866435832,0.19709676144858507,0.18724695482876968,0.28280326029697705,0.3414848392813326,0.40810557020189436,0.45381072352785773,0.493433478124312]","[null,1.7515113296362274e-13,1.7453573300166515e-13,1.744486318761694e-13,1.744793304178241e-13,1.744572669135434e-13,1.7456897010175019e-13,1.745030305936589e-13,1.744869479678368e-13,1.7482489411511507e-13,1.7441418814296193e-13,1.7468556870387822e-13,1.7452529797749996e-13,1.741854560956784e-13,1.7409703464190816e-13,1.767072906667487e-13,1.7397877649269238e-13,1.7450156397949634e-13,1.7853196402159063e-13,1.8385901566347695e-13,5.070391530983037e-14]"
27.300000000000118,sqp_rti,0,"[0.06712335985351421,0.27722184600357885,0.07351063243642608]",2.7469611822910944,0.020128607749938965,"[-2.980232227667301e-09,4.218989019255659e-09,2.999920619486951e-05,0.0003243186197036674,3.107643908872859e-08,-6.811069958034821e-09,0.14302167247823833,0.20270582811896248,0.32428531051722304,0.3225884914172184,null,0.11277045928235624,0.2996311055545931,0.2178589296373346,0.14142827988030576,0.19211808572822947,0.139593516356517,0.10466339669804442,0.12317414813011923,0.12408482112817582,0.07830994769818728]","[null,1.206218679742589e-13,1.2070870681862493e-13,1.2081816057879269e-13,1.2062556736373226e-13,1.2062192887539433e-13,1.2003700105358722e-13,1.2000350360344825e-13,1.199768062494172e-13,1.1989007288665436e-13,1.2062186397415562e-13,1.2002928121920614e-13,1.1983102401631715e-13,1.198493501215008e-13,1.1963251243864424e-13,1.2068134298073537e-13,1.198173043850636e-13,1.2019246572735615e-13,1.241264867531704e-13,1.299962304187155e-13,4.293490494936098e-14]"
27.40000000000012,sqp_rti,0,"[0.06945012705725083,0.4054985531280795,0.05493371822442804]",2.7567961183277063,0.018857240676879883,"[-2.980232227667301e-09,1.918291485322743e-05,0.004085392926234832,0.0264245317846184,0.06709989883490303,0.10978028813399804,0.08192497798969606,0.14497886568430546,0.23623872002493657,0.24643694253865506,-2.980232227667301e-09,0.09936810112308764,0.18931010179240532,0.05355049935927242,null,null,0.35655147538815585,0.3915418650073946,0.390374024333849,0.37292090957684537,0.34680112961155346]","[null,6.7756822045662536e-15,6.7629691728599e-15,6.757546913344104e-15,6.7620532637431266e-15,6.764433731842132e-15,6.764108770252528e-15,6.7587109660803185e-15,6.752793760269423e-15,6.775022687045137e-15,6.771220948530632e-15,6.763403943342249e-15,6.758875332150195e-15,6.763563093885691e-15,6.7712209485936395e-15,6.771220948580715e-15,6.769585296075955e-15,6.748068017795355e-15,6.767984117147172e-15,6.756475540657293e-15,1.6097519214099905e-15]"
27.50000000000012,sqp_rti,0,"[0.06103657461143446,0.22868888478461427,0.05526220902687281]",2.762675281136857,0.017191071063280106,"[-2.980232227667301e-09,0.00047698032458554085,0.01960117385207455,0.06649955124386936,0.11370851072059979,0.17443903336817074,0.16022338150849152,0.05455875095453139,0.029214084036983945,0.18167577001467522,0.07767113557522692,null,0.010927715141009042,0.19717880595792964,0.3059635995923003,0.3473184924172415,0.3083543146390156,0.35307009705716724,0.46355558298617155,0.6344242875581478,0.7685117360514411]","[null,9.211958113397033e-15,9.145845326447153e-15,9.141815577076675e-15,9.14161776470917e-15,9.136991900142009e-15,9.14382968904969e-15,9.14580699088768e-15,9.138496966612818e-15,9.125058996887238e-15,9.145138535589572e-15,9.189121535581584e-15,9.139456905995412e-15,9.13346921852609e-15,9.12809815413929e-15,9.142009136207486e-15,9.128598648236208e-15,9.16493743716331e-15,9.141401849321092e-15,9.133141539732993e-15,1.9077653670716772e-15]"
27.600000000000122,sqp_rti,0,"[0.06365184124741514,0.3778848377858567,0.05903654690604562]",2.7688990286536814,0.01634572446346283,"[-2.980232227667301e-09,0.00022113837544085468,0.01139494274999625,0.0474995676071,0.10277186225888074,0.15364928761057756,2.704569250083777e-06,0.02597168464470273,0.10470126170760069,0.18130206257837927,-2.980232227667301e-09,0.027195555484667733,0.07548844648665637,0.15033628039013963,0.18252266842180093,0.20958653575158054,0.22856923627119557,0.25590411542452857,0.2926053588888465,0.3337753890750513,0.4198932190392071]","[null,6.661530544290708e-16,6.656831787545303e-16,6.654490422214173e-16,6.656937631338897e-16,6.659983085262639e-16,6.662668114855768e-16,6.653990520118465e-16,6.65261978195979e-16,6.651872743904107e-16,6.661670997038404e-16,6.656959466919896e-16,6.655851663878973e-16,6.65393191576147e-16,6.650840606216131e-16,6.634441842806137e-16,6.655709560502059e-16,6.65336125438242e-16,6.801504906393115e-16,6.9490902362896e-16,1.259473919694079e-16]"
27.700000000000124,sqp_rti,0,"[0.05546737080516125,0.34915390207567093,0.05737481905418823]",2.774579169597401,0.015119165182113647,"[-2.980232227667301e-09,0.0017064756423559868,0.032120803197385694,0.08849446163688485,0.1405172114446394,0.19660921307128804,0.09325939634113639,-2.980232227667301e-09,-2.980232227667301e-09,-2.980232227667301e-09,0.038193135795165756,0.0007929611238891021,0.09113116339613186,0.130664336360735,0.16891502041307832,0.19012218017567833,0.1959144453294009,0.19516313125728219,0.19938116198253014,0.21070504416514596,0.2325004498701702]","[null,2.97198026171432e-15,2.9660595191432734e-15,2.965895380200714e-15,2.9725542764722643e-15,2.99025290565276e-15,2.9679401068552145e-15,2.9778026376301687e-15,2.977802637629361e-15,2.977802637629361e-15,2.970929730012679e-15,2.983331590105081e-15,2.9697858966547908e-15,2.9665040751924644e-15,2.9641085944293477e-15,2.9662265058974294e-15,2.9598521321849875e-15,2.989674653860845e-15,3.002745983467682e-15,3.051482206989322e-15,5.06883730017109e-16]"
27.800000000000125,sqp_rti,0,"[0.05153522572688138,0.4247461251842678,0.05341079128093423]",2.780029080548982,0.014103222638368607,"[-2.980232227667301e-09,0.001197418667998218,0.0259951368369869,0.07889644427824366,0.14469943937206936,0.1960649450657435,-2.980232227667301e-09,0.06081913579496928,0.1532831285589012,0.21578205544362278,-2.980232227667301e-09,0.07511088685231898,0.08143832239971688,0.15223503087707685,0.1775300972708223,0.19286218389232063,0.20196339563095905,0.20070982317163982,0.19984587910075008,0.1993172083047064,0.20026513633632953]","[null,3.6690285639205597e-14,3.66472878702331e-14,3.664589430897952e-14,3.6701628331909926e-14,3.712345744896187e-14,3.675521499023733e-14,3.661257972233944e-14,3.663522322312739e-14,3.6628510692057796e-14,3.675521499028984e-14,3.667621370418033e-14,3.6708137992594827e-14,3.6617860344305404e-14,3.6606197952806754e-14,3.658107615292059e-14,3.6643176313791366e-14,3.664473593747081e-14,3.6759178520496707e-14,3.6881777738898764e-14,6.8535139401777135e-15]"
27.900000000000126,sqp_rti,0,"[0.04356106813126896,0.3725162839430336,0.04762703548767322]",2.7852970186985617,0.012989148497581482,"[-2.980232227667301e-09,0.0022547764194931763,0.03598138002930612,0.0943751900861301,0.13887520357424138,0.1940756050422195,0.2280243735859287,0.10498595819824602,0.1651662926615785,0.15048949457749644,0.11539328961163592,null,0.119458431102413,0.14762079606477557,0.18758683992799235,0.20100288389251803,0.19927873931775936,0.1995393108225379,0.19949951720374842,0.19924685988163376,0.19886717162469553]","[null,3.2814780596312314e-15,3.275515079124307e-15,3.278220249944158e-15,3.2796597422228217e-15,3.2799930808029666e-15,3.278209640592668e-15,3.279793781659898e-15,3.277171083492001e-15,3.2784833621068343e-15,3.2780278001998734e-15,3.2843207674153915e-15,3.279505852717713e-15,3.27887755589774e-15,3.2742225080027495e-15,3.2729934902719082e-15,3.2759118180239418e-15,3.292918747531734e-15,3.3434052429673923e-15,3.4100000396431586e-15,6.591951524805465e-16]"
28.000000000000128,sqp_rti,0,"[0.04763629151574883,0.3643524149787886,0.045722613348598395]",2.7909528902135596,0.012088090181350708,"[-2.980232227667301e-09,0.001197305904941104,0.025429076594012667,0.07628159346264313,0.14384585371456354,0.19597135950600802,4.4457019043875334e-07,-2.980232227667301e-09,0.0838284358088231,0.17842735227602874,-2.980232227667301e-09,0.09733944608217798,0.06166973639949874,0.15104519502363872,0.18374846631942604,0.19966054329894406,0.20252185802718686,0.20396273850871866,0.2044470805992205,0.20417669472127004,0.2034760542929817]","[null,5.8928642469316664e-15,5.882094263058541e-15,5.891308768159761e-15,5.895993674594606e-15,5.9357633326625525e-15,5.9169238286414506e-15,5.92056655687052e-15,5.88644164402144e-15,5.882696486242493e-15,5.920566556878598e-15,5.8831988195585385e-15,5.9089442029685445e-15,5.883279041582908e-15,5.879693233584839e-15,5.8801924201644706e-15,5.880150211622585e-15,5.910195811993077e-15,6.0155139676561435e-15,6.175203734096784e-15,1.0235682209115411e-15]"
28.10000000000013,sqp_rti,0,"[0.03942968667909583,0.34954363299519603,0.039165273517384795]",2.7961434699593446,0.011303659528493881,"[-2.980232227667301e-09,0.007131167287892037,0.054933746170836184,0.11454249969548586,0.15151834224687805,0.19695481291178824,0.19708049764483065,-2.980232227667301e-09,0.017087188461911762,-2.980232227667301e-09,0.07716250778817085,0.05826855486345012,0.14217679009307177,0.16855389821453742,0.191126520715234,0.19892399604153327,0.20206900853779147,0.20475814488905614,0.20561571558219854,0.20547267657661267,0.20504219776145477]","[null,1.039586881939002e-12,1.0392477772597629e-12,1.0400559467259808e-12,1.0411154246179125e-12,1.041487879426177e-12,1.0407191619759835e-12,1.0441059620322925e-12,1.0401517897782028e-12,1.0441059620323176e-12,1.039893122490351e-12,1.0405894284580776e-12,1.0402504324311002e-12,1.0393914878006738e-12,1.0387553308882044e-12,1.038878257683843e-12,1.0387668445136772e-12,1.0449492817155638e-12,1.0586294049147707e-12,1.091276793409276e-12,2.1271720513268026e-13]"
28.20000000000013,sqp_rti,0,"[0.0387992872729022,0.33126132163107125,0.03775563639192297]",2.800237653668247,0.01061863824725151,"[-2.980232227667301e-09,0.0032358464567641687,0.036688355421724606,0.08749573502885682,0.15239597352451,0.19718719903353304,0.0001289076931819122,-2.980232227667301e-09,0.031667185533923725,0.1163507323502529,0.1089926906446948,0.16437024575033093,0.15064420118895044,0.18270053177105156,0.19607185484713768,0.20091453476883886,0.20330211340382648,0.20531677118320318,0.20596752022361714,0.20567906681054,0.20506977531302867]","[null,3.8170197682360735e-12,3.810501506737782e-12,3.818109145715518e-12,3.819485629175741e-12,3.8420952839178334e-12,3.8316575642621e-12,3.831086016627595e-12,3.818404486609925e-12,3.8101142774700734e-12,3.822664689224507e-12,3.808843539809274e-12,3.823320160650742e-12,3.809770857955493e-12,3.807284140649541e-12,3.808179259885705e-12,3.8068124206545474e-12,3.82018585175481e-12,3.8689800498814235e-12,4.047428639580705e-12,7.344054887019045e-13]"
28.300000000000132,sqp_rti,0,"[0.032055937404037664,0.3867478339274622,0.03696686746884988]",2.803599801089102,0.01003524661064148,"[-2.980232227667301e-09,0.006409370512092505,0.050203806340168466,0.10589966513704924,0.12297508556622888,0.16869734902656291,0.20486231401303884,-2.980232227667301e-09,0.0552702385331017,0.0353619339942533,0.12691720633801112,0.13357730866570422,0.17851361484890022,0.19287608638032055,0.2004621680937831,0.20203890407240693,0.20437483436016352,0.20577138519354393,0.20614537623665258,0.20613400407188182,0.20605448622255268]","[null,4.273456085962249e-12,4.277263748806842e-12,4.271841282081714e-12,4.2801322267701406e-12,4.271904067920094e-12,4.271334340667983e-12,4.278614549958089e-12,4.273786382006527e-12,4.280003595614161e-12,4.273398556293952e-12,4.279424040798448e-12,4.272812406030381e-12,4.278526004203957e-12,4.2723592843372044e-12,4.27842959464919e-12,4.269559880653234e-12,4.298239697495095e-12,4.415862682094335e-12,4.489344235225607e-12,9.313642205664676e-13]"
28.400000000000134,sqp_rti,0,"[0.03142516139300565,0.28719608715313494,0.03284143953270692]",2.8072037140186876,0.009401783347129822,"[-2.980232227667301e-09,0.002446246126906193,0.03300686128183444,0.08230184700789495,0.148874583786413,0.19623169965149573,0.0723258686672395,-2.980232227667301e-09,0.0031741649961148366,0.09090278928227208,0.052593242320423894,0.13378325339853775,0.15083647665435934,0.182058896615591,0.19609902619089042,0.200310322229673,0.20537764703945244,0.20614461569055892,0.20490527334081393,0.20426617591849522,0.20591565506071846]","[null,9.44740637203256e-13,9.394267522368013e-13,9.387857446854605e-13,9.396170461498207e-13,9.378279765274378e-13,9.392737516043092e-13,9.423901032787457e-13,9.411532274425906e-13,9.387502865380689e-13,9.401609176460207e-13,9.394817683775348e-13,9.399365442069385e-13,9.383248654420916e-13,9.379508426481013e-13,9.377666186056463e-13,9.366764225386194e-13,9.37413835918135e-13,9.427264451431855e-13,9.548558142129386e-13,1.8440875357026874e-13]"
28.500000000000135,sqp_rti,0,"[0.030628016138675555,0.3375102022842442,0.02532466515683553]",2.812298350310008,0.008968867361545563,"[-2.980232227667301e-09,0.004273545424946346,0.03998312817623956,0.09039487108691163,0.06533004433823636,0.10545876792011627,0.1515739612024561,-2.980232227667301e-09,0.055862331038252944,0.06286981825764287,0.13521333051339185,0.15364573207918114,0.18325875247888918,0.19388419630372483,0.19786312417990076,0.2004145701420697,0.2022430455015119,0.20280015885785901,0.20398082832284176,0.20617522632615676,0.2090784416846077]","[null,1.0855994792668075e-13,1.0862969681557753e-13,1.0847244692881131e-13,1.0888102292103463e-13,1.086679701506458e-13,1.085605658619076e-13,1.0874183939217691e-13,1.0859684193660336e-13,1.0864736521219279e-13,1.0857911205535833e-13,1.0861332896708085e-13,1.0853199786280853e-13,1.0857256075529805e-13,1.0865906585739638e-13,1.085688948564015e-13,1.083784473988299e-13,1.0884295316093687e-13,1.1127686711657105e-13,1.124503642636571e-13,1.9388982299410276e-14]"
28.600000000000136,sqp_rti,0,"[0.028848883283721958,0.32051904755751487,0.029178885123987214]",2.8144350207156235,0.008506592363119125,"[-2.980232227667301e-09,0.005476663879055377,0.04192064859997374,0.0873007121008243,0.13226772831772565,0.17378640826862296,0.0057812832876258935,0.03922407942614542,0.05875443877362302,0.12502608967513568,0.1333610685688001,0.16912969151313179,0.18554210205776372,0.19619378146987715,0.19883988741035524,0.20034765394561732,0.20228315871625996,0.20181906620893814,0.20124626310885746,0.20240555539156874,0.2067504285960638]","[null,1.7070686771049678e-12,1.7016139711255304e-12,1.7006425024812693e-12,1.701569726717001e-12,1.699686915835632e-12,1.7056197254348333e-12,1.7035076574203676e-12,1.7017717447257903e-12,1.7028721896456868e-12,1.7025798919646926e-12,1.7030078086471353e-12,1.7006848976004403e-12,1.6988615513422895e-12,1.6997112078564978e-12,1.699017664935332e-12,1.6978431596953696e-12,1.702294086889365e-12,1.718936930198374e-12,1.7260036904051373e-12,3.2769729697416884e-13]"
28.700000000000138,sqp_rti,0,"[0.02792419140971817,0.29165321751632617,0.03018355679923236]",2.8170690237094083,0.008103638887405396,"[-2.980232227667301e-09,0.00473811322082246,0.045952359289555045,0.1015718726880877,0.0513920550549159,0.09894706838596506,0.09348728104597798,0.013219964445476518,0.08899123054768837,0.12026353175494081,0.1615510304262216,0.18058246113237858,0.1946034182704935,0.19951923588658788,0.19997962579851675,0.2006913008556495,0.19933050295556215,0.19720904305372217,0.1959525620776617,0.19675241200626276,0.20041014844672206]","[null,8.584092157084249e-14,8.58814699763129e-14,8.577224216858882e-14,8.597145020270198e-14,8.59343816078551e-14,8.571748138254935e-14,8.623055478004739e-14,8.587951682768593e-14,8.591269112092853e-14,8.591996405659688e-14,8.589366156357404e-14,8.568320913083715e-14,8.593525406741592e-14,8.582157590142071e-14,8.566503487605581e-14,8.571920895108671e-14,8.67866068360778e-14,8.844319163065543e-14,8.949180060065559e-14,1.752069144882989e-14]"
28.80000000000014,sqp_rti,0,"[0.027115770961345077,0.27597599083304303,0.030749142944648075]",2.819635350033805,0.007771007716655731,"[-2.980232227667301e-09,0.004576321588519339,0.03468355437358711,0.06947129448557804,0.11556856159362355,0.1556754039253832,0.055568064812878515,0.10787200413395653,0.13154097969564732,0.16463506459269156,0.1787452723357859,0.1924832431690902,0.19833172524142811,0.19930459099531533,0.19944066250650822,0.19970814256805342,0.19827668250335934,0.19635325697788703,0.19534522649166847,0.19641864890093147,0.20057119780270655]","[null,8.906997201813381e-11,8.892833313640386e-11,8.89783828653271e-11,8.884709725583233e-11,8.875515731238663e-11,8.95874947334437e-11,8.90182523162433e-11,8.90825859151729e-11,8.899499066124483e-11,8.902501972389424e-11,8.886358547650084e-11,8.881906817316217e-11,8.885634358297426e-11,8.881473793530099e-11,8.872513687751323e-11,8.889062727777024e-11,9.066053525398754e-11,9.363539806151776e-11,9.844365707707463e-11,2.315480163395193e-11]"
28.90000000000014,sqp_rti,0,"[0.027718414272586433,0.27012315349716376,0.027033520185203858]",2.823042961234724,0.0074896663427352905,"[-2.980232227667301e-09,0.004254642257888019,0.04261097938214392,0.0939074833477605,0.06174587463929698,0.10283907309055423,0.12567536479285907,0.12149969143014944,0.15531412395782668,0.17333901758498343,0.1888111580751229,0.19628719514699783,0.19921706957779578,0.1993667441695422,0.19961296508386256,0.19869560206645148,0.196477958437886,0.1943307469463605,0.19345666553547575,0.1949524528907361,0.1997926499850216]","[null,4.806373018089252e-14,4.7946205249378075e-14,4.785339052134785e-14,4.807269766188813e-14,4.795235152823371e-14,4.793228336623909e-14,4.805550303424826e-14,4.797106403231054e-14,4.793648761650876e-14,4.787603042647296e-14,4.781521087496426e-14,4.789930632863106e-14,4.788575775074543e-14,4.778883719825303e-14,4.78056522147057e-14,4.79203026976111e-14,4.852082267039843e-14,4.9600861105387425e-14,5.0422855583074256e-14,9.574689937330295e-15]"
29.000000000000142,sqp_rti,0,"[0.024764583429520294,0.27509617252747276,0.028294268856883045]",2.825265349830802,0.007250547409057617,"[-2.980232227667301e-09,0.005042315336637071,0.03366468314899579,0.06404076118755314,0.10589561063439562,0.13975946516324173,0.12219806380584403,0.15315953223872186,0.1704941400712599,0.18565849087713532,0.19407094835237332,0.19872789360060922,0.19915148803179933,0.19926559636368496,0.19947915082702822,0.19786534615957124,0.19543648165083455,0.19334633856687305,0.19270608290593644,0.19458912421508573,0.20004627393420976]","[null,7.480935624617238e-12,7.471105531454495e-12,7.472670646042706e-12,7.472830456527345e-12,7.460464839905367e-12,7.500609850946063e-12,7.476613756098733e-12,7.47588934890152e-12,7.47084675193866e-12,7.467913146223177e-12,7.465321982120028e-12,7.468572265019522e-12,7.468869388383542e-12,7.456910292251433e-12,7.457333439348424e-12,7.466314056514394e-12,7.542496917170109e-12,7.671720303813909e-12,7.901185170236884e-12,1.8304417971118293e-12]"
29.100000000000144,sqp_rti,0,"[0.02686724192981099,0.29390906912349923,0.022656627082505192]",2.828894213111172,0.0070359110832214355,"[-2.980232227667301e-09,0.0021220226198346848,0.03021270670845838,0.07366031788843658,0.08222184422622264,0.11649807494255243,0.14456260344226451,0.16030399249603705,0.1777589085369698,0.1889920231898941,0.19613402424005671,0.19900795847339198,0.19910563212806381,0.19930918697857153,0.1986565387279498,0.19649084957182766,0.193830700871289,0.19173483291959031,0.1912644920651168,0.19354478797365787,0.19973616039831016]","[null,1.9565442428764814e-12,1.934355624066969e-12,1.937634493016912e-12,1.9352346728593776e-12,1.93560904064467e-12,1.938053327116382e-12,1.936285307186939e-12,1.935382445352302e-12,1.9341127822891544e-12,1.9331231659146076e-12,1.9331355090395758e-12,1.933560581892041e-12,1.932583608054586e-12,1.9321043192800322e-12,1.9322732089007676e-12,1.9327436236163883e-12,1.9339874058606857e-12,1.939181283579894e-12,1.948148715953546e-12,2.404037677283443e-13]"
29.200000000000145,sqp_rti,0,"[0.023438191710135895,0.3267031661621582,0.02305380944987495]",2.831030245076815,0.006842032074928284,"[-2.980232227667301e-09,0.0038649613150603668,0.030038323374285636,0.06320281826235857,0.10000442623289701,0.12913832009176646,0.14761885803602298,0.16724100065232933,0.18105906029898905,0.19076824830609668,0.19648731340861475,0.19870243326272857,0.19889174276934513,0.1991588657601298,0.19795308024000918,0.195601673697319,0.1929909059426052,0.19104477040564732,0.19079239421115518,0.19337056865800123,0.20003568647337816]","[null,1.4810001082941884e-13,1.4797404749323495e-13,1.4800802988127394e-13,1.4802788460952571e-13,1.4802504623665425e-13,1.4805609514974231e-13,1.4803462874389657e-13,1.4801047331859724e-13,1.47912776021137e-13,1.4794491409714186e-13,1.4793335357060758e-13,1.4803440342615326e-13,1.4782904434492122e-13,1.478713404463174e-13,1.4787301517908814e-13,1.4793577077896424e-13,1.4832438034834347e-13,1.4925409351513658e-13,1.4989986015329256e-13,2.382229201854064e-14]"
29.300000000000146,sqp_rti,0,"[0.02201494235545219,0.33310067657161174,0.022762810676913783]",2.8330974589284246,0.006650593131780624,"[-2.980232227667301e-09,0.0011702331804224753,0.018622537763904046,0.05140368499339304,0.08468212281153314,0.11581748113060969,0.14134560899337317,0.16155082257709524,0.17670905705054168,0.18744086961598044,0.19428757922854062,0.1978014024035531,0.1985708132744904,0.198875786420264,0.19765747962418062,0.1955007075909208,0.1931417247027099,0.19140193694979218,0.19123884066703029,0.19378674928815515,0.20040675085433862]","[null,1.3133726957113545e-13,1.3124524819044099e-13,1.3127283296854842e-13,1.3129010134957627e-13,1.3128761982812247e-13,1.3129108549917426e-13,1.3129164481619772e-13,1.3126749193370815e-13,1.3123579645911258e-13,1.3120131075447487e-13,1.3114577160583428e-13,1.3109185733043325e-13,1.3103074813704802e-13,1.310003620180162e-13,1.310122746073291e-13,1.3116390128250179e-13,1.320990871434812e-13,1.3384985829430458e-13,1.3459611842175574e-13,2.8597853458655873e-14]"
29.400000000000148,sqp_rti,0,"[0.021629189780231126,0.3086646926912867,0.022608839230722436]",2.8351783755127116,0.0064718835055828094,"[-2.980232227667301e-09,0.000716693689571335,0.013611745581834367,0.04221310618060131,0.07566884174522387,0.10693425095206238,0.13337201268553828,0.15432255213461304,0.17021210445116425,0.18163585338247118,0.18928089235452888,0.19383649710526357,0.1959061451248701,0.19617146458896856,0.19513455090040283,0.19336145454577008,0.19148631634217922,0.19022147314697052,0.1904201843437619,0.19313411274473752,0.1997018610274502]","[null,1.1818784926556004e-13,1.1812968332616804e-13,1.1812438548982551e-13,1.1813974904326788e-13,1.1812997778525042e-13,1.1813436329572242e-13,1.1813442107701047e-13,1.181184674398461e-13,1.1808984445639494e-13,1.1804450169850628e-13,1.1796980164664966e-13,1.1788097195847875e-13,1.1780769736357643e-13,1.177684185386601e-13,1.1778269279386572e-13,1.180208889970665e-13,1.196459636123583e-13,1.221051711332875e-13,1.236078216582417e-13,2.980079426763047e-14]"
29.50000000000015,sqp_rti,0,"[0.021359379836852755,0.2868969549341214,0.022338884315889512]",2.8372476937501347,0.0063220784068107605,"[-2.980232227667301e-09,0.0006099838087763598,0.01220942442920575,0.03847937676161167,0.06951708011367402,0.09865369856514122,0.12328994279011313,0.14287848637615924,0.15770535732050633,0.16834895688531476,0.175470536723293,0.1797074497468117,0.1816646818764241,0.18189703009624197,0.18092755570417723,0.17926039158404167,0.17741893502939093,0.1759544625711456,0.17550694795427618,0.17687953134717987,0.18106608360650328]","[null,3.210725809678349e-14,3.209719778279996e-14,3.210809774096416e-14,3.210301370885253e-14,3.210558426764295e-14,3.2105520963483206e-14,3.210477185024624e-14,3.210261477568264e-14,3.209798137250965e-14,3.2089286836357306e-14,3.207491621844251e-14,3.2057885937205164e-14,3.204246376777035e-14,3.203174027876868e-14,3.202911583149103e-14,3.2045742273211e-14,3.214645183299224e-14,3.257925527188197e-14,3.3183390370578453e-14,5.571589868720595e-15]"
29.60000000000015,sqp_rti,0,"[0.021047398563714098,0.2665205060895497,0.02189379448215834]",2.839299498495668,0.006200309842824936,"[-2.980232227667301e-09,0.0005049369077956833,0.010769673895263676,0.03441979075297469,0.062579394961287,0.0891458945372719,0.11170688759709152,0.12972042709104842,0.14341462461737536,0.15329977858070692,0.159966366319982,0.16400796067693763,0.16596489247230012,0.16634297459457487,0.16560341772804038,0.16419001670852823,0.16252152043367546,0.16103039647901768,0.16020894081003406,0.16062890752853037,0.16302712200806796]","[null,9.860129854329797e-13,9.852596605824786e-13,9.86137038181375e-13,9.864070307971474e-13,9.86361006329637e-13,9.864142684834615e-13,9.86390820338113e-13,9.86282522788329e-13,9.861058966395083e-13,9.858813152319156e-13,9.854995196034724e-13,9.849430872047355e-13,9.843207630425598e-13,9.837861334265454e-13,9.83511437097219e-13,9.838801952223665e-13,9.869303392264684e-13,1.0011180548007452e-12,1.022518875578646e-12,1.8793873854747822e-13]"
29.700000000000152,sqp_rti,0,"[0.02070731868657304,0.24765193343455394,0.02127489930817744]",2.841333922707176,0.006105460226535797,"[-2.980232227667301e-09,0.00037882187032273196,0.008977421117665696,0.02958893236522614,0.05462000710677445,0.07851727210019704,0.09899091585643732,0.11547257559769691,0.12809987380577043,0.13730454683976917,0.14360350937735405,0.14752365560303532,0.14954512381649893,0.15012996692150155,0.14967838104945203,0.1485773441732377,0.14717355572942808,0.14583157667495855,0.14490125867764264,0.1448141131450214,0.14608097880563592]","[null,1.6231326524225863e-14,1.6273208491341112e-14,1.6275231131454962e-14,1.6277551270968067e-14,1.6276499602960986e-14,1.627673012410817e-14,1.627665072896876e-14,1.6276157653938767e-14,1.6274809345008584e-14,1.6271958070399163e-14,1.6265982989733487e-14,1.6255873248296232e-14,1.6242557950274597e-14,1.622894296355381e-14,1.621963751660773e-14,1.6223758322742205e-14,1.628153832066948e-14,1.6562045548523953e-14,1.7184437825735355e-14,3.856328659415369e-15]"
29.800000000000153,sqp_rti,0,"[0.02036435478395339,0.23024782533669522,0.020494051427351095]",2.843352151647999,0.006036095321178436,"[-2.980232227667301e-09,0.0002569297982191743,0.007056154168559925,0.024400942789697677,0.046126698279022105,0.06727436065984166,0.08566376291171879,0.10063848888863874,0.11223537663140065,0.12081415237746002,0.12679263646478917,0.13062771529763212,0.13275097836449562,0.13355837450799585,0.13341393443294863,0.13264891555666197,0.13156881421679928,0.13046533359016693,0.12962162747599565,0.1293393133764454,0.1299790294233681]","[null,4.699606217404868e-17,4.697011491410018e-17,4.699161817044155e-17,4.6983473207293074e-17,4.69765324656357e-17,4.697612877403179e-17,4.69752542841812e-17,4.697308128555878e-17,4.696893809781363e-17,4.696075048801158e-17,4.694546334210836e-17,4.6922602654916806e-17,4.6894397905985545e-17,4.686737638722175e-17,4.685116443723782e-17,4.685619153370656e-17,4.691381344570254e-17,4.7242826872100086e-17,4.805048448900467e-17,8.358042307099803e-18]"
29.900000000000155,sqp_rti,0,"[0.02002822304301584,0.2142371494761447,0.01956213855235874]",2.8453552740894055,0.005990419536828995,"[-2.980232227667301e-09,0.00015775954251900925,0.005224973052892434,0.019254324616157004,0.03760291522099807,0.05595135282061109,0.07220743468945728,0.08565083849510274,0.09623254558341615,0.1041710882802363,0.10984159460926152,0.11359423517689465,0.11580888480054058,0.11683408332649209,0.11698908177600559,0.11656019586593375,0.11580867411850876,0.11498090947365186,0.11431007849575608,0.11402223506232972,0.11438090862963862]","[null,4.4975225396430495e-14,4.478268345730912e-14,4.483962365039205e-14,4.4858675633747895e-14,4.485053418955661e-14,4.4848315605926674e-14,4.4844642188690226e-14,4.483905871914675e-14,4.483189865653894e-14,4.4823912019512715e-14,4.481529303139423e-14,4.4807926693666543e-14,4.4805266805320173e-14,4.4814329640740277e-14,4.485084506810467e-14,4.4943811251854923e-14,4.515458372770329e-14,4.567763352990516e-14,4.6819111418793644e-14,1.4684523262399567e-14]"
30.000000000000156,sqp_rti,0,"[0.019706092439961662,0.1995183134164964,0.01848998491717866]",2.8473443724547947,0.005966566503047943,"[-2.980232227667301e-09,8.708129674822596e-05,0.0036262748953264645,0.014472752578144121,0.02946215049404871,0.04496990174802279,0.059052438324006584,0.07092921321218598,0.08044718630749942,0.0877315425283996,0.09304537815567643,0.09668521849630879,0.09897102814706643,0.10018798667913914,0.10061549111424811,0.10049711621763607,0.1000581930852576,0.0995081463773822,0.09904143237643553,0.09883933153601704,0.0990917541822654]","[null,7.79414400276111e-15,7.73224584741246e-15,7.734466304551553e-15,7.758704745089692e-15,7.764375742368407e-15,7.763629450272925e-15,7.762352626423757e-15,7.760720128414268e-15,7.758621166041664e-15,7.756260866165034e-15,7.754830276196378e-15,7.756030770760604e-15,7.761490585121162e-15,7.772346296675461e-15,7.788669452745011e-15,7.810866975393897e-15,7.843630515947455e-15,7.90296089485692e-15,7.988960220319773e-15,3.804976985209325e-15]"
30.100000000000158,sqp_rti,0,"[0.019403559106884644,0.18602572374687645,0.01728884367647248]",2.849320572059622,0.005962595343589783,"[-2.980232227667301e-09,4.284162551468351e-05,0.0023405119085973536,0.010297991170998,0.022057983964032968,0.03474837781567147,0.046622791190213786,0.05688457627874116,0.06527657220559463,0.07184171051542237,0.07675115956803752,0.0802366723764763,0.08254094988481314,0.08390308860684287,0.08455428060341391,0.08470381539235633,0.08454737846580046,0.08425225360312966,0.08398268340660736,0.08389155783090346,0.08413266056898011]","[null,4.422009588541045e-12,4.369090277003319e-12,4.356146015912906e-12,4.3777508641648194e-12,4.383174915659661e-12,4.383541781147204e-12,4.38333541857204e-12,4.383066871738374e-12,4.3825176163390495e-12,4.381345160110168e-12,4.379801166913178e-12,4.378918804609538e-12,4.37962004619839e-12,4.3824593482484385e-12,4.388367942298574e-12,4.39819200638056e-12,4.411464903749261e-12,4.415322485628385e-12,4.336916032520126e-12,1.4266385621230622e-12]"
30.20000000000016,sqp_rti,0,"[0.019121283232340035,0.17360974186672942,0.015968958475071106]",2.851284897268395,0.005976691842079163,"[-2.980232227667301e-09,1.8554390302738533e-05,0.0013940950081566261,0.006882871084718911,0.015671246561434427,0.025645757664450042,0.03531873906815691,0.043915361263558605,0.0511249879042282,0.05690719718225595,0.06134664576308141,0.06459868213304604,0.06685640441912072,0.06829929326459522,0.06911923415357607,0.06948725462618627,0.06956403505134362,0.0694841542807268,0.06939241020525772,0.06940680871848032,0.0696512881184333]","[null,3.147002738679274e-13,3.114029558914959e-13,3.097089453400991e-13,3.1051616217798156e-13,3.110514484970706e-13,3.1111948864778307e-13,3.1109885030739564e-13,3.1106369116462236e-13,3.1101320088902704e-13,3.109295581926992e-13,3.1082241472425904e-13,3.107601907975263e-13,3.1081599459020426e-13,3.1102740105087506e-13,3.114313115323186e-13,3.121050015549383e-13,3.131390131302024e-13,3.13639750234274e-13,3.085251369553554e-13,7.939294787235557e-14]"
30.30000000000016,sqp_rti,0,"[0.01886106976273642,0.1621129498003808,0.014540720818334572]",2.853238387231628,0.006007160991430283,"[-2.980232227667301e-09,6.965141566117605e-06,0.0007570711320368795,0.004277291033896458,0.010466620137445315,0.01792511984127715,0.025471255506119672,0.0324073262073597,0.03838770602618241,0.04331405358673096,0.04720398756650185,0.050146714900414946,0.05227546842894598,0.05373141524594588,0.054652833375258336,0.055174358019350944,0.05542311886243284,0.055515054910448225,0.0555594613540869,0.05566280739369206,0.05590946242976075]","[null,8.4450692041878e-17,8.406341851748601e-17,8.382227568299758e-17,8.385442052098422e-17,8.395791183715003e-17,8.398695645874637e-17,8.399332004644044e-17,8.399672735686433e-17,8.400050196456075e-17,8.4000765452282e-17,8.399318296225654e-17,8.398377055646125e-17,8.398733633659592e-17,8.401364898257739e-17,8.406526236769488e-17,8.414292955911677e-17,8.424111180069784e-17,8.433436170807352e-17,8.436260332470317e-17,1.3110721882676305e-17]"
30.400000000000162,sqp_rti,0,"[0.01612846644886794,0.1509286690543938,0.01918125606335821]",2.85370244075613,0.006052326411008835,"[-2.980232227667301e-09,2.224522268362561e-06,0.0003696318194502113,0.002442854325067245,0.006501126318175399,0.011744610833653024,0.017318119697226575,0.022643604230624004,0.02738943065342242,0.03141423405945859,0.03468776455259076,0.0372469661937565,0.03916954436239878,0.040552544638100596,0.04149767836837698,0.0421060440415964,0.04246796020573812,0.04267769541880356,0.04282549791340601,0.042983888342701004,0.04322265902353167]","[null,8.336179530437676e-17,8.288957162839205e-17,8.249191413418565e-17,8.236254684585362e-17,8.250927273744434e-17,8.260447131593771e-17,8.263385231246885e-17,8.264248169649472e-17,8.264338338152354e-17,8.26362864400553e-17,8.262305157448826e-17,8.261674061292949e-17,8.263419053401974e-17,8.268388150131046e-17,8.276985607247098e-17,8.289249220926452e-17,8.303697715063798e-17,8.315925106471816e-17,8.318628467776724e-17,1.5033254231960265e-17]"
30.500000000000163,sqp_rti,0,"[0.016153829696654094,0.14072320468481148,0.016764548199140306]",2.8555570836986135,0.006106607615947723,"[-2.980232227667301e-09,3.043058049989611e-08,4.385962819855593e-05,0.0006535240649850338,0.0025489765741054105,0.005685066952392515,0.009531500710486196,0.013552094318678709,0.017367637441456918,0.020759165968478765,0.02363102383470911,0.0259685204394991,0.027799534436726614,0.02918554506276544,0.03019387779380872,0.03090141180576006,0.031383926495831826,0.03170829984453932,0.03194182292377762,0.03214447338437304,0.03237835273460804]","[null,5.806434876117758e-13,5.813812450958453e-13,5.792169224678893e-13,5.777146096938235e-13,5.773054534592094e-13,5.778567847534505e-13,5.782896516322157e-13,5.78460126867496e-13,5.785106374965019e-13,5.785083493989769e-13,5.784893998945086e-13,5.785105411681094e-13,5.786456005797466e-13,5.789495875632577e-13,5.794539513957907e-13,5.801468638174224e-13,5.809098769327517e-13,5.814873535862111e-13,5.815546008461867e-13,9.23730430754773e-14]"
30.600000000000165,sqp_rti,0,"[0.01629948286064913,0.13193333924903758,0.01454732015667063]",2.8574316746232733,0.006169494241476059,"[-2.980232227667301e-09,-2.9746784757644917e-09,2.1401761602479752e-05,0.00035696811202018397,0.001500611991357037,0.0035317862718214355,0.006165246196280283,0.009043073288835413,0.011876828363493186,0.014479358535864517,0.01674909060846802,0.018650852199320778,0.020188161774556346,0.021389882241952318,0.022300942107585098,0.022969460588321777,0.02344903923852898,0.023791829407179332,0.02404224161013141,0.024252808211573662,0.024465369976890028]","[null,1.0117184347708908e-13,1.0139132367413711e-13,1.0106390330155107e-13,1.0077915410106678e-13,1.0062319680981102e-13,1.0062805183228163e-13,1.0071282988982033e-13,1.0077373470804038e-13,1.0080208045516094e-13,1.0081385611446381e-13,1.0082269272760083e-13,1.0084133192005584e-13,1.00880846251713e-13,1.0094954399248492e-13,1.0105106124607706e-13,1.0117813507186494e-13,1.0130554147416618e-13,1.0139509140236302e-13,1.0140912062606114e-13,1.636617516728685e-14]"
30.700000000000166,sqp_rti,0,"[0.016440708880655634,0.12407565243431269,0.01236806651626131]",2.8593100629881376,0.006240773946046829,"[-2.980232227667301e-09,1.2271036686772874e-09,8.487766994524915e-06,0.00016703249720889657,0.0007748073618576989,0.0019522756384582896,0.0035833972868520303,0.005463303951024845,0.007397264145454774,0.009242354392599073,0.010907416670882075,0.012346137021382486,0.013548195830879461,0.014518172181051281,0.01527722360109679,0.015859362143040567,0.01629111456626725,0.016612856405367193,0.01685435599358237,0.017047732886933897,0.01722532975464547]","[null,6.600370556309831e-13,6.611699212908398e-13,6.602990989012802e-13,6.593118547668878e-13,6.586370365870459e-13,6.583154690876815e-13,6.583736530362366e-13,6.585949230324555e-13,6.587876127112107e-13,6.589256066028685e-13,6.590522677096087e-13,6.592159553669116e-13,6.594549126255772e-13,6.597915434533049e-13,6.602184910398561e-13,6.606864693459383e-13,6.611076280994906e-13,6.613922192478966e-13,6.614751464456463e-13,8.989462659624692e-14]"
30.800000000000168,sqp_rti,0,"[0.014038306174445458,0.11600438345848414,0.01637964164529071]",2.859711220501041,0.006320014595985413,"[-2.980232227667301e-09,-6.5315542974175855e-09,2.912943992489092e-06,6.878170194224431e-05,0.0003563226651846496,0.0009685484162882951,0.0018812234126295846,0.002996035917099793,0.004199608965366697,0.005398371771862476,0.006520802308995155,0.007524348305483042,0.008388131229843776,0.009108663302422937,0.009691105110871956,0.010152432675745449,0.010508304503910548,0.010778453533675514,0.01098511824266507,0.011146931152984874,0.011286211203563934]","[null,4.142746846253142e-17,4.152204463042691e-17,4.148386502075269e-17,4.1423360679570515e-17,4.1373043209803597e-17,4.1340462032024354e-17,4.132641561059183e-17,4.133007514486347e-17,4.134414220017097e-17,4.136191446966853e-17,4.138123971825958e-17,4.140276208740064e-17,4.142757248816749e-17,4.145585443591046e-17,4.1486019979325273e-17,4.151495612474689e-17,4.1539180031033423e-17,4.155592812047398e-17,4.156375797708448e-17,5.810784261683628e-18]"
30.90000000000017,sqp_rti,0,"[0.014355780747756461,0.10874972306247768,0.013415017734198]",2.8615110718388372,0.006403282284736633,"[-2.980232227667301e-09,-9.8817584670563e-10,5.6490366800998615e-08,6.2530157134144115e-06,6.431575588358718e-05,0.00025690099989594817,0.0006328270548589532,0.0011792932311097126,0.0018435211183212563,0.0025632693768125603,0.0032817425299700997,0.003959101937088871,0.004568304533336953,0.005095718643897851,0.005538320993296264,0.00589991209311852,0.006186969231528228,0.0064102811648616975,0.006581844438324158,0.006714735293614826,0.006818976342391647]","[null,4.405260577253876e-13,4.4081250889567665e-13,4.418949833944852e-13,4.413732132457086e-13,4.4060614377747273e-13,4.399329934741014e-13,4.394924083702103e-13,4.392945987839937e-13,4.393208855480455e-13,4.395247075014752e-13,4.3984471483692555e-13,4.4023308612764496e-13,4.4065576016636056e-13,4.410849945377815e-13,4.414921366609113e-13,4.4184732596858957e-13,4.4212794101307915e-13,4.4232085850657937e-13,4.4242308905038993e-13,6.778690642155096e-14]"
31.00000000000017,sqp_rti,0,"[0.014764283912994964,0.10256822967408973,0.010718995887597855]",2.8633377833830833,0.006490651518106461,"[-2.980232227667301e-09,-2.229762929850665e-09,2.515403371705638e-08,2.441292697497044e-06,2.706926641407592e-05,0.00011524649193392356,0.00030017897205797395,0.0005860893226906083,0.000952933051414917,0.0013691193765808518,0.001802121352203312,0.0022248882275549,0.0026173107096728043,0.002967929676008396,0.0032694203028278968,0.003522849809680484,0.0037286268640127074,0.003892209574810679,0.004019333654441237,0.004116628086477114,0.004191504612041375]","[null,4.5299365394930614e-13,4.530976795080136e-13,4.545536961601521e-13,4.541820485710523e-13,4.53534164777332e-13,4.5287630766188833e-13,4.52395567400553e-13,4.521372043381121e-13,4.520855930286452e-13,4.5220970429444505e-13,4.5246943788909363e-13,4.5281765618110343e-13,4.5320783264336515e-13,4.5359873412764935e-13,4.5395714133893086e-13,4.542579820047744e-13,4.5448624561826786e-13,4.546388446281323e-13,4.5471812744425776e-13,7.018210721343394e-14]"
31.100000000000172,sqp_rti,0,"[0.012605155824047976,0.09625211504227686,0.014312595313364098]",2.8636971433256604,0.006582625210285187,"[-2.980232227667301e-09,-2.8253675232736697e-09,-9.043186033341755e-09,7.37724353994107e-07,9.023372521177464e-06,4.185289082758725e-05,0.00011682270740034917,0.0002417947054450531,0.0004126869599928029,0.0006174113931458058,0.0008411211710373512,0.0010686759931946566,0.0012880679197302958,0.0014906729529718388,0.0016705694733956666,0.0018253052048760599,0.001954441592729561,0.0020589540083680302,0.0021412567387169568,0.002204335038501315,0.002251398054974818]","[null,2.089077539315148e-16,2.089161168292897e-16,2.0939748685496882e-16,2.0935759469789108e-16,2.0927151620287648e-16,2.091641296887633e-16,2.090700178256659e-16,2.09007056877214e-16,2.0897723909054534e-16,2.089757639956764e-16,2.089955506923036e-16,2.0902846536846475e-16,2.0906575301409793e-16,2.0909944347177476e-16,2.0912322707119448e-16,2.0913394645224598e-16,2.091321027300724e-16,2.0912129356963218e-16,2.0910665052843087e-16,2.7255939515588438e-17]"
31.200000000000173,sqp_rti,0,"[0.013134982947432434,0.0904276890663388,0.010990038977749693]",2.865461201421005,0.006676122546195984,"[-2.980232227667301e-09,-2.9802300349768274e-09,-2.822237027411134e-09,2.3410435756598957e-08,6.245619551537018e-07,5.208961416702795e-06,2.110656879678041e-05,5.6023788105374894e-05,0.00011378353557103815,0.00019307314132283038,0.0002889069353930185,0.00039439084631537336,0.0005026404445765409,0.000607754769173463,0.0007050051772420907,0.0007916926608562691,0.0008657876636936623,0.0009273595077952668,0.0009762626043259837,0.001013330970351889,0.0010402548432628111]","[null,3.289194595463221e-17,3.289195469899757e-17,3.28965342673289e-17,3.2993180033846855e-17,3.298639086273736e-17,3.297336234642141e-17,3.295776400551861e-17,3.294427384608436e-17,3.293533453812209e-17,3.293126826121024e-17,3.2931583710454635e-17,3.2935658305216843e-17,3.294273537193411e-17,3.295187377940216e-17,3.296195051119379e-17,3.2971782768099404e-17,3.2980309523770133e-17,3.298677117699739e-17,3.2990708508649426e-17,4.330335986124008e-18]"
31.300000000000175,sqp_rti,0,"[0.011204947889554916,0.08524395889869937,0.014176069284938177]",2.8657798044517238,0.006771475076675415,"[-2.980232227667301e-09,-2.9802309509108227e-09,3.334928749820776e-09,-1.5296768574035724e-09,1.7344875374858404e-07,1.6438629811821315e-06,7.061032287147828e-06,1.976527528033123e-05,4.219448494902078e-05,7.486793435879102e-05,0.00011642691604019095,0.00016430418308033268,0.00021550715146584354,0.0002668917954225525,0.0003160403937242928,0.00036097211653557393,0.0004003765008575577,0.00043370042536611253,0.0004605752274890462,0.0004809923339474387,0.0004956793247699598]","[null,3.943863687897891e-16,3.9438638641503694e-16,3.9439428170777313e-16,3.9471264799813684e-16,3.9479126845483213e-16,3.947547878753478e-16,3.947160326972071e-16,3.9469707389649366e-16,3.9471275036719025e-16,3.9476520520420925e-16,3.948460463694306e-16,3.9494155372701494e-16,3.950382274611637e-16,3.95126304081226e-16,3.952009812197111e-16,3.952614569165334e-16,3.953090076899004e-16,3.953450989025861e-16,3.9537082798435843e-16,4.6626706535279055e-17]"
31.400000000000176,sqp_rti,0,"[0.011951435438659069,0.08034109932137673,0.01052167554124807]",2.8675106788062616,0.006867069751024246,"[-2.980232227667301e-09,-2.980232227667301e-09,-2.964064771404651e-09,-2.868972365233091e-09,-8.598475320642507e-09,8.276569263276912e-08,7.373620384831803e-07,2.8893822391629076e-06,7.865080061258967e-06,1.654356729041684e-05,2.9221439767246338e-05,4.5519217120787436e-05,6.437426224922826e-05,8.460763947476524e-05,0.00010501351875430442,0.00012443187402524925,0.00014209901068606978,0.00015736851137354568,0.0001698351380521601,0.00017943352278157465,0.0001861516458001311]","[null,1.1219614177428381e-15,1.1219614177678797e-15,1.1219616163001125e-15,1.1219789864467412e-15,1.1222601996026312e-15,1.1228777482138235e-15,1.1228202898357981e-15,1.122732952243452e-15,1.1226278796154392e-15,1.1225173245540818e-15,1.1224072544986463e-15,1.1222985202435706e-15,1.1221916909080995e-15,1.1220909430838575e-15,1.122002794397502e-15,1.1219322685022814e-15,1.1218800583194786e-15,1.1218434504020417e-15,1.1218189471187344e-15,1.3174883214309924e-16]"
31.500000000000178,sqp_rti,0,"[0.010208059548811023,0.07602332775286999,0.013432665743536555]",2.86780177782649,0.006963279098272324,"[-2.980232227667301e-09,-2.980232227667301e-09,-2.97156574347035e-09,-4.7980358575117066e-09,-1.6131017632758926e-09,2.3169555884994253e-08,2.0331325242817222e-07,7.9869264232868e-07,2.2988438428406255e-06,5.088078183057565e-06,9.389477199445162e-06,1.519259570872955e-05,2.2223934581760973e-05,3.0111849997710438e-05,3.831292282036047e-05,4.639128649780444e-05,5.392382188956768e-05,6.0584784451894746e-05,6.609759753301025e-05,7.041157086654093e-05,7.337812891408668e-05]","[null,7.919376373112762e-14,7.919376373229004e-14,7.919376918440143e-14,7.91941882170133e-14,7.919985747984877e-14,7.924931099877311e-14,7.927982464298083e-14,7.928639535265607e-14,7.929689113621135e-14,7.931125757285497e-14,7.932876637534896e-14,7.934837340264086e-14,7.936949051914946e-14,7.939272886121577e-14,7.94200796760802e-14,7.94543168678936e-14,7.949797426303161e-14,7.955197981355556e-14,7.96142141070105e-14,9.629649698000372e-15]"
31.60000000000018,sqp_rti,0,"[0.011114396705473317,0.07215660180193698,0.009546335271778034]",2.8695094585082157,0.007059007883071899,"[-2.980232227667301e-09,-2.980232227667301e-09,-2.9802318390892424e-09,-2.880293531459799e-09,1.5145110165981635e-10,-1.0683947337941646e-09,-9.336223377731656e-09,5.372756997634731e-08,2.5866010236463843e-07,7.139236408437721e-07,1.5506132088616287e-06,2.857657111637879e-06,4.641441355229814e-06,6.792893077839368e-06,9.212310146972102e-06,1.1709190384345813e-05,1.415352480549359e-05,1.635302831790031e-05,1.826027438808775e-05,1.972558458374074e-05,2.076166051373507e-05]","[null,1.5459293252262693e-12,1.545929325226346e-12,1.5459293258257507e-12,1.5459296166982038e-12,1.5459404162205013e-12,1.5460478571500158e-12,1.5466099205132065e-12,1.5498916221007525e-12,1.5508636426483917e-12,1.551669413448088e-12,1.5527926662864742e-12,1.5541954145393754e-12,1.5557866710901154e-12,1.5574104549161712e-12,1.5587904000032353e-12,1.559394594072113e-12,1.558411166490465e-12,1.5551760307534428e-12,1.5499605118551458e-12,2.130620058968618e-13]"
31.70000000000018,sqp_rti,0,"[0.009500825614701155,0.06804457674071447,0.012261588252241959]",2.8697809838062667,0.007155098021030426,"[-2.980232227667301e-09,-2.980232227667301e-09,-2.9802318390892424e-09,-2.9435265058719295e-09,-2.2126561138868794e-09,-6.371789873504952e-09,-5.5587249525590465e-09,-7.19423395856289e-09,5.017488186043195e-08,1.4897464375995817e-07,3.487104969779331e-07,7.092422528720554e-07,1.1900561132649479e-06,1.819998906915643e-06,2.5341856927929562e-06,3.310815483381635e-06,4.087411903302973e-06,4.795947748187368e-06,5.419115168381339e-06,5.933342132724562e-06,6.290110690865269e-06]","[null,4.897153973823201e-15,4.897153973835318e-15,4.8971539745033635e-15,4.897154197919677e-15,4.897161619126649e-15,4.897233052020968e-15,4.8975649536965026e-15,4.898571090157053e-15,4.901204867234521e-15,4.907091211076511e-15,4.909043483996486e-15,4.9109072798628286e-15,4.912233329942926e-15,4.913019438539156e-15,4.914464746391694e-15,4.91988942528517e-15,4.935795643586031e-15,4.9718313295817774e-15,5.036015349262058e-15,7.035014808146663e-16]"
31.800000000000182,sqp_rti,0,"[0.010518762144524978,0.06439297804952515,0.008208843157738153]",2.871472023025722,0.007249731570482254,"[-2.980232227667301e-09,-2.980232227667301e-09,-2.980232227667301e-09,-2.980222346682382e-09,-2.9372161092222626e-09,3.789372010620795e-09,-8.404516221860447e-09,1.2410064642587315e-10,-4.537761444378674e-09,-4.9570318128022706e-09,2.3328820097923142e-08,8.25558472417054e-08,1.3892907355095296e-07,2.578933794017413e-07,3.8566844806631195e-07,5.296390078735058e-07,7.157581878580732e-07,8.648300867386549e-07,1.0138036792561866e-06,1.1238515868206012e-06,1.1883109671262382e-06]","[null,2.840925684215838e-17,2.840925684296617e-17,2.840925684215838e-17,2.840925684215838e-17,2.8409256839936945e-17,2.8409257550795284e-17,2.840926387521307e-17,2.840931126321098e-17,2.840962386054019e-17,2.8411206198083074e-17,2.841733321797846e-17,2.84381575884503e-17,2.851612132270815e-17,2.871908194965826e-17,2.896975039069934e-17,2.9279032470888795e-17,2.943573370527328e-17,2.9307859070213105e-17,2.906642660012955e-17,8.66170049740137e-18]"
31.900000000000183,sqp_rti,0,"[0.009003168868485532,0.06149940955006787,0.010787015155361342]",2.8717298402254805,0.007343783974647522,"[-2.980232227667301e-09,-2.980232227667301e-09,-2.980232227667301e-09,-2.9802277035084757e-09,-2.9704569914912327e-09,-1.8260914447232324e-09,-3.732687964275172e-09,-9.795748823204775e-09,4.1502093428569253e-10,4.024971245186748e-09,-3.755996957899299e-09,6.426241205836902e-10,3.039933824111607e-08,5.472867628530942e-08,4.921690716086502e-08,1.213120298659831e-07,1.399021719861171e-07,1.7418296155424784e-07,2.0156435287521646e-07,2.30856741223473e-07,2.682867380199294e-07]","[null,1.4270382258853578e-12,1.4270382258853586e-12,1.4270382258853578e-12,1.427038225881739e-12,1.4270382255241362e-12,1.4270382185875417e-12,1.4270381605057797e-12,1.4270378955378894e-12,1.4270371034041704e-12,1.4270353549890386e-12,1.4270323140178596e-12,1.4270280169230366e-12,1.4270230278547718e-12,1.4270176981216602e-12,1.4270081447689962e-12,1.4269742941218504e-12,1.4268588171631907e-12,1.4265604862940349e-12,1.4260025787686073e-12,2.0515957543478528e-13]"
32.000000000000185,sqp_rti,0,"[0.010095822356412137,0.057915164198892075,0.0066142989572846944]",2.873408882334583,0.007437136024236679,"[-2.980232227667301e-09,-2.980232227667301e-09,-2.980232227667301e-09,-2.980232227667301e-09,-2.9802276757529e-09,-2.977367796752617e-09,-2.768814288955923e-09,1.4205501219777261e-09,-6.780923739180267e-09,-5.698828048350535e-09,-1.0068323119671874e-08,-9.189642186102631e-09,-1.2129847126729487e-10,-1.6332399321861146e-10,-1.8885595309825476e-09,-6.672761204695732e-09,-7.837563653634305e-09,2.288476005918305e-08,3.106013057863066e-08,2.1769624186651626e-08,2.2876585320519283e-08]","[null,1.3236235902506332e-14,1.323623590250714e-14,1.3236235902506332e-14,1.3236235902493408e-14,1.3236235903059873e-14,1.3236235938279672e-14,1.3236236563632456e-14,1.3236241467578776e-14,1.3236263593575094e-14,1.3236331173215743e-14,1.3236486795514995e-14,1.3236777541365826e-14,1.3237240850510089e-14,1.323789201171412e-14,1.3238717370128361e-14,1.3239671624021936e-14,1.324068126507448e-14,1.3241651192469302e-14,1.3242481521607935e-14,3.1469449723484994e-15]"
32.100000000000186,sqp_rti,0,"[0.008645174294000014,0.05500634765671469,0.009092167185797865]",2.873656669157435,0.007529057562351227,"[-2.980232227667301e-09,-2.980232227667301e-09,-2.980232227667301e-09,-2.980232227667301e-09,-2.9802313117333057e-09,-2.9798826739479978e-09,-2.959401557145469e-09,-2.577109081691731e-09,7.59232898772666e-10,2.9879379803698924e-09,3.1540631773019356e-09,-4.661672686756546e-09,-6.773892946565496e-09,-4.528229374800574e-09,2.9754595731734668e-09,-3.747674143239621e-09,-1.1069417049647257e-09,-2.285650363420544e-09,-9.859867894368435e-09,2.8220739634043923e-10,2.1619425416563587e-09]","[null,5.043995994455264e-15,5.0439959944560716e-15,5.043995994455264e-15,5.043995994455264e-15,5.043995994478892e-15,5.043995995693813e-15,5.043996016144925e-15,5.0439961785756515e-15,5.043996947414787e-15,5.043999449622408e-15,5.0440056059619785e-15,5.044017818503394e-15,5.04403825317668e-15,5.044068013065956e-15,5.044106566742415e-15,5.0441515451781495e-15,5.044199120164321e-15,5.0442445462071545e-15,5.044283067031255e-15,1.1261934048072565e-15]"
32.20000000000019,sqp_rti,0,"[0.007882286773041739,0.051981923196744,0.009511534783385695]",2.8742135789116663,0.0076195113360881805,"[-2.980232227667301e-09,-2.980232227667301e-09,-2.980232227667301e-09,-2.980232227667301e-09,-2.980232227667301e-09,-2.980232088889423e-09,-2.980202695734846e-09,-2.97879373944987e-09,-2.9543137103349437e-09,-2.7436278526860036e-09,-1.6509913991491487e-09,2.2346838268738622e-09,-2.3192925358017646e-09,-1.0192741178860487e-08,-1.3834268453027931e-09,-2.773138607636838e-09,-6.731977753027252e-10,-1.2103223145931707e-09,2.619056360675387e-10,-8.503408227555909e-09,-8.940663348555589e-09]","[null,1.092313537880105e-15,1.0923135378809129e-15,1.092313537880105e-15,1.092313537880105e-15,1.0923135378778836e-15,1.0923135378811148e-15,1.0923135378982804e-15,1.0923135381919134e-15,1.0923135404898841e-15,1.0923135515849288e-15,1.0923135886458918e-15,1.0923136821350725e-15,1.0923138713722266e-15,1.0923141918647282e-15,1.0923146593185075e-15,1.0923152578535549e-15,1.0923159368688733e-15,1.092316619174335e-15,1.0923172166915624e-15,2.342281297181528e-16]"
32.30000000000019,sqp_rti,0,"[0.00855560328869821,0.04942306908704687,0.006637416735826017]",2.875507507841344,0.007707614451646805,"[-2.980232227667301e-09,-2.980232227667301e-09,-2.980232227667301e-09,-2.980232227667301e-09,-2.980232227667301e-09,-2.980232227667301e-09,-2.980232144400574e-09,-2.980223789972314e-09,-2.979972352212812e-09,-2.9766717701829037e-09,-2.9528530454125956e-09,-2.842685781212495e-09,-2.4804215070783897e-09,-1.5699752331510552e-09,2.7166721650040415e-10,3.3750357231188133e-09,-7.0583106304145105e-09,-1.4971677231301328e-09,-1.0389860249926386e-08,-4.858347807390473e-09,-7.080240838064356e-10]","[null,5.4070876956813365e-15,5.407087695682144e-15,5.4070876956813365e-15,5.4070876956813365e-15,5.407087695679115e-15,5.407087695675884e-15,5.407087695680125e-15,5.4070876956894144e-15,5.407087695958208e-15,5.407087697676385e-15,5.407087705165641e-15,5.407087728473716e-15,5.407087784431394e-15,5.40708789322382e-15,5.407088070544e-15,5.407088318535413e-15,5.407088620614866e-15,5.407088940860789e-15,5.40708923196576e-15,1.297046359631381e-15]"
32.40000000000019,sqp_rti,0,"[0.007363203340874733,0.047029793101909724,0.00857906256509638]",2.875746967990087,0.0077943019568920135,"[-2.980232227667301e-09,-2.980232227667301e-09,-2.980232227667301e-09,-2.980232227667301e-09,-2.980232227667301e-09,-2.980232227667301e-09,-2.980232227667301e-09,-2.9802320611338473e-09,-2.9802269263523584e-09,-2.9801504597415374e-09,-2.97952232330978e-09,-2.9762287911960783e-09,-2.9640536969299802e-09,-2.9300452619729356e-09,-2.8545486252529173e-09,-2.7166297822400765e-09,-2.504024737559618e-09,-2.2239467212248343e-09,-1.9078076618495032e-09,-1.6063150531930859e-09,-1.3754618555239517e-09]","[null,6.78220006103199e-15,6.782200061032798e-15,6.78220006103199e-15,6.78220006103199e-15,6.782200061042693e-15,6.782200061026537e-15,6.782200061030778e-15,6.782200061040068e-15,6.782200061050367e-15,6.782200061075409e-15,6.7822000613656086e-15,6.782200062313958e-15,6.782200064853863e-15,6.782200070326261e-15,6.7822000800001945e-15,6.78220009451988e-15,6.7822001131995e-15,6.782200133915568e-15,6.78220015343388e-15,1.4912051070314163e-15]"
32.50000000000019,sqp_rti,0,"[0.007063100441259234,0.044619940991714784,0.00807920999860917]",2.87642481332015,0.00787905603647232,"[-2.980232227667301e-09,-2.980232227667301e-09,-2.980232227667301e-09,-2.980232227667301e-09,-2.980232227667301e-09,-2.980232227667301e-09,-2.980232227667301e-09,-2.980232227667301e-09,-2.980232227667301e-09,-2.980232088889423e-09,-2.980230284777008e-09,-2.9802156575886585e-09,-2.980139884867228e-09,-2.979862218088769e-09,-2.979094998467602e-09,-2.9774238075042092e-09,-2.9744594842728844e-09,-2.9700980563873713e-09,-2.9647424792944577e-09,-2.9593168193731145e-09,-2.95501281777355e-09]","[null,1.5886006384040784e-14,1.5886006384041592e-14,1.5886006384040784e-14,1.5886006384040784e-14,1.5886006384038563e-14,1.588600638403533e-14,1.5886006384039572e-14,1.5886006384035937e-14,1.5886006384033312e-14,1.588600638404543e-14,1.588600638403836e-14,1.5886006384056132e-14,1.588600638412742e-14,1.5886006384274842e-14,1.588600638460422e-14,1.5886006385165233e-14,1.5886006385995846e-14,1.5886006387014676e-14,1.5886006387998972e-14,3.52998701859876e-15]"
32.60000000000019,sqp_rti,0,"[0.007577410598097902,0.042543191197913215,0.005807604948601242]",2.877520840391527,0.007961530238389969,"[-2.980232227667301e-09,-2.980232227667301e-09,-2.980232227667301e-09,-2.980232227667301e-09,-2.980232227667301e-09,-2.980232227667301e-09,-2.980232227667301e-09,-2.980232227667301e-09,-2.980232227667301e-09,-2.980232227667301e-09,-2.980232227667301e-09,-2.9802321166449985e-09,-2.980231422755608e-09,-2.9802283696422904e-09,-2.980218377635069e-09,-2.9801934253725904e-09,-2.980143992692419e-09,-2.9800645007238558e-09,-2.9799599732260873e-09,-2.9798485345899905e-09,-2.9797569689460346e-09]","[null,2.9500262521978625e-14,2.950026252197943e-14,2.9500262521978625e-14,2.9500262521978625e-14,2.9500262521976403e-14,2.9500262521986097e-14,2.950026252197741e-14,2.95002625219867e-14,2.950026252197115e-14,2.950026252198327e-14,2.95002625219762e-14,2.950026252199397e-14,2.950026252200064e-14,2.950026252198004e-14,2.9500262521999223e-14,2.95002625220174e-14,2.950026252204668e-14,2.950026252212201e-14,2.95002625221628e-14,7.257133971453999e-15]"
32.700000000000195,sqp_rti,0,"[0.006616827235016378,0.04054568154066597,0.007276345902718535]",2.8777901038866953,0.008042402565479279,"[-2.980232227667301e-09,-2.980232227667301e-09,-2.980232227667301e-09,-2.980232227667301e-09,-2.980232227667301e-09,-2.980232227667301e-09,-2.980232227667301e-09,-2.980232227667301e-09,-2.980232227667301e-09,-2.980232227667301e-09,-2.980232227667301e-09,-2.980232227667301e-09,-2.980232227667301e-09,-2.9802321999117254e-09,-2.9802321166449985e-09,-2.9802318946003936e-09,-2.980231422755608e-09,-2.980230562332764e-09,-2.9802293688430126e-09,-2.9802280643309587e-09,-2.9802269263523584e-09]","[null,4.912924438162609e-14,4.912924438160105e-14,4.912924438162609e-14,4.912924438162609e-14,4.912924438162387e-14,4.912924438160771e-14,4.912924438162488e-14,4.912924438160832e-14,4.912924438161862e-14,4.9129244381604885e-14,4.9129244381623667e-14,4.912924438161559e-14,4.912924438162225e-14,4.9129244381601654e-14,4.912924438164669e-14,4.9129244381613165e-14,4.91292443816166e-14,4.9129244381640226e-14,4.912924438162932e-14,1.2582165072305517e-14]"
32.800000000000196,sqp_rti,0,"[0.006351002654304349,0.03856179597894634,0.0068369619396354215]",2.878398815711009,0.008121263235807419,"[-2.980232227667301e-09,-2.980232227667301e-09,-2.980232227667301e-09,-2.980232227667301e-09,-2.980232227667301e-09,-2.980232227667301e-09,-2.980232227667301e-09,-2.980232227667301e-09,-2.980232227667301e-09,-2.980232227667301e-09,-2.980232227667301e-09,-2.980232227667301e-09,-2.980232227667301e-09,-2.980232227667301e-09,-2.980232227667301e-09,-2.980232227667301e-09,-2.980232227667301e-09,-2.980232227667301e-09,-2.980232227667301e-09,-2.980232227667301e-09,-2.980232227667301e-09]","[null,1.0815200480557266e-13,1.0815200480554761e-13,1.0815200480557266e-13,1.0815200480557266e-13,1.0815200480557043e-13,1.0815200480555428e-13,1.0815200480557144e-13,1.0815200480555488e-13,1.0815200480556518e-13,1.0815200480555145e-13,1.0815200480557023e-13,1.0815200480556215e-13,1.0815200480556882e-13,1.0815200480554822e-13,1.081520048055674e-13,1.0815200480555973e-13,1.0815200480556316e-13,1.0815200480556094e-13,1.0815200480557589e-13,2.7281010886033365e-14]"
32.9000000000002,sqp_rti,0,"[0.006130326601400003,0.03683220158964081,0.006460433102407495]",2.8789871642865554,0.00819794088602066,"[-2.980232227667301e-09,-2.980232227667301e-09,-2.980232227667301e-09,-2.980232227667301e-09,-2.980232227667301e-09,-2.980232227667301e-09,-2.980232227667301e-09,-2.980232227667301e-09,-2.980232227667301e-09,-2.980232227667301e-09,-2.980232227667301e-09,-2.980232227667301e-09,-2.980232227667301e-09,-2.980232227667301e-09,-2.980232227667301e-09,-2.980232227667301e-09,-2.980232227667301e-09,-2.980232227667301e-09,-2.980232227667301e-09,-2.980232227667301e-09,-2.980232227667301e-09]","[null,1.9972785674637094e-13,1.997278567463976e-13,1.9972785674637094e-13,1.9972785674637094e-13,1.9972785674636872e-13,1.9972785674640427e-13,1.9972785674636973e-13,1.9972785674640487e-13,1.9972785674636347e-13,1.9972785674640144e-13,1.9972785674636852e-13,1.9972785674636044e-13,1.997278567463671e-13,1.997278567463982e-13,1.997278567463657e-13,1.9972785674635802e-13,1.9972785674636145e-13,1.9972785674635923e-13,1.9972785674637418e-13,4.928737185735002e-14]"
33.0000000000002,sqp_rti,0,"[0.006032550072144648,0.03521273559489366,0.005832120289096186]",2.8796196056544803,0.008272647857666016,"[-2.980232227667301e-09,-2.980232227667301e-09,-2.980232227667301e-09,-2.980232227667301e-09,-2.980232227667301e-09,-2.980232227667301e-09,-2.980232227667301e-09,-2.980232227667301e-09,-2.980232227667301e-09,-2.980232227667301e-09,-2.980232227667301e-09,-2.980232227667301e-09,-2.980232227667301e-09,-2.980232227667301e-09,-2.980232227667301e-09,-2.980232227667301e-09,-2.980232227667301e-09,-2.980232227667301e-09,-2.980232227667301e-09,-2.980232227667301e-09,-2.980232227667301e-09]","[null,3.0441607953619546e-13,3.044160795363255e-13,3.0441607953619546e-13,3.0441607953619546e-13,3.0441607953619324e-13,3.044160795363322e-13,3.0441607953619424e-13,3.044160795363328e-13,3.04416079536188e-13,3.0441607953632935e-13,3.0441607953619303e-13,3.0441607953618496e-13,3.044160795361916e-13,3.044160795363261e-13,3.044160795361902e-13,3.0441607953618253e-13,3.0441607953618597e-13,3.0441607953618374e-13,3.044160795361987e-13,7.3174095966991e-14]"
33.1000000000002,sqp_rti,0,"[0.005724641310610616,0.03373148423043142,0.0057612447291345925]",2.8801149206696546,0.00834554061293602,"[-2.980232227667301e-09,-2.980232227667301e-09,-2.980232227667301e-09,-2.980232227667301e-09,-2.980232227667301e-09,-2.980232227667301e-09,-2.980232227667301e-09,-2.980232227667301e-09,-2.980232227667301e-09,-2.980232227667301e-09,-2.980232227667301e-09,-2.980232227667301e-09,-2.980232227667301e-09,-2.980232227667301e-09,-2.980232227667301e-09,-2.980232227667301e-09,-2.980232227667301e-09,-2.980232227667301e-09,-2.980232227667301e-09,-2.980232227667301e-09,-2.980232227667301e-09]","[null,4.821735563311758e-13,4.821735563312024e-13,4.821735563311758e-13,4.821735563311758e-13,4.821735563311735e-13,4.821735563312091e-13,4.821735563311746e-13,4.821735563312097e-13,4.821735563311683e-13,4.821735563312063e-13,4.821735563311733e-13,4.821735563311653e-13,4.821735563311719e-13,4.82173556331203e-13,4.821735563311705e-13,4.821735563311628e-13,4.821735563311663e-13,4.821735563311641e-13,4.82173556331179e-13,1.1336258734511582e-13]"
33.2000000000002,sqp_rti,0,"[0.005523115643395165,0.03231058625942015,0.005421390605886387]",2.8806440954899886,0.00841667503118515,"[-2.980232227667301e-09,-2.980232227667301e-09,-2.980232227667301e-09,-2.980232227667301e-09,-2.980232227667301e-09,-2.980232227667301e-09,-2.980232227667301e-09,-2.980232227667301e-09,-2.980232227667301e-09,-2.980232227667301e-09,-2.980232227667301e-09,-2.980232227667301e-09,-2.980232227667301e-09,-2.980232227667301e-09,-2.980232227667301e-09,-2.980232227667301e-09,-2.980232227667301e-09,-2.980232227667301e-09,-2.980232227667301e-09,-2.980232227667301e-09,-2.980232227667301e-09]","[null,7.460315581306023e-13,7.460315581306289e-13,7.460315581306023e-13,7.460315581306023e-13,7.460315581306001e-13,7.460315581306356e-13,7.460315581306011e-13,7.460315581306362e-13,7.460315581305948e-13,7.460315581306328e-13,7.460315581305999e-13,7.460315581305918e-13,7.460315581305984e-13,7.460315581306295e-13,7.46031558130597e-13,7.460315581305894e-13,7.460315581305928e-13,7.460315581305906e-13,7.460315581306055e-13,1.7465693456801536e-13]"
33.3000000000002,sqp_rti,0,"[0.005333205951801237,0.030977721644955623,0.005100501843792077]",2.8811550041969705,0.008486036211252213,"[-2.980232227667301e-09,-2.980232227667301e-09,-2.980232227667301e-09,-2.980232227667301e-09,-2.980232227667301e-09,-2.980232227667301e-09,-2.980232227667301e-09,-2.980232227667301e-09,-2.980232227667301e-09,-2.980232227667301e-09,-2.980232227667301e-09,-2.980232227667301e-09,-2.980232227667301e-09,-2.980232227667301e-09,-2.980232227667301e-09,-2.980232227667301e-09,-2.980232227667301e-09,-2.980232227667301e-09,-2.980232227667301e-09,-2.980232227667301e-09,-2.980232227667301e-09]","[null,1.024791150476331e-12,1.0247911504763577e-12,1.024791150476331e-12,1.024791150476331e-12,1.0247911504763288e-12,1.0247911504763643e-12,1.0247911504763298e-12,1.024791150476365e-12,1.0247911504763235e-12,1.0247911504763615e-12,1.0247911504763286e-12,1.0247911504763205e-12,1.0247911504763272e-12,1.0247911504763583e-12,1.0247911504763258e-12,1.024791150476318e-12,1.0247911504763215e-12,1.0247911504763193e-12,1.0247911504763342e-12,2.36020693476697e-13]"
33.400000000000205,sqp_rti,0,"[0.005105979948087464,0.029712900833916006,0.0048991299077124]",2.881622620345243,0.008553661406040192,"[-2.980232227667301e-09,-2.980232227667301e-09,-2.980232227667301e-09,-2.980232227667301e-09,-2.980232227667301e-09,-2.980232227667301e-09,-2.980232227667301e-09,-2.980232227667301e-09,-2.980232227667301e-09,-2.980232227667301e-09,-2.980232227667301e-09,-2.980232227667301e-09,-2.980232227667301e-09,-2.980232227667301e-09,-2.980232227667301e-09,-2.980232227667301e-09,-2.980232227667301e-09,-2.980232227667301e-09,-2.980232227667301e-09,-2.980232227667301e-09,-2.980232227667301e-09]","[null,1.3138667284192782e-12,1.3138667284193048e-12,1.3138667284192782e-12,1.3138667284192782e-12,1.313866728419276e-12,1.3138667284193115e-12,1.313866728419277e-12,1.313866728419312e-12,1.3138667284192707e-12,1.3138667284193086e-12,1.3138667284192757e-12,1.3138667284192676e-12,1.3138667284192743e-12,1.3138667284193054e-12,1.313866728419273e-12,1.3138667284192652e-12,1.3138667284192687e-12,1.3138667284192664e-12,1.3138667284192814e-12,2.971762680441817e-13]"
33.500000000000206,sqp_rti,0,"[0.0049706641736003985,0.02845227160638851,0.004493154160159938]",2.882119664888103,0.008619554340839386,"[-2.980232227667301e-09,-2.980232227667301e-09,-2.980232227667301e-09,-2.980232227667301e-09,-2.980232227667301e-09,-2.980232227667301e-09,-2.980232227667301e-09,-2.980232227667301e-09,-2.980232227667301e-09,-2.980232227667301e-09,-2.980232227667301e-09,-2.980232227667301e-09,-2.980232227667301e-09,-2.980232227667301e-09,-2.980232227667301e-09,-2.980232227667301e-09,-2.980232227667301e-09,-2.980232227667301e-09,-2.980232227667301e-09,-2.980232227667301e-09,-2.980232227667301e-09]","[null,1.4178393993823055e-12,1.4178393993823322e-12,1.4178393993823055e-12,1.4178393993823055e-12,1.4178393993823033e-12,1.4178393993823388e-12,1.4178393993823043e-12,1.4178393993823394e-12,1.417839399382298e-12,1.417839399382336e-12,1.417839399382303e-12,1.417839399382295e-12,1.4178393993823017e-12,1.4178393993823328e-12,1.4178393993823003e-12,1.4178393993822926e-12,1.417839399382296e-12,1.4178393993822938e-12,1.4178393993823087e-12,3.0922850427807617e-13]"
33.60000000000021,sqp_rti,0,"[0.004801338663052469,0.027241193328246385,0.004209543238005539]",2.8825791213590626,0.00868363305926323,"[-2.980232227667301e-09,-2.980232227667301e-09,-2.980232227667301e-09,-2.980232227667301e-09,-2.980232227667301e-09,-2.980232227667301e-09,-2.980232227667301e-09,-2.980232227667301e-09,-2.980232227667301e-09,-2.980232227667301e-09,-2.980232227667301e-09,-2.980232227667301e-09,-2.980232227667301e-09,-2.980232227667301e-09,-2.980232227667301e-09,-2.980232227667301e-09,-2.980232227667301e-09,-2.980232227667301e-09,-2.980232227667301e-09,-2.980232227667301e-09,-2.980232227667301e-09]","[null,1.4728663877300734e-12,1.4728663877301e-12,1.4728663877300734e-12,1.4728663877300734e-12,1.4728663877300712e-12,1.4728663877301068e-12,1.4728663877300722e-12,1.4728663877301074e-12,1.472866387730066e-12,1.472866387730104e-12,1.472866387730071e-12,1.472866387730063e-12,1.4728663877300696e-12,1.4728663877301007e-12,1.4728663877300682e-12,1.4728663877300605e-12,1.472866387730064e-12,1.4728663877300617e-12,1.4728663877300767e-12,3.1005015095291445e-13]"
33.70000000000021,sqp_rti,0,"[0.004634237530697983,0.0257618717216673,0.003932957217812739]",2.88302239862232,0.008745890110731125,"[-2.980232227667301e-09,-2.980232227667301e-09,-2.980232227667301e-09,-2.980232227667301e-09,-2.980232227667301e-09,-2.980232227667301e-09,-2.980232227667301e-09,-2.980232227667301e-09,-2.980232227667301e-09,-2.980232227667301e-09,-2.980232227667301e-09,-2.980232227667301e-09,-2.980232227667301e-09,-2.980232227667301e-09,-2.980232227667301e-09,-2.980232227667301e-09,-2.980232227667301e-09,-2.980232227667301e-09,-2.980232227667301e-09,-2.980232227667301e-09,-2.980232227667301e-09]","[null,7.978905523916066e-13,7.978905523916333e-13,7.978905523916066e-13,7.978905523916066e-13,7.978905523916044e-13,7.978905523916399e-13,7.978905523916054e-13,7.978905523916405e-13,7.978905523915991e-13,7.978905523916371e-13,7.978905523916042e-13,7.978905523915961e-13,7.978905523916028e-13,7.978905523916339e-13,7.978905523916014e-13,7.978905523915937e-13,7.978905523915971e-13,7.978905523915949e-13,7.978905523916098e-13,1.507495742497396e-13]"
33.80000000000021,sqp_rti,0,"[0.004472625359929187,0.02419382190333149,0.0036664152239179277]",2.8834500426863805,0.008805572986602783,"[-2.980232227667301e-09,-2.980232227667301e-09,-2.980232227667301e-09,-2.980232227667301e-09,-2.980232227667301e-09,-2.980232227667301e-09,-2.980232227667301e-09,-2.980232227667301e-09,-2.980232227667301e-09,-2.980232227667301e-09,-2.980232227667301e-09,-2.980232227667301e-09,-2.980232227667301e-09,-2.980232227667301e-09,-2.980232227667301e-09,-2.980232227667301e-09,-2.980232227667301e-09,-2.980232227667301e-09,-2.980232227667301e-09,-2.980232227667301e-09,-2.980232227667301e-09]","[null,4.891674767051335e-13,4.891674767051472e-13,4.891674767051335e-13,4.891674767051335e-13,4.891674767051312e-13,4.891674767051409e-13,4.891674767051322e-13,4.891674767051415e-13,4.89167476705126e-13,4.891674767051381e-13,4.89167476705131e-13,4.89167476705123e-13,4.891674767051296e-13,4.891674767051478e-13,4.891674767051282e-13,4.891674767051205e-13,4.89167476705124e-13,4.891674767051217e-13,4.891674767051367e-13,9.654906832104798e-14]"
33.90000000000021,sqp_rti,0,"[0.004318188764947832,0.02330029876672932,0.0034105620064373465]",2.8838626836607566,0.008862372487783432,"[-2.980232227667301e-09,-2.980232227667301e-09,-2.980232227667301e-09,-2.980232227667301e-09,-2.980232227667301e-09,-2.980232227667301e-09,-2.980232227667301e-09,-2.980232227667301e-09,-2.980232227667301e-09,-2.980232227667301e-09,-2.980232227667301e-09,-2.980232227667301e-09,-2.980232227667301e-09,-2.980232227667301e-09,-2.980232227667301e-09,-2.980232227667301e-09,-2.980232227667301e-09,-2.980232227667301e-09,-2.980232227667301e-09,-2.980232227667301e-09,-2.980232227667301e-09]","[null,8.351372381754457e-13,8.351372381755111e-13,8.351372381754457e-13,8.351372381754457e-13,8.351372381754435e-13,8.351372381755049e-13,8.351372381754445e-13,8.351372381755055e-13,8.351372381754382e-13,8.351372381755021e-13,8.351372381754433e-13,8.351372381754352e-13,8.351372381754419e-13,8.351372381755118e-13,8.351372381754405e-13,8.351372381754328e-13,8.351372381754362e-13,8.35137238175434e-13,8.351372381755006e-13,1.6578559184963325e-13]"
