Trial CSV directory: /home/taekwon/projects/psdf_mpcc/benchmark_runs/maze_oblique_5_20260916_2320

[Trials] maze / psdf trial 1/5, seed=0
Running single test...
Start perturbation: seed=0, pose=[0.07751460442186786, 0.7923579027341738, -1.5387751942727323], delta=[0.002514604421867866, -0.0026420972658260378, 0.03202113252216411], clearance=0.025107 m, attempts=1
Start pose saved to /home/taekwon/projects/psdf_mpcc/benchmark_runs/maze_oblique_5_20260916_2320/runs/config01/trial_0001/data/start_pose_MPC_psdf_rectangle_maze_startseed0.json
Resetting psdf optimizer for clean state...
Trial failure criteria enabled: movement_window_sec=4.0, movement_threshold=0.03, max_consecutive_solver_failures=20
generating global path with A* + Line of Sight
시작 위치: [0.07751 0.79236]
목적지: [1.8  0.09]
도착 판정 기준: position <= 0.01m, angle <= 0.01rad
Warning: PSDF wrapper not initialized, skipping obstacle update
Setting up PSDF optimizer...
vertices.shape: (4, 2)
psdfWrapper initialized with vertices shape: (4, 2)
/home/taekwon/projects/psdf_mpcc/models/geometry_utils.py:241: UserWarning: Creating a tensor from a list of numpy.ndarrays is extremely slow. Please consider converting the list to a single numpy.ndarray with numpy.array() before converting to a tensor. (Triggered internally at ../torch/csrc/utils/tensor_new.cpp:278.)
  edgesA = torch.tensor(edgesA, dtype=torch.float32)
Added HARD obstacle avoidance constraint with d_safe = 0.0001
acados PSDF cache miss or source/config changed: rebuilding.
field AcadosOcpDims.N has been migrated to AcadosOcpOptions.N_horizon. setting AcadosOcpOptions.N_horizon = N. For future comppatibility, please use AcadosOcpOptions.N_horizon directly.
rm -f libacados_ocp_solver_differential_drive_psdf.so
rm -f differential_drive_psdf_constraints/differential_drive_psdf_constr_h_fun_jac_uxt_zt.o differential_drive_psdf_constraints/differential_drive_psdf_constr_h_fun.o acados_solver_differential_drive_psdf.o
cc -fPIC -std=c99   -O2 -I/home/taekwon/projects/acados/include -I/home/taekwon/projects/acados/include/acados -I/home/taekwon/projects/acados/include/blasfeo/include -I/home/taekwon/projects/acados/include/hpipm/include  -c -o differential_drive_psdf_constraints/differential_drive_psdf_constr_h_fun_jac_uxt_zt.o differential_drive_psdf_constraints/differential_drive_psdf_constr_h_fun_jac_uxt_zt.c
cc -fPIC -std=c99   -O2 -I/home/taekwon/projects/acados/include -I/home/taekwon/projects/acados/include/acados -I/home/taekwon/projects/acados/include/blasfeo/include -I/home/taekwon/projects/acados/include/hpipm/include  -c -o differential_drive_psdf_constraints/differential_drive_psdf_constr_h_fun.o differential_drive_psdf_constraints/differential_drive_psdf_constr_h_fun.c
cc -fPIC -std=c99   -O2 -I/home/taekwon/projects/acados/include -I/home/taekwon/projects/acados/include/acados -I/home/taekwon/projects/acados/include/blasfeo/include -I/home/taekwon/projects/acados/include/hpipm/include  -c -o acados_solver_differential_drive_psdf.o acados_solver_differential_drive_psdf.c
cc -fPIC -std=c99   -O2 -I/home/taekwon/projects/acados/include -I/home/taekwon/projects/acados/include/acados -I/home/taekwon/projects/acados/include/blasfeo/include -I/home/taekwon/projects/acados/include/hpipm/include  -c -o differential_drive_psdf_model/differential_drive_psdf_expl_ode_fun.o differential_drive_psdf_model/differential_drive_psdf_expl_ode_fun.c
cc -fPIC -std=c99   -O2 -I/home/taekwon/projects/acados/include -I/home/taekwon/projects/acados/include/acados -I/home/taekwon/projects/acados/include/blasfeo/include -I/home/taekwon/projects/acados/include/hpipm/include  -c -o differential_drive_psdf_model/differential_drive_psdf_expl_vde_forw.o differential_drive_psdf_model/differential_drive_psdf_expl_vde_forw.c
cc -fPIC -std=c99   -O2 -I/home/taekwon/projects/acados/include -I/home/taekwon/projects/acados/include/acados -I/home/taekwon/projects/acados/include/blasfeo/include -I/home/taekwon/projects/acados/include/hpipm/include  -c -o differential_drive_psdf_model/differential_drive_psdf_expl_vde_adj.o differential_drive_psdf_model/differential_drive_psdf_expl_vde_adj.c
cc -shared differential_drive_psdf_constraints/differential_drive_psdf_constr_h_fun_jac_uxt_zt.o differential_drive_psdf_constraints/differential_drive_psdf_constr_h_fun.o acados_solver_differential_drive_psdf.o differential_drive_psdf_model/differential_drive_psdf_expl_ode_fun.o differential_drive_psdf_model/differential_drive_psdf_expl_vde_forw.o differential_drive_psdf_model/differential_drive_psdf_expl_vde_adj.o -o libacados_ocp_solver_differential_drive_psdf.so -L/home/taekwon/projects/acados/lib -lacados -lhpipm -lblasfeo -lm \
-L -l
acados was compiled without OpenMP.
x_ws, u_ws : [ 0.07751  0.79236 -1.53878] [0. 0.]
solver time:  0.00028540100902318954
plant_input_stage0: full=[ 0.13788 -0.11408], physical=[ 0.13788 -0.11408]
solver time:  0.00022034099674783647
plant_input_stage0: full=[ 0.22002 -1.     ], physical=[ 0.22002 -1.     ]
solver time:  0.00024084499455057085
plant_input_stage0: full=[0.24199 0.81052], physical=[0.24199 0.81052]
solver time:  0.0002528890036046505
plant_input_stage0: full=[0.23151 0.27714], physical=[0.23151 0.27714]
solver time:  0.0002358430065214634
plant_input_stage0: full=[ 0.24865 -0.02781], physical=[ 0.24865 -0.02781]
solver time:  0.0002649259986355901
plant_input_stage0: full=[0.25915 0.57038], physical=[0.25915 0.57038]
solver time:  0.0002455670037306845
plant_input_stage0: full=[0.20599 1.     ], physical=[0.20599 1.     ]
solver time:  0.00027074699755758047
plant_input_stage0: full=[0.15642 1.     ], physical=[0.15642 1.     ]
solver time:  0.00022757897386327386
plant_input_stage0: full=[0.10765 1.     ], physical=[0.10765 1.     ]
solver time:  0.0002627789799589664
plant_input_stage0: full=[0.10382 1.     ], physical=[0.10382 1.     ]
solver time:  0.0002484940050635487
plant_input_stage0: full=[0.11723 1.     ], physical=[0.11723 1.     ]
solver time:  0.00022094699670560658
plant_input_stage0: full=[0.12209 1.     ], physical=[0.12209 1.     ]
solver time:  0.00019635198987089097
plant_input_stage0: full=[0.12605 1.     ], physical=[0.12605 1.     ]
solver time:  0.00022415397688746452
plant_input_stage0: full=[0.13231 1.     ], physical=[0.13231 1.     ]
solver time:  0.00018193299183622003
plant_input_stage0: full=[0.13944 1.     ], physical=[0.13944 1.     ]
solver time:  0.0001856139861047268
plant_input_stage0: full=[0.15056 1.     ], physical=[0.15056 1.     ]
solver time:  0.00018248299602419138
plant_input_stage0: full=[0.15844 1.     ], physical=[0.15844 1.     ]
solver time:  0.00021094499970786273
plant_input_stage0: full=[0.26021 1.     ], physical=[0.26021 1.     ]
solver time:  0.00019704599981196225
plant_input_stage0: full=[0.22746 1.     ], physical=[0.22746 1.     ]
solver time:  0.00019780799630098045
plant_input_stage0: full=[0.18302 1.     ], physical=[0.18302 1.     ]
solver time:  0.00020133500220254064
plant_input_stage0: full=[0.19029 1.     ], physical=[0.19029 1.     ]
solver time:  0.00021572900004684925
plant_input_stage0: full=[0.20606 1.     ], physical=[0.20606 1.     ]
solver time:  0.0001814010029193014
plant_input_stage0: full=[0.21643 1.     ], physical=[0.21643 1.     ]
solver time:  0.0002619840088300407
plant_input_stage0: full=[0.32339 1.     ], physical=[0.32339 1.     ]
solver time:  0.0002435609931126237
plant_input_stage0: full=[0.25198 0.64725], physical=[0.25198 0.64725]
solver time:  0.0002172319800592959
plant_input_stage0: full=[0.22983 0.33516], physical=[0.22983 0.33516]
solver time:  0.0002151200023945421
plant_input_stage0: full=[0.23329 0.21886], physical=[0.23329 0.21886]
solver time:  0.00021109599038027227
plant_input_stage0: full=[0.23298 0.21189], physical=[0.23298 0.21189]
solver time:  0.00021332298638299108
plant_input_stage0: full=[0.22943 0.24924], physical=[0.22943 0.24924]
solver time:  0.00023281300673261285
plant_input_stage0: full=[0.22576 0.26867], physical=[0.22576 0.26867]
solver time:  0.00021291500888764858
plant_input_stage0: full=[0.22562 0.29798], physical=[0.22562 0.29798]
solver time:  0.00023213698295876384
plant_input_stage0: full=[0.22602 0.14453], physical=[0.22602 0.14453]
solver time:  0.0002103990118484944
plant_input_stage0: full=[ 0.22612 -0.2321 ], physical=[ 0.22612 -0.2321 ]
solver time:  0.0002190080122090876
plant_input_stage0: full=[ 0.23728 -0.06171], physical=[ 0.23728 -0.06171]
solver time:  0.00028746298630721867
plant_input_stage0: full=[ 0.22306 -1.     ], physical=[ 0.22306 -1.     ]
solver time:  0.0002425840066280216
plant_input_stage0: full=[ 0.20589 -1.     ], physical=[ 0.20589 -1.     ]
solver time:  0.0002475150104146451
plant_input_stage0: full=[ 0.21443 -0.77239], physical=[ 0.21443 -0.77239]
solver time:  0.0002263910137116909
plant_input_stage0: full=[ 0.2243  -0.67375], physical=[ 0.2243  -0.67375]
solver time:  0.00021339600789360702
plant_input_stage0: full=[ 0.22791 -0.99999], physical=[ 0.22791 -0.99999]
solver time:  0.0002707199892029166
plant_input_stage0: full=[ 0.31906 -0.44386], physical=[ 0.31906 -0.44386]
solver time:  0.00023693099501542747
plant_input_stage0: full=[ 0.22259 -0.76243], physical=[ 0.22259 -0.76243]
solver time:  0.0002798550121951848
plant_input_stage0: full=[ 0.21397 -0.64087], physical=[ 0.21397 -0.64087]
solver time:  0.00025543099036440253
plant_input_stage0: full=[ 0.21661 -0.94182], physical=[ 0.21661 -0.94182]
solver time:  0.000248069001827389
plant_input_stage0: full=[ 0.18289 -1.     ], physical=[ 0.18289 -1.     ]
solver time:  0.00028001799364574254
plant_input_stage0: full=[ 0.22366 -1.     ], physical=[ 0.22366 -1.     ]
solver time:  0.00026243500178679824
plant_input_stage0: full=[ 0.19878 -1.     ], physical=[ 0.19878 -1.     ]
solver time:  0.00022816899581812322
plant_input_stage0: full=[ 0.16281 -1.     ], physical=[ 0.16281 -1.     ]
solver time:  0.0002480469993315637
plant_input_stage0: full=[ 0.18447 -1.     ], physical=[ 0.18447 -1.     ]
solver time:  0.00024831198970787227
plant_input_stage0: full=[ 0.10999 -1.     ], physical=[ 0.10999 -1.     ]
solver time:  0.00026150699704885483
plant_input_stage0: full=[ 0.21611 -0.34158], physical=[ 0.21611 -0.34158]
solver time:  0.00021557800937443972
plant_input_stage0: full=[ 0.21062 -0.30737], physical=[ 0.21062 -0.30737]
solver time:  0.00021028501214459538
plant_input_stage0: full=[0.23249 0.78415], physical=[0.23249 0.78415]
solver time:  0.00023803298245184124
plant_input_stage0: full=[0.14495 1.     ], physical=[0.14495 1.     ]
solver time:  0.0001995920029003173
plant_input_stage0: full=[0.17783 1.     ], physical=[0.17783 1.     ]
solver time:  0.00022686802549287677
plant_input_stage0: full=[0.19497 1.     ], physical=[0.19497 1.     ]
solver time:  0.00022534301388077438
plant_input_stage0: full=[0.17429 1.     ], physical=[0.17429 1.     ]
solver time:  0.00023130900808610022
plant_input_stage0: full=[0.14827 1.     ], physical=[0.14827 1.     ]
solver time:  0.00021312598255462945
plant_input_stage0: full=[0.13773 1.     ], physical=[0.13773 1.     ]
solver time:  0.00023907498689368367
plant_input_stage0: full=[0.15515 1.     ], physical=[0.15515 1.     ]
solver time:  0.00021557998843491077
plant_input_stage0: full=[0.1563 1.    ], physical=[0.1563 1.    ]
solver time:  0.0002468730090186
plant_input_stage0: full=[0.18388 1.     ], physical=[0.18388 1.     ]
solver time:  0.00022724500740878284
plant_input_stage0: full=[0.18018 1.     ], physical=[0.18018 1.     ]
solver time:  0.0002578810090199113
plant_input_stage0: full=[0.17614 1.     ], physical=[0.17614 1.     ]
solver time:  0.00025083599030040205
plant_input_stage0: full=[0.18083 1.     ], physical=[0.18083 1.     ]
solver time:  0.00022934400476515293
plant_input_stage0: full=[0.21214 1.     ], physical=[0.21214 1.     ]
solver time:  0.00024337900686077774
plant_input_stage0: full=[0.18756 1.     ], physical=[0.18756 1.     ]
solver time:  0.00023194498498924077
plant_input_stage0: full=[0.16969 1.     ], physical=[0.16969 1.     ]
solver time:  0.00024382499395869672
plant_input_stage0: full=[0.16285 0.74038], physical=[0.16285 0.74038]
solver time:  0.0002609359798952937
plant_input_stage0: full=[0.14883 0.53985], physical=[0.14883 0.53985]
solver time:  0.00024859601398929954
plant_input_stage0: full=[0.22319 0.27488], physical=[0.22319 0.27488]
solver time:  0.00024651200510561466
plant_input_stage0: full=[0.21743 0.15557], physical=[0.21743 0.15557]
solver time:  0.000229981989832595
plant_input_stage0: full=[ 0.22027 -0.64949], physical=[ 0.22027 -0.64949]
solver time:  0.0002001300163101405
plant_input_stage0: full=[ 0.1532 -1.    ], physical=[ 0.1532 -1.    ]
solver time:  0.00019971502479165792
plant_input_stage0: full=[ 0.15236 -1.     ], physical=[ 0.15236 -1.     ]
solver time:  0.0002320930070709437
plant_input_stage0: full=[ 0.21866 -1.     ], physical=[ 0.21866 -1.     ]
solver time:  0.00019372798851691186
plant_input_stage0: full=[ 0.19762 -1.     ], physical=[ 0.19762 -1.     ]
solver time:  0.00021185699733905494
plant_input_stage0: full=[ 0.16477 -1.     ], physical=[ 0.16477 -1.     ]
solver time:  0.0002194400003645569
plant_input_stage0: full=[ 0.17492 -1.     ], physical=[ 0.17492 -1.     ]
solver time:  0.00021745599224232137
plant_input_stage0: full=[ 0.19286 -1.     ], physical=[ 0.19286 -1.     ]
solver time:  0.00020134798251092434
plant_input_stage0: full=[ 0.21259 -0.72709], physical=[ 0.21259 -0.72709]
solver time:  0.00024092200328595936
plant_input_stage0: full=[ 0.22681 -0.52429], physical=[ 0.22681 -0.52429]
solver time:  0.00025994001771323383
plant_input_stage0: full=[ 0.23607 -0.09881], physical=[ 0.23607 -0.09881]
solver time:  0.00023393999435938895
plant_input_stage0: full=[0.24163 0.1007 ], physical=[0.24163 0.1007 ]
solver time:  0.00021295799524523318
plant_input_stage0: full=[0.24295 0.06475], physical=[0.24295 0.06475]
solver time:  0.00022734000231139362
plant_input_stage0: full=[0.23975 0.17843], physical=[0.23975 0.17843]
solver time:  0.000252145022386685
plant_input_stage0: full=[0.23709 0.21994], physical=[0.23709 0.21994]
solver time:  0.0002620820014271885
plant_input_stage0: full=[0.24368 0.2331 ], physical=[0.24368 0.2331 ]
solver time:  0.00028137999470345676
plant_input_stage0: full=[0.23992 0.99359], physical=[0.23992 0.99359]
solver time:  0.00025107100373134017
plant_input_stage0: full=[0.12599 1.     ], physical=[0.12599 1.     ]
solver time:  0.0002362540108151734
plant_input_stage0: full=[0.17458 1.     ], physical=[0.17458 1.     ]
solver time:  0.0002748409751802683
plant_input_stage0: full=[0.17052 1.     ], physical=[0.17052 1.     ]
solver time:  0.00024391498300246894
plant_input_stage0: full=[0.14729 1.     ], physical=[0.14729 1.     ]
solver time:  0.0002720409829635173
plant_input_stage0: full=[0.13313 1.     ], physical=[0.13313 1.     ]
solver time:  0.0002481880073901266
plant_input_stage0: full=[0.11803 0.7865 ], physical=[0.11803 0.7865 ]
solver time:  0.00026410797727294266
plant_input_stage0: full=[0.10027 0.50232], physical=[0.10027 0.50232]
solver time:  0.0002288089890498668
plant_input_stage0: full=[0.22947 0.07486], physical=[0.22947 0.07486]
solver time:  0.000274189020274207
plant_input_stage0: full=[0.2215  0.12506], physical=[0.2215  0.12506]
solver time:  0.00021941200247965753
plant_input_stage0: full=[ 0.24905 -0.80906], physical=[ 0.24905 -0.80906]
solver time:  0.00020333498832769692
plant_input_stage0: full=[ 0.18841 -1.     ], physical=[ 0.18841 -1.     ]
solver time:  0.0002431129978504032
plant_input_stage0: full=[ 0.18268 -1.     ], physical=[ 0.18268 -1.     ]
solver time:  0.0002535079838708043
plant_input_stage0: full=[ 0.18027 -1.     ], physical=[ 0.18027 -1.     ]
solver time:  0.00022614002227783203
plant_input_stage0: full=[ 0.17915 -1.     ], physical=[ 0.17915 -1.     ]
solver time:  0.00024457002291455865
plant_input_stage0: full=[ 0.17462 -1.     ], physical=[ 0.17462 -1.     ]
solver time:  0.00023578701075166464
plant_input_stage0: full=[ 0.16693 -1.     ], physical=[ 0.16693 -1.     ]
solver time:  0.0002607409842312336
plant_input_stage0: full=[ 0.15821 -1.     ], physical=[ 0.15821 -1.     ]
solver time:  0.00022500098566524684
plant_input_stage0: full=[ 0.15032 -1.     ], physical=[ 0.15032 -1.     ]
solver time:  0.00023256498388946056
plant_input_stage0: full=[ 0.14192 -1.     ], physical=[ 0.14192 -1.     ]
solver time:  0.00021023000590503216
plant_input_stage0: full=[ 0.13136 -1.     ], physical=[ 0.13136 -1.     ]
solver time:  0.00023264999617822468
plant_input_stage0: full=[ 0.12291 -1.     ], physical=[ 0.12291 -1.     ]
solver time:  0.00022785301553085446
plant_input_stage0: full=[ 0.11312 -1.     ], physical=[ 0.11312 -1.     ]
solver time:  0.00019628898007795215
plant_input_stage0: full=[ 0.14168 -1.     ], physical=[ 0.14168 -1.     ]
solver time:  0.00020336301531642675
plant_input_stage0: full=[ 0.14449 -1.     ], physical=[ 0.14449 -1.     ]
solver time:  0.00021637300960719585
plant_input_stage0: full=[ 0.14001 -1.     ], physical=[ 0.14001 -1.     ]
solver time:  0.00021804499556310475
plant_input_stage0: full=[ 0.13822 -1.     ], physical=[ 0.13822 -1.     ]
solver time:  0.0001942899834830314
plant_input_stage0: full=[ 0.14449 -1.     ], physical=[ 0.14449 -1.     ]
solver time:  0.00020690899691544473
plant_input_stage0: full=[ 0.15296 -1.     ], physical=[ 0.15296 -1.     ]
solver time:  0.00019573501776903868
plant_input_stage0: full=[ 0.16255 -1.     ], physical=[ 0.16255 -1.     ]
solver time:  0.000232484977459535
plant_input_stage0: full=[ 0.17315 -1.     ], physical=[ 0.17315 -1.     ]
solver time:  0.00022521201753988862
plant_input_stage0: full=[ 0.2727 -1.    ], physical=[ 0.2727 -1.    ]
solver time:  0.00020536198280751705
plant_input_stage0: full=[ 0.22936 -1.     ], physical=[ 0.22936 -1.     ]
solver time:  0.00019138798234052956
plant_input_stage0: full=[ 0.19595 -1.     ], physical=[ 0.19595 -1.     ]
solver time:  0.00022965902462601662
plant_input_stage0: full=[ 0.21612 -0.61456], physical=[ 0.21612 -0.61456]
solver time:  0.00024256398319266737
plant_input_stage0: full=[ 0.23053 -0.37967], physical=[ 0.23053 -0.37967]
solver time:  0.00022712702048011124
plant_input_stage0: full=[ 0.23641 -0.18605], physical=[ 0.23641 -0.18605]
solver time:  0.00023875400074757636
plant_input_stage0: full=[ 0.23882 -0.06346], physical=[ 0.23882 -0.06346]
solver time:  0.00021169200772419572
plant_input_stage0: full=[0.23779 0.02843], physical=[0.23779 0.02843]
solver time:  0.00022558699129149318
plant_input_stage0: full=[ 0.23293 -0.06533], physical=[ 0.23293 -0.06533]
solver time:  0.00024507101625204086
plant_input_stage0: full=[0.23228 0.13105], physical=[0.23228 0.13105]
solver time:  0.0002259559987578541
plant_input_stage0: full=[ 0.23112 -0.3788 ], physical=[ 0.23112 -0.3788 ]
solver time:  0.00022739099222235382
plant_input_stage0: full=[ 0.1961 -1.    ], physical=[ 0.1961 -1.    ]
solver time:  0.0002497890091035515
plant_input_stage0: full=[ 0.17638 -1.     ], physical=[ 0.17638 -1.     ]
solver time:  0.0002992360095959157
plant_input_stage0: full=[ 0.20164 -1.     ], physical=[ 0.20164 -1.     ]
solver time:  0.00024379498790949583
plant_input_stage0: full=[ 0.15843 -1.     ], physical=[ 0.15843 -1.     ]
solver time:  0.00022053599241189659
plant_input_stage0: full=[ 0.13909 -1.     ], physical=[ 0.13909 -1.     ]
solver time:  0.0002480930124875158
plant_input_stage0: full=[ 0.12716 -0.76491], physical=[ 0.12716 -0.76491]
solver time:  0.00024338500224985182
plant_input_stage0: full=[ 0.11113 -0.6328 ], physical=[ 0.11113 -0.6328 ]
solver time:  0.00022403799812309444
plant_input_stage0: full=[ 0.22494 -0.17652], physical=[ 0.22494 -0.17652]
solver time:  0.0002299519837833941
plant_input_stage0: full=[ 0.21841 -0.16234], physical=[ 0.21841 -0.16234]
solver time:  0.00024481600848957896
plant_input_stage0: full=[0.24283 0.81467], physical=[0.24283 0.81467]
solver time:  0.0002138259878847748
plant_input_stage0: full=[0.16657 1.     ], physical=[0.16657 1.     ]
solver time:  0.0002141459845006466
plant_input_stage0: full=[0.18742 1.     ], physical=[0.18742 1.     ]
solver time:  0.00022432600962929428
plant_input_stage0: full=[0.18693 1.     ], physical=[0.18693 1.     ]
solver time:  0.00022729099146090448
plant_input_stage0: full=[0.17868 1.     ], physical=[0.17868 1.     ]
solver time:  0.00023293099366128445
plant_input_stage0: full=[0.16682 1.     ], physical=[0.16682 1.     ]
solver time:  0.00025909801479429007
plant_input_stage0: full=[0.1704 1.    ], physical=[0.1704 1.    ]
solver time:  0.000247062009293586
plant_input_stage0: full=[0.17273 1.     ], physical=[0.17273 1.     ]
solver time:  0.00023144599981606007
plant_input_stage0: full=[0.17024 1.     ], physical=[0.17024 1.     ]
solver time:  0.00020557499374262989
plant_input_stage0: full=[0.16567 1.     ], physical=[0.16567 1.     ]
solver time:  0.0002150160144083202
plant_input_stage0: full=[0.15808 1.     ], physical=[0.15808 1.     ]
solver time:  0.00018423798610456288
plant_input_stage0: full=[0.18662 1.     ], physical=[0.18662 1.     ]
solver time:  0.00020316900918260217
plant_input_stage0: full=[0.16539 1.     ], physical=[0.16539 1.     ]
solver time:  0.0002120960270985961
plant_input_stage0: full=[0.14417 1.     ], physical=[0.14417 1.     ]
solver time:  0.00018520199228078127
plant_input_stage0: full=[0.12583 1.     ], physical=[0.12583 1.     ]
solver time:  0.0001957769854925573
plant_input_stage0: full=[0.11271 1.     ], physical=[0.11271 1.     ]
solver time:  0.00022364201140590012
plant_input_stage0: full=[0.10845 1.     ], physical=[0.10845 1.     ]
solver time:  0.00021219599875621498
plant_input_stage0: full=[0.0994 1.    ], physical=[0.0994 1.    ]
solver time:  0.000215894979191944
plant_input_stage0: full=[0.08411 1.     ], physical=[0.08411 1.     ]
solver time:  0.00023044898989610374
plant_input_stage0: full=[0.07072 1.     ], physical=[0.07072 1.     ]
solver time:  0.00021618700702674687
plant_input_stage0: full=[0.06031 1.     ], physical=[0.06031 1.     ]
solver time:  0.0002123609883710742
plant_input_stage0: full=[0.05282 1.     ], physical=[0.05282 1.     ]
solver time:  0.00023214300745166838
plant_input_stage0: full=[0.04837 0.95935], physical=[0.04837 0.95935]
solver time:  0.00019651997718028724
plant_input_stage0: full=[0.04682 0.60076], physical=[0.04682 0.60076]
solver time:  0.00020803502411581576
plant_input_stage0: full=[0.04448 0.36961], physical=[0.04448 0.36961]
solver time:  0.00019630900351330638
plant_input_stage0: full=[0.03902 0.21704], physical=[0.03902 0.21704]
solver time:  0.00018273602472618222
plant_input_stage0: full=[0.03263 0.11653], physical=[0.03263 0.11653]
solver time:  0.00020573200890794396
plant_input_stage0: full=[0.02637 0.05278], physical=[0.02637 0.05278]
solver time:  0.00018148802337236702
plant_input_stage0: full=[0.02071 0.01423], physical=[0.02071 0.01423]
solver time:  0.00019613199401646852
plant_input_stage0: full=[ 0.01587 -0.00751], physical=[ 0.01587 -0.00751]
목적지에 도착했습니다! 현재 위치: [1.81484 0.08513], 시간: 16.80초
Using psdf optimizer with differential_drive dynamics:
median:  0.00022748498304281384
std:  2.4400371669458106e-05
min:  0.0001814010029193014
max:  0.0002992360095959157
Simulation finished.
Run outcome: status=success, reason=None, final_time=16.79999999999997, distance_to_goal=0.009466931705263025
Trial history saved to /home/taekwon/projects/psdf_mpcc/benchmark_runs/maze_oblique_5_20260916_2320/runs/config01/trial_0001/data/trial_history_MPC_psdf_rectangle_maze_startseed0.csv
Pose-SDF data saved to /home/taekwon/projects/psdf_mpcc/benchmark_runs/maze_oblique_5_20260916_2320/runs/config01/trial_0001/data/pose_sdf_MPC_psdf_rectangle_maze_startseed0.csv
Total data points: 168
SDF statistics - Min: 0.0016, Max: 0.0558, Mean: 0.0126
Single test completed.
[Trials] Saved: status=success, successful solver steps=168

[Trials] maze / dcbf trial 1/5, seed=0
Running single test...
Start perturbation: seed=0, pose=[0.07751460442186786, 0.7923579027341738, -1.5387751942727323], delta=[0.002514604421867866, -0.0026420972658260378, 0.03202113252216411], clearance=0.025107 m, attempts=1
Start pose saved to /home/taekwon/projects/psdf_mpcc/benchmark_runs/maze_oblique_5_20260916_2320/runs/config02/trial_0001/data/start_pose_MPC_DCBF_rectangle_maze_startseed0.json
Trial failure criteria enabled: movement_window_sec=4.0, movement_threshold=0.03, max_consecutive_solver_failures=20
generating global path with A* + Line of Sight
시작 위치: [0.07751 0.79236]
목적지: [1.8  0.09]
도착 판정 기준: position <= 0.01m, angle <= 0.01rad

******************************************************************************
This program contains Ipopt, a library for large-scale nonlinear optimization.
 Ipopt is released as open source code under the Eclipse Public License (EPL).
         For more information visit https://github.com/coin-or/Ipopt
******************************************************************************

solver time:  0.22818816502694972
plant_input_stage0: full=[0.08468 0.65828], physical=[0.08468 0.65828]
solver time:  0.1874163110041991
plant_input_stage0: full=[0.08454 0.45967], physical=[0.08454 0.45967]
solver time:  0.17665413502254523
plant_input_stage0: full=[0.08399 0.08288], physical=[0.08399 0.08288]
solver time:  0.18990237801335752
plant_input_stage0: full=[0.08321 0.07514], physical=[0.08321 0.07514]
solver time:  0.20951357198646292
plant_input_stage0: full=[0.08231 0.07585], physical=[0.08231 0.07585]
solver time:  0.20769062099861912
plant_input_stage0: full=[0.08125 0.06881], physical=[0.08125 0.06881]
solver time:  0.2200193470052909
plant_input_stage0: full=[0.08001 0.05775], physical=[0.08001 0.05775]
solver time:  0.2085554939985741
plant_input_stage0: full=[0.07864 0.00147], physical=[0.07864 0.00147]
solver time:  0.20971035299589857
plant_input_stage0: full=[ 0.07747 -0.03856], physical=[ 0.07747 -0.03856]
solver time:  0.20692461097496562
plant_input_stage0: full=[ 0.07611 -0.06449], physical=[ 0.07611 -0.06449]
solver time:  0.21041223101201467
plant_input_stage0: full=[ 0.0747  -0.08051], physical=[ 0.0747  -0.08051]
solver time:  0.20663186299498193
plant_input_stage0: full=[ 0.07322 -0.08931], physical=[ 0.07322 -0.08931]
solver time:  0.2160941980255302
plant_input_stage0: full=[ 0.07163 -0.09279], physical=[ 0.07163 -0.09279]
solver time:  0.21485161400050856
plant_input_stage0: full=[ 0.06996 -0.09287], physical=[ 0.06996 -0.09287]
solver time:  0.21528931098873727
plant_input_stage0: full=[ 0.0682  -0.08959], physical=[ 0.0682  -0.08959]
solver time:  0.21244205799303018
plant_input_stage0: full=[ 0.06635 -0.08554], physical=[ 0.06635 -0.08554]
solver time:  0.21151065098820254
plant_input_stage0: full=[0.06446 0.01111], physical=[0.06446 0.01111]
solver time:  0.21053472501807846
plant_input_stage0: full=[0.06249 0.02337], physical=[0.06249 0.02337]
solver time:  0.2232053189945873
plant_input_stage0: full=[0.06048 0.01997], physical=[0.06048 0.01997]
solver time:  0.2294557779969182
plant_input_stage0: full=[0.05935 0.01679], physical=[0.05935 0.01679]
solver time:  0.23744405500474386
plant_input_stage0: full=[ 0.06311 -0.03639], physical=[ 0.06311 -0.03639]
solver time:  0.23587135699926876
plant_input_stage0: full=[ 0.06921 -0.0399 ], physical=[ 0.06921 -0.0399 ]
solver time:  0.2474370660202112
plant_input_stage0: full=[ 0.07318 -0.01217], physical=[ 0.07318 -0.01217]
solver time:  0.2588269069965463
plant_input_stage0: full=[ 0.09067 -0.90537], physical=[ 0.09067 -0.90537]
solver time:  0.2703214979846962
plant_input_stage0: full=[0.08656 0.41611], physical=[0.08656 0.41611]
solver time:  0.26849890901939943
plant_input_stage0: full=[0.08676 1.     ], physical=[0.08676 1.     ]
solver time:  0.26767797299544327
plant_input_stage0: full=[0.05677 1.     ], physical=[0.05677 1.     ]
solver time:  0.27430407400242984
plant_input_stage0: full=[0.05337 1.     ], physical=[0.05337 1.     ]
solver time:  0.2688904450042173
plant_input_stage0: full=[0.05182 1.     ], physical=[0.05182 1.     ]
solver time:  0.3016729799855966
plant_input_stage0: full=[0.0506 1.    ], physical=[0.0506 1.    ]
solver time:  0.262620972993318
plant_input_stage0: full=[0.0555 1.    ], physical=[0.0555 1.    ]
solver time:  0.3226431060174946
plant_input_stage0: full=[0.06048 1.     ], physical=[0.06048 1.     ]
solver time:  0.28482495600474067
plant_input_stage0: full=[0.06505 1.     ], physical=[0.06505 1.     ]
solver time:  0.20988937001675367
plant_input_stage0: full=[0.06927 1.     ], physical=[0.06927 1.     ]
solver time:  0.19922009500442073
plant_input_stage0: full=[0.07311 1.     ], physical=[0.07311 1.     ]
solver time:  0.19444138900144026
plant_input_stage0: full=[0.07657 1.     ], physical=[0.07657 1.     ]
solver time:  0.19659798601060174
plant_input_stage0: full=[0.07961 1.     ], physical=[0.07961 1.     ]
solver time:  0.20807493198662996
plant_input_stage0: full=[0.08215 1.     ], physical=[0.08215 1.     ]
solver time:  0.19806906700250693
plant_input_stage0: full=[0.08413 1.     ], physical=[0.08413 1.     ]
solver time:  0.21442397101782262
plant_input_stage0: full=[0.11022 1.     ], physical=[0.11022 1.     ]
solver time:  0.2045737949956674
plant_input_stage0: full=[0.10482 0.36383], physical=[0.10482 0.36383]
solver time:  0.2136276199889835
plant_input_stage0: full=[0.09864 0.1965 ], physical=[0.09864 0.1965 ]
solver time:  0.21198016600101255
plant_input_stage0: full=[0.09271 0.12762], physical=[0.09271 0.12762]
solver time:  0.20795412600273266
plant_input_stage0: full=[0.0871  0.07802], physical=[0.0871  0.07802]
solver time:  0.2075390399841126
plant_input_stage0: full=[0.08469 0.04013], physical=[0.08469 0.04013]
solver time:  0.20966267201583833
plant_input_stage0: full=[0.0846  0.01043], physical=[0.0846  0.01043]
solver time:  0.22075973800383508
plant_input_stage0: full=[0.08453 0.0749 ], physical=[0.08453 0.0749 ]
solver time:  0.22918855299940333
plant_input_stage0: full=[0.08445 0.07659], physical=[0.08445 0.07659]
solver time:  0.23491345101501793
plant_input_stage0: full=[0.08437 0.07024], physical=[0.08437 0.07024]
solver time:  0.22075557400239632
plant_input_stage0: full=[0.08426 0.06774], physical=[0.08426 0.06774]
solver time:  0.2502811420126818
plant_input_stage0: full=[0.0841  0.06611], physical=[0.0841  0.06611]
solver time:  0.2669367909838911
plant_input_stage0: full=[0.11346 0.07631], physical=[0.11346 0.07631]
solver time:  0.26923265599180013
plant_input_stage0: full=[0.10652 0.0391 ], physical=[0.10652 0.0391 ]
solver time:  0.27452758501749486
plant_input_stage0: full=[0.09998 0.2806 ], physical=[0.09998 0.2806 ]
solver time:  0.3459664850088302
plant_input_stage0: full=[0.09376 0.8019 ], physical=[0.09376 0.8019 ]
solver time:  0.3430623470048886
plant_input_stage0: full=[0.08831 0.00004], physical=[0.08831 0.00004]
solver time:  0.28233422597986646
plant_input_stage0: full=[0.08604 0.03286], physical=[0.08604 0.03286]
solver time:  0.32606779501657
plant_input_stage0: full=[0.086   0.05296], physical=[0.086   0.05296]
solver time:  0.2875895879988093
plant_input_stage0: full=[0.08596 0.04973], physical=[0.08596 0.04973]
solver time:  0.278669955994701
plant_input_stage0: full=[0.08593 0.0467 ], physical=[0.08593 0.0467 ]
solver time:  0.3412355959881097
plant_input_stage0: full=[0.0859  0.04385], physical=[0.0859  0.04385]
solver time:  0.2963041159964632
plant_input_stage0: full=[0.08587 0.04117], physical=[0.08587 0.04117]
solver time:  0.28663073599454947
plant_input_stage0: full=[0.08585 0.03865], physical=[0.08585 0.03865]
solver time:  0.2673704150074627
plant_input_stage0: full=[0.08583 0.03623], physical=[0.08583 0.03623]
solver time:  0.2274726220057346
plant_input_stage0: full=[0.08581 0.03404], physical=[0.08581 0.03404]
solver time:  0.2278904139820952
plant_input_stage0: full=[0.0858  0.03197], physical=[0.0858  0.03197]
solver time:  0.22348059399519116
plant_input_stage0: full=[0.08578 0.03001], physical=[0.08578 0.03001]
solver time:  0.24145430102362297
plant_input_stage0: full=[0.08577 0.02816], physical=[0.08577 0.02816]
solver time:  0.24315627198666334
plant_input_stage0: full=[0.08576 0.02643], physical=[0.08576 0.02643]
solver time:  0.24394929202389903
plant_input_stage0: full=[0.08575 0.02344], physical=[0.08575 0.02344]
solver time:  0.2636980139941443
plant_input_stage0: full=[0.08573 0.0078 ], physical=[0.08573 0.0078 ]
solver time:  0.2626252049813047
plant_input_stage0: full=[0.08424 0.11308], physical=[0.08424 0.11308]
solver time:  0.2745022710005287
plant_input_stage0: full=[0.08186 0.21443], physical=[0.08186 0.21443]
solver time:  0.2739248900033999
plant_input_stage0: full=[0.07577 0.31755], physical=[0.07577 0.31755]
solver time:  0.27454277701326646
plant_input_stage0: full=[0.07029 0.46048], physical=[0.07029 0.46048]
solver time:  0.2782165910175536
plant_input_stage0: full=[0.06492 0.60061], physical=[0.06492 0.60061]
solver time:  0.3194718550075777
plant_input_stage0: full=[0.05979 0.75884], physical=[0.05979 0.75884]
solver time:  0.32228715100791305
plant_input_stage0: full=[0.0549  0.96537], physical=[0.0549  0.96537]
solver time:  0.2691195440129377
plant_input_stage0: full=[ 0.07996 -0.59215], physical=[ 0.07996 -0.59215]
solver time:  0.26203427999280393
plant_input_stage0: full=[ 0.08179 -0.51053], physical=[ 0.08179 -0.51053]
solver time:  0.2680843500129413
plant_input_stage0: full=[ 0.0828  -0.51491], physical=[ 0.0828  -0.51491]
solver time:  0.2685310840024613
plant_input_stage0: full=[ 0.08368 -0.44861], physical=[ 0.08368 -0.44861]
solver time:  0.3107565430109389
plant_input_stage0: full=[ 0.08432 -0.39626], physical=[ 0.08432 -0.39626]
solver time:  0.29207909398246557
plant_input_stage0: full=[ 0.08477 -0.35676], physical=[ 0.08477 -0.35676]
solver time:  0.2930278359854128
plant_input_stage0: full=[ 0.08509 -0.32834], physical=[ 0.08509 -0.32834]
solver time:  0.2834734229836613
plant_input_stage0: full=[ 0.08525 -0.31126], physical=[ 0.08525 -0.31126]
solver time:  0.2969096500019077
plant_input_stage0: full=[ 0.08529 -0.30606], physical=[ 0.08529 -0.30606]
solver time:  0.3228406459966209
plant_input_stage0: full=[ 0.08523 -0.31793], physical=[ 0.08523 -0.31793]
solver time:  0.34350236400496215
plant_input_stage0: full=[ 0.0851  -0.35979], physical=[ 0.0851  -0.35979]
solver time:  0.33708442898932844
plant_input_stage0: full=[ 0.08491 -0.47307], physical=[ 0.08491 -0.47307]
solver time:  0.37180492299376056
plant_input_stage0: full=[ 0.08469 -0.82914], physical=[ 0.08469 -0.82914]
solver time:  0.4198765429900959
plant_input_stage0: full=[ 0.08448 -0.33809], physical=[ 0.08448 -0.33809]
solver time:  0.3877502430113964
plant_input_stage0: full=[ 0.08399 -0.11287], physical=[ 0.08399 -0.11287]
solver time:  0.41901600200799294
plant_input_stage0: full=[ 0.11021 -0.14528], physical=[ 0.11021 -0.14528]
solver time:  0.4554114619968459
plant_input_stage0: full=[ 0.10356 -0.02632], physical=[ 0.10356 -0.02632]
solver time:  0.45226694000302814
plant_input_stage0: full=[ 0.09728 -0.01602], physical=[ 0.09728 -0.01602]
solver time:  0.4350678990012966
plant_input_stage0: full=[ 0.09138 -0.00983], physical=[ 0.09138 -0.00983]
solver time:  0.4807485499768518
plant_input_stage0: full=[ 0.08583 -0.00483], physical=[ 0.08583 -0.00483]
solver time:  0.45736824299092405
plant_input_stage0: full=[ 0.08083 -0.00131], physical=[ 0.08083 -0.00131]
solver time:  0.49127828801283613
plant_input_stage0: full=[0.08022 0.00186], physical=[0.08022 0.00186]
solver time:  0.3662663850118406
plant_input_stage0: full=[0.07965 0.13066], physical=[0.07965 0.13066]
solver time:  0.3638076370116323
plant_input_stage0: full=[0.08066 0.02949], physical=[0.08066 0.02949]
solver time:  0.3780118039867375
plant_input_stage0: full=[ 0.08205 -0.09314], physical=[ 0.08205 -0.09314]
solver time:  0.40479731201776303
plant_input_stage0: full=[ 0.08196 -0.01194], physical=[ 0.08196 -0.01194]
solver time:  0.420687542995438
plant_input_stage0: full=[0.0815  0.05244], physical=[0.0815  0.05244]
solver time:  1.0276948969985824
plant_input_stage0: full=[ 0.08171 -0.0034 ], physical=[ 0.08171 -0.0034 ]
solver time:  0.7032271759817377
plant_input_stage0: full=[0.10523 0.04842], physical=[0.10523 0.04842]
solver time:  0.4979049809917342
plant_input_stage0: full=[ 0.09634 -0.33904], physical=[ 0.09634 -0.33904]
solver time:  0.5004717970150523
plant_input_stage0: full=[ 0.10165 -0.95065], physical=[ 0.10165 -0.95065]
solver time:  0.48298145199078135
plant_input_stage0: full=[ 0.07881 -1.     ], physical=[ 0.07881 -1.     ]
solver time:  0.44064045199775137
plant_input_stage0: full=[ 0.0769 -1.    ], physical=[ 0.0769 -1.    ]
solver time:  0.4541756090184208
plant_input_stage0: full=[ 0.07726 -1.     ], physical=[ 0.07726 -1.     ]
solver time:  0.47864572700927965
plant_input_stage0: full=[ 0.07642 -1.     ], physical=[ 0.07642 -1.     ]
solver time:  0.4692080599779729
plant_input_stage0: full=[ 0.07546 -1.     ], physical=[ 0.07546 -1.     ]
solver time:  0.6152970230032224
plant_input_stage0: full=[ 0.07602 -0.99526], physical=[ 0.07602 -0.99526]
solver time:  0.39638094199472107
plant_input_stage0: full=[ 0.07738 -0.90131], physical=[ 0.07738 -0.90131]
solver time:  0.4256153110181913
plant_input_stage0: full=[ 0.07987 -0.15875], physical=[ 0.07987 -0.15875]
solver time:  0.42767501302296296
plant_input_stage0: full=[0.07966 0.32981], physical=[0.07966 0.32981]
solver time:  0.4208787899988238
plant_input_stage0: full=[0.08226 0.31734], physical=[0.08226 0.31734]
solver time:  0.4197643650113605
plant_input_stage0: full=[0.08238 0.22162], physical=[0.08238 0.22162]
solver time:  0.41405122200376354
plant_input_stage0: full=[0.08392 0.15024], physical=[0.08392 0.15024]
solver time:  0.3756551909900736
plant_input_stage0: full=[0.08402 0.10455], physical=[0.08402 0.10455]
solver time:  0.4030820459884126
plant_input_stage0: full=[0.08438 0.32657], physical=[0.08438 0.32657]
solver time:  0.3794880510249641
plant_input_stage0: full=[0.08433 0.32513], physical=[0.08433 0.32513]
solver time:  0.4060729230113793
plant_input_stage0: full=[0.08413 0.34391], physical=[0.08413 0.34391]
solver time:  0.33995517500443384
plant_input_stage0: full=[0.08421 0.0883 ], physical=[0.08421 0.0883 ]
solver time:  0.41088776401011273
plant_input_stage0: full=[0.08157 0.75567], physical=[0.08157 0.75567]
solver time:  0.36305190599523485
plant_input_stage0: full=[0.0768 1.    ], physical=[0.0768 1.    ]
solver time:  0.3560944289783947
plant_input_stage0: full=[0.1001 1.    ], physical=[0.1001 1.    ]
solver time:  0.33648070399067365
plant_input_stage0: full=[0.09841 1.     ], physical=[0.09841 1.     ]
solver time:  0.35059907200047746
plant_input_stage0: full=[0.09564 1.     ], physical=[0.09564 1.     ]
solver time:  0.3626812750007957
plant_input_stage0: full=[0.09196 1.     ], physical=[0.09196 1.     ]
solver time:  0.3662868660176173
plant_input_stage0: full=[0.08749 0.59145], physical=[0.08749 0.59145]
solver time:  0.36327319001429714
plant_input_stage0: full=[0.08314 0.08787], physical=[0.08314 0.08787]
solver time:  0.36749906701152213
plant_input_stage0: full=[0.08274 0.0553 ], physical=[0.08274 0.0553 ]
solver time:  0.35005807102425024
plant_input_stage0: full=[0.0823  0.03079], physical=[0.0823  0.03079]
solver time:  0.34890534199075773
plant_input_stage0: full=[0.08184 0.0127 ], physical=[0.08184 0.0127 ]
solver time:  0.33142297400627285
plant_input_stage0: full=[ 0.08136 -0.00001], physical=[ 0.08136 -0.00001]
solver time:  0.3513436719949823
plant_input_stage0: full=[ 0.08087 -0.00928], physical=[ 0.08087 -0.00928]
solver time:  0.34315201701247133
plant_input_stage0: full=[ 0.08034 -0.01346], physical=[ 0.08034 -0.01346]
solver time:  0.3780374999914784
plant_input_stage0: full=[ 0.08024 -0.0914 ], physical=[ 0.08024 -0.0914 ]
solver time:  0.36886566600878723
plant_input_stage0: full=[0.08139 0.02074], physical=[0.08139 0.02074]
solver time:  0.38019734498811886
plant_input_stage0: full=[0.08196 0.05482], physical=[0.08196 0.05482]
solver time:  0.3846253379888367
plant_input_stage0: full=[0.08197 0.05118], physical=[0.08197 0.05118]
solver time:  0.3939028849999886
plant_input_stage0: full=[0.08176 0.00716], physical=[0.08176 0.00716]
solver time:  0.4038375719974283
plant_input_stage0: full=[ 0.08124 -0.10129], physical=[ 0.08124 -0.10129]
solver time:  0.4552680019987747
plant_input_stage0: full=[ 0.10196 -0.22741], physical=[ 0.10196 -0.22741]
solver time:  0.6053804780240171
plant_input_stage0: full=[0.09178 0.47973], physical=[0.09178 0.47973]
solver time:  0.4324842030182481
plant_input_stage0: full=[0.08061 1.     ], physical=[0.08061 1.     ]
solver time:  0.4770613089785911
plant_input_stage0: full=[0.07925 1.     ], physical=[0.07925 1.     ]
solver time:  0.4506076870020479
plant_input_stage0: full=[0.07757 1.     ], physical=[0.07757 1.     ]
solver time:  0.47465673901024275
plant_input_stage0: full=[0.0773 1.    ], physical=[0.0773 1.    ]
solver time:  0.5346812799980398
plant_input_stage0: full=[0.0774 1.    ], physical=[0.0774 1.    ]
solver time:  0.4036521539965179
plant_input_stage0: full=[0.0768  0.99939], physical=[0.0768  0.99939]
solver time:  0.4187831580056809
plant_input_stage0: full=[0.07776 0.96262], physical=[0.07776 0.96262]
solver time:  0.39073122301488183
plant_input_stage0: full=[0.08108 0.80484], physical=[0.08108 0.80484]
solver time:  0.4392498609959148
plant_input_stage0: full=[ 0.08101 -0.13465], physical=[ 0.08101 -0.13465]
solver time:  0.443284370994661
plant_input_stage0: full=[ 0.08109 -0.35312], physical=[ 0.08109 -0.35312]
solver time:  0.4112671240000054
plant_input_stage0: full=[ 0.0821  -0.28558], physical=[ 0.0821  -0.28558]
solver time:  0.401112103019841
plant_input_stage0: full=[ 0.08369 -0.18854], physical=[ 0.08369 -0.18854]
solver time:  0.3887334149912931
plant_input_stage0: full=[ 0.08432 -0.12932], physical=[ 0.08432 -0.12932]
solver time:  0.3881134150142316
plant_input_stage0: full=[ 0.08451 -0.09072], physical=[ 0.08451 -0.09072]
solver time:  0.40800063297501765
plant_input_stage0: full=[ 0.08458 -0.36883], physical=[ 0.08458 -0.36883]
solver time:  0.43954302300699055
plant_input_stage0: full=[ 0.08507 -0.37305], physical=[ 0.08507 -0.37305]
solver time:  0.44625780399655923
plant_input_stage0: full=[ 0.08501 -0.40538], physical=[ 0.08501 -0.40538]
solver time:  0.46085654001217335
plant_input_stage0: full=[ 0.08459 -0.33892], physical=[ 0.08459 -0.33892]
solver time:  0.39856812998186797
plant_input_stage0: full=[ 0.08504 -0.85126], physical=[ 0.08504 -0.85126]
solver time:  0.4076711499947123
plant_input_stage0: full=[ 0.11083 -1.     ], physical=[ 0.11083 -1.     ]
solver time:  0.37643723699147813
plant_input_stage0: full=[ 0.10719 -1.     ], physical=[ 0.10719 -1.     ]
solver time:  0.3679583169869147
plant_input_stage0: full=[ 0.1026 -1.    ], physical=[ 0.1026 -1.    ]
solver time:  0.3817010009952355
plant_input_stage0: full=[ 0.09721 -0.3899 ], physical=[ 0.09721 -0.3899 ]
solver time:  0.36001665599178523
plant_input_stage0: full=[ 0.09135 -0.00001], physical=[ 0.09135 -0.00001]
solver time:  0.3913987269916106
plant_input_stage0: full=[0.08579 0.     ], physical=[0.08579 0.     ]
solver time:  0.36992694801301695
plant_input_stage0: full=[ 0.0857 -0.0129], physical=[ 0.0857 -0.0129]
solver time:  0.40705570799764246
plant_input_stage0: full=[ 0.0857 -0.0123], physical=[ 0.0857 -0.0123]
solver time:  0.35840816400013864
plant_input_stage0: full=[ 0.0857  -0.01154], physical=[ 0.0857  -0.01154]
solver time:  0.37629835700499825
plant_input_stage0: full=[ 0.0857  -0.01084], physical=[ 0.0857  -0.01084]
solver time:  0.3318166669923812
plant_input_stage0: full=[ 0.0857  -0.01016], physical=[ 0.0857  -0.01016]
solver time:  0.34629800397669896
plant_input_stage0: full=[ 0.0857  -0.00953], physical=[ 0.0857  -0.00953]
solver time:  0.3031883340154309
plant_input_stage0: full=[ 0.08569 -0.00895], physical=[ 0.08569 -0.00895]
solver time:  0.32193377998191863
plant_input_stage0: full=[0.08566 0.00891], physical=[0.08566 0.00891]
solver time:  0.3170710699923802
plant_input_stage0: full=[0.0856  0.02216], physical=[0.0856  0.02216]
solver time:  0.33907059600460343
plant_input_stage0: full=[0.08552 0.03118], physical=[0.08552 0.03118]
solver time:  0.32036721499753185
plant_input_stage0: full=[0.08542 0.03979], physical=[0.08542 0.03979]
solver time:  0.3267812359845266
plant_input_stage0: full=[0.0853  0.04804], physical=[0.0853  0.04804]
solver time:  0.3192504930193536
plant_input_stage0: full=[0.08516 0.05787], physical=[0.08516 0.05787]
solver time:  0.3657307070097886
plant_input_stage0: full=[0.085   0.06608], physical=[0.085   0.06608]
solver time:  0.3698791640053969
plant_input_stage0: full=[0.08482 0.07365], physical=[0.08482 0.07365]
solver time:  0.3699474070162978
plant_input_stage0: full=[0.08463 0.08096], physical=[0.08463 0.08096]
solver time:  0.3211971640121192
plant_input_stage0: full=[0.08438 0.07548], physical=[0.08438 0.07548]
solver time:  0.31293290900066495
plant_input_stage0: full=[0.08413 0.07039], physical=[0.08413 0.07039]
solver time:  0.30674122500931844
plant_input_stage0: full=[0.08387 0.0615 ], physical=[0.08387 0.0615 ]
solver time:  0.3032164400210604
plant_input_stage0: full=[0.08356 0.05043], physical=[0.08356 0.05043]
solver time:  0.3079070059757214
plant_input_stage0: full=[0.08324 0.03426], physical=[0.08324 0.03426]
solver time:  0.3051526229828596
plant_input_stage0: full=[ 0.083   -0.02847], physical=[ 0.083   -0.02847]
solver time:  0.29738893499597907
plant_input_stage0: full=[ 0.08275 -0.07194], physical=[ 0.08275 -0.07194]
solver time:  0.2971059260016773
plant_input_stage0: full=[ 0.08251 -0.09992], physical=[ 0.08251 -0.09992]
solver time:  0.2962951799854636
plant_input_stage0: full=[ 0.08231 -0.07437], physical=[ 0.08231 -0.07437]
solver time:  0.3306181720108725
plant_input_stage0: full=[0.08222 0.09647], physical=[0.08222 0.09647]
solver time:  0.3090662640170194
plant_input_stage0: full=[0.08283 0.08758], physical=[0.08283 0.08758]
solver time:  0.3325556280033197
plant_input_stage0: full=[0.08281 0.08107], physical=[0.08281 0.08107]
solver time:  0.3273978700162843
plant_input_stage0: full=[0.08246 0.07659], physical=[0.08246 0.07659]
solver time:  0.3583577369863633
plant_input_stage0: full=[0.11038 0.07987], physical=[0.11038 0.07987]
solver time:  0.3346203920082189
plant_input_stage0: full=[ 0.1003  -0.04445], physical=[ 0.1003  -0.04445]
solver time:  0.3881867339950986
plant_input_stage0: full=[ 0.09371 -0.07822], physical=[ 0.09371 -0.07822]
solver time:  0.37406577801448293
plant_input_stage0: full=[0.08852 0.58168], physical=[0.08852 0.58168]
solver time:  0.3897269389999565
plant_input_stage0: full=[0.08018 1.     ], physical=[0.08018 1.     ]
solver time:  0.5224496969894972
plant_input_stage0: full=[0.08006 1.     ], physical=[0.08006 1.     ]
solver time:  0.4167020639870316
plant_input_stage0: full=[0.07871 1.     ], physical=[0.07871 1.     ]
solver time:  0.3560172339784913
plant_input_stage0: full=[0.07603 0.17955], physical=[0.07603 0.17955]
solver time:  0.34338097099680454
plant_input_stage0: full=[0.07214 0.74286], physical=[0.07214 0.74286]
solver time:  0.42079686699435115
plant_input_stage0: full=[0.07439 1.     ], physical=[0.07439 1.     ]
solver time:  0.37607099997694604
plant_input_stage0: full=[0.08011 0.59562], physical=[0.08011 0.59562]
solver time:  0.3683784500171896
plant_input_stage0: full=[ 0.07927 -0.25898], physical=[ 0.07927 -0.25898]
solver time:  0.37534402700839564
plant_input_stage0: full=[ 0.07994 -0.30232], physical=[ 0.07994 -0.30232]
solver time:  0.38490596401970834
plant_input_stage0: full=[ 0.08142 -0.19573], physical=[ 0.08142 -0.19573]
solver time:  0.3588517500029411
plant_input_stage0: full=[ 0.08699 -0.13118], physical=[ 0.08699 -0.13118]
solver time:  0.3817493550013751
plant_input_stage0: full=[ 0.0844  -0.09125], physical=[ 0.0844  -0.09125]
solver time:  0.38389343000017107
plant_input_stage0: full=[ 0.0838  -0.36834], physical=[ 0.0838  -0.36834]
solver time:  0.3986000880249776
plant_input_stage0: full=[ 0.08438 -0.35934], physical=[ 0.08438 -0.35934]
solver time:  0.36371302700717933
plant_input_stage0: full=[ 0.08452 -0.36933], physical=[ 0.08452 -0.36933]
solver time:  0.37378464598441496
plant_input_stage0: full=[ 0.08377 -0.28351], physical=[ 0.08377 -0.28351]
solver time:  0.3765189349942375
plant_input_stage0: full=[ 0.0825  -0.49263], physical=[ 0.0825  -0.49263]
solver time:  0.3470125120074954
plant_input_stage0: full=[ 0.08301 -0.95372], physical=[ 0.08301 -0.95372]
solver time:  0.33362068701535463
plant_input_stage0: full=[ 0.09355 -1.     ], physical=[ 0.09355 -1.     ]
solver time:  0.33088629800477065
plant_input_stage0: full=[ 0.09247 -1.     ], physical=[ 0.09247 -1.     ]
solver time:  0.34013495699036866
plant_input_stage0: full=[ 0.09039 -1.     ], physical=[ 0.09039 -1.     ]
solver time:  0.3300995659956243
plant_input_stage0: full=[ 0.08723 -1.     ], physical=[ 0.08723 -1.     ]
solver time:  0.349972017982509
plant_input_stage0: full=[ 0.08328 -0.6309 ], physical=[ 0.08328 -0.6309 ]
solver time:  0.33128473500255495
plant_input_stage0: full=[ 0.07867 -0.07184], physical=[ 0.07867 -0.07184]
solver time:  0.30753155500860885
plant_input_stage0: full=[ 0.07609 -0.0467 ], physical=[ 0.07609 -0.0467 ]
solver time:  0.30609693899168633
plant_input_stage0: full=[ 0.07466 -0.02722], physical=[ 0.07466 -0.02722]
solver time:  0.2869155859807506
plant_input_stage0: full=[ 0.07316 -0.01294], physical=[ 0.07316 -0.01294]
solver time:  0.3011140640010126
plant_input_stage0: full=[ 0.07155 -0.00254], physical=[ 0.07155 -0.00254]
solver time:  0.3140349890163634
plant_input_stage0: full=[0.06979 0.00494], physical=[0.06979 0.00494]
solver time:  0.3075087709876243
plant_input_stage0: full=[0.06796 0.00903], physical=[0.06796 0.00903]
solver time:  0.2876365919946693
plant_input_stage0: full=[0.06603 0.01234], physical=[0.06603 0.01234]
solver time:  0.31344289000844583
plant_input_stage0: full=[ 0.06399 -0.00234], physical=[ 0.06399 -0.00234]
solver time:  0.3221945730037987
plant_input_stage0: full=[ 0.06191 -0.01361], physical=[ 0.06191 -0.01361]
solver time:  0.2933881829958409
plant_input_stage0: full=[ 0.05977 -0.01147], physical=[ 0.05977 -0.01147]
solver time:  0.30971620199852623
plant_input_stage0: full=[ 0.05758 -0.00946], physical=[ 0.05758 -0.00946]
solver time:  0.36876534699695185
plant_input_stage0: full=[ 0.05681 -0.00762], physical=[ 0.05681 -0.00762]
solver time:  0.36164882901357487
plant_input_stage0: full=[0.062   0.18628], physical=[0.062   0.18628]
solver time:  0.3266302200208884
plant_input_stage0: full=[ 0.06901 -0.05836], physical=[ 0.06901 -0.05836]
solver time:  0.31763515301281586
plant_input_stage0: full=[0.07238 0.09617], physical=[0.07238 0.09617]
solver time:  0.30165512501844205
plant_input_stage0: full=[0.09111 0.23536], physical=[0.09111 0.23536]
solver time:  0.32072385601350106
plant_input_stage0: full=[ 0.09201 -0.55681], physical=[ 0.09201 -0.55681]
solver time:  0.324189192004269
plant_input_stage0: full=[ 0.10176 -1.     ], physical=[ 0.10176 -1.     ]
solver time:  0.3611577599949669
plant_input_stage0: full=[ 0.05066 -1.     ], physical=[ 0.05066 -1.     ]
solver time:  0.41056297000613995
plant_input_stage0: full=[ 0.04927 -1.     ], physical=[ 0.04927 -1.     ]
solver time:  0.46680753299733624
plant_input_stage0: full=[ 0.04834 -1.     ], physical=[ 0.04834 -1.     ]
solver time:  0.4076127999869641
plant_input_stage0: full=[ 0.04913 -1.     ], physical=[ 0.04913 -1.     ]
solver time:  0.4012752450071275
plant_input_stage0: full=[ 0.05474 -1.     ], physical=[ 0.05474 -1.     ]
solver time:  0.2773031910182908
plant_input_stage0: full=[ 0.05992 -1.     ], physical=[ 0.05992 -1.     ]
solver time:  0.26030096400063485
plant_input_stage0: full=[ 0.06471 -1.     ], physical=[ 0.06471 -1.     ]
solver time:  0.2547433319850825
plant_input_stage0: full=[ 0.06915 -1.     ], physical=[ 0.06915 -1.     ]
solver time:  0.2486118869856
plant_input_stage0: full=[ 0.07323 -1.     ], physical=[ 0.07323 -1.     ]
solver time:  0.2391009439888876
plant_input_stage0: full=[ 0.07691 -1.     ], physical=[ 0.07691 -1.     ]
solver time:  0.23364942698390223
plant_input_stage0: full=[ 0.08016 -1.     ], physical=[ 0.08016 -1.     ]
solver time:  0.2382967369921971
plant_input_stage0: full=[ 0.08288 -1.     ], physical=[ 0.08288 -1.     ]
solver time:  0.2546586279931944
plant_input_stage0: full=[ 0.08499 -1.     ], physical=[ 0.08499 -1.     ]
solver time:  0.31854248099261895
plant_input_stage0: full=[ 0.11003 -1.     ], physical=[ 0.11003 -1.     ]
solver time:  0.2863886090053711
plant_input_stage0: full=[ 0.10413 -0.07013], physical=[ 0.10413 -0.07013]
solver time:  0.27486538799712434
plant_input_stage0: full=[ 0.09385 -0.02437], physical=[ 0.09385 -0.02437]
solver time:  0.31537803600076586
plant_input_stage0: full=[0.08387 0.45319], physical=[0.08387 0.45319]
solver time:  0.2839629059890285
plant_input_stage0: full=[0.08788 0.06379], physical=[0.08788 0.06379]
solver time:  0.3021098969911691
plant_input_stage0: full=[ 0.08529 -0.22448], physical=[ 0.08529 -0.22448]
solver time:  0.30275836601504125
plant_input_stage0: full=[ 0.08555 -0.41662], physical=[ 0.08555 -0.41662]
solver time:  0.3212651429930702
plant_input_stage0: full=[ 0.08569 -0.20637], physical=[ 0.08569 -0.20637]
solver time:  0.3374300980067346
plant_input_stage0: full=[ 0.08565 -0.01024], physical=[ 0.08565 -0.01024]
solver time:  0.3417364170018118
plant_input_stage0: full=[ 0.08555 -0.02537], physical=[ 0.08555 -0.02537]
solver time:  0.3622366030176636
plant_input_stage0: full=[ 0.08543 -0.03643], physical=[ 0.08543 -0.03643]
solver time:  0.3881700939964503
plant_input_stage0: full=[ 0.08527 -0.04699], physical=[ 0.08527 -0.04699]
solver time:  0.2639788879896514
plant_input_stage0: full=[ 0.08509 -0.05713], physical=[ 0.08509 -0.05713]
solver time:  0.2599577249784488
plant_input_stage0: full=[ 0.08488 -0.0682 ], physical=[ 0.08488 -0.0682 ]
solver time:  0.26353460099198855
plant_input_stage0: full=[ 0.08464 -0.07937], physical=[ 0.08464 -0.07937]
solver time:  0.3042183420038782
plant_input_stage0: full=[ 0.08436 -0.08319], physical=[ 0.08436 -0.08319]
solver time:  0.3207088159979321
plant_input_stage0: full=[ 0.08405 -0.07981], physical=[ 0.08405 -0.07981]
solver time:  0.28628976599429734
plant_input_stage0: full=[ 0.0837  -0.07362], physical=[ 0.0837  -0.07362]
solver time:  0.30954308598302305
plant_input_stage0: full=[ 0.08335 -0.05233], physical=[ 0.08335 -0.05233]
solver time:  0.3127866680151783
plant_input_stage0: full=[ 0.08296 -0.01858], physical=[ 0.08296 -0.01858]
solver time:  0.3035710240073968
plant_input_stage0: full=[0.08254 0.00608], physical=[0.08254 0.00608]
solver time:  0.3556003400008194
plant_input_stage0: full=[0.0821  0.02276], physical=[0.0821  0.02276]
solver time:  0.37375083201914094
plant_input_stage0: full=[0.08164 0.03434], physical=[0.08164 0.03434]
solver time:  0.3573822299949825
plant_input_stage0: full=[0.08118 0.04156], physical=[0.08118 0.04156]
solver time:  0.34780963699449785
plant_input_stage0: full=[0.0807  0.04575], physical=[0.0807  0.04575]
solver time:  0.2753977589891292
plant_input_stage0: full=[0.08041 0.0673 ], physical=[0.08041 0.0673 ]
solver time:  0.3232001749856863
plant_input_stage0: full=[ 0.08139 -0.00572], physical=[ 0.08139 -0.00572]
solver time:  0.28211604498210363
plant_input_stage0: full=[ 0.08201 -0.05513], physical=[ 0.08201 -0.05513]
solver time:  0.2872623600123916
plant_input_stage0: full=[ 0.08191 -0.05102], physical=[ 0.08191 -0.05102]
solver time:  0.2897040779935196
plant_input_stage0: full=[ 0.0819  -0.04086], physical=[ 0.0819  -0.04086]
solver time:  0.2940707730012946
plant_input_stage0: full=[0.08143 0.05727], physical=[0.08143 0.05727]
solver time:  0.30445882899221033
plant_input_stage0: full=[0.10122 0.39233], physical=[0.10122 0.39233]
solver time:  0.3841147289786022
plant_input_stage0: full=[ 0.08934 -0.43576], physical=[ 0.08934 -0.43576]
solver time:  0.40464960399549454
plant_input_stage0: full=[ 0.08134 -1.     ], physical=[ 0.08134 -1.     ]
solver time:  0.37389674098812975
plant_input_stage0: full=[ 0.07971 -1.     ], physical=[ 0.07971 -1.     ]
solver time:  0.35191100000520237
plant_input_stage0: full=[ 0.07774 -1.     ], physical=[ 0.07774 -1.     ]
solver time:  0.4171985969878733
plant_input_stage0: full=[ 0.07799 -1.     ], physical=[ 0.07799 -1.     ]
solver time:  0.33335153601365164
plant_input_stage0: full=[ 0.07682 -1.     ], physical=[ 0.07682 -1.     ]
solver time:  0.3861112410086207
plant_input_stage0: full=[ 0.07477 -0.56442], physical=[ 0.07477 -0.56442]
solver time:  0.324363905005157
plant_input_stage0: full=[ 0.07484 -1.     ], physical=[ 0.07484 -1.     ]
solver time:  0.28253829598543234
plant_input_stage0: full=[ 0.07871 -0.92627], physical=[ 0.07871 -0.92627]
solver time:  0.3591947219974827
plant_input_stage0: full=[0.0811  0.03515], physical=[0.0811  0.03515]
solver time:  0.3187279980047606
plant_input_stage0: full=[0.07996 0.34741], physical=[0.07996 0.34741]
solver time:  0.32273985000210814
plant_input_stage0: full=[0.08087 0.28224], physical=[0.08087 0.28224]
solver time:  0.28826032698270865
plant_input_stage0: full=[0.08271 0.18628], physical=[0.08271 0.18628]
solver time:  0.2722196849936154
plant_input_stage0: full=[0.08391 0.12735], physical=[0.08391 0.12735]
solver time:  0.27403249801136553
plant_input_stage0: full=[0.08411 0.08941], physical=[0.08411 0.08941]
solver time:  0.28032061900012195
plant_input_stage0: full=[0.08414 0.36068], physical=[0.08414 0.36068]
solver time:  0.2966903510096017
plant_input_stage0: full=[0.084   0.36089], physical=[0.084   0.36089]
solver time:  0.320833081001183
plant_input_stage0: full=[0.08414 0.38536], physical=[0.08414 0.38536]
solver time:  0.34442780099925585
plant_input_stage0: full=[0.08401 0.22839], physical=[0.08401 0.22839]
solver time:  0.3004109149915166
plant_input_stage0: full=[0.08142 0.79204], physical=[0.08142 0.79204]
solver time:  0.3290104430052452
plant_input_stage0: full=[0.07625 1.     ], physical=[0.07625 1.     ]
solver time:  0.30612186499638483
plant_input_stage0: full=[0.09522 1.     ], physical=[0.09522 1.     ]
solver time:  0.2973088629951235
plant_input_stage0: full=[0.09354 1.     ], physical=[0.09354 1.     ]
solver time:  0.29478616098640487
plant_input_stage0: full=[0.09085 1.     ], physical=[0.09085 1.     ]
solver time:  0.28049123400705867
plant_input_stage0: full=[0.08727 1.     ], physical=[0.08727 1.     ]
solver time:  0.2844759720028378
plant_input_stage0: full=[0.083   0.20139], physical=[0.083   0.20139]
solver time:  0.2713858879869804
plant_input_stage0: full=[0.07841 0.09119], physical=[0.07841 0.09119]
solver time:  0.2611972980084829
plant_input_stage0: full=[0.07708 0.06083], physical=[0.07708 0.06083]
solver time:  0.2666272649948951
plant_input_stage0: full=[0.07561 0.03819], physical=[0.07561 0.03819]
solver time:  0.2609365929965861
plant_input_stage0: full=[0.07407 0.02121], physical=[0.07407 0.02121]
solver time:  0.2612266570213251
plant_input_stage0: full=[0.07238 0.00867], physical=[0.07238 0.00867]
solver time:  0.26214274700032547
plant_input_stage0: full=[ 0.07058 -0.00022], physical=[ 0.07058 -0.00022]
solver time:  0.2703004869981669
plant_input_stage0: full=[ 0.06867 -0.00652], physical=[ 0.06867 -0.00652]
solver time:  0.2806704110116698
plant_input_stage0: full=[ 0.06668 -0.00501], physical=[ 0.06668 -0.00501]
solver time:  0.27636842799256556
plant_input_stage0: full=[0.06459 0.01954], physical=[0.06459 0.01954]
solver time:  0.2837945320061408
plant_input_stage0: full=[0.06244 0.01752], physical=[0.06244 0.01752]
solver time:  0.31704597899806686
plant_input_stage0: full=[0.06025 0.01527], physical=[0.06025 0.01527]
solver time:  0.31230379300541244
plant_input_stage0: full=[0.058   0.01251], physical=[0.058   0.01251]
solver time:  0.30774413800099865
plant_input_stage0: full=[0.05605 0.01062], physical=[0.05605 0.01062]
solver time:  0.29326744901482016
plant_input_stage0: full=[0.05519 0.00892], physical=[0.05519 0.00892]
solver time:  0.29301335199852474
plant_input_stage0: full=[0.05473 0.00744], physical=[0.05473 0.00744]
solver time:  0.30464637000113726
plant_input_stage0: full=[0.05992 0.00638], physical=[0.05992 0.00638]
solver time:  0.30534936499316245
plant_input_stage0: full=[0.05775 0.00554], physical=[0.05775 0.00554]
solver time:  0.3056409329874441
plant_input_stage0: full=[0.0558  0.00503], physical=[0.0558  0.00503]
solver time:  0.3008462750003673
plant_input_stage0: full=[0.05394 0.00492], physical=[0.05394 0.00492]
solver time:  0.33039087100769393
plant_input_stage0: full=[ 0.05215 -0.09075], physical=[ 0.05215 -0.09075]
solver time:  0.3196095540188253
plant_input_stage0: full=[0.05314 0.41484], physical=[0.05314 0.41484]
solver time:  0.3734368229925167
plant_input_stage0: full=[0.04218 1.     ], physical=[0.04218 1.     ]
solver time:  0.40848420799011365
plant_input_stage0: full=[0.04261 1.     ], physical=[0.04261 1.     ]
solver time:  0.36160902702249587
plant_input_stage0: full=[0.04291 1.     ], physical=[0.04291 1.     ]
solver time:  0.37646804001997225
plant_input_stage0: full=[0.04292 1.     ], physical=[0.04292 1.     ]
solver time:  0.4563887080003042
plant_input_stage0: full=[0.0423 0.9119], physical=[0.0423 0.9119]
solver time:  0.3942723300133366
plant_input_stage0: full=[0.04039 0.83713], physical=[0.04039 0.83713]
solver time:  0.3925080129993148
plant_input_stage0: full=[0.03843 0.82709], physical=[0.03843 0.82709]
solver time:  0.38008375800563954
plant_input_stage0: full=[0.03652 0.76588], physical=[0.03652 0.76588]
solver time:  0.31336479500168934
plant_input_stage0: full=[0.03449 0.741  ], physical=[0.03449 0.741  ]
solver time:  0.32939440800691955
plant_input_stage0: full=[0.03253 0.68593], physical=[0.03253 0.68593]
solver time:  0.3311086100002285
plant_input_stage0: full=[0.03064 0.65982], physical=[0.03064 0.65982]
solver time:  0.3242654810019303
plant_input_stage0: full=[0.02883 0.60888], physical=[0.02883 0.60888]
solver time:  0.3145484700216912
plant_input_stage0: full=[0.02711 0.58372], physical=[0.02711 0.58372]
solver time:  0.31964042800245807
plant_input_stage0: full=[0.02545 0.48444], physical=[0.02545 0.48444]
solver time:  0.30253178600105457
plant_input_stage0: full=[0.02393 0.0044 ], physical=[0.02393 0.0044 ]
solver time:  0.2934921339910943
plant_input_stage0: full=[0.02247 0.00386], physical=[0.02247 0.00386]
solver time:  0.27558791800402105
plant_input_stage0: full=[0.0211  0.00307], physical=[0.0211  0.00307]
solver time:  0.28496802601148374
plant_input_stage0: full=[0.01982 0.00255], physical=[0.01982 0.00255]
solver time:  0.28649817101540975
plant_input_stage0: full=[0.01861 0.00219], physical=[0.01861 0.00219]
solver time:  0.288396591990022
plant_input_stage0: full=[0.01748 0.00193], physical=[0.01748 0.00193]
solver time:  0.2798002390190959
plant_input_stage0: full=[0.01642 0.00174], physical=[0.01642 0.00174]
solver time:  0.280011947004823
plant_input_stage0: full=[0.01542 0.00161], physical=[0.01542 0.00161]
solver time:  0.27500367801985703
plant_input_stage0: full=[0.01448 0.00151], physical=[0.01448 0.00151]
solver time:  0.2642311450035777
plant_input_stage0: full=[0.0136  0.00144], physical=[0.0136  0.00144]
solver time:  0.2698641520109959
plant_input_stage0: full=[0.01277 0.00139], physical=[0.01277 0.00139]
solver time:  0.2685146809963044
plant_input_stage0: full=[0.01199 0.00137], physical=[0.01199 0.00137]
solver time:  0.26373220601817593
plant_input_stage0: full=[0.01126 0.00136], physical=[0.01126 0.00136]
solver time:  0.2626868459919933
plant_input_stage0: full=[0.01058 0.00136], physical=[0.01058 0.00136]
solver time:  0.2759368540137075
plant_input_stage0: full=[0.00993 0.00137], physical=[0.00993 0.00137]
solver time:  0.26922271100920625
plant_input_stage0: full=[0.00933 0.00139], physical=[0.00933 0.00139]
solver time:  0.2586471660179086
plant_input_stage0: full=[0.00876 0.00143], physical=[0.00876 0.00143]
solver time:  0.2726701560022775
plant_input_stage0: full=[0.00823 0.00147], physical=[0.00823 0.00147]
solver time:  0.2623408200161066
plant_input_stage0: full=[0.00773 0.00151], physical=[0.00773 0.00151]
solver time:  0.2668322699901182
plant_input_stage0: full=[0.00726 0.00157], physical=[0.00726 0.00157]
solver time:  0.2678222359973006
plant_input_stage0: full=[0.00681 0.00162], physical=[0.00681 0.00162]
solver time:  0.26548402800108306
plant_input_stage0: full=[0.0064  0.00169], physical=[0.0064  0.00169]
목적지에 도착했습니다! 현재 위치: [1.8096  0.09746], 시간: 37.60초
Using dcbf optimizer with differential_drive dynamics:
median:  0.3189892455120571
std:  0.08338889574065117
min:  0.17665413502254523
max:  1.0276948969985824
Simulation finished.
Run outcome: status=success, reason=None, final_time=37.600000000000264, distance_to_goal=0.00987559224903794
Trial history saved to /home/taekwon/projects/psdf_mpcc/benchmark_runs/maze_oblique_5_20260916_2320/runs/config02/trial_0001/data/trial_history_MPC_DCBF_rectangle_maze_startseed0.csv
Single test completed.
[Trials] Saved: status=success, successful solver steps=376

[Trials] maze / obca trial 1/5, seed=0
Running single test...
Start perturbation: seed=0, pose=[0.07751460442186786, 0.7923579027341738, -1.5387751942727323], delta=[0.002514604421867866, -0.0026420972658260378, 0.03202113252216411], clearance=0.025107 m, attempts=1
Start pose saved to /home/taekwon/projects/psdf_mpcc/benchmark_runs/maze_oblique_5_20260916_2320/runs/config03/trial_0001/data/start_pose_MPC_OBCA_rectangle_maze_startseed0.json
Trial failure criteria enabled: movement_window_sec=4.0, movement_threshold=0.03, max_consecutive_solver_failures=20
generating global path with A* + Line of Sight
시작 위치: [0.07751 0.79236]
목적지: [1.8  0.09]
도착 판정 기준: position <= 0.01m, angle <= 0.01rad
solver time:  0.38468773898785
plant_input_stage0: full=[0.08468 0.65828], physical=[0.08468 0.65828]
solver time:  0.37280124600511044
plant_input_stage0: full=[0.08453 0.45961], physical=[0.08453 0.45961]
solver time:  0.4253553999878932
plant_input_stage0: full=[0.08394 0.0675 ], physical=[0.08394 0.0675 ]
solver time:  0.3646826530166436
plant_input_stage0: full=[0.08312 0.05799], physical=[0.08312 0.05799]
solver time:  0.428300316008972
plant_input_stage0: full=[0.0822  0.06654], physical=[0.0822  0.06654]
solver time:  0.41941303899511695
plant_input_stage0: full=[0.0812  0.06963], physical=[0.0812  0.06963]
solver time:  0.4827232210082002
plant_input_stage0: full=[0.08009 0.07199], physical=[0.08009 0.07199]
solver time:  0.4502642099978402
plant_input_stage0: full=[0.07886 0.01268], physical=[0.07886 0.01268]
solver time:  0.4625520419795066
plant_input_stage0: full=[ 0.07764 -0.03023], physical=[ 0.07764 -0.03023]
solver time:  0.4613738330081105
plant_input_stage0: full=[ 0.07633 -0.05892], physical=[ 0.07633 -0.05892]
solver time:  0.48178505498799495
plant_input_stage0: full=[ 0.07497 -0.07657], physical=[ 0.07497 -0.07657]
solver time:  0.46033995601464994
plant_input_stage0: full=[ 0.07354 -0.08682], physical=[ 0.07354 -0.08682]
solver time:  0.4703195480105933
plant_input_stage0: full=[ 0.07201 -0.09135], physical=[ 0.07201 -0.09135]
solver time:  0.4464014520053752
plant_input_stage0: full=[ 0.0704  -0.09217], physical=[ 0.0704  -0.09217]
solver time:  0.437188337004045
plant_input_stage0: full=[ 0.06869 -0.08954], physical=[ 0.06869 -0.08954]
solver time:  0.42920410897932015
plant_input_stage0: full=[ 0.0669  -0.08585], physical=[ 0.0669  -0.08585]
solver time:  0.4751441709813662
plant_input_stage0: full=[0.06507 0.01664], physical=[0.06507 0.01664]
solver time:  0.4693283810047433
plant_input_stage0: full=[0.06319 0.02454], physical=[0.06319 0.02454]
solver time:  0.4975119399896357
plant_input_stage0: full=[0.0627  0.02114], physical=[0.0627  0.02114]
solver time:  0.5259527179878205
plant_input_stage0: full=[0.06758 0.01819], physical=[0.06758 0.01819]
solver time:  0.6076959440251812
plant_input_stage0: full=[0.07142 0.01946], physical=[0.07142 0.01946]
solver time:  0.6544884539907798
plant_input_stage0: full=[0.07311 0.01777], physical=[0.07311 0.01777]
solver time:  0.646690858004149
plant_input_stage0: full=[ 0.0957 -1.    ], physical=[ 0.0957 -1.    ]
solver time:  0.6537760130013339
plant_input_stage0: full=[0.08815 0.10212], physical=[0.08815 0.10212]
solver time:  0.7658922619884834
plant_input_stage0: full=[0.086   0.77977], physical=[0.086   0.77977]
solver time:  0.6929599579889327
plant_input_stage0: full=[0.06761 1.     ], physical=[0.06761 1.     ]
solver time:  0.6457241539901588
plant_input_stage0: full=[0.05519 1.     ], physical=[0.05519 1.     ]
solver time:  0.6115461770095862
plant_input_stage0: full=[0.05296 1.     ], physical=[0.05296 1.     ]
solver time:  0.5841490699967835
plant_input_stage0: full=[0.05169 1.     ], physical=[0.05169 1.     ]
solver time:  0.6306006440136116
plant_input_stage0: full=[0.05293 1.     ], physical=[0.05293 1.     ]
solver time:  0.6215849059808534
plant_input_stage0: full=[0.05812 1.     ], physical=[0.05812 1.     ]
solver time:  0.6211571529856883
plant_input_stage0: full=[0.06288 1.     ], physical=[0.06288 1.     ]
solver time:  0.6817242979886942
plant_input_stage0: full=[0.06727 1.     ], physical=[0.06727 1.     ]
solver time:  0.49051246099406853
plant_input_stage0: full=[0.07129 1.     ], physical=[0.07129 1.     ]
solver time:  0.5151815220015123
plant_input_stage0: full=[0.07496 1.     ], physical=[0.07496 1.     ]
solver time:  0.49628281002514996
plant_input_stage0: full=[0.0782 1.    ], physical=[0.0782 1.    ]
solver time:  0.5029843369848095
plant_input_stage0: full=[0.08099 1.     ], physical=[0.08099 1.     ]
solver time:  0.5140921679849271
plant_input_stage0: full=[0.08325 1.     ], physical=[0.08325 1.     ]
solver time:  0.4996607190114446
plant_input_stage0: full=[0.11186 1.     ], physical=[0.11186 1.     ]
solver time:  0.4669698909856379
plant_input_stage0: full=[0.10691 1.     ], physical=[0.10691 1.     ]
solver time:  0.5060468200244941
plant_input_stage0: full=[0.10111 0.15446], physical=[0.10111 0.15446]
solver time:  0.49473358402610756
plant_input_stage0: full=[0.095   0.07623], physical=[0.095   0.07623]
solver time:  0.499578418006422
plant_input_stage0: full=[0.08923 0.00645], physical=[0.08923 0.00645]
solver time:  0.48899412699392997
plant_input_stage0: full=[0.08479 0.01604], physical=[0.08479 0.01604]
solver time:  0.49739650401170366
plant_input_stage0: full=[0.0847  0.02232], physical=[0.0847  0.02232]
solver time:  0.50075623698649
plant_input_stage0: full=[0.0846  0.04636], physical=[0.0846  0.04636]
solver time:  0.5645340310002211
plant_input_stage0: full=[0.08451 0.07843], physical=[0.08451 0.07843]
solver time:  0.5668887109786738
plant_input_stage0: full=[0.08436 0.07179], physical=[0.08436 0.07179]
solver time:  0.5589070499991067
plant_input_stage0: full=[0.08428 0.06813], physical=[0.08428 0.06813]
solver time:  0.5060650329978671
plant_input_stage0: full=[0.08421 0.0661 ], physical=[0.08421 0.0661 ]
solver time:  0.576742360019125
plant_input_stage0: full=[0.08409 0.06633], physical=[0.08409 0.06633]
solver time:  0.741879554989282
plant_input_stage0: full=[0.11031 0.08117], physical=[0.11031 0.08117]
solver time:  0.7798686669848394
plant_input_stage0: full=[0.10367 0.12847], physical=[0.10367 0.12847]
solver time:  0.8478190419846214
plant_input_stage0: full=[0.09738 0.66696], physical=[0.09738 0.66696]
solver time:  1.01110093499301
plant_input_stage0: full=[0.09128 0.29699], physical=[0.09128 0.29699]
solver time:  0.9343349019763991
plant_input_stage0: full=[0.08607 0.00344], physical=[0.08607 0.00344]
solver time:  0.6988697480119299
plant_input_stage0: full=[0.08603 0.05544], physical=[0.08603 0.05544]
solver time:  0.6852377110044472
plant_input_stage0: full=[0.08599 0.05205], physical=[0.08599 0.05205]
solver time:  0.7052973149984609
plant_input_stage0: full=[0.08595 0.04888], physical=[0.08595 0.04888]
solver time:  0.6907339850149583
plant_input_stage0: full=[0.08592 0.0459 ], physical=[0.08592 0.0459 ]
solver time:  0.6250911780225579
plant_input_stage0: full=[0.08589 0.04309], physical=[0.08589 0.04309]
solver time:  0.646250842983136
plant_input_stage0: full=[0.08587 0.04046], physical=[0.08587 0.04046]
solver time:  0.5974156529991888
plant_input_stage0: full=[0.08584 0.03798], physical=[0.08584 0.03798]
solver time:  0.5870171250135172
plant_input_stage0: full=[0.08583 0.03559], physical=[0.08583 0.03559]
solver time:  0.5179717940045521
plant_input_stage0: full=[0.08581 0.03347], physical=[0.08581 0.03347]
solver time:  0.5378857050091028
plant_input_stage0: full=[0.08579 0.03142], physical=[0.08579 0.03142]
solver time:  0.610286362003535
plant_input_stage0: full=[0.08578 0.02949], physical=[0.08578 0.02949]
solver time:  0.6191627959778998
plant_input_stage0: full=[0.08575 0.02875], physical=[0.08575 0.02875]
solver time:  0.5988618650007993
plant_input_stage0: full=[0.08531 0.05843], physical=[0.08531 0.05843]
solver time:  0.6042933909920976
plant_input_stage0: full=[0.08296 0.18672], physical=[0.08296 0.18672]
solver time:  0.600825970992446
plant_input_stage0: full=[0.07992 0.26086], physical=[0.07992 0.26086]
solver time:  0.6188422720006201
plant_input_stage0: full=[0.07678 0.30972], physical=[0.07678 0.30972]
solver time:  0.6275758189731278
plant_input_stage0: full=[0.07359 0.36382], physical=[0.07359 0.36382]
solver time:  0.6063573150022421
plant_input_stage0: full=[0.07016 0.44524], physical=[0.07016 0.44524]
solver time:  0.6757203419983853
plant_input_stage0: full=[0.06697 0.51977], physical=[0.06697 0.51977]
solver time:  0.7261725289863534
plant_input_stage0: full=[0.06301 0.75155], physical=[0.06301 0.75155]
solver time:  0.6461513600079343
plant_input_stage0: full=[0.06019 0.68963], physical=[0.06019 0.68963]
solver time:  0.7111377310066018
plant_input_stage0: full=[ 0.07811 -0.77272], physical=[ 0.07811 -0.77272]
solver time:  0.7430597160127945
plant_input_stage0: full=[ 0.08098 -0.50559], physical=[ 0.08098 -0.50559]
solver time:  0.6706208039831836
plant_input_stage0: full=[ 0.08264 -0.4631 ], physical=[ 0.08264 -0.4631 ]
solver time:  0.832168652996188
plant_input_stage0: full=[ 0.08348 -0.49472], physical=[ 0.08348 -0.49472]
solver time:  0.7289499239996076
plant_input_stage0: full=[ 0.08422 -0.43282], physical=[ 0.08422 -0.43282]
solver time:  0.8704219500068575
plant_input_stage0: full=[ 0.08478 -0.38349], physical=[ 0.08478 -0.38349]
solver time:  0.7591409799933899
plant_input_stage0: full=[ 0.0852  -0.34641], physical=[ 0.0852  -0.34641]
solver time:  0.7477245280169882
plant_input_stage0: full=[ 0.08545 -0.31997], physical=[ 0.08545 -0.31997]
solver time:  0.8183896100090351
plant_input_stage0: full=[ 0.08555 -0.30486], physical=[ 0.08555 -0.30486]
solver time:  0.7292919559986331
plant_input_stage0: full=[ 0.08554 -0.30169], physical=[ 0.08554 -0.30169]
solver time:  0.7860634480020963
plant_input_stage0: full=[ 0.08545 -0.31639], physical=[ 0.08545 -0.31639]
solver time:  0.8077928450074978
plant_input_stage0: full=[ 0.08527 -0.36372], physical=[ 0.08527 -0.36372]
solver time:  0.7688930080039427
plant_input_stage0: full=[ 0.08502 -0.49645], physical=[ 0.08502 -0.49645]
solver time:  1.0444935870182235
plant_input_stage0: full=[ 0.08471 -0.59377], physical=[ 0.08471 -0.59377]
solver time:  1.1396528469922487
plant_input_stage0: full=[ 0.08437 -0.10486], physical=[ 0.08437 -0.10486]
solver time:  0.9216275470098481
plant_input_stage0: full=[-0.12927 -0.20212], physical=[-0.12927 -0.20212]
solver time:  0.829616861010436
plant_input_stage0: full=[0.08465 0.26705], physical=[0.08465 0.26705]
solver time:  1.1914088019984774
plant_input_stage0: full=[-0.0096 -0.2788], physical=[-0.0096 -0.2788]
solver time:  0.8938262690207921
plant_input_stage0: full=[-0.12401 -0.03721], physical=[-0.12401 -0.03721]
solver time:  0.77103067401913
plant_input_stage0: full=[0.08496 0.36462], physical=[0.08496 0.36462]
solver time:  1.044997450982919
plant_input_stage0: full=[ 0.08442 -0.10088], physical=[ 0.08442 -0.10088]
solver time:  1.5417954100121278
plant_input_stage0: full=[ 0.08387 -0.09657], physical=[ 0.08387 -0.09657]
solver time:  0.9147780019848142
plant_input_stage0: full=[ 0.10908 -0.17192], physical=[ 0.10908 -0.17192]
solver time:  1.013679118012078
plant_input_stage0: full=[ 0.10251 -0.02687], physical=[ 0.10251 -0.02687]
solver time:  1.2632708989840467
plant_input_stage0: full=[ 0.09629 -0.01631], physical=[ 0.09629 -0.01631]
solver time:  1.3037861769844312
plant_input_stage0: full=[ 0.09045 -0.00975], physical=[ 0.09045 -0.00975]
solver time:  1.25407147500664
plant_input_stage0: full=[0.08497 0.01597], physical=[0.08497 0.01597]
solver time:  1.4769252540136222
plant_input_stage0: full=[0.08125 0.076  ], physical=[0.08125 0.076  ]
solver time:  1.5340828589978628
plant_input_stage0: full=[0.08183 0.00652], physical=[0.08183 0.00652]
solver time:  1.40835558398976
plant_input_stage0: full=[ 0.08218 -0.02488], physical=[ 0.08218 -0.02488]
solver time:  1.7841938410128932
plant_input_stage0: full=[ 0.08218 -0.02803], physical=[ 0.08218 -0.02803]
solver time:  1.530529651005054
plant_input_stage0: full=[ 0.08204 -0.00157], physical=[ 0.08204 -0.00157]
solver time:  1.4648226319986861
plant_input_stage0: full=[0.08171 0.02764], physical=[0.08171 0.02764]
solver time:  2.062231782998424
plant_input_stage0: full=[ 0.08192 -0.04081], physical=[ 0.08192 -0.04081]
solver time:  2.1650429330184124
plant_input_stage0: full=[0.08162 0.05948], physical=[0.08162 0.05948]
solver time:  1.642375514988089
plant_input_stage0: full=[0.10579 0.07062], physical=[0.10579 0.07062]
solver time:  1.4367017059994396
plant_input_stage0: full=[ 0.09896 -0.62546], physical=[ 0.09896 -0.62546]
solver time:  1.279803457990056
plant_input_stage0: full=[ 0.09484 -1.     ], physical=[ 0.09484 -1.     ]
solver time:  1.5420381049916614
plant_input_stage0: full=[ 0.0789 -1.    ], physical=[ 0.0789 -1.    ]
solver time:  1.2334611050027888
plant_input_stage0: full=[ 0.0774 -1.    ], physical=[ 0.0774 -1.    ]
solver time:  1.1596372289932333
plant_input_stage0: full=[ 0.07716 -1.     ], physical=[ 0.07716 -1.     ]
solver time:  1.0987052679993212
plant_input_stage0: full=[ 0.07711 -1.     ], physical=[ 0.07711 -1.     ]
solver time:  1.1036440310126636
plant_input_stage0: full=[ 0.07668 -0.99999], physical=[ 0.07668 -0.99999]
solver time:  1.0451941130158957
plant_input_stage0: full=[ 0.07793 -0.97753], physical=[ 0.07793 -0.97753]
solver time:  1.128006696992088
plant_input_stage0: full=[ 0.08114 -0.7782 ], physical=[ 0.08114 -0.7782 ]
solver time:  0.8505611389991827
plant_input_stage0: full=[0.08136 0.15238], physical=[0.08136 0.15238]
solver time:  0.8640220899833366
plant_input_stage0: full=[0.08145 0.35448], physical=[0.08145 0.35448]
solver time:  0.8371974460023921
plant_input_stage0: full=[0.08262 0.26501], physical=[0.08262 0.26501]
solver time:  0.8502339309779927
plant_input_stage0: full=[0.08342 0.17583], physical=[0.08342 0.17583]
solver time:  0.8203873549937271
plant_input_stage0: full=[0.08377 0.12068], physical=[0.08377 0.12068]
solver time:  0.8493548199767247
plant_input_stage0: full=[0.08412 0.08505], physical=[0.08412 0.08505]
solver time:  0.8849697129917331
plant_input_stage0: full=[0.08381 0.3893 ], physical=[0.08381 0.3893 ]
solver time:  0.8198292019951623
plant_input_stage0: full=[0.08427 0.39168], physical=[0.08427 0.39168]
solver time:  0.8107126030081417
plant_input_stage0: full=[0.08462 0.42226], physical=[0.08462 0.42226]
solver time:  0.8660911710176151
plant_input_stage0: full=[0.08417 0.35079], physical=[0.08417 0.35079]
solver time:  0.9288995649840217
plant_input_stage0: full=[0.08301 0.8396 ], physical=[0.08301 0.8396 ]
solver time:  0.8904034020088147
plant_input_stage0: full=[0.1007 1.    ], physical=[0.1007 1.    ]
solver time:  0.8118755959731061
plant_input_stage0: full=[0.09948 1.     ], physical=[0.09948 1.     ]
solver time:  0.8613124319817871
plant_input_stage0: full=[0.09713 1.     ], physical=[0.09713 1.     ]
solver time:  0.9212670990091283
plant_input_stage0: full=[0.09381 1.     ], physical=[0.09381 1.     ]
solver time:  0.8647299100121018
plant_input_stage0: full=[0.08964 1.     ], physical=[0.08964 1.     ]
solver time:  0.9191937719879206
plant_input_stage0: full=[0.08476 0.10708], physical=[0.08476 0.10708]
solver time:  0.9578787510108668
plant_input_stage0: full=[0.08298 0.07005], physical=[0.08298 0.07005]
solver time:  0.8603386199974921
plant_input_stage0: full=[0.08259 0.04141], physical=[0.08259 0.04141]
solver time:  0.8377107050037012
plant_input_stage0: full=[0.08217 0.02004], physical=[0.08217 0.02004]
solver time:  0.926986203994602
plant_input_stage0: full=[0.08173 0.00417], physical=[0.08173 0.00417]
solver time:  0.898081228020601
plant_input_stage0: full=[ 0.08143 -0.05551], physical=[ 0.08143 -0.05551]
solver time:  1.0267806210031267
plant_input_stage0: full=[ 0.08188 -0.01724], physical=[ 0.08188 -0.01724]
solver time:  1.1626877099915873
plant_input_stage0: full=[0.0822  0.01961], physical=[0.0822  0.01961]
solver time:  1.1055262069858145
plant_input_stage0: full=[0.08217 0.02687], physical=[0.08217 0.02687]
solver time:  1.1694246410042979
plant_input_stage0: full=[0.08215 0.02549], physical=[0.08215 0.02549]
solver time:  1.065786308987299
plant_input_stage0: full=[0.08192 0.00266], physical=[0.08192 0.00266]
solver time:  2.076869046984939
plant_input_stage0: full=[ 0.08165 -0.01011], physical=[ 0.08165 -0.01011]
solver time:  1.331339801021386
plant_input_stage0: full=[0.08183 0.01612], physical=[0.08183 0.01612]
solver time:  1.407727211015299
plant_input_stage0: full=[ 0.10446 -0.462  ], physical=[ 0.10446 -0.462  ]
solver time:  1.3507810709998012
plant_input_stage0: full=[0.09675 0.53095], physical=[0.09675 0.53095]
solver time:  1.2832493830064777
plant_input_stage0: full=[0.08967 1.     ], physical=[0.08967 1.     ]
solver time:  1.2150430000037886
plant_input_stage0: full=[0.07994 1.     ], physical=[0.07994 1.     ]
solver time:  1.6410647110024001
plant_input_stage0: full=[0.07798 1.     ], physical=[0.07798 1.     ]
solver time:  1.3926962910045404
plant_input_stage0: full=[0.07841 1.     ], physical=[0.07841 1.     ]
solver time:  1.299465980991954
plant_input_stage0: full=[0.07769 1.     ], physical=[0.07769 1.     ]
solver time:  1.382715076993918
plant_input_stage0: full=[0.07786 0.99996], physical=[0.07786 0.99996]
solver time:  0.9658895499887876
plant_input_stage0: full=[0.07854 0.96486], physical=[0.07854 0.96486]
solver time:  0.9561996599950362
plant_input_stage0: full=[0.08103 0.84347], physical=[0.08103 0.84347]
solver time:  0.9836638540145941
plant_input_stage0: full=[ 0.08219 -0.08027], physical=[ 0.08219 -0.08027]
solver time:  0.9833580999984406
plant_input_stage0: full=[ 0.08241 -0.35969], physical=[ 0.08241 -0.35969]
solver time:  0.896490315994015
plant_input_stage0: full=[ 0.08303 -0.27893], physical=[ 0.08303 -0.27893]
solver time:  0.9651483000197913
plant_input_stage0: full=[ 0.08384 -0.18377], physical=[ 0.08384 -0.18377]
solver time:  0.9960865780012682
plant_input_stage0: full=[ 0.08421 -0.12597], physical=[ 0.08421 -0.12597]
solver time:  1.070915310003329
plant_input_stage0: full=[ 0.08445 -0.08829], physical=[ 0.08445 -0.08829]
solver time:  1.0113167949893977
plant_input_stage0: full=[ 0.08441 -0.38924], physical=[ 0.08441 -0.38924]
solver time:  1.2713810270070098
plant_input_stage0: full=[ 0.08493 -0.39055], physical=[ 0.08493 -0.39055]
solver time:  1.1143154889869038
plant_input_stage0: full=[ 0.08501 -0.41912], physical=[ 0.08501 -0.41912]
solver time:  1.0841048799920827
plant_input_stage0: full=[ 0.08503 -0.35235], physical=[ 0.08503 -0.35235]
solver time:  0.956747190997703
plant_input_stage0: full=[ 0.08475 -0.81925], physical=[ 0.08475 -0.81925]
solver time:  0.9112904699868523
plant_input_stage0: full=[ 0.11119 -1.     ], physical=[ 0.11119 -1.     ]
solver time:  0.9846151509846095
plant_input_stage0: full=[ 0.10753 -1.     ], physical=[ 0.10753 -1.     ]
solver time:  0.9116249929938931
plant_input_stage0: full=[ 0.10291 -1.     ], physical=[ 0.10291 -1.     ]
solver time:  0.9948076559812762
plant_input_stage0: full=[ 0.09749 -0.38121], physical=[ 0.09749 -0.38121]
solver time:  1.0317779670003802
plant_input_stage0: full=[ 0.09162 -0.00001], physical=[ 0.09162 -0.00001]
solver time:  1.026274617004674
plant_input_stage0: full=[ 0.08605 -0.00001], physical=[ 0.08605 -0.00001]
solver time:  1.0006003869930282
plant_input_stage0: full=[ 0.0857  -0.01249], physical=[ 0.0857  -0.01249]
solver time:  0.882658293005079
plant_input_stage0: full=[ 0.0857  -0.01253], physical=[ 0.0857  -0.01253]
solver time:  0.9941114090033807
plant_input_stage0: full=[ 0.0857  -0.01176], physical=[ 0.0857  -0.01176]
solver time:  1.0106977349787485
plant_input_stage0: full=[ 0.0857  -0.01104], physical=[ 0.0857  -0.01104]
solver time:  0.929474400007166
plant_input_stage0: full=[ 0.0857  -0.01035], physical=[ 0.0857  -0.01035]
solver time:  0.7839047460001893
plant_input_stage0: full=[ 0.0857 -0.0097], physical=[ 0.0857 -0.0097]
solver time:  0.8264612749917433
plant_input_stage0: full=[ 0.08569 -0.00911], physical=[ 0.08569 -0.00911]
solver time:  0.7714601229818072
plant_input_stage0: full=[0.08566 0.00765], physical=[0.08566 0.00765]
solver time:  0.7597614980186336
plant_input_stage0: full=[0.0856  0.02153], physical=[0.0856  0.02153]
solver time:  0.8710922530153766
plant_input_stage0: full=[0.08552 0.03057], physical=[0.08552 0.03057]
solver time:  0.8198233010189142
plant_input_stage0: full=[0.08542 0.03921], physical=[0.08542 0.03921]
solver time:  0.8552548489824403
plant_input_stage0: full=[0.0853  0.04762], physical=[0.0853  0.04762]
solver time:  0.8583116949885152
plant_input_stage0: full=[0.08516 0.05756], physical=[0.08516 0.05756]
solver time:  0.9043548929912504
plant_input_stage0: full=[0.085   0.06218], physical=[0.085   0.06218]
solver time:  0.7734244790044613
plant_input_stage0: full=[0.08482 0.06554], physical=[0.08482 0.06554]
solver time:  0.7378963369992562
plant_input_stage0: full=[0.08462 0.06572], physical=[0.08462 0.06572]
solver time:  0.6745037339860573
plant_input_stage0: full=[0.08442 0.06313], physical=[0.08442 0.06313]
solver time:  0.671228487015469
plant_input_stage0: full=[0.08418 0.05481], physical=[0.08418 0.05481]
solver time:  0.6627030380186625
plant_input_stage0: full=[0.08395 0.04817], physical=[0.08395 0.04817]
solver time:  0.6561341880005784
plant_input_stage0: full=[0.08368 0.03429], physical=[0.08368 0.03429]
solver time:  0.6828240519971587
plant_input_stage0: full=[0.08342 0.01994], physical=[0.08342 0.01994]
solver time:  0.6582478810159955
plant_input_stage0: full=[0.08319 0.00481], physical=[0.08319 0.00481]
solver time:  0.6472221580042969
plant_input_stage0: full=[ 0.08305 -0.03882], physical=[ 0.08305 -0.03882]
solver time:  0.6562803580018226
plant_input_stage0: full=[ 0.08311 -0.07685], physical=[ 0.08311 -0.07685]
solver time:  0.6801808500022162
plant_input_stage0: full=[ 0.08316 -0.06215], physical=[ 0.08316 -0.06215]
solver time:  0.7180822949740104
plant_input_stage0: full=[0.08307 0.10921], physical=[0.08307 0.10921]
solver time:  0.7490366809943225
plant_input_stage0: full=[0.08291 0.09869], physical=[0.08291 0.09869]
solver time:  0.8344654009852093
plant_input_stage0: full=[0.08282 0.09167], physical=[0.08282 0.09167]
solver time:  0.8653689409838989
plant_input_stage0: full=[0.08253 0.08659], physical=[0.08253 0.08659]
solver time:  0.8375017609796487
plant_input_stage0: full=[0.10838 0.07863], physical=[0.10838 0.07863]
solver time:  0.8450187510170508
plant_input_stage0: full=[ 0.10148 -0.02866], physical=[ 0.10148 -0.02866]
solver time:  0.9298230200074613
plant_input_stage0: full=[ 0.09426 -0.06392], physical=[ 0.09426 -0.06392]
solver time:  0.9025064440211281
plant_input_stage0: full=[0.08871 0.58631], physical=[0.08871 0.58631]
solver time:  1.1485486479941756
plant_input_stage0: full=[0.08056 1.     ], physical=[0.08056 1.     ]
solver time:  1.1447350019880105
plant_input_stage0: full=[0.08043 1.     ], physical=[0.08043 1.     ]
solver time:  1.4036494719912298
plant_input_stage0: full=[0.07916 1.     ], physical=[0.07916 1.     ]
solver time:  0.955033642007038
plant_input_stage0: full=[0.07728 0.33808], physical=[0.07728 0.33808]
solver time:  0.9473482070025057
plant_input_stage0: full=[0.07546 0.76367], physical=[0.07546 0.76367]
solver time:  0.8932469830033369
plant_input_stage0: full=[0.07768 0.96359], physical=[0.07768 0.96359]
solver time:  0.8289976909873076
plant_input_stage0: full=[0.0808  0.35602], physical=[0.0808  0.35602]
solver time:  0.8008717620105017
plant_input_stage0: full=[ 0.08007 -0.30508], physical=[ 0.08007 -0.30508]
solver time:  0.7906497660151217
plant_input_stage0: full=[ 0.08156 -0.25834], physical=[ 0.08156 -0.25834]
solver time:  0.7968465729791205
plant_input_stage0: full=[ 0.08559 -0.16755], physical=[ 0.08559 -0.16755]
solver time:  0.8564195100043435
plant_input_stage0: full=[ 0.08356 -0.11354], physical=[ 0.08356 -0.11354]
solver time:  0.8164734279853292
plant_input_stage0: full=[ 0.08376 -0.07957], physical=[ 0.08376 -0.07957]
solver time:  0.8022595439979341
plant_input_stage0: full=[ 0.08366 -0.42161], physical=[ 0.08366 -0.42161]
solver time:  0.8479300710023381
plant_input_stage0: full=[ 0.08424 -0.41017], physical=[ 0.08424 -0.41017]
solver time:  0.8778253970085643
plant_input_stage0: full=[ 0.08419 -0.41974], physical=[ 0.08419 -0.41974]
solver time:  0.8656359459855594
plant_input_stage0: full=[ 0.08343 -0.32208], physical=[ 0.08343 -0.32208]
solver time:  0.8296142590115778
plant_input_stage0: full=[ 0.08273 -0.58954], physical=[ 0.08273 -0.58954]
solver time:  0.803612688992871
plant_input_stage0: full=[ 0.0828  -0.98137], physical=[ 0.0828  -0.98137]
solver time:  0.812157570006093
plant_input_stage0: full=[ 0.0948 -1.    ], physical=[ 0.0948 -1.    ]
solver time:  0.7936978700163309
plant_input_stage0: full=[ 0.09323 -1.     ], physical=[ 0.09323 -1.     ]
solver time:  0.8224738109856844
plant_input_stage0: full=[ 0.09064 -1.     ], physical=[ 0.09064 -1.     ]
solver time:  0.9108427649771329
plant_input_stage0: full=[ 0.08719 -1.     ], physical=[ 0.08719 -1.     ]
solver time:  0.8144037510210183
plant_input_stage0: full=[ 0.08299 -0.29056], physical=[ 0.08299 -0.29056]
solver time:  0.8170886709995102
plant_input_stage0: full=[ 0.0781  -0.08023], physical=[ 0.0781  -0.08023]
solver time:  0.7797984659846406
plant_input_stage0: full=[ 0.07605 -0.05355], physical=[ 0.07605 -0.05355]
solver time:  0.7507947359990794
plant_input_stage0: full=[ 0.07466 -0.03304], physical=[ 0.07466 -0.03304]
solver time:  0.8687339079915546
plant_input_stage0: full=[ 0.0732  -0.01787], physical=[ 0.0732  -0.01787]
solver time:  0.9602917720039841
plant_input_stage0: full=[ 0.07165 -0.00672], physical=[ 0.07165 -0.00672]
solver time:  0.8792558709974401
plant_input_stage0: full=[0.06992 0.00138], physical=[0.06992 0.00138]
solver time:  1.1938630089862272
plant_input_stage0: full=[0.06811 0.00607], physical=[0.06811 0.00607]
solver time:  0.871412167995004
plant_input_stage0: full=[0.06623 0.00984], physical=[0.06623 0.00984]
solver time:  0.8277225460042246
plant_input_stage0: full=[ 0.06422 -0.00955], physical=[ 0.06422 -0.00955]
solver time:  0.8822423810197506
plant_input_stage0: full=[ 0.06218 -0.01421], physical=[ 0.06218 -0.01421]
solver time:  0.8596142689930275
plant_input_stage0: full=[ 0.06012 -0.01202], physical=[ 0.06012 -0.01202]
solver time:  0.8338005349796731
plant_input_stage0: full=[ 0.06015 -0.01003], physical=[ 0.06015 -0.01003]
solver time:  0.9361943109834101
plant_input_stage0: full=[ 0.06706 -0.00836], physical=[ 0.06706 -0.00836]
solver time:  0.9460512560035568
plant_input_stage0: full=[ 0.07091 -0.00696], physical=[ 0.07091 -0.00696]
solver time:  0.9689166390162427
plant_input_stage0: full=[0.07263 0.12004], physical=[0.07263 0.12004]
solver time:  0.8834766590152867
plant_input_stage0: full=[0.09031 0.35706], physical=[0.09031 0.35706]
solver time:  0.8544281859940384
plant_input_stage0: full=[ 0.09119 -0.22417], physical=[ 0.09119 -0.22417]
solver time:  0.8682839779939968
plant_input_stage0: full=[ 0.08235 -0.46147], physical=[ 0.08235 -0.46147]
solver time:  1.0716426520084497
plant_input_stage0: full=[ 0.06348 -1.     ], physical=[ 0.06348 -1.     ]
solver time:  0.8949437569826841
plant_input_stage0: full=[ 0.04968 -1.     ], physical=[ 0.04968 -1.     ]
solver time:  1.1390216010040604
plant_input_stage0: full=[ 0.04857 -1.     ], physical=[ 0.04857 -1.     ]
solver time:  0.9124624440155458
plant_input_stage0: full=[ 0.04799 -1.     ], physical=[ 0.04799 -1.     ]
solver time:  0.99157832498895
plant_input_stage0: full=[ 0.04969 -1.     ], physical=[ 0.04969 -1.     ]
solver time:  1.0947135759925004
plant_input_stage0: full=[ 0.05527 -1.     ], physical=[ 0.05527 -1.     ]
solver time:  1.063561393006239
plant_input_stage0: full=[ 0.06041 -1.     ], physical=[ 0.06041 -1.     ]
solver time:  0.7469969390076585
plant_input_stage0: full=[ 0.06517 -1.     ], physical=[ 0.06517 -1.     ]
solver time:  0.7739182999939658
plant_input_stage0: full=[ 0.06957 -1.     ], physical=[ 0.06957 -1.     ]
solver time:  0.6884322809928562
plant_input_stage0: full=[ 0.07362 -1.     ], physical=[ 0.07362 -1.     ]
solver time:  0.621171296981629
plant_input_stage0: full=[ 0.07727 -1.     ], physical=[ 0.07727 -1.     ]
solver time:  0.6447349990194198
plant_input_stage0: full=[ 0.08047 -1.     ], physical=[ 0.08047 -1.     ]
solver time:  0.6867748060030863
plant_input_stage0: full=[ 0.08313 -1.     ], physical=[ 0.08313 -1.     ]
solver time:  0.6807195000001229
plant_input_stage0: full=[ 0.11401 -1.     ], physical=[ 0.11401 -1.     ]
solver time:  0.7159034649957903
plant_input_stage0: full=[ 0.10861 -0.99999], physical=[ 0.10861 -0.99999]
solver time:  0.7412328780046664
plant_input_stage0: full=[0.09986 0.11652], physical=[0.09986 0.11652]
solver time:  0.7718091259885114
plant_input_stage0: full=[ 0.09314 -0.336  ], physical=[ 0.09314 -0.336  ]
solver time:  0.7739598219923209
plant_input_stage0: full=[0.08141 0.6835 ], physical=[0.08141 0.6835 ]
solver time:  0.7199468550097663
plant_input_stage0: full=[ 0.08637 -0.03466], physical=[ 0.08637 -0.03466]
solver time:  0.781961077998858
plant_input_stage0: full=[ 0.08542 -0.27338], physical=[ 0.08542 -0.27338]
solver time:  0.8011471770005301
plant_input_stage0: full=[ 0.08561 -0.43344], physical=[ 0.08561 -0.43344]
solver time:  0.7843429920030758
plant_input_stage0: full=[ 0.0857  -0.05317], physical=[ 0.0857  -0.05317]
solver time:  0.843744832003722
plant_input_stage0: full=[ 0.08563 -0.01615], physical=[ 0.08563 -0.01615]
solver time:  0.8789356420165859
plant_input_stage0: full=[ 0.08552 -0.02922], physical=[ 0.08552 -0.02922]
solver time:  0.9743737289973069
plant_input_stage0: full=[ 0.08538 -0.04013], physical=[ 0.08538 -0.04013]
solver time:  1.03796531498665
plant_input_stage0: full=[ 0.08522 -0.05026], physical=[ 0.08522 -0.05026]
solver time:  0.9601137060089968
plant_input_stage0: full=[ 0.08502 -0.05814], physical=[ 0.08502 -0.05814]
solver time:  0.7127420229953714
plant_input_stage0: full=[ 0.0848  -0.06415], physical=[ 0.0848  -0.06415]
solver time:  0.7459556829999201
plant_input_stage0: full=[ 0.08455 -0.06765], physical=[ 0.08455 -0.06765]
solver time:  0.7801195569918491
plant_input_stage0: full=[ 0.08428 -0.06829], physical=[ 0.08428 -0.06829]
solver time:  0.7557419840013608
plant_input_stage0: full=[ 0.08396 -0.0636 ], physical=[ 0.08396 -0.0636 ]
solver time:  0.761040334997233
plant_input_stage0: full=[ 0.08364 -0.0556 ], physical=[ 0.08364 -0.0556 ]
solver time:  0.7756808220001403
plant_input_stage0: full=[ 0.08328 -0.0425 ], physical=[ 0.08328 -0.0425 ]
solver time:  0.8342269340064377
plant_input_stage0: full=[ 0.0829  -0.02729], physical=[ 0.0829  -0.02729]
solver time:  0.8507030879845843
plant_input_stage0: full=[ 0.08251 -0.00474], physical=[ 0.08251 -0.00474]
solver time:  1.0077554089948535
plant_input_stage0: full=[0.08212 0.01883], physical=[0.08212 0.01883]
solver time:  0.9624234040093143
plant_input_stage0: full=[0.08173 0.06115], physical=[0.08173 0.06115]
solver time:  0.8945284349902067
plant_input_stage0: full=[0.08192 0.03998], physical=[0.08192 0.03998]
solver time:  0.8378571890061721
plant_input_stage0: full=[0.08229 0.00763], physical=[0.08229 0.00763]
solver time:  0.7145874740090221
plant_input_stage0: full=[ 0.0823  -0.04404], physical=[ 0.0823  -0.04404]
solver time:  0.8336184520157985
plant_input_stage0: full=[ 0.08214 -0.02459], physical=[ 0.08214 -0.02459]
solver time:  0.8712797000189312
plant_input_stage0: full=[ 0.08215 -0.04023], physical=[ 0.08215 -0.04023]
solver time:  0.9495626100106165
plant_input_stage0: full=[ 0.08185 -0.0079 ], physical=[ 0.08185 -0.0079 ]
solver time:  0.9380324779776856
plant_input_stage0: full=[0.08145 0.03078], physical=[0.08145 0.03078]
solver time:  1.0423773170041386
plant_input_stage0: full=[0.10586 0.45243], physical=[0.10586 0.45243]
solver time:  0.9928464439872187
plant_input_stage0: full=[ 0.09886 -0.26887], physical=[ 0.09886 -0.26887]
solver time:  0.9488682259980123
plant_input_stage0: full=[ 0.09605 -0.90791], physical=[ 0.09605 -0.90791]
solver time:  1.0046340449771378
plant_input_stage0: full=[ 0.0803 -1.    ], physical=[ 0.0803 -1.    ]
solver time:  0.9854377260198817
plant_input_stage0: full=[ 0.07818 -1.     ], physical=[ 0.07818 -1.     ]
solver time:  0.9049249859817792
plant_input_stage0: full=[ 0.07827 -1.     ], physical=[ 0.07827 -1.     ]
solver time:  0.8818214050261304
plant_input_stage0: full=[ 0.07764 -1.     ], physical=[ 0.07764 -1.     ]
solver time:  1.1036452139960602
plant_input_stage0: full=[ 0.07698 -0.95192], physical=[ 0.07698 -0.95192]
solver time:  0.9581140890077222
plant_input_stage0: full=[ 0.07647 -0.83502], physical=[ 0.07647 -0.83502]
solver time:  0.7682914019969758
plant_input_stage0: full=[ 0.07812 -0.88973], physical=[ 0.07812 -0.88973]
solver time:  0.6644138949923217
plant_input_stage0: full=[ 0.08081 -0.11292], physical=[ 0.08081 -0.11292]
solver time:  0.7386048460029997
plant_input_stage0: full=[0.08282 0.34015], physical=[0.08282 0.34015]
solver time:  0.7150297580228653
plant_input_stage0: full=[0.08237 0.30095], physical=[0.08237 0.30095]
solver time:  0.7529846259858459
plant_input_stage0: full=[0.08333 0.19683], physical=[0.08333 0.19683]
solver time:  0.7680141550081316
plant_input_stage0: full=[0.08383 0.13396], physical=[0.08383 0.13396]
solver time:  0.7649702759808861
plant_input_stage0: full=[0.08387 0.09338], physical=[0.08387 0.09338]
solver time:  0.7407659190066624
plant_input_stage0: full=[0.08418 0.36555], physical=[0.08418 0.36555]
solver time:  0.7463927190110553
plant_input_stage0: full=[0.08407 0.36259], physical=[0.08407 0.36259]
solver time:  0.8498402450059075
plant_input_stage0: full=[0.08389 0.38151], physical=[0.08389 0.38151]
solver time:  0.9443948660045862
plant_input_stage0: full=[0.08376 0.14551], physical=[0.08376 0.14551]
solver time:  0.7845318830222823
plant_input_stage0: full=[0.08081 0.77445], physical=[0.08081 0.77445]
solver time:  0.7177553109941073
plant_input_stage0: full=[0.07609 1.     ], physical=[0.07609 1.     ]
solver time:  0.6805332050134894
plant_input_stage0: full=[0.09574 1.     ], physical=[0.09574 1.     ]
solver time:  0.6717335160064977
plant_input_stage0: full=[0.09414 1.     ], physical=[0.09414 1.     ]
solver time:  0.7086247209808789
plant_input_stage0: full=[0.09152 1.     ], physical=[0.09152 1.     ]
solver time:  0.8520533519913442
plant_input_stage0: full=[0.08801 1.     ], physical=[0.08801 1.     ]
solver time:  0.6403181509813294
plant_input_stage0: full=[0.08375 0.35896], physical=[0.08375 0.35896]
solver time:  0.6276089460006915
plant_input_stage0: full=[0.07884 0.08505], physical=[0.07884 0.08505]
solver time:  0.6512787670071702
plant_input_stage0: full=[0.07741 0.05589], physical=[0.07741 0.05589]
solver time:  0.6891307269979734
plant_input_stage0: full=[0.076   0.03424], physical=[0.076   0.03424]
solver time:  0.6679860150034074
plant_input_stage0: full=[0.07446 0.01806], physical=[0.07446 0.01806]
solver time:  0.6668996289954521
plant_input_stage0: full=[0.07281 0.00614], physical=[0.07281 0.00614]
solver time:  0.6902866679884028
plant_input_stage0: full=[ 0.07104 -0.00226], physical=[ 0.07104 -0.00226]
solver time:  0.6604265689966269
plant_input_stage0: full=[ 0.06916 -0.00818], physical=[ 0.06916 -0.00818]
solver time:  0.6902906769828405
plant_input_stage0: full=[ 0.06719 -0.00899], physical=[ 0.06719 -0.00899]
solver time:  0.6999270390078891
plant_input_stage0: full=[0.06511 0.01902], physical=[0.06511 0.01902]
solver time:  0.6680151660111733
plant_input_stage0: full=[0.06297 0.01655], physical=[0.06297 0.01655]
solver time:  0.7120365450100508
plant_input_stage0: full=[0.06088 0.01439], physical=[0.06088 0.01439]
solver time:  0.7449341739993542
plant_input_stage0: full=[0.05926 0.01171], physical=[0.05926 0.01171]
solver time:  0.7534476770088077
plant_input_stage0: full=[0.05804 0.00993], physical=[0.05804 0.00993]
solver time:  0.8003647240111604
plant_input_stage0: full=[0.05693 0.00833], physical=[0.05693 0.00833]
solver time:  0.7386100029980298
plant_input_stage0: full=[0.05581 0.00693], physical=[0.05581 0.00693]
solver time:  0.7477628460037522
plant_input_stage0: full=[0.06068 0.00593], physical=[0.06068 0.00593]
solver time:  0.7767397149873432
plant_input_stage0: full=[0.05839 0.00516], physical=[0.05839 0.00516]
solver time:  0.8088195250020362
plant_input_stage0: full=[0.05632 0.00469], physical=[0.05632 0.00469]
solver time:  0.8059931820025668
plant_input_stage0: full=[0.05434 0.00462], physical=[0.05434 0.00462]
solver time:  0.7459924610157032
plant_input_stage0: full=[ 0.05244 -0.09569], physical=[ 0.05244 -0.09569]
solver time:  1.0406132229836658
plant_input_stage0: full=[0.05459 0.57308], physical=[0.05459 0.57308]
solver time:  1.2342591080232523
plant_input_stage0: full=[0.04261 1.     ], physical=[0.04261 1.     ]
solver time:  0.8401447369833477
plant_input_stage0: full=[0.04333 1.     ], physical=[0.04333 1.     ]
solver time:  0.8318605629901867
plant_input_stage0: full=[0.04348 1.     ], physical=[0.04348 1.     ]
solver time:  0.9542603149893694
plant_input_stage0: full=[0.0432 1.    ], physical=[0.0432 1.    ]
solver time:  0.909287193993805
plant_input_stage0: full=[0.04211 0.84629], physical=[0.04211 0.84629]
solver time:  0.9584926899988204
plant_input_stage0: full=[0.04008 0.89168], physical=[0.04008 0.89168]
solver time:  1.0000063250190578
plant_input_stage0: full=[0.03817 0.78103], physical=[0.03817 0.78103]
solver time:  0.9911681840021629
plant_input_stage0: full=[0.0362  0.80225], physical=[0.0362  0.80225]
solver time:  0.7538697340060025
plant_input_stage0: full=[0.03421 0.70201], physical=[0.03421 0.70201]
solver time:  0.8000113659945782
plant_input_stage0: full=[0.03222 0.71419], physical=[0.03222 0.71419]
solver time:  0.8513927340100054
plant_input_stage0: full=[0.03037 0.62482], physical=[0.03037 0.62482]
solver time:  0.9262978129845578
plant_input_stage0: full=[0.02855 0.6325 ], physical=[0.02855 0.6325 ]
solver time:  0.876236518000951
plant_input_stage0: full=[0.02685 0.55158], physical=[0.02685 0.55158]
solver time:  0.8483017469989136
plant_input_stage0: full=[0.02521 0.41474], physical=[0.02521 0.41474]
solver time:  0.8904865939985029
plant_input_stage0: full=[0.02369 0.00265], physical=[0.02369 0.00265]
solver time:  0.9484826390107628
plant_input_stage0: full=[0.02225 0.00284], physical=[0.02225 0.00284]
solver time:  1.132956771994941
plant_input_stage0: full=[0.0209  0.00251], physical=[0.0209  0.00251]
solver time:  0.8778736270032823
plant_input_stage0: full=[0.01963 0.00223], physical=[0.01963 0.00223]
solver time:  0.8548188900167588
plant_input_stage0: full=[0.01843 0.00202], physical=[0.01843 0.00202]
solver time:  0.7721267500019167
plant_input_stage0: full=[0.01731 0.00185], physical=[0.01731 0.00185]
solver time:  0.7420630670094397
plant_input_stage0: full=[0.01626 0.00171], physical=[0.01626 0.00171]
solver time:  0.7047491229895968
plant_input_stage0: full=[0.01527 0.00161], physical=[0.01527 0.00161]
solver time:  0.720225836004829
plant_input_stage0: full=[0.01434 0.00153], physical=[0.01434 0.00153]
solver time:  0.6914504969900008
plant_input_stage0: full=[0.01346 0.00147], physical=[0.01346 0.00147]
solver time:  0.7317714859964326
plant_input_stage0: full=[0.01265 0.00143], physical=[0.01265 0.00143]
solver time:  0.6927982920024078
plant_input_stage0: full=[0.01188 0.0014 ], physical=[0.01188 0.0014 ]
solver time:  0.6835839129926171
plant_input_stage0: full=[0.01115 0.00139], physical=[0.01115 0.00139]
solver time:  0.6725822909793351
plant_input_stage0: full=[0.01047 0.00139], physical=[0.01047 0.00139]
solver time:  0.6836486860120203
plant_input_stage0: full=[0.00984 0.00141], physical=[0.00984 0.00141]
solver time:  0.6702364880184177
plant_input_stage0: full=[0.00924 0.00143], physical=[0.00924 0.00143]
solver time:  0.6626512499933597
plant_input_stage0: full=[0.00868 0.00146], physical=[0.00868 0.00146]
solver time:  0.7088939009991009
plant_input_stage0: full=[0.00815 0.00151], physical=[0.00815 0.00151]
solver time:  0.6691182870126795
plant_input_stage0: full=[0.00765 0.00155], physical=[0.00765 0.00155]
solver time:  0.7017763479962014
plant_input_stage0: full=[0.00719 0.00161], physical=[0.00719 0.00161]
solver time:  0.7055535459949169
plant_input_stage0: full=[0.00675 0.00167], physical=[0.00675 0.00167]
solver time:  0.7099092949938495
plant_input_stage0: full=[0.00634 0.00174], physical=[0.00634 0.00174]
목적지에 도착했습니다! 현재 위치: [1.80968 0.09742], 시간: 38.00초
Using obca optimizer with differential_drive dynamics:
median:  0.8167810494924197
std:  0.2578648255976543
min:  0.3646826530166436
max:  2.1650429330184124
Simulation finished.
Run outcome: status=success, reason=None, final_time=38.00000000000027, distance_to_goal=0.00977941839469221
Trial history saved to /home/taekwon/projects/psdf_mpcc/benchmark_runs/maze_oblique_5_20260916_2320/runs/config03/trial_0001/data/trial_history_MPC_OBCA_rectangle_maze_startseed0.csv
Single test completed.
[Trials] Saved: status=success, successful solver steps=380

[Trials] oblique_maze / psdf trial 1/5, seed=0
Running single test...
Start perturbation: seed=0, pose=[0.15251460442186787, 0.22235790273417394, 0.03202113252216421], delta=[0.002514604421867866, -0.0026420972658260378, 0.03202113252216411], clearance=0.024980 m, attempts=1
Start pose saved to /home/taekwon/projects/psdf_mpcc/benchmark_runs/maze_oblique_5_20260916_2320/runs/config04/trial_0001/data/start_pose_MPC_psdf_rectangle_oblique_maze_startseed0.json
Resetting psdf optimizer for clean state...
Trial failure criteria enabled: movement_window_sec=4.0, movement_threshold=0.03, max_consecutive_solver_failures=20
generating global path with A* + Line of Sight
시작 위치: [0.15251 0.22236]
목적지: [1.275 0.975]
도착 판정 기준: position <= 0.01m, angle <= 0.01rad
Warning: PSDF wrapper not initialized, skipping obstacle update
Setting up PSDF optimizer...
vertices.shape: (4, 2)
psdfWrapper initialized with vertices shape: (4, 2)
Added HARD obstacle avoidance constraint with d_safe = 0.0001
Reusing cached acados PSDF build artifacts (no recompile).
acados was compiled without OpenMP.
x_ws, u_ws : [0.15251 0.22236 0.03202] [0. 0.]
solver time:  0.0002031179901678115
plant_input_stage0: full=[-0.1135 -1.    ], physical=[-0.1135 -1.    ]
solver time:  0.00027421899721957743
plant_input_stage0: full=[ 0.6 -1. ], physical=[ 0.6 -1. ]
solver time:  0.00026403399533592165
plant_input_stage0: full=[0.20442 1.     ], physical=[0.20442 1.     ]
solver time:  0.00021526499767787755
plant_input_stage0: full=[0.0627 1.    ], physical=[0.0627 1.    ]
solver time:  0.0002663240011315793
plant_input_stage0: full=[0.10978 1.     ], physical=[0.10978 1.     ]
solver time:  0.00025181000819429755
plant_input_stage0: full=[0.13831 1.     ], physical=[0.13831 1.     ]
solver time:  0.00026199501007795334
plant_input_stage0: full=[0.17142 1.     ], physical=[0.17142 1.     ]
solver time:  0.0002602960157673806
plant_input_stage0: full=[0.19231 1.     ], physical=[0.19231 1.     ]
solver time:  0.0003005010075867176
plant_input_stage0: full=[0.21876 0.58557], physical=[0.21876 0.58557]
solver time:  0.0002825499977916479
plant_input_stage0: full=[ 0.24427 -0.02652], physical=[ 0.24427 -0.02652]
solver time:  0.00026656800764612854
plant_input_stage0: full=[0.2466  0.06462], physical=[0.2466  0.06462]
solver time:  0.0002675769792404026
plant_input_stage0: full=[0.25291 0.74481], physical=[0.25291 0.74481]
solver time:  0.00026513999910093844
plant_input_stage0: full=[0.30965 1.     ], physical=[0.30965 1.     ]
solver time:  0.0002618260041344911
plant_input_stage0: full=[0.18444 1.     ], physical=[0.18444 1.     ]
solver time:  0.0002351829898543656
plant_input_stage0: full=[0.17052 1.     ], physical=[0.17052 1.     ]
solver time:  0.0002509519981686026
plant_input_stage0: full=[0.16518 1.     ], physical=[0.16518 1.     ]
solver time:  0.000248184020165354
plant_input_stage0: full=[0.17527 1.     ], physical=[0.17527 1.     ]
solver time:  0.0002422159886918962
plant_input_stage0: full=[0.20171 1.     ], physical=[0.20171 1.     ]
solver time:  0.0002406699932180345
plant_input_stage0: full=[0.2239  0.64982], physical=[0.2239  0.64982]
solver time:  0.00023505600984208286
plant_input_stage0: full=[0.23916 0.50753], physical=[0.23916 0.50753]
solver time:  0.0002519089903216809
plant_input_stage0: full=[0.2231 1.    ], physical=[0.2231 1.    ]
solver time:  0.0002427480067126453
plant_input_stage0: full=[0.16279 1.     ], physical=[0.16279 1.     ]
solver time:  0.00024958999711088836
plant_input_stage0: full=[0.177 1.   ], physical=[0.177 1.   ]
solver time:  0.00030449501355178654
plant_input_stage0: full=[0.19764 1.     ], physical=[0.19764 1.     ]
solver time:  0.000267722993157804
plant_input_stage0: full=[0.17872 1.     ], physical=[0.17872 1.     ]
solver time:  0.00024333599139936268
plant_input_stage0: full=[0.15583 1.     ], physical=[0.15583 1.     ]
solver time:  0.0002656170108821243
plant_input_stage0: full=[0.14214 1.     ], physical=[0.14214 1.     ]
solver time:  0.00025016802828758955
plant_input_stage0: full=[0.15687 1.     ], physical=[0.15687 1.     ]
solver time:  0.00024173199199140072
plant_input_stage0: full=[0.17551 1.     ], physical=[0.17551 1.     ]
solver time:  0.00021645001834258437
plant_input_stage0: full=[0.17009 1.     ], physical=[0.17009 1.     ]
solver time:  0.0002638520090840757
plant_input_stage0: full=[0.19206 0.63714], physical=[0.19206 0.63714]
solver time:  0.00024364300770685077
plant_input_stage0: full=[0.23093 0.30161], physical=[0.23093 0.30161]
solver time:  0.00027218699688091874
plant_input_stage0: full=[0.24124 0.26495], physical=[0.24124 0.26495]
solver time:  0.00023304499336518347
plant_input_stage0: full=[0.24823 0.13414], physical=[0.24823 0.13414]
solver time:  0.00026594402152113616
plant_input_stage0: full=[0.26922 0.10264], physical=[0.26922 0.10264]
solver time:  0.00025897499290294945
plant_input_stage0: full=[ 0.25404 -1.     ], physical=[ 0.25404 -1.     ]
solver time:  0.0002231840044260025
plant_input_stage0: full=[ 0.18146 -1.     ], physical=[ 0.18146 -1.     ]
solver time:  0.00022231900948099792
plant_input_stage0: full=[ 0.12113 -1.     ], physical=[ 0.12113 -1.     ]
solver time:  0.0002541299909353256
plant_input_stage0: full=[ 0.12665 -1.     ], physical=[ 0.12665 -1.     ]
solver time:  0.0002478279930073768
plant_input_stage0: full=[ 0.1021 -1.    ], physical=[ 0.1021 -1.    ]
solver time:  0.0002345919783692807
plant_input_stage0: full=[ 0.1173 -1.    ], physical=[ 0.1173 -1.    ]
solver time:  0.00023679700098000467
plant_input_stage0: full=[ 0.12538 -1.     ], physical=[ 0.12538 -1.     ]
solver time:  0.0002483749995008111
plant_input_stage0: full=[ 0.12589 -1.     ], physical=[ 0.12589 -1.     ]
solver time:  0.0002653260016813874
plant_input_stage0: full=[ 0.12142 -1.     ], physical=[ 0.12142 -1.     ]
solver time:  0.00024804301210679114
plant_input_stage0: full=[ 0.13491 -1.     ], physical=[ 0.13491 -1.     ]
solver time:  0.0002496459928806871
plant_input_stage0: full=[ 0.16463 -1.     ], physical=[ 0.16463 -1.     ]
solver time:  0.00023134899674914777
plant_input_stage0: full=[ 0.17673 -1.     ], physical=[ 0.17673 -1.     ]
solver time:  0.00022816701675765216
plant_input_stage0: full=[ 0.20384 -1.     ], physical=[ 0.20384 -1.     ]
solver time:  0.00028449800447560847
plant_input_stage0: full=[ 0.22846 -0.68201], physical=[ 0.22846 -0.68201]
solver time:  0.000263538007857278
plant_input_stage0: full=[ 0.24738 -0.61573], physical=[ 0.24738 -0.61573]
solver time:  0.00026979600079357624
plant_input_stage0: full=[ 0.21071 -1.     ], physical=[ 0.21071 -1.     ]
solver time:  0.0002572080120444298
plant_input_stage0: full=[ 0.15538 -1.     ], physical=[ 0.15538 -1.     ]
solver time:  0.00025683100102469325
plant_input_stage0: full=[ 0.14876 -1.     ], physical=[ 0.14876 -1.     ]
solver time:  0.0002628060174174607
plant_input_stage0: full=[ 0.1673 -1.    ], physical=[ 0.1673 -1.    ]
solver time:  0.00024632702115923166
plant_input_stage0: full=[ 0.15804 -1.     ], physical=[ 0.15804 -1.     ]
solver time:  0.00024951001978479326
plant_input_stage0: full=[ 0.1452 -1.    ], physical=[ 0.1452 -1.    ]
solver time:  0.00024779600789770484
plant_input_stage0: full=[ 0.13889 -1.     ], physical=[ 0.13889 -1.     ]
solver time:  0.00024511798983439803
plant_input_stage0: full=[ 0.15221 -1.     ], physical=[ 0.15221 -1.     ]
solver time:  0.0002681749756447971
plant_input_stage0: full=[ 0.20434 -1.     ], physical=[ 0.20434 -1.     ]
solver time:  0.0002182669995818287
plant_input_stage0: full=[ 0.21379 -0.88006], physical=[ 0.21379 -0.88006]
solver time:  0.00022783500025980175
plant_input_stage0: full=[ 0.22657 -0.43624], physical=[ 0.22657 -0.43624]
solver time:  0.00023209702339954674
plant_input_stage0: full=[ 0.23601 -0.13125], physical=[ 0.23601 -0.13125]
solver time:  0.0002663399791345
plant_input_stage0: full=[0.23908 0.05058], physical=[0.23908 0.05058]
solver time:  0.0002555590181145817
plant_input_stage0: full=[0.2409  0.36401], physical=[0.2409  0.36401]
solver time:  0.00022485200315713882
plant_input_stage0: full=[0.2444  0.13785], physical=[0.2444  0.13785]
solver time:  0.0002477529924362898
plant_input_stage0: full=[ 0.26908 -0.28884], physical=[ 0.26908 -0.28884]
solver time:  0.00023159399279393256
plant_input_stage0: full=[ 0.19942 -1.     ], physical=[ 0.19942 -1.     ]
solver time:  0.00021415899391286075
plant_input_stage0: full=[ 0.12441 -1.     ], physical=[ 0.12441 -1.     ]
solver time:  0.00021709100110456347
plant_input_stage0: full=[ 0.1434 -1.    ], physical=[ 0.1434 -1.    ]
solver time:  0.00021917399135418236
plant_input_stage0: full=[ 0.14032 -1.     ], physical=[ 0.14032 -1.     ]
solver time:  0.00023057099315337837
plant_input_stage0: full=[ 0.19876 -1.     ], physical=[ 0.19876 -1.     ]
solver time:  0.00024813797790557146
plant_input_stage0: full=[ 0.18924 -1.     ], physical=[ 0.18924 -1.     ]
solver time:  0.0002411860041320324
plant_input_stage0: full=[ 0.16536 -1.     ], physical=[ 0.16536 -1.     ]
solver time:  0.0002430720196571201
plant_input_stage0: full=[ 0.14802 -1.     ], physical=[ 0.14802 -1.     ]
solver time:  0.00023083199630491436
plant_input_stage0: full=[ 0.16746 -1.     ], physical=[ 0.16746 -1.     ]
solver time:  0.0002235790016129613
plant_input_stage0: full=[ 0.19038 -1.     ], physical=[ 0.19038 -1.     ]
solver time:  0.00021860000560991466
plant_input_stage0: full=[ 0.2163  -0.61716], physical=[ 0.2163  -0.61716]
solver time:  0.0002352760056965053
plant_input_stage0: full=[ 0.23699 -0.28692], physical=[ 0.23699 -0.28692]
solver time:  0.00023006598348729312
plant_input_stage0: full=[ 0.24547 -0.08414], physical=[ 0.24547 -0.08414]
solver time:  0.00025391398230567575
plant_input_stage0: full=[0.24561 0.06332], physical=[0.24561 0.06332]
solver time:  0.00025486398953944445
plant_input_stage0: full=[0.24229 0.17939], physical=[0.24229 0.17939]
solver time:  0.00028344400925561786
plant_input_stage0: full=[0.23843 0.19368], physical=[0.23843 0.19368]
solver time:  0.00028051401022821665
plant_input_stage0: full=[0.22856 0.13406], physical=[0.22856 0.13406]
solver time:  0.0003147230017930269
plant_input_stage0: full=[0.22756 0.19786], physical=[0.22756 0.19786]
solver time:  0.00023131701163947582
plant_input_stage0: full=[0.21725 0.02916], physical=[0.21725 0.02916]
solver time:  0.00023610700736753643
plant_input_stage0: full=[0.22996 0.43322], physical=[0.22996 0.43322]
solver time:  0.00025321499560959637
plant_input_stage0: full=[0.22769 0.44978], physical=[0.22769 0.44978]
solver time:  0.00025409599766135216
plant_input_stage0: full=[0.22503 0.6334 ], physical=[0.22503 0.6334 ]
solver time:  0.0002751360007096082
plant_input_stage0: full=[0.22984 0.36067], physical=[0.22984 0.36067]
solver time:  0.00024733098689466715
plant_input_stage0: full=[0.23436 0.16636], physical=[0.23436 0.16636]
solver time:  0.00026148700271733105
plant_input_stage0: full=[ 0.23758 -0.15792], physical=[ 0.23758 -0.15792]
solver time:  0.0002453159831929952
plant_input_stage0: full=[ 0.23788 -0.03387], physical=[ 0.23788 -0.03387]
solver time:  0.0002506019955035299
plant_input_stage0: full=[0.24122 0.09739], physical=[0.24122 0.09739]
solver time:  0.0002502569986972958
plant_input_stage0: full=[0.25776 0.63779], physical=[0.25776 0.63779]
solver time:  0.00022799900034442544
plant_input_stage0: full=[0.23157 1.     ], physical=[0.23157 1.     ]
solver time:  0.0002584249887149781
plant_input_stage0: full=[0.20805 1.     ], physical=[0.20805 1.     ]
solver time:  0.00025063700741156936
plant_input_stage0: full=[0.17492 1.     ], physical=[0.17492 1.     ]
solver time:  0.00025075700250454247
plant_input_stage0: full=[0.17113 1.     ], physical=[0.17113 1.     ]
solver time:  0.0002450729953125119
plant_input_stage0: full=[0.18507 1.     ], physical=[0.18507 1.     ]
solver time:  0.0002443249977659434
plant_input_stage0: full=[0.20247 0.99218], physical=[0.20247 0.99218]
solver time:  0.00028621897217817605
plant_input_stage0: full=[0.22054 0.54157], physical=[0.22054 0.54157]
solver time:  0.00028659199597314
plant_input_stage0: full=[ 0.2395  -0.63108], physical=[ 0.2395  -0.63108]
solver time:  0.00023509099264629185
plant_input_stage0: full=[ 0.2018 -1.    ], physical=[ 0.2018 -1.    ]
solver time:  0.00026886400883086026
plant_input_stage0: full=[ 0.22262 -0.34515], physical=[ 0.22262 -0.34515]
solver time:  0.00029642300796695054
plant_input_stage0: full=[ 0.26932 -0.09954], physical=[ 0.26932 -0.09954]
solver time:  0.0002624019980430603
plant_input_stage0: full=[0.32722 0.93736], physical=[0.32722 0.93736]
solver time:  0.00024466999457217753
plant_input_stage0: full=[0.26643 1.     ], physical=[0.26643 1.     ]
solver time:  0.000261818990111351
plant_input_stage0: full=[0.20583 1.     ], physical=[0.20583 1.     ]
solver time:  0.00023728201631456614
plant_input_stage0: full=[0.15925 1.     ], physical=[0.15925 1.     ]
solver time:  0.00021205699886195362
plant_input_stage0: full=[0.13187 1.     ], physical=[0.13187 1.     ]
solver time:  0.0002531249774619937
plant_input_stage0: full=[0.11329 1.     ], physical=[0.11329 1.     ]
solver time:  0.00023531299666501582
plant_input_stage0: full=[0.09922 1.     ], physical=[0.09922 1.     ]
solver time:  0.00023197999689728022
plant_input_stage0: full=[0.08738 1.     ], physical=[0.08738 1.     ]
solver time:  0.00020419099018909037
plant_input_stage0: full=[0.0728 1.    ], physical=[0.0728 1.    ]
solver time:  0.00021903100423514843
plant_input_stage0: full=[0.06306 1.     ], physical=[0.06306 1.     ]
solver time:  0.00021907000336796045
plant_input_stage0: full=[0.0659 1.    ], physical=[0.0659 1.    ]
solver time:  0.00020491998293437064
plant_input_stage0: full=[0.05628 1.     ], physical=[0.05628 1.     ]
solver time:  0.00023312499979510903
plant_input_stage0: full=[0.05074 1.     ], physical=[0.05074 1.     ]
solver time:  0.00024227600079029799
plant_input_stage0: full=[0.074 1.   ], physical=[0.074 1.   ]
solver time:  0.00021818801178596914
plant_input_stage0: full=[0.09688 1.     ], physical=[0.09688 1.     ]
solver time:  0.0002092589857056737
plant_input_stage0: full=[0.10782 1.     ], physical=[0.10782 1.     ]
solver time:  0.00020204100292176008
plant_input_stage0: full=[0.11043 1.     ], physical=[0.11043 1.     ]
solver time:  0.00021687502157874405
plant_input_stage0: full=[0.11767 1.     ], physical=[0.11767 1.     ]
solver time:  0.00021796399960294366
plant_input_stage0: full=[0.13612 1.     ], physical=[0.13612 1.     ]
solver time:  0.00018972999532707036
plant_input_stage0: full=[0.15684 1.     ], physical=[0.15684 1.     ]
solver time:  0.00018320200615562499
plant_input_stage0: full=[0.17929 1.     ], physical=[0.17929 1.     ]
solver time:  0.00018242900841869414
plant_input_stage0: full=[0.20327 0.89013], physical=[0.20327 0.89013]
solver time:  0.00018439601990394294
plant_input_stage0: full=[0.22556 0.47148], physical=[0.22556 0.47148]
solver time:  0.0001688250049483031
plant_input_stage0: full=[0.23971 0.17214], physical=[0.23971 0.17214]
solver time:  0.0001732929958961904
plant_input_stage0: full=[ 0.24467 -0.02949], physical=[ 0.24467 -0.02949]
solver time:  0.00016789301298558712
plant_input_stage0: full=[ 0.24471 -0.14816], physical=[ 0.24471 -0.14816]
solver time:  0.00016896199667826295
plant_input_stage0: full=[ 0.24276 -0.20355], physical=[ 0.24276 -0.20355]
solver time:  0.0001732239907141775
plant_input_stage0: full=[ 0.24047 -0.21673], physical=[ 0.24047 -0.21673]
solver time:  0.00016632000915706158
plant_input_stage0: full=[ 0.23855 -0.2053 ], physical=[ 0.23855 -0.2053 ]
solver time:  0.00016869898536242545
plant_input_stage0: full=[ 0.23716 -0.18176], physical=[ 0.23716 -0.18176]
solver time:  0.0001743609900586307
plant_input_stage0: full=[ 0.23624 -0.15395], physical=[ 0.23624 -0.15395]
solver time:  0.00021531101083382964
plant_input_stage0: full=[0.24336 0.96848], physical=[0.24336 0.96848]
solver time:  0.0002595940022729337
plant_input_stage0: full=[0.23091 0.05396], physical=[0.23091 0.05396]
solver time:  0.0002335099852643907
plant_input_stage0: full=[ 0.2558  -0.15489], physical=[ 0.2558  -0.15489]
solver time:  0.00021763300173915923
plant_input_stage0: full=[ 0.27089 -0.50545], physical=[ 0.27089 -0.50545]
solver time:  0.000187949015526101
plant_input_stage0: full=[ 0.27559 -1.     ], physical=[ 0.27559 -1.     ]
solver time:  0.00018497201381251216
plant_input_stage0: full=[ 0.25925 -1.     ], physical=[ 0.25925 -1.     ]
solver time:  0.00020310701802372932
plant_input_stage0: full=[ 0.2256 -1.    ], physical=[ 0.2256 -1.    ]
solver time:  0.0001685270108282566
plant_input_stage0: full=[ 0.16768 -1.     ], physical=[ 0.16768 -1.     ]
solver time:  0.0002337869955226779
plant_input_stage0: full=[ 0.11696 -1.     ], physical=[ 0.11696 -1.     ]
solver time:  0.0001830990076996386
plant_input_stage0: full=[ 0.07978 -1.     ], physical=[ 0.07978 -1.     ]
solver time:  0.00018392899073660374
plant_input_stage0: full=[ 0.05285 -1.     ], physical=[ 0.05285 -1.     ]
목적지에 도착했습니다! 현재 위치: [1.28161 0.96828], 시간: 14.70초
Using psdf optimizer with differential_drive dynamics:
median:  0.00024333599139936268
std:  3.057155522312815e-05
min:  0.00016632000915706158
max:  0.0003147230017930269
Simulation finished.
Run outcome: status=success, reason=None, final_time=14.699999999999964, distance_to_goal=0.009426017814696359
Trial history saved to /home/taekwon/projects/psdf_mpcc/benchmark_runs/maze_oblique_5_20260916_2320/runs/config04/trial_0001/data/trial_history_MPC_psdf_rectangle_oblique_maze_startseed0.csv
Pose-SDF data saved to /home/taekwon/projects/psdf_mpcc/benchmark_runs/maze_oblique_5_20260916_2320/runs/config04/trial_0001/data/pose_sdf_MPC_psdf_rectangle_oblique_maze_startseed0.csv
Total data points: 147
SDF statistics - Min: 0.0014, Max: 0.0590, Mean: 0.0148
Single test completed.
[Trials] Saved: status=success, successful solver steps=147

[Trials] oblique_maze / dcbf trial 1/5, seed=0
Running single test...
Start perturbation: seed=0, pose=[0.15251460442186787, 0.22235790273417394, 0.03202113252216421], delta=[0.002514604421867866, -0.0026420972658260378, 0.03202113252216411], clearance=0.024980 m, attempts=1
Start pose saved to /home/taekwon/projects/psdf_mpcc/benchmark_runs/maze_oblique_5_20260916_2320/runs/config05/trial_0001/data/start_pose_MPC_DCBF_rectangle_oblique_maze_startseed0.json
Trial failure criteria enabled: movement_window_sec=4.0, movement_threshold=0.03, max_consecutive_solver_failures=20
generating global path with A* + Line of Sight
시작 위치: [0.15251 0.22236]
목적지: [1.275 0.975]
도착 판정 기준: position <= 0.01m, angle <= 0.01rad
solver time:  0.18951327601098455
plant_input_stage0: full=[0.08856 0.73798], physical=[0.08856 0.73798]
solver time:  0.19311314998776652
plant_input_stage0: full=[0.08558 0.72084], physical=[0.08558 0.72084]
solver time:  0.1945619139878545
plant_input_stage0: full=[0.08428 0.73394], physical=[0.08428 0.73394]
solver time:  0.204605809005443
plant_input_stage0: full=[0.08507 0.79024], physical=[0.08507 0.79024]
solver time:  0.20348227600334212
plant_input_stage0: full=[0.08547 0.66647], physical=[0.08547 0.66647]
solver time:  0.21919792098924518
plant_input_stage0: full=[0.08556 0.07035], physical=[0.08556 0.07035]
solver time:  0.2015603129984811
plant_input_stage0: full=[0.08531 0.01534], physical=[0.08531 0.01534]
solver time:  0.20197150998865254
plant_input_stage0: full=[0.0849  0.00878], physical=[0.0849  0.00878]
solver time:  0.2028387960162945
plant_input_stage0: full=[0.08433 0.00134], physical=[0.08433 0.00134]
solver time:  0.22360982099780813
plant_input_stage0: full=[ 0.08362 -0.00237], physical=[ 0.08362 -0.00237]
solver time:  0.21756748599000275
plant_input_stage0: full=[ 0.08281 -0.06033], physical=[ 0.08281 -0.06033]
solver time:  0.21788941498380154
plant_input_stage0: full=[ 0.08191 -0.12027], physical=[ 0.08191 -0.12027]
solver time:  0.2179634990170598
plant_input_stage0: full=[ 0.08094 -0.15562], physical=[ 0.08094 -0.15562]
solver time:  0.2180417499912437
plant_input_stage0: full=[ 0.08043 -0.17615], physical=[ 0.08043 -0.17615]
solver time:  0.2133547989942599
plant_input_stage0: full=[ 0.07957 -0.18295], physical=[ 0.07957 -0.18295]
solver time:  0.21329036398674361
plant_input_stage0: full=[ 0.07867 -0.18198], physical=[ 0.07867 -0.18198]
solver time:  0.2230257510091178
plant_input_stage0: full=[ 0.07773 -0.17618], physical=[ 0.07773 -0.17618]
solver time:  0.21087514600367285
plant_input_stage0: full=[ 0.07695 -0.1673 ], physical=[ 0.07695 -0.1673 ]
solver time:  0.22738091798964888
plant_input_stage0: full=[ 0.07592 -0.1566 ], physical=[ 0.07592 -0.1566 ]
solver time:  0.2144195220025722
plant_input_stage0: full=[ 0.07482 -0.14534], physical=[ 0.07482 -0.14534]
solver time:  0.21550562701304443
plant_input_stage0: full=[ 0.07368 -0.09962], physical=[ 0.07368 -0.09962]
solver time:  0.23574365698732436
plant_input_stage0: full=[0.07244 0.02712], physical=[0.07244 0.02712]
solver time:  0.2420101409952622
plant_input_stage0: full=[0.07546 0.02525], physical=[0.07546 0.02525]
solver time:  0.245961170992814
plant_input_stage0: full=[0.0812  0.02316], physical=[0.0812  0.02316]
solver time:  0.2599282909941394
plant_input_stage0: full=[0.084   0.02125], physical=[0.084   0.02125]
solver time:  0.24329393001971766
plant_input_stage0: full=[ 0.08502 -0.34507], physical=[ 0.08502 -0.34507]
solver time:  0.2685522089886945
plant_input_stage0: full=[ 0.08429 -0.94169], physical=[ 0.08429 -0.94169]
solver time:  0.313012113008881
plant_input_stage0: full=[0.08191 0.36597], physical=[0.08191 0.36597]
solver time:  0.3080222370044794
plant_input_stage0: full=[0.0896 1.    ], physical=[0.0896 1.    ]
solver time:  0.3435091820138041
plant_input_stage0: full=[0.06347 1.     ], physical=[0.06347 1.     ]
solver time:  0.3208213839970995
plant_input_stage0: full=[0.06326 1.     ], physical=[0.06326 1.     ]
solver time:  0.40245539697934873
plant_input_stage0: full=[0.06857 1.     ], physical=[0.06857 1.     ]
solver time:  0.24751786998240277
plant_input_stage0: full=[0.07244 1.     ], physical=[0.07244 1.     ]
solver time:  0.24741214601090178
plant_input_stage0: full=[0.07473 1.     ], physical=[0.07473 1.     ]
solver time:  0.2494616699987091
plant_input_stage0: full=[0.07584 1.     ], physical=[0.07584 1.     ]
solver time:  0.2436023140035104
plant_input_stage0: full=[0.07585 1.     ], physical=[0.07585 1.     ]
solver time:  0.24681390702608041
plant_input_stage0: full=[0.07776 1.     ], physical=[0.07776 1.     ]
solver time:  0.2734308829822112
plant_input_stage0: full=[0.0798 1.    ], physical=[0.0798 1.    ]
solver time:  0.29359802600811236
plant_input_stage0: full=[0.08113 0.23048], physical=[0.08113 0.23048]
solver time:  0.28286558101535775
plant_input_stage0: full=[0.08071 0.12176], physical=[0.08071 0.12176]
solver time:  0.28763090501888655
plant_input_stage0: full=[0.08011 0.08071], physical=[0.08011 0.08071]
solver time:  0.2713947299926076
plant_input_stage0: full=[0.07942 0.04947], physical=[0.07942 0.04947]
solver time:  0.26892320200568065
plant_input_stage0: full=[0.07866 0.02636], physical=[0.07866 0.02636]
solver time:  0.2624434549943544
plant_input_stage0: full=[0.07784 0.00926], physical=[0.07784 0.00926]
solver time:  0.2659992400149349
plant_input_stage0: full=[ 0.07695 -0.00333], physical=[ 0.07695 -0.00333]
solver time:  0.28049827300128527
plant_input_stage0: full=[0.07606 0.02745], physical=[0.07606 0.02745]
solver time:  0.3042852880025748
plant_input_stage0: full=[0.07851 0.03588], physical=[0.07851 0.03588]
solver time:  0.2941954949928913
plant_input_stage0: full=[0.08315 0.03299], physical=[0.08315 0.03299]
solver time:  0.309102128027007
plant_input_stage0: full=[0.08557 0.03108], physical=[0.08557 0.03108]
solver time:  0.30908354502753355
plant_input_stage0: full=[ 0.08641 -0.20336], physical=[ 0.08641 -0.20336]
solver time:  0.3299601800099481
plant_input_stage0: full=[ 0.10839 -0.5565 ], physical=[ 0.10839 -0.5565 ]
solver time:  0.32948510101414286
plant_input_stage0: full=[0.10637 0.75276], physical=[0.10637 0.75276]
solver time:  0.3024438960128464
plant_input_stage0: full=[0.0925  0.48023], physical=[0.0925  0.48023]
solver time:  0.33011552298557945
plant_input_stage0: full=[0.07666 1.     ], physical=[0.07666 1.     ]
solver time:  0.3664232839946635
plant_input_stage0: full=[0.07057 1.     ], physical=[0.07057 1.     ]
solver time:  0.41719625299447216
plant_input_stage0: full=[0.06745 1.     ], physical=[0.06745 1.     ]
solver time:  0.37566012699971907
plant_input_stage0: full=[0.06305 1.     ], physical=[0.06305 1.     ]
solver time:  0.40323194398661144
plant_input_stage0: full=[0.06094 1.     ], physical=[0.06094 1.     ]
solver time:  0.3395550140121486
plant_input_stage0: full=[0.07179 1.     ], physical=[0.07179 1.     ]
solver time:  0.24464420601725578
plant_input_stage0: full=[0.08864 1.     ], physical=[0.08864 1.     ]
solver time:  0.2342553859925829
plant_input_stage0: full=[0.08565 1.     ], physical=[0.08565 1.     ]
solver time:  0.23597446701023728
plant_input_stage0: full=[0.08524 1.     ], physical=[0.08524 1.     ]
solver time:  0.23271094399387948
plant_input_stage0: full=[0.08585 0.19643], physical=[0.08585 0.19643]
solver time:  0.23477249100687914
plant_input_stage0: full=[ 0.08585 -0.03905], physical=[ 0.08585 -0.03905]
solver time:  0.24010840797564015
plant_input_stage0: full=[ 0.08583 -0.03663], physical=[ 0.08583 -0.03663]
solver time:  0.23894586798269302
plant_input_stage0: full=[ 0.08582 -0.03438], physical=[ 0.08582 -0.03438]
solver time:  0.2391255279944744
plant_input_stage0: full=[ 0.08568 -0.05722], physical=[ 0.08568 -0.05722]
solver time:  0.23960081400582567
plant_input_stage0: full=[ 0.0854 -0.0721], physical=[ 0.0854 -0.0721]
solver time:  0.2431713530095294
plant_input_stage0: full=[ 0.08496 -0.0639 ], physical=[ 0.08496 -0.0639 ]
solver time:  0.22905802700552158
plant_input_stage0: full=[ 0.08434 -0.05299], physical=[ 0.08434 -0.05299]
solver time:  0.22876811801688746
plant_input_stage0: full=[ 0.08356 -0.04734], physical=[ 0.08356 -0.04734]
solver time:  0.22434068299480714
plant_input_stage0: full=[ 0.08261 -0.00291], physical=[ 0.08261 -0.00291]
solver time:  0.2241336360166315
plant_input_stage0: full=[0.08154 0.06623], physical=[0.08154 0.06623]
solver time:  0.22017527199932374
plant_input_stage0: full=[0.08036 0.11025], physical=[0.08036 0.11025]
solver time:  0.23009938502218574
plant_input_stage0: full=[0.07945 0.13745], physical=[0.07945 0.13745]
solver time:  0.22479413298424333
plant_input_stage0: full=[0.07844 0.15118], physical=[0.07844 0.15118]
solver time:  0.2243104210065212
plant_input_stage0: full=[0.07722 0.15526], physical=[0.07722 0.15526]
solver time:  0.2327693669940345
plant_input_stage0: full=[0.07593 0.15347], physical=[0.07593 0.15347]
solver time:  0.22058140800800174
plant_input_stage0: full=[0.07459 0.14784], physical=[0.07459 0.14784]
solver time:  0.2409237700048834
plant_input_stage0: full=[0.07318 0.14021], physical=[0.07318 0.14021]
solver time:  0.2244522699911613
plant_input_stage0: full=[0.07168 0.13039], physical=[0.07168 0.13039]
solver time:  0.22849599999608472
plant_input_stage0: full=[0.07012 0.12083], physical=[0.07012 0.12083]
solver time:  0.23371272400254384
plant_input_stage0: full=[0.06852 0.0115 ], physical=[0.06852 0.0115 ]
solver time:  0.2287727399962023
plant_input_stage0: full=[ 0.06685 -0.02346], physical=[ 0.06685 -0.02346]
solver time:  0.25127244502073154
plant_input_stage0: full=[ 0.06662 -0.02022], physical=[ 0.06662 -0.02022]
solver time:  0.2487379889935255
plant_input_stage0: full=[ 0.0728  -0.01741], physical=[ 0.0728  -0.01741]
solver time:  0.26536957500502467
plant_input_stage0: full=[ 0.08069 -0.01514], physical=[ 0.08069 -0.01514]
solver time:  0.2629343399894424
plant_input_stage0: full=[0.08207 0.36261], physical=[0.08207 0.36261]
solver time:  0.26310596999246627
plant_input_stage0: full=[0.08269 0.90854], physical=[0.08269 0.90854]
solver time:  0.3108878080092836
plant_input_stage0: full=[ 0.0801  -0.33359], physical=[ 0.0801  -0.33359]
solver time:  0.2958138380199671
plant_input_stage0: full=[ 0.08868 -1.     ], physical=[ 0.08868 -1.     ]
solver time:  0.31255557999247685
plant_input_stage0: full=[ 0.06233 -1.     ], physical=[ 0.06233 -1.     ]
solver time:  0.27225692698266357
plant_input_stage0: full=[ 0.05737 -1.     ], physical=[ 0.05737 -1.     ]
solver time:  0.3035843189863954
plant_input_stage0: full=[ 0.05596 -1.     ], physical=[ 0.05596 -1.     ]
solver time:  0.3254905559879262
plant_input_stage0: full=[ 0.06183 -1.     ], physical=[ 0.06183 -1.     ]
solver time:  0.28605367202544585
plant_input_stage0: full=[ 0.06642 -1.     ], physical=[ 0.06642 -1.     ]
solver time:  0.2736364640004467
plant_input_stage0: full=[ 0.0698 -1.    ], physical=[ 0.0698 -1.    ]
solver time:  0.27459252200787887
plant_input_stage0: full=[ 0.07204 -1.     ], physical=[ 0.07204 -1.     ]
solver time:  0.2533544290054124
plant_input_stage0: full=[ 0.07317 -1.     ], physical=[ 0.07317 -1.     ]
solver time:  0.24229112401371822
plant_input_stage0: full=[ 0.07482 -1.     ], physical=[ 0.07482 -1.     ]
solver time:  0.2516555309994146
plant_input_stage0: full=[ 0.07738 -1.     ], physical=[ 0.07738 -1.     ]
solver time:  0.2519927050161641
plant_input_stage0: full=[ 0.07933 -1.     ], physical=[ 0.07933 -1.     ]
solver time:  0.2600814939942211
plant_input_stage0: full=[ 0.08064 -0.99622], physical=[ 0.08064 -0.99622]
solver time:  0.23152835899963975
plant_input_stage0: full=[ 0.081   -0.11105], physical=[ 0.081   -0.11105]
solver time:  0.2295444689807482
plant_input_stage0: full=[ 0.0801  -0.06935], physical=[ 0.0801  -0.06935]
solver time:  0.23489707001135685
plant_input_stage0: full=[ 0.07922 -0.03847], physical=[ 0.07922 -0.03847]
solver time:  0.2257615969865583
plant_input_stage0: full=[ 0.07816 -0.01541], physical=[ 0.07816 -0.01541]
solver time:  0.23103201898629777
plant_input_stage0: full=[0.07701 0.00126], physical=[0.07701 0.00126]
solver time:  0.2308701100118924
plant_input_stage0: full=[0.0758  0.01204], physical=[0.0758  0.01204]
solver time:  0.2309282450005412
plant_input_stage0: full=[0.07452 0.01997], physical=[0.07452 0.01997]
solver time:  0.23711696799728088
plant_input_stage0: full=[0.07315 0.02494], physical=[0.07315 0.02494]
solver time:  0.2578354639990721
plant_input_stage0: full=[0.07172 0.02795], physical=[0.07172 0.02795]
solver time:  0.24137187100131996
plant_input_stage0: full=[0.07025 0.02956], physical=[0.07025 0.02956]
solver time:  0.2415371559909545
plant_input_stage0: full=[ 0.06872 -0.01486], physical=[ 0.06872 -0.01486]
solver time:  0.2465885610145051
plant_input_stage0: full=[ 0.06714 -0.01538], physical=[ 0.06714 -0.01538]
solver time:  0.26519870199263096
plant_input_stage0: full=[ 0.06988 -0.01351], physical=[ 0.06988 -0.01351]
solver time:  0.27354412100976333
plant_input_stage0: full=[ 0.07683 -0.01192], physical=[ 0.07683 -0.01192]
solver time:  0.2788421559962444
plant_input_stage0: full=[0.08077 0.08329], physical=[0.08077 0.08329]
solver time:  0.3335814719903283
plant_input_stage0: full=[0.08199 0.45774], physical=[0.08199 0.45774]
solver time:  0.2785467880021315
plant_input_stage0: full=[0.10628 0.05078], physical=[0.10628 0.05078]
solver time:  0.30137962600565515
plant_input_stage0: full=[ 0.1038  -0.72767], physical=[ 0.1038  -0.72767]
solver time:  0.2959251620050054
plant_input_stage0: full=[ 0.10239 -1.     ], physical=[ 0.10239 -1.     ]
solver time:  0.3303951259877067
plant_input_stage0: full=[ 0.05427 -1.     ], physical=[ 0.05427 -1.     ]
solver time:  0.29355919698718935
plant_input_stage0: full=[ 0.0594 -1.    ], physical=[ 0.0594 -1.    ]
solver time:  0.31725071600521915
plant_input_stage0: full=[ 0.06342 -1.     ], physical=[ 0.06342 -1.     ]
solver time:  0.23989544200594537
plant_input_stage0: full=[ 0.06634 -1.     ], physical=[ 0.06634 -1.     ]
solver time:  0.23820255798636936
plant_input_stage0: full=[ 0.06975 -1.     ], physical=[ 0.06975 -1.     ]
solver time:  0.23529746601707302
plant_input_stage0: full=[ 0.07387 -1.     ], physical=[ 0.07387 -1.     ]
solver time:  0.23121041498961858
plant_input_stage0: full=[ 0.07755 -1.     ], physical=[ 0.07755 -1.     ]
solver time:  0.2294326460105367
plant_input_stage0: full=[ 0.08072 -1.     ], physical=[ 0.08072 -1.     ]
solver time:  0.2563090799958445
plant_input_stage0: full=[ 0.08327 -1.     ], physical=[ 0.08327 -1.     ]
solver time:  0.23440064801252447
plant_input_stage0: full=[ 0.085   -0.70697], physical=[ 0.085   -0.70697]
solver time:  0.22719248698558658
plant_input_stage0: full=[ 0.08556 -0.11369], physical=[ 0.08556 -0.11369]
solver time:  0.2301156820030883
plant_input_stage0: full=[ 0.08543 -0.071  ], physical=[ 0.08543 -0.071  ]
solver time:  0.22052014898508787
plant_input_stage0: full=[ 0.08522 -0.03894], physical=[ 0.08522 -0.03894]
solver time:  0.22526109701720998
plant_input_stage0: full=[ 0.08494 -0.01514], physical=[ 0.08494 -0.01514]
solver time:  0.22507604100974277
plant_input_stage0: full=[0.08457 0.00153], physical=[0.08457 0.00153]
solver time:  0.2469300449884031
plant_input_stage0: full=[0.08413 0.01358], physical=[0.08413 0.01358]
solver time:  0.2453412980248686
plant_input_stage0: full=[0.08361 0.02158], physical=[0.08361 0.02158]
solver time:  0.2545342299854383
plant_input_stage0: full=[0.08302 0.02675], physical=[0.08302 0.02675]
solver time:  0.25011395101319067
plant_input_stage0: full=[0.08236 0.0299 ], physical=[0.08236 0.0299 ]
solver time:  0.2464520929788705
plant_input_stage0: full=[0.08163 0.03007], physical=[0.08163 0.03007]
solver time:  0.25046568701509386
plant_input_stage0: full=[0.08091 0.03039], physical=[0.08091 0.03039]
solver time:  0.24720766401151195
plant_input_stage0: full=[0.08009 0.02993], physical=[0.08009 0.02993]
solver time:  0.2687659170187544
plant_input_stage0: full=[0.07922 0.02899], physical=[0.07922 0.02899]
solver time:  0.25503461400512606
plant_input_stage0: full=[0.07828 0.0282 ], physical=[0.07828 0.0282 ]
solver time:  0.27788171800784767
plant_input_stage0: full=[0.07729 0.02657], physical=[0.07729 0.02657]
solver time:  0.2813752540096175
plant_input_stage0: full=[0.07625 0.02486], physical=[0.07625 0.02486]
solver time:  0.2867063920130022
plant_input_stage0: full=[0.07514 0.02304], physical=[0.07514 0.02304]
solver time:  0.31307367800036445
plant_input_stage0: full=[0.07398 0.02114], physical=[0.07398 0.02114]
solver time:  0.32080655999016017
plant_input_stage0: full=[0.07279 0.00565], physical=[0.07279 0.00565]
solver time:  0.3473112100036815
plant_input_stage0: full=[ 0.0738  -0.00075], physical=[ 0.0738  -0.00075]
solver time:  0.35104800600674935
plant_input_stage0: full=[ 0.08064 -0.00045], physical=[ 0.08064 -0.00045]
solver time:  0.36628883800585754
plant_input_stage0: full=[0.08448 0.03397], physical=[0.08448 0.03397]
solver time:  0.395156771002803
plant_input_stage0: full=[0.10584 0.25493], physical=[0.10584 0.25493]
solver time:  0.4815088659815956
plant_input_stage0: full=[0.10333 0.01697], physical=[0.10333 0.01697]
solver time:  0.5139468020061031
plant_input_stage0: full=[ 0.0993 -0.0817], physical=[ 0.0993 -0.0817]
solver time:  0.36423373300931416
plant_input_stage0: full=[ 0.09863 -0.63094], physical=[ 0.09863 -0.63094]
solver time:  0.3940916949941311
plant_input_stage0: full=[ 0.08083 -1.     ], physical=[ 0.08083 -1.     ]
solver time:  0.4617894799739588
plant_input_stage0: full=[ 0.08013 -1.     ], physical=[ 0.08013 -1.     ]
solver time:  0.40591936200507917
plant_input_stage0: full=[ 0.08402 -1.     ], physical=[ 0.08402 -1.     ]
solver time:  0.28558559698285535
plant_input_stage0: full=[ 0.08658 -1.     ], physical=[ 0.08658 -1.     ]
solver time:  0.2683296169852838
plant_input_stage0: full=[ 0.08789 -1.     ], physical=[ 0.08789 -1.     ]
solver time:  0.2753260820172727
plant_input_stage0: full=[ 0.08803 -1.     ], physical=[ 0.08803 -1.     ]
solver time:  0.27393828198546544
plant_input_stage0: full=[ 0.0871 -1.    ], physical=[ 0.0871 -1.    ]
solver time:  0.2686912530043628
plant_input_stage0: full=[ 0.08521 -1.     ], physical=[ 0.08521 -1.     ]
solver time:  0.2645269119821023
plant_input_stage0: full=[ 0.08547 -1.     ], physical=[ 0.08547 -1.     ]
solver time:  0.2541496279882267
plant_input_stage0: full=[ 0.087   -0.99999], physical=[ 0.087   -0.99999]
solver time:  0.25763956501032226
plant_input_stage0: full=[ 0.08751 -0.03623], physical=[ 0.08751 -0.03623]
solver time:  0.26479918201221153
plant_input_stage0: full=[0.08732 0.11838], physical=[0.08732 0.11838]
solver time:  0.26358939000056125
plant_input_stage0: full=[0.08712 0.11121], physical=[0.08712 0.11121]
solver time:  0.272260429977905
plant_input_stage0: full=[0.08695 0.10477], physical=[0.08695 0.10477]
solver time:  0.2716389400011394
plant_input_stage0: full=[0.0868  0.09862], physical=[0.0868  0.09862]
solver time:  0.26960033702198416
plant_input_stage0: full=[0.08667 0.09285], physical=[0.08667 0.09285]
solver time:  0.2710463730036281
plant_input_stage0: full=[0.08655 0.08735], physical=[0.08655 0.08735]
solver time:  0.2742638690106105
plant_input_stage0: full=[0.08645 0.08216], physical=[0.08645 0.08216]
solver time:  0.27304755500517786
plant_input_stage0: full=[0.08636 0.07725], physical=[0.08636 0.07725]
solver time:  0.2695706039958168
plant_input_stage0: full=[0.08628 0.07262], physical=[0.08628 0.07262]
solver time:  0.2718983330123592
plant_input_stage0: full=[0.08621 0.06825], physical=[0.08621 0.06825]
solver time:  0.27643076700042
plant_input_stage0: full=[0.08615 0.06414], physical=[0.08615 0.06414]
solver time:  0.2809934769757092
plant_input_stage0: full=[0.08609 0.06025], physical=[0.08609 0.06025]
solver time:  0.31215542199788615
plant_input_stage0: full=[0.086   0.04972], physical=[0.086   0.04972]
solver time:  0.28805773198837414
plant_input_stage0: full=[0.0858  0.02451], physical=[0.0858  0.02451]
solver time:  0.28732532099820673
plant_input_stage0: full=[0.0855  0.00264], physical=[0.0855  0.00264]
solver time:  0.2934170840017032
plant_input_stage0: full=[ 0.08512 -0.012  ], physical=[ 0.08512 -0.012  ]
solver time:  0.29288449199520983
plant_input_stage0: full=[ 0.08467 -0.02555], physical=[ 0.08467 -0.02555]
solver time:  0.3076137500174809
plant_input_stage0: full=[ 0.08459 -0.02607], physical=[ 0.08459 -0.02607]
solver time:  0.30073243798688054
plant_input_stage0: full=[ 0.08436 -0.11039], physical=[ 0.08436 -0.11039]
solver time:  0.29621666797902435
plant_input_stage0: full=[ 0.08419 -0.1792 ], physical=[ 0.08419 -0.1792 ]
solver time:  0.30396861798362806
plant_input_stage0: full=[ 0.08407 -0.21757], physical=[ 0.08407 -0.21757]
solver time:  0.2920746240124572
plant_input_stage0: full=[ 0.08424 -0.23651], physical=[ 0.08424 -0.23651]
solver time:  0.2822942659840919
plant_input_stage0: full=[ 0.08421 -0.24002], physical=[ 0.08421 -0.24002]
solver time:  0.29442031800863333
plant_input_stage0: full=[ 0.08421 -0.23488], physical=[ 0.08421 -0.23488]
solver time:  0.3104965159727726
plant_input_stage0: full=[ 0.08427 -0.14845], physical=[ 0.08427 -0.14845]
solver time:  0.32535602201824076
plant_input_stage0: full=[0.08467 0.07819], physical=[0.08467 0.07819]
solver time:  0.3078958380210679
plant_input_stage0: full=[0.08526 0.0715 ], physical=[0.08526 0.0715 ]
solver time:  0.3124114449892659
plant_input_stage0: full=[0.08544 0.06675], physical=[0.08544 0.06675]
solver time:  0.3303205859847367
plant_input_stage0: full=[0.08553 0.06393], physical=[0.08553 0.06393]
solver time:  0.3344616069807671
plant_input_stage0: full=[0.08523 0.06325], physical=[0.08523 0.06325]
solver time:  0.34617152297869325
plant_input_stage0: full=[0.08531 0.07046], physical=[0.08531 0.07046]
solver time:  0.3534746969817206
plant_input_stage0: full=[ 0.08544 -0.12867], physical=[ 0.08544 -0.12867]
solver time:  0.3895637959940359
plant_input_stage0: full=[0.08566 0.25137], physical=[0.08566 0.25137]
solver time:  0.4149534919997677
plant_input_stage0: full=[0.08335 1.     ], physical=[0.08335 1.     ]
solver time:  0.4158024780044798
plant_input_stage0: full=[0.08377 1.     ], physical=[0.08377 1.     ]
solver time:  0.4372526189836208
plant_input_stage0: full=[0.0849  0.64833], physical=[0.0849  0.64833]
solver time:  0.4244037919852417
plant_input_stage0: full=[0.08508 0.00825], physical=[0.08508 0.00825]
solver time:  0.3830007159849629
plant_input_stage0: full=[0.08477 0.00381], physical=[0.08477 0.00381]
solver time:  0.4063987910049036
plant_input_stage0: full=[0.08443 0.00051], physical=[0.08443 0.00051]
solver time:  0.44837416501832195
plant_input_stage0: full=[ 0.08405 -0.0019 ], physical=[ 0.08405 -0.0019 ]
solver time:  0.38126394600840285
plant_input_stage0: full=[ 0.08363 -0.00363], physical=[ 0.08363 -0.00363]
solver time:  0.37555918301222846
plant_input_stage0: full=[ 0.08318 -0.00532], physical=[ 0.08318 -0.00532]
solver time:  0.36007654599961825
plant_input_stage0: full=[ 0.0827  -0.00582], physical=[ 0.0827  -0.00582]
solver time:  0.34316683901124634
plant_input_stage0: full=[ 0.08219 -0.00598], physical=[ 0.08219 -0.00598]
solver time:  0.3037128559953999
plant_input_stage0: full=[ 0.08164 -0.00591], physical=[ 0.08164 -0.00591]
solver time:  0.32168148100026883
plant_input_stage0: full=[ 0.08106 -0.00575], physical=[ 0.08106 -0.00575]
solver time:  0.3116410599905066
plant_input_stage0: full=[ 0.08043 -0.00542], physical=[ 0.08043 -0.00542]
solver time:  0.31487042401568033
plant_input_stage0: full=[ 0.07978 -0.00501], physical=[ 0.07978 -0.00501]
solver time:  0.3117911239969544
plant_input_stage0: full=[ 0.07911 -0.00333], physical=[ 0.07911 -0.00333]
solver time:  0.34300741500919685
plant_input_stage0: full=[ 0.08043 -0.02973], physical=[ 0.08043 -0.02973]
solver time:  0.36612856198917143
plant_input_stage0: full=[0.08325 0.01038], physical=[0.08325 0.01038]
solver time:  0.4408231400011573
plant_input_stage0: full=[ 0.0844  -0.03059], physical=[ 0.0844  -0.03059]
solver time:  0.47686488198814914
plant_input_stage0: full=[ 0.11276 -0.00823], physical=[ 0.11276 -0.00823]
solver time:  0.5095890120137483
plant_input_stage0: full=[ 0.10577 -0.00828], physical=[ 0.10577 -0.00828]
solver time:  0.4705129450012464
plant_input_stage0: full=[ 0.09921 -0.00692], physical=[ 0.09921 -0.00692]
solver time:  0.3992456090054475
plant_input_stage0: full=[0.09319 0.30854], physical=[0.09319 0.30854]
solver time:  0.5172740349953528
plant_input_stage0: full=[0.0969 1.    ], physical=[0.0969 1.    ]
solver time:  0.42547124600969255
plant_input_stage0: full=[0.07511 1.     ], physical=[0.07511 1.     ]
solver time:  0.4354981350188609
plant_input_stage0: full=[0.07843 1.     ], physical=[0.07843 1.     ]
solver time:  0.3871164000011049
plant_input_stage0: full=[0.08128 1.     ], physical=[0.08128 1.     ]
solver time:  0.38145591400098056
plant_input_stage0: full=[0.08353 1.     ], physical=[0.08353 1.     ]
solver time:  0.3083289680071175
plant_input_stage0: full=[0.08508 0.66734], physical=[0.08508 0.66734]
solver time:  0.2997849359817337
plant_input_stage0: full=[0.08564 0.04837], physical=[0.08564 0.04837]
solver time:  0.28122439299477264
plant_input_stage0: full=[0.08567 0.02848], physical=[0.08567 0.02848]
solver time:  0.28079972200794145
plant_input_stage0: full=[0.08569 0.01351], physical=[0.08569 0.01351]
solver time:  0.25326181200216524
plant_input_stage0: full=[0.08563 0.00263], physical=[0.08563 0.00263]
solver time:  0.26554691200726666
plant_input_stage0: full=[ 0.08545 -0.00527], physical=[ 0.08545 -0.00527]
solver time:  0.2547866679960862
plant_input_stage0: full=[ 0.08518 -0.00968], physical=[ 0.08518 -0.00968]
solver time:  0.2526042569952551
plant_input_stage0: full=[ 0.08483 -0.01323], physical=[ 0.08483 -0.01323]
solver time:  0.2691945160040632
plant_input_stage0: full=[ 0.0844  -0.01547], physical=[ 0.0844  -0.01547]
solver time:  0.2559213649947196
plant_input_stage0: full=[ 0.08376 -0.0172 ], physical=[ 0.08376 -0.0172 ]
solver time:  0.25349552699481137
plant_input_stage0: full=[ 0.08279 -0.0176 ], physical=[ 0.08279 -0.0176 ]
solver time:  0.25524065698846243
plant_input_stage0: full=[ 0.08161 -0.01744], physical=[ 0.08161 -0.01744]
solver time:  0.25840800401056185
plant_input_stage0: full=[ 0.08017 -0.01686], physical=[ 0.08017 -0.01686]
solver time:  0.2614015960134566
plant_input_stage0: full=[ 0.07852 -0.01358], physical=[ 0.07852 -0.01358]
solver time:  0.25952020002296194
plant_input_stage0: full=[ 0.07669 -0.01299], physical=[ 0.07669 -0.01299]
solver time:  0.27982722799060866
plant_input_stage0: full=[ 0.07472 -0.01227], physical=[ 0.07472 -0.01227]
solver time:  0.27336867101257667
plant_input_stage0: full=[ 0.0726  -0.01147], physical=[ 0.0726  -0.01147]
solver time:  0.2873620539903641
plant_input_stage0: full=[ 0.07031 -0.01062], physical=[ 0.07031 -0.01062]
solver time:  0.28592061600647867
plant_input_stage0: full=[ 0.0679  -0.00973], physical=[ 0.0679  -0.00973]
solver time:  0.3086316260159947
plant_input_stage0: full=[ 0.06544 -0.00884], physical=[ 0.06544 -0.00884]
solver time:  0.2979505510011222
plant_input_stage0: full=[ 0.06284 -0.00798], physical=[ 0.06284 -0.00798]
solver time:  0.2909391530265566
plant_input_stage0: full=[ 0.06018 -0.00715], physical=[ 0.06018 -0.00715]
solver time:  0.3192978659935761
plant_input_stage0: full=[ 0.05752 -0.00639], physical=[ 0.05752 -0.00639]
solver time:  0.29022391999023966
plant_input_stage0: full=[ 0.05476 -0.00568], physical=[ 0.05476 -0.00568]
solver time:  0.2879304910020437
plant_input_stage0: full=[ 0.05207 -0.00176], physical=[ 0.05207 -0.00176]
solver time:  0.2953649459814187
plant_input_stage0: full=[0.0493  0.00015], physical=[0.0493  0.00015]
solver time:  0.32851634500548244
plant_input_stage0: full=[0.04663 0.00013], physical=[0.04663 0.00013]
solver time:  0.3295493849727791
plant_input_stage0: full=[0.04393 0.0001 ], physical=[0.04393 0.0001 ]
solver time:  0.3313816679874435
plant_input_stage0: full=[0.04136 0.00008], physical=[0.04136 0.00008]
solver time:  0.2932256029744167
plant_input_stage0: full=[0.03877 0.00007], physical=[0.03877 0.00007]
solver time:  0.35908658101106994
plant_input_stage0: full=[0.03632 0.00006], physical=[0.03632 0.00006]
solver time:  0.31179418598185293
plant_input_stage0: full=[0.03392 0.00006], physical=[0.03392 0.00006]
solver time:  0.4167530240083579
plant_input_stage0: full=[0.0316  0.00006], physical=[0.0316  0.00006]
solver time:  0.46503335097804666
plant_input_stage0: full=[0.02421 0.00007], physical=[0.02421 0.00007]
solver time:  0.6177735080127604
plant_input_stage0: full=[0.02273 0.00006], physical=[0.02273 0.00006]
solver time:  0.45203170998138376
plant_input_stage0: full=[0.01781 0.00006], physical=[0.01781 0.00006]
solver time:  0.5122914520034101
plant_input_stage0: full=[0.02025 0.00006], physical=[0.02025 0.00006]
solver time:  0.5646079479774926
plant_input_stage0: full=[0.01901 0.00006], physical=[0.01901 0.00006]
solver time:  0.6930677409982309
plant_input_stage0: full=[0.01784 0.00006], physical=[0.01784 0.00006]
solver time:  0.6076623359986115
plant_input_stage0: full=[0.01675 0.00007], physical=[0.01675 0.00007]
solver time:  0.6028227990027517
plant_input_stage0: full=[0.01572 0.00007], physical=[0.01572 0.00007]
solver time:  0.6300479950150475
plant_input_stage0: full=[0.01479 0.00007], physical=[0.01479 0.00007]
solver time:  0.5911609350005165
plant_input_stage0: full=[0.01388 0.00008], physical=[0.01388 0.00008]
solver time:  0.7124060990172438
plant_input_stage0: full=[0.01307 0.00008], physical=[0.01307 0.00008]
solver time:  0.5688344670052174
plant_input_stage0: full=[0.01226 0.00008], physical=[0.01226 0.00008]
solver time:  0.5845509899954777
plant_input_stage0: full=[0.01155 0.00009], physical=[0.01155 0.00009]
solver time:  0.55538239798625
plant_input_stage0: full=[0.01084 0.00009], physical=[0.01084 0.00009]
solver time:  0.7892117260198575
plant_input_stage0: full=[0.01023 0.00003], physical=[0.01023 0.00003]
solver time:  0.5587418000213802
plant_input_stage0: full=[ 0.0096  -0.00002], physical=[ 0.0096  -0.00002]
solver time:  0.571983828995144
plant_input_stage0: full=[ 0.009   -0.00001], physical=[ 0.009   -0.00001]
solver time:  0.4727970449894201
plant_input_stage0: full=[0.0085  0.00001], physical=[0.0085  0.00001]
solver time:  0.5827269889996387
plant_input_stage0: full=[0.00798 0.00004], physical=[0.00798 0.00004]
solver time:  0.6105980699940119
plant_input_stage0: full=[0.00749 0.00008], physical=[0.00749 0.00008]
solver time:  0.46395826499792747
plant_input_stage0: full=[0.00709 0.00011], physical=[0.00709 0.00011]
solver time:  0.5732550570101012
plant_input_stage0: full=[0.00665 0.00014], physical=[0.00665 0.00014]
solver time:  0.5862909639836289
plant_input_stage0: full=[0.00624 0.00017], physical=[0.00624 0.00017]
solver time:  0.5452595529786777
plant_input_stage0: full=[0.00586 0.00019], physical=[0.00586 0.00019]
solver time:  0.577129978017183
plant_input_stage0: full=[0.0055  0.00021], physical=[0.0055  0.00021]
solver time:  0.5091157610004302
plant_input_stage0: full=[0.00522 0.00023], physical=[0.00522 0.00023]
solver time:  0.5692345580027904
plant_input_stage0: full=[0.0049  0.00021], physical=[0.0049  0.00021]
solver time:  0.561811999999918
plant_input_stage0: full=[0.0046  0.00012], physical=[0.0046  0.00012]
solver time:  0.43472104499232955
plant_input_stage0: full=[0.00432 0.00007], physical=[0.00432 0.00007]
solver time:  0.4838301929994486
plant_input_stage0: full=[0.00405 0.00004], physical=[0.00405 0.00004]
solver time:  0.502903514978243
plant_input_stage0: full=[0.00387 0.00002], physical=[0.00387 0.00002]
solver time:  0.5252310490177479
plant_input_stage0: full=[0.00363 0.00001], physical=[0.00363 0.00001]
solver time:  0.5028853050025646
plant_input_stage0: full=[0.0034  0.00001], physical=[0.0034  0.00001]
solver time:  0.5068912860006094
plant_input_stage0: full=[0.00319 0.00001], physical=[0.00319 0.00001]
solver time:  0.497800470009679
plant_input_stage0: full=[0.003   0.00001], physical=[0.003   0.00001]
solver time:  0.48860801800037734
plant_input_stage0: full=[0.00281 0.00001], physical=[0.00281 0.00001]
solver time:  0.4077930519997608
plant_input_stage0: full=[0.00264 0.00002], physical=[0.00264 0.00002]
solver time:  0.5725531060015783
plant_input_stage0: full=[0.00248 0.00002], physical=[0.00248 0.00002]
solver time:  0.4466319169732742
plant_input_stage0: full=[ 0.00238 -0.07859], physical=[ 0.00238 -0.07859]
solver time:  0.35971846399479546
plant_input_stage0: full=[ 0.00126 -0.00004], physical=[ 0.00126 -0.00004]
solver time:  0.3699761150055565
plant_input_stage0: full=[ 0.00118 -0.00008], physical=[ 0.00118 -0.00008]
solver time:  0.3972395799937658
plant_input_stage0: full=[ 0.00111 -0.00008], physical=[ 0.00111 -0.00008]
solver time:  0.42797131300903857
plant_input_stage0: full=[ 0.00104 -0.00007], physical=[ 0.00104 -0.00007]
solver time:  0.39134431700222194
plant_input_stage0: full=[ 0.00097 -0.00006], physical=[ 0.00097 -0.00006]
실패 조건 충족으로 시뮬레이션 종료: stuck_for_4.00s_disp_0.0286m_le_0.0300m
Using dcbf optimizer with differential_drive dynamics:
median:  0.28605367202544585
std:  0.10964386137255581
min:  0.18951327601098455
max:  0.7892117260198575
Simulation finished.
Run outcome: status=failure, reason=stuck_for_4.00s_disp_0.0286m_le_0.0300m, final_time=30.700000000000166, distance_to_goal=0.5518506907540713
Trial history saved to /home/taekwon/projects/psdf_mpcc/benchmark_runs/maze_oblique_5_20260916_2320/runs/config05/trial_0001/data/trial_history_MPC_DCBF_rectangle_oblique_maze_startseed0.csv
Single test completed.
[Trials] Saved: status=failure, successful solver steps=307

[Trials] oblique_maze / obca trial 1/5, seed=0
Running single test...
Start perturbation: seed=0, pose=[0.15251460442186787, 0.22235790273417394, 0.03202113252216421], delta=[0.002514604421867866, -0.0026420972658260378, 0.03202113252216411], clearance=0.024980 m, attempts=1
Start pose saved to /home/taekwon/projects/psdf_mpcc/benchmark_runs/maze_oblique_5_20260916_2320/runs/config06/trial_0001/data/start_pose_MPC_OBCA_rectangle_oblique_maze_startseed0.json
Trial failure criteria enabled: movement_window_sec=4.0, movement_threshold=0.03, max_consecutive_solver_failures=20
generating global path with A* + Line of Sight
시작 위치: [0.15251 0.22236]
목적지: [1.275 0.975]
도착 판정 기준: position <= 0.01m, angle <= 0.01rad
solver time:  0.43296285599353723
plant_input_stage0: full=[0.08856 0.73798], physical=[0.08856 0.73798]
solver time:  0.42712283300352283
plant_input_stage0: full=[0.08558 0.72084], physical=[0.08558 0.72084]
solver time:  0.4389274420100264
plant_input_stage0: full=[0.08428 0.73394], physical=[0.08428 0.73394]
solver time:  0.4269045559922233
plant_input_stage0: full=[0.08507 0.79024], physical=[0.08507 0.79024]
solver time:  0.43584180501056835
plant_input_stage0: full=[0.08545 0.66652], physical=[0.08545 0.66652]
solver time:  0.4270687120151706
plant_input_stage0: full=[0.08546 0.04762], physical=[0.08546 0.04762]
solver time:  0.42988052498549223
plant_input_stage0: full=[0.08514 0.00114], physical=[0.08514 0.00114]
solver time:  0.429075402993476
plant_input_stage0: full=[0.0847  0.00086], physical=[0.0847  0.00086]
solver time:  0.44151106500066817
plant_input_stage0: full=[0.08413 0.00196], physical=[0.08413 0.00196]
solver time:  0.48435188198345713
plant_input_stage0: full=[0.08348 0.00077], physical=[0.08348 0.00077]
solver time:  0.4955515880137682
plant_input_stage0: full=[ 0.08278 -0.04134], physical=[ 0.08278 -0.04134]
solver time:  0.5016468449903186
plant_input_stage0: full=[ 0.08208 -0.10762], physical=[ 0.08208 -0.10762]
solver time:  0.5017279780004174
plant_input_stage0: full=[ 0.08142 -0.14837], physical=[ 0.08142 -0.14837]
solver time:  0.5025076290185098
plant_input_stage0: full=[ 0.08065 -0.17039], physical=[ 0.08065 -0.17039]
solver time:  0.4840748260030523
plant_input_stage0: full=[ 0.07983 -0.17951], physical=[ 0.07983 -0.17951]
solver time:  0.48098144700634293
plant_input_stage0: full=[ 0.07899 -0.18017], physical=[ 0.07899 -0.18017]
solver time:  0.48606326899607666
plant_input_stage0: full=[ 0.07829 -0.17608], physical=[ 0.07829 -0.17608]
solver time:  0.46376121102366596
plant_input_stage0: full=[ 0.07737 -0.16732], physical=[ 0.07737 -0.16732]
solver time:  0.4706014829862397
plant_input_stage0: full=[ 0.07641 -0.15716], physical=[ 0.07641 -0.15716]
solver time:  0.46068671898683533
plant_input_stage0: full=[ 0.0754  -0.14631], physical=[ 0.0754  -0.14631]
solver time:  0.504912113014143
plant_input_stage0: full=[ 0.07592 -0.0942 ], physical=[ 0.07592 -0.0942 ]
solver time:  0.5274337739974726
plant_input_stage0: full=[0.07948 0.02863], physical=[0.07948 0.02863]
solver time:  0.6325090799946338
plant_input_stage0: full=[0.0821  0.02698], physical=[0.0821  0.02698]
solver time:  0.6457535100053065
plant_input_stage0: full=[0.08315 0.02499], physical=[0.08315 0.02499]
solver time:  0.6398775620036758
plant_input_stage0: full=[ 0.08422 -0.04222], physical=[ 0.08422 -0.04222]
solver time:  0.6263180740061216
plant_input_stage0: full=[ 0.08448 -0.47521], physical=[ 0.08448 -0.47521]
solver time:  0.6957542859890964
plant_input_stage0: full=[ 0.08323 -0.76413], physical=[ 0.08323 -0.76413]
solver time:  0.7795764619950205
plant_input_stage0: full=[0.09308 0.72928], physical=[0.09308 0.72928]
solver time:  0.7494433789979666
plant_input_stage0: full=[0.08228 1.     ], physical=[0.08228 1.     ]
solver time:  0.8335280869796406
plant_input_stage0: full=[0.06199 1.     ], physical=[0.06199 1.     ]
solver time:  0.7584526950086001
plant_input_stage0: full=[0.06642 1.     ], physical=[0.06642 1.     ]
solver time:  0.7385592089849524
plant_input_stage0: full=[0.07064 1.     ], physical=[0.07064 1.     ]
solver time:  0.6319240829907358
plant_input_stage0: full=[0.07361 1.     ], physical=[0.07361 1.     ]
solver time:  0.5576782720163465
plant_input_stage0: full=[0.0754 1.    ], physical=[0.0754 1.    ]
solver time:  0.5446017369977199
plant_input_stage0: full=[0.07605 1.     ], physical=[0.07605 1.     ]
solver time:  0.5381840990157798
plant_input_stage0: full=[0.07636 1.     ], physical=[0.07636 1.     ]
solver time:  0.6216705869883299
plant_input_stage0: full=[0.07877 1.     ], physical=[0.07877 1.     ]
solver time:  0.6651064879843034
plant_input_stage0: full=[0.08067 0.98976], physical=[0.08067 0.98976]
solver time:  0.6462346679763868
plant_input_stage0: full=[0.08153 0.08767], physical=[0.08153 0.08767]
solver time:  0.6253885260084644
plant_input_stage0: full=[0.08094 0.05392], physical=[0.08094 0.05392]
solver time:  0.654666371003259
plant_input_stage0: full=[0.08028 0.02889], physical=[0.08028 0.02889]
solver time:  0.6370779489807319
plant_input_stage0: full=[0.07959 0.01037], physical=[0.07959 0.01037]
solver time:  0.6367152500024531
plant_input_stage0: full=[ 0.07879 -0.00305], physical=[ 0.07879 -0.00305]
solver time:  0.6773240840120707
plant_input_stage0: full=[ 0.07809 -0.01242], physical=[ 0.07809 -0.01242]
solver time:  0.6796032070124056
plant_input_stage0: full=[ 0.08007 -0.00843], physical=[ 0.08007 -0.00843]
solver time:  0.7921110210008919
plant_input_stage0: full=[0.08292 0.02867], physical=[0.08292 0.02867]
solver time:  0.8216167789942119
plant_input_stage0: full=[0.08429 0.02649], physical=[0.08429 0.02649]
solver time:  0.7958906429994386
plant_input_stage0: full=[0.0851 0.024 ], physical=[0.0851 0.024 ]
solver time:  0.9302199430239853
plant_input_stage0: full=[ 0.08578 -0.10929], physical=[ 0.08578 -0.10929]
solver time:  0.9027163269929588
plant_input_stage0: full=[ 0.10992 -0.62463], physical=[ 0.10992 -0.62463]
solver time:  0.8130531260103453
plant_input_stage0: full=[0.10814 0.5405 ], physical=[0.10814 0.5405 ]
solver time:  0.7624632009828929
plant_input_stage0: full=[0.09792 0.42199], physical=[0.09792 0.42199]
solver time:  0.7603618619905319
plant_input_stage0: full=[0.08797 1.     ], physical=[0.08797 1.     ]
solver time:  0.9320179619826376
plant_input_stage0: full=[0.07105 1.     ], physical=[0.07105 1.     ]
solver time:  0.9299873459967785
plant_input_stage0: full=[0.06793 1.     ], physical=[0.06793 1.     ]
solver time:  1.0966560930246487
plant_input_stage0: full=[0.06363 1.     ], physical=[0.06363 1.     ]
solver time:  1.170859934994951
plant_input_stage0: full=[0.06171 1.     ], physical=[0.06171 1.     ]
solver time:  0.9033219210105017
plant_input_stage0: full=[0.06452 1.     ], physical=[0.06452 1.     ]
solver time:  0.757673377986066
plant_input_stage0: full=[0.08904 1.     ], physical=[0.08904 1.     ]
solver time:  0.5723116559966002
plant_input_stage0: full=[0.08633 1.     ], physical=[0.08633 1.     ]
solver time:  0.5608189820195548
plant_input_stage0: full=[0.08488 1.     ], physical=[0.08488 1.     ]
solver time:  0.5430093979812227
plant_input_stage0: full=[0.08576 0.53302], physical=[0.08576 0.53302]
solver time:  0.5450864880112931
plant_input_stage0: full=[ 0.08588 -0.04155], physical=[ 0.08588 -0.04155]
solver time:  0.568639187986264
plant_input_stage0: full=[ 0.08585 -0.03897], physical=[ 0.08585 -0.03897]
solver time:  0.5450463879969902
plant_input_stage0: full=[ 0.08583 -0.03532], physical=[ 0.08583 -0.03532]
solver time:  0.5479869330010843
plant_input_stage0: full=[ 0.08571 -0.04112], physical=[ 0.08571 -0.04112]
solver time:  0.5634934070112649
plant_input_stage0: full=[ 0.08539 -0.05473], physical=[ 0.08539 -0.05473]
solver time:  0.5583474219893105
plant_input_stage0: full=[ 0.08495 -0.05394], physical=[ 0.08495 -0.05394]
solver time:  0.502910745999543
plant_input_stage0: full=[ 0.08434 -0.05424], physical=[ 0.08434 -0.05424]
solver time:  0.48670712200691923
plant_input_stage0: full=[ 0.08361 -0.05195], physical=[ 0.08361 -0.05195]
solver time:  0.5000114830036182
plant_input_stage0: full=[ 0.08277 -0.03982], physical=[ 0.08277 -0.03982]
solver time:  0.48951987200416625
plant_input_stage0: full=[0.08188 0.03989], physical=[0.08188 0.03989]
solver time:  0.5231487879937049
plant_input_stage0: full=[0.08098 0.09358], physical=[0.08098 0.09358]
solver time:  0.5120069829863496
plant_input_stage0: full=[0.07997 0.1261 ], physical=[0.07997 0.1261 ]
solver time:  0.5148283739981707
plant_input_stage0: full=[0.07888 0.14398], physical=[0.07888 0.14398]
solver time:  0.5110529300000053
plant_input_stage0: full=[0.07787 0.15199], physical=[0.07787 0.15199]
solver time:  0.5062583549879491
plant_input_stage0: full=[0.07668 0.15249], physical=[0.07668 0.15249]
solver time:  0.5237826840020716
plant_input_stage0: full=[0.07542 0.14842], physical=[0.07542 0.14842]
solver time:  0.5092496299766935
plant_input_stage0: full=[0.07407 0.14164], physical=[0.07407 0.14164]
solver time:  0.514435401011724
plant_input_stage0: full=[0.07265 0.13258], physical=[0.07265 0.13258]
solver time:  0.5172497319872491
plant_input_stage0: full=[0.07117 0.12334], physical=[0.07117 0.12334]
solver time:  0.4913127970066853
plant_input_stage0: full=[0.06968 0.04073], physical=[0.06968 0.04073]
solver time:  0.5154629260068759
plant_input_stage0: full=[ 0.06962 -0.02505], physical=[ 0.06962 -0.02505]
solver time:  0.557358705002116
plant_input_stage0: full=[ 0.07582 -0.02205], physical=[ 0.07582 -0.02205]
solver time:  0.5997792719863355
plant_input_stage0: full=[ 0.07935 -0.01945], physical=[ 0.07935 -0.01945]
solver time:  0.5811529750062618
plant_input_stage0: full=[ 0.08103 -0.01699], physical=[ 0.08103 -0.01699]
solver time:  0.640764506009873
plant_input_stage0: full=[0.08217 0.38817], physical=[0.08217 0.38817]
solver time:  0.7278237460122909
plant_input_stage0: full=[0.08263 0.98621], physical=[0.08263 0.98621]
solver time:  0.7370668380171992
plant_input_stage0: full=[ 0.07992 -0.46947], physical=[ 0.07992 -0.46947]
solver time:  0.6875310530012939
plant_input_stage0: full=[ 0.08471 -1.     ], physical=[ 0.08471 -1.     ]
solver time:  0.7273898509738501
plant_input_stage0: full=[ 0.06208 -1.     ], physical=[ 0.06208 -1.     ]
solver time:  0.6375724090030417
plant_input_stage0: full=[ 0.05753 -1.     ], physical=[ 0.05753 -1.     ]
solver time:  0.7472797590016853
plant_input_stage0: full=[ 0.05681 -1.     ], physical=[ 0.05681 -1.     ]
solver time:  0.777785832004156
plant_input_stage0: full=[ 0.06246 -1.     ], physical=[ 0.06246 -1.     ]
solver time:  0.6860742419958115
plant_input_stage0: full=[ 0.0669 -1.    ], physical=[ 0.0669 -1.    ]
solver time:  0.6609349090140313
plant_input_stage0: full=[ 0.07015 -1.     ], physical=[ 0.07015 -1.     ]
solver time:  0.610376543016173
plant_input_stage0: full=[ 0.07226 -1.     ], physical=[ 0.07226 -1.     ]
solver time:  0.5813528430007864
plant_input_stage0: full=[ 0.07329 -1.     ], physical=[ 0.07329 -1.     ]
solver time:  0.6344964650052134
plant_input_stage0: full=[ 0.075 -1.   ], physical=[ 0.075 -1.   ]
solver time:  0.7138703009986784
plant_input_stage0: full=[ 0.07752 -1.     ], physical=[ 0.07752 -1.     ]
solver time:  0.5736115080071613
plant_input_stage0: full=[ 0.07942 -1.     ], physical=[ 0.07942 -1.     ]
solver time:  0.6057510400132742
plant_input_stage0: full=[ 0.08073 -0.95965], physical=[ 0.08073 -0.95965]
solver time:  0.5421453620074317
plant_input_stage0: full=[ 0.08109 -0.11487], physical=[ 0.08109 -0.11487]
solver time:  0.5404091119999066
plant_input_stage0: full=[ 0.08028 -0.07201], physical=[ 0.08028 -0.07201]
solver time:  0.5432490490202326
plant_input_stage0: full=[ 0.07939 -0.04023], physical=[ 0.07939 -0.04023]
solver time:  0.6090406529838219
plant_input_stage0: full=[ 0.07838 -0.01649], physical=[ 0.07838 -0.01649]
solver time:  0.5622163640218787
plant_input_stage0: full=[0.07729 0.00068], physical=[0.07729 0.00068]
solver time:  0.5617082010139711
plant_input_stage0: full=[0.07613 0.01191], physical=[0.07613 0.01191]
solver time:  0.5599372010037769
plant_input_stage0: full=[0.07491 0.02012], physical=[0.07491 0.02012]
solver time:  0.6226292540086433
plant_input_stage0: full=[0.07359 0.02527], physical=[0.07359 0.02527]
solver time:  0.5845935230026953
plant_input_stage0: full=[0.07227 0.02843], physical=[0.07227 0.02843]
solver time:  0.6622288149956148
plant_input_stage0: full=[0.07086 0.02833], physical=[0.07086 0.02833]
solver time:  0.7978891789971385
plant_input_stage0: full=[ 0.07037 -0.01817], physical=[ 0.07037 -0.01817]
solver time:  0.820834895974258
plant_input_stage0: full=[ 0.07507 -0.01614], physical=[ 0.07507 -0.01614]
solver time:  0.7169409600028303
plant_input_stage0: full=[ 0.07862 -0.01451], physical=[ 0.07862 -0.01451]
solver time:  0.7024733480066061
plant_input_stage0: full=[ 0.08026 -0.01313], physical=[ 0.08026 -0.01313]
solver time:  0.6910562230041251
plant_input_stage0: full=[0.08141 0.19989], physical=[0.08141 0.19989]
solver time:  0.7712514220038429
plant_input_stage0: full=[0.08134 0.49808], physical=[0.08134 0.49808]
solver time:  0.749378691019956
plant_input_stage0: full=[ 0.10737 -0.41296], physical=[ 0.10737 -0.41296]
solver time:  0.7836993300006725
plant_input_stage0: full=[ 0.09606 -0.43251], physical=[ 0.09606 -0.43251]
solver time:  0.7177790819841903
plant_input_stage0: full=[ 0.08307 -1.     ], physical=[ 0.08307 -1.     ]
solver time:  0.6858783100033179
plant_input_stage0: full=[ 0.05445 -1.     ], physical=[ 0.05445 -1.     ]
solver time:  0.7475099139846861
plant_input_stage0: full=[ 0.05956 -1.     ], physical=[ 0.05956 -1.     ]
solver time:  0.6785133309895173
plant_input_stage0: full=[ 0.06354 -1.     ], physical=[ 0.06354 -1.     ]
solver time:  0.665789902996039
plant_input_stage0: full=[ 0.06641 -1.     ], physical=[ 0.06641 -1.     ]
solver time:  0.5858686130086426
plant_input_stage0: full=[ 0.06992 -1.     ], physical=[ 0.06992 -1.     ]
solver time:  0.5789101579866838
plant_input_stage0: full=[ 0.074 -1.   ], physical=[ 0.074 -1.   ]
solver time:  0.580814790999284
plant_input_stage0: full=[ 0.07766 -1.     ], physical=[ 0.07766 -1.     ]
solver time:  0.5767976060160436
plant_input_stage0: full=[ 0.08081 -1.     ], physical=[ 0.08081 -1.     ]
solver time:  0.621794491977198
plant_input_stage0: full=[ 0.0834 -1.    ], physical=[ 0.0834 -1.    ]
solver time:  0.561537956004031
plant_input_stage0: full=[ 0.08502 -0.67928], physical=[ 0.08502 -0.67928]
solver time:  0.5539850310015026
plant_input_stage0: full=[ 0.08554 -0.11738], physical=[ 0.08554 -0.11738]
solver time:  0.5696251259942073
plant_input_stage0: full=[ 0.08541 -0.07361], physical=[ 0.08541 -0.07361]
solver time:  0.5600121289899107
plant_input_stage0: full=[ 0.0852  -0.04069], physical=[ 0.0852  -0.04069]
solver time:  0.5958324010134675
plant_input_stage0: full=[ 0.08491 -0.01627], physical=[ 0.08491 -0.01627]
solver time:  0.5696988599956967
plant_input_stage0: full=[0.08455 0.00093], physical=[0.08455 0.00093]
solver time:  0.6483882929896936
plant_input_stage0: full=[0.08412 0.01333], physical=[0.08412 0.01333]
solver time:  0.6771951080008876
plant_input_stage0: full=[0.08362 0.0216 ], physical=[0.08362 0.0216 ]
solver time:  0.6492764349968638
plant_input_stage0: full=[0.08306 0.02696], physical=[0.08306 0.02696]
solver time:  0.6961637049971614
plant_input_stage0: full=[0.08246 0.03024], physical=[0.08246 0.03024]
solver time:  0.7044114170130342
plant_input_stage0: full=[0.0818  0.03057], physical=[0.0818  0.03057]
solver time:  0.6931669299956411
plant_input_stage0: full=[0.08108 0.03091], physical=[0.08108 0.03091]
solver time:  0.7334483219892718
plant_input_stage0: full=[0.08033 0.03048], physical=[0.08033 0.03048]
solver time:  0.709533357003238
plant_input_stage0: full=[0.07949 0.02951], physical=[0.07949 0.02951]
solver time:  0.7396794189990032
plant_input_stage0: full=[0.07859 0.02871], physical=[0.07859 0.02871]
solver time:  2.1728345259907655
plant_input_stage0: full=[0.07764 0.02707], physical=[0.07764 0.02707]
solver time:  0.8443845029978547
plant_input_stage0: full=[0.07664 0.02534], physical=[0.07664 0.02534]
solver time:  0.7975197669875342
plant_input_stage0: full=[0.07559 0.0235 ], physical=[0.07559 0.0235 ]
solver time:  1.8270432990102563
plant_input_stage0: full=[0.07514 0.02177], physical=[0.07514 0.02177]
solver time:  1.068721427989658
plant_input_stage0: full=[0.07905 0.00378], physical=[0.07905 0.00378]
solver time:  1.1789857239928097
plant_input_stage0: full=[ 0.08209 -0.00085], physical=[ 0.08209 -0.00085]
solver time:  1.031988354981877
plant_input_stage0: full=[ 0.08351 -0.0006 ], physical=[ 0.08351 -0.0006 ]
solver time:  1.0388824199908413
plant_input_stage0: full=[0.08514 0.05373], physical=[0.08514 0.05373]
solver time:  0.9936869139783084
plant_input_stage0: full=[0.11009 0.22952], physical=[0.11009 0.22952]
solver time:  0.984848571009934
plant_input_stage0: full=[0.1068  0.01784], physical=[0.1068  0.01784]
solver time:  0.8742070760054048
plant_input_stage0: full=[ 0.10165 -0.3736 ], physical=[ 0.10165 -0.3736 ]
solver time:  0.9294433679897338
plant_input_stage0: full=[ 0.08258 -0.32243], physical=[ 0.08258 -0.32243]
solver time:  0.9156977140228264
plant_input_stage0: full=[ 0.06486 -1.     ], physical=[ 0.06486 -1.     ]
solver time:  0.9348112890147604
plant_input_stage0: full=[ 0.07986 -1.     ], physical=[ 0.07986 -1.     ]
solver time:  0.9061268850055058
plant_input_stage0: full=[ 0.08376 -1.     ], physical=[ 0.08376 -1.     ]
solver time:  0.8189787360024638
plant_input_stage0: full=[ 0.08634 -1.     ], physical=[ 0.08634 -1.     ]
solver time:  0.770669417019235
plant_input_stage0: full=[ 0.08767 -1.     ], physical=[ 0.08767 -1.     ]
solver time:  0.7657596969802398
plant_input_stage0: full=[ 0.08783 -1.     ], physical=[ 0.08783 -1.     ]
solver time:  0.7561739480006509
plant_input_stage0: full=[ 0.08692 -1.     ], physical=[ 0.08692 -1.     ]
solver time:  0.6947980800177902
plant_input_stage0: full=[ 0.08505 -1.     ], physical=[ 0.08505 -1.     ]
solver time:  0.6480302209965885
plant_input_stage0: full=[ 0.08545 -1.     ], physical=[ 0.08545 -1.     ]
solver time:  0.6260879539768212
plant_input_stage0: full=[ 0.087 -1.   ], physical=[ 0.087 -1.   ]
solver time:  0.6239240620052442
plant_input_stage0: full=[ 0.08752 -0.05069], physical=[ 0.08752 -0.05069]
solver time:  0.6347422930120956
plant_input_stage0: full=[0.08733 0.11884], physical=[0.08733 0.11884]
solver time:  0.6115056420094334
plant_input_stage0: full=[0.08713 0.11162], physical=[0.08713 0.11162]
solver time:  0.6100533709977753
plant_input_stage0: full=[0.08696 0.10515], physical=[0.08696 0.10515]
solver time:  0.6258971880015451
plant_input_stage0: full=[0.08681 0.09901], physical=[0.08681 0.09901]
solver time:  0.6598850210139062
plant_input_stage0: full=[0.08668 0.0932 ], physical=[0.08668 0.0932 ]
solver time:  0.6438827049860265
plant_input_stage0: full=[0.08656 0.08768], physical=[0.08656 0.08768]
solver time:  0.6472667659982108
plant_input_stage0: full=[0.08646 0.08247], physical=[0.08646 0.08247]
solver time:  0.6383351600088645
plant_input_stage0: full=[0.08636 0.07754], physical=[0.08636 0.07754]
solver time:  0.6443022559978999
plant_input_stage0: full=[0.08628 0.0729 ], physical=[0.08628 0.0729 ]
solver time:  0.6455127349763643
plant_input_stage0: full=[0.08621 0.06782], physical=[0.08621 0.06782]
solver time:  0.650392453011591
plant_input_stage0: full=[0.08611 0.0568 ], physical=[0.08611 0.0568 ]
solver time:  0.6405319129989948
plant_input_stage0: full=[0.08596 0.04353], physical=[0.08596 0.04353]
solver time:  0.6424578430014662
plant_input_stage0: full=[0.08576 0.03009], physical=[0.08576 0.03009]
solver time:  0.6625445059908088
plant_input_stage0: full=[0.08553 0.01807], physical=[0.08553 0.01807]
solver time:  0.681109485012712
plant_input_stage0: full=[0.08531 0.00553], physical=[0.08531 0.00553]
solver time:  0.6590393210062757
plant_input_stage0: full=[ 0.08505 -0.01131], physical=[ 0.08505 -0.01131]
solver time:  0.6777138070028741
plant_input_stage0: full=[ 0.08485 -0.0246 ], physical=[ 0.08485 -0.0246 ]
solver time:  0.6904759689932689
plant_input_stage0: full=[ 0.08471 -0.03993], physical=[ 0.08471 -0.03993]
solver time:  0.7392351150047034
plant_input_stage0: full=[ 0.0845  -0.08412], physical=[ 0.0845  -0.08412]
solver time:  0.6920173320104368
plant_input_stage0: full=[ 0.08436 -0.16052], physical=[ 0.08436 -0.16052]
solver time:  0.6427815170027316
plant_input_stage0: full=[ 0.08427 -0.20497], physical=[ 0.08427 -0.20497]
solver time:  0.6628345810167957
plant_input_stage0: full=[ 0.08444 -0.22821], physical=[ 0.08444 -0.22821]
solver time:  0.6773279999906663
plant_input_stage0: full=[ 0.08457 -0.23552], physical=[ 0.08457 -0.23552]
solver time:  0.7251760640065186
plant_input_stage0: full=[ 0.08495 -0.23392], physical=[ 0.08495 -0.23392]
solver time:  0.7442621490044985
plant_input_stage0: full=[ 0.08517 -0.13556], physical=[ 0.08517 -0.13556]
solver time:  0.8369151520018931
plant_input_stage0: full=[0.08521 0.08174], physical=[0.08521 0.08174]
solver time:  0.8092411800171249
plant_input_stage0: full=[0.08525 0.0748 ], physical=[0.08525 0.0748 ]
solver time:  0.8203616490063723
plant_input_stage0: full=[0.08548 0.06991], physical=[0.08548 0.06991]
solver time:  0.8189081500167958
plant_input_stage0: full=[0.08533 0.06707], physical=[0.08533 0.06707]
solver time:  0.8227693469962105
plant_input_stage0: full=[0.0852  0.06659], physical=[0.0852  0.06659]
solver time:  0.79363022299367
plant_input_stage0: full=[0.08538 0.07396], physical=[0.08538 0.07396]
solver time:  0.7780922089878004
plant_input_stage0: full=[ 0.08551 -0.1028 ], physical=[ 0.08551 -0.1028 ]
solver time:  0.8005428530159406
plant_input_stage0: full=[0.0851  0.25242], physical=[0.0851  0.25242]
solver time:  0.873192397004459
plant_input_stage0: full=[0.08258 1.     ], physical=[0.08258 1.     ]
solver time:  1.0963981419918127
plant_input_stage0: full=[0.0839 1.    ], physical=[0.0839 1.    ]
solver time:  1.1447924959938973
plant_input_stage0: full=[0.08496 0.57611], physical=[0.08496 0.57611]
solver time:  1.033787543012295
plant_input_stage0: full=[0.08507 0.0087 ], physical=[0.08507 0.0087 ]
solver time:  1.1198622500232887
plant_input_stage0: full=[0.08476 0.00424], physical=[0.08476 0.00424]
solver time:  1.1848049020045437
plant_input_stage0: full=[0.08442 0.00091], physical=[0.08442 0.00091]
solver time:  1.155507174989907
plant_input_stage0: full=[ 0.08406 -0.00153], physical=[ 0.08406 -0.00153]
solver time:  1.0607837970019318
plant_input_stage0: full=[ 0.08365 -0.00328], physical=[ 0.08365 -0.00328]
solver time:  1.244110728992382
plant_input_stage0: full=[ 0.08323 -0.00501], physical=[ 0.08323 -0.00501]
solver time:  1.2284316180157475
plant_input_stage0: full=[ 0.08276 -0.00553], physical=[ 0.08276 -0.00553]
solver time:  1.0480645339994226
plant_input_stage0: full=[ 0.08227 -0.00572], physical=[ 0.08227 -0.00572]
solver time:  1.290057137986878
plant_input_stage0: full=[ 0.08175 -0.00567], physical=[ 0.08175 -0.00567]
solver time:  1.447183654003311
plant_input_stage0: full=[ 0.08119 -0.00554], physical=[ 0.08119 -0.00554]
solver time:  1.3595680389844347
plant_input_stage0: full=[ 0.08061 -0.00522], physical=[ 0.08061 -0.00522]
solver time:  1.281148526002653
plant_input_stage0: full=[ 0.08145 -0.00494], physical=[ 0.08145 -0.00494]
solver time:  1.158921188005479
plant_input_stage0: full=[ 0.08282 -0.00291], physical=[ 0.08282 -0.00291]
solver time:  1.2779114640143234
plant_input_stage0: full=[ 0.08344 -0.00013], physical=[ 0.08344 -0.00013]
solver time:  1.1371698430157267
plant_input_stage0: full=[0.08376 0.00006], physical=[0.08376 0.00006]
solver time:  1.1426747929945122
plant_input_stage0: full=[ 0.08392 -0.06506], physical=[ 0.08392 -0.06506]
solver time:  1.023966331005795
plant_input_stage0: full=[ 0.11316 -0.00435], physical=[ 0.11316 -0.00435]
solver time:  1.046695401018951
plant_input_stage0: full=[ 0.1072  -0.00433], physical=[ 0.1072  -0.00433]
solver time:  1.2191387880011462
plant_input_stage0: full=[ 0.10095 -0.00456], physical=[ 0.10095 -0.00456]
solver time:  1.1772568250016775
plant_input_stage0: full=[0.09496 0.54811], physical=[0.09496 0.54811]
solver time:  1.0916432089870796
plant_input_stage0: full=[0.09299 1.     ], physical=[0.09299 1.     ]
solver time:  0.9636874129937496
plant_input_stage0: full=[0.07603 1.     ], physical=[0.07603 1.     ]
solver time:  1.026277252996806
plant_input_stage0: full=[0.07921 1.     ], physical=[0.07921 1.     ]
solver time:  0.8647049150022212
plant_input_stage0: full=[0.0819 1.    ], physical=[0.0819 1.    ]
solver time:  0.9516598659974989
plant_input_stage0: full=[0.08398 1.     ], physical=[0.08398 1.     ]
solver time:  0.737008160998812
plant_input_stage0: full=[0.08532 0.38552], physical=[0.08532 0.38552]
solver time:  0.7243921810004395
plant_input_stage0: full=[0.08561 0.05704], physical=[0.08561 0.05704]
solver time:  0.7680898630060256
plant_input_stage0: full=[0.08564 0.03561], physical=[0.08564 0.03561]
solver time:  0.7884802980115637
plant_input_stage0: full=[0.08566 0.01936], physical=[0.08566 0.01936]
solver time:  0.7003714839811437
plant_input_stage0: full=[0.08558 0.00745], physical=[0.08558 0.00745]
solver time:  0.7306214210111648
plant_input_stage0: full=[ 0.08537 -0.00128], physical=[ 0.08537 -0.00128]
solver time:  0.819588048994774
plant_input_stage0: full=[ 0.08509 -0.00651], physical=[ 0.08509 -0.00651]
solver time:  0.6988728479773272
plant_input_stage0: full=[ 0.08474 -0.01064], physical=[ 0.08474 -0.01064]
solver time:  0.6422885140054859
plant_input_stage0: full=[ 0.0843  -0.01322], physical=[ 0.0843  -0.01322]
solver time:  0.6764572409738321
plant_input_stage0: full=[ 0.08358 -0.01542], physical=[ 0.08358 -0.01542]
Trial error: RuntimeError: Error in Opti::solve [OptiNode] at .../casadi/core/optistack.cpp:217:
.../casadi/core/optistack_internal.cpp:1338: Assertion "return_success(accept_limit)" failed:
Solver failed. You may use opti.debug.value to investigate the latest values of variables. return_status is 'Infeasible_Problem_Detected'
[Trials] Saved: status=error, successful solver steps=239

[Trials] maze / psdf trial 2/5, seed=1
Running single test...
Start perturbation: seed=1, pose=[0.08191168384129571, 0.8114323628700231, -1.5542744729857272], delta=[0.006911683841295721, 0.016432362870023167, 0.01652185380916936], clearance=0.012834 m, attempts=1
Start pose saved to /home/taekwon/projects/psdf_mpcc/benchmark_runs/maze_oblique_5_20260916_2320/runs/config01/trial_0002/data/start_pose_MPC_psdf_rectangle_maze_startseed1.json
Resetting psdf optimizer for clean state...
Trial failure criteria enabled: movement_window_sec=4.0, movement_threshold=0.03, max_consecutive_solver_failures=20
generating global path with A* + Line of Sight
시작 위치: [0.08191 0.81143]
목적지: [1.8  0.09]
도착 판정 기준: position <= 0.01m, angle <= 0.01rad
Warning: PSDF wrapper not initialized, skipping obstacle update
Setting up PSDF optimizer...
vertices.shape: (4, 2)
psdfWrapper initialized with vertices shape: (4, 2)
Added HARD obstacle avoidance constraint with d_safe = 0.0001
Reusing cached acados PSDF build artifacts (no recompile).
acados was compiled without OpenMP.
x_ws, u_ws : [ 0.08191  0.81143 -1.55427] [0. 0.]
solver time:  0.0002663329942151904
plant_input_stage0: full=[ 0.18869 -0.05401], physical=[ 0.18869 -0.05401]
solver time:  0.0002530670026317239
plant_input_stage0: full=[ 0.2384 -1.    ], physical=[ 0.2384 -1.    ]
solver time:  0.0002660730096977204
plant_input_stage0: full=[0.2334  0.54193], physical=[0.2334  0.54193]
solver time:  0.0002517180109862238
plant_input_stage0: full=[0.23363 0.31103], physical=[0.23363 0.31103]
solver time:  0.00026268098736181855
plant_input_stage0: full=[0.23903 0.12501], physical=[0.23903 0.12501]
solver time:  0.0002673929848242551
plant_input_stage0: full=[0.25586 0.10118], physical=[0.25586 0.10118]
solver time:  0.00024622600176371634
plant_input_stage0: full=[0.24689 1.     ], physical=[0.24689 1.     ]
solver time:  0.00024936202680692077
plant_input_stage0: full=[0.18687 1.     ], physical=[0.18687 1.     ]
solver time:  0.00021544101764447987
plant_input_stage0: full=[0.1177 1.    ], physical=[0.1177 1.    ]
solver time:  0.0002325469977222383
plant_input_stage0: full=[0.107 1.   ], physical=[0.107 1.   ]
solver time:  0.00022581600933335721
plant_input_stage0: full=[0.11607 1.     ], physical=[0.11607 1.     ]
solver time:  0.00023629001225344837
plant_input_stage0: full=[0.1167 1.    ], physical=[0.1167 1.    ]
solver time:  0.0002155969850718975
plant_input_stage0: full=[0.11844 1.     ], physical=[0.11844 1.     ]
solver time:  0.0002477609959896654
plant_input_stage0: full=[0.12549 1.     ], physical=[0.12549 1.     ]
solver time:  0.0002382259990554303
plant_input_stage0: full=[0.13326 1.     ], physical=[0.13326 1.     ]
solver time:  0.0002170389925595373
plant_input_stage0: full=[0.14109 1.     ], physical=[0.14109 1.     ]
solver time:  0.0002065270091407001
plant_input_stage0: full=[0.14926 1.     ], physical=[0.14926 1.     ]
solver time:  0.00022038997849449515
plant_input_stage0: full=[0.16192 1.     ], physical=[0.16192 1.     ]
solver time:  0.00024018602562136948
plant_input_stage0: full=[0.25556 1.     ], physical=[0.25556 1.     ]
solver time:  0.0002350430004298687
plant_input_stage0: full=[0.21813 1.     ], physical=[0.21813 1.     ]
solver time:  0.00022183600231073797
plant_input_stage0: full=[0.1777 1.    ], physical=[0.1777 1.    ]
solver time:  0.00021668701083399355
plant_input_stage0: full=[0.19476 1.     ], physical=[0.19476 1.     ]
solver time:  0.0002218830049969256
plant_input_stage0: full=[0.21131 0.92604], physical=[0.21131 0.92604]
solver time:  0.00020646199118345976
plant_input_stage0: full=[0.22136 1.     ], physical=[0.22136 1.     ]
solver time:  0.00023309001699090004
plant_input_stage0: full=[0.31191 0.88572], physical=[0.31191 0.88572]
solver time:  0.00024361000396311283
plant_input_stage0: full=[0.24066 0.52909], physical=[0.24066 0.52909]
solver time:  0.00023421700461767614
plant_input_stage0: full=[0.23128 0.27836], physical=[0.23128 0.27836]
solver time:  0.00023095199139788747
plant_input_stage0: full=[0.23343 0.20774], physical=[0.23343 0.20774]
solver time:  0.00025567199918441474
plant_input_stage0: full=[0.23225 0.21565], physical=[0.23225 0.21565]
solver time:  0.00020421299268491566
plant_input_stage0: full=[0.22804 0.28746], physical=[0.22804 0.28746]
solver time:  0.000214368017623201
plant_input_stage0: full=[0.22551 0.20766], physical=[0.22551 0.20766]
solver time:  0.0002503299911040813
plant_input_stage0: full=[0.2285 0.1586], physical=[0.2285 0.1586]
solver time:  0.00022782201995141804
plant_input_stage0: full=[0.22927 0.04714], physical=[0.22927 0.04714]
solver time:  0.0002205760101787746
plant_input_stage0: full=[ 0.22825 -0.22257], physical=[ 0.22825 -0.22257]
solver time:  0.00021854398073628545
plant_input_stage0: full=[0.2454  0.12923], physical=[0.2454  0.12923]
solver time:  0.00022877700394019485
plant_input_stage0: full=[ 0.22327 -1.     ], physical=[ 0.22327 -1.     ]
solver time:  0.00023775399313308299
plant_input_stage0: full=[ 0.20608 -0.99999], physical=[ 0.20608 -0.99999]
solver time:  0.00024716000189073384
plant_input_stage0: full=[ 0.21465 -0.82162], physical=[ 0.21465 -0.82162]
solver time:  0.0002797689812723547
plant_input_stage0: full=[ 0.22304 -0.87286], physical=[ 0.22304 -0.87286]
solver time:  0.0002660609898157418
plant_input_stage0: full=[ 0.3687  -0.54101], physical=[ 0.3687  -0.54101]
solver time:  0.00022777201957069337
plant_input_stage0: full=[ 0.24887 -1.     ], physical=[ 0.24887 -1.     ]
solver time:  0.00023641000734642148
plant_input_stage0: full=[ 0.22034 -0.55675], physical=[ 0.22034 -0.55675]
solver time:  0.00027798701194114983
plant_input_stage0: full=[ 0.22408 -0.96065], physical=[ 0.22408 -0.96065]
solver time:  0.00023280899040400982
plant_input_stage0: full=[ 0.19464 -1.     ], physical=[ 0.19464 -1.     ]
solver time:  0.0002792159793898463
plant_input_stage0: full=[ 0.17066 -1.     ], physical=[ 0.17066 -1.     ]
solver time:  0.00023721400066278875
plant_input_stage0: full=[ 0.20224 -1.     ], physical=[ 0.20224 -1.     ]
solver time:  0.0002459720126353204
plant_input_stage0: full=[ 0.16593 -1.     ], physical=[ 0.16593 -1.     ]
solver time:  0.0002919580147136003
plant_input_stage0: full=[ 0.15276 -1.     ], physical=[ 0.15276 -1.     ]
solver time:  0.000247473013587296
plant_input_stage0: full=[ 0.14163 -0.82627], physical=[ 0.14163 -0.82627]
solver time:  0.0002505610173102468
plant_input_stage0: full=[ 0.12536 -0.54659], physical=[ 0.12536 -0.54659]
solver time:  0.00024731099256314337
plant_input_stage0: full=[ 0.22289 -0.32161], physical=[ 0.22289 -0.32161]
solver time:  0.00025054599973373115
plant_input_stage0: full=[ 0.2128  -0.20835], physical=[ 0.2128  -0.20835]
solver time:  0.0002132660010829568
plant_input_stage0: full=[0.23311 0.84014], physical=[0.23311 0.84014]
solver time:  0.00022177101345732808
plant_input_stage0: full=[0.14698 1.     ], physical=[0.14698 1.     ]
solver time:  0.00023705000057816505
plant_input_stage0: full=[0.18604 1.     ], physical=[0.18604 1.     ]
solver time:  0.00025289799668826163
plant_input_stage0: full=[0.19887 1.     ], physical=[0.19887 1.     ]
solver time:  0.00023454698384739459
plant_input_stage0: full=[0.17244 1.     ], physical=[0.17244 1.     ]
solver time:  0.00024778000079095364
plant_input_stage0: full=[0.146 1.   ], physical=[0.146 1.   ]
solver time:  0.00023017998319119215
plant_input_stage0: full=[0.14867 1.     ], physical=[0.14867 1.     ]
solver time:  0.00023065900313667953
plant_input_stage0: full=[0.15278 1.     ], physical=[0.15278 1.     ]
solver time:  0.00023397401673719287
plant_input_stage0: full=[0.166 1.   ], physical=[0.166 1.   ]
solver time:  0.00026111400802619755
plant_input_stage0: full=[0.18582 0.99863], physical=[0.18582 0.99863]
solver time:  0.00022973501472733915
plant_input_stage0: full=[0.18512 1.     ], physical=[0.18512 1.     ]
solver time:  0.00024782298714853823
plant_input_stage0: full=[0.17489 1.     ], physical=[0.17489 1.     ]
solver time:  0.00023324100766330957
plant_input_stage0: full=[0.18823 1.     ], physical=[0.18823 1.     ]
solver time:  0.000265406008111313
plant_input_stage0: full=[0.19982 1.     ], physical=[0.19982 1.     ]
solver time:  0.0002486739831510931
plant_input_stage0: full=[0.17269 1.     ], physical=[0.17269 1.     ]
solver time:  0.00024625699734315276
plant_input_stage0: full=[0.16227 0.99112], physical=[0.16227 0.99112]
solver time:  0.00023464401601813734
plant_input_stage0: full=[0.1547  0.69415], physical=[0.1547  0.69415]
solver time:  0.0002648780064191669
plant_input_stage0: full=[0.13898 0.47068], physical=[0.13898 0.47068]
solver time:  0.00024794400087557733
plant_input_stage0: full=[0.22783 0.17013], physical=[0.22783 0.17013]
solver time:  0.0002481059927958995
plant_input_stage0: full=[0.21889 0.11387], physical=[0.21889 0.11387]
solver time:  0.00024593897978775203
plant_input_stage0: full=[ 0.22217 -0.69188], physical=[ 0.22217 -0.69188]
solver time:  0.00021610601106658578
plant_input_stage0: full=[ 0.15369 -1.     ], physical=[ 0.15369 -1.     ]
solver time:  0.0002627310168463737
plant_input_stage0: full=[ 0.2188 -1.    ], physical=[ 0.2188 -1.    ]
solver time:  0.00023371100542135537
plant_input_stage0: full=[ 0.2085 -1.    ], physical=[ 0.2085 -1.    ]
solver time:  0.0002205390192102641
plant_input_stage0: full=[ 0.17741 -1.     ], physical=[ 0.17741 -1.     ]
solver time:  0.0002182939788326621
plant_input_stage0: full=[ 0.15751 -1.     ], physical=[ 0.15751 -1.     ]
solver time:  0.00023215700639411807
plant_input_stage0: full=[ 0.17204 -1.     ], physical=[ 0.17204 -1.     ]
solver time:  0.0002236379950772971
plant_input_stage0: full=[ 0.19141 -1.     ], physical=[ 0.19141 -1.     ]
solver time:  0.0002033329801633954
plant_input_stage0: full=[ 0.21228 -0.72791], physical=[ 0.21228 -0.72791]
solver time:  0.00022964400704950094
plant_input_stage0: full=[ 0.2277  -0.50217], physical=[ 0.2277  -0.50217]
solver time:  0.00025381697923876345
plant_input_stage0: full=[ 0.23726 -0.08536], physical=[ 0.23726 -0.08536]
solver time:  0.00024217998725362122
plant_input_stage0: full=[0.24246 0.11618], physical=[0.24246 0.11618]
solver time:  0.00024316099006682634
plant_input_stage0: full=[0.2435  0.08733], physical=[0.2435  0.08733]
solver time:  0.00027247000252828
plant_input_stage0: full=[0.2399  0.19336], physical=[0.2399  0.19336]
solver time:  0.00025829102378338575
plant_input_stage0: full=[0.24235 0.05242], physical=[0.24235 0.05242]
solver time:  0.0002687069936655462
plant_input_stage0: full=[0.23801 0.37731], physical=[0.23801 0.37731]
solver time:  0.0002637089928612113
plant_input_stage0: full=[0.21777 1.     ], physical=[0.21777 1.     ]
solver time:  0.00025178000214509666
plant_input_stage0: full=[0.11567 1.     ], physical=[0.11567 1.     ]
solver time:  0.0002637899888213724
plant_input_stage0: full=[0.17673 1.     ], physical=[0.17673 1.     ]
solver time:  0.0002940880076494068
plant_input_stage0: full=[0.16888 1.     ], physical=[0.16888 1.     ]
solver time:  0.00024946301709860563
plant_input_stage0: full=[0.14663 1.     ], physical=[0.14663 1.     ]
solver time:  0.00024208100512623787
plant_input_stage0: full=[0.13255 1.     ], physical=[0.13255 1.     ]
solver time:  0.0002631539828144014
plant_input_stage0: full=[0.11801 0.80221], physical=[0.11801 0.80221]
solver time:  0.0002352969895582646
plant_input_stage0: full=[0.10078 0.51275], physical=[0.10078 0.51275]
solver time:  0.0002512820065021515
plant_input_stage0: full=[0.22906 0.08821], physical=[0.22906 0.08821]
solver time:  0.0002727289975155145
plant_input_stage0: full=[0.22106 0.13321], physical=[0.22106 0.13321]
solver time:  0.00023400699137710035
plant_input_stage0: full=[ 0.24913 -0.8051 ], physical=[ 0.24913 -0.8051 ]
solver time:  0.00023932699696160853
plant_input_stage0: full=[ 0.18835 -1.     ], physical=[ 0.18835 -1.     ]
solver time:  0.0002527839969843626
plant_input_stage0: full=[ 0.18183 -1.     ], physical=[ 0.18183 -1.     ]
solver time:  0.0002895380021072924
plant_input_stage0: full=[ 0.17994 -1.     ], physical=[ 0.17994 -1.     ]
solver time:  0.00025127999833785
plant_input_stage0: full=[ 0.17902 -1.     ], physical=[ 0.17902 -1.     ]
solver time:  0.0002471810148563236
plant_input_stage0: full=[ 0.1745 -1.    ], physical=[ 0.1745 -1.    ]
solver time:  0.00023452300229109824
plant_input_stage0: full=[ 0.16706 -1.     ], physical=[ 0.16706 -1.     ]
solver time:  0.00024056300753727555
plant_input_stage0: full=[ 0.15835 -1.     ], physical=[ 0.15835 -1.     ]
solver time:  0.00026946800062432885
plant_input_stage0: full=[ 0.15049 -1.     ], physical=[ 0.15049 -1.     ]
solver time:  0.00023446697741746902
plant_input_stage0: full=[ 0.142 -1.   ], physical=[ 0.142 -1.   ]
solver time:  0.0002338250051252544
plant_input_stage0: full=[ 0.13151 -1.     ], physical=[ 0.13151 -1.     ]
solver time:  0.00024893198860809207
plant_input_stage0: full=[ 0.12312 -1.     ], physical=[ 0.12312 -1.     ]
solver time:  0.00023366001551039517
plant_input_stage0: full=[ 0.11289 -1.     ], physical=[ 0.11289 -1.     ]
solver time:  0.00021804997231811285
plant_input_stage0: full=[ 0.14164 -1.     ], physical=[ 0.14164 -1.     ]
solver time:  0.00022219799575395882
plant_input_stage0: full=[ 0.14455 -1.     ], physical=[ 0.14455 -1.     ]
solver time:  0.00022044300567358732
plant_input_stage0: full=[ 0.14014 -1.     ], physical=[ 0.14014 -1.     ]
solver time:  0.0002151709923055023
plant_input_stage0: full=[ 0.13814 -1.     ], physical=[ 0.13814 -1.     ]
solver time:  0.0002233860141132027
plant_input_stage0: full=[ 0.14435 -1.     ], physical=[ 0.14435 -1.     ]
solver time:  0.00020475202472880483
plant_input_stage0: full=[ 0.15282 -1.     ], physical=[ 0.15282 -1.     ]
solver time:  0.00020396901527419686
plant_input_stage0: full=[ 0.1624 -1.    ], physical=[ 0.1624 -1.    ]
solver time:  0.0002627199864946306
plant_input_stage0: full=[ 0.17299 -1.     ], physical=[ 0.17299 -1.     ]
solver time:  0.00022999898646958172
plant_input_stage0: full=[ 0.27297 -1.     ], physical=[ 0.27297 -1.     ]
solver time:  0.0002093530201818794
plant_input_stage0: full=[ 0.22974 -1.     ], physical=[ 0.22974 -1.     ]
solver time:  0.00020187097834423184
plant_input_stage0: full=[ 0.19562 -1.     ], physical=[ 0.19562 -1.     ]
solver time:  0.00023496398353017867
plant_input_stage0: full=[ 0.21583 -0.62177], physical=[ 0.21583 -0.62177]
solver time:  0.00026292502298019826
plant_input_stage0: full=[ 0.23034 -0.3842 ], physical=[ 0.23034 -0.3842 ]
solver time:  0.00023438199423253536
plant_input_stage0: full=[ 0.23634 -0.18859], physical=[ 0.23634 -0.18859]
solver time:  0.00022725900635123253
plant_input_stage0: full=[ 0.23881 -0.06463], physical=[ 0.23881 -0.06463]
solver time:  0.0002329440030734986
plant_input_stage0: full=[0.23784 0.02946], physical=[0.23784 0.02946]
solver time:  0.0002508830220904201
plant_input_stage0: full=[ 0.23304 -0.06474], physical=[ 0.23304 -0.06474]
solver time:  0.0002507150056771934
plant_input_stage0: full=[ 0.22716 -0.08423], physical=[ 0.22716 -0.08423]
solver time:  0.00026008201530203223
plant_input_stage0: full=[ 0.23192 -0.15481], physical=[ 0.23192 -0.15481]
solver time:  0.00025291400379501283
plant_input_stage0: full=[ 0.20288 -1.     ], physical=[ 0.20288 -1.     ]
solver time:  0.00024426699383184314
plant_input_stage0: full=[ 0.13741 -1.     ], physical=[ 0.13741 -1.     ]
solver time:  0.00025505200028419495
plant_input_stage0: full=[ 0.19427 -1.     ], physical=[ 0.19427 -1.     ]
solver time:  0.0002612719836179167
plant_input_stage0: full=[ 0.17246 -1.     ], physical=[ 0.17246 -1.     ]
solver time:  0.0002452329790685326
plant_input_stage0: full=[ 0.19837 -1.     ], physical=[ 0.19837 -1.     ]
solver time:  0.00025434698909521103
plant_input_stage0: full=[ 0.12282 -0.89983], physical=[ 0.12282 -0.89983]
solver time:  0.0002657129953149706
plant_input_stage0: full=[ 0.09199 -0.43921], physical=[ 0.09199 -0.43921]
solver time:  0.00025329701020382345
plant_input_stage0: full=[ 0.23158 -0.0419 ], physical=[ 0.23158 -0.0419 ]
solver time:  0.00025073697906918824
plant_input_stage0: full=[ 0.22254 -0.12803], physical=[ 0.22254 -0.12803]
solver time:  0.00023611000506207347
plant_input_stage0: full=[0.24033 0.75379], physical=[0.24033 0.75379]
solver time:  0.00022039399482309818
plant_input_stage0: full=[0.17635 1.     ], physical=[0.17635 1.     ]
solver time:  0.0002218589943367988
plant_input_stage0: full=[0.19033 1.     ], physical=[0.19033 1.     ]
solver time:  0.00020364701049402356
plant_input_stage0: full=[0.1875 1.    ], physical=[0.1875 1.    ]
solver time:  0.0002476339868735522
plant_input_stage0: full=[0.17816 1.     ], physical=[0.17816 1.     ]
solver time:  0.0002691639820113778
plant_input_stage0: full=[0.16463 1.     ], physical=[0.16463 1.     ]
solver time:  0.0002275369770359248
plant_input_stage0: full=[0.17118 1.     ], physical=[0.17118 1.     ]
solver time:  0.00024798401864245534
plant_input_stage0: full=[0.17295 1.     ], physical=[0.17295 1.     ]
solver time:  0.0002052630006801337
plant_input_stage0: full=[0.17019 1.     ], physical=[0.17019 1.     ]
solver time:  0.00021560300956480205
plant_input_stage0: full=[0.16462 1.     ], physical=[0.16462 1.     ]
solver time:  0.00021447299513965845
plant_input_stage0: full=[0.15687 1.     ], physical=[0.15687 1.     ]
solver time:  0.00020647101337090135
plant_input_stage0: full=[0.18486 1.     ], physical=[0.18486 1.     ]
solver time:  0.0002172479871660471
plant_input_stage0: full=[0.16317 1.     ], physical=[0.16317 1.     ]
solver time:  0.00020346001838333905
plant_input_stage0: full=[0.14181 1.     ], physical=[0.14181 1.     ]
solver time:  0.00020666999625973403
plant_input_stage0: full=[0.12344 1.     ], physical=[0.12344 1.     ]
solver time:  0.0002223439805675298
plant_input_stage0: full=[0.11273 1.     ], physical=[0.11273 1.     ]
solver time:  0.00018725200789049268
plant_input_stage0: full=[0.10737 1.     ], physical=[0.10737 1.     ]
solver time:  0.00018733201432041824
plant_input_stage0: full=[0.0968 1.    ], physical=[0.0968 1.    ]
solver time:  0.00020302599295973778
plant_input_stage0: full=[0.081 1.   ], physical=[0.081 1.   ]
solver time:  0.0002190109807997942
plant_input_stage0: full=[0.06817 1.     ], physical=[0.06817 1.     ]
solver time:  0.0002177769783884287
plant_input_stage0: full=[0.05835 1.     ], physical=[0.05835 1.     ]
solver time:  0.0002196549903601408
plant_input_stage0: full=[0.05146 1.     ], physical=[0.05146 1.     ]
solver time:  0.00020374098676256835
plant_input_stage0: full=[0.04766 0.88989], physical=[0.04766 0.88989]
solver time:  0.0002020050014834851
plant_input_stage0: full=[0.04605 0.55632], physical=[0.04605 0.55632]
solver time:  0.00018640901544131339
plant_input_stage0: full=[0.04311 0.34057], physical=[0.04311 0.34057]
solver time:  0.00020072702318429947
plant_input_stage0: full=[0.03751 0.1982 ], physical=[0.03751 0.1982 ]
solver time:  0.0002002260007429868
plant_input_stage0: full=[0.03119 0.10491], physical=[0.03119 0.10491]
solver time:  0.00020440301159396768
plant_input_stage0: full=[0.02509 0.04608], physical=[0.02509 0.04608]
solver time:  0.0001857859897427261
plant_input_stage0: full=[0.01964 0.01079], physical=[0.01964 0.01079]
solver time:  0.00018528697546571493
plant_input_stage0: full=[ 0.015   -0.00889], physical=[ 0.015   -0.00889]
목적지에 도착했습니다! 현재 위치: [1.81508 0.08519], 시간: 16.90초
Using psdf optimizer with differential_drive dynamics:
median:  0.0002350430004298687
std:  2.2387194178098213e-05
min:  0.00018528697546571493
max:  0.0002940880076494068
Simulation finished.
Run outcome: status=success, reason=None, final_time=16.89999999999997, distance_to_goal=0.009313354562783767
Trial history saved to /home/taekwon/projects/psdf_mpcc/benchmark_runs/maze_oblique_5_20260916_2320/runs/config01/trial_0002/data/trial_history_MPC_psdf_rectangle_maze_startseed1.csv
Pose-SDF data saved to /home/taekwon/projects/psdf_mpcc/benchmark_runs/maze_oblique_5_20260916_2320/runs/config01/trial_0002/data/pose_sdf_MPC_psdf_rectangle_maze_startseed1.csv
Total data points: 169
SDF statistics - Min: 0.0018, Max: 0.0587, Mean: 0.0124
Single test completed.
[Trials] Saved: status=success, successful solver steps=169

[Trials] maze / dcbf trial 2/5, seed=1
Running single test...
Start perturbation: seed=1, pose=[0.08191168384129571, 0.8114323628700231, -1.5542744729857272], delta=[0.006911683841295721, 0.016432362870023167, 0.01652185380916936], clearance=0.012834 m, attempts=1
Start pose saved to /home/taekwon/projects/psdf_mpcc/benchmark_runs/maze_oblique_5_20260916_2320/runs/config02/trial_0002/data/start_pose_MPC_DCBF_rectangle_maze_startseed1.json
Trial failure criteria enabled: movement_window_sec=4.0, movement_threshold=0.03, max_consecutive_solver_failures=20
generating global path with A* + Line of Sight
시작 위치: [0.08191 0.81143]
목적지: [1.8  0.09]
도착 판정 기준: position <= 0.01m, angle <= 0.01rad
solver time:  0.1830970690061804
plant_input_stage0: full=[0.08842 0.57715], physical=[0.08842 0.57715]
solver time:  0.1704723899892997
plant_input_stage0: full=[0.08535 0.18375], physical=[0.08535 0.18375]
solver time:  0.1747279750125017
plant_input_stage0: full=[0.08489 0.03889], physical=[0.08489 0.03889]
solver time:  0.1745159690035507
plant_input_stage0: full=[0.08432 0.058  ], physical=[0.08432 0.058  ]
solver time:  0.18578885699389502
plant_input_stage0: full=[0.08366 0.07645], physical=[0.08366 0.07645]
solver time:  0.21051168299163692
plant_input_stage0: full=[0.08291 0.09072], physical=[0.08291 0.09072]
solver time:  0.22006989500368945
plant_input_stage0: full=[0.08204 0.09065], physical=[0.08204 0.09065]
solver time:  0.2137500690005254
plant_input_stage0: full=[0.081   0.08681], physical=[0.081   0.08681]
solver time:  0.21570383899961598
plant_input_stage0: full=[0.07981 0.04663], physical=[0.07981 0.04663]
solver time:  0.20670953000080772
plant_input_stage0: full=[0.07851 0.00274], physical=[0.07851 0.00274]
solver time:  0.21443167599500157
plant_input_stage0: full=[ 0.07733 -0.02822], physical=[ 0.07733 -0.02822]
solver time:  0.20673742800136097
plant_input_stage0: full=[ 0.07599 -0.04872], physical=[ 0.07599 -0.04872]
solver time:  0.22364861000096425
plant_input_stage0: full=[ 0.07455 -0.06141], physical=[ 0.07455 -0.06141]
solver time:  0.20695094700204208
plant_input_stage0: full=[ 0.07306 -0.06859], physical=[ 0.07306 -0.06859]
solver time:  0.21435312999528833
plant_input_stage0: full=[ 0.07148 -0.07189], physical=[ 0.07148 -0.07189]
solver time:  0.22016891499515623
plant_input_stage0: full=[ 0.06979 -0.07138], physical=[ 0.06979 -0.07138]
solver time:  0.21895296400180086
plant_input_stage0: full=[ 0.06797 -0.06967], physical=[ 0.06797 -0.06967]
solver time:  0.21372125201742165
plant_input_stage0: full=[ 0.06609 -0.06705], physical=[ 0.06609 -0.06705]
solver time:  0.2208964780147653
plant_input_stage0: full=[0.06418 0.00549], physical=[0.06418 0.00549]
solver time:  0.2170258350088261
plant_input_stage0: full=[0.06213 0.01793], physical=[0.06213 0.01793]
solver time:  0.2261937860166654
plant_input_stage0: full=[0.06009 0.01492], physical=[0.06009 0.01492]
solver time:  0.22135851200437173
plant_input_stage0: full=[0.05832 0.01547], physical=[0.05832 0.01547]
solver time:  0.23875653799041174
plant_input_stage0: full=[ 0.06124 -0.0152 ], physical=[ 0.06124 -0.0152 ]
solver time:  0.2299259649880696
plant_input_stage0: full=[ 0.06749 -0.10859], physical=[ 0.06749 -0.10859]
solver time:  0.255275626986986
plant_input_stage0: full=[0.0725  0.04833], physical=[0.0725  0.04833]
solver time:  0.25859509597648866
plant_input_stage0: full=[ 0.09129 -0.96554], physical=[ 0.09129 -0.96554]
solver time:  0.2790856080246158
plant_input_stage0: full=[0.0911  0.62693], physical=[0.0911  0.62693]
solver time:  0.3099928669980727
plant_input_stage0: full=[0.08854 0.83575], physical=[0.08854 0.83575]
solver time:  0.2955508659943007
plant_input_stage0: full=[0.05974 1.     ], physical=[0.05974 1.     ]
solver time:  0.26487605800502934
plant_input_stage0: full=[0.0529 1.    ], physical=[0.0529 1.    ]
solver time:  0.2715406490024179
plant_input_stage0: full=[0.05135 1.     ], physical=[0.05135 1.     ]
solver time:  0.30394493500352837
plant_input_stage0: full=[0.05022 1.     ], physical=[0.05022 1.     ]
solver time:  0.306188263988588
plant_input_stage0: full=[0.05405 1.     ], physical=[0.05405 1.     ]
solver time:  0.3316099399817176
plant_input_stage0: full=[0.05915 1.     ], physical=[0.05915 1.     ]
solver time:  0.29490734697901644
plant_input_stage0: full=[0.06383 1.     ], physical=[0.06383 1.     ]
solver time:  0.22168728997348808
plant_input_stage0: full=[0.06815 1.     ], physical=[0.06815 1.     ]
solver time:  0.1981336930184625
plant_input_stage0: full=[0.0721 1.    ], physical=[0.0721 1.    ]
solver time:  0.19502915898920037
plant_input_stage0: full=[0.07568 1.     ], physical=[0.07568 1.     ]
solver time:  0.1950137979874853
plant_input_stage0: full=[0.07885 1.     ], physical=[0.07885 1.     ]
solver time:  0.19500292799784802
plant_input_stage0: full=[0.08153 1.     ], physical=[0.08153 1.     ]
solver time:  0.2021803100069519
plant_input_stage0: full=[0.08368 1.     ], physical=[0.08368 1.     ]
solver time:  0.2120828890183475
plant_input_stage0: full=[0.11086 1.     ], physical=[0.11086 1.     ]
solver time:  0.20862442400539294
plant_input_stage0: full=[0.10575 0.71725], physical=[0.10575 0.71725]
solver time:  0.2050132250005845
plant_input_stage0: full=[0.09978 0.17369], physical=[0.09978 0.17369]
solver time:  0.21450905298115686
plant_input_stage0: full=[0.09377 0.10952], physical=[0.09377 0.10952]
solver time:  0.21475153401843272
plant_input_stage0: full=[0.08809 0.06367], physical=[0.08809 0.06367]
solver time:  0.2200747620081529
plant_input_stage0: full=[0.08471 0.02961], physical=[0.08471 0.02961]
solver time:  0.2170998539950233
plant_input_stage0: full=[0.08462 0.00243], physical=[0.08462 0.00243]
solver time:  0.2238359129987657
plant_input_stage0: full=[0.08454 0.05065], physical=[0.08454 0.05065]
solver time:  0.226140122016659
plant_input_stage0: full=[0.0845  0.07136], physical=[0.0845  0.07136]
solver time:  0.23305717299808748
plant_input_stage0: full=[0.08437 0.0661 ], physical=[0.08437 0.0661 ]
solver time:  0.22525998001219705
plant_input_stage0: full=[0.0843  0.06283], physical=[0.0843  0.06283]
solver time:  0.24945753201609477
plant_input_stage0: full=[0.08417 0.06103], physical=[0.08417 0.06103]
solver time:  0.25597505099722184
plant_input_stage0: full=[0.08398 0.06209], physical=[0.08398 0.06209]
solver time:  0.27669110099668615
plant_input_stage0: full=[0.10895 0.06967], physical=[0.10895 0.06967]
solver time:  0.29035482500330545
plant_input_stage0: full=[0.1023 0.1336], physical=[0.1023 0.1336]
solver time:  0.3489502900047228
plant_input_stage0: full=[0.09607 0.92179], physical=[0.09607 0.92179]
solver time:  0.43320880000828765
plant_input_stage0: full=[0.09057 0.00581], physical=[0.09057 0.00581]
solver time:  0.28444454999407753
plant_input_stage0: full=[0.08607 0.01112], physical=[0.08607 0.01112]
solver time:  0.2824231570120901
plant_input_stage0: full=[0.08603 0.05569], physical=[0.08603 0.05569]
solver time:  0.2940424659755081
plant_input_stage0: full=[0.08599 0.05229], physical=[0.08599 0.05229]
solver time:  0.3036389790067915
plant_input_stage0: full=[0.08595 0.04914], physical=[0.08595 0.04914]
solver time:  0.32248244000948034
plant_input_stage0: full=[0.08592 0.04613], physical=[0.08592 0.04613]
solver time:  0.3095643899869174
plant_input_stage0: full=[0.08589 0.04331], physical=[0.08589 0.04331]
solver time:  0.30238883799756877
plant_input_stage0: full=[0.08587 0.04066], physical=[0.08587 0.04066]
solver time:  0.2905189059965778
plant_input_stage0: full=[0.08585 0.03817], physical=[0.08585 0.03817]
solver time:  0.26261115400120616
plant_input_stage0: full=[0.08583 0.03576], physical=[0.08583 0.03576]
solver time:  0.2219116589985788
plant_input_stage0: full=[0.08581 0.03364], physical=[0.08581 0.03364]
solver time:  0.22103325801435858
plant_input_stage0: full=[0.0858  0.03157], physical=[0.0858  0.03157]
solver time:  0.23238193002180196
plant_input_stage0: full=[0.08578 0.02964], physical=[0.08578 0.02964]
solver time:  0.23950535399490036
plant_input_stage0: full=[0.08577 0.02782], physical=[0.08577 0.02782]
solver time:  0.24619568401249126
plant_input_stage0: full=[0.08576 0.02611], physical=[0.08576 0.02611]
solver time:  0.25523179399897344
plant_input_stage0: full=[0.08574 0.01382], physical=[0.08574 0.01382]
solver time:  0.26776303301448934
plant_input_stage0: full=[0.08508 0.0484 ], physical=[0.08508 0.0484 ]
solver time:  0.2679899680078961
plant_input_stage0: full=[0.08285 0.18757], physical=[0.08285 0.18757]
solver time:  0.2635862909955904
plant_input_stage0: full=[0.07814 0.27231], physical=[0.07814 0.27231]
solver time:  0.2729067630134523
plant_input_stage0: full=[0.07241 0.41576], physical=[0.07241 0.41576]
solver time:  0.2816064709913917
plant_input_stage0: full=[0.0671  0.51824], physical=[0.0671  0.51824]
solver time:  0.29984528000932187
plant_input_stage0: full=[0.06201 0.68407], physical=[0.06201 0.68407]
solver time:  0.31991062601446174
plant_input_stage0: full=[0.05692 0.86974], physical=[0.05692 0.86974]
solver time:  0.2950906050100457
plant_input_stage0: full=[ 0.08014 -0.37075], physical=[ 0.08014 -0.37075]
solver time:  0.26683807699009776
plant_input_stage0: full=[ 0.08206 -0.33034], physical=[ 0.08206 -0.33034]
solver time:  0.2660365090123378
plant_input_stage0: full=[ 0.08298 -0.44642], physical=[ 0.08298 -0.44642]
solver time:  0.2666919119947124
plant_input_stage0: full=[ 0.08372 -0.42073], physical=[ 0.08372 -0.42073]
solver time:  0.27077625499805436
plant_input_stage0: full=[ 0.08436 -0.37168], physical=[ 0.08436 -0.37168]
solver time:  0.28331542998785153
plant_input_stage0: full=[ 0.08478 -0.33438], physical=[ 0.08478 -0.33438]
solver time:  0.29649352899286896
plant_input_stage0: full=[ 0.08506 -0.30722], physical=[ 0.08506 -0.30722]
solver time:  0.2946695240098052
plant_input_stage0: full=[ 0.08522 -0.29055], physical=[ 0.08522 -0.29055]
solver time:  0.3048321630049031
plant_input_stage0: full=[ 0.08527 -0.28456], physical=[ 0.08527 -0.28456]
solver time:  0.31473894900409505
plant_input_stage0: full=[ 0.08523 -0.29381], physical=[ 0.08523 -0.29381]
solver time:  0.35275430500041693
plant_input_stage0: full=[ 0.08512 -0.32928], physical=[ 0.08512 -0.32928]
solver time:  0.3298842080112081
plant_input_stage0: full=[ 0.08495 -0.42903], physical=[ 0.08495 -0.42903]
solver time:  0.38356318400474265
plant_input_stage0: full=[ 0.08472 -0.73871], physical=[ 0.08472 -0.73871]
solver time:  0.45200355898123235
plant_input_stage0: full=[ 0.08442 -0.65649], physical=[ 0.08442 -0.65649]
solver time:  0.4174413029977586
plant_input_stage0: full=[ 0.08409 -0.11665], physical=[ 0.08409 -0.11665]
solver time:  0.4359632639971096
plant_input_stage0: full=[ 0.08352 -0.10816], physical=[ 0.08352 -0.10816]
solver time:  0.3693031409929972
plant_input_stage0: full=[ 0.10625 -0.04706], physical=[ 0.10625 -0.04706]
solver time:  0.4413710499939043
plant_input_stage0: full=[ 0.09981 -0.03045], physical=[ 0.09981 -0.03045]
solver time:  0.4796462619851809
plant_input_stage0: full=[ 0.09376 -0.01939], physical=[ 0.09376 -0.01939]
solver time:  0.4492396769928746
plant_input_stage0: full=[ 0.08807 -0.01245], physical=[ 0.08807 -0.01245]
solver time:  0.46914739001658745
plant_input_stage0: full=[ 0.08272 -0.00694], physical=[ 0.08272 -0.00694]
solver time:  0.5458253090037033
plant_input_stage0: full=[ 0.08048 -0.00261], physical=[ 0.08048 -0.00261]
solver time:  0.3934858959983103
plant_input_stage0: full=[0.07987 0.02223], physical=[0.07987 0.02223]
solver time:  0.4593218039954081
plant_input_stage0: full=[0.08019 0.14523], physical=[0.08019 0.14523]
solver time:  0.35413852499914356
plant_input_stage0: full=[ 0.08151 -0.05469], physical=[ 0.08151 -0.05469]
solver time:  0.4016007600002922
plant_input_stage0: full=[ 0.08186 -0.03674], physical=[ 0.08186 -0.03674]
solver time:  0.4382325999904424
plant_input_stage0: full=[ 0.08193 -0.03389], physical=[ 0.08193 -0.03389]
solver time:  0.5941655139904469
plant_input_stage0: full=[0.08158 0.04175], physical=[0.08158 0.04175]
solver time:  0.6331453330058139
plant_input_stage0: full=[0.08125 0.07079], physical=[0.08125 0.07079]
solver time:  0.4875788090284914
plant_input_stage0: full=[ 0.10173 -0.01843], physical=[ 0.10173 -0.01843]
solver time:  0.45940045700990595
plant_input_stage0: full=[ 0.09138 -0.61931], physical=[ 0.09138 -0.61931]
solver time:  0.5866034720093012
plant_input_stage0: full=[ 0.08033 -1.     ], physical=[ 0.08033 -1.     ]
solver time:  0.4498025630018674
plant_input_stage0: full=[ 0.07888 -1.     ], physical=[ 0.07888 -1.     ]
solver time:  0.4420230310061015
plant_input_stage0: full=[ 0.07725 -1.     ], physical=[ 0.07725 -1.     ]
solver time:  0.4711936919775326
plant_input_stage0: full=[ 0.077 -1.   ], physical=[ 0.077 -1.   ]
solver time:  0.4295208999828901
plant_input_stage0: full=[ 0.07658 -1.     ], physical=[ 0.07658 -1.     ]
solver time:  0.5404477219854016
plant_input_stage0: full=[ 0.07567 -0.89068], physical=[ 0.07567 -0.89068]
solver time:  0.4899550200207159
plant_input_stage0: full=[ 0.07654 -0.98098], physical=[ 0.07654 -0.98098]
solver time:  0.3680017409787979
plant_input_stage0: full=[ 0.07901 -0.83009], physical=[ 0.07901 -0.83009]
solver time:  0.39657724800053984
plant_input_stage0: full=[0.08062 0.08791], physical=[0.08062 0.08791]
solver time:  0.4814982280076947
plant_input_stage0: full=[0.0799  0.34939], physical=[0.0799  0.34939]
solver time:  0.41693962100544013
plant_input_stage0: full=[0.0809  0.28242], physical=[0.0809  0.28242]
solver time:  0.3995275799825322
plant_input_stage0: full=[0.08276 0.18662], physical=[0.08276 0.18662]
solver time:  0.3747047919896431
plant_input_stage0: full=[0.08391 0.12766], physical=[0.08391 0.12766]
solver time:  0.3902041709807236
plant_input_stage0: full=[0.08416 0.08971], physical=[0.08416 0.08971]
solver time:  0.4393847920000553
plant_input_stage0: full=[0.084   0.36092], physical=[0.084   0.36092]
solver time:  0.405776853003772
plant_input_stage0: full=[0.08419 0.36227], physical=[0.08419 0.36227]
solver time:  0.3714346480264794
plant_input_stage0: full=[0.08453 0.38911], physical=[0.08453 0.38911]
solver time:  0.3630777620128356
plant_input_stage0: full=[0.08469 0.27406], physical=[0.08469 0.27406]
solver time:  0.42891621400485747
plant_input_stage0: full=[0.08265 0.80547], physical=[0.08265 0.80547]
solver time:  0.3504358080099337
plant_input_stage0: full=[0.07782 1.     ], physical=[0.07782 1.     ]
solver time:  0.34500606200890616
plant_input_stage0: full=[0.10037 1.     ], physical=[0.10037 1.     ]
solver time:  0.37745190400164574
plant_input_stage0: full=[0.09821 1.     ], physical=[0.09821 1.     ]
solver time:  0.38276986000710167
plant_input_stage0: full=[0.09503 1.     ], physical=[0.09503 1.     ]
solver time:  0.4121371530054603
plant_input_stage0: full=[0.091 1.   ], physical=[0.091 1.   ]
solver time:  0.3661584399815183
plant_input_stage0: full=[0.08622 0.14437], physical=[0.08622 0.14437]
solver time:  0.35141127899987623
plant_input_stage0: full=[0.083   0.09998], physical=[0.083   0.09998]
solver time:  0.34626332999323495
plant_input_stage0: full=[0.08259 0.06566], physical=[0.08259 0.06566]
solver time:  0.3645916910027154
plant_input_stage0: full=[0.08218 0.03967], physical=[0.08218 0.03967]
solver time:  0.3435608840081841
plant_input_stage0: full=[0.08171 0.02021], physical=[0.08171 0.02021]
solver time:  0.3497731700190343
plant_input_stage0: full=[0.08122 0.00577], physical=[0.08122 0.00577]
solver time:  0.318888900015736
plant_input_stage0: full=[ 0.0807  -0.00373], physical=[ 0.0807  -0.00373]
solver time:  0.35988497801008634
plant_input_stage0: full=[0.08018 0.00264], physical=[0.08018 0.00264]
solver time:  0.3781426389759872
plant_input_stage0: full=[ 0.08053 -0.08932], physical=[ 0.08053 -0.08932]
solver time:  0.3887417530058883
plant_input_stage0: full=[0.08175 0.05218], physical=[0.08175 0.05218]
solver time:  0.4038679149816744
plant_input_stage0: full=[0.08206 0.04974], physical=[0.08206 0.04974]
solver time:  0.4139514399867039
plant_input_stage0: full=[0.08183 0.02417], physical=[0.08183 0.02417]
solver time:  0.43099413698655553
plant_input_stage0: full=[ 0.08135 -0.05651], physical=[ 0.08135 -0.05651]
solver time:  0.46125709102489054
plant_input_stage0: full=[ 0.1058 -0.4942], physical=[ 0.1058 -0.4942]
solver time:  0.47842928100726567
plant_input_stage0: full=[0.09943 0.86582], physical=[0.09943 0.86582]
solver time:  0.5102644379949197
plant_input_stage0: full=[0.09299 0.4802 ], physical=[0.09299 0.4802 ]
solver time:  0.4980473530013114
plant_input_stage0: full=[0.08066 1.     ], physical=[0.08066 1.     ]
solver time:  0.4915812810068019
plant_input_stage0: full=[0.07862 1.     ], physical=[0.07862 1.     ]
solver time:  0.4761951650143601
plant_input_stage0: full=[0.07804 1.     ], physical=[0.07804 1.     ]
solver time:  0.49296860399772413
plant_input_stage0: full=[0.07759 1.     ], physical=[0.07759 1.     ]
solver time:  0.4715477690042462
plant_input_stage0: full=[0.07728 1.     ], physical=[0.07728 1.     ]
solver time:  0.4329865039908327
plant_input_stage0: full=[0.07631 0.89735], physical=[0.07631 0.89735]
solver time:  0.43207092900411226
plant_input_stage0: full=[0.07836 0.93236], physical=[0.07836 0.93236]
solver time:  0.428069098998094
plant_input_stage0: full=[0.08099 0.27004], physical=[0.08099 0.27004]
solver time:  0.42730106800445355
plant_input_stage0: full=[ 0.08069 -0.32142], physical=[ 0.08069 -0.32142]
solver time:  0.49173351397621445
plant_input_stage0: full=[ 0.08392 -0.32621], physical=[ 0.08392 -0.32621]
solver time:  0.4176302929990925
plant_input_stage0: full=[ 0.08322 -0.21136], physical=[ 0.08322 -0.21136]
solver time:  0.4440789190120995
plant_input_stage0: full=[ 0.08425 -0.14324], physical=[ 0.08425 -0.14324]
solver time:  0.42440297501161695
plant_input_stage0: full=[ 0.08448 -0.0997 ], physical=[ 0.08448 -0.0997 ]
solver time:  0.45654488599393517
plant_input_stage0: full=[ 0.08453 -0.35052], physical=[ 0.08453 -0.35052]
solver time:  0.4373317539866548
plant_input_stage0: full=[ 0.0847  -0.34708], physical=[ 0.0847  -0.34708]
solver time:  0.4679525779793039
plant_input_stage0: full=[ 0.08515 -0.3658 ], physical=[ 0.08515 -0.3658 ]
solver time:  0.4796586140000727
plant_input_stage0: full=[ 0.08552 -0.42386], physical=[ 0.08552 -0.42386]
solver time:  0.4237621189968195
plant_input_stage0: full=[ 0.08562 -0.5833 ], physical=[ 0.08562 -0.5833 ]
solver time:  0.4469365050026681
plant_input_stage0: full=[ 0.0829 -1.    ], physical=[ 0.0829 -1.    ]
solver time:  0.44459554797504097
plant_input_stage0: full=[ 0.11003 -1.     ], physical=[ 0.11003 -1.     ]
solver time:  0.44951662499806844
plant_input_stage0: full=[ 0.10557 -1.     ], physical=[ 0.10557 -1.     ]
solver time:  0.4712340940022841
plant_input_stage0: full=[ 0.10026 -0.62434], physical=[ 0.10026 -0.62434]
solver time:  0.4050524049962405
plant_input_stage0: full=[ 0.09433 -0.00001], physical=[ 0.09433 -0.00001]
solver time:  0.3931101089983713
plant_input_stage0: full=[ 0.08859 -0.00001], physical=[ 0.08859 -0.00001]
solver time:  0.404733261995716
plant_input_stage0: full=[ 0.08572 -0.00831], physical=[ 0.08572 -0.00831]
solver time:  0.38373410000349395
plant_input_stage0: full=[ 0.08572 -0.01667], physical=[ 0.08572 -0.01667]
solver time:  0.4578143389953766
plant_input_stage0: full=[ 0.08571 -0.01564], physical=[ 0.08571 -0.01564]
solver time:  0.3846723590104375
plant_input_stage0: full=[ 0.08571 -0.01468], physical=[ 0.08571 -0.01468]
solver time:  0.3978732750110794
plant_input_stage0: full=[ 0.08571 -0.01378], physical=[ 0.08571 -0.01378]
solver time:  0.3281125230132602
plant_input_stage0: full=[ 0.0857 -0.0129], physical=[ 0.0857 -0.0129]
solver time:  0.3282892089919187
plant_input_stage0: full=[ 0.0857  -0.01213], physical=[ 0.0857  -0.01213]
solver time:  0.32950231499853544
plant_input_stage0: full=[ 0.08569 -0.00628], physical=[ 0.08569 -0.00628]
solver time:  0.33171705598942935
plant_input_stage0: full=[0.08564 0.01395], physical=[0.08564 0.01395]
solver time:  0.33548518098541535
plant_input_stage0: full=[0.08557 0.02496], physical=[0.08557 0.02496]
solver time:  0.340899539005477
plant_input_stage0: full=[0.08548 0.03443], physical=[0.08548 0.03443]
solver time:  0.32172223800444044
plant_input_stage0: full=[0.08536 0.04298], physical=[0.08536 0.04298]
solver time:  0.3342341140087228
plant_input_stage0: full=[0.08524 0.05122], physical=[0.08524 0.05122]
solver time:  0.35254344501299784
plant_input_stage0: full=[0.08509 0.05918], physical=[0.08509 0.05918]
solver time:  0.3751234259980265
plant_input_stage0: full=[0.08492 0.06692], physical=[0.08492 0.06692]
solver time:  0.360650677990634
plant_input_stage0: full=[0.08474 0.07447], physical=[0.08474 0.07447]
solver time:  0.36022894401685335
plant_input_stage0: full=[0.08453 0.08037], physical=[0.08453 0.08037]
solver time:  0.3297374679823406
plant_input_stage0: full=[0.08428 0.07392], physical=[0.08428 0.07392]
solver time:  0.3263965930091217
plant_input_stage0: full=[0.084   0.06469], physical=[0.084   0.06469]
solver time:  0.31860791699727997
plant_input_stage0: full=[0.08374 0.0564 ], physical=[0.08374 0.0564 ]
solver time:  0.31235839100554585
plant_input_stage0: full=[0.08345 0.04399], physical=[0.08345 0.04399]
solver time:  0.31621945698861964
plant_input_stage0: full=[0.08315 0.00249], physical=[0.08315 0.00249]
solver time:  0.3191728930105455
plant_input_stage0: full=[ 0.08287 -0.05171], physical=[ 0.08287 -0.05171]
solver time:  0.30321272602304816
plant_input_stage0: full=[ 0.08261 -0.08751], physical=[ 0.08261 -0.08751]
solver time:  0.296174044982763
plant_input_stage0: full=[ 0.08239 -0.10986], physical=[ 0.08239 -0.10986]
solver time:  0.3021891950047575
plant_input_stage0: full=[0.08224 0.02914], physical=[0.08224 0.02914]
solver time:  0.3276493430021219
plant_input_stage0: full=[0.08252 0.09266], physical=[0.08252 0.09266]
solver time:  0.3227813999983482
plant_input_stage0: full=[0.08284 0.08524], physical=[0.08284 0.08524]
solver time:  0.3417416559823323
plant_input_stage0: full=[0.0827  0.07956], physical=[0.0827  0.07956]
solver time:  0.35344747599447146
plant_input_stage0: full=[0.0826  0.07652], physical=[0.0826  0.07652]
solver time:  0.3495947319897823
plant_input_stage0: full=[0.10668 0.06797], physical=[0.10668 0.06797]
solver time:  0.36664494397700764
plant_input_stage0: full=[ 0.09737 -0.15529], physical=[ 0.09737 -0.15529]
solver time:  0.37801849300740287
plant_input_stage0: full=[0.09371 0.21866], physical=[0.09371 0.21866]
solver time:  0.36674880000646226
plant_input_stage0: full=[0.08881 0.86322], physical=[0.08881 0.86322]
solver time:  0.4041476869897451
plant_input_stage0: full=[0.07967 1.     ], physical=[0.07967 1.     ]
solver time:  0.5247039399982896
plant_input_stage0: full=[0.07906 1.     ], physical=[0.07906 1.     ]
solver time:  0.3624649140110705
plant_input_stage0: full=[0.07837 0.8083 ], physical=[0.07837 0.8083 ]
solver time:  0.34462076201452874
plant_input_stage0: full=[ 0.07412 -0.04813], physical=[ 0.07412 -0.04813]
solver time:  0.37116233198321424
plant_input_stage0: full=[0.07154 1.     ], physical=[0.07154 1.     ]
solver time:  0.39676900499034673
plant_input_stage0: full=[0.07529 1.     ], physical=[0.07529 1.     ]
solver time:  0.39394458002061583
plant_input_stage0: full=[0.07978 0.14666], physical=[0.07978 0.14666]
solver time:  0.37574510599370115
plant_input_stage0: full=[ 0.08161 -0.33183], physical=[ 0.08161 -0.33183]
solver time:  0.4132393879990559
plant_input_stage0: full=[ 0.0809  -0.23634], physical=[ 0.0809  -0.23634]
solver time:  0.3714726110047195
plant_input_stage0: full=[ 0.08252 -0.15633], physical=[ 0.08252 -0.15633]
solver time:  0.367743424983928
plant_input_stage0: full=[ 0.08378 -0.10718], physical=[ 0.08378 -0.10718]
solver time:  0.42100091101019643
plant_input_stage0: full=[ 0.08378 -0.07515], physical=[ 0.08378 -0.07515]
solver time:  0.36214961801306345
plant_input_stage0: full=[ 0.08398 -0.40566], physical=[ 0.08398 -0.40566]
solver time:  0.4078533760039136
plant_input_stage0: full=[ 0.08388 -0.40009], physical=[ 0.08388 -0.40009]
solver time:  0.3961661270004697
plant_input_stage0: full=[ 0.08375 -0.41758], physical=[ 0.08375 -0.41758]
solver time:  0.3652867829950992
plant_input_stage0: full=[ 0.08358 -0.21673], physical=[ 0.08358 -0.21673]
solver time:  0.3617725209915079
plant_input_stage0: full=[ 0.08065 -0.77387], physical=[ 0.08065 -0.77387]
solver time:  0.3560136190208141
plant_input_stage0: full=[ 0.07624 -1.     ], physical=[ 0.07624 -1.     ]
solver time:  0.33541909299674444
plant_input_stage0: full=[ 0.0944 -1.    ], physical=[ 0.0944 -1.    ]
solver time:  0.32388874498428777
plant_input_stage0: full=[ 0.09274 -1.     ], physical=[ 0.09274 -1.     ]
solver time:  0.34896095099975355
plant_input_stage0: full=[ 0.09006 -1.     ], physical=[ 0.09006 -1.     ]
solver time:  0.31740044002071954
plant_input_stage0: full=[ 0.0865 -1.    ], physical=[ 0.0865 -1.    ]
solver time:  0.3504083619918674
plant_input_stage0: full=[ 0.08227 -0.13007], physical=[ 0.08227 -0.13007]
solver time:  0.33700018501258455
plant_input_stage0: full=[ 0.07734 -0.0853 ], physical=[ 0.07734 -0.0853 ]
solver time:  0.32021363099920563
plant_input_stage0: full=[ 0.07567 -0.05758], physical=[ 0.07567 -0.05758]
solver time:  0.3168749620090239
plant_input_stage0: full=[ 0.07421 -0.03641], physical=[ 0.07421 -0.03641]
solver time:  0.33224881399655715
plant_input_stage0: full=[ 0.07268 -0.0207 ], physical=[ 0.07268 -0.0207 ]
solver time:  0.3053517669904977
plant_input_stage0: full=[ 0.07107 -0.00909], physical=[ 0.07107 -0.00909]
solver time:  0.32101391698233783
plant_input_stage0: full=[ 0.06927 -0.00064], physical=[ 0.06927 -0.00064]
solver time:  0.3487453019770328
plant_input_stage0: full=[0.06739 0.00442], physical=[0.06739 0.00442]
solver time:  0.31056839201482944
plant_input_stage0: full=[0.06547 0.00843], physical=[0.06547 0.00843]
solver time:  0.3419843140000012
plant_input_stage0: full=[ 0.0634  -0.01257], physical=[ 0.0634  -0.01257]
solver time:  0.33316237200051546
plant_input_stage0: full=[ 0.0613 -0.0146], physical=[ 0.0613 -0.0146]
solver time:  0.3330482250021305
plant_input_stage0: full=[ 0.05918 -0.01237], physical=[ 0.05918 -0.01237]
solver time:  0.3637082269997336
plant_input_stage0: full=[ 0.05698 -0.01029], physical=[ 0.05698 -0.01029]
solver time:  0.3611171430093236
plant_input_stage0: full=[ 0.05728 -0.00823], physical=[ 0.05728 -0.00823]
solver time:  0.3306931999977678
plant_input_stage0: full=[0.06341 0.20126], physical=[0.06341 0.20126]
solver time:  0.3584588829835411
plant_input_stage0: full=[ 0.07078 -0.06408], physical=[ 0.07078 -0.06408]
solver time:  0.3491935729980469
plant_input_stage0: full=[0.07282 0.17724], physical=[0.07282 0.17724]
solver time:  0.3797196130035445
plant_input_stage0: full=[0.09279 0.11035], physical=[0.09279 0.11035]
solver time:  0.3334807650244329
plant_input_stage0: full=[ 0.09275 -0.7051 ], physical=[ 0.09275 -0.7051 ]
solver time:  0.3495053790102247
plant_input_stage0: full=[ 0.08956 -1.     ], physical=[ 0.08956 -1.     ]
solver time:  0.3346222899854183
plant_input_stage0: full=[ 0.05046 -1.     ], physical=[ 0.05046 -1.     ]
solver time:  0.49738362699281424
plant_input_stage0: full=[ 0.04888 -1.     ], physical=[ 0.04888 -1.     ]
solver time:  0.38409286900423467
plant_input_stage0: full=[ 0.04824 -1.     ], physical=[ 0.04824 -1.     ]
solver time:  0.4623975320137106
plant_input_stage0: full=[ 0.0501 -1.    ], physical=[ 0.0501 -1.    ]
solver time:  0.39486794301774353
plant_input_stage0: full=[ 0.05564 -1.     ], physical=[ 0.05564 -1.     ]
solver time:  0.3008747500134632
plant_input_stage0: full=[ 0.06075 -1.     ], physical=[ 0.06075 -1.     ]
solver time:  0.2933317669958342
plant_input_stage0: full=[ 0.06549 -1.     ], physical=[ 0.06549 -1.     ]
solver time:  0.28104228698066436
plant_input_stage0: full=[ 0.06987 -1.     ], physical=[ 0.06987 -1.     ]
solver time:  0.27473391199600883
plant_input_stage0: full=[ 0.07389 -1.     ], physical=[ 0.07389 -1.     ]
solver time:  0.254644089989597
plant_input_stage0: full=[ 0.0775 -1.    ], physical=[ 0.0775 -1.    ]
solver time:  0.24419369400129654
plant_input_stage0: full=[ 0.08066 -1.     ], physical=[ 0.08066 -1.     ]
solver time:  0.25865317598800175
plant_input_stage0: full=[ 0.08329 -1.     ], physical=[ 0.08329 -1.     ]
solver time:  0.2894831419980619
plant_input_stage0: full=[ 0.11387 -1.     ], physical=[ 0.11387 -1.     ]
solver time:  0.2843335509824101
plant_input_stage0: full=[ 0.10847 -0.99985], physical=[ 0.10847 -0.99985]
solver time:  0.3625263720168732
plant_input_stage0: full=[0.09864 0.25039], physical=[0.09864 0.25039]
solver time:  0.3228295549924951
plant_input_stage0: full=[ 0.09333 -0.4089 ], physical=[ 0.09333 -0.4089 ]
solver time:  0.2850349410146009
plant_input_stage0: full=[0.08095 0.68166], physical=[0.08095 0.68166]
solver time:  0.31017853497178294
plant_input_stage0: full=[ 0.08623 -0.03357], physical=[ 0.08623 -0.03357]
solver time:  0.32857022900134325
plant_input_stage0: full=[ 0.08543 -0.27787], physical=[ 0.08543 -0.27787]
solver time:  0.33225588902132586
plant_input_stage0: full=[ 0.08561 -0.43327], physical=[ 0.08561 -0.43327]
solver time:  0.3100546400237363
plant_input_stage0: full=[ 0.08569 -0.04059], physical=[ 0.08569 -0.04059]
solver time:  0.34551638597622514
plant_input_stage0: full=[ 0.08562 -0.01649], physical=[ 0.08562 -0.01649]
solver time:  0.3279383569897618
plant_input_stage0: full=[ 0.08551 -0.03003], physical=[ 0.08551 -0.03003]
solver time:  0.3876970319834072
plant_input_stage0: full=[ 0.08538 -0.0409 ], physical=[ 0.08538 -0.0409 ]
solver time:  0.31490253200172447
plant_input_stage0: full=[ 0.08521 -0.05132], physical=[ 0.08521 -0.05132]
solver time:  0.2824675709998701
plant_input_stage0: full=[ 0.08502 -0.06136], physical=[ 0.08502 -0.06136]
solver time:  0.26805834597325884
plant_input_stage0: full=[ 0.0848  -0.07106], physical=[ 0.0848  -0.07106]
solver time:  0.2775640900072176
plant_input_stage0: full=[ 0.08455 -0.07997], physical=[ 0.08455 -0.07997]
solver time:  0.3145342770149
plant_input_stage0: full=[ 0.08426 -0.08129], physical=[ 0.08426 -0.08129]
solver time:  0.32566275499993935
plant_input_stage0: full=[ 0.08393 -0.07937], physical=[ 0.08393 -0.07937]
solver time:  0.3149854519870132
plant_input_stage0: full=[ 0.08358 -0.07104], physical=[ 0.08358 -0.07104]
solver time:  0.3045256990008056
plant_input_stage0: full=[ 0.0832  -0.03885], physical=[ 0.0832  -0.03885]
solver time:  0.3400660329789389
plant_input_stage0: full=[ 0.0828  -0.00848], physical=[ 0.0828  -0.00848]
solver time:  0.34015108199673705
plant_input_stage0: full=[0.08238 0.01295], physical=[0.08238 0.01295]
solver time:  0.3673716220073402
plant_input_stage0: full=[0.08196 0.02789], physical=[0.08196 0.02789]
solver time:  0.3853617580025457
plant_input_stage0: full=[0.0815  0.03778], physical=[0.0815  0.03778]
solver time:  0.3800121349922847
plant_input_stage0: full=[0.08102 0.04374], physical=[0.08102 0.04374]
solver time:  0.33549273799872026
plant_input_stage0: full=[0.08054 0.02774], physical=[0.08054 0.02774]
solver time:  0.28655523201450706
plant_input_stage0: full=[0.08072 0.07912], physical=[0.08072 0.07912]
solver time:  0.29995096402126364
plant_input_stage0: full=[ 0.08183 -0.04941], physical=[ 0.08183 -0.04941]
solver time:  0.3135595470084809
plant_input_stage0: full=[ 0.08212 -0.04955], physical=[ 0.08212 -0.04955]
solver time:  0.30709620600100607
plant_input_stage0: full=[ 0.08184 -0.03264], physical=[ 0.08184 -0.03264]
solver time:  0.2970334000128787
plant_input_stage0: full=[0.08146 0.01997], physical=[0.08146 0.01997]
solver time:  0.3362138140073512
plant_input_stage0: full=[0.10633 0.47828], physical=[0.10633 0.47828]
solver time:  0.33730411701253615
plant_input_stage0: full=[ 0.09593 -0.24682], physical=[ 0.09593 -0.24682]
solver time:  0.37120627900003456
plant_input_stage0: full=[ 0.09607 -0.91776], physical=[ 0.09607 -0.91776]
solver time:  0.47950776299694553
plant_input_stage0: full=[ 0.08067 -1.     ], physical=[ 0.08067 -1.     ]
solver time:  0.4244527989940252
plant_input_stage0: full=[ 0.07846 -1.     ], physical=[ 0.07846 -1.     ]
solver time:  0.3676897200057283
plant_input_stage0: full=[ 0.07786 -1.     ], physical=[ 0.07786 -1.     ]
solver time:  0.3841834790073335
plant_input_stage0: full=[ 0.07738 -1.     ], physical=[ 0.07738 -1.     ]
solver time:  0.37954728299519047
plant_input_stage0: full=[ 0.07659 -0.97067], physical=[ 0.07659 -0.97067]
solver time:  0.41080828101257794
plant_input_stage0: full=[ 0.07518 -0.75987], physical=[ 0.07518 -0.75987]
solver time:  0.3015439150040038
plant_input_stage0: full=[ 0.07732 -0.91073], physical=[ 0.07732 -0.91073]
solver time:  0.3202757169783581
plant_input_stage0: full=[ 0.07989 -0.25034], physical=[ 0.07989 -0.25034]
solver time:  0.30664940900169313
plant_input_stage0: full=[0.07964 0.31891], physical=[0.07964 0.31891]
solver time:  0.32368537900038064
plant_input_stage0: full=[0.08047 0.32248], physical=[0.08047 0.32248]
solver time:  0.3199153190071229
plant_input_stage0: full=[0.08302 0.21385], physical=[0.08302 0.21385]
solver time:  0.31300391000695527
plant_input_stage0: full=[0.08381 0.14476], physical=[0.08381 0.14476]
solver time:  0.32307926600333303
plant_input_stage0: full=[0.08402 0.1006 ], physical=[0.08402 0.1006 ]
solver time:  0.314021681988379
plant_input_stage0: full=[0.0842  0.33605], physical=[0.0842  0.33605]
solver time:  0.31576484101242386
plant_input_stage0: full=[0.0845  0.33253], physical=[0.0845  0.33253]
solver time:  0.32124414102872834
plant_input_stage0: full=[0.08409 0.34817], physical=[0.08409 0.34817]
solver time:  0.3464120160206221
plant_input_stage0: full=[0.0835  0.03099], physical=[0.0835  0.03099]
solver time:  0.3076879150175955
plant_input_stage0: full=[0.08094 0.74661], physical=[0.08094 0.74661]
solver time:  0.31526213700999506
plant_input_stage0: full=[0.07543 1.     ], physical=[0.07543 1.     ]
solver time:  0.30806603000382893
plant_input_stage0: full=[0.09504 1.     ], physical=[0.09504 1.     ]
solver time:  0.30255179200321436
plant_input_stage0: full=[0.09384 1.     ], physical=[0.09384 1.     ]
solver time:  0.2868191660090815
plant_input_stage0: full=[0.09162 1.     ], physical=[0.09162 1.     ]
solver time:  0.2890756739943754
plant_input_stage0: full=[0.08835 1.     ], physical=[0.08835 1.     ]
solver time:  0.3045643340155948
plant_input_stage0: full=[0.08434 0.63182], physical=[0.08434 0.63182]
solver time:  0.2731590889743529
plant_input_stage0: full=[0.0796 0.0762], physical=[0.0796 0.0762]
solver time:  0.2944342789996881
plant_input_stage0: full=[0.07753 0.04884], physical=[0.07753 0.04884]
solver time:  0.2761401850148104
plant_input_stage0: full=[0.07611 0.02853], physical=[0.07611 0.02853]
solver time:  0.27054251401568763
plant_input_stage0: full=[0.07457 0.01329], physical=[0.07457 0.01329]
solver time:  0.28854502699687146
plant_input_stage0: full=[0.07291 0.00242], physical=[0.07291 0.00242]
solver time:  0.27988873698632233
plant_input_stage0: full=[ 0.07113 -0.0053 ], physical=[ 0.07113 -0.0053 ]
solver time:  0.27855954799451865
plant_input_stage0: full=[ 0.06926 -0.01068], physical=[ 0.06926 -0.01068]
solver time:  0.3052229739842005
plant_input_stage0: full=[ 0.0673  -0.01324], physical=[ 0.0673  -0.01324]
solver time:  0.29716824600473046
plant_input_stage0: full=[0.06523 0.01364], physical=[0.06523 0.01364]
solver time:  0.29191578199970536
plant_input_stage0: full=[0.0631  0.01566], physical=[0.0631  0.01566]
solver time:  0.32885039297980256
plant_input_stage0: full=[0.06093 0.01356], physical=[0.06093 0.01356]
solver time:  0.31025670300005004
plant_input_stage0: full=[0.05867 0.01094], physical=[0.05867 0.01094]
solver time:  0.3122229150030762
plant_input_stage0: full=[0.05642 0.00916], physical=[0.05642 0.00916]
solver time:  0.3201435499940999
plant_input_stage0: full=[0.05536 0.00758], physical=[0.05536 0.00758]
solver time:  0.30021229601697996
plant_input_stage0: full=[0.05487 0.00623], physical=[0.05487 0.00623]
solver time:  0.31894021699554287
plant_input_stage0: full=[0.0543  0.00513], physical=[0.0543  0.00513]
solver time:  0.3184798709989991
plant_input_stage0: full=[0.0586  0.00438], physical=[0.0586  0.00438]
solver time:  0.33220293300109915
plant_input_stage0: full=[0.05661 0.00387], physical=[0.05661 0.00387]
solver time:  0.32713814699673094
plant_input_stage0: full=[0.05472 0.00358], physical=[0.05472 0.00358]
solver time:  0.3471118369780015
plant_input_stage0: full=[ 0.05277 -0.00343], physical=[ 0.05277 -0.00343]
solver time:  0.34120090000214987
plant_input_stage0: full=[0.04789 0.01568], physical=[0.04789 0.01568]
solver time:  0.4101432850002311
plant_input_stage0: full=[0.04615 1.     ], physical=[0.04615 1.     ]
solver time:  0.3486653110012412
plant_input_stage0: full=[ 0.01717 -0.09268], physical=[ 0.01717 -0.09268]
solver time:  0.436328643001616
plant_input_stage0: full=[0.03914 1.     ], physical=[0.03914 1.     ]
solver time:  0.4597231550142169
plant_input_stage0: full=[0.03995 1.     ], physical=[0.03995 1.     ]
solver time:  0.36575283101410605
plant_input_stage0: full=[0.04048 1.     ], physical=[0.04048 1.     ]
solver time:  0.4007062269956805
plant_input_stage0: full=[0.04078 1.     ], physical=[0.04078 1.     ]
solver time:  0.3873001669999212
plant_input_stage0: full=[0.04035 1.     ], physical=[0.04035 1.     ]
solver time:  0.4220344929781277
plant_input_stage0: full=[0.03905 0.81698], physical=[0.03905 0.81698]
solver time:  0.44690399899263866
plant_input_stage0: full=[0.03716 0.7529 ], physical=[0.03716 0.7529 ]
solver time:  0.3758658580190968
plant_input_stage0: full=[0.0352  0.72874], physical=[0.0352  0.72874]
solver time:  0.3755753410223406
plant_input_stage0: full=[0.03323 0.68551], physical=[0.03323 0.68551]
solver time:  0.34490242798347026
plant_input_stage0: full=[0.03132 0.65424], physical=[0.03132 0.65424]
solver time:  0.33751965800183825
plant_input_stage0: full=[0.02949 0.6168 ], physical=[0.02949 0.6168 ]
solver time:  0.3451145380095113
plant_input_stage0: full=[0.02774 0.58361], physical=[0.02774 0.58361]
solver time:  0.33471435398678295
plant_input_stage0: full=[0.02607 0.55   ], physical=[0.02607 0.55   ]
solver time:  0.33603993299766444
plant_input_stage0: full=[0.0245  0.13844], physical=[0.0245  0.13844]
solver time:  0.3314261439954862
plant_input_stage0: full=[0.02301 0.00256], physical=[0.02301 0.00256]
solver time:  0.30380939002498053
plant_input_stage0: full=[0.02161 0.00227], physical=[0.02161 0.00227]
solver time:  0.2987895729893353
plant_input_stage0: full=[0.0203  0.00212], physical=[0.0203  0.00212]
solver time:  0.29333904801751487
plant_input_stage0: full=[0.01906 0.00198], physical=[0.01906 0.00198]
solver time:  0.29186634099460207
plant_input_stage0: full=[0.0179  0.00186], physical=[0.0179  0.00186]
solver time:  0.30911807500524446
plant_input_stage0: full=[0.01681 0.00176], physical=[0.01681 0.00176]
solver time:  0.29630752399680205
plant_input_stage0: full=[0.01579 0.00168], physical=[0.01579 0.00168]
solver time:  0.28429821401368827
plant_input_stage0: full=[0.01483 0.00161], physical=[0.01483 0.00161]
solver time:  0.28494153599604033
plant_input_stage0: full=[0.01393 0.00156], physical=[0.01393 0.00156]
solver time:  0.2867727900156751
plant_input_stage0: full=[0.01308 0.00153], physical=[0.01308 0.00153]
solver time:  0.2844549099972937
plant_input_stage0: full=[0.01228 0.00151], physical=[0.01228 0.00151]
solver time:  0.2812779619998764
plant_input_stage0: full=[0.01153 0.0015 ], physical=[0.01153 0.0015 ]
solver time:  0.28721877600764856
plant_input_stage0: full=[0.01083 0.0015 ], physical=[0.01083 0.0015 ]
solver time:  0.28763516899198294
plant_input_stage0: full=[0.01017 0.00151], physical=[0.01017 0.00151]
solver time:  0.28534350500558503
plant_input_stage0: full=[0.00955 0.00153], physical=[0.00955 0.00153]
solver time:  0.28270259901182726
plant_input_stage0: full=[0.00897 0.00156], physical=[0.00897 0.00156]
solver time:  0.28663319200859405
plant_input_stage0: full=[0.00843 0.0016 ], physical=[0.00843 0.0016 ]
solver time:  0.28423796701827087
plant_input_stage0: full=[0.00791 0.00165], physical=[0.00791 0.00165]
solver time:  0.28283699598978274
plant_input_stage0: full=[0.00743 0.0017 ], physical=[0.00743 0.0017 ]
solver time:  0.28287592000560835
plant_input_stage0: full=[0.00698 0.00176], physical=[0.00698 0.00176]
solver time:  0.28443269300623797
plant_input_stage0: full=[0.00655 0.00183], physical=[0.00655 0.00183]
solver time:  0.2776791710057296
plant_input_stage0: full=[0.00616 0.00191], physical=[0.00616 0.00191]
목적지에 도착했습니다! 현재 위치: [1.80994 0.09731], 시간: 38.00초
Using dcbf optimizer with differential_drive dynamics:
median:  0.328429718996631
std:  0.07844354762454198
min:  0.1704723899892997
max:  0.6331453330058139
Simulation finished.
Run outcome: status=success, reason=None, final_time=38.00000000000027, distance_to_goal=0.009498891579478136
Trial history saved to /home/taekwon/projects/psdf_mpcc/benchmark_runs/maze_oblique_5_20260916_2320/runs/config02/trial_0002/data/trial_history_MPC_DCBF_rectangle_maze_startseed1.csv
Single test completed.
[Trials] Saved: status=success, successful solver steps=380

[Trials] maze / obca trial 2/5, seed=1
Running single test...
Start perturbation: seed=1, pose=[0.08191168384129571, 0.8114323628700231, -1.5542744729857272], delta=[0.006911683841295721, 0.016432362870023167, 0.01652185380916936], clearance=0.012834 m, attempts=1
Start pose saved to /home/taekwon/projects/psdf_mpcc/benchmark_runs/maze_oblique_5_20260916_2320/runs/config03/trial_0002/data/start_pose_MPC_OBCA_rectangle_maze_startseed1.json
Trial failure criteria enabled: movement_window_sec=4.0, movement_threshold=0.03, max_consecutive_solver_failures=20
generating global path with A* + Line of Sight
시작 위치: [0.08191 0.81143]
목적지: [1.8  0.09]
도착 판정 기준: position <= 0.01m, angle <= 0.01rad
solver time:  0.39497614101856016
plant_input_stage0: full=[0.08842 0.57715], physical=[0.08842 0.57715]
solver time:  0.37924055199255235
plant_input_stage0: full=[0.08535 0.18375], physical=[0.08535 0.18375]
solver time:  0.40350061099161394
plant_input_stage0: full=[0.08489 0.0382 ], physical=[0.08489 0.0382 ]
solver time:  0.38828449198626913
plant_input_stage0: full=[0.08431 0.05402], physical=[0.08431 0.05402]
solver time:  0.4151101839961484
plant_input_stage0: full=[0.08363 0.06637], physical=[0.08363 0.06637]
solver time:  0.4313981249870267
plant_input_stage0: full=[0.08284 0.07524], physical=[0.08284 0.07524]
solver time:  0.46488048299215734
plant_input_stage0: full=[0.08196 0.08203], physical=[0.08196 0.08203]
solver time:  0.5012790729815606
plant_input_stage0: full=[0.08097 0.08708], physical=[0.08097 0.08708]
solver time:  0.47472784301498905
plant_input_stage0: full=[0.07988 0.06061], physical=[0.07988 0.06061]
solver time:  0.4496112189954147
plant_input_stage0: full=[0.07868 0.01317], physical=[0.07868 0.01317]
solver time:  0.4908745739958249
plant_input_stage0: full=[ 0.07748 -0.02052], physical=[ 0.07748 -0.02052]
solver time:  0.4696068940102123
plant_input_stage0: full=[ 0.07619 -0.04323], physical=[ 0.07619 -0.04323]
solver time:  0.478520133998245
plant_input_stage0: full=[ 0.07481 -0.05775], physical=[ 0.07481 -0.05775]
solver time:  0.481787632976193
plant_input_stage0: full=[ 0.07338 -0.06622], physical=[ 0.07338 -0.06622]
solver time:  0.47239835202344693
plant_input_stage0: full=[ 0.07185 -0.07044], physical=[ 0.07185 -0.07044]
solver time:  0.4650749170104973
plant_input_stage0: full=[ 0.07022 -0.07075], physical=[ 0.07022 -0.07075]
solver time:  0.4872415479912888
plant_input_stage0: full=[ 0.06846 -0.06953], physical=[ 0.06846 -0.06953]
solver time:  0.48816938398522325
plant_input_stage0: full=[ 0.06664 -0.06723], physical=[ 0.06664 -0.06723]
solver time:  0.5383903800102416
plant_input_stage0: full=[0.06478 0.00993], physical=[0.06478 0.00993]
solver time:  0.4660186950059142
plant_input_stage0: full=[0.0628  0.01904], physical=[0.0628  0.01904]
solver time:  0.5578710429836065
plant_input_stage0: full=[0.06141 0.01598], physical=[0.06141 0.01598]
solver time:  0.5732989539974369
plant_input_stage0: full=[0.06588 0.01651], physical=[0.06588 0.01651]
solver time:  0.5735950630041771
plant_input_stage0: full=[0.0704  0.01504], physical=[0.0704  0.01504]
solver time:  0.6603114579920657
plant_input_stage0: full=[0.07252 0.01366], physical=[0.07252 0.01366]
solver time:  0.6956703460018616
plant_input_stage0: full=[ 0.07362 -0.28274], physical=[ 0.07362 -0.28274]
solver time:  0.6199901789950673
plant_input_stage0: full=[ 0.08911 -0.68983], physical=[ 0.08911 -0.68983]
solver time:  0.8470029169984628
plant_input_stage0: full=[0.08595 0.4778 ], physical=[0.08595 0.4778 ]
solver time:  0.7101759940269403
plant_input_stage0: full=[0.08057 1.     ], physical=[0.08057 1.     ]
solver time:  0.6866405520122498
plant_input_stage0: full=[0.05467 1.     ], physical=[0.05467 1.     ]
solver time:  0.5978188779845368
plant_input_stage0: full=[0.05226 1.     ], physical=[0.05226 1.     ]
solver time:  0.6326437219977379
plant_input_stage0: full=[0.05101 1.     ], physical=[0.05101 1.     ]
solver time:  0.6530853770091198
plant_input_stage0: full=[0.04993 1.     ], physical=[0.04993 1.     ]
solver time:  0.6294579509994946
plant_input_stage0: full=[0.05471 1.     ], physical=[0.05471 1.     ]
solver time:  0.6148725920065772
plant_input_stage0: full=[0.05976 1.     ], physical=[0.05976 1.     ]
solver time:  0.66712482899311
plant_input_stage0: full=[0.06439 1.     ], physical=[0.06439 1.     ]
solver time:  0.649512086994946
plant_input_stage0: full=[0.06867 1.     ], physical=[0.06867 1.     ]
solver time:  0.5140345210093074
plant_input_stage0: full=[0.07257 1.     ], physical=[0.07257 1.     ]
solver time:  0.4934707529901061
plant_input_stage0: full=[0.0761 1.    ], physical=[0.0761 1.    ]
solver time:  0.5212629149900749
plant_input_stage0: full=[0.07921 1.     ], physical=[0.07921 1.     ]
solver time:  0.5154005119984504
plant_input_stage0: full=[0.08184 1.     ], physical=[0.08184 1.     ]
solver time:  0.5841703930054791
plant_input_stage0: full=[0.08391 1.     ], physical=[0.08391 1.     ]
solver time:  0.5476086850103457
plant_input_stage0: full=[0.11062 1.     ], physical=[0.11062 1.     ]
solver time:  0.4960912370006554
plant_input_stage0: full=[0.1053  0.54474], physical=[0.1053  0.54474]
solver time:  0.5024354830093216
plant_input_stage0: full=[0.0992  0.18688], physical=[0.0992  0.18688]
solver time:  0.48840793999261223
plant_input_stage0: full=[0.09323 0.11967], physical=[0.09323 0.11967]
solver time:  0.521240512985969
plant_input_stage0: full=[0.08758 0.06275], physical=[0.08758 0.06275]
solver time:  0.5457874790008646
plant_input_stage0: full=[0.08477 0.03068], physical=[0.08477 0.03068]
solver time:  0.5267481780028902
plant_input_stage0: full=[0.08468 0.01073], physical=[0.08468 0.01073]
solver time:  0.5488813270058017
plant_input_stage0: full=[0.08458 0.06778], physical=[0.08458 0.06778]
solver time:  0.5659616850025486
plant_input_stage0: full=[0.08445 0.07719], physical=[0.08445 0.07719]
solver time:  0.5924743929936085
plant_input_stage0: full=[0.08437 0.07073], physical=[0.08437 0.07073]
solver time:  0.527139672980411
plant_input_stage0: full=[0.08429 0.06796], physical=[0.08429 0.06796]
solver time:  0.5788189799932297
plant_input_stage0: full=[0.0841  0.06616], physical=[0.0841  0.06616]
solver time:  0.669324908987619
plant_input_stage0: full=[0.11379 0.0759 ], physical=[0.11379 0.0759 ]
solver time:  0.713986039016163
plant_input_stage0: full=[0.10684 0.04218], physical=[0.10684 0.04218]
solver time:  0.6777323389833327
plant_input_stage0: full=[0.10027 0.25686], physical=[0.10027 0.25686]
solver time:  0.811450965993572
plant_input_stage0: full=[0.09406 0.81531], physical=[0.09406 0.81531]
solver time:  0.9764611040009186
plant_input_stage0: full=[0.0886  0.00004], physical=[0.0886  0.00004]
solver time:  0.7677791769965552
plant_input_stage0: full=[0.08604 0.03005], physical=[0.08604 0.03005]
solver time:  0.6714002989756409
plant_input_stage0: full=[0.086   0.05325], physical=[0.086   0.05325]
solver time:  0.6608525489864405
plant_input_stage0: full=[0.08596 0.05   ], physical=[0.08596 0.05   ]
solver time:  0.6303221610141918
plant_input_stage0: full=[0.08593 0.04695], physical=[0.08593 0.04695]
solver time:  0.6772483470267616
plant_input_stage0: full=[0.0859  0.04408], physical=[0.0859  0.04408]
solver time:  0.6399262360064313
plant_input_stage0: full=[0.08587 0.04139], physical=[0.08587 0.04139]
solver time:  0.6357553669949993
plant_input_stage0: full=[0.08585 0.03886], physical=[0.08585 0.03886]
solver time:  0.6265244150126819
plant_input_stage0: full=[0.08583 0.03644], physical=[0.08583 0.03644]
solver time:  0.5861522870254703
plant_input_stage0: full=[0.08581 0.03421], physical=[0.08581 0.03421]
solver time:  0.5459722359955776
plant_input_stage0: full=[0.0858  0.03214], physical=[0.0858  0.03214]
solver time:  0.5612913759832736
plant_input_stage0: full=[0.08579 0.03017], physical=[0.08579 0.03017]
solver time:  0.6279648439958692
plant_input_stage0: full=[0.08577 0.02832], physical=[0.08577 0.02832]
solver time:  0.6205321460147388
plant_input_stage0: full=[0.08559 0.03814], physical=[0.08559 0.03814]
solver time:  0.584305297001265
plant_input_stage0: full=[0.08445 0.10488], physical=[0.08445 0.10488]
solver time:  0.6200452070042957
plant_input_stage0: full=[0.08147 0.23733], physical=[0.08147 0.23733]
solver time:  0.6219999360037036
plant_input_stage0: full=[0.07846 0.27683], physical=[0.07846 0.27683]
solver time:  0.6459277770190965
plant_input_stage0: full=[0.07522 0.33734], physical=[0.07522 0.33734]
solver time:  0.6612434929993469
plant_input_stage0: full=[0.07186 0.40146], physical=[0.07186 0.40146]
solver time:  0.7585963100136723
plant_input_stage0: full=[0.06838 0.47918], physical=[0.06838 0.47918]
solver time:  0.6753922750067431
plant_input_stage0: full=[0.06508 0.63647], physical=[0.06508 0.63647]
solver time:  0.7165599009895232
plant_input_stage0: full=[0.06141 0.81419], physical=[0.06141 0.81419]
solver time:  0.9979085620143451
plant_input_stage0: full=[0.06362 0.63955], physical=[0.06362 0.63955]
solver time:  0.9318486060074065
plant_input_stage0: full=[ 0.07802 -0.89167], physical=[ 0.07802 -0.89167]
solver time:  0.7548330419813283
plant_input_stage0: full=[ 0.08069 -0.67743], physical=[ 0.08069 -0.67743]
solver time:  0.7191788089985494
plant_input_stage0: full=[ 0.08232 -0.60497], physical=[ 0.08232 -0.60497]
solver time:  0.7228395539859775
plant_input_stage0: full=[ 0.0834  -0.53315], physical=[ 0.0834  -0.53315]
solver time:  0.8089122350211255
plant_input_stage0: full=[ 0.08424 -0.46417], physical=[ 0.08424 -0.46417]
solver time:  0.7538770440150984
plant_input_stage0: full=[ 0.08487 -0.41164], physical=[ 0.08487 -0.41164]
solver time:  0.7867397619993426
plant_input_stage0: full=[ 0.08532 -0.37254], physical=[ 0.08532 -0.37254]
solver time:  0.7625358040095307
plant_input_stage0: full=[ 0.08556 -0.34523], physical=[ 0.08556 -0.34523]
solver time:  0.7397251820075326
plant_input_stage0: full=[ 0.08565 -0.3304 ], physical=[ 0.08565 -0.3304 ]
solver time:  0.8104505669907667
plant_input_stage0: full=[ 0.08562 -0.32928], physical=[ 0.08562 -0.32928]
solver time:  0.772917182999663
plant_input_stage0: full=[ 0.0855  -0.34905], physical=[ 0.0855  -0.34905]
solver time:  0.8889475539908744
plant_input_stage0: full=[ 0.08532 -0.40833], physical=[ 0.08532 -0.40833]
solver time:  0.7556450970005244
plant_input_stage0: full=[ 0.08506 -0.56854], physical=[ 0.08506 -0.56854]
solver time:  1.0007582949765492
plant_input_stage0: full=[ 0.08474 -0.22825], physical=[ 0.08474 -0.22825]
solver time:  1.2241863509989344
plant_input_stage0: full=[ 0.08423 -0.10255], physical=[ 0.08423 -0.10255]
solver time:  0.9121562399959657
plant_input_stage0: full=[ 0.08367 -0.09248], physical=[ 0.08367 -0.09248]
solver time:  1.094691320991842
plant_input_stage0: full=[ 0.10694 -0.10977], physical=[ 0.10694 -0.10977]
solver time:  1.2523487629950978
plant_input_stage0: full=[ 0.10048 -0.03453], physical=[ 0.10048 -0.03453]
solver time:  1.2481168499798514
plant_input_stage0: full=[ 0.09439 -0.02182], physical=[ 0.09439 -0.02182]
solver time:  1.1212527980096638
plant_input_stage0: full=[ 0.08867 -0.0127 ], physical=[ 0.08867 -0.0127 ]
solver time:  1.2678435090056155
plant_input_stage0: full=[0.08332 0.02984], physical=[0.08332 0.02984]
solver time:  1.5846178520005196
plant_input_stage0: full=[0.08142 0.0547 ], physical=[0.08142 0.0547 ]
solver time:  2.353696439997293
plant_input_stage0: full=[-0.10314 -0.04146], physical=[-0.10314 -0.04146]
solver time:  1.1988191129930783
plant_input_stage0: full=[0.08129 0.0417 ], physical=[0.08129 0.0417 ]
solver time:  1.3669241339957807
plant_input_stage0: full=[0.08184 0.0059 ], physical=[0.08184 0.0059 ]
solver time:  1.3312618499912787
plant_input_stage0: full=[ 0.08215 -0.02336], physical=[ 0.08215 -0.02336]
solver time:  1.6604052350157872
plant_input_stage0: full=[ 0.08218 -0.03367], physical=[ 0.08218 -0.03367]
solver time:  1.412500498990994
plant_input_stage0: full=[ 0.08203 -0.00393], physical=[ 0.08203 -0.00393]
solver time:  1.5984235419891775
plant_input_stage0: full=[0.08174 0.02338], physical=[0.08174 0.02338]
solver time:  1.6628061750088818
plant_input_stage0: full=[ 0.08189 -0.0314 ], physical=[ 0.08189 -0.0314 ]
solver time:  2.052482327009784
plant_input_stage0: full=[0.08155 0.06555], physical=[0.08155 0.06555]
solver time:  1.5319153149903286
plant_input_stage0: full=[0.10525 0.08733], physical=[0.10525 0.08733]
solver time:  1.4542599830019753
plant_input_stage0: full=[ 0.09898 -0.70384], physical=[ 0.09898 -0.70384]
solver time:  1.4546663829823956
plant_input_stage0: full=[ 0.09412 -1.     ], physical=[ 0.09412 -1.     ]
solver time:  1.4147220390150324
plant_input_stage0: full=[ 0.07896 -1.     ], physical=[ 0.07896 -1.     ]
solver time:  1.114611316996161
plant_input_stage0: full=[ 0.07752 -1.     ], physical=[ 0.07752 -1.     ]
solver time:  1.246903138991911
plant_input_stage0: full=[ 0.07717 -1.     ], physical=[ 0.07717 -1.     ]
solver time:  1.1478785219951533
plant_input_stage0: full=[ 0.07726 -1.     ], physical=[ 0.07726 -1.     ]
solver time:  1.207369657990057
plant_input_stage0: full=[ 0.07696 -0.9846 ], physical=[ 0.07696 -0.9846 ]
solver time:  1.0800732509815134
plant_input_stage0: full=[ 0.07743 -0.93623], physical=[ 0.07743 -0.93623]
solver time:  1.1157058500102721
plant_input_stage0: full=[ 0.08087 -0.7511 ], physical=[ 0.08087 -0.7511 ]
solver time:  0.8831202610163018
plant_input_stage0: full=[0.08105 0.16852], physical=[0.08105 0.16852]
solver time:  0.8865810460119974
plant_input_stage0: full=[0.08151 0.35211], physical=[0.08151 0.35211]
solver time:  0.862904190988047
plant_input_stage0: full=[0.08266 0.25626], physical=[0.08266 0.25626]
solver time:  0.8537860889919102
plant_input_stage0: full=[0.08343 0.17039], physical=[0.08343 0.17039]
solver time:  0.8933403359842487
plant_input_stage0: full=[0.08373 0.11708], physical=[0.08373 0.11708]
solver time:  0.8675607189943548
plant_input_stage0: full=[0.0841  0.08262], physical=[0.0841  0.08262]
solver time:  0.8859961680136621
plant_input_stage0: full=[0.08381 0.39522], physical=[0.08381 0.39522]
solver time:  0.9288738209870644
plant_input_stage0: full=[0.0843  0.39815], physical=[0.0843  0.39815]
solver time:  0.8310913989844266
plant_input_stage0: full=[0.08466 0.43009], physical=[0.08466 0.43009]
solver time:  0.877608759998111
plant_input_stage0: full=[0.08379 0.36598], physical=[0.08379 0.36598]
solver time:  0.9370398210012354
plant_input_stage0: full=[0.08314 0.85213], physical=[0.08314 0.85213]
solver time:  0.8645579909789376
plant_input_stage0: full=[0.1008 1.    ], physical=[0.1008 1.    ]
solver time:  0.84132654700079
plant_input_stage0: full=[0.09951 1.     ], physical=[0.09951 1.     ]
solver time:  0.9144361320068128
plant_input_stage0: full=[0.09712 1.     ], physical=[0.09712 1.     ]
solver time:  0.9745230769913178
plant_input_stage0: full=[0.09374 1.     ], physical=[0.09374 1.     ]
solver time:  1.0062661829870194
plant_input_stage0: full=[0.08951 0.99999], physical=[0.08951 0.99999]
solver time:  0.9156349490222055
plant_input_stage0: full=[0.08459 0.09032], physical=[0.08459 0.09032]
solver time:  0.9441605700121727
plant_input_stage0: full=[0.08298 0.05702], physical=[0.08298 0.05702]
solver time:  0.8830385920009576
plant_input_stage0: full=[0.08257 0.03168], physical=[0.08257 0.03168]
solver time:  0.8419808839971665
plant_input_stage0: full=[0.08214 0.01278], physical=[0.08214 0.01278]
solver time:  0.9224803029792383
plant_input_stage0: full=[ 0.0817  -0.00247], physical=[ 0.0817  -0.00247]
solver time:  0.9539578369876835
plant_input_stage0: full=[ 0.08142 -0.06949], physical=[ 0.08142 -0.06949]
solver time:  0.9586391939956229
plant_input_stage0: full=[ 0.08189 -0.01457], physical=[ 0.08189 -0.01457]
solver time:  1.2006656790035777
plant_input_stage0: full=[0.08221 0.02083], physical=[0.08221 0.02083]
solver time:  1.0507811509887688
plant_input_stage0: full=[0.08217 0.02629], physical=[0.08217 0.02629]
solver time:  1.0837023440108169
plant_input_stage0: full=[0.08212 0.02117], physical=[0.08212 0.02117]
solver time:  1.0856887770059984
plant_input_stage0: full=[0.0819 0.0055], physical=[0.0819 0.0055]
solver time:  1.2538563139969483
plant_input_stage0: full=[ 0.0817  -0.00441], physical=[ 0.0817  -0.00441]
solver time:  1.5977131740073673
plant_input_stage0: full=[0.0818 0.0048], physical=[0.0818 0.0048]
solver time:  1.3831984319840558
plant_input_stage0: full=[ 0.10424 -0.44143], physical=[ 0.10424 -0.44143]
solver time:  1.282552954973653
plant_input_stage0: full=[0.09616 0.53721], physical=[0.09616 0.53721]
solver time:  1.2955795169982594
plant_input_stage0: full=[0.08872 1.     ], physical=[0.08872 1.     ]
solver time:  1.306400620000204
plant_input_stage0: full=[0.07988 1.     ], physical=[0.07988 1.     ]
solver time:  1.538863919005962
plant_input_stage0: full=[0.07792 1.     ], physical=[0.07792 1.     ]
solver time:  1.419021031993907
plant_input_stage0: full=[0.07834 1.     ], physical=[0.07834 1.     ]
solver time:  1.3211148070113268
plant_input_stage0: full=[0.07767 1.     ], physical=[0.07767 1.     ]
solver time:  1.397530137997819
plant_input_stage0: full=[0.0778  0.99998], physical=[0.0778  0.99998]
solver time:  1.0111041199997999
plant_input_stage0: full=[0.07858 0.96894], physical=[0.07858 0.96894]
solver time:  1.271084789012093
plant_input_stage0: full=[0.0821  0.85299], physical=[0.0821  0.85299]
solver time:  0.9685812859970611
plant_input_stage0: full=[ 0.08219 -0.10337], physical=[ 0.08219 -0.10337]
solver time:  0.9728523889789358
plant_input_stage0: full=[ 0.08213 -0.36113], physical=[ 0.08213 -0.36113]
solver time:  1.0239714810159057
plant_input_stage0: full=[ 0.08303 -0.2765 ], physical=[ 0.08303 -0.2765 ]
solver time:  1.0230530059779994
plant_input_stage0: full=[ 0.08384 -0.18233], physical=[ 0.08384 -0.18233]
solver time:  1.0174211929843295
plant_input_stage0: full=[ 0.0842  -0.12506], physical=[ 0.0842  -0.12506]
solver time:  1.1157285619992763
plant_input_stage0: full=[ 0.08441 -0.08769], physical=[ 0.08441 -0.08769]
solver time:  1.0483391279994976
plant_input_stage0: full=[ 0.08442 -0.3921 ], physical=[ 0.08442 -0.3921 ]
solver time:  1.2221988330129534
plant_input_stage0: full=[ 0.08493 -0.39367], physical=[ 0.08493 -0.39367]
solver time:  1.1111961190181319
plant_input_stage0: full=[ 0.08498 -0.42279], physical=[ 0.08498 -0.42279]
solver time:  1.0391160829749424
plant_input_stage0: full=[ 0.08502 -0.34616], physical=[ 0.08502 -0.34616]
solver time:  0.9678238569758832
plant_input_stage0: full=[ 0.08482 -0.83763], physical=[ 0.08482 -0.83763]
solver time:  0.9641484830062836
plant_input_stage0: full=[ 0.11117 -1.     ], physical=[ 0.11117 -1.     ]
solver time:  0.9278058630006853
plant_input_stage0: full=[ 0.10749 -1.     ], physical=[ 0.10749 -1.     ]
solver time:  0.9388604690029752
plant_input_stage0: full=[ 0.10285 -1.     ], physical=[ 0.10285 -1.     ]
solver time:  1.0271533720078878
plant_input_stage0: full=[ 0.09741 -0.3593 ], physical=[ 0.09741 -0.3593 ]
solver time:  1.0557014100195374
plant_input_stage0: full=[ 0.09154 -0.00001], physical=[ 0.09154 -0.00001]
solver time:  1.0386497239815071
plant_input_stage0: full=[ 0.08597 -0.00001], physical=[ 0.08597 -0.00001]
solver time:  0.9948434969992377
plant_input_stage0: full=[ 0.0857  -0.01269], physical=[ 0.0857  -0.01269]
solver time:  0.907785015006084
plant_input_stage0: full=[ 0.0857  -0.01254], physical=[ 0.0857  -0.01254]
solver time:  0.9842829090193845
plant_input_stage0: full=[ 0.0857  -0.01177], physical=[ 0.0857  -0.01177]
solver time:  0.8694461040140595
plant_input_stage0: full=[ 0.0857  -0.01105], physical=[ 0.0857  -0.01105]
solver time:  0.8765080060111359
plant_input_stage0: full=[ 0.0857  -0.01035], physical=[ 0.0857  -0.01035]
solver time:  0.8033055900014006
plant_input_stage0: full=[ 0.0857  -0.00971], physical=[ 0.0857  -0.00971]
solver time:  0.8177742900152225
plant_input_stage0: full=[ 0.08569 -0.00912], physical=[ 0.08569 -0.00912]
solver time:  0.7792850640253164
plant_input_stage0: full=[0.08566 0.00798], physical=[0.08566 0.00798]
solver time:  0.7904076729901135
plant_input_stage0: full=[0.0856  0.02167], physical=[0.0856  0.02167]
solver time:  0.8776006730040535
plant_input_stage0: full=[0.08552 0.03071], physical=[0.08552 0.03071]
solver time:  0.832113409996964
plant_input_stage0: full=[0.08542 0.03934], physical=[0.08542 0.03934]
solver time:  0.8786951270012651
plant_input_stage0: full=[0.0853  0.04761], physical=[0.0853  0.04761]
solver time:  0.8689086599915754
plant_input_stage0: full=[0.08516 0.05764], physical=[0.08516 0.05764]
solver time:  0.8694159419974312
plant_input_stage0: full=[0.08499 0.06225], physical=[0.08499 0.06225]
solver time:  0.7816598100180272
plant_input_stage0: full=[0.08482 0.06559], physical=[0.08482 0.06559]
solver time:  0.7576366010180209
plant_input_stage0: full=[0.08462 0.06571], physical=[0.08462 0.06571]
solver time:  0.685570977977477
plant_input_stage0: full=[0.08442 0.06306], physical=[0.08442 0.06306]
solver time:  0.702075845998479
plant_input_stage0: full=[0.08417 0.05471], physical=[0.08417 0.05471]
solver time:  0.6687978190020658
plant_input_stage0: full=[0.08395 0.04789], physical=[0.08395 0.04789]
solver time:  0.6765182229864877
plant_input_stage0: full=[0.08368 0.03409], physical=[0.08368 0.03409]
solver time:  0.7052187150111422
plant_input_stage0: full=[0.08342 0.01979], physical=[0.08342 0.01979]
solver time:  0.6825831340102013
plant_input_stage0: full=[0.0832  0.00515], physical=[0.0832  0.00515]
solver time:  0.6513526819762774
plant_input_stage0: full=[ 0.08305 -0.03969], physical=[ 0.08305 -0.03969]
solver time:  0.6892394809983671
plant_input_stage0: full=[ 0.08311 -0.07744], physical=[ 0.08311 -0.07744]
solver time:  0.6811346490285359
plant_input_stage0: full=[ 0.08316 -0.05953], physical=[ 0.08316 -0.05953]
solver time:  0.7219887399987783
plant_input_stage0: full=[0.08305 0.10899], physical=[0.08305 0.10899]
solver time:  0.7557930519978981
plant_input_stage0: full=[0.08291 0.09851], physical=[0.08291 0.09851]
solver time:  0.8671596859931014
plant_input_stage0: full=[0.08281 0.09154], physical=[0.08281 0.09154]
solver time:  0.8678545250149909
plant_input_stage0: full=[0.08251 0.08649], physical=[0.08251 0.08649]
solver time:  0.8340092569997068
plant_input_stage0: full=[0.10828 0.07755], physical=[0.10828 0.07755]
solver time:  0.8743498019757681
plant_input_stage0: full=[ 0.10136 -0.04168], physical=[ 0.10136 -0.04168]
solver time:  0.9499710619857069
plant_input_stage0: full=[ 0.09422 -0.05009], physical=[ 0.09422 -0.05009]
solver time:  1.0019132870074827
plant_input_stage0: full=[0.08872 0.59774], physical=[0.08872 0.59774]
solver time:  1.1569457789883018
plant_input_stage0: full=[0.08054 1.     ], physical=[0.08054 1.     ]
solver time:  1.2133789349754807
plant_input_stage0: full=[0.08037 1.     ], physical=[0.08037 1.     ]
solver time:  1.3587105820188299
plant_input_stage0: full=[0.07913 1.     ], physical=[0.07913 1.     ]
solver time:  0.9902622909867205
plant_input_stage0: full=[0.07723 0.33064], physical=[0.07723 0.33064]
solver time:  0.9840259450138547
plant_input_stage0: full=[0.07544 0.76662], physical=[0.07544 0.76662]
solver time:  0.894630958995549
plant_input_stage0: full=[0.07769 0.96303], physical=[0.07769 0.96303]
solver time:  0.8729704789875541
plant_input_stage0: full=[0.08081 0.34738], physical=[0.08081 0.34738]
solver time:  0.8157412569853477
plant_input_stage0: full=[ 0.08008 -0.30681], physical=[ 0.08008 -0.30681]
solver time:  0.8330388049944304
plant_input_stage0: full=[ 0.08173 -0.25719], physical=[ 0.08173 -0.25719]
solver time:  0.8617595349787734
plant_input_stage0: full=[ 0.08538 -0.16694], physical=[ 0.08538 -0.16694]
solver time:  0.871033361996524
plant_input_stage0: full=[ 0.08357 -0.11316], physical=[ 0.08357 -0.11316]
solver time:  0.8625291189819109
plant_input_stage0: full=[ 0.08376 -0.07932], physical=[ 0.08376 -0.07932]
solver time:  0.8250139549782034
plant_input_stage0: full=[ 0.08367 -0.4221 ], physical=[ 0.08367 -0.4221 ]
solver time:  0.8842953180137556
plant_input_stage0: full=[ 0.08424 -0.41077], physical=[ 0.08424 -0.41077]
solver time:  0.9416167559975293
plant_input_stage0: full=[ 0.08414 -0.42043], physical=[ 0.08414 -0.42043]
solver time:  0.8928377630072646
plant_input_stage0: full=[ 0.08341 -0.31606], physical=[ 0.08341 -0.31606]
solver time:  0.8517922209866811
plant_input_stage0: full=[ 0.08276 -0.59935], physical=[ 0.08276 -0.59935]
solver time:  0.8127503430005163
plant_input_stage0: full=[ 0.08282 -0.9862 ], physical=[ 0.08282 -0.9862 ]
solver time:  0.8382596699811984
plant_input_stage0: full=[ 0.09482 -1.     ], physical=[ 0.09482 -1.     ]
solver time:  0.7855169560061768
plant_input_stage0: full=[ 0.09323 -1.     ], physical=[ 0.09323 -1.     ]
solver time:  0.8239539409987628
plant_input_stage0: full=[ 0.09063 -1.     ], physical=[ 0.09063 -1.     ]
solver time:  0.862459163996391
plant_input_stage0: full=[ 0.08717 -1.     ], physical=[ 0.08717 -1.     ]
solver time:  0.866555830987636
plant_input_stage0: full=[ 0.08296 -0.27697], physical=[ 0.08296 -0.27697]
solver time:  0.8297608540160581
plant_input_stage0: full=[ 0.07806 -0.08061], physical=[ 0.07806 -0.08061]
solver time:  0.7812976139830425
plant_input_stage0: full=[ 0.07604 -0.05386], physical=[ 0.07604 -0.05386]
solver time:  0.7550157259975094
plant_input_stage0: full=[ 0.07464 -0.0333 ], physical=[ 0.07464 -0.0333 ]
solver time:  0.864145091996761
plant_input_stage0: full=[ 0.07318 -0.01809], physical=[ 0.07318 -0.01809]
solver time:  1.0318921679863706
plant_input_stage0: full=[ 0.07164 -0.0069 ], physical=[ 0.07164 -0.0069 ]
solver time:  0.9123307070112787
plant_input_stage0: full=[0.0699  0.00122], physical=[0.0699  0.00122]
solver time:  0.7717684659874067
plant_input_stage0: full=[0.06809 0.00595], physical=[0.06809 0.00595]
solver time:  0.9180211949860677
plant_input_stage0: full=[0.06622 0.00973], physical=[0.06622 0.00973]
solver time:  0.8306918490270618
plant_input_stage0: full=[ 0.06421 -0.00983], physical=[ 0.06421 -0.00983]
solver time:  0.8580966739973519
plant_input_stage0: full=[ 0.06216 -0.01424], physical=[ 0.06216 -0.01424]
solver time:  0.8548823849996552
plant_input_stage0: full=[ 0.0601  -0.01205], physical=[ 0.0601  -0.01205]
solver time:  0.8407706290017813
plant_input_stage0: full=[ 0.06019 -0.01005], physical=[ 0.06019 -0.01005]
solver time:  0.9212591880059335
plant_input_stage0: full=[ 0.0671  -0.00836], physical=[ 0.0671  -0.00836]
solver time:  0.9641231839777902
plant_input_stage0: full=[ 0.07093 -0.00695], physical=[ 0.07093 -0.00695]
solver time:  0.9723575790121686
plant_input_stage0: full=[0.07264 0.12115], physical=[0.07264 0.12115]
solver time:  0.8665808210207615
plant_input_stage0: full=[0.0903 0.3551], physical=[0.0903 0.3551]
solver time:  0.8413249969889876
plant_input_stage0: full=[ 0.09119 -0.22779], physical=[ 0.09119 -0.22779]
solver time:  0.9416580210090615
plant_input_stage0: full=[ 0.08233 -0.46211], physical=[ 0.08233 -0.46211]
solver time:  0.9991039089800324
plant_input_stage0: full=[ 0.06328 -1.     ], physical=[ 0.06328 -1.     ]
solver time:  0.9008026350056753
plant_input_stage0: full=[ 0.04966 -1.     ], physical=[ 0.04966 -1.     ]
solver time:  1.140954906004481
plant_input_stage0: full=[ 0.04855 -1.     ], physical=[ 0.04855 -1.     ]
solver time:  0.9137415830045938
plant_input_stage0: full=[ 0.04797 -1.     ], physical=[ 0.04797 -1.     ]
solver time:  1.0075397489999887
plant_input_stage0: full=[ 0.04972 -1.     ], physical=[ 0.04972 -1.     ]
solver time:  1.0940562250034418
plant_input_stage0: full=[ 0.05529 -1.     ], physical=[ 0.05529 -1.     ]
solver time:  1.2082305009826086
plant_input_stage0: full=[ 0.06043 -1.     ], physical=[ 0.06043 -1.     ]
solver time:  0.7402113850112073
plant_input_stage0: full=[ 0.06519 -1.     ], physical=[ 0.06519 -1.     ]
solver time:  0.7552570440166164
plant_input_stage0: full=[ 0.06959 -1.     ], physical=[ 0.06959 -1.     ]
solver time:  0.6706075010006316
plant_input_stage0: full=[ 0.07364 -1.     ], physical=[ 0.07364 -1.     ]
solver time:  0.608909061003942
plant_input_stage0: full=[ 0.07729 -1.     ], physical=[ 0.07729 -1.     ]
solver time:  0.6453639529936481
plant_input_stage0: full=[ 0.08048 -1.     ], physical=[ 0.08048 -1.     ]
solver time:  0.6710541489883326
plant_input_stage0: full=[ 0.08315 -1.     ], physical=[ 0.08315 -1.     ]
solver time:  0.6734578509931453
plant_input_stage0: full=[ 0.11399 -1.     ], physical=[ 0.11399 -1.     ]
solver time:  0.690497339994181
plant_input_stage0: full=[ 0.10859 -0.99999], physical=[ 0.10859 -0.99999]
solver time:  0.7723872300121002
plant_input_stage0: full=[0.09977 0.12566], physical=[0.09977 0.12566]
solver time:  0.8187761259905528
plant_input_stage0: full=[ 0.09315 -0.34131], physical=[ 0.09315 -0.34131]
solver time:  0.787293775996659
plant_input_stage0: full=[0.08141 0.68503], physical=[0.08141 0.68503]
solver time:  0.6907824350055307
plant_input_stage0: full=[ 0.08635 -0.03597], physical=[ 0.08635 -0.03597]
solver time:  0.7583599080098793
plant_input_stage0: full=[ 0.08542 -0.27409], physical=[ 0.08542 -0.27409]
solver time:  0.7692044310097117
plant_input_stage0: full=[ 0.08561 -0.43348], physical=[ 0.08561 -0.43348]
solver time:  0.7730836889822967
plant_input_stage0: full=[ 0.0857 -0.0517], physical=[ 0.0857 -0.0517]
solver time:  0.8210495219973382
plant_input_stage0: full=[ 0.08563 -0.01615], physical=[ 0.08563 -0.01615]
solver time:  0.8634914930153172
plant_input_stage0: full=[ 0.08552 -0.02927], physical=[ 0.08552 -0.02927]
solver time:  1.0080771499779075
plant_input_stage0: full=[ 0.08538 -0.04019], physical=[ 0.08538 -0.04019]
solver time:  1.0557569969969336
plant_input_stage0: full=[ 0.08522 -0.05031], physical=[ 0.08522 -0.05031]
solver time:  0.9971761780034285
plant_input_stage0: full=[ 0.08502 -0.05818], physical=[ 0.08502 -0.05818]
solver time:  0.7395622660114896
plant_input_stage0: full=[ 0.0848  -0.06418], physical=[ 0.0848  -0.06418]
solver time:  0.7457043049798813
plant_input_stage0: full=[ 0.08455 -0.06766], physical=[ 0.08455 -0.06766]
solver time:  0.7897469880117569
plant_input_stage0: full=[ 0.08428 -0.06824], physical=[ 0.08428 -0.06824]
solver time:  0.7942542119999416
plant_input_stage0: full=[ 0.08396 -0.06359], physical=[ 0.08396 -0.06359]
solver time:  0.7955441579979379
plant_input_stage0: full=[ 0.08364 -0.05557], physical=[ 0.08364 -0.05557]
solver time:  0.739077735983301
plant_input_stage0: full=[ 0.08328 -0.04246], physical=[ 0.08328 -0.04246]
solver time:  0.8507077950052917
plant_input_stage0: full=[ 0.0829  -0.02724], physical=[ 0.0829  -0.02724]
solver time:  0.8773074590135366
plant_input_stage0: full=[ 0.08251 -0.00466], physical=[ 0.08251 -0.00466]
solver time:  0.9450255669944454
plant_input_stage0: full=[0.08212 0.01901], physical=[0.08212 0.01901]
solver time:  1.017593978001969
plant_input_stage0: full=[0.08173 0.06129], physical=[0.08173 0.06129]
solver time:  0.8713140869804192
plant_input_stage0: full=[0.08192 0.03965], physical=[0.08192 0.03965]
solver time:  0.860084507992724
plant_input_stage0: full=[0.08229 0.00741], physical=[0.08229 0.00741]
solver time:  0.7360907759866677
plant_input_stage0: full=[ 0.0823  -0.04401], physical=[ 0.0823  -0.04401]
solver time:  0.8337497409956995
plant_input_stage0: full=[ 0.08214 -0.02443], physical=[ 0.08214 -0.02443]
solver time:  0.9274330489861313
plant_input_stage0: full=[ 0.08216 -0.0406 ], physical=[ 0.08216 -0.0406 ]
solver time:  0.9673947949777357
plant_input_stage0: full=[ 0.08185 -0.00727], physical=[ 0.08185 -0.00727]
solver time:  0.9724410449853167
plant_input_stage0: full=[0.08144 0.0325 ], physical=[0.08144 0.0325 ]
solver time:  1.0265744060161524
plant_input_stage0: full=[0.1071  0.57664], physical=[0.1071  0.57664]
solver time:  0.923565586010227
plant_input_stage0: full=[ 0.09904 -0.38713], physical=[ 0.09904 -0.38713]
solver time:  1.038580794003792
plant_input_stage0: full=[ 0.09623 -0.99227], physical=[ 0.09623 -0.99227]
solver time:  0.9477764570037834
plant_input_stage0: full=[ 0.08047 -1.     ], physical=[ 0.08047 -1.     ]
solver time:  0.9754273320140783
plant_input_stage0: full=[ 0.07832 -1.     ], physical=[ 0.07832 -1.     ]
solver time:  1.1744608769949991
plant_input_stage0: full=[ 0.07839 -1.     ], physical=[ 0.07839 -1.     ]
solver time:  1.0749720759922639
plant_input_stage0: full=[ 0.07773 -1.     ], physical=[ 0.07773 -1.     ]
solver time:  1.0205681229999755
plant_input_stage0: full=[ 0.07699 -0.8735 ], physical=[ 0.07699 -0.8735 ]
solver time:  0.9451042110158596
plant_input_stage0: full=[ 0.07644 -0.85302], physical=[ 0.07644 -0.85302]
solver time:  0.8124171329836827
plant_input_stage0: full=[ 0.0786  -0.90253], physical=[ 0.0786  -0.90253]
solver time:  0.6571656360174529
plant_input_stage0: full=[ 0.08081 -0.07383], physical=[ 0.08081 -0.07383]
solver time:  0.7064076290116645
plant_input_stage0: full=[0.0825  0.34377], physical=[0.0825  0.34377]
solver time:  0.7618347799871117
plant_input_stage0: full=[0.0824  0.29484], physical=[0.0824  0.29484]
solver time:  0.8013174980005715
plant_input_stage0: full=[0.08333 0.19316], physical=[0.08333 0.19316]
solver time:  0.7617946329992265
plant_input_stage0: full=[0.08382 0.13159], physical=[0.08382 0.13159]
solver time:  0.7633600959961768
plant_input_stage0: full=[0.08389 0.09217], physical=[0.08389 0.09217]
solver time:  0.7460464980104007
plant_input_stage0: full=[0.08416 0.36995], physical=[0.08416 0.36995]
solver time:  0.7686307689873502
plant_input_stage0: full=[0.08403 0.36716], physical=[0.08403 0.36716]
solver time:  0.8734597070142627
plant_input_stage0: full=[0.08392 0.38679], physical=[0.08392 0.38679]
solver time:  0.9116697669960558
plant_input_stage0: full=[0.0838  0.16451], physical=[0.0838  0.16451]
solver time:  0.7892353810020722
plant_input_stage0: full=[0.08091 0.77954], physical=[0.08091 0.77954]
solver time:  0.7242202380148228
plant_input_stage0: full=[0.07619 1.     ], physical=[0.07619 1.     ]
solver time:  0.7133725559979212
plant_input_stage0: full=[0.09577 1.     ], physical=[0.09577 1.     ]
solver time:  0.704469046992017
plant_input_stage0: full=[0.09412 1.     ], physical=[0.09412 1.     ]
solver time:  0.728531775996089
plant_input_stage0: full=[0.09146 1.     ], physical=[0.09146 1.     ]
solver time:  0.76384717199835
plant_input_stage0: full=[0.08792 1.     ], physical=[0.08792 1.     ]
solver time:  0.6661836799758021
plant_input_stage0: full=[0.08363 0.31121], physical=[0.08363 0.31121]
solver time:  0.6628128199954517
plant_input_stage0: full=[0.07869 0.08656], physical=[0.07869 0.08656]
solver time:  0.6598590030043852
plant_input_stage0: full=[0.07737 0.05713], physical=[0.07737 0.05713]
solver time:  0.6851839880109765
plant_input_stage0: full=[0.07595 0.03526], physical=[0.07595 0.03526]
solver time:  0.6903624270053115
plant_input_stage0: full=[0.07441 0.01889], physical=[0.07441 0.01889]
solver time:  0.695888164016651
plant_input_stage0: full=[0.07278 0.00682], physical=[0.07278 0.00682]
solver time:  0.6969146710180212
plant_input_stage0: full=[ 0.07099 -0.00169], physical=[ 0.07099 -0.00169]
solver time:  0.6834713960124645
plant_input_stage0: full=[ 0.0691 -0.0077], physical=[ 0.0691 -0.0077]
solver time:  0.700914212007774
plant_input_stage0: full=[ 0.06713 -0.00769], physical=[ 0.06713 -0.00769]
solver time:  0.7078900040069129
plant_input_stage0: full=[0.06505 0.01912], physical=[0.06505 0.01912]
solver time:  0.6878210029972252
plant_input_stage0: full=[0.06291 0.0167 ], physical=[0.06291 0.0167 ]
solver time:  0.752286123984959
plant_input_stage0: full=[0.06082 0.01453], physical=[0.06082 0.01453]
solver time:  0.7917578440101352
plant_input_stage0: full=[0.05922 0.01184], physical=[0.05922 0.01184]
solver time:  0.775783616991248
plant_input_stage0: full=[0.05801 0.01006], physical=[0.05801 0.01006]
solver time:  0.7881865320086945
plant_input_stage0: full=[0.05691 0.00844], physical=[0.05691 0.00844]
solver time:  0.7459416119963862
plant_input_stage0: full=[0.05578 0.00704], physical=[0.05578 0.00704]
solver time:  0.7675787540210877
plant_input_stage0: full=[0.06061 0.00602], physical=[0.06061 0.00602]
solver time:  0.8065779460011981
plant_input_stage0: full=[0.05834 0.00526], physical=[0.05834 0.00526]
solver time:  0.8173281320196111
plant_input_stage0: full=[0.05627 0.00478], physical=[0.05627 0.00478]
solver time:  0.8173208910156973
plant_input_stage0: full=[0.0543  0.00474], physical=[0.0543  0.00474]
solver time:  0.8369178250140976
plant_input_stage0: full=[ 0.0524  -0.09432], physical=[ 0.0524  -0.09432]
solver time:  1.0729051039961632
plant_input_stage0: full=[0.05458 0.61391], physical=[0.05458 0.61391]
solver time:  0.9422796689905226
plant_input_stage0: full=[0.04269 1.     ], physical=[0.04269 1.     ]
solver time:  0.906205913022859
plant_input_stage0: full=[0.04338 1.     ], physical=[0.04338 1.     ]
solver time:  0.9843947439803742
plant_input_stage0: full=[0.04358 1.     ], physical=[0.04358 1.     ]
solver time:  0.8991352089797147
plant_input_stage0: full=[0.04377 0.99426], physical=[0.04377 0.99426]
solver time:  0.9180244049930479
plant_input_stage0: full=[0.04202 0.84516], physical=[0.04202 0.84516]
solver time:  0.9592332220054232
plant_input_stage0: full=[0.03998 0.8951 ], physical=[0.03998 0.8951 ]
solver time:  1.1337148059974425
plant_input_stage0: full=[0.03808 0.77696], physical=[0.03808 0.77696]
solver time:  0.9920791379990987
plant_input_stage0: full=[0.0361  0.80495], physical=[0.0361  0.80495]
solver time:  0.8569446809997316
plant_input_stage0: full=[0.03411 0.6969 ], physical=[0.03411 0.6969 ]
solver time:  0.764484323997749
plant_input_stage0: full=[0.03213 0.7166 ], physical=[0.03213 0.7166 ]
solver time:  0.8148806710087229
plant_input_stage0: full=[0.03027 0.61938], physical=[0.03027 0.61938]
solver time:  0.9057781489973422
plant_input_stage0: full=[0.02846 0.63463], physical=[0.02846 0.63463]
solver time:  0.8222425029962324
plant_input_stage0: full=[0.02677 0.54623], physical=[0.02677 0.54623]
solver time:  1.0093722750025336
plant_input_stage0: full=[0.02513 0.38926], physical=[0.02513 0.38926]
solver time:  0.8481094260059763
plant_input_stage0: full=[0.02362 0.00252], physical=[0.02362 0.00252]
solver time:  0.9540578099840786
plant_input_stage0: full=[0.02218 0.00269], physical=[0.02218 0.00269]
solver time:  0.8771813309867866
plant_input_stage0: full=[0.02083 0.00241], physical=[0.02083 0.00241]
solver time:  0.9063118049816694
plant_input_stage0: full=[0.01956 0.00217], physical=[0.01956 0.00217]
solver time:  0.8693427639955189
plant_input_stage0: full=[0.01837 0.00198], physical=[0.01837 0.00198]
solver time:  0.7745008839992806
plant_input_stage0: full=[0.01725 0.00183], physical=[0.01725 0.00183]
solver time:  0.7651512300071772
plant_input_stage0: full=[0.0162 0.0017], physical=[0.0162 0.0017]
solver time:  0.7382308410014957
plant_input_stage0: full=[0.01522 0.0016 ], physical=[0.01522 0.0016 ]
solver time:  0.7141167529916856
plant_input_stage0: full=[0.01429 0.00153], physical=[0.01429 0.00153]
solver time:  0.6974700700084213
plant_input_stage0: full=[0.01342 0.00148], physical=[0.01342 0.00148]
solver time:  0.7324727750092279
plant_input_stage0: full=[0.0126  0.00144], physical=[0.0126  0.00144]
solver time:  0.7260445490246639
plant_input_stage0: full=[0.01184 0.00141], physical=[0.01184 0.00141]
solver time:  0.7127843610069249
plant_input_stage0: full=[0.01112 0.00141], physical=[0.01112 0.00141]
solver time:  0.6965580380056053
plant_input_stage0: full=[0.01044 0.00141], physical=[0.01044 0.00141]
solver time:  0.6806226139888167
plant_input_stage0: full=[0.0098  0.00142], physical=[0.0098  0.00142]
solver time:  0.6548194710048847
plant_input_stage0: full=[0.00921 0.00145], physical=[0.00921 0.00145]
solver time:  0.6579007139953319
plant_input_stage0: full=[0.00865 0.00148], physical=[0.00865 0.00148]
solver time:  0.6871945510210935
plant_input_stage0: full=[0.00812 0.00152], physical=[0.00812 0.00152]
solver time:  0.6552932600025088
plant_input_stage0: full=[0.00763 0.00157], physical=[0.00763 0.00157]
solver time:  0.6722511889820453
plant_input_stage0: full=[0.00716 0.00163], physical=[0.00716 0.00163]
solver time:  0.6855200820136815
plant_input_stage0: full=[0.00673 0.00169], physical=[0.00673 0.00169]
solver time:  0.6925083639798686
plant_input_stage0: full=[0.00632 0.00176], physical=[0.00632 0.00176]
목적지에 도착했습니다! 현재 위치: [1.80971 0.0974 ], 시간: 37.90초
Using obca optimizer with differential_drive dynamics:
median:  0.8239539409987628
std:  0.2527566893020361
min:  0.37924055199255235
max:  2.353696439997293
Simulation finished.
Run outcome: status=success, reason=None, final_time=37.90000000000027, distance_to_goal=0.009748116627441754
Trial history saved to /home/taekwon/projects/psdf_mpcc/benchmark_runs/maze_oblique_5_20260916_2320/runs/config03/trial_0002/data/trial_history_MPC_OBCA_rectangle_maze_startseed1.csv
Single test completed.
[Trials] Saved: status=success, successful solver steps=379

[Trials] oblique_maze / psdf trial 2/5, seed=1
Running single test...
Start perturbation: seed=1, pose=[0.15691168384129572, 0.24143236287002315, 0.01652185380916915], delta=[0.006911683841295721, 0.016432362870023167, 0.01652185380916936], clearance=0.022817 m, attempts=1
Start pose saved to /home/taekwon/projects/psdf_mpcc/benchmark_runs/maze_oblique_5_20260916_2320/runs/config04/trial_0002/data/start_pose_MPC_psdf_rectangle_oblique_maze_startseed1.json
Resetting psdf optimizer for clean state...
Trial failure criteria enabled: movement_window_sec=4.0, movement_threshold=0.03, max_consecutive_solver_failures=20
generating global path with A* + Line of Sight
시작 위치: [0.15691 0.24143]
목적지: [1.275 0.975]
도착 판정 기준: position <= 0.01m, angle <= 0.01rad
Warning: PSDF wrapper not initialized, skipping obstacle update
Setting up PSDF optimizer...
vertices.shape: (4, 2)
psdfWrapper initialized with vertices shape: (4, 2)
Added HARD obstacle avoidance constraint with d_safe = 0.0001
Reusing cached acados PSDF build artifacts (no recompile).
acados was compiled without OpenMP.
x_ws, u_ws : [0.15691 0.24143 0.01652] [0. 0.]
solver time:  0.00024152200785465539
plant_input_stage0: full=[-0.10871 -1.     ], physical=[-0.10871 -1.     ]
solver time:  0.0002641600149217993
plant_input_stage0: full=[ 0.58139 -1.     ], physical=[ 0.58139 -1.     ]
solver time:  0.0002478520036675036
plant_input_stage0: full=[0.18349 1.     ], physical=[0.18349 1.     ]
solver time:  0.00025076200836338103
plant_input_stage0: full=[0.15525 1.     ], physical=[0.15525 1.     ]
solver time:  0.0002392750175204128
plant_input_stage0: full=[0.17993 1.     ], physical=[0.17993 1.     ]
solver time:  0.00024555998970754445
plant_input_stage0: full=[0.20625 0.90458], physical=[0.20625 0.90458]
solver time:  0.000257147999946028
plant_input_stage0: full=[0.22816 0.56931], physical=[0.22816 0.56931]
solver time:  0.0002472330234013498
plant_input_stage0: full=[0.24128 0.61294], physical=[0.24128 0.61294]
solver time:  0.00024788398877717555
plant_input_stage0: full=[0.22553 1.     ], physical=[0.22553 1.     ]
solver time:  0.00021381600527092814
plant_input_stage0: full=[0.30111 1.     ], physical=[0.30111 1.     ]
solver time:  0.00023155100643634796
plant_input_stage0: full=[0.22497 1.     ], physical=[0.22497 1.     ]
solver time:  0.0002747850085143
plant_input_stage0: full=[0.1789 1.    ], physical=[0.1789 1.    ]
solver time:  0.00024221700732596219
plant_input_stage0: full=[0.18268 1.     ], physical=[0.18268 1.     ]
solver time:  0.00026839697966352105
plant_input_stage0: full=[0.20377 1.     ], physical=[0.20377 1.     ]
solver time:  0.00023564801085740328
plant_input_stage0: full=[0.22443 0.79567], physical=[0.22443 0.79567]
solver time:  0.00025265401927754283
plant_input_stage0: full=[0.23891 0.96951], physical=[0.23891 0.96951]
solver time:  0.00023741499171592295
plant_input_stage0: full=[0.27034 1.     ], physical=[0.27034 1.     ]
solver time:  0.00021625601220875978
plant_input_stage0: full=[0.19481 1.     ], physical=[0.19481 1.     ]
solver time:  0.00023322898778133094
plant_input_stage0: full=[0.1736 1.    ], physical=[0.1736 1.    ]
solver time:  0.00021247801487334073
plant_input_stage0: full=[0.15897 1.     ], physical=[0.15897 1.     ]
solver time:  0.0002358830242883414
plant_input_stage0: full=[0.15818 1.     ], physical=[0.15818 1.     ]
solver time:  0.00022977800108492374
plant_input_stage0: full=[0.16067 1.     ], physical=[0.16067 1.     ]
solver time:  0.00025792099768295884
plant_input_stage0: full=[0.21888 1.     ], physical=[0.21888 1.     ]
solver time:  0.0002787649864330888
plant_input_stage0: full=[0.20038 1.     ], physical=[0.20038 1.     ]
solver time:  0.0002646729990374297
plant_input_stage0: full=[0.16681 1.     ], physical=[0.16681 1.     ]
solver time:  0.0002588900097180158
plant_input_stage0: full=[0.17227 1.     ], physical=[0.17227 1.     ]
solver time:  0.0002427019935566932
plant_input_stage0: full=[0.18833 1.     ], physical=[0.18833 1.     ]
solver time:  0.00023673000396229327
plant_input_stage0: full=[0.18615 1.     ], physical=[0.18615 1.     ]
solver time:  0.0002471559855621308
plant_input_stage0: full=[0.20156 0.46248], physical=[0.20156 0.46248]
solver time:  0.00024750299053266644
plant_input_stage0: full=[0.23586 0.17036], physical=[0.23586 0.17036]
solver time:  0.00026530399918556213
plant_input_stage0: full=[0.24239 0.16327], physical=[0.24239 0.16327]
solver time:  0.0002286770031787455
plant_input_stage0: full=[0.25053 0.31026], physical=[0.25053 0.31026]
solver time:  0.0002518779947422445
plant_input_stage0: full=[ 0.263   -0.20012], physical=[ 0.263   -0.20012]
solver time:  0.0002474480133969337
plant_input_stage0: full=[ 0.24561 -1.     ], physical=[ 0.24561 -1.     ]
solver time:  0.00025012000696733594
plant_input_stage0: full=[ 0.17884 -1.     ], physical=[ 0.17884 -1.     ]
solver time:  0.00023521599359810352
plant_input_stage0: full=[ 0.11768 -1.     ], physical=[ 0.11768 -1.     ]
solver time:  0.00024826001026667655
plant_input_stage0: full=[ 0.14156 -1.     ], physical=[ 0.14156 -1.     ]
solver time:  0.0002320850035175681
plant_input_stage0: full=[ 0.11152 -1.     ], physical=[ 0.11152 -1.     ]
solver time:  0.00022850401001051068
plant_input_stage0: full=[ 0.12176 -1.     ], physical=[ 0.12176 -1.     ]
solver time:  0.00026470000739209354
plant_input_stage0: full=[ 0.12682 -1.     ], physical=[ 0.12682 -1.     ]
solver time:  0.00026391001301817596
plant_input_stage0: full=[ 0.1255 -1.    ], physical=[ 0.1255 -1.    ]
solver time:  0.0002411800087429583
plant_input_stage0: full=[ 0.13236 -1.     ], physical=[ 0.13236 -1.     ]
solver time:  0.0002677089942153543
plant_input_stage0: full=[ 0.14727 -1.     ], physical=[ 0.14727 -1.     ]
solver time:  0.0002561570145189762
plant_input_stage0: full=[ 0.16129 -1.     ], physical=[ 0.16129 -1.     ]
solver time:  0.0002628840156830847
plant_input_stage0: full=[ 0.18938 -1.     ], physical=[ 0.18938 -1.     ]
solver time:  0.00024371198378503323
plant_input_stage0: full=[ 0.21606 -0.92211], physical=[ 0.21606 -0.92211]
solver time:  0.00027493000379763544
plant_input_stage0: full=[ 0.23904 -0.60621], physical=[ 0.23904 -0.60621]
solver time:  0.0002472850028425455
plant_input_stage0: full=[ 0.25588 -0.91433], physical=[ 0.25588 -0.91433]
solver time:  0.0002442499971948564
plant_input_stage0: full=[ 0.18515 -1.     ], physical=[ 0.18515 -1.     ]
solver time:  0.0002522480208426714
plant_input_stage0: full=[ 0.14389 -1.     ], physical=[ 0.14389 -1.     ]
solver time:  0.0002473880012985319
plant_input_stage0: full=[ 0.16945 -1.     ], physical=[ 0.16945 -1.     ]
solver time:  0.00029299300513230264
plant_input_stage0: full=[ 0.16311 -1.     ], physical=[ 0.16311 -1.     ]
solver time:  0.0002504299918655306
plant_input_stage0: full=[ 0.15134 -1.     ], physical=[ 0.15134 -1.     ]
solver time:  0.00024784301058389246
plant_input_stage0: full=[ 0.13769 -1.     ], physical=[ 0.13769 -1.     ]
solver time:  0.00027569200028665364
plant_input_stage0: full=[ 0.14437 -1.     ], physical=[ 0.14437 -1.     ]
solver time:  0.0002684219798538834
plant_input_stage0: full=[ 0.16053 -1.     ], physical=[ 0.16053 -1.     ]
solver time:  0.00026163901202380657
plant_input_stage0: full=[ 0.20742 -0.91568], physical=[ 0.20742 -0.91568]
solver time:  0.00022406599600799382
plant_input_stage0: full=[ 0.21825 -0.77408], physical=[ 0.21825 -0.77408]
solver time:  0.00027801201213151217
plant_input_stage0: full=[ 0.23249 -0.17594], physical=[ 0.23249 -0.17594]
solver time:  0.00022777399863116443
plant_input_stage0: full=[ 0.23817 -0.01906], physical=[ 0.23817 -0.01906]
solver time:  0.00021753701730631292
plant_input_stage0: full=[0.23947 0.11294], physical=[0.23947 0.11294]
solver time:  0.0002639749727677554
plant_input_stage0: full=[0.24239 0.37996], physical=[0.24239 0.37996]
solver time:  0.00024041399592533708
plant_input_stage0: full=[0.24954 0.02663], physical=[0.24954 0.02663]
solver time:  0.00022909700055606663
plant_input_stage0: full=[ 0.28236 -0.91935], physical=[ 0.28236 -0.91935]
solver time:  0.00021489401115104556
plant_input_stage0: full=[ 0.15704 -1.     ], physical=[ 0.15704 -1.     ]
solver time:  0.0002325500245206058
plant_input_stage0: full=[ 0.14256 -1.     ], physical=[ 0.14256 -1.     ]
solver time:  0.00021492899395525455
plant_input_stage0: full=[ 0.14108 -1.     ], physical=[ 0.14108 -1.     ]
solver time:  0.00021806498989462852
plant_input_stage0: full=[ 0.13473 -1.     ], physical=[ 0.13473 -1.     ]
solver time:  0.0002410750021226704
plant_input_stage0: full=[ 0.20028 -1.     ], physical=[ 0.20028 -1.     ]
solver time:  0.00023743900237604976
plant_input_stage0: full=[ 0.18625 -1.     ], physical=[ 0.18625 -1.     ]
solver time:  0.00023476500064134598
plant_input_stage0: full=[ 0.16071 -1.     ], physical=[ 0.16071 -1.     ]
solver time:  0.00026028501451946795
plant_input_stage0: full=[ 0.16235 -1.     ], physical=[ 0.16235 -1.     ]
solver time:  0.00023112900089472532
plant_input_stage0: full=[ 0.18334 -1.     ], physical=[ 0.18334 -1.     ]
solver time:  0.00023315200814977288
plant_input_stage0: full=[ 0.20693 -0.81898], physical=[ 0.20693 -0.81898]
solver time:  0.00021855399245396256
plant_input_stage0: full=[ 0.22915 -0.37682], physical=[ 0.22915 -0.37682]
solver time:  0.0002463650016579777
plant_input_stage0: full=[ 0.24336 -0.13256], physical=[ 0.24336 -0.13256]
solver time:  0.00022557200281880796
plant_input_stage0: full=[0.24578 0.0229 ], physical=[0.24578 0.0229 ]
solver time:  0.0002533920051064342
plant_input_stage0: full=[0.24307 0.15848], physical=[0.24307 0.15848]
solver time:  0.0002674620191100985
plant_input_stage0: full=[0.23877 0.18519], physical=[0.23877 0.18519]
solver time:  0.0002834799815900624
plant_input_stage0: full=[0.23483 0.17911], physical=[0.23483 0.17911]
solver time:  0.00024893099907785654
plant_input_stage0: full=[0.22409 0.08932], physical=[0.22409 0.08932]
solver time:  0.0002744419907685369
plant_input_stage0: full=[0.23341 0.30184], physical=[0.23341 0.30184]
solver time:  0.00024832101189531386
plant_input_stage0: full=[0.2328  0.21428], physical=[0.2328  0.21428]
solver time:  0.0002542180009186268
plant_input_stage0: full=[0.22899 0.28539], physical=[0.22899 0.28539]
solver time:  0.00022159499349072576
plant_input_stage0: full=[0.22834 0.43117], physical=[0.22834 0.43117]
solver time:  0.00025075700250454247
plant_input_stage0: full=[0.2264  0.58869], physical=[0.2264  0.58869]
solver time:  0.0002794219763018191
plant_input_stage0: full=[0.23101 0.3059 ], physical=[0.23101 0.3059 ]
solver time:  0.00029051999445073307
plant_input_stage0: full=[ 0.23666 -0.06205], physical=[ 0.23666 -0.06205]
solver time:  0.0002842310059349984
plant_input_stage0: full=[ 0.2371  -0.00609], physical=[ 0.2371  -0.00609]
solver time:  0.00025743397418409586
plant_input_stage0: full=[0.23856 0.04087], physical=[0.23856 0.04087]
solver time:  0.0002684880164451897
plant_input_stage0: full=[0.25052 0.19589], physical=[0.25052 0.19589]
solver time:  0.000254384009167552
plant_input_stage0: full=[0.21211 1.     ], physical=[0.21211 1.     ]
solver time:  0.0002648170047905296
plant_input_stage0: full=[0.21484 1.     ], physical=[0.21484 1.     ]
solver time:  0.0002685140061657876
plant_input_stage0: full=[0.19547 1.     ], physical=[0.19547 1.     ]
solver time:  0.00026358701870776713
plant_input_stage0: full=[0.17088 1.     ], physical=[0.17088 1.     ]
solver time:  0.0002637260186020285
plant_input_stage0: full=[0.181 1.   ], physical=[0.181 1.   ]
solver time:  0.0002625430061016232
plant_input_stage0: full=[0.19681 1.     ], physical=[0.19681 1.     ]
solver time:  0.00025851299869827926
plant_input_stage0: full=[0.2146  0.70655], physical=[0.2146  0.70655]
solver time:  0.00025004698545672
plant_input_stage0: full=[ 0.24014 -0.50562], physical=[ 0.24014 -0.50562]
solver time:  0.00027535599656403065
plant_input_stage0: full=[0.23606 0.14144], physical=[0.23606 0.14144]
solver time:  0.00026067698490805924
plant_input_stage0: full=[ 0.24049 -1.     ], physical=[ 0.24049 -1.     ]
solver time:  0.00026387901743873954
plant_input_stage0: full=[ 0.21198 -0.60024], physical=[ 0.21198 -0.60024]
solver time:  0.0002576660190243274
plant_input_stage0: full=[0.30477 0.40054], physical=[0.30477 0.40054]
solver time:  0.0002610989904496819
plant_input_stage0: full=[0.2738 1.    ], physical=[0.2738 1.    ]
solver time:  0.00023045198759064078
plant_input_stage0: full=[0.22257 1.     ], physical=[0.22257 1.     ]
solver time:  0.0002587609924376011
plant_input_stage0: full=[0.1764 1.    ], physical=[0.1764 1.    ]
solver time:  0.0002446919970680028
plant_input_stage0: full=[0.14076 1.     ], physical=[0.14076 1.     ]
solver time:  0.00024930000654421747
plant_input_stage0: full=[0.11848 1.     ], physical=[0.11848 1.     ]
solver time:  0.00023457902716472745
plant_input_stage0: full=[0.10566 1.     ], physical=[0.10566 1.     ]
solver time:  0.0002749190025497228
plant_input_stage0: full=[0.09137 1.     ], physical=[0.09137 1.     ]
solver time:  0.00022239398094825447
plant_input_stage0: full=[0.08205 1.     ], physical=[0.08205 1.     ]
solver time:  0.00023416697513312101
plant_input_stage0: full=[0.06977 1.     ], physical=[0.06977 1.     ]
solver time:  0.0002137219998985529
plant_input_stage0: full=[0.06042 1.     ], physical=[0.06042 1.     ]
solver time:  0.00021483900491148233
plant_input_stage0: full=[0.05556 1.     ], physical=[0.05556 1.     ]
solver time:  0.00023017599596641958
plant_input_stage0: full=[0.05692 1.     ], physical=[0.05692 1.     ]
solver time:  0.00024634000146761537
plant_input_stage0: full=[0.05439 1.     ], physical=[0.05439 1.     ]
solver time:  0.00021701402147300541
plant_input_stage0: full=[0.08336 1.     ], physical=[0.08336 1.     ]
solver time:  0.00021481799194589257
plant_input_stage0: full=[0.10193 1.     ], physical=[0.10193 1.     ]
solver time:  0.0002173040120396763
plant_input_stage0: full=[0.10975 1.     ], physical=[0.10975 1.     ]
solver time:  0.00019875599537044764
plant_input_stage0: full=[0.11027 1.     ], physical=[0.11027 1.     ]
solver time:  0.00020648801000788808
plant_input_stage0: full=[0.12395 1.     ], physical=[0.12395 1.     ]
solver time:  0.00023043202236294746
plant_input_stage0: full=[0.14335 1.     ], physical=[0.14335 1.     ]
solver time:  0.00021762499818578362
plant_input_stage0: full=[0.1645 1.    ], physical=[0.1645 1.    ]
solver time:  0.00019846600480377674
plant_input_stage0: full=[0.18747 1.     ], physical=[0.18747 1.     ]
solver time:  0.00018323000404052436
plant_input_stage0: full=[0.21169 0.73614], physical=[0.21169 0.73614]
solver time:  0.00017705498612485826
plant_input_stage0: full=[0.23155 0.36014], physical=[0.23155 0.36014]
solver time:  0.00018291801097802818
plant_input_stage0: full=[0.24208 0.09498], physical=[0.24208 0.09498]
solver time:  0.000184959004400298
plant_input_stage0: full=[ 0.24499 -0.07684], physical=[ 0.24499 -0.07684]
solver time:  0.00020629802020266652
plant_input_stage0: full=[ 0.24412 -0.17184], physical=[ 0.24412 -0.17184]
solver time:  0.00019274899386800826
plant_input_stage0: full=[ 0.24194 -0.21089], physical=[ 0.24194 -0.21089]
solver time:  0.0001677550026215613
plant_input_stage0: full=[ 0.23975 -0.21421], physical=[ 0.23975 -0.21421]
solver time:  0.00018580499454401433
plant_input_stage0: full=[ 0.23802 -0.19771], physical=[ 0.23802 -0.19771]
solver time:  0.0001925590040627867
plant_input_stage0: full=[ 0.2368  -0.17219], physical=[ 0.2368  -0.17219]
solver time:  0.0002327019756194204
plant_input_stage0: full=[0.24364 0.78669], physical=[0.24364 0.78669]
solver time:  0.00021491400548256934
plant_input_stage0: full=[0.23327 0.02392], physical=[0.23327 0.02392]
solver time:  0.00020197100820951164
plant_input_stage0: full=[ 0.24873 -0.06094], physical=[ 0.24873 -0.06094]
solver time:  0.00021890999050810933
plant_input_stage0: full=[ 0.25624 -0.15036], physical=[ 0.25624 -0.15036]
solver time:  0.00020739700994454324
plant_input_stage0: full=[ 0.26753 -0.5743 ], physical=[ 0.26753 -0.5743 ]
solver time:  0.0001825760118663311
plant_input_stage0: full=[ 0.26675 -1.     ], physical=[ 0.26675 -1.     ]
solver time:  0.00017667899373918772
plant_input_stage0: full=[ 0.24745 -1.     ], physical=[ 0.24745 -1.     ]
solver time:  0.00018237499170936644
plant_input_stage0: full=[ 0.20767 -1.     ], physical=[ 0.20767 -1.     ]
solver time:  0.0001783379993867129
plant_input_stage0: full=[ 0.14939 -1.     ], physical=[ 0.14939 -1.     ]
solver time:  0.00019538801279850304
plant_input_stage0: full=[ 0.10407 -1.     ], physical=[ 0.10407 -1.     ]
solver time:  0.00020481299725361168
plant_input_stage0: full=[ 0.07097 -1.     ], physical=[ 0.07097 -1.     ]
solver time:  0.00019320700084790587
plant_input_stage0: full=[ 0.047 -1.   ], physical=[ 0.047 -1.   ]
목적지에 도착했습니다! 현재 위치: [1.2808  0.96896], 시간: 14.50초
Using psdf optimizer with differential_drive dynamics:
median:  0.00024371198378503323
std:  2.7057473443265358e-05
min:  0.0001677550026215613
max:  0.00029299300513230264
Simulation finished.
Run outcome: status=success, reason=None, final_time=14.499999999999964, distance_to_goal=0.008368696069949878
Trial history saved to /home/taekwon/projects/psdf_mpcc/benchmark_runs/maze_oblique_5_20260916_2320/runs/config04/trial_0002/data/trial_history_MPC_psdf_rectangle_oblique_maze_startseed1.csv
Pose-SDF data saved to /home/taekwon/projects/psdf_mpcc/benchmark_runs/maze_oblique_5_20260916_2320/runs/config04/trial_0002/data/pose_sdf_MPC_psdf_rectangle_oblique_maze_startseed1.csv
Total data points: 145
SDF statistics - Min: 0.0013, Max: 0.0591, Mean: 0.0160
Single test completed.
[Trials] Saved: status=success, successful solver steps=145

[Trials] oblique_maze / dcbf trial 2/5, seed=1
Running single test...
Start perturbation: seed=1, pose=[0.15691168384129572, 0.24143236287002315, 0.01652185380916915], delta=[0.006911683841295721, 0.016432362870023167, 0.01652185380916936], clearance=0.022817 m, attempts=1
Start pose saved to /home/taekwon/projects/psdf_mpcc/benchmark_runs/maze_oblique_5_20260916_2320/runs/config05/trial_0002/data/start_pose_MPC_DCBF_rectangle_oblique_maze_startseed1.json
Trial failure criteria enabled: movement_window_sec=4.0, movement_threshold=0.03, max_consecutive_solver_failures=20
generating global path with A* + Line of Sight
시작 위치: [0.15691 0.24143]
목적지: [1.275 0.975]
도착 판정 기준: position <= 0.01m, angle <= 0.01rad
solver time:  0.18977643799735233
plant_input_stage0: full=[0.08927 1.     ], physical=[0.08927 1.     ]
solver time:  0.18369244801579043
plant_input_stage0: full=[0.08549 0.7621 ], physical=[0.08549 0.7621 ]
solver time:  0.1952131139987614
plant_input_stage0: full=[0.0853  0.54017], physical=[0.0853  0.54017]
solver time:  0.19481476000510156
plant_input_stage0: full=[0.08525 0.1803 ], physical=[0.08525 0.1803 ]
solver time:  0.19688726001186296
plant_input_stage0: full=[0.08495 0.04125], physical=[0.08495 0.04125]
solver time:  0.20069040401722305
plant_input_stage0: full=[0.08457 0.04739], physical=[0.08457 0.04739]
solver time:  0.21352675100206397
plant_input_stage0: full=[0.08411 0.04538], physical=[0.08411 0.04538]
solver time:  0.22322870799689554
plant_input_stage0: full=[0.08353 0.03828], physical=[0.08353 0.03828]
solver time:  0.24658906299737282
plant_input_stage0: full=[0.08287 0.03418], physical=[0.08287 0.03418]
solver time:  0.22249890299281105
plant_input_stage0: full=[ 0.08214 -0.01804], physical=[ 0.08214 -0.01804]
solver time:  0.22512740301317535
plant_input_stage0: full=[ 0.08136 -0.05594], physical=[ 0.08136 -0.05594]
solver time:  0.21667403599712998
plant_input_stage0: full=[ 0.08072 -0.08109], physical=[ 0.08072 -0.08109]
solver time:  0.22314942002412863
plant_input_stage0: full=[ 0.07997 -0.09585], physical=[ 0.07997 -0.09585]
solver time:  0.21358809201046824
plant_input_stage0: full=[ 0.07928 -0.10365], physical=[ 0.07928 -0.10365]
solver time:  0.21980031501152553
plant_input_stage0: full=[ 0.07849 -0.10623], physical=[ 0.07849 -0.10623]
solver time:  0.2234360690054018
plant_input_stage0: full=[ 0.07767 -0.10444], physical=[ 0.07767 -0.10444]
solver time:  0.22667886601993814
plant_input_stage0: full=[ 0.07682 -0.10105], physical=[ 0.07682 -0.10105]
solver time:  0.2241044980182778
plant_input_stage0: full=[ 0.07573 -0.09614], physical=[ 0.07573 -0.09614]
solver time:  0.23013128101592883
plant_input_stage0: full=[ 0.07454 -0.0904 ], physical=[ 0.07454 -0.0904 ]
solver time:  0.2233566140057519
plant_input_stage0: full=[ 0.07328 -0.02163], physical=[ 0.07328 -0.02163]
solver time:  0.2617654260247946
plant_input_stage0: full=[0.07306 0.01896], physical=[0.07306 0.01896]
solver time:  0.25703532199258916
plant_input_stage0: full=[0.076   0.01684], physical=[0.076   0.01684]
solver time:  0.2601958180021029
plant_input_stage0: full=[ 0.10635 -0.41396], physical=[ 0.10635 -0.41396]
solver time:  0.2633327170042321
plant_input_stage0: full=[ 0.09982 -0.6993 ], physical=[ 0.09982 -0.6993 ]
solver time:  0.30326269200304523
plant_input_stage0: full=[ 0.0935  -0.05261], physical=[ 0.0935  -0.05261]
solver time:  0.292267910001101
plant_input_stage0: full=[0.09038 0.93094], physical=[0.09038 0.93094]
solver time:  0.3169895799946971
plant_input_stage0: full=[0.08244 0.66859], physical=[0.08244 0.66859]
solver time:  0.3313792239932809
plant_input_stage0: full=[0.0773 1.    ], physical=[0.0773 1.    ]
solver time:  0.3238602140045259
plant_input_stage0: full=[0.05997 1.     ], physical=[0.05997 1.     ]
solver time:  0.39067323101335205
plant_input_stage0: full=[0.06334 1.     ], physical=[0.06334 1.     ]
solver time:  0.26651766602299176
plant_input_stage0: full=[0.06739 1.     ], physical=[0.06739 1.     ]
solver time:  0.24568135800655
plant_input_stage0: full=[0.07095 1.     ], physical=[0.07095 1.     ]
solver time:  0.2522705710143782
plant_input_stage0: full=[0.07407 1.     ], physical=[0.07407 1.     ]
solver time:  0.2473341069999151
plant_input_stage0: full=[0.0767 1.    ], physical=[0.0767 1.    ]
solver time:  0.250783997005783
plant_input_stage0: full=[0.0787 1.    ], physical=[0.0787 1.    ]
solver time:  0.2572164050070569
plant_input_stage0: full=[0.0801 1.    ], physical=[0.0801 1.    ]
solver time:  0.3305855320068076
plant_input_stage0: full=[0.08076 0.40354], physical=[0.08076 0.40354]
solver time:  0.29283339899848215
plant_input_stage0: full=[0.08019 0.09253], physical=[0.08019 0.09253]
solver time:  0.29733647298417054
plant_input_stage0: full=[0.07929 0.06035], physical=[0.07929 0.06035]
solver time:  0.27356132300337777
plant_input_stage0: full=[0.07828 0.03632], physical=[0.07828 0.03632]
solver time:  0.2617131329898257
plant_input_stage0: full=[0.07722 0.01834], physical=[0.07722 0.01834]
solver time:  0.25488406399381347
plant_input_stage0: full=[ 0.09762 -0.00671], physical=[ 0.09762 -0.00671]
solver time:  0.2829166710143909
plant_input_stage0: full=[ 0.0937  -0.01358], physical=[ 0.0937  -0.01358]
solver time:  0.289882877987111
plant_input_stage0: full=[0.09243 0.02893], physical=[0.09243 0.02893]
solver time:  0.28248734198859893
plant_input_stage0: full=[0.09159 0.03071], physical=[0.09159 0.03071]
solver time:  0.2997368579963222
plant_input_stage0: full=[0.08821 0.02871], physical=[0.08821 0.02871]
solver time:  0.3361486020148732
plant_input_stage0: full=[ 0.08505 -0.05305], physical=[ 0.08505 -0.05305]
solver time:  0.33418149399221875
plant_input_stage0: full=[ 0.08555 -0.36928], physical=[ 0.08555 -0.36928]
solver time:  0.3648932290088851
plant_input_stage0: full=[ 0.08332 -0.11161], physical=[ 0.08332 -0.11161]
solver time:  0.3416561160120182
plant_input_stage0: full=[0.08493 0.14083], physical=[0.08493 0.14083]
solver time:  0.296233796980232
plant_input_stage0: full=[0.082   0.61884], physical=[0.082   0.61884]
solver time:  0.35371042499900796
plant_input_stage0: full=[0.07278 1.     ], physical=[0.07278 1.     ]
solver time:  0.35530952201224864
plant_input_stage0: full=[0.07157 1.     ], physical=[0.07157 1.     ]
solver time:  0.36102611100068316
plant_input_stage0: full=[0.06845 1.     ], physical=[0.06845 1.     ]
solver time:  0.36292211001273245
plant_input_stage0: full=[0.06396 1.     ], physical=[0.06396 1.     ]
solver time:  0.40587452199542895
plant_input_stage0: full=[0.06168 1.     ], physical=[0.06168 1.     ]
solver time:  0.387167484004749
plant_input_stage0: full=[0.06332 1.     ], physical=[0.06332 1.     ]
solver time:  0.28298153399373405
plant_input_stage0: full=[0.08915 1.     ], physical=[0.08915 1.     ]
solver time:  0.25198611998348497
plant_input_stage0: full=[0.08653 1.     ], physical=[0.08653 1.     ]
solver time:  0.2435189289972186
plant_input_stage0: full=[0.08477 1.     ], physical=[0.08477 1.     ]
solver time:  0.24134368600789458
plant_input_stage0: full=[0.08572 0.63207], physical=[0.08572 0.63207]
solver time:  0.23863016700488515
plant_input_stage0: full=[ 0.08589 -0.04256], physical=[ 0.08589 -0.04256]
solver time:  0.24591236902051605
plant_input_stage0: full=[ 0.08586 -0.03996], physical=[ 0.08586 -0.03996]
solver time:  0.23827388600329868
plant_input_stage0: full=[ 0.08584 -0.03749], physical=[ 0.08584 -0.03749]
solver time:  0.24064578700927086
plant_input_stage0: full=[ 0.08577 -0.04666], physical=[ 0.08577 -0.04666]
solver time:  0.24496374299633317
plant_input_stage0: full=[ 0.08553 -0.07305], physical=[ 0.08553 -0.07305]
solver time:  0.26419030301622115
plant_input_stage0: full=[ 0.08514 -0.06854], physical=[ 0.08514 -0.06854]
solver time:  0.22699050899245776
plant_input_stage0: full=[ 0.08457 -0.06003], physical=[ 0.08457 -0.06003]
solver time:  0.23112618102459237
plant_input_stage0: full=[ 0.08383 -0.05081], physical=[ 0.08383 -0.05081]
solver time:  0.22779626000556163
plant_input_stage0: full=[ 0.08293 -0.02772], physical=[ 0.08293 -0.02772]
solver time:  0.2261441920127254
plant_input_stage0: full=[0.08191 0.0488 ], physical=[0.08191 0.0488 ]
solver time:  0.2213784100022167
plant_input_stage0: full=[0.08078 0.09883], physical=[0.08078 0.09883]
solver time:  0.23187265399610624
plant_input_stage0: full=[0.07986 0.13022], physical=[0.07986 0.13022]
solver time:  0.22370191998197697
plant_input_stage0: full=[0.07872 0.14653], physical=[0.07872 0.14653]
solver time:  0.2336690080119297
plant_input_stage0: full=[0.07751 0.15288], physical=[0.07751 0.15288]
solver time:  0.23116449400549755
plant_input_stage0: full=[0.07642 0.15319], physical=[0.07642 0.15319]
solver time:  0.23086519300704822
plant_input_stage0: full=[0.0751  0.14855], physical=[0.0751  0.14855]
solver time:  0.23666123900329694
plant_input_stage0: full=[0.07369 0.14134], physical=[0.07369 0.14134]
solver time:  0.23471210699062794
plant_input_stage0: full=[0.0722  0.13199], physical=[0.0722  0.13199]
solver time:  0.22700907898251899
plant_input_stage0: full=[0.07067 0.1226 ], physical=[0.07067 0.1226 ]
solver time:  0.2421812919783406
plant_input_stage0: full=[0.06908 0.0577 ], physical=[0.06908 0.0577 ]
solver time:  0.2441326050029602
plant_input_stage0: full=[ 0.06732 -0.02413], physical=[ 0.06732 -0.02413]
solver time:  0.25722839700756595
plant_input_stage0: full=[ 0.0659  -0.02079], physical=[ 0.0659  -0.02079]
solver time:  0.2592502710176632
plant_input_stage0: full=[ 0.07032 -0.01786], physical=[ 0.07032 -0.01786]
solver time:  0.2652017319924198
plant_input_stage0: full=[ 0.07833 -0.01539], physical=[ 0.07833 -0.01539]
solver time:  0.26212488501914777
plant_input_stage0: full=[0.08175 0.17131], physical=[0.08175 0.17131]
solver time:  0.2632180460204836
plant_input_stage0: full=[0.08253 0.6942 ], physical=[0.08253 0.6942 ]
solver time:  0.274716271989746
plant_input_stage0: full=[0.08064 0.2619 ], physical=[0.08064 0.2619 ]
solver time:  0.30927432101452723
plant_input_stage0: full=[ 0.0801  -0.73055], physical=[ 0.0801  -0.73055]
solver time:  0.29962858598446473
plant_input_stage0: full=[ 0.07303 -1.     ], physical=[ 0.07303 -1.     ]
solver time:  0.28784703198471107
plant_input_stage0: full=[ 0.05831 -1.     ], physical=[ 0.05831 -1.     ]
solver time:  0.30931021299329586
plant_input_stage0: full=[ 0.05503 -1.     ], physical=[ 0.05503 -1.     ]
solver time:  0.3522890029998962
plant_input_stage0: full=[ 0.05891 -1.     ], physical=[ 0.05891 -1.     ]
solver time:  0.31707819501752965
plant_input_stage0: full=[ 0.0641 -1.    ], physical=[ 0.0641 -1.    ]
solver time:  0.30921394302276894
plant_input_stage0: full=[ 0.06808 -1.     ], physical=[ 0.06808 -1.     ]
solver time:  0.3054080790025182
plant_input_stage0: full=[ 0.07089 -1.     ], physical=[ 0.07089 -1.     ]
solver time:  0.2500055059790611
plant_input_stage0: full=[ 0.07257 -1.     ], physical=[ 0.07257 -1.     ]
solver time:  0.24868623798829503
plant_input_stage0: full=[ 0.07331 -1.     ], physical=[ 0.07331 -1.     ]
solver time:  0.25540406999061815
plant_input_stage0: full=[ 0.07612 -1.     ], physical=[ 0.07612 -1.     ]
solver time:  0.25646755800698884
plant_input_stage0: full=[ 0.07851 -1.     ], physical=[ 0.07851 -1.     ]
solver time:  0.2661625490000006
plant_input_stage0: full=[ 0.08011 -1.     ], physical=[ 0.08011 -1.     ]
solver time:  0.2507241249841172
plant_input_stage0: full=[ 0.08092 -0.36914], physical=[ 0.08092 -0.36914]
solver time:  0.24170950698317029
plant_input_stage0: full=[ 0.08034 -0.14499], physical=[ 0.08034 -0.14499]
solver time:  0.23165342200081795
plant_input_stage0: full=[ 0.07954 -0.09578], physical=[ 0.07954 -0.09578]
solver time:  0.23948469798779115
plant_input_stage0: full=[ 0.07857 -0.0586 ], physical=[ 0.07857 -0.0586 ]
solver time:  0.24150301798363216
plant_input_stage0: full=[ 0.07752 -0.03067], physical=[ 0.07752 -0.03067]
solver time:  0.2386178910091985
plant_input_stage0: full=[ 0.07643 -0.01019], physical=[ 0.07643 -0.01019]
solver time:  0.24559467399376445
plant_input_stage0: full=[0.0752  0.00392], physical=[0.0752  0.00392]
solver time:  0.24148662699735723
plant_input_stage0: full=[0.0739  0.01399], physical=[0.0739  0.01399]
solver time:  0.23845474200788885
plant_input_stage0: full=[0.07255 0.0209 ], physical=[0.07255 0.0209 ]
solver time:  0.24168453700258397
plant_input_stage0: full=[0.07112 0.02516], physical=[0.07112 0.02516]
solver time:  0.23922366800252348
plant_input_stage0: full=[0.06963 0.00544], physical=[0.06963 0.00544]
solver time:  0.2414992369886022
plant_input_stage0: full=[ 0.0681  -0.02102], physical=[ 0.0681  -0.02102]
solver time:  0.25881141400896013
plant_input_stage0: full=[ 0.06795 -0.01861], physical=[ 0.06795 -0.01861]
solver time:  0.2615742699999828
plant_input_stage0: full=[ 0.07338 -0.01668], physical=[ 0.07338 -0.01668]
solver time:  0.2660327589837834
plant_input_stage0: full=[ 0.0803  -0.01535], physical=[ 0.0803  -0.01535]
solver time:  0.2829663190059364
plant_input_stage0: full=[0.08149 0.2911 ], physical=[0.08149 0.2911 ]
solver time:  0.2936440070043318
plant_input_stage0: full=[0.08214 0.43611], physical=[0.08214 0.43611]
solver time:  0.28290427799220197
plant_input_stage0: full=[ 0.10551 -0.48572], physical=[ 0.10551 -0.48572]
solver time:  0.28703689799294807
plant_input_stage0: full=[ 0.0941  -0.48736], physical=[ 0.0941  -0.48736]
solver time:  0.313970960007282
plant_input_stage0: full=[ 0.07724 -1.     ], physical=[ 0.07724 -1.     ]
solver time:  0.27661620400613174
plant_input_stage0: full=[ 0.05517 -1.     ], physical=[ 0.05517 -1.     ]
solver time:  0.329493213997921
plant_input_stage0: full=[ 0.06012 -1.     ], physical=[ 0.06012 -1.     ]
solver time:  0.31143481098115444
plant_input_stage0: full=[ 0.06395 -1.     ], physical=[ 0.06395 -1.     ]
solver time:  0.25093326400383376
plant_input_stage0: full=[ 0.06669 -1.     ], physical=[ 0.06669 -1.     ]
solver time:  0.24053852100041695
plant_input_stage0: full=[ 0.07045 -1.     ], physical=[ 0.07045 -1.     ]
solver time:  0.24814978099311702
plant_input_stage0: full=[ 0.0745 -1.    ], physical=[ 0.0745 -1.    ]
solver time:  0.2310904789774213
plant_input_stage0: full=[ 0.0781 -1.    ], physical=[ 0.0781 -1.    ]
solver time:  0.2470605090202298
plant_input_stage0: full=[ 0.08119 -1.     ], physical=[ 0.08119 -1.     ]
solver time:  0.2415061270003207
plant_input_stage0: full=[ 0.08366 -1.     ], physical=[ 0.08366 -1.     ]
solver time:  0.2443760710011702
plant_input_stage0: full=[ 0.08518 -0.50042], physical=[ 0.08518 -0.50042]
solver time:  0.23866691600414924
plant_input_stage0: full=[ 0.0855  -0.12585], physical=[ 0.0855  -0.12585]
solver time:  0.23153904799255542
plant_input_stage0: full=[ 0.08538 -0.08036], physical=[ 0.08538 -0.08036]
solver time:  0.22784082501311786
plant_input_stage0: full=[ 0.08516 -0.04601], physical=[ 0.08516 -0.04601]
solver time:  0.23890408698935062
plant_input_stage0: full=[ 0.08487 -0.02045], physical=[ 0.08487 -0.02045]
solver time:  0.23870109400013462
plant_input_stage0: full=[ 0.0845  -0.00229], physical=[ 0.0845  -0.00229]
solver time:  0.2528554819873534
plant_input_stage0: full=[0.08405 0.01071], physical=[0.08405 0.01071]
solver time:  0.24920960399322212
plant_input_stage0: full=[0.08353 0.01972], physical=[0.08353 0.01972]
solver time:  0.262848850019509
plant_input_stage0: full=[0.08292 0.02548], physical=[0.08292 0.02548]
solver time:  0.2615701079776045
plant_input_stage0: full=[0.08225 0.02905], physical=[0.08225 0.02905]
solver time:  0.26263128998107277
plant_input_stage0: full=[0.08151 0.0297 ], physical=[0.08151 0.0297 ]
solver time:  0.246976108988747
plant_input_stage0: full=[0.08078 0.03026], physical=[0.08078 0.03026]
solver time:  0.2484713589947205
plant_input_stage0: full=[0.07998 0.02996], physical=[0.07998 0.02996]
solver time:  0.2583387400081847
plant_input_stage0: full=[0.07909 0.02911], physical=[0.07909 0.02911]
solver time:  0.2628722849767655
plant_input_stage0: full=[0.07814 0.02839], physical=[0.07814 0.02839]
solver time:  0.28436096201767214
plant_input_stage0: full=[0.07713 0.02684], physical=[0.07713 0.02684]
solver time:  0.29699907702161
plant_input_stage0: full=[0.07608 0.02517], physical=[0.07608 0.02517]
solver time:  0.2873696500028018
plant_input_stage0: full=[0.07498 0.02338], physical=[0.07498 0.02338]
solver time:  0.2916868739994243
plant_input_stage0: full=[0.07381 0.02149], physical=[0.07381 0.02149]
solver time:  0.3355622079980094
plant_input_stage0: full=[0.07261 0.00226], physical=[0.07261 0.00226]
solver time:  0.3522277309966739
plant_input_stage0: full=[ 0.07462 -0.00093], physical=[ 0.07462 -0.00093]
solver time:  0.38724115799413994
plant_input_stage0: full=[ 0.08138 -0.00065], physical=[ 0.08138 -0.00065]
solver time:  0.38136174497776665
plant_input_stage0: full=[0.08519 0.04139], physical=[0.08519 0.04139]
solver time:  0.39100706999306567
plant_input_stage0: full=[0.10742 0.2547 ], physical=[0.10742 0.2547 ]
solver time:  0.4202694190025795
plant_input_stage0: full=[0.1042  0.01758], physical=[0.1042  0.01758]
solver time:  0.4055637870042119
plant_input_stage0: full=[ 0.09904 -0.20714], physical=[ 0.09904 -0.20714]
solver time:  0.45672912898589857
plant_input_stage0: full=[ 0.0855  -0.34985], physical=[ 0.0855  -0.34985]
solver time:  0.377397591015324
plant_input_stage0: full=[ 0.06985 -1.     ], physical=[ 0.06985 -1.     ]
solver time:  0.4547080089978408
plant_input_stage0: full=[ 0.07913 -1.     ], physical=[ 0.07913 -1.     ]
solver time:  0.4326372930081561
plant_input_stage0: full=[ 0.08324 -1.     ], physical=[ 0.08324 -1.     ]
solver time:  0.28752938701654784
plant_input_stage0: full=[ 0.08602 -1.     ], physical=[ 0.08602 -1.     ]
solver time:  0.26224977101082914
plant_input_stage0: full=[ 0.08753 -1.     ], physical=[ 0.08753 -1.     ]
solver time:  0.2593522440001834
plant_input_stage0: full=[ 0.08786 -1.     ], physical=[ 0.08786 -1.     ]
solver time:  0.26961616400512867
plant_input_stage0: full=[ 0.08712 -1.     ], physical=[ 0.08712 -1.     ]
solver time:  0.2639384969952516
plant_input_stage0: full=[ 0.0854 -1.    ], physical=[ 0.0854 -1.    ]
solver time:  0.2723996239947155
plant_input_stage0: full=[ 0.08514 -1.     ], physical=[ 0.08514 -1.     ]
solver time:  0.2659676230105106
plant_input_stage0: full=[ 0.08684 -1.     ], physical=[ 0.08684 -1.     ]
solver time:  0.2704503879940603
plant_input_stage0: full=[ 0.08753 -0.22948], physical=[ 0.08753 -0.22948]
solver time:  0.27506618801271543
plant_input_stage0: full=[0.08738 0.12098], physical=[0.08738 0.12098]
solver time:  0.2763644790102262
plant_input_stage0: full=[0.08718 0.1133 ], physical=[0.08718 0.1133 ]
solver time:  0.308387839992065
plant_input_stage0: full=[0.087   0.10676], physical=[0.087   0.10676]
solver time:  0.30278916101087816
plant_input_stage0: full=[0.08685 0.10051], physical=[0.08685 0.10051]
solver time:  0.27748488198267296
plant_input_stage0: full=[0.08671 0.09464], physical=[0.08671 0.09464]
solver time:  0.2841681729769334
plant_input_stage0: full=[0.08659 0.08904], physical=[0.08659 0.08904]
solver time:  0.2807516799948644
plant_input_stage0: full=[0.08648 0.08375], physical=[0.08648 0.08375]
solver time:  0.27848852999159135
plant_input_stage0: full=[0.08639 0.07876], physical=[0.08639 0.07876]
solver time:  0.28448265200131573
plant_input_stage0: full=[0.0863  0.07404], physical=[0.0863  0.07404]
solver time:  0.27752697200048715
plant_input_stage0: full=[0.08623 0.0696 ], physical=[0.08623 0.0696 ]
solver time:  0.28639875797671266
plant_input_stage0: full=[0.08616 0.0654 ], physical=[0.08616 0.0654 ]
solver time:  0.2924517229839694
plant_input_stage0: full=[0.08611 0.06145], physical=[0.08611 0.06145]
solver time:  0.30304985502152704
plant_input_stage0: full=[0.08603 0.05235], physical=[0.08603 0.05235]
solver time:  0.29421085701324046
plant_input_stage0: full=[0.08584 0.02811], physical=[0.08584 0.02811]
solver time:  0.30071371598751284
plant_input_stage0: full=[0.08555 0.00672], physical=[0.08555 0.00672]
solver time:  0.2935831799986772
plant_input_stage0: full=[ 0.08517 -0.01083], physical=[ 0.08517 -0.01083]
solver time:  0.31466537300730124
plant_input_stage0: full=[ 0.08474 -0.02253], physical=[ 0.08474 -0.02253]
solver time:  0.312284104002174
plant_input_stage0: full=[ 0.0845  -0.02899], physical=[ 0.0845  -0.02899]
solver time:  0.315265758021269
plant_input_stage0: full=[ 0.08441 -0.09701], physical=[ 0.08441 -0.09701]
solver time:  0.30864750599721447
plant_input_stage0: full=[ 0.08424 -0.17064], physical=[ 0.08424 -0.17064]
solver time:  0.3083493019803427
plant_input_stage0: full=[ 0.08411 -0.21255], physical=[ 0.08411 -0.21255]
solver time:  0.3051452670188155
plant_input_stage0: full=[ 0.08404 -0.23266], physical=[ 0.08404 -0.23266]
solver time:  0.31931310301297344
plant_input_stage0: full=[ 0.08425 -0.23929], physical=[ 0.08425 -0.23929]
solver time:  0.31395188698661514
plant_input_stage0: full=[ 0.08424 -0.23516], physical=[ 0.08424 -0.23516]
solver time:  0.32069193600909784
plant_input_stage0: full=[ 0.08428 -0.18756], physical=[ 0.08428 -0.18756]
solver time:  0.32502222401672043
plant_input_stage0: full=[0.08453 0.07899], physical=[0.08453 0.07899]
solver time:  0.3217468539951369
plant_input_stage0: full=[0.08528 0.07221], physical=[0.08528 0.07221]
solver time:  0.3330397680110764
plant_input_stage0: full=[0.08529 0.06719], physical=[0.08529 0.06719]
solver time:  0.37560651201056316
plant_input_stage0: full=[0.08565 0.06413], physical=[0.08565 0.06413]
solver time:  0.35393670698977076
plant_input_stage0: full=[0.08537 0.06315], physical=[0.08537 0.06315]
solver time:  0.3831392029824201
plant_input_stage0: full=[0.08511 0.06927], physical=[0.08511 0.06927]
solver time:  0.36790139399818145
plant_input_stage0: full=[ 0.08522 -0.12256], physical=[ 0.08522 -0.12256]
solver time:  0.3658179969934281
plant_input_stage0: full=[0.08533 0.13644], physical=[0.08533 0.13644]
solver time:  0.4349355649901554
plant_input_stage0: full=[0.08741 0.98614], physical=[0.08741 0.98614]
solver time:  0.4227590019872878
plant_input_stage0: full=[0.08355 1.     ], physical=[0.08355 1.     ]
solver time:  0.4185319959942717
plant_input_stage0: full=[0.08479 0.79452], physical=[0.08479 0.79452]
solver time:  0.4302845819911454
plant_input_stage0: full=[0.08512 0.00824], physical=[0.08512 0.00824]
solver time:  0.4857773859985173
plant_input_stage0: full=[0.08482 0.00361], physical=[0.08482 0.00361]
solver time:  0.43794154599891044
plant_input_stage0: full=[0.08447 0.00018], physical=[0.08447 0.00018]
solver time:  0.4349248960206751
plant_input_stage0: full=[ 0.08409 -0.00232], physical=[ 0.08409 -0.00232]
solver time:  0.40458381100324914
plant_input_stage0: full=[ 0.08368 -0.0041 ], physical=[ 0.08368 -0.0041 ]
solver time:  0.3547469319892116
plant_input_stage0: full=[ 0.08324 -0.00583], physical=[ 0.08324 -0.00583]
solver time:  0.39298171299742535
plant_input_stage0: full=[ 0.08276 -0.00636], physical=[ 0.08276 -0.00636]
solver time:  0.3945373570022639
plant_input_stage0: full=[ 0.08225 -0.00654], physical=[ 0.08225 -0.00654]
solver time:  0.3345034949888941
plant_input_stage0: full=[ 0.0817  -0.00647], physical=[ 0.0817  -0.00647]
solver time:  0.316729835991282
plant_input_stage0: full=[ 0.08113 -0.00626], physical=[ 0.08113 -0.00626]
solver time:  0.3311688099929597
plant_input_stage0: full=[ 0.08051 -0.00593], physical=[ 0.08051 -0.00593]
solver time:  0.3341568979958538
plant_input_stage0: full=[ 0.07986 -0.00549], physical=[ 0.07986 -0.00549]
solver time:  0.33519694101414643
plant_input_stage0: full=[ 0.07919 -0.00411], physical=[ 0.07919 -0.00411]
solver time:  0.36417412100126967
plant_input_stage0: full=[ 0.08035 -0.03094], physical=[ 0.08035 -0.03094]
solver time:  0.38716939999721944
plant_input_stage0: full=[0.08293 0.0106 ], physical=[0.08293 0.0106 ]
solver time:  0.43958564900094643
plant_input_stage0: full=[ 0.08426 -0.00343], physical=[ 0.08426 -0.00343]
solver time:  0.5821961530018598
plant_input_stage0: full=[ 0.11119 -0.03849], physical=[ 0.11119 -0.03849]
solver time:  0.5579970660037361
plant_input_stage0: full=[ 0.10453 -0.00787], physical=[ 0.10453 -0.00787]
solver time:  0.41431179200299084
plant_input_stage0: full=[ 0.09828 -0.00652], physical=[ 0.09828 -0.00652]
solver time:  0.47817437499179505
plant_input_stage0: full=[0.09229 0.17822], physical=[0.09229 0.17822]
solver time:  0.5009343209967483
plant_input_stage0: full=[0.10191 1.     ], physical=[0.10191 1.     ]
solver time:  0.5039248829998542
plant_input_stage0: full=[0.07447 1.     ], physical=[0.07447 1.     ]
solver time:  0.46006897001643665
plant_input_stage0: full=[0.07789 1.     ], physical=[0.07789 1.     ]
solver time:  0.452223453001352
plant_input_stage0: full=[0.08083 1.     ], physical=[0.08083 1.     ]
solver time:  0.33242808500654064
plant_input_stage0: full=[0.08328 1.     ], physical=[0.08328 1.     ]
solver time:  0.3200328770035412
plant_input_stage0: full=[0.08492 0.82041], physical=[0.08492 0.82041]
solver time:  0.3370663359819446
plant_input_stage0: full=[0.08566 0.04369], physical=[0.08566 0.04369]
solver time:  0.2987337489903439
plant_input_stage0: full=[0.08568 0.02459], physical=[0.08568 0.02459]
solver time:  0.29404611999052577
plant_input_stage0: full=[0.0857  0.01051], physical=[0.0857  0.01051]
solver time:  0.2630439770000521
plant_input_stage0: full=[0.08566 0.0002 ], physical=[0.08566 0.0002 ]
solver time:  0.27085719001479447
plant_input_stage0: full=[ 0.08548 -0.00724], physical=[ 0.08548 -0.00724]
solver time:  0.2666988760174718
plant_input_stage0: full=[ 0.08522 -0.01118], physical=[ 0.08522 -0.01118]
solver time:  0.265684334008256
plant_input_stage0: full=[ 0.08488 -0.01443], physical=[ 0.08488 -0.01443]
solver time:  0.27013890800299123
plant_input_stage0: full=[ 0.08446 -0.01644], physical=[ 0.08446 -0.01644]
solver time:  0.25807269400684163
plant_input_stage0: full=[ 0.08387 -0.01725], physical=[ 0.08387 -0.01725]
solver time:  0.25905118699301966
plant_input_stage0: full=[ 0.08294 -0.01854], physical=[ 0.08294 -0.01854]
solver time:  0.25989899900741875
plant_input_stage0: full=[ 0.08176 -0.01818], physical=[ 0.08176 -0.01818]
solver time:  0.25930209399666637
plant_input_stage0: full=[ 0.08035 -0.01742], physical=[ 0.08035 -0.01742]
solver time:  0.27922204599599354
plant_input_stage0: full=[ 0.07873 -0.01394], physical=[ 0.07873 -0.01394]
solver time:  0.26865513098891824
plant_input_stage0: full=[ 0.07692 -0.01328], physical=[ 0.07692 -0.01328]
solver time:  0.29941485199378803
plant_input_stage0: full=[ 0.07496 -0.0125 ], physical=[ 0.07496 -0.0125 ]
solver time:  0.2867096879926976
plant_input_stage0: full=[ 0.07286 -0.01165], physical=[ 0.07286 -0.01165]
solver time:  0.292628530994989
plant_input_stage0: full=[ 0.07058 -0.01075], physical=[ 0.07058 -0.01075]
solver time:  0.30248364797444083
plant_input_stage0: full=[ 0.0682  -0.00983], physical=[ 0.0682  -0.00983]
solver time:  0.29706479300512
plant_input_stage0: full=[ 0.06574 -0.00893], physical=[ 0.06574 -0.00893]
solver time:  0.30422102799639106
plant_input_stage0: full=[ 0.06315 -0.00804], physical=[ 0.06315 -0.00804]
solver time:  0.29690027100150473
plant_input_stage0: full=[ 0.06051 -0.0072 ], physical=[ 0.06051 -0.0072 ]
solver time:  0.32943620000150986
plant_input_stage0: full=[ 0.05784 -0.00642], physical=[ 0.05784 -0.00642]
solver time:  0.28896537600667216
plant_input_stage0: full=[ 0.0551  -0.00571], physical=[ 0.0551  -0.00571]
solver time:  0.2885029690223746
plant_input_stage0: full=[ 0.0524  -0.00239], physical=[ 0.0524  -0.00239]
solver time:  0.2918393870058935
plant_input_stage0: full=[0.04963 0.00012], physical=[0.04963 0.00012]
solver time:  0.33704164598020725
plant_input_stage0: full=[0.04696 0.00012], physical=[0.04696 0.00012]
solver time:  0.3454151720216032
plant_input_stage0: full=[0.04425 0.00009], physical=[0.04425 0.00009]
solver time:  0.33521913399454206
plant_input_stage0: full=[0.04166 0.00008], physical=[0.04166 0.00008]
solver time:  0.31525964697357267
plant_input_stage0: full=[0.03907 0.00006], physical=[0.03907 0.00006]
solver time:  0.3273539090005215
plant_input_stage0: full=[0.03661 0.00006], physical=[0.03661 0.00006]
solver time:  0.30334875799599104
plant_input_stage0: full=[0.03422 0.00006], physical=[0.03422 0.00006]
solver time:  0.3374422630004119
plant_input_stage0: full=[0.03187 0.00006], physical=[0.03187 0.00006]
solver time:  0.5530682030075695
plant_input_stage0: full=[0.0325  0.00006], physical=[0.0325  0.00006]
solver time:  0.47550424200017005
plant_input_stage0: full=[0.02244 0.00007], physical=[0.02244 0.00007]
solver time:  0.4789688030141406
plant_input_stage0: full=[0.01754 0.00006], physical=[0.01754 0.00006]
solver time:  0.5585820339911152
plant_input_stage0: full=[0.02    0.00006], physical=[0.02    0.00006]
solver time:  0.598141124995891
plant_input_stage0: full=[0.01877 0.00006], physical=[0.01877 0.00006]
solver time:  0.6812981300172396
plant_input_stage0: full=[0.01762 0.00007], physical=[0.01762 0.00007]
solver time:  0.5940211960114539
plant_input_stage0: full=[0.01654 0.00007], physical=[0.01654 0.00007]
solver time:  0.5127816080057528
plant_input_stage0: full=[0.01553 0.00007], physical=[0.01553 0.00007]
solver time:  0.6088298429967836
plant_input_stage0: full=[0.01461 0.00007], physical=[0.01461 0.00007]
solver time:  0.67428268599906
plant_input_stage0: full=[0.01371 0.00008], physical=[0.01371 0.00008]
solver time:  0.5567961560154799
plant_input_stage0: full=[0.01291 0.00008], physical=[0.01291 0.00008]
solver time:  0.6314869549823925
plant_input_stage0: full=[0.01211 0.00008], physical=[0.01211 0.00008]
solver time:  0.5625139439944178
plant_input_stage0: full=[0.01141 0.00009], physical=[0.01141 0.00009]
solver time:  0.6525961630104575
plant_input_stage0: full=[0.01071 0.00009], physical=[0.01071 0.00009]
solver time:  0.7022919680166524
plant_input_stage0: full=[0.0101  0.00001], physical=[0.0101  0.00001]
solver time:  0.6039558420015965
plant_input_stage0: full=[ 0.00948 -0.00002], physical=[ 0.00948 -0.00002]
solver time:  0.6691860489954706
plant_input_stage0: full=[ 0.00889 -0.00001], physical=[ 0.00889 -0.00001]
solver time:  0.6165295309911016
plant_input_stage0: full=[0.0084  0.00002], physical=[0.0084  0.00002]
solver time:  0.8271688789827749
plant_input_stage0: full=[0.00788 0.00005], physical=[0.00788 0.00005]
solver time:  0.6350190549856052
plant_input_stage0: full=[0.00739 0.00008], physical=[0.00739 0.00008]
solver time:  0.5176174980006181
plant_input_stage0: full=[0.007   0.00011], physical=[0.007   0.00011]
solver time:  0.5363895409973338
plant_input_stage0: full=[0.00657 0.00014], physical=[0.00657 0.00014]
solver time:  0.5940903149894439
plant_input_stage0: full=[0.00616 0.00017], physical=[0.00616 0.00017]
solver time:  0.5185231359791942
plant_input_stage0: full=[0.00578 0.00019], physical=[0.00578 0.00019]
solver time:  0.6045570370042697
plant_input_stage0: full=[0.00549 0.00021], physical=[0.00549 0.00021]
solver time:  0.6139793719921727
plant_input_stage0: full=[0.00516 0.00023], physical=[0.00516 0.00023]
solver time:  0.6223580010118894
plant_input_stage0: full=[0.00484 0.00022], physical=[0.00484 0.00022]
solver time:  0.4931556259980425
plant_input_stage0: full=[0.00454 0.00013], physical=[0.00454 0.00013]
solver time:  0.5420577519980725
plant_input_stage0: full=[0.00426 0.00007], physical=[0.00426 0.00007]
solver time:  0.469291400979273
plant_input_stage0: full=[0.004   0.00004], physical=[0.004   0.00004]
solver time:  0.5849455580173526
plant_input_stage0: full=[0.00382 0.00002], physical=[0.00382 0.00002]
solver time:  0.5355069409997668
plant_input_stage0: full=[0.00358 0.00001], physical=[0.00358 0.00001]
solver time:  0.5520957440021448
plant_input_stage0: full=[0.00336 0.00001], physical=[0.00336 0.00001]
solver time:  0.5419552469975315
plant_input_stage0: full=[0.00315 0.00001], physical=[0.00315 0.00001]
solver time:  0.4599447039945517
plant_input_stage0: full=[0.00296 0.00001], physical=[0.00296 0.00001]
solver time:  0.5009157349995803
plant_input_stage0: full=[0.00278 0.00001], physical=[0.00278 0.00001]
solver time:  0.5895577699993737
plant_input_stage0: full=[0.0026  0.00002], physical=[0.0026  0.00002]
solver time:  0.5951324079942424
plant_input_stage0: full=[0.00244 0.00002], physical=[0.00244 0.00002]
solver time:  0.4755388429912273
plant_input_stage0: full=[ 0.00235 -0.07768], physical=[ 0.00235 -0.07768]
solver time:  0.3802949090022594
plant_input_stage0: full=[ 0.00124 -0.00005], physical=[ 0.00124 -0.00005]
solver time:  0.3859527110180352
plant_input_stage0: full=[ 0.00116 -0.00007], physical=[ 0.00116 -0.00007]
solver time:  0.45097343999077566
plant_input_stage0: full=[ 0.00109 -0.00008], physical=[ 0.00109 -0.00008]
solver time:  0.45059852799749933
plant_input_stage0: full=[ 0.00103 -0.00007], physical=[ 0.00103 -0.00007]
solver time:  0.39378967898664996
plant_input_stage0: full=[ 0.00096 -0.00006], physical=[ 0.00096 -0.00006]
실패 조건 충족으로 시뮬레이션 종료: stuck_for_4.00s_disp_0.0282m_le_0.0300m
Using dcbf optimizer with differential_drive dynamics:
median:  0.2936135935015045
std:  0.11619876223945769
min:  0.18369244801579043
max:  0.8271688789827749
Simulation finished.
Run outcome: status=failure, reason=stuck_for_4.00s_disp_0.0282m_le_0.0300m, final_time=30.600000000000165, distance_to_goal=0.5518560178110768
Trial history saved to /home/taekwon/projects/psdf_mpcc/benchmark_runs/maze_oblique_5_20260916_2320/runs/config05/trial_0002/data/trial_history_MPC_DCBF_rectangle_oblique_maze_startseed1.csv
Single test completed.
[Trials] Saved: status=failure, successful solver steps=306

[Trials] oblique_maze / obca trial 2/5, seed=1
Running single test...
Start perturbation: seed=1, pose=[0.15691168384129572, 0.24143236287002315, 0.01652185380916915], delta=[0.006911683841295721, 0.016432362870023167, 0.01652185380916936], clearance=0.022817 m, attempts=1
Start pose saved to /home/taekwon/projects/psdf_mpcc/benchmark_runs/maze_oblique_5_20260916_2320/runs/config06/trial_0002/data/start_pose_MPC_OBCA_rectangle_oblique_maze_startseed1.json
Trial failure criteria enabled: movement_window_sec=4.0, movement_threshold=0.03, max_consecutive_solver_failures=20
generating global path with A* + Line of Sight
시작 위치: [0.15691 0.24143]
목적지: [1.275 0.975]
도착 판정 기준: position <= 0.01m, angle <= 0.01rad
solver time:  0.4484149169875309
plant_input_stage0: full=[0.08927 1.     ], physical=[0.08927 1.     ]
solver time:  0.4152008639939595
plant_input_stage0: full=[0.08549 0.7621 ], physical=[0.08549 0.7621 ]
solver time:  0.4288592310040258
plant_input_stage0: full=[0.0853  0.54017], physical=[0.0853  0.54017]
solver time:  0.4168581539997831
plant_input_stage0: full=[0.08523 0.17222], physical=[0.08523 0.17222]
solver time:  0.4336870030092541
plant_input_stage0: full=[0.08489 0.02797], physical=[0.08489 0.02797]
solver time:  0.41875048700603656
plant_input_stage0: full=[0.08447 0.0321 ], physical=[0.08447 0.0321 ]
solver time:  0.44165632501244545
plant_input_stage0: full=[0.08398 0.03631], physical=[0.08398 0.03631]
solver time:  0.4632266429834999
plant_input_stage0: full=[0.08341 0.03916], physical=[0.08341 0.03916]
solver time:  0.4986601510026958
plant_input_stage0: full=[0.08282 0.03947], physical=[0.08282 0.03947]
solver time:  0.4521174319961574
plant_input_stage0: full=[ 0.08219 -0.00115], physical=[ 0.08219 -0.00115]
solver time:  0.4859912219981197
plant_input_stage0: full=[ 0.0815  -0.04386], physical=[ 0.0815  -0.04386]
solver time:  0.48114709299989045
plant_input_stage0: full=[ 0.08087 -0.0725 ], physical=[ 0.08087 -0.0725 ]
solver time:  0.4875903300126083
plant_input_stage0: full=[ 0.08015 -0.08998], physical=[ 0.08015 -0.08998]
solver time:  0.4806601930176839
plant_input_stage0: full=[ 0.0795  -0.09978], physical=[ 0.0795  -0.09978]
solver time:  0.4923097449936904
plant_input_stage0: full=[ 0.07874 -0.10383], physical=[ 0.07874 -0.10383]
solver time:  0.4788179079769179
plant_input_stage0: full=[ 0.07797 -0.10326], physical=[ 0.07797 -0.10326]
solver time:  0.5137490429915488
plant_input_stage0: full=[ 0.07717 -0.10065], physical=[ 0.07717 -0.10065]
solver time:  0.5017173209926113
plant_input_stage0: full=[ 0.07615 -0.09627], physical=[ 0.07615 -0.09627]
solver time:  0.543510805000551
plant_input_stage0: full=[ 0.07549 -0.09158], physical=[ 0.07549 -0.09158]
solver time:  0.5197492679872084
plant_input_stage0: full=[ 0.0771  -0.01793], physical=[ 0.0771  -0.01793]
solver time:  0.6101120979874395
plant_input_stage0: full=[0.07913 0.02043], physical=[0.07913 0.02043]
solver time:  0.6520239569945261
plant_input_stage0: full=[0.08008 0.01837], physical=[0.08008 0.01837]
solver time:  0.6498091009852942
plant_input_stage0: full=[ 0.10498 -0.49303], physical=[ 0.10498 -0.49303]
solver time:  0.6989348159986548
plant_input_stage0: full=[ 0.09832 -0.76762], physical=[ 0.09832 -0.76762]
solver time:  0.8143667909898795
plant_input_stage0: full=[0.09357 0.33663], physical=[0.09357 0.33663]
solver time:  0.7884157960070297
plant_input_stage0: full=[0.08572 0.48219], physical=[0.08572 0.48219]
solver time:  0.813848664984107
plant_input_stage0: full=[0.0809  0.88375], physical=[0.0809  0.88375]
solver time:  0.8595772899861913
plant_input_stage0: full=[0.06849 1.     ], physical=[0.06849 1.     ]
solver time:  0.8627688600099646
plant_input_stage0: full=[0.06007 1.     ], physical=[0.06007 1.     ]
solver time:  0.7113847910077311
plant_input_stage0: full=[0.06383 1.     ], physical=[0.06383 1.     ]
solver time:  0.932033801014768
plant_input_stage0: full=[0.06782 1.     ], physical=[0.06782 1.     ]
solver time:  0.6310237759898882
plant_input_stage0: full=[0.07131 1.     ], physical=[0.07131 1.     ]
solver time:  0.5808134140097536
plant_input_stage0: full=[0.07439 1.     ], physical=[0.07439 1.     ]
solver time:  0.5488567980064545
plant_input_stage0: full=[0.07699 1.     ], physical=[0.07699 1.     ]
solver time:  0.5969783290056512
plant_input_stage0: full=[0.07899 1.     ], physical=[0.07899 1.     ]
solver time:  0.6429689570213668
plant_input_stage0: full=[0.08036 1.     ], physical=[0.08036 1.     ]
solver time:  0.7424491530109663
plant_input_stage0: full=[0.08098 0.37215], physical=[0.08098 0.37215]
solver time:  0.7375587139977142
plant_input_stage0: full=[0.0804  0.09339], physical=[0.0804  0.09339]
solver time:  0.704799051018199
plant_input_stage0: full=[0.07954 0.061  ], physical=[0.07954 0.061  ]
solver time:  0.7362511679821182
plant_input_stage0: full=[0.07857 0.03684], physical=[0.07857 0.03684]
solver time:  0.7294557460118085
plant_input_stage0: full=[0.07757 0.01873], physical=[0.07757 0.01873]
solver time:  0.6954608930100221
plant_input_stage0: full=[ 0.10535 -0.0103 ], physical=[ 0.10535 -0.0103 ]
solver time:  0.828831037011696
plant_input_stage0: full=[ 0.10118 -0.01104], physical=[ 0.10118 -0.01104]
solver time:  0.7621280300081708
plant_input_stage0: full=[0.09629 0.03411], physical=[0.09629 0.03411]
solver time:  0.9085099859803449
plant_input_stage0: full=[0.09151 0.03195], physical=[0.09151 0.03195]
solver time:  0.9990973060193937
plant_input_stage0: full=[0.08713 0.02999], physical=[0.08713 0.02999]
solver time:  0.9660814439994283
plant_input_stage0: full=[ 0.08518 -0.11944], physical=[ 0.08518 -0.11944]
solver time:  0.8920849800051656
plant_input_stage0: full=[ 0.08568 -0.43358], physical=[ 0.08568 -0.43358]
solver time:  0.8533910829864908
plant_input_stage0: full=[ 0.08546 -0.04733], physical=[ 0.08546 -0.04733]
solver time:  0.8354649989923928
plant_input_stage0: full=[0.08677 0.62713], physical=[0.08677 0.62713]
solver time:  0.8320071909984108
plant_input_stage0: full=[0.08131 0.55549], physical=[0.08131 0.55549]
solver time:  0.9298811500193551
plant_input_stage0: full=[0.07192 1.     ], physical=[0.07192 1.     ]
solver time:  0.8224990079761483
plant_input_stage0: full=[0.07015 1.     ], physical=[0.07015 1.     ]
solver time:  0.9842040850198828
plant_input_stage0: full=[0.06706 1.     ], physical=[0.06706 1.     ]
solver time:  0.8870250170002691
plant_input_stage0: full=[0.06283 1.     ], physical=[0.06283 1.     ]
solver time:  0.8545139190100599
plant_input_stage0: full=[0.06067 1.     ], physical=[0.06067 1.     ]
solver time:  0.8359796939766966
plant_input_stage0: full=[0.07078 1.     ], physical=[0.07078 1.     ]
solver time:  0.7252736369846389
plant_input_stage0: full=[0.08866 1.     ], physical=[0.08866 1.     ]
solver time:  0.5733607080182992
plant_input_stage0: full=[0.08569 1.     ], physical=[0.08569 1.     ]
solver time:  0.576709545974154
plant_input_stage0: full=[0.08522 1.     ], physical=[0.08522 1.     ]
solver time:  0.5600180250185076
plant_input_stage0: full=[0.08585 0.22415], physical=[0.08585 0.22415]
solver time:  0.5636755780142266
plant_input_stage0: full=[ 0.08586 -0.03963], physical=[ 0.08586 -0.03963]
solver time:  0.5839899360144045
plant_input_stage0: full=[ 0.08584 -0.03713], physical=[ 0.08584 -0.03713]
solver time:  0.5662810810026713
plant_input_stage0: full=[ 0.08581 -0.03282], physical=[ 0.08581 -0.03282]
solver time:  0.5612540479924064
plant_input_stage0: full=[ 0.08564 -0.04614], physical=[ 0.08564 -0.04614]
solver time:  0.5762892780185211
plant_input_stage0: full=[ 0.08529 -0.05479], physical=[ 0.08529 -0.05479]
solver time:  0.5933266410138458
plant_input_stage0: full=[ 0.08481 -0.0536 ], physical=[ 0.08481 -0.0536 ]
solver time:  0.5275344190013129
plant_input_stage0: full=[ 0.08418 -0.05078], physical=[ 0.08418 -0.05078]
solver time:  0.49846767299459316
plant_input_stage0: full=[ 0.08342 -0.04959], physical=[ 0.08342 -0.04959]
solver time:  0.48815624599228613
plant_input_stage0: full=[ 0.08258 -0.02207], physical=[ 0.08258 -0.02207]
solver time:  0.4922586669854354
plant_input_stage0: full=[0.08164 0.05248], physical=[0.08164 0.05248]
solver time:  0.5012173230061308
plant_input_stage0: full=[0.08072 0.10156], physical=[0.08072 0.10156]
solver time:  0.5109182999876793
plant_input_stage0: full=[0.07969 0.13105], physical=[0.07969 0.13105]
solver time:  0.5131494020170067
plant_input_stage0: full=[0.07873 0.14718], physical=[0.07873 0.14718]
solver time:  0.5349641859938856
plant_input_stage0: full=[0.07757 0.15298], physical=[0.07757 0.15298]
solver time:  0.5051061139965896
plant_input_stage0: full=[0.07635 0.1524 ], physical=[0.07635 0.1524 ]
